race_id,日付,レース,馬名,馬番,枠,騎手,斤量,実着順,着順1,人気1,場1,レース名1,着順2,人気2,場2,レース名2,着順3,人気3,場3,レース名3,着順4,人気4,場4,レース名4,着順5,人気5,場5,レース名5,単勝オッズ,人気,オッズ更新日時,source,_date,AREru指数,因子_performance,因子_upset,因子_consistency,因子_trend,因子_value,因子_context,理由
202601010301,2026-08-01,1,アトラップモア,8.0,6.0,佐々木,55.0,,,,,,,,,,,,,,,,,,,,,,15.8,7.0,2026-08-01 04:55:04,jra,2026-08-01,36.0,35.0,35.0,35.0,35.0,35.0,45.0,履歴少
202601010301,2026-08-01,1,アルデバローズ,2.0,2.0,丹内,55.0,,7.0,8.0,3東京5,3歳未勝利,4.0,11.0,3東京3,3歳未勝利,11.0,8.0,2東京7,3歳未勝利,8.0,6.0,1中山7,3歳未勝利,11.0,2.0,4東京9,2歳未勝利,7.0,4.0,2026-08-01 04:55:04,jra,2026-08-01,47.79,47.2,51.6,24.9,59.0,54.4,45.0,履歴少
202607020301,2026-08-01,1,アーデルボーデン,7.0,7.0,岩田望,55.0,,2.0,7.0,2小倉4,2歳新馬,,,,,,,,,,,,,,,,,6.3,4.0,2026-08-01 04:35:19,jra,2026-08-01,45.18,49.9,48.3,36.3,40.6,42.0,45.0,履歴少 / サンプル少
202604020301,2026-08-01,1,エストレアボニータ,10.0,8.0,△石神道,53.0,,3.0,7.0,2福島4,2歳新馬,,,,,,,,,,,,,,,,,2.6,1.0,2026-08-01 04:45:34,jra,2026-08-01,44.32,48.1,46.8,36.3,40.6,42.0,45.0,履歴少 / サンプル少
202604020301,2026-08-01,1,エバーメテオ,11.0,8.0,▲上里,52.0,,10.0,4.0,2福島1,2歳新馬,,,,,,,,,,,,,,,,,22.8,9.0,2026-08-01 04:45:34,jra,2026-08-01,35.26,35.8,31.4,29.6,40.6,34.0,45.0,履歴少 / サンプル少
202604020301,2026-08-01,1,エレガントステップ,3.0,3.0,柴田大,55.0,,11.0,9.0,2福島4,2歳新馬,,,,,,,,,,,,,,,,,68.3,11.0,2026-08-01 04:45:34,jra,2026-08-01,36.86,34.0,37.6,29.6,40.6,38.4,45.0,履歴少 / サンプル少
202607020301,2026-08-01,1,オスカーレイア,3.0,3.0,幸,55.0,,2.0,7.0,3阪神4,2歳新馬,,,,,,,,,,,,,,,,,3.1,1.0,2026-08-01 04:35:19,jra,2026-08-01,45.18,49.9,48.3,36.3,40.6,42.0,45.0,履歴少 / サンプル少
202607020301,2026-08-01,1,クラリスバローズ,10.0,8.0,団野,55.0,,4.0,3.0,2小倉5,2歳新馬,,,,,,,,,,,,,,,,,18.4,6.0,2026-08-01 04:35:19,jra,2026-08-01,41.64,46.4,39.1,36.3,40.6,39.5,45.0,履歴少 / サンプル少
202604020301,2026-08-01,1,クールストラッチン,8.0,7.0,菊沢,55.0,,9.0,7.0,1函館1,2歳新馬,,,,,,,,,,,,,,,,,5.7,3.0,2026-08-01 04:45:34,jra,2026-08-01,37.85,37.6,37.6,29.6,40.6,38.4,45.0,履歴少 / サンプル少
202601010301,2026-08-01,1,コシタンタン,9.0,7.0,★河原田,51.0,,4.0,6.0,1函館11,3歳未勝利,6.0,8.0,1函館6,3歳未勝利,9.0,8.0,1函館2,3歳未勝利,6.0,8.0,1小倉4,3歳新馬,,,,,15.8,8.0,2026-08-01 04:55:04,jra,2026-08-01,56.9,60.1,59.4,30.4,68.0,67.9,45.0,履歴少 / 近走上向き / 過小評価傾向 / 市場オッズ妙味
202604020301,2026-08-01,1,コスモルトチェコ,2.0,2.0,丸田,55.0,,6.0,15.0,2福島8,2歳新馬,,,,,,,,,,,,,,,,,22.6,8.0,2026-08-01 04:45:34,jra,2026-08-01,43.2,42.8,51.6,29.6,40.6,42.0,45.0,履歴少 / サンプル少
202607020301,2026-08-01,1,サイモンレガシー,8.0,7.0,川田,55.0,,3.0,4.0,2小倉6,2歳新馬,,,,,,,,,,,,,,,,,4.3,3.0,2026-08-01 04:35:19,jra,2026-08-01,43.18,48.1,42.2,36.3,40.6,41.7,45.0,履歴少 / サンプル少
202604020301,2026-08-01,1,サザンキンレンカ,5.0,5.0,丸山,55.0,,7.0,13.0,2新潟1,2歳新馬,,,,,,,,,,,,,,,,,41.9,10.0,2026-08-01 04:45:34,jra,2026-08-01,42.29,41.1,49.9,29.6,40.6,42.0,45.0,履歴少 / サンプル少
202601010301,2026-08-01,1,サンタクローチェ,10.0,7.0,荻野琢,55.0,,7.0,9.0,1函館5,3歳未勝利,10.0,5.0,1福島1,3歳未勝利,16.0,9.0,5中京1,2歳未勝利,9.0,3.0,3京都7,2歳未勝利,12.0,5.0,3京都4,2歳未勝利,44.0,11.0,2026-08-01 04:55:04,jra,2026-08-01,33.82,29.3,24.7,0.0,78.5,41.3,45.0,履歴少 / 近走上向き / 市場オッズ妙味
202601010301,2026-08-01,1,サンライズロイ,1.0,1.0,☆舟山,56.0,,3.0,4.0,1函館10,3歳未勝利,4.0,6.0,3阪神5,3歳未勝利,5.0,3.0,1新潟7,3歳未勝利,4.0,5.0,3京都3,3歳未勝利,2.0,8.0,1福島3,3歳未勝利,4.8,2.0,2026-08-01 04:55:04,jra,2026-08-01,67.66,78.5,58.2,100.0,54.5,61.9,45.0,履歴少 / 安定感
202607020301,2026-08-01,1,シャインラブ,2.0,2.0,西村淳,55.0,,4.0,8.0,2福島5,2歳未勝利,4.0,4.0,3阪神1,2歳新馬,,,,,,,,,,,,,6.4,5.0,2026-08-01 04:35:19,jra,2026-08-01,53.66,59.8,54.0,48.4,45.5,58.6,45.0,履歴少 / サンプル少
202601010301,2026-08-01,1,ジャーナーリア,11.0,8.0,池添,57.0,,2.0,1.0,1函館12,3歳未勝利,,,1函館6,3歳未勝利,5.0,2.0,1函館1,3歳未勝利,3.0,1.0,1新潟7,3歳未勝利,2.0,4.0,3京都5,3歳未勝利,4.8,3.0,2026-08-01 04:55:04,jra,2026-08-01,61.31,84.1,40.8,75.1,58.0,53.4,45.0,履歴少 / 安定感
202604020301,2026-08-01,1,スペシャルサンクス,9.0,7.0,嶋田,55.0,,3.0,9.0,2福島2,2歳新馬,,,,,,,,,,,,,,,,,4.4,2.0,2026-08-01 04:45:34,jra,2026-08-01,45.06,48.1,49.9,36.3,40.6,42.0,45.0,履歴少 / サンプル少
202604020301,2026-08-01,1,セイリュウ,1.0,1.0,木幡巧,55.0,,2.0,2.0,2福島5,2歳新馬,,,,,,,,,,,,,,,,,6.6,4.0,2026-08-01 04:45:34,jra,2026-08-01,43.15,49.9,40.6,36.3,40.6,40.6,45.0,履歴少 / サンプル少
202607020301,2026-08-01,1,ディーヴァレギオン,9.0,8.0,吉村,55.0,,6.0,3.0,3阪神3,2歳新馬,,,,,,,,,,,,,,,,,65.4,10.0,2026-08-01 04:35:19,jra,2026-08-01,38.8,42.8,36.0,29.6,40.6,37.3,45.0,履歴少 / サンプル少
202601010301,2026-08-01,1,ドリームガッサン,7.0,6.0,▲小林美,52.0,,2.0,1.0,1函館11,3歳未勝利,3.0,3.0,1函館5,3歳未勝利,6.0,2.0,1新潟4,3歳未勝利,2.0,5.0,1福島6,3歳未勝利,7.0,6.0,2中山1,3歳未勝利,3.5,1.0,2026-08-01 04:55:04,jra,2026-08-01,61.16,79.6,44.7,69.9,65.0,53.4,45.0,履歴少 / 近走上向き / 安定感
202604020301,2026-08-01,1,ドリームユー,7.0,6.0,杉原,55.0,,11.0,11.0,2福島8,2歳新馬,,,,,,,,,,,,,,,,,20.1,6.0,2026-08-01 04:45:34,jra,2026-08-01,37.91,34.0,40.6,29.6,40.6,40.6,45.0,履歴少 / サンプル少
202601010301,2026-08-01,1,ナブッコ,3.0,3.0,横山武,57.0,,3.0,7.0,2小倉6,3歳未勝利,4.0,1.0,名古屋,名古屋CCメロン賞(3歳),6.0,3.0,2阪神8,3歳未勝利,2.0,4.0,2阪神2,3歳未勝利,9.0,10.0,2京都5,3歳未勝利,9.4,5.0,2026-08-01 04:55:04,jra,2026-08-01,58.57,63.1,54.8,56.2,63.5,60.2,49.8,頭数減経験
202601010301,2026-08-01,1,ヒューザー,6.0,5.0,▲和田陽,54.0,,5.0,9.0,1函館10,3歳未勝利,5.0,8.0,1函館2,3歳未勝利,8.0,13.0,1福島1,3歳未勝利,18.0,18.0,1京都5,3歳未勝利,13.0,6.0,4阪神1,2歳新馬,20.9,9.0,2026-08-01 04:55:04,jra,2026-08-01,58.62,46.7,65.6,55.3,86.0,59.5,45.0,履歴少 / 人気以上に走る傾向 / 近走上向き / 市場オッズ妙味
202601010301,2026-08-01,1,フェアリーキャット,5.0,5.0,◇古川奈,53.0,,6.0,12.0,2東京11,3歳未勝利,7.0,9.0,1新潟5,3歳未勝利,14.0,16.0,1東京2,3歳新馬,,,,,,,,,12.7,6.0,2026-08-01 04:55:04,jra,2026-08-01,53.49,41.6,75.3,0.0,77.0,71.7,45.0,履歴少 / 人気以上に走る傾向 / 近走上向き / 過小評価傾向
202607020301,2026-08-01,1,フェーエンハフト,6.0,6.0,田口,55.0,,5.0,6.0,2小倉6,2歳新馬,,,,,,,,,,,,,,,,,44.2,9.0,2026-08-01 04:35:19,jra,2026-08-01,42.19,44.6,42.2,36.3,40.6,41.7,45.0,履歴少 / サンプル少
202604020301,2026-08-01,1,フォーエバーブルー,4.0,4.0,◇今村,53.0,,7.0,8.0,3東京3,2歳新馬,,,,,,,,,,,,,,,,,9.6,5.0,2026-08-01 04:45:34,jra,2026-08-01,40.4,41.1,42.2,29.6,40.6,41.7,45.0,履歴少 / サンプル少
202604020301,2026-08-01,1,ブレイヴアーサー,6.0,6.0,三浦,55.0,,10.0,4.0,1函館4,2歳新馬,,,,,,,,,,,,,,,,,22.5,7.0,2026-08-01 04:45:34,jra,2026-08-01,35.26,35.8,31.4,29.6,40.6,34.0,45.0,履歴少 / サンプル少
202601010301,2026-08-01,1,ペイシャクロス,4.0,4.0,☆長浜,54.0,,3.0,9.0,1函館11,3歳未勝利,8.0,6.0,1函館8,3歳未勝利,15.0,12.0,2東京10,3歳未勝利,7.0,10.0,1福島6,3歳未勝利,,,,,40.7,10.0,2026-08-01 04:55:04,jra,2026-08-01,55.48,49.2,59.1,30.4,92.0,59.5,45.0,履歴少 / 近走上向き / 市場オッズ妙味
202601010301,2026-08-01,1,ペルヴォルム,12.0,8.0,▲遠藤,52.0,,11.0,11.0,1小倉10,3歳未勝利,12.0,14.0,1小倉5,3歳未勝利,,,,,,,,,,,,,204.8,12.0,2026-08-01 04:55:04,jra,2026-08-01,39.16,27.0,49.0,18.0,48.8,52.4,45.0,履歴少 / サンプル少
202607020301,2026-08-01,1,メモリアデルレ,5.0,5.0,コレット,55.0,,6.0,3.0,3阪神4,2歳新馬,,,,,,,,,,,,,,,,,38.7,8.0,2026-08-01 04:35:19,jra,2026-08-01,38.8,42.8,36.0,29.6,40.6,37.3,45.0,履歴少 / サンプル少
202607020301,2026-08-01,1,ヤマニンイハナ,1.0,1.0,菱田,55.0,,4.0,12.0,2小倉4,2歳新馬,,,,,,,,,,,,,,,,,34.8,7.0,2026-08-01 04:35:19,jra,2026-08-01,44.99,46.4,51.6,36.3,40.6,42.0,45.0,履歴少 / サンプル少
202607020301,2026-08-01,1,ヴェールダムール,4.0,4.0,坂井,55.0,,9.0,3.0,2小倉4,2歳新馬,,,,,,,,,,,,,,,,,4.2,2.0,2026-08-01 04:35:19,jra,2026-08-01,35.75,37.6,31.4,29.6,40.6,34.0,45.0,履歴少 / サンプル少
202604020302,2026-08-01,2,アニエーネ,1.0,1.0,柴田大,55.0,,,,,,,,,,,,,,,,,,,,,,14.2,5.0,2026-08-01 05:15:44,jra,2026-08-01,36.0,35.0,35.0,35.0,35.0,35.0,45.0,履歴少
202607020302,2026-08-01,2,ウインクローバー,11.0,7.0,田口,55.0,,,,,,,,,,,,,,,,,,,,,,17.8,8.0,2026-08-01 05:07:44,jra,2026-08-01,36.0,35.0,35.0,35.0,35.0,35.0,45.0,履歴少
202604020302,2026-08-01,2,コスモイェーガー,4.0,4.0,菊沢,55.0,,,,,,,,,,,,,,,,,,,,,,13.5,4.0,2026-08-01 05:15:44,jra,2026-08-01,36.0,35.0,35.0,35.0,35.0,35.0,45.0,履歴少
202604020302,2026-08-01,2,シェーンリヒト,2.0,2.0,津村,55.0,,,,,,,,,,,,,,,,,,,,,,2.2,1.0,2026-08-01 05:15:44,jra,2026-08-01,36.0,35.0,35.0,35.0,35.0,35.0,45.0,履歴少
202601010302,2026-08-01,2,ジオ,6.0,6.0,丹内,55.0,,7.0,6.0,1函館10,2歳新馬,,,,,,,,,,,,,,,,,5.4,4.0,2026-08-01 04:26:44,jra,2026-08-01,39.36,41.1,39.1,29.6,40.6,39.5,45.0,履歴少 / サンプル少
202607020302,2026-08-01,2,ジュンアマンドラ,7.0,5.0,岩田望,55.0,,,,,,,,,,,,,,,,,,,,,,8.7,5.0,2026-08-01 05:07:44,jra,2026-08-01,36.0,35.0,35.0,35.0,35.0,35.0,45.0,履歴少
202607020302,2026-08-01,2,ジョリープリュム,3.0,3.0,コレット,55.0,,,,,,,,,,,,,,,,,,,,,,22.9,10.0,2026-08-01 05:07:44,jra,2026-08-01,36.0,35.0,35.0,35.0,35.0,35.0,45.0,履歴少
202601010302,2026-08-01,2,ステラルミノーザ,3.0,3.0,☆長浜,54.0,,8.0,11.0,1函館12,2歳新馬,,,,,,,,,,,,,,,,,29.4,8.0,2026-08-01 04:26:44,jra,2026-08-01,40.69,39.3,45.3,29.6,40.6,42.0,45.0,履歴少 / サンプル少
202604020302,2026-08-01,2,セイウンサイフィー,6.0,6.0,野中,55.0,,,,,,,,,,,,,,,,,,,,,,36.0,7.0,2026-08-01 05:15:44,jra,2026-08-01,36.0,35.0,35.0,35.0,35.0,35.0,45.0,履歴少
202604020302,2026-08-01,2,テングカゼ,5.0,5.0,木幡育,55.0,,,,,,,,,,,,,,,,,,,,,,82.5,8.0,2026-08-01 05:15:44,jra,2026-08-01,36.0,35.0,35.0,35.0,35.0,35.0,45.0,履歴少
202607020302,2026-08-01,2,ナムラサフラン,2.0,2.0,▲森田,52.0,,,,,,,,,,,,,,,,,,,,,,112.9,13.0,2026-08-01 05:07:44,jra,2026-08-01,36.0,35.0,35.0,35.0,35.0,35.0,45.0,履歴少
202601010302,2026-08-01,2,ニーナラルゴ,4.0,4.0,原田和,55.0,,4.0,7.0,1函館10,2歳新馬,,,,,,,,,,,,,,,,,3.7,1.0,2026-08-01 04:26:44,jra,2026-08-01,43.46,46.4,45.3,36.3,40.6,42.0,45.0,履歴少 / サンプル少
202607020302,2026-08-01,2,ノヴァーリス,4.0,4.0,坂井,55.0,,,,,,,,,,,,,,,,,,,,,,10.9,6.0,2026-08-01 05:07:44,jra,2026-08-01,36.0,35.0,35.0,35.0,35.0,35.0,45.0,履歴少
202607020302,2026-08-01,2,バティック,13.0,8.0,川田,55.0,,,,,,,,,,,,,,,,,,,,,,3.5,1.0,2026-08-01 05:07:44,jra,2026-08-01,36.0,35.0,35.0,35.0,35.0,35.0,45.0,履歴少
202601010302,2026-08-01,2,ヒアカムズザサン,1.0,1.0,佐々木,55.0,,12.0,7.0,1函館12,2歳新馬,,,,,,,,,,,,,,,,,11.1,5.0,2026-08-01 04:26:44,jra,2026-08-01,34.8,32.3,32.9,29.6,40.6,35.1,45.0,履歴少 / サンプル少
202604020302,2026-08-01,2,ピュアレスト,7.0,7.0,三浦,55.0,,,,,,,,,,,,,,,,,,,,,,4.3,3.0,2026-08-01 05:15:44,jra,2026-08-01,36.0,35.0,35.0,35.0,35.0,35.0,45.0,履歴少
202601010302,2026-08-01,2,ブライトシーン,7.0,7.0,▲遠藤,52.0,,12.0,14.0,2福島4,2歳新馬,,,,,,,,,,,,,,,,,31.9,9.0,2026-08-01 04:26:44,jra,2026-08-01,38.34,32.3,43.7,29.6,40.6,42.0,45.0,履歴少 / サンプル少
202601010302,2026-08-01,2,ブラッグス,9.0,8.0,北村友,55.0,,6.0,3.0,1函館10,2歳新馬,,,,,,,,,,,,,,,,,4.4,3.0,2026-08-01 04:26:44,jra,2026-08-01,38.8,42.8,36.0,29.6,40.6,37.3,45.0,履歴少 / サンプル少
202601010302,2026-08-01,2,ブルーリボン,8.0,8.0,▲小林美,52.0,,9.0,12.0,2福島6,2歳新馬,,,,,,,,,,,,,,,,,11.9,6.0,2026-08-01 04:26:44,jra,2026-08-01,40.19,37.6,45.3,29.6,40.6,42.0,45.0,履歴少 / サンプル少
202607020302,2026-08-01,2,プレシャスローズ,5.0,4.0,西塚,55.0,,,,,,,,,,,,,,,,,,,,,,29.1,11.0,2026-08-01 05:07:44,jra,2026-08-01,36.0,35.0,35.0,35.0,35.0,35.0,45.0,履歴少
202607020302,2026-08-01,2,ベニバナ,6.0,5.0,☆田山,54.0,,,,,,,,,,,,,,,,,,,,,,8.1,4.0,2026-08-01 05:07:44,jra,2026-08-01,36.0,35.0,35.0,35.0,35.0,35.0,45.0,履歴少
202604020302,2026-08-01,2,ホウオウモノポリー,3.0,3.0,戸崎圭,55.0,,,,,,,,,,,,,,,,,,,,,,2.6,2.0,2026-08-01 05:15:44,jra,2026-08-01,36.0,35.0,35.0,35.0,35.0,35.0,45.0,履歴少
202604020302,2026-08-01,2,マイネルサリーレ,8.0,8.0,石橋脩,55.0,,,,,,,,,,,,,,,,,,,,,,34.0,6.0,2026-08-01 05:15:44,jra,2026-08-01,36.0,35.0,35.0,35.0,35.0,35.0,45.0,履歴少
202601010302,2026-08-01,2,マイネルリコルディ,2.0,2.0,斎藤,55.0,,6.0,7.0,2福島5,2歳未勝利,6.0,8.0,3東京6,2歳新馬,,,,,,,,,,,,,3.8,2.0,2026-08-01 04:26:44,jra,2026-08-01,46.42,51.0,51.1,18.0,45.5,55.4,45.0,履歴少 / サンプル少
202607020302,2026-08-01,2,マッセート,9.0,6.0,幸,55.0,,,,,,,,,,,,,,,,,,,,,,15.7,7.0,2026-08-01 05:07:44,jra,2026-08-01,36.0,35.0,35.0,35.0,35.0,35.0,45.0,履歴少
202607020302,2026-08-01,2,マーゴットユーカー,12.0,8.0,団野,55.0,,,,,,,,,,,,,,,,,,,,,,4.6,2.0,2026-08-01 05:07:44,jra,2026-08-01,36.0,35.0,35.0,35.0,35.0,35.0,45.0,履歴少
202607020302,2026-08-01,2,ミール,1.0,1.0,吉村,55.0,,,,,,,,,,,,,,,,,,,,,,60.2,12.0,2026-08-01 05:07:44,jra,2026-08-01,36.0,35.0,35.0,35.0,35.0,35.0,45.0,履歴少
202607020302,2026-08-01,2,ラムラベイ,8.0,6.0,松若,55.0,,,,,,,,,,,,,,,,,,,,,,6.2,3.0,2026-08-01 05:07:44,jra,2026-08-01,36.0,35.0,35.0,35.0,35.0,35.0,45.0,履歴少
202601010302,2026-08-01,2,ロードレスポンス,5.0,5.0,横山和,55.0,,5.0,4.0,1函館11,2歳未勝利,7.0,9.0,1函館1,2歳新馬,,,,,,,,,,,,,13.3,7.0,2026-08-01 04:26:44,jra,2026-08-01,48.82,51.4,46.9,34.7,52.1,59.0,45.0,履歴少 / サンプル少 / 市場オッズ妙味
202607020302,2026-08-01,2,ヴァニーユ,10.0,7.0,西村淳,55.0,,,,,,,,,,,,,,,,,,,,,,22.2,9.0,2026-08-01 05:07:44,jra,2026-08-01,36.0,35.0,35.0,35.0,35.0,35.0,45.0,履歴少
202607020303,2026-08-01,3,アイルドゥレーヴェ,7.0,4.0,☆田山,56.0,,6.0,7.0,3阪神5,3歳未勝利,4.0,7.0,3阪神3,3歳未勝利,6.0,10.0,1新潟2,3歳未勝利,11.0,8.0,1阪神2,3歳新馬,,,,,16.3,6.0,2026-08-01 04:35:24,jra,2026-08-01,54.3,57.9,61.0,24.9,56.0,65.9,45.0,履歴少 / 過小評価傾向 / 市場オッズ妙味
202601010303,2026-08-01,3,アズライトアスール,3.0,3.0,佐々木,57.0,,8.0,12.0,2小倉5,3歳未勝利,15.0,16.0,3京都10,3歳未勝利,11.0,13.0,1阪神5,3歳未勝利,15.0,14.0,1小倉8,3歳未勝利,12.0,12.0,5阪神1,2歳未勝利,48.0,9.0,2026-08-01 04:55:59,jra,2026-08-01,42.79,18.6,62.0,0.0,81.5,60.2,45.0,履歴少 / 近走上向き / 市場オッズ妙味
202601010303,2026-08-01,3,アルジェンタム,5.0,5.0,横山和,57.0,,16.0,1.0,3阪神4,3歳未勝利,2.0,6.0,3京都9,3歳未勝利,,,,,,,,,,,,,3.2,1.0,2026-08-01 04:55:59,jra,2026-08-01,32.77,40.8,20.7,31.7,18.0,42.2,45.0,履歴少 / サンプル少
202601010303,2026-08-01,3,アンタレス,9.0,7.0,▲和田陽,54.0,,18.0,12.0,3京都11,3歳未勝利,12.0,12.0,1阪神7,3歳未勝利,5.0,6.0,高知,室戸盃(3歳),11.0,9.0,5中山3,2歳新馬,,,,,53.3,10.0,2026-08-01 04:55:59,jra,2026-08-01,24.2,13.3,34.2,8.9,0.0,47.8,45.0,履歴少
202607020303,2026-08-01,3,アージュドール,1.0,1.0,松若,57.0,,4.0,7.0,2小倉6,3歳未勝利,9.0,13.0,3阪神5,3歳未勝利,7.0,14.0,3京都7,3歳未勝利,12.0,16.0,3京都6,3歳未勝利,12.0,10.0,3中山7,3歳未勝利,23.4,8.0,2026-08-01 04:35:24,jra,2026-08-01,58.39,45.3,75.7,30.4,86.0,66.7,42.3,前走人気以上 / 人気以上に走る傾向 / 近走上向き / 過小評価傾向
202604020303,2026-08-01,3,ウィルステート,11.0,6.0,石川,55.0,,,,,,,,,,,,,,,,,,,,,,7.2,4.0,2026-08-01 04:47:14,jra,2026-08-01,36.0,35.0,35.0,35.0,35.0,35.0,45.0,履歴少
202607020303,2026-08-01,3,ウェイヴムーン,2.0,1.0,田口,57.0,,13.0,6.0,3阪神2,3歳未勝利,4.0,3.0,1新潟5,3歳未勝利,4.0,6.0,2東京1,3歳未勝利,9.0,10.0,1阪神5,3歳未勝利,5.0,3.0,2京都5,3歳新馬,9.4,3.0,2026-08-01 04:35:24,jra,2026-08-01,41.26,47.5,35.7,55.0,5.0,55.0,45.0,履歴少
202601010303,2026-08-01,3,エボニードール,2.0,2.0,☆舟山,54.0,,6.0,10.0,1中京4,3歳未勝利,12.0,10.0,1阪神6,3歳未勝利,9.0,9.0,1小倉9,3歳未勝利,9.0,7.0,5阪神3,2歳未勝利,11.0,6.0,4京都5,2歳未勝利,28.5,8.0,2026-08-01 04:55:59,jra,2026-08-01,42.82,35.7,49.4,0.0,75.5,53.0,45.0,履歴少 / 近走上向き / 市場オッズ妙味
202607020303,2026-08-01,3,グリミスティ,14.0,7.0,菱田,55.0,,9.0,8.0,2小倉8,3歳未勝利,5.0,11.0,2小倉2,3歳未勝利,10.0,6.0,3京都8,3歳未勝利,5.0,11.0,1福島5,3歳未勝利,17.0,11.0,1小倉7,3歳未勝利,112.4,16.0,2026-08-01 04:35:24,jra,2026-08-01,48.24,43.3,54.6,39.5,51.5,54.1,45.0,履歴少
202601010303,2026-08-01,3,コーリンクレア,4.0,4.0,小沢,55.0,,7.0,3.0,1函館10,3歳未勝利,7.0,8.0,1函館5,3歳未勝利,4.0,7.0,3東京1,3歳未勝利,10.0,1.0,2東京8,3歳未勝利,4.0,9.0,2東京3,3歳未勝利,15.2,6.0,2026-08-01 04:55:59,jra,2026-08-01,47.46,55.7,41.8,30.1,45.5,59.0,45.0,履歴少 / 市場オッズ妙味
202607020303,2026-08-01,3,ゴリョウセイ,6.0,3.0,コレット,57.0,,5.0,7.0,2小倉6,3歳未勝利,11.0,14.0,3阪神5,3歳未勝利,13.0,5.0,1阪神3,3歳未勝利,11.0,6.0,1小倉5,3歳未勝利,2.0,6.0,5阪神3,2歳未勝利,8.5,2.0,2026-08-01 04:35:24,jra,2026-08-01,48.61,38.9,46.2,40.7,75.5,56.5,47.8,前走人気以上 / 近走上向き
202607020303,2026-08-01,3,ゴールドアベニュー,12.0,6.0,酒井,55.0,,13.0,11.0,2小倉5,3歳未勝利,7.0,6.0,1新潟1,3歳未勝利,6.0,12.0,1福島1,3歳未勝利,,,,,,,,,62.8,11.0,2026-08-01 04:35:24,jra,2026-08-01,36.21,34.7,53.1,0.0,11.0,56.8,45.0,履歴少
202604020303,2026-08-01,3,サイモンオリエント,14.0,7.0,△石神道,53.0,,,,,,,,,,,,,,,,,,,,,,24.4,9.0,2026-08-01 04:47:14,jra,2026-08-01,36.0,35.0,35.0,35.0,35.0,35.0,45.0,履歴少
202607020303,2026-08-01,3,サトノライトニング,13.0,7.0,川須,57.0,,11.0,9.0,2小倉8,3歳未勝利,,,,,,,,,,,,,,,,,107.1,15.0,2026-08-01 04:35:24,jra,2026-08-01,36.86,34.0,37.6,29.6,40.6,38.4,45.0,履歴少 / サンプル少
202607020303,2026-08-01,3,シェーネエルデ,16.0,8.0,Ｍデムーロ,55.0,,11.0,8.0,3阪神2,3歳未勝利,9.0,9.0,1新潟5,3歳未勝利,7.0,5.0,4京都1,2歳新馬,,,,,,,,,42.1,9.0,2026-08-01 04:35:24,jra,2026-08-01,33.98,33.7,37.8,0.0,32.0,50.9,45.0,履歴少 / 市場オッズ妙味
202607020303,2026-08-01,3,シャリキモン,10.0,5.0,角田和,57.0,,4.0,3.0,2小倉3,3歳未勝利,4.0,4.0,3京都10,3歳未勝利,3.0,10.0,3京都6,3歳未勝利,6.0,7.0,2阪神5,3歳未勝利,11.0,4.0,1阪神1,3歳未勝利,12.4,4.0,2026-08-01 04:35:24,jra,2026-08-01,61.74,69.5,53.5,75.1,62.0,60.7,45.0,履歴少 / 安定感 / 市場オッズ妙味
202607020303,2026-08-01,3,スーパービジー,3.0,2.0,幸,57.0,,7.0,8.0,2小倉6,3歳未勝利,10.0,10.0,3阪神4,3歳未勝利,6.0,7.0,3京都3,3歳未勝利,9.0,16.0,2阪神7,3歳未勝利,9.0,7.0,5阪神1,2歳未勝利,51.1,10.0,2026-08-01 04:35:24,jra,2026-08-01,45.86,43.6,59.2,0.0,59.0,58.1,42.3,総合評価
202604020303,2026-08-01,3,セイカタカキヤチク,16.0,8.0,木幡巧,55.0,,,,,,,,,,,,,,,,,,,,,,47.2,14.0,2026-08-01 04:47:14,jra,2026-08-01,36.0,35.0,35.0,35.0,35.0,35.0,45.0,履歴少
202601010303,2026-08-01,3,セブンワンダーズ,10.0,8.0,斎藤,57.0,,13.0,4.0,2福島5,3歳未勝利,5.0,3.0,1新潟8,3歳未勝利,2.0,7.0,1新潟3,3歳未勝利,6.0,3.0,1福島5,3歳未勝利,7.0,5.0,2中山5,3歳未勝利,6.2,4.0,2026-08-01 04:55:59,jra,2026-08-01,38.46,50.5,29.8,44.7,2.0,50.6,45.0,履歴少
202607020303,2026-08-01,3,ソルアモール,8.0,4.0,団野,55.0,,5.0,7.0,2小倉5,3歳未勝利,3.0,8.0,2小倉1,3歳未勝利,8.0,6.0,3阪神1,3歳未勝利,3.0,11.0,3京都10,3歳未勝利,13.0,6.0,1小倉7,3歳未勝利,15.2,5.0,2026-08-01 04:35:24,jra,2026-08-01,62.14,63.0,63.3,69.9,60.5,65.5,45.0,履歴少 / 安定感 / 過小評価傾向 / 市場オッズ妙味
202607020303,2026-08-01,3,チェファルー,11.0,6.0,岩田望,57.0,,2.0,1.0,2小倉6,3歳未勝利,3.0,1.0,2阪神2,3歳未勝利,4.0,4.0,1阪神7,3歳未勝利,,,,,,,,,1.6,1.0,2026-08-01 04:35:24,jra,2026-08-01,65.09,85.1,42.5,75.1,59.0,48.8,81.3,芝適性 / 阪神実績 / 距離適性 / 頭数減経験
202604020303,2026-08-01,3,ティーシュペランサ,9.0,5.0,田辺,55.0,,,,,,,,,,,,,,,,,,,,,,22.3,8.0,2026-08-01 04:47:14,jra,2026-08-01,36.0,35.0,35.0,35.0,35.0,35.0,45.0,履歴少
202604020303,2026-08-01,3,ニシノアトール,2.0,1.0,杉原,55.0,,,,,,,,,,,,,,,,,,,,,,10.4,5.0,2026-08-01 04:47:14,jra,2026-08-01,36.0,35.0,35.0,35.0,35.0,35.0,45.0,履歴少
202604020303,2026-08-01,3,ニシノタカオ,10.0,5.0,野中,55.0,,,,,,,,,,,,,,,,,,,,,,35.8,11.0,2026-08-01 04:47:14,jra,2026-08-01,36.0,35.0,35.0,35.0,35.0,35.0,45.0,履歴少
202604020303,2026-08-01,3,ノワールブレイブ,5.0,3.0,▲石田,52.0,,,,,,,,,,,,,,,,,,,,,,66.6,15.0,2026-08-01 04:47:14,jra,2026-08-01,36.0,35.0,35.0,35.0,35.0,35.0,45.0,履歴少
202604020303,2026-08-01,3,ノーセット,13.0,7.0,三浦,55.0,,,,,,,,,,,,,,,,,,,,,,6.8,3.0,2026-08-01 04:47:14,jra,2026-08-01,36.0,35.0,35.0,35.0,35.0,35.0,45.0,履歴少
202601010303,2026-08-01,3,ハイテイラオユエ,6.0,6.0,横山武,57.0,,2.0,4.0,1函館10,3歳未勝利,4.0,7.0,3東京4,3歳未勝利,5.0,11.0,2東京9,3歳未勝利,9.0,8.0,1新潟4,3歳未勝利,10.0,13.0,5東京2,2歳新馬,5.6,3.0,2026-08-01 04:55:59,jra,2026-08-01,68.04,68.5,68.9,75.1,80.0,65.8,45.0,履歴少 / 人気以上に走る傾向 / 近走上向き / 安定感
202601010303,2026-08-01,3,バンダムソレール,11.0,8.0,★河原田,53.0,,2.0,10.0,1函館11,3歳未勝利,5.0,5.0,2小倉2,3歳未勝利,6.0,7.0,1新潟1,3歳未勝利,5.0,4.0,3中山6,3歳未勝利,4.0,6.0,2阪神1,3歳未勝利,6.6,5.0,2026-08-01 04:55:59,jra,2026-08-01,68.71,74.5,68.8,80.2,68.0,64.5,45.0,履歴少 / 人気以上に走る傾向 / 近走上向き / 安定感
202607020303,2026-08-01,3,パンキー,5.0,3.0,西村淳,57.0,,9.0,5.0,1函館8,3歳未勝利,10.0,3.0,1函館4,3歳未勝利,3.0,1.0,2阪神1,3歳未勝利,3.0,12.0,1中京1,3歳未勝利,4.0,9.0,4阪神7,2歳新馬,21.0,7.0,2026-08-01 04:35:24,jra,2026-08-01,45.69,54.6,39.3,44.7,26.0,56.9,45.0,履歴少 / 市場オッズ妙味
202604020303,2026-08-01,3,ビーズスティンガー,17.0,8.0,原,55.0,,,,,,,,,,,,,,,,,,,,,,45.6,13.0,2026-08-01 04:47:14,jra,2026-08-01,36.0,35.0,35.0,35.0,35.0,35.0,45.0,履歴少
202604020303,2026-08-01,3,フジサンインフレ,4.0,2.0,石橋脩,55.0,,,,,,,,,,,,,,,,,,,,,,95.9,16.0,2026-08-01 04:47:14,jra,2026-08-01,36.0,35.0,35.0,35.0,35.0,35.0,45.0,履歴少
202601010303,2026-08-01,3,ブルーアンビエンス,1.0,1.0,黛,57.0,,7.0,10.0,3東京2,3歳未勝利,5.0,6.0,浦和,ツイントップ特別(3歳),12.0,6.0,3中山4,3歳未勝利,12.0,12.0,1小倉5,3歳未勝利,13.0,16.0,1小倉1,3歳新馬,100.7,11.0,2026-08-01 04:55:59,jra,2026-08-01,43.09,30.2,51.3,14.5,71.0,54.1,45.0,履歴少 / 近走上向き
202604020303,2026-08-01,3,ボーデコール,3.0,2.0,津村,55.0,,,,,,,,,,,,,,,,,,,,,,3.9,1.0,2026-08-01 04:47:14,jra,2026-08-01,36.0,35.0,35.0,35.0,35.0,35.0,45.0,履歴少
202601010303,2026-08-01,3,マクローリン,7.0,6.0,▲小林美,54.0,,5.0,10.0,1札幌1,3歳未勝利,13.0,15.0,3阪神4,3歳未勝利,7.0,9.0,3京都11,3歳未勝利,5.0,8.0,1新潟3,3歳未勝利,8.0,10.0,2東京2,3歳未勝利,17.8,7.0,2026-08-01 04:55:59,jra,2026-08-01,58.36,46.4,71.4,45.0,69.5,71.3,45.0,履歴少 / 人気以上に走る傾向 / 近走上向き / 過小評価傾向
202604020303,2026-08-01,3,マルスフィス,12.0,6.0,岩田康,55.0,,,,,,,,,,,,,,,,,,,,,,26.7,10.0,2026-08-01 04:47:14,jra,2026-08-01,36.0,35.0,35.0,35.0,35.0,35.0,45.0,履歴少
202607020303,2026-08-01,3,メイショウユウゲン,9.0,5.0,▲森田,54.0,,7.0,12.0,2小倉8,3歳未勝利,8.0,15.0,2小倉2,3歳未勝利,13.0,13.0,3京都7,3歳未勝利,11.0,8.0,1阪神2,3歳未勝利,15.0,6.0,2京都3,3歳新馬,102.3,14.0,2026-08-01 04:35:24,jra,2026-08-01,45.13,30.5,63.3,0.0,78.5,53.5,45.0,履歴少 / 近走上向き
202604020303,2026-08-01,3,ラスティレッド,1.0,1.0,◇今村,53.0,,,,,,,,,,,,,,,,,,,,,,10.6,6.0,2026-08-01 04:47:14,jra,2026-08-01,36.0,35.0,35.0,35.0,35.0,35.0,45.0,履歴少
202604020303,2026-08-01,3,ラフエルガ,6.0,3.0,荻野極,55.0,,,,,,,,,,,,,,,,,,,,,,5.2,2.0,2026-08-01 04:47:14,jra,2026-08-01,36.0,35.0,35.0,35.0,35.0,35.0,45.0,履歴少
202604020303,2026-08-01,3,ランドフォートレス,8.0,4.0,大野,55.0,,,,,,,,,,,,,,,,,,,,,,39.1,12.0,2026-08-01 04:47:14,jra,2026-08-01,36.0,35.0,35.0,35.0,35.0,35.0,45.0,履歴少
202604020303,2026-08-01,3,ラヴトリガー,15.0,7.0,吉田豊,55.0,,,,,,,,,,,,,,,,,,,,,,122.1,18.0,2026-08-01 04:47:14,jra,2026-08-01,36.0,35.0,35.0,35.0,35.0,35.0,45.0,履歴少
202601010303,2026-08-01,3,リテラシー,8.0,7.0,松本,57.0,,3.0,6.0,2小倉7,3歳未勝利,10.0,11.0,1新潟7,3歳未勝利,,,,,,,,,,,,,3.9,2.0,2026-08-01 04:55:59,jra,2026-08-01,51.75,50.3,53.6,34.7,68.6,56.4,45.0,履歴少 / サンプル少 / 近走上向き
202607020303,2026-08-01,3,レッドジルベスター,15.0,8.0,西塚,57.0,,13.0,14.0,3阪神5,3歳未勝利,14.0,10.0,1福島3,3歳未勝利,8.0,7.0,1阪神2,3歳新馬,,,,,,,,,96.9,13.0,2026-08-01 04:35:24,jra,2026-08-01,29.65,13.2,41.7,0.0,38.0,49.2,45.0,履歴少
202607020303,2026-08-01,3,ヴィーラー,4.0,2.0,富田,55.0,,6.0,8.0,2小倉8,3歳未勝利,11.0,10.0,2小倉2,3歳未勝利,13.0,13.0,3京都3,3歳未勝利,12.0,8.0,3京都1,3歳未勝利,10.0,10.0,1福島1,3歳未勝利,75.9,12.0,2026-08-01 04:35:24,jra,2026-08-01,41.32,28.7,48.4,0.0,83.0,51.5,45.0,履歴少 / 近走上向き
202604020303,2026-08-01,3,ヴォルールドクール,7.0,4.0,嶋田,55.0,,,,,,,,,,,,,,,,,,,,,,109.3,17.0,2026-08-01 04:47:14,jra,2026-08-01,36.0,35.0,35.0,35.0,35.0,35.0,45.0,履歴少
202604020303,2026-08-01,3,ヴォーチェカノーラ,18.0,8.0,戸崎圭,55.0,,,,,,,,,,,,,,,,,,,,,,13.8,7.0,2026-08-01 04:47:14,jra,2026-08-01,36.0,35.0,35.0,35.0,35.0,35.0,45.0,履歴少
202601010304,2026-08-01,4,アイドクレース,1.0,1.0,横山武,53.0,,2.0,5.0,1函館9,3歳以上1勝クラス,2.0,5.0,1函館5,3歳以上1勝クラス,7.0,8.0,1福島3,ひめさゆり賞(1勝クラス),3.0,6.0,2中山1,3歳1勝クラス,5.0,7.0,1小倉7,あすなろ賞(1勝クラス),2.3,1.0,2026-08-01 04:27:29,jra,2026-08-01,69.07,80.4,67.5,80.2,63.5,61.3,45.0,履歴少 / 人気以上に走る傾向 / 安定感
202604020304,2026-08-01,4,アジュアカレンツ,11.0,6.0,武藤,55.0,,4.0,6.0,2福島5,3歳未勝利,9.0,4.0,3東京1,3歳未勝利,4.0,4.0,2東京6,3歳未勝利,5.0,5.0,3中山5,3歳未勝利,7.0,5.0,1東京3,3歳未勝利,14.3,8.0,2026-08-01 05:16:29,jra,2026-08-01,56.36,62.4,44.1,64.7,63.5,60.2,45.0,履歴少 / 安定感 / 市場オッズ妙味
202607020304,2026-08-01,4,アスタウイン,11.0,6.0,川須,55.0,,6.0,7.0,園田,JRA交流三室山特別,9.0,9.0,2京都2,3歳未勝利,7.0,14.0,1京都3,3歳未勝利,12.0,15.0,3京都11,2歳新馬,,,,,51.1,13.0,2026-08-01 05:08:29,jra,2026-08-01,47.24,35.2,65.6,0.0,70.0,62.4,45.0,履歴少 / 人気以上に走る傾向 / 近走上向き
202601010304,2026-08-01,4,アドミラルシップ,11.0,8.0,丹内,58.0,,4.0,4.0,1函館11,湯浜特別(1勝クラス),4.0,6.0,3東京5,3歳以上1勝クラス,7.0,2.0,2東京8,4歳以上1勝クラス,11.0,2.0,1福島6,飯盛山特別(1勝クラス),2.0,3.0,1福島4,4歳以上1勝クラス,5.4,3.0,2026-08-01 04:27:29,jra,2026-08-01,54.1,64.7,38.1,65.7,62.0,50.0,45.0,履歴少 / 安定感
202604020304,2026-08-01,4,アースアクシス,14.0,8.0,原,55.0,,14.0,8.0,1新潟8,3歳未勝利,9.0,2.0,2中山5,3歳未勝利,3.0,2.0,1中山3,3歳新馬,,,,,,,,,12.9,7.0,2026-08-01 05:16:29,jra,2026-08-01,26.62,34.1,14.9,19.8,2.0,45.7,45.0,履歴少 / 市場オッズ妙味
202604020304,2026-08-01,4,イデアクリスタル,13.0,7.0,石川,55.0,,3.0,4.0,2東京8,3歳未勝利,12.0,2.0,2東京4,3歳未勝利,5.0,3.0,2中山2,3歳未勝利,4.0,6.0,1東京2,3歳未勝利,6.0,3.0,1中山4,3歳未勝利,15.9,9.0,2026-08-01 05:16:29,jra,2026-08-01,53.04,59.2,31.8,64.7,72.5,56.1,45.0,履歴少 / 近走上向き / 安定感 / 市場オッズ妙味
202604020304,2026-08-01,4,インチジオーネ,7.0,4.0,丸山,55.0,,,,,,,,,,,,,,,,,,,,,,59.4,14.0,2026-08-01 05:16:29,jra,2026-08-01,36.0,35.0,35.0,35.0,35.0,35.0,45.0,履歴少
202607020304,2026-08-01,4,ウンナターシャ,9.0,5.0,坂井,55.0,,3.0,3.0,3阪神5,3歳未勝利,2.0,3.0,3京都12,3歳未勝利,7.0,5.0,3京都4,3歳未勝利,5.0,1.0,1阪神5,3歳未勝利,2.0,3.0,2京都5,3歳未勝利,4.9,2.0,2026-08-01 05:08:29,jra,2026-08-01,61.27,78.2,45.6,80.2,56.0,54.2,45.0,履歴少 / 安定感
202607020304,2026-08-01,4,エアリアルグレース,1.0,1.0,国分恭,55.0,,13.0,14.0,3阪神5,3歳未勝利,7.0,14.0,3京都10,3歳未勝利,13.0,13.0,3京都5,3歳未勝利,14.0,16.0,1中京3,3歳未勝利,11.0,9.0,1阪神4,3歳未勝利,63.2,16.0,2026-08-01 05:08:29,jra,2026-08-01,37.81,17.0,64.9,0.0,39.5,58.7,45.0,履歴少
202601010304,2026-08-01,4,エイカイカッシーナ,3.0,3.0,★河原田,52.0,,15.0,13.0,3京都11,4歳以上1勝クラス,9.0,8.0,1阪神4,4歳以上1勝クラス,18.0,11.0,4阪神9,3歳以上1勝クラス,10.0,10.0,2京都12,白百合S(L),1.0,6.0,2京都1,3歳未勝利,34.7,10.0,2026-08-01 04:27:29,jra,2026-08-01,30.86,23.4,37.9,10.3,17.0,53.0,45.0,履歴少 / 市場オッズ妙味
202601010304,2026-08-01,4,エイトスターズ,9.0,7.0,吉田隼,56.0,,8.0,11.0,3京都10,4歳以上1勝クラス,9.0,10.0,3京都2,4歳以上1勝クラス,13.0,16.0,1阪神3,4歳以上1勝クラス,6.0,13.0,1小倉7,4歳以上1勝クラス,10.0,4.0,2札幌6,3歳以上1勝クラス,23.9,9.0,2026-08-01 04:27:29,jra,2026-08-01,45.55,34.8,65.1,0.0,59.0,61.5,45.0,履歴少 / 人気以上に走る傾向 / 市場オッズ妙味
202607020304,2026-08-01,4,ガビーズデトワール,7.0,4.0,幸,55.0,,3.0,10.0,名古屋,名古屋CCピーチ賞(3歳),12.0,15.0,2阪神3,3歳未勝利,,12.0,1京都9,3歳未勝利,9.0,6.0,1京都2,3歳新馬,,,,,56.0,15.0,2026-08-01 05:08:29,jra,2026-08-01,49.04,28.2,62.7,13.7,95.0,61.1,45.0,履歴少 / 近走上向き
202607020304,2026-08-01,4,キミガスキダ,8.0,4.0,藤懸,55.0,,6.0,13.0,2小倉2,3歳未勝利,9.0,13.0,3京都4,3歳未勝利,16.0,16.0,1京都4,3歳未勝利,,,4京都1,2歳未勝利,9.0,11.0,3京都6,2歳新馬,52.0,14.0,2026-08-01 05:08:29,jra,2026-08-01,52.0,36.2,77.3,0.0,82.0,64.1,45.0,履歴少 / 人気以上に走る傾向 / 近走上向き
202607020304,2026-08-01,4,キーテーマ,6.0,3.0,秋山稔,55.0,,10.0,11.0,3阪神2,3歳未勝利,7.0,10.0,3京都9,3歳未勝利,7.0,8.0,1阪神10,3歳未勝利,6.0,8.0,1阪神4,3歳未勝利,6.0,7.0,3京都9,2歳未勝利,39.7,12.0,2026-08-01 05:08:29,jra,2026-08-01,44.04,46.7,61.5,0.0,29.0,58.7,45.0,履歴少
202607020304,2026-08-01,4,クラテロス,10.0,5.0,岩田望,55.0,,3.0,4.0,5阪神7,2歳新馬,,,,,,,,,,,,,,,,,9.7,5.0,2026-08-01 05:08:29,jra,2026-08-01,43.18,48.1,42.2,36.3,40.6,41.7,45.0,履歴少 / サンプル少
202601010304,2026-08-01,4,ゴールドジェスター,6.0,6.0,黛,58.0,,9.0,9.0,1福島6,飯盛山特別(1勝クラス),8.0,9.0,1小倉8,4歳以上1勝クラス,3.0,12.0,1小倉5,戸畑特別(1勝クラス),14.0,13.0,1小倉1,4歳以上1勝クラス,10.0,10.0,4東京10,3歳以上1勝クラス,39.0,11.0,2026-08-01 04:27:29,jra,2026-08-01,48.14,41.4,63.2,19.8,48.5,62.1,45.0,履歴少 / 市場オッズ妙味
202604020304,2026-08-01,4,ジュンサク,9.0,5.0,野中,55.0,,11.0,15.0,2東京2,3歳未勝利,12.0,10.0,3中山6,3歳未勝利,7.0,14.0,2中山7,3歳未勝利,16.0,8.0,5中山8,2歳新馬,,,,,112.9,15.0,2026-08-01 05:16:29,jra,2026-08-01,38.37,21.6,57.3,0.0,54.0,54.3,45.0,履歴少
202607020304,2026-08-01,4,スマートエトワール,5.0,3.0,コレット,55.0,,7.0,9.0,1新潟6,3歳未勝利,13.0,9.0,1京都8,3歳新馬,,,,,,,,,,,,,14.4,6.0,2026-08-01 05:08:29,jra,2026-08-01,42.41,34.7,42.8,18.0,65.3,56.6,45.0,履歴少 / サンプル少 / 近走上向き / 市場オッズ妙味
202607020304,2026-08-01,4,タガノアルテミス,13.0,7.0,西塚,55.0,,2.0,5.0,1新潟7,3歳未勝利,7.0,5.0,1中京5,3歳未勝利,2.0,1.0,笠松,関ヶ原宿特別(3歳),5.0,10.0,1京都2,3歳未勝利,11.0,7.0,4東京10,2歳新馬,18.6,8.0,2026-08-01 05:08:29,jra,2026-08-01,60.18,63.5,54.3,56.4,75.5,64.6,45.0,履歴少 / 近走上向き / 市場オッズ妙味
202604020304,2026-08-01,4,タマモチョコチップ,6.0,4.0,菊沢,55.0,,3.0,2.0,2福島5,3歳未勝利,3.0,3.0,3東京3,3歳未勝利,6.0,4.0,2東京3,3歳未勝利,6.0,13.0,1東京7,3歳未勝利,12.0,10.0,4東京8,2歳新馬,5.7,3.0,2026-08-01 05:16:29,jra,2026-08-01,59.38,68.3,50.8,55.3,72.5,58.7,45.0,履歴少 / 近走上向き
202607020304,2026-08-01,4,タントレーベル,2.0,1.0,松若,55.0,,4.0,5.0,3阪神1,3歳未勝利,10.0,7.0,2阪神5,3歳未勝利,5.0,4.0,2阪神2,3歳未勝利,9.0,9.0,1京都8,3歳未勝利,15.0,7.0,5阪神7,2歳未勝利,23.9,10.0,2026-08-01 05:08:29,jra,2026-08-01,50.73,48.8,39.7,50.2,84.5,49.1,45.0,履歴少 / 近走上向き / 市場オッズ妙味
202604020304,2026-08-01,4,ドナソラーレ,8.0,5.0,杉原,55.0,,4.0,5.0,2福島4,3歳未勝利,5.0,13.0,3東京3,3歳未勝利,8.0,14.0,1福島3,3歳未勝利,3.0,7.0,川崎,アクアマリンフラワー(3歳),9.0,14.0,5中山6,2歳未勝利,29.7,12.0,2026-08-01 05:16:29,jra,2026-08-01,64.61,58.0,79.8,61.9,63.5,69.1,45.0,履歴少 / 人気以上に走る傾向 / 安定感 / 過小評価傾向
202601010304,2026-08-01,4,ドーギッド,2.0,2.0,◇古川奈,54.0,,9.0,11.0,1新潟7,尖閣湾特別(1勝クラス),5.0,7.0,1新潟3,粟島特別(1勝クラス),6.0,6.0,3京都2,4歳以上1勝クラス,12.0,9.0,1小倉5,4歳以上1勝クラス,12.0,10.0,5阪神1,3歳以上1勝クラス,14.8,5.0,2026-08-01 04:27:29,jra,2026-08-01,46.57,42.7,53.2,24.9,48.5,60.8,45.0,履歴少 / 市場オッズ妙味
202604020304,2026-08-01,4,ノアレジェンド,12.0,7.0,▲石田,52.0,,10.0,14.0,3東京5,3歳未勝利,,,,,,,,,,,,,,,,,28.8,11.0,2026-08-01 05:16:29,jra,2026-08-01,40.07,35.8,46.8,29.6,40.6,42.0,45.0,履歴少 / サンプル少
202604020304,2026-08-01,4,ハニーアンバー,4.0,3.0,石橋脩,55.0,,8.0,11.0,2東京9,3歳未勝利,7.0,11.0,2東京3,3歳未勝利,13.0,12.0,1東京4,3歳新馬,,,,,,,,,43.0,13.0,2026-08-01 05:16:29,jra,2026-08-01,46.29,36.1,66.0,0.0,62.0,60.0,45.0,履歴少 / 人気以上に走る傾向
202604020304,2026-08-01,4,フィクセルリリア,10.0,6.0,吉田豊,55.0,,11.0,4.0,5中山5,2歳未勝利,2.0,3.0,5中山1,2歳未勝利,9.0,8.0,4中山8,2歳新馬,,,,,,,,,12.0,6.0,2026-08-01 05:16:29,jra,2026-08-01,37.78,48.1,30.6,24.9,17.0,53.0,45.0,履歴少 / 市場オッズ妙味
202607020304,2026-08-01,4,フィデリス,15.0,8.0,川田,55.0,,4.0,1.0,3阪神4,3歳未勝利,4.0,1.0,3京都10,3歳未勝利,2.0,4.0,1阪神9,3歳未勝利,11.0,10.0,1阪神7,3歳未勝利,9.0,16.0,1京都3,3歳未勝利,4.3,1.0,2026-08-01 05:08:29,jra,2026-08-01,58.93,66.9,45.2,75.1,65.0,57.5,45.0,履歴少 / 近走上向き / 安定感
202604020304,2026-08-01,4,ブルージンジャー,15.0,8.0,津村,55.0,,5.0,10.0,3東京6,3歳未勝利,9.0,11.0,2東京4,3歳未勝利,,,,,,,,,,,,,5.4,2.0,2026-08-01 05:16:29,jra,2026-08-01,51.76,47.5,59.5,34.7,58.7,60.5,45.0,履歴少 / サンプル少
202601010304,2026-08-01,4,ブルースカイブルー,4.0,4.0,池添,55.0,,4.0,3.0,2東京8,3歳1勝クラス,5.0,4.0,2東京2,3歳1勝クラス,3.0,4.0,1中京4,フローラルウォーク賞(1勝クラス),8.0,6.0,1東京2,セントポーリア賞(1勝クラス),4.0,6.0,5阪神3,エリカ賞(1勝クラス),4.7,2.0,2026-08-01 04:27:29,jra,2026-08-01,60.42,70.9,46.9,85.4,56.0,55.9,45.0,履歴少 / 安定感
202604020304,2026-08-01,4,プロミスライン,5.0,3.0,△石神道,53.0,,6.0,4.0,2福島2,3歳未勝利,10.0,10.0,1新潟4,3歳未勝利,9.0,12.0,1東京7,3歳未勝利,8.0,10.0,1中山9,3歳新馬,,,,,10.7,5.0,2026-08-01 05:16:29,jra,2026-08-01,46.03,43.2,52.2,0.0,68.0,62.5,45.0,履歴少 / 近走上向き
202607020304,2026-08-01,4,ベイニーニャ,4.0,2.0,長岡,55.0,,9.0,6.0,2京都4,3歳新馬,,,,,,,,,,,,,,,,,15.9,7.0,2026-08-01 05:08:29,jra,2026-08-01,37.32,37.6,36.0,29.6,40.6,37.3,45.0,履歴少 / サンプル少
202601010304,2026-08-01,4,マイネルマスター,10.0,8.0,佐々木,55.0,,5.0,3.0,2中山8,3歳1勝クラス,5.0,7.0,2中山1,水仙賞(1勝クラス),11.0,11.0,1中山9,若竹賞(1勝クラス),9.0,10.0,5中山1,葉牡丹賞(1勝クラス),5.0,6.0,4中山8,芙蓉S(OP),12.9,4.0,2026-08-01 04:27:29,jra,2026-08-01,56.2,53.8,51.0,65.7,65.0,62.2,45.0,履歴少 / 近走上向き / 安定感 / 市場オッズ妙味
202601010304,2026-08-01,4,マイバラード,5.0,5.0,斎藤,58.0,,7.0,13.0,1函館11,湯浜特別(1勝クラス),6.0,7.0,1函館7,恵山特別(1勝クラス),3.0,9.0,1函館4,3歳以上1勝クラス,11.0,16.0,1小倉12,唐戸特別(1勝クラス),5.0,11.0,1小倉10,高千穂特別(1勝クラス),15.6,6.0,2026-08-01 04:27:29,jra,2026-08-01,60.18,57.3,82.3,30.1,45.5,77.3,45.0,履歴少 / 人気以上に走る傾向 / 過小評価傾向 / 市場オッズ妙味
202601010304,2026-08-01,4,ミリオンクラウン,7.0,6.0,☆舟山,54.0,,7.0,11.0,3東京4,3歳以上1勝クラス,15.0,13.0,2東京5,青竜S(OP),10.0,15.0,3中山5,ニュージーランドT(GII),11.0,11.0,1阪神9,若葉S(L),7.0,1.0,船橋,平和賞(重賞),15.6,7.0,2026-08-01 04:27:29,jra,2026-08-01,43.87,27.6,59.2,0.0,72.5,62.3,45.0,履歴少 / 近走上向き / 市場オッズ妙味
202607020304,2026-08-01,4,メイショウマグナ,16.0,8.0,太宰,55.0,,5.0,12.0,2小倉5,3歳未勝利,6.0,6.0,3京都6,3歳未勝利,10.0,12.0,3京都1,3歳未勝利,9.0,16.0,2京都1,3歳未勝利,11.0,16.0,1京都5,3歳新馬,26.3,11.0,2026-08-01 05:08:29,jra,2026-08-01,59.22,48.5,78.4,30.4,74.0,69.9,45.0,履歴少 / 人気以上に走る傾向 / 近走上向き / 過小評価傾向
202607020304,2026-08-01,4,メイショウメゴヒメ,14.0,7.0,田口,55.0,,3.0,2.0,2小倉8,3歳未勝利,6.0,2.0,3京都12,3歳未勝利,3.0,3.0,3京都6,3歳未勝利,4.0,10.0,2阪神7,3歳未勝利,6.0,12.0,1京都3,3歳未勝利,22.4,9.0,2026-08-01 05:08:29,jra,2026-08-01,61.2,74.4,51.4,64.7,60.5,60.9,45.0,履歴少 / 安定感 / 市場オッズ妙味
202604020304,2026-08-01,4,メジロピオラ,1.0,1.0,◇今村,53.0,,2.0,4.0,2新潟1,3歳未勝利,13.0,7.0,1新潟1,3歳未勝利,13.0,3.0,1福島4,3歳未勝利,2.0,7.0,1中京5,3歳未勝利,16.0,5.0,2中山3,3歳未勝利,4.5,1.0,2026-08-01 05:16:29,jra,2026-08-01,46.57,43.2,27.1,45.0,100.0,43.4,45.0,履歴少 / 近走上向き
202607020304,2026-08-01,4,ヤマニンエルファバ,3.0,2.0,団野,55.0,,5.0,1.0,2小倉8,3歳未勝利,9.0,1.0,3京都4,3歳未勝利,2.0,5.0,2阪神3,3歳未勝利,10.0,9.0,4京都5,2歳新馬,,,,,7.7,4.0,2026-08-01 05:08:29,jra,2026-08-01,48.07,57.9,28.4,50.2,62.0,50.6,45.0,履歴少
202604020304,2026-08-01,4,ユニバーサルラヴ,3.0,2.0,三浦,55.0,,3.0,2.0,2福島8,3歳未勝利,3.0,11.0,3東京5,3歳未勝利,8.0,10.0,2東京12,3歳未勝利,8.0,4.0,3中山2,3歳未勝利,4.0,4.0,5中山7,2歳新馬,7.7,4.0,2026-08-01 05:16:29,jra,2026-08-01,62.99,69.4,60.5,65.7,66.5,61.9,45.0,履歴少 / 近走上向き / 安定感
202607020304,2026-08-01,4,ラミアスペランツァ,12.0,6.0,西村淳,55.0,,3.0,5.0,3阪神4,3歳未勝利,4.0,4.0,1新潟7,3歳未勝利,10.0,4.0,1中京3,3歳未勝利,,,,,,,,,5.5,3.0,2026-08-01 05:08:29,jra,2026-08-01,56.79,66.6,44.6,55.3,74.0,52.9,45.0,履歴少 / 近走上向き
202601010304,2026-08-01,4,リリーズブルーム,8.0,7.0,原田和,56.0,,7.0,11.0,1函館9,3歳以上1勝クラス,6.0,12.0,1函館4,遊楽部特別(1勝クラス),8.0,10.0,2東京7,4歳以上1勝クラス,11.0,13.0,1福島6,4歳以上1勝クラス,1.0,3.0,姫路,ローズマリー賞C2,17.0,8.0,2026-08-01 04:27:29,jra,2026-08-01,52.15,47.0,74.4,4.7,47.0,74.4,45.0,履歴少 / 人気以上に走る傾向 / 過小評価傾向 / 市場オッズ妙味
202604020304,2026-08-01,4,レディソフィア,2.0,2.0,木幡巧,55.0,,10.0,6.0,3東京3,3歳未勝利,4.0,7.0,2東京12,3歳未勝利,5.0,14.0,2東京6,3歳未勝利,12.0,15.0,1中京4,3歳未勝利,16.0,12.0,1中山9,3歳新馬,22.8,10.0,2026-08-01 05:16:29,jra,2026-08-01,50.02,42.6,59.3,44.7,45.5,60.9,45.0,履歴少 / 市場オッズ妙味
202601010305,2026-08-01,5,アワードリームス,9.0,6.0,▲小林美,52.0,,,,,,,,,,,,,,,,,,,,,,25.0,6.0,2026-08-01 04:15:29,jra,2026-08-01,36.0,35.0,35.0,35.0,35.0,35.0,45.0,履歴少
202604020305,2026-08-01,5,イイクニパッション,14.0,8.0,三浦,57.0,,5.0,5.0,2福島6,3歳未勝利,4.0,1.0,2福島2,3歳未勝利,2.0,3.0,1中山6,3歳未勝利,2.0,2.0,5中山8,2歳未勝利,3.0,4.0,4京都8,2歳未勝利,9.0,4.0,2026-08-01 04:47:59,jra,2026-08-01,62.72,79.9,46.9,100.0,36.5,58.7,45.0,履歴少 / 安定感
202601010305,2026-08-01,5,イントゥーザブルー,1.0,1.0,丹内,55.0,,,,,,,,,,,,,,,,,,,,,,19.8,5.0,2026-08-01 04:15:29,jra,2026-08-01,36.0,35.0,35.0,35.0,35.0,35.0,45.0,履歴少
202601010305,2026-08-01,5,インワンズブラッド,4.0,4.0,武豊,55.0,,,,,,,,,,,,,,,,,,,,,,3.2,2.0,2026-08-01 04:15:29,jra,2026-08-01,36.0,35.0,35.0,35.0,35.0,35.0,45.0,履歴少
202604020305,2026-08-01,5,ウィズアバウンス,11.0,6.0,武藤,55.0,,16.0,14.0,1新潟7,3歳未勝利,12.0,8.0,1福島3,3歳未勝利,7.0,9.0,1中山9,3歳新馬,,,,,,,,,35.6,9.0,2026-08-01 04:47:59,jra,2026-08-01,27.34,17.7,38.7,0.0,11.0,52.0,45.0,履歴少 / 市場オッズ妙味
202604020305,2026-08-01,5,エクスペクタント,15.0,8.0,▲石田,54.0,,4.0,7.0,2福島7,3歳未勝利,10.0,12.0,3京都5,3歳未勝利,10.0,6.0,1福島5,3歳未勝利,4.0,9.0,1福島1,3歳未勝利,13.0,9.0,3福島1,2歳未勝利,30.1,8.0,2026-08-01 04:47:59,jra,2026-08-01,54.51,47.1,56.6,45.0,81.5,57.6,45.0,履歴少 / 近走上向き / 市場オッズ妙味
202604020305,2026-08-01,5,エリースノー,3.0,2.0,津村,55.0,,4.0,5.0,2福島4,3歳未勝利,3.0,3.0,3東京2,3歳未勝利,3.0,9.0,2東京10,3歳未勝利,7.0,11.0,1福島3,3歳未勝利,11.0,14.0,1小倉9,3歳未勝利,14.2,5.0,2026-08-01 04:47:59,jra,2026-08-01,66.49,70.3,66.7,75.1,62.0,70.4,45.0,履歴少 / 人気以上に走る傾向 / 安定感 / 過小評価傾向
202601010305,2026-08-01,5,オーシンヒマワリ,10.0,7.0,小沢,55.0,,,,,,,,,,,,,,,,,,,,,,124.5,12.0,2026-08-01 04:15:29,jra,2026-08-01,36.0,35.0,35.0,35.0,35.0,35.0,45.0,履歴少
202607020305,2026-08-01,5,カセノナユタ,12.0,6.0,△柴田裕,55.0,,6.0,8.0,2京都1,3歳未勝利,8.0,13.0,1京都6,3歳未勝利,14.0,16.0,1京都4,3歳未勝利,13.0,12.0,4京都6,2歳未勝利,16.0,16.0,4京都2,2歳新馬,48.1,13.0,2026-08-01 04:36:09,jra,2026-08-01,47.45,29.8,64.7,0.0,90.5,58.7,45.0,履歴少 / 近走上向き
202601010305,2026-08-01,5,ギャルズマインド,3.0,3.0,浜中,55.0,,,,,,,,,,,,,,,,,,,,,,7.1,3.0,2026-08-01 04:15:29,jra,2026-08-01,36.0,35.0,35.0,35.0,35.0,35.0,45.0,履歴少
202607020305,2026-08-01,5,クロンヌジャン,3.0,2.0,田口,57.0,,11.0,2.0,3京都11,3歳未勝利,2.0,2.0,3京都5,3歳未勝利,3.0,15.0,2阪神8,3歳未勝利,8.0,8.0,1中京5,3歳未勝利,9.0,6.0,3福島6,2歳新馬,33.1,10.0,2026-08-01 04:36:09,jra,2026-08-01,46.26,55.7,45.3,44.7,17.0,56.3,45.0,履歴少 / 市場オッズ妙味
202607020305,2026-08-01,5,ゴールデンドラゴン,2.0,1.0,松若,57.0,,4.0,2.0,2小倉5,3歳未勝利,2.0,7.0,2小倉2,3歳未勝利,5.0,8.0,3阪神1,3歳未勝利,8.0,8.0,1小倉8,3歳未勝利,3.0,9.0,1小倉1,3歳未勝利,16.4,5.0,2026-08-01 04:36:09,jra,2026-08-01,66.86,74.6,63.0,85.4,53.0,69.7,45.0,履歴少 / 安定感 / 過小評価傾向 / 市場オッズ妙味
202604020305,2026-08-01,5,サクラドール,12.0,7.0,戸崎圭,57.0,,2.0,1.0,3東京5,3歳未勝利,2.0,1.0,2東京11,3歳未勝利,3.0,3.0,2東京6,3歳未勝利,7.0,6.0,3中山7,3歳未勝利,4.0,3.0,3中山1,3歳未勝利,2.7,1.0,2026-08-01 04:47:59,jra,2026-08-01,63.29,82.9,44.4,85.4,62.0,51.6,45.0,履歴少 / 安定感
202607020305,2026-08-01,5,サトノグロリア,14.0,7.0,西塚,57.0,,4.0,8.0,2小倉5,3歳未勝利,,,,,,,,,,,,,,,,,4.5,2.0,2026-08-01 04:36:09,jra,2026-08-01,43.83,46.4,46.8,36.3,40.6,42.0,45.0,履歴少 / サンプル少
202607020305,2026-08-01,5,サラサダンディー,5.0,3.0,国分恭,57.0,,13.0,10.0,3京都12,3歳未勝利,3.0,7.0,2阪神2,3歳未勝利,10.0,8.0,1阪神8,3歳未勝利,7.0,8.0,1阪神1,3歳未勝利,6.0,8.0,4京都6,2歳未勝利,37.1,11.0,2026-08-01 04:36:09,jra,2026-08-01,40.56,41.5,50.3,24.9,11.0,57.6,45.0,履歴少 / 市場オッズ妙味
202607020305,2026-08-01,5,サンライズジャッジ,10.0,5.0,加藤,57.0,,9.0,6.0,1福島2,3歳未勝利,5.0,4.0,1中京3,3歳未勝利,7.0,9.0,1阪神6,3歳未勝利,,,,,,,,,43.9,12.0,2026-08-01 04:36:09,jra,2026-08-01,43.04,50.8,42.9,24.9,32.0,51.3,45.0,履歴少
202604020305,2026-08-01,5,シェリアドレ,6.0,4.0,荻野極,55.0,,3.0,3.0,2福島4,3歳未勝利,9.0,3.0,3中山5,3歳未勝利,13.0,4.0,1中山6,3歳未勝利,3.0,7.0,5中山6,2歳未勝利,7.0,5.0,4中山8,2歳未勝利,3.4,2.0,2026-08-01 04:47:59,jra,2026-08-01,48.0,52.9,29.7,45.0,80.0,46.8,45.0,履歴少 / 近走上向き
202604020305,2026-08-01,5,シュンポシオン,8.0,5.0,▲佐藤,54.0,,15.0,13.0,3東京2,3歳未勝利,13.0,13.0,1福島2,3歳未勝利,12.0,11.0,5東京3,2歳未勝利,9.0,7.0,5東京1,2歳新馬,,,,,135.8,15.0,2026-08-01 04:47:59,jra,2026-08-01,27.42,9.6,41.4,0.0,28.0,49.4,45.0,履歴少
202607020305,2026-08-01,5,ジャッキーバローズ,15.0,8.0,コレット,57.0,,8.0,9.0,2阪神2,3歳未勝利,13.0,10.0,1阪神6,3歳未勝利,,,,,,,,,,,,,19.5,7.0,2026-08-01 04:36:09,jra,2026-08-01,41.37,32.3,42.4,18.0,62.0,57.5,45.0,履歴少 / サンプル少 / 市場オッズ妙味
202601010305,2026-08-01,5,ジューンルル,8.0,6.0,吉田隼,55.0,,,,,,,,,,,,,,,,,,,,,,50.4,7.0,2026-08-01 04:15:29,jra,2026-08-01,36.0,35.0,35.0,35.0,35.0,35.0,45.0,履歴少
202604020305,2026-08-01,5,ジーティーニッツァ,5.0,3.0,▲上里,54.0,,4.0,9.0,1福島5,3歳未勝利,6.0,9.0,1東京6,3歳未勝利,4.0,14.0,1中山6,3歳未勝利,8.0,13.0,5中山6,2歳未勝利,12.0,14.0,4東京9,2歳未勝利,50.9,12.0,2026-08-01 04:47:59,jra,2026-08-01,66.51,60.7,86.3,50.2,71.0,69.8,45.0,履歴少 / 人気以上に走る傾向 / 近走上向き / 過小評価傾向
202601010305,2026-08-01,5,スクレイプバイ,12.0,8.0,横山琉,55.0,,,,,,,,,,,,,,,,,,,,,,88.4,11.0,2026-08-01 04:15:29,jra,2026-08-01,36.0,35.0,35.0,35.0,35.0,35.0,45.0,履歴少
202601010305,2026-08-01,5,セールデュクール,11.0,7.0,佐々木,55.0,,,,,,,,,,,,,,,,,,,,,,51.7,9.0,2026-08-01 04:15:29,jra,2026-08-01,36.0,35.0,35.0,35.0,35.0,35.0,45.0,履歴少
202607020305,2026-08-01,5,チアフルラン,6.0,3.0,藤懸,57.0,,6.0,11.0,3京都7,3歳未勝利,11.0,13.0,3京都3,3歳未勝利,10.0,9.0,2阪神7,3歳未勝利,10.0,8.0,1阪神6,3歳未勝利,,,,,87.8,16.0,2026-08-01 04:36:09,jra,2026-08-01,46.68,36.6,61.9,0.0,76.0,56.8,45.0,履歴少 / 近走上向き
202601010305,2026-08-01,5,ティアラード,5.0,4.0,横山武,55.0,,,,,,,,,,,,,,,,,,,,,,11.1,4.0,2026-08-01 04:15:29,jra,2026-08-01,36.0,35.0,35.0,35.0,35.0,35.0,45.0,履歴少
202607020305,2026-08-01,5,ニシノエビガタメ,7.0,4.0,Ｍデムーロ,57.0,,11.0,5.0,3阪神1,3歳未勝利,4.0,5.0,3京都6,3歳未勝利,6.0,6.0,2阪神2,3歳未勝利,7.0,10.0,1阪神8,3歳未勝利,11.0,14.0,1京都5,3歳未勝利,26.9,9.0,2026-08-01 04:36:09,jra,2026-08-01,42.22,46.5,44.2,24.9,26.0,56.9,45.0,履歴少 / 市場オッズ妙味
202601010305,2026-08-01,5,ハイランドウインド,2.0,2.0,▲遠藤,52.0,,,,,,,,,,,,,,,,,,,,,,146.1,13.0,2026-08-01 04:15:29,jra,2026-08-01,36.0,35.0,35.0,35.0,35.0,35.0,45.0,履歴少
202604020305,2026-08-01,5,バル,1.0,1.0,柴田大,57.0,,12.0,13.0,1新潟7,3歳未勝利,8.0,11.0,3中山6,3歳未勝利,11.0,8.0,2中山8,3歳未勝利,10.0,3.0,1中山9,3歳未勝利,5.0,10.0,1中山2,3歳未勝利,41.8,11.0,2026-08-01 04:47:59,jra,2026-08-01,37.24,29.7,49.7,10.3,29.0,55.6,45.0,履歴少 / 市場オッズ妙味
202604020305,2026-08-01,5,ヒラボクキャンティ,10.0,6.0,江田照,55.0,,,,,,,,,,,,,,,,,,,,,,66.5,13.0,2026-08-01 04:47:59,jra,2026-08-01,36.0,35.0,35.0,35.0,35.0,35.0,45.0,履歴少
202601010305,2026-08-01,5,ヒルノバルデス,13.0,8.0,古川吉,55.0,,,,,,,,,,,,,,,,,,,,,,51.4,8.0,2026-08-01 04:15:29,jra,2026-08-01,36.0,35.0,35.0,35.0,35.0,35.0,45.0,履歴少
202607020305,2026-08-01,5,フォーシーファイン,16.0,8.0,団野,57.0,,12.0,12.0,1京都9,3歳未勝利,12.0,8.0,1京都3,3歳未勝利,5.0,3.0,4京都4,2歳新馬,,,,,,,,,53.8,15.0,2026-08-01 04:36:09,jra,2026-08-01,33.3,26.7,37.0,19.8,29.0,47.0,45.0,履歴少
202601010305,2026-08-01,5,ブルージェイ,7.0,5.0,鮫島駿,55.0,,,,,,,,,,,,,,,,,,,,,,1.8,1.0,2026-08-01 04:15:29,jra,2026-08-01,36.0,35.0,35.0,35.0,35.0,35.0,45.0,履歴少
202601010305,2026-08-01,5,ベニドルム,6.0,5.0,原田和,55.0,,,,,,,,,,,,,,,,,,,,,,73.0,10.0,2026-08-01 04:15:29,jra,2026-08-01,36.0,35.0,35.0,35.0,35.0,35.0,45.0,履歴少
202607020305,2026-08-01,5,ベラジオヴァレル,1.0,1.0,富田,57.0,,2.0,7.0,2小倉5,3歳未勝利,7.0,2.0,3京都9,3歳未勝利,11.0,4.0,1京都1,3歳新馬,,,,,,,,,8.1,3.0,2026-08-01 04:36:09,jra,2026-08-01,52.63,59.8,39.7,30.4,92.0,51.3,45.0,履歴少 / 近走上向き
202604020305,2026-08-01,5,ペイシャダンシング,7.0,4.0,木幡初,55.0,,,,,,,,,,,,,,,,,,,,,,67.2,14.0,2026-08-01 04:47:59,jra,2026-08-01,36.0,35.0,35.0,35.0,35.0,35.0,45.0,履歴少
202607020305,2026-08-01,5,メイショウジンソウ,8.0,4.0,太宰,57.0,,,,,,,,,,,,,,,,,,,,,,49.5,14.0,2026-08-01 04:36:09,jra,2026-08-01,36.0,35.0,35.0,35.0,35.0,35.0,45.0,履歴少
202607020305,2026-08-01,5,メイショウナナシロ,9.0,5.0,岩田望,57.0,,2.0,1.0,5阪神4,2歳未勝利,3.0,8.0,4京都5,2歳未勝利,12.0,11.0,4京都2,2歳未勝利,8.0,7.0,4中京4,2歳新馬,,,,,2.2,1.0,2026-08-01 04:36:09,jra,2026-08-01,60.05,64.3,54.7,55.3,84.0,55.0,45.0,履歴少 / 近走上向き
202604020305,2026-08-01,5,ユキノサイエンス,13.0,7.0,石橋脩,55.0,,8.0,3.0,3東京5,3歳未勝利,2.0,10.0,3東京2,3歳未勝利,6.0,10.0,2中山1,3歳未勝利,8.0,7.0,1中山4,3歳未勝利,6.0,8.0,3福島2,2歳未勝利,37.2,10.0,2026-08-01 04:47:59,jra,2026-08-01,51.55,60.8,59.3,24.9,35.0,61.5,45.0,履歴少 / 市場オッズ妙味
202607020305,2026-08-01,5,リリーサンダー,4.0,2.0,西村淳,57.0,,2.0,3.0,2小倉8,3歳未勝利,8.0,4.0,3阪神1,3歳未勝利,4.0,3.0,3京都7,3歳未勝利,3.0,4.0,2阪神1,3歳未勝利,4.0,11.0,1中京1,3歳未勝利,12.6,4.0,2026-08-01 04:36:09,jra,2026-08-01,63.06,74.1,49.9,75.1,66.5,63.4,45.0,履歴少 / 近走上向き / 安定感 / 市場オッズ妙味
202604020305,2026-08-01,5,レイズレガシー,2.0,2.0,田辺,57.0,,3.0,2.0,3東京5,3歳未勝利,2.0,3.0,3東京1,3歳未勝利,3.0,4.0,2東京7,3歳未勝利,7.0,4.0,2東京4,3歳未勝利,6.0,6.0,2中山5,3歳未勝利,8.5,3.0,2026-08-01 04:47:59,jra,2026-08-01,62.26,78.8,47.9,75.1,59.0,57.8,45.0,履歴少 / 安定感
202607020305,2026-08-01,5,レッドバベル,13.0,7.0,吉村,57.0,,,,,,,,,,,,,,,,,,,,,,23.7,8.0,2026-08-01 04:36:09,jra,2026-08-01,36.0,35.0,35.0,35.0,35.0,35.0,45.0,履歴少
202607020305,2026-08-01,5,レディトゥアタック,11.0,6.0,酒井,57.0,,11.0,15.0,3京都11,3歳未勝利,8.0,8.0,3京都6,3歳未勝利,11.0,10.0,3中山8,3歳未勝利,16.0,14.0,2阪神3,3歳未勝利,,,,,19.1,6.0,2026-08-01 04:36:09,jra,2026-08-01,39.73,23.4,55.7,0.0,54.0,63.1,45.0,履歴少 / 市場オッズ妙味
202604020305,2026-08-01,5,ロンバスブレス,9.0,5.0,菊沢,55.0,,5.0,2.0,3東京5,3歳未勝利,4.0,2.0,3東京2,3歳未勝利,5.0,9.0,1新潟6,3歳未勝利,,,,,,,,,14.3,6.0,2026-08-01 04:47:59,jra,2026-08-01,57.98,70.7,44.2,75.1,47.0,60.2,45.0,履歴少 / 安定感 / 市場オッズ妙味
202604020305,2026-08-01,5,ヴィスクレス,4.0,3.0,原,57.0,,4.0,3.0,3東京4,3歳未勝利,4.0,2.0,3東京2,3歳未勝利,2.0,6.0,2東京7,3歳未勝利,8.0,3.0,2東京2,3歳未勝利,5.0,1.0,2中山1,3歳未勝利,15.2,7.0,2026-08-01 04:47:59,jra,2026-08-01,59.87,73.7,41.9,85.4,54.5,56.4,45.0,履歴少 / 安定感 / 市場オッズ妙味
202601010306,2026-08-01,6,アスコットアイ,9.0,8.0,▲和田陽,53.0,,9.0,11.0,2小倉3,3歳以上1勝クラス,11.0,8.0,1小倉11,4歳以上1勝クラス,16.0,7.0,5中京6,3歳以上1勝クラス,5.0,4.0,5中京2,3歳以上1勝クラス,6.0,5.0,4新潟2,3歳以上1勝クラス,12.4,7.0,2026-08-01 04:49:09,jra,2026-08-01,37.35,32.0,34.8,14.6,53.0,52.9,45.0,履歴少 / 市場オッズ妙味
202601010306,2026-08-01,6,ウーマンズパワー,8.0,8.0,横山琉,54.0,,1.0,1.0,1小倉3,3歳未勝利,4.0,1.0,5阪神1,2歳未勝利,2.0,2.0,3福島4,2歳未勝利,2.0,3.0,4新潟3,2歳未勝利,6.0,5.0,2札幌4,2歳未勝利,2.8,1.0,2026-08-01 04:49:09,jra,2026-08-01,65.61,87.1,45.1,89.7,65.0,52.4,45.0,履歴少 / 近走上向き / 安定感
202601010306,2026-08-01,6,エスカレイト,1.0,1.0,▲小林美,51.0,,13.0,12.0,2東京7,3歳1勝クラス,15.0,13.0,2阪神6,3歳1勝クラス,8.0,8.0,1阪神5,3歳1勝クラス,3.0,10.0,1京都7,3歳1勝クラス,10.0,11.0,5中京3,つわぶき賞(1勝クラス),3.3,2.0,2026-08-01 04:49:09,jra,2026-08-01,37.09,25.1,52.3,14.6,26.0,58.3,45.0,履歴少
202604020306,2026-08-01,6,エリカアンディーヴ,6.0,5.0,津村,56.0,,1.0,1.0,3京都2,4歳以上1勝クラス,8.0,2.0,1阪神10,4歳以上1勝クラス,2.0,7.0,3京都11,3歳以上1勝クラス,5.0,8.0,4阪神9,3歳以上1勝クラス,15.0,2.0,3東京5,3歳以上1勝クラス,10.5,5.0,2026-08-01 05:05:09,jra,2026-08-01,59.42,69.5,40.1,64.7,89.0,52.9,45.0,履歴少 / 近走上向き / 安定感
202604020306,2026-08-01,6,キーウェーブ,8.0,6.0,城戸,58.0,,5.0,7.0,2小倉8,不知火特別(2勝クラス),7.0,10.0,3京都10,聖護院特別(2勝クラス),14.0,14.0,2中山7,館山特別(2勝クラス),6.0,12.0,1小倉5,RKB賞(2勝クラス),9.0,13.0,4京都6,花見小路特別(2勝クラス),150.3,11.0,2026-08-01 05:05:09,jra,2026-08-01,55.23,46.1,68.5,30.4,74.0,63.2,45.0,履歴少 / 人気以上に走る傾向 / 近走上向き
202604020306,2026-08-01,6,クラッシファイド,4.0,4.0,石川,58.0,,9.0,4.0,2東京10,三峰山特別(2勝クラス),5.0,1.0,3中山6,4歳以上2勝クラス,3.0,3.0,1東京7,4歳以上2勝クラス,3.0,2.0,5東京1,3歳以上2勝クラス,2.0,2.0,4東京6,3歳以上2勝クラス,16.4,8.0,2026-08-01 05:05:09,jra,2026-08-01,48.84,66.2,31.4,69.6,15.5,57.5,45.0,履歴少 / 安定感 / 市場オッズ妙味
202601010306,2026-08-01,6,グッバイウェーブ,2.0,2.0,黛,56.0,,6.0,9.0,1函館12,3歳以上1勝クラス,6.0,9.0,1函館3,3歳以上1勝クラス,8.0,9.0,1新潟6,飛竜特別(1勝クラス),9.0,11.0,1福島3,4歳以上1勝クラス,16.0,14.0,1中京2,4歳以上1勝クラス,31.7,8.0,2026-08-01 04:49:09,jra,2026-08-01,50.18,47.1,63.6,0.0,72.5,60.9,45.0,履歴少 / 近走上向き / 市場オッズ妙味
202604020306,2026-08-01,6,コスモスプモーニ,5.0,5.0,木幡巧,58.0,,9.0,9.0,2東京1,石和特別(2勝クラス),10.0,11.0,2阪神4,4歳以上2勝クラス,,,2中山7,館山特別(2勝クラス),10.0,9.0,3東京4,芦ノ湖特別(2勝クラス),6.0,7.0,2東京10,調布特別(2勝クラス),192.1,12.0,2026-08-01 05:05:09,jra,2026-08-01,40.14,35.2,51.8,0.0,48.0,54.3,45.0,履歴少
202604020306,2026-08-01,6,コンフォルツァ,10.0,7.0,丸山,58.0,,2.0,4.0,3東京2,香港ジョッキーCT(2勝クラス),3.0,4.0,1新潟6,信濃川特別(2勝クラス),2.0,2.0,1新潟1,胎内川特別(2勝クラス),6.0,1.0,5阪神2,3歳以上2勝クラス,3.0,6.0,5東京4,3歳以上2勝クラス,3.4,1.0,2026-08-01 05:05:09,jra,2026-08-01,66.05,84.5,53.1,85.4,59.0,55.9,45.0,履歴少 / 安定感
202607020306,2026-08-01,6,ゴールデンオスカー,2.0,1.0,高倉,58.0,,15.0,13.0,3京都4,東大路S(3勝クラス),12.0,9.0,1東京1,白嶺S(3勝クラス),11.0,2.0,4東京2,赤富士S(3勝クラス),1.0,7.0,3東京2,小金井特別(2勝クラス),11.0,3.0,2東京4,4歳以上2勝クラス,78.3,11.0,2026-08-01 04:57:09,jra,2026-08-01,27.21,23.6,28.4,14.6,12.5,43.1,45.0,履歴少
202601010306,2026-08-01,6,シェーンルスカ,6.0,6.0,丹内,56.0,,13.0,14.0,1函館11,3歳以上1勝クラス,15.0,15.0,1福島2,4歳以上1勝クラス,14.0,14.0,5中京3,3歳以上1勝クラス,1.0,2.0,名古屋,C13組,2.0,2.0,名古屋,3歳8組,40.4,9.0,2026-08-01 04:49:09,jra,2026-08-01,31.93,11.1,52.6,10.3,20.0,57.6,45.0,地方実績を中央換算 / 履歴少 / 市場オッズ妙味
202607020306,2026-08-01,6,シゲルソロソロ,5.0,3.0,幸,56.0,,13.0,9.0,3中山4,アリエスS(3勝クラス),5.0,13.0,1阪神1,鳴門S(3勝クラス),9.0,11.0,1京都6,羅生門S(3勝クラス),13.0,7.0,4中京1,伊賀S(3勝クラス),9.0,10.0,3中京4,桶狭間S(3勝クラス),62.2,10.0,2026-08-01 04:57:09,jra,2026-08-01,39.15,29.6,52.8,24.9,26.0,54.1,45.0,履歴少
202607020306,2026-08-01,6,スナッピードレッサ,3.0,2.0,岩田望,58.0,,2.0,1.0,3東京1,麦秋S(3勝クラス),1.0,1.0,2東京2,4歳以上2勝クラス,1.0,1.0,1東京7,4歳以上1勝クラス,6.0,2.0,1中山3,黒竹賞(1勝クラス),4.0,1.0,5東京7,カトレアS(OP),1.7,1.0,2026-08-01 04:57:09,jra,2026-08-01,63.04,89.3,41.6,85.4,56.0,47.1,45.0,履歴少 / 安定感
202607020306,2026-08-01,6,スニーカースキル,7.0,4.0,コレット,56.0,,3.0,7.0,2東京8,BSイレブン賞(3勝クラス),2.0,7.0,3京都4,東大路S(3勝クラス),1.0,4.0,1阪神8,4歳以上2勝クラス,5.0,8.0,1京都7,小倉山特別(2勝クラス),,5.0,5東京6,3歳以上2勝クラス,14.9,4.0,2026-08-01 04:57:09,jra,2026-08-01,74.28,87.1,77.3,89.7,48.0,73.7,45.0,履歴少 / 人気以上に走る傾向 / 安定感 / 過小評価傾向
202604020306,2026-08-01,6,スピンザブラッド,11.0,8.0,田辺,58.0,,14.0,10.0,2東京12,青嵐賞(2勝クラス),1.0,4.0,1新潟3,粟島特別(1勝クラス),4.0,6.0,1福島4,4歳以上1勝クラス,6.0,3.0,1小倉4,4歳以上1勝クラス,2.0,4.0,3福島1,3歳以上1勝クラス,28.7,9.0,2026-08-01 05:05:09,jra,2026-08-01,46.77,58.2,47.9,55.0,0.0,56.3,45.0,履歴少 / 市場オッズ妙味
202604020306,2026-08-01,6,セイロンジェムズ,3.0,3.0,戸崎圭,58.0,,1.0,1.0,2東京12,4歳以上1勝クラス,4.0,11.0,1東京1,4歳以上1勝クラス,10.0,7.0,2新潟1,3歳以上1勝クラス,9.0,7.0,2東京9,4歳以上1勝クラス,9.0,3.0,3中山5,4歳以上1勝クラス,5.0,2.0,2026-08-01 05:05:09,jra,2026-08-01,60.05,63.8,51.7,55.3,92.0,54.2,45.0,履歴少 / 近走上向き
202601010306,2026-08-01,6,セガンティーニ,4.0,4.0,斎藤,56.0,,12.0,4.0,1札幌1,3歳以上1勝クラス,2.0,6.0,1新潟8,4歳以上1勝クラス,5.0,6.0,1新潟4,4歳以上1勝クラス,10.0,4.0,1福島3,4歳以上1勝クラス,4.0,1.0,1小倉11,4歳以上1勝クラス,8.7,4.0,2026-08-01 04:49:09,jra,2026-08-01,41.92,52.0,33.0,55.0,9.5,51.4,45.0,履歴少
202604020306,2026-08-01,6,タイセイプランセス,1.0,1.0,石橋脩,56.0,,1.0,8.0,3東京5,3歳以上1勝クラス,12.0,4.0,1東京1,4歳以上1勝クラス,7.0,1.0,4東京3,3歳以上1勝クラス,9.0,8.0,4阪神4,関西TVローズS(GII),11.0,9.0,2東京10,優駿牝馬(GI),5.4,3.0,2026-08-01 05:05:09,jra,2026-08-01,51.16,51.0,40.2,30.4,100.0,50.7,45.0,履歴少 / 近走上向き
202604020306,2026-08-01,6,ツルマウカタチ,7.0,6.0,嶋田,58.0,,6.0,6.0,2東京11,葉山特別(2勝クラス),13.0,5.0,1新潟1,胎内川特別(2勝クラス),4.0,4.0,2中山6,4歳以上2勝クラス,4.0,7.0,1東京6,4歳以上2勝クラス,4.0,5.0,5東京7,3歳以上2勝クラス,32.6,10.0,2026-08-01 05:05:09,jra,2026-08-01,48.01,53.2,39.8,44.7,51.5,53.7,45.0,履歴少 / 市場オッズ妙味
202601010306,2026-08-01,6,テーオーナタリー,7.0,7.0,★河原田,50.0,,6.0,5.0,1函館9,3歳以上1勝クラス,8.0,3.0,1函館5,3歳以上1勝クラス,9.0,1.0,1函館2,3歳以上1勝クラス,4.0,12.0,3京都9,3歳1勝クラス,6.0,11.0,2阪神8,3歳1勝クラス,5.6,3.0,2026-08-01 04:49:09,jra,2026-08-01,45.3,53.6,39.9,14.6,54.5,56.7,45.0,履歴少
202607020306,2026-08-01,6,トゥロン,1.0,1.0,富田,56.0,,12.0,9.0,2東京8,BSイレブン賞(3勝クラス),4.0,8.0,1阪神1,鳴門S(3勝クラス),1.0,5.0,1京都7,小倉山特別(2勝クラス),4.0,5.0,4京都1,亀岡特別(2勝クラス),1.0,2.0,3京都7,3歳以上1勝クラス,84.5,12.0,2026-08-01 04:57:09,jra,2026-08-01,52.72,63.8,57.9,69.6,0.0,58.1,45.0,履歴少 / 安定感
202607020306,2026-08-01,6,ナッカーフェイス,12.0,6.0,秋山稔,58.0,,7.0,16.0,3京都4,東大路S(3勝クラス),12.0,12.0,1阪神5,なにわS(3勝クラス),9.0,8.0,5阪神1,妙見山S(3勝クラス),4.0,12.0,4京都2,貴船S(3勝クラス),14.0,11.0,4中京1,伊賀S(3勝クラス),113.0,15.0,2026-08-01 04:57:09,jra,2026-08-01,50.97,37.0,73.8,14.6,66.5,62.0,45.0,履歴少 / 人気以上に走る傾向 / 近走上向き
202607020306,2026-08-01,6,ニューオーリンズ,8.0,4.0,松若,58.0,,3.0,2.0,3阪神4,リボン賞(3勝クラス),2.0,1.0,2阪神4,天満橋S(3勝クラス),1.0,1.0,1阪神6,4歳以上2勝クラス,5.0,2.0,1京都4,4歳以上2勝クラス,1.0,2.0,5阪神8,3歳以上1勝クラス,4.9,2.0,2026-08-01 04:57:09,jra,2026-08-01,64.82,88.5,43.8,100.0,45.5,54.2,45.0,履歴少 / 安定感
202601010306,2026-08-01,6,パドゼフィール,3.0,3.0,松本,54.0,,10.0,3.0,2小倉2,3歳以上1勝クラス,9.0,10.0,1阪神5,3歳1勝クラス,1.0,2.0,1小倉5,3歳未勝利,6.0,9.0,5阪神3,2歳未勝利,5.0,5.0,3京都7,2歳未勝利,11.3,5.0,2026-08-01 04:49:09,jra,2026-08-01,43.71,53.0,41.3,30.1,21.5,59.0,45.0,履歴少
202607020306,2026-08-01,6,ピエマンソン,13.0,7.0,Ｍデムーロ,58.0,,3.0,6.0,3東京1,麦秋S(3勝クラス),8.0,5.0,3京都1,観月橋S(3勝クラス),9.0,1.0,1中京3,豊明S(3勝クラス),5.0,1.0,1京都6,羅生門S(3勝クラス),3.0,1.0,5阪神6,御影S(3勝クラス),31.0,8.0,2026-08-01 04:57:09,jra,2026-08-01,51.8,62.2,34.6,55.3,69.5,47.2,45.0,履歴少 / 近走上向き / 市場オッズ妙味
202604020306,2026-08-01,6,ホウオウトランプ,2.0,2.0,荻野極,58.0,,11.0,1.0,3京都8,4歳以上2勝クラス,4.0,2.0,3京都1,4歳以上2勝クラス,5.0,2.0,2阪神4,4歳以上2勝クラス,3.0,4.0,2京都6,春日特別(2勝クラス),1.0,3.0,1京都9,4歳以上1勝クラス,5.6,4.0,2026-08-01 05:05:09,jra,2026-08-01,42.95,61.0,23.6,69.6,3.5,49.5,45.0,履歴少 / 安定感
202607020306,2026-08-01,6,ホワイトガーベラ,6.0,3.0,田口,58.0,,13.0,16.0,3中山1,ブラッドストーンS(3勝クラス),11.0,14.0,4中山9,外房S(3勝クラス),11.0,13.0,3東京1,麦秋S(3勝クラス),9.0,12.0,1阪神3,なにわS(3勝クラス),8.0,14.0,1中山9,江戸川S(3勝クラス),86.2,14.0,2026-08-01 04:57:09,jra,2026-08-01,40.01,20.0,71.8,0.0,30.5,64.6,45.0,履歴少 / 人気以上に走る傾向
202604020306,2026-08-01,6,ミーントゥビー,12.0,8.0,松岡,56.0,,5.0,5.0,3東京4,芦ノ湖特別(2勝クラス),3.0,4.0,2東京7,調布特別(2勝クラス),4.0,4.0,3中山6,4歳以上2勝クラス,4.0,9.0,2中山7,館山特別(2勝クラス),7.0,5.0,1中山8,東雲賞(2勝クラス),12.3,7.0,2026-08-01 05:05:09,jra,2026-08-01,63.52,73.1,55.4,89.7,47.0,63.3,45.0,履歴少 / 安定感 / 市場オッズ妙味
202607020306,2026-08-01,6,メイショウクリフト,16.0,8.0,角田和,58.0,,15.0,14.0,1阪神5,なにわS(3勝クラス),11.0,9.0,4阪神2,オークランドTRT(3勝クラス),6.0,9.0,4中京2,長篠S(3勝クラス),16.0,16.0,2小倉7,テレQ杯(3勝クラス),13.0,11.0,1中京1,門松S(3勝クラス),185.0,16.0,2026-08-01 04:57:09,jra,2026-08-01,31.42,17.3,47.1,0.0,29.0,52.2,45.0,履歴少
202601010306,2026-08-01,6,メモリーデイズ,5.0,5.0,小沢,54.0,,1.0,4.0,1函館11,3歳未勝利,6.0,12.0,3京都12,3歳未勝利,8.0,13.0,2阪神4,3歳未勝利,5.0,10.0,1阪神10,3歳未勝利,15.0,14.0,1小倉11,3歳未勝利,11.5,6.0,2026-08-01 04:49:09,jra,2026-08-01,68.06,64.0,78.1,45.0,95.0,72.1,45.0,履歴少 / 人気以上に走る傾向 / 近走上向き / 過小評価傾向
202607020306,2026-08-01,6,ヤマニンアストロン,15.0,8.0,坂井,58.0,,3.0,3.0,3京都4,東大路S(3勝クラス),11.0,3.0,1中京3,豊明S(3勝クラス),3.0,7.0,1阪神1,鳴門S(3勝クラス),5.0,7.0,3京都8,長岡京S(3勝クラス),8.0,9.0,4阪神8,道頓堀S(3勝クラス),18.8,6.0,2026-08-01 04:57:09,jra,2026-08-01,57.48,61.6,44.3,64.7,72.5,61.6,45.0,履歴少 / 近走上向き / 安定感 / 市場オッズ妙味
202607020306,2026-08-01,6,ランウインディ,4.0,2.0,団野,56.0,,1.0,4.0,1中京2,伊良湖特別(2勝クラス),8.0,5.0,2京都6,4歳以上2勝クラス,4.0,7.0,3京都4,円山特別(2勝クラス),2.0,5.0,4阪神8,3歳以上2勝クラス,5.0,10.0,4阪神5,新涼特別(2勝クラス),86.2,13.0,2026-08-01 04:57:09,jra,2026-08-01,67.09,76.8,62.0,75.1,72.5,60.6,45.0,履歴少 / 近走上向き / 安定感
202604020306,2026-08-01,6,リカントロポ,9.0,7.0,三浦,58.0,,3.0,4.0,3京都1,4歳以上2勝クラス,4.0,3.0,1阪神10,皆生特別(2勝クラス),3.0,2.0,1阪神5,4歳以上2勝クラス,6.0,6.0,2京都6,春日特別(2勝クラス),5.0,3.0,4京都2,木津川特別(2勝クラス),10.7,6.0,2026-08-01 05:05:09,jra,2026-08-01,62.9,76.9,47.6,85.4,59.0,58.1,45.0,履歴少 / 安定感
202607020306,2026-08-01,6,リサシテーション,14.0,7.0,菱田,55.0,,1.0,3.0,3阪神2,洲本特別(2勝クラス),1.0,8.0,2阪神6,3歳1勝クラス,1.0,8.0,1中京5,3歳未勝利,13.0,16.0,1京都7,3歳未勝利,8.0,14.0,5阪神8,2歳未勝利,7.4,3.0,2026-08-01 04:57:09,jra,2026-08-01,75.91,80.2,83.6,75.1,78.5,74.8,45.0,履歴少 / 人気以上に走る傾向 / 近走上向き / 安定感
202607020306,2026-08-01,6,ルシフェル,10.0,5.0,吉村,56.0,,10.0,1.0,3京都4,東大路S(3勝クラス),2.0,9.0,1中京3,豊明S(3勝クラス),18.0,9.0,1中山8,初富士S(3勝クラス),8.0,6.0,5東京4,ユートピアS(3勝クラス),8.0,6.0,4阪神1,西宮S(3勝クラス),16.9,5.0,2026-08-01 04:57:09,jra,2026-08-01,38.48,42.4,27.1,24.9,44.0,52.3,45.0,履歴少 / 市場オッズ妙味
202607020306,2026-08-01,6,レイズカイザー,11.0,6.0,西村淳,58.0,,13.0,8.0,3京都4,東大路S(3勝クラス),9.0,6.0,1東京5,銀蹄S(3勝クラス),4.0,9.0,5阪神6,御影S(3勝クラス),6.0,8.0,4東京4,テレビ静岡賞(3勝クラス),11.0,4.0,2阪神8,天満橋S(3勝クラス),55.5,9.0,2026-08-01 04:57:09,jra,2026-08-01,34.88,36.0,38.0,19.8,17.0,48.3,45.0,履歴少
202607020306,2026-08-01,6,ヴィリアリート,9.0,5.0,西塚,56.0,,1.0,1.0,3京都6,4歳以上2勝クラス,16.0,1.0,1小倉3,平尾台特別(2勝クラス),7.0,2.0,5阪神1,3歳以上2勝クラス,7.0,5.0,2京都3,ユニコーンS(GIII),8.0,6.0,1東京8,ヒヤシンスS(L),26.8,7.0,2026-08-01 04:57:09,jra,2026-08-01,43.85,52.8,13.4,30.4,100.0,40.7,45.0,履歴少 / 近走上向き / 市場オッズ妙味
202607020307,2026-08-01,7,アイルシャイン,11.0,8.0,コレット,56.0,,2.0,7.0,2小倉7,テレQ杯(3勝クラス),12.0,13.0,3阪神4,花のみちS(3勝クラス),10.0,7.0,2京都4,石清水S(3勝クラス),1.0,4.0,3京都5,4歳以上2勝クラス,1.0,5.0,1中京2,4歳以上1勝クラス,24.8,9.0,2026-08-01 04:32:29,jra,2026-08-01,61.41,61.4,64.2,55.3,74.0,62.8,45.0,履歴少 / 近走上向き / 市場オッズ妙味
202604020307,2026-08-01,7,アデランテ,5.0,3.0,吉田豊,55.0,,15.0,6.0,2東京12,ARF杯薫風S(3勝クラス),1.0,6.0,1東京5,4歳以上2勝クラス,1.0,5.0,4東京4,3歳以上1勝クラス,15.0,5.0,2新潟6,3歳以上1勝クラス,2.0,4.0,2東京7,3歳1勝クラス,9.1,6.0,2026-08-01 04:40:29,jra,2026-08-01,42.58,54.2,36.3,55.0,0.0,54.2,45.0,履歴少
202604020307,2026-08-01,7,アラレタバシル,2.0,2.0,丸山,56.0,,7.0,7.0,3京都1,観月橋S(3勝クラス),4.0,4.0,1中京6,伊勢S(3勝クラス),5.0,3.0,1阪神4,伊丹S(3勝クラス),5.0,2.0,1中山6,アレキサンドライトS(3勝クラス),1.0,2.0,5中京3,鳴海特別(2勝クラス),8.3,5.0,2026-08-01 04:40:29,jra,2026-08-01,54.35,68.4,44.9,69.6,30.5,56.4,45.0,履歴少 / 安定感
202607020307,2026-08-01,7,アンドゥーリル,2.0,2.0,川田,54.0,,8.0,8.0,2東京6,NHKマイルC(GI),8.0,2.0,2阪神3,チャーチルダウンズC(GIII),7.0,1.0,5中山7,ホープフルS(GI),1.0,1.0,4東京6,アイビーS(L),1.0,1.0,3中京6,2歳未勝利,2.4,1.0,2026-08-01 04:32:29,jra,2026-08-01,41.39,59.5,31.2,24.9,27.5,45.9,45.0,履歴少
202604020307,2026-08-01,7,エイブラムス,3.0,2.0,今村,54.0,,6.0,14.0,2東京8,BSイレブン賞(3勝クラス),7.0,11.0,1中京6,伊勢S(3勝クラス),1.0,4.0,船橋,ハートビートレイン(A2B1),9.0,13.0,5中京3,鳴海特別(2勝クラス),6.0,10.0,4新潟3,菅名岳特別(2勝クラス),16.4,8.0,2026-08-01 04:40:29,jra,2026-08-01,57.91,54.1,83.4,11.5,48.5,79.0,45.0,履歴少 / 人気以上に走る傾向 / 過小評価傾向 / 市場オッズ妙味
202607020307,2026-08-01,7,エポックヴィーナス,10.0,8.0,田山,54.0,,8.0,8.0,3阪神4,花のみちS(3勝クラス),6.0,2.0,3京都8,錦S(3勝クラス),7.0,10.0,2阪神5,サンスポ杯阪神牝馬S(GII),7.0,9.0,1中京5,マレーシアC(3勝クラス),9.0,9.0,5中山8,2025ファイナルS(3勝クラス),14.0,6.0,2026-08-01 04:32:29,jra,2026-08-01,44.41,49.9,49.2,0.0,45.5,61.9,45.0,履歴少 / 市場オッズ妙味
202604020307,2026-08-01,7,オレデイイノカ,15.0,8.0,松岡,53.0,,,,3東京1,麦秋S(3勝クラス),9.0,15.0,3中山4,アリエスS(3勝クラス),15.0,13.0,1中山6,アレキサンドライトS(3勝クラス),7.0,13.0,5中山2,市川S(3勝クラス),11.0,11.0,4東京8,河口湖S(3勝クラス),71.6,15.0,2026-08-01 04:40:29,jra,2026-08-01,44.83,26.8,69.9,0.0,62.0,61.6,45.0,履歴少 / 人気以上に走る傾向
202607020307,2026-08-01,7,オールセインツ,3.0,3.0,富田,56.0,,12.0,4.0,2京都5,飛鳥S(3勝クラス),4.0,7.0,1中山3,迎春S(3勝クラス),7.0,7.0,5阪神4,オリオンS(3勝クラス),12.0,2.0,3新潟3,日本海S(3勝クラス),5.0,5.0,2小倉8,小倉記念(GIII),26.0,10.0,2026-08-01 04:32:29,jra,2026-08-01,36.03,41.6,28.0,35.3,20.0,46.5,45.0,履歴少 / 市場オッズ妙味
202604020307,2026-08-01,7,カフェニクス,13.0,7.0,江田照,52.0,,12.0,13.0,1新潟1,三条S(3勝クラス),10.0,12.0,1東京5,銀蹄S(3勝クラス),8.0,5.0,4東京11,秋嶺S(3勝クラス),8.0,4.0,4東京4,テレビ静岡賞(3勝クラス),5.0,4.0,2東京8,BSイレブン賞(3勝クラス),35.1,11.0,2026-08-01 04:40:29,jra,2026-08-01,36.48,32.8,46.7,10.3,24.5,53.0,45.0,履歴少 / 市場オッズ妙味
202607020307,2026-08-01,7,キングメーカー,5.0,5.0,Ｍデムーロ,55.0,,13.0,7.0,2東京12,IFHA杯むらさき賞(3勝クラス),3.0,5.0,3京都8,錦S(3勝クラス),6.0,9.0,3京都2,センテニアルパークS(3勝クラス),9.0,2.0,2京都4,石清水S(3勝クラス),5.0,5.0,1京都4,新春S(3勝クラス),18.5,8.0,2026-08-01 04:32:29,jra,2026-08-01,39.76,46.3,37.7,35.3,6.5,58.8,45.0,履歴少 / 市場オッズ妙味
202604020307,2026-08-01,7,クロニクル,12.0,7.0,田辺,55.0,,8.0,14.0,3京都4,東大路S(3勝クラス),9.0,9.0,3中山7,下総S(3勝クラス),13.0,5.0,1阪神4,伊丹S(3勝クラス),6.0,7.0,5阪神7,摩耶S(3勝クラス),2.0,4.0,4阪神9,堺S(3勝クラス),13.6,7.0,2026-08-01 04:40:29,jra,2026-08-01,44.62,41.4,54.2,10.3,47.0,61.8,45.0,履歴少 / 市場オッズ妙味
202607020307,2026-08-01,7,ケーブパール,1.0,1.0,西塚,54.0,,6.0,7.0,3阪神4,花のみちS(3勝クラス),8.0,6.0,1阪神6,岸和田S(3勝クラス),10.0,3.0,1京都9,山城S(3勝クラス),4.0,3.0,3京都8,長岡京S(3勝クラス),1.0,3.0,4阪神5,Mモーリス(2勝クラス),4.0,2.0,2026-08-01 04:32:29,jra,2026-08-01,45.68,56.2,39.4,24.9,48.5,51.4,45.0,履歴少
202604020307,2026-08-01,7,ゲンパチムサシ,7.0,4.0,小崎,53.0,,17.0,17.0,2東京12,IFHA杯むらさき賞(3勝クラス),12.0,15.0,1京都5,雅S(3勝クラス),11.0,14.0,5阪神4,竹田城S(3勝クラス),8.0,13.0,2京都11,桃山S(3勝クラス),4.0,15.0,2中京6,伊勢S(3勝クラス),60.9,14.0,2026-08-01 04:40:29,jra,2026-08-01,38.62,21.2,72.4,10.3,0.5,67.8,45.0,履歴少 / 人気以上に走る傾向 / 過小評価傾向
202601010307,2026-08-01,7,コスモクラシック,11.0,8.0,▲和田陽,54.0,,3.0,9.0,1函館11,3歳未勝利,11.0,8.0,1函館9,3歳未勝利,3.0,9.0,1函館4,3歳未勝利,15.0,3.0,1福島2,3歳未勝利,13.0,5.0,3福島5,2歳未勝利,17.8,10.0,2026-08-01 04:16:14,jra,2026-08-01,54.65,47.5,47.8,50.2,95.0,56.8,45.0,履歴少 / 近走上向き / 市場オッズ妙味
202601010307,2026-08-01,7,サウンドファミリエ,5.0,5.0,横山武,55.0,,2.0,9.0,1函館10,3歳未勝利,7.0,15.0,1函館3,3歳未勝利,6.0,16.0,1新潟2,3歳未勝利,8.0,13.0,2京都6,3歳未勝利,11.0,15.0,5中山5,2歳新馬,9.3,4.0,2026-08-01 04:16:14,jra,2026-08-01,71.04,61.3,100.0,30.4,86.0,81.6,45.0,履歴少 / 人気以上に走る傾向 / 近走上向き / 過小評価傾向
202601010307,2026-08-01,7,サトノフレア,6.0,5.0,佐々木,57.0,,16.0,2.0,5中山7,2歳未勝利,2.0,1.0,5東京3,2歳新馬,,,,,,,,,,,,,2.9,1.0,2026-08-01 04:16:14,jra,2026-08-01,31.56,40.8,18.0,31.7,18.0,38.2,45.0,履歴少 / サンプル少
202604020307,2026-08-01,7,サンセットブライト,4.0,3.0,木幡巧,52.0,,16.0,16.0,2東京10,丹沢S(3勝クラス),6.0,12.0,1新潟1,三条S(3勝クラス),9.0,13.0,2中山3,上総S(3勝クラス),11.0,13.0,1小倉5,豊前S(3勝クラス),6.0,9.0,5中山6,北総S(3勝クラス),42.1,12.0,2026-08-01 04:40:29,jra,2026-08-01,39.18,31.2,70.2,0.0,2.0,63.2,45.0,履歴少 / 人気以上に走る傾向
202604020307,2026-08-01,7,ショウサンジョージ,14.0,8.0,国分優,55.0,,10.0,8.0,3京都7,上賀茂S(3勝クラス),4.0,10.0,3京都1,観月橋S(3勝クラス),1.0,4.0,1京都9,4歳以上2勝クラス,8.0,7.0,1京都1,天ケ瀬特別(2勝クラス),6.0,3.0,5中京3,鳴海特別(2勝クラス),8.1,4.0,2026-08-01 04:40:29,jra,2026-08-01,51.07,59.8,57.2,44.7,18.5,60.9,45.0,履歴少
202607020307,2026-08-01,7,テラメリタ,8.0,7.0,酒井,53.0,,9.0,3.0,3阪神4,花のみちS(3勝クラス),1.0,1.0,1阪神10,皆生特別(2勝クラス),2.0,3.0,1阪神2,天神橋特別(2勝クラス),5.0,2.0,5阪神8,フォーチュンC(2勝クラス),3.0,1.0,5中京2,志摩特別(2勝クラス),12.8,5.0,2026-08-01 04:32:29,jra,2026-08-01,50.49,72.6,34.1,69.6,12.5,54.4,45.0,履歴少 / 安定感 / 市場オッズ妙味
202601010307,2026-08-01,7,ディープマウンテン,2.0,2.0,吉田隼,55.0,,12.0,13.0,1函館11,3歳未勝利,,,1函館7,3歳未勝利,7.0,12.0,2東京4,3歳未勝利,6.0,10.0,3中山5,3歳未勝利,13.0,7.0,1中京4,3歳未勝利,70.6,12.0,2026-08-01 04:16:14,jra,2026-08-01,39.46,30.8,61.7,0.0,30.0,56.8,45.0,履歴少
202607020307,2026-08-01,7,ノクナレア,9.0,7.0,団野,54.0,,6.0,2.0,3京都12,渡月橋S(3勝クラス),1.0,1.0,1中京5,フィリピンT(2勝クラス),1.0,1.0,5中京6,3歳以上1勝クラス,3.0,3.0,3中京1,3歳以上1勝クラス,2.0,2.0,3阪神3,3歳以上1勝クラス,9.7,4.0,2026-08-01 04:32:29,jra,2026-08-01,57.45,84.7,41.5,69.6,24.5,57.1,45.0,履歴少 / 安定感
202601010307,2026-08-01,7,ハヤテノオジョー,1.0,1.0,小沢,55.0,,3.0,2.0,盛岡,アンバー賞(3歳),11.0,10.0,3京都6,3歳未勝利,8.0,8.0,3京都3,3歳未勝利,6.0,10.0,2中山2,3歳1勝クラス,8.0,9.0,1小倉6,3歳未勝利,11.4,6.0,2026-08-01 04:16:14,jra,2026-08-01,47.92,38.5,52.1,13.7,81.5,62.3,45.0,履歴少 / 近走上向き
202607020307,2026-08-01,7,ハワイアンティアレ,6.0,6.0,吉村,53.0,,10.0,9.0,3京都8,錦S(3勝クラス),8.0,11.0,1新潟1,三条S(3勝クラス),14.0,8.0,1阪神4,伊丹S(3勝クラス),4.0,6.0,2京都1,舞鶴S(3勝クラス),12.0,7.0,1京都4,新春S(3勝クラス),16.7,7.0,2026-08-01 04:32:29,jra,2026-08-01,39.21,31.8,43.2,14.6,47.0,57.4,45.0,履歴少 / 市場オッズ妙味
202601010307,2026-08-01,7,ヒメヒオウギ,10.0,7.0,★河原田,51.0,,4.0,5.0,1函館7,3歳未勝利,4.0,11.0,1函館2,3歳未勝利,6.0,9.0,3京都5,3歳未勝利,5.0,11.0,2阪神8,3歳未勝利,13.0,13.0,1阪神9,3歳未勝利,6.0,2.0,2026-08-01 04:16:14,jra,2026-08-01,66.56,64.2,74.6,69.9,68.0,68.7,45.0,履歴少 / 人気以上に走る傾向 / 近走上向き / 安定感
202601010307,2026-08-01,7,フォルストランキル,9.0,7.0,◇古川奈,53.0,,7.0,7.0,1札幌1,3歳未勝利,13.0,6.0,1函館10,3歳未勝利,15.0,2.0,3阪神6,3歳未勝利,6.0,3.0,2阪神3,3歳未勝利,2.0,6.0,1中京2,3歳未勝利,13.7,9.0,2026-08-01 04:16:14,jra,2026-08-01,34.84,35.1,19.6,10.3,62.0,50.9,45.0,履歴少 / 市場オッズ妙味
202604020307,2026-08-01,7,フームスムート,10.0,6.0,丸田,54.0,,6.0,9.0,2福島5,障害3歳以上OP,5.0,6.0,3京都12,障害4歳以上OP,5.0,7.0,3京都1,障害4歳以上OP,7.0,9.0,1京都3,牛若丸ジャンプS(OP),,7.0,5中山1,イルミネーションJS(OP),60.3,13.0,2026-08-01 04:40:29,jra,2026-08-01,57.04,62.7,64.4,44.7,48.0,60.0,45.0,履歴少
202604020307,2026-08-01,7,ブルータス,9.0,5.0,荻野極,56.0,,1.0,1.0,5中山1,鹿島特別(2勝クラス),3.0,4.0,4新潟3,菅名岳特別(2勝クラス),9.0,12.0,4中山5,朝日セントライト記念(GII),1.0,1.0,2福島8,3歳以上1勝クラス,3.0,3.0,2福島1,3歳以上1勝クラス,6.2,3.0,2026-08-01 04:40:29,jra,2026-08-01,67.03,81.7,55.9,80.2,68.0,60.4,45.0,履歴少 / 近走上向き / 安定感
202604020307,2026-08-01,7,ベルダイナフェロー,1.0,1.0,武藤,52.0,,8.0,11.0,2東京6,立夏S(3勝クラス),13.0,12.0,1小倉9,小倉城S(3勝クラス),11.0,13.0,1東京1,白嶺S(3勝クラス),1.0,3.0,4東京9,三鷹特別(2勝クラス),4.0,12.0,4東京2,3歳以上2勝クラス,26.6,10.0,2026-08-01 04:40:29,jra,2026-08-01,49.18,40.8,65.2,24.9,45.5,65.4,45.0,履歴少 / 人気以上に走る傾向 / 過小評価傾向 / 市場オッズ妙味
202604020307,2026-08-01,7,ペンナヴェローチェ,6.0,4.0,戸崎圭,57.0,,7.0,2.0,3京都11,桃山S(3勝クラス),2.0,3.0,3京都7,上賀茂S(3勝クラス),3.0,4.0,3京都1,観月橋S(3勝クラス),3.0,2.0,2阪神6,梅田S(3勝クラス),4.0,2.0,2京都6,北山S(3勝クラス),5.5,2.0,2026-08-01 04:40:29,jra,2026-08-01,54.17,75.4,40.0,69.6,26.0,53.4,45.0,履歴少 / 安定感
202601010307,2026-08-01,7,ボーントゥラブユー,4.0,4.0,鮫島駿,55.0,,12.0,3.0,1函館10,3歳未勝利,6.0,7.0,1函館7,3歳未勝利,5.0,8.0,1函館2,3歳未勝利,5.0,6.0,2東京7,3歳未勝利,7.0,7.0,1福島3,3歳未勝利,13.5,8.0,2026-08-01 04:16:14,jra,2026-08-01,40.92,47.3,37.8,34.3,12.5,60.6,45.0,履歴少 / 市場オッズ妙味
202601010307,2026-08-01,7,マリノリュミエール,8.0,6.0,☆舟山,54.0,,9.0,4.0,1函館12,3歳未勝利,7.0,10.0,1新潟7,3歳未勝利,3.0,14.0,1新潟1,3歳未勝利,13.0,14.0,5中山5,2歳未勝利,9.0,6.0,4東京11,2歳未勝利,31.2,11.0,2026-08-01 04:16:14,jra,2026-08-01,47.29,44.8,58.7,19.8,44.0,60.9,45.0,履歴少 / 市場オッズ妙味
202601010307,2026-08-01,7,マンサニージャ,12.0,8.0,▲小林美,52.0,,7.0,2.0,1函館9,3歳未勝利,3.0,4.0,1函館5,3歳未勝利,6.0,6.0,1函館2,3歳未勝利,6.0,7.0,3中山5,3歳未勝利,3.0,5.0,2中山5,3歳未勝利,9.0,3.0,2026-08-01 04:16:14,jra,2026-08-01,50.1,66.0,43.6,35.3,35.0,58.7,45.0,履歴少
202607020307,2026-08-01,7,ミエスペランサ,4.0,4.0,西村淳,54.0,,13.0,7.0,1新潟6,弥彦S(3勝クラス),4.0,16.0,1中京5,マレーシアC(3勝クラス),10.0,7.0,1東京4,初音S(3勝クラス),4.0,10.0,5阪神2,元町S(3勝クラス),5.0,7.0,3京都4,三年坂S(3勝クラス),8.0,3.0,2026-08-01 04:32:29,jra,2026-08-01,47.55,43.8,61.6,49.8,6.5,66.0,45.0,履歴少 / 過小評価傾向
202607020307,2026-08-01,7,ミストレス,7.0,6.0,坂井,53.0,,10.0,13.0,2新潟1,新潟日報賞(3勝クラス),9.0,10.0,2阪神8,立雲峡S(3勝クラス),17.0,14.0,2阪神4,心斎橋S(3勝クラス),13.0,13.0,1阪神6,岸和田S(3勝クラス),11.0,8.0,5阪神6,六甲アイランドS(3勝クラス),32.7,11.0,2026-08-01 04:32:29,jra,2026-08-01,38.07,20.1,51.8,0.0,65.0,55.0,45.0,履歴少 / 近走上向き / 市場オッズ妙味
202601010307,2026-08-01,7,モンロワイヤル,7.0,6.0,丹内,57.0,,6.0,1.0,1函館11,3歳未勝利,3.0,1.0,2小倉2,3歳未勝利,5.0,2.0,1新潟2,3歳未勝利,3.0,4.0,1福島3,3歳未勝利,3.0,6.0,1小倉8,3歳未勝利,11.5,7.0,2026-08-01 04:16:14,jra,2026-08-01,53.93,73.5,34.9,69.6,35.0,56.5,45.0,履歴少 / 安定感
202601010307,2026-08-01,7,ライフイズカラフル,3.0,3.0,斎藤,57.0,,7.0,9.0,3阪神5,3歳未勝利,8.0,4.0,3京都1,3歳未勝利,5.0,5.0,2阪神5,3歳未勝利,3.0,7.0,1小倉8,3歳未勝利,5.0,8.0,1京都9,3歳未勝利,9.6,5.0,2026-08-01 04:16:14,jra,2026-08-01,52.91,59.5,53.5,44.7,39.5,62.9,45.0,履歴少
202604020307,2026-08-01,7,ラフエイジアン,8.0,5.0,原,55.0,,9.0,5.0,2福島2,鶴ヶ城S(3勝クラス),6.0,8.0,3中山7,下総S(3勝クラス),5.0,9.0,2中山3,上総S(3勝クラス),4.0,10.0,5中山6,北総S(3勝クラス),10.0,6.0,4東京8,河口湖S(3勝クラス),26.1,9.0,2026-08-01 04:40:29,jra,2026-08-01,48.71,53.3,53.7,34.3,33.5,58.9,45.0,履歴少 / 市場オッズ妙味
202604020307,2026-08-01,7,レイバックスピン,11.0,6.0,菊沢,53.0,,1.0,1.0,1新潟2,咲花特別(2勝クラス),2.0,3.0,2中山8,4歳以上2勝クラス,3.0,1.0,1阪神3,4歳以上2勝クラス,2.0,1.0,1中山7,4歳以上2勝クラス,4.0,2.0,5中山1,鹿島特別(2勝クラス),4.0,1.0,2026-08-01 04:40:29,jra,2026-08-01,67.92,91.2,46.5,100.0,60.5,53.3,45.0,履歴少 / 安定感
202601010308,2026-08-01,8,ウィズマスタング,2.0,2.0,横山武,58.0,,12.0,6.0,1函館11,3歳以上1勝クラス,6.0,6.0,2東京7,4歳以上1勝クラス,2.0,8.0,1福島5,4歳以上1勝クラス,8.0,4.0,1小倉12,4歳以上1勝クラス,4.0,4.0,1小倉8,4歳以上1勝クラス,6.1,3.0,2026-08-01 04:45:29,jra,2026-08-01,41.03,51.1,41.4,30.1,8.0,55.1,45.0,履歴少
202604020308,2026-08-01,8,ウィロークリーク,7.0,5.0,戸崎圭,55.0,,4.0,6.0,2東京4,プリンシパルS(L),1.0,1.0,2中山3,3歳未勝利,5.0,1.0,1中山8,3歳未勝利,2.0,1.0,1中山2,3歳未勝利,2.0,4.0,4東京10,2歳未勝利,7.5,2.0,2026-08-01 05:17:59,jra,2026-08-01,64.95,84.4,49.1,100.0,41.0,57.9,45.0,履歴少 / 安定感
202601010308,2026-08-01,8,エスシービクトリア,4.0,4.0,横山和,55.0,,2.0,2.0,2東京11,3歳1勝クラス,2.0,7.0,2中山5,3歳1勝クラス,2.0,6.0,2中山2,3歳1勝クラス,1.0,9.0,1中山4,3歳新馬,,,,,1.9,1.0,2026-08-01 04:45:29,jra,2026-08-01,74.46,93.3,75.0,89.7,48.0,66.5,45.0,履歴少 / 人気以上に走る傾向 / 安定感 / 過小評価傾向
202601010308,2026-08-01,8,エタンセル,1.0,1.0,浜中,55.0,,1.0,1.0,1新潟6,3歳未勝利,2.0,1.0,1福島3,3歳未勝利,2.0,2.0,3中山2,3歳未勝利,3.0,1.0,2中山3,3歳未勝利,3.0,10.0,1東京6,3歳新馬,10.0,4.0,2026-08-01 04:45:29,jra,2026-08-01,70.5,92.4,51.3,100.0,59.0,62.4,45.0,履歴少 / 安定感
202604020308,2026-08-01,8,エマージェンス,4.0,4.0,岩田康,58.0,,1.0,1.0,園田,C1,1.0,2.0,園田,C2一,5.0,2.0,園田,C1,7.0,2.0,園田,C1,2.0,3.0,園田,エリカ賞C1,69.3,11.0,2026-08-01 05:17:59,jra,2026-08-01,42.22,32.8,46.9,32.7,53.2,49.6,45.0,地方実績を中央換算 / 履歴少
202607020308,2026-08-01,8,エンマ,7.0,5.0,高倉,58.0,,8.0,9.0,2小倉6,八女特別(2勝クラス),6.0,7.0,3阪神6,3歳以上2勝クラス,9.0,8.0,3京都12,與杼特別(2勝クラス),8.0,5.0,2阪神1,4歳以上2勝クラス,3.0,6.0,1阪神8,4歳以上2勝クラス,42.7,7.0,2026-08-01 05:06:09,jra,2026-08-01,46.24,50.5,51.6,10.3,41.0,56.9,55.7,クラス条件好転 / 市場オッズ妙味
202604020308,2026-08-01,8,クモヒトツナイ,3.0,3.0,小林脩,58.0,,6.0,8.0,2福島4,3歳以上1勝クラス,10.0,6.0,3東京4,3歳以上1勝クラス,8.0,6.0,2東京8,4歳以上1勝クラス,6.0,6.0,3中山7,4歳以上1勝クラス,9.0,11.0,5東京7,3歳以上1勝クラス,51.0,9.0,2026-08-01 05:17:59,jra,2026-08-01,43.45,46.4,46.0,0.0,63.5,52.2,45.0,履歴少
202604020308,2026-08-01,8,サフランルージュ,1.0,1.0,木幡巧,53.0,,6.0,9.0,2福島6,織姫賞(1勝クラス),10.0,10.0,2東京3,スイートピーS(L),1.0,14.0,1福島1,3歳未勝利,,,,,,,,,65.2,10.0,2026-08-01 05:17:59,jra,2026-08-01,58.99,59.9,82.4,19.8,47.0,70.8,45.0,履歴少 / 人気以上に走る傾向 / 過小評価傾向
202601010308,2026-08-01,8,サマーナイト,8.0,7.0,佐々木,58.0,,6.0,7.0,3阪神1,3歳以上1勝クラス,4.0,7.0,3京都9,4歳以上1勝クラス,7.0,4.0,3京都2,4歳以上1勝クラス,2.0,6.0,2阪神6,4歳以上1勝クラス,7.0,10.0,1小倉9,4歳以上1勝クラス,20.0,6.0,2026-08-01 04:45:29,jra,2026-08-01,55.95,66.2,59.5,39.5,44.0,61.5,45.0,履歴少 / 市場オッズ妙味
202601010308,2026-08-01,8,シーリュウシー,5.0,5.0,小沢,58.0,,6.0,4.0,1函館10,3歳以上1勝クラス,2.0,11.0,3京都11,4歳以上1勝クラス,10.0,11.0,3京都9,4歳以上1勝クラス,4.0,7.0,1阪神6,4歳以上1勝クラス,16.0,13.0,1小倉11,脊振山特別(1勝クラス),24.2,7.0,2026-08-01 04:45:29,jra,2026-08-01,56.77,57.8,63.7,39.5,62.0,61.5,45.0,履歴少 / 市場オッズ妙味
202604020308,2026-08-01,8,スイートオレンジ,10.0,7.0,荻野極,56.0,,2.0,7.0,2福島8,3歳以上1勝クラス,7.0,5.0,1新潟4,荒川峡特別(1勝クラス),5.0,2.0,1福島3,桑折特別(1勝クラス),6.0,3.0,1中京1,鶴舞特別(1勝クラス),2.0,2.0,3福島1,三春駒特別(1勝クラス),12.0,3.0,2026-08-01 05:17:59,jra,2026-08-01,60.44,72.6,49.9,60.5,68.0,58.6,45.0,履歴少 / 近走上向き / 安定感 / 市場オッズ妙味
202607020308,2026-08-01,8,ソウルアンドジャズ,8.0,6.0,川須,58.0,,2.0,5.0,3阪神6,3歳以上2勝クラス,7.0,7.0,3京都12,與杼特別(2勝クラス),4.0,6.0,3京都8,4歳以上2勝クラス,9.0,3.0,2阪神6,川西特別(2勝クラス),3.0,2.0,2中山6,阿見特別(2勝クラス),38.0,5.0,2026-08-01 05:06:09,jra,2026-08-01,60.27,69.9,52.3,60.5,72.5,55.0,45.0,履歴少 / 近走上向き / 安定感 / 市場オッズ妙味
202601010308,2026-08-01,8,タイキインドラ,10.0,8.0,丹内,58.0,,10.0,3.0,2中山6,4歳以上1勝クラス,11.0,3.0,5中山4,3歳以上1勝クラス,1.0,4.0,5東京5,3歳以上1勝クラス,2.0,3.0,2札幌5,3歳未勝利,2.0,4.0,2札幌4,3歳未勝利,26.0,8.0,2026-08-01 04:45:29,jra,2026-08-01,41.0,56.2,27.8,44.7,14.0,50.5,45.0,履歴少 / 市場オッズ妙味
202607020308,2026-08-01,8,タガノマルアフ,9.0,6.0,菱田,58.0,,9.0,10.0,3東京3,日野特別(2勝クラス),11.0,13.0,1新潟4,五泉特別(2勝クラス),14.0,10.0,5東京7,3歳以上2勝クラス,12.0,12.0,3京都7,聚楽第特別(2勝クラス),1.0,4.0,4中京2,3歳以上1勝クラス,128.6,12.0,2026-08-01 05:06:09,jra,2026-08-01,40.16,28.0,52.3,10.3,53.0,54.8,45.0,履歴少
202601010308,2026-08-01,8,タマモスカイ,7.0,6.0,▲小林美,52.0,,6.0,6.0,2小倉6,3歳以上1勝クラス,1.0,6.0,2小倉1,3歳未勝利,6.0,5.0,3京都9,3歳未勝利,5.0,3.0,3京都5,3歳未勝利,,,,,12.2,5.0,2026-08-01 04:45:29,jra,2026-08-01,58.21,72.4,55.9,39.5,38.0,62.3,65.0,ダ適性 / 距離適性 / 前走人気以上 / 市場オッズ妙味
202604020308,2026-08-01,8,ティラーノ,12.0,8.0,三浦,55.0,,12.0,15.0,3京都5,京都新聞杯(GII),1.0,7.0,3中山6,3歳未勝利,6.0,4.0,2中山7,3歳未勝利,14.0,9.0,1東京1,3歳未勝利,5.0,6.0,1中山3,3歳未勝利,26.8,6.0,2026-08-01 05:17:59,jra,2026-08-01,46.54,47.5,59.7,35.3,17.0,58.2,45.0,履歴少 / 市場オッズ妙味
202607020308,2026-08-01,8,テンエースワン,6.0,5.0,Ｍデムーロ,58.0,,5.0,8.0,2小倉6,八女特別(2勝クラス),1.0,3.0,3京都5,4歳以上1勝クラス,7.0,6.0,1中京5,ロイヤルバンコク賞(1勝クラス),3.0,2.0,1阪神6,4歳以上1勝クラス,4.0,7.0,1京都7,4歳以上1勝クラス,53.6,8.0,2026-08-01 05:06:09,jra,2026-08-01,63.41,76.0,59.6,80.2,42.5,57.4,50.5,安定感
202604020308,2026-08-01,8,ディアアズール,6.0,5.0,丸山,53.0,,1.0,2.0,1新潟8,3歳未勝利,3.0,2.0,1新潟1,3歳未勝利,3.0,10.0,3中山6,3歳未勝利,6.0,8.0,5中山5,2歳新馬,,,,,44.5,8.0,2026-08-01 05:17:59,jra,2026-08-01,69.76,85.5,63.5,75.1,68.0,63.6,45.0,履歴少 / 近走上向き / 安定感 / 市場オッズ妙味
202604020308,2026-08-01,8,デリシュー,5.0,4.0,丸田,58.0,,5.0,8.0,2福島5,3歳以上1勝クラス,8.0,4.0,1福島6,4歳以上1勝クラス,4.0,7.0,1福島2,4歳以上1勝クラス,4.0,8.0,1小倉5,戸畑特別(1勝クラス),5.0,7.0,1小倉2,4歳以上1勝クラス,79.2,12.0,2026-08-01 05:17:59,jra,2026-08-01,60.22,64.8,59.1,75.1,51.5,58.7,45.0,履歴少 / 安定感
202601010308,2026-08-01,8,デルマホダカ,3.0,3.0,古川吉,53.0,,6.0,9.0,3京都3,矢車賞(1勝クラス),14.0,14.0,2中山5,3歳1勝クラス,1.0,7.0,1中山7,3歳未勝利,8.0,17.0,5中山8,2歳新馬,,,,,72.3,11.0,2026-08-01 04:45:29,jra,2026-08-01,55.87,49.5,76.6,19.8,60.0,68.1,45.0,履歴少 / 人気以上に走る傾向 / 過小評価傾向
202607020308,2026-08-01,8,ナリタヒカリ,13.0,8.0,太宰,56.0,,10.0,12.0,2小倉7,熊本城特別(2勝クラス),11.0,13.0,1阪神8,4歳以上2勝クラス,10.0,12.0,1小倉10,和布刈特別(2勝クラス),9.0,11.0,1小倉3,平尾台特別(2勝クラス),11.0,6.0,2札幌3,千歳特別(2勝クラス),108.4,11.0,2026-08-01 05:06:09,jra,2026-08-01,39.96,26.3,58.9,0.0,51.5,55.5,45.0,履歴少
202607020308,2026-08-01,8,バルダンツァ,12.0,8.0,岩田望,58.0,,6.0,6.0,2東京10,三峰山特別(2勝クラス),5.0,5.0,2東京1,4歳以上2勝クラス,4.0,9.0,1中京4,弥富特別(2勝クラス),10.0,12.0,1東京8,4歳以上2勝クラス,2.0,7.0,5東京5,3歳以上2勝クラス,27.8,3.0,2026-08-01 05:06:09,jra,2026-08-01,58.42,63.8,62.6,55.0,45.5,64.1,45.0,履歴少 / 市場オッズ妙味
202607020308,2026-08-01,8,ビルンバウム,3.0,3.0,松若,58.0,,1.0,3.0,3京都9,4歳以上1勝クラス,4.0,3.0,2阪神8,4歳以上1勝クラス,2.0,7.0,2阪神2,4歳以上1勝クラス,8.0,8.0,2阪神8,4歳以上1勝クラス,5.0,7.0,2阪神3,4歳以上1勝クラス,29.2,4.0,2026-08-01 05:06:09,jra,2026-08-01,69.34,81.0,60.9,85.4,72.5,61.5,45.0,履歴少 / 近走上向き / 安定感 / 市場オッズ妙味
202607020308,2026-08-01,8,ビービークローサー,10.0,7.0,坂井,55.0,,2.0,2.0,3京都11,鳳雛S(L),1.0,1.0,2東京1,3歳1勝クラス,2.0,7.0,2阪神4,バイオレットS(OP),2.0,4.0,1東京1,3歳1勝クラス,1.0,1.0,1京都3,3歳新馬,1.1,1.0,2026-08-01 05:06:09,jra,2026-08-01,70.53,94.8,59.0,100.0,47.0,55.0,45.0,履歴少 / 安定感
202601010308,2026-08-01,8,ブレイジングスター,9.0,7.0,▲和田陽,55.0,,4.0,6.0,1函館7,3歳以上1勝クラス,5.0,10.0,1函館3,3歳以上1勝クラス,13.0,7.0,1福島4,4歳以上1勝クラス,4.0,7.0,1小倉12,4歳以上1勝クラス,9.0,8.0,1小倉5,4歳以上1勝クラス,29.2,9.0,2026-08-01 04:45:29,jra,2026-08-01,59.01,55.6,57.0,69.9,72.5,58.2,45.0,履歴少 / 近走上向き / 安定感 / 市場オッズ妙味
202604020308,2026-08-01,8,ベルウッドクレド,2.0,2.0,大野,55.0,,11.0,14.0,2東京4,プリンシパルS(L),1.0,4.0,1東京3,3歳新馬,,,,,,,,,,,,,23.7,5.0,2026-08-01 05:17:59,jra,2026-08-01,46.05,48.8,57.0,31.7,18.0,58.7,45.0,履歴少 / サンプル少 / 市場オッズ妙味
202607020308,2026-08-01,8,ホープエトワール,2.0,2.0,秋山稔,58.0,,15.0,15.0,2福島7,米沢特別(2勝クラス),6.0,8.0,船橋,エメラルドマイル(B3),12.0,9.0,船橋,花まつり特別(B3),7.0,9.0,船橋,ユキヤナギ賞(B3),13.0,7.0,船橋,アメジスト特別(B3),172.4,13.0,2026-08-01 05:06:09,jra,2026-08-01,29.84,11.9,48.1,0.0,28.5,50.2,45.0,地方実績を中央換算 / 履歴少
202607020308,2026-08-01,8,ボクマダネムイヨ,4.0,4.0,西村淳,55.0,,5.0,1.0,3阪神1,加古川特別(2勝クラス),1.0,1.0,3京都10,3歳1勝クラス,4.0,3.0,1東京8,ヒヤシンスS(L),8.0,2.0,2京都1,3歳1勝クラス,3.0,1.0,1京都3,3歳1勝クラス,11.2,2.0,2026-08-01 05:06:09,jra,2026-08-01,56.29,75.7,32.5,85.4,44.0,51.8,45.0,履歴少 / 安定感
202604020308,2026-08-01,8,マイネルボス,13.0,8.0,柴田大,58.0,,7.0,10.0,2福島7,開成山特別(1勝クラス),7.0,10.0,2福島3,伊達特別(1勝クラス),5.0,14.0,1小倉11,脊振山特別(1勝クラス),7.0,13.0,1小倉8,4歳以上1勝クラス,5.0,11.0,1小倉4,足立山特別(1勝クラス),79.2,13.0,2026-08-01 05:17:59,jra,2026-08-01,59.53,56.8,84.5,30.1,44.0,71.1,45.0,履歴少 / 人気以上に走る傾向 / 過小評価傾向
202604020308,2026-08-01,8,ムーンストラック,8.0,6.0,菊沢,56.0,,1.0,5.0,2福島3,伊達特別(1勝クラス),6.0,10.0,1函館1,奥尻特別(1勝クラス),11.0,9.0,2東京10,4歳以上1勝クラス,10.0,7.0,1新潟4,荒川峡特別(1勝クラス),4.0,8.0,1福島3,桑折特別(1勝クラス),29.8,7.0,2026-08-01 05:17:59,jra,2026-08-01,60.93,61.2,62.6,40.7,90.5,60.9,45.0,履歴少 / 近走上向き / 市場オッズ妙味
202607020308,2026-08-01,8,メイケイロゼッタ,5.0,4.0,酒井,58.0,,7.0,10.0,3京都10,4歳以上2勝クラス,10.0,11.0,3京都5,4歳以上2勝クラス,11.0,10.0,1京都7,大津特別(2勝クラス),9.0,9.0,5阪神8,3歳以上2勝クラス,12.0,10.0,5中京3,鳴海特別(2勝クラス),103.2,10.0,2026-08-01 05:06:09,jra,2026-08-01,43.18,33.2,55.3,0.0,71.0,54.1,45.0,履歴少 / 近走上向き
202607020308,2026-08-01,8,メイショウクーガー,1.0,1.0,中井,58.0,,6.0,4.0,2小倉2,西部日刊スポーツ杯(2勝クラス),4.0,6.0,1新潟4,五泉特別(2勝クラス),1.0,3.0,1福島3,4歳以上1勝クラス,6.0,5.0,5中京6,3歳以上1勝クラス,5.0,6.0,5中京1,3歳以上1勝クラス,59.0,9.0,2026-08-01 05:06:09,jra,2026-08-01,56.1,72.7,51.7,55.0,38.0,54.8,45.0,履歴少
202601010308,2026-08-01,8,メイショウコシュウ,11.0,8.0,武豊,55.0,,1.0,2.0,3阪神1,3歳未勝利,3.0,1.0,3京都9,3歳未勝利,2.0,3.0,3京都1,2歳未勝利,6.0,1.0,1札幌1,2歳新馬,,,,,4.8,2.0,2026-08-01 04:45:29,jra,2026-08-01,63.87,87.3,44.3,75.1,66.0,52.6,45.0,履歴少 / 近走上向き / 安定感
202604020308,2026-08-01,8,モウエエデショー,9.0,6.0,野中,55.0,,4.0,4.0,2福島8,3歳以上1勝クラス,4.0,6.0,3中山3,山吹賞(1勝クラス),5.0,10.0,2中山4,報知弥生ディープ記念(GII),1.0,4.0,1小倉8,3歳未勝利,9.0,10.0,1中山1,3歳未勝利,12.8,4.0,2026-08-01 05:17:59,jra,2026-08-01,67.39,73.8,64.2,89.7,54.5,68.0,45.0,履歴少 / 安定感 / 過小評価傾向 / 市場オッズ妙味
202604020308,2026-08-01,8,リアライズルミナス,11.0,7.0,津村,53.0,,4.0,10.0,2東京10,優駿牝馬(GI),3.0,4.0,2東京2,サンスポ賞フローラS(GII),1.0,3.0,1阪神3,3歳未勝利,4.0,1.0,1京都3,3歳未勝利,2.0,1.0,5阪神5,2歳未勝利,1.3,1.0,2026-08-01 05:17:59,jra,2026-08-01,67.9,84.4,63.5,100.0,41.0,54.4,45.0,履歴少 / 安定感
202607020308,2026-08-01,8,レッドボブ,11.0,7.0,コレット,58.0,,8.0,5.0,3京都8,4歳以上2勝クラス,5.0,8.0,1中京4,弥富特別(2勝クラス),3.0,3.0,1阪神1,4歳以上2勝クラス,6.0,6.0,2京都5,4歳以上2勝クラス,1.0,2.0,5中京4,大須特別(1勝クラス),42.1,6.0,2026-08-01 05:06:09,jra,2026-08-01,52.39,66.0,49.6,55.0,24.5,56.9,45.0,履歴少 / 市場オッズ妙味
202601010308,2026-08-01,8,ロードスカイブルー,6.0,6.0,鮫島駿,58.0,,7.0,4.0,1新潟1,4歳以上1勝クラス,13.0,8.0,3中山7,4歳以上1勝クラス,15.0,3.0,1中山3,4歳以上1勝クラス,,,2札幌1,ニセコ特別(1勝クラス),1.0,1.0,1函館10,3歳未勝利,49.6,10.0,2026-08-01 04:45:29,jra,2026-08-01,31.26,31.8,12.9,10.3,66.0,40.0,45.0,履歴少 / 近走上向き / 市場オッズ妙味
202604020309,2026-08-01,9,アカツキロットリー,8.0,5.0,木幡育,58.0,,9.0,9.0,2阪神3,4歳以上1勝クラス,14.0,12.0,5中京6,3歳以上1勝クラス,8.0,14.0,5中山1,3歳以上1勝クラス,15.0,13.0,1福島4,4歳以上1勝クラス,10.0,3.0,名古屋,名古屋CCヴェスタ賞(A),162.0,15.0,2026-08-01 04:53:54,jra,2026-08-01,37.49,20.9,50.5,0.0,66.5,50.2,45.0,履歴少 / 近走上向き
202607020309,2026-08-01,9,アバットゥータ,3.0,3.0,▲井上,57.0,,5.0,1.0,2小倉3,障害3歳以上未勝利,2.0,3.0,3京都2,障害4歳以上未勝利,2.0,7.0,3中山3,障害4歳以上未勝利,5.0,3.0,1小倉5,障害4歳以上未勝利,4.0,5.0,1中山5,障害4歳以上未勝利,5.5,3.0,2026-08-01 04:41:29,jra,2026-08-01,63.34,79.6,48.8,100.0,39.5,57.9,45.0,履歴少 / 安定感
202604020309,2026-08-01,9,アルマーレシチー,14.0,8.0,吉田豊,58.0,,13.0,12.0,3東京3,3歳以上1勝クラス,4.0,11.0,1新潟7,4歳以上1勝クラス,4.0,12.0,1新潟3,4歳以上1勝クラス,8.0,11.0,2中山4,4歳以上1勝クラス,6.0,10.0,5中山8,3歳以上1勝クラス,18.4,7.0,2026-08-01 04:53:54,jra,2026-08-01,52.98,47.8,77.1,44.7,5.0,75.9,45.0,履歴少 / 人気以上に走る傾向 / 過小評価傾向 / 市場オッズ妙味
202601010309,2026-08-01,9,ウィルサヴァイブ,1.0,1.0,横山典,56.0,,12.0,7.0,1函館10,北海ハンデキャップ(2勝クラス),4.0,2.0,1函館5,洞爺湖特別(2勝クラス),6.0,3.0,2東京7,調布特別(2勝クラス),4.0,1.0,1小倉8,太宰府特別(2勝クラス),2.0,3.0,1京都9,4歳以上2勝クラス,12.4,4.0,2026-08-01 04:16:59,jra,2026-08-01,40.59,55.0,29.4,49.8,2.0,52.9,45.0,履歴少 / 市場オッズ妙味
202601010309,2026-08-01,9,ウインアクトゥール,4.0,4.0,原田和,58.0,,10.0,7.0,1函館5,洞爺湖特別(2勝クラス),13.0,7.0,2中山4,4歳以上2勝クラス,3.0,4.0,1小倉5,RKB賞(2勝クラス),11.0,7.0,4京都5,3歳以上2勝クラス,3.0,4.0,4新潟4,村上特別(2勝クラス),16.7,6.0,2026-08-01 04:16:59,jra,2026-08-01,38.02,37.7,31.2,30.1,35.0,54.8,45.0,履歴少 / 市場オッズ妙味
202601010309,2026-08-01,9,ウインベラーノ,5.0,5.0,斎藤,58.0,,1.0,5.0,1函館7,恵山特別(1勝クラス),4.0,4.0,1函館4,3歳以上1勝クラス,10.0,5.0,1小倉10,高千穂特別(1勝クラス),8.0,8.0,1小倉4,4歳以上1勝クラス,7.0,2.0,3福島3,土湯温泉特別(1勝クラス),16.7,7.0,2026-08-01 04:16:59,jra,2026-08-01,59.95,66.7,48.0,55.3,87.5,58.1,45.0,履歴少 / 近走上向き / 市場オッズ妙味
202604020309,2026-08-01,9,エアサロメ,10.0,6.0,三浦,54.0,,3.0,1.0,2東京7,3歳1勝クラス,4.0,5.0,2中山8,3歳1勝クラス,1.0,4.0,1中山1,3歳新馬,,,,,,,,,3.0,1.0,2026-08-01 04:53:54,jra,2026-08-01,63.59,85.6,52.2,75.1,47.0,56.8,45.0,履歴少 / 安定感
202607020309,2026-08-01,9,エターナルシルバー,10.0,8.0,草野,60.0,,6.0,8.0,1新潟7,障害4歳以上未勝利,11.0,7.0,3中山4,障害4歳以上未勝利,16.0,4.0,3新潟4,3歳未勝利,5.0,3.0,2新潟7,3歳未勝利,2.0,7.0,2新潟2,3歳未勝利,8.7,6.0,2026-08-01 04:41:29,jra,2026-08-01,42.26,42.7,32.3,24.9,65.0,52.1,45.0,履歴少 / 近走上向き
202604020309,2026-08-01,9,ガルディーノ,12.0,7.0,▲石田,53.0,,1.0,14.0,3中山2,3歳未勝利,16.0,16.0,1中山3,3歳未勝利,10.0,12.0,5中山4,2歳未勝利,12.0,13.0,4新潟3,2歳未勝利,9.0,16.0,4中山9,2歳新馬,39.1,10.0,2026-08-01 04:53:54,jra,2026-08-01,62.48,41.4,86.5,30.4,100.0,71.2,45.0,履歴少 / 人気以上に走る傾向 / 近走上向き / 過小評価傾向
202604020309,2026-08-01,9,キングクレオール,13.0,7.0,大野,58.0,,4.0,15.0,2福島4,3歳以上1勝クラス,12.0,12.0,2東京3,4歳以上1勝クラス,7.0,13.0,3中山4,4歳以上1勝クラス,12.0,12.0,2中山7,4歳以上1勝クラス,14.0,15.0,2中山2,4歳以上1勝クラス,31.3,9.0,2026-08-01 04:53:54,jra,2026-08-01,59.34,38.1,82.4,30.4,93.5,68.0,45.0,履歴少 / 人気以上に走る傾向 / 近走上向き / 過小評価傾向
202604020309,2026-08-01,9,クラシオン,6.0,4.0,菊沢,56.0,,1.0,8.0,5中京4,2歳未勝利,5.0,5.0,5東京5,2歳新馬,,,,,,,,,,,,,15.1,6.0,2026-08-01 04:53:54,jra,2026-08-01,59.13,65.1,60.3,48.4,58.7,64.9,45.0,履歴少 / サンプル少 / 市場オッズ妙味
202607020309,2026-08-01,9,クロライナ,6.0,6.0,伴,60.0,,11.0,9.0,2福島1,障害3歳以上未勝利,7.0,11.0,1新潟6,障害4歳以上未勝利,5.0,2.0,金沢,遠征!ソノ騎手をアイ(C1),2.0,2.0,金沢,C17,5.0,1.0,金沢,黒鉄一真結婚おめでと(C1特別),18.8,7.0,2026-08-01 04:41:29,jra,2026-08-01,39.15,32.4,49.2,19.7,26.2,59.0,45.0,地方実績を中央換算 / 履歴少 / 市場オッズ妙味
202604020309,2026-08-01,9,グッドヴァイブス,9.0,5.0,原,58.0,,7.0,9.0,1福島4,4歳以上1勝クラス,8.0,6.0,1福島1,4歳以上1勝クラス,10.0,6.0,1小倉6,4歳以上1勝クラス,15.0,2.0,5中山1,3歳以上1勝クラス,,4.0,2福島2,3歳以上1勝クラス,44.7,12.0,2026-08-01 04:53:54,jra,2026-08-01,36.19,36.0,29.9,0.0,74.0,39.7,45.0,履歴少 / 近走上向き
202604020309,2026-08-01,9,グランルチャドール,2.0,2.0,石橋脩,58.0,,1.0,2.0,2中山6,3歳未勝利,10.0,3.0,1小倉4,3歳未勝利,10.0,6.0,5中山7,2歳新馬,,,,,,,,,21.3,8.0,2026-08-01 04:53:54,jra,2026-08-01,49.52,57.1,29.2,30.4,100.0,45.5,45.0,履歴少 / 近走上向き / 市場オッズ妙味
202601010309,2026-08-01,9,サタデーサンライズ,7.0,7.0,北村友,56.0,,4.0,3.0,1函館10,北海ハンデキャップ(2勝クラス),8.0,3.0,1函館1,松前特別(2勝クラス),4.0,2.0,2京都6,春日特別(2勝クラス),1.0,1.0,5阪神7,3歳以上1勝クラス,2.0,5.0,4阪神9,3歳以上1勝クラス,2.9,2.0,2026-08-01 04:16:59,jra,2026-08-01,56.25,73.2,38.6,75.1,48.5,51.3,45.0,履歴少 / 安定感
202607020309,2026-08-01,9,サトノドルチェ,9.0,7.0,大江圭,60.0,,7.0,4.0,園田,C2一,3.0,6.0,姫路,C2一,4.0,2.0,姫路,C2一,2.0,3.0,姫路,C2一,5.0,6.0,園田,C2一,28.0,10.0,2026-08-01 04:41:29,jra,2026-08-01,39.22,27.6,49.0,26.6,34.5,56.3,45.0,地方実績を中央換算 / 履歴少 / 市場オッズ妙味
202607020309,2026-08-01,9,サマーアゲイン,2.0,2.0,高田,60.0,,4.0,4.0,2福島2,障害3歳以上未勝利,5.0,6.0,1新潟6,障害4歳以上未勝利,8.0,6.0,1小倉5,障害4歳以上未勝利,12.0,16.0,3京都2,3歳以上2勝クラス,5.0,7.0,川崎,スパーキングナイトチ(A2B1),6.5,4.0,2026-08-01 04:41:29,jra,2026-08-01,57.16,54.6,53.9,61.3,71.0,61.2,45.0,履歴少 / 近走上向き / 安定感
202601010309,2026-08-01,9,ジョイエッロ,6.0,6.0,横山武,58.0,,2.0,1.0,3阪神2,三木特別(2勝クラス),3.0,1.0,3京都10,聖護院特別(2勝クラス),2.0,1.0,2阪神8,蓬莱峡特別(2勝クラス),3.0,3.0,1中京5,TAインディア賞(2勝クラス),5.0,1.0,1京都6,稲荷特別(2勝クラス),4.1,3.0,2026-08-01 04:16:59,jra,2026-08-01,64.32,86.4,40.1,100.0,57.5,50.8,45.0,履歴少 / 安定感
202607020309,2026-08-01,9,ソレルビュレット,7.0,6.0,▲坂口,57.0,,4.0,8.0,1新潟3,障害4歳以上未勝利,11.0,4.0,1小倉11,障害4歳以上未勝利,11.0,10.0,5東京6,晩秋S(3勝クラス),12.0,6.0,4中山7,内房S(3勝クラス),10.0,4.0,2福島2,鶴ヶ城S(3勝クラス),5.2,2.0,2026-08-01 04:41:29,jra,2026-08-01,44.25,36.7,34.4,30.4,92.0,46.6,45.0,履歴少 / 近走上向き
202601010309,2026-08-01,9,テルヒコウ,2.0,2.0,武豊,55.0,,2.0,2.0,1函館10,北海ハンデキャップ(2勝クラス),14.0,6.0,2東京1,テレビ東京杯青葉賞(GII),1.0,4.0,1中京6,大寒桜賞(1勝クラス),14.0,9.0,2中山6,フジTVスプリングS(GII),4.0,7.0,5東京6,東京スポーツ杯2歳S(GII),2.4,1.0,2026-08-01 04:16:59,jra,2026-08-01,53.65,55.6,37.3,60.5,87.5,49.2,45.0,履歴少 / 近走上向き / 安定感
202604020309,2026-08-01,9,デルマエアロール,5.0,3.0,▲佐藤,53.0,,14.0,13.0,1新潟4,4歳以上1勝クラス,7.0,9.0,1福島3,4歳以上1勝クラス,15.0,4.0,1中山1,4歳以上1勝クラス,4.0,11.0,5中京3,3歳以上1勝クラス,8.0,4.0,4新潟2,3歳以上1勝クラス,72.2,14.0,2026-08-01 04:53:54,jra,2026-08-01,32.85,28.6,40.4,14.6,17.0,49.0,45.0,履歴少
202604020309,2026-08-01,9,トモジャシーマ,3.0,2.0,津村,58.0,,5.0,1.0,3中山4,4歳以上1勝クラス,2.0,1.0,2中山5,4歳以上1勝クラス,4.0,8.0,1中山6,4歳以上1勝クラス,6.0,5.0,3福島6,3歳以上1勝クラス,6.0,8.0,4東京8,3歳以上1勝クラス,14.1,5.0,2026-08-01 04:53:54,jra,2026-08-01,59.29,73.6,45.7,75.1,47.0,61.3,45.0,履歴少 / 安定感 / 市場オッズ妙味
202604020309,2026-08-01,9,ノースブルースカイ,15.0,8.0,松岡,54.0,,14.0,11.0,2中山3,3歳1勝クラス,1.0,3.0,1東京5,3歳新馬,,,,,,,,,,,,,47.9,13.0,2026-08-01 04:53:54,jra,2026-08-01,39.63,42.8,42.6,31.7,18.0,49.7,45.0,履歴少 / サンプル少
202604020309,2026-08-01,9,ノーブルミステリー,11.0,6.0,▲上里,53.0,,9.0,8.0,1新潟2,4歳以上1勝クラス,10.0,10.0,1福島6,4歳以上1勝クラス,5.0,14.0,1福島1,4歳以上1勝クラス,11.0,16.0,1東京6,4歳以上1勝クラス,10.0,15.0,4東京10,3歳以上1勝クラス,42.7,11.0,2026-08-01 04:53:54,jra,2026-08-01,49.37,37.2,69.0,19.8,50.0,68.0,45.0,履歴少 / 人気以上に走る傾向 / 過小評価傾向 / 市場オッズ妙味
202604020309,2026-08-01,9,フィールマイプラン,7.0,4.0,荻野極,56.0,,1.0,4.0,3東京2,3歳未勝利,3.0,4.0,1新潟5,3歳未勝利,5.0,3.0,1福島5,3歳未勝利,6.0,4.0,2中山7,3歳未勝利,3.0,3.0,2中山2,3歳未勝利,4.9,3.0,2026-08-01 04:53:54,jra,2026-08-01,66.85,82.2,53.3,85.4,69.5,56.8,45.0,履歴少 / 近走上向き / 安定感
202601010309,2026-08-01,9,フォルテフィオーレ,3.0,3.0,丹内,58.0,,5.0,6.0,1函館10,北海ハンデキャップ(2勝クラス),5.0,7.0,1函館1,松前特別(2勝クラス),1.0,1.0,1福島1,浄土平特別(1勝クラス),8.0,3.0,1小倉12,唐戸特別(1勝クラス),2.0,2.0,1小倉10,高千穂特別(1勝クラス),15.1,5.0,2026-08-01 04:16:59,jra,2026-08-01,61.11,73.3,50.5,85.4,44.0,60.3,45.0,履歴少 / 安定感 / 市場オッズ妙味
202604020309,2026-08-01,9,ブリックンクリック,1.0,1.0,戸崎圭,58.0,,5.0,5.0,3東京2,3歳以上1勝クラス,3.0,6.0,2東京6,4歳以上1勝クラス,4.0,9.0,2中山4,4歳以上1勝クラス,10.0,8.0,5中山3,3歳以上1勝クラス,16.0,8.0,5東京6,3歳以上1勝クラス,11.1,4.0,2026-08-01 04:53:54,jra,2026-08-01,60.14,60.7,54.3,75.1,69.5,58.9,45.0,履歴少 / 近走上向き / 安定感
202604020309,2026-08-01,9,ホウオウルクソール,4.0,3.0,◇今村,54.0,,14.0,4.0,2東京1,3歳1勝クラス,11.0,5.0,5中京6,寒椿賞(1勝クラス),5.0,4.0,5東京7,カトレアS(OP),1.0,2.0,4東京8,2歳新馬,,,,,4.0,2.0,2026-08-01 04:53:54,jra,2026-08-01,28.34,36.8,14.2,34.3,0.0,42.9,45.0,履歴少
202607020309,2026-08-01,9,マルディランダ,8.0,7.0,上野,60.0,,5.0,4.0,2東京11,障害4歳以上未勝利,16.0,16.0,1東京6,バレンタインS(OP),16.0,10.0,3福島2,みちのくS(OP),6.0,8.0,3新潟2,朱鷺S(L),10.0,3.0,1新潟4,谷川岳S(L),3.4,1.0,2026-08-01 04:41:29,jra,2026-08-01,43.65,32.3,36.6,30.4,92.0,47.4,45.0,履歴少 / 近走上向き
202607020309,2026-08-01,9,マーゴットデイズ,11.0,8.0,中村,58.0,,3.0,3.0,金沢,加賀手取川賞(未勝利)(3歳),12.0,7.0,2阪神8,3歳未勝利,5.0,5.0,2阪神2,3歳未勝利,7.0,6.0,1阪神6,3歳未勝利,4.0,6.0,1京都6,3歳未勝利,50.1,11.0,2026-08-01 04:41:29,jra,2026-08-01,47.91,43.4,41.7,43.8,74.0,50.9,45.0,履歴少 / 近走上向き
202607020309,2026-08-01,9,メイショウカゼマチ,5.0,5.0,黒岩,60.0,,13.0,7.0,3東京6,障害3歳以上未勝利,6.0,10.0,1新潟2,障害4歳以上未勝利,12.0,9.0,1小倉10,障害4歳以上未勝利,16.0,15.0,1京都4,淀短距離S(L),12.0,15.0,5中京6,コールドムーンS(OP),22.8,9.0,2026-08-01 04:41:29,jra,2026-08-01,32.46,19.8,41.2,0.0,41.0,54.3,45.0,履歴少 / 市場オッズ妙味
202607020309,2026-08-01,9,モナコブル,1.0,1.0,五十嵐,60.0,,10.0,9.0,3東京1,障害3歳以上未勝利,10.0,15.0,1東京1,4歳以上2勝クラス,9.0,13.0,5東京4,3歳以上2勝クラス,9.0,11.0,4東京1,3歳以上2勝クラス,10.0,6.0,2福島1,いわき特別(2勝クラス),19.3,8.0,2026-08-01 04:41:29,jra,2026-08-01,42.96,30.7,61.3,0.0,47.0,67.9,45.0,履歴少 / 過小評価傾向 / 市場オッズ妙味
202607020309,2026-08-01,9,リッケンバッカー,4.0,4.0,小牧加,60.0,,9.0,8.0,2小倉4,障害3歳以上未勝利,10.0,13.0,2阪神6,京橋S(3勝クラス),7.0,8.0,1京都1,寿S(3勝クラス),7.0,9.0,5阪神8,サンクフルS(3勝クラス),15.0,16.0,5阪神2,元町S(3勝クラス),8.5,5.0,2026-08-01 04:41:29,jra,2026-08-01,43.62,35.8,57.3,0.0,54.5,63.0,45.0,履歴少
202607020310,2026-08-01,10,アメリカンビーチ,15.0,8.0,団野,58.0,,16.0,7.0,3京都10,4歳以上1勝クラス,1.0,2.0,4東京5,2歳未勝利,5.0,1.0,3中京9,2歳新馬,,,,,,,,,19.7,8.0,2026-08-01 05:15:09,jra,2026-08-01,35.98,51.1,19.4,44.7,0.0,51.0,45.0,履歴少 / 市場オッズ妙味
202601010310,2026-08-01,10,アルディスティーノ,6.0,4.0,横山琉,56.0,,4.0,6.0,1函館7,恵山特別(1勝クラス),5.0,7.0,1函館4,遊楽部特別(1勝クラス),8.0,4.0,1小倉11,4歳以上1勝クラス,4.0,4.0,1小倉5,4歳以上1勝クラス,5.0,6.0,1小倉3,4歳以上1勝クラス,12.0,7.0,2026-08-01 04:46:14,jra,2026-08-01,61.21,66.9,52.9,80.2,59.0,61.2,45.0,履歴少 / 安定感 / 市場オッズ妙味
202601010310,2026-08-01,10,アンディムジーク,11.0,7.0,古川吉,53.0,,11.0,9.0,3京都3,3歳1勝クラス,8.0,14.0,1阪神4,チューリップ賞(GII),8.0,7.0,1京都9,河津桜賞(1勝クラス),1.0,1.0,5中京5,2歳未勝利,3.0,1.0,3京都5,2歳未勝利,30.9,10.0,2026-08-01 04:46:14,jra,2026-08-01,43.68,49.0,53.4,24.9,14.0,56.9,45.0,履歴少 / 市場オッズ妙味
202601010310,2026-08-01,10,イズントイット,14.0,8.0,小沢,53.0,,6.0,6.0,1函館11,3歳未勝利,14.0,12.0,2阪神5,3歳未勝利,11.0,14.0,1阪神7,3歳未勝利,11.0,8.0,1京都4,3歳未勝利,9.0,9.0,4京都1,2歳未勝利,123.8,14.0,2026-08-01 04:46:14,jra,2026-08-01,41.08,28.8,47.6,0.0,81.5,52.2,45.0,履歴少 / 近走上向き
202601010310,2026-08-01,10,イヌボウノウタゴエ,1.0,1.0,横山武,53.0,,2.0,1.0,2東京11,3歳1勝クラス,3.0,4.0,2東京3,3歳1勝クラス,9.0,13.0,1阪神5,フィリーズレビュー(GII),10.0,12.0,5阪神4,阪神ジュベナイルF(GI),1.0,2.0,5東京4,2歳未勝利,5.6,2.0,2026-08-01 04:46:14,jra,2026-08-01,63.36,70.4,57.9,65.7,72.5,61.9,45.0,履歴少 / 近走上向き / 安定感
202604020310,2026-08-01,10,イネガラーブル,6.0,4.0,◇今村,55.0,,9.0,9.0,5中京3,2歳未勝利,7.0,8.0,5東京8,2歳新馬,,,,,,,,,,,,,9.4,5.0,2026-08-01 04:25:24,jra,2026-08-01,42.41,41.8,47.2,18.0,38.9,57.5,45.0,履歴少 / サンプル少
202607020310,2026-08-01,10,ウォーターデライト,11.0,6.0,△柴田裕,54.0,,6.0,7.0,2小倉6,3歳以上1勝クラス,8.0,8.0,1福島5,雪うさぎ賞(1勝クラス),9.0,7.0,1阪神3,マーガレットS(L),1.0,2.0,1小倉5,3歳未勝利,2.0,2.0,4新潟2,2歳新馬,13.2,6.0,2026-08-01 05:15:09,jra,2026-08-01,51.95,60.4,50.4,24.9,44.0,61.0,61.3,距離適性 / 市場オッズ妙味
202607020310,2026-08-01,10,エコログロウ,12.0,6.0,菱田,56.0,,1.0,1.0,1新潟4,3歳未勝利,3.0,6.0,3中山7,3歳未勝利,11.0,3.0,2阪神2,3歳未勝利,12.0,6.0,3東京6,2歳新馬,,,,,22.1,10.0,2026-08-01 05:15:09,jra,2026-08-01,55.9,63.6,36.7,55.3,96.0,47.4,45.0,履歴少 / 近走上向き / 市場オッズ妙味
202601010310,2026-08-01,10,オンザヴィーナス,2.0,2.0,★河原田,52.0,,8.0,8.0,1函館11,3歳以上1勝クラス,11.0,8.0,1福島2,4歳以上1勝クラス,,,1小倉5,4歳以上1勝クラス,13.0,10.0,3福島6,3歳以上1勝クラス,12.0,13.0,4新潟2,3歳以上1勝クラス,55.9,13.0,2026-08-01 04:46:14,jra,2026-08-01,37.08,25.2,40.6,0.0,74.0,49.4,45.0,履歴少 / 近走上向き
202601010310,2026-08-01,10,オーケーダイナ,4.0,3.0,泉谷,56.0,,14.0,10.0,1新潟5,4歳以上1勝クラス,14.0,13.0,1阪神1,4歳以上1勝クラス,13.0,9.0,1小倉5,4歳以上1勝クラス,5.0,8.0,2札幌6,3歳以上1勝クラス,5.0,3.0,2札幌3,3歳以上1勝クラス,34.6,11.0,2026-08-01 04:46:14,jra,2026-08-01,30.79,17.7,35.8,24.9,21.5,51.1,45.0,履歴少 / 市場オッズ妙味
202607020310,2026-08-01,10,カフェノワール,10.0,5.0,岩田望,56.0,,8.0,2.0,2阪神1,4歳以上1勝クラス,2.0,3.0,1阪神4,4歳以上1勝クラス,9.0,3.0,4京都4,3歳以上1勝クラス,3.0,4.0,3中京7,3歳以上1勝クラス,2.0,2.0,2阪神1,4歳以上1勝クラス,8.0,3.0,2026-08-01 05:15:09,jra,2026-08-01,46.79,65.2,31.7,49.8,26.0,52.4,45.0,履歴少
202607020310,2026-08-01,10,キンダープンシュ,9.0,5.0,Ｍデムーロ,54.0,,5.0,11.0,3阪神4,3歳以上1勝クラス,14.0,4.0,2京都2,3歳1勝クラス,5.0,3.0,5阪神4,2歳1勝クラス,5.0,6.0,3京都6,なでしこ賞(1勝クラス),1.0,1.0,4阪神7,2歳未勝利,12.6,5.0,2026-08-01 05:15:09,jra,2026-08-01,54.14,54.4,43.6,75.1,57.5,57.5,45.0,履歴少 / 安定感 / 市場オッズ妙味
202607020310,2026-08-01,10,クインズセレネ,13.0,7.0,角田和,56.0,,12.0,10.0,2小倉1,3歳以上1勝クラス,12.0,9.0,1中京2,4歳以上1勝クラス,5.0,4.0,1小倉7,4歳以上1勝クラス,2.0,11.0,1京都8,4歳以上1勝クラス,13.0,9.0,5中京5,3歳以上1勝クラス,24.7,12.0,2026-08-01 05:15:09,jra,2026-08-01,39.54,33.9,45.4,34.3,26.0,52.9,45.0,履歴少
202604020310,2026-08-01,10,クリアーゲイル,12.0,7.0,▲石田,54.0,,11.0,5.0,2東京10,3歳未勝利,8.0,6.0,2東京6,3歳未勝利,7.0,10.0,3中山2,3歳未勝利,,,,,,,,,9.1,3.0,2026-08-01 04:25:24,jra,2026-08-01,33.86,36.4,33.9,0.0,29.0,54.0,45.0,履歴少
202607020310,2026-08-01,10,ケイアイマウンガ,4.0,2.0,藤懸,58.0,,6.0,2.0,1福島6,4歳以上1勝クラス,2.0,4.0,1福島1,4歳以上1勝クラス,12.0,2.0,1京都3,4歳以上1勝クラス,5.0,4.0,5中京5,3歳以上1勝クラス,5.0,3.0,4京都8,3歳以上1勝クラス,11.1,4.0,2026-08-01 05:15:09,jra,2026-08-01,47.37,60.5,28.7,49.8,50.0,50.5,45.0,履歴少
202604020310,2026-08-01,10,ゴールドプレイヤー,13.0,7.0,戸崎圭,57.0,,2.0,2.0,2福島5,3歳未勝利,5.0,2.0,3中山7,3歳未勝利,3.0,1.0,3中山1,3歳未勝利,2.0,2.0,2中山1,3歳未勝利,2.0,2.0,1東京4,3歳新馬,2.1,1.0,2026-08-01 04:25:24,jra,2026-08-01,63.93,84.4,42.0,100.0,56.0,49.9,45.0,履歴少 / 安定感
202607020310,2026-08-01,10,ジョードリウム,16.0,8.0,富田,58.0,,10.0,10.0,3京都3,4歳以上1勝クラス,7.0,12.0,2阪神7,4歳以上1勝クラス,14.0,7.0,1中京5,4歳以上1勝クラス,10.0,8.0,2京都2,4歳以上1勝クラス,7.0,6.0,1京都6,4歳以上1勝クラス,126.6,16.0,2026-08-01 05:15:09,jra,2026-08-01,36.94,30.9,46.3,0.0,47.0,50.2,45.0,履歴少
202601010310,2026-08-01,10,スピナーリート,13.0,8.0,横山和,53.0,,8.0,5.0,2京都3,エルフィンS(L),1.0,8.0,5阪神5,2歳新馬,,,,,,,,,,,,,11.9,6.0,2026-08-01 04:46:14,jra,2026-08-01,47.57,56.1,51.3,31.7,22.4,61.2,45.0,履歴少 / サンプル少
202604020310,2026-08-01,10,セイクリッドシチー,3.0,2.0,江田照,57.0,,11.0,6.0,2福島3,3歳未勝利,8.0,9.0,3東京3,3歳未勝利,5.0,11.0,2東京9,3歳未勝利,,,,,,,,,26.3,8.0,2026-08-01 04:25:24,jra,2026-08-01,40.99,40.6,49.2,19.8,23.0,58.5,45.0,履歴少 / 市場オッズ妙味
202604020310,2026-08-01,10,ゼンノスタニング,9.0,5.0,原,57.0,,2.0,3.0,金沢,加賀片山津賞(未勝利)(3歳),6.0,10.0,1新潟7,3歳未勝利,6.0,13.0,3京都2,3歳未勝利,8.0,16.0,2阪神6,3歳未勝利,9.0,10.0,1小倉4,3歳未勝利,18.6,7.0,2026-08-01 04:25:24,jra,2026-08-01,58.78,49.5,76.5,13.7,81.5,75.9,45.0,履歴少 / 人気以上に走る傾向 / 近走上向き / 過小評価傾向
202607020310,2026-08-01,10,タイセイブロウ,8.0,4.0,幸,58.0,,6.0,4.0,1阪神5,4歳以上1勝クラス,5.0,3.0,2京都3,4歳以上1勝クラス,5.0,4.0,1京都3,4歳以上1勝クラス,2.0,8.0,5中京6,3歳以上1勝クラス,10.0,13.0,5中京2,3歳以上1勝クラス,20.5,9.0,2026-08-01 05:15:09,jra,2026-08-01,55.48,64.9,49.2,59.3,47.0,58.9,45.0,履歴少 / 市場オッズ妙味
202604020310,2026-08-01,10,タニセンローマ,4.0,3.0,小林脩,57.0,,8.0,12.0,3東京1,3歳未勝利,8.0,7.0,2東京3,3歳未勝利,12.0,6.0,3中山1,3歳未勝利,3.0,7.0,2中山1,3歳未勝利,11.0,8.0,1東京5,3歳未勝利,7.4,2.0,2026-08-01 04:25:24,jra,2026-08-01,44.2,41.0,50.4,14.6,53.0,57.2,45.0,履歴少
202604020310,2026-08-01,10,タマモブレイキン,1.0,1.0,菊沢,57.0,,14.0,6.0,3東京5,3歳未勝利,4.0,10.0,3東京1,3歳未勝利,6.0,8.0,1新潟5,3歳未勝利,7.0,9.0,2東京4,3歳未勝利,10.0,8.0,2中山5,3歳未勝利,9.6,6.0,2026-08-01 04:25:24,jra,2026-08-01,39.41,41.3,46.8,24.9,6.5,59.6,45.0,履歴少
202604020310,2026-08-01,10,ダイヒョウカーク,7.0,4.0,杉原,57.0,,5.0,4.0,金沢,加賀片山津賞(未勝利)(3歳),10.0,10.0,2東京8,3歳未勝利,,,,,,,,,,,,,53.1,13.0,2026-08-01 04:25:24,jra,2026-08-01,42.22,34.2,44.5,25.5,62.0,49.7,45.0,履歴少 / サンプル少
202601010310,2026-08-01,10,ダノンプレサージュ,3.0,3.0,横山典,53.0,,1.0,1.0,3東京5,3歳未勝利,2.0,1.0,1福島4,3歳未勝利,2.0,1.0,1中京3,3歳未勝利,4.0,1.0,5中山3,2歳未勝利,3.0,1.0,5東京3,2歳新馬,6.0,3.0,2026-08-01 04:46:14,jra,2026-08-01,66.91,91.3,42.4,100.0,60.5,53.1,45.0,履歴少 / 安定感
202604020310,2026-08-01,10,デアトゥノウ,10.0,6.0,▲佐藤,52.0,,5.0,4.0,門別,リゲル特別(C1),6.0,7.0,2東京8,3歳1勝クラス,2.0,4.0,川崎,メイフラワー賞(3歳),9.0,10.0,2阪神2,3歳1勝クラス,3.0,4.0,笠松,加納宿特別(3歳),55.2,14.0,2026-08-01 04:25:24,jra,2026-08-01,45.81,41.8,53.2,29.9,45.0,56.1,45.0,地方実績を中央換算 / 履歴少
202604020310,2026-08-01,10,ニュークリアス,14.0,8.0,大野,57.0,,14.0,5.0,2中山8,3歳未勝利,7.0,10.0,5中山8,2歳新馬,,,,,,,,,,,,,37.7,10.0,2026-08-01 04:25:24,jra,2026-08-01,32.32,30.9,31.7,18.0,22.4,48.0,45.0,履歴少 / サンプル少 / 市場オッズ妙味
202604020310,2026-08-01,10,ノクターナルハント,15.0,8.0,小崎,57.0,,9.0,10.0,5東京6,2歳新馬,,,,,,,,,,,,,,,,,51.2,12.0,2026-08-01 04:25:24,jra,2026-08-01,39.42,37.6,42.2,29.6,40.6,41.7,45.0,履歴少 / サンプル少
202607020310,2026-08-01,10,ハウリングウィンド,2.0,1.0,岡田,58.0,,4.0,5.0,2阪神7,4歳以上1勝クラス,6.0,4.0,1中京3,4歳以上1勝クラス,3.0,6.0,1阪神7,4歳以上1勝クラス,3.0,9.0,1阪神1,4歳以上1勝クラス,10.0,7.0,5中京3,3歳以上1勝クラス,5.6,2.0,2026-08-01 05:15:09,jra,2026-08-01,60.99,69.8,56.7,64.7,59.0,60.6,45.0,履歴少 / 安定感
202601010310,2026-08-01,10,ハヤブササキチャン,5.0,4.0,吉田隼,53.0,,1.0,1.0,3京都10,3歳未勝利,2.0,1.0,3京都1,3歳未勝利,3.0,1.0,1阪神9,3歳未勝利,2.0,4.0,1京都3,3歳未勝利,2.0,5.0,5阪神5,2歳未勝利,7.4,5.0,2026-08-01 04:46:14,jra,2026-08-01,69.7,92.9,49.7,100.0,57.5,59.8,45.0,履歴少 / 安定感
202604020310,2026-08-01,10,パワポケグッド,2.0,2.0,▲上里,54.0,,6.0,13.0,2福島8,3歳未勝利,8.0,10.0,2福島3,3歳未勝利,8.0,12.0,2東京3,3歳未勝利,8.0,12.0,3中山8,3歳未勝利,4.0,16.0,3中山4,3歳未勝利,36.8,9.0,2026-08-01 04:25:24,jra,2026-08-01,58.39,52.2,86.7,10.3,56.0,75.2,45.0,履歴少 / 人気以上に走る傾向 / 過小評価傾向 / 市場オッズ妙味
202601010310,2026-08-01,10,フェニーチェドーロ,9.0,6.0,荻野琢,56.0,,9.0,12.0,1函館12,3歳以上1勝クラス,9.0,7.0,1函館4,3歳以上1勝クラス,12.0,16.0,1阪神7,4歳以上1勝クラス,12.0,9.0,4京都4,3歳以上1勝クラス,7.0,9.0,3中京7,3歳以上1勝クラス,39.3,12.0,2026-08-01 04:46:14,jra,2026-08-01,40.94,29.4,56.8,0.0,56.0,56.1,45.0,履歴少
202604020310,2026-08-01,10,フッカツノジャンボ,8.0,5.0,木幡育,57.0,,15.0,11.0,2福島5,3歳未勝利,14.0,10.0,2東京3,3歳未勝利,,,,,,,,,,,,,110.4,15.0,2026-08-01 04:25:24,jra,2026-08-01,30.07,18.0,30.1,18.0,42.2,43.4,45.0,履歴少 / サンプル少
202604020310,2026-08-01,10,ブライトラン,11.0,6.0,嶋田,57.0,,5.0,10.0,1函館9,3歳未勝利,11.0,10.0,3東京3,3歳未勝利,6.0,7.0,1新潟8,3歳未勝利,8.0,13.0,2中山5,3歳未勝利,8.0,10.0,1東京8,3歳未勝利,42.8,11.0,2026-08-01 04:25:24,jra,2026-08-01,55.07,48.5,66.8,30.4,69.5,64.1,45.0,履歴少 / 人気以上に走る傾向 / 近走上向き / 市場オッズ妙味
202607020310,2026-08-01,10,プルメリアリノ,14.0,7.0,坂井,54.0,,3.0,1.0,3中山2,3歳1勝クラス,2.0,6.0,1阪神5,3歳1勝クラス,4.0,9.0,1阪神2,3歳1勝クラス,1.0,2.0,5東京1,2歳未勝利,3.0,4.0,3京都6,2歳新馬,3.1,1.0,2026-08-01 05:15:09,jra,2026-08-01,69.65,86.7,61.4,100.0,47.0,60.7,45.0,履歴少 / 安定感
202601010310,2026-08-01,10,ホワイトオーキッド,10.0,6.0,北村友,53.0,,16.0,11.0,2中山5,アネモネS(L),15.0,7.0,1阪神4,チューリップ賞(GII),7.0,11.0,5阪神6,朝日フューチュリティ(GI),1.0,5.0,4阪神8,2歳新馬,,,,,19.3,9.0,2026-08-01 04:46:14,jra,2026-08-01,30.4,27.7,33.3,14.6,0.0,59.9,45.0,履歴少 / 市場オッズ妙味
202607020310,2026-08-01,10,メイショウアボット,5.0,3.0,▲森田,55.0,,7.0,6.0,2小倉5,3歳以上1勝クラス,13.0,4.0,3阪神5,3歳以上1勝クラス,6.0,3.0,1中京6,4歳以上1勝クラス,1.0,11.0,1阪神8,4歳以上1勝クラス,12.0,10.0,5中京1,3歳以上1勝クラス,22.3,11.0,2026-08-01 05:15:09,jra,2026-08-01,41.68,44.5,36.8,14.6,56.0,53.0,45.0,履歴少 / 市場オッズ妙味
202601010310,2026-08-01,10,ユーティジャーニー,7.0,5.0,佐々木,56.0,,8.0,6.0,3中山6,4歳以上1勝クラス,11.0,6.0,1中京6,4歳以上1勝クラス,4.0,10.0,2中山3,4歳以上1勝クラス,8.0,8.0,5中京2,3歳以上1勝クラス,4.0,2.0,2札幌5,3歳以上1勝クラス,6.6,4.0,2026-08-01 04:46:14,jra,2026-08-01,44.93,47.6,43.9,30.1,42.5,56.1,45.0,履歴少
202607020310,2026-08-01,10,リードプリンシパル,1.0,1.0,吉村,56.0,,8.0,13.0,1新潟4,4歳以上1勝クラス,6.0,12.0,1福島3,4歳以上1勝クラス,10.0,8.0,2京都5,4歳以上1勝クラス,8.0,11.0,1京都9,4歳以上1勝クラス,16.0,3.0,4阪神4,3歳以上1勝クラス,34.6,13.0,2026-08-01 05:15:09,jra,2026-08-01,45.5,40.3,62.0,0.0,62.0,52.9,45.0,履歴少
202607020310,2026-08-01,10,ルージュミステリオ,6.0,3.0,松若,56.0,,13.0,12.0,1新潟7,4歳以上1勝クラス,10.0,6.0,3京都9,3歳以上1勝クラス,1.0,5.0,2京都3,3歳未勝利,11.0,10.0,1小倉7,3歳未勝利,,,,,39.2,15.0,2026-08-01 05:15:09,jra,2026-08-01,36.46,34.4,44.9,19.8,16.0,51.9,45.0,履歴少
202601010310,2026-08-01,10,ルールザウェイヴ,8.0,5.0,武豊,53.0,,14.0,15.0,2阪神6,桜花賞(GI),2.0,12.0,2中山5,アネモネS(L),1.0,2.0,5中山7,2歳新馬,,,,,,,,,4.4,1.0,2026-08-01 04:46:14,jra,2026-08-01,54.18,56.9,77.9,44.7,0.0,69.3,45.0,履歴少 / 人気以上に走る傾向 / 過小評価傾向
202604020310,2026-08-01,10,ロードプレリュード,5.0,3.0,木幡巧,57.0,,4.0,6.0,2福島5,3歳未勝利,4.0,10.0,3中山1,3歳未勝利,18.0,14.0,1中山9,3歳新馬,,,,,,,,,9.4,4.0,2026-08-01 04:25:24,jra,2026-08-01,61.74,56.0,62.2,55.3,92.0,63.9,45.0,履歴少 / 近走上向き
202607020310,2026-08-01,10,ヴィヴァシャス,3.0,2.0,西塚,56.0,,9.0,9.0,1新潟8,4歳以上1勝クラス,4.0,10.0,1新潟4,4歳以上1勝クラス,7.0,6.0,2京都3,4歳以上1勝クラス,,,1京都9,4歳以上1勝クラス,6.0,11.0,1京都5,4歳以上1勝クラス,37.8,14.0,2026-08-01 05:15:09,jra,2026-08-01,50.49,54.3,64.9,24.9,30.0,61.6,45.0,履歴少
202601010310,2026-08-01,10,ヴェガリア,12.0,7.0,斎藤,53.0,,3.0,6.0,1函館4,3歳以上1勝クラス,7.0,8.0,2東京9,カーネーションC(1勝クラス),1.0,2.0,3中山3,3歳未勝利,4.0,9.0,2中山5,3歳未勝利,,,,,14.4,8.0,2026-08-01 04:46:14,jra,2026-08-01,66.57,77.3,66.3,64.7,56.0,71.6,45.0,履歴少 / 人気以上に走る傾向 / 安定感 / 過小評価傾向
202607020310,2026-08-01,10,ヴェルジーネ,7.0,4.0,国分恭,54.0,,1.0,5.0,1中京3,3歳未勝利,8.0,5.0,1京都7,3歳未勝利,6.0,7.0,5中京6,2歳新馬,,,,,,,,,13.8,7.0,2026-08-01 05:15:09,jra,2026-08-01,60.67,70.9,56.2,30.4,86.0,63.3,45.0,履歴少 / 近走上向き / 市場オッズ妙味
202601010311,2026-08-01,11,アイスグリーン,3.0,2.0,小沢,57.0,,3.0,8.0,1函館9,五稜郭S(3勝クラス),7.0,4.0,1小倉12,関門橋S(3勝クラス),8.0,3.0,4京都3,アンドロメダS(L),2.0,4.0,3京都2,大原S(3勝クラス),4.0,7.0,2札幌1,オールスターJ第2戦(3勝クラス),20.2,11.0,2026-08-01 04:22:09,jra,2026-08-01,58.64,68.5,52.7,55.3,63.5,57.6,45.0,履歴少 / 市場オッズ妙味
202604020311,2026-08-01,11,アニゴザントス,12.0,6.0,菊沢,55.0,,9.0,15.0,3東京3,3歳未勝利,9.0,9.0,2東京7,3歳未勝利,6.0,9.0,3中山5,3歳未勝利,6.0,12.0,2中山3,3歳未勝利,15.0,13.0,1中山6,3歳未勝利,29.5,9.0,2026-08-01 04:58:29,jra,2026-08-01,48.09,40.5,71.6,0.0,50.0,64.8,45.0,履歴少 / 人気以上に走る傾向 / 市場オッズ妙味
202601010311,2026-08-01,11,アルマデオロ,12.0,6.0,武豊,56.0,,1.0,1.0,1函館8,横津岳特別(2勝クラス),3.0,4.0,2東京3,4歳以上2勝クラス,3.0,2.0,2阪神5,明石特別(2勝クラス),6.0,2.0,4京都2,3歳以上2勝クラス,6.0,6.0,4阪神7,神戸新聞杯(GII),3.8,1.0,2026-08-01 04:22:09,jra,2026-08-01,63.77,82.9,46.3,75.1,71.0,53.1,45.0,履歴少 / 近走上向き / 安定感
202604020311,2026-08-01,11,ウラヌスリング,18.0,8.0,岩田康,55.0,,,,,,,,,,,,,,,,,,,,,,18.1,8.0,2026-08-01 04:58:29,jra,2026-08-01,36.0,35.0,35.0,35.0,35.0,35.0,45.0,履歴少
202607020311,2026-08-01,11,エイシンウィスパー,9.0,8.0,松若,53.0,,5.0,1.0,3阪神6,3歳以上1勝クラス,4.0,9.0,2東京2,サンスポ賞フローラS(GII),1.0,3.0,1中京3,3歳未勝利,11.0,5.0,1小倉12,3歳未勝利,3.0,2.0,1小倉6,3歳新馬,12.2,8.0,2026-08-01 04:46:39,jra,2026-08-01,59.93,71.0,46.1,85.4,48.5,60.1,45.0,履歴少 / 安定感 / 市場オッズ妙味
202607020311,2026-08-01,11,エクリュ,2.0,2.0,岩田望,53.0,,5.0,13.0,2阪神6,忘れな草賞(L),1.0,1.0,1小倉12,3歳未勝利,2.0,3.0,1小倉3,3歳未勝利,5.0,5.0,5東京7,2歳新馬,,,,,5.4,2.0,2026-08-01 04:46:39,jra,2026-08-01,68.55,82.2,70.5,89.7,36.0,64.5,45.0,履歴少 / 人気以上に走る傾向 / 安定感
202601010311,2026-08-01,11,エゾダイモン,15.0,8.0,浜中,55.0,,11.0,16.0,2東京4,府中S(3勝クラス),6.0,14.0,2阪神6,京橋S(3勝クラス),9.0,12.0,2京都5,飛鳥S(3勝クラス),4.0,10.0,1小倉2,壇之浦S(3勝クラス),9.0,4.0,2札幌1,オールスターJ第2戦(3勝クラス),39.0,15.0,2026-08-01 04:22:09,jra,2026-08-01,49.94,43.0,81.3,14.6,26.0,64.6,45.0,履歴少 / 人気以上に走る傾向
202601010311,2026-08-01,11,エルフストラック,13.0,7.0,舟山,54.0,,4.0,9.0,3京都9,シドニーT(3勝クラス),2.0,8.0,1新潟1,三条S(3勝クラス),1.0,7.0,2中山8,4歳以上2勝クラス,2.0,8.0,1阪神3,4歳以上2勝クラス,5.0,4.0,1小倉3,平尾台特別(2勝クラス),17.2,7.0,2026-08-01 04:22:09,jra,2026-08-01,76.62,86.2,84.8,100.0,41.0,76.4,45.0,履歴少 / 人気以上に走る傾向 / 安定感 / 過小評価傾向
202601010311,2026-08-01,11,エンドロール,5.0,3.0,和田陽,55.0,,13.0,11.0,2福島1,バーデンバーデンC(3勝クラス),3.0,9.0,3東京4,江の島S(3勝クラス),8.0,10.0,2東京6,メトロポリタンS(L),6.0,7.0,2中山4,湾岸S(3勝クラス),15.0,15.0,1東京6,雲雀S(3勝クラス),107.9,16.0,2026-08-01 04:22:09,jra,2026-08-01,43.51,39.6,60.0,24.9,20.0,58.1,45.0,履歴少
202604020311,2026-08-01,11,カタカムナ,16.0,8.0,原,55.0,,6.0,13.0,2福島8,3歳未勝利,13.0,15.0,1新潟6,3歳未勝利,14.0,15.0,1福島6,3歳未勝利,10.0,14.0,1小倉12,3歳未勝利,11.0,10.0,1中山3,3歳新馬,51.8,14.0,2026-08-01 04:58:29,jra,2026-08-01,48.15,25.4,73.1,0.0,86.0,62.0,45.0,履歴少 / 人気以上に走る傾向 / 近走上向き
202607020311,2026-08-01,11,カポレイラ,4.0,4.0,亀田,56.0,,9.0,12.0,2東京8,4歳以上1勝クラス,8.0,13.0,1福島5,4歳以上1勝クラス,10.0,12.0,1東京3,4歳以上1勝クラス,13.0,16.0,5中京4,3歳以上1勝クラス,10.0,4.0,2札幌4,3歳以上1勝クラス,63.0,9.0,2026-08-01 04:46:39,jra,2026-08-01,44.17,30.9,66.6,0.0,57.5,58.1,45.0,履歴少 / 人気以上に走る傾向
202601010311,2026-08-01,11,キャントウェイト,8.0,4.0,丹内,56.0,,5.0,4.0,3阪神1,垂水S(3勝クラス),3.0,14.0,2東京4,府中S(3勝クラス),8.0,8.0,4新潟3,魚沼S(3勝クラス),3.0,5.0,3京都2,大原S(3勝クラス),8.0,5.0,3新潟3,日本海S(3勝クラス),8.3,3.0,2026-08-01 04:22:09,jra,2026-08-01,63.18,67.1,66.9,69.9,53.0,64.9,45.0,履歴少 / 人気以上に走る傾向 / 安定感
202604020311,2026-08-01,11,キリスパークル,4.0,2.0,石橋脩,55.0,,5.0,12.0,2福島8,3歳未勝利,9.0,14.0,2中山8,3歳未勝利,14.0,11.0,2中山2,3歳未勝利,12.0,16.0,1中山6,3歳未勝利,10.0,18.0,5中山1,2歳新馬,88.5,17.0,2026-08-01 04:58:29,jra,2026-08-01,56.69,34.3,79.3,30.4,87.5,67.2,45.0,履歴少 / 人気以上に走る傾向 / 近走上向き / 過小評価傾向
202604020311,2026-08-01,11,クイーンアン,8.0,4.0,田辺,55.0,,7.0,6.0,2東京5,3歳未勝利,11.0,3.0,2中山4,3歳未勝利,14.0,6.0,1中山6,3歳未勝利,3.0,5.0,5中山5,2歳新馬,,,,,8.3,4.0,2026-08-01 04:58:29,jra,2026-08-01,36.08,36.9,22.0,14.6,64.0,46.8,45.0,履歴少
202604020311,2026-08-01,11,クリスタルドレス,11.0,6.0,江田照,55.0,,2.0,4.0,2福島8,3歳未勝利,2.0,5.0,2福島1,3歳未勝利,3.0,3.0,2東京11,3歳未勝利,2.0,11.0,2東京8,3歳未勝利,11.0,18.0,2中山3,3歳未勝利,4.0,1.0,2026-08-01 04:58:29,jra,2026-08-01,73.73,83.0,73.7,89.7,65.0,69.6,45.0,履歴少 / 人気以上に走る傾向 / 近走上向き / 安定感
202601010311,2026-08-01,11,クレバーテースト,1.0,1.0,荻野琢,55.0,,11.0,12.0,2阪神6,京橋S(3勝クラス),14.0,12.0,1小倉12,関門橋S(3勝クラス),4.0,4.0,1京都1,寿S(3勝クラス),8.0,7.0,5東京2,イクイノックスM(3勝クラス),3.0,8.0,2札幌1,オールスターJ第2戦(3勝クラス),20.2,10.0,2026-08-01 04:22:09,jra,2026-08-01,42.0,36.2,51.2,30.1,27.5,58.2,45.0,履歴少 / 市場オッズ妙味
202604020311,2026-08-01,11,ケープティアラ,10.0,5.0,▲上里,52.0,,15.0,16.0,1福島6,3歳未勝利,16.0,16.0,1小倉11,3歳未勝利,,,,,,,,,,,,,83.4,16.0,2026-08-01 04:58:29,jra,2026-08-01,36.19,18.0,47.6,18.0,48.8,51.5,45.0,履歴少 / サンプル少
202607020311,2026-08-01,11,サムシングスイート,3.0,3.0,団野,53.0,,4.0,5.0,2東京3,スイートピーS(L),,,2東京2,サンスポ賞フローラS(GII),1.0,2.0,2中山3,3歳未勝利,2.0,1.0,1東京6,3歳未勝利,2.0,7.0,1中山6,3歳未勝利,6.3,4.0,2026-08-01 04:46:39,jra,2026-08-01,65.1,87.6,58.1,75.1,36.0,62.7,45.0,履歴少 / 安定感
202607020311,2026-08-01,11,シェーラ,6.0,6.0,☆田山,55.0,,5.0,6.0,3京都6,4歳以上1勝クラス,7.0,7.0,1福島3,桑折特別(1勝クラス),4.0,13.0,1中京4,4歳以上1勝クラス,8.0,9.0,1京都4,4歳以上1勝クラス,4.0,16.0,5阪神6,3歳以上1勝クラス,11.6,7.0,2026-08-01 04:46:39,jra,2026-08-01,64.3,62.9,74.3,60.5,54.5,75.4,45.0,履歴少 / 人気以上に走る傾向 / 安定感 / 過小評価傾向
202601010311,2026-08-01,11,ショウナンサムデイ,11.0,6.0,池添,54.0,,4.0,7.0,1函館9,五稜郭S(3勝クラス),13.0,3.0,3中山8,サンシャインS(3勝クラス),4.0,6.0,2中山4,湾岸S(3勝クラス),9.0,1.0,5東京4,ユートピアS(3勝クラス),1.0,1.0,4中山9,茨城新聞杯(2勝クラス),7.1,2.0,2026-08-01 04:22:09,jra,2026-08-01,50.09,54.7,33.5,60.5,66.5,49.9,45.0,履歴少 / 近走上向き / 安定感
202607020311,2026-08-01,11,シルバーリム,1.0,1.0,幸,53.0,,7.0,10.0,3阪神5,3歳以上1勝クラス,8.0,11.0,2東京9,カーネーションC(1勝クラス),1.0,7.0,1阪神8,3歳未勝利,4.0,5.0,2京都6,3歳未勝利,7.0,5.0,5中京3,2歳新馬,7.8,5.0,2026-08-01 04:46:39,jra,2026-08-01,56.72,63.0,69.5,34.3,38.0,65.9,45.0,履歴少 / 人気以上に走る傾向 / 過小評価傾向
202601010311,2026-08-01,11,ジャスティンガルフ,2.0,1.0,松本,55.0,,1.0,3.0,2小倉6,西部スポニチ賞(2勝クラス),6.0,8.0,1中京1,茶臼山高原特別(2勝クラス),1.0,14.0,1小倉12,唐戸特別(1勝クラス),13.0,10.0,3福島5,高湯温泉特別(1勝クラス),10.0,7.0,4中山1,古作特別(1勝クラス),19.1,9.0,2026-08-01 04:22:09,jra,2026-08-01,69.25,68.6,70.5,50.2,89.0,71.1,64.7,中京実績 / クラス条件好転 / 頭数減経験 / 人気以上に走る傾向
202604020311,2026-08-01,11,ジャストビコーズ,14.0,7.0,◇今村,53.0,,9.0,3.0,2福島8,3歳未勝利,3.0,8.0,1中山6,3歳未勝利,4.0,5.0,5中山6,2歳未勝利,2.0,8.0,5東京5,2歳未勝利,4.0,4.0,4東京5,2歳未勝利,4.3,2.0,2026-08-01 04:58:29,jra,2026-08-01,55.05,68.2,53.5,69.6,15.5,60.1,45.0,履歴少 / 安定感
202604020311,2026-08-01,11,ジワタネホ,2.0,1.0,三浦,55.0,,2.0,4.0,1新潟8,3歳未勝利,3.0,9.0,1新潟2,3歳未勝利,15.0,11.0,1中山9,3歳新馬,,,,,,,,,10.8,5.0,2026-08-01 04:58:29,jra,2026-08-01,64.38,65.1,62.2,55.3,92.0,64.5,45.0,履歴少 / 近走上向き
202601010311,2026-08-01,11,チルカーノ,4.0,2.0,古川奈,53.0,,15.0,11.0,2東京4,府中S(3勝クラス),5.0,8.0,2阪神6,京橋S(3勝クラス),8.0,6.0,2京都2,八坂S(3勝クラス),6.0,6.0,4新潟2,新潟牝馬S(L),4.0,5.0,4阪神7,ムーンライトH(3勝クラス),22.7,13.0,2026-08-01 04:22:09,jra,2026-08-01,38.59,42.2,44.7,35.3,0.0,52.2,45.0,履歴少
202604020311,2026-08-01,11,ティンブロポップ,9.0,5.0,大野,55.0,,13.0,15.0,2東京8,3歳未勝利,11.0,15.0,1新潟2,3歳未勝利,8.0,12.0,1中山9,3歳未勝利,12.0,9.0,1中山5,3歳未勝利,11.0,13.0,4東京5,2歳新馬,101.0,18.0,2026-08-01 04:58:29,jra,2026-08-01,37.88,18.7,65.1,0.0,35.0,59.4,45.0,履歴少 / 人気以上に走る傾向
202601010311,2026-08-01,11,ディヴァインスター,14.0,7.0,北村友,55.0,,11.0,12.0,2東京7,六社S(3勝クラス),7.0,7.0,1阪神7,難波S(3勝クラス),7.0,11.0,1東京8,JCベストレース記念(3勝クラス),1.0,4.0,5中京6,名古屋日刊スポーツ杯(2勝クラス),1.0,1.0,4新潟4,3歳以上1勝クラス,11.2,6.0,2026-08-01 04:22:09,jra,2026-08-01,47.38,54.2,60.7,24.9,8.0,65.5,45.0,履歴少 / 過小評価傾向
202601010311,2026-08-01,11,ディーガレジェンド,16.0,8.0,横山武,56.0,,10.0,6.0,3京都6,烏丸S(3勝クラス),3.0,8.0,3中山8,サンシャインS(3勝クラス),1.0,7.0,1中京5,TAインディア賞(2勝クラス),8.0,5.0,1中京1,茶臼山高原特別(2勝クラス),5.0,4.0,2京都3,4歳以上2勝クラス,17.8,8.0,2026-08-01 04:22:09,jra,2026-08-01,52.87,62.7,54.7,55.0,15.5,66.0,45.0,履歴少 / 過小評価傾向 / 市場オッズ妙味
202601010311,2026-08-01,11,ハニーコム,7.0,4.0,佐々木,54.0,,3.0,4.0,2福島1,バーデンバーデンC(3勝クラス),2.0,12.0,3京都9,シドニーT(3勝クラス),12.0,13.0,1中京5,マレーシアC(3勝クラス),7.0,5.0,1小倉2,壇之浦S(3勝クラス),5.0,8.0,5東京4,ユートピアS(3勝クラス),8.7,4.0,2026-08-01 04:22:09,jra,2026-08-01,65.76,65.4,71.1,65.7,71.0,67.7,45.0,履歴少 / 人気以上に走る傾向 / 近走上向き / 安定感
202604020311,2026-08-01,11,パルミエ,17.0,8.0,小崎,55.0,,10.0,12.0,2東京6,3歳未勝利,15.0,6.0,2中山4,3歳未勝利,5.0,5.0,1中山2,3歳未勝利,13.0,12.0,3福島3,2歳新馬,,,,,31.9,10.0,2026-08-01 04:58:29,jra,2026-08-01,36.26,25.1,36.1,19.8,56.0,49.8,45.0,履歴少 / 市場オッズ妙味
202607020311,2026-08-01,11,ピカキウイ,7.0,7.0,西村淳,53.0,,3.0,2.0,3阪神4,3歳以上1勝クラス,2.0,9.0,2阪神6,忘れな草賞(L),1.0,1.0,2京都6,3歳未勝利,4.0,1.0,5阪神5,2歳新馬,,,,,3.1,1.0,2026-08-01 04:46:39,jra,2026-08-01,67.44,88.4,57.8,89.7,46.0,57.3,45.0,履歴少 / 安定感
202604020311,2026-08-01,11,フュチュール,7.0,4.0,杉原,55.0,,11.0,16.0,3東京5,3歳未勝利,13.0,17.0,5中山5,2歳新馬,,,,,,,,,,,,,50.0,13.0,2026-08-01 04:58:29,jra,2026-08-01,43.25,25.0,63.0,18.0,52.1,58.6,45.0,履歴少 / サンプル少
202604020311,2026-08-01,11,フロンテアムーン,6.0,3.0,▲石田,52.0,,6.0,10.0,2福島3,3歳未勝利,7.0,6.0,1新潟2,3歳未勝利,4.0,9.0,1中山9,3歳未勝利,12.0,4.0,5東京2,2歳未勝利,5.0,11.0,4東京5,2歳新馬,34.6,12.0,2026-08-01 04:58:29,jra,2026-08-01,52.63,55.0,59.9,30.1,56.0,57.4,45.0,履歴少
202604020311,2026-08-01,11,ブライスフェアリー,5.0,3.0,松岡,55.0,,2.0,7.0,2福島6,3歳未勝利,6.0,12.0,3東京1,3歳未勝利,5.0,7.0,2東京10,3歳未勝利,6.0,11.0,2東京4,3歳未勝利,12.0,13.0,1小倉7,3歳未勝利,12.5,6.0,2026-08-01 04:58:29,jra,2026-08-01,68.24,66.3,79.7,50.2,81.5,73.1,45.0,履歴少 / 人気以上に走る傾向 / 近走上向き / 過小評価傾向
202604020311,2026-08-01,11,ブライトエアリー,3.0,2.0,木幡巧,55.0,,3.0,7.0,2福島7,3歳未勝利,10.0,5.0,1函館2,3歳未勝利,3.0,3.0,2東京7,3歳未勝利,4.0,2.0,1福島3,3歳未勝利,3.0,3.0,1中京4,3歳未勝利,12.6,7.0,2026-08-01 04:58:29,jra,2026-08-01,59.93,68.9,47.7,75.1,62.0,58.8,45.0,履歴少 / 安定感 / 市場オッズ妙味
202601010311,2026-08-01,11,マイネルフーガ,9.0,5.0,斎藤,55.0,,1.0,4.0,1函館10,北海ハンデキャップ(2勝クラス),8.0,3.0,3中山6,4歳以上2勝クラス,2.0,4.0,3中山1,4歳以上2勝クラス,9.0,6.0,1小倉11,別府特別(2勝クラス),5.0,6.0,1中山8,東雲賞(2勝クラス),21.4,12.0,2026-08-01 04:22:09,jra,2026-08-01,60.32,71.8,48.1,60.5,80.0,52.2,45.0,履歴少 / 近走上向き / 安定感
202607020311,2026-08-01,11,マーゴットレジーナ,8.0,8.0,菱田,56.0,,9.0,5.0,3京都3,4歳以上1勝クラス,6.0,4.0,1福島3,桑折特別(1勝クラス),3.0,2.0,1中京4,4歳以上1勝クラス,8.0,2.0,5中京4,3歳以上1勝クラス,2.0,4.0,3福島6,3歳以上1勝クラス,10.4,6.0,2026-08-01 04:46:39,jra,2026-08-01,42.47,58.4,31.9,30.1,24.5,52.8,45.0,履歴少
202604020311,2026-08-01,11,ヤマニンジェンナ,15.0,7.0,野中,55.0,,16.0,13.0,2東京12,3歳未勝利,,,,,,,,,,,,,,,,,68.5,15.0,2026-08-01 04:58:29,jra,2026-08-01,35.11,29.6,36.0,29.6,40.6,37.3,45.0,履歴少 / サンプル少
202601010311,2026-08-01,11,ヨヒーン,10.0,5.0,鮫島駿,53.0,,1.0,3.0,1函館5,洞爺湖特別(2勝クラス),6.0,5.0,2阪神2,四国新聞杯(2勝クラス),7.0,2.0,2中山5,房総特別(2勝クラス),5.0,2.0,1京都9,4歳以上2勝クラス,1.0,2.0,3福島5,3歳以上1勝クラス,9.7,5.0,2026-08-01 04:22:09,jra,2026-08-01,59.27,75.9,43.3,55.3,72.5,55.8,45.0,履歴少 / 近走上向き
202604020311,2026-08-01,11,ラスターヴァース,13.0,7.0,武藤,55.0,,10.0,10.0,2東京8,3歳未勝利,11.0,12.0,3中山6,3歳未勝利,18.0,9.0,2中山3,3歳未勝利,6.0,9.0,1東京4,3歳未勝利,4.0,2.0,1中山9,3歳未勝利,34.4,11.0,2026-08-01 04:58:29,jra,2026-08-01,37.05,30.1,40.9,10.3,48.5,51.8,45.0,履歴少 / 市場オッズ妙味
202601010311,2026-08-01,11,ワイドアラジン,6.0,3.0,泉谷,55.0,,3.0,5.0,2福島7,阿武隈S(3勝クラス),13.0,14.0,3阪神4,花のみちS(3勝クラス),6.0,12.0,1新潟6,弥彦S(3勝クラス),14.0,15.0,1小倉5,豊前S(3勝クラス),10.0,7.0,1小倉2,壇之浦S(3勝クラス),33.1,14.0,2026-08-01 04:22:09,jra,2026-08-01,54.57,41.3,63.1,30.4,96.5,58.1,45.0,履歴少 / 近走上向き
202607020311,2026-08-01,11,ヴィスコンテッサ,5.0,5.0,吉村,53.0,,4.0,7.0,3京都3,矢車賞(1勝クラス),12.0,8.0,2中山7,フラワーC(GIII),14.0,9.0,1中山4,フェアリーS(GIII),1.0,4.0,4京都5,2歳未勝利,3.0,2.0,2札幌4,2歳新馬,5.4,3.0,2026-08-01 04:46:39,jra,2026-08-01,51.88,49.4,44.8,55.3,71.0,54.6,45.0,履歴少 / 近走上向き
202604020311,2026-08-01,11,ヴェニゼロス,1.0,1.0,戸崎圭,55.0,,4.0,2.0,1新潟5,3歳未勝利,4.0,9.0,2中山3,3歳未勝利,,,,,,,,,,,,,7.2,3.0,2026-08-01 04:58:29,jra,2026-08-01,52.64,59.8,49.9,48.4,45.5,58.2,45.0,履歴少 / サンプル少
202604020312,2026-08-01,12,アスクザアメリカン,1.0,1.0,武藤,58.0,,8.0,16.0,2小倉8,3歳以上1勝クラス,15.0,11.0,2小倉5,3歳以上1勝クラス,12.0,14.0,5中京3,3歳以上1勝クラス,15.0,8.0,5中京1,3歳以上1勝クラス,16.0,6.0,3阪神6,3歳未勝利,56.1,14.0,2026-08-01 04:26:09,jra,2026-08-01,37.7,15.7,48.4,0.0,89.0,46.4,45.0,履歴少 / 近走上向き
202607020312,2026-08-01,12,ウィテカービート,2.0,2.0,酒井,58.0,,5.0,7.0,2小倉4,青島特別(1勝クラス),8.0,7.0,2小倉1,八代特別(1勝クラス),5.0,7.0,3阪神4,3歳以上1勝クラス,2.0,14.0,1阪神4,4歳以上1勝クラス,8.0,10.0,2京都6,4歳以上1勝クラス,27.3,10.0,2026-08-01 05:15:54,jra,2026-08-01,62.44,63.0,69.0,64.7,54.5,67.3,45.0,履歴少 / 人気以上に走る傾向 / 安定感 / 過小評価傾向
202607020312,2026-08-01,12,ウインラウダ,11.0,8.0,田口,58.0,,4.0,4.0,2小倉5,3歳以上1勝クラス,2.0,5.0,3京都9,4歳以上1勝クラス,4.0,7.0,3京都3,4歳以上1勝クラス,11.0,9.0,1福島4,須賀川特別(1勝クラス),7.0,7.0,1小倉11,4歳以上1勝クラス,17.0,9.0,2026-08-01 05:15:54,jra,2026-08-01,63.45,69.3,57.3,75.1,62.0,66.6,45.0,履歴少 / 安定感 / 過小評価傾向 / 市場オッズ妙味
202601010312,2026-08-01,12,エアニゲラ,3.0,3.0,舟山,56.0,,5.0,7.0,1函館7,竜飛崎特別(2勝クラス),3.0,3.0,1函館2,津軽海峡特別(2勝クラス),1.0,2.0,2阪神5,4歳以上1勝クラス,1.0,5.0,1阪神7,4歳以上1勝クラス,12.0,7.0,2京都6,4歳以上1勝クラス,4.2,2.0,2026-08-01 04:55:14,jra,2026-08-01,63.84,77.2,56.1,89.7,45.5,57.4,45.0,履歴少 / 安定感
202601010312,2026-08-01,12,エンプレスフレーム,2.0,2.0,原田和,56.0,,7.0,14.0,1函館7,竜飛崎特別(2勝クラス),10.0,16.0,2東京9,4歳以上2勝クラス,13.0,10.0,3中山3,千葉日報杯(2勝クラス),13.0,12.0,5中山8,ハッピーエンドC(2勝クラス),9.0,5.0,3福島2,河北新報杯(2勝クラス),11.6,6.0,2026-08-01 04:55:14,jra,2026-08-01,46.43,27.9,67.3,0.0,75.5,63.7,45.0,履歴少 / 人気以上に走る傾向 / 近走上向き
202601010312,2026-08-01,12,エーリアル,8.0,8.0,丹内,56.0,,13.0,8.0,2東京9,4歳以上2勝クラス,11.0,12.0,2中山8,4歳以上2勝クラス,5.0,9.0,1東京5,4歳以上2勝クラス,5.0,2.0,1中山7,4歳以上2勝クラス,5.0,2.0,3阪神4,逆瀬川特別(2勝クラス),4.7,3.0,2026-08-01 04:55:14,jra,2026-08-01,38.74,36.6,41.4,44.7,11.0,52.7,45.0,履歴少
202604020312,2026-08-01,12,カガラプンツェル,7.0,4.0,原,54.0,,6.0,5.0,2福島3,3歳以上1勝クラス,1.0,5.0,1函館2,3歳未勝利,5.0,15.0,2東京7,3歳未勝利,13.0,10.0,1阪神6,3歳未勝利,9.0,6.0,1小倉7,3歳未勝利,9.7,5.0,2026-08-01 04:26:09,jra,2026-08-01,57.85,60.9,63.4,44.7,56.0,64.2,45.0,履歴少
202604020312,2026-08-01,12,カシオペア,8.0,4.0,石川,58.0,,6.0,9.0,3東京3,3歳以上1勝クラス,8.0,8.0,1新潟5,4歳以上1勝クラス,1.0,9.0,2中京4,3歳未勝利,13.0,3.0,5東京7,2歳未勝利,3.0,7.0,4東京4,2歳未勝利,9.7,6.0,2026-08-01 04:26:09,jra,2026-08-01,53.83,58.2,60.1,30.1,51.5,62.9,45.0,履歴少
202601010312,2026-08-01,12,カスバートテソーロ,6.0,6.0,佐々木,56.0,,11.0,9.0,1福島6,尾瀬特別(2勝クラス),1.0,4.0,1福島2,4歳以上1勝クラス,11.0,7.0,1東京1,4歳以上1勝クラス,10.0,3.0,1中山5,4歳以上1勝クラス,2.0,5.0,5中京5,3歳以上1勝クラス,17.5,8.0,2026-08-01 04:55:14,jra,2026-08-01,42.76,48.5,40.5,35.3,20.0,59.4,45.0,履歴少 / 市場オッズ妙味
202601010312,2026-08-01,12,キャットテイル,1.0,1.0,横山武,56.0,,1.0,4.0,1函館6,3歳以上1勝クラス,6.0,6.0,1新潟8,4歳以上1勝クラス,8.0,2.0,2東京1,4歳以上1勝クラス,3.0,2.0,1福島2,4歳以上1勝クラス,1.0,10.0,1小倉4,4歳以上1勝クラス,7.0,4.0,2026-08-01 04:55:14,jra,2026-08-01,62.59,76.6,53.6,55.3,71.0,61.5,45.0,履歴少 / 近走上向き
202607020312,2026-08-01,12,キングケープ,4.0,4.0,岩田望,55.0,,1.0,3.0,3京都5,3歳未勝利,3.0,10.0,3京都1,3歳未勝利,7.0,7.0,1中京5,3歳未勝利,15.0,8.0,5阪神4,2歳未勝利,5.0,3.0,4阪神2,2歳新馬,6.8,4.0,2026-08-01 05:15:54,jra,2026-08-01,64.31,68.6,57.9,65.7,89.0,58.2,45.0,履歴少 / 近走上向き / 安定感
202604020312,2026-08-01,12,クリノゴッホ,5.0,3.0,木幡巧,58.0,,,,2福島7,3歳以上1勝クラス,13.0,12.0,2福島1,3歳以上1勝クラス,6.0,11.0,1福島5,4歳以上1勝クラス,13.0,14.0,1福島4,須賀川特別(1勝クラス),12.0,15.0,1小倉9,4歳以上1勝クラス,40.0,13.0,2026-08-01 04:26:09,jra,2026-08-01,37.77,21.1,62.0,0.0,34.0,60.0,45.0,履歴少
202604020312,2026-08-01,12,グラデュエール,10.0,5.0,木幡初,54.0,,7.0,15.0,2福島7,3歳未勝利,11.0,13.0,3東京2,3歳未勝利,11.0,14.0,2東京7,3歳未勝利,6.0,13.0,3中山7,3歳未勝利,10.0,15.0,2中山6,3歳未勝利,99.0,17.0,2026-08-01 04:26:09,jra,2026-08-01,52.76,36.4,85.4,0.0,65.0,69.8,45.0,履歴少 / 人気以上に走る傾向 / 近走上向き / 過小評価傾向
202607020312,2026-08-01,12,グレゴリオ,8.0,7.0,コレット,58.0,,7.0,5.0,2東京6,4歳以上1勝クラス,9.0,2.0,1新潟1,4歳以上1勝クラス,3.0,1.0,4新潟4,柏崎特別(1勝クラス),2.0,6.0,4新潟2,3歳以上1勝クラス,4.0,5.0,4中山5,3歳未勝利,15.2,7.0,2026-08-01 05:15:54,jra,2026-08-01,48.22,62.7,35.6,44.7,35.0,57.7,45.0,履歴少 / 市場オッズ妙味
202604020312,2026-08-01,12,ゴールドパレード,16.0,8.0,△石神道,54.0,,1.0,3.0,2福島4,3歳未勝利,5.0,12.0,3東京4,3歳未勝利,5.0,10.0,2東京11,3歳未勝利,12.0,3.0,2中山5,3歳未勝利,8.0,5.0,1小倉5,3歳未勝利,12.4,8.0,2026-08-01 04:26:09,jra,2026-08-01,66.83,67.1,62.0,75.1,89.0,64.1,45.0,履歴少 / 近走上向き / 安定感 / 市場オッズ妙味
202607020312,2026-08-01,12,サマーブリザード,10.0,8.0,角田和,55.0,,1.0,1.0,笠松,大井宿特別(3歳),7.0,9.0,3阪神2,3歳未勝利,2.0,1.0,笠松,太田宿特別(3歳),7.0,6.0,2京都3,3歳未勝利,5.0,9.0,1京都9,3歳未勝利,99.9,11.0,2026-08-01 05:15:54,jra,2026-08-01,53.22,51.3,54.6,36.3,75.5,56.1,45.0,地方実績を中央換算 / 履歴少 / 近走上向き
202607020312,2026-08-01,12,サーディンラン,1.0,1.0,松若,55.0,,6.0,1.0,3阪神5,3歳以上1勝クラス,5.0,12.0,2阪神3,チャーチルダウンズC(GIII),2.0,9.0,2中山4,3歳1勝クラス,7.0,7.0,4京都4,黄菊賞(1勝クラス),1.0,1.0,3京都7,2歳未勝利,3.4,1.0,2026-08-01 05:15:54,jra,2026-08-01,58.69,71.3,61.3,55.0,36.5,61.1,45.0,履歴少
202604020312,2026-08-01,12,シルフィー,12.0,6.0,▲佐藤,53.0,,7.0,4.0,2新潟2,3歳未勝利,6.0,8.0,3東京5,3歳未勝利,4.0,4.0,3中山1,3歳未勝利,,,,,,,,,33.0,12.0,2026-08-01 04:26:09,jra,2026-08-01,46.92,61.0,46.1,19.8,38.0,52.4,45.0,履歴少
202604020312,2026-08-01,12,ステキサプライズ,17.0,8.0,★谷原,52.0,,10.0,10.0,2中京2,3歳未勝利,12.0,12.0,1函館7,3歳未勝利,7.0,10.0,1函館4,3歳未勝利,12.0,8.0,3中山8,3歳未勝利,12.0,14.0,1東京3,3歳未勝利,21.7,10.0,2026-08-01 04:26:09,jra,2026-08-01,38.31,24.8,51.5,0.0,54.5,56.9,45.0,履歴少 / 市場オッズ妙味
202604020312,2026-08-01,12,ソナタン,3.0,2.0,野中,58.0,,10.0,8.0,2福島8,3歳以上1勝クラス,4.0,3.0,1新潟5,4歳以上1勝クラス,7.0,1.0,2東京3,4歳以上1勝クラス,14.0,3.0,1東京7,4歳以上1勝クラス,6.0,1.0,5東京2,3歳以上1勝クラス,10.1,7.0,2026-08-01 04:26:09,jra,2026-08-01,35.28,43.9,20.9,24.9,36.5,43.6,45.0,履歴少
202604020312,2026-08-01,12,ソルトバーン,15.0,8.0,柴田大,54.0,,6.0,15.0,1函館10,3歳未勝利,11.0,14.0,1函館3,3歳未勝利,10.0,10.0,2中山1,3歳未勝利,12.0,13.0,1東京5,3歳未勝利,13.0,11.0,5東京8,2歳未勝利,61.7,15.0,2026-08-01 04:26:09,jra,2026-08-01,49.36,30.9,74.0,0.0,83.0,60.6,45.0,履歴少 / 人気以上に走る傾向 / 近走上向き
202604020312,2026-08-01,12,タイキオーベロン,2.0,1.0,▲石田,55.0,,9.0,8.0,3東京3,3歳以上1勝クラス,6.0,6.0,5中京3,3歳以上1勝クラス,3.0,5.0,3福島5,3歳以上1勝クラス,3.0,7.0,4中山2,3歳以上1勝クラス,1.0,6.0,2新潟8,3歳未勝利,5.2,1.0,2026-08-01 04:26:09,jra,2026-08-01,52.84,65.1,58.3,44.7,15.5,63.5,45.0,履歴少
202601010312,2026-08-01,12,タマモカンパネラ,4.0,4.0,黛,56.0,,8.0,5.0,1函館6,渡島特別(2勝クラス),8.0,6.0,2東京9,4歳以上2勝クラス,6.0,6.0,2東京1,4歳以上2勝クラス,1.0,1.0,3中山1,4歳以上1勝クラス,2.0,1.0,1東京3,4歳以上1勝クラス,16.4,7.0,2026-08-01 04:55:14,jra,2026-08-01,45.25,60.3,39.4,24.9,27.5,58.0,45.0,履歴少 / 市場オッズ妙味
202604020312,2026-08-01,12,ダイユウルミナス,4.0,2.0,小崎,54.0,,10.0,2.0,2福島7,3歳未勝利,2.0,5.0,2福島4,3歳未勝利,10.0,8.0,3中山5,3歳未勝利,7.0,9.0,1東京5,3歳未勝利,,,,,24.9,11.0,2026-08-01 04:26:09,jra,2026-08-01,40.73,49.7,36.0,24.9,28.0,52.2,45.0,履歴少 / 市場オッズ妙味
202601010312,2026-08-01,12,ハヤブサオヒメサマ,5.0,5.0,吉田隼,56.0,,1.0,9.0,1函館1,3歳以上1勝クラス,6.0,13.0,1福島5,4歳以上1勝クラス,9.0,10.0,1中京2,4歳以上1勝クラス,14.0,8.0,1京都5,4歳以上1勝クラス,3.0,7.0,5中京5,3歳以上1勝クラス,10.5,5.0,2026-08-01 04:55:14,jra,2026-08-01,65.79,61.1,77.4,40.7,92.0,69.1,45.0,履歴少 / 人気以上に走る傾向 / 近走上向き / 過小評価傾向
202607020312,2026-08-01,12,パスコード,9.0,7.0,坂井,56.0,,5.0,5.0,3阪神5,3歳以上1勝クラス,2.0,3.0,3京都7,4歳以上1勝クラス,3.0,5.0,2阪神7,4歳以上1勝クラス,2.0,4.0,1中京6,4歳以上1勝クラス,5.0,2.0,1小倉9,4歳以上1勝クラス,5.3,2.0,2026-08-01 05:15:54,jra,2026-08-01,64.87,80.6,54.4,100.0,38.0,58.4,45.0,履歴少 / 安定感
202607020312,2026-08-01,12,パーシャングレー,7.0,6.0,吉村,55.0,,10.0,4.0,3京都9,メルボルンT(1勝クラス),1.0,4.0,3京都6,3歳未勝利,5.0,6.0,1阪神3,3歳未勝利,3.0,1.0,1小倉6,3歳未勝利,3.0,4.0,5阪神7,2歳未勝利,9.5,6.0,2026-08-01 05:15:54,jra,2026-08-01,51.07,67.8,42.5,69.6,8.0,57.6,45.0,履歴少 / 安定感
202604020312,2026-08-01,12,ホウオウショコラ,6.0,3.0,▲上里,53.0,,3.0,9.0,2福島6,3歳以上1勝クラス,10.0,8.0,1新潟4,4歳以上1勝クラス,13.0,4.0,2中山6,4歳以上1勝クラス,8.0,5.0,5中京2,3歳以上1勝クラス,16.0,2.0,3福島2,二本松特別(1勝クラス),7.6,3.0,2026-08-01 04:26:09,jra,2026-08-01,45.55,39.7,33.6,30.4,100.0,44.3,45.0,履歴少 / 近走上向き
202607020312,2026-08-01,12,メイショウビストロ,5.0,5.0,幸,58.0,,3.0,7.0,3京都11,4歳以上1勝クラス,9.0,2.0,1新潟8,二王子特別(1勝クラス),2.0,4.0,1新潟1,4歳以上1勝クラス,3.0,6.0,1中京3,4歳以上1勝クラス,9.0,10.0,1小倉12,唐戸特別(1勝クラス),15.6,8.0,2026-08-01 05:15:54,jra,2026-08-01,61.36,68.7,52.9,64.7,66.5,65.7,45.0,履歴少 / 近走上向き / 安定感 / 過小評価傾向
202604020312,2026-08-01,12,ヤマニンアレシス,14.0,7.0,大野,56.0,,7.0,1.0,3東京4,3歳未勝利,2.0,2.0,2東京11,3歳未勝利,4.0,1.0,1新潟1,3歳未勝利,3.0,1.0,3中山3,3歳未勝利,2.0,2.0,2中山5,3歳未勝利,9.0,4.0,2026-08-01 04:26:09,jra,2026-08-01,51.69,75.5,31.0,69.6,24.5,52.2,45.0,履歴少 / 安定感
202601010312,2026-08-01,12,ユージュアーナ,7.0,7.0,武豊,56.0,,3.0,4.0,1函館6,渡島特別(2勝クラス),1.0,2.0,1福島6,4歳以上1勝クラス,4.0,4.0,2阪神1,4歳以上1勝クラス,4.0,12.0,1中京3,4歳以上1勝クラス,11.0,6.0,5中京5,3歳以上1勝クラス,2.7,1.0,2026-08-01 04:55:14,jra,2026-08-01,66.78,78.6,58.4,89.7,62.0,57.5,45.0,履歴少 / 安定感
202604020312,2026-08-01,12,ラブソング,9.0,5.0,嶋田,54.0,,6.0,11.0,2新潟2,3歳以上1勝クラス,15.0,11.0,1函館5,3歳未勝利,8.0,10.0,1福島6,3歳未勝利,16.0,12.0,1小倉8,3歳未勝利,5.0,15.0,1小倉3,3歳未勝利,81.8,16.0,2026-08-01 04:26:09,jra,2026-08-01,47.46,34.0,59.6,10.3,80.0,59.4,45.0,履歴少 / 近走上向き
202607020312,2026-08-01,12,ララファキュルテ,3.0,3.0,団野,55.0,,5.0,4.0,3京都1,あやめ賞(1勝クラス),1.0,1.0,2阪神6,3歳未勝利,2.0,5.0,1京都7,3歳未勝利,2.0,2.0,5阪神8,2歳新馬,,,,,8.4,5.0,2026-08-01 05:15:54,jra,2026-08-01,64.0,86.1,52.3,89.7,30.0,60.7,45.0,履歴少 / 安定感
202604020312,2026-08-01,12,レモンバーム,11.0,6.0,菊沢,56.0,,9.0,9.0,3京都10,4歳以上1勝クラス,7.0,4.0,1福島5,4歳以上1勝クラス,3.0,5.0,1中京5,4歳以上1勝クラス,6.0,9.0,1中山4,4歳以上1勝クラス,3.0,11.0,5阪神8,フォーチュンC(2勝クラス),5.7,2.0,2026-08-01 04:26:09,jra,2026-08-01,49.75,57.9,56.4,30.1,24.5,63.9,45.0,履歴少
202604020312,2026-08-01,12,ロードストラダーレ,13.0,7.0,丸田,56.0,,14.0,13.0,2阪神8,3歳1勝クラス,4.0,11.0,3中山2,3歳1勝クラス,15.0,12.0,2中山3,3歳1勝クラス,1.0,7.0,5東京5,2歳未勝利,5.0,7.0,4東京9,2歳未勝利,16.1,9.0,2026-08-01 04:26:09,jra,2026-08-01,47.45,40.6,63.5,49.8,3.5,71.1,45.0,履歴少 / 過小評価傾向 / 市場オッズ妙味
202607020312,2026-08-01,12,ヴォーカライズ,6.0,6.0,☆田山,54.0,,6.0,3.0,2東京1,3歳1勝クラス,4.0,3.0,2阪神4,3歳1勝クラス,3.0,6.0,1東京1,3歳1勝クラス,1.0,1.0,5阪神1,2歳未勝利,3.0,2.0,3京都3,2歳未勝利,5.7,3.0,2026-08-01 05:15:54,jra,2026-08-01,56.81,77.0,45.3,69.6,30.5,56.1,45.0,履歴少 / 安定感
202654080101,2026-08-01,1,アーユーリアル,3.0,3.0,上田将司,55.0,,8.0,8.0,高知,3歳ー2,11.0,11.0,高知,3歳ー4,10.0,9.0,高知,3歳ー4,7.0,10.0,高知,3歳ー4,9.0,11.0,高知,3歳ー4,136.1,11.0,,nar,2026-08-01,41.86,35.2,53.1,0.0,57.5,56.1,45.0,履歴少
202665080101,2026-08-01,1,イワキミハル,8.0,8.0,中村太陽,580.0,,,,,,,,,,,,,,,,,,,,,,,,,nar,2026-08-01,36.0,35.0,35.0,35.0,35.0,35.0,45.0,履歴少
202654080101,2026-08-01,1,ウィギル,5.0,5.0,大澤誠志,57.0,,7.0,10.0,高知,ファイナルレース(3歳),11.0,4.0,高知,ファイナルレース(3歳),11.0,8.0,高知,3歳ー5,9.0,7.0,高知,3歳ー5,2.0,7.0,高知,ファイナルレース(3歳),102.7,10.0,,nar,2026-08-01,40.81,39.5,41.6,10.3,57.5,50.9,45.0,履歴少
202654080101,2026-08-01,1,エスケーブラッド,10.0,8.0,井上瑛太,57.0,,7.0,6.0,高知,3歳ー7,9.0,7.0,高知,ファイナルレース(3歳),8.0,12.0,高知,3歳ー4,8.0,7.0,高知,3歳ー4,7.0,3.0,高知,ファイナルレース(3歳),84.9,9.0,,nar,2026-08-01,42.06,45.3,46.0,0.0,56.0,50.9,45.0,履歴少
202654080101,2026-08-01,1,エナジーアユ,4.0,4.0,木村直輝,55.0,,1.0,1.0,高知,3歳ー8,4.0,6.0,高知,3歳ー6,,,高知,3歳ー7,9.0,15.0,1新潟1,3歳未勝利,12.0,13.0,1中京3,3歳未勝利,4.0,2.0,,nar,2026-08-01,65.84,69.6,62.9,55.3,94.0,63.2,45.0,履歴少 / 近走上向き
202654080101,2026-08-01,1,オーケートムボーイ,7.0,6.0,畑中信司,55.0,,1.0,1.0,高知,3歳ー4,3.0,1.0,高知,3歳ー5,2.0,2.0,高知,3歳ー7,10.0,7.0,川崎,メイフラワー賞(3歳),13.0,13.0,1小倉11,3歳未勝利,2.9,1.0,,nar,2026-08-01,62.16,74.0,43.4,75.1,86.0,51.3,45.0,履歴少 / 近走上向き / 安定感
202665080101,2026-08-01,1,キンスピード,5.0,5.0,松本秀克,600.0,,,,,,,,,,,,,,,,,,,,,,,,,nar,2026-08-01,36.0,35.0,35.0,35.0,35.0,35.0,45.0,履歴少
202665080101,2026-08-01,1,サクラセイリュウ,7.0,7.0,菊池一樹,580.0,,,,,,,,,,,,,,,,,,,,,,,,,nar,2026-08-01,36.0,35.0,35.0,35.0,35.0,35.0,45.0,履歴少
202654080101,2026-08-01,1,ジーティービバ,2.0,2.0,岡遼太郎,55.0,,2.0,3.0,高知,3歳ー7,4.0,7.0,高知,3歳ー5,8.0,7.0,大井,3歳十　11,4.0,6.0,大井,2歳　選抜牝馬,5.0,5.0,大井,2歳七　八,12.2,7.0,,nar,2026-08-01,65.98,73.7,58.0,80.2,69.5,63.9,45.0,履歴少 / 近走上向き / 安定感 / 市場オッズ妙味
202665080101,2026-08-01,1,ソウイチロウ,3.0,3.0,金田利貴,600.0,,,,,,,,,,,,,,,,,,,,,,,,,nar,2026-08-01,36.0,35.0,35.0,35.0,35.0,35.0,45.0,履歴少
202654080101,2026-08-01,1,ソヴァージュ,9.0,7.0,城野慈尚,55.0,,1.0,4.0,高知,ファイナルレース(3歳),2.0,5.0,高知,ファイナルレース(3歳),6.0,11.0,高知,3歳ー6,8.0,9.0,高知,3歳ー6,11.0,9.0,高知,3歳ー6,9.1,5.0,,nar,2026-08-01,67.48,73.7,68.1,55.3,84.5,65.9,45.0,履歴少 / 人気以上に走る傾向 / 近走上向き / 過小評価傾向
202665080101,2026-08-01,1,トラボタン,9.0,8.0,長澤幸太,600.0,,,,,,,,,,,,,,,,,,,,,,,,,nar,2026-08-01,36.0,35.0,35.0,35.0,35.0,35.0,45.0,履歴少
202654080101,2026-08-01,1,ノクスパーピリオ,1.0,1.0,多田羅誠,55.0,,3.0,4.0,高知,3歳ー7,6.0,2.0,高知,3歳ー5,1.0,4.0,高知,3歳ー7,5.0,5.0,高知,3歳ー6,5.0,7.0,高知,3歳ー6,12.2,6.0,,nar,2026-08-01,62.87,77.2,50.7,75.1,57.5,61.9,45.0,履歴少 / 安定感 / 市場オッズ妙味
202665080101,2026-08-01,1,ハゴロモコスモス,2.0,2.0,西将太,600.0,,,,,,,,,,,,,,,,,,,,,,,,,nar,2026-08-01,36.0,35.0,35.0,35.0,35.0,35.0,45.0,履歴少
202665080101,2026-08-01,1,ブラックシンバ,1.0,1.0,船山蔵人,600.0,,,,,,,,,,,,,,,,,,,,,,,,,nar,2026-08-01,36.0,35.0,35.0,35.0,35.0,35.0,45.0,履歴少
202665080101,2026-08-01,1,ベリーグッドマン,4.0,4.0,大友一馬,600.0,,,,,,,,,,,,,,,,,,,,,,,,,nar,2026-08-01,36.0,35.0,35.0,35.0,35.0,35.0,45.0,履歴少
202654080101,2026-08-01,1,ホットロッドスター,8.0,7.0,岡村卓弥,57.0,,3.0,5.0,高知,3歳ー2,5.0,5.0,高知,3歳ー4,5.0,6.0,高知,3歳ー5,3.0,4.0,高知,3歳ー5,6.0,4.0,高知,3歳ー5,6.0,3.0,,nar,2026-08-01,64.84,74.4,55.2,89.7,60.5,58.9,45.0,履歴少 / 安定感
202665080101,2026-08-01,1,マオ,6.0,6.0,今井千尋,570.0,,,,,,,,,,,,,,,,,,,,,,,,,nar,2026-08-01,36.0,35.0,35.0,35.0,35.0,35.0,45.0,履歴少
202654080101,2026-08-01,1,メイジョウエナジー,11.0,8.0,塚本直之,52.0,,8.0,8.0,高知,ファイナルレース(3歳),6.0,2.0,高知,ファイナルレース(3歳),11.0,10.0,高知,3歳ー4,6.0,9.0,高知,3歳ー4,9.0,5.0,高知,ファイナルレース(3歳),30.5,8.0,,nar,2026-08-01,40.4,44.8,41.8,0.0,50.0,52.4,45.0,履歴少 / 市場オッズ妙味
202654080101,2026-08-01,1,レンジシ,6.0,6.0,赤岡修次,57.0,,6.0,2.0,高知,3歳ー7,3.0,8.0,高知,3歳ー4,8.0,3.0,高知,3歳ー5,1.0,6.0,高知,3歳ー7,3.0,6.0,高知,3歳ー6,6.5,4.0,,nar,2026-08-01,55.4,71.1,50.6,49.8,36.5,60.6,45.0,履歴少
202665080102,2026-08-01,2,アアモンドグール,9.0,8.0,赤塚健仁,500.0,,,,,,,,,,,,,,,,,,,,,,,,,nar,2026-08-01,36.0,35.0,35.0,35.0,35.0,35.0,45.0,履歴少
202665080102,2026-08-01,2,アアモンドタイガー,4.0,4.0,渡来心路,480.0,,,,,,,,,,,,,,,,,,,,,,,,,nar,2026-08-01,36.0,35.0,35.0,35.0,35.0,35.0,45.0,履歴少
202654080102,2026-08-01,2,アシャカバッハ,5.0,5.0,西森将司,57.0,,1.0,7.0,高知,3歳ー7,10.0,9.0,高知,3歳ー4,9.0,4.0,高知,3歳ー5,10.0,15.0,1新潟5,3歳未勝利,13.0,11.0,2中山5,3歳未勝利,30.5,6.0,,nar,2026-08-01,55.88,49.0,57.8,30.4,100.0,58.2,45.0,履歴少 / 近走上向き / 市場オッズ妙味
202665080102,2026-08-01,2,ガッツデー,6.0,6.0,鈴木恵介,500.0,,,,,,,,,,,,,,,,,,,,,,,,,nar,2026-08-01,36.0,35.0,35.0,35.0,35.0,35.0,45.0,履歴少
202665080102,2026-08-01,2,キタノショウヘイ,5.0,5.0,中原蓮,500.0,,,,,,,,,,,,,,,,,,,,,,,,,nar,2026-08-01,36.0,35.0,35.0,35.0,35.0,35.0,45.0,履歴少
202665080102,2026-08-01,2,キョウエイブラック,8.0,7.0,菊池一樹,500.0,,,,,,,,,,,,,,,,,,,,,,,,,nar,2026-08-01,36.0,35.0,35.0,35.0,35.0,35.0,45.0,履歴少
202654080102,2026-08-01,2,キーゴールド,3.0,3.0,岡遼太郎,57.0,,2.0,1.0,高知,ファイナルレース(3歳),5.0,8.0,高知,3歳ー3,11.0,12.0,高知,ファイナルレース(3歳),8.0,8.0,高知,3歳ー3,11.0,9.0,高知,3歳ー4,16.7,5.0,,nar,2026-08-01,59.55,57.3,53.0,55.3,90.5,62.6,45.0,履歴少 / 近走上向き / 市場オッズ妙味
202654080102,2026-08-01,2,クレセントゴールド,2.0,2.0,赤岡修次,57.0,,2.0,6.0,高知,3歳ー4,6.0,5.0,高知,3歳ー4,2.0,1.0,高知,2歳ー1,2.0,1.0,高知,2歳ー3,1.0,1.0,高知,2歳新馬(新馬),2.6,1.0,,nar,2026-08-01,64.51,84.9,54.4,75.1,54.5,54.7,45.0,履歴少 / 安定感
202665080102,2026-08-01,2,コウバイヒメ,7.0,7.0,長澤幸太,480.0,,,,,,,,,,,,,,,,,,,,,,,,,nar,2026-08-01,36.0,35.0,35.0,35.0,35.0,35.0,45.0,履歴少
202654080102,2026-08-01,2,ジョウショーレーヴ,9.0,8.0,岡村卓弥,55.0,,9.0,8.0,高知,3歳ー6,7.0,7.0,高知,3歳ー3,10.0,7.0,高知,3歳ー3,5.0,3.0,高知,3歳ー3,1.0,4.0,高知,ファイナルレース(3歳),49.9,8.0,,nar,2026-08-01,43.2,49.7,43.9,24.9,30.5,54.3,45.0,履歴少 / 市場オッズ妙味
202654080102,2026-08-01,2,ソレユケカツコ,7.0,7.0,阿部基嗣,54.0,,5.0,7.0,高知,3歳ー6,1.0,6.0,高知,ファイナルレース(3歳),6.0,11.0,高知,3歳ー5,10.0,8.0,高知,3歳ー4,4.0,6.0,高知,ファイナルレース(3歳),35.6,7.0,,nar,2026-08-01,63.59,69.4,69.3,65.7,51.5,64.1,45.0,履歴少 / 人気以上に走る傾向 / 安定感 / 市場オッズ妙味
202654080102,2026-08-01,2,チュラリヴァル,8.0,7.0,塚本直之,54.0,,11.0,10.0,高知,魚梁瀬杉特別(3歳),10.0,9.0,高知,3歳ー3,12.0,10.0,高知,ファイナルレース(3歳),3.0,5.0,高知,3歳ー4,10.0,6.0,高知,3歳ー4,129.1,10.0,,nar,2026-08-01,36.34,30.6,42.5,14.6,36.5,49.6,45.0,履歴少
202654080102,2026-08-01,2,ツイスティドシルク,1.0,1.0,永森大智,57.0,,5.0,1.0,高知,3歳ー7,1.0,1.0,高知,3歳ー6,15.0,12.0,2東京5,3歳未勝利,4.0,2.0,船橋,ベストビット特別(3歳未格),11.0,9.0,1東京2,3歳未勝利,2.7,2.0,,nar,2026-08-01,52.03,58.7,33.9,69.9,66.5,47.1,45.0,履歴少 / 近走上向き / 安定感
202665080102,2026-08-01,2,ツナガルキズナ,2.0,2.0,金田利貴,480.0,,,,,,,,,,,,,,,,,,,,,,,,,nar,2026-08-01,36.0,35.0,35.0,35.0,35.0,35.0,45.0,履歴少
202665080102,2026-08-01,2,パリスウンカイ,1.0,1.0,中村太陽,480.0,,,,,,,,,,,,,,,,,,,,,,,,,nar,2026-08-01,36.0,35.0,35.0,35.0,35.0,35.0,45.0,履歴少
202654080102,2026-08-01,2,ファーストシーン,4.0,4.0,木村直輝,55.0,,6.0,6.0,高知,3歳ー2,1.0,6.0,高知,3歳ー5,3.0,5.0,高知,ファイナルレース(3歳),8.0,5.0,高知,3歳ー6,5.0,3.0,高知,3歳ー5,16.3,4.0,,nar,2026-08-01,58.86,73.2,57.0,55.0,39.5,63.2,45.0,履歴少 / 市場オッズ妙味
202654080102,2026-08-01,2,フルフィルメント,6.0,6.0,宮川実,55.0,,11.0,8.0,2小倉6,3歳未勝利,6.0,6.0,1小倉6,3歳未勝利,4.0,15.0,1京都8,3歳未勝利,7.0,13.0,4京都7,2歳未勝利,10.0,12.0,4京都4,2歳未勝利,3.7,3.0,,nar,2026-08-01,48.37,46.5,66.4,19.8,24.5,66.0,48.6,人気以上に走る傾向 / 過小評価傾向
202665080102,2026-08-01,2,ホクセイマッシグラ,10.0,8.0,臼杵龍美,490.0,,,,,,,,,,,,,,,,,,,,,,,,,nar,2026-08-01,36.0,35.0,35.0,35.0,35.0,35.0,45.0,履歴少
202665080102,2026-08-01,2,モエタカハート,3.0,3.0,今井千尋,470.0,,,,,,,,,,,,,,,,,,,,,,,,,nar,2026-08-01,36.0,35.0,35.0,35.0,35.0,35.0,45.0,履歴少
202654080102,2026-08-01,2,ヴィルアヴァンセ,10.0,8.0,濱尚美,55.0,,10.0,7.0,高知,ファイナルレース(3歳),8.0,6.0,高知,3歳ー3,4.0,8.0,高知,3歳ー4,9.0,6.0,高知,3歳ー4,3.0,10.0,高知,ファイナルレース(3歳),85.9,9.0,,nar,2026-08-01,43.99,48.4,47.7,30.1,26.0,55.5,45.0,履歴少
202665080103,2026-08-01,3,イワキエスポワール,2.0,2.0,西将太,480.0,,,,,,,,,,,,,,,,,,,,,,,,,nar,2026-08-01,36.0,35.0,35.0,35.0,35.0,35.0,45.0,履歴少
202665080103,2026-08-01,3,イワキニセイ,1.0,1.0,吉田理人,490.0,,,,,,,,,,,,,,,,,,,,,,,,,nar,2026-08-01,36.0,35.0,35.0,35.0,35.0,35.0,45.0,履歴少
202665080103,2026-08-01,3,オレニホレルナ,8.0,7.0,松本秀克,500.0,,,,,,,,,,,,,,,,,,,,,,,,,nar,2026-08-01,36.0,35.0,35.0,35.0,35.0,35.0,45.0,履歴少
202665080103,2026-08-01,3,キョウエイローズ,4.0,4.0,菊池一樹,480.0,,,,,,,,,,,,,,,,,,,,,,,,,nar,2026-08-01,36.0,35.0,35.0,35.0,35.0,35.0,45.0,履歴少
202654080103,2026-08-01,3,シティプロスパー,3.0,3.0,井上瑛太,55.0,,5.0,1.0,高知,3歳ー2,1.0,1.0,高知,3歳ー5,2.0,1.0,高知,3歳ー6,1.0,1.0,高知,3歳ー6,11.0,13.0,3京都1,3歳未勝利,4.6,2.0,,nar,2026-08-01,60.49,80.4,41.6,89.7,42.5,54.5,45.0,履歴少 / 安定感
202654080103,2026-08-01,3,ショウナンアンバー,1.0,1.0,岡村卓弥,57.0,,7.0,2.0,高知,3歳ー2,4.0,8.0,高知,3歳ー2,16.0,14.0,3阪神2,3歳未勝利,12.0,13.0,2阪神4,3歳未勝利,,11.0,1阪神10,3歳未勝利,19.5,7.0,,nar,2026-08-01,46.57,40.7,44.0,24.9,72.0,60.6,45.0,履歴少 / 近走上向き / 市場オッズ妙味
202654080103,2026-08-01,3,ターニーロイヤル,9.0,7.0,城野慈尚,55.0,,1.0,3.0,高知,3歳ー6,5.0,2.0,高知,3歳ー3,1.0,1.0,高知,3歳ー4,2.0,2.0,高知,3歳ー5,1.0,7.0,高知,3歳ー5,7.6,6.0,,nar,2026-08-01,70.31,90.9,53.4,100.0,57.5,61.9,45.0,履歴少 / 安定感
202654080103,2026-08-01,3,トサノセレナーデ,7.0,6.0,多田羅誠,55.0,,2.0,2.0,高知,3歳ー6,2.0,6.0,高知,3歳ー2,3.0,3.0,高知,3歳ー4,1.0,1.0,高知,2歳ー2,2.0,4.0,高知,カシオペア特別(2歳),7.0,5.0,,nar,2026-08-01,70.87,91.6,58.4,100.0,50.0,62.2,45.0,履歴少 / 安定感
202665080103,2026-08-01,3,ハゴロモジョイア,7.0,7.0,大友一馬,500.0,,,,,,,,,,,,,,,,,,,,,,,,,nar,2026-08-01,36.0,35.0,35.0,35.0,35.0,35.0,45.0,履歴少
202654080103,2026-08-01,3,ハルウタ,6.0,6.0,西森将司,55.0,,3.0,6.0,高知,ファイナルレース(3歳),9.0,10.0,高知,3歳ー3,9.0,8.0,高知,ファイナルレース(3歳),9.0,7.0,高知,3歳ー3,7.0,10.0,高知,3歳ー4,113.8,10.0,,nar,2026-08-01,54.24,52.2,56.9,30.4,83.0,56.1,45.0,履歴少 / 近走上向き
202654080103,2026-08-01,3,バリキング,11.0,8.0,郷間勇太,57.0,,3.0,1.0,高知,3歳ー6,1.0,1.0,高知,3歳ー4,1.0,1.0,高知,3歳ー5,1.0,1.0,高知,2歳ー4,2.0,3.0,高知,2歳新馬(新馬),3.3,1.0,,nar,2026-08-01,66.42,94.3,46.5,100.0,39.5,54.4,45.0,履歴少 / 安定感
202654080103,2026-08-01,3,バーニングホット,8.0,7.0,大澤誠志,55.0,,9.0,11.0,高知,魚梁瀬杉特別(3歳),10.0,11.0,高知,3歳ー2,4.0,1.0,高知,ファイナルレース(3歳),8.0,10.0,高知,3歳ー2,7.0,7.0,高知,3歳ー3,191.5,11.0,,nar,2026-08-01,44.74,44.7,53.9,19.8,39.5,54.8,45.0,履歴少
202665080103,2026-08-01,3,パリスエンジェル,9.0,8.0,中村太陽,480.0,,,,,,,,,,,,,,,,,,,,,,,,,nar,2026-08-01,36.0,35.0,35.0,35.0,35.0,35.0,45.0,履歴少
202665080103,2026-08-01,3,ヒロインクロエ,10.0,8.0,西謙一,480.0,,,,,,,,,,,,,,,,,,,,,,,,,nar,2026-08-01,36.0,35.0,35.0,35.0,35.0,35.0,45.0,履歴少
202654080103,2026-08-01,3,フウリンカザン,10.0,8.0,西優哉,54.0,,8.0,2.0,高知,3歳ー2,1.0,1.0,高知,3歳ー3,1.0,1.0,高知,3歳ー5,1.0,2.0,高知,3歳ー6,2.0,3.0,高知,3歳ー5,5.8,3.0,,nar,2026-08-01,54.03,82.2,39.0,69.6,9.5,54.9,45.0,履歴少 / 安定感
202654080103,2026-08-01,3,プグナファータ,2.0,2.0,岡遼太郎,55.0,,6.0,5.0,高知,3歳ー6,1.0,3.0,高知,3歳ー3,7.0,7.0,高知,3歳ー4,4.0,2.0,高知,3歳ー4,9.0,1.0,高知,3歳ー3,31.9,9.0,,nar,2026-08-01,51.32,68.2,43.5,39.5,45.5,50.5,45.0,履歴少 / 市場オッズ妙味
202654080103,2026-08-01,3,プリティスーチャン,4.0,4.0,木村直輝,55.0,,7.0,4.0,高知,3歳ー6,2.0,2.0,高知,3歳ー3,1.0,3.0,高知,ファイナルレース(3歳),5.0,6.0,高知,3歳ー5,4.0,8.0,高知,3歳ー5,31.7,8.0,,nar,2026-08-01,57.64,76.3,50.3,69.6,26.0,58.9,45.0,履歴少 / 安定感 / 市場オッズ妙味
202665080103,2026-08-01,3,ホクセイウグイス,3.0,3.0,島津新,480.0,,,,,,,,,,,,,,,,,,,,,,,,,nar,2026-08-01,36.0,35.0,35.0,35.0,35.0,35.0,45.0,履歴少
202665080103,2026-08-01,3,マルモロングラン,5.0,5.0,渡来心路,500.0,,,,,,,,,,,,,,,,,,,,,,,,,nar,2026-08-01,36.0,35.0,35.0,35.0,35.0,35.0,45.0,履歴少
202665080103,2026-08-01,3,ライデンファンタジ,6.0,6.0,鈴木恵介,500.0,,,,,,,,,,,,,,,,,,,,,,,,,nar,2026-08-01,36.0,35.0,35.0,35.0,35.0,35.0,45.0,履歴少
202654080103,2026-08-01,3,ランツェンライター,5.0,5.0,赤岡修次,57.0,,1.0,1.0,高知,3歳ー3,9.0,2.0,高知,3歳ー4,2.0,3.0,高知,3歳ー6,2.0,1.0,高知,3歳ー6,2.0,1.0,高知,3歳ー5,6.5,4.0,,nar,2026-08-01,60.39,80.5,37.4,75.1,66.5,52.8,45.0,履歴少 / 近走上向き / 安定感
202654080104,2026-08-01,4,エアロノート,3.0,3.0,西優哉,54.0,,3.0,7.0,高知,3歳ー5,11.0,5.0,高知,3歳ー2,10.0,10.0,高知,高知優駿(重賞),5.0,9.0,高知,3歳ー2,11.0,9.0,高知,山桃特別(3歳),55.2,10.0,,nar,2026-08-01,53.5,48.0,50.7,45.0,87.5,53.5,45.0,履歴少 / 近走上向き
202654080104,2026-08-01,4,エートゥージー,10.0,8.0,宮川実,57.0,,4.0,3.0,高知,3歳ー2,3.0,7.0,高知,第8回SOOUP優駿(3歳),7.0,6.0,高知,3歳ー2,4.0,4.0,高知,3歳ー1,2.0,6.0,高知,3歳ー2,4.1,2.0,,nar,2026-08-01,63.02,74.9,56.4,80.2,50.0,59.9,45.0,履歴少 / 安定感
202654080104,2026-08-01,4,ガディスビクトリア,4.0,4.0,木村直輝,55.0,,3.0,2.0,高知,3歳ー2,11.0,6.0,高知,高知優駿(重賞),3.0,2.0,高知,3歳ー3,2.0,5.0,高知,ファイナルレース(3歳),2.0,3.0,高知,3歳ー3,9.1,5.0,,nar,2026-08-01,58.22,70.0,41.6,75.1,59.0,57.4,45.0,履歴少 / 安定感
202654080104,2026-08-01,4,グリエールキック,1.0,1.0,城野慈尚,55.0,,1.0,2.0,高知,3歳ー5,6.0,5.0,高知,第8回SOOUP優駿(3歳),4.0,9.0,高知,3歳ー2,6.0,7.0,高知,3歳ー2,5.0,4.0,高知,3歳ー2,11.3,6.0,,nar,2026-08-01,64.86,76.1,57.6,60.5,75.5,63.6,45.0,履歴少 / 近走上向き / 安定感
202654080104,2026-08-01,4,シデンイッセン,2.0,2.0,畑中信司,57.0,,8.0,9.0,高知,3歳ー5,8.0,6.0,高知,第8回SOOUP優駿(3歳),5.0,8.0,高知,3歳ー2,2.0,2.0,高知,3歳ー2,2.0,4.0,高知,3歳ー3,53.0,9.0,,nar,2026-08-01,51.03,60.7,54.2,44.7,27.5,56.1,45.0,履歴少
202665080104,2026-08-01,4,シャインクィーン,8.0,7.0,今井千尋,470.0,,,,,,,,,,,,,,,,,,,,,,,,,nar,2026-08-01,36.0,35.0,35.0,35.0,35.0,35.0,45.0,履歴少
202665080104,2026-08-01,4,ジェットクイーン,7.0,7.0,村上章,480.0,,,,,,,,,,,,,,,,,,,,,,,,,nar,2026-08-01,36.0,35.0,35.0,35.0,35.0,35.0,45.0,履歴少
202654080104,2026-08-01,4,ジョウショーブリエ,9.0,8.0,岡村卓弥,55.0,,5.0,3.0,高知,3歳ー5,4.0,3.0,高知,第8回SOOUP優駿(3歳),3.0,7.0,高知,3歳ー2,6.0,6.0,高知,3歳ー1,3.0,5.0,高知,3歳ー2,6.3,4.0,,nar,2026-08-01,61.25,73.6,51.0,85.4,44.0,59.8,45.0,履歴少 / 安定感
202654080104,2026-08-01,4,スレイラー,8.0,7.0,多田羅誠,55.0,,6.0,3.0,高知,魚梁瀬杉特別(3歳),6.0,1.0,高知,3歳ー2,1.0,1.0,高知,3歳ー1,1.0,2.0,高知,3歳ー3,3.0,1.0,高知,四国の酪農応援特別(3歳),5.0,3.0,,nar,2026-08-01,50.28,76.2,34.5,44.7,30.5,51.0,45.0,履歴少
202654080104,2026-08-01,4,ソックス,7.0,7.0,井上瑛太,57.0,,6.0,6.0,高知,3歳ー5,1.0,7.0,高知,3歳ー2,2.0,4.0,高知,3歳ー3,7.0,4.0,高知,3歳ー2,5.0,3.0,高知,3歳ー3,18.2,7.0,,nar,2026-08-01,59.83,76.0,58.7,55.0,36.5,64.2,45.0,履歴少 / 市場オッズ妙味
202665080104,2026-08-01,4,テンノキズナ,5.0,5.0,船山蔵人,480.0,,,,,,,,,,,,,,,,,,,,,,,,,nar,2026-08-01,36.0,35.0,35.0,35.0,35.0,35.0,45.0,履歴少
202654080104,2026-08-01,4,フォレストターキン,6.0,6.0,郷間勇太,55.0,,4.0,4.0,高知,3歳ー5,5.0,8.0,高知,第8回SOOUP優駿(3歳),7.0,8.0,高知,3歳ー1,8.0,7.0,高知,3歳ー2,9.0,10.0,高知,ファイナルレース(3歳),22.3,8.0,,nar,2026-08-01,58.17,60.5,56.3,55.3,69.5,58.9,45.0,履歴少 / 近走上向き / 市場オッズ妙味
202665080104,2026-08-01,4,ホクセイキンボシ,6.0,6.0,阿部武臣,500.0,,,,,,,,,,,,,,,,,,,,,,,,,nar,2026-08-01,36.0,35.0,35.0,35.0,35.0,35.0,45.0,履歴少
202665080104,2026-08-01,4,ミスアショロ,2.0,2.0,赤塚健仁,480.0,,,,,,,,,,,,,,,,,,,,,,,,,nar,2026-08-01,36.0,35.0,35.0,35.0,35.0,35.0,45.0,履歴少
202665080104,2026-08-01,4,ミスターボブオ,3.0,3.0,菊池一樹,500.0,,,,,,,,,,,,,,,,,,,,,,,,,nar,2026-08-01,36.0,35.0,35.0,35.0,35.0,35.0,45.0,履歴少
202665080104,2026-08-01,4,レオン,4.0,4.0,渡来心路,500.0,,,,,,,,,,,,,,,,,,,,,,,,,nar,2026-08-01,36.0,35.0,35.0,35.0,35.0,35.0,45.0,履歴少
202665080104,2026-08-01,4,レガシーブラック,1.0,1.0,鈴木恵介,500.0,,,,,,,,,,,,,,,,,,,,,,,,,nar,2026-08-01,36.0,35.0,35.0,35.0,35.0,35.0,45.0,履歴少
202665080104,2026-08-01,4,ヴァンクール,10.0,8.0,西謙一,500.0,,,,,,,,,,,,,,,,,,,,,,,,,nar,2026-08-01,36.0,35.0,35.0,35.0,35.0,35.0,45.0,履歴少
202654080104,2026-08-01,4,ヴィビーム,5.0,5.0,永森大智,55.0,,2.0,1.0,高知,3歳ー5,11.0,7.0,2東京11,3歳未勝利,7.0,10.0,1新潟3,3歳未勝利,5.0,12.0,1福島4,3歳未勝利,10.0,8.0,1中山3,3歳未勝利,3.2,1.0,,nar,2026-08-01,56.23,56.0,50.7,45.0,87.5,56.9,45.0,履歴少 / 近走上向き
202665080104,2026-08-01,4,ヴルールシュクセ,9.0,8.0,島津新,500.0,,,,,,,,,,,,,,,,,,,,,,,,,nar,2026-08-01,36.0,35.0,35.0,35.0,35.0,35.0,45.0,履歴少
202654080105,2026-08-01,5,アキロック,6.0,5.0,石本純也,57.0,,3.0,12.0,高知,ファイナルレース(C3),10.0,10.0,高知,C3ー9,5.0,6.0,高知,C3ー10,9.0,9.0,高知,ファイナルレース(C3),6.0,7.0,高知,C3ー11,105.1,11.0,,nar,2026-08-01,61.42,57.4,71.3,50.2,77.0,60.6,45.0,履歴少 / 人気以上に走る傾向 / 近走上向き
202654080105,2026-08-01,5,オブリマイラブ,12.0,8.0,多田羅誠,55.0,,7.0,8.0,高知,C3ー9,4.0,6.0,高知,C3ー9,10.0,12.0,高知,ファイナルレース(C3),6.0,4.0,高知,C3ー10,4.0,5.0,高知,C3ー12,30.2,7.0,,nar,2026-08-01,51.88,56.9,57.1,35.3,44.0,58.9,45.0,履歴少 / 市場オッズ妙味
202665080105,2026-08-01,5,キラキラトレイン,8.0,7.0,西将太,510.0,,,,,,,,,,,,,,,,,,,,,,,,,nar,2026-08-01,36.0,35.0,35.0,35.0,35.0,35.0,45.0,履歴少
202665080105,2026-08-01,5,ジェイインター,7.0,7.0,赤塚健仁,510.0,,,,,,,,,,,,,,,,,,,,,,,,,nar,2026-08-01,36.0,35.0,35.0,35.0,35.0,35.0,45.0,履歴少
202654080105,2026-08-01,5,セントキルダ,8.0,6.0,上田将司,57.0,,3.0,2.0,高知,C3ー10,1.0,3.0,高知,ファイナルレース(C3),3.0,4.0,高知,C3ー12,7.0,4.0,高知,C3ー13,3.0,1.0,高知,C3ー14,3.8,1.0,,nar,2026-08-01,63.54,83.3,48.2,85.4,53.0,53.7,45.0,履歴少 / 安定感
202654080105,2026-08-01,5,チュウワロンドン,4.0,4.0,宮川実,57.0,,2.0,1.0,高知,C3ー9,1.0,1.0,高知,C3ー11,1.0,2.0,高知,C3ー16,7.0,2.0,高知,C3ー15,,,高知,C3ー18,4.1,2.0,,nar,2026-08-01,62.99,89.5,43.5,75.1,56.0,51.9,45.0,履歴少 / 安定感
202654080105,2026-08-01,5,ツウキンカイソク,11.0,8.0,永森大智,57.0,,9.0,1.0,高知,C3ー9,11.0,10.0,3東京4,3歳未勝利,5.0,7.0,1新潟7,3歳未勝利,5.0,2.0,1新潟1,3歳未勝利,5.0,5.0,3中山3,3歳未勝利,8.2,5.0,,nar,2026-08-01,41.8,46.3,30.9,44.7,35.0,52.5,45.0,履歴少
202665080105,2026-08-01,5,ハゴロモトレジャー,6.0,6.0,村上章,510.0,,,,,,,,,,,,,,,,,,,,,,,,,nar,2026-08-01,36.0,35.0,35.0,35.0,35.0,35.0,45.0,履歴少
202654080105,2026-08-01,5,ハチャプリ,10.0,7.0,大澤誠志,55.0,,11.0,7.0,高知,ファイナルレース(C3),3.0,5.0,高知,C3ー9,6.0,8.0,高知,C3ー9,7.0,6.0,高知,C3ー10,8.0,4.0,高知,C3ー12,34.5,9.0,,nar,2026-08-01,42.12,51.0,43.8,24.9,20.0,53.0,45.0,履歴少 / 市場オッズ妙味
202665080105,2026-08-01,5,ヒノクニキングオー,1.0,1.0,中原蓮,510.0,,,,,,,,,,,,,,,,,,,,,,,,,nar,2026-08-01,36.0,35.0,35.0,35.0,35.0,35.0,45.0,履歴少
202665080105,2026-08-01,5,フジゴーリキ,2.0,2.0,西謙一,510.0,,,,,,,,,,,,,,,,,,,,,,,,,nar,2026-08-01,36.0,35.0,35.0,35.0,35.0,35.0,45.0,履歴少
202665080105,2026-08-01,5,フジノモンスター,10.0,8.0,菊池一樹,510.0,,,,,,,,,,,,,,,,,,,,,,,,,nar,2026-08-01,36.0,35.0,35.0,35.0,35.0,35.0,45.0,履歴少
202654080105,2026-08-01,5,フロスティクォーツ,5.0,5.0,畑中信司,57.0,,1.0,1.0,高知,ファイナルレース(C3),5.0,11.0,高知,ファイナルレース(C3),2.0,5.0,高知,フルーツトマト特別(C3),6.0,3.0,高知,C3ー6,7.0,3.0,高知,C3ー7,5.9,4.0,,nar,2026-08-01,67.01,79.6,58.7,75.1,74.0,58.9,45.0,履歴少 / 近走上向き / 安定感
202654080105,2026-08-01,5,ブランカアンヘル,9.0,7.0,岡遼太郎,55.0,,5.0,6.0,高知,C3ー9,5.0,8.0,高知,C3ー8,8.0,4.0,高知,ファイナルレース(C3),6.0,8.0,高知,C3ー9,5.0,2.0,高知,C3ー11,31.1,8.0,,nar,2026-08-01,56.68,62.1,51.7,65.7,56.0,55.6,45.0,履歴少 / 安定感 / 市場オッズ妙味
202654080105,2026-08-01,5,ペイシャニット,1.0,1.0,郷間勇太,55.0,,1.0,1.0,高知,C3ー11,3.0,3.0,高知,C3ー11,2.0,3.0,高知,C3ー12,2.0,5.0,高知,C3ー14,4.0,7.0,高知,C3ー13,4.2,3.0,,nar,2026-08-01,71.26,90.8,56.6,100.0,60.5,60.7,45.0,履歴少 / 安定感
202654080105,2026-08-01,5,ペイシャブギー,3.0,3.0,山崎雅由,55.0,,10.0,7.0,高知,C3ー9,7.0,6.0,高知,C3ー8,9.0,5.0,高知,ファイナルレース(C3),3.0,3.0,高知,C3ー10,7.0,3.0,高知,C3ー12,46.4,10.0,,nar,2026-08-01,37.49,46.2,33.4,14.6,29.0,48.5,45.0,履歴少 / 市場オッズ妙味
202665080105,2026-08-01,5,マオノソレイユ,4.0,4.0,阿部優哉,510.0,,,,,,,,,,,,,,,,,,,,,,,,,nar,2026-08-01,36.0,35.0,35.0,35.0,35.0,35.0,45.0,履歴少
202665080105,2026-08-01,5,マンノチカラ,3.0,3.0,長澤幸太,510.0,,,,,,,,,,,,,,,,,,,,,,,,,nar,2026-08-01,36.0,35.0,35.0,35.0,35.0,35.0,45.0,履歴少
202654080105,2026-08-01,5,モトサン,2.0,2.0,岡村卓弥,57.0,,13.0,14.0,川崎,アンドロメダ賞(C1),9.0,8.0,川崎,スクルド賞(C1),11.0,10.0,浦和,薫風特別(B3C1),7.0,3.0,川崎,クラセアルタ賞(C1),2.0,8.0,川崎,今野忠成・山崎誠士引(B3),12.4,6.0,,nar,2026-08-01,36.76,31.2,49.3,10.3,15.5,61.4,45.0,履歴少 / 市場オッズ妙味
202665080105,2026-08-01,5,ルミナス,9.0,8.0,阿部武臣,490.0,,,,,,,,,,,,,,,,,,,,,,,,,nar,2026-08-01,36.0,35.0,35.0,35.0,35.0,35.0,45.0,履歴少
202665080105,2026-08-01,5,ロイヤルウンカイ,5.0,5.0,金田利貴,510.0,,,,,,,,,,,,,,,,,,,,,,,,,nar,2026-08-01,36.0,35.0,35.0,35.0,35.0,35.0,45.0,履歴少
202654080105,2026-08-01,5,ロイヤルジョダーナ,7.0,6.0,阿部基嗣,56.0,,8.0,11.0,高知,C3ー9,8.0,9.0,高知,C3ー8,8.0,8.0,高知,C3ー8,11.0,6.0,高知,C3ー9,9.0,8.0,高知,C3ー10,109.7,12.0,,nar,2026-08-01,42.19,39.7,52.3,0.0,56.0,52.2,45.0,履歴少
202654080106,2026-08-01,6,イニシャルティー,12.0,8.0,井上瑛太,57.0,,8.0,10.0,高知,C3ー8,3.0,7.0,高知,C3ー8,5.0,6.0,高知,C3ー8,2.0,5.0,高知,ファイナルレース(C3),6.0,5.0,高知,C3ー10,41.2,12.0,,nar,2026-08-01,57.49,67.4,65.0,59.3,26.0,59.4,45.0,履歴少
202654080106,2026-08-01,6,エターナルライズ,8.0,6.0,山崎雅由,55.0,,11.0,8.0,高知,C3ー8,,,高知,C3ー8,2.0,5.0,高知,C3ー9,5.0,3.0,高知,C3ー10,12.0,5.0,高知,C3ー10,22.8,7.0,,nar,2026-08-01,40.34,47.2,37.6,34.3,22.0,49.0,45.0,履歴少 / 市場オッズ妙味
202665080106,2026-08-01,6,エマパワー,8.0,7.0,鈴木恵介,580.0,,,,,,,,,,,,,,,,,,,,,,,,,nar,2026-08-01,36.0,35.0,35.0,35.0,35.0,35.0,45.0,履歴少
202665080106,2026-08-01,6,ガオノチカラ,1.0,1.0,長澤幸太,600.0,,,,,,,,,,,,,,,,,,,,,,,,,nar,2026-08-01,36.0,35.0,35.0,35.0,35.0,35.0,45.0,履歴少
202654080106,2026-08-01,6,ガーデンプランナー,10.0,7.0,宮川実,55.0,,2.0,2.0,高知,C3ー9,3.0,3.0,高知,ししとう特別(C3),2.0,2.0,高知,C3ー11,15.0,14.0,1新潟4,4歳以上1勝クラス,15.0,18.0,1中京4,4歳以上1勝クラス,2.8,1.0,,nar,2026-08-01,63.22,67.1,51.1,75.1,90.5,55.7,45.0,履歴少 / 近走上向き / 安定感
202665080106,2026-08-01,6,クマモトイヤサカ,7.0,7.0,竹ヶ原茉,590.0,,,,,,,,,,,,,,,,,,,,,,,,,nar,2026-08-01,36.0,35.0,35.0,35.0,35.0,35.0,45.0,履歴少
202654080106,2026-08-01,6,サイモンプレジール,2.0,2.0,岡村卓弥,57.0,,4.0,5.0,高知,C3ー9,8.0,4.0,高知,ししとう特別(C3),1.0,2.0,高知,C3ー9,14.0,15.0,1新潟8,4歳以上1勝クラス,13.0,13.0,1新潟2,4歳以上1勝クラス,11.4,4.0,,nar,2026-08-01,55.08,54.2,47.6,50.2,80.0,59.7,45.0,履歴少 / 近走上向き
202665080106,2026-08-01,6,サッコノオトウト,9.0,8.0,船山蔵人,600.0,,,,,,,,,,,,,,,,,,,,,,,,,nar,2026-08-01,36.0,35.0,35.0,35.0,35.0,35.0,45.0,履歴少
202665080106,2026-08-01,6,ジェイミスター,10.0,8.0,西謙一,600.0,,,,,,,,,,,,,,,,,,,,,,,,,nar,2026-08-01,36.0,35.0,35.0,35.0,35.0,35.0,45.0,履歴少
202654080106,2026-08-01,6,スノークルーズ,9.0,7.0,木村直輝,55.0,,5.0,5.0,高知,C3ー8,4.0,5.0,高知,ししとう特別(C3),7.0,10.0,浦和,マルチステッキ特別(B2B3),14.0,16.0,2中山6,4歳以上1勝クラス,14.0,12.0,5中山8,3歳以上1勝クラス,18.8,6.0,,nar,2026-08-01,57.16,49.9,56.5,55.3,78.5,64.8,45.0,履歴少 / 近走上向き / 市場オッズ妙味
202654080106,2026-08-01,6,チークタイム,1.0,1.0,岡遼太郎,55.0,,10.0,11.0,高知,C3ー8,3.0,5.0,高知,C3ー7,7.0,10.0,高知,ファイナルレース(C3),5.0,6.0,高知,C3ー8,3.0,6.0,高知,C3ー10,39.9,11.0,,nar,2026-08-01,52.75,58.3,63.0,49.8,17.0,62.8,45.0,履歴少 / 市場オッズ妙味
202654080106,2026-08-01,6,ツマヤ,3.0,3.0,城野慈尚,57.0,,7.0,3.0,高知,C3ー8,10.0,13.0,3東京6,3歳以上1勝クラス,11.0,8.0,3中山3,4歳以上1勝クラス,6.0,7.0,1中山7,4歳以上1勝クラス,8.0,13.0,4東京4,3歳以上1勝クラス,7.1,3.0,,nar,2026-08-01,42.65,40.0,47.2,0.0,60.5,59.6,45.0,履歴少
202665080106,2026-08-01,6,ヒメトラマリア,5.0,5.0,大友一馬,580.0,,,,,,,,,,,,,,,,,,,,,,,,,nar,2026-08-01,36.0,35.0,35.0,35.0,35.0,35.0,45.0,履歴少
202654080106,2026-08-01,6,ビッグバンド,4.0,4.0,多田羅誠,57.0,,,,高知,C3ー8,1.0,1.0,高知,C3ー9,3.0,1.0,高知,C3ー9,1.0,1.0,高知,C3ー12,3.0,2.0,高知,C3ー14,3.0,2.0,,nar,2026-08-01,63.99,93.1,45.0,69.6,58.0,52.2,45.0,履歴少 / 安定感
202665080106,2026-08-01,6,ビューティーレディ,6.0,6.0,阿部優哉,580.0,,,,,,,,,,,,,,,,,,,,,,,,,nar,2026-08-01,36.0,35.0,35.0,35.0,35.0,35.0,45.0,履歴少
202665080106,2026-08-01,6,フェアリーブラック,2.0,2.0,金田利貴,580.0,,,,,,,,,,,,,,,,,,,,,,,,,nar,2026-08-01,36.0,35.0,35.0,35.0,35.0,35.0,45.0,履歴少
202654080106,2026-08-01,6,フェレスアダマス,5.0,5.0,西優哉,52.0,,2.0,3.0,高知,ファイナルレース(C3),9.0,4.0,高知,C3ー8,6.0,7.0,高知,C3ー8,8.0,6.0,高知,C3ー9,8.0,3.0,高知,ファイナルレース(C3),31.6,9.0,,nar,2026-08-01,51.38,59.8,39.1,30.4,84.5,49.8,45.0,履歴少 / 近走上向き / 市場オッズ妙味
202654080106,2026-08-01,6,ブルースター,11.0,8.0,西森将司,55.0,,7.0,5.0,高知,C3ー7,6.0,8.0,高知,ししとう特別(C3),6.0,5.0,高知,C3ー10,7.0,3.0,高知,ファイナルレース(C3),5.0,4.0,高知,C3ー6,37.7,10.0,,nar,2026-08-01,44.71,57.2,43.0,10.3,44.0,52.4,45.0,履歴少 / 市場オッズ妙味
202665080106,2026-08-01,6,ホクセイコウヘイ,4.0,4.0,渡来心路,600.0,,,,,,,,,,,,,,,,,,,,,,,,,nar,2026-08-01,36.0,35.0,35.0,35.0,35.0,35.0,45.0,履歴少
202654080106,2026-08-01,6,マイネルサンテ,7.0,6.0,濱尚美,55.0,,6.0,9.0,高知,C3ー8,13.0,12.0,大井,C2六　七八(C2七),9.0,8.0,大井,ポートサイド賞(C2七),9.0,8.0,大井,C2五　六,12.0,8.0,大井,C2七　八九(C2八),25.1,8.0,,nar,2026-08-01,42.47,32.8,49.3,0.0,78.5,53.7,45.0,履歴少 / 近走上向き / 市場オッズ妙味
202665080106,2026-08-01,6,ヨシノフクヒメ,3.0,3.0,吉田理人,570.0,,,,,,,,,,,,,,,,,,,,,,,,,nar,2026-08-01,36.0,35.0,35.0,35.0,35.0,35.0,45.0,履歴少
202654080106,2026-08-01,6,リバティフレイム,6.0,5.0,郷間勇太,57.0,,4.0,6.0,高知,C3ー8,2.0,4.0,高知,C3ー8,6.0,4.0,高知,C3ー9,4.0,4.0,高知,C3ー9,6.0,3.0,高知,C3ー8,11.7,5.0,,nar,2026-08-01,61.35,75.2,52.8,69.9,53.0,59.8,45.0,履歴少 / 安定感
202654080107,2026-08-01,7,アンジョルラス,8.0,6.0,阿部基嗣,56.0,,9.0,9.0,高知,りゅうきゅう特別(B),9.0,7.0,高知,Bー3,8.0,4.0,高知,Bー3,10.0,3.0,高知,Bー2,7.0,4.0,1中山3,初凪賞(2勝クラス),62.1,12.0,,nar,2026-08-01,34.43,38.1,31.7,0.0,47.0,43.1,45.0,履歴少
202654080107,2026-08-01,7,エイシンオッティモ,7.0,6.0,城野慈尚,57.0,,10.0,8.0,高知,手箱山特別(B),4.0,4.0,高知,りゅうきゅう特別(B),10.0,5.0,高知,カツオクジラ特別(B),7.0,7.0,高知,Bー3,5.0,5.0,高知,Bー4,20.2,8.0,,nar,2026-08-01,42.1,47.6,38.8,35.3,29.0,51.8,45.0,履歴少 / 市場オッズ妙味
202654080107,2026-08-01,7,ガラパゴス,2.0,2.0,永森大智,57.0,,1.0,2.0,高知,C1ー3,8.0,3.0,高知,菖蒲洞特別,2.0,1.0,高知,C1ー3,6.0,2.0,高知,国分川特別(B),3.0,1.0,高知,初夢特別,3.2,1.0,,nar,2026-08-01,57.46,77.0,36.5,60.5,72.5,47.8,45.0,履歴少 / 近走上向き / 安定感
202665080107,2026-08-01,7,クリスタルヒリュウ,8.0,8.0,赤塚健仁,610.0,,,,,,,,,,,,,,,,,,,,,,,,,nar,2026-08-01,36.0,35.0,35.0,35.0,35.0,35.0,45.0,履歴少
202654080107,2026-08-01,7,コールブランド,11.0,8.0,木村直輝,57.0,,6.0,4.0,高知,Bー4,9.0,11.0,高知,ファイナルレース(B),6.0,7.0,高知,カツオクジラ特別(B),5.0,4.0,高知,ファイナルレース(B),10.0,7.0,高知,Bー4,13.9,6.0,,nar,2026-08-01,47.53,51.9,47.4,14.6,59.0,59.3,45.0,履歴少 / 市場オッズ妙味
202665080107,2026-08-01,7,スズノチカラ,5.0,5.0,長澤幸太,590.0,,,,,,,,,,,,,,,,,,,,,,,,,nar,2026-08-01,36.0,35.0,35.0,35.0,35.0,35.0,45.0,履歴少
202654080107,2026-08-01,7,ステラマテュティナ,9.0,7.0,井上瑛太,55.0,,3.0,4.0,高知,C1ー2,6.0,9.0,高知,ヴェガ特別,1.0,3.0,高知,C1ー3,4.0,7.0,高知,C1ー5,8.0,7.0,高知,C1ー4,6.4,3.0,,nar,2026-08-01,64.6,75.9,62.5,64.7,60.5,63.1,45.0,履歴少 / 安定感
202665080107,2026-08-01,7,ツガルケッパレフジ,9.0,8.0,今井千尋,600.0,,,,,,,,,,,,,,,,,,,,,,,,,nar,2026-08-01,36.0,35.0,35.0,35.0,35.0,35.0,45.0,履歴少
202654080107,2026-08-01,7,ディープギルドン,1.0,1.0,大澤誠志,57.0,,,,高知,Bー4,12.0,10.0,高知,ファイナルレース(B),5.0,3.0,高知,カツオクジラ特別(B),2.0,2.0,高知,C1ー2,8.0,6.0,高知,C1ー2,42.2,11.0,,nar,2026-08-01,39.96,49.4,38.9,34.3,8.0,51.4,45.0,履歴少 / 市場オッズ妙味
202654080107,2026-08-01,7,ハルノサムソン,10.0,7.0,多田羅誠,57.0,,7.0,6.0,高知,Bー4,5.0,5.0,高知,りゅうきゅう特別(B),4.0,10.0,高知,カツオクジラ特別(B),8.0,10.0,高知,Bー3,1.0,4.0,高知,ファイナルレース(C1),16.6,7.0,,nar,2026-08-01,57.44,64.5,60.4,55.0,35.0,68.5,45.0,履歴少 / 過小評価傾向 / 市場オッズ妙味
202654080107,2026-08-01,7,ビービーバシリス,5.0,5.0,西優哉,52.0,,8.0,7.0,高知,ファイナルレース(B),2.0,7.0,高知,ファイナルレース(C1),7.0,5.0,高知,C1ー2,10.0,12.0,高知,スピカ特別,8.0,5.0,高知,C1ー2,13.3,5.0,,nar,2026-08-01,49.57,55.2,53.7,24.9,42.5,61.7,45.0,履歴少 / 市場オッズ妙味
202654080107,2026-08-01,7,フィティアンガ,4.0,4.0,山崎雅由,57.0,,4.0,5.0,高知,Bー4,7.0,12.0,高知,ファイナルレース(B),7.0,8.0,高知,カツオクジラ特別(B),4.0,8.0,高知,ファイナルレース(B),9.0,10.0,高知,Bー4,20.5,9.0,,nar,2026-08-01,60.06,61.1,67.0,45.0,66.5,64.1,45.0,履歴少 / 人気以上に走る傾向 / 近走上向き / 市場オッズ妙味
202665080107,2026-08-01,7,フジダイマルス,1.0,1.0,西将太,610.0,,,,,,,,,,,,,,,,,,,,,,,,,nar,2026-08-01,36.0,35.0,35.0,35.0,35.0,35.0,45.0,履歴少
202654080107,2026-08-01,7,フライヤートゥルー,6.0,5.0,上田将司,57.0,,,,高知,Bー4,2.0,5.0,高知,C1ー2,6.0,7.0,高知,早明浦ダム特別(C1),3.0,2.0,高知,C1ー3,4.0,6.0,高知,龍王の滝特別(C1),9.5,4.0,,nar,2026-08-01,63.58,78.9,60.1,49.8,64.0,63.6,45.0,履歴少
202665080107,2026-08-01,7,ホクセイシンノスケ,3.0,3.0,中村太陽,610.0,,,,,,,,,,,,,,,,,,,,,,,,,nar,2026-08-01,36.0,35.0,35.0,35.0,35.0,35.0,45.0,履歴少
202665080107,2026-08-01,7,ホクセイソウリ,2.0,2.0,鈴木恵介,610.0,,,,,,,,,,,,,,,,,,,,,,,,,nar,2026-08-01,36.0,35.0,35.0,35.0,35.0,35.0,45.0,履歴少
202665080107,2026-08-01,7,ホンマル,4.0,4.0,西謙一,610.0,,,,,,,,,,,,,,,,,,,,,,,,,nar,2026-08-01,36.0,35.0,35.0,35.0,35.0,35.0,45.0,履歴少
202665080107,2026-08-01,7,ミスランラン,7.0,7.0,金田利貴,590.0,,,,,,,,,,,,,,,,,,,,,,,,,nar,2026-08-01,36.0,35.0,35.0,35.0,35.0,35.0,45.0,履歴少
202654080107,2026-08-01,7,メイショウオキビ,12.0,8.0,畑中信司,57.0,,8.0,7.0,高知,Bー4,8.0,7.0,高知,りゅうきゅう特別(B),8.0,6.0,高知,カツオクジラ特別(B),11.0,6.0,高知,ファイナルレース(B),6.0,9.0,高知,Bー4,35.6,10.0,,nar,2026-08-01,39.52,42.2,40.4,0.0,51.5,52.4,45.0,履歴少 / 市場オッズ妙味
202654080107,2026-08-01,7,モズライフセーバー,3.0,3.0,岡遼太郎,57.0,,2.0,2.0,高知,りゅうきゅう特別(B),9.0,2.0,高知,カツオクジラ特別(B),3.0,4.0,高知,C1ー2,10.0,7.0,高知,龍王の滝特別(C1),1.0,5.0,高知,C1ー4,3.4,2.0,,nar,2026-08-01,56.12,68.0,39.0,60.5,72.5,52.0,45.0,履歴少 / 近走上向き / 安定感
202665080107,2026-08-01,7,ヤマツネライン,6.0,6.0,臼杵龍美,580.0,,,,,,,,,,,,,,,,,,,,,,,,,nar,2026-08-01,36.0,35.0,35.0,35.0,35.0,35.0,45.0,履歴少
202654080108,2026-08-01,8,アグロドルチェ,6.0,5.0,岡村卓弥,57.0,,3.0,2.0,高知,Bー4,8.0,7.0,高知,ファイナルレース(B),8.0,5.0,高知,Bー3,5.0,5.0,高知,Bー3,3.0,8.0,高知,龍王の滝特別(C1),42.0,10.0,,nar,2026-08-01,55.99,63.8,45.6,55.3,68.0,56.3,45.0,履歴少 / 近走上向き / 市場オッズ妙味
202654080108,2026-08-01,8,アースライザー,12.0,8.0,永森大智,57.0,,2.0,1.0,高知,Bー2,6.0,5.0,高知,安田川特別(B),1.0,2.0,高知,Bー4,2.0,4.0,高知,C1ー2,5.0,8.0,高知,祝30周年!SPAT,10.4,6.0,,nar,2026-08-01,65.04,83.1,51.7,75.1,59.0,62.6,45.0,履歴少 / 安定感
202654080108,2026-08-01,8,イナズマテーラー,1.0,1.0,城野慈尚,57.0,,5.0,2.0,高知,手箱山特別(B),1.0,6.0,高知,Bー2,5.0,3.0,高知,Bー3,1.0,1.0,高知,C1ー2,5.0,4.0,名古屋,バック・トゥ・ザ・デ(A),8.6,4.0,,nar,2026-08-01,63.56,80.6,48.9,100.0,38.0,58.5,45.0,履歴少 / 安定感
202665080108,2026-08-01,8,クレインテイオウ,6.0,6.0,渡来心路,610.0,,,,,,,,,,,,,,,,,,,,,,,,,nar,2026-08-01,36.0,35.0,35.0,35.0,35.0,35.0,45.0,履歴少
202654080108,2026-08-01,8,グランツアーテム,11.0,8.0,多田羅誠,57.0,,1.0,1.0,高知,Bー4,1.0,1.0,高知,C1ー3,1.0,1.0,高知,入梅特別(C2),1.0,1.0,高知,C2ー5,1.0,2.0,高知,アヤメ特別(C3),2.1,1.0,,nar,2026-08-01,70.21,100.0,50.7,100.0,50.0,53.8,45.0,履歴少 / 安定感
202665080108,2026-08-01,8,ゴールドチップ,10.0,8.0,村上章,620.0,,,,,,,,,,,,,,,,,,,,,,,,,nar,2026-08-01,36.0,35.0,35.0,35.0,35.0,35.0,45.0,履歴少
202654080108,2026-08-01,8,サイセイセイ,2.0,2.0,大澤誠志,57.0,,10.0,6.0,高知,C1ー6,3.0,1.0,高知,ファイナルレース(C2),10.0,10.0,高知,C2ー2,11.0,8.0,高知,C2ー2,6.0,8.0,高知,C2ー2,148.0,11.0,,nar,2026-08-01,39.62,44.1,36.4,24.9,35.0,49.0,45.0,履歴少
202654080108,2026-08-01,8,サンダーアリュール,8.0,6.0,山崎雅由,55.0,,2.0,2.0,高知,C1ー2,8.0,3.0,高知,ヴェガ特別,14.0,14.0,1中京6,鈴鹿特別(2勝クラス),13.0,13.0,1中山4,4歳以上2勝クラス,13.0,10.0,4東京10,3歳以上2勝クラス,14.0,7.0,,nar,2026-08-01,48.56,39.9,39.1,30.4,100.0,56.0,45.0,履歴少 / 近走上向き / 市場オッズ妙味
202665080108,2026-08-01,8,ジェイメジャー,3.0,3.0,西謙一,620.0,,,,,,,,,,,,,,,,,,,,,,,,,nar,2026-08-01,36.0,35.0,35.0,35.0,35.0,35.0,45.0,履歴少
202654080108,2026-08-01,8,ダイヤモンドフジ,3.0,3.0,赤岡修次,57.0,,2.0,3.0,高知,柏島特別(C1),1.0,2.0,高知,C1ー4,4.0,4.0,高知,早明浦ダム特別(C1),2.0,1.0,高知,C1ー6,1.0,1.0,高知,C2ー3,6.8,2.0,,nar,2026-08-01,69.08,91.7,52.9,100.0,50.0,58.8,45.0,履歴少 / 安定感
202654080108,2026-08-01,8,ダノンジャスティス,10.0,7.0,畑中信司,57.0,,5.0,8.0,高知,Bー4,6.0,8.0,高知,りゅうきゅう特別(B),11.0,11.0,高知,カツオクジラ特別(B),9.0,9.0,高知,ファイナルレース(B),8.0,8.0,高知,Bー4,184.7,12.0,,nar,2026-08-01,52.81,49.4,59.9,30.4,71.0,56.8,45.0,履歴少 / 近走上向き
202665080108,2026-08-01,8,ツガルタカラフジ,7.0,7.0,今井千尋,600.0,,,,,,,,,,,,,,,,,,,,,,,,,nar,2026-08-01,36.0,35.0,35.0,35.0,35.0,35.0,45.0,履歴少
202665080108,2026-08-01,8,テンボシヴィーナス,8.0,7.0,長澤幸太,600.0,,,,,,,,,,,,,,,,,,,,,,,,,nar,2026-08-01,36.0,35.0,35.0,35.0,35.0,35.0,45.0,履歴少
202654080108,2026-08-01,8,ディベルティール,5.0,5.0,濱尚美,55.0,,2.0,3.0,高知,Bー4,7.0,3.0,高知,りゅうきゅう特別(B),1.0,2.0,高知,ファイナルレース(C1),6.0,8.0,高知,C1ー2,10.0,8.0,高知,C1ー2,35.1,9.0,,nar,2026-08-01,58.66,72.3,47.1,50.2,74.0,55.0,45.0,履歴少 / 近走上向き / 市場オッズ妙味
202665080108,2026-08-01,8,トカチリキ,9.0,8.0,西将太,620.0,,,,,,,,,,,,,,,,,,,,,,,,,nar,2026-08-01,36.0,35.0,35.0,35.0,35.0,35.0,45.0,履歴少
202665080108,2026-08-01,8,ニジイロアオゾラ,1.0,1.0,島津新,600.0,,,,,,,,,,,,,,,,,,,,,,,,,nar,2026-08-01,36.0,35.0,35.0,35.0,35.0,35.0,45.0,履歴少
202665080108,2026-08-01,8,ハクホウエイ,5.0,5.0,赤塚健仁,620.0,,,,,,,,,,,,,,,,,,,,,,,,,nar,2026-08-01,36.0,35.0,35.0,35.0,35.0,35.0,45.0,履歴少
202654080108,2026-08-01,8,バウンティキャット,9.0,7.0,西優哉,52.0,,7.0,7.0,高知,ヴェガ特別,4.0,3.0,高知,Bー4,8.0,7.0,高知,烏帽子山特別(B),1.0,3.0,高知,Bー3,10.0,2.0,園田,C1二,20.2,8.0,,nar,2026-08-01,48.91,60.9,43.1,39.5,42.5,51.1,45.0,履歴少 / 市場オッズ妙味
202665080108,2026-08-01,8,フクフクライデン,2.0,2.0,鈴木恵介,620.0,,,,,,,,,,,,,,,,,,,,,,,,,nar,2026-08-01,36.0,35.0,35.0,35.0,35.0,35.0,45.0,履歴少
202654080108,2026-08-01,8,ベストディシジョン,4.0,4.0,宮川実,57.0,,7.0,3.0,高知,千本山特別(B),1.0,7.0,高知,横倉山特別(B),3.0,2.0,高知,Bー3,1.0,2.0,高知,C1ー3,6.0,1.0,高知,C1ー3,8.0,3.0,,nar,2026-08-01,55.91,78.1,48.0,59.3,24.5,56.9,45.0,履歴少
202654080108,2026-08-01,8,ミラクルドリーム,7.0,6.0,岡遼太郎,57.0,,2.0,2.0,高知,Bー3,2.0,8.0,高知,菖蒲洞特別,4.0,2.0,高知,C1ー2,7.0,3.0,高知,C1ー2,4.0,7.0,高知,C1ー3,8.8,5.0,,nar,2026-08-01,67.1,81.3,55.8,85.4,63.5,61.2,45.0,履歴少 / 安定感
202665080108,2026-08-01,8,ヨシノヒーロー,4.0,4.0,船山蔵人,620.0,,,,,,,,,,,,,,,,,,,,,,,,,nar,2026-08-01,36.0,35.0,35.0,35.0,35.0,35.0,45.0,履歴少
202665080109,2026-08-01,9,イチマツ,9.0,8.0,臼杵龍美,600.0,,,,,,,,,,,,,,,,,,,,,,,,,nar,2026-08-01,36.0,35.0,35.0,35.0,35.0,35.0,45.0,履歴少
202654080109,2026-08-01,9,エイブリー,5.0,5.0,郷間勇太,55.0,,10.0,6.0,高知,ヴェガ特別,,,高知,Bー2,10.0,3.0,高知,Bー2,4.0,3.0,高知,烏帽子山特別(B),2.0,2.0,高知,スピカ特別,14.4,7.0,,nar,2026-08-01,36.13,46.1,24.4,24.9,22.0,51.6,45.0,履歴少 / 市場オッズ妙味
202665080109,2026-08-01,9,カツブライト,4.0,4.0,赤塚健仁,610.0,,,,,,,,,,,,,,,,,,,,,,,,,nar,2026-08-01,36.0,35.0,35.0,35.0,35.0,35.0,45.0,履歴少
202654080109,2026-08-01,9,キャッツライズ,7.0,6.0,阿部基嗣,54.0,,9.0,9.0,高知,Bー3,6.0,9.0,高知,Bー2,7.0,8.0,高知,Bー3,6.0,3.0,高知,ファイナルレース(B),5.0,5.0,高知,Bー3,20.9,11.0,,nar,2026-08-01,44.95,52.0,53.6,10.3,32.0,56.9,45.0,履歴少 / 市場オッズ妙味
202665080109,2026-08-01,9,キョウエイジェット,7.0,7.0,菊池一樹,610.0,,,,,,,,,,,,,,,,,,,,,,,,,nar,2026-08-01,36.0,35.0,35.0,35.0,35.0,35.0,45.0,履歴少
202665080109,2026-08-01,9,サカノテッペン,5.0,5.0,船山蔵人,630.0,,,,,,,,,,,,,,,,,,,,,,,,,nar,2026-08-01,36.0,35.0,35.0,35.0,35.0,35.0,45.0,履歴少
202654080109,2026-08-01,9,ショウサンキズナ,12.0,8.0,山崎雅由,57.0,,4.0,1.0,高知,Bー3,6.0,5.0,高知,千本山特別(B),2.0,3.0,高知,Bー2,4.0,9.0,高知,新荘川特別(B),2.0,6.0,高知,Bー3,4.2,1.0,,nar,2026-08-01,61.36,76.8,51.3,75.1,47.0,60.0,45.0,履歴少 / 安定感
202654080109,2026-08-01,9,シンデレラスマイル,9.0,7.0,上田将司,55.0,,6.0,7.0,高知,Bー3,8.0,7.0,高知,Bー2,3.0,6.0,高知,Bー3,6.0,9.0,高知,Bー3,1.0,2.0,高知,C1ー2,17.3,10.0,,nar,2026-08-01,54.79,64.9,58.3,30.1,41.0,68.5,45.0,履歴少 / 過小評価傾向 / 市場オッズ妙味
202654080109,2026-08-01,9,ストーミーデイ,3.0,3.0,西優哉,54.0,,11.0,9.0,高知,横浜特別,6.0,4.0,高知,Aー2,8.0,1.0,高知,土佐和紙特別(AB),3.0,1.0,高知,メジカ特別(A),1.0,3.0,高知,手箱山特別(B),15.5,8.0,,nar,2026-08-01,39.06,52.3,32.0,24.9,11.0,56.6,45.0,履歴少 / 市場オッズ妙味
202654080109,2026-08-01,9,スピードイエロー,2.0,2.0,畑中信司,57.0,,7.0,6.0,高知,Bー2,11.0,3.0,高知,ファイナルレース(B),9.0,6.0,高知,横倉山特別(B),3.0,6.0,高知,Bー2,5.0,4.0,高知,Bー2,13.0,6.0,,nar,2026-08-01,42.03,47.2,32.1,24.9,50.0,54.4,45.0,履歴少 / 市場オッズ妙味
202665080109,2026-08-01,9,ツガルノセンショウ,3.0,3.0,吉田理人,610.0,,,,,,,,,,,,,,,,,,,,,,,,,nar,2026-08-01,36.0,35.0,35.0,35.0,35.0,35.0,45.0,履歴少
202654080109,2026-08-01,9,テーオーシリウス,4.0,4.0,城野慈尚,57.0,,1.0,3.0,高知,C1ー2,7.0,4.0,高知,菖蒲洞特別,5.0,3.0,高知,早明浦ダム特別(C1),2.0,8.0,高知,丸山台特別,4.0,6.0,高知,C1ー5,5.8,2.0,,nar,2026-08-01,65.31,78.1,53.8,75.1,71.0,60.7,45.0,履歴少 / 近走上向き / 安定感
202665080109,2026-08-01,9,ドラゴンブライアン,10.0,8.0,渡来心路,610.0,,,,,,,,,,,,,,,,,,,,,,,,,nar,2026-08-01,36.0,35.0,35.0,35.0,35.0,35.0,45.0,履歴少
202654080109,2026-08-01,9,ビステル,10.0,7.0,宮川実,57.0,,5.0,5.0,高知,Bー3,8.0,7.0,高知,千本山特別(B),1.0,1.0,高知,カツオクジラ特別(B),1.0,1.0,高知,C1ー3,7.0,5.0,高知,龍王の滝特別(C1),6.3,3.0,,nar,2026-08-01,56.77,71.4,46.8,64.7,45.5,55.9,45.0,履歴少 / 安定感
202654080109,2026-08-01,9,ビービーベジェサ,1.0,1.0,岡村卓弥,57.0,,3.0,5.0,高知,手箱山特別(B),3.0,4.0,高知,カツオクジラ特別(B),5.0,6.0,高知,丸山台特別,6.0,3.0,高知,C1ー2,1.0,5.0,高知,C1ー2,9.0,5.0,,nar,2026-08-01,65.9,79.0,57.2,85.4,54.5,62.6,45.0,履歴少 / 安定感
202665080109,2026-08-01,9,フジエース,1.0,1.0,中村太陽,590.0,,,,,,,,,,,,,,,,,,,,,,,,,nar,2026-08-01,36.0,35.0,35.0,35.0,35.0,35.0,45.0,履歴少
202665080109,2026-08-01,9,ホクショウサクラ,8.0,7.0,阿部優哉,600.0,,,,,,,,,,,,,,,,,,,,,,,,,nar,2026-08-01,36.0,35.0,35.0,35.0,35.0,35.0,45.0,履歴少
202665080109,2026-08-01,9,ホクセイビックボス,2.0,2.0,島津新,630.0,,,,,,,,,,,,,,,,,,,,,,,,,nar,2026-08-01,36.0,35.0,35.0,35.0,35.0,35.0,45.0,履歴少
202654080109,2026-08-01,9,モルフェウス,11.0,8.0,大澤誠志,57.0,,6.0,10.0,高知,手箱山特別(B),3.0,6.0,高知,りゅうきゅう特別(B),6.0,10.0,高知,Bー3,7.0,10.0,高知,ファイナルレース(B),9.0,8.0,高知,Bー3,22.1,12.0,,nar,2026-08-01,56.99,62.3,71.6,24.9,51.5,62.0,45.0,履歴少 / 人気以上に走る傾向
202654080109,2026-08-01,9,ユキノマリア,8.0,6.0,塚本直之,52.0,,3.0,8.0,高知,Bー3,11.0,11.0,高知,千本山特別(B),2.0,9.0,高知,カツオクジラ特別(B),7.0,6.0,高知,Bー4,11.0,7.0,高知,Bー3,17.3,9.0,,nar,2026-08-01,61.81,58.3,66.4,50.2,78.5,68.5,45.0,履歴少 / 人気以上に走る傾向 / 近走上向き / 過小評価傾向
202665080109,2026-08-01,9,リックンフィーバー,6.0,6.0,中原蓮,630.0,,,,,,,,,,,,,,,,,,,,,,,,,nar,2026-08-01,36.0,35.0,35.0,35.0,35.0,35.0,45.0,履歴少
202654080109,2026-08-01,9,レグナム,6.0,5.0,井上瑛太,57.0,,8.0,3.0,高知,Bー3,4.0,7.0,高知,安居川特別(B),3.0,2.0,高知,Bー3,4.0,2.0,高知,Bー3,5.0,2.0,高知,Bー2,6.6,4.0,,nar,2026-08-01,51.5,67.0,39.0,69.6,26.0,52.8,45.0,履歴少 / 安定感
202665080110,2026-08-01,10,アスノチカラ,1.0,1.0,長澤幸太,630.0,,,,,,,,,,,,,,,,,,,,,,,,,nar,2026-08-01,36.0,35.0,35.0,35.0,35.0,35.0,45.0,履歴少
202654080110,2026-08-01,10,アメージング,3.0,3.0,赤岡修次,57.0,,2.0,2.0,高知,千本山特別(B),1.0,1.0,高知,Bー3,10.0,2.0,高知,安田川特別(B),2.0,1.0,高知,Bー4,7.0,1.0,高知,Bー3,2.4,1.0,,nar,2026-08-01,56.88,77.2,33.6,69.9,68.0,44.0,45.0,履歴少 / 近走上向き / 安定感
202665080110,2026-08-01,10,イワキボブ,9.0,8.0,村上章,630.0,,,,,,,,,,,,,,,,,,,,,,,,,nar,2026-08-01,36.0,35.0,35.0,35.0,35.0,35.0,45.0,履歴少
202654080110,2026-08-01,10,ウォーターレモン,6.0,6.0,岡村卓弥,57.0,,2.0,8.0,高知,Bー2,9.0,8.0,高知,Bー2,8.0,7.0,高知,Bー2,8.0,8.0,高知,Bー2,10.0,11.0,高知,新荘川特別(B),37.8,11.0,,nar,2026-08-01,57.22,54.9,60.4,30.4,90.5,59.5,45.0,履歴少 / 近走上向き / 市場オッズ妙味
202654080110,2026-08-01,10,クラックオブドーン,9.0,7.0,木村直輝,57.0,,7.0,6.0,高知,手箱山特別(B),4.0,4.0,高知,Bー2,4.0,9.0,高知,横倉山特別(B),1.0,5.0,高知,ファイナルレース(B),2.0,9.0,高知,C1ー2,18.2,8.0,,nar,2026-08-01,62.14,73.9,63.9,69.6,24.5,73.8,45.0,履歴少 / 安定感 / 過小評価傾向 / 市場オッズ妙味
202665080110,2026-08-01,10,クリスタルハート,10.0,8.0,中村太陽,610.0,,,,,,,,,,,,,,,,,,,,,,,,,nar,2026-08-01,36.0,35.0,35.0,35.0,35.0,35.0,45.0,履歴少
202654080110,2026-08-01,10,ゲンパチレオニダス,1.0,1.0,城野慈尚,57.0,,3.0,7.0,高知,Bー2,10.0,9.0,高知,千本山特別(B),3.0,6.0,高知,Bー2,7.0,10.0,高知,安田川特別(B),3.0,6.0,高知,Bー3,25.5,9.0,,nar,2026-08-01,62.89,65.4,66.1,60.5,66.5,64.1,45.0,履歴少 / 人気以上に走る傾向 / 近走上向き / 安定感
202654080110,2026-08-01,10,コスモシーウルフ,11.0,8.0,上田将司,57.0,,8.0,5.0,高知,Bー2,4.0,5.0,高知,ファイナルレース(B),2.0,1.0,高知,ファイナルレース(B),11.0,11.0,高知,Bー2,8.0,11.0,高知,AB混合,8.8,4.0,,nar,2026-08-01,50.2,58.0,46.1,44.7,39.5,59.3,45.0,履歴少
202654080110,2026-08-01,10,コロンバージュ,7.0,6.0,畑中信司,57.0,,4.0,4.0,高知,Bー2,5.0,8.0,高知,千本山特別(B),3.0,8.0,高知,横倉山特別(B),2.0,3.0,高知,Bー3,9.0,7.0,高知,新荘川特別(B),10.9,5.0,,nar,2026-08-01,66.33,73.8,61.7,89.7,54.5,64.7,45.0,履歴少 / 安定感
202665080110,2026-08-01,10,サカノカイリキ,8.0,7.0,船山蔵人,630.0,,,,,,,,,,,,,,,,,,,,,,,,,nar,2026-08-01,36.0,35.0,35.0,35.0,35.0,35.0,45.0,履歴少
202665080110,2026-08-01,10,サカノヒメリュウ,4.0,4.0,松本秀克,610.0,,,,,,,,,,,,,,,,,,,,,,,,,nar,2026-08-01,36.0,35.0,35.0,35.0,35.0,35.0,45.0,履歴少
202654080110,2026-08-01,10,スノーホルンロード,10.0,8.0,多田羅誠,57.0,,1.0,4.0,高知,Bー3,5.0,2.0,高知,Bー2,1.0,1.0,高知,早明浦ダム特別(C1),2.0,3.0,高知,C1ー4,5.0,2.0,高知,龍王の滝特別(C1),5.6,2.0,,nar,2026-08-01,68.48,87.6,50.0,100.0,63.5,56.0,45.0,履歴少 / 安定感
202665080110,2026-08-01,10,タアボモリウチ,7.0,7.0,今井千尋,620.0,,,,,,,,,,,,,,,,,,,,,,,,,nar,2026-08-01,36.0,35.0,35.0,35.0,35.0,35.0,45.0,履歴少
202654080110,2026-08-01,10,デルマアズラエル,4.0,4.0,井上瑛太,57.0,,6.0,1.0,高知,四十寺山特別(B),1.0,3.0,高知,Bー2,8.0,3.0,高知,梼原川特別(B),3.0,2.0,高知,筆山特別(B),3.0,2.0,高知,オッズパーク特別(B),32.7,10.0,,nar,2026-08-01,50.42,72.8,34.2,49.8,36.5,49.8,45.0,履歴少 / 市場オッズ妙味
202654080110,2026-08-01,10,ドテライヤツ,2.0,2.0,岡遼太郎,57.0,,6.0,3.0,高知,Bー2,2.0,6.0,高知,ファイナルレース(B),5.0,8.0,高知,Bー2,3.0,2.0,高知,ファイナルレース(B),6.0,7.0,高知,Bー3,8.1,3.0,,nar,2026-08-01,58.31,73.1,54.4,59.3,38.0,61.5,45.0,履歴少
202665080110,2026-08-01,10,ドラゴンボーイ,2.0,2.0,島津新,630.0,,,,,,,,,,,,,,,,,,,,,,,,,nar,2026-08-01,36.0,35.0,35.0,35.0,35.0,35.0,45.0,履歴少
202665080110,2026-08-01,10,ハゴロモグルービー,5.0,5.0,西謙一,630.0,,,,,,,,,,,,,,,,,,,,,,,,,nar,2026-08-01,36.0,35.0,35.0,35.0,35.0,35.0,45.0,履歴少
202665080110,2026-08-01,10,ベルンシュタイン,3.0,3.0,金田利貴,630.0,,,,,,,,,,,,,,,,,,,,,,,,,nar,2026-08-01,36.0,35.0,35.0,35.0,35.0,35.0,45.0,履歴少
202665080110,2026-08-01,10,ホクセイシーマ,6.0,6.0,渡来心路,630.0,,,,,,,,,,,,,,,,,,,,,,,,,nar,2026-08-01,36.0,35.0,35.0,35.0,35.0,35.0,45.0,履歴少
202654080110,2026-08-01,10,ムサシフウジン,8.0,7.0,阿部基嗣,56.0,,4.0,7.0,高知,手箱山特別(B),1.0,1.0,高知,りゅうきゅう特別(B),1.0,6.0,高知,C1ー2,4.0,5.0,高知,C1ー2,3.0,6.0,高知,C1ー3,11.8,6.0,,nar,2026-08-01,71.27,87.6,66.5,100.0,39.5,68.3,45.0,履歴少 / 人気以上に走る傾向 / 安定感 / 過小評価傾向
202654080110,2026-08-01,10,リューノス,5.0,5.0,山崎雅由,57.0,,5.0,4.0,高知,ファイナルレース(B),6.0,4.0,高知,Bー2,8.0,9.0,高知,安田川特別(B),3.0,7.0,高知,Bー2,6.0,5.0,高知,AB混合,11.9,7.0,,nar,2026-08-01,54.37,62.8,49.1,45.0,54.5,61.2,45.0,履歴少
202654080111,2026-08-01,11,アクロポリス,5.0,5.0,西森将司,57.0,,11.0,9.0,高知,C3ー9,8.0,12.0,高知,ファイナルレース(C3),9.0,12.0,高知,ファイナルレース(C3),5.0,12.0,高知,C3ー10,11.0,10.0,高知,C3ー10,18.3,10.0,,nar,2026-08-01,45.54,36.1,63.3,14.6,33.5,71.1,45.0,履歴少 / 過小評価傾向 / 市場オッズ妙味
202654080111,2026-08-01,11,アルデココ,9.0,7.0,城野慈尚,55.0,,10.0,1.0,高知,ファイナルレース(C3),8.0,6.0,高知,C3ー7,4.0,1.0,高知,ファイナルレース(C3),9.0,9.0,高知,C3ー9,9.0,5.0,高知,ファイナルレース(C3),5.5,3.0,,nar,2026-08-01,34.5,43.5,20.3,19.8,35.0,45.6,45.0,履歴少
202665080111,2026-08-01,11,オーシャンウイナー,9.0,8.0,菊池一樹,710.0,,,,,,,,,,,,,,,,,,,,,,,,,nar,2026-08-01,36.0,35.0,35.0,35.0,35.0,35.0,45.0,履歴少
202654080111,2026-08-01,11,キャッスルバジオウ,1.0,1.0,西優哉,54.0,,6.0,7.0,高知,C3ー7,7.0,8.0,高知,C3ー10,7.0,9.0,高知,C3ー8,10.0,10.0,高知,C3ー11,8.0,8.0,高知,C3ー14,15.4,9.0,,nar,2026-08-01,48.85,50.1,56.6,0.0,62.0,66.3,45.0,履歴少 / 過小評価傾向 / 市場オッズ妙味
202665080111,2026-08-01,11,キングフェスタ,3.0,3.0,長澤幸太,715.0,,,,,,,,,,,,,,,,,,,,,,,,,nar,2026-08-01,36.0,35.0,35.0,35.0,35.0,35.0,45.0,履歴少
202654080111,2026-08-01,11,クニノライフ,2.0,2.0,大澤誠志,55.0,,5.0,6.0,高知,C3ー10,7.0,4.0,高知,C3ー9,5.0,5.0,高知,C3ー10,11.0,10.0,船橋,馬い!山武たがやす倶(C2),10.0,9.0,船橋,C2四　五,9.8,5.0,,nar,2026-08-01,52.5,52.9,45.1,50.2,69.5,57.1,45.0,履歴少 / 近走上向き
202654080111,2026-08-01,11,クラールス,3.0,3.0,塚本直之,54.0,,4.0,11.0,高知,ファイナルレース(C3),6.0,6.0,高知,C3ー12,5.0,5.0,高知,C3ー12,6.0,5.0,高知,C3ー11,9.0,8.0,高知,C3ー13,5.2,1.0,,nar,2026-08-01,59.82,64.0,63.1,50.2,65.0,60.3,45.0,履歴少 / 近走上向き
202665080111,2026-08-01,11,クリスタルコルド,2.0,2.0,西謙一,715.0,,,,,,,,,,,,,,,,,,,,,,,,,nar,2026-08-01,36.0,35.0,35.0,35.0,35.0,35.0,45.0,履歴少
202654080111,2026-08-01,11,セージブラッシュ,11.0,8.0,畑中信司,57.0,,9.0,5.0,高知,ファイナルレース(C3),4.0,4.0,高知,C3ー11,7.0,9.0,高知,C3ー11,7.0,6.0,高知,ファイナルレース(C3),5.0,5.0,高知,C3ー13,6.8,4.0,,nar,2026-08-01,45.97,54.8,43.2,35.3,30.5,56.2,45.0,履歴少
202665080111,2026-08-01,11,ダイヤカツヒメ,8.0,7.0,赤塚健仁,695.0,,,,,,,,,,,,,,,,,,,,,,,,,nar,2026-08-01,36.0,35.0,35.0,35.0,35.0,35.0,45.0,履歴少
202665080111,2026-08-01,11,ツガルノヒロイモノ,7.0,7.0,鈴木恵介,720.0,,,,,,,,,,,,,,,,,,,,,,,,,nar,2026-08-01,36.0,35.0,35.0,35.0,35.0,35.0,45.0,履歴少
202654080111,2026-08-01,11,トーセンブレンダ,4.0,4.0,岡遼太郎,55.0,,8.0,9.0,高知,C3ー11,6.0,6.0,高知,C3ー11,8.0,8.0,高知,C3ー12,12.0,7.0,高知,ファイナルレース(C3),6.0,10.0,高知,C3ー14,19.4,11.0,,nar,2026-08-01,44.03,45.0,49.9,0.0,50.0,64.0,45.0,履歴少 / 市場オッズ妙味
202654080111,2026-08-01,11,ナムラビオラ,7.0,6.0,木村直輝,55.0,,6.0,7.0,高知,C3ー10,8.0,8.0,高知,C3ー9,5.0,6.0,高知,C3ー9,10.0,2.0,高知,ファイナルレース(C3),6.0,7.0,高知,C3ー12,14.4,8.0,,nar,2026-08-01,48.07,52.9,46.1,19.8,57.5,60.2,45.0,履歴少 / 市場オッズ妙味
202665080111,2026-08-01,11,ネオキングダム,5.0,5.0,阿部優哉,710.0,,,,,,,,,,,,,,,,,,,,,,,,,nar,2026-08-01,36.0,35.0,35.0,35.0,35.0,35.0,45.0,履歴少
202654080111,2026-08-01,11,ビビットピンク,8.0,6.0,濱尚美,53.0,,7.0,6.0,高知,ファイナルレース(C3),8.0,8.0,高知,C3ー7,6.0,7.0,高知,C3ー7,9.0,10.0,高知,C3ー7,11.0,10.0,高知,C3ー8,12.4,7.0,,nar,2026-08-01,44.84,45.9,49.6,0.0,59.0,60.7,45.0,履歴少 / 市場オッズ妙味
202654080111,2026-08-01,11,フランフィズ,12.0,8.0,石本純也,57.0,,6.0,10.0,高知,ファイナルレース(C3),7.0,7.0,高知,C3ー12,4.0,7.0,高知,C3ー9,6.0,10.0,高知,ファイナルレース(C3),5.0,8.0,高知,C3ー12,10.6,6.0,,nar,2026-08-01,57.33,62.0,68.9,30.1,47.0,69.1,45.0,履歴少 / 人気以上に走る傾向 / 過小評価傾向
202654080111,2026-08-01,11,ブルジョア,10.0,7.0,上田将司,55.0,,7.0,8.0,高知,C3ー11,9.0,9.0,高知,C3ー12,6.0,7.0,高知,C3ー12,6.0,7.0,高知,C3ー12,8.0,8.0,高知,C3ー14,36.9,12.0,,nar,2026-08-01,45.51,49.9,54.5,0.0,51.5,55.5,45.0,履歴少
202654080111,2026-08-01,11,マイネルバルビゾン,6.0,5.0,阿部基嗣,56.0,,8.0,8.0,高知,ファイナルレース(C3),5.0,7.0,高知,C3ー9,9.0,8.0,高知,C3ー11,3.0,8.0,高知,C3ー11,8.0,8.0,高知,C3ー13,5.5,2.0,,nar,2026-08-01,51.46,54.2,57.2,39.5,39.5,61.2,45.0,履歴少
202665080111,2026-08-01,11,マルホンリョウユウ,4.0,4.0,金田利貴,710.0,,,,,,,,,,,,,,,,,,,,,,,,,nar,2026-08-01,36.0,35.0,35.0,35.0,35.0,35.0,45.0,履歴少
202665080111,2026-08-01,11,ミチシオ,1.0,1.0,中村太陽,710.0,,,,,,,,,,,,,,,,,,,,,,,,,nar,2026-08-01,36.0,35.0,35.0,35.0,35.0,35.0,45.0,履歴少
202665080111,2026-08-01,11,メムロボブサップ,10.0,8.0,阿部武臣,715.0,,,,,,,,,,,,,,,,,,,,,,,,,nar,2026-08-01,36.0,35.0,35.0,35.0,35.0,35.0,45.0,履歴少
202665080111,2026-08-01,11,ローランド,6.0,6.0,渡来心路,710.0,,,,,,,,,,,,,,,,,,,,,,,,,nar,2026-08-01,36.0,35.0,35.0,35.0,35.0,35.0,45.0,履歴少
202665080112,2026-08-01,12,イワキブラボー,8.0,7.0,菊池一樹,640.0,,,,,,,,,,,,,,,,,,,,,,,,,nar,2026-08-01,36.0,35.0,35.0,35.0,35.0,35.0,45.0,履歴少
202665080112,2026-08-01,12,シンエイファイト,5.0,5.0,赤塚健仁,620.0,,,,,,,,,,,,,,,,,,,,,,,,,nar,2026-08-01,36.0,35.0,35.0,35.0,35.0,35.0,45.0,履歴少
202665080112,2026-08-01,12,スーパーチヨコ,10.0,8.0,鈴木恵介,630.0,,,,,,,,,,,,,,,,,,,,,,,,,nar,2026-08-01,36.0,35.0,35.0,35.0,35.0,35.0,45.0,履歴少
202665080112,2026-08-01,12,タイトルボス,7.0,7.0,阿部優哉,640.0,,,,,,,,,,,,,,,,,,,,,,,,,nar,2026-08-01,36.0,35.0,35.0,35.0,35.0,35.0,45.0,履歴少
202665080112,2026-08-01,12,テッチャン,1.0,1.0,金田利貴,640.0,,,,,,,,,,,,,,,,,,,,,,,,,nar,2026-08-01,36.0,35.0,35.0,35.0,35.0,35.0,45.0,履歴少
202665080112,2026-08-01,12,トカチヒロ,4.0,4.0,中村太陽,640.0,,,,,,,,,,,,,,,,,,,,,,,,,nar,2026-08-01,36.0,35.0,35.0,35.0,35.0,35.0,45.0,履歴少
202665080112,2026-08-01,12,ビックボス,2.0,2.0,阿部武臣,640.0,,,,,,,,,,,,,,,,,,,,,,,,,nar,2026-08-01,36.0,35.0,35.0,35.0,35.0,35.0,45.0,履歴少
202665080112,2026-08-01,12,フクノエル,3.0,3.0,船山蔵人,640.0,,,,,,,,,,,,,,,,,,,,,,,,,nar,2026-08-01,36.0,35.0,35.0,35.0,35.0,35.0,45.0,履歴少
202665080112,2026-08-01,12,ホクセイポルシェ,9.0,8.0,大友一馬,640.0,,,,,,,,,,,,,,,,,,,,,,,,,nar,2026-08-01,36.0,35.0,35.0,35.0,35.0,35.0,45.0,履歴少
202665080112,2026-08-01,12,ユウマダイマジン,6.0,6.0,西将太,640.0,,,,,,,,,,,,,,,,,,,,,,,,,nar,2026-08-01,36.0,35.0,35.0,35.0,35.0,35.0,45.0,履歴少
