race_id,日付,レース,馬名,馬番,枠,騎手,斤量,実着順,着順1,人気1,場1,レース名1,着順2,人気2,場2,レース名2,着順3,人気3,場3,レース名3,着順4,人気4,場4,レース名4,着順5,人気5,場5,レース名5,単勝オッズ,人気,オッズ更新日時,source,_date,AREru指数,因子_performance,因子_upset,因子_consistency,因子_trend,因子_value,因子_context,理由
202630081101,2026-08-11,1,アカネビヨリ,7.0,6.0,小野楓馬,55.0,,8.0,7.0,門別,JRA認定競走フレッ(新馬)(2歳),,,,,,,,,,,,,,,,,12.4,3.0,,nar,2026-08-11,38.86,39.3,39.1,29.6,40.6,39.5,45.0,履歴少 / サンプル少
202647081101,2026-08-11,1,アバンサユキ,7.0,7.0,丸山真一,55.0,,6.0,6.0,笠松,C級セレクション,4.0,5.0,笠松,ここ!笠松!AZKi(C),7.0,7.0,笠松,C12組,3.0,8.0,笠松,C13組,6.0,9.0,笠松,ぐんさん誕生日おめで(C),61.4,7.0,,nar,2026-08-11,55.45,65.9,59.0,39.5,44.0,59.4,45.0,履歴少
202642081101,2026-08-11,1,アマゴ,11.0,8.0,見越彬央,54.0,,2.0,5.0,船橋,虹色スプリント(C3),7.0,10.0,浦和,ランチタイム(C3),6.0,10.0,川崎,C3三　四,6.0,6.0,浦和,ランチタイム(C3),3.0,9.0,川崎,ハヤブサ賞(C3),40.5,4.0,,nar,2026-08-11,64.06,70.2,71.5,40.7,71.0,66.7,45.0,履歴少 / 人気以上に走る傾向 / 近走上向き / 過小評価傾向
202635081101,2026-08-11,1,アリダンジェロ,6.0,6.0,菅原辰徳,54.0,,1.0,2.0,盛岡,C2七組,9.0,10.0,大井,C2十　1112(C211),11.0,9.0,大井,グラスホッパー賞(C213),9.0,6.0,大井,C211　1213(C212),7.0,8.0,大井,C212　1314(C213),1.6,1.0,,nar,2026-08-11,53.81,53.9,48.8,30.4,98.0,50.7,45.0,履歴少 / 近走上向き
202630081101,2026-08-11,1,アンクルチャーリー,10.0,8.0,岩橋勇二,55.0,,8.0,12.0,門別,JRA認定競走アタッ(未勝利)(2歳),9.0,12.0,門別,2歳未勝利(未勝利),11.0,11.0,門別,2歳未勝利(未勝利),9.0,7.0,門別,日高町の地酒「縁」と(未勝利)(2歳),9.0,4.0,門別,JRA認定競走フレッ(新馬)(2歳),26.3,8.0,,nar,2026-08-11,43.28,35.3,58.1,0.0,59.0,56.3,45.0,履歴少 / 市場オッズ妙味
202647081101,2026-08-11,1,アーチボールド,3.0,3.0,松本一心,57.0,,5.0,4.0,笠松,C級未勝利,9.0,5.0,笠松,C級未勝利,2.0,1.0,笠松,C級未勝利,4.0,3.0,笠松,C級未勝利,2.0,2.0,笠松,C級未勝利,16.5,3.0,,nar,2026-08-11,55.4,68.4,38.5,75.1,45.5,57.4,45.0,履歴少 / 安定感 / 市場オッズ妙味
202630081101,2026-08-11,1,イゼルトヴァルト,6.0,6.0,石川倭,55.0,,7.0,9.0,門別,2歳未勝利(未勝利),10.0,7.0,門別,2歳未勝利(未勝利),8.0,7.0,門別,JRA認定競走フレッ(新馬)(2歳),,,,,,,,,30.7,9.0,,nar,2026-08-11,42.5,41.9,46.9,0.0,62.0,54.1,45.0,履歴少 / 市場オッズ妙味
202647081101,2026-08-11,1,オーケーサイン,4.0,4.0,森島貴之,55.0,,5.0,5.0,笠松,C18組,6.0,9.0,笠松,音有お誕生日おめでと(C),6.0,9.0,笠松,好きです笠松競馬(C),10.0,9.0,笠松,C13組,10.0,10.0,笠松,C級セレクション,118.9,8.0,,nar,2026-08-11,53.51,54.5,58.4,30.4,68.0,56.8,45.0,履歴少 / 近走上向き
202630081101,2026-08-11,1,カスケードループ,2.0,2.0,落合玄太,55.0,,,,門別,2歳未勝利(未勝利),5.0,5.0,門別,JRA認定競走アタッ(未勝利)(2歳),5.0,3.0,門別,JRA認定競走アタッ(未勝利)(2歳),4.0,5.0,門別,JRA認定競走フレッ(新馬)(2歳),,,,,1.4,1.0,,nar,2026-08-11,55.19,70.0,47.1,59.3,47.0,50.3,45.0,履歴少
202635081101,2026-08-11,1,カールルイコ,2.0,2.0,斉藤友香,50.0,,7.0,7.0,盛岡,C2三組,8.0,10.0,盛岡,C1,8.0,8.0,盛岡,C1,9.0,10.0,水沢,C2一組,9.0,8.0,水沢,C2一組,37.0,8.0,,nar,2026-08-11,45.0,44.4,53.8,0.0,59.0,57.6,45.0,履歴少 / 市場オッズ妙味
202635081101,2026-08-11,1,キタノアルテミス,8.0,8.0,山本聡紀,54.0,,9.0,5.0,盛岡,C2,9.0,5.0,盛岡,C2,3.0,1.0,盛岡,C2,1.0,1.0,盛岡,C2,3.0,4.0,水沢,C2七組,15.5,4.0,,nar,2026-08-11,44.61,59.8,32.5,44.7,20.0,55.8,45.0,履歴少 / 市場オッズ妙味
202647081101,2026-08-11,1,コンチアフタヌーン,8.0,8.0,塚本征吾,55.0,,2.0,2.0,笠松,C18組,6.0,6.0,笠松,C12組,7.0,7.0,笠松,第1回結婚記念杯(C),7.0,3.0,笠松,C16組,6.0,7.0,笠松,倉山湊成二十歳記念(C),9.3,2.0,,nar,2026-08-11,55.39,67.0,46.6,30.4,77.0,57.5,45.0,履歴少 / 近走上向き
202642081101,2026-08-11,1,ゴールドボード,3.0,3.0,秋元耕成,54.0,,10.0,6.0,船橋,C3五,12.0,11.0,浦和,ランチタイム(C3),7.0,3.0,浦和,埼玉シリーズ開幕賞(C3),6.0,6.0,浦和,浦和800ラウンド(C3),5.0,4.0,浦和,浦和800ラウンド(C3),46.1,6.0,,nar,2026-08-11,35.47,37.6,33.5,10.3,35.0,49.8,45.0,履歴少 / 市場オッズ妙味
202642081101,2026-08-11,1,サンドバンブー,8.0,6.0,保園翔也,54.0,,8.0,7.0,浦和,ランチタイム(C3),9.0,10.0,川崎,C3三　四,5.0,4.0,浦和,ランチタイム(C3),5.0,9.0,浦和,浦和800ラウンド(C3),11.0,8.0,浦和,浦和800ラウンド(C3),111.9,8.0,,nar,2026-08-11,47.16,47.8,50.1,34.3,47.0,53.5,45.0,履歴少
202642081101,2026-08-11,1,サンボールダー,1.0,1.0,及川烈,54.0,,,9.0,浦和,桶川べに花まつり賞(C3),11.0,5.0,浦和,秋麗特別(C3),9.0,5.0,浦和,宝登山特別(C3),7.0,9.0,浦和,薄暑特別(C2C3),11.0,4.0,浦和,オオムラサキツツジ特(C3),43.2,5.0,,nar,2026-08-11,29.43,31.2,22.7,0.0,38.0,44.1,45.0,履歴少 / 市場オッズ妙味
202635081101,2026-08-11,1,シャイニーメイン,3.0,3.0,大坪慎,54.0,,3.0,4.0,盛岡,C2四組,6.0,8.0,盛岡,C2二組,4.0,6.0,盛岡,C2三組,5.0,3.0,水沢,C2三組,9.0,2.0,水沢,C2三組,9.9,3.0,,nar,2026-08-11,60.1,69.1,51.3,64.7,68.0,57.2,45.0,履歴少 / 近走上向き / 安定感
202642081101,2026-08-11,1,スイートウィル,7.0,6.0,室陽一朗,54.0,,9.0,8.0,浦和,ランチタイム(C3),9.0,8.0,船橋,C3　選抜馬,9.0,7.0,浦和,ランチタイム(C3),10.0,4.0,浦和,浦和800ラウンド(C3),7.0,9.0,浦和,浦和800ラウンド(C3),119.6,9.0,,nar,2026-08-11,36.58,36.5,38.7,0.0,48.5,48.3,45.0,履歴少
202630081101,2026-08-11,1,ステイヘント,4.0,4.0,小川悠汰,52.0,,12.0,12.0,門別,2歳未勝利(未勝利),12.0,10.0,門別,日高町の地酒「縁」と(未勝利)(2歳),9.0,9.0,門別,2歳未勝利(未勝利),10.0,7.0,門別,JRA認定競走スーパ(新馬)(2歳),,,,,79.4,10.0,,nar,2026-08-11,32.04,19.9,42.7,0.0,40.0,49.4,45.0,履歴少
202647081101,2026-08-11,1,スペキュレーター,6.0,6.0,望月洵輝,57.0,,3.0,6.0,笠松,音有お誕生日おめでと(C),6.0,10.0,笠松,C13組,8.0,6.0,笠松,第1回結婚記念杯(C),7.0,5.0,笠松,C18組,8.0,6.0,笠松,祝慶太郎くん☆美樹さ(C),25.3,5.0,,nar,2026-08-11,56.05,61.3,57.1,30.4,75.5,56.9,45.0,履歴少 / 近走上向き / 市場オッズ妙味
202646081101,2026-08-11,1,スペシャルサンデー,9.0,8.0,浅野登生,54.0,,8.0,2.0,金沢,C15,10.0,2.0,金沢,C16,6.0,1.0,金沢,C13,3.0,1.0,大井,C2六　七八(C2七),2.0,1.0,大井,グラスホッパー賞(C2),5.8,3.0,,nar,2026-08-11,35.93,54.0,13.6,24.9,33.5,43.2,45.0,履歴少
202646081101,2026-08-11,1,スマートアリオン,7.0,7.0,栗原大河,57.0,,,,金沢,C14,6.0,10.0,金沢,C16,10.0,11.0,金沢,孝明杯(C1),8.0,9.0,金沢,C15,4.0,5.0,金沢,C14,97.4,9.0,,nar,2026-08-11,50.45,49.9,64.5,10.3,58.0,59.2,45.0,履歴少
202642081101,2026-08-11,1,スーパーサイクル,12.0,8.0,山中悠希,56.0,,1.0,1.0,浦和,ランチタイム(C3),1.0,1.0,浦和,浦和800ラウンド(C3),2.0,1.0,浦和,浦和800ラウンド(C3),1.0,1.0,浦和,いこっか!くおっか!(C3),1.0,1.0,浦和,浦和800ラウンド(C3),1.0,1.0,,nar,2026-08-11,68.81,98.4,48.6,100.0,51.5,49.4,45.0,履歴少 / 安定感
202630081101,2026-08-11,1,タルシェクーン,3.0,3.0,黒澤愛斗,55.0,,6.0,6.0,門別,2歳未勝利(未勝利),4.0,6.0,門別,2歳未勝利(未勝利),5.0,7.0,門別,北のハードワーカー菊(未勝利)(2歳),10.0,11.0,門別,JRA認定競走アタッ(未勝利)(2歳),9.0,9.0,門別,JRA認定競走フレッ(新馬)(2歳),18.0,5.0,,nar,2026-08-11,55.86,58.4,57.3,44.7,56.0,65.5,45.0,履歴少 / 過小評価傾向 / 市場オッズ妙味
202630081101,2026-08-11,1,ダリサス,5.0,5.0,松井伸也,55.0,,8.0,9.0,門別,JRA認定競走フレッ(新馬)(2歳),,,,,,,,,,,,,,,,,19.8,7.0,,nar,2026-08-11,39.91,39.3,42.2,29.6,40.6,41.7,45.0,履歴少 / サンプル少
202647081101,2026-08-11,1,チュッカ,1.0,1.0,細川智史,57.0,,7.0,3.0,笠松,C18組,7.0,3.0,笠松,音有お誕生日おめでと(C),3.0,3.0,笠松,好きです笠松競馬(C),5.0,4.0,笠松,C13組,9.0,5.0,笠松,ぐんさん誕生日おめで(C),21.3,4.0,,nar,2026-08-11,44.46,59.0,30.6,34.3,44.0,47.8,45.0,履歴少 / 市場オッズ妙味
202646081101,2026-08-11,1,チョウノヨウニマウ,5.0,5.0,青柳正義,55.0,,3.0,7.0,金沢,つばさ&ひかるバース(C1),6.0,4.0,金沢,小田島ゴールインカッ(C2),1.0,1.0,金沢,川村友音誕生日おめで(C2),4.0,4.0,金沢,信じてるよお馬ら杯(C2),4.0,5.0,金沢,C27,9.7,4.0,,nar,2026-08-11,64.23,79.2,55.7,75.1,54.5,61.6,45.0,履歴少 / 安定感
202646081101,2026-08-11,1,ディヴァージオン,1.0,1.0,中島龍也,55.0,,2.0,2.0,金沢,スマホで投票!楽天競(C2),1.0,1.0,金沢,C27,10.0,11.0,高知,C3ー10,10.0,9.0,高知,C3ー10,7.0,9.0,高知,C3ー10,2.0,1.0,,nar,2026-08-11,59.77,67.9,51.8,55.3,80.0,54.3,45.0,履歴少 / 近走上向き
202646081101,2026-08-11,1,トップタルマエ,8.0,7.0,松戸政也,57.0,,4.0,3.0,金沢,つばさ&ひかるバース(C1),4.0,3.0,金沢,小田島ゴールインカッ(C2),3.0,3.0,金沢,ろこ★お留守番ごめん(C2),5.0,5.0,金沢,Win5愛好へそきり(C2),4.0,4.0,金沢,C22,10.1,5.0,,nar,2026-08-11,63.16,76.4,46.1,100.0,50.0,58.5,45.0,履歴少 / 安定感
202646081101,2026-08-11,1,トレヴィーテ,2.0,2.0,鈴木太一,55.0,,9.0,10.0,金沢,楽天競馬で馬券を買お(C1C2),9.0,7.0,金沢,C16,1.0,5.0,金沢,C25,3.0,4.0,金沢,C26,5.0,5.0,金沢,蜜丸さくもYouTu(C2),39.8,6.0,,nar,2026-08-11,50.62,59.0,55.2,44.7,23.0,58.9,45.0,履歴少 / 市場オッズ妙味
202630081101,2026-08-11,1,ドリームパラダイス,9.0,7.0,服部茂史,55.0,,9.0,9.0,門別,2歳牝馬未勝利(未勝利),8.0,5.0,門別,2歳未勝利(未勝利),7.0,4.0,門別,JRA認定競走フレッ(新馬)(2歳),,,,,,,,,7.2,2.0,,nar,2026-08-11,37.69,42.9,37.5,0.0,41.0,51.9,45.0,履歴少
202647081101,2026-08-11,1,ドロップオブレイ,5.0,5.0,加藤聡一,55.0,,7.0,4.0,3中京7,3歳未勝利,16.0,1.0,2京都8,3歳未勝利,10.0,7.0,2中京4,3歳未勝利,,,,,,,,,1.1,1.0,,nar,2026-08-11,26.92,28.4,1.1,0.0,86.0,27.7,45.0,履歴少 / 近走上向き
202642081101,2026-08-11,1,ニシノミモザ,9.0,7.0,国分祐仁,54.0,,12.0,12.0,浦和,浦和800ラウンド(C2C3),9.0,6.0,船橋,C3　選抜馬,10.0,12.0,浦和,浦和800ラウンド(C3),9.0,12.0,船橋,C3二,12.0,8.0,浦和,浦和800ラウンド(C2C3),627.4,12.0,,nar,2026-08-11,34.72,24.6,47.7,0.0,38.0,52.2,45.0,履歴少
202630081101,2026-08-11,1,ハナノコルンルン,8.0,7.0,藤田凌駕,53.0,,8.0,7.0,門別,JRA認定競走フレッ(新馬)(2歳),,,,,,,,,,,,,,,,,12.8,4.0,,nar,2026-08-11,38.86,39.3,39.1,29.6,40.6,39.5,45.0,履歴少 / サンプル少
202646081101,2026-08-11,1,ハーモニーレグルス,4.0,4.0,吉田晃浩,57.0,,8.0,1.0,金沢,C16,11.0,10.0,川崎,末摘花特別(B3二),13.0,10.0,川崎,新緑特別(B3二),6.0,8.0,川崎,卯の花月特別(B3三),1.0,8.0,浦和,アクアマリン特別(C1),3.5,2.0,,nar,2026-08-11,38.55,38.2,36.3,10.3,48.5,54.0,45.0,履歴少
202647081101,2026-08-11,1,ヒルノエルニド,2.0,2.0,深澤杏花,53.0,,5.0,4.0,笠松,加織・文行結婚記念(C),5.0,7.0,笠松,音有お誕生日おめでと(C),6.0,8.0,笠松,C級サバイバル,8.0,10.0,笠松,好きです笠松競馬(C),9.0,9.0,笠松,第1回結婚記念杯(C),50.1,6.0,,nar,2026-08-11,56.7,59.6,56.2,55.3,62.0,56.8,45.0,履歴少
202646081101,2026-08-11,1,ピアレイジレディ,6.0,6.0,甲賀弘隆,55.0,,5.0,6.0,金沢,つばさ&ひかるバース(C1),5.0,7.0,金沢,小田島ゴールインカッ(C2),9.0,9.0,園田,C3一,12.0,12.0,園田,C2三,7.0,8.0,園田,C2三,42.9,7.0,,nar,2026-08-11,55.77,51.9,56.3,55.3,69.5,58.9,45.0,履歴少 / 近走上向き / 市場オッズ妙味
202635081101,2026-08-11,1,フジサンワイシーシ,4.0,4.0,村上忍,56.0,,4.0,2.0,盛岡,C2三組,5.0,6.0,盛岡,C2三組,3.0,5.0,盛岡,C2三組,11.0,11.0,盛岡,C2三組,7.0,3.0,盛岡,C2三組,15.6,5.0,,nar,2026-08-11,59.22,64.9,47.4,75.1,65.0,59.7,45.0,履歴少 / 近走上向き / 安定感 / 市場オッズ妙味
202642081101,2026-08-11,1,ブルーグリッター,5.0,5.0,櫻井光輔,56.0,,12.0,11.0,川崎,カマスサワラ賞(C3),10.0,9.0,浦和,ランチタイム(C3),10.0,10.0,川崎,トウザヨリ賞(C3),6.0,4.0,船橋,入梅ダッシュ(C3),8.0,6.0,川崎,フェネック賞(C3),228.1,10.0,,nar,2026-08-11,33.41,29.5,42.6,0.0,29.0,49.6,45.0,履歴少
202642081101,2026-08-11,1,プリンセスパリー,10.0,7.0,高橋哲也,54.0,,9.0,9.0,浦和,ランチタイム(C3),6.0,9.0,浦和,特選(C3),10.0,10.0,浦和,特選(C3),10.0,11.0,浦和,金魚草特別(C3),11.0,9.0,浦和,春の夢特別(C3),39.6,3.0,,nar,2026-08-11,42.42,37.6,54.8,0.0,51.5,57.6,45.0,履歴少 / 市場オッズ妙味
202646081101,2026-08-11,1,マノンルージュ,3.0,3.0,魚住謙心,57.0,,,,金沢,C14,7.0,8.0,金沢,C16,7.0,7.0,金沢,C13,6.0,2.0,金沢,孝明杯(C1),2.0,3.0,金沢,つるーたんとハラペー(C1),113.5,10.0,,nar,2026-08-11,45.7,59.6,47.7,10.3,38.0,51.9,45.0,履歴少
202642081101,2026-08-11,1,ミラクルライズ,4.0,4.0,吉留孝司,56.0,,5.0,3.0,浦和,ランチタイム(C3),7.0,6.0,浦和,行田花手水賞(C2),2.0,6.0,船橋,C3　二組下,5.0,9.0,浦和,サツキツツジ特別(C3),10.0,8.0,船橋,びわ特別(C3),14.4,2.0,,nar,2026-08-11,58.47,64.6,52.2,64.7,56.0,63.3,45.0,履歴少 / 安定感 / 市場オッズ妙味
202635081101,2026-08-11,1,メダツヤツ,7.0,7.0,南郷家全,56.0,,7.0,7.0,盛岡,C2三組,7.0,12.0,盛岡,C2一組,7.0,10.0,盛岡,C2二組,10.0,10.0,水沢,C2一組,8.0,6.0,水沢,C2一組,21.7,7.0,,nar,2026-08-11,47.74,47.7,61.4,0.0,56.0,60.2,45.0,履歴少 / 市場オッズ妙味
202646081101,2026-08-11,1,メッチャハットリ,10.0,8.0,兼子千央,55.0,,6.0,8.0,金沢,C15,3.0,5.0,金沢,日本列島☆爆走!ツア(C2特別),8.0,10.0,金沢,愛☆日本一のウマ男祝(C1特別),10.0,9.0,金沢,C16,9.0,8.0,金沢,秀明くん生まれてきて(C1),76.7,8.0,,nar,2026-08-11,52.12,55.7,58.8,24.9,59.0,56.1,45.0,履歴少
202630081101,2026-08-11,1,ラッキーリップス,11.0,8.0,亀井洋司,55.0,,10.0,7.0,門別,2歳未勝利(未勝利),11.0,11.0,門別,2歳牝馬未勝利(未勝利),9.0,7.0,門別,JRA認定競走アタッ(未勝利)(2歳),7.0,9.0,門別,JRA認定競走フレッ(新馬)(2歳),,,,,92.7,11.0,,nar,2026-08-11,35.83,31.4,42.1,0.0,44.0,51.1,45.0,履歴少
202635081101,2026-08-11,1,リベリアンガール,1.0,1.0,阿部英俊,54.0,,6.0,4.0,盛岡,C2三組,5.0,4.0,盛岡,C2二組,5.0,6.0,盛岡,C2二組,9.0,5.0,盛岡,C2二組,4.0,5.0,盛岡,C2二組,18.9,6.0,,nar,2026-08-11,52.55,61.7,42.0,55.0,48.5,59.0,45.0,履歴少 / 市場オッズ妙味
202642081101,2026-08-11,1,リュウノアーダーン,6.0,5.0,中島良美,52.0,,4.0,4.0,浦和,ランチタイム(C3),8.0,5.0,川崎,C3三　四,3.0,5.0,浦和,ランチタイム(C3),4.0,8.0,浦和,浦和800ラウンド(C3),6.0,7.0,浦和,浦和800ラウンド(C3),53.5,7.0,,nar,2026-08-11,58.61,68.0,52.3,64.7,57.5,56.1,45.0,履歴少 / 安定感
202642081101,2026-08-11,1,ワンダーダイカネン,2.0,2.0,岡田大,56.0,,11.0,12.0,浦和,ランチタイム(C3),8.0,9.0,浦和,ランチタイム(C3),10.0,9.0,浦和,ウマ娘×浦和競馬場コ(C3),11.0,12.0,浦和,浦和800ラウンド(C3),12.0,12.0,浦和,いこっか!くおっか!(C3),373.6,11.0,,nar,2026-08-11,37.96,26.7,53.5,0.0,45.5,54.8,45.0,履歴少
202630081101,2026-08-11,1,ヴィーナスマインド,1.0,1.0,宮内勇樹,55.0,,10.0,9.0,門別,2歳未勝利(未勝利),,,門別,2歳牝馬未勝利(未勝利),6.0,7.0,門別,JRA認定競走フレッ(新馬)(2歳),,,,,,,,,19.1,6.0,,nar,2026-08-11,40.86,40.3,44.7,18.0,32.3,59.3,45.0,履歴少 / サンプル少 / 市場オッズ妙味
202635081101,2026-08-11,1,ヴェニーレ,5.0,5.0,関本玲花,54.0,,2.0,3.0,盛岡,C2四組,5.0,6.0,盛岡,C2五組,6.0,10.0,盛岡,C2三組,9.0,7.0,盛岡,C2三組,4.0,7.0,水沢,C2四組,3.5,2.0,,nar,2026-08-11,63.49,69.9,59.5,65.7,74.0,59.9,45.0,履歴少 / 近走上向き / 安定感
202646081102,2026-08-11,2,アイルシャンス,10.0,8.0,沖静男,55.0,,,,金沢,C14,1.0,6.0,金沢,★Royz公大生誕記(C2),3.0,3.0,金沢,川村友音誕生日おめで(C2),6.0,6.0,金沢,スマホで投票!楽天競(C2),4.0,4.0,金沢,えまちゃんが平井にな(C2),5.1,2.0,,nar,2026-08-11,66.43,83.5,62.5,55.0,70.0,61.0,45.0,履歴少 / 近走上向き
202630081102,2026-08-11,2,イグレックリヤン,3.0,3.0,藤田凌駕,53.0,,11.0,11.0,門別,2歳未勝利(未勝利),12.0,12.0,門別,2歳未勝利(未勝利),11.0,8.0,門別,JRA認定競走フレッ(新馬)(2歳),,,,,,,,,176.5,9.0,,nar,2026-08-11,33.43,17.3,44.5,0.0,53.0,50.2,45.0,履歴少
202630081102,2026-08-11,2,ウィルフレッド,4.0,4.0,宮内勇樹,55.0,,2.0,6.0,門別,JRA認定競走フレッ(新馬)(2歳),,,,,,,,,,,,,,,,,2.4,1.0,,nar,2026-08-11,44.81,49.9,46.8,36.3,40.6,42.0,45.0,履歴少 / サンプル少
202642081102,2026-08-11,2,ウキヨノメシア,7.0,7.0,室陽一朗,54.0,,7.0,3.0,浦和,3歳　未格付,3.0,1.0,浦和,3歳　未格付,4.0,3.0,浦和,3歳五,11.0,3.0,船橋,3歳四,9.0,2.0,船橋,3歳　300P,14.2,5.0,,nar,2026-08-11,44.22,58.4,23.4,44.7,48.5,47.0,45.0,履歴少 / 市場オッズ妙味
202642081102,2026-08-11,2,エターナルフィズ,8.0,8.0,山口達弥,54.0,,8.0,5.0,川崎,オーブ賞(3歳),2.0,6.0,浦和,浦和競馬×netke(3歳),3.0,5.0,船橋,3歳五,6.0,8.0,浦和,熊谷宿賞(3歳),4.0,5.0,船橋,3歳七,19.1,7.0,,nar,2026-08-11,56.24,69.5,56.1,55.0,24.5,66.1,45.0,履歴少 / 過小評価傾向 / 市場オッズ妙味
202642081102,2026-08-11,2,エムティライカ,1.0,1.0,及川烈,56.0,,1.0,1.0,浦和,3歳六,10.0,1.0,高知,3歳ー2,3.0,1.0,高知,3歳ー3,3.0,1.0,高知,3歳ー4,2.0,2.0,高知,2歳新馬(新馬),3.5,2.0,,nar,2026-08-11,56.88,75.7,29.5,75.1,71.0,46.9,45.0,履歴少 / 近走上向き / 安定感
202642081102,2026-08-11,2,エムブイピーコール,6.0,6.0,保園翔也,54.0,,6.0,6.0,浦和,3歳三,4.0,4.0,浦和,3歳四,7.0,9.0,浦和,3歳四,3.0,11.0,川崎,3歳6,5.0,4.0,浦和,3歳四,16.6,6.0,,nar,2026-08-11,58.21,66.7,60.2,49.8,42.5,67.8,45.0,履歴少 / 過小評価傾向 / 市場オッズ妙味
202635081102,2026-08-11,2,オウケンアマゾネス,2.0,2.0,山本政聡,54.0,,6.0,8.0,盛岡,C2一組,2.0,6.0,盛岡,C2二組,10.0,6.0,盛岡,C2二組,5.0,3.0,盛岡,C2二組,3.0,4.0,水沢,C1五組,10.8,5.0,,nar,2026-08-11,55.61,65.3,54.4,49.8,44.0,60.8,45.0,履歴少
202642081102,2026-08-11,2,オソレイユ,3.0,3.0,新原周馬,56.0,,5.0,5.0,浦和,3歳三,3.0,5.0,浦和,3歳五,3.0,7.0,浦和,3歳六,7.0,3.0,浦和,3歳四,11.0,11.0,浦和,3歳四,14.1,4.0,,nar,2026-08-11,61.17,67.9,54.9,75.1,56.0,62.6,45.0,履歴少 / 安定感 / 市場オッズ妙味
202630081102,2026-08-11,2,カンヒザクラ,5.0,5.0,近藤翔月,54.0,,6.0,10.0,門別,2歳牝馬未勝利(未勝利),8.0,9.0,門別,2歳未勝利(未勝利),10.0,11.0,門別,2歳牝馬未勝利(未勝利),8.0,8.0,門別,JRA認定競走フレッ(新馬)(2歳),,,,,101.4,7.0,,nar,2026-08-11,48.56,45.9,63.0,0.0,66.0,58.4,45.0,履歴少 / 近走上向き
202635081102,2026-08-11,2,キタノクーヴェル,7.0,7.0,岩本怜,56.0,,4.0,4.0,盛岡,C2二組,5.0,4.0,盛岡,C2二組,4.0,5.0,盛岡,C2二組,3.0,2.0,盛岡,C2三組,5.0,5.0,盛岡,C2三組,10.4,4.0,,nar,2026-08-11,63.47,74.3,48.6,100.0,51.5,59.3,45.0,履歴少 / 安定感
202642081102,2026-08-11,2,クラオウリュウ,5.0,5.0,西啓太,56.0,,3.0,3.0,浦和,浦和競馬プロモーショ(3歳),4.0,2.0,浦和,3歳五,10.0,2.0,浦和,3歳五,2.0,1.0,浦和,2歳三,6.0,3.0,門別,イチョウ特別(2歳),3.9,3.0,,nar,2026-08-11,54.46,69.6,32.3,69.9,65.0,46.7,45.0,履歴少 / 近走上向き / 安定感
202635081102,2026-08-11,2,クリノサクセス,9.0,8.0,山本聡紀,54.0,,10.0,10.0,盛岡,C2一組,12.0,10.0,盛岡,C2一組,9.0,10.0,盛岡,C1五組,10.0,9.0,水沢,C1,11.0,11.0,盛岡,C1,47.8,9.0,,nar,2026-08-11,36.74,24.8,46.9,0.0,53.0,55.0,45.0,履歴少 / 市場オッズ妙味
202647081102,2026-08-11,2,クリノジルバ,3.0,3.0,深澤杏花,53.0,,4.0,6.0,笠松,C級未勝利,8.0,9.0,笠松,C級未勝利,7.0,6.0,笠松,好きです笠松競馬(C),8.0,8.0,笠松,C級未勝利,10.0,11.0,笠松,ぐんさん誕生日おめで(C),27.7,7.0,,nar,2026-08-11,53.67,53.7,55.3,30.4,75.5,58.2,45.0,履歴少 / 近走上向き / 市場オッズ妙味
202635081102,2026-08-11,2,グレイスショコラ,8.0,8.0,菅原辰徳,54.0,,7.0,7.0,盛岡,C2二組,4.0,3.0,盛岡,C2二組,6.0,7.0,盛岡,C2二組,2.0,5.0,水沢,C2三組,3.0,7.0,水沢,C2三組,20.2,7.0,,nar,2026-08-11,55.24,68.7,55.6,49.8,30.5,60.9,45.0,履歴少 / 市場オッズ妙味
202635081102,2026-08-11,2,コスモベラエステラ,4.0,4.0,山本聡哉,56.0,,4.0,4.0,盛岡,C2一組,3.0,1.0,盛岡,C2二組,2.0,5.0,盛岡,C2三組,2.0,5.0,盛岡,C2六組,8.0,3.0,水沢,C2五組,3.2,2.0,,nar,2026-08-11,63.16,80.2,50.1,89.7,48.5,54.3,45.0,履歴少 / 安定感
202630081102,2026-08-11,2,コバシリデス,1.0,1.0,黒澤愛斗,55.0,,11.0,9.0,門別,ホクレンカタログギフ(未勝利)(2歳),7.0,7.0,門別,JRA認定競走フレッ(新馬)(2歳),,,,,,,,,,,,,199.8,10.0,,nar,2026-08-11,37.61,36.9,41.3,18.0,32.3,48.8,45.0,履歴少 / サンプル少
202647081102,2026-08-11,2,コランタ,1.0,1.0,東川慎,55.0,,6.0,2.0,笠松,C級未勝利,2.0,1.0,笠松,C級未勝利,2.0,7.0,笠松,好きです笠松競馬(C),10.0,9.0,笠松,C級未勝利,7.0,6.0,笠松,C級未勝利,2.8,1.0,,nar,2026-08-11,52.8,68.8,44.9,44.7,45.5,53.1,45.0,履歴少
202646081102,2026-08-11,2,コンチマカロン,1.0,1.0,栗原大河,55.0,,,,金沢,C14,4.0,7.0,金沢,七尾祇園祭特別(C1),7.0,6.0,金沢,九谷焼特別(C1),6.0,7.0,金沢,卯辰山特別(C1),5.0,6.0,金沢,母の日特別(C1),9.1,6.0,,nar,2026-08-11,56.97,64.6,58.0,35.3,62.0,62.6,45.0,履歴少
202635081102,2026-08-11,2,サクラトップマンボ,5.0,5.0,坂井瑛音,55.0,,1.0,2.0,盛岡,C2六組,1.0,5.0,盛岡,C2八組,3.0,8.0,水沢,C2四組,4.0,8.0,盛岡,3歳C1二組,12.0,12.0,盛岡,3歳C2一組,2.4,1.0,,nar,2026-08-11,73.35,84.2,70.1,89.7,74.0,62.8,45.0,履歴少 / 人気以上に走る傾向 / 近走上向き / 安定感
202646081102,2026-08-11,2,シェーンシュタット,8.0,7.0,青柳正義,57.0,,5.0,5.0,金沢,C15,4.0,9.0,金沢,楽天競馬で馬券を買お(C2),7.0,7.0,金沢,C14,1.0,6.0,金沢,楽天競馬で馬券を買お(C2),7.0,6.0,金沢,C25,9.2,7.0,,nar,2026-08-11,62.55,69.8,63.1,69.9,48.5,65.3,45.0,履歴少 / 安定感 / 過小評価傾向
202646081102,2026-08-11,2,ジューンサレンダー,4.0,4.0,魚住謙心,57.0,,4.0,7.0,金沢,C15,11.0,2.0,金沢,ダッシュダッシュいの(C1特別),9.0,5.0,金沢,C16,8.0,5.0,金沢,秀明くん生まれてきて(C1),2.0,5.0,金沢,C16,10.9,8.0,,nar,2026-08-11,48.25,51.1,34.3,40.7,71.0,55.8,45.0,履歴少 / 近走上向き
202647081102,2026-08-11,2,スイモアマイモ,5.0,5.0,丸山真一,55.0,,4.0,7.0,笠松,C18組,8.0,8.0,笠松,音有お誕生日おめでと(C),9.0,9.0,笠松,C級サバイバル,11.0,10.0,笠松,ぐんさん誕生日おめで(C),5.0,5.0,笠松,C19組,22.4,6.0,,nar,2026-08-11,54.11,51.1,55.4,40.7,75.5,57.6,45.0,履歴少 / 近走上向き / 市場オッズ妙味
202642081102,2026-08-11,2,スターハル,9.0,8.0,木間塚龍,54.0,,9.0,10.0,浦和,特選(3歳),9.0,12.0,浦和,2歳二,9.0,9.0,浦和,サザンクロス賞(2歳),11.0,10.0,大井,ひばり特別競走(2歳),6.0,8.0,浦和,2歳二,84.9,8.0,,nar,2026-08-11,42.25,36.1,57.8,0.0,48.5,56.8,45.0,履歴少
202630081102,2026-08-11,2,スダレ,2.0,2.0,桑村真明,55.0,,6.0,6.0,門別,2歳未勝利(未勝利),10.0,6.0,門別,2歳未勝利(未勝利),6.0,7.0,門別,JRA認定競走フレッ(新馬)(2歳),,,,,,,,,17.3,5.0,,nar,2026-08-11,44.22,49.4,42.5,0.0,62.0,58.9,45.0,履歴少 / 市場オッズ妙味
202647081102,2026-08-11,2,スマイリングキング,4.0,4.0,松本一心,57.0,,6.0,6.0,笠松,C18組,9.0,5.0,笠松,音有お誕生日おめでと(C),4.0,5.0,笠松,好きです笠松競馬(C),9.0,5.0,笠松,C13組,7.0,5.0,園田,C3三,21.9,5.0,,nar,2026-08-11,44.96,52.9,38.9,19.8,57.5,50.5,45.0,履歴少 / 市場オッズ妙味
202635081102,2026-08-11,2,ターントゥベスト,3.0,3.0,村上忍,54.0,,1.0,4.0,盛岡,C2五組,5.0,1.0,盛岡,C2五組,2.0,2.0,盛岡,C2六組,6.0,6.0,水沢,C2二組,10.0,10.0,水沢,C1,5.9,3.0,,nar,2026-08-11,64.36,77.2,49.4,75.1,78.5,56.9,45.0,履歴少 / 近走上向き / 安定感
202630081102,2026-08-11,2,チェックレイズ,9.0,7.0,小川悠汰,52.0,,5.0,5.0,門別,JRA認定競走アタッ(未勝利)(2歳),9.0,9.0,門別,JRA認定競走アタッ(未勝利)(2歳),10.0,11.0,門別,JRA認定競走フレッ(新馬)(2歳),,,,,,,,,23.5,6.0,,nar,2026-08-11,50.98,46.9,51.8,30.4,77.0,57.4,45.0,履歴少 / 近走上向き / 市場オッズ妙味
202630081102,2026-08-11,2,ツムギノワンワン,11.0,8.0,松井伸也,55.0,,12.0,11.0,門別,北海道きたやさい賞(未勝利)(2歳),12.0,12.0,門別,2歳牝馬未勝利(未勝利),8.0,9.0,門別,JRA認定競走フレッ(新馬)(2歳),,,,,,,,,233.7,11.0,,nar,2026-08-11,34.03,20.4,49.0,0.0,38.0,53.5,45.0,履歴少
202647081102,2026-08-11,2,テクスチャー,7.0,7.0,望月洵輝,55.0,,2.0,5.0,笠松,C級未勝利,6.0,2.0,笠松,C級サバイバル,4.0,2.0,笠松,C23組,5.0,3.0,笠松,カサオク・サンクス賞(C),7.0,1.0,笠松,C25組,2.8,2.0,,nar,2026-08-11,57.57,73.2,40.3,64.7,71.0,47.2,45.0,履歴少 / 近走上向き / 安定感
202646081102,2026-08-11,2,ナムラパール,6.0,6.0,鈴木太一,55.0,,3.0,1.0,金沢,C15,3.0,6.0,金沢,小田島ゴールインカッ(C2),3.0,9.0,金沢,楽天競馬で馬券を買お(C2),5.0,8.0,金沢,ろこ★お留守番ごめん(C2),6.0,8.0,金沢,Win5愛好へそきり(C2),4.0,1.0,,nar,2026-08-11,68.56,79.2,63.8,89.7,57.5,63.7,45.0,履歴少 / 安定感
202647081102,2026-08-11,2,ハナノクロコ,6.0,6.0,細川智史,55.0,,6.0,4.0,笠松,シングレ笠松競馬コラ(C),6.0,5.0,笠松,亜咲花さん誕生日おめ(C),8.0,12.0,大井,C3六,12.0,12.0,大井,C3五　六,7.0,11.0,大井,C3五　六,15.1,4.0,,nar,2026-08-11,47.5,49.0,52.4,0.0,63.5,64.8,45.0,履歴少 / 市場オッズ妙味
202642081102,2026-08-11,2,ハリッサ,2.0,2.0,中山遥人,53.0,,9.0,11.0,川崎,アーベントロート賞(3歳),8.0,10.0,浦和,3歳三,9.0,8.0,船橋,3歳　303.,5.0,7.0,浦和,3歳四,10.0,11.0,浦和,ツインシャイン特別(3歳),178.8,9.0,,nar,2026-08-11,45.47,41.8,59.1,14.6,44.0,57.4,45.0,履歴少
202647081102,2026-08-11,2,バンビチャン,8.0,8.0,筒井勇介,55.0,,4.0,4.0,笠松,音有お誕生日おめでと(C),5.0,2.0,笠松,好きです笠松競馬(C),2.0,2.0,笠松,C13組,4.0,6.0,笠松,ぐんさん誕生日おめで(C),7.0,8.0,大井,C3九,3.1,3.0,,nar,2026-08-11,61.61,74.7,47.5,89.7,53.0,54.8,45.0,履歴少 / 安定感
202646081102,2026-08-11,2,ビアメントブラスト,9.0,8.0,吉田晃浩,55.0,,,,金沢,C14,2.0,2.0,金沢,第1回えみこた日和記(C2特別),10.0,6.0,金沢,ダッシュダッシュいの(C1特別),9.0,6.0,金沢,C17,4.0,5.0,金沢,つるーたんとハラペー(C1),5.7,3.0,,nar,2026-08-11,52.17,59.7,38.7,35.3,84.0,52.5,45.0,履歴少 / 近走上向き
202646081102,2026-08-11,2,ビックゲート,3.0,3.0,加藤翔馬,57.0,,5.0,7.0,金沢,楽天競馬で馬券を買お(C2),4.0,6.0,金沢,C14,3.0,6.0,金沢,C18,6.0,2.0,金沢,つるーたんとハラペー(C1),4.0,2.0,金沢,C17,8.3,5.0,,nar,2026-08-11,62.48,72.8,56.4,85.4,45.5,59.7,45.0,履歴少 / 安定感
202630081102,2026-08-11,2,プレアウィン,10.0,8.0,小野楓馬,55.0,,9.0,12.0,門別,ホクレンカタログギフ(未勝利)(2歳),10.0,9.0,門別,2歳未勝利(未勝利),9.0,8.0,門別,2歳未勝利(未勝利),6.0,6.0,門別,2歳未勝利(未勝利),12.0,12.0,門別,JRA認定競走フレッ(新馬)(2歳),101.8,8.0,,nar,2026-08-11,40.85,35.0,53.3,0.0,51.5,54.1,45.0,履歴少
202646081102,2026-08-11,2,マオノブリージー,5.0,5.0,甲賀弘隆,55.0,,2.0,4.0,金沢,葛山晃平騎手ラストデ(C1),4.0,6.0,金沢,オオタアキラ引退送別(C2),4.0,3.0,金沢,C22,8.0,5.0,金沢,ろこ★お留守番ごめん(C2),2.0,6.0,金沢,来週は百万石祭にいき(C2),7.5,4.0,,nar,2026-08-11,66.4,77.8,56.2,85.4,65.0,61.2,45.0,履歴少 / 近走上向き / 安定感
202630081102,2026-08-11,2,マカイエンセ,6.0,6.0,岩橋勇二,55.0,,2.0,3.0,門別,2歳未勝利(未勝利),3.0,2.0,門別,2歳未勝利(未勝利),6.0,4.0,門別,2歳牝馬未勝利(未勝利),3.0,1.0,門別,JRA認定競走フレッ(新馬)(2歳),,,,,3.1,2.0,,nar,2026-08-11,61.16,81.4,45.1,69.9,62.0,51.6,45.0,履歴少 / 安定感
202635081102,2026-08-11,2,マグナドムス,1.0,1.0,鈴木祐,56.0,,11.0,8.0,盛岡,C1五組,11.0,10.0,盛岡,新緑賞(C1),9.0,11.0,盛岡,C1一組,10.0,8.0,水沢,B2,12.0,9.0,水沢,B2,17.2,6.0,,nar,2026-08-11,34.48,23.5,40.4,0.0,47.0,57.6,45.0,履歴少 / 市場オッズ妙味
202647081102,2026-08-11,2,ミスフレンド,2.0,2.0,森島貴之,55.0,,7.0,7.0,笠松,C級未勝利,10.0,10.0,笠松,C級未勝利,9.0,8.0,笠松,好きです笠松競馬(C),9.0,10.0,笠松,C級未勝利,5.0,8.0,笠松,C級未勝利,79.9,8.0,,nar,2026-08-11,44.65,42.2,51.8,10.3,57.5,55.5,45.0,履歴少
202635081102,2026-08-11,2,メイショウミチロク,6.0,6.0,関本玲花,54.0,,9.0,9.0,盛岡,C2一組,5.0,7.0,盛岡,C2一組,6.0,6.0,盛岡,C2一組,3.0,8.0,盛岡,C2二組,3.0,6.0,盛岡,C2二組,24.5,8.0,,nar,2026-08-11,53.43,60.7,60.8,49.8,21.5,62.8,45.0,履歴少 / 市場オッズ妙味
202642081102,2026-08-11,2,メルシークーリア,4.0,4.0,秋元耕成,56.0,,4.0,3.0,浦和,3歳三,1.0,2.0,浦和,ドリームチャレンジ(2歳),,,,,,,,,,,,,2.3,1.0,,nar,2026-08-11,50.91,65.7,45.1,48.4,35.6,50.6,45.0,履歴少 / サンプル少
202646081102,2026-08-11,2,ラシェンテ,7.0,7.0,兼子千央,55.0,,,,金沢,C14,5.0,9.0,金沢,C16,8.0,8.0,金沢,C13,8.0,7.0,金沢,孝明杯(C1),5.0,6.0,金沢,秀明くん生まれてきて(C1),24.9,9.0,,nar,2026-08-11,54.54,56.2,59.6,35.3,62.0,59.5,45.0,履歴少 / 市場オッズ妙味
202646081102,2026-08-11,2,ラースアルアイン,2.0,2.0,田知弘久,57.0,,,,金沢,C14,6.0,10.0,金沢,ホップステップぴんみ(C1),9.0,6.0,金沢,愛☆日本一のウマ男祝(C1特別),9.0,10.0,金沢,孝明杯(C1),6.0,7.0,金沢,カポ峯生誕記念(C1),37.4,10.0,,nar,2026-08-11,47.22,48.2,56.6,0.0,62.0,58.7,45.0,履歴少 / 市場オッズ妙味
202630081102,2026-08-11,2,ルキフォス,7.0,6.0,服部茂史,55.0,,5.0,6.0,門別,JRA認定競走フレッ(新馬)(2歳),,,,,,,,,,,,,,,,,13.0,4.0,,nar,2026-08-11,42.19,44.6,42.2,36.3,40.6,41.7,45.0,履歴少 / サンプル少
202630081102,2026-08-11,2,ルナベレッツァ,8.0,7.0,石川倭,55.0,,3.0,4.0,門別,2歳未勝利(未勝利),5.0,5.0,門別,2歳未勝利(未勝利),6.0,1.0,門別,2歳未勝利(未勝利),2.0,6.0,門別,2歳未勝利(未勝利),5.0,6.0,門別,JRA認定競走フレッ(新馬)(2歳),3.4,3.0,,nar,2026-08-11,61.97,74.8,50.0,80.2,59.0,55.9,45.0,履歴少 / 安定感
202647081103,2026-08-11,3,アスターラングル,6.0,6.0,加藤聡一,55.0,,9.0,9.0,笠松,3歳7組,16.0,16.0,1中京5,3歳未勝利,16.0,12.0,1小倉2,3歳未勝利,,,,,,,,,94.0,8.0,,nar,2026-08-11,36.74,14.6,42.6,0.0,92.0,49.2,45.0,履歴少 / 近走上向き
202647081103,2026-08-11,3,アンニャンクッキー,8.0,8.0,筒井勇介,55.0,,16.0,9.0,3東京1,3歳未勝利,12.0,9.0,2中山2,3歳未勝利,,,,,,,,,,,,,10.2,4.0,,nar,2026-08-11,29.25,21.0,25.5,18.0,32.3,48.0,45.0,履歴少 / サンプル少
202646081103,2026-08-11,3,インテンスフレイム,6.0,6.0,甲賀弘隆,57.0,,,,金沢,だいきち不動産設立記(C1),3.0,2.0,金沢,楽天競馬で馬券を買お(C2),2.0,3.0,金沢,楽天競馬で馬券を買お(C2),1.0,1.0,金沢,C28,6.0,11.0,高知,ファイナルレース(C3),3.1,1.0,,nar,2026-08-11,63.07,86.1,54.7,59.3,50.0,58.9,45.0,履歴少
202630081103,2026-08-11,3,ウィルスパングル,8.0,7.0,小川悠汰,52.0,,9.0,11.0,門別,2歳未勝利(未勝利),8.0,9.0,門別,2歳牝馬未勝利(未勝利),7.0,9.0,門別,JRA認定競走フレッ(新馬)(2歳),,,,,,,,,31.3,9.0,,nar,2026-08-11,44.87,42.9,61.7,0.0,41.0,61.7,45.0,履歴少 / 市場オッズ妙味
202647081103,2026-08-11,3,エイシンリーディン,3.0,3.0,大原浩司,55.0,,6.0,7.0,笠松,迫水家にサチアレ記念(3歳),4.0,11.0,笠松,瀬戸発☆TORAT2(3歳),9.0,8.0,笠松,3歳5組,10.0,8.0,園田,栢野ダッシュ3歳C1(C1C2),6.0,12.0,園田,口銀谷ダッシュ3歳C(C1C2),107.5,9.0,,nar,2026-08-11,53.82,54.6,65.3,24.9,57.5,60.6,45.0,履歴少 / 人気以上に走る傾向
202642081103,2026-08-11,3,エドノジェット,6.0,6.0,張田昂,56.0,,5.0,4.0,浦和,3歳二,4.0,6.0,浦和,ウマ娘クリアカード配(3歳),3.0,6.0,船橋,3歳　四組下,3.0,1.0,浦和,特選(3歳),3.0,2.0,浦和,2歳四,9.9,5.0,,nar,2026-08-11,63.96,77.1,52.7,100.0,39.5,60.4,45.0,履歴少 / 安定感
202630081103,2026-08-11,3,エムティベリー,9.0,7.0,落合玄太,55.0,,10.0,5.0,門別,2歳未勝利(未勝利),6.0,5.0,門別,2歳牝馬未勝利(未勝利),5.0,6.0,門別,JRA認定競走フレッ(新馬)(2歳),,,,,,,,,27.1,8.0,,nar,2026-08-11,39.0,49.1,35.3,19.8,23.0,50.9,45.0,履歴少 / 市場オッズ妙味
202647081103,2026-08-11,3,エルミー,5.0,5.0,望月洵輝,55.0,,8.0,3.0,2福島5,3歳未勝利,6.0,10.0,2東京5,3歳未勝利,11.0,8.0,1中京4,3歳未勝利,8.0,7.0,1中山1,3歳未勝利,7.0,9.0,4東京5,2歳新馬,1.5,1.0,,nar,2026-08-11,40.04,44.1,42.6,0.0,50.0,49.8,45.0,履歴少
202642081103,2026-08-11,3,オーデンサフィー,10.0,8.0,岡田大,54.0,,10.0,10.0,浦和,ツインベスト特別(3歳),7.0,7.0,浦和,杉戸宿特別(3歳),2.0,7.0,船橋,3歳　214P,2.0,10.0,浦和,3歳七,8.0,10.0,浦和,3歳四,15.9,7.0,,nar,2026-08-11,52.96,57.6,66.5,34.3,18.5,71.5,45.0,履歴少 / 人気以上に走る傾向 / 過小評価傾向 / 市場オッズ妙味
202635081103,2026-08-11,3,カラフルフレスコ,3.0,3.0,大坪慎,54.0,,6.0,6.0,盛岡,C1五組,10.0,11.0,門別,コントレイル・プレミ(B1),7.0,8.0,門別,アナベル特別(B2),8.0,8.0,門別,クレマチス特別(B2),10.0,10.0,門別,キタサンブラック・プ(B2),35.2,8.0,,nar,2026-08-11,45.84,44.8,53.1,0.0,66.5,57.6,45.0,履歴少 / 近走上向き / 市場オッズ妙味
202635081103,2026-08-11,3,グディカンワル,8.0,8.0,小林凌,56.0,,8.0,5.0,盛岡,C2一組,1.0,1.0,盛岡,街を守る盛岡市消防団(C2),4.0,5.0,盛岡,C2五組,8.0,2.0,盛岡,C2五組,10.0,1.0,水沢,C2五組,39.3,9.0,,nar,2026-08-11,45.88,62.6,32.4,44.7,36.5,45.2,45.0,履歴少 / 市場オッズ妙味
202635081103,2026-08-11,3,グランクリュ,2.0,2.0,菅原辰徳,54.0,,3.0,2.0,盛岡,C2一組,2.0,2.0,盛岡,C2一組,2.0,6.0,盛岡,C2三組,9.0,5.0,水沢,C2二組,4.0,5.0,水沢,C2二組,2.9,2.0,,nar,2026-08-11,63.62,79.7,50.0,85.4,57.5,54.5,45.0,履歴少 / 安定感
202642081103,2026-08-11,3,グリンネル,9.0,7.0,藤原幹生,56.0,,3.0,7.0,船橋,3歳二,8.0,10.0,浦和,3歳二,9.0,8.0,船橋,3歳三,10.0,12.0,川崎,郭公賞(3歳),10.0,11.0,船橋,3歳三,41.1,10.0,,nar,2026-08-11,56.63,50.6,63.4,30.4,87.5,61.5,45.0,履歴少 / 近走上向き / 市場オッズ妙味
202647081103,2026-08-11,3,コンダクトヲハラエ,7.0,7.0,高木健,57.0,,3.0,3.0,笠松,迫水家にサチアレ記念(3歳),6.0,6.0,笠松,瀬戸発☆TORAT2(3歳),6.0,5.0,笠松,3歳5組,1.0,6.0,笠松,3歳未勝利,,,,,25.0,6.0,,nar,2026-08-11,59.09,74.6,54.2,45.0,58.0,59.5,45.0,履歴少 / 市場オッズ妙味
202642081103,2026-08-11,3,ゴールデンコマンチ,1.0,1.0,中山遥人,55.0,,7.0,3.0,浦和,3歳二,7.0,1.0,船橋,3歳　303.,3.0,5.0,浦和,3歳三,10.0,10.0,船橋,ブルーバードC(JpnIII),8.0,5.0,浦和,特選(3歳),8.4,4.0,,nar,2026-08-11,42.84,54.0,31.6,19.8,50.0,51.9,45.0,履歴少
202642081103,2026-08-11,3,サヨノビックアルマ,8.0,7.0,安藤洋一,56.0,,7.0,11.0,船橋,ハートは、震えている(3歳),6.0,4.0,浦和,ダイヤモンド特別(3歳),1.0,8.0,浦和,3歳六,9.0,10.0,浦和,3歳五,10.0,10.0,船橋,3歳　四組下,16.4,8.0,,nar,2026-08-11,54.58,58.7,65.7,19.8,47.0,70.5,45.0,履歴少 / 人気以上に走る傾向 / 過小評価傾向 / 市場オッズ妙味
202647081103,2026-08-11,3,サンミスメロディ,1.0,1.0,松本一心,55.0,,9.0,5.0,門別,北海道野菜王国にった(C4),14.0,14.0,3京都8,3歳未勝利,9.0,14.0,1小倉2,3歳未勝利,12.0,13.0,1京都2,3歳新馬,,,,,15.1,5.0,,nar,2026-08-11,39.3,22.1,49.4,0.0,66.0,63.2,45.0,履歴少 / 近走上向き / 市場オッズ妙味
202630081103,2026-08-11,3,サンヨウイニシャル,5.0,5.0,松井伸也,55.0,,6.0,10.0,門別,JRA認定競走フレッ(新馬)(2歳),,,,,,,,,,,,,,,,,21.5,6.0,,nar,2026-08-11,42.04,42.8,46.8,29.6,40.6,42.0,45.0,履歴少 / サンプル少
202642081103,2026-08-11,3,シュウスイマカロン,11.0,8.0,室陽一朗,54.0,,2.0,7.0,浦和,3歳三,6.0,6.0,浦和,3歳三,4.0,5.0,浦和,3歳四,6.0,9.0,浦和,ランチタイム(3歳),2.0,7.0,浦和,3歳五,7.3,3.0,,nar,2026-08-11,66.84,76.2,68.7,60.5,65.0,67.6,45.0,履歴少 / 人気以上に走る傾向 / 近走上向き / 安定感
202635081103,2026-08-11,3,ストレート,1.0,1.0,阿部英俊,54.0,,3.0,6.0,盛岡,C2二組,4.0,8.0,盛岡,C2一組,10.0,8.0,盛岡,C2一組,7.0,1.0,盛岡,C1五組,7.0,9.0,水沢,C1五組,13.5,5.0,,nar,2026-08-11,59.71,63.0,55.9,55.3,74.0,61.7,45.0,履歴少 / 近走上向き / 市場オッズ妙味
202642081103,2026-08-11,3,タカイチショーヘイ,7.0,6.0,吉留孝司,56.0,,1.0,1.0,浦和,浦和競馬×netke(3歳),2.0,1.0,浦和,3歳八,2.0,2.0,浦和,3歳九,,,浦和,3歳六,,,,,2.4,1.0,,nar,2026-08-11,65.71,95.2,47.7,75.1,56.0,52.6,45.0,履歴少 / 安定感
202630081103,2026-08-11,3,タケノクイーン,3.0,3.0,宮内勇樹,55.0,,7.0,11.0,門別,JRA認定競走アタッ(未勝利)(2歳),7.0,11.0,門別,2歳未勝利(未勝利),12.0,10.0,門別,JRA認定競走フレッ(新馬)(2歳),,,,,,,,,47.0,10.0,,nar,2026-08-11,48.77,41.5,66.9,0.0,65.0,62.8,45.0,履歴少 / 人気以上に走る傾向 / 近走上向き / 市場オッズ妙味
202642081103,2026-08-11,3,ダイバマーヤチャン,4.0,4.0,藤江渉,54.0,,3.0,6.0,浦和,3歳二,2.0,7.0,浦和,3歳五,4.0,6.0,浦和,3歳六,6.0,2.0,浦和,3歳四,8.0,10.0,浦和,3歳四,6.0,2.0,,nar,2026-08-11,66.9,76.8,65.2,75.1,62.0,62.8,45.0,履歴少 / 人気以上に走る傾向 / 安定感
202646081103,2026-08-11,3,ダイユウボンバー,2.0,2.0,兼子千央,55.0,,1.0,2.0,金沢,C24,2.0,4.0,金沢,C27,4.0,3.0,金沢,都凪リリーデビュー2(C2),2.0,2.0,金沢,C29,3.0,2.0,金沢,和司☆咲希結婚記念(C2),6.2,3.0,,nar,2026-08-11,70.1,90.4,53.5,100.0,60.5,58.4,45.0,履歴少 / 安定感
202646081103,2026-08-11,3,ダフニス,7.0,7.0,加藤翔馬,57.0,,,,金沢,C14,4.0,4.0,金沢,C16,3.0,3.0,金沢,いのちゃん@36歳年(C1特別),2.0,4.0,金沢,ろこ★お留守番ごめん(C2),8.0,4.0,金沢,Win5愛好へそきり(C2),6.8,5.0,,nar,2026-08-11,59.0,76.9,48.8,59.3,52.0,56.5,45.0,履歴少
202646081103,2026-08-11,3,チョボナイノ,4.0,4.0,松戸政也,55.0,,,,金沢,だいきち不動産設立記(C1),3.0,6.0,金沢,C16,7.0,8.0,金沢,C16,7.0,6.0,金沢,C15,8.0,5.0,金沢,志帆ちゃんお誕生日お(C1),15.8,8.0,,nar,2026-08-11,56.17,62.3,54.9,24.9,76.0,63.8,45.0,履歴少 / 近走上向き / 市場オッズ妙味
202647081103,2026-08-11,3,ツウカイウォリアー,9.0,8.0,細川智史,57.0,,15.0,16.0,3東京6,3歳未勝利,14.0,16.0,3東京4,3歳未勝利,12.0,11.0,3中山2,3歳未勝利,,,,,,,,,6.8,3.0,,nar,2026-08-11,31.74,3.2,55.6,0.0,38.0,60.3,45.0,履歴少
202647081103,2026-08-11,3,トゥレイス,4.0,4.0,塚本征吾,55.0,,15.0,10.0,2福島3,3歳未勝利,16.0,11.0,1福島6,3歳未勝利,11.0,7.0,1中京3,3歳未勝利,9.0,7.0,4新潟2,2歳新馬,,,,,5.9,2.0,,nar,2026-08-11,22.24,10.3,20.0,0.0,32.0,44.6,45.0,履歴少
202635081103,2026-08-11,3,トレベルフィーユ,9.0,8.0,山本聡紀,54.0,,6.0,6.0,盛岡,C2一組,8.0,6.0,盛岡,C2一組,1.0,4.0,盛岡,C2四組,3.0,8.0,盛岡,C2五組,3.0,8.0,水沢,C2五組,23.9,6.0,,nar,2026-08-11,56.95,69.9,59.4,44.7,36.5,63.4,45.0,履歴少 / 市場オッズ妙味
202635081103,2026-08-11,3,ドルチアーリア,7.0,7.0,岩本怜,54.0,,1.0,1.0,盛岡,C2五組,3.0,2.0,盛岡,C2五組,11.0,11.0,名古屋,レサト賞(B),11.0,10.0,名古屋,B3組,11.0,10.0,名古屋,レディス・アストライ(B),9.1,4.0,,nar,2026-08-11,58.98,60.3,46.5,55.3,98.0,57.4,45.0,履歴少 / 近走上向き
202646081103,2026-08-11,3,ナギサノバルコニー,5.0,5.0,柴田勇真,55.0,,7.0,3.0,金沢,楽天競馬で馬券を買お(C1C2),2.0,5.0,金沢,小田島ゴールインカッ(C2),4.0,8.0,金沢,楽天競馬で馬券を買お(C2),2.0,7.0,金沢,楽天競馬で馬券を買お(C2),6.0,6.0,金沢,C22,6.6,4.0,,nar,2026-08-11,58.26,73.4,57.4,59.3,29.0,63.2,45.0,履歴少
202635081103,2026-08-11,3,ノースハマナス,5.0,5.0,高松亮,54.0,,7.0,10.0,盛岡,C1五組,9.0,9.0,盛岡,C1五組,6.0,9.0,盛岡,C1,8.0,10.0,水沢,ポタジェ特別(C1),10.0,9.0,水沢,不動の滝賞(C1),34.6,7.0,,nar,2026-08-11,47.63,45.9,61.9,0.0,57.5,60.9,45.0,履歴少 / 市場オッズ妙味
202635081103,2026-08-11,3,バスターショット,4.0,4.0,高橋悠里,56.0,,4.0,5.0,盛岡,C1五組,3.0,6.0,盛岡,C1五組,6.0,10.0,盛岡,C2一組,1.0,6.0,水沢,C2五組,7.0,8.0,水沢,C2四組,6.8,3.0,,nar,2026-08-11,66.22,75.9,68.7,69.9,51.5,67.3,45.0,履歴少 / 人気以上に走る傾向 / 安定感 / 過小評価傾向
202630081103,2026-08-11,3,バトラーヴァル,7.0,6.0,桑村真明,55.0,,4.0,1.0,門別,2歳牝馬未勝利(未勝利),,,門別,JRA認定競走アタッ(未勝利)(2歳),5.0,1.0,門別,JRA認定競走フレッ(新馬)(2歳),,,,,,,,,2.6,1.0,,nar,2026-08-11,46.15,58.1,32.4,45.6,48.8,44.9,45.0,履歴少 / サンプル少
202642081103,2026-08-11,3,バルカニクス,5.0,5.0,和田譲治,56.0,,8.0,8.0,浦和,浦和競馬公式ファンク(3歳),8.0,8.0,浦和,藤右衛門川特別(3歳),6.0,7.0,浦和,初夏特別(3歳),3.0,7.0,浦和,涙も花束にして賞(3歳),6.0,9.0,船橋,ベストサドル特別(3歳未格),11.6,6.0,,nar,2026-08-11,48.95,54.7,57.6,14.6,36.5,65.6,45.0,履歴少 / 過小評価傾向
202642081103,2026-08-11,3,バルカロール,2.0,2.0,佐野遥久,54.0,,9.0,10.0,浦和,3歳　未格付,7.0,9.0,浦和,3歳　未格付,7.0,12.0,浦和,浦和800ラウンド(3歳),14.0,12.0,川崎,アウラー賞(3歳),12.0,10.0,浦和,3歳二,47.2,11.0,,nar,2026-08-11,43.55,35.4,59.0,0.0,56.0,58.9,45.0,履歴少 / 市場オッズ妙味
202646081103,2026-08-11,3,ピナーカ,9.0,8.0,青柳正義,57.0,,,,金沢,だいきち不動産設立記(C1),6.0,8.0,金沢,いのちゃん@36歳年(C1特別),5.0,6.0,金沢,孝明杯(C1),5.0,5.0,金沢,C15,4.0,5.0,金沢,まめちゃんぴよぴよ記(C1),11.1,7.0,,nar,2026-08-11,56.29,66.3,58.0,44.7,42.0,63.5,45.0,履歴少
202630081103,2026-08-11,3,ピレネー,2.0,2.0,亀井洋司,55.0,,3.0,12.0,門別,2歳牝馬未勝利(未勝利),6.0,7.0,門別,2歳未勝利(未勝利),8.0,7.0,門別,JRA認定競走フレッ(新馬)(2歳),,,,,,,,,21.6,7.0,,nar,2026-08-11,62.85,65.5,76.0,30.4,74.0,66.0,45.0,履歴少 / 人気以上に走る傾向 / 近走上向き / 過小評価傾向
202635081103,2026-08-11,3,フェアリアルギフト,6.0,6.0,山本政聡,54.0,,2.0,2.0,盛岡,C2二組,1.0,1.0,盛岡,C2五組,2.0,2.0,盛岡,C2六組,4.0,4.0,水沢,3歳C1一組,2.0,4.0,盛岡,3歳C1一組,2.2,1.0,,nar,2026-08-11,68.34,91.7,51.4,100.0,51.5,54.7,45.0,履歴少 / 安定感
202630081103,2026-08-11,3,フォーエバーエデン,6.0,6.0,服部茂史,55.0,,10.0,7.0,門別,2歳牝馬未勝利(未勝利),7.0,7.0,門別,JRA認定競走フレッ(新馬)(2歳),,,,,,,,,,,,,60.8,11.0,,nar,2026-08-11,38.05,39.3,39.2,18.0,35.6,47.9,45.0,履歴少 / サンプル少
202646081103,2026-08-11,3,プライムライン,8.0,8.0,中島龍也,57.0,,,,金沢,だいきち不動産設立記(C1),5.0,4.0,金沢,ホップステップぴんみ(C1),11.0,3.0,金沢,C12,2.0,3.0,金沢,C17,4.0,1.0,金沢,C16,5.1,2.0,,nar,2026-08-11,47.84,60.6,29.9,49.8,54.0,48.0,45.0,履歴少
202630081103,2026-08-11,3,ベイビーノンチャン,11.0,8.0,石川倭,55.0,,5.0,7.0,門別,2歳未勝利(未勝利),11.0,1.0,門別,2歳未勝利(未勝利),2.0,2.0,門別,JRA認定競走フレッ(新馬)(2歳),,,,,,,,,2.8,2.0,,nar,2026-08-11,48.13,58.4,32.4,50.2,59.0,45.7,45.0,履歴少
202630081103,2026-08-11,3,ベラジオサクラ,1.0,1.0,岩橋勇二,55.0,,8.0,5.0,門別,2歳牝馬未勝利(未勝利),7.0,4.0,門別,JRA認定競走フレッ(新馬)(2歳),,,,,,,,,,,,,20.4,5.0,,nar,2026-08-11,38.96,44.2,33.9,18.0,42.2,48.0,45.0,履歴少 / サンプル少 / 市場オッズ妙味
202646081103,2026-08-11,3,メイショウメイボク,3.0,3.0,魚住謙心,55.0,,,,金沢,だいきち不動産設立記(C1),10.0,9.0,金沢,ホップステップぴんみ(C1),10.0,5.0,金沢,愛☆日本一のウマ男祝(C1特別),11.0,8.0,金沢,孝明杯(C1),7.0,6.0,金沢,カポ峯生誕記念(C1),40.7,9.0,,nar,2026-08-11,32.84,29.9,32.1,0.0,46.0,48.2,45.0,履歴少 / 市場オッズ妙味
202630081103,2026-08-11,3,ラヴィアール,10.0,8.0,井上俊彦,55.0,,2.0,8.0,門別,2歳牝馬未勝利(未勝利),6.0,7.0,門別,2歳牝馬未勝利(未勝利),3.0,7.0,門別,2歳未勝利(未勝利),6.0,12.0,門別,日高町の地酒「縁」と(未勝利)(2歳),8.0,9.0,門別,JRA認定競走アタッ(未勝利)(2歳),6.8,3.0,,nar,2026-08-11,67.84,72.8,76.9,50.2,72.5,69.9,45.0,履歴少 / 人気以上に走る傾向 / 近走上向き / 過小評価傾向
202647081103,2026-08-11,3,リッジライン,2.0,2.0,東川慎,57.0,,1.0,4.0,笠松,3歳未勝利,7.0,7.0,笠松,瀬戸発☆TORAT2(3歳),5.0,7.0,笠松,3歳未勝利,9.0,5.0,笠松,3歳6組,,,,,49.8,7.0,,nar,2026-08-11,61.56,69.2,55.6,50.2,86.0,57.1,45.0,履歴少 / 近走上向き / 市場オッズ妙味
202642081103,2026-08-11,3,リトルエース,3.0,3.0,杉山海波,51.0,,6.0,7.0,浦和,3歳二,1.0,3.0,浦和,深谷宿賞(3歳),6.0,7.0,浦和,3歳八,9.0,10.0,船橋,3歳七,6.0,9.0,浦和,3歳五,20.1,9.0,,nar,2026-08-11,54.8,66.5,60.2,24.9,47.0,61.5,45.0,履歴少 / 市場オッズ妙味
202630081103,2026-08-11,3,リヴァモアザン,4.0,4.0,藤田凌駕,53.0,,8.0,10.0,門別,2歳未勝利(未勝利),3.0,7.0,門別,JRA認定競走フレッ(新馬)(2歳),,,,,,,,,,,,,8.8,4.0,,nar,2026-08-11,48.61,52.1,56.7,31.7,29.0,61.7,45.0,履歴少 / サンプル少
202646081103,2026-08-11,3,ルルーディ,1.0,1.0,田知弘久,55.0,,,,金沢,C14,9.0,5.0,金沢,ホップステップぴんみ(C1),5.0,5.0,金沢,C13,1.0,1.0,金沢,来週は百万石祭にいき(C2),2.0,2.0,金沢,蜜丸さくもYouTu(C2),10.3,6.0,,nar,2026-08-11,47.54,66.8,40.0,44.7,12.0,56.7,45.0,履歴少
202630081104,2026-08-11,4,アルカナベル,1.0,1.0,藤田凌駕,53.0,,8.0,9.0,門別,3歳以上C4ー3,8.0,6.0,門別,グランシャリオドリー(C4),9.0,9.0,門別,グランシャリオドリー(C4),4.0,9.0,門別,3歳以上C4ー3,10.0,8.0,門別,3歳条件未勝利(未勝利),22.8,7.0,,nar,2026-08-11,45.41,45.4,52.3,14.6,48.5,57.6,45.0,履歴少 / 市場オッズ妙味
202646081104,2026-08-11,4,アンダーレ,6.0,6.0,加藤翔馬,57.0,,,,金沢,だいきち不動産設立記(C1),4.0,3.0,金沢,ホップステップぴんみ(C1),2.0,2.0,金沢,いのちゃん@36歳年(C1特別),2.0,1.0,金沢,祝!比嘉賢二還暦記念(C2特別),10.0,3.0,金沢,りつかちゃん誕生!パ(C1特別),14.9,5.0,,nar,2026-08-11,56.47,76.8,38.8,59.3,54.0,54.2,45.0,履歴少 / 市場オッズ妙味
202642081104,2026-08-11,4,アースメロディ,3.0,3.0,秋元耕成,55.0,,2.0,5.0,浦和,浦和800ラウンド(C2),10.0,4.0,川崎,雷電賞(C2),2.0,3.0,浦和,さいたまスイーツ賞(C2),7.0,6.0,川崎,界雷賞(C2),10.0,5.0,浦和,浦和800ラウンド(C2),15.6,7.0,,nar,2026-08-11,56.25,63.6,42.7,50.2,81.5,56.5,45.0,履歴少 / 近走上向き / 市場オッズ妙味
202646081104,2026-08-11,4,イサムダイヤモンド,10.0,8.0,吉田晃浩,57.0,,6.0,3.0,金沢,C14,2.0,1.0,金沢,秀明くん生まれてきて(C1),5.0,2.0,金沢,まめちゃんぴよぴよ記(C1),1.0,1.0,金沢,えまちゃんが平井にな(C2),1.0,1.0,金沢,C214,15.7,6.0,,nar,2026-08-11,55.48,79.5,37.7,69.6,27.5,57.2,45.0,履歴少 / 安定感 / 市場オッズ妙味
202646081104,2026-08-11,4,エイユーサブリナ,7.0,7.0,柴田勇真,55.0,,,,金沢,だいきち不動産設立記(C1),2.0,3.0,金沢,楽天競馬で馬券を買お(C2),3.0,3.0,金沢,C14,4.0,2.0,金沢,楽天競馬で馬券を買お(C2),4.0,1.0,金沢,楽天競馬で馬券を買お(C2),9.3,2.0,,nar,2026-08-11,62.6,84.0,46.5,69.6,60.0,56.2,45.0,履歴少 / 安定感
202630081104,2026-08-11,4,エウテューモス,5.0,5.0,若杉朝飛,55.0,,5.0,6.0,門別,3歳以上C4ー3,5.0,10.0,門別,グランシャリオドリー(C4),11.0,9.0,門別,3歳以上C4ー3,6.0,7.0,門別,3歳以上C4ー3,5.0,4.0,門別,OnlineMarc(C4),21.3,6.0,,nar,2026-08-11,57.95,57.3,58.4,65.7,60.5,58.9,45.0,履歴少 / 安定感 / 市場オッズ妙味
202630081104,2026-08-11,4,エムティココロ,2.0,2.0,近藤翔月,54.0,,9.0,6.0,門別,3歳以上C4ー3,7.0,6.0,門別,3歳以上C4ー3,5.0,5.0,門別,グランシャリオドリー(C4),,,,,,,,,11.9,4.0,,nar,2026-08-11,41.91,49.7,39.2,19.8,32.0,56.2,45.0,履歴少
202647081104,2026-08-11,4,オセアフェアモント,1.0,1.0,筒井勇介,57.0,,11.0,13.0,2福島2,3歳未勝利,10.0,9.0,1新潟2,3歳未勝利,,,1東京4,3歳未勝利,11.0,6.0,5中山3,2歳未勝利,10.0,7.0,4東京4,2歳新馬,6.6,4.0,,nar,2026-08-11,34.51,23.5,44.1,0.0,46.0,52.3,45.0,履歴少
202635081104,2026-08-11,4,オフクマメ,5.0,5.0,小林凌,54.0,,5.0,6.0,盛岡,3歳C1二組,5.0,4.0,盛岡,22GARAGE賞(3歳C2),11.0,9.0,盛岡,サファイア賞(重賞),5.0,3.0,水沢,3歳C1一組,3.0,2.0,盛岡,3歳C1一組,25.1,6.0,,nar,2026-08-11,55.89,60.2,44.9,80.2,56.0,53.0,45.0,履歴少 / 安定感 / 市場オッズ妙味
202635081104,2026-08-11,4,キタノボストン,4.0,4.0,山本政聡,56.0,,7.0,4.0,盛岡,3歳C1二組,3.0,2.0,盛岡,3歳C1二組,1.0,3.0,水沢,3歳C2二組,6.0,4.0,水沢,3歳C1二組,3.0,7.0,盛岡,3歳C1二組,9.6,4.0,,nar,2026-08-11,54.37,73.9,45.5,55.0,27.5,59.6,45.0,履歴少
202635081104,2026-08-11,4,キララアリエス,7.0,6.0,佐々木志,54.0,,7.0,9.0,盛岡,3歳C1一組,4.0,5.0,盛岡,3歳C1二組,4.0,7.0,盛岡,3歳C1二組,4.0,10.0,水沢,3歳C2一組,8.0,8.0,盛岡,3歳B2二組,35.4,8.0,,nar,2026-08-11,59.36,65.4,66.3,59.3,38.0,64.1,45.0,履歴少 / 人気以上に走る傾向 / 市場オッズ妙味
202635081104,2026-08-11,4,クリエ,1.0,1.0,阿部英俊,56.0,,6.0,8.0,盛岡,3歳C1二組,9.0,9.0,盛岡,3歳C1二組,6.0,11.0,盛岡,3歳C1二組,8.0,8.0,水沢,3歳C2一組,10.0,12.0,水沢,3歳B2三組,106.9,10.0,,nar,2026-08-11,49.0,48.4,62.6,0.0,63.5,59.4,45.0,履歴少
202646081104,2026-08-11,4,クロユキ,2.0,2.0,栗原大河,55.0,,13.0,12.0,2小倉1,3歳以上1勝クラス,11.0,13.0,1福島3,4歳以上1勝クラス,17.0,13.0,1小倉11,4歳以上1勝クラス,16.0,15.0,5中京3,3歳以上1勝クラス,14.0,9.0,3京都3,3歳以上1勝クラス,1.4,1.0,,nar,2026-08-11,29.58,6.2,41.2,0.0,59.0,45.6,45.0,履歴少
202630081104,2026-08-11,4,クワイエットゼロ,7.0,7.0,小川悠汰,52.0,,4.0,2.0,門別,3歳以上C4ー3,3.0,1.0,門別,グランシャリオドリー(C4),8.0,7.0,門別,3歳以上C4ー3,7.0,8.0,門別,推しウマ探せ!おひさ(C4),7.0,8.0,門別,3歳以上C4ー3,4.3,2.0,,nar,2026-08-11,54.98,65.7,42.6,55.3,63.5,54.3,45.0,履歴少
202630081104,2026-08-11,4,グリース,6.0,6.0,落合玄太,55.0,,3.0,5.0,門別,3歳以上C4ー3,9.0,8.0,門別,3歳以上C4ー3,8.0,3.0,門別,3歳以上C4ー3,4.0,2.0,門別,3歳条件未勝利(未勝利),6.0,1.0,門別,3歳以上C4ー3,4.8,3.0,,nar,2026-08-11,52.05,60.5,39.9,45.0,72.5,49.5,45.0,履歴少 / 近走上向き
202642081104,2026-08-11,4,コトリノウタウウタ,8.0,7.0,七夕裕次,55.0,,1.0,1.0,川崎,カマスサワラ賞(C3),5.0,2.0,浦和,C3　選抜馬ア,2.0,2.0,浦和,C2　選抜馬イ,9.0,3.0,船橋,馬い!野菜たがやす倶(C2七),1.0,1.0,浦和,C3　4歳イ,3.7,2.0,,nar,2026-08-11,62.03,81.1,38.6,85.4,69.5,49.7,45.0,履歴少 / 近走上向き / 安定感
202647081104,2026-08-11,4,ゴルトミュンツェ,9.0,8.0,松本一心,55.0,,14.0,13.0,3阪神6,3歳未勝利,14.0,15.0,1京都1,3歳新馬,,,,,,,,,,,,,13.3,7.0,,nar,2026-08-11,36.12,18.0,45.1,18.0,45.5,58.1,45.0,履歴少 / サンプル少 / 市場オッズ妙味
202647081104,2026-08-11,4,シャトーベスト,4.0,4.0,塚本征吾,57.0,,,,笠松,平木覚醒記念(3歳),12.0,15.0,3東京6,3歳未勝利,13.0,14.0,2東京2,3歳未勝利,15.0,14.0,1中山6,3歳未勝利,12.0,12.0,1中山1,3歳未勝利,5.9,3.0,,nar,2026-08-11,35.81,7.2,58.0,0.0,58.0,60.0,45.0,履歴少
202635081104,2026-08-11,4,シャンペトルブーケ,9.0,7.0,高橋悠里,54.0,,1.0,1.0,盛岡,DCあーしゃんず3周(3歳C2),16.0,9.0,1新潟7,3歳未勝利,8.0,13.0,5阪神5,2歳未勝利,14.0,4.0,3福島2,2歳未勝利,7.0,3.0,4中京4,2歳未勝利,2.4,1.0,,nar,2026-08-11,46.25,44.5,31.6,30.4,100.0,43.3,45.0,履歴少 / 近走上向き
202646081104,2026-08-11,4,ジャンボリクイーン,9.0,8.0,青柳正義,55.0,,1.0,3.0,金沢,すずしゅう20歳誕生(C2),4.0,5.0,金沢,C14,8.0,9.0,金沢,今年も能登復興支援シ(C1),12.0,12.0,川崎,C2六　七,10.0,12.0,船橋,ホテルシローで今年も(C2八),10.6,3.0,,nar,2026-08-11,63.16,62.7,58.8,55.3,95.0,63.9,45.0,履歴少 / 近走上向き
202635081104,2026-08-11,4,タイセイパフューム,6.0,6.0,高松亮,54.0,,1.0,5.0,盛岡,3歳C2二組,3.0,4.0,盛岡,DCあーしゃんず3周(3歳C2),4.0,3.0,盛岡,3歳C2二組,3.0,2.0,水沢,3歳C2四組,2.0,3.0,水沢,3歳C2一組,5.1,3.0,,nar,2026-08-11,71.0,88.1,58.6,100.0,62.0,59.5,45.0,履歴少 / 安定感
202642081104,2026-08-11,4,ダイエービルベリー,7.0,6.0,中山遥人,52.0,,1.0,1.0,浦和,ランチタイム(C3),2.0,2.0,浦和,ランチタイム(C3),3.0,2.0,浦和,浦和800ラウンド(C3),1.0,2.0,浦和,浦和800ラウンド(C3),5.0,3.0,浦和,いこっか!くおっか!(C3),9.9,5.0,,nar,2026-08-11,69.14,91.5,48.2,100.0,60.5,58.5,45.0,履歴少 / 安定感
202630081104,2026-08-11,4,ダイメイイースター,8.0,8.0,岩橋勇二,55.0,,2.0,2.0,門別,ほくれん丸賞(C4),4.0,7.0,門別,3歳以上C4ー3,8.0,4.0,門別,3歳以上C4ー3,4.0,5.0,門別,推しウマ探せ!おひさ(C4),3.0,3.0,門別,3歳以上C4ー3,1.7,1.0,,nar,2026-08-11,62.7,75.4,50.7,80.2,66.5,52.3,45.0,履歴少 / 近走上向き / 安定感
202646081104,2026-08-11,4,デルタニュートラル,1.0,1.0,田知弘久,55.0,,8.0,6.0,金沢,七尾祇園祭特別(C1),6.0,6.0,金沢,C12,2.0,2.0,金沢,C16,1.0,1.0,金沢,C24,2.0,1.0,金沢,C27,29.6,9.0,,nar,2026-08-11,50.26,70.6,45.0,44.7,18.5,54.3,45.0,履歴少 / 市場オッズ妙味
202642081104,2026-08-11,4,トーアローダンテ,2.0,2.0,中島良美,51.0,,2.0,5.0,浦和,ランチタイム(C3),10.0,7.0,船橋,C3　選抜馬,10.0,8.0,浦和,越ヶ谷宿特別(C3),6.0,6.0,浦和,サツキツツジ特別(C3),5.0,7.0,浦和,浦和800ラウンド(C3),25.7,8.0,,nar,2026-08-11,55.12,56.3,49.8,40.7,84.5,56.3,45.0,履歴少 / 近走上向き / 市場オッズ妙味
202647081104,2026-08-11,4,ドールズ,8.0,8.0,東川慎,55.0,,18.0,18.0,3京都7,3歳未勝利,18.0,15.0,3京都3,3歳未勝利,14.0,14.0,2阪神4,3歳未勝利,,,,,,,,,5.5,2.0,,nar,2026-08-11,26.95,0.0,43.0,0.0,38.0,54.0,45.0,履歴少
202647081104,2026-08-11,4,ノヴェルピアーチェ,6.0,6.0,加藤聡一,55.0,,14.0,13.0,3東京5,3歳未勝利,15.0,15.0,1福島1,3歳未勝利,,,,,,,,,,,,,7.4,5.0,,nar,2026-08-11,35.63,18.0,43.4,18.0,48.8,54.7,45.0,履歴少 / サンプル少
202635081104,2026-08-11,4,ノーブルガイザー,11.0,8.0,山本聡哉,56.0,,3.0,1.0,盛岡,22GARAGE賞(3歳C2),3.0,4.0,盛岡,3歳C1三組,1.0,2.0,水沢,3歳C2五組,2.0,2.0,水沢,3歳C2二組,6.0,3.0,盛岡,3歳C2三組,3.0,2.0,,nar,2026-08-11,63.89,85.8,46.7,89.7,50.0,52.7,45.0,履歴少 / 安定感
202630081104,2026-08-11,4,ハッコウクィーン,4.0,4.0,井上俊彦,55.0,,8.0,9.0,門別,優駿の里安平町SRK(C4),6.0,8.0,門別,ほくれん丸賞(C4),9.0,8.0,門別,グランシャリオドリー(C4),11.0,11.0,門別,3歳以上C4ー3,9.0,8.0,門別,3歳以上C4ー3,62.3,8.0,,nar,2026-08-11,43.25,42.1,53.5,0.0,54.5,54.1,45.0,履歴少
202647081104,2026-08-11,4,ヒケヤイワフネ,5.0,5.0,大原浩司,57.0,,9.0,8.0,船橋,ナティレイン特別(3歳未格),13.0,15.0,1福島4,3歳未勝利,14.0,16.0,1東京7,3歳新馬,,,,,,,,,34.3,9.0,,nar,2026-08-11,39.85,15.9,55.5,0.0,77.0,59.5,45.0,履歴少 / 近走上向き / 市場オッズ妙味
202642081104,2026-08-11,4,ヒシルリアン,5.0,5.0,岡田大,57.0,,9.0,9.0,船橋,C2四,4.0,11.0,浦和,AIウラワール賞(C2),4.0,11.0,浦和,C2　選抜馬イ,8.0,10.0,川崎,雲神賞(C2),9.0,12.0,浦和,浦和800ラウンド(C2),56.0,9.0,,nar,2026-08-11,56.78,55.0,76.1,44.7,33.5,65.8,45.0,履歴少 / 人気以上に走る傾向 / 過小評価傾向
202635081104,2026-08-11,4,ピッタンヌンムル,10.0,8.0,山本聡紀,54.0,,4.0,5.0,盛岡,3歳C1二組,6.0,3.0,盛岡,3歳C1二組,3.0,3.0,盛岡,3歳C1二組,3.0,2.0,水沢,3歳C2二組,3.0,6.0,水沢,3歳C1二組,16.0,5.0,,nar,2026-08-11,60.68,75.6,48.0,75.1,48.5,61.8,45.0,履歴少 / 安定感 / 市場オッズ妙味
202646081104,2026-08-11,4,ピースマッチング,4.0,4.0,松戸政也,57.0,,9.0,11.0,園田,小野ひまわり特別B1,7.0,7.0,園田,兵庫馬事畜産特別B1,8.0,11.0,園田,JーPLACEよかわ(B1),9.0,10.0,園田,B1,6.0,8.0,園田,B1,13.6,4.0,,nar,2026-08-11,45.65,44.0,60.9,0.0,41.0,66.3,45.0,履歴少 / 過小評価傾向 / 市場オッズ妙味
202647081104,2026-08-11,4,フォセットジェンヌ,2.0,2.0,馬渕繁治,55.0,,11.0,15.0,2福島1,3歳未勝利,12.0,14.0,1東京5,3歳未勝利,17.0,17.0,4東京5,2歳新馬,,,,,,,,,9.7,6.0,,nar,2026-08-11,41.5,12.1,66.0,0.0,71.0,66.2,45.0,履歴少 / 人気以上に走る傾向 / 近走上向き / 過小評価傾向
202646081104,2026-08-11,4,フォーユーランラン,3.0,3.0,魚住謙心,55.0,,,,金沢,だいきち不動産設立記(C1),7.0,8.0,金沢,ホップステップぴんみ(C1),6.0,8.0,金沢,愛☆日本一のウマ男祝(C1特別),8.0,8.0,金沢,C14,8.0,8.0,金沢,C13,214.0,10.0,,nar,2026-08-11,46.52,51.4,56.5,0.0,52.0,55.9,45.0,履歴少
202647081104,2026-08-11,4,ブッチギレ,7.0,7.0,望月洵輝,57.0,,16.0,14.0,1函館6,3歳未勝利,14.0,10.0,2東京12,3歳未勝利,8.0,8.0,3中山4,3歳未勝利,12.0,9.0,2中山8,3歳未勝利,8.0,7.0,5東京6,2歳未勝利,2.8,1.0,,nar,2026-08-11,25.84,15.0,35.0,0.0,17.0,47.9,45.0,履歴少
202635081104,2026-08-11,4,ブブチャンプ,8.0,7.0,鈴木祐,54.0,,10.0,9.0,盛岡,3歳C1二組,10.0,4.0,盛岡,3歳B2三組,7.0,3.0,水沢,3歳B2三組,6.0,4.0,水沢,3歳B2二組,2.0,4.0,水沢,2歳,178.2,11.0,,nar,2026-08-11,35.36,44.0,31.3,10.3,27.5,46.4,45.0,履歴少
202642081104,2026-08-11,4,ブリテン,10.0,8.0,古岡勇樹,57.0,,2.0,2.0,川崎,雷鳴賞(C2),4.0,1.0,浦和,特選(C3),1.0,1.0,川崎,トビウオ賞(C3),8.0,3.0,川崎,C2五　六七(C2六),2.0,3.0,川崎,C2九,4.7,3.0,,nar,2026-08-11,62.11,82.6,40.4,85.4,60.5,52.0,45.0,履歴少 / 安定感
202646081104,2026-08-11,4,ブレードダンシング,5.0,5.0,浅野登生,54.0,,7.0,5.0,金沢,お家でネット投票!楽(C1),1.0,4.0,金沢,C24,6.0,5.0,金沢,小川雅士さんお誕生日(C2),4.0,4.0,金沢,幻のいちじく黒蜜姫杯(C2),3.0,5.0,金沢,スマホで投票!楽天競(C2),28.1,7.0,,nar,2026-08-11,54.53,72.4,51.0,49.8,29.0,57.6,45.0,履歴少 / 市場オッズ妙味
202646081104,2026-08-11,4,プレストバローズ,8.0,7.0,中島龍也,57.0,,,,金沢,だいきち不動産設立記(C1),8.0,3.0,金沢,C14,8.0,8.0,金沢,C12,1.0,8.0,金沢,幻のいちじく黒蜜姫杯(C2),5.0,7.0,金沢,来週は百万石祭にいき(C2),29.5,8.0,,nar,2026-08-11,47.99,59.3,49.8,24.9,30.0,59.5,45.0,履歴少 / 市場オッズ妙味
202635081104,2026-08-11,4,ボグラーモデル,3.0,3.0,村上忍,56.0,,8.0,7.0,盛岡,3歳C1二組,7.0,8.0,盛岡,3歳C1二組,8.0,8.0,盛岡,3歳C1一組,9.0,7.0,水沢,3歳C1二組,12.0,4.0,水沢,3歳B2三組,26.6,7.0,,nar,2026-08-11,39.85,41.5,41.8,0.0,56.0,49.8,45.0,履歴少 / 市場オッズ妙味
202642081104,2026-08-11,4,ポアゾンシーザー,9.0,7.0,山中悠希,57.0,,1.0,1.0,浦和,C3　選抜馬ア,16.0,14.0,5中京1,3歳以上1勝クラス,16.0,13.0,3福島4,3歳以上1勝クラス,1.0,1.0,門別,JRA認定競走フレッ(新馬)(2歳),,,,,3.1,1.0,,nar,2026-08-11,53.01,50.2,41.5,45.0,100.0,50.8,45.0,履歴少 / 近走上向き
202647081104,2026-08-11,4,マウンテンドーター,3.0,3.0,細川智史,55.0,,14.0,14.0,2東京10,3歳1勝クラス,15.0,16.0,2東京7,3歳未勝利,15.0,14.0,2東京4,3歳未勝利,,,,,,,,,24.0,8.0,,nar,2026-08-11,31.22,0.0,50.5,0.0,56.0,56.3,45.0,履歴少 / 市場オッズ妙味
202642081104,2026-08-11,4,マカンコーサッポー,6.0,6.0,西啓太,55.0,,3.0,2.0,浦和,ランチタイム(C3),7.0,7.0,浦和,C2　選抜馬イ,10.0,8.0,船橋,馬い!熊本菊池水田ご(C2),11.0,3.0,浦和,浦和800ラウンド(C2),2.0,3.0,浦和,浦和800ラウンド(C3),14.9,6.0,,nar,2026-08-11,51.17,56.4,37.7,40.7,77.0,55.0,45.0,履歴少 / 近走上向き / 市場オッズ妙味
202630081104,2026-08-11,4,マジカルウィーク,3.0,3.0,黒澤愛斗,57.0,,5.0,9.0,門別,3歳以上C4ー3,8.0,9.0,門別,3歳以上C4ー3,8.0,7.0,門別,グランシャリオドリー(C4),6.0,8.0,門別,3歳以上C4ー3,10.0,8.0,門別,3歳以上C4ー3,20.8,5.0,,nar,2026-08-11,53.38,52.0,59.5,30.4,68.0,58.9,45.0,履歴少 / 近走上向き / 市場オッズ妙味
202642081104,2026-08-11,4,モンテジュエル,11.0,8.0,木間塚龍,55.0,,4.0,4.0,川崎,紫電賞(C2),2.0,4.0,浦和,C3　選抜馬ア,4.0,9.0,船橋,アヤメスプリント(C2),1.0,1.0,川崎,ハヤブサ賞(C3),9.0,5.0,船橋,ムササビダッシュ(C2C3),7.2,4.0,,nar,2026-08-11,65.73,79.4,57.5,89.7,50.0,60.4,45.0,履歴少 / 安定感
202642081104,2026-08-11,4,モーイーワヒネ,1.0,1.0,半澤慶実,53.0,,9.0,10.0,浦和,C3　選抜馬ア,11.0,10.0,浦和,C2六,2.0,7.0,船橋,パイライトダッシュ(C3),10.0,7.0,浦和,特選(C3),6.0,4.0,浦和,浦和800ラウンド(C3),99.9,10.0,,nar,2026-08-11,44.2,44.4,52.8,19.8,39.5,53.5,45.0,履歴少
202635081104,2026-08-11,4,ラヴレインブーケ,2.0,2.0,大坪慎,54.0,,9.0,10.0,盛岡,3歳C1二組,8.0,7.0,盛岡,3歳C1二組,7.0,9.0,盛岡,3歳C1一組,2.0,9.0,水沢,3歳C2一組,5.0,10.0,盛岡,3歳B2二組,72.4,9.0,,nar,2026-08-11,49.81,52.6,63.9,24.9,29.0,62.6,45.0,履歴少
202642081104,2026-08-11,4,リバーフロント,4.0,4.0,櫻井光輔,53.0,,10.0,9.0,浦和,C3　選抜馬ア,10.0,8.0,浦和,C2　選抜馬イ,5.0,9.0,浦和,浦和800ラウンド(C2),8.0,10.0,浦和,さいたまスイーツ賞(C2),11.0,12.0,川崎,春雷賞(C2),138.4,11.0,,nar,2026-08-11,42.76,37.4,52.7,19.8,41.0,56.1,45.0,履歴少
202635081105,2026-08-11,5,アイビーキラリ,4.0,4.0,鈴木祐,54.0,,10.0,3.0,盛岡,3歳C1一組,2.0,2.0,盛岡,3歳C1二組,3.0,1.0,水沢,3歳C2一組,2.0,2.0,水沢,3歳C1一組,2.0,2.0,盛岡,3歳C1二組,7.5,4.0,,nar,2026-08-11,48.29,71.0,32.3,69.6,3.5,52.7,45.0,履歴少 / 安定感
202647081105,2026-08-11,5,アイベット,1.0,1.0,東川慎,55.0,,7.0,7.0,笠松,加織・文行結婚記念(C),7.0,7.0,笠松,ここ!笠松!AZKi(C),5.0,9.0,笠松,C10組,8.0,9.0,笠松,C10組,9.0,9.0,笠松,C級サバイバル,97.9,8.0,,nar,2026-08-11,49.22,52.3,56.6,19.8,51.5,56.8,45.0,履歴少
202642081105,2026-08-11,5,アストラルフレア,1.0,1.0,及川烈,56.0,,6.0,1.0,浦和,C2六,4.0,4.0,浦和,農業王国ふかや賞(C2),1.0,1.0,浦和,特選(C3),1.0,1.0,船橋,舞浜賞(C3),1.0,3.0,浦和,C3　4歳エ,3.2,2.0,,nar,2026-08-11,55.93,81.9,40.8,69.6,24.5,53.0,45.0,履歴少 / 安定感
202630081105,2026-08-11,5,アースミラーレ,5.0,5.0,若杉朝飛,57.0,,11.0,12.0,門別,3歳以上C4ー3,11.0,11.0,門別,3歳以上C4ー3,10.0,12.0,門別,グランシャリオドリー(C4),12.0,10.0,門別,3歳以上C4ー3,7.0,8.0,門別,3歳以上C4ー3,166.6,10.0,,nar,2026-08-11,36.95,23.7,53.6,0.0,44.0,54.8,45.0,履歴少
202642081105,2026-08-11,5,イーオレイ,3.0,3.0,仲野光馬,56.0,,7.0,9.0,船橋,C2二　三,8.0,10.0,浦和,C2六,9.0,9.0,船橋,C2二　三,12.0,10.0,船橋,C2二　三,10.0,8.0,船橋,馬い!実況ありがとう(C2三),48.4,8.0,,nar,2026-08-11,44.17,38.5,54.3,0.0,66.5,56.3,45.0,履歴少 / 近走上向き / 市場オッズ妙味
202646081105,2026-08-11,5,イーベンホルツ,5.0,5.0,平瀬城久,57.0,,8.0,8.0,金沢,お家でネット投票!楽(C1),5.0,9.0,金沢,C14,5.0,6.0,金沢,いのちゃん@36歳年(C1特別),4.0,9.0,金沢,孝明杯(C1),6.0,7.0,金沢,C15,64.5,11.0,,nar,2026-08-11,56.44,61.0,64.2,59.3,32.0,60.6,45.0,履歴少
202647081105,2026-08-11,5,ウィアザピープル,6.0,6.0,森島貴之,55.0,,7.0,8.0,笠松,C級セレクション,5.0,8.0,笠松,ここ!笠松!AZKi(C),8.0,7.0,笠松,C級サバイバル,4.0,7.0,笠松,C13組,4.0,10.0,笠松,第1回結婚記念杯(C),71.9,6.0,,nar,2026-08-11,55.92,60.4,63.4,49.8,39.5,61.3,45.0,履歴少
202635081105,2026-08-11,5,ウチュウノハナ,9.0,7.0,南郷家全,54.0,,11.0,8.0,盛岡,3歳C1一組,6.0,1.0,盛岡,3歳C1一組,2.0,5.0,盛岡,3歳C1一組,5.0,4.0,水沢,3歳C2一組,11.0,2.0,水沢,3歳B2三組,12.5,7.0,,nar,2026-08-11,40.06,51.2,31.5,34.3,20.0,51.0,45.0,履歴少 / 市場オッズ妙味
202635081105,2026-08-11,5,エイシンシームレス,1.0,1.0,関本玲花,52.0,,9.0,11.0,大井,3歳八　九十(3歳九),,,大井,3歳七　八,13.0,13.0,大井,3歳七　八九(3歳八),11.0,16.0,大井,3歳六　七八(3歳七),14.0,12.0,大井,3歳九　十11(3歳十),75.0,10.0,,nar,2026-08-11,41.19,19.5,60.5,0.0,72.0,57.6,45.0,履歴少 / 近走上向き
202642081105,2026-08-11,5,エムリエール,2.0,2.0,山本大翔,54.0,,4.0,9.0,浦和,C2六,11.0,8.0,船橋,2026Jockey(C2),10.0,11.0,浦和,両神山特別(C1C2),7.0,8.0,浦和,浦和800ラウンド(C2),8.0,6.0,川崎,雷電賞(C2),27.0,7.0,,nar,2026-08-11,52.15,45.8,56.4,30.4,80.0,57.6,45.0,履歴少 / 近走上向き / 市場オッズ妙味
202630081105,2026-08-11,5,エンゲル,6.0,6.0,石川倭,55.0,,3.0,4.0,門別,3歳以上C4ー3,10.0,7.0,門別,3歳以上C4ー3,9.0,3.0,門別,浦臼町で新規就農しま(C4),8.0,6.0,門別,3歳以上C4ー3,9.0,7.0,門別,3歳以上C4ー3,5.0,3.0,,nar,2026-08-11,47.69,49.8,35.1,30.4,86.0,49.0,45.0,履歴少 / 近走上向き
202647081105,2026-08-11,5,ガケップチー,2.0,2.0,松本一心,55.0,,6.0,6.0,笠松,加織・文行結婚記念(C),6.0,8.0,笠松,C級未勝利,11.0,8.0,笠松,浪江祐次お誕生日記念(C),8.0,2.0,笠松,C級セレクション,3.0,4.0,笠松,好きです笠松競馬(C),81.3,7.0,,nar,2026-08-11,44.58,52.2,43.9,10.3,56.0,49.6,45.0,履歴少
202630081105,2026-08-11,5,キタノシュナイダー,7.0,6.0,黒澤愛斗,55.0,,9.0,7.0,門別,3歳以上C4ー3,10.0,9.0,門別,グランシャリオドリー(C4),12.0,11.0,門別,グランシャリオドリー(C4),12.0,8.0,門別,3歳以上C4ー3,11.0,10.0,門別,3歳以上C4ー3,184.1,11.0,,nar,2026-08-11,34.62,24.1,37.8,0.0,63.5,47.7,45.0,履歴少
202646081105,2026-08-11,5,ギンザターゲット,8.0,7.0,鈴木太一,55.0,,9.0,5.0,金沢,能登復興支援高爪山賞(B2),4.0,10.0,金沢,C13,4.0,8.0,金沢,ダッシュダッシュいの(C1特別),7.0,7.0,金沢,C14,7.0,7.0,金沢,C13,50.2,10.0,,nar,2026-08-11,51.38,57.9,57.5,44.7,29.0,57.4,45.0,履歴少
202635081105,2026-08-11,5,クラージュクリール,6.0,6.0,阿部英俊,56.0,,6.0,11.0,盛岡,3歳C1一組,5.0,5.0,盛岡,3歳C1一組,4.0,10.0,盛岡,3歳C1一組,6.0,9.0,水沢,3歳C1二組,9.0,9.0,水沢,3歳B2三組,15.1,8.0,,nar,2026-08-11,60.88,62.7,72.0,44.7,50.0,72.8,45.0,履歴少 / 人気以上に走る傾向 / 過小評価傾向 / 市場オッズ妙味
202642081105,2026-08-11,5,クーリッジテソーロ,4.0,4.0,野畑凌,56.0,,1.0,6.0,浦和,鴻巣宿賞(C2),8.0,5.0,浦和,幸手権現堂桜堤賞(C2),7.0,3.0,浦和,C2七　八,2.0,4.0,浦和,お年玉特別(C3),9.0,4.0,浦和,市制施行71周年!東(C2),2.5,1.0,,nar,2026-08-11,57.8,68.8,48.3,45.0,83.0,50.6,45.0,履歴少 / 近走上向き
202642081105,2026-08-11,5,コットンフラワー,5.0,5.0,増田充宏,54.0,,5.0,6.0,浦和,C2六,9.0,4.0,川崎,C2三　四,4.0,3.0,川崎,C2五　六,4.0,2.0,川崎,C2四　五,4.0,1.0,川崎,双六賞(C2),11.5,5.0,,nar,2026-08-11,54.12,63.6,37.8,75.1,51.5,53.9,45.0,履歴少 / 安定感
202647081105,2026-08-11,5,シャトーホークビル,3.0,3.0,塚本征吾,57.0,,1.0,1.0,笠松,音有お誕生日おめでと(C),13.0,14.0,3東京1,障害3歳以上未勝利,11.0,12.0,1新潟4,障害4歳以上未勝利,18.0,18.0,4新潟2,3歳以上1勝クラス,14.0,16.0,2福島1,3歳未勝利,1.1,1.0,,nar,2026-08-11,50.56,35.3,54.6,30.4,100.0,53.0,45.0,履歴少 / 近走上向き
202635081105,2026-08-11,5,シュガーストーン,8.0,7.0,高松亮,56.0,,2.0,2.0,盛岡,3歳C1一組,11.0,2.0,盛岡,3歳C1一組,2.0,7.0,水沢,3歳B2三組,5.0,3.0,水沢,3歳B2二組,1.0,3.0,水沢,2歳,5.2,3.0,,nar,2026-08-11,58.84,71.4,40.6,75.1,66.5,54.4,45.0,履歴少 / 近走上向き / 安定感
202635081105,2026-08-11,5,シーキングザバース,11.0,8.0,高橋悠里,54.0,,8.0,9.0,大井,3歳四　五,10.0,11.0,大井,3歳一　二三(3歳二),13.0,13.0,大井,3歳四　五六(3歳五),12.0,12.0,大井,3歳一　二三(3歳二),11.0,7.0,大井,3歳四　五,11.0,6.0,,nar,2026-08-11,40.49,25.0,51.0,0.0,71.0,58.9,45.0,履歴少 / 近走上向き
202647081105,2026-08-11,5,ジーティーオウカ,5.0,5.0,深澤杏花,53.0,,3.0,3.0,笠松,ここ!笠松!AZKi(C),4.0,4.0,笠松,好きです笠松競馬(C),4.0,5.0,笠松,好きです笠松競馬(C),5.0,7.0,笠松,C16組,5.0,2.0,笠松,C級サバイバル,12.0,3.0,,nar,2026-08-11,65.76,76.4,51.3,100.0,59.0,60.6,45.0,履歴少 / 安定感 / 市場オッズ妙味
202630081105,2026-08-11,5,スグレタモノガイナ,3.0,3.0,小川悠汰,54.0,,5.0,4.0,門別,ほくれん丸賞(C4),5.0,7.0,門別,グランシャリオドリー(C4),7.0,3.0,門別,3歳以上C4ー3,10.0,5.0,門別,ゲッケイジュ特別(C4),7.0,5.0,門別,3歳以上C4ー3,10.4,6.0,,nar,2026-08-11,51.73,57.3,39.3,55.3,63.5,53.5,45.0,履歴少
202647081105,2026-08-11,5,スマートアシェル,8.0,8.0,井口裕貴,54.0,,3.0,3.0,笠松,C級未勝利,4.0,6.0,笠松,C級未勝利,4.0,4.0,笠松,C級サバイバル,4.0,7.0,笠松,C級未勝利,7.0,8.0,笠松,ぐんさん誕生日おめで(C),14.5,4.0,,nar,2026-08-11,66.67,76.0,57.3,89.7,60.5,65.3,45.0,履歴少 / 安定感 / 過小評価傾向 / 市場オッズ妙味
202646081105,2026-08-11,5,スマートサターン,7.0,6.0,中島龍也,57.0,,3.0,2.0,金沢,楽天競馬で馬券を買お(C1C2),6.0,3.0,金沢,七尾祇園祭特別(C1),12.0,3.0,園田,潤和ダッシュC2二,5.0,7.0,園田,後川奥スプリントC2,4.0,3.0,園田,C2二,5.9,2.0,,nar,2026-08-11,51.34,60.6,31.5,55.3,72.5,49.8,45.0,履歴少 / 近走上向き
202630081105,2026-08-11,5,トムワールド,1.0,1.0,井上俊彦,57.0,,6.0,6.0,門別,3歳以上C4ー3,6.0,8.0,門別,3歳以上C4ー3,6.0,3.0,門別,グランシャリオドリー(C4),3.0,9.0,門別,3歳以上C4ー3,5.0,6.0,門別,グランシャリオドリー(C4),20.4,7.0,,nar,2026-08-11,52.7,64.3,56.2,24.9,44.0,60.2,45.0,履歴少 / 市場オッズ妙味
202630081105,2026-08-11,5,トモニミルホープ,11.0,8.0,坂下秀樹,55.0,,5.0,9.0,門別,3歳以上C4ー3,11.0,11.0,門別,3歳以上C4ー3,10.0,11.0,門別,推しウマ探せ!おひさ(C4),7.0,7.0,門別,3歳条件未勝利(未勝利),11.0,11.0,門別,3歳条件未勝利(未勝利),41.8,8.0,,nar,2026-08-11,51.71,40.8,59.9,30.4,78.5,59.5,45.0,履歴少 / 近走上向き / 市場オッズ妙味
202630081105,2026-08-11,5,ドクターアキヨシ,8.0,7.0,渡辺準己,54.0,,7.0,5.0,門別,3歳以上C4ー3,,,,,,,,,,,,,,,,,4.5,2.0,,nar,2026-08-11,38.83,41.1,37.6,29.6,40.6,38.4,45.0,履歴少 / サンプル少
202646081105,2026-08-11,5,ナイトアウェイ,4.0,4.0,青柳正義,57.0,,5.0,9.0,金沢,楽天競馬で馬券を買お(C1C2),3.0,1.0,金沢,ホップステップぴんみ(C1),4.0,7.0,金沢,C12,3.0,3.0,金沢,C16,3.0,2.0,金沢,C17,8.1,4.0,,nar,2026-08-11,65.59,77.6,58.4,100.0,39.5,61.5,45.0,履歴少 / 安定感
202635081105,2026-08-11,5,ナダッコ,2.0,2.0,菅原辰徳,56.0,,3.0,5.0,盛岡,3歳C1一組,3.0,3.0,盛岡,3歳C1一組,8.0,4.0,水沢,3歳C1二組,4.0,1.0,水沢,3歳B2三組,4.0,5.0,名古屋,メイドリーム戦(3歳),4.9,2.0,,nar,2026-08-11,60.85,74.1,46.4,80.2,60.5,54.2,45.0,履歴少 / 安定感
202642081105,2026-08-11,5,ニシノウール,9.0,8.0,国分祐仁,56.0,,11.0,12.0,浦和,C2六,7.0,8.0,浦和,C2三　四,9.0,10.0,浦和,C2三　四,9.0,11.0,川崎,C2三　四,11.0,11.0,浦和,C2三　四,146.7,9.0,,nar,2026-08-11,40.13,33.5,57.3,0.0,38.0,56.8,45.0,履歴少
202642081105,2026-08-11,5,ニシノリピート,7.0,7.0,吉留孝司,54.0,,2.0,8.0,浦和,C2六,4.0,6.0,浦和,C2五　六,4.0,10.0,浦和,C2五　六,7.0,11.0,浦和,C2五,4.0,7.0,浦和,浦和ジョッキーズファ(C2),5.9,3.0,,nar,2026-08-11,73.75,77.4,80.8,85.4,66.5,71.2,45.0,履歴少 / 人気以上に走る傾向 / 近走上向き / 安定感
202646081105,2026-08-11,5,ネモフィラ,1.0,1.0,栗原大河,55.0,,9.0,6.0,金沢,お家でネット投票!楽(C1),1.0,1.0,金沢,C22,2.0,5.0,金沢,C24,4.0,9.0,金沢,スマホで投票!楽天競(C2),7.0,7.0,金沢,C24,23.7,7.0,,nar,2026-08-11,54.42,70.5,52.9,59.3,17.0,59.5,45.0,履歴少 / 市場オッズ妙味
202630081105,2026-08-11,5,ハタノイチバンボシ,9.0,7.0,吉本隆記,57.0,,7.0,6.0,門別,平取中応援ファンファ(C4),10.0,10.0,門別,3歳以上C4ー3,12.0,11.0,門別,グランシャリオドリー(C4),11.0,11.0,門別,浦臼町で新規就農しま(C4),10.0,11.0,門別,3歳以上C4ー3,124.7,9.0,,nar,2026-08-11,40.6,31.0,47.2,0.0,72.5,52.9,45.0,履歴少 / 近走上向き
202630081105,2026-08-11,5,ハチキン,4.0,4.0,桑村真明,55.0,,3.0,3.0,門別,DOスカイオンデマン(C4),4.0,5.0,門別,3歳条件未勝利(未勝利),5.0,2.0,門別,3歳条件未勝利(未勝利),5.0,5.0,門別,2歳未勝利(未勝利),5.0,5.0,門別,2歳未勝利(未勝利),3.9,1.0,,nar,2026-08-11,63.77,74.9,47.6,100.0,60.5,54.5,45.0,履歴少 / 安定感
202635081105,2026-08-11,5,バオシェテンシ,10.0,8.0,村上忍,54.0,,8.0,8.0,盛岡,サファイア賞(重賞),9.0,6.0,水沢,東北優駿(重賞),1.0,1.0,盛岡,3歳C1一組,1.0,1.0,盛岡,3歳C2一組,7.0,14.0,3中山5,3歳未勝利,3.3,1.0,,nar,2026-08-11,49.51,62.1,49.8,34.3,29.0,57.7,45.0,履歴少
202646081105,2026-08-11,5,ファーストフラワー,3.0,3.0,井上瑛太,55.0,,3.0,2.0,金沢,お家でネット投票!楽(C1),1.0,1.0,金沢,小川雅士さんお誕生日(C2),1.0,1.0,金沢,道嵩くん華奈ちゃん結(C2),1.0,1.0,金沢,第1回江崎記念(C2),11.0,9.0,大井,C2七　八九(C2八),1.7,1.0,,nar,2026-08-11,64.13,86.9,46.4,89.7,53.0,50.3,45.0,履歴少 / 安定感
202646081105,2026-08-11,5,ブラックサウザー,2.0,2.0,吉田晃浩,57.0,,11.0,4.0,金沢,お家でネット投票!楽(C1),8.0,8.0,園田,DASH観音寺特別A(A2B1),12.0,11.0,園田,アサヒスーパードライ(A1A2),9.0,9.0,園田,新茶特別A2,7.0,7.0,園田,A2B1,8.0,3.0,,nar,2026-08-11,33.08,30.0,33.7,0.0,38.0,53.7,45.0,履歴少
202647081105,2026-08-11,5,プリティパンク,4.0,4.0,望月洵輝,55.0,,3.0,1.0,笠松,加織・文行結婚記念(C),3.0,2.0,笠松,C級未勝利,3.0,4.0,笠松,C級未勝利,5.0,3.0,笠松,ユイナちゃん誕生日記(C),5.0,3.0,笠松,C16組,8.6,2.0,,nar,2026-08-11,63.41,80.0,41.9,100.0,56.0,55.3,45.0,履歴少 / 安定感
202642081105,2026-08-11,5,プリンセスサクラ,6.0,6.0,秋元耕成,54.0,,6.0,11.0,浦和,C2五,8.0,5.0,浦和,農業王国ふかや賞(C2),8.0,4.0,浦和,C2三　四,12.0,1.0,浦和,浦和ジョッキーズファ(C2),3.0,3.0,浦和,歴史に、夢の蹄跡を賞(C2),14.4,6.0,,nar,2026-08-11,43.21,48.3,38.6,10.3,60.5,52.9,45.0,履歴少 / 市場オッズ妙味
202646081105,2026-08-11,5,ベストイズアスク,10.0,8.0,兼子千央,55.0,,4.0,10.0,金沢,お家でネット投票!楽(C1),9.0,10.0,金沢,C14,7.0,11.0,金沢,いのちゃん@36歳年(C1特別),7.0,9.0,金沢,C13,4.0,5.0,金沢,カポ峯生誕記念(C1),45.7,9.0,,nar,2026-08-11,60.18,57.8,72.8,40.7,66.5,65.4,45.0,履歴少 / 人気以上に走る傾向 / 近走上向き / 過小評価傾向
202646081105,2026-08-11,5,ペダンクルアーチ,11.0,8.0,沖静男,57.0,,11.0,10.0,金沢,能登復興支援高爪山賞(B2),5.0,8.0,金沢,C13,5.0,4.0,金沢,ダッシュダッシュいの(C1特別),10.0,5.0,金沢,C13,3.0,3.0,金沢,カポ峯生誕記念(C1),35.8,8.0,,nar,2026-08-11,45.81,49.2,46.6,55.0,18.5,53.7,45.0,履歴少 / 市場オッズ妙味
202647081105,2026-08-11,5,ペッシュプラット,7.0,7.0,細川智史,55.0,,8.0,4.0,笠松,C級セレクション,8.0,4.0,笠松,ここ!笠松!AZKi(C),9.0,1.0,笠松,和葉ちゃん4才おめで(C),3.0,5.0,笠松,第1回結婚記念杯(C),5.0,3.0,笠松,好きです笠松競馬(C),51.6,5.0,,nar,2026-08-11,38.24,50.7,24.0,24.9,39.5,43.1,45.0,履歴少
202635081105,2026-08-11,5,ポルテボヌール,7.0,6.0,佐々木志,54.0,,8.0,8.0,盛岡,3歳C1一組,10.0,11.0,盛岡,3歳C1一組,12.0,10.0,水沢,3歳C1二組,10.0,12.0,盛岡,3歳B2一組,9.0,9.0,盛岡,3歳B2二組,96.2,11.0,,nar,2026-08-11,40.49,30.5,51.0,0.0,63.5,54.1,45.0,履歴少
202635081105,2026-08-11,5,マムティタイム,5.0,5.0,塚本涼人,54.0,,7.0,5.0,盛岡,3歳,4.0,6.0,盛岡,3歳C1一組,6.0,7.0,盛岡,3歳C1一組,4.0,8.0,水沢,3歳C1二組,6.0,11.0,水沢,3歳B2三組,18.2,9.0,,nar,2026-08-11,55.56,63.9,58.3,39.5,38.0,70.5,45.0,履歴少 / 過小評価傾向 / 市場オッズ妙味
202646081105,2026-08-11,5,ミテクレコノアシ,6.0,6.0,松戸政也,57.0,,2.0,6.0,金沢,C15,5.0,1.0,金沢,☆ひなの&はるかお誕(C2特別),4.0,7.0,金沢,愛☆日本一のウマ男祝(C1特別),8.0,9.0,金沢,C17,8.0,6.0,金沢,C17,18.6,5.0,,nar,2026-08-11,64.58,70.9,55.3,75.1,75.5,63.5,45.0,履歴少 / 近走上向き / 安定感 / 市場オッズ妙味
202635081105,2026-08-11,5,ヤマショウセブン,3.0,3.0,大坪慎,54.0,,8.0,7.0,盛岡,3歳C1一組,3.0,3.0,盛岡,3歳C1一組,5.0,6.0,盛岡,3歳C1一組,7.0,6.0,水沢,3歳C1二組,8.0,8.0,水沢,3歳B2三組,9.3,5.0,,nar,2026-08-11,50.82,59.9,48.2,44.7,36.5,58.8,45.0,履歴少
202630081105,2026-08-11,5,ヤマトノカゼ,2.0,2.0,小野楓馬,57.0,,4.0,3.0,門別,ほくれん丸賞(C4),5.0,4.0,門別,3歳以上C4ー3,6.0,2.0,門別,グランシャリオドリー(C4),,,,,,,,,5.4,5.0,,nar,2026-08-11,53.66,69.1,37.5,55.3,59.0,50.7,45.0,履歴少
202630081105,2026-08-11,5,ライプトラオム,10.0,8.0,服部茂史,57.0,,2.0,3.0,門別,3歳以上C4ー3,5.0,7.0,門別,3歳以上C4ー3,4.0,5.0,門別,3歳以上C4ー3,4.0,5.0,門別,日高沙流川オートキャ(C4),5.0,5.0,門別,3歳以上C4ー3,5.0,4.0,,nar,2026-08-11,68.49,78.0,58.0,100.0,65.0,60.1,45.0,履歴少 / 近走上向き / 安定感
202646081105,2026-08-11,5,リアンジュ,9.0,7.0,柴田勇真,57.0,,6.0,9.0,金沢,お家でネット投票!楽(C1),7.0,5.0,金沢,C14,11.0,10.0,金沢,白山手取川ジオパーク(C1),2.0,3.0,金沢,孝明杯(C1),4.0,4.0,金沢,秀明くん生まれてきて(C1),19.9,6.0,,nar,2026-08-11,50.7,56.4,52.5,24.9,50.0,62.9,45.0,履歴少 / 市場オッズ妙味
202642081105,2026-08-11,5,ロワゾブルーチヌ,8.0,8.0,本橋孝太,56.0,,3.0,8.0,浦和,美里ブルーベリー賞(C2),5.0,6.0,浦和,C2五　六,8.0,7.0,船橋,C2四　五六　ア(C2五),2.0,7.0,浦和,C2七　八,7.0,7.0,浦和,いいじゃん!さいたま(C2),6.5,4.0,,nar,2026-08-11,65.17,70.0,66.1,69.9,65.0,64.5,45.0,履歴少 / 人気以上に走る傾向 / 近走上向き / 安定感
202630081106,2026-08-11,6,アーススカイ,3.0,3.0,石川倭,57.0,,10.0,12.0,門別,ホクレン「くるるの杜(C4),8.0,8.0,門別,3歳以上C4ー3,7.0,8.0,門別,うらかわ馬フェスタ2(C4),9.0,7.0,門別,3歳以上C4ー3,7.0,12.0,門別,グランシャリオドリー(C4),92.0,10.0,,nar,2026-08-11,41.95,40.4,57.2,0.0,36.5,57.4,45.0,履歴少
202642081106,2026-08-11,6,インチャージ,5.0,5.0,西啓太,54.0,,5.0,5.0,浦和,新選特別(2歳),4.0,2.0,浦和,特選(2歳),3.0,2.0,浦和,ドリームチャレンジ(2歳),,,,,,,,,19.5,4.0,,nar,2026-08-11,58.09,74.9,43.5,75.1,41.0,59.0,45.0,履歴少 / 安定感 / 市場オッズ妙味
202635081106,2026-08-11,6,エッシャー,2.0,2.0,小林凌,56.0,,4.0,9.0,盛岡,釜淵の滝賞(B2),10.0,8.0,水沢,B1,10.0,8.0,水沢,B1,7.0,8.0,盛岡,B1,10.0,5.0,盛岡,B1,36.1,10.0,,nar,2026-08-11,50.87,46.1,51.8,30.4,81.5,54.3,45.0,履歴少 / 近走上向き / 市場オッズ妙味
202646081106,2026-08-11,6,オルミラベル,4.0,4.0,吉原寛人,55.0,,4.0,1.0,金沢,楽天競馬で馬券を買お(C1C2),3.0,1.0,金沢,七尾祇園祭特別(C1),1.0,1.0,金沢,楽天競馬で馬券を買お(C2),4.0,1.0,金沢,楽天競馬で馬券を買お(C2),4.0,4.0,名古屋,C18組,2.5,1.0,,nar,2026-08-11,60.66,82.7,37.1,100.0,44.0,48.7,45.0,履歴少 / 安定感
202630081106,2026-08-11,6,カインドオブユー,4.0,4.0,松井伸也,57.0,,3.0,4.0,門別,3歳以上C4ー3,3.0,3.0,門別,ゲッケイジュ特別(C4),7.0,5.0,門別,グランシャリオドリー(C4),2.0,5.0,門別,3歳以上C4ー3,4.0,10.0,門別,3歳以上C4ー3,11.4,4.0,,nar,2026-08-11,65.5,78.0,56.8,80.2,56.0,65.6,45.0,履歴少 / 安定感 / 過小評価傾向
202647081106,2026-08-11,6,カーボナード,1.0,1.0,大原浩司,57.0,,6.0,5.0,笠松,ハルとダイチがきた!(C),8.0,6.0,笠松,陽向バースデー記念(C),5.0,2.0,笠松,C級サバイバル,6.0,9.0,笠松,浪江祐次お誕生日記念(C),5.0,7.0,笠松,道子・穂波・知子頑張(C),13.8,8.0,,nar,2026-08-11,49.97,58.4,44.7,30.1,50.0,62.6,45.0,履歴少 / 市場オッズ妙味
202647081106,2026-08-11,6,キャラメルソング,2.0,2.0,東川慎,55.0,,1.0,1.0,笠松,C級未勝利,8.0,5.0,笠松,C18組,4.0,2.0,笠松,C17組,7.0,2.0,笠松,山中万三三古希お祝い(C),3.0,4.0,笠松,C15組,3.6,2.0,,nar,2026-08-11,57.31,72.6,37.6,60.5,77.0,49.6,45.0,履歴少 / 近走上向き / 安定感
202646081106,2026-08-11,6,グッドラックスター,5.0,5.0,浅野登生,52.0,,5.0,7.0,金沢,お家でネット投票!楽(C1),6.0,6.0,金沢,C14,7.0,9.0,金沢,白山手取川ジオパーク(C1),4.0,6.0,金沢,C14,4.0,4.0,金沢,志帆ちゃんお誕生日お(C1),19.7,6.0,,nar,2026-08-11,58.91,64.8,59.1,55.3,51.5,66.1,45.0,履歴少 / 過小評価傾向 / 市場オッズ妙味
202630081106,2026-08-11,6,コユキチャン,6.0,6.0,黒澤愛斗,55.0,,9.0,4.0,門別,ホクレン「くるるの杜(C4),3.0,5.0,門別,3歳以上C4ー3,3.0,6.0,門別,3歳以上C4ー3,5.0,7.0,門別,日高沙流川オートキャ(C4),4.0,8.0,門別,3歳以上C4ー3,26.4,7.0,,nar,2026-08-11,54.52,66.2,51.9,69.6,18.5,60.2,45.0,履歴少 / 安定感 / 市場オッズ妙味
202635081106,2026-08-11,6,ゴージャスレディ,5.0,5.0,南郷家全,54.0,,10.0,6.0,笠松,おりひめ特別(B),1.0,1.0,笠松,B7組,2.0,3.0,笠松,宮川特別(C),1.0,2.0,笠松,C6組,8.0,2.0,笠松,C6組,17.9,7.0,,nar,2026-08-11,49.86,70.7,39.6,59.3,8.0,57.0,45.0,履歴少 / 市場オッズ妙味
202647081106,2026-08-11,6,ゴールデンマーチ,4.0,4.0,筒井勇介,55.0,,4.0,3.0,笠松,ハルとダイチがきた!(C),10.0,5.0,笠松,束ねて折れない4つの(C),6.0,11.0,名古屋,C11組,8.0,10.0,名古屋,C15組,10.0,8.0,名古屋,C17組,6.6,3.0,,nar,2026-08-11,50.97,51.2,46.7,30.4,77.0,57.4,45.0,履歴少 / 近走上向き
202635081106,2026-08-11,6,サクラサンティエ,10.0,7.0,山本聡紀,54.0,,3.0,3.0,盛岡,B2,9.0,3.0,盛岡,B2,2.0,7.0,盛岡,B2,12.0,10.0,水沢,お食事処「山水」賞(B1B2),7.0,6.0,水沢,3月22日は帯広でば(B1),3.1,2.0,,nar,2026-08-11,54.3,59.8,43.7,50.2,77.0,52.2,45.0,履歴少 / 近走上向き
202646081106,2026-08-11,6,シェルターベルト,7.0,7.0,栗原大河,55.0,,7.0,11.0,金沢,能登復興支援高爪山賞(B2),8.0,7.0,金沢,C13,9.0,9.0,金沢,いのちゃん@36歳年(C1特別),8.0,8.0,金沢,おれたちのアキナゲッ(C1),2.0,4.0,金沢,カポ峯生誕記念(C1),34.0,7.0,,nar,2026-08-11,47.82,49.8,58.2,10.3,48.5,59.5,45.0,履歴少 / 市場オッズ妙味
202635081106,2026-08-11,6,スカイルーク,7.0,6.0,鈴木祐,56.0,,2.0,4.0,盛岡,B2,10.0,6.0,盛岡,C1,1.0,5.0,盛岡,C1,7.0,3.0,水沢,C1,1.0,9.0,水沢,C1,7.1,3.0,,nar,2026-08-11,61.87,72.6,54.5,60.5,66.5,62.2,45.0,履歴少 / 近走上向き / 安定感
202635081106,2026-08-11,6,スターカナザワ,9.0,7.0,阿部英俊,54.0,,9.0,7.0,盛岡,B2,8.0,11.0,盛岡,B2,7.0,10.0,盛岡,B2,8.0,12.0,水沢,B1,8.0,8.0,水沢,B1B2混合,49.6,11.0,,nar,2026-08-11,44.5,43.1,59.2,0.0,42.5,61.5,45.0,履歴少 / 市場オッズ妙味
202635081106,2026-08-11,6,スピードスター,12.0,8.0,山本政聡,54.0,,7.0,6.0,盛岡,釜淵の滝賞(B2),8.0,9.0,盛岡,B2,8.0,2.0,水沢,B1,4.0,4.0,水沢,B1,5.0,1.0,盛岡,B1,16.2,6.0,,nar,2026-08-11,44.93,53.6,38.4,24.9,45.5,55.4,45.0,履歴少 / 市場オッズ妙味
202630081106,2026-08-11,6,セイランクロフネ,5.0,5.0,小川悠汰,52.0,,3.0,5.0,門別,ほくれん丸賞(C4),5.0,7.0,門別,3歳以上C4ー3,4.0,6.0,門別,3歳以上C4ー3,6.0,6.0,門別,日高沙流川オートキャ(C4),3.0,3.0,門別,3歳以上C4ー3,14.5,5.0,,nar,2026-08-11,66.47,74.9,60.5,85.4,59.0,65.3,45.0,履歴少 / 安定感 / 過小評価傾向 / 市場オッズ妙味
202635081106,2026-08-11,6,タニマサベーカ,4.0,4.0,関本玲花,54.0,,8.0,8.0,盛岡,B2,9.0,7.0,盛岡,B1,8.0,8.0,盛岡,B2,8.0,6.0,水沢,B1,5.0,10.0,水沢,B1,55.5,12.0,,nar,2026-08-11,42.96,44.5,48.1,10.3,47.0,54.1,45.0,履歴少
202647081106,2026-08-11,6,トーセンパッソ,8.0,8.0,加藤利征,57.0,,3.0,5.0,笠松,C級サバイバル,5.0,7.0,笠松,好きです笠松競馬(C),6.0,9.0,笠松,C級セレクション,6.0,7.0,笠松,飛べ!離陸待ちニート(C),3.0,5.0,笠松,C16組,7.9,4.0,,nar,2026-08-11,64.5,71.8,64.4,65.7,62.0,65.3,45.0,履歴少 / 安定感 / 過小評価傾向
202635081106,2026-08-11,6,ネオシャクナゲ,8.0,6.0,高松亮,56.0,,4.0,2.0,盛岡,B2,3.0,1.0,盛岡,B2,1.0,2.0,水沢,C1,1.0,2.0,水沢,C1,,,盛岡,C1,2.8,1.0,,nar,2026-08-11,62.01,87.4,44.0,89.7,36.0,52.8,45.0,履歴少 / 安定感
202635081106,2026-08-11,6,バトルクリーク,6.0,5.0,山本聡哉,56.0,,10.0,8.0,船橋,C1二　三,11.0,9.0,川崎,C1一　二,9.0,4.0,船橋,馬い!洲本農園新玉ね(C1),5.0,3.0,船橋,馬い!熊本不知火オレ(C1),5.0,6.0,船橋,馬い!淡路うしろ農園(C1三),10.1,4.0,,nar,2026-08-11,37.84,37.6,34.0,24.9,35.0,53.3,45.0,履歴少
202647081106,2026-08-11,6,ヒルノマース,9.0,8.0,深澤杏花,53.0,,4.0,3.0,笠松,加織・文行結婚記念(C),8.0,7.0,笠松,C13組,6.0,8.0,笠松,C10組,10.0,11.0,笠松,C9組,8.0,8.0,笠松,C級サバイバル,10.3,6.0,,nar,2026-08-11,52.76,54.6,49.9,30.4,74.0,60.6,45.0,履歴少 / 近走上向き
202635081106,2026-08-11,6,ピンクノバラ,3.0,3.0,坂井瑛音,53.0,,6.0,5.0,盛岡,釜淵の滝賞(B2),10.0,8.0,盛岡,B2,5.0,4.0,盛岡,B2,6.0,1.0,水沢,B1,2.0,5.0,水沢,B1,30.2,9.0,,nar,2026-08-11,46.82,56.9,40.1,30.1,48.5,52.4,45.0,履歴少 / 市場オッズ妙味
202647081106,2026-08-11,6,フェスティヴフリー,3.0,3.0,高木健,57.0,,3.0,2.0,笠松,C級セレクション,5.0,5.0,笠松,C13組,2.0,4.0,笠松,C12組,8.0,3.0,笠松,C13組,3.0,4.0,笠松,C級セレクション,3.4,1.0,,nar,2026-08-11,61.6,75.8,46.3,85.4,59.0,53.3,45.0,履歴少 / 安定感
202635081106,2026-08-11,6,フェスティヴメノコ,11.0,8.0,高橋悠里,54.0,,5.0,7.0,水沢,B1B2混合,8.0,2.0,盛岡,B1,5.0,10.0,盛岡,B1B2混合,10.0,10.0,水沢,B1,8.0,9.0,水沢,B1,14.6,5.0,,nar,2026-08-11,54.66,53.7,51.4,50.2,66.5,62.7,45.0,履歴少 / 近走上向き / 市場オッズ妙味
202635081106,2026-08-11,6,フェリアフローレス,1.0,1.0,塚本涼人,54.0,,7.0,5.0,盛岡,B2,10.0,10.0,名古屋,B9組,10.0,7.0,名古屋,シャウラ疾風特別(B),2.0,2.0,名古屋,菖蒲月疾風特別(C),4.0,4.0,名古屋,デネボラ疾風戦(B),25.8,8.0,,nar,2026-08-11,44.43,49.6,41.6,24.9,47.0,53.0,45.0,履歴少 / 市場オッズ妙味
202630081106,2026-08-11,6,フジノアルファ,8.0,7.0,渡辺準己,54.0,,5.0,10.0,門別,ホクレン「くるるの杜(C4),9.0,10.0,門別,3歳以上C4ー3,10.0,9.0,門別,湧別サロマ湖関野剛平(C4),7.0,10.0,門別,渓流の女王ヤマベ賞(C4),5.0,5.0,門別,3歳条件未勝利(未勝利),63.8,8.0,,nar,2026-08-11,54.9,49.8,64.1,40.7,66.5,58.7,45.0,履歴少 / 近走上向き
202642081106,2026-08-11,6,フライトドクター,4.0,4.0,野畑凌,54.0,,1.0,1.0,浦和,ドリームチャレンジ(2歳),,,,,,,,,,,,,,,,,1.0,1.0,,nar,2026-08-11,43.64,51.6,40.6,36.3,40.6,40.6,45.0,履歴少 / サンプル少
202630081106,2026-08-11,6,フルボーグ,1.0,1.0,阿部龍,57.0,,2.0,1.0,門別,ホクレン「くるるの杜(C4),2.0,2.0,門別,3歳以上C4ー3,2.0,2.0,門別,3歳以上C4ー3,3.0,2.0,門別,日高沙流川オートキャ(C4),2.0,6.0,門別,3歳以上C4ー3,4.4,3.0,,nar,2026-08-11,68.12,90.8,49.7,100.0,51.5,57.6,45.0,履歴少 / 安定感
202646081106,2026-08-11,6,プロスペロ,6.0,6.0,加藤翔馬,57.0,,6.0,8.0,金沢,楽天競馬で馬券を買お(C1C2),7.0,4.0,金沢,楽天競馬で馬券を買お(C2),8.0,2.0,金沢,九谷焼特別(C1),4.0,1.0,金沢,卯辰山特別(C1),3.0,3.0,金沢,母の日特別(C1),15.2,5.0,,nar,2026-08-11,46.59,59.7,37.7,24.9,47.0,55.1,45.0,履歴少 / 市場オッズ妙味
202647081106,2026-08-11,6,ベラジオガール,7.0,7.0,丸山真一,55.0,,7.0,6.0,笠松,ハルとダイチがきた!(C),6.0,10.0,笠松,陽向バースデー記念(C),5.0,9.0,笠松,和葉ちゃん4才おめで(C),10.0,7.0,笠松,浪江祐次お誕生日記念(C),6.0,9.0,笠松,道子・穂波・知子頑張(C),25.4,9.0,,nar,2026-08-11,50.74,54.5,59.5,19.8,48.5,60.9,45.0,履歴少 / 市場オッズ妙味
202647081106,2026-08-11,6,ペティトール,5.0,5.0,森島貴之,55.0,,2.0,5.0,笠松,加織・文行結婚記念(C),6.0,6.0,笠松,ここ!笠松!AZKi(C),7.0,6.0,笠松,C級サバイバル,9.0,9.0,笠松,好きです笠松競馬(C),5.0,6.0,笠松,C級セレクション,8.3,5.0,,nar,2026-08-11,59.05,65.5,55.7,40.7,78.5,61.0,45.0,履歴少 / 近走上向き
202630081106,2026-08-11,6,ボブノップスターン,10.0,8.0,宮内勇樹,57.0,,,,,,,,,,,,,,,,,,,,,,2.0,1.0,,nar,2026-08-11,36.0,35.0,35.0,35.0,35.0,35.0,45.0,履歴少
202630081106,2026-08-11,6,ミスカノヤローザ,2.0,2.0,岩橋勇二,55.0,,3.0,3.0,門別,ホクレン「くるるの杜(C4),,,,,,,,,,,,,,,,,4.2,2.0,,nar,2026-08-11,42.65,48.1,40.6,36.3,40.6,40.6,45.0,履歴少 / サンプル少
202646081106,2026-08-11,6,ミスティックパワー,3.0,3.0,服部大地,57.0,,10.0,12.0,金沢,能登復興支援高爪山賞(B2),6.0,6.0,金沢,C13,8.0,11.0,金沢,白山手取川ジオパーク(C1),5.0,7.0,金沢,C13,3.0,6.0,金沢,C13,107.6,8.0,,nar,2026-08-11,47.89,50.8,62.6,24.9,23.0,60.0,45.0,履歴少
202642081106,2026-08-11,6,ユウユウキュラソー,6.0,6.0,室陽一朗,54.0,,1.0,2.0,浦和,2歳二,4.0,6.0,浦和,ドリームチャレンジ(2歳),,,,,,,,,,,,,15.0,2.0,,nar,2026-08-11,56.57,67.1,51.1,48.4,55.4,61.3,45.0,履歴少 / サンプル少 / 市場オッズ妙味
202642081106,2026-08-11,6,ユウユウコクトバ,7.0,7.0,七夕裕次,54.0,,4.0,3.0,浦和,2歳二,4.0,4.0,浦和,特選(2歳),5.0,6.0,浦和,ドリームチャレンジ(2歳),,,,,,,,,49.7,5.0,,nar,2026-08-11,60.2,73.9,49.0,75.1,53.0,56.3,45.0,履歴少 / 安定感 / 市場オッズ妙味
202642081106,2026-08-11,6,ユウユウセルベッサ,3.0,3.0,高橋哲也,54.0,,6.0,8.0,浦和,新選特別(2歳),3.0,5.0,浦和,特選(2歳),5.0,5.0,浦和,ドリームチャレンジ(2歳),,,,,,,,,87.2,7.0,,nar,2026-08-11,56.61,70.1,60.3,44.7,38.0,57.8,45.0,履歴少
202642081106,2026-08-11,6,ユウユウヒレシュ,2.0,2.0,赤津和希,54.0,,3.0,5.0,浦和,2歳二,5.0,6.0,浦和,特選(2歳),6.0,6.0,浦和,ドリームチャレンジ(2歳),,,,,,,,,79.7,6.0,,nar,2026-08-11,61.07,72.4,58.0,55.3,65.0,56.8,45.0,履歴少 / 近走上向き
202646081106,2026-08-11,6,ユリオプスイエロー,8.0,8.0,柴田勇真,55.0,,8.0,4.0,金沢,C24,5.0,1.0,金沢,C26,1.0,1.0,金沢,第2回又多風緑選手誕(C2),3.0,5.0,金沢,楽天競馬で馬券を買お(C2),3.0,3.0,金沢,第1回江崎記念(C2),3.4,2.0,,nar,2026-08-11,51.09,71.0,36.6,69.6,20.0,51.3,45.0,履歴少 / 安定感
202642081106,2026-08-11,6,ライスノユメ,1.0,1.0,秋元耕成,54.0,,2.0,3.0,浦和,ドリームチャレンジ(2歳),,,,,,,,,,,,,,,,,16.8,3.0,,nar,2026-08-11,43.67,49.9,42.2,36.3,40.6,41.7,45.0,履歴少 / サンプル少
202646081106,2026-08-11,6,ラッキードラゴン,2.0,2.0,青柳正義,57.0,,1.0,5.0,金沢,能登復興支援福浦港賞(C2),12.0,12.0,名古屋,C11組,10.0,5.0,名古屋,久保田大登1歳の誕生(C),6.0,7.0,名古屋,福寿草賞(C),6.0,3.0,金沢,TARO新刊出版記念(C2),4.5,3.0,,nar,2026-08-11,54.36,53.9,50.4,30.4,95.0,54.5,45.0,履歴少 / 近走上向き
202647081106,2026-08-11,6,リコネクト,6.0,6.0,細川智史,55.0,,5.0,5.0,笠松,C級セレクション,9.0,5.0,笠松,陽向バースデー記念(C),8.0,6.0,笠松,和葉ちゃん4才おめで(C),3.0,6.0,笠松,好きです笠松競馬(C),7.0,7.0,笠松,C級セレクション,13.1,7.0,,nar,2026-08-11,51.48,56.0,43.3,45.0,60.5,59.0,45.0,履歴少 / 市場オッズ妙味
202630081106,2026-08-11,6,リコージュピター,9.0,8.0,落合玄太,55.0,,4.0,6.0,門別,ホクレン「くるるの杜(C4),10.0,5.0,門別,3歳以上C4ー3,5.0,6.0,門別,湧別サロマ湖関野剛平(C4),8.0,7.0,門別,推しウマ探せ!おひさ(C4),5.0,5.0,門別,3歳条件未勝利(未勝利),18.2,6.0,,nar,2026-08-11,55.32,57.0,45.9,60.5,68.0,60.3,45.0,履歴少 / 近走上向き / 安定感 / 市場オッズ妙味
202630081106,2026-08-11,6,レアリゼアドリーム,7.0,7.0,近藤翔月,56.0,,7.0,7.0,門別,3歳以上C4ー3,9.0,10.0,門別,グランシャリオドリー(C4),8.0,12.0,門別,3歳以上C4ー3,11.0,9.0,門別,3歳以上C4ー3,10.0,10.0,門別,3歳以上C4ー3,79.7,9.0,,nar,2026-08-11,44.32,39.3,55.2,0.0,65.0,55.5,45.0,履歴少 / 近走上向き
202646081106,2026-08-11,6,ワンダフルガイ,1.0,1.0,吉田晃浩,57.0,,2.0,2.0,金沢,能登復興支援福浦港賞(C2),4.0,2.0,金沢,C25,3.0,3.0,金沢,C25,7.0,3.0,金沢,C25,10.0,1.0,金沢,スマホで投票!楽天競(C2),5.6,4.0,,nar,2026-08-11,58.39,74.0,35.9,75.1,74.0,47.6,45.0,履歴少 / 近走上向き / 安定感
202647081107,2026-08-11,7,アオカミ,1.0,1.0,望月洵輝,57.0,,6.0,3.0,名古屋,B4組,2.0,2.0,名古屋,B5組,12.0,2.0,名古屋,半夏生特別(A),11.0,13.0,2東京4,4歳以上2勝クラス,11.0,14.0,2中山8,鎌ケ谷特別(2勝クラス),1.3,1.0,,nar,2026-08-11,43.83,48.5,34.0,24.9,68.0,45.9,45.0,履歴少 / 近走上向き
202647081107,2026-08-11,7,アバンチュリエ,4.0,4.0,大原浩司,57.0,,6.0,5.0,笠松,B2組,4.0,8.0,笠松,ひこぼし特別(B),7.0,8.0,笠松,五六川特別(B),6.0,10.0,笠松,水無月特別(B),5.0,5.0,笠松,かがり火特別(B),26.5,6.0,,nar,2026-08-11,55.16,63.2,60.3,35.3,47.0,61.5,45.0,履歴少 / 市場オッズ妙味
202642081107,2026-08-11,7,アパショナード,3.0,3.0,吉留孝司,56.0,,11.0,11.0,浦和,C1四,12.0,10.0,船橋,馬い!熊本不知火オレ(C1),8.0,8.0,浦和,特選(C1),,,船橋,馬い!淡路うしろ農園(C1三),9.0,10.0,浦和,七夕月特別(B2B3),159.6,9.0,,nar,2026-08-11,35.18,25.2,46.8,0.0,42.0,52.7,45.0,履歴少
202630081107,2026-08-11,7,アミラジオネ,8.0,7.0,宮内勇樹,55.0,,8.0,2.0,門別,3歳以上C4ー2,2.0,4.0,門別,3歳以上C4ー2,3.0,1.0,門別,ホクレンBB肥料賞(C4),8.0,6.0,船橋,C2四　五六　イ(C2五),5.0,4.0,船橋,馬い!淡路洲本農園し(C2八),6.0,4.0,,nar,2026-08-11,48.85,66.3,35.2,55.0,29.0,51.8,45.0,履歴少
202635081107,2026-08-11,7,アロウカリア,3.0,3.0,関本玲花,54.0,,5.0,9.0,盛岡,B2,7.0,8.0,盛岡,B2,7.0,10.0,水沢,B1,8.0,10.0,盛岡,B1,7.0,9.0,盛岡,B1,41.2,9.0,,nar,2026-08-11,56.63,55.7,67.9,30.4,63.5,64.1,45.0,履歴少 / 人気以上に走る傾向 / 市場オッズ妙味
202635081107,2026-08-11,7,アースアワー,6.0,5.0,高松亮,54.0,,4.0,5.0,盛岡,B2,5.0,1.0,盛岡,B2,1.0,4.0,盛岡,B2,4.0,4.0,水沢,B2,4.0,2.0,水沢,B2,8.9,4.0,,nar,2026-08-11,63.79,78.7,47.9,100.0,47.0,58.0,45.0,履歴少 / 安定感
202630081107,2026-08-11,7,イソダ,4.0,4.0,石川倭,55.0,,5.0,2.0,佐賀,3歳ー6組,2.0,1.0,佐賀,SAGAリベンジャー(3歳),9.0,6.0,1新潟4,3歳未勝利,12.0,15.0,1小倉5,3歳未勝利,10.0,8.0,1小倉2,3歳未勝利,2.4,1.0,,nar,2026-08-11,51.4,55.4,39.3,55.3,69.5,49.8,45.0,履歴少 / 近走上向き
202642081107,2026-08-11,7,イトイテーション,1.0,1.0,野畑凌,55.0,,1.0,1.0,浦和,3歳三,1.0,2.0,浦和,3歳六,3.0,3.0,浦和,ドリームチャレンジ(2歳),,,,,,,,,3.4,2.0,,nar,2026-08-11,67.49,95.8,52.3,75.1,56.0,56.3,45.0,履歴少 / 安定感
202642081107,2026-08-11,7,エドノビートイン,5.0,5.0,張田昂,56.0,,2.0,1.0,浦和,夏木立特別(C2),3.0,2.0,浦和,C1四,5.0,5.0,浦和,ラベンダー特別(C2),3.0,4.0,船橋,菜の花スプリント(C2),5.0,3.0,浦和,春暖特別(C2),3.3,1.0,,nar,2026-08-11,65.2,81.6,45.7,100.0,62.0,53.1,45.0,履歴少 / 安定感
202642081107,2026-08-11,7,オオタニズスマイル,2.0,2.0,秋元耕成,56.0,,6.0,5.0,川崎,早涼賞(C1),6.0,7.0,浦和,蟹座特別(C1C2),10.0,10.0,名古屋,コスモ大空特別(A),7.0,11.0,名古屋,エメラルドOP(A),9.0,8.0,名古屋,グランプリ・プレリュ(A),28.9,6.0,,nar,2026-08-11,46.82,50.0,53.0,0.0,62.0,58.2,45.0,履歴少 / 市場オッズ妙味
202646081107,2026-08-11,7,カドバンソコヂカラ,4.0,4.0,柴田勇真,57.0,,4.0,7.0,金沢,B25,10.0,4.0,金沢,B24,11.0,6.0,金沢,あづ聖誕つにてんてん(B2),4.0,5.0,金沢,いっぱい食べよう海幸(B2特別),7.0,4.0,金沢,B23,7.1,4.0,,nar,2026-08-11,49.26,50.5,37.9,45.0,74.0,51.8,45.0,履歴少 / 近走上向き
202646081107,2026-08-11,7,カワキタオルゴ,6.0,6.0,井上瑛太,55.0,,7.0,9.0,金沢,油断大敵水分補給を忘(B2),9.0,10.0,金沢,B24,10.0,10.0,金沢,あづ聖誕つにてんてん(B2),2.0,3.0,金沢,第2回竹橋おきらく食(B2特別),6.0,10.0,金沢,B25,13.7,7.0,,nar,2026-08-11,49.72,49.9,59.9,14.6,48.5,66.3,45.0,履歴少 / 過小評価傾向 / 市場オッズ妙味
202635081107,2026-08-11,7,キッズファイナル,11.0,8.0,山本聡哉,54.0,,2.0,2.0,盛岡,釜淵の滝賞(B2),7.0,5.0,盛岡,B2,4.0,3.0,水沢,B1,3.0,1.0,水沢,B1,2.0,4.0,水沢,B1,11.4,6.0,,nar,2026-08-11,61.57,77.7,44.5,75.1,62.0,58.4,45.0,履歴少 / 安定感
202630081107,2026-08-11,7,クイーンサイド,3.0,3.0,小野楓馬,55.0,,11.0,10.0,門別,3歳以上C4ー2,1.0,3.0,門別,グランシャリオドリー(C4),7.0,8.0,門別,グランシャリオドリー(C4),4.0,7.0,門別,3歳以上C4ー3,6.0,12.0,門別,ゲッケイジュ特別(C4),39.0,8.0,,nar,2026-08-11,50.28,58.6,60.1,39.5,11.0,63.4,45.0,履歴少 / 市場オッズ妙味
202647081107,2026-08-11,7,クロスレート,3.0,3.0,馬渕繁治,57.0,,3.0,6.0,笠松,アサガオ特別(B),1.0,8.0,笠松,B5組,2.0,2.0,笠松,B5組,4.0,6.0,笠松,B6組,6.0,4.0,笠松,B7組,6.1,2.0,,nar,2026-08-11,71.09,85.9,69.2,89.7,51.5,64.2,45.0,履歴少 / 人気以上に走る傾向 / 安定感
202642081107,2026-08-11,7,サニーサフラン,8.0,8.0,藤原幹生,56.0,,8.0,9.0,浦和,蟹座特別(C1C2),9.0,2.0,船橋,馬い!淡路うしろ農園(C1三),5.0,6.0,船橋,馬い!佐賀小松レモン(C1三),12.0,3.0,浦和,0.875マイルでも(C1),4.0,5.0,船橋,馬い!卵はサンサンエ(C1五),71.2,8.0,,nar,2026-08-11,40.65,45.4,32.8,30.1,47.0,45.0,45.0,履歴少
202647081107,2026-08-11,7,シャトーペリオット,6.0,6.0,塚本征吾,57.0,,4.0,4.0,笠松,あまのがわ特別(AB),9.0,4.0,笠松,五六川特別(B),1.0,2.0,笠松,B3組,3.0,5.0,笠松,猫スティン2周年&和(B),2.0,1.0,笠松,第3回ウマ娘フジマサ(B),6.7,3.0,,nar,2026-08-11,58.35,73.6,44.0,75.1,48.5,56.1,45.0,履歴少 / 安定感
202635081107,2026-08-11,7,シャトーボビー,12.0,8.0,大坪慎,56.0,,11.0,9.0,盛岡,B2,10.0,7.0,盛岡,B2,4.0,9.0,水沢,B1,8.0,9.0,水沢,オッズパーク賞(B1),10.0,12.0,盛岡,B1,84.8,12.0,,nar,2026-08-11,40.92,37.4,49.9,19.8,32.0,55.5,45.0,履歴少
202630081107,2026-08-11,7,シルバーコムコム,1.0,1.0,服部茂史,55.0,,8.0,5.0,門別,3歳以上C4ー2,4.0,4.0,門別,3歳以上C4ー2,4.0,7.0,門別,3歳以上C4ー2,7.0,9.0,門別,DOセール賞(C4),7.0,11.0,門別,3歳以上C4ー2,24.0,7.0,,nar,2026-08-11,52.02,60.3,52.7,44.7,35.0,60.2,45.0,履歴少 / 市場オッズ妙味
202630081107,2026-08-11,7,スズオリーブ,7.0,7.0,藤田凌駕,53.0,,10.0,9.0,門別,3歳以上C4ー2,11.0,10.0,門別,3歳以上C4ー2,4.0,10.0,門別,3歳以上C4ー2,13.0,13.0,門別,とみくるマルシェ賞(C4),11.0,12.0,門別,えんどう豆生まれドリ(C4),80.8,9.0,,nar,2026-08-11,42.6,31.2,55.1,19.8,48.5,56.8,45.0,履歴少
202635081107,2026-08-11,7,スターライトテール,1.0,1.0,塚本涼人,57.0,,3.0,7.0,盛岡,B2,3.0,6.0,盛岡,B2,4.0,4.0,盛岡,B2,3.0,7.0,水沢,B1,6.0,8.0,水沢,オッズパーク賞(B1),9.8,5.0,,nar,2026-08-11,70.53,79.9,69.3,89.7,56.0,68.2,45.0,履歴少 / 人気以上に走る傾向 / 安定感 / 過小評価傾向
202647081107,2026-08-11,7,セルクルクルミ,2.0,2.0,高木健,55.0,,6.0,7.0,笠松,B3組,6.0,4.0,笠松,糸貫川特別(B),7.0,9.0,笠松,水無月特別(B),9.0,8.0,笠松,濃姫特別(B),6.0,7.0,笠松,稲葉山特別(B),51.1,7.0,,nar,2026-08-11,46.44,54.9,51.1,0.0,56.0,54.1,45.0,履歴少
202635081107,2026-08-11,7,ソルデベラーノ,7.0,6.0,高橋悠里,57.0,,8.0,9.0,盛岡,B2一組,9.0,7.0,盛岡,B1,4.0,4.0,盛岡,B1,10.0,12.0,盛岡,夢・希望未来へ前進(B1),11.0,11.0,盛岡,B1,39.8,8.0,,nar,2026-08-11,45.55,43.5,50.7,19.8,53.0,56.9,45.0,履歴少 / 市場オッズ妙味
202630081107,2026-08-11,7,トモノタツミ,9.0,8.0,松井伸也,55.0,,2.0,4.0,門別,3歳以上C4ー2,3.0,5.0,門別,3歳以上C4ー2,3.0,5.0,門別,3歳以上C4ー2,4.0,4.0,門別,沙流川温泉ひだか高原(C4),1.0,1.0,門別,3歳以上C4ー3,4.0,2.0,,nar,2026-08-11,70.27,86.9,60.5,100.0,54.5,59.8,45.0,履歴少 / 安定感
202630081107,2026-08-11,7,トーケンアーサー,6.0,6.0,亀井洋司,55.0,,6.0,7.0,門別,3歳以上C4ー2,6.0,3.0,門別,3歳以上C4ー2,2.0,4.0,門別,3歳以上C4ー2,3.0,3.0,門別,沙流川温泉ひだか高原(C4),4.0,2.0,門別,3歳以上C4ー2,19.0,5.0,,nar,2026-08-11,54.36,71.5,48.2,44.7,36.5,61.0,45.0,履歴少 / 市場オッズ妙味
202635081107,2026-08-11,7,ネクストレベル,10.0,7.0,斉藤友香,50.0,,5.0,7.0,盛岡,釜淵の滝賞(B2),6.0,9.0,盛岡,B1,11.0,10.0,盛岡,B2,12.0,11.0,水沢,B1,10.0,8.0,盛岡,スモークツリー賞(B1),63.3,10.0,,nar,2026-08-11,50.88,44.2,55.6,30.4,78.5,54.1,45.0,履歴少 / 近走上向き
202630081107,2026-08-11,7,ノーマンズランド,5.0,5.0,近藤翔月,54.0,,10.0,4.0,門別,3歳以上C4ー2,4.0,8.0,門別,3歳以上C4ー2,9.0,5.0,門別,3歳以上C4ー2,9.0,11.0,名古屋,福寿草賞(C),9.0,11.0,名古屋,C4組,82.9,10.0,,nar,2026-08-11,41.49,43.5,42.2,24.9,36.5,52.2,45.0,履歴少
202646081107,2026-08-11,7,ハクサンアンタレス,3.0,3.0,栗原大河,57.0,,4.0,2.0,金沢,油断大敵水分補給を忘(B2),3.0,1.0,金沢,やすくん&なおちゃん(B2),2.0,2.0,金沢,C13,1.0,3.0,金沢,Win5愛好へそきり(C2),1.0,1.0,金沢,C28,2.9,1.0,,nar,2026-08-11,63.36,87.1,44.3,100.0,36.5,53.2,45.0,履歴少 / 安定感
202646081107,2026-08-11,7,ビーマイセルフ,1.0,1.0,田知弘久,55.0,,7.0,4.0,金沢,B24,5.0,3.0,金沢,B24,3.0,3.0,金沢,B25,3.0,3.0,金沢,かなパスで生活を便利(B2特別),3.0,2.0,金沢,加茂直樹!昇進バンザ(B2),12.5,6.0,,nar,2026-08-11,53.43,70.3,39.4,69.6,29.0,56.8,45.0,履歴少 / 安定感 / 市場オッズ妙味
202642081107,2026-08-11,7,ピースシャイニー,4.0,4.0,半澤慶実,56.0,,3.0,1.0,浦和,特選(C1),2.0,6.0,川崎,C1一　二,1.0,2.0,浦和,菜の花特別(C2),2.0,2.0,浦和,春の夜特別(C2),9.0,3.0,浦和,初笑い特別(C2),10.7,5.0,,nar,2026-08-11,65.6,85.4,49.8,89.7,53.0,58.1,45.0,履歴少 / 安定感
202635081107,2026-08-11,7,ベラジオホープ,5.0,5.0,菅原辰徳,56.0,,7.0,6.0,盛岡,B2,10.0,9.0,盛岡,夢・希望未来へ前進(B1),10.0,9.0,水沢,タガノビューティー特(B1),9.0,7.0,水沢,ムスカリ賞(B1),8.0,10.0,盛岡,ハイペリカム賞(B1),72.1,11.0,,nar,2026-08-11,40.61,38.1,44.1,0.0,63.5,51.5,45.0,履歴少
202635081107,2026-08-11,7,ペプチドクレマチス,2.0,2.0,鈴木祐,54.0,,15.0,14.0,2福島6,彦星賞(2勝クラス),12.0,9.0,3京都3,京極特別(2勝クラス),18.0,11.0,1小倉8,大濠特別(2勝クラス),14.0,9.0,1京都2,4歳以上2勝クラス,15.0,3.0,4阪神8,3歳以上2勝クラス,4.9,2.0,,nar,2026-08-11,21.16,3.0,19.2,0.0,48.5,38.6,45.0,履歴少
202642081107,2026-08-11,7,ポピーレッド,6.0,6.0,和田譲治,53.0,,1.0,1.0,浦和,3歳四,1.0,4.0,浦和,3歳五,8.0,6.0,浦和,初当たり賞(3歳),12.0,3.0,浦和,クライマックスリレー(2歳),3.0,1.0,浦和,ドリームチャレンジ(2歳),5.1,4.0,,nar,2026-08-11,59.92,74.4,41.8,65.7,80.0,50.4,45.0,履歴少 / 近走上向き / 安定感
202635081107,2026-08-11,7,マコトダイトウレン,9.0,7.0,山本政聡,54.0,,6.0,2.0,盛岡,B2,3.0,1.0,盛岡,B2,3.0,1.0,水沢,B2,2.0,3.0,水沢,B2,2.0,2.0,盛岡,B2,6.2,3.0,,nar,2026-08-11,54.52,78.7,36.3,69.6,29.0,53.2,45.0,履歴少 / 安定感
202647081107,2026-08-11,7,ミノコクシュタルク,7.0,7.0,筒井勇介,57.0,,3.0,6.0,笠松,B4組,9.0,10.0,笠松,ガンバロウ笠松競馬(B),8.0,9.0,笠松,糸貫川特別(B),10.0,11.0,笠松,ジュン特別(B),10.0,10.0,笠松,かがり火特別(B),17.3,4.0,,nar,2026-08-11,56.47,50.2,60.5,30.4,87.5,66.0,45.0,履歴少 / 近走上向き / 過小評価傾向 / 市場オッズ妙味
202646081107,2026-08-11,7,ミリアドタレント,7.0,7.0,松戸政也,55.0,,1.0,2.0,金沢,ホップステップぴんみ(C1),3.0,4.0,金沢,C13,1.0,3.0,金沢,スマホで投票!楽天競(C2),5.0,2.0,金沢,C25,3.0,2.0,金沢,C26,3.4,2.0,,nar,2026-08-11,69.47,89.7,52.9,100.0,62.0,55.2,45.0,履歴少 / 安定感
202630081107,2026-08-11,7,メイショウカラクサ,10.0,8.0,渡辺準己,54.0,,3.0,5.0,門別,3歳以上C4ー2,4.0,4.0,門別,3歳以上C4ー2,6.0,1.0,門別,DOセール賞(C4),1.0,1.0,門別,3歳以上C4ー3,9.0,3.0,門別,3歳以上C4ー3,4.3,3.0,,nar,2026-08-11,58.6,74.6,43.0,69.9,62.0,50.4,45.0,履歴少 / 安定感
202646081107,2026-08-11,7,メイショウゴルシ,8.0,8.0,中島龍也,57.0,,9.0,5.0,金沢,夏野菜でおいしく水分(B2),5.0,5.0,金沢,B24,8.0,7.0,金沢,B24,6.0,5.0,金沢,あづ聖誕つにてんてん(B2),3.0,5.0,金沢,第2回竹橋おきらく食(B2特別),9.4,5.0,,nar,2026-08-11,45.03,54.0,40.5,35.3,29.0,56.9,45.0,履歴少
202642081107,2026-08-11,7,ユイノオールイン,7.0,7.0,赤津和希,56.0,,6.0,10.0,川崎,キリマンジェロ賞(C1),8.0,12.0,川崎,ブラックジャック賞(C1),8.0,11.0,川崎,スフィーダ賞(C1),5.0,12.0,浦和,月見草特別(C1),11.0,14.0,川崎,イーリス賞(C1),60.1,7.0,,nar,2026-08-11,56.01,49.9,79.0,14.6,62.0,67.2,45.0,履歴少 / 人気以上に走る傾向 / 過小評価傾向
202646081107,2026-08-11,7,ユウトザイースト,5.0,5.0,服部大地,57.0,,10.0,10.0,金沢,夏野菜でおいしく水分(B2),,,金沢,B24,12.0,12.0,金沢,B24,9.0,9.0,金沢,シビル30周年記念杯(B2),10.0,7.0,金沢,リクム初競馬予想記念(B2特別),91.5,8.0,,nar,2026-08-11,36.29,25.3,47.1,0.0,52.0,51.1,45.0,履歴少
202630081107,2026-08-11,7,ラカーリア,2.0,2.0,岩橋勇二,55.0,,4.0,9.0,門別,3歳以上C4ー2,8.0,9.0,門別,3歳以上C4ー2,3.0,10.0,門別,道産子ポイントガード(C4),9.0,12.0,門別,とみくるマルシェ賞(C4),11.0,8.0,門別,グランシャリオドリー(C4),21.3,6.0,,nar,2026-08-11,62.03,58.0,73.0,50.2,72.5,64.8,45.0,履歴少 / 人気以上に走る傾向 / 近走上向き / 市場オッズ妙味
202642081107,2026-08-11,7,ラブシリカ,9.0,8.0,山中悠希,53.0,,3.0,1.0,浦和,浦和競馬公式ファンク(3歳),1.0,1.0,浦和,3歳四,1.0,1.0,浦和,3歳九,4.0,2.0,浦和,3歳六,,,,,3.4,3.0,,nar,2026-08-11,63.52,90.7,43.0,89.7,44.0,52.0,45.0,履歴少 / 安定感
202635081107,2026-08-11,7,ラヴアンドホープ,4.0,4.0,山本聡紀,54.0,,9.0,8.0,盛岡,夢・希望未来へ前進(B2),1.0,9.0,盛岡,B2,9.0,8.0,笠松,おでん・ゆーちる結婚(B),11.0,7.0,笠松,ジュン特別(B),9.0,5.0,笠松,祝30周年!SPAT(B),28.5,7.0,,nar,2026-08-11,46.84,49.6,53.5,24.9,41.0,55.0,45.0,履歴少 / 市場オッズ妙味
202646081107,2026-08-11,7,リュウノレッドアイ,2.0,2.0,加藤翔馬,55.0,,2.0,3.0,金沢,咲き誇れ!みこち8周(B2),4.0,5.0,金沢,さわやかさやか賞(C1),4.0,3.0,金沢,白山手取川ジオパーク(C1),7.0,3.0,金沢,おれたちのアキナゲッ(C1),1.0,2.0,金沢,C19,5.0,3.0,,nar,2026-08-11,64.11,79.8,49.1,85.4,62.0,55.5,45.0,履歴少 / 安定感
202647081107,2026-08-11,7,リングボーイ,5.0,5.0,加藤聡一,57.0,,4.0,3.0,笠松,B4組,4.0,9.0,笠松,B3組,5.0,6.0,笠松,糸貫川特別(B),7.0,5.0,笠松,B3組,3.0,7.0,笠松,B3組,17.5,5.0,,nar,2026-08-11,64.84,71.7,58.8,85.4,54.5,66.7,45.0,履歴少 / 安定感 / 過小評価傾向 / 市場オッズ妙味
202635081107,2026-08-11,7,ロベルタカリーナ,8.0,6.0,村上忍,55.0,,1.0,3.0,盛岡,B2,1.0,2.0,盛岡,B2,2.0,2.0,盛岡,B2,7.0,3.0,水沢,B1,3.0,1.0,水沢,B1,2.2,1.0,,nar,2026-08-11,66.81,89.8,50.5,85.4,63.5,51.4,45.0,履歴少 / 安定感
202647081108,2026-08-11,8,アカリリッキー,5.0,5.0,塚本征吾,58.0,,5.0,10.0,笠松,おりひめ特別(B),7.0,8.0,笠松,長良川特別(A),7.0,9.0,笠松,アジサイ特別(A),4.0,5.0,笠松,鵜舟特別(A),8.0,9.0,笠松,笠松けいば金曜日ライ(A),12.6,8.0,,nar,2026-08-11,59.42,59.5,66.9,45.0,59.0,69.4,45.0,履歴少 / 人気以上に走る傾向 / 過小評価傾向 / 市場オッズ妙味
202646081108,2026-08-11,8,インヴァリアンス,1.0,1.0,栗原大河,57.0,,1.0,1.0,金沢,お家でネット投票!楽(C1),1.0,1.0,金沢,C25,12.0,11.0,園田,大阪発刊45周年記念(A1A2),5.0,8.0,園田,青葉特別A1,3.0,7.0,園田,穀雨特別A1A2,1.2,1.0,,nar,2026-08-11,65.3,76.3,54.6,80.2,75.5,54.7,45.0,履歴少 / 近走上向き / 安定感
202630081108,2026-08-11,8,エイシンキャノピー,3.0,3.0,坂下秀樹,55.0,,12.0,12.0,門別,グランシャリオドリー(C4),10.0,11.0,門別,3歳以上C4ー2,12.0,12.0,門別,3歳以上C4ー2,7.0,7.0,門別,3歳以上C4ー2,10.0,11.0,門別,3歳以上C4ー2,348.0,9.0,,nar,2026-08-11,35.72,23.5,52.5,0.0,36.5,54.8,45.0,履歴少
202635081108,2026-08-11,8,エールプレジール,3.0,3.0,佐々木志,56.0,,4.0,2.0,盛岡,C1一組,1.0,2.0,盛岡,オッズパーク賞(C1),3.0,6.0,盛岡,プルメリア賞(C1),1.0,4.0,水沢,不動の滝賞(C1),2.0,1.0,盛岡,マグオート賞(C1),9.3,3.0,,nar,2026-08-11,67.37,88.7,54.0,100.0,36.5,62.1,45.0,履歴少 / 安定感
202630081108,2026-08-11,8,オセロ,6.0,6.0,藤田凌駕,55.0,,4.0,7.0,門別,3歳以上C4ー2,3.0,3.0,門別,3歳以上C4ー2,3.0,4.0,門別,3歳以上C4ー2,6.0,8.0,門別,3歳以上C4ー2,6.0,10.0,門別,ウツギ特別(C4),6.8,4.0,,nar,2026-08-11,65.13,75.6,62.7,75.1,53.0,64.7,45.0,履歴少 / 安定感
202630081108,2026-08-11,8,オーベール,9.0,8.0,黒澤愛斗,55.0,,12.0,11.0,門別,3歳以上C4ー2,10.0,10.0,門別,3歳以上C4ー2,9.0,9.0,門別,3歳以上C4ー2,11.0,11.0,門別,とみくるマルシェ賞(C4),7.0,9.0,門別,3歳以上C4ー2,180.6,7.0,,nar,2026-08-11,35.23,26.0,49.3,0.0,33.5,54.1,45.0,履歴少
202646081108,2026-08-11,8,カクシン,8.0,8.0,平瀬城久,57.0,,6.0,8.0,金沢,夏野菜でおいしく水分(B2),10.0,7.0,金沢,B24,7.0,8.0,金沢,B23,5.0,6.0,金沢,リクム初競馬予想記念(B2特別),11.0,7.0,金沢,B23,99.1,7.0,,nar,2026-08-11,46.03,47.5,48.5,14.6,63.5,51.5,45.0,履歴少
202647081108,2026-08-11,8,カタルシス,2.0,2.0,筒井勇介,58.0,,5.0,6.0,笠松,風薫る特別(A),3.0,3.0,笠松,飛騨川特別(A),5.0,5.0,笠松,鵜匠特別(A),2.0,4.0,笠松,大杉特別(A),3.0,3.0,笠松,美祭特別(B),4.2,1.0,,nar,2026-08-11,63.97,77.1,54.2,100.0,39.5,58.1,45.0,履歴少 / 安定感
202642081108,2026-08-11,8,キャストライトオン,9.0,7.0,鷹見陸,55.0,,1.0,4.0,船橋,カンナダッシュ(C1),8.0,4.0,浦和,夕凪特別(C1),1.0,2.0,浦和,大宮宿賞(C1),1.0,9.0,船橋,ムササビダッシュ(C2C3),9.0,3.0,浦和,上尾串ぎょうざ賞(C2),8.1,6.0,,nar,2026-08-11,64.75,79.4,54.6,64.7,72.5,60.2,45.0,履歴少 / 近走上向き / 安定感
202642081108,2026-08-11,8,クリノウィリアム,3.0,3.0,櫻井光輔,57.0,,1.0,2.0,川崎,迅速賞(C1),2.0,4.0,船橋,牡牛座スプリント(B3),1.0,1.0,川崎,丸子の渡し賞(C1),2.0,2.0,浦和,春光特別(C1),1.0,2.0,浦和,浦和800ラウンド(C2),5.5,3.0,,nar,2026-08-11,71.88,96.8,56.3,100.0,53.0,59.9,45.0,履歴少 / 安定感
202642081108,2026-08-11,8,ケイアイマゴラ,7.0,6.0,町田直希,55.0,,8.0,10.0,浦和,第78回小川町七夕ま(C1),4.0,3.0,浦和,粕壁宿特別(C1),8.0,9.0,浦和,疾駆特別(C1),6.0,8.0,船橋,こどもの日スプリント(C1),5.0,7.0,浦和,フリージア特別(C1),59.9,9.0,,nar,2026-08-11,50.82,56.8,57.4,35.3,36.5,57.4,45.0,履歴少
202647081108,2026-08-11,8,コパノデーヴィド,6.0,6.0,加藤聡一,58.0,,11.0,12.0,名古屋,B4組,12.0,9.0,名古屋,ラス・アルハゲ特別(B),8.0,11.0,名古屋,半夏生特別(A),11.0,8.0,名古屋,嘉祥特別(A),9.0,8.0,名古屋,小満特別(A),5.5,4.0,,nar,2026-08-11,35.7,24.4,47.3,0.0,44.0,55.3,45.0,履歴少
202646081108,2026-08-11,8,ゴルティス,9.0,8.0,中島龍也,55.0,,8.0,1.0,金沢,新鮮野菜がいっぱい金(B2),1.0,4.0,金沢,C13,6.0,3.0,金沢,裕紀くん!寛太くん!(C1),4.0,2.0,金沢,C12,1.0,1.0,金沢,C18,8.0,2.0,,nar,2026-08-11,48.54,71.6,34.1,49.8,20.0,53.0,45.0,履歴少
202635081108,2026-08-11,8,ゴールドクレスト,6.0,5.0,斉藤友香,52.0,,6.0,4.0,盛岡,B2一組,1.0,4.0,盛岡,B2,1.0,9.0,盛岡,イグナイター特別(C1),8.0,10.0,水沢,岩手県政150周年記(C1),6.0,6.0,水沢,B2三組,19.1,7.0,,nar,2026-08-11,60.67,75.5,64.1,44.7,38.0,69.4,45.0,履歴少 / 過小評価傾向 / 市場オッズ妙味
202635081108,2026-08-11,8,サムズアップ,8.0,6.0,大坪慎,56.0,,6.0,6.0,盛岡,B2二組,4.0,7.0,盛岡,ジュライC(B2),3.0,8.0,盛岡,ドンフランキー特別(B2),9.0,7.0,水沢,B2,5.0,7.0,水沢,シベリアンアイリス賞(B1B2),17.9,6.0,,nar,2026-08-11,59.27,66.1,61.6,55.0,45.5,67.5,45.0,履歴少 / 過小評価傾向 / 市場オッズ妙味
202647081108,2026-08-11,8,サンセットカラー,7.0,7.0,深澤杏花,53.0,,3.0,6.0,笠松,B2組,5.0,7.0,笠松,ひこぼし特別(B),7.0,6.0,笠松,花撫子特別(A),5.0,8.0,笠松,風待月特別(AB),8.0,10.0,笠松,小瀬鵜飼特別(AB),11.0,7.0,,nar,2026-08-11,64.42,67.2,63.0,69.9,69.5,66.1,45.0,履歴少 / 近走上向き / 安定感 / 過小評価傾向
202642081108,2026-08-11,8,シェナウエーブ,11.0,8.0,七夕裕次,57.0,,2.0,6.0,浦和,七夕月特別(B2B3),11.0,8.0,浦和,荒川特別(B3),8.0,2.0,浦和,田草月特別(B2B3),6.0,2.0,浦和,花吹雪特別(B2B3),2.0,3.0,浦和,埼玉の酪農応援賞特別(B2B3),8.9,7.0,,nar,2026-08-11,53.14,59.9,41.6,40.7,78.5,54.1,45.0,履歴少 / 近走上向き
202647081108,2026-08-11,8,シュプリームアロー,4.0,4.0,望月洵輝,57.0,,2.0,3.0,笠松,B2組,8.0,8.0,笠松,B2組,3.0,4.0,笠松,風待月特別(AB),2.0,1.0,笠松,B3組,4.0,4.0,笠松,金華山特別(B),4.9,2.0,,nar,2026-08-11,63.27,76.8,52.5,75.1,63.5,57.4,45.0,履歴少 / 安定感
202647081108,2026-08-11,8,ジョリーメモリー,3.0,3.0,馬渕繁治,57.0,,4.0,4.0,笠松,B2組,2.0,3.0,笠松,糸貫川特別(B),7.0,7.0,笠松,風待月特別(AB),12.0,9.0,笠松,小瀬鵜飼特別(AB),2.0,9.0,笠松,猫スティン2周年&和(B),8.2,6.0,,nar,2026-08-11,60.16,67.6,53.7,65.7,60.5,62.2,45.0,履歴少 / 安定感
202646081108,2026-08-11,8,スタイルユアセルフ,2.0,2.0,柴田勇真,55.0,,1.0,1.0,金沢,C14,2.0,3.0,金沢,C13,2.0,1.0,金沢,C18,1.0,1.0,金沢,蜜丸さくもYouTu(C2),2.0,1.0,金沢,C210,9.4,3.0,,nar,2026-08-11,69.96,95.6,49.6,100.0,54.5,58.9,45.0,履歴少 / 安定感
202646081108,2026-08-11,8,スリーオウギ,7.0,7.0,鈴木太一,57.0,,8.0,9.0,金沢,夏野菜でおいしく水分(B2),8.0,11.0,金沢,B23,8.0,9.0,金沢,B23,10.0,8.0,金沢,シビル30周年記念杯(B2),9.0,10.0,金沢,リクム初競馬予想記念(B2特別),213.6,9.0,,nar,2026-08-11,44.11,40.8,57.4,0.0,54.5,56.1,45.0,履歴少
202647081108,2026-08-11,8,セブンスストリート,1.0,1.0,東川慎,58.0,,4.0,8.0,名古屋,祝い亀賞(B),5.0,7.0,名古屋,B3組,8.0,7.0,名古屋,B3組,5.0,5.0,名古屋,小原の四季桜賞(B),8.0,3.0,名古屋,B3組,5.4,3.0,,nar,2026-08-11,60.07,63.2,57.0,69.9,65.0,57.2,45.0,履歴少 / 近走上向き / 安定感
202635081108,2026-08-11,8,タイキクラージュ,4.0,4.0,山本政聡,56.0,,7.0,3.0,盛岡,B2二組,3.0,3.0,盛岡,B2,3.0,6.0,盛岡,B2二組,6.0,10.0,水沢,B2,7.0,8.0,水沢,シベリアンアイリス賞(B1B2),11.5,4.0,,nar,2026-08-11,54.06,67.5,50.4,44.7,36.5,63.0,45.0,履歴少
202635081108,2026-08-11,8,タイセイアダマス,2.0,2.0,岩本怜,56.0,,9.0,8.0,盛岡,B2一組,8.0,8.0,盛岡,B2,9.0,8.0,盛岡,夢・希望未来へ前進(B1),7.0,8.0,水沢,B1,5.0,5.0,水沢,オッズパーク賞(B1),90.0,12.0,,nar,2026-08-11,41.5,43.6,47.5,10.3,39.5,52.9,45.0,履歴少
202630081108,2026-08-11,8,ニシノカルラ,2.0,2.0,桑村真明,57.0,,13.0,16.0,3東京6,3歳未勝利,10.0,15.0,2中山8,3歳未勝利,15.0,9.0,5中山6,2歳未勝利,7.0,7.0,4東京11,2歳未勝利,5.0,6.0,4東京7,2歳未勝利,1.6,1.0,,nar,2026-08-11,36.79,22.8,57.5,10.3,27.5,54.0,45.0,履歴少
202630081108,2026-08-11,8,ニシノサーフ,4.0,4.0,小野楓馬,55.0,,5.0,3.0,門別,3歳以上C4ー2,1.0,6.0,門別,グランシャリオドリー(C4),10.0,3.0,門別,渓流の女王ヤマベ賞(C4),,,,,,,,,5.5,2.0,,nar,2026-08-11,54.31,68.1,43.1,55.3,53.0,52.9,45.0,履歴少
202642081108,2026-08-11,8,ニシノニューリーフ,12.0,8.0,吉留孝司,53.0,,9.0,9.0,浦和,FMNACK5FAV(C1C2),7.0,11.0,浦和,蕨宿特別(C1),11.0,11.0,浦和,疾駆特別(C1),13.0,8.0,船橋,琥珀ダッシュ(C1),6.0,12.0,浦和,フリージア特別(C1),145.4,11.0,,nar,2026-08-11,41.81,34.6,56.2,0.0,51.5,56.8,45.0,履歴少
202642081108,2026-08-11,8,ネイビーシンデレラ,2.0,2.0,笹川翼,52.0,,3.0,2.0,浦和,夕凪特別(C1),2.0,4.0,浦和,3歳　未格付,12.0,11.0,大井,優駿スプリントトライ(OP)(3歳),11.0,5.0,浦和,若駒特別(3歳),5.0,4.0,川崎,鳥語花香賞(3歳),3.9,1.0,,nar,2026-08-11,56.16,60.8,43.1,65.7,77.0,51.2,45.0,履歴少 / 近走上向き / 安定感
202635081108,2026-08-11,8,ネオネオモッズ,1.0,1.0,坂井瑛音,55.0,,4.0,7.0,盛岡,B2二組,,,盛岡,ジュライC(B2),6.0,4.0,盛岡,ドンフランキー特別(B2),11.0,5.0,水沢,B2,9.0,2.0,水沢,アロースタッド特別(B1),17.3,5.0,,nar,2026-08-11,49.93,55.4,39.9,30.4,78.0,52.4,45.0,履歴少 / 近走上向き / 市場オッズ妙味
202635081108,2026-08-11,8,バイアメ,5.0,5.0,鈴木祐,56.0,,5.0,7.0,盛岡,B2一組,5.0,8.0,盛岡,ジュライC(B2),5.0,7.0,盛岡,ドンフランキー特別(B2),4.0,8.0,水沢,B2,6.0,8.0,水沢,B1二組,23.8,10.0,,nar,2026-08-11,65.73,68.3,67.8,89.7,50.0,64.8,45.0,履歴少 / 人気以上に走る傾向 / 安定感 / 市場オッズ妙味
202646081108,2026-08-11,8,パインピーチ,3.0,3.0,田知弘久,55.0,,9.0,10.0,金沢,新鮮野菜がいっぱい金(B2),11.0,10.0,金沢,B23,8.0,6.0,金沢,B22,6.0,9.0,金沢,B22,8.0,8.0,金沢,もりもり食べよう加賀(B2特別),117.8,8.0,,nar,2026-08-11,40.32,37.9,50.7,0.0,45.5,54.1,45.0,履歴少
202642081108,2026-08-11,8,パラソーレ,10.0,7.0,西啓太,55.0,,5.0,7.0,浦和,夕凪特別(C1),9.0,8.0,浦和,稲荷山特別(B2B3),11.0,9.0,浦和,田草月特別(B2B3),1.0,3.0,浦和,カトレア特別(B3C1),2.0,7.0,川崎,光の戦士賞(C1),30.6,8.0,,nar,2026-08-11,55.56,57.7,55.4,55.3,54.5,60.2,45.0,履歴少 / 市場オッズ妙味
202642081108,2026-08-11,8,ビナラオカイ,5.0,5.0,岡村健司,52.0,,1.0,2.0,浦和,FMNACK5FAV(C1C2),1.0,2.0,浦和,3歳　未格付,4.0,3.0,浦和,初当たり賞(3歳),1.0,4.0,浦和,ドリームチャレンジ(2歳),,,,,4.5,2.0,,nar,2026-08-11,70.34,94.7,56.2,89.7,56.0,59.7,45.0,履歴少 / 安定感
202646081108,2026-08-11,8,フルゴリラ,6.0,6.0,松戸政也,57.0,,3.0,4.0,金沢,油断大敵水分補給を忘(B2),1.0,3.0,金沢,C16,5.0,4.0,金沢,C14,5.0,1.0,金沢,C17,6.0,9.0,高知,C2ー6,24.0,6.0,,nar,2026-08-11,65.09,80.0,52.3,89.7,57.5,56.9,45.0,履歴少 / 安定感 / 市場オッズ妙味
202630081108,2026-08-11,8,フレッシュノウエ,1.0,1.0,近藤翔月,54.0,,9.0,12.0,門別,3歳以上C4ー2,9.0,8.0,門別,3歳以上C4ー2,12.0,9.0,門別,グランシャリオドリー(C4),6.0,8.0,門別,3歳以上C4ー2,9.0,5.0,門別,3歳以上C4ー2,95.4,6.0,,nar,2026-08-11,39.36,34.8,49.6,0.0,50.0,51.5,45.0,履歴少
202630081108,2026-08-11,8,ブライトソール,7.0,7.0,若杉朝飛,57.0,,10.0,10.0,門別,グランシャリオドリー(C4),8.0,8.0,門別,リョウブ特別(C4),11.0,12.0,門別,グランシャリオドリー(C4),14.0,14.0,門別,グランシャリオドリー(C4),10.0,12.0,門別,ウツギ特別(C4),181.1,8.0,,nar,2026-08-11,38.85,26.3,52.8,0.0,54.5,55.5,45.0,履歴少
202646081108,2026-08-11,8,ブレイブゼウス,5.0,5.0,青柳正義,57.0,,6.0,2.0,金沢,新鮮野菜がいっぱい金(B2),2.0,2.0,金沢,B25,1.0,2.0,金沢,C13,3.0,2.0,金沢,C17,3.0,1.0,金沢,C19,11.2,4.0,,nar,2026-08-11,56.66,81.9,40.4,69.6,27.5,56.4,45.0,履歴少 / 安定感
202635081108,2026-08-11,8,ブローヴェイス,11.0,8.0,村上忍,56.0,,2.0,2.0,盛岡,B2二組,6.0,4.0,盛岡,ジュライC(B2),2.0,1.0,盛岡,ドンフランキー特別(B2),3.0,3.0,水沢,シベリアンアイリス賞(B1B2),3.0,2.0,盛岡,メイC(B2),3.0,2.0,,nar,2026-08-11,61.51,82.0,44.4,75.1,59.0,52.1,45.0,履歴少 / 安定感
202630081108,2026-08-11,8,ペンタフェリーチェ,5.0,5.0,宮内勇樹,55.0,,8.0,11.0,門別,3歳以上C4ー2,6.0,6.0,門別,ゴールデンルーキー市(C4),7.0,5.0,門別,日高山脈襟裳十勝国立(C4),1.0,1.0,門別,3歳条件未勝利(未勝利),3.0,3.0,門別,3歳条件未勝利(未勝利),8.4,5.0,,nar,2026-08-11,49.34,61.9,53.6,24.9,27.5,59.7,45.0,履歴少
202630081108,2026-08-11,8,ホープフルソング,8.0,8.0,岩橋勇二,55.0,,2.0,5.0,門別,3歳以上C4ー2,4.0,8.0,門別,3歳以上C4ー2,6.0,10.0,門別,沙流川温泉ひだか高原(C4),7.0,9.0,門別,3歳以上C4ー2,12.0,11.0,門別,ウツギ特別(C4),6.1,3.0,,nar,2026-08-11,65.86,67.6,70.2,55.3,81.5,65.5,45.0,履歴少 / 人気以上に走る傾向 / 近走上向き / 過小評価傾向
202635081108,2026-08-11,8,マイモーメント,12.0,8.0,菅原辰徳,56.0,,5.0,8.0,盛岡,B2二組,8.0,5.0,盛岡,ドンフランキー特別(B2),7.0,7.0,水沢,オッズパークフルスロ(B1),3.0,6.0,門別,スイートアリッサム特(A4),10.0,10.0,門別,北海道競馬記者クラブ(A3),19.2,8.0,,nar,2026-08-11,55.56,57.1,54.2,45.0,62.0,66.0,45.0,履歴少 / 過小評価傾向 / 市場オッズ妙味
202642081108,2026-08-11,8,マジュツシカエル,6.0,5.0,和田譲治,55.0,,2.0,5.0,浦和,夕凪特別(C1),2.0,3.0,浦和,蕨宿特別(C1),4.0,4.0,浦和,疾駆特別(C1),1.0,2.0,浦和,特選(C1C2),3.0,5.0,川崎,丸子の渡し賞(C1),6.7,4.0,,nar,2026-08-11,71.14,89.2,60.6,100.0,53.0,62.6,45.0,履歴少 / 安定感
202647081108,2026-08-11,8,マッティーナ,8.0,8.0,松本一心,58.0,,12.0,12.0,名古屋,へびつかい座特別(B),10.0,8.0,名古屋,星合特別(B),10.0,9.0,名古屋,アンタレス特別(B),10.0,8.0,名古屋,アルフェッカ特別(B),1.0,7.0,名古屋,B5組,6.5,5.0,,nar,2026-08-11,36.83,30.6,47.4,10.3,24.5,58.6,45.0,履歴少
202635081108,2026-08-11,8,マルケイアロー,9.0,7.0,山本聡紀,56.0,,9.0,9.0,盛岡,ラビットイヤー賞(B2),11.0,11.0,盛岡,ソウルラッシュ特別(B2),7.0,10.0,盛岡,B1三組,9.0,5.0,盛岡,B1二組B2一組混合(B1B2),9.0,10.0,水沢,B1二組,64.8,11.0,,nar,2026-08-11,40.03,35.2,50.8,0.0,50.0,53.5,45.0,履歴少
202646081108,2026-08-11,8,マークオブゾロ,4.0,4.0,甲賀弘隆,57.0,,7.0,3.0,金沢,夏野菜でおいしく水分(B2),6.0,2.0,金沢,B24,2.0,4.0,金沢,B25,1.0,3.0,金沢,秀明くん生まれてきて(C1),3.0,3.0,金沢,C16,23.9,5.0,,nar,2026-08-11,50.15,72.2,39.3,44.7,26.0,53.7,45.0,履歴少 / 市場オッズ妙味
202635081108,2026-08-11,8,ミツカネヴィーナス,7.0,6.0,高橋悠里,54.0,,3.0,1.0,盛岡,B2二組,12.0,14.0,1福島4,4歳以上1勝クラス,9.0,12.0,2中山8,4歳以上1勝クラス,7.0,12.0,2中山2,4歳以上1勝クラス,11.0,15.0,5中京3,3歳以上1勝クラス,2.6,1.0,,nar,2026-08-11,55.08,45.3,61.4,30.4,90.5,61.9,45.0,履歴少 / 近走上向き
202635081108,2026-08-11,8,メイショウメイスイ,10.0,7.0,関本玲花,54.0,,8.0,5.0,盛岡,B2二組,1.0,9.0,盛岡,プルメリア賞(C1),2.0,6.0,水沢,ディセントラ賞(C1),2.0,5.0,水沢,ホワイトクローバー賞(C1),9.0,6.0,盛岡,C1一組,20.1,9.0,,nar,2026-08-11,59.05,73.6,64.0,59.3,23.0,62.1,45.0,履歴少 / 市場オッズ妙味
202642081108,2026-08-11,8,モーニングタンポポ,4.0,4.0,見越彬央,53.0,,12.0,10.0,船橋,カンナダッシュ(C1),9.0,9.0,浦和,夕凪特別(C1),10.0,6.0,浦和,蕨宿特別(C1),4.0,10.0,浦和,フリージア特別(C1),7.0,11.0,川崎,丸子の渡し賞(C1),265.1,12.0,,nar,2026-08-11,38.37,34.6,49.2,14.6,23.0,56.1,45.0,履歴少
202642081108,2026-08-11,8,ラタランテラ,1.0,1.0,木間塚龍,54.0,,10.0,8.0,船橋,馬い!青レモンは佐賀(B3),9.0,2.0,川崎,流星光底賞(B3),7.0,2.0,浦和,稲荷山特別(B2B3),4.0,3.0,船橋,オオカミ座ダッシュ(B2B3),1.0,1.0,川崎,ブレッザ賞(3歳),62.3,10.0,,nar,2026-08-11,36.11,49.2,25.6,24.9,21.5,43.8,45.0,履歴少
202642081108,2026-08-11,8,ワイルドゴーア,8.0,6.0,野畑凌,57.0,,7.0,8.0,1函館3,3歳以上1勝クラス,12.0,7.0,1新潟1,4歳以上1勝クラス,8.0,3.0,1新潟7,はやぶさ賞(1勝クラス),15.0,14.0,2阪神8,3歳1勝クラス,1.0,3.0,1小倉7,3歳未勝利,7.7,5.0,,nar,2026-08-11,40.12,37.8,36.9,10.3,62.0,53.5,45.0,履歴少
202635081109,2026-08-11,9,アルカイックスター,5.0,5.0,菅原辰徳,54.0,,7.0,9.0,盛岡,アンバー賞(3歳),4.0,11.0,盛岡,サファイア賞(重賞),8.0,5.0,水沢,3歳B2二組,5.0,4.0,盛岡,3歳B2一組,2.0,3.0,盛岡,3歳B2二組,32.8,9.0,,nar,2026-08-11,55.78,62.9,62.0,49.8,36.5,60.2,45.0,履歴少 / 市場オッズ妙味
202630081109,2026-08-11,9,アンジュパラディ,5.0,5.0,藤田凌駕,52.0,,3.0,7.0,門別,キリンソウ特別(B4),4.0,3.0,門別,ハマナス特別(B4),3.0,5.0,門別,グランシャリオドリー(B4),6.0,7.0,門別,キタコブシ特別(B4),4.0,7.0,門別,リーディングジョッキ(B4),78.0,7.0,,nar,2026-08-11,66.76,77.7,62.7,85.4,57.5,59.4,45.0,履歴少 / 安定感
202647081109,2026-08-11,9,アンテナラスト,5.0,5.0,大原浩司,55.0,,6.0,6.0,笠松,ヒルガオ特別(B),8.0,3.0,笠松,ひこぼし特別(B),2.0,7.0,笠松,濃姫特別(B),7.0,5.0,笠松,稲葉山特別(B),3.0,5.0,笠松,春三日月特別(B),7.7,5.0,,nar,2026-08-11,50.85,63.6,47.6,30.1,44.0,58.7,45.0,履歴少
202630081109,2026-08-11,9,イケメンパリピ,1.0,1.0,松井伸也,55.0,,7.0,8.0,門別,ロードカナロア・プレ(B1),3.0,4.0,門別,フウリンソウ特別(B4),5.0,10.0,門別,コントレイル・プレミ(B1),6.0,7.0,門別,アナベル特別(B2),4.0,9.0,門別,クレマチス特別(B2),336.8,8.0,,nar,2026-08-11,58.38,66.8,65.4,55.0,35.0,62.0,45.0,履歴少 / 人気以上に走る傾向
202642081109,2026-08-11,9,イサチルカゼニタツ,9.0,8.0,鷹見陸,55.0,,4.0,6.0,浦和,馬トク報知杯特別(B2B3),11.0,6.0,浦和,さいたまブロンコス特(B2B3),6.0,3.0,浦和,ありがとう!またね!(B2B3),12.0,12.0,4東京1,八ヶ岳特別(2勝クラス),10.0,7.0,2福島8,猪苗代特別(2勝クラス),25.8,7.0,,nar,2026-08-11,47.24,44.6,39.2,30.4,84.5,50.5,45.0,履歴少 / 近走上向き / 市場オッズ妙味
202647081109,2026-08-11,9,エールミネルヴァ,4.0,4.0,高木健,55.0,,8.0,5.0,笠松,おりひめ特別(B),8.0,4.0,笠松,飛騨川特別(A),3.0,7.0,笠松,鵜匠特別(A),2.0,4.0,笠松,美祭特別(B),3.0,7.0,笠松,"1,580m戦スター(B)",8.3,6.0,,nar,2026-08-11,50.47,63.0,47.1,44.7,26.0,61.0,45.0,履歴少
202642081109,2026-08-11,9,カイトキング,5.0,5.0,秋元耕成,57.0,,5.0,8.0,浦和,相月特別(B2B3),8.0,6.0,浦和,鎌北湖特別(B2),2.0,4.0,浦和,ありがとう!またね!(B2B3),12.0,5.0,川崎,湘南オリーブオイル杯(B2),2.0,7.0,浦和,初夢特別(B2B3),16.1,6.0,,nar,2026-08-11,56.84,61.1,52.1,60.5,56.0,62.5,45.0,履歴少 / 安定感 / 市場オッズ妙味
202635081109,2026-08-11,9,カクメイショヤ,7.0,6.0,斉藤友香,50.0,,14.0,14.0,盛岡,オパールC(重賞),12.0,10.0,盛岡,アンバー賞(3歳),11.0,10.0,盛岡,3歳B2二組,12.0,12.0,水沢,3歳B2一組,10.0,10.0,水沢,3歳B2二組,302.7,12.0,,nar,2026-08-11,29.81,11.6,45.1,0.0,33.5,51.5,45.0,履歴少
202646081109,2026-08-11,9,キャンドルベリー,2.0,2.0,柴田勇真,55.0,,6.0,8.0,金沢,お家でネット投票!楽(A2),,,金沢,加賀友禅賞【読売レデ(重賞),3.0,8.0,金沢,お家でネット投票!楽(A2),7.0,7.0,金沢,お家でネット投票!楽(A2),12.0,11.0,金沢,お家でネット投票!楽(A2),999.9,7.0,,nar,2026-08-11,53.63,58.2,63.9,19.8,58.0,58.4,45.0,履歴少
202642081109,2026-08-11,9,グルーヴィン,10.0,8.0,見越彬央,54.0,,,2.0,浦和,’26アヴニールスプ(OP)(3歳),10.0,2.0,川崎,クラウンC(重賞),4.0,5.0,船橋,ネクストスター東日本(重賞),1.0,1.0,浦和,若盛特別(3歳),2.0,1.0,浦和,新風特別(2歳),5.7,4.0,,nar,2026-08-11,43.42,66.2,30.9,44.7,4.0,50.9,45.0,履歴少
202630081109,2026-08-11,9,ケイアイパープル,8.0,8.0,小野楓馬,57.0,,1.0,2.0,門別,夏秋どりいちごすずり(A1),2.0,2.0,門別,赤レンガ記念〔H3〕(重賞),1.0,3.0,門別,ベロニカ特別(A1),3.0,5.0,門別,アネモネ特別(A1),5.0,1.0,金沢,北国王冠(重賞),1.0,1.0,,nar,2026-08-11,71.31,92.4,54.0,100.0,60.5,50.6,61.3,距離適性 / 前走人気以上 / 安定感
202646081109,2026-08-11,9,ケテンドリーム,6.0,6.0,吉原寛人,55.0,,1.0,1.0,園田,兵庫サマークイーン賞(重賞),2.0,2.0,大井,ウイングシート賞競走(A2B1),5.0,6.0,大井,エメラルド賞競走(A2),4.0,8.0,大井,東京シンデレラマイル(重賞),2.0,4.0,大井,’25ローズベール賞(OP)(4上),2.2,1.0,,nar,2026-08-11,70.35,87.4,56.9,100.0,63.5,57.9,45.0,履歴少 / 安定感
202635081109,2026-08-11,9,コスモエーヴィヒ,3.0,3.0,山本政聡,54.0,,13.0,13.0,2東京6,3歳未勝利,15.0,11.0,1新潟2,3歳未勝利,9.0,11.0,5中京4,2歳未勝利,13.0,12.0,5東京4,2歳未勝利,7.0,8.0,2福島7,2歳未勝利,6.5,4.0,,nar,2026-08-11,31.91,14.3,45.5,0.0,38.0,56.7,45.0,履歴少
202647081109,2026-08-11,9,コパノモナルカ,1.0,1.0,向山牧,55.0,,7.0,4.0,笠松,ヒルガオ特別(B),4.0,8.0,笠松,おりひめ特別(B),4.0,5.0,笠松,花撫子特別(A),7.0,8.0,笠松,飛騨川特別(A),5.0,8.0,笠松,キキョウ特別(A),4.4,2.0,,nar,2026-08-11,55.36,64.4,55.2,55.0,38.0,60.2,45.0,履歴少
202635081109,2026-08-11,9,ゴッドアミーラ,4.0,4.0,菱田裕二,54.0,,14.0,10.0,2小倉4,3歳未勝利,12.0,9.0,3京都12,3歳未勝利,,,,,,,,,,,,,4.9,2.0,,nar,2026-08-11,31.5,21.0,31.8,18.0,38.9,47.6,45.0,履歴少 / サンプル少
202635081109,2026-08-11,9,シンハ,1.0,1.0,鈴木祐,56.0,,5.0,3.0,盛岡,3歳C2五組,7.0,2.0,4東京10,2歳未勝利,4.0,7.0,4東京2,2歳未勝利,10.0,10.0,4中山5,2歳新馬,,,,,8.4,7.0,,nar,2026-08-11,51.87,58.8,40.2,50.2,62.0,55.8,45.0,履歴少
202635081109,2026-08-11,9,ジュエルレジーナ,2.0,2.0,坂井瑛音,53.0,,13.0,13.0,盛岡,オパールC(重賞),9.0,12.0,盛岡,サファイア賞(重賞),10.0,10.0,水沢,3歳C1一組,10.0,12.0,水沢,3歳B2二組,7.0,11.0,盛岡,3歳B2一組,154.2,10.0,,nar,2026-08-11,37.42,25.2,60.2,0.0,26.0,59.4,45.0,履歴少
202646081109,2026-08-11,9,スカンジナビア,8.0,8.0,井上瑛太,55.0,,1.0,1.0,高知,ヴェガ特別,,,高知,瀬戸特別,1.0,1.0,高知,スピカ特別,1.0,1.0,高知,八畳岩特別,1.0,1.0,高知,C1C2混合,4.6,3.0,,nar,2026-08-11,67.42,100.0,50.0,75.1,50.0,56.5,45.0,履歴少 / 安定感
202635081109,2026-08-11,9,セルレーヴ,9.0,7.0,横山琉人,54.0,,15.0,9.0,2福島1,3歳未勝利,11.0,6.0,2中山5,3歳未勝利,7.0,8.0,1札幌5,2歳新馬,,,,,,,,,7.6,5.0,,nar,2026-08-11,24.13,20.3,23.2,0.0,14.0,47.8,45.0,履歴少
202646081109,2026-08-11,9,ダイヤモンドライン,5.0,5.0,魚住謙心,55.0,,3.0,4.0,金沢,能登復興祈念百万石か(重賞),2.0,6.0,金沢,金沢サマーC(重賞),9.0,8.0,金沢,百万石賞(重賞),3.0,7.0,金沢,お松の方賞(重賞),4.0,7.0,金沢,利家盃【百万石賞トラ(重賞),242.6,6.0,,nar,2026-08-11,66.25,75.7,64.0,80.2,59.0,60.6,45.0,履歴少 / 安定感
202647081109,2026-08-11,9,テルケンユミムーン,8.0,8.0,井口裕貴,52.0,,1.0,2.0,笠松,こころバースデー記念(BC),4.0,7.0,笠松,夏夜特別(C),10.0,4.0,笠松,B4組,9.0,5.0,笠松,B4組,2.0,3.0,笠松,B6組,4.8,3.0,,nar,2026-08-11,60.1,69.6,45.7,65.7,81.5,53.4,45.0,履歴少 / 近走上向き / 安定感
202642081109,2026-08-11,9,デザートウインド,4.0,4.0,西啓太,55.0,,8.0,10.0,浦和,相月特別(B2B3),12.0,10.0,浦和,武甲山特別(B2B3),12.0,8.0,浦和,水芭蕉特別(B2B3),10.0,10.0,浦和,夏初月特別(B1B2),13.0,13.0,浦和,’26ティアラC(A2),109.3,10.0,,nar,2026-08-11,37.69,23.2,45.2,0.0,72.5,50.9,45.0,履歴少 / 近走上向き
202642081109,2026-08-11,9,ドリームファイター,2.0,2.0,佐野遥久,54.0,,1.0,3.0,浦和,ツインベスト特別(3歳),6.0,2.0,浦和,ポピー特別(3歳),3.0,2.0,川崎,鶯特別(3歳),2.0,1.0,浦和,若草特別(3歳),3.0,2.0,川崎,シャイニングスター賞(2歳),7.7,5.0,,nar,2026-08-11,63.2,84.0,44.1,75.1,65.0,55.4,45.0,履歴少 / 近走上向き / 安定感
202630081109,2026-08-11,9,ニューアライブ,3.0,3.0,黒澤愛斗,52.0,,6.0,7.0,門別,王冠賞〔H2〕(重賞),6.0,7.0,1函館7,3歳以上1勝クラス,7.0,5.0,門別,北海優駿〔H1〕(重賞),5.0,3.0,門別,キタコブシ特別(B4),8.0,9.0,門別,北斗盃〔H3〕(重賞),19.8,3.0,,nar,2026-08-11,49.4,57.9,49.8,14.6,53.0,61.6,45.0,履歴少 / 市場オッズ妙味
202642081109,2026-08-11,9,ハナチルサト,1.0,1.0,町田直希,53.0,,2.0,4.0,浦和,相月特別(B2B3),4.0,6.0,浦和,幸手宿特別(B2B3),7.0,6.0,浦和,鈴蘭特別(B3),10.0,6.0,川崎,青葉空特別(B3二),4.0,5.0,浦和,花の宴特別(B3),3.6,1.0,,nar,2026-08-11,61.27,69.1,53.0,65.7,75.5,55.5,45.0,履歴少 / 近走上向き / 安定感
202642081109,2026-08-11,9,ハーモニーロワ,3.0,3.0,木間塚龍,55.0,,4.0,6.0,浦和,晩涼特別(B3),6.0,7.0,船橋,伏姫スプリント(B2B3),1.0,2.0,浦和,暮の春特別(C1),5.0,5.0,船橋,馬い!熊本菊池水田生(C1),1.0,2.0,浦和,0.875マイルでも(C1),27.1,8.0,,nar,2026-08-11,63.11,78.1,58.1,75.1,45.5,59.5,45.0,履歴少 / 安定感 / 市場オッズ妙味
202647081109,2026-08-11,9,ビナホイアン,3.0,3.0,筒井勇介,57.0,,8.0,5.0,笠松,ヒルガオ特別(B),3.0,5.0,笠松,ひこぼし特別(B),5.0,7.0,笠松,揖斐川特別(A),3.0,6.0,笠松,小瀬鵜飼特別(AB),10.0,10.0,姫路,C1,6.8,4.0,,nar,2026-08-11,54.45,62.9,52.9,59.3,33.5,60.8,45.0,履歴少
202647081109,2026-08-11,9,フィールマイウェイ,2.0,2.0,望月洵輝,57.0,,1.0,2.0,笠松,B2組,7.0,9.0,笠松,おりひめ特別(B),5.0,5.0,笠松,B2組,4.0,5.0,笠松,ジュン特別(B),6.0,5.0,笠松,小瀬鵜飼特別(AB),3.6,1.0,,nar,2026-08-11,63.71,74.1,55.9,64.7,77.0,57.4,45.0,履歴少 / 近走上向き / 安定感
202630081109,2026-08-11,9,フォレストゲート,6.0,6.0,桑村真明,55.0,,8.0,3.0,門別,ステラヴェローチェ賞(A4),1.0,1.0,門別,コントレイル・プレミ(B1),2.0,2.0,門別,アナベル特別(B2),16.0,15.0,1新潟5,4歳以上1勝クラス,13.0,13.0,1中山4,4歳以上1勝クラス,32.5,4.0,,nar,2026-08-11,48.33,56.9,38.3,44.7,50.0,52.4,45.0,履歴少 / 市場オッズ妙味
202642081109,2026-08-11,9,フクチャンキング,6.0,6.0,室陽一朗,57.0,,6.0,2.0,浦和,相月特別(B2B3),4.0,8.0,浦和,狭山湖特別(B1B2),2.0,2.0,浦和,橘月特別(B2B3),1.0,4.0,浦和,馬トク報知杯特別(B2B3),3.0,4.0,川崎,若草特別(B3三),4.2,3.0,,nar,2026-08-11,59.11,78.6,52.3,69.6,29.0,58.7,45.0,履歴少 / 安定感
202642081109,2026-08-11,9,ブレイヴルーラー,8.0,7.0,中山遥人,54.0,,3.0,8.0,浦和,晩涼特別(B3),12.0,9.0,浦和,幸手宿特別(B2B3),6.0,6.0,浦和,橘月特別(B2B3),11.0,10.0,川崎,早苗月特別(B3二),8.0,6.0,浦和,花の宴特別(B3),33.9,9.0,,nar,2026-08-11,52.54,47.8,52.9,30.4,87.5,55.6,45.0,履歴少 / 近走上向き / 市場オッズ妙味
202646081109,2026-08-11,9,プラウドフレール,7.0,7.0,本田正重,55.0,,6.0,7.0,川崎,スパーキングレディー(JpnIII),9.0,6.0,浦和,プラチナC(重賞),10.0,6.0,船橋,クイーン賞(JpnIII),6.0,3.0,大井,東京シンデレラマイル(重賞),14.0,5.0,船橋,JBCレディスクラシ(JpnI),10.9,5.0,,nar,2026-08-11,39.23,41.5,31.8,0.0,72.5,48.5,45.0,履歴少 / 近走上向き
202635081109,2026-08-11,9,ヘルヴィッツ,11.0,8.0,山本聡哉,56.0,,7.0,6.0,2福島4,3歳未勝利,6.0,17.0,2東京6,3歳未勝利,5.0,3.0,浦和,ツインゴールド特別(3歳),9.0,6.0,2中山8,3歳未勝利,6.0,10.0,1東京5,3歳新馬,5.3,3.0,,nar,2026-08-11,52.3,55.6,64.1,19.8,47.0,62.9,45.0,履歴少
202646081109,2026-08-11,9,ベアエンジェル,4.0,4.0,松戸政也,55.0,,5.0,7.0,金沢,能登復興祈念百万石か(重賞),5.0,4.0,金沢,加賀友禅賞【読売レデ(重賞),4.0,5.0,金沢,金沢サマーC(重賞),4.0,4.0,金沢,スマホで投票!楽天競(A1),6.0,7.0,高知,スピカ特別,999.9,8.0,,nar,2026-08-11,61.53,69.9,54.6,89.7,48.5,55.5,45.0,履歴少 / 安定感
202646081109,2026-08-11,9,ホーリーグレイル,3.0,3.0,矢野貴之,55.0,,4.0,5.0,川崎,スパーキングレディー(JpnIII),4.0,1.0,浦和,しらさぎ賞[地方交流(重賞),5.0,5.0,船橋,クイーン賞(JpnIII),1.0,4.0,大井,東京シンデレラマイル(重賞),1.0,5.0,園田,楠賞(重賞),2.6,2.0,,nar,2026-08-11,64.82,80.4,52.9,100.0,42.5,57.3,45.0,履歴少 / 安定感
202647081109,2026-08-11,9,マイネルジュリアン,7.0,7.0,松本一心,57.0,,2.0,7.0,金沢,C14,3.0,9.0,金沢,ダッシュダッシュいの(C1特別),3.0,7.0,金沢,九谷焼特別(C1),6.0,9.0,金沢,秀明くん生まれてきて(C1),8.0,7.0,金沢,C14,13.1,7.0,,nar,2026-08-11,72.77,78.8,79.0,75.1,68.0,72.0,45.0,履歴少 / 人気以上に走る傾向 / 近走上向き / 安定感
202642081109,2026-08-11,9,マッスル,7.0,7.0,笹川翼,54.0,,13.0,7.0,船橋,東京湾C(重賞),1.0,1.0,浦和,若駒特別(3歳),2.0,1.0,川崎,鶯特別(3歳),9.0,4.0,大井,’26スターバースト(OP)(3歳),2.0,3.0,川崎,フェブラリーフラワー(3歳),3.9,2.0,,nar,2026-08-11,42.01,59.1,31.5,55.0,0.0,48.6,45.0,履歴少
202635081109,2026-08-11,9,マトリカリア,12.0,8.0,小林凌,54.0,,3.0,4.0,盛岡,3歳C2七組,8.0,7.0,盛岡,3歳C2六組,9.0,6.0,盛岡,3歳C2四組,12.0,12.0,2東京10,3歳未勝利,6.0,16.0,1新潟4,3歳未勝利,31.8,8.0,,nar,2026-08-11,54.08,51.6,53.5,30.4,84.5,60.9,45.0,履歴少 / 近走上向き / 市場オッズ妙味
202647081109,2026-08-11,9,マルヨファーザ,6.0,6.0,東川慎,55.0,,8.0,8.0,笠松,アサガオ特別(B),9.0,4.0,笠松,ひこぼし特別(B),5.0,4.0,笠松,花撫子特別(A),9.0,6.0,笠松,キキョウ特別(A),8.0,8.0,笠松,鵜匠特別(A),15.4,8.0,,nar,2026-08-11,42.4,45.6,36.8,19.8,48.5,57.9,45.0,履歴少 / 市場オッズ妙味
202635081109,2026-08-11,9,ヤジロベエバランス,8.0,6.0,村上忍,54.0,,7.0,10.0,1函館7,3歳未勝利,7.0,16.0,2東京7,3歳未勝利,8.0,7.0,1福島2,3歳未勝利,7.0,11.0,1中山7,3歳新馬,,,,,4.1,1.0,,nar,2026-08-11,52.99,50.2,77.6,0.0,52.0,68.2,45.0,履歴少 / 人気以上に走る傾向 / 過小評価傾向
202630081109,2026-08-11,9,ヤマニンステラータ,2.0,2.0,宮内勇樹,56.0,,3.0,5.0,門別,赤レンガ記念〔H3〕(重賞),4.0,4.0,門別,ソフトカツゲン発売7(A3),3.0,5.0,門別,コスモバルク記念〔H(重賞),6.0,5.0,門別,スミレ特別(A3),5.0,5.0,2京都5,鴨川特別(2勝クラス),6.9,2.0,,nar,2026-08-11,65.21,76.9,56.0,85.4,59.0,60.2,45.0,履歴少 / 安定感
202630081109,2026-08-11,9,ヨシイチ,4.0,4.0,阿部龍,55.0,,9.0,2.0,門別,コントレイル・プレミ(B1),3.0,2.0,門別,キタサンブラック・プ(B2),11.0,1.0,大井,出羽坂賞競走(B3),14.0,1.0,大井,狸穴坂賞競走(B3),1.0,1.0,大井,おうし座特別競走(C1),38.7,5.0,,nar,2026-08-11,32.96,46.2,6.3,35.3,39.5,36.1,45.0,履歴少 / 市場オッズ妙味
202635081109,2026-08-11,9,ライトアズフェザー,10.0,7.0,阿部英俊,54.0,,11.0,10.0,盛岡,3歳C2一組,5.0,9.0,金沢,3歳A　4,5.0,8.0,金沢,イエローダイヤモンド(3歳),5.0,3.0,金沢,3歳B　5特編(3歳5),5.0,4.0,金沢,バイオレットスターサ(3歳),157.8,11.0,,nar,2026-08-11,50.75,53.4,56.2,69.6,14.0,55.5,45.0,履歴少 / 安定感
202646081109,2026-08-11,9,ルージュミラージュ,1.0,1.0,栗原大河,55.0,,1.0,1.0,金沢,加賀友禅賞【読売レデ(重賞),1.0,1.0,金沢,スマホで投票!楽天競(A1),10.0,10.0,1新潟1,三条S(3勝クラス),13.0,11.0,1小倉5,豊前S(3勝クラス),14.0,9.0,4京都4,天橋立S(3勝クラス),9.9,4.0,,nar,2026-08-11,58.71,61.4,44.3,55.3,100.0,55.2,45.0,履歴少 / 近走上向き
202630081109,2026-08-11,9,ルーパステソーロ,7.0,7.0,落合玄太,56.0,,4.0,5.0,門別,夏秋どりいちごすずり(A1),6.0,5.0,門別,富永啓生セレブレーシ(A1),4.0,3.0,佐賀,カーネーション特別(B),1.0,1.0,佐賀,第13回エーエスピー(B),1.0,2.0,佐賀,長崎街道常盤橋特選(C1),43.1,6.0,,nar,2026-08-11,60.44,78.0,49.7,75.1,44.0,56.3,45.0,履歴少 / 安定感 / 市場オッズ妙味
202635081109,2026-08-11,9,ロココ,6.0,5.0,高松亮,54.0,,12.0,11.0,2福島2,3歳未勝利,2.0,2.0,金沢,加賀九谷賞(未勝利)(3歳牝馬),6.0,7.0,1新潟4,3歳未勝利,6.0,6.0,2中山2,3歳未勝利,4.0,7.0,2京都5,3歳未勝利,7.7,6.0,,nar,2026-08-11,45.57,55.0,51.4,35.3,5.0,60.6,45.0,履歴少
202646081110,2026-08-11,10,アギト,5.0,5.0,栗原大河,57.0,,3.0,6.0,金沢,B24,3.0,8.0,金沢,B24,1.0,5.0,金沢,孝明杯(C1),1.0,2.0,金沢,ダーチー&タナシー男(C2特別),8.0,8.0,金沢,C22,7.9,6.0,,nar,2026-08-11,71.95,85.4,71.7,89.7,51.5,67.2,45.0,履歴少 / 人気以上に走る傾向 / 安定感 / 過小評価傾向
202630081110,2026-08-11,10,アマルフィー,6.0,6.0,小野楓馬,56.0,,6.0,5.0,佐賀,ロベリア賞(A2),6.0,7.0,佐賀,SAGAリベンジャー(A2),5.0,6.0,佐賀,FUJI4周年記念レ(A2),2.0,1.0,佐賀,ギガンテウム賞,2.0,2.0,佐賀,八十八夜賞(B),22.3,7.0,,nar,2026-08-11,53.59,69.6,50.0,44.7,36.5,56.3,45.0,履歴少 / 市場オッズ妙味
202646081110,2026-08-11,10,アルマイナンナ,2.0,2.0,中島龍也,55.0,,2.0,3.0,金沢,油断大敵水分補給を忘(B2),7.0,3.0,金沢,B25,6.0,1.0,金沢,B24,2.0,5.0,金沢,B26,1.0,2.0,金沢,C16,6.1,2.0,,nar,2026-08-11,57.81,76.5,42.0,55.3,62.0,55.1,45.0,履歴少
202635081110,2026-08-11,10,アンズアメ,9.0,8.0,川田将雅,52.0,,1.0,1.0,3阪神2,水無月S(OP),1.0,2.0,3京都10,高瀬川S(3勝クラス),2.0,2.0,2阪神8,陽春S(3勝クラス),3.0,2.0,2中山1,春風S(3勝クラス),3.0,1.0,5中山8,フェアウェルS(3勝クラス),3.4,2.0,,nar,2026-08-11,69.21,94.4,49.3,100.0,57.5,53.9,45.0,履歴少 / 安定感
202647081110,2026-08-11,10,インティパイロ,5.0,5.0,筒井勇介,55.0,,1.0,3.0,笠松,B8組,2.0,1.0,笠松,佐藤悠介・あやね結婚(BC),3.0,2.0,笠松,宮川特別(C),1.0,1.0,笠松,みさ誕生へしこ記念(C),4.0,4.0,園田,豪快キャプテン☆来場(C1),11.3,5.0,,nar,2026-08-11,70.16,92.4,51.1,100.0,59.0,60.3,45.0,履歴少 / 安定感
202642081110,2026-08-11,10,エアポートライナー,8.0,8.0,笹川翼,57.0,,1.0,1.0,浦和,文月特別(A2B1),3.0,3.0,浦和,狭山湖特別(B1B2),3.0,9.0,浦和,五月特別(A2),3.0,4.0,船橋,六実特別(A2B1),6.0,5.0,浦和,五月特別(A2),1.6,1.0,,nar,2026-08-11,69.32,86.4,58.6,89.7,66.5,55.9,45.0,履歴少 / 近走上向き / 安定感
202647081110,2026-08-11,10,エイシンヤタガラス,9.0,8.0,望月洵輝,57.0,,1.0,1.0,笠松,第1回みなと杯(B),2.0,1.0,笠松,B3組,2.0,2.0,笠松,B3組,2.0,1.0,笠松,B4組,4.0,3.0,笠松,春鳥特別(B),4.1,2.0,,nar,2026-08-11,68.29,92.8,46.5,100.0,59.0,54.1,45.0,履歴少 / 安定感
202642081110,2026-08-11,10,エリンアキレウス,5.0,5.0,杉山海波,53.0,,1.0,9.0,川崎,かなテクカレッジ記念(B1B2),7.0,6.0,浦和,涼月特別(B1),6.0,6.0,浦和,狭山湖特別(B1B2),6.0,5.0,浦和,五月特別(A2),1.0,7.0,浦和,夏初月特別(B1B2),8.1,3.0,,nar,2026-08-11,64.87,74.3,68.6,40.7,74.0,66.7,45.0,履歴少 / 人気以上に走る傾向 / 近走上向き / 過小評価傾向
202642081110,2026-08-11,10,オーシンスキャット,4.0,4.0,野畑凌,55.0,,10.0,9.0,船橋,群青特別(A2B1),8.0,1.0,浦和,如月特別(B1),4.0,4.0,浦和,新春賞(A2),1.0,3.0,船橋,トパーズ特別(B1B2),5.0,2.0,浦和,栃木県畜産協会長賞特(B2B3),29.4,7.0,,nar,2026-08-11,43.2,56.1,35.5,44.7,17.0,50.5,45.0,履歴少 / 市場オッズ妙味
202647081110,2026-08-11,10,カプア,7.0,7.0,松本一心,55.0,,1.0,1.0,笠松,ガンバロウ笠松競馬(B),1.0,2.0,笠松,馬瀬川特別(C),1.0,2.0,笠松,C5組,9.0,3.0,笠松,SKE48太田彩夏の(C),1.0,2.0,笠松,C9組,3.0,1.0,,nar,2026-08-11,66.41,90.7,47.7,85.4,62.0,52.7,45.0,履歴少 / 安定感
202647081110,2026-08-11,10,キングミニスター,4.0,4.0,加藤聡一,57.0,,2.0,1.0,笠松,ヒルガオ特別(B),2.0,2.0,笠松,ひこぼし特別(B),3.0,6.0,笠松,揖斐川特別(A),11.0,9.0,名古屋,B4組,7.0,6.0,名古屋,B4組,5.2,3.0,,nar,2026-08-11,63.14,75.8,49.3,75.1,72.5,56.4,45.0,履歴少 / 近走上向き / 安定感
202630081110,2026-08-11,10,クラサーベル,3.0,3.0,松井伸也,57.0,,5.0,5.0,門別,ホクレン玉ねぎ「真白(A3),8.0,8.0,門別,日高銀聖特別(A2),7.0,6.0,門別,日高町建設協会特別(A4),7.0,8.0,門別,登別地獄の谷の鬼花火(A3),3.0,5.0,門別,ホクレンえん麦特別(A4),77.8,9.0,,nar,2026-08-11,52.51,58.2,51.1,40.7,57.5,54.8,45.0,履歴少
202635081110,2026-08-11,10,クリダーム,5.0,5.0,村上忍,54.0,,8.0,10.0,盛岡,スプリント特別(OP),7.0,8.0,盛岡,スプリント特別(OP),7.0,10.0,盛岡,岩鷲賞(重賞),4.0,10.0,水沢,早池峰賞(重賞),7.0,7.0,盛岡,スプリント特別(OP),212.8,8.0,,nar,2026-08-11,50.34,53.1,66.3,14.6,39.5,61.3,45.0,履歴少 / 人気以上に走る傾向
202635081110,2026-08-11,10,クロジシジョー,2.0,2.0,菱田裕二,54.0,,6.0,8.0,3阪神2,水無月S(OP),5.0,9.0,3京都8,栗東S(L),7.0,12.0,2阪神3,ポラリスS(OP),10.0,4.0,5中山4,カペラS(GIII),5.0,4.0,船橋,JBCスプリント(JpnI),19.3,4.0,,nar,2026-08-11,54.9,56.6,61.3,35.3,54.5,64.8,45.0,履歴少 / 市場オッズ妙味
202642081110,2026-08-11,10,ケンアトラス,3.0,3.0,藤本現暉,57.0,,2.0,3.0,浦和,文月特別(A2B1),6.0,6.0,大井,ブラッドストーン賞競(A2B1),3.0,5.0,浦和,梅花賞(OP)(4上),2.0,4.0,大井,ジュエリーアイス賞競(A2B1),2.0,1.0,浦和,新春賞(A2),4.9,2.0,,nar,2026-08-11,65.3,82.4,56.2,75.1,57.5,59.4,45.0,履歴少 / 安定感
202635081110,2026-08-11,10,サンライズアムール,3.0,3.0,幸英明,55.0,,7.0,4.0,3阪神2,水無月S(OP),6.0,9.0,5中山4,カペラS(GIII),3.0,3.0,船橋,JBCスプリント(JpnI),3.0,3.0,大井,東京盃競走(JpnII),1.0,1.0,盛岡,クラスターC(JpnIII),1.3,1.0,,nar,2026-08-11,51.63,69.9,48.9,44.7,27.5,51.1,45.0,履歴少
202630081110,2026-08-11,10,シシャモフレンド,4.0,4.0,落合玄太,56.0,,1.0,2.0,門別,夕張メロン、味は特別(A4),7.0,1.0,門別,JA門別馬舞米特別(A3),6.0,6.0,門別,ハルジオン特別(A3),3.0,2.0,門別,シバザクラ特別(A1),8.0,4.0,門別,サイネリア特別(A4),4.2,2.0,,nar,2026-08-11,55.67,72.0,37.7,45.0,80.0,49.6,45.0,履歴少 / 近走上向き
202647081110,2026-08-11,10,シュレディンガー,6.0,6.0,深澤杏花,55.0,,4.0,8.0,笠松,ヒルガオ特別(B),4.0,2.0,笠松,糸貫川特別(B),8.0,9.0,笠松,ジュン特別(B),7.0,6.0,笠松,かがり火特別(B),6.0,5.0,笠松,金華山特別(B),30.7,9.0,,nar,2026-08-11,57.92,64.5,54.7,55.3,63.5,56.9,45.0,履歴少 / 市場オッズ妙味
202642081110,2026-08-11,10,ジョーエスポワール,6.0,6.0,西啓太,57.0,,6.0,7.0,船橋,皐月盃(OP)(4上),10.0,12.0,船橋,京成盃グランドマイラ(重賞),7.0,9.0,川崎,報知オールスターカッ(重賞),1.0,6.0,船橋,鯛ノ浦特別(A2B1),10.0,10.0,大井,トパーズ賞競走(OP)(3上),8.8,4.0,,nar,2026-08-11,52.25,53.0,63.5,14.6,56.0,65.8,45.0,履歴少 / 過小評価傾向
202635081110,2026-08-11,10,スプラウティング,1.0,1.0,塚本涼人,54.0,,3.0,3.0,盛岡,岩鷲賞(重賞),2.0,3.0,水沢,早池峰賞(重賞),2.0,1.0,盛岡,スプリント特別(OP),3.0,2.0,水沢,栗駒賞(重賞),2.0,1.0,水沢,白嶺賞(重賞),106.4,6.0,,nar,2026-08-11,65.69,88.4,48.6,100.0,45.5,52.2,45.0,履歴少 / 安定感
202647081110,2026-08-11,10,スマートテンペスト,8.0,7.0,細川智史,57.0,,1.0,4.0,笠松,B3組,9.0,3.0,笠松,B2組,4.0,4.0,笠松,小瀬鵜飼特別(AB),2.0,3.0,笠松,鵜飼賞(B),4.0,1.0,笠松,エイプリル特別(AB),29.2,8.0,,nar,2026-08-11,61.56,75.7,44.8,75.1,72.5,53.0,45.0,履歴少 / 近走上向き / 安定感 / 市場オッズ妙味
202630081110,2026-08-11,10,スワッガー,1.0,1.0,服部茂史,56.0,,8.0,6.0,門別,星の降る里・芦別健夏(B1),3.0,1.0,門別,夕張メロン、味は特別(A4),4.0,5.0,門別,日高町建設協会特別(A4),2.0,5.0,門別,ラナンキュラス特別(B1),9.0,9.0,門別,レンゲソウ特別(A4),13.6,5.0,,nar,2026-08-11,53.47,66.5,46.7,59.3,29.0,61.1,45.0,履歴少 / 市場オッズ妙味
202646081110,2026-08-11,10,ソウルユニバンス,9.0,8.0,青柳正義,57.0,,4.0,4.0,金沢,夏野菜でおいしく水分(B2),3.0,8.0,金沢,B25,5.0,7.0,金沢,心星ひなまる永遠の5(B2),5.0,5.0,金沢,B25,4.0,4.0,金沢,かなパスで生活を便利(B2特別),7.2,3.0,,nar,2026-08-11,67.32,75.2,61.5,100.0,51.5,63.0,45.0,履歴少 / 安定感
202646081110,2026-08-11,10,タントゥーム,8.0,7.0,鈴木太一,55.0,,7.0,7.0,金沢,新鮮野菜がいっぱい金(B2),1.0,4.0,金沢,七尾祇園祭特別(C1),5.0,4.0,金沢,卯辰山特別(C1),8.0,4.0,金沢,C12,4.0,2.0,金沢,能登復興支援宇出津賞(B2),7.7,5.0,,nar,2026-08-11,53.91,68.4,48.3,55.0,35.0,56.1,45.0,履歴少
202635081110,2026-08-11,10,チアフルヴォイス,10.0,8.0,高松亮,52.0,,1.0,1.0,盛岡,ハヤテ特別(OP),2.0,2.0,盛岡,ハヤテ特別(OP),5.0,3.0,水沢,水無月特別(A),6.0,5.0,盛岡,青葉特別(A),3.0,2.0,盛岡,皐月特別(A),106.4,7.0,,nar,2026-08-11,64.53,84.2,45.5,85.4,68.0,50.9,45.0,履歴少 / 近走上向き / 安定感
202642081110,2026-08-11,10,チョメチョメ,1.0,1.0,仲野光馬,55.0,,5.0,5.0,浦和,文月特別(A2B1),3.0,4.0,浦和,甲武信ヶ岳特別(A2),7.0,7.0,大井,サンタアニタトロフィ(A2),4.0,11.0,浦和,五月特別(A2),11.0,9.0,船橋,20時50分にビッグ(B1),17.2,6.0,,nar,2026-08-11,61.03,65.0,57.4,69.9,57.5,66.0,45.0,履歴少 / 安定感 / 過小評価傾向 / 市場オッズ妙味
202647081110,2026-08-11,10,トレパーク,10.0,8.0,東川慎,55.0,,1.0,2.0,笠松,B4組,8.0,6.0,笠松,B3組,6.0,6.0,笠松,風待月特別(AB),2.0,9.0,笠松,B4組,5.0,4.0,笠松,B5組,19.6,7.0,,nar,2026-08-11,63.21,73.7,55.1,55.3,75.5,65.5,45.0,履歴少 / 近走上向き / 過小評価傾向 / 市場オッズ妙味
202630081110,2026-08-11,10,トレヴェナ,10.0,8.0,岩橋勇二,56.0,,3.0,2.0,門別,ホクレン玉ねぎ「真白(A3),1.0,5.0,門別,星の降る里・芦別健夏(B1),5.0,2.0,門別,日高町建設協会特別(A4),3.0,2.0,門別,ラナンキュラス特別(B1),1.0,2.0,門別,ノーザンホースパーク(B3),6.4,4.0,,nar,2026-08-11,66.56,86.5,50.4,100.0,47.0,57.9,45.0,履歴少 / 安定感
202642081110,2026-08-11,10,トーセンサンダー,2.0,2.0,保園翔也,57.0,,5.0,9.0,大井,隅田川オープン競走(OP)(4上),4.0,4.0,大井,オフト汐留賞競走(A2B1),5.0,6.0,大井,如月賞競走(A2B1),4.0,4.0,浦和,クリスマスイヴ特別(A2),7.0,2.0,大井,ビオラ賞競走(OP)(3上),14.6,5.0,,nar,2026-08-11,62.83,69.5,56.3,89.7,50.0,61.4,45.0,履歴少 / 安定感 / 市場オッズ妙味
202646081110,2026-08-11,10,ブレイクネック,1.0,1.0,加藤翔馬,57.0,,10.0,3.0,金沢,新鮮野菜がいっぱい金(B2),1.0,1.0,金沢,白山手取川ジオパーク(C1),2.0,5.0,金沢,九谷焼特別(C1),3.0,2.0,金沢,秀明くん生まれてきて(C1),7.0,4.0,金沢,母の日特別(C1),4.3,1.0,,nar,2026-08-11,47.94,69.2,36.1,59.3,9.5,51.0,45.0,履歴少
202646081110,2026-08-11,10,ベルアーブル,10.0,8.0,松戸政也,55.0,,3.0,7.0,金沢,夏野菜でおいしく水分(B2),8.0,8.0,金沢,B24,9.0,3.0,金沢,B23,11.0,10.0,名古屋,もさ11歳おめでとう(B),9.0,3.0,名古屋,B9組,8.7,7.0,,nar,2026-08-11,50.95,50.2,44.9,30.4,87.5,53.4,45.0,履歴少 / 近走上向き
202647081110,2026-08-11,10,ホームランバッター,3.0,3.0,高木健,57.0,,4.0,2.0,笠松,アサガオ特別(B),3.0,4.0,笠松,おりひめ特別(B),1.0,4.0,笠松,B2組,2.0,2.0,笠松,B3組,7.0,7.0,笠松,小瀬鵜飼特別(AB),14.0,6.0,,nar,2026-08-11,64.99,82.6,51.6,89.7,45.5,62.5,45.0,履歴少 / 安定感 / 市場オッズ妙味
202647081110,2026-08-11,10,ホーリーホック,1.0,1.0,大原浩司,55.0,,6.0,4.0,笠松,アサガオ特別(B),9.0,2.0,笠松,おりひめ特別(B),2.0,3.0,笠松,ジュン特別(B),7.0,3.0,笠松,濃姫特別(B),3.0,2.0,笠松,金華山特別(B),42.4,10.0,,nar,2026-08-11,44.76,61.7,30.1,30.1,45.5,47.8,45.0,履歴少 / 市場オッズ妙味
202635081110,2026-08-11,10,ボナンザ,8.0,7.0,,,,7.0,2.0,大井,ジュライ賞競走(OP)(3上),12.0,2.0,4京都1,室町S(OP),4.0,2.0,2京都1,天王山S(OP),1.0,6.0,2中山8,千葉S(OP),2.0,3.0,1京都8,大和S(OP),,,,nar,2026-08-11,41.91,57.9,25.0,44.7,36.5,39.0,45.0,履歴少
202635081110,2026-08-11,10,ポッドベイダー,6.0,6.0,吉村智洋,54.0,,7.0,7.0,1函館1,函館スプリントS(GIII),4.0,2.0,3中山8,京葉S(L),1.0,2.0,2京都4,大和S(OP),7.0,5.0,5中山4,カペラS(GIII),1.0,6.0,4中山4,ラジオ日本賞(OP),13.3,3.0,,nar,2026-08-11,55.28,72.4,49.5,55.0,27.5,62.3,45.0,履歴少 / 市場オッズ妙味
202647081110,2026-08-11,10,マリアナジャズ,2.0,2.0,塚本征吾,57.0,,1.0,2.0,名古屋,B6組,7.0,3.0,名古屋,B6組,2.0,7.0,名古屋,B8組,8.0,7.0,名古屋,B7組,5.0,8.0,名古屋,B9組,5.4,4.0,,nar,2026-08-11,63.13,75.0,53.2,60.5,77.0,59.8,45.0,履歴少 / 近走上向き / 安定感
202630081110,2026-08-11,10,ミッドナイトゲイル,7.0,7.0,桑村真明,56.0,,1.0,4.0,門別,日高銀聖特別(A2),1.0,1.0,門別,門別でおトクなSPA(B3),3.0,3.0,門別,アドマイヤマーズ・プ(B3),4.0,1.0,門別,平取町すずらん鑑賞会(B3),1.0,5.0,門別,北海道はサッポロビー(B3),2.3,1.0,,nar,2026-08-11,70.89,93.3,56.2,100.0,57.5,56.1,45.0,履歴少 / 安定感
202646081110,2026-08-11,10,ミラコロヴァーグ,7.0,7.0,田知弘久,57.0,,6.0,8.0,金沢,B22,1.0,2.0,金沢,愛☆日本一のウマ男祝(C1特別),5.0,4.0,金沢,九谷焼特別(C1),7.0,6.0,金沢,卯辰山特別(C1),9.0,5.0,金沢,加茂直樹!昇進バンザ(B2),10.3,9.0,,nar,2026-08-11,55.09,67.9,50.7,44.7,47.0,60.1,45.0,履歴少
202630081110,2026-08-11,10,モーニングショー,8.0,7.0,阿部龍,57.0,,,,門別,ホクレン玉ねぎ「真白(A3),7.0,4.0,門別,アメリカンペイトリオ(A3),3.0,4.0,門別,日高町建設協会特別(A4),4.0,4.0,門別,登別地獄の谷の鬼花火(A3),2.0,3.0,門別,ホクレンえん麦特別(A4),14.8,6.0,,nar,2026-08-11,52.57,72.1,45.5,44.7,26.0,60.7,45.0,履歴少 / 市場オッズ妙味
202646081110,2026-08-11,10,ライチトゥーム,3.0,3.0,甲賀弘隆,55.0,,2.0,10.0,金沢,B24,7.0,9.0,金沢,B24,5.0,5.0,笠松,B7組,5.0,7.0,笠松,B8組,5.0,6.0,笠松,B6・C3組(BC),10.3,8.0,,nar,2026-08-11,69.45,71.3,73.3,75.1,71.0,70.5,45.0,履歴少 / 人気以上に走る傾向 / 近走上向き / 安定感
202630081110,2026-08-11,10,ラストボーン,9.0,8.0,近藤翔月,55.0,,5.0,7.0,門別,8月15日しかべ最大(B1),4.0,8.0,門別,星の降る里・芦別健夏(B1),5.0,5.0,門別,とままえメロン特別(B3),8.0,6.0,門別,胆振軽種馬農業協同組(B3),5.0,7.0,門別,スワーヴリチャード・(B3),23.1,8.0,,nar,2026-08-11,62.71,66.5,60.6,85.4,53.0,60.2,45.0,履歴少 / 安定感 / 市場オッズ妙味
202642081110,2026-08-11,10,ラブアンドハピネス,7.0,7.0,半澤慶実,53.0,,7.0,9.0,浦和,文月特別(A2B1),8.0,10.0,船橋,ハートビートナイター(B1B2),10.0,7.0,浦和,弥生特別(A2),2.0,3.0,川崎,スプリングヒロインカ(A1),4.0,5.0,船橋,ミモザ特別(B1),70.2,8.0,,nar,2026-08-11,48.82,53.6,55.3,24.9,44.0,55.5,45.0,履歴少
202646081110,2026-08-11,10,ランスオブビーナス,6.0,6.0,魚住謙心,55.0,,12.0,11.0,笠松,濃姫特別(B),7.0,2.0,笠松,岐阜城特別(AB),5.0,3.0,園田,C2一,1.0,1.0,姫路,C2二,2.0,1.0,姫路,C3一,7.3,4.0,,nar,2026-08-11,41.0,54.1,35.7,44.7,0.5,52.6,45.0,履歴少
202630081110,2026-08-11,10,リオンダリーナ,2.0,2.0,石川倭,55.0,,3.0,1.0,門別,日高銀聖特別(A2),12.0,11.0,名古屋,若草賞土古記念(重賞),9.0,4.0,名古屋,八橋昇竜戦(A),12.0,8.0,園田,楠賞(重賞),6.0,2.0,園田,ニッカン菊園特別A1(A1A2),5.7,3.0,,nar,2026-08-11,45.02,43.6,30.1,30.4,90.5,47.0,45.0,履歴少 / 近走上向き
202646081110,2026-08-11,10,リプレット,4.0,4.0,沖静男,55.0,,10.0,10.0,金沢,B22,7.0,8.0,金沢,B22,10.0,10.0,金沢,B22,8.0,9.0,金沢,第2回竹橋おきらく食(B2特別),9.0,10.0,金沢,白山さん特別(B2),94.4,10.0,,nar,2026-08-11,40.42,37.1,53.5,0.0,41.0,55.5,45.0,履歴少
202635081110,2026-08-11,10,ルクスディライト,7.0,7.0,斉藤友香,52.0,,7.0,7.0,盛岡,ハヤテ特別(OP),3.0,8.0,盛岡,ハヤテ特別(OP),9.0,8.0,水沢,スプリント特別(OP),9.0,11.0,水沢,早池峰賞(重賞),5.0,9.0,盛岡,スプリント特別(OP),212.8,9.0,,nar,2026-08-11,53.43,56.1,62.3,35.3,47.0,60.0,45.0,履歴少
202635081110,2026-08-11,10,ルコルセール,4.0,4.0,渡辺竜也,54.0,,1.0,1.0,盛岡,岩鷲賞(重賞),1.0,1.0,水沢,早池峰賞(重賞),1.0,2.0,盛岡,シアンモア記念(重賞),1.0,1.0,水沢,栗駒賞(重賞),1.0,2.0,高知,安居川特別(B),23.6,5.0,,nar,2026-08-11,71.07,100.0,52.1,100.0,50.0,57.6,45.0,履歴少 / 安定感 / 市場オッズ妙味
202630081110,2026-08-11,10,ロビンバローズ,5.0,5.0,坂下秀樹,54.0,,7.0,8.0,門別,JAびらとりニシパの(B4),10.0,10.0,門別,グランシャリオドリー(B4),8.0,11.0,門別,グランシャリオドリー(B4),9.0,9.0,門別,グランシャリオドリー(B4),8.0,7.0,門別,スターチス特別(C1),497.2,10.0,,nar,2026-08-11,44.41,41.3,55.6,0.0,60.5,55.5,45.0,履歴少
202647081111,2026-08-11,11,アルマヘクトール,2.0,2.0,馬渕繁治,57.0,,4.0,7.0,笠松,佐伯伊織さん生誕記念(B),6.0,10.0,笠松,ひこぼし特別(B),9.0,7.0,笠松,糸貫川特別(B),9.0,10.0,笠松,ジュン特別(B),5.0,12.0,笠松,小瀬鵜飼特別(AB),9.5,4.0,,nar,2026-08-11,59.34,57.4,66.7,40.7,69.5,68.0,45.0,履歴少 / 人気以上に走る傾向 / 近走上向き / 過小評価傾向
202630081111,2026-08-11,11,アルマロベイラ,7.0,7.0,井上俊彦,55.0,,7.0,6.0,門別,グランシャリオドリー(C4),5.0,8.0,門別,グランシャリオドリー(C4),8.0,7.0,門別,グランシャリオドリー(C4),6.0,11.0,門別,日高サラブレッドサブ(C4),6.0,8.0,門別,ゲラニウム特別(C4),100.1,10.0,,nar,2026-08-11,50.95,56.4,58.3,24.9,45.5,58.7,45.0,履歴少
202642081111,2026-08-11,11,ウノキボンバイエ,5.0,5.0,室陽一朗,54.0,,1.0,2.0,浦和,ドリームチャレンジ(2歳),,,,,,,,,,,,,,,,,11.2,5.0,,nar,2026-08-11,44.16,51.6,42.2,36.3,40.6,41.7,45.0,履歴少 / サンプル少
202642081111,2026-08-11,11,オレンジルシファー,2.0,2.0,安藤洋一,54.0,,3.0,2.0,大井,2歳一　二,2.0,3.0,大井,2歳一,2.0,4.0,大井,2歳　新馬(新馬),,,,,,,,,62.8,10.0,,nar,2026-08-11,64.2,88.8,53.2,75.1,44.0,55.7,45.0,履歴少 / 安定感
202647081111,2026-08-11,11,カミガミノウタゲ,6.0,6.0,塚本征吾,57.0,,5.0,4.0,笠松,カサブランカ特別(C),5.0,6.0,笠松,佐藤悠介・あやね結婚(BC),4.0,5.0,笠松,B5組,5.0,1.0,笠松,B級サバイバル,9.0,7.0,笠松,B5組,6.0,3.0,,nar,2026-08-11,58.88,66.3,45.5,89.7,54.5,54.4,45.0,履歴少 / 安定感
202630081111,2026-08-11,11,キングズロア,5.0,5.0,小野楓馬,57.0,,5.0,1.0,門別,グランシャリオドリー(C4),2.0,2.0,門別,グランシャリオドリー(C4),2.0,5.0,門別,グランシャリオドリー(C4),3.0,6.0,門別,日高サラブレッドサブ(C4),5.0,4.0,門別,3歳以上C4ー2,7.6,6.0,,nar,2026-08-11,63.57,81.1,48.0,100.0,38.0,59.3,45.0,履歴少 / 安定感
202642081111,2026-08-11,11,ケンシリウス,4.0,4.0,藤本現暉,54.0,,1.0,1.0,浦和,特選(2歳),2.0,3.0,浦和,ドリームチャレンジ(2歳),,,,,,,,,,,,,10.8,4.0,,nar,2026-08-11,55.52,71.0,47.2,48.4,48.8,58.1,45.0,履歴少 / サンプル少
202635081111,2026-08-11,11,サトノバトラー,5.0,5.0,高橋悠里,56.0,,2.0,3.0,盛岡,親子で学ぶ!味覚とテ(B1),4.0,5.0,盛岡,B1二組,5.0,5.0,盛岡,夢・希望未来へ前進(B1),3.0,7.0,水沢,夢・希望未来へ前進(B1),3.0,4.0,水沢,B1二組,3.9,2.0,,nar,2026-08-11,69.05,81.3,58.7,100.0,60.5,60.3,45.0,履歴少 / 安定感
202635081111,2026-08-11,11,サトノメドーサ,1.0,1.0,阿部英俊,54.0,,8.0,8.0,盛岡,親子で学ぶ!味覚とテ(B1),7.0,7.0,園田,B1,9.0,10.0,園田,夏至特別A2B1,9.0,9.0,園田,兵庫馬事畜産特別B1,6.0,6.0,園田,B1,323.9,10.0,,nar,2026-08-11,42.8,44.9,51.4,0.0,48.5,54.1,45.0,履歴少
202630081111,2026-08-11,11,シルバーライダー,8.0,7.0,落合玄太,57.0,,8.0,5.0,門別,グランシャリオドリー(C4),4.0,5.0,門別,3歳以上C4ー2,6.0,2.0,門別,3歳以上C4ー2,1.0,1.0,門別,3歳以上C4ー3,4.0,1.0,門別,ゲッケイジュ特別(C4),12.5,7.0,,nar,2026-08-11,48.8,66.6,37.7,49.8,24.5,54.9,45.0,履歴少 / 市場オッズ妙味
202635081111,2026-08-11,11,スズカパンサー,4.0,4.0,塚本涼人,56.0,,3.0,1.0,盛岡,親子で学ぶ!味覚とテ(B1),8.0,7.0,盛岡,ネモフィラ賞(B1),6.0,4.0,盛岡,レモンポップ特別(B1),4.0,2.0,水沢,オッズパーク賞(B1),4.0,5.0,盛岡,ピンクダイヤモンド賞(B1),8.5,4.0,,nar,2026-08-11,55.09,67.3,39.9,55.3,65.0,55.2,45.0,履歴少 / 近走上向き
202630081111,2026-08-11,11,スーパーチャージ,3.0,3.0,渡辺準己,54.0,,2.0,1.0,門別,門別音頭祭り特別(C4),3.0,2.0,門別,リョウブ特別(C4),2.0,3.0,門別,アヤメ特別(C4),4.0,3.0,門別,日高サラブレッドサブ(C4),15.0,15.0,4中山3,3歳未勝利,3.3,1.0,,nar,2026-08-11,64.71,78.2,46.5,89.7,74.0,53.8,45.0,履歴少 / 近走上向き / 安定感
202642081111,2026-08-11,11,セブンソード,8.0,7.0,西啓太,54.0,,1.0,4.0,浦和,ドリームチャレンジ(2歳),,,,,,,,,,,,,,,,,20.9,6.0,,nar,2026-08-11,44.94,51.6,45.3,36.3,40.6,42.0,45.0,履歴少 / サンプル少
202647081111,2026-08-11,11,ソルエパトリオット,1.0,1.0,井口裕貴,54.0,,5.0,7.0,笠松,B8組,10.0,9.0,笠松,B6組,8.0,3.0,笠松,B5組,7.0,4.0,笠松,B5組,4.0,3.0,笠松,祝30周年!SPAT(B),19.6,8.0,,nar,2026-08-11,49.77,51.8,41.8,40.7,63.5,58.8,45.0,履歴少 / 市場オッズ妙味
202647081111,2026-08-11,11,ダブルブラック,8.0,8.0,高木健,57.0,,10.0,10.0,笠松,B5組,,,笠松,ジュン特別(B),8.0,7.0,笠松,鵜飼賞(B),4.0,6.0,笠松,B3組,8.0,5.0,笠松,B4組,10.3,5.0,,nar,2026-08-11,41.78,43.7,48.0,14.6,30.0,58.3,45.0,履歴少
202642081111,2026-08-11,11,ダムブランシュ,9.0,7.0,増田充宏,54.0,,7.0,7.0,川崎,2歳4,10.0,10.0,川崎,アゲハチョウ賞(2歳),5.0,5.0,川崎,スパーキングデビュー(2歳),,,,,,,,,78.6,11.0,,nar,2026-08-11,46.23,48.2,50.0,19.8,53.0,53.5,45.0,履歴少
202642081111,2026-08-11,11,チュラブロッサム,7.0,6.0,篠谷葵,54.0,,2.0,3.0,浦和,新選特別(2歳),2.0,3.0,浦和,特選(2歳),3.0,1.0,船橋,ライラックデビュー(2歳),,,,,,,,,9.6,3.0,,nar,2026-08-11,65.74,89.9,51.5,75.1,53.0,59.6,45.0,履歴少 / 安定感
202630081111,2026-08-11,11,トーケンナナ,1.0,1.0,亀井洋司,55.0,,8.0,6.0,門別,門別音頭祭り特別(C4),7.0,7.0,門別,グランシャリオドリー(C4),4.0,10.0,門別,グランシャリオドリー(C4),10.0,12.0,門別,日高サラブレッドサブ(C4),7.0,12.0,門別,ゲラニウム特別(C4),66.9,9.0,,nar,2026-08-11,49.2,50.8,59.7,19.8,44.0,60.6,45.0,履歴少
202642081111,2026-08-11,11,ドゥオーモアモーレ,10.0,8.0,野畑凌,54.0,,1.0,2.0,川崎,スパーキングデビュー(2歳),,,,,,,,,,,,,,,,,44.9,9.0,,nar,2026-08-11,44.16,51.6,42.2,36.3,40.6,41.7,45.0,履歴少 / サンプル少
202635081111,2026-08-11,11,ハイモビリティ,3.0,3.0,大坪慎,56.0,,9.0,9.0,高知,手箱山特別(B),3.0,10.0,高知,Bー2,10.0,9.0,高知,Bー3,10.0,11.0,高知,ファイナルレース(B),7.0,9.0,高知,Bー3,13.7,6.0,,nar,2026-08-11,50.1,46.9,63.3,24.9,41.0,67.0,45.0,履歴少 / 過小評価傾向 / 市場オッズ妙味
202635081111,2026-08-11,11,ビッグタマテルーフ,7.0,7.0,山本聡哉,54.0,,3.0,3.0,盛岡,B1,2.0,5.0,盛岡,ジュライC(B2),2.0,4.0,盛岡,ソウルラッシュ特別(B2),5.0,5.0,水沢,B1,4.0,2.0,水沢,B1,2.4,1.0,,nar,2026-08-11,67.68,84.4,56.6,100.0,51.5,55.7,45.0,履歴少 / 安定感
202635081111,2026-08-11,11,フィルモアテソーロ,6.0,6.0,佐々木志,56.0,,11.0,11.0,盛岡,B1,10.0,10.0,盛岡,ネモフィラ賞(B1),9.0,9.0,盛岡,レモンポップ特別(B1),12.0,12.0,水沢,カジノフォンテン特別(B1),9.0,10.0,水沢,ほやこおねえさん賞(B1),175.5,9.0,,nar,2026-08-11,36.71,25.6,50.7,0.0,44.0,54.1,45.0,履歴少
202635081111,2026-08-11,11,ブレイクバウンズ,9.0,8.0,高松亮,56.0,,1.0,2.0,水沢,B2,4.0,1.0,水沢,シベリアンアイリス賞(B1B2),4.0,1.0,盛岡,B1三組,2.0,2.0,盛岡,B1二組B2一組混合(B1B2),1.0,2.0,水沢,B2三組,4.0,3.0,,nar,2026-08-11,66.33,88.1,43.5,100.0,60.5,53.3,45.0,履歴少 / 安定感
202635081111,2026-08-11,11,マイネルアストリア,8.0,7.0,関本玲花,54.0,,4.0,4.0,盛岡,親子で学ぶ!味覚とテ(B1),2.0,6.0,盛岡,B1二組,6.0,6.0,盛岡,夢・希望未来へ前進(B1),6.0,8.0,水沢,タガノビューティー特(B1),3.0,10.0,水沢,ムスカリ賞(B1),12.2,5.0,,nar,2026-08-11,64.7,75.3,64.1,65.7,51.5,69.1,45.0,履歴少 / 安定感 / 過小評価傾向 / 市場オッズ妙味
202647081111,2026-08-11,11,マウンテンピオニー,3.0,3.0,細川智史,55.0,,8.0,7.0,笠松,B2組,7.0,8.0,笠松,あまのがわ特別(AB),10.0,10.0,笠松,キキョウ特別(A),8.0,8.0,笠松,岐阜城特別(AB),8.0,6.0,笠松,大杉特別(A),16.9,7.0,,nar,2026-08-11,42.74,42.8,48.2,0.0,51.5,60.7,45.0,履歴少 / 市場オッズ妙味
202630081111,2026-08-11,11,マッスルチャミー,10.0,8.0,阿部龍,55.0,,3.0,3.0,門別,ゲラニウム特別(C4),2.0,1.0,門別,3歳以上C4ー2,5.0,1.0,門別,3歳以上C4ー2,1.0,3.0,門別,3歳C440万円以下,10.0,10.0,大井,クロッカス特別競走(3歳),4.0,2.0,,nar,2026-08-11,62.86,79.4,44.8,89.7,59.0,54.0,45.0,履歴少 / 安定感
202630081111,2026-08-11,11,マナスカイ,2.0,2.0,石川倭,57.0,,3.0,3.0,門別,グランシャリオドリー(C4),6.0,1.0,門別,グランシャリオドリー(C4),3.0,3.0,門別,グランシャリオドリー(C4),5.0,4.0,門別,日高サラブレッドサブ(C4),5.0,4.0,門別,ゲラニウム特別(C4),6.4,3.0,,nar,2026-08-11,58.45,74.0,39.5,75.1,60.5,53.4,45.0,履歴少 / 安定感
202630081111,2026-08-11,11,マリノドゥードゥー,6.0,6.0,近藤翔月,54.0,,2.0,2.0,門別,グランシャリオドリー(C4),4.0,5.0,門別,リョウブ特別(C4),2.0,8.0,門別,北海道野菜王国にった(C4),8.0,7.0,門別,とみくるマルシェ賞(C4),4.0,11.0,佐賀,エリダヌス座特選(C2),7.3,5.0,,nar,2026-08-11,69.52,79.4,64.1,85.4,65.0,66.9,45.0,履歴少 / 近走上向き / 安定感 / 過小評価傾向
202647081111,2026-08-11,11,マーゴットメネス,4.0,4.0,筒井勇介,57.0,,4.0,3.0,笠松,B7組,5.0,7.0,笠松,B6組,6.0,6.0,笠松,B3組,3.0,12.0,笠松,B4組,10.0,10.0,笠松,B4組,3.0,2.0,,nar,2026-08-11,62.2,67.1,60.6,69.9,62.0,61.2,45.0,履歴少 / 安定感
202647081111,2026-08-11,11,マーレイン,7.0,7.0,大原浩司,55.0,,7.0,6.0,笠松,B8組,10.0,9.0,笠松,ひこぼし特別(B),7.0,10.0,笠松,糸貫川特別(B),10.0,10.0,笠松,風待月特別(AB),11.0,5.0,笠松,濃姫特別(B),14.7,6.0,,nar,2026-08-11,42.45,39.2,45.9,0.0,65.0,58.2,45.0,履歴少 / 近走上向き / 市場オッズ妙味
202630081111,2026-08-11,11,ミサトベレーザ,4.0,4.0,松井伸也,55.0,,4.0,9.0,門別,グランシャリオドリー(C4),4.0,9.0,門別,グランシャリオドリー(C4),10.0,6.0,門別,グランシャリオドリー(C4),9.0,7.0,門別,日高サラブレッドサブ(C4),4.0,8.0,門別,3歳以上C4ー2,57.6,8.0,,nar,2026-08-11,61.09,60.7,64.7,65.7,66.5,58.7,45.0,履歴少 / 近走上向き / 安定感
202630081111,2026-08-11,11,ミノベル,9.0,8.0,桑村真明,57.0,,10.0,9.0,門別,王冠賞〔H2〕(重賞),5.0,3.0,門別,北海道野菜王国にった(C4),9.0,10.0,門別,北海優駿〔H1〕(重賞),4.0,3.0,門別,3歳以上C4ー2,1.0,3.0,門別,3歳以上C4ー3,6.8,4.0,,nar,2026-08-11,46.96,54.0,46.2,49.8,18.5,57.5,45.0,履歴少
202642081111,2026-08-11,11,モリケン,6.0,6.0,山中悠希,54.0,,1.0,1.0,船橋,ツワブキ特別(2歳),1.0,2.0,船橋,スイカズラ特別(2歳),1.0,2.0,船橋,スズランデビュー(2歳),,,,,,,,,2.2,1.0,,nar,2026-08-11,68.28,100.0,54.2,75.1,50.0,55.5,45.0,履歴少 / 安定感
202642081111,2026-08-11,11,ラストハニー,11.0,8.0,本橋孝太,54.0,,5.0,4.0,船橋,スイカズラ特別(2歳),1.0,3.0,船橋,スズランデビュー(2歳),,,,,,,,,,,,,20.9,7.0,,nar,2026-08-11,50.76,63.3,46.9,48.4,32.3,54.3,45.0,履歴少 / サンプル少 / 市場オッズ妙味
202642081111,2026-08-11,11,ラモンパンサー,1.0,1.0,木間塚龍,54.0,,2.0,2.0,船橋,ツワブキ特別(2歳),3.0,4.0,浦和,特選(2歳),5.0,5.0,川崎,ホタル特別(2歳),4.0,6.0,船橋,スイカズラ特別(2歳),4.0,4.0,船橋,スズランデビュー(2歳),34.9,8.0,,nar,2026-08-11,67.76,81.3,53.8,100.0,62.0,58.2,45.0,履歴少 / 安定感 / 市場オッズ妙味
202642081111,2026-08-11,11,ルースアグレッシブ,3.0,3.0,笹川翼,54.0,,1.0,1.0,浦和,新選特別(2歳),1.0,1.0,浦和,ドリームチャレンジ(2歳),,,,,,,,,,,,,2.8,2.0,,nar,2026-08-11,54.34,73.0,45.5,48.4,45.5,51.5,45.0,履歴少 / サンプル少
202647081111,2026-08-11,11,レクランスリール,5.0,5.0,松本一心,55.0,,5.0,6.0,笠松,B3組,10.0,10.0,川崎,スパーキングレディー(JpnIII),6.0,7.0,笠松,花撫子特別(A),9.0,5.0,笠松,風待月特別(AB),6.0,7.0,笠松,キキョウ特別(A),2.7,1.0,,nar,2026-08-11,49.93,51.0,50.1,30.4,66.5,53.6,45.0,履歴少 / 近走上向き
202635081111,2026-08-11,11,ロッソ,2.0,2.0,小林凌,56.0,,7.0,9.0,盛岡,親子で学ぶ!味覚とテ(B1),9.0,9.0,盛岡,B1二組,1.0,7.0,佐賀,ギガンテウム賞,6.0,6.0,佐賀,八十八夜賞(B),5.0,12.0,佐賀,スイートピー特別(B),72.6,8.0,,nar,2026-08-11,54.82,60.3,67.6,30.1,39.5,63.2,45.0,履歴少 / 人気以上に走る傾向
202635081111,2026-08-11,11,ワイドカイゼリン,10.0,8.0,坂井瑛音,53.0,,9.0,6.0,盛岡,親子で学ぶ!味覚とテ(B1),8.0,8.0,盛岡,B1二組,9.0,6.0,盛岡,カッパ淵賞(B1),10.0,4.0,水沢,B1,2.0,4.0,水沢,シベリアンアイリス賞(B1B2),35.7,7.0,,nar,2026-08-11,37.73,42.6,34.8,10.3,39.5,49.8,45.0,履歴少 / 市場オッズ妙味
202635081112,2026-08-11,12,アーリーレッグ,1.0,1.0,山本政聡,56.0,,5.0,8.0,盛岡,45周年Annive(B1),8.0,6.0,盛岡,夢・希望未来へ前進(B1),3.0,3.0,盛岡,夢・希望未来へ前進(B1),7.0,1.0,水沢,ムスカリ賞(B1),2.0,2.0,盛岡,ハイペリカム賞(B1),17.7,6.0,,nar,2026-08-11,55.53,65.3,46.8,60.5,50.0,59.0,45.0,履歴少 / 安定感 / 市場オッズ妙味
202635081112,2026-08-11,12,イサナ,6.0,6.0,高松亮,56.0,,4.0,2.0,盛岡,45周年Annive(B1),4.0,2.0,川崎,カペラ賞(B2B3),9.0,7.0,船橋,ニッコウキスゲ特別(B2B3),4.0,5.0,川崎,第39回開成町阿波お(B2B3),5.0,5.0,大井,ケンタウルス賞競走(B2),6.8,3.0,,nar,2026-08-11,57.45,67.3,40.5,80.2,59.0,54.9,45.0,履歴少 / 安定感
202630081112,2026-08-11,12,イチリュウオー,5.0,5.0,藤田凌駕,55.0,,7.0,9.0,門別,門別音頭祭り特別(C4),7.0,9.0,門別,3歳以上C4ー2,9.0,8.0,門別,道産子ポイントガード(C4),8.0,10.0,門別,門別温泉とねっこの湯(C4),10.0,8.0,門別,ONーAIRDO賞(C4),49.7,9.0,,nar,2026-08-11,46.06,45.2,57.0,0.0,59.0,58.2,45.0,履歴少 / 市場オッズ妙味
202630081112,2026-08-11,12,ウィルアルター,2.0,2.0,石川倭,57.0,,1.0,1.0,門別,3歳以上C4ー3,2.0,1.0,門別,グランシャリオドリー(C4),3.0,1.0,門別,3歳以上C4ー3,6.0,6.0,門別,3歳以上C4ー3,3.0,4.0,門別,JRA認定競走ウィナ(2歳),2.7,1.0,,nar,2026-08-11,65.51,87.4,46.2,85.4,65.0,52.9,45.0,履歴少 / 近走上向き / 安定感
202630081112,2026-08-11,12,キタサンスーザン,1.0,1.0,小川悠汰,52.0,,2.0,4.0,門別,ラベンダー特別(C4),5.0,8.0,門別,アヤメ特別(C4),9.0,10.0,門別,グランシャリオドリー(C4),6.0,6.0,門別,3歳以上C4ー2,7.0,6.0,門別,3歳以上C4ー2,9.8,4.0,,nar,2026-08-11,62.33,66.2,60.1,55.3,78.5,63.0,45.0,履歴少 / 近走上向き
202642081112,2026-08-11,12,キミトユメヲカケル,10.0,7.0,見越彬央,54.0,,8.0,9.0,浦和,芝桜特別(C2),9.0,7.0,浦和,春陽特別(C1C2),6.0,5.0,浦和,春告鳥特別(C2),13.0,13.0,船橋,お年玉チャンス特別(C2),,,浦和,門松飾り特別(C2),59.5,11.0,,nar,2026-08-11,40.85,38.8,46.9,0.0,58.0,51.9,45.0,履歴少
202630081112,2026-08-11,12,クールカグラ,4.0,4.0,服部茂史,55.0,,3.0,3.0,門別,ラベンダー特別(C4),4.0,4.0,門別,北海道野菜王国にった(C4),4.0,5.0,門別,グランシャリオドリー(C4),1.0,2.0,門別,3歳以上C4ー3,3.0,3.0,門別,3歳以上C4ー3,7.4,3.0,,nar,2026-08-11,66.62,82.8,52.4,100.0,50.0,59.8,45.0,履歴少 / 安定感
202642081112,2026-08-11,12,ゴールドキッド,4.0,4.0,古岡勇樹,56.0,,2.0,6.0,浦和,浦和競馬×netke(C2),7.0,4.0,浦和,両神山特別(C1C2),2.0,1.0,浦和,特選(C2),2.0,9.0,浦和,いいじゃん!さいたま(C2),11.0,6.0,浦和,特選(C2),7.0,3.0,,nar,2026-08-11,63.32,74.6,55.4,64.7,71.0,59.6,45.0,履歴少 / 近走上向き / 安定感
202635081112,2026-08-11,12,サンエイブレーヴ,4.0,4.0,阿部英俊,56.0,,7.0,6.0,盛岡,45周年Annive(B1),5.0,4.0,盛岡,夢・希望未来へ前進(B1),5.0,7.0,盛岡,浜木綿賞(B1),2.0,7.0,水沢,夢・希望未来へ前進(B1),8.0,2.0,水沢,ムスカリ賞(B1),24.6,7.0,,nar,2026-08-11,53.85,64.2,49.7,59.3,38.0,55.6,45.0,履歴少 / 市場オッズ妙味
202630081112,2026-08-11,12,シラカワゴウ,9.0,8.0,宮内勇樹,55.0,,10.0,10.0,門別,門別音頭祭り特別(C4),7.0,8.0,門別,ラベンダー特別(C4),8.0,7.0,門別,ゴールデンルーキー市(C4),7.0,9.0,船橋,ナイスビット特別(3歳未格),12.0,12.0,2東京1,3歳未勝利,36.0,8.0,,nar,2026-08-11,40.98,39.0,52.4,0.0,41.0,57.6,45.0,履歴少 / 市場オッズ妙味
202642081112,2026-08-11,12,シヴァシン,12.0,8.0,秋元耕成,56.0,,1.0,9.0,浦和,浦和競馬×netke(C2),5.0,4.0,浦和,上尾宿賞(C2),8.0,12.0,川崎,C2三　四,1.0,10.0,浦和,新緑特別(C3),8.0,7.0,川崎,スペアミント賞(C3),8.5,6.0,,nar,2026-08-11,72.21,75.2,79.3,69.9,77.0,71.5,45.0,履歴少 / 人気以上に走る傾向 / 近走上向き / 安定感
202635081112,2026-08-11,12,スマートハンター,3.0,3.0,佐々木志,56.0,,3.0,4.0,盛岡,45周年Annive(B1),5.0,2.0,盛岡,B1,6.0,1.0,水沢,夢・希望未来へ前進(B1),3.0,2.0,水沢,麦秋特別(A),1.0,3.0,盛岡,株式会社カナンフーズ(B1),8.6,4.0,,nar,2026-08-11,59.64,76.9,40.4,80.2,54.5,55.3,45.0,履歴少 / 安定感
202630081112,2026-08-11,12,テレマコス,6.0,6.0,落合玄太,57.0,,3.0,1.0,門別,3歳以上C4ー2,1.0,1.0,門別,3歳以上C4ー3,,,,,,,,,,,,,2.7,2.0,,nar,2026-08-11,50.9,68.2,41.3,48.4,38.9,49.5,45.0,履歴少 / サンプル少
202642081112,2026-08-11,12,テーオーダムール,7.0,6.0,達城龍次,56.0,,3.0,4.0,浦和,浦和競馬×netke(C2),3.0,3.0,浦和,上尾宿賞(C2),4.0,5.0,浦和,特選(C2),12.0,5.0,川崎,ワルキューレ賞(C2),3.0,6.0,浦和,いいじゃん!さいたま(C2),7.5,5.0,,nar,2026-08-11,62.35,71.9,48.5,85.4,65.0,57.3,45.0,履歴少 / 近走上向き / 安定感
202635081112,2026-08-11,12,ビクトリーサイト,2.0,2.0,関本玲花,54.0,,2.0,7.0,盛岡,45周年Annive(B1),2.0,11.0,盛岡,夢・希望未来へ前進(B1),9.0,9.0,盛岡,浜木綿賞(B1),9.0,10.0,水沢,夢・希望未来へ前進(B1),9.0,10.0,水沢,朝顔賞(B1),15.2,5.0,,nar,2026-08-11,68.49,67.0,78.1,55.3,81.5,72.0,45.0,履歴少 / 人気以上に走る傾向 / 近走上向き / 過小評価傾向
202630081112,2026-08-11,12,ベルケム,3.0,3.0,亀井洋司,57.0,,8.0,10.0,門別,王冠賞〔H2〕(重賞),1.0,2.0,門別,3歳以上C4ー3,3.0,4.0,門別,3歳以上C4ー3,10.0,11.0,門別,北海優駿〔H1〕(重賞),5.0,3.0,門別,3歳以上C4ー3,10.4,5.0,,nar,2026-08-11,55.58,66.0,57.0,55.0,30.5,61.9,45.0,履歴少
202642081112,2026-08-11,12,ベルルート,6.0,5.0,町田直希,56.0,,5.0,2.0,浦和,夏帽子特別(C2),2.0,2.0,浦和,両神山特別(C1C2),5.0,3.0,浦和,カーネーション特別(C2),7.0,7.0,川崎,C2三　四,5.0,1.0,浦和,芝桜特別(C2),7.1,4.0,,nar,2026-08-11,57.09,71.6,38.0,85.4,48.5,52.5,45.0,履歴少 / 安定感
202630081112,2026-08-11,12,ホウオウプラージュ,8.0,8.0,岩橋勇二,55.0,,9.0,5.0,門別,門別音頭祭り特別(C4),6.0,5.0,門別,ラベンダー特別(C4),4.0,6.0,門別,アヤメ特別(C4),8.0,9.0,門別,グランシャリオドリー(C4),8.0,7.0,門別,グランシャリオドリー(C4),23.4,7.0,,nar,2026-08-11,43.48,51.9,42.8,19.8,35.0,54.3,45.0,履歴少 / 市場オッズ妙味
202635081112,2026-08-11,12,ミシロウェイ,10.0,8.0,高橋悠里,56.0,,1.0,1.0,盛岡,B2一組,1.0,2.0,盛岡,ジュライC(B2),1.0,4.0,盛岡,B2二組,3.0,5.0,水沢,ジューンC(B2),3.0,5.0,水沢,B2三組,2.0,1.0,,nar,2026-08-11,72.5,96.0,59.4,100.0,56.0,58.2,45.0,履歴少 / 安定感
202635081112,2026-08-11,12,ミライヘノシンゲキ,8.0,7.0,山本聡哉,56.0,,6.0,3.0,盛岡,45周年Annive(B1),3.0,1.0,盛岡,夢・希望未来へ前進(B1),2.0,1.0,盛岡,夢・希望未来へ前進(B1),3.0,1.0,水沢,タガノビューティー特(B1),1.0,2.0,盛岡,B1三組,4.0,2.0,,nar,2026-08-11,54.71,79.9,37.4,69.6,27.5,51.4,45.0,履歴少 / 安定感
202642081112,2026-08-11,12,メイショウサノサ,8.0,6.0,半澤慶実,54.0,,10.0,9.0,川崎,クロート賞(C2C3),12.0,12.0,浦和,夏帽子特別(C2),11.0,10.0,浦和,両神山特別(C1C2),7.0,9.0,浦和,カーネーション特別(C2),11.0,13.0,船橋,2026Jockey(C2),107.7,12.0,,nar,2026-08-11,37.38,25.1,50.0,0.0,51.5,54.8,45.0,履歴少
202635081112,2026-08-11,12,モズユイユイ,9.0,8.0,村上忍,56.0,,5.0,5.0,水沢,朝顔賞(B1),1.0,5.0,盛岡,ハイペリカム賞(B1),6.0,5.0,盛岡,紫陽花賞(B1),3.0,2.0,水沢,B1二組,6.0,8.0,水沢,雪柳賞(B1),25.9,8.0,,nar,2026-08-11,61.11,75.9,56.0,69.9,44.0,58.9,45.0,履歴少 / 安定感 / 市場オッズ妙味
202642081112,2026-08-11,12,ユイノパチョレック,5.0,5.0,七夕裕次,56.0,,7.0,6.0,浦和,夏帽子特別(C2),4.0,6.0,浦和,両神山特別(C1C2),6.0,5.0,浦和,カーネーション特別(C2),8.0,10.0,浦和,今日は丑の日浦和うな(C1C2),10.0,8.0,川崎,アルテミス賞(C2),18.4,10.0,,nar,2026-08-11,50.24,55.9,50.6,24.9,50.0,64.0,45.0,履歴少 / 市場オッズ妙味
202642081112,2026-08-11,12,ユウユウプレゼンス,9.0,7.0,室陽一朗,54.0,,6.0,7.0,浦和,浦和競馬×netke(C2),4.0,2.0,浦和,上尾宿賞(C2),3.0,4.0,浦和,特選(C2),6.0,3.0,浦和,いいじゃん!さいたま(C2),6.0,1.0,浦和,特選(C2),13.2,9.0,,nar,2026-08-11,52.71,68.7,43.3,44.7,42.5,57.9,45.0,履歴少 / 市場オッズ妙味
202642081112,2026-08-11,12,ユメデアエタラ,3.0,3.0,岡村健司,56.0,,5.0,2.0,浦和,浦和競馬×netke(C2),1.0,8.0,浦和,いいじゃん!さいたま(C2),6.0,8.0,川崎,C2三　四,10.0,9.0,浦和,C2五　六,7.0,4.0,浦和,ランチタイムチャレン(C2),6.9,2.0,,nar,2026-08-11,58.22,66.9,55.4,55.3,56.0,59.5,45.0,履歴少
202630081112,2026-08-11,12,ラブレガル,7.0,7.0,渡辺準己,54.0,,4.0,3.0,門別,門別音頭祭り特別(C4),4.0,2.0,門別,ラベンダー特別(C4),3.0,6.0,門別,北海道野菜王国にった(C4),3.0,7.0,門別,グランシャリオドリー(C4),5.0,6.0,門別,グランシャリオドリー(C4),11.4,6.0,,nar,2026-08-11,65.84,77.9,53.3,100.0,48.5,63.6,45.0,履歴少 / 安定感
202635081112,2026-08-11,12,リュウノハイル,7.0,7.0,塚本涼人,56.0,,8.0,9.0,盛岡,45周年Annive(B1),6.0,9.0,盛岡,夢・希望未来へ前進(B1),8.0,8.0,盛岡,浜木綿賞(B1),3.0,8.0,水沢,夢・希望未来へ前進(B1),2.0,4.0,水沢,ムスカリ賞(B1),48.1,10.0,,nar,2026-08-11,51.83,58.8,63.9,24.9,30.5,63.4,45.0,履歴少 / 市場オッズ妙味
202642081112,2026-08-11,12,ルージュメアート,1.0,1.0,中山遥人,53.0,,4.0,4.0,川崎,ラケシス賞(C2),10.0,4.0,浦和,夏帽子特別(C2),3.0,3.0,浦和,両神山特別(C1C2),4.0,5.0,浦和,葉桜特別(C2),6.0,8.0,浦和,春暖特別(C2),10.4,7.0,,nar,2026-08-11,55.64,64.0,42.0,64.7,60.5,58.0,45.0,履歴少 / 安定感
202642081112,2026-08-11,12,レベリオン,2.0,2.0,及川烈,56.0,,8.0,5.0,浦和,浦和競馬×netke(C2),1.0,7.0,浦和,上尾宿賞(C2),8.0,7.0,浦和,特選(C2),8.0,1.0,浦和,いいじゃん!さいたま(C2),2.0,10.0,船橋,C2六　七八　ア(C2七),13.0,8.0,,nar,2026-08-11,51.43,62.9,51.3,35.3,30.5,65.0,45.0,履歴少 / 市場オッズ妙味
202642081112,2026-08-11,12,ロットゥーラ,11.0,8.0,野畑凌,56.0,,4.0,3.0,浦和,夏帽子特別(C2),2.0,3.0,浦和,芝桜特別(C2),7.0,4.0,浦和,木芽月特別(C2),9.0,3.0,浦和,信州産はちみつ賞特別(C1),8.0,1.0,浦和,月の雫特別(C1C2),4.2,1.0,,nar,2026-08-11,52.07,66.1,34.3,55.3,65.0,45.7,45.0,履歴少 / 近走上向き
202635081112,2026-08-11,12,ロードリレーション,5.0,5.0,小林凌,56.0,,7.0,11.0,名古屋,夕凪特別(A),4.0,4.0,名古屋,半夏生特別(A),6.0,3.0,名古屋,アンタレス特別(B),9.0,5.0,名古屋,かんむり座特別(B),9.0,7.0,名古屋,立夏特別(A),42.5,9.0,,nar,2026-08-11,48.2,55.6,48.8,24.9,50.0,53.0,45.0,履歴少 / 市場オッズ妙味
