race_id,日付,レース,馬名,馬番,枠,騎手,斤量,実着順,着順1,人気1,場1,レース名1,着順2,人気2,場2,レース名2,着順3,人気3,場3,レース名3,着順4,人気4,場4,レース名4,着順5,人気5,場5,レース名5,単勝オッズ,人気,オッズ更新日時,source,_date,AREru指数,因子_performance,因子_upset,因子_consistency,因子_trend,因子_value,因子_context,理由
202607020701,2026-08-15,1,アイシテルヨナオミ,9.0,5.0,◇永島,53.0,,9.0,8.0,1函館7,2歳未勝利,7.0,4.0,1函館2,2歳新馬,,,,,,,,,,,,,77.7,13.0,2026-08-15 00:45:05,jra,2026-08-15,38.77,41.8,38.2,18.0,38.9,47.0,45.0,履歴少 / サンプル少
202607020701,2026-08-15,1,アイゼンフォルク,1.0,1.0,松山,55.0,,2.0,6.0,3阪神3,2歳新馬,,,,,,,,,,,,,,,,,5.2,2.0,2026-08-15 00:45:05,jra,2026-08-15,44.81,49.9,46.8,36.3,40.6,42.0,45.0,履歴少 / サンプル少
202601010701,2026-08-15,1,アンタレス,10.0,6.0,▲和田陽,54.0,,4.0,11.0,1札幌3,3歳未勝利,18.0,12.0,3京都11,3歳未勝利,12.0,12.0,1阪神7,3歳未勝利,5.0,6.0,高知,室戸盃(3歳),11.0,9.0,5中山3,2歳新馬,12.3,5.0,2026-08-15 00:55:05,jra,2026-08-15,50.62,32.0,53.4,37.0,95.0,60.7,45.0,履歴少 / 近走上向き / 市場オッズ妙味
202607020701,2026-08-15,1,エコログレイス,13.0,7.0,団野,55.0,,6.0,2.0,2中京4,2歳新馬,,,,,,,,,,,,,,,,,15.7,6.0,2026-08-15 00:45:05,jra,2026-08-15,38.28,42.8,34.5,29.6,40.6,36.2,45.0,履歴少 / サンプル少
202604020701,2026-08-15,1,オーラムミーティア,7.0,7.0,松岡,55.0,,6.0,9.0,2小倉4,2歳新馬,,,,,,,,,,,,,,,,,33.1,7.0,2026-08-15 00:35:05,jra,2026-08-15,41.67,42.8,45.3,29.6,40.6,42.0,45.0,履歴少 / サンプル少
202607020701,2026-08-15,1,クリコキアナ,11.0,6.0,▲森田,52.0,,9.0,7.0,2小倉5,2歳未勝利,3.0,2.0,2小倉1,2歳未勝利,10.0,9.0,3阪神2,2歳新馬,,,,,,,,,53.9,11.0,2026-08-15 00:45:05,jra,2026-08-15,42.17,49.8,40.2,24.9,35.0,49.2,45.0,履歴少
202601010701,2026-08-15,1,クルビデンス,3.0,3.0,佐々木,57.0,,2.0,8.0,1札幌2,3歳未勝利,6.0,12.0,1函館1,3歳未勝利,8.0,8.0,1福島5,3歳未勝利,6.0,10.0,1中京1,3歳未勝利,12.0,11.0,5中山8,2歳未勝利,3.0,1.0,2026-08-15 00:55:05,jra,2026-08-15,63.12,61.6,76.6,30.4,86.0,64.4,45.0,履歴少 / 人気以上に走る傾向 / 近走上向き
202604020701,2026-08-15,1,コナパームス,4.0,4.0,戸崎圭,55.0,,3.0,1.0,3東京5,2歳新馬,,,,,,,,,,,,,,,,,4.2,3.0,2026-08-15 00:35:05,jra,2026-08-15,41.61,48.1,37.6,36.3,40.6,38.4,45.0,履歴少 / サンプル少
202601010701,2026-08-15,1,ゴーントゥファー,11.0,7.0,☆長浜,56.0,,8.0,9.0,1札幌1,3歳未勝利,13.0,12.0,1函館10,3歳未勝利,,,2福島2,3歳未勝利,14.0,13.0,3中山4,3歳未勝利,,,,,75.9,14.0,2026-08-15 00:55:05,jra,2026-08-15,39.34,20.6,49.1,0.0,83.0,52.4,45.0,履歴少 / 近走上向き
202601010701,2026-08-15,1,サンオブザサン,12.0,7.0,斎藤,57.0,,8.0,8.0,1函館11,3歳未勝利,2.0,8.0,1函館6,3歳未勝利,6.0,6.0,1函館1,3歳未勝利,6.0,7.0,1阪神8,3歳未勝利,6.0,8.0,1小倉9,3歳未勝利,7.1,4.0,2026-08-15 00:55:05,jra,2026-08-15,53.09,63.1,62.9,24.9,32.0,64.2,45.0,履歴少
202607020701,2026-08-15,1,シャインロード,10.0,5.0,松若,55.0,,5.0,8.0,2中京1,2歳未勝利,8.0,5.0,2小倉2,2歳新馬,,,,,,,,,,,,,64.2,12.0,2026-08-15 00:45:05,jra,2026-08-15,47.44,49.5,46.6,34.7,55.4,50.6,45.0,履歴少 / サンプル少
202604020701,2026-08-15,1,シュートザワークス,6.0,6.0,津村,55.0,,3.0,3.0,3東京6,2歳新馬,,,,,,,,,,,,,,,,,7.2,5.0,2026-08-15 00:35:05,jra,2026-08-15,42.65,48.1,40.6,36.3,40.6,40.6,45.0,履歴少 / サンプル少
202601010701,2026-08-15,1,ショウナンタヅナ,7.0,5.0,池添,57.0,,5.0,6.0,1札幌2,3歳未勝利,6.0,4.0,2福島3,3歳未勝利,5.0,5.0,3東京5,3歳未勝利,3.0,12.0,2東京12,3歳未勝利,13.0,8.0,2中山6,3歳未勝利,14.5,7.0,2026-08-15 00:55:05,jra,2026-08-15,58.69,61.7,54.2,64.7,60.5,63.3,45.0,履歴少 / 安定感 / 市場オッズ妙味
202601010701,2026-08-15,1,ジャストグレース,1.0,1.0,古川吉,57.0,,8.0,8.0,1函館11,3歳未勝利,5.0,5.0,1函館8,3歳未勝利,3.0,8.0,1函館4,3歳未勝利,5.0,11.0,3京都8,3歳未勝利,10.0,10.0,3京都4,3歳未勝利,41.0,11.0,2026-08-15 00:55:05,jra,2026-08-15,56.73,59.7,63.0,59.3,36.5,63.4,45.0,履歴少 / 市場オッズ妙味
202604020701,2026-08-15,1,スターマイン,5.0,5.0,岩田康,55.0,,6.0,7.0,2新潟1,2歳新馬,,,,,,,,,,,,,,,,,56.6,8.0,2026-08-15 00:35:05,jra,2026-08-15,40.9,42.8,42.2,29.6,40.6,41.7,45.0,履歴少 / サンプル少
202607020701,2026-08-15,1,スピーディスピン,7.0,4.0,☆田山,54.0,,4.0,5.0,2中京2,2歳未勝利,5.0,8.0,3阪神2,2歳新馬,,,,,,,,,,,,,8.6,5.0,2026-08-15 00:45:05,jra,2026-08-15,53.41,57.8,52.8,48.4,48.8,59.8,45.0,履歴少 / サンプル少
202607020701,2026-08-15,1,スマートポーション,16.0,8.0,コレット,55.0,,5.0,9.0,2小倉2,2歳新馬,,,,,,,,,,,,,,,,,23.7,8.0,2026-08-15 00:45:05,jra,2026-08-15,43.34,44.6,46.8,36.3,40.6,42.0,45.0,履歴少 / サンプル少
202607020701,2026-08-15,1,ソリドゥス,8.0,4.0,秋山稔,55.0,,6.0,11.0,2中京1,2歳新馬,,,,,,,,,,,,,,,,,15.9,7.0,2026-08-15 00:45:05,jra,2026-08-15,42.41,42.8,48.3,29.6,40.6,42.0,45.0,履歴少 / サンプル少
202607020701,2026-08-15,1,タイセイルミナス,2.0,1.0,吉村,55.0,,9.0,5.0,2新潟4,2歳未勝利,12.0,2.0,2小倉4,2歳新馬,,,,,,,,,,,,,29.7,9.0,2026-08-15 00:45:05,jra,2026-08-15,32.67,31.9,19.7,18.0,55.4,40.9,45.0,履歴少 / サンプル少 / 市場オッズ妙味
202607020701,2026-08-15,1,タガノレクシア,4.0,2.0,田口,55.0,,8.0,4.0,2中京1,2歳新馬,,,,,,,,,,,,,,,,,6.4,3.0,2026-08-15 00:45:05,jra,2026-08-15,37.29,39.3,34.5,29.6,40.6,36.2,45.0,履歴少 / サンプル少
202604020701,2026-08-15,1,ドミナートル,9.0,8.0,原,55.0,,4.0,2.0,2新潟2,2歳新馬,,,,,,,,,,,,,,,,,3.9,2.0,2026-08-15 00:35:05,jra,2026-08-15,41.11,46.4,37.6,36.3,40.6,38.4,45.0,履歴少 / サンプル少
202601010701,2026-08-15,1,ニットウエース,8.0,5.0,浜中,57.0,,6.0,10.0,2福島2,3歳未勝利,16.0,15.0,1東京4,3歳新馬,,,,,,,,,,,,,13.3,6.0,2026-08-15 00:55:05,jra,2026-08-15,46.58,36.1,52.2,18.0,73.0,60.8,45.0,履歴少 / サンプル少 / 近走上向き / 市場オッズ妙味
202601010701,2026-08-15,1,フェンリル,13.0,8.0,菊沢,57.0,,7.0,10.0,1函館11,3歳未勝利,7.0,10.0,1函館7,3歳未勝利,11.0,9.0,3東京1,3歳未勝利,6.0,4.0,1東京4,3歳新馬,,,,,19.2,9.0,2026-08-15 00:55:05,jra,2026-08-15,47.18,46.3,57.6,0.0,56.0,65.6,45.0,履歴少 / 過小評価傾向 / 市場オッズ妙味
202604020701,2026-08-15,1,フルーツバスケット,3.0,3.0,川田,55.0,,2.0,2.0,2新潟1,2歳未勝利,5.0,10.0,3東京6,2歳新馬,,,,,,,,,,,,,2.7,1.0,2026-08-15 00:35:05,jra,2026-08-15,55.31,62.7,54.2,48.4,55.4,55.8,45.0,履歴少 / サンプル少
202601010701,2026-08-15,1,フレンチブラッサム,6.0,4.0,横山典,55.0,,4.0,3.0,1札幌4,3歳未勝利,3.0,6.0,1函館9,3歳未勝利,4.0,4.0,2東京9,3歳未勝利,4.0,8.0,2東京4,3歳未勝利,3.0,2.0,川崎,エイプリルフラワー賞(3歳),6.4,3.0,2026-08-15 00:55:05,jra,2026-08-15,64.4,74.0,56.9,94.3,47.0,61.2,45.0,履歴少 / 安定感
202607020701,2026-08-15,1,ブラックミューズ,15.0,8.0,岩田望,55.0,,3.0,2.0,2新潟2,2歳未勝利,2.0,1.0,3阪神5,2歳新馬,,,,,,,,,,,,,2.6,1.0,2026-08-15 00:45:05,jra,2026-08-15,50.81,66.2,41.6,48.4,42.2,49.4,45.0,履歴少 / サンプル少
202607020701,2026-08-15,1,ブレイズカルナバル,14.0,7.0,国分恭,55.0,,3.0,4.0,2中京5,2歳新馬,,,,,,,,,,,,,,,,,8.4,4.0,2026-08-15 00:45:05,jra,2026-08-15,43.18,48.1,42.2,36.3,40.6,41.7,45.0,履歴少 / サンプル少
202604020701,2026-08-15,1,マルガリート,8.0,8.0,小崎,55.0,,8.0,11.0,2新潟2,2歳未勝利,11.0,13.0,2福島2,2歳新馬,,,,,,,,,,,,,17.0,6.0,2026-08-15 00:35:05,jra,2026-08-15,45.64,36.3,55.3,18.0,55.4,63.6,45.0,履歴少 / サンプル少 / 市場オッズ妙味
202607020701,2026-08-15,1,マルモタワー,3.0,2.0,富田,55.0,,7.0,7.0,2小倉7,2歳新馬,,,,,,,,,,,,,,,,,152.4,15.0,2026-08-15 00:45:05,jra,2026-08-15,39.88,41.1,40.6,29.6,40.6,40.6,45.0,履歴少 / サンプル少
202607020701,2026-08-15,1,マルモリマイベスト,6.0,3.0,泉谷,55.0,,8.0,9.0,2小倉5,2歳未勝利,5.0,11.0,2小倉3,2歳新馬,,,,,,,,,,,,,144.7,14.0,2026-08-15 00:45:05,jra,2026-08-15,47.94,48.1,58.0,31.7,35.6,56.8,45.0,履歴少 / サンプル少
202601010701,2026-08-15,1,マーゴットデウス,4.0,3.0,小沢,57.0,,6.0,6.0,1函館11,3歳未勝利,4.0,9.0,1函館4,3歳未勝利,10.0,9.0,3阪神2,3歳未勝利,5.0,6.0,1新潟6,3歳未勝利,13.0,14.0,1新潟1,3歳未勝利,41.0,12.0,2026-08-15 00:55:05,jra,2026-08-15,53.75,53.0,59.1,39.5,62.0,57.4,45.0,履歴少
202604020701,2026-08-15,1,ミライノシャチョウ,1.0,1.0,丸山,55.0,,5.0,6.0,2中京4,2歳新馬,,,,,,,,,,,,,,,,,6.7,4.0,2026-08-15 00:35:05,jra,2026-08-15,42.19,44.6,42.2,36.3,40.6,41.7,45.0,履歴少 / サンプル少
202604020701,2026-08-15,1,ムーチョピカンテ,2.0,2.0,江田照,55.0,,10.0,12.0,2福島8,2歳新馬,,,,,,,,,,,,,,,,,100.5,9.0,2026-08-15 00:35:05,jra,2026-08-15,39.33,35.8,43.7,29.6,40.6,42.0,45.0,履歴少 / サンプル少
202601010701,2026-08-15,1,メイショウシンガン,5.0,4.0,横山琉,57.0,,10.0,4.0,1札幌1,3歳未勝利,10.0,3.0,3京都8,2歳未勝利,3.0,2.0,4阪神8,2歳未勝利,3.0,5.0,4阪神4,2歳新馬,,,,,18.3,8.0,2026-08-15 00:55:05,jra,2026-08-15,38.19,49.5,22.9,34.3,22.0,54.2,45.0,履歴少 / 市場オッズ妙味
202607020701,2026-08-15,1,ラブシンフォニー,12.0,6.0,幸,55.0,,10.0,7.0,3阪神3,2歳新馬,,,,,,,,,,,,,,,,,181.4,16.0,2026-08-15 00:45:05,jra,2026-08-15,36.83,35.8,36.0,29.6,40.6,37.3,45.0,履歴少 / サンプル少
202601010701,2026-08-15,1,リベンジャー,2.0,2.0,石川倭,57.0,,12.0,9.0,1函館11,3歳未勝利,13.0,10.0,1函館3,3歳未勝利,,,,,,,,,,,,,31.3,10.0,2026-08-15 00:55:05,jra,2026-08-15,33.72,22.6,33.9,18.0,48.8,48.0,45.0,履歴少 / サンプル少 / 市場オッズ妙味
202607020701,2026-08-15,1,ルガルデ,5.0,3.0,△柴田裕,53.0,,9.0,5.0,3阪神3,2歳新馬,,,,,,,,,,,,,,,,,53.4,10.0,2026-08-15 00:45:05,jra,2026-08-15,36.8,37.6,34.5,29.6,40.6,36.2,45.0,履歴少 / サンプル少
202601010701,2026-08-15,1,ロードクローザー,9.0,6.0,横山和,57.0,,6.0,3.0,2東京8,3歳未勝利,7.0,5.0,2東京2,3歳未勝利,12.0,1.0,1東京3,3歳未勝利,4.0,2.0,1中山6,3歳新馬,,,,,5.6,2.0,2026-08-15 00:55:05,jra,2026-08-15,38.11,49.8,19.7,14.6,60.0,42.7,45.0,履歴少
202601010701,2026-08-15,1,ワンダーゾルダート,14.0,8.0,松本,57.0,,6.0,7.0,1札幌4,3歳未勝利,9.0,5.0,1札幌1,3歳未勝利,10.0,8.0,3阪神4,3歳未勝利,6.0,4.0,3京都10,3歳未勝利,6.0,1.0,3京都5,3歳未勝利,48.8,13.0,2026-08-15 00:55:05,jra,2026-08-15,40.33,47.7,36.7,0.0,60.5,45.7,45.0,履歴少
202604020702,2026-08-15,2,アルデラッシュ,10.0,6.0,丸山,55.0,,,,,,,,,,,,,,,,,,,,,,14.0,9.0,2026-08-15 00:06:40,jra,2026-08-15,36.0,35.0,35.0,35.0,35.0,35.0,45.0,履歴少
202607020702,2026-08-15,2,アンガーザガール,9.0,5.0,西村淳,55.0,,12.0,1.0,2小倉2,3歳未勝利,2.0,3.0,3阪神1,3歳未勝利,3.0,3.0,2京都6,3歳未勝利,2.0,6.0,1京都8,3歳未勝利,12.0,5.0,5阪神3,2歳未勝利,5.4,2.0,2026-08-15 00:15:10,jra,2026-08-15,41.98,57.8,27.4,59.3,6.5,48.7,45.0,履歴少
202604020702,2026-08-15,2,アンナモエ,11.0,6.0,▲石田,52.0,,,,,,,,,,,,,,,,,,,,,,94.3,14.0,2026-08-15 00:06:40,jra,2026-08-15,36.0,35.0,35.0,35.0,35.0,35.0,45.0,履歴少
202601010702,2026-08-15,2,イッペイ,3.0,3.0,浜中,55.0,,2.0,2.0,1函館11,2歳未勝利,2.0,1.0,1函館10,2歳新馬,,,,,,,,,,,,,4.3,2.0,2026-08-15 00:27:30,jra,2026-08-15,52.82,68.6,43.8,48.4,45.5,52.4,45.0,履歴少 / サンプル少
202604020702,2026-08-15,2,ウキ,12.0,7.0,原,55.0,,,,,,,,,,,,,,,,,,,,,,35.0,11.0,2026-08-15 00:06:40,jra,2026-08-15,36.0,35.0,35.0,35.0,35.0,35.0,45.0,履歴少
202604020702,2026-08-15,2,エコロブラン,2.0,2.0,津村,55.0,,,,,,,,,,,,,,,,,,,,,,12.9,8.0,2026-08-15 00:06:40,jra,2026-08-15,36.0,35.0,35.0,35.0,35.0,35.0,45.0,履歴少
202604020702,2026-08-15,2,オモチ,7.0,4.0,丸田,55.0,,,,,,,,,,,,,,,,,,,,,,11.8,7.0,2026-08-15 00:06:40,jra,2026-08-15,36.0,35.0,35.0,35.0,35.0,35.0,45.0,履歴少
202601010702,2026-08-15,2,オンザボー,2.0,2.0,佐々木,55.0,,3.0,3.0,1札幌4,2歳新馬,,,,,,,,,,,,,,,,,7.8,4.0,2026-08-15 00:27:30,jra,2026-08-15,42.65,48.1,40.6,36.3,40.6,40.6,45.0,履歴少 / サンプル少
202604020702,2026-08-15,2,カナデルペガサス,1.0,1.0,◇今村,53.0,,,,,,,,,,,,,,,,,,,,,,9.3,5.0,2026-08-15 00:06:40,jra,2026-08-15,36.0,35.0,35.0,35.0,35.0,35.0,45.0,履歴少
202601010702,2026-08-15,2,カリスマン,6.0,6.0,吉田隼,55.0,,11.0,13.0,1函館12,2歳新馬,,,,,,,,,,,,,,,,,88.7,10.0,2026-08-15 00:27:30,jra,2026-08-15,38.84,34.0,43.7,29.6,40.6,42.0,45.0,履歴少 / サンプル少
202607020702,2026-08-15,2,キュールエサクラコ,12.0,7.0,▲川端,52.0,,,,,,,,,,,,,,,,,,,,,,45.0,12.0,2026-08-15 00:15:10,jra,2026-08-15,36.0,35.0,35.0,35.0,35.0,35.0,45.0,履歴少
202607020702,2026-08-15,2,グッデイ,15.0,8.0,秋山稔,55.0,,7.0,13.0,2中京5,3歳未勝利,11.0,7.0,3阪神1,3歳未勝利,5.0,12.0,3京都8,3歳未勝利,6.0,16.0,3京都3,3歳未勝利,13.0,11.0,2京都2,3歳未勝利,11.6,7.0,2026-08-15 00:15:10,jra,2026-08-15,54.1,43.4,74.2,19.8,60.5,71.5,45.0,履歴少 / 人気以上に走る傾向 / 過小評価傾向
202604020702,2026-08-15,2,コスモベスケーデン,5.0,3.0,△石神道,53.0,,,,,,,,,,,,,,,,,,,,,,4.3,1.0,2026-08-15 00:06:40,jra,2026-08-15,36.0,35.0,35.0,35.0,35.0,35.0,45.0,履歴少
202607020702,2026-08-15,2,シバノパージャン,5.0,3.0,高倉,57.0,,8.0,16.0,1函館11,3歳未勝利,14.0,13.0,1函館3,3歳未勝利,11.0,14.0,1函館2,3歳未勝利,15.0,17.0,2阪神6,3歳未勝利,,,,,82.5,14.0,2026-08-15 00:15:10,jra,2026-08-15,46.35,19.3,73.9,0.0,82.0,63.2,45.0,履歴少 / 人気以上に走る傾向 / 近走上向き
202607020702,2026-08-15,2,ショウナンライラ,10.0,6.0,富田,57.0,,4.0,10.0,2小倉8,3歳未勝利,6.0,13.0,2小倉2,3歳未勝利,13.0,11.0,2阪神1,3歳未勝利,13.0,13.0,1阪神7,3歳未勝利,8.0,11.0,1阪神2,3歳未勝利,24.5,11.0,2026-08-15 00:15:10,jra,2026-08-15,57.79,44.0,74.4,30.4,86.0,65.4,45.0,履歴少 / 人気以上に走る傾向 / 近走上向き / 過小評価傾向
202604020702,2026-08-15,2,ジーティーマルク,14.0,8.0,三浦,55.0,,,,,,,,,,,,,,,,,,,,,,10.2,6.0,2026-08-15 00:06:40,jra,2026-08-15,36.0,35.0,35.0,35.0,35.0,35.0,45.0,履歴少
202604020702,2026-08-15,2,スナッチアップ,4.0,3.0,杉原,55.0,,,,,,,,,,,,,,,,,,,,,,4.4,2.0,2026-08-15 00:06:40,jra,2026-08-15,36.0,35.0,35.0,35.0,35.0,35.0,45.0,履歴少
202601010702,2026-08-15,2,タクミオジュウ,10.0,8.0,☆長浜,54.0,,14.0,6.0,2福島6,2歳新馬,,,,,,,,,,,,,,,,,38.6,8.0,2026-08-15 00:27:30,jra,2026-08-15,32.8,29.6,29.6,29.6,40.6,31.8,45.0,履歴少 / サンプル少
202607020702,2026-08-15,2,チャンピオンロード,8.0,5.0,坂井,57.0,,,,,,,,,,,,,,,,,,,,,,7.1,4.0,2026-08-15 00:15:10,jra,2026-08-15,36.0,35.0,35.0,35.0,35.0,35.0,45.0,履歴少
202604020702,2026-08-15,2,テリオスブギ,9.0,5.0,戸崎圭,55.0,,,,,,,,,,,,,,,,,,,,,,7.8,3.0,2026-08-15 00:06:40,jra,2026-08-15,36.0,35.0,35.0,35.0,35.0,35.0,45.0,履歴少
202604020702,2026-08-15,2,ディーヴァソラーレ,3.0,2.0,木幡巧,55.0,,,,,,,,,,,,,,,,,,,,,,8.9,4.0,2026-08-15 00:06:40,jra,2026-08-15,36.0,35.0,35.0,35.0,35.0,35.0,45.0,履歴少
202607020702,2026-08-15,2,デルニエジョイ,13.0,7.0,田口,57.0,,7.0,7.0,3阪神1,3歳未勝利,5.0,6.0,3京都9,3歳未勝利,6.0,3.0,1阪神9,3歳未勝利,3.0,6.0,1阪神4,3歳未勝利,7.0,2.0,1小倉6,3歳未勝利,9.8,6.0,2026-08-15 00:15:10,jra,2026-08-15,50.69,62.2,47.0,39.5,39.5,57.1,45.0,履歴少
202607020702,2026-08-15,2,トウカイジーク,6.0,4.0,岩田望,57.0,,13.0,5.0,2小倉8,3歳未勝利,3.0,3.0,2小倉4,3歳未勝利,8.0,2.0,3京都1,3歳未勝利,6.0,8.0,1中京3,3歳未勝利,,,,,6.9,3.0,2026-08-15 00:15:10,jra,2026-08-15,33.13,44.2,24.0,24.9,6.0,48.5,45.0,履歴少
202607020702,2026-08-15,2,ノーブルラホーヤ,3.0,2.0,国分恭,55.0,,9.0,3.0,2新潟1,3歳未勝利,3.0,6.0,2福島2,3歳未勝利,10.0,13.0,1中山7,3歳未勝利,6.0,14.0,4東京2,2歳未勝利,9.0,7.0,4中山1,2歳新馬,18.5,9.0,2026-08-15 00:15:10,jra,2026-08-15,48.33,49.9,53.3,24.9,38.0,67.9,45.0,履歴少 / 過小評価傾向 / 市場オッズ妙味
202604020702,2026-08-15,2,ハチキンキリシマ,15.0,8.0,▲佐藤,52.0,,,,,,,,,,,,,,,,,,,,,,96.6,15.0,2026-08-15 00:06:40,jra,2026-08-15,36.0,35.0,35.0,35.0,35.0,35.0,45.0,履歴少
202607020702,2026-08-15,2,ビケイムフリー,2.0,2.0,△柴田裕,53.0,,17.0,15.0,2小倉6,3歳未勝利,15.0,16.0,2阪神1,3歳未勝利,16.0,14.0,1小倉5,3歳未勝利,18.0,15.0,1京都3,3歳未勝利,4.0,12.0,3京都8,2歳新馬,80.7,13.0,2026-08-15 00:15:10,jra,2026-08-15,30.58,7.9,47.4,10.3,27.5,54.8,47.8,総合評価
202607020702,2026-08-15,2,ベルフィーノ,11.0,6.0,◇永島,53.0,,7.0,9.0,2小倉4,3歳未勝利,8.0,16.0,1新潟3,3歳未勝利,16.0,14.0,1阪神3,3歳未勝利,12.0,6.0,3京都7,2歳未勝利,10.0,9.0,4阪神8,2歳新馬,22.2,10.0,2026-08-15 00:15:10,jra,2026-08-15,44.57,31.4,58.6,0.0,77.0,56.9,45.0,履歴少 / 近走上向き / 市場オッズ妙味
202601010702,2026-08-15,2,マイネルサリーレ,4.0,4.0,斎藤,55.0,,7.0,7.0,2新潟3,2歳新馬,,,,,,,,,,,,,,,,,24.2,5.0,2026-08-15 00:27:30,jra,2026-08-15,39.88,41.1,40.6,29.6,40.6,40.6,45.0,履歴少 / サンプル少
202601010702,2026-08-15,2,マイネルラビリンス,1.0,1.0,菊沢,55.0,,6.0,9.0,1札幌2,2歳新馬,,,,,,,,,,,,,,,,,37.6,7.0,2026-08-15 00:27:30,jra,2026-08-15,41.67,42.8,45.3,29.6,40.6,42.0,45.0,履歴少 / サンプル少
202604020702,2026-08-15,2,マムダッドベル,8.0,5.0,柴田大,55.0,,,,,,,,,,,,,,,,,,,,,,94.3,13.0,2026-08-15 00:06:40,jra,2026-08-15,36.0,35.0,35.0,35.0,35.0,35.0,45.0,履歴少
202604020702,2026-08-15,2,マリノミステリアス,6.0,4.0,小崎,55.0,,,,,,,,,,,,,,,,,,,,,,24.9,10.0,2026-08-15 00:06:40,jra,2026-08-15,36.0,35.0,35.0,35.0,35.0,35.0,45.0,履歴少
202607020702,2026-08-15,2,モカプウイング,14.0,8.0,コレット,55.0,,5.0,7.0,2中京4,3歳未勝利,11.0,3.0,園田,JRA交流氷ノ山特別,7.0,10.0,1阪神9,3歳未勝利,5.0,1.0,姫路,JRA交流書写山特別,9.0,9.0,5阪神6,2歳未勝利,7.9,5.0,2026-08-15 00:15:10,jra,2026-08-15,47.21,39.8,47.9,35.7,68.0,54.2,45.0,地方実績を中央換算 / 履歴少 / 近走上向き
202607020702,2026-08-15,2,ヤマニンアレシス,7.0,4.0,鮫島良,57.0,,6.0,2.0,2新潟3,3歳以上1勝クラス,7.0,1.0,3東京4,3歳未勝利,2.0,2.0,2東京11,3歳未勝利,4.0,1.0,1新潟1,3歳未勝利,3.0,1.0,3中山3,3歳未勝利,4.6,1.0,2026-08-15 00:15:10,jra,2026-08-15,46.69,69.1,26.5,44.7,38.0,46.7,45.0,履歴少
202604020702,2026-08-15,2,ラインディーバ,13.0,7.0,武藤,55.0,,,,,,,,,,,,,,,,,,,,,,51.4,12.0,2026-08-15 00:06:40,jra,2026-08-15,36.0,35.0,35.0,35.0,35.0,35.0,45.0,履歴少
202601010702,2026-08-15,2,ラヴァンドローリエ,7.0,7.0,古川吉,55.0,,4.0,14.0,1函館12,2歳新馬,,,,,,,,,,,,,,,,,35.3,6.0,2026-08-15 00:27:30,jra,2026-08-15,44.99,46.4,51.6,36.3,40.6,42.0,45.0,履歴少 / サンプル少
202607020702,2026-08-15,2,リアンマカ,1.0,1.0,▲森田,54.0,,8.0,14.0,3阪神1,3歳未勝利,5.0,8.0,川崎,エイプリルフラワー賞(3歳),17.0,16.0,5中京6,2歳未勝利,11.0,12.0,4阪神7,2歳未勝利,8.0,7.0,4阪神1,2歳未勝利,176.2,15.0,2026-08-15 00:15:10,jra,2026-08-15,45.02,28.5,64.0,11.2,63.5,58.7,45.0,履歴少
202607020702,2026-08-15,2,リフルフォース,4.0,3.0,角田和,55.0,,15.0,6.0,2小倉3,3歳未勝利,16.0,5.0,3京都9,3歳未勝利,6.0,2.0,2京都4,3歳新馬,,,,,,,,,15.3,8.0,2026-08-15 00:15:10,jra,2026-08-15,17.32,15.8,0.0,0.0,26.0,37.7,45.0,履歴少 / 市場オッズ妙味
202601010702,2026-08-15,2,ルージュロマーナ,8.0,7.0,☆舟山,54.0,,3.0,10.0,1函館12,2歳新馬,,,,,,,,,,,,,,,,,7.6,3.0,2026-08-15 00:27:30,jra,2026-08-15,45.43,48.1,51.4,36.3,40.6,42.0,45.0,履歴少 / サンプル少
202601010702,2026-08-15,2,レゾンフォルテ,9.0,8.0,横山和,55.0,,3.0,2.0,1札幌2,2歳新馬,,,,,,,,,,,,,,,,,1.6,1.0,2026-08-15 00:27:30,jra,2026-08-15,42.13,48.1,39.1,36.3,40.6,39.5,45.0,履歴少 / サンプル少
202601010702,2026-08-15,2,ローザベッラ,5.0,5.0,石川倭,55.0,,9.0,6.0,1札幌2,2歳新馬,,,,,,,,,,,,,,,,,58.8,9.0,2026-08-15 00:27:30,jra,2026-08-15,37.32,37.6,36.0,29.6,40.6,37.3,45.0,履歴少 / サンプル少
202601010703,2026-08-15,3,アニマレイ,6.0,5.0,▲小林美,54.0,,3.0,1.0,2東京2,3歳未勝利,5.0,1.0,2阪神3,3歳未勝利,2.0,2.0,1阪神6,3歳未勝利,2.0,1.0,2京都3,3歳未勝利,3.0,2.0,1小倉2,3歳未勝利,5.7,2.0,2026-08-15 00:56:45,jra,2026-08-15,61.87,82.8,37.0,100.0,50.0,52.2,45.0,履歴少 / 安定感
202604020703,2026-08-15,3,イカルステソーロ,12.0,8.0,石川,55.0,,,,,,,,,,,,,,,,,,,,,,30.1,7.0,2026-08-15 00:35:55,jra,2026-08-15,36.0,35.0,35.0,35.0,35.0,35.0,45.0,履歴少
202604020703,2026-08-15,3,キョウエイシャトル,11.0,8.0,原,55.0,,,,,,,,,,,,,,,,,,,,,,54.0,9.0,2026-08-15 00:35:55,jra,2026-08-15,36.0,35.0,35.0,35.0,35.0,35.0,45.0,履歴少
202604020703,2026-08-15,3,ケイジャーダ,3.0,3.0,石橋脩,55.0,,,,,,,,,,,,,,,,,,,,,,145.5,12.0,2026-08-15 00:35:55,jra,2026-08-15,36.0,35.0,35.0,35.0,35.0,35.0,45.0,履歴少
202604020703,2026-08-15,3,ケブラダラボジェラ,7.0,6.0,松岡,55.0,,,,,,,,,,,,,,,,,,,,,,67.1,10.0,2026-08-15 00:35:55,jra,2026-08-15,36.0,35.0,35.0,35.0,35.0,35.0,45.0,履歴少
202604020703,2026-08-15,3,コウサイリクリ,9.0,7.0,柴田大,55.0,,,,,,,,,,,,,,,,,,,,,,15.5,5.0,2026-08-15 00:35:55,jra,2026-08-15,36.0,35.0,35.0,35.0,35.0,35.0,45.0,履歴少
202607020703,2026-08-15,3,コルベータ,6.0,6.0,西村淳,55.0,,,,,,,,,,,,,,,,,,,,,,2.7,1.0,2026-08-15 00:48:15,jra,2026-08-15,36.0,35.0,35.0,35.0,35.0,35.0,45.0,履歴少
202601010703,2026-08-15,3,サンライズロイ,9.0,7.0,菱田,57.0,,5.0,3.0,1札幌3,3歳未勝利,3.0,4.0,1函館10,3歳未勝利,4.0,6.0,3阪神5,3歳未勝利,5.0,3.0,1新潟7,3歳未勝利,4.0,5.0,3京都3,3歳未勝利,8.4,5.0,2026-08-15 00:56:45,jra,2026-08-15,62.62,74.4,48.9,100.0,44.0,59.1,45.0,履歴少 / 安定感
202601010703,2026-08-15,3,シルフ,5.0,5.0,松本,55.0,,11.0,10.0,1函館9,3歳未勝利,4.0,12.0,1函館5,3歳未勝利,8.0,4.0,4阪神3,2歳新馬,,,,,,,,,4.4,1.0,2026-08-15 00:56:45,jra,2026-08-15,44.82,44.9,58.4,24.9,20.0,59.6,45.0,履歴少
202607020703,2026-08-15,3,スクールディーヴァ,5.0,5.0,コレット,55.0,,,,,,,,,,,,,,,,,,,,,,4.0,2.0,2026-08-15 00:48:15,jra,2026-08-15,36.0,35.0,35.0,35.0,35.0,35.0,45.0,履歴少
202607020703,2026-08-15,3,ステラヴェント,2.0,2.0,高倉,55.0,,,,,,,,,,,,,,,,,,,,,,14.7,6.0,2026-08-15 00:48:15,jra,2026-08-15,36.0,35.0,35.0,35.0,35.0,35.0,45.0,履歴少
202607020703,2026-08-15,3,セイウンマイラヴ,3.0,3.0,☆田山,54.0,,,,,,,,,,,,,,,,,,,,,,4.7,3.0,2026-08-15 00:48:15,jra,2026-08-15,36.0,35.0,35.0,35.0,35.0,35.0,45.0,履歴少
202601010703,2026-08-15,3,ソルトアイリス,3.0,3.0,横山和,55.0,,13.0,1.0,1函館4,3歳未勝利,4.0,2.0,2阪神6,3歳未勝利,5.0,4.0,1阪神9,3歳未勝利,2.0,3.0,1京都5,3歳新馬,,,,,26.9,11.0,2026-08-15 00:56:45,jra,2026-08-15,36.72,52.4,17.2,59.3,0.0,44.9,45.0,履歴少 / 市場オッズ妙味
202601010703,2026-08-15,3,ダイユウサルターレ,8.0,6.0,佐々木,57.0,,7.0,6.0,浦和,ツインベスト特別(3歳),14.0,12.0,3東京2,3歳未勝利,15.0,4.0,1中山3,3歳未勝利,3.0,6.0,5中山6,2歳未勝利,10.0,9.0,5中山2,2歳新馬,21.9,9.0,2026-08-15 00:56:45,jra,2026-08-15,36.15,24.3,32.4,14.6,71.0,48.5,45.0,履歴少 / 近走上向き / 市場オッズ妙味
202601010703,2026-08-15,3,ツクバヴァンガード,12.0,8.0,☆長浜,56.0,,6.0,1.0,2福島6,3歳未勝利,2.0,1.0,3東京4,3歳未勝利,2.0,3.0,2東京10,3歳未勝利,2.0,1.0,3中山1,3歳未勝利,2.0,1.0,2中山4,3歳未勝利,6.1,3.0,2026-08-15 00:56:45,jra,2026-08-15,55.39,82.3,37.3,69.6,26.0,53.1,45.0,履歴少 / 安定感
202601010703,2026-08-15,3,デルマハルナ,7.0,6.0,▲和田陽,52.0,,3.0,8.0,1函館12,3歳未勝利,9.0,12.0,1函館8,3歳未勝利,15.0,14.0,1函館1,3歳未勝利,,,,,,,,,68.1,12.0,2026-08-15 00:56:45,jra,2026-08-15,58.2,46.0,69.3,30.4,100.0,61.1,45.0,履歴少 / 人気以上に走る傾向 / 近走上向き
202601010703,2026-08-15,3,トルークマクト,4.0,4.0,石川倭,55.0,,6.0,3.0,1函館12,3歳未勝利,6.0,9.0,1函館7,3歳未勝利,13.0,11.0,1函館4,3歳未勝利,13.0,4.0,1小倉3,3歳未勝利,3.0,5.0,1中山2,3歳新馬,24.4,10.0,2026-08-15 00:56:45,jra,2026-08-15,42.09,43.2,38.3,10.3,66.5,50.5,45.0,履歴少 / 近走上向き / 市場オッズ妙味
202601010703,2026-08-15,3,ナブッコ,1.0,1.0,横山武,57.0,,3.0,4.0,1札幌3,3歳未勝利,3.0,7.0,2小倉6,3歳未勝利,4.0,1.0,名古屋,名古屋CCメロン賞(3歳),6.0,3.0,2阪神8,3歳未勝利,2.0,4.0,2阪神2,3歳未勝利,11.9,8.0,2026-08-15 00:56:45,jra,2026-08-15,62.69,71.5,55.6,74.5,54.5,63.3,49.8,頭数減経験 / 安定感
202607020703,2026-08-15,3,ピコキング,4.0,4.0,団野,55.0,,,,,,,,,,,,,,,,,,,,,,4.7,4.0,2026-08-15 00:48:15,jra,2026-08-15,36.0,35.0,35.0,35.0,35.0,35.0,45.0,履歴少
202604020703,2026-08-15,3,ピコベリー,10.0,7.0,津村,55.0,,,,,,,,,,,,,,,,,,,,,,9.0,3.0,2026-08-15 00:35:55,jra,2026-08-15,36.0,35.0,35.0,35.0,35.0,35.0,45.0,履歴少
202601010703,2026-08-15,3,フェアリーキャット,2.0,2.0,◇古川奈,53.0,,2.0,6.0,1札幌3,3歳未勝利,6.0,12.0,2東京11,3歳未勝利,7.0,9.0,1新潟5,3歳未勝利,14.0,16.0,1東京2,3歳新馬,,,,,7.2,4.0,2026-08-15 00:56:45,jra,2026-08-15,63.93,59.3,76.5,30.4,92.0,69.8,45.0,履歴少 / 人気以上に走る傾向 / 近走上向き / 過小評価傾向
202601010703,2026-08-15,3,フェイスリフト,10.0,7.0,古川吉,57.0,,6.0,2.0,2福島4,3歳未勝利,3.0,1.0,3東京2,3歳未勝利,2.0,1.0,2東京5,3歳未勝利,2.0,1.0,3中山5,3歳未勝利,3.0,5.0,2中山7,3歳未勝利,10.5,7.0,2026-08-15 00:56:45,jra,2026-08-15,55.32,79.5,37.0,69.6,29.0,56.1,45.0,履歴少 / 安定感
202604020703,2026-08-15,3,フォクセン,6.0,5.0,武藤,55.0,,,,,,,,,,,,,,,,,,,,,,48.5,8.0,2026-08-15 00:35:55,jra,2026-08-15,36.0,35.0,35.0,35.0,35.0,35.0,45.0,履歴少
202601010703,2026-08-15,3,メイワキラリ,11.0,8.0,川又,57.0,,3.0,3.0,2小倉7,3歳未勝利,2.0,6.0,2小倉4,3歳未勝利,3.0,10.0,2小倉1,3歳未勝利,5.0,10.0,3京都12,3歳未勝利,6.0,11.0,2阪神2,3歳未勝利,8.7,6.0,2026-08-15 00:56:45,jra,2026-08-15,73.0,81.2,75.4,89.7,56.0,72.9,45.0,履歴少 / 人気以上に走る傾向 / 安定感 / 過小評価傾向
202604020703,2026-08-15,3,モナークスヴァラー,4.0,4.0,木幡巧,55.0,,,,,,,,,,,,,,,,,,,,,,7.6,2.0,2026-08-15 00:35:55,jra,2026-08-15,36.0,35.0,35.0,35.0,35.0,35.0,45.0,履歴少
202607020703,2026-08-15,3,リアルカムイ,1.0,1.0,田口,55.0,,,,,,,,,,,,,,,,,,,,,,9.5,5.0,2026-08-15 00:48:15,jra,2026-08-15,36.0,35.0,35.0,35.0,35.0,35.0,45.0,履歴少
202604020703,2026-08-15,3,リバーススイープ,8.0,6.0,戸崎圭,55.0,,,,,,,,,,,,,,,,,,,,,,10.2,4.0,2026-08-15 00:35:55,jra,2026-08-15,36.0,35.0,35.0,35.0,35.0,35.0,45.0,履歴少
202604020703,2026-08-15,3,リボンロード,2.0,2.0,川田,55.0,,,,,,,,,,,,,,,,,,,,,,1.4,1.0,2026-08-15 00:35:55,jra,2026-08-15,36.0,35.0,35.0,35.0,35.0,35.0,45.0,履歴少
202604020703,2026-08-15,3,ルバート,5.0,5.0,岩田康,55.0,,,,,,,,,,,,,,,,,,,,,,19.6,6.0,2026-08-15 00:35:55,jra,2026-08-15,36.0,35.0,35.0,35.0,35.0,35.0,45.0,履歴少
202604020703,2026-08-15,3,ルークスイテルム,1.0,1.0,丸山,55.0,,,,,,,,,,,,,,,,,,,,,,80.6,11.0,2026-08-15 00:35:55,jra,2026-08-15,36.0,35.0,35.0,35.0,35.0,35.0,45.0,履歴少
202607020703,2026-08-15,3,レットミーゴー,7.0,7.0,城戸,55.0,,,,,,,,,,,,,,,,,,,,,,22.4,7.0,2026-08-15 00:48:15,jra,2026-08-15,36.0,35.0,35.0,35.0,35.0,35.0,45.0,履歴少
202607020704,2026-08-15,4,アイルトン,2.0,2.0,酒井,57.0,,7.0,1.0,2小倉3,3歳未勝利,8.0,5.0,3京都12,3歳未勝利,5.0,8.0,3京都6,3歳未勝利,10.0,2.0,1阪神7,3歳未勝利,3.0,11.0,1阪神1,3歳未勝利,27.4,7.0,2026-08-15 00:15:55,jra,2026-08-15,44.02,53.0,33.8,30.1,47.0,52.4,45.0,履歴少 / 市場オッズ妙味
202607020704,2026-08-15,4,アンリミテッド,1.0,1.0,藤懸,57.0,,7.0,6.0,2中京2,3歳未勝利,8.0,4.0,2小倉5,3歳未勝利,6.0,4.0,3阪神2,3歳未勝利,9.0,4.0,1阪神3,3歳未勝利,3.0,3.0,2京都4,3歳未勝利,30.2,8.0,2026-08-15 00:15:55,jra,2026-08-15,40.81,52.6,33.0,10.3,47.0,48.5,45.0,履歴少 / 市場オッズ妙味
202604020704,2026-08-15,4,イナンナ,5.0,3.0,▲上里,52.0,,10.0,12.0,3東京4,3歳未勝利,,,,,,,,,,,,,,,,,80.1,13.0,2026-08-15 00:07:25,jra,2026-08-15,39.33,35.8,43.7,29.6,40.6,42.0,45.0,履歴少 / サンプル少
202601010704,2026-08-15,4,ウインガネーシャ,6.0,5.0,菊沢,57.0,,2.0,2.0,1函館11,3歳未勝利,2.0,4.0,3東京6,3歳未勝利,3.0,5.0,3東京4,3歳未勝利,4.0,9.0,2東京9,3歳未勝利,6.0,7.0,1新潟4,3歳未勝利,2.7,1.0,2026-08-15 00:28:15,jra,2026-08-15,69.66,84.8,62.1,89.7,60.5,60.7,45.0,履歴少 / 安定感
202601010704,2026-08-15,4,ウインモンクール,11.0,8.0,松本,57.0,,5.0,4.0,門別,フェルカド特別(C1),9.0,5.0,1函館4,3歳未勝利,5.0,7.0,3京都10,3歳未勝利,11.0,9.0,2阪神7,3歳未勝利,3.0,1.0,1京都1,3歳新馬,29.6,11.0,2026-08-15 00:28:15,jra,2026-08-15,47.65,46.0,41.1,47.7,62.0,51.8,45.0,履歴少 / 市場オッズ妙味
202604020704,2026-08-15,4,カフェプラウド,1.0,1.0,▲水沼,54.0,,11.0,7.0,3東京2,3歳未勝利,9.0,11.0,1新潟5,3歳未勝利,,,,,,,,,,,,,95.1,14.0,2026-08-15 00:07:25,jra,2026-08-15,37.11,33.0,40.5,18.0,38.9,48.8,45.0,履歴少 / サンプル少
202601010704,2026-08-15,4,ガビーズメロディ,5.0,5.0,原田和,57.0,,7.0,9.0,3東京4,3歳未勝利,5.0,7.0,2東京8,3歳未勝利,8.0,11.0,1福島5,3歳未勝利,8.0,8.0,1東京1,3歳新馬,,,,,37.4,12.0,2026-08-15 00:28:15,jra,2026-08-15,51.91,53.4,63.3,24.9,50.0,59.2,45.0,履歴少
202601010704,2026-08-15,4,コイバナ,7.0,6.0,▲和田陽,52.0,,8.0,11.0,1函館9,3歳未勝利,6.0,5.0,3阪神1,3歳未勝利,5.0,8.0,1中京4,3歳未勝利,7.0,5.0,1阪神5,3歳未勝利,8.0,8.0,1阪神3,3歳未勝利,21.9,9.0,2026-08-15 00:28:15,jra,2026-08-15,48.66,53.9,56.7,19.8,41.0,58.2,45.0,履歴少 / 市場オッズ妙味
202601010704,2026-08-15,4,ザンテソーロ,1.0,1.0,横山武,57.0,,4.0,4.0,1函館11,3歳未勝利,5.0,3.0,3東京6,3歳未勝利,2.0,6.0,3東京4,3歳未勝利,4.0,5.0,1新潟8,3歳未勝利,7.0,11.0,2東京5,3歳未勝利,6.0,2.0,2026-08-15 00:28:15,jra,2026-08-15,64.67,74.7,56.0,89.7,53.0,62.2,45.0,履歴少 / 安定感
202601010704,2026-08-15,4,シエルブリエ,2.0,2.0,★河原田,53.0,,7.0,15.0,3阪神2,3歳未勝利,7.0,6.0,2京都3,3歳未勝利,13.0,14.0,2京都1,3歳新馬,,,,,,,,,13.3,6.0,2026-08-15 00:28:15,jra,2026-08-15,50.76,39.4,72.2,0.0,68.0,69.7,45.0,履歴少 / 人気以上に走る傾向 / 近走上向き / 過小評価傾向
202604020704,2026-08-15,4,スマートレイナ,4.0,3.0,川田,55.0,,5.0,3.0,1京都2,3歳新馬,,,,,,,,,,,,,,,,,13.5,6.0,2026-08-15 00:07:25,jra,2026-08-15,40.62,44.6,37.6,36.3,40.6,38.4,45.0,履歴少 / サンプル少
202607020704,2026-08-15,4,スワトウ,6.0,4.0,Ｍデムーロ,55.0,,11.0,9.0,1函館7,3歳未勝利,7.0,7.0,1函館4,3歳未勝利,7.0,6.0,1福島1,3歳未勝利,11.0,9.0,5阪神1,2歳未勝利,5.0,7.0,4中京1,2歳未勝利,30.3,9.0,2026-08-15 00:15:55,jra,2026-08-15,38.33,39.3,43.8,10.3,29.0,54.3,45.0,履歴少 / 市場オッズ妙味
202604020704,2026-08-15,4,ニンジャトットリ,8.0,5.0,木幡育,57.0,,2.0,2.0,2福島7,3歳未勝利,4.0,6.0,2福島6,3歳未勝利,3.0,2.0,1福島5,3歳未勝利,2.0,2.0,3中山6,3歳未勝利,3.0,1.0,3中山2,3歳未勝利,4.8,2.0,2026-08-15 00:07:25,jra,2026-08-15,67.19,85.6,50.7,100.0,56.0,56.0,45.0,履歴少 / 安定感
202607020704,2026-08-15,4,ハピネスサンライズ,8.0,5.0,団野,55.0,,8.0,6.0,2中京4,3歳未勝利,16.0,4.0,3阪神4,3歳未勝利,13.0,6.0,2阪神3,3歳未勝利,3.0,3.0,1中京3,3歳未勝利,5.0,4.0,1阪神5,3歳未勝利,20.9,6.0,2026-08-15 00:15:55,jra,2026-08-15,33.09,33.4,14.4,24.9,57.5,42.0,45.0,履歴少 / 市場オッズ妙味
202604020704,2026-08-15,4,ハンナパール,9.0,5.0,吉田豊,55.0,,2.0,4.0,2新潟2,3歳未勝利,6.0,4.0,2東京10,3歳未勝利,2.0,5.0,2東京2,3歳未勝利,4.0,11.0,3中山4,3歳未勝利,7.0,12.0,2中山8,3歳未勝利,8.0,5.0,2026-08-15 00:07:25,jra,2026-08-15,67.33,77.6,65.7,64.7,66.5,68.6,45.0,履歴少 / 人気以上に走る傾向 / 近走上向き / 安定感
202604020704,2026-08-15,4,バターショコラ,14.0,8.0,岩田康,55.0,,13.0,4.0,3東京5,3歳未勝利,4.0,5.0,2東京9,3歳未勝利,5.0,4.0,2東京1,3歳未勝利,4.0,7.0,1東京6,3歳新馬,,,,,19.5,8.0,2026-08-15 00:07:25,jra,2026-08-15,41.63,49.8,32.5,59.3,0.0,59.1,45.0,履歴少 / 市場オッズ妙味
202607020704,2026-08-15,4,パトローナス,4.0,3.0,吉村,57.0,,16.0,1.0,2小倉4,3歳未勝利,6.0,2.0,1新潟7,3歳未勝利,4.0,1.0,4京都1,2歳未勝利,3.0,4.0,3京都5,2歳未勝利,5.0,5.0,4阪神7,2歳未勝利,15.1,4.0,2026-08-15 00:15:55,jra,2026-08-15,32.27,49.3,8.0,44.7,0.0,47.9,45.0,履歴少 / 市場オッズ妙味
202607020704,2026-08-15,4,パノラマステージ,13.0,8.0,国分優,55.0,,12.0,16.0,3阪神6,3歳未勝利,12.0,6.0,1福島6,3歳未勝利,7.0,7.0,1小倉10,3歳未勝利,7.0,6.0,3福島5,2歳未勝利,7.0,8.0,4新潟2,2歳未勝利,104.9,13.0,2026-08-15 00:15:55,jra,2026-08-15,34.93,29.9,47.7,0.0,27.5,52.2,45.0,履歴少
202601010704,2026-08-15,4,ブラックパロット,9.0,7.0,☆舟山,56.0,,12.0,7.0,3東京2,3歳未勝利,3.0,7.0,2東京9,3歳未勝利,7.0,6.0,1阪神9,3歳未勝利,5.0,7.0,1東京4,3歳未勝利,5.0,4.0,1中山6,3歳未勝利,20.5,8.0,2026-08-15 00:28:15,jra,2026-08-15,44.84,51.8,46.3,49.8,8.0,55.6,45.0,履歴少 / 市場オッズ妙味
202601010704,2026-08-15,4,ブロント,10.0,7.0,浜中,57.0,,,,,,,,,,,,,,,,,,,,,,14.9,7.0,2026-08-15 00:28:15,jra,2026-08-15,36.0,35.0,35.0,35.0,35.0,35.0,45.0,履歴少
202607020704,2026-08-15,4,ペアピーターソン,3.0,3.0,松若,57.0,,4.0,5.0,園田,JRA交流摩耶山特別,16.0,2.0,3京都6,3歳未勝利,7.0,4.0,1阪神3,3歳未勝利,6.0,2.0,1東京4,3歳新馬,,,,,67.0,12.0,2026-08-15 00:15:55,jra,2026-08-15,35.62,36.2,15.0,17.6,84.0,37.2,45.0,履歴少 / 近走上向き
202604020704,2026-08-15,4,ホットジュピター,2.0,2.0,丸田,55.0,,11.0,14.0,2福島2,3歳未勝利,17.0,18.0,1中京3,3歳未勝利,,,,,,,,,,,,,28.7,10.0,2026-08-15 00:07:25,jra,2026-08-15,42.06,24.0,53.6,18.0,65.3,56.9,45.0,履歴少 / サンプル少 / 近走上向き / 市場オッズ妙味
202601010704,2026-08-15,4,ポップアップ,3.0,3.0,佐々木,57.0,,3.0,1.0,1函館11,3歳未勝利,2.0,2.0,1函館4,3歳未勝利,5.0,7.0,3京都4,3歳未勝利,9.0,8.0,2阪神7,3歳未勝利,2.0,12.0,1阪神5,3歳未勝利,8.8,5.0,2026-08-15 00:28:15,jra,2026-08-15,65.54,76.7,54.7,85.4,59.0,65.1,45.0,履歴少 / 安定感 / 過小評価傾向
202604020704,2026-08-15,4,マジギレカレン,10.0,6.0,▲佐藤,52.0,,,,,,,,,,,,,,,,,,,,,,24.5,9.0,2026-08-15 00:07:25,jra,2026-08-15,36.0,35.0,35.0,35.0,35.0,35.0,45.0,履歴少
202601010704,2026-08-15,4,モロノカガヤキ,12.0,8.0,▲小林美,54.0,,6.0,2.0,1函館9,3歳未勝利,4.0,1.0,1函館4,3歳未勝利,4.0,1.0,2東京2,3歳未勝利,2.0,2.0,3中山4,3歳未勝利,3.0,2.0,1東京4,3歳未勝利,6.2,3.0,2026-08-15 00:28:15,jra,2026-08-15,52.29,74.3,31.4,69.6,33.5,50.6,45.0,履歴少 / 安定感
202607020704,2026-08-15,4,モンシーク,14.0,8.0,松山,57.0,,2.0,1.0,2中京4,3歳未勝利,6.0,1.0,3阪神1,3歳未勝利,3.0,1.0,3京都5,3歳未勝利,3.0,2.0,2京都5,3歳未勝利,4.0,1.0,4京都6,2歳未勝利,1.3,1.0,2026-08-15 00:15:55,jra,2026-08-15,57.27,79.6,33.2,75.1,62.0,43.3,45.0,履歴少 / 安定感
202604020704,2026-08-15,4,モーニンムスメ,3.0,2.0,◇今村,53.0,,15.0,15.0,2中山5,3歳未勝利,11.0,13.0,1東京8,3歳新馬,,,,,,,,,,,,,18.6,7.0,2026-08-15 00:07:25,jra,2026-08-15,37.27,23.0,49.0,18.0,32.3,61.1,45.0,履歴少 / サンプル少 / 市場オッズ妙味
202604020704,2026-08-15,4,ユニオンジャック,13.0,7.0,木幡初,57.0,,12.0,10.0,2福島6,3歳未勝利,,,,,,,,,,,,,,,,,72.4,12.0,2026-08-15 00:07:25,jra,2026-08-15,36.37,32.3,37.6,29.6,40.6,38.4,45.0,履歴少 / サンプル少
202607020704,2026-08-15,4,リントゥラウル,12.0,7.0,幸,57.0,,4.0,8.0,2中京4,3歳未勝利,11.0,6.0,2小倉5,3歳未勝利,5.0,11.0,3阪神6,3歳未勝利,12.0,9.0,2阪神8,3歳未勝利,11.0,4.0,1中京6,3歳未勝利,18.9,5.0,2026-08-15 00:15:55,jra,2026-08-15,53.6,45.3,50.0,50.2,84.5,59.0,45.0,履歴少 / 近走上向き / 市場オッズ妙味
202607020704,2026-08-15,4,リーガルスプレンダ,11.0,7.0,加藤,55.0,,8.0,11.0,2小倉2,3歳未勝利,9.0,10.0,1小倉12,3歳未勝利,3.0,1.0,名古屋,名古屋CCアップル賞(3歳),10.0,15.0,5阪神3,2歳未勝利,10.0,11.0,3京都3,2歳未勝利,31.8,10.0,2026-08-15 00:15:55,jra,2026-08-15,45.53,36.8,62.7,8.9,50.0,61.5,45.0,履歴少 / 市場オッズ妙味
202607020704,2026-08-15,4,ルナカカオ,5.0,4.0,☆田山,54.0,,3.0,1.0,金沢,加賀片山津賞(未勝利)(3歳),12.0,10.0,3京都7,3歳未勝利,2.0,1.0,笠松,赤坂宿特別(3歳),11.0,10.0,1京都8,3歳未勝利,4.0,10.0,1京都5,3歳新馬,13.2,3.0,2026-08-15 00:15:55,jra,2026-08-15,46.54,32.9,47.1,32.6,75.5,61.0,45.0,地方実績を中央換算 / 履歴少 / 近走上向き / 市場オッズ妙味
202607020704,2026-08-15,4,ルージュエテルナ,10.0,6.0,西塚,55.0,,6.0,5.0,2中京4,3歳未勝利,13.0,3.0,2小倉1,3歳未勝利,5.0,4.0,3阪神1,3歳未勝利,9.0,3.0,1京都4,3歳新馬,,,,,11.0,2.0,2026-08-15 00:15:55,jra,2026-08-15,38.0,42.3,19.8,19.8,68.0,45.6,45.0,履歴少 / 近走上向き
202604020704,2026-08-15,4,レイズレガシー,12.0,7.0,田辺,57.0,,3.0,3.0,2新潟3,3歳未勝利,3.0,2.0,3東京5,3歳未勝利,2.0,3.0,3東京1,3歳未勝利,3.0,4.0,2東京7,3歳未勝利,7.0,4.0,2東京4,3歳未勝利,3.5,1.0,2026-08-15 00:07:25,jra,2026-08-15,64.04,82.3,48.5,89.7,54.5,54.0,45.0,履歴少 / 安定感
202604020704,2026-08-15,4,レオスキーム,11.0,6.0,木幡巧,57.0,,8.0,4.0,浦和,ツインベスト特別(3歳),6.0,16.0,2東京9,3歳未勝利,12.0,14.0,2東京4,3歳未勝利,14.0,16.0,3中山1,3歳未勝利,9.0,15.0,3福島2,2歳新馬,95.1,15.0,2026-08-15 00:07:25,jra,2026-08-15,46.33,28.8,71.7,0.0,63.5,63.9,45.0,履歴少 / 人気以上に走る傾向
202607020704,2026-08-15,4,ロングジーニアス,7.0,5.0,長岡,55.0,,10.0,10.0,2小倉3,3歳未勝利,9.0,12.0,3京都3,3歳未勝利,10.0,13.0,1小倉12,3歳未勝利,9.0,12.0,4京都5,2歳新馬,,,,,117.7,14.0,2026-08-15 00:15:55,jra,2026-08-15,42.69,31.5,63.9,0.0,46.0,60.8,45.0,履歴少
202604020704,2026-08-15,4,ロンバスブレス,15.0,8.0,△石神道,53.0,,4.0,5.0,2新潟3,3歳未勝利,5.0,2.0,3東京5,3歳未勝利,4.0,2.0,3東京2,3歳未勝利,5.0,9.0,1新潟6,3歳未勝利,,,,,6.0,3.0,2026-08-15 00:07:25,jra,2026-08-15,61.62,72.5,48.0,89.7,54.0,57.6,45.0,履歴少 / 安定感
202601010704,2026-08-15,4,ロードステラート,4.0,4.0,横山琉,57.0,,5.0,1.0,1函館4,3歳未勝利,5.0,3.0,3京都9,3歳未勝利,3.0,2.0,1新潟3,3歳未勝利,4.0,3.0,3中山7,3歳未勝利,7.0,3.0,1阪神7,3歳未勝利,8.6,4.0,2026-08-15 00:28:15,jra,2026-08-15,55.91,70.7,32.7,89.7,48.5,51.4,45.0,履歴少 / 安定感
202601010704,2026-08-15,4,ワイルドカイザー,8.0,6.0,☆長浜,56.0,,12.0,11.0,2福島3,3歳未勝利,14.0,14.0,1福島1,3歳未勝利,,,,,,,,,,,,,25.6,10.0,2026-08-15 00:28:15,jra,2026-08-15,36.73,21.6,43.4,18.0,52.1,52.5,45.0,履歴少 / サンプル少 / 市場オッズ妙味
202604020704,2026-08-15,4,ワンダーバリエンス,6.0,4.0,柴田大,55.0,,14.0,15.0,2東京3,3歳未勝利,7.0,13.0,2中山6,3歳未勝利,8.0,12.0,2京都4,3歳未勝利,9.0,15.0,1中山8,3歳未勝利,15.0,14.0,5東京2,2歳新馬,69.1,11.0,2026-08-15 00:07:25,jra,2026-08-15,41.57,26.9,73.5,0.0,24.5,63.9,45.0,履歴少 / 人気以上に走る傾向
202607020704,2026-08-15,4,ヴィーラー,9.0,6.0,中井,55.0,,6.0,10.0,2中京3,3歳未勝利,6.0,8.0,2小倉8,3歳未勝利,11.0,10.0,2小倉2,3歳未勝利,13.0,13.0,3京都3,3歳未勝利,12.0,8.0,3京都1,3歳未勝利,65.5,11.0,2026-08-15 00:15:55,jra,2026-08-15,46.09,39.0,57.7,0.0,77.0,54.1,45.0,履歴少 / 近走上向き
202604020704,2026-08-15,4,ヴェントベローチェ,7.0,4.0,三浦,57.0,,4.0,7.0,3東京5,3歳未勝利,4.0,9.0,3東京1,3歳未勝利,8.0,7.0,2東京6,3歳未勝利,11.0,10.0,1東京1,3歳未勝利,12.0,8.0,5中山3,2歳未勝利,6.5,4.0,2026-08-15 00:07:25,jra,2026-08-15,58.58,54.9,59.8,55.3,78.5,59.3,45.0,履歴少 / 近走上向き
202601010705,2026-08-15,5,アオイスミレ,8.0,6.0,菱田,55.0,,,,,,,,,,,,,,,,,,,,,,10.1,6.0,2026-08-15 00:16:15,jra,2026-08-15,36.0,35.0,35.0,35.0,35.0,35.0,45.0,履歴少
202607020705,2026-08-15,5,アキノビューティー,7.0,4.0,鮫島良,55.0,,7.0,3.0,2小倉3,3歳未勝利,4.0,5.0,3阪神5,3歳未勝利,2.0,2.0,1阪神2,3歳未勝利,3.0,8.0,2京都3,3歳新馬,,,,,7.0,3.0,2026-08-15 00:45:10,jra,2026-08-15,55.03,72.7,48.1,59.3,26.0,59.9,45.0,履歴少
202607020705,2026-08-15,5,アティラン,4.0,2.0,▲森田,52.0,,7.0,16.0,3阪神5,3歳未勝利,10.0,9.0,1中京5,3歳未勝利,7.0,12.0,1京都6,3歳未勝利,14.0,16.0,1京都4,3歳新馬,,,,,38.5,14.0,2026-08-15 00:45:10,jra,2026-08-15,51.48,36.9,79.4,0.0,70.0,65.7,45.0,履歴少 / 人気以上に走る傾向 / 近走上向き / 過小評価傾向
202607020705,2026-08-15,5,ウォーターコトノハ,15.0,8.0,△柴田裕,53.0,,13.0,15.0,2小倉5,3歳未勝利,14.0,17.0,1小倉3,3歳未勝利,8.0,8.0,4京都3,2歳未勝利,9.0,6.0,4阪神7,2歳新馬,,,,,187.3,16.0,2026-08-15 00:45:10,jra,2026-08-15,34.75,16.9,57.2,0.0,34.0,55.1,45.0,履歴少
202604020705,2026-08-15,5,ウフドゥウフ,4.0,2.0,田辺,58.0,,2.0,3.0,3東京4,3歳以上1勝クラス,2.0,3.0,2東京9,4歳以上1勝クラス,4.0,3.0,2東京2,4歳以上1勝クラス,2.0,8.0,1中京3,4歳以上1勝クラス,7.0,4.0,3新潟3,新発田城特別(1勝クラス),9.4,4.0,2026-08-15 00:36:40,jra,2026-08-15,68.48,84.7,56.4,89.7,60.5,62.1,45.0,履歴少 / 安定感
202604020705,2026-08-15,5,エバーラスト,16.0,8.0,△石神道,53.0,,8.0,3.0,2福島1,3歳以上1勝クラス,1.0,4.0,1小倉8,3歳未勝利,5.0,2.0,1中山6,3歳未勝利,4.0,5.0,4中山1,2歳新馬,,,,,22.9,10.0,2026-08-15 00:36:40,jra,2026-08-15,51.01,70.1,40.5,59.3,22.0,53.0,45.0,履歴少 / 市場オッズ妙味
202607020705,2026-08-15,5,エレーデサンライズ,6.0,3.0,幸,55.0,,2.0,3.0,2小倉8,3歳未勝利,5.0,7.0,3阪神5,3歳未勝利,3.0,2.0,1新潟7,3歳未勝利,4.0,4.0,1福島6,3歳未勝利,7.0,10.0,2阪神4,3歳未勝利,8.9,5.0,2026-08-15 00:45:10,jra,2026-08-15,67.37,78.0,56.4,89.7,66.5,62.6,45.0,履歴少 / 近走上向き / 安定感
202604020705,2026-08-15,5,カシオペア,18.0,8.0,石橋脩,58.0,,3.0,7.0,2新潟3,3歳以上1勝クラス,6.0,9.0,3東京3,3歳以上1勝クラス,8.0,8.0,1新潟5,4歳以上1勝クラス,1.0,9.0,2中京4,3歳未勝利,13.0,3.0,5東京7,2歳未勝利,17.2,6.0,2026-08-15 00:36:40,jra,2026-08-15,61.42,64.2,64.7,45.0,74.0,65.4,45.0,履歴少 / 近走上向き / 過小評価傾向 / 市場オッズ妙味
202607020705,2026-08-15,5,キミガスキダ,3.0,2.0,藤懸,55.0,,2.0,14.0,2中京3,3歳未勝利,6.0,13.0,2小倉2,3歳未勝利,9.0,13.0,3京都4,3歳未勝利,16.0,16.0,1京都4,3歳未勝利,,,4京都1,2歳未勝利,10.0,6.0,2026-08-15 00:45:10,jra,2026-08-15,70.34,55.8,98.3,30.4,100.0,78.5,45.0,履歴少 / 人気以上に走る傾向 / 近走上向き / 過小評価傾向
202601010705,2026-08-15,5,キャンドル,7.0,6.0,浜中,55.0,,,,,,,,,,,,,,,,,,,,,,11.4,7.0,2026-08-15 00:16:15,jra,2026-08-15,36.0,35.0,35.0,35.0,35.0,35.0,45.0,履歴少
202607020705,2026-08-15,5,クレスコフェーヴ,10.0,5.0,中井,55.0,,8.0,14.0,2小倉8,3歳未勝利,5.0,12.0,3京都8,3歳未勝利,17.0,17.0,3京都2,3歳未勝利,14.0,14.0,1小倉9,3歳未勝利,13.0,16.0,1京都7,3歳未勝利,77.1,15.0,2026-08-15 00:45:10,jra,2026-08-15,52.62,30.7,77.1,24.9,75.5,63.9,45.0,履歴少 / 人気以上に走る傾向 / 近走上向き
202607020705,2026-08-15,5,グランビスタ,14.0,7.0,吉村,55.0,,2.0,3.0,園田,JRA交流笠形山特別,9.0,9.0,3京都3,3歳未勝利,9.0,9.0,1阪神3,3歳未勝利,14.0,6.0,3京都3,2歳新馬,,,,,14.6,8.0,2026-08-15 00:45:10,jra,2026-08-15,46.94,36.0,42.3,17.6,100.0,57.8,45.0,履歴少 / 近走上向き / 市場オッズ妙味
202604020705,2026-08-15,5,グリオンヴール,15.0,7.0,戸崎圭,55.0,,3.0,2.0,2東京11,3歳1勝クラス,8.0,1.0,3中山8,3歳1勝クラス,3.0,1.0,1東京5,3歳1勝クラス,1.0,1.0,2札幌1,2歳新馬,,,,,3.2,1.0,2026-08-15 00:36:40,jra,2026-08-15,54.1,75.5,30.9,64.7,56.0,46.8,45.0,履歴少 / 安定感
202601010705,2026-08-15,5,ゲームチェンジャー,11.0,8.0,原田和,55.0,,,,,,,,,,,,,,,,,,,,,,47.3,12.0,2026-08-15 00:16:15,jra,2026-08-15,36.0,35.0,35.0,35.0,35.0,35.0,45.0,履歴少
202604020705,2026-08-15,5,ココボロ,3.0,2.0,◇今村,54.0,,3.0,15.0,2福島7,3歳以上1勝クラス,11.0,14.0,2福島1,3歳以上1勝クラス,11.0,14.0,1新潟2,4歳以上1勝クラス,11.0,13.0,1中京6,4歳以上1勝クラス,11.0,15.0,1小倉12,4歳以上1勝クラス,28.5,12.0,2026-08-15 00:36:40,jra,2026-08-15,62.19,39.5,89.9,30.4,98.0,69.1,45.0,履歴少 / 人気以上に走る傾向 / 近走上向き / 過小評価傾向
202604020705,2026-08-15,5,シャオママル,12.0,6.0,丸田,55.0,,8.0,5.0,3東京3,3歳以上1勝クラス,14.0,3.0,1東京5,3歳1勝クラス,4.0,6.0,5東京1,京王杯2歳S(GII),1.0,1.0,4東京5,2歳未勝利,2.0,5.0,4中山3,2歳未勝利,7.4,3.0,2026-08-15 00:36:40,jra,2026-08-15,43.0,52.5,29.4,44.7,33.5,52.7,45.0,履歴少
202604020705,2026-08-15,5,シュペルリング,6.0,3.0,津村,55.0,,7.0,4.0,3東京3,3歳以上1勝クラス,13.0,8.0,3中山5,ニュージーランドT(GII),4.0,6.0,1東京5,3歳1勝クラス,10.0,2.0,5東京1,京王杯2歳S(GII),1.0,3.0,4東京3,2歳新馬,22.6,9.0,2026-08-15 00:36:40,jra,2026-08-15,41.27,46.2,30.9,30.1,50.0,48.5,45.0,履歴少 / 市場オッズ妙味
202607020705,2026-08-15,5,ショルタメンテ,12.0,6.0,◇永島,53.0,,9.0,10.0,2小倉3,3歳未勝利,9.0,10.0,3京都2,3歳未勝利,,,2京都6,3歳新馬,,,,,,,,,16.9,9.0,2026-08-15 00:45:10,jra,2026-08-15,43.35,37.8,49.4,18.0,45.5,62.9,45.0,履歴少 / サンプル少 / 市場オッズ妙味
202601010705,2026-08-15,5,ジオパークカツキ,5.0,5.0,横山武,55.0,,,,,,,,,,,,,,,,,,,,,,2.7,1.0,2026-08-15 00:16:15,jra,2026-08-15,36.0,35.0,35.0,35.0,35.0,35.0,45.0,履歴少
202604020705,2026-08-15,5,スタートレイン,1.0,1.0,木幡巧,53.0,,6.0,10.0,2東京11,3歳1勝クラス,17.0,15.0,2東京3,3歳1勝クラス,8.0,6.0,2中山7,3歳1勝クラス,4.0,6.0,5東京5,赤松賞(1勝クラス),1.0,2.0,4中山3,2歳新馬,27.7,11.0,2026-08-15 00:36:40,jra,2026-08-15,49.47,48.4,55.0,24.9,59.0,58.2,45.0,履歴少 / 市場オッズ妙味
202601010705,2026-08-15,5,スピリッツ,2.0,2.0,▲小林美,52.0,,,,,,,,,,,,,,,,,,,,,,7.5,2.0,2026-08-15 00:16:15,jra,2026-08-15,36.0,35.0,35.0,35.0,35.0,35.0,45.0,履歴少
202601010705,2026-08-15,5,スマートライナー,10.0,7.0,古川吉,55.0,,,,,,,,,,,,,,,,,,,,,,22.2,10.0,2026-08-15 00:16:15,jra,2026-08-15,36.0,35.0,35.0,35.0,35.0,35.0,45.0,履歴少
202601010705,2026-08-15,5,タワーレイヴン,12.0,8.0,横山琉,55.0,,,,,,,,,,,,,,,,,,,,,,8.1,4.0,2026-08-15 00:16:15,jra,2026-08-15,36.0,35.0,35.0,35.0,35.0,35.0,45.0,履歴少
202601010705,2026-08-15,5,ディンクスマッシュ,4.0,4.0,☆舟山,54.0,,,,,,,,,,,,,,,,,,,,,,18.5,9.0,2026-08-15 00:16:15,jra,2026-08-15,36.0,35.0,35.0,35.0,35.0,35.0,45.0,履歴少
202604020705,2026-08-15,5,デスサイズ,5.0,3.0,石川,55.0,,7.0,5.0,3東京2,3歳以上1勝クラス,1.0,1.0,2東京8,3歳未勝利,3.0,1.0,2中山8,3歳未勝利,2.0,2.0,2中山1,3歳未勝利,2.0,3.0,1東京1,3歳新馬,6.4,2.0,2026-08-15 00:36:40,jra,2026-08-15,56.05,80.3,43.7,69.6,20.0,56.0,45.0,履歴少 / 安定感
202604020705,2026-08-15,5,デルマケセラセラ,11.0,6.0,▲上里,53.0,,17.0,12.0,2東京9,4歳以上1勝クラス,9.0,8.0,1中京2,4歳以上1勝クラス,1.0,4.0,1札幌1,3歳未勝利,,,1函館9,3歳未勝利,3.0,2.0,1函館3,3歳未勝利,89.5,18.0,2026-08-15 00:36:40,jra,2026-08-15,36.89,43.8,39.5,30.1,0.0,50.2,45.0,履歴少
202601010705,2026-08-15,5,トスカ,9.0,7.0,小沢,55.0,,,,,,,,,,,,,,,,,,,,,,9.3,5.0,2026-08-15 00:16:15,jra,2026-08-15,36.0,35.0,35.0,35.0,35.0,35.0,45.0,履歴少
202607020705,2026-08-15,5,ノヴァレジーナ,1.0,1.0,国分恭,55.0,,9.0,13.0,2小倉4,3歳未勝利,9.0,7.0,3京都11,3歳未勝利,7.0,12.0,1中京3,3歳未勝利,5.0,7.0,1小倉12,3歳未勝利,6.0,10.0,1小倉5,3歳未勝利,20.1,10.0,2026-08-15 00:45:10,jra,2026-08-15,48.71,46.3,66.9,14.6,36.5,64.8,45.0,履歴少 / 人気以上に走る傾向 / 市場オッズ妙味
202604020705,2026-08-15,5,ノーブルクロンヌ,13.0,7.0,三浦,53.0,,1.0,4.0,2新潟4,3歳未勝利,3.0,3.0,2福島6,3歳未勝利,6.0,10.0,2東京7,3歳未勝利,4.0,12.0,2東京2,3歳未勝利,6.0,8.0,1福島3,3歳未勝利,17.8,7.0,2026-08-15 00:36:40,jra,2026-08-15,71.55,80.5,71.5,69.9,72.5,73.3,45.0,履歴少 / 人気以上に走る傾向 / 近走上向き / 安定感
202601010705,2026-08-15,5,ハミングリップス,6.0,5.0,▲遠藤,52.0,,,,,,,,,,,,,,,,,,,,,,15.4,8.0,2026-08-15 00:16:15,jra,2026-08-15,36.0,35.0,35.0,35.0,35.0,35.0,45.0,履歴少
202601010705,2026-08-15,5,パーフェクトゲーム,1.0,1.0,横山和,55.0,,,,,,,,,,,,,,,,,,,,,,7.8,3.0,2026-08-15 00:16:15,jra,2026-08-15,36.0,35.0,35.0,35.0,35.0,35.0,45.0,履歴少
202607020705,2026-08-15,5,パーフェクトパティ,9.0,5.0,西村淳,55.0,,,,,,,,,,,,,,,,,,,,,,21.9,11.0,2026-08-15 00:45:10,jra,2026-08-15,36.0,35.0,35.0,35.0,35.0,35.0,45.0,履歴少
202607020705,2026-08-15,5,ピンクカメリア,8.0,4.0,西塚,55.0,,5.0,11.0,1新潟6,3歳未勝利,7.0,14.0,1福島5,3歳未勝利,14.0,16.0,1小倉2,3歳新馬,,,,,,,,,27.1,13.0,2026-08-15 00:45:10,jra,2026-08-15,61.28,44.8,87.0,30.4,83.0,69.8,45.0,履歴少 / 人気以上に走る傾向 / 近走上向き / 過小評価傾向
202604020705,2026-08-15,5,フェーダーローター,17.0,8.0,▲石田,50.0,,9.0,12.0,3東京6,3歳以上1勝クラス,11.0,12.0,1福島5,雪うさぎ賞(1勝クラス),4.0,11.0,3中山4,3歳1勝クラス,10.0,10.0,2中山6,3歳1勝クラス,16.0,16.0,1東京5,デイリー杯クイーンC(GIII),48.5,16.0,2026-08-15 00:36:40,jra,2026-08-15,48.34,35.0,67.8,19.8,57.5,60.6,45.0,履歴少 / 人気以上に走る傾向
202601010705,2026-08-15,5,フレンドミラノ,3.0,3.0,★河原田,51.0,,,,,,,,,,,,,,,,,,,,,,34.2,11.0,2026-08-15 00:16:15,jra,2026-08-15,36.0,35.0,35.0,35.0,35.0,35.0,45.0,履歴少
202607020705,2026-08-15,5,フローマジック,13.0,7.0,岩田望,55.0,,8.0,4.0,3阪神5,3歳未勝利,12.0,3.0,3京都9,3歳未勝利,7.0,6.0,1京都3,3歳未勝利,3.0,4.0,5阪神7,2歳新馬,,,,,5.1,1.0,2026-08-15 00:45:10,jra,2026-08-15,35.83,43.4,22.6,14.6,46.0,46.4,45.0,履歴少
202607020705,2026-08-15,5,ブライトココナッツ,5.0,3.0,☆田山,54.0,,8.0,13.0,2小倉3,3歳未勝利,10.0,14.0,3京都5,3歳未勝利,14.0,11.0,1中京2,3歳未勝利,,,,,,,,,25.7,12.0,2026-08-15 00:45:10,jra,2026-08-15,45.68,27.1,67.9,0.0,74.0,60.0,45.0,履歴少 / 人気以上に走る傾向 / 近走上向き
202607020705,2026-08-15,5,ベイニーニャ,11.0,6.0,長岡,55.0,,4.0,5.0,2中京3,3歳未勝利,9.0,6.0,2京都4,3歳新馬,,,,,,,,,,,,,6.1,2.0,2026-08-15 00:45:10,jra,2026-08-15,47.67,49.9,42.4,34.7,62.0,53.0,45.0,履歴少 / サンプル少
202604020705,2026-08-15,5,ベレーバスク,8.0,4.0,丸山,53.0,,8.0,3.0,3中山4,3歳1勝クラス,5.0,7.0,2中山4,3歳1勝クラス,8.0,4.0,1東京5,3歳1勝クラス,9.0,2.0,5中京3,つわぶき賞(1勝クラス),5.0,4.0,3京都10,KBSファンタジーS(GIII),32.8,14.0,2026-08-15 00:36:40,jra,2026-08-15,41.39,51.3,29.4,35.3,42.5,43.8,45.0,履歴少
202604020705,2026-08-15,5,ポタリング,9.0,5.0,武藤,58.0,,9.0,7.0,1函館4,3歳以上1勝クラス,6.0,6.0,1函館2,八雲特別(1勝クラス),8.0,10.0,1東京8,4歳以上1勝クラス,6.0,10.0,1東京1,4歳以上1勝クラス,5.0,5.0,3福島5,高湯温泉特別(1勝クラス),52.9,17.0,2026-08-15 00:36:40,jra,2026-08-15,44.34,50.4,52.6,10.3,33.5,56.1,45.0,履歴少
202607020705,2026-08-15,5,マルベック,16.0,8.0,コレット,55.0,,8.0,2.0,3阪神1,3歳未勝利,9.0,1.0,2阪神2,3歳未勝利,3.0,1.0,1阪神7,3歳未勝利,4.0,1.0,5阪神2,2歳新馬,,,,,13.3,7.0,2026-08-15 00:45:10,jra,2026-08-15,37.99,55.8,13.7,34.3,34.0,45.6,45.0,履歴少 / 市場オッズ妙味
202604020705,2026-08-15,5,ミスターマーボー,7.0,4.0,原,55.0,,4.0,3.0,2福島6,3歳以上1勝クラス,3.0,7.0,3東京3,3歳以上1勝クラス,1.0,1.0,1新潟7,3歳未勝利,2.0,1.0,1小倉12,3歳未勝利,2.0,1.0,1小倉8,3歳未勝利,18.3,8.0,2026-08-15 00:36:40,jra,2026-08-15,67.14,86.7,53.1,100.0,38.0,64.6,45.0,履歴少 / 安定感 / 市場オッズ妙味
202607020705,2026-08-15,5,メイショウプレマ,2.0,1.0,国分優,55.0,,6.0,6.0,2中京4,3歳未勝利,7.0,3.0,3阪神2,3歳未勝利,2.0,7.0,3京都7,3歳未勝利,4.0,11.0,3京都1,3歳未勝利,9.0,11.0,1小倉11,3歳未勝利,8.0,4.0,2026-08-15 00:45:10,jra,2026-08-15,55.43,64.2,58.5,34.3,47.0,65.4,45.0,履歴少 / 過小評価傾向
202604020705,2026-08-15,5,モティスフォント,2.0,1.0,川田,58.0,,7.0,6.0,3東京2,3歳以上1勝クラス,8.0,6.0,1福島4,須賀川特別(1勝クラス),16.0,5.0,1東京5,4歳以上1勝クラス,3.0,8.0,4東京6,3歳以上1勝クラス,13.0,2.0,4中山4,3歳以上1勝クラス,12.3,5.0,2026-08-15 00:36:40,jra,2026-08-15,38.45,39.4,26.3,14.6,68.0,47.7,45.0,履歴少 / 近走上向き / 市場オッズ妙味
202604020705,2026-08-15,5,ヤマメライズ,10.0,5.0,野中,55.0,,11.0,12.0,3中山4,3歳1勝クラス,8.0,9.0,1中山5,3歳1勝クラス,10.0,3.0,5中山3,黒松賞(1勝クラス),3.0,8.0,4中山6,カンナS(OP),8.0,5.0,2新潟5,ダリア賞(OP),31.9,13.0,2026-08-15 00:36:40,jra,2026-08-15,39.1,39.4,47.1,14.6,27.5,51.5,45.0,履歴少
202604020705,2026-08-15,5,リーデレクオーレ,14.0,7.0,柴田大,53.0,,1.0,1.0,2福島7,3歳未勝利,2.0,2.0,2福島3,3歳未勝利,2.0,14.0,3東京4,3歳未勝利,12.0,10.0,2中山8,3歳未勝利,4.0,11.0,2中山2,3歳未勝利,37.0,15.0,2026-08-15 00:36:40,jra,2026-08-15,72.08,81.1,69.6,85.4,74.0,64.6,45.0,履歴少 / 人気以上に走る傾向 / 近走上向き / 安定感
202601010706,2026-08-15,6,アップターンデイ,14.0,8.0,菱田,57.0,,15.0,4.0,2小倉1,3歳未勝利,10.0,5.0,1新潟1,3歳未勝利,,,,,,,,,,,,,42.5,11.0,2026-08-15 00:45:30,jra,2026-08-15,26.91,24.9,18.0,18.0,29.0,39.1,45.0,履歴少 / サンプル少 / 市場オッズ妙味
202607020706,2026-08-15,6,インフローレ,11.0,8.0,岩田望,56.0,,2.0,10.0,3阪神4,武庫川特別(2勝クラス),11.0,10.0,3京都11,4歳以上2勝クラス,9.0,12.0,3京都8,4歳以上2勝クラス,14.0,14.0,1中京5,フィリピンT(2勝クラス),8.0,10.0,2京都4,4歳以上2勝クラス,15.4,7.0,2026-08-15 01:06:11,jra,2026-08-15,59.37,44.6,70.9,30.4,100.0,69.4,45.0,履歴少 / 人気以上に走る傾向 / 近走上向き / 過小評価傾向
202601010706,2026-08-15,6,エアヴァイブス,7.0,5.0,北村友,55.0,,3.0,3.0,1札幌1,3歳未勝利,5.0,1.0,1函館10,3歳未勝利,7.0,1.0,1函館5,3歳未勝利,7.0,1.0,3京都12,3歳未勝利,2.0,5.0,3京都8,3歳未勝利,5.1,2.0,2026-08-15 00:45:30,jra,2026-08-15,53.73,69.8,30.8,65.7,63.5,48.5,45.0,履歴少 / 安定感
202601010706,2026-08-15,6,エイシンキーンラン,8.0,5.0,菊沢,55.0,,11.0,8.0,2東京9,3歳未勝利,8.0,3.0,1福島5,3歳未勝利,3.0,7.0,1福島2,3歳未勝利,9.0,10.0,1東京3,3歳新馬,,,,,10.6,5.0,2026-08-15 00:45:30,jra,2026-08-15,39.67,43.4,40.5,19.8,24.0,57.6,45.0,履歴少
202604020706,2026-08-15,6,オールマイデイズ,11.0,7.0,丸山,58.0,,9.0,8.0,2東京12,青嵐賞(2勝クラス),5.0,3.0,2中山3,潮来特別(2勝クラス),4.0,6.0,1中山7,4歳以上2勝クラス,3.0,7.0,5中山2,3歳以上2勝クラス,7.0,7.0,3京都5,蹴上特別(2勝クラス),15.2,4.0,2026-08-15 00:45:00,jra,2026-08-15,52.69,60.5,51.2,59.3,24.5,63.5,45.0,履歴少 / 市場オッズ妙味
202604020706,2026-08-15,6,キングズトゥルー,9.0,6.0,丸田,58.0,,6.0,3.0,2福島5,信夫山特別(2勝クラス),1.0,3.0,1新潟4,荒川峡特別(1勝クラス),2.0,1.0,1福島6,4歳以上1勝クラス,5.0,3.0,2中山5,4歳以上1勝クラス,6.0,2.0,1小倉4,足立山特別(1勝クラス),25.3,5.0,2026-08-15 00:45:00,jra,2026-08-15,54.44,77.5,40.8,59.3,35.0,51.1,45.0,履歴少 / 市場オッズ妙味
202601010706,2026-08-15,6,グローリーバローズ,1.0,1.0,横山武,57.0,,3.0,8.0,1札幌4,3歳未勝利,5.0,10.0,1函館11,3歳未勝利,10.0,11.0,3阪神5,3歳未勝利,4.0,9.0,1京都9,3歳新馬,,,,,12.0,7.0,2026-08-15 00:45:30,jra,2026-08-15,68.96,65.9,78.8,69.9,70.0,73.6,45.0,履歴少 / 人気以上に走る傾向 / 近走上向き / 安定感
202604020706,2026-08-15,6,ゴールデンパゴーダ,3.0,3.0,石川,53.0,,11.0,5.0,1函館8,横津岳特別(2勝クラス),1.0,1.0,1函館3,駒ケ岳特別(1勝クラス),6.0,4.0,1阪神8,ゆきやなぎ賞(1勝クラス),1.0,8.0,1東京7,3歳未勝利,4.0,6.0,5東京2,2歳新馬,66.4,9.0,2026-08-15 00:45:00,jra,2026-08-15,46.92,65.3,43.1,49.8,2.0,54.1,45.0,履歴少
202601010706,2026-08-15,6,サウンドファミリエ,11.0,7.0,吉田隼,55.0,,3.0,7.0,1札幌3,3歳未勝利,2.0,9.0,1函館10,3歳未勝利,7.0,15.0,1函館3,3歳未勝利,6.0,16.0,1新潟2,3歳未勝利,8.0,13.0,2京都6,3歳未勝利,11.4,6.0,2026-08-15 00:45:30,jra,2026-08-15,73.78,72.0,95.6,55.3,66.5,82.5,45.0,履歴少 / 人気以上に走る傾向 / 近走上向き / 過小評価傾向
202604020706,2026-08-15,6,サミダレナイツ,7.0,5.0,田辺,58.0,,1.0,2.0,3京都8,4歳以上1勝クラス,4.0,2.0,3京都2,4歳以上1勝クラス,11.0,1.0,1小倉5,戸畑特別(1勝クラス),5.0,1.0,1京都4,4歳以上1勝クラス,2.0,6.0,5阪神6,3歳以上1勝クラス,29.9,6.0,2026-08-15 00:45:00,jra,2026-08-15,58.68,72.7,33.6,80.2,77.0,49.1,45.0,履歴少 / 近走上向き / 安定感 / 市場オッズ妙味
202601010706,2026-08-15,6,シャルムグリーン,9.0,6.0,横山琉,57.0,,5.0,2.0,2福島8,3歳未勝利,6.0,2.0,3東京6,3歳未勝利,2.0,1.0,1中山9,3歳未勝利,2.0,3.0,1中山3,3歳未勝利,2.0,4.0,5中山3,2歳未勝利,4.2,1.0,2026-08-15 00:45:30,jra,2026-08-15,56.01,76.7,37.7,75.1,38.0,52.9,45.0,履歴少 / 安定感
202601010706,2026-08-15,6,ショウナンバーボン,10.0,6.0,▲小林美,54.0,,2.0,3.0,1札幌4,3歳未勝利,6.0,3.0,2東京11,3歳未勝利,5.0,5.0,1新潟5,3歳未勝利,2.0,4.0,3中山7,3歳未勝利,9.0,6.0,1中京4,3歳未勝利,5.1,3.0,2026-08-15 00:45:30,jra,2026-08-15,60.29,73.5,46.8,64.7,71.0,55.0,45.0,履歴少 / 近走上向き / 安定感
202607020706,2026-08-15,6,シラヌイ,9.0,7.0,松山,54.0,,9.0,11.0,3京都11,葵S(GIII),1.0,6.0,1阪神10,3歳1勝クラス,6.0,4.0,5阪神4,2歳1勝クラス,11.0,9.0,3京都10,KBSファンタジーS(GIII),1.0,3.0,4阪神3,2歳新馬,5.0,2.0,2026-08-15 01:06:11,jra,2026-08-15,51.47,61.0,59.6,35.3,24.5,60.1,45.0,履歴少
202604020706,2026-08-15,6,ズイウンゴサイ,14.0,8.0,石橋脩,58.0,,5.0,8.0,3東京2,香港ジョッキーCT(2勝クラス),5.0,6.0,1新潟6,信濃川特別(2勝クラス),5.0,7.0,2阪神8,蓬莱峡特別(2勝クラス),7.0,4.0,1東京5,箱根特別(2勝クラス),6.0,8.0,1中山7,4歳以上2勝クラス,116.8,13.0,2026-08-15 00:45:00,jra,2026-08-15,60.38,64.8,59.3,75.1,54.5,56.8,45.0,履歴少 / 安定感
202601010706,2026-08-15,6,タマモパルファン,2.0,2.0,荻野琢,55.0,,11.0,10.0,3阪神1,3歳未勝利,,,,,,,,,,,,,,,,,20.2,9.0,2026-08-15 00:45:30,jra,2026-08-15,37.38,34.0,39.1,29.6,40.6,39.5,45.0,履歴少 / サンプル少
202607020706,2026-08-15,6,タミゼ,6.0,6.0,幸,56.0,,9.0,10.0,1新潟2,邁進特別(2勝クラス),13.0,14.0,1中京2,伊良湖特別(2勝クラス),10.0,14.0,1小倉3,有田特別(2勝クラス),14.0,11.0,3京都11,3歳以上2勝クラス,1.0,3.0,2札幌2,3歳以上1勝クラス,69.4,11.0,2026-08-15 01:06:11,jra,2026-08-15,41.7,27.8,57.8,10.3,53.0,56.8,45.0,履歴少
202604020706,2026-08-15,6,ダノンピクチャー,1.0,1.0,小崎,58.0,,1.0,2.0,2中山5,4歳以上1勝クラス,3.0,2.0,1小倉8,4歳以上1勝クラス,2.0,6.0,1小倉4,足立山特別(1勝クラス),9.0,8.0,1小倉2,4歳以上1勝クラス,12.0,2.0,船橋,フェイスフルブーツ特(B2B3),39.1,7.0,2026-08-15 00:45:00,jra,2026-08-15,64.06,75.4,50.9,75.1,83.0,51.8,45.0,履歴少 / 近走上向き / 安定感 / 市場オッズ妙味
202607020706,2026-08-15,6,トップアタック,7.0,6.0,坂井,56.0,,5.0,15.0,3京都11,葵S(GIII),1.0,7.0,1新潟3,ゆきつばき賞(1勝クラス),14.0,5.0,1小倉6,かささぎ賞(1勝クラス),6.0,1.0,1小倉1,萌黄賞(1勝クラス),2.0,2.0,5阪神1,さざんか賞(1勝クラス),5.5,3.0,2026-08-15 01:06:11,jra,2026-08-15,60.4,63.9,64.2,65.7,54.5,58.6,45.0,履歴少 / 安定感
202601010706,2026-08-15,6,ニシノシャルム,6.0,4.0,◇古川奈,53.0,,11.0,15.0,1新潟7,3歳未勝利,5.0,12.0,1新潟3,3歳未勝利,9.0,7.0,1小倉10,3歳未勝利,9.0,15.0,1小倉3,3歳未勝利,13.0,14.0,3福島1,2歳未勝利,25.9,10.0,2026-08-15 00:45:30,jra,2026-08-15,49.37,35.8,74.8,24.9,38.0,66.7,45.0,履歴少 / 人気以上に走る傾向 / 過小評価傾向 / 市場オッズ妙味
202607020706,2026-08-15,6,ハルオーブ,2.0,2.0,酒井,58.0,,11.0,16.0,2小倉5,耶馬渓特別(2勝クラス),1.0,11.0,3阪神3,3歳以上1勝クラス,10.0,10.0,3京都10,4歳以上1勝クラス,6.0,6.0,2東京6,4歳以上1勝クラス,8.0,10.0,1福島3,4歳以上1勝クラス,14.5,6.0,2026-08-15 01:06:11,jra,2026-08-15,53.25,49.8,79.5,24.9,21.5,72.4,45.0,履歴少 / 人気以上に走る傾向 / 過小評価傾向 / 市場オッズ妙味
202604020706,2026-08-15,6,バンフィエルド,10.0,6.0,柴田大,58.0,,8.0,9.0,3東京5,町田特別(2勝クラス),13.0,14.0,2東京12,青嵐賞(2勝クラス),9.0,15.0,1新潟6,信濃川特別(2勝クラス),9.0,10.0,1中京5,TAインディア賞(2勝クラス),7.0,10.0,1中京1,茶臼山高原特別(2勝クラス),178.4,14.0,2026-08-15 00:45:00,jra,2026-08-15,44.84,32.1,65.4,0.0,59.0,61.3,45.0,履歴少 / 人気以上に走る傾向
202604020706,2026-08-15,6,パッションリッチ,13.0,8.0,木幡巧,58.0,,12.0,2.0,1新潟6,信濃川特別(2勝クラス),8.0,5.0,1東京8,4歳以上2勝クラス,8.0,3.0,5東京6,南武特別(2勝クラス),2.0,3.0,4新潟4,村上特別(2勝クラス),9.0,10.0,4阪神7,神戸新聞杯(GII),45.1,8.0,2026-08-15 00:45:00,jra,2026-08-15,30.62,40.4,18.3,14.6,18.5,45.9,45.0,履歴少 / 市場オッズ妙味
202607020706,2026-08-15,6,パリコレジェンヌ,5.0,5.0,田口,56.0,,1.0,11.0,2中京6,3歳以上1勝クラス,11.0,10.0,1新潟4,4歳以上1勝クラス,12.0,13.0,1中京2,4歳以上1勝クラス,12.0,7.0,1小倉6,4歳以上1勝クラス,8.0,12.0,5中京5,3歳以上1勝クラス,8.1,5.0,2026-08-15 01:06:11,jra,2026-08-15,58.03,44.0,68.7,30.4,100.0,64.8,45.0,履歴少 / 人気以上に走る傾向 / 近走上向き
202601010706,2026-08-15,6,ヒャクレツケン,4.0,3.0,▲遠藤,54.0,,13.0,13.0,1函館1,3歳未勝利,15.0,9.0,3中山4,3歳未勝利,10.0,11.0,1中京2,3歳未勝利,14.0,8.0,1小倉11,3歳未勝利,5.0,15.0,1小倉10,3歳未勝利,125.9,13.0,2026-08-15 00:45:30,jra,2026-08-15,31.64,13.8,42.0,10.3,38.0,52.9,45.0,履歴少
202607020706,2026-08-15,6,ヒーローインチーフ,3.0,3.0,富田,58.0,,7.0,5.0,2小倉7,テレQ杯(3勝クラス),,,3阪神4,武庫川特別(2勝クラス),4.0,4.0,1新潟7,大日岳特別(2勝クラス),13.0,1.0,1小倉12,西日本新聞杯(2勝クラス),3.0,5.0,1小倉4,周防灘特別(2勝クラス),22.5,9.0,2026-08-15 01:06:11,jra,2026-08-15,42.52,53.4,29.9,30.1,48.0,46.5,45.0,履歴少 / 市場オッズ妙味
202604020706,2026-08-15,6,ビップチェイス,8.0,5.0,杉原,58.0,,6.0,13.0,2東京12,青嵐賞(2勝クラス),7.0,7.0,3京都8,白川特別(2勝クラス),7.0,6.0,1福島4,奥の細道特別(2勝クラス),1.0,6.0,1福島2,燧ヶ岳特別(1勝クラス),14.0,11.0,1中山5,4歳以上1勝クラス,82.6,11.0,2026-08-15 00:45:00,jra,2026-08-15,53.01,56.1,66.4,14.6,57.5,58.7,45.0,履歴少 / 人気以上に走る傾向
202607020706,2026-08-15,6,ファイツオン,8.0,7.0,吉村,58.0,,17.0,14.0,2小倉5,耶馬渓特別(2勝クラス),8.0,8.0,1新潟1,障害4歳以上未勝利,9.0,7.0,1小倉1,障害4歳以上未勝利,14.0,4.0,5阪神5,3歳以上2勝クラス,15.0,9.0,3京都2,3歳以上2勝クラス,23.6,10.0,2026-08-15 01:06:11,jra,2026-08-15,23.88,18.1,26.3,0.0,17.0,42.6,45.0,履歴少 / 市場オッズ妙味
202604020706,2026-08-15,6,ファーングロット,6.0,4.0,岩田康,58.0,,2.0,1.0,3京都8,白川特別(2勝クラス),2.0,3.0,1阪神4,山陽特別(2勝クラス),1.0,3.0,2京都3,4歳以上1勝クラス,1.0,1.0,2阪神7,3歳未勝利,2.0,2.0,1小倉1,3歳新馬,15.0,3.0,2026-08-15 00:45:00,jra,2026-08-15,70.04,94.7,52.4,100.0,47.0,62.8,45.0,履歴少 / 安定感 / 市場オッズ妙味
202607020706,2026-08-15,6,フォーゲル,10.0,8.0,コレット,56.0,,11.0,4.0,3京都11,葵S(GIII),2.0,4.0,3京都6,橘S(L),5.0,13.0,1中京3,中スポ賞ファルコンS(GIII),3.0,4.0,1阪神3,マーガレットS(L),9.0,2.0,5中京5,報知杯クリスマスRS(OP),3.3,1.0,2026-08-15 01:06:11,jra,2026-08-15,47.86,58.4,45.6,59.3,12.5,53.1,45.0,履歴少
202601010706,2026-08-15,6,フラワーフェアリー,3.0,3.0,黛,55.0,,13.0,8.0,5東京8,2歳未勝利,14.0,7.0,5東京3,2歳新馬,,,,,,,,,,,,,66.8,12.0,2026-08-15 00:45:30,jra,2026-08-15,28.94,19.2,22.8,18.0,48.8,39.9,45.0,履歴少 / サンプル少
202604020706,2026-08-15,6,ブラックオリンピア,12.0,7.0,川田,55.0,,3.0,1.0,2東京1,テレビ東京杯青葉賞(GII),1.0,2.0,2阪神3,アザレア賞(1勝クラス),1.0,2.0,1京都8,3歳未勝利,3.0,1.0,4京都5,2歳未勝利,2.0,2.0,4東京8,2歳新馬,1.5,1.0,2026-08-15 00:45:00,jra,2026-08-15,65.65,92.0,46.8,100.0,42.5,50.4,45.0,履歴少 / 安定感
202604020706,2026-08-15,6,プリズマジコ,2.0,2.0,原,58.0,,5.0,2.0,2小倉6,西部スポニチ賞(2勝クラス),10.0,12.0,2東京12,青嵐賞(2勝クラス),13.0,7.0,1小倉11,別府特別(2勝クラス),8.0,6.0,3京都8,3歳以上2勝クラス,4.0,2.0,3中京6,浜名湖特別(2勝クラス),107.0,12.0,2026-08-15 00:45:00,jra,2026-08-15,48.22,42.7,35.3,40.7,72.5,46.4,77.0,芝適性 / 東京実績 / 距離適性 / クラス条件好転
202607020706,2026-08-15,6,モンサンゴールデン,4.0,4.0,柴田裕,56.0,,12.0,3.0,1函館3,STV杯(2勝クラス),1.0,6.0,3京都10,3歳1勝クラス,3.0,3.0,2阪神8,3歳1勝クラス,4.0,2.0,2阪神2,3歳1勝クラス,4.0,5.0,1阪神5,3歳1勝クラス,15.5,8.0,2026-08-15 01:06:11,jra,2026-08-15,48.46,64.1,38.3,69.6,0.0,60.5,45.0,履歴少 / 安定感 / 市場オッズ妙味
202607020706,2026-08-15,6,モンテディアーナ,1.0,1.0,団野,56.0,,13.0,7.0,2京都6,4歳以上2勝クラス,1.0,1.0,5阪神2,3歳以上1勝クラス,4.0,2.0,4京都1,3歳以上1勝クラス,5.0,1.0,3京都5,3歳以上1勝クラス,,,2小倉6,3歳以上1勝クラス,6.3,4.0,2026-08-15 01:06:11,jra,2026-08-15,41.04,57.0,28.1,59.3,0.0,48.1,45.0,履歴少
202601010706,2026-08-15,6,ヤマヤロード,12.0,7.0,古川吉,55.0,,5.0,8.0,名古屋,名古屋CCピーチ賞(3歳),12.0,13.0,2阪神8,3歳未勝利,16.0,13.0,5中山5,2歳未勝利,8.0,9.0,4東京9,2歳新馬,,,,,163.7,14.0,2026-08-15 00:45:30,jra,2026-08-15,43.14,20.9,51.7,13.7,92.0,55.1,45.0,履歴少 / 近走上向き
202601010706,2026-08-15,6,ランウェイミューズ,13.0,8.0,☆舟山,54.0,,4.0,4.0,2福島8,3歳未勝利,9.0,6.0,1新潟5,3歳未勝利,3.0,4.0,2中山4,3歳未勝利,2.0,2.0,5中山4,2歳新馬,,,,,5.9,4.0,2026-08-15 00:45:30,jra,2026-08-15,56.94,69.2,45.7,64.7,54.0,55.9,45.0,履歴少 / 安定感
202604020706,2026-08-15,6,ランツフート,4.0,3.0,三浦,58.0,,4.0,4.0,3東京5,町田特別(2勝クラス),1.0,9.0,3京都4,3歳以上1勝クラス,7.0,5.0,2小倉5,英彦山特別(1勝クラス),12.0,9.0,2阪神4,3歳1勝クラス,7.0,10.0,2中京1,3歳1勝クラス,71.1,10.0,2026-08-15 00:45:00,jra,2026-08-15,59.94,65.4,60.3,55.3,66.5,57.4,45.0,履歴少 / 近走上向き
202601010706,2026-08-15,6,レイナデルアイレ,5.0,4.0,石川倭,55.0,,4.0,8.0,1札幌1,3歳未勝利,5.0,13.0,2福島1,3歳未勝利,15.0,14.0,2東京2,3歳未勝利,13.0,11.0,1小倉9,3歳未勝利,12.0,14.0,1小倉2,3歳新馬,18.2,8.0,2026-08-15 00:45:30,jra,2026-08-15,60.96,41.9,70.5,55.3,93.5,71.1,45.0,履歴少 / 人気以上に走る傾向 / 近走上向き / 過小評価傾向
202604020706,2026-08-15,6,ロードフィレール,5.0,4.0,戸崎圭,55.0,,1.0,1.0,2中京1,香嵐渓特別(1勝クラス),17.0,15.0,3中山8,皐月賞(GI),2.0,6.0,1阪神9,若葉S(L),1.0,1.0,2新潟5,2歳未勝利,2.0,4.0,2小倉8,2歳新馬,3.5,2.0,2026-08-15 00:45:00,jra,2026-08-15,64.04,72.7,53.5,75.1,77.0,57.9,45.0,履歴少 / 近走上向き / 安定感
202601010707,2026-08-15,7,アドマイヤシュラ,9.0,5.0,佐々木,53.0,,7.0,3.0,2阪神6,忘れな草賞(L),4.0,2.0,2京都3,エルフィンS(L),1.0,1.0,4京都1,2歳新馬,,,,,,,,,7.8,2.0,2026-08-15 00:17:00,jra,2026-08-15,48.43,72.6,34.0,44.7,23.0,52.2,45.0,履歴少
202604020707,2026-08-15,7,アメリカンチケット,1.0,1.0,小崎,58.0,,1.0,11.0,2福島1,さくらんぼ特別(2勝クラス),11.0,5.0,1福島2,喜多方特別(2勝クラス),15.0,5.0,2京都4,4歳以上2勝クラス,4.0,6.0,5中京1,中京日経賞(2勝クラス),7.0,2.0,1阪神2,4歳以上2勝クラス,6.5,1.0,2026-08-15 00:20:55,jra,2026-08-15,54.55,51.8,45.4,45.0,99.5,52.1,45.0,履歴少 / 近走上向き
202607020707,2026-08-15,7,アラタマフェーヴル,1.0,1.0,コレット,55.0,,7.0,4.0,2小倉3,博多S(3勝クラス),1.0,5.0,3京都10,聖護院特別(2勝クラス),6.0,11.0,1新潟1,胎内川特別(2勝クラス),7.0,8.0,3京都8,3歳以上2勝クラス,8.0,8.0,3京都5,堀川特別(2勝クラス),9.7,6.0,2026-08-15 00:41:30,jra,2026-08-15,53.57,64.7,58.5,24.9,41.0,64.2,45.0,履歴少
202601010707,2026-08-15,7,アンディムジーク,4.0,3.0,古川吉,53.0,,5.0,10.0,1札幌3,3歳以上1勝クラス,11.0,9.0,3京都3,3歳1勝クラス,8.0,14.0,1阪神4,チューリップ賞(GII),8.0,7.0,1京都9,河津桜賞(1勝クラス),1.0,1.0,5中京5,2歳未勝利,12.7,5.0,2026-08-15 00:17:00,jra,2026-08-15,55.84,51.1,64.4,40.7,62.0,66.0,45.0,履歴少 / 過小評価傾向 / 市場オッズ妙味
202604020707,2026-08-15,7,イノセントキャット,9.0,5.0,田辺,56.0,,7.0,13.0,2東京1,鎌倉S(3勝クラス),8.0,6.0,3京都7,京都開設100周年(3勝クラス),9.0,4.0,2新潟7,上越S(3勝クラス),1.0,1.0,2東京5,4歳以上2勝クラス,3.0,1.0,2中山6,4歳以上2勝クラス,14.5,10.0,2026-08-15 00:20:55,jra,2026-08-15,49.07,57.2,50.9,24.9,39.5,61.5,45.0,履歴少 / 市場オッズ妙味
202604020707,2026-08-15,7,イリフィ,15.0,8.0,川田,56.0,,2.0,2.0,2福島3,TUF杯(3勝クラス),4.0,9.0,3阪神4,リボン賞(3勝クラス),8.0,7.0,2阪神4,天満橋S(3勝クラス),4.0,5.0,2京都3,橿原S(3勝クラス),1.0,2.0,1京都2,4歳以上2勝クラス,8.7,5.0,2026-08-15 00:20:55,jra,2026-08-15,66.33,77.0,59.1,80.2,63.5,63.1,45.0,履歴少 / 安定感
202601010707,2026-08-15,7,エイカイコバチ,5.0,3.0,小沢,53.0,,3.0,7.0,1札幌6,3歳以上1勝クラス,7.0,8.0,1函館4,遊楽部特別(1勝クラス),1.0,9.0,1函館2,3歳未勝利,3.0,9.0,3京都9,3歳未勝利,12.0,2.0,1中京4,3歳未勝利,13.1,6.0,2026-08-15 00:17:00,jra,2026-08-15,66.54,71.7,70.2,64.7,66.5,66.8,45.0,履歴少 / 人気以上に走る傾向 / 近走上向き / 安定感
202601010707,2026-08-15,7,エイトスターズ,12.0,7.0,▲小林美,53.0,,8.0,9.0,1札幌3,3歳以上1勝クラス,8.0,11.0,3京都10,4歳以上1勝クラス,9.0,10.0,3京都2,4歳以上1勝クラス,13.0,16.0,1阪神3,4歳以上1勝クラス,6.0,13.0,1小倉7,4歳以上1勝クラス,32.8,11.0,2026-08-15 00:17:00,jra,2026-08-15,47.22,38.2,66.9,0.0,56.0,66.0,45.0,履歴少 / 人気以上に走る傾向 / 過小評価傾向 / 市場オッズ妙味
202601010707,2026-08-15,7,エトワールブーケ,6.0,4.0,横山和,53.0,,3.0,6.0,1函館9,北斗特別(1勝クラス),1.0,6.0,3京都9,3歳未勝利,8.0,13.0,3京都1,3歳未勝利,,,,,,,,,39.5,12.0,2026-08-15 00:17:00,jra,2026-08-15,68.78,78.8,79.3,55.3,59.0,67.6,45.0,履歴少 / 人気以上に走る傾向 / 過小評価傾向
202601010707,2026-08-15,7,エリナ,2.0,2.0,◇古川奈,54.0,,12.0,12.0,1函館11,3歳以上1勝クラス,15.0,16.0,5東京7,3歳以上1勝クラス,13.0,16.0,3福島3,3歳以上1勝クラス,10.0,10.0,2新潟3,3歳未勝利,7.0,13.0,2福島6,3歳未勝利,89.7,14.0,2026-08-15 00:17:00,jra,2026-08-15,36.71,13.9,60.2,0.0,45.5,60.0,45.0,履歴少
202604020707,2026-08-15,7,エンヤラヴフェイス,7.0,4.0,川須,58.0,,4.0,7.0,3京都10,高瀬川S(3勝クラス),5.0,3.0,3中山5,卯月S(3勝クラス),5.0,3.0,2京都3,橿原S(3勝クラス),4.0,8.0,1京都2,門松S(3勝クラス),6.0,3.0,5中山3,アクアラインS(3勝クラス),7.9,2.0,2026-08-15 00:20:55,jra,2026-08-15,62.52,70.8,52.0,89.7,56.0,58.8,45.0,履歴少 / 安定感
202607020707,2026-08-15,7,カクウチ,8.0,8.0,藤懸,50.0,,9.0,6.0,2中京6,3歳以上1勝クラス,8.0,5.0,3京都5,3歳1勝クラス,7.0,4.0,3京都3,3歳1勝クラス,11.0,14.0,1京都5,日刊スポシンザン記念(GIII),12.0,9.0,5阪神6,朝日フューチュリティ(GI),20.7,8.0,2026-08-15 00:41:30,jra,2026-08-15,36.53,36.3,35.1,0.0,53.0,50.5,45.0,履歴少 / 市場オッズ妙味
202601010707,2026-08-15,7,キタノサリスカ,14.0,8.0,▲和田陽,50.0,,6.0,10.0,1札幌1,3歳以上1勝クラス,6.0,8.0,1函館6,3歳以上1勝クラス,11.0,13.0,2阪神7,3歳1勝クラス,1.0,11.0,1中京5,3歳未勝利,10.0,13.0,1阪神3,3歳未勝利,97.2,15.0,2026-08-15 00:17:00,jra,2026-08-15,56.18,54.6,77.1,14.6,56.0,67.2,45.0,履歴少 / 人気以上に走る傾向 / 過小評価傾向
202607020707,2026-08-15,7,キーパフォーマー,6.0,6.0,吉村,53.0,,11.0,9.0,3阪神5,ストークS(3勝クラス),5.0,8.0,3京都9,シドニーT(3勝クラス),14.0,5.0,2阪神6,京橋S(3勝クラス),5.0,2.0,5阪神8,サンクフルS(3勝クラス),1.0,2.0,4京都3,3歳以上2勝クラス,5.7,3.0,2026-08-15 00:41:30,jra,2026-08-15,40.99,43.3,36.2,49.8,21.5,50.9,45.0,履歴少
202604020707,2026-08-15,7,クリノオリーブ,2.0,2.0,岩田康,56.0,,1.0,5.0,2福島6,彦星賞(2勝クラス),2.0,7.0,2阪神5,4歳以上2勝クラス,9.0,7.0,1阪神8,4歳以上2勝クラス,9.0,9.0,1阪神4,4歳以上2勝クラス,10.0,7.0,2京都4,4歳以上2勝クラス,16.1,11.0,2026-08-15 00:20:55,jra,2026-08-15,65.29,68.6,62.3,55.3,89.0,66.5,45.0,履歴少 / 近走上向き / 過小評価傾向 / 市場オッズ妙味
202607020707,2026-08-15,7,シンゼンカガ,2.0,2.0,団野,56.0,,1.0,4.0,1中京1,茶臼山高原特別(2勝クラス),4.0,4.0,1小倉11,別府特別(2勝クラス),1.0,1.0,1小倉7,4歳以上1勝クラス,5.0,6.0,1小倉4,4歳以上1勝クラス,2.0,1.0,2札幌2,ルスツ特別(1勝クラス),8.1,5.0,2026-08-15 00:41:30,jra,2026-08-15,70.85,88.5,56.7,100.0,62.0,60.9,45.0,履歴少 / 安定感
202604020707,2026-08-15,7,スノーサイレンス,13.0,7.0,戸崎圭,56.0,,2.0,6.0,2小倉5,釜山S(3勝クラス),10.0,9.0,3京都10,高瀬川S(3勝クラス),,,1福島5,福島中央テレビ杯(3勝クラス),1.0,1.0,1小倉3,有田特別(2勝クラス),4.0,1.0,1中山4,4歳以上2勝クラス,11.3,6.0,2026-08-15 00:20:55,jra,2026-08-15,61.14,71.5,55.7,55.3,68.0,60.3,45.0,履歴少 / 近走上向き
202604020707,2026-08-15,7,スプランドゥール,8.0,5.0,石神道,58.0,,12.0,12.0,2東京1,鎌倉S(3勝クラス),8.0,8.0,3中山5,卯月S(3勝クラス),9.0,5.0,2中山1,春風S(3勝クラス),1.0,8.0,1中山4,4歳以上2勝クラス,1.0,1.0,5中京6,3歳以上1勝クラス,43.6,15.0,2026-08-15 00:20:55,jra,2026-08-15,41.48,46.7,51.6,24.9,6.5,55.5,45.0,履歴少
202601010707,2026-08-15,7,セットエトワール,13.0,7.0,☆長浜,52.0,,6.0,4.0,3中山2,ミモザ賞(1勝クラス),1.0,1.0,2中山1,3歳未勝利,5.0,4.0,5中山3,2歳新馬,,,,,,,,,10.3,3.0,2026-08-15 00:17:00,jra,2026-08-15,52.94,75.4,42.5,44.7,32.0,56.7,45.0,履歴少
202607020707,2026-08-15,7,ダノンジャイアン,4.0,4.0,西村淳,55.0,,1.0,5.0,2中山7,館山特別(2勝クラス),1.0,1.0,1小倉8,4歳以上1勝クラス,4.0,3.0,5中京1,3歳以上1勝クラス,3.0,7.0,4新潟4,3歳以上1勝クラス,4.0,3.0,3京都2,3歳以上1勝クラス,7.2,4.0,2026-08-15 00:41:30,jra,2026-08-15,72.5,90.4,60.5,100.0,62.0,62.3,45.0,履歴少 / 安定感
202601010707,2026-08-15,7,ディヒターリーベ,11.0,6.0,石川倭,56.0,,2.0,9.0,1札幌1,3歳以上1勝クラス,5.0,1.0,名古屋,C11組,1.0,1.0,名古屋,C19組,1.0,1.0,名古屋,名古屋で初競馬賞(C),1.0,1.0,名古屋,C25組,10.7,4.0,2026-08-15 00:17:00,jra,2026-08-15,52.96,47.3,61.8,52.5,45.0,62.0,45.0,地方実績を中央換算 / 履歴少
202607020707,2026-08-15,7,ドットクルー,3.0,3.0,西塚,55.0,,5.0,13.0,2小倉3,博多S(3勝クラス),12.0,17.0,3阪神5,ストークS(3勝クラス),10.0,12.0,2東京12,IFHA杯むらさき賞(3勝クラス),4.0,10.0,2京都5,飛鳥S(3勝クラス),14.0,3.0,1中山8,初富士S(3勝クラス),19.5,7.0,2026-08-15 00:41:30,jra,2026-08-15,58.8,40.3,76.7,45.0,80.0,68.8,45.0,履歴少 / 人気以上に走る傾向 / 近走上向き / 過小評価傾向
202601010707,2026-08-15,7,ドマーネ,10.0,6.0,浜中,56.0,,9.0,9.0,1函館4,遊楽部特別(1勝クラス),9.0,7.0,1中京4,4歳以上1勝クラス,4.0,8.0,1小倉11,4歳以上1勝クラス,11.0,3.0,1小倉4,足立山特別(1勝クラス),2.0,3.0,4新潟1,岩船特別(1勝クラス),28.6,10.0,2026-08-15 00:17:00,jra,2026-08-15,43.7,47.4,44.6,30.1,35.0,53.0,45.0,履歴少 / 市場オッズ妙味
202601010707,2026-08-15,7,ニシノエピカリ,7.0,4.0,★河原田,52.0,,4.0,7.0,1札幌1,3歳以上1勝クラス,15.0,14.0,1新潟7,4歳以上1勝クラス,10.0,10.0,1福島6,4歳以上1勝クラス,5.0,7.0,3中山3,4歳以上1勝クラス,15.0,6.0,3福島1,3歳以上1勝クラス,65.7,13.0,2026-08-15 00:17:00,jra,2026-08-15,50.99,38.6,50.2,45.0,93.5,50.2,45.0,履歴少 / 近走上向き
202604020707,2026-08-15,7,ハクサンアイリス,6.0,4.0,丸山,58.0,,6.0,3.0,3京都10,高瀬川S(3勝クラス),4.0,2.0,3京都4,東大路S(3勝クラス),7.0,6.0,1阪神1,鳴門S(3勝クラス),1.0,2.0,2京都1,長浜特別(2勝クラス),6.0,1.0,4東京6,3歳以上2勝クラス,8.6,4.0,2026-08-15 00:20:55,jra,2026-08-15,49.32,68.2,36.1,39.5,41.0,52.7,45.0,履歴少
202607020707,2026-08-15,7,バッデレイト,5.0,5.0,岩田望,57.0,,3.0,2.0,3阪神1,垂水S(3勝クラス),7.0,6.0,1新潟6,弥彦S(3勝クラス),3.0,4.0,2阪神6,京橋S(3勝クラス),6.0,3.0,1京都1,寿S(3勝クラス),5.0,1.0,3京都2,大原S(3勝クラス),4.1,2.0,2026-08-15 00:41:30,jra,2026-08-15,56.31,70.9,41.6,60.5,63.5,50.8,45.0,履歴少 / 安定感
202604020707,2026-08-15,7,パラサイコロジー,14.0,8.0,石田,56.0,,16.0,9.0,1新潟3,駿風S(3勝クラス),10.0,2.0,2京都3,橿原S(3勝クラス),1.0,1.0,5東京6,3歳以上2勝クラス,5.0,1.0,3新潟1,岩室温泉特別(2勝クラス),1.0,1.0,3東京3,3歳以上1勝クラス,22.4,14.0,2026-08-15 00:20:55,jra,2026-08-15,32.88,47.0,17.1,44.7,0.0,41.2,45.0,履歴少
202604020707,2026-08-15,7,ビバップ,12.0,7.0,吉田豊,58.0,,16.0,5.0,1中山5,初春S(3勝クラス),13.0,10.0,3京都1,大山崎S(3勝クラス),6.0,6.0,2新潟7,上越S(3勝クラス),1.0,5.0,2福島4,さくらんぼ特別(2勝クラス),8.0,6.0,2京都3,4歳以上2勝クラス,12.8,8.0,2026-08-15 00:20:55,jra,2026-08-15,28.69,32.0,24.0,14.6,0.0,55.2,45.0,履歴少 / 市場オッズ妙味
202607020707,2026-08-15,7,フィオレストラーダ,7.0,7.0,松若,54.0,,2.0,2.0,2福島1,バーデンバーデンC(3勝クラス),1.0,4.0,3京都12,4歳以上2勝クラス,1.0,5.0,1福島3,桑折特別(1勝クラス),5.0,5.0,1小倉11,4歳以上1勝クラス,13.0,2.0,1小倉5,4歳以上1勝クラス,2.6,1.0,2026-08-15 00:41:30,jra,2026-08-15,66.53,83.0,52.8,89.7,68.0,51.5,45.0,履歴少 / 近走上向き / 安定感
202604020707,2026-08-15,7,フウセツ,10.0,6.0,武藤,58.0,,9.0,8.0,2東京8,BSイレブン賞(3勝クラス),3.0,9.0,2東京1,鎌倉S(3勝クラス),15.0,4.0,1中山9,江戸川S(3勝クラス),7.0,3.0,5東京4,銀嶺S(3勝クラス),1.0,1.0,4東京8,3歳以上2勝クラス,19.9,12.0,2026-08-15 00:20:55,jra,2026-08-15,42.83,49.8,39.0,35.3,35.0,47.0,45.0,履歴少
202604020707,2026-08-15,7,ペレグリン,3.0,2.0,今村,56.0,,1.0,2.0,大井,’26メトロポリタン(A2B1),11.0,3.0,1中京2,伊良湖特別(2勝クラス),1.0,2.0,1阪神4,4歳以上1勝クラス,3.0,1.0,5中京6,3歳以上1勝クラス,4.0,6.0,5阪神2,3歳以上1勝クラス,21.1,13.0,2026-08-15 00:20:55,jra,2026-08-15,54.25,62.5,38.1,62.3,72.5,49.6,45.0,履歴少 / 近走上向き / 安定感
202601010707,2026-08-15,7,ミッキーテネシー,3.0,2.0,横山武,53.0,,1.0,2.0,1札幌2,3歳未勝利,5.0,3.0,2小倉1,3歳未勝利,,,,,,,,,,,,,2.1,1.0,2026-08-15 00:17:00,jra,2026-08-15,53.08,65.1,44.1,48.4,58.7,49.3,45.0,履歴少 / サンプル少
202601010707,2026-08-15,7,メリザンド,1.0,1.0,菊沢,56.0,,4.0,6.0,1函館4,遊楽部特別(1勝クラス),3.0,6.0,1福島3,桑折特別(1勝クラス),1.0,6.0,1小倉10,4歳以上1勝クラス,10.0,6.0,3福島6,磐梯山特別(1勝クラス),3.0,8.0,4中山3,3歳以上1勝クラス,18.3,9.0,2026-08-15 00:17:00,jra,2026-08-15,68.15,76.6,65.9,85.4,51.5,71.1,45.0,履歴少 / 人気以上に走る傾向 / 安定感 / 過小評価傾向
202604020707,2026-08-15,7,ライトニングゼウス,4.0,3.0,原,58.0,,1.0,1.0,3京都7,4歳以上2勝クラス,2.0,1.0,3中山7,葛飾特別(2勝クラス),2.0,4.0,2中山8,鎌ケ谷特別(2勝クラス),1.0,2.0,2中山2,4歳以上1勝クラス,2.0,5.0,1東京4,4歳以上1勝クラス,8.3,3.0,2026-08-15 00:20:55,jra,2026-08-15,71.53,95.6,54.2,100.0,54.5,62.3,45.0,履歴少 / 安定感
202601010707,2026-08-15,7,ルージュスティーズ,15.0,8.0,吉田隼,56.0,,6.0,10.0,1函館9,3歳以上1勝クラス,11.0,7.0,3京都2,4歳以上1勝クラス,16.0,8.0,1小倉5,4歳以上1勝クラス,5.0,5.0,1京都7,4歳以上1勝クラス,7.0,4.0,4京都1,3歳以上1勝クラス,14.7,7.0,2026-08-15 00:17:00,jra,2026-08-15,42.53,38.5,38.3,14.6,72.5,54.3,45.0,履歴少 / 近走上向き / 市場オッズ妙味
202604020707,2026-08-15,7,ワークソング,5.0,3.0,三浦,58.0,,10.0,11.0,2東京8,BSイレブン賞(3勝クラス),3.0,2.0,1福島5,福島中央テレビ杯(3勝クラス),13.0,3.0,5中山8,フェアウェルS(3勝クラス),4.0,2.0,3福島3,フルーツラインC(3勝クラス),4.0,8.0,2新潟7,上越S(3勝クラス),11.5,7.0,2026-08-15 00:20:55,jra,2026-08-15,44.08,49.2,37.4,49.8,26.0,55.2,45.0,履歴少
202601010707,2026-08-15,7,ヴァーナリー,8.0,5.0,☆舟山,55.0,,15.0,5.0,2東京8,4歳以上1勝クラス,1.0,1.0,名古屋,B6組,1.0,1.0,名古屋,本命チョコは甘くて苦(B),2.0,1.0,名古屋,梅薫る可憐な乙女特別(C),1.0,1.0,名古屋,松に鶴賞(C),16.6,8.0,2026-08-15 00:17:00,jra,2026-08-15,32.74,27.7,28.1,28.2,20.0,56.8,45.0,地方実績を中央換算 / 履歴少 / 市場オッズ妙味
202604020707,2026-08-15,7,ヴェロクオーレ,11.0,6.0,石川,56.0,,3.0,4.0,2小倉5,釜山S(3勝クラス),8.0,4.0,3阪神4,リボン賞(3勝クラス),10.0,2.0,1阪神1,鳴門S(3勝クラス),6.0,2.0,1京都6,羅生門S(3勝クラス),3.0,2.0,4京都6,LトレーナーC(3勝クラス),13.3,9.0,2026-08-15 00:20:55,jra,2026-08-15,49.14,59.5,29.3,40.7,72.5,52.7,45.0,履歴少 / 近走上向き / 市場オッズ妙味
202607020708,2026-08-15,8,アクセス,1.0,1.0,坂井,55.0,,10.0,5.0,3京都5,京都新聞杯(GII),9.0,3.0,1中山7,京成杯(GIII),1.0,1.0,4京都4,2歳新馬,,,,,,,,,2.4,1.0,2026-08-15 00:21:15,jra,2026-08-15,34.27,49.6,21.9,19.8,20.0,41.8,45.0,履歴少
202607020708,2026-08-15,8,アトレッタ,9.0,8.0,幸,55.0,,5.0,7.0,2中京1,香嵐渓特別(1勝クラス),1.0,2.0,3京都6,3歳未勝利,7.0,7.0,2阪神8,3歳未勝利,,,,,,,,,9.4,4.0,2026-08-15 00:21:15,jra,2026-08-15,59.96,74.4,58.0,55.3,44.0,62.8,45.0,履歴少
202604020708,2026-08-15,8,アンシュウマト,11.0,6.0,三浦,55.0,,1.0,2.0,2東京5,3歳未勝利,2.0,3.0,3中山8,3歳未勝利,2.0,4.0,3中山1,3歳未勝利,6.0,7.0,1東京7,3歳未勝利,6.0,12.0,5東京8,2歳新馬,15.5,7.0,2026-08-15 01:02:16,jra,2026-08-15,70.39,86.5,62.0,75.1,68.0,68.8,45.0,履歴少 / 近走上向き / 安定感 / 過小評価傾向
202604020708,2026-08-15,8,インディヴァイン,2.0,2.0,丸山,55.0,,7.0,5.0,2東京9,3歳1勝クラス,1.0,1.0,2中山1,3歳未勝利,2.0,3.0,1中山6,3歳新馬,,,,,,,,,7.0,4.0,2026-08-15 01:02:16,jra,2026-08-15,52.96,78.5,46.2,44.7,17.0,57.2,45.0,履歴少
202604020708,2026-08-15,8,インナーパッション,8.0,5.0,戸崎圭,55.0,,4.0,1.0,2新潟1,清津峡特別(1勝クラス),1.0,4.0,3東京2,3歳未勝利,7.0,6.0,4東京10,2歳新馬,,,,,,,,,5.8,3.0,2026-08-15 01:02:16,jra,2026-08-15,57.97,77.7,46.6,55.3,50.0,56.4,45.0,履歴少
202607020708,2026-08-15,8,エイシンリファイン,2.0,2.0,筒井勇,53.0,,8.0,10.0,盛岡,オパールC(重賞),2.0,2.0,笠松,付知川特別(3歳),6.0,5.0,笠松,新緑賞(重賞),3.0,7.0,笠松,クイーンC(重賞),4.0,1.0,笠松,姫街道特別(3歳),111.7,10.0,2026-08-15 00:21:15,jra,2026-08-15,41.56,34.9,53.1,25.1,32.2,54.8,45.0,地方実績を中央換算 / 履歴少
202604020708,2026-08-15,8,オンサイト,15.0,8.0,小崎,58.0,,10.0,15.0,3東京1,3歳以上1勝クラス,15.0,13.0,1新潟8,4歳以上1勝クラス,1.0,1.0,浦和,初音特別(C2),2.0,1.0,川崎,モナコ賞(C2),1.0,1.0,浦和,C2七　八九(C2八),61.9,12.0,2026-08-15 01:02:16,jra,2026-08-15,39.69,28.2,56.7,20.9,29.2,54.8,45.0,地方実績を中央換算 / 履歴少
202601010708,2026-08-15,8,カリーン,2.0,2.0,北村友,56.0,,5.0,7.0,2新潟1,3歳以上1勝クラス,8.0,4.0,2福島4,3歳以上1勝クラス,5.0,10.0,2東京3,スイートピーS(L),4.0,5.0,3中山2,ミモザ賞(1勝クラス),4.0,11.0,1中山6,菜の花賞(1勝クラス),16.0,7.0,2026-08-15 00:46:15,jra,2026-08-15,61.73,64.0,60.3,75.1,51.5,69.0,45.0,履歴少 / 安定感 / 過小評価傾向 / 市場オッズ妙味
202604020708,2026-08-15,8,グランドスウェル,12.0,7.0,武藤,55.0,,1.0,5.0,3中山1,3歳未勝利,7.0,11.0,2中山3,3歳未勝利,11.0,4.0,1東京6,3歳未勝利,3.0,6.0,1東京2,3歳未勝利,11.0,15.0,1中山4,3歳未勝利,45.0,11.0,2026-08-15 01:02:16,jra,2026-08-15,61.63,61.6,61.8,45.0,92.0,61.5,45.0,履歴少 / 近走上向き / 市場オッズ妙味
202601010708,2026-08-15,8,ザハント,3.0,3.0,小沢,58.0,,2.0,7.0,1札幌1,3歳以上1勝クラス,10.0,2.0,2札幌4,3歳以上1勝クラス,1.0,1.0,1札幌4,3歳未勝利,5.0,1.0,1函館11,3歳未勝利,2.0,3.0,1函館7,3歳未勝利,6.1,4.0,2026-08-15 00:46:15,jra,2026-08-15,59.99,74.1,43.3,75.1,65.0,53.8,45.0,履歴少 / 近走上向き / 安定感
202604020708,2026-08-15,8,シュガーハイ,10.0,6.0,上里,58.0,,11.0,7.0,4東京1,3歳以上1勝クラス,14.0,4.0,2新潟6,3歳以上1勝クラス,1.0,2.0,2東京11,3歳未勝利,11.0,3.0,2東京3,3歳未勝利,2.0,2.0,1東京1,3歳未勝利,73.4,13.0,2026-08-15 01:02:16,jra,2026-08-15,31.66,38.3,17.3,30.1,26.0,39.9,45.0,履歴少
202607020708,2026-08-15,8,ショウグンマサムネ,10.0,8.0,岩田望,55.0,,7.0,3.0,3東京4,3歳以上1勝クラス,8.0,9.0,2東京4,プリンシパルS(L),2.0,5.0,1中京6,大寒桜賞(1勝クラス),13.0,10.0,1中山7,京成杯(GIII),1.0,2.0,3福島3,2歳新馬,7.3,3.0,2026-08-15 00:21:15,jra,2026-08-15,47.85,55.9,45.0,30.1,44.0,57.2,45.0,履歴少
202604020708,2026-08-15,8,ジェイエルモーダル,9.0,5.0,田辺,55.0,,2.0,1.0,3東京4,3歳以上1勝クラス,2.0,5.0,1新潟1,わらび賞(1勝クラス),3.0,9.0,3中山4,3歳1勝クラス,1.0,6.0,1中山5,3歳未勝利,6.0,8.0,5中山5,2歳未勝利,3.3,1.0,2026-08-15 01:02:16,jra,2026-08-15,72.08,88.3,68.0,89.7,56.0,64.8,45.0,履歴少 / 人気以上に走る傾向 / 安定感
202607020708,2026-08-15,8,スイッチビスケット,3.0,3.0,松若,58.0,,8.0,12.0,1小倉10,高千穂特別(1勝クラス),7.0,9.0,1京都9,4歳以上1勝クラス,,,1京都7,4歳以上1勝クラス,9.0,15.0,5阪神7,3歳以上1勝クラス,9.0,13.0,2札幌3,3歳未勝利,95.7,9.0,2026-08-15 00:21:15,jra,2026-08-15,50.66,44.0,76.2,0.0,52.0,66.5,45.0,履歴少 / 人気以上に走る傾向 / 過小評価傾向
202604020708,2026-08-15,8,スターチスブーケ,13.0,7.0,丸田,56.0,,13.0,14.0,3東京6,3歳以上1勝クラス,5.0,9.0,2東京12,4歳以上1勝クラス,10.0,14.0,1新潟3,4歳以上1勝クラス,11.0,13.0,2中山7,4歳以上1勝クラス,9.0,10.0,1小倉6,4歳以上1勝クラス,41.3,10.0,2026-08-15 01:02:16,jra,2026-08-15,44.08,30.3,67.4,24.9,24.5,64.1,45.0,履歴少 / 人気以上に走る傾向 / 市場オッズ妙味
202601010708,2026-08-15,8,タイセツナヒ,5.0,5.0,大野,55.0,,7.0,8.0,1函館11,3歳以上1勝クラス,5.0,12.0,2福島1,3歳以上1勝クラス,11.0,14.0,1新潟1,わらび賞(1勝クラス),5.0,11.0,3中山6,3歳1勝クラス,8.0,11.0,1中山8,3歳1勝クラス,20.9,9.0,2026-08-15 00:46:15,jra,2026-08-15,57.88,51.2,76.8,39.5,51.5,69.3,45.0,履歴少 / 人気以上に走る傾向 / 過小評価傾向 / 市場オッズ妙味
202604020708,2026-08-15,8,ターフクリスタル,14.0,8.0,石橋脩,55.0,,9.0,7.0,2東京11,3歳1勝クラス,1.0,12.0,2東京7,3歳未勝利,11.0,15.0,3中山1,3歳未勝利,12.0,16.0,2中山6,3歳未勝利,16.0,8.0,1中山8,3歳新馬,28.1,9.0,2026-08-15 01:02:16,jra,2026-08-15,51.05,41.6,68.8,24.9,56.0,62.1,45.0,履歴少 / 人気以上に走る傾向 / 市場オッズ妙味
202607020708,2026-08-15,8,ダンツウルス,6.0,6.0,田口,55.0,,1.0,2.0,2小倉8,3歳未勝利,4.0,4.0,3阪神5,3歳未勝利,3.0,3.0,3京都11,3歳未勝利,4.0,2.0,1新潟3,3歳未勝利,3.0,2.0,5阪神2,2歳未勝利,11.3,5.0,2026-08-15 00:21:15,jra,2026-08-15,68.41,85.7,49.4,100.0,65.0,59.0,45.0,履歴少 / 近走上向き / 安定感
202607020708,2026-08-15,8,チェルヴァーラ,8.0,7.0,西村淳,55.0,,1.0,1.0,3阪神4,3歳未勝利,2.0,2.0,1新潟7,3歳未勝利,3.0,1.0,4中京3,2歳未勝利,3.0,1.0,2小倉6,2歳新馬,,,,,3.0,2.0,2026-08-15 00:21:15,jra,2026-08-15,66.03,91.6,44.6,89.7,60.0,51.4,45.0,履歴少 / 安定感
202604020708,2026-08-15,8,ノーブルアクト,7.0,4.0,水沼,56.0,,9.0,6.0,川崎,ジューンスター賞(B2B3),7.0,4.0,1新潟2,4歳以上1勝クラス,6.0,4.0,1小倉12,4歳以上1勝クラス,2.0,4.0,1小倉6,4歳以上1勝クラス,5.0,4.0,1小倉4,4歳以上1勝クラス,88.1,15.0,2026-08-15 01:02:16,jra,2026-08-15,41.38,51.3,39.8,24.9,26.0,49.0,45.0,履歴少
202601010708,2026-08-15,8,ハイライトニング,8.0,7.0,横山和,55.0,,8.0,9.0,1札幌1,3歳以上1勝クラス,10.0,15.0,2中山5,3歳1勝クラス,7.0,7.0,1中山3,黒竹賞(1勝クラス),12.0,8.0,5中山4,2歳1勝クラス,1.0,4.0,4中山9,2歳未勝利,15.5,6.0,2026-08-15 00:46:15,jra,2026-08-15,46.57,42.7,58.9,10.3,47.0,64.9,45.0,履歴少 / 市場オッズ妙味
202607020708,2026-08-15,8,パンチャマハブータ,4.0,4.0,松山,53.0,,1.0,7.0,3京都9,3歳未勝利,9.0,5.0,3京都5,3歳未勝利,2.0,6.0,2阪神5,3歳未勝利,13.0,7.0,1小倉4,3歳未勝利,4.0,12.0,1京都6,3歳未勝利,14.7,6.0,2026-08-15 00:21:15,jra,2026-08-15,64.52,66.0,61.0,60.5,86.0,66.6,45.0,履歴少 / 近走上向き / 安定感 / 過小評価傾向
202601010708,2026-08-15,8,ヒロイックヴァース,7.0,6.0,横山武,55.0,,1.0,3.0,2福島6,3歳未勝利,13.0,2.0,1福島5,3歳未勝利,2.0,5.0,1小倉11,3歳未勝利,6.0,10.0,1小倉7,3歳未勝利,11.0,5.0,5中山5,2歳未勝利,5.1,2.0,2026-08-15 00:46:15,jra,2026-08-15,55.06,60.4,39.0,50.2,92.0,51.7,45.0,履歴少 / 近走上向き
202601010708,2026-08-15,8,ビービーバザーク,6.0,6.0,▲和田陽,55.0,,4.0,6.0,1札幌1,3歳以上1勝クラス,11.0,11.0,1函館11,湯浜特別(1勝クラス),8.0,3.0,2東京7,4歳以上1勝クラス,4.0,3.0,2東京4,4歳以上1勝クラス,8.0,4.0,1阪神2,4歳以上1勝クラス,5.8,3.0,2026-08-15 00:46:15,jra,2026-08-15,51.02,52.4,43.4,45.0,72.5,52.3,45.0,履歴少 / 近走上向き
202607020708,2026-08-15,8,ピースヒロフェイス,5.0,5.0,富田,56.0,,12.0,4.0,2京都6,4歳以上1勝クラス,5.0,9.0,1東京1,4歳以上1勝クラス,6.0,13.0,1中山5,4歳以上1勝クラス,7.0,11.0,4東京4,3歳以上1勝クラス,4.0,2.0,4中山5,3歳以上1勝クラス,31.0,8.0,2026-08-15 00:21:15,jra,2026-08-15,44.34,47.9,52.3,35.3,11.0,59.5,45.0,履歴少 / 市場オッズ妙味
202601010708,2026-08-15,8,ピースフルワールド,11.0,8.0,菊沢,56.0,,8.0,1.0,名古屋,ゆうき・なつみ結婚記(C),1.0,2.0,名古屋,C22組,10.0,2.0,名古屋,C22組,7.0,3.0,名古屋,しんゆうすみこ結婚十(C),8.0,1.0,名古屋,C9組,33.7,11.0,2026-08-15 00:46:15,jra,2026-08-15,30.5,21.4,35.0,9.5,40.5,40.0,45.0,地方実績を中央換算 / 履歴少 / 市場オッズ妙味
202601010708,2026-08-15,8,ファンタイムギフト,4.0,4.0,横山琉,58.0,,10.0,4.0,1札幌1,3歳以上1勝クラス,3.0,5.0,1函館8,3歳以上1勝クラス,5.0,4.0,3東京1,3歳以上1勝クラス,7.0,5.0,2東京7,4歳以上1勝クラス,13.0,7.0,5中山6,3歳以上1勝クラス,18.2,8.0,2026-08-15 00:46:15,jra,2026-08-15,43.64,50.9,33.0,44.7,32.0,55.5,45.0,履歴少 / 市場オッズ妙味
202601010708,2026-08-15,8,フェニーチェドーロ,1.0,1.0,荻野琢,56.0,,11.0,13.0,1札幌3,3歳以上1勝クラス,9.0,12.0,1函館12,3歳以上1勝クラス,9.0,7.0,1函館4,3歳以上1勝クラス,12.0,16.0,1阪神7,4歳以上1勝クラス,12.0,9.0,4京都4,3歳以上1勝クラス,22.3,10.0,2026-08-15 00:46:15,jra,2026-08-15,39.5,25.2,58.6,0.0,47.0,58.9,45.0,履歴少 / 市場オッズ妙味
202604020708,2026-08-15,8,プルメリアクヒオ,1.0,1.0,石神道,58.0,,12.0,12.0,3東京4,3歳以上1勝クラス,5.0,10.0,1新潟8,4歳以上1勝クラス,8.0,7.0,3中山2,4歳以上1勝クラス,10.0,8.0,2中山3,4歳以上1勝クラス,9.0,7.0,1中山9,4歳以上1勝クラス,84.3,14.0,2026-08-15 01:02:16,jra,2026-08-15,41.41,37.1,53.9,24.9,26.0,53.5,45.0,履歴少
202604020708,2026-08-15,8,ベストブラザーズ,6.0,4.0,木幡巧,55.0,,1.0,1.0,1新潟3,3歳未勝利,3.0,3.0,1福島1,3歳未勝利,4.0,3.0,2中山7,3歳未勝利,7.0,7.0,1中山8,3歳未勝利,6.0,4.0,5中山1,2歳新馬,11.4,5.0,2026-08-15 01:02:16,jra,2026-08-15,64.32,80.1,47.2,75.1,74.0,58.4,45.0,履歴少 / 近走上向き / 安定感
202607020708,2026-08-15,8,ベンティガオルサ,7.0,7.0,団野,55.0,,1.0,2.0,2小倉3,3歳未勝利,2.0,4.0,1小倉1,3歳未勝利,6.0,5.0,5中京2,2歳未勝利,5.0,2.0,4京都3,2歳未勝利,4.0,4.0,4東京4,2歳新馬,17.9,7.0,2026-08-15 00:21:15,jra,2026-08-15,66.6,83.0,51.2,80.2,69.5,61.6,45.0,履歴少 / 近走上向き / 安定感 / 市場オッズ妙味
202601010708,2026-08-15,8,ミスティマウンテン,10.0,8.0,佐々木,58.0,,3.0,1.0,2東京11,4歳以上1勝クラス,2.0,8.0,2東京4,4歳以上1勝クラス,6.0,4.0,1福島4,4歳以上1勝クラス,6.0,4.0,1阪神1,4歳以上1勝クラス,11.0,12.0,5中山6,3歳以上1勝クラス,6.3,5.0,2026-08-15 00:46:15,jra,2026-08-15,60.09,71.1,52.1,55.3,69.5,58.5,45.0,履歴少 / 近走上向き
202604020708,2026-08-15,8,ヨドノタイヨウ,5.0,3.0,野中,58.0,,1.0,1.0,園田,B1,2.0,2.0,園田,B1,2.0,2.0,園田,B1,1.0,1.0,園田,B2,2.0,1.0,園田,B2,23.6,8.0,2026-08-15 01:02:16,jra,2026-08-15,47.99,44.7,49.6,46.8,47.2,55.6,45.0,地方実績を中央換算 / 履歴少 / 市場オッズ妙味
202604020708,2026-08-15,8,ルーナディサングエ,3.0,2.0,菅原隆,55.0,,4.0,6.0,1新潟1,わらび賞(1勝クラス),2.0,6.0,3中山8,3歳1勝クラス,1.0,9.0,1中京4,3歳未勝利,4.0,12.0,3福島1,2歳未勝利,7.0,11.0,4東京3,2歳未勝利,4.4,2.0,2026-08-15 01:02:16,jra,2026-08-15,74.19,82.2,83.4,89.7,47.0,73.2,45.0,履歴少 / 人気以上に走る傾向 / 安定感 / 過小評価傾向
202604020708,2026-08-15,8,レボルシオン,4.0,3.0,江田照,58.0,,4.0,6.0,2札幌5,3歳以上1勝クラス,4.0,9.0,2札幌4,3歳以上1勝クラス,10.0,5.0,4中山5,3歳以上1勝クラス,1.0,4.0,2福島1,3歳未勝利,5.0,7.0,3東京6,3歳未勝利,11.5,6.0,2026-08-15 01:02:16,jra,2026-08-15,63.85,69.2,60.6,80.2,56.0,64.9,45.0,履歴少 / 安定感
202601010708,2026-08-15,8,ロードアマルフィ,9.0,7.0,石川倭,55.0,,4.0,2.0,1札幌4,3歳以上1勝クラス,5.0,3.0,3京都8,3歳1勝クラス,3.0,3.0,3京都1,3歳1勝クラス,1.0,1.0,2阪神1,3歳未勝利,3.0,1.0,1小倉12,3歳未勝利,3.8,1.0,2026-08-15 00:46:15,jra,2026-08-15,61.2,79.9,40.8,100.0,44.0,51.8,45.0,履歴少 / 安定感
202601010709,2026-08-15,9,アゴルディーノ,6.0,6.0,横山和,55.0,,1.0,2.0,1函館5,2歳新馬,,,,,,,,,,,,,,,,,3.4,2.0,2026-08-15 00:22:10,jra,2026-08-15,44.16,51.6,42.2,36.3,40.6,41.7,45.0,履歴少 / サンプル少
202604020709,2026-08-15,9,アメリカンピース,2.0,2.0,小坂,60.0,,3.0,8.0,2新潟1,障害3歳以上OP,5.0,9.0,2福島1,障害3歳以上OP,9.0,7.0,1新潟1,障害4歳以上OP,11.0,11.0,2中山3,障害4歳以上OP,3.0,12.0,5阪神5,障害3歳以上OP,22.4,8.0,2026-08-15 00:38:10,jra,2026-08-15,64.86,61.2,71.4,65.7,74.0,66.7,45.0,履歴少 / 人気以上に走る傾向 / 近走上向き / 安定感
202601010709,2026-08-15,9,アヴィアトーレ,3.0,3.0,横山武,55.0,,1.0,7.0,3東京6,2歳新馬,,,,,,,,,,,,,,,,,6.3,4.0,2026-08-15 00:22:10,jra,2026-08-15,46.05,51.6,49.9,36.3,40.6,42.0,45.0,履歴少 / サンプル少
202601010709,2026-08-15,9,アヴナント,2.0,2.0,吉田隼,55.0,,7.0,7.0,門別,JRA認定競走ターフ(OP)(2歳),1.0,2.0,門別,JRA認定競走アタッ(未勝利)(2歳),2.0,1.0,門別,JRA認定競走フレッ(新馬)(2歳),,,,,,,,,84.9,8.0,2026-08-15 00:22:10,jra,2026-08-15,39.48,35.0,50.2,18.5,28.5,53.5,45.0,地方実績を中央換算 / 履歴少
202607020709,2026-08-15,9,アーサーバローズ,8.0,4.0,吉村,55.0,,11.0,8.0,3阪神2,3歳以上1勝クラス,13.0,9.0,2阪神4,3歳1勝クラス,1.0,3.0,1阪神10,3歳未勝利,3.0,2.0,1阪神6,3歳未勝利,3.0,4.0,2京都1,3歳未勝利,20.1,7.0,2026-08-15 00:58:46,jra,2026-08-15,41.73,47.8,39.1,44.7,14.0,53.0,45.0,履歴少 / 市場オッズ妙味
202607020709,2026-08-15,9,インシオン,7.0,4.0,西塚,55.0,,5.0,7.0,2中京1,3歳以上1勝クラス,10.0,11.0,1新潟1,わらび賞(1勝クラス),10.0,6.0,1京都3,3歳1勝クラス,1.0,1.0,5中京3,2歳未勝利,3.0,3.0,4京都7,2歳未勝利,6.2,3.0,2026-08-15 00:58:46,jra,2026-08-15,53.77,56.4,50.5,55.3,56.0,57.1,45.0,履歴少
202601010709,2026-08-15,9,ウインワーグナー,7.0,7.0,菊沢,55.0,,1.0,4.0,2福島2,2歳新馬,,,,,,,,,,,,,,,,,4.7,3.0,2026-08-15 00:22:10,jra,2026-08-15,44.94,51.6,45.3,36.3,40.6,42.0,45.0,履歴少 / サンプル少
202607020709,2026-08-15,9,エイシンティザー,3.0,2.0,岩田望,55.0,,3.0,3.0,3阪神1,城崎特別(1勝クラス),3.0,2.0,3京都9,メルボルンT(1勝クラス),11.0,8.0,2阪神3,チャーチルダウンズC(GIII),4.0,2.0,1阪神8,3歳1勝クラス,1.0,2.0,4京都4,2歳未勝利,3.8,1.0,2026-08-15 00:58:46,jra,2026-08-15,59.11,71.8,42.8,80.2,60.5,52.4,45.0,履歴少 / 安定感
202607020709,2026-08-15,9,オーレアミスト,6.0,3.0,角田和,58.0,,8.0,9.0,2中京4,3歳以上1勝クラス,15.0,11.0,3阪神5,3歳以上1勝クラス,10.0,7.0,3阪神2,3歳以上1勝クラス,7.0,2.0,1阪神10,4歳以上1勝クラス,3.0,3.0,3京都5,3歳以上1勝クラス,24.6,9.0,2026-08-15 00:58:46,jra,2026-08-15,37.62,35.2,35.9,10.3,54.5,49.1,45.0,履歴少 / 市場オッズ妙味
202601010709,2026-08-15,9,キャトルブランシュ,4.0,4.0,小野楓,55.0,,1.0,2.0,門別,JRA認定競走アタッ(未勝利)(2歳),1.0,2.0,門別,2歳牝馬未勝利(未勝利),7.0,5.0,門別,JRA認定競走アタッ(未勝利)(2歳),2.0,6.0,門別,JRA認定競走フレッ(新馬)(2歳),,,,,76.7,7.0,2026-08-15 00:22:10,jra,2026-08-15,43.96,33.7,52.6,26.7,52.0,56.8,45.0,地方実績を中央換算 / 履歴少
202607020709,2026-08-15,9,ケイアイアマゾン,16.0,8.0,藤懸,55.0,,7.0,7.0,3京都1,3歳1勝クラス,5.0,13.0,2阪神4,3歳1勝クラス,7.0,13.0,1中京1,3歳1勝クラス,1.0,8.0,5阪神6,2歳未勝利,8.0,15.0,5阪神1,2歳未勝利,25.7,11.0,2026-08-15 00:58:46,jra,2026-08-15,62.09,62.2,84.5,39.5,39.5,74.5,45.0,履歴少 / 人気以上に走る傾向 / 過小評価傾向 / 市場オッズ妙味
202607020709,2026-08-15,9,ケンフィールド,13.0,7.0,幸,55.0,,9.0,9.0,2小倉7,3歳以上1勝クラス,5.0,4.0,2小倉4,3歳以上1勝クラス,9.0,8.0,3京都11,鳳雛S(L),9.0,11.0,3京都8,3歳1勝クラス,1.0,2.0,3京都3,3歳未勝利,10.7,6.0,2026-08-15 00:58:46,jra,2026-08-15,47.15,50.6,49.6,35.3,32.0,60.7,45.0,履歴少
202601010709,2026-08-15,9,コスモハナミズキ,1.0,1.0,佐々木,55.0,,1.0,4.0,2福島3,2歳未勝利,3.0,5.0,3東京3,2歳新馬,,,,,,,,,,,,,7.0,5.0,2026-08-15 00:22:10,jra,2026-08-15,57.54,69.0,55.3,48.4,52.1,59.8,45.0,履歴少 / サンプル少
202604020709,2026-08-15,9,シャンデルナゴル,1.0,1.0,中村,60.0,,1.0,3.0,2福島5,障害3歳以上OP,6.0,4.0,3阪神5,障害3歳以上OP,1.0,1.0,3中山4,障害4歳以上未勝利,2.0,1.0,2中山4,障害4歳以上未勝利,2.0,1.0,1中山5,障害4歳以上未勝利,4.7,1.0,2026-08-15 00:38:10,jra,2026-08-15,64.92,88.0,49.0,75.1,60.5,55.3,45.0,履歴少 / 安定感
202604020709,2026-08-15,9,セイウンパシュート,5.0,5.0,水沼,60.0,,1.0,2.0,2小倉7,障害3歳以上未勝利,5.0,5.0,3東京6,障害3歳以上未勝利,9.0,8.0,1阪神4,山陽特別(2勝クラス),14.0,12.0,1小倉9,皿倉山特別(2勝クラス),15.0,12.0,1中山7,4歳以上2勝クラス,12.6,7.0,2026-08-15 00:38:10,jra,2026-08-15,57.61,54.5,46.5,55.3,100.0,57.5,45.0,履歴少 / 近走上向き / 市場オッズ妙味
202607020709,2026-08-15,9,ソリッドベーシス,4.0,2.0,秋山稔,58.0,,13.0,14.0,2新潟6,3歳以上1勝クラス,13.0,10.0,1新潟6,4歳以上1勝クラス,12.0,14.0,1中京2,4歳以上1勝クラス,10.0,16.0,2中山1,4歳以上1勝クラス,15.0,12.0,1東京5,4歳以上1勝クラス,179.2,16.0,2026-08-15 00:58:46,jra,2026-08-15,33.2,8.7,53.6,0.0,47.0,55.5,45.0,履歴少
202607020709,2026-08-15,9,タイセイドラード,10.0,5.0,西村淳,58.0,,7.0,3.0,1東京8,ヒヤシンスS(L),1.0,1.0,7京都8,2歳新馬,,,,,,,,,,,,,5.6,2.0,2026-08-15 00:58:46,jra,2026-08-15,43.77,58.5,37.0,31.7,25.7,50.8,45.0,履歴少 / サンプル少
202607020709,2026-08-15,9,タリスマン,12.0,6.0,伊藤,58.0,,7.0,11.0,3東京6,3歳以上1勝クラス,10.0,8.0,1中京5,4歳以上1勝クラス,5.0,16.0,1中京3,4歳以上1勝クラス,8.0,15.0,1中山3,4歳以上1勝クラス,8.0,11.0,5中京4,大須特別(1勝クラス),80.4,15.0,2026-08-15 00:58:46,jra,2026-08-15,55.3,47.2,79.6,19.8,54.5,68.5,45.0,履歴少 / 人気以上に走る傾向 / 過小評価傾向
202601010709,2026-08-15,9,デアグランツ,8.0,8.0,浜中,55.0,,1.0,4.0,1函館10,2歳新馬,,,,,,,,,,,,,,,,,2.4,1.0,2026-08-15 00:22:10,jra,2026-08-15,44.94,51.6,45.3,36.3,40.6,42.0,45.0,履歴少 / サンプル少
202607020709,2026-08-15,9,ナリノシャーウッド,11.0,6.0,団野,55.0,,3.0,5.0,2福島1,3歳以上1勝クラス,13.0,9.0,2中山7,3歳1勝クラス,15.0,11.0,5中山4,2歳1勝クラス,1.0,7.0,4中山7,2歳新馬,,,,,24.1,8.0,2026-08-15 00:58:46,jra,2026-08-15,52.85,45.9,47.6,45.0,90.0,56.3,45.0,履歴少 / 近走上向き / 市場オッズ妙味
202604020709,2026-08-15,9,パープルアドミラル,10.0,8.0,金子,60.0,,7.0,6.0,2新潟1,障害3歳以上OP,4.0,5.0,1新潟7,障害4歳以上OP,1.0,11.0,1新潟1,障害4歳以上OP,11.0,11.0,3中山5,障害4歳以上OP,4.0,12.0,1小倉9,障害4歳以上OP,35.6,11.0,2026-08-15 00:38:10,jra,2026-08-15,60.08,65.3,69.2,55.0,38.0,68.0,45.0,履歴少 / 人気以上に走る傾向 / 過小評価傾向 / 市場オッズ妙味
202604020709,2026-08-15,9,ビーンスターク,7.0,6.0,草野,60.0,,10.0,12.0,2福島7,開成山特別(1勝クラス),10.0,10.0,3京都3,障害3歳以上OP,9.0,8.0,3中京5,障害3歳以上OP,1.0,8.0,2福島4,障害3歳以上未勝利,7.0,9.0,1新潟8,障害4歳以上未勝利,34.2,9.0,2026-08-15 00:38:10,jra,2026-08-15,45.37,42.6,61.5,14.6,30.5,62.8,45.0,履歴少 / 市場オッズ妙味
202604020709,2026-08-15,9,ピーターサイト,9.0,7.0,上野,60.0,,10.0,2.0,3東京3,東京ジャンプS(JGIII),2.0,3.0,2中山7,ペガサスジャンプS(OP),6.0,5.0,5中山7,中山大障害(JGI),1.0,6.0,5中山1,イルミネーションJS(OP),3.0,2.0,4東京1,障害3歳以上OP,8.3,6.0,2026-08-15 00:38:10,jra,2026-08-15,47.03,66.6,37.7,49.8,8.0,56.4,45.0,履歴少
202604020709,2026-08-15,9,ブラックボイス,4.0,4.0,坂口,60.0,,3.0,8.0,3東京3,東京ジャンプS(JGIII),4.0,5.0,2阪神1,三木ホースランドJS(OP),5.0,9.0,1小倉7,小倉ジャンプS(JGIII),16.0,14.0,1中山7,4歳以上2勝クラス,11.0,7.0,2福島5,信夫山特別(2勝クラス),6.1,4.0,2026-08-15 00:38:10,jra,2026-08-15,64.18,60.0,63.0,75.1,86.0,60.3,45.0,履歴少 / 近走上向き / 安定感
202604020709,2026-08-15,9,プラチナドリーム,6.0,6.0,高田,60.0,,8.0,7.0,3中山7,中山グランドジャンプ(JGI),1.0,5.0,2中山3,障害4歳以上OP,5.0,6.0,5中山7,中山大障害(JGI),5.0,4.0,4東京7,東京ハイジャンプ(JGII),2.0,3.0,3新潟3,障害3歳以上OP,4.8,3.0,2026-08-15 00:38:10,jra,2026-08-15,57.08,71.2,55.9,69.6,21.5,59.3,45.0,履歴少 / 安定感
202607020709,2026-08-15,9,プロスペクトパーク,9.0,5.0,筒井勇,58.0,,13.0,2.0,2福島1,3歳以上1勝クラス,3.0,2.0,1福島1,4歳以上1勝クラス,14.0,9.0,1中京3,4歳以上1勝クラス,6.0,2.0,1中山3,4歳以上1勝クラス,5.0,6.0,5中京6,3歳以上1勝クラス,30.8,12.0,2026-08-15 00:58:46,jra,2026-08-15,30.2,37.9,14.6,35.3,14.0,40.5,45.0,履歴少
202601010709,2026-08-15,9,ミラクルヴェリテ,5.0,5.0,石川倭,55.0,,1.0,2.0,門別,JRA認定競走フレッ(新馬)(2歳),,,,,,,,,,,,,,,,,52.3,6.0,2026-08-15 00:22:10,jra,2026-08-15,40.13,39.5,41.3,32.6,40.6,41.7,45.0,履歴少 / サンプル少
202607020709,2026-08-15,9,メイショウサッソウ,5.0,3.0,加藤,55.0,,8.0,11.0,3京都10,3歳1勝クラス,1.0,8.0,3京都4,3歳未勝利,7.0,3.0,1中京2,3歳未勝利,,,1小倉12,3歳未勝利,8.0,7.0,1京都4,3歳未勝利,44.8,14.0,2026-08-15 00:58:46,jra,2026-08-15,52.51,62.2,64.4,24.9,34.0,57.6,45.0,履歴少
202607020709,2026-08-15,9,メイショウマドロス,2.0,1.0,坂井,58.0,,1.0,1.0,4京都3,3歳未勝利,5.0,6.0,2小倉4,3歳未勝利,5.0,8.0,2京都2,3歳新馬,,,,,,,,,7.8,4.0,2026-08-15 00:58:46,jra,2026-08-15,67.77,81.0,57.9,75.1,74.0,63.1,45.0,履歴少 / 近走上向き / 安定感
202607020709,2026-08-15,9,ヨカオウ,15.0,8.0,☆田山,54.0,,4.0,5.0,2小倉7,3歳以上1勝クラス,4.0,2.0,2小倉4,3歳以上1勝クラス,5.0,3.0,3阪神1,3歳以上1勝クラス,4.0,8.0,3京都7,あずさ賞(1勝クラス),15.0,16.0,2東京1,テレビ東京杯青葉賞(GII),8.6,5.0,2026-08-15 00:58:46,jra,2026-08-15,62.69,66.6,50.7,89.7,68.0,60.5,45.0,履歴少 / 近走上向き / 安定感
202607020709,2026-08-15,9,ルシタニア,1.0,1.0,▲森田,55.0,,5.0,8.0,3福島3,3歳以上1勝クラス,4.0,4.0,4新潟2,3歳以上1勝クラス,4.0,5.0,2札幌1,3歳以上1勝クラス,7.0,8.0,1函館5,3歳以上1勝クラス,11.0,7.0,1函館1,奥尻特別(1勝クラス),32.3,13.0,2026-08-15 00:58:46,jra,2026-08-15,59.58,64.3,55.9,75.1,59.0,54.1,45.0,履歴少 / 安定感
202607020709,2026-08-15,9,ロックウイズユー,14.0,7.0,コレット,58.0,,4.0,11.0,2中京4,3歳以上1勝クラス,6.0,9.0,3京都9,4歳以上1勝クラス,6.0,9.0,1新潟2,4歳以上1勝クラス,7.0,8.0,2阪神4,4歳以上1勝クラス,12.0,11.0,4東京5,3歳以上1勝クラス,25.4,10.0,2026-08-15 00:58:46,jra,2026-08-15,60.26,58.7,74.6,30.4,72.5,64.8,45.0,履歴少 / 人気以上に走る傾向 / 近走上向き / 市場オッズ妙味
202604020709,2026-08-15,9,ローディアマント,8.0,7.0,伴,60.0,,5.0,5.0,3東京3,東京ジャンプS(JGIII),13.0,3.0,1小倉7,小倉ジャンプS(JGIII),1.0,6.0,4京都1,京都ジャンプS(JGIII),4.0,7.0,2新潟7,新潟ジャンプS(JGIII),2.0,1.0,1新潟3,障害4歳以上OP,4.7,2.0,2026-08-15 00:38:10,jra,2026-08-15,54.56,62.0,41.8,75.1,50.0,54.6,45.0,履歴少 / 安定感
202604020709,2026-08-15,9,ローンウルフ,3.0,3.0,大江圭,60.0,,4.0,9.0,2新潟1,障害3歳以上OP,4.0,10.0,2福島1,障害3歳以上OP,13.0,15.0,1新潟7,尖閣湾特別(1勝クラス),8.0,11.0,1新潟3,障害4歳以上OP,,12.0,1小倉11,障害4歳以上OP,35.2,10.0,2026-08-15 00:38:10,jra,2026-08-15,64.55,54.9,80.0,55.3,76.0,69.3,45.0,履歴少 / 人気以上に走る傾向 / 近走上向き / 過小評価傾向
202604020709,2026-08-15,9,ヴェールランス,11.0,8.0,五十嵐,60.0,,2.0,4.0,2福島1,障害3歳以上OP,1.0,2.0,1新潟6,障害4歳以上未勝利,,5.0,1小倉11,障害4歳以上未勝利,9.0,5.0,1小倉2,障害4歳以上未勝利,14.0,15.0,2東京3,是政S(3勝クラス),7.8,5.0,2026-08-15 00:38:10,jra,2026-08-15,62.76,72.5,53.3,55.3,86.0,58.7,45.0,履歴少 / 近走上向き
202607020710,2026-08-15,10,アスクムービーオン,8.0,4.0,コレット,58.0,,2.0,5.0,川崎,ジューンスター賞(B2B3),10.0,11.0,3中京6,3歳以上1勝クラス,9.0,6.0,3中京1,3歳以上1勝クラス,8.0,4.0,2東京9,4歳以上1勝クラス,6.0,4.0,2東京6,4歳以上1勝クラス,13.2,5.0,2026-08-15 00:26:25,jra,2026-08-15,47.81,42.1,45.6,16.7,87.5,57.7,45.0,履歴少 / 近走上向き / 市場オッズ妙味
202607020710,2026-08-15,10,アーガイルショア,12.0,6.0,団野,53.0,,4.0,5.0,2中京2,3歳以上1勝クラス,1.0,2.0,1新潟8,3歳未勝利,5.0,2.0,3京都5,3歳未勝利,2.0,1.0,1阪神3,3歳未勝利,3.0,1.0,2京都4,3歳未勝利,15.7,7.0,2026-08-15 00:26:25,jra,2026-08-15,64.62,83.6,47.3,100.0,42.5,59.1,45.0,履歴少 / 安定感 / 市場オッズ妙味
202607020710,2026-08-15,10,アーディアイリ,3.0,2.0,吉村,53.0,,1.0,2.0,1阪神4,3歳未勝利,5.0,3.0,2京都6,3歳未勝利,2.0,2.0,2京都1,3歳未勝利,2.0,2.0,4京都8,2歳未勝利,2.0,16.0,4京都3,2歳新馬,26.4,11.0,2026-08-15 00:26:25,jra,2026-08-15,71.69,88.4,58.8,100.0,60.5,64.8,45.0,履歴少 / 安定感 / 市場オッズ妙味
202604020710,2026-08-15,10,イデアクリスタル,1.0,1.0,石川,55.0,,6.0,8.0,2新潟3,3歳未勝利,3.0,4.0,2東京8,3歳未勝利,12.0,2.0,2東京4,3歳未勝利,5.0,3.0,2中山2,3歳未勝利,4.0,6.0,1東京2,3歳未勝利,30.1,10.0,2026-08-15 00:13:30,jra,2026-08-15,50.31,59.3,41.6,49.8,50.0,51.8,45.0,履歴少 / 市場オッズ妙味
202607020710,2026-08-15,10,エイシンマールス,11.0,6.0,松山,58.0,,2.0,4.0,3阪神6,3歳以上1勝クラス,3.0,2.0,1中京5,4歳以上1勝クラス,3.0,2.0,1阪神3,4歳以上1勝クラス,10.0,2.0,2京都5,4歳以上1勝クラス,2.0,5.0,1京都5,4歳以上1勝クラス,13.5,6.0,2026-08-15 00:26:25,jra,2026-08-15,63.62,79.1,45.1,85.4,65.0,57.8,45.0,履歴少 / 近走上向き / 安定感 / 市場オッズ妙味
202604020710,2026-08-15,10,エターナルホープ,5.0,3.0,原,57.0,,4.0,3.0,3東京2,3歳未勝利,3.0,1.0,2東京7,3歳未勝利,2.0,7.0,2東京2,3歳未勝利,7.0,14.0,1中山9,3歳新馬,,,,,6.9,4.0,2026-08-15 00:13:30,jra,2026-08-15,64.74,77.8,59.4,75.1,50.0,65.5,45.0,履歴少 / 安定感 / 過小評価傾向
202607020710,2026-08-15,10,エブリデイ,2.0,1.0,秋山稔,55.0,,7.0,3.0,3阪神6,3歳以上1勝クラス,6.0,9.0,1阪神9,3歳1勝クラス,6.0,8.0,1阪神4,3歳1勝クラス,6.0,8.0,1京都4,3歳1勝クラス,6.0,6.0,4阪神8,ヤマボウシ賞(1勝クラス),36.7,14.0,2026-08-15 00:26:25,jra,2026-08-15,46.03,57.6,51.5,0.0,44.0,55.5,45.0,履歴少
202601010710,2026-08-15,10,エルサトアナ,16.0,8.0,菱田,56.0,,12.0,11.0,1函館9,HTB杯(2勝クラス),13.0,3.0,1函館6,湯の川温泉特別(2勝クラス),9.0,4.0,2阪神6,4歳以上2勝クラス,7.0,12.0,1阪神8,4歳以上2勝クラス,16.0,16.0,1京都7,小倉山特別(2勝クラス),69.0,16.0,2026-08-15 00:55:15,jra,2026-08-15,28.73,19.3,28.6,0.0,45.5,46.4,45.0,履歴少
202604020710,2026-08-15,10,オーシャンミューズ,8.0,5.0,杉原,55.0,,8.0,15.0,2福島4,3歳未勝利,10.0,14.0,1新潟7,3歳未勝利,13.0,11.0,1福島2,3歳未勝利,,,,,,,,,99.5,13.0,2026-08-15 00:13:30,jra,2026-08-15,47.87,28.2,75.4,0.0,71.0,63.2,45.0,履歴少 / 人気以上に走る傾向 / 近走上向き
202601010710,2026-08-15,10,ガットネロ,1.0,1.0,小沢,56.0,,12.0,10.0,1函館6,湯の川温泉特別(2勝クラス),4.0,12.0,1函館2,函館日刊スポーツ杯(2勝クラス),11.0,11.0,3中山7,袖ケ浦特別(2勝クラス),12.0,11.0,2京都4,4歳以上2勝クラス,1.0,9.0,3福島5,3歳以上1勝クラス,31.3,12.0,2026-08-15 00:55:15,jra,2026-08-15,46.09,38.6,64.5,35.3,20.0,62.0,45.0,履歴少
202607020710,2026-08-15,10,キーンセンス,15.0,8.0,幸,55.0,,5.0,3.0,2中京2,3歳以上1勝クラス,10.0,8.0,3京都9,3歳1勝クラス,5.0,5.0,3京都5,3歳1勝クラス,8.0,9.0,2東京1,3歳1勝クラス,6.0,6.0,1阪神6,アルメリア賞(1勝クラス),16.5,8.0,2026-08-15 00:26:25,jra,2026-08-15,52.25,53.7,43.3,50.2,63.5,62.0,45.0,履歴少 / 市場オッズ妙味
202604020710,2026-08-15,10,クライナリーゼ,6.0,4.0,◇今村,55.0,,10.0,15.0,2中京2,3歳未勝利,5.0,2.0,名古屋,名古屋CCメロン賞(3歳),7.0,13.0,2阪神2,3歳未勝利,12.0,15.0,1中京1,3歳未勝利,11.0,18.0,5阪神8,2歳未勝利,17.5,7.0,2026-08-15 00:13:30,jra,2026-08-15,47.68,30.2,74.7,11.2,42.5,73.9,45.0,履歴少 / 人気以上に走る傾向 / 過小評価傾向 / 市場オッズ妙味
202601010710,2026-08-15,10,グランテレーズ,8.0,4.0,舟山,56.0,,1.0,11.0,1札幌1,3歳以上1勝クラス,9.0,4.0,1函館4,3歳以上1勝クラス,4.0,5.0,1函館1,3歳以上1勝クラス,2.0,3.0,1福島5,4歳以上1勝クラス,2.0,6.0,1福島1,4歳以上1勝クラス,7.1,2.0,2026-08-15 00:55:15,jra,2026-08-15,68.95,77.3,67.9,75.1,69.5,65.5,45.0,履歴少 / 人気以上に走る傾向 / 近走上向き / 安定感
202601010710,2026-08-15,10,コックオーヴァン,11.0,6.0,長浜,54.0,,1.0,4.0,2福島7,3歳以上1勝クラス,4.0,11.0,2福島1,3歳以上1勝クラス,11.0,11.0,1中山5,3歳1勝クラス,7.0,12.0,5中山3,黒松賞(1勝クラス),16.0,14.0,5東京1,京王杯2歳S(GII),13.2,7.0,2026-08-15 00:55:15,jra,2026-08-15,67.25,60.9,72.3,55.3,100.0,69.4,45.0,履歴少 / 人気以上に走る傾向 / 近走上向き / 過小評価傾向
202604020710,2026-08-15,10,コールリッジ,13.0,7.0,津村,57.0,,4.0,5.0,2新潟2,3歳未勝利,7.0,7.0,2福島1,3歳未勝利,6.0,13.0,2中山4,3歳未勝利,,,,,,,,,6.6,3.0,2026-08-15 00:13:30,jra,2026-08-15,58.93,63.8,65.7,30.4,65.0,66.7,45.0,履歴少 / 人気以上に走る傾向 / 近走上向き / 過小評価傾向
202604020710,2026-08-15,10,サンタピア,4.0,3.0,木幡巧,57.0,,3.0,12.0,2福島7,3歳未勝利,9.0,11.0,2東京7,3歳未勝利,12.0,14.0,1中山8,3歳未勝利,7.0,12.0,1中山2,3歳未勝利,12.0,10.0,5中山3,2歳未勝利,50.7,12.0,2026-08-15 00:13:30,jra,2026-08-15,59.91,45.7,79.1,30.4,92.0,63.9,45.0,履歴少 / 人気以上に走る傾向 / 近走上向き
202607020710,2026-08-15,10,ザングウィル,10.0,5.0,岩田望,58.0,,2.0,6.0,2中京2,3歳以上1勝クラス,5.0,2.0,3京都3,4歳以上1勝クラス,3.0,6.0,2阪神5,4歳以上1勝クラス,2.0,7.0,1阪神7,4歳以上1勝クラス,7.0,9.0,1京都6,4歳以上1勝クラス,7.9,4.0,2026-08-15 00:26:25,jra,2026-08-15,69.95,80.3,64.0,89.7,63.5,65.9,45.0,履歴少 / 安定感 / 過小評価傾向
202607020710,2026-08-15,10,シュテフィ,13.0,7.0,田口,53.0,,12.0,16.0,3京都9,3歳1勝クラス,8.0,15.0,2京都2,3歳1勝クラス,8.0,7.0,1京都4,3歳1勝クラス,15.0,11.0,3京都11,もちの木賞(1勝クラス),4.0,4.0,4阪神8,ヤマボウシ賞(1勝クラス),49.2,15.0,2026-08-15 00:26:25,jra,2026-08-15,41.82,31.2,65.3,10.3,30.5,57.4,45.0,履歴少 / 人気以上に走る傾向
202607020710,2026-08-15,10,ジューンセクレタ,14.0,7.0,富田,55.0,,5.0,2.0,2小倉7,3歳以上1勝クラス,7.0,7.0,1新潟1,わらび賞(1勝クラス),1.0,1.0,3中山8,3歳未勝利,7.0,2.0,1小倉8,3歳未勝利,3.0,3.0,1京都9,3歳未勝利,7.5,3.0,2026-08-15 00:26:25,jra,2026-08-15,53.62,69.7,38.5,60.5,47.0,53.4,45.0,履歴少 / 安定感
202604020710,2026-08-15,10,ジューンマーチ,15.0,8.0,川須,57.0,,10.0,4.0,2小倉7,3歳未勝利,4.0,4.0,2小倉2,3歳未勝利,4.0,8.0,3京都11,3歳未勝利,5.0,12.0,1阪神7,3歳未勝利,11.0,15.0,1阪神4,3歳未勝利,29.5,9.0,2026-08-15 00:13:30,jra,2026-08-15,51.36,54.5,52.8,59.3,26.0,62.1,45.0,履歴少 / 市場オッズ妙味
202601010710,2026-08-15,10,ストレイトアスク,14.0,7.0,北村友,56.0,,1.0,4.0,1函館7,3歳以上1勝クラス,4.0,7.0,1函館6,3歳以上1勝クラス,14.0,6.0,1新潟2,4歳以上1勝クラス,7.0,9.0,5中京4,3歳以上1勝クラス,15.0,5.0,4新潟3,3歳以上1勝クラス,9.2,3.0,2026-08-15 00:55:15,jra,2026-08-15,57.38,56.9,45.4,55.3,100.0,52.9,45.0,履歴少 / 近走上向き
202601010710,2026-08-15,10,スムースベルベット,5.0,3.0,黛,56.0,,8.0,10.0,1函館3,STV杯(2勝クラス),8.0,11.0,2東京4,4歳以上2勝クラス,7.0,5.0,3中山7,袖ケ浦特別(2勝クラス),8.0,8.0,2中山4,4歳以上2勝クラス,7.0,5.0,1小倉8,大濠特別(2勝クラス),16.9,9.0,2026-08-15 00:55:15,jra,2026-08-15,45.45,46.4,55.3,0.0,47.0,64.6,45.0,履歴少 / 市場オッズ妙味
202601010710,2026-08-15,10,セイプリーズ,2.0,1.0,古川吉,56.0,,8.0,12.0,1函館8,立待岬特別(2勝クラス),1.0,2.0,1新潟8,4歳以上1勝クラス,4.0,2.0,1福島5,4歳以上1勝クラス,3.0,3.0,1福島1,4歳以上1勝クラス,8.0,4.0,1小倉10,4歳以上1勝クラス,12.8,6.0,2026-08-15 00:55:15,jra,2026-08-15,55.9,70.1,54.6,59.3,26.0,60.2,45.0,履歴少 / 市場オッズ妙味
202607020710,2026-08-15,10,タイセイサーブル,1.0,1.0,西村淳,55.0,,13.0,12.0,1新潟1,わらび賞(1勝クラス),1.0,1.0,2阪神4,3歳未勝利,3.0,8.0,1阪神6,3歳未勝利,6.0,6.0,1阪神1,3歳新馬,,,,,21.4,9.0,2026-08-15 00:26:25,jra,2026-08-15,47.56,57.4,55.3,44.7,0.0,59.5,45.0,履歴少 / 市場オッズ妙味
202604020710,2026-08-15,10,ダノンオンザビート,10.0,6.0,三浦,57.0,,15.0,2.0,1東京6,3歳未勝利,,,,,,,,,,,,,,,,,6.5,2.0,2026-08-15 00:13:30,jra,2026-08-15,32.5,29.6,29.6,29.6,40.6,29.6,45.0,履歴少 / サンプル少
202604020710,2026-08-15,10,ナツミカンチャン,14.0,8.0,▲上里,52.0,,13.0,6.0,2新潟1,3歳未勝利,9.0,7.0,2福島1,3歳未勝利,,,,,,,,,,,,,46.3,11.0,2026-08-15 00:13:30,jra,2026-08-15,31.29,28.1,27.2,18.0,32.3,45.3,45.0,履歴少 / サンプル少 / 市場オッズ妙味
202607020710,2026-08-15,10,ナムラティアラ,7.0,4.0,松若,53.0,,4.0,11.0,2中京1,3歳以上1勝クラス,7.0,10.0,3京都2,3歳1勝クラス,11.0,15.0,2阪神8,3歳1勝クラス,1.0,1.0,金沢,能登千里浜賞(未勝利)(3歳),13.0,6.0,5阪神3,2歳未勝利,32.7,13.0,2026-08-15 00:26:25,jra,2026-08-15,56.04,47.0,70.6,37.0,74.0,58.1,45.0,履歴少 / 人気以上に走る傾向 / 近走上向き
202604020710,2026-08-15,10,ニシノロッドマン,11.0,6.0,野中,57.0,,5.0,10.0,3東京4,3歳未勝利,6.0,9.0,1新潟8,3歳未勝利,7.0,4.0,1中山3,3歳未勝利,4.0,9.0,1中山1,3歳未勝利,13.0,11.0,5東京2,2歳未勝利,22.7,8.0,2026-08-15 00:13:30,jra,2026-08-15,58.07,57.4,65.4,45.0,65.0,61.5,45.0,履歴少 / 人気以上に走る傾向 / 近走上向き / 市場オッズ妙味
202601010710,2026-08-15,10,ハリウッドメモリー,12.0,6.0,横山和,56.0,,4.0,3.0,1函館8,立待岬特別(2勝クラス),10.0,2.0,1函館2,函館日刊スポーツ杯(2勝クラス),5.0,1.0,1小倉8,大濠特別(2勝クラス),2.0,6.0,1小倉4,周防灘特別(2勝クラス),10.0,3.0,4京都7,3歳以上2勝クラス,2.8,1.0,2026-08-15 00:55:15,jra,2026-08-15,49.74,59.8,27.4,64.7,66.5,44.0,45.0,履歴少 / 近走上向き / 安定感
202607020710,2026-08-15,10,バルミラクル,6.0,3.0,鮫島良,58.0,,11.0,6.0,2阪神2,4歳以上1勝クラス,8.0,11.0,1阪神7,4歳以上1勝クラス,4.0,7.0,1阪神1,4歳以上1勝クラス,12.0,4.0,5中京4,3歳以上1勝クラス,4.0,10.0,4京都8,3歳以上1勝クラス,3.1,1.0,2026-08-15 00:26:25,jra,2026-08-15,41.26,41.7,44.9,30.1,26.0,54.2,45.0,履歴少
202604020710,2026-08-15,10,パワポケグッド,7.0,4.0,▲佐藤,54.0,,6.0,12.0,2新潟3,3歳未勝利,6.0,13.0,2福島8,3歳未勝利,8.0,10.0,2福島3,3歳未勝利,8.0,12.0,2東京3,3歳未勝利,8.0,12.0,3中山8,3歳未勝利,206.7,15.0,2026-08-15 00:13:30,jra,2026-08-15,56.29,52.9,84.7,0.0,59.0,68.5,45.0,履歴少 / 人気以上に走る傾向 / 過小評価傾向
202601010710,2026-08-15,10,ブライティアダイヤ,6.0,3.0,横山琉,56.0,,11.0,16.0,1福島1,花見山特別(2勝クラス),9.0,9.0,5阪神4,甲東特別(2勝クラス),11.0,13.0,4京都7,3歳以上2勝クラス,9.0,8.0,2札幌5,札幌スポニチ賞(2勝クラス),1.0,6.0,1函館10,3歳以上1勝クラス,57.3,15.0,2026-08-15 00:55:15,jra,2026-08-15,43.24,34.6,66.0,10.3,29.0,60.6,45.0,履歴少 / 人気以上に走る傾向
202601010710,2026-08-15,10,ブルボンクイーン,4.0,2.0,松本,56.0,,13.0,13.0,2小倉5,耶馬渓特別(2勝クラス),11.0,9.0,1新潟7,大日岳特別(2勝クラス),3.0,10.0,3京都4,御池特別(2勝クラス),10.0,5.0,2阪神6,4歳以上2勝クラス,6.0,7.0,2阪神1,ラジオ関西賞仲春特別(2勝クラス),22.7,10.0,2026-08-15 00:55:15,jra,2026-08-15,38.58,33.1,51.8,19.8,17.0,56.9,45.0,履歴少 / 市場オッズ妙味
202604020710,2026-08-15,10,ブルーリファール,2.0,2.0,石橋脩,57.0,,5.0,7.0,2新潟2,3歳未勝利,11.0,11.0,3東京1,3歳未勝利,5.0,9.0,2東京9,3歳未勝利,5.0,8.0,2東京3,3歳未勝利,11.0,7.0,1福島3,3歳未勝利,103.3,14.0,2026-08-15 00:13:30,jra,2026-08-15,57.07,51.1,60.0,64.7,68.0,56.8,45.0,履歴少 / 近走上向き / 安定感
202601010710,2026-08-15,10,ベニシア,9.0,5.0,原田和,56.0,,7.0,12.0,1札幌4,3歳以上2勝クラス,11.0,10.0,大井,’26メトロポリタン(A2B1),14.0,15.0,3中山5,4歳以上2勝クラス,1.0,14.0,1小倉10,4歳以上1勝クラス,7.0,11.0,5中山1,3歳以上1勝クラス,24.6,11.0,2026-08-15 00:55:15,jra,2026-08-15,52.38,38.7,77.2,14.6,57.5,70.6,45.0,履歴少 / 人気以上に走る傾向 / 過小評価傾向 / 市場オッズ妙味
202601010710,2026-08-15,10,ベビーズブレス,13.0,7.0,荻野琢,56.0,,10.0,8.0,1札幌4,苫小牧特別(2勝クラス),6.0,5.0,1函館8,立待岬特別(2勝クラス),5.0,7.0,1函館2,函館日刊スポーツ杯(2勝クラス),14.0,11.0,1阪神7,讃岐特別(2勝クラス),16.0,9.0,1小倉8,大濠特別(2勝クラス),38.7,13.0,2026-08-15 00:55:15,jra,2026-08-15,39.14,36.9,38.6,19.8,51.5,46.4,45.0,履歴少
202604020710,2026-08-15,10,マイネルシュラハト,3.0,2.0,柴田大,57.0,,6.0,8.0,3東京6,3歳未勝利,10.0,13.0,3東京1,3歳未勝利,12.0,8.0,2中山1,3歳未勝利,5.0,8.0,2京都2,3歳未勝利,7.0,15.0,1京都2,3歳未勝利,15.8,6.0,2026-08-15 00:13:30,jra,2026-08-15,50.87,42.9,62.8,14.6,65.0,69.5,45.0,履歴少 / 近走上向き / 過小評価傾向 / 市場オッズ妙味
202604020710,2026-08-15,10,マーチンゲール,9.0,5.0,川田,57.0,,2.0,3.0,2中京2,3歳未勝利,5.0,3.0,2小倉3,3歳未勝利,6.0,2.0,1小倉12,3歳未勝利,3.0,1.0,2京都6,3歳未勝利,4.0,4.0,4京都7,2歳新馬,2.4,1.0,2026-08-15 00:13:30,jra,2026-08-15,60.19,76.9,41.1,80.2,65.0,49.2,45.0,履歴少 / 近走上向き / 安定感
202601010710,2026-08-15,10,ミニョンマルーン,15.0,8.0,石川倭,56.0,,12.0,10.0,1函館8,立待岬特別(2勝クラス),6.0,6.0,1函館2,函館日刊スポーツ杯(2勝クラス),10.0,3.0,1福島2,喜多方特別(2勝クラス),9.0,7.0,1小倉4,周防灘特別(2勝クラス),8.0,4.0,5中山7,ベストウィッシュC(2勝クラス),10.3,4.0,2026-08-15 00:55:15,jra,2026-08-15,31.8,33.9,31.1,0.0,27.5,50.2,45.0,履歴少
202607020710,2026-08-15,10,ミルミナーヴァ,9.0,5.0,◇永島,54.0,,15.0,3.0,1新潟3,4歳以上1勝クラス,3.0,1.0,1福島4,4歳以上1勝クラス,3.0,6.0,2阪神1,4歳以上1勝クラス,9.0,1.0,1阪神4,4歳以上1勝クラス,,7.0,1京都3,4歳以上1勝クラス,26.6,12.0,2026-08-15 00:26:25,jra,2026-08-15,31.71,47.7,13.1,44.7,0.0,38.1,45.0,履歴少
202601010710,2026-08-15,10,ムチャスグラシアス,3.0,2.0,佐々木,56.0,,8.0,9.0,1函館11,潮騒特別(2勝クラス),6.0,14.0,1函館9,HTB杯(2勝クラス),16.0,13.0,1函館2,函館日刊スポーツ杯(2勝クラス),12.0,10.0,1福島1,花見山特別(2勝クラス),13.0,12.0,5中山7,ベストウィッシュC(2勝クラス),46.0,14.0,2026-08-15 00:55:15,jra,2026-08-15,43.7,30.5,59.2,0.0,72.5,55.5,45.0,履歴少 / 近走上向き
202601010710,2026-08-15,10,メイショウミリオレ,10.0,5.0,池添,56.0,,9.0,10.0,2小倉1,宗像特別(2勝クラス),6.0,4.0,3阪神4,武庫川特別(2勝クラス),12.0,7.0,1新潟7,大日岳特別(2勝クラス),5.0,5.0,3京都4,御池特別(2勝クラス),4.0,8.0,1中京5,フィリピンT(2勝クラス),16.7,8.0,2026-08-15 00:55:15,jra,2026-08-15,44.25,46.0,44.6,24.9,36.5,62.7,45.0,履歴少 / 市場オッズ妙味
202601010710,2026-08-15,10,モズトキキ,7.0,4.0,菊沢,56.0,,9.0,12.0,2東京9,高尾特別(2勝クラス),10.0,8.0,1福島5,医王寺特別(2勝クラス),12.0,9.0,1阪神7,讃岐特別(2勝クラス),10.0,12.0,1京都3,鹿ケ谷特別(2勝クラス),4.0,13.0,5阪神5,3歳以上2勝クラス,12.0,5.0,2026-08-15 00:55:15,jra,2026-08-15,43.82,32.2,57.3,10.3,50.0,66.4,45.0,履歴少 / 過小評価傾向 / 市場オッズ妙味
202607020710,2026-08-15,10,ラブミーナッソー,4.0,2.0,▲森田,53.0,,5.0,2.0,園田,JRA交流由良川特別,7.0,10.0,5中京3,3歳以上1勝クラス,10.0,8.0,2札幌6,3歳以上1勝クラス,5.0,6.0,2札幌2,3歳以上1勝クラス,11.0,3.0,1札幌5,3歳以上1勝クラス,24.8,10.0,2026-08-15 00:26:25,jra,2026-08-15,46.22,42.5,44.0,32.2,69.5,50.5,45.0,履歴少 / 近走上向き / 市場オッズ妙味
202607020710,2026-08-15,10,ララバッカナール,16.0,8.0,☆田山,55.0,,10.0,1.0,3京都10,4歳以上1勝クラス,2.0,1.0,3京都5,4歳以上1勝クラス,2.0,2.0,1中京2,4歳以上1勝クラス,5.0,4.0,2京都5,4歳以上1勝クラス,6.0,2.0,5阪神5,3歳以上1勝クラス,6.7,2.0,2026-08-15 00:26:25,jra,2026-08-15,44.33,65.7,25.2,59.3,12.5,48.3,45.0,履歴少
202604020710,2026-08-15,10,レジェルテ,12.0,7.0,戸崎圭,57.0,,3.0,2.0,佐賀,JRA交流サマーカッ(3歳),9.0,8.0,3阪神3,3歳未勝利,6.0,6.0,1新潟2,3歳未勝利,5.0,8.0,1福島1,3歳未勝利,3.0,5.0,1中京3,3歳未勝利,10.2,5.0,2026-08-15 00:13:30,jra,2026-08-15,52.46,50.9,51.8,38.6,66.5,61.8,45.0,履歴少 / 近走上向き
202607020710,2026-08-15,10,レーヴドアンジュ,5.0,3.0,△柴田裕,54.0,,2.0,4.0,名古屋,名古屋CCネプチュー(A),9.0,9.0,2阪神6,4歳以上1勝クラス,10.0,13.0,1中京6,4歳以上1勝クラス,15.0,17.0,1小倉7,4歳以上1勝クラス,12.0,12.0,5中京2,3歳以上1勝クラス,112.4,16.0,2026-08-15 00:26:25,jra,2026-08-15,48.15,28.3,58.1,13.7,100.0,58.1,45.0,履歴少 / 近走上向き
202601010711,2026-08-15,11,アイウィル,11.0,7.0,北村友,56.0,,3.0,6.0,1札幌4,ポプラS(3勝クラス),4.0,10.0,2福島2,鶴ヶ城S(3勝クラス),5.0,9.0,1小倉9,小倉城S(3勝クラス),8.0,8.0,1小倉5,豊前S(3勝クラス),1.0,5.0,1小倉2,響灘特別(2勝クラス),5.2,1.0,2026-08-15 00:31:10,jra,2026-08-15,70.33,74.7,75.3,85.4,59.0,68.1,45.0,履歴少 / 人気以上に走る傾向 / 安定感 / 過小評価傾向
202601010711,2026-08-15,11,アスクケンタッキー,12.0,7.0,小沢,53.0,,12.0,3.0,1札幌1,TVh賞(3勝クラス),1.0,2.0,1函館9,HTB杯(2勝クラス),1.0,7.0,3京都5,3歳1勝クラス,11.0,8.0,1阪神2,3歳1勝クラス,7.0,5.0,2京都3,3歳1勝クラス,14.7,9.0,2026-08-15 00:31:10,jra,2026-08-15,43.67,56.6,36.4,44.7,8.0,59.0,45.0,履歴少 / 市場オッズ妙味
202604020711,2026-08-15,11,アルティーノ,5.0,3.0,川須,57.0,,11.0,10.0,川崎,ジューンフラワー賞(3歳),12.0,9.0,2中山7,3歳未勝利,5.0,6.0,1阪神4,3歳1勝クラス,13.0,17.0,5中山1,2歳新馬,,,,,78.5,18.0,2026-08-15 00:42:45,jra,2026-08-15,37.73,22.0,49.2,19.8,44.0,54.3,45.0,履歴少
202607020711,2026-08-15,11,イージーライダー,4.0,3.0,コレット,55.0,,18.0,7.0,2東京3,3歳1勝クラス,8.0,9.0,1東京6,共同通信杯(GIII),1.0,1.0,5中京3,2歳未勝利,3.0,3.0,4京都7,2歳未勝利,2.0,4.0,3京都6,2歳未勝利,4.9,2.0,2026-08-15 00:55:40,jra,2026-08-15,38.93,52.5,29.8,44.7,0.0,51.6,45.0,履歴少
202604020711,2026-08-15,11,エレクトロン,13.0,7.0,江田照,57.0,,9.0,18.0,2東京11,3歳未勝利,15.0,17.0,1中京3,3歳未勝利,12.0,12.0,5中山5,ひいらぎ賞(1勝クラス),8.0,12.0,5東京8,2歳未勝利,14.0,10.0,3福島6,2歳未勝利,25.7,11.0,2026-08-15 00:42:45,jra,2026-08-15,44.97,19.7,73.8,0.0,69.5,63.4,45.0,履歴少 / 人気以上に走る傾向 / 近走上向き / 市場オッズ妙味
202604020711,2026-08-15,11,カゼノオモイデ,17.0,8.0,丸山,55.0,,16.0,14.0,3東京2,3歳未勝利,14.0,14.0,1福島1,3歳未勝利,,,,,,,,,,,,,26.0,12.0,2026-08-15 00:42:45,jra,2026-08-15,33.1,18.0,41.3,18.0,38.9,48.8,45.0,履歴少 / サンプル少
202601010711,2026-08-15,11,キャットテイル,3.0,3.0,横山武,53.0,,1.0,3.0,1札幌3,大倉山特別(2勝クラス),1.0,4.0,1函館6,3歳以上1勝クラス,6.0,6.0,1新潟8,4歳以上1勝クラス,8.0,2.0,2東京1,4歳以上1勝クラス,3.0,2.0,1福島2,4歳以上1勝クラス,13.2,8.0,2026-08-15 00:31:10,jra,2026-08-15,65.22,82.3,52.6,65.7,71.0,61.8,45.0,履歴少 / 近走上向き / 安定感 / 市場オッズ妙味
202601010711,2026-08-15,11,キュールエフウジン,9.0,6.0,斎藤,53.0,,8.0,10.0,1札幌4,ポプラS(3勝クラス),15.0,16.0,3阪神6,姫路S(3勝クラス),12.0,13.0,2阪神6,梅田S(3勝クラス),13.0,15.0,1中京6,伊勢S(3勝クラス),14.0,12.0,5阪神4,竹田城S(3勝クラス),47.8,14.0,2026-08-15 00:31:10,jra,2026-08-15,40.8,16.3,58.0,0.0,83.0,56.1,45.0,履歴少 / 近走上向き
202607020711,2026-08-15,11,ギザキズラヴ,12.0,7.0,藤懸,56.0,,12.0,15.0,2小倉6,3歳以上1勝クラス,7.0,10.0,2小倉3,小郡特別(1勝クラス),9.0,8.0,3京都3,4歳以上1勝クラス,14.0,9.0,3京都2,4歳以上1勝クラス,9.0,7.0,2京都6,4歳以上1勝クラス,26.4,11.0,2026-08-15 00:55:40,jra,2026-08-15,37.51,27.4,53.7,0.0,36.5,55.0,48.6,前走人気以上 / 市場オッズ妙味
202601010711,2026-08-15,11,ゲキザル,5.0,4.0,小林脩,55.0,,4.0,9.0,2福島6,天の川S(3勝クラス),8.0,8.0,2福島3,TUF杯(3勝クラス),9.0,12.0,3京都4,東大路S(3勝クラス),14.0,8.0,2中山1,春風S(3勝クラス),8.0,3.0,1中山5,初春S(3勝クラス),7.6,3.0,2026-08-15 00:31:10,jra,2026-08-15,52.24,45.7,55.0,30.4,84.5,56.7,45.0,履歴少 / 近走上向き
202604020711,2026-08-15,11,コンフィアンサ,2.0,1.0,津村,55.0,,6.0,1.0,1新潟5,3歳未勝利,2.0,2.0,1新潟4,3歳未勝利,2.0,1.0,1福島4,3歳未勝利,4.0,6.0,1小倉8,3歳未勝利,3.0,10.0,1小倉3,3歳未勝利,12.9,7.0,2026-08-15 00:42:45,jra,2026-08-15,58.28,79.1,45.1,69.6,30.5,62.8,45.0,履歴少 / 安定感 / 市場オッズ妙味
202607020711,2026-08-15,11,サリーチェ,9.0,5.0,国分優,56.0,,7.0,7.0,3阪神6,3歳以上1勝クラス,16.0,6.0,1京都8,4歳以上1勝クラス,9.0,9.0,1京都2,4歳以上1勝クラス,7.0,7.0,5中京2,栄特別(1勝クラス),11.0,8.0,2札幌5,富良野特別(1勝クラス),14.6,5.0,2026-08-15 00:55:40,jra,2026-08-15,37.03,32.6,30.4,0.0,72.5,53.0,45.0,履歴少 / 近走上向き / 市場オッズ妙味
202604020711,2026-08-15,11,シャルマンナナ,11.0,6.0,木幡巧,55.0,,4.0,7.0,1小倉4,3歳新馬,,,,,,,,,,,,,,,,,8.4,5.0,2026-08-15 00:42:45,jra,2026-08-15,43.46,46.4,45.3,36.3,40.6,42.0,45.0,履歴少 / サンプル少
202604020711,2026-08-15,11,ジーティーソレイユ,1.0,1.0,丸田,55.0,,8.0,10.0,2福島4,3歳未勝利,14.0,4.0,1福島2,3歳未勝利,6.0,6.0,1中山5,3歳未勝利,6.0,7.0,5東京4,2歳未勝利,10.0,10.0,4中山8,2歳未勝利,12.5,6.0,2026-08-15 00:42:45,jra,2026-08-15,38.49,36.9,37.8,0.0,56.0,56.2,45.0,履歴少 / 市場オッズ妙味
202604020711,2026-08-15,11,スタンダールロマン,7.0,4.0,松岡,55.0,,12.0,10.0,1函館1,3歳未勝利,13.0,8.0,2中山5,3歳未勝利,7.0,9.0,5東京3,2歳新馬,,,,,,,,,56.7,16.0,2026-08-15 00:42:45,jra,2026-08-15,30.09,19.9,36.4,0.0,38.0,48.1,45.0,履歴少
202601010711,2026-08-15,11,スマートカイロス,14.0,8.0,古川奈,55.0,,7.0,5.0,1札幌4,ポプラS(3勝クラス),1.0,6.0,2阪神6,川西特別(2勝クラス),10.0,4.0,1京都7,大津特別(2勝クラス),6.0,4.0,1中山3,4歳以上2勝クラス,5.0,6.0,5阪神6,3歳以上2勝クラス,15.2,11.0,2026-08-15 00:31:10,jra,2026-08-15,50.34,62.0,44.9,35.3,41.0,61.1,45.0,履歴少 / 市場オッズ妙味
202607020711,2026-08-15,11,スマートティアナ,1.0,1.0,岩田望,53.0,,1.0,3.0,3阪神6,3歳未勝利,6.0,2.0,1阪神5,3歳未勝利,2.0,3.0,2京都4,3歳新馬,,,,,,,,,6.3,3.0,2026-08-15 00:55:40,jra,2026-08-15,61.89,84.6,48.2,50.2,68.0,56.8,45.0,履歴少 / 近走上向き
202604020711,2026-08-15,11,スーホ,4.0,2.0,石橋脩,57.0,,10.0,5.0,2福島2,3歳未勝利,9.0,9.0,1東京5,3歳未勝利,7.0,2.0,4東京4,2歳新馬,,,,,,,,,14.5,8.0,2026-08-15 00:42:45,jra,2026-08-15,33.17,37.0,26.6,0.0,38.0,52.6,45.0,履歴少 / 市場オッズ妙味
202601010711,2026-08-15,11,セボンサデッセ,7.0,5.0,菱田,56.0,,1.0,2.0,1札幌1,桑園特別(2勝クラス),2.0,4.0,1函館7,竜飛崎特別(2勝クラス),2.0,1.0,1福島6,尾瀬特別(2勝クラス),1.0,1.0,1小倉12,4歳以上1勝クラス,4.0,1.0,1京都5,4歳以上1勝クラス,5.3,2.0,2026-08-15 00:31:10,jra,2026-08-15,70.1,93.9,52.1,100.0,57.5,56.4,45.0,履歴少 / 安定感
202604020711,2026-08-15,11,ソレム,10.0,5.0,△石神道,53.0,,2.0,14.0,2新潟1,3歳未勝利,17.0,12.0,2東京10,3歳未勝利,,,,,,,,,,,,,6.9,3.0,2026-08-15 00:42:45,jra,2026-08-15,53.8,45.8,62.2,34.7,73.0,61.6,45.0,履歴少 / サンプル少 / 近走上向き
202604020711,2026-08-15,11,ダイユウヴェンティ,9.0,5.0,▲石田,52.0,,15.0,11.0,3東京1,3歳未勝利,12.0,8.0,2東京7,3歳未勝利,9.0,7.0,1新潟2,3歳未勝利,5.0,11.0,3中山5,3歳未勝利,12.0,9.0,1中京1,3歳未勝利,28.7,14.0,2026-08-15 00:42:45,jra,2026-08-15,29.67,21.3,35.7,14.6,17.0,49.0,45.0,履歴少
202607020711,2026-08-15,11,テレプシコーラ,14.0,8.0,中井,56.0,,13.0,13.0,3阪神3,3歳以上1勝クラス,6.0,10.0,3京都11,4歳以上1勝クラス,7.0,6.0,3京都4,4歳以上1勝クラス,14.0,8.0,1京都4,4歳以上1勝クラス,6.0,8.0,5中京3,3歳以上1勝クラス,33.8,14.0,2026-08-15 00:55:40,jra,2026-08-15,35.84,32.6,50.9,0.0,21.5,52.9,45.0,履歴少
202601010711,2026-08-15,11,トルショー,8.0,5.0,黛,54.0,,14.0,8.0,3東京3,夏至S(3勝クラス),1.0,7.0,2東京8,青梅特別(2勝クラス),5.0,11.0,1福島6,尾瀬特別(2勝クラス),8.0,13.0,2中山4,4歳以上2勝クラス,11.0,11.0,2中山1,4歳以上2勝クラス,12.3,6.0,2026-08-15 00:31:10,jra,2026-08-15,47.56,46.8,61.1,44.7,3.5,67.8,45.0,履歴少 / 過小評価傾向 / 市場オッズ妙味
202601010711,2026-08-15,11,ノーブルスカイ,4.0,3.0,吉田隼,54.0,,11.0,13.0,1函館9,五稜郭S(3勝クラス),15.0,10.0,2東京6,立夏S(3勝クラス),12.0,4.0,1阪神4,伊丹S(3勝クラス),5.0,6.0,1小倉5,豊前S(3勝クラス),5.0,12.0,5阪神2,元町S(3勝クラス),15.5,12.0,2026-08-15 00:31:10,jra,2026-08-15,36.27,25.4,40.6,24.9,39.5,51.4,45.0,履歴少
202607020711,2026-08-15,11,ハレアカラフラ,8.0,5.0,松若,56.0,,3.0,8.0,2小倉5,3歳以上1勝クラス,4.0,6.0,2小倉4,青島特別(1勝クラス),16.0,12.0,1福島5,4歳以上1勝クラス,11.0,8.0,1小倉9,4歳以上1勝クラス,3.0,8.0,1小倉7,4歳以上1勝クラス,19.2,9.0,2026-08-15 00:55:40,jra,2026-08-15,61.65,56.1,59.1,65.7,83.0,67.2,45.0,履歴少 / 近走上向き / 安定感 / 過小評価傾向
202607020711,2026-08-15,11,フェルシナ,10.0,6.0,☆田山,55.0,,13.0,10.0,2東京9,4歳以上1勝クラス,7.0,7.0,1中京6,4歳以上1勝クラス,11.0,3.0,1中京1,4歳以上1勝クラス,2.0,4.0,5中京6,3歳以上1勝クラス,3.0,7.0,5中京1,3歳以上1勝クラス,17.2,8.0,2026-08-15 00:55:40,jra,2026-08-15,37.04,40.2,37.5,24.9,6.5,60.8,45.0,履歴少 / 市場オッズ妙味
202607020711,2026-08-15,11,プチプランス,3.0,2.0,吉村,58.0,,10.0,4.0,5中京6,3歳以上1勝クラス,10.0,4.0,4京都8,3歳以上1勝クラス,10.0,3.0,3京都8,3歳以上1勝クラス,6.0,6.0,4東京5,3歳以上1勝クラス,4.0,5.0,3東京2,3歳以上1勝クラス,26.4,10.0,2026-08-15 00:55:40,jra,2026-08-15,30.99,37.6,17.8,10.3,35.0,44.6,45.0,履歴少 / 市場オッズ妙味
202601010711,2026-08-15,11,プロミシングスター,1.0,1.0,横山琉,54.0,,3.0,11.0,2小倉8,宮崎S(3勝クラス),10.0,10.0,2小倉1,薩摩S(3勝クラス),13.0,8.0,3阪神4,リボン賞(3勝クラス),9.0,8.0,3京都1,観月橋S(3勝クラス),11.0,2.0,5阪神6,御影S(3勝クラス),11.3,5.0,2026-08-15 00:31:10,jra,2026-08-15,51.53,40.6,52.6,30.4,96.5,55.8,45.0,履歴少 / 近走上向き
202607020711,2026-08-15,11,ペプチドブッドレア,13.0,7.0,団野,53.0,,4.0,6.0,2中京2,3歳以上1勝クラス,1.0,4.0,3京都8,3歳未勝利,3.0,5.0,3京都3,3歳未勝利,15.0,4.0,1小倉12,3歳未勝利,5.0,4.0,2京都3,3歳未勝利,3.7,1.0,2026-08-15 00:55:40,jra,2026-08-15,61.65,71.6,50.3,85.4,62.0,52.3,45.0,履歴少 / 安定感
202607020711,2026-08-15,11,マイリトルヒーロー,11.0,6.0,幸,55.0,,3.0,8.0,3京都5,3歳1勝クラス,7.0,5.0,2阪神8,3歳1勝クラス,,8.0,5東京8,ベゴニア賞(1勝クラス),1.0,2.0,3京都9,2歳未勝利,3.0,2.0,4中京1,2歳新馬,7.4,4.0,2026-08-15 00:55:40,jra,2026-08-15,61.93,77.0,59.3,55.3,54.0,61.0,45.0,履歴少
202607020711,2026-08-15,11,マルモア,6.0,4.0,角田和,56.0,,8.0,16.0,2中京2,3歳以上1勝クラス,12.0,12.0,1小倉9,4歳以上1勝クラス,14.0,11.0,5中京1,3歳以上1勝クラス,15.0,11.0,4中京4,3歳以上1勝クラス,6.0,7.0,2小倉4,3歳以上1勝クラス,28.0,12.0,2026-08-15 00:55:40,jra,2026-08-15,41.47,22.6,59.5,0.0,72.5,54.8,45.0,履歴少 / 近走上向き
202601010711,2026-08-15,11,マンオブザマッチ,2.0,2.0,舟山,56.0,,8.0,7.0,3京都11,桃山S(3勝クラス),1.0,3.0,1新潟4,五泉特別(2勝クラス),1.0,2.0,1小倉10,4歳以上1勝クラス,2.0,6.0,5阪神5,3歳以上1勝クラス,6.0,7.0,5中京2,3歳以上1勝クラス,10.6,4.0,2026-08-15 00:31:10,jra,2026-08-15,58.26,77.7,57.6,59.3,17.0,64.6,45.0,履歴少
202604020711,2026-08-15,11,ミヤカグラ,3.0,2.0,◇今村,53.0,,10.0,11.0,1新潟8,3歳未勝利,7.0,5.0,浦和,ツインホープ特別(3歳),6.0,14.0,5中山2,2歳新馬,,,,,,,,,25.3,10.0,2026-08-15 00:42:45,jra,2026-08-15,42.89,37.1,64.9,0.0,29.0,63.9,45.0,履歴少 / 市場オッズ妙味
202607020711,2026-08-15,11,ミラキュラスアース,2.0,2.0,西塚,53.0,,1.0,3.0,1新潟5,3歳未勝利,4.0,2.0,3京都3,3歳未勝利,4.0,3.0,2京都3,3歳未勝利,2.0,4.0,5阪神6,2歳新馬,,,,,17.2,7.0,2026-08-15 00:55:40,jra,2026-08-15,68.42,86.7,51.6,89.7,64.0,62.9,45.0,履歴少 / 安定感 / 市場オッズ妙味
202607020711,2026-08-15,11,メイショウビストロ,5.0,3.0,富田,58.0,,8.0,6.0,2中京3,3歳以上1勝クラス,3.0,7.0,3京都11,4歳以上1勝クラス,9.0,2.0,1新潟8,二王子特別(1勝クラス),2.0,4.0,1新潟1,4歳以上1勝クラス,3.0,6.0,1中京3,4歳以上1勝クラス,17.1,6.0,2026-08-15 00:55:40,jra,2026-08-15,51.6,63.5,47.3,49.8,27.5,62.1,45.0,履歴少 / 市場オッズ妙味
202604020711,2026-08-15,11,メインテーマ,15.0,7.0,▲佐藤,52.0,,,,2福島4,3歳未勝利,10.0,7.0,1福島6,3歳未勝利,9.0,8.0,1中山1,3歳未勝利,6.0,4.0,5中山5,2歳未勝利,8.0,10.0,5東京3,2歳新馬,8.0,4.0,2026-08-15 00:42:45,jra,2026-08-15,37.14,39.4,39.6,0.0,36.0,55.6,45.0,履歴少
202604020711,2026-08-15,11,メーレスブリーゼ,8.0,4.0,武藤,55.0,,8.0,14.0,1新潟5,3歳未勝利,12.0,17.0,1小倉11,3歳未勝利,14.0,8.0,5東京7,2歳未勝利,5.0,10.0,5東京1,2歳新馬,,,,,34.0,15.0,2026-08-15 00:42:45,jra,2026-08-15,47.66,29.3,70.4,14.6,64.0,61.6,45.0,履歴少 / 人気以上に走る傾向
202601010711,2026-08-15,11,モズカトレア,10.0,6.0,小林美,52.0,,10.0,5.0,2小倉8,宮崎S(3勝クラス),14.0,2.0,1新潟1,三条S(3勝クラス),9.0,2.0,2京都1,舞鶴S(3勝クラス),1.0,1.0,1京都3,出町特別(2勝クラス),2.0,1.0,4京都2,3歳以上2勝クラス,14.9,10.0,2026-08-15 00:31:10,jra,2026-08-15,30.65,39.7,8.0,24.9,29.0,47.3,45.0,履歴少 / 市場オッズ妙味
202604020711,2026-08-15,11,ユアベストダンサー,14.0,7.0,▲上里,52.0,,14.0,15.0,1新潟5,3歳未勝利,,,,,,,,,,,,,,,,,71.6,17.0,2026-08-15 00:42:45,jra,2026-08-15,37.2,29.6,42.2,29.6,40.6,41.7,45.0,履歴少 / サンプル少
202604020711,2026-08-15,11,ラウンドヒル,18.0,8.0,三浦,55.0,,4.0,5.0,2福島7,3歳未勝利,3.0,8.0,2福島3,3歳未勝利,9.0,2.0,4中山7,2歳未勝利,5.0,16.0,3新潟3,2歳新馬,,,,,5.6,1.0,2026-08-15 00:42:45,jra,2026-08-15,63.64,68.1,63.8,69.9,60.0,65.5,45.0,履歴少 / 安定感 / 過小評価傾向
202607020711,2026-08-15,11,ラガークイン,15.0,8.0,田口,56.0,,15.0,13.0,2中京2,3歳以上1勝クラス,7.0,9.0,3京都1,4歳以上1勝クラス,5.0,8.0,2阪神7,4歳以上1勝クラス,8.0,11.0,1阪神1,4歳以上1勝クラス,7.0,8.0,5阪神1,3歳以上1勝クラス,46.1,15.0,2026-08-15 00:55:40,jra,2026-08-15,39.47,38.2,57.2,19.8,0.5,58.1,45.0,履歴少
202604020711,2026-08-15,11,リナシタ,12.0,6.0,石川,55.0,,7.0,9.0,2福島6,3歳未勝利,8.0,3.0,1新潟4,3歳未勝利,5.0,3.0,1福島2,3歳未勝利,10.0,7.0,1中山7,3歳未勝利,3.0,2.0,5中山2,2歳新馬,27.4,13.0,2026-08-15 00:42:45,jra,2026-08-15,44.61,53.0,39.0,30.1,47.0,47.7,45.0,履歴少
202604020711,2026-08-15,11,リュウセイコウテイ,6.0,3.0,原,57.0,,6.0,6.0,1新潟8,3歳未勝利,2.0,3.0,1新潟5,3歳未勝利,8.0,12.0,1小倉11,3歳未勝利,7.0,8.0,5中山8,2歳未勝利,14.0,6.0,4東京2,2歳未勝利,19.8,9.0,2026-08-15 00:42:45,jra,2026-08-15,52.22,57.4,52.5,24.9,60.5,62.7,45.0,履歴少 / 市場オッズ妙味
202604020711,2026-08-15,11,ルディドゥゲンジ,16.0,8.0,杉原,55.0,,3.0,13.0,2新潟1,3歳未勝利,7.0,16.0,1新潟4,3歳未勝利,11.0,11.0,4東京2,2歳未勝利,13.0,15.0,4中山9,2歳未勝利,11.0,16.0,2新潟5,2歳新馬,6.8,2.0,2026-08-15 00:42:45,jra,2026-08-15,64.92,45.1,92.6,30.4,95.0,75.1,45.0,履歴少 / 人気以上に走る傾向 / 近走上向き / 過小評価傾向
202607020711,2026-08-15,11,レインオンミー,7.0,4.0,▲森田,55.0,,5.0,10.0,2小倉5,3歳以上1勝クラス,4.0,6.0,2小倉1,3歳以上1勝クラス,16.0,11.0,3京都1,4歳以上1勝クラス,13.0,11.0,1小倉12,4歳以上1勝クラス,11.0,10.0,1小倉6,4歳以上1勝クラス,31.0,13.0,2026-08-15 00:55:40,jra,2026-08-15,53.76,42.3,54.4,55.3,86.0,52.9,45.0,履歴少 / 近走上向き
202601010711,2026-08-15,11,レーウィン,6.0,4.0,長浜,55.0,,10.0,12.0,3東京3,夏至S(3勝クラス),6.0,14.0,2東京1,鎌倉S(3勝クラス),8.0,6.0,2京都6,北山S(3勝クラス),9.0,5.0,1京都8,下鴨S(3勝クラス),3.0,12.0,4京都8,花園S(3勝クラス),24.1,13.0,2026-08-15 00:31:10,jra,2026-08-15,47.09,46.1,67.9,10.3,29.0,62.0,45.0,履歴少 / 人気以上に走る傾向
202601010711,2026-08-15,11,ロードブレイズ,13.0,8.0,横山和,55.0,,1.0,6.0,2東京6,日吉特別(2勝クラス),5.0,8.0,3中山8,利根川特別(2勝クラス),11.0,3.0,4中山3,松戸特別(2勝クラス),5.0,2.0,2東京11,4歳以上2勝クラス,2.0,5.0,3中山6,印西特別(2勝クラス),12.7,7.0,2026-08-15 00:31:10,jra,2026-08-15,64.81,70.7,53.9,80.2,78.5,60.8,45.0,履歴少 / 近走上向き / 安定感 / 市場オッズ妙味
202607020712,2026-08-15,12,アイアン,8.0,4.0,吉村,57.0,,7.0,5.0,2小倉8,3歳未勝利,8.0,8.0,3阪神6,3歳未勝利,,,,,,,,,,,,,20.0,8.0,2026-08-15 00:27:10,jra,2026-08-15,42.14,44.6,41.3,18.0,48.8,51.6,45.0,履歴少 / サンプル少 / 市場オッズ妙味
202604020712,2026-08-15,12,アドマイヤフク,10.0,5.0,木幡巧,55.0,,9.0,12.0,2福島3,3歳未勝利,12.0,7.0,2東京4,3歳未勝利,16.0,2.0,1東京2,3歳未勝利,3.0,5.0,4東京11,2歳新馬,,,,,19.7,8.0,2026-08-15 00:18:40,jra,2026-08-15,35.49,29.2,28.1,14.6,58.0,52.6,45.0,履歴少 / 市場オッズ妙味
202604020712,2026-08-15,12,アマンヘセル,15.0,7.0,田辺,55.0,,3.0,6.0,2福島8,3歳未勝利,13.0,5.0,1東京1,3歳新馬,,,,,,,,,,,,,5.2,1.0,2026-08-15 00:18:40,jra,2026-08-15,45.91,44.4,38.0,34.7,73.0,49.6,45.0,履歴少 / サンプル少 / 近走上向き
202601010712,2026-08-15,12,アーレムアレス,12.0,7.0,菱田,55.0,,4.0,1.0,1函館11,3歳以上1勝クラス,14.0,3.0,3京都5,京都新聞杯(GII),2.0,1.0,2阪神3,アザレア賞(1勝クラス),2.0,1.0,1阪神1,すみれS(L),4.0,6.0,5中山7,ホープフルS(GI),2.9,2.0,2026-08-15 00:10:55,jra,2026-08-15,50.1,62.6,23.5,75.1,59.0,45.4,45.0,履歴少 / 安定感
202604020712,2026-08-15,12,イノーマル,3.0,2.0,三浦,57.0,,,,,,,,,,,,,,,,,,,,,,10.8,6.0,2026-08-15 00:18:40,jra,2026-08-15,36.0,35.0,35.0,35.0,35.0,35.0,45.0,履歴少
202604020712,2026-08-15,12,エラガバリウム,17.0,8.0,丸山,57.0,,6.0,4.0,2新潟2,3歳未勝利,9.0,8.0,2東京11,3歳未勝利,,,,,,,,,,,,,12.0,7.0,2026-08-15 00:18:40,jra,2026-08-15,43.11,45.1,39.5,18.0,55.4,55.0,45.0,履歴少 / サンプル少 / 市場オッズ妙味
202601010712,2026-08-15,12,オブラプリーマ,10.0,6.0,北村友,53.0,,5.0,3.0,2福島7,開成山特別(1勝クラス),8.0,3.0,1福島3,ひめさゆり賞(1勝クラス),6.0,6.0,1東京4,ゆりかもめ賞(1勝クラス),3.0,7.0,5中山1,葉牡丹賞(1勝クラス),7.0,8.0,2札幌5,札幌2歳S(GIII),10.3,3.0,2026-08-15 00:10:55,jra,2026-08-15,51.98,61.1,41.8,45.0,56.0,58.6,45.0,履歴少
202604020712,2026-08-15,12,カドドゥディエ,4.0,2.0,▲上里,52.0,,9.0,7.0,3東京5,3歳未勝利,6.0,3.0,1福島3,3歳未勝利,3.0,8.0,3中山4,3歳未勝利,5.0,4.0,1中山9,3歳未勝利,4.0,13.0,1中山3,3歳未勝利,30.7,12.0,2026-08-15 00:18:40,jra,2026-08-15,50.41,60.3,52.9,44.7,23.0,58.7,45.0,履歴少
202604020712,2026-08-15,12,キコリータ,8.0,4.0,▲石田,52.0,,6.0,3.0,2新潟4,3歳未勝利,7.0,8.0,3東京3,3歳未勝利,5.0,7.0,1新潟8,3歳未勝利,4.0,3.0,1新潟2,3歳未勝利,8.0,10.0,1東京5,3歳未勝利,10.2,5.0,2026-08-15 00:18:40,jra,2026-08-15,51.62,60.3,48.6,34.3,50.0,60.5,45.0,履歴少
202604020712,2026-08-15,12,キリスパークル,14.0,7.0,石橋脩,55.0,,8.0,13.0,2新潟3,3歳未勝利,5.0,12.0,2福島8,3歳未勝利,9.0,14.0,2中山8,3歳未勝利,14.0,11.0,2中山2,3歳未勝利,12.0,16.0,1中山6,3歳未勝利,49.2,16.0,2026-08-15 00:18:40,jra,2026-08-15,53.99,38.7,79.6,24.9,62.0,65.2,45.0,履歴少 / 人気以上に走る傾向 / 過小評価傾向
202607020712,2026-08-15,12,クリノゴージャス,13.0,7.0,▲森田,52.0,,18.0,17.0,2小倉8,3歳未勝利,,,,,,,,,,,,,,,,,191.3,15.0,2026-08-15 00:27:10,jra,2026-08-15,36.15,29.6,39.1,29.6,40.6,39.5,45.0,履歴少 / サンプル少
202604020712,2026-08-15,12,コスモペンタス,12.0,6.0,柴田大,55.0,,5.0,4.0,盛岡,アンバー賞(3歳),8.0,12.0,2東京7,3歳未勝利,9.0,16.0,1新潟3,3歳未勝利,9.0,14.0,2京都6,3歳未勝利,13.0,11.0,1東京3,3歳未勝利,41.0,14.0,2026-08-15 00:18:40,jra,2026-08-15,50.13,33.0,69.4,13.7,78.5,62.0,45.0,履歴少 / 人気以上に走る傾向 / 近走上向き
202607020712,2026-08-15,12,ゴールドアーチ,15.0,8.0,岩田望,57.0,,6.0,2.0,3阪神6,3歳未勝利,4.0,5.0,3京都11,3歳未勝利,,,,,,,,,,,,,2.4,1.0,2026-08-15 00:27:10,jra,2026-08-15,44.41,55.0,38.8,31.7,38.9,48.1,45.0,履歴少 / サンプル少
202601010712,2026-08-15,12,サイモンイロハニー,11.0,7.0,小沢,56.0,,8.0,7.0,1札幌4,3歳以上1勝クラス,3.0,6.0,1函館7,3歳以上1勝クラス,7.0,8.0,1函館3,駒ケ岳特別(1勝クラス),13.0,16.0,1小倉6,4歳以上1勝クラス,10.0,11.0,1京都7,4歳以上1勝クラス,24.9,8.0,2026-08-15 00:10:55,jra,2026-08-15,49.63,48.1,58.3,24.9,51.5,60.9,45.0,履歴少 / 市場オッズ妙味
202604020712,2026-08-15,12,サマーナジュム,2.0,1.0,石川,57.0,,3.0,1.0,園田,JRA交流摩耶山特別,6.0,11.0,3阪神4,3歳未勝利,7.0,8.0,3京都8,3歳未勝利,5.0,8.0,1新潟2,3歳未勝利,13.0,12.0,1京都1,3歳未勝利,41.0,13.0,2026-08-15 00:18:40,jra,2026-08-15,54.32,50.4,60.0,32.2,78.5,57.4,45.0,履歴少 / 近走上向き
202607020712,2026-08-15,12,ザキノフレンズ,6.0,3.0,団野,57.0,,6.0,6.0,2中京4,3歳未勝利,13.0,4.0,3京都9,3歳未勝利,5.0,3.0,3京都6,3歳未勝利,2.0,1.0,2阪神6,3歳未勝利,2.0,4.0,1中京6,3歳未勝利,16.0,6.0,2026-08-15 00:27:10,jra,2026-08-15,46.48,55.6,32.0,44.7,47.0,55.3,45.0,履歴少 / 市場オッズ妙味
202601010712,2026-08-15,12,シャインバオバブ,14.0,8.0,池添,58.0,,9.0,12.0,1札幌4,3歳以上1勝クラス,9.0,9.0,1函館11,3歳以上1勝クラス,5.0,6.0,1函館3,駒ケ岳特別(1勝クラス),9.0,6.0,1函館1,奥尻特別(1勝クラス),4.0,8.0,1新潟8,二王子特別(1勝クラス),44.4,9.0,2026-08-15 00:10:55,jra,2026-08-15,47.66,46.5,57.6,30.1,36.5,59.5,45.0,履歴少 / 市場オッズ妙味
202601010712,2026-08-15,12,シャインフリーリー,13.0,8.0,黛,58.0,,9.0,13.0,1新潟3,粟島特別(1勝クラス),7.0,11.0,1福島6,4歳以上1勝クラス,13.0,13.0,1小倉12,唐戸特別(1勝クラス),9.0,8.0,1小倉8,4歳以上1勝クラス,4.0,10.0,1小倉4,足立山特別(1勝クラス),51.5,13.0,2026-08-15 00:10:55,jra,2026-08-15,46.97,37.8,68.8,10.3,45.5,62.0,45.0,履歴少 / 人気以上に走る傾向
202601010712,2026-08-15,12,ジャストビート,1.0,1.0,斎藤,53.0,,7.0,8.0,1札幌1,3歳以上1勝クラス,6.0,6.0,3京都1,あやめ賞(1勝クラス),6.0,5.0,2阪神1,君子蘭賞(1勝クラス),6.0,9.0,1京都9,河津桜賞(1勝クラス),7.0,9.0,5阪神3,エリカ賞(1勝クラス),20.2,6.0,2026-08-15 00:10:55,jra,2026-08-15,47.45,56.7,55.3,0.0,45.5,59.5,45.0,履歴少 / 市場オッズ妙味
202601010712,2026-08-15,12,ジーティートシオー,3.0,3.0,菊沢,58.0,,11.0,13.0,1札幌4,3歳以上1勝クラス,11.0,11.0,1函館11,3歳以上1勝クラス,10.0,5.0,3京都5,4歳以上1勝クラス,9.0,7.0,2阪神7,4歳以上1勝クラス,,,1阪神10,4歳以上1勝クラス,45.3,10.0,2026-08-15 00:10:55,jra,2026-08-15,34.66,24.4,44.8,0.0,44.0,52.2,45.0,履歴少 / 市場オッズ妙味
202604020712,2026-08-15,12,スノーエルヴァ,11.0,6.0,◇今村,53.0,,8.0,9.0,1札幌2,3歳未勝利,13.0,11.0,1福島3,3歳未勝利,12.0,7.0,1福島1,3歳未勝利,13.0,11.0,1東京8,3歳未勝利,10.0,5.0,5東京2,2歳未勝利,5.9,2.0,2026-08-15 00:18:40,jra,2026-08-15,34.57,20.2,36.1,0.0,74.0,49.1,45.0,履歴少 / 近走上向き
202604020712,2026-08-15,12,セキテイリノ,13.0,7.0,江田照,57.0,,4.0,4.0,2福島7,3歳未勝利,7.0,2.0,3東京5,3歳未勝利,6.0,1.0,5中山4,2歳未勝利,2.0,2.0,5東京6,2歳未勝利,2.0,4.0,4東京2,2歳未勝利,5.9,3.0,2026-08-15 00:18:40,jra,2026-08-15,53.08,70.8,35.8,55.3,51.5,52.4,45.0,履歴少
202604020712,2026-08-15,12,セレスティアハート,9.0,5.0,野中,55.0,,17.0,15.0,2新潟4,3歳未勝利,,,,,,,,,,,,,,,,,61.5,17.0,2026-08-15 00:18:40,jra,2026-08-15,35.63,29.6,37.6,29.6,40.6,38.4,45.0,履歴少 / サンプル少
202604020712,2026-08-15,12,ソニックブーム,1.0,1.0,戸崎圭,55.0,,6.0,6.0,2中京2,3歳未勝利,10.0,8.0,2小倉5,3歳未勝利,9.0,3.0,1新潟4,3歳未勝利,3.0,5.0,1福島3,3歳未勝利,5.0,14.0,1中京3,3歳未勝利,21.7,10.0,2026-08-15 00:18:40,jra,2026-08-15,47.86,51.6,46.8,24.9,54.5,58.2,45.0,履歴少 / 市場オッズ妙味
202601010712,2026-08-15,12,タケルフォーカス,5.0,4.0,古川吉,55.0,,3.0,3.0,1札幌4,3歳以上1勝クラス,1.0,2.0,1函館10,3歳未勝利,5.0,6.0,3阪神5,3歳未勝利,2.0,8.0,1新潟1,3歳未勝利,7.0,5.0,2京都6,3歳未勝利,14.2,5.0,2026-08-15 00:10:55,jra,2026-08-15,67.95,82.7,57.8,89.7,54.5,65.2,45.0,履歴少 / 安定感 / 過小評価傾向 / 市場オッズ妙味
202607020712,2026-08-15,12,タマモビスケット,1.0,1.0,△柴田裕,53.0,,10.0,8.0,2小倉4,3歳未勝利,7.0,9.0,3京都9,3歳未勝利,4.0,6.0,1中京3,3歳未勝利,3.0,8.0,1阪神1,3歳未勝利,4.0,11.0,2京都1,3歳未勝利,28.1,10.0,2026-08-15 00:27:10,jra,2026-08-15,51.83,56.6,62.2,44.7,17.0,65.4,45.0,履歴少 / 過小評価傾向 / 市場オッズ妙味
202607020712,2026-08-15,12,チェカ,12.0,6.0,西塚,55.0,,5.0,5.0,笠松,大井宿特別(3歳),15.0,9.0,3京都1,3歳未勝利,,,,,,,,,,,,,86.9,13.0,2026-08-15 00:27:10,jra,2026-08-15,39.71,29.9,35.1,27.7,73.0,45.2,45.0,履歴少 / サンプル少 / 近走上向き
202607020712,2026-08-15,12,チョウスター,7.0,4.0,幸,55.0,,3.0,11.0,2中京4,3歳未勝利,6.0,8.0,3阪神4,3歳未勝利,7.0,11.0,2阪神6,3歳未勝利,4.0,14.0,2阪神2,3歳未勝利,7.0,7.0,1中京1,3歳未勝利,11.3,5.0,2026-08-15 00:27:10,jra,2026-08-15,68.21,67.2,86.3,45.0,68.0,75.9,45.0,履歴少 / 人気以上に走る傾向 / 近走上向き / 過小評価傾向
202601010712,2026-08-15,12,テイクザクラウン,2.0,2.0,川又,58.0,,6.0,5.0,1札幌4,3歳以上1勝クラス,6.0,5.0,1函館11,3歳以上1勝クラス,5.0,8.0,3阪神5,3歳以上1勝クラス,2.0,5.0,1福島2,燧ヶ岳特別(1勝クラス),5.0,4.0,1阪神10,4歳以上1勝クラス,48.2,12.0,2026-08-15 00:10:55,jra,2026-08-15,53.95,67.1,52.6,44.7,41.0,55.5,45.0,履歴少
202604020712,2026-08-15,12,ナムラオリガミ,6.0,3.0,小崎,55.0,,11.0,5.0,1新潟8,3歳未勝利,2.0,5.0,1福島5,3歳未勝利,3.0,13.0,1小倉12,3歳未勝利,11.0,7.0,1小倉6,3歳未勝利,6.0,11.0,3京都8,2歳未勝利,8.7,4.0,2026-08-15 00:18:40,jra,2026-08-15,49.64,54.7,55.8,44.7,17.0,64.4,45.0,履歴少
202607020712,2026-08-15,12,ナムラロダン,5.0,3.0,☆田山,56.0,,2.0,1.0,2中京4,3歳未勝利,5.0,2.0,3阪神1,3歳未勝利,2.0,2.0,1新潟5,3歳未勝利,4.0,2.0,3京都1,3歳未勝利,3.0,1.0,2阪神1,3歳未勝利,5.0,2.0,2026-08-15 00:27:10,jra,2026-08-15,63.41,82.9,39.1,100.0,59.0,51.6,45.0,履歴少 / 安定感
202607020712,2026-08-15,12,ハッピーリオン,11.0,6.0,太宰,55.0,,15.0,10.0,2中京5,3歳未勝利,8.0,8.0,3京都11,3歳未勝利,6.0,8.0,2阪神3,3歳未勝利,10.0,14.0,1阪神7,3歳未勝利,,,,,21.1,9.0,2026-08-15 00:27:10,jra,2026-08-15,32.84,30.0,45.8,0.0,8.0,57.1,45.0,履歴少 / 市場オッズ妙味
202601010712,2026-08-15,12,バルドル,8.0,5.0,横山和,55.0,,3.0,7.0,1函館11,3歳以上1勝クラス,1.0,5.0,1福島3,3歳未勝利,4.0,10.0,1中京3,3歳未勝利,6.0,14.0,1中山3,3歳新馬,,,,,11.1,4.0,2026-08-15 00:10:55,jra,2026-08-15,74.66,82.8,85.6,75.1,54.0,78.1,45.0,履歴少 / 人気以上に走る傾向 / 安定感 / 過小評価傾向
202607020712,2026-08-15,12,ファーヴニル,14.0,7.0,筒井勇,55.0,,11.0,15.0,3阪神5,3歳未勝利,10.0,11.0,3京都2,3歳未勝利,13.0,18.0,1小倉2,3歳新馬,,,,,,,,,38.7,11.0,2026-08-15 00:27:10,jra,2026-08-15,42.91,18.4,72.9,0.0,53.0,67.1,45.0,履歴少 / 人気以上に走る傾向 / 過小評価傾向 / 市場オッズ妙味
202607020712,2026-08-15,12,フェイトブレイカー,4.0,2.0,秋山稔,57.0,,7.0,9.0,2中京5,3歳未勝利,14.0,11.0,3阪神1,3歳未勝利,,,,,,,,,,,,,124.8,14.0,2026-08-15 00:27:10,jra,2026-08-15,41.97,33.7,44.5,18.0,68.6,49.7,45.0,履歴少 / サンプル少 / 近走上向き
202604020712,2026-08-15,12,フォーエバーラブ,18.0,8.0,△石神道,55.0,,8.0,8.0,2新潟5,3歳未勝利,5.0,8.0,2新潟2,3歳未勝利,13.0,7.0,2東京12,3歳未勝利,6.0,9.0,2東京6,3歳未勝利,5.0,13.0,1福島6,3歳未勝利,41.0,15.0,2026-08-15 00:18:40,jra,2026-08-15,48.93,46.9,55.8,35.3,45.5,58.7,45.0,履歴少
202607020712,2026-08-15,12,ブルークレスト,10.0,5.0,城戸,57.0,,13.0,13.0,3阪神4,3歳未勝利,,,,,,,,,,,,,,,,,220.8,16.0,2026-08-15 00:27:10,jra,2026-08-15,36.92,30.5,40.6,29.6,40.6,40.6,45.0,履歴少 / サンプル少
202601010712,2026-08-15,12,ブレイジングスター,6.0,4.0,和田陽,58.0,,7.0,7.0,1札幌3,3歳以上1勝クラス,4.0,6.0,1函館7,3歳以上1勝クラス,5.0,10.0,1函館3,3歳以上1勝クラス,13.0,7.0,1福島4,4歳以上1勝クラス,4.0,7.0,1小倉12,4歳以上1勝クラス,58.1,14.0,2026-08-15 00:10:55,jra,2026-08-15,54.0,56.6,56.4,55.0,47.0,56.1,45.0,履歴少
202607020712,2026-08-15,12,ブロンザイト,3.0,2.0,国分優,57.0,,7.0,12.0,3阪神4,3歳未勝利,11.0,7.0,1福島3,3歳未勝利,7.0,4.0,1阪神4,3歳未勝利,7.0,4.0,4東京3,2歳新馬,,,,,10.4,4.0,2026-08-15 00:27:10,jra,2026-08-15,42.4,43.1,46.0,0.0,58.0,55.9,45.0,履歴少
202607020712,2026-08-15,12,ペコリズム,9.0,5.0,田口,55.0,,6.0,9.0,2小倉6,3歳未勝利,5.0,12.0,3阪神6,3歳未勝利,9.0,7.0,2阪神7,3歳未勝利,12.0,15.0,1中京3,3歳未勝利,,,,,7.8,3.0,2026-08-15 00:27:10,jra,2026-08-15,58.03,49.1,71.1,24.9,66.0,67.7,68.3,阪神実績 / 距離適性 / 前走人気以上 / 人気以上に走る傾向
202601010712,2026-08-15,12,ペリプルス,4.0,3.0,舟山,58.0,,5.0,11.0,1札幌4,3歳以上1勝クラス,8.0,10.0,1函館11,3歳以上1勝クラス,5.0,3.0,1函館7,3歳以上1勝クラス,3.0,7.0,1函館3,駒ケ岳特別(1勝クラス),6.0,16.0,1小倉11,脊振山特別(1勝クラス),20.6,7.0,2026-08-15 00:10:55,jra,2026-08-15,64.07,63.5,74.8,64.7,53.0,69.3,45.0,履歴少 / 人気以上に走る傾向 / 安定感 / 過小評価傾向
202607020712,2026-08-15,12,ミスジェイド,16.0,8.0,長岡,55.0,,8.0,11.0,3京都12,3歳未勝利,5.0,9.0,1新潟3,3歳未勝利,8.0,10.0,2京都1,3歳未勝利,5.0,11.0,1京都7,3歳未勝利,5.0,7.0,4阪神3,2歳未勝利,18.2,7.0,2026-08-15 00:27:10,jra,2026-08-15,58.48,56.0,73.7,49.8,36.5,73.3,45.0,履歴少 / 人気以上に走る傾向 / 過小評価傾向 / 市場オッズ妙味
202601010712,2026-08-15,12,ミッキーファルコン,9.0,6.0,浜中,55.0,,5.0,9.0,2東京1,テレビ東京杯青葉賞(GII),1.0,2.0,1中山8,3歳未勝利,3.0,3.0,5中山8,2歳新馬,,,,,,,,,2.5,1.0,2026-08-15 00:10:55,jra,2026-08-15,64.13,82.8,63.7,75.1,32.0,59.3,45.0,履歴少 / 安定感
202601010712,2026-08-15,12,ミッドタウンナイト,7.0,5.0,荻野琢,56.0,,5.0,9.0,2小倉5,英彦山特別(1勝クラス),7.0,9.0,3阪神1,3歳以上1勝クラス,11.0,6.0,1新潟5,石打特別(1勝クラス),13.0,7.0,1小倉8,4歳以上1勝クラス,9.0,10.0,1小倉2,4歳以上1勝クラス,46.2,11.0,2026-08-15 00:10:55,jra,2026-08-15,48.92,41.9,49.7,30.4,80.0,53.7,45.0,履歴少 / 近走上向き / 市場オッズ妙味
202604020712,2026-08-15,12,モストロ,16.0,8.0,▲佐藤,54.0,,17.0,16.0,2東京9,3歳未勝利,,,,,,,,,,,,,,,,,82.0,18.0,2026-08-15 00:18:40,jra,2026-08-15,36.15,29.6,39.1,29.6,40.6,39.5,45.0,履歴少 / サンプル少
202604020712,2026-08-15,12,モーブプリエール,7.0,4.0,原,55.0,,7.0,6.0,2福島1,3歳未勝利,7.0,4.0,笠松,鵜沼宿特別(3歳),10.0,11.0,1東京8,3歳未勝利,9.0,9.0,5中京5,2歳未勝利,14.0,10.0,4東京6,2歳新馬,21.4,9.0,2026-08-15 00:18:40,jra,2026-08-15,39.85,34.1,43.3,0.0,68.0,51.8,45.0,履歴少 / 近走上向き / 市場オッズ妙味
202604020712,2026-08-15,12,ラグアイリータ,5.0,3.0,津村,55.0,,8.0,7.0,2新潟4,3歳未勝利,6.0,4.0,2福島1,3歳未勝利,14.0,4.0,5東京2,2歳未勝利,2.0,3.0,4東京6,2歳未勝利,4.0,16.0,4東京1,2歳新馬,26.3,11.0,2026-08-15 00:18:40,jra,2026-08-15,43.84,49.6,40.3,24.9,41.0,56.3,45.0,履歴少 / 市場オッズ妙味
202607020712,2026-08-15,12,ワンダーミューズ,2.0,1.0,松若,55.0,,7.0,4.0,名古屋,名古屋CCピーチ賞(3歳),13.0,7.0,1中京6,3歳未勝利,,,,,,,,,,,,,40.4,12.0,2026-08-15 00:27:10,jra,2026-08-15,35.48,26.1,32.2,18.0,65.3,42.5,45.0,履歴少 / サンプル少 / 近走上向き
202644081501,2026-08-15,1,アイトカコイトカ,12.0,8.0,藤田凌,54.0,,5.0,4.0,大井,C3六　七,7.0,2.0,大井,C3三　四,6.0,6.0,大井,C3五　六,6.0,12.0,大井,C3三　四,10.0,11.0,大井,C3四　五,10.2,3.0,,nar,2026-08-15,51.28,57.1,46.0,30.4,63.5,60.5,45.0,履歴少
202655081501,2026-08-15,1,アズリパレス,4.0,4.0,中山蓮王,54.0,,,,,,,,,,,,,,,,,,,,,,9.1,5.0,,nar,2026-08-15,36.0,35.0,35.0,35.0,35.0,35.0,45.0,履歴少
202665081501,2026-08-15,1,アンペラール,10.0,8.0,今井千尋,590.0,,,,,,,,,,,,,,,,,,,,,,,,,nar,2026-08-15,36.0,35.0,35.0,35.0,35.0,35.0,45.0,履歴少
202665081501,2026-08-15,1,オオゾラダイヤ,5.0,5.0,島津新,600.0,,,,,,,,,,,,,,,,,,,,,,,,,nar,2026-08-15,36.0,35.0,35.0,35.0,35.0,35.0,45.0,履歴少
202644081501,2026-08-15,1,オリリオ,1.0,1.0,野畑凌,56.0,,13.0,13.0,大井,C3五　六,14.0,14.0,大井,C3五　六,12.0,11.0,大井,C3六　七,12.0,12.0,大井,C3四　五,6.0,11.0,大井,C3六　七,52.5,9.0,,nar,2026-08-15,32.68,11.5,52.2,0.0,38.0,56.1,45.0,履歴少
202665081501,2026-08-15,1,コーチャンファスト,7.0,7.0,鈴木恵介,600.0,,,,,,,,,,,,,,,,,,,,,,,,,nar,2026-08-15,36.0,35.0,35.0,35.0,35.0,35.0,45.0,履歴少
202644081501,2026-08-15,1,ゴルデューク,10.0,7.0,小野俊斗,53.0,,7.0,9.0,大井,C3一,8.0,12.0,大井,C3三　四,9.0,11.0,大井,C3三　四,7.0,12.0,大井,C3一　二三(C3二),9.0,14.0,大井,C3一,59.9,11.0,,nar,2026-08-15,50.64,45.2,72.7,0.0,57.5,65.2,45.0,履歴少 / 人気以上に走る傾向 / 過小評価傾向
202665081501,2026-08-15,1,サカノテイオー,1.0,1.0,松本秀克,600.0,,,,,,,,,,,,,,,,,,,,,,,,,nar,2026-08-15,36.0,35.0,35.0,35.0,35.0,35.0,45.0,履歴少
202665081501,2026-08-15,1,サクセスドリーム,6.0,6.0,中村太陽,580.0,,,,,,,,,,,,,,,,,,,,,,,,,nar,2026-08-15,36.0,35.0,35.0,35.0,35.0,35.0,45.0,履歴少
202665081501,2026-08-15,1,シオン,9.0,8.0,菊池一樹,580.0,,,,,,,,,,,,,,,,,,,,,,,,,nar,2026-08-15,36.0,35.0,35.0,35.0,35.0,35.0,45.0,履歴少
202665081501,2026-08-15,1,シャインサクラ,4.0,4.0,金田利貴,580.0,,,,,,,,,,,,,,,,,,,,,,,,,nar,2026-08-15,36.0,35.0,35.0,35.0,35.0,35.0,45.0,履歴少
202665081501,2026-08-15,1,ジェイノアオイ,8.0,7.0,赤塚健仁,580.0,,,,,,,,,,,,,,,,,,,,,,,,,nar,2026-08-15,36.0,35.0,35.0,35.0,35.0,35.0,45.0,履歴少
202644081501,2026-08-15,1,ジコン,2.0,2.0,吉井章,56.0,,4.0,2.0,大井,C3六　七,11.0,4.0,大井,C2九　十11(C2十),5.0,3.0,大井,C2七　八九(C2八),2.0,2.0,大井,モヒート賞(C2),2.0,2.0,大井,C214　15,1.9,1.0,,nar,2026-08-15,52.04,64.4,30.8,75.1,56.0,45.6,45.0,履歴少 / 安定感
202655081501,2026-08-15,1,ジュエリーアイ,5.0,5.0,椿聡太,51.0,,,,,,,,,,,,,,,,,,,,,,5.3,3.0,,nar,2026-08-15,36.0,35.0,35.0,35.0,35.0,35.0,45.0,履歴少
202655081501,2026-08-15,1,ダイメイサガ,6.0,6.0,石川慎将,55.0,,,,,,,,,,,,,,,,,,,,,,3.6,2.0,,nar,2026-08-15,36.0,35.0,35.0,35.0,35.0,35.0,45.0,履歴少
202655081501,2026-08-15,1,ダバイホーオー,3.0,3.0,山田義貴,55.0,,,,,,,,,,,,,,,,,,,,,,6.0,4.0,,nar,2026-08-15,36.0,35.0,35.0,35.0,35.0,35.0,45.0,履歴少
202665081501,2026-08-15,1,チェルシーヴォラ,2.0,2.0,阿部優哉,580.0,,,,,,,,,,,,,,,,,,,,,,,,,nar,2026-08-15,36.0,35.0,35.0,35.0,35.0,35.0,45.0,履歴少
202644081501,2026-08-15,1,トウキョーバサラ,7.0,6.0,杉山海波,51.0,,8.0,6.0,大井,C3六　七,5.0,6.0,大井,C3三　四,11.0,8.0,大井,C3三　四,4.0,11.0,大井,C3四　五六(C3五),3.0,12.0,大井,C3六　七,37.6,7.0,,nar,2026-08-15,52.65,54.0,57.0,49.8,36.5,64.1,45.0,履歴少 / 市場オッズ妙味
202665081501,2026-08-15,1,ヒメトラダイア,3.0,3.0,西謙一,580.0,,,,,,,,,,,,,,,,,,,,,,,,,nar,2026-08-15,36.0,35.0,35.0,35.0,35.0,35.0,45.0,履歴少
202644081501,2026-08-15,1,ファルコンブラック,6.0,5.0,高野誠毅,54.0,,13.0,11.0,大井,C3一,13.0,14.0,大井,C3三　四,14.0,14.0,大井,C3三　四,12.0,9.0,大井,C3四　五六(C3五),11.0,11.0,大井,C3五　六,105.0,12.0,,nar,2026-08-15,29.62,6.0,44.4,0.0,47.0,50.9,45.0,履歴少
202644081501,2026-08-15,1,ブライトゲイザー,8.0,6.0,達城龍次,56.0,,6.0,10.0,大井,C3六　七,8.0,8.0,大井,C3三　四,14.0,12.0,大井,C3一　二,13.0,11.0,大井,C3一　二三(C3二),5.0,12.0,大井,C3一,23.5,4.0,,nar,2026-08-15,47.55,36.8,58.8,10.3,74.0,60.9,45.0,履歴少 / 近走上向き / 市場オッズ妙味
202644081501,2026-08-15,1,ブラントンアロー,3.0,3.0,谷内貫太,55.0,,9.0,8.0,大井,C3六　七,4.0,8.0,大井,C3三　四,5.0,9.0,大井,C3三　四,7.0,9.0,大井,C3四　五六(C3五),10.0,8.0,大井,C3四　五,29.6,6.0,,nar,2026-08-15,52.28,53.8,61.0,44.7,35.0,60.9,45.0,履歴少 / 市場オッズ妙味
202655081501,2026-08-15,1,プロテウステソーロ,1.0,1.0,山口勲,55.0,,,,,,,,,,,,,,,,,,,,,,2.5,1.0,,nar,2026-08-15,36.0,35.0,35.0,35.0,35.0,35.0,45.0,履歴少
202644081501,2026-08-15,1,ベッティーナ,9.0,7.0,岡村健司,54.0,,15.0,13.0,大井,C3一,11.0,11.0,大井,C3三　四,12.0,10.0,大井,C3三　四,11.0,6.0,大井,C3四　五六(C3五),2.0,8.0,大井,C3六　七,48.5,8.0,,nar,2026-08-15,30.7,19.8,42.2,10.3,14.0,54.3,45.0,履歴少 / 市場オッズ妙味
202644081501,2026-08-15,1,マハーギータ,11.0,8.0,東原悠善,54.0,,7.0,11.0,大井,C3六　七,11.0,14.0,大井,C3一　二,8.0,13.0,大井,C3一　二,10.0,14.0,大井,C3一　二三(C3二),11.0,12.0,大井,C3二　三,53.5,10.0,,nar,2026-08-15,49.79,35.6,75.5,0.0,68.0,64.6,45.0,履歴少 / 人気以上に走る傾向 / 近走上向き
202644081501,2026-08-15,1,マルカンプレスト,4.0,4.0,松崎正泰,56.0,,8.0,9.0,大井,C3六　七,12.0,9.0,大井,C3二　三,10.0,14.0,大井,C3二　三四(C3三),5.0,3.0,大井,C3三　四,2.0,6.0,大井,C3六　七,25.1,5.0,,nar,2026-08-15,45.55,41.3,53.3,24.9,45.5,58.9,45.0,履歴少 / 市場オッズ妙味
202655081501,2026-08-15,1,メロディーアイアイ,2.0,2.0,青海大樹,53.0,,,,,,,,,,,,,,,,,,,,,,9.2,6.0,,nar,2026-08-15,36.0,35.0,35.0,35.0,35.0,35.0,45.0,履歴少
202644081501,2026-08-15,1,リュウグウノユメ,5.0,5.0,西優哉,51.0,,3.0,3.0,大井,C3六　七,5.0,8.0,大井,C3一　二,2.0,5.0,大井,C3三　四,9.0,8.0,大井,C3四　五六(C3五),5.0,7.0,大井,C3六　七,2.4,2.0,,nar,2026-08-15,65.3,72.9,59.8,85.4,63.5,58.3,45.0,履歴少 / 安定感
202644081502,2026-08-15,2,アネラカイカマヒネ,5.0,4.0,杉山海波,51.0,,4.0,2.0,大井,C3六　七,5.0,1.0,大井,C3三　四,6.0,1.0,大井,C3三　四,3.0,2.0,大井,C3四　五六(C3五),4.0,2.0,大井,C217　18,4.3,1.0,,nar,2026-08-15,54.3,72.0,29.4,80.2,53.0,47.1,45.0,履歴少 / 安定感
202665081502,2026-08-15,2,アーククレセント,3.0,3.0,阿部武臣,500.0,,,,,,,,,,,,,,,,,,,,,,,,,nar,2026-08-15,36.0,35.0,35.0,35.0,35.0,35.0,45.0,履歴少
202665081502,2026-08-15,2,イワキファミリー,7.0,7.0,菊池一樹,500.0,,,,,,,,,,,,,,,,,,,,,,,,,nar,2026-08-15,36.0,35.0,35.0,35.0,35.0,35.0,45.0,履歴少
202655081502,2026-08-15,2,ウィンフラッグ,6.0,6.0,田中直人,54.0,,,,,,,,,,,,,,,,,,,,,,6.2,3.0,,nar,2026-08-15,36.0,35.0,35.0,35.0,35.0,35.0,45.0,履歴少
202644081502,2026-08-15,2,ウルフスタンド,1.0,1.0,鷹見陸,56.0,,2.0,12.0,大井,C3六　七,10.0,8.0,大井,C3四　五,11.0,4.0,大井,C3四　五,4.0,10.0,大井,C3五　六,8.0,5.0,大井,C3五　六,7.1,4.0,,nar,2026-08-15,59.09,54.5,62.1,45.0,87.5,60.9,45.0,履歴少 / 近走上向き
202644081502,2026-08-15,2,エクスプローラー,8.0,5.0,本村直樹,56.0,,,,大井,C3六　七,4.0,8.0,大井,C3五,12.0,13.0,大井,C3四　五六(C3五),9.0,6.0,大井,C3六　七,10.0,6.0,大井,C3六　七,26.5,11.0,,nar,2026-08-15,50.38,42.3,53.5,24.9,88.0,54.7,45.0,履歴少 / 近走上向き / 市場オッズ妙味
202644081502,2026-08-15,2,カズノマリア,6.0,4.0,中山遥人,53.0,,,,大井,C3七　八,10.0,4.0,大井,C3六　七,7.0,5.0,大井,C3六　七,,,大井,C3八　九,5.0,6.0,金沢,Day1誕生日記念(C2),21.9,10.0,,nar,2026-08-15,34.58,44.1,27.3,10.3,26.0,48.7,45.0,履歴少 / 市場オッズ妙味
202665081502,2026-08-15,2,キタノショウヘイ,1.0,1.0,金田利貴,500.0,,,,,,,,,,,,,,,,,,,,,,,,,nar,2026-08-15,36.0,35.0,35.0,35.0,35.0,35.0,45.0,履歴少
202665081502,2026-08-15,2,コウバイヒメ,10.0,8.0,長澤幸太,480.0,,,,,,,,,,,,,,,,,,,,,,,,,nar,2026-08-15,36.0,35.0,35.0,35.0,35.0,35.0,45.0,履歴少
202665081502,2026-08-15,2,コトブキハリアー,9.0,8.0,村上章,500.0,,,,,,,,,,,,,,,,,,,,,,,,,nar,2026-08-15,36.0,35.0,35.0,35.0,35.0,35.0,45.0,履歴少
202644081502,2026-08-15,2,コーントップス,7.0,5.0,石川駿介,54.0,,7.0,12.0,大井,C3四　五,8.0,12.0,大井,C3一　二,5.0,12.0,大井,C3三　四,11.0,10.0,大井,C3一　二三(C3二),11.0,9.0,大井,C3四　五,20.1,9.0,,nar,2026-08-15,53.81,45.2,74.8,19.8,60.5,64.8,45.0,履歴少 / 人気以上に走る傾向 / 市場オッズ妙味
202655081502,2026-08-15,2,シルバービーナス,1.0,1.0,山下裕貴,54.0,,,,,,,,,,,,,,,,,,,,,,4.1,2.0,,nar,2026-08-15,36.0,35.0,35.0,35.0,35.0,35.0,45.0,履歴少
202644081502,2026-08-15,2,スイヘイセン,11.0,7.0,高橋優,53.0,,13.0,13.0,大井,C3六　七,7.0,8.0,大井,C3五,8.0,7.0,大井,C3五,11.0,10.0,大井,C3四　五六(C3五),13.0,7.0,大井,C3六　七,50.0,13.0,,nar,2026-08-15,33.15,26.2,45.0,0.0,30.5,49.0,45.0,履歴少
202644081502,2026-08-15,2,スターオブウーノ,14.0,8.0,松崎正泰,56.0,,13.0,14.0,大井,C3六　七,10.0,11.0,大井,C3三　四,13.0,13.0,大井,C3三　四,9.0,12.0,大井,C3四　五六(C3五),13.0,13.0,大井,C3四　五,83.1,14.0,,nar,2026-08-15,34.95,14.7,56.9,0.0,39.5,56.8,45.0,履歴少
202644081502,2026-08-15,2,ストロングフレイヤ,2.0,2.0,藤本現暉,54.0,,14.0,7.0,大井,C3六　七,4.0,2.0,大井,C3三　四,2.0,5.0,大井,C3六　七,7.0,1.0,大井,C3七　八,1.0,1.0,大井,C3九,9.4,5.0,,nar,2026-08-15,40.87,55.0,29.6,55.0,0.0,51.7,45.0,履歴少
202644081502,2026-08-15,2,ソリタリオカズ,9.0,6.0,西優哉,53.0,,3.0,14.0,大井,C3六　七,5.0,12.0,大井,C3五,10.0,11.0,大井,C3九,10.0,14.0,大井,C3九,15.0,15.0,大井,C3八　九,12.7,8.0,,nar,2026-08-15,69.53,52.1,91.1,55.3,92.0,77.9,45.0,履歴少 / 人気以上に走る傾向 / 近走上向き / 過小評価傾向
202665081502,2026-08-15,2,ツカサヤンキース,6.0,6.0,中村太陽,500.0,,,,,,,,,,,,,,,,,,,,,,,,,nar,2026-08-15,36.0,35.0,35.0,35.0,35.0,35.0,45.0,履歴少
202655081502,2026-08-15,2,ツキヨノネガイ,4.0,4.0,飛田愛斗,55.0,,,,,,,,,,,,,,,,,,,,,,3.6,1.0,,nar,2026-08-15,36.0,35.0,35.0,35.0,35.0,35.0,45.0,履歴少
202644081502,2026-08-15,2,ツクシ,3.0,3.0,谷内貫太,53.0,,6.0,4.0,大井,C3六　七,2.0,2.0,大井,C3五,2.0,2.0,大井,C3五,5.0,8.0,大井,C3四　五六(C3五),9.0,9.0,大井,C3六　七,6.2,3.0,,nar,2026-08-15,56.86,73.0,48.8,59.3,41.0,58.4,45.0,履歴少
202644081502,2026-08-15,2,ドンナドンナ,12.0,7.0,田中洸多,54.0,,9.0,11.0,大井,C3六　七,4.0,4.0,大井,C3五,3.0,5.0,大井,C3五,10.0,9.0,大井,C3四　五六(C3五),7.0,10.0,大井,C3六　七,12.6,7.0,,nar,2026-08-15,52.38,55.9,58.2,44.7,32.0,64.7,45.0,履歴少 / 市場オッズ妙味
202665081502,2026-08-15,2,パリスウンカイ,4.0,4.0,今井千尋,470.0,,,,,,,,,,,,,,,,,,,,,,,,,nar,2026-08-15,36.0,35.0,35.0,35.0,35.0,35.0,45.0,履歴少
202665081502,2026-08-15,2,ヒロインナツミ,5.0,5.0,大友一馬,480.0,,,,,,,,,,,,,,,,,,,,,,,,,nar,2026-08-15,36.0,35.0,35.0,35.0,35.0,35.0,45.0,履歴少
202665081502,2026-08-15,2,プリンセスローミー,8.0,7.0,中山直樹,480.0,,,,,,,,,,,,,,,,,,,,,,,,,nar,2026-08-15,36.0,35.0,35.0,35.0,35.0,35.0,45.0,履歴少
202644081502,2026-08-15,2,ヘニーアイリス,10.0,6.0,吉井章,54.0,,5.0,3.0,大井,C3六,14.0,1.0,大井,C3三　四五(C3四),7.0,1.0,大井,C3五　六,3.0,2.0,大井,C3五　六,1.0,1.0,大井,C3八,5.7,2.0,,nar,2026-08-15,42.36,53.5,13.7,55.3,57.5,43.1,45.0,履歴少
202665081502,2026-08-15,2,ホクセイマッシグラ,2.0,2.0,臼杵龍美,490.0,,,,,,,,,,,,,,,,,,,,,,,,,nar,2026-08-15,36.0,35.0,35.0,35.0,35.0,35.0,45.0,履歴少
202644081502,2026-08-15,2,ボンマティ,4.0,3.0,櫻井光輔,54.0,,11.0,10.0,浦和,サツキツツジ特別(C3),12.0,10.0,浦和,植月特別(C3),6.0,13.0,大井,C3二　三四(C3三),13.0,12.0,大井,C3一　二,11.0,15.0,大井,C3二　三,43.7,12.0,,nar,2026-08-15,38.29,23.6,55.9,0.0,47.0,58.1,45.0,履歴少
202644081502,2026-08-15,2,マーナーパス,13.0,8.0,遠藤健太,56.0,,7.0,10.0,大井,C3六　七,3.0,5.0,大井,C3五,5.0,3.0,大井,C3五,7.0,6.0,大井,C3四　五六(C3五),10.0,6.0,大井,C3六　七,11.9,6.0,,nar,2026-08-15,53.37,60.7,53.2,44.7,45.5,59.2,45.0,履歴少
202655081502,2026-08-15,2,ムサシヒメ,5.0,5.0,中山蓮王,54.0,,,,,,,,,,,,,,,,,,,,,,7.6,7.0,,nar,2026-08-15,36.0,35.0,35.0,35.0,35.0,35.0,45.0,履歴少
202655081502,2026-08-15,2,ムーンオブザグラス,3.0,3.0,川島拓,54.0,,,,,,,,,,,,,,,,,,,,,,7.2,6.0,,nar,2026-08-15,36.0,35.0,35.0,35.0,35.0,35.0,45.0,履歴少
202655081502,2026-08-15,2,ヨカムスメ,2.0,2.0,石川慎将,54.0,,,,,,,,,,,,,,,,,,,,,,7.0,5.0,,nar,2026-08-15,36.0,35.0,35.0,35.0,35.0,35.0,45.0,履歴少
202655081502,2026-08-15,2,ヴェスタテソーロ,7.0,7.0,長田進仁,55.0,,,,,,,,,,,,,,,,,,,,,,6.6,4.0,,nar,2026-08-15,36.0,35.0,35.0,35.0,35.0,35.0,45.0,履歴少
202655081503,2026-08-15,3,オダイ,11.0,8.0,出水拓人,54.0,,1.0,2.0,佐賀,SAGAリベンジャー(3歳),13.0,12.0,1新潟8,3歳未勝利,8.0,12.0,2中山1,3歳未勝利,10.0,16.0,1東京2,3歳未勝利,9.0,9.0,5中山4,2歳未勝利,1.3,1.0,,nar,2026-08-15,56.51,47.9,62.0,30.4,100.0,57.6,45.0,履歴少 / 近走上向き
202644081503,2026-08-15,3,カチャ,3.0,3.0,藤本現暉,54.0,,6.0,8.0,大井,2歳　新馬(新馬),,,,,,,,,,,,,,,,,4.9,3.0,,nar,2026-08-15,41.3,42.8,43.7,29.6,40.6,42.0,45.0,履歴少 / サンプル少
202665081503,2026-08-15,3,キタデタイショウ,9.0,8.0,赤塚健仁,500.0,,,,,,,,,,,,,,,,,,,,,,,,,nar,2026-08-15,36.0,35.0,35.0,35.0,35.0,35.0,45.0,履歴少
202644081503,2026-08-15,3,キュキュキュート,5.0,5.0,中村尚平,54.0,,8.0,8.0,大井,2歳　新馬(新馬),,,,,,,,,,,,,,,,,15.1,5.0,,nar,2026-08-15,39.39,39.3,40.6,29.6,40.6,40.6,45.0,履歴少 / サンプル少
202665081503,2026-08-15,3,キョウエイブラック,8.0,7.0,菊池一樹,500.0,,,,,,,,,,,,,,,,,,,,,,,,,nar,2026-08-15,36.0,35.0,35.0,35.0,35.0,35.0,45.0,履歴少
202665081503,2026-08-15,3,クリスタルカイオー,6.0,6.0,鈴木恵介,500.0,,,,,,,,,,,,,,,,,,,,,,,,,nar,2026-08-15,36.0,35.0,35.0,35.0,35.0,35.0,45.0,履歴少
202655081503,2026-08-15,3,ケイアンプルール,8.0,7.0,田中直人,56.0,,6.0,8.0,佐賀,C2ー11組,9.0,10.0,佐賀,C2ー10組,11.0,10.0,佐賀,C2ー12組,10.0,9.0,佐賀,C2ー11組,8.0,10.0,佐賀,はたさん来場記念(C2),59.2,7.0,,nar,2026-08-15,45.14,39.8,55.0,0.0,71.0,55.5,45.0,履歴少 / 近走上向き
202655081503,2026-08-15,3,コパノセビリア,3.0,3.0,後藤武蔵,51.0,,8.0,10.0,佐賀,3歳ー8組,11.0,9.0,佐賀,SAGAリベンジャー(3歳),7.0,9.0,佐賀,3歳ー8組,10.0,10.0,佐賀,3歳ー8組,9.0,8.0,佐賀,3歳ー8組,133.5,11.0,,nar,2026-08-15,41.86,36.4,52.8,0.0,57.5,54.1,45.0,履歴少
202665081503,2026-08-15,3,ゴールドブリオン,10.0,8.0,西将太,500.0,,,,,,,,,,,,,,,,,,,,,,,,,nar,2026-08-15,36.0,35.0,35.0,35.0,35.0,35.0,45.0,履歴少
202665081503,2026-08-15,3,シュガーベリー,1.0,1.0,金田利貴,500.0,,,,,,,,,,,,,,,,,,,,,,,,,nar,2026-08-15,36.0,35.0,35.0,35.0,35.0,35.0,45.0,履歴少
202665081503,2026-08-15,3,ジュエリー,2.0,2.0,長澤幸太,480.0,,,,,,,,,,,,,,,,,,,,,,,,,nar,2026-08-15,36.0,35.0,35.0,35.0,35.0,35.0,45.0,履歴少
202644081503,2026-08-15,3,ソレイユダーム,6.0,6.0,西優哉,51.0,,7.0,9.0,大井,2歳　新馬(新馬),,,,,,,,,,,,,,,,,6.8,4.0,,nar,2026-08-15,40.81,41.1,43.7,29.6,40.6,42.0,45.0,履歴少 / サンプル少
202655081503,2026-08-15,3,ダイコクヤタエモン,7.0,6.0,山田義貴,56.0,,1.0,1.0,佐賀,SAGAリベンジャー(3歳),4.0,3.0,佐賀,パッカルくんのおとし(3歳),,,佐賀,SAGAリベンジャー(3歳),16.0,13.0,2東京7,3歳未勝利,14.0,8.0,1中山2,3歳未勝利,4.4,2.0,,nar,2026-08-15,56.36,61.5,38.6,55.3,100.0,48.2,45.0,履歴少 / 近走上向き
202644081503,2026-08-15,3,ダスマパーティ,2.0,2.0,田中洸多,54.0,,9.0,10.0,大井,2歳　新馬(新馬),,,,,,,,,,,,,,,,,17.6,6.0,,nar,2026-08-15,39.42,37.6,42.2,29.6,40.6,41.7,45.0,履歴少 / サンプル少
202655081503,2026-08-15,3,トラウムビルト,9.0,7.0,長田進仁,54.0,,4.0,9.0,佐賀,C2ー11組,8.0,8.0,佐賀,C2ー11組,6.0,9.0,佐賀,C2ー12組,9.0,7.0,佐賀,C2ー11組,8.0,3.0,佐賀,こだまさん来場記念(C2),48.6,6.0,,nar,2026-08-15,54.61,55.7,59.1,30.4,72.5,56.9,45.0,履歴少 / 近走上向き / 市場オッズ妙味
202665081503,2026-08-15,3,ヒサノタイガー,5.0,5.0,西謙一,500.0,,,,,,,,,,,,,,,,,,,,,,,,,nar,2026-08-15,36.0,35.0,35.0,35.0,35.0,35.0,45.0,履歴少
202665081503,2026-08-15,3,ホクセイヒビキ,4.0,4.0,臼杵龍美,470.0,,,,,,,,,,,,,,,,,,,,,,,,,nar,2026-08-15,36.0,35.0,35.0,35.0,35.0,35.0,45.0,履歴少
202655081503,2026-08-15,3,マイントップスター,5.0,5.0,竹吉徹,56.0,,8.0,11.0,佐賀,SAGAリベンジャー(3歳),5.0,10.0,佐賀,SAGAリベンジャー(3歳),8.0,7.0,佐賀,3歳ー8組,,,佐賀,3歳ー7組,7.0,8.0,佐賀,3歳ー6組,63.0,8.0,,nar,2026-08-15,51.54,52.0,66.9,24.9,42.0,60.0,45.0,履歴少 / 人気以上に走る傾向
202665081503,2026-08-15,3,マックスクロー,7.0,7.0,村上章,500.0,,,,,,,,,,,,,,,,,,,,,,,,,nar,2026-08-15,36.0,35.0,35.0,35.0,35.0,35.0,45.0,履歴少
202655081503,2026-08-15,3,メイショウポワロ,2.0,2.0,長谷川蓮,54.0,,10.0,11.0,佐賀,C2ー11組,10.0,5.0,佐賀,C2ー10組,11.0,8.0,佐賀,C2ー11組,1.0,4.0,佐賀,SAGAリベンジャー(C2),6.0,10.0,佐賀,SAGAリベンジャー(C2),73.8,9.0,,nar,2026-08-15,39.7,40.2,45.2,14.6,32.0,53.5,45.0,履歴少
202655081503,2026-08-15,3,モラール,4.0,4.0,椿聡太,51.0,,12.0,3.0,佐賀,SAGAリベンジャー(3歳),1.0,1.0,佐賀,SAGAリベンジャー(3歳),4.0,8.0,佐賀,SAGAリベンジャー(3歳),12.0,15.0,1福島6,3歳未勝利,9.0,7.0,川崎,エイプリルフラワー賞(3歳),23.2,5.0,,nar,2026-08-15,42.28,49.1,38.0,44.7,17.0,53.7,45.0,履歴少 / 市場オッズ妙味
202644081503,2026-08-15,3,モンサンマナオラナ,4.0,4.0,笹川翼,54.0,,6.0,5.0,大井,2歳　新馬(新馬),,,,,,,,,,,,,,,,,2.3,1.0,,nar,2026-08-15,39.85,42.8,39.1,29.6,40.6,39.5,45.0,履歴少 / サンプル少
202644081503,2026-08-15,3,モーモールーツ,9.0,8.0,石川駿介,54.0,,9.0,7.0,大井,2歳　新馬(新馬),,,,,,,,,,,,,,,,,19.4,8.0,,nar,2026-08-15,37.85,37.6,37.6,29.6,40.6,38.4,45.0,履歴少 / サンプル少
202644081503,2026-08-15,3,ユウユウザローズ,8.0,8.0,岡村健司,54.0,,8.0,6.0,大井,2歳三,8.0,10.0,大井,2歳一,9.0,9.0,大井,2歳一,6.0,6.0,大井,2歳　新馬(新馬),,,,,18.4,7.0,,nar,2026-08-15,43.33,44.8,49.1,0.0,48.0,62.2,45.0,履歴少 / 市場オッズ妙味
202644081503,2026-08-15,3,ユウユウプロースト,7.0,7.0,高橋優,51.0,,10.0,11.0,大井,2歳三,9.0,9.0,大井,2歳　新馬(新馬),,,,,,,,,,,,,38.9,9.0,,nar,2026-08-15,40.66,35.4,47.6,18.0,42.2,54.3,45.0,履歴少 / サンプル少 / 市場オッズ妙味
202665081503,2026-08-15,3,ヨシノグレンザ,3.0,3.0,中村太陽,480.0,,,,,,,,,,,,,,,,,,,,,,,,,nar,2026-08-15,36.0,35.0,35.0,35.0,35.0,35.0,45.0,履歴少
202655081503,2026-08-15,3,ラリュンヌ,10.0,8.0,小松丈二,54.0,,4.0,6.0,佐賀,3歳ー8組,4.0,6.0,佐賀,3歳ー8組,6.0,10.0,佐賀,3歳ー9組,9.0,9.0,佐賀,3歳ー9組,9.0,8.0,佐賀,3歳ー9組,22.5,4.0,,nar,2026-08-15,60.43,62.9,62.6,55.3,68.0,60.9,45.0,履歴少 / 近走上向き / 市場オッズ妙味
202655081503,2026-08-15,3,リュウノシャモニー,1.0,1.0,飛田愛斗,54.0,,3.0,8.0,佐賀,SAGAリベンジャー(C2),4.0,2.0,佐賀,C2ー12組,5.0,7.0,佐賀,C2ー14組,7.0,7.0,佐賀,C2ー13組,8.0,8.0,佐賀,C2ー14組,18.5,3.0,,nar,2026-08-15,64.83,70.0,59.9,75.1,68.0,65.5,45.0,履歴少 / 近走上向き / 安定感 / 過小評価傾向
202655081503,2026-08-15,3,リュウノトマト,6.0,6.0,青海大樹,53.0,,5.0,9.0,佐賀,3歳ー8組,7.0,8.0,佐賀,3歳ー8組,8.0,8.0,佐賀,3歳ー9組,7.0,6.0,佐賀,3歳ー8組,8.0,9.0,佐賀,3歳ー9組,115.0,10.0,,nar,2026-08-15,53.53,54.5,60.0,30.4,65.0,56.8,45.0,履歴少 / 近走上向き
202644081503,2026-08-15,3,ルックライクレイン,1.0,1.0,安藤洋一,54.0,,8.0,7.0,大井,2歳　新馬(新馬),,,,,,,,,,,,,,,,,4.6,2.0,,nar,2026-08-15,38.86,39.3,39.1,29.6,40.6,39.5,45.0,履歴少 / サンプル少
202655081504,2026-08-15,4,アメアメフレフレ,6.0,5.0,山田義貴,54.0,,3.0,4.0,佐賀,SAGAリベンジャー(3歳),7.0,5.0,佐賀,SAGAリベンジャー(3歳),3.0,1.0,佐賀,3歳ー9組,2.0,4.0,佐賀,3歳ー9組,3.0,4.0,佐賀,3歳ー10組,8.4,4.0,,nar,2026-08-15,61.6,77.2,48.6,75.1,54.5,59.1,45.0,履歴少 / 安定感
202644081504,2026-08-15,4,エンリッチザハート,3.0,3.0,藤田凌,56.0,,2.0,3.0,大井,3歳四　五六(3歳五),8.0,5.0,大井,3歳一　二三(3歳二),1.0,1.0,大井,3歳八　九,2.0,1.0,門別,2歳未勝利(未勝利),2.0,2.0,門別,2歳未勝利(未勝利),6.3,3.0,,nar,2026-08-15,62.09,81.6,45.9,75.1,57.5,55.9,45.0,履歴少 / 安定感
202665081504,2026-08-15,4,オオサト,5.0,5.0,渡来心路,510.0,,,,,,,,,,,,,,,,,,,,,,,,,nar,2026-08-15,36.0,35.0,35.0,35.0,35.0,35.0,45.0,履歴少
202655081504,2026-08-15,4,オッハッピー,7.0,6.0,田中直人,54.0,,7.0,8.0,佐賀,SAGAリベンジャー(3歳),4.0,6.0,佐賀,SAGAリベンジャー(3歳),8.0,3.0,佐賀,3歳ー8組,3.0,4.0,佐賀,3歳ー8組,3.0,3.0,佐賀,3歳ー9組,30.7,7.0,,nar,2026-08-15,52.43,64.4,49.7,49.8,35.0,55.6,45.0,履歴少 / 市場オッズ妙味
202655081504,2026-08-15,4,オニタイジ,5.0,5.0,山口勲,56.0,,11.0,6.0,佐賀,SAGAリベンジャー(3歳),9.0,3.0,佐賀,SAGAリベンジャー(3歳),2.0,3.0,佐賀,3歳ー9組,7.0,6.0,門別,2歳未勝利(未勝利),5.0,3.0,門別,今年は船橋と門別に喝(未勝利)(2歳),16.3,5.0,,nar,2026-08-15,37.88,47.8,27.8,30.1,18.5,53.4,45.0,履歴少 / 市場オッズ妙味
202665081504,2026-08-15,4,キタノスミレ,1.0,1.0,西将太,490.0,,,,,,,,,,,,,,,,,,,,,,,,,nar,2026-08-15,36.0,35.0,35.0,35.0,35.0,35.0,45.0,履歴少
202644081504,2026-08-15,4,キャリアラダー,8.0,8.0,御神本訓,56.0,,5.0,2.0,大井,3歳一　二三(3歳二),4.0,8.0,大井,3歳一　二三(3歳二),4.0,6.0,大井,3歳一　二三(3歳二),3.0,7.0,大井,牡丹特別競走(3歳二),5.0,4.0,大井,3歳四　五,6.8,4.0,,nar,2026-08-15,64.78,73.9,56.7,100.0,44.0,62.1,45.0,履歴少 / 安定感
202665081504,2026-08-15,4,キョウエイギンガ,7.0,7.0,菊池一樹,510.0,,,,,,,,,,,,,,,,,,,,,,,,,nar,2026-08-15,36.0,35.0,35.0,35.0,35.0,35.0,45.0,履歴少
202655081504,2026-08-15,4,シエルルビー,1.0,1.0,長田進仁,54.0,,6.0,5.0,佐賀,C2ー10組,4.0,4.0,佐賀,C2ー11組,2.0,6.0,佐賀,C2ー14組,5.0,3.0,佐賀,C2ー14組,3.0,8.0,佐賀,C2ー16組,59.7,9.0,,nar,2026-08-15,58.99,74.0,55.0,69.6,35.0,57.4,45.0,履歴少 / 安定感
202655081504,2026-08-15,4,ジューンアレグロ,12.0,8.0,出水拓人,56.0,,8.0,6.0,佐賀,C2ー11組,6.0,7.0,佐賀,C2ー10組,10.0,9.0,佐賀,C2ー11組,5.0,4.0,佐賀,C2ー11組,6.0,6.0,佐賀,はたさん来場記念(C2),84.3,11.0,,nar,2026-08-15,43.38,50.0,45.1,14.6,42.5,51.5,45.0,履歴少
202665081504,2026-08-15,4,スーパータケル,6.0,6.0,島津新,510.0,,,,,,,,,,,,,,,,,,,,,,,,,nar,2026-08-15,36.0,35.0,35.0,35.0,35.0,35.0,45.0,履歴少
202655081504,2026-08-15,4,センエツナガラ,11.0,8.0,山下裕貴,56.0,,8.0,4.0,佐賀,C2ー10組,4.0,5.0,佐賀,C2ー12組,4.0,4.0,佐賀,C2ー12組,3.0,3.0,佐賀,C2ー14組,2.0,7.0,佐賀,SAGAリベンジャー(C2),26.3,6.0,,nar,2026-08-15,54.09,69.1,46.9,69.6,21.5,57.6,45.0,履歴少 / 安定感 / 市場オッズ妙味
202655081504,2026-08-15,4,ディスタービア,2.0,2.0,竹吉徹,54.0,,7.0,7.0,佐賀,C2ー10組,8.0,6.0,佐賀,C2ー10組,9.0,11.0,佐賀,C2ー11組,11.0,8.0,佐賀,SAGAリベンジャー(C2),11.0,5.0,佐賀,SAGAリベンジャー(C2),58.2,8.0,,nar,2026-08-15,40.08,38.9,41.9,0.0,66.5,47.7,45.0,履歴少 / 近走上向き
202644081504,2026-08-15,4,ナポレオンバディ,2.0,2.0,野畑凌,56.0,,8.0,9.0,大井,フォーチュネイトひま(C13歳),7.0,8.0,大井,3歳一　二三(3歳二),11.0,7.0,大井,3歳一　二三(3歳二),11.0,12.0,大井,優駿スプリントトライ(OP)(3歳),13.0,15.0,大井,ジェムストーン賞競走(重賞),23.5,6.0,,nar,2026-08-15,41.88,33.6,50.8,0.0,65.0,56.9,45.0,履歴少 / 近走上向き / 市場オッズ妙味
202655081504,2026-08-15,4,ネモフィラノアテナ,9.0,7.0,中山蓮王,56.0,,10.0,9.0,佐賀,SAGAリベンジャー(3歳),6.0,7.0,佐賀,SAGAリベンジャー(3歳),5.0,5.0,佐賀,3歳ー8組,4.0,8.0,佐賀,3歳ー8組,4.0,6.0,佐賀,3歳ー9組,77.9,10.0,,nar,2026-08-15,48.99,55.8,55.1,44.7,18.5,57.4,45.0,履歴少
202644081504,2026-08-15,4,ノンフィクション,6.0,6.0,吉井章,56.0,,5.0,8.0,大井,’26スターバースト(OP)(3歳),1.0,6.0,大井,3歳四　五,6.0,4.0,大井,鯉川賞(3歳),3.0,7.0,大井,目黒川賞(3歳),4.0,7.0,大井,2歳三　四,10.0,5.0,,nar,2026-08-15,66.78,77.6,68.6,80.2,41.0,68.2,45.0,履歴少 / 人気以上に走る傾向 / 安定感 / 過小評価傾向
202655081504,2026-08-15,4,ハイパーアリュール,3.0,3.0,青海大樹,55.0,,9.0,12.0,佐賀,SAGAリベンジャー(3歳),10.0,11.0,佐賀,SAGAリベンジャー(3歳),6.0,7.0,佐賀,3歳ー8組,9.0,9.0,佐賀,3歳ー7組,9.0,7.0,佐賀,3歳ー7組,137.2,12.0,,nar,2026-08-15,42.69,38.7,58.1,0.0,47.0,55.5,45.0,履歴少
202665081504,2026-08-15,4,ハオ,2.0,2.0,金田利貴,490.0,,,,,,,,,,,,,,,,,,,,,,,,,nar,2026-08-15,36.0,35.0,35.0,35.0,35.0,35.0,45.0,履歴少
202644081504,2026-08-15,4,バーナードハンサム,5.0,5.0,本田正重,56.0,,3.0,1.0,大井,3歳四　五,1.0,1.0,大井,2歳　新馬(新馬),,,,,,,,,,,,,2.1,1.0,,nar,2026-08-15,50.75,68.2,41.3,48.4,38.9,48.4,45.0,履歴少 / サンプル少
202644081504,2026-08-15,4,フジパールマン,7.0,7.0,杉山海波,53.0,,6.0,10.0,大井,3歳一　二三(3歳二),5.0,11.0,大井,3歳一　二三(3歳二),1.0,2.0,大井,3歳十　11,6.0,9.0,大井,3歳六　七八(3歳七),4.0,11.0,大井,3歳九　十11(3歳十),27.1,8.0,,nar,2026-08-15,64.33,71.6,78.5,55.0,38.0,69.9,45.0,履歴少 / 人気以上に走る傾向 / 過小評価傾向 / 市場オッズ妙味
202644081504,2026-08-15,4,フラワーキングエス,1.0,1.0,中村尚平,56.0,,3.0,8.0,大井,3歳四　五,12.0,15.0,大井,3歳四　五六(3歳五),11.0,14.0,大井,3歳四　五六(3歳五),12.0,11.0,大井,3歳一　二三(3歳二),13.0,12.0,大井,3歳四　五,48.6,9.0,,nar,2026-08-15,54.93,34.6,68.3,30.4,100.0,62.1,45.0,履歴少 / 人気以上に走る傾向 / 近走上向き / 市場オッズ妙味
202665081504,2026-08-15,4,ポプコ,3.0,3.0,西謙一,490.0,,,,,,,,,,,,,,,,,,,,,,,,,nar,2026-08-15,36.0,35.0,35.0,35.0,35.0,35.0,45.0,履歴少
202655081504,2026-08-15,4,マコトアタキギリ,10.0,7.0,飛田愛斗,54.0,,1.0,1.0,佐賀,3歳ー10組,3.0,6.0,佐賀,パッカルくんのおとし(3歳),,,佐賀,SAGAリベンジャー(3歳),8.0,4.0,名古屋,3歳10組,15.0,13.0,3中山1,3歳未勝利,2.8,1.0,,nar,2026-08-15,61.99,72.0,49.6,55.3,96.0,51.9,45.0,履歴少 / 近走上向き
202665081504,2026-08-15,4,マルホンエルフ,9.0,8.0,臼杵龍美,500.0,,,,,,,,,,,,,,,,,,,,,,,,,nar,2026-08-15,36.0,35.0,35.0,35.0,35.0,35.0,45.0,履歴少
202644081504,2026-08-15,4,ミエノワイルド,9.0,8.0,和田譲治,56.0,,5.0,6.0,大井,3歳一　二三(3歳二),3.0,2.0,大井,3歳一　二三(3歳二),2.0,1.0,大井,3歳四　五,1.0,1.0,大井,3歳十　11,4.0,4.0,大井,2歳　新馬(新馬),4.5,2.0,,nar,2026-08-15,63.29,82.2,49.0,100.0,35.0,55.8,45.0,履歴少 / 安定感
202655081504,2026-08-15,4,ミッキーパラソル,4.0,4.0,椿聡太,51.0,,3.0,1.0,佐賀,3歳ー8組,1.0,2.0,佐賀,パッカルくんのおとし(3歳),,,佐賀,SAGAリベンジャー(3歳),12.0,8.0,1新潟4,3歳未勝利,11.0,1.0,浦和,ツインホープ特別(3歳),4.4,3.0,,nar,2026-08-15,53.72,67.6,32.8,55.3,80.0,44.1,45.0,履歴少 / 近走上向き
202665081504,2026-08-15,4,ヤマトリュウ,4.0,4.0,今井千尋,490.0,,,,,,,,,,,,,,,,,,,,,,,,,nar,2026-08-15,36.0,35.0,35.0,35.0,35.0,35.0,45.0,履歴少
202665081504,2026-08-15,4,ラストユウセン,8.0,7.0,船山蔵人,500.0,,,,,,,,,,,,,,,,,,,,,,,,,nar,2026-08-15,36.0,35.0,35.0,35.0,35.0,35.0,45.0,履歴少
202665081504,2026-08-15,4,ロキノクラン,10.0,8.0,大友一馬,490.0,,,,,,,,,,,,,,,,,,,,,,,,,nar,2026-08-15,36.0,35.0,35.0,35.0,35.0,35.0,45.0,履歴少
202644081504,2026-08-15,4,ローレンモンブラン,4.0,4.0,横川怜央,56.0,,5.0,3.0,大井,3歳四　五,4.0,6.0,大井,3歳四　五六(3歳五),1.0,5.0,大井,3歳12　13,8.0,8.0,大井,3歳九　十,5.0,4.0,大井,3歳12　1314(3歳13),25.4,7.0,,nar,2026-08-15,61.9,72.8,54.0,85.4,47.0,58.2,45.0,履歴少 / 安定感 / 市場オッズ妙味
202655081504,2026-08-15,4,ワンダーエイド,8.0,6.0,石川慎将,56.0,,10.0,14.0,2小倉2,3歳未勝利,9.0,14.0,3京都5,3歳未勝利,14.0,14.0,1阪神7,3歳未勝利,18.0,16.0,5阪神2,2歳未勝利,4.0,9.0,4京都1,2歳新馬,2.9,2.0,,nar,2026-08-15,44.98,25.3,68.8,10.3,57.5,62.3,45.0,履歴少 / 人気以上に走る傾向
202655081505,2026-08-15,5,アデレード,9.0,7.0,竹吉徹,54.0,,9.0,7.0,佐賀,3歳ー6組,6.0,4.0,佐賀,3歳ー6組,4.0,4.0,佐賀,3歳ー8組,4.0,8.0,佐賀,3歳ー7組,6.0,6.0,佐賀,3歳ー8組,64.0,10.0,,nar,2026-08-15,46.65,58.2,46.3,34.3,26.0,53.5,45.0,履歴少
202644081505,2026-08-15,5,アトランティス,4.0,4.0,西優哉,53.0,,8.0,7.0,大井,ベガ賞競走(B2B3),8.0,3.0,大井,B1二,,,佐賀,由布岳賞,11.0,3.0,川崎,かながわ畜産物フェア(A2),,,川崎,多摩OP(OP)(A13歳),24.2,5.0,,nar,2026-08-15,33.73,39.0,22.8,0.0,59.0,41.1,45.0,履歴少 / 市場オッズ妙味
202655081505,2026-08-15,5,アンパオ,3.0,3.0,出水拓人,54.0,,11.0,11.0,大井,C3三　四,9.0,10.0,大井,C3四　五六(C3五),13.0,9.0,大井,C3六　七,9.0,11.0,大井,C3四　五,8.0,13.0,大井,C3七　八,12.5,4.0,,nar,2026-08-15,38.1,25.6,51.9,0.0,42.5,63.3,45.0,履歴少 / 市場オッズ妙味
202665081505,2026-08-15,5,イワキエスポワール,3.0,3.0,吉田理人,480.0,,,,,,,,,,,,,,,,,,,,,,,,,nar,2026-08-15,36.0,35.0,35.0,35.0,35.0,35.0,45.0,履歴少
202655081505,2026-08-15,5,ウィリーズロック,6.0,6.0,山口勲,56.0,,1.0,3.0,佐賀,3歳ー9組,2.0,1.0,佐賀,パッカルくんのおとし(3歳),,,佐賀,SAGAリベンジャー(3歳),3.0,1.0,佐賀,SAGAリベンジャー(3歳),6.0,6.0,2東京3,3歳未勝利,1.3,1.0,,nar,2026-08-15,65.04,89.5,50.6,69.9,66.0,50.3,45.0,履歴少 / 近走上向き / 安定感
202655081505,2026-08-15,5,カルストンブランド,2.0,2.0,飛田愛斗,54.0,,4.0,1.0,佐賀,C2ー10組,2.0,1.0,佐賀,C2ー11組,7.0,2.0,佐賀,C2ー12組,8.0,8.0,船橋,C3二,9.0,8.0,浦和,C3四　五,9.2,3.0,,nar,2026-08-15,53.17,66.4,34.2,55.3,65.0,52.9,45.0,履歴少 / 近走上向き
202644081505,2026-08-15,5,グレアネオンライト,2.0,2.0,本橋孝太,54.0,,3.0,7.0,大井,勝鬨橋賞競走(B1),4.0,11.0,船橋,ハートビートナイター(B1B2),9.0,7.0,大井,夏木立賞競走(B2),3.0,8.0,大井,プレアデス賞競走(B2B3),10.0,11.0,船橋,ゴーゴーマイル(B2),12.0,4.0,,nar,2026-08-15,67.65,66.7,73.8,69.9,71.0,70.3,45.0,履歴少 / 人気以上に走る傾向 / 近走上向き / 安定感
202665081505,2026-08-15,5,サカノダンスクイン,1.0,1.0,船山蔵人,490.0,,,,,,,,,,,,,,,,,,,,,,,,,nar,2026-08-15,36.0,35.0,35.0,35.0,35.0,35.0,45.0,履歴少
202655081505,2026-08-15,5,サスペンスクィーン,11.0,8.0,山下裕貴,54.0,,12.0,12.0,名古屋,金シャチ最終戦777(C),11.0,7.0,名古屋,平原灯姫特別(C),10.0,2.0,名古屋,四谷の千枚田特別(C),1.0,2.0,名古屋,C9組,6.0,1.0,名古屋,C12組,8.6,2.0,,nar,2026-08-15,32.31,35.0,29.4,14.6,20.0,48.8,45.0,履歴少
202665081505,2026-08-15,5,シンエイライデン,10.0,8.0,赤塚健仁,510.0,,,,,,,,,,,,,,,,,,,,,,,,,nar,2026-08-15,36.0,35.0,35.0,35.0,35.0,35.0,45.0,履歴少
202665081505,2026-08-15,5,ジェイインター,2.0,2.0,金田利貴,510.0,,,,,,,,,,,,,,,,,,,,,,,,,nar,2026-08-15,36.0,35.0,35.0,35.0,35.0,35.0,45.0,履歴少
202665081505,2026-08-15,5,ツカサロイヤル,4.0,4.0,西謙一,490.0,,,,,,,,,,,,,,,,,,,,,,,,,nar,2026-08-15,36.0,35.0,35.0,35.0,35.0,35.0,45.0,履歴少
202665081505,2026-08-15,5,ツガルイチバン,7.0,7.0,鈴木恵介,510.0,,,,,,,,,,,,,,,,,,,,,,,,,nar,2026-08-15,36.0,35.0,35.0,35.0,35.0,35.0,45.0,履歴少
202644081505,2026-08-15,5,トゥピ,3.0,3.0,笹川翼,54.0,,1.0,6.0,大井,赤坂賞競走(B3),13.0,11.0,3福島2,河北新報杯(2勝クラス),12.0,7.0,2札幌2,オールスターJ第3戦(2勝クラス),9.0,9.0,2新潟1,麒麟山特別(2勝クラス),3.0,12.0,1新潟4,五泉特別(2勝クラス),1.7,1.0,,nar,2026-08-15,56.25,47.7,56.7,40.7,99.5,56.8,45.0,履歴少 / 近走上向き
202644081505,2026-08-15,5,ドウジギリ,1.0,1.0,矢野貴之,56.0,,4.0,6.0,大井,風待月賞競走(B2),1.0,4.0,大井,犬坂賞競走(B3),8.0,3.0,大井,赤坂賞競走(B3),6.0,1.0,大井,権現坂賞競走(B3),2.0,3.0,大井,桜坂賞競走(B3),4.7,3.0,,nar,2026-08-15,58.68,75.0,48.2,65.7,51.5,54.0,45.0,履歴少 / 安定感
202655081505,2026-08-15,5,ナリノカサブランカ,5.0,5.0,田中純,54.0,,10.0,12.0,佐賀,C2ー10組,12.0,12.0,佐賀,C2ー9組,7.0,8.0,佐賀,C2ー10組,9.0,8.0,佐賀,C2ー9組,10.0,11.0,佐賀,パドックリニューアル(C2),244.0,11.0,,nar,2026-08-15,39.56,29.9,55.3,0.0,47.0,55.5,45.0,履歴少
202644081505,2026-08-15,5,パルミジャニーノ,5.0,5.0,安藤洋一,56.0,,1.0,4.0,大井,B3四,9.0,2.0,大井,赤坂賞競走(B3),1.0,3.0,大井,スターゲイザー賞(B3),2.0,2.0,大井,B3四,5.0,4.0,大井,東京ダービーチャレン(OP)(3歳),3.0,2.0,,nar,2026-08-15,62.6,79.6,46.2,75.1,69.5,52.7,45.0,履歴少 / 近走上向き / 安定感
202665081505,2026-08-15,5,ヒメトラハピネス,9.0,8.0,大友一馬,490.0,,,,,,,,,,,,,,,,,,,,,,,,,nar,2026-08-15,36.0,35.0,35.0,35.0,35.0,35.0,45.0,履歴少
202655081505,2026-08-15,5,ビッキーセカンド,10.0,8.0,石川慎将,56.0,,8.0,6.0,佐賀,3歳ー6組,4.0,6.0,佐賀,3歳ー6組,3.0,6.0,佐賀,3歳ー8組,6.0,6.0,佐賀,3歳ー7組,7.0,7.0,佐賀,3歳ー8組,35.1,7.0,,nar,2026-08-15,52.32,63.0,53.4,44.7,32.0,58.2,45.0,履歴少 / 市場オッズ妙味
202655081505,2026-08-15,5,ピュアコレクション,1.0,1.0,椿聡太,51.0,,5.0,2.0,佐賀,C2ー10組,5.0,3.0,佐賀,C2ー10組,5.0,6.0,佐賀,C2ー12組,2.0,2.0,佐賀,C2ー13組,3.0,2.0,佐賀,C2ー15組,23.3,5.0,,nar,2026-08-15,59.3,73.2,40.8,100.0,42.5,53.0,45.0,履歴少 / 安定感 / 市場オッズ妙味
202655081505,2026-08-15,5,ブリックヤード,8.0,7.0,長谷川蓮,56.0,,6.0,10.0,佐賀,3歳ー6組,8.0,5.0,佐賀,3歳ー6組,9.0,7.0,佐賀,3歳ー7組,5.0,5.0,佐賀,3歳ー7組,7.0,3.0,佐賀,3歳ー7組,37.5,8.0,,nar,2026-08-15,46.46,51.6,47.6,14.6,57.5,53.0,45.0,履歴少 / 市場オッズ妙味
202665081505,2026-08-15,5,ホクセイキリシマ,6.0,6.0,西将太,510.0,,,,,,,,,,,,,,,,,,,,,,,,,nar,2026-08-15,36.0,35.0,35.0,35.0,35.0,35.0,45.0,履歴少
202665081505,2026-08-15,5,ホクセイヤマト,8.0,7.0,島津新,510.0,,,,,,,,,,,,,,,,,,,,,,,,,nar,2026-08-15,36.0,35.0,35.0,35.0,35.0,35.0,45.0,履歴少
202665081505,2026-08-15,5,ホープノチカラ,5.0,5.0,長澤幸太,510.0,,,,,,,,,,,,,,,,,,,,,,,,,nar,2026-08-15,36.0,35.0,35.0,35.0,35.0,35.0,45.0,履歴少
202655081505,2026-08-15,5,ボンスヴニール,7.0,6.0,川島拓,54.0,,6.0,10.0,佐賀,SAGAリベンジャー(3歳),7.0,8.0,佐賀,3歳ー6組,6.0,8.0,佐賀,3歳ー7組,8.0,7.0,佐賀,3歳ー7組,6.0,5.0,佐賀,3歳ー7組,38.2,9.0,,nar,2026-08-15,49.67,55.7,61.3,0.0,54.5,59.5,45.0,履歴少 / 市場オッズ妙味
202655081505,2026-08-15,5,リュウノプティ,4.0,4.0,青海大樹,53.0,,5.0,7.0,佐賀,SAGAリベンジャー(3歳),3.0,8.0,佐賀,SAGAリベンジャー(3歳),4.0,7.0,佐賀,3歳ー9組,5.0,5.0,佐賀,3歳ー8組,5.0,4.0,佐賀,3歳ー9組,24.3,6.0,,nar,2026-08-15,67.2,73.6,66.4,100.0,45.5,62.1,45.0,履歴少 / 人気以上に走る傾向 / 安定感 / 市場オッズ妙味
202665081506,2026-08-15,6,アサヒファイヤー,6.0,6.0,渡来心路,610.0,,,,,,,,,,,,,,,,,,,,,,,,,nar,2026-08-15,36.0,35.0,35.0,35.0,35.0,35.0,45.0,履歴少
202665081506,2026-08-15,6,イワキライジン,8.0,7.0,中村太陽,610.0,,,,,,,,,,,,,,,,,,,,,,,,,nar,2026-08-15,36.0,35.0,35.0,35.0,35.0,35.0,45.0,履歴少
202655081506,2026-08-15,6,ウルトラキッド,2.0,2.0,竹吉徹,56.0,,2.0,2.0,佐賀,文月特別(B),5.0,8.0,佐賀,九州優駿栄城賞(重賞),7.0,5.0,佐賀,佐賀皐月賞(重賞),4.0,1.0,佐賀,卯月特別(B),1.0,1.0,佐賀,古伊万里特別(3歳),8.0,4.0,,nar,2026-08-15,63.11,76.6,49.4,80.2,63.5,57.6,45.0,履歴少 / 安定感
202644081506,2026-08-15,6,エドノスターウッド,12.0,8.0,矢野貴之,56.0,,,,大井,3歳一　二三(3歳二),6.0,1.0,大井,3歳一　二三(3歳二),1.0,1.0,大井,3歳六　七八(3歳七),1.0,1.0,大井,越中島川賞(3歳),,,,,3.6,1.0,,nar,2026-08-15,49.78,83.2,35.3,34.3,20.0,50.0,45.0,履歴少
202665081506,2026-08-15,6,カブトダイヤ,2.0,2.0,島津新,590.0,,,,,,,,,,,,,,,,,,,,,,,,,nar,2026-08-15,36.0,35.0,35.0,35.0,35.0,35.0,45.0,履歴少
202644081506,2026-08-15,6,カンタベリータイム,4.0,4.0,岡村健司,54.0,,,,大井,3歳一　二三(3歳二),2.0,11.0,大井,3歳四　五六(3歳五),7.0,8.0,大井,3歳四　五六(3歳五),4.0,4.0,大井,3歳四　五,6.0,5.0,大井,3歳二　三,21.6,8.0,,nar,2026-08-15,64.74,72.5,73.5,39.5,72.0,63.6,45.0,履歴少 / 人気以上に走る傾向 / 近走上向き / 市場オッズ妙味
202644081506,2026-08-15,6,ガーベラフレイバー,13.0,8.0,和田譲治,54.0,,2.0,1.0,大井,クロッカス特別競走(3歳),4.0,1.0,大井,スターレット賞(2歳),1.0,3.0,大井,2歳　新馬(新馬),,,,,,,,,4.1,2.0,,nar,2026-08-15,62.8,88.8,43.9,75.1,53.0,53.8,45.0,履歴少 / 安定感
202655081506,2026-08-15,6,キャプテンレガーロ,8.0,8.0,石川慎将,56.0,,7.0,4.0,佐賀,JRA交流サマーカッ(3歳),1.0,1.0,佐賀,3歳ー2組,1.0,1.0,佐賀,パッカルくんのおとし(3歳),1.0,3.0,佐賀,3歳ー6組,2.0,3.0,佐賀,3歳ー6組,27.8,8.0,,nar,2026-08-15,57.41,84.6,46.4,69.6,15.5,56.3,45.0,履歴少 / 安定感 / 市場オッズ妙味
202644081506,2026-08-15,6,クリノエーデル,7.0,5.0,達城龍次,54.0,,2.0,6.0,大井,3歳四　五,5.0,8.0,大井,3歳四　五六(3歳五),12.0,14.0,大井,3歳四　五,12.0,7.0,大井,3歳六　七八(3歳七),9.0,6.0,大井,3歳四　五,35.8,11.0,,nar,2026-08-15,59.5,52.8,59.2,55.3,95.0,56.9,45.0,履歴少 / 近走上向き / 市場オッズ妙味
202644081506,2026-08-15,6,サヴォア,6.0,5.0,櫻井光輔,54.0,,,,大井,3歳一　二三(3歳二),9.0,7.0,大井,3歳一　二三(3歳二),8.0,12.0,大井,3歳一　二三(3歳二),7.0,13.0,大井,3歳一　二三(3歳二),8.0,12.0,大井,マーガレット特別競走(3歳二),113.2,13.0,,nar,2026-08-15,46.2,42.8,65.9,0.0,42.0,63.2,45.0,履歴少 / 人気以上に走る傾向
202655081506,2026-08-15,6,シトリンテソーロ,1.0,1.0,田中直人,54.0,,2.0,2.0,佐賀,ラグーン賞(B),2.0,1.0,佐賀,清水の滝特別(3歳),1.0,1.0,佐賀,スターマイン特別(3歳),1.0,1.0,佐賀,3歳ー4組,7.0,8.0,1中京6,3歳未勝利,3.9,2.0,,nar,2026-08-15,66.74,90.6,49.0,89.7,54.5,55.8,45.0,履歴少 / 安定感
202655081506,2026-08-15,6,スティーブ,4.0,4.0,山口勲,56.0,,1.0,2.0,佐賀,川上峡特別(3歳),3.0,4.0,佐賀,ブライトスター特別(3歳),2.0,1.0,佐賀,パッカルくんのおとし(3歳),1.0,2.0,佐賀,3歳ー7組,10.0,11.0,1京都7,3歳未勝利,4.9,3.0,,nar,2026-08-15,69.01,87.0,54.2,89.7,68.0,58.7,45.0,履歴少 / 近走上向き / 安定感
202644081506,2026-08-15,6,ステイフリー,2.0,2.0,野畑凌,54.0,,3.0,4.0,大井,つくし特別競走(3歳二),2.0,4.0,大井,汐留川賞(3歳五),2.0,1.0,大井,3歳六　七八(3歳七),3.0,4.0,大井,3歳八　九,11.0,7.0,笠松,ライデンリーダー記念(重賞),8.3,5.0,,nar,2026-08-15,65.75,81.0,52.4,89.7,59.0,58.4,45.0,履歴少 / 安定感
202655081506,2026-08-15,6,スマートビガー,9.0,8.0,飛田愛斗,56.0,,11.0,9.0,佐賀,ラグーン賞(B),7.0,5.0,佐賀,Bー6組,8.0,8.0,高知,3歳ー3,1.0,2.0,高知,桂浜水族館95周年特(3歳),5.0,10.0,高知,3歳ー3,64.3,9.0,,nar,2026-08-15,42.1,49.3,46.9,24.9,15.5,54.8,45.0,履歴少
202644081506,2026-08-15,6,スリーバンカーズ,11.0,7.0,藤田凌,56.0,,,,大井,3歳一　二三(3歳二),,,大井,3歳一　二三(3歳二),2.0,5.0,大井,3歳四　五六(3歳五),5.0,5.0,大井,鳶巣川賞(3歳二),4.0,4.0,大井,3歳二　三,5.5,3.0,,nar,2026-08-15,62.89,80.5,59.3,44.7,65.0,60.5,45.0,履歴少 / 近走上向き
202655081506,2026-08-15,6,セイブルーアイ,5.0,5.0,山下裕貴,54.0,,1.0,1.0,佐賀,3歳ー6組,1.0,2.0,佐賀,3歳ー9組,10.0,12.0,1中京4,3歳未勝利,10.0,11.0,5中山7,2歳未勝利,5.0,16.0,5中京1,2歳未勝利,8.5,5.0,,nar,2026-08-15,67.37,72.0,63.5,65.7,83.0,68.9,45.0,履歴少 / 近走上向き / 安定感 / 過小評価傾向
202655081506,2026-08-15,6,ダバイシュクレ,6.0,6.0,山田義貴,56.0,,3.0,6.0,佐賀,佐賀ユーススプリント(重賞),3.0,3.0,佐賀,Bー4組,9.0,4.0,佐賀,九州優駿栄城賞(重賞),4.0,7.0,佐賀,佐賀皐月賞(重賞),9.0,5.0,佐賀,卯月特別(B),3.0,1.0,,nar,2026-08-15,59.67,68.4,49.6,69.9,69.5,52.7,45.0,履歴少 / 近走上向き / 安定感
202665081506,2026-08-15,6,ツナノタチヤマ,7.0,7.0,大友一馬,610.0,,,,,,,,,,,,,,,,,,,,,,,,,nar,2026-08-15,36.0,35.0,35.0,35.0,35.0,35.0,45.0,履歴少
202655081506,2026-08-15,6,ニシノガウェイン,3.0,3.0,川島拓,56.0,,7.0,5.0,佐賀,佐賀ユーススプリント(重賞),2.0,2.0,佐賀,スターマイン特別(3歳),8.0,3.0,佐賀,佐賀かささぎスプリン(重賞),1.0,5.0,佐賀,シャイニングスター特(3歳),6.0,7.0,佐賀,佐賀城下スプリント(重賞),9.5,6.0,,nar,2026-08-15,51.0,68.2,43.6,39.5,33.5,58.3,45.0,履歴少
202644081506,2026-08-15,6,ニジイロピカール,1.0,1.0,谷内貫太,53.0,,,,大井,3歳一　二三(3歳二),7.0,6.0,大井,クロッカス特別競走(3歳),1.0,3.0,大井,3歳四　五,7.0,9.0,門別,浦河町ふるさと納税大(OP)(2歳),5.0,8.0,門別,日胆はウマいって伝え(OP)(2歳),29.0,10.0,,nar,2026-08-15,53.6,68.0,57.5,30.1,34.0,61.2,45.0,履歴少 / 市場オッズ妙味
202665081506,2026-08-15,6,ハゴロモグレース,3.0,3.0,阿部武臣,590.0,,,,,,,,,,,,,,,,,,,,,,,,,nar,2026-08-15,36.0,35.0,35.0,35.0,35.0,35.0,45.0,履歴少
202665081506,2026-08-15,6,ハートキング,4.0,4.0,村上章,610.0,,,,,,,,,,,,,,,,,,,,,,,,,nar,2026-08-15,36.0,35.0,35.0,35.0,35.0,35.0,45.0,履歴少
202644081506,2026-08-15,6,ヒュプシュ,9.0,6.0,鷹見陸,56.0,,6.0,3.0,大井,3歳一　二三(3歳二),3.0,3.0,大井,3歳一　二三(3歳二),1.0,1.0,大井,2歳三　四,10.0,10.0,大井,ハイセイコー記念競走(重賞),1.0,1.0,門別,2歳未勝利(未勝利),7.8,4.0,,nar,2026-08-15,54.44,73.3,43.6,55.0,36.5,56.8,45.0,履歴少
202644081506,2026-08-15,6,ピルゴスアイトス,10.0,7.0,杉山海波,53.0,,,,大井,3歳一　二三(3歳二),5.0,8.0,大井,3歳一　二三(3歳二),7.0,9.0,大井,3歳一　二三(3歳二),6.0,5.0,大井,牡丹特別競走(3歳二),7.0,6.0,大井,あおば特別競走(3歳二),25.5,9.0,,nar,2026-08-15,53.7,59.4,59.0,24.9,60.0,58.7,45.0,履歴少 / 市場オッズ妙味
202665081506,2026-08-15,6,ブループリンセス,1.0,1.0,今井千尋,580.0,,,,,,,,,,,,,,,,,,,,,,,,,nar,2026-08-15,36.0,35.0,35.0,35.0,35.0,35.0,45.0,履歴少
202644081506,2026-08-15,6,ヘイアンティアー,8.0,6.0,高橋昭平,54.0,,,,大井,3歳一　二三(3歳二),2.0,7.0,大井,3歳一　二三(3歳二),4.0,7.0,大井,3歳四　五六(3歳五),9.0,6.0,大井,3歳四　五,7.0,5.0,大井,3歳四　五,14.0,6.0,,nar,2026-08-15,62.56,69.8,62.0,44.7,78.0,63.7,45.0,履歴少 / 近走上向き / 市場オッズ妙味
202644081506,2026-08-15,6,ボビー,3.0,3.0,藤本現暉,56.0,,,,大井,3歳一　二三(3歳二),9.0,9.0,大井,3歳一　二三(3歳二),5.0,8.0,大井,3歳一　二三(3歳二),7.0,10.0,大井,3歳一　二三(3歳二),8.0,8.0,大井,3歳四　五,82.9,12.0,,nar,2026-08-15,47.75,49.6,60.4,19.8,36.0,58.4,45.0,履歴少
202665081506,2026-08-15,6,マリンガール,5.0,5.0,阿部優哉,590.0,,,,,,,,,,,,,,,,,,,,,,,,,nar,2026-08-15,36.0,35.0,35.0,35.0,35.0,35.0,45.0,履歴少
202644081506,2026-08-15,6,ミュウチャン,5.0,4.0,西啓太,54.0,,,,大井,3歳一　二三(3歳二),4.0,3.0,大井,3歳四　五六(3歳五),5.0,3.0,大井,3歳四　五,7.0,4.0,大井,アザレア特別競走(3歳),3.0,5.0,大井,クロッカス特別競走(3歳),16.4,7.0,,nar,2026-08-15,55.49,69.9,41.2,55.0,56.0,58.7,45.0,履歴少 / 市場オッズ妙味
202665081506,2026-08-15,6,メイコウブラック,9.0,8.0,菊池一樹,610.0,,,,,,,,,,,,,,,,,,,,,,,,,nar,2026-08-15,36.0,35.0,35.0,35.0,35.0,35.0,45.0,履歴少
202665081506,2026-08-15,6,レオナウイン,10.0,8.0,西謙一,590.0,,,,,,,,,,,,,,,,,,,,,,,,,nar,2026-08-15,36.0,35.0,35.0,35.0,35.0,35.0,45.0,履歴少
202655081506,2026-08-15,6,ワイズポーシャ,7.0,7.0,長谷川蓮,56.0,,8.0,10.0,佐賀,佐賀ユーススプリント(重賞),4.0,6.0,佐賀,あじさい特別(B),10.0,7.0,佐賀,九州優駿栄城賞(重賞),5.0,6.0,佐賀,佐賀皐月賞(重賞),5.0,6.0,佐賀,卯月特別(B),16.2,7.0,,nar,2026-08-15,52.6,54.8,55.3,49.8,38.0,63.8,45.0,履歴少 / 市場オッズ妙味
202665081507,2026-08-15,7,アアモンドクリン,8.0,7.0,阿部優哉,590.0,,,,,,,,,,,,,,,,,,,,,,,,,nar,2026-08-15,36.0,35.0,35.0,35.0,35.0,35.0,45.0,履歴少
202644081507,2026-08-15,7,アンパンタイム,8.0,4.0,杉山海波,51.0,,,,大井,3歳一　二三(3歳二),11.0,9.0,大井,3歳一　二三(3歳二),1.0,2.0,大井,3歳九　十,4.0,3.0,大井,3歳九　十,3.0,4.0,大井,3歳十　11,40.5,13.0,,nar,2026-08-15,46.31,63.9,46.5,44.7,0.0,52.7,45.0,履歴少
202655081507,2026-08-15,7,オレノアイバ,1.0,1.0,長谷川蓮,56.0,,3.0,6.0,佐賀,ネジバナ賞,1.0,2.0,佐賀,Bー5組,3.0,3.0,佐賀,AIパッカル賞(B),2.0,2.0,佐賀,長崎街道飯塚宿特選(C1),3.0,2.0,佐賀,長崎街道木屋瀬宿特選(C1),8.0,3.0,,nar,2026-08-15,69.21,89.2,57.4,100.0,45.5,60.8,45.0,履歴少 / 安定感
202644081507,2026-08-15,7,オレンジマン,3.0,2.0,中山遥人,55.0,,,,大井,3歳一　二三(3歳二),5.0,5.0,大井,3歳一　二三(3歳二),6.0,8.0,大井,3歳一　二三(3歳二),6.0,4.0,大井,3歳一　二三(3歳二),5.0,6.0,大井,3歳一　二三(3歳二),18.0,6.0,,nar,2026-08-15,54.47,64.1,52.1,35.3,54.0,63.1,45.0,履歴少 / 市場オッズ妙味
202644081507,2026-08-15,7,オロールシェール,13.0,7.0,鷹見陸,56.0,,7.0,6.0,大井,フォーチュネイトひま(C13歳),4.0,4.0,大井,3歳一　二三(3歳二),5.0,6.0,大井,3歳一　二三(3歳二),1.0,5.0,大井,築地川賞(3歳),9.0,7.0,大井,3歳四　五,21.7,7.0,,nar,2026-08-15,55.13,66.5,51.9,59.3,36.5,57.6,45.0,履歴少 / 市場オッズ妙味
202655081507,2026-08-15,7,カガカプチーノ,2.0,2.0,中山蓮王,56.0,,11.0,10.0,佐賀,ラベンダー特別(B),8.0,5.0,佐賀,あじさい特別(B),3.0,4.0,佐賀,アマリリス賞,3.0,9.0,佐賀,ギガンテウム賞,8.0,8.0,佐賀,あやめ賞(B),77.4,8.0,,nar,2026-08-15,44.58,50.4,50.1,34.3,17.0,55.5,45.0,履歴少
202665081507,2026-08-15,7,カナデ,1.0,1.0,赤塚健仁,590.0,,,,,,,,,,,,,,,,,,,,,,,,,nar,2026-08-15,36.0,35.0,35.0,35.0,35.0,35.0,45.0,履歴少
202665081507,2026-08-15,7,カネオー,5.0,5.0,阿部武臣,610.0,,,,,,,,,,,,,,,,,,,,,,,,,nar,2026-08-15,36.0,35.0,35.0,35.0,35.0,35.0,45.0,履歴少
202655081507,2026-08-15,7,カルドウェル,7.0,7.0,飛田愛斗,54.0,,1.0,1.0,佐賀,すずらん賞(B),1.0,1.0,佐賀,カーネーション特別(B),1.0,1.0,佐賀,サガデーナイト競馬賞(B),2.0,2.0,佐賀,AIパッカル賞(B),14.0,10.0,1小倉12,4歳以上1勝クラス,2.0,1.0,,nar,2026-08-15,66.91,88.5,47.1,89.7,71.0,50.4,45.0,履歴少 / 近走上向き / 安定感
202655081507,2026-08-15,7,コスモコラッジョ,9.0,8.0,山下裕貴,56.0,,7.0,9.0,佐賀,文月特別(B),6.0,9.0,佐賀,Bー4組,3.0,9.0,佐賀,オッズパーク杯(B),8.0,9.0,佐賀,サガデーナイト競馬賞(B),9.0,11.0,佐賀,みどりの日賞(B),109.3,10.0,,nar,2026-08-15,54.23,57.5,70.3,19.8,47.0,62.6,45.0,履歴少 / 人気以上に走る傾向
202665081507,2026-08-15,7,コトブキクィーン,9.0,8.0,鈴木恵介,590.0,,,,,,,,,,,,,,,,,,,,,,,,,nar,2026-08-15,36.0,35.0,35.0,35.0,35.0,35.0,45.0,履歴少
202644081507,2026-08-15,7,コブラツイスト,15.0,8.0,藤本現暉,56.0,,1.0,1.0,大井,3歳四　五,2.0,1.0,大井,3歳七　八,2.0,2.0,大井,3歳十　11,10.0,8.0,3中山7,3歳未勝利,15.0,13.0,3中山4,3歳未勝利,3.0,1.0,,nar,2026-08-15,63.12,75.6,44.8,75.1,87.5,51.4,45.0,履歴少 / 近走上向き / 安定感
202665081507,2026-08-15,7,コマサンクリスタル,4.0,4.0,臼杵龍美,600.0,,,,,,,,,,,,,,,,,,,,,,,,,nar,2026-08-15,36.0,35.0,35.0,35.0,35.0,35.0,45.0,履歴少
202655081507,2026-08-15,7,コワン,5.0,5.0,青海大樹,53.0,,2.0,7.0,佐賀,ネジバナ賞,4.0,6.0,佐賀,サガデーナイト競馬賞(B),9.0,7.0,佐賀,オッズパーク杯(B),10.0,7.0,佐賀,カーネーション特別(B),11.0,4.0,佐賀,あやめ賞(B),25.4,6.0,,nar,2026-08-15,58.87,60.2,53.2,55.3,89.0,53.0,45.0,履歴少 / 近走上向き / 市場オッズ妙味
202644081507,2026-08-15,7,サマニデンカ,14.0,7.0,木澤奨,53.0,,,,大井,3歳一　二三(3歳二),4.0,10.0,大井,3歳四　五六(3歳五),14.0,9.0,大井,3歳四　五六(3歳五),11.0,4.0,大井,3歳四　五六(3歳五),1.0,2.0,大井,古川賞(3歳),42.0,14.0,,nar,2026-08-15,48.97,46.3,45.9,35.3,78.0,49.4,45.0,履歴少 / 近走上向き
202644081507,2026-08-15,7,シュヴァルニブロン,6.0,3.0,西啓太,56.0,,,,大井,3歳一　二三(3歳二),10.0,10.0,大井,3歳一　二三(3歳二),11.0,10.0,大井,3歳一　二三(3歳二),6.0,7.0,大井,あおば特別競走(3歳二),7.0,7.0,大井,マーガレット特別競走(3歳二),88.3,16.0,,nar,2026-08-15,38.51,36.0,49.5,0.0,38.0,53.5,45.0,履歴少
202665081507,2026-08-15,7,シンエイパーク,3.0,3.0,西謙一,590.0,,,,,,,,,,,,,,,,,,,,,,,,,nar,2026-08-15,36.0,35.0,35.0,35.0,35.0,35.0,45.0,履歴少
202644081507,2026-08-15,7,シンプウエース,7.0,4.0,達城龍次,56.0,,,,大井,3歳一　二三(3歳二),6.0,10.0,大井,3歳一　二三(3歳二),7.0,11.0,大井,3歳一　二三(3歳二),4.0,14.0,大井,3歳一　二三(3歳二),6.0,9.0,大井,3歳四　五,76.4,15.0,,nar,2026-08-15,59.58,61.1,85.8,14.6,48.0,70.6,45.0,履歴少 / 人気以上に走る傾向 / 過小評価傾向
202665081507,2026-08-15,7,ソウゾウノツバサ,6.0,6.0,西将太,610.0,,,,,,,,,,,,,,,,,,,,,,,,,nar,2026-08-15,36.0,35.0,35.0,35.0,35.0,35.0,45.0,履歴少
202644081507,2026-08-15,7,タイセイディエティ,11.0,6.0,千田洋,54.0,,,,大井,3歳一　二三(3歳二),2.0,4.0,大井,3歳四　五六(3歳五),7.0,8.0,大井,3歳四　五六(3歳五),2.0,5.0,大井,3歳六　七八(3歳七),8.0,6.0,大井,3歳六　七八(3歳七),30.8,10.0,,nar,2026-08-15,61.04,73.5,59.3,39.5,72.0,59.5,45.0,履歴少 / 近走上向き / 市場オッズ妙味
202644081507,2026-08-15,7,タケゾウ,1.0,1.0,藤田凌,56.0,,,,大井,3歳一　二三(3歳二),3.0,6.0,大井,3歳四　五六(3歳五),12.0,6.0,大井,3歳四　五六(3歳五),11.0,8.0,大井,3歳一　二三(3歳二),3.0,5.0,大井,3歳六　七八(3歳七),27.2,9.0,,nar,2026-08-15,50.67,50.1,43.3,35.3,84.0,53.0,45.0,履歴少 / 近走上向き / 市場オッズ妙味
202655081507,2026-08-15,7,チャールストン,4.0,4.0,出水拓人,56.0,,3.0,7.0,佐賀,ラベンダー特別(B),7.0,8.0,佐賀,あじさい特別(B),3.0,4.0,佐賀,すずらん賞(B),1.0,3.0,佐賀,サガデーナイト競馬賞(B),2.0,11.0,佐賀,AIパッカル賞(B),23.4,5.0,,nar,2026-08-15,68.14,79.2,70.2,75.1,51.5,67.3,45.0,履歴少 / 人気以上に走る傾向 / 安定感 / 過小評価傾向
202644081507,2026-08-15,7,ドリームパンサー,2.0,1.0,本田正重,54.0,,1.0,10.0,大井,3歳六　七八(3歳七),9.0,7.0,大井,3歳六　七八(3歳七),2.0,2.0,大井,3歳九　十,7.0,8.0,大井,築地川賞(3歳),3.0,8.0,大井,3歳九　十,25.4,8.0,,nar,2026-08-15,67.42,73.8,70.3,60.5,75.5,64.8,45.0,履歴少 / 人気以上に走る傾向 / 近走上向き / 安定感
202655081507,2026-08-15,7,ニフェーデービル,8.0,7.0,椿聡太,53.0,,12.0,9.0,大井,六角坂賞競走(B3),10.0,6.0,大井,淡路坂賞競走(B3),6.0,2.0,高知,C3ー3,6.0,3.0,高知,ジンチョウゲ特別(C3),2.0,1.0,高知,C3ー4,14.0,4.0,,nar,2026-08-15,32.59,40.7,27.3,10.3,14.0,51.5,45.0,履歴少 / 市場オッズ妙味
202665081507,2026-08-15,7,ビクトリーイサム,7.0,7.0,大友一馬,610.0,,,,,,,,,,,,,,,,,,,,,,,,,nar,2026-08-15,36.0,35.0,35.0,35.0,35.0,35.0,45.0,履歴少
202655081507,2026-08-15,7,ビッキーファースト,10.0,8.0,石川慎将,56.0,,3.0,7.0,高知,C1ー3,4.0,4.0,高知,C1ー4,5.0,3.0,高知,C1ー4,3.0,6.0,高知,C1ー5,9.0,9.0,高知,龍王の滝特別(C1),2.4,2.0,,nar,2026-08-15,65.66,73.9,58.8,89.7,63.5,57.0,45.0,履歴少 / 安定感
202644081507,2026-08-15,7,ブイスリー,16.0,8.0,吉井章,56.0,,,,大井,3歳一　二三(3歳二),3.0,7.0,大井,3歳四　五六(3歳五),8.0,11.0,大井,3歳一　二三(3歳二),3.0,14.0,大井,3歳四　五,9.0,13.0,大井,3歳四　五六(3歳五),32.7,11.0,,nar,2026-08-15,67.32,65.5,86.3,39.5,72.0,74.2,45.0,履歴少 / 人気以上に走る傾向 / 近走上向き / 過小評価傾向
202655081507,2026-08-15,7,ボブズヤアンクル,6.0,6.0,川島拓,56.0,,9.0,8.0,佐賀,文月特別(B),7.0,5.0,佐賀,すずらん賞(B),3.0,4.0,佐賀,Bー3組,6.0,4.0,高知,C1ー4,4.0,6.0,高知,ファイナルレース(C1),84.4,9.0,,nar,2026-08-15,45.37,57.1,45.2,30.1,26.0,52.2,45.0,履歴少
202655081507,2026-08-15,7,ポピュラーソング,3.0,3.0,田中直人,54.0,,4.0,9.0,佐賀,ラベンダー特別(B),5.0,7.0,佐賀,あじさい特別(B),11.0,8.0,高知,どろめ特別(C1),,,高知,C1ー5,2.0,2.0,高知,C1ー4,42.4,7.0,,nar,2026-08-15,60.5,62.6,61.7,65.7,62.0,59.5,45.0,履歴少 / 安定感 / 市場オッズ妙味
202644081507,2026-08-15,7,マインゴールド,9.0,5.0,岡村健司,56.0,,,,大井,3歳一　二三(3歳二),1.0,3.0,大井,3歳七　八,3.0,6.0,大井,3歳十　11,7.0,13.0,大井,3歳六　七八(3歳七),7.0,9.0,大井,残堀川賞(3歳),14.7,5.0,,nar,2026-08-15,68.46,78.3,71.9,44.7,78.0,72.0,45.0,履歴少 / 人気以上に走る傾向 / 近走上向き / 過小評価傾向
202665081507,2026-08-15,7,マオノウンカイ,2.0,2.0,渡来心路,610.0,,,,,,,,,,,,,,,,,,,,,,,,,nar,2026-08-15,36.0,35.0,35.0,35.0,35.0,35.0,45.0,履歴少
202644081507,2026-08-15,7,マジックエレガンス,10.0,5.0,和田譲治,54.0,,,,大井,3歳一　二三(3歳二),4.0,2.0,大井,夏椿特別競走(3歳),2.0,1.0,大井,3歳六　七八(3歳七),1.0,1.0,大井,3歳14　15,,,,,4.2,2.0,,nar,2026-08-15,57.67,87.2,41.8,59.3,35.0,52.9,45.0,履歴少
202644081507,2026-08-15,7,リアンリーヴァ,5.0,3.0,笹川翼,56.0,,7.0,6.0,大井,3歳一　二三(3歳二),4.0,4.0,大井,3歳一　二三(3歳二),7.0,4.0,大井,3歳一　二三(3歳二),5.0,5.0,大井,3歳一　二三(3歳二),3.0,6.0,大井,3歳一　二三(3歳二),14.7,4.0,,nar,2026-08-15,52.2,63.6,45.9,49.8,36.5,60.8,45.0,履歴少 / 市場オッズ妙味
202665081507,2026-08-15,7,リキ,10.0,8.0,菊池一樹,610.0,,,,,,,,,,,,,,,,,,,,,,,,,nar,2026-08-15,36.0,35.0,35.0,35.0,35.0,35.0,45.0,履歴少
202644081507,2026-08-15,7,レヴェルトディオ,4.0,2.0,矢野貴之,56.0,,,,大井,3歳一　二三(3歳二),4.0,2.0,門別,石狩灯台134歳おめ(C1),,,門別,グランシャリオドリー(C1),4.0,3.0,門別,グランシャリオドリー(C1),5.0,2.0,盛岡,南部駒賞(重賞),5.0,3.0,,nar,2026-08-15,53.49,74.3,36.6,49.8,53.0,50.3,45.0,履歴少
202644081507,2026-08-15,7,ヴァルディ,12.0,6.0,谷内貫太,53.0,,,,大井,3歳一　二三(3歳二),5.0,8.0,大井,つくし特別競走(3歳二),4.0,9.0,大井,3歳一　二三(3歳二),11.0,11.0,大井,クロッカス特別競走(3歳),1.0,4.0,大井,蛇崩川賞(3歳),37.9,12.0,,nar,2026-08-15,61.21,65.0,70.6,55.0,52.0,62.4,45.0,履歴少 / 人気以上に走る傾向
202665081508,2026-08-15,8,アルジャンノオー,2.0,2.0,西将太,630.0,,,,,,,,,,,,,,,,,,,,,,,,,nar,2026-08-15,36.0,35.0,35.0,35.0,35.0,35.0,45.0,履歴少
202655081508,2026-08-15,8,イズジョーレイナス,6.0,6.0,後藤武蔵,51.0,,7.0,5.0,佐賀,SAGAリベンジャー(C2),5.0,4.0,佐賀,C2ー9組,4.0,5.0,佐賀,C2ー11組,5.0,7.0,佐賀,SAGAリベンジャー(C2),5.0,2.0,佐賀,はたさん来場記念(C2),14.0,7.0,,nar,2026-08-15,54.51,64.7,45.3,69.6,36.5,59.3,45.0,履歴少 / 安定感 / 市場オッズ妙味
202665081508,2026-08-15,8,イワキボブ,1.0,1.0,村上章,630.0,,,,,,,,,,,,,,,,,,,,,,,,,nar,2026-08-15,36.0,35.0,35.0,35.0,35.0,35.0,45.0,履歴少
202644081508,2026-08-15,8,ウインアイリーン,7.0,6.0,本田正重,54.0,,9.0,13.0,大井,東京スポーツ賞競走(B3),8.0,4.0,大井,潮見坂賞競走(B3),4.0,6.0,大井,錦華坂賞競走(B3),2.0,5.0,大井,山王坂賞競走(B3),7.0,7.0,大井,播磨坂賞競走(B3),16.0,5.0,,nar,2026-08-15,50.4,55.7,57.4,34.3,27.5,65.1,45.0,履歴少 / 過小評価傾向 / 市場オッズ妙味
202655081508,2026-08-15,8,ウインマグノリア,9.0,7.0,長田進仁,56.0,,5.0,11.0,佐賀,SAGAリベンジャー(C2),7.0,6.0,佐賀,C2ー9組,12.0,4.0,笠松,C9組,9.0,3.0,笠松,俺がむうちゃん杯(C),10.0,10.0,名古屋,C11組,14.3,8.0,,nar,2026-08-15,48.33,44.1,43.8,30.4,77.0,57.6,45.0,履歴少 / 近走上向き / 市場オッズ妙味
202644081508,2026-08-15,8,オソルノ,4.0,4.0,西啓太,56.0,,8.0,10.0,大井,東京スポーツ賞競走(B3),6.0,2.0,大井,B3四,7.0,2.0,大井,犬坂賞競走(B3),11.0,10.0,1小倉8,障害4歳以上未勝利,7.0,3.0,2東京8,青梅特別(2勝クラス),31.6,8.0,,nar,2026-08-15,38.99,46.9,36.4,0.0,48.5,48.5,45.0,履歴少 / 市場オッズ妙味
202665081508,2026-08-15,8,オーディン,5.0,5.0,今井千尋,620.0,,,,,,,,,,,,,,,,,,,,,,,,,nar,2026-08-15,36.0,35.0,35.0,35.0,35.0,35.0,45.0,履歴少
202665081508,2026-08-15,8,カミホロナデシコ,6.0,6.0,中村太陽,610.0,,,,,,,,,,,,,,,,,,,,,,,,,nar,2026-08-15,36.0,35.0,35.0,35.0,35.0,35.0,45.0,履歴少
202644081508,2026-08-15,8,キャップ,1.0,1.0,櫻井光輔,56.0,,12.0,15.0,大井,三宅坂賞競走(B3),12.0,11.0,大井,潮見坂賞競走(B3),4.0,13.0,大井,鼠坂賞競走(B3),15.0,14.0,大井,錦華坂賞競走(B3),8.0,11.0,川崎,若草特別(B3三),82.8,9.0,,nar,2026-08-15,43.64,26.2,68.2,19.8,36.5,62.0,45.0,履歴少 / 人気以上に走る傾向
202655081508,2026-08-15,8,キンキラキン,2.0,2.0,小松丈二,54.0,,8.0,5.0,佐賀,C2ー17組,11.0,5.0,佐賀,C2ー14組,2.0,3.0,佐賀,SAGAリベンジャー(C2),3.0,9.0,佐賀,SAGAリベンジャー(C2),8.0,5.0,佐賀,SAGAリベンジャー(C2),29.6,11.0,,nar,2026-08-15,44.78,53.3,38.5,34.3,38.0,53.0,45.0,履歴少 / 市場オッズ妙味
202655081508,2026-08-15,8,クラウンマカナ,8.0,7.0,山下裕貴,56.0,,8.0,7.0,佐賀,SAGAリベンジャー(C2),5.0,4.0,佐賀,C2ー8組,8.0,5.0,佐賀,SAGAリベンジャー(C2),1.0,3.0,佐賀,C2ー15組,2.0,2.0,佐賀,SAGAリベンジャー(C2),9.2,5.0,,nar,2026-08-15,49.89,63.1,44.0,49.8,26.0,57.5,45.0,履歴少
202655081508,2026-08-15,8,クロゴウ,7.0,6.0,山田義貴,54.0,,6.0,4.0,佐賀,SAGAリベンジャー(C2),7.0,3.0,佐賀,C2ー8組,5.0,3.0,佐賀,SAGAリベンジャー(C2),2.0,1.0,佐賀,C2ー11組,6.0,4.0,名古屋,C13組,11.1,6.0,,nar,2026-08-15,47.37,64.3,33.5,34.3,44.0,53.1,45.0,履歴少
202655081508,2026-08-15,8,ケイサンノーブル,3.0,3.0,飛田愛斗,54.0,,10.0,7.0,笠松,ガンバロウ笠松競馬(B),8.0,5.0,笠松,B3組,7.0,6.0,笠松,B4組,7.0,8.0,笠松,春満月特別(B),1.0,6.0,笠松,B6組,3.8,1.0,,nar,2026-08-15,39.73,47.7,41.6,10.3,24.5,55.0,45.0,履歴少
202644081508,2026-08-15,8,ゴールドカグヤヒメ,6.0,6.0,鷹見陸,53.0,,8.0,13.0,大井,六角坂賞競走(B3),13.0,16.0,大井,優駿スプリント競走(重賞),14.0,10.0,大井,リキラリアット賞競走(B3),12.0,4.0,大井,3歳　選抜牝馬,3.0,3.0,大井,3歳　選抜牝馬,30.2,7.0,,nar,2026-08-15,40.52,24.8,52.2,10.3,65.0,53.7,45.0,履歴少 / 近走上向き / 市場オッズ妙味
202665081508,2026-08-15,8,サカノカイリキ,3.0,3.0,船山蔵人,630.0,,,,,,,,,,,,,,,,,,,,,,,,,nar,2026-08-15,36.0,35.0,35.0,35.0,35.0,35.0,45.0,履歴少
202644081508,2026-08-15,8,シャークシャイニー,9.0,7.0,本村直樹,56.0,,10.0,14.0,大井,六角坂賞競走(B3),9.0,9.0,大井,B3六,12.0,14.0,大井,団子坂賞競走(B3),14.0,16.0,大井,丸の内坂賞競走(B3),,12.0,大井,行人坂賞競走(B3),259.0,11.0,,nar,2026-08-15,41.86,22.1,64.9,0.0,60.0,60.0,45.0,履歴少
202665081508,2026-08-15,8,ショコラペガサス,8.0,7.0,大友一馬,630.0,,,,,,,,,,,,,,,,,,,,,,,,,nar,2026-08-15,36.0,35.0,35.0,35.0,35.0,35.0,45.0,履歴少
202644081508,2026-08-15,8,シンギングブルース,10.0,8.0,和田譲治,56.0,,1.0,1.0,大井,いて座特別競走(C1三),1.0,1.0,大井,プランターズ・パンチ(C1),2.0,2.0,大井,ポート・フリップ賞(C1六),1.0,1.0,大井,ジン・バック賞(C2三),1.0,1.0,大井,C2六　七,1.4,1.0,,nar,2026-08-15,69.44,98.4,50.0,100.0,51.5,51.4,45.0,履歴少 / 安定感
202644081508,2026-08-15,8,ジーベンファルベン,3.0,3.0,矢野貴之,56.0,,5.0,2.0,大井,山王坂賞競走(B3),4.0,5.0,大井,播磨坂賞競走(B3),5.0,3.0,大井,円通寺坂賞競走(B3),3.0,3.0,大井,C1二　三四(C1三),4.0,1.0,大井,C1三　四五(C1四),7.6,2.0,,nar,2026-08-15,59.54,73.2,40.4,100.0,44.0,54.1,45.0,履歴少 / 安定感
202655081508,2026-08-15,8,スマートアリスター,11.0,8.0,田中純,54.0,,10.0,3.0,佐賀,C2ー8組,8.0,7.0,高知,C3ー10,11.0,3.0,高知,ファイナルレース(C3),4.0,4.0,高知,C3ー11,4.0,4.0,高知,C3ー12,7.6,4.0,,nar,2026-08-15,35.12,42.4,22.3,24.9,30.5,48.2,45.0,履歴少
202655081508,2026-08-15,8,スマートピリカ,1.0,1.0,竹吉徹,54.0,,9.0,8.0,佐賀,SAGAリベンジャー(C2),7.0,6.0,佐賀,SAGAリベンジャー(C2),7.0,6.0,佐賀,C2ー8組,4.0,7.0,佐賀,パドックリニューアル(C2),4.0,5.0,佐賀,C2ー11組,22.5,10.0,,nar,2026-08-15,45.46,53.1,48.5,24.9,29.0,56.9,45.0,履歴少 / 市場オッズ妙味
202644081508,2026-08-15,8,ゼイトク,8.0,7.0,笹川翼,56.0,,4.0,10.0,大井,C1二　三四(C1三),6.0,6.0,大井,B3五,7.0,8.0,大井,鼠坂賞競走(B3),3.0,10.0,大井,丸の内坂賞競走(B3),9.0,10.0,大井,神楽坂賞競走(B3),15.0,4.0,,nar,2026-08-15,62.79,64.3,72.0,45.0,63.5,71.3,45.0,履歴少 / 人気以上に走る傾向 / 過小評価傾向 / 市場オッズ妙味
202665081508,2026-08-15,8,タイヨウ,4.0,4.0,菊池一樹,630.0,,,,,,,,,,,,,,,,,,,,,,,,,nar,2026-08-15,36.0,35.0,35.0,35.0,35.0,35.0,45.0,履歴少
202655081508,2026-08-15,8,ダッテウマダモノ,10.0,8.0,椿聡太,51.0,,3.0,8.0,佐賀,3歳ー6組,9.0,9.0,佐賀,3歳ー6組,7.0,11.0,佐賀,3歳ー7組,8.0,7.0,佐賀,3歳ー6組,9.0,8.0,佐賀,3歳ー6組,21.5,9.0,,nar,2026-08-15,57.29,54.9,64.4,30.4,81.5,60.9,45.0,履歴少 / 近走上向き / 市場オッズ妙味
202655081508,2026-08-15,8,ダノンポセイドン,5.0,5.0,出水拓人,56.0,,2.0,3.0,佐賀,C2ー11組,5.0,7.0,佐賀,C2ー11組,11.0,3.0,佐賀,C2ー11組,11.0,3.0,佐賀,C2ー12組,8.0,4.0,佐賀,C2ー11組,4.4,2.0,,nar,2026-08-15,52.14,56.3,33.5,55.3,90.5,45.3,45.0,履歴少 / 近走上向き
202665081508,2026-08-15,8,ドラゴンボーイ,9.0,8.0,島津新,630.0,,,,,,,,,,,,,,,,,,,,,,,,,nar,2026-08-15,36.0,35.0,35.0,35.0,35.0,35.0,45.0,履歴少
202644081508,2026-08-15,8,ニシノシークレット,11.0,8.0,達城龍次,56.0,,4.0,7.0,大井,桂坂賞競走(B3),11.0,10.0,大井,行人坂賞競走(B3),3.0,5.0,大井,木の芽坂賞競走(B3),4.0,7.0,大井,円通寺坂賞競走(B3),8.0,7.0,大井,ゴールデンステッキ賞(B3),22.6,6.0,,nar,2026-08-15,59.72,60.3,59.7,64.7,65.0,60.2,45.0,履歴少 / 近走上向き / 安定感 / 市場オッズ妙味
202665081508,2026-08-15,8,ハゴロモグルービー,10.0,8.0,西謙一,630.0,,,,,,,,,,,,,,,,,,,,,,,,,nar,2026-08-15,36.0,35.0,35.0,35.0,35.0,35.0,45.0,履歴少
202644081508,2026-08-15,8,フェレザ,5.0,5.0,吉井章,54.0,,2.0,8.0,大井,マーメイド特別競走(C1),12.0,3.0,大井,B3六,6.0,5.0,大井,団子坂賞競走(B3),2.0,2.0,園田,C1一,1.0,1.0,園田,西脇市日本のへそ特別(B2),8.5,3.0,,nar,2026-08-15,56.99,66.6,45.7,55.3,69.5,56.5,45.0,履歴少 / 近走上向き
202665081508,2026-08-15,8,ベルンシュタイン,7.0,7.0,吉田理人,620.0,,,,,,,,,,,,,,,,,,,,,,,,,nar,2026-08-15,36.0,35.0,35.0,35.0,35.0,35.0,45.0,履歴少
202655081508,2026-08-15,8,ヤマタケプレーダ,4.0,4.0,山口勲,56.0,,3.0,6.0,佐賀,C2ー10組,4.0,4.0,佐賀,C2ー10組,3.0,9.0,佐賀,C2ー13組,9.0,9.0,佐賀,C2ー12組,10.0,8.0,佐賀,こだまさん来場記念(C2),6.2,3.0,,nar,2026-08-15,65.31,69.2,63.2,75.1,71.0,62.3,45.0,履歴少 / 近走上向き / 安定感
202644081508,2026-08-15,8,ライブリームーラン,2.0,2.0,西優哉,51.0,,13.0,12.0,大井,六角坂賞競走(B3),7.0,6.0,大井,富士見坂賞競走(B3),13.0,13.0,5中山1,3歳以上2勝クラス,7.0,7.0,2福島6,彦星賞(2勝クラス),6.0,18.0,4中京6,尾張特別(2勝クラス),98.8,10.0,,nar,2026-08-15,36.69,28.8,54.8,0.0,21.5,60.0,45.0,履歴少
202644081509,2026-08-15,9,アルティメットサガ,9.0,6.0,藤本現暉,56.0,,1.0,3.0,名古屋,湾岸渚特別(A),4.0,5.0,名古屋,ウラヌス特別(A),5.0,7.0,名古屋,翡翠特別(A),6.0,6.0,名古屋,ポートメテオ特別(A),1.0,4.0,笠松,OKB大垣共立銀行創(A),6.3,4.0,,nar,2026-08-15,69.28,81.9,60.9,85.4,68.0,63.0,45.0,履歴少 / 近走上向き / 安定感
202644081509,2026-08-15,9,イチニチショチョウ,8.0,5.0,達城龍次,56.0,,9.0,10.0,大井,アフター5スター賞ト(A2),9.0,12.0,大井,潮見坂賞競走(B3),8.0,13.0,大井,BSイレブン賞競走(B3),13.0,11.0,大井,桂坂賞競走(B3),10.0,13.0,大井,行人坂賞競走(B3),79.0,11.0,,nar,2026-08-15,44.06,32.1,64.4,0.0,56.0,60.0,45.0,履歴少
202644081509,2026-08-15,9,オーサムデアラー,6.0,4.0,東原悠善,56.0,,14.0,10.0,3阪神2,障害3歳以上未勝利,10.0,11.0,1東京6,4歳以上1勝クラス,10.0,9.0,5東京8,3歳以上1勝クラス,7.0,8.0,4東京5,3歳以上1勝クラス,12.0,9.0,4中山1,3歳以上1勝クラス,25.4,7.0,,nar,2026-08-15,30.52,21.3,40.7,0.0,24.5,52.4,45.0,履歴少 / 市場オッズ妙味
202644081509,2026-08-15,9,カセノタイガー,7.0,5.0,安藤洋一,56.0,,4.0,5.0,大井,東京スポーツ賞競走(B3),2.0,9.0,大井,潮見坂賞競走(B3),10.0,10.0,大井,鼠坂賞競走(B3),10.0,11.0,大井,錦華坂賞競走(B3),11.0,9.0,大井,神楽坂賞競走(B3),6.1,3.0,,nar,2026-08-15,60.41,57.7,63.9,55.3,75.5,62.2,45.0,履歴少 / 近走上向き
202644081509,2026-08-15,9,グラスグリード,2.0,2.0,笹川翼,56.0,,2.0,2.0,大井,東京スポーツ賞競走(B3),4.0,2.0,大井,潮見坂賞競走(B3),1.0,1.0,大井,C1二　三四(C1三),1.0,1.0,大井,シャムロック賞(C1七),2.0,2.0,大井,C1六　七,2.4,1.0,,nar,2026-08-15,66.41,90.8,46.5,100.0,50.0,52.4,45.0,履歴少 / 安定感
202655081509,2026-08-15,9,コマゼロワン,9.0,8.0,竹吉徹,56.0,,8.0,8.0,佐賀,サガデーナイト競馬賞(B),7.0,9.0,佐賀,カーネーション特別(B),7.0,5.0,佐賀,八十八夜賞(B),4.0,5.0,佐賀,穀雨賞(B),4.0,3.0,佐賀,サガデーナイト競馬賞(B),9.4,5.0,,nar,2026-08-15,47.83,55.6,51.0,24.9,35.0,59.5,45.0,履歴少
202655081509,2026-08-15,9,サンサラン,10.0,8.0,後藤武蔵,51.0,,9.0,10.0,佐賀,サガデーナイト競馬賞(B),8.0,6.0,佐賀,Bー4組,5.0,5.0,佐賀,オッズパーク杯(B),10.0,8.0,佐賀,AIパッカル賞(B),5.0,4.0,佐賀,AIパッカル賞(B),19.3,8.0,,nar,2026-08-15,45.28,46.5,45.9,30.1,38.0,61.4,45.0,履歴少 / 市場オッズ妙味
202644081509,2026-08-15,9,シビックフォイル,11.0,7.0,和田譲治,53.0,,1.0,1.0,大井,3歳　選抜牝馬,9.0,7.0,大井,東京プリンセス賞競走(重賞),2.0,2.0,大井,つくし特別競走(3歳二),1.0,7.0,大井,クロッカス特別競走(3歳),1.0,2.0,大井,残堀川賞(3歳),5.5,2.0,,nar,2026-08-15,65.5,82.5,53.4,75.1,63.5,60.5,45.0,履歴少 / 安定感
202665081509,2026-08-15,9,ジェイヒッター,7.0,7.0,西将太,630.0,,,,,,,,,,,,,,,,,,,,,,,,,nar,2026-08-15,36.0,35.0,35.0,35.0,35.0,35.0,45.0,履歴少
202665081509,2026-08-15,9,スターフェニックス,8.0,7.0,船山蔵人,630.0,,,,,,,,,,,,,,,,,,,,,,,,,nar,2026-08-15,36.0,35.0,35.0,35.0,35.0,35.0,45.0,履歴少
202644081509,2026-08-15,9,チャダルクン,10.0,6.0,高野誠毅,56.0,,12.0,15.0,大井,東京スポーツ賞競走(B3),9.0,7.0,大井,B2四,6.0,12.0,大井,春隣賞競走(B2),2.0,4.0,大井,狸坂賞競走(B3),5.0,7.0,大井,道玄坂賞競走(B3),60.3,10.0,,nar,2026-08-15,45.4,44.9,64.7,24.9,11.0,60.6,45.0,履歴少
202665081509,2026-08-15,9,ツガルノセンショウ,2.0,2.0,吉田理人,610.0,,,,,,,,,,,,,,,,,,,,,,,,,nar,2026-08-15,36.0,35.0,35.0,35.0,35.0,35.0,45.0,履歴少
202665081509,2026-08-15,9,ツルイテンカ,9.0,8.0,長澤幸太,630.0,,,,,,,,,,,,,,,,,,,,,,,,,nar,2026-08-15,36.0,35.0,35.0,35.0,35.0,35.0,45.0,履歴少
202644081509,2026-08-15,9,ナギサノルナ,1.0,1.0,篠谷葵,53.0,,6.0,11.0,大井,東京スポーツ賞競走(B3),14.0,13.0,大井,優駿スプリント競走(重賞),3.0,2.0,大井,3歳　選抜牝馬,1.0,1.0,大井,六花賞(2歳),14.0,4.0,大井,ジェムストーン賞競走(重賞),8.0,5.0,,nar,2026-08-15,49.57,49.4,50.3,34.3,62.0,54.3,45.0,履歴少
202655081509,2026-08-15,9,ナッシングオンユー,4.0,4.0,飛田愛斗,54.0,,9.0,8.0,佐賀,ラグーン賞(B),6.0,7.0,佐賀,Bー6組,5.0,4.0,佐賀,ジューン特選(C1),4.0,6.0,佐賀,エメラルド特選(C1),6.0,6.0,佐賀,メイ特選(C1),8.0,3.0,,nar,2026-08-15,48.17,56.6,50.3,34.3,27.5,59.5,45.0,履歴少
202655081509,2026-08-15,9,ナニーピオニー,1.0,1.0,山田義貴,54.0,,10.0,7.0,佐賀,サガデーナイト競馬賞(B),8.0,6.0,佐賀,オッズパーク杯(B),6.0,10.0,佐賀,カーネーション特別(B),6.0,7.0,佐賀,あやめ賞(B),10.0,10.0,佐賀,スイートピー特別(B),30.7,10.0,,nar,2026-08-15,39.82,43.0,46.7,0.0,35.0,56.3,45.0,履歴少 / 市場オッズ妙味
202665081509,2026-08-15,9,ハゴロモビクトリー,1.0,1.0,西謙一,630.0,,,,,,,,,,,,,,,,,,,,,,,,,nar,2026-08-15,36.0,35.0,35.0,35.0,35.0,35.0,45.0,履歴少
202644081509,2026-08-15,9,バンボリーナ,4.0,3.0,吉井章,54.0,,5.0,8.0,船橋,馬い!淡路イザナミ玉(B2B3),5.0,9.0,浦和,メリークリスマス特別(B3),5.0,11.0,船橋,ジャスミンスプリント(B3),12.0,12.0,浦和,近いがうまい埼玉の牛(B2B3),8.0,5.0,船橋,乗馬クラブクレイン千(B3),42.9,9.0,,nar,2026-08-15,62.84,57.3,69.5,75.1,65.0,62.8,45.0,履歴少 / 人気以上に走る傾向 / 近走上向き / 安定感
202644081509,2026-08-15,9,パレスゴールド,12.0,7.0,野畑凌,56.0,,11.0,10.0,大井,六角坂賞競走(B3),5.0,5.0,大井,富士見坂賞競走(B3),6.0,3.0,大井,江戸見坂賞競走(B3),5.0,6.0,大井,ゴールデンステッキ賞(B3),4.0,7.0,大井,別所坂賞競走(B3),40.0,8.0,,nar,2026-08-15,46.05,52.7,46.9,49.8,14.0,56.3,45.0,履歴少 / 市場オッズ妙味
202655081509,2026-08-15,9,パワポケチャンプ,6.0,6.0,出水拓人,56.0,,4.0,8.0,佐賀,虹の日賞(B),4.0,10.0,佐賀,Bー5組,8.0,9.0,佐賀,サガデーナイト競馬賞(B),8.0,9.0,佐賀,AIパッカル賞(B),8.0,10.0,佐賀,AIパッカル賞(B),8.6,4.0,,nar,2026-08-15,63.61,61.7,72.8,55.3,68.0,68.3,45.0,履歴少 / 人気以上に走る傾向 / 近走上向き / 過小評価傾向
202655081509,2026-08-15,9,プアラニ,3.0,3.0,田中純,54.0,,6.0,9.0,佐賀,サガデーナイト競馬賞(B),9.0,8.0,佐賀,Bー4組,8.0,10.0,佐賀,すずらん賞(B),5.0,5.0,佐賀,みどりの日賞(B),2.0,6.0,佐賀,穀雨賞(B),14.6,7.0,,nar,2026-08-15,52.78,55.3,60.3,24.9,50.0,66.6,45.0,履歴少 / 過小評価傾向 / 市場オッズ妙味
202644081509,2026-08-15,9,ヘルメース,5.0,4.0,矢野貴之,56.0,,4.0,4.0,大井,六角坂賞競走(B3),6.0,4.0,大井,富士見坂賞競走(B3),8.0,8.0,大井,’26メトロポリタン(A2B1),10.0,12.0,3中山3,4歳以上2勝クラス,7.0,10.0,2中山5,4歳以上2勝クラス,14.4,6.0,,nar,2026-08-15,53.62,56.2,50.7,30.4,72.5,63.3,45.0,履歴少 / 近走上向き / 市場オッズ妙味
202665081509,2026-08-15,9,ホクセイカツサクラ,3.0,3.0,渡来心路,610.0,,,,,,,,,,,,,,,,,,,,,,,,,nar,2026-08-15,36.0,35.0,35.0,35.0,35.0,35.0,45.0,履歴少
202665081509,2026-08-15,9,ホクセイビックボス,10.0,8.0,島津新,630.0,,,,,,,,,,,,,,,,,,,,,,,,,nar,2026-08-15,36.0,35.0,35.0,35.0,35.0,35.0,45.0,履歴少
202665081509,2026-08-15,9,ホクセイマリン,4.0,4.0,鈴木恵介,600.0,,,,,,,,,,,,,,,,,,,,,,,,,nar,2026-08-15,36.0,35.0,35.0,35.0,35.0,35.0,45.0,履歴少
202655081509,2026-08-15,9,マイブレイブ,5.0,5.0,青海大樹,55.0,,10.0,12.0,佐賀,ラベンダー特別(B),9.0,9.0,佐賀,初夏賞(B),9.0,3.0,佐賀,アマリリス賞,5.0,3.0,金沢,B12,3.0,5.0,金沢,日本海スプリント(重賞),28.0,9.0,,nar,2026-08-15,41.47,43.2,45.4,24.9,29.0,53.7,45.0,履歴少 / 市場オッズ妙味
202665081509,2026-08-15,9,マオノダイマオー,6.0,6.0,阿部優哉,630.0,,,,,,,,,,,,,,,,,,,,,,,,,nar,2026-08-15,36.0,35.0,35.0,35.0,35.0,35.0,45.0,履歴少
202644081509,2026-08-15,9,モンゲーキララ,13.0,8.0,新原周馬,54.0,,15.0,14.0,大井,東風賞競走(B2),14.0,15.0,大井,わかば賞競走(B2),12.0,12.0,大井,プリムラ賞競走(B2),12.0,13.0,大井,ダイヤモンドダスト賞(B2),12.0,12.0,大井,ガーネット賞競走(B2),293.1,13.0,,nar,2026-08-15,29.94,5.4,50.6,0.0,35.0,54.1,45.0,履歴少
202655081509,2026-08-15,9,ラインアンジェラ,2.0,2.0,椿聡太,51.0,,,9.0,佐賀,サガデーナイト競馬賞(B),8.0,6.0,佐賀,梅花特別(B),11.0,3.0,佐賀,第9回エーエスピー福,11.0,5.0,佐賀,門松賞(B),2.0,3.0,佐賀,第5回エーエスピー福,14.5,6.0,,nar,2026-08-15,34.75,39.3,21.3,10.3,50.0,49.2,45.0,履歴少 / 市場オッズ妙味
202644081509,2026-08-15,9,ラペルシェール,14.0,8.0,谷内貫太,55.0,,10.0,16.0,大井,東京スポーツ賞競走(B3),10.0,13.0,大井,潮見坂賞競走(B3),6.0,12.0,大井,鼠坂賞競走(B3),12.0,13.0,大井,錦華坂賞競走(B3),7.0,16.0,大井,神楽坂賞競走(B3),131.2,12.0,,nar,2026-08-15,49.14,34.5,83.8,0.0,42.5,69.8,45.0,履歴少 / 人気以上に走る傾向 / 過小評価傾向
202665081509,2026-08-15,9,リックンフィーバー,5.0,5.0,中原蓮,630.0,,,,,,,,,,,,,,,,,,,,,,,,,nar,2026-08-15,36.0,35.0,35.0,35.0,35.0,35.0,45.0,履歴少
202644081509,2026-08-15,9,レディメローラ,3.0,3.0,杉山海波,51.0,,12.0,12.0,大井,淡路坂賞競走(B3),11.0,13.0,大井,リキラリアット賞競走(B3),14.0,15.0,大井,錦華坂賞競走(B3),14.0,7.0,大井,臼田坂賞競走(B3),18.0,14.0,1阪神3,4歳以上2勝クラス,540.7,14.0,,nar,2026-08-15,32.06,8.6,44.8,0.0,63.5,48.3,45.0,履歴少
202655081509,2026-08-15,9,ワールドペコ,8.0,7.0,中山蓮王,54.0,,1.0,1.0,園田,C3二,6.0,2.0,園田,C3,5.0,7.0,園田,米地ダッシュC3,7.0,5.0,園田,C3二,12.0,6.0,園田,2026HUK☆GW(C3),7.6,2.0,,nar,2026-08-15,56.88,67.6,39.4,50.2,89.0,52.1,45.0,履歴少 / 近走上向き
202655081509,2026-08-15,9,ヴィアトル,7.0,7.0,川島拓,54.0,,3.0,3.0,佐賀,虹の日賞(B),3.0,5.0,佐賀,Bー5組,2.0,7.0,佐賀,AIパッカル賞(B),3.0,4.0,佐賀,エメラルド特選(C1),2.0,5.0,佐賀,メイ特選(C1),1.9,1.0,,nar,2026-08-15,69.98,86.4,63.6,100.0,47.0,59.9,45.0,履歴少 / 安定感
202655081510,2026-08-15,10,アナザーヴィータ,10.0,7.0,青海大樹,55.0,,6.0,8.0,佐賀,UMATENA賞(C1),8.0,7.0,佐賀,C1ー7組,4.0,8.0,佐賀,KYUSHUDREA(C1),5.0,7.0,佐賀,AIパッカル賞(C1),4.0,4.0,佐賀,C1ー8組,83.9,12.0,,nar,2026-08-15,55.23,62.0,60.1,44.7,45.5,58.1,45.0,履歴少
202665081510,2026-08-15,10,ウンジョウノキセキ,4.0,4.0,長澤幸太,640.0,,,,,,,,,,,,,,,,,,,,,,,,,nar,2026-08-15,36.0,35.0,35.0,35.0,35.0,35.0,45.0,履歴少
202644081510,2026-08-15,10,エーデルワイス,14.0,8.0,野畑凌,54.0,,6.0,3.0,大井,わし座特別競走(C2),10.0,4.0,大井,さそり座特別競走(C1),2.0,3.0,大井,春駒特別競走(C2),4.0,3.0,大井,師走特別競走(C2),5.0,3.0,大井,オリオン座特別競走(C2),10.5,6.0,,nar,2026-08-15,47.64,61.5,32.1,44.7,45.5,52.9,45.0,履歴少
202665081510,2026-08-15,10,オオゾラタカラ,7.0,7.0,赤塚健仁,640.0,,,,,,,,,,,,,,,,,,,,,,,,,nar,2026-08-15,36.0,35.0,35.0,35.0,35.0,35.0,45.0,履歴少
202655081510,2026-08-15,10,クライミーアリバー,6.0,5.0,長谷川蓮,54.0,,5.0,3.0,佐賀,カーネリアン賞(C1),5.0,4.0,佐賀,C1ー4組,5.0,2.0,佐賀,C1ー4組,3.0,3.0,佐賀,地図の日賞(C1),5.0,2.0,佐賀,C1ー5組,26.6,9.0,,nar,2026-08-15,57.94,70.3,37.7,100.0,47.0,50.5,45.0,履歴少 / 安定感 / 市場オッズ妙味
202665081510,2026-08-15,10,クリスタルホーク,8.0,7.0,島津新,640.0,,,,,,,,,,,,,,,,,,,,,,,,,nar,2026-08-15,36.0,35.0,35.0,35.0,35.0,35.0,45.0,履歴少
202644081510,2026-08-15,10,グリスタン,7.0,5.0,西優哉,53.0,,9.0,6.0,大井,わし座特別競走(C2),1.0,2.0,大井,夏至賞(C2),3.0,3.0,大井,万緑特別競走(C2),4.0,10.0,大井,JAいちかわ賞(C2),6.0,7.0,大井,C2五　六,4.7,2.0,,nar,2026-08-15,54.09,69.8,52.2,59.3,17.0,59.8,45.0,履歴少
202644081510,2026-08-15,10,ケンオーシャン,13.0,8.0,和田譲治,56.0,,8.0,9.0,大井,わし座特別競走(C2),11.0,11.0,大井,START!賞競走(C1),7.0,4.0,大井,C1二,2.0,6.0,大井,おおぐま座特別競走(C2),2.0,8.0,大井,立会川賞(C2),25.7,9.0,,nar,2026-08-15,48.28,51.6,56.4,24.9,35.0,61.5,45.0,履歴少 / 市場オッズ妙味
202655081510,2026-08-15,10,ケンタッキーダンス,8.0,6.0,中山蓮王,54.0,,3.0,12.0,佐賀,カーネリアン賞(C1),6.0,6.0,佐賀,C1ー4組,5.0,7.0,佐賀,C1ー4組,7.0,10.0,佐賀,C1ー4組,10.0,10.0,佐賀,メイ特選(C1),68.7,11.0,,nar,2026-08-15,64.19,64.4,75.0,50.2,74.0,62.6,45.0,履歴少 / 人気以上に走る傾向 / 近走上向き
202655081510,2026-08-15,10,コムルヴァン,9.0,7.0,出水拓人,54.0,,5.0,3.0,高知,C3ー11,10.0,11.0,1函館3,3歳以上1勝クラス,11.0,11.0,1函館1,3歳以上1勝クラス,10.0,11.0,川崎,フェブラリースター賞(B2B3),13.0,11.0,3福島4,3歳以上1勝クラス,12.3,7.0,,nar,2026-08-15,48.18,36.1,47.1,30.4,86.0,59.4,45.0,履歴少 / 近走上向き / 市場オッズ妙味
202644081510,2026-08-15,10,サラニキケン,6.0,4.0,鷹見陸,54.0,,8.0,9.0,大井,C2三　四五(C2四),8.0,6.0,大井,クォーター・デック賞(C1),12.0,12.0,1福島2,燧ヶ岳特別(1勝クラス),11.0,12.0,2中山7,4歳以上1勝クラス,10.0,7.0,2中山2,4歳以上1勝クラス,41.3,11.0,,nar,2026-08-15,40.23,32.5,47.5,0.0,63.5,54.3,45.0,履歴少 / 市場オッズ妙味
202644081510,2026-08-15,10,ショーシャンク,1.0,1.0,木澤奨,53.0,,3.0,10.0,大井,わし座特別競走(C2),8.0,8.0,大井,ヘラクレス座特別競走(C2),4.0,3.0,大井,きりん座特別競走(C2),1.0,3.0,大井,C2三,3.0,11.0,大井,四谷見附特別競走(C2),20.7,8.0,,nar,2026-08-15,67.63,74.8,71.3,75.1,56.0,66.7,45.0,履歴少 / 人気以上に走る傾向 / 安定感 / 過小評価傾向
202655081510,2026-08-15,10,スマートルヴァン,7.0,6.0,石川慎将,54.0,,7.0,2.0,園田,3歳C1一,2.0,1.0,園田,3歳C1,13.0,8.0,3京都4,3歳未勝利,6.0,12.0,2阪神7,3歳未勝利,13.0,10.0,1阪神8,3歳未勝利,9.3,6.0,,nar,2026-08-15,44.12,48.7,34.7,24.9,59.0,54.3,45.0,履歴少
202655081510,2026-08-15,10,タートルインメイ,3.0,3.0,竹吉徹,54.0,,2.0,1.0,佐賀,脳みそ夫さん来場記念(3歳),6.0,13.0,3東京2,3歳未勝利,7.0,4.0,2東京6,3歳未勝利,5.0,9.0,3中山8,3歳未勝利,11.0,8.0,3中山1,3歳1勝クラス,3.8,1.0,,nar,2026-08-15,59.97,65.2,57.9,45.0,81.5,58.3,45.0,履歴少 / 近走上向き
202665081510,2026-08-15,10,ダイヤセンプー,6.0,6.0,今井千尋,630.0,,,,,,,,,,,,,,,,,,,,,,,,,nar,2026-08-15,36.0,35.0,35.0,35.0,35.0,35.0,45.0,履歴少
202665081510,2026-08-15,10,ツカサセンター,10.0,8.0,大友一馬,640.0,,,,,,,,,,,,,,,,,,,,,,,,,nar,2026-08-15,36.0,35.0,35.0,35.0,35.0,35.0,45.0,履歴少
202644081510,2026-08-15,10,ディサイデッド,10.0,6.0,谷内貫太,55.0,,8.0,8.0,大井,C211　1213(C212),5.0,10.0,大井,C2六　七,6.0,7.0,大井,万緑特別競走(C2),7.0,5.0,大井,JAいちかわ賞(C2),4.0,10.0,大井,こじし座特別競走(C2),50.3,12.0,,nar,2026-08-15,52.44,57.6,62.4,35.3,35.0,60.0,45.0,履歴少
202644081510,2026-08-15,10,デスタン,9.0,6.0,御神本訓,56.0,,7.0,2.0,大井,わし座特別競走(C2),2.0,1.0,大井,夏至賞(C2),7.0,1.0,大井,初凪特別競走(C2),8.0,2.0,大井,春駒特別競走(C2),2.0,4.0,大井,師走特別競走(C2),5.7,3.0,,nar,2026-08-15,43.79,64.9,24.6,35.3,36.5,47.0,45.0,履歴少
202644081510,2026-08-15,10,デルマアリエル,8.0,5.0,達城龍次,56.0,,4.0,1.0,大井,わし座特別競走(C2),1.0,1.0,大井,オレンジ・ブロッサム(C2),5.0,4.0,大井,C2十　1112(C211),4.0,7.0,大井,C2十　1112(C211),12.0,3.0,大井,C2十　11,4.1,1.0,,nar,2026-08-15,59.24,73.8,38.8,89.7,59.0,49.5,45.0,履歴少 / 安定感
202644081510,2026-08-15,10,ビーンスモークモカ,12.0,7.0,笹川翼,54.0,,5.0,7.0,大井,わし座特別競走(C2),7.0,5.0,大井,ヘラクレス座特別競走(C2),3.0,7.0,大井,C2三　四五(C2四),10.0,3.0,大井,3歳　選抜牝馬,7.0,3.0,大井,3歳一　二三(3歳二),6.7,4.0,,nar,2026-08-15,53.09,59.7,46.3,50.2,60.5,53.5,45.0,履歴少
202644081510,2026-08-15,10,ピンナダ,5.0,4.0,藤本現暉,56.0,,7.0,7.0,大井,C2三　四五(C2四),6.0,7.0,大井,赤坂見附特別競走(C1),4.0,11.0,大井,小石川見附特別競走(C1),8.0,3.0,大井,おうし座特別競走(C1),5.0,4.0,大井,冬野特別競走(C1),15.9,7.0,,nar,2026-08-15,51.97,59.2,55.6,30.1,42.5,63.1,45.0,履歴少 / 市場オッズ妙味
202665081510,2026-08-15,10,フジノボーイ,5.0,5.0,鈴木恵介,640.0,,,,,,,,,,,,,,,,,,,,,,,,,nar,2026-08-15,36.0,35.0,35.0,35.0,35.0,35.0,45.0,履歴少
202644081510,2026-08-15,10,フタバサクセス,2.0,2.0,西啓太,56.0,,2.0,4.0,大井,わし座特別競走(C2),6.0,8.0,大井,フロリダ賞(C1),10.0,8.0,大井,C1八　九,2.0,4.0,大井,うしかい座特別競走(C2),5.0,4.0,大井,こじし座特別競走(C2),7.8,5.0,,nar,2026-08-15,61.14,68.9,56.3,55.3,72.5,60.7,45.0,履歴少 / 近走上向き
202655081510,2026-08-15,10,フランシーヌ,1.0,1.0,川島拓,54.0,,2.0,2.0,佐賀,SAGAリベンジャー(3歳),3.0,3.0,佐賀,3歳ー8組,2.0,6.0,佐賀,3歳ー10組,4.0,3.0,佐賀,SAGAリベンジャー(3歳),3.0,2.0,佐賀,SAGAリベンジャー(3歳),16.4,8.0,,nar,2026-08-15,69.59,86.8,53.8,100.0,56.0,65.3,45.0,履歴少 / 安定感 / 過小評価傾向 / 市場オッズ妙味
202655081510,2026-08-15,10,フランジパーヌ,4.0,4.0,山田義貴,54.0,,8.0,3.0,高知,3歳ー2,11.0,4.0,高知,黒潮皐月賞(重賞),3.0,1.0,高知,3歳ー2,1.0,1.0,高知,3歳ー3,1.0,1.0,高知,3歳ー4,5.7,3.0,,nar,2026-08-15,42.36,59.9,24.4,44.7,26.0,48.3,45.0,履歴少
202655081510,2026-08-15,10,ブルームソング,2.0,2.0,田中直人,54.0,,3.0,2.0,高知,C3ー4,4.0,3.0,高知,C3ー5,10.0,7.0,高知,アヤメ特別(C3),1.0,3.0,高知,C3ー10,3.0,7.0,高知,全日本新人王争覇戦第(C3),8.0,4.0,,nar,2026-08-15,61.32,73.3,46.9,80.2,59.0,59.5,45.0,履歴少 / 安定感
202644081510,2026-08-15,10,ブレスト,3.0,3.0,東原悠善,54.0,,11.0,14.0,大井,わし座特別競走(C2),10.0,10.0,大井,夏至賞(C2),9.0,10.0,大井,万緑特別競走(C2),11.0,11.0,大井,JAいちかわ賞(C2),11.0,12.0,大井,C2二　三四(C2三),261.8,14.0,,nar,2026-08-15,38.99,25.2,58.5,0.0,45.5,56.8,45.0,履歴少
202665081510,2026-08-15,10,プラチナガール,1.0,1.0,臼杵龍美,610.0,,,,,,,,,,,,,,,,,,,,,,,,,nar,2026-08-15,36.0,35.0,35.0,35.0,35.0,35.0,45.0,履歴少
202665081510,2026-08-15,10,ホクセイマジェスタ,2.0,2.0,中村太陽,640.0,,,,,,,,,,,,,,,,,,,,,,,,,nar,2026-08-15,36.0,35.0,35.0,35.0,35.0,35.0,45.0,履歴少
202665081510,2026-08-15,10,ホクトヒーロー,3.0,3.0,村上章,640.0,,,,,,,,,,,,,,,,,,,,,,,,,nar,2026-08-15,36.0,35.0,35.0,35.0,35.0,35.0,45.0,履歴少
202655081510,2026-08-15,10,マインドマイワーズ,5.0,5.0,長田進仁,56.0,,8.0,10.0,佐賀,長崎街道田代宿特選(C1),3.0,1.0,佐賀,サガデーナイトフィー(C1),8.0,7.0,佐賀,ジューン特選(C1),9.0,7.0,佐賀,エメラルド特選(C1),9.0,7.0,佐賀,長崎街道木屋瀬宿特選(C1),53.4,10.0,,nar,2026-08-15,45.55,52.0,45.9,24.9,45.5,50.2,45.0,履歴少
202644081510,2026-08-15,10,ミツカネマーズ,11.0,7.0,千田洋,56.0,,6.0,5.0,大井,夏至賞(C2),8.0,4.0,大井,万緑特別競走(C2),3.0,8.0,大井,JAいちかわ賞(C2),12.0,8.0,大井,こじし座特別競走(C2),4.0,5.0,大井,オレンジ・ブロッサム(C2),35.8,10.0,,nar,2026-08-15,48.44,55.4,44.4,30.1,54.5,54.3,45.0,履歴少 / 市場オッズ妙味
202665081510,2026-08-15,10,ユウマダイマジン,9.0,8.0,西将太,640.0,,,,,,,,,,,,,,,,,,,,,,,,,nar,2026-08-15,36.0,35.0,35.0,35.0,35.0,35.0,45.0,履歴少
202644081510,2026-08-15,10,リュウノウィザード,4.0,3.0,高橋昭平,54.0,,6.0,14.0,大井,C2三　四五(C2四),9.0,12.0,大井,河津桜特別競走(C1C2),7.0,14.0,大井,C1八　九,6.0,13.0,大井,C1七　八,7.0,7.0,大井,センリョウ賞(C1),54.2,13.0,,nar,2026-08-15,57.0,51.6,89.1,0.0,57.5,69.8,45.0,履歴少 / 人気以上に走る傾向 / 過小評価傾向
202655081510,2026-08-15,10,ロイヤルサウンダ,12.0,8.0,飛田愛斗,54.0,,2.0,5.0,高知,3歳ー3,4.0,8.0,高知,3歳ー5,3.0,7.0,高知,3歳ー6,7.0,6.0,高知,3歳ー6,8.0,10.0,大井,3歳12　1314(3歳13),4.3,2.0,,nar,2026-08-15,68.8,75.6,69.3,75.1,71.0,64.0,45.0,履歴少 / 人気以上に走る傾向 / 近走上向き / 安定感
202655081510,2026-08-15,10,ロトファイター,11.0,8.0,椿聡太,53.0,,3.0,4.0,佐賀,サガデーナイト競馬賞(C1),2.0,1.0,佐賀,サンスベリア賞(C1),2.0,3.0,佐賀,C1ー6組,9.0,1.0,佐賀,おっちゃんの山記念(C1),5.0,3.0,佐賀,C1ー6組,8.1,5.0,,nar,2026-08-15,61.47,78.9,42.1,85.4,59.0,53.1,45.0,履歴少 / 安定感
202665081511,2026-08-15,11,ウチュウジン,4.0,4.0,長澤幸太,680.0,,,,,,,,,,,,,,,,,,,,,,,,,nar,2026-08-15,36.0,35.0,35.0,35.0,35.0,35.0,45.0,履歴少
202665081511,2026-08-15,11,オオネガイキンヒメ,8.0,8.0,赤塚健仁,660.0,,,,,,,,,,,,,,,,,,,,,,,,,nar,2026-08-15,36.0,35.0,35.0,35.0,35.0,35.0,45.0,履歴少
202665081511,2026-08-15,11,サカノテンリュウ,2.0,2.0,船山蔵人,680.0,,,,,,,,,,,,,,,,,,,,,,,,,nar,2026-08-15,36.0,35.0,35.0,35.0,35.0,35.0,45.0,履歴少
202665081511,2026-08-15,11,ショウリノホシ,3.0,3.0,村上章,680.0,,,,,,,,,,,,,,,,,,,,,,,,,nar,2026-08-15,36.0,35.0,35.0,35.0,35.0,35.0,45.0,履歴少
202665081511,2026-08-15,11,ツガルフジ,6.0,6.0,渡来心路,680.0,,,,,,,,,,,,,,,,,,,,,,,,,nar,2026-08-15,36.0,35.0,35.0,35.0,35.0,35.0,45.0,履歴少
202665081511,2026-08-15,11,ブラックウンカイ,5.0,5.0,鈴木恵介,670.0,,,,,,,,,,,,,,,,,,,,,,,,,nar,2026-08-15,36.0,35.0,35.0,35.0,35.0,35.0,45.0,履歴少
202665081511,2026-08-15,11,ホクセイテンリュウ,1.0,1.0,今井千尋,670.0,,,,,,,,,,,,,,,,,,,,,,,,,nar,2026-08-15,36.0,35.0,35.0,35.0,35.0,35.0,45.0,履歴少
202665081511,2026-08-15,11,マサタカラ,9.0,8.0,金田利貴,680.0,,,,,,,,,,,,,,,,,,,,,,,,,nar,2026-08-15,36.0,35.0,35.0,35.0,35.0,35.0,45.0,履歴少
202665081511,2026-08-15,11,レイリーキング,7.0,7.0,中村太陽,680.0,,,,,,,,,,,,,,,,,,,,,,,,,nar,2026-08-15,36.0,35.0,35.0,35.0,35.0,35.0,45.0,履歴少
202665081512,2026-08-15,12,アソノウンカイ,1.0,1.0,中原蓮,620.0,,,,,,,,,,,,,,,,,,,,,,,,,nar,2026-08-15,36.0,35.0,35.0,35.0,35.0,35.0,45.0,履歴少
202665081512,2026-08-15,12,インカン,6.0,6.0,渡来心路,610.0,,,,,,,,,,,,,,,,,,,,,,,,,nar,2026-08-15,36.0,35.0,35.0,35.0,35.0,35.0,45.0,履歴少
202665081512,2026-08-15,12,エーデルシュタイン,2.0,2.0,金田利貴,620.0,,,,,,,,,,,,,,,,,,,,,,,,,nar,2026-08-15,36.0,35.0,35.0,35.0,35.0,35.0,45.0,履歴少
202665081512,2026-08-15,12,オーシャンヒーロー,5.0,5.0,西将太,620.0,,,,,,,,,,,,,,,,,,,,,,,,,nar,2026-08-15,36.0,35.0,35.0,35.0,35.0,35.0,45.0,履歴少
202665081512,2026-08-15,12,キョウエイプラチナ,7.0,7.0,中村太陽,620.0,,,,,,,,,,,,,,,,,,,,,,,,,nar,2026-08-15,36.0,35.0,35.0,35.0,35.0,35.0,45.0,履歴少
202665081512,2026-08-15,12,クリスタルケルビム,9.0,8.0,菊池一樹,620.0,,,,,,,,,,,,,,,,,,,,,,,,,nar,2026-08-15,36.0,35.0,35.0,35.0,35.0,35.0,45.0,履歴少
202665081512,2026-08-15,12,トモコ,3.0,3.0,臼杵龍美,580.0,,,,,,,,,,,,,,,,,,,,,,,,,nar,2026-08-15,36.0,35.0,35.0,35.0,35.0,35.0,45.0,履歴少
202665081512,2026-08-15,12,ドウナンカツユウホ,4.0,4.0,鈴木恵介,620.0,,,,,,,,,,,,,,,,,,,,,,,,,nar,2026-08-15,36.0,35.0,35.0,35.0,35.0,35.0,45.0,履歴少
202665081512,2026-08-15,12,フクフクライデン,8.0,7.0,村上章,620.0,,,,,,,,,,,,,,,,,,,,,,,,,nar,2026-08-15,36.0,35.0,35.0,35.0,35.0,35.0,45.0,履歴少
202665081512,2026-08-15,12,リアンドノール,10.0,8.0,阿部優哉,620.0,,,,,,,,,,,,,,,,,,,,,,,,,nar,2026-08-15,36.0,35.0,35.0,35.0,35.0,35.0,45.0,履歴少
