race_id,日付,レース,馬名,馬番,枠,騎手,斤量,実着順,着順1,人気1,場1,レース名1,タイム1,着差1,馬場1,着順2,人気2,場2,レース名2,タイム2,着差2,馬場2,着順3,人気3,場3,レース名3,タイム3,着差3,馬場3,着順4,人気4,場4,レース名4,タイム4,着差4,馬場4,着順5,人気5,場5,レース名5,タイム5,着差5,馬場5,単勝オッズ,人気,オッズ更新日時,source,_date,AREru指数,因子_performance,因子_upset,因子_consistency,因子_trend,因子_value,因子_context,理由
202609040401,2026-09-13,1,ウィザードシチー,1.0,1.0,亀田,55.0,,5.0,12.0,3新潟4,2歳新馬,1:59.5,2.0,晴,,,,,,,,,,,,,,,,,,,,,,,,,,,,,7.9,3.0,2026-09-13 02:40:16,jra,2026-09-13,44.82,44.6,51.4,36.3,40.6,42.0,48.8,前走人気以上 / 履歴少 / サンプル少
202609040401,2026-09-13,1,ウンディーネ,4.0,4.0,坂井,55.0,,3.0,2.0,3阪神3,2歳新馬,1:27.8,0.9,晴,,,,,,,,,,,,,,,,,,,,,,,,,,,,,2.8,1.0,2026-09-13 02:40:16,jra,2026-09-13,42.5,48.1,39.1,36.3,40.6,39.5,48.8,履歴少 / サンプル少
202609040401,2026-09-13,1,カクシンゴールド,3.0,3.0,△柴田裕,53.0,,8.0,9.0,1函館9,2歳未勝利,1:01.2,2.1,小雨,9.0,6.0,1函館3,2歳新馬,1:02.8,3.6,晴,,,,,,,,,,,,,,,,,,,,,,108.7,11.0,2026-09-13 02:40:16,jra,2026-09-13,40.92,40.2,42.4,18.0,48.8,46.2,50.0,サンプル少
202606040401,2026-09-13,1,グロリアラウス,7.0,7.0,小牧加,60.0,,11.0,8.0,2新潟8,NST賞(OP),1:11.9,1.5,晴,10.0,3.0,3東京4,パラダイスS(L),1:21.4,1.1,曇,4.0,5.0,1新潟4,谷川岳S(L),1:21.4,0.3,晴,12.0,10.0,1阪神1,阪急杯(GIII),1:20.1,1.2,晴,12.0,9.0,5阪神7,阪神C(GII),1:20.4,1.4,晴,10.5,6.0,2026-09-13 01:55:01,jra,2026-09-13,33.82,31.1,28.6,19.8,41.0,43.5,48.8,履歴少
202606040401,2026-09-13,1,ゴールデンルーキー,10.0,8.0,草野,60.0,,2.0,4.0,2小倉3,障害3歳以上未勝利,3:15.5,0.0,雨,4.0,5.0,3阪神2,障害3歳以上未勝利,3:25.0,1.5,雨,7.0,3.0,2阪神2,障害4歳以上未勝利,3:31.8,3.5,晴,8.0,5.0,1小倉7,障害4歳以上未勝利,3:19.6,1.7,曇,8.0,3.0,5中山2,障害3歳以上未勝利,3:22.9,2.6,晴,5.1,3.0,2026-09-13 01:55:01,jra,2026-09-13,57.8,68.1,43.8,55.3,78.5,51.1,50.0,近走上向き
202606040401,2026-09-13,1,サラフィエル,8.0,7.0,大江圭,60.0,,4.0,6.0,2福島6,障害3歳以上未勝利,3:05.2,1.4,小雨,6.0,7.0,2中山8,障害4歳以上未勝利,3:14.8,1.0,晴,4.0,3.0,1中山6,障害4歳以上未勝利,3:17.0,2.1,晴,4.0,2.0,5阪神8,障害3歳以上未勝利,3:26.0,1.4,晴,5.0,1.0,3福島2,障害3歳以上未勝利,3:05.3,0.6,曇,4.1,2.0,2026-09-13 01:55:01,jra,2026-09-13,59.88,71.2,49.7,75.1,54.5,53.4,50.0,安定感
202609040401,2026-09-13,1,シュライアハフト,7.0,6.0,佐々木,55.0,,7.0,9.0,2小倉4,2歳新馬,1:48.5,3.4,曇,,,,,,,,,,,,,,,,,,,,,,,,,,,,,28.5,10.0,2026-09-13 02:40:16,jra,2026-09-13,41.31,41.1,43.7,29.6,40.6,42.0,50.0,サンプル少
202606040401,2026-09-13,1,シークレットキー,2.0,2.0,小野寺,60.0,,2.0,5.0,3中京2,障害3歳以上未勝利,3:19.3,0.5,晴,8.0,8.0,2小倉3,障害3歳以上未勝利,3:18.4,2.9,雨,9.0,6.0,1新潟1,障害4歳以上未勝利,3:17.0,4.3,晴,6.0,9.0,1小倉5,障害4歳以上未勝利,3:19.2,3.2,雨,15.0,14.0,5阪神6,御影S(3勝クラス),1:24.4,1.9,雨,5.3,4.0,2026-09-13 01:55:01,jra,2026-09-13,56.42,54.8,54.6,30.4,95.0,56.6,50.0,前走人気以上 / 近走上向き
202609040401,2026-09-13,1,スイトーヨ,6.0,6.0,◇永島,53.0,,13.0,3.0,2小倉7,ひまわり賞(OP),1:12.2,1.8,晴,2.0,5.0,2小倉4,2歳未勝利,1:11.0,0.2,雨,6.0,2.0,2小倉2,2歳新馬,1:12.6,1.1,晴,,,,,,,,,,,,,,,12.1,6.0,2026-09-13 02:40:16,jra,2026-09-13,33.09,48.0,21.3,24.9,0.0,42.9,55.7,小倉実績 / 市場オッズ妙味
202609040401,2026-09-13,1,スティルラブハー,11.0,8.0,西村淳,55.0,,8.0,3.0,3中京2,2歳新馬,1:24.5,2.5,晴,,,,,,,,,,,,,,,,,,,,,,,,,,,,,3.5,2.0,2026-09-13 02:40:16,jra,2026-09-13,37.14,39.3,32.9,29.6,40.6,35.1,48.8,履歴少 / サンプル少
202606040401,2026-09-13,1,ストラクチャー,9.0,8.0,▲水沼,57.0,,6.0,7.0,2小倉4,障害3歳以上未勝利,3:14.7,1.9,雨,6.0,9.0,3中山6,障害4歳以上未勝利,3:18.1,1.9,晴,5.0,5.0,1小倉12,障害4歳以上未勝利,3:18.0,2.0,晴,3.0,8.0,1小倉5,障害4歳以上未勝利,3:18.5,0.2,小雨,7.0,8.0,5中山4,障害3歳以上未勝利,3:21.4,3.4,雨,20.9,8.0,2026-09-13 01:55:01,jra,2026-09-13,56.31,64.3,63.2,34.3,45.5,61.2,50.0,市場オッズ妙味
202606040401,2026-09-13,1,スノーリン,3.0,3.0,▲土田,57.0,,11.0,12.0,3新潟4,障害3歳以上未勝利,3:11.3,8.1,曇,10.0,14.0,2福島6,障害3歳以上未勝利,3:07.6,3.8,小雨,8.0,13.0,1新潟8,障害4歳以上未勝利,3:15.9,4.4,曇,11.0,14.0,3京都2,障害4歳以上未勝利,3:29.9,9.9,晴,13.0,14.0,1阪神8,障害4歳以上未勝利,3:32.0,6.8,曇,71.1,10.0,2026-09-13 01:55:01,jra,2026-09-13,42.82,25.1,69.8,0.0,47.0,60.0,50.0,前走人気以上 / 人気以上に走る傾向
202606040401,2026-09-13,1,セイウンビッグバン,5.0,5.0,伴,60.0,,6.0,5.0,2新潟8,障害3歳以上未勝利,3:05.6,0.6,晴,3.0,8.0,2新潟2,障害3歳以上未勝利,3:08.1,0.9,雨,8.0,12.0,1新潟7,障害4歳以上未勝利,3:14.1,2.7,晴,13.0,10.0,3中山4,4歳以上1勝クラス,1:12.9,2.1,晴,7.0,14.0,1中山3,4歳以上1勝クラス,1:13.3,0.8,晴,4.0,1.0,2026-09-13 01:55:01,jra,2026-09-13,54.3,53.8,64.1,24.9,60.5,62.2,48.8,履歴少
202609040401,2026-09-13,1,ダイシンレジウス,10.0,8.0,吉村,55.0,,8.0,5.0,3中京1,2歳新馬,2:01.3,5.5,晴,,,,,,,,,,,,,,,,,,,,,,,,,,,,,11.9,5.0,2026-09-13 02:40:16,jra,2026-09-13,38.19,39.3,36.0,29.6,40.6,37.3,48.8,履歴少 / サンプル少
202609040401,2026-09-13,1,ダイメイアゲイン,2.0,2.0,川須,55.0,,8.0,9.0,3中京4,2歳未勝利,1:22.6,2.0,晴,7.0,7.0,2中京5,2歳新馬,1:23.7,1.7,晴,,,,,,,,,,,,,,,,,,,,,,26.4,9.0,2026-09-13 02:40:16,jra,2026-09-13,43.01,44.2,47.6,18.0,42.2,50.8,48.8,履歴少 / サンプル少 / 市場オッズ妙味
202606040401,2026-09-13,1,プレミアブルー,6.0,6.0,中村,60.0,,3.0,9.0,2新潟8,障害3歳以上未勝利,3:05.4,0.4,晴,7.0,8.0,3東京6,障害3歳以上未勝利,3:28.4,2.2,曇,5.0,9.0,1新潟7,障害4歳以上未勝利,3:12.7,1.3,晴,10.0,10.0,2中山4,障害4歳以上未勝利,3:21.8,3.0,晴,11.0,13.0,1中山7,障害4歳以上未勝利,3:17.1,3.5,晴,10.8,7.0,2026-09-13 01:55:01,jra,2026-09-13,63.69,58.1,71.5,50.2,81.5,68.6,48.8,前走人気以上 / 履歴少 / 人気以上に走る傾向 / 近走上向き
202609040401,2026-09-13,1,ヘスティア,5.0,5.0,角田和,55.0,,4.0,12.0,3阪神3,2歳新馬,1:27.9,1.0,晴,,,,,,,,,,,,,,,,,,,,,,,,,,,,,8.0,4.0,2026-09-13 02:40:16,jra,2026-09-13,45.37,46.4,51.6,36.3,40.6,42.0,48.8,前走人気以上 / 履歴少 / サンプル少
202606040401,2026-09-13,1,モナコブル,4.0,4.0,五十嵐,60.0,,4.0,8.0,2中京3,障害3歳以上未勝利,3:19.1,1.1,晴,10.0,9.0,3東京1,障害3歳以上未勝利,3:27.4,5.2,曇,10.0,15.0,1東京1,4歳以上2勝クラス,1:25.8,1.1,晴,9.0,13.0,5東京4,3歳以上2勝クラス,1:25.3,1.1,晴,9.0,11.0,4東京1,3歳以上2勝クラス,1:25.6,0.8,曇,9.6,5.0,2026-09-13 01:55:01,jra,2026-09-13,56.46,44.6,69.2,30.4,83.0,63.4,48.8,前走人気以上 / 履歴少 / 人気以上に走る傾向 / 近走上向き
202609040401,2026-09-13,1,ラブシンフォニー,9.0,7.0,幸,55.0,,7.0,8.0,4阪神1,2歳未勝利,1:28.1,1.8,晴,6.0,16.0,2中京7,2歳未勝利,1:27.4,1.3,晴,10.0,7.0,3阪神3,2歳新馬,1:30.0,3.1,晴,,,,,,,,,,,,,,,24.6,8.0,2026-09-13 02:40:16,jra,2026-09-13,50.67,48.3,70.5,0.0,56.0,61.5,48.8,履歴少 / 人気以上に走る傾向 / 市場オッズ妙味
202609040401,2026-09-13,1,ルミナスシェリー,8.0,7.0,★河原田,51.0,,9.0,7.0,4阪神1,2歳新馬,1:24.5,2.9,晴,,,,,,,,,,,,,,,,,,,,,,,,,,,,,13.6,7.0,2026-09-13 02:40:16,jra,2026-09-13,38.22,37.6,37.6,29.6,40.6,38.4,48.8,履歴少 / サンプル少
202606040401,2026-09-13,1,ヴィーデ,1.0,1.0,上野,60.0,,13.0,11.0,2中京6,障害3歳以上未勝利,3:26.6,9.0,晴,8.0,15.0,2福島5,3歳以上1勝クラス,1:46.8,1.5,曇,15.0,12.0,1新潟1,4歳以上1勝クラス,2:00.0,4.8,晴,16.0,16.0,5中京5,ヤングJSFR中京1(1勝クラス),2:02.1,2.0,小雨,14.0,14.0,5中山2,3歳以上1勝クラス,1:55.3,2.6,晴,37.8,9.0,2026-09-13 01:55:01,jra,2026-09-13,35.1,12.2,53.8,0.0,51.5,53.0,51.8,クラス条件好転 / 前走人気以上
202606040402,2026-09-13,2,アルバスタキヤ,10.0,8.0,原,55.0,,8.0,10.0,3新潟2,2歳新馬,2:08.8,1.3,曇,,,,,,,,,,,,,,,,,,,,,,,,,,,,,37.4,7.0,2026-09-13 02:32:36,jra,2026-09-13,40.69,39.3,43.7,29.6,40.6,42.0,48.8,履歴少 / サンプル少
202606040402,2026-09-13,2,ウィナーズチェック,7.0,7.0,川田,55.0,,2.0,4.0,2福島7,2歳未勝利,1:49.0,0.0,曇,5.0,9.0,2福島2,2歳新馬,1:49.2,0.4,晴,,,,,,,,,,,,,,,,,,,,,,5.3,3.0,2026-09-13 02:32:36,jra,2026-09-13,56.94,62.7,56.7,48.4,55.4,59.5,50.0,サンプル少
202609040402,2026-09-13,2,エアロクリスタ,5.0,5.0,西村淳,55.0,,3.0,3.0,2中京1,2歳新馬,1:23.1,0.6,晴,,,,,,,,,,,,,,,,,,,,,,,,,,,,,6.9,3.0,2026-09-13 02:18:56,jra,2026-09-13,43.03,48.1,40.6,36.3,40.6,40.6,48.8,履歴少 / サンプル少
202606040402,2026-09-13,2,ギガントシュラーク,6.0,6.0,丸山,55.0,,7.0,13.0,3新潟4,2歳新馬,2:00.5,3.0,晴,,,,,,,,,,,,,,,,,,,,,,,,,,,,,71.9,10.0,2026-09-13 02:32:36,jra,2026-09-13,42.66,41.1,49.9,29.6,40.6,42.0,48.8,前走人気以上 / 履歴少 / サンプル少
202609040402,2026-09-13,2,コスモクラウン,1.0,1.0,松若,55.0,,8.0,2.0,3中京4,2歳新馬,1:35.7,1.1,晴,,,,,,,,,,,,,,,,,,,,,,,,,,,,,6.4,2.0,2026-09-13 02:18:56,jra,2026-09-13,36.62,39.3,31.4,29.6,40.6,34.0,48.8,履歴少 / サンプル少
202609040402,2026-09-13,2,コトテーラー,7.0,7.0,☆田山,54.0,,2.0,7.0,3中京2,2歳新馬,1:22.5,0.5,晴,,,,,,,,,,,,,,,,,,,,,,,,,,,,,8.6,5.0,2026-09-13 02:18:56,jra,2026-09-13,45.56,49.9,48.3,36.3,40.6,42.0,48.8,前走人気以上 / 履歴少 / サンプル少
202609040402,2026-09-13,2,ゴルディアス,3.0,3.0,小崎,55.0,,11.0,10.0,3中京3,2歳未勝利,2:03.0,3.4,曇,10.0,5.0,2小倉4,2歳新馬,1:53.7,1.7,曇,,,,,,,,,,,,,,,,,,,,,,35.6,6.0,2026-09-13 02:18:56,jra,2026-09-13,35.3,31.0,34.7,18.0,42.2,43.4,50.0,サンプル少
202606040402,2026-09-13,2,サンタンヌ,4.0,4.0,武豊,55.0,,5.0,5.0,2福島8,2歳新馬,2:05.7,1.1,晴,,,,,,,,,,,,,,,,,,,,,,,,,,,,,5.6,4.0,2026-09-13 02:32:36,jra,2026-09-13,42.17,44.6,40.6,36.3,40.6,40.6,50.0,サンプル少
202606040402,2026-09-13,2,サーギュスターヴ,5.0,5.0,丹内,55.0,,7.0,6.0,2札幌1,2歳未勝利,1:49.5,3.0,晴,5.0,9.0,1札幌4,2歳新馬,1:52.1,1.3,晴,,,,,,,,,,,,,,,,,,,,,,34.0,6.0,2026-09-13 02:32:36,jra,2026-09-13,47.21,50.6,50.3,31.7,38.9,54.5,48.8,履歴少 / サンプル少 / 市場オッズ妙味
202606040402,2026-09-13,2,シュートザワークス,8.0,7.0,津村,55.0,,2.0,4.0,2新潟7,2歳未勝利,1:47.1,0.5,晴,3.0,3.0,3東京6,2歳新馬,1:26.1,0.7,曇,,,,,,,,,,,,,,,,,,,,,,2.8,1.0,2026-09-13 02:32:36,jra,2026-09-13,54.58,66.6,49.7,48.4,48.8,53.2,48.8,履歴少 / サンプル少
202606040402,2026-09-13,2,テキサス,3.0,3.0,岩田望,55.0,,3.0,3.0,3新潟4,2歳新馬,1:49.5,0.5,曇,,,,,,,,,,,,,,,,,,,,,,,,,,,,,3.7,2.0,2026-09-13 02:32:36,jra,2026-09-13,43.03,48.1,40.6,36.3,40.6,40.6,48.8,履歴少 / サンプル少
202609040402,2026-09-13,2,ブレイクガール,4.0,4.0,ルメール,55.0,,2.0,1.0,2小倉7,2歳未勝利,1:50.4,0.4,曇,4.0,2.0,3阪神6,2歳新馬,1:37.3,0.2,晴,,,,,,,,,,,,,,,,,,,,,,1.5,1.0,2026-09-13 02:18:56,jra,2026-09-13,51.2,64.6,39.9,48.4,52.1,46.1,50.0,サンプル少
202609040402,2026-09-13,2,ベアヒロシデス,6.0,6.0,荻野琢,55.0,,10.0,7.0,3新潟1,2歳新馬,1:38.6,2.6,晴,,,,,,,,,,,,,,,,,,,,,,,,,,,,,43.3,7.0,2026-09-13 02:18:56,jra,2026-09-13,37.2,35.8,36.0,29.6,40.6,37.3,48.8,履歴少 / サンプル少
202606040402,2026-09-13,2,マイネルウルカヌス,9.0,8.0,柴田大,55.0,,9.0,8.0,3新潟4,2歳新馬,1:51.8,2.8,曇,,,,,,,,,,,,,,,,,,,,,,,,,,,,,37.5,8.0,2026-09-13 02:32:36,jra,2026-09-13,38.75,37.6,39.1,29.6,40.6,39.5,48.8,履歴少 / サンプル少
202606040402,2026-09-13,2,マイネルリシャール,2.0,2.0,三浦,55.0,,6.0,5.0,2新潟4,2歳新馬,1:37.2,0.5,曇,,,,,,,,,,,,,,,,,,,,,,,,,,,,,6.9,5.0,2026-09-13 02:32:36,jra,2026-09-13,40.22,42.8,39.1,29.6,40.6,39.5,48.8,履歴少 / サンプル少
202606040402,2026-09-13,2,ライヴテキーラ,1.0,1.0,杉原,55.0,,5.0,9.0,3新潟4,2歳新馬,1:51.4,2.4,曇,,,,,,,,,,,,,,,,,,,,,,,,,,,,,44.0,9.0,2026-09-13 02:32:36,jra,2026-09-13,43.71,44.6,46.8,36.3,40.6,42.0,48.8,前走人気以上 / 履歴少 / サンプル少
202609040402,2026-09-13,2,レイクイーン,2.0,2.0,戸崎圭,55.0,,3.0,4.0,2小倉8,2歳新馬,1:51.7,1.0,晴,,,,,,,,,,,,,,,,,,,,,,,,,,,,,7.1,4.0,2026-09-13 02:18:56,jra,2026-09-13,43.68,48.1,42.2,36.3,40.6,41.7,50.0,サンプル少
202606040403,2026-09-13,3,アドバンスアゲイン,9.0,5.0,武藤,55.0,,8.0,6.0,2福島5,2歳新馬,1:11.6,0.8,曇,,,,,,,,,,,,,,,,,,,,,,,,,,,,,15.4,6.0,2026-09-13 02:02:36,jra,2026-09-13,38.84,39.3,37.6,29.6,40.6,38.4,50.0,サンプル少
202606040403,2026-09-13,3,アルニタク,4.0,2.0,▲佐藤,52.0,,12.0,4.0,2福島8,2歳新馬,1:12.6,2.1,晴,,,,,,,,,,,,,,,,,,,,,,,,,,,,,24.0,11.0,2026-09-13 02:02:36,jra,2026-09-13,34.04,32.3,29.6,29.6,40.6,31.8,50.0,サンプル少
202606040403,2026-09-13,3,アレックスケー,7.0,4.0,石橋脩,55.0,,4.0,1.0,2新潟8,2歳未勝利,1:13.2,0.9,晴,3.0,5.0,2新潟1,2歳新馬,1:13.5,0.5,曇,,,,,,,,,,,,,,,,,,,,,,6.9,2.0,2026-09-13 02:02:36,jra,2026-09-13,50.89,61.8,42.6,48.4,42.2,54.4,48.8,履歴少 / サンプル少
202609040403,2026-09-13,3,イクオクコウネン,4.0,2.0,幸,57.0,,6.0,3.0,3新潟3,3歳未勝利,2:16.8,0.5,小雨,7.0,5.0,3阪神4,3歳未勝利,2:12.6,0.9,曇,4.0,4.0,3京都11,3歳未勝利,1:46.9,1.2,晴,4.0,1.0,2阪神3,3歳未勝利,1:48.1,0.5,雨,,,,,,,,5.3,1.0,2026-09-13 02:46:51,jra,2026-09-13,47.54,63.9,35.6,34.3,44.0,48.8,48.8,履歴少
202606040403,2026-09-13,3,イサチルサリーレ,16.0,8.0,木幡初,55.0,,7.0,6.0,2福島7,2歳未勝利,1:11.0,1.4,曇,8.0,4.0,3東京6,2歳新馬,1:26.9,1.5,曇,,,,,,,,,,,,,,,,,,,,,,13.2,5.0,2026-09-13 02:02:36,jra,2026-09-13,40.91,44.6,36.4,18.0,48.8,47.5,50.0,サンプル少 / 市場オッズ妙味
202609040403,2026-09-13,3,インヴァイト,1.0,1.0,斎藤,55.0,,10.0,13.0,4阪神2,3歳未勝利,2:01.8,1.2,曇,16.0,14.0,2中京1,3歳未勝利,1:34.6,2.1,晴,,,,,,,,,,,,,,,,,,,,,,23.3,11.0,2026-09-13 02:46:51,jra,2026-09-13,40.84,26.5,48.4,18.0,65.3,49.6,48.8,前走人気以上 / 履歴少 / サンプル少 / 近走上向き
202609040403,2026-09-13,3,カワキタベレッタ,13.0,7.0,中井,55.0,,4.0,10.0,4阪神1,3歳未勝利,1:55.7,1.4,晴,6.0,16.0,2中京5,3歳未勝利,1:13.4,0.5,曇,6.0,13.0,2小倉3,3歳未勝利,1:45.9,1.3,曇,13.0,15.0,1新潟4,3歳未勝利,1:14.1,1.3,晴,4.0,4.0,佐賀,JRA交流グリーンカ(3歳),1:31.4,0.4,曇,20.9,10.0,2026-09-13 02:46:51,jra,2026-09-13,64.67,54.0,91.9,35.0,69.5,71.0,50.0,前走人気以上 / 人気以上に走る傾向 / 近走上向き / 過小評価傾向
202606040403,2026-09-13,3,キセキノユニコーン,12.0,6.0,丹内,55.0,,7.0,2.0,1函館6,2歳未勝利,1:11.6,1.4,晴,3.0,8.0,1函館1,2歳新馬,1:09.7,0.3,晴,,,,,,,,,,,,,,,,,,,,,,10.0,3.0,2026-09-13 02:02:36,jra,2026-09-13,45.91,54.5,43.6,31.7,32.3,54.4,48.8,履歴少 / サンプル少
202606040403,2026-09-13,3,キンバリー,2.0,1.0,松岡,55.0,,7.0,7.0,2新潟6,2歳新馬,1:10.6,1.1,曇,,,,,,,,,,,,,,,,,,,,,,,,,,,,,29.4,13.0,2026-09-13 02:02:36,jra,2026-09-13,40.25,41.1,40.6,29.6,40.6,40.6,48.8,履歴少 / サンプル少
202609040403,2026-09-13,3,クロレ,5.0,3.0,坂井,55.0,,4.0,4.0,3中京3,3歳未勝利,1:54.9,0.4,曇,5.0,7.0,2中京8,3歳未勝利,1:25.4,1.1,晴,3.0,3.0,3京都11,3歳未勝利,1:25.6,0.6,晴,6.0,3.0,1東京7,3歳新馬,1:40.3,1.2,晴,,,,,,,,8.1,4.0,2026-09-13 02:46:51,jra,2026-09-13,61.03,72.9,50.5,75.1,54.0,58.1,48.8,履歴少 / 安定感
202609040403,2026-09-13,3,グレートアゲイン,16.0,8.0,鮫島良,57.0,,2.0,10.0,3中京2,3歳未勝利,2:02.0,0.1,晴,5.0,16.0,2中京8,3歳未勝利,1:56.1,1.1,晴,9.0,16.0,2小倉1,3歳未勝利,1:46.3,1.8,曇,8.0,13.0,1福島1,3歳未勝利,1:48.1,2.2,晴,13.0,11.0,1京都8,3歳未勝利,1:15.8,1.7,晴,10.2,5.0,2026-09-13 02:46:51,jra,2026-09-13,73.77,58.9,99.6,55.3,90.5,78.7,48.8,前走人気以上 / 履歴少 / 人気以上に走る傾向 / 近走上向き
202606040403,2026-09-13,3,コスモベスケーデン,3.0,2.0,津村,55.0,,12.0,1.0,2新潟7,2歳新馬,1:24.3,2.1,晴,,,,,,,,,,,,,,,,,,,,,,,,,,,,,19.6,9.0,2026-09-13 02:02:36,jra,2026-09-13,33.61,32.3,29.6,29.6,40.6,29.6,48.8,履歴少 / サンプル少
202606040403,2026-09-13,3,サイモンオリエント,8.0,4.0,原,55.0,,7.0,9.0,2新潟3,2歳新馬,1:23.2,1.6,曇,,,,,,,,,,,,,,,,,,,,,,,,,,,,,17.3,7.0,2026-09-13 02:02:36,jra,2026-09-13,41.18,41.1,43.7,29.6,40.6,42.0,48.8,履歴少 / サンプル少
202609040403,2026-09-13,3,サトノシャッツ,8.0,4.0,松本,57.0,,11.0,13.0,4阪神1,3歳未勝利,1:35.2,1.5,晴,,,,,,,,,,,,,,,,,,,,,,,,,,,,,29.9,13.0,2026-09-13 02:46:51,jra,2026-09-13,39.21,34.0,43.7,29.6,40.6,42.0,48.8,履歴少 / サンプル少
202606040403,2026-09-13,3,サンアンドスターズ,11.0,6.0,◇小林美,53.0,,11.0,9.0,3新潟1,2歳新馬,1:39.4,3.4,晴,,,,,,,,,,,,,,,,,,,,,,,,,,,,,28.2,12.0,2026-09-13 02:02:36,jra,2026-09-13,37.24,34.0,37.6,29.6,40.6,38.4,48.8,履歴少 / サンプル少
202606040403,2026-09-13,3,シュネルアステリア,13.0,7.0,木幡巧,55.0,,11.0,11.0,3東京4,2歳新馬,1:29.2,4.6,曇,,,,,,,,,,,,,,,,,,,,,,,,,,,,,44.9,15.0,2026-09-13 02:02:36,jra,2026-09-13,38.28,34.0,40.6,29.6,40.6,40.6,48.8,履歴少 / サンプル少
202609040403,2026-09-13,3,スマイルガーデン,14.0,7.0,西村淳,55.0,,3.0,10.0,3中京4,3歳未勝利,1:55.1,0.8,晴,12.0,6.0,2小倉8,3歳未勝利,1:50.0,3.3,晴,8.0,4.0,3京都6,3歳未勝利,1:56.6,3.3,晴,3.0,3.0,1新潟1,3歳未勝利,1:55.8,1.0,晴,9.0,3.0,1小倉11,3歳未勝利,1:47.0,1.8,曇,17.4,7.0,2026-09-13 02:46:51,jra,2026-09-13,53.47,53.2,44.6,45.0,80.0,56.3,50.0,前走人気以上 / 近走上向き / 市場オッズ妙味
202606040403,2026-09-13,3,セイカタカキヤチク,15.0,8.0,横山琉,55.0,,8.0,14.0,2新潟3,2歳新馬,1:23.2,1.6,曇,,,,,,,,,,,,,,,,,,,,,,,,,,,,,18.8,8.0,2026-09-13 02:02:36,jra,2026-09-13,42.17,39.3,49.9,29.6,40.6,42.0,48.8,前走人気以上 / 履歴少 / サンプル少
202606040403,2026-09-13,3,ソラティオ,5.0,3.0,柴田大,55.0,,6.0,9.0,2福島1,2歳新馬,1:11.3,2.3,晴,,,,,,,,,,,,,,,,,,,,,,,,,,,,,34.6,14.0,2026-09-13 02:02:36,jra,2026-09-13,42.05,42.8,45.3,29.6,40.6,42.0,48.8,前走人気以上 / 履歴少 / サンプル少
202609040403,2026-09-13,3,タガノランパート,7.0,4.0,田口,57.0,,2.0,2.0,3中京3,3歳未勝利,1:54.7,0.2,曇,2.0,9.0,2中京8,3歳未勝利,1:55.4,0.4,晴,7.0,6.0,2小倉5,3歳未勝利,1:48.6,1.7,晴,5.0,10.0,3阪神5,3歳未勝利,1:55.4,1.6,小雨,,,,,,,,5.4,2.0,2026-09-13 02:46:51,jra,2026-09-13,69.03,79.3,67.8,69.9,66.0,66.1,50.0,人気以上に走る傾向 / 近走上向き / 安定感 / 過小評価傾向
202609040403,2026-09-13,3,ダンツアラーム,10.0,5.0,高倉,55.0,,5.0,8.0,2札幌5,3歳未勝利,1:46.9,2.2,晴,5.0,12.0,2札幌4,3歳未勝利,1:46.9,0.9,曇,10.0,13.0,1札幌5,3歳未勝利,2:02.4,1.6,曇,6.0,6.0,1札幌1,3歳未勝利,1:48.4,1.8,曇,8.0,5.0,1函館10,3歳未勝利,2:04.2,1.8,小雨,18.2,9.0,2026-09-13 02:46:51,jra,2026-09-13,61.87,56.4,70.6,55.3,63.5,70.5,50.0,前走人気以上 / 人気以上に走る傾向 / 過小評価傾向 / 市場オッズ妙味
202609040403,2026-09-13,3,デルマタカチホ,3.0,2.0,◇永島,55.0,,6.0,9.0,4阪神1,3歳未勝利,1:56.1,1.8,晴,9.0,7.0,2札幌1,3歳未勝利,2:45.8,4.4,晴,7.0,7.0,1札幌2,3歳未勝利,2:02.3,1.4,晴,7.0,13.0,3中山6,3歳未勝利,2:14.8,0.7,晴,7.0,8.0,2阪神2,3歳未勝利,2:02.2,1.8,晴,30.3,14.0,2026-09-13 02:46:51,jra,2026-09-13,48.51,50.4,59.7,0.0,59.0,57.8,48.8,前走人気以上 / 履歴少
202606040403,2026-09-13,3,パレスラン,10.0,5.0,ミシェル,55.0,,7.0,5.0,2福島1,2歳新馬,1:11.7,2.7,晴,,,,,,,,,,,,,,,,,,,,,,,,,,,,,23.8,10.0,2026-09-13 02:02:36,jra,2026-09-13,39.21,41.1,37.6,29.6,40.6,38.4,48.8,履歴少 / サンプル少
202609040403,2026-09-13,3,ブルーザー,9.0,5.0,☆田山,56.0,,7.0,5.0,2中京8,3歳未勝利,2:14.0,1.3,晴,4.0,4.0,2小倉8,3歳未勝利,2:01.6,0.7,晴,3.0,4.0,2小倉6,3歳未勝利,2:00.3,0.5,晴,3.0,3.0,1新潟8,3歳未勝利,2:04.0,0.2,曇,5.0,5.0,3京都2,3歳未勝利,2:00.8,0.4,晴,10.8,6.0,2026-09-13 02:46:51,jra,2026-09-13,57.14,70.6,47.1,69.6,30.5,59.5,57.2,n適性 / 小倉実績 / 安定感
202606040403,2026-09-13,3,ブレイヴアーサー,1.0,1.0,◇今村,53.0,,8.0,6.0,2新潟3,2歳未勝利,0:57.4,0.4,曇,10.0,4.0,1函館4,2歳新馬,1:12.4,2.9,小雨,,,,,,,,,,,,,,,,,,,,,,10.6,4.0,2026-09-13 02:02:36,jra,2026-09-13,37.36,38.2,30.9,18.0,52.1,42.6,48.8,履歴少 / サンプル少
202609040403,2026-09-13,3,メイショウゲッコウ,2.0,1.0,西塚,57.0,,12.0,7.0,2小倉8,3歳未勝利,1:50.0,2.3,晴,11.0,6.0,1小倉2,3歳未勝利,2:01.2,14.9,晴,9.0,8.0,1京都3,3歳新馬,1:26.9,1.7,晴,,,,,,,,,,,,,,,30.9,15.0,2026-09-13 02:46:51,jra,2026-09-13,26.26,21.0,22.4,0.0,38.0,39.0,50.0,総合評価
202609040403,2026-09-13,3,ラッキーモア,6.0,3.0,長岡,57.0,,4.0,1.0,金沢,加賀山代賞(3歳),1:38.3,0.9,晴,6.0,5.0,3東京6,3歳未勝利,1:37.7,1.9,曇,6.0,1.0,2東京6,3歳未勝利,1:26.8,0.5,晴,3.0,7.0,2東京1,3歳未勝利,1:26.1,0.5,曇,,,,,,,,24.5,12.0,2026-09-13 02:46:51,jra,2026-09-13,47.24,55.2,41.7,28.3,56.0,48.6,48.8,履歴少
202606040403,2026-09-13,3,ラフエルガ,6.0,3.0,横山武,55.0,,3.0,4.0,2新潟3,2歳新馬,1:22.2,0.6,曇,,,,,,,,,,,,,,,,,,,,,,,,,,,,,2.5,1.0,2026-09-13 02:02:36,jra,2026-09-13,43.55,48.1,42.2,36.3,40.6,41.7,48.8,履歴少 / サンプル少
202609040403,2026-09-13,3,ラミエルノムスコ,11.0,6.0,吉村,57.0,,3.0,1.0,4阪神1,3歳未勝利,1:55.4,1.1,晴,2.0,3.0,3中京2,3歳未勝利,1:55.7,0.4,晴,7.0,6.0,2中京1,3歳未勝利,1:33.1,0.7,晴,4.0,4.0,2小倉6,3歳未勝利,1:48.1,0.8,晴,4.0,3.0,3京都4,3歳未勝利,1:46.4,0.3,曇,6.3,3.0,2026-09-13 02:46:51,jra,2026-09-13,62.78,77.7,45.4,80.2,57.5,55.9,57.9,n適性 / 安定感
202609040403,2026-09-13,3,リードアクター,12.0,6.0,▲森田,54.0,,8.0,4.0,園田,JRA交流妙見山特別,2:10.1,5.1,雨,13.0,9.0,3阪神5,3歳未勝利,1:56.8,3.0,小雨,2.0,1.0,笠松,美江寺宿特別(3歳),1:30.0,0.3,曇,12.0,11.0,1中京4,3歳未勝利,2:02.1,1.8,晴,9.0,7.0,2京都5,3歳未勝利,2:05.3,2.4,晴,136.2,16.0,2026-09-13 02:46:51,jra,2026-09-13,33.63,22.8,34.8,10.5,56.0,43.1,48.8,地方実績を中央換算 / 履歴少
202609040403,2026-09-13,3,ロードファイター,15.0,8.0,松若,57.0,,5.0,8.0,4阪神1,3歳未勝利,1:55.8,1.5,晴,3.0,4.0,3中京2,3歳未勝利,1:56.8,1.5,晴,6.0,9.0,2中京1,3歳未勝利,1:56.6,0.3,晴,9.0,9.0,3阪神1,3歳未勝利,1:56.4,2.2,晴,4.0,7.0,3京都9,3歳未勝利,1:55.3,1.1,曇,17.4,8.0,2026-09-13 02:46:51,jra,2026-09-13,63.09,66.6,64.4,65.7,53.0,70.5,48.8,前走人気以上 / 履歴少 / 安定感 / 過小評価傾向
202606040403,2026-09-13,3,ヴァンデエス,14.0,7.0,杉原,55.0,,16.0,14.0,2福島8,2歳新馬,1:13.1,2.6,晴,,,,,,,,,,,,,,,,,,,,,,,,,,,,,85.0,16.0,2026-09-13 02:02:36,jra,2026-09-13,36.13,29.6,37.6,29.6,40.6,38.4,50.0,サンプル少
202606040404,2026-09-13,4,アリアス,14.0,7.0,三浦,55.0,,2.0,5.0,3新潟4,3歳未勝利,1:22.2,0.0,曇,6.0,6.0,1函館5,3歳未勝利,1:09.9,0.7,晴,5.0,8.0,2東京1,3歳未勝利,1:22.0,0.7,晴,4.0,7.0,3中山3,3歳未勝利,1:35.2,0.2,曇,4.0,9.0,1中京2,3歳未勝利,1:21.4,0.3,晴,31.2,11.0,2026-09-13 02:30:11,jra,2026-09-13,68.23,75.3,67.2,75.1,66.5,65.4,48.8,前走人気以上 / 履歴少 / 人気以上に走る傾向 / 近走上向き
202606040404,2026-09-13,4,ウインドオブヘヴン,10.0,5.0,岩田望,57.0,,6.0,3.0,2福島7,3歳未勝利,1:09.7,0.5,曇,3.0,9.0,3東京6,3歳未勝利,1:35.8,0.7,曇,,,3東京4,3歳未勝利,,,曇,2.0,7.0,2東京9,3歳未勝利,1:33.8,0.1,曇,7.0,10.0,2東京2,3歳未勝利,1:47.2,0.5,晴,3.9,1.0,2026-09-13 02:30:11,jra,2026-09-13,58.79,72.2,64.2,39.5,38.0,63.3,50.0,総合評価
202606040404,2026-09-13,4,オンナキュヌヴィ,13.0,7.0,武豊,55.0,,3.0,2.0,3新潟4,3歳未勝利,1:22.3,0.1,曇,5.0,2.0,2新潟6,3歳未勝利,1:09.0,0.2,晴,2.0,6.0,2福島7,3歳未勝利,1:09.3,0.1,曇,3.0,5.0,1福島6,3歳未勝利,1:09.7,0.3,晴,9.0,7.0,1東京7,3歳未勝利,1:35.3,1.2,晴,8.9,5.0,2026-09-13 02:30:11,jra,2026-09-13,64.48,76.6,48.8,89.7,60.5,59.3,50.0,前走人気以上 / 安定感
202609040404,2026-09-13,4,オープンザパンドラ,12.0,6.0,田口,57.0,,3.0,9.0,2中京8,3歳未勝利,2:13.1,0.4,晴,8.0,3.0,2中京2,3歳未勝利,2:13.3,1.8,晴,4.0,4.0,2福島3,3歳未勝利,2:39.6,0.4,曇,7.0,1.0,2東京4,3歳未勝利,1:48.4,0.9,曇,3.0,3.0,2阪神8,3歳未勝利,2:13.1,0.1,晴,19.3,5.0,2026-09-13 02:16:51,jra,2026-09-13,58.8,67.8,47.9,60.5,65.0,59.0,50.0,前走人気以上 / 近走上向き / 安定感 / 市場オッズ妙味
202609040404,2026-09-13,4,オーマイラッキーン,5.0,3.0,◇永島,53.0,,3.0,4.0,4阪神2,3歳未勝利,2:00.7,0.1,曇,4.0,10.0,2中京8,3歳未勝利,1:58.4,0.7,晴,8.0,12.0,2中京4,3歳未勝利,2:00.4,0.7,晴,12.0,7.0,2小倉4,3歳未勝利,2:04.0,2.1,曇,4.0,6.0,2小倉2,3歳未勝利,1:47.9,0.7,曇,22.1,9.0,2026-09-13 02:16:51,jra,2026-09-13,63.42,62.8,64.5,65.7,74.0,61.5,50.0,近走上向き / 安定感 / 市場オッズ妙味
202609040404,2026-09-13,4,クールドリオン,15.0,7.0,西村淳,57.0,,2.0,4.0,3中京3,3歳未勝利,2:11.2,0.8,曇,2.0,2.0,3京都7,2歳未勝利,1:47.5,0.1,曇,7.0,2.0,4阪神7,2歳未勝利,1:34.4,0.6,晴,3.0,1.0,3中京2,2歳新馬,2:02.1,0.6,晴,,,,,,,,7.5,3.0,2026-09-13 02:16:51,jra,2026-09-13,62.01,81.9,44.8,69.9,62.0,54.5,48.8,履歴少 / 安定感
202606040404,2026-09-13,4,グランマエストロ,5.0,3.0,池添,57.0,,8.0,3.0,2福島8,3歳未勝利,1:48.7,0.9,晴,6.0,1.0,2東京12,3歳未勝利,1:26.9,0.9,曇,4.0,1.0,2東京5,3歳未勝利,1:21.4,0.3,晴,2.0,1.0,2東京1,3歳未勝利,1:21.6,0.3,晴,3.0,1.0,1東京7,3歳未勝利,1:34.5,0.4,晴,7.1,3.0,2026-09-13 02:30:11,jra,2026-09-13,44.1,65.4,24.0,44.7,24.5,47.9,50.0,総合評価
202609040404,2026-09-13,4,シャリキモン,4.0,2.0,角田和,57.0,,5.0,10.0,2新潟8,3歳未勝利,2:26.4,1.0,晴,9.0,3.0,2中京3,3歳未勝利,2:00.6,1.2,晴,4.0,3.0,2小倉3,3歳未勝利,2:41.9,0.8,曇,4.0,4.0,3京都10,3歳未勝利,2:00.3,1.0,晴,3.0,10.0,3京都6,3歳未勝利,1:59.9,0.7,晴,45.8,17.0,2026-09-13 02:16:51,jra,2026-09-13,58.92,64.4,53.9,75.1,50.0,56.8,50.0,前走人気以上 / 安定感
202606040404,2026-09-13,4,ショウナンバーボン,6.0,3.0,松山,57.0,,4.0,1.0,1札幌7,3歳未勝利,1:29.5,0.5,晴,2.0,3.0,1札幌4,3歳未勝利,1:29.4,0.1,晴,6.0,3.0,2東京11,3歳未勝利,1:21.5,0.5,晴,5.0,5.0,1新潟5,3歳未勝利,1:35.1,0.3,晴,2.0,4.0,3中山7,3歳未勝利,1:34.3,0.1,晴,7.8,4.0,2026-09-13 02:30:11,jra,2026-09-13,60.16,77.3,42.7,80.2,48.5,56.8,48.8,履歴少 / 安定感
202606040404,2026-09-13,4,ジャジャミン,1.0,1.0,木幡育,55.0,,,,3阪神5,3歳未勝利,,,雨,14.0,6.0,3京都5,3歳未勝利,2:02.8,2.5,晴,,,,,,,,,,,,,,,,,,,,,,10.2,6.0,2026-09-13 02:30:11,jra,2026-09-13,33.18,29.6,29.6,29.6,40.6,31.8,48.8,履歴少 / サンプル少
202609040404,2026-09-13,4,ジュンヴァッテッド,13.0,7.0,△柴田裕,55.0,,6.0,16.0,3中京3,3歳未勝利,2:11.9,1.5,曇,9.0,12.0,2小倉6,3歳未勝利,2:01.3,1.5,晴,11.0,15.0,2阪神7,3歳未勝利,1:47.1,1.3,晴,,,,,,,,,,,,,,,90.4,18.0,2026-09-13 02:16:51,jra,2026-09-13,57.26,41.5,92.7,0.0,74.0,69.3,48.1,前走人気以上 / 人気以上に走る傾向 / 近走上向き / 過小評価傾向
202606040404,2026-09-13,4,ダイユウルミナス,4.0,2.0,◇小林美,53.0,,4.0,14.0,3新潟3,3歳以上1勝クラス,1:22.2,0.7,曇,8.0,11.0,2新潟3,3歳以上1勝クラス,1:08.8,0.6,曇,10.0,2.0,2福島7,3歳未勝利,1:10.0,0.8,曇,2.0,5.0,2福島4,3歳未勝利,1:08.6,0.2,晴,10.0,8.0,3中山5,3歳未勝利,1:35.5,0.9,晴,19.8,9.0,2026-09-13 02:30:11,jra,2026-09-13,60.74,55.9,67.1,45.0,71.0,67.9,55.7,前走人気以上 / 福島実績 / 人気以上に走る傾向 / 近走上向き
202609040404,2026-09-13,4,ダノンオブアイデア,8.0,4.0,北村友,57.0,,17.0,4.0,2中京8,3歳未勝利,2:15.1,2.4,晴,3.0,4.0,2中京2,3歳未勝利,2:11.7,0.2,晴,4.0,5.0,3京都9,3歳未勝利,2:14.9,0.6,曇,9.0,3.0,1中京5,3歳未勝利,2:14.1,0.9,晴,6.0,8.0,1京都8,3歳未勝利,2:16.5,1.0,晴,27.9,11.0,2026-09-13 02:16:51,jra,2026-09-13,34.66,47.4,20.8,44.7,0.0,44.0,48.8,履歴少 / 市場オッズ妙味
202609040404,2026-09-13,4,テイエムプレミラン,2.0,1.0,▲森田,54.0,,3.0,9.0,3中京3,3歳未勝利,2:11.6,1.2,曇,12.0,8.0,1札幌6,3歳未勝利,2:44.6,1.1,晴,3.0,5.0,2小倉3,3歳未勝利,2:41.8,0.7,曇,4.0,15.0,3阪神4,3歳未勝利,2:12.2,0.5,曇,7.0,4.0,浦和,ツイントップ特別(3歳),1:31.4,1.5,曇,21.8,8.0,2026-09-13 02:16:51,jra,2026-09-13,63.32,59.3,68.5,64.7,71.0,64.1,50.0,前走人気以上 / 人気以上に走る傾向 / 近走上向き / 安定感
202606040404,2026-09-13,4,ニシノオールワン,12.0,6.0,鮫島駿,55.0,,7.0,2.0,1函館11,3歳未勝利,1:10.2,1.6,曇,2.0,4.0,1函館5,3歳未勝利,1:09.3,0.1,晴,3.0,2.0,1函館2,3歳未勝利,1:08.8,0.3,晴,4.0,8.0,1中京6,3歳未勝利,1:09.3,0.5,晴,9.0,6.0,5中山8,2歳未勝利,1:10.0,0.9,晴,39.0,13.0,2026-09-13 02:30:11,jra,2026-09-13,53.58,70.1,43.4,59.3,35.0,51.5,50.0,総合評価
202609040404,2026-09-13,4,ノブレスラブリエ,10.0,5.0,松若,55.0,,2.0,5.0,3中京1,3歳未勝利,1:59.0,0.1,晴,5.0,13.0,2中京4,3歳未勝利,2:00.2,0.5,晴,9.0,1.0,船橋,ナイスビット特別(3歳未格),1:50.1,5.3,曇,7.0,10.0,1福島6,3歳未勝利,1:47.3,0.5,晴,10.0,13.0,4東京6,2歳新馬,1:35.3,1.2,晴,21.0,7.0,2026-09-13 02:16:51,jra,2026-09-13,63.62,59.5,69.2,55.3,84.5,62.1,48.8,前走人気以上 / 履歴少 / 人気以上に走る傾向 / 近走上向き
202606040404,2026-09-13,4,ピコプリンセス,7.0,4.0,石橋脩,55.0,,3.0,12.0,3新潟2,3歳未勝利,1:47.5,0.2,曇,10.0,18.0,2新潟6,3歳未勝利,1:34.5,0.8,晴,14.0,9.0,1東京3,3歳新馬,1:51.1,1.6,小雪,,,,,,,,,,,,,,,28.3,10.0,2026-09-13 02:30:11,jra,2026-09-13,62.24,43.3,84.9,30.4,100.0,65.8,48.8,前走人気以上 / 履歴少 / 人気以上に走る傾向 / 近走上向き
202609040404,2026-09-13,4,フローマジック,17.0,8.0,菱田,55.0,,6.0,4.0,2中京7,3歳未勝利,1:56.3,1.1,曇,8.0,4.0,3阪神5,3歳未勝利,1:56.0,1.2,曇,12.0,3.0,3京都9,3歳未勝利,2:16.1,1.8,曇,7.0,6.0,1京都3,3歳未勝利,2:27.8,0.6,晴,3.0,4.0,5阪神7,2歳新馬,2:03.2,0.6,晴,25.2,10.0,2026-09-13 02:16:51,jra,2026-09-13,38.87,47.8,26.0,10.3,59.0,43.1,48.8,履歴少 / 市場オッズ妙味
202606040404,2026-09-13,4,ブライティアロード,3.0,2.0,菊沢,55.0,,,,3新潟3,3歳未勝利,,,曇,10.0,16.0,1函館8,3歳未勝利,1:09.6,0.8,曇,13.0,11.0,1新潟8,3歳未勝利,1:12.3,1.7,小雨,10.0,5.0,1小倉4,3歳新馬,1:10.1,1.5,曇,,,,,,,,101.2,14.0,2026-09-13 02:30:11,jra,2026-09-13,37.71,20.0,54.4,0.0,59.0,49.8,50.0,前走人気以上
202609040404,2026-09-13,4,ベルトナリテ,18.0,8.0,幸,55.0,,8.0,5.0,2小倉5,3歳未勝利,2:02.0,1.0,晴,2.0,16.0,2小倉4,3歳未勝利,2:02.2,0.3,曇,8.0,8.0,1福島3,3歳未勝利,2:44.0,1.3,晴,8.0,10.0,1阪神4,3歳未勝利,1:57.1,2.7,晴,10.0,6.0,1小倉6,3歳未勝利,1:50.8,1.0,曇,37.9,14.0,2026-09-13 02:16:51,jra,2026-09-13,53.36,54.3,67.2,24.9,44.0,58.5,55.7,小倉実績 / 人気以上に走る傾向
202606040404,2026-09-13,4,ポポラヴィスタ,15.0,8.0,△石神道,53.0,,4.0,8.0,3新潟2,3歳未勝利,1:47.5,0.2,曇,6.0,3.0,2新潟5,3歳未勝利,1:59.9,1.3,晴,3.0,5.0,2福島5,3歳未勝利,1:48.0,0.5,曇,2.0,11.0,2福島1,3歳未勝利,1:48.0,0.1,晴,11.0,11.0,1小倉7,3歳未勝利,1:00.8,1.4,晴,38.4,12.0,2026-09-13 02:30:11,jra,2026-09-13,63.73,70.1,65.2,64.7,59.0,61.3,50.0,前走人気以上 / 人気以上に走る傾向 / 安定感
202606040404,2026-09-13,4,ラグアイリータ,16.0,8.0,津村,55.0,,2.0,8.0,4中山1,3歳未勝利,1:33.8,0.0,曇,3.0,9.0,2新潟7,3歳未勝利,2:00.5,0.3,晴,8.0,7.0,2新潟4,3歳未勝利,1:48.2,0.7,曇,6.0,4.0,2福島1,3歳未勝利,1:48.8,0.9,晴,14.0,4.0,5東京2,2歳未勝利,1:49.2,2.1,小雨,13.3,7.0,2026-09-13 02:30:11,jra,2026-09-13,63.7,66.3,62.6,55.3,84.5,60.4,48.8,前走人気以上 / 履歴少 / 近走上向き / 市場オッズ妙味
202606040404,2026-09-13,4,ランウェイミューズ,2.0,1.0,丹内,55.0,,2.0,3.0,2札幌3,3歳未勝利,1:30.1,0.8,晴,5.0,6.0,1札幌7,3歳未勝利,1:29.6,0.6,晴,4.0,4.0,2福島8,3歳未勝利,1:48.5,0.7,晴,9.0,6.0,1新潟5,3歳未勝利,1:35.5,0.7,晴,3.0,4.0,2中山4,3歳未勝利,1:47.9,0.9,晴,13.5,8.0,2026-09-13 02:30:11,jra,2026-09-13,65.48,73.9,51.5,85.4,69.5,63.2,50.0,近走上向き / 安定感 / 市場オッズ妙味
202609040404,2026-09-13,4,リボンインザスカイ,9.0,5.0,斎藤,55.0,,3.0,5.0,2中京8,3歳未勝利,1:58.3,0.6,晴,7.0,5.0,2小倉4,3歳未勝利,2:02.9,1.0,曇,8.0,8.0,2阪神8,3歳未勝利,2:01.9,0.8,晴,,,,,,,,,,,,,,,7.2,2.0,2026-09-13 02:16:51,jra,2026-09-13,55.61,62.9,51.0,30.4,77.0,56.3,50.0,近走上向き
202609040404,2026-09-13,4,ルーチェブリラーレ,16.0,8.0,ルメール,55.0,,3.0,1.0,2中京4,3歳未勝利,2:00.1,0.4,晴,,,,,,,,,,,,,,,,,,,,,,,,,,,,,2.3,1.0,2026-09-13 02:16:51,jra,2026-09-13,41.98,48.1,37.6,36.3,40.6,38.4,48.8,履歴少 / サンプル少
202609040404,2026-09-13,4,レイワノキセキ,1.0,1.0,高倉,57.0,,2.0,14.0,4阪神2,3歳未勝利,2:00.7,0.1,曇,14.0,12.0,2中京8,3歳未勝利,1:58.6,3.6,晴,10.0,7.0,2小倉8,3歳未勝利,2:02.9,2.0,晴,7.0,11.0,2小倉3,3歳未勝利,2:42.5,1.4,曇,9.0,7.0,3阪神2,3歳未勝利,2:01.6,1.6,雨,20.9,6.0,2026-09-13 02:16:51,jra,2026-09-13,57.9,44.8,70.5,30.4,98.0,58.7,48.1,前走人気以上 / 人気以上に走る傾向 / 近走上向き / 市場オッズ妙味
202606040404,2026-09-13,4,ロジタイガー,11.0,6.0,松岡,55.0,,15.0,14.0,2福島8,3歳未勝利,2:03.3,3.9,晴,12.0,15.0,2東京10,3歳未勝利,1:34.4,1.4,晴,,,,,,,,,,,,,,,,,,,,,,144.4,16.0,2026-09-13 02:30:11,jra,2026-09-13,35.94,21.0,48.6,18.0,35.6,49.8,50.0,サンプル少
202609040404,2026-09-13,4,ロールスワン,11.0,6.0,中井,57.0,,4.0,10.0,4阪神2,3歳未勝利,2:00.7,0.1,曇,12.0,6.0,3阪神1,3歳未勝利,1:34.2,1.4,晴,,,,,,,,,,,,,,,,,,,,,,29.5,12.0,2026-09-13 02:16:51,jra,2026-09-13,48.25,43.9,47.8,34.7,71.9,48.6,48.8,前走人気以上 / 履歴少 / サンプル少 / 近走上向き
202606040404,2026-09-13,4,ワインダークシー,8.0,4.0,田辺,57.0,,2.0,3.0,3新潟1,3歳未勝利,1:33.7,0.0,晴,6.0,3.0,2福島4,3歳未勝利,1:48.7,0.3,晴,4.0,2.0,5中山2,2歳未勝利,1:49.1,0.2,晴,3.0,2.0,4新潟2,2歳未勝利,2:01.9,0.3,曇,3.0,4.0,2新潟8,2歳新馬,1:49.8,0.3,晴,5.6,2.0,2026-09-13 02:30:11,jra,2026-09-13,61.71,78.9,43.8,75.1,62.0,54.7,50.0,安定感
202606040404,2026-09-13,4,ワッフル,9.0,5.0,嶋田,55.0,,18.0,10.0,2東京4,3歳未勝利,1:37.3,2.5,曇,4.0,6.0,3中山5,山藤賞(1勝クラス),2:02.8,1.6,晴,6.0,14.0,3中山1,3歳未勝利,1:35.8,0.7,晴,,,,,,,,,,,,,,,110.0,15.0,2026-09-13 02:30:11,jra,2026-09-13,38.29,41.0,46.7,24.9,0.0,53.1,51.8,クラス条件好転 / 履歴少
202609040404,2026-09-13,4,ワンダーシャッフル,3.0,2.0,★河原田,53.0,,8.0,9.0,2小倉6,3歳未勝利,2:01.2,1.4,晴,9.0,5.0,3阪神6,3歳未勝利,1:55.7,3.1,晴,10.0,4.0,1福島2,3歳未勝利,1:50.3,0.8,晴,4.0,6.0,1中京4,3歳未勝利,2:00.9,0.6,晴,4.0,16.0,1小倉12,3歳未勝利,1:50.1,0.3,晴,38.3,15.0,2026-09-13 02:16:51,jra,2026-09-13,45.74,46.8,47.6,24.9,42.5,54.8,54.5,小倉実績
202609040404,2026-09-13,4,ワンダーデリエール,14.0,7.0,☆田山,54.0,,5.0,4.0,3中京3,3歳未勝利,2:00.4,0.5,曇,2.0,4.0,2中京5,3歳以上1勝クラス,2:00.8,0.1,晴,14.0,8.0,2中京4,3歳未勝利,2:01.2,1.5,晴,3.0,8.0,3京都8,3歳未勝利,2:00.8,0.2,晴,13.0,9.0,3京都5,3歳未勝利,1:27.9,3.2,晴,14.1,4.0,2026-09-13 02:16:51,jra,2026-09-13,56.56,56.3,45.3,69.9,68.0,58.7,51.8,クラス条件好転 / 履歴少 / 近走上向き / 安定感
202609040404,2026-09-13,4,ヴァンドゥーヴル,7.0,4.0,Ｍデムーロ,57.0,,6.0,13.0,2中京8,3歳未勝利,2:13.8,1.1,晴,10.0,6.0,2中京1,3歳未勝利,1:57.8,1.5,晴,7.0,8.0,1中京4,3歳未勝利,1:55.8,1.1,晴,7.0,7.0,2京都2,3歳未勝利,2:03.6,1.5,晴,12.0,5.0,1京都7,3歳新馬,2:04.9,1.4,晴,32.5,13.0,2026-09-13 02:16:51,jra,2026-09-13,45.41,44.3,54.2,0.0,68.0,49.6,48.8,前走人気以上 / 履歴少 / 近走上向き
202609040404,2026-09-13,4,ヴィスメンティス,6.0,3.0,吉村,57.0,,5.0,5.0,3中京3,3歳未勝利,2:11.8,1.4,曇,4.0,5.0,2中京2,3歳未勝利,2:12.0,0.5,晴,6.0,5.0,2小倉6,3歳未勝利,2:00.9,1.1,晴,6.0,9.0,3京都4,3歳未勝利,2:26.4,1.0,曇,11.0,2.0,1小倉9,3歳未勝利,1:50.3,1.0,晴,40.2,16.0,2026-09-13 02:16:51,jra,2026-09-13,54.42,62.3,46.9,55.3,60.5,49.6,48.8,総合評価
202609040405,2026-09-13,5,アーデルプレミア,2.0,2.0,北村友,55.0,,,,,,,,,,,,,,,,,,,,,,,,,,,,,,,,,,,,,3.9,3.0,2026-09-13 02:05:56,jra,2026-09-13,36.0,35.0,35.0,35.0,35.0,35.0,45.0,履歴少
202606040405,2026-09-13,5,カシノデスティニー,4.0,4.0,柴田大,55.0,,,,,,,,,,,,,,,,,,,,,,,,,,,,,,,,,,,,,83.8,11.0,2026-09-13 02:22:11,jra,2026-09-13,36.0,35.0,35.0,35.0,35.0,35.0,45.0,履歴少
202609040405,2026-09-13,5,キリマンジェロタフ,3.0,3.0,坂井,55.0,,,,,,,,,,,,,,,,,,,,,,,,,,,,,,,,,,,,,2.3,1.0,2026-09-13 02:05:56,jra,2026-09-13,36.0,35.0,35.0,35.0,35.0,35.0,45.0,履歴少
202606040405,2026-09-13,5,コスモコリウス,6.0,6.0,丹内,55.0,,,,,,,,,,,,,,,,,,,,,,,,,,,,,,,,,,,,,12.0,5.0,2026-09-13 02:22:11,jra,2026-09-13,36.0,35.0,35.0,35.0,35.0,35.0,45.0,履歴少
202606040405,2026-09-13,5,コッディ,5.0,5.0,三浦,55.0,,,,,,,,,,,,,,,,,,,,,,,,,,,,,,,,,,,,,6.8,4.0,2026-09-13 02:22:11,jra,2026-09-13,36.0,35.0,35.0,35.0,35.0,35.0,45.0,履歴少
202606040405,2026-09-13,5,サトノアニマ,9.0,7.0,川田,55.0,,,,,,,,,,,,,,,,,,,,,,,,,,,,,,,,,,,,,5.5,3.0,2026-09-13 02:22:11,jra,2026-09-13,36.0,35.0,35.0,35.0,35.0,35.0,45.0,履歴少
202606040405,2026-09-13,5,ストロングボイス,3.0,3.0,丸山,55.0,,,,,,,,,,,,,,,,,,,,,,,,,,,,,,,,,,,,,35.6,8.0,2026-09-13 02:22:11,jra,2026-09-13,36.0,35.0,35.0,35.0,35.0,35.0,45.0,履歴少
202606040405,2026-09-13,5,スローブギ,11.0,8.0,ミシェル,55.0,,,,,,,,,,,,,,,,,,,,,,,,,,,,,,,,,,,,,2.1,1.0,2026-09-13 02:22:11,jra,2026-09-13,36.0,35.0,35.0,35.0,35.0,35.0,45.0,履歴少
202606040405,2026-09-13,5,セイルクルーズ,1.0,1.0,武藤,55.0,,,,,,,,,,,,,,,,,,,,,,,,,,,,,,,,,,,,,35.2,7.0,2026-09-13 02:22:11,jra,2026-09-13,36.0,35.0,35.0,35.0,35.0,35.0,45.0,履歴少
202609040405,2026-09-13,5,タガノフリアン,4.0,4.0,角田和,55.0,,,,,,,,,,,,,,,,,,,,,,,,,,,,,,,,,,,,,25.7,6.0,2026-09-13 02:05:56,jra,2026-09-13,36.0,35.0,35.0,35.0,35.0,35.0,45.0,履歴少
202606040405,2026-09-13,5,タンタトリス,8.0,7.0,横山武,55.0,,,,,,,,,,,,,,,,,,,,,,,,,,,,,,,,,,,,,12.2,6.0,2026-09-13 02:22:11,jra,2026-09-13,36.0,35.0,35.0,35.0,35.0,35.0,45.0,履歴少
202606040405,2026-09-13,5,ホウフクゼットウ,10.0,8.0,▲水沼,52.0,,,,,,,,,,,,,,,,,,,,,,,,,,,,,,,,,,,,,57.2,10.0,2026-09-13 02:22:11,jra,2026-09-13,36.0,35.0,35.0,35.0,35.0,35.0,45.0,履歴少
202606040405,2026-09-13,5,マイサマーガール,7.0,6.0,原,55.0,,,,,,,,,,,,,,,,,,,,,,,,,,,,,,,,,,,,,56.0,9.0,2026-09-13 02:22:11,jra,2026-09-13,36.0,35.0,35.0,35.0,35.0,35.0,45.0,履歴少
202609040405,2026-09-13,5,マイネルグリモア,6.0,6.0,国分恭,55.0,,,,,,,,,,,,,,,,,,,,,,,,,,,,,,,,,,,,,3.7,2.0,2026-09-13 02:05:56,jra,2026-09-13,36.0,35.0,35.0,35.0,35.0,35.0,45.0,履歴少
202609040405,2026-09-13,5,マガスティール,1.0,1.0,亀田,55.0,,,,,,,,,,,,,,,,,,,,,,,,,,,,,,,,,,,,,6.2,4.0,2026-09-13 02:05:56,jra,2026-09-13,36.0,35.0,35.0,35.0,35.0,35.0,45.0,履歴少
202609040405,2026-09-13,5,ミスティビーコン,5.0,5.0,佐々木,55.0,,,,,,,,,,,,,,,,,,,,,,,,,,,,,,,,,,,,,10.1,5.0,2026-09-13 02:05:56,jra,2026-09-13,36.0,35.0,35.0,35.0,35.0,35.0,45.0,履歴少
202606040405,2026-09-13,5,ラルコ,2.0,2.0,田辺,55.0,,,,,,,,,,,,,,,,,,,,,,,,,,,,,,,,,,,,,5.1,2.0,2026-09-13 02:22:11,jra,2026-09-13,36.0,35.0,35.0,35.0,35.0,35.0,45.0,履歴少
202606040406,2026-09-13,6,オウケンサクラコ,14.0,7.0,丸田,55.0,,5.0,7.0,3新潟3,3歳未勝利,1:56.5,1.6,小雨,2.0,11.0,2新潟5,3歳未勝利,1:55.4,0.1,晴,7.0,9.0,3東京5,3歳未勝利,1:38.5,2.0,小雨,4.0,11.0,3東京3,3歳未勝利,1:37.8,1.0,晴,7.0,8.0,2東京8,3歳1勝クラス,1:39.7,2.5,晴,19.6,8.0,2026-09-13 02:50:06,jra,2026-09-13,69.17,70.3,80.6,69.9,50.0,77.6,48.8,履歴少 / 人気以上に走る傾向 / 安定感 / 過小評価傾向
202606040406,2026-09-13,6,オートカリテ,7.0,4.0,ミシェル,55.0,,5.0,6.0,4中山2,3歳未勝利,1:53.9,0.9,雨,14.0,7.0,1札幌6,3歳未勝利,2:03.5,1.9,晴,8.0,5.0,2福島7,3歳未勝利,1:47.7,0.7,曇,11.0,3.0,2福島1,3歳未勝利,2:00.5,0.9,晴,2.0,1.0,1新潟2,3歳未勝利,2:02.5,0.1,晴,22.5,10.0,2026-09-13 02:50:06,jra,2026-09-13,42.41,41.8,26.9,40.7,72.5,40.5,50.0,近走上向き
202606040406,2026-09-13,6,ギャニミード,3.0,2.0,杉原,55.0,,11.0,5.0,2福島3,3歳未勝利,2:00.9,0.9,晴,12.0,2.0,3中山2,3歳未勝利,1:59.8,4.4,晴,5.0,3.0,1中山3,3歳新馬,1:59.2,0.1,晴,,,,,,,,,,,,,,,22.9,12.0,2026-09-13 02:50:06,jra,2026-09-13,25.82,30.0,6.1,19.8,35.0,31.4,50.0,総合評価
202606040406,2026-09-13,6,ゴールデンダガー,15.0,8.0,横山琉,57.0,,5.0,2.0,2札幌3,3歳未勝利,1:46.9,2.3,晴,,,1函館9,3歳未勝利,,,曇,2.0,4.0,1函館3,3歳未勝利,1:46.8,0.1,曇,6.0,4.0,2東京8,3歳未勝利,2:25.3,1.0,晴,10.0,4.0,1福島3,3歳未勝利,2:44.3,1.6,晴,12.7,5.0,2026-09-13 02:50:06,jra,2026-09-13,52.74,67.3,36.7,50.2,56.0,53.5,48.8,履歴少 / 市場オッズ妙味
202609040406,2026-09-13,6,ゴールデンドラゴン,9.0,5.0,松若,57.0,,3.0,1.0,3中京3,3歳未勝利,1:54.9,0.4,曇,3.0,4.0,2中京8,3歳未勝利,1:55.7,0.7,晴,3.0,4.0,2中京3,3歳未勝利,1:55.9,1.3,晴,4.0,2.0,2小倉5,3歳未勝利,1:47.6,0.7,晴,2.0,7.0,2小倉2,3歳未勝利,1:46.9,0.1,晴,9.4,4.0,2026-09-13 02:36:26,jra,2026-09-13,67.14,83.7,50.4,100.0,50.0,61.5,50.0,安定感
202609040406,2026-09-13,6,サトノディヴァイン,10.0,6.0,菱田,57.0,,5.0,9.0,3中京2,3歳未勝利,1:57.4,2.1,晴,11.0,6.0,2中京8,3歳未勝利,1:57.4,2.4,晴,7.0,14.0,3阪神5,3歳未勝利,1:55.7,1.9,小雨,,,,,,,,,,,,,,,51.5,13.0,2026-09-13 02:36:26,jra,2026-09-13,53.96,47.9,62.6,30.4,74.0,58.1,48.8,前走人気以上 / 履歴少 / 近走上向き
202609040406,2026-09-13,6,スターチューン,6.0,4.0,☆田山,54.0,,10.0,6.0,4阪神1,3歳未勝利,1:57.4,3.1,晴,5.0,3.0,1阪神4,3歳未勝利,1:55.8,1.4,晴,3.0,5.0,5阪神2,2歳未勝利,1:56.1,1.2,晴,6.0,1.0,4京都6,2歳新馬,1:54.9,1.7,晴,,,,,,,,51.1,12.0,2026-09-13 02:36:26,jra,2026-09-13,42.89,56.7,34.0,44.7,18.0,46.2,48.8,履歴少
202609040406,2026-09-13,6,タガノアルテミス,5.0,3.0,佐々木,55.0,,4.0,3.0,3中京4,3歳未勝利,1:55.6,1.3,晴,3.0,8.0,2中京3,3歳未勝利,1:56.6,0.2,晴,2.0,5.0,1新潟7,3歳未勝利,1:56.4,0.4,晴,7.0,5.0,1中京5,3歳未勝利,1:56.6,1.4,晴,2.0,1.0,笠松,関ヶ原宿特別(3歳),1:29.3,0.0,雨,18.9,9.0,2026-09-13 02:36:26,jra,2026-09-13,64.64,75.3,58.3,81.1,47.0,66.6,48.8,履歴少 / 安定感 / 過小評価傾向 / 市場オッズ妙味
202606040406,2026-09-13,6,タニセンローマ,4.0,2.0,松山,57.0,,3.0,7.0,3新潟2,3歳未勝利,1:56.0,2.1,晴,4.0,7.0,2新潟3,3歳未勝利,1:57.4,1.0,曇,8.0,12.0,3東京1,3歳未勝利,1:39.6,1.5,晴,8.0,7.0,2東京3,3歳未勝利,2:14.6,1.8,晴,12.0,6.0,3中山1,3歳未勝利,1:56.7,2.6,曇,20.5,9.0,2026-09-13 02:50:06,jra,2026-09-13,61.73,60.8,63.9,55.3,80.0,58.9,48.8,前走人気以上 / 履歴少 / 近走上向き / 市場オッズ妙味
202606040406,2026-09-13,6,ディープマウンテン,16.0,8.0,大野,55.0,,4.0,12.0,2札幌5,3歳未勝利,1:46.3,1.6,晴,5.0,12.0,1札幌8,3歳未勝利,1:47.8,1.5,晴,7.0,12.0,1札幌3,3歳未勝利,1:49.5,0.8,曇,12.0,13.0,1函館11,3歳未勝利,1:48.5,2.2,小雨,,,1函館7,3歳未勝利,,,晴,41.4,16.0,2026-09-13 02:50:06,jra,2026-09-13,68.61,58.1,91.5,55.3,74.0,70.6,50.0,前走人気以上 / 人気以上に走る傾向 / 近走上向き / 過小評価傾向
202609040406,2026-09-13,6,ナムラヴンダー,13.0,7.0,幸,57.0,,4.0,3.0,3中京3,3歳未勝利,2:11.6,1.2,曇,4.0,2.0,2中京8,3歳未勝利,2:13.6,0.9,晴,2.0,2.0,2中京2,3歳未勝利,2:11.7,0.2,晴,3.0,2.0,3阪神6,3歳未勝利,2:28.0,0.4,晴,6.0,5.0,3京都11,3歳未勝利,2:26.2,0.9,晴,4.9,2.0,2026-09-13 02:36:26,jra,2026-09-13,61.21,78.7,42.6,89.7,48.5,53.5,48.8,履歴少 / 安定感
202609040406,2026-09-13,6,ニシノエビガタメ,2.0,2.0,Ｍデムーロ,57.0,,2.0,6.0,4阪神2,3歳未勝利,1:56.2,0.6,曇,4.0,9.0,3中京2,3歳未勝利,2:02.2,0.3,晴,4.0,10.0,2中京3,3歳未勝利,1:56.0,1.4,晴,11.0,5.0,3阪神1,3歳未勝利,1:56.8,2.6,晴,4.0,5.0,3京都6,3歳未勝利,2:01.5,0.4,晴,10.4,5.0,2026-09-13 02:36:26,jra,2026-09-13,70.31,72.7,70.1,85.4,72.5,66.5,48.8,前走人気以上 / 履歴少 / 人気以上に走る傾向 / 近走上向き
202609040406,2026-09-13,6,ハナコトバ,1.0,1.0,★河原田,51.0,,7.0,7.0,2新潟5,3歳以上1勝クラス,1:33.3,0.9,晴,11.0,3.0,2新潟2,3歳未勝利,2:05.8,1.9,曇,3.0,3.0,2小倉5,3歳未勝利,2:01.3,0.3,晴,7.0,4.0,3阪神6,3歳未勝利,1:55.0,2.4,晴,4.0,5.0,3阪神2,3歳未勝利,2:01.1,1.1,雨,11.4,6.0,2026-09-13 02:36:26,jra,2026-09-13,44.13,52.8,33.7,30.1,45.5,51.3,50.0,総合評価
202609040406,2026-09-13,6,ハーブドーレ,8.0,5.0,城戸,55.0,,13.0,12.0,2小倉7,3歳未勝利,1:00.1,1.8,曇,,,,,,,,,,,,,,,,,,,,,,,,,,,,,77.0,14.0,2026-09-13 02:36:26,jra,2026-09-13,36.9,30.5,39.1,29.6,40.6,39.5,50.0,サンプル少
202606040406,2026-09-13,6,パワポケウォーズ,6.0,3.0,▲上里,54.0,,3.0,8.0,3新潟4,3歳未勝利,1:56.0,0.6,曇,3.0,10.0,2新潟8,3歳未勝利,1:55.3,0.2,晴,9.0,12.0,2新潟5,3歳未勝利,1:57.4,2.1,晴,4.0,12.0,2新潟2,3歳未勝利,1:53.8,1.1,雨,12.0,15.0,2福島5,3歳未勝利,1:49.3,2.5,曇,27.7,14.0,2026-09-13 02:50:06,jra,2026-09-13,71.54,65.9,87.3,69.9,74.0,70.4,50.0,前走人気以上 / 人気以上に走る傾向 / 近走上向き / 安定感
202609040406,2026-09-13,6,ビッグヒーロー,7.0,4.0,ルメール,57.0,,3.0,1.0,4阪神1,3歳未勝利,1:33.8,0.1,晴,2.0,1.0,2中京6,3歳未勝利,1:33.9,0.2,晴,2.0,2.0,2中京1,3歳未勝利,1:32.5,0.1,晴,3.0,1.0,3阪神2,3歳未勝利,1:25.3,0.4,雨,4.0,1.0,3京都6,3歳未勝利,1:33.4,0.3,晴,3.3,1.0,2026-09-13 02:36:26,jra,2026-09-13,63.52,86.7,39.8,100.0,48.5,49.9,48.8,履歴少 / 安定感
202606040406,2026-09-13,6,フィクセルリリア,13.0,7.0,吉田豊,55.0,,2.0,5.0,3新潟1,3歳未勝利,1:55.1,0.4,晴,4.0,5.0,2新潟3,3歳未勝利,1:56.3,0.8,曇,11.0,4.0,5中山5,2歳未勝利,1:57.0,2.4,小雨,2.0,3.0,5中山1,2歳未勝利,1:56.5,0.1,晴,9.0,8.0,4中山8,2歳新馬,1:36.8,1.0,晴,10.1,4.0,2026-09-13 02:50:06,jra,2026-09-13,61.35,68.0,48.7,69.9,77.0,57.9,48.8,前走人気以上 / 履歴少 / 近走上向き / 安定感
202609040406,2026-09-13,6,プレデンシア,11.0,6.0,田口,55.0,,2.0,4.0,3中京1,3歳未勝利,1:25.4,0.2,晴,5.0,7.0,2中京4,3歳未勝利,1:13.5,0.5,晴,8.0,5.0,3阪神3,3歳未勝利,1:13.8,1.4,晴,4.0,5.0,3京都9,3歳未勝利,1:12.6,0.8,曇,3.0,2.0,1阪神6,3歳未勝利,1:14.0,0.1,曇,6.7,3.0,2026-09-13 02:36:26,jra,2026-09-13,64.37,73.4,53.9,80.2,68.0,58.7,48.8,履歴少 / 近走上向き / 安定感
202609040406,2026-09-13,6,ペプチドアロン,14.0,8.0,吉村,57.0,,6.0,2.0,4阪神2,3歳未勝利,1:13.2,0.6,曇,3.0,2.0,2中京8,3歳未勝利,1:25.0,0.7,晴,2.0,3.0,2中京2,3歳未勝利,1:25.5,0.8,晴,6.0,8.0,3京都5,3歳未勝利,1:25.2,0.5,晴,,,,,,,,14.5,8.0,2026-09-13 02:36:26,jra,2026-09-13,54.03,73.7,42.4,44.7,36.0,61.9,48.8,履歴少 / 市場オッズ妙味
202606040406,2026-09-13,6,ホウオウファミリー,9.0,5.0,岩田望,57.0,,2.0,1.0,4中山1,3歳未勝利,1:53.6,0.2,曇,6.0,1.0,1函館6,3歳未勝利,2:40.9,1.6,晴,2.0,4.0,1函館1,3歳未勝利,2:40.2,0.6,曇,5.0,2.0,2中山7,3歳未勝利,1:57.0,1.5,晴,2.0,1.0,1東京2,3歳未勝利,2:15.3,0.6,晴,3.0,1.0,2026-09-13 02:50:06,jra,2026-09-13,59.77,80.5,38.1,75.1,60.5,49.5,48.8,履歴少 / 安定感
202606040406,2026-09-13,6,マイネルオランチア,1.0,1.0,菊沢,57.0,,4.0,5.0,4中山1,3歳未勝利,1:54.1,0.7,曇,5.0,1.0,笠松,大湫宿特別(3歳),1:29.5,0.8,晴,5.0,1.0,1中山5,3歳未勝利,1:57.2,1.0,晴,3.0,1.0,5中山6,2歳未勝利,1:53.9,0.0,曇,2.0,6.0,5東京8,2歳未勝利,1:38.6,0.9,晴,13.2,6.0,2026-09-13 02:50:06,jra,2026-09-13,59.31,68.1,43.4,89.5,48.5,57.7,51.8,クラス条件好転 / 履歴少 / 安定感 / 市場オッズ妙味
202609040406,2026-09-13,6,ミッキーロビン,3.0,2.0,小崎,57.0,,2.0,2.0,笠松,落合宿特別(3歳),1:29.3,1.0,曇,14.0,5.0,3京都12,3歳未勝利,2:02.7,2.2,晴,7.0,5.0,2阪神6,3歳未勝利,1:54.7,1.8,晴,,,,,,,,,,,,,,,38.9,10.0,2026-09-13 02:36:26,jra,2026-09-13,40.53,35.3,25.4,17.6,100.0,39.7,48.8,履歴少 / 近走上向き
202609040406,2026-09-13,6,メイショウハーブス,4.0,3.0,藤懸,57.0,,5.0,5.0,3中京3,3歳未勝利,1:55.5,1.0,曇,11.0,9.0,1札幌6,3歳未勝利,2:03.1,1.5,晴,5.0,3.0,1中京2,3歳未勝利,2:13.8,1.3,晴,5.0,4.0,1阪神4,3歳未勝利,2:02.4,0.4,晴,4.0,6.0,2京都2,3歳未勝利,2:02.9,0.8,晴,41.8,11.0,2026-09-13 02:36:26,jra,2026-09-13,54.92,56.9,44.2,75.1,57.5,54.3,48.8,履歴少 / 安定感 / 市場オッズ妙味
202606040406,2026-09-13,6,ヤマトスイフト,10.0,5.0,内田博,55.0,,15.0,16.0,3東京3,3歳未勝利,1:27.1,2.7,晴,12.0,12.0,3中山4,3歳未勝利,1:13.2,2.1,曇,11.0,9.0,1東京1,3歳新馬,1:29.4,1.7,晴,,,,,,,,,,,,,,,38.0,15.0,2026-09-13 02:50:06,jra,2026-09-13,29.72,9.2,49.1,0.0,29.0,49.8,48.8,履歴少
202606040406,2026-09-13,6,ヨドノサファイア,5.0,3.0,丹内,55.0,,4.0,9.0,2札幌4,3歳未勝利,1:46.8,0.8,曇,6.0,9.0,1札幌4,3歳未勝利,1:47.0,1.2,晴,16.0,9.0,1函館11,3歳未勝利,1:11.5,2.9,曇,6.0,6.0,1函館1,3歳未勝利,1:09.3,0.8,雨,5.0,7.0,5中山8,2歳未勝利,1:09.6,0.5,晴,26.4,13.0,2026-09-13 02:50:06,jra,2026-09-13,55.62,53.8,57.6,40.7,75.5,55.5,50.0,前走人気以上 / 近走上向き
202606040406,2026-09-13,6,ヨーゼフ,2.0,1.0,武藤,57.0,,3.0,10.0,4中山1,3歳未勝利,1:53.7,0.3,曇,10.0,14.0,2新潟8,3歳未勝利,2:27.2,1.8,晴,8.0,15.0,2福島3,3歳未勝利,2:40.1,0.9,曇,13.0,13.0,1新潟7,3歳未勝利,2:31.1,3.4,晴,,,,,,,,9.8,3.0,2026-09-13 02:50:06,jra,2026-09-13,63.08,46.6,85.2,30.4,94.0,69.0,50.0,前走人気以上 / 人気以上に走る傾向 / 近走上向き / 過小評価傾向
202606040406,2026-09-13,6,ルシアージュ,8.0,4.0,三浦,55.0,,2.0,2.0,4中山2,3歳未勝利,1:53.4,0.4,雨,5.0,7.0,3新潟1,3歳未勝利,1:55.3,0.6,晴,8.0,5.0,2新潟6,3歳未勝利,1:34.2,0.5,晴,3.0,5.0,2新潟2,3歳未勝利,1:35.4,0.2,雨,5.0,6.0,2東京12,3歳未勝利,1:34.6,0.8,晴,6.6,2.0,2026-09-13 02:50:06,jra,2026-09-13,64.06,72.9,52.1,80.2,69.5,59.3,48.8,履歴少 / 近走上向き / 安定感
202609040406,2026-09-13,6,レッドバベル,15.0,8.0,◇永島,55.0,,11.0,8.0,2中京3,3歳未勝利,2:00.5,5.9,晴,,,,,,,,,,,,,,,,,,,,,,,,,,,,,12.0,7.0,2026-09-13 02:36:26,jra,2026-09-13,36.71,34.0,36.0,29.6,40.6,37.3,48.8,履歴少 / サンプル少
202606040406,2026-09-13,6,レッドフリーマン,11.0,6.0,池添,57.0,,9.0,9.0,2福島8,3歳未勝利,1:48.7,0.9,晴,15.0,7.0,2福島5,3歳未勝利,1:49.4,1.9,曇,4.0,4.0,2東京10,3歳未勝利,1:48.5,0.7,曇,12.0,6.0,3中山3,3歳未勝利,1:36.1,1.1,曇,,,,,,,,17.5,7.0,2026-09-13 02:50:06,jra,2026-09-13,35.27,30.9,27.6,19.8,58.0,41.8,48.1,市場オッズ妙味
202606040406,2026-09-13,6,ロンバルドシチー,12.0,6.0,☆長浜,56.0,,14.0,8.0,2小倉3,3歳未勝利,1:47.0,5.5,曇,3.0,1.0,川崎,ダイヤモンドフラワー(3歳),1:46.3,0.5,曇,5.0,11.0,1小倉6,3歳未勝利,1:48.8,1.3,曇,5.0,9.0,1京都4,3歳未勝利,1:56.5,1.6,晴,6.0,6.0,5中京6,2歳未勝利,1:56.9,1.7,小雨,22.5,11.0,2026-09-13 02:50:06,jra,2026-09-13,40.4,39.0,48.0,45.6,0.0,53.5,50.0,総合評価
202609040406,2026-09-13,6,ワンダーアンレール,12.0,7.0,▲森田,52.0,,,,,,,,,,,,,,,,,,,,,,,,,,,,,,,,,,,,,97.6,15.0,2026-09-13 02:36:26,jra,2026-09-13,36.0,35.0,35.0,35.0,35.0,35.0,45.0,履歴少
202609040407,2026-09-13,7,ウォーターパラディ,16.0,8.0,国分恭,58.0,,3.0,11.0,3中京3,3歳以上1勝クラス,1:24.5,0.2,曇,12.0,3.0,3京都10,4歳以上1勝クラス,1:25.3,0.9,晴,3.0,3.0,3京都3,4歳以上1勝クラス,1:25.2,0.8,晴,5.0,2.0,1福島3,4歳以上1勝クラス,1:46.2,0.2,晴,2.0,3.0,1小倉9,4歳以上1勝クラス,1:47.0,0.3,晴,11.7,7.0,2026-09-13 02:06:26,jra,2026-09-13,59.7,64.5,49.0,75.1,65.0,58.5,48.8,前走人気以上 / 履歴少 / 近走上向き / 安定感
202606040407,2026-09-13,7,クリノゴッホ,14.0,7.0,△石田,56.0,,10.0,14.0,2新潟3,3歳以上1勝クラス,1:08.9,0.7,曇,,,2福島7,3歳以上1勝クラス,,,曇,13.0,12.0,2福島1,3歳以上1勝クラス,1:09.0,1.1,晴,6.0,11.0,1福島5,4歳以上1勝クラス,1:08.9,0.8,晴,13.0,14.0,1福島4,須賀川特別(1勝クラス),1:08.6,0.9,晴,96.7,16.0,2026-09-13 02:20:06,jra,2026-09-13,42.54,24.6,67.3,0.0,54.0,58.2,48.8,前走人気以上 / 履歴少 / 人気以上に走る傾向
202609040407,2026-09-13,7,グランディマージュ,11.0,6.0,田口,56.0,,7.0,13.0,3京都12,3歳1勝クラス,1:25.1,1.4,晴,1.0,1.0,金沢,加賀獅子吼賞(3歳),1:38.6,-1.6,曇,10.0,7.0,1阪神7,3歳未勝利,1:57.1,2.9,晴,3.0,5.0,佐賀,JRA交流グリーンカ(3歳),1:31.3,0.3,曇,13.0,15.0,3京都5,2歳未勝利,1:22.8,1.9,晴,36.1,9.0,2026-09-13 02:06:26,jra,2026-09-13,45.08,35.4,61.0,16.4,48.5,56.2,48.8,地方実績を中央換算 / 前走人気以上 / 履歴少
202609040407,2026-09-13,7,ケイエイト,12.0,6.0,▲和田陽,55.0,,5.0,9.0,名古屋,名古屋CCヴェスタ賞(A),2:13.0,2.3,曇,11.0,12.0,3京都7,3歳以上1勝クラス,1:25.5,1.4,曇,13.0,14.0,4阪神5,3歳以上1勝クラス,1:26.0,1.3,晴,6.0,13.0,4中京2,3歳以上1勝クラス,1:26.0,1.4,晴,15.0,13.0,3阪神3,3歳以上1勝クラス,1:11.6,1.4,雨,160.7,16.0,2026-09-13 02:06:26,jra,2026-09-13,47.16,23.8,62.7,13.7,87.5,58.1,51.8,クラス条件好転 / 前走人気以上 / 履歴少 / 近走上向き
202609040407,2026-09-13,7,ゲタリア,5.0,3.0,西村淳,56.0,,3.0,5.0,2小倉4,3歳以上1勝クラス,1:42.8,0.4,小雨,10.0,9.0,3阪神3,3歳以上1勝クラス,1:54.9,2.2,晴,1.0,2.0,1阪神7,3歳未勝利,1:54.2,-0.4,晴,2.0,2.0,1阪神3,3歳未勝利,1:55.7,0.8,晴,9.0,1.0,5東京2,2歳新馬,1:40.7,1.7,小雨,8.3,4.0,2026-09-13 02:06:26,jra,2026-09-13,59.26,69.4,48.1,64.7,65.0,55.1,50.0,近走上向き / 安定感
202609040407,2026-09-13,7,コンテナライン,14.0,7.0,★河原田,52.0,,9.0,9.0,3中京3,3歳以上1勝クラス,1:56.6,2.1,曇,11.0,15.0,3阪神2,3歳以上1勝クラス,1:54.6,2.1,雨,8.0,9.0,2阪神5,4歳以上1勝クラス,1:53.2,1.0,晴,4.0,9.0,1阪神7,4歳以上1勝クラス,1:55.9,0.9,晴,6.0,8.0,2京都4,4歳以上1勝クラス,1:57.5,0.8,晴,78.0,13.0,2026-09-13 02:06:26,jra,2026-09-13,46.9,41.9,64.9,14.6,39.5,58.7,48.8,履歴少
202606040407,2026-09-13,7,シャオママル,10.0,5.0,丸田,56.0,,11.0,9.0,2新潟7,3歳以上1勝クラス,1:20.9,0.8,晴,8.0,5.0,3東京3,3歳以上1勝クラス,1:21.5,0.8,晴,14.0,3.0,1東京5,3歳1勝クラス,1:22.7,0.8,晴,4.0,6.0,5東京1,京王杯2歳S(GII),1:21.4,0.5,晴,1.0,1.0,4東京5,2歳未勝利,1:22.0,-0.2,晴,19.6,10.0,2026-09-13 02:20:06,jra,2026-09-13,34.38,38.5,27.3,24.9,24.5,44.6,48.8,履歴少 / 市場オッズ妙味
202609040407,2026-09-13,7,シャープインサイト,1.0,1.0,菱田,56.0,,13.0,12.0,2中京2,3歳以上1勝クラス,1:27.5,3.0,晴,1.0,6.0,2阪神2,3歳未勝利,1:26.1,-0.5,晴,8.0,11.0,1阪神7,3歳未勝利,1:26.4,0.9,晴,11.0,13.0,1小倉12,3歳未勝利,1:47.3,1.2,晴,14.0,12.0,1小倉6,3歳未勝利,1:51.0,3.5,曇,102.4,14.0,2026-09-13 02:06:26,jra,2026-09-13,43.68,37.8,61.3,24.9,23.0,55.5,48.8,履歴少
202609040407,2026-09-13,7,ジューンアゲイン,6.0,3.0,☆田山,55.0,,10.0,2.0,3阪神6,3歳以上1勝クラス,1:25.2,1.5,晴,2.0,5.0,3阪神1,3歳以上1勝クラス,1:24.2,0.1,晴,1.0,2.0,1阪神7,3歳未勝利,1:25.5,0.0,晴,7.0,1.0,2京都1,3歳未勝利,1:35.7,0.6,晴,2.0,4.0,5中京2,2歳未勝利,1:34.2,0.1,晴,9.0,5.0,2026-09-13 02:06:26,jra,2026-09-13,47.52,68.3,34.9,55.0,8.0,54.2,48.8,履歴少
202606040407,2026-09-13,7,スペードギニー,12.0,6.0,△石神道,56.0,,9.0,9.0,3新潟2,3歳以上1勝クラス,1:59.5,1.4,晴,10.0,10.0,3東京5,3歳以上1勝クラス,1:47.8,1.3,雨,6.0,11.0,1福島1,浄土平特別(1勝クラス),1:47.8,0.8,晴,1.0,1.0,金沢,☆凛太郎くん☆1歳お(C1),1:28.5,-0.3,晴,1.0,1.0,金沢,天秤ひなみ6thAn(C1特別),1:29.7,-0.2,雨,25.7,13.0,2026-09-13 02:20:06,jra,2026-09-13,41.17,38.9,56.9,11.6,23.0,54.2,48.8,地方実績を中央換算 / 履歴少
202606040407,2026-09-13,7,スマイルカーブ,2.0,1.0,菊沢,54.0,,11.0,6.0,3新潟1,3歳以上1勝クラス,1:32.7,0.4,晴,7.0,10.0,3東京6,3歳以上1勝クラス,1:34.5,0.7,曇,8.0,11.0,3中山5,ニュージーランドT(GII),1:34.1,0.8,晴,5.0,16.0,2中山5,アネモネS(L),1:33.5,0.8,晴,1.0,5.0,笠松,中津川宿特別(3歳),1:30.2,-0.5,曇,27.4,14.0,2026-09-13 02:20:06,jra,2026-09-13,44.9,43.6,61.7,20.6,15.5,62.0,48.8,履歴少
202606040407,2026-09-13,7,スワローシチー,16.0,8.0,田辺,58.0,,4.0,5.0,2新潟1,3歳以上1勝クラス,1:45.3,0.3,曇,8.0,7.0,3東京6,3歳以上1勝クラス,1:34.5,0.7,曇,2.0,3.0,3東京2,3歳以上1勝クラス,1:32.9,0.1,曇,8.0,5.0,1中京6,4歳以上1勝クラス,2:12.2,0.6,晴,7.0,7.0,1東京8,4歳以上1勝クラス,1:46.6,0.5,晴,11.3,6.0,2026-09-13 02:20:06,jra,2026-09-13,56.39,64.0,48.7,50.2,63.5,59.0,48.8,履歴少
202606040407,2026-09-13,7,ソレエスピアージャ,13.0,7.0,ミシェル,56.0,,1.0,1.0,笠松,ひこぼし特別(B),1:30.3,-0.1,曇,1.0,1.0,笠松,B4組,1:31.0,-0.4,晴,2.0,1.0,大井,デネボラ特別競走(C1),1:28.2,0.5,晴,2.0,1.0,大井,萌黄特別競走(C2),1:43.9,0.0,晴,3.0,1.0,大井,C2七 八,1:44.1,1.6,晴,27.6,15.0,2026-09-13 02:20:06,jra,2026-09-13,46.08,43.4,48.0,45.4,48.0,49.5,42.8,地方実績を中央換算 / 地方実績中心 / 履歴少
202606040407,2026-09-13,7,タイセイアストロ,15.0,8.0,杉原,56.0,,2.0,1.0,3新潟1,3歳以上1勝クラス,1:32.3,0.0,晴,2.0,5.0,3東京6,3歳以上1勝クラス,1:34.0,0.2,曇,10.0,3.0,1中京3,中スポ賞ファルコンS(GIII),1:20.7,0.9,晴,5.0,2.0,1東京5,3歳1勝クラス,1:22.0,0.1,晴,1.0,2.0,1中山1,3歳未勝利,1:34.5,0.0,晴,5.8,2.0,2026-09-13 02:20:06,jra,2026-09-13,61.05,76.7,41.1,80.2,65.0,52.9,48.8,履歴少 / 近走上向き / 安定感
202606040407,2026-09-13,7,ダイヤテソーロ,7.0,4.0,木幡巧,54.0,,7.0,3.0,3新潟1,3歳以上1勝クラス,1:32.6,0.3,晴,8.0,11.0,3東京2,3歳以上1勝クラス,1:33.2,0.4,曇,1.0,5.0,2東京10,3歳未勝利,1:33.0,0.0,晴,3.0,8.0,2東京4,3歳未勝利,1:35.2,0.4,曇,7.0,11.0,1東京7,3歳未勝利,1:35.1,1.0,晴,9.1,4.0,2026-09-13 02:20:06,jra,2026-09-13,54.88,64.2,60.3,34.3,36.5,64.8,48.8,履歴少
202606040407,2026-09-13,7,ダノンアスコルティ,5.0,3.0,岩田望,54.0,,1.0,1.0,3東京6,3歳未勝利,1:35.1,-0.4,曇,2.0,2.0,2東京10,3歳未勝利,1:33.0,0.0,晴,6.0,2.0,1東京8,3歳未勝利,1:48.4,0.7,晴,4.0,1.0,5中山5,2歳新馬,1:50.3,0.4,曇,,,,,,,,4.5,1.0,2026-09-13 02:20:06,jra,2026-09-13,62.04,85.1,40.4,69.9,68.0,50.7,48.8,履歴少 / 近走上向き / 安定感
202606040407,2026-09-13,7,ツインピークス,3.0,2.0,◇小林美,54.0,,8.0,4.0,3新潟1,3歳以上1勝クラス,1:32.6,0.3,晴,10.0,14.0,3東京2,3歳以上1勝クラス,1:33.5,0.7,曇,5.0,9.0,2東京9,4歳以上1勝クラス,1:33.2,0.9,曇,6.0,6.0,2東京1,4歳以上1勝クラス,1:37.5,0.3,晴,5.0,8.0,1中京5,4歳以上1勝クラス,1:34.9,0.5,晴,24.6,12.0,2026-09-13 02:20:06,jra,2026-09-13,48.62,49.6,56.2,30.1,41.0,56.1,48.8,履歴少
202606040407,2026-09-13,7,ナハトナナレオン,11.0,6.0,横山武,54.0,,2.0,2.0,1札幌2,3歳以上1勝クラス,1:28.0,0.1,晴,1.0,2.0,3中山1,3歳未勝利,1:35.1,-0.2,晴,3.0,5.0,2中山2,3歳未勝利,1:36.1,0.5,晴,4.0,7.0,2京都1,3歳未勝利,1:35.4,0.3,晴,14.0,11.0,1中山2,3歳未勝利,2:02.5,1.4,晴,13.8,7.0,2026-09-13 02:20:06,jra,2026-09-13,68.85,80.6,55.4,89.7,71.0,63.1,48.8,履歴少 / 近走上向き / 安定感 / 市場オッズ妙味
202606040407,2026-09-13,7,ノーブルライナー,4.0,2.0,丹内,58.0,,1.0,1.0,園田,小部7ハロンC2二,1:33.4,-0.4,曇,5.0,1.0,園田,青木7ハロンC2二,1:35.1,1.1,晴,1.0,1.0,園田,C3一,1:33.2,-0.2,雨,1.0,1.0,姫路,C2一,1:36.1,-0.1,晴,9.0,5.0,園田,C2二,1:33.1,1.1,晴,23.7,11.0,2026-09-13 02:20:06,jra,2026-09-13,41.46,32.7,45.6,34.3,54.0,46.5,42.8,地方実績を中央換算 / 地方実績中心 / 履歴少
202609040407,2026-09-13,7,ハードシングス,7.0,4.0,松若,56.0,,12.0,9.0,2中京2,3歳以上1勝クラス,1:27.3,2.8,晴,6.0,10.0,3京都5,3歳1勝クラス,1:12.3,0.8,晴,10.0,10.0,2阪神6,3歳1勝クラス,1:24.7,0.9,晴,1.0,3.0,1京都1,3歳未勝利,1:26.6,0.0,晴,2.0,6.0,5阪神2,2歳未勝利,1:26.1,0.4,晴,19.5,8.0,2026-09-13 02:06:26,jra,2026-09-13,44.0,48.2,55.5,24.9,6.5,60.9,48.8,履歴少 / 市場オッズ妙味
202609040407,2026-09-13,7,バルミラクル,15.0,8.0,鮫島良,58.0,,9.0,13.0,2中京7,3歳以上1勝クラス,1:25.2,1.1,晴,11.0,6.0,2阪神2,4歳以上1勝クラス,1:55.0,2.8,晴,8.0,11.0,1阪神7,4歳以上1勝クラス,1:25.4,1.5,晴,4.0,7.0,1阪神1,4歳以上1勝クラス,1:26.0,0.9,晴,12.0,4.0,5中京4,3歳以上1勝クラス,1:27.1,2.0,晴,7.3,3.0,2026-09-13 02:06:26,jra,2026-09-13,42.12,36.9,51.2,14.6,48.5,50.3,48.8,前走人気以上 / 履歴少
202606040407,2026-09-13,7,ファンクション,9.0,5.0,武豊,54.0,,3.0,2.0,2札幌4,3歳以上1勝クラス,1:30.4,0.2,晴,11.0,6.0,2東京9,カーネーションC(1勝クラス),1:47.5,1.1,曇,14.0,10.0,2阪神3,チャーチルダウンズC(GIII),1:36.1,2.0,雨,4.0,5.0,2中山5,アネモネS(L),1:33.4,0.7,晴,2.0,5.0,1中山6,菜の花賞(1勝クラス),1:34.4,0.0,晴,7.8,3.0,2026-09-13 02:20:06,jra,2026-09-13,51.76,51.1,36.8,55.3,78.5,54.8,48.8,履歴少 / 近走上向き
202609040407,2026-09-13,7,フレイムスター,10.0,5.0,吉村,56.0,,8.0,9.0,3中京3,3歳以上1勝クラス,1:33.2,1.1,雨,8.0,4.0,2小倉8,筑紫特別(1勝クラス),1:49.0,2.5,晴,5.0,5.0,3阪神1,城崎特別(1勝クラス),1:46.2,0.7,晴,5.0,4.0,2東京9,3歳1勝クラス,1:37.5,1.1,曇,5.0,7.0,2阪神1,毎日杯(GIII),1:45.9,0.8,晴,11.7,6.0,2026-09-13 02:06:26,jra,2026-09-13,49.47,54.7,45.6,44.7,36.5,59.2,51.8,クラス条件好転
202609040407,2026-09-13,7,プレダトゥール,2.0,1.0,亀田,56.0,,7.0,4.0,3京都9,3歳1勝クラス,1:24.5,0.5,曇,5.0,11.0,3京都4,3歳1勝クラス,1:24.1,0.4,曇,14.0,16.0,1京都5,日刊スポシンザン記念(GIII),1:35.1,1.7,晴,5.0,7.0,5中京1,こうやまき賞(1勝クラス),1:37.2,0.4,晴,6.0,4.0,4京都5,秋明菊賞(1勝クラス),1:21.6,1.0,晴,3.5,1.0,2026-09-13 02:06:26,jra,2026-09-13,51.24,48.9,57.4,39.5,53.0,55.6,48.8,履歴少
202606040407,2026-09-13,7,ベアサナエチャン,8.0,4.0,松山,54.0,,4.0,4.0,2札幌2,3歳以上1勝クラス,1:28.3,0.5,晴,4.0,6.0,1函館9,3歳以上1勝クラス,1:48.8,0.6,曇,1.0,2.0,1函館4,3歳未勝利,1:48.3,-0.1,小雨,3.0,4.0,2東京10,3歳未勝利,1:33.0,0.0,晴,5.0,2.0,2東京4,3歳未勝利,1:35.5,0.7,曇,10.9,5.0,2026-09-13 02:20:06,jra,2026-09-13,66.57,81.1,53.7,100.0,45.5,60.8,50.0,安定感
202609040407,2026-09-13,7,ベストレーサー,3.0,2.0,小崎,56.0,,15.0,17.0,1小倉5,4歳以上1勝クラス,2:02.9,1.6,曇,13.0,8.0,1小倉2,4歳以上1勝クラス,1:48.2,1.9,晴,5.0,8.0,4東京2,3歳以上1勝クラス,1:46.4,0.7,曇,7.0,7.0,3東京2,3歳以上1勝クラス,1:34.2,0.7,晴,1.0,12.0,1新潟4,3歳未勝利,1:50.0,-0.1,曇,151.8,15.0,2026-09-13 02:06:26,jra,2026-09-13,39.51,32.4,57.6,30.1,0.0,58.1,48.8,履歴少
202606040407,2026-09-13,7,ミスターマーボー,6.0,3.0,原,56.0,,3.0,5.0,2新潟7,3歳以上1勝クラス,1:20.4,0.3,晴,4.0,3.0,2福島6,3歳以上1勝クラス,1:09.7,0.4,曇,3.0,7.0,3東京3,3歳以上1勝クラス,1:21.3,0.6,晴,1.0,1.0,1新潟7,3歳未勝利,1:23.3,0.0,晴,2.0,1.0,1小倉12,3歳未勝利,1:09.5,0.1,晴,19.2,9.0,2026-09-13 02:20:06,jra,2026-09-13,69.57,85.2,57.3,100.0,47.0,66.6,50.0,安定感 / 過小評価傾向 / 市場オッズ妙味
202606040407,2026-09-13,7,ラヴスコール,1.0,1.0,鮫島駿,56.0,,5.0,12.0,3新潟1,3歳以上1勝クラス,1:32.5,0.2,晴,6.0,5.0,1新潟5,4歳以上1勝クラス,1:22.5,0.6,晴,4.0,5.0,1新潟2,4歳以上1勝クラス,1:22.3,0.5,曇,10.0,12.0,2中山3,4歳以上1勝クラス,1:34.9,0.9,曇,7.0,11.0,5中京5,3歳以上1勝クラス,1:21.2,0.4,小雨,15.8,8.0,2026-09-13 02:20:06,jra,2026-09-13,61.77,60.1,69.5,50.2,60.5,72.3,48.8,前走人気以上 / 履歴少 / 人気以上に走る傾向 / 過小評価傾向
202609040407,2026-09-13,7,ロイヤルテール,4.0,2.0,藤懸,58.0,,11.0,11.0,4阪神1,3歳以上1勝クラス,1:26.1,1.6,曇,8.0,15.0,2中京6,3歳以上1勝クラス,1:26.0,1.4,曇,1.0,2.0,大井,C2二 三四(C2三),1:27.4,0.0,晴,1.0,1.0,大井,C2八 九十(C2九),1:29.3,-0.3,晴,7.0,5.0,大井,烏山川賞(C2),1:44.3,1.3,晴,75.2,12.0,2026-09-13 02:06:26,jra,2026-09-13,40.55,32.1,62.2,14.2,24.8,54.8,42.8,地方実績を中央換算 / 地方実績中心 / 履歴少
202609040407,2026-09-13,7,ロードヴェルテクス,8.0,4.0,松本,56.0,,15.0,16.0,2札幌3,3歳以上1勝クラス,1:11.3,1.9,晴,8.0,10.0,1函館12,3歳以上1勝クラス,1:11.1,0.8,晴,11.0,11.0,3京都1,3歳1勝クラス,1:54.5,2.2,晴,1.0,1.0,笠松,加納宿特別(3歳),1:29.2,-0.3,晴,7.0,5.0,3福島3,2歳未勝利,1:48.2,1.4,晴,50.2,11.0,2026-09-13 02:06:26,jra,2026-09-13,34.35,28.8,54.2,8.5,0.5,51.6,50.0,総合評価
202609040407,2026-09-13,7,ワンウェイトゥヘル,9.0,5.0,長岡,58.0,,7.0,4.0,園田,JRA交流淀川特別,1:31.2,1.6,晴,4.0,5.0,1新潟6,4歳以上1勝クラス,1:13.2,0.9,晴,5.0,4.0,1新潟2,4歳以上1勝クラス,1:12.2,0.5,曇,5.0,11.0,2阪神3,4歳以上1勝クラス,1:12.6,0.9,雨,8.0,3.0,1中京1,4歳以上1勝クラス,1:13.3,1.0,晴,45.0,10.0,2026-09-13 02:06:26,jra,2026-09-13,52.09,56.0,49.2,59.3,41.0,55.0,48.8,履歴少 / 市場オッズ妙味
202609040407,2026-09-13,7,ヴォンドゥ,13.0,7.0,▲森田,51.0,,3.0,5.0,3中京4,3歳以上1勝クラス,1:12.0,0.5,晴,5.0,3.0,2中京6,3歳以上1勝クラス,1:12.4,0.2,晴,4.0,8.0,2阪神8,3歳1勝クラス,1:11.9,0.3,曇,1.0,5.0,1阪神10,3歳未勝利,1:12.9,-0.3,晴,9.0,3.0,1小倉3,3歳未勝利,1:00.1,1.2,晴,3.7,2.0,2026-09-13 02:06:26,jra,2026-09-13,65.53,75.8,56.0,89.7,60.5,56.9,48.8,履歴少 / 安定感
202609040408,2026-09-13,8,アスクガンバーレ,3.0,3.0,ルメール,58.0,,5.0,3.0,2札幌2,3歳以上1勝クラス,2:36.0,1.8,晴,3.0,5.0,1札幌4,3歳以上1勝クラス,1:45.4,0.3,晴,5.0,2.0,1函館4,3歳以上1勝クラス,1:47.0,0.5,小雨,7.0,3.0,2阪神6,4歳以上1勝クラス,1:52.8,1.0,晴,2.0,1.0,1中京5,ロイヤルバンコク賞(1勝クラス),1:59.9,0.3,晴,5.7,3.0,2026-09-13 02:36:56,jra,2026-09-13,57.76,72.1,40.3,85.4,45.5,52.2,48.8,履歴少 / 安定感
202609040408,2026-09-13,8,アビラーシャ,8.0,6.0,中井,55.0,,2.0,7.0,3中京1,3歳以上1勝クラス,1:54.7,0.2,晴,13.0,5.0,3京都8,3歳1勝クラス,1:53.8,2.0,晴,1.0,4.0,1中京1,3歳未勝利,2:03.2,-0.1,晴,3.0,3.0,5阪神7,2歳未勝利,1:55.8,2.5,晴,7.0,4.0,5阪神2,2歳新馬,1:36.8,0.6,晴,8.9,6.0,2026-09-13 02:36:56,jra,2026-09-13,59.81,66.3,48.7,64.7,74.0,57.4,48.8,前走人気以上 / 履歴少 / 近走上向き / 安定感
202606040408,2026-09-13,8,イラーナ,4.0,2.0,△石神道,54.0,,7.0,13.0,2東京12,4歳以上1勝クラス,1:25.7,0.8,晴,12.0,8.0,2中山6,4歳以上1勝クラス,1:13.2,2.0,晴,10.0,7.0,5中京3,3歳以上1勝クラス,1:13.4,1.0,曇,13.0,8.0,4中山8,3歳以上1勝クラス,1:56.8,2.0,晴,11.0,3.0,3東京6,3歳以上1勝クラス,1:38.4,1.9,晴,89.2,14.0,2026-09-13 02:50:36,jra,2026-09-13,37.3,27.0,40.7,0.0,77.0,41.8,48.8,前走人気以上 / 履歴少 / 近走上向き
202606040408,2026-09-13,8,エルムラント,10.0,5.0,三浦,58.0,,3.0,4.0,1新潟6,4歳以上1勝クラス,1:13.1,0.8,晴,8.0,3.0,3中山2,4歳以上1勝クラス,1:12.3,1.0,晴,5.0,11.0,2中山2,4歳以上1勝クラス,1:11.8,0.5,晴,10.0,2.0,3福島1,3歳以上1勝クラス,1:08.6,0.6,晴,5.0,6.0,2中京4,フローラルウォーク賞(1勝クラス),1:35.5,0.3,晴,3.6,2.0,2026-09-13 02:50:36,jra,2026-09-13,56.04,61.0,44.3,60.5,74.0,52.2,48.8,履歴少 / 近走上向き / 安定感
202609040408,2026-09-13,8,ガイストライヒ,1.0,1.0,西村淳,55.0,,1.0,1.0,金沢,加賀手取川賞(3歳),1:38.3,-0.2,曇,6.0,1.0,3京都1,3歳未勝利,1:55.3,1.3,晴,2.0,1.0,1中京5,3歳未勝利,1:54.1,0.0,晴,2.0,2.0,1中京2,3歳未勝利,1:54.1,0.0,晴,4.0,2.0,4京都6,2歳未勝利,1:26.8,1.8,晴,8.6,5.0,2026-09-13 02:36:56,jra,2026-09-13,55.52,68.1,38.4,58.4,65.0,54.0,48.8,履歴少 / 近走上向き
202606040408,2026-09-13,8,クラシオン,3.0,2.0,菊沢,56.0,,7.0,4.0,2新潟3,3歳以上1勝クラス,1:13.0,0.9,曇,1.0,8.0,5中京4,2歳未勝利,1:25.9,-0.2,曇,5.0,5.0,5東京5,2歳新馬,1:40.0,1.2,曇,,,,,,,,,,,,,,,24.8,9.0,2026-09-13 02:50:36,jra,2026-09-13,55.91,72.1,57.8,44.7,26.0,60.6,48.8,履歴少 / 市場オッズ妙味
202609040408,2026-09-13,8,グランドスウェル,6.0,5.0,西塚,55.0,,10.0,8.0,2新潟7,三国特別(1勝クラス),1:55.4,2.6,晴,1.0,5.0,3中山1,3歳未勝利,1:53.6,-0.1,晴,7.0,11.0,2中山3,3歳未勝利,1:56.6,1.7,晴,11.0,4.0,1東京6,3歳未勝利,2:17.8,3.2,晴,3.0,6.0,1東京2,3歳未勝利,2:16.2,1.5,晴,26.5,10.0,2026-09-13 02:36:56,jra,2026-09-13,47.98,55.3,53.3,35.3,23.0,56.0,48.8,履歴少 / 市場オッズ妙味
202606040408,2026-09-13,8,グランルチャドール,16.0,8.0,石橋脩,58.0,,4.0,5.0,4中山1,3歳以上1勝クラス,1:11.4,0.6,晴,6.0,7.0,2新潟3,3歳以上1勝クラス,1:12.9,0.8,曇,1.0,2.0,2中山6,3歳未勝利,1:12.3,-1.0,晴,10.0,3.0,1小倉4,3歳未勝利,2:06.6,3.2,曇,10.0,6.0,5中山7,2歳新馬,1:52.1,0.6,晴,3.4,1.0,2026-09-13 02:50:36,jra,2026-09-13,54.87,64.8,45.2,50.2,66.5,50.0,48.8,履歴少 / 近走上向き
202609040408,2026-09-13,8,ココロヅヨサ,2.0,2.0,浜中,55.0,,4.0,2.0,3阪神5,3歳以上1勝クラス,1:53.1,1.9,雨,3.0,5.0,3阪神2,3歳以上1勝クラス,1:52.7,1.4,小雨,1.0,4.0,3京都5,3歳未勝利,1:54.2,-0.9,晴,14.0,10.0,1中京1,3歳未勝利,2:01.8,1.4,晴,5.0,10.0,1小倉10,3歳未勝利,2:01.4,0.9,晴,4.4,2.0,2026-09-13 02:36:56,jra,2026-09-13,63.16,70.8,52.9,85.4,60.5,58.9,48.8,履歴少 / 安定感
202606040408,2026-09-13,8,コヴェナント,12.0,6.0,野中,56.0,,13.0,15.0,2福島4,3歳以上1勝クラス,1:49.4,4.4,晴,5.0,6.0,笠松,B7組,1:32.0,1.4,曇,1.0,1.0,笠松,C3組,1:32.4,-0.2,晴,2.0,2.0,笠松,C4組,1:31.1,0.6,曇,3.0,1.0,笠松,C5組,1:33.1,1.3,曇,121.4,16.0,2026-09-13 02:50:36,jra,2026-09-13,37.01,23.5,54.4,26.6,20.0,51.6,45.5,地方実績を中央換算 / 地方実績中心
202609040408,2026-09-13,8,サンライズオスカー,11.0,8.0,藤懸,55.0,,2.0,9.0,2中京5,恵那特別(1勝クラス),1:53.7,0.1,晴,7.0,14.0,3阪神3,3歳以上1勝クラス,1:54.3,1.6,晴,1.0,8.0,園田,JRA交流三室山特別,2:05.2,-0.8,曇,10.0,13.0,1中京1,3歳未勝利,2:05.3,2.1,晴,8.0,9.0,5阪神2,2歳新馬,1:59.4,5.4,晴,4.1,1.0,2026-09-13 02:36:56,jra,2026-09-13,67.1,61.0,86.5,41.9,77.0,72.3,48.8,前走人気以上 / 履歴少 / 人気以上に走る傾向 / 近走上向き
202606040408,2026-09-13,8,シルフレイ,14.0,7.0,横山和,56.0,,5.0,1.0,1新潟6,4歳以上1勝クラス,1:13.3,1.0,晴,4.0,3.0,2東京6,4歳以上1勝クラス,1:19.2,0.5,晴,6.0,2.0,2中山6,4歳以上1勝クラス,1:12.5,1.3,晴,3.0,3.0,1中山3,4歳以上1勝クラス,1:12.8,0.3,晴,5.0,4.0,5中山5,3歳以上1勝クラス,1:11.7,1.2,曇,10.0,4.0,2026-09-13 02:50:36,jra,2026-09-13,55.45,70.7,33.5,80.2,47.0,53.3,48.8,履歴少 / 安定感
202606040408,2026-09-13,8,テンハートビート,2.0,1.0,ミシェル,54.0,,13.0,14.0,2新潟1,3歳以上1勝クラス,1:21.0,0.7,晴,1.0,4.0,3東京2,3歳未勝利,1:25.8,-0.4,曇,4.0,2.0,2中山7,3歳未勝利,1:13.4,0.5,晴,3.0,6.0,2中山3,3歳未勝利,1:12.3,1.0,晴,11.0,11.0,5中山1,2歳未勝利,1:36.3,0.9,晴,14.3,7.0,2026-09-13 02:50:36,jra,2026-09-13,50.46,55.5,57.7,59.3,0.5,64.6,48.8,履歴少 / 市場オッズ妙味
202606040408,2026-09-13,8,トップマジシャン,11.0,6.0,内田博,56.0,,10.0,14.0,2東京7,3歳1勝クラス,1:26.1,1.6,晴,8.0,8.0,2阪神2,3歳1勝クラス,1:13.7,1.4,晴,8.0,14.0,2中山3,3歳1勝クラス,1:12.0,1.6,晴,5.0,7.0,4東京5,プラタナス賞(1勝クラス),1:41.2,2.4,曇,1.0,2.0,4中山5,2歳未勝利,1:13.3,-0.3,曇,45.0,11.0,2026-09-13 02:50:36,jra,2026-09-13,49.46,48.4,69.6,24.9,23.0,61.3,48.8,前走人気以上 / 履歴少 / 人気以上に走る傾向 / 市場オッズ妙味
202606040408,2026-09-13,8,ニシノヴィヴィ,9.0,5.0,原,56.0,,12.0,15.0,3東京3,3歳以上1勝クラス,1:25.6,2.1,晴,11.0,13.0,3東京6,3歳以上1勝クラス,1:26.0,2.2,晴,9.0,5.0,4新潟8,3歳以上1勝クラス,1:12.5,1.6,晴,8.0,5.0,4東京2,3歳以上1勝クラス,1:24.1,1.1,曇,7.0,1.0,4中山4,3歳以上1勝クラス,1:12.9,0.8,晴,53.6,13.0,2026-09-13 02:50:36,jra,2026-09-13,33.91,27.5,46.9,0.0,30.5,45.7,48.8,前走人気以上 / 履歴少
202609040408,2026-09-13,8,ブルーストレイル,12.0,8.0,城戸,58.0,,9.0,12.0,3中京1,3歳以上1勝クラス,1:56.0,1.5,晴,9.0,12.0,2中京5,恵那特別(1勝クラス),1:55.9,2.3,晴,10.0,12.0,2中京1,3歳以上1勝クラス,1:56.9,2.3,晴,11.0,12.0,1中京4,4歳以上1勝クラス,1:56.2,1.9,曇,5.0,8.0,1阪神6,4歳以上1勝クラス,2:09.0,1.7,晴,91.1,12.0,2026-09-13 02:36:56,jra,2026-09-13,46.58,35.4,67.6,10.3,48.5,58.7,51.8,クラス条件好転 / 前走人気以上 / 履歴少 / 人気以上に走る傾向
202606040408,2026-09-13,8,ブルーユンチェリー,8.0,4.0,武藤,56.0,,11.0,13.0,2福島1,3歳以上1勝クラス,1:47.3,1.8,晴,7.0,10.0,1新潟3,4歳以上1勝クラス,1:57.6,1.6,晴,14.0,14.0,2中山6,4歳以上1勝クラス,1:56.0,2.5,晴,7.0,14.0,1小倉12,4歳以上1勝クラス,1:47.0,0.7,晴,14.0,14.0,1小倉9,4歳以上1勝クラス,1:48.6,1.9,晴,39.9,10.0,2026-09-13 02:50:36,jra,2026-09-13,42.29,26.6,66.6,0.0,47.0,59.5,48.8,履歴少 / 人気以上に走る傾向
202606040408,2026-09-13,8,ペロ,5.0,3.0,丸山,58.0,,15.0,6.0,3東京6,3歳以上1勝クラス,1:25.1,2.3,曇,2.0,11.0,2東京12,4歳以上1勝クラス,1:25.0,0.1,晴,14.0,5.0,1中京4,4歳以上1勝クラス,1:56.7,2.4,曇,3.0,7.0,2中山1,4歳以上1勝クラス,1:53.8,0.7,晴,6.0,6.0,1東京2,4歳以上1勝クラス,1:26.2,1.4,晴,17.5,8.0,2026-09-13 02:50:36,jra,2026-09-13,37.43,41.4,38.2,39.5,0.0,50.4,48.8,履歴少 / 市場オッズ妙味
202606040408,2026-09-13,8,ホウオウプレシャス,15.0,8.0,▲水沼,55.0,,6.0,12.0,2新潟2,3歳以上1勝クラス,1:12.2,1.2,雨,4.0,5.0,1京都3,牛若丸ジャンプS(OP),3:36.6,1.2,晴,1.0,6.0,3京都6,障害3歳以上未勝利,3:18.0,-0.7,雨,2.0,8.0,4阪神9,障害3歳以上未勝利,3:24.8,0.0,晴,6.0,9.0,4中山1,障害3歳以上未勝利,3:18.9,2.2,晴,52.6,12.0,2026-09-13 02:50:36,jra,2026-09-13,66.28,76.6,79.7,59.3,33.5,67.2,51.8,クラス条件好転 / 前走人気以上 / 履歴少 / 人気以上に走る傾向
202606040408,2026-09-13,8,ホウオウルクソール,1.0,1.0,◇今村,54.0,,4.0,2.0,3新潟2,3歳以上1勝クラス,1:12.4,1.3,晴,5.0,3.0,2新潟3,3歳以上1勝クラス,1:12.6,0.5,曇,14.0,4.0,2東京1,3歳1勝クラス,1:40.4,3.6,晴,11.0,5.0,5中京6,寒椿賞(1勝クラス),1:25.6,1.1,雨,5.0,4.0,5東京7,カトレアS(OP),1:38.3,0.9,曇,7.4,3.0,2026-09-13 02:50:36,jra,2026-09-13,47.15,50.0,21.6,65.7,78.5,41.5,48.8,履歴少 / 近走上向き / 安定感
202609040408,2026-09-13,8,マーベリックシチー,7.0,6.0,国分恭,58.0,,12.0,8.0,1札幌1,3歳以上1勝クラス,1:47.9,4.0,曇,6.0,5.0,1函館5,3歳以上1勝クラス,1:44.7,1.4,晴,4.0,7.0,1函館3,3歳以上1勝クラス,1:45.7,1.0,曇,5.0,3.0,1福島4,4歳以上1勝クラス,1:45.9,0.8,晴,3.0,5.0,1小倉10,4歳以上1勝クラス,1:47.6,0.8,晴,26.5,11.0,2026-09-13 02:36:56,jra,2026-09-13,43.55,52.2,43.3,44.7,5.0,55.0,48.8,履歴少 / 市場オッズ妙味
202609040408,2026-09-13,8,メイショウクモイ,9.0,7.0,☆田山,57.0,,11.0,3.0,3中京1,3歳以上1勝クラス,1:56.2,1.7,晴,11.0,2.0,1新潟8,4歳以上1勝クラス,1:55.3,1.5,曇,2.0,5.0,3京都2,4歳以上1勝クラス,1:52.4,0.7,晴,3.0,8.0,2阪神6,4歳以上1勝クラス,1:51.9,0.1,晴,8.0,6.0,1中京4,4歳以上1勝クラス,1:55.1,0.8,曇,15.2,7.0,2026-09-13 02:36:56,jra,2026-09-13,37.04,46.0,25.1,34.3,20.0,48.1,48.8,履歴少 / 市場オッズ妙味
202609040408,2026-09-13,8,メイショウソウテン,5.0,5.0,田口,55.0,,3.0,6.0,3中京1,3歳以上1勝クラス,1:54.7,0.2,晴,5.0,8.0,2京都6,3歳1勝クラス,2:02.6,1.7,曇,1.0,2.0,2京都1,3歳未勝利,1:54.8,-0.2,曇,,7.0,1京都4,3歳未勝利,,,晴,5.0,4.0,3京都10,2歳未勝利,1:50.5,1.1,晴,7.6,4.0,2026-09-13 02:36:56,jra,2026-09-13,68.65,81.1,64.4,85.4,54.0,63.5,48.8,前走人気以上 / 履歴少 / 安定感
202609040408,2026-09-13,8,ラッキーベイ,10.0,7.0,松若,58.0,,11.0,16.0,3阪神5,3歳以上1勝クラス,1:54.7,3.5,雨,14.0,9.0,1福島2,4歳以上1勝クラス,1:48.9,2.3,晴,5.0,7.0,1阪神7,4歳以上1勝クラス,1:55.8,1.8,晴,12.0,11.0,1京都6,4歳以上1勝クラス,1:26.9,1.9,晴,16.0,9.0,5中京6,3歳以上1勝クラス,1:37.3,1.5,雨,25.3,9.0,2026-09-13 02:36:56,jra,2026-09-13,38.09,21.3,48.6,19.8,54.5,47.8,48.8,前走人気以上 / 履歴少
202606040408,2026-09-13,8,ラルフテソーロ,13.0,7.0,丹内,58.0,,10.0,4.0,2福島1,3歳以上1勝クラス,1:47.2,1.7,晴,5.0,6.0,2東京11,4歳以上1勝クラス,1:38.6,0.9,晴,9.0,6.0,1札幌8,3歳以上1勝クラス,1:47.7,2.5,小雨,1.0,1.0,1札幌3,3歳未勝利,1:47.0,0.0,晴,2.0,5.0,5中山1,2歳未勝利,1:54.8,0.1,晴,11.4,5.0,2026-09-13 02:50:36,jra,2026-09-13,45.46,56.7,37.0,49.8,15.5,57.1,48.8,履歴少
202606040408,2026-09-13,8,リラキトス,6.0,3.0,◇小林美,56.0,,4.0,1.0,名古屋,高浜特別(C),1:37.7,0.3,晴,1.0,1.0,名古屋,C8組,1:36.1,-0.1,雨,1.0,1.0,名古屋,C18組,0:56.1,-0.3,晴,1.0,1.0,名古屋,C24組,1:39.7,-0.7,晴,,,名古屋,C19組,,,晴,11.9,6.0,2026-09-13 02:50:36,jra,2026-09-13,41.8,38.0,45.9,37.7,36.0,50.3,42.8,地方実績を中央換算 / 地方実績中心 / 履歴少
202606040408,2026-09-13,8,レイフロレット,7.0,4.0,柴田大,56.0,,4.0,6.0,園田,JRA交流淀川特別,1:30.3,0.7,晴,13.0,15.0,3東京1,3歳以上1勝クラス,1:39.4,1.5,晴,9.0,11.0,1福島6,4歳以上1勝クラス,1:46.8,0.8,晴,14.0,11.0,1小倉8,4歳以上1勝クラス,2:45.3,3.0,晴,11.0,3.0,5中京1,3歳以上1勝クラス,1:54.9,0.7,晴,110.6,15.0,2026-09-13 02:50:36,jra,2026-09-13,43.81,23.6,49.9,17.6,96.5,47.7,48.8,履歴少 / 近走上向き
202609040408,2026-09-13,8,レッドホット,4.0,4.0,佐々木,55.0,,8.0,5.0,3中京1,3歳以上1勝クラス,1:55.7,1.2,晴,1.0,6.0,3阪神4,3歳未勝利,1:54.8,0.0,曇,3.0,5.0,3京都11,3歳未勝利,1:54.4,0.9,晴,9.0,3.0,1中京3,3歳未勝利,2:04.4,2.0,晴,9.0,8.0,1阪神3,3歳未勝利,1:47.7,2.0,晴,17.1,8.0,2026-09-13 02:36:56,jra,2026-09-13,52.59,63.9,48.3,44.7,35.0,62.0,48.8,履歴少 / 市場オッズ妙味
202606040409,2026-09-13,9,イベントホライゾン,1.0,1.0,松山,55.0,,1.0,1.0,2阪神7,3歳1勝クラス,2:00.0,-0.1,晴,3.0,2.0,2中山1,水仙賞(1勝クラス),2:13.1,0.4,晴,3.0,1.0,1京都8,若駒S(L),2:01.5,0.3,晴,1.0,2.0,5中京3,2歳新馬,2:01.4,-0.3,曇,,,,,,,,2.5,1.0,2026-09-13 02:20:36,jra,2026-09-13,66.75,92.0,46.1,89.7,58.0,52.3,48.8,履歴少 / 安定感
202606040409,2026-09-13,9,グランカンタンテ,4.0,4.0,三浦,56.0,,5.0,2.0,2福島4,白河特別(2勝クラス),1:48.2,0.8,曇,6.0,8.0,3中山6,4歳以上2勝クラス,1:47.8,0.4,晴,11.0,8.0,2中山7,館山特別(2勝クラス),1:47.2,0.6,晴,10.0,7.0,5中山6,チバテレ杯(2勝クラス),2:02.3,1.5,曇,2.0,8.0,3福島6,五色沼特別(2勝クラス),1:47.5,0.0,曇,14.6,6.0,2026-09-13 02:20:36,jra,2026-09-13,51.52,53.2,44.2,40.7,63.5,60.8,50.0,市場オッズ妙味
202606040409,2026-09-13,9,グロスビーク,7.0,6.0,津村,58.0,,11.0,1.0,2福島7,米沢特別(2勝クラス),1:46.5,2.2,曇,13.0,1.0,2東京8,青梅特別(2勝クラス),1:38.5,1.4,晴,1.0,1.0,2中山1,4歳以上1勝クラス,1:53.1,-0.4,晴,2.0,1.0,2東京5,3歳1勝クラス,1:47.2,0.5,曇,1.0,1.0,2中山5,3歳未勝利,1:48.9,-0.3,曇,8.7,5.0,2026-09-13 02:20:36,jra,2026-09-13,33.49,50.6,6.8,44.7,9.5,44.3,50.0,総合評価
202609040409,2026-09-13,9,コスモスプモーニ,8.0,7.0,Ｍデムーロ,58.0,,8.0,14.0,2札幌2,オールスターJ第4戦(2勝クラス),1:48.1,0.4,晴,12.0,12.0,2新潟3,月岡温泉特別(2勝クラス),1:47.2,2.2,曇,9.0,9.0,2東京1,石和特別(2勝クラス),1:47.6,2.5,晴,10.0,11.0,2阪神4,4歳以上2勝クラス,1:48.2,1.5,晴,,,2中山7,館山特別(2勝クラス),,,晴,38.1,10.0,2026-09-13 02:06:56,jra,2026-09-13,45.18,30.7,65.4,0.0,64.0,57.3,51.8,クラス条件好転 / 前走人気以上 / 履歴少 / 人気以上に走る傾向
202609040409,2026-09-13,9,サミダレナイツ,11.0,8.0,酒井,58.0,,10.0,7.0,2新潟7,阿賀野川特別(2勝クラス),2:11.5,2.2,晴,1.0,2.0,3京都8,4歳以上1勝クラス,1:58.9,-0.3,晴,4.0,2.0,3京都2,4歳以上1勝クラス,1:45.2,0.3,晴,11.0,1.0,1小倉5,戸畑特別(1勝クラス),2:02.5,1.5,曇,5.0,1.0,1京都4,4歳以上1勝クラス,2:02.5,0.6,曇,13.1,7.0,2026-09-13 02:06:56,jra,2026-09-13,44.38,58.4,29.5,55.0,21.5,49.2,48.8,履歴少 / 市場オッズ妙味
202609040409,2026-09-13,9,サンライズバブル,3.0,3.0,吉田隼,58.0,,1.0,5.0,3中山7,4歳以上1勝クラス,1:58.1,0.0,晴,7.0,3.0,1中京6,4歳以上1勝クラス,2:12.2,0.6,晴,4.0,4.0,1中京1,鶴舞特別(1勝クラス),2:11.9,0.5,晴,5.0,5.0,1阪神2,4歳以上1勝クラス,2:25.5,0.6,晴,12.0,3.0,1小倉5,戸畑特別(1勝クラス),2:02.6,1.6,曇,12.1,6.0,2026-09-13 02:06:56,jra,2026-09-13,60.9,69.5,45.0,64.7,86.0,54.8,48.8,前走人気以上 / 履歴少 / 近走上向き / 安定感
202609040409,2026-09-13,9,シーミハットク,7.0,6.0,坂井,55.0,,6.0,3.0,3京都12,白百合S(L),1:47.9,0.8,晴,4.0,6.0,2阪神3,チャーチルダウンズC(GIII),1:34.6,0.5,雨,1.0,6.0,1阪神8,3歳1勝クラス,1:35.1,-0.1,曇,5.0,10.0,2京都5,こぶし賞(1勝クラス),1:35.1,0.6,晴,13.0,9.0,5東京1,京王杯2歳S(GII),1:22.0,1.1,晴,7.5,5.0,2026-09-13 02:06:56,jra,2026-09-13,58.79,67.3,56.2,59.3,48.5,61.8,48.8,履歴少
202606040409,2026-09-13,9,スナークピカソ,5.0,5.0,丹内,58.0,,4.0,5.0,2中京5,納屋橋特別(2勝クラス),1:33.0,0.5,晴,7.0,7.0,2東京11,葉山特別(2勝クラス),1:33.4,1.0,晴,5.0,4.0,3京都5,久御山特別(2勝クラス),1:32.9,0.7,晴,1.0,4.0,1中京1,4歳以上1勝クラス,1:33.5,-0.3,晴,7.0,3.0,1小倉10,高千穂特別(1勝クラス),1:47.5,1.1,晴,20.0,7.0,2026-09-13 02:20:36,jra,2026-09-13,58.82,69.5,50.9,64.7,56.0,55.6,48.8,履歴少 / 安定感 / 市場オッズ妙味
202609040409,2026-09-13,9,タンテドヴィーヴル,5.0,5.0,ルメール,58.0,,2.0,1.0,2小倉8,不知火特別(2勝クラス),1:49.5,0.3,晴,1.0,1.0,3京都4,4歳以上1勝クラス,1:59.7,-0.2,曇,1.0,2.0,1福島4,4歳以上1勝クラス,1:45.8,-0.2,晴,2.0,5.0,1京都9,4歳以上1勝クラス,1:46.7,0.1,晴,5.0,6.0,5阪神7,3歳以上1勝クラス,1:46.6,0.4,晴,3.3,1.0,2026-09-13 02:06:56,jra,2026-09-13,70.05,93.1,53.0,100.0,51.5,57.7,50.0,安定感
202609040409,2026-09-13,9,ダイヤモンドハンズ,4.0,4.0,北村友,58.0,,4.0,6.0,2中京6,浜名湖特別(2勝クラス),2:00.8,0.3,曇,13.0,6.0,3京都9,オーストラリアT(2勝クラス),1:24.9,1.0,曇,6.0,1.0,3京都5,久御山特別(2勝クラス),1:33.3,1.1,晴,1.0,2.0,2京都1,4歳以上1勝クラス,1:34.1,-0.2,晴,,,1京都7,4歳以上1勝クラス,,,晴,6.0,4.0,2026-09-13 02:06:56,jra,2026-09-13,49.31,56.4,34.6,45.0,66.0,50.3,48.8,履歴少 / 近走上向き
202606040409,2026-09-13,9,トレサフィール,3.0,3.0,横山武,58.0,,5.0,5.0,2東京11,葉山特別(2勝クラス),1:32.9,0.5,晴,13.0,3.0,1中山3,4歳以上2勝クラス,1:57.5,3.8,晴,6.0,3.0,5東京4,3歳以上2勝クラス,1:46.2,0.7,晴,6.0,1.0,2福島2,ラジオNIKKEI賞(GIII),1:47.2,0.3,晴,1.0,2.0,2東京5,3歳1勝クラス,1:46.7,-0.5,曇,8.6,4.0,2026-09-13 02:20:36,jra,2026-09-13,44.07,52.6,24.0,40.7,59.0,48.1,48.8,履歴少
202609040409,2026-09-13,9,バセリーナ,9.0,7.0,斎藤,58.0,,11.0,10.0,2札幌2,オールスターJ第4戦(2勝クラス),1:48.7,1.0,晴,6.0,9.0,2福島8,猪苗代特別(2勝クラス),2:01.2,1.0,晴,7.0,8.0,2福島4,白河特別(2勝クラス),1:48.6,1.2,曇,7.0,10.0,2京都6,春日特別(2勝クラス),1:47.4,1.2,曇,9.0,15.0,1中山3,初凪賞(2勝クラス),1:34.8,1.0,晴,32.3,8.0,2026-09-13 02:06:56,jra,2026-09-13,43.68,42.6,61.9,0.0,27.5,60.6,51.1,クラス条件好転 / 前走人気以上 / 市場オッズ妙味
202606040409,2026-09-13,9,ブルーマエストロ,2.0,2.0,川田,58.0,,2.0,1.0,4京都6,花見小路特別(2勝クラス),1:33.6,0.1,晴,2.0,1.0,4中山5,Mディープインパクト(2勝クラス),1:47.7,0.1,曇,1.0,1.0,3東京5,3歳以上1勝クラス,1:46.4,-0.2,晴,3.0,1.0,3中山5,山藤賞(1勝クラス),1:59.6,0.6,晴,1.0,1.0,1中山8,3歳新馬,2:03.6,-0.1,曇,3.6,2.0,2026-09-13 02:20:36,jra,2026-09-13,66.78,93.2,44.1,100.0,48.5,52.9,48.8,履歴少 / 安定感
202606040409,2026-09-13,9,ホークマン,8.0,7.0,柴田大,58.0,,11.0,11.0,3東京4,芦ノ湖特別(2勝クラス),1:35.1,1.7,曇,9.0,11.0,2東京10,国分寺特別(2勝クラス),1:47.0,0.9,曇,6.0,6.0,2東京5,4歳以上2勝クラス,2:01.1,2.2,晴,7.0,9.0,2東京4,4歳以上2勝クラス,1:34.7,1.3,晴,,,1中山9,4歳以上2勝クラス,,,晴,89.7,11.0,2026-09-13 02:20:36,jra,2026-09-13,40.07,38.5,56.2,0.0,28.0,54.2,48.8,履歴少
202606040409,2026-09-13,9,マイネルアレス,11.0,8.0,岩田望,58.0,,6.0,5.0,3新潟3,赤倉特別(2勝クラス),1:59.6,1.0,曇,3.0,6.0,3東京2,香港ジョッキーCT(2勝クラス),1:58.7,0.8,曇,1.0,1.0,1新潟8,二王子特別(1勝クラス),1:47.8,-0.3,曇,2.0,4.0,1新潟2,4歳以上1勝クラス,1:47.3,0.0,曇,6.0,6.0,1中京5,4歳以上1勝クラス,2:01.9,0.5,晴,7.4,3.0,2026-09-13 02:20:36,jra,2026-09-13,59.61,78.6,55.1,59.3,32.0,61.1,48.8,履歴少
202609040409,2026-09-13,9,マジョレルブルー,2.0,2.0,戸崎圭,55.0,,1.0,3.0,2東京7,3歳1勝クラス,2:25.1,0.0,晴,1.0,1.0,3京都4,3歳未勝利,2:25.4,-0.2,曇,2.0,2.0,1中京5,3歳未勝利,2:13.2,0.0,晴,4.0,1.0,1中京1,3歳未勝利,2:01.1,0.7,晴,5.0,3.0,3京都7,2歳新馬,2:02.4,0.3,曇,5.5,3.0,2026-09-13 02:06:56,jra,2026-09-13,69.65,91.6,49.7,100.0,62.0,55.3,48.8,履歴少 / 安定感
202609040409,2026-09-13,9,ミッキージャンプ,10.0,8.0,西村淳,55.0,,1.0,1.0,2小倉8,筑紫特別(1勝クラス),1:46.5,-0.6,晴,2.0,5.0,3京都7,あずさ賞(1勝クラス),1:57.9,0.0,晴,7.0,11.0,2東京4,プリンシパルS(L),1:59.1,0.6,晴,1.0,3.0,1中京1,3歳未勝利,2:00.4,-0.5,晴,3.0,4.0,1阪神2,3歳未勝利,2:00.9,0.8,晴,4.5,2.0,2026-09-13 02:06:56,jra,2026-09-13,70.63,86.9,63.5,80.2,63.5,62.9,50.0,安定感
202606040409,2026-09-13,9,ヤマニンガラッシア,6.0,6.0,大野,58.0,,9.0,5.0,2福島8,猪苗代特別(2勝クラス),2:01.8,1.6,晴,4.0,3.0,3阪神2,三木特別(2勝クラス),1:48.0,0.3,雨,2.0,9.0,3中山6,4歳以上2勝クラス,1:47.5,0.1,晴,15.0,12.0,1小倉6,由布院特別(2勝クラス),1:50.2,3.6,曇,7.0,9.0,5中山4,霞ヶ浦特別(2勝クラス),1:49.4,0.6,曇,24.7,8.0,2026-09-13 02:20:36,jra,2026-09-13,49.33,53.4,47.8,44.7,38.0,56.9,50.0,市場オッズ妙味
202609040409,2026-09-13,9,ヨシヒロ,1.0,1.0,小崎,58.0,,6.0,8.0,1札幌5,藻岩山特別(2勝クラス),2:02.9,2.1,曇,11.0,11.0,2福島8,猪苗代特別(2勝クラス),2:01.8,1.6,晴,12.0,11.0,2福島4,白河特別(2勝クラス),1:49.5,2.1,曇,13.0,10.0,浦和,梅見月特別(B3),1:31.7,2.0,雨,10.0,10.0,船橋,アメジスト特別(B3),1:46.5,2.3,晴,89.2,11.0,2026-09-13 02:06:56,jra,2026-09-13,41.09,25.4,51.1,0.0,83.0,49.6,48.1,地方実績を中央換算 / 近走上向き
202606040409,2026-09-13,9,レッセパッセ,9.0,7.0,菊沢,56.0,,10.0,12.0,2札幌2,オールスターJ第4戦(2勝クラス),1:48.7,1.0,晴,8.0,8.0,2福島8,猪苗代特別(2勝クラス),2:01.5,1.3,晴,8.0,11.0,2福島2,松島特別(2勝クラス),1:57.8,0.4,晴,8.0,9.0,2東京7,調布特別(2勝クラス),1:46.7,0.7,晴,9.0,10.0,3中山8,野島崎特別(2勝クラス),1:58.4,1.0,晴,56.9,10.0,2026-09-13 02:20:36,jra,2026-09-13,42.85,38.3,60.1,0.0,39.5,55.5,51.8,クラス条件好転
202606040409,2026-09-13,9,ワンモアスマイル,10.0,8.0,岩田康,58.0,,13.0,11.0,3中京2,有松特別(2勝クラス),1:33.7,1.0,晴,5.0,6.0,3阪神5,舞子特別(2勝クラス),1:36.5,1.0,雨,12.0,9.0,1東京6,4歳以上2勝クラス,1:34.1,1.5,晴,6.0,3.0,2京都2,4歳以上2勝クラス,1:35.1,0.5,曇,11.0,3.0,1中山3,初凪賞(2勝クラス),1:35.1,1.3,晴,32.8,9.0,2026-09-13 02:20:36,jra,2026-09-13,33.55,31.4,34.5,24.9,23.0,41.9,48.8,履歴少
202609040409,2026-09-13,9,ヴァイザーバルコ,6.0,6.0,古川吉,58.0,,8.0,14.0,2札幌1,オールスターJ第2戦(3勝クラス),2:00.8,0.9,晴,11.0,9.0,1札幌1,ライラック賞(2勝クラス),2:42.5,1.5,曇,13.0,10.0,2福島5,信夫山特別(2勝クラス),2:39.5,2.1,曇,6.0,5.0,1福島4,奥の細道特別(2勝クラス),2:38.2,0.6,晴,6.0,10.0,2中山3,潮来特別(2勝クラス),2:34.9,1.0,晴,34.8,9.0,2026-09-13 02:06:56,jra,2026-09-13,42.54,34.1,57.0,0.0,56.0,54.3,50.0,前走人気以上
202606040410,2026-09-13,10,アシャカトベ,9.0,8.0,横山武,58.0,,4.0,2.0,5中山8,フェアウェルS(3勝クラス),1:11.0,0.1,晴,1.0,1.0,5中山2,3歳以上2勝クラス,1:11.0,-0.2,晴,1.0,2.0,4中山3,3歳以上1勝クラス,1:10.2,-0.5,曇,8.0,1.0,3新潟2,3歳以上1勝クラス,1:12.5,0.8,晴,3.0,3.0,2福島2,3歳以上1勝クラス,1:08.8,1.2,晴,4.4,1.0,2026-09-13 02:01:36,jra,2026-09-13,60.54,82.9,40.0,85.4,45.5,51.1,48.8,履歴少 / 安定感
202606040410,2026-09-13,10,アデランテ,5.0,5.0,吉田豊,58.0,,6.0,7.0,2新潟3,柳都S(3勝クラス),1:54.0,1.0,曇,15.0,6.0,2東京12,ARF杯薫風S(3勝クラス),1:40.1,4.8,晴,1.0,6.0,1東京5,4歳以上2勝クラス,1:37.3,-0.2,晴,1.0,5.0,4東京4,3歳以上1勝クラス,1:38.3,-0.1,曇,15.0,5.0,2新潟6,3歳以上1勝クラス,1:59.8,7.2,雨,6.0,5.0,2026-09-13 02:01:36,jra,2026-09-13,47.79,52.6,40.2,34.3,62.0,49.9,48.8,履歴少
202606040410,2026-09-13,10,イリフィ,10.0,8.0,川田,56.0,,5.0,1.0,2新潟7,上越S(3勝クラス),1:12.0,0.3,晴,2.0,2.0,2福島3,TUF杯(3勝クラス),1:07.5,0.4,晴,4.0,9.0,3阪神4,リボン賞(3勝クラス),1:10.9,0.1,曇,8.0,7.0,2阪神4,天満橋S(3勝クラス),1:23.1,0.7,晴,4.0,5.0,2京都3,橿原S(3勝クラス),1:11.7,0.2,曇,5.1,3.0,2026-09-13 02:01:36,jra,2026-09-13,60.91,72.9,48.1,85.4,47.0,57.6,50.0,安定感
202609040410,2026-09-13,10,インヴォーグ,8.0,5.0,幸,56.0,,6.0,4.0,1函館9,五稜郭S(3勝クラス),1:48.7,0.4,曇,8.0,1.0,3京都8,錦S(3勝クラス),1:32.9,0.3,晴,3.0,2.0,2阪神8,立雲峡S(3勝クラス),1:31.8,0.2,曇,6.0,7.0,1小倉1,小倉牝馬S(GIII),1:58.3,0.2,晴,4.0,2.0,5東京4,ユートピアS(3勝クラス),1:46.7,0.2,晴,5.9,2.0,2026-09-13 02:45:51,jra,2026-09-13,45.95,62.4,31.7,30.1,45.5,48.5,50.0,総合評価
202609040410,2026-09-13,10,エポックヴィーナス,4.0,3.0,田山,56.0,,7.0,6.0,2中京3,豊橋S(3勝クラス),1:33.4,0.3,晴,8.0,8.0,3阪神4,花のみちS(3勝クラス),1:32.8,0.6,曇,6.0,2.0,3京都8,錦S(3勝クラス),1:32.8,0.2,晴,7.0,10.0,2阪神5,サンスポ杯阪神牝馬S(GII),1:32.2,0.6,晴,7.0,9.0,1中京5,マレーシアC(3勝クラス),1:32.8,0.6,晴,13.7,7.0,2026-09-13 02:45:51,jra,2026-09-13,44.73,51.6,46.9,0.0,50.0,58.4,48.8,履歴少 / 市場オッズ妙味
202609040410,2026-09-13,10,コスモアンソロジー,15.0,8.0,佐々木,58.0,,4.0,3.0,2福島7,阿武隈S(3勝クラス),1:46.5,0.3,曇,1.0,2.0,2中山1,4歳以上2勝クラス,1:32.8,-0.2,晴,2.0,4.0,1中山9,4歳以上2勝クラス,1:33.6,0.0,晴,4.0,6.0,1京都2,逢坂山特別(2勝クラス),1:47.2,0.4,晴,4.0,3.0,5阪神2,3歳以上2勝クラス,1:45.7,0.6,晴,13.2,6.0,2026-09-13 02:45:51,jra,2026-09-13,67.64,85.1,53.7,100.0,42.5,62.9,50.0,安定感 / 市場オッズ妙味
202606040410,2026-09-13,10,コパノヴィンセント,3.0,3.0,柴田大,58.0,,1.0,15.0,3中山3,4歳以上2勝クラス,1:10.5,-0.5,曇,14.0,12.0,1中京1,中京スポーツ杯(2勝クラス),1:55.9,1.8,晴,10.0,12.0,1小倉5,障害4歳以上未勝利,3:27.7,9.4,小雨,9.0,9.0,5中山2,障害3歳以上未勝利,3:24.0,3.7,晴,13.0,11.0,3福島5,障害3歳以上未勝利,3:20.4,18.9,晴,7.6,6.0,2026-09-13 02:01:36,jra,2026-09-13,59.21,41.6,77.6,30.4,100.0,60.1,48.8,前走人気以上 / 履歴少 / 人気以上に走る傾向 / 近走上向き
202609040410,2026-09-13,10,サクセスアイ,14.0,8.0,藤懸,56.0,,6.0,12.0,2札幌4,日高S(3勝クラス),1:29.1,1.0,曇,9.0,15.0,3京都12,渡月橋S(3勝クラス),1:20.9,0.8,晴,8.0,8.0,2阪神4,心斎橋S(3勝クラス),1:20.8,1.1,晴,6.0,8.0,1京都9,山城S(3勝クラス),1:22.1,0.2,晴,7.0,6.0,3京都8,長岡京S(3勝クラス),1:20.5,0.3,曇,39.0,14.0,2026-09-13 02:45:51,jra,2026-09-13,52.41,50.0,74.6,0.0,59.0,61.1,48.8,前走人気以上 / 履歴少 / 人気以上に走る傾向
202609040410,2026-09-13,10,サンタンカ,9.0,5.0,吉村,58.0,,11.0,9.0,3阪神4,花のみちS(3勝クラス),1:32.9,0.7,曇,1.0,6.0,3京都11,4歳以上2勝クラス,1:20.7,0.0,晴,1.0,2.0,1京都2,4歳以上1勝クラス,1:34.7,-0.1,晴,6.0,1.0,5中京2,3歳以上1勝クラス,1:20.7,0.3,晴,4.0,1.0,4京都2,3歳以上1勝クラス,1:21.3,0.1,小雨,19.4,11.0,2026-09-13 02:45:51,jra,2026-09-13,50.83,67.4,48.6,55.0,2.0,61.4,48.8,履歴少 / 市場オッズ妙味
202606040410,2026-09-13,10,スプランドゥール,4.0,4.0,石神道,58.0,,10.0,14.0,2新潟7,上越S(3勝クラス),1:12.4,0.7,晴,12.0,12.0,2東京1,鎌倉S(3勝クラス),1:25.8,2.1,晴,8.0,8.0,3中山5,卯月S(3勝クラス),1:11.1,1.2,晴,9.0,5.0,2中山1,春風S(3勝クラス),1:11.2,1.2,晴,1.0,8.0,1中山4,4歳以上2勝クラス,1:10.9,-0.2,晴,21.5,7.0,2026-09-13 02:01:36,jra,2026-09-13,42.48,35.8,59.5,10.3,35.0,56.2,48.8,前走人気以上 / 履歴少
202609040410,2026-09-13,10,スリリングチェイス,12.0,7.0,小沢,58.0,,14.0,11.0,2小倉3,博多S(3勝クラス),1:50.2,3.6,曇,12.0,12.0,2阪神4,心斎橋S(3勝クラス),1:21.0,1.3,晴,12.0,12.0,1中京3,豊明S(3勝クラス),1:24.4,1.1,晴,9.0,10.0,3福島6,奥羽S(3勝クラス),1:47.3,1.1,曇,9.0,6.0,3中京5,三河S(3勝クラス),1:53.4,0.7,晴,116.5,15.0,2026-09-13 02:45:51,jra,2026-09-13,29.36,14.3,42.5,0.0,29.0,47.7,50.0,総合評価
202609040410,2026-09-13,10,チェルノボーグ,1.0,1.0,西塚,58.0,,13.0,8.0,3京都8,錦S(3勝クラス),1:34.0,1.4,晴,7.0,7.0,3京都2,センテニアルパークS(3勝クラス),1:44.2,0.5,曇,3.0,6.0,1阪神7,難波S(3勝クラス),1:45.3,0.4,晴,1.0,5.0,1京都2,逢坂山特別(2勝クラス),1:46.8,-0.1,晴,4.0,3.0,5中京6,名古屋日刊スポーツ杯(2勝クラス),2:03.2,0.3,雨,14.3,8.0,2026-09-13 02:45:51,jra,2026-09-13,45.36,53.2,46.9,44.7,0.0,64.1,48.8,履歴少 / 市場オッズ妙味
202609040410,2026-09-13,10,テラメリタ,2.0,2.0,ルメール,56.0,,2.0,4.0,2中京3,豊橋S(3勝クラス),1:33.2,0.1,晴,9.0,3.0,3阪神4,花のみちS(3勝クラス),1:32.8,0.6,曇,1.0,1.0,1阪神10,皆生特別(2勝クラス),1:32.7,-0.1,曇,2.0,3.0,1阪神2,天神橋特別(2勝クラス),1:34.2,0.0,晴,5.0,2.0,5阪神8,フォーチュンC(2勝クラス),1:34.3,0.3,晴,3.2,1.0,2026-09-13 02:45:51,jra,2026-09-13,60.48,77.1,42.6,75.1,63.5,51.1,48.8,履歴少 / 安定感
202609040410,2026-09-13,10,ドゥカート,7.0,4.0,菱田,58.0,,12.0,10.0,1函館9,五稜郭S(3勝クラス),1:49.2,0.9,曇,11.0,11.0,3中山4,美浦S(3勝クラス),2:02.2,0.7,曇,7.0,4.0,2中山8,スピカS(3勝クラス),1:47.5,0.8,晴,1.0,7.0,1中山8,東雲賞(2勝クラス),1:46.4,-0.1,晴,6.0,2.0,1中山2,初日の出賞(2勝クラス),2:02.3,0.7,晴,14.7,9.0,2026-09-13 02:45:51,jra,2026-09-13,37.71,39.7,44.8,14.6,15.5,51.6,50.0,市場オッズ妙味
202606040410,2026-09-13,10,ドンレパルス,2.0,2.0,三浦,58.0,,7.0,7.0,3東京1,麦秋S(3勝クラス),1:23.8,0.8,晴,8.0,6.0,1中京3,豊明S(3勝クラス),1:24.1,0.8,晴,4.0,3.0,2中山1,春風S(3勝クラス),1:10.4,0.4,晴,4.0,1.0,1中山9,江戸川S(3勝クラス),1:11.8,0.3,晴,2.0,2.0,1中山5,初春S(3勝クラス),1:10.6,0.3,晴,4.5,2.0,2026-09-13 02:01:36,jra,2026-09-13,49.35,62.4,42.1,44.7,35.0,52.5,48.8,履歴少
202609040410,2026-09-13,10,ハギノアルデバラン,6.0,4.0,浜中,58.0,,5.0,8.0,2新潟6,佐渡S(3勝クラス),1:45.3,0.5,晴,3.0,10.0,2小倉3,博多S(3勝クラス),1:47.1,0.5,曇,11.0,8.0,3阪神1,垂水S(3勝クラス),2:00.0,1.3,晴,13.0,7.0,2東京7,六社S(3勝クラス),2:24.7,1.6,晴,8.0,12.0,3京都2,センテニアルパークS(3勝クラス),1:44.2,0.5,曇,10.4,3.0,2026-09-13 02:45:51,jra,2026-09-13,58.07,50.7,61.2,55.3,72.5,63.2,50.0,前走人気以上 / 近走上向き
202606040410,2026-09-13,10,パルデンス,1.0,1.0,小林凌,58.0,,8.0,16.0,2東京8,BSイレブン賞(3勝クラス),1:25.2,0.9,晴,12.0,11.0,3中山1,ブラッドストーンS(3勝クラス),1:11.8,1.2,晴,9.0,15.0,1中山9,江戸川S(3勝クラス),1:12.5,1.0,晴,15.0,14.0,1中山5,初春S(3勝クラス),1:13.5,3.2,晴,10.0,16.0,3京都7,京都開設100周年(3勝クラス),1:24.5,1.3,曇,76.3,10.0,2026-09-13 02:01:36,jra,2026-09-13,48.0,26.4,76.9,0.0,71.0,62.6,48.8,前走人気以上 / 履歴少 / 人気以上に走る傾向 / 近走上向き
202606040410,2026-09-13,10,ポッドソル,6.0,6.0,丸山,58.0,,13.0,8.0,2新潟8,稲妻S(3勝クラス),0:55.9,1.9,晴,9.0,11.0,2小倉5,釜山S(3勝クラス),1:00.0,1.7,晴,16.0,10.0,2東京8,BSイレブン賞(3勝クラス),1:26.4,2.1,晴,1.0,2.0,大井,新助坂賞競走(B3),1:13.7,-0.3,晴,1.0,2.0,大井,桧坂賞競走(B3),1:26.3,-0.1,雨,30.4,9.0,2026-09-13 02:01:36,jra,2026-09-13,29.29,22.0,35.5,12.6,12.5,47.1,50.0,地方実績を中央換算
202606040410,2026-09-13,10,メイショウコバト,7.0,7.0,石橋脩,56.0,,7.0,10.0,2福島3,TUF杯(3勝クラス),1:08.2,1.1,晴,10.0,13.0,3中山1,ブラッドストーンS(3勝クラス),1:11.7,1.1,晴,8.0,16.0,5中山8,フェアウェルS(3勝クラス),1:11.7,0.8,晴,11.0,8.0,5東京4,銀嶺S(3勝クラス),1:24.8,1.4,晴,6.0,9.0,4中山3,初風S(3勝クラス),1:11.1,1.2,曇,27.9,8.0,2026-09-13 02:01:36,jra,2026-09-13,49.36,40.6,71.8,0.0,60.5,60.8,50.0,前走人気以上 / 人気以上に走る傾向
202609040410,2026-09-13,10,モアリジット,3.0,2.0,古川奈,58.0,,13.0,9.0,2小倉3,博多S(3勝クラス),1:49.7,3.1,曇,1.0,6.0,2阪神4,4歳以上2勝クラス,1:46.7,0.0,晴,5.0,4.0,1阪神10,皆生特別(2勝クラス),1:33.1,0.4,曇,2.0,3.0,1阪神5,4歳以上2勝クラス,1:34.1,0.1,晴,2.0,11.0,1京都6,4歳以上2勝クラス,1:33.7,0.2,晴,12.2,5.0,2026-09-13 02:45:51,jra,2026-09-13,53.78,62.5,56.4,69.6,0.0,67.1,50.0,安定感 / 過小評価傾向 / 市場オッズ妙味
202609040410,2026-09-13,10,モンテシート,5.0,3.0,北村友,58.0,,7.0,7.0,2新潟1,新潟日報賞(3勝クラス),1:20.0,0.6,曇,7.0,8.0,2東京2,湘南S(3勝クラス),1:20.8,0.7,晴,8.0,6.0,1東京2,節分S(3勝クラス),1:21.5,0.5,晴,5.0,5.0,5阪神6,六甲アイランドS(3勝クラス),1:21.8,0.2,小雨,2.0,1.0,4京都7,東山S(3勝クラス),1:22.4,0.1,晴,21.6,12.0,2026-09-13 02:45:51,jra,2026-09-13,47.48,56.9,48.3,24.9,41.0,51.3,48.8,履歴少
202609040410,2026-09-13,10,ヨウシタンレイ,11.0,6.0,坂井,56.0,,5.0,9.0,3京都12,渡月橋S(3勝クラス),1:20.7,0.6,晴,9.0,6.0,2東京2,湘南S(3勝クラス),1:20.9,0.8,晴,1.0,2.0,2阪神1,ラジオ関西賞仲春特別(2勝クラス),1:19.8,0.0,晴,2.0,4.0,1阪神3,4歳以上2勝クラス,1:21.5,0.0,曇,6.0,6.0,5中京6,尾張特別(2勝クラス),1:22.4,0.5,曇,12.1,4.0,2026-09-13 02:45:51,jra,2026-09-13,60.07,69.0,56.7,64.7,47.0,63.2,48.8,前走人気以上 / 履歴少 / 安定感 / 市場オッズ妙味
202609040410,2026-09-13,10,リチャードバローズ,10.0,6.0,Ｍデムーロ,58.0,,9.0,10.0,2小倉7,テレQ杯(3勝クラス),1:09.3,1.7,晴,5.0,8.0,2小倉2,紫川S(3勝クラス),1:08.6,0.8,晴,13.0,11.0,2東京2,湘南S(3勝クラス),1:21.1,1.0,晴,15.0,11.0,1東京2,節分S(3勝クラス),1:22.5,1.5,晴,1.0,4.0,5中京6,尾張特別(2勝クラス),1:21.9,-0.1,曇,29.8,13.0,2026-09-13 02:45:51,jra,2026-09-13,45.66,39.0,52.7,35.3,47.0,51.6,50.0,総合評価
202609040410,2026-09-13,10,レッドアトレーヴ,13.0,7.0,戸崎圭,58.0,,15.0,2.0,2東京2,湘南S(3勝クラス),1:21.4,1.3,晴,9.0,8.0,1東京6,雲雀S(3勝クラス),1:34.5,0.5,晴,4.0,6.0,1中山7,若潮S(3勝クラス),1:32.1,0.4,晴,4.0,8.0,5中山8,2025ファイナルS(3勝クラス),1:34.3,0.7,晴,11.0,4.0,4中山8,秋風S(3勝クラス),1:34.1,1.2,晴,16.8,10.0,2026-09-13 02:45:51,jra,2026-09-13,31.16,37.1,22.4,34.3,2.0,43.9,48.8,履歴少 / 市場オッズ妙味
202606040410,2026-09-13,10,ワンダラー,8.0,7.0,丹内,58.0,,8.0,11.0,3東京1,麦秋S(3勝クラス),1:23.9,0.9,晴,8.0,4.0,3京都10,高瀬川S(3勝クラス),1:11.4,0.9,晴,4.0,5.0,2東京1,鎌倉S(3勝クラス),1:24.4,0.7,晴,2.0,1.0,3中山5,卯月S(3勝クラス),1:10.2,0.3,晴,7.0,1.0,2中山1,春風S(3勝クラス),1:10.8,0.8,晴,5.2,4.0,2026-09-13 02:01:36,jra,2026-09-13,47.3,58.2,45.4,34.3,33.5,50.7,48.8,前走人気以上 / 履歴少
202606040411,2026-09-13,11,アウダーシア,2.0,1.0,津村,57.0,,11.0,7.0,2東京12,東京優駿(GI),2:23.3,0.6,晴,1.0,8.0,2中山6,フジTVスプリングS(GII),1:46.0,0.0,晴,1.0,1.0,1東京2,3歳未勝利,1:46.8,-0.2,晴,2.0,1.0,5東京8,2歳未勝利,1:34.7,0.0,晴,2.0,2.0,3東京2,2歳新馬,1:47.2,0.4,曇,9.5,6.0,2026-09-13 02:40:11,jra,2026-09-13,55.03,73.7,52.7,69.6,0.0,60.9,48.8,履歴少 / 安定感
202606040411,2026-09-13,11,アスクエジンバラ,5.0,3.0,岩田康,57.0,,10.0,9.0,2東京12,東京優駿(GI),2:23.2,0.5,晴,4.0,12.0,3中山8,皐月賞(GI),1:56.8,0.3,晴,2.0,2.0,2中山6,フジTVスプリングS(GII),1:46.0,0.0,晴,3.0,9.0,5中山7,ホープフルS(GI),2:01.2,0.2,曇,2.0,10.0,4京都7,ラジオN杯京都2歳S(GIII),2:00.5,0.1,晴,4.8,2.0,2026-09-13 02:40:11,jra,2026-09-13,60.42,67.4,73.7,69.6,6.5,70.3,48.8,履歴少 / 人気以上に走る傾向 / 安定感 / 過小評価傾向
202609040411,2026-09-13,11,アンジュドジョワ,1.0,1.0,北村友,55.0,,9.0,7.0,2東京10,優駿牝馬(GI),2:26.0,0.4,曇,1.0,2.0,2阪神1,君子蘭賞(1勝クラス),1:46.7,-0.4,晴,1.0,1.0,1小倉6,3歳新馬,2:02.7,-0.1,曇,,,,,,,,,,,,,,,13.5,5.0,2026-09-13 02:26:51,jra,2026-09-13,51.12,74.1,46.7,44.7,2.0,60.0,51.8,クラス条件好転 / 履歴少 / 市場オッズ妙味
202609040411,2026-09-13,11,アンディムジーク,4.0,4.0,古川吉,55.0,,1.0,6.0,1札幌7,3歳以上1勝クラス,2:00.2,0.0,晴,5.0,10.0,1札幌3,3歳以上1勝クラス,1:29.4,0.4,曇,11.0,9.0,3京都3,3歳1勝クラス,1:21.4,1.5,晴,8.0,14.0,1阪神4,チューリップ賞(GII),1:34.7,0.4,晴,8.0,7.0,1京都9,河津桜賞(1勝クラス),1:35.1,1.4,晴,122.7,12.0,2026-09-13 02:26:51,jra,2026-09-13,65.94,62.3,72.0,55.3,92.0,62.0,48.8,前走人気以上 / 履歴少 / 人気以上に走る傾向 / 近走上向き
202609040411,2026-09-13,11,イクシード,6.0,5.0,ルメール,55.0,,1.0,1.0,2東京9,カーネーションC(1勝クラス),1:46.4,0.0,曇,3.0,1.0,2中山7,フラワーC(GIII),1:48.4,0.1,晴,1.0,1.0,4東京4,2歳新馬,2:00.2,-0.3,曇,,,,,,,,,,,,,,,4.9,2.0,2026-09-13 02:26:51,jra,2026-09-13,65.64,94.7,45.4,75.1,56.0,54.6,48.8,履歴少 / 安定感
202606040411,2026-09-13,11,ウェイクフィールド,1.0,1.0,横山和,57.0,,10.0,1.0,1札幌1,ライラック賞(2勝クラス),2:42.2,1.2,曇,1.0,5.0,1函館1,奥尻特別(1勝クラス),1:59.8,-0.1,晴,1.0,3.0,3中山8,3歳未勝利,2:00.4,-0.1,晴,6.0,3.0,1中山8,3歳未勝利,2:12.5,0.5,晴,8.0,5.0,5中京1,2歳未勝利,2:02.7,1.4,晴,60.1,12.0,2026-09-13 02:40:11,jra,2026-09-13,45.99,66.5,35.4,44.7,14.0,47.7,51.8,クラス条件好転 / 履歴少
202606040411,2026-09-13,11,エリプティクカーブ,15.0,8.0,横山武,57.0,,1.0,2.0,3東京1,稲城特別(1勝クラス),2:24.6,-0.4,晴,4.0,2.0,2東京5,3歳1勝クラス,1:45.9,0.5,晴,6.0,13.0,1中山7,京成杯(GIII),1:59.6,0.3,晴,4.0,3.0,4東京11,百日草特別(1勝クラス),2:01.3,1.2,曇,1.0,3.0,2札幌4,2歳新馬,1:51.6,-0.2,曇,34.0,9.0,2026-09-13 02:40:11,jra,2026-09-13,68.23,82.6,58.7,80.2,66.5,60.9,48.8,履歴少 / 近走上向き / 安定感 / 市場オッズ妙味
202609040411,2026-09-13,11,エンネ,2.0,2.0,坂井,55.0,,7.0,4.0,2東京10,優駿牝馬(GI),2:25.9,0.3,曇,2.0,3.0,2東京2,サンスポ賞フローラS(GII),1:59.5,0.2,晴,1.0,5.0,1阪神7,3歳未勝利,1:45.8,-0.3,晴,,,,,,,,,,,,,,,5.2,3.0,2026-09-13 02:26:51,jra,2026-09-13,54.66,77.9,51.2,44.7,17.0,59.2,48.8,履歴少
202606040411,2026-09-13,11,ゴーイントゥスカイ,8.0,4.0,武豊,57.0,,4.0,3.0,2東京12,東京優駿(GI),2:22.8,0.1,晴,1.0,4.0,2東京1,テレビ東京杯青葉賞(GII),2:23.0,-0.1,晴,6.0,3.0,2京都4,きさらぎ賞(GIII),1:48.3,0.3,曇,3.0,3.0,4京都7,ラジオN杯京都2歳S(GIII),2:00.6,0.2,晴,1.0,2.0,4東京2,2歳新馬,2:00.8,0.0,晴,4.4,1.0,2026-09-13 02:40:11,jra,2026-09-13,62.5,82.5,49.7,80.2,42.5,56.3,48.8,履歴少 / 安定感
202606040411,2026-09-13,11,サノノグレーター,9.0,5.0,田辺,57.0,,1.0,1.0,2福島2,ラジオNIKKEI賞(GIII),1:45.2,-0.2,晴,9.0,14.0,3中山8,皐月賞(GI),1:57.3,0.8,晴,5.0,4.0,2中山6,フジTVスプリングS(GII),1:46.2,0.2,晴,6.0,6.0,1東京6,共同通信杯(GIII),1:46.4,0.9,晴,1.0,4.0,5中山1,葉牡丹賞(1勝クラス),1:58.2,-0.5,曇,6.3,4.0,2026-09-13 02:40:11,jra,2026-09-13,64.34,71.9,59.5,60.5,75.5,62.4,48.8,履歴少 / 近走上向き / 安定感
202606040411,2026-09-13,11,サヴォアフェール,6.0,3.0,松山,57.0,,1.0,1.0,2中京2,木曽川特別(2勝クラス),1:57.6,-0.4,晴,1.0,1.0,2小倉1,八代特別(1勝クラス),1:59.9,-0.1,曇,4.0,4.0,3京都5,京都新聞杯(GII),2:10.4,0.5,晴,3.0,2.0,1阪神9,若葉S(L),1:58.9,0.4,晴,1.0,1.0,1京都5,3歳未勝利,1:54.3,-0.5,晴,6.8,5.0,2026-09-13 02:40:11,jra,2026-09-13,69.6,92.9,49.0,100.0,57.5,57.5,48.8,履歴少 / 安定感
202606040411,2026-09-13,11,ジャスティンシカゴ,7.0,4.0,原,57.0,,1.0,1.0,3東京4,3歳以上1勝クラス,2:01.0,-0.4,曇,2.0,5.0,2東京4,プリンシパルS(L),1:58.6,0.1,晴,2.0,4.0,1東京7,フリージア賞(1勝クラス),1:58.9,0.2,晴,6.0,9.0,5中山1,葉牡丹賞(1勝クラス),1:59.0,0.8,曇,12.0,7.0,2札幌5,札幌2歳S(GIII),1:52.8,2.2,曇,43.9,11.0,2026-09-13 02:40:11,jra,2026-09-13,67.89,81.5,57.4,75.1,77.0,58.2,48.8,履歴少 / 近走上向き / 安定感 / 市場オッズ妙味
202609040411,2026-09-13,11,スウィートハピネス,10.0,7.0,佐々木,55.0,,5.0,11.0,2東京10,優駿牝馬(GI),2:25.7,0.1,曇,13.0,9.0,2阪神6,桜花賞(GI),1:32.8,1.3,晴,1.0,1.0,2京都3,エルフィンS(L),1:33.0,-0.1,曇,4.0,9.0,5阪神4,阪神ジュベナイルF(GI),1:32.9,0.3,晴,2.0,4.0,4京都8,白菊賞(1勝クラス),1:34.1,0.5,晴,20.8,7.0,2026-09-13 02:26:51,jra,2026-09-13,60.91,62.0,62.3,75.1,50.0,62.1,48.8,前走人気以上 / 履歴少 / 安定感 / 市場オッズ妙味
202609040411,2026-09-13,11,スマートプリエール,3.0,3.0,田山,55.0,,15.0,8.0,2東京10,優駿牝馬(GI),2:27.0,1.4,曇,1.0,6.0,2中山7,フラワーC(GIII),1:48.3,-0.1,晴,6.0,5.0,1阪神4,チューリップ賞(GII),1:34.6,0.3,晴,3.0,1.0,1京都9,河津桜賞(1勝クラス),1:33.9,0.2,晴,4.0,4.0,4東京6,アイビーS(L),1:47.3,0.5,晴,27.3,8.0,2026-09-13 02:26:51,jra,2026-09-13,43.91,56.9,40.4,49.8,0.0,53.0,48.8,履歴少 / 市場オッズ妙味
202609040411,2026-09-13,11,タイセイボーグ,12.0,8.0,西村淳,55.0,,1.0,2.0,1阪神4,チューリップ賞(GII),1:34.3,0.0,晴,3.0,6.0,5阪神4,阪神ジュベナイルF(GI),1:32.9,0.3,晴,3.0,3.0,4東京8,アルテミスS(GIII),1:34.2,0.4,雨,2.0,6.0,3新潟2,新潟2歳S(GIII),1:34.1,0.7,晴,2.0,2.0,2新潟5,ダリア賞(OP),1:21.8,0.3,晴,7.7,4.0,2026-09-13 02:26:51,jra,2026-09-13,73.09,90.9,61.4,100.0,59.0,63.9,48.8,履歴少 / 安定感
202606040411,2026-09-13,11,ティラーノ,14.0,7.0,石橋脩,57.0,,10.0,6.0,2新潟3,燕特別(1勝クラス),2:14.0,0.8,曇,12.0,15.0,3京都5,京都新聞杯(GII),2:11.0,1.1,晴,1.0,7.0,3中山6,3歳未勝利,2:14.1,0.0,晴,6.0,4.0,2中山7,3歳未勝利,2:14.7,1.1,晴,14.0,9.0,1東京1,3歳未勝利,1:40.8,2.3,晴,190.5,16.0,2026-09-13 02:40:11,jra,2026-09-13,41.98,40.0,49.4,19.8,39.5,49.6,48.8,履歴少
202609040411,2026-09-13,11,ナムラコスモス,9.0,7.0,田口,55.0,,15.0,3.0,2中京8,中京記念(GIII),1:32.7,1.6,晴,6.0,7.0,2阪神6,桜花賞(GI),1:32.1,0.6,晴,2.0,8.0,1阪神4,チューリップ賞(GII),1:34.3,0.0,晴,1.0,7.0,2京都5,こぶし賞(1勝クラス),1:34.5,-0.1,晴,1.0,6.0,4京都1,2歳未勝利,1:20.9,-0.3,晴,41.3,11.0,2026-09-13 02:26:51,jra,2026-09-13,45.54,58.1,44.3,44.7,0.0,60.2,48.8,履歴少 / 市場オッズ妙味
202606040411,2026-09-13,11,バステール,10.0,5.0,川田,57.0,,3.0,11.0,2東京12,東京優駿(GI),2:22.8,0.1,晴,11.0,6.0,3中山8,皐月賞(GI),1:57.5,1.0,晴,1.0,3.0,2中山4,報知弥生ディープ記念(GII),2:00.2,-0.1,晴,1.0,1.0,5阪神5,2歳未勝利,2:00.7,-0.3,晴,2.0,1.0,5東京8,2歳新馬,1:47.1,0.1,晴,5.3,3.0,2026-09-13 02:40:11,jra,2026-09-13,64.09,74.4,60.3,75.1,54.5,59.7,48.8,前走人気以上 / 履歴少 / 安定感
202606040411,2026-09-13,11,バドリナート,3.0,2.0,丸山,57.0,,4.0,13.0,2福島2,ラジオNIKKEI賞(GIII),1:45.6,0.4,晴,11.0,7.0,3京都5,京都新聞杯(GII),2:10.9,1.0,晴,5.0,5.0,5中山7,ホープフルS(GI),2:01.4,0.4,曇,1.0,3.0,3京都9,萩S(L),1:47.1,-0.1,曇,1.0,1.0,4阪神1,2歳未勝利,2:00.9,-0.7,晴,71.3,13.0,2026-09-13 02:40:11,jra,2026-09-13,62.39,66.4,64.2,75.1,53.0,58.1,48.8,前走人気以上 / 履歴少 / 安定感
202609040411,2026-09-13,11,ファストフォワード,5.0,5.0,小崎,55.0,,1.0,9.0,2新潟4,五頭連峰特別(1勝クラス),1:45.7,-0.1,晴,1.0,1.0,1新潟4,3歳未勝利,1:49.1,-0.3,晴,4.0,4.0,1福島1,3歳未勝利,1:47.9,0.3,晴,5.0,3.0,1中京1,3歳未勝利,1:56.6,1.6,晴,6.0,5.0,1小倉3,3歳未勝利,2:00.4,0.6,晴,36.5,9.0,2026-09-13 02:26:51,jra,2026-09-13,71.76,86.5,64.3,89.7,68.0,59.5,48.8,前走人気以上 / 履歴少 / 近走上向き / 安定感
202606040411,2026-09-13,11,フウセン,13.0,7.0,鮫島駿,57.0,,1.0,1.0,2小倉7,3歳以上1勝クラス,2:00.7,-0.4,晴,2.0,4.0,3阪神1,3歳以上1勝クラス,2:13.3,0.3,晴,1.0,1.0,3京都1,3歳未勝利,2:12.5,-0.2,晴,4.0,5.0,1阪神3,3歳未勝利,1:46.7,1.0,晴,3.0,3.0,2京都2,3歳未勝利,2:02.9,0.8,晴,100.4,15.0,2026-09-13 02:40:11,jra,2026-09-13,70.92,92.9,54.5,100.0,59.0,55.5,50.0,安定感
202606040411,2026-09-13,11,ミリオンクラウン,11.0,6.0,横山典,57.0,,1.0,2.0,2札幌2,オールスターJ第4戦(2勝クラス),1:47.7,-0.1,晴,1.0,4.0,1札幌3,3歳以上1勝クラス,1:48.0,-0.4,曇,7.0,11.0,3東京4,3歳以上1勝クラス,1:38.0,1.2,曇,15.0,13.0,2東京5,青竜S(OP),1:48.7,12.2,晴,10.0,15.0,3中山5,ニュージーランドT(GII),1:34.6,1.3,晴,74.6,14.0,2026-09-13 02:40:11,jra,2026-09-13,65.87,68.5,64.5,55.3,93.5,60.6,48.8,履歴少 / 近走上向き
202609040411,2026-09-13,11,ミリタリータトゥー,8.0,6.0,西塚,55.0,,1.0,2.0,2小倉6,3歳以上1勝クラス,1:48.2,-0.1,晴,1.0,6.0,2小倉1,3歳未勝利,1:47.2,-0.2,曇,,,,,,,,,,,,,,,,,,,,,,39.3,10.0,2026-09-13 02:26:51,jra,2026-09-13,59.19,73.0,56.3,48.4,45.5,58.7,57.5,n適性 / 小倉実績 / サンプル少 / 市場オッズ妙味
202609040411,2026-09-13,11,モンローウォーク,7.0,6.0,戸崎圭,55.0,,1.0,1.0,1函館12,かもめ島特別(2勝クラス),1:48.4,-0.6,曇,1.0,1.0,1函館2,八雲特別(1勝クラス),1:47.8,-0.3,晴,1.0,1.0,2新潟7,2歳新馬,1:35.5,-0.5,晴,,,,,,,,,,,,,,,2.2,1.0,2026-09-13 02:26:51,jra,2026-09-13,67.48,100.0,50.0,75.1,50.0,53.4,50.0,安定感
202606040411,2026-09-13,11,ラディアントスター,16.0,8.0,池添,57.0,,3.0,9.0,3京都5,京都新聞杯(GII),2:10.2,0.3,晴,1.0,2.0,2中山8,3歳1勝クラス,1:59.1,-0.2,晴,4.0,5.0,1京都8,若駒S(L),2:01.6,0.4,晴,1.0,3.0,5東京2,2歳未勝利,1:47.1,-0.2,小雨,2.0,4.0,2福島7,2歳未勝利,1:51.2,0.0,晴,20.0,7.0,2026-09-13 02:40:11,jra,2026-09-13,73.16,89.6,69.4,100.0,44.0,64.1,51.8,クラス条件好転 / 前走人気以上 / 履歴少 / 人気以上に走る傾向
202606040411,2026-09-13,11,ラージアンサンブル,12.0,6.0,岩田望,57.0,,8.0,18.0,3中山8,皐月賞(GI),1:57.1,0.6,晴,1.0,6.0,1阪神1,すみれS(L),2:12.4,-0.2,晴,6.0,6.0,1京都8,若駒S(L),2:02.5,1.3,晴,1.0,2.0,5中山4,2歳未勝利,2:03.0,-0.8,雨,4.0,6.0,3京都4,2歳未勝利,2:00.1,0.6,曇,26.5,8.0,2026-09-13 02:40:11,jra,2026-09-13,62.9,72.6,82.5,49.8,20.0,68.0,48.8,前走人気以上 / 履歴少 / 人気以上に走る傾向 / 過小評価傾向
202606040411,2026-09-13,11,リッツパーティー,4.0,2.0,丹内,57.0,,3.0,2.0,2福島2,ラジオNIKKEI賞(GIII),1:45.5,0.3,晴,1.0,3.0,2東京5,3歳1勝クラス,1:45.4,-0.1,晴,4.0,3.0,1東京7,フリージア賞(1勝クラス),1:59.0,0.3,晴,1.0,7.0,1東京1,3歳新馬,1:48.2,-0.4,晴,,,,,,,,39.6,10.0,2026-09-13 02:40:11,jra,2026-09-13,68.41,89.3,56.8,89.7,44.0,61.2,51.8,クラス条件好転 / 履歴少 / 安定感 / 市場オッズ妙味
202609040411,2026-09-13,11,レイクラシック,11.0,8.0,吉村,55.0,,1.0,1.0,2中京5,3歳以上1勝クラス,2:00.7,-0.1,晴,6.0,12.0,2東京10,優駿牝馬(GI),2:25.7,0.1,曇,2.0,2.0,3京都3,矢車賞(1勝クラス),2:12.3,0.3,晴,1.0,2.0,1中京3,3歳未勝利,2:00.1,-0.3,晴,8.0,1.0,1京都6,3歳未勝利,2:01.6,0.5,晴,20.0,6.0,2026-09-13 02:26:51,jra,2026-09-13,65.55,82.7,56.4,64.7,69.5,56.3,48.8,履歴少 / 近走上向き / 安定感 / 市場オッズ妙味
202609040412,2026-09-13,12,アオイレーギーナ,7.0,5.0,幸,56.0,,2.0,5.0,3中京3,清洲特別(2勝クラス),1:11.7,0.1,曇,15.0,3.0,3京都4,御池特別(2勝クラス),1:08.7,0.9,曇,9.0,1.0,3中山7,袖ケ浦特別(2勝クラス),1:07.5,0.4,晴,6.0,1.0,2中山4,4歳以上2勝クラス,1:08.9,0.2,晴,2.0,3.0,2京都4,4歳以上2勝クラス,1:08.4,0.1,曇,4.9,2.0,2026-09-13 02:07:51,jra,2026-09-13,45.85,53.3,20.0,40.7,86.0,43.1,48.8,前走人気以上 / 履歴少 / 近走上向き
202609040412,2026-09-13,12,オトメナシャチョウ,3.0,3.0,松本,56.0,,14.0,7.0,3阪神3,安芸特別(2勝クラス),1:13.2,1.8,晴,2.0,3.0,大井,’26メトロポリタン(A2B1),1:12.2,0.3,雨,15.0,7.0,2中山2,4歳以上2勝クラス,1:12.9,1.9,晴,5.0,4.0,3福島5,福島放送賞(2勝クラス),1:09.3,0.6,晴,1.0,4.0,4新潟4,3歳以上1勝クラス,1:10.8,-0.5,雨,75.3,13.0,2026-09-13 02:07:51,jra,2026-09-13,31.38,33.6,26.2,39.4,0.5,43.1,48.8,履歴少
202606040412,2026-09-13,12,カゼノタカトシ,8.0,6.0,◇今村,56.0,,5.0,6.0,2新潟8,瀬波温泉特別(2勝クラス),1:52.8,0.4,晴,8.0,8.0,1新潟4,五泉特別(2勝クラス),1:53.2,1.1,晴,11.0,8.0,3中山1,4歳以上2勝クラス,1:53.9,1.6,晴,8.0,8.0,5東京7,3歳以上2勝クラス,2:12.3,1.5,曇,1.0,1.0,3新潟3,3歳以上1勝クラス,1:54.3,-0.2,晴,9.4,5.0,2026-09-13 02:26:41,jra,2026-09-13,51.53,52.3,48.0,40.7,62.0,58.2,48.8,履歴少
202609040412,2026-09-13,12,カーリキュー,4.0,3.0,斎藤,54.0,,1.0,3.0,3中京2,豊川特別(1勝クラス),1:11.9,-0.1,晴,1.0,1.0,3京都12,3歳未勝利,1:12.2,-0.1,晴,2.0,3.0,3京都9,3歳未勝利,1:11.9,0.1,曇,3.0,3.0,1中京6,3歳未勝利,1:25.3,0.3,晴,5.0,2.0,1阪神3,3歳未勝利,1:13.5,1.5,晴,7.3,3.0,2026-09-13 02:07:51,jra,2026-09-13,71.13,92.8,53.5,100.0,60.5,58.5,48.8,履歴少 / 安定感
202606040412,2026-09-13,12,コスモコンフェルマ,1.0,1.0,柴田大,58.0,,12.0,4.0,3新潟4,両津湾特別(2勝クラス),1:55.6,2.5,曇,2.0,5.0,2新潟8,瀬波温泉特別(2勝クラス),1:52.4,0.0,晴,11.0,5.0,2東京11,4歳以上2勝クラス,2:14.6,2.8,晴,15.0,11.0,1中京4,弥富特別(2勝クラス),2:01.9,2.4,曇,2.0,10.0,1阪神1,4歳以上2勝クラス,1:53.7,0.1,晴,12.7,8.0,2026-09-13 02:26:41,jra,2026-09-13,37.5,40.0,31.6,35.3,23.0,48.8,48.8,履歴少 / 市場オッズ妙味
202606040412,2026-09-13,12,コーリンカルベラ,12.0,8.0,松山,58.0,,7.0,7.0,2新潟8,瀬波温泉特別(2勝クラス),1:53.2,0.8,晴,7.0,8.0,2東京8,青梅特別(2勝クラス),1:38.1,1.0,晴,6.0,12.0,2東京3,4歳以上2勝クラス,1:37.4,0.7,晴,5.0,8.0,3中山6,印西特別(2勝クラス),2:35.5,1.2,晴,7.0,11.0,3中山1,4歳以上2勝クラス,1:53.5,1.2,晴,8.2,3.0,2026-09-13 02:26:41,jra,2026-09-13,52.8,55.9,66.0,14.6,45.5,65.8,48.8,履歴少 / 人気以上に走る傾向 / 過小評価傾向
202606040412,2026-09-13,12,サザンウォリアー,13.0,8.0,☆長浜,54.0,,16.0,16.0,3東京6,甲州街道特別(2勝クラス),1:25.6,3.0,曇,2.0,2.0,園田,新緑特別3歳AB,1:20.5,1.2,曇,2.0,1.0,園田,3歳A,1:34.4,1.3,曇,5.0,3.0,園田,菊水賞(重賞),1:55.2,2.6,晴,4.0,3.0,姫路,兵庫若駒賞(重賞),2:05.8,1.1,曇,45.8,13.0,2026-09-13 02:26:41,jra,2026-09-13,36.57,27.6,47.7,33.0,20.0,48.3,42.8,地方実績を中央換算 / 地方実績中心 / 履歴少
202606040412,2026-09-13,12,ジェイエルモーダル,4.0,4.0,田辺,55.0,,1.0,1.0,2新潟7,三国特別(1勝クラス),1:52.8,-0.1,晴,2.0,1.0,3東京4,3歳以上1勝クラス,2:11.3,0.2,曇,2.0,5.0,1新潟1,わらび賞(1勝クラス),1:53.4,0.2,晴,3.0,9.0,3中山4,3歳1勝クラス,1:52.0,0.2,晴,1.0,6.0,1中山5,3歳未勝利,1:56.2,-0.6,晴,3.7,1.0,2026-09-13 02:26:41,jra,2026-09-13,73.82,94.1,62.1,100.0,56.0,64.0,48.8,履歴少 / 安定感
202609040412,2026-09-13,12,ズバットマサムネ,2.0,2.0,北村友,58.0,,7.0,8.0,2福島5,会津S(3勝クラス),1:08.6,0.8,曇,14.0,10.0,2小倉2,西部日刊スポーツ杯(2勝クラス),1:48.5,3.5,晴,12.0,12.0,3京都9,オーストラリアT(2勝クラス),1:24.9,1.0,曇,12.0,7.0,3京都7,4歳以上2勝クラス,1:12.5,0.6,晴,8.0,11.0,2阪神5,4歳以上2勝クラス,1:11.5,0.8,晴,19.0,7.0,2026-09-13 02:07:51,jra,2026-09-13,38.22,24.5,42.2,0.0,77.0,50.0,50.0,近走上向き / 市場オッズ妙味
202609040412,2026-09-13,12,ダズリングダンス,5.0,4.0,川須,58.0,,11.0,7.0,2新潟6,3歳以上2勝クラス,1:12.6,1.4,晴,13.0,7.0,1新潟8,火打山特別(2勝クラス),1:13.1,1.8,曇,8.0,11.0,2阪神2,4歳以上2勝クラス,1:12.3,0.9,晴,9.0,6.0,1中京2,伊良湖特別(2勝クラス),1:13.6,1.2,晴,12.0,8.0,4京都1,亀岡特別(2勝クラス),1:25.7,2.4,晴,39.9,9.0,2026-09-13 02:07:51,jra,2026-09-13,30.02,22.3,29.2,0.0,47.0,42.6,51.8,クラス条件好転 / 履歴少
202606040412,2026-09-13,12,ナイトスラッガー,9.0,6.0,横山武,58.0,,3.0,6.0,2新潟4,苗場特別(2勝クラス),1:52.8,0.4,曇,5.0,3.0,3京都10,聖護院特別(2勝クラス),1:47.0,0.7,晴,5.0,1.0,1新潟1,胎内川特別(2勝クラス),1:47.9,0.2,晴,3.0,2.0,1中京1,茶臼山高原特別(2勝クラス),1:59.1,0.2,晴,5.0,3.0,1東京2,4歳以上2勝クラス,1:58.3,0.6,晴,8.6,4.0,2026-09-13 02:26:41,jra,2026-09-13,63.52,75.2,44.9,100.0,59.0,55.3,48.8,前走人気以上 / 履歴少 / 安定感
202606040412,2026-09-13,12,ニシノケンタマン,3.0,3.0,野中,58.0,,9.0,5.0,3新潟4,両津湾特別(2勝クラス),1:55.0,1.9,曇,4.0,8.0,2新潟4,苗場特別(2勝クラス),1:52.9,0.5,曇,1.0,4.0,1新潟8,4歳以上1勝クラス,1:53.8,-0.1,曇,5.0,2.0,3中山3,4歳以上1勝クラス,1:54.0,0.5,雨,2.0,4.0,2中山6,4歳以上1勝クラス,1:54.1,0.6,晴,14.9,9.0,2026-09-13 02:26:41,jra,2026-09-13,55.57,69.1,51.0,69.6,14.0,64.9,48.8,履歴少 / 安定感 / 市場オッズ妙味
202606040412,2026-09-13,12,ハイラント,2.0,2.0,内田博,58.0,,9.0,8.0,2福島5,信夫山特別(2勝クラス),2:38.3,0.9,曇,10.0,4.0,1福島4,奥の細道特別(2勝クラス),2:38.8,1.2,晴,6.0,7.0,1阪神9,淡路特別(2勝クラス),2:39.8,0.2,晴,7.0,10.0,5中山2,3歳以上2勝クラス,2:32.2,1.7,晴,9.0,9.0,3福島4,三陸特別(2勝クラス),2:42.3,0.9,晴,31.4,12.0,2026-09-13 02:26:41,jra,2026-09-13,38.68,41.1,41.9,0.0,44.0,49.0,50.0,総合評価
202609040412,2026-09-13,12,バイファーザベスト,11.0,7.0,鮫島良,58.0,,,,1阪神10,4歳以上2勝クラス,,,曇,14.0,14.0,1京都4,4歳以上2勝クラス,1:27.0,1.5,小雪,12.0,9.0,4東京8,3歳以上2勝クラス,1:25.7,1.6,雨,13.0,12.0,3京都2,3歳以上2勝クラス,1:24.5,1.9,曇,7.0,9.0,2小倉3,TAインディア賞(2勝クラス),1:47.9,1.3,晴,63.4,12.0,2026-09-13 02:07:51,jra,2026-09-13,29.44,12.0,44.7,0.0,30.0,49.3,48.8,履歴少
202606040412,2026-09-13,12,バードウォッチャー,6.0,5.0,岩田康,58.0,,5.0,6.0,2福島8,猪苗代特別(2勝クラス),2:01.2,1.0,晴,14.0,11.0,1新潟6,信濃川特別(2勝クラス),2:01.8,1.1,晴,6.0,5.0,2中山2,富里特別(2勝クラス),1:59.4,1.7,晴,4.0,6.0,1東京2,4歳以上2勝クラス,1:58.1,0.4,晴,7.0,7.0,5中京6,名古屋日刊スポーツ杯(2勝クラス),2:03.3,0.4,雨,11.5,7.0,2026-09-13 02:26:41,jra,2026-09-13,51.29,49.0,47.6,45.0,66.5,55.6,50.0,近走上向き
202609040412,2026-09-13,12,ヒラボクカレラ,6.0,4.0,浜中,58.0,,10.0,4.0,2福島1,さくらんぼ特別(2勝クラス),1:08.4,2.4,晴,4.0,7.0,3京都3,京極特別(2勝クラス),1:11.8,0.3,晴,1.0,1.0,1福島1,4歳以上1勝クラス,1:09.0,-0.1,晴,8.0,2.0,1小倉2,4歳以上1勝クラス,1:00.2,1.3,晴,9.0,3.0,1京都3,4歳以上1勝クラス,1:13.5,1.0,晴,15.5,6.0,2026-09-13 02:07:51,jra,2026-09-13,44.0,57.3,32.0,44.7,23.0,51.9,48.8,履歴少 / 市場オッズ妙味
202609040412,2026-09-13,12,フレンズプラス,1.0,1.0,荻野琢,54.0,,1.0,5.0,1函館12,3歳以上1勝クラス,0:58.0,-0.1,曇,3.0,5.0,1函館5,3歳以上1勝クラス,0:58.2,0.8,晴,5.0,7.0,1函館2,3歳以上1勝クラス,0:58.6,0.5,晴,1.0,1.0,1新潟3,3歳未勝利,1:12.9,-0.4,晴,2.0,11.0,1福島4,3歳未勝利,1:09.1,0.1,晴,28.5,8.0,2026-09-13 02:07:51,jra,2026-09-13,75.68,88.9,71.3,100.0,60.5,67.3,50.0,前走人気以上 / 人気以上に走る傾向 / 安定感 / 過小評価傾向
202609040412,2026-09-13,12,ブルーノート,12.0,7.0,藤懸,58.0,,6.0,13.0,3中京3,清洲特別(2勝クラス),1:12.5,0.9,曇,10.0,12.0,2小倉3,雲仙特別(2勝クラス),0:57.6,0.9,曇,4.0,9.0,大井,’26メトロポリタン(A2B1),1:12.4,0.5,雨,11.0,16.0,1阪神4,4歳以上2勝クラス,1:12.5,0.8,晴,12.0,10.0,5中京1,中京日経賞(2勝クラス),1:12.4,1.5,晴,41.5,10.0,2026-09-13 02:07:51,jra,2026-09-13,52.41,38.1,76.1,11.5,69.5,62.7,50.0,前走人気以上 / 人気以上に走る傾向 / 近走上向き
202606040412,2026-09-13,12,ブレゲアン,10.0,7.0,大野,58.0,,1.0,9.0,2新潟4,3歳以上1勝クラス,1:54.2,-0.1,晴,6.0,8.0,2福島5,3歳以上1勝クラス,1:46.7,1.4,曇,14.0,3.0,1中山9,4歳以上1勝クラス,2:03.9,8.6,晴,7.0,3.0,1中山1,4歳以上1勝クラス,1:54.9,1.1,晴,1.0,10.0,4中山4,3歳未勝利,1:53.0,-1.1,曇,25.3,10.0,2026-09-13 02:26:41,jra,2026-09-13,60.02,63.3,57.7,40.7,86.0,58.9,50.0,前走人気以上 / 近走上向き / 市場オッズ妙味
202606040412,2026-09-13,12,ブレードサクセス,11.0,7.0,丹内,58.0,,11.0,2.0,2新潟8,瀬波温泉特別(2勝クラス),1:53.9,1.5,晴,4.0,3.0,3中山1,4歳以上2勝クラス,1:53.2,0.9,晴,1.0,2.0,2中山6,4歳以上1勝クラス,1:53.5,-0.6,晴,8.0,2.0,1中山9,4歳以上1勝クラス,1:57.0,1.7,晴,2.0,5.0,1中山3,4歳以上1勝クラス,1:54.6,0.3,晴,9.6,6.0,2026-09-13 02:26:41,jra,2026-09-13,42.88,60.7,26.5,55.0,6.5,51.8,48.8,履歴少
202609040412,2026-09-13,12,ベンダバール,8.0,5.0,国分恭,58.0,,10.0,6.0,3京都11,4歳以上2勝クラス,1:11.9,0.5,晴,5.0,5.0,2東京4,4歳以上2勝クラス,1:18.0,0.6,曇,2.0,6.0,2京都4,4歳以上2勝クラス,1:12.5,0.0,曇,1.0,8.0,1京都3,4歳以上1勝クラス,1:12.5,-0.2,晴,6.0,6.0,4新潟4,3歳以上1勝クラス,1:11.5,0.7,雨,14.4,5.0,2026-09-13 02:07:51,jra,2026-09-13,53.57,64.4,54.2,59.3,11.0,65.9,48.8,履歴少 / 過小評価傾向 / 市場オッズ妙味
202609040412,2026-09-13,12,ホープエトワール,13.0,8.0,▲森田,55.0,,15.0,16.0,4中山2,浦安特別(2勝クラス),1:11.7,2.5,雨,13.0,13.0,2中京3,日進特別(2勝クラス),1:58.1,5.8,晴,15.0,15.0,2福島7,米沢特別(2勝クラス),1:48.0,3.7,曇,6.0,8.0,船橋,エメラルドマイル(B3),1:45.7,2.2,曇,12.0,9.0,船橋,花まつり特別(B3),1:47.3,2.8,晴,105.7,14.0,2026-09-13 02:07:51,jra,2026-09-13,29.77,6.0,52.0,0.0,29.0,50.9,50.0,地方実績を中央換算
202609040412,2026-09-13,12,メイショウドライブ,9.0,6.0,田口,56.0,,12.0,5.0,3京都11,4歳以上2勝クラス,1:12.2,0.8,晴,3.0,6.0,3京都7,4歳以上2勝クラス,1:12.0,0.1,晴,7.0,9.0,1中山4,4歳以上2勝クラス,1:12.0,1.1,晴,1.0,4.0,5阪神5,3歳以上1勝クラス,1:11.7,-0.2,晴,5.0,1.0,4新潟2,3歳以上1勝クラス,1:12.5,1.0,曇,13.8,4.0,2026-09-13 02:07:51,jra,2026-09-13,45.59,56.5,43.3,49.8,2.0,59.2,48.8,履歴少 / 市場オッズ妙味
202606040412,2026-09-13,12,メイショウリリー,5.0,4.0,横山琉,56.0,,13.0,6.0,2小倉4,九州スポーツ杯(2勝クラス),1:45.0,2.8,曇,5.0,6.0,3阪神4,逆瀬川特別(2勝クラス),1:54.9,1.0,曇,4.0,10.0,1新潟2,咲花特別(2勝クラス),1:54.3,0.7,曇,14.0,14.0,1阪神3,4歳以上2勝クラス,1:55.3,2.3,曇,16.0,9.0,4京都2,3歳以上2勝クラス,1:53.5,3.8,雨,26.5,11.0,2026-09-13 02:26:41,jra,2026-09-13,39.78,33.2,40.1,44.7,30.5,47.7,51.8,クラス条件好転
202609040412,2026-09-13,12,ユウトザレン,14.0,8.0,吉村,58.0,,6.0,5.0,3京都9,オーストラリアT(2勝クラス),1:24.4,0.5,曇,4.0,2.0,3京都6,4歳以上2勝クラス,1:24.0,0.2,晴,8.0,3.0,2阪神7,吹田特別(2勝クラス),1:24.4,1.2,晴,4.0,4.0,2京都1,長浜特別(2勝クラス),1:25.8,0.6,晴,3.0,4.0,1京都4,4歳以上2勝クラス,1:25.8,0.3,小雪,1.9,1.0,2026-09-13 02:07:51,jra,2026-09-13,50.25,65.6,38.2,49.8,42.5,48.2,48.8,履歴少
202606040412,2026-09-13,12,ラストレガシー,7.0,5.0,岩田望,58.0,,4.0,1.0,2新潟8,瀬波温泉特別(2勝クラス),1:52.8,0.4,晴,4.0,5.0,2福島1,いわき特別(2勝クラス),1:45.1,0.8,晴,1.0,1.0,1新潟2,4歳以上1勝クラス,1:53.3,-0.5,晴,2.0,4.0,1福島1,4歳以上1勝クラス,1:45.8,0.1,晴,8.0,5.0,1小倉4,障害4歳以上未勝利,3:20.2,4.1,曇,5.8,2.0,2026-09-13 02:26:41,jra,2026-09-13,62.42,79.8,45.2,89.7,48.5,55.5,48.8,履歴少 / 安定感
202609040412,2026-09-13,12,リードプリンシパル,10.0,6.0,☆田山,55.0,,7.0,12.0,3中京3,清洲特別(2勝クラス),1:12.5,0.9,曇,1.0,16.0,2中京6,3歳以上1勝クラス,1:12.2,-0.1,晴,12.0,14.0,2中京3,3歳以上1勝クラス,1:14.2,3.1,晴,8.0,13.0,1新潟4,4歳以上1勝クラス,1:12.7,1.1,晴,6.0,12.0,1福島3,4歳以上1勝クラス,1:10.0,0.8,晴,44.3,11.0,2026-09-13 02:07:51,jra,2026-09-13,63.72,55.7,99.0,24.9,48.5,76.2,48.8,前走人気以上 / 履歴少 / 人気以上に走る傾向 / 過小評価傾向
202665091301,2026-09-13,1,アサヒガール,6.0,6.0,渡来心路,590.0,,,,,,,,,,,,,,,,,,,,,,,,,,,,,,,,,,,,,,,,nar,2026-09-13,36.0,35.0,35.0,35.0,35.0,35.0,45.0,履歴少
202646091301,2026-09-13,1,アンザンタカヒロ,11.0,8.0,田知弘久,57.0,,5.0,7.0,金沢,鳩村月麦3歳のお誕生(C2),1:43.3,2.7,晴,5.0,8.0,金沢,C29,1:43.3,3.1,曇,6.0,8.0,金沢,かつののみや杯(C2),1:44.4,2.6,曇,10.0,10.0,金沢,第1回えみこた日和記(C2特別),1:38.2,2.4,晴,7.0,9.0,金沢,C211,1:45.2,4.5,曇,163.0,10.0,,nar,2026-09-13,59.13,58.9,63.7,55.3,62.0,59.4,49.6,履歴少
202636091301,2026-09-13,1,エッシャー,7.0,7.0,小林凌,56.0,,3.0,9.0,盛岡,いわてくじ山形村短角(B2),1:00.7,0.3,晴,4.0,9.0,盛岡,釜淵の滝賞(B2),1:13.2,1.7,曇,10.0,8.0,水沢,B1,0:54.5,3.6,晴,10.0,8.0,水沢,B1,0:52.8,1.7,晴,7.0,8.0,盛岡,B1,1:00.9,0.8,晴,6.9,4.0,,nar,2026-09-13,62.14,59.5,67.4,55.3,78.5,63.4,43.8,前走人気以上 / 履歴少 / 人気以上に走る傾向 / 近走上向き
202654091301,2026-09-13,1,エビスディアーナ,1.0,1.0,濱尚美,53.0,,11.0,13.0,2福島5,3歳未勝利,1:49.1,2.3,曇,16.0,16.0,1函館4,3歳未勝利,1:10.1,1.8,小雨,13.0,11.0,3中山7,3歳未勝利,1:15.0,2.9,曇,9.0,3.0,1中山8,3歳新馬,1:16.0,1.8,晴,,,,,,,,9.8,5.0,,nar,2026-09-13,33.42,13.5,44.8,0.0,60.0,47.7,50.0,総合評価
202654091301,2026-09-13,1,エーデルクラフト,11.0,8.0,多田羅誠,57.0,,9.0,12.0,2新潟5,3歳未勝利,2:00.1,1.5,晴,13.0,5.0,2新潟2,3歳未勝利,1:56.9,4.2,雨,,,,,,,,,,,,,,,,,,,,,,7.9,3.0,,nar,2026-09-13,37.84,29.9,38.0,18.0,58.7,44.9,48.8,前走人気以上 / 履歴少 / サンプル少
202654091301,2026-09-13,1,オセアスターライト,10.0,7.0,近藤翔月,56.0,,6.0,9.0,高知,3歳ー8,1:28.8,2.8,晴,10.0,14.0,2小倉1,3歳未勝利,1:46.6,2.1,曇,12.0,13.0,3阪神2,3歳未勝利,1:57.5,3.3,雨,9.0,12.0,2阪神5,3歳未勝利,1:55.8,4.0,晴,,,,,,,,19.4,11.0,,nar,2026-09-13,49.78,36.6,69.9,0.0,76.0,62.6,48.8,前走人気以上 / 履歴少 / 人気以上に走る傾向 / 近走上向き
202646091301,2026-09-13,1,オッスイレブン,3.0,3.0,甲賀弘隆,55.0,,8.0,3.0,金沢,熊谷登まだまだ現役記(C2),1:39.8,4.6,晴,6.0,12.0,金沢,金沢競馬で目指せ初勝(C2),1:42.5,1.8,晴,10.0,10.0,金沢,C29,1:46.7,6.5,曇,9.0,6.0,金沢,かつののみや杯(C2),1:46.2,4.4,曇,7.0,9.0,金沢,日本列島☆爆走!ツア(C2特別),1:37.0,2.9,晴,128.0,8.0,,nar,2026-09-13,41.63,44.5,48.2,0.0,50.0,51.6,43.8,履歴少
202646091301,2026-09-13,1,カルツァクライン,8.0,6.0,中島龍也,57.0,,2.0,1.0,金沢,鳩村月麦3歳のお誕生(C2),1:41.7,1.1,晴,14.0,15.0,2東京3,4歳以上1勝クラス,1:27.5,2.5,晴,14.0,13.0,1福島4,4歳以上1勝クラス,1:10.1,1.7,晴,15.0,13.0,1中京4,4歳以上1勝クラス,1:57.0,2.7,曇,9.0,10.0,3新潟1,3歳以上1勝クラス,1:55.9,3.1,晴,1.1,1.0,,nar,2026-09-13,47.79,31.7,46.9,30.4,100.0,48.8,51.8,クラス条件好転 / 履歴少 / 近走上向き
202665091301,2026-09-13,1,キセキヲオコセ,9.0,8.0,松本秀克,610.0,,,,,,,,,,,,,,,,,,,,,,,,,,,,,,,,,,,,,,,,nar,2026-09-13,36.0,35.0,35.0,35.0,35.0,35.0,45.0,履歴少
202636091301,2026-09-13,1,キタクイン,10.0,8.0,坂井瑛音,53.0,,11.0,9.0,盛岡,C2,1:03.1,2.3,晴,6.0,6.0,水沢,C2,0:52.9,1.0,晴,4.0,8.0,水沢,C2,0:54.1,1.2,曇,9.0,9.0,水沢,C2,0:54.4,1.8,晴,6.0,4.0,水沢,C2,0:54.2,0.7,晴,48.9,8.0,,nar,2026-09-13,42.32,47.5,49.8,19.8,21.5,52.8,47.1,履歴少 / 市場オッズ妙味
202636091301,2026-09-13,1,キタスクワート,1.0,1.0,斉藤友香,52.0,,12.0,12.0,盛岡,C2,1:03.2,2.4,晴,9.0,9.0,水沢,C2,0:54.2,3.2,雨,7.0,9.0,水沢,C2,0:54.6,1.1,晴,5.0,9.0,水沢,2026岩手競馬シー(C2),0:53.1,1.6,曇,8.0,10.0,水沢,C2,0:55.2,1.6,晴,150.5,10.0,,nar,2026-09-13,41.35,37.4,58.3,14.6,21.5,56.1,47.1,履歴少
202646091301,2026-09-13,1,クロシオカレント,9.0,7.0,魚住謙心,57.0,,4.0,3.0,金沢,江川小林ウエディング(C2),1:36.0,1.9,晴,8.0,11.0,金沢,金沢競馬で目指せ初勝(C2),1:42.9,2.2,晴,7.0,5.0,金沢,C29,1:44.5,4.3,曇,4.0,5.0,金沢,かつののみや杯(C2),1:43.8,2.0,曇,6.0,8.0,金沢,第1回えみこた日和記(C2特別),1:36.9,1.1,晴,30.0,4.0,,nar,2026-09-13,56.06,61.6,52.8,45.0,63.5,58.2,49.6,履歴少 / 市場オッズ妙味
202665091301,2026-09-13,1,クントクン,1.0,1.0,今井千尋,600.0,,,,,,,,,,,,,,,,,,,,,,,,,,,,,,,,,,,,,,,,nar,2026-09-13,36.0,35.0,35.0,35.0,35.0,35.0,45.0,履歴少
202654091301,2026-09-13,1,グラデュエール,4.0,4.0,石本純也,55.0,,13.0,17.0,2新潟3,3歳以上1勝クラス,1:09.0,0.8,曇,7.0,15.0,2福島7,3歳未勝利,1:10.2,0.7,曇,11.0,13.0,3東京2,3歳未勝利,1:27.8,2.0,曇,11.0,14.0,2東京7,3歳未勝利,1:27.8,1.5,晴,6.0,13.0,3中山7,3歳未勝利,1:13.1,1.0,曇,12.5,9.0,,nar,2026-09-13,45.23,27.2,83.4,0.0,24.5,69.0,50.0,前走人気以上 / 人気以上に走る傾向 / 過小評価傾向 / 市場オッズ妙味
202646091301,2026-09-13,1,コロラマ,4.0,4.0,浅野登生,54.0,,5.0,7.0,金沢,ばにちゃん&まいちゃ(C2),1:42.1,1.4,晴,3.0,9.0,金沢,能登復興支援能登金剛(C2),1:43.7,2.1,曇,9.0,10.0,金沢,☆ひなの&はるかお誕(C2特別),1:36.8,1.6,晴,8.0,4.0,金沢,C211,1:37.5,1.9,晴,3.0,7.0,金沢,C212,1:35.9,1.1,曇,55.3,6.0,,nar,2026-09-13,61.46,63.8,64.9,65.7,54.5,59.4,52.9,金沢実績 / 履歴少 / 安定感
202636091301,2026-09-13,1,コンバットベラ,2.0,2.0,岩本怜,54.0,,6.0,5.0,水沢,C2,0:53.6,0.9,曇,6.0,4.0,盛岡,C2八組,1:16.9,3.2,曇,9.0,8.0,門別,優駿の里安平町SRK(C4),1:05.6,2.6,晴,12.0,9.0,門別,3歳以上C4ー3,1:05.5,3.2,曇,9.0,10.0,門別,3歳以上C4ー3,1:05.7,2.2,曇,42.8,7.0,,nar,2026-09-13,42.46,45.8,40.7,0.0,68.0,48.9,48.8,履歴少 / 近走上向き / 市場オッズ妙味
202665091301,2026-09-13,1,サカノシップー,7.0,7.0,中山直樹,610.0,,,,,,,,,,,,,,,,,,,,,,,,,,,,,,,,,,,,,,,,nar,2026-09-13,36.0,35.0,35.0,35.0,35.0,35.0,45.0,履歴少
202646091301,2026-09-13,1,ジェムストンパワー,10.0,7.0,松戸政也,57.0,,2.0,2.0,金沢,熊谷登まだまだ現役記(C2),1:35.3,0.1,晴,7.0,5.0,金沢,鳩村月麦3歳のお誕生(C2),1:43.7,3.1,晴,8.0,4.0,金沢,C29,1:44.7,4.5,曇,12.0,9.0,大井,C3五,1:18.3,3.2,曇,7.0,9.0,大井,C3五,1:16.9,1.7,曇,31.1,5.0,,nar,2026-09-13,51.53,56.7,39.4,30.4,89.0,50.2,48.5,履歴少 / 近走上向き / 市場オッズ妙味
202646091301,2026-09-13,1,ジャスミンガール,7.0,6.0,服部大地,55.0,,7.0,8.0,金沢,熊谷登まだまだ現役記(C2),1:37.0,1.8,晴,8.0,8.0,金沢,鳩村月麦3歳のお誕生(C2),1:45.2,4.6,晴,9.0,8.0,金沢,金沢競馬で目指せ初勝(C2),1:39.1,4.5,晴,8.0,9.0,金沢,かつののみや杯(C2),1:45.6,3.8,曇,10.0,10.0,金沢,日本列島☆爆走!ツア(C2特別),1:39.7,5.6,晴,188.0,12.0,,nar,2026-09-13,43.47,43.2,51.8,0.0,60.5,52.2,43.8,履歴少
202665091301,2026-09-13,1,ジュンクン,8.0,8.0,中原蓮,610.0,,,,,,,,,,,,,,,,,,,,,,,,,,,,,,,,,,,,,,,,nar,2026-09-13,36.0,35.0,35.0,35.0,35.0,35.0,45.0,履歴少
202636091301,2026-09-13,1,タマモオペラ,8.0,7.0,南郷家全,54.0,,11.0,8.0,盛岡,C2,1:01.9,1.9,曇,4.0,6.0,盛岡,C2,1:01.0,1.7,曇,4.0,7.0,盛岡,C2,1:01.2,0.9,晴,7.0,11.0,盛岡,C2,1:01.3,1.7,晴,6.0,8.0,盛岡,C2,1:01.3,0.7,曇,32.3,6.0,,nar,2026-09-13,49.41,53.8,56.8,44.7,15.5,61.5,48.8,履歴少 / 市場オッズ妙味
202646091301,2026-09-13,1,チアフルマノン,12.0,8.0,鈴木太一,55.0,,4.0,7.0,金沢,熊谷登まだまだ現役記(C2),1:35.8,0.6,晴,6.0,9.0,金沢,鳩村月麦3歳のお誕生(C2),1:43.6,3.0,晴,9.0,9.0,金沢,C29,1:45.3,5.1,曇,,,金沢,C211,,,曇,8.0,8.0,金沢,C212,1:45.1,4.1,晴,131.7,9.0,,nar,2026-09-13,56.61,58.2,63.6,30.4,72.0,57.5,47.1,前走人気以上 / 履歴少 / 近走上向き
202654091301,2026-09-13,1,チアフルラン,12.0,8.0,永森大智,57.0,,10.0,15.0,2中京3,3歳未勝利,1:59.7,5.1,晴,6.0,11.0,3京都7,3歳未勝利,1:54.7,1.3,晴,11.0,13.0,3京都3,3歳未勝利,1:55.2,2.6,晴,10.0,9.0,2阪神7,3歳未勝利,1:14.5,2.9,晴,10.0,8.0,1阪神6,3歳未勝利,1:14.9,1.0,曇,5.1,2.0,,nar,2026-09-13,44.76,34.4,69.7,0.0,45.5,57.7,48.8,前走人気以上 / 履歴少 / 人気以上に走る傾向
202636091301,2026-09-13,1,ティルナノーグ,5.0,5.0,関本玲花,54.0,,8.0,2.0,水沢,C2,0:53.7,1.0,曇,4.0,6.0,盛岡,C2,1:01.7,0.6,曇,3.0,8.0,盛岡,C2,1:01.0,0.9,晴,8.0,9.0,盛岡,C2,1:02.2,2.1,晴,9.0,7.0,盛岡,C2,1:02.7,1.7,晴,17.5,5.0,,nar,2026-09-13,51.37,59.1,47.2,44.7,38.0,62.2,48.8,履歴少 / 市場オッズ妙味
202665091301,2026-09-13,1,トウヤノハッピー,5.0,5.0,菊池一樹,590.0,,,,,,,,,,,,,,,,,,,,,,,,,,,,,,,,,,,,,,,,nar,2026-09-13,36.0,35.0,35.0,35.0,35.0,35.0,45.0,履歴少
202654091301,2026-09-13,1,トーアアグネス,6.0,5.0,城野慈尚,55.0,,13.0,16.0,1新潟5,3歳未勝利,0:57.1,2.2,晴,17.0,18.0,1小倉12,3歳未勝利,1:11.8,2.4,晴,15.0,13.0,5阪神3,2歳未勝利,1:28.9,3.4,晴,9.0,15.0,4京都5,2歳未勝利,1:10.6,2.0,晴,12.0,11.0,4阪神9,2歳新馬,1:25.1,0.8,晴,10.7,6.0,,nar,2026-09-13,35.8,7.7,60.8,0.0,51.5,57.2,48.8,前走人気以上 / 履歴少
202654091301,2026-09-13,1,ナムラコハル,8.0,6.0,木村直輝,55.0,,12.0,6.0,高知,3歳ー8,1:35.3,9.3,晴,13.0,13.0,3東京3,3歳未勝利,1:26.6,2.2,晴,9.0,12.0,1東京5,3歳新馬,1:29.5,2.5,晴,,,,,,,,,,,,,,,35.3,12.0,,nar,2026-09-13,30.46,15.7,38.5,0.0,44.0,47.7,48.8,履歴少
202665091301,2026-09-13,1,ハゴロモコスモス,4.0,4.0,西将太,610.0,,,,,,,,,,,,,,,,,,,,,,,,,,,,,,,,,,,,,,,,nar,2026-09-13,36.0,35.0,35.0,35.0,35.0,35.0,45.0,履歴少
202665091301,2026-09-13,1,ハゴロモリュウセイ,2.0,2.0,西謙一,590.0,,,,,,,,,,,,,,,,,,,,,,,,,,,,,,,,,,,,,,,,nar,2026-09-13,36.18,35.0,35.0,35.0,35.0,35.0,46.8,履歴少
202636091301,2026-09-13,1,ハートループ,3.0,3.0,阿部英俊,54.0,,2.0,1.0,水沢,C2,0:53.2,0.5,曇,10.0,7.0,盛岡,C2,1:01.4,2.1,晴,3.0,6.0,盛岡,C1,1:00.5,1.2,曇,4.0,8.0,盛岡,C1,1:15.1,0.6,晴,9.0,7.0,盛岡,C1,1:02.0,2.1,曇,3.6,2.0,,nar,2026-09-13,60.18,66.3,49.4,64.7,77.0,56.1,48.8,履歴少 / 近走上向き / 安定感
202636091301,2026-09-13,1,ビップレジアス,9.0,8.0,塚本涼人,54.0,,6.0,9.0,盛岡,B2,1:14.1,2.0,曇,11.0,11.0,名古屋,伊勢湾特別(C),1:55.5,3.2,晴,10.0,10.0,名古屋,南知多特別(C),1:40.3,2.5,晴,9.0,9.0,名古屋,天の川疾風戦(B),0:57.0,2.4,小雨,9.0,9.0,名古屋,レサト賞(B),1:32.0,1.2,晴,2.3,1.0,,nar,2026-09-13,45.38,37.7,56.4,0.0,72.5,52.9,51.8,クラス条件好転 / 前走人気以上 / 近走上向き
202636091301,2026-09-13,1,ファイストス,4.0,4.0,菅原辰徳,54.0,,5.0,3.0,水沢,C2,0:51.5,0.5,雨,5.0,6.0,盛岡,C2六組,1:14.5,0.7,曇,,,盛岡,C2五組,,,曇,7.0,2.0,盛岡,C2五組,1:15.0,1.0,晴,1.0,4.0,大井,C3五,1:15.2,-0.6,曇,4.3,3.0,,nar,2026-09-13,55.55,69.2,43.2,65.7,46.0,53.8,48.8,履歴少 / 安定感
202646091301,2026-09-13,1,フィーユポワソン,5.0,5.0,柴田勇真,55.0,,7.0,7.0,金沢,和司☆咲希結婚記念(C2),1:44.1,4.7,曇,7.0,11.0,金沢,祝!比嘉賢二還暦記念(C2特別),1:36.2,2.2,晴,8.0,10.0,金沢,C210,1:45.8,3.1,晴,7.0,8.0,金沢,C211,1:46.4,3.2,曇,7.0,9.0,金沢,C27,1:39.0,3.5,雨,167.1,11.0,,nar,2026-09-13,48.01,50.4,62.2,0.0,51.5,58.5,46.0,クラス条件好転 / 履歴少
202646091301,2026-09-13,1,ブラックエンペラー,2.0,2.0,沖静男,57.0,,8.0,6.0,金沢,C22,1:45.0,7.3,晴,3.0,3.0,金沢,鳩村月麦3歳のお誕生(C2),1:42.0,1.4,晴,10.0,8.0,船橋,C3五,1:19.4,2.5,曇,5.0,5.0,船橋,3歳三,1:18.1,2.1,晴,3.0,4.0,船橋,3歳四,1:18.0,2.5,曇,15.5,3.0,,nar,2026-09-13,50.34,58.4,43.7,49.8,33.5,59.7,51.2,金沢実績 / 履歴少 / 市場オッズ妙味
202665091301,2026-09-13,1,プライムチョウター,3.0,3.0,村上章,610.0,,,,,,,,,,,,,,,,,,,,,,,,,,,,,,,,,,,,,,,,nar,2026-09-13,36.0,35.0,35.0,35.0,35.0,35.0,45.0,履歴少
202654091301,2026-09-13,1,ベンテンカグラ,5.0,5.0,山崎雅由,55.0,,7.0,5.0,高知,3歳ー8,1:29.1,3.1,晴,9.0,7.0,2福島2,3歳未勝利,1:09.3,0.9,晴,7.0,17.0,1中京6,3歳未勝利,1:09.6,0.8,晴,15.0,10.0,5東京6,2歳未勝利,1:42.6,4.9,晴,14.0,14.0,5東京2,2歳未勝利,1:36.5,1.6,小雨,13.4,10.0,,nar,2026-09-13,43.56,35.1,51.0,0.0,75.5,54.1,48.8,履歴少 / 近走上向き / 市場オッズ妙味
202646091301,2026-09-13,1,マイネルイグザルト,6.0,5.0,栗原大河,57.0,,8.0,8.0,園田,厩橋7ハロンC2一,1:35.8,4.7,晴,6.0,3.0,園田,C2一,1:34.6,2.2,晴,10.0,9.0,1函館6,臥牛山特別(1勝クラス),1:48.1,1.2,晴,10.0,12.0,3中山3,4歳以上1勝クラス,2:03.7,1.7,雨,14.0,12.0,1阪神4,4歳以上1勝クラス,1:46.7,0.8,晴,9.2,2.0,,nar,2026-09-13,40.48,37.9,44.0,0.0,62.0,49.9,48.8,履歴少
202654091301,2026-09-13,1,ヤマニンルーバス,7.0,6.0,塚本直之,52.0,,12.0,12.0,2福島8,3歳未勝利,1:50.2,3.3,晴,16.0,8.0,2東京12,3歳未勝利,1:36.1,2.3,晴,,,,,,,,,,,,,,,,,,,,,,11.1,7.0,,nar,2026-09-13,33.81,21.6,31.6,18.0,58.7,42.6,50.0,サンプル少
202654091301,2026-09-13,1,ヤマメナイト,3.0,3.0,新庄海誠,57.0,,11.0,7.0,2新潟4,3歳未勝利,1:56.8,2.9,曇,7.0,12.0,3東京6,3歳未勝利,2:12.0,0.8,曇,7.0,12.0,3中山2,3歳未勝利,2:14.1,1.5,晴,9.0,10.0,2中山7,3歳未勝利,2:15.9,2.3,晴,10.0,10.0,2中山3,3歳未勝利,2:17.0,1.4,晴,12.2,8.0,,nar,2026-09-13,41.44,37.5,58.1,0.0,33.5,57.9,48.8,履歴少 / 市場オッズ妙味
202654091301,2026-09-13,1,リアルパラダイス,2.0,2.0,赤岡修次,57.0,,8.0,12.0,2福島8,3歳未勝利,1:48.8,2.4,晴,9.0,12.0,2福島4,3歳未勝利,1:09.7,2.0,晴,10.0,11.0,2東京7,3歳未勝利,1:21.4,2.0,晴,,,,,,,,,,,,,,,4.8,1.0,,nar,2026-09-13,47.58,37.1,70.1,0.0,59.0,60.4,48.1,前走人気以上 / 人気以上に走る傾向
202636091301,2026-09-13,1,リトルプリンセス,6.0,6.0,鈴木祐,54.0,,6.0,7.0,盛岡,C2,1:02.4,1.9,小雨,5.0,5.0,水沢,C2,0:54.1,0.6,晴,4.0,5.0,水沢,2026岩手競馬シー(C2),0:53.0,1.5,曇,5.0,8.0,水沢,C2,0:55.0,1.4,晴,4.0,9.0,川崎,3歳6,1:37.2,1.1,曇,51.6,9.0,,nar,2026-09-13,61.1,68.0,60.2,69.6,41.0,60.0,59.5,水沢実績 / 履歴少 / 安定感
202654091301,2026-09-13,1,ワンダーミューズ,9.0,7.0,岡村卓弥,55.0,,7.0,11.0,2中京7,3歳未勝利,1:13.6,1.8,晴,7.0,4.0,名古屋,名古屋CCピーチ賞(3歳),1:36.9,1.1,晴,13.0,7.0,1中京6,3歳未勝利,1:28.4,3.4,晴,,,,,,,,,,,,,,,8.6,4.0,,nar,2026-09-13,41.03,39.4,43.3,0.0,68.0,47.0,48.8,前走人気以上 / 履歴少 / 近走上向き
202646091301,2026-09-13,1,ヴェリーヌ,1.0,1.0,平瀬城久,55.0,,6.0,6.0,金沢,江川小林ウエディング(C2),1:36.8,2.7,晴,10.0,10.0,金沢,ばにちゃん&まいちゃ(C2),1:45.9,5.2,晴,8.0,7.0,金沢,金沢競馬で目指せ初勝(C2),1:37.6,3.0,晴,3.0,4.0,金沢,かつののみや杯(C2),1:43.6,1.8,曇,5.0,9.0,金沢,C29,1:44.4,5.5,晴,74.4,7.0,,nar,2026-09-13,49.54,53.2,52.5,24.9,53.0,55.2,49.6,履歴少
202665091302,2026-09-13,2,アアモンドタイガー,10.0,8.0,渡来心路,480.0,,,,,,,,,,,,,,,,,,,,,,,,,,,,,,,,,,,,,,,,nar,2026-09-13,36.0,35.0,35.0,35.0,35.0,35.0,45.0,履歴少
202636091302,2026-09-13,2,アドマイヤハイジ,6.0,6.0,大坪慎,54.0,,6.0,10.0,盛岡,C2七組,1:15.6,1.3,雨,5.0,6.0,盛岡,C2八組,1:16.4,2.0,晴,7.0,8.0,盛岡,C2九組,1:15.3,3.1,曇,6.0,6.0,盛岡,C2八組,1:17.2,2.9,曇,9.0,8.0,盛岡,C2八組,1:18.5,4.2,曇,54.2,8.0,,nar,2026-09-13,53.19,57.9,60.9,24.9,54.5,55.9,50.0,前走人気以上
202654091302,2026-09-13,2,アピールパワー,8.0,6.0,郷間勇太,57.0,,9.0,11.0,高知,3歳ー7,1:31.7,4.7,晴,12.0,11.0,高知,ファイナルレース(3歳),0:51.9,2.5,晴,10.0,11.0,高知,3歳ー7,1:30.9,5.5,晴,9.0,8.0,高知,3歳ー6,1:28.6,5.2,曇,12.0,12.0,高知,黒潮皐月賞(重賞),1:40.9,12.9,雨,72.9,11.0,,nar,2026-09-13,39.09,26.0,52.9,0.0,60.5,51.6,46.5,総合評価
202654091302,2026-09-13,2,ウインスフェーン,5.0,5.0,石本純也,55.0,,11.0,11.0,高知,3歳ー8,1:31.0,5.0,晴,16.0,10.0,2福島1,3歳未勝利,1:50.0,2.1,晴,15.0,10.0,1中京2,3歳未勝利,1:37.8,2.9,晴,,,,,,,,,,,,,,,60.0,10.0,,nar,2026-09-13,28.29,8.1,26.8,0.0,77.0,39.0,48.8,履歴少 / 近走上向き
202646091302,2026-09-13,2,エイチエヌハーモニ,10.0,8.0,塚本征吾,57.0,,5.0,2.0,金沢,C22,1:41.0,3.3,晴,2.0,1.0,金沢,ばにちゃん&まいちゃ(C2),1:41.4,0.7,晴,2.0,2.0,金沢,C29,1:41.5,1.3,曇,1.0,2.0,名古屋,えにいつもありがとう(C),1:37.2,0.0,晴,2.0,2.0,名古屋,C10組,1:31.7,0.7,曇,1.4,1.0,,nar,2026-09-13,62.87,85.9,42.9,100.0,30.5,49.5,59.5,金沢実績 / 履歴少 / 安定感
202665091302,2026-09-13,2,オオゾラタイショウ,2.0,2.0,赤塚健仁,500.0,,,,,,,,,,,,,,,,,,,,,,,,,,,,,,,,,,,,,,,,nar,2026-09-13,36.0,35.0,35.0,35.0,35.0,35.0,45.0,履歴少
202665091302,2026-09-13,2,カイセイプリンス,6.0,6.0,鈴木恵介,500.0,,,,,,,,,,,,,,,,,,,,,,,,,,,,,,,,,,,,,,,,nar,2026-09-13,36.0,35.0,35.0,35.0,35.0,35.0,45.0,履歴少
202646091302,2026-09-13,2,カフェランデブー,6.0,6.0,鈴木太一,55.0,,2.0,4.0,金沢,C22,1:39.1,1.4,晴,1.0,2.0,金沢,鳩村月麦3歳のお誕生(C2),1:40.6,-1.1,晴,3.0,3.0,金沢,C29,1:41.6,1.4,曇,10.0,11.0,川崎,ファイナルアンサー賞(C2),1:41.2,1.7,曇,10.0,9.0,浦和,C2三 四,1:39.7,2.2,晴,4.0,2.0,,nar,2026-09-13,66.86,76.5,56.3,75.1,74.0,57.9,59.5,金沢実績 / 履歴少 / 近走上向き / 安定感
202646091302,2026-09-13,2,キトキト,8.0,7.0,吉原寛人,55.0,,4.0,9.0,金沢,C22,1:40.9,3.2,晴,5.0,5.0,金沢,金沢競馬で目指せ初勝(C2),1:41.7,1.0,晴,4.0,6.0,金沢,金沢競馬で目指せ初勝(C2),1:36.0,1.4,晴,6.0,3.0,金沢,佐藤家&生頼家★結婚(C2),1:44.5,4.0,晴,5.0,5.0,金沢,C28,1:42.5,2.5,晴,9.4,3.0,,nar,2026-09-13,65.6,70.8,60.3,85.4,56.0,62.1,56.2,金沢実績 / 前走人気以上 / 履歴少 / 安定感
202646091302,2026-09-13,2,ギャクテンオー,5.0,5.0,栗原大河,57.0,,5.0,7.0,金沢,春日部「おれん家」1(C2),1:35.5,2.2,晴,5.0,8.0,金沢,祝!健二郎還暦おめで(C2),1:35.4,1.8,晴,7.0,6.0,金沢,フィフスザ中村メシア(C2),1:44.2,3.6,曇,5.0,7.0,金沢,佐藤家&生頼家★結婚(C2),1:44.1,3.6,晴,7.0,5.0,金沢,第1回えみこた日和記(C2特別),1:37.0,1.2,晴,47.9,7.0,,nar,2026-09-13,60.42,63.2,58.7,69.9,56.0,58.9,52.9,金沢実績 / 履歴少 / 安定感 / 市場オッズ妙味
202654091302,2026-09-13,2,クラックミーアップ,7.0,6.0,新庄海誠,57.0,,3.0,4.0,高知,3歳ー8,1:27.6,1.6,晴,11.0,14.0,2福島4,3歳未勝利,1:49.6,1.2,晴,12.0,11.0,2東京2,3歳未勝利,1:47.7,1.0,晴,11.0,10.0,1中山1,3歳新馬,2:04.8,0.8,晴,,,,,,,,3.1,1.0,,nar,2026-09-13,52.56,39.9,55.5,30.4,100.0,52.9,50.0,前走人気以上 / 近走上向き
202654091302,2026-09-13,2,クレレガール,10.0,7.0,大澤誠志,55.0,,8.0,10.0,高知,3歳ー7,1:29.8,2.8,晴,7.0,8.0,高知,3歳ー8,0:52.2,3.3,晴,,,高知,3歳ー7,,,雨,10.0,11.0,高知,3歳ー6,1:37.6,4.7,晴,7.0,8.0,高知,3歳ー5,1:28.0,2.1,晴,143.2,12.0,,nar,2026-09-13,45.25,44.6,59.7,0.0,50.0,55.6,46.5,総合評価
202636091302,2026-09-13,2,グロー,9.0,8.0,山本聡紀,56.0,,8.0,6.0,水沢,C2十組,1:26.5,4.5,曇,7.0,12.0,盛岡,B2,1:39.4,1.1,雨,10.0,10.0,盛岡,C1四組,1:28.3,1.8,曇,9.0,9.0,盛岡,OROターフ特別(OP),1:41.1,4.2,曇,11.0,11.0,盛岡,ロス・トランキーロス(C1),1:28.8,3.5,曇,17.5,6.0,,nar,2026-09-13,43.84,39.2,54.5,0.0,57.5,55.1,51.8,クラス条件好転 / 履歴少 / 市場オッズ妙味
202636091302,2026-09-13,2,ゴールデンシロップ,8.0,8.0,坂井瑛音,55.0,,11.0,11.0,盛岡,OROターフ特別(OP),1:39.9,2.8,曇,13.0,13.0,盛岡,岩手県知事杯OROカ(重賞),1:45.9,2.0,曇,8.0,7.0,盛岡,OROターフ特別(OP),1:40.2,3.3,曇,11.0,10.0,盛岡,いしがきマイラーズ(重賞),1:38.2,1.9,小雨,12.0,8.0,盛岡,せきれい賞(重賞),2:35.1,3.1,曇,12.0,2.0,,nar,2026-09-13,34.33,19.9,44.7,0.0,50.0,48.9,51.8,クラス条件好転
202636091302,2026-09-13,2,サトノメドーサ,2.0,2.0,阿部英俊,54.0,,5.0,8.0,水沢,C2十組,1:24.1,2.1,曇,7.0,10.0,盛岡,いわて北緯40度八幡(B1),1:42.5,2.1,晴,8.0,8.0,盛岡,親子で学ぶ!味覚とテ(B1),1:41.5,2.5,小雨,7.0,7.0,園田,B1,1:34.2,3.4,晴,9.0,10.0,園田,夏至特別A2B1,1:33.2,4.0,雨,16.2,5.0,,nar,2026-09-13,55.66,53.6,62.3,30.4,66.5,63.4,51.8,クラス条件好転 / 前走人気以上 / 履歴少 / 近走上向き
202646091302,2026-09-13,2,サノケン,4.0,4.0,中島龍也,57.0,,6.0,5.0,金沢,C22,1:41.1,3.4,晴,3.0,2.0,金沢,ばにちゃん&まいちゃ(C2),1:41.4,0.7,晴,4.0,6.0,金沢,C29,1:42.6,2.4,曇,6.0,4.0,金沢,能登復興支援能登金剛(C2),1:44.1,2.5,曇,4.0,7.0,金沢,C29,1:43.0,4.1,晴,12.7,4.0,,nar,2026-09-13,56.82,70.8,49.0,55.0,39.5,61.5,52.9,金沢実績 / 履歴少 / 市場オッズ妙味
202665091302,2026-09-13,2,サンルックコンノ,1.0,1.0,島津新,500.0,,,,,,,,,,,,,,,,,,,,,,,,,,,,,,,,,,,,,,,,nar,2026-09-13,36.0,35.0,35.0,35.0,35.0,35.0,45.0,履歴少
202646091302,2026-09-13,2,シュンレツ,9.0,8.0,甲賀弘隆,57.0,,9.0,9.0,金沢,金沢競馬で目指せ初勝(C2),1:43.0,2.3,晴,11.0,7.0,金沢,フィフスザ中村メシア(C2),1:46.5,5.9,曇,4.0,8.0,金沢,佐藤家&生頼家★結婚(C2),1:43.9,3.4,晴,10.0,7.0,金沢,C29,1:47.8,6.4,晴,5.0,6.0,金沢,C29,1:35.1,1.1,曇,126.0,10.0,,nar,2026-09-13,43.39,42.1,46.2,30.1,41.0,50.3,49.6,履歴少
202646091302,2026-09-13,2,ジーマックス,7.0,7.0,柴田勇真,57.0,,7.0,4.0,金沢,春日部「おれん家」1(C2),1:36.0,2.7,晴,6.0,3.0,金沢,ばにちゃん&まいちゃ(C2),1:43.0,2.3,晴,5.0,3.0,金沢,フィフスザ中村メシア(C2),1:43.7,3.1,曇,4.0,8.0,金沢,能登復興支援能登金剛(C2),1:43.8,2.2,曇,4.0,6.0,金沢,第1回えみこた日和記(C2特別),1:36.8,1.0,晴,44.3,6.0,,nar,2026-09-13,50.28,63.1,41.1,44.7,36.5,55.0,52.9,金沢実績 / 履歴少 / 市場オッズ妙味
202654091302,2026-09-13,2,スズカローズキング,3.0,3.0,城野慈尚,57.0,,12.0,8.0,2小倉7,3歳未勝利,0:59.8,1.5,曇,6.0,4.0,園田,JRA交流氷ノ山特別,1:32.8,2.7,曇,11.0,14.0,1中京5,3歳未勝利,1:36.1,1.7,晴,13.0,7.0,4京都6,2歳未勝利,1:59.8,5.8,晴,10.0,4.0,3京都10,2歳新馬,1:55.8,3.7,晴,6.8,4.0,,nar,2026-09-13,30.57,26.0,31.7,0.0,38.0,42.4,51.8,クラス条件好転
202654091302,2026-09-13,2,スマートジャスミン,1.0,1.0,山崎雅由,55.0,,14.0,10.0,1中京3,3歳未勝利,1:16.2,3.0,晴,,,,,,,,,,,,,,,,,,,,,,,,,,,,,8.5,6.0,,nar,2026-09-13,34.96,29.6,34.5,29.6,40.6,36.2,48.8,履歴少 / サンプル少
202646091302,2026-09-13,2,ズッシーノ,2.0,2.0,吉田晃浩,57.0,,7.0,6.0,金沢,ばにちゃん&まいちゃ(C2),1:43.6,2.9,晴,7.0,4.0,金沢,佐藤家&生頼家★結婚(C2),1:45.3,4.8,晴,6.0,3.0,金沢,C29,1:36.8,1.9,曇,5.0,6.0,金沢,道嵩くん華奈ちゃん結(C2),1:35.7,3.2,晴,6.0,8.0,金沢,C29,1:42.8,1.1,晴,92.1,9.0,,nar,2026-09-13,44.38,56.7,41.0,14.6,44.0,50.0,46.3,履歴少
202654091302,2026-09-13,2,ゼンノボニータ,6.0,5.0,永森大智,57.0,,4.0,10.0,高知,3歳ー8,1:28.3,2.3,晴,6.0,7.0,高知,3歳ー4,1:50.4,1.8,晴,9.0,8.0,高知,3歳ー6,1:33.5,4.8,曇,6.0,9.0,高知,3歳ー7,1:27.0,1.6,晴,16.0,14.0,2阪神1,3歳未勝利,1:16.0,3.5,晴,10.3,7.0,,nar,2026-09-13,57.64,53.9,64.7,30.4,81.5,62.0,49.0,前走人気以上 / 近走上向き
202636091302,2026-09-13,2,ダンシングラブリー,1.0,1.0,岩本怜,54.0,,9.0,9.0,名古屋,アジア・アジアパラ応(B),1:45.7,8.3,晴,9.0,10.0,名古屋,庄内新川橋賞(B),1:33.6,2.4,晴,10.0,10.0,名古屋,いがまんじゅう賞(B),1:39.5,2.4,曇,10.0,10.0,名古屋,B9組,1:40.7,3.3,晴,12.0,12.0,名古屋,920m戦小梅賞(B),0:58.7,2.6,曇,13.9,3.0,,nar,2026-09-13,40.31,30.8,51.7,0.0,57.5,53.6,48.8,履歴少 / 市場オッズ妙味
202654091302,2026-09-13,2,チェラブ,4.0,4.0,近藤翔月,54.0,,9.0,7.0,高知,3歳ー8,1:30.7,4.7,晴,18.0,18.0,2小倉2,3歳未勝利,1:12.4,3.4,曇,12.0,15.0,2阪神4,3歳未勝利,1:13.8,2.8,晴,14.0,16.0,1阪神6,3歳未勝利,1:16.1,2.2,曇,,,,,,,,14.7,9.0,,nar,2026-09-13,39.47,14.8,52.2,0.0,84.0,56.0,48.8,履歴少 / 近走上向き / 市場オッズ妙味
202665091302,2026-09-13,2,ツカサヤンキース,7.0,7.0,今井千尋,490.0,,,,,,,,,,,,,,,,,,,,,,,,,,,,,,,,,,,,,,,,nar,2026-09-13,36.18,35.0,35.0,35.0,35.0,35.0,46.8,履歴少
202665091302,2026-09-13,2,ツナガルキズナ,8.0,7.0,金田利貴,480.0,,,,,,,,,,,,,,,,,,,,,,,,,,,,,,,,,,,,,,,,nar,2026-09-13,36.0,35.0,35.0,35.0,35.0,35.0,45.0,履歴少
202654091302,2026-09-13,2,トーアイクタチ,12.0,8.0,多田羅誠,57.0,,6.0,5.0,高知,3歳ー7,1:28.9,1.9,晴,5.0,4.0,高知,3歳ー4,1:50.2,1.6,晴,5.0,10.0,高知,3歳ー6,1:31.6,2.9,曇,8.0,5.0,高知,3歳ー7,1:27.4,2.0,晴,,,,,,,,6.4,3.0,,nar,2026-09-13,53.8,61.4,50.0,44.7,50.0,57.9,51.5,高知実績
202665091302,2026-09-13,2,ハローエース,4.0,4.0,村上章,500.0,,,,,,,,,,,,,,,,,,,,,,,,,,,,,,,,,,,,,,,,nar,2026-09-13,36.0,35.0,35.0,35.0,35.0,35.0,45.0,履歴少
202646091302,2026-09-13,2,ビッグタイマー,3.0,3.0,魚住謙心,57.0,,6.0,5.0,金沢,春日部「おれん家」1(C2),1:35.7,2.4,晴,7.0,4.0,金沢,祝!健二郎還暦おめで(C2),1:36.2,2.6,晴,3.0,8.0,金沢,琴音ちゃん20歳おめ(C2),1:36.2,1.6,曇,9.0,8.0,金沢,C27,1:37.4,3.4,晴,2.0,6.0,金沢,C29,1:35.5,0.6,曇,64.3,8.0,,nar,2026-09-13,51.62,62.6,51.4,30.1,45.5,55.2,49.6,履歴少
202636091302,2026-09-13,2,ピースオブライツ,4.0,4.0,佐々木志,54.0,,8.0,10.0,門別,3歳以上C4ー2,1:03.8,1.8,晴,11.0,12.0,門別,3歳以上C4ー2,1:04.3,2.4,曇,11.0,11.0,門別,3歳以上C4ー2,1:04.1,2.1,雨,8.0,9.0,門別,3歳以上C4ー2,1:04.5,2.2,晴,8.0,3.0,盛岡,C2,1:06.2,4.6,晴,14.9,4.0,,nar,2026-09-13,41.42,33.3,53.4,0.0,59.0,52.4,48.8,履歴少 / 市場オッズ妙味
202636091302,2026-09-13,2,ポイントバック,3.0,3.0,南郷家全,56.0,,9.0,7.0,水沢,C2十組,1:26.5,4.5,曇,8.0,9.0,盛岡,C2七組,1:16.8,2.5,雨,7.0,8.0,盛岡,C2八組,1:17.4,3.7,曇,8.0,8.0,盛岡,C2九組,1:17.0,5.4,曇,8.0,9.0,盛岡,C2八組,1:17.5,3.2,曇,54.1,7.0,,nar,2026-09-13,41.4,43.1,49.6,0.0,42.5,52.2,50.0,総合評価
202646091302,2026-09-13,2,マジックスクロール,1.0,1.0,浅野登生,54.0,,7.0,8.0,金沢,C22,1:42.8,5.1,晴,4.0,4.0,金沢,ばにちゃん&まいちゃ(C2),1:42.0,1.3,晴,6.0,4.0,金沢,金沢競馬で目指せ初勝(C2),1:36.2,1.6,晴,2.0,10.0,金沢,能登復興支援能登金剛(C2),1:43.3,1.7,曇,4.0,8.0,金沢,日本列島☆爆走!ツア(C2特別),1:36.2,2.1,晴,33.4,5.0,,nar,2026-09-13,57.5,67.9,60.4,49.8,32.0,63.4,52.9,金沢実績 / 履歴少 / 市場オッズ妙味
202654091302,2026-09-13,2,マリノフォルトゥナ,2.0,2.0,,,,10.0,4.0,高知,3歳ー7,1:32.2,5.2,晴,,12.0,3中山7,3歳未勝利,,,曇,11.0,10.0,3中山3,3歳未勝利,1:15.2,3.1,雨,,,,,,,,,,,,,,,,,,nar,2026-09-13,33.98,31.7,30.0,18.0,48.8,35.9,48.8,履歴少 / サンプル少
202665091302,2026-09-13,2,モエタカハート,3.0,3.0,西謙一,480.0,,,,,,,,,,,,,,,,,,,,,,,,,,,,,,,,,,,,,,,,nar,2026-09-13,36.0,35.0,35.0,35.0,35.0,35.0,45.0,履歴少
202665091302,2026-09-13,2,ヤマノレガシー,9.0,8.0,西将太,480.0,,,,,,,,,,,,,,,,,,,,,,,,,,,,,,,,,,,,,,,,nar,2026-09-13,36.0,35.0,35.0,35.0,35.0,35.0,45.0,履歴少
202636091302,2026-09-13,2,ラストパラダイス,5.0,5.0,鈴木祐,56.0,,7.0,9.0,水沢,C2十組,1:26.3,4.3,曇,10.0,8.0,盛岡,C2七組,1:17.1,2.8,雨,8.0,7.0,盛岡,C2八組,1:18.2,4.5,曇,8.0,8.0,盛岡,C2八組,1:18.6,4.2,晴,9.0,9.0,盛岡,C2八組,1:18.7,4.2,曇,75.6,9.0,,nar,2026-09-13,42.8,41.6,49.4,0.0,60.5,50.3,50.0,総合評価
202654091302,2026-09-13,2,リフルフォース,9.0,7.0,井上瑛太,55.0,,15.0,9.0,2中京7,3歳未勝利,1:22.8,3.0,曇,15.0,6.0,2小倉3,3歳未勝利,1:10.7,1.4,雨,16.0,5.0,3京都9,3歳未勝利,1:09.8,1.4,曇,6.0,2.0,2京都4,3歳新馬,1:37.9,1.0,晴,,,,,,,,5.6,2.0,,nar,2026-09-13,15.67,9.8,0.0,0.0,34.0,27.5,50.0,総合評価
202654091302,2026-09-13,2,リュネヴィル,11.0,8.0,岡村健司,55.0,,16.0,18.0,2中京4,3歳未勝利,2:01.7,2.0,晴,16.0,16.0,2小倉2,3歳未勝利,1:50.0,2.8,曇,15.0,16.0,3阪神4,3歳未勝利,2:15.5,3.8,曇,7.0,8.0,4京都2,2歳新馬,2:08.6,4.1,雨,,,,,,,,7.8,5.0,,nar,2026-09-13,32.4,8.5,57.4,0.0,30.0,55.5,48.8,履歴少
202636091302,2026-09-13,2,レアグリフォン,7.0,7.0,菅原辰徳,56.0,,,,盛岡,ハヤテ特別(OP),,,曇,6.0,7.0,門別,ポラリスサマースプリ(重賞),1:15.6,2.7,曇,5.0,9.0,門別,日高銀聖特別(A2),1:01.6,1.0,曇,8.0,8.0,門別,アメリカンペイトリオ(A3),1:16.1,2.1,晴,6.0,7.0,門別,JA門別馬舞米特別(A3),1:02.4,1.4,曇,1.2,1.0,,nar,2026-09-13,52.63,58.9,61.5,19.8,52.0,55.5,50.0,前走人気以上
202665091302,2026-09-13,2,ヴィクトリアマサミ,5.0,5.0,長澤幸太,480.0,,,,,,,,,,,,,,,,,,,,,,,,,,,,,,,,,,,,,,,,nar,2026-09-13,36.0,35.0,35.0,35.0,35.0,35.0,45.0,履歴少
202646091303,2026-09-13,3,イーサンバーニング,3.0,3.0,加藤翔馬,57.0,,1.0,1.0,金沢,C22,1:37.7,-1.4,晴,6.0,3.0,高知,C3ー8,1:33.3,1.8,晴,3.0,2.0,高知,C3ー7,1:48.5,1.9,晴,2.0,1.0,高知,C3ー12,1:43.1,0.1,曇,1.0,3.0,高知,C3ー12,1:30.1,-0.1,晴,1.2,1.0,,nar,2026-09-13,62.8,85.7,43.8,75.1,62.0,48.8,50.0,安定感
202646091303,2026-09-13,3,ウインドアリエル,1.0,1.0,柴田勇真,55.0,,4.0,6.0,金沢,祝!健二郎還暦おめで(C2),1:35.2,1.6,晴,3.0,5.0,金沢,フィフスザ中村メシア(C2),1:43.1,2.5,曇,4.0,8.0,金沢,C28,1:42.3,2.3,晴,3.0,7.0,金沢,C29,1:35.8,0.9,曇,9.0,7.0,金沢,道嵩くん華奈ちゃん結(C2),1:36.9,4.4,晴,219.1,9.0,,nar,2026-09-13,68.14,75.0,65.9,89.7,54.5,60.0,56.2,金沢実績 / 履歴少 / 人気以上に走る傾向 / 安定感
202646091303,2026-09-13,3,エアミアーニ,2.0,2.0,鈴木太一,57.0,,2.0,1.0,金沢,今日は防災の日特別(C2),1:41.0,0.4,晴,2.0,1.0,金沢,祝!健二郎還暦おめで(C2),1:33.8,0.2,晴,2.0,2.0,金沢,フィフスザ中村メシア(C2),1:41.7,1.1,曇,10.0,15.0,2阪神4,心斎橋S(3勝クラス),1:20.9,1.2,晴,7.0,14.0,2中山5,幕張S(3勝クラス),1:32.7,0.4,晴,4.6,2.0,,nar,2026-09-13,67.62,78.5,56.3,75.1,69.5,63.0,59.5,金沢実績 / 履歴少 / 近走上向き / 安定感
202665091303,2026-09-13,3,エイコウクイン,8.0,7.0,島津新,490.0,,,,,,,,,,,,,,,,,,,,,,,,,,,,,,,,,,,,,,,,nar,2026-09-13,36.18,35.0,35.0,35.0,35.0,35.0,46.8,履歴少
202636091303,2026-09-13,3,エスシーヤマト,4.0,4.0,小林凌,54.0,,8.0,3.0,水沢,C2九組,1:24.5,1.9,曇,8.0,4.0,盛岡,C1二組,1:40.5,1.8,曇,7.0,9.0,盛岡,C1二組,1:40.4,0.9,曇,9.0,11.0,盛岡,C1一組,1:39.1,1.5,曇,9.0,8.0,盛岡,オッズパーク賞(C1),1:41.9,3.1,曇,11.6,5.0,,nar,2026-09-13,39.12,43.6,36.5,0.0,51.5,50.8,48.8,履歴少
202646091303,2026-09-13,3,エムティラヴ,12.0,8.0,望月洵輝,55.0,,3.0,5.0,金沢,能登復興支援能登ヒバ(C2),1:34.4,1.5,晴,5.0,3.0,金沢,琴音ちゃん20歳おめ(C2),1:37.0,2.4,曇,8.0,9.0,川崎,ファイナルアンサー賞(C3),1:34.5,1.8,晴,9.0,13.0,川崎,ファイナルアンサー賞(C2),1:41.2,1.7,曇,11.0,11.0,船橋,ふたご座スプリント(C2),1:18.5,2.8,雨,42.9,5.0,,nar,2026-09-13,60.58,58.5,56.2,55.3,81.5,59.5,59.5,金沢実績 / 履歴少 / 近走上向き / 市場オッズ妙味
202654091303,2026-09-13,3,オリヴィオリヴィ,5.0,5.0,郷間勇太,55.0,,11.0,11.0,高知,3歳ー6,1:29.6,5.0,晴,6.0,6.0,高知,3歳ー8,0:52.1,3.2,晴,3.0,12.0,高知,ファイナルレース(3歳),1:32.9,0.7,曇,10.0,10.0,高知,3歳ー6,1:28.8,4.3,晴,9.0,11.0,高知,3歳ー6,1:33.4,3.5,雨,130.2,10.0,,nar,2026-09-13,46.62,45.4,63.9,19.8,26.0,58.7,48.5,総合評価
202646091303,2026-09-13,3,オーデンアクア,9.0,7.0,吉田晃浩,57.0,,7.0,8.0,金沢,C25,1:43.5,2.1,晴,6.0,4.0,金沢,C25,1:36.7,3.8,晴,7.0,4.0,金沢,C25,1:42.6,2.4,晴,1.0,5.0,金沢,C29,1:34.9,-0.6,曇,3.0,8.0,金沢,C211,1:36.2,0.6,晴,284.3,10.0,,nar,2026-09-13,50.32,64.3,52.2,24.9,33.5,55.9,49.6,履歴少
202665091303,2026-09-13,3,ガッツデー,9.0,8.0,鈴木恵介,510.0,,,,,,,,,,,,,,,,,,,,,,,,,,,,,,,,,,,,,,,,nar,2026-09-13,36.0,35.0,35.0,35.0,35.0,35.0,45.0,履歴少
202665091303,2026-09-13,3,キタノショウヘイ,3.0,3.0,長澤幸太,510.0,,,,,,,,,,,,,,,,,,,,,,,,,,,,,,,,,,,,,,,,nar,2026-09-13,36.0,35.0,35.0,35.0,35.0,35.0,45.0,履歴少
202665091303,2026-09-13,3,キョウドノホシ,10.0,8.0,赤塚健仁,510.0,,,,,,,,,,,,,,,,,,,,,,,,,,,,,,,,,,,,,,,,nar,2026-09-13,36.18,35.0,35.0,35.0,35.0,35.0,46.8,履歴少
202654091303,2026-09-13,3,キンデアポチャン,6.0,5.0,多田羅誠,55.0,,5.0,5.0,高知,3歳ー6,1:28.2,3.6,晴,9.0,9.0,高知,ファイナルレース(3歳),0:51.5,2.1,晴,5.0,8.0,高知,ファイナルレース(3歳),1:33.0,0.8,曇,7.0,9.0,高知,3歳ー6,1:27.9,3.4,晴,10.0,10.0,高知,3歳ー6,1:33.5,3.6,雨,74.5,9.0,,nar,2026-09-13,55.47,53.6,56.2,50.2,66.5,56.8,50.5,近走上向き
202654091303,2026-09-13,3,クレインヴォイス,10.0,7.0,上田将司,57.0,,7.0,8.0,高知,ファイナルレース(3歳),1:27.5,1.7,晴,5.0,5.0,高知,ファイナルレース(3歳),0:50.4,1.0,晴,2.0,7.0,高知,3歳ー5,1:32.2,0.2,曇,5.0,3.0,高知,3歳ー7,1:26.4,1.0,晴,4.0,1.0,高知,3歳ー7,1:31.8,0.8,雨,19.9,7.0,,nar,2026-09-13,58.84,68.7,54.8,69.6,32.0,62.9,54.5,高知実績 / 安定感 / 市場オッズ妙味
202654091303,2026-09-13,3,コスモタキシード,9.0,7.0,野畑凌,57.0,,2.0,1.0,高知,3歳ー7,1:27.5,0.5,晴,3.0,2.0,高知,3歳ー4,1:48.9,0.3,晴,6.0,3.0,高知,3歳ー6,1:32.5,3.8,曇,13.0,11.0,3京都10,3歳未勝利,2:07.4,4.5,晴,10.0,8.0,5阪神6,2歳未勝利,1:58.5,5.1,雨,6.4,3.0,,nar,2026-09-13,56.78,64.2,38.5,55.3,86.0,52.1,53.1,高知実績 / 近走上向き
202636091303,2026-09-13,3,サンエイキャノン,5.0,5.0,岩本怜,56.0,,7.0,6.0,盛岡,C1三組,1:27.1,1.0,晴,5.0,7.0,盛岡,ロス・トランキーロス(C1),1:27.4,2.1,曇,11.0,6.0,盛岡,イグナイター特別(C1),1:29.1,2.2,曇,5.0,8.0,水沢,祝30周年!SPAT(C1),1:42.0,0.6,雨,8.0,6.0,水沢,C1,1:32.1,1.2,曇,4.2,3.0,,nar,2026-09-13,48.8,51.2,46.1,39.5,51.5,52.6,51.2,水沢実績 / 履歴少
202654091303,2026-09-13,3,サンシャインビーチ,8.0,6.0,西森将司,55.0,,11.0,8.0,2中京5,3歳未勝利,1:14.5,1.6,曇,10.0,12.0,2小倉2,3歳未勝利,1:10.2,1.2,曇,11.0,8.0,3京都3,3歳未勝利,1:13.2,1.7,晴,5.0,8.0,2阪神7,3歳未勝利,1:13.6,2.0,晴,,,,,,,,7.7,5.0,,nar,2026-09-13,37.5,30.0,45.6,14.6,36.0,51.5,48.8,履歴少
202654091303,2026-09-13,3,サンライズジャッジ,4.0,4.0,城野慈尚,57.0,,14.0,14.0,2中京3,3歳未勝利,2:02.4,7.8,晴,9.0,6.0,1福島2,3歳未勝利,1:49.0,3.3,晴,5.0,4.0,1中京3,3歳未勝利,1:57.1,1.4,晴,7.0,9.0,1阪神6,3歳未勝利,1:56.7,0.8,曇,,,,,,,,7.3,4.0,,nar,2026-09-13,35.43,33.5,44.9,19.8,8.0,50.6,48.8,履歴少
202654091303,2026-09-13,3,タスクディライト,12.0,8.0,木村直輝,55.0,,7.0,9.0,高知,3歳ー7,1:29.0,2.0,晴,8.0,8.0,高知,3歳ー4,1:51.2,2.6,晴,10.0,10.0,高知,ファイナルレース(3歳),1:34.7,2.5,曇,5.0,8.0,高知,3歳ー6,1:27.6,3.1,晴,7.0,9.0,高知,3歳ー7,1:33.7,2.7,雨,171.2,12.0,,nar,2026-09-13,48.25,47.6,58.8,14.6,53.0,56.1,48.5,総合評価
202654091303,2026-09-13,3,タマモアマルフィ,1.0,1.0,近藤翔月,54.0,,2.0,3.0,高知,3歳ー8,1:26.8,0.8,晴,16.0,15.0,3阪神1,3歳未勝利,1:59.0,4.4,晴,8.0,8.0,1中京5,3歳未勝利,1:56.9,1.7,晴,11.0,9.0,1京都9,3歳未勝利,1:28.0,1.7,晴,,,,,,,,4.0,2.0,,nar,2026-09-13,51.58,44.1,48.1,30.4,100.0,51.0,48.8,履歴少 / 近走上向き
202646091303,2026-09-13,3,デルマガーネット,10.0,7.0,田知弘久,55.0,,3.0,3.0,金沢,春日部「おれん家」1(C2),1:34.6,1.3,晴,7.0,8.0,金沢,能登復興支援能登ヒバ(C2),1:35.5,2.6,晴,7.0,9.0,金沢,能登復興支援山伏山賞(C2),1:35.4,2.5,曇,4.0,7.0,金沢,祝!雅也&里佳ブライ(C2),1:35.8,2.2,晴,5.0,4.0,金沢,日本列島☆爆走!ツア(C2特別),1:36.2,2.1,晴,118.9,6.0,,nar,2026-09-13,60.22,66.9,56.9,55.3,66.5,56.8,52.9,金沢実績 / 履歴少 / 近走上向き
202646091303,2026-09-13,3,トップキング,5.0,5.0,魚住謙心,57.0,,8.0,8.0,金沢,今日は防災の日特別(C2),1:42.7,2.1,晴,6.0,4.0,金沢,能登復興支援能登ヒバ(C2),1:35.4,2.5,晴,2.0,4.0,金沢,C26,1:35.3,0.7,晴,6.0,10.0,金沢,C27,1:35.6,1.6,晴,6.0,8.0,金沢,都凪リリーデビュー2(C2),1:43.6,3.7,晴,389.8,11.0,,nar,2026-09-13,49.11,61.5,54.8,19.8,32.0,56.5,46.3,履歴少
202636091303,2026-09-13,3,トリフォーリオ,6.0,6.0,佐々木志,54.0,,10.0,4.0,盛岡,C2,1:02.4,1.3,曇,4.0,2.0,盛岡,C2,1:01.4,1.3,晴,7.0,4.0,盛岡,C2六組,1:15.1,2.0,曇,4.0,5.0,盛岡,C2七組,1:14.0,0.2,小雨,12.0,12.0,大井,C2十 1112(C211),1:17.7,4.2,晴,17.4,7.0,,nar,2026-09-13,42.01,50.1,30.6,39.5,30.5,52.6,48.8,履歴少 / 市場オッズ妙味
202646091303,2026-09-13,3,ナムラダリウス,4.0,4.0,甲賀弘隆,57.0,,2.0,5.0,金沢,江川小林ウエディング(C2),1:35.5,1.4,晴,6.0,9.0,金沢,祝!健二郎還暦おめで(C2),1:35.6,2.0,晴,6.0,9.0,金沢,琴音ちゃん20歳おめ(C2),1:37.4,2.8,曇,8.0,9.0,金沢,C26,1:38.5,3.9,晴,10.0,4.0,金沢,☆ひなの&はるかお誕(C2特別),1:37.3,2.1,晴,148.6,8.0,,nar,2026-09-13,58.9,64.1,62.4,30.4,83.0,55.2,46.3,前走人気以上 / 履歴少 / 近走上向き
202646091303,2026-09-13,3,バーニングフレーム,8.0,6.0,沖静男,55.0,,7.0,3.0,金沢,今日は防災の日特別(C2),1:41.9,1.3,晴,16.0,17.0,2東京9,4歳以上1勝クラス,1:34.0,1.7,曇,16.0,16.0,1新潟6,飛竜特別(1勝クラス),0:56.5,1.2,晴,15.0,14.0,1福島1,4歳以上1勝クラス,1:51.0,5.3,晴,14.0,15.0,1中京5,4歳以上1勝クラス,1:35.9,1.5,晴,7.4,3.0,,nar,2026-09-13,38.59,15.8,42.9,0.0,99.5,50.3,48.8,履歴少 / 近走上向き
202654091303,2026-09-13,3,パウラメロディーア,2.0,2.0,大澤誠志,55.0,,,,高知,3歳ー7,,,晴,2.0,3.0,高知,3歳ー8,0:50.2,1.3,晴,15.0,12.0,3東京2,3歳未勝利,1:30.0,4.2,曇,,,,,,,,,,,,,,,15.8,6.0,,nar,2026-09-13,47.8,46.2,42.5,31.7,73.0,50.6,50.0,サンプル少 / 近走上向き / 市場オッズ妙味
202636091303,2026-09-13,3,ヒシタイカン,3.0,3.0,斉藤友香,52.0,,7.0,7.0,水沢,C2九組,1:24.3,1.7,曇,8.0,7.0,盛岡,B1二組,1:40.7,2.8,曇,9.0,8.0,盛岡,B1,1:38.8,2.0,晴,6.0,7.0,盛岡,親子で学ぶ!味覚とテ(B1),1:40.7,1.7,小雨,4.0,3.0,金沢,としおゆうこ夫妻に感(B2),1:35.3,1.0,曇,26.2,9.0,,nar,2026-09-13,45.17,50.5,47.2,10.3,48.5,53.4,51.8,クラス条件好転 / 履歴少 / 市場オッズ妙味
202665091303,2026-09-13,3,ヒメトラルビー,6.0,6.0,西将太,490.0,,,,,,,,,,,,,,,,,,,,,,,,,,,,,,,,,,,,,,,,nar,2026-09-13,36.0,35.0,35.0,35.0,35.0,35.0,45.0,履歴少
202646091303,2026-09-13,3,ヘリオシース,7.0,6.0,服部大地,55.0,,8.0,7.0,金沢,能登復興支援能登ヒバ(C2),1:35.6,2.7,晴,7.0,7.0,金沢,C26,1:36.5,2.8,晴,6.0,1.0,金沢,C26,1:36.0,0.8,晴,3.0,6.0,金沢,C27,1:34.9,0.7,晴,9.0,5.0,金沢,信じてるよお馬ら杯(C2),1:43.7,3.5,曇,518.6,12.0,,nar,2026-09-13,42.89,54.2,41.1,14.6,39.5,48.1,46.3,履歴少
202654091303,2026-09-13,3,ベアエクスプレス,11.0,8.0,赤岡修次,55.0,,14.0,6.0,2新潟8,3歳未勝利,1:58.3,3.6,晴,5.0,8.0,2新潟1,3歳未勝利,1:57.7,0.7,曇,6.0,11.0,2福島5,3歳未勝利,1:47.4,1.7,曇,10.0,15.0,2東京12,3歳未勝利,1:40.7,1.7,曇,13.0,12.0,2東京5,3歳未勝利,1:41.8,3.3,晴,2.6,1.0,,nar,2026-09-13,38.75,33.3,49.5,24.9,17.0,53.7,50.0,前走人気以上
202636091303,2026-09-13,3,ホウオウルバン,9.0,8.0,菅原辰徳,56.0,,8.0,8.0,盛岡,B2,1:13.5,0.9,小雨,6.0,9.0,高知,C3ー2,1:34.8,1.5,晴,11.0,4.0,高知,ファイナルレース(C3),1:49.1,3.7,雨,6.0,3.0,高知,ファイナルレース(C3),1:33.2,0.9,曇,6.0,6.0,高知,C2C3混合,1:31.5,1.4,晴,2.7,1.0,,nar,2026-09-13,40.39,47.2,42.5,0.0,45.5,47.4,48.8,履歴少
202665091303,2026-09-13,3,ホクショウシャルル,1.0,1.0,阿部武臣,490.0,,,,,,,,,,,,,,,,,,,,,,,,,,,,,,,,,,,,,,,,nar,2026-09-13,36.18,35.0,35.0,35.0,35.0,35.0,46.8,履歴少 / 前走人気以上
202665091303,2026-09-13,3,ホクセイアバレンボ,5.0,5.0,阿部優哉,510.0,,,,,,,,,,,,,,,,,,,,,,,,,,,,,,,,,,,,,,,,nar,2026-09-13,36.18,35.0,35.0,35.0,35.0,35.0,46.8,履歴少
202665091303,2026-09-13,3,ホクセイキンボシ,4.0,4.0,大友一馬,510.0,,,,,,,,,,,,,,,,,,,,,,,,,,,,,,,,,,,,,,,,nar,2026-09-13,36.18,35.0,35.0,35.0,35.0,35.0,46.8,履歴少 / 前走人気以上
202665091303,2026-09-13,3,ホクセイサチコ,7.0,7.0,今井千尋,480.0,,,,,,,,,,,,,,,,,,,,,,,,,,,,,,,,,,,,,,,,nar,2026-09-13,36.0,35.0,35.0,35.0,35.0,35.0,45.0,履歴少
202636091303,2026-09-13,3,マイネルイヴィンス,8.0,8.0,鈴木祐,56.0,,9.0,10.0,盛岡,初秋特別(A),1:40.7,2.8,曇,7.0,9.0,金沢,B12,1:40.8,2.4,曇,10.0,9.0,金沢,B12,1:35.8,3.2,曇,7.0,9.0,金沢,B12,1:32.7,1.3,曇,6.0,9.0,金沢,獅子吼高原特別(B1),1:40.9,1.4,曇,19.3,8.0,,nar,2026-09-13,44.44,43.2,58.4,0.0,41.0,60.9,48.8,履歴少 / 市場オッズ妙味
202654091303,2026-09-13,3,マジックステラ,7.0,6.0,畑中信司,57.0,,11.0,12.0,佐賀,一発逆転ファイナルレ,1:34.3,4.8,晴,10.0,9.0,高知,3歳ー6,1:29.1,4.5,晴,8.0,8.0,高知,3歳ー7,0:52.5,2.8,晴,4.0,9.0,高知,ファイナルレース(3歳),1:32.9,0.7,曇,11.0,6.0,高知,3歳ー6,1:28.9,4.4,晴,135.4,11.0,,nar,2026-09-13,40.02,34.9,51.9,14.6,33.5,50.9,49.0,総合評価
202665091303,2026-09-13,3,マックスクロー,2.0,2.0,村上章,510.0,,,,,,,,,,,,,,,,,,,,,,,,,,,,,,,,,,,,,,,,nar,2026-09-13,36.18,35.0,35.0,35.0,35.0,35.0,46.8,履歴少
202636091303,2026-09-13,3,ミッキーハッスル,1.0,1.0,高松亮,56.0,,10.0,10.0,盛岡,C1二組,1:41.1,2.4,曇,5.0,8.0,盛岡,C1三組,1:26.9,1.5,曇,7.0,7.0,水沢,ジューンC(B2),2:08.0,3.3,曇,8.0,10.0,水沢,B2二組,1:45.8,1.4,晴,10.0,8.0,盛岡,メイC(B2),1:41.9,2.4,晴,11.6,4.0,,nar,2026-09-13,45.51,45.0,55.8,24.9,35.0,56.6,43.8,履歴少
202654091303,2026-09-13,3,ラブペイトー,3.0,3.0,岡村卓弥,55.0,,4.0,7.0,高知,3歳ー7,1:28.2,1.2,晴,4.0,7.0,高知,3歳ー8,0:51.8,2.9,晴,8.0,7.0,高知,3歳ー7,1:33.8,2.8,雨,15.0,15.0,3京都3,3歳未勝利,1:14.8,3.3,晴,11.0,14.0,1福島2,3歳未勝利,1:12.1,2.9,晴,27.1,8.0,,nar,2026-09-13,60.28,52.8,62.4,55.3,83.0,61.5,53.1,高知実績 / 前走人気以上 / 近走上向き / 市場オッズ妙味
202646091303,2026-09-13,3,ルビーリング,11.0,8.0,青柳正義,55.0,,5.0,4.0,金沢,江川小林ウエディング(C2),1:36.3,2.2,晴,8.0,4.0,金沢,祝!健二郎還暦おめで(C2),1:36.3,2.7,晴,7.0,7.0,金沢,琴音ちゃん20歳おめ(C2),1:37.6,3.0,曇,4.0,7.0,金沢,C26,1:36.2,1.6,晴,5.0,4.0,金沢,第1回えみこた日和記(C2特別),1:36.9,1.1,晴,136.4,7.0,,nar,2026-09-13,53.05,60.0,43.2,55.3,56.0,51.5,52.9,金沢実績 / 履歴少
202636091303,2026-09-13,3,ルレット,2.0,2.0,塚本涼人,54.0,,8.0,5.0,水沢,C2八組,1:26.2,3.4,曇,4.0,5.0,盛岡,C2六組,1:14.7,1.8,雨,4.0,6.0,盛岡,C2七組,1:14.3,0.6,晴,6.0,8.0,盛岡,C2七組,1:15.5,1.2,曇,4.0,7.0,盛岡,C2八組,1:14.7,1.6,小雨,15.4,6.0,,nar,2026-09-13,54.63,63.9,52.3,55.0,29.0,64.9,50.0,市場オッズ妙味
202636091303,2026-09-13,3,ロッキータイタン,7.0,7.0,阿部英俊,56.0,,3.0,6.0,盛岡,C2四組,1:28.4,1.3,曇,6.0,11.0,盛岡,C2四組,1:14.4,1.2,曇,9.0,8.0,盛岡,C2四組,1:17.4,4.4,晴,8.0,8.0,盛岡,C2四組,1:15.6,1.8,曇,8.0,3.0,盛岡,C2三組,1:30.3,3.7,曇,3.9,2.0,,nar,2026-09-13,56.56,58.6,60.1,30.4,78.5,55.6,48.8,前走人気以上 / 履歴少 / 近走上向き
202646091303,2026-09-13,3,ヴァルトバーデン,6.0,5.0,中島龍也,57.0,,6.0,4.0,金沢,今日は防災の日特別(C2),1:41.7,1.1,晴,9.0,1.0,金沢,琴音ちゃん20歳おめ(C2),1:41.3,6.7,曇,1.0,1.0,金沢,能登復興支援能登金剛(C2),1:41.6,-1.7,曇,3.0,3.0,金沢,C29,1:41.7,2.8,晴,2.0,1.0,金沢,C211,1:41.5,0.8,曇,41.7,4.0,,nar,2026-09-13,48.61,68.7,31.1,44.7,36.5,49.1,52.9,金沢実績 / 履歴少 / 市場オッズ妙味
202654091304,2026-09-13,4,アカリボーイ,12.0,8.0,郷間勇太,57.0,,3.0,4.0,高知,3歳ー6,1:25.8,1.2,晴,,,高知,2歳ー4,,,曇,2.0,2.0,高知,2歳ー3,1:27.9,0.5,晴,8.0,4.0,高知,JRA認定潮菊特別(2歳),1:35.6,2.3,曇,2.0,1.0,高知,2歳新馬弐,1:27.8,1.2,曇,27.9,5.0,,nar,2026-09-13,60.32,79.4,46.4,60.5,56.0,53.0,55.3,高知実績 / 履歴少 / 安定感 / 市場オッズ妙味
202646091304,2026-09-13,4,アマソナ,8.0,8.0,鈴木太一,55.0,,3.0,7.0,金沢,C25,1:42.0,0.6,晴,5.0,5.0,金沢,C25,1:35.9,3.0,晴,2.0,4.0,金沢,祝!雅也&里佳ブライ(C2),1:35.2,1.6,晴,4.0,9.0,金沢,C27,1:34.8,0.8,晴,7.0,7.0,金沢,都凪リリーデビュー2(C2),1:44.0,4.1,晴,10.1,6.0,,nar,2026-09-13,70.36,77.1,66.4,89.7,59.0,67.0,56.2,金沢実績 / 前走人気以上 / 履歴少 / 人気以上に走る傾向
202654091304,2026-09-13,4,ウィギル,8.0,6.0,大澤誠志,57.0,,10.0,8.0,高知,3歳ー5,1:30.1,2.8,晴,7.0,10.0,高知,ファイナルレース(3歳),0:51.2,1.8,晴,11.0,4.0,高知,ファイナルレース(3歳),1:35.8,3.6,曇,11.0,8.0,高知,3歳ー5,1:29.6,5.1,晴,9.0,7.0,高知,3歳ー5,1:35.4,5.5,雨,457.0,12.0,,nar,2026-09-13,34.23,32.1,36.8,0.0,47.0,43.8,46.5,前走人気以上
202665091304,2026-09-13,4,エスペランサ,3.0,3.0,阿部武臣,500.0,,,,,,,,,,,,,,,,,,,,,,,,,,,,,,,,,,,,,,,,nar,2026-09-13,36.0,35.0,35.0,35.0,35.0,35.0,45.0,履歴少
202654091304,2026-09-13,4,エナジーアユ,5.0,5.0,木村直輝,55.0,,3.0,1.0,高知,3歳ー5,1:28.2,0.9,晴,1.0,1.0,高知,3歳ー8,0:48.9,-1.3,晴,4.0,6.0,高知,3歳ー6,1:31.4,2.7,曇,,,高知,3歳ー7,,,晴,9.0,15.0,1新潟1,3歳未勝利,1:13.6,1.7,晴,15.3,4.0,,nar,2026-09-13,66.64,81.0,53.3,75.1,60.0,66.5,56.4,高知実績 / 安定感 / 過小評価傾向 / 市場オッズ妙味
202636091304,2026-09-13,4,エヴィダンシア,9.0,8.0,高松亮,56.0,,4.0,3.0,水沢,C2八組,1:24.8,2.0,曇,5.0,8.0,盛岡,明神崎賞(B1),1:26.9,1.1,曇,9.0,8.0,盛岡,B1,1:26.2,1.5,小雨,5.0,7.0,盛岡,オーキッド賞(B1),1:25.3,1.3,曇,5.0,7.0,盛岡,カッパ淵賞(B1),1:25.8,1.0,晴,2.1,1.0,,nar,2026-09-13,61.34,64.1,55.2,80.2,62.0,56.4,51.8,クラス条件好転 / 履歴少 / 安定感
202654091304,2026-09-13,4,カミイダイヤモンド,6.0,5.0,近藤翔月,56.0,,8.0,8.0,船橋,3歳七,1:20.7,3.9,曇,10.0,11.0,船橋,3歳五,1:21.3,4.6,晴,11.0,11.0,浦和,3歳七 選抜馬ア,1:34.1,4.2,雨,8.0,9.0,船橋,3歳七,1:20.2,2.1,曇,12.0,12.0,船橋,3歳八,1:22.4,4.0,雨,231.4,11.0,,nar,2026-09-13,41.54,32.0,52.8,0.0,63.5,52.2,50.0,総合評価
202636091304,2026-09-13,4,コウノノシラトリ,8.0,8.0,山本政聡,56.0,,8.0,6.0,水沢,C2六組,1:30.4,1.6,小雨,6.0,9.0,水沢,C2五組,1:25.2,0.6,曇,3.0,7.0,水沢,C2五組,1:25.0,1.6,晴,8.0,6.0,盛岡,C2四組,1:15.4,1.0,晴,8.0,6.0,盛岡,C2三組,1:29.0,1.7,晴,18.1,7.0,,nar,2026-09-13,48.71,55.9,53.0,19.8,39.5,59.8,48.5,履歴少 / 市場オッズ妙味
202665091304,2026-09-13,4,ゴブリン,9.0,8.0,赤塚健仁,520.0,,,,,,,,,,,,,,,,,,,,,,,,,,,,,,,,,,,,,,,,nar,2026-09-13,36.18,35.0,35.0,35.0,35.0,35.0,46.8,履歴少
202665091304,2026-09-13,4,ゴーゴーソウタ,1.0,1.0,長澤幸太,520.0,,,,,,,,,,,,,,,,,,,,,,,,,,,,,,,,,,,,,,,,nar,2026-09-13,36.0,35.0,35.0,35.0,35.0,35.0,45.0,履歴少
202636091304,2026-09-13,4,サトノアヴァロン,3.0,3.0,坂井瑛音,55.0,,6.0,10.0,水沢,C2八組,1:25.1,2.3,曇,8.0,8.0,盛岡,御所湖賞(C1),1:28.0,1.9,曇,10.0,10.0,盛岡,C1,1:28.5,2.1,晴,8.0,9.0,盛岡,B2,1:26.7,1.2,雨,11.0,12.0,盛岡,B2,1:27.7,2.7,晴,20.2,8.0,,nar,2026-09-13,47.72,43.2,60.3,0.0,69.5,56.7,48.8,前走人気以上 / 履歴少 / 近走上向き / 市場オッズ妙味
202665091304,2026-09-13,4,シンゲキノハルキ,8.0,7.0,菊池一樹,520.0,,,,,,,,,,,,,,,,,,,,,,,,,,,,,,,,,,,,,,,,nar,2026-09-13,36.0,35.0,35.0,35.0,35.0,35.0,45.0,履歴少
202654091304,2026-09-13,4,セントポールヒロ,7.0,6.0,塚本直之,52.0,,4.0,7.0,高知,3歳ー6,1:26.9,2.3,晴,1.0,5.0,高知,3歳ー4,1:48.6,0.0,晴,7.0,3.0,高知,ファイナルレース(3歳),1:33.1,0.9,曇,10.0,7.0,高知,ファイナルレース(3歳),1:28.0,2.7,雨,6.0,4.0,高知,3歳ー6,1:32.8,2.9,雨,41.0,8.0,,nar,2026-09-13,58.83,68.6,53.3,55.3,62.0,55.0,50.5,前走人気以上 / 市場オッズ妙味
202646091304,2026-09-13,4,ソルセルリ,3.0,3.0,松戸政也,55.0,,3.0,1.0,金沢,熊谷登まだまだ現役記(C2),1:35.7,0.5,晴,4.0,8.0,金沢,能登復興支援山伏山賞(C2),1:35.0,2.1,曇,9.0,8.0,金沢,C24,1:44.0,3.5,晴,8.0,4.0,金沢,C26,1:36.7,3.0,晴,9.0,4.0,金沢,C25,1:36.0,3.0,晴,10.2,7.0,,nar,2026-09-13,56.25,61.7,43.6,55.3,77.0,54.7,49.6,履歴少 / 近走上向き
202646091304,2026-09-13,4,ダズリングスカイ,4.0,4.0,青柳正義,55.0,,5.0,6.0,金沢,今日は防災の日特別(C2),1:41.7,1.1,晴,5.0,2.0,金沢,能登復興支援能登ヒバ(C2),1:35.4,2.5,晴,5.0,3.0,金沢,能登復興支援山伏山賞(C2),1:35.2,2.3,曇,3.0,1.0,金沢,C26,1:35.5,0.9,晴,3.0,3.0,金沢,C28,1:42.1,2.1,晴,4.9,3.0,,nar,2026-09-13,60.89,72.0,42.1,100.0,44.0,52.9,59.5,金沢実績 / 履歴少 / 安定感
202665091304,2026-09-13,4,ツカサブルージェイ,4.0,4.0,阿部優哉,520.0,,,,,,,,,,,,,,,,,,,,,,,,,,,,,,,,,,,,,,,,nar,2026-09-13,36.18,35.0,35.0,35.0,35.0,35.0,46.8,履歴少 / 前走人気以上
202665091304,2026-09-13,4,ツカサロイヤル,7.0,7.0,西謙一,500.0,,,,,,,,,,,,,,,,,,,,,,,,,,,,,,,,,,,,,,,,nar,2026-09-13,36.0,35.0,35.0,35.0,35.0,35.0,45.0,履歴少
202654091304,2026-09-13,4,テンサラ,11.0,8.0,山崎雅由,57.0,,6.0,8.0,高知,3歳ー6,1:28.5,3.9,晴,6.0,7.0,高知,3歳ー3,1:49.5,1.9,晴,8.0,1.0,高知,ファイナルレース(3歳),1:33.1,0.9,曇,6.0,6.0,高知,ファイナルレース(3歳),1:26.8,1.5,雨,4.0,7.0,高知,3歳ー6,1:31.7,1.8,雨,135.2,9.0,,nar,2026-09-13,47.38,58.5,48.5,10.3,50.0,52.0,48.5,総合評価
202636091304,2026-09-13,4,ドナアフロディテ,7.0,7.0,山本聡哉,54.0,,8.0,8.0,盛岡,ハヤテ特別(OP),1:13.1,2.1,曇,8.0,9.0,金沢,能登復興祈念百万石か(重賞),1:32.0,1.3,曇,6.0,8.0,金沢,加賀友禅賞【読売レデ(重賞),1:38.7,1.8,曇,7.0,6.0,金沢,お家でネット投票!楽(A2),1:34.0,1.2,雨,8.0,6.0,金沢,お家でネット投票!楽(A2),1:33.3,2.2,雨,4.3,2.0,,nar,2026-09-13,44.05,48.3,52.0,0.0,45.5,52.8,51.8,クラス条件好転 / 履歴少
202636091304,2026-09-13,4,ナンデフェスティヴ,4.0,4.0,小林凌,54.0,,6.0,5.0,盛岡,大船渡市観光物産協会(C1),1:27.3,0.5,曇,4.0,6.0,高知,C2ー5,1:49.6,1.7,晴,5.0,11.0,高知,C2ー5,1:25.9,1.6,曇,7.0,7.0,高知,C2ー6,1:33.3,2.0,曇,6.0,11.0,高知,日曜市特別(C2),1:49.3,1.8,小雨,11.8,5.0,,nar,2026-09-13,58.66,64.4,63.3,44.7,47.0,68.3,48.8,履歴少 / 過小評価傾向
202636091304,2026-09-13,4,バイオレットモーヴ,1.0,1.0,高橋悠里,54.0,,4.0,9.0,盛岡,C2五組,1:14.2,1.1,雨,9.0,8.0,盛岡,C2五組,1:14.8,1.6,晴,5.0,6.0,盛岡,C2五組,1:27.7,0.5,曇,5.0,9.0,盛岡,C2五組,1:14.8,2.3,晴,7.0,8.0,盛岡,C2五組,1:28.8,1.4,晴,26.8,9.0,,nar,2026-09-13,61.88,60.8,65.1,64.7,65.0,62.8,48.8,前走人気以上 / 履歴少 / 人気以上に走る傾向 / 近走上向き
202665091304,2026-09-13,4,ヒノクニキングオー,6.0,6.0,金田利貴,520.0,,,,,,,,,,,,,,,,,,,,,,,,,,,,,,,,,,,,,,,,nar,2026-09-13,36.0,35.0,35.0,35.0,35.0,35.0,45.0,履歴少
202654091304,2026-09-13,4,ピコマーキス,3.0,3.0,赤岡修次,57.0,,1.0,2.0,高知,3歳ー8,1:26.0,-0.8,晴,14.0,16.0,3福島3,2歳未勝利,2:02.3,1.2,晴,11.0,10.0,4中山6,2歳未勝利,2:03.4,1.8,曇,13.0,9.0,3新潟4,2歳新馬,2:00.1,4.9,晴,,,,,,,,1.6,1.0,,nar,2026-09-13,50.32,39.0,50.2,30.4,100.0,48.9,48.8,履歴少 / 近走上向き
202646091304,2026-09-13,4,フェスティヴイリス,2.0,2.0,甲賀弘隆,55.0,,3.0,5.0,金沢,今日は防災の日特別(C2),1:41.2,0.6,晴,1.0,5.0,金沢,ばにちゃん&まいちゃ(C2),1:40.7,-0.7,晴,6.0,4.0,金沢,フィフスザ中村メシア(C2),1:44.0,3.4,曇,5.0,5.0,金沢,C211,1:36.6,1.0,晴,4.0,4.0,金沢,C211,1:42.3,3.4,曇,6.3,4.0,,nar,2026-09-13,66.88,80.1,58.5,80.2,56.0,60.4,56.2,金沢実績 / 履歴少 / 安定感
202636091304,2026-09-13,4,フークタオユエン,5.0,5.0,関本玲花,54.0,,4.0,5.0,水沢,C2七組,1:22.8,1.1,雨,10.0,12.0,盛岡,B2,1:27.2,1.3,曇,7.0,9.0,名古屋,彦星大空戦(B),2:20.2,2.6,曇,9.0,8.0,園田,C2一,1:33.9,1.7,曇,7.0,5.0,園田,C2,1:57.5,1.2,曇,7.8,3.0,,nar,2026-09-13,53.68,51.0,55.9,30.4,75.5,57.9,51.8,クラス条件好転 / 履歴少 / 近走上向き
202646091304,2026-09-13,4,ベストベルシック,6.0,6.0,栗原大河,55.0,,2.0,1.0,金沢,春日部「おれん家」1(C2),1:34.1,0.8,晴,8.0,5.0,金沢,能登復興支援山伏山賞(C2),1:35.4,2.5,曇,3.0,5.0,金沢,祝!雅也&里佳ブライ(C2),1:35.6,2.0,晴,6.0,6.0,金沢,C26,1:36.1,2.4,晴,4.0,7.0,金沢,C26,1:42.3,0.9,曇,4.0,2.0,,nar,2026-09-13,60.42,72.1,47.6,60.5,69.5,56.6,52.9,金沢実績 / 履歴少 / 近走上向き / 安定感
202665091304,2026-09-13,4,ホクセイスズタロウ,2.0,2.0,渡来心路,520.0,,,,,,,,,,,,,,,,,,,,,,,,,,,,,,,,,,,,,,,,nar,2026-09-13,36.0,35.0,35.0,35.0,35.0,35.0,45.0,履歴少
202646091304,2026-09-13,4,ムーンライトアリア,5.0,5.0,兼子千央,55.0,,1.0,5.0,金沢,熊谷登まだまだ現役記(C2),1:35.2,-0.1,晴,9.0,8.0,金沢,ばにちゃん&まいちゃ(C2),1:43.6,2.9,晴,9.0,11.0,金沢,フィフスザ中村メシア(C2),1:44.2,3.6,曇,7.0,7.0,金沢,能登復興支援能登金剛(C2),1:44.3,2.7,曇,8.0,9.0,金沢,C28,1:43.2,3.2,晴,7.4,5.0,,nar,2026-09-13,58.81,58.6,60.3,30.4,93.5,60.3,46.3,前走人気以上 / 履歴少 / 近走上向き
202646091304,2026-09-13,4,メイショウロッキー,7.0,7.0,中島龍也,57.0,,4.0,7.0,金沢,今日は防災の日特別(C2),1:41.6,1.0,晴,7.0,3.0,金沢,金沢競馬で目指せ初勝(C2),1:42.6,1.9,晴,2.0,4.0,金沢,琴音ちゃん20歳おめ(C2),1:34.8,0.2,曇,5.0,3.0,金沢,C26,1:36.3,1.7,晴,8.0,3.0,金沢,C27,1:36.8,2.8,晴,3.9,1.0,,nar,2026-09-13,57.8,68.7,46.5,64.7,59.0,51.9,52.9,金沢実績 / 前走人気以上 / 履歴少 / 安定感
202654091304,2026-09-13,4,メイジョウエナジー,10.0,7.0,畑中信司,55.0,,6.0,9.0,高知,3歳ー5,1:29.1,1.8,晴,8.0,8.0,高知,ファイナルレース(3歳),0:51.4,2.0,晴,6.0,2.0,高知,ファイナルレース(3歳),1:33.1,0.9,曇,11.0,10.0,高知,3歳ー4,1:27.7,2.5,晴,6.0,9.0,高知,3歳ー4,1:33.9,2.1,曇,177.1,10.0,,nar,2026-09-13,45.9,50.2,52.0,0.0,60.5,53.3,46.5,前走人気以上
202636091304,2026-09-13,4,メイストーム,6.0,6.0,鈴木祐,56.0,,12.0,11.0,盛岡,ポーチュラカ賞(B1),1:13.0,2.2,雨,7.0,6.0,盛岡,B1,1:00.3,1.3,曇,10.0,9.0,園田,C1一,0:51.8,1.5,晴,10.0,11.0,園田,B2,0:51.3,1.8,晴,9.0,9.0,園田,B1B2,0:51.3,1.6,曇,9.2,4.0,,nar,2026-09-13,35.37,29.9,45.8,0.0,32.0,51.2,50.0,総合評価
202654091304,2026-09-13,4,モズラストセール,1.0,1.0,永森大智,57.0,,6.0,9.0,高知,ファイナルレース(3歳),1:27.3,1.5,晴,5.0,3.0,高知,3歳ー3,1:49.3,1.7,晴,5.0,3.0,高知,3歳ー5,1:32.9,0.9,曇,4.0,4.0,高知,3歳ー6,1:26.9,2.4,晴,2.0,5.0,高知,3歳ー7,1:31.3,0.3,雨,37.1,6.0,,nar,2026-09-13,58.35,69.2,52.3,69.6,38.0,57.6,54.5,高知実績 / 前走人気以上 / 安定感 / 市場オッズ妙味
202636091304,2026-09-13,4,ヤマニンバルトロ,2.0,2.0,山本聡紀,56.0,,10.0,11.0,盛岡,いわてくじ山形村短角(C1),1:28.2,1.9,曇,9.0,10.0,盛岡,C1三組,1:28.7,3.3,曇,11.0,9.0,盛岡,B2,1:28.2,1.7,晴,6.0,12.0,盛岡,夢・希望未来へ前進(B2),1:41.6,1.9,晴,,,水沢,八重山吹賞(B2),,,曇,13.8,6.0,,nar,2026-09-13,41.37,33.7,58.1,0.0,42.0,57.8,48.8,履歴少 / 市場オッズ妙味
202646091304,2026-09-13,4,ヨドノストーリー,1.0,1.0,浅野登生,54.0,,,,金沢,C25,,,晴,7.0,7.0,金沢,すずしゅう20歳誕生(C2),1:43.3,2.7,晴,1.0,9.0,金沢,第1回えみこた日和記(C2特別),1:35.8,-0.2,晴,7.0,10.0,金沢,C29,1:37.0,2.1,曇,8.0,8.0,金沢,道嵩くん華奈ちゃん結(C2),1:36.5,4.0,晴,19.5,8.0,,nar,2026-09-13,56.82,64.4,70.3,19.8,40.0,69.4,50.1,クラス条件好転 / 履歴少 / 人気以上に走る傾向 / 過小評価傾向
202654091304,2026-09-13,4,ラヴィニアパーク,4.0,4.0,岡村卓弥,57.0,,1.0,2.0,高知,3歳ー7,1:27.0,-0.5,晴,8.0,6.0,1函館4,3歳未勝利,2:40.5,3.8,小雨,11.0,7.0,2東京4,3歳未勝利,1:48.8,1.3,曇,6.0,4.0,2中山8,3歳未勝利,1:57.6,2.2,晴,12.0,11.0,1中山8,3歳未勝利,2:13.4,1.4,晴,3.4,2.0,,nar,2026-09-13,52.45,55.3,40.3,30.4,99.5,48.7,48.8,履歴少 / 近走上向き
202654091304,2026-09-13,4,レンジシ,9.0,7.0,新庄海誠,57.0,,9.0,4.0,高知,3歳ー5,1:30.0,2.7,晴,6.0,2.0,高知,3歳ー7,0:50.7,1.0,晴,3.0,8.0,高知,3歳ー4,1:31.7,0.7,曇,8.0,3.0,高知,3歳ー5,1:27.2,2.7,晴,1.0,6.0,高知,3歳ー7,1:31.0,-0.3,雨,40.5,7.0,,nar,2026-09-13,44.38,59.2,37.8,30.1,23.0,52.1,50.5,市場オッズ妙味
202665091304,2026-09-13,4,ロイヤルウンカイ,10.0,8.0,鈴木恵介,520.0,,,,,,,,,,,,,,,,,,,,,,,,,,,,,,,,,,,,,,,,nar,2026-09-13,36.0,35.0,35.0,35.0,35.0,35.0,45.0,履歴少
202665091304,2026-09-13,4,ロイヤルノチカラ,5.0,5.0,大友一馬,520.0,,,,,,,,,,,,,,,,,,,,,,,,,,,,,,,,,,,,,,,,nar,2026-09-13,36.0,35.0,35.0,35.0,35.0,35.0,45.0,履歴少
202654091304,2026-09-13,4,ロードベルファスト,2.0,2.0,井上瑛太,57.0,,5.0,4.0,佐賀,一発逆転ファイナルレ,1:30.1,0.8,晴,2.0,2.0,高知,3歳ー6,1:25.7,1.1,晴,7.0,11.0,1函館8,3歳未勝利,1:00.9,1.3,曇,4.0,5.0,門別,アルキバ特別(C1),1:16.6,2.0,晴,8.0,8.0,1新潟5,3歳未勝利,1:14.4,1.4,晴,8.3,3.0,,nar,2026-09-13,60.72,69.5,54.4,69.9,51.5,61.6,50.0,前走人気以上 / 安定感
202646091305,2026-09-13,5,アキュートガール,7.0,7.0,筒井勇介,55.0,,7.0,9.0,園田,大阪発刊45周年記念(A1A2),1:52.8,1.4,晴,9.0,10.0,園田,兵庫大賞典(重賞),1:32.2,2.1,曇,6.0,9.0,園田,兵庫女王盃(JpnIII),2:06.6,3.0,雨,10.0,12.0,姫路,白鷺賞(重賞),2:17.5,2.5,晴,6.0,7.0,姫路,早春特別A1A2,2:18.6,3.4,曇,3.3,2.0,,nar,2026-09-13,48.09,46.9,62.9,0.0,54.5,58.1,51.8,クラス条件好転 / 履歴少
202636091305,2026-09-13,5,エイシンティズナウ,4.0,4.0,関本玲花,52.0,,10.0,10.0,盛岡,3歳C2三組,1:29.4,3.1,雨,12.0,9.0,盛岡,3歳C2四組,1:16.0,2.5,曇,11.0,8.0,盛岡,DCあーしゃんず3周(3歳C2),1:30.2,3.0,曇,9.0,3.0,盛岡,3歳C2一組,1:16.8,2.6,曇,5.0,7.0,園田,生琉里町7ハロン3歳(C2),1:34.4,1.6,雨,275.1,11.0,,nar,2026-09-13,34.31,27.7,35.9,10.3,45.5,44.4,50.0,総合評価
202636091305,2026-09-13,5,エクスペクタント,8.0,6.0,高松亮,56.0,,10.0,8.0,2新潟3,3歳未勝利,1:14.2,2.2,曇,4.0,7.0,2福島7,3歳未勝利,1:09.9,0.4,曇,10.0,12.0,3京都5,3歳未勝利,1:22.1,1.8,晴,10.0,6.0,1福島5,3歳未勝利,1:10.3,1.6,晴,4.0,9.0,1福島1,3歳未勝利,1:09.5,0.9,晴,4.6,2.0,,nar,2026-09-13,46.21,44.9,53.3,35.3,32.0,55.5,50.0,前走人気以上
202654091305,2026-09-13,5,エンファサイズ,4.0,4.0,西森将司,57.0,,16.0,13.0,3東京2,小金井特別(2勝クラス),1:40.1,3.8,曇,8.0,11.0,2東京7,立川特別(2勝クラス),1:25.2,1.3,晴,6.0,15.0,1中京6,鈴鹿特別(2勝クラス),1:25.2,0.7,晴,,16.0,1東京1,4歳以上2勝クラス,,,晴,10.0,16.0,5東京5,3歳以上2勝クラス,1:39.5,1.0,曇,11.6,6.0,,nar,2026-09-13,39.03,30.1,68.3,0.0,2.0,64.9,48.8,履歴少 / 人気以上に走る傾向
202654091305,2026-09-13,5,オリエンタルナイト,2.0,2.0,多田羅誠,57.0,,9.0,8.0,高知,C2ー3,1:52.9,4.6,晴,9.0,7.0,高知,C2ー3,1:33.7,3.7,曇,7.0,5.0,高知,C2ー3,1:50.9,2.2,晴,14.0,14.0,1新潟4,五泉特別(2勝クラス),1:56.9,4.8,晴,12.0,12.0,1中京5,TAインディア賞(2勝クラス),2:17.1,1.8,晴,65.8,8.0,,nar,2026-09-13,36.92,31.4,41.6,0.0,59.0,47.7,43.8,履歴少
202636091305,2026-09-13,5,ガビーズデトワール,9.0,7.0,山本聡紀,54.0,,14.0,15.0,2中京3,3歳未勝利,1:58.2,1.8,晴,3.0,10.0,名古屋,名古屋CCピーチ賞(3歳),1:36.7,0.9,晴,12.0,15.0,2阪神3,3歳未勝利,1:27.3,3.6,小雨,,12.0,1京都9,3歳未勝利,,,晴,9.0,6.0,1京都2,3歳新馬,1:15.6,2.1,晴,8.2,5.0,,nar,2026-09-13,43.23,31.6,69.1,24.9,14.0,58.9,48.8,履歴少 / 人気以上に走る傾向
202646091305,2026-09-13,5,ガルムキャット,5.0,5.0,中島龍也,57.0,,4.0,2.0,金沢,金沢競馬は楽天競馬で(A2),1:52.7,0.5,曇,3.0,5.0,金沢,金沢競馬は楽天競馬で(A2),1:53.4,0.1,晴,4.0,6.0,金沢,金沢競馬は楽天競馬で(A2),1:53.7,0.3,晴,6.0,10.0,金沢,金沢競馬は楽天競馬で(A2),1:54.9,1.3,晴,5.0,6.0,金沢,金沢競馬は楽天競馬で(A2),1:54.1,0.6,曇,8.7,5.0,,nar,2026-09-13,65.74,74.8,56.8,85.4,53.0,63.8,56.2,金沢実績 / 履歴少 / 安定感
202665091305,2026-09-13,5,キンノロナ,6.0,6.0,赤塚健仁,590.0,,,,,,,,,,,,,,,,,,,,,,,,,,,,,,,,,,,,,,,,nar,2026-09-13,36.0,35.0,35.0,35.0,35.0,35.0,45.0,履歴少
202665091305,2026-09-13,5,クマモトイヤサカ,4.0,4.0,西謙一,610.0,,,,,,,,,,,,,,,,,,,,,,,,,,,,,,,,,,,,,,,,nar,2026-09-13,36.18,35.0,35.0,35.0,35.0,35.0,46.8,履歴少 / 前走人気以上
202636091305,2026-09-13,5,グレイスルーラー,7.0,6.0,高橋悠里,54.0,,,14.0,1札幌5,3歳未勝利,,,曇,11.0,8.0,2福島8,3歳未勝利,2:01.4,2.0,晴,3.0,8.0,2福島1,3歳未勝利,1:48.6,0.7,晴,13.0,5.0,3中山7,3歳未勝利,1:35.8,1.6,晴,7.0,10.0,3中山4,3歳未勝利,2:03.8,1.6,晴,7.4,4.0,,nar,2026-09-13,39.53,39.6,43.8,19.8,30.0,49.8,50.0,総合評価
202636091305,2026-09-13,5,コシタンタン,12.0,8.0,南郷家全,54.0,,3.0,2.0,盛岡,3歳C2五組,1:14.1,0.3,曇,10.0,9.0,1札幌3,3歳未勝利,1:00.7,1.7,曇,4.0,6.0,1函館11,3歳未勝利,1:00.1,0.5,曇,6.0,8.0,1函館6,3歳未勝利,1:00.0,1.4,晴,9.0,8.0,1函館2,3歳未勝利,1:09.7,1.2,晴,5.7,3.0,,nar,2026-09-13,57.06,60.0,50.2,50.2,75.5,58.1,50.0,近走上向き
202665091305,2026-09-13,5,コトミチャン,2.0,2.0,臼杵龍美,580.0,,,,,,,,,,,,,,,,,,,,,,,,,,,,,,,,,,,,,,,,nar,2026-09-13,36.0,35.0,35.0,35.0,35.0,35.0,45.0,履歴少
202646091305,2026-09-13,5,ゴールドブラボー,2.0,2.0,青柳正義,55.0,,3.0,6.0,金沢,お家でネット投票!楽(A2),1:31.7,0.4,晴,5.0,4.0,金沢,お家でネット投票!楽(A2),1:32.6,1.0,曇,4.0,5.0,金沢,お家でネット投票!楽(A2),1:32.6,1.1,曇,3.0,5.0,金沢,お家でネット投票!楽(A2),1:32.6,0.5,晴,5.0,2.0,金沢,お家でネット投票!楽(A2),1:33.3,0.5,雨,10.1,6.0,,nar,2026-09-13,68.02,76.8,55.9,100.0,57.5,61.1,56.4,金沢実績 / 前走人気以上 / 安定感
202654091305,2026-09-13,5,サクセスローレル,10.0,8.0,畑中信司,57.0,,11.0,15.0,3阪神5,天保山S(OP),1:24.8,1.3,雨,8.0,16.0,2阪神3,ポラリスS(OP),1:22.7,0.5,雨,13.0,16.0,5阪神8,ギャラクシーS(OP),1:25.1,1.7,晴,14.0,16.0,5中京6,コールドムーンS(OP),1:24.4,1.9,曇,15.0,16.0,3京都2,藤森S(OP),1:12.0,2.6,曇,2.5,1.0,,nar,2026-09-13,44.78,17.8,79.4,0.0,59.0,62.7,48.8,前走人気以上 / 履歴少 / 人気以上に走る傾向
202636091305,2026-09-13,5,スズットアリス,10.0,7.0,岩本怜,54.0,,8.0,12.0,盛岡,3歳C2四組,1:14.9,1.5,曇,7.0,11.0,盛岡,3歳C2三組,1:26.9,2.0,曇,8.0,11.0,盛岡,DCあーしゃんず3周(3歳C2),1:29.5,2.3,曇,11.0,11.0,盛岡,3歳C2二組,1:18.0,3.5,曇,10.0,10.0,水沢,3歳C2四組,1:25.8,3.5,小雨,403.3,12.0,,nar,2026-09-13,48.0,40.8,69.6,0.0,56.0,58.1,50.0,前走人気以上 / 人気以上に走る傾向
202665091305,2026-09-13,5,ストロングモモ,3.0,3.0,菊池一樹,590.0,,,,,,,,,,,,,,,,,,,,,,,,,,,,,,,,,,,,,,,,nar,2026-09-13,36.0,35.0,35.0,35.0,35.0,35.0,45.0,履歴少
202654091305,2026-09-13,5,スプレーフォール,6.0,6.0,濱尚美,55.0,,15.0,15.0,2新潟4,苗場特別(2勝クラス),1:57.4,5.0,曇,12.0,14.0,2東京3,4歳以上2勝クラス,1:39.2,2.5,晴,15.0,12.0,3中山3,千葉日報杯(2勝クラス),1:56.6,3.2,雨,9.0,11.0,2中山6,阿見特別(2勝クラス),2:37.8,2.8,晴,14.0,16.0,1東京8,4歳以上2勝クラス,2:14.1,2.2,晴,12.7,7.0,,nar,2026-09-13,31.73,8.2,52.8,0.0,35.0,54.8,48.8,履歴少 / 市場オッズ妙味
202636091305,2026-09-13,5,スーパーハイウェイ,5.0,5.0,菅原辰徳,56.0,,2.0,1.0,盛岡,3歳C2六組,1:13.3,0.3,曇,12.0,13.0,2新潟2,3歳未勝利,1:36.3,1.1,雨,10.0,9.0,2東京11,3歳未勝利,1:21.8,0.8,晴,8.0,8.0,2中山7,3歳未勝利,1:57.3,1.8,晴,10.0,6.0,2中山2,3歳未勝利,1:57.1,2.1,晴,1.9,1.0,,nar,2026-09-13,50.71,45.8,45.3,30.4,98.0,48.0,48.8,履歴少 / 近走上向き
202636091305,2026-09-13,5,タカマキセブン,2.0,2.0,佐々木志,54.0,,6.0,7.0,盛岡,3歳C2三組,1:27.9,1.6,雨,11.0,10.0,盛岡,3歳C2四組,1:15.7,2.2,曇,8.0,8.0,盛岡,3歳,1:14.3,2.7,小雨,9.0,7.0,盛岡,DCあーしゃんず3周(3歳C2),1:29.6,2.4,曇,10.0,8.0,盛岡,3歳C2一組,1:17.1,2.9,曇,256.9,10.0,,nar,2026-09-13,42.76,40.1,46.9,0.0,71.0,48.3,50.0,近走上向き
202665091305,2026-09-13,5,トヨミヒラリ,1.0,1.0,渡来心路,590.0,,,,,,,,,,,,,,,,,,,,,,,,,,,,,,,,,,,,,,,,nar,2026-09-13,36.0,35.0,35.0,35.0,35.0,35.0,45.0,履歴少
202654091305,2026-09-13,5,ナチュラルスマイル,7.0,7.0,塚本直之,52.0,,10.0,10.0,高知,C3ー9,1:37.0,6.4,晴,12.0,9.0,高知,ファイナルレース(C3),1:33.4,6.6,晴,5.0,5.0,高知,C3ー11,0:50.1,1.8,曇,9.0,6.0,高知,C3ー12,1:37.7,7.6,晴,7.0,6.0,高知,C3ー12,1:26.4,3.9,雨,151.4,9.0,,nar,2026-09-13,38.25,35.6,41.0,19.8,39.5,46.4,48.5,総合評価
202646091305,2026-09-13,5,ネオネオモッズ,8.0,8.0,加藤翔馬,57.0,,4.0,6.0,盛岡,ハダル賞(B2),1:39.3,0.9,曇,8.0,4.0,盛岡,いわて北緯40度葛巻(B2),1:41.0,1.6,晴,4.0,7.0,盛岡,B2二組,1:39.9,0.5,曇,,,盛岡,ジュライC(B2),,,曇,6.0,4.0,盛岡,ドンフランキー特別(B2),1:40.0,1.2,晴,2.7,1.0,,nar,2026-09-13,55.93,64.7,50.0,50.2,62.0,53.4,48.8,履歴少
202636091305,2026-09-13,5,ノアシルヴィ,1.0,1.0,大坪慎,54.0,,9.0,8.0,盛岡,3歳C2四組,1:15.2,1.8,曇,4.0,4.0,盛岡,3歳C2五組,1:14.9,0.8,曇,6.0,7.0,盛岡,3歳C2五組,1:14.4,1.2,晴,3.0,4.0,盛岡,うまレター賞(3歳C2),1:15.6,1.5,曇,3.0,5.0,盛岡,3歳C2四組,1:15.5,1.0,晴,102.9,7.0,,nar,2026-09-13,50.98,62.7,51.7,49.8,20.0,55.5,48.8,履歴少
202646091305,2026-09-13,5,ハクサンミラクル,6.0,6.0,吉原寛人,57.0,,6.0,2.0,金沢,金沢競馬は楽天競馬で(A2),1:54.0,0.7,晴,3.0,7.0,金沢,金沢競馬は楽天競馬で(A2),1:53.5,0.1,晴,8.0,7.0,金沢,金沢競馬は楽天競馬で(A2),1:55.6,2.0,晴,2.0,3.0,金沢,金沢競馬は楽天競馬で(A2),1:53.6,0.1,曇,10.0,2.0,金沢,金沢競馬は楽天競馬で(A2),1:56.2,2.0,曇,7.9,4.0,,nar,2026-09-13,50.84,64.2,42.3,39.5,48.5,51.4,49.6,履歴少
202654091305,2026-09-13,5,パーセルペーパー,1.0,1.0,新庄海誠,57.0,,9.0,9.0,2小倉3,障害3歳以上未勝利,3:18.8,3.3,雨,11.0,7.0,1新潟7,障害4歳以上未勝利,3:16.3,4.9,晴,6.0,7.0,1小倉10,障害4歳以上未勝利,3:19.1,1.9,晴,11.0,9.0,5阪神8,障害3歳以上未勝利,3:29.2,4.6,晴,6.0,12.0,5東京4,3歳以上1勝クラス,2:00.3,0.6,晴,7.5,3.0,,nar,2026-09-13,39.59,36.9,46.7,0.0,47.0,52.9,50.0,総合評価
202646091305,2026-09-13,5,ビスクウィザード,4.0,4.0,沖静男,57.0,,9.0,8.0,金沢,金沢競馬は楽天競馬で(A2),1:55.9,2.5,晴,9.0,5.0,金沢,金沢競馬は楽天競馬で(A2),1:58.1,4.5,晴,1.0,5.0,金沢,金沢競馬は楽天競馬で(A2),1:53.5,-0.1,曇,2.0,8.0,金沢,金沢競馬は楽天競馬で(A2),1:54.4,0.2,曇,3.0,3.0,金沢,国造ゆず特別(B1),1:39.0,0.5,曇,7.0,3.0,,nar,2026-09-13,51.39,61.8,52.6,44.7,18.5,61.5,52.9,金沢実績 / 履歴少
202665091305,2026-09-13,5,ブラックチャーム,7.0,7.0,林康文,590.0,,,,,,,,,,,,,,,,,,,,,,,,,,,,,,,,,,,,,,,,nar,2026-09-13,36.0,35.0,35.0,35.0,35.0,35.0,45.0,履歴少
202654091305,2026-09-13,5,ブルジョア,3.0,3.0,上田将司,55.0,,11.0,12.0,高知,ファイナルレース(C3),1:38.1,3.2,晴,7.0,8.0,高知,C3ー11,1:28.4,6.4,晴,9.0,9.0,高知,C3ー12,1:49.8,6.8,曇,6.0,7.0,高知,C3ー12,1:35.1,5.0,晴,6.0,7.0,高知,C3ー12,1:26.1,3.6,雨,354.1,10.0,,nar,2026-09-13,40.12,41.1,55.6,0.0,26.0,53.5,46.5,総合評価
202646091305,2026-09-13,5,ボルネオ,3.0,3.0,魚住謙心,57.0,,6.0,6.0,金沢,金沢競馬は楽天競馬で(A2),1:54.5,2.3,曇,4.0,4.0,金沢,金沢競馬は楽天競馬で(A2),1:53.8,0.5,晴,5.0,5.0,金沢,金沢競馬は楽天競馬で(A2),1:53.9,0.5,晴,4.0,2.0,金沢,金沢競馬は楽天競馬で(A2),1:54.6,1.0,晴,6.0,6.0,佐賀,小岱山賞,2:00.0,1.9,曇,23.9,8.0,,nar,2026-09-13,55.97,67.9,48.0,59.3,42.5,55.0,55.3,金沢実績 / 履歴少 / 市場オッズ妙味
202646091305,2026-09-13,5,マイネルシスネロス,1.0,1.0,甲賀弘隆,57.0,,3.0,6.0,金沢,お家でネット投票!楽(A2),1:32.2,0.7,曇,5.0,3.0,金沢,金沢競馬は楽天競馬で(A2),1:54.9,0.7,曇,2.0,6.0,金沢,お家でネット投票!楽(A2),1:33.1,0.7,晴,,7.0,名古屋,若紫特別(A),,,曇,12.0,11.0,金沢,白山大賞典(JpnIII),2:23.2,12.4,曇,23.0,7.0,,nar,2026-09-13,65.74,72.5,59.0,75.1,70.0,59.5,55.3,金沢実績 / 前走人気以上 / 履歴少 / 近走上向き
202654091305,2026-09-13,5,メイショウクリフト,5.0,5.0,赤岡修次,57.0,,16.0,16.0,2中京3,桶狭間S(3勝クラス),1:28.3,4.8,晴,15.0,14.0,1阪神5,なにわS(3勝クラス),1:13.0,1.9,曇,11.0,9.0,4阪神2,オークランドTRT(3勝クラス),1:12.8,2.3,晴,6.0,9.0,4中京2,長篠S(3勝クラス),1:08.0,0.8,晴,16.0,16.0,2小倉7,テレQ杯(3勝クラス),1:09.9,1.3,曇,3.3,2.0,,nar,2026-09-13,30.39,12.7,48.6,0.0,26.0,51.3,48.8,履歴少
202665091305,2026-09-13,5,ヤマトリキ,9.0,8.0,金田利貴,610.0,,,,,,,,,,,,,,,,,,,,,,,,,,,,,,,,,,,,,,,,nar,2026-09-13,36.18,35.0,35.0,35.0,35.0,35.0,46.8,履歴少
202665091305,2026-09-13,5,ラブファンタジー,10.0,8.0,阿部武臣,590.0,,,,,,,,,,,,,,,,,,,,,,,,,,,,,,,,,,,,,,,,nar,2026-09-13,36.0,35.0,35.0,35.0,35.0,35.0,45.0,履歴少
202636091305,2026-09-13,5,リスペクトライト,11.0,8.0,山本政聡,56.0,,7.0,6.0,盛岡,3歳C2四組,1:14.9,1.5,曇,3.0,6.0,盛岡,3歳C2五組,1:14.6,0.5,曇,8.0,2.0,盛岡,3歳C2四組,1:15.4,1.9,晴,3.0,6.0,門別,アルキバ特別(C1),1:15.7,1.1,晴,14.0,15.0,1福島5,3歳未勝利,1:12.8,3.8,晴,24.1,6.0,,nar,2026-09-13,51.09,57.7,48.6,39.5,50.0,54.7,48.8,履歴少 / 市場オッズ妙味
202636091305,2026-09-13,5,リトルエンジェル,6.0,5.0,塚本涼人,54.0,,6.0,10.0,盛岡,3歳C2四組,1:14.7,1.3,曇,5.0,7.0,盛岡,3歳C2五組,1:14.9,0.8,曇,6.0,6.0,盛岡,3歳C2四組,1:14.6,1.1,晴,4.0,7.0,盛岡,うまレター賞(3歳C2),1:15.8,1.7,曇,8.0,7.0,盛岡,3歳C2三組,1:17.8,4.2,曇,225.1,8.0,,nar,2026-09-13,56.52,62.7,64.3,39.5,48.5,57.8,48.8,前走人気以上 / 履歴少
202665091305,2026-09-13,5,レディームキムキ,8.0,7.0,長澤幸太,590.0,,,,,,,,,,,,,,,,,,,,,,,,,,,,,,,,,,,,,,,,nar,2026-09-13,36.0,35.0,35.0,35.0,35.0,35.0,45.0,履歴少
202654091305,2026-09-13,5,ロクサーヌ,8.0,7.0,宮川実,55.0,,5.0,3.0,高知,C3ー9,1:33.3,2.7,晴,4.0,4.0,高知,C3ー11,1:23.7,1.7,晴,11.0,5.0,3阪神2,3歳未勝利,1:59.2,2.1,晴,10.0,3.0,2京都8,3歳未勝利,1:54.4,2.2,晴,,,,,,,,8.6,4.0,,nar,2026-09-13,48.86,53.1,28.0,55.3,70.0,47.0,56.4,高知実績 / 近走上向き
202654091305,2026-09-13,5,ヴァリアントマーチ,9.0,8.0,木村直輝,55.0,,16.0,16.0,2中京6,3歳以上1勝クラス,1:27.6,3.0,曇,9.0,12.0,3京都6,4歳以上1勝クラス,1:09.0,1.6,晴,15.0,13.0,1福島6,4歳以上1勝クラス,1:09.8,1.3,晴,15.0,17.0,5中京3,3歳以上1勝クラス,1:09.4,1.1,晴,11.0,11.0,4中山6,3歳以上1勝クラス,1:13.7,2.3,曇,8.9,5.0,,nar,2026-09-13,32.14,11.0,54.5,0.0,29.0,54.4,48.8,履歴少
202665091305,2026-09-13,5,ヴィクトワールラン,5.0,5.0,阿部優哉,610.0,,,,,,,,,,,,,,,,,,,,,,,,,,,,,,,,,,,,,,,,nar,2026-09-13,36.0,35.0,35.0,35.0,35.0,35.0,45.0,履歴少
202636091305,2026-09-13,5,ヴィーナスキック,3.0,3.0,斉藤友香,50.0,,11.0,7.0,盛岡,3歳C2四組,1:15.9,2.5,曇,7.0,12.0,盛岡,3歳C2四組,1:14.6,1.1,曇,9.0,9.0,盛岡,3歳C2四組,1:15.7,2.2,晴,9.0,7.0,盛岡,安比高原夏休み賞(3歳C2),1:16.6,3.3,曇,9.0,6.0,盛岡,3歳C2二組,1:16.8,2.3,曇,252.6,9.0,,nar,2026-09-13,36.71,35.1,46.0,0.0,35.0,48.3,48.8,履歴少
202665091306,2026-09-13,6,アショロノチカラ,6.0,6.0,長澤幸太,620.0,,,,,,,,,,,,,,,,,,,,,,,,,,,,,,,,,,,,,,,,nar,2026-09-13,36.0,35.0,35.0,35.0,35.0,35.0,45.0,履歴少
202646091306,2026-09-13,6,アメジストロード,7.0,6.0,吉原寛人,57.0,,1.0,1.0,金沢,神代れいん生誕祭20(B1),1:38.5,-0.7,曇,1.0,1.0,金沢,金沢城鼠多門賞【サラ(重賞),2:07.3,-0.9,晴,1.0,1.0,金沢,3歳A 4,1:38.4,-1.3,曇,1.0,1.0,金沢,3歳B 4,1:39.3,-3.8,曇,6.0,6.0,3京都11,3歳未勝利,1:47.0,1.3,晴,5.1,3.0,,nar,2026-09-13,70.3,95.9,50.0,89.7,57.5,56.9,58.2,金沢実績 / クラス条件好転 / 安定感
202654091306,2026-09-13,6,アラタマファルクス,3.0,3.0,塚本直之,52.0,,11.0,8.0,高知,C3ー9,1:37.7,7.1,晴,8.0,8.0,高知,C3ー10,1:27.7,4.7,晴,8.0,8.0,高知,C3ー11,0:51.3,3.0,曇,7.0,9.0,高知,C3ー12,1:35.8,5.7,晴,8.0,8.0,高知,C3ー12,1:27.9,5.4,雨,632.4,10.0,,nar,2026-09-13,36.91,37.9,45.7,0.0,30.5,50.3,46.5,総合評価
202636091306,2026-09-13,6,エメラルドテソーロ,4.0,4.0,大坪慎,54.0,,11.0,4.0,盛岡,3歳C2三組,1:33.0,6.7,雨,2.0,5.0,盛岡,3歳C2五組,1:14.2,0.1,曇,4.0,6.0,盛岡,3歳C2五組,1:14.2,1.0,晴,9.0,2.0,盛岡,うまレター賞(3歳C2),1:16.9,2.8,曇,5.0,6.0,盛岡,3歳C2三組,1:14.6,1.0,曇,37.5,7.0,,nar,2026-09-13,44.88,56.3,36.7,55.0,14.0,51.1,48.8,履歴少 / 市場オッズ妙味
202665091306,2026-09-13,6,カナデ,8.0,7.0,赤塚健仁,600.0,,,,,,,,,,,,,,,,,,,,,,,,,,,,,,,,,,,,,,,,nar,2026-09-13,36.0,35.0,35.0,35.0,35.0,35.0,45.0,履歴少
202646091306,2026-09-13,6,キャンパスレディ,3.0,3.0,栗原大河,55.0,,2.0,2.0,金沢,石川門C(3歳),1:31.5,0.1,晴,2.0,3.0,金沢,3歳A 2,1:38.4,0.1,曇,9.0,9.0,金沢,兼六園スプリント(重賞),1:41.3,3.8,雨,4.0,12.0,金沢,石川優駿(重賞),2:17.7,2.3,曇,2.0,4.0,金沢,咲希9歳!里咲はもう(3歳),1:33.6,0.4,晴,84.6,10.0,,nar,2026-09-13,68.09,78.6,61.4,80.2,63.5,60.6,56.2,金沢実績 / 履歴少 / 安定感
202646091306,2026-09-13,6,キングボールダー,5.0,5.0,魚住謙心,57.0,,4.0,2.0,金沢,夫婦岩特別(3歳),1:32.1,1.2,曇,1.0,1.0,金沢,星奈ちゃん1歳お誕生(3歳),1:32.1,-0.1,晴,1.0,1.0,金沢,祝!ゆっきー支店長就(3歳),1:39.5,-2.1,晴,1.0,1.0,金沢,3歳B 6,1:40.3,-0.5,曇,3.0,3.0,金沢,3歳B 4,1:39.5,0.1,曇,67.4,9.0,,nar,2026-09-13,65.62,91.1,45.7,100.0,35.0,52.2,56.4,金沢実績 / 安定感
202636091306,2026-09-13,6,グラッドキングダム,3.0,3.0,坂井瑛音,55.0,,9.0,11.0,盛岡,3歳C2三組,1:29.1,2.8,雨,10.0,11.0,盛岡,3歳C2四組,1:15.6,2.1,曇,8.0,8.0,盛岡,3歳C2三組,1:27.2,2.3,曇,10.0,10.0,盛岡,DCあーしゃんず3周(3歳C2),1:30.1,2.9,曇,6.0,9.0,盛岡,3歳C2一組,1:15.9,1.7,曇,228.3,12.0,,nar,2026-09-13,42.61,36.9,58.2,0.0,47.0,54.8,50.0,総合評価
202646091306,2026-09-13,6,グリーゼ,11.0,8.0,米倉知,56.0,,,,金沢,金沢城鼠多門賞【サラ(重賞),,,晴,1.0,2.0,金沢,石川優駿(重賞),2:15.4,-1.6,曇,1.0,5.0,金沢,北日本新聞杯【石川優(重賞),1:54.3,-1.3,晴,2.0,2.0,金沢,ノトキリシマ賞(重賞),1:40.7,1.1,曇,6.0,6.0,金沢,ネクストスター中日本(重賞),1:34.8,1.2,曇,8.7,4.0,,nar,2026-09-13,69.32,92.4,60.5,59.3,62.0,63.3,55.3,金沢実績 / 履歴少
202654091306,2026-09-13,6,ケイアイシェルビー,2.0,2.0,岡村卓弥,57.0,,1.0,1.0,高知,C3ー10,1:23.0,-0.6,晴,12.0,16.0,2東京11,アハルテケS(OP),1:36.6,1.6,晴,6.0,12.0,3京都1,天王山S(OP),1:11.0,0.6,晴,10.0,11.0,1阪神2,令月S(OP),1:12.5,1.4,曇,7.0,14.0,5阪神8,ギャラクシーS(OP),1:24.0,0.6,晴,1.0,1.0,,nar,2026-09-13,61.49,54.7,71.4,30.4,96.5,61.7,51.8,クラス条件好転 / 人気以上に走る傾向 / 近走上向き
202646091306,2026-09-13,6,ケーズコマクサ,12.0,8.0,青柳正義,55.0,,1.0,1.0,金沢,石川門C(3歳),1:31.4,-0.1,晴,1.0,1.0,金沢,能登復興支援須須神社(B1特別),1:38.8,-0.9,曇,6.0,2.0,金沢,兼六園スプリント(重賞),1:40.3,2.8,雨,5.0,4.0,金沢,石川優駿(重賞),2:18.1,2.7,曇,12.0,3.0,金沢,北日本新聞杯【石川優(重賞),1:59.1,4.8,晴,23.3,7.0,,nar,2026-09-13,60.98,78.3,36.9,69.9,80.0,47.2,55.9,金沢実績 / クラス条件好転 / 履歴少 / 近走上向き
202654091306,2026-09-13,6,コントリビュート,4.0,4.0,山崎雅由,57.0,,11.0,10.0,高知,五台山特別,1:27.9,3.6,晴,9.0,11.0,門別,沙流川温泉ひだか高原(C4),1:03.2,1.1,晴,8.0,11.0,門別,3歳以上C4ー2,1:03.9,2.1,晴,12.0,6.0,門別,グランシャリオドリー(C4),1:17.3,2.3,曇,8.0,9.0,門別,3歳以上C4ー2,1:03.5,1.8,晴,197.2,6.0,,nar,2026-09-13,37.09,30.0,50.1,0.0,39.5,50.3,48.8,履歴少
202636091306,2026-09-13,6,サトノトリニティ,10.0,7.0,山本政聡,56.0,,10.0,7.0,2小倉3,3歳未勝利,2:47.2,6.1,曇,5.0,10.0,3阪神3,3歳未勝利,2:07.9,0.4,晴,9.0,4.0,3京都8,3歳未勝利,2:05.5,4.3,晴,7.0,5.0,3京都1,3歳未勝利,2:13.5,1.0,晴,9.0,6.0,2阪神4,3歳未勝利,2:29.7,3.3,晴,6.1,3.0,,nar,2026-09-13,41.12,43.9,41.2,24.9,35.0,48.3,50.0,総合評価
202646091306,2026-09-13,6,シャンパンスター,4.0,4.0,山中悠希,55.0,,1.0,1.0,金沢,3歳A 3,1:37.3,-2.1,曇,8.0,6.0,2中京4,3歳以上1勝クラス,1:57.4,1.1,晴,7.0,2.0,2小倉1,3歳未勝利,1:45.3,0.8,曇,3.0,6.0,3京都12,3歳未勝利,1:54.1,0.6,晴,7.0,6.0,3京都7,3歳未勝利,1:26.5,1.5,晴,2.7,1.0,,nar,2026-09-13,56.95,69.3,41.9,45.0,81.5,51.0,51.8,クラス条件好転 / 履歴少 / 近走上向き
202646091306,2026-09-13,6,シルヴァバローズ,9.0,7.0,柴田勇真,55.0,,7.0,12.0,金沢,3歳A 2,1:40.2,1.9,曇,8.0,10.0,金沢,3歳A 3,1:41.0,2.9,曇,7.0,10.0,金沢,3歳A 2,1:35.4,2.0,晴,7.0,11.0,金沢,兼六園スプリント(重賞),1:40.7,3.2,雨,6.0,8.0,金沢,3歳A 2,1:42.3,2.4,曇,999.9,12.0,,nar,2026-09-13,51.42,50.8,73.8,0.0,50.0,63.0,46.5,前走人気以上 / 人気以上に走る傾向
202665091306,2026-09-13,6,ジェイノヒメ,4.0,4.0,西将太,600.0,,,,,,,,,,,,,,,,,,,,,,,,,,,,,,,,,,,,,,,,nar,2026-09-13,36.0,35.0,35.0,35.0,35.0,35.0,45.0,履歴少
202636091306,2026-09-13,6,ジョイグリーン,2.0,2.0,高橋悠里,56.0,,4.0,1.0,盛岡,3歳C2三組,1:27.0,0.7,雨,3.0,2.0,笠松,大井宿特別(3歳),1:30.6,1.2,晴,10.0,12.0,3東京4,3歳未勝利,2:15.9,3.4,曇,4.0,2.0,船橋,ナイスビット特別(3歳未格),1:45.4,0.6,曇,7.0,6.0,3中山7,3歳未勝利,1:56.5,1.7,晴,2.7,1.0,,nar,2026-09-13,56.68,66.0,41.9,69.9,62.0,51.0,51.8,クラス条件好転 / 履歴少 / 安定感
202654091306,2026-09-13,6,スクーバー,1.0,1.0,永森大智,57.0,,7.0,4.0,高知,C3ー9,1:35.0,4.4,晴,3.0,2.0,高知,C3ー11,1:23.7,1.7,晴,3.0,2.0,高知,C3ー12,1:30.5,0.4,晴,4.0,3.0,高知,C3ー14,1:29.9,0.9,曇,3.0,1.0,高知,C3ー13,1:25.9,1.1,晴,7.1,2.0,,nar,2026-09-13,54.13,73.1,38.0,69.6,27.5,53.1,54.5,高知実績 / 安定感
202646091306,2026-09-13,6,スターキャンディ,10.0,7.0,望月洵輝,55.0,,1.0,1.0,金沢,B25,1:32.3,-0.5,晴,2.0,2.0,金沢,金沢城鼠多門賞【サラ(重賞),2:08.2,0.9,晴,3.0,1.0,金沢,兼六園スプリント(重賞),1:38.7,1.2,雨,1.0,1.0,金沢,3歳A 3,1:32.0,-1.6,曇,1.0,1.0,金沢,りの様生誕記念ナイス(3歳),1:39.6,-2.3,曇,15.5,5.0,,nar,2026-09-13,70.71,94.8,47.2,100.0,54.5,60.4,58.2,金沢実績 / クラス条件好転 / 安定感 / 市場オッズ妙味
202636091306,2026-09-13,6,スタープレイン,9.0,7.0,南郷家全,56.0,,3.0,5.0,盛岡,3歳C2三組,1:27.0,0.7,雨,3.0,6.0,名古屋,ハンブルグ疾風戦(3歳),0:57.3,0.1,晴,9.0,8.0,名古屋,名古屋モーニングフィ(3歳),1:38.1,1.8,曇,10.0,8.0,名古屋,3歳8組,1:39.2,3.0,晴,9.0,8.0,名古屋,3歳6組,1:38.8,2.2,小雨,9.7,5.0,,nar,2026-09-13,59.85,61.4,55.3,55.3,78.5,60.3,48.8,履歴少 / 近走上向き
202665091306,2026-09-13,6,ツガルミサキ,3.0,3.0,今井千尋,610.0,,,,,,,,,,,,,,,,,,,,,,,,,,,,,,,,,,,,,,,,nar,2026-09-13,36.0,35.0,35.0,35.0,35.0,35.0,45.0,履歴少
202654091306,2026-09-13,6,トラジロウ,9.0,8.0,石本純也,57.0,,12.0,10.0,高知,C1ー3,1:37.7,7.4,曇,11.0,7.0,高知,C1ー3,1:52.9,8.6,曇,11.0,5.0,高知,のれそれ特別(B),1:37.5,7.2,晴,7.0,9.0,高知,AB混合,1:32.1,3.2,曇,7.0,2.0,高知,Bー2,1:38.1,6.7,晴,242.0,7.0,,nar,2026-09-13,28.07,25.5,28.9,0.0,32.0,41.2,43.8,履歴少
202654091306,2026-09-13,6,トーセンブレンダ,10.0,8.0,大澤誠志,55.0,,12.0,10.0,高知,ファイナルレース(C3),1:39.4,4.5,晴,8.0,9.0,高知,C3ー11,1:28.5,6.5,晴,6.0,6.0,高知,C3ー11,0:50.6,2.3,曇,8.0,8.0,高知,C3ー12,1:36.4,6.3,晴,12.0,7.0,高知,ファイナルレース(C3),1:28.0,4.3,曇,411.3,9.0,,nar,2026-09-13,34.8,34.1,43.9,0.0,29.0,47.0,46.5,総合評価
202636091306,2026-09-13,6,ナディア,7.0,6.0,小林凌,54.0,,3.0,1.0,盛岡,3歳C2四組,1:13.8,0.4,曇,2.0,2.0,盛岡,3歳C2六組,1:13.6,0.1,曇,12.0,7.0,2福島3,3歳未勝利,1:09.9,1.6,曇,8.0,5.0,1福島5,3歳未勝利,2:01.6,1.2,晴,7.0,10.0,2中山6,3歳未勝利,2:01.3,1.0,晴,3.1,2.0,,nar,2026-09-13,54.38,62.6,37.9,55.3,75.5,50.3,50.0,近走上向き
202646091306,2026-09-13,6,ニャンタロウ,6.0,5.0,加藤翔馬,57.0,,1.0,1.0,金沢,3歳A 3,1:38.1,-1.5,曇,1.0,1.0,金沢,3歳A 2,1:38.3,-0.1,曇,8.0,8.0,3東京5,3歳以上1勝クラス,1:36.9,1.3,雨,15.0,13.0,1新潟1,わらび賞(1勝クラス),1:57.1,3.9,晴,10.0,9.0,1中山8,3歳1勝クラス,1:57.3,2.6,晴,2.8,2.0,,nar,2026-09-13,61.4,66.9,47.2,55.3,95.0,52.4,59.5,金沢実績 / 履歴少 / 近走上向き
202665091306,2026-09-13,6,ハートキング,9.0,8.0,村上章,620.0,,,,,,,,,,,,,,,,,,,,,,,,,,,,,,,,,,,,,,,,nar,2026-09-13,36.0,35.0,35.0,35.0,35.0,35.0,45.0,履歴少
202646091306,2026-09-13,6,パッションビート,1.0,1.0,筒井勇介,55.0,,1.0,1.0,金沢,B12,1:30.9,-0.5,曇,1.0,1.0,金沢,高島美稀お誕生日記念(B1特別),1:38.7,-0.3,曇,5.0,3.0,金沢,金沢城鼠多門賞【サラ(重賞),2:09.7,2.4,晴,2.0,8.0,金沢,兼六園スプリント(重賞),1:38.4,0.9,雨,6.0,11.0,金沢,石川優駿(重賞),2:18.2,2.8,曇,22.7,6.0,,nar,2026-09-13,71.31,88.4,57.0,89.7,65.0,62.1,56.3,金沢実績 / クラス条件好転 / 近走上向き / 安定感
202654091306,2026-09-13,6,ピクラリーダ,6.0,6.0,,,,16.0,16.0,2福島3,3歳以上1勝クラス,1:10.6,2.1,晴,14.0,13.0,3東京2,3歳以上1勝クラス,1:28.0,3.1,曇,14.0,14.0,1福島6,4歳以上1勝クラス,1:11.1,1.6,晴,16.0,15.0,2中山4,4歳以上1勝クラス,1:14.5,3.6,晴,15.0,14.0,4中山1,3歳以上1勝クラス,1:14.0,2.6,晴,,,,nar,2026-09-13,27.84,0.0,46.5,0.0,42.5,47.0,50.0,総合評価
202636091306,2026-09-13,6,ピルスナー,8.0,6.0,山本聡紀,54.0,,5.0,8.0,盛岡,3歳C2三組,1:27.6,1.3,雨,8.0,7.0,盛岡,3歳C2四組,1:14.8,1.3,曇,3.0,10.0,盛岡,3歳C2四組,1:14.5,1.0,晴,8.0,8.0,盛岡,安比高原夏休み賞(3歳C2),1:16.5,3.2,曇,6.0,10.0,盛岡,3歳C2二組,1:16.1,1.6,曇,80.6,9.0,,nar,2026-09-13,59.64,60.9,67.2,50.2,57.5,62.0,48.8,前走人気以上 / 履歴少 / 人気以上に走る傾向
202636091306,2026-09-13,6,ファイヤサラマンダ,5.0,5.0,菅原辰徳,56.0,,8.0,8.0,盛岡,3歳C2二組,1:27.3,2.5,雨,5.0,5.0,盛岡,3歳C2三組,1:27.5,1.7,晴,11.0,8.0,園田,C3,1:23.0,2.6,晴,2.0,5.0,園田,柞田7ハロン3歳C2,1:34.2,0.7,曇,7.0,6.0,園田,蒲江7ハロン3歳C2,1:33.7,0.9,晴,45.8,8.0,,nar,2026-09-13,48.35,53.1,48.2,39.5,39.5,54.1,48.8,履歴少 / 市場オッズ妙味
202646091306,2026-09-13,6,ベラジオスパーク,8.0,6.0,塚本征吾,57.0,,3.0,4.0,金沢,金沢城鼠多門賞【サラ(重賞),2:08.2,0.9,晴,3.0,8.0,金沢,石川優駿(重賞),2:17.0,1.6,曇,4.0,7.0,金沢,北日本新聞杯【石川優(重賞),1:56.2,1.9,晴,3.0,5.0,金沢,金沢競馬は楽天競馬で(B1),1:42.1,0.7,曇,8.0,9.0,金沢,ネクストスター中日本(重賞),1:35.1,1.5,曇,43.3,8.0,,nar,2026-09-13,70.44,78.3,67.8,89.7,59.0,64.1,54.5,金沢実績 / 人気以上に走る傾向 / 安定感 / 市場オッズ妙味
202665091306,2026-09-13,6,ホクセイソウリ,1.0,1.0,中村太陽,620.0,,,,,,,,,,,,,,,,,,,,,,,,,,,,,,,,,,,,,,,,nar,2026-09-13,36.0,35.0,35.0,35.0,35.0,35.0,45.0,履歴少
202665091306,2026-09-13,6,ホクトノユメ,2.0,2.0,島津新,620.0,,,,,,,,,,,,,,,,,,,,,,,,,,,,,,,,,,,,,,,,nar,2026-09-13,36.0,35.0,35.0,35.0,35.0,35.0,45.0,履歴少
202665091306,2026-09-13,6,マルホンポナ,5.0,5.0,中原蓮,600.0,,,,,,,,,,,,,,,,,,,,,,,,,,,,,,,,,,,,,,,,nar,2026-09-13,36.0,35.0,35.0,35.0,35.0,35.0,45.0,履歴少
202665091306,2026-09-13,6,ミスキャップ,10.0,8.0,菊池一樹,600.0,,,,,,,,,,,,,,,,,,,,,,,,,,,,,,,,,,,,,,,,nar,2026-09-13,36.0,35.0,35.0,35.0,35.0,35.0,45.0,履歴少
202654091306,2026-09-13,6,ミスターディジェイ,8.0,7.0,多田羅誠,57.0,,11.0,4.0,高知,C2ー3,1:28.0,3.2,晴,13.0,8.0,1小倉4,4歳以上1勝クラス,1:00.2,1.5,曇,8.0,5.0,2札幌2,3歳以上1勝クラス,1:00.7,1.3,晴,11.0,9.0,1函館12,3歳以上1勝クラス,1:00.1,1.2,晴,7.0,10.0,1函館5,3歳以上1勝クラス,0:59.1,0.6,晴,11.1,3.0,,nar,2026-09-13,28.48,24.1,22.4,0.0,42.5,43.6,51.8,クラス条件好転 / 履歴少
202646091306,2026-09-13,6,ムムターズショコラ,2.0,2.0,松戸政也,55.0,,4.0,6.0,金沢,石川門C(3歳),1:32.4,1.0,晴,2.0,3.0,金沢,3歳A 2,1:33.9,0.5,晴,11.0,10.0,金沢,石川優駿(重賞),2:19.8,4.4,曇,2.0,3.0,金沢,3歳A 2,1:39.9,0.3,晴,9.0,10.0,金沢,北日本新聞杯【石川優(重賞),1:56.7,2.4,晴,214.0,11.0,,nar,2026-09-13,61.25,67.1,56.4,69.9,62.0,56.1,52.5,金沢実績 / 安定感
202636091306,2026-09-13,6,モンサンジャスミン,11.0,8.0,塚本涼人,54.0,,7.0,6.0,盛岡,3歳C2三組,1:28.0,1.7,雨,5.0,10.0,盛岡,3歳C2三組,1:26.5,1.6,曇,9.0,12.0,盛岡,アンバー賞(3歳),1:47.6,3.3,曇,7.0,8.0,盛岡,3歳C2二組,1:16.1,1.6,曇,11.0,12.0,水沢,3歳C1二組,1:34.8,2.8,曇,139.6,10.0,,nar,2026-09-13,51.49,49.5,62.5,24.9,56.0,57.4,48.8,履歴少
202665091306,2026-09-13,6,ヤマノシテンノウ,7.0,7.0,吉田理人,610.0,,,,,,,,,,,,,,,,,,,,,,,,,,,,,,,,,,,,,,,,nar,2026-09-13,36.0,35.0,35.0,35.0,35.0,35.0,45.0,履歴少
202636091306,2026-09-13,6,ラブデウザ,6.0,5.0,山本聡哉,54.0,,7.0,7.0,1札幌6,3歳未勝利,1:01.1,2.1,晴,5.0,7.0,1函館12,3歳未勝利,0:59.6,0.9,小雨,9.0,11.0,1函館4,3歳未勝利,1:00.9,1.7,小雨,9.0,9.0,1福島6,3歳未勝利,1:11.6,2.9,晴,6.0,5.0,2中山7,3歳未勝利,1:14.2,1.3,晴,6.5,4.0,,nar,2026-09-13,49.98,51.3,55.5,24.9,51.5,57.9,50.0,総合評価
202636091306,2026-09-13,6,ララクロシェット,12.0,8.0,高松亮,54.0,,2.0,5.0,盛岡,3歳C2五組,1:14.1,0.3,曇,3.0,5.0,盛岡,3歳C2六組,1:13.9,0.4,曇,4.0,4.0,盛岡,3歳C2六組,1:15.6,2.9,晴,5.0,6.0,盛岡,3歳C2六組,1:15.1,1.5,曇,7.0,3.0,盛岡,3歳C2四組,1:16.1,1.6,晴,16.4,6.0,,nar,2026-09-13,68.56,79.2,58.0,89.7,66.5,63.2,48.8,前走人気以上 / 履歴少 / 近走上向き / 安定感
202654091306,2026-09-13,6,リコーリュウセイ,7.0,7.0,,,,8.0,10.0,高知,C3ー2,1:35.9,3.1,晴,9.0,11.0,高知,C3ー2,1:49.8,3.6,曇,9.0,10.0,高知,C3ー2,1:25.8,2.7,曇,11.0,10.0,高知,C3ー2,1:34.6,1.4,曇,8.0,10.0,高知,C3ー2,1:26.1,2.5,晴,,,,nar,2026-09-13,43.75,36.9,59.6,0.0,57.5,56.0,43.8,履歴少
202654091306,2026-09-13,6,リゼレインボー,5.0,5.0,城野慈尚,57.0,,3.0,5.0,高知,C3ー9,1:32.8,2.2,晴,2.0,6.0,高知,C3ー11,1:23.2,1.2,晴,5.0,5.0,高知,C3ー12,1:46.4,3.4,曇,5.0,2.0,高知,C3ー12,1:23.9,1.4,雨,5.0,4.0,高知,C3ー14,1:30.0,1.0,曇,28.1,5.0,,nar,2026-09-13,68.47,78.8,57.4,100.0,57.5,57.6,56.4,高知実績 / 前走人気以上 / 安定感 / 市場オッズ妙味
202636091306,2026-09-13,6,ワイルドグレイス,1.0,1.0,佐々木志,54.0,,8.0,9.0,盛岡,3歳C2三組,1:28.0,1.7,雨,6.0,8.0,盛岡,3歳C2三組,1:28.1,2.3,晴,6.0,7.0,盛岡,3歳,1:14.0,2.4,小雨,6.0,9.0,盛岡,DCあーしゃんず3周(3歳C2),1:28.9,1.7,曇,7.0,10.0,盛岡,3歳C2一組,1:16.1,1.9,曇,172.2,11.0,,nar,2026-09-13,48.16,54.3,62.2,0.0,39.5,59.1,50.0,前走人気以上
202636091307,2026-09-13,7,アイク,11.0,8.0,高橋悠里,54.0,,2.0,4.0,盛岡,3歳C2四組,1:13.7,0.3,曇,4.0,4.0,盛岡,3歳C2四組,1:13.9,0.4,曇,,,盛岡,3歳C2四組,,,晴,3.0,5.0,盛岡,安比高原夏休み賞(3歳C2),1:14.4,1.1,曇,6.0,3.0,盛岡,3歳C2三組,1:14.8,1.2,曇,23.0,5.0,,nar,2026-09-13,64.98,81.5,55.1,69.9,64.0,57.1,48.8,履歴少 / 安定感 / 市場オッズ妙味
202636091307,2026-09-13,7,アルマサーガ,6.0,5.0,坂井瑛音,53.0,,7.0,5.0,盛岡,3歳C2二組,1:27.3,2.5,雨,4.0,3.0,盛岡,3歳C2三組,1:27.4,1.6,晴,2.0,4.0,盛岡,3歳C2四組,1:14.2,0.7,晴,2.0,4.0,盛岡,3歳C2六組,1:14.5,0.9,曇,4.0,8.0,盛岡,3歳C2四組,1:15.6,1.1,晴,93.2,9.0,,nar,2026-09-13,57.48,74.2,51.7,69.6,26.0,56.8,48.8,履歴少 / 安定感
202646091307,2026-09-13,7,アンクローシュ,5.0,5.0,田知弘久,55.0,,3.0,4.0,金沢,B13,1:39.0,1.3,曇,8.0,5.0,金沢,B12,1:33.0,1.6,曇,7.0,6.0,金沢,B12,1:40.8,1.2,曇,2.0,4.0,金沢,B12,1:41.1,1.3,曇,5.0,4.0,金沢,金沢競馬は楽天競馬で(B1),1:43.0,1.6,曇,20.0,7.0,,nar,2026-09-13,57.49,67.2,46.8,55.3,65.0,55.0,52.9,金沢実績 / 履歴少 / 近走上向き / 市場オッズ妙味
202665091307,2026-09-13,7,イナノミツヒメ,2.0,2.0,中山直樹,630.0,,,,,,,,,,,,,,,,,,,,,,,,,,,,,,,,,,,,,,,,nar,2026-09-13,36.0,35.0,35.0,35.0,35.0,35.0,45.0,履歴少
202646091307,2026-09-13,7,イモータルソウル,1.0,1.0,望月洵輝,57.0,,2.0,1.0,金沢,能登復興支援機具岩賞(B1),1:39.4,0.0,晴,3.0,4.0,金沢,能登復興支援皆月海岸(B1),1:32.5,0.6,曇,2.0,9.0,金沢,高橋家&西村家★結婚(B1特別),1:38.9,0.1,曇,4.0,6.0,金沢,七尾港まつり特別(B2),1:33.1,0.6,晴,5.0,4.0,金沢,氷室開き特別(B2),1:33.6,1.2,曇,7.9,3.0,,nar,2026-09-13,72.39,85.2,60.6,100.0,59.0,64.0,59.5,金沢実績 / 履歴少 / 安定感
202665091307,2026-09-13,7,イワキオーカン,8.0,8.0,金田利貴,630.0,,,,,,,,,,,,,,,,,,,,,,,,,,,,,,,,,,,,,,,,nar,2026-09-13,36.0,35.0,35.0,35.0,35.0,35.0,45.0,履歴少
202654091307,2026-09-13,7,エクセレントタイム,1.0,1.0,郷間勇太,57.0,,4.0,12.0,高知,トレノ賞(重賞),1:22.4,1.3,晴,4.0,10.0,高知,御畳瀬特別,2:01.5,1.1,曇,7.0,11.0,高知,福永洋一記念[地方交(重賞),1:42.9,1.6,曇,9.0,10.0,高知,春野特別,1:31.2,0.8,晴,8.0,4.0,高知,二十四万石賞(重賞),2:05.7,2.4,晴,84.5,10.0,,nar,2026-09-13,65.57,62.1,81.1,55.3,68.0,63.2,50.5,前走人気以上 / 人気以上に走る傾向 / 近走上向き
202636091307,2026-09-13,7,エルドラド,2.0,2.0,大坪慎,56.0,,6.0,6.0,盛岡,3歳C2二組,1:27.1,2.3,雨,7.0,8.0,盛岡,3歳C2二組,1:27.3,3.4,晴,3.0,4.0,盛岡,3歳C2三組,1:26.2,1.3,曇,7.0,3.0,盛岡,DCあーしゃんず3周(3歳C2),1:29.1,1.9,曇,2.0,2.0,盛岡,3歳C2二組,1:14.7,0.2,曇,54.5,7.0,,nar,2026-09-13,50.84,64.9,49.0,30.1,42.5,51.3,50.0,総合評価
202665091307,2026-09-13,7,カツブライト,4.0,4.0,赤塚健仁,620.0,,,,,,,,,,,,,,,,,,,,,,,,,,,,,,,,,,,,,,,,nar,2026-09-13,36.18,35.0,35.0,35.0,35.0,35.0,46.8,履歴少
202636091307,2026-09-13,7,キタノアヤカ,4.0,4.0,岩本怜,54.0,,1.0,2.0,盛岡,3歳C2八組,1:13.6,-0.7,曇,7.0,17.0,2新潟4,3歳未勝利,1:47.9,0.4,曇,13.0,13.0,2福島3,3歳未勝利,2:01.4,1.4,晴,8.0,11.0,3中山7,3歳未勝利,1:35.0,0.8,晴,10.0,10.0,3中山3,3歳未勝利,1:35.8,0.8,曇,2.0,1.0,,nar,2026-09-13,61.63,53.5,72.6,30.4,100.0,61.3,50.0,人気以上に走る傾向 / 近走上向き
202654091307,2026-09-13,7,グラティアスグー,3.0,3.0,畑中信司,57.0,,5.0,9.0,高知,トレノ賞(重賞),1:22.6,1.5,晴,6.0,5.0,高知,ルビー特別(A),1:29.2,2.3,曇,3.0,5.0,高知,瀬戸特別,1:42.0,0.0,曇,4.0,4.0,高知,Aー2,1:42.8,0.6,曇,2.0,5.0,高知,ダイヤモンド特別(A),1:21.2,0.0,雨,34.6,7.0,,nar,2026-09-13,63.36,72.8,61.7,75.1,42.5,61.5,54.5,高知実績 / 前走人気以上 / 安定感 / 市場オッズ妙味
202636091307,2026-09-13,7,サクラボーベル,3.0,3.0,山本聡紀,54.0,,1.0,1.0,盛岡,うまレター賞(3歳C2),1:14.0,0.0,曇,12.0,4.0,2福島7,3歳未勝利,1:11.1,1.6,曇,12.0,6.0,2東京9,3歳未勝利,1:39.8,1.5,曇,9.0,6.0,3中山4,3歳未勝利,1:56.2,1.7,曇,,,,,,,,2.8,2.0,,nar,2026-09-13,44.02,45.7,21.8,30.4,100.0,38.2,50.0,近走上向き
202654091307,2026-09-13,7,サンライズグリット,2.0,2.0,岡村健司,57.0,,5.0,6.0,高知,瀬戸特別,1:42.4,0.4,曇,2.0,6.0,高知,Aー2,1:42.5,0.3,曇,6.0,8.0,高知,春野特別,1:30.8,0.4,晴,2.0,4.0,高知,はりまや盃(A),1:31.2,0.2,晴,6.0,7.0,高知,御厨人窟賞(重賞),1:30.8,0.3,晴,41.1,8.0,,nar,2026-09-13,64.28,75.1,64.6,69.9,44.0,62.8,52.9,高知実績 / 履歴少 / 安定感 / 市場オッズ妙味
202654091307,2026-09-13,7,シンリンゲンカイ,10.0,7.0,新庄海誠,55.0,,3.0,1.0,園田,第2回夜さ恋サマース(A),1:19.6,0.1,曇,3.0,2.0,高知,Aー2,1:22.3,1.1,晴,3.0,2.0,高知,ヴェガ特別,1:22.4,1.6,雨,2.0,1.0,高知,Aー3,1:27.3,0.2,曇,5.0,9.0,浦和,しらさぎ賞[地方交流(重賞),1:28.8,0.5,曇,12.5,4.0,,nar,2026-09-13,66.3,83.5,44.5,100.0,51.5,60.1,56.4,高知実績 / 安定感 / 市場オッズ妙味
202665091307,2026-09-13,7,ジェイノミキ,9.0,8.0,臼杵龍美,590.0,,,,,,,,,,,,,,,,,,,,,,,,,,,,,,,,,,,,,,,,nar,2026-09-13,36.0,35.0,35.0,35.0,35.0,35.0,45.0,履歴少
202654091307,2026-09-13,7,ジャスパーバローズ,11.0,8.0,岡村卓弥,57.0,,12.0,8.0,高知,トレノ賞(重賞),1:24.4,3.3,晴,3.0,9.0,高知,御畳瀬特別,2:00.9,0.5,曇,5.0,3.0,高知,Aー3,1:28.7,1.6,曇,1.0,2.0,高知,ショウガ特別(A),1:43.5,-0.1,曇,4.0,1.0,高知,AB混合,1:32.1,0.6,晴,68.5,9.0,,nar,2026-09-13,49.57,60.5,48.0,69.6,0.0,52.2,54.5,高知実績 / 安定感
202636091307,2026-09-13,7,ジーティーウブラブ,9.0,7.0,阿部英俊,54.0,,8.0,7.0,盛岡,3歳C2三組,1:28.7,2.9,晴,9.0,7.0,盛岡,3歳C2二組,1:27.8,2.1,曇,8.0,7.0,盛岡,紫波deエール5周年(3歳C2),1:28.4,1.5,曇,5.0,2.0,盛岡,3歳C2一組,1:15.7,1.5,曇,3.0,2.0,水沢,3歳C2三組,1:29.6,1.4,雨,129.7,10.0,,nar,2026-09-13,42.53,49.6,39.2,24.9,39.5,46.4,50.0,総合評価
202646091307,2026-09-13,7,ソングフォーユー,11.0,8.0,青柳正義,55.0,,6.0,3.0,金沢,B13,1:39.7,2.0,曇,2.0,5.0,金沢,たいち&あやみ結婚記(B1),1:32.2,0.1,晴,5.0,2.0,金沢,高橋家&西村家★結婚(B1特別),1:39.8,1.0,曇,4.0,2.0,金沢,第21回生誕記念幸せ(B1),1:32.7,0.4,晴,4.0,2.0,金沢,B14,1:42.1,0.9,曇,15.1,6.0,,nar,2026-09-13,56.81,73.5,41.2,69.6,36.5,57.0,56.2,金沢実績 / 履歴少 / 安定感 / 市場オッズ妙味
202646091307,2026-09-13,7,タマハガネ,4.0,4.0,筒井勇介,57.0,,6.0,7.0,金沢,B12,1:39.2,0.6,晴,3.0,2.0,金沢,堀江舞アナ明日8月5(B1特別),1:33.7,0.8,晴,4.0,4.0,金沢,B12,1:33.0,1.0,晴,1.0,5.0,金沢,氷室開き特別(B2),1:32.4,-0.6,曇,7.0,6.0,金沢,B22,1:33.3,1.9,曇,12.5,4.0,,nar,2026-09-13,59.52,74.2,53.7,59.3,36.5,62.7,55.9,金沢実績 / クラス条件好転 / 履歴少 / 市場オッズ妙味
202665091307,2026-09-13,7,ツガルケッパレフジ,1.0,1.0,今井千尋,610.0,,,,,,,,,,,,,,,,,,,,,,,,,,,,,,,,,,,,,,,,nar,2026-09-13,36.0,35.0,35.0,35.0,35.0,35.0,45.0,履歴少
202636091307,2026-09-13,7,トモエナゲ,7.0,6.0,鈴木祐,56.0,,5.0,7.0,盛岡,3歳C2二組,1:27.1,2.3,雨,3.0,4.0,盛岡,3歳C2三組,1:27.4,1.6,晴,4.0,6.0,盛岡,3歳C2三組,1:26.4,1.5,曇,5.0,6.0,盛岡,DCあーしゃんず3周(3歳C2),1:28.5,1.3,曇,5.0,7.0,盛岡,3歳C2二組,1:15.2,0.7,曇,62.9,8.0,,nar,2026-09-13,65.97,73.6,61.2,100.0,45.5,58.7,50.0,安定感
202665091307,2026-09-13,7,トモコ,3.0,3.0,西将太,600.0,,,,,,,,,,,,,,,,,,,,,,,,,,,,,,,,,,,,,,,,nar,2026-09-13,36.0,35.0,35.0,35.0,35.0,35.0,45.0,履歴少
202646091307,2026-09-13,7,ドンリュウスター,8.0,7.0,塚本征吾,57.0,,3.0,4.0,金沢,能登復興支援機具岩賞(B1),1:40.1,0.7,晴,6.0,8.0,金沢,高島美稀お誕生日記念(B1特別),1:40.5,1.8,曇,5.0,5.0,金沢,早川LD昇進おめでと(B1),1:40.2,2.3,晴,4.0,6.0,金沢,ゆいおうえんそうしん(B1),1:33.0,0.8,雨,3.0,4.0,金沢,B14,1:41.5,0.3,曇,21.3,8.0,,nar,2026-09-13,65.08,73.7,58.4,75.1,59.0,60.2,59.2,金沢実績 / クラス条件好転 / 履歴少 / 安定感
202646091307,2026-09-13,7,ドーンコスモ,10.0,8.0,鈴木太一,55.0,,4.0,6.0,金沢,能登復興支援機具岩賞(B1),1:40.4,1.0,晴,,,金沢,たいち&あやみ結婚記(B1),,,晴,2.0,6.0,金沢,堀江舞アナ明日8月5(B1特別),1:33.5,0.6,晴,5.0,5.0,金沢,B14,1:40.7,1.0,晴,1.0,11.0,金沢,B24,1:40.5,-0.9,曇,41.7,10.0,,nar,2026-09-13,70.39,82.0,72.7,75.1,42.0,69.3,62.5,金沢実績 / クラス条件好転 / 履歴少 / 人気以上に走る傾向
202654091307,2026-09-13,7,ニクソンテソーロ,6.0,5.0,多田羅誠,57.0,,1.0,5.0,高知,トレノ賞(重賞),1:21.1,-0.3,晴,1.0,2.0,高知,Aー2,1:26.7,-0.3,曇,8.0,7.0,高知,御畳瀬特別,2:02.2,1.8,曇,6.0,7.0,高知,瀬戸特別,1:42.4,0.4,曇,5.0,10.0,高知,福永洋一記念[地方交(重賞),1:42.7,1.4,曇,4.8,2.0,,nar,2026-09-13,68.44,79.8,63.5,65.7,74.0,63.2,52.5,高知実績 / 前走人気以上 / 近走上向き / 安定感
202646091307,2026-09-13,7,ハクサンリバーブ,6.0,6.0,吉原寛人,57.0,,8.0,2.0,金沢,金沢競馬B1プレミア,1:32.7,1.0,晴,1.0,1.0,金沢,七尾港まつり特別(B2),1:32.5,0.0,晴,2.0,1.0,金沢,B22,1:31.5,0.1,曇,1.0,1.0,金沢,裕紀くん!寛太くん!(C1),1:38.8,-1.6,晴,2.0,1.0,金沢,メーデー特別(C1),1:34.9,0.0,雨,2.6,1.0,,nar,2026-09-13,53.42,80.6,35.1,69.6,11.0,48.9,59.2,金沢実績 / クラス条件好転 / 履歴少 / 安定感
202636091307,2026-09-13,7,ハミッツキャンディ,5.0,5.0,塚本涼人,56.0,,11.0,11.0,盛岡,3歳C2二組,1:31.1,6.3,雨,9.0,3.0,水沢,3歳C2三組,1:32.2,4.0,雨,4.0,5.0,水沢,3歳C1二組,1:33.0,1.0,曇,7.0,5.0,盛岡,3歳C1二組,1:29.3,2.3,小雨,2.0,3.0,門別,産声に喝采を特別(2歳),1:03.9,0.3,晴,375.3,11.0,,nar,2026-09-13,40.16,47.2,39.6,30.1,17.0,47.7,51.2,水沢実績 / 履歴少
202636091307,2026-09-13,7,ビップブレット,12.0,8.0,南郷家全,56.0,,2.0,3.0,盛岡,3歳C2三組,1:26.9,0.6,雨,9.0,5.0,盛岡,3歳C2四組,1:15.0,1.5,曇,4.0,2.0,盛岡,DCあーしゃんず3周(3歳C2),1:28.3,1.1,曇,2.0,4.0,盛岡,3歳C2三組,1:13.9,0.3,曇,4.0,5.0,水沢,3歳C2五組,1:23.1,0.7,小雨,13.9,4.0,,nar,2026-09-13,61.71,73.2,45.1,75.1,66.5,59.9,50.0,近走上向き / 安定感 / 市場オッズ妙味
202654091307,2026-09-13,7,ブルグミューラー,8.0,6.0,城野慈尚,57.0,,2.0,3.0,高知,アカメ特別(A),1:46.8,0.1,晴,1.0,1.0,高知,手箱山特別(B),1:48.6,-0.1,晴,4.0,6.0,高知,千本山特別(B),1:22.2,0.4,曇,2.0,4.0,高知,Bー3,1:31.3,1.0,曇,6.0,4.0,高知,Bー2,1:45.1,1.0,曇,20.9,6.0,,nar,2026-09-13,69.09,87.5,55.5,89.7,57.5,58.2,54.5,高知実績 / 安定感 / 市場オッズ妙味
202636091307,2026-09-13,7,ベネファクター,8.0,6.0,山本聡哉,56.0,,7.0,5.0,盛岡,3歳C2一組,1:27.4,0.8,雨,6.0,7.0,盛岡,3歳C2二組,1:27.2,3.3,晴,5.0,2.0,盛岡,3歳C2二組,1:26.5,0.8,曇,1.0,2.0,盛岡,3歳C2六組,1:13.6,-0.9,曇,5.0,1.0,盛岡,3歳C2五組,1:15.8,2.2,晴,38.3,6.0,,nar,2026-09-13,49.88,65.8,41.5,44.7,33.5,51.8,48.8,履歴少 / 市場オッズ妙味
202665091307,2026-09-13,7,ホクセイダイジン,7.0,7.0,鈴木恵介,620.0,,,,,,,,,,,,,,,,,,,,,,,,,,,,,,,,,,,,,,,,nar,2026-09-13,36.0,35.0,35.0,35.0,35.0,35.0,45.0,履歴少
202636091307,2026-09-13,7,マツリダシリウス,1.0,1.0,山本政聡,56.0,,4.0,4.0,盛岡,3歳C2二組,1:25.6,0.8,雨,2.0,2.0,盛岡,3歳C2四組,1:13.8,0.3,曇,9.0,9.0,1函館8,3歳未勝利,1:49.0,2.1,曇,12.0,11.0,1函館3,3歳未勝利,1:48.2,1.5,曇,11.0,10.0,3中山3,3歳未勝利,1:56.8,2.9,雨,5.5,3.0,,nar,2026-09-13,56.24,57.0,48.3,55.3,77.0,56.0,50.0,近走上向き
202646091307,2026-09-13,7,マーキュリーセブン,9.0,7.0,沖静男,57.0,,7.0,7.0,金沢,B13,1:40.0,2.3,曇,7.0,10.0,金沢,B12,1:39.9,1.3,晴,7.0,11.0,金沢,高橋家&西村家★結婚(B1特別),1:40.1,1.3,曇,6.0,6.0,金沢,B12,1:33.3,1.3,晴,8.0,5.0,金沢,B12,1:41.3,2.9,曇,159.8,11.0,,nar,2026-09-13,46.83,52.3,58.6,0.0,50.0,55.2,43.8,履歴少
202654091307,2026-09-13,7,ミズワリヲクダサイ,4.0,4.0,永森大智,57.0,,1.0,4.0,高知,一本釣り特別(A),1:46.9,-0.2,晴,7.0,5.0,高知,Aー3,1:23.8,2.0,晴,7.0,6.0,高知,ルビー特別(A),1:30.1,3.2,曇,3.0,1.0,高知,Aー3,1:46.3,1.5,晴,2.0,4.0,高知,AB混合,1:28.6,1.0,雨,95.1,11.0,,nar,2026-09-13,61.41,75.4,50.9,55.3,72.5,53.5,52.5,高知実績 / 前走人気以上 / 近走上向き
202646091307,2026-09-13,7,ミラコロエクラ,3.0,3.0,山中悠希,55.0,,1.0,3.0,金沢,能登復興支援七ツ島特(B2),1:38.9,-0.1,晴,7.0,5.0,金沢,高島美稀お誕生日記念(B1特別),1:40.5,1.8,曇,4.0,3.0,金沢,B22,1:33.3,1.6,晴,8.0,4.0,金沢,能登復興支援宝達葛特(B2),1:40.2,2.4,曇,2.0,3.0,金沢,B22,1:40.1,0.0,晴,12.6,5.0,,nar,2026-09-13,61.9,74.3,46.0,60.5,75.5,58.2,55.9,金沢実績 / クラス条件好転 / 履歴少 / 近走上向き
202665091307,2026-09-13,7,メトーフウマ,6.0,6.0,村上章,630.0,,,,,,,,,,,,,,,,,,,,,,,,,,,,,,,,,,,,,,,,nar,2026-09-13,36.0,35.0,35.0,35.0,35.0,35.0,45.0,履歴少
202665091307,2026-09-13,7,ヤマノトップ,5.0,5.0,中村太陽,620.0,,,,,,,,,,,,,,,,,,,,,,,,,,,,,,,,,,,,,,,,nar,2026-09-13,36.0,35.0,35.0,35.0,35.0,35.0,45.0,履歴少
202636091307,2026-09-13,7,ユキノレックス,10.0,7.0,小林凌,56.0,,10.0,10.0,盛岡,3歳C2二組,1:30.8,6.0,雨,9.0,9.0,盛岡,3歳C2三組,1:29.7,3.9,晴,10.0,9.0,盛岡,3歳C2三組,1:28.3,3.4,曇,10.0,11.0,盛岡,紫波deエール5周年(3歳C2),1:29.7,2.8,曇,8.0,6.0,盛岡,3歳C2一組,1:16.4,2.2,曇,480.5,12.0,,nar,2026-09-13,37.83,31.6,48.2,0.0,45.5,49.6,50.0,総合評価
202646091307,2026-09-13,7,ライズタイガ,2.0,2.0,栗原大河,57.0,,4.0,6.0,金沢,B13,1:39.0,1.3,曇,8.0,9.0,金沢,B12,1:39.9,1.3,晴,3.0,2.0,金沢,B12,1:40.2,1.8,曇,3.0,6.0,金沢,B13,1:33.4,1.6,雨,7.0,2.0,金沢,B13,1:40.3,1.6,雨,25.6,9.0,,nar,2026-09-13,59.94,68.3,54.1,64.7,57.5,56.3,52.9,金沢実績 / 履歴少 / 安定感 / 市場オッズ妙味
202654091307,2026-09-13,7,ライラボンド,12.0,8.0,野畑凌,57.0,,1.0,1.0,高知,ルビー特別(A),1:26.9,-0.1,曇,1.0,4.0,高知,福永洋一記念[地方交(重賞),1:41.3,-1.0,曇,8.0,5.0,大井,神田川オープン競走(OP)(4上),1:26.9,2.2,晴,7.0,7.0,船橋,京成盃グランドマイラ(重賞),1:41.9,1.5,雨,4.0,13.0,大井,フジノウェーブ記念競(重賞),1:25.6,0.6,晴,1.6,1.0,,nar,2026-09-13,67.17,79.5,57.6,65.7,74.0,57.9,62.5,高知実績 / クラス条件好転 / 履歴少 / 近走上向き
202646091307,2026-09-13,7,ルセルマンダムール,7.0,6.0,中島龍也,57.0,,1.0,1.0,金沢,B22,1:38.2,-0.2,雨,6.0,3.0,金沢,金沢競馬B1プレミア,1:32.7,1.0,晴,1.0,1.0,金沢,B25,1:32.2,-0.7,曇,1.0,1.0,金沢,C14,1:33.3,-0.1,曇,2.0,3.0,船橋,豊四季賞(C1),1:59.8,0.1,雨,2.9,2.0,,nar,2026-09-13,64.97,89.2,45.5,75.1,59.0,53.2,55.3,金沢実績 / 履歴少 / 安定感
202654091307,2026-09-13,7,ロレンツォ,9.0,7.0,赤岡修次,57.0,,5.0,3.0,園田,第2回夜さ恋サマース(A),1:20.0,0.5,曇,6.0,4.0,高知,トレノ賞(重賞),1:22.7,1.6,晴,2.0,2.0,高知,瀬戸特別,1:42.0,0.0,曇,3.0,9.0,高知,福永洋一記念[地方交(重賞),1:42.6,1.3,曇,7.0,4.0,高知,御厨人窟賞(重賞),1:30.9,0.4,晴,9.8,3.0,,nar,2026-09-13,58.1,71.4,46.2,64.7,47.0,59.1,53.3,高知実績 / クラス条件好転 / 安定感
202654091307,2026-09-13,7,ロードインファイト,7.0,6.0,井上瑛太,57.0,,3.0,2.0,高知,一本釣り特別(A),1:47.4,0.5,晴,9.0,3.0,高知,トレノ賞(重賞),1:23.2,2.1,晴,2.0,1.0,高知,メジロ特別(A),1:44.8,0.0,晴,1.0,1.0,高知,建依別賞(重賞),1:30.3,0.0,晴,1.0,2.0,高知,トレノ賞(重賞),1:21.1,-1.0,晴,13.5,5.0,,nar,2026-09-13,59.28,77.6,36.7,75.1,51.5,56.5,56.3,高知実績 / クラス条件好転 / 安定感 / 市場オッズ妙味
202654091307,2026-09-13,7,ワイドカント,5.0,5.0,宮川実,57.0,,,,園田,第2回日本トーター杯(A),,,曇,10.0,11.0,高知,トレノ賞(重賞),1:23.8,2.7,晴,12.0,9.0,笠松,飛山濃水杯(重賞),1:36.4,9.1,曇,4.0,3.0,高知,Aー2,1:44.4,1.1,晴,9.0,12.0,高知,黒船賞[指定交流](JpnIII),1:31.3,2.7,晴,102.9,12.0,,nar,2026-09-13,39.95,34.7,48.2,14.6,40.0,50.9,49.8,総合評価
202665091308,2026-09-13,8,アオノオサムライ,9.0,8.0,臼杵龍美,630.0,,,,,,,,,,,,,,,,,,,,,,,,,,,,,,,,,,,,,,,,nar,2026-09-13,36.18,35.0,35.0,35.0,35.0,35.0,46.8,履歴少
202665091308,2026-09-13,8,アカネリュウ,8.0,7.0,村上章,640.0,,,,,,,,,,,,,,,,,,,,,,,,,,,,,,,,,,,,,,,,nar,2026-09-13,36.0,35.0,35.0,35.0,35.0,35.0,45.0,履歴少
202654091308,2026-09-13,8,アキヤン,9.0,8.0,新庄海誠,57.0,,10.0,10.0,高知,C3ー8,1:37.4,5.9,晴,9.0,9.0,高知,C3ー10,1:28.2,5.2,晴,11.0,11.0,高知,C3ー9,0:51.9,3.9,曇,9.0,9.0,高知,C3ー9,1:38.3,6.0,曇,7.0,7.0,高知,C3ー11,1:25.3,3.3,曇,119.3,9.0,,nar,2026-09-13,38.04,32.1,50.0,0.0,44.0,50.9,46.5,総合評価
202636091308,2026-09-13,8,アズーラ,7.0,6.0,山本政聡,54.0,,4.0,6.0,盛岡,C2三組,1:27.8,1.5,曇,5.0,7.0,盛岡,C2,1:01.0,1.7,曇,3.0,5.0,盛岡,C2三組,1:28.3,0.4,晴,6.0,2.0,盛岡,C2二組,1:29.1,1.7,曇,5.0,4.0,盛岡,C2三組,1:28.8,1.7,晴,18.3,6.0,,nar,2026-09-13,64.12,72.4,55.7,85.4,54.5,62.9,48.8,履歴少 / 安定感 / 市場オッズ妙味
202654091308,2026-09-13,8,エメヴィベール,4.0,4.0,城野慈尚,57.0,,7.0,6.0,高知,C3ー8,1:33.5,2.0,晴,9.0,8.0,門別,道営記念〔H1〕(重賞),2:10.3,3.9,曇,2.0,3.0,門別,ドレフォン・プレミア(A1),1:57.8,1.8,晴,2.0,4.0,門別,胆振軽種馬中・西部振(A1),1:49.8,0.7,曇,13.0,16.0,3中京5,三河S(3勝クラス),1:54.4,1.7,晴,3.8,4.0,,nar,2026-09-13,51.21,56.8,51.7,34.3,47.0,56.9,51.8,クラス条件好転 / 履歴少
202654091308,2026-09-13,8,エートゥージー,7.0,7.0,,,,1.0,2.0,高知,3歳ー2,1:26.2,-0.4,晴,4.0,3.0,高知,3歳ー2,1:46.8,0.8,晴,3.0,7.0,高知,第8回SOOUP優駿(3歳),1:30.9,0.5,雨,7.0,6.0,高知,3歳ー2,1:26.2,1.7,雨,4.0,4.0,高知,3歳ー1,1:30.6,0.4,曇,,,,nar,2026-09-13,67.59,81.4,54.9,85.4,71.0,53.0,54.5,高知実績 / 近走上向き / 安定感
202646091308,2026-09-13,8,カルデア,2.0,2.0,鈴木太一,57.0,,10.0,5.0,金沢,B12,1:40.8,2.2,晴,11.0,13.0,大井,U.S.ターキー賞(C2七),1:29.6,1.5,晴,11.0,10.0,大井,ヘラクレス座特別競走(C2),2:00.3,3.9,曇,12.0,14.0,大井,C2三 四五(C2四),1:29.7,1.6,晴,5.0,6.0,大井,C2二 三四(C2三),1:30.5,3.1,晴,10.8,5.0,,nar,2026-09-13,37.18,26.2,44.2,10.3,48.5,52.0,48.8,履歴少
202665091308,2026-09-13,8,キョウエイジェット,7.0,7.0,菊池一樹,630.0,,,,,,,,,,,,,,,,,,,,,,,,,,,,,,,,,,,,,,,,nar,2026-09-13,36.18,35.0,35.0,35.0,35.0,35.0,46.8,履歴少
202654091308,2026-09-13,8,クルマトラサン,2.0,2.0,野畑凌,57.0,,7.0,7.0,門別,サッポロ生ビール黒ラ(A1),1:15.9,2.5,晴,10.0,8.0,門別,シバザクラ特別(A1),1:03.6,2.5,晴,,,門別,スワーヴリチャード・(A1),,,曇,8.0,10.0,門別,GC開局30周年記念(A1),1:15.8,2.4,曇,6.0,4.0,門別,8月函館でオールスタ(A1),1:16.0,2.7,晴,7.4,5.0,,nar,2026-09-13,42.39,44.1,46.4,0.0,56.0,52.2,48.8,履歴少
202654091308,2026-09-13,8,クワッドマリニン,8.0,8.0,郷間勇太,57.0,,10.0,5.0,3東京2,3歳未勝利,1:40.9,1.7,曇,3.0,6.0,1新潟7,3歳未勝利,1:55.6,2.2,晴,9.0,5.0,1福島1,3歳未勝利,1:48.1,2.2,晴,2.0,9.0,1阪神7,3歳未勝利,1:54.6,0.4,晴,6.0,6.0,1東京8,3歳未勝利,2:16.7,2.7,晴,2.0,1.0,,nar,2026-09-13,46.24,56.2,46.2,39.5,20.0,52.9,48.8,履歴少
202646091308,2026-09-13,8,ケイバラード,4.0,4.0,塚本征吾,57.0,,7.0,8.0,金沢,B12,1:32.4,1.5,曇,4.0,5.0,金沢,堀江舞アナ明日8月5(B1特別),1:33.8,0.9,晴,6.0,6.0,金沢,海の日!夏バテ防止に(B1),1:33.4,1.2,晴,6.0,11.0,金沢,柴山潟特別(B1),1:39.9,1.7,曇,1.0,5.0,金沢,B14,1:41.2,-0.1,曇,14.9,8.0,,nar,2026-09-13,56.18,65.7,61.9,35.3,33.5,67.3,52.6,クラス条件好転 / 履歴少 / 過小評価傾向 / 市場オッズ妙味
202636091308,2026-09-13,8,コスモパンドラ,2.0,2.0,高松亮,54.0,,11.0,8.0,盛岡,岩手ビッグブルズシー(C1),1:42.7,3.9,曇,9.0,12.0,浦和,C1五,1:38.9,1.6,曇,9.0,12.0,浦和,越生町のマスコット「(C1),1:39.0,2.5,雨,9.0,14.0,船橋,馬い!馬い!唐津小松(C1),1:47.0,2.3,晴,9.0,10.0,浦和,初春特別(C1),2:15.3,3.3,晴,26.0,7.0,,nar,2026-09-13,40.32,31.1,58.8,0.0,38.0,57.5,48.8,履歴少
202665091308,2026-09-13,8,サカノトウカイ,10.0,8.0,松本秀克,640.0,,,,,,,,,,,,,,,,,,,,,,,,,,,,,,,,,,,,,,,,nar,2026-09-13,36.0,35.0,35.0,35.0,35.0,35.0,45.0,履歴少
202665091308,2026-09-13,8,サクラダイヤモンド,4.0,4.0,金田利貴,640.0,,,,,,,,,,,,,,,,,,,,,,,,,,,,,,,,,,,,,,,,nar,2026-09-13,36.0,35.0,35.0,35.0,35.0,35.0,45.0,履歴少
202636091308,2026-09-13,8,サクラトップスカイ,6.0,6.0,菅原辰徳,56.0,,1.0,3.0,盛岡,C2七組,1:14.3,-0.6,雨,2.0,2.0,盛岡,C2八組,1:14.6,0.9,曇,7.0,5.0,盛岡,C2,1:02.1,2.0,晴,3.0,9.0,盛岡,C2,1:01.4,0.7,曇,7.0,10.0,盛岡,C2,1:02.0,2.5,曇,10.0,5.0,,nar,2026-09-13,68.25,81.2,59.8,69.9,72.5,65.7,48.8,履歴少 / 近走上向き / 安定感 / 過小評価傾向
202646091308,2026-09-13,8,サノノヒーロー,7.0,7.0,望月洵輝,57.0,,6.0,5.0,金沢,B12,1:32.1,1.2,曇,5.0,8.0,金沢,B12,1:39.0,0.4,晴,12.0,11.0,金沢,金沢競馬B1プレミア,1:33.3,1.6,晴,1.0,2.0,金沢,miCometビジネ(B1),1:32.5,-0.6,晴,5.0,7.0,金沢,七尾港まつり特別(B2),1:33.8,1.3,晴,4.8,3.0,,nar,2026-09-13,54.92,59.2,54.2,49.8,48.5,59.3,52.5,金沢実績
202646091308,2026-09-13,8,サルジュ,3.0,3.0,栗原大河,57.0,,4.0,4.0,金沢,B12,1:32.0,1.1,曇,1.0,2.0,金沢,ずまちゃんハッピーバ(B1特別),1:32.3,-0.2,晴,3.0,4.0,金沢,七尾港まつり特別(B2),1:32.8,0.3,晴,4.0,2.0,金沢,氷室開き特別(B2),1:33.4,1.0,曇,3.0,3.0,金沢,B22,1:32.3,0.9,曇,4.4,2.0,,nar,2026-09-13,67.12,84.4,51.1,100.0,42.5,56.3,62.5,金沢実績 / クラス条件好転 / 履歴少 / 安定感
202636091308,2026-09-13,8,サンホワイトクリフ,11.0,8.0,坂井瑛音,55.0,,4.0,5.0,盛岡,C2七組,1:14.8,1.0,曇,4.0,4.0,盛岡,C2八組,1:15.6,1.1,曇,6.0,2.0,盛岡,C2八組,1:14.7,1.6,小雨,6.0,2.0,盛岡,C2五組,1:28.7,1.9,晴,1.0,3.0,水沢,C2九組,1:26.1,-0.1,晴,36.1,10.0,,nar,2026-09-13,57.35,73.0,44.0,65.7,51.5,53.0,48.8,履歴少 / 安定感 / 市場オッズ妙味
202665091308,2026-09-13,8,ショコラペガサス,1.0,1.0,大友一馬,640.0,,,,,,,,,,,,,,,,,,,,,,,,,,,,,,,,,,,,,,,,nar,2026-09-13,36.0,35.0,35.0,35.0,35.0,35.0,45.0,履歴少
202646091308,2026-09-13,8,シントーツバキ,9.0,8.0,松戸政也,55.0,,5.0,7.0,金沢,B12,1:32.1,1.2,曇,9.0,6.0,金沢,B12,1:40.2,1.6,晴,9.0,4.0,金沢,海の日!夏バテ防止に(B1),1:34.0,1.8,晴,11.0,4.0,金沢,柴山潟特別(B1),1:41.5,3.3,曇,6.0,4.0,金沢,白山白川郷ホワイトロ(B1),1:40.0,1.1,曇,11.9,6.0,,nar,2026-09-13,44.16,45.9,33.5,30.4,72.5,45.0,46.3,履歴少 / 近走上向き
202665091308,2026-09-13,8,ジェイオージョ,6.0,6.0,今井千尋,600.0,,,,,,,,,,,,,,,,,,,,,,,,,,,,,,,,,,,,,,,,nar,2026-09-13,36.18,35.0,35.0,35.0,35.0,35.0,46.8,履歴少
202636091308,2026-09-13,8,スターライトテール,8.0,7.0,塚本涼人,56.0,,6.0,7.0,盛岡,B1,1:13.1,0.8,曇,11.0,8.0,盛岡,いわて北緯40度岩手(B2),1:01.2,1.3,晴,3.0,7.0,盛岡,B2,1:12.6,0.0,小雨,3.0,6.0,盛岡,B2,0:59.7,0.5,雨,4.0,4.0,盛岡,B2,1:12.7,0.3,晴,9.1,4.0,,nar,2026-09-13,54.56,59.9,55.5,44.7,45.5,62.6,48.8,履歴少
202654091308,2026-09-13,8,セージブラッシュ,6.0,6.0,畑中信司,57.0,,7.0,8.0,高知,ファイナルレース(C3),1:36.9,2.0,晴,9.0,5.0,高知,ファイナルレース(C3),1:29.9,3.1,晴,4.0,4.0,高知,C3ー11,0:50.0,1.7,曇,7.0,9.0,高知,C3ー11,1:32.7,2.9,晴,7.0,6.0,高知,ファイナルレース(C3),1:25.0,1.3,曇,23.5,6.0,,nar,2026-09-13,46.45,52.8,46.5,19.8,48.5,53.4,48.5,市場オッズ妙味
202665091308,2026-09-13,8,ツガルノセンショウ,2.0,2.0,吉田理人,620.0,,,,,,,,,,,,,,,,,,,,,,,,,,,,,,,,,,,,,,,,nar,2026-09-13,36.18,35.0,35.0,35.0,35.0,35.0,46.8,履歴少
202646091308,2026-09-13,8,トーアカフウ,5.0,5.0,中島龍也,55.0,,4.0,3.0,金沢,B12,1:38.8,0.2,晴,2.0,3.0,金沢,ずまちゃんハッピーバ(B1特別),1:32.5,0.2,晴,2.0,4.0,金沢,B14,1:39.7,0.0,晴,2.0,7.0,金沢,氷室開き特別(B2),1:33.0,0.6,曇,9.0,6.0,金沢,能登復興支援宝達葛特(B2),1:40.7,2.9,曇,3.7,1.0,,nar,2026-09-13,66.7,81.3,55.3,89.7,48.5,58.2,59.2,金沢実績 / クラス条件好転 / 履歴少 / 安定感
202665091308,2026-09-13,8,ドラゴンボーイ,3.0,3.0,島津新,640.0,,,,,,,,,,,,,,,,,,,,,,,,,,,,,,,,,,,,,,,,nar,2026-09-13,36.18,35.0,35.0,35.0,35.0,35.0,46.8,履歴少
202654091308,2026-09-13,8,ナムラビオラ,1.0,1.0,石本純也,55.0,,6.0,5.0,高知,ファイナルレース(C3),1:36.6,1.7,晴,6.0,7.0,高知,C3ー10,1:26.3,3.3,晴,8.0,8.0,高知,C3ー9,0:50.2,2.2,曇,5.0,6.0,高知,C3ー9,1:34.0,1.7,曇,10.0,2.0,高知,ファイナルレース(C3),1:25.7,2.0,曇,65.4,7.0,,nar,2026-09-13,46.31,54.7,44.9,14.6,57.5,48.1,48.5,総合評価
202636091308,2026-09-13,8,ネコニコタツ,3.0,3.0,小林凌,54.0,,4.0,3.0,盛岡,C2,1:01.2,1.2,曇,4.0,8.0,盛岡,C1,1:00.5,1.2,曇,8.0,3.0,盛岡,C1,1:16.2,1.7,晴,7.0,2.0,盛岡,C1,1:01.8,1.9,曇,5.0,2.0,盛岡,C1,1:15.1,1.3,晴,28.1,9.0,,nar,2026-09-13,55.22,65.3,40.7,65.7,62.0,49.8,48.8,履歴少 / 安定感 / 市場オッズ妙味
202665091308,2026-09-13,8,ハゴロモグルービー,5.0,5.0,西謙一,640.0,,,,,,,,,,,,,,,,,,,,,,,,,,,,,,,,,,,,,,,,nar,2026-09-13,36.0,35.0,35.0,35.0,35.0,35.0,45.0,履歴少
202636091308,2026-09-13,8,ビッグリュウオー,1.0,1.0,大坪慎,56.0,,2.0,1.0,盛岡,大船渡市観光物産協会(C1),1:27.1,0.3,曇,3.0,4.0,盛岡,C1五組,1:27.1,0.2,晴,4.0,7.0,盛岡,C1四組,1:27.2,0.5,晴,9.0,7.0,盛岡,C1四組,1:27.6,0.7,曇,3.0,4.0,水沢,ポタジェ特別(C1),1:27.6,0.7,曇,2.0,1.0,,nar,2026-09-13,65.08,77.8,52.4,85.4,66.5,54.3,48.8,履歴少 / 近走上向き / 安定感
202646091308,2026-09-13,8,ブラストバローズ,8.0,8.0,青柳正義,57.0,,9.0,2.0,金沢,能登復興支援須須神社(B1特別),1:42.4,3.6,曇,10.0,9.0,金沢,海の日!夏バテ防止に(B1),1:34.3,2.1,晴,4.0,8.0,金沢,柴山潟特別(B1),1:39.5,1.3,曇,7.0,7.0,金沢,白山白川郷ホワイトロ(B1),1:40.0,1.1,曇,9.0,9.0,金沢,国造ゆず特別(B1),1:40.5,2.0,曇,13.1,7.0,,nar,2026-09-13,40.97,44.2,38.9,19.8,41.0,52.3,46.3,履歴少 / 市場オッズ妙味
202654091308,2026-09-13,8,プレシャスメノウ,3.0,3.0,赤岡修次,55.0,,1.0,2.0,高知,ファイナルレース(3歳),1:25.8,-0.5,晴,9.0,5.0,高知,3歳ー5,0:50.7,1.5,晴,9.0,2.0,高知,第8回SOOUP優駿(3歳),1:33.3,2.9,雨,9.0,5.0,高知,3歳ー2,1:27.0,2.5,雨,5.0,7.0,高知,山桃特別(3歳),2:06.3,2.3,晴,3.6,3.0,,nar,2026-09-13,51.98,58.8,32.8,40.7,92.0,47.7,50.5,近走上向き
202646091308,2026-09-13,8,ホウオウヴィーナス,6.0,6.0,魚住謙心,55.0,,8.0,6.0,金沢,B12,1:34.8,3.9,曇,8.0,7.0,金沢,能登復興支援総持寺特(B1),1:41.2,2.8,晴,2.0,8.0,金沢,能登復興支援須須神社(B1特別),1:39.7,0.9,曇,10.0,8.0,金沢,B12,1:41.7,3.3,曇,8.0,11.0,金沢,B12,1:34.9,2.3,曇,45.6,9.0,,nar,2026-09-13,47.21,51.1,52.4,19.8,44.0,57.3,46.3,履歴少 / 市場オッズ妙味
202636091308,2026-09-13,8,ポケットフルコイン,10.0,8.0,鈴木祐,54.0,,8.0,3.0,盛岡,C2六組,1:15.4,2.5,雨,9.0,11.0,川崎,雷光賞(C2),0:56.8,1.7,曇,12.0,10.0,川崎,稲魂賞(C2),0:57.6,2.1,曇,11.0,8.0,浦和,作付面積日本一深谷ブ(C2),0:49.1,2.0,雨,7.0,8.0,川崎,雷神賞(C2),0:56.5,1.6,晴,45.5,11.0,,nar,2026-09-13,37.03,33.0,37.7,0.0,60.5,47.1,48.8,履歴少
202636091308,2026-09-13,8,マカベウス,5.0,5.0,佐々木志,56.0,,2.0,5.0,盛岡,C1,1:26.5,0.9,小雨,8.0,6.0,盛岡,シェパーズパース賞(C1),1:27.7,1.0,曇,4.0,8.0,盛岡,C1,1:26.6,0.2,晴,8.0,9.0,盛岡,オッズパーク賞(C1),1:41.9,3.1,曇,1.0,8.0,盛岡,C1四組,1:27.1,-0.1,曇,7.2,3.0,,nar,2026-09-13,65.11,70.7,64.5,60.5,69.5,66.9,48.8,前走人気以上 / 履歴少 / 近走上向き / 安定感
202646091308,2026-09-13,8,マクギリス,1.0,1.0,浅野登生,54.0,,2.0,5.0,金沢,B13,1:38.5,0.8,曇,5.0,3.0,金沢,たいち&あやみ結婚記(B1),1:33.1,1.0,晴,4.0,5.0,金沢,ずまちゃんハッピーバ(B1特別),1:32.9,0.6,晴,4.0,6.0,金沢,早川LD昇進おめでと(B1),1:40.1,2.2,晴,2.0,7.0,金沢,ゆいおうえんそうしん(B1),1:32.5,0.3,雨,5.0,4.0,,nar,2026-09-13,70.92,80.5,59.9,100.0,60.5,62.7,59.5,金沢実績 / 前走人気以上 / 履歴少 / 安定感
202654091308,2026-09-13,8,マサハヤアン,5.0,5.0,大澤誠志,55.0,,9.0,8.0,高知,C3ー2,1:36.9,4.1,晴,11.0,10.0,高知,C3ー2,1:50.9,4.7,曇,8.0,12.0,高知,ファイナルレース(C3),1:25.8,1.6,曇,4.0,8.0,高知,C3ー3,1:34.0,1.6,曇,8.0,10.0,高知,C3ー3,1:25.8,1.7,晴,68.8,8.0,,nar,2026-09-13,44.33,40.3,57.2,14.6,42.5,56.1,46.3,履歴少
202636091308,2026-09-13,8,ユーアーマイソウル,9.0,7.0,阿部英俊,56.0,,7.0,4.0,盛岡,C2六組,1:14.8,1.0,曇,4.0,3.0,盛岡,C2六組,1:14.2,1.2,晴,2.0,3.0,盛岡,C2七組,1:14.5,0.2,曇,6.0,3.0,盛岡,C2六組,1:28.3,2.7,晴,2.0,5.0,盛岡,C2五組,1:28.0,0.3,曇,26.6,8.0,,nar,2026-09-13,52.66,71.2,42.4,55.0,29.0,54.3,48.8,履歴少 / 市場オッズ妙味
202636091308,2026-09-13,8,ワナカ,4.0,4.0,高橋悠里,54.0,,5.0,1.0,盛岡,C2一組,1:26.9,0.5,晴,1.0,1.0,盛岡,C2四組,1:13.0,-0.1,晴,9.0,8.0,浦和,浦和競馬×netke(C2),2:16.1,4.2,晴,6.0,6.0,浦和,上尾宿賞(C2),2:13.8,1.3,曇,8.0,8.0,浦和,C2五 六,1:40.0,1.6,曇,5.3,2.0,,nar,2026-09-13,54.0,66.0,40.1,55.3,56.0,53.8,50.0,総合評価
202636091309,2026-09-13,9,アカイツメ,8.0,6.0,山本聡哉,54.0,,7.0,7.0,盛岡,C2二組,1:28.3,1.7,曇,4.0,3.0,盛岡,C2二組,1:28.1,2.9,曇,7.0,4.0,盛岡,C2一組,1:29.2,3.1,晴,2.0,3.0,盛岡,C2一組,1:27.7,1.2,曇,4.0,2.0,盛岡,C2二組,1:28.4,0.5,晴,23.7,10.0,,nar,2026-09-13,51.35,66.3,43.7,49.8,33.5,53.0,48.8,履歴少 / 市場オッズ妙味
202636091309,2026-09-13,9,アユツリー,3.0,3.0,大坪慎,54.0,,3.0,3.0,盛岡,いわてくじ山形村短角(C1),1:27.1,0.8,曇,2.0,9.0,名古屋,来週から開催!第2回(B),1:37.2,0.1,晴,10.0,7.0,名古屋,レサト賞(B),1:32.3,1.5,晴,5.0,8.0,名古屋,B6組,1:52.4,1.4,晴,4.0,8.0,名古屋,B8組,1:37.8,1.0,雨,7.3,2.0,,nar,2026-09-13,66.9,71.8,64.0,80.2,63.5,65.6,50.0,前走人気以上 / 安定感 / 過小評価傾向
202646091309,2026-09-13,9,アロンジマンデ,5.0,5.0,青柳正義,55.0,,5.0,6.0,金沢,3歳A 3,1:41.5,4.2,曇,12.0,11.0,金沢,石川門C(3歳),1:35.4,4.0,晴,9.0,6.0,金沢,3歳A 3,1:35.6,2.3,晴,2.0,5.0,金沢,イエローダイヤモンド(3歳),0:57.7,1.4,晴,6.0,7.0,金沢,あかねこちゃんねる五(3歳),1:34.6,1.6,曇,102.6,9.0,,nar,2026-09-13,51.76,50.4,50.0,45.0,63.5,54.1,50.5,前走人気以上
202646091309,2026-09-13,9,ウェルックス,9.0,8.0,柴田勇真,57.0,,12.0,10.0,金沢,3歳A 2,1:40.7,2.4,曇,5.0,8.0,金沢,3歳A 3,1:40.5,2.4,曇,7.0,8.0,金沢,3歳A 3,1:34.7,1.4,晴,8.0,5.0,金沢,星奈ちゃん1歳お誕生(3歳),1:34.4,2.3,晴,4.0,6.0,金沢,3歳A 3,1:34.1,0.2,雨,85.9,8.0,,nar,2026-09-13,43.09,45.1,50.7,35.3,14.0,52.2,50.5,総合評価
202646091309,2026-09-13,9,ウルダ,8.0,8.0,甲賀弘隆,55.0,,6.0,5.0,金沢,3歳A 3,1:41.9,4.6,曇,9.0,5.0,金沢,3歳A 3,1:41.5,3.4,曇,1.0,2.0,金沢,3歳B 3,1:41.5,-0.7,晴,1.0,1.0,金沢,帝統くんお誕生日おめ(3歳),1:33.4,-0.4,曇,2.0,1.0,金沢,3歳B 7,1:35.9,0.3,曇,21.0,6.0,,nar,2026-09-13,51.93,71.1,41.6,44.7,33.5,53.0,52.5,金沢実績 / 市場オッズ妙味
202646091309,2026-09-13,9,ウレシイゴサン,6.0,6.0,中島龍也,57.0,,3.0,3.0,金沢,3歳A 3,1:39.5,2.2,曇,4.0,4.0,金沢,3歳A 4,1:34.0,1.0,曇,4.0,2.0,金沢,3歳A 3,1:34.0,0.7,晴,1.0,2.0,金沢,イエローダイヤモンド(3歳),0:56.3,-1.4,晴,10.0,2.0,金沢,祝!ゆっきー支店長就(3歳),1:45.2,5.7,晴,16.4,5.0,,nar,2026-09-13,63.06,77.0,42.5,89.7,60.5,56.1,54.5,金沢実績 / 安定感 / 市場オッズ妙味
202665091309,2026-09-13,9,オオネガイキンヒメ,10.0,8.0,赤塚健仁,640.0,,,,,,,,,,,,,,,,,,,,,,,,,,,,,,,,,,,,,,,,nar,2026-09-13,36.0,35.0,35.0,35.0,35.0,35.0,45.0,履歴少
202665091309,2026-09-13,9,キタノボブサップ,7.0,7.0,,,,,,,,,,,,,,,,,,,,,,,,,,,,,,,,,,,,,,,,,,nar,2026-09-13,36.18,35.0,35.0,35.0,35.0,35.0,46.8,履歴少
202636091309,2026-09-13,9,キラット,10.0,7.0,村上忍,54.0,,7.0,8.0,盛岡,B2,1:26.9,1.0,曇,12.0,4.0,水沢,B2,1:39.7,9.0,晴,2.0,6.0,水沢,B2,1:28.7,0.4,曇,3.0,2.0,水沢,3月22日は帯広でば(B1),1:31.4,1.1,晴,10.0,7.0,浦和,浦和エイトチャレンジ(C1),1:32.7,2.4,晴,10.3,3.0,,nar,2026-09-13,47.06,52.1,40.5,34.3,48.5,52.9,54.0,水沢実績 / 履歴少
202654091309,2026-09-13,9,キーチデッドミラー,9.0,8.0,井上瑛太,57.0,,3.0,4.0,高知,C3ー8,1:32.7,1.2,晴,1.0,1.0,高知,3歳ー2,1:46.0,-0.3,晴,2.0,3.0,高知,3歳ー2,1:24.8,0.3,雨,3.0,2.0,高知,3歳ー1,1:30.6,0.4,曇,1.0,1.0,高知,3歳ー2,1:23.2,0.0,曇,3.0,2.0,,nar,2026-09-13,68.63,91.2,52.5,100.0,42.5,55.3,56.4,高知実績 / 安定感
202654091309,2026-09-13,9,クニノライフ,8.0,7.0,大澤誠志,55.0,,5.0,1.0,高知,ファイナルレース(C3),1:36.1,1.2,晴,5.0,6.0,高知,C3ー10,1:25.8,2.8,晴,7.0,4.0,高知,C3ー9,1:35.4,3.1,曇,5.0,5.0,高知,C3ー10,1:24.7,2.4,曇,11.0,10.0,船橋,馬い!山武たがやす倶(C2),1:18.2,2.2,曇,76.6,8.0,,nar,2026-09-13,54.05,59.9,38.4,69.9,62.0,49.0,54.0,高知実績 / 安定感
202636091309,2026-09-13,9,グランクロワ,7.0,6.0,阿部英俊,56.0,,5.0,9.0,盛岡,いわてくじ山形村短角(C1),1:27.4,1.1,曇,2.0,8.0,盛岡,C1五組,1:27.0,0.1,晴,4.0,7.0,盛岡,C2一組,1:27.3,1.2,晴,5.0,5.0,盛岡,C2一組,1:27.6,1.4,曇,3.0,4.0,盛岡,C2一組,1:27.8,1.3,曇,13.2,8.0,,nar,2026-09-13,71.25,77.2,73.9,100.0,41.0,72.2,48.8,前走人気以上 / 履歴少 / 人気以上に走る傾向 / 安定感
202646091309,2026-09-13,9,ゴーゴーパワー,4.0,4.0,平瀬城久,57.0,,4.0,11.0,金沢,3歳A 2,1:39.9,1.6,曇,7.0,9.0,金沢,3歳A 3,1:41.0,2.9,曇,5.0,4.0,金沢,3歳A 3,1:34.0,0.7,晴,4.0,6.0,金沢,星奈ちゃん1歳お誕生(3歳),1:34.0,1.9,晴,3.0,5.0,金沢,3歳A 4,1:40.9,2.5,曇,60.9,7.0,,nar,2026-09-13,65.89,69.3,70.5,75.1,54.5,61.3,54.5,金沢実績 / 前走人気以上 / 人気以上に走る傾向 / 安定感
202665091309,2026-09-13,9,サダノブラボー,2.0,2.0,松本秀克,660.0,,,,,,,,,,,,,,,,,,,,,,,,,,,,,,,,,,,,,,,,nar,2026-09-13,36.0,35.0,35.0,35.0,35.0,35.0,45.0,履歴少
202654091309,2026-09-13,9,サンブル,5.0,5.0,永森大智,57.0,,10.0,1.0,川崎,小千鳥賞(3歳),1:41.7,1.9,曇,11.0,4.0,浦和,初夏特別(3歳),2:19.3,7.3,曇,7.0,1.0,川崎,アウラー賞(3歳),1:39.7,2.2,晴,1.0,1.0,川崎,3歳7,1:31.9,-1.0,晴,16.0,6.0,4京都8,2歳未勝利,1:16.6,3.5,晴,8.6,4.0,,nar,2026-09-13,27.94,38.4,3.1,14.6,42.5,31.6,51.8,クラス条件好転 / 履歴少
202665091309,2026-09-13,9,シンエイファイト,9.0,8.0,吉田理人,630.0,,,,,,,,,,,,,,,,,,,,,,,,,,,,,,,,,,,,,,,,nar,2026-09-13,36.0,35.0,35.0,35.0,35.0,35.0,45.0,履歴少
202665091309,2026-09-13,9,スーパーチヨコ,5.0,5.0,鈴木恵介,640.0,,,,,,,,,,,,,,,,,,,,,,,,,,,,,,,,,,,,,,,,nar,2026-09-13,36.0,35.0,35.0,35.0,35.0,35.0,45.0,履歴少
202654091309,2026-09-13,9,セントキルダ,3.0,3.0,塚本直之,54.0,,10.0,3.0,高知,C3ー7,1:38.1,3.5,晴,3.0,2.0,高知,C3ー10,1:24.3,1.3,晴,1.0,3.0,高知,ファイナルレース(C3),1:31.6,-0.2,晴,3.0,4.0,高知,C3ー12,1:23.7,1.2,雨,7.0,4.0,高知,C3ー13,1:27.0,2.2,晴,11.0,5.0,,nar,2026-09-13,48.49,66.8,35.0,59.3,11.0,55.0,52.5,高知実績
202665091309,2026-09-13,9,タイタス,6.0,6.0,渡来心路,660.0,,,,,,,,,,,,,,,,,,,,,,,,,,,,,,,,,,,,,,,,nar,2026-09-13,36.0,35.0,35.0,35.0,35.0,35.0,45.0,履歴少
202665091309,2026-09-13,9,タンジロウ,8.0,7.0,長澤幸太,660.0,,,,,,,,,,,,,,,,,,,,,,,,,,,,,,,,,,,,,,,,nar,2026-09-13,36.0,35.0,35.0,35.0,35.0,35.0,45.0,履歴少
202646091309,2026-09-13,9,ダイバーシティ,3.0,3.0,田知弘久,57.0,,2.0,8.0,金沢,祝新太郎&千紘結婚し(3歳),1:33.0,0.2,晴,10.0,10.0,金沢,3歳A 4,1:35.2,2.2,曇,,,金沢,3歳B 2,,,晴,2.0,1.0,金沢,3歳B 3,1:42.2,0.7,晴,3.0,3.0,金沢,祝!ゆっきー支店長就(3歳),1:41.7,2.2,晴,15.2,4.0,,nar,2026-09-13,64.8,71.1,64.6,55.3,68.0,65.6,54.0,金沢実績 / 前走人気以上 / 近走上向き / 過小評価傾向
202646091309,2026-09-13,9,ディープエフェクト,7.0,7.0,鈴木太一,57.0,,7.0,1.0,金沢,3歳A 3,1:34.7,0.8,雨,2.0,1.0,金沢,あかねこちゃんねる五(3歳),1:33.4,0.4,曇,1.0,1.0,金沢,3歳B 2,1:33.7,-0.5,雨,1.0,1.0,金沢,3歳B 6,1:40.0,0.0,曇,7.0,8.0,4新潟4,2歳未勝利,1:56.2,2.3,雨,6.8,2.0,,nar,2026-09-13,53.84,78.5,36.2,59.3,24.5,54.3,55.3,金沢実績 / 履歴少
202654091309,2026-09-13,9,デルマタモン,2.0,2.0,野畑凌,57.0,,5.0,2.0,高知,C3ー8,1:33.2,1.7,晴,10.0,14.0,3東京3,日野特別(2勝クラス),2:12.2,2.3,晴,13.0,16.0,2東京11,4歳以上2勝クラス,2:14.9,3.1,晴,7.0,14.0,3中山3,千葉日報杯(2勝クラス),1:54.3,0.9,雨,13.0,16.0,2中山1,4歳以上2勝クラス,1:54.4,1.7,晴,7.2,3.0,,nar,2026-09-13,53.12,36.4,64.1,30.4,84.5,61.3,51.8,クラス条件好転 / 履歴少 / 近走上向き
202654091309,2026-09-13,9,トーケンタカハール,7.0,7.0,山崎雅由,57.0,,2.0,7.0,高知,C3ー2,1:32.9,0.1,晴,10.0,9.0,高知,C3ー2,1:50.7,4.5,曇,9.0,11.0,高知,ファイナルレース(C3),1:25.8,1.6,曇,4.0,11.0,高知,C3ー2,1:33.6,0.4,曇,7.0,9.0,高知,C3ー2,1:26.0,2.4,晴,45.4,6.0,,nar,2026-09-13,62.81,58.5,70.3,45.0,83.0,66.0,49.6,前走人気以上 / 履歴少 / 人気以上に走る傾向 / 近走上向き
202636091309,2026-09-13,9,ネイビス,4.0,4.0,岩本怜,56.0,,6.0,8.0,盛岡,いわてくじ山形村短角(C1),1:27.4,1.1,曇,4.0,3.0,盛岡,C1四組,1:27.0,0.5,曇,1.0,2.0,盛岡,C2三組,1:26.9,-0.6,曇,3.0,3.0,盛岡,C2二組,1:26.7,1.3,曇,3.0,3.0,盛岡,C2四組,1:28.4,0.4,曇,12.8,7.0,,nar,2026-09-13,60.33,77.9,53.9,69.6,30.5,62.2,48.8,履歴少 / 安定感 / 市場オッズ妙味
202636091309,2026-09-13,9,ハクアイドリーム,11.0,8.0,佐々木志,56.0,,11.0,12.0,盛岡,C2四組,1:15.4,2.2,曇,6.0,8.0,盛岡,C2四組,1:30.0,2.3,曇,8.0,9.0,盛岡,C2四組,1:16.3,3.3,晴,9.0,9.0,盛岡,C2三組,1:29.4,2.5,曇,7.0,8.0,盛岡,C2二組,1:29.5,2.1,曇,104.9,12.0,,nar,2026-09-13,41.09,40.4,57.7,0.0,29.0,54.2,48.8,履歴少
202636091309,2026-09-13,9,パンセ,2.0,2.0,山本聡紀,56.0,,3.0,7.0,盛岡,ポーチュラカ賞(B1),1:11.2,0.4,雨,4.0,6.0,盛岡,B1,1:26.1,1.0,曇,3.0,7.0,盛岡,B1,1:12.5,0.3,曇,3.0,9.0,盛岡,B1,0:59.7,0.8,曇,7.0,6.0,盛岡,B1,1:13.4,1.3,晴,2.3,1.0,,nar,2026-09-13,70.94,78.7,72.9,89.7,57.5,63.3,48.8,前走人気以上 / 履歴少 / 人気以上に走る傾向 / 安定感
202654091309,2026-09-13,9,パーシステンス,4.0,4.0,木村直輝,57.0,,12.0,12.0,高知,C3ー8,1:40.4,8.9,晴,10.0,10.0,高知,C3ー10,1:30.3,7.3,晴,10.0,10.0,高知,C3ー9,1:40.0,7.7,曇,8.0,8.0,高知,C3ー10,1:29.0,6.7,曇,9.0,9.0,高知,C3ー12,1:35.0,6.0,曇,591.6,10.0,,nar,2026-09-13,35.17,26.3,50.0,0.0,33.5,50.9,46.5,総合評価
202636091309,2026-09-13,9,ピースワンドルチェ,12.0,8.0,高松亮,56.0,,4.0,8.0,盛岡,C2四組,1:14.4,1.2,曇,6.0,3.0,盛岡,C2二組,1:28.3,1.4,晴,6.0,5.0,盛岡,C2一組,1:28.4,1.9,曇,5.0,3.0,盛岡,C1五組,1:28.3,1.6,曇,8.0,7.0,水沢,C1六組,1:29.6,2.0,曇,10.7,4.0,,nar,2026-09-13,55.85,64.4,49.1,45.0,63.5,58.1,48.8,前走人気以上 / 履歴少
202654091309,2026-09-13,9,フランフィズ,1.0,1.0,石本純也,57.0,,4.0,3.0,高知,ファイナルレース(C3),1:36.0,1.1,晴,6.0,10.0,高知,ファイナルレース(C3),1:28.5,1.7,晴,7.0,7.0,高知,C3ー12,1:47.4,4.4,曇,4.0,7.0,高知,C3ー9,1:33.8,1.5,曇,6.0,10.0,高知,ファイナルレース(C3),1:24.8,1.1,曇,115.7,9.0,,nar,2026-09-13,59.07,65.6,60.8,45.0,60.5,60.0,50.5,前走人気以上
202654091309,2026-09-13,9,フレールフィーユ,6.0,6.0,宮川実,57.0,,2.0,2.0,高知,C3ー9,1:31.6,1.0,晴,1.0,4.0,高知,C3ー7,1:46.6,-0.8,晴,11.0,13.0,川崎,川崎の名伯楽特(B1B2),1:45.8,1.7,曇,13.0,11.0,川崎,しずおか早春特別(B1B2),1:38.1,1.8,晴,8.0,10.0,川崎,スパーキングマイラー(OP)(3歳),1:44.5,3.2,晴,2.0,1.0,,nar,2026-09-13,61.78,62.0,57.4,55.3,87.5,56.2,56.4,高知実績 / 前走人気以上 / 近走上向き
202654091309,2026-09-13,9,ブロードグリン,10.0,8.0,上田将司,55.0,,8.0,8.0,高知,C3ー8,1:33.9,2.4,晴,4.0,5.0,高知,C3ー10,1:25.6,2.6,晴,9.0,3.0,高知,C3ー9,0:50.3,2.3,曇,4.0,5.0,高知,C3ー11,1:31.8,2.0,晴,5.0,4.0,高知,C3ー11,1:23.7,1.7,曇,54.4,7.0,,nar,2026-09-13,49.08,57.5,43.7,49.8,35.0,50.2,52.5,高知実績
202636091309,2026-09-13,9,ベルドラゴ,9.0,7.0,菅原辰徳,56.0,,6.0,6.0,盛岡,夢・希望未来へ前進(B1),1:39.6,1.0,曇,10.0,10.0,高知,AB混合,1:34.0,2.5,晴,12.0,12.0,高知,四万十川特別,2:02.1,4.1,雨,7.0,11.0,高知,Bー2,1:30.9,1.0,晴,10.0,10.0,高知,奈半利川特別(B),1:51.3,2.9,晴,11.4,6.0,,nar,2026-09-13,44.96,38.1,54.1,0.0,72.5,55.3,48.8,履歴少 / 近走上向き
202665091309,2026-09-13,9,ホクセイレクサス,3.0,3.0,菊池一樹,665.0,,,,,,,,,,,,,,,,,,,,,,,,,,,,,,,,,,,,,,,,nar,2026-09-13,36.18,35.0,35.0,35.0,35.0,35.0,46.8,履歴少
202636091309,2026-09-13,9,マイネルレクエルド,6.0,5.0,鈴木祐,56.0,,1.0,5.0,盛岡,C2四組,1:27.1,-1.3,曇,10.0,6.0,盛岡,C2四組,1:14.9,1.7,曇,7.0,6.0,園田,唐櫃スプリントC3,1:22.6,2.1,晴,5.0,4.0,園田,木見スプリントC3,1:23.4,1.5,雨,5.0,8.0,園田,C3一,0:52.0,1.2,晴,15.5,9.0,,nar,2026-09-13,61.07,64.6,51.3,55.3,84.5,64.4,48.8,前走人気以上 / 履歴少 / 近走上向き / 市場オッズ妙味
202665091309,2026-09-13,9,ミヤビウルフ,1.0,1.0,中村太陽,660.0,,,,,,,,,,,,,,,,,,,,,,,,,,,,,,,,,,,,,,,,nar,2026-09-13,36.0,35.0,35.0,35.0,35.0,35.0,45.0,履歴少
202665091309,2026-09-13,9,ユウマダイマジン,4.0,4.0,西将太,660.0,,,,,,,,,,,,,,,,,,,,,,,,,,,,,,,,,,,,,,,,nar,2026-09-13,36.0,35.0,35.0,35.0,35.0,35.0,45.0,履歴少
202646091309,2026-09-13,9,リュウノアーチスト,1.0,1.0,栗原大河,55.0,,12.0,6.0,川崎,笹五位賞(3歳),1:41.2,3.4,晴,6.0,10.0,川崎,アウローラ賞(3歳),1:34.0,1.0,晴,9.0,5.0,川崎,燕賞(3歳),1:34.9,4.0,晴,3.0,10.0,川崎,郭公賞(3歳),1:34.4,0.6,曇,5.0,6.0,浦和,3歳四,1:31.6,1.3,曇,13.4,3.0,,nar,2026-09-13,41.02,45.0,46.6,24.9,12.5,56.3,48.8,履歴少 / 市場オッズ妙味
202636091309,2026-09-13,9,リーヴルワンダー,1.0,1.0,坂井瑛音,55.0,,6.0,2.0,盛岡,C2二組,1:28.3,1.7,曇,1.0,3.0,盛岡,C2五組,1:13.2,-0.2,晴,8.0,2.0,盛岡,C2,1:01.7,1.4,晴,2.0,1.0,盛岡,C2六組,1:13.6,0.4,曇,7.0,4.0,船橋,C2四 五,1:20.2,3.1,曇,27.4,11.0,,nar,2026-09-13,48.93,70.7,33.5,39.5,41.0,46.9,48.8,履歴少 / 市場オッズ妙味
202646091309,2026-09-13,9,ロット,2.0,2.0,望月洵輝,55.0,,2.0,3.0,金沢,レッドスピネル特別(3歳),0:56.0,0.8,晴,4.0,9.0,2東京8,3歳未勝利,1:40.2,1.5,晴,4.0,11.0,2東京1,3歳未勝利,1:40.3,1.3,曇,8.0,10.0,3中山5,3歳未勝利,1:56.7,3.4,晴,5.0,14.0,2中山5,3歳未勝利,1:57.5,0.9,晴,1.2,1.0,,nar,2026-09-13,72.84,75.4,79.1,85.4,69.5,66.4,48.8,履歴少 / 人気以上に走る傾向 / 近走上向き / 安定感
202636091309,2026-09-13,9,ヴィヴァムーン,5.0,5.0,塚本涼人,56.0,,7.0,4.0,盛岡,いわてくじ山形村短角(C1),1:27.5,1.2,曇,7.0,6.0,盛岡,C1三組,1:27.2,1.8,曇,10.0,4.0,盛岡,C1二組,1:40.4,1.6,曇,7.0,7.0,盛岡,スマホで投票!楽天競(C1),1:41.2,1.6,曇,3.0,2.0,盛岡,イグナイター特別(C1),1:27.1,0.2,曇,10.9,5.0,,nar,2026-09-13,41.04,50.6,32.9,10.3,48.5,50.5,48.8,履歴少
202646091310,2026-09-13,10,アクアマイスター,6.0,5.0,山中悠希,57.0,,10.0,6.0,金沢,3歳A 2,1:40.4,2.1,曇,3.0,5.0,金沢,3歳A 2,1:39.7,1.4,曇,9.0,4.0,金沢,3歳A 2,1:35.6,2.2,晴,3.0,2.0,金沢,3歳A 2,1:41.0,1.1,曇,2.0,4.0,金沢,3歳A 3,1:33.6,1.6,曇,58.7,9.0,,nar,2026-09-13,45.6,58.3,38.5,49.8,15.5,49.6,52.5,金沢実績
202636091310,2026-09-13,10,アフタービート,11.0,8.0,菅原辰徳,56.0,,7.0,8.0,盛岡,C2一組,1:28.0,1.7,晴,5.0,3.0,水沢,C2一組,1:32.3,1.7,曇,1.0,3.0,水沢,C2二組,1:32.9,-0.3,晴,2.0,1.0,水沢,C2一組,1:34.0,0.7,晴,2.0,6.0,水沢,C2二組,1:31.9,0.0,晴,77.9,10.0,,nar,2026-09-13,58.82,75.4,53.3,69.6,23.0,56.1,59.5,水沢実績 / 履歴少 / 安定感
202654091310,2026-09-13,10,アムレートゥム,6.0,6.0,上田将司,57.0,,7.0,7.0,高知,ペリドット特別(A),1:49.0,2.0,晴,5.0,6.0,高知,Aー3,1:23.0,1.2,晴,6.0,7.0,高知,Aー3,1:29.4,1.6,曇,9.0,10.0,高知,瀬戸特別,1:44.6,2.6,曇,6.0,5.0,高知,Aー3,1:45.9,2.0,曇,59.9,10.0,,nar,2026-09-13,49.55,56.1,53.4,24.9,47.0,53.9,48.5,総合評価
202665091310,2026-09-13,10,アンズティエルナ,7.0,7.0,西将太,520.0,,,,,,,,,,,,,,,,,,,,,,,,,,,,,,,,,,,,,,,,nar,2026-09-13,36.0,35.0,35.0,35.0,35.0,35.0,45.0,履歴少
202646091310,2026-09-13,10,イヌボウノユウヒ,10.0,7.0,魚住謙心,55.0,,11.0,8.0,金沢,3歳A 2,1:40.5,2.2,曇,6.0,7.0,金沢,3歳A 3,1:40.9,2.8,曇,7.0,7.0,金沢,加賀山中賞(3歳牝馬),1:41.1,3.9,晴,5.0,8.0,金沢,3歳A 2,1:34.4,1.0,晴,6.0,5.0,金沢,3歳A 3,1:34.5,0.6,雨,121.0,12.0,,nar,2026-09-13,40.95,47.4,47.7,14.6,20.0,51.6,48.5,前走人気以上
202654091310,2026-09-13,10,カツベンケイ,4.0,4.0,塚本直之,54.0,,7.0,8.0,高知,アカメ特別(A),1:49.3,2.6,晴,6.0,8.0,高知,Aー3,1:23.2,1.4,晴,10.0,8.0,高知,Aー2,1:30.2,3.5,曇,,,高知,Aー3,,,晴,8.0,8.0,高知,Aー3,1:29.7,2.6,曇,121.5,11.0,,nar,2026-09-13,44.9,47.8,53.3,0.0,56.0,52.4,46.5,総合評価
202636091310,2026-09-13,10,カニフ,10.0,7.0,大坪慎,54.0,,6.0,7.0,盛岡,C2五組,1:14.4,1.3,雨,3.0,3.0,盛岡,C2六組,1:14.3,0.5,曇,2.0,3.0,盛岡,C2七組,1:13.9,0.2,晴,3.0,2.0,盛岡,C2七組,1:15.1,0.8,曇,6.0,2.0,盛岡,C2八組,1:14.0,0.9,曇,52.5,9.0,,nar,2026-09-13,56.66,75.8,49.6,59.3,35.0,51.5,50.0,総合評価
202646091310,2026-09-13,10,ガリバタ,5.0,5.0,加藤翔馬,55.0,,6.0,6.0,金沢,夫婦岩特別(3歳),1:33.0,2.1,曇,9.0,9.0,金沢,石川門C(3歳),1:33.6,2.2,晴,1.0,8.0,金沢,3歳A 3,1:33.9,0.0,雨,4.0,6.0,金沢,3歳A 2,1:41.5,1.6,曇,4.0,7.0,金沢,3歳A 2,1:41.5,1.9,晴,67.3,11.0,,nar,2026-09-13,57.94,65.9,63.9,44.7,41.0,61.3,52.9,金沢実績 / 履歴少
202665091310,2026-09-13,10,キタサカエヒトミ,9.0,8.0,鈴木恵介,520.0,,,,,,,,,,,,,,,,,,,,,,,,,,,,,,,,,,,,,,,,nar,2026-09-13,36.0,35.0,35.0,35.0,35.0,35.0,45.0,履歴少
202636091310,2026-09-13,10,クイーンオブソウル,12.0,8.0,高橋悠里,54.0,,3.0,3.0,盛岡,B2,1:38.4,0.1,雨,4.0,5.0,盛岡,B2,1:45.7,0.6,曇,6.0,3.0,盛岡,夢・希望未来へ前進(B2),1:39.7,1.2,曇,6.0,1.0,盛岡,B2,1:26.3,0.8,雨,6.0,1.0,盛岡,B2二組,1:39.6,1.2,晴,4.6,3.0,,nar,2026-09-13,55.42,71.3,38.9,55.3,65.0,48.7,48.8,履歴少 / 近走上向き
202654091310,2026-09-13,10,ケイアイメープル,8.0,7.0,郷間勇太,57.0,,2.0,3.0,高知,Aー3,1:21.9,0.1,晴,2.0,2.0,高知,Aー3,1:28.8,1.0,曇,8.0,1.0,高知,AB混合,1:29.8,2.2,雨,1.0,2.0,高知,フェブラリー特別(A),1:31.9,0.0,曇,6.0,2.0,高知,キンメダイ特別(A),1:24.5,1.5,晴,6.6,3.0,,nar,2026-09-13,60.81,80.4,40.6,69.9,63.5,52.2,52.5,高知実績 / 安定感
202636091310,2026-09-13,10,コスモベラエステラ,2.0,2.0,阿部英俊,56.0,,8.0,6.0,盛岡,C2一組,1:27.1,0.9,曇,2.0,4.0,盛岡,C2二組,1:26.7,1.5,曇,5.0,4.0,盛岡,C2二組,1:29.0,0.9,曇,4.0,4.0,盛岡,C2一組,1:27.4,1.2,曇,3.0,1.0,盛岡,C2二組,1:27.8,0.4,曇,48.5,8.0,,nar,2026-09-13,54.2,69.5,46.4,69.6,23.0,54.3,48.8,履歴少 / 安定感 / 市場オッズ妙味
202665091310,2026-09-13,10,サカノヒカルアオ,1.0,1.0,西謙一,520.0,,,,,,,,,,,,,,,,,,,,,,,,,,,,,,,,,,,,,,,,nar,2026-09-13,36.0,35.0,35.0,35.0,35.0,35.0,45.0,履歴少
202665091310,2026-09-13,10,サッコノイモウト,10.0,8.0,村上章,520.0,,,,,,,,,,,,,,,,,,,,,,,,,,,,,,,,,,,,,,,,nar,2026-09-13,36.0,35.0,35.0,35.0,35.0,35.0,45.0,履歴少
202654091310,2026-09-13,10,サンライズホープ,11.0,8.0,新庄海誠,57.0,,9.0,8.0,園田,しまね和牛特別A1,1:54.7,4.1,晴,9.0,9.0,園田,六甲盃(重賞),2:06.2,3.7,曇,7.0,4.0,園田,青葉特別A1,2:06.4,2.8,晴,3.0,10.0,姫路,白鷺賞(重賞),2:15.7,0.7,晴,10.0,7.0,笠松,白銀争覇(重賞),2:08.1,2.0,曇,41.8,9.0,,nar,2026-09-13,43.45,45.3,48.7,14.6,39.5,52.8,51.8,クラス条件好転 / 市場オッズ妙味
202665091310,2026-09-13,10,ショウライトマユ,2.0,2.0,今井千尋,520.0,,,,,,,,,,,,,,,,,,,,,,,,,,,,,,,,,,,,,,,,nar,2026-09-13,36.0,35.0,35.0,35.0,35.0,35.0,45.0,履歴少
202646091310,2026-09-13,10,ジェネチェン,3.0,3.0,米倉知,55.0,,8.0,7.0,金沢,3歳A 2,1:40.3,2.0,曇,3.0,6.0,金沢,3歳A 3,1:40.2,2.1,曇,6.0,6.0,金沢,3歳A 2,1:40.8,2.5,曇,10.0,5.0,金沢,3歳A 2,1:35.8,2.4,晴,1.0,2.0,金沢,バロックパール特別(3歳),0:56.5,-0.5,晴,64.2,10.0,,nar,2026-09-13,48.96,60.6,48.7,35.3,32.0,51.3,50.5,総合評価
202646091310,2026-09-13,10,スズランクイーン,9.0,7.0,鈴木太一,55.0,,9.0,9.0,金沢,3歳A 2,1:40.4,2.1,曇,10.0,4.0,金沢,3歳A 3,1:42.0,3.9,曇,2.0,3.0,金沢,星奈ちゃん1歳お誕生(3歳),1:32.2,0.1,晴,2.0,3.0,金沢,3歳A 4,1:39.7,1.3,曇,4.0,4.0,金沢,あかねこちゃんねる五(3歳),1:33.9,0.9,曇,38.1,8.0,,nar,2026-09-13,47.02,57.4,41.9,44.7,23.0,53.7,52.5,金沢実績 / 市場オッズ妙味
202654091310,2026-09-13,10,ダイヤモンドフジ,1.0,1.0,赤岡修次,57.0,,1.0,2.0,高知,物部川特別,1:24.7,-0.4,晴,2.0,3.0,高知,柏島特別(C1),1:30.2,0.2,曇,1.0,2.0,高知,C1ー4,1:45.5,0.0,曇,4.0,4.0,高知,早明浦ダム特別(C1),1:31.8,0.6,曇,2.0,1.0,高知,C1ー6,1:47.2,0.0,晴,7.5,4.0,,nar,2026-09-13,72.55,93.7,54.5,100.0,57.5,59.9,59.5,高知実績 / 履歴少 / 安定感
202646091310,2026-09-13,10,ダスオルケスタ,4.0,4.0,筒井勇介,55.0,,4.0,2.0,金沢,3歳A 2,1:34.1,0.7,晴,7.0,8.0,金沢,加賀片山津賞(3歳),1:40.2,2.3,晴,5.0,4.0,金沢,加賀九谷賞(3歳牝馬),1:39.7,1.0,曇,1.0,3.0,金沢,3歳A 3,1:32.8,-0.2,晴,4.0,6.0,金沢,咲希9歳!里咲はもう(3歳),1:34.4,1.2,晴,25.3,7.0,,nar,2026-09-13,60.74,71.9,49.6,75.1,51.5,57.6,54.5,金沢実績 / 安定感 / 市場オッズ妙味
202665091310,2026-09-13,10,ツカサエンゼル,3.0,3.0,島津新,520.0,,,,,,,,,,,,,,,,,,,,,,,,,,,,,,,,,,,,,,,,nar,2026-09-13,36.0,35.0,35.0,35.0,35.0,35.0,45.0,履歴少
202636091310,2026-09-13,10,トレベルフィーユ,8.0,6.0,山本聡紀,54.0,,8.0,6.0,盛岡,C2二組,1:29.4,3.7,晴,6.0,7.0,盛岡,うまレター賞(C2),1:30.0,1.7,晴,6.0,6.0,盛岡,C2一組,1:27.7,1.6,晴,8.0,6.0,盛岡,C2一組,1:28.4,1.9,曇,1.0,4.0,盛岡,C2四組,1:13.2,-0.1,曇,155.4,12.0,,nar,2026-09-13,44.87,56.9,47.6,10.3,33.5,52.6,48.8,履歴少
202665091310,2026-09-13,10,ドウナンリュウホオ,8.0,7.0,阿部武臣,520.0,,,,,,,,,,,,,,,,,,,,,,,,,,,,,,,,,,,,,,,,nar,2026-09-13,36.0,35.0,35.0,35.0,35.0,35.0,45.0,履歴少
202646091310,2026-09-13,10,ドライヴトウショウ,12.0,8.0,栗原大河,55.0,,6.0,4.0,金沢,3歳A 2,1:40.1,1.8,曇,1.0,5.0,金沢,3歳A 3,1:33.3,0.0,晴,3.0,3.0,金沢,イエローダイヤモンド(3歳),0:57.7,1.4,晴,1.0,1.0,金沢,3歳B 3,1:34.2,-0.1,曇,2.0,6.0,金沢,3歳B 5,1:42.7,0.7,曇,20.1,6.0,,nar,2026-09-13,61.99,83.9,55.6,69.6,24.5,60.2,54.5,金沢実績 / 安定感 / 市場オッズ妙味
202646091310,2026-09-13,10,ドリーマーズ,1.0,1.0,望月洵輝,55.0,,2.0,2.0,金沢,3歳A 3,1:39.4,2.1,曇,1.0,2.0,金沢,3歳B 2,1:32.9,0.0,曇,2.0,2.0,金沢,3歳B 4,1:34.0,0.2,晴,7.0,14.0,2福島4,3歳未勝利,1:09.5,1.1,晴,11.0,9.0,1新潟4,3歳未勝利,0:57.2,1.4,晴,1.7,1.0,,nar,2026-09-13,67.24,80.7,57.4,75.1,69.5,56.2,56.4,金沢実績 / 前走人気以上 / 近走上向き / 安定感
202646091310,2026-09-13,10,ナックステート,7.0,6.0,青柳正義,57.0,,3.0,8.0,金沢,夫婦岩特別(3歳),1:32.0,1.1,曇,7.0,4.0,金沢,3歳A 2,1:40.8,2.5,曇,3.0,6.0,金沢,3歳A 2,1:34.0,0.6,晴,2.0,3.0,金沢,3歳A 2,1:40.1,0.2,曇,9.0,7.0,金沢,3歳A 3,1:34.2,2.2,曇,17.1,5.0,,nar,2026-09-13,64.11,72.2,59.1,64.7,63.5,64.7,52.5,金沢実績 / 前走人気以上 / 安定感 / 市場オッズ妙味
202636091310,2026-09-13,10,ナムラゴロフキン,3.0,3.0,村上忍,56.0,,9.0,11.0,盛岡,C2二組,1:28.5,1.9,曇,6.0,7.0,盛岡,C2二組,1:28.4,2.7,晴,7.0,6.0,盛岡,C1,1:28.4,2.3,曇,8.0,11.0,盛岡,C1五組,1:29.0,1.7,晴,8.0,5.0,盛岡,C1,1:28.6,2.3,曇,79.5,11.0,,nar,2026-09-13,43.54,47.1,55.5,0.0,39.5,52.9,48.8,履歴少
202654091310,2026-09-13,10,ネオブレイブ,9.0,7.0,井上瑛太,57.0,,6.0,3.0,高知,ペリドット特別(A),1:48.2,1.2,晴,4.0,7.0,高知,ルビー特別(A),1:28.2,1.3,曇,4.0,4.0,高知,メジロ特別(A),1:45.7,0.9,晴,3.0,8.0,高知,Aー2,1:42.8,0.6,曇,2.0,4.0,高知,Aー2,1:30.8,0.0,晴,19.9,7.0,,nar,2026-09-13,61.35,74.0,55.4,69.6,33.5,66.8,56.2,高知実績 / 履歴少 / 安定感 / 過小評価傾向
202665091310,2026-09-13,10,ハオリブル,4.0,4.0,菊池一樹,520.0,,,,,,,,,,,,,,,,,,,,,,,,,,,,,,,,,,,,,,,,nar,2026-09-13,36.0,35.0,35.0,35.0,35.0,35.0,45.0,履歴少
202636091310,2026-09-13,10,ハッピーグローリー,5.0,5.0,斉藤友香,50.0,,2.0,8.0,盛岡,C2四組,1:28.4,1.3,曇,7.0,9.0,盛岡,C2四組,1:14.4,1.2,曇,5.0,5.0,盛岡,C2四組,1:29.1,1.4,曇,1.0,5.0,盛岡,C2七組,1:14.3,-0.2,曇,7.0,9.0,盛岡,C2七組,1:14.2,1.5,曇,33.5,7.0,,nar,2026-09-13,68.12,74.3,71.8,64.7,68.0,65.4,50.0,前走人気以上 / 人気以上に走る傾向 / 近走上向き / 安定感
202654091310,2026-09-13,10,ヒビキ,2.0,2.0,近藤翔月,56.0,,10.0,7.0,園田,第2回夜さ恋サマース(A),1:20.8,1.3,曇,7.0,6.0,船橋,ドレミダッシュ(A2),1:02.2,1.2,曇,4.0,3.0,船橋,閃光スプリント(A2B1),1:14.7,1.7,曇,10.0,4.0,大井,’26ウインタースプ(OP)(4上),1:14.5,2.7,晴,9.0,10.0,浦和,ゴールドC(重賞),1:27.7,1.3,晴,35.8,8.0,,nar,2026-09-13,39.05,44.3,35.1,19.8,35.0,46.3,51.8,クラス条件好転 / 履歴少 / 市場オッズ妙味
202636091310,2026-09-13,10,ヒロシゲウェーブ,4.0,4.0,小林凌,56.0,,5.0,9.0,盛岡,B2,1:26.8,0.9,曇,5.0,5.0,盛岡,チックウィード賞(B2),1:27.7,0.9,晴,3.0,5.0,盛岡,B2,1:26.4,0.8,曇,3.0,4.0,盛岡,B2,1:25.9,0.4,雨,7.0,9.0,盛岡,B2,1:26.9,1.9,晴,13.7,5.0,,nar,2026-09-13,66.07,71.8,63.7,89.7,47.0,67.0,48.8,前走人気以上 / 履歴少 / 安定感 / 過小評価傾向
202636091310,2026-09-13,10,ビッグサララルーフ,6.0,5.0,高松亮,54.0,,9.0,10.0,盛岡,いわてくじ山形村短角(C1),1:27.9,1.6,曇,4.0,4.0,盛岡,C1,1:27.2,0.2,曇,4.0,9.0,盛岡,C1三組,1:26.7,0.6,晴,9.0,2.0,盛岡,ロス・トランキーロス(C1),1:28.0,2.7,曇,2.0,10.0,盛岡,C1四組,1:27.2,0.1,曇,17.6,6.0,,nar,2026-09-13,54.31,59.7,57.7,55.0,24.5,66.8,48.8,履歴少 / 過小評価傾向 / 市場オッズ妙味
202665091310,2026-09-13,10,フェアリーマックス,6.0,6.0,阿部優哉,520.0,,,,,,,,,,,,,,,,,,,,,,,,,,,,,,,,,,,,,,,,nar,2026-09-13,36.0,35.0,35.0,35.0,35.0,35.0,45.0,履歴少
202654091310,2026-09-13,10,フユソウビ,7.0,6.0,城野慈尚,57.0,,6.0,4.0,高知,アカメ特別(A),1:48.5,1.8,晴,1.0,1.0,高知,ファイナルレース(B),1:22.0,-0.1,曇,7.0,3.0,高知,横倉山特別(B),1:31.1,1.5,雨,2.0,7.0,高知,安田川特別(B),1:43.3,0.1,曇,2.0,5.0,高知,Bー2,1:29.1,0.1,曇,16.5,6.0,,nar,2026-09-13,56.74,76.4,47.5,49.8,32.0,63.2,52.9,高知実績 / 履歴少 / 市場オッズ妙味
202646091310,2026-09-13,10,ブエノスオプティマ,2.0,2.0,吉田晃浩,55.0,,7.0,3.0,金沢,夫婦岩特別(3歳),1:34.0,3.1,曇,2.0,2.0,金沢,3歳A 3,1:39.6,1.5,曇,1.0,1.0,金沢,スタールビー特別(3歳),0:57.2,-0.2,曇,10.0,9.0,1函館9,3歳未勝利,1:44.7,1.8,雨,3.0,6.0,1新潟6,3歳未勝利,1:55.7,0.1,晴,7.2,3.0,,nar,2026-09-13,53.94,71.3,42.6,55.0,32.0,57.1,53.1,金沢実績
202636091310,2026-09-13,10,ヘクトプリンセス,9.0,7.0,坂井瑛音,53.0,,1.0,1.0,盛岡,C2三組,1:26.3,-0.9,曇,1.0,1.0,盛岡,C2六組,1:13.8,-0.5,曇,8.0,9.0,大井,マーメイド特別競走(C1),1:28.6,1.5,晴,9.0,11.0,大井,B3五,1:29.1,2.4,曇,6.0,10.0,大井,B3六,1:28.7,1.3,晴,3.6,2.0,,nar,2026-09-13,64.16,75.5,56.3,55.3,80.0,60.0,48.8,履歴少 / 近走上向き
202654091310,2026-09-13,10,ベルリネッタ,3.0,3.0,永森大智,57.0,,1.0,1.0,高知,アカメ特別(A),1:46.7,-0.1,晴,1.0,2.0,高知,Bー2,1:47.8,-0.4,晴,7.0,3.0,高知,Bー2,1:23.4,1.3,曇,1.0,7.0,高知,丸山台特別,2:06.2,-0.2,晴,1.0,1.0,高知,C1ー4,1:33.1,-0.4,晴,7.5,5.0,,nar,2026-09-13,68.53,90.5,52.3,80.2,59.0,60.5,54.5,高知実績 / 安定感
202646091310,2026-09-13,10,モーモークローム,11.0,8.0,田知弘久,55.0,,1.0,2.0,金沢,3歳A 2,1:38.3,-1.0,曇,5.0,8.0,金沢,石川門C(3歳),1:32.4,1.0,晴,,,金沢,金沢城鼠多門賞【サラ(重賞),,,晴,3.0,2.0,金沢,3歳A 3,1:33.9,0.0,雨,5.0,5.0,金沢,3歳A 3,1:33.7,1.7,曇,7.3,4.0,,nar,2026-09-13,69.65,83.0,57.9,80.2,70.0,60.9,59.5,金沢実績 / 履歴少 / 近走上向き / 安定感
202665091310,2026-09-13,10,ヤマカツサクラ,5.0,5.0,金田利貴,520.0,,,,,,,,,,,,,,,,,,,,,,,,,,,,,,,,,,,,,,,,nar,2026-09-13,36.0,35.0,35.0,35.0,35.0,35.0,45.0,履歴少
202654091310,2026-09-13,10,ラプラス,5.0,5.0,山崎雅由,57.0,,3.0,2.0,高知,アカメ特別(A),1:47.6,0.9,晴,1.0,4.0,高知,千本山特別(B),1:21.8,-0.3,曇,3.0,6.0,高知,AB混合,1:45.0,0.9,晴,8.0,4.0,高知,新荘川特別(B),1:30.6,1.9,曇,1.0,6.0,高知,Bー2,1:45.1,-0.1,晴,4.7,2.0,,nar,2026-09-13,67.61,83.8,56.8,85.4,51.5,60.5,56.2,高知実績 / 履歴少 / 安定感
202636091310,2026-09-13,10,リアルモハメド,7.0,6.0,山本政聡,56.0,,13.0,9.0,大井,大暑特別競走(C1),2:45.1,7.8,晴,9.0,11.0,大井,B3四,2:10.2,1.7,晴,11.0,12.0,大井,BSイレブン賞競走(B3),1:43.1,2.7,晴,11.0,10.0,大井,赤坂賞競走(B3),1:58.2,2.9,晴,5.0,6.0,大井,START!賞競走(C1),1:57.7,0.8,曇,2.4,1.0,,nar,2026-09-13,34.08,24.1,46.1,10.3,26.0,50.3,48.8,履歴少
202646091310,2026-09-13,10,リュウノタイタン,8.0,6.0,吉原寛人,57.0,,2.0,5.0,金沢,夫婦岩特別(3歳),1:31.2,0.3,曇,7.0,5.0,金沢,石川門C(3歳),1:32.6,1.2,晴,4.0,2.0,金沢,3歳A 2,1:39.9,1.6,曇,7.0,7.0,金沢,金沢城鼠多門賞【サラ(重賞),2:14.8,7.5,晴,11.0,10.0,金沢,兼六園スプリント(重賞),1:42.4,4.9,雨,6.7,2.0,,nar,2026-09-13,59.02,65.6,49.4,50.2,81.5,56.8,50.5,前走人気以上 / 近走上向き
202636091310,2026-09-13,10,リュウノメディナ,1.0,1.0,塚本涼人,56.0,,6.0,10.0,盛岡,ポーチュラカ賞(B1),1:11.8,1.0,雨,7.0,11.0,水沢,春分特別(A),1:43.6,0.5,曇,10.0,7.0,水沢,弥生特別(A),1:48.0,2.2,晴,4.0,4.0,水沢,ハヤテ特別(OP),1:27.2,0.5,曇,2.0,6.0,水沢,ハヤテ特別(OP),1:29.6,0.7,曇,9.4,4.0,,nar,2026-09-13,54.52,57.3,64.2,24.9,48.5,63.0,54.2,水沢実績 / クラス条件好転 / 前走人気以上 / 履歴少
202654091310,2026-09-13,10,ヴァンケドミンゴ,10.0,8.0,多田羅誠,57.0,,1.0,1.0,高知,Aー3,1:21.8,-0.1,晴,1.0,2.0,高知,AB混合,1:27.6,-1.0,雨,2.0,3.0,高知,Aー3,1:30.3,0.9,晴,1.0,7.0,高知,工石山特別(B),1:28.8,-0.6,晴,6.0,8.0,高知,奈半利川特別(B),1:49.0,0.6,晴,2.3,1.0,,nar,2026-09-13,72.66,94.3,60.7,89.7,59.0,60.0,54.5,高知実績 / 安定感
202646091311,2026-09-13,11,アリーワーク,1.0,1.0,柴田勇真,55.0,,8.0,9.0,金沢,☆祝三十路☆小山光生(C1),1:43.2,2.8,雨,7.0,5.0,金沢,能登復興支援舳倉島特(C1C2),0:58.9,1.4,晴,8.0,7.0,金沢,C22,1:36.9,2.5,晴,8.0,5.0,金沢,葛山晃平騎手ラストデ(C1),1:44.2,4.6,曇,6.0,5.0,金沢,オオタアキラ引退送別(C2),1:42.3,1.5,曇,34.0,5.0,,nar,2026-09-13,40.46,47.6,43.5,0.0,45.5,48.9,43.8,履歴少 / 市場オッズ妙味
202636091311,2026-09-13,11,ウイニングライブ,5.0,5.0,阿部英俊,56.0,,8.0,7.0,盛岡,OROターフ特別(OP),1:39.0,1.9,曇,3.0,7.0,盛岡,いしがきマイラーズ(重賞),1:36.9,0.6,小雨,4.0,7.0,盛岡,せきれい賞(重賞),2:32.8,0.8,曇,2.0,7.0,水沢,麦秋特別(A),1:40.3,0.2,雨,2.0,7.0,盛岡,陽光特別(A),1:38.2,0.0,晴,26.5,8.0,,nar,2026-09-13,61.58,72.3,67.7,69.6,18.5,66.7,51.8,クラス条件好転 / 前走人気以上 / 人気以上に走る傾向 / 安定感
202654091311,2026-09-13,11,エイシングラス,3.0,3.0,郷間勇太,57.0,,4.0,8.0,高知,ペリドット特別(A),1:48.0,1.0,晴,5.0,7.0,高知,Aー2,1:22.8,1.6,晴,5.0,9.0,高知,Aー2,1:28.5,1.8,曇,7.0,7.0,高知,メジロ特別(A),1:46.5,1.7,晴,8.0,10.0,高知,Aー2,1:45.2,3.0,曇,77.6,7.0,,nar,2026-09-13,65.39,65.6,69.0,75.1,63.5,61.3,52.5,高知実績 / 前走人気以上 / 人気以上に走る傾向 / 安定感
202654091311,2026-09-13,11,エスケンドリーム,8.0,8.0,赤岡修次,57.0,,2.0,1.0,高知,一本釣り特別(A),1:47.1,0.2,晴,9.0,2.0,高知,御畳瀬特別,2:02.2,1.8,曇,1.0,1.0,高知,Aー2,1:42.2,-0.3,曇,4.0,2.0,高知,春野特別,1:30.7,0.3,晴,2.0,1.0,高知,Aー2,1:43.4,0.1,晴,12.2,4.0,,nar,2026-09-13,59.09,77.3,32.9,75.1,62.0,53.5,56.2,高知実績 / 履歴少 / 安定感 / 市場オッズ妙味
202636091311,2026-09-13,11,オンラインボス,4.0,4.0,村上忍,56.0,,2.0,3.0,門別,丸くなるな、星になれ(A1),1:13.3,0.3,晴,,3.0,門別,日高銀聖特別(A2),,,曇,2.0,2.0,門別,アメリカンペイトリオ(A3),1:14.0,0.0,晴,1.0,3.0,門別,登別地獄の谷の鬼花火(A3),1:14.0,-0.1,曇,4.0,2.0,門別,ツツジ特別(A3),1:14.3,0.4,曇,5.8,3.0,,nar,2026-09-13,66.73,91.4,53.6,75.1,52.0,58.3,48.8,履歴少 / 安定感
202665091311,2026-09-13,11,キングフェスタ,2.0,2.0,長澤幸太,830.0,,,,,,,,,,,,,,,,,,,,,,,,,,,,,,,,,,,,,,,,nar,2026-09-13,36.0,35.0,35.0,35.0,35.0,35.0,45.0,履歴少
202665091311,2026-09-13,11,クリスタルコルド,5.0,5.0,西謙一,820.0,,,,,,,,,,,,,,,,,,,,,,,,,,,,,,,,,,,,,,,,nar,2026-09-13,36.0,35.0,35.0,35.0,35.0,35.0,45.0,履歴少
202636091311,2026-09-13,11,グッデーサイレンス,7.0,7.0,佐々木志,56.0,,1.0,5.0,盛岡,夢・希望未来へ前進(B1),1:38.6,-0.3,曇,6.0,1.0,盛岡,B1,1:26.9,1.8,曇,1.0,4.0,盛岡,B1,1:24.7,-0.1,小雨,5.0,5.0,盛岡,レモンポップ特別(B1),1:25.8,1.1,晴,5.0,3.0,水沢,カジノフォンテン特別(B1),1:29.6,1.4,曇,10.9,7.0,,nar,2026-09-13,66.22,82.1,52.5,75.1,69.5,60.2,48.8,前走人気以上 / 履歴少 / 近走上向き / 安定感
202654091311,2026-09-13,11,グッドウッドガイ,5.0,5.0,新庄海誠,57.0,,4.0,3.0,高知,一本釣り特別(A),1:47.6,0.7,晴,11.0,10.0,高知,トレノ賞(重賞),1:24.1,3.0,晴,5.0,4.0,高知,ルビー特別(A),1:28.5,1.6,曇,3.0,2.0,高知,メジロ特別(A),1:45.2,0.4,晴,4.0,2.0,高知,Aー2,1:28.4,2.3,曇,26.1,6.0,,nar,2026-09-13,56.63,61.6,42.3,75.1,60.5,52.4,56.3,高知実績 / クラス条件好転 / 安定感 / 市場オッズ妙味
202636091311,2026-09-13,11,ケープライト,8.0,8.0,山本聡哉,54.0,,3.0,2.0,盛岡,フェアリーC(重賞),1:53.4,0.2,曇,2.0,1.0,水沢,千日草特別(A),1:40.6,0.0,小雨,2.0,2.0,水沢,ハヤテ特別(OP),1:26.7,0.0,曇,5.0,6.0,盛岡,皐月特別(A),1:38.8,0.9,曇,1.0,2.0,水沢,若草特別(A),1:44.7,-0.3,晴,2.9,1.0,,nar,2026-09-13,67.04,86.9,47.9,100.0,47.0,54.5,59.5,水沢実績 / 履歴少 / 安定感
202654091311,2026-09-13,11,シャマル,2.0,2.0,永森大智,57.0,,9.0,5.0,浦和,さきたま杯[指定交流(JpnI),1:27.1,1.8,曇,6.0,5.0,船橋,かしわ記念(JpnI),1:40.9,2.3,晴,10.0,3.0,高知,黒船賞[指定交流](JpnIII),1:31.3,2.7,晴,7.0,5.0,名古屋,かきつばた記念(JpnIII),1:33.5,1.3,晴,9.0,6.0,船橋,JBCクラシック(JpnI),1:55.8,3.8,晴,2.3,1.0,,nar,2026-09-13,34.0,42.7,25.9,0.0,44.0,40.5,48.8,履歴少
202646091311,2026-09-13,11,ステイグリーン,2.0,2.0,甲賀弘隆,57.0,,4.0,9.0,金沢,☆祝30歳☆ゆきえり(C2),1:41.3,0.5,晴,8.0,8.0,金沢,おめでとう!拓也くん(C2),1:44.3,2.7,晴,3.0,5.0,金沢,ダーチー&タナシー男(C2特別),1:35.5,0.9,晴,10.0,8.0,金沢,大輔☆佳恵結婚式記念(C1特別),1:46.1,3.6,曇,8.0,5.0,金沢,C18,1:46.3,3.5,曇,35.3,6.0,,nar,2026-09-13,58.19,59.3,59.2,50.2,69.5,57.6,49.6,前走人気以上 / 履歴少 / 近走上向き / 市場オッズ妙味
202636091311,2026-09-13,11,タイセイストラーダ,3.0,3.0,山本政聡,56.0,,5.0,6.0,盛岡,初秋特別(A),1:39.3,1.4,曇,5.0,1.0,盛岡,納涼特別(A),1:40.1,0.6,曇,1.0,1.0,盛岡,45周年Annive(B1),1:38.6,-0.2,小雨,1.0,2.0,盛岡,夢・希望未来へ前進(B1),1:38.6,0.0,曇,1.0,2.0,盛岡,夢・希望未来へ前進(B1),1:38.3,-0.1,晴,7.0,4.0,,nar,2026-09-13,63.08,82.3,46.9,100.0,32.0,57.6,48.8,履歴少 / 安定感
202665091311,2026-09-13,11,タカラキングダム,4.0,4.0,阿部武臣,830.0,,,,,,,,,,,,,,,,,,,,,,,,,,,,,,,,,,,,,,,,nar,2026-09-13,36.0,35.0,35.0,35.0,35.0,35.0,45.0,履歴少
202665091311,2026-09-13,11,ツガルノヒロイモノ,3.0,3.0,鈴木恵介,830.0,,,,,,,,,,,,,,,,,,,,,,,,,,,,,,,,,,,,,,,,nar,2026-09-13,36.0,35.0,35.0,35.0,35.0,35.0,45.0,履歴少
202654091311,2026-09-13,11,ティアップエックス,1.0,1.0,畑中信司,57.0,,5.0,6.0,高知,一本釣り特別(A),1:48.2,1.3,晴,6.0,8.0,高知,Aー2,1:23.1,1.9,晴,8.0,7.0,高知,Aー2,1:29.8,3.1,曇,5.0,8.0,高知,メジロ特別(A),1:45.9,1.1,晴,9.0,11.0,高知,Aー2,1:45.3,3.1,曇,124.4,8.0,,nar,2026-09-13,56.34,58.0,58.7,45.0,62.0,58.1,50.5,総合評価
202646091311,2026-09-13,11,デルマニンフ,3.0,3.0,鈴木太一,55.0,,10.0,7.0,川崎,日本刀賞(C1),1:37.9,1.6,晴,2.0,2.0,川崎,早涼賞(C1),1:31.8,0.6,晴,2.0,1.0,川崎,キャビア賞(C2),1:37.7,0.2,曇,2.0,3.0,川崎,ソルスティツィオ賞(C2),1:38.2,0.1,晴,8.0,9.0,川崎,軍配賞(C1二),1:40.1,1.3,曇,1.0,1.0,,nar,2026-09-13,49.6,67.6,44.0,59.3,11.0,48.7,48.8,履歴少
202646091311,2026-09-13,11,ドゥフトブリューテ,6.0,6.0,塚本征吾,57.0,,2.0,2.0,金沢,金沢競馬で目指せ初勝(C2),1:41.2,0.5,晴,2.0,4.0,金沢,能登復興支援山伏山賞(C2),1:33.8,0.9,曇,3.0,5.0,金沢,C27,1:34.4,0.4,晴,3.0,2.0,金沢,C28,1:42.6,0.4,晴,2.0,1.0,金沢,C29,1:34.0,0.0,曇,7.4,2.0,,nar,2026-09-13,70.76,89.3,54.5,100.0,53.0,59.8,59.5,金沢実績 / 履歴少 / 安定感
202654091311,2026-09-13,11,フクノユリディズ,6.0,6.0,多田羅誠,57.0,,11.0,10.0,船橋,習志野きらっとスプリ(重賞),1:00.7,1.5,晴,1.0,6.0,園田,園田FCスプリント(重賞),0:48.7,-0.4,晴,10.0,12.0,笠松,飛山濃水杯(重賞),1:30.7,3.4,曇,9.0,8.0,姫路,大和牛特別A1,1:35.2,3.4,晴,9.0,4.0,姫路,播磨町3×3でちょう(A1),1:41.9,4.2,晴,3.6,3.0,,nar,2026-09-13,44.39,45.5,54.7,24.9,27.5,52.5,48.8,履歴少
202646091311,2026-09-13,11,フミマーズ,4.0,4.0,魚住謙心,55.0,,7.0,2.0,金沢,C17,1:41.9,1.5,雨,5.0,2.0,金沢,☆祝30歳☆ゆきえり(C2),1:41.4,0.6,晴,3.0,7.0,金沢,C24,1:41.2,0.9,晴,7.0,8.0,金沢,能登復興支援福浦港賞(C2),1:35.4,1.5,晴,7.0,5.0,金沢,C24,1:42.4,1.5,曇,21.4,4.0,,nar,2026-09-13,49.53,62.3,39.2,44.7,41.0,53.0,49.6,履歴少 / 市場オッズ妙味
202654091311,2026-09-13,11,ブルーシンフォニー,4.0,4.0,宮川実,57.0,,3.0,4.0,高知,Aー3,1:22.4,0.6,晴,3.0,4.0,高知,Aー2,1:27.9,1.2,曇,10.0,8.0,高知,瀬戸特別,1:44.9,2.9,曇,3.0,4.0,高知,Aー3,1:44.4,0.5,曇,4.0,5.0,高知,Aー2,1:31.1,0.3,晴,13.4,5.0,,nar,2026-09-13,64.12,72.1,52.9,80.2,62.0,62.3,54.5,高知実績 / 安定感 / 市場オッズ妙味
202636091311,2026-09-13,11,ブレイクバウンズ,6.0,6.0,高松亮,56.0,,2.0,3.0,盛岡,B1二組,1:38.8,0.9,曇,2.0,1.0,盛岡,いわて北緯40度八幡(B1),1:40.4,0.0,晴,1.0,2.0,水沢,B2,1:41.7,-1.0,晴,4.0,1.0,水沢,シベリアンアイリス賞(B1B2),1:44.5,0.3,晴,4.0,1.0,盛岡,B1三組,1:39.6,1.5,晴,4.5,2.0,,nar,2026-09-13,68.18,89.6,46.5,100.0,54.5,53.2,59.5,水沢実績 / 履歴少 / 安定感
202646091311,2026-09-13,11,マイネルクロンヌ,5.0,5.0,栗原大河,57.0,,2.0,7.0,金沢,登志雄さん70歳お誕(C1),1:41.1,0.3,雨,9.0,8.0,金沢,☆祝30歳☆ゆきえり(C2),1:43.9,3.1,晴,9.0,9.0,金沢,C24,1:43.5,3.2,晴,8.0,10.0,金沢,能登復興支援福浦港賞(C2),1:36.0,2.1,晴,2.0,5.0,金沢,☆ひなの&はるかお誕(C2特別),1:36.2,1.0,晴,19.6,3.0,,nar,2026-09-13,60.92,60.0,63.1,40.7,80.0,68.1,49.6,前走人気以上 / 履歴少 / 近走上向き / 過小評価傾向
202665091311,2026-09-13,11,マルホンリョウユウ,6.0,6.0,金田利貴,820.0,,,,,,,,,,,,,,,,,,,,,,,,,,,,,,,,,,,,,,,,nar,2026-09-13,36.0,35.0,35.0,35.0,35.0,35.0,45.0,履歴少
202636091311,2026-09-13,11,ミライヘノシンゲキ,1.0,1.0,高橋悠里,56.0,,5.0,3.0,盛岡,秋桜賞(B1),1:25.8,0.7,曇,3.0,1.0,盛岡,夢・希望未来へ前進(B1),1:39.7,0.3,晴,6.0,3.0,盛岡,45周年Annive(B1),1:39.0,0.4,小雨,3.0,1.0,盛岡,夢・希望未来へ前進(B1),1:38.8,0.2,曇,2.0,1.0,盛岡,夢・希望未来へ前進(B1),1:38.4,0.1,晴,10.6,6.0,,nar,2026-09-13,56.46,75.2,35.3,80.2,41.0,53.5,48.8,履歴少 / 安定感
202636091311,2026-09-13,11,ラティサワー,2.0,2.0,岩本怜,56.0,,4.0,5.0,盛岡,初秋特別(A),1:38.8,0.9,曇,4.0,4.0,盛岡,大暑特別(A),1:38.8,0.9,晴,4.0,5.0,盛岡,文月特別(A),1:38.8,0.4,曇,10.0,7.0,盛岡,小暑特別(A),1:39.6,1.3,曇,6.0,2.0,船橋,桜月特別(B1B2),1:45.0,0.5,晴,7.2,5.0,,nar,2026-09-13,59.31,67.3,47.6,75.1,62.0,55.2,48.8,履歴少 / 安定感
202654091311,2026-09-13,11,ロードエクレール,7.0,7.0,井上瑛太,57.0,,1.0,1.0,高知,Aー2,1:21.2,-0.4,晴,2.0,1.0,高知,Aー2,1:27.0,0.3,曇,,,高知,Aー2,,,曇,11.0,1.0,高知,御厨人窟賞(重賞),1:31.8,1.3,晴,1.0,1.0,高知,キンメダイ特別(A),1:23.0,-0.3,晴,3.1,2.0,,nar,2026-09-13,59.99,83.0,35.1,65.7,72.0,45.9,54.0,高知実績 / 近走上向き / 安定感
202665091311,2026-09-13,11,ローランド,1.0,1.0,渡来心路,820.0,,,,,,,,,,,,,,,,,,,,,,,,,,,,,,,,,,,,,,,,nar,2026-09-13,36.0,35.0,35.0,35.0,35.0,35.0,45.0,履歴少
202665091312,2026-09-13,12,イワキブラボー,5.0,5.0,長澤幸太,650.0,,,,,,,,,,,,,,,,,,,,,,,,,,,,,,,,,,,,,,,,nar,2026-09-13,36.0,35.0,35.0,35.0,35.0,35.0,45.0,履歴少
202636091312,2026-09-13,12,ウインオーディン,4.0,4.0,山本政聡,57.0,,4.0,2.0,盛岡,OROターフ特別(OP),1:37.9,0.8,曇,14.0,8.0,2福島7,阿武隈S(3勝クラス),1:47.7,1.5,曇,14.0,11.0,3東京6,多摩川S(3勝クラス),1:22.5,1.4,曇,12.0,8.0,2東京10,フリーウェイS(3勝クラス),1:21.8,0.8,曇,11.0,7.0,3中山8,サンシャインS(3勝クラス),2:11.3,0.6,晴,19.8,6.0,,nar,2026-09-13,39.88,26.9,24.1,30.4,100.0,40.9,51.8,クラス条件好転 / 近走上向き / 市場オッズ妙味
202654091312,2026-09-13,12,エリジブル,11.0,8.0,新庄海誠,57.0,,8.0,6.0,高知,C3ー9,1:35.1,4.5,晴,,,高知,C3ー12,,,曇,8.0,6.0,高知,C3ー11,1:33.3,3.5,晴,2.0,6.0,門別,3歳以上C4ー3,1:53.2,0.1,晴,7.0,7.0,門別,3歳以上C4ー3,1:17.9,2.9,曇,37.6,6.0,,nar,2026-09-13,44.41,54.4,46.1,14.6,36.0,54.7,43.8,履歴少 / 市場オッズ妙味
202654091312,2026-09-13,12,キープインマインド,7.0,6.0,城野慈尚,57.0,,11.0,11.0,高知,C2ー6,1:52.6,5.1,晴,9.0,10.0,高知,C2ー6,1:27.2,4.0,曇,9.0,9.0,高知,C2ー7,1:33.6,3.0,曇,9.0,9.0,高知,C2ー8,1:51.2,3.3,曇,10.0,11.0,高知,C2ー7,1:34.4,3.2,晴,197.9,11.0,,nar,2026-09-13,37.51,30.3,52.5,0.0,39.5,52.2,43.8,履歴少
202654091312,2026-09-13,12,クラールス,4.0,4.0,石本純也,57.0,,10.0,7.0,高知,ファイナルレース(C3),1:37.2,2.3,晴,4.0,11.0,高知,ファイナルレース(C3),1:27.9,1.1,晴,6.0,6.0,高知,C3ー12,1:46.6,3.6,曇,5.0,5.0,高知,C3ー12,1:35.0,4.9,晴,6.0,5.0,高知,C3ー11,1:23.9,1.9,曇,64.6,7.0,,nar,2026-09-13,48.76,55.4,55.1,39.5,21.5,54.6,50.5,前走人気以上
202665091312,2026-09-13,12,クリスタルホーク,10.0,8.0,島津新,650.0,,,,,,,,,,,,,,,,,,,,,,,,,,,,,,,,,,,,,,,,nar,2026-09-13,36.18,35.0,35.0,35.0,35.0,35.0,46.8,履歴少
202654091312,2026-09-13,12,コムルヴァン,10.0,7.0,多田羅誠,55.0,,1.0,1.0,佐賀,一発逆転ファイナルレ,1:30.0,-0.7,曇,5.0,3.0,高知,C3ー11,1:24.3,2.3,晴,10.0,11.0,1函館3,3歳以上1勝クラス,1:47.4,2.7,曇,11.0,11.0,1函館1,3歳以上1勝クラス,1:00.2,2.4,晴,10.0,11.0,川崎,フェブラリースター賞(B2B3),1:46.3,0.8,晴,2.1,1.0,,nar,2026-09-13,58.94,58.7,48.6,55.3,98.0,53.2,50.0,近走上向き
202665091312,2026-09-13,12,コーワホープ,7.0,7.0,西謙一,650.0,,,,,,,,,,,,,,,,,,,,,,,,,,,,,,,,,,,,,,,,nar,2026-09-13,36.0,35.0,35.0,35.0,35.0,35.0,45.0,履歴少
202636091312,2026-09-13,12,サクラトップキッド,6.0,6.0,高橋悠里,57.0,,9.0,11.0,盛岡,マーキュリーC(JpnIII),2:04.9,2.6,曇,4.0,4.0,水沢,一條記念みちのく大賞(重賞),2:04.7,0.5,雨,3.0,3.0,盛岡,あすなろ賞(重賞),1:51.8,0.2,雨,10.0,11.0,川崎,川崎記念(JpnI),2:18.1,3.5,晴,9.0,10.0,船橋,ダイオライト記念(JpnII),2:40.4,3.2,晴,8.0,4.0,,nar,2026-09-13,51.68,54.3,56.0,44.7,35.0,61.5,48.8,履歴少
202654091312,2026-09-13,12,シェルブールレイン,1.0,1.0,西森将司,55.0,,9.0,11.0,高知,C3ー9,1:35.9,5.3,晴,8.0,8.0,高知,C3ー7,1:53.3,6.7,晴,8.0,8.0,高知,C3ー12,1:48.7,5.7,曇,10.0,10.0,高知,C3ー11,1:34.3,4.5,晴,,,高知,C3ー11,,,曇,206.5,12.0,,nar,2026-09-13,41.74,38.7,54.7,0.0,48.0,52.5,46.5,総合評価
202665091312,2026-09-13,12,ジェイスカイ,8.0,7.0,赤塚健仁,650.0,,,,,,,,,,,,,,,,,,,,,,,,,,,,,,,,,,,,,,,,nar,2026-09-13,36.0,35.0,35.0,35.0,35.0,35.0,45.0,履歴少
202665091312,2026-09-13,12,ジェイマキシマム,4.0,4.0,鈴木恵介,640.0,,,,,,,,,,,,,,,,,,,,,,,,,,,,,,,,,,,,,,,,nar,2026-09-13,36.0,35.0,35.0,35.0,35.0,35.0,45.0,履歴少
202654091312,2026-09-13,12,スマイル,12.0,8.0,大澤誠志,57.0,,11.0,11.0,高知,C3ー8,1:37.6,6.1,晴,9.0,9.0,高知,C3ー7,1:54.6,8.0,晴,10.0,9.0,高知,ししとう特別(C3),1:48.4,4.1,雨,8.0,7.0,高知,C3ー10,1:53.0,4.5,雨,4.0,7.0,高知,C3ー10,1:24.5,2.2,曇,144.7,10.0,,nar,2026-09-13,38.68,34.9,49.8,10.3,30.5,51.6,48.5,総合評価
202665091312,2026-09-13,12,ダイヤセンプー,1.0,1.0,中原蓮,650.0,,,,,,,,,,,,,,,,,,,,,,,,,,,,,,,,,,,,,,,,nar,2026-09-13,36.0,35.0,35.0,35.0,35.0,35.0,45.0,履歴少
202665091312,2026-09-13,12,ツカサタロウ,2.0,2.0,菊池一樹,650.0,,,,,,,,,,,,,,,,,,,,,,,,,,,,,,,,,,,,,,,,nar,2026-09-13,36.0,35.0,35.0,35.0,35.0,35.0,45.0,履歴少
202665091312,2026-09-13,12,トム,6.0,6.0,今井千尋,640.0,,,,,,,,,,,,,,,,,,,,,,,,,,,,,,,,,,,,,,,,nar,2026-09-13,36.18,35.0,35.0,35.0,35.0,35.0,46.8,履歴少
202654091312,2026-09-13,12,ナイトオブバンド,8.0,6.0,宮川実,57.0,,4.0,2.0,高知,C3ー4,1:33.5,1.3,晴,2.0,2.0,高知,ししとう特別(C3),1:45.0,0.7,雨,8.0,8.0,船橋,ダイヤモンドスプリン(A2),1:16.6,2.8,晴,3.0,6.0,船橋,電光雷轟ダッシュ(A2),1:02.0,0.9,曇,9.0,7.0,船橋,泰山北斗賞(A2),1:16.8,2.6,晴,2.6,2.0,,nar,2026-09-13,60.56,70.7,47.4,69.9,59.0,53.4,64.5,高知実績 / クラス条件好転 / 履歴少 / 安定感
202636091312,2026-09-13,12,バトルバーリライ,1.0,1.0,阿部英俊,57.0,,1.0,1.0,盛岡,立秋特別(A),1:38.2,-0.6,晴,2.0,4.0,盛岡,スプリント特別(OP),1:25.1,0.4,曇,3.0,4.0,水沢,水無月特別(A),1:39.9,0.3,小雨,1.0,5.0,盛岡,陽光特別(A),1:38.2,0.0,晴,5.0,3.0,盛岡,ハヤテ特別(OP),1:13.0,0.4,晴,17.7,5.0,,nar,2026-09-13,72.74,91.5,57.5,100.0,60.5,65.5,48.8,履歴少 / 安定感 / 過小評価傾向 / 市場オッズ妙味
202636091312,2026-09-13,12,ヒロシクン,5.0,5.0,高松亮,57.0,,2.0,2.0,門別,旭岳賞〔H3〕(重賞),1:41.4,1.3,雨,3.0,2.0,水沢,一條記念みちのく大賞(重賞),2:04.6,0.4,雨,1.0,1.0,水沢,初夏特別(A),1:37.8,-0.6,雨,2.0,1.0,盛岡,シアンモア記念(重賞),1:37.1,0.1,晴,1.0,1.0,水沢,赤松杯(重賞),1:41.3,-0.7,晴,1.5,1.0,,nar,2026-09-13,68.04,92.4,47.2,100.0,48.5,50.4,59.5,水沢実績 / 履歴少 / 安定感
202654091312,2026-09-13,12,ビビットピンク,9.0,7.0,木村直輝,55.0,,8.0,4.0,高知,ファイナルレース(C3),1:37.1,2.2,晴,7.0,6.0,高知,ファイナルレース(C3),1:28.5,1.7,晴,8.0,8.0,高知,C3ー7,0:50.4,2.3,曇,6.0,7.0,高知,C3ー7,1:34.4,3.0,曇,9.0,10.0,高知,C3ー7,1:25.3,1.7,曇,78.3,9.0,,nar,2026-09-13,40.5,47.5,41.5,0.0,47.0,49.6,46.5,総合評価
202665091312,2026-09-13,12,ホクショウムサシ,3.0,3.0,西将太,650.0,,,,,,,,,,,,,,,,,,,,,,,,,,,,,,,,,,,,,,,,nar,2026-09-13,36.0,35.0,35.0,35.0,35.0,35.0,45.0,履歴少
202654091312,2026-09-13,12,ボールドステート,5.0,5.0,岡村卓弥,57.0,,6.0,7.0,高知,C3ー9,1:34.8,4.2,晴,8.0,5.0,高知,C3ー3,1:25.7,2.1,晴,4.0,5.0,高知,C3ー3,1:32.6,1.3,晴,2.0,2.0,高知,ファイナルレース(C3),1:46.0,0.1,晴,10.0,4.0,高知,C3ー4,1:24.5,2.0,晴,16.5,4.0,,nar,2026-09-13,50.19,60.5,43.9,34.3,50.0,54.4,49.6,履歴少 / 市場オッズ妙味
202654091312,2026-09-13,12,マイネルバルビゾン,6.0,5.0,,,,9.0,11.0,高知,ファイナルレース(C3),1:37.2,2.3,晴,8.0,8.0,高知,ファイナルレース(C3),1:29.5,2.7,晴,5.0,7.0,高知,C3ー9,0:49.9,1.9,曇,9.0,8.0,高知,C3ー11,1:33.8,4.0,晴,3.0,8.0,高知,C3ー11,1:23.4,1.4,曇,,,,nar,2026-09-13,48.91,49.3,59.6,30.1,33.5,58.0,50.5,総合評価
202654091312,2026-09-13,12,モトサン,3.0,3.0,近藤翔月,56.0,,4.0,4.0,高知,C3ー7,1:34.9,0.3,晴,13.0,14.0,川崎,アンドロメダ賞(C1),2:18.9,2.7,晴,9.0,8.0,川崎,スクルド賞(C1),2:18.6,3.1,曇,11.0,10.0,浦和,薫風特別(B3C1),1:31.9,2.4,晴,7.0,3.0,川崎,クラセアルタ賞(C1),1:38.9,1.9,晴,18.3,5.0,,nar,2026-09-13,48.05,39.5,46.4,30.4,86.0,50.0,48.8,履歴少 / 近走上向き / 市場オッズ妙味
202665091312,2026-09-13,12,ヤマトテンショウ,9.0,8.0,中村太陽,645.0,,,,,,,,,,,,,,,,,,,,,,,,,,,,,,,,,,,,,,,,nar,2026-09-13,36.18,35.0,35.0,35.0,35.0,35.0,46.8,履歴少 / 前走人気以上
202636091312,2026-09-13,12,ライアン,2.0,2.0,山本聡哉,57.0,,2.0,5.0,水沢,一條記念みちのく大賞(重賞),2:04.6,0.4,雨,4.0,6.0,盛岡,あすなろ賞(重賞),1:52.4,0.8,雨,2.0,1.0,水沢,桜花特別(A),2:05.3,0.3,曇,1.0,1.0,水沢,桃花特別(A),1:40.1,0.0,雨,4.0,4.0,水沢,桐花賞(重賞),2:06.9,0.4,曇,5.6,2.0,,nar,2026-09-13,71.42,87.5,58.5,100.0,54.5,59.9,59.5,水沢実績 / 前走人気以上 / 履歴少 / 安定感
202636091312,2026-09-13,12,リトルサムシング,8.0,8.0,菅原辰徳,57.0,,1.0,1.0,盛岡,初秋特別(A),1:37.9,-0.5,曇,1.0,5.0,盛岡,大暑特別(A),1:37.9,-0.5,晴,6.0,6.0,盛岡,スプリント特別(OP),1:26.4,1.7,曇,,9.0,盛岡,岩鷲賞(重賞),,,晴,7.0,9.0,水沢,一條記念みちのく大賞(重賞),2:06.9,2.7,雨,6.6,3.0,,nar,2026-09-13,67.11,84.9,59.9,55.3,72.0,62.9,48.8,履歴少 / 近走上向き
202636091312,2026-09-13,12,リュウノナポレオン,3.0,3.0,山本聡紀,57.0,,6.0,7.0,盛岡,東京カップけやき賞(A),1:39.4,2.9,曇,8.0,4.0,盛岡,納涼特別(A),1:40.2,0.7,曇,8.0,8.0,水沢,白嶺賞(重賞),1:29.3,1.4,晴,6.0,3.0,水沢,スプリント特別(OP),1:26.9,1.7,曇,2.0,6.0,水沢,スプリント特別(OP),1:28.3,0.3,曇,96.6,7.0,,nar,2026-09-13,46.09,56.2,45.0,10.3,50.0,51.3,51.5,クラス条件好転 / 履歴少
202654091312,2026-09-13,12,レリッシュ,2.0,2.0,畑中信司,55.0,,2.0,7.0,佐賀,一発逆転ファイナルレ,1:29.9,0.6,晴,3.0,3.0,佐賀,一発逆転ファイナルレ,1:31.2,1.2,曇,6.0,5.0,高知,C3ー11,1:24.7,2.7,晴,3.0,3.0,高知,C3ー11,0:48.7,0.4,曇,4.0,4.0,高知,C3ー12,1:32.2,2.1,晴,5.2,3.0,,nar,2026-09-13,67.59,80.9,59.3,80.2,62.0,59.6,53.1,高知実績 / 前走人気以上 / 安定感
202636091312,2026-09-13,12,ヴァトレニ,7.0,7.0,村上忍,57.0,,6.0,6.0,盛岡,OROターフ特別(OP),1:38.1,1.0,曇,12.0,9.0,盛岡,岩手県知事杯OROカ(重賞),1:45.4,1.5,曇,1.0,2.0,盛岡,OROターフ特別(OP),1:36.9,-0.1,曇,6.0,6.0,盛岡,いしがきマイラーズ(重賞),1:37.1,0.8,小雨,9.0,11.0,園田,盛夏特別A2B1,1:20.8,1.5,晴,210.1,8.0,,nar,2026-09-13,48.03,53.5,47.6,19.8,56.0,52.6,51.8,クラス条件好転
