race_id,日付,レース,馬名,馬番,枠,騎手,斤量,実着順,着順1,人気1,場1,レース名1,タイム1,着差1,馬場1,着順2,人気2,場2,レース名2,タイム2,着差2,馬場2,着順3,人気3,場3,レース名3,タイム3,着差3,馬場3,着順4,人気4,場4,レース名4,タイム4,着差4,馬場4,着順5,人気5,場5,レース名5,タイム5,着差5,馬場5,単勝オッズ,人気,オッズ更新日時,source,_date,AREru指数,因子_performance,因子_upset,因子_consistency,因子_trend,因子_value,因子_context,理由
202609040901,2026-09-27,1,アウルムレガリア,10.0,7.0,五十嵐,58.0,,7.0,13.0,2福島6,障害3歳以上未勝利,3:07.1,3.3,小雨,8.0,11.0,2東京11,障害4歳以上未勝利,3:30.6,5.6,晴,8.0,12.0,3中山4,障害4歳以上未勝利,3:24.0,4.3,晴,12.0,13.0,2札幌1,3歳未勝利,2:04.2,1.8,晴,9.0,16.0,1函館3,3歳未勝利,2:01.4,1.2,晴,51.3,11.0,2026-09-27 02:40:28,jra,2026-09-27,52.23,40.9,79.6,0.0,63.5,64.6,50.0,前走人気以上 / 人気以上に走る傾向
202606040901,2026-09-27,1,アオイスミレ,10.0,5.0,鮫島駿,55.0,,11.0,5.0,1札幌7,2歳新馬,1:12.3,1.8,晴,,,,,,,,,,,,,,,,,,,,,,,,,,,,,23.4,7.0,2026-09-27 02:55:13,jra,2026-09-27,35.14,34.0,31.4,29.6,40.6,34.0,48.8,履歴少 / サンプル少
202606040901,2026-09-27,1,ウマッター,14.0,7.0,▲水沼,52.0,,6.0,12.0,4中山1,2歳新馬,1:13.9,2.6,曇,,,,,,,,,,,,,,,,,,,,,,,,,,,,,57.8,10.0,2026-09-27 02:55:13,jra,2026-09-27,43.16,42.8,49.9,29.6,40.6,42.0,48.8,前走人気以上 / 履歴少 / サンプル少
202606040901,2026-09-27,1,エコロブラン,2.0,1.0,津村,55.0,,5.0,4.0,2新潟7,2歳新馬,1:22.6,0.4,晴,,,,,,,,,,,,,,,,,,,,,,,,,,,,,4.3,2.0,2026-09-27 02:55:13,jra,2026-09-27,41.52,44.6,39.1,36.3,40.6,39.5,48.8,履歴少 / サンプル少
202609040901,2026-09-27,1,ガストン,8.0,6.0,小坂,60.0,,5.0,2.0,4阪神3,障害3歳以上未勝利,3:25.7,3.9,曇,2.0,4.0,2小倉4,障害3歳以上未勝利,3:12.9,0.1,雨,3.0,10.0,1新潟6,障害4歳以上未勝利,3:11.8,0.9,晴,7.0,11.0,2阪神6,4歳以上2勝クラス,1:33.2,1.3,晴,9.0,11.0,1京都2,逢坂山特別(2勝クラス),1:48.2,1.4,晴,4.6,2.0,2026-09-27 02:40:28,jra,2026-09-27,64.17,71.5,62.3,75.1,51.5,64.3,50.0,安定感
202609040901,2026-09-27,1,コスモゴレアドール,7.0,6.0,△坂口,58.0,,4.0,6.0,2東京11,障害4歳以上未勝利,3:26.0,1.0,晴,11.0,8.0,2中山8,障害4歳以上未勝利,3:17.1,3.3,晴,7.0,8.0,2新潟3,障害3歳以上未勝利,3:06.2,3.4,晴,,11.0,3東京6,障害3歳以上未勝利,,,晴,5.0,6.0,1新潟7,障害4歳以上未勝利,3:14.3,1.8,曇,11.8,6.0,2026-09-27 02:40:28,jra,2026-09-27,54.18,53.1,51.3,40.7,72.0,61.3,48.8,履歴少 / 近走上向き
202606040901,2026-09-27,1,シュネルアステリア,15.0,8.0,木幡巧,55.0,,7.0,16.0,4中山4,2歳未勝利,1:13.1,1.5,曇,11.0,11.0,3東京4,2歳新馬,1:29.2,4.6,曇,,,,,,,,,,,,,,,,,,,,,,75.9,12.0,2026-09-27 02:55:13,jra,2026-09-27,48.24,38.7,64.5,18.0,58.7,56.0,48.8,前走人気以上 / 履歴少 / サンプル少
202606040901,2026-09-27,1,ジェミニディウ,11.0,6.0,丹内,55.0,,2.0,8.0,4中山3,2歳新馬,1:12.5,0.6,曇,,,,,,,,,,,,,,,,,,,,,,,,,,,,,4.5,3.0,2026-09-27 02:55:13,jra,2026-09-27,45.93,49.9,49.9,36.3,40.6,42.0,48.8,前走人気以上 / 履歴少 / サンプル少
202609040901,2026-09-27,1,ソルトチューダ,9.0,7.0,小野寺,60.0,,8.0,12.0,3中山6,障害4歳以上未勝利,3:18.4,2.2,晴,12.0,14.0,5中京6,3歳以上1勝クラス,1:55.2,2.1,雨,10.0,13.0,5中京1,3歳以上1勝クラス,1:56.5,2.8,晴,14.0,11.0,3福島2,3歳以上1勝クラス,1:49.3,3.6,曇,9.0,12.0,1阪神3,3歳1勝クラス,1:56.6,2.5,晴,11.8,7.0,2026-09-27 02:40:28,jra,2026-09-27,44.55,25.6,65.3,0.0,69.5,58.6,51.8,クラス条件好転 / 前走人気以上 / 履歴少 / 人気以上に走る傾向
202609040901,2026-09-27,1,タイゲン,2.0,2.0,黒岩,60.0,,14.0,16.0,3京都11,桃山S(3勝クラス),1:53.7,2.3,晴,14.0,16.0,1東京1,白嶺S(3勝クラス),1:38.0,1.6,晴,13.0,13.0,5東京5,秋色S(3勝クラス),1:32.7,0.8,晴,8.0,15.0,4東京8,河口湖S(3勝クラス),1:36.4,1.3,雨,10.0,9.0,4阪神6,大阪スポーツ杯(3勝クラス),1:25.0,0.7,曇,42.5,10.0,2026-09-27 02:40:28,jra,2026-09-27,35.27,10.1,64.2,0.0,33.5,58.2,48.8,履歴少
202609040901,2026-09-27,1,テーオードレフォン,1.0,1.0,難波,60.0,,6.0,11.0,1札幌5,エルムS(GIII),1:45.0,1.2,曇,6.0,11.0,1函館11,マリーンS(OP),1:44.1,1.3,小雨,8.0,9.0,1函館8,大沼S(L),1:45.0,1.6,曇,14.0,14.0,1京都9,プロキオンS(GII),1:52.7,1.7,晴,15.0,10.0,5阪神6,ベテルギウスS(L),1:52.1,2.8,雨,5.7,3.0,2026-09-27 02:40:28,jra,2026-09-27,50.18,41.9,67.1,0.0,78.5,55.8,51.1,クラス条件好転 / 前走人気以上 / 人気以上に走る傾向 / 近走上向き
202609040901,2026-09-27,1,テーオーレガシー,4.0,4.0,小牧加,60.0,,4.0,3.0,2中京4,障害3歳以上未勝利,3:19.8,3.0,曇,10.0,12.0,3東京6,障害3歳以上未勝利,3:29.6,3.4,曇,13.0,12.0,3京都5,4歳以上2勝クラス,1:55.9,4.2,晴,15.0,14.0,2阪神4,4歳以上2勝クラス,1:53.4,3.2,晴,13.0,7.0,4京都7,栂尾特別(2勝クラス),1:56.0,2.7,晴,6.0,4.0,2026-09-27 02:40:28,jra,2026-09-27,46.63,31.3,44.6,30.4,100.0,47.5,48.8,履歴少 / 近走上向き
202606040901,2026-09-27,1,ドナチャージ,1.0,1.0,杉原,55.0,,5.0,5.0,2福島8,2歳新馬,1:11.6,1.1,晴,,,,,,,,,,,,,,,,,,,,,,,,,,,,,28.7,8.0,2026-09-27 02:55:13,jra,2026-09-27,42.17,44.6,40.6,36.3,40.6,40.6,50.0,サンプル少
202606040901,2026-09-27,1,ニシノドリーマー,6.0,3.0,野中,,,13.0,7.0,4中山1,2歳新馬,1:14.6,3.3,曇,,,,,,,,,,,,,,,,,,,,,,,,,,,,,999.9,16.0,2026-09-27 02:55:13,jra,2026-09-27,34.16,30.5,31.4,29.6,40.6,34.0,48.8,履歴少 / サンプル少
202606040901,2026-09-27,1,ノヴァフォルス,9.0,5.0,▲上里,52.0,,10.0,11.0,1函館3,2歳新馬,1:03.2,4.0,晴,,,,,,,,,,,,,,,,,,,,,,,,,,,,,211.2,15.0,2026-09-27 02:55:13,jra,2026-09-27,39.3,35.8,42.2,29.6,40.6,41.7,48.8,履歴少 / サンプル少
202606040901,2026-09-27,1,ノーブルパラス,12.0,6.0,菊沢,55.0,,6.0,5.0,4中山3,2歳新馬,1:12.9,1.0,曇,,,,,,,,,,,,,,,,,,,,,,,,,,,,,63.5,11.0,2026-09-27 02:55:13,jra,2026-09-27,40.22,42.8,39.1,29.6,40.6,39.5,48.8,履歴少 / サンプル少
202606040901,2026-09-27,1,ノーブルミント,4.0,2.0,木幡初,55.0,,6.0,9.0,4中山2,2歳未勝利,1:10.8,0.5,雨,11.0,12.0,2新潟8,2歳新馬,1:37.0,2.7,晴,,,,,,,,,,,,,,,,,,,,,,16.8,5.0,2026-09-27 02:55:13,jra,2026-09-27,46.37,41.1,53.6,18.0,62.0,53.8,48.8,前走人気以上 / 履歴少 / サンプル少 / 市場オッズ妙味
202606040901,2026-09-27,1,パルセノスミハ,16.0,8.0,佐々木,55.0,,6.0,6.0,4中山1,2歳未勝利,1:56.6,1.5,曇,6.0,9.0,2新潟8,2歳未勝利,1:13.7,1.4,晴,9.0,9.0,2福島5,2歳新馬,1:11.8,1.0,曇,,,,,,,,,,,,,,,17.1,6.0,2026-09-27 02:55:13,jra,2026-09-27,49.51,53.7,57.0,0.0,59.0,62.3,50.0,市場オッズ妙味
202609040901,2026-09-27,1,フェスティヴビーム,6.0,5.0,草野,60.0,,7.0,9.0,2新潟2,障害3歳以上未勝利,3:09.5,2.3,雨,8.0,8.0,3東京1,障害3歳以上未勝利,3:24.1,1.9,曇,7.0,2.0,3福島6,障害3歳以上未勝利,3:03.2,0.9,晴,6.0,4.0,4東京2,障害3歳以上未勝利,3:28.4,1.9,晴,2.0,2.0,4中山2,障害3歳以上未勝利,3:19.8,0.6,晴,27.2,9.0,2026-09-27 02:40:28,jra,2026-09-27,44.78,55.3,45.3,10.3,42.5,51.5,48.8,履歴少 / 市場オッズ妙味
202609040901,2026-09-27,1,フジフォンテ,12.0,8.0,上野,60.0,,12.0,3.0,2小倉7,障害3歳以上未勝利,3:21.3,7.2,曇,7.0,1.0,3京都2,障害4歳以上未勝利,3:22.2,2.2,晴,3.0,3.0,1小倉10,障害4歳以上未勝利,3:17.4,0.2,晴,3.0,2.0,1小倉4,障害4歳以上未勝利,3:16.2,0.1,曇,4.0,8.0,1京都4,障害4歳以上未勝利,3:22.9,1.8,晴,24.9,8.0,2026-09-27 02:40:28,jra,2026-09-27,37.84,53.3,22.3,44.7,3.5,48.5,50.0,市場オッズ妙味
202606040901,2026-09-27,1,プリンセスロッティ,5.0,3.0,▲佐藤,52.0,,10.0,5.0,2福島7,2歳未勝利,1:11.8,2.2,曇,6.0,3.0,2福島2,2歳新馬,1:10.5,2.1,晴,,,,,,,,,,,,,,,,,,,,,,41.1,9.0,2026-09-27 02:55:13,jra,2026-09-27,35.56,41.3,29.7,18.0,32.3,41.6,50.0,サンプル少
202606040901,2026-09-27,1,ベアベルヴォワ,8.0,4.0,▲遠藤,52.0,,9.0,10.0,2新潟5,2歳新馬,1:18.1,5.0,晴,,,,,,,,,,,,,,,,,,,,,,,,,,,,,145.0,14.0,2026-09-27 02:55:13,jra,2026-09-27,39.79,37.6,42.2,29.6,40.6,41.7,48.8,履歴少 / サンプル少
202609040901,2026-09-27,1,ベラトール,11.0,8.0,大江圭,60.0,,2.0,2.0,4中山2,障害3歳以上未勝利,3:20.0,0.2,雨,7.0,10.0,3東京1,障害3歳以上未勝利,3:23.8,1.6,曇,12.0,11.0,2中山8,障害4歳以上未勝利,3:19.4,5.6,晴,15.0,14.0,3福島6,3歳以上1勝クラス,2:02.4,1.8,曇,15.0,11.0,4中山8,3歳以上1勝クラス,2:14.5,2.0,晴,7.5,5.0,2026-09-27 02:40:28,jra,2026-09-27,51.9,43.3,49.9,30.4,100.0,51.9,48.8,履歴少 / 近走上向き
202609040901,2026-09-27,1,ポルトドール,5.0,5.0,中村,60.0,,14.0,12.0,2小倉2,3歳以上1勝クラス,1:48.5,3.1,晴,12.0,8.0,2阪神5,4歳以上1勝クラス,1:25.4,1.4,晴,2.0,9.0,1中京5,4歳以上1勝クラス,1:24.3,0.2,晴,5.0,13.0,1阪神7,4歳以上1勝クラス,1:25.0,1.1,晴,,,1京都6,4歳以上1勝クラス,,,晴,63.5,12.0,2026-09-27 02:40:28,jra,2026-09-27,41.11,34.7,57.4,34.3,4.0,58.2,48.8,履歴少
202606040901,2026-09-27,1,マリノエスプレッソ,7.0,4.0,田辺,55.0,,3.0,8.0,2新潟8,2歳未勝利,1:12.8,0.5,晴,4.0,8.0,2福島1,2歳新馬,1:10.8,1.8,晴,,,,,,,,,,,,,,,,,,,,,,5.1,4.0,2026-09-27 02:55:13,jra,2026-09-27,57.77,62.2,63.0,48.4,48.8,62.1,48.8,前走人気以上 / 履歴少 / サンプル少
202609040901,2026-09-27,1,モズナイスバディー,3.0,3.0,森一,60.0,,7.0,1.0,2小倉4,障害3歳以上未勝利,3:14.7,1.9,雨,2.0,7.0,3阪神2,障害3歳以上未勝利,3:23.5,0.0,雨,9.0,3.0,1新潟2,障害4歳以上未勝利,3:14.1,5.1,晴,8.0,5.0,2阪神2,障害4歳以上未勝利,3:32.7,4.4,晴,15.0,10.0,1京都8,4歳以上2勝クラス,1:14.3,2.0,晴,3.8,1.0,2026-09-27 02:40:28,jra,2026-09-27,43.37,52.3,31.0,24.9,59.0,44.5,50.0,総合評価
202606040901,2026-09-27,1,リングスター,3.0,2.0,△石田,53.0,,10.0,9.0,2新潟5,2歳新馬,1:18.5,5.4,晴,,,,,,,,,,,,,,,,,,,,,,,,,,,,,128.7,13.0,2026-09-27 02:55:13,jra,2026-09-27,38.25,35.8,39.1,29.6,40.6,39.5,48.8,履歴少 / サンプル少
202606040901,2026-09-27,1,ワレモコウ,13.0,7.0,岩田望,55.0,,2.0,7.0,2新潟2,2歳未勝利,1:22.3,0.3,小雨,3.0,1.0,2福島6,2歳新馬,1:12.4,0.4,小雨,,,,,,,,,,,,,,,,,,,,,,3.1,1.0,2026-09-27 02:55:13,jra,2026-09-27,55.59,66.6,52.6,48.4,48.8,54.6,50.0,前走人気以上 / サンプル少
202606040902,2026-09-27,2,エーアイラピド,3.0,3.0,丸山,55.0,,10.0,7.0,4中山1,2歳新馬,2:05.8,2.5,曇,,,3新潟1,2歳新馬,,,晴,,,,,,,,,,,,,,,,,,,,,,69.0,9.0,2026-09-27 03:30:23,jra,2026-09-27,37.2,35.8,36.0,29.6,40.6,37.3,48.8,履歴少 / サンプル少
202606040902,2026-09-27,2,カシノデスティニー,5.0,5.0,△石神道,53.0,,8.0,10.0,4中山4,2歳新馬,1:54.8,1.6,曇,,,,,,,,,,,,,,,,,,,,,,,,,,,,,124.0,12.0,2026-09-27 03:30:23,jra,2026-09-27,40.69,39.3,43.7,29.6,40.6,42.0,48.8,履歴少 / サンプル少
202609040902,2026-09-27,2,カローナ,7.0,7.0,Ｍデムーロ,55.0,,4.0,7.0,2中京5,2歳未勝利,1:35.2,0.8,晴,6.0,7.0,2小倉8,2歳新馬,1:51.8,1.1,晴,,,,,,,,,,,,,,,,,,,,,,18.7,6.0,2026-09-27 03:17:03,jra,2026-09-27,52.29,55.8,53.6,34.7,52.1,59.8,50.0,前走人気以上 / サンプル少 / 市場オッズ妙味
202606040902,2026-09-27,2,ギガントシュラーク,11.0,8.0,戸崎圭,55.0,,4.0,10.0,4中山4,2歳未勝利,2:03.5,1.2,曇,7.0,13.0,3新潟4,2歳新馬,2:00.5,3.0,晴,,,,,,,,,,,,,,,,,,,,,,16.9,7.0,2026-09-27 03:30:23,jra,2026-09-27,56.59,53.9,68.6,34.7,55.4,66.8,48.8,前走人気以上 / 履歴少 / サンプル少 / 人気以上に走る傾向
202609040902,2026-09-27,2,グルード,4.0,4.0,松若,55.0,,8.0,8.0,4阪神2,2歳未勝利,1:22.3,1.0,曇,7.0,6.0,2中京8,2歳新馬,1:36.6,0.5,晴,,,,,,,,,,,,,,,,,,,,,,27.5,8.0,2026-09-27 03:17:03,jra,2026-09-27,41.84,44.2,43.8,18.0,42.2,49.0,48.8,履歴少 / サンプル少 / 市場オッズ妙味
202606040902,2026-09-27,2,コウサイリクリ,7.0,6.0,柴田大,55.0,,3.0,3.0,4中山1,2歳未勝利,1:48.5,0.1,曇,2.0,6.0,2新潟7,2歳新馬,1:48.3,0.3,晴,,,,,,,,,,,,,,,,,,,,,,5.6,4.0,2026-09-27 03:30:23,jra,2026-09-27,54.98,66.2,52.4,48.4,42.2,58.0,48.8,履歴少 / サンプル少
202606040902,2026-09-27,2,ゴーゼンチュー,1.0,1.0,▲佐藤,52.0,,10.0,11.0,4中山1,2歳未勝利,1:52.0,3.6,曇,13.0,10.0,2福島4,2歳新馬,1:14.5,4.3,晴,,,,,,,,,,,,,,,,,,,,,,104.8,11.0,2026-09-27 03:30:23,jra,2026-09-27,38.14,27.5,42.4,18.0,55.4,46.2,50.0,サンプル少
202609040902,2026-09-27,2,シュプレヒコール,2.0,2.0,吉村,55.0,,3.0,3.0,4阪神2,2歳未勝利,1:21.5,0.2,曇,3.0,2.0,2中京5,2歳未勝利,1:34.6,0.2,晴,4.0,3.0,2小倉6,2歳新馬,2:02.8,0.1,晴,,,,,,,,,,,,,,,3.8,3.0,2026-09-27 03:17:03,jra,2026-09-27,61.79,81.9,45.8,75.1,53.0,53.5,50.0,安定感
202609040902,2026-09-27,2,セーニョレガーレ,5.0,5.0,斎藤,55.0,,6.0,3.0,2中京2,2歳新馬,2:03.4,2.2,曇,,,,,,,,,,,,,,,,,,,,,,,,,,,,,7.4,5.0,2026-09-27 03:17:03,jra,2026-09-27,39.18,42.8,36.0,29.6,40.6,37.3,48.8,履歴少 / サンプル少
202609040902,2026-09-27,2,ティエルニート,6.0,6.0,◇永島,53.0,,12.0,8.0,2小倉5,2歳新馬,1:51.5,2.0,晴,,,,,,,,,,,,,,,,,,,,,,,,,,,,,27.3,7.0,2026-09-27 03:17:03,jra,2026-09-27,35.82,32.3,34.5,29.6,40.6,36.2,50.0,サンプル少
202609040902,2026-09-27,2,デュアルサイン,8.0,8.0,北村友,55.0,,6.0,2.0,2中京8,2歳新馬,1:36.6,0.5,晴,,,,,,,,,,,,,,,,,,,,,,,,,,,,,3.7,2.0,2026-09-27 03:17:03,jra,2026-09-27,38.65,42.8,34.5,29.6,40.6,36.2,48.8,履歴少 / サンプル少
202606040902,2026-09-27,2,トーセンマスラオ,6.0,5.0,菊沢,55.0,,3.0,4.0,2福島5,2歳未勝利,1:47.9,0.3,曇,4.0,11.0,3東京6,2歳新馬,1:50.9,0.4,曇,,,,,,,,,,,,,,,,,,,,,,4.9,2.0,2026-09-27 03:30:23,jra,2026-09-27,56.97,62.2,59.8,48.4,48.8,61.0,50.0,サンプル少
202609040902,2026-09-27,2,ナイトインチュニス,3.0,3.0,川田,55.0,,3.0,3.0,3中京4,2歳新馬,1:34.7,0.1,晴,,,,,,,,,,,,,,,,,,,,,,,,,,,,,3.3,1.0,2026-09-27 03:17:03,jra,2026-09-27,43.03,48.1,40.6,36.3,40.6,40.6,48.8,履歴少 / サンプル少
202606040902,2026-09-27,2,ニューロファイター,4.0,4.0,岩田望,55.0,,4.0,3.0,2福島3,2歳未勝利,1:48.6,0.5,曇,4.0,4.0,3東京1,2歳新馬,1:23.3,1.1,晴,,,,,,,,,,,,,,,,,,,,,,8.0,5.0,2026-09-27 03:30:23,jra,2026-09-27,51.13,59.8,43.4,48.4,45.5,55.0,50.0,サンプル少
202606040902,2026-09-27,2,フォクセン,9.0,7.0,武藤,55.0,,12.0,9.0,2新潟7,2歳新馬,1:51.6,3.6,晴,,,,,,,,,,,,,,,,,,,,,,,,,,,,,93.5,10.0,2026-09-27 03:30:23,jra,2026-09-27,36.22,32.3,36.0,29.6,40.6,37.3,48.8,履歴少 / サンプル少
202606040902,2026-09-27,2,プリンキパトゥス,2.0,2.0,ルメール,55.0,,2.0,10.0,2福島4,2歳新馬,2:03.3,0.1,晴,,,,,,,,,,,,,,,,,,,,,,,,,,,,,2.7,1.0,2026-09-27 03:30:23,jra,2026-09-27,46.48,49.9,51.6,36.3,40.6,42.0,50.0,前走人気以上 / サンプル少
202609040902,2026-09-27,2,プレシャスタイム,1.0,1.0,☆田山,54.0,,2.0,3.0,2札幌5,2歳新馬,1:31.8,0.3,晴,,,,,,,,,,,,,,,,,,,,,,,,,,,,,6.2,4.0,2026-09-27 03:17:03,jra,2026-09-27,44.04,49.9,42.2,36.3,40.6,41.7,48.8,履歴少 / サンプル少
202606040902,2026-09-27,2,マイネルウルカヌス,10.0,7.0,木幡巧,55.0,,9.0,9.0,4中山4,2歳未勝利,2:06.6,4.3,曇,9.0,8.0,3新潟4,2歳新馬,1:51.8,2.8,曇,,,,,,,,,,,,,,,,,,,,,,32.6,8.0,2026-09-27 03:30:23,jra,2026-09-27,40.28,37.8,43.8,18.0,45.5,47.8,48.8,履歴少 / サンプル少
202606040902,2026-09-27,2,レジームチェンジ,12.0,8.0,横山武,55.0,,2.0,1.0,1札幌8,2歳新馬,1:52.0,0.3,晴,,,,,,,,,,,,,,,,,,,,,,,,,,,,,5.4,3.0,2026-09-27 03:30:23,jra,2026-09-27,43.0,49.9,39.1,36.3,40.6,39.5,48.8,履歴少 / サンプル少
202606040902,2026-09-27,2,ロワデュモンド,8.0,6.0,ミシェル,55.0,,4.0,6.0,2福島8,2歳新馬,2:05.7,1.1,晴,,,,,,,,,,,,,,,,,,,,,,,,,,,,,14.1,6.0,2026-09-27 03:30:23,jra,2026-09-27,43.59,46.4,43.7,36.3,40.6,42.0,50.0,サンプル少
202606040903,2026-09-27,3,イキフン,9.0,8.0,菊沢,55.0,,2.0,2.0,4中山3,2歳未勝利,1:54.5,0.3,曇,7.0,13.0,2福島6,2歳新馬,1:51.9,2.0,小雨,,,,,,,,,,,,,,,,,,,,,,6.7,2.0,2026-09-27 03:00:23,jra,2026-09-27,54.65,58.7,55.9,34.7,62.0,58.5,50.0,前走人気以上 / サンプル少
202609040903,2026-09-27,3,カクシンゴールド,4.0,4.0,△柴田裕,53.0,,9.0,11.0,4阪神4,2歳未勝利,1:30.1,2.9,晴,8.0,9.0,1函館9,2歳未勝利,1:01.2,2.1,小雨,9.0,6.0,1函館3,2歳新馬,1:02.8,3.6,晴,,,,,,,,,,,,,,,105.4,9.0,2026-09-27 02:49:38,jra,2026-09-27,41.18,38.7,52.5,0.0,47.0,50.9,50.0,総合評価
202606040903,2026-09-27,3,グラスクラージュ,5.0,5.0,木幡巧,55.0,,8.0,7.0,4中山3,2歳未勝利,1:56.1,1.9,曇,9.0,10.0,4阪神1,2歳未勝利,1:28.5,2.2,晴,13.0,13.0,2福島3,2歳新馬,1:52.8,3.8,晴,,,,,,,,,,,,,,,74.4,9.0,2026-09-27 03:00:23,jra,2026-09-27,40.8,30.8,49.5,0.0,68.0,50.9,50.0,近走上向き
202609040903,2026-09-27,3,セブンサークル,9.0,8.0,藤懸,55.0,,7.0,9.0,4阪神7,2歳新馬,1:47.8,0.9,晴,,,,,,,,,,,,,,,,,,,,,,,,,,,,,19.1,7.0,2026-09-27 02:49:38,jra,2026-09-27,41.18,41.1,43.7,29.6,40.6,42.0,48.8,履歴少 / サンプル少
202609040903,2026-09-27,3,ダンスコマンド,8.0,8.0,斎藤,55.0,,7.0,4.0,2中京6,2歳新馬,2:06.2,2.6,曇,,,,,,,,,,,,,,,,,,,,,,,,,,,,,11.2,3.0,2026-09-27 02:49:38,jra,2026-09-27,38.68,41.1,36.0,29.6,40.6,37.3,48.8,履歴少 / サンプル少
202609040903,2026-09-27,3,ナオミガサイキョウ,7.0,7.0,松若,55.0,,5.0,8.0,3阪神3,2歳新馬,1:28.8,1.9,晴,,,,,,,,,,,,,,,,,,,,,,,,,,,,,12.7,5.0,2026-09-27 02:49:38,jra,2026-09-27,43.34,44.6,45.3,36.3,40.6,42.0,48.8,前走人気以上 / 履歴少 / サンプル少
202606040903,2026-09-27,3,ナムラアラバイ,6.0,6.0,杉原,55.0,,6.0,6.0,2新潟5,2歳新馬,1:15.2,2.1,晴,,,,,,,,,,,,,,,,,,,,,,,,,,,,,27.8,7.0,2026-09-27 03:00:23,jra,2026-09-27,40.75,42.8,40.6,29.6,40.6,40.6,48.8,履歴少 / サンプル少
202606040903,2026-09-27,3,ニシノマキロイ,2.0,2.0,野中,55.0,,4.0,8.0,4中山3,2歳未勝利,1:54.8,0.6,曇,8.0,9.0,3新潟4,2歳新馬,2:00.5,3.0,晴,,,,,,,,,,,,,,,,,,,,,,16.5,5.0,2026-09-27 03:00:23,jra,2026-09-27,52.44,51.9,55.7,34.7,58.7,60.5,48.8,前走人気以上 / 履歴少 / サンプル少 / 市場オッズ妙味
202606040903,2026-09-27,3,ファウナード,8.0,8.0,石橋脩,55.0,,7.0,7.0,2福島7,2歳未勝利,1:49.9,0.9,曇,10.0,9.0,2福島4,2歳新馬,2:04.0,0.8,晴,,,,,,,,,,,,,,,,,,,,,,21.0,6.0,2026-09-27 03:00:23,jra,2026-09-27,42.2,40.7,43.8,18.0,55.4,47.8,48.1,サンプル少
202606040903,2026-09-27,3,ファブリック,4.0,4.0,岩田康,55.0,,3.0,5.0,4中山2,2歳新馬,1:55.4,1.5,雨,,,,,,,,,,,,,,,,,,,,,,,,,,,,,8.9,3.0,2026-09-27 03:00:23,jra,2026-09-27,43.96,48.1,43.7,36.3,40.6,42.0,48.8,履歴少 / サンプル少
202606040903,2026-09-27,3,フレンドミラノ,3.0,3.0,▲水沼,52.0,,5.0,9.0,2札幌5,2歳未勝利,1:47.2,2.0,晴,12.0,10.0,1札幌7,2歳新馬,1:12.8,2.3,晴,,,,,,,,,,,,,,,,,,,,,,30.4,8.0,2026-09-27 03:00:23,jra,2026-09-27,48.09,41.5,50.5,34.7,68.6,50.5,48.8,前走人気以上 / 履歴少 / サンプル少 / 近走上向き
202609040903,2026-09-27,3,ブックオブケルズ,2.0,2.0,北村友,55.0,,2.0,2.0,4阪神1,2歳未勝利,1:47.6,0.3,晴,4.0,1.0,2福島3,2歳新馬,1:49.6,0.6,晴,,,,,,,,,,,,,,,,,,,,,,1.3,1.0,2026-09-27 02:49:38,jra,2026-09-27,51.2,64.6,40.3,48.4,52.1,45.5,50.0,サンプル少
202609040903,2026-09-27,3,ボーオーブ,5.0,5.0,横山和,55.0,,4.0,2.0,4阪神3,2歳新馬,1:57.5,2.0,曇,,,,,,,,,,,,,,,,,,,,,,,,,,,,,12.1,4.0,2026-09-27 02:49:38,jra,2026-09-27,41.49,46.4,37.6,36.3,40.6,38.4,48.8,履歴少 / サンプル少
202609040903,2026-09-27,3,ミンコフスキー,6.0,6.0,高杉,55.0,,3.0,6.0,4阪神3,2歳新馬,1:57.0,1.5,曇,,,,,,,,,,,,,,,,,,,,,,,,,,,,,7.9,2.0,2026-09-27 02:49:38,jra,2026-09-27,44.33,48.1,45.3,36.3,40.6,42.0,48.8,前走人気以上 / 履歴少 / サンプル少
202609040903,2026-09-27,3,メイクアマーク,3.0,3.0,◇今村,53.0,,12.0,8.0,2福島3,2歳新馬,1:51.4,4.9,晴,,,,,,,,,,,,,,,,,,,,,,,,,,,,,15.3,6.0,2026-09-27 02:49:38,jra,2026-09-27,35.82,32.3,34.5,29.6,40.6,36.2,50.0,サンプル少
202606040903,2026-09-27,3,メイプルカモーン,7.0,7.0,丸田,55.0,,4.0,8.0,4中山2,2歳新馬,1:55.6,1.7,雨,,,,,,,,,,,,,,,,,,,,,,,,,,,,,9.1,4.0,2026-09-27 03:00:23,jra,2026-09-27,44.2,46.4,46.8,36.3,40.6,42.0,48.8,前走人気以上 / 履歴少 / サンプル少
202606040903,2026-09-27,3,レッドマウロア,1.0,1.0,ルメール,55.0,,2.0,2.0,3新潟4,2歳新馬,1:58.0,0.5,晴,,,,,,,,,,,,,,,,,,,,,,,,,,,,,1.4,1.0,2026-09-27 03:00:23,jra,2026-09-27,43.52,49.9,40.6,36.3,40.6,40.6,48.8,履歴少 / サンプル少
202609040903,2026-09-27,3,ロードメガロポリス,1.0,1.0,吉村,55.0,,10.0,9.0,4阪神2,2歳新馬,1:50.8,2.1,曇,,,,,,,,,,,,,,,,,,,,,,,,,,,,,43.1,8.0,2026-09-27 02:49:38,jra,2026-09-27,38.25,35.8,39.1,29.6,40.6,39.5,48.8,履歴少 / サンプル少
202606040904,2026-09-27,4,アイファーティアラ,2.0,2.0,☆長浜,54.0,,,,,,,,,,,,,,,,,,,,,,,,,,,,,,,,,,,,,31.5,8.0,2026-09-27 03:30:53,jra,2026-09-27,36.0,35.0,35.0,35.0,35.0,35.0,45.0,履歴少
202606040904,2026-09-27,4,アッパレヤ,6.0,4.0,岩田康,55.0,,,,,,,,,,,,,,,,,,,,,,,,,,,,,,,,,,,,,54.1,10.0,2026-09-27 03:30:53,jra,2026-09-27,36.0,35.0,35.0,35.0,35.0,35.0,45.0,履歴少
202606040904,2026-09-27,4,エコロヴィータ,13.0,7.0,菊沢,55.0,,,,,,,,,,,,,,,,,,,,,,,,,,,,,,,,,,,,,42.1,9.0,2026-09-27 03:30:53,jra,2026-09-27,36.0,35.0,35.0,35.0,35.0,35.0,45.0,履歴少
202609040904,2026-09-27,4,エトワールハマー,3.0,3.0,Ｍデムーロ,55.0,,2.0,4.0,3中京2,2歳新馬,2:02.8,0.1,晴,,,,,,,,,,,,,,,,,,,,,,,,,,,,,3.5,3.0,2026-09-27 03:17:33,jra,2026-09-27,44.45,49.9,43.7,36.3,40.6,42.0,48.8,履歴少 / サンプル少
202609040904,2026-09-27,4,ガリアルダ,4.0,4.0,北村友,55.0,,3.0,2.0,2中京6,2歳新馬,1:35.2,0.4,曇,,,,,,,,,,,,,,,,,,,,,,,,,,,,,5.2,4.0,2026-09-27 03:17:33,jra,2026-09-27,42.5,48.1,39.1,36.3,40.6,39.5,48.8,履歴少 / サンプル少
202609040904,2026-09-27,4,クラリスバローズ,7.0,7.0,★河原田,51.0,,3.0,6.0,2中京3,2歳未勝利,2:00.9,0.1,晴,4.0,3.0,2小倉5,2歳新馬,1:50.1,0.6,晴,,,,,,,,,,,,,,,,,,,,,,3.0,1.0,2026-09-27 03:17:33,jra,2026-09-27,53.61,62.2,50.1,48.4,48.8,53.5,50.0,前走人気以上 / サンプル少
202606040904,2026-09-27,4,コックコート,11.0,6.0,▲上里,52.0,,,,,,,,,,,,,,,,,,,,,,,,,,,,,,,,,,,,,119.7,15.0,2026-09-27 03:30:53,jra,2026-09-27,36.0,35.0,35.0,35.0,35.0,35.0,45.0,履歴少
202606040904,2026-09-27,4,ジョワリヴレ,4.0,3.0,岩田望,55.0,,,,,,,,,,,,,,,,,,,,,,,,,,,,,,,,,,,,,4.1,2.0,2026-09-27 03:30:53,jra,2026-09-27,36.0,35.0,35.0,35.0,35.0,35.0,45.0,履歴少
202609040904,2026-09-27,4,ダイナマイク,2.0,2.0,川田,55.0,,4.0,1.0,3阪神4,2歳新馬,1:49.5,1.2,曇,,,,,,,,,,,,,,,,,,,,,,,,,,,,,3.3,2.0,2026-09-27 03:17:33,jra,2026-09-27,40.96,46.4,36.0,36.3,40.6,37.3,48.8,履歴少 / サンプル少
202606040904,2026-09-27,4,ダブルスプリング,9.0,5.0,坂井,55.0,,,,,,,,,,,,,,,,,,,,,,,,,,,,,,,,,,,,,5.6,4.0,2026-09-27 03:30:53,jra,2026-09-27,36.0,35.0,35.0,35.0,35.0,35.0,45.0,履歴少
202606040904,2026-09-27,4,ナムラジョン,8.0,5.0,△石田,53.0,,,,,,,,,,,,,,,,,,,,,,,,,,,,,,,,,,,,,76.5,12.0,2026-09-27 03:30:53,jra,2026-09-27,36.0,35.0,35.0,35.0,35.0,35.0,45.0,履歴少
202609040904,2026-09-27,4,パーセンタイル,6.0,6.0,▲森田,52.0,,5.0,8.0,2小倉7,2歳未勝利,1:50.6,0.6,曇,7.0,8.0,2小倉6,2歳新馬,2:03.3,0.6,晴,,,,,,,,,,,,,,,,,,,,,,43.6,7.0,2026-09-27 03:17:33,jra,2026-09-27,50.79,51.4,53.6,34.7,52.1,55.4,53.6,前走人気以上 / 小倉実績 / サンプル少 / 市場オッズ妙味
202606040904,2026-09-27,4,ピンクダイアモンド,7.0,4.0,松山,55.0,,,,,,,,,,,,,,,,,,,,,,,,,,,,,,,,,,,,,10.5,5.0,2026-09-27 03:30:53,jra,2026-09-27,36.0,35.0,35.0,35.0,35.0,35.0,45.0,履歴少
202606040904,2026-09-27,4,フレンチネイル,12.0,7.0,▲佐藤,52.0,,,,,,,,,,,,,,,,,,,,,,,,,,,,,,,,,,,,,85.8,13.0,2026-09-27 03:30:53,jra,2026-09-27,36.0,35.0,35.0,35.0,35.0,35.0,45.0,履歴少
202606040904,2026-09-27,4,ブランカバローズ,10.0,6.0,鮫島駿,55.0,,,,,,,,,,,,,,,,,,,,,,,,,,,,,,,,,,,,,27.1,7.0,2026-09-27 03:30:53,jra,2026-09-27,36.0,35.0,35.0,35.0,35.0,35.0,45.0,履歴少
202606040904,2026-09-27,4,マルジョレーヌ,3.0,2.0,柴田大,55.0,,,,,,,,,,,,,,,,,,,,,,,,,,,,,,,,,,,,,88.6,14.0,2026-09-27 03:30:53,jra,2026-09-27,36.0,35.0,35.0,35.0,35.0,35.0,45.0,履歴少
202606040904,2026-09-27,4,ミエノヴィヴィッド,5.0,3.0,三浦,55.0,,,,,,,,,,,,,,,,,,,,,,,,,,,,,,,,,,,,,17.7,6.0,2026-09-27 03:30:53,jra,2026-09-27,36.0,35.0,35.0,35.0,35.0,35.0,45.0,履歴少
202609040904,2026-09-27,4,ヤマニンイハナ,5.0,5.0,吉村,55.0,,9.0,8.0,2中京3,2歳未勝利,2:02.6,1.8,晴,4.0,12.0,2小倉4,2歳新馬,1:52.6,0.6,曇,,,,,,,,,,,,,,,,,,,,,,16.6,6.0,2026-09-27 03:17:33,jra,2026-09-27,47.61,47.7,57.3,31.7,29.0,58.7,50.0,前走人気以上 / サンプル少 / 市場オッズ妙味
202606040904,2026-09-27,4,ユーサイコー,14.0,8.0,荻野極,55.0,,,,,,,,,,,,,,,,,,,,,,,,,,,,,,,,,,,,,3.0,1.0,2026-09-27 03:30:53,jra,2026-09-27,36.0,35.0,35.0,35.0,35.0,35.0,45.0,履歴少
202606040904,2026-09-27,4,リオビーチ,15.0,8.0,武藤,55.0,,,,,,,,,,,,,,,,,,,,,,,,,,,,,,,,,,,,,74.0,11.0,2026-09-27 03:30:53,jra,2026-09-27,36.0,35.0,35.0,35.0,35.0,35.0,45.0,履歴少
202606040904,2026-09-27,4,リゼスカーレット,1.0,1.0,◇小林美,53.0,,,,,,,,,,,,,,,,,,,,,,,,,,,,,,,,,,,,,5.4,3.0,2026-09-27 03:30:53,jra,2026-09-27,36.0,35.0,35.0,35.0,35.0,35.0,45.0,履歴少
202609040904,2026-09-27,4,ロクメイカン,1.0,1.0,小崎,55.0,,5.0,7.0,2小倉6,2歳新馬,2:03.0,0.3,晴,,,,,,,,,,,,,,,,,,,,,,,,,,,,,15.1,5.0,2026-09-27 03:17:33,jra,2026-09-27,43.1,44.6,43.7,36.3,40.6,42.0,50.0,サンプル少
202609040905,2026-09-27,5,エクシプノス,2.0,2.0,西塚,55.0,,,,,,,,,,,,,,,,,,,,,,,,,,,,,,,,,,,,,6.1,3.0,2026-09-27 03:06:38,jra,2026-09-27,36.0,35.0,35.0,35.0,35.0,35.0,45.0,履歴少
202609040905,2026-09-27,5,エターナルバラード,8.0,7.0,北村友,55.0,,,,,,,,,,,,,,,,,,,,,,,,,,,,,,,,,,,,,2.8,1.0,2026-09-27 03:06:38,jra,2026-09-27,36.0,35.0,35.0,35.0,35.0,35.0,45.0,履歴少
202606040905,2026-09-27,5,エルエシック,9.0,8.0,ミシェル,55.0,,,,,,,,,,,,,,,,,,,,,,,,,,,,,,,,,,,,,22.1,6.0,2026-09-27 03:20:18,jra,2026-09-27,36.0,35.0,35.0,35.0,35.0,35.0,45.0,履歴少
202606040905,2026-09-27,5,キセキテキニキテル,5.0,5.0,△石田,53.0,,,,,,,,,,,,,,,,,,,,,,,,,,,,,,,,,,,,,27.7,7.0,2026-09-27 03:20:18,jra,2026-09-27,36.0,35.0,35.0,35.0,35.0,35.0,45.0,履歴少
202609040905,2026-09-27,5,クリスレグナム,1.0,1.0,Ｍデムーロ,55.0,,,,,,,,,,,,,,,,,,,,,,,,,,,,,,,,,,,,,32.3,8.0,2026-09-27 03:06:38,jra,2026-09-27,36.0,35.0,35.0,35.0,35.0,35.0,45.0,履歴少
202606040905,2026-09-27,5,ケルンミッチー,2.0,2.0,杉原,55.0,,,,,,,,,,,,,,,,,,,,,,,,,,,,,,,,,,,,,84.9,10.0,2026-09-27 03:20:18,jra,2026-09-27,36.0,35.0,35.0,35.0,35.0,35.0,45.0,履歴少
202609040905,2026-09-27,5,ジゼルアリーナ,7.0,7.0,☆田山,54.0,,,,,,,,,,,,,,,,,,,,,,,,,,,,,,,,,,,,,37.4,9.0,2026-09-27 03:06:38,jra,2026-09-27,36.0,35.0,35.0,35.0,35.0,35.0,45.0,履歴少
202609040905,2026-09-27,5,スパイスオブライフ,5.0,5.0,松若,55.0,,,,,,,,,,,,,,,,,,,,,,,,,,,,,,,,,,,,,10.9,6.0,2026-09-27 03:06:38,jra,2026-09-27,36.0,35.0,35.0,35.0,35.0,35.0,45.0,履歴少
202606040905,2026-09-27,5,スワーヴバシレウス,6.0,6.0,坂井,55.0,,,,,,,,,,,,,,,,,,,,,,,,,,,,,,,,,,,,,8.7,4.0,2026-09-27 03:20:18,jra,2026-09-27,36.0,35.0,35.0,35.0,35.0,35.0,45.0,履歴少
202606040905,2026-09-27,5,タイセイパーシスト,1.0,1.0,横山武,55.0,,,,,,,,,,,,,,,,,,,,,,,,,,,,,,,,,,,,,14.3,5.0,2026-09-27 03:20:18,jra,2026-09-27,36.0,35.0,35.0,35.0,35.0,35.0,45.0,履歴少
202606040905,2026-09-27,5,ダイアナマリア,3.0,3.0,ルメール,55.0,,,,,,,,,,,,,,,,,,,,,,,,,,,,,,,,,,,,,1.7,1.0,2026-09-27 03:20:18,jra,2026-09-27,36.0,35.0,35.0,35.0,35.0,35.0,45.0,履歴少
202609040905,2026-09-27,5,チョウサクラ,10.0,8.0,田口,55.0,,,,,,,,,,,,,,,,,,,,,,,,,,,,,,,,,,,,,29.8,7.0,2026-09-27 03:06:38,jra,2026-09-27,36.0,35.0,35.0,35.0,35.0,35.0,45.0,履歴少
202606040905,2026-09-27,5,テイクユアタイム,8.0,7.0,原,55.0,,,,,,,,,,,,,,,,,,,,,,,,,,,,,,,,,,,,,29.4,8.0,2026-09-27 03:20:18,jra,2026-09-27,36.0,35.0,35.0,35.0,35.0,35.0,45.0,履歴少
202606040905,2026-09-27,5,テムグリーン,4.0,4.0,鮫島駿,55.0,,,,,,,,,,,,,,,,,,,,,,,,,,,,,,,,,,,,,29.5,9.0,2026-09-27 03:20:18,jra,2026-09-27,36.0,35.0,35.0,35.0,35.0,35.0,45.0,履歴少
202609040905,2026-09-27,5,ノーマンデー,9.0,8.0,斎藤,55.0,,,,,,,,,,,,,,,,,,,,,,,,,,,,,,,,,,,,,9.5,5.0,2026-09-27 03:06:38,jra,2026-09-27,36.0,35.0,35.0,35.0,35.0,35.0,45.0,履歴少
202609040905,2026-09-27,5,パルスカ,3.0,3.0,横山典,55.0,,,,,,,,,,,,,,,,,,,,,,,,,,,,,,,,,,,,,8.1,4.0,2026-09-27 03:06:38,jra,2026-09-27,36.0,35.0,35.0,35.0,35.0,35.0,45.0,履歴少
202609040905,2026-09-27,5,ベルジャンブ,6.0,6.0,吉村,55.0,,,,,,,,,,,,,,,,,,,,,,,,,,,,,,,,,,,,,3.3,2.0,2026-09-27 03:06:38,jra,2026-09-27,36.0,35.0,35.0,35.0,35.0,35.0,45.0,履歴少
202609040905,2026-09-27,5,メモリーブック,4.0,4.0,横山和,55.0,,,,,,,,,,,,,,,,,,,,,,,,,,,,,,,,,,,,,38.0,10.0,2026-09-27 03:06:38,jra,2026-09-27,36.0,35.0,35.0,35.0,35.0,35.0,45.0,履歴少
202606040905,2026-09-27,5,ライカホウ,7.0,7.0,戸崎圭,55.0,,,,,,,,,,,,,,,,,,,,,,,,,,,,,,,,,,,,,7.9,3.0,2026-09-27 03:20:18,jra,2026-09-27,36.0,35.0,35.0,35.0,35.0,35.0,45.0,履歴少
202606040905,2026-09-27,5,リンカーンバローズ,10.0,8.0,武豊,55.0,,,,,,,,,,,,,,,,,,,,,,,,,,,,,,,,,,,,,5.1,2.0,2026-09-27 03:20:18,jra,2026-09-27,36.0,35.0,35.0,35.0,35.0,35.0,45.0,履歴少
202606040906,2026-09-27,6,アトラステソーロ,15.0,8.0,戸崎圭,55.0,,1.0,1.0,2中山2,3歳未勝利,1:55.0,-0.7,晴,5.0,4.0,4中山7,2歳新馬,1:56.4,1.0,晴,,,,,,,,,,,,,,,,,,,,,,13.4,6.0,2026-09-27 02:50:18,jra,2026-09-27,54.47,65.1,43.8,48.4,58.7,57.2,48.8,履歴少 / サンプル少 / 市場オッズ妙味
202609040906,2026-09-27,6,アメリカンステラ,7.0,4.0,川田,55.0,,,,,,,,,,,,,,,,,,,,,,,,,,,,,,,,,,,,,3.8,1.0,2026-09-27 03:37:08,jra,2026-09-27,36.0,35.0,35.0,35.0,35.0,35.0,45.0,履歴少
202606040906,2026-09-27,6,アルデラックス,1.0,1.0,松岡,58.0,,1.0,1.0,4中山3,3歳未勝利,1:53.8,0.0,晴,2.0,9.0,1中山9,3歳未勝利,1:55.0,0.6,晴,8.0,6.0,5中山9,2歳新馬,2:04.8,1.0,晴,,,,,,,,,,,,,,,20.3,8.0,2026-09-27 02:50:18,jra,2026-09-27,67.18,82.6,62.6,55.3,74.0,61.7,48.8,履歴少 / 近走上向き / 市場オッズ妙味
202609040906,2026-09-27,6,イグニアスロック,11.0,6.0,吉村,55.0,,,,,,,,,,,,,,,,,,,,,,,,,,,,,,,,,,,,,31.6,13.0,2026-09-27 03:37:08,jra,2026-09-27,36.0,35.0,35.0,35.0,35.0,35.0,45.0,履歴少
202609040906,2026-09-27,6,オメガマサヤ,4.0,2.0,斎藤,55.0,,,,,,,,,,,,,,,,,,,,,,,,,,,,,,,,,,,,,15.3,7.0,2026-09-27 03:37:08,jra,2026-09-27,36.0,35.0,35.0,35.0,35.0,35.0,45.0,履歴少
202606040906,2026-09-27,6,ガンハンマー,13.0,7.0,鮫島駿,58.0,,9.0,9.0,2東京9,4歳以上1勝クラス,1:25.6,0.9,曇,7.0,8.0,3中山2,4歳以上1勝クラス,1:12.2,0.9,晴,8.0,6.0,1中山3,4歳以上1勝クラス,1:13.3,0.8,晴,10.0,7.0,4東京3,3歳以上1勝クラス,1:26.6,1.8,小雨,7.0,5.0,3東京4,3歳以上1勝クラス,1:36.5,0.7,曇,37.7,13.0,2026-09-27 02:50:18,jra,2026-09-27,39.28,42.1,44.5,0.0,44.0,47.7,48.8,履歴少
202606040906,2026-09-27,6,グランドスウェル,5.0,3.0,荻野極,55.0,,3.0,9.0,4阪神4,3歳以上1勝クラス,1:53.8,0.8,晴,10.0,8.0,2新潟7,三国特別(1勝クラス),1:55.4,2.6,晴,1.0,5.0,3中山1,3歳未勝利,1:53.6,-0.1,晴,7.0,11.0,2中山3,3歳未勝利,1:56.6,1.7,晴,11.0,4.0,1東京6,3歳未勝利,2:17.8,3.2,晴,8.8,5.0,2026-09-27 02:50:18,jra,2026-09-27,61.66,61.9,63.8,50.2,75.5,62.5,51.8,クラス条件好転 / 前走人気以上 / 履歴少 / 近走上向き
202609040906,2026-09-27,6,コンヴィヴィアル,1.0,1.0,池添,55.0,,,,,,,,,,,,,,,,,,,,,,,,,,,,,,,,,,,,,20.5,9.0,2026-09-27 03:37:08,jra,2026-09-27,36.0,35.0,35.0,35.0,35.0,35.0,45.0,履歴少
202609040906,2026-09-27,6,サンライズブレイド,5.0,3.0,△柴田裕,53.0,,,,,,,,,,,,,,,,,,,,,,,,,,,,,,,,,,,,,56.4,15.0,2026-09-27 03:37:08,jra,2026-09-27,36.0,35.0,35.0,35.0,35.0,35.0,45.0,履歴少
202606040906,2026-09-27,6,シーギリヤロック,14.0,7.0,ルメール,55.0,,4.0,2.0,3東京4,3歳以上1勝クラス,2:01.9,0.9,曇,1.0,1.0,2中山8,3歳未勝利,1:59.5,0.0,晴,4.0,5.0,5中山7,2歳未勝利,2:02.2,0.3,曇,2.0,2.0,4中山7,2歳新馬,2:03.7,0.5,晴,,,,,,,,4.7,2.0,2026-09-27 02:50:18,jra,2026-09-27,63.35,85.3,46.8,89.7,40.0,55.8,48.8,履歴少 / 安定感
202606040906,2026-09-27,6,スターツトゥデイ,6.0,3.0,坂井,55.0,,1.0,2.0,2福島1,3歳未勝利,1:46.4,0.0,晴,5.0,5.0,2東京4,3歳未勝利,1:39.0,0.6,曇,7.0,1.0,1中山6,3歳新馬,1:57.5,0.6,晴,,,,,,,,,,,,,,,30.4,11.0,2026-09-27 02:50:18,jra,2026-09-27,59.75,76.7,41.8,55.3,80.0,50.9,48.8,履歴少 / 近走上向き / 市場オッズ妙味
202609040906,2026-09-27,6,スペクトリオン,10.0,5.0,西塚,55.0,,,,,,,,,,,,,,,,,,,,,,,,,,,,,,,,,,,,,92.1,16.0,2026-09-27 03:37:08,jra,2026-09-27,36.0,35.0,35.0,35.0,35.0,35.0,45.0,履歴少
202606040906,2026-09-27,6,ソロモン,2.0,1.0,佐々木,58.0,,13.0,6.0,2中京1,3歳1勝クラス,1:56.3,3.4,曇,6.0,5.0,3中京8,ヤマボウシ賞(1勝クラス),1:25.1,1.5,曇,4.0,3.0,2札幌4,クローバー賞(OP),1:29.5,0.9,晴,1.0,1.0,1札幌5,2歳未勝利,1:29.5,0.0,曇,4.0,1.0,3東京7,2歳新馬,1:50.1,0.4,晴,29.1,10.0,2026-09-27 02:50:18,jra,2026-09-27,39.2,53.6,29.8,44.7,0.0,48.5,48.8,履歴少 / 市場オッズ妙味
202606040906,2026-09-27,6,タルタロス,3.0,2.0,△石田,56.0,,6.0,9.0,3東京4,3歳以上1勝クラス,1:38.0,1.2,曇,7.0,11.0,1新潟8,4歳以上1勝クラス,1:54.5,0.7,曇,3.0,6.0,1新潟3,4歳以上1勝クラス,1:55.4,0.6,晴,5.0,10.0,1福島2,4歳以上1勝クラス,1:47.0,0.4,晴,8.0,9.0,5中京1,3歳以上1勝クラス,2:01.6,1.4,晴,26.6,9.0,2026-09-27 02:50:18,jra,2026-09-27,58.97,62.3,73.3,34.3,48.5,65.1,48.8,前走人気以上 / 履歴少 / 人気以上に走る傾向 / 過小評価傾向
202606040906,2026-09-27,6,ダンツティアラ,7.0,4.0,岩田望,58.0,,2.0,4.0,1東京7,4歳以上1勝クラス,1:37.4,0.2,晴,6.0,5.0,5東京7,3歳以上1勝クラス,1:38.3,0.6,晴,3.0,7.0,5東京2,3歳以上1勝クラス,1:38.6,0.7,小雨,10.0,2.0,2中山2,4歳以上1勝クラス,1:57.1,2.8,晴,7.0,1.0,5中山8,3歳以上1勝クラス,1:57.2,2.1,晴,7.3,4.0,2026-09-27 02:50:18,jra,2026-09-27,57.74,69.0,45.5,50.2,77.0,52.6,48.8,履歴少 / 近走上向き
202609040906,2026-09-27,6,ツーエムブレード,15.0,8.0,松若,55.0,,,,,,,,,,,,,,,,,,,,,,,,,,,,,,,,,,,,,32.4,14.0,2026-09-27 03:37:08,jra,2026-09-27,36.0,35.0,35.0,35.0,35.0,35.0,45.0,履歴少
202609040906,2026-09-27,6,テムスターオー,13.0,7.0,Ｍデムーロ,55.0,,,,,,,,,,,,,,,,,,,,,,,,,,,,,,,,,,,,,14.5,6.0,2026-09-27 03:37:08,jra,2026-09-27,36.0,35.0,35.0,35.0,35.0,35.0,45.0,履歴少
202606040906,2026-09-27,6,ディースプレマシー,10.0,5.0,石橋脩,58.0,,10.0,10.0,1函館10,3歳以上1勝クラス,2:35.4,5.3,雨,7.0,9.0,1函館4,3歳以上1勝クラス,1:47.1,0.6,小雨,4.0,11.0,1函館1,3歳以上1勝クラス,1:45.7,0.4,晴,10.0,9.0,3中山5,4歳以上1勝クラス,1:54.2,1.7,晴,7.0,5.0,3中山2,4歳以上1勝クラス,1:55.0,1.2,晴,36.0,12.0,2026-09-27 02:50:18,jra,2026-09-27,46.41,45.9,60.7,19.8,32.0,55.5,50.0,総合評価
202609040906,2026-09-27,6,ノヴァアクレイム,14.0,7.0,松本,55.0,,,,,,,,,,,,,,,,,,,,,,,,,,,,,,,,,,,,,20.4,8.0,2026-09-27 03:37:08,jra,2026-09-27,36.0,35.0,35.0,35.0,35.0,35.0,45.0,履歴少
202609040906,2026-09-27,6,ハレムスビ,6.0,3.0,◇今村,53.0,,,,,,,,,,,,,,,,,,,,,,,,,,,,,,,,,,,,,5.8,2.0,2026-09-27 03:37:08,jra,2026-09-27,36.0,35.0,35.0,35.0,35.0,35.0,45.0,履歴少
202609040906,2026-09-27,6,ファーストステイト,12.0,6.0,北村友,55.0,,,,,,,,,,,,,,,,,,,,,,,,,,,,,,,,,,,,,8.1,4.0,2026-09-27 03:37:08,jra,2026-09-27,36.0,35.0,35.0,35.0,35.0,35.0,45.0,履歴少
202609040906,2026-09-27,6,プライムウィザード,3.0,2.0,国分恭,55.0,,,,,,,,,,,,,,,,,,,,,,,,,,,,,,,,,,,,,30.0,12.0,2026-09-27 03:37:08,jra,2026-09-27,36.0,35.0,35.0,35.0,35.0,35.0,45.0,履歴少
202606040906,2026-09-27,6,ベンメリア,4.0,2.0,江田照,58.0,,8.0,14.0,3東京1,3歳以上1勝クラス,1:39.3,2.2,晴,8.0,13.0,1福島2,4歳以上1勝クラス,1:47.9,1.3,晴,1.0,1.0,金沢,熊本ゴメン球団結成2(C1),1:28.7,-1.3,晴,4.0,7.0,金沢,金沢競馬C1プレミア,1:37.0,1.3,雨,1.0,1.0,金沢,95旅行in金沢とう(C1),1:29.9,-0.1,晴,66.7,15.0,2026-09-27 02:50:18,jra,2026-09-27,47.21,39.4,72.9,18.5,31.5,60.0,42.8,地方実績を中央換算 / 前走人気以上 / 地方実績中心 / 履歴少
202606040906,2026-09-27,6,ホウオウライセンス,8.0,4.0,丹内,55.0,,1.0,11.0,1函館11,3歳未勝利,1:46.3,-0.4,小雨,10.0,5.0,2東京12,3歳未勝利,1:27.2,1.2,曇,10.0,6.0,3中山2,3歳未勝利,1:58.7,4.0,晴,,,,,,,,,,,,,,,16.9,7.0,2026-09-27 02:50:18,jra,2026-09-27,59.31,57.1,59.4,30.4,100.0,60.1,50.0,前走人気以上 / 近走上向き / 市場オッズ妙味
202606040906,2026-09-27,6,ミスターキャンベラ,11.0,6.0,松山,55.0,,10.0,3.0,2東京6,3歳1勝クラス,2:14.0,1.9,晴,1.0,1.0,3中山4,3歳未勝利,1:52.3,-1.6,晴,2.0,1.0,2中山5,3歳未勝利,1:55.5,0.1,晴,3.0,1.0,1東京1,3歳未勝利,1:39.4,0.9,晴,2.0,1.0,1中山4,3歳未勝利,1:56.4,0.9,曇,5.2,3.0,2026-09-27 02:50:18,jra,2026-09-27,48.42,73.4,31.0,69.6,2.0,49.9,48.8,履歴少 / 安定感
202609040906,2026-09-27,6,メイショウシガニー,9.0,5.0,角田和,55.0,,,,,,,,,,,,,,,,,,,,,,,,,,,,,,,,,,,,,22.7,11.0,2026-09-27 03:37:08,jra,2026-09-27,36.0,35.0,35.0,35.0,35.0,35.0,45.0,履歴少
202609040906,2026-09-27,6,メイショウラリマー,2.0,1.0,太宰,55.0,,,,,,,,,,,,,,,,,,,,,,,,,,,,,,,,,,,,,21.2,10.0,2026-09-27 03:37:08,jra,2026-09-27,36.0,35.0,35.0,35.0,35.0,35.0,45.0,履歴少
202609040906,2026-09-27,6,ヤマニンガルブ,16.0,8.0,田口,55.0,,,,,,,,,,,,,,,,,,,,,,,,,,,,,,,,,,,,,9.2,5.0,2026-09-27 03:37:08,jra,2026-09-27,36.0,35.0,35.0,35.0,35.0,35.0,45.0,履歴少
202606040906,2026-09-27,6,ユーウェイン,9.0,5.0,嶋田,58.0,,13.0,12.0,3東京1,3歳以上1勝クラス,1:39.8,2.7,晴,9.0,9.0,1新潟6,4歳以上1勝クラス,1:14.4,2.1,晴,11.0,11.0,2東京2,4歳以上1勝クラス,1:39.3,2.4,晴,6.0,13.0,3中山5,4歳以上1勝クラス,1:53.7,1.2,晴,1.0,1.0,金沢,C28,1:36.4,-0.1,曇,87.8,16.0,2026-09-27 02:50:18,jra,2026-09-27,35.53,27.5,55.0,4.7,12.5,54.8,48.8,履歴少
202606040906,2026-09-27,6,ロードインフェルノ,12.0,6.0,木幡巧,58.0,,9.0,3.0,2東京5,4歳以上1勝クラス,2:14.4,2.0,晴,5.0,4.0,3中山7,4歳以上1勝クラス,2:35.2,1.7,晴,4.0,5.0,2中山7,4歳以上1勝クラス,2:38.3,0.8,晴,5.0,11.0,1東京5,4歳以上1勝クラス,2:13.9,0.4,晴,5.0,15.0,1東京1,4歳以上1勝クラス,2:14.1,1.2,晴,50.0,14.0,2026-09-27 02:50:18,jra,2026-09-27,53.38,59.9,50.2,69.6,24.5,60.0,48.8,履歴少 / 安定感
202609040906,2026-09-27,6,ロードスピアヘッド,8.0,4.0,☆田山,54.0,,,,,,,,,,,,,,,,,,,,,,,,,,,,,,,,,,,,,7.0,3.0,2026-09-27 03:37:08,jra,2026-09-27,36.0,35.0,35.0,35.0,35.0,35.0,45.0,履歴少
202606040906,2026-09-27,6,ワンダーブリッツ,16.0,8.0,横山武,55.0,,1.0,1.0,1札幌4,3歳未勝利,1:45.8,-1.5,晴,2.0,1.0,2福島3,3歳未勝利,1:47.3,0.1,曇,2.0,1.0,3東京2,3歳未勝利,2:12.8,0.1,曇,3.0,1.0,1新潟5,3歳未勝利,1:55.0,0.4,晴,2.0,3.0,2中山7,3歳未勝利,1:56.7,0.1,晴,4.6,1.0,2026-09-27 02:50:18,jra,2026-09-27,68.58,93.3,45.6,100.0,57.5,54.5,50.0,安定感
202606040907,2026-09-27,7,アテンスマイル,4.0,2.0,内田博,56.0,,13.0,14.0,2福島3,3歳以上1勝クラス,1:09.5,1.0,晴,10.0,9.0,1新潟5,4歳以上1勝クラス,1:23.0,1.1,晴,1.0,1.0,姫路,福留孝介☆来場記念C(C3),0:51.8,0.0,曇,4.0,5.0,園田,ネコニスズ☆来場記念(C3),1:21.0,0.4,晴,3.0,5.0,園田,峯相記スプリントC3,1:22.5,0.5,晴,46.3,14.0,2026-09-27 03:20:48,jra,2026-09-27,35.62,23.9,51.5,18.5,20.0,52.9,45.5,地方実績を中央換算 / 地方実績中心
202609040907,2026-09-27,7,アメリカンランナー,15.0,8.0,田口,58.0,,11.0,10.0,1新潟7,4歳以上1勝クラス,1:12.9,0.9,晴,10.0,5.0,2京都3,4歳以上1勝クラス,1:13.2,0.9,曇,10.0,11.0,4京都6,3歳以上1勝クラス,1:25.3,1.2,晴,4.0,9.0,3京都10,3歳以上1勝クラス,1:24.3,0.6,晴,7.0,5.0,2京都5,4歳以上1勝クラス,1:54.5,3.3,曇,43.9,13.0,2026-09-27 03:07:08,jra,2026-09-27,37.65,35.1,44.2,14.6,30.5,49.6,48.8,履歴少
202606040907,2026-09-27,7,ウインロゼライト,1.0,1.0,木幡巧,56.0,,10.0,15.0,2新潟1,3歳以上1勝クラス,1:20.8,0.5,晴,1.0,1.0,笠松,C8組,1:31.2,-0.3,曇,9.0,6.0,笠松,コウテイダリア特別(C),1:46.9,1.9,晴,1.0,1.0,笠松,C10組,1:31.4,-1.1,晴,2.0,2.0,笠松,忍君・理紗さん結婚お(CC),1:30.9,0.3,晴,49.3,15.0,2026-09-27 03:20:48,jra,2026-09-27,39.08,29.5,58.2,19.1,24.8,52.2,42.8,地方実績を中央換算 / 前走人気以上 / 地方実績中心 / 履歴少
202609040907,2026-09-27,7,エルフェニックス,8.0,4.0,★河原田,54.0,,1.0,1.0,園田,C1一,1:30.4,-0.5,曇,1.0,1.0,園田,ベゴニア賞C1,1:31.0,-0.3,晴,1.0,1.0,園田,C2一,1:31.0,-0.6,晴,1.0,1.0,姫路,C1,1:33.3,-0.8,晴,1.0,1.0,姫路,C2二,1:34.3,-2.4,曇,10.2,5.0,2026-09-27 03:07:08,jra,2026-09-27,44.34,38.3,50.0,38.3,45.0,52.6,42.8,地方実績を中央換算 / 地方実績中心 / 履歴少
202609040907,2026-09-27,7,オウケンブラッド,9.0,5.0,北村友,56.0,,1.0,1.0,3京都5,3歳未勝利,1:24.7,-0.3,晴,2.0,3.0,2阪神5,3歳未勝利,1:24.0,0.8,晴,3.0,2.0,1阪神1,3歳未勝利,1:26.9,0.4,晴,2.0,4.0,1京都9,3歳未勝利,1:27.7,0.1,晴,4.0,10.0,1京都3,3歳新馬,1:25.8,0.6,晴,9.5,3.0,2026-09-27 03:07:08,jra,2026-09-27,72.36,91.2,56.7,100.0,60.5,64.8,48.8,履歴少 / 安定感
202606040907,2026-09-27,7,カイトグート,14.0,7.0,柴田大,56.0,,12.0,12.0,4中山2,3歳以上1勝クラス,1:11.3,1.3,雨,6.0,8.0,1函館1,3歳以上1勝クラス,1:08.4,0.5,晴,9.0,11.0,1新潟4,4歳以上1勝クラス,1:10.3,0.6,晴,11.0,9.0,1中山8,4歳以上1勝クラス,1:33.8,1.7,曇,6.0,12.0,5中京4,3歳以上1勝クラス,1:35.9,0.3,晴,72.6,16.0,2026-09-27 03:20:48,jra,2026-09-27,39.66,34.8,58.6,0.0,26.0,56.1,48.8,履歴少
202609040907,2026-09-27,7,グランデスフィーダ,2.0,1.0,☆田山,57.0,,6.0,4.0,2中京6,3歳以上1勝クラス,1:12.5,0.3,晴,7.0,3.0,3阪神4,3歳以上1勝クラス,1:12.8,0.5,曇,2.0,5.0,1新潟8,4歳以上1勝クラス,1:11.4,0.0,曇,2.0,3.0,3京都7,4歳以上1勝クラス,1:12.8,0.2,晴,6.0,3.0,1福島1,4歳以上1勝クラス,1:10.0,1.0,晴,9.7,4.0,2026-09-27 03:07:08,jra,2026-09-27,50.64,69.0,41.8,34.3,39.5,54.0,48.8,履歴少
202609040907,2026-09-27,7,グリュイエール,10.0,5.0,▲森田,53.0,,1.0,2.0,金沢,加賀医王山賞(3歳),1:39.0,-0.7,曇,13.0,14.0,1中京3,3歳未勝利,2:04.1,2.7,晴,6.0,5.0,1阪神4,3歳1勝クラス,2:04.2,4.1,晴,4.0,2.0,笠松,御嶽宿特別(3歳),1:31.1,1.3,晴,7.0,9.0,5阪神7,2歳未勝利,1:14.4,1.6,晴,107.2,16.0,2026-09-27 03:07:08,jra,2026-09-27,47.47,35.3,51.6,20.4,89.0,51.6,48.8,地方実績を中央換算 / 履歴少 / 近走上向き
202606040907,2026-09-27,7,コスモキャバリエ,3.0,2.0,丹内,58.0,,2.0,8.0,2札幌6,3歳以上1勝クラス,1:29.8,0.1,晴,10.0,7.0,2札幌3,3歳以上1勝クラス,1:50.5,0.5,晴,7.0,6.0,2新潟8,3歳以上1勝クラス,1:47.4,0.6,晴,6.0,1.0,1福島4,4歳以上1勝クラス,1:46.1,0.3,晴,2.0,8.0,1福島1,浄土平特別(1勝クラス),1:47.1,0.1,晴,15.3,7.0,2026-09-27 03:20:48,jra,2026-09-27,58.79,63.5,55.4,40.7,75.5,63.6,48.8,前走人気以上 / 履歴少 / 近走上向き / 市場オッズ妙味
202609040907,2026-09-27,7,ゴメンネジロー,5.0,3.0,◇永島,56.0,,15.0,4.0,3阪神1,3歳以上1勝クラス,1:27.0,2.9,晴,3.0,1.0,1新潟4,4歳以上1勝クラス,1:12.1,0.5,晴,3.0,1.0,4中京3,3歳以上1勝クラス,1:24.9,0.0,晴,2.0,6.0,3中京5,3歳以上1勝クラス,1:24.9,0.2,晴,6.0,6.0,2阪神8,3歳1勝クラス,1:13.2,0.5,曇,14.5,6.0,2026-09-27 03:07:08,jra,2026-09-27,41.45,57.2,24.4,59.3,0.0,54.2,48.8,履歴少 / 市場オッズ妙味
202606040907,2026-09-27,7,サクラパステル,2.0,1.0,☆長浜,55.0,,15.0,7.0,2東京6,4歳以上1勝クラス,1:20.5,1.8,晴,15.0,8.0,4東京10,3歳以上1勝クラス,1:28.7,5.8,曇,1.0,4.0,3東京5,3歳未勝利,1:25.6,-0.5,晴,4.0,12.0,2東京12,3歳未勝利,1:24.7,0.7,晴,13.0,9.0,2中山3,3歳未勝利,1:16.0,4.0,曇,20.6,9.0,2026-09-27 03:20:48,jra,2026-09-27,32.64,31.3,30.2,34.3,9.5,46.5,48.8,履歴少
202606040907,2026-09-27,7,サンヴィクトワール,16.0,8.0,松山,54.0,,1.0,1.0,1中山7,3歳未勝利,1:34.2,-0.1,晴,2.0,1.0,5中山5,2歳未勝利,1:48.2,0.6,小雨,3.0,3.0,5東京8,2歳新馬,1:47.3,0.3,晴,,,,,,,,,,,,,,,4.9,2.0,2026-09-27 03:20:48,jra,2026-09-27,66.28,93.1,47.7,75.1,59.0,55.7,48.8,履歴少 / 安定感
202606040907,2026-09-27,7,シックスパック,11.0,6.0,岩田康,58.0,,9.0,9.0,2札幌4,3歳以上1勝クラス,1:48.2,2.1,晴,14.0,7.0,2東京9,4歳以上1勝クラス,1:26.0,1.3,曇,1.0,1.0,笠松,平湯温泉特別(C),1:29.2,-0.9,晴,1.0,1.0,笠松,C19組,1:30.5,-0.8,曇,9.0,12.0,4阪神2,3歳未勝利,2:00.0,1.5,晴,17.8,8.0,2026-09-27 03:20:48,jra,2026-09-27,36.05,30.1,40.0,16.6,33.5,51.1,48.8,地方実績を中央換算 / 履歴少 / 市場オッズ妙味
202606040907,2026-09-27,7,ショウナンマリーナ,5.0,3.0,丸山,56.0,,12.0,16.0,2新潟1,3歳以上1勝クラス,1:20.9,0.6,晴,8.0,16.0,2東京9,4歳以上1勝クラス,1:33.3,1.0,曇,11.0,14.0,1新潟3,4歳以上1勝クラス,1:58.5,2.5,晴,8.0,13.0,1福島2,4歳以上1勝クラス,1:48.5,1.6,晴,11.0,11.0,1東京2,4歳以上1勝クラス,1:39.6,2.5,晴,28.2,11.0,2026-09-27 03:20:48,jra,2026-09-27,45.31,27.1,81.7,0.0,35.0,64.7,48.8,前走人気以上 / 履歴少 / 人気以上に走る傾向
202609040907,2026-09-27,7,シークザドリーム,16.0,8.0,△柴田裕,56.0,,12.0,9.0,5阪神8,3歳以上1勝クラス,1:25.8,1.9,晴,12.0,11.0,3京都10,3歳以上1勝クラス,1:25.1,1.4,晴,14.0,2.0,2新潟1,3歳以上1勝クラス,1:14.2,2.6,晴,10.0,2.0,2京都5,3歳1勝クラス,1:11.8,1.3,曇,2.0,3.0,2阪神2,3歳1勝クラス,1:12.8,0.8,曇,57.5,14.0,2026-09-27 03:07:08,jra,2026-09-27,25.29,20.2,17.8,10.3,35.0,36.0,48.8,履歴少
202606040907,2026-09-27,7,ジャグアール,8.0,4.0,石橋脩,58.0,,11.0,10.0,4中山1,古作特別(1勝クラス),1:48.1,0.6,晴,13.0,11.0,2福島8,3歳以上1勝クラス,1:47.9,1.0,晴,2.0,5.0,2福島4,3歳以上1勝クラス,1:49.1,0.0,曇,7.0,6.0,1新潟3,粟島特別(1勝クラス),1:49.2,1.3,晴,3.0,9.0,1福島4,4歳以上1勝クラス,1:46.0,0.2,晴,43.0,13.0,2026-09-27 03:20:48,jra,2026-09-27,43.41,41.5,51.9,30.1,21.5,54.2,55.7,福島実績
202606040907,2026-09-27,7,ジーティーシンドウ,15.0,8.0,坂井,56.0,,9.0,9.0,3中山5,ニュージーランドT(GII),1:34.5,1.2,晴,4.0,2.0,2中山7,3歳1勝クラス,1:33.9,0.5,晴,3.0,3.0,1中山1,ジュニアC(L),1:34.8,0.0,晴,1.0,1.0,5中山4,2歳新馬,1:36.6,-0.7,曇,,,,,,,,11.7,6.0,2026-09-27 03:20:48,jra,2026-09-27,52.1,68.1,46.1,59.3,12.0,58.8,51.8,クラス条件好転 / 履歴少
202609040907,2026-09-27,7,ジーヴル,11.0,6.0,▲大久保,55.0,,,8.0,1新潟8,4歳以上1勝クラス,,,曇,1.0,1.0,浦和,C2五 六,1:30.0,-0.4,晴,2.0,1.0,浦和,「ハイキングのまち」(C2),1:36.2,0.0,雨,1.0,1.0,川崎,C3一 二,1:30.9,-1.2,晴,1.0,1.0,浦和,C3 4歳イ,1:30.1,-0.9,晴,59.9,15.0,2026-09-27 03:07:08,jra,2026-09-27,42.26,37.4,49.1,26.6,46.0,50.1,42.8,地方実績を中央換算 / 地方実績中心 / 履歴少
202606040907,2026-09-27,7,スワローシチー,7.0,4.0,田辺,58.0,,7.0,11.0,4中山4,3歳以上1勝クラス,1:34.8,0.7,曇,4.0,5.0,2新潟1,3歳以上1勝クラス,1:45.3,0.3,曇,8.0,7.0,3東京6,3歳以上1勝クラス,1:34.5,0.7,曇,2.0,3.0,3東京2,3歳以上1勝クラス,1:32.9,0.1,曇,8.0,5.0,1中京6,4歳以上1勝クラス,2:12.2,0.6,晴,8.2,4.0,2026-09-27 03:20:48,jra,2026-09-27,53.71,61.4,57.7,39.5,41.0,58.0,48.8,前走人気以上 / 履歴少
202609040907,2026-09-27,7,ゼンカイナダル,1.0,1.0,斎藤,56.0,,12.0,1.0,3阪神1,3歳以上1勝クラス,1:26.3,2.2,晴,8.0,3.0,1中京2,昇竜S(OP),1:25.3,1.3,晴,1.0,2.0,1阪神2,3歳新馬,1:25.8,-0.9,晴,,,,,,,,,,,,,,,8.2,2.0,2026-09-27 03:07:08,jra,2026-09-27,28.43,45.8,9.0,19.8,5.0,37.8,51.8,クラス条件好転 / 履歴少
202606040907,2026-09-27,7,デイジー,6.0,3.0,戸崎圭,56.0,,2.0,3.0,4中山1,古作特別(1勝クラス),1:47.5,0.0,晴,2.0,5.0,2新潟8,3歳以上1勝クラス,1:47.0,0.2,晴,12.0,2.0,1福島1,浄土平特別(1勝クラス),1:48.2,1.2,晴,3.0,2.0,1中山4,4歳以上1勝クラス,1:32.3,0.2,晴,2.0,4.0,3福島5,高湯温泉特別(1勝クラス),1:48.5,0.0,晴,4.6,1.0,2026-09-27 03:20:48,jra,2026-09-27,61.5,75.0,44.0,80.2,66.5,53.2,48.8,履歴少 / 近走上向き / 安定感
202606040907,2026-09-27,7,デスサイズ,10.0,5.0,佐々木,56.0,,18.0,2.0,2新潟7,3歳以上1勝クラス,1:21.3,1.2,晴,7.0,5.0,3東京2,3歳以上1勝クラス,1:33.1,0.3,曇,1.0,1.0,2東京8,3歳未勝利,1:26.2,0.0,晴,3.0,1.0,2中山8,3歳未勝利,1:12.7,0.9,晴,2.0,2.0,2中山1,3歳未勝利,1:11.3,0.4,晴,9.8,5.0,2026-09-27 03:20:48,jra,2026-09-27,34.53,54.5,10.4,44.7,0.0,46.7,48.8,履歴少
202606040907,2026-09-27,7,ナハトナナレオン,13.0,7.0,横山武,54.0,,3.0,3.0,4中山4,3歳以上1勝クラス,1:34.4,0.3,曇,2.0,2.0,1札幌2,3歳以上1勝クラス,1:28.0,0.1,晴,1.0,2.0,3中山1,3歳未勝利,1:35.1,-0.2,晴,3.0,5.0,2中山2,3歳未勝利,1:36.1,0.5,晴,4.0,7.0,2京都1,3歳未勝利,1:35.4,0.3,晴,5.9,3.0,2026-09-27 03:20:48,jra,2026-09-27,69.19,88.3,55.6,100.0,47.0,61.5,48.8,履歴少 / 安定感
202606040907,2026-09-27,7,ニシノコマチムスメ,12.0,6.0,菊沢,56.0,,5.0,8.0,3新潟4,3歳以上1勝クラス,1:47.8,0.7,曇,11.0,12.0,2新潟4,五頭連峰特別(1勝クラス),1:46.3,0.6,晴,3.0,14.0,2福島6,織姫賞(1勝クラス),1:48.0,0.6,曇,10.0,9.0,1福島5,4歳以上1勝クラス,1:48.0,1.1,晴,10.0,6.0,1小倉9,4歳以上1勝クラス,1:47.9,0.9,晴,32.9,12.0,2026-09-27 03:20:48,jra,2026-09-27,58.37,49.2,69.4,50.2,71.0,58.6,51.8,クラス条件好転 / 前走人気以上 / 人気以上に走る傾向 / 近走上向き
202609040907,2026-09-27,7,ハグレジョー,6.0,3.0,菱田,56.0,,3.0,1.0,4阪神1,3歳以上1勝クラス,1:24.9,0.4,曇,3.0,2.0,3京都4,3歳1勝クラス,1:23.8,0.1,曇,5.0,8.0,2阪神4,バイオレットS(OP),1:23.3,0.8,晴,3.0,6.0,1阪神9,3歳1勝クラス,1:23.9,0.1,晴,1.0,1.0,5阪神7,2歳未勝利,1:25.4,-0.2,晴,2.5,1.0,2026-09-27 03:07:08,jra,2026-09-27,66.08,82.5,51.2,100.0,50.0,55.8,48.8,履歴少 / 安定感
202609040907,2026-09-27,7,バロニアル,4.0,2.0,藤懸,56.0,,16.0,8.0,2小倉2,3歳以上1勝クラス,1:51.7,6.3,晴,1.0,9.0,2阪神8,3歳未勝利,1:25.0,0.0,晴,5.0,10.0,2阪神1,3歳未勝利,1:13.7,1.2,晴,13.0,11.0,1阪神8,3歳未勝利,1:57.6,2.6,曇,,,,,,,,20.9,10.0,2026-09-27 03:07:08,jra,2026-09-27,42.75,43.4,52.0,44.7,0.0,56.2,48.8,履歴少 / 市場オッズ妙味
202609040907,2026-09-27,7,フレットローソ,12.0,6.0,小崎,54.0,,1.0,1.0,1小倉11,3歳未勝利,1:45.2,-0.5,曇,2.0,1.0,1小倉5,3歳未勝利,1:48.4,0.1,小雨,4.0,2.0,5阪神3,2歳未勝利,1:25.8,0.3,晴,4.0,5.0,4京都6,2歳新馬,1:54.0,0.8,晴,,,,,,,,27.5,12.0,2026-09-27 03:07:08,jra,2026-09-27,66.45,88.6,46.1,89.7,64.0,51.9,48.8,履歴少 / 安定感
202609040907,2026-09-27,7,プレダトゥール,13.0,7.0,亀田,56.0,,3.0,6.0,4阪神4,3歳以上1勝クラス,1:25.7,1.3,晴,7.0,4.0,3京都9,3歳1勝クラス,1:24.5,0.5,曇,5.0,11.0,3京都4,3歳1勝クラス,1:24.1,0.4,曇,14.0,16.0,1京都5,日刊スポシンザン記念(GIII),1:35.1,1.7,晴,5.0,7.0,5中京1,こうやまき賞(1勝クラス),1:37.2,0.4,晴,23.2,11.0,2026-09-27 03:07:08,jra,2026-09-27,61.96,59.0,62.9,60.5,78.5,62.8,48.8,前走人気以上 / 履歴少 / 近走上向き / 安定感
202606040907,2026-09-27,7,ポッドロルフ,9.0,5.0,三浦,58.0,,9.0,9.0,2福島8,3歳以上1勝クラス,1:47.6,0.7,晴,5.0,9.0,3東京6,3歳以上1勝クラス,1:34.2,0.4,曇,4.0,4.0,2東京12,4歳以上1勝クラス,1:46.2,1.1,晴,6.0,8.0,3中山6,4歳以上1勝クラス,1:33.3,0.5,晴,2.0,13.0,1中京1,4歳以上1勝クラス,1:33.8,0.3,晴,22.0,10.0,2026-09-27 03:20:48,jra,2026-09-27,56.81,61.2,67.0,55.0,21.5,67.3,50.0,人気以上に走る傾向 / 過小評価傾向 / 市場オッズ妙味
202609040907,2026-09-27,7,ミッションルース,14.0,7.0,◇今村,56.0,,8.0,14.0,2小倉2,3歳以上1勝クラス,1:47.3,1.9,晴,9.0,10.0,3京都10,4歳以上1勝クラス,1:25.2,0.8,晴,6.0,6.0,1小倉10,4歳以上1勝クラス,1:48.5,1.7,晴,11.0,7.0,1小倉1,4歳以上1勝クラス,1:47.2,1.5,晴,16.0,4.0,4京都2,3歳以上1勝クラス,1:53.4,3.8,雨,19.4,9.0,2026-09-27 03:07:08,jra,2026-09-27,42.18,37.1,51.7,0.0,65.0,47.8,48.8,前走人気以上 / 履歴少 / 近走上向き / 市場オッズ妙味
202609040907,2026-09-27,7,ムーランオランジュ,3.0,2.0,松若,56.0,,7.0,9.0,2東京11,3歳1勝クラス,1:38.9,1.7,晴,7.0,13.0,2東京4,3歳1勝クラス,1:25.6,0.6,晴,6.0,12.0,2京都3,3歳1勝クラス,1:26.1,0.8,曇,16.0,15.0,1東京1,3歳1勝クラス,1:40.3,2.8,晴,1.0,3.0,5東京3,2歳未勝利,1:39.7,0.0,晴,15.7,7.0,2026-09-27 03:07:08,jra,2026-09-27,53.97,51.0,73.4,10.3,53.0,68.5,48.8,履歴少 / 人気以上に走る傾向 / 過小評価傾向 / 市場オッズ妙味
202609040907,2026-09-27,7,メティエダール,7.0,4.0,横山和,56.0,,3.0,8.0,4京都6,3歳以上1勝クラス,1:24.5,0.4,晴,5.0,6.0,3中京2,3歳以上1勝クラス,1:25.6,1.0,晴,14.0,5.0,3阪神6,3歳以上1勝クラス,1:27.9,3.8,晴,12.0,1.0,1阪神5,4歳以上1勝クラス,1:27.0,1.7,小雨,3.0,1.0,1中京2,4歳以上1勝クラス,1:25.1,0.0,小雨,16.7,8.0,2026-09-27 03:07:08,jra,2026-09-27,53.97,52.9,37.3,65.7,83.0,53.6,48.8,前走人気以上 / 履歴少 / 近走上向き / 安定感
202606040908,2026-09-27,8,アンティミスト,3.0,2.0,津村,55.0,,1.0,5.0,2福島5,3歳以上1勝クラス,1:45.3,-0.8,曇,5.0,7.0,3東京6,3歳以上1勝クラス,1:23.6,0.8,曇,6.0,11.0,2阪神6,3歳1勝クラス,1:24.2,0.4,晴,3.0,10.0,2中山3,3歳1勝クラス,1:11.4,1.0,晴,10.0,10.0,1中山4,3歳1勝クラス,1:14.4,2.3,晴,11.6,5.0,2026-09-27 02:50:48,jra,2026-09-27,72.16,74.3,76.1,69.9,80.0,72.1,50.0,前走人気以上 / 人気以上に走る傾向 / 近走上向き / 安定感
202609040908,2026-09-27,8,エンベッカ,9.0,7.0,北村友,56.0,,3.0,10.0,3中京3,3歳以上1勝クラス,1:32.7,0.6,雨,6.0,5.0,2小倉2,3歳以上1勝クラス,1:47.8,0.5,晴,13.0,6.0,1中京5,4歳以上1勝クラス,1:35.5,1.1,晴,7.0,4.0,3京都8,3歳以上1勝クラス,1:48.1,0.5,雨,1.0,6.0,4阪神3,3歳未勝利,1:45.4,-0.1,曇,8.9,5.0,2026-09-27 03:35:03,jra,2026-09-27,56.4,59.2,54.0,40.7,72.5,60.0,48.8,前走人気以上 / 履歴少 / 近走上向き
202609040908,2026-09-27,8,コウギョク,2.0,2.0,横山和,53.0,,4.0,4.0,1札幌8,3歳以上1勝クラス,1:47.9,1.0,晴,6.0,8.0,1函館11,湯浜特別(1勝クラス),1:47.9,0.3,小雨,12.0,11.0,2東京2,サンスポ賞フローラS(GII),2:00.8,1.5,晴,8.0,4.0,2中山1,水仙賞(1勝クラス),2:15.1,2.4,晴,1.0,2.0,3京都2,2歳新馬,1:48.8,-0.3,小雨,8.6,4.0,2026-09-27 03:35:03,jra,2026-09-27,53.86,57.2,48.7,40.7,66.5,57.9,51.8,クラス条件好転 / 近走上向き
202606040908,2026-09-27,8,コスモオピニオン,7.0,4.0,菊沢,58.0,,12.0,10.0,2札幌6,旭川特別(2勝クラス),1:46.2,2.2,晴,8.0,5.0,2中山6,4歳以上2勝クラス,1:33.1,1.1,晴,4.0,6.0,2中山1,4歳以上2勝クラス,1:33.1,0.3,晴,6.0,12.0,1東京6,4歳以上2勝クラス,1:33.0,0.4,晴,8.0,8.0,1中山2,初日の出賞(2勝クラス),2:02.3,0.7,晴,69.6,15.0,2026-09-27 02:50:48,jra,2026-09-27,40.66,42.9,49.4,19.8,17.0,53.5,48.8,履歴少
202609040908,2026-09-27,8,コニーアイランド,10.0,7.0,川田,53.0,,3.0,2.0,3阪神6,3歳以上1勝クラス,2:02.6,0.7,晴,13.0,4.0,1阪神4,チューリップ賞(GII),1:35.1,0.8,晴,4.0,3.0,4京都8,白菊賞(1勝クラス),1:34.2,0.6,晴,1.0,1.0,3中京3,2歳新馬,1:35.4,-0.2,晴,,,,,,,,3.4,1.0,2026-09-27 03:35:03,jra,2026-09-27,51.67,62.6,28.6,64.7,68.0,46.3,48.8,履歴少 / 近走上向き / 安定感
202609040908,2026-09-27,8,サウンドサンライズ,1.0,1.0,斎藤,56.0,,6.0,9.0,2札幌5,3歳以上1勝クラス,1:50.7,0.7,晴,8.0,5.0,1札幌6,3歳以上1勝クラス,2:02.1,0.7,晴,4.0,7.0,1函館5,3歳以上1勝クラス,2:00.0,0.4,晴,4.0,7.0,1函館2,八雲特別(1勝クラス),1:48.5,0.7,晴,12.0,11.0,5中京4,3歳以上1勝クラス,2:02.5,1.3,曇,15.6,7.0,2026-09-27 03:35:03,jra,2026-09-27,54.07,56.5,57.6,34.3,56.0,62.0,48.8,前走人気以上 / 履歴少 / 市場オッズ妙味
202606040908,2026-09-27,8,シューティングガイ,12.0,7.0,佐々木,55.0,,1.0,2.0,2福島3,3歳以上1勝クラス,1:44.9,0.0,晴,15.0,9.0,2東京6,3歳1勝クラス,2:15.1,3.0,晴,1.0,2.0,1福島1,3歳未勝利,1:45.9,0.0,晴,4.0,3.0,5東京6,2歳未勝利,1:38.7,1.0,晴,3.0,7.0,3福島1,2歳未勝利,1:46.9,0.4,晴,28.4,12.0,2026-09-27 02:50:48,jra,2026-09-27,61.19,69.9,44.9,75.1,78.5,52.9,50.0,近走上向き / 安定感
202606040908,2026-09-27,8,タイヨウフレア,9.0,5.0,原,56.0,,8.0,12.0,2札幌6,旭川特別(2勝クラス),1:45.6,1.6,晴,13.0,12.0,1函館12,かもめ島特別(2勝クラス),1:52.6,4.2,曇,7.0,9.0,1函館4,檜山特別(2勝クラス),1:46.2,1.9,小雨,8.0,11.0,1函館2,津軽海峡特別(2勝クラス),1:45.5,1.3,晴,11.0,11.0,3中山8,利根川特別(2勝クラス),1:54.9,1.9,晴,48.2,13.0,2026-09-27 02:50:48,jra,2026-09-27,44.42,33.1,62.6,0.0,60.5,56.1,50.0,前走人気以上
202609040908,2026-09-27,8,ダーリンダーリン,3.0,3.0,◇今村,51.0,,1.0,5.0,1函館3,3歳未勝利,1:47.2,-0.3,晴,16.0,4.0,3中山6,3歳未勝利,2:16.4,2.3,晴,6.0,2.0,1中京3,3歳未勝利,2:03.1,1.7,晴,6.0,3.0,2京都6,3歳未勝利,2:03.9,1.8,曇,2.0,5.0,5阪神2,2歳未勝利,2:02.0,0.0,晴,5.9,2.0,2026-09-27 03:35:03,jra,2026-09-27,51.83,60.5,31.1,40.7,89.0,49.8,48.8,前走人気以上 / 履歴少 / 近走上向き
202609040908,2026-09-27,8,テレプシコーラ,4.0,4.0,中井,56.0,,9.0,10.0,2中京7,3歳以上1勝クラス,1:34.1,0.7,晴,13.0,13.0,3阪神3,3歳以上1勝クラス,1:34.3,0.9,晴,6.0,10.0,3京都11,4歳以上1勝クラス,1:33.7,0.4,晴,7.0,6.0,3京都4,4歳以上1勝クラス,2:01.3,1.6,曇,14.0,8.0,1京都4,4歳以上1勝クラス,2:03.4,1.5,曇,27.2,12.0,2026-09-27 03:35:03,jra,2026-09-27,39.88,31.4,52.3,0.0,56.0,49.6,48.8,履歴少
202609040908,2026-09-27,8,テンタイムトップ,6.0,5.0,亀田,53.0,,9.0,14.0,2札幌6,3歳未勝利,1:10.3,0.9,晴,6.0,16.0,2小倉6,3歳未勝利,1:09.0,0.9,晴,18.0,14.0,3阪神1,3歳未勝利,1:36.9,4.1,晴,9.0,10.0,1新潟6,3歳未勝利,1:57.8,2.2,晴,14.0,7.0,5阪神3,2歳未勝利,1:28.2,2.7,晴,22.1,10.0,2026-09-27 03:35:03,jra,2026-09-27,45.64,31.1,68.5,0.0,66.5,54.9,48.1,前走人気以上 / 人気以上に走る傾向 / 近走上向き
202606040908,2026-09-27,8,テーオーライマン,6.0,4.0,西村淳,58.0,,5.0,2.0,2小倉2,西部日刊スポーツ杯(2勝クラス),1:45.8,0.8,晴,5.0,3.0,3京都10,4歳以上2勝クラス,1:53.8,0.9,晴,5.0,3.0,3京都4,六波羅特別(2勝クラス),1:51.5,0.7,曇,9.0,1.0,1中京4,弥富特別(2勝クラス),2:00.7,1.2,曇,2.0,3.0,1小倉11,早鞆特別(2勝クラス),1:42.8,0.3,晴,14.3,8.0,2026-09-27 02:50:48,jra,2026-09-27,54.52,65.8,29.9,85.4,51.5,54.3,48.8,履歴少 / 安定感 / 市場オッズ妙味
202606040908,2026-09-27,8,ドゥマーヴェリック,15.0,8.0,岩田望,58.0,,3.0,1.0,2福島1,いわき特別(2勝クラス),1:45.0,0.7,晴,3.0,4.0,3中山8,利根川特別(2勝クラス),1:53.1,0.1,晴,1.0,1.0,2中山8,4歳以上1勝クラス,1:54.5,-0.8,晴,4.0,1.0,1中山9,4歳以上1勝クラス,1:55.9,0.6,晴,2.0,2.0,1中山4,4歳以上1勝クラス,1:55.4,0.3,晴,4.0,2.0,2026-09-27 02:50:48,jra,2026-09-27,64.95,86.8,44.4,100.0,47.0,53.3,48.8,履歴少 / 安定感
202609040908,2026-09-27,8,ドーギッド,7.0,6.0,小沢,56.0,,10.0,10.0,2札幌2,ルスツ特別(1勝クラス),2:01.2,1.4,晴,5.0,8.0,1札幌6,石狩特別(1勝クラス),1:49.8,0.2,晴,6.0,8.0,1札幌3,3歳以上1勝クラス,1:49.6,1.6,曇,9.0,11.0,1新潟7,尖閣湾特別(1勝クラス),2:01.9,1.4,晴,5.0,7.0,1新潟3,粟島特別(1勝クラス),1:49.1,1.2,晴,26.3,11.0,2026-09-27 03:35:03,jra,2026-09-27,49.27,49.6,61.5,35.3,27.5,58.7,48.8,履歴少 / 市場オッズ妙味
202609040908,2026-09-27,8,バースデイフライト,12.0,8.0,☆田山,52.0,,6.0,3.0,4阪神2,3歳以上1勝クラス,1:33.5,0.5,曇,3.0,1.0,2中京2,3歳以上1勝クラス,1:33.3,0.3,晴,2.0,4.0,3阪神3,3歳以上1勝クラス,1:33.4,0.0,晴,4.0,6.0,3京都12,白百合S(L),1:47.3,0.2,晴,6.0,10.0,2阪神6,忘れな草賞(L),2:00.2,1.1,晴,5.9,3.0,2026-09-27 03:35:03,jra,2026-09-27,57.08,74.6,47.8,59.3,36.5,59.5,48.8,履歴少
202606040908,2026-09-27,8,ピコシー,13.0,7.0,内田博,58.0,,5.0,8.0,3新潟4,両津湾特別(2勝クラス),1:54.6,1.5,曇,5.0,5.0,2福島7,米沢特別(2勝クラス),1:45.6,1.3,曇,6.0,5.0,3中山8,利根川特別(2勝クラス),1:53.8,0.8,晴,3.0,4.0,3中山3,千葉日報杯(2勝クラス),1:53.5,0.1,雨,4.0,5.0,1中山3,4歳以上2勝クラス,1:54.4,0.7,晴,15.6,9.0,2026-09-27 02:50:48,jra,2026-09-27,62.67,69.6,56.7,80.2,47.0,66.4,50.0,前走人気以上 / 安定感 / 過小評価傾向 / 市場オッズ妙味
202606040908,2026-09-27,8,フクチャントウメイ,10.0,6.0,鮫島駿,58.0,,8.0,14.0,2新潟4,苗場特別(2勝クラス),1:53.7,1.3,曇,9.0,12.0,3東京2,八王子特別(2勝クラス),1:25.8,1.6,曇,10.0,15.0,1東京8,大島特別(2勝クラス),1:25.5,1.3,晴,16.0,15.0,5東京8,アプローズ賞(2勝クラス),1:26.7,2.6,晴,14.0,9.0,4東京1,3歳以上2勝クラス,1:26.4,1.6,曇,53.6,14.0,2026-09-27 02:50:48,jra,2026-09-27,46.46,27.9,70.3,0.0,75.5,56.1,48.8,前走人気以上 / 履歴少 / 人気以上に走る傾向 / 近走上向き
202606040908,2026-09-27,8,ブレードサクセス,5.0,3.0,丹内,58.0,,7.0,4.0,4中山4,3歳以上2勝クラス,1:53.3,1.4,晴,11.0,2.0,2新潟8,瀬波温泉特別(2勝クラス),1:53.9,1.5,晴,4.0,3.0,3中山1,4歳以上2勝クラス,1:53.2,0.9,晴,1.0,2.0,2中山6,4歳以上1勝クラス,1:53.5,-0.6,晴,8.0,2.0,1中山9,4歳以上1勝クラス,1:57.0,1.7,晴,26.2,11.0,2026-09-27 02:50:48,jra,2026-09-27,41.55,54.9,23.2,34.3,44.0,43.0,51.8,クラス条件好転 / 履歴少 / 市場オッズ妙味
202609040908,2026-09-27,8,ベネディクション,11.0,8.0,◇古川奈,51.0,,7.0,6.0,2札幌5,3歳以上1勝クラス,1:50.9,0.9,晴,1.0,2.0,1函館10,3歳未勝利,2:02.4,-0.6,小雨,2.0,6.0,1函館6,3歳未勝利,2:00.8,0.0,晴,6.0,8.0,1函館3,3歳未勝利,1:47.9,0.7,晴,12.0,7.0,3京都3,3歳未勝利,1:34.7,0.7,晴,9.9,6.0,2026-09-27 03:35:03,jra,2026-09-27,55.71,68.9,53.6,44.7,39.5,60.4,50.0,総合評価
202606040908,2026-09-27,8,ホークライト,8.0,5.0,田辺,58.0,,7.0,3.0,2東京11,4歳以上2勝クラス,2:13.2,1.4,晴,16.0,1.0,3中山1,4歳以上2勝クラス,1:55.3,3.0,晴,1.0,1.0,2中山3,4歳以上1勝クラス,1:53.7,-1.2,晴,2.0,1.0,1中山7,4歳以上1勝クラス,1:55.6,0.0,晴,2.0,1.0,5中山7,3歳以上1勝クラス,1:54.0,0.1,曇,11.0,3.0,2026-09-27 02:50:48,jra,2026-09-27,41.13,58.5,13.6,44.7,39.5,46.6,48.8,履歴少
202606040908,2026-09-27,8,マリンバンカー,4.0,3.0,▲上里,55.0,,10.0,8.0,2東京3,4歳以上2勝クラス,1:37.8,1.1,晴,1.0,2.0,3中山5,4歳以上1勝クラス,1:52.5,-0.1,晴,3.0,1.0,3中山2,4歳以上1勝クラス,1:53.9,0.1,晴,2.0,2.0,2中山1,4歳以上1勝クラス,1:53.5,0.4,晴,3.0,10.0,1東京7,4歳以上1勝クラス,1:37.5,0.3,晴,13.5,7.0,2026-09-27 02:50:48,jra,2026-09-27,54.71,72.1,49.8,69.6,3.5,63.7,48.8,履歴少 / 安定感 / 市場オッズ妙味
202606040908,2026-09-27,8,メディチパワー,11.0,6.0,木幡巧,55.0,,1.0,3.0,4中山2,3歳以上1勝クラス,1:52.2,-0.2,雨,6.0,2.0,2新潟4,3歳以上1勝クラス,1:55.2,1.0,晴,4.0,9.0,2東京9,3歳1勝クラス,1:37.3,0.9,曇,1.0,5.0,3中山7,3歳未勝利,1:54.8,-0.2,晴,2.0,6.0,3中山3,3歳未勝利,1:54.4,0.5,雨,11.2,4.0,2026-09-27 02:50:48,jra,2026-09-27,69.27,84.5,61.2,75.1,63.5,67.4,48.8,履歴少 / 安定感 / 過小評価傾向
202606040908,2026-09-27,8,レッドライトニング,14.0,8.0,ルメール,58.0,,4.0,6.0,2札幌2,オールスターJ第3戦(2勝クラス),1:45.6,0.5,晴,11.0,8.0,1函館7,竜飛崎特別(2勝クラス),1:46.4,0.9,晴,3.0,3.0,1函館4,檜山特別(2勝クラス),1:45.4,1.1,小雨,2.0,6.0,1福島3,ラジオ福島賞(2勝クラス),1:45.2,0.1,晴,8.0,11.0,1東京6,4歳以上2勝クラス,1:33.3,0.7,晴,3.5,1.0,2026-09-27 02:50:48,jra,2026-09-27,59.49,62.7,55.3,64.7,62.0,59.2,51.8,クラス条件好転 / 安定感
202606040908,2026-09-27,8,ロードソルスティス,2.0,2.0,横山琉,58.0,,14.0,7.0,2新潟4,苗場特別(2勝クラス),1:54.9,2.5,曇,1.0,5.0,3中山3,4歳以上1勝クラス,1:53.5,-0.1,雨,3.0,8.0,2中山6,4歳以上1勝クラス,1:54.2,0.7,晴,5.0,8.0,2中山1,4歳以上1勝クラス,1:55.0,1.9,晴,13.0,7.0,4東京1,3歳以上1勝クラス,1:40.2,2.1,曇,12.7,6.0,2026-09-27 02:50:48,jra,2026-09-27,46.38,51.9,47.7,59.3,0.0,60.2,48.8,履歴少 / 市場オッズ妙味
202609040908,2026-09-27,8,ワンダーイロネ,8.0,6.0,高倉,56.0,,7.0,10.0,4阪神6,3歳以上1勝クラス,1:33.4,0.8,晴,8.0,8.0,3京都11,4歳以上1勝クラス,1:33.8,0.5,晴,5.0,9.0,3京都7,4歳以上1勝クラス,1:33.4,0.1,晴,10.0,4.0,3京都5,4歳以上1勝クラス,1:25.4,1.6,晴,5.0,6.0,4阪神2,3歳以上1勝クラス,1:25.4,1.4,晴,18.4,9.0,2026-09-27 03:35:03,jra,2026-09-27,51.07,51.3,56.5,30.1,50.0,61.8,48.8,前走人気以上 / 履歴少 / 市場オッズ妙味
202609040908,2026-09-27,8,ヴィーナスバブル,5.0,5.0,松若,56.0,,2.0,7.0,2小倉8,筑紫特別(1勝クラス),1:47.1,0.6,晴,7.0,7.0,2小倉6,3歳以上1勝クラス,1:48.8,0.6,晴,8.0,8.0,2小倉2,3歳以上1勝クラス,1:47.9,0.6,晴,11.0,9.0,1新潟1,4歳以上1勝クラス,1:57.5,2.3,晴,5.0,8.0,2阪神5,4歳以上1勝クラス,1:52.9,0.7,晴,17.5,8.0,2026-09-27 03:35:03,jra,2026-09-27,60.67,59.6,60.8,40.7,84.5,67.9,48.8,前走人気以上 / 近走上向き / 過小評価傾向 / 市場オッズ妙味
202606040908,2026-09-27,8,ヴォルスター,1.0,1.0,石橋脩,58.0,,8.0,10.0,2新潟8,瀬波温泉特別(2勝クラス),1:53.3,0.9,晴,11.0,11.0,1新潟8,障害4歳以上未勝利,3:20.7,9.2,曇,12.0,10.0,1新潟1,障害4歳以上未勝利,3:19.8,7.1,晴,11.0,12.0,1阪神9,4歳以上2勝クラス,1:55.0,3.1,晴,10.0,11.0,2中山4,4歳以上2勝クラス,1:55.4,1.7,晴,23.4,10.0,2026-09-27 02:50:48,jra,2026-09-27,40.66,26.5,53.2,0.0,68.0,53.0,48.8,履歴少 / 近走上向き
202609040909,2026-09-27,9,アットアブラスト,8.0,7.0,西塚,54.0,,9.0,6.0,3阪神3,三田特別(2勝クラス),2:13.0,2.0,晴,1.0,7.0,3京都6,4歳以上1勝クラス,2:11.2,-0.1,晴,4.0,9.0,2阪神7,4歳以上1勝クラス,2:27.9,0.4,晴,9.0,6.0,1阪神10,4歳以上1勝クラス,2:28.5,1.4,曇,8.0,8.0,2京都3,4歳以上1勝クラス,2:28.7,1.0,曇,75.0,11.0,2026-09-27 03:05:03,jra,2026-09-27,52.56,60.7,57.9,44.7,29.0,56.8,48.8,履歴少
202609040909,2026-09-27,9,シャドウマスター,3.0,3.0,北村友,53.0,,14.0,7.0,3中京4,熊野特別(2勝クラス),2:13.2,1.2,晴,8.0,10.0,2東京1,テレビ東京杯青葉賞(GII),2:24.6,1.6,晴,1.0,1.0,1阪神8,ゆきやなぎ賞(1勝クラス),2:26.5,0.0,曇,5.0,5.0,1京都1,3歳1勝クラス,2:01.3,0.4,曇,1.0,2.0,3京都10,2歳新馬,2:02.3,0.0,晴,22.3,8.0,2026-09-27 03:05:03,jra,2026-09-27,41.47,51.0,39.3,44.7,0.0,53.7,48.8,履歴少 / 市場オッズ妙味
202606040909,2026-09-27,9,シュヴァルツペルレ,4.0,4.0,浜中,55.0,,1.0,6.0,2札幌5,2歳新馬,1:31.5,-0.3,晴,,,,,,,,,,,,,,,,,,,,,,,,,,,,,8.7,5.0,2026-09-27 03:21:18,jra,2026-09-27,46.05,51.6,48.3,36.3,40.6,42.0,48.8,前走人気以上 / 履歴少 / サンプル少
202606040909,2026-09-27,9,シルクドマルス,2.0,2.0,坂井,55.0,,1.0,1.0,2福島7,2歳新馬,1:49.4,-0.1,曇,,,,,,,,,,,,,,,,,,,,,,,,,,,,,7.5,3.0,2026-09-27 03:21:18,jra,2026-09-27,44.14,51.6,40.6,36.3,40.6,40.6,50.0,サンプル少
202606040909,2026-09-27,9,シルバーウィル,3.0,3.0,武豊,55.0,,1.0,3.0,1札幌5,2歳新馬,1:51.3,-0.4,曇,,,,,,,,,,,,,,,,,,,,,,,,,,,,,5.2,2.0,2026-09-27 03:21:18,jra,2026-09-27,44.94,51.6,43.7,36.3,40.6,42.0,48.8,履歴少 / サンプル少
202609040909,2026-09-27,9,セイキュート,11.0,8.0,横山和,54.0,,1.0,1.0,1阪神10,4歳以上1勝クラス,2:27.1,-0.2,曇,2.0,4.0,1阪神2,4歳以上1勝クラス,2:24.9,0.0,晴,6.0,3.0,4京都6,3歳以上1勝クラス,2:24.8,0.9,晴,10.0,4.0,3京都11,3歳以上1勝クラス,2:13.9,0.6,晴,11.0,10.0,4中山2,紫苑S(GII),1:59.9,0.8,晴,7.8,2.0,2026-09-27 03:05:03,jra,2026-09-27,59.68,71.3,42.5,55.3,87.5,53.5,48.8,履歴少 / 近走上向き
202606040909,2026-09-27,9,セプタードアイル,5.0,5.0,荻野極,55.0,,1.0,5.0,2新潟1,2歳新馬,1:36.7,0.0,曇,,,,,,,,,,,,,,,,,,,,,,,,,,,,,8.3,4.0,2026-09-27 03:21:18,jra,2026-09-27,45.68,51.6,46.8,36.3,40.6,42.0,48.8,前走人気以上 / 履歴少 / サンプル少
202609040909,2026-09-27,9,ドゥラエテルノ,10.0,8.0,横山典,56.0,,13.0,7.0,3中京1,大府特別(2勝クラス),1:55.3,2.8,晴,6.0,3.0,3阪神1,加古川特別(2勝クラス),1:54.0,1.2,晴,3.0,4.0,2東京6,日吉特別(2勝クラス),2:11.7,0.2,晴,4.0,3.0,3中山8,利根川特別(2勝クラス),1:53.4,0.4,晴,4.0,1.0,1阪神1,4歳以上2勝クラス,1:53.8,0.2,晴,16.1,6.0,2026-09-27 03:05:03,jra,2026-09-27,39.52,51.7,30.2,44.7,0.0,54.0,48.8,履歴少 / 市場オッズ妙味
202609040909,2026-09-27,9,ニュークレド,4.0,4.0,斎藤,55.0,,9.0,8.0,3中京4,熊野特別(2勝クラス),2:12.7,0.7,晴,4.0,3.0,2小倉2,帆柱山特別(2勝クラス),2:44.0,0.7,晴,5.0,4.0,3京都2,比良山特別(2勝クラス),2:11.8,0.4,晴,7.0,2.0,1中京5,TAインディア賞(2勝クラス),2:15.8,0.5,晴,1.0,2.0,1中京1,鶴舞特別(1勝クラス),2:11.4,-0.4,晴,17.0,7.0,2026-09-27 03:05:03,jra,2026-09-27,48.94,61.2,40.4,55.0,21.5,57.5,48.8,履歴少 / 市場オッズ妙味
202609040909,2026-09-27,9,バンフィエルド,5.0,5.0,河原田,52.0,,17.0,17.0,3新潟3,赤倉特別(2勝クラス),2:01.5,2.9,曇,12.0,14.0,2新潟7,阿賀野川特別(2勝クラス),2:13.4,4.1,晴,8.0,9.0,3東京5,町田特別(2勝クラス),2:29.0,2.1,雨,13.0,14.0,2東京12,青嵐賞(2勝クラス),2:25.7,1.6,晴,9.0,15.0,1新潟6,信濃川特別(2勝クラス),2:01.4,0.7,晴,64.0,10.0,2026-09-27 03:05:03,jra,2026-09-27,33.17,16.0,60.2,0.0,11.0,57.4,48.8,履歴少
202609040909,2026-09-27,9,ビップヴォルフ,1.0,1.0,Ｍデムーロ,53.0,,1.0,2.0,3中京1,3歳以上1勝クラス,2:10.1,0.0,晴,3.0,1.0,2中京4,3歳以上1勝クラス,2:17.6,0.1,曇,1.0,3.0,2小倉1,3歳未勝利,2:00.2,-0.3,曇,2.0,4.0,3阪神2,3歳未勝利,2:00.8,0.8,雨,6.0,3.0,3京都1,3歳未勝利,2:13.3,0.8,晴,13.8,5.0,2026-09-27 03:05:03,jra,2026-09-27,69.34,90.7,51.3,89.7,62.0,61.2,48.8,履歴少 / 安定感 / 市場オッズ妙味
202609040909,2026-09-27,9,ブラックオリンピア,2.0,2.0,川田,55.0,,2.0,1.0,2新潟7,阿賀野川特別(2勝クラス),2:09.6,0.3,晴,3.0,1.0,2東京1,テレビ東京杯青葉賞(GII),2:23.5,0.5,晴,1.0,2.0,2阪神3,アザレア賞(1勝クラス),2:27.0,-0.3,曇,1.0,2.0,1京都8,3歳未勝利,2:15.5,-0.2,晴,3.0,1.0,4京都5,2歳未勝利,1:47.1,0.2,晴,1.5,1.0,2026-09-27 03:05:03,jra,2026-09-27,66.46,91.9,45.3,100.0,50.0,49.8,48.8,履歴少 / 安定感
202609040909,2026-09-27,9,マテンロウシルビア,6.0,6.0,太宰,53.0,,5.0,4.0,2小倉2,帆柱山特別(2勝クラス),2:44.0,0.7,晴,1.0,10.0,1小倉11,4歳以上1勝クラス,2:01.0,-0.3,晴,8.0,5.0,2京都4,4歳以上1勝クラス,1:58.3,1.6,晴,3.0,3.0,1京都5,4歳以上1勝クラス,1:55.3,0.3,晴,3.0,11.0,4京都5,3歳以上1勝クラス,1:53.9,1.0,晴,27.4,9.0,2026-09-27 03:05:03,jra,2026-09-27,65.38,75.2,65.2,80.2,42.5,64.8,48.8,履歴少 / 人気以上に走る傾向 / 安定感 / 市場オッズ妙味
202609040909,2026-09-27,9,メイショウナルカミ,9.0,7.0,松若,53.0,,12.0,6.0,3中京4,熊野特別(2勝クラス),2:13.0,1.0,晴,1.0,3.0,2中京4,3歳以上1勝クラス,2:17.5,-0.1,曇,7.0,2.0,1中京6,大寒桜賞(1勝クラス),2:20.2,6.1,晴,1.0,2.0,1中京2,3歳未勝利,2:12.5,0.0,晴,2.0,2.0,1小倉10,3歳未勝利,2:01.0,0.5,晴,12.9,3.0,2026-09-27 03:05:03,jra,2026-09-27,44.64,62.9,34.8,49.8,0.0,55.7,48.8,履歴少 / 市場オッズ妙味
202609040909,2026-09-27,9,メディテラニアン,7.0,6.0,吉村,57.0,,3.0,4.0,3阪神3,三田特別(2勝クラス),2:11.1,0.1,晴,2.0,2.0,3京都5,鴨川特別(2勝クラス),1:58.4,0.2,晴,4.0,1.0,1中京1,茶臼山高原特別(2勝クラス),1:59.3,0.4,晴,8.0,4.0,1東京2,4歳以上2勝クラス,1:59.8,2.1,晴,2.0,1.0,5中京6,名古屋日刊スポーツ杯(2勝クラス),2:03.0,0.1,雨,13.0,4.0,2026-09-27 03:05:03,jra,2026-09-27,62.33,79.4,43.2,85.4,56.0,56.4,48.8,履歴少 / 安定感 / 市場オッズ妙味
202606040909,2026-09-27,9,ユーダブルワン,6.0,6.0,松山,55.0,,1.0,3.0,2小倉8,2歳新馬,1:50.7,-0.4,晴,,,,,,,,,,,,,,,,,,,,,,,,,,,,,21.5,7.0,2026-09-27 03:21:18,jra,2026-09-27,45.07,51.6,43.7,36.3,40.6,42.0,50.0,サンプル少
202606040909,2026-09-27,9,リサナウト,7.0,7.0,ルメール,55.0,,1.0,1.0,2福島6,2歳新馬,1:49.9,-0.5,小雨,,,,,,,,,,,,,,,,,,,,,,,,,,,,,1.7,1.0,2026-09-27 03:21:18,jra,2026-09-27,44.14,51.6,40.6,36.3,40.6,40.6,50.0,サンプル少
202606040909,2026-09-27,9,リリカルフレア,1.0,1.0,戸崎圭,55.0,,1.0,1.0,2新潟2,2歳未勝利,1:22.0,-0.3,小雨,2.0,1.0,3東京1,2歳新馬,1:22.2,0.0,晴,,,,,,,,,,,,,,,,,,,,,,11.2,6.0,2026-09-27 03:21:18,jra,2026-09-27,54.84,71.0,43.8,48.4,48.8,56.5,48.8,履歴少 / サンプル少
202606040910,2026-09-27,10,アイキャンドウイッ,11.0,6.0,ミシェル,58.0,,8.0,12.0,3中京2,有松特別(2勝クラス),1:33.1,0.4,晴,11.0,8.0,4中山9,茨城新聞杯(2勝クラス),2:00.0,1.2,晴,6.0,4.0,2福島4,白河特別(2勝クラス),1:49.1,0.9,晴,4.0,3.0,3阪神6,高砂特別(2勝クラス),2:01.3,0.7,晴,4.0,6.0,3中山3,4歳以上2勝クラス,1:33.5,0.4,晴,35.1,14.0,2026-09-27 02:56:48,jra,2026-09-27,45.81,49.2,50.9,24.9,39.5,51.6,48.8,前走人気以上 / 履歴少
202606040910,2026-09-27,10,コスモイシュタル,4.0,2.0,松岡,56.0,,3.0,4.0,2福島8,猪苗代特別(2勝クラス),2:00.6,0.4,晴,3.0,4.0,2福島2,松島特別(2勝クラス),1:57.7,0.3,晴,3.0,4.0,2東京10,国分寺特別(2勝クラス),1:46.3,0.2,曇,3.0,4.0,1新潟1,胎内川特別(2勝クラス),1:47.7,0.0,晴,1.0,4.0,1福島2,4歳以上1勝クラス,1:58.9,-0.3,晴,8.9,4.0,2026-09-27 02:56:48,jra,2026-09-27,69.59,85.7,58.4,100.0,47.0,63.9,50.0,安定感
202609040910,2026-09-27,10,ゴッドエスパーダ,2.0,2.0,角田和,58.0,,4.0,2.0,3中京4,白川郷S(3勝クラス),1:58.3,0.6,晴,1.0,1.0,3京都12,與杼特別(2勝クラス),1:51.1,-0.3,晴,2.0,1.0,3京都8,4歳以上2勝クラス,1:57.9,0.0,晴,5.0,2.0,1京都4,五条坂特別(2勝クラス),1:59.8,0.6,晴,2.0,1.0,5阪神3,赤穂特別(2勝クラス),2:05.3,0.3,晴,10.3,5.0,2026-09-27 02:40:33,jra,2026-09-27,63.56,85.6,40.6,100.0,41.0,55.4,51.8,クラス条件好転 / 履歴少 / 安定感
202606040910,2026-09-27,10,サンライズバブル,10.0,5.0,田辺,58.0,,4.0,6.0,4阪神4,能勢特別(2勝クラス),2:00.1,0.3,晴,1.0,5.0,3中山7,4歳以上1勝クラス,1:58.1,0.0,晴,7.0,3.0,1中京6,4歳以上1勝クラス,2:12.2,0.6,晴,4.0,4.0,1中京1,鶴舞特別(1勝クラス),2:11.9,0.5,晴,5.0,5.0,1阪神2,4歳以上1勝クラス,2:25.5,0.6,晴,6.0,3.0,2026-09-27 02:56:48,jra,2026-09-27,63.7,76.4,55.7,80.2,51.5,58.9,48.8,履歴少 / 安定感
202609040910,2026-09-27,10,ショウナンバンライ,10.0,7.0,池添,55.0,,6.0,2.0,2新潟6,レパードS(GIII),1:52.1,0.9,晴,1.0,1.0,2小倉6,八女特別(2勝クラス),1:45.4,-0.9,晴,1.0,6.0,3阪神5,3歳以上1勝クラス,1:51.2,-0.8,雨,10.0,10.0,1阪神9,若葉S(L),2:00.4,1.9,晴,1.0,2.0,1阪神4,3歳未勝利,2:02.0,-0.1,晴,2.1,1.0,2026-09-27 02:40:33,jra,2026-09-27,57.7,77.3,49.1,55.0,33.5,54.5,60.1,クラス条件好転 / n適性
202606040910,2026-09-27,10,ジェットブレード,13.0,7.0,菊沢,58.0,,4.0,14.0,3中京4,熊野特別(2勝クラス),2:12.3,0.3,晴,10.0,7.0,2福島8,猪苗代特別(2勝クラス),2:01.8,1.6,晴,6.0,12.0,1新潟6,信濃川特別(2勝クラス),2:01.3,0.6,晴,10.0,6.0,3京都2,比良山特別(2勝クラス),2:12.6,1.2,晴,4.0,6.0,1中京5,TAインディア賞(2勝クラス),2:15.6,0.3,晴,23.9,10.0,2026-09-27 02:56:48,jra,2026-09-27,59.58,53.9,71.7,40.7,71.0,63.4,50.0,前走人気以上 / 人気以上に走る傾向 / 近走上向き / 市場オッズ妙味
202609040910,2026-09-27,10,ジャイアンバローズ,5.0,5.0,川田,55.0,,1.0,2.0,4阪神1,出石特別(2勝クラス),1:52.3,0.0,晴,1.0,6.0,3京都8,3歳1勝クラス,1:51.8,-0.2,晴,5.0,9.0,1新潟1,わらび賞(1勝クラス),1:53.9,0.7,晴,1.0,3.0,1小倉9,3歳未勝利,1:46.9,0.0,晴,5.0,4.0,2京都2,3歳未勝利,2:03.1,1.8,晴,10.7,6.0,2026-09-27 02:40:33,jra,2026-09-27,75.28,90.4,67.7,100.0,62.0,67.2,48.8,履歴少 / 人気以上に走る傾向 / 安定感 / 過小評価傾向
202606040910,2026-09-27,10,ジャンビ,18.0,8.0,石橋脩,56.0,,11.0,14.0,3新潟3,赤倉特別(2勝クラス),2:00.1,1.5,曇,5.0,8.0,2新潟5,三面川特別(2勝クラス),1:45.9,0.8,晴,15.0,9.0,1新潟6,信濃川特別(2勝クラス),2:02.2,1.5,晴,11.0,11.0,3中山8,野島崎特別(2勝クラス),1:58.8,1.4,晴,6.0,9.0,2中山5,房総特別(2勝クラス),2:00.5,0.4,晴,86.7,18.0,2026-09-27 02:56:48,jra,2026-09-27,42.33,32.1,55.5,24.9,39.5,52.9,48.8,前走人気以上 / 履歴少
202606040910,2026-09-27,10,スイートオレンジ,1.0,1.0,西村淳,56.0,,5.0,9.0,3中京4,熊野特別(2勝クラス),2:12.6,0.6,晴,1.0,3.0,2新潟3,燕特別(1勝クラス),2:13.2,-0.1,曇,2.0,7.0,2福島8,3歳以上1勝クラス,1:47.1,0.2,晴,7.0,5.0,1新潟4,荒川峡特別(1勝クラス),2:28.2,1.7,晴,5.0,2.0,1福島3,桑折特別(1勝クラス),1:59.1,0.6,晴,12.5,5.0,2026-09-27 02:56:48,jra,2026-09-27,66.88,78.4,64.7,85.4,42.5,64.6,50.0,前走人気以上 / 安定感 / 市場オッズ妙味
202609040910,2026-09-27,10,タマモキャリコ,12.0,8.0,吉村,58.0,,3.0,9.0,3阪神6,姫路S(3勝クラス),1:51.3,0.6,晴,,10.0,1中京6,伊勢S(3勝クラス),,,晴,6.0,2.0,1阪神8,甲南S(3勝クラス),1:52.5,1.2,曇,1.0,2.0,5阪神2,豊中特別(2勝クラス),1:52.1,0.0,晴,4.0,5.0,4京都4,3歳以上2勝クラス,1:51.8,1.0,晴,15.3,7.0,2026-09-27 02:40:33,jra,2026-09-27,64.26,79.7,62.0,55.3,54.0,64.9,48.8,前走人気以上 / 履歴少 / 市場オッズ妙味
202606040910,2026-09-27,10,ダノンカゼルタ,12.0,6.0,岩田望,58.0,,6.0,4.0,4阪神2,武田尾特別(2勝クラス),1:34.3,1.8,曇,2.0,4.0,2小倉6,西部スポニチ賞(2勝クラス),2:00.1,0.2,晴,4.0,5.0,3阪神6,高砂特別(2勝クラス),2:01.3,0.9,晴,12.0,9.0,2東京12,青嵐賞(2勝クラス),2:25.6,1.5,晴,5.0,5.0,3京都5,鴨川特別(2勝クラス),1:58.9,0.7,晴,16.3,8.0,2026-09-27 02:56:48,jra,2026-09-27,56.35,65.0,47.6,55.0,48.5,62.7,55.5,n適性 / クラス条件好転 / 市場オッズ妙味
202609040910,2026-09-27,10,ダンツシタン,1.0,1.0,太宰,55.0,,2.0,3.0,3中京4,白川郷S(3勝クラス),1:57.9,0.2,晴,1.0,1.0,2中京2,遠州灘特別(2勝クラス),1:53.9,-0.4,晴,1.0,6.0,3阪神3,3歳以上1勝クラス,1:52.7,-0.1,晴,9.0,3.0,1中京1,3歳1勝クラス,1:55.1,2.4,晴,2.0,2.0,1阪神4,3歳1勝クラス,1:54.0,0.7,晴,7.7,3.0,2026-09-27 02:40:33,jra,2026-09-27,67.71,87.4,52.9,85.4,57.5,58.7,51.8,クラス条件好転 / 履歴少 / 安定感
202606040910,2026-09-27,10,トレミニョン,16.0,8.0,岩田康,56.0,,9.0,10.0,1函館12,かもめ島特別(2勝クラス),1:50.0,1.6,曇,4.0,13.0,1函館1,松前特別(2勝クラス),1:46.7,0.8,晴,12.0,7.0,2中山7,館山特別(2勝クラス),1:47.5,0.9,晴,8.0,7.0,1中山4,初咲賞(2勝クラス),1:48.2,0.3,晴,8.0,8.0,2札幌6,HTB賞(2勝クラス),1:50.2,0.6,晴,63.0,17.0,2026-09-27 02:56:48,jra,2026-09-27,47.33,43.2,59.9,24.9,44.0,54.2,50.0,総合評価
202606040910,2026-09-27,10,ドナルンバ,7.0,4.0,荻野極,53.0,,1.0,1.0,2福島5,3歳以上1勝クラス,1:58.3,-0.2,曇,3.0,4.0,2東京3,スイートピーS(L),1:46.2,0.6,晴,2.0,1.0,3中山2,ミモザ賞(1勝クラス),2:00.7,0.1,晴,2.0,4.0,2中山1,3歳1勝クラス,1:47.4,0.3,晴,4.0,8.0,1中山9,若竹賞(1勝クラス),1:46.9,0.4,晴,4.7,1.0,2026-09-27 02:56:48,jra,2026-09-27,71.42,90.8,55.3,100.0,60.5,60.5,50.0,安定感
202606040910,2026-09-27,10,ハニードレス,5.0,3.0,松山,56.0,,3.0,7.0,2札幌3,札幌日刊スポーツ杯(2勝クラス),2:02.9,0.7,晴,6.0,9.0,1函館12,かもめ島特別(2勝クラス),1:49.8,1.4,曇,12.0,6.0,1新潟1,胎内川特別(2勝クラス),1:48.4,0.7,晴,1.0,3.0,1小倉9,4歳以上1勝クラス,1:47.0,-0.4,晴,6.0,9.0,5中山4,3歳以上1勝クラス,1:49.5,0.5,曇,20.2,9.0,2026-09-27 02:56:48,jra,2026-09-27,59.49,63.6,59.7,45.0,69.5,60.2,51.8,クラス条件好転 / 前走人気以上 / 近走上向き / 市場オッズ妙味
202609040910,2026-09-27,10,バッケンレコード,7.0,6.0,川須,58.0,,9.0,3.0,2阪神6,梅田S(3勝クラス),2:05.4,0.8,晴,5.0,4.0,2京都6,北山S(3勝クラス),1:54.5,1.3,曇,1.0,1.0,1京都7,大津特別(2勝クラス),1:53.6,-0.2,晴,3.0,1.0,4京都7,栂尾特別(2勝クラス),1:53.4,0.1,晴,2.0,6.0,3京都7,聚楽第特別(2勝クラス),1:51.0,0.1,曇,25.7,9.0,2026-09-27 02:40:33,jra,2026-09-27,50.31,69.4,36.3,69.6,12.5,53.0,48.8,履歴少 / 安定感 / 市場オッズ妙味
202606040910,2026-09-27,10,フナデ,3.0,2.0,木幡巧,58.0,,10.0,10.0,2札幌6,HTB賞(2勝クラス),1:49.5,0.8,晴,6.0,11.0,1函館10,北海ハンデキャップ(2勝クラス),1:49.4,0.5,雨,11.0,11.0,3中山1,4歳以上2勝クラス,2:00.7,1.6,晴,11.0,5.0,1小倉11,別府特別(2勝クラス),2:02.1,1.2,晴,5.0,7.0,1小倉5,RKB賞(2勝クラス),1:48.6,0.9,曇,42.1,15.0,2026-09-27 02:56:48,jra,2026-09-27,41.63,37.4,54.0,10.3,39.5,51.6,50.0,前走人気以上
202606040910,2026-09-27,10,プリズマジコ,2.0,1.0,原,58.0,,,13.0,2新潟7,阿賀野川特別(2勝クラス),,,晴,5.0,2.0,2小倉6,西部スポニチ賞(2勝クラス),2:00.7,0.8,晴,10.0,12.0,2東京12,青嵐賞(2勝クラス),2:25.1,1.0,晴,13.0,7.0,1小倉11,別府特別(2勝クラス),2:02.3,1.4,晴,8.0,6.0,3京都8,3歳以上2勝クラス,1:46.3,0.6,曇,26.5,11.0,2026-09-27 02:56:48,jra,2026-09-27,44.4,39.7,35.6,24.9,82.0,44.3,57.2,n適性 / 小倉実績 / 近走上向き
202606040910,2026-09-27,10,ベネスピラ,8.0,4.0,小林美,58.0,,12.0,7.0,2札幌2,オールスターJ第4戦(2勝クラス),1:49.3,1.6,晴,11.0,6.0,1函館1,松前特別(2勝クラス),1:47.2,1.3,晴,1.0,1.0,1新潟6,4歳以上1勝クラス,2:01.4,-0.1,晴,4.0,2.0,3中山7,4歳以上1勝クラス,1:58.5,0.4,晴,2.0,6.0,3中山3,4歳以上1勝クラス,2:02.4,0.4,雨,14.2,6.0,2026-09-27 02:56:48,jra,2026-09-27,39.63,49.0,31.5,44.7,5.0,51.6,51.8,クラス条件好転 / 履歴少 / 市場オッズ妙味
202609040910,2026-09-27,10,ポルポラジール,11.0,8.0,田山,58.0,,13.0,8.0,4阪神3,竹田城S(3勝クラス),1:54.7,3.4,晴,14.0,6.0,3京都7,上賀茂S(3勝クラス),2:00.2,1.6,晴,5.0,5.0,2阪神6,梅田S(3勝クラス),2:05.3,0.7,晴,4.0,10.0,1阪神4,伊丹S(3勝クラス),1:52.9,0.2,晴,15.0,8.0,5阪神7,摩耶S(3勝クラス),1:55.6,2.8,晴,40.9,11.0,2026-09-27 02:40:33,jra,2026-09-27,31.99,25.7,26.5,34.3,29.0,42.6,48.8,履歴少
202606040910,2026-09-27,10,マイネルバーテクス,15.0,7.0,丹内,58.0,,11.0,14.0,2札幌3,札幌日刊スポーツ杯(2勝クラス),2:04.1,1.9,晴,4.0,11.0,5東京4,3歳以上2勝クラス,1:45.8,0.3,晴,6.0,12.0,3京都8,3歳以上2勝クラス,1:46.2,0.5,曇,11.0,13.0,2札幌6,HTB賞(2勝クラス),1:50.6,1.0,晴,8.0,8.0,2札幌3,札幌日刊スポーツ杯(2勝クラス),2:05.1,1.6,曇,34.2,13.0,2026-09-27 02:56:48,jra,2026-09-27,51.38,44.3,78.9,24.9,27.5,63.3,48.8,前走人気以上 / 履歴少 / 人気以上に走る傾向
202606040910,2026-09-27,10,マテンロウギフト,17.0,8.0,戸崎圭,58.0,,,,3京都10,聖護院特別(2勝クラス),,,晴,8.0,2.0,1小倉5,RKB賞(2勝クラス),1:48.9,1.2,曇,1.0,6.0,3福島3,土湯温泉特別(1勝クラス),1:46.9,0.0,晴,8.0,7.0,4阪神9,3歳以上1勝クラス,1:46.3,0.9,曇,1.0,1.0,2小倉6,3歳未勝利,1:49.4,-0.1,曇,43.5,16.0,2026-09-27 02:56:48,jra,2026-09-27,48.09,68.2,43.4,30.1,22.0,51.0,51.8,クラス条件好転 / 履歴少
202609040910,2026-09-27,10,マテンロウブレイブ,6.0,5.0,横山典,58.0,,9.0,2.0,4阪神3,竹田城S(3勝クラス),1:53.1,1.8,晴,4.0,1.0,3京都11,桃山S(3勝クラス),1:52.0,0.6,晴,1.0,1.0,2阪神4,4歳以上2勝クラス,1:50.2,-0.5,晴,4.0,1.0,1小倉10,和布刈特別(2勝クラス),1:46.1,0.4,晴,5.0,1.0,1小倉2,響灘特別(2勝クラス),1:46.0,0.2,晴,6.8,2.0,2026-09-27 02:40:33,jra,2026-09-27,46.57,67.8,23.9,69.6,17.0,47.1,48.8,履歴少 / 安定感
202609040910,2026-09-27,10,マンオブザマッチ,9.0,7.0,斎藤,58.0,,10.0,5.0,1札幌7,報知杯大雪H(3勝クラス),1:46.9,2.5,晴,8.0,7.0,3京都11,桃山S(3勝クラス),1:52.7,1.3,晴,1.0,3.0,1新潟4,五泉特別(2勝クラス),1:52.1,-0.4,晴,1.0,2.0,1小倉10,4歳以上1勝クラス,1:46.8,-0.6,晴,2.0,6.0,5阪神5,3歳以上1勝クラス,1:53.5,0.0,晴,37.5,10.0,2026-09-27 02:40:33,jra,2026-09-27,47.53,63.3,44.3,44.7,8.0,56.9,48.8,履歴少 / 市場オッズ妙味
202606040910,2026-09-27,10,ミツカネベネラ,6.0,3.0,野中,53.0,,16.0,18.0,2東京10,優駿牝馬(GI),2:27.0,1.4,曇,6.0,11.0,2東京3,スイートピーS(L),1:46.5,0.9,晴,14.0,12.0,1東京5,デイリー杯クイーンC(GIII),1:34.5,1.9,晴,12.0,8.0,5阪神4,阪神ジュベナイルF(GI),1:33.8,1.2,晴,2.0,9.0,4東京8,アルテミスS(GIII),1:34.1,0.3,雨,15.5,7.0,2026-09-27 02:56:48,jra,2026-09-27,36.9,26.2,61.2,10.3,5.0,58.3,48.8,履歴少 / 市場オッズ妙味
202609040910,2026-09-27,10,メイショウコガシラ,8.0,6.0,高倉,58.0,,5.0,7.0,2中京5,三河S(3勝クラス),1:53.7,0.6,晴,7.0,15.0,2小倉1,薩摩S(3勝クラス),1:44.0,1.1,曇,7.0,7.0,1新潟1,障害4歳以上未勝利,3:15.0,2.3,晴,8.0,4.0,1阪神8,障害4歳以上未勝利,3:27.8,2.6,曇,5.0,6.0,1小倉10,障害4歳以上未勝利,3:18.6,1.4,晴,51.3,12.0,2026-09-27 02:40:33,jra,2026-09-27,56.77,57.3,64.9,40.7,60.5,58.1,48.8,履歴少
202609040910,2026-09-27,10,ラフエイジアン,4.0,4.0,田口,58.0,,4.0,10.0,2新潟3,柳都S(3勝クラス),1:53.5,0.5,曇,9.0,5.0,2福島2,鶴ヶ城S(3勝クラス),1:46.7,2.5,晴,6.0,8.0,3中山7,下総S(3勝クラス),1:52.5,0.8,晴,5.0,9.0,2中山3,上総S(3勝クラス),1:52.6,0.8,晴,4.0,10.0,5中山6,北総S(3勝クラス),1:51.7,0.6,曇,25.2,8.0,2026-09-27 02:40:33,jra,2026-09-27,61.46,61.7,67.0,55.3,62.0,65.4,48.8,前走人気以上 / 履歴少 / 人気以上に走る傾向 / 過小評価傾向
202609040910,2026-09-27,10,リアライズグリント,3.0,3.0,北村友,55.0,,4.0,2.0,盛岡,不来方賞(JpnII),2:04.2,3.3,曇,3.0,4.0,大井,東京ダービー競走(JpnI),2:05.2,0.8,晴,4.0,2.0,大井,羽田盃競走(JpnI),1:53.5,0.8,曇,1.0,3.0,大井,雲取賞競走(JpnIII),1:54.0,0.0,晴,1.0,1.0,1京都6,3歳未勝利,1:54.5,-1.0,晴,8.5,4.0,2026-09-27 02:40:33,jra,2026-09-27,48.47,47.6,48.0,56.0,39.8,54.8,44.6,地方実績を中央換算 / クラス条件好転 / 地方実績中心 / 履歴少
202606040910,2026-09-27,10,ルージュボヤージュ,9.0,5.0,杉原,53.0,,10.0,5.0,2福島2,ラジオNIKKEI賞(GIII),1:45.9,0.7,晴,1.0,2.0,3中山7,3歳1勝クラス,1:49.4,0.0,晴,5.0,4.0,1東京8,3歳1勝クラス,1:33.9,0.7,晴,1.0,1.0,2福島6,2歳新馬,1:53.6,-0.7,晴,,,,,,,,5.2,2.0,2026-09-27 02:56:48,jra,2026-09-27,48.62,68.5,38.5,59.3,4.0,53.0,51.8,クラス条件好転 / 履歴少
202606040910,2026-09-27,10,レイヤードレッド,14.0,7.0,嶋田,58.0,,6.0,11.0,4中山5,九十九里特別(2勝クラス),2:33.7,1.2,曇,9.0,8.0,1札幌1,ライラック賞(2勝クラス),2:42.2,1.2,曇,8.0,12.0,1函館10,北海ハンデキャップ(2勝クラス),1:49.6,0.7,雨,7.0,6.0,1函館5,洞爺湖特別(2勝クラス),2:00.8,0.7,晴,7.0,9.0,1函館1,松前特別(2勝クラス),1:46.9,1.0,晴,29.2,12.0,2026-09-27 02:56:48,jra,2026-09-27,49.55,48.9,64.9,0.0,60.5,57.4,50.0,前走人気以上
202606040911,2026-09-27,11,アイサンサン,2.0,1.0,幸,56.0,,13.0,13.0,2東京8,ヴィクトリアマイル(GI),1:31.8,0.9,晴,1.0,12.0,1中京4,愛知杯(GIII),1:19.6,0.0,曇,1.0,2.0,1阪神2,戎橋S(3勝クラス),1:20.4,-0.1,晴,6.0,5.0,1東京2,節分S(3勝クラス),1:21.5,0.5,晴,10.0,3.0,4京都1,清水S(3勝クラス),1:33.6,0.6,晴,41.4,15.0,2026-09-27 03:35:23,jra,2026-09-27,49.68,57.5,64.5,44.7,0.0,56.1,48.8,履歴少
202609040911,2026-09-27,11,アクートゥス,7.0,4.0,西塚,57.0,,3.0,7.0,3東京4,パラダイスS(L),1:20.6,0.3,曇,2.0,10.0,1新潟4,谷川岳S(L),1:21.1,0.0,晴,6.0,13.0,3中山6,春雷S(L),1:07.8,0.2,晴,12.0,9.0,2阪神2,六甲S(L),1:33.3,1.3,晴,14.0,7.0,5東京4,オーロC(L),1:20.8,0.9,晴,13.3,8.0,2026-09-27 03:16:33,jra,2026-09-27,66.27,62.1,74.0,55.3,83.0,69.0,48.8,前走人気以上 / 履歴少 / 人気以上に走る傾向 / 近走上向き
202609040911,2026-09-27,11,アサヒ,6.0,3.0,田口,57.0,,11.0,11.0,3京都10,都大路S(L),1:44.8,1.4,晴,16.0,18.0,3京都2,読売マイラーズC(GII),1:32.5,0.8,曇,9.0,13.0,2阪神2,六甲S(L),1:32.8,0.8,晴,13.0,14.0,2中山6,東風S(L),1:32.9,0.9,晴,15.0,15.0,1東京6,バレンタインS(OP),1:24.6,1.6,晴,37.5,14.0,2026-09-27 03:16:33,jra,2026-09-27,38.53,13.8,60.0,0.0,63.5,55.5,48.8,履歴少
202609040911,2026-09-27,11,インヴォーグ,13.0,7.0,小沢,55.0,,1.0,2.0,4阪神4,仲秋S(3勝クラス),1:33.6,0.0,曇,6.0,4.0,1函館9,五稜郭S(3勝クラス),1:48.7,0.4,曇,8.0,1.0,3京都8,錦S(3勝クラス),1:32.9,0.3,晴,3.0,2.0,2阪神8,立雲峡S(3勝クラス),1:31.8,0.2,曇,6.0,7.0,1小倉1,小倉牝馬S(GIII),1:58.3,0.2,晴,7.9,4.0,2026-09-27 03:16:33,jra,2026-09-27,56.9,72.5,38.7,45.0,78.5,53.6,50.0,近走上向き
202606040911,2026-09-27,11,ウインカーネリアン,14.0,7.0,三浦,58.0,,3.0,3.0,2札幌2,キーンランドC(GIII),1:08.0,0.3,晴,3.0,7.0,1中京6,高松宮記念(GI),1:06.6,0.3,晴,11.0,3.0,シャティン,香港スプリント(GI),,,,1.0,11.0,4中山9,スプリンターズS(GI),1:06.9,0.0,晴,5.0,1.0,2札幌2,キーンランドC(GIII),1:08.4,0.2,晴,12.5,6.0,2026-09-27 03:35:23,jra,2026-09-27,63.58,72.0,53.2,80.2,62.0,62.0,48.8,履歴少 / 安定感 / 市場オッズ妙味
202609040911,2026-09-27,11,エイシンディード,2.0,1.0,川又,55.0,,15.0,6.0,2札幌2,キーンランドC(GIII),1:09.2,1.5,晴,6.0,2.0,3京都11,葵S(GIII),1:08.0,0.4,晴,2.0,8.0,1中京3,中スポ賞ファルコンS(GIII),1:20.0,0.2,晴,4.0,6.0,4京都3,デイリー杯2歳S(GII),1:34.2,1.1,晴,1.0,9.0,1函館12,函館2歳S(GIII),1:08.4,-0.3,晴,7.9,3.0,2026-09-27 03:16:33,jra,2026-09-27,43.62,54.6,40.0,44.7,0.0,60.7,48.8,履歴少
202606040911,2026-09-27,11,エーティーマクフィ,8.0,4.0,富田,58.0,,4.0,4.0,2札幌2,キーンランドC(GIII),1:08.0,0.3,晴,2.0,4.0,1函館1,函館スプリントS(GIII),1:07.6,0.2,晴,8.0,5.0,1中京6,高松宮記念(GI),1:07.2,0.9,晴,8.0,4.0,2京都2,シルクロードS(GIII),1:08.3,0.3,曇,1.0,7.0,4京都8,京阪杯(GIII),1:07.4,-0.1,晴,19.9,10.0,2026-09-27 03:35:23,jra,2026-09-27,60.26,71.5,49.6,65.7,54.5,64.6,48.8,履歴少 / 安定感 / 市場オッズ妙味
202606040911,2026-09-27,11,サウンドモリアーナ,5.0,3.0,吉田隼,56.0,,1.0,5.0,2札幌2,キーンランドC(GIII),1:07.7,-0.2,晴,6.0,8.0,2小倉4,TV西日本北九州記念(GIII),1:08.6,0.6,小雨,1.0,3.0,1福島6,モルガナイトS(OP),1:07.5,-0.1,晴,1.0,7.0,3中山2,船橋S(3勝クラス),1:07.8,-0.1,晴,3.0,6.0,5阪神8,カウントダウンS(3勝クラス),1:08.5,0.1,晴,27.3,11.0,2026-09-27 03:35:23,jra,2026-09-27,72.98,88.4,73.1,75.1,60.5,67.3,50.0,前走人気以上 / 人気以上に走る傾向 / 安定感 / 過小評価傾向
202609040911,2026-09-27,11,サブマリーナ,10.0,5.0,川田,58.0,,11.0,4.0,2東京5,エプソムC(GIII),1:46.0,0.7,晴,2.0,1.0,1阪神6,大阪城S(L),1:44.1,0.1,晴,9.0,4.0,1京都7,日経新春杯(GII),2:26.5,0.8,晴,16.0,6.0,3京都2,京都大賞典(GII),2:25.1,1.2,曇,4.0,3.0,4阪神3,チャレンジC(GIII),1:58.2,0.2,曇,5.9,2.0,2026-09-27 03:16:33,jra,2026-09-27,34.09,44.0,15.5,35.3,30.5,37.8,48.8,履歴少
202609040911,2026-09-27,11,ショウナンガルフ,14.0,7.0,田山,55.0,,12.0,15.0,2福島2,ラジオNIKKEI賞(GIII),1:46.0,0.8,晴,17.0,17.0,2東京12,東京優駿(GI),2:24.2,1.5,晴,9.0,5.0,2京都4,きさらぎ賞(GIII),1:49.0,1.0,曇,14.0,3.0,5中山7,ホープフルS(GI),2:02.4,1.4,曇,1.0,1.0,2札幌5,札幌2歳S(GIII),1:50.6,0.0,曇,29.3,12.0,2026-09-27 03:16:33,jra,2026-09-27,32.31,21.1,39.6,10.3,39.5,43.1,48.8,前走人気以上 / 履歴少
202606040911,2026-09-27,11,ジューンブレア,4.0,2.0,坂井,56.0,,17.0,6.0,1中京6,高松宮記念(GI),1:08.6,2.3,晴,11.0,2.0,5阪神7,阪神C(GII),1:20.0,1.0,晴,2.0,7.0,4中山9,スプリンターズS(GI),1:06.9,0.0,晴,2.0,1.0,3中京6,CBC賞(GIII),1:07.5,0.1,曇,2.0,3.0,1函館1,函館スプリントS(GIII),1:06.6,0.0,曇,31.0,13.0,2026-09-27 03:35:23,jra,2026-09-27,33.27,46.1,17.5,44.7,0.0,42.3,48.8,履歴少
202609040911,2026-09-27,11,スカイロケット,3.0,2.0,高田,57.0,,12.0,12.0,2東京9,欅S(OP),1:24.8,2.8,曇,7.0,13.0,2京都5,洛陽S(L),1:34.6,0.6,晴,5.0,11.0,1京都8,睦月S(OP),1:34.3,0.2,晴,13.0,18.0,5東京4,オーロC(L),1:20.7,0.8,晴,7.0,11.0,3新潟2,朱鷺S(L),1:21.0,0.5,晴,40.2,15.0,2026-09-27 03:16:33,jra,2026-09-27,47.91,36.0,76.8,19.8,26.0,64.6,48.8,履歴少 / 人気以上に走る傾向
202606040911,2026-09-27,11,スターアニス,9.0,5.0,ルメール,54.0,,12.0,1.0,2東京10,優駿牝馬(GI),2:26.4,0.8,曇,1.0,1.0,2阪神6,桜花賞(GI),1:31.5,-0.4,晴,1.0,2.0,5阪神4,阪神ジュベナイルF(GI),1:32.6,-0.2,晴,2.0,1.0,4中京4,中京2歳S(GIII),1:19.4,0.0,晴,1.0,4.0,2小倉5,2歳未勝利,1:08.0,-1.1,晴,4.0,1.0,2026-09-27 03:35:23,jra,2026-09-27,47.5,72.1,29.1,69.6,0.0,50.7,48.8,履歴少 / 安定感
202609040911,2026-09-27,11,ダノンセンチュリー,1.0,1.0,横山和,57.0,,11.0,2.0,2新潟2,関屋記念(GIII),1:35.9,3.5,雨,9.0,2.0,2東京3,京王杯スプリングC(GII),1:19.5,0.6,晴,1.0,2.0,1東京6,雲雀S(3勝クラス),1:34.0,-0.1,晴,1.0,1.0,5東京3,3歳以上2勝クラス,1:33.4,-0.3,晴,1.0,1.0,4東京5,3歳以上1勝クラス,1:33.1,-0.2,曇,5.3,1.0,2026-09-27 03:16:33,jra,2026-09-27,38.64,59.7,20.0,44.7,2.0,47.3,48.8,履歴少
202606040911,2026-09-27,11,パンジャタワー,13.0,7.0,松山,58.0,,2.0,1.0,2札幌2,キーンランドC(GIII),1:07.9,0.2,晴,5.0,4.0,3東京2,安田記念(GI),1:32.2,0.1,曇,4.0,3.0,1中京6,高松宮記念(GI),1:06.7,0.4,晴,5.0,2.0,キングアブドゥル,1351ターフスプリント(GII),,,,5.0,3.0,ランドウィック,ゴールデンイーグル,,,,5.3,2.0,2026-09-27 03:35:23,jra,2026-09-27,63.3,76.9,40.2,100.0,66.5,51.9,48.8,履歴少 / 近走上向き / 安定感
202609040911,2026-09-27,11,ビップデイジー,15.0,8.0,北村友,55.0,,11.0,13.0,3東京6,府中牝馬S(GIII),1:47.0,1.5,曇,5.0,9.0,2阪神5,サンスポ杯阪神牝馬S(GII),1:32.0,0.4,晴,10.0,6.0,1京都8,睦月S(OP),1:34.7,0.6,晴,10.0,4.0,5中山5,ターコイズS(GIII),1:33.4,0.4,曇,6.0,9.0,3京都7,秋華賞(GI),1:59.0,0.7,曇,12.6,7.0,2026-09-27 03:16:33,jra,2026-09-27,42.13,38.8,51.7,24.9,30.5,52.2,48.8,履歴少 / 市場オッズ妙味
202606040911,2026-09-27,11,ピューロマジック,16.0,8.0,岩田望,56.0,,2.0,2.0,4阪神2,産経賞セントウルS(GII),1:07.0,0.1,曇,1.0,1.0,2新潟4,アイビスサマーD(GIII),0:53.5,-0.5,晴,1.0,6.0,1函館1,函館スプリントS(GIII),1:07.4,-0.2,晴,13.0,17.0,1中京6,高松宮記念(GI),1:07.7,1.4,晴,16.0,9.0,2中山1,オーシャンS(GIII),1:08.3,1.3,晴,17.3,8.0,2026-09-27 03:35:23,jra,2026-09-27,67.09,73.2,55.9,75.1,84.5,65.3,48.8,履歴少 / 近走上向き / 安定感 / 過小評価傾向
202609040911,2026-09-27,11,ファインライン,12.0,6.0,小崎,57.0,,11.0,16.0,3阪神6,しらさぎS(GIII),1:34.1,0.9,晴,15.0,15.0,3京都2,読売マイラーズC(GII),1:32.3,0.6,曇,1.0,9.0,1阪神6,岸和田S(3勝クラス),1:32.8,-0.1,晴,11.0,10.0,1東京6,雲雀S(3勝クラス),1:34.7,0.7,晴,10.0,12.0,5中山8,2025ファイナルS(3勝クラス),1:34.8,1.2,晴,13.5,10.0,2026-09-27 03:16:33,jra,2026-09-27,46.92,31.6,72.1,19.8,39.5,62.6,48.8,前走人気以上 / 履歴少 / 人気以上に走る傾向 / 市場オッズ妙味
202606040911,2026-09-27,11,フリッカージャブ,15.0,8.0,西村淳,58.0,,1.0,1.0,4阪神2,産経賞セントウルS(GII),1:06.9,-0.1,曇,1.0,1.0,2小倉4,TV西日本北九州記念(GIII),1:08.0,0.0,小雨,1.0,1.0,3京都7,鞍馬S(OP),1:06.4,-0.2,晴,6.0,4.0,2中山1,オーシャンS(GIII),1:07.3,0.3,晴,1.0,1.0,4新潟1,北陸S(3勝クラス),1:08.0,-0.4,曇,7.0,3.0,2026-09-27 03:35:23,jra,2026-09-27,68.0,94.2,48.0,85.4,57.5,57.0,50.0,安定感
202606040911,2026-09-27,11,ブラックチャリス,12.0,6.0,浜中,54.0,,6.0,2.0,1札幌6,UHB賞(OP),1:08.9,0.5,晴,1.0,1.0,1函館5,青函S(OP),1:08.4,0.0,晴,15.0,10.0,2阪神6,桜花賞(GI),1:33.5,2.0,晴,1.0,5.0,1中山4,フェアリーS(GIII),1:33.6,0.0,晴,4.0,2.0,3京都10,KBSファンタジーS(GIII),1:21.0,0.1,晴,62.7,16.0,2026-09-27 03:35:23,jra,2026-09-27,50.47,65.6,37.2,49.8,45.5,49.0,48.8,履歴少
202606040911,2026-09-27,11,ペアポルックス,7.0,4.0,岩田康,58.0,,10.0,11.0,1中京6,高松宮記念(GI),1:07.4,1.1,晴,1.0,7.0,2中山1,オーシャンS(GIII),1:07.0,0.0,晴,12.0,8.0,4京都8,京阪杯(GIII),1:08.3,0.9,晴,13.0,12.0,4中山9,スプリンターズS(GI),1:07.7,0.8,晴,2.0,4.0,2札幌2,キーンランドC(GIII),1:08.3,0.1,晴,27.4,12.0,2026-09-27 03:35:23,jra,2026-09-27,47.18,45.9,57.5,35.3,32.0,54.2,48.8,履歴少
202606040911,2026-09-27,11,ママコチャ,3.0,2.0,武豊,56.0,,3.0,5.0,4阪神2,産経賞セントウルS(GII),1:07.2,0.3,曇,5.0,4.0,浦和,さきたま杯[指定交流(JpnI),1:25.9,0.6,曇,5.0,3.0,大井,東京スプリント競走(JpnIII),1:11.5,0.8,雨,9.0,4.0,1中京6,高松宮記念(GI),1:07.3,1.0,晴,4.0,3.0,2中山1,オーシャンS(GIII),1:07.1,0.1,晴,17.2,7.0,2026-09-27 03:35:23,jra,2026-09-27,54.52,52.9,45.6,63.0,66.5,57.6,51.8,地方実績を中央換算 / クラス条件好転 / 履歴少 / 近走上向き
202609040911,2026-09-27,11,メイショウシンタケ,11.0,6.0,横山典,58.0,,18.0,17.0,3阪神6,しらさぎS(GIII),1:35.3,2.1,晴,17.0,13.0,3京都12,安土城S(L),1:21.5,1.6,晴,4.0,5.0,2阪神2,六甲S(L),1:32.5,0.5,晴,10.0,16.0,2中山6,東風S(L),1:32.6,0.6,晴,10.0,10.0,5阪神3,リゲルS(L),1:32.3,0.5,晴,26.8,11.0,2026-09-27 03:16:33,jra,2026-09-27,32.85,22.0,48.4,19.8,3.5,53.0,48.8,履歴少
202609040911,2026-09-27,11,ヤマニンサンパ,4.0,2.0,池添,58.0,,13.0,9.0,2新潟5,関越S(OP),1:45.5,0.5,晴,7.0,11.0,3東京3,ジューンS(OP),1:46.5,0.5,晴,4.0,10.0,1阪神6,大阪城S(L),1:44.5,0.5,晴,15.0,12.0,1京都1,スポニチ賞京都金杯(GIII),1:34.5,0.8,曇,1.0,7.0,4阪神9,ポートアイランドS(L),1:33.0,-0.1,曇,10.6,5.0,2026-09-27 03:16:33,jra,2026-09-27,43.17,39.5,58.0,30.1,12.5,58.5,48.8,履歴少
202609040911,2026-09-27,11,ラインベック,9.0,5.0,荻野琢,58.0,,8.0,12.0,2新潟5,関越S(OP),1:45.3,0.3,晴,12.0,15.0,1新潟5,新潟大賞典(GIII),1:59.8,0.9,晴,8.0,12.0,1福島2,福島民報杯(L),1:58.9,0.5,晴,9.0,11.0,3京都11,まほろばS(L),1:32.9,0.4,晴,5.0,10.0,4阪神9,ポートアイランドS(L),1:33.3,0.3,曇,13.5,9.0,2026-09-27 03:16:33,jra,2026-09-27,50.04,37.3,74.9,10.3,53.0,65.2,48.8,前走人気以上 / 履歴少 / 人気以上に走る傾向 / 過小評価傾向
202609040911,2026-09-27,11,ラケマーダ,5.0,3.0,Ｍデムーロ,58.0,,14.0,16.0,4中山1,京成杯オータムH(GIII),1:33.1,1.1,晴,8.0,6.0,3東京4,パラダイスS(L),1:21.2,0.9,曇,4.0,18.0,2東京3,京王杯スプリングC(GII),1:19.4,0.5,晴,10.0,13.0,1小倉10,小倉大賞典(GIII),1:46.2,1.0,晴,9.0,11.0,2京都5,洛陽S(L),1:34.7,0.7,晴,12.4,6.0,2026-09-27 03:16:33,jra,2026-09-27,45.24,33.8,74.6,19.8,12.5,65.2,48.8,履歴少 / 人気以上に走る傾向 / 過小評価傾向 / 市場オッズ妙味
202606040911,2026-09-27,11,ルガル,11.0,6.0,鮫島駿,58.0,,8.0,11.0,アスコット,QE2世ジュビリーS(GI),,,,2.0,3.0,メイダン,アルクオーツスプリン(GI),,,,3.0,1.0,2中山1,オーシャンS(GIII),1:07.1,0.1,晴,1.0,3.0,5阪神7,阪神C(GII),1:19.0,0.0,晴,2.0,1.0,4京都8,京阪杯(GIII),1:07.5,0.1,晴,9.1,4.0,2026-09-27 03:35:23,jra,2026-09-27,58.66,77.0,56.7,69.6,14.0,61.3,48.8,前走人気以上 / 履歴少 / 安定感
202606040911,2026-09-27,11,レイピア,10.0,5.0,横山武,58.0,,2.0,2.0,2中京6,CBC賞(GIII),1:06.9,0.4,晴,3.0,1.0,1函館1,函館スプリントS(GIII),1:07.7,0.3,晴,5.0,8.0,1中京6,高松宮記念(GI),1:07.0,0.7,晴,2.0,5.0,2中山1,オーシャンS(GIII),1:07.0,0.0,晴,2.0,6.0,2京都2,シルクロードS(GIII),1:08.1,0.1,曇,17.8,9.0,2026-09-27 03:35:23,jra,2026-09-27,70.75,85.3,56.6,100.0,56.0,69.2,48.8,履歴少 / 安定感 / 過小評価傾向 / 市場オッズ妙味
202609040911,2026-09-27,11,レッドシュヴェルト,8.0,4.0,吉村,57.0,,10.0,12.0,3新潟1,朱鷺S(L),1:20.6,0.4,晴,6.0,8.0,3東京4,パラダイスS(L),1:21.1,0.8,曇,11.0,15.0,2東京3,京王杯スプリングC(GII),1:19.7,0.8,晴,11.0,8.0,1阪神8,米子城S(OP),1:08.4,0.7,晴,7.0,10.0,1中山6,カーバンクルS(OP),1:07.7,0.3,晴,58.9,16.0,2026-09-27 03:16:33,jra,2026-09-27,42.8,35.7,62.4,0.0,42.5,56.1,48.8,履歴少
202606040911,2026-09-27,11,レッドモンレーヴ,1.0,1.0,酒井,58.0,,16.0,7.0,4阪神2,産経賞セントウルS(GII),1:09.5,2.6,曇,2.0,15.0,1中京6,高松宮記念(GI),1:06.6,0.3,晴,8.0,10.0,1東京4,東京新聞杯(GIII),1:32.5,0.3,曇,2.0,3.0,5東京4,オーロC(L),1:19.9,0.0,晴,9.0,15.0,3京都5,MBS賞スワンS(GII),1:19.3,0.4,晴,37.2,14.0,2026-09-27 03:35:23,jra,2026-09-27,46.47,48.8,61.7,39.5,0.0,60.0,48.8,履歴少
202609040911,2026-09-27,11,レディントン,16.0,8.0,松若,57.0,,11.0,11.0,1函館10,巴賞(OP),1:49.5,2.4,雨,9.0,15.0,2東京11,アハルテケS(OP),1:36.5,1.5,晴,14.0,10.0,1東京6,バレンタインS(OP),1:24.3,1.3,晴,11.0,7.0,5東京5,霜月S(OP),1:24.6,1.3,晴,11.0,3.0,4東京1,グリーンチャンネルC(L),1:37.1,1.6,曇,32.6,13.0,2026-09-27 03:16:33,jra,2026-09-27,33.82,20.0,45.1,0.0,51.5,44.4,50.0,総合評価
202606040911,2026-09-27,11,ワールズエンド,6.0,3.0,津村,58.0,,2.0,7.0,3東京2,安田記念(GI),1:32.1,0.0,曇,1.0,3.0,2東京3,京王杯スプリングC(GII),1:18.9,0.0,晴,2.0,2.0,5阪神3,リゲルS(L),1:31.9,0.1,晴,8.0,1.0,3京都5,MBS賞スワンS(GII),1:19.2,0.3,晴,1.0,1.0,2新潟1,新潟日報賞(3勝クラス),1:19.1,-0.6,晴,10.9,5.0,2026-09-27 03:35:23,jra,2026-09-27,68.53,87.8,57.0,85.4,56.0,60.2,48.8,前走人気以上 / 履歴少 / 安定感
202606040912,2026-09-27,12,アイアムユウシュン,1.0,1.0,長浜,54.0,,9.0,5.0,2福島3,TUF杯(3勝クラス),1:08.6,1.5,晴,11.0,11.0,3中山5,卯月S(3勝クラス),1:11.1,1.2,晴,13.0,6.0,1阪神5,なにわS(3勝クラス),1:12.5,1.4,曇,6.0,9.0,2京都3,橿原S(3勝クラス),1:11.9,0.4,曇,12.0,4.0,5中山8,フェアウェルS(3勝クラス),1:12.6,1.7,晴,10.6,6.0,2026-09-27 03:27:23,jra,2026-09-27,32.45,26.7,29.1,0.0,59.0,42.2,50.0,総合評価
202609040912,2026-09-27,12,アルベリック,3.0,3.0,△柴田裕,56.0,,11.0,9.0,3新潟4,両津湾特別(2勝クラス),1:55.3,2.2,曇,6.0,9.0,3京都2,比良山特別(2勝クラス),2:12.2,0.8,晴,5.0,7.0,2阪神5,明石特別(2勝クラス),2:28.1,0.7,晴,6.0,8.0,2京都2,衣笠特別(2勝クラス),1:52.6,0.7,曇,7.0,11.0,1京都7,大津特別(2勝クラス),1:54.2,0.6,晴,47.8,11.0,2026-09-27 03:00:08,jra,2026-09-27,45.55,48.6,58.7,19.8,20.0,58.7,48.8,履歴少 / 市場オッズ妙味
202606040912,2026-09-27,12,イノセントキャット,4.0,2.0,横山武,54.0,,2.0,13.0,2新潟7,上越S(3勝クラス),1:11.8,0.1,晴,7.0,13.0,2東京1,鎌倉S(3勝クラス),1:24.8,1.1,晴,8.0,6.0,3京都7,京都開設100周年(3勝クラス),1:24.2,1.0,曇,9.0,4.0,2新潟7,上越S(3勝クラス),1:11.9,1.0,晴,1.0,1.0,2東京5,4歳以上2勝クラス,1:22.3,-0.3,晴,15.0,10.0,2026-09-27 03:27:23,jra,2026-09-27,65.14,65.2,76.0,40.7,75.5,70.1,48.8,前走人気以上 / 履歴少 / 人気以上に走る傾向 / 近走上向き
202609040912,2026-09-27,12,エンマ,12.0,8.0,高倉,58.0,,9.0,9.0,2中京3,日進特別(2勝クラス),1:55.8,3.5,晴,8.0,9.0,2小倉6,八女特別(2勝クラス),1:47.6,2.2,晴,6.0,7.0,3阪神6,3歳以上2勝クラス,1:53.3,1.3,晴,9.0,8.0,3京都12,與杼特別(2勝クラス),1:52.7,1.6,晴,8.0,5.0,2阪神1,4歳以上2勝クラス,2:06.7,1.4,晴,28.3,10.0,2026-09-27 03:00:08,jra,2026-09-27,41.75,43.6,49.9,0.0,42.5,51.5,52.5,クラス条件好転 / 市場オッズ妙味
202606040912,2026-09-27,12,カネショウレジェン,10.0,5.0,坂井,55.0,,5.0,4.0,2福島3,TUF杯(3勝クラス),1:07.9,0.8,晴,9.0,4.0,2東京1,鎌倉S(3勝クラス),1:25.1,1.4,晴,1.0,1.0,2中山8,鎌ケ谷特別(2勝クラス),1:11.4,-0.2,晴,5.0,2.0,1東京8,大島特別(2勝クラス),1:24.7,0.5,晴,4.0,2.0,5東京8,アプローズ賞(2勝クラス),1:24.8,0.7,晴,8.7,3.0,2026-09-27 03:27:23,jra,2026-09-27,54.24,67.2,34.6,75.1,48.5,52.1,50.0,安定感
202606040912,2026-09-27,12,キタノソワレ,6.0,3.0,木幡巧,54.0,,4.0,4.0,1福島5,福島中央テレビ杯(3勝クラス),1:08.0,0.4,晴,3.0,9.0,3中山5,卯月S(3勝クラス),1:10.3,0.4,晴,6.0,10.0,1阪神5,なにわS(3勝クラス),1:11.5,0.4,曇,3.0,11.0,2京都3,橿原S(3勝クラス),1:11.7,0.2,曇,7.0,9.0,1中山5,初春S(3勝クラス),1:11.5,1.2,晴,20.3,11.0,2026-09-27 03:27:23,jra,2026-09-27,68.24,73.5,75.6,69.9,54.5,69.3,48.8,履歴少 / 人気以上に走る傾向 / 安定感 / 過小評価傾向
202606040912,2026-09-27,12,クリノオリーブ,14.0,7.0,幸,52.0,,4.0,5.0,4阪神2,オークランドTRT(3勝クラス),1:12.4,0.7,曇,12.0,11.0,2新潟7,上越S(3勝クラス),1:12.9,1.2,晴,1.0,5.0,2福島6,彦星賞(2勝クラス),1:07.9,-0.5,曇,2.0,7.0,2阪神5,4歳以上2勝クラス,1:10.7,0.0,晴,9.0,7.0,1阪神8,4歳以上2勝クラス,1:25.5,1.0,晴,14.8,9.0,2026-09-27 03:27:23,jra,2026-09-27,61.68,63.0,59.6,64.7,62.0,68.1,50.0,前走人気以上 / 安定感 / 過小評価傾向 / 市場オッズ妙味
202606040912,2026-09-27,12,コパノヴィンセント,5.0,3.0,柴田大,54.0,,8.0,5.0,4中山4,初風S(3勝クラス),1:11.2,1.0,曇,1.0,15.0,3中山3,4歳以上2勝クラス,1:10.5,-0.5,曇,14.0,12.0,1中京1,中京スポーツ杯(2勝クラス),1:55.9,1.8,晴,10.0,12.0,1小倉5,障害4歳以上未勝利,3:27.7,9.4,小雨,9.0,9.0,5中山2,障害3歳以上未勝利,3:24.0,3.7,晴,22.3,13.0,2026-09-27 03:27:23,jra,2026-09-27,51.51,46.1,67.3,24.9,53.0,58.7,48.8,履歴少 / 人気以上に走る傾向
202609040912,2026-09-27,12,サンライズオスカー,8.0,6.0,藤懸,55.0,,1.0,1.0,4阪神4,3歳以上1勝クラス,1:53.0,-0.8,晴,2.0,9.0,2中京5,恵那特別(1勝クラス),1:53.7,0.1,晴,7.0,14.0,3阪神3,3歳以上1勝クラス,1:54.3,1.6,晴,1.0,8.0,園田,JRA交流三室山特別,2:05.2,-0.8,曇,10.0,13.0,1中京1,3歳未勝利,2:05.3,2.1,晴,2.6,1.0,2026-09-27 03:00:08,jra,2026-09-27,71.22,75.0,78.2,63.8,74.0,69.7,51.8,クラス条件好転 / 履歴少 / 人気以上に走る傾向 / 近走上向き
202606040912,2026-09-27,12,スプランドゥール,8.0,4.0,石神道,54.0,,6.0,7.0,4中山4,初風S(3勝クラス),1:10.9,0.7,曇,10.0,14.0,2新潟7,上越S(3勝クラス),1:12.4,0.7,晴,12.0,12.0,2東京1,鎌倉S(3勝クラス),1:25.8,2.1,晴,8.0,8.0,3中山5,卯月S(3勝クラス),1:11.1,1.2,晴,9.0,5.0,2中山1,春風S(3勝クラス),1:11.2,1.2,晴,57.2,15.0,2026-09-27 03:27:23,jra,2026-09-27,44.85,37.7,56.2,0.0,72.5,51.6,48.8,履歴少 / 近走上向き
202609040912,2026-09-27,12,セイントホース,10.0,7.0,★河原田,51.0,,12.0,4.0,2札幌2,オールスターJ第3戦(2勝クラス),1:47.2,2.1,晴,1.0,6.0,1札幌4,3歳以上1勝クラス,1:45.1,-0.3,晴,4.0,6.0,1阪神4,3歳1勝クラス,1:54.2,0.9,晴,7.0,11.0,2京都1,3歳1勝クラス,1:53.5,0.7,曇,1.0,1.0,1京都3,3歳未勝利,2:02.6,-0.1,晴,11.9,5.0,2026-09-27 03:00:08,jra,2026-09-27,49.1,61.5,48.6,55.0,0.0,62.5,48.8,履歴少
202609040912,2026-09-27,12,ソウルアンドジャズ,4.0,4.0,川須,58.0,,2.0,2.0,3中京1,大府特別(2勝クラス),1:52.9,0.4,晴,2.0,5.0,2中京3,日進特別(2勝クラス),1:52.5,0.2,晴,2.0,5.0,3阪神6,3歳以上2勝クラス,1:52.3,0.3,晴,7.0,7.0,3京都12,與杼特別(2勝クラス),1:52.3,1.2,晴,4.0,6.0,3京都8,4歳以上2勝クラス,1:58.2,0.3,晴,4.3,2.0,2026-09-27 03:00:08,jra,2026-09-27,69.24,84.5,60.8,85.4,60.5,61.4,48.8,履歴少 / 安定感
202606040912,2026-09-27,12,ソウルオンファイア,3.0,2.0,富田,52.0,,1.0,1.0,2新潟2,出雲崎特別(2勝クラス),1:10.2,-0.4,雨,15.0,2.0,3阪神3,安芸特別(2勝クラス),1:13.3,1.9,晴,1.0,6.0,3京都9,3歳1勝クラス,1:24.0,-0.3,曇,8.0,5.0,1阪神2,3歳1勝クラス,1:25.7,1.5,晴,1.0,1.0,2京都1,3歳未勝利,1:12.8,-0.8,曇,20.8,12.0,2026-09-27 03:27:23,jra,2026-09-27,54.62,66.9,31.2,60.5,81.5,46.4,48.8,履歴少 / 近走上向き / 安定感
202609040912,2026-09-27,12,タガノアニマシオン,7.0,6.0,☆田山,57.0,,7.0,13.0,3中京1,大府特別(2勝クラス),1:53.5,1.0,晴,7.0,6.0,2小倉6,八女特別(2勝クラス),1:47.5,2.1,晴,4.0,3.0,1阪神8,4歳以上2勝クラス,1:53.4,0.7,曇,1.0,3.0,1阪神2,4歳以上1勝クラス,1:54.2,0.0,晴,3.0,2.0,4阪神3,3歳以上1勝クラス,1:53.6,1.8,曇,23.8,9.0,2026-09-27 03:00:08,jra,2026-09-27,56.47,67.1,61.0,44.7,30.5,59.5,57.0,前走人気以上 / n適性 / クラス条件好転 / 市場オッズ妙味
202609040912,2026-09-27,12,タガノヘラクレス,2.0,2.0,横山典,58.0,,6.0,2.0,2小倉7,熊本城特別(2勝クラス),1:45.9,1.2,晴,5.0,6.0,3京都2,4歳以上2勝クラス,1:52.2,1.2,曇,6.0,6.0,1京都4,五条坂特別(2勝クラス),2:00.7,1.5,晴,1.0,3.0,5中京5,3歳以上1勝クラス,1:53.9,-0.9,曇,3.0,10.0,4阪神6,3歳以上1勝クラス,1:53.4,0.4,曇,6.8,3.0,2026-09-27 03:00:08,jra,2026-09-27,55.82,70.3,50.3,49.8,36.5,62.1,50.0,総合評価
202609040912,2026-09-27,12,テンエースワン,11.0,8.0,Ｍデムーロ,58.0,,6.0,8.0,2中京3,日進特別(2勝クラス),1:54.5,2.2,晴,5.0,8.0,2小倉6,八女特別(2勝クラス),1:47.3,1.9,晴,1.0,3.0,3京都5,4歳以上1勝クラス,1:59.1,-0.1,晴,7.0,6.0,1中京5,ロイヤルバンコク賞(1勝クラス),2:01.7,2.1,晴,3.0,2.0,1阪神6,4歳以上1勝クラス,2:07.8,0.5,晴,17.0,7.0,2026-09-27 03:00:08,jra,2026-09-27,60.17,71.2,60.5,55.0,38.0,65.3,54.0,クラス条件好転 / 前走人気以上 / 過小評価傾向 / 市場オッズ妙味
202609040912,2026-09-27,12,ビルンバウム,1.0,1.0,太宰,58.0,,6.0,11.0,3中京1,大府特別(2勝クラス),1:53.4,0.9,晴,8.0,4.0,2中京3,日進特別(2勝クラス),1:55.0,2.7,晴,1.0,3.0,3京都9,4歳以上1勝クラス,1:52.7,-0.6,曇,4.0,3.0,2阪神8,4歳以上1勝クラス,1:52.7,0.5,曇,2.0,7.0,2阪神2,4歳以上1勝クラス,1:53.2,1.0,晴,17.3,8.0,2026-09-27 03:00:08,jra,2026-09-27,57.85,69.6,59.0,44.7,36.5,68.5,48.8,前走人気以上 / 履歴少 / 過小評価傾向 / 市場オッズ妙味
202606040912,2026-09-27,12,ホワイトガーベラ,11.0,6.0,内田博,53.0,,15.0,15.0,2中京3,桶狭間S(3勝クラス),1:27.3,3.8,晴,13.0,16.0,3中山1,ブラッドストーンS(3勝クラス),1:12.0,1.4,晴,11.0,14.0,4中山9,外房S(3勝クラス),1:12.0,1.1,晴,11.0,13.0,3東京1,麦秋S(3勝クラス),1:24.5,1.8,曇,9.0,12.0,1阪神3,なにわS(3勝クラス),1:12.9,1.1,曇,36.0,14.0,2026-09-27 03:27:23,jra,2026-09-27,34.63,11.6,63.6,0.0,26.0,58.1,48.8,履歴少
202606040912,2026-09-27,12,ボディブロー,12.0,6.0,戸崎圭,55.0,,7.0,11.0,4阪神2,オークランドTRT(3勝クラス),1:12.7,1.0,曇,6.0,6.0,2福島3,TUF杯(3勝クラス),1:08.0,0.9,晴,13.0,12.0,1新潟2,越後S(OP),1:11.6,1.5,曇,7.0,5.0,2阪神8,陽春S(3勝クラス),1:11.4,1.1,曇,1.0,6.0,1阪神4,4歳以上2勝クラス,1:11.7,0.0,晴,13.6,8.0,2026-09-27 03:27:23,jra,2026-09-27,48.38,49.5,58.7,10.3,48.5,59.8,50.0,前走人気以上 / 市場オッズ妙味
202606040912,2026-09-27,12,ポッドソル,16.0,8.0,丸山,55.0,,4.0,9.0,4中山4,初風S(3勝クラス),1:10.7,0.5,曇,13.0,8.0,2新潟8,稲妻S(3勝クラス),0:55.9,1.9,晴,9.0,11.0,2小倉5,釜山S(3勝クラス),1:00.0,1.7,晴,16.0,10.0,2東京8,BSイレブン賞(3勝クラス),1:26.4,2.1,晴,1.0,2.0,大井,新助坂賞競走(B3),1:13.7,-0.3,晴,12.7,7.0,2026-09-27 03:27:23,jra,2026-09-27,48.67,36.9,49.0,36.1,84.5,50.9,50.0,前走人気以上 / 近走上向き / 市場オッズ妙味
202609040912,2026-09-27,12,ポッドフォルク,9.0,7.0,中井,58.0,,7.0,7.0,1阪神4,伊丹S(3勝クラス),1:53.1,0.4,晴,9.0,3.0,1小倉6,由布院特別(2勝クラス),1:47.4,0.8,曇,4.0,1.0,5中京3,鳴海特別(2勝クラス),1:53.6,0.3,曇,2.0,4.0,4京都4,3歳以上2勝クラス,1:50.9,0.1,晴,6.0,7.0,3京都7,聚楽第特別(2勝クラス),1:52.1,1.2,曇,8.4,4.0,2026-09-27 03:00:08,jra,2026-09-27,47.23,59.4,38.1,34.3,39.5,52.9,51.8,クラス条件好転 / 履歴少
202609040912,2026-09-27,12,マクノス,6.0,5.0,田口,53.0,,1.0,8.0,4阪神2,3歳以上1勝クラス,1:54.3,-0.1,曇,1.0,6.0,3阪神5,3歳未勝利,1:54.8,0.0,曇,2.0,2.0,3阪神1,3歳未勝利,1:55.9,1.3,晴,2.0,4.0,3京都10,3歳未勝利,1:54.9,0.5,晴,4.0,14.0,2阪神5,3歳未勝利,1:54.3,1.0,晴,14.7,6.0,2026-09-27 03:00:08,jra,2026-09-27,80.99,94.8,82.9,100.0,57.5,77.0,48.8,前走人気以上 / 履歴少 / 人気以上に走る傾向 / 安定感
202606040912,2026-09-27,12,マーゴットゲイン,7.0,4.0,荻野極,56.0,,1.0,10.0,2新潟6,3歳以上2勝クラス,1:11.2,-0.5,晴,10.0,10.0,2東京11,葉山特別(2勝クラス),1:34.6,2.2,晴,6.0,5.0,1新潟5,中ノ岳特別(2勝クラス),1:54.5,0.2,晴,7.0,6.0,2中山4,4歳以上2勝クラス,1:54.6,0.9,晴,14.0,5.0,1東京6,4歳以上2勝クラス,1:26.3,1.6,晴,9.8,5.0,2026-09-27 03:27:23,jra,2026-09-27,58.96,56.8,60.2,30.4,99.5,56.0,51.8,クラス条件好転 / 前走人気以上 / 履歴少 / 近走上向き
202606040912,2026-09-27,12,ライトニングゼウス,13.0,7.0,西村淳,54.0,,11.0,5.0,2新潟7,上越S(3勝クラス),1:12.6,0.9,晴,1.0,1.0,3京都7,4歳以上2勝クラス,1:11.9,-0.1,晴,2.0,1.0,3中山7,葛飾特別(2勝クラス),1:11.0,0.2,晴,2.0,4.0,2中山8,鎌ケ谷特別(2勝クラス),1:11.6,0.2,晴,1.0,2.0,2中山2,4歳以上1勝クラス,1:11.3,-0.3,晴,9.6,4.0,2026-09-27 03:27:23,jra,2026-09-27,50.9,72.9,38.6,69.6,0.0,57.0,48.8,履歴少 / 安定感
202606040912,2026-09-27,12,ランウインディ,15.0,8.0,横山琉,52.0,,12.0,12.0,4阪神2,オークランドTRT(3勝クラス),1:13.6,1.9,曇,9.0,12.0,2中京3,桶狭間S(3勝クラス),1:25.0,1.5,晴,1.0,4.0,1中京2,伊良湖特別(2勝クラス),1:12.4,0.0,晴,8.0,5.0,2京都6,4歳以上2勝クラス,1:12.8,0.9,曇,4.0,7.0,3京都4,円山特別(2勝クラス),1:10.8,0.7,小雨,64.3,16.0,2026-09-27 03:27:23,jra,2026-09-27,44.67,46.7,58.5,30.1,11.0,55.5,48.8,履歴少
202609040912,2026-09-27,12,レッドボブ,5.0,5.0,亀田,58.0,,11.0,6.0,2中京3,日進特別(2勝クラス),1:56.0,3.7,晴,8.0,5.0,3京都8,4歳以上2勝クラス,1:59.0,1.1,晴,5.0,8.0,1中京4,弥富特別(2勝クラス),1:59.9,0.4,曇,3.0,3.0,1阪神1,4歳以上2勝クラス,1:53.8,0.2,晴,6.0,6.0,2京都5,4歳以上2勝クラス,2:00.5,0.8,晴,59.7,12.0,2026-09-27 03:00:08,jra,2026-09-27,40.69,48.9,38.3,34.3,17.0,48.3,48.8,履歴少
202606040912,2026-09-27,12,ローズカリス,2.0,1.0,小林美,52.0,,1.0,2.0,2小倉3,雲仙特別(2勝クラス),0:56.7,-0.1,曇,10.0,11.0,2阪神4,バイオレットS(OP),1:23.9,1.4,晴,16.0,11.0,1阪神5,フィリーズレビュー(GII),1:22.0,1.4,晴,13.0,17.0,5阪神4,阪神ジュベナイルF(GI),1:34.0,1.4,晴,5.0,1.0,園田,兵庫ジュニアグランプ(JpnII),1:31.1,1.3,曇,6.8,2.0,2026-09-27 03:27:23,jra,2026-09-27,53.73,42.3,49.2,36.8,100.0,51.7,64.1,ダ適性 / 小倉実績 / 距離適性 / 近走上向き
202606040912,2026-09-27,12,ワンダラー,9.0,5.0,丹内,57.0,,2.0,3.0,4中山4,初風S(3勝クラス),1:10.3,0.1,曇,8.0,11.0,3東京1,麦秋S(3勝クラス),1:23.9,0.9,晴,8.0,4.0,3京都10,高瀬川S(3勝クラス),1:11.4,0.9,晴,4.0,5.0,2東京1,鎌倉S(3勝クラス),1:24.4,0.7,晴,2.0,1.0,3中山5,卯月S(3勝クラス),1:10.2,0.3,晴,4.9,1.0,2026-09-27 03:27:23,jra,2026-09-27,59.59,68.2,52.1,55.3,71.0,56.8,48.8,履歴少 / 近走上向き
202665092701,2026-09-27,1,アサヒガール,3.0,3.0,渡来心路,600.0,,,,,,,,,,,,,,,,,,,,,,,,,,,,,,,,,,,,,,,,nar,2026-09-27,36.0,35.0,35.0,35.0,35.0,35.0,45.0,履歴少
202654092701,2026-09-27,1,ウインスフェーン,10.0,8.0,大澤誠志,55.0,,10.0,10.0,高知,3歳ー7,1:37.2,6.1,曇,11.0,11.0,高知,3歳ー8,1:31.0,5.0,晴,16.0,10.0,2福島1,3歳未勝利,1:50.0,2.1,晴,15.0,10.0,1中京2,3歳未勝利,1:37.8,2.9,晴,,,,,,,,170.8,10.0,,nar,2026-09-27,31.76,15.1,35.1,0.0,74.0,42.0,43.8,履歴少 / 近走上向き
202654092701,2026-09-27,1,エビスディアーナ,4.0,4.0,濱尚美,53.0,,11.0,7.0,高知,3歳ー8,1:35.3,4.5,曇,11.0,13.0,2福島5,3歳未勝利,1:49.1,2.3,曇,16.0,16.0,1函館4,3歳未勝利,1:10.1,1.8,小雨,13.0,11.0,3中山7,3歳未勝利,1:15.0,2.9,曇,9.0,3.0,1中山8,3歳新馬,1:16.0,1.8,晴,27.5,8.0,,nar,2026-09-27,31.79,15.4,38.6,0.0,57.5,45.2,50.0,総合評価
202636092701,2026-09-27,1,エムティワルツ,10.0,8.0,阿部英俊,54.0,,3.0,3.0,水沢,C2,0:52.5,0.4,小雨,8.0,4.0,水沢,C2七組,1:24.1,2.4,雨,5.0,8.0,盛岡,タブの大島賞(C1),1:00.4,1.4,晴,10.0,7.0,盛岡,C1,1:13.9,1.4,曇,5.0,10.0,盛岡,C1,1:26.3,1.4,曇,3.1,1.0,,nar,2026-09-27,57.6,61.0,47.7,60.5,74.0,55.5,51.5,水沢実績 / 前走人気以上 / 近走上向き / 安定感
202665092701,2026-09-27,1,キンノロナ,5.0,5.0,今井千尋,590.0,,,,,,,,,,,,,,,,,,,,,,,,,,,,,,,,,,,,,,,,nar,2026-09-27,36.0,35.0,35.0,35.0,35.0,35.0,45.0,履歴少
202655092701,2026-09-27,1,クラトリレインボー,3.0,3.0,椿聡太,51.0,,11.0,11.0,佐賀,パッカルくんのおとし(2歳),1:30.9,3.5,晴,6.0,6.0,佐賀,パッカルくんのおとし(2歳),1:31.9,3.6,晴,4.0,4.0,佐賀,2歳ー3組,1:28.9,1.7,晴,5.0,5.0,佐賀,ひまわり賞チャレンジ(2歳),1:30.5,2.9,雨,8.0,9.0,佐賀,2歳ー1組,1:30.1,3.8,晴,78.5,7.0,,nar,2026-09-27,45.08,50.5,50.7,34.3,18.5,53.3,49.6,履歴少
202665092701,2026-09-27,1,クリスタルアイドル,10.0,8.0,西将太,600.0,,,,,,,,,,,,,,,,,,,,,,,,,,,,,,,,,,,,,,,,nar,2026-09-27,36.18,35.0,35.0,35.0,35.0,35.0,46.8,履歴少
202654092701,2026-09-27,1,グラデュエール,1.0,1.0,吉原寛人,55.0,,6.0,5.0,高知,3歳ー8,1:33.6,2.8,曇,13.0,17.0,2新潟3,3歳以上1勝クラス,1:09.0,0.8,曇,7.0,15.0,2福島7,3歳未勝利,1:10.2,0.7,曇,11.0,13.0,3東京2,3歳未勝利,1:27.8,2.0,曇,11.0,14.0,2東京7,3歳未勝利,1:27.8,1.5,晴,4.5,2.0,,nar,2026-09-27,49.6,34.5,70.1,0.0,77.0,62.1,51.8,クラス条件好転 / 前走人気以上 / 人気以上に走る傾向 / 近走上向き
202636092701,2026-09-27,1,コンバットベラ,8.0,7.0,岩本怜,54.0,,6.0,7.0,水沢,C2九組,1:25.5,1.7,小雨,5.0,7.0,水沢,C2,0:53.4,1.5,晴,6.0,5.0,水沢,C2,0:53.6,0.9,曇,6.0,4.0,盛岡,C2八組,1:16.9,3.2,曇,9.0,8.0,門別,優駿の里安平町SRK(C4),1:05.6,2.6,晴,15.6,5.0,,nar,2026-09-27,51.35,59.5,51.5,24.9,53.0,58.1,48.5,履歴少 / 市場オッズ妙味
202636092701,2026-09-27,1,ゴールデンシロップ,7.0,7.0,菅原辰徳,56.0,,3.0,3.0,水沢,C2九組,1:24.9,0.3,晴,11.0,11.0,盛岡,OROターフ特別(OP),1:39.9,2.8,曇,13.0,13.0,盛岡,岩手県知事杯OROカ(重賞),1:45.9,2.0,曇,8.0,7.0,盛岡,OROターフ特別(OP),1:40.2,3.3,曇,11.0,10.0,盛岡,いしがきマイラーズ(重賞),1:38.2,1.9,小雨,5.2,4.0,,nar,2026-09-27,50.21,39.8,48.3,30.4,96.5,50.5,51.8,クラス条件好転 / 近走上向き
202665092701,2026-09-27,1,サカノシップー,8.0,7.0,中山直樹,620.0,,,,,,,,,,,,,,,,,,,,,,,,,,,,,,,,,,,,,,,,nar,2026-09-27,36.0,35.0,35.0,35.0,35.0,35.0,45.0,履歴少
202655092701,2026-09-27,1,シナノエレガンス,2.0,2.0,竹吉徹,54.0,,7.0,4.0,佐賀,パッカルくんのおとし(2歳),1:29.1,1.7,晴,9.0,8.0,佐賀,2歳ー2組,1:28.4,1.8,曇,3.0,1.0,佐賀,2歳ー3組,1:27.5,0.3,晴,2.0,4.0,佐賀,ひまわり賞チャレンジ(2歳),1:28.2,0.6,雨,3.0,3.0,佐賀,2歳ー2組,1:31.1,2.0,晴,27.1,5.0,,nar,2026-09-27,49.84,63.5,41.1,44.7,33.5,53.7,52.9,佐賀実績 / 履歴少 / 市場オッズ妙味
202665092701,2026-09-27,1,ジェイレディ,2.0,2.0,阿部優哉,600.0,,,,,,,,,,,,,,,,,,,,,,,,,,,,,,,,,,,,,,,,nar,2026-09-27,36.0,35.0,35.0,35.0,35.0,35.0,45.0,履歴少
202665092701,2026-09-27,1,ジュエリービーチ,9.0,8.0,臼杵龍美,610.0,,,,,,,,,,,,,,,,,,,,,,,,,,,,,,,,,,,,,,,,nar,2026-09-27,36.18,35.0,35.0,35.0,35.0,35.0,46.8,履歴少
202654092701,2026-09-27,1,スリーキズナヒメ,5.0,5.0,塚本直之,52.0,,8.0,10.0,3中京3,3歳未勝利,2:01.3,1.4,曇,15.0,14.0,3京都11,3歳未勝利,2:28.3,3.0,晴,9.0,9.0,3京都7,3歳未勝利,2:27.7,2.0,晴,10.0,9.0,3京都3,3歳未勝利,2:02.4,1.0,晴,13.0,17.0,1京都5,3歳新馬,1:38.0,2.1,晴,2.9,1.0,,nar,2026-09-27,41.15,25.0,54.4,0.0,72.5,53.8,48.8,履歴少 / 近走上向き
202636092701,2026-09-27,1,タマモオペラ,6.0,6.0,南郷家全,54.0,,5.0,9.0,水沢,C2,0:52.8,0.7,小雨,7.0,6.0,水沢,C2,0:54.2,2.3,晴,11.0,8.0,盛岡,C2,1:01.9,1.9,曇,4.0,6.0,盛岡,C2,1:01.0,1.7,曇,4.0,7.0,盛岡,C2,1:01.2,0.9,晴,20.3,7.0,,nar,2026-09-27,56.64,56.5,56.8,55.3,59.0,59.5,51.2,水沢実績 / 前走人気以上 / 履歴少 / 市場オッズ妙味
202654092701,2026-09-27,1,チェラブ,2.0,2.0,永森大智,55.0,,6.0,8.0,高知,3歳ー7,1:32.9,1.8,曇,9.0,7.0,高知,3歳ー8,1:30.7,4.7,晴,18.0,18.0,2小倉2,3歳未勝利,1:12.4,3.4,曇,12.0,15.0,2阪神4,3歳未勝利,1:13.8,2.8,晴,14.0,16.0,1阪神6,3歳未勝利,1:16.1,2.2,曇,4.5,3.0,,nar,2026-09-27,44.66,29.0,55.3,0.0,93.5,54.9,43.8,履歴少 / 近走上向き
202655092701,2026-09-27,1,ツインクルヴィータ,1.0,1.0,石川慎将,54.0,,2.0,2.0,佐賀,ホープフルデビュー2(2歳),0:57.6,0.5,曇,,,,,,,,,,,,,,,,,,,,,,,,,,,,,1.6,1.0,,nar,2026-09-27,43.52,49.9,40.6,36.3,40.6,40.6,48.8,履歴少 / サンプル少
202655092701,2026-09-27,1,ツキヨノネガイ,5.0,5.0,飛田愛斗,55.0,,2.0,1.0,佐賀,2歳ー4組,1:29.0,1.2,曇,3.0,1.0,佐賀,ホープフルデビュー2(2歳),0:57.5,0.7,曇,,,,,,,,,,,,,,,,,,,,,,2.4,2.0,,nar,2026-09-27,52.58,66.6,39.9,48.4,48.8,48.1,59.5,佐賀実績 / 履歴少 / サンプル少
202636092701,2026-09-27,1,ティルナノーグ,4.0,4.0,坂井瑛音,55.0,,6.0,5.0,水沢,C2,0:53.1,1.0,小雨,6.0,5.0,水沢,C2,0:53.5,1.6,晴,8.0,2.0,水沢,C2,0:53.7,1.0,曇,4.0,6.0,盛岡,C2,1:01.7,0.6,曇,3.0,8.0,盛岡,C2,1:01.0,0.9,晴,20.3,6.0,,nar,2026-09-27,48.1,61.7,43.5,24.9,45.5,54.1,43.8,履歴少 / 市場オッズ妙味
202654092701,2026-09-27,1,トーアアグネス,6.0,6.0,城野慈尚,55.0,,10.0,9.0,高知,3歳ー8,1:34.9,4.1,曇,13.0,16.0,1新潟5,3歳未勝利,0:57.1,2.2,晴,17.0,18.0,1小倉12,3歳未勝利,1:11.8,2.4,晴,15.0,13.0,5阪神3,2歳未勝利,1:28.9,3.4,晴,9.0,15.0,4京都5,2歳未勝利,1:10.6,2.0,晴,28.3,9.0,,nar,2026-09-27,38.6,13.2,56.8,0.0,71.0,56.2,48.8,履歴少 / 近走上向き
202654092701,2026-09-27,1,ナムラコハル,8.0,7.0,近藤翔月,54.0,,8.0,10.0,高知,3歳ー8,1:33.8,3.0,曇,12.0,6.0,高知,3歳ー8,1:35.3,9.3,晴,13.0,13.0,3東京3,3歳未勝利,1:26.6,2.2,晴,9.0,12.0,1東京5,3歳新馬,1:29.5,2.5,晴,,,,,,,,14.5,7.0,,nar,2026-09-27,38.24,25.0,46.5,0.0,70.0,52.2,43.8,履歴少 / 近走上向き / 市場オッズ妙味
202665092701,2026-09-27,1,ハゴロモコスモス,6.0,6.0,鈴木恵介,620.0,,,,,,,,,,,,,,,,,,,,,,,,,,,,,,,,,,,,,,,,nar,2026-09-27,36.0,35.0,35.0,35.0,35.0,35.0,45.0,履歴少
202665092701,2026-09-27,1,ハゴロモリュウセイ,4.0,4.0,西謙一,600.0,,,,,,,,,,,,,,,,,,,,,,,,,,,,,,,,,,,,,,,,nar,2026-09-27,36.18,35.0,35.0,35.0,35.0,35.0,46.8,履歴少
202655092701,2026-09-27,1,ヒロサカエ,4.0,4.0,長谷川蓮,54.0,,3.0,6.0,佐賀,パッカルくんのおとし(2歳),1:27.8,0.4,晴,6.0,8.0,佐賀,2歳ー2組,1:28.8,2.9,晴,5.0,2.0,佐賀,2歳ー2組,1:32.9,6.5,曇,4.0,4.0,佐賀,スーパーホープフルデ(2歳),0:56.7,1.1,晴,,,,,,,,17.7,4.0,,nar,2026-09-27,63.52,72.5,56.4,64.7,62.0,63.9,55.3,佐賀実績 / 前走人気以上 / 履歴少 / 安定感
202655092701,2026-09-27,1,プレアミータマ,7.0,7.0,小松丈二,54.0,,9.0,10.0,佐賀,パッカルくんのおとし(2歳),1:29.8,2.4,晴,9.0,9.0,佐賀,2歳ー2組,1:30.3,4.4,晴,4.0,5.0,佐賀,2歳ー2組,1:29.0,2.6,曇,5.0,6.0,佐賀,スーパーホープフルデ(2歳),0:57.4,1.8,晴,,,,,,,,104.4,8.0,,nar,2026-09-27,48.01,50.0,55.1,34.3,32.0,55.1,51.2,佐賀実績 / 履歴少
202636092701,2026-09-27,1,ポンドレイディ,5.0,5.0,佐々木志,54.0,,8.0,6.0,水沢,C2,0:53.4,1.3,小雨,3.0,9.0,水沢,C2,0:53.4,0.7,曇,12.0,12.0,盛岡,C2,1:03.8,2.7,曇,12.0,12.0,盛岡,C2,1:03.1,2.5,晴,10.0,10.0,盛岡,C2,1:02.5,2.6,曇,22.0,8.0,,nar,2026-09-27,47.67,41.3,56.2,24.9,57.5,54.3,51.2,水沢実績 / 履歴少
202665092701,2026-09-27,1,マオ,1.0,1.0,船山蔵人,600.0,,,,,,,,,,,,,,,,,,,,,,,,,,,,,,,,,,,,,,,,nar,2026-09-27,36.18,35.0,35.0,35.0,35.0,35.0,46.8,履歴少
202655092701,2026-09-27,1,ムーンオブザグラス,6.0,6.0,川島拓,54.0,,3.0,5.0,佐賀,2歳ー4組,1:31.0,3.2,曇,5.0,7.0,佐賀,ホープフルデビュー2(2歳),0:58.0,1.2,曇,,,,,,,,,,,,,,,,,,,,,,14.9,3.0,,nar,2026-09-27,56.35,60.2,53.2,48.4,52.1,62.1,59.5,佐賀実績 / 履歴少 / サンプル少 / 市場オッズ妙味
202636092701,2026-09-27,1,メイストーム,1.0,1.0,高松亮,56.0,,8.0,5.0,水沢,C2七組,1:26.1,2.4,曇,12.0,11.0,盛岡,ポーチュラカ賞(B1),1:13.0,2.2,雨,7.0,6.0,盛岡,B1,1:00.3,1.3,曇,10.0,9.0,園田,C1一,0:51.8,1.5,晴,10.0,11.0,園田,B2,0:51.3,1.8,晴,3.5,2.0,,nar,2026-09-27,38.24,33.6,40.2,0.0,60.5,48.1,51.8,クラス条件好転
202654092701,2026-09-27,1,ヤマメナイト,3.0,3.0,新庄海誠,57.0,,7.0,6.0,高知,3歳ー8,1:33.8,3.0,曇,11.0,7.0,2新潟4,3歳未勝利,1:56.8,2.9,曇,7.0,12.0,3東京6,3歳未勝利,2:12.0,0.8,曇,7.0,12.0,3中山2,3歳未勝利,2:14.1,1.5,晴,9.0,10.0,2中山7,3歳未勝利,2:15.9,2.3,晴,11.7,6.0,,nar,2026-09-27,44.9,42.4,53.6,0.0,59.0,58.6,48.8,履歴少
202665092701,2026-09-27,1,ユウマックス,7.0,7.0,村上章,600.0,,,,,,,,,,,,,,,,,,,,,,,,,,,,,,,,,,,,,,,,nar,2026-09-27,36.18,35.0,35.0,35.0,35.0,35.0,46.8,履歴少 / 前走人気以上
202636092701,2026-09-27,1,ラブマニック,9.0,8.0,関本玲花,52.0,,7.0,3.0,水沢,C1,0:51.8,0.5,雨,3.0,2.0,盛岡,C1,1:14.7,0.2,晴,3.0,5.0,盛岡,C1,1:01.1,1.2,曇,3.0,7.0,盛岡,C1,1:14.4,0.6,晴,10.0,9.0,水沢,C1,0:52.0,1.1,曇,4.9,3.0,,nar,2026-09-27,54.0,68.5,45.9,59.3,36.5,56.8,43.8,履歴少
202654092701,2026-09-27,1,リアルパラダイス,7.0,7.0,多田羅誠,57.0,,9.0,2.0,高知,3歳ー8,1:34.6,3.8,曇,8.0,12.0,2福島8,3歳未勝利,1:48.8,2.4,晴,9.0,12.0,2福島4,3歳未勝利,1:09.7,2.0,晴,10.0,11.0,2東京7,3歳未勝利,1:21.4,2.0,晴,,,,,,,,11.6,5.0,,nar,2026-09-27,39.91,36.9,46.9,0.0,50.0,53.6,48.1,前走人気以上
202636092701,2026-09-27,1,リスクテイカー,2.0,2.0,塚本涼人,54.0,,7.0,7.0,水沢,C2,0:53.4,1.3,小雨,5.0,6.0,水沢,C2,0:53.5,0.8,曇,6.0,11.0,盛岡,C2,1:01.9,0.8,曇,7.0,10.0,盛岡,C2,1:02.2,1.6,晴,5.0,7.0,盛岡,C2,1:01.5,1.4,晴,35.8,9.0,,nar,2026-09-27,54.86,59.2,63.2,35.3,42.5,61.9,51.2,水沢実績 / 履歴少 / 市場オッズ妙味
202636092701,2026-09-27,1,リトルプリンセス,3.0,3.0,鈴木祐,54.0,,8.0,10.0,水沢,C2,0:54.7,2.8,晴,6.0,7.0,盛岡,C2,1:02.4,1.9,小雨,5.0,5.0,水沢,C2,0:54.1,0.6,晴,4.0,5.0,水沢,2026岩手競馬シー(C2),0:53.0,1.5,曇,5.0,8.0,水沢,C2,0:55.0,1.4,晴,80.5,10.0,,nar,2026-09-27,53.84,59.9,59.2,44.7,32.0,58.1,55.3,水沢実績 / 履歴少
202655092701,2026-09-27,1,リモンタセーラ,8.0,8.0,出水拓人,54.0,,8.0,8.0,佐賀,パッカルくんのおとし(2歳),1:29.2,1.8,晴,4.0,8.0,佐賀,パッカルくんのおとし(2歳),1:31.6,3.3,晴,5.0,4.0,佐賀,スーパーホープフルデ(2歳),0:58.7,3.1,晴,,,,,,,,,,,,,,,33.5,6.0,,nar,2026-09-27,53.43,60.9,57.5,44.7,29.0,59.5,54.0,佐賀実績 / 履歴少 / 市場オッズ妙味
202654092701,2026-09-27,1,ヴォーゲ,9.0,8.0,木村直輝,57.0,,8.0,11.0,名古屋,名古屋CCラズベリー(3歳),1:37.7,2.4,晴,12.0,13.0,2小倉1,3歳未勝利,1:00.1,2.2,曇,14.0,12.0,1新潟2,3歳未勝利,1:51.5,1.3,晴,,,,,,,,,,,,,,,7.3,4.0,,nar,2026-09-27,41.91,21.8,57.1,0.0,80.0,54.4,48.8,前走人気以上 / 履歴少 / 近走上向き
202654092702,2026-09-27,2,アピールパワー,10.0,8.0,郷間勇太,57.0,,11.0,11.0,高知,3歳ー7,1:40.0,8.9,曇,9.0,11.0,高知,3歳ー7,1:31.7,4.7,晴,12.0,11.0,高知,ファイナルレース(3歳),0:51.9,2.5,晴,10.0,11.0,高知,3歳ー7,1:30.9,5.5,晴,9.0,8.0,高知,3歳ー6,1:28.6,5.2,曇,228.2,10.0,,nar,2026-09-27,36.79,25.2,52.4,0.0,44.0,51.6,46.5,総合評価
202665092702,2026-09-27,2,アーククレセント,4.0,4.0,阿部武臣,510.0,,,,,,,,,,,,,,,,,,,,,,,,,,,,,,,,,,,,,,,,nar,2026-09-27,36.18,35.0,35.0,35.0,35.0,35.0,46.8,履歴少
202655092702,2026-09-27,2,ウインダンスタイム,11.0,8.0,後藤武蔵,51.0,,10.0,10.0,佐賀,9月6日は黒い海苔の(C2),1:36.1,2.7,曇,9.0,9.0,佐賀,ミクチャ愛届けるFU(C2),1:28.3,2.4,晴,9.0,3.0,佐賀,C2ー10組,1:35.4,2.3,雨,1.0,1.0,佐賀,SAGAリベンジャー(C2),2:03.1,-1.2,晴,7.0,6.0,佐賀,SAGAリベンジャー(C2),1:27.1,1.6,晴,72.0,11.0,,nar,2026-09-27,38.75,44.6,41.0,14.6,29.0,47.0,46.3,履歴少
202655092702,2026-09-27,2,ウラチャチャ,10.0,8.0,田中直人,56.0,,3.0,7.0,佐賀,SAGAリベンジャー(C2),1:33.7,1.3,曇,6.0,6.0,佐賀,リスナーとの絆!ミク(C2),1:34.0,0.9,晴,5.0,5.0,佐賀,C2ー5組,1:33.7,0.8,曇,4.0,5.0,佐賀,C2ー5組,1:32.4,1.0,雨,7.0,1.0,佐賀,C2ー6組,1:33.2,1.0,晴,9.4,5.0,,nar,2026-09-27,62.01,70.4,55.2,64.7,65.0,58.9,52.5,佐賀実績 / 前走人気以上 / 近走上向き / 安定感
202654092702,2026-09-27,2,エーデルクラフト,9.0,8.0,多田羅誠,57.0,,3.0,3.0,高知,3歳ー8,1:32.7,1.9,曇,9.0,12.0,2新潟5,3歳未勝利,2:00.1,1.5,晴,13.0,5.0,2新潟2,3歳未勝利,1:56.9,4.2,雨,,,,,,,,,,,,,,,4.0,2.0,,nar,2026-09-27,50.2,47.0,42.2,30.4,98.0,47.2,48.8,履歴少 / 近走上向き
202665092702,2026-09-27,2,オモチチャン,9.0,8.0,菊池一樹,490.0,,,,,,,,,,,,,,,,,,,,,,,,,,,,,,,,,,,,,,,,nar,2026-09-27,36.0,35.0,35.0,35.0,35.0,35.0,45.0,履歴少
202655092702,2026-09-27,2,カオリチャン,4.0,4.0,竹吉徹,54.0,,9.0,10.0,佐賀,馬もノリノリ!黒い海(C2),1:28.2,1.9,曇,6.0,6.0,佐賀,ミクチャ愛届けるFU(C2),1:27.1,1.2,晴,6.0,8.0,佐賀,C2ー4組,1:33.5,1.4,曇,12.0,7.0,佐賀,C2ー3組,1:35.0,3.2,曇,2.0,7.0,佐賀,C2ー6組,1:32.4,0.2,晴,63.6,10.0,,nar,2026-09-27,44.32,49.0,53.4,10.3,35.0,53.5,48.5,総合評価
202655092702,2026-09-27,2,カナデライド,7.0,6.0,山下裕貴,56.0,,9.0,4.0,佐賀,9月6日は黒い海苔の(C2),1:35.6,2.2,曇,3.0,6.0,佐賀,3歳ー2組,1:32.7,1.2,曇,7.0,5.0,佐賀,3歳ー2組,1:33.2,0.9,晴,4.0,3.0,佐賀,3歳ー3組,1:32.8,1.5,晴,3.0,2.0,佐賀,パッカルくんのおとし(3歳),1:32.8,0.4,晴,12.2,6.0,,nar,2026-09-27,48.75,61.9,40.1,49.8,21.5,56.7,52.9,佐賀実績 / 履歴少 / 市場オッズ妙味
202655092702,2026-09-27,2,カパラミプ,5.0,5.0,出水拓人,54.0,,6.0,7.0,佐賀,9月6日は黒い海苔の(C2),1:34.4,1.0,曇,2.0,2.0,佐賀,夢を叶える!ミクチャ(C2),1:34.1,1.0,晴,2.0,9.0,佐賀,里帰りJC第2戦ウェ(C2),1:25.9,0.2,晴,9.0,6.0,佐賀,C2ー7組,1:27.3,1.9,曇,1.0,5.0,佐賀,C2ー13組,1:26.7,0.0,曇,8.6,3.0,,nar,2026-09-27,60.96,74.9,61.6,55.0,35.0,65.0,52.9,佐賀実績 / 履歴少 / 過小評価傾向
202654092702,2026-09-27,2,カラバッシュ,3.0,3.0,城野慈尚,57.0,,7.0,11.0,2中京8,3歳未勝利,1:56.3,1.3,晴,12.0,7.0,3阪神1,3歳未勝利,1:56.8,2.6,晴,8.0,7.0,3京都7,3歳未勝利,2:26.9,1.2,晴,,,,,,,,,,,,,,,12.6,6.0,,nar,2026-09-27,41.87,36.6,47.9,0.0,68.0,50.7,48.8,前走人気以上 / 履歴少 / 近走上向き / 市場オッズ妙味
202654092702,2026-09-27,2,クレレガール,2.0,2.0,新庄海誠,55.0,,7.0,9.0,高知,3歳ー7,1:33.3,2.2,曇,8.0,10.0,高知,3歳ー7,1:29.8,2.8,晴,7.0,8.0,高知,3歳ー8,0:52.2,3.3,晴,,,高知,3歳ー7,,,雨,10.0,11.0,高知,3歳ー6,1:37.6,4.7,晴,220.9,9.0,,nar,2026-09-27,47.38,46.8,61.5,0.0,58.0,56.5,46.5,総合評価
202636092702,2026-09-27,2,グロー,8.0,8.0,山本聡紀,56.0,,5.0,4.0,水沢,C2九組,1:26.1,1.5,晴,8.0,6.0,水沢,C2十組,1:26.5,4.5,曇,7.0,12.0,盛岡,B2,1:39.4,1.1,雨,10.0,10.0,盛岡,C1四組,1:28.3,1.8,曇,9.0,9.0,盛岡,OROターフ特別(OP),1:41.1,4.2,曇,17.1,4.0,,nar,2026-09-27,51.46,49.7,51.3,30.4,71.0,56.7,51.2,水沢実績 / 履歴少 / 近走上向き / 市場オッズ妙味
202665092702,2026-09-27,2,コマサンブロッサム,3.0,3.0,金田利貴,490.0,,,,,,,,,,,,,,,,,,,,,,,,,,,,,,,,,,,,,,,,nar,2026-09-27,36.0,35.0,35.0,35.0,35.0,35.0,45.0,履歴少
202636092702,2026-09-27,2,サトノメドーサ,4.0,4.0,阿部英俊,54.0,,5.0,4.0,水沢,C2九組,1:24.9,1.1,小雨,4.0,2.0,水沢,C2九組,1:25.5,0.9,晴,5.0,8.0,水沢,C2十組,1:24.1,2.1,曇,7.0,10.0,盛岡,いわて北緯40度八幡(B1),1:42.5,2.1,晴,8.0,8.0,盛岡,親子で学ぶ!味覚とテ(B1),1:41.5,2.5,小雨,14.0,3.0,,nar,2026-09-27,61.16,65.2,51.6,75.1,56.0,63.2,59.5,水沢実績 / 履歴少 / 安定感 / 市場オッズ妙味
202636092702,2026-09-27,2,サンエイキャノン,2.0,2.0,岩本怜,56.0,,8.0,2.0,水沢,C2八組,1:25.9,2.1,晴,7.0,6.0,盛岡,C1三組,1:27.1,1.0,晴,5.0,7.0,盛岡,ロス・トランキーロス(C1),1:27.4,2.1,曇,11.0,6.0,盛岡,イグナイター特別(C1),1:29.1,2.2,曇,5.0,8.0,水沢,祝30周年!SPAT(C1),1:42.0,0.6,雨,5.9,2.0,,nar,2026-09-27,43.25,49.7,35.3,30.1,44.0,48.8,51.2,水沢実績 / 履歴少
202655092702,2026-09-27,2,サンライズプロミス,1.0,1.0,加茂飛翔,56.0,,4.0,4.0,佐賀,SAGAリベンジャー(C2),1:34.2,1.8,曇,4.0,5.0,佐賀,ラブラドライト賞(C2),1:25.6,1.5,曇,11.0,11.0,名古屋,駆け上がれ!しゃちほ(B),1:39.8,3.2,晴,10.0,9.0,名古屋,B13組,1:39.5,3.4,曇,11.0,11.0,名古屋,B11組,1:38.3,1.4,曇,9.4,4.0,,nar,2026-09-27,57.3,52.1,50.7,55.3,80.0,59.5,59.5,佐賀実績 / 履歴少 / 近走上向き
202665092702,2026-09-27,2,ストラヴィン,10.0,8.0,赤塚健仁,510.0,,,,,,,,,,,,,,,,,,,,,,,,,,,,,,,,,,,,,,,,nar,2026-09-27,36.18,35.0,35.0,35.0,35.0,35.0,46.8,履歴少 / 前走人気以上
202655092702,2026-09-27,2,ダイユウハミルトン,3.0,3.0,石川慎将,56.0,,9.0,10.0,名古屋,C7組,1:40.9,3.0,晴,11.0,11.0,名古屋,りんご2歳のお誕生日(C),1:41.8,3.7,晴,12.0,8.0,名古屋,田原特別(C),2:03.0,11.3,晴,10.0,2.0,名古屋,三ヶ根山特別(C),1:41.7,5.0,曇,15.0,14.0,1東京6,4歳以上1勝クラス,1:28.5,3.9,晴,17.4,8.0,,nar,2026-09-27,34.77,22.4,37.7,0.0,68.0,45.9,48.8,履歴少 / 近走上向き / 市場オッズ妙味
202654092702,2026-09-27,2,チアフルラン,4.0,4.0,永森大智,57.0,,4.0,4.0,高知,3歳ー8,1:32.8,2.0,曇,10.0,15.0,2中京3,3歳未勝利,1:59.7,5.1,晴,6.0,11.0,3京都7,3歳未勝利,1:54.7,1.3,晴,11.0,13.0,3京都3,3歳未勝利,1:55.2,2.6,晴,10.0,9.0,2阪神7,3歳未勝利,1:14.5,2.9,晴,4.4,3.0,,nar,2026-09-27,56.14,47.7,67.0,30.4,81.5,60.0,48.8,履歴少 / 人気以上に走る傾向 / 近走上向き
202636092702,2026-09-27,2,トリフォーリオ,7.0,7.0,菅原辰徳,54.0,,7.0,8.0,水沢,C2九組,1:25.7,1.9,小雨,9.0,8.0,水沢,C2八組,1:26.4,2.6,晴,10.0,4.0,盛岡,C2,1:02.4,1.3,曇,4.0,2.0,盛岡,C2,1:01.4,1.3,晴,7.0,4.0,盛岡,C2六組,1:15.1,2.0,曇,31.8,5.0,,nar,2026-09-27,41.07,46.8,37.9,14.6,53.0,45.7,43.8,履歴少 / 市場オッズ妙味
202665092702,2026-09-27,2,ナカゼンミハル,6.0,6.0,吉田理人,480.0,,,,,,,,,,,,,,,,,,,,,,,,,,,,,,,,,,,,,,,,nar,2026-09-27,36.0,35.0,35.0,35.0,35.0,35.0,45.0,履歴少
202655092702,2026-09-27,2,ノイエムジーク,8.0,7.0,川島拓,56.0,,7.0,9.0,佐賀,9月6日は黒い海苔の(C2),1:34.5,1.1,曇,7.0,5.0,佐賀,ミクチャ愛届けるFU(C2),1:27.6,1.7,晴,7.0,4.0,佐賀,海の日特選(C2),1:33.3,1.4,晴,1.0,2.0,佐賀,C2ー8組,1:25.9,-0.1,曇,9.0,8.0,名古屋,C3組,1:38.8,1.3,晴,14.9,7.0,,nar,2026-09-27,46.99,57.3,46.9,14.6,44.0,56.7,47.1,履歴少 / 市場オッズ妙味
202655092702,2026-09-27,2,パウリノ,6.0,6.0,長田進仁,54.0,,4.0,12.0,佐賀,馬もノリノリ!黒い海(C2),1:27.3,1.0,曇,11.0,3.0,佐賀,リスナーとの絆!ミク(C2),1:36.5,3.4,晴,7.0,10.0,佐賀,3歳ー2組,1:34.1,2.6,曇,2.0,8.0,佐賀,3歳ー3組,1:33.3,0.5,晴,8.0,10.0,佐賀,パッカルくんのおとし(3歳),1:34.0,1.6,晴,20.2,9.0,,nar,2026-09-27,58.72,56.3,64.8,45.0,68.0,63.4,49.6,前走人気以上 / 履歴少 / 近走上向き / 市場オッズ妙味
202665092702,2026-09-27,2,ヒノクニファラオ,5.0,5.0,西謙一,510.0,,,,,,,,,,,,,,,,,,,,,,,,,,,,,,,,,,,,,,,,nar,2026-09-27,36.0,35.0,35.0,35.0,35.0,35.0,45.0,履歴少
202665092702,2026-09-27,2,ビジョガクル,1.0,1.0,渡来心路,490.0,,,,,,,,,,,,,,,,,,,,,,,,,,,,,,,,,,,,,,,,nar,2026-09-27,36.0,35.0,35.0,35.0,35.0,35.0,45.0,履歴少
202665092702,2026-09-27,2,フジノメグミ,7.0,7.0,今井千尋,480.0,,,,,,,,,,,,,,,,,,,,,,,,,,,,,,,,,,,,,,,,nar,2026-09-27,36.0,35.0,35.0,35.0,35.0,35.0,45.0,履歴少
202655092702,2026-09-27,2,フークモアナ,9.0,7.0,椿聡太,51.0,,2.0,4.0,佐賀,サガデーナイト競馬賞(C2),1:27.3,0.3,曇,4.0,6.0,佐賀,C2ー14組,1:26.3,0.7,曇,9.0,11.0,名古屋,3歳4組,1:38.3,3.4,曇,12.0,12.0,名古屋,若芽賞(3歳),1:34.4,3.9,曇,11.0,9.0,名古屋,3歳5組,1:40.8,3.8,小雨,3.3,2.0,,nar,2026-09-27,62.07,57.8,59.1,55.3,92.0,57.7,59.5,佐賀実績 / 履歴少 / 近走上向き
202655092702,2026-09-27,2,ブリージョドラード,2.0,2.0,中山蓮王,56.0,,7.0,8.0,名古屋,緒川城址疾風特(C),0:57.8,2.1,曇,11.0,6.0,名古屋,河和特別(C),1:54.4,2.2,晴,6.0,3.0,名古屋,金シャチ最終戦777(C),1:38.4,1.1,晴,8.0,5.0,名古屋,B9組,1:37.6,1.5,晴,7.0,5.0,名古屋,B12組,1:37.1,1.1,晴,3.0,1.0,,nar,2026-09-27,38.88,44.4,34.7,0.0,56.0,44.3,51.8,クラス条件好転
202654092702,2026-09-27,2,ベンテンカグラ,6.0,6.0,山崎雅由,55.0,,5.0,8.0,高知,3歳ー8,1:33.4,2.6,曇,7.0,5.0,高知,3歳ー8,1:29.1,3.1,晴,9.0,7.0,2福島2,3歳未勝利,1:09.3,0.9,晴,7.0,17.0,1中京6,3歳未勝利,1:09.6,0.8,晴,15.0,10.0,5東京6,2歳未勝利,1:42.6,4.9,晴,17.7,8.0,,nar,2026-09-27,53.4,48.3,56.7,30.4,77.0,58.9,51.2,高知実績 / 前走人気以上 / 履歴少 / 近走上向き
202636092702,2026-09-27,2,ホリーアン,3.0,3.0,山本政聡,54.0,,6.0,8.0,盛岡,B1,1:46.5,1.7,曇,12.0,4.0,盛岡,B2,1:48.0,2.9,曇,5.0,2.0,盛岡,幽玄洞賞(C1),1:27.6,0.7,曇,15.0,13.0,1新潟5,4歳以上1勝クラス,1:23.5,1.6,晴,8.0,12.0,1福島5,4歳以上1勝クラス,1:09.2,1.1,晴,1.1,1.0,,nar,2026-09-27,42.49,39.2,37.0,19.8,74.0,45.6,50.0,近走上向き
202636092702,2026-09-27,2,ポイントバック,5.0,5.0,南郷家全,56.0,,9.0,11.0,水沢,C2九組,1:26.2,2.4,小雨,7.0,9.0,水沢,C2九組,1:27.3,2.7,晴,9.0,7.0,水沢,C2十組,1:26.5,4.5,曇,8.0,9.0,盛岡,C2七組,1:16.8,2.5,雨,7.0,8.0,盛岡,C2八組,1:17.4,3.7,曇,85.1,7.0,,nar,2026-09-27,42.94,42.8,56.7,0.0,42.5,54.2,46.5,総合評価
202654092702,2026-09-27,2,マリノフォルトゥナ,8.0,7.0,塚本直之,52.0,,,,高知,3歳ー7,,,曇,10.0,4.0,高知,3歳ー7,1:32.2,5.2,晴,,12.0,3中山7,3歳未勝利,,,曇,11.0,10.0,3中山3,3歳未勝利,1:15.2,3.1,雨,,,,,,,,17.2,7.0,,nar,2026-09-27,35.03,31.8,29.5,18.0,48.8,44.0,48.8,履歴少 / サンプル少 / 市場オッズ妙味
202636092702,2026-09-27,2,メイショウアユカゼ,1.0,1.0,大坪慎,54.0,,10.0,9.0,盛岡,C1,1:02.6,2.6,曇,10.0,10.0,盛岡,C1,1:15.8,3.0,晴,8.0,8.0,水沢,B2,0:53.2,1.4,曇,8.0,8.0,水沢,B2,0:54.0,1.8,晴,12.0,12.0,盛岡,B2,1:32.5,5.5,晴,60.2,6.0,,nar,2026-09-27,37.46,31.8,47.9,0.0,47.0,50.3,43.8,履歴少
202654092702,2026-09-27,2,メイショウユウゲン,7.0,7.0,上田将司,57.0,,10.0,15.0,3中京1,3歳未勝利,1:59.8,0.9,晴,10.0,15.0,2中京3,3歳未勝利,2:00.6,1.2,晴,7.0,12.0,2小倉8,3歳未勝利,2:02.0,1.1,晴,8.0,15.0,2小倉2,3歳未勝利,1:48.6,1.4,曇,13.0,13.0,3京都7,3歳未勝利,1:22.0,1.1,晴,6.6,4.0,,nar,2026-09-27,49.09,32.6,83.4,0.0,47.0,66.4,50.0,前走人気以上 / 人気以上に走る傾向 / 過小評価傾向
202665092702,2026-09-27,2,ヤマノレガシー,2.0,2.0,西将太,490.0,,,,,,,,,,,,,,,,,,,,,,,,,,,,,,,,,,,,,,,,nar,2026-09-27,36.0,35.0,35.0,35.0,35.0,35.0,45.0,履歴少
202665092702,2026-09-27,2,ヨシノフジ,8.0,7.0,島津新,510.0,,,,,,,,,,,,,,,,,,,,,,,,,,,,,,,,,,,,,,,,nar,2026-09-27,36.18,35.0,35.0,35.0,35.0,35.0,46.8,履歴少 / 前走人気以上
202636092702,2026-09-27,2,ラストパラダイス,6.0,6.0,鈴木祐,56.0,,10.0,9.0,水沢,C2九組,1:26.8,3.0,小雨,9.0,8.0,水沢,C2九組,1:28.0,3.4,晴,7.0,9.0,水沢,C2十組,1:26.3,4.3,曇,10.0,8.0,盛岡,C2七組,1:17.1,2.8,雨,8.0,7.0,盛岡,C2八組,1:18.2,4.5,曇,113.9,8.0,,nar,2026-09-27,37.69,36.4,46.1,0.0,41.0,49.0,46.5,総合評価
202654092702,2026-09-27,2,リュネヴィル,1.0,1.0,近藤翔月,54.0,,4.0,4.0,高知,3歳ー7,1:32.9,1.8,曇,16.0,18.0,2中京4,3歳未勝利,2:01.7,2.0,晴,16.0,16.0,2小倉2,3歳未勝利,1:50.0,2.8,曇,15.0,16.0,3阪神4,3歳未勝利,2:15.5,3.8,曇,7.0,8.0,4京都2,2歳新馬,2:08.6,4.1,雨,11.7,5.0,,nar,2026-09-27,49.5,28.5,55.2,30.4,100.0,55.3,48.8,履歴少 / 近走上向き
202654092702,2026-09-27,2,レヴロード,5.0,5.0,吉原寛人,57.0,,13.0,15.0,2小倉6,3歳未勝利,2:02.4,2.6,晴,14.0,17.0,3阪神5,3歳未勝利,1:49.5,2.2,雨,12.0,12.0,3阪神4,3歳未勝利,1:56.7,1.9,曇,8.0,10.0,2阪神4,3歳未勝利,1:54.4,1.6,晴,7.0,11.0,1中京3,3歳未勝利,2:04.1,1.7,晴,3.0,1.0,,nar,2026-09-27,36.77,15.4,64.4,0.0,33.5,58.4,48.1,総合評価
202655092703,2026-09-27,3,アクラシア,10.0,7.0,竹吉徹,56.0,,6.0,6.0,佐賀,脊振山特別,2:01.1,2.4,曇,8.0,8.0,佐賀,九州チャンピオンシッ(重賞),1:57.1,2.0,晴,3.0,3.0,佐賀,阿蘇山賞(A1),1:56.1,2.0,晴,5.0,4.0,佐賀,小岱山賞,1:59.9,1.8,曇,4.0,6.0,佐賀,佐賀王冠賞(重賞),2:10.7,1.5,晴,77.9,10.0,,nar,2026-09-27,53.55,63.6,50.4,44.7,44.0,54.1,54.3,佐賀実績 / クラス条件好転
202655092703,2026-09-27,3,アメストリス,9.0,7.0,田中直人,54.0,,2.0,7.0,佐賀,周防灘賞,1:24.5,0.4,曇,7.0,7.0,名古屋,土用特別(A),1:51.2,1.2,晴,10.0,6.0,名古屋,八仙花雨幻特別(A),1:51.3,2.6,晴,7.0,2.0,名古屋,立夏特別(A),1:36.8,1.2,曇,9.0,4.0,船橋,春和景明特別(B1B2),1:46.1,1.9,晴,17.6,5.0,,nar,2026-09-27,54.09,57.8,46.4,30.4,87.5,53.3,51.8,クラス条件好転 / 前走人気以上 / 履歴少 / 近走上向き
202655092703,2026-09-27,3,エイシンアンヴァル,11.0,8.0,長谷川蓮,56.0,,3.0,4.0,佐賀,脊振山特別,1:59.5,0.8,曇,4.0,6.0,佐賀,九州チャンピオンシッ(重賞),1:55.7,0.6,晴,1.0,1.0,佐賀,小岱山賞,1:58.1,-0.9,曇,2.0,4.0,佐賀,佐賀王冠賞(重賞),2:09.5,0.3,晴,4.0,5.0,佐賀,佐賀スプリングC(重賞),1:57.3,0.7,晴,8.7,3.0,,nar,2026-09-27,70.86,85.5,58.4,100.0,48.5,63.1,62.5,佐賀実績 / クラス条件好転 / 履歴少 / 安定感
202654092703,2026-09-27,3,オリヴィオリヴィ,5.0,5.0,西森将司,55.0,,11.0,9.0,高知,3歳ー6,1:37.5,6.3,曇,11.0,11.0,高知,3歳ー6,1:29.6,5.0,晴,6.0,6.0,高知,3歳ー8,0:52.1,3.2,晴,3.0,12.0,高知,ファイナルレース(3歳),1:32.9,0.7,曇,10.0,10.0,高知,3歳ー6,1:28.8,4.3,晴,369.9,10.0,,nar,2026-09-27,41.69,38.1,54.9,14.6,29.0,55.5,48.5,総合評価
202665092703,2026-09-27,3,オレノゴウリキ,4.0,4.0,長澤幸太,520.0,,,,,,,,,,,,,,,,,,,,,,,,,,,,,,,,,,,,,,,,nar,2026-09-27,36.0,35.0,35.0,35.0,35.0,35.0,45.0,履歴少
202665092703,2026-09-27,3,キタノショウヘイ,10.0,8.0,中原蓮,520.0,,,,,,,,,,,,,,,,,,,,,,,,,,,,,,,,,,,,,,,,nar,2026-09-27,36.0,35.0,35.0,35.0,35.0,35.0,45.0,履歴少
202665092703,2026-09-27,3,キョウドノホシ,8.0,7.0,鈴木恵介,520.0,,,,,,,,,,,,,,,,,,,,,,,,,,,,,,,,,,,,,,,,nar,2026-09-27,36.18,35.0,35.0,35.0,35.0,35.0,46.8,履歴少
202654092703,2026-09-27,3,クラックミーアップ,7.0,7.0,新庄海誠,57.0,,3.0,3.0,高知,3歳ー7,1:32.6,1.5,曇,3.0,4.0,高知,3歳ー8,1:27.6,1.6,晴,11.0,14.0,2福島4,3歳未勝利,1:49.6,1.2,晴,12.0,11.0,2東京2,3歳未勝利,1:47.7,1.0,晴,11.0,10.0,1中山1,3歳新馬,2:04.8,0.8,晴,5.5,2.0,,nar,2026-09-27,59.16,54.2,54.1,55.3,87.5,58.6,56.4,高知実績 / 前走人気以上 / 近走上向き
202636092703,2026-09-27,3,グレースアイリス,7.0,7.0,山本政聡,54.0,,7.0,9.0,水沢,C2八組,1:26.7,5.1,小雨,9.0,9.0,水沢,C2九組,1:26.7,4.1,曇,9.0,7.0,盛岡,C2七組,1:17.0,2.7,雨,7.0,7.0,盛岡,C2八組,1:17.0,2.6,晴,7.0,8.0,盛岡,C2八組,1:16.7,2.2,曇,47.0,9.0,,nar,2026-09-27,43.95,44.9,52.2,0.0,56.0,53.5,46.5,市場オッズ妙味
202655092703,2026-09-27,3,ケイアイアンタレス,3.0,3.0,飛田愛斗,56.0,,1.0,1.0,佐賀,脊振山特別,1:58.7,-0.1,曇,2.0,4.0,佐賀,九州チャンピオンシッ(重賞),1:55.3,0.2,晴,1.0,1.0,佐賀,オーシャン賞,1:29.3,-0.3,晴,1.0,1.0,佐賀,SAGAリベンジャー(A2),1:28.3,-0.4,小雨,1.0,1.0,佐賀,FUJI4周年記念レ(A2),1:28.3,-0.2,晴,2.8,2.0,,nar,2026-09-27,72.5,98.0,53.5,100.0,51.5,55.7,62.5,佐賀実績 / クラス条件好転 / 履歴少 / 安定感
202655092703,2026-09-27,3,ゲットザフェイム,8.0,6.0,長田進仁,56.0,,4.0,5.0,佐賀,脊振山特別,2:00.0,1.3,曇,5.0,7.0,佐賀,キョウチクトウ賞(A2),1:30.7,0.3,曇,3.0,6.0,佐賀,ロベリア賞(A2),1:29.9,0.4,雨,3.0,5.0,佐賀,トケイソウ賞,1:30.7,1.1,晴,1.0,2.0,佐賀,水無月特別(B),1:59.2,0.0,雨,65.2,9.0,,nar,2026-09-27,68.73,79.2,62.5,100.0,44.0,59.4,59.5,佐賀実績 / 履歴少 / 安定感
202655092703,2026-09-27,3,スターオブフェイス,5.0,5.0,川島拓,56.0,,5.0,3.0,佐賀,脊振山特別,2:00.1,1.4,曇,6.0,2.0,佐賀,九州チャンピオンシッ(重賞),1:56.1,1.0,晴,1.0,2.0,佐賀,阿蘇山賞(A1),1:54.1,-0.7,晴,,,佐賀,モントブレチア賞,,,雨,7.0,11.0,船橋,20時50分にビッグ(B1),1:50.8,1.8,曇,36.7,8.0,,nar,2026-09-27,55.0,71.1,41.9,50.2,48.0,55.5,54.9,佐賀実績 / クラス条件好転 / 市場オッズ妙味
202665092703,2026-09-27,3,スピードシンデレラ,5.0,5.0,今井千尋,490.0,,,,,,,,,,,,,,,,,,,,,,,,,,,,,,,,,,,,,,,,nar,2026-09-27,36.0,35.0,35.0,35.0,35.0,35.0,45.0,履歴少
202636092703,2026-09-27,3,スペキュレーター,3.0,3.0,阿部英俊,56.0,,9.0,11.0,水沢,C2八組,1:26.9,5.3,小雨,8.0,4.0,笠松,私の青春☆アクセル全(C),0:53.5,3.3,晴,3.0,6.0,笠松,音有お誕生日おめでと(C),1:33.6,1.4,曇,6.0,10.0,笠松,C13組,1:35.9,1.5,晴,8.0,6.0,笠松,第1回結婚記念杯(C),1:36.3,3.4,曇,47.0,8.0,,nar,2026-09-27,46.68,51.8,54.1,19.8,33.5,56.7,48.8,履歴少 / 市場オッズ妙味
202655092703,2026-09-27,3,スマイルモア,2.0,2.0,田中純,56.0,,9.0,7.0,船橋,ひぐらし特別(B1B2),1:45.2,2.6,晴,6.0,5.0,船橋,明鐘岬特別(B1B2),1:57.2,0.9,曇,5.0,2.0,船橋,ハートビートナイター(B1B2),1:51.5,0.9,曇,3.0,5.0,船橋,しずくの星特別(B1B2),1:44.0,0.4,曇,12.0,3.0,船橋,20時50分にビッグ(B1),1:52.1,3.1,曇,18.3,6.0,,nar,2026-09-27,43.58,52.8,35.4,34.3,35.0,50.7,48.8,履歴少 / 市場オッズ妙味
202665092703,2026-09-27,3,スーパーハクリュウ,7.0,7.0,中村太陽,500.0,,,,,,,,,,,,,,,,,,,,,,,,,,,,,,,,,,,,,,,,nar,2026-09-27,36.18,35.0,35.0,35.0,35.0,35.0,46.8,履歴少
202654092703,2026-09-27,3,タスクディライト,2.0,2.0,上田将司,55.0,,10.0,12.0,高知,3歳ー6,1:35.4,4.2,曇,7.0,9.0,高知,3歳ー7,1:29.0,2.0,晴,8.0,8.0,高知,3歳ー4,1:51.2,2.6,晴,10.0,10.0,高知,ファイナルレース(3歳),1:34.7,2.5,曇,5.0,8.0,高知,3歳ー6,1:27.6,3.1,晴,334.0,9.0,,nar,2026-09-27,43.99,41.3,59.9,10.3,35.0,55.5,48.5,総合評価
202654092703,2026-09-27,3,タマモアマルフィ,1.0,1.0,近藤翔月,54.0,,4.0,2.0,高知,3歳ー6,1:32.3,1.1,曇,2.0,3.0,高知,3歳ー8,1:26.8,0.8,晴,16.0,15.0,3阪神1,3歳未勝利,1:59.0,4.4,晴,8.0,8.0,1中京5,3歳未勝利,1:56.9,1.7,晴,11.0,9.0,1京都9,3歳未勝利,1:28.0,1.7,晴,7.8,4.0,,nar,2026-09-27,56.21,54.5,44.7,55.3,81.5,56.1,59.5,高知実績 / 履歴少 / 近走上向き
202655092703,2026-09-27,3,テクノダイヤモンド,6.0,5.0,渡辺竜也,56.0,,8.0,8.0,船橋,鋸山特別(B2),1:45.1,2.2,曇,12.0,9.0,船橋,納涼特別(B2),1:46.5,2.8,曇,10.0,10.0,園田,六甲盃(重賞),2:06.7,4.2,曇,4.0,4.0,名古屋,薄暑大空特別(A),2:13.6,1.1,晴,2.0,8.0,名古屋,牡丹特別(A),1:49.9,0.1,小雨,16.4,4.0,,nar,2026-09-27,44.85,42.5,49.1,24.9,44.0,57.3,48.8,履歴少 / 市場オッズ妙味
202654092703,2026-09-27,3,トーアイクタチ,8.0,7.0,多田羅誠,57.0,,5.0,5.0,高知,3歳ー7,1:32.9,1.8,曇,6.0,5.0,高知,3歳ー7,1:28.9,1.9,晴,5.0,4.0,高知,3歳ー4,1:50.2,1.6,晴,5.0,10.0,高知,3歳ー6,1:31.6,2.9,曇,8.0,5.0,高知,3歳ー7,1:27.4,2.0,晴,32.3,6.0,,nar,2026-09-27,57.36,63.5,49.8,64.7,56.0,56.3,52.5,高知実績 / 安定感 / 市場オッズ妙味
202636092703,2026-09-27,3,ナンデフェスティヴ,5.0,5.0,小林凌,54.0,,5.0,3.0,水沢,C2七組,1:24.8,1.1,曇,6.0,5.0,盛岡,大船渡市観光物産協会(C1),1:27.3,0.5,曇,4.0,6.0,高知,C2ー5,1:49.6,1.7,晴,5.0,11.0,高知,C2ー5,1:25.9,1.6,曇,7.0,7.0,高知,C2ー6,1:33.3,2.0,曇,6.2,3.0,,nar,2026-09-27,58.7,65.9,52.9,64.7,53.0,61.0,48.8,履歴少 / 安定感
202655092703,2026-09-27,3,ハディア,12.0,8.0,出水拓人,56.0,,9.0,11.0,佐賀,九州チャンピオンシッ(重賞),1:58.4,3.3,晴,3.0,8.0,佐賀,小岱山賞,1:59.2,1.1,曇,7.0,8.0,佐賀,佐賀王冠賞(重賞),2:12.6,3.4,晴,11.0,9.0,佐賀,佐賀スプリングC(重賞),1:59.6,3.0,晴,2.0,4.0,佐賀,高千穂峰賞(A1),2:01.0,0.3,晴,84.8,11.0,,nar,2026-09-27,51.53,54.6,63.8,35.3,30.5,57.8,49.6,履歴少
202654092703,2026-09-27,3,パウラメロディーア,3.0,3.0,大澤誠志,55.0,,7.0,6.0,高知,3歳ー6,1:33.5,2.3,曇,,,高知,3歳ー7,,,晴,2.0,3.0,高知,3歳ー8,0:50.2,1.3,晴,15.0,12.0,3東京2,3歳未勝利,1:30.0,4.2,曇,,,,,,,,34.7,7.0,,nar,2026-09-27,47.09,52.5,44.1,19.8,59.0,51.5,51.5,高知実績 / 市場オッズ妙味
202665092703,2026-09-27,3,ヒメトラルビー,2.0,2.0,島津新,500.0,,,,,,,,,,,,,,,,,,,,,,,,,,,,,,,,,,,,,,,,nar,2026-09-27,36.0,35.0,35.0,35.0,35.0,35.0,45.0,履歴少
202655092703,2026-09-27,3,ビオグラフィア,1.0,1.0,石川慎将,56.0,,5.0,5.0,佐賀,周防灘賞,1:25.5,1.4,曇,6.0,1.0,佐賀,六角川賞,1:31.0,1.9,曇,5.0,8.0,高知,AB混合,1:29.2,1.6,雨,8.0,7.0,高知,ショウガ特別(A),1:45.0,1.5,曇,11.0,11.0,高知,春野特別,1:31.6,1.2,晴,35.5,7.0,,nar,2026-09-27,53.32,57.5,44.4,50.2,65.0,54.3,51.2,佐賀実績 / 履歴少 / 近走上向き / 市場オッズ妙味
202655092703,2026-09-27,3,ビキニボーイ,7.0,6.0,山口勲,56.0,,7.0,3.0,佐賀,九州チャンピオンシッ(重賞),1:56.7,1.6,晴,2.0,1.0,佐賀,阿蘇山賞(A1),1:54.8,0.7,晴,1.0,1.0,佐賀,佐賀王冠賞(重賞),2:09.2,-0.3,晴,1.0,1.0,佐賀,佐賀スプリングC(重賞),1:56.6,-0.2,晴,3.0,1.0,佐賀,九千部山賞,1:54.7,0.2,晴,2.0,1.0,,nar,2026-09-27,54.88,81.8,38.3,69.6,18.5,48.4,54.5,佐賀実績 / 安定感
202655092703,2026-09-27,3,ブリッグオドーン,4.0,4.0,椿聡太,53.0,,7.0,9.0,佐賀,脊振山特別,2:02.2,3.5,曇,10.0,10.0,佐賀,九州チャンピオンシッ(重賞),1:59.6,4.5,晴,5.0,4.0,佐賀,阿蘇山賞(A1),1:57.7,3.6,晴,,,佐賀,有明海賞,,,曇,4.0,2.0,佐賀,国見岳特別(OP),2:14.1,2.0,曇,171.3,12.0,,nar,2026-09-27,48.56,51.6,51.7,30.1,46.0,51.8,53.3,佐賀実績 / クラス条件好転
202654092703,2026-09-27,3,ペイシャマイデイズ,4.0,4.0,郷間勇太,57.0,,3.0,4.0,笠松,大湫宿特別(3歳),1:29.0,0.3,晴,15.0,7.0,3阪神5,3歳未勝利,1:58.7,4.9,小雨,12.0,5.0,2阪神2,3歳未勝利,2:04.6,4.2,晴,,,,,,,,,,,,,,,9.0,5.0,,nar,2026-09-27,41.27,37.2,21.3,30.4,100.0,37.3,48.8,履歴少 / 近走上向き
202665092703,2026-09-27,3,ホクショウシャルル,6.0,6.0,阿部武臣,500.0,,,,,,,,,,,,,,,,,,,,,,,,,,,,,,,,,,,,,,,,nar,2026-09-27,36.18,35.0,35.0,35.0,35.0,35.0,46.8,履歴少 / 前走人気以上
202665092703,2026-09-27,3,ホクセイキンボシ,1.0,1.0,大友一馬,520.0,,,,,,,,,,,,,,,,,,,,,,,,,,,,,,,,,,,,,,,,nar,2026-09-27,36.18,35.0,35.0,35.0,35.0,35.0,46.8,履歴少 / 前走人気以上
202665092703,2026-09-27,3,ホクセイサチコ,3.0,3.0,阿部優哉,500.0,,,,,,,,,,,,,,,,,,,,,,,,,,,,,,,,,,,,,,,,nar,2026-09-27,36.0,35.0,35.0,35.0,35.0,35.0,45.0,履歴少
202636092703,2026-09-27,3,マイネルイヴィンス,2.0,2.0,鈴木祐,56.0,,2.0,5.0,水沢,C2八組,1:24.0,0.2,晴,9.0,10.0,盛岡,初秋特別(A),1:40.7,2.8,曇,7.0,9.0,金沢,B12,1:40.8,2.4,曇,10.0,9.0,金沢,B12,1:35.8,3.2,曇,7.0,9.0,金沢,B12,1:32.7,1.3,曇,5.8,2.0,,nar,2026-09-27,58.33,56.7,61.3,30.4,87.5,60.2,51.8,クラス条件好転 / 前走人気以上 / 履歴少 / 近走上向き
202636092703,2026-09-27,3,マリヨンヌ,6.0,6.0,大坪慎,54.0,,3.0,1.0,水沢,C2八組,1:24.6,1.8,曇,7.0,5.0,盛岡,B1,1:46.5,1.7,曇,4.0,6.0,盛岡,B1,1:37.9,1.1,晴,5.0,12.0,盛岡,アンタレス賞(B1),1:45.6,0.6,小雨,9.0,12.0,盛岡,いしがきマイラーズ(重賞),1:37.8,1.5,小雨,2.1,1.0,,nar,2026-09-27,61.3,67.1,54.3,64.7,69.5,58.4,51.8,クラス条件好転 / 前走人気以上 / 近走上向き / 安定感
202636092703,2026-09-27,3,ミッキーハッスル,9.0,8.0,高松亮,56.0,,4.0,6.0,水沢,C2九組,1:24.3,0.5,小雨,6.0,3.0,水沢,C2八組,1:25.5,1.7,晴,10.0,10.0,盛岡,C1二組,1:41.1,2.4,曇,5.0,8.0,盛岡,C1三組,1:26.9,1.5,曇,7.0,7.0,水沢,ジューンC(B2),2:08.0,3.3,曇,8.1,5.0,,nar,2026-09-27,55.82,58.9,52.1,45.0,68.0,60.2,48.5,履歴少 / 近走上向き
202654092703,2026-09-27,3,ヤマニンルーバス,6.0,6.0,塚本直之,52.0,,2.0,12.0,高知,3歳ー8,1:32.5,1.7,曇,12.0,12.0,2福島8,3歳未勝利,1:50.2,3.3,晴,16.0,8.0,2東京12,3歳未勝利,1:36.1,2.3,晴,,,,,,,,,,,,,,,5.7,3.0,,nar,2026-09-27,55.03,41.2,63.6,30.4,100.0,54.1,50.0,前走人気以上 / 近走上向き
202636092703,2026-09-27,3,ラスターカノン,1.0,1.0,村上忍,54.0,,7.0,5.0,水沢,C2七組,1:25.4,3.0,小雨,10.0,11.0,門別,世界へ羽ばたけ!ひだ(C4),1:17.5,1.6,曇,6.0,6.0,門別,サマーセール平取産馬(C4),1:17.4,2.7,晴,7.0,5.0,門別,ハロー!Lexing(C4),1:18.1,1.9,晴,5.0,3.0,門別,3歳以上C4ー2,1:03.7,1.2,曇,12.6,6.0,,nar,2026-09-27,43.69,49.3,44.0,10.3,50.0,51.6,48.8,履歴少 / 市場オッズ妙味
202636092703,2026-09-27,3,ラスダシャン,8.0,8.0,関本玲花,52.0,,5.0,4.0,水沢,C2八組,1:24.8,3.2,小雨,4.0,4.0,水沢,C2九組,1:23.8,1.2,曇,7.0,5.0,盛岡,C1,1:14.2,1.1,曇,11.0,11.0,盛岡,ミルクティーローズ賞(C1),1:42.0,2.3,曇,5.0,5.0,盛岡,C1,1:12.8,0.3,曇,7.6,4.0,,nar,2026-09-27,56.6,59.8,45.1,65.7,60.5,56.7,59.5,水沢実績 / 履歴少 / 安定感
202654092703,2026-09-27,3,ラブペイトー,10.0,8.0,濱尚美,53.0,,12.0,7.0,高知,3歳ー6,1:38.1,6.9,曇,4.0,7.0,高知,3歳ー7,1:28.2,1.2,晴,4.0,7.0,高知,3歳ー8,0:51.8,2.9,晴,8.0,7.0,高知,3歳ー7,1:33.8,2.8,雨,15.0,15.0,3京都3,3歳未勝利,1:14.8,3.3,晴,83.2,8.0,,nar,2026-09-27,44.52,44.0,47.7,44.7,24.5,52.1,51.5,高知実績 / 前走人気以上
202654092703,2026-09-27,3,リフルフォース,9.0,8.0,吉原寛人,55.0,,2.0,1.0,高知,3歳ー7,1:32.0,0.9,曇,15.0,9.0,2中京7,3歳未勝利,1:22.8,3.0,曇,15.0,6.0,2小倉3,3歳未勝利,1:10.7,1.4,雨,16.0,5.0,3京都9,3歳未勝利,1:09.8,1.4,曇,6.0,2.0,2京都4,3歳新馬,1:37.9,1.0,晴,1.7,1.0,,nar,2026-09-27,37.07,34.2,10.8,30.4,100.0,30.4,50.0,近走上向き
202636092703,2026-09-27,3,ルレット,4.0,4.0,塚本涼人,54.0,,4.0,9.0,水沢,C2八組,1:25.1,1.3,晴,8.0,5.0,水沢,C2八組,1:26.2,3.4,曇,4.0,5.0,盛岡,C2六組,1:14.7,1.8,雨,4.0,6.0,盛岡,C2七組,1:14.3,0.6,晴,6.0,8.0,盛岡,C2七組,1:15.5,1.2,曇,15.1,7.0,,nar,2026-09-27,62.3,66.4,60.3,64.7,59.0,66.1,51.5,水沢実績 / 前走人気以上 / 安定感 / 過小評価傾向
202665092703,2026-09-27,3,ワシノオ,9.0,8.0,西謙一,520.0,,,,,,,,,,,,,,,,,,,,,,,,,,,,,,,,,,,,,,,,nar,2026-09-27,36.18,35.0,35.0,35.0,35.0,35.0,46.8,履歴少
202654092704,2026-09-27,4,ウィギル,2.0,2.0,大澤誠志,57.0,,11.0,12.0,高知,3歳ー5,1:37.2,5.7,曇,10.0,8.0,高知,3歳ー5,1:30.1,2.8,晴,7.0,10.0,高知,ファイナルレース(3歳),0:51.2,1.8,晴,11.0,4.0,高知,ファイナルレース(3歳),1:35.8,3.6,曇,11.0,8.0,高知,3歳ー5,1:29.6,5.1,晴,587.8,10.0,,nar,2026-09-27,34.51,28.3,43.5,0.0,42.5,45.7,46.5,前走人気以上
202636092704,2026-09-27,4,エヴィダンシア,9.0,8.0,高松亮,56.0,,4.0,2.0,水沢,C2七組,1:24.6,0.9,曇,4.0,3.0,水沢,C2八組,1:24.8,2.0,曇,5.0,8.0,盛岡,明神崎賞(B1),1:26.9,1.1,曇,9.0,8.0,盛岡,B1,1:26.2,1.5,小雨,5.0,7.0,盛岡,オーキッド賞(B1),1:25.3,1.3,曇,4.0,3.0,,nar,2026-09-27,62.0,67.8,48.6,85.4,60.5,56.6,59.5,水沢実績 / 履歴少 / 安定感
202636092704,2026-09-27,4,エールヴァーゲ,1.0,1.0,佐々木志,54.0,,5.0,4.0,水沢,C2六組,1:29.5,1.0,曇,6.0,6.0,水沢,C2六組,1:22.3,1.1,雨,8.0,9.0,盛岡,大船渡市観光物産協会(C1),1:27.6,0.8,曇,4.0,11.0,盛岡,C1五組,1:27.1,0.2,晴,5.0,10.0,盛岡,C1,1:27.4,1.2,晴,9.1,5.0,,nar,2026-09-27,59.59,62.4,60.0,55.3,54.5,67.2,51.2,水沢実績 / 履歴少 / 過小評価傾向
202636092704,2026-09-27,4,カガバベル,4.0,4.0,大坪慎,56.0,,6.0,6.0,水沢,C2六組,1:29.7,1.2,曇,8.0,8.0,盛岡,C2二組,1:28.4,1.8,曇,7.0,5.0,盛岡,C2一組,1:28.3,2.2,曇,10.0,2.0,盛岡,C1四組,1:27.5,0.8,晴,4.0,2.0,盛岡,C1,1:27.2,0.8,晴,4.7,4.0,,nar,2026-09-27,43.04,51.4,37.6,10.3,57.5,47.1,48.8,履歴少
202655092704,2026-09-27,4,カシノアミュレット,7.0,6.0,阿部龍,56.0,,9.0,1.0,佐賀,盛夏賞(B),1:59.6,3.3,晴,1.0,3.0,佐賀,九州優駿栄城賞(重賞),2:12.4,0.0,晴,2.0,3.0,佐賀,佐賀皐月賞(重賞),1:58.2,0.7,雨,1.0,3.0,佐賀,佐賀にじゅうまる賞(3歳),1:56.0,-0.5,晴,3.0,6.0,佐賀,飛燕賞(重賞),1:31.0,0.7,小雪,0.0,6.0,,nar,2026-09-27,53.79,77.3,42.1,69.6,6.5,50.0,59.2,佐賀実績 / クラス条件好転 / 履歴少 / 安定感
202636092704,2026-09-27,4,カゼヨウビ,7.0,7.0,小林凌,54.0,,10.0,10.0,水沢,C2七組,1:26.8,4.4,小雨,9.0,9.0,水沢,C2六組,1:25.2,4.0,雨,9.0,10.0,盛岡,C2六組,1:15.5,2.6,雨,7.0,7.0,盛岡,C2七組,1:15.6,1.8,曇,8.0,9.0,盛岡,C2六組,1:15.6,2.5,曇,109.1,9.0,,nar,2026-09-27,39.49,36.7,52.1,0.0,39.5,52.2,46.5,総合評価
202665092704,2026-09-27,4,キョウエイギンガ,4.0,4.0,菊池一樹,530.0,,,,,,,,,,,,,,,,,,,,,,,,,,,,,,,,,,,,,,,,nar,2026-09-27,36.0,35.0,35.0,35.0,35.0,35.0,45.0,履歴少
202654092704,2026-09-27,4,キンデアポチャン,3.0,3.0,木村直輝,55.0,,8.0,10.0,高知,3歳ー6,1:33.7,2.5,曇,5.0,5.0,高知,3歳ー6,1:28.2,3.6,晴,9.0,9.0,高知,ファイナルレース(3歳),0:51.5,2.1,晴,5.0,8.0,高知,ファイナルレース(3歳),1:33.0,0.8,曇,7.0,9.0,高知,3歳ー6,1:27.9,3.4,晴,268.8,9.0,,nar,2026-09-27,51.58,52.7,58.8,39.5,41.0,57.2,50.5,総合評価
202665092704,2026-09-27,4,ゴーゴーソウタ,9.0,8.0,村上章,530.0,,,,,,,,,,,,,,,,,,,,,,,,,,,,,,,,,,,,,,,,nar,2026-09-27,36.0,35.0,35.0,35.0,35.0,35.0,45.0,履歴少
202665092704,2026-09-27,4,サカノダンスクイン,3.0,3.0,船山蔵人,510.0,,,,,,,,,,,,,,,,,,,,,,,,,,,,,,,,,,,,,,,,nar,2026-09-27,36.18,35.0,35.0,35.0,35.0,35.0,46.8,履歴少
202655092704,2026-09-27,4,サキドリトッケン,3.0,3.0,渡辺竜也,54.0,,14.0,7.0,川崎,関東オークス【指定交(JpnII),2:22.6,4.6,晴,2.0,1.0,佐賀,九州優駿栄城賞(重賞),2:12.4,0.0,晴,1.0,1.0,佐賀,佐賀皐月賞(重賞),1:57.5,-0.7,雨,1.0,1.0,佐賀,ル・プランタン賞(重賞),2:01.2,0.0,晴,11.0,12.0,1阪神4,チューリップ賞(GII),1:34.9,0.6,晴,1.0,11.0,,nar,2026-09-27,44.51,59.3,34.1,59.3,0.0,47.5,59.5,佐賀実績 / 履歴少
202655092704,2026-09-27,4,シトリンテソーロ,4.0,4.0,田中直人,54.0,,1.0,1.0,佐賀,佐賀城特別,1:56.7,-0.8,曇,2.0,2.0,佐賀,ラグーン賞(B),1:29.9,0.0,晴,2.0,1.0,佐賀,清水の滝特別(3歳),1:29.8,0.2,小雨,1.0,1.0,佐賀,スターマイン特別(3歳),1:29.9,-0.2,雨,1.0,1.0,佐賀,3歳ー4組,1:32.7,-0.7,晴,0.0,3.0,,nar,2026-09-27,69.83,96.4,48.6,100.0,53.0,49.0,59.5,佐賀実績 / 履歴少 / 安定感
202665092704,2026-09-27,4,シャインクィーン,8.0,7.0,赤塚健仁,510.0,,,,,,,,,,,,,,,,,,,,,,,,,,,,,,,,,,,,,,,,nar,2026-09-27,36.0,35.0,35.0,35.0,35.0,35.0,45.0,履歴少
202654092704,2026-09-27,4,スズカローズキング,8.0,7.0,城野慈尚,57.0,,1.0,2.0,高知,3歳ー7,1:31.1,-0.9,曇,12.0,8.0,2小倉7,3歳未勝利,0:59.8,1.5,曇,6.0,4.0,園田,JRA交流氷ノ山特別,1:32.8,2.7,曇,11.0,14.0,1中京5,3歳未勝利,1:36.1,1.7,晴,13.0,7.0,4京都6,2歳未勝利,1:59.8,5.8,晴,3.0,1.0,,nar,2026-09-27,50.68,48.6,41.1,30.4,100.0,46.9,50.0,近走上向き
202655092704,2026-09-27,4,ダバイシュクレ,5.0,5.0,山口勲,56.0,,1.0,1.0,佐賀,C1ー3組,1:30.5,-0.1,晴,4.0,4.0,佐賀,佐賀城特別,1:57.9,1.2,曇,3.0,6.0,佐賀,佐賀ユーススプリント(重賞),1:28.8,0.8,雨,3.0,3.0,佐賀,Bー4組,1:30.4,1.1,曇,9.0,4.0,佐賀,九州優駿栄城賞(重賞),2:13.9,1.5,晴,0.0,4.0,,nar,2026-09-27,67.16,81.9,50.5,89.7,72.5,48.0,59.2,佐賀実績 / クラス条件好転 / 履歴少 / 近走上向き
202665092704,2026-09-27,4,ツカサブルージェイ,1.0,1.0,渡来心路,530.0,,,,,,,,,,,,,,,,,,,,,,,,,,,,,,,,,,,,,,,,nar,2026-09-27,36.18,35.0,35.0,35.0,35.0,35.0,46.8,履歴少 / 前走人気以上
202665092704,2026-09-27,4,ツカサロイヤル,7.0,7.0,西謙一,510.0,,,,,,,,,,,,,,,,,,,,,,,,,,,,,,,,,,,,,,,,nar,2026-09-27,36.0,35.0,35.0,35.0,35.0,35.0,45.0,履歴少
202654092704,2026-09-27,4,テンサラ,7.0,7.0,近藤翔月,56.0,,6.0,9.0,高知,3歳ー5,1:33.8,2.3,曇,6.0,8.0,高知,3歳ー6,1:28.5,3.9,晴,6.0,7.0,高知,3歳ー3,1:49.5,1.9,晴,8.0,1.0,高知,ファイナルレース(3歳),1:33.1,0.9,曇,6.0,6.0,高知,ファイナルレース(3歳),1:26.8,1.5,雨,120.4,7.0,,nar,2026-09-27,47.42,57.7,54.1,0.0,53.0,52.0,46.5,前走人気以上
202636092704,2026-09-27,4,ディーファンクス,6.0,6.0,斉藤友香,52.0,,7.0,7.0,水沢,C2六組,1:30.6,2.1,曇,4.0,6.0,盛岡,C2七組,1:15.2,0.9,雨,6.0,3.0,盛岡,C2八組,1:16.4,2.0,晴,4.0,8.0,盛岡,C2八組,1:13.6,0.5,曇,6.0,8.0,盛岡,C2七組,1:16.2,1.9,曇,16.3,6.0,,nar,2026-09-27,54.06,63.9,54.9,39.5,38.0,62.2,50.0,市場オッズ妙味
202655092704,2026-09-27,4,ニシノガウェイン,11.0,8.0,川島拓,56.0,,6.0,2.0,佐賀,一発逆転ファイナルレ,1:30.8,1.5,晴,2.0,8.0,佐賀,佐賀城特別,1:57.5,0.8,曇,7.0,5.0,佐賀,佐賀ユーススプリント(重賞),1:30.2,2.2,雨,2.0,2.0,佐賀,スターマイン特別(3歳),1:30.1,0.2,雨,8.0,3.0,佐賀,佐賀かささぎスプリン(重賞),1:24.5,1.4,晴,0.0,10.0,,nar,2026-09-27,51.77,69.4,45.6,39.5,42.5,45.0,52.6,クラス条件好転 / 履歴少
202665092704,2026-09-27,4,ハゴロモトレジャー,5.0,5.0,鈴木恵介,530.0,,,,,,,,,,,,,,,,,,,,,,,,,,,,,,,,,,,,,,,,nar,2026-09-27,36.0,35.0,35.0,35.0,35.0,35.0,45.0,履歴少
202636092704,2026-09-27,4,バイオレットモーヴ,3.0,3.0,高橋悠里,54.0,,9.0,9.0,水沢,C2七組,1:26.2,3.8,小雨,9.0,8.0,水沢,C2七組,1:26.9,3.2,曇,4.0,9.0,盛岡,C2五組,1:14.2,1.1,雨,9.0,8.0,盛岡,C2五組,1:14.8,1.6,晴,5.0,6.0,盛岡,C2五組,1:27.7,0.5,曇,76.2,8.0,,nar,2026-09-27,46.34,47.2,54.9,30.1,36.5,54.2,43.8,履歴少
202654092704,2026-09-27,4,パルミエ,4.0,4.0,山崎雅由,55.0,,14.0,12.0,2新潟8,3歳未勝利,1:57.8,2.7,晴,16.0,15.0,2新潟3,3歳未勝利,2:02.6,1.9,曇,10.0,12.0,2東京6,3歳未勝利,2:04.4,0.9,晴,15.0,6.0,2中山4,3歳未勝利,2:02.3,4.4,晴,5.0,5.0,1中山2,3歳未勝利,1:58.0,1.4,晴,16.3,6.0,,nar,2026-09-27,29.38,12.6,37.6,10.3,35.0,46.6,48.8,履歴少 / 市場オッズ妙味
202655092704,2026-09-27,4,パーティーメロディ,6.0,6.0,井上瑛太,54.0,,5.0,11.0,高知,黒潮菊花賞[地方交流(重賞),2:10.2,1.5,晴,7.0,9.0,高知,魚梁瀬杉特別(3歳),1:25.4,1.7,曇,7.0,8.0,高知,高知優駿(重賞),2:12.5,3.4,小雨,7.0,6.0,高知,山桃特別(3歳),2:07.1,3.1,晴,6.0,2.0,高知,日讃55周年記念特別(3歳),1:48.1,2.6,雨,0.0,5.0,,nar,2026-09-27,54.79,57.7,63.7,30.4,60.5,54.0,48.8,前走人気以上 / 履歴少
202654092704,2026-09-27,4,ビップマリク,6.0,6.0,永森大智,57.0,,10.0,10.0,2新潟4,3歳未勝利,1:48.2,0.7,曇,16.0,8.0,2東京9,3歳未勝利,1:34.9,1.2,曇,7.0,4.0,2東京4,3歳未勝利,1:35.7,0.9,曇,5.0,7.0,3中山7,3歳未勝利,1:34.5,0.3,晴,13.0,7.0,1中山8,3歳未勝利,2:01.3,4.3,晴,6.1,4.0,,nar,2026-09-27,33.98,29.1,29.6,14.6,51.5,42.3,48.8,履歴少
202654092704,2026-09-27,4,ピコマーキス,5.0,5.0,新庄海誠,57.0,,3.0,1.0,高知,3歳ー5,1:32.7,1.2,曇,1.0,2.0,高知,3歳ー8,1:26.0,-0.8,晴,14.0,16.0,3福島3,2歳未勝利,2:02.3,1.2,晴,11.0,10.0,4中山6,2歳未勝利,2:03.4,1.8,曇,13.0,9.0,3新潟4,2歳新馬,2:00.1,4.9,晴,3.2,2.0,,nar,2026-09-27,56.96,53.8,46.3,55.3,90.5,52.4,59.5,高知実績 / 履歴少 / 近走上向き
202636092704,2026-09-27,4,ファンタズマ,2.0,2.0,村上忍,56.0,,2.0,1.0,水沢,C2九組,1:24.1,0.3,小雨,5.0,5.0,水沢,C2九組,1:23.9,1.3,曇,5.0,4.0,盛岡,大船渡市観光物産協会(C1),1:27.2,0.4,曇,6.0,9.0,盛岡,C1,1:27.6,0.6,曇,6.0,8.0,盛岡,C1,1:28.7,1.8,曇,3.2,1.0,,nar,2026-09-27,64.21,73.3,51.0,75.1,71.0,56.9,59.5,水沢実績 / 履歴少 / 近走上向き / 安定感
202665092704,2026-09-27,4,フジゴーリキ,6.0,6.0,西将太,530.0,,,,,,,,,,,,,,,,,,,,,,,,,,,,,,,,,,,,,,,,nar,2026-09-27,36.0,35.0,35.0,35.0,35.0,35.0,45.0,履歴少
202655092704,2026-09-27,4,フラクタル,10.0,8.0,石川慎将,54.0,,1.0,1.0,佐賀,オッズパーク杯(C1),1:31.4,-1.6,小雨,5.0,2.0,佐賀,佐賀ユーススプリント(重賞),1:29.4,1.4,雨,6.0,2.0,佐賀,九州優駿栄城賞(重賞),2:13.3,0.9,晴,3.0,2.0,佐賀,佐賀かささぎスプリン(重賞),1:23.3,0.2,晴,1.0,2.0,佐賀,佐賀城下スプリント(重賞),1:22.6,-0.4,小雨,0.0,9.0,,nar,2026-09-27,61.79,81.8,38.9,80.2,66.5,43.0,59.2,佐賀実績 / クラス条件好転 / 履歴少 / 近走上向き
202654092704,2026-09-27,4,ベアエクスプレス,10.0,8.0,多田羅誠,55.0,,3.0,1.0,高知,3歳ー6,1:32.0,0.8,曇,14.0,6.0,2新潟8,3歳未勝利,1:58.3,3.6,晴,5.0,8.0,2新潟1,3歳未勝利,1:57.7,0.7,曇,6.0,11.0,2福島5,3歳未勝利,1:47.4,1.7,曇,10.0,15.0,2東京12,3歳未勝利,1:40.7,1.7,曇,4.2,3.0,,nar,2026-09-27,54.18,50.6,44.7,50.2,84.5,58.1,50.0,前走人気以上 / 近走上向き
202655092704,2026-09-27,4,ペイシャプレイ,1.0,1.0,下原理,54.0,,2.0,2.0,佐賀,一発逆転ファイナルレ,1:29.9,0.4,晴,9.0,5.0,高知,C3ー8,1:33.9,2.4,晴,2.0,1.0,高知,第8回SOOUP優駿(3歳),1:30.4,0.0,雨,6.0,1.0,高知,3歳ー2,1:25.7,1.2,雨,1.0,1.0,高知,3歳ー1,1:30.2,-0.2,曇,0.0,1.0,,nar,2026-09-27,55.08,74.2,36.5,60.5,65.0,40.0,48.8,履歴少 / 近走上向き / 安定感
202654092704,2026-09-27,4,マジックステラ,9.0,8.0,畑中信司,57.0,,9.0,11.0,高知,3歳ー6,1:35.3,4.1,曇,11.0,12.0,佐賀,一発逆転ファイナルレ,1:34.3,4.8,晴,10.0,9.0,高知,3歳ー6,1:29.1,4.5,晴,8.0,8.0,高知,3歳ー7,0:52.5,2.8,晴,4.0,9.0,高知,ファイナルレース(3歳),1:32.9,0.7,曇,228.9,8.0,,nar,2026-09-27,43.35,35.7,58.2,10.3,45.5,55.5,49.0,総合評価
202636092704,2026-09-27,4,ミヤビノオウザ,5.0,5.0,鈴木祐,56.0,,9.0,10.0,水沢,C2六組,1:32.1,3.6,曇,8.0,8.0,水沢,C2六組,1:24.2,3.0,雨,5.0,3.0,盛岡,C2八組,1:16.3,2.6,曇,4.0,5.0,盛岡,C2八組,1:16.4,2.0,晴,4.0,7.0,盛岡,C2九組,1:14.9,2.7,曇,71.5,7.0,,nar,2026-09-27,48.62,54.3,52.6,44.7,27.5,55.5,43.8,履歴少
202665092704,2026-09-27,4,モンスター,2.0,2.0,長澤幸太,520.0,,,,,,,,,,,,,,,,,,,,,,,,,,,,,,,,,,,,,,,,nar,2026-09-27,36.18,35.0,35.0,35.0,35.0,35.0,46.8,履歴少
202636092704,2026-09-27,4,ヤマニンバルトロ,8.0,8.0,山本聡紀,56.0,,3.0,8.0,水沢,C2七組,1:23.7,1.3,小雨,6.0,7.0,水沢,C2七組,1:25.1,1.4,曇,10.0,11.0,盛岡,いわてくじ山形村短角(C1),1:28.2,1.9,曇,9.0,10.0,盛岡,C1三組,1:28.7,3.3,曇,11.0,9.0,盛岡,B2,1:28.2,1.7,晴,3.8,2.0,,nar,2026-09-27,57.37,53.3,63.3,30.4,86.0,58.2,51.2,水沢実績 / 前走人気以上 / 履歴少 / 近走上向き
202665092704,2026-09-27,4,ヨーコ,10.0,8.0,中村太陽,510.0,,,,,,,,,,,,,,,,,,,,,,,,,,,,,,,,,,,,,,,,nar,2026-09-27,36.0,35.0,35.0,35.0,35.0,35.0,45.0,履歴少
202655092704,2026-09-27,4,ラウダーティオ,2.0,2.0,飛田愛斗,56.0,,3.0,1.0,佐賀,祝30周年!SPAT(A2),1:32.0,0.0,曇,2.0,1.0,佐賀,佐賀ユーススプリント(重賞),1:28.4,0.4,雨,3.0,4.0,佐賀,吉野ヶ里記念(重賞),1:28.2,0.6,曇,1.0,1.0,佐賀,佐賀かささぎスプリン(重賞),1:23.1,-0.1,晴,4.0,1.0,佐賀,佐賀城下スプリント(重賞),1:23.3,0.7,小雨,0.0,2.0,,nar,2026-09-27,65.06,87.5,43.2,100.0,47.0,45.0,62.5,佐賀実績 / クラス条件好転 / 履歴少 / 安定感
202654092704,2026-09-27,4,ラヴィニアパーク,1.0,1.0,岡村卓弥,57.0,,5.0,4.0,高知,3歳ー5,1:33.2,1.7,曇,1.0,2.0,高知,3歳ー7,1:27.0,-0.5,晴,8.0,6.0,1函館4,3歳未勝利,2:40.5,3.8,小雨,11.0,7.0,2東京4,3歳未勝利,1:48.8,1.3,曇,6.0,4.0,2中山8,3歳未勝利,1:57.6,2.2,晴,8.4,5.0,,nar,2026-09-27,54.88,63.4,41.3,55.3,59.0,53.9,59.5,高知実績 / 履歴少
202655092704,2026-09-27,4,リリーベネット,8.0,7.0,椿聡太,54.0,,4.0,2.0,佐賀,さそり座特選(C2),1:32.2,1.2,曇,2.0,2.0,佐賀,九州馬主協会☆結☆佐,1:33.3,0.0,晴,1.0,2.0,佐賀,3歳ー2組,1:31.5,-0.5,曇,3.0,9.0,佐賀,JRA交流大隅特別,1:28.9,0.2,雨,12.0,12.0,佐賀,九州優駿栄城賞(重賞),2:17.0,4.6,晴,0.0,7.0,,nar,2026-09-27,65.42,79.3,53.3,89.7,53.0,55.0,56.2,佐賀実績 / 履歴少 / 安定感
202655092704,2026-09-27,4,ワイズポーシャ,9.0,7.0,山田義貴,56.0,,8.0,8.0,佐賀,一発逆転ファイナルレ,1:32.0,2.7,晴,5.0,7.0,佐賀,佐賀城特別,1:58.3,1.6,曇,8.0,10.0,佐賀,佐賀ユーススプリント(重賞),1:30.4,2.4,雨,4.0,6.0,佐賀,あじさい特別(B),1:24.0,1.2,小雨,10.0,7.0,佐賀,九州優駿栄城賞(重賞),2:14.2,1.8,晴,0.0,8.0,,nar,2026-09-27,50.83,53.0,56.1,39.5,42.5,53.0,52.6,クラス条件好転 / 履歴少
202636092705,2026-09-27,5,アンジュリオ,9.0,7.0,坂井瑛音,53.0,,7.0,6.0,水沢,3歳C2四組,1:23.7,1.8,曇,4.0,3.0,盛岡,3歳C2五組,1:14.3,0.5,曇,2.0,8.0,盛岡,3歳C2八組,1:13.1,0.5,曇,15.0,14.0,2福島4,3歳未勝利,2:02.4,15.1,晴,12.0,14.0,1新潟6,3歳未勝利,1:14.3,1.6,晴,28.5,7.0,,nar,2026-09-27,53.93,54.2,54.9,44.7,57.5,59.5,50.0,市場オッズ妙味
202654092705,2026-09-27,5,アーユーリアル,5.0,5.0,上田将司,55.0,,7.0,11.0,高知,3歳ー4,1:35.1,3.2,曇,11.0,11.0,高知,3歳ー5,1:30.3,3.0,晴,8.0,8.0,高知,3歳ー2,1:49.6,3.6,晴,11.0,11.0,高知,3歳ー4,1:33.6,2.6,曇,10.0,9.0,高知,3歳ー4,1:27.5,2.3,晴,222.5,10.0,,nar,2026-09-27,43.97,35.3,57.8,0.0,68.0,52.9,46.5,前走人気以上 / 近走上向き
202655092705,2026-09-27,5,エスケーダンディ,3.0,3.0,飛田愛斗,56.0,,3.0,6.0,佐賀,馬もノリノリ!黒い海(C2),1:26.9,0.6,曇,9.0,9.0,佐賀,リスナーとの絆!ミク(C2),1:35.5,2.4,晴,10.0,5.0,佐賀,C2ー4組,1:34.9,2.8,曇,11.0,8.0,高知,ファイナルレース(C3),1:26.3,2.6,曇,10.0,9.0,高知,ファイナルレース(C3),1:33.8,3.4,曇,77.0,5.0,,nar,2026-09-27,50.15,45.8,45.7,30.4,92.0,47.7,49.8,前走人気以上 / 近走上向き
202654092705,2026-09-27,5,エスケーブラッド,8.0,7.0,郷間勇太,57.0,,9.0,9.0,高知,3歳ー4,1:35.7,3.8,曇,7.0,10.0,高知,3歳ー5,1:29.6,2.3,晴,7.0,6.0,高知,3歳ー7,0:51.4,1.7,晴,9.0,7.0,高知,ファイナルレース(3歳),1:33.2,1.0,曇,8.0,12.0,高知,3歳ー4,1:27.2,2.0,晴,177.0,8.0,,nar,2026-09-27,42.78,44.0,54.7,0.0,42.5,54.2,46.5,総合評価
202655092705,2026-09-27,5,エスプラネード,7.0,7.0,後藤武蔵,51.0,,7.0,2.0,佐賀,C2ー10組,1:27.4,1.0,曇,4.0,2.0,佐賀,ミクチャ愛届けるFU(C2),1:26.8,0.9,晴,2.0,2.0,佐賀,C2ー6組,1:32.7,0.4,曇,2.0,4.0,佐賀,C2ー7組,1:25.6,0.2,曇,3.0,4.0,佐賀,SAGAリベンジャー(C2),1:32.3,0.4,曇,78.7,6.0,,nar,2026-09-27,54.14,75.0,38.6,69.6,24.5,50.9,54.5,佐賀実績 / 安定感
202654092705,2026-09-27,5,エナジーアユ,6.0,6.0,木村直輝,55.0,,2.0,5.0,高知,3歳ー5,1:31.5,0.0,曇,3.0,1.0,高知,3歳ー5,1:28.2,0.9,晴,1.0,1.0,高知,3歳ー8,0:48.9,-1.3,晴,4.0,6.0,高知,3歳ー6,1:31.4,2.7,曇,,,高知,3歳ー7,,,晴,5.1,3.0,,nar,2026-09-27,69.42,88.9,55.5,89.7,54.0,59.4,56.4,高知実績 / 前走人気以上 / 安定感
202654092705,2026-09-27,5,オーケートムボーイ,3.0,3.0,畑中信司,55.0,,6.0,2.0,高知,3歳ー4,1:34.3,2.4,曇,2.0,2.0,高知,3歳ー5,1:27.5,0.2,晴,1.0,1.0,高知,3歳ー4,1:48.6,0.0,晴,3.0,1.0,高知,3歳ー5,1:32.4,0.4,曇,2.0,2.0,高知,3歳ー7,1:25.4,0.0,晴,13.9,5.0,,nar,2026-09-27,57.56,82.7,39.4,69.6,26.0,57.3,54.5,高知実績 / 安定感 / 市場オッズ妙味
202654092705,2026-09-27,5,カミイダイヤモンド,1.0,1.0,近藤翔月,56.0,,12.0,11.0,高知,3歳ー5,1:37.7,6.2,曇,8.0,8.0,船橋,3歳七,1:20.7,3.9,曇,10.0,11.0,船橋,3歳五,1:21.3,4.6,晴,11.0,11.0,浦和,3歳七 選抜馬ア,1:34.1,4.2,雨,8.0,9.0,船橋,3歳七,1:20.2,2.1,曇,433.1,11.0,,nar,2026-09-27,35.97,27.6,50.0,0.0,33.5,51.6,50.0,総合評価
202636092705,2026-09-27,5,コシタンタン,5.0,5.0,菅原辰徳,54.0,,11.0,5.0,水沢,3歳C2三組,1:35.6,4.6,小雨,3.0,2.0,盛岡,3歳C2五組,1:14.1,0.3,曇,10.0,9.0,1札幌3,3歳未勝利,1:00.7,1.7,曇,4.0,6.0,1函館11,3歳未勝利,1:00.1,0.5,曇,6.0,8.0,1函館6,3歳未勝利,1:00.0,1.4,晴,21.7,6.0,,nar,2026-09-27,41.97,49.8,37.6,39.5,18.5,50.2,50.0,市場オッズ妙味
202655092705,2026-09-27,5,サウンドジュテ,1.0,1.0,山口勲,54.0,,1.0,2.0,佐賀,C2ー19組,1:24.0,-1.4,曇,11.0,10.0,3阪神5,3歳未勝利,1:14.7,2.0,曇,8.0,6.0,3京都2,3歳未勝利,1:14.1,2.2,晴,10.0,5.0,1小倉1,3歳未勝利,1:01.6,2.2,曇,3.0,5.0,1京都2,3歳新馬,1:14.0,0.5,晴,3.4,2.0,,nar,2026-09-27,54.54,56.8,44.0,40.7,92.0,52.0,48.8,履歴少 / 近走上向き
202665092705,2026-09-27,5,サカノオオオク,1.0,1.0,船山蔵人,600.0,,,,,,,,,,,,,,,,,,,,,,,,,,,,,,,,,,,,,,,,nar,2026-09-27,36.0,35.0,35.0,35.0,35.0,35.0,45.0,履歴少
202636092705,2026-09-27,5,サンアイディール,3.0,3.0,佐々木志,54.0,,5.0,8.0,水沢,3歳C2四組,1:22.9,1.0,曇,5.0,1.0,盛岡,3歳C2五組,1:14.4,0.6,曇,2.0,2.0,盛岡,3歳C2七組,1:13.3,0.9,曇,16.0,12.0,1函館5,3歳未勝利,1:11.2,2.0,晴,11.0,10.0,3京都2,3歳未勝利,1:08.6,1.1,晴,5.8,3.0,,nar,2026-09-27,56.81,57.9,44.6,75.1,71.0,53.6,48.8,前走人気以上 / 履歴少 / 近走上向き / 安定感
202654092705,2026-09-27,5,サンシャインビーチ,7.0,6.0,西森将司,55.0,,2.0,4.0,高知,3歳ー6,1:31.2,0.0,曇,11.0,8.0,2中京5,3歳未勝利,1:14.5,1.6,曇,10.0,12.0,2小倉2,3歳未勝利,1:10.2,1.2,曇,11.0,8.0,3京都3,3歳未勝利,1:13.2,1.7,晴,5.0,8.0,2阪神7,3歳未勝利,1:13.6,2.0,晴,4.1,2.0,,nar,2026-09-27,54.35,48.4,50.9,40.7,93.5,54.3,48.8,履歴少 / 近走上向き
202654092705,2026-09-27,5,サンライズジャッジ,10.0,8.0,城野慈尚,57.0,,1.0,5.0,高知,3歳ー6,1:31.2,0.0,曇,14.0,14.0,2中京3,3歳未勝利,2:02.4,7.8,晴,9.0,6.0,1福島2,3歳未勝利,1:49.0,3.3,晴,5.0,4.0,1中京3,3歳未勝利,1:57.1,1.4,晴,7.0,9.0,1阪神6,3歳未勝利,1:56.7,0.8,曇,1.7,1.0,,nar,2026-09-27,57.28,52.8,54.8,45.0,96.5,53.6,48.8,前走人気以上 / 履歴少 / 近走上向き
202665092705,2026-09-27,5,シャインサクラ,2.0,2.0,金田利貴,600.0,,,,,,,,,,,,,,,,,,,,,,,,,,,,,,,,,,,,,,,,nar,2026-09-27,36.0,35.0,35.0,35.0,35.0,35.0,45.0,履歴少
202655092705,2026-09-27,5,シーメジャー,2.0,2.0,出水拓人,54.0,,4.0,5.0,佐賀,9月6日は黒い海苔の(C2),1:34.0,0.6,曇,11.0,11.0,浦和,朝顔特別(C3),1:31.5,1.9,雨,8.0,8.0,船橋,C2四 五,1:41.4,2.2,曇,8.0,9.0,浦和,桶川宿賞(C2),1:32.9,2.2,曇,10.0,10.0,船橋,C2四 五六 イ(C2五),1:19.2,2.5,曇,92.8,7.0,,nar,2026-09-27,51.67,46.1,53.1,30.4,81.5,52.9,51.8,クラス条件好転 / 履歴少 / 近走上向き
202655092705,2026-09-27,5,ジャスタパーティー,9.0,8.0,加茂飛翔,56.0,,5.0,3.0,佐賀,9月6日は黒い海苔の(C2),1:34.2,0.8,曇,6.0,7.0,佐賀,一発逆転ファイナルレ,1:33.8,2.7,晴,2.0,3.0,笠松,あおばお誕生日おめで(C),1:46.6,0.2,晴,6.0,8.0,笠松,流研一セカンドライフ(C),1:31.7,1.1,晴,4.0,7.0,笠松,C2組,1:31.3,0.2,雨,57.0,4.0,,nar,2026-09-27,58.42,70.4,53.1,60.5,47.0,56.8,51.2,佐賀実績 / 履歴少 / 安定感
202655092705,2026-09-27,5,スターティアラ,10.0,8.0,青海大樹,53.0,,10.0,9.0,佐賀,C2ー10組,1:28.4,2.0,曇,6.0,11.0,佐賀,ヘルクレス座特選(C2),0:55.8,1.0,晴,,,佐賀,夏至賞(C2),,,雨,6.0,4.0,佐賀,芒種賞(C2),1:33.1,1.0,晴,3.0,7.0,佐賀,C2ー3組,1:31.7,1.7,曇,224.7,9.0,,nar,2026-09-27,45.09,51.0,59.3,10.3,20.0,57.5,49.0,前走人気以上
202636092705,2026-09-27,5,スパンキーウェーブ,1.0,1.0,山本政聡,54.0,,10.0,10.0,水沢,3歳C2四組,1:26.8,4.9,曇,12.0,11.0,盛岡,3歳C2四組,1:16.0,2.6,曇,10.0,10.0,盛岡,3歳C2五組,1:16.2,2.1,曇,10.0,8.0,盛岡,3歳C2四組,1:15.8,2.3,晴,6.0,11.0,盛岡,安比高原夏休み賞(3歳C2),1:16.0,2.7,曇,106.0,10.0,,nar,2026-09-27,37.43,27.3,49.8,0.0,47.0,52.2,48.8,履歴少
202655092705,2026-09-27,5,スマートピリカ,4.0,4.0,竹吉徹,54.0,,8.0,6.0,佐賀,9月6日は黒い海苔の(C2),1:34.7,1.3,曇,1.0,9.0,佐賀,サガデーナイト競馬賞(C2),1:33.3,-0.1,曇,9.0,8.0,佐賀,SAGAリベンジャー(C2),1:34.9,2.4,晴,7.0,6.0,佐賀,SAGAリベンジャー(C2),1:33.3,1.4,曇,7.0,6.0,佐賀,C2ー8組,1:26.5,1.6,晴,105.8,8.0,,nar,2026-09-27,49.74,58.4,56.6,24.9,38.0,54.6,46.3,履歴少
202665092705,2026-09-27,5,タカラエビス,7.0,7.0,林康文,620.0,,,,,,,,,,,,,,,,,,,,,,,,,,,,,,,,,,,,,,,,nar,2026-09-27,36.18,35.0,35.0,35.0,35.0,35.0,46.8,履歴少
202655092705,2026-09-27,5,タマモルピナス,8.0,7.0,田中純,54.0,,9.0,1.0,佐賀,C2ー10組,1:28.3,1.9,曇,7.0,8.0,名古屋,B6組,1:38.1,1.9,晴,8.0,5.0,名古屋,B5組,1:37.4,1.1,晴,5.0,6.0,名古屋,彦星大空戦(B),2:19.3,1.7,曇,1.0,6.0,名古屋,ちひろとはると付き合(B),1:36.9,-0.2,曇,26.7,3.0,,nar,2026-09-27,41.84,52.9,35.2,24.9,27.5,52.1,50.0,市場オッズ妙味
202636092705,2026-09-27,5,ターコイズテソーロ,10.0,8.0,阿部英俊,54.0,,9.0,11.0,水沢,3歳C2四組,1:25.5,3.6,曇,10.0,8.0,盛岡,3歳C2五組,1:15.9,2.1,曇,12.0,11.0,名古屋,3歳9組,1:44.0,6.5,晴,12.0,11.0,名古屋,きょうかちゃん生誕記(3歳),1:41.7,5.0,晴,5.0,6.0,名古屋,3歳9組,1:39.6,3.3,晴,81.2,8.0,,nar,2026-09-27,39.74,29.1,49.1,10.3,54.5,50.3,50.0,総合評価
202665092705,2026-09-27,5,ダイコウシン,10.0,8.0,西将太,620.0,,,,,,,,,,,,,,,,,,,,,,,,,,,,,,,,,,,,,,,,nar,2026-09-27,36.0,35.0,35.0,35.0,35.0,35.0,45.0,履歴少
202665092705,2026-09-27,5,チェルシーヴォラ,5.0,5.0,大友一馬,600.0,,,,,,,,,,,,,,,,,,,,,,,,,,,,,,,,,,,,,,,,nar,2026-09-27,36.18,35.0,35.0,35.0,35.0,35.0,46.8,履歴少
202636092705,2026-09-27,5,トーセンアミューズ,11.0,8.0,山本聡哉,56.0,,3.0,5.0,水沢,3歳C2五組,1:24.1,0.6,雨,5.0,4.0,盛岡,3歳C2六組,1:14.6,1.6,曇,7.0,3.0,盛岡,3歳C2六組,1:14.9,1.4,曇,7.0,1.0,盛岡,3歳C2五組,1:14.4,1.2,晴,7.0,11.0,1函館4,3歳未勝利,2:38.7,2.0,小雨,3.1,2.0,,nar,2026-09-27,56.15,65.7,43.7,55.3,71.0,51.6,48.8,履歴少 / 近走上向き
202665092705,2026-09-27,5,ハゴロモディアナ,3.0,3.0,西謙一,600.0,,,,,,,,,,,,,,,,,,,,,,,,,,,,,,,,,,,,,,,,nar,2026-09-27,36.0,35.0,35.0,35.0,35.0,35.0,45.0,履歴少
202636092705,2026-09-27,5,ヒャクギマル,8.0,7.0,高橋悠里,56.0,,6.0,13.0,3中京1,3歳未勝利,1:08.3,0.4,晴,12.0,11.0,2小倉5,3歳未勝利,1:09.6,1.3,晴,3.0,13.0,2小倉3,3歳未勝利,1:09.9,0.6,雨,18.0,14.0,2阪神1,3歳未勝利,1:36.7,2.7,晴,14.0,14.0,5阪神2,2歳未勝利,1:29.0,3.3,晴,2.1,1.0,,nar,2026-09-27,54.37,37.8,72.9,19.8,84.5,58.6,55.7,前走人気以上 / 小倉実績 / 人気以上に走る傾向 / 近走上向き
202655092705,2026-09-27,5,ビサイレント,5.0,5.0,石川慎将,54.0,,1.0,1.0,佐賀,SAGAリベンジャー(C2),1:32.7,0.0,曇,1.0,1.0,佐賀,C2ー30組,1:31.8,-0.6,晴,15.0,13.0,2小倉5,3歳未勝利,1:09.7,1.4,晴,16.0,11.0,2小倉1,3歳未勝利,1:49.7,2.5,曇,9.0,14.0,3京都1,3歳未勝利,1:33.4,1.1,晴,1.2,1.0,,nar,2026-09-27,58.72,59.0,45.7,55.3,100.0,49.5,56.4,佐賀実績 / 近走上向き
202665092705,2026-09-27,5,ビューティーレディ,6.0,6.0,阿部優哉,600.0,,,,,,,,,,,,,,,,,,,,,,,,,,,,,,,,,,,,,,,,nar,2026-09-27,36.18,35.0,35.0,35.0,35.0,35.0,46.8,履歴少
202636092705,2026-09-27,5,ファビュラスベガス,4.0,4.0,村上忍,54.0,,11.0,4.0,名古屋,金シャチ最終戦(3歳),1:41.0,3.4,晴,11.0,7.0,名古屋,ハンブルグ疾風戦(3歳),0:59.2,2.0,晴,9.0,2.0,名古屋,夏波賞(3歳),0:59.5,3.1,晴,5.0,5.0,名古屋,白雲賞(3歳),1:53.6,1.7,晴,3.0,3.0,名古屋,3歳11組,1:38.4,1.0,晴,10.3,4.0,,nar,2026-09-27,31.44,36.8,18.4,24.9,26.0,40.9,48.8,履歴少
202654092705,2026-09-27,5,ベンガルボダイジュ,4.0,4.0,山崎雅由,57.0,,6.0,8.0,門別,リゲル特別(C1),1:16.2,1.5,曇,11.0,15.0,3東京5,3歳未勝利,1:38.4,2.3,雨,6.0,8.0,船橋,ナイスビット特別(3歳未格),1:47.3,2.5,曇,9.0,9.0,3中山1,3歳1勝クラス,1:52.0,1.7,晴,11.0,13.0,2中山5,3歳未勝利,1:57.9,4.2,晴,10.8,4.0,,nar,2026-09-27,49.34,42.4,65.4,0.0,69.5,61.1,48.8,履歴少 / 人気以上に走る傾向 / 近走上向き
202665092705,2026-09-27,5,ホクセイコウヘイ,4.0,4.0,渡来心路,620.0,,,,,,,,,,,,,,,,,,,,,,,,,,,,,,,,,,,,,,,,nar,2026-09-27,36.18,35.0,35.0,35.0,35.0,35.0,46.8,履歴少
202655092705,2026-09-27,5,マヘアラニ,6.0,6.0,田中直人,54.0,,6.0,8.0,佐賀,C2ー10組,1:27.1,0.7,曇,5.0,7.0,佐賀,ミクチャ愛届けるFU(C2),1:27.0,1.1,晴,3.0,4.0,佐賀,C2ー11組,1:33.0,1.4,雨,8.0,7.0,佐賀,C2ー11組,1:34.3,2.9,晴,3.0,10.0,佐賀,C2ー11組,1:33.6,0.4,晴,250.4,10.0,,nar,2026-09-27,59.37,66.9,63.2,55.0,42.5,60.6,52.9,佐賀実績 / 履歴少
202654092705,2026-09-27,5,メイジョウエナジー,11.0,8.0,塚本直之,52.0,,10.0,10.0,高知,3歳ー5,1:35.9,4.4,曇,6.0,9.0,高知,3歳ー5,1:29.1,1.8,晴,8.0,8.0,高知,ファイナルレース(3歳),0:51.4,2.0,晴,6.0,2.0,高知,ファイナルレース(3歳),1:33.1,0.9,曇,11.0,10.0,高知,3歳ー4,1:27.7,2.5,晴,99.1,7.0,,nar,2026-09-27,40.21,43.0,50.4,0.0,36.5,50.3,46.5,総合評価
202665092705,2026-09-27,5,モトイチヒメ,9.0,8.0,島津新,600.0,,,,,,,,,,,,,,,,,,,,,,,,,,,,,,,,,,,,,,,,nar,2026-09-27,36.18,35.0,35.0,35.0,35.0,35.0,46.8,履歴少
202665092705,2026-09-27,5,ラブファンタジー,8.0,7.0,阿部武臣,600.0,,,,,,,,,,,,,,,,,,,,,,,,,,,,,,,,,,,,,,,,nar,2026-09-27,36.0,35.0,35.0,35.0,35.0,35.0,45.0,履歴少
202636092705,2026-09-27,5,ララムーティエ,7.0,6.0,岩本怜,54.0,,2.0,11.0,水沢,3歳C2六組,1:23.7,0.2,小雨,10.0,8.0,盛岡,うまレター賞(3歳C2),1:16.4,2.4,曇,5.0,9.0,盛岡,3歳C2七組,1:15.8,3.4,曇,8.0,10.0,盛岡,3歳C2七組,1:16.5,3.2,晴,8.0,8.0,盛岡,3歳C2七組,1:17.5,2.9,曇,16.4,5.0,,nar,2026-09-27,65.08,59.3,73.2,50.2,84.5,70.4,48.8,前走人気以上 / 履歴少 / 人気以上に走る傾向 / 近走上向き
202636092705,2026-09-27,5,リトルエンジェル,6.0,6.0,塚本涼人,54.0,,12.0,11.0,水沢,3歳C2三組,1:36.0,5.0,小雨,6.0,10.0,盛岡,3歳C2四組,1:14.7,1.3,曇,5.0,7.0,盛岡,3歳C2五組,1:14.9,0.8,曇,6.0,6.0,盛岡,3歳C2四組,1:14.6,1.1,晴,4.0,7.0,盛岡,うまレター賞(3歳C2),1:15.8,1.7,曇,142.2,11.0,,nar,2026-09-27,45.54,48.6,59.8,30.1,9.5,56.8,48.8,履歴少
202654092705,2026-09-27,5,レンジシ,2.0,2.0,新庄海誠,57.0,,9.0,6.0,高知,3歳ー5,1:35.0,3.5,曇,9.0,4.0,高知,3歳ー5,1:30.0,2.7,晴,6.0,2.0,高知,3歳ー7,0:50.7,1.0,晴,3.0,8.0,高知,3歳ー4,1:31.7,0.7,曇,8.0,3.0,高知,3歳ー5,1:27.2,2.7,晴,56.1,6.0,,nar,2026-09-27,37.94,48.6,30.9,14.6,35.0,43.8,48.5,総合評価
202654092705,2026-09-27,5,ヴィルアヴァンセ,9.0,7.0,濱尚美,55.0,,11.0,9.0,高知,3歳ー4,1:36.5,4.6,曇,10.0,11.0,佐賀,一発逆転ファイナルレ,1:33.6,4.1,晴,9.0,10.0,高知,3歳ー4,1:30.3,3.2,晴,10.0,7.0,高知,ファイナルレース(3歳),0:51.5,2.1,晴,8.0,6.0,高知,3歳ー3,1:33.4,2.3,曇,212.2,9.0,,nar,2026-09-27,34.78,28.8,44.4,0.0,39.5,47.7,46.5,総合評価
202636092705,2026-09-27,5,ヴィーナスキック,2.0,2.0,斉藤友香,50.0,,9.0,9.0,水沢,3歳C2三組,1:34.1,3.1,小雨,11.0,7.0,盛岡,3歳C2四組,1:15.9,2.5,曇,7.0,12.0,盛岡,3歳C2四組,1:14.6,1.1,曇,9.0,9.0,盛岡,3歳C2四組,1:15.7,2.2,晴,9.0,7.0,盛岡,安比高原夏休み賞(3歳C2),1:16.6,3.3,曇,88.8,9.0,,nar,2026-09-27,39.4,35.2,48.5,0.0,50.0,50.3,48.8,履歴少
202665092706,2026-09-27,6,アオノメビウス,3.0,3.0,船山蔵人,610.0,,,,,,,,,,,,,,,,,,,,,,,,,,,,,,,,,,,,,,,,nar,2026-09-27,36.18,35.0,35.0,35.0,35.0,35.0,46.8,履歴少 / 前走人気以上
202665092706,2026-09-27,6,アグライア,4.0,4.0,赤塚健仁,610.0,,,,,,,,,,,,,,,,,,,,,,,,,,,,,,,,,,,,,,,,nar,2026-09-27,36.0,35.0,35.0,35.0,35.0,35.0,45.0,履歴少
202665092706,2026-09-27,6,アサヒファイヤー,2.0,2.0,阿部優哉,630.0,,,,,,,,,,,,,,,,,,,,,,,,,,,,,,,,,,,,,,,,nar,2026-09-27,36.0,35.0,35.0,35.0,35.0,35.0,45.0,履歴少
202654092706,2026-09-27,6,アンファンテリブル,2.0,2.0,塚本直之,52.0,,9.0,7.0,高知,C3ー11,1:29.3,7.3,晴,,,高知,C3ー11,,,曇,7.0,3.0,高知,フルーツトマト特別(C3),1:27.1,1.5,晴,10.0,7.0,高知,ファイナルレース(C3),1:24.8,2.6,雨,2.0,5.0,高知,C3ー9,1:49.8,0.9,晴,98.8,8.0,,nar,2026-09-27,38.51,46.4,35.8,10.3,34.0,46.7,50.8,クラス条件好転
202654092706,2026-09-27,6,エンファサイズ,9.0,8.0,西森将司,57.0,,2.0,5.0,高知,C3ー15,1:23.3,0.6,晴,16.0,13.0,3東京2,小金井特別(2勝クラス),1:40.1,3.8,曇,8.0,11.0,2東京7,立川特別(2勝クラス),1:25.2,1.3,晴,6.0,15.0,1中京6,鈴鹿特別(2勝クラス),1:25.2,0.7,晴,,16.0,1東京1,4歳以上2勝クラス,,,晴,3.7,3.0,,nar,2026-09-27,59.59,50.6,66.2,30.4,98.0,63.9,51.8,クラス条件好転 / 前走人気以上 / 履歴少 / 人気以上に走る傾向
202655092706,2026-09-27,6,キャラメルコード,12.0,8.0,小松丈二,54.0,,5.0,10.0,佐賀,C2ー10組,1:27.0,0.6,曇,6.0,11.0,佐賀,令和8年熊本地震被災(C2),1:27.4,2.0,晴,11.0,12.0,佐賀,ヘルクレス座特選(C2),0:57.0,2.2,晴,,,佐賀,夏至賞(C2),,,雨,9.0,10.0,佐賀,こぐま座特選(C2),1:33.0,2.4,晴,47.4,8.0,,nar,2026-09-27,58.44,50.7,75.1,30.4,72.0,64.5,49.0,前走人気以上 / 人気以上に走る傾向 / 近走上向き / 市場オッズ妙味
202665092706,2026-09-27,6,クリスタルプライド,9.0,8.0,金田利貴,610.0,,,,,,,,,,,,,,,,,,,,,,,,,,,,,,,,,,,,,,,,nar,2026-09-27,36.18,35.0,35.0,35.0,35.0,35.0,46.8,履歴少
202636092706,2026-09-27,6,グレイスルーラー,1.0,1.0,高松亮,54.0,,7.0,4.0,水沢,3歳C2三組,1:33.4,2.4,小雨,,14.0,1札幌5,3歳未勝利,,,曇,11.0,8.0,2福島8,3歳未勝利,2:01.4,2.0,晴,3.0,8.0,2福島1,3歳未勝利,1:48.6,0.7,晴,13.0,5.0,3中山7,3歳未勝利,1:35.8,1.6,晴,17.7,5.0,,nar,2026-09-27,41.45,43.2,35.1,14.6,62.0,48.2,50.0,市場オッズ妙味
202655092706,2026-09-27,6,グレナマディー,7.0,6.0,田中直人,54.0,,11.0,11.0,佐賀,ダンビュライト賞(C2),1:27.1,2.0,曇,8.0,11.0,佐賀,UMATENA賞(C2),1:34.8,3.6,晴,7.0,8.0,佐賀,C2ー3組,1:34.6,3.0,曇,,,佐賀,夏至賞(C2),,,雨,7.0,11.0,佐賀,芒種賞(C2),1:33.1,1.0,晴,107.2,12.0,,nar,2026-09-27,41.44,38.3,61.1,0.0,28.0,57.4,46.5,総合評価
202655092706,2026-09-27,6,コスモサンブライト,4.0,4.0,長田進仁,54.0,,3.0,8.0,佐賀,9月6日は黒い海苔の(C2),1:33.8,0.4,曇,3.0,5.0,佐賀,リスナーとの絆!ミク(C2),1:33.5,0.4,晴,6.0,7.0,笠松,幸さん所属おめでとう(C),1:33.9,1.5,雨,5.0,4.0,笠松,C9組,1:34.6,0.8,晴,3.0,4.0,笠松,C級サバイバル,1:32.9,0.2,晴,14.5,6.0,,nar,2026-09-27,68.99,76.9,65.2,80.2,57.5,66.6,59.5,佐賀実績 / 前走人気以上 / 履歴少 / 人気以上に走る傾向
202655092706,2026-09-27,6,サーマル,2.0,2.0,椿聡太,53.0,,4.0,7.0,佐賀,C2ー10組,1:27.0,0.6,曇,9.0,10.0,佐賀,令和8年熊本地震被災(C2),1:27.7,2.3,晴,4.0,6.0,佐賀,C2ー4組,1:32.9,0.8,曇,10.0,10.0,佐賀,C2ー3組,1:34.2,2.4,曇,8.0,9.0,佐賀,C2ー3組,1:25.8,2.1,晴,59.5,9.0,,nar,2026-09-27,58.28,55.7,61.6,50.2,72.5,58.1,50.5,前走人気以上 / 近走上向き
202636092706,2026-09-27,6,シャイニーテースト,7.0,6.0,坂井瑛音,53.0,,7.0,5.0,盛岡,2歳,1:32.0,3.3,曇,6.0,3.0,盛岡,2歳,1:31.4,3.2,曇,8.0,12.0,門別,2歳牝馬未勝利,1:04.0,1.7,曇,7.0,5.0,門別,優駿の里サラブレッド(2歳),1:05.4,1.5,曇,9.0,6.0,門別,2歳未勝利,1:04.5,2.4,晴,289.0,10.0,,nar,2026-09-27,42.31,50.8,41.8,0.0,53.0,48.7,48.8,履歴少
202655092706,2026-09-27,6,シルバークラフト,8.0,6.0,飛田愛斗,54.0,,7.0,1.0,佐賀,ダンビュライト賞(C2),1:26.3,1.2,曇,4.0,2.0,佐賀,令和8年熊本地震被災(C2),1:27.0,1.6,晴,9.0,1.0,佐賀,3歳ー2組,1:34.3,2.8,曇,1.0,1.0,佐賀,3歳ー4組,1:31.3,-1.0,晴,1.0,1.0,佐賀,3歳ー6組,1:31.5,-0.3,晴,5.7,4.0,,nar,2026-09-27,45.65,66.8,22.7,49.8,30.5,47.0,52.9,佐賀実績 / 履歴少
202636092706,2026-09-27,6,ジョリサキセ,9.0,7.0,岩本怜,54.0,,2.0,7.0,水沢,3歳C2五組,1:24.0,0.5,雨,4.0,6.0,門別,グランシャリオドリー(C4),1:04.5,0.5,曇,12.0,10.0,門別,グランシャリオドリー(C4),1:05.5,1.6,曇,4.0,9.0,門別,3歳以上C4ー3,1:03.8,0.8,晴,7.0,7.0,門別,3歳条件未勝利,1:04.4,1.6,曇,32.4,6.0,,nar,2026-09-27,65.96,65.7,66.5,69.9,78.5,62.8,50.0,前走人気以上 / 人気以上に走る傾向 / 近走上向き / 安定感
202654092706,2026-09-27,6,スプレーフォール,5.0,5.0,濱尚美,55.0,,4.0,6.0,高知,C3ー15,1:23.7,1.0,晴,15.0,15.0,2新潟4,苗場特別(2勝クラス),1:57.4,5.0,曇,12.0,14.0,2東京3,4歳以上2勝クラス,1:39.2,2.5,晴,15.0,12.0,3中山3,千葉日報杯(2勝クラス),1:56.6,3.2,雨,9.0,11.0,2中山6,阿見特別(2勝クラス),2:37.8,2.8,晴,10.5,6.0,,nar,2026-09-27,49.93,29.2,55.4,30.4,100.0,54.6,51.8,クラス条件好転 / 履歴少 / 近走上向き
202665092706,2026-09-27,6,スーパーサンセイ,6.0,6.0,臼杵龍美,620.0,,,,,,,,,,,,,,,,,,,,,,,,,,,,,,,,,,,,,,,,nar,2026-09-27,36.0,35.0,35.0,35.0,35.0,35.0,45.0,履歴少
202636092706,2026-09-27,6,スーパーハイウェイ,10.0,8.0,菅原辰徳,56.0,,3.0,1.0,水沢,3歳C2三組,1:31.6,0.6,小雨,2.0,1.0,盛岡,3歳C2六組,1:13.3,0.3,曇,12.0,13.0,2新潟2,3歳未勝利,1:36.3,1.1,雨,10.0,9.0,2東京11,3歳未勝利,1:21.8,0.8,晴,8.0,8.0,2中山7,3歳未勝利,1:57.3,1.8,晴,3.1,2.0,,nar,2026-09-27,55.81,59.5,44.4,55.3,80.0,52.9,48.8,履歴少 / 近走上向き
202655092706,2026-09-27,6,ソルトミラクル,6.0,5.0,中山蓮王,56.0,,10.0,10.0,名古屋,湾岸路疾風戦(C),0:59.5,3.6,晴,12.0,7.0,名古屋,金シャチ最終戦777(C),1:40.1,2.8,晴,8.0,7.0,名古屋,B12組,1:37.9,1.9,晴,9.0,8.0,浦和,C2七 八,1:34.3,3.6,曇,9.0,10.0,浦和,C2五,1:39.5,2.4,曇,9.5,5.0,,nar,2026-09-27,35.12,29.2,39.6,0.0,47.0,48.6,50.0,総合評価
202636092706,2026-09-27,6,タカマキセブン,3.0,3.0,佐々木志,54.0,,8.0,10.0,水沢,3歳C2三組,1:33.6,2.6,小雨,6.0,7.0,盛岡,3歳C2三組,1:27.9,1.6,雨,11.0,10.0,盛岡,3歳C2四組,1:15.7,2.2,曇,8.0,8.0,盛岡,3歳,1:14.3,2.7,小雨,9.0,7.0,盛岡,DCあーしゃんず3周(3歳C2),1:29.6,2.4,曇,280.3,9.0,,nar,2026-09-27,43.22,42.4,53.2,0.0,53.0,51.6,50.0,総合評価
202654092706,2026-09-27,6,ダノンタッチダウン,4.0,4.0,多田羅誠,57.0,,13.0,13.0,2新潟8,NST賞(OP),1:12.8,2.4,晴,14.0,4.0,1札幌6,UHB賞(OP),1:09.7,0.5,曇,9.0,8.0,3東京4,パラダイスS(L),1:23.2,1.5,曇,12.0,13.0,1京都2,シルクロードS(GIII),1:09.2,1.0,曇,15.0,15.0,1東京4,東京新聞杯(GIII),1:34.6,2.5,曇,3.7,2.0,,nar,2026-09-27,27.36,10.1,32.2,0.0,47.0,45.0,48.8,履歴少
202655092706,2026-09-27,6,テクノアップル,5.0,5.0,青海大樹,53.0,,8.0,7.0,佐賀,ダンビュライト賞(C2),1:26.4,1.3,曇,7.0,5.0,佐賀,C2ー7組,1:26.9,0.9,晴,12.0,12.0,佐賀,佐賀ユーススプリント(重賞),1:31.9,3.9,雨,4.0,10.0,佐賀,3歳ー2組,1:32.9,0.6,晴,6.0,7.0,佐賀,3歳ー3組,1:33.2,1.9,晴,26.6,7.0,,nar,2026-09-27,44.77,46.0,51.2,14.6,45.5,55.4,46.3,履歴少 / 市場オッズ妙味
202654092706,2026-09-27,6,トーセンブレンダ,6.0,6.0,大澤誠志,55.0,,8.0,8.0,高知,C3ー14,1:29.1,6.5,晴,12.0,10.0,高知,ファイナルレース(C3),1:39.4,4.5,晴,8.0,9.0,高知,C3ー11,1:28.5,6.5,晴,6.0,6.0,高知,C3ー11,0:50.6,2.3,曇,8.0,8.0,高知,C3ー12,1:36.4,6.3,晴,584.1,9.0,,nar,2026-09-27,40.29,38.4,47.9,0.0,53.0,50.3,46.5,総合評価
202636092706,2026-09-27,6,ノアシルヴィ,4.0,4.0,大坪慎,54.0,,4.0,8.0,水沢,3歳C2三組,1:32.6,1.6,小雨,9.0,8.0,盛岡,3歳C2四組,1:15.2,1.8,曇,4.0,4.0,盛岡,3歳C2五組,1:14.9,0.8,曇,6.0,7.0,盛岡,3歳C2五組,1:14.4,1.2,晴,3.0,4.0,盛岡,うまレター賞(3歳C2),1:15.6,1.5,曇,85.8,8.0,,nar,2026-09-27,59.27,64.5,58.5,60.5,59.0,56.8,48.8,前走人気以上 / 履歴少 / 安定感
202636092706,2026-09-27,6,ノボリスマイル,6.0,6.0,笹川翼,54.0,,3.0,5.0,水沢,3歳C2四組,1:22.6,0.7,曇,2.0,1.0,盛岡,3歳C2八組,1:14.3,0.7,曇,11.0,11.0,2小倉7,3歳未勝利,0:59.6,1.3,曇,14.0,14.0,3京都12,3歳未勝利,1:14.6,2.4,晴,,,,,,,,4.5,3.0,,nar,2026-09-27,59.01,58.5,52.8,55.3,86.0,57.2,50.0,近走上向き
202655092706,2026-09-27,6,ハガクレノハタ,1.0,1.0,山口勲,54.0,,1.0,2.0,佐賀,C2ー18組,1:32.7,-1.1,曇,2.0,3.0,佐賀,3歳ー5組,1:32.5,0.1,小雨,2.0,3.0,佐賀,3歳ー7組,1:33.0,0.2,晴,1.0,3.0,佐賀,UMATENA青木ひ(3歳),1:32.7,-0.3,雨,3.0,7.0,佐賀,3歳ー8組,1:25.9,1.8,曇,3.2,1.0,,nar,2026-09-27,74.16,94.8,60.2,100.0,56.0,60.8,59.5,佐賀実績 / 履歴少 / 安定感
202636092706,2026-09-27,6,ハピナスター,2.0,2.0,山本政聡,56.0,,2.0,3.0,水沢,3歳C2四組,1:22.0,0.1,曇,3.0,3.0,盛岡,3歳C2六組,1:13.5,0.5,曇,3.0,1.0,盛岡,3歳C2六組,1:14.8,1.2,曇,13.0,16.0,3東京3,3歳未勝利,1:39.8,2.6,晴,12.0,13.0,2東京10,3歳未勝利,1:40.3,2.4,晴,2.6,1.0,,nar,2026-09-27,63.47,67.3,53.1,75.1,84.5,56.0,48.8,履歴少 / 近走上向き / 安定感
202654092706,2026-09-27,6,バスターコール,7.0,7.0,岡村卓弥,57.0,,2.0,2.0,高知,C3ー11,0:48.5,0.2,曇,13.0,15.0,2東京12,4歳以上1勝クラス,1:26.6,1.7,晴,12.0,9.0,3中山4,4歳以上1勝クラス,1:12.6,1.8,晴,5.0,11.0,1中山8,4歳以上1勝クラス,1:13.0,0.6,晴,14.0,7.0,2札幌1,3歳以上1勝クラス,1:31.3,2.6,晴,6.1,4.0,,nar,2026-09-27,53.42,41.3,50.4,45.0,100.0,51.4,51.8,クラス条件好転 / 履歴少 / 近走上向き
202636092706,2026-09-27,6,パトリシア,5.0,5.0,山本聡哉,54.0,,4.0,4.0,水沢,3歳C2四組,1:22.8,0.9,曇,2.0,4.0,盛岡,うまレター賞(3歳C2),1:14.0,0.0,曇,5.0,1.0,盛岡,3歳C2八組,1:13.8,1.2,曇,11.0,13.0,1函館8,3歳未勝利,1:09.7,0.9,曇,17.0,12.0,1中京6,3歳未勝利,1:12.5,3.7,晴,5.1,4.0,,nar,2026-09-27,59.54,62.4,46.4,75.1,78.5,53.7,50.0,近走上向き / 安定感
202654092706,2026-09-27,6,パーセルペーパー,1.0,1.0,畑中信司,57.0,,3.0,4.0,高知,C3ー15,1:23.4,0.7,晴,9.0,9.0,2小倉3,障害3歳以上未勝利,3:18.8,3.3,雨,11.0,7.0,1新潟7,障害4歳以上未勝利,3:16.3,4.9,晴,6.0,7.0,1小倉10,障害4歳以上未勝利,3:19.1,1.9,晴,11.0,9.0,5阪神8,障害3歳以上未勝利,3:29.2,4.6,晴,10.2,5.0,,nar,2026-09-27,51.28,49.3,46.2,30.4,87.5,51.8,50.0,近走上向き
202655092706,2026-09-27,6,フェレスアダマス,3.0,3.0,山下裕貴,54.0,,11.0,7.0,高知,C3ー6,1:36.0,3.0,晴,2.0,3.0,高知,ファイナルレース(C3),1:27.0,0.2,晴,9.0,4.0,高知,C3ー8,0:50.0,1.6,曇,6.0,7.0,高知,C3ー8,1:34.0,2.1,曇,8.0,6.0,高知,C3ー9,1:25.7,2.9,曇,5.2,3.0,,nar,2026-09-27,39.65,49.4,35.9,24.9,21.5,47.3,50.0,総合評価
202665092706,2026-09-27,6,ホクセイソウリ,1.0,1.0,鈴木恵介,630.0,,,,,,,,,,,,,,,,,,,,,,,,,,,,,,,,,,,,,,,,nar,2026-09-27,36.0,35.0,35.0,35.0,35.0,35.0,45.0,履歴少
202665092706,2026-09-27,6,ホクセイミドリコ,8.0,8.0,中村太陽,610.0,,,,,,,,,,,,,,,,,,,,,,,,,,,,,,,,,,,,,,,,nar,2026-09-27,36.0,35.0,35.0,35.0,35.0,35.0,45.0,履歴少
202655092706,2026-09-27,6,マジョレル,9.0,7.0,出水拓人,54.0,,10.0,8.0,佐賀,ダンビュライト賞(C2),1:26.8,1.7,曇,5.0,9.0,佐賀,令和8年熊本地震被災(C2),1:27.1,1.7,晴,4.0,5.0,佐賀,C2ー3組,1:33.0,1.4,曇,6.0,9.0,佐賀,C2ー3組,1:33.4,1.6,曇,7.0,7.0,佐賀,C2ー3組,1:25.6,1.9,晴,67.7,10.0,,nar,2026-09-27,50.22,54.6,57.2,44.7,23.0,57.4,50.5,総合評価
202665092706,2026-09-27,6,マルホンカムイ,5.0,5.0,中原蓮,630.0,,,,,,,,,,,,,,,,,,,,,,,,,,,,,,,,,,,,,,,,nar,2026-09-27,36.0,35.0,35.0,35.0,35.0,35.0,45.0,履歴少
202665092706,2026-09-27,6,ミスベンティ,7.0,7.0,長澤幸太,610.0,,,,,,,,,,,,,,,,,,,,,,,,,,,,,,,,,,,,,,,,nar,2026-09-27,36.0,35.0,35.0,35.0,35.0,35.0,45.0,履歴少
202636092706,2026-09-27,6,モンサンジャスミン,11.0,8.0,塚本涼人,54.0,,8.0,8.0,水沢,3歳C2二組,1:33.2,2.7,曇,7.0,6.0,盛岡,3歳C2三組,1:28.0,1.7,雨,5.0,10.0,盛岡,3歳C2三組,1:26.5,1.6,曇,9.0,12.0,盛岡,アンバー賞(3歳),1:47.6,3.3,曇,7.0,8.0,盛岡,3歳C2二組,1:16.1,1.6,曇,314.4,11.0,,nar,2026-09-27,48.88,50.4,59.0,19.8,44.0,57.8,48.8,履歴少
202636092706,2026-09-27,6,リスペクトライト,8.0,7.0,鈴木祐,56.0,,6.0,6.0,水沢,3歳C2三組,1:33.1,2.1,小雨,7.0,6.0,盛岡,3歳C2四組,1:14.9,1.5,曇,3.0,6.0,盛岡,3歳C2五組,1:14.6,0.5,曇,8.0,2.0,盛岡,3歳C2四組,1:15.4,1.9,晴,3.0,6.0,門別,アルキバ特別(C1),1:15.7,1.1,晴,64.4,7.0,,nar,2026-09-27,50.46,62.9,48.4,30.1,45.5,52.0,48.8,履歴少
202655092706,2026-09-27,6,リネンフラッシュ,10.0,7.0,田中純,56.0,,9.0,10.0,佐賀,ダンビュライト賞(C2),1:26.8,1.7,曇,9.0,10.0,佐賀,C2ー7組,1:27.6,1.6,晴,6.0,9.0,佐賀,C2ー3組,1:34.1,2.5,曇,,,佐賀,夏至賞(C2),,,雨,9.0,9.0,佐賀,芒種賞(C2),1:34.2,2.1,晴,87.4,11.0,,nar,2026-09-27,43.52,41.6,59.4,0.0,44.0,55.0,46.5,前走人気以上
202655092706,2026-09-27,6,ワンダービジブル,11.0,8.0,石川慎将,56.0,,11.0,1.0,佐賀,海の日特選(C2),1:34.7,2.8,晴,1.0,2.0,佐賀,C2ー7組,1:25.4,-0.2,曇,2.0,1.0,佐賀,C2ー10組,1:31.9,0.1,晴,16.0,14.0,2東京2,4歳以上1勝クラス,1:43.3,6.4,晴,13.0,13.0,1阪神3,4歳以上1勝クラス,2:04.3,10.5,晴,3.6,2.0,,nar,2026-09-27,41.34,49.6,27.0,44.7,32.0,45.5,54.0,佐賀実績 / 履歴少
202654092706,2026-09-27,6,ヴァリアントマーチ,8.0,8.0,木村直輝,55.0,,9.0,8.0,高知,C3ー15,1:29.5,6.8,晴,16.0,16.0,2中京6,3歳以上1勝クラス,1:27.6,3.0,曇,9.0,12.0,3京都6,4歳以上1勝クラス,1:09.0,1.6,晴,15.0,13.0,1福島6,4歳以上1勝クラス,1:09.8,1.3,晴,15.0,17.0,5中京3,3歳以上1勝クラス,1:09.4,1.1,晴,29.0,7.0,,nar,2026-09-27,39.41,18.1,51.4,0.0,78.5,53.0,51.8,クラス条件好転 / 履歴少 / 近走上向き
202654092706,2026-09-27,6,ヴァルドルチャ,3.0,3.0,吉原寛人,57.0,,14.0,11.0,2福島7,米沢特別(2勝クラス),1:47.6,3.3,曇,9.0,6.0,4中山7,木更津特別(2勝クラス),1:33.6,1.6,曇,14.0,7.0,4中山2,浦安特別(2勝クラス),1:13.5,2.4,晴,12.0,4.0,2新潟3,苗場特別(2勝クラス),1:57.5,4.9,晴,1.0,1.0,2札幌5,ニセコ特別(1勝クラス),1:46.7,-0.4,晴,3.3,1.0,,nar,2026-09-27,24.74,21.1,20.5,10.3,20.0,37.7,50.0,総合評価
202654092707,2026-09-27,7,アルドーレ,4.0,4.0,近藤翔月,57.0,,4.0,6.0,金沢,イヌワシ賞【白山大賞(重賞),2:12.2,0.6,晴,5.0,4.0,高知,ペリドット特別(A),1:48.2,1.2,晴,5.0,11.0,高知,御畳瀬特別,2:01.5,1.1,曇,9.0,8.0,高知,ショウガ特別(A),1:45.1,1.6,曇,5.0,8.0,高知,二十四万石賞(重賞),2:04.9,1.6,晴,163.5,12.0,,nar,2026-09-27,64.82,65.8,62.0,85.4,62.0,59.4,55.3,高知実績 / 履歴少 / 安定感
202636092707,2026-09-27,7,アルマサーガ,6.0,5.0,坂井瑛音,53.0,,12.0,11.0,水沢,3歳C2一組,1:35.6,6.5,曇,7.0,5.0,盛岡,3歳C2二組,1:27.3,2.5,雨,4.0,3.0,盛岡,3歳C2三組,1:27.4,1.6,晴,2.0,4.0,盛岡,3歳C2四組,1:14.2,0.7,晴,2.0,4.0,盛岡,3歳C2六組,1:14.5,0.9,曇,47.5,7.0,,nar,2026-09-27,44.61,54.6,46.5,44.7,0.5,56.3,48.8,履歴少 / 市場オッズ妙味
202665092707,2026-09-27,7,イワキロマン,10.0,8.0,菊池一樹,600.0,,,,,,,,,,,,,,,,,,,,,,,,,,,,,,,,,,,,,,,,nar,2026-09-27,36.18,35.0,35.0,35.0,35.0,35.0,46.8,履歴少
202654092707,2026-09-27,7,エイシングラス,7.0,6.0,山崎雅由,57.0,,3.0,7.0,高知,Aー2,1:23.4,1.6,晴,4.0,8.0,高知,ペリドット特別(A),1:48.0,1.0,晴,5.0,7.0,高知,Aー2,1:22.8,1.6,晴,5.0,9.0,高知,Aー2,1:28.5,1.8,曇,7.0,7.0,高知,メジロ特別(A),1:46.5,1.7,晴,129.1,10.0,,nar,2026-09-27,70.63,73.2,72.3,89.7,63.5,62.6,56.3,高知実績 / クラス条件好転 / 前走人気以上 / 人気以上に走る傾向
202636092707,2026-09-27,7,エイシンティズナウ,2.0,2.0,関本玲花,52.0,,5.0,7.0,水沢,3歳C2三組,1:32.7,1.7,小雨,10.0,10.0,盛岡,3歳C2三組,1:29.4,3.1,雨,12.0,9.0,盛岡,3歳C2四組,1:16.0,2.5,曇,11.0,8.0,盛岡,DCあーしゃんず3周(3歳C2),1:30.2,3.0,曇,9.0,3.0,盛岡,3歳C2一組,1:16.8,2.6,曇,67.5,8.0,,nar,2026-09-27,45.34,36.7,42.7,30.4,83.0,44.4,50.0,近走上向き
202654092707,2026-09-27,7,エクセレントタイム,3.0,3.0,郷間勇太,57.0,,5.0,9.0,高知,建依別賞(重賞),1:29.5,1.6,晴,4.0,12.0,高知,トレノ賞(重賞),1:22.4,1.3,晴,4.0,10.0,高知,御畳瀬特別,2:01.5,1.1,曇,7.0,11.0,高知,福永洋一記念[地方交(重賞),1:42.9,1.6,曇,9.0,10.0,高知,春野特別,1:31.2,0.8,晴,88.8,8.0,,nar,2026-09-27,69.56,65.9,85.6,75.1,56.0,68.5,52.5,高知実績 / 前走人気以上 / 人気以上に走る傾向 / 安定感
202654092707,2026-09-27,7,エスケンドリーム,2.0,2.0,永森大智,57.0,,4.0,4.0,高知,Aー2,1:23.4,1.6,晴,2.0,1.0,高知,一本釣り特別(A),1:47.1,0.2,晴,9.0,2.0,高知,御畳瀬特別,2:02.2,1.8,曇,1.0,1.0,高知,Aー2,1:42.2,-0.3,曇,4.0,2.0,高知,春野特別,1:30.7,0.3,晴,66.0,6.0,,nar,2026-09-27,58.2,75.6,37.1,80.2,50.0,47.0,59.2,高知実績 / クラス条件好転 / 履歴少 / 安定感
202655092707,2026-09-27,7,エボニードール,2.0,2.0,山田義貴,54.0,,11.0,8.0,1札幌3,3歳未勝利,1:49.6,2.7,曇,6.0,10.0,1中京4,3歳未勝利,1:56.6,1.6,晴,12.0,10.0,1阪神6,3歳未勝利,1:27.9,2.1,曇,9.0,9.0,1小倉9,3歳未勝利,1:09.8,1.0,晴,9.0,7.0,5阪神3,2歳未勝利,1:10.0,0.9,晴,3.7,3.0,,nar,2026-09-27,36.56,32.4,46.4,0.0,38.0,49.5,48.8,履歴少
202665092707,2026-09-27,7,エマパワー,1.0,1.0,鈴木恵介,600.0,,,,,,,,,,,,,,,,,,,,,,,,,,,,,,,,,,,,,,,,nar,2026-09-27,36.0,35.0,35.0,35.0,35.0,35.0,45.0,履歴少
202636092707,2026-09-27,7,エメラルドテソーロ,3.0,3.0,大坪慎,54.0,,4.0,10.0,水沢,3歳C2二組,1:31.1,0.6,曇,11.0,4.0,盛岡,3歳C2三組,1:33.0,6.7,雨,2.0,5.0,盛岡,3歳C2五組,1:14.2,0.1,曇,4.0,6.0,盛岡,3歳C2五組,1:14.2,1.0,晴,9.0,2.0,盛岡,うまレター賞(3歳C2),1:16.9,2.8,曇,19.3,4.0,,nar,2026-09-27,58.39,61.1,51.7,64.7,65.0,60.3,48.8,前走人気以上 / 履歴少 / 近走上向き / 安定感
202636092707,2026-09-27,7,グラッドキングダム,4.0,4.0,阿部英俊,56.0,,9.0,11.0,水沢,3歳C2二組,1:33.3,2.8,曇,9.0,11.0,盛岡,3歳C2三組,1:29.1,2.8,雨,10.0,11.0,盛岡,3歳C2四組,1:15.6,2.1,曇,8.0,8.0,盛岡,3歳C2三組,1:27.2,2.3,曇,10.0,10.0,盛岡,DCあーしゃんず3周(3歳C2),1:30.1,2.9,曇,113.4,11.0,,nar,2026-09-27,42.69,34.8,59.1,0.0,51.5,54.2,50.0,総合評価
202665092707,2026-09-27,7,サクセスオーショウ,9.0,8.0,金田利貴,630.0,,,,,,,,,,,,,,,,,,,,,,,,,,,,,,,,,,,,,,,,nar,2026-09-27,36.18,35.0,35.0,35.0,35.0,35.0,46.8,履歴少 / 前走人気以上
202665092707,2026-09-27,7,サクラタユウ,8.0,7.0,今井千尋,600.0,,,,,,,,,,,,,,,,,,,,,,,,,,,,,,,,,,,,,,,,nar,2026-09-27,36.18,35.0,35.0,35.0,35.0,35.0,46.8,履歴少
202654092707,2026-09-27,7,サノノエスポ,12.0,8.0,塚本征吾,55.0,,4.0,2.0,名古屋,秋桜賞(重賞),1:49.1,1.1,雨,2.0,2.0,園田,兵庫サマークイーン賞(重賞),1:51.9,0.0,晴,1.0,3.0,高知,御畳瀬特別,2:00.4,-0.2,曇,1.0,3.0,佐賀,佐賀ヴィーナスC(重賞),1:54.0,-0.1,雨,4.0,5.0,名古屋,若草賞土古記念(重賞),1:34.8,1.1,晴,10.7,3.0,,nar,2026-09-27,67.13,88.2,51.3,100.0,38.0,62.0,48.8,履歴少 / 安定感
202654092707,2026-09-27,7,サンライズホープ,10.0,7.0,新庄海誠,57.0,,2.0,9.0,高知,Aー3,1:21.9,0.1,晴,9.0,8.0,園田,しまね和牛特別A1,1:54.7,4.1,晴,9.0,9.0,園田,六甲盃(重賞),2:06.2,3.7,曇,7.0,4.0,園田,青葉特別A1,2:06.4,2.8,晴,3.0,10.0,姫路,白鷺賞(重賞),2:15.7,0.7,晴,62.7,5.0,,nar,2026-09-27,60.59,60.3,65.1,40.7,80.0,60.0,51.8,クラス条件好転 / 前走人気以上 / 人気以上に走る傾向 / 近走上向き
202654092707,2026-09-27,7,ジャスパーバローズ,6.0,5.0,岡村卓弥,57.0,,9.0,12.0,高知,建依別賞(重賞),1:30.2,2.3,晴,12.0,8.0,高知,トレノ賞(重賞),1:24.4,3.3,晴,3.0,9.0,高知,御畳瀬特別,2:00.9,0.5,曇,5.0,3.0,高知,Aー3,1:28.7,1.6,曇,1.0,2.0,高知,ショウガ特別(A),1:43.5,-0.1,曇,135.3,11.0,,nar,2026-09-27,49.51,50.8,56.4,44.7,27.5,56.1,52.5,高知実績 / 前走人気以上
202636092707,2026-09-27,7,スタープレイン,9.0,7.0,南郷家全,56.0,,6.0,6.0,水沢,3歳C2二組,1:32.6,2.1,曇,3.0,5.0,盛岡,3歳C2三組,1:27.0,0.7,雨,3.0,6.0,名古屋,ハンブルグ疾風戦(3歳),0:57.3,0.1,晴,9.0,8.0,名古屋,名古屋モーニングフィ(3歳),1:38.1,1.8,曇,10.0,8.0,名古屋,3歳8組,1:39.2,3.0,晴,8.0,3.0,,nar,2026-09-27,55.97,63.9,55.2,44.7,51.5,60.2,48.8,履歴少
202655092707,2026-09-27,7,スマートアクシオン,4.0,4.0,長谷川蓮,56.0,,10.0,11.0,佐賀,サガデーナイト競馬賞(C2),1:28.1,3.1,曇,8.0,11.0,佐賀,C2ー7組,1:27.2,1.2,晴,4.0,10.0,佐賀,SAGAリベンジャー(C2),1:33.6,1.1,晴,4.0,7.0,佐賀,C2ー9組,1:32.7,1.0,小雨,9.0,2.0,佐賀,C2ー10組,1:35.1,3.3,晴,200.8,11.0,,nar,2026-09-27,49.23,49.3,63.7,34.3,27.5,55.5,49.6,履歴少
202655092707,2026-09-27,7,ダイメイアイ,3.0,3.0,石川慎将,54.0,,4.0,9.0,佐賀,ダンビュライト賞(C2),1:26.1,1.0,曇,10.0,4.0,佐賀,UMATENA賞(C2),1:35.6,4.4,晴,5.0,6.0,佐賀,3歳ー2組,1:33.6,2.1,曇,6.0,7.0,佐賀,清水の滝特別(3歳),1:32.6,3.0,小雨,3.0,4.0,佐賀,3歳ー3組,1:32.0,0.7,晴,61.0,8.0,,nar,2026-09-27,57.51,60.9,53.3,60.5,62.0,54.8,52.9,佐賀実績 / 前走人気以上 / 履歴少 / 安定感
202636092707,2026-09-27,7,ダズルオーロラ,8.0,6.0,村上忍,54.0,,9.0,9.0,盛岡,3歳C2二組,1:27.4,2.6,雨,7.0,6.0,盛岡,3歳C2三組,1:28.2,2.4,晴,9.0,5.0,盛岡,3歳C2三組,1:27.3,2.4,曇,9.0,6.0,盛岡,紫波deエール5周年(3歳C2),1:28.7,1.8,曇,1.0,6.0,水沢,3歳C2七組,1:22.7,-0.2,曇,5.6,2.0,,nar,2026-09-27,41.06,46.6,43.3,10.3,35.0,51.3,50.0,総合評価
202655092707,2026-09-27,7,ドリフトウッド,5.0,5.0,小松丈二,56.0,,3.0,6.0,佐賀,C2ー10組,1:26.4,0.0,曇,7.0,8.0,佐賀,令和8年熊本地震被災(C2),1:27.7,2.3,晴,5.0,3.0,佐賀,C2ー3組,1:33.7,2.1,曇,4.0,2.0,佐賀,C2ー4組,1:32.1,0.6,雨,3.0,4.0,佐賀,C2ー5組,1:31.8,0.3,晴,52.9,6.0,,nar,2026-09-27,62.34,71.7,54.0,75.1,60.5,54.1,54.5,佐賀実績 / 前走人気以上 / 安定感
202655092707,2026-09-27,7,ニンマリ,10.0,7.0,長田進仁,54.0,,8.0,10.0,佐賀,サガデーナイト競馬賞(C2),1:26.8,1.8,曇,6.0,6.0,佐賀,C2ー7組,1:26.7,0.7,晴,4.0,6.0,佐賀,ヘルクレス座特選(C2),0:55.3,0.5,晴,2.0,5.0,佐賀,C2ー4組,1:31.6,0.1,雨,4.0,3.0,佐賀,C2ー6組,1:32.7,0.5,晴,54.0,7.0,,nar,2026-09-27,54.11,64.6,59.4,44.7,26.0,57.4,52.5,佐賀実績
202636092707,2026-09-27,7,ハミッツキャンディ,11.0,8.0,塚本涼人,56.0,,11.0,9.0,水沢,3歳C2一組,1:34.8,5.7,曇,11.0,11.0,盛岡,3歳C2二組,1:31.1,6.3,雨,9.0,3.0,水沢,3歳C2三組,1:32.2,4.0,雨,4.0,5.0,水沢,3歳C1二組,1:33.0,1.0,曇,7.0,5.0,盛岡,3歳C1二組,1:29.3,2.3,小雨,97.7,9.0,,nar,2026-09-27,35.15,34.6,37.0,14.6,30.5,45.1,48.5,履歴少
202665092707,2026-09-27,7,ヒロインリズ,5.0,5.0,村上章,610.0,,,,,,,,,,,,,,,,,,,,,,,,,,,,,,,,,,,,,,,,nar,2026-09-27,36.0,35.0,35.0,35.0,35.0,35.0,45.0,履歴少
202655092707,2026-09-27,7,ビザンティーノ,7.0,6.0,加茂飛翔,56.0,,7.0,8.0,佐賀,サガデーナイト競馬賞(C2),1:26.7,1.7,曇,3.0,4.0,佐賀,令和8年熊本地震被災(C2),1:26.6,1.2,晴,1.0,3.0,佐賀,SAGAリベンジャー(C2),1:32.5,-0.4,晴,2.0,2.0,佐賀,C2ー10組,1:25.8,0.0,小雨,3.0,3.0,佐賀,C2ー12組,1:26.3,1.3,晴,36.2,4.0,,nar,2026-09-27,60.4,78.6,56.6,69.6,21.5,58.9,56.2,佐賀実績 / 履歴少 / 安定感 / 市場オッズ妙味
202655092707,2026-09-27,7,ビービーシャルム,11.0,8.0,川島拓,54.0,,9.0,11.0,佐賀,C2ー7組,1:34.8,1.9,曇,7.0,9.0,佐賀,C2ー6組,1:27.7,2.5,晴,7.0,10.0,佐賀,C1ー14組,1:33.0,2.2,晴,9.0,10.0,佐賀,C1ー15組,1:34.8,2.8,曇,9.0,9.0,佐賀,C1ー15組,1:33.2,2.6,晴,193.1,10.0,,nar,2026-09-27,44.79,43.1,62.9,0.0,44.0,56.8,43.8,履歴少
202636092707,2026-09-27,7,ピルスナー,5.0,5.0,山本聡紀,54.0,,7.0,9.0,水沢,3歳C2二組,1:33.2,2.7,曇,5.0,8.0,盛岡,3歳C2三組,1:27.6,1.3,雨,8.0,7.0,盛岡,3歳C2四組,1:14.8,1.3,曇,3.0,10.0,盛岡,3歳C2四組,1:14.5,1.0,晴,8.0,8.0,盛岡,安比高原夏休み賞(3歳C2),1:16.5,3.2,曇,45.3,6.0,,nar,2026-09-27,55.53,58.2,65.3,39.5,44.0,61.9,48.8,履歴少 / 人気以上に走る傾向 / 市場オッズ妙味
202636092707,2026-09-27,7,ファイヤサラマンダ,12.0,8.0,高橋悠里,56.0,,11.0,7.0,水沢,3歳C2二組,1:34.3,3.8,曇,8.0,8.0,盛岡,3歳C2二組,1:27.3,2.5,雨,5.0,5.0,盛岡,3歳C2三組,1:27.5,1.7,晴,11.0,8.0,園田,C3,1:23.0,2.6,晴,2.0,5.0,園田,柞田7ハロン3歳C2,1:34.2,0.7,曇,34.3,5.0,,nar,2026-09-27,40.04,42.9,40.6,30.1,23.0,50.2,48.8,履歴少 / 市場オッズ妙味
202654092707,2026-09-27,7,ブルグミューラー,1.0,1.0,城野慈尚,57.0,,7.0,11.0,高知,建依別賞(重賞),1:29.7,1.8,晴,2.0,3.0,高知,アカメ特別(A),1:46.8,0.1,晴,1.0,1.0,高知,手箱山特別(B),1:48.6,-0.1,晴,4.0,6.0,高知,千本山特別(B),1:22.2,0.4,曇,2.0,4.0,高知,Bー3,1:31.3,1.0,曇,69.1,7.0,,nar,2026-09-27,62.13,79.1,63.7,69.6,21.5,59.4,54.5,高知実績 / 前走人気以上 / 安定感
202654092707,2026-09-27,7,プリフロオールイン,11.0,8.0,吉原寛人,57.0,,3.0,3.0,金沢,イヌワシ賞【白山大賞(重賞),2:11.9,0.3,晴,4.0,1.0,高知,福永洋一記念[地方交(重賞),1:42.7,1.4,曇,1.0,2.0,高知,二十四万石賞(重賞),2:03.3,-0.8,晴,1.0,1.0,高知,二十四万石賞(重賞),2:02.8,-0.8,晴,1.0,1.0,高知,ブラッドストーン特別(A),1:44.1,-0.1,晴,3.8,2.0,,nar,2026-09-27,66.7,89.2,46.1,100.0,42.5,54.4,59.5,高知実績 / 履歴少 / 安定感
202655092707,2026-09-27,7,ベリルスフィア,6.0,5.0,飛田愛斗,54.0,,1.0,1.0,佐賀,C2ー17組,1:33.1,-0.8,曇,3.0,3.0,佐賀,SAGAリベンジャー(C2),1:32.8,1.4,曇,1.0,2.0,佐賀,3歳ー8組,1:32.1,-0.4,晴,1.0,2.0,佐賀,SAGAリベンジャー(3歳),1:23.7,-0.2,晴,12.0,11.0,2東京3,3歳未勝利,1:40.4,4.1,晴,2.2,1.0,,nar,2026-09-27,69.04,86.9,51.7,89.7,69.5,54.0,56.4,佐賀実績 / 近走上向き / 安定感
202655092707,2026-09-27,7,ベルゲンハート,1.0,1.0,後藤武蔵,53.0,,12.0,12.0,佐賀,サガデーナイト競馬賞(C2),1:28.8,3.8,曇,10.0,10.0,佐賀,C2ー6組,1:28.1,2.9,晴,6.0,11.0,佐賀,C1ー14組,1:32.8,2.0,晴,7.0,11.0,佐賀,C1ー15組,1:33.4,1.4,曇,6.0,10.0,佐賀,C1ー15組,1:32.6,2.0,晴,298.8,12.0,,nar,2026-09-27,40.76,36.3,63.9,0.0,21.5,59.4,43.8,履歴少
202654092707,2026-09-27,7,ベルリネッタ,8.0,6.0,畑中信司,57.0,,9.0,5.0,高知,Aー3,1:23.9,2.1,晴,1.0,1.0,高知,アカメ特別(A),1:46.7,-0.1,晴,1.0,2.0,高知,Bー2,1:47.8,-0.4,晴,7.0,3.0,高知,Bー2,1:23.4,1.3,曇,1.0,7.0,高知,丸山台特別,2:06.2,-0.2,晴,50.3,4.0,,nar,2026-09-27,51.69,73.5,43.1,55.0,11.0,52.9,54.3,高知実績 / クラス条件好転
202665092707,2026-09-27,7,ホクショウラナ,7.0,7.0,阿部武臣,610.0,,,,,,,,,,,,,,,,,,,,,,,,,,,,,,,,,,,,,,,,nar,2026-09-27,36.0,35.0,35.0,35.0,35.0,35.0,45.0,履歴少
202665092707,2026-09-27,7,ホクセイソウダネー,2.0,2.0,中村太陽,630.0,,,,,,,,,,,,,,,,,,,,,,,,,,,,,,,,,,,,,,,,nar,2026-09-27,36.0,35.0,35.0,35.0,35.0,35.0,45.0,履歴少
202665092707,2026-09-27,7,ホクトノユメ,3.0,3.0,島津新,630.0,,,,,,,,,,,,,,,,,,,,,,,,,,,,,,,,,,,,,,,,nar,2026-09-27,36.0,35.0,35.0,35.0,35.0,35.0,45.0,履歴少
202655092707,2026-09-27,7,ポップサンダー,8.0,6.0,青海大樹,53.0,,2.0,3.0,佐賀,馬もノリノリ!黒い海(C2),1:26.4,0.1,曇,4.0,1.0,佐賀,リスナーとの絆!ミク(C2),1:33.7,0.6,晴,3.0,10.0,佐賀,3歳ー3組,1:25.0,0.6,雨,6.0,4.0,佐賀,3歳ー3組,1:33.8,1.0,晴,3.0,6.0,佐賀,3歳ー4組,1:32.5,1.2,晴,42.6,5.0,,nar,2026-09-27,68.01,80.9,56.7,85.4,62.0,60.2,56.2,佐賀実績 / 履歴少 / 安定感 / 市場オッズ妙味
202665092707,2026-09-27,7,マオノウンカイ,4.0,4.0,西将太,630.0,,,,,,,,,,,,,,,,,,,,,,,,,,,,,,,,,,,,,,,,nar,2026-09-27,36.0,35.0,35.0,35.0,35.0,35.0,45.0,履歴少
202636092707,2026-09-27,7,ヤクジョ,1.0,1.0,高松亮,56.0,,9.0,8.0,1札幌8,3歳未勝利,2:01.9,1.5,晴,3.0,8.0,1札幌4,3歳未勝利,2:01.3,0.6,晴,7.0,13.0,1函館12,3歳未勝利,2:04.6,1.3,小雨,11.0,7.0,1函館8,3歳未勝利,2:02.5,1.1,曇,14.0,5.0,1函館3,3歳未勝利,2:02.0,2.5,曇,1.3,1.0,,nar,2026-09-27,46.07,45.1,54.3,24.9,48.5,48.6,48.1,前走人気以上
202655092707,2026-09-27,7,ユウヤケコヤケ,9.0,7.0,竹吉徹,54.0,,6.0,9.0,佐賀,サガデーナイト競馬賞(C2),1:26.3,1.3,曇,4.0,9.0,佐賀,UMATENA賞(C2),1:32.7,1.5,晴,10.0,12.0,佐賀,JRA交流サマーカッ(3歳),2:08.2,6.3,曇,8.0,8.0,佐賀,清水の滝特別(3歳),1:33.4,3.8,小雨,6.0,8.0,浦和,3歳六,1:33.4,1.2,曇,111.2,9.0,,nar,2026-09-27,55.2,55.3,69.3,24.9,56.0,60.4,49.0,前走人気以上 / 人気以上に走る傾向
202636092707,2026-09-27,7,ユキノレックス,7.0,6.0,小林凌,56.0,,10.0,12.0,水沢,3歳C2一組,1:34.2,5.1,曇,10.0,10.0,盛岡,3歳C2二組,1:30.8,6.0,雨,9.0,9.0,盛岡,3歳C2三組,1:29.7,3.9,晴,10.0,9.0,盛岡,3歳C2三組,1:28.3,3.4,曇,10.0,11.0,盛岡,紫波deエール5周年(3歳C2),1:29.7,2.8,曇,100.9,10.0,,nar,2026-09-27,39.36,29.6,54.0,0.0,48.5,52.2,50.0,総合評価
202655092707,2026-09-27,7,ライジングハース,12.0,8.0,出水拓人,56.0,,9.0,4.0,佐賀,サガデーナイト競馬賞(C2),1:26.8,1.8,曇,1.0,1.0,佐賀,C2ー16組,1:32.0,-1.2,曇,2.0,1.0,佐賀,SAGAリベンジャー(C2),1:32.9,0.4,晴,14.0,13.0,1新潟7,尖閣湾特別(1勝クラス),2:02.6,2.1,晴,1.0,5.0,笠松,万歳!水間幸太郎誕生(C),1:46.4,-0.1,晴,2.5,2.0,,nar,2026-09-27,49.62,64.4,39.9,55.0,23.0,51.9,54.0,佐賀実績 / 履歴少
202654092707,2026-09-27,7,ライラボンド,9.0,7.0,野畑凌,57.0,,1.0,1.0,高知,建依別賞(重賞),1:27.9,-0.1,晴,1.0,1.0,高知,ルビー特別(A),1:26.9,-0.1,曇,1.0,4.0,高知,福永洋一記念[地方交(重賞),1:41.3,-1.0,曇,8.0,5.0,大井,神田川オープン競走(OP)(4上),1:26.9,2.2,晴,7.0,7.0,船橋,京成盃グランドマイラ(重賞),1:41.9,1.5,雨,1.3,1.0,,nar,2026-09-27,67.04,86.9,51.1,75.1,69.5,51.1,59.5,高知実績 / 履歴少 / 近走上向き / 安定感
202665092707,2026-09-27,7,リアスコトブキ,6.0,6.0,阿部優哉,620.0,,,,,,,,,,,,,,,,,,,,,,,,,,,,,,,,,,,,,,,,nar,2026-09-27,36.18,35.0,35.0,35.0,35.0,35.0,46.8,履歴少 / 前走人気以上
202654092707,2026-09-27,7,ローズボウル,5.0,5.0,多田羅誠,57.0,,5.0,5.0,金沢,イヌワシ賞【白山大賞(重賞),2:12.9,1.3,晴,3.0,4.0,高知,C1ー4,1:26.1,0.9,晴,2.0,6.0,高知,C1ー4,1:31.8,0.3,晴,4.0,3.0,高知,C1ー5,1:44.7,0.9,曇,10.0,9.0,高知,Bー2,1:32.5,2.7,晴,123.5,9.0,,nar,2026-09-27,63.86,73.8,55.5,89.7,48.5,55.5,55.3,高知実績 / 履歴少 / 安定感
202636092707,2026-09-27,7,ワイルドグレイス,10.0,7.0,佐々木志,54.0,,10.0,12.0,水沢,3歳C2二組,1:33.6,3.1,曇,8.0,9.0,盛岡,3歳C2三組,1:28.0,1.7,雨,6.0,8.0,盛岡,3歳C2三組,1:28.1,2.3,晴,6.0,7.0,盛岡,3歳,1:14.0,2.4,小雨,6.0,9.0,盛岡,DCあーしゃんず3周(3歳C2),1:28.9,1.7,曇,132.0,12.0,,nar,2026-09-27,44.35,46.3,62.0,0.0,29.0,57.4,50.0,前走人気以上
202636092708,2026-09-27,8,アイク,5.0,5.0,高橋悠里,54.0,,8.0,5.0,水沢,3歳C2一組,1:32.5,3.4,曇,2.0,4.0,盛岡,3歳C2四組,1:13.7,0.3,曇,4.0,4.0,盛岡,3歳C2四組,1:13.9,0.4,曇,,,盛岡,3歳C2四組,,,晴,3.0,5.0,盛岡,安比高原夏休み賞(3歳C2),1:14.4,1.1,曇,169.2,9.0,,nar,2026-09-27,52.74,70.2,48.3,55.0,20.0,54.3,48.8,履歴少
202654092708,2026-09-27,8,アラタマファルクス,11.0,8.0,塚本直之,52.0,,7.0,7.0,高知,C3ー14,1:27.8,5.2,晴,11.0,8.0,高知,C3ー9,1:37.7,7.1,晴,8.0,8.0,高知,C3ー10,1:27.7,4.7,晴,8.0,8.0,高知,C3ー11,0:51.3,3.0,曇,7.0,9.0,高知,C3ー12,1:35.8,5.7,晴,424.8,11.0,,nar,2026-09-27,41.42,41.3,46.2,0.0,59.0,50.3,46.5,総合評価
202636092708,2026-09-27,8,イーリスアスター,3.0,3.0,山本聡紀,54.0,,1.0,2.0,盛岡,3歳C2六組,1:13.0,-0.3,曇,3.0,6.0,盛岡,3歳C2八組,1:13.5,0.9,曇,10.0,13.0,1新潟5,3歳未勝利,1:35.9,1.1,晴,16.0,18.0,1小倉10,3歳未勝利,1:10.0,2.1,晴,11.0,9.0,5中山8,2歳未勝利,1:10.1,1.0,晴,10.7,6.0,,nar,2026-09-27,63.97,58.9,62.1,55.3,100.0,64.6,48.8,履歴少 / 近走上向き
202665092708,2026-09-27,8,エイコウキング,2.0,2.0,鈴木恵介,540.0,,,,,,,,,,,,,,,,,,,,,,,,,,,,,,,,,,,,,,,,nar,2026-09-27,36.18,35.0,35.0,35.0,35.0,35.0,46.8,履歴少
202636092708,2026-09-27,8,エクスペクタント,8.0,6.0,笹川翼,56.0,,2.0,2.0,水沢,3歳C2三組,1:31.5,0.5,小雨,10.0,8.0,2新潟3,3歳未勝利,1:14.2,2.2,曇,4.0,7.0,2福島7,3歳未勝利,1:09.9,0.4,曇,10.0,12.0,3京都5,3歳未勝利,1:22.1,1.8,晴,10.0,6.0,1福島5,3歳未勝利,1:10.3,1.6,晴,4.7,3.0,,nar,2026-09-27,57.43,56.9,49.8,50.2,89.0,55.9,50.0,前走人気以上 / 近走上向き
202655092708,2026-09-27,8,エコロファルコン,2.0,2.0,飛田愛斗,55.0,,3.0,6.0,佐賀,周防灘賞,1:25.0,0.9,曇,8.0,2.0,佐賀,オーシャン賞,1:31.6,2.3,晴,,,佐賀,モントブレチア賞,,,雨,6.0,3.0,高知,Aー2,1:31.4,0.6,晴,12.0,5.0,高知,セグロセキレイ特別(AB),1:25.1,2.4,晴,16.4,7.0,,nar,2026-09-27,50.19,57.9,34.8,30.4,84.0,48.4,51.2,佐賀実績 / 前走人気以上 / 履歴少 / 近走上向き
202655092708,2026-09-27,8,エミサキホコル,11.0,8.0,石川慎将,56.0,,4.0,4.0,佐賀,錦江湾特別,1:28.0,0.5,曇,5.0,8.0,佐賀,佐賀がばいスプリント(重賞),1:22.2,1.0,曇,6.0,3.0,佐賀,玄海灘特別,1:30.0,1.8,晴,2.0,8.0,佐賀,九州クラウン(重賞),1:28.2,0.2,曇,5.0,5.0,佐賀,松浦川賞,1:22.4,0.6,晴,12.2,6.0,,nar,2026-09-27,64.93,72.4,57.2,80.2,53.0,64.5,59.2,佐賀実績 / クラス条件好転 / 履歴少 / 安定感
202636092708,2026-09-27,8,カミノテイオー,2.0,2.0,村上忍,56.0,,1.0,3.0,水沢,3歳C2六組,1:23.5,-0.2,小雨,3.0,4.0,盛岡,3歳C2八組,1:14.5,0.9,曇,8.0,3.0,盛岡,3歳C2八組,1:14.7,2.1,曇,13.0,14.0,2福島7,3歳未勝利,1:49.4,2.4,曇,8.0,12.0,2福島2,3歳未勝利,1:48.0,2.0,晴,7.9,5.0,,nar,2026-09-27,62.15,65.2,53.0,55.3,92.0,60.7,50.0,近走上向き
202654092708,2026-09-27,8,キープインマインド,5.0,5.0,濱尚美,55.0,,9.0,8.0,高知,ファイナルレース(C3),1:27.6,3.5,晴,11.0,11.0,高知,C2ー6,1:52.6,5.1,晴,9.0,10.0,高知,C2ー6,1:27.2,4.0,曇,9.0,9.0,高知,C2ー7,1:33.6,3.0,曇,9.0,9.0,高知,C2ー8,1:51.2,3.3,曇,354.3,10.0,,nar,2026-09-27,38.65,32.0,49.3,0.0,53.0,50.9,43.8,履歴少
202665092708,2026-09-27,8,クシロキングマン,6.0,6.0,菊池一樹,540.0,,,,,,,,,,,,,,,,,,,,,,,,,,,,,,,,,,,,,,,,nar,2026-09-27,36.0,35.0,35.0,35.0,35.0,35.0,45.0,履歴少
202654092708,2026-09-27,8,クラールス,4.0,4.0,石本純也,57.0,,8.0,10.0,高知,ファイナルレース(C3),1:26.3,2.2,晴,10.0,7.0,高知,ファイナルレース(C3),1:37.2,2.3,晴,4.0,11.0,高知,ファイナルレース(C3),1:27.9,1.1,晴,6.0,6.0,高知,C3ー12,1:46.6,3.6,曇,5.0,5.0,高知,C3ー12,1:35.0,4.9,晴,246.2,9.0,,nar,2026-09-27,49.72,51.1,58.7,30.1,39.5,56.5,50.5,前走人気以上
202655092708,2026-09-27,8,ケイテンアイジン,9.0,7.0,川島拓,56.0,,9.0,11.0,2中京5,納屋橋特別(2勝クラス),1:33.3,0.8,晴,2.0,1.0,佐賀,JRA交流霧島賞(重賞),1:29.2,0.5,曇,12.0,12.0,1新潟7,障害4歳以上OP,3:45.4,9.9,晴,9.0,6.0,3京都1,障害4歳以上OP,3:40.7,5.2,晴,1.0,7.0,2阪神2,障害4歳以上未勝利,3:28.3,-0.2,晴,4.1,2.0,,nar,2026-09-27,48.49,51.8,53.8,35.3,32.0,57.1,50.0,総合評価
202655092708,2026-09-27,8,コスモルージュ,5.0,5.0,竹吉徹,55.0,,6.0,3.0,佐賀,南風月賞,1:32.5,2.1,晴,7.0,5.0,名古屋,湾岸渚特別(A),1:37.2,2.3,晴,9.0,10.0,名古屋,名古屋CCネプチュー(A),1:35.8,2.7,晴,10.0,8.0,名古屋,皐月疾風特別(A),0:57.0,2.3,曇,10.0,8.0,名古屋,ポートメテオ特別(A),1:32.1,5.2,雨,43.0,10.0,,nar,2026-09-27,41.81,45.3,38.0,0.0,68.0,47.6,51.8,クラス条件好転 / 履歴少 / 近走上向き / 市場オッズ妙味
202654092708,2026-09-27,8,コントリビュート,8.0,7.0,岡村卓弥,57.0,,4.0,5.0,高知,C3ー14,1:27.1,4.5,晴,11.0,10.0,高知,五台山特別,1:27.9,3.6,晴,9.0,11.0,門別,沙流川温泉ひだか高原(C4),1:03.2,1.1,晴,8.0,11.0,門別,3歳以上C4ー2,1:03.9,2.1,晴,12.0,6.0,門別,グランシャリオドリー(C4),1:17.3,2.3,曇,61.5,7.0,,nar,2026-09-27,50.97,42.9,51.9,30.4,86.0,50.9,54.2,高知実績 / クラス条件好転 / 履歴少 / 近走上向き
202636092708,2026-09-27,8,ゴールドフリーダム,10.0,7.0,山本聡哉,56.0,,3.0,2.0,盛岡,3歳C2二組,1:25.6,0.8,雨,1.0,1.0,盛岡,3歳C2六組,1:12.7,-0.7,晴,9.0,7.0,2福島2,3歳未勝利,1:48.1,2.1,晴,9.0,11.0,2東京12,3歳未勝利,1:34.8,1.0,晴,8.0,13.0,1新潟6,3歳未勝利,2:02.9,1.0,晴,2.9,1.0,,nar,2026-09-27,59.26,67.4,50.8,55.3,72.5,57.1,48.8,履歴少 / 近走上向き
202665092708,2026-09-27,8,サカノヒカルアオ,1.0,1.0,船山蔵人,520.0,,,,,,,,,,,,,,,,,,,,,,,,,,,,,,,,,,,,,,,,nar,2026-09-27,36.0,35.0,35.0,35.0,35.0,35.0,45.0,履歴少
202665092708,2026-09-27,8,サッコノイモウト,7.0,7.0,西将太,520.0,,,,,,,,,,,,,,,,,,,,,,,,,,,,,,,,,,,,,,,,nar,2026-09-27,36.0,35.0,35.0,35.0,35.0,35.0,45.0,履歴少
202654092708,2026-09-27,8,ジェットブレイク,1.0,1.0,西森将司,57.0,,3.0,1.0,佐賀,一発逆転ファイナルレ,1:31.5,1.7,晴,3.0,3.0,高知,C3ー3,1:50.3,1.1,晴,8.0,3.0,高知,C3ー2,1:34.3,1.1,曇,5.0,7.0,船橋,乗馬クラブクレイン千(B3),1:15.6,1.5,曇,8.0,10.0,浦和,HBA日高軽種馬農業(B3),1:35.5,1.2,晴,20.5,6.0,,nar,2026-09-27,58.93,69.6,42.3,69.9,68.0,54.3,51.2,高知実績 / 履歴少 / 近走上向き / 安定感
202636092708,2026-09-27,8,ジーティーウブラブ,11.0,8.0,阿部英俊,54.0,,9.0,10.0,水沢,3歳C2一組,1:33.8,4.7,曇,8.0,7.0,盛岡,3歳C2三組,1:28.7,2.9,晴,9.0,7.0,盛岡,3歳C2二組,1:27.8,2.1,曇,8.0,7.0,盛岡,紫波deエール5周年(3歳C2),1:28.4,1.5,曇,5.0,2.0,盛岡,3歳C2一組,1:15.7,1.5,曇,771.5,12.0,,nar,2026-09-27,40.39,42.5,44.4,10.3,41.0,47.7,50.0,総合評価
202636092708,2026-09-27,8,ゼットナッキー,1.0,1.0,塚本涼人,54.0,,8.0,10.0,盛岡,3歳C2一組,1:28.2,1.6,雨,10.0,10.0,盛岡,3歳C2二組,1:28.6,4.7,晴,7.0,8.0,盛岡,3歳C2二組,1:27.4,1.7,曇,6.0,5.0,盛岡,紫波deエール5周年(3歳C2),1:27.9,1.0,曇,7.0,10.0,盛岡,3歳C1三組,1:28.4,1.5,曇,409.9,11.0,,nar,2026-09-27,44.48,44.8,56.8,0.0,47.0,54.8,50.0,総合評価
202636092708,2026-09-27,8,タイセイギガース,6.0,5.0,高松亮,56.0,,1.0,1.0,水沢,3歳C2七組,1:22.3,-0.9,小雨,14.0,18.0,2新潟6,3歳未勝利,1:09.6,0.8,晴,11.0,10.0,3中山4,3歳未勝利,1:12.9,1.8,曇,8.0,10.0,2中山5,3歳未勝利,1:13.3,1.5,晴,11.0,14.0,5中山2,2歳未勝利,1:14.5,1.6,晴,5.4,4.0,,nar,2026-09-27,55.05,42.8,59.8,30.4,100.0,58.4,48.8,履歴少 / 近走上向き
202655092708,2026-09-27,8,テイエムフォンテ,10.0,8.0,中山蓮王,56.0,,9.0,8.0,佐賀,サマーチャンピオン(JpnIII),1:31.6,4.3,小雨,4.0,5.0,佐賀,遠賀川賞(A1),1:31.1,1.7,晴,5.0,7.0,佐賀,吉野ヶ里記念(重賞),1:30.0,2.4,曇,5.0,6.0,佐賀,ペンステモン賞,1:29.8,1.8,晴,6.0,4.0,佐賀,ブルーベル賞,1:23.8,1.2,曇,37.0,8.0,,nar,2026-09-27,52.61,59.4,52.0,59.3,26.0,56.9,52.9,佐賀実績 / 履歴少 / 市場オッズ妙味
202636092708,2026-09-27,8,トモエナゲ,4.0,4.0,鈴木祐,56.0,,7.0,8.0,水沢,3歳C2一組,1:32.4,3.3,曇,5.0,7.0,盛岡,3歳C2二組,1:27.1,2.3,雨,3.0,4.0,盛岡,3歳C2三組,1:27.4,1.6,晴,4.0,6.0,盛岡,3歳C2三組,1:26.4,1.5,曇,5.0,6.0,盛岡,DCあーしゃんず3周(3歳C2),1:28.5,1.3,曇,349.0,10.0,,nar,2026-09-27,58.73,67.5,59.8,69.6,33.5,58.1,50.0,安定感
202636092708,2026-09-27,8,ナーシリーヤ,7.0,6.0,山本政聡,56.0,,1.0,1.0,水沢,3歳C2七組,1:22.4,0.0,小雨,6.0,7.0,2新潟1,3歳未勝利,1:14.0,1.6,曇,7.0,5.0,2東京8,3歳未勝利,1:28.0,1.8,晴,,,,,,,,,,,,,,,4.5,2.0,,nar,2026-09-27,58.42,74.1,48.6,30.4,83.0,53.7,48.8,履歴少 / 近走上向き
202665092708,2026-09-27,8,ハイトップエース,5.0,5.0,西謙一,520.0,,,,,,,,,,,,,,,,,,,,,,,,,,,,,,,,,,,,,,,,nar,2026-09-27,36.0,35.0,35.0,35.0,35.0,35.0,45.0,履歴少
202665092708,2026-09-27,8,ハゴロモミニョン,8.0,7.0,阿部優哉,520.0,,,,,,,,,,,,,,,,,,,,,,,,,,,,,,,,,,,,,,,,nar,2026-09-27,36.0,35.0,35.0,35.0,35.0,35.0,45.0,履歴少
202665092708,2026-09-27,8,ハマカムイ,4.0,4.0,島津新,540.0,,,,,,,,,,,,,,,,,,,,,,,,,,,,,,,,,,,,,,,,nar,2026-09-27,36.18,35.0,35.0,35.0,35.0,35.0,46.8,履歴少
202636092708,2026-09-27,8,ビップブレット,12.0,8.0,南郷家全,56.0,,5.0,6.0,水沢,3歳C2一組,1:31.9,2.8,曇,2.0,3.0,盛岡,3歳C2三組,1:26.9,0.6,雨,9.0,5.0,盛岡,3歳C2四組,1:15.0,1.5,曇,4.0,2.0,盛岡,DCあーしゃんず3周(3歳C2),1:28.3,1.1,曇,2.0,4.0,盛岡,3歳C2三組,1:13.9,0.3,曇,67.4,8.0,,nar,2026-09-27,58.82,71.3,47.7,80.2,45.5,52.2,50.0,安定感
202654092708,2026-09-27,8,ピクラリーダ,7.0,6.0,近藤翔月,54.0,,,,高知,C3ー14,,,晴,16.0,16.0,2福島3,3歳以上1勝クラス,1:10.6,2.1,晴,14.0,13.0,3東京2,3歳以上1勝クラス,1:28.0,3.1,曇,14.0,14.0,1福島6,4歳以上1勝クラス,1:11.1,1.6,晴,16.0,15.0,2中山4,4歳以上1勝クラス,1:14.5,3.6,晴,13.6,3.0,,nar,2026-09-27,28.49,0.0,47.0,0.0,42.0,51.3,50.0,市場オッズ妙味
202665092708,2026-09-27,8,ファーストココロノ,10.0,8.0,金田利貴,540.0,,,,,,,,,,,,,,,,,,,,,,,,,,,,,,,,,,,,,,,,nar,2026-09-27,36.0,35.0,35.0,35.0,35.0,35.0,45.0,履歴少
202665092708,2026-09-27,8,フェアリーマックス,3.0,3.0,阿部武臣,520.0,,,,,,,,,,,,,,,,,,,,,,,,,,,,,,,,,,,,,,,,nar,2026-09-27,36.0,35.0,35.0,35.0,35.0,35.0,45.0,履歴少
202655092708,2026-09-27,8,フクノブルジュ,7.0,6.0,椿聡太,52.0,,9.0,8.0,佐賀,周防灘賞,1:26.4,2.3,曇,2.0,2.0,佐賀,南風月賞,1:31.6,1.2,晴,3.0,4.0,佐賀,オーシャン賞,1:30.3,1.0,晴,4.0,6.0,佐賀,SAGAリベンジャー(A2),1:29.2,0.9,小雨,3.0,4.0,佐賀,ペンステモン賞,1:28.5,0.5,晴,38.5,9.0,,nar,2026-09-27,55.96,70.2,52.0,69.6,14.0,58.2,56.2,佐賀実績 / 履歴少 / 安定感 / 市場オッズ妙味
202654092708,2026-09-27,8,プルメリアクヒオ,6.0,6.0,山崎雅由,57.0,,15.0,11.0,2新潟7,三国特別(1勝クラス),1:59.6,6.8,晴,12.0,12.0,3東京4,3歳以上1勝クラス,2:13.4,2.3,曇,5.0,10.0,1新潟8,4歳以上1勝クラス,1:54.3,0.5,曇,8.0,7.0,3中山2,4歳以上1勝クラス,1:55.1,1.3,晴,10.0,8.0,2中山3,4歳以上1勝クラス,1:56.6,2.9,晴,4.8,2.0,,nar,2026-09-27,34.04,25.7,45.9,19.8,12.5,50.5,48.8,履歴少
202655092708,2026-09-27,8,ヘルシャフト,4.0,4.0,長谷川蓮,56.0,,2.0,3.0,高知,Aー2,1:21.6,0.4,晴,12.0,4.0,高知,春野特別,1:31.8,1.4,晴,3.0,1.0,高知,ダイヤモンド特別(A),1:21.4,0.2,雨,2.0,1.0,高知,ブラッドストーン特別(A),1:31.0,0.0,晴,,,高知,黒潮スプリンターズカ(重賞),,,晴,2.7,1.0,,nar,2026-09-27,54.9,68.0,32.6,64.7,72.0,46.1,51.8,クラス条件好転 / 近走上向き / 安定感
202655092708,2026-09-27,8,ベイデンマリーナ,8.0,7.0,田中直人,53.0,,10.0,9.0,佐賀,周防灘賞,1:27.1,3.0,曇,4.0,5.0,佐賀,六角川賞,1:30.2,1.1,曇,6.0,6.0,佐賀,オーシャン賞,1:30.9,1.6,晴,,,佐賀,モントブレチア賞,,,雨,8.0,3.0,佐賀,ペンステモン賞,1:30.8,2.8,晴,116.4,11.0,,nar,2026-09-27,42.87,51.3,45.3,24.9,26.0,48.6,47.1,履歴少
202655092708,2026-09-27,8,ページェント,6.0,6.0,出水拓人,56.0,,13.0,8.0,船橋,桑島孝春記念(A2B1),1:54.3,7.2,曇,13.0,7.0,船橋,月白風清2200(A2B1),2:32.7,5.9,曇,4.0,7.0,船橋,群青特別(A2B1),1:42.7,0.2,曇,6.0,9.0,大井,エイプリル賞競走(A2B1),1:27.0,0.6,晴,5.0,5.0,船橋,ダイヤモンドスプリン(A2),1:15.3,1.5,晴,10.1,4.0,,nar,2026-09-27,34.98,33.0,36.1,30.1,14.0,49.3,48.8,履歴少
202654092708,2026-09-27,8,ボールドステート,3.0,3.0,吉原寛人,57.0,,5.0,5.0,高知,ファイナルレース(C3),1:25.0,0.9,晴,6.0,7.0,高知,C3ー9,1:34.8,4.2,晴,8.0,5.0,高知,C3ー3,1:25.7,2.1,晴,4.0,5.0,高知,C3ー3,1:32.6,1.3,晴,2.0,2.0,高知,ファイナルレース(C3),1:46.0,0.1,晴,15.4,4.0,,nar,2026-09-27,56.31,64.9,48.6,55.3,50.0,61.0,52.9,高知実績 / 履歴少 / 市場オッズ妙味
202655092708,2026-09-27,8,マイネルサハラ,1.0,1.0,山口勲,56.0,,8.0,4.0,佐賀,周防灘賞,1:26.1,2.0,曇,3.0,4.0,佐賀,六角川賞,1:29.8,0.7,曇,10.0,5.0,佐賀,中島記念(重賞),1:58.9,4.6,晴,7.0,2.0,佐賀,ウインターチャンピオ(重賞),1:29.2,1.5,晴,1.0,3.0,佐賀,大村湾賞(A1),1:28.8,-0.7,晴,10.2,5.0,,nar,2026-09-27,44.26,57.8,32.7,35.3,33.5,50.3,49.6,履歴少
202654092708,2026-09-27,8,メイショウクリフト,9.0,7.0,新庄海誠,57.0,,1.0,2.0,高知,C3ー15,1:22.7,-0.6,晴,16.0,16.0,2中京3,桶狭間S(3勝クラス),1:28.3,4.8,晴,15.0,14.0,1阪神5,なにわS(3勝クラス),1:13.0,1.9,曇,11.0,9.0,4阪神2,オークランドTRT(3勝クラス),1:12.8,2.3,晴,6.0,9.0,4中京2,長篠S(3勝クラス),1:08.0,0.8,晴,1.3,1.0,,nar,2026-09-27,51.23,39.5,50.9,30.4,100.0,50.9,51.8,クラス条件好転 / 履歴少 / 近走上向き
202636092708,2026-09-27,8,ラブデウザ,9.0,7.0,岩本怜,54.0,,3.0,1.0,水沢,3歳C2二組,1:30.9,0.4,曇,7.0,7.0,1札幌6,3歳未勝利,1:01.1,2.1,晴,5.0,7.0,1函館12,3歳未勝利,0:59.6,0.9,小雨,9.0,11.0,1函館4,3歳未勝利,1:00.9,1.7,小雨,9.0,9.0,1福島6,3歳未勝利,1:11.6,2.9,晴,31.9,7.0,,nar,2026-09-27,57.51,60.9,50.6,50.2,77.0,57.6,50.0,近走上向き / 市場オッズ妙味
202654092708,2026-09-27,8,リコーリュウセイ,10.0,8.0,木村直輝,57.0,,,,高知,C3ー14,,,晴,8.0,10.0,高知,C3ー2,1:35.9,3.1,晴,9.0,11.0,高知,C3ー2,1:49.8,3.6,曇,9.0,10.0,高知,C3ー2,1:25.8,2.7,曇,11.0,10.0,高知,C3ー2,1:34.6,1.4,曇,216.7,8.0,,nar,2026-09-27,43.64,36.5,59.4,0.0,60.0,54.2,43.8,履歴少
202654092708,2026-09-27,8,リゼレインボー,2.0,2.0,城野慈尚,57.0,,3.0,3.0,高知,C3ー14,1:25.3,2.7,晴,3.0,5.0,高知,C3ー9,1:32.8,2.2,晴,2.0,6.0,高知,C3ー11,1:23.2,1.2,晴,5.0,5.0,高知,C3ー12,1:46.4,3.4,曇,5.0,2.0,高知,C3ー12,1:23.9,1.4,雨,19.4,5.0,,nar,2026-09-27,69.66,81.6,56.9,100.0,54.5,64.2,56.4,高知実績 / 前走人気以上 / 安定感 / 市場オッズ妙味
202655092708,2026-09-27,8,レディオガガ,3.0,3.0,山田義貴,54.0,,1.0,1.0,佐賀,周防灘賞,1:24.1,-0.4,曇,2.0,2.0,佐賀,遠賀川賞(A1),1:30.2,0.8,晴,2.0,3.0,佐賀,大分川賞(A1),1:21.9,0.0,晴,1.0,2.0,佐賀,宝満山賞,1:29.1,-0.1,曇,3.0,1.0,佐賀,錦江湾特別,1:28.0,0.5,曇,4.8,3.0,,nar,2026-09-27,71.67,94.8,51.0,100.0,56.0,56.7,62.5,佐賀実績 / クラス条件好転 / 履歴少 / 安定感
202665092708,2026-09-27,8,ロイヤルウンカイ,9.0,8.0,渡来心路,540.0,,,,,,,,,,,,,,,,,,,,,,,,,,,,,,,,,,,,,,,,nar,2026-09-27,36.0,35.0,35.0,35.0,35.0,35.0,45.0,履歴少
202665092709,2026-09-27,9,アアモンドラヴリー,7.0,7.0,中原蓮,630.0,,,,,,,,,,,,,,,,,,,,,,,,,,,,,,,,,,,,,,,,nar,2026-09-27,36.18,35.0,35.0,35.0,35.0,35.0,46.8,履歴少
202636092709,2026-09-27,9,アイルビーゼア,3.0,3.0,阿部英俊,54.0,,10.0,10.0,水沢,C2,0:52.4,1.2,曇,10.0,8.0,水沢,C2,0:52.2,1.6,雨,8.0,6.0,盛岡,C2,1:01.7,1.7,曇,5.0,5.0,盛岡,C1,1:00.9,1.6,曇,6.0,5.0,盛岡,C1,1:15.3,0.8,晴,58.9,10.0,,nar,2026-09-27,38.43,40.3,43.0,14.6,33.5,47.7,43.8,履歴少
202654092709,2026-09-27,9,アキヤン,7.0,7.0,畑中信司,57.0,,8.0,6.0,高知,C3ー12,1:27.9,4.7,晴,10.0,10.0,高知,C3ー8,1:37.4,5.9,晴,9.0,9.0,高知,C3ー10,1:28.2,5.2,晴,11.0,11.0,高知,C3ー9,0:51.9,3.9,曇,9.0,9.0,高知,C3ー9,1:38.3,6.0,曇,335.2,8.0,,nar,2026-09-27,39.39,34.1,45.7,0.0,60.5,49.6,46.5,総合評価
202636092709,2026-09-27,9,アグリオ,1.0,1.0,大坪慎,54.0,,7.0,6.0,水沢,C2,0:51.6,0.6,雨,7.0,8.0,盛岡,C2,1:01.0,1.7,晴,1.0,5.0,盛岡,C2,1:00.1,-0.1,晴,6.0,4.0,盛岡,C2,1:01.8,1.7,晴,5.0,2.0,盛岡,C2,1:01.6,0.9,曇,28.8,7.0,,nar,2026-09-27,50.67,64.3,50.9,30.1,36.5,54.1,48.8,履歴少 / 市場オッズ妙味
202655092709,2026-09-27,9,アサガクル,13.0,8.0,山田義貴,54.0,,3.0,2.0,佐賀,サガデーナイト競馬賞(C2),1:27.4,0.4,曇,9.0,2.0,佐賀,ラブラドライト賞(C2),1:26.7,2.6,曇,3.0,2.0,佐賀,里帰りJC第2戦ウェ(C2),1:26.0,0.3,晴,2.0,1.0,佐賀,C2ー8組,1:26.0,0.1,曇,6.0,2.0,佐賀,SAGAリベンジャー(C2),1:32.8,0.9,曇,7.9,4.0,,nar,2026-09-27,54.54,70.7,30.4,64.7,62.0,49.7,52.9,佐賀実績 / 履歴少 / 安定感
202665092709,2026-09-27,9,イッポンマツ,1.0,1.0,西謙一,640.0,,,,,,,,,,,,,,,,,,,,,,,,,,,,,,,,,,,,,,,,nar,2026-09-27,36.18,35.0,35.0,35.0,35.0,35.0,46.8,履歴少 / 前走人気以上
202655092709,2026-09-27,9,エイヨーニニギ,11.0,7.0,椿聡太,53.0,,12.0,4.0,佐賀,馬もノリノリ!黒い海(C2),1:29.8,3.5,曇,10.0,2.0,佐賀,リスナーとの絆!ミク(C2),1:36.2,3.1,晴,8.0,8.0,佐賀,JRA認定カペラ賞(重賞),2:04.0,4.3,曇,7.0,4.0,佐賀,ベテルギウス特別(2歳),1:35.9,3.8,曇,1.0,3.0,佐賀,2歳ー2組,1:25.1,-0.6,晴,16.0,5.0,,nar,2026-09-27,28.4,37.2,17.4,10.3,17.0,42.0,46.3,履歴少 / 市場オッズ妙味
202655092709,2026-09-27,9,エムズマン,1.0,1.0,田中直人,56.0,,6.0,11.0,佐賀,SAGAリベンジャー(C2),1:35.0,2.6,曇,8.0,11.0,佐賀,リスナーとの絆!ミク(C2),1:35.0,1.9,晴,8.0,7.0,佐賀,C2ー5組,1:34.5,1.6,曇,5.0,8.0,佐賀,C2ー5組,1:32.7,1.3,雨,5.0,8.0,佐賀,C2ー6組,1:32.8,0.6,晴,51.7,11.0,,nar,2026-09-27,55.04,54.8,69.7,24.9,53.0,61.1,50.5,前走人気以上 / 人気以上に走る傾向
202654092709,2026-09-27,9,エメヴィベール,4.0,4.0,城野慈尚,57.0,,6.0,4.0,高知,C3ー12,1:26.7,3.5,晴,7.0,6.0,高知,C3ー8,1:33.5,2.0,晴,9.0,8.0,門別,道営記念〔H1〕(重賞),2:10.3,3.9,曇,2.0,3.0,門別,ドレフォン・プレミア(A1),1:57.8,1.8,晴,2.0,4.0,門別,胆振軽種馬中・西部振(A1),1:49.8,0.7,曇,8.4,4.0,,nar,2026-09-27,48.48,61.2,45.1,24.9,44.0,56.1,43.8,履歴少
202654092709,2026-09-27,9,エリジブル,2.0,2.0,山崎雅由,57.0,,6.0,6.0,高知,ファイナルレース(C3),1:25.9,1.8,晴,8.0,6.0,高知,C3ー9,1:35.1,4.5,晴,,,高知,C3ー12,,,曇,8.0,6.0,高知,C3ー11,1:33.3,3.5,晴,2.0,6.0,門別,3歳以上C4ー3,1:53.2,0.1,晴,60.7,7.0,,nar,2026-09-27,45.94,56.2,46.7,10.3,50.0,52.6,43.8,履歴少
202665092709,2026-09-27,9,オーシャンヒーロー,6.0,6.0,菊池一樹,640.0,,,,,,,,,,,,,,,,,,,,,,,,,,,,,,,,,,,,,,,,nar,2026-09-27,36.0,35.0,35.0,35.0,35.0,35.0,45.0,履歴少
202655092709,2026-09-27,9,カシノロイ,5.0,4.0,出水拓人,56.0,,7.0,5.0,佐賀,SAGAリベンジャー(C2),1:35.4,3.0,曇,6.0,11.0,佐賀,九州馬主協会☆結☆佐,1:34.6,1.3,晴,4.0,11.0,佐賀,3歳ー3組,1:25.7,1.3,雨,8.0,6.0,佐賀,3歳ー3組,1:34.3,1.5,晴,4.0,8.0,佐賀,3歳ー4組,1:32.7,1.4,晴,46.1,10.0,,nar,2026-09-27,54.66,60.0,65.0,30.1,41.0,62.5,49.6,履歴少 / 人気以上に走る傾向 / 市場オッズ妙味
202655092709,2026-09-27,9,カスミヅキ,12.0,7.0,,,,9.0,7.0,名古屋,B10組,1:40.7,3.4,小雨,7.0,8.0,名古屋,B10組,1:38.3,2.6,晴,11.0,5.0,名古屋,B9組,1:38.8,2.1,晴,5.0,8.0,名古屋,邨松名古屋でも頑張れ(B),1:36.8,0.6,晴,5.0,3.0,名古屋,ちひろとはると付き合(B),1:37.9,1.0,曇,,,,nar,2026-09-27,40.92,44.8,40.8,24.9,38.0,44.0,48.8,履歴少
202636092709,2026-09-27,9,キタノルシール,10.0,8.0,鈴木祐,54.0,,8.0,5.0,水沢,C2,0:51.8,0.8,雨,8.0,6.0,盛岡,C2,1:02.4,1.8,晴,5.0,6.0,盛岡,C2,1:01.7,1.6,晴,10.0,8.0,盛岡,C2,1:02.2,1.5,晴,3.0,2.0,水沢,C2,0:52.7,0.9,曇,16.0,6.0,,nar,2026-09-27,44.71,50.5,38.7,30.1,41.0,54.3,51.2,水沢実績 / 履歴少 / 市場オッズ妙味
202665092709,2026-09-27,9,キョウエイプラチナ,3.0,3.0,村上章,640.0,,,,,,,,,,,,,,,,,,,,,,,,,,,,,,,,,,,,,,,,nar,2026-09-27,36.0,35.0,35.0,35.0,35.0,35.0,45.0,履歴少
202654092709,2026-09-27,9,ケイベエ,9.0,8.0,吉原寛人,57.0,,10.0,9.0,1札幌6,3歳未勝利,1:02.0,3.0,晴,12.0,11.0,2福島4,3歳未勝利,1:10.1,1.7,晴,14.0,10.0,3中山8,3歳未勝利,1:13.8,2.8,晴,9.0,9.0,3中山4,3歳未勝利,1:12.9,1.8,曇,16.0,13.0,1中山5,3歳未勝利,1:16.5,3.7,晴,4.3,3.0,,nar,2026-09-27,33.3,16.8,38.4,0.0,66.5,45.8,50.0,近走上向き
202636092709,2026-09-27,9,コウバイ,4.0,4.0,坂井瑛音,53.0,,8.0,8.0,水沢,C2,0:52.2,1.0,曇,6.0,8.0,水沢,C2,0:51.5,0.5,雨,8.0,9.0,盛岡,C2三組,1:28.7,2.2,晴,2.0,4.0,盛岡,C2,1:00.3,0.4,曇,3.0,7.0,盛岡,C2五組,1:13.8,1.3,晴,34.4,8.0,,nar,2026-09-27,50.42,59.1,59.8,24.9,30.5,60.6,43.8,履歴少 / 市場オッズ妙味
202665092709,2026-09-27,9,サカノキヨマル,9.0,8.0,菅原響希,630.0,,,,,,,,,,,,,,,,,,,,,,,,,,,,,,,,,,,,,,,,nar,2026-09-27,36.18,35.0,35.0,35.0,35.0,35.0,46.8,履歴少
202654092709,2026-09-27,9,シェルブールレイン,6.0,6.0,西森将司,55.0,,10.0,11.0,高知,ファイナルレース(C3),1:28.1,4.0,晴,9.0,11.0,高知,C3ー9,1:35.9,5.3,晴,8.0,8.0,高知,C3ー7,1:53.3,6.7,晴,8.0,8.0,高知,C3ー12,1:48.7,5.7,曇,10.0,10.0,高知,C3ー11,1:34.3,4.5,晴,395.6,10.0,,nar,2026-09-27,40.44,35.5,55.6,0.0,42.5,52.9,46.5,総合評価
202654092709,2026-09-27,9,スクーバー,10.0,8.0,永森大智,57.0,,2.0,2.0,高知,C3ー14,1:23.9,1.3,晴,7.0,4.0,高知,C3ー9,1:35.0,4.4,晴,3.0,2.0,高知,C3ー11,1:23.7,1.7,晴,3.0,2.0,高知,C3ー12,1:30.5,0.4,晴,4.0,3.0,高知,C3ー14,1:29.9,0.9,曇,2.2,1.0,,nar,2026-09-27,60.73,77.6,41.6,75.1,63.5,49.5,54.5,高知実績 / 安定感
202636092709,2026-09-27,9,スターライトテール,6.0,6.0,塚本涼人,56.0,,3.0,2.0,水沢,C1五組,1:31.8,0.5,曇,6.0,7.0,盛岡,B1,1:13.1,0.8,曇,11.0,8.0,盛岡,いわて北緯40度岩手(B2),1:01.2,1.3,晴,3.0,7.0,盛岡,B2,1:12.6,0.0,小雨,3.0,6.0,盛岡,B2,0:59.7,0.5,雨,3.6,2.0,,nar,2026-09-27,58.64,65.4,51.7,55.3,66.5,58.1,51.8,クラス条件好転 / 履歴少 / 近走上向き
202655092709,2026-09-27,9,ステレオプシス,9.0,6.0,竹吉徹,54.0,,8.0,6.0,佐賀,SAGAリベンジャー(C2),1:35.7,3.3,曇,5.0,9.0,佐賀,夢を叶える!ミクチャ(C2),1:34.3,1.2,晴,9.0,8.0,佐賀,C2ー4組,1:33.6,2.2,雨,6.0,9.0,佐賀,C2ー4組,1:33.3,1.3,曇,4.0,10.0,佐賀,SAGAジョッキーズ(C2),1:32.3,0.9,晴,32.2,9.0,,nar,2026-09-27,51.55,54.0,58.7,35.3,38.0,61.2,49.6,履歴少 / 市場オッズ妙味
202654092709,2026-09-27,9,スマイル,3.0,3.0,木村直輝,57.0,,11.0,9.0,高知,ファイナルレース(C3),1:28.3,4.2,晴,11.0,11.0,高知,C3ー8,1:37.6,6.1,晴,9.0,9.0,高知,C3ー7,1:54.6,8.0,晴,10.0,9.0,高知,ししとう特別(C3),1:48.4,4.1,雨,8.0,7.0,高知,C3ー10,1:53.0,4.5,雨,351.8,9.0,,nar,2026-09-27,34.4,26.8,44.0,0.0,41.0,48.3,46.5,総合評価
202636092709,2026-09-27,9,セジールレーヴ,9.0,8.0,小林凌,54.0,,9.0,5.0,水沢,C2,0:52.2,1.0,曇,3.0,2.0,盛岡,C2,1:01.1,1.1,曇,1.0,5.0,盛岡,C2,0:59.9,-0.4,曇,8.0,4.0,盛岡,C1,1:01.2,0.8,小雨,4.0,9.0,盛岡,C1,1:14.7,1.3,曇,7.7,5.0,,nar,2026-09-27,51.3,65.9,44.8,55.0,20.0,58.7,48.8,履歴少
202655092709,2026-09-27,9,タガノフレミング,2.0,2.0,田中純,54.0,,7.0,5.0,佐賀,馬もノリノリ!黒い海(C2),1:27.7,1.4,曇,7.0,4.0,佐賀,リスナーとの絆!ミク(C2),1:34.2,1.1,晴,1.0,8.0,佐賀,C2ー10組,1:33.1,-0.2,雨,3.0,9.0,佐賀,C2ー10組,1:26.5,0.7,小雨,8.0,11.0,佐賀,C2ー12組,1:27.1,2.1,晴,61.9,12.0,,nar,2026-09-27,54.16,65.3,58.5,34.3,36.5,59.8,49.6,履歴少
202654092709,2026-09-27,9,ターニーノーブル,8.0,7.0,郷間勇太,57.0,,3.0,2.0,高知,3歳ー1,1:32.3,0.9,曇,6.0,7.0,高知,黒潮菊花賞[地方交流(重賞),2:10.2,1.5,晴,2.0,4.0,高知,3歳ー2,1:46.3,0.3,晴,1.0,4.0,高知,第8回SOOUP優駿(3歳),1:30.4,0.0,雨,1.0,3.0,高知,3歳ー3,1:26.5,-0.2,雨,3.7,2.0,,nar,2026-09-27,65.75,83.6,56.9,75.1,47.0,60.1,56.3,高知実績 / クラス条件好転 / 安定感
202636092709,2026-09-27,9,チハヤブルラン,8.0,7.0,関本玲花,52.0,,7.0,10.0,盛岡,B1,1:13.4,1.1,曇,8.0,7.0,盛岡,B1,1:00.3,1.3,曇,5.0,9.0,盛岡,B1,1:13.1,0.9,曇,10.0,7.0,盛岡,B1,1:00.3,1.4,曇,8.0,12.0,盛岡,B1,1:14.2,1.6,晴,5.9,3.0,,nar,2026-09-27,49.97,48.8,60.0,19.8,54.5,57.9,48.8,前走人気以上 / 履歴少
202636092709,2026-09-27,9,ディフューズ,2.0,2.0,菅原辰徳,54.0,,8.0,8.0,水沢,C1,0:52.2,1.3,小雨,9.0,9.0,盛岡,C1二組,1:40.8,2.1,曇,2.0,10.0,盛岡,C1,1:00.4,0.4,曇,9.0,10.0,盛岡,C1,1:13.9,2.1,曇,10.0,7.0,盛岡,純米ニトロ7周年記念(C1),1:01.7,2.2,曇,36.2,9.0,,nar,2026-09-27,48.96,48.7,59.9,19.8,47.0,56.7,50.0,市場オッズ妙味
202655092709,2026-09-27,9,トゥーナアンディ,14.0,8.0,後藤武蔵,51.0,,8.0,11.0,佐賀,馬もノリノリ!黒い海(C2),1:27.8,1.5,曇,8.0,7.0,佐賀,ミクチャ愛届けるFU(C2),1:27.8,1.9,晴,7.0,7.0,佐賀,C2ー4組,1:33.9,1.8,曇,7.0,11.0,佐賀,C2ー3組,1:33.6,1.8,曇,5.0,8.0,佐賀,C2ー4組,1:32.7,1.8,晴,75.7,13.0,,nar,2026-09-27,47.63,49.2,60.9,10.3,42.5,57.4,48.5,前走人気以上
202665092709,2026-09-27,9,トップギヤ,5.0,5.0,長澤幸太,640.0,,,,,,,,,,,,,,,,,,,,,,,,,,,,,,,,,,,,,,,,nar,2026-09-27,36.0,35.0,35.0,35.0,35.0,35.0,45.0,履歴少
202665092709,2026-09-27,9,トップトレジャー,2.0,2.0,中村太陽,630.0,,,,,,,,,,,,,,,,,,,,,,,,,,,,,,,,,,,,,,,,nar,2026-09-27,36.0,35.0,35.0,35.0,35.0,35.0,45.0,履歴少
202655092709,2026-09-27,9,ニシノメイホウ,8.0,5.0,長谷川蓮,56.0,,4.0,6.0,佐賀,サガデーナイト競馬賞(C2),1:27.4,0.4,曇,5.0,11.0,佐賀,ラブラドライト賞(C2),1:26.0,1.9,曇,,,佐賀,3歳ー3組,,,晴,8.0,9.0,佐賀,3歳ー4組,1:32.9,1.6,晴,8.0,9.0,佐賀,3歳ー4組,1:34.4,1.7,晴,22.0,6.0,,nar,2026-09-27,63.67,63.6,70.5,55.3,68.0,64.4,51.2,佐賀実績 / 履歴少 / 人気以上に走る傾向 / 近走上向き
202655092709,2026-09-27,9,フォードスピリット,6.0,4.0,青海大樹,55.0,,2.0,2.0,佐賀,AIパッカル賞(C2),1:26.4,0.1,曇,4.0,3.0,佐賀,C2ー15組,1:33.3,0.5,曇,7.0,4.0,名古屋,金シャチ最終戦777(C),1:39.5,2.1,晴,10.0,8.0,名古屋,渥美半島特別(C),1:37.9,2.7,晴,8.0,9.0,名古屋,西尾大空特別(C),2:16.2,3.7,曇,2.4,1.0,,nar,2026-09-27,57.82,65.8,42.8,55.3,81.5,50.5,56.4,佐賀実績 / 近走上向き
202665092709,2026-09-27,9,ブループリンセス,8.0,7.0,今井千尋,600.0,,,,,,,,,,,,,,,,,,,,,,,,,,,,,,,,,,,,,,,,nar,2026-09-27,36.18,35.0,35.0,35.0,35.0,35.0,46.8,履歴少
202636092709,2026-09-27,9,プレストエンジェル,7.0,7.0,山本聡紀,54.0,,3.0,1.0,水沢,C1,0:51.5,0.2,雨,5.0,8.0,盛岡,C1,1:13.3,0.4,曇,9.0,7.0,盛岡,C1,1:01.0,1.4,晴,4.0,9.0,盛岡,C1,1:12.7,0.2,曇,4.0,6.0,盛岡,B2,0:59.4,0.3,雨,2.7,1.0,,nar,2026-09-27,62.78,68.5,54.8,80.2,65.0,58.1,48.8,履歴少 / 近走上向き / 安定感
202655092709,2026-09-27,9,ボーズマン,4.0,3.0,川島拓,56.0,,11.0,7.0,佐賀,馬もノリノリ!黒い海(C2),1:29.2,2.9,曇,3.0,6.0,佐賀,夢を叶える!ミクチャ(C2),1:34.2,1.1,晴,10.0,3.0,佐賀,C2ー5組,1:35.3,2.4,曇,6.0,4.0,佐賀,C2ー4組,1:32.1,0.6,雨,6.0,3.0,佐賀,C2ー5組,1:32.3,0.8,晴,22.9,7.0,,nar,2026-09-27,37.82,47.5,32.8,24.9,21.5,44.4,48.5,市場オッズ妙味
202655092709,2026-09-27,9,マイチャージ,3.0,3.0,山下裕貴,54.0,,10.0,9.0,佐賀,馬もノリノリ!黒い海(C2),1:29.1,2.8,曇,4.0,7.0,佐賀,夢を叶える!ミクチャ(C2),1:34.3,1.2,晴,11.0,2.0,佐賀,C2ー5組,1:35.5,2.6,曇,10.0,10.0,名古屋,C4組,1:38.5,2.5,晴,11.0,10.0,名古屋,アジア・アジアパラ応(C),1:39.5,3.1,曇,24.4,8.0,,nar,2026-09-27,39.86,37.6,39.9,24.9,44.0,46.5,49.8,総合評価
202655092709,2026-09-27,9,マコトアタキギリ,7.0,5.0,渡辺竜也,54.0,,1.0,1.0,佐賀,第5回BAOO優駿(C2),1:26.7,0.0,小雨,3.0,2.0,佐賀,C2ー20組,1:31.6,0.3,曇,1.0,1.0,佐賀,3歳ー10組,1:32.5,-0.3,晴,3.0,6.0,佐賀,パッカルくんのおとし(3歳),1:33.7,0.5,曇,,,佐賀,SAGAリベンジャー(3歳),,,雨,2.5,2.0,,nar,2026-09-27,69.82,92.9,51.5,89.7,58.0,55.5,59.5,佐賀実績 / 履歴少 / 安定感
202655092709,2026-09-27,9,ミラルージュ,10.0,6.0,小松丈二,54.0,,6.0,8.0,佐賀,馬もノリノリ!黒い海(C2),1:27.7,1.4,曇,5.0,10.0,佐賀,リスナーとの絆!ミク(C2),1:33.8,0.7,晴,6.0,11.0,佐賀,C2ー5組,1:34.0,1.1,曇,12.0,10.0,佐賀,C2ー4組,1:35.6,4.1,雨,5.0,8.0,佐賀,C2ー5組,1:32.3,0.8,晴,78.6,14.0,,nar,2026-09-27,56.99,55.8,70.0,35.3,56.0,61.1,50.5,前走人気以上 / 人気以上に走る傾向
202654092709,2026-09-27,9,モトサン,5.0,5.0,近藤翔月,56.0,,3.0,4.0,高知,ファイナルレース(C3),1:24.5,0.4,晴,4.0,4.0,高知,C3ー7,1:34.9,0.3,晴,13.0,14.0,川崎,アンドロメダ賞(C1),2:18.9,2.7,晴,9.0,8.0,川崎,スクルド賞(C1),2:18.6,3.1,曇,11.0,10.0,浦和,薫風特別(B3C1),1:31.9,2.4,晴,20.7,6.0,,nar,2026-09-27,58.12,52.6,51.8,55.3,87.5,56.3,59.5,高知実績 / 履歴少 / 近走上向き / 市場オッズ妙味
202636092709,2026-09-27,9,モリオン,5.0,5.0,佐々木志,54.0,,12.0,7.0,川崎,稲光賞(C2),0:57.9,2.4,曇,12.0,12.0,川崎,神楽酒造盃くろうま賞(C1C2),1:49.4,3.5,曇,10.0,9.0,浦和,祝!吉川市市制施行3(C1),1:32.5,2.2,曇,11.0,10.0,船橋,C1四 五,1:18.4,3.3,曇,,,浦和,特選(C1),,,晴,7.7,4.0,,nar,2026-09-27,29.9,16.8,35.5,0.0,44.0,46.6,48.8,履歴少
202665092709,2026-09-27,9,リュウセイ,10.0,8.0,林康文,640.0,,,,,,,,,,,,,,,,,,,,,,,,,,,,,,,,,,,,,,,,nar,2026-09-27,36.18,35.0,35.0,35.0,35.0,35.0,46.8,履歴少
202654092709,2026-09-27,9,レリッシュ,1.0,1.0,石本純也,55.0,,4.0,3.0,高知,ファイナルレース(C3),1:24.6,0.5,晴,2.0,7.0,佐賀,一発逆転ファイナルレ,1:29.9,0.6,晴,3.0,3.0,佐賀,一発逆転ファイナルレ,1:31.2,1.2,曇,6.0,5.0,高知,C3ー11,1:24.7,2.7,晴,3.0,3.0,高知,C3ー11,0:48.7,0.4,曇,10.2,5.0,,nar,2026-09-27,65.61,80.1,55.6,85.4,47.0,61.8,53.1,高知実績 / 安定感
202665092709,2026-09-27,9,ワンパク,4.0,4.0,船山蔵人,640.0,,,,,,,,,,,,,,,,,,,,,,,,,,,,,,,,,,,,,,,,nar,2026-09-27,36.18,35.0,35.0,35.0,35.0,35.0,46.8,履歴少
202665092710,2026-09-27,10,アアモンドオーザン,10.0,8.0,阿部優哉,650.0,,,,,,,,,,,,,,,,,,,,,,,,,,,,,,,,,,,,,,,,nar,2026-09-27,36.18,35.0,35.0,35.0,35.0,35.0,46.8,履歴少
202636092710,2026-09-27,10,アカイツメ,10.0,8.0,山本聡哉,54.0,,6.0,5.0,水沢,C1四組,1:31.9,1.1,曇,7.0,7.0,盛岡,C2二組,1:28.3,1.7,曇,4.0,3.0,盛岡,C2二組,1:28.1,2.9,曇,7.0,4.0,盛岡,C2一組,1:29.2,3.1,晴,2.0,3.0,盛岡,C2一組,1:27.7,1.2,曇,12.3,6.0,,nar,2026-09-27,49.85,63.3,44.1,30.1,44.0,55.4,48.8,履歴少 / 市場オッズ妙味
202636092710,2026-09-27,10,アズーラ,2.0,2.0,山本政聡,54.0,,5.0,6.0,水沢,C1五組,1:32.1,0.8,曇,4.0,6.0,盛岡,C2三組,1:27.8,1.5,曇,5.0,7.0,盛岡,C2,1:01.0,1.7,曇,3.0,5.0,盛岡,C2三組,1:28.3,0.4,晴,6.0,2.0,盛岡,C2二組,1:29.1,1.7,曇,9.7,4.0,,nar,2026-09-27,63.73,71.5,57.5,89.7,47.0,61.6,48.8,履歴少 / 安定感
202654092710,2026-09-27,10,アムレートゥム,8.0,8.0,郷間勇太,57.0,,6.0,10.0,高知,Aー3,1:23.3,1.5,晴,7.0,7.0,高知,ペリドット特別(A),1:49.0,2.0,晴,5.0,6.0,高知,Aー3,1:23.0,1.2,晴,6.0,7.0,高知,Aー3,1:29.4,1.6,曇,9.0,10.0,高知,瀬戸特別,1:44.6,2.6,曇,37.3,8.0,,nar,2026-09-27,53.02,57.1,61.6,19.8,54.5,59.3,50.3,クラス条件好転 / 前走人気以上 / 市場オッズ妙味
202654092710,2026-09-27,10,アメージング,5.0,5.0,多田羅誠,57.0,,1.0,2.0,高知,舟入川特別(B),1:43.7,-0.2,曇,7.0,4.0,園田,第2回日本トーター杯(A),1:30.9,2.4,曇,3.0,1.0,高知,Bー2,1:24.7,0.0,晴,2.0,2.0,高知,千本山特別(B),1:22.1,0.3,曇,1.0,1.0,高知,Bー3,1:30.3,-1.0,曇,2.1,1.0,,nar,2026-09-27,63.68,83.7,44.1,75.1,63.5,50.6,59.5,高知実績 / 履歴少 / 安定感
202665092710,2026-09-27,10,イワキシチフク,3.0,3.0,金田利貴,650.0,,,,,,,,,,,,,,,,,,,,,,,,,,,,,,,,,,,,,,,,nar,2026-09-27,36.18,35.0,35.0,35.0,35.0,35.0,46.8,履歴少
202636092710,2026-09-27,10,エクセレントマン,4.0,4.0,高橋悠里,56.0,,6.0,7.0,盛岡,C1三組,1:27.0,1.6,曇,1.0,1.0,盛岡,C1五組,1:27.3,-0.1,晴,3.0,2.0,盛岡,C1五組,1:27.5,0.8,曇,8.0,6.0,水沢,C1五組,1:29.4,1.6,曇,3.0,6.0,盛岡,C1二組,1:27.1,0.3,曇,2.1,1.0,,nar,2026-09-27,56.56,74.9,50.9,55.0,36.5,53.8,48.8,履歴少
202654092710,2026-09-27,10,カツベンケイ,4.0,4.0,木村直輝,57.0,,7.0,11.0,高知,Aー3,1:23.6,1.8,晴,7.0,8.0,高知,アカメ特別(A),1:49.3,2.6,晴,6.0,8.0,高知,Aー3,1:23.2,1.4,晴,10.0,8.0,高知,Aー2,1:30.2,3.5,曇,,,高知,Aー3,,,晴,130.2,9.0,,nar,2026-09-27,48.0,49.9,62.2,0.0,54.0,55.6,48.3,クラス条件好転 / 前走人気以上
202636092710,2026-09-27,10,キラット,11.0,8.0,村上忍,54.0,,8.0,4.0,水沢,C1四組,1:32.2,1.4,曇,7.0,8.0,盛岡,B2,1:26.9,1.0,曇,12.0,4.0,水沢,B2,1:39.7,9.0,晴,2.0,6.0,水沢,B2,1:28.7,0.4,曇,3.0,2.0,水沢,3月22日は帯広でば(B1),1:31.4,1.1,晴,10.2,5.0,,nar,2026-09-27,43.04,50.8,35.5,24.9,38.0,52.2,54.2,水沢実績 / クラス条件好転 / 履歴少
202665092710,2026-09-27,10,ケンチャン,7.0,7.0,島津新,650.0,,,,,,,,,,,,,,,,,,,,,,,,,,,,,,,,,,,,,,,,nar,2026-09-27,36.0,35.0,35.0,35.0,35.0,35.0,45.0,履歴少
202636092710,2026-09-27,10,コスモパンドラ,3.0,3.0,高松亮,54.0,,7.0,8.0,水沢,C1五組,1:32.6,1.3,曇,11.0,8.0,盛岡,岩手ビッグブルズシー(C1),1:42.7,3.9,曇,9.0,12.0,浦和,C1五,1:38.9,1.6,曇,9.0,12.0,浦和,越生町のマスコット「(C1),1:39.0,2.5,雨,9.0,14.0,船橋,馬い!馬い!唐津小松(C1),1:47.0,2.3,晴,13.7,7.0,,nar,2026-09-27,45.08,36.9,57.7,0.0,65.0,58.8,48.8,履歴少 / 近走上向き / 市場オッズ妙味
202654092710,2026-09-27,10,コロンバージュ,7.0,7.0,畑中信司,57.0,,3.0,8.0,高知,舟入川特別(B),1:45.1,1.4,曇,1.0,7.0,高知,Bー2,1:24.7,0.0,晴,4.0,4.0,高知,Bー2,1:48.5,0.7,晴,5.0,8.0,高知,千本山特別(B),1:22.7,0.9,曇,3.0,8.0,高知,横倉山特別(B),1:30.0,0.4,雨,9.0,5.0,,nar,2026-09-27,76.07,84.1,77.8,100.0,51.5,71.7,56.4,高知実績 / 前走人気以上 / 人気以上に走る傾向 / 安定感
202636092710,2026-09-27,10,コンバットアンジュ,9.0,7.0,岩本怜,54.0,,6.0,9.0,門別,新冠ライオンズクラブ(B4),1:03.1,2.3,雨,9.0,8.0,門別,グランシャリオドリー(B4),1:16.7,1.9,雨,11.0,12.0,門別,YJSトライアルラウ(B4),1:55.3,4.3,晴,7.0,10.0,門別,プルメリア特別(B4),1:02.6,1.7,晴,11.0,11.0,門別,ドウデュース・プレミ(B3),1:18.7,5.5,曇,19.7,8.0,,nar,2026-09-27,47.06,40.8,59.1,0.0,71.0,57.6,48.8,前走人気以上 / 履歴少 / 近走上向き / 市場オッズ妙味
202636092710,2026-09-27,10,サンホワイトクリフ,1.0,1.0,坂井瑛音,55.0,,9.0,10.0,水沢,C1五組,1:33.7,2.4,曇,4.0,5.0,盛岡,C2七組,1:14.8,1.0,曇,4.0,4.0,盛岡,C2八組,1:15.6,1.1,曇,6.0,2.0,盛岡,C2八組,1:14.7,1.6,小雨,6.0,2.0,盛岡,C2五組,1:28.7,1.9,晴,31.5,10.0,,nar,2026-09-27,48.71,59.9,46.9,44.7,26.0,52.4,48.8,履歴少 / 市場オッズ妙味
202665092710,2026-09-27,10,ジェイサンダー,9.0,8.0,西謙一,650.0,,,,,,,,,,,,,,,,,,,,,,,,,,,,,,,,,,,,,,,,nar,2026-09-27,36.0,35.0,35.0,35.0,35.0,35.0,45.0,履歴少
202636092710,2026-09-27,10,セイシークエンス,6.0,6.0,関本玲花,52.0,,9.0,4.0,水沢,C1,1:30.8,2.1,小雨,9.0,5.0,盛岡,C1,1:27.3,2.0,小雨,8.0,10.0,盛岡,ミルクティーローズ賞(C1),1:41.3,1.6,曇,4.0,4.0,盛岡,ストロベリーキャンド(C1),1:26.6,1.3,晴,1.0,1.0,盛岡,C1,1:26.9,-0.2,曇,8.1,3.0,,nar,2026-09-27,41.09,50.0,35.1,24.9,29.0,52.1,48.8,履歴少
202665092710,2026-09-27,10,タイヨウ,1.0,1.0,菊池一樹,650.0,,,,,,,,,,,,,,,,,,,,,,,,,,,,,,,,,,,,,,,,nar,2026-09-27,36.18,35.0,35.0,35.0,35.0,35.0,46.8,履歴少
202654092710,2026-09-27,10,ダイヤモンドフジ,1.0,1.0,岡村卓弥,57.0,,3.0,4.0,高知,Aー3,1:22.4,0.6,晴,1.0,2.0,高知,物部川特別,1:24.7,-0.4,晴,2.0,3.0,高知,柏島特別(C1),1:30.2,0.2,曇,1.0,2.0,高知,C1ー4,1:45.5,0.0,曇,4.0,4.0,高知,早明浦ダム特別(C1),1:31.8,0.6,曇,7.7,4.0,,nar,2026-09-27,71.12,91.1,56.3,100.0,44.0,61.3,62.5,高知実績 / クラス条件好転 / 履歴少 / 安定感
202654092710,2026-09-27,10,ダノンウィルヘルム,6.0,6.0,城野慈尚,57.0,,6.0,5.0,高知,御畳瀬特別,2:01.5,1.1,曇,7.0,3.0,高知,瀬戸特別,1:42.5,0.5,曇,2.0,1.0,高知,Aー3,1:44.4,0.5,曇,1.0,1.0,高知,四万十川特別,1:58.0,-0.3,雨,1.0,1.0,高知,奈半利川特別(B),1:48.4,0.0,晴,11.4,6.0,,nar,2026-09-27,52.5,74.3,39.5,44.7,30.5,56.5,52.9,高知実績 / 履歴少
202665092710,2026-09-27,10,トマランサカミカゼ,2.0,2.0,今井千尋,640.0,,,,,,,,,,,,,,,,,,,,,,,,,,,,,,,,,,,,,,,,nar,2026-09-27,36.0,35.0,35.0,35.0,35.0,35.0,45.0,履歴少
202665092710,2026-09-27,10,ハヤブサリュウ,4.0,4.0,長澤幸太,650.0,,,,,,,,,,,,,,,,,,,,,,,,,,,,,,,,,,,,,,,,nar,2026-09-27,36.0,35.0,35.0,35.0,35.0,35.0,45.0,履歴少
202665092710,2026-09-27,10,ヒカリファイヤー,8.0,7.0,船山蔵人,650.0,,,,,,,,,,,,,,,,,,,,,,,,,,,,,,,,,,,,,,,,nar,2026-09-27,36.0,35.0,35.0,35.0,35.0,35.0,45.0,履歴少
202665092710,2026-09-27,10,ビール,5.0,5.0,菅原響希,640.0,,,,,,,,,,,,,,,,,,,,,,,,,,,,,,,,,,,,,,,,nar,2026-09-27,36.0,35.0,35.0,35.0,35.0,35.0,45.0,履歴少
202654092710,2026-09-27,10,フユソウビ,2.0,2.0,吉原寛人,57.0,,5.0,8.0,高知,Aー3,1:23.1,1.3,晴,6.0,4.0,高知,アカメ特別(A),1:48.5,1.8,晴,1.0,1.0,高知,ファイナルレース(B),1:22.0,-0.1,曇,7.0,3.0,高知,横倉山特別(B),1:31.1,1.5,雨,2.0,7.0,高知,安田川特別(B),1:43.3,0.1,曇,5.8,3.0,,nar,2026-09-27,59.23,72.5,52.4,60.5,44.0,58.8,55.9,高知実績 / クラス条件好転 / 前走人気以上 / 履歴少
202636092710,2026-09-27,10,ポケットフルコイン,8.0,7.0,鈴木祐,54.0,,10.0,11.0,水沢,C1五組,1:34.0,2.7,曇,8.0,3.0,盛岡,C2六組,1:15.4,2.5,雨,9.0,11.0,川崎,雷光賞(C2),0:56.8,1.7,曇,12.0,10.0,川崎,稲魂賞(C2),0:57.6,2.1,曇,11.0,8.0,浦和,作付面積日本一深谷ブ(C2),0:49.1,2.0,雨,54.1,11.0,,nar,2026-09-27,35.95,30.4,42.0,0.0,50.0,46.4,48.8,履歴少
202636092710,2026-09-27,10,マカベウス,7.0,6.0,佐々木志,56.0,,6.0,4.0,水沢,C1五組,1:32.3,1.0,曇,2.0,5.0,盛岡,C1,1:26.5,0.9,小雨,8.0,6.0,盛岡,シェパーズパース賞(C1),1:27.7,1.0,曇,4.0,8.0,盛岡,C1,1:26.6,0.2,晴,8.0,9.0,盛岡,オッズパーク賞(C1),1:41.9,3.1,曇,6.9,2.0,,nar,2026-09-27,54.55,65.5,53.0,39.5,47.0,58.8,48.8,履歴少
202654092710,2026-09-27,10,ミズワリヲクダサイ,9.0,8.0,永森大智,57.0,,12.0,6.0,高知,建依別賞(重賞),1:30.9,3.0,晴,1.0,4.0,高知,一本釣り特別(A),1:46.9,-0.2,晴,7.0,5.0,高知,Aー3,1:23.8,2.0,晴,7.0,6.0,高知,ルビー特別(A),1:30.1,3.2,曇,3.0,1.0,高知,Aー3,1:46.3,1.5,晴,25.0,7.0,,nar,2026-09-27,41.18,55.1,37.2,35.3,5.0,49.5,50.5,市場オッズ妙味
202665092710,2026-09-27,10,ミナミジュウジセイ,6.0,6.0,大友一馬,650.0,,,,,,,,,,,,,,,,,,,,,,,,,,,,,,,,,,,,,,,,nar,2026-09-27,36.0,35.0,35.0,35.0,35.0,35.0,45.0,履歴少
202636092710,2026-09-27,10,ユーアーマイソウル,5.0,5.0,阿部英俊,56.0,,8.0,9.0,水沢,C1五組,1:32.8,1.5,曇,7.0,4.0,盛岡,C2六組,1:14.8,1.0,曇,4.0,3.0,盛岡,C2六組,1:14.2,1.2,晴,2.0,3.0,盛岡,C2七組,1:14.5,0.2,曇,6.0,3.0,盛岡,C2六組,1:28.3,2.7,晴,20.2,9.0,,nar,2026-09-27,47.58,61.0,44.4,34.3,30.5,51.5,48.8,履歴少 / 市場オッズ妙味
202654092710,2026-09-27,10,ラプラス,3.0,3.0,山崎雅由,57.0,,8.0,3.0,高知,Aー3,1:23.7,1.9,晴,3.0,2.0,高知,アカメ特別(A),1:47.6,0.9,晴,1.0,4.0,高知,千本山特別(B),1:21.8,-0.3,曇,3.0,6.0,高知,AB混合,1:45.0,0.9,晴,8.0,4.0,高知,新荘川特別(B),1:30.6,1.9,曇,5.4,2.0,,nar,2026-09-27,53.19,70.9,41.9,59.3,24.5,54.6,55.9,高知実績 / クラス条件好転 / 履歴少
202636092711,2026-09-27,11,イタズラベガ,1.0,1.0,岩本怜,53.0,,3.0,5.0,水沢,弘南鉄道乗りにいきま(3歳A),1:43.5,1.0,曇,1.0,2.0,盛岡,3歳B1,1:39.3,0.0,曇,1.0,4.0,盛岡,3歳B1,1:38.6,-0.2,小雨,6.0,4.0,盛岡,サファイア賞(重賞),1:46.7,1.6,晴,6.0,2.0,水沢,3歳B1,1:43.2,0.5,晴,32.3,8.0,,nar,2026-09-27,65.77,85.2,55.2,75.1,53.0,56.3,54.2,水沢実績 / クラス条件好転 / 履歴少 / 安定感
202654092711,2026-09-27,11,ウインヴェルデ,2.0,2.0,岡村卓弥,57.0,,5.0,3.0,高知,Aー2,1:28.5,1.8,曇,11.0,8.0,高知,御畳瀬特別,2:03.6,3.2,曇,2.0,1.0,高知,塚本雄大特別(A),1:32.1,0.7,晴,1.0,1.0,高知,Aー2,1:45.6,-0.1,晴,6.0,7.0,高知,だるま夕日賞(重賞),1:47.5,1.0,晴,10.5,4.0,,nar,2026-09-27,54.96,64.6,39.9,64.7,50.0,56.8,55.9,高知実績 / クラス条件好転 / 履歴少 / 安定感
202665092711,2026-09-27,11,ウンカイダイマオー,1.0,1.0,金田利貴,740.0,,,,,,,,,,,,,,,,,,,,,,,,,,,,,,,,,,,,,,,,nar,2026-09-27,36.0,35.0,35.0,35.0,35.0,35.0,45.0,履歴少
202636092711,2026-09-27,11,オーソレリカ,8.0,6.0,塚本涼人,56.0,,12.0,7.0,名古屋,文月疾風特別(A),0:58.0,4.0,晴,8.0,6.0,名古屋,黄金穹特別(A),1:30.3,1.8,晴,5.0,1.0,名古屋,水無月疾風特別(A),0:55.6,0.5,雨,10.0,8.0,船橋,ベルフラワースプリン(B1B2),1:17.6,3.0,曇,2.0,4.0,浦和,花吹雪特別(B2B3),0:47.0,0.2,曇,110.2,10.0,,nar,2026-09-27,35.4,41.6,29.7,30.1,15.5,43.8,50.0,総合評価
202665092711,2026-09-27,11,カワノブレーザー,9.0,8.0,中原蓮,710.0,,,,,,,,,,,,,,,,,,,,,,,,,,,,,,,,,,,,,,,,nar,2026-09-27,36.0,35.0,35.0,35.0,35.0,35.0,45.0,履歴少
202636092711,2026-09-27,11,キタノブライド,6.0,5.0,山本政聡,56.0,,8.0,8.0,盛岡,ビューチフルドリーマ(重賞),2:06.7,2.1,小雨,1.0,3.0,盛岡,フェアリーC(重賞),1:53.2,-0.1,曇,8.0,3.0,盛岡,いしがきマイラーズ(重賞),1:37.4,1.1,小雨,2.0,2.0,水沢,水無月特別(A),1:39.8,0.2,小雨,5.0,5.0,水沢,初夏特別(A),1:40.6,2.8,雨,14.9,5.0,,nar,2026-09-27,53.14,67.4,46.6,49.8,26.0,59.5,56.4,水沢実績 / 市場オッズ妙味
202665092711,2026-09-27,11,キョウエイエース,6.0,6.0,菊池一樹,740.0,,,,,,,,,,,,,,,,,,,,,,,,,,,,,,,,,,,,,,,,nar,2026-09-27,36.0,35.0,35.0,35.0,35.0,35.0,45.0,履歴少
202636092711,2026-09-27,11,クリナッチ,7.0,6.0,山本聡哉,56.0,,1.0,1.0,水沢,B2,1:27.0,-1.4,雨,1.0,1.0,盛岡,ハダル賞(B2),1:38.4,-0.7,曇,1.0,1.0,盛岡,C1一組,1:37.6,-0.2,曇,1.0,1.0,盛岡,ロス・トランキーロス(C1),1:25.3,-1.0,曇,1.0,1.0,盛岡,C2二組,1:25.4,-0.9,晴,2.3,1.0,,nar,2026-09-27,70.37,100.0,50.0,100.0,50.0,53.5,48.8,履歴少 / 安定感
202654092711,2026-09-27,11,グッドウッドガイ,4.0,4.0,新庄海誠,57.0,,7.0,6.0,高知,Aー2,1:24.1,2.3,晴,4.0,3.0,高知,一本釣り特別(A),1:47.6,0.7,晴,11.0,10.0,高知,トレノ賞(重賞),1:24.1,3.0,晴,5.0,4.0,高知,ルビー特別(A),1:28.5,1.6,曇,3.0,2.0,高知,メジロ特別(A),1:45.2,0.4,晴,18.9,5.0,,nar,2026-09-27,51.13,57.3,43.0,49.8,42.5,59.0,54.3,高知実績 / クラス条件好転 / 市場オッズ妙味
202654092711,2026-09-27,11,グッドヒューマー,6.0,6.0,野畑凌,57.0,,1.0,4.0,高知,瀬戸特別,1:42.0,0.0,曇,11.0,7.0,高知,福永洋一記念[地方交(重賞),1:44.3,3.0,曇,8.0,6.0,高知,御厨人窟賞(重賞),1:31.0,0.5,晴,3.0,3.0,高知,だるま夕日賞(重賞),1:47.0,0.5,晴,1.0,7.0,高知,黒潮マイルチャンピオ(重賞),1:42.2,0.0,晴,2.4,1.0,,nar,2026-09-27,60.34,66.7,51.0,55.3,78.5,55.7,55.9,高知実績 / クラス条件好転 / 前走人気以上 / 履歴少
202665092711,2026-09-27,11,ココロノニダイメ,2.0,2.0,島津新,710.0,,,,,,,,,,,,,,,,,,,,,,,,,,,,,,,,,,,,,,,,nar,2026-09-27,36.0,35.0,35.0,35.0,35.0,35.0,45.0,履歴少
202636092711,2026-09-27,11,ゴレイジョウ,5.0,5.0,南郷家全,56.0,,7.0,1.0,水沢,B1,0:51.2,1.3,雨,2.0,6.0,盛岡,ポーチュラカ賞(B1),1:11.2,0.4,雨,3.0,2.0,盛岡,B1,0:59.8,0.8,曇,1.0,1.0,水沢,B1,0:51.2,-0.1,晴,1.0,4.0,盛岡,B1,0:59.4,-0.5,晴,59.8,9.0,,nar,2026-09-27,56.46,80.3,45.0,69.6,18.5,53.5,51.2,水沢実績 / 履歴少 / 安定感
202654092711,2026-09-27,11,ジョウショーホープ,1.0,1.0,永森大智,57.0,,8.0,5.0,高知,Aー2,1:24.0,2.8,晴,6.0,6.0,高知,メジロ特別(A),1:45.9,1.1,晴,10.0,8.0,高知,福永洋一記念[地方交(重賞),1:43.7,2.4,曇,8.0,6.0,高知,春野特別,1:31.1,0.7,晴,5.0,3.0,高知,セグロセキレイ特別(AB),1:23.5,0.8,晴,24.7,6.0,,nar,2026-09-27,40.52,47.3,37.4,10.3,45.5,47.0,50.3,クラス条件好転 / 市場オッズ妙味
202665092711,2026-09-27,11,スターイチバン,7.0,7.0,阿部優哉,750.0,,,,,,,,,,,,,,,,,,,,,,,,,,,,,,,,,,,,,,,,nar,2026-09-27,36.0,35.0,35.0,35.0,35.0,35.0,45.0,履歴少
202665092711,2026-09-27,11,スーパーシン,8.0,8.0,鈴木恵介,750.0,,,,,,,,,,,,,,,,,,,,,,,,,,,,,,,,,,,,,,,,nar,2026-09-27,36.0,35.0,35.0,35.0,35.0,35.0,45.0,履歴少
202636092711,2026-09-27,11,ソルエストレーラ,4.0,4.0,関本玲花,56.0,,1.0,2.0,盛岡,B1二組,1:37.9,-0.9,曇,1.0,1.0,盛岡,オーガストC(B2),1:25.5,-0.4,晴,1.0,1.0,盛岡,C1,1:24.9,-1.2,曇,2.0,1.0,盛岡,C1,1:25.8,0.0,曇,1.0,1.0,水沢,種山高原賞(C1),1:27.5,-0.4,小雨,7.4,3.0,,nar,2026-09-27,71.31,98.8,51.1,100.0,51.5,58.5,50.0,安定感
202654092711,2026-09-27,11,タマモマスラオ,8.0,8.0,西森将司,57.0,,5.0,9.0,園田,第2回日本トーター杯(A),1:30.6,2.1,曇,8.0,8.0,高知,一本釣り特別(A),1:49.7,2.8,晴,9.0,10.0,高知,Aー2,1:30.2,3.5,曇,12.0,12.0,高知,御畳瀬特別,2:04.9,4.5,曇,9.0,7.0,高知,Aー2,1:32.5,1.7,晴,42.0,8.0,,nar,2026-09-27,51.56,44.2,58.4,30.4,77.0,54.8,46.0,クラス条件好転 / 前走人気以上 / 履歴少 / 近走上向き
202636092711,2026-09-27,11,チアフルヴォイス,3.0,3.0,高松亮,56.0,,3.0,5.0,盛岡,スプリント特別(OP),1:11.8,1.4,曇,6.0,6.0,盛岡,クラスターC(JpnIII),1:12.0,2.3,晴,1.0,1.0,盛岡,ハヤテ特別(OP),1:25.2,0.0,曇,2.0,2.0,盛岡,ハヤテ特別(OP),1:11.5,0.1,晴,5.0,3.0,水沢,水無月特別(A),1:40.8,1.2,小雨,8.4,4.0,,nar,2026-09-27,64.08,80.7,52.8,75.1,53.0,59.1,51.8,クラス条件好転 / 履歴少 / 安定感
202654092711,2026-09-27,11,ティアップエックス,7.0,7.0,畑中信司,57.0,,5.0,8.0,高知,Aー2,1:23.6,1.8,晴,5.0,6.0,高知,一本釣り特別(A),1:48.2,1.3,晴,6.0,8.0,高知,Aー2,1:23.1,1.9,晴,8.0,7.0,高知,Aー2,1:29.8,3.1,曇,5.0,8.0,高知,メジロ特別(A),1:45.9,1.1,晴,35.5,7.0,,nar,2026-09-27,61.14,62.9,62.0,65.7,56.0,61.5,54.3,高知実績 / クラス条件好転 / 前走人気以上 / 安定感
202665092711,2026-09-27,11,パワフルクィーン,5.0,5.0,長澤幸太,690.0,,,,,,,,,,,,,,,,,,,,,,,,,,,,,,,,,,,,,,,,nar,2026-09-27,36.18,35.0,35.0,35.0,35.0,35.0,46.8,履歴少
202636092711,2026-09-27,11,ビップアクア,10.0,7.0,村上忍,56.0,,6.0,9.0,盛岡,ビューチフルドリーマ(重賞),2:06.2,1.6,小雨,4.0,6.0,盛岡,フェアリーC(重賞),1:53.6,0.4,曇,5.0,4.0,盛岡,ハヤテ特別(OP),1:25.3,0.1,曇,2.0,5.0,盛岡,茉莉花特別(A),1:38.9,0.3,曇,6.0,5.0,水沢,千日草特別(A),1:41.2,0.6,小雨,15.6,6.0,,nar,2026-09-27,60.18,70.2,60.8,59.3,39.5,65.6,48.8,前走人気以上 / 履歴少 / 過小評価傾向 / 市場オッズ妙味
202654092711,2026-09-27,11,ブルーシンフォニー,5.0,5.0,多田羅誠,57.0,,2.0,5.0,高知,Aー2,1:22.8,1.0,晴,3.0,4.0,高知,Aー3,1:22.4,0.6,晴,3.0,4.0,高知,Aー2,1:27.9,1.2,曇,10.0,8.0,高知,瀬戸特別,1:44.9,2.9,曇,3.0,4.0,高知,Aー3,1:44.4,0.5,曇,3.9,3.0,,nar,2026-09-27,67.73,78.3,58.2,85.4,66.5,58.4,54.5,高知実績 / 前走人気以上 / 近走上向き / 安定感
202665092711,2026-09-27,11,ホクセイテンリュウ,4.0,4.0,今井千尋,720.0,,,,,,,,,,,,,,,,,,,,,,,,,,,,,,,,,,,,,,,,nar,2026-09-27,36.18,35.0,35.0,35.0,35.0,35.0,46.8,履歴少
202636092711,2026-09-27,11,ミナトミナイト,9.0,7.0,高橋悠里,56.0,,9.0,9.0,水沢,卯月特別(A),1:45.7,3.6,晴,10.0,12.0,名古屋,若草賞土古記念(重賞),1:35.9,2.2,晴,8.0,9.0,名古屋,八橋昇竜戦(A),1:38.1,4.0,晴,11.0,6.0,名古屋,サンドクッキー特別(A),1:53.4,3.7,晴,12.0,10.0,川崎,ロジータ記念【地方交(重賞),2:23.1,3.4,晴,174.3,11.0,,nar,2026-09-27,39.05,30.8,48.3,0.0,57.5,48.3,51.8,クラス条件好転 / 履歴少
202636092711,2026-09-27,11,メイショウヒメゴゼ,2.0,2.0,菅原辰徳,56.0,,6.0,7.0,水沢,B1,1:30.6,1.7,曇,5.0,7.0,高知,C2ー5,1:33.4,2.4,晴,5.0,8.0,高知,C2ー6,1:26.7,2.2,晴,7.0,5.0,佐賀,東風特選(C2),1:59.1,3.2,晴,9.0,4.0,佐賀,バレンタイン特選(C2),1:59.3,2.0,小雨,494.3,12.0,,nar,2026-09-27,53.76,59.9,54.1,44.7,53.0,52.9,48.8,履歴少
202636092711,2026-09-27,11,メイショウマヒロ,12.0,8.0,笹川翼,56.0,,2.0,1.0,盛岡,フェアリーC(重賞),1:53.3,0.1,曇,1.0,2.0,川崎,要潤さん来場記念(B3二),1:35.1,-1.4,晴,1.0,1.0,川崎,スフィーダ賞(C1),1:36.6,-0.6,曇,1.0,2.0,川崎,紫丁香花賞(C1),1:31.3,-0.2,晴,1.0,1.0,佐賀,AIパッカル賞(B),1:29.0,-0.4,曇,3.2,2.0,,nar,2026-09-27,69.41,97.6,50.6,100.0,44.0,55.6,48.8,履歴少 / 安定感
202665092711,2026-09-27,11,ラポピージュニア,3.0,3.0,西将太,730.0,,,,,,,,,,,,,,,,,,,,,,,,,,,,,,,,,,,,,,,,nar,2026-09-27,36.0,35.0,35.0,35.0,35.0,35.0,45.0,履歴少
202636092711,2026-09-27,11,リリーコレール,11.0,8.0,小林凌,56.0,,2.0,2.0,水沢,スプリント特別(OP),0:50.0,0.3,曇,1.0,1.0,盛岡,B1,0:59.0,-0.6,曇,1.0,1.0,盛岡,B1,0:58.9,-0.6,曇,2.0,5.0,盛岡,B1,1:12.5,0.4,晴,11.0,4.0,盛岡,スプリント特別(OP),1:00.6,1.5,曇,17.3,7.0,,nar,2026-09-27,67.43,88.1,48.0,89.7,60.5,59.5,48.8,履歴少 / 安定感 / 市場オッズ妙味
202654092711,2026-09-27,11,ロードインファイト,3.0,3.0,吉原寛人,57.0,,6.0,4.0,高知,建依別賞(重賞),1:29.7,1.8,晴,3.0,2.0,高知,一本釣り特別(A),1:47.4,0.5,晴,9.0,3.0,高知,トレノ賞(重賞),1:23.2,2.1,晴,2.0,1.0,高知,メジロ特別(A),1:44.8,0.0,晴,1.0,1.0,高知,建依別賞(重賞),1:30.3,0.0,晴,3.0,2.0,,nar,2026-09-27,50.29,70.0,34.7,49.8,36.5,48.2,52.5,高知実績
202654092712,2026-09-27,12,アキロック,12.0,8.0,木村直輝,57.0,,9.0,10.0,高知,C3ー7,1:37.7,3.1,晴,3.0,12.0,高知,ファイナルレース(C3),1:27.9,1.1,晴,10.0,10.0,高知,C3ー9,0:50.9,2.9,曇,5.0,6.0,高知,C3ー10,1:51.2,2.7,雨,9.0,9.0,高知,ファイナルレース(C3),1:25.5,1.8,曇,20.4,10.0,,nar,2026-09-27,53.65,51.1,68.9,39.5,36.5,61.9,50.5,前走人気以上 / 人気以上に走る傾向 / 市場オッズ妙味
202654092712,2026-09-27,12,アクロポリス,2.0,2.0,城野慈尚,57.0,,8.0,8.0,高知,C3ー8,1:27.5,2.3,曇,3.0,9.0,高知,ファイナルレース(C3),1:35.6,0.7,晴,11.0,9.0,高知,C3ー9,1:29.1,3.1,晴,8.0,12.0,高知,ファイナルレース(C3),1:25.2,1.5,曇,9.0,12.0,高知,ファイナルレース(C3),1:33.0,2.6,曇,4.2,1.0,,nar,2026-09-27,50.95,48.4,64.0,24.9,48.5,59.9,48.5,総合評価
202654092712,2026-09-27,12,アップルキャンディ,3.0,3.0,新庄海誠,55.0,,7.0,10.0,高知,C3ー8,1:27.4,2.2,曇,9.0,9.0,高知,C3ー4,1:36.1,3.9,晴,8.0,8.0,高知,C3ー5,1:52.8,3.0,晴,8.0,9.0,高知,C3ー5,1:26.4,4.3,曇,10.0,7.0,高知,C3ー5,1:38.0,4.9,晴,16.7,9.0,,nar,2026-09-27,44.85,42.8,55.2,0.0,60.5,56.9,43.8,前走人気以上 / 履歴少 / 市場オッズ妙味
202665092712,2026-09-27,12,ウチュウジン,10.0,8.0,長澤幸太,670.0,,,,,,,,,,,,,,,,,,,,,,,,,,,,,,,,,,,,,,,,nar,2026-09-27,36.18,35.0,35.0,35.0,35.0,35.0,46.8,履歴少
202665092712,2026-09-27,12,エクレール,3.0,3.0,阿部武臣,650.0,,,,,,,,,,,,,,,,,,,,,,,,,,,,,,,,,,,,,,,,nar,2026-09-27,36.0,35.0,35.0,35.0,35.0,35.0,45.0,履歴少
202665092712,2026-09-27,12,クロコトブキ,8.0,7.0,今井千尋,660.0,,,,,,,,,,,,,,,,,,,,,,,,,,,,,,,,,,,,,,,,nar,2026-09-27,36.18,35.0,35.0,35.0,35.0,35.0,46.8,履歴少
202636092712,2026-09-27,12,コスモベラエステラ,11.0,8.0,阿部英俊,56.0,,6.0,9.0,水沢,四十八坂賞(C1),1:31.5,1.9,曇,8.0,6.0,盛岡,C2一組,1:27.1,0.9,曇,2.0,4.0,盛岡,C2二組,1:26.7,1.5,曇,5.0,4.0,盛岡,C2二組,1:29.0,0.9,曇,4.0,4.0,盛岡,C2一組,1:27.4,1.2,曇,23.2,8.0,,nar,2026-09-27,54.76,65.2,54.6,44.7,42.5,57.6,48.8,前走人気以上 / 履歴少 / 市場オッズ妙味
202665092712,2026-09-27,12,サカノテンリュウ,2.0,2.0,船山蔵人,670.0,,,,,,,,,,,,,,,,,,,,,,,,,,,,,,,,,,,,,,,,nar,2026-09-27,36.18,35.0,35.0,35.0,35.0,35.0,46.8,履歴少
202665092712,2026-09-27,12,ショウリノホシ,9.0,8.0,鈴木恵介,670.0,,,,,,,,,,,,,,,,,,,,,,,,,,,,,,,,,,,,,,,,nar,2026-09-27,36.18,35.0,35.0,35.0,35.0,35.0,46.8,履歴少 / 前走人気以上
202665092712,2026-09-27,12,ジェイエクスプレス,4.0,4.0,金田利貴,655.0,,,,,,,,,,,,,,,,,,,,,,,,,,,,,,,,,,,,,,,,nar,2026-09-27,36.18,35.0,35.0,35.0,35.0,35.0,46.8,履歴少
202654092712,2026-09-27,12,セージブラッシュ,11.0,8.0,近藤翔月,56.0,,5.0,5.0,高知,C3ー12,1:26.6,3.4,晴,7.0,8.0,高知,ファイナルレース(C3),1:36.9,2.0,晴,9.0,5.0,高知,ファイナルレース(C3),1:29.9,3.1,晴,4.0,4.0,高知,C3ー11,0:50.0,1.7,曇,7.0,9.0,高知,C3ー11,1:32.7,2.9,晴,4.7,2.0,,nar,2026-09-27,52.99,57.2,47.7,45.0,60.5,55.9,50.5,総合評価
202665092712,2026-09-27,12,ツカサタロウ,7.0,7.0,菊池一樹,670.0,,,,,,,,,,,,,,,,,,,,,,,,,,,,,,,,,,,,,,,,nar,2026-09-27,36.0,35.0,35.0,35.0,35.0,35.0,45.0,履歴少
202665092712,2026-09-27,12,ツガルフジ,5.0,5.0,渡来心路,670.0,,,,,,,,,,,,,,,,,,,,,,,,,,,,,,,,,,,,,,,,nar,2026-09-27,36.18,35.0,35.0,35.0,35.0,35.0,46.8,履歴少
202654092712,2026-09-27,12,トラジロウ,6.0,5.0,石本純也,57.0,,6.0,6.0,高知,C3ー14,1:27.3,4.7,晴,12.0,10.0,高知,C1ー3,1:37.7,7.4,曇,11.0,7.0,高知,C1ー3,1:52.9,8.6,曇,11.0,5.0,高知,のれそれ特別(B),1:37.5,7.2,晴,7.0,9.0,高知,AB混合,1:32.1,3.2,曇,11.9,6.0,,nar,2026-09-27,38.0,33.5,36.3,0.0,75.5,46.3,43.8,履歴少 / 近走上向き
202654092712,2026-09-27,12,ナチュラルスマイル,7.0,6.0,塚本直之,52.0,,7.0,10.0,高知,C3ー15,1:27.7,5.0,晴,10.0,10.0,高知,C3ー9,1:37.0,6.4,晴,12.0,9.0,高知,ファイナルレース(C3),1:33.4,6.6,晴,5.0,5.0,高知,C3ー11,0:50.1,1.8,曇,9.0,6.0,高知,C3ー12,1:37.7,7.6,晴,21.1,11.0,,nar,2026-09-27,43.88,38.8,50.1,14.6,62.0,49.7,48.5,前走人気以上
202654092712,2026-09-27,12,ナムラビオラ,10.0,7.0,西森将司,55.0,,7.0,8.0,高知,C3ー12,1:27.1,3.9,晴,6.0,5.0,高知,ファイナルレース(C3),1:36.6,1.7,晴,6.0,7.0,高知,C3ー10,1:26.3,3.3,晴,8.0,8.0,高知,C3ー9,0:50.2,2.2,曇,5.0,6.0,高知,C3ー9,1:34.0,1.7,曇,13.4,7.0,,nar,2026-09-27,48.19,56.1,52.5,10.3,45.5,59.6,48.5,市場オッズ妙味
202636092712,2026-09-27,12,ネイビス,4.0,4.0,岩本怜,56.0,,4.0,8.0,水沢,C1四組,1:31.2,0.4,曇,6.0,8.0,盛岡,いわてくじ山形村短角(C1),1:27.4,1.1,曇,4.0,3.0,盛岡,C1四組,1:27.0,0.5,曇,1.0,2.0,盛岡,C2三組,1:26.9,-0.6,曇,3.0,3.0,盛岡,C2二組,1:26.7,1.3,曇,11.2,4.0,,nar,2026-09-27,64.68,76.3,61.6,75.1,47.0,64.2,48.8,前走人気以上 / 履歴少 / 安定感
202636092712,2026-09-27,12,ネコニコタツ,7.0,6.0,坂井瑛音,53.0,,2.0,5.0,水沢,C1五組,1:31.4,0.1,曇,4.0,3.0,盛岡,C2,1:01.2,1.2,曇,4.0,8.0,盛岡,C1,1:00.5,1.2,曇,8.0,3.0,盛岡,C1,1:16.2,1.7,晴,7.0,2.0,盛岡,C1,1:01.8,1.9,曇,7.2,3.0,,nar,2026-09-27,63.38,73.7,51.4,75.1,72.5,55.8,48.8,前走人気以上 / 履歴少 / 近走上向き / 安定感
202636092712,2026-09-27,12,ハクアイドリーム,10.0,8.0,佐々木志,56.0,,11.0,12.0,水沢,C1四組,1:34.8,4.0,曇,11.0,12.0,盛岡,C2四組,1:15.4,2.2,曇,6.0,8.0,盛岡,C2四組,1:30.0,2.3,曇,8.0,9.0,盛岡,C2四組,1:16.3,3.3,晴,9.0,9.0,盛岡,C2三組,1:29.4,2.5,曇,137.6,11.0,,nar,2026-09-27,39.75,33.1,57.7,0.0,35.0,54.2,48.8,履歴少
202654092712,2026-09-27,12,ハチャプリ,4.0,4.0,大澤誠志,55.0,,8.0,8.0,高知,C3ー10,1:29.4,5.2,曇,12.0,12.0,高知,C3ー7,1:39.0,4.4,晴,11.0,7.0,高知,ファイナルレース(C3),1:33.4,6.6,晴,3.0,5.0,高知,C3ー9,0:49.2,1.2,曇,6.0,8.0,高知,C3ー9,1:35.4,3.1,曇,6.1,3.0,,nar,2026-09-27,42.25,38.8,48.0,14.6,50.0,52.0,48.5,総合評価
202636092712,2026-09-27,12,ハッピーグローリー,6.0,6.0,斉藤友香,50.0,,11.0,8.0,水沢,四十八坂賞(C1),1:33.6,4.0,曇,2.0,8.0,盛岡,C2四組,1:28.4,1.3,曇,7.0,9.0,盛岡,C2四組,1:14.4,1.2,曇,5.0,5.0,盛岡,C2四組,1:29.1,1.4,曇,1.0,5.0,盛岡,C2七組,1:14.3,-0.2,曇,41.4,10.0,,nar,2026-09-27,51.47,59.5,59.7,49.8,6.5,62.1,50.0,市場オッズ妙味
202636092712,2026-09-27,12,パンセ,8.0,7.0,山本聡紀,56.0,,3.0,1.0,水沢,C1四組,1:30.8,0.0,曇,3.0,7.0,盛岡,ポーチュラカ賞(B1),1:11.2,0.4,雨,4.0,6.0,盛岡,B1,1:26.1,1.0,曇,3.0,7.0,盛岡,B1,1:12.5,0.3,曇,3.0,9.0,盛岡,B1,0:59.7,0.8,曇,2.0,1.0,,nar,2026-09-27,70.46,82.4,63.9,100.0,51.5,62.1,51.8,クラス条件好転 / 履歴少 / 安定感
202636092712,2026-09-27,12,ビッグリュウオー,9.0,7.0,大坪慎,56.0,,4.0,3.0,水沢,C1五組,1:31.9,0.6,曇,2.0,1.0,盛岡,大船渡市観光物産協会(C1),1:27.1,0.3,曇,3.0,4.0,盛岡,C1五組,1:27.1,0.2,晴,4.0,7.0,盛岡,C1四組,1:27.2,0.5,晴,9.0,7.0,盛岡,C1四組,1:27.6,0.7,曇,4.8,2.0,,nar,2026-09-27,63.4,77.4,49.1,89.7,53.0,56.7,48.8,履歴少 / 安定感
202654092712,2026-09-27,12,ビビットピンク,8.0,6.0,多田羅誠,55.0,,7.0,7.0,高知,ファイナルレース(C3),1:26.2,2.1,晴,8.0,4.0,高知,ファイナルレース(C3),1:37.1,2.2,晴,7.0,6.0,高知,ファイナルレース(C3),1:28.5,1.7,晴,8.0,8.0,高知,C3ー7,0:50.4,2.3,曇,6.0,7.0,高知,C3ー7,1:34.4,3.0,曇,7.8,4.0,,nar,2026-09-27,42.09,49.7,42.4,0.0,51.5,51.3,46.5,総合評価
202636092712,2026-09-27,12,ピースワンドルチェ,1.0,1.0,高松亮,56.0,,7.0,11.0,水沢,C1四組,1:32.1,1.3,曇,4.0,8.0,盛岡,C2四組,1:14.4,1.2,曇,6.0,3.0,盛岡,C2二組,1:28.3,1.4,晴,6.0,5.0,盛岡,C2一組,1:28.4,1.9,曇,5.0,3.0,盛岡,C1五組,1:28.3,1.6,曇,19.0,7.0,,nar,2026-09-27,53.91,62.4,58.9,35.3,39.5,60.5,48.8,前走人気以上 / 履歴少 / 市場オッズ妙味
202636092712,2026-09-27,12,フィリオアレグロ,3.0,3.0,小林凌,56.0,,5.0,6.0,盛岡,B1三組,1:40.0,0.7,曇,5.0,7.0,笠松,長良川特別(A),1:45.2,2.0,雨,4.0,6.0,笠松,水無月特別(B),1:47.1,1.7,晴,8.0,8.0,笠松,灰雪特別(A),2:03.4,2.6,曇,3.0,4.0,笠松,オッズパーク2025(A),2:08.9,4.2,曇,11.4,5.0,,nar,2026-09-27,63.57,67.7,59.1,85.4,50.0,64.3,51.8,クラス条件好転 / 履歴少 / 安定感
202654092712,2026-09-27,12,フランフィズ,5.0,5.0,畑中信司,57.0,,8.0,9.0,高知,C3ー11,1:26.8,4.4,晴,4.0,3.0,高知,ファイナルレース(C3),1:36.0,1.1,晴,6.0,10.0,高知,ファイナルレース(C3),1:28.5,1.7,晴,7.0,7.0,高知,C3ー12,1:47.4,4.4,曇,4.0,7.0,高知,C3ー9,1:33.8,1.5,曇,10.4,5.0,,nar,2026-09-27,52.62,59.6,58.1,35.3,33.5,62.0,50.5,前走人気以上
202654092712,2026-09-27,12,ブルジョア,9.0,7.0,上田将司,55.0,,8.0,9.0,高知,C3ー15,1:28.0,5.3,晴,11.0,12.0,高知,ファイナルレース(C3),1:38.1,3.2,晴,7.0,8.0,高知,C3ー11,1:28.4,6.4,晴,9.0,9.0,高知,C3ー12,1:49.8,6.8,曇,6.0,7.0,高知,C3ー12,1:35.1,5.0,晴,36.7,12.0,,nar,2026-09-27,42.98,40.1,56.0,0.0,51.5,53.5,46.5,総合評価
202654092712,2026-09-27,12,マイネルバルビゾン,1.0,1.0,濱尚美,55.0,,,,高知,ファイナルレース(C3),,,晴,9.0,11.0,高知,ファイナルレース(C3),1:37.2,2.3,晴,8.0,8.0,高知,ファイナルレース(C3),1:29.5,2.7,晴,5.0,7.0,高知,C3ー9,0:49.9,1.9,曇,9.0,8.0,高知,C3ー11,1:33.8,4.0,晴,13.7,8.0,,nar,2026-09-27,45.88,45.0,56.9,14.6,40.0,58.4,49.0,市場オッズ妙味
202636092712,2026-09-27,12,マイネルレクエルド,2.0,2.0,鈴木祐,56.0,,5.0,7.0,水沢,C1四組,1:31.2,0.4,曇,1.0,5.0,盛岡,C2四組,1:27.1,-1.3,曇,10.0,6.0,盛岡,C2四組,1:14.9,1.7,曇,7.0,6.0,園田,唐櫃スプリントC3,1:22.6,2.1,晴,5.0,4.0,園田,木見スプリントC3,1:23.4,1.5,雨,23.6,9.0,,nar,2026-09-27,58.53,65.7,54.0,65.7,54.5,56.3,48.8,履歴少 / 安定感 / 市場オッズ妙味
202665092712,2026-09-27,12,ミヤビハヤブサ,1.0,1.0,村上章,655.0,,,,,,,,,,,,,,,,,,,,,,,,,,,,,,,,,,,,,,,,nar,2026-09-27,36.0,35.0,35.0,35.0,35.0,35.0,45.0,履歴少
202665092712,2026-09-27,12,ユウマダイマジン,6.0,6.0,西将太,670.0,,,,,,,,,,,,,,,,,,,,,,,,,,,,,,,,,,,,,,,,nar,2026-09-27,36.0,35.0,35.0,35.0,35.0,35.0,45.0,履歴少
202636092712,2026-09-27,12,リーヴルワンダー,5.0,5.0,村上忍,56.0,,10.0,6.0,水沢,C1四組,1:33.6,2.8,曇,6.0,2.0,盛岡,C2二組,1:28.3,1.7,曇,1.0,3.0,盛岡,C2五組,1:13.2,-0.2,晴,8.0,2.0,盛岡,C2,1:01.7,1.4,晴,2.0,1.0,盛岡,C2六組,1:13.6,0.4,曇,16.9,6.0,,nar,2026-09-27,41.29,59.1,30.4,30.1,15.5,50.6,48.8,履歴少 / 市場オッズ妙味
