race_id,日付,レース,馬名,馬番,枠,騎手,斤量,実着順,着順1,人気1,場1,レース名1,タイム1,着差1,馬場1,着順2,人気2,場2,レース名2,タイム2,着差2,馬場2,着順3,人気3,場3,レース名3,タイム3,着差3,馬場3,着順4,人気4,場4,レース名4,タイム4,着差4,馬場4,着順5,人気5,場5,レース名5,タイム5,着差5,馬場5,単勝オッズ,人気,オッズ更新日時,source,_date,AREru指数,因子_performance,因子_upset,因子_consistency,因子_trend,因子_value,因子_context,理由
202636092801,2026-09-28,1,アジャイブ,11.0,8.0,山本聡紀,54.0,,4.0,7.0,水沢,3歳C2七組,1:23.9,1.6,小雨,6.0,7.0,盛岡,3歳C2八組,1:15.6,2.0,曇,15.0,14.0,2新潟1,3歳未勝利,2:05.1,8.1,曇,8.0,15.0,1新潟7,3歳未勝利,1:58.3,2.3,晴,14.0,13.0,2東京4,3歳未勝利,1:41.7,3.0,曇,9.0,5.0,,nar,2026-09-28,55.4,44.5,63.2,30.4,90.5,60.1,48.8,前走人気以上 / 履歴少 / 近走上向き
202646092801,2026-09-28,1,アドバンスジェンヌ,3.0,3.0,加藤翔馬,55.0,,9.0,9.0,2新潟1,3歳未勝利,1:59.8,2.8,曇,9.0,11.0,1函館10,3歳未勝利,1:46.0,1.7,曇,12.0,8.0,1函館5,3歳未勝利,1:00.1,2.3,晴,6.0,13.0,1新潟6,3歳未勝利,1:13.5,0.8,晴,,,,,,,,4.7,2.0,,nar,2026-09-28,41.87,34.6,55.7,0.0,50.0,55.8,50.0,総合評価
202643092801,2026-09-28,1,エイシンペリドット,12.0,8.0,沖響主,51.0,,8.0,9.0,浦和,ランチタイム(C3),1:32.5,1.2,晴,10.0,6.0,船橋,C3四,1:19.5,2.9,曇,11.0,10.0,船橋,C3 二組下,1:42.7,3.1,曇,7.0,5.0,浦和,ランチタイム(C3),1:25.2,1.7,曇,5.0,2.0,船橋,C3 二組下,1:42.2,1.2,曇,48.8,7.0,,nar,2026-09-28,39.07,38.9,39.6,10.3,51.5,45.8,48.5,履歴少
202636092801,2026-09-28,1,エサン,4.0,4.0,佐々木志,56.0,,6.0,8.0,水沢,3歳C2六組,1:25.1,1.6,小雨,10.0,11.0,盛岡,3歳C2六組,1:16.2,3.2,曇,9.0,10.0,盛岡,3歳C2六組,1:15.8,2.3,曇,9.0,7.0,盛岡,3歳C2六組,1:17.9,5.2,晴,10.0,10.0,盛岡,うまレター賞(3歳C2),1:17.0,2.9,曇,91.8,7.0,,nar,2026-09-28,45.32,40.5,55.3,0.0,71.0,52.2,48.8,履歴少 / 近走上向き
202643092801,2026-09-28,1,エメラルアタック,3.0,3.0,山本大翔,54.0,,9.0,11.0,船橋,C3四,1:19.4,2.8,曇,9.0,9.0,船橋,C3五,1:21.9,3.4,晴,8.0,9.0,船橋,C3二,1:19.2,2.6,晴,9.0,8.0,船橋,C3二,1:20.0,3.2,曇,10.0,10.0,船橋,C3二,1:19.8,2.9,曇,226.3,12.0,,nar,2026-09-28,41.09,36.8,54.6,0.0,50.0,52.2,43.8,履歴少
202643092801,2026-09-28,1,エースフラワー,10.0,7.0,西村栄喜,54.0,,8.0,10.0,船橋,C3四,1:19.3,2.7,曇,7.0,11.0,船橋,C3五,1:20.8,2.3,晴,9.0,10.0,船橋,C3三,1:21.8,5.4,曇,8.0,10.0,船橋,C3四,1:19.6,2.8,晴,9.0,10.0,船橋,C3四,1:19.7,2.8,晴,144.4,11.0,,nar,2026-09-28,46.59,43.6,65.4,0.0,51.5,58.1,43.8,履歴少 / 人気以上に走る傾向
202643092801,2026-09-28,1,オヨメサンバ,6.0,5.0,濱田達也,54.0,,9.0,10.0,船橋,3歳四,1:28.1,12.6,曇,10.0,2.0,船橋,馬い!淡路玉ねぎイザ(3歳),1:21.4,5.8,曇,3.0,10.0,船橋,3歳七,1:18.8,2.8,晴,8.0,6.0,船橋,3歳七,1:21.0,2.7,曇,5.0,5.0,船橋,3歳八,1:18.5,1.6,曇,120.1,9.0,,nar,2026-09-28,44.23,48.0,45.8,30.1,35.0,50.3,49.6,履歴少
202665092801,2026-09-28,1,キセキヲオコセ,6.0,6.0,松本秀克,620.0,,,,,,,,,,,,,,,,,,,,,,,,,,,,,,,,,,,,,,,,nar,2026-09-28,36.0,35.0,35.0,35.0,35.0,35.0,45.0,履歴少
202636092801,2026-09-28,1,キタノソブリン,10.0,8.0,小林凌,56.0,,5.0,5.0,水沢,3歳C2七組,1:24.1,1.8,小雨,13.0,14.0,2新潟2,3歳未勝利,1:13.8,2.6,雨,16.0,15.0,3東京3,3歳未勝利,1:27.3,2.9,晴,11.0,12.0,1新潟5,3歳未勝利,1:14.9,1.9,晴,,,,,,,,8.4,4.0,,nar,2026-09-28,48.02,27.4,51.5,30.4,100.0,53.2,48.8,履歴少 / 近走上向き
202636092801,2026-09-28,1,キタノボニータ,9.0,7.0,塚本涼人,54.0,,5.0,4.0,水沢,3歳C2六組,1:24.9,1.4,小雨,4.0,6.0,盛岡,うまレター賞(3歳C2),1:14.7,0.7,曇,15.0,16.0,3京都11,3歳未勝利,1:22.9,2.6,晴,,,,,,,,,,,,,,,11.6,6.0,,nar,2026-09-28,57.17,52.8,53.7,55.3,77.0,62.6,48.8,履歴少 / 近走上向き
202643092801,2026-09-28,1,ギンレイ,8.0,6.0,野畑凌,54.0,,5.0,3.0,船橋,C3四,1:18.5,1.9,曇,4.0,2.0,船橋,C3五,1:19.3,0.8,晴,11.0,9.0,川崎,毘沙門天賞(C3),1:35.9,1.2,晴,6.0,3.0,川崎,C3三,1:35.8,0.6,晴,3.0,2.0,船橋,C3二,1:18.4,0.3,晴,14.0,4.0,,nar,2026-09-28,53.86,61.0,35.7,65.7,56.0,54.7,59.5,船橋実績 / 履歴少 / 安定感 / 市場オッズ妙味
202636092801,2026-09-28,1,クレバー,7.0,6.0,坂井瑛音,55.0,,10.0,5.0,水沢,3歳C2六組,1:25.6,2.1,小雨,9.0,9.0,盛岡,3歳C2六組,1:15.9,2.9,曇,11.0,11.0,盛岡,3歳C2六組,1:16.5,3.0,曇,7.0,6.0,盛岡,3歳C2六組,1:16.7,4.0,晴,6.0,6.0,盛岡,うまレター賞(3歳C2),1:16.1,2.0,曇,190.9,10.0,,nar,2026-09-28,35.26,35.2,38.3,0.0,39.5,47.0,48.8,履歴少
202643092801,2026-09-28,1,グランツリッター,2.0,2.0,仲野光馬,56.0,,6.0,9.0,船橋,C3四,1:18.7,2.1,曇,11.0,10.0,船橋,C3五,1:24.4,5.9,晴,10.0,10.0,船橋,C3二,1:20.6,4.0,晴,10.0,10.0,船橋,C3三,1:22.4,3.8,雨,13.0,14.0,川崎,2026川崎ジョッキ(C3),1:35.0,2.0,晴,144.2,10.0,,nar,2026-09-28,43.98,33.3,55.4,0.0,80.0,52.9,43.8,前走人気以上 / 履歴少 / 近走上向き
202643092801,2026-09-28,1,グランミルトン,9.0,7.0,本田正重,56.0,,3.0,1.0,船橋,C3五,1:17.5,0.4,晴,2.0,3.0,船橋,C3六,1:16.8,0.0,晴,2.0,3.0,船橋,2026船橋ケイバス(C3),1:17.3,0.5,晴,,,,,,,,,,,,,,,2.9,2.0,,nar,2026-09-28,64.36,88.8,48.5,75.1,44.0,54.5,59.5,船橋実績 / 履歴少 / 安定感
202636092801,2026-09-28,1,ケヤキ,5.0,5.0,鈴木祐,54.0,,11.0,9.0,盛岡,アメジスト賞(3歳),2:06.0,21.8,晴,6.0,6.0,水沢,3歳C2六組,1:23.4,0.7,曇,5.0,9.0,水沢,3歳C2二組,1:23.7,1.1,雨,8.0,12.0,盛岡,3歳C2二組,1:16.6,3.6,晴,7.0,10.0,盛岡,3歳C2二組,1:16.8,3.2,晴,96.9,9.0,,nar,2026-09-28,45.05,46.3,57.5,19.8,23.0,57.4,51.2,水沢実績 / 履歴少
202665092801,2026-09-28,1,ゴールドダイ,8.0,8.0,赤塚健仁,620.0,,,,,,,,,,,,,,,,,,,,,,,,,,,,,,,,,,,,,,,,nar,2026-09-28,36.0,35.0,35.0,35.0,35.0,35.0,45.0,履歴少
202665092801,2026-09-28,1,サクラキンショウ,3.0,3.0,今井千尋,590.0,,,,,,,,,,,,,,,,,,,,,,,,,,,,,,,,,,,,,,,,nar,2026-09-28,36.0,35.0,35.0,35.0,35.0,35.0,45.0,履歴少
202665092801,2026-09-28,1,ジュンクン,1.0,1.0,中原蓮,620.0,,,,,,,,,,,,,,,,,,,,,,,,,,,,,,,,,,,,,,,,nar,2026-09-28,36.0,35.0,35.0,35.0,35.0,35.0,45.0,履歴少
202665092801,2026-09-28,1,ツガルキンフジ,4.0,4.0,西将太,620.0,,,,,,,,,,,,,,,,,,,,,,,,,,,,,,,,,,,,,,,,nar,2026-09-28,36.0,35.0,35.0,35.0,35.0,35.0,45.0,履歴少
202665092801,2026-09-28,1,ツガルファイター,2.0,2.0,鈴木恵介,600.0,,,,,,,,,,,,,,,,,,,,,,,,,,,,,,,,,,,,,,,,nar,2026-09-28,36.0,35.0,35.0,35.0,35.0,35.0,45.0,履歴少
202646092801,2026-09-28,1,デルマシラカミ,6.0,6.0,浅野登生,52.0,,6.0,7.0,金沢,3歳B 6,1:43.0,6.1,雨,12.0,13.0,2新潟5,3歳未勝利,1:15.3,2.4,晴,16.0,16.0,3東京6,3歳未勝利,1:40.5,4.7,曇,,,,,,,,,,,,,,,23.9,7.0,,nar,2026-09-28,45.32,28.3,55.2,0.0,98.0,53.8,48.8,履歴少 / 近走上向き
202646092801,2026-09-28,1,ドロワ,7.0,7.0,柴田勇真,57.0,,7.0,11.0,3新潟2,3歳未勝利,1:56.8,2.9,晴,17.0,14.0,2東京9,3歳未勝利,2:03.6,3.0,曇,10.0,10.0,2東京5,3歳未勝利,1:41.2,2.7,晴,16.0,13.0,1中山7,3歳新馬,1:37.8,3.4,晴,,,,,,,,5.7,5.0,,nar,2026-09-28,41.92,23.8,50.2,0.0,94.0,50.3,48.8,前走人気以上 / 履歴少 / 近走上向き
202643092801,2026-09-28,1,ハマサン,7.0,6.0,菅原吏久,53.0,,16.0,12.0,4東京4,3歳以上1勝クラス,1:27.8,3.2,晴,6.0,1.0,1中山5,3歳未勝利,1:58.1,1.3,晴,4.0,4.0,5中山3,2歳未勝利,1:56.6,1.1,晴,5.0,8.0,5東京3,2歳未勝利,1:39.7,1.1,曇,11.0,1.0,4新潟4,2歳新馬,1:59.3,2.4,曇,2.5,1.0,,nar,2026-09-28,33.29,42.0,28.6,34.3,0.0,40.6,48.8,履歴少
202643092801,2026-09-28,1,バルドリア,5.0,5.0,笹川翼,56.0,,1.0,3.0,門別,ゼラニウム特別(C2),1:58.6,-0.4,晴,2.0,1.0,門別,初鞍に喝采を特別(C4),1:52.2,0.1,晴,1.0,11.0,門別,3歳以上C4ー2,1:59.8,-0.2,曇,6.0,7.0,門別,ダイモンジソウ特別(C4),2:16.8,2.0,曇,6.0,7.0,門別,3歳以上C4ー4,1:18.2,1.1,晴,3.2,3.0,,nar,2026-09-28,71.73,88.0,68.1,75.1,66.5,63.4,48.8,履歴少 / 人気以上に走る傾向 / 近走上向き / 安定感
202646092801,2026-09-28,1,パラフローラ,4.0,4.0,甲賀弘隆,55.0,,17.0,11.0,3中京1,3歳未勝利,1:10.4,2.5,晴,15.0,10.0,2小倉2,3歳未勝利,1:49.8,2.6,曇,10.0,11.0,3京都10,3歳未勝利,1:34.0,1.1,晴,6.0,10.0,1福島2,3歳未勝利,1:09.9,0.6,晴,7.0,9.0,1小倉4,3歳新馬,1:09.6,1.0,曇,4.7,3.0,,nar,2026-09-28,26.36,19.7,35.4,0.0,5.0,49.1,48.8,履歴少
202665092801,2026-09-28,1,ヒロインカレン,7.0,7.0,村上章,600.0,,,,,,,,,,,,,,,,,,,,,,,,,,,,,,,,,,,,,,,,nar,2026-09-28,36.18,35.0,35.0,35.0,35.0,35.0,46.8,履歴少 / 前走人気以上
202643092801,2026-09-28,1,ブイブイエスワン,4.0,4.0,高橋利幸,56.0,,7.0,8.0,船橋,C3四,1:18.9,2.3,曇,6.0,8.0,船橋,C3五,1:20.6,2.1,晴,6.0,11.0,川崎,C3三 四,1:35.8,1.4,曇,8.0,9.0,船橋,C3三,1:19.7,3.3,曇,9.0,5.0,船橋,C3四,1:19.8,3.0,晴,106.4,8.0,,nar,2026-09-28,47.71,52.8,60.7,0.0,51.5,55.9,43.8,履歴少
202665092801,2026-09-28,1,プライムチョウター,5.0,5.0,菊池一樹,620.0,,,,,,,,,,,,,,,,,,,,,,,,,,,,,,,,,,,,,,,,nar,2026-09-28,36.0,35.0,35.0,35.0,35.0,35.0,45.0,履歴少
202643092801,2026-09-28,1,プリンセスダーク,1.0,1.0,臼井健太,54.0,,8.0,9.0,船橋,C3三,1:18.6,2.1,曇,8.0,5.0,船橋,C3四,1:20.2,2.2,曇,7.0,7.0,浦和,C3四 五,1:33.6,1.3,曇,5.0,7.0,浦和,特選(C3),1:32.6,0.5,曇,7.0,10.0,船橋,駿足スプリント(C3),1:18.0,1.1,晴,30.3,6.0,,nar,2026-09-28,45.14,49.9,51.1,14.6,42.5,54.8,43.8,履歴少 / 市場オッズ妙味
202643092801,2026-09-28,1,マイキーマックイン,11.0,8.0,本橋孝太,56.0,,4.0,4.0,船橋,C3四,1:18.5,1.9,曇,5.0,7.0,船橋,C3五,1:19.4,0.9,晴,7.0,9.0,川崎,C3三 四,1:36.0,1.6,曇,4.0,5.0,船橋,C3 二組下,1:42.0,1.0,曇,9.0,11.0,船橋,ジョッキーズチャンピ(C3),1:48.4,1.8,曇,23.5,5.0,,nar,2026-09-28,62.39,65.1,58.7,69.9,63.5,60.9,55.3,船橋実績 / 履歴少 / 安定感 / 市場オッズ妙味
202646092801,2026-09-28,1,マイネルパーロル,8.0,8.0,服部大地,57.0,,7.0,8.0,金沢,3歳B 6,1:44.4,7.5,雨,7.0,7.0,金沢,3歳B 10,1:38.0,5.4,晴,6.0,8.0,金沢,3歳B 9,1:44.6,3.5,晴,7.0,10.0,名古屋,3歳13組,1:44.1,6.1,曇,8.0,7.0,名古屋,3歳11組,1:39.6,2.2,晴,107.2,8.0,,nar,2026-09-28,46.71,52.8,57.2,0.0,50.0,55.9,43.8,履歴少
202646092801,2026-09-28,1,ミニュイ,5.0,5.0,青柳正義,57.0,,10.0,14.0,3中京2,3歳未勝利,2:03.6,1.7,晴,9.0,13.0,2小倉5,3歳未勝利,1:49.5,2.6,晴,7.0,12.0,3京都2,3歳未勝利,1:56.2,1.7,晴,9.0,11.0,2阪神3,3歳未勝利,1:26.7,3.0,小雨,10.0,11.0,1京都4,3歳未勝利,1:57.6,2.7,晴,2.9,1.0,,nar,2026-09-28,46.82,35.9,75.2,0.0,42.5,61.6,50.0,前走人気以上 / 人気以上に走る傾向
202636092801,2026-09-28,1,ミノホタテ,2.0,2.0,大坪慎,56.0,,9.0,7.0,水沢,3歳C2六組,1:25.4,1.9,小雨,7.0,12.0,盛岡,うまレター賞(3歳C2),1:15.7,1.7,曇,8.0,8.0,盛岡,3歳C2七組,1:15.8,3.4,曇,6.0,9.0,盛岡,3歳C2六組,1:16.6,3.9,晴,11.0,11.0,盛岡,3歳C2六組,1:17.3,3.7,曇,198.5,11.0,,nar,2026-09-28,43.89,43.4,57.5,0.0,44.0,55.5,48.8,履歴少
202636092801,2026-09-28,1,メイショウタダツグ,8.0,7.0,山本政聡,56.0,,3.0,4.0,水沢,3歳C2七組,1:23.6,1.2,小雨,14.0,14.0,1札幌4,3歳未勝利,1:32.4,3.1,晴,9.0,7.0,3阪神2,3歳未勝利,1:27.1,2.2,雨,11.0,14.0,1阪神9,3歳未勝利,1:35.5,0.9,晴,16.0,9.0,1小倉4,3歳未勝利,2:02.1,2.0,曇,1.7,1.0,,nar,2026-09-28,48.47,35.6,47.4,30.4,100.0,47.3,48.8,履歴少 / 近走上向き
202636092801,2026-09-28,1,ライトブルースカイ,6.0,6.0,村上忍,54.0,,8.0,1.0,水沢,3歳C2六組,1:25.4,1.9,小雨,4.0,6.0,盛岡,3歳C2八組,1:14.5,0.9,曇,16.0,15.0,5中山6,2歳未勝利,1:14.7,3.4,曇,16.0,14.0,5東京7,2歳新馬,1:30.9,5.0,晴,,,,,,,,6.6,2.0,,nar,2026-09-28,41.25,36.0,33.5,24.9,74.0,45.6,48.8,履歴少 / 近走上向き
202636092801,2026-09-28,1,ルビーサンセット,1.0,1.0,菅原辰徳,54.0,,4.0,7.0,水沢,3歳C2七組,1:23.8,1.4,小雨,18.0,18.0,2新潟4,3歳未勝利,1:49.6,2.1,曇,14.0,16.0,2福島8,3歳未勝利,2:03.1,3.7,晴,16.0,18.0,2東京5,3歳未勝利,1:23.6,2.5,晴,10.0,9.0,1東京5,3歳新馬,1:30.4,3.4,晴,7.4,3.0,,nar,2026-09-28,50.3,26.0,60.5,30.4,100.0,56.1,50.0,前走人気以上 / 近走上向き
202646092801,2026-09-28,1,ルールオーヴァー,1.0,1.0,栗原大河,57.0,,11.0,7.0,大井,フォーチュネイトむく(C13歳),1:58.0,2.7,曇,8.0,10.0,2福島5,3歳未勝利,1:48.8,2.0,曇,14.0,7.0,3中山8,3歳未勝利,2:03.0,2.6,晴,,,2京都5,3歳新馬,,,晴,,,,,,,,5.4,4.0,,nar,2026-09-28,30.56,22.7,30.4,0.0,50.0,42.1,50.0,総合評価
202636092801,2026-09-28,1,レッツゴーファイト,3.0,3.0,南郷家全,56.0,,7.0,6.0,水沢,3歳C2六組,1:25.1,1.6,小雨,8.0,10.0,盛岡,3歳C2六組,1:15.6,2.6,曇,8.0,8.0,盛岡,3歳C2六組,1:15.7,2.2,曇,12.0,12.0,盛岡,オパールC(重賞),1:48.9,3.2,小雨,8.0,11.0,盛岡,アンバー賞(3歳),1:46.9,2.6,曇,92.2,8.0,,nar,2026-09-28,44.35,41.8,53.5,0.0,62.0,53.5,48.8,履歴少
202646092801,2026-09-28,1,ロックフラワー,2.0,2.0,魚住謙心,55.0,,14.0,13.0,2札幌4,3歳未勝利,2:04.0,0.9,曇,9.0,12.0,1札幌4,3歳未勝利,1:30.4,1.1,晴,,,,,,,,,,,,,,,,,,,,,,16.2,6.0,,nar,2026-09-28,36.99,26.9,48.6,18.0,29.0,52.0,48.8,履歴少 / サンプル少 / 市場オッズ妙味
202665092802,2026-09-28,2,アアモンドタイガー,6.0,6.0,渡来心路,490.0,,,,,,,,,,,,,,,,,,,,,,,,,,,,,,,,,,,,,,,,nar,2026-09-28,36.0,35.0,35.0,35.0,35.0,35.0,45.0,履歴少
202643092802,2026-09-28,2,アマルフィディオ,1.0,1.0,藤本現暉,54.0,,3.0,5.0,船橋,2歳三,1:16.2,1.1,晴,5.0,5.0,船橋,2歳二,1:18.6,1.5,晴,5.0,5.0,船橋,ジャスパー賞(2歳),1:42.5,3.1,曇,3.0,5.0,船橋,ライラックデビュー(2歳),1:42.9,2.2,曇,,,,,,,,16.7,8.0,,nar,2026-09-28,68.06,76.0,57.0,89.7,58.0,67.2,59.5,船橋実績 / 履歴少 / 安定感 / 過小評価傾向
202643092802,2026-09-28,2,イニシエーション,3.0,3.0,笠野雄大,54.0,,2.0,3.0,船橋,プルメリアデビュー(2歳),1:04.0,0.2,曇,,,,,,,,,,,,,,,,,,,,,,,,,,,,,5.8,3.0,,nar,2026-09-28,44.04,49.9,42.2,36.3,40.6,41.7,48.8,履歴少 / サンプル少
202646092802,2026-09-28,2,オッスイレブン,1.0,1.0,甲賀弘隆,55.0,,11.0,12.0,金沢,C25,1:44.5,4.2,曇,8.0,3.0,金沢,熊谷登まだまだ現役記(C2),1:39.8,4.6,晴,6.0,12.0,金沢,金沢競馬で目指せ初勝(C2),1:42.5,1.8,晴,10.0,10.0,金沢,C29,1:46.7,6.5,曇,9.0,6.0,金沢,かつののみや杯(C2),1:46.2,4.4,曇,31.6,4.0,,nar,2026-09-28,37.7,36.7,49.5,0.0,33.5,51.0,43.8,履歴少
202665092802,2026-09-28,2,カイセイプリンス,10.0,8.0,鈴木恵介,510.0,,,,,,,,,,,,,,,,,,,,,,,,,,,,,,,,,,,,,,,,nar,2026-09-28,36.0,35.0,35.0,35.0,35.0,35.0,45.0,履歴少
202636092802,2026-09-28,2,カミノトップワン,9.0,7.0,村上忍,56.0,,3.0,2.0,水沢,3歳C2七組,1:23.6,1.3,小雨,14.0,11.0,2中京6,3歳未勝利,2:01.9,2.0,晴,7.0,15.0,2小倉3,3歳未勝利,1:44.5,3.0,曇,10.0,11.0,1福島1,3歳未勝利,1:48.3,2.4,晴,6.0,9.0,2京都1,3歳未勝利,1:57.2,2.1,晴,1.8,1.0,,nar,2026-09-28,53.59,46.1,56.9,30.4,87.5,56.3,50.0,前走人気以上 / 近走上向き
202646092802,2026-09-28,2,クツワエターナル,4.0,4.0,魚住謙心,55.0,,8.0,15.0,2新潟6,3歳未勝利,1:14.2,1.6,曇,,,,,,,,,,,,,,,,,,,,,,,,,,,,,1.9,1.0,,nar,2026-09-28,42.54,39.3,51.4,29.6,40.6,42.0,48.8,前走人気以上 / 履歴少 / サンプル少
202643092802,2026-09-28,2,クラリスマインド,2.0,2.0,西啓太,54.0,,9.0,10.0,川崎,スズムシ賞(2歳),1:36.7,3.8,曇,2.0,1.0,川崎,未受賞(2歳),1:36.0,0.2,晴,6.0,7.0,川崎,スパーキングデビュー(2歳),1:34.8,2.5,曇,,,,,,,,,,,,,,,68.1,12.0,,nar,2026-09-28,47.4,60.9,52.4,24.9,20.0,53.7,48.8,履歴少
202636092802,2026-09-28,2,クロノレガリス,11.0,8.0,山本聡哉,54.0,,6.0,1.0,水沢,3歳C2五組,1:24.5,1.0,雨,3.0,3.0,盛岡,うまレター賞(3歳C2),1:14.1,0.1,曇,12.0,14.0,1札幌2,3歳未勝利,1:09.8,0.7,晴,16.0,6.0,1福島4,3歳未勝利,1:10.8,2.4,晴,8.0,7.0,2京都4,3歳未勝利,1:15.0,1.3,晴,4.5,3.0,,nar,2026-09-28,43.09,46.1,31.2,24.9,72.5,43.8,48.8,履歴少 / 近走上向き
202636092802,2026-09-28,2,グリュック,8.0,7.0,阿部英俊,56.0,,10.0,11.0,名古屋,3歳11組,1:33.6,3.9,曇,9.0,6.0,名古屋,3歳10組,1:40.1,2.7,晴,8.0,7.0,名古屋,アジア・アジアパラ応(3歳),1:39.7,4.0,晴,10.0,3.0,名古屋,アジア・アジアパラ応(3歳),1:40.8,2.7,晴,4.0,4.0,名古屋,3歳11組,1:38.5,1.1,晴,30.8,6.0,,nar,2026-09-28,36.82,38.1,38.4,10.3,36.5,45.2,50.0,総合評価
202665092802,2026-09-28,2,コウバイヒメ,5.0,5.0,長澤幸太,490.0,,,,,,,,,,,,,,,,,,,,,,,,,,,,,,,,,,,,,,,,nar,2026-09-28,36.0,35.0,35.0,35.0,35.0,35.0,45.0,履歴少
202636092802,2026-09-28,2,コスモシュンライ,1.0,1.0,菅原辰徳,54.0,,9.0,7.0,水沢,3歳C2五組,1:24.5,2.1,小雨,5.0,5.0,水沢,3歳C2一組,1:23.7,1.3,小雨,6.0,6.0,盛岡,3歳C2二組,1:15.5,2.5,晴,4.0,3.0,盛岡,3歳C2三組,1:16.0,0.8,晴,15.0,14.0,3中山2,3歳未勝利,1:51.7,3.8,晴,63.7,8.0,,nar,2026-09-28,46.58,50.8,44.0,39.5,41.0,50.0,51.2,水沢実績 / 履歴少
202636092802,2026-09-28,2,サドルトウショウ,5.0,5.0,塚本涼人,54.0,,9.0,11.0,水沢,3歳C2五組,1:25.3,1.8,雨,11.0,7.0,盛岡,3歳C2六組,1:17.3,4.3,曇,5.0,6.0,盛岡,3歳C2六組,1:14.6,1.1,曇,5.0,5.0,盛岡,3歳C2六組,1:16.1,3.4,晴,12.0,6.0,名古屋,アジア・アジアパラ応(3歳),1:40.3,2.3,晴,190.9,11.0,,nar,2026-09-28,42.93,40.5,44.3,34.3,45.5,46.4,48.8,履歴少
202665092802,2026-09-28,2,サンルックコンノ,3.0,3.0,島津新,510.0,,,,,,,,,,,,,,,,,,,,,,,,,,,,,,,,,,,,,,,,nar,2026-09-28,36.0,35.0,35.0,35.0,35.0,35.0,45.0,履歴少
202643092802,2026-09-28,2,シュンプタイト,10.0,7.0,古岡勇樹,54.0,,6.0,8.0,川崎,スズムシ賞(2歳),1:34.3,1.4,曇,8.0,10.0,川崎,オオクワガタ特別(2歳),1:41.8,2.5,晴,2.0,4.0,川崎,2歳4,1:35.0,0.3,曇,5.0,6.0,川崎,スパーキングデビュー(2歳),1:36.5,2.8,晴,,,,,,,,58.2,10.0,,nar,2026-09-28,55.72,63.9,62.9,34.3,44.0,58.3,51.8,クラス条件好転 / 履歴少
202643092802,2026-09-28,2,スティールビート,12.0,8.0,張田昂,54.0,,5.0,3.0,船橋,2歳 船橋所属,1:41.6,1.7,曇,6.0,4.0,船橋,2歳二,1:18.9,1.8,晴,3.0,1.0,船橋,リアトリスデビュー(2歳),1:05.0,1.4,曇,,,,,,,,,,,,,,,16.7,9.0,,nar,2026-09-28,53.22,69.6,36.0,50.2,47.0,57.5,54.0,船橋実績 / 履歴少 / 市場オッズ妙味
202636092802,2026-09-28,2,スワトウ,3.0,3.0,鈴木祐,54.0,,7.0,6.0,2中京7,3歳未勝利,1:20.4,0.6,曇,11.0,9.0,1函館7,3歳未勝利,1:48.9,0.7,晴,7.0,7.0,1函館4,3歳未勝利,1:09.0,0.7,小雨,7.0,6.0,1福島1,3歳未勝利,1:48.1,0.5,晴,11.0,9.0,5阪神1,2歳未勝利,1:35.2,1.6,晴,4.5,2.0,,nar,2026-09-28,40.59,40.7,41.9,0.0,62.0,47.8,50.0,総合評価
202636092802,2026-09-28,2,スーパーシスター,10.0,8.0,関本玲花,52.0,,9.0,8.0,盛岡,3歳C2三組,1:18.5,4.9,曇,10.0,6.0,水沢,3歳C2五組,1:24.9,2.5,小雨,3.0,5.0,水沢,3歳C2二組,1:23.4,0.8,雨,5.0,3.0,盛岡,3歳C2二組,1:15.4,2.4,晴,16.0,12.0,2阪神6,3歳未勝利,1:16.6,4.2,晴,43.8,7.0,,nar,2026-09-28,43.2,44.4,38.7,34.3,47.0,47.0,51.2,水沢実績 / 履歴少 / 市場オッズ妙味
202636092802,2026-09-28,2,タイセイドゥマーニ,6.0,6.0,高松亮,56.0,,7.0,6.0,2中京8,3歳未勝利,1:25.5,1.2,晴,5.0,6.0,2中京2,3歳未勝利,1:26.7,2.0,晴,,,,,,,,,,,,,,,,,,,,,,9.9,4.0,,nar,2026-09-28,45.95,50.6,45.1,31.7,38.9,54.4,48.8,履歴少 / サンプル少
202636092802,2026-09-28,2,ツキノマバタキ,4.0,4.0,山本聡紀,54.0,,8.0,4.0,水沢,3歳C2五組,1:25.2,1.7,雨,15.0,12.0,2新潟2,3歳未勝利,1:15.9,4.7,雨,17.0,14.0,2東京6,3歳未勝利,1:36.0,1.4,晴,14.0,13.0,1中京6,3歳未勝利,1:28.7,3.7,晴,9.0,9.0,2中山6,3歳未勝利,1:13.6,1.9,晴,16.6,5.0,,nar,2026-09-28,33.7,17.1,31.1,0.0,84.5,46.0,48.8,履歴少 / 近走上向き / 市場オッズ妙味
202643092802,2026-09-28,2,ツクバヴィヴァン,5.0,5.0,山口達弥,54.0,,3.0,2.0,船橋,プルメリアデビュー(2歳),1:18.2,1.7,晴,,,,,,,,,,,,,,,,,,,,,,,,,,,,,4.5,2.0,,nar,2026-09-28,42.5,48.1,39.1,36.3,40.6,39.5,48.8,履歴少 / サンプル少
202643092802,2026-09-28,2,トーケンジンフィズ,11.0,8.0,木間塚龍,54.0,,2.0,5.0,門別,2歳未勝利,1:02.3,0.7,雨,3.0,4.0,門別,JRA認定競走フレッ(2歳),1:03.3,0.3,晴,,,,,,,,,,,,,,,,,,,,,,3.8,1.0,,nar,2026-09-28,55.94,66.6,53.6,48.4,48.8,56.3,48.8,前走人気以上 / 履歴少 / サンプル少
202643092802,2026-09-28,2,ネツレツ,6.0,5.0,小杉亮,54.0,,2.0,6.0,船橋,2歳六 未受賞,1:17.7,0.1,曇,7.0,6.0,船橋,ハイビスカスデビュー(2歳),1:05.5,4.2,晴,,,,,,,,,,,,,,,,,,,,,,11.0,6.0,,nar,2026-09-28,53.73,58.7,52.2,34.7,62.0,57.4,51.2,船橋実績 / 前走人気以上 / 履歴少 / サンプル少
202643092802,2026-09-28,2,ハクサンフナバシ,8.0,6.0,Ｆ．ゴン,54.0,,3.0,2.0,船橋,プルメリアデビュー(2歳),1:04.1,0.3,曇,,,,,,,,,,,,,,,,,,,,,,,,,,,,,7.1,4.0,,nar,2026-09-28,42.5,48.1,39.1,36.3,40.6,39.5,48.8,履歴少 / サンプル少
202665092802,2026-09-28,2,ハローエース,4.0,4.0,赤塚健仁,510.0,,,,,,,,,,,,,,,,,,,,,,,,,,,,,,,,,,,,,,,,nar,2026-09-28,36.0,35.0,35.0,35.0,35.0,35.0,45.0,履歴少
202643092802,2026-09-28,2,パームストリート,7.0,6.0,沖響主,51.0,,2.0,3.0,船橋,2歳五,1:17.8,1.9,晴,5.0,6.0,船橋,ハイビスカスデビュー(2歳),1:05.5,2.9,曇,,,,,,,,,,,,,,,,,,,,,,8.6,5.0,,nar,2026-09-28,55.92,62.7,49.4,48.4,55.4,58.0,59.5,船橋実績 / 履歴少 / サンプル少
202665092802,2026-09-28,2,ビックドラゴン,1.0,1.0,西将太,510.0,,,,,,,,,,,,,,,,,,,,,,,,,,,,,,,,,,,,,,,,nar,2026-09-28,36.0,35.0,35.0,35.0,35.0,35.0,45.0,履歴少
202646092802,2026-09-28,2,ビースペシフィック,2.0,2.0,鈴木太一,57.0,,6.0,10.0,金沢,おまおじ35歳生誕杯(3歳8),1:35.6,2.1,雨,9.0,8.0,金沢,3歳B 9,1:37.4,5.4,晴,8.0,7.0,金沢,3歳B 8,1:36.8,3.8,晴,14.0,15.0,2小倉3,3歳未勝利,2:49.1,8.0,曇,13.0,11.0,3京都3,3歳未勝利,2:04.0,2.6,晴,6.1,3.0,,nar,2026-09-28,44.99,36.3,55.0,0.0,80.0,52.7,46.5,前走人気以上 / 近走上向き
202643092802,2026-09-28,2,ビービーウォルド,4.0,4.0,澤田龍哉,54.0,,11.0,2.0,門別,2歳未勝利,1:10.9,1.8,曇,5.0,4.0,門別,2歳未勝利,1:17.2,1.4,曇,6.0,3.0,門別,2歳未勝利,1:43.3,1.7,晴,4.0,6.0,門別,JRA認定競走アタッ(2歳),1:56.3,1.9,曇,4.0,4.0,門別,JRA認定競走フレッ(2歳),1:09.7,1.7,曇,12.6,7.0,,nar,2026-09-28,41.42,53.8,27.0,49.8,12.5,53.6,48.8,履歴少 / 市場オッズ妙味
202636092802,2026-09-28,2,フィオーレグリーン,7.0,6.0,佐々木志,54.0,,4.0,8.0,水沢,3歳C2五組,1:24.2,0.7,雨,7.0,8.0,盛岡,3歳C2六組,1:15.5,2.5,曇,4.0,5.0,盛岡,3歳C2七組,1:15.6,3.2,曇,5.0,7.0,盛岡,3歳C2七組,1:16.2,2.9,晴,8.0,9.0,盛岡,3歳C2五組,1:16.9,3.3,晴,88.3,9.0,,nar,2026-09-28,62.2,65.5,64.4,64.7,62.0,59.4,48.8,前走人気以上 / 履歴少 / 安定感
202665092802,2026-09-28,2,プリンセスステラ,2.0,2.0,菊池一樹,490.0,,,,,,,,,,,,,,,,,,,,,,,,,,,,,,,,,,,,,,,,nar,2026-09-28,36.0,35.0,35.0,35.0,35.0,35.0,45.0,履歴少
202665092802,2026-09-28,2,ホクセイヤマビコ,7.0,7.0,大友一馬,510.0,,,,,,,,,,,,,,,,,,,,,,,,,,,,,,,,,,,,,,,,nar,2026-09-28,36.0,35.0,35.0,35.0,35.0,35.0,45.0,履歴少
202636092802,2026-09-28,2,マトリカリア,2.0,2.0,小林凌,54.0,,10.0,6.0,水沢,3歳C2五組,1:26.1,2.6,雨,6.0,6.0,盛岡,3歳C2六組,1:15.2,2.2,曇,8.0,9.0,盛岡,オニキス賞(3歳),1:46.9,2.1,晴,3.0,4.0,盛岡,3歳C2七組,1:15.2,1.9,晴,8.0,7.0,盛岡,3歳C2六組,1:15.8,2.2,曇,107.2,10.0,,nar,2026-09-28,40.94,49.0,43.2,14.6,27.5,49.6,48.8,履歴少
202665092802,2026-09-28,2,モエタカハート,9.0,8.0,吉田理人,480.0,,,,,,,,,,,,,,,,,,,,,,,,,,,,,,,,,,,,,,,,nar,2026-09-28,36.0,35.0,35.0,35.0,35.0,35.0,45.0,履歴少
202643092802,2026-09-28,2,ユウユウコクトバ,9.0,7.0,七夕裕次,54.0,,5.0,7.0,浦和,2歳二,1:33.7,3.5,晴,7.0,7.0,浦和,若竹特別(2歳),1:42.1,3.1,曇,4.0,3.0,浦和,2歳二,1:26.6,1.2,曇,4.0,4.0,浦和,特選(2歳),1:26.5,2.1,曇,5.0,6.0,浦和,ドリームチャレンジ(2歳),0:50.4,1.5,晴,62.3,11.0,,nar,2026-09-28,59.42,66.8,53.6,75.1,50.0,54.8,51.8,クラス条件好転 / 安定感
202646092802,2026-09-28,2,リノセロンテ,3.0,3.0,栗原大河,55.0,,9.0,7.0,金沢,おまおじ35歳生誕杯(3歳8),1:36.5,3.0,雨,8.0,9.0,金沢,3歳B 9,1:37.4,5.4,晴,8.0,10.0,盛岡,3歳C2六組,1:17.3,4.6,晴,5.0,12.0,盛岡,3歳C2七組,1:17.2,2.6,曇,11.0,12.0,盛岡,3歳C2五組,1:18.6,5.0,晴,36.9,5.0,,nar,2026-09-28,45.5,42.6,58.1,14.6,44.0,58.7,43.8,履歴少 / 市場オッズ妙味
202646092802,2026-09-28,2,レフィノス,5.0,5.0,吉田晃浩,57.0,,5.0,5.0,金沢,3歳B 6,1:41.6,4.7,雨,16.0,16.0,1札幌6,3歳未勝利,2:04.8,3.2,晴,13.0,15.0,1函館10,3歳未勝利,2:45.9,1.7,小雨,17.0,16.0,3東京3,3歳未勝利,2:28.2,2.0,晴,7.0,8.0,2東京2,3歳未勝利,2:26.7,1.0,晴,2.0,2.0,,nar,2026-09-28,47.98,26.8,52.5,30.4,99.5,52.1,50.0,近走上向き
202665092802,2026-09-28,2,ヴィクトリアマサミ,8.0,7.0,金田利貴,490.0,,,,,,,,,,,,,,,,,,,,,,,,,,,,,,,,,,,,,,,,nar,2026-09-28,36.0,35.0,35.0,35.0,35.0,35.0,45.0,履歴少
202643092803,2026-09-28,3,アイルゲットベター,3.0,3.0,山本大翔,52.0,,3.0,5.0,船橋,プルメリアデビュー(2歳),1:40.4,1.4,曇,,,,,,,,,,,,,,,,,,,,,,,,,,,,,5.1,3.0,,nar,2026-09-28,43.96,48.1,43.7,36.3,40.6,42.0,48.8,履歴少 / サンプル少
202665092803,2026-09-28,3,アサヒレディ,3.0,3.0,竹ヶ原茉,480.0,,,,,,,,,,,,,,,,,,,,,,,,,,,,,,,,,,,,,,,,nar,2026-09-28,36.0,35.0,35.0,35.0,35.0,35.0,45.0,履歴少
202643092803,2026-09-28,3,アストロノヴァ,4.0,4.0,本橋孝太,54.0,,2.0,2.0,船橋,プルメリアデビュー(2歳),1:40.3,1.3,曇,,,,,,,,,,,,,,,,,,,,,,,,,,,,,3.4,2.0,,nar,2026-09-28,43.52,49.9,40.6,36.3,40.6,40.6,48.8,履歴少 / サンプル少
202636092803,2026-09-28,3,アッセクシー,2.0,2.0,関本玲花,52.0,,7.0,3.0,水沢,3歳C2五組,1:25.0,1.5,雨,4.0,5.0,盛岡,3歳C2六組,1:13.6,0.6,曇,3.0,3.0,盛岡,3歳C2七組,1:15.0,2.6,曇,14.0,16.0,2小倉4,3歳未勝利,1:11.1,1.4,曇,16.0,14.0,3京都2,3歳未勝利,1:09.4,1.9,晴,14.3,7.0,,nar,2026-09-28,51.19,51.3,43.8,44.7,63.5,59.4,50.0,市場オッズ妙味
202643092803,2026-09-28,3,アンサール,5.0,5.0,小杉亮,54.0,,4.0,7.0,船橋,2歳四,1:17.9,1.3,晴,3.0,5.0,船橋,ハイビスカスデビュー(2歳),1:04.2,1.6,曇,,,,,,,,,,,,,,,,,,,,,,27.3,7.0,,nar,2026-09-28,55.5,61.8,55.3,48.4,42.2,57.8,59.5,船橋実績 / 前走人気以上 / 履歴少 / サンプル少
202636092803,2026-09-28,3,エムティココロ,7.0,6.0,菅原辰徳,54.0,,3.0,2.0,門別,3歳以上C4ー3,1:03.7,0.3,曇,4.0,4.0,門別,3歳以上C4ー3,1:03.6,0.6,晴,9.0,6.0,門別,3歳以上C4ー3,1:04.2,1.3,曇,7.0,6.0,門別,3歳以上C4ー3,1:04.8,2.6,雨,5.0,5.0,門別,グランシャリオドリー(C4),1:04.3,1.0,晴,18.0,8.0,,nar,2026-09-28,58.38,66.2,42.7,65.7,69.5,60.8,48.8,履歴少 / 近走上向き / 安定感 / 市場オッズ妙味
202636092803,2026-09-28,3,キタノシオン,8.0,7.0,小林凌,54.0,,8.0,1.0,水沢,3歳C2四組,1:24.0,2.1,曇,10.0,11.0,2新潟2,3歳未勝利,1:13.1,1.9,雨,8.0,7.0,3東京1,3歳未勝利,1:27.4,1.5,晴,4.0,9.0,2東京8,3歳未勝利,1:27.4,1.2,晴,6.0,12.0,3中山3,3歳未勝利,1:14.2,2.1,雨,12.1,6.0,,nar,2026-09-28,43.69,46.3,44.9,14.6,44.0,57.4,48.8,履歴少 / 市場オッズ妙味
202643092803,2026-09-28,3,キャッスルジェイド,10.0,8.0,仲野光馬,54.0,,3.0,6.0,船橋,2歳 船橋所属,1:40.6,0.7,曇,6.0,6.0,船橋,線香花火特別(2歳),1:43.8,5.5,曇,5.0,4.0,船橋,リアトリスデビュー(2歳),1:05.4,1.8,曇,,,,,,,,,,,,,,,61.4,9.0,,nar,2026-09-28,61.02,71.8,56.7,50.2,65.0,55.7,57.0,船橋実績 / クラス条件好転 / 前走人気以上 / 履歴少
202665092803,2026-09-28,3,グランプリスラム,7.0,7.0,今井千尋,480.0,,,,,,,,,,,,,,,,,,,,,,,,,,,,,,,,,,,,,,,,nar,2026-09-28,36.18,35.0,35.0,35.0,35.0,35.0,46.8,履歴少
202636092803,2026-09-28,3,サムライタイム,1.0,1.0,斉藤友香,50.0,,5.0,9.0,水沢,3歳C2五組,1:24.4,0.9,雨,8.0,10.0,盛岡,3歳C2五組,1:15.6,1.8,曇,6.0,7.0,盛岡,3歳C2六組,1:14.6,1.1,曇,8.0,9.0,盛岡,3歳C2五組,1:14.8,1.6,晴,8.0,9.0,盛岡,うまレター賞(3歳C2),1:16.5,2.4,曇,114.4,10.0,,nar,2026-09-28,55.39,54.5,65.1,30.4,65.0,58.5,48.8,前走人気以上 / 履歴少 / 人気以上に走る傾向 / 近走上向き
202665092803,2026-09-28,3,ジェイクリス,4.0,4.0,鈴木恵介,510.0,,,,,,,,,,,,,,,,,,,,,,,,,,,,,,,,,,,,,,,,nar,2026-09-28,36.0,35.0,35.0,35.0,35.0,35.0,45.0,履歴少
202646092803,2026-09-28,3,ジャスミンガール,7.0,7.0,服部大地,55.0,,12.0,7.0,金沢,C25,1:45.6,5.3,曇,7.0,8.0,金沢,熊谷登まだまだ現役記(C2),1:37.0,1.8,晴,8.0,8.0,金沢,鳩村月麦3歳のお誕生(C2),1:45.2,4.6,晴,9.0,8.0,金沢,金沢競馬で目指せ初勝(C2),1:39.1,4.5,晴,8.0,9.0,金沢,かつののみや杯(C2),1:45.6,3.8,曇,104.0,7.0,,nar,2026-09-28,33.89,35.1,40.8,0.0,26.0,48.3,43.8,履歴少
202646092803,2026-09-28,3,ジョアンズベスト,5.0,5.0,栗原大河,55.0,,4.0,4.0,金沢,3歳B 6,1:40.6,3.7,雨,4.0,3.0,金沢,3歳B 10,1:35.6,3.0,晴,9.0,10.0,2中山3,3歳未勝利,1:14.2,3.2,晴,,,,,,,,,,,,,,,2.9,2.0,,nar,2026-09-28,58.24,65.5,49.5,55.3,65.0,54.5,59.5,金沢実績 / 履歴少 / 近走上向き
202636092803,2026-09-28,3,ジーティージェミル,11.0,8.0,大坪慎,54.0,,13.0,16.0,2新潟6,3歳未勝利,1:34.9,1.2,晴,12.0,13.0,3東京4,3歳未勝利,1:22.5,0.9,曇,8.0,3.0,5中山3,2歳未勝利,1:14.6,1.1,曇,4.0,6.0,5東京8,2歳未勝利,1:35.7,1.0,晴,6.0,8.0,5東京1,2歳新馬,1:23.6,0.7,曇,6.0,3.0,,nar,2026-09-28,37.8,30.2,54.7,14.6,17.0,54.0,48.8,前走人気以上 / 履歴少
202643092803,2026-09-28,3,タツノフラッグ,2.0,2.0,笹川翼,54.0,,4.0,3.0,船橋,プルメリアデビュー(2歳),1:41.0,2.0,曇,,,,,,,,,,,,,,,,,,,,,,,,,,,,,6.3,4.0,,nar,2026-09-28,42.01,46.4,39.1,36.3,40.6,39.5,48.8,履歴少 / サンプル少
202646092803,2026-09-28,3,タマモトップハット,1.0,1.0,浅野登生,54.0,,11.0,2.0,金沢,おまおじ35歳生誕杯(3歳8),1:38.5,5.0,雨,8.0,6.0,金沢,3歳B 8,1:45.2,4.1,晴,12.0,6.0,名古屋,名古屋モーニングフィ(3歳),1:42.9,5.8,晴,5.0,6.0,金沢,加賀手取川賞(3歳),1:40.9,2.6,曇,14.0,14.0,1新潟4,3歳未勝利,1:15.1,2.3,晴,22.2,5.0,,nar,2026-09-28,30.51,29.3,20.1,14.6,42.5,41.3,48.5,履歴少
202665092803,2026-09-28,3,ツカサドジャース,1.0,1.0,中村太陽,510.0,,,,,,,,,,,,,,,,,,,,,,,,,,,,,,,,,,,,,,,,nar,2026-09-28,36.18,35.0,35.0,35.0,35.0,35.0,46.8,履歴少
202636092803,2026-09-28,3,テキサスバローズ,4.0,4.0,山本聡哉,56.0,,2.0,3.0,水沢,3歳C2七組,1:22.4,0.0,小雨,11.0,13.0,2新潟5,3歳未勝利,1:58.1,2.8,晴,11.0,7.0,2福島8,3歳未勝利,1:49.9,3.5,晴,11.0,3.0,4東京2,2歳新馬,1:45.2,4.7,晴,,,,,,,,5.7,2.0,,nar,2026-09-28,49.36,44.4,41.0,30.4,100.0,46.0,50.0,近走上向き
202665092803,2026-09-28,3,ディーエフアレス,10.0,8.0,島津新,510.0,,,,,,,,,,,,,,,,,,,,,,,,,,,,,,,,,,,,,,,,nar,2026-09-28,36.0,35.0,35.0,35.0,35.0,35.0,45.0,履歴少
202636092803,2026-09-28,3,ノボキセキ,5.0,5.0,鈴木祐,54.0,,3.0,9.0,水沢,3歳C2六組,1:23.8,0.3,小雨,8.0,11.0,盛岡,うまレター賞(3歳C2),1:15.8,1.8,曇,9.0,6.0,盛岡,3歳C2七組,1:16.5,4.1,曇,4.0,5.0,盛岡,3歳C2七組,1:16.1,2.8,晴,6.0,6.0,盛岡,3歳C2七組,1:17.2,2.6,曇,48.6,9.0,,nar,2026-09-28,60.11,60.9,64.9,45.0,72.5,60.9,48.8,前走人気以上 / 履歴少 / 近走上向き / 市場オッズ妙味
202636092803,2026-09-28,3,ハラマキ,3.0,3.0,南郷家全,54.0,,11.0,10.0,水沢,3歳C2五組,1:26.1,2.6,雨,9.0,9.0,盛岡,3歳C2五組,1:15.7,1.9,曇,6.0,4.0,浦和,3歳七 選抜馬イ,1:25.2,2.7,雨,3.0,6.0,浦和,3歳九,1:25.4,1.4,雨,7.0,11.0,浦和,3歳九,1:27.7,2.8,晴,147.5,11.0,,nar,2026-09-28,41.64,44.5,51.1,14.6,21.5,54.2,50.0,総合評価
202636092803,2026-09-28,3,パピプペピンク,10.0,8.0,村上忍,54.0,,16.0,9.0,2中京2,3歳未勝利,1:45.9,21.2,晴,15.0,5.0,3京都4,3歳未勝利,1:26.7,2.7,曇,4.0,14.0,2阪神5,3歳未勝利,1:24.6,1.4,晴,13.0,8.0,2京都5,3歳未勝利,1:28.9,3.7,晴,7.0,3.0,2京都2,3歳新馬,1:28.1,0.9,晴,2.4,1.0,,nar,2026-09-28,25.94,21.0,23.5,19.8,12.5,40.6,48.8,履歴少
202665092803,2026-09-28,3,ファミリーノチカラ,6.0,6.0,長澤幸太,490.0,,,,,,,,,,,,,,,,,,,,,,,,,,,,,,,,,,,,,,,,nar,2026-09-28,36.0,35.0,35.0,35.0,35.0,35.0,45.0,履歴少
202665092803,2026-09-28,3,ファーストヒロイン,8.0,7.0,船山蔵人,490.0,,,,,,,,,,,,,,,,,,,,,,,,,,,,,,,,,,,,,,,,nar,2026-09-28,36.0,35.0,35.0,35.0,35.0,35.0,45.0,履歴少
202643092803,2026-09-28,3,フェズミント,9.0,8.0,岡村健司,54.0,,2.0,2.0,船橋,2歳 船橋所属,1:40.4,0.5,曇,4.0,4.0,船橋,線香花火特別(2歳),1:41.1,2.8,曇,2.0,3.0,船橋,リアトリスデビュー(2歳),1:05.0,1.4,曇,,,,,,,,,,,,,,,13.4,6.0,,nar,2026-09-28,67.39,86.7,51.8,75.1,56.0,62.1,62.5,船橋実績 / クラス条件好転 / 履歴少 / 安定感
202665092803,2026-09-28,3,フジコノコ,2.0,2.0,村上章,490.0,,,,,,,,,,,,,,,,,,,,,,,,,,,,,,,,,,,,,,,,nar,2026-09-28,36.0,35.0,35.0,35.0,35.0,35.0,45.0,履歴少
202643092803,2026-09-28,3,フライザフラッグ,1.0,1.0,篠谷葵,54.0,,3.0,3.0,船橋,ジャスパー賞(2歳),1:40.7,1.3,曇,2.0,3.0,船橋,ライラックデビュー(2歳),1:41.1,0.4,曇,,,,,,,,,,,,,,,,,,,,,,10.3,5.0,,nar,2026-09-28,54.8,66.2,47.2,48.4,42.2,57.9,59.5,船橋実績 / 履歴少 / サンプル少
202636092803,2026-09-28,3,ホウオウデンファレ,6.0,6.0,山本政聡,54.0,,4.0,2.0,水沢,3歳C2六組,1:24.6,1.1,小雨,5.0,2.0,盛岡,うまレター賞(3歳C2),1:14.7,0.7,曇,4.0,4.0,盛岡,3歳C2八組,1:13.7,1.1,曇,12.0,11.0,3東京2,3歳未勝利,1:21.5,3.2,曇,10.0,7.0,2東京7,3歳未勝利,1:27.7,1.4,晴,6.5,4.0,,nar,2026-09-28,55.56,59.7,37.3,75.1,72.5,52.1,48.8,履歴少 / 近走上向き / 安定感
202646092803,2026-09-28,3,マリーイメル,4.0,4.0,沖静男,55.0,,6.0,2.0,金沢,YJSトライアルラウ(3歳7),1:34.6,0.9,雨,4.0,7.0,金沢,レッドスピネル特別(3歳),0:57.6,2.4,晴,5.0,6.0,金沢,ピンクダイヤモンド特(3歳),0:58.2,2.3,曇,7.0,5.0,金沢,3歳B 8,1:36.8,4.5,晴,6.0,2.0,金沢,3歳B 8,1:36.5,2.3,晴,9.0,4.0,,nar,2026-09-28,52.42,64.4,43.2,44.7,47.0,55.5,52.6,クラス条件好転 / 履歴少
202665092803,2026-09-28,3,ミスターボブオ,9.0,8.0,菊池一樹,510.0,,,,,,,,,,,,,,,,,,,,,,,,,,,,,,,,,,,,,,,,nar,2026-09-28,36.0,35.0,35.0,35.0,35.0,35.0,45.0,履歴少
202646092803,2026-09-28,3,ミディエイター,2.0,2.0,甲賀弘隆,57.0,,8.0,12.0,金沢,3歳B 5,1:41.4,3.0,雨,6.0,7.0,金沢,3歳B 8,1:42.4,1.3,晴,6.0,4.0,金沢,有鐘絶望ちゃんデビュ(3歳),1:43.5,3.5,晴,6.0,10.0,名古屋,アジア・アジアパラ応(3歳),1:39.0,3.3,晴,7.0,11.0,名古屋,アジア・アジアパラ応(3歳),1:40.1,2.0,晴,42.0,6.0,,nar,2026-09-28,48.74,54.3,64.5,0.0,39.5,61.9,46.5,前走人気以上 / 市場オッズ妙味
202636092803,2026-09-28,3,ミーンアロット,9.0,7.0,山本聡紀,54.0,,6.0,14.0,3中京1,3歳未勝利,1:25.8,0.6,晴,15.0,13.0,3阪神5,3歳未勝利,1:59.4,4.6,曇,9.0,8.0,3京都12,3歳未勝利,1:55.8,2.3,晴,4.0,13.0,1阪神4,3歳未勝利,1:55.8,1.4,晴,12.0,16.0,2京都4,3歳新馬,1:38.8,1.9,晴,11.3,5.0,,nar,2026-09-28,52.89,37.7,74.2,14.6,74.0,64.4,48.8,前走人気以上 / 履歴少 / 人気以上に走る傾向 / 近走上向き
202646092803,2026-09-28,3,メイショウバリスタ,3.0,3.0,魚住謙心,57.0,,3.0,2.0,金沢,3歳B 6,1:40.3,3.4,雨,12.0,9.0,2新潟8,3歳未勝利,1:57.5,2.4,晴,7.0,10.0,2新潟1,3歳未勝利,1:14.1,1.7,曇,11.0,8.0,2東京7,3歳未勝利,1:21.4,2.0,晴,10.0,9.0,2中山8,3歳未勝利,1:14.0,2.2,晴,2.0,1.0,,nar,2026-09-28,49.1,44.6,43.0,30.4,92.0,48.1,48.8,履歴少 / 近走上向き
202643092803,2026-09-28,3,メイプルシップ,6.0,6.0,張田昂,54.0,,2.0,3.0,船橋,プルメリアデビュー(2歳),1:16.8,0.3,晴,,,,,,,,,,,,,,,,,,,,,,,,,,,,,2.9,1.0,,nar,2026-09-28,44.04,49.9,42.2,36.3,40.6,41.7,48.8,履歴少 / サンプル少
202646092803,2026-09-28,3,ルストラーレ,6.0,6.0,田知弘久,57.0,,3.0,7.0,金沢,YJSトライアルラウ(3歳7),1:34.2,0.5,雨,5.0,5.0,金沢,3歳B 10,1:36.2,3.6,晴,6.0,5.0,金沢,東西回胴連12周年記(3歳),1:36.5,3.9,晴,15.0,9.0,2福島6,3歳未勝利,1:51.7,5.6,小雨,,,,,,,,4.7,3.0,,nar,2026-09-28,58.85,60.6,51.1,55.3,84.0,54.1,53.1,金沢実績 / 前走人気以上 / 近走上向き
202643092803,2026-09-28,3,ルミナスグローリー,7.0,7.0,山中悠希,54.0,,4.0,4.0,船橋,2歳 船橋所属,1:41.2,1.3,曇,4.0,3.0,船橋,ハイビスカスデビュー(2歳),1:18.6,2.1,晴,,,,,,,,,,,,,,,,,,,,,,31.8,8.0,,nar,2026-09-28,51.81,59.8,43.8,48.4,45.5,52.5,59.5,船橋実績 / 履歴少 / サンプル少 / 市場オッズ妙味
202665092803,2026-09-28,3,レオン,5.0,5.0,渡来心路,510.0,,,,,,,,,,,,,,,,,,,,,,,,,,,,,,,,,,,,,,,,nar,2026-09-28,36.18,35.0,35.0,35.0,35.0,35.0,46.8,履歴少
202643092803,2026-09-28,3,レステプレドゥ,8.0,7.0,秋元耕成,54.0,,7.0,6.0,船橋,プルメリアデビュー(2歳),1:44.4,5.4,曇,,,,,,,,,,,,,,,,,,,,,,,,,,,,,150.5,10.0,,nar,2026-09-28,39.73,41.1,39.1,29.6,40.6,39.5,48.8,履歴少 / サンプル少
202665092804,2026-09-28,4,アルバノチカラ,8.0,7.0,船山蔵人,520.0,,,,,,,,,,,,,,,,,,,,,,,,,,,,,,,,,,,,,,,,nar,2026-09-28,36.18,35.0,35.0,35.0,35.0,35.0,46.8,履歴少 / 前走人気以上
202646092804,2026-09-28,4,アヴァンフライト,1.0,1.0,魚住謙心,55.0,,3.0,5.0,金沢,おまおじ35歳生誕杯(3歳8),1:35.0,1.5,雨,6.0,6.0,金沢,3歳B 8,1:35.5,2.5,晴,8.0,4.0,金沢,3歳B 8,1:37.4,5.1,晴,7.0,4.0,金沢,バロックパール特別(3歳),0:59.1,2.6,晴,4.0,3.0,金沢,3歳B 8,1:37.0,1.1,曇,56.5,6.0,,nar,2026-09-28,54.01,64.6,44.9,40.7,69.5,49.6,49.6,履歴少 / 近走上向き
202665092804,2026-09-28,4,イワキフィニティー,7.0,7.0,菊池一樹,520.0,,,,,,,,,,,,,,,,,,,,,,,,,,,,,,,,,,,,,,,,nar,2026-09-28,36.0,35.0,35.0,35.0,35.0,35.0,45.0,履歴少
202636092804,2026-09-28,4,インテンシーヴォ,1.0,1.0,高橋悠里,56.0,,6.0,3.0,水沢,C2三組,1:30.0,1.9,小雨,9.0,8.0,盛岡,東京カップけやき賞(A),1:40.3,3.8,曇,12.0,12.0,川崎,星河一天特別(B3二),1:39.1,2.2,晴,10.0,11.0,浦和,晩涼特別(B3),1:29.9,1.3,晴,10.0,12.0,船橋,ジュライダッシュ(B3),1:03.3,1.7,曇,10.6,4.0,,nar,2026-09-28,42.09,36.6,44.3,0.0,75.5,52.0,48.8,履歴少 / 近走上向き
202643092804,2026-09-28,4,ウェルカムランチ,4.0,4.0,笠野雄大,54.0,,5.0,4.0,門別,2歳未勝利,1:10.7,1.5,晴,3.0,7.0,門別,JRA認定競走フレッ(2歳),1:10.2,1.2,雨,,,門別,JRA認定競走フレッ(2歳),,,曇,,,,,,,,,,,,,,,3.2,2.0,,nar,2026-09-28,51.71,59.4,50.3,48.4,38.9,54.7,48.8,履歴少 / サンプル少
202643092804,2026-09-28,4,エルモ,6.0,6.0,濱田達也,54.0,,4.0,6.0,船橋,2歳五,1:17.9,2.0,晴,5.0,6.0,船橋,ハイビスカスデビュー(2歳),1:20.1,3.6,晴,,,,,,,,,,,,,,,,,,,,,,6.1,4.0,,nar,2026-09-28,54.2,57.8,51.5,48.4,48.8,57.5,59.5,船橋実績 / 履歴少 / サンプル少
202646092804,2026-09-28,4,ガーディアンスター,4.0,4.0,沖静男,55.0,,10.0,9.0,金沢,おまおじ35歳生誕杯(3歳8),1:37.8,4.3,雨,9.0,7.0,金沢,りょうあすWeddi(3歳),1:46.9,7.7,晴,7.0,7.0,金沢,3歳B 6,1:42.6,4.4,晴,5.0,7.0,金沢,3歳B 7,1:35.8,0.9,晴,3.0,8.0,金沢,3歳B 8,1:35.9,1.7,晴,231.7,7.0,,nar,2026-09-28,43.64,46.4,50.0,24.9,26.0,54.2,49.6,履歴少
202665092804,2026-09-28,4,キタノキボウ,9.0,8.0,金田利貴,500.0,,,,,,,,,,,,,,,,,,,,,,,,,,,,,,,,,,,,,,,,nar,2026-09-28,36.0,35.0,35.0,35.0,35.0,35.0,45.0,履歴少
202643092804,2026-09-28,4,キャッスルソード,3.0,3.0,所蛍,53.0,,5.0,7.0,船橋,2歳五,1:19.0,3.1,晴,9.0,8.0,船橋,2歳三,1:21.2,3.5,曇,5.0,5.0,船橋,リアトリスデビュー(2歳),1:07.0,4.2,曇,,,,,,,,,,,,,,,41.1,7.0,,nar,2026-09-28,55.76,57.4,53.3,50.2,62.0,57.4,54.0,船橋実績 / 履歴少 / 市場オッズ妙味
202665092804,2026-09-28,4,キュータロウ,4.0,4.0,西将太,520.0,,,,,,,,,,,,,,,,,,,,,,,,,,,,,,,,,,,,,,,,nar,2026-09-28,36.0,35.0,35.0,35.0,35.0,35.0,45.0,履歴少
202665092804,2026-09-28,4,キンリュウ,6.0,6.0,赤塚健仁,520.0,,,,,,,,,,,,,,,,,,,,,,,,,,,,,,,,,,,,,,,,nar,2026-09-28,36.0,35.0,35.0,35.0,35.0,35.0,45.0,履歴少
202643092804,2026-09-28,4,ジャズジャイアント,7.0,7.0,高橋利幸,54.0,,7.0,5.0,船橋,2歳四,1:18.8,2.2,晴,4.0,2.0,船橋,ハイビスカスデビュー(2歳),1:04.8,2.2,曇,,,,,,,,,,,,,,,,,,,,,,12.2,5.0,,nar,2026-09-28,44.19,52.5,37.8,31.7,35.6,51.5,51.2,船橋実績 / 履歴少 / サンプル少 / 市場オッズ妙味
202646092804,2026-09-28,4,ジュンオルレアン,7.0,7.0,浅野登生,52.0,,4.0,4.0,金沢,酒井敏希爆裂誕生記念(3歳9),1:34.9,2.7,雨,9.0,8.0,金沢,レッドスピネル特別(3歳),0:58.4,3.2,晴,,,金沢,ピンクダイヤモンド特(3歳),,,曇,6.0,6.0,金沢,3歳B 7,1:36.3,1.4,晴,8.0,6.0,金沢,3歳B 8,1:36.6,2.4,晴,46.5,5.0,,nar,2026-09-28,51.5,56.5,46.0,30.4,72.0,52.3,50.1,クラス条件好転 / 履歴少 / 近走上向き / 市場オッズ妙味
202646092804,2026-09-28,4,スカッシュボーイ,5.0,5.0,松戸政也,57.0,,8.0,12.0,金沢,YJSトライアルラウ(3歳7),1:34.7,1.0,雨,7.0,8.0,金沢,りょうあすWeddi(3歳),1:43.4,4.2,晴,4.0,8.0,金沢,3歳B 7,1:35.8,0.9,晴,7.0,7.0,金沢,3歳B 8,1:36.6,2.4,晴,8.0,8.0,金沢,3歳B 6,1:44.4,1.8,晴,246.3,8.0,,nar,2026-09-28,50.87,53.5,65.8,19.8,41.0,58.5,46.3,前走人気以上 / 履歴少 / 人気以上に走る傾向
202636092804,2026-09-28,4,セイカフォルゴーレ,5.0,5.0,小林凌,56.0,,7.0,8.0,盛岡,B1,1:00.8,1.7,曇,12.0,10.0,盛岡,B1,1:15.9,3.3,晴,4.0,9.0,水沢,B1,0:51.5,0.6,晴,8.0,4.0,水沢,B1,0:52.5,1.3,晴,4.0,8.0,盛岡,B1,1:13.3,0.6,晴,28.2,8.0,,nar,2026-09-28,49.0,48.1,54.4,30.1,50.0,55.4,51.2,水沢実績 / 履歴少 / 市場オッズ妙味
202646092804,2026-09-28,4,ゼフィリア,6.0,6.0,栗原大河,55.0,,7.0,8.0,3新潟2,3歳未勝利,1:13.5,1.1,曇,10.0,7.0,2福島5,3歳未勝利,1:48.0,2.3,曇,11.0,5.0,3東京3,3歳未勝利,1:39.3,2.5,晴,5.0,12.0,2東京9,3歳未勝利,1:38.8,0.5,曇,10.0,10.0,3中山4,3歳未勝利,1:56.7,2.2,曇,2.8,2.0,,nar,2026-09-28,43.31,39.6,45.7,14.6,62.0,50.5,50.0,総合評価
202636092804,2026-09-28,4,タニマサベーカ,4.0,4.0,鈴木祐,56.0,,2.0,4.0,水沢,C1,0:51.3,0.0,雨,9.0,9.0,盛岡,C1,1:14.2,1.3,曇,10.0,11.0,盛岡,いわてくじ山形村短角(B2),1:02.3,1.9,晴,8.0,8.0,盛岡,B2,1:13.8,1.4,曇,9.0,7.0,盛岡,B1,1:01.0,1.9,曇,7.1,3.0,,nar,2026-09-28,55.27,52.6,54.2,30.4,92.0,56.9,48.8,履歴少 / 近走上向き
202665092804,2026-09-28,4,ダリア,2.0,2.0,島津新,500.0,,,,,,,,,,,,,,,,,,,,,,,,,,,,,,,,,,,,,,,,nar,2026-09-28,36.0,35.0,35.0,35.0,35.0,35.0,45.0,履歴少
202636092804,2026-09-28,4,トリクロマティック,3.0,3.0,村上忍,56.0,,11.0,6.0,水沢,C2四組,1:32.1,3.9,曇,5.0,2.0,盛岡,C2七組,1:15.6,1.3,雨,7.0,2.0,水沢,C2五組,1:23.6,0.7,晴,2.0,1.0,水沢,C2六組,1:25.4,0.2,晴,6.0,2.0,水沢,C2四組,1:31.3,1.7,曇,12.5,5.0,,nar,2026-09-28,38.03,52.9,23.3,39.5,14.0,46.4,47.1,履歴少 / 市場オッズ妙味
202646092804,2026-09-28,4,ナックキャンドル,3.0,3.0,加藤翔馬,55.0,,3.0,8.0,金沢,3歳B 5,1:39.1,0.7,雨,4.0,4.0,金沢,3歳B 9,1:34.1,2.1,晴,13.0,12.0,2福島3,3歳未勝利,1:49.8,2.6,曇,15.0,14.0,2中山8,3歳未勝利,1:38.9,5.2,晴,,,,,,,,5.4,4.0,,nar,2026-09-28,60.49,50.5,59.2,55.3,96.0,59.6,56.4,金沢実績 / 前走人気以上 / 近走上向き
202646092804,2026-09-28,4,ハルカオル,8.0,8.0,青柳正義,55.0,,6.0,2.0,金沢,3歳B 5,1:40.7,2.3,雨,10.0,8.0,2新潟6,3歳未勝利,1:09.3,0.5,晴,6.0,9.0,2福島4,3歳未勝利,1:09.5,1.1,晴,8.0,12.0,1新潟4,3歳未勝利,1:13.5,0.7,晴,12.0,7.0,1阪神1,3歳未勝利,1:28.8,2.3,晴,2.5,1.0,,nar,2026-09-28,42.79,44.7,42.6,0.0,68.0,49.2,50.0,前走人気以上 / 近走上向き
202665092804,2026-09-28,4,パリスウンカイ,10.0,8.0,中村太陽,500.0,,,,,,,,,,,,,,,,,,,,,,,,,,,,,,,,,,,,,,,,nar,2026-09-28,36.0,35.0,35.0,35.0,35.0,35.0,45.0,履歴少
202636092804,2026-09-28,4,ビップレジアス,6.0,6.0,塚本涼人,54.0,,1.0,2.0,水沢,C2,0:52.1,-0.1,小雨,3.0,1.0,水沢,C2,0:52.9,1.0,晴,6.0,9.0,盛岡,B2,1:14.1,2.0,曇,11.0,11.0,名古屋,伊勢湾特別(C),1:55.5,3.2,晴,10.0,10.0,名古屋,南知多特別(C),1:40.3,2.5,晴,2.7,1.0,,nar,2026-09-28,62.72,69.0,52.8,55.3,89.0,55.5,56.4,水沢実績 / 近走上向き
202636092804,2026-09-28,4,ファイストス,10.0,8.0,斉藤友香,50.0,,8.0,2.0,水沢,C2,0:53.1,1.9,晴,2.0,3.0,水沢,C2,0:52.6,0.7,晴,5.0,3.0,水沢,C2,0:51.5,0.5,雨,5.0,6.0,盛岡,C2六組,1:14.5,0.7,曇,,,盛岡,C2五組,,,曇,15.2,7.0,,nar,2026-09-28,50.78,66.5,35.8,59.3,26.0,56.7,54.0,水沢実績 / 履歴少 / 市場オッズ妙味
202643092804,2026-09-28,4,フレンドヤマト,1.0,1.0,臼井健太,54.0,,9.0,8.0,船橋,2歳四,1:18.8,2.2,晴,4.0,5.0,船橋,ハイビスカスデビュー(2歳),1:46.1,6.3,曇,,,,,,,,,,,,,,,,,,,,,,26.6,6.0,,nar,2026-09-28,43.58,47.7,45.1,31.7,29.0,49.9,51.2,船橋実績 / 履歴少 / サンプル少 / 市場オッズ妙味
202665092804,2026-09-28,4,ホクセイアバレンボ,3.0,3.0,阿部優哉,520.0,,,,,,,,,,,,,,,,,,,,,,,,,,,,,,,,,,,,,,,,nar,2026-09-28,36.18,35.0,35.0,35.0,35.0,35.0,46.8,履歴少
202665092804,2026-09-28,4,ホクセイタロウ,1.0,1.0,大友一馬,520.0,,,,,,,,,,,,,,,,,,,,,,,,,,,,,,,,,,,,,,,,nar,2026-09-28,36.0,35.0,35.0,35.0,35.0,35.0,45.0,履歴少
202646092804,2026-09-28,4,マイネルシュラハト,2.0,2.0,柴田勇真,57.0,,10.0,5.0,2新潟7,3歳未勝利,1:57.0,2.7,晴,6.0,8.0,3東京6,3歳未勝利,2:11.8,0.6,曇,10.0,13.0,3東京1,3歳未勝利,2:00.4,0.8,晴,12.0,8.0,2中山1,3歳未勝利,2:02.3,0.6,晴,5.0,8.0,2京都2,3歳未勝利,2:03.2,1.1,晴,3.8,3.0,,nar,2026-09-28,39.37,37.8,45.1,10.3,39.5,50.8,48.8,履歴少
202636092804,2026-09-28,4,マローディープ,7.0,7.0,阿部英俊,56.0,,10.0,9.0,水沢,C2,0:53.6,2.4,晴,10.0,7.0,水沢,C2,0:53.3,1.7,小雨,3.0,10.0,盛岡,C2,1:01.5,0.4,曇,11.0,7.0,盛岡,C2,1:02.8,2.2,晴,7.0,6.0,盛岡,C2,1:01.8,1.9,曇,124.2,10.0,,nar,2026-09-28,40.78,40.4,47.5,19.8,36.5,49.6,43.8,履歴少
202643092804,2026-09-28,4,ミスメロディ,5.0,5.0,本田正重,54.0,,4.0,1.0,船橋,プルメリアデビュー(2歳),1:04.2,0.4,曇,,,,,,,,,,,,,,,,,,,,,,,,,,,,,2.3,1.0,,nar,2026-09-28,40.96,46.4,36.0,36.3,40.6,37.3,48.8,履歴少 / サンプル少
202636092804,2026-09-28,4,リンクビーナス,8.0,7.0,岩本怜,54.0,,6.0,8.0,水沢,C1,0:51.7,0.4,雨,10.0,10.0,盛岡,C1,1:15.2,2.1,曇,10.0,9.0,盛岡,B1,1:01.6,1.5,晴,7.0,9.0,盛岡,B1B2混合,1:13.1,1.1,小雨,7.0,8.0,佐賀,サガデーナイト競馬賞(B),1:31.4,1.6,曇,14.4,6.0,,nar,2026-09-28,46.35,43.7,55.6,0.0,65.0,57.7,48.8,履歴少 / 近走上向き / 市場オッズ妙味
202636092804,2026-09-28,4,レアグリフォン,9.0,8.0,菅原辰徳,56.0,,1.0,1.0,水沢,C2九組,1:24.6,0.0,晴,,,盛岡,ハヤテ特別(OP),,,曇,6.0,7.0,門別,ポラリスサマースプリ(重賞),1:15.6,2.7,曇,5.0,9.0,門別,日高銀聖特別(A2),1:01.6,1.0,曇,8.0,8.0,門別,アメリカンペイトリオ(A3),1:16.1,2.1,晴,2.7,2.0,,nar,2026-09-28,63.48,75.5,57.3,45.0,82.0,58.3,51.8,クラス条件好転 / 前走人気以上 / 近走上向き
202643092804,2026-09-28,4,レイナファミリア,2.0,2.0,木間塚龍,54.0,,4.0,4.0,船橋,プルメリアデビュー(2歳),1:20.1,3.6,晴,,,,,,,,,,,,,,,,,,,,,,,,,,,,,5.3,3.0,,nar,2026-09-28,42.54,46.4,40.6,36.3,40.6,40.6,48.8,履歴少 / サンプル少
202636092804,2026-09-28,4,ヴァンクールシチー,2.0,2.0,大坪慎,56.0,,4.0,6.0,水沢,C2,0:52.4,1.2,晴,10.0,8.0,水沢,C2五組,1:31.7,2.5,曇,7.0,8.0,水沢,C2五組,1:23.8,2.3,雨,5.0,3.0,盛岡,C2,1:01.7,0.6,曇,3.0,2.0,盛岡,C2七組,1:14.2,0.5,晴,48.1,9.0,,nar,2026-09-28,55.3,59.0,49.4,55.3,63.5,55.0,49.8,市場オッズ妙味
202665092804,2026-09-28,4,ヴルールノヴァー,5.0,5.0,松本秀克,520.0,,,,,,,,,,,,,,,,,,,,,,,,,,,,,,,,,,,,,,,,nar,2026-09-28,36.18,35.0,35.0,35.0,35.0,35.0,46.8,履歴少
202665092805,2026-09-28,5,アラキオー,7.0,7.0,今井千尋,620.0,,,,,,,,,,,,,,,,,,,,,,,,,,,,,,,,,,,,,,,,nar,2026-09-28,36.0,35.0,35.0,35.0,35.0,35.0,45.0,履歴少
202636092805,2026-09-28,5,アンズビジン,4.0,4.0,関本玲花,52.0,,6.0,7.0,水沢,C2,0:52.7,1.5,晴,6.0,8.0,水沢,C2,0:52.3,0.7,小雨,9.0,9.0,水沢,C2,0:52.0,1.0,雨,7.0,7.0,盛岡,C2,1:02.2,1.1,曇,7.0,4.0,盛岡,C2,1:02.0,1.9,晴,146.3,9.0,,nar,2026-09-28,46.39,53.3,53.4,0.0,57.5,52.6,43.8,履歴少
202646092805,2026-09-28,5,ウインブリザード,2.0,2.0,青柳正義,57.0,,,,金沢,YJSトライアルラウ(3歳),,,雨,2.0,1.0,金沢,3歳B 10,1:33.9,1.3,晴,12.0,13.0,1札幌6,3歳未勝利,2:03.2,1.6,晴,7.0,8.0,1函館10,3歳未勝利,2:45.2,1.0,小雨,10.0,8.0,1函館6,3歳未勝利,2:41.3,2.0,晴,1.8,1.0,,nar,2026-09-28,52.78,51.4,48.9,24.9,96.0,51.1,50.0,近走上向き
202636092805,2026-09-28,5,エイシンチョンパ,10.0,8.0,菅原辰徳,56.0,,1.0,1.0,水沢,C2,0:51.2,-1.0,晴,7.0,4.0,水沢,C2三組,1:30.5,1.9,晴,4.0,3.0,盛岡,B2,1:13.5,1.4,曇,8.0,9.0,園田,C1,0:51.0,1.3,曇,9.0,7.0,園田,C1一,0:51.6,1.3,晴,2.5,1.0,,nar,2026-09-28,58.07,68.5,43.0,50.2,86.0,50.6,51.5,水沢実績 / 近走上向き
202636092805,2026-09-28,5,カンフーダンス,5.0,5.0,高橋悠里,54.0,,3.0,1.0,水沢,C2,0:51.7,0.1,晴,1.0,3.0,水沢,C2三組,1:28.6,-0.2,晴,9.0,7.0,盛岡,B2,1:14.3,2.2,曇,3.0,4.0,盛岡,釜淵の滝賞(B2),1:12.9,1.4,曇,6.0,6.0,盛岡,B2,1:14.0,1.7,晴,4.1,3.0,,nar,2026-09-28,62.03,76.0,47.5,69.9,60.5,55.4,59.5,水沢実績 / 履歴少 / 安定感
202643092805,2026-09-28,5,キャッスルレーヴ,4.0,4.0,小杉亮,54.0,,10.0,11.0,船橋,C1四 五六 イ(C1五),1:17.8,2.3,晴,8.0,10.0,船橋,C1二 三四 ウ(C1三),1:18.0,2.7,晴,8.0,7.0,船橋,渡り鳥スプリント(C1二),1:16.3,1.6,曇,9.0,11.0,川崎,軍配賞(C1二),1:40.9,2.1,曇,9.0,11.0,船橋,獅子奮迅スプリント(C1二),1:15.7,1.4,晴,113.3,11.0,,nar,2026-09-28,41.23,37.1,57.7,0.0,41.0,54.8,43.8,履歴少
202646092805,2026-09-28,5,キョウエイクローム,1.0,1.0,甲賀弘隆,55.0,,5.0,3.0,金沢,3歳B 5,1:40.0,1.6,雨,14.0,18.0,2中京8,3歳未勝利,2:00.1,2.4,晴,4.0,5.0,笠松,落合宿特別(3歳),1:31.1,2.8,曇,14.0,12.0,3京都7,3歳未勝利,1:28.4,3.4,晴,8.0,16.0,2阪神2,3歳未勝利,1:27.3,1.2,晴,16.2,4.0,,nar,2026-09-28,54.04,40.2,57.9,50.2,80.0,60.0,48.8,履歴少 / 近走上向き / 市場オッズ妙味
202646092805,2026-09-28,5,クイーンミスチーフ,7.0,7.0,浅野登生,52.0,,7.0,11.0,金沢,3歳B 5,1:41.2,2.8,雨,6.0,5.0,金沢,りょうあすWeddi(3歳),1:43.3,4.1,晴,2.0,8.0,金沢,東西回胴連12周年記(3歳),1:34.4,1.8,晴,9.0,9.0,金沢,3歳B 8,1:40.7,8.4,晴,6.0,7.0,金沢,海月雲ろあ1周年記念(3歳),1:44.8,3.5,晴,73.5,7.0,,nar,2026-09-28,53.07,60.4,65.8,19.8,42.5,59.1,46.3,前走人気以上 / 履歴少 / 人気以上に走る傾向
202646092805,2026-09-28,5,グランフォワイエ,6.0,6.0,松戸政也,57.0,,10.0,6.0,金沢,3歳B 5,1:42.2,3.8,雨,5.0,5.0,金沢,3歳B 8,1:42.0,0.9,晴,5.0,6.0,金沢,有鐘絶望ちゃんデビュ(3歳),1:42.8,2.8,晴,4.0,8.0,金沢,3歳B 8,1:35.5,3.2,晴,8.0,7.0,名古屋,3歳13組,1:44.2,6.2,曇,167.1,8.0,,nar,2026-09-28,49.26,54.5,46.2,59.3,23.0,53.5,55.3,金沢実績 / 履歴少
202643092805,2026-09-28,5,ケイアイインダラ,2.0,2.0,臼井健太,56.0,,,,船橋,五香特別(C1),,,曇,,,浦和,雛芥子特別(C1),,,雨,6.0,7.0,船橋,ダンデライオン賞(C1),1:48.7,3.8,晴,8.0,7.0,船橋,うお座賞(C1),1:47.4,2.0,曇,8.0,9.0,浦和,まだまだ盛り上がろう(C1),1:37.8,1.2,曇,146.8,12.0,,nar,2026-09-28,46.22,51.1,52.4,0.0,62.0,53.7,43.8,履歴少
202636092805,2026-09-28,5,ゴーゴーオンリー,6.0,6.0,塚本涼人,54.0,,7.0,3.0,水沢,C2,0:53.0,1.8,晴,2.0,6.0,水沢,C2,0:51.9,0.3,小雨,12.0,12.0,盛岡,C2,1:02.2,2.2,曇,9.0,10.0,盛岡,C2,1:01.3,2.0,曇,10.0,11.0,盛岡,C2,1:02.2,1.9,晴,43.9,7.0,,nar,2026-09-28,48.43,49.3,50.2,24.9,57.5,54.1,51.2,水沢実績 / 履歴少 / 市場オッズ妙味
202643092805,2026-09-28,5,ゴールドステージ,10.0,7.0,野畑凌,55.0,,4.0,6.0,船橋,入道雲特別(3歳),1:15.9,0.5,雨,5.0,3.0,船橋,麻綿原特別(3歳),1:41.7,3.2,曇,1.0,2.0,船橋,3歳五,1:15.9,-0.5,曇,10.0,1.0,船橋,HEARTBEATD(3歳),1:18.7,1.6,晴,2.0,1.0,船橋,3歳七,1:17.0,0.2,雨,9.4,5.0,,nar,2026-09-28,60.43,73.4,42.2,85.4,53.0,53.7,56.2,船橋実績 / 履歴少 / 安定感
202643092805,2026-09-28,5,ザビッグマン,5.0,5.0,澤田龍哉,56.0,,7.0,4.0,船橋,馬い!野菜熊本肥後む(C1),1:16.0,1.2,晴,6.0,2.0,船橋,C1四 五六 イ(C1五),1:16.7,1.6,晴,2.0,2.0,船橋,C1二 三,1:15.1,0.2,曇,3.0,3.0,船橋,船橋酒場青空13周年(C1),1:15.8,0.4,晴,4.0,2.0,船橋,C1四 五,1:16.0,0.9,曇,6.3,2.0,,nar,2026-09-28,49.37,69.0,35.2,44.7,30.5,52.0,52.9,船橋実績 / 履歴少
202665092805,2026-09-28,5,シレトコセンプー,5.0,5.0,中山直樹,630.0,,,,,,,,,,,,,,,,,,,,,,,,,,,,,,,,,,,,,,,,nar,2026-09-28,36.0,35.0,35.0,35.0,35.0,35.0,45.0,履歴少
202665092805,2026-09-28,5,ジェイキングダム,6.0,6.0,吉田理人,620.0,,,,,,,,,,,,,,,,,,,,,,,,,,,,,,,,,,,,,,,,nar,2026-09-28,36.0,35.0,35.0,35.0,35.0,35.0,45.0,履歴少
202643092805,2026-09-28,5,ジャストキングダム,3.0,3.0,山中悠希,56.0,,1.0,4.0,船橋,ユウゼンギクスプリン(C2),1:15.2,-0.7,晴,1.0,2.0,船橋,C2二 三,1:16.4,-0.2,曇,4.0,2.0,船橋,C2二 三,1:16.2,0.7,晴,4.0,3.0,船橋,馬い!実況ありがとう(C2三),1:16.7,0.7,曇,2.0,2.0,船橋,C2四 五,1:16.1,0.8,雨,2.6,1.0,,nar,2026-09-28,71.37,90.9,54.3,100.0,60.5,54.7,59.5,船橋実績 / 前走人気以上 / 履歴少 / 安定感
202636092805,2026-09-28,5,ジュレヴァー,2.0,2.0,坂井瑛音,53.0,,2.0,5.0,水沢,C2,0:52.2,1.0,晴,6.0,11.0,水沢,C2四組,1:29.3,1.1,曇,10.0,10.0,盛岡,いつでもどこでも!楽(C1),1:15.2,1.2,曇,10.0,9.0,盛岡,C1五組,1:28.3,1.4,晴,11.0,9.0,盛岡,C1,1:29.6,3.4,晴,19.7,5.0,,nar,2026-09-28,59.05,54.6,62.6,30.4,93.5,62.4,51.2,水沢実績 / 前走人気以上 / 履歴少 / 近走上向き
202636092805,2026-09-28,5,セイブロッケン,3.0,3.0,大坪慎,56.0,,8.0,10.0,水沢,C1,0:52.1,0.8,雨,10.0,11.0,盛岡,オッズパーク賞(C1),1:15.5,1.9,曇,9.0,10.0,盛岡,タブの大島賞(C1),1:01.4,2.4,晴,10.0,9.0,盛岡,C1,1:14.3,2.5,曇,8.0,9.0,園田,C3,0:52.8,2.4,曇,192.7,10.0,,nar,2026-09-28,43.08,36.1,57.1,0.0,57.5,53.5,48.8,履歴少
202646092805,2026-09-28,5,タワワ,8.0,8.0,魚住謙心,55.0,,11.0,7.0,金沢,3歳B 5,1:42.3,3.9,雨,15.0,14.0,2中京5,3歳未勝利,1:29.8,4.6,晴,15.0,9.0,3京都7,3歳未勝利,1:22.4,1.5,晴,11.0,4.0,1小倉4,3歳未勝利,1:09.2,1.4,曇,6.0,8.0,3京都5,2歳未勝利,1:21.5,0.6,晴,16.5,5.0,,nar,2026-09-28,27.83,15.2,25.7,0.0,54.5,42.7,48.8,履歴少 / 市場オッズ妙味
202646092805,2026-09-28,5,ティーマベーラ,5.0,5.0,平瀬城久,57.0,,5.0,11.0,金沢,おまおじ35歳生誕杯(3歳8),1:35.6,2.1,雨,7.0,9.0,金沢,3歳B 8,1:43.7,2.6,晴,7.0,9.0,金沢,有鐘絶望ちゃんデビュ(3歳),1:43.7,3.7,晴,7.0,9.0,金沢,3歳B 7,1:37.0,2.1,晴,9.0,8.0,金沢,帝統くんお誕生日おめ(3歳),1:37.5,4.1,曇,317.9,9.0,,nar,2026-09-28,56.78,55.2,70.3,30.4,65.0,59.8,46.3,前走人気以上 / 履歴少 / 人気以上に走る傾向 / 近走上向き
202643092805,2026-09-28,5,テカポ,12.0,8.0,岡村健司,53.0,,7.0,2.0,船橋,C1四 五六 ウ(C1五),1:16.6,1.6,晴,3.0,3.0,船橋,ウミネコスプリント(3歳),1:15.2,0.6,晴,3.0,4.0,船橋,3歳二,1:17.0,1.3,曇,6.0,5.0,船橋,3歳二,1:16.3,0.7,晴,3.0,1.0,船橋,菖蒲賞(3歳),1:16.5,0.3,晴,9.5,6.0,,nar,2026-09-28,52.26,70.8,38.3,55.0,30.5,55.0,52.9,船橋実績 / 履歴少
202665092805,2026-09-28,5,ディオネダイヤ,1.0,1.0,西謙一,610.0,,,,,,,,,,,,,,,,,,,,,,,,,,,,,,,,,,,,,,,,nar,2026-09-28,36.0,35.0,35.0,35.0,35.0,35.0,45.0,履歴少
202636092805,2026-09-28,5,ディスクリプション,9.0,8.0,村上忍,54.0,,1.0,5.0,水沢,C1,0:51.3,0.0,雨,9.0,1.0,盛岡,いつでもどこでも!楽(C1),1:15.1,1.1,曇,8.0,1.0,盛岡,C1五組,1:27.5,0.6,晴,1.0,1.0,盛岡,C2四組,1:26.6,-0.2,晴,3.0,7.0,盛岡,C2五組,1:14.0,0.4,曇,3.4,2.0,,nar,2026-09-28,56.7,71.3,37.8,55.3,75.5,50.7,48.8,前走人気以上 / 履歴少 / 近走上向き
202646092805,2026-09-28,5,デルマトカチ,4.0,4.0,鈴木太一,55.0,,2.0,3.0,金沢,3歳B 6,1:37.7,0.8,雨,13.0,17.0,2中京8,3歳未勝利,2:14.4,1.7,晴,9.0,10.0,2中京1,3歳未勝利,2:01.9,1.0,晴,15.0,15.0,2小倉3,3歳未勝利,1:49.0,4.4,曇,,,,,,,,2.6,2.0,,nar,2026-09-28,54.55,40.2,61.7,30.4,100.0,55.9,50.0,近走上向き
202643092805,2026-09-28,5,デルマネコダマシ,8.0,6.0,木間塚龍,54.0,,9.0,8.0,川崎,あやせオープンファク(C1),1:33.5,2.1,晴,6.0,5.0,船橋,C1二 三,1:16.1,1.2,曇,6.0,3.0,船橋,馬い!洲本農園新玉ね(C1),1:17.1,1.1,曇,2.0,2.0,船橋,馬い!熊本不知火オレ(C1),1:16.2,0.2,曇,1.0,2.0,浦和,春暖特別(C2),1:30.2,-0.2,晴,15.4,8.0,,nar,2026-09-28,45.61,61.5,42.7,24.9,18.5,57.7,48.5,履歴少 / 市場オッズ妙味
202665092805,2026-09-28,5,トップエミー,2.0,2.0,中村太陽,610.0,,,,,,,,,,,,,,,,,,,,,,,,,,,,,,,,,,,,,,,,nar,2026-09-28,36.0,35.0,35.0,35.0,35.0,35.0,45.0,履歴少
202665092805,2026-09-28,5,パワーウンカイ,9.0,8.0,阿部武臣,630.0,,,,,,,,,,,,,,,,,,,,,,,,,,,,,,,,,,,,,,,,nar,2026-09-28,36.18,35.0,35.0,35.0,35.0,35.0,46.8,履歴少 / 前走人気以上
202665092805,2026-09-28,5,ビエイニトドケ,4.0,4.0,長澤幸太,630.0,,,,,,,,,,,,,,,,,,,,,,,,,,,,,,,,,,,,,,,,nar,2026-09-28,36.18,35.0,35.0,35.0,35.0,35.0,46.8,履歴少
202643092805,2026-09-28,5,フィリグラン,11.0,8.0,佐野遥久,54.0,,11.0,5.0,川崎,木槿賞(C1),1:34.0,2.6,雨,4.0,4.0,川崎,鳳仙花賞(C1),1:31.4,0.4,晴,5.0,2.0,川崎,納涼賞(C1),1:32.4,1.3,晴,2.0,2.0,川崎,C2一 二,1:31.5,0.5,晴,1.0,5.0,川崎,C2一 二,1:31.8,-0.1,晴,11.7,7.0,,nar,2026-09-28,47.53,62.2,36.0,69.6,2.0,57.2,48.8,履歴少 / 安定感
202636092805,2026-09-28,5,プリモジョーカー,7.0,7.0,阿部英俊,54.0,,2.0,3.0,水沢,C2,0:51.6,0.0,晴,3.0,2.0,水沢,C2,0:51.7,0.5,曇,2.0,3.0,水沢,C2二組,1:28.2,0.1,晴,4.0,3.0,盛岡,C1,1:13.4,0.3,曇,1.0,3.0,盛岡,C1,0:59.3,-0.6,曇,5.7,4.0,,nar,2026-09-28,69.83,88.5,52.2,100.0,53.0,58.7,59.5,水沢実績 / 履歴少 / 安定感
202665092805,2026-09-28,5,マスタークィン,8.0,8.0,島津新,610.0,,,,,,,,,,,,,,,,,,,,,,,,,,,,,,,,,,,,,,,,nar,2026-09-28,36.0,35.0,35.0,35.0,35.0,35.0,45.0,履歴少
202643092805,2026-09-28,5,マットーネロッソ,1.0,1.0,本田正重,54.0,,3.0,4.0,園田,C2二,1:32.5,0.7,晴,6.0,7.0,園田,C2一,1:32.0,1.5,晴,8.0,2.0,園田,C2,1:22.4,1.6,晴,4.0,3.0,園田,C2一,1:20.6,0.6,曇,3.0,3.0,園田,C2二,1:33.8,1.4,曇,18.3,9.0,,nar,2026-09-28,57.76,68.9,44.6,55.3,63.5,60.8,50.0,市場オッズ妙味
202643092805,2026-09-28,5,ミヤビモルタル,9.0,7.0,和田譲治,56.0,,4.0,5.0,船橋,C1四 五六 イ(C1五),1:15.9,0.4,晴,2.0,6.0,船橋,馬い!卵はサンサンエ(C1五),1:16.8,0.3,曇,4.0,1.0,船橋,C1四 五,1:16.8,0.7,曇,9.0,2.0,川崎,C1一 二,1:33.0,1.8,曇,2.0,1.0,船橋,船橋酒場青空13周年(C1),1:15.4,0.0,晴,6.6,3.0,,nar,2026-09-28,62.48,75.8,47.1,85.4,51.5,54.1,59.5,船橋実績 / 履歴少 / 安定感
202665092805,2026-09-28,5,ムツアラシ,3.0,3.0,村上章,630.0,,,,,,,,,,,,,,,,,,,,,,,,,,,,,,,,,,,,,,,,nar,2026-09-28,36.0,35.0,35.0,35.0,35.0,35.0,45.0,履歴少
202646092805,2026-09-28,5,メイショウボンテン,3.0,3.0,栗原大河,57.0,,4.0,5.0,金沢,3歳B 5,1:39.8,1.4,雨,3.0,2.0,金沢,レッドスピネル特別(3歳),0:57.0,1.8,晴,14.0,14.0,2小倉7,3歳未勝利,1:00.3,2.0,曇,12.0,14.0,1新潟5,3歳未勝利,1:15.0,2.0,晴,14.0,13.0,1阪神2,3歳未勝利,1:15.2,2.7,晴,6.0,3.0,,nar,2026-09-28,56.28,45.8,51.7,55.3,90.5,55.2,58.2,金沢実績 / クラス条件好転 / 近走上向き
202636092805,2026-09-28,5,ユキノマツシマ,8.0,7.0,山本聡紀,56.0,,7.0,7.0,水沢,C2,0:52.3,0.7,晴,4.0,6.0,水沢,C1,0:51.7,0.4,雨,7.0,7.0,盛岡,いつでもどこでも!楽(C1),1:14.9,0.9,曇,8.0,9.0,盛岡,C1,1:01.2,1.2,曇,9.0,9.0,盛岡,C1,1:14.6,1.0,晴,34.2,6.0,,nar,2026-09-28,50.6,55.2,54.5,24.9,50.0,56.7,51.5,水沢実績 / 市場オッズ妙味
202646092805,2026-09-28,5,ラブカニュー,9.0,8.0,柴田勇真,55.0,,2.0,4.0,金沢,おまおじ35歳生誕杯(3歳8),1:34.5,1.0,雨,6.0,6.0,金沢,3歳B 10,1:36.6,4.0,晴,8.0,6.0,金沢,3歳B 9,1:45.1,4.0,晴,,,金沢,海月雲ろあ1周年記念(3歳),,,晴,8.0,6.0,金沢,3歳B 7,1:44.2,3.9,晴,54.6,6.0,,nar,2026-09-28,55.76,65.8,50.0,30.4,82.0,51.0,47.1,履歴少 / 近走上向き
202643092805,2026-09-28,5,ラブシックボッサ,7.0,6.0,仲野光馬,56.0,,6.0,12.0,船橋,C1四 五六 ウ(C1五),1:16.4,1.4,晴,9.0,12.0,船橋,カンナダッシュ(C1),1:02.8,1.0,曇,6.0,6.0,船橋,7月5日は、江戸切子(C1),1:03.6,1.3,曇,9.0,10.0,浦和,蕨宿特別(C1),0:48.8,1.7,曇,14.0,13.0,船橋,ジョッキーズチャンピ(C1),2:34.8,6.0,小雨,100.8,10.0,,nar,2026-09-28,49.74,44.3,68.3,0.0,71.0,57.4,43.8,前走人気以上 / 履歴少 / 人気以上に走る傾向 / 近走上向き
202636092805,2026-09-28,5,ルーナ,1.0,1.0,岩本怜,54.0,,8.0,10.0,水沢,C2,0:52.5,0.9,晴,4.0,5.0,水沢,C2,0:52.2,0.6,小雨,1.0,8.0,水沢,C2,0:52.7,-0.5,曇,5.0,11.0,盛岡,C2,1:01.8,1.2,晴,9.0,8.0,盛岡,C2,1:02.0,2.1,曇,68.0,8.0,,nar,2026-09-28,60.49,65.7,71.1,59.3,30.5,63.2,54.0,水沢実績 / 履歴少 / 人気以上に走る傾向
202643092805,2026-09-28,5,ワンダードリーム,6.0,5.0,所蛍,54.0,,5.0,10.0,船橋,アサガオスプリント(3歳),1:16.3,0.9,曇,1.0,5.0,船橋,HEARTBEATD(3歳),1:17.1,-0.3,晴,7.0,6.0,船橋,3歳二 三,1:41.4,2.9,晴,1.0,1.0,船橋,3歳十,1:18.6,-0.4,晴,,3.0,大井,2歳三 四,,,晴,8.9,4.0,,nar,2026-09-28,66.04,78.6,68.1,69.9,38.0,65.8,55.3,船橋実績 / 前走人気以上 / 履歴少 / 人気以上に走る傾向
202665092806,2026-09-28,6,イワキマッシグラ,7.0,7.0,菊池一樹,630.0,,,,,,,,,,,,,,,,,,,,,,,,,,,,,,,,,,,,,,,,nar,2026-09-28,36.18,35.0,35.0,35.0,35.0,35.0,46.8,履歴少
202643092806,2026-09-28,6,ウォールローゼ,3.0,3.0,達城龍次,56.0,,6.0,6.0,川崎,啄木鳥賞(3歳),1:41.1,3.9,雨,12.0,6.0,船橋,灯籠賞(3歳),1:39.8,2.2,晴,3.0,7.0,船橋,西瓜特別(3歳),1:38.3,0.9,曇,4.0,11.0,浦和,浦和競馬公式ファンク(3歳),1:37.3,0.9,晴,3.0,5.0,船橋,3歳 303.,1:39.9,0.1,曇,66.7,9.0,,nar,2026-09-28,53.45,57.6,53.7,44.7,47.0,58.1,53.1,船橋実績 / 前走人気以上
202636092806,2026-09-28,6,エクセプション,8.0,8.0,菅原辰徳,56.0,,3.0,5.0,水沢,C2六組,1:29.2,0.7,曇,5.0,6.0,水沢,C2七組,1:22.9,1.2,雨,4.0,8.0,盛岡,オッズパーク賞(C1),1:14.2,0.6,曇,8.0,9.0,盛岡,タブの大島賞(C1),1:01.1,2.1,晴,5.0,7.0,盛岡,C1,1:12.8,1.0,曇,5.0,3.0,,nar,2026-09-28,67.79,70.9,64.0,85.4,65.0,63.3,56.4,水沢実績 / 近走上向き / 安定感
202643092806,2026-09-28,6,エルアン,9.0,6.0,所蛍,55.0,,9.0,4.0,船橋,灯籠賞(3歳),1:39.2,1.6,晴,7.0,6.0,2新潟2,3歳未勝利,1:54.7,2.0,雨,9.0,6.0,3東京1,3歳未勝利,1:27.8,1.9,晴,3.0,11.0,2東京8,3歳未勝利,1:27.3,1.1,晴,10.0,9.0,2東京4,3歳未勝利,1:36.0,1.2,曇,14.7,4.0,,nar,2026-09-28,41.65,46.2,40.9,14.6,39.5,53.8,48.8,履歴少 / 市場オッズ妙味
202643092806,2026-09-28,6,オオイシフジノハナ,10.0,7.0,藤本現暉,56.0,,11.0,10.0,船橋,灯籠賞(3歳),1:39.6,2.0,晴,8.0,11.0,浦和,若駒特別(3歳),1:38.6,1.9,曇,4.0,8.0,船橋,ナイスハルター特別(3歳未格),1:46.8,1.5,晴,5.0,8.0,船橋,花見月特別(3歳),1:40.0,0.8,晴,4.0,3.0,浦和,涙も花束にして賞(3歳),1:32.3,2.7,晴,32.5,7.0,,nar,2026-09-28,49.77,49.8,61.0,44.7,15.5,59.0,57.0,船橋実績 / クラス条件好転 / 履歴少 / 市場オッズ妙味
202643092806,2026-09-28,6,オスマンサス,11.0,7.0,笹川翼,56.0,,4.0,3.0,船橋,灯籠賞(3歳),1:37.9,0.3,晴,4.0,6.0,船橋,西瓜特別(3歳),1:38.3,0.9,曇,3.0,4.0,船橋,3歳 418〜,1:38.7,1.0,晴,3.0,4.0,船橋,3歳五,1:16.9,1.0,曇,4.0,2.0,船橋,HEARTBEATD(3歳),1:17.7,0.6,晴,6.6,3.0,,nar,2026-09-28,66.71,78.7,52.3,100.0,47.0,58.7,62.5,船橋実績 / クラス条件好転 / 履歴少 / 安定感
202636092806,2026-09-28,6,カットビホッキマン,1.0,1.0,小林凌,56.0,,8.0,10.0,水沢,C2五組,1:30.2,1.0,曇,3.0,4.0,盛岡,C2七組,1:15.1,0.8,雨,3.0,4.0,盛岡,C2八組,1:15.5,1.1,晴,3.0,6.0,盛岡,C2九組,1:14.5,2.3,曇,7.0,7.0,盛岡,C2七組,1:16.3,2.0,曇,28.6,6.0,,nar,2026-09-28,57.45,68.5,60.4,59.3,26.0,60.9,50.0,市場オッズ妙味
202665092806,2026-09-28,6,キタサカエシンバ,8.0,8.0,今井千尋,620.0,,,,,,,,,,,,,,,,,,,,,,,,,,,,,,,,,,,,,,,,nar,2026-09-28,36.0,35.0,35.0,35.0,35.0,35.0,45.0,履歴少
202665092806,2026-09-28,6,キタノレンザン,2.0,2.0,中原蓮,630.0,,,,,,,,,,,,,,,,,,,,,,,,,,,,,,,,,,,,,,,,nar,2026-09-28,36.18,35.0,35.0,35.0,35.0,35.0,46.8,履歴少
202665092806,2026-09-28,6,ゲキリンドトウ,4.0,4.0,菅原響希,600.0,,,,,,,,,,,,,,,,,,,,,,,,,,,,,,,,,,,,,,,,nar,2026-09-28,36.18,35.0,35.0,35.0,35.0,35.0,46.8,履歴少
202636092806,2026-09-28,6,コウノノシラトリ,4.0,4.0,山本政聡,56.0,,3.0,6.0,水沢,C2七組,1:24.2,0.5,曇,8.0,6.0,水沢,C2六組,1:30.4,1.6,小雨,6.0,9.0,水沢,C2五組,1:25.2,0.6,曇,3.0,7.0,水沢,C2五組,1:25.0,1.6,晴,8.0,6.0,盛岡,C2四組,1:15.4,1.0,晴,11.8,5.0,,nar,2026-09-28,60.44,65.2,59.7,45.0,69.5,64.4,51.2,水沢実績 / 前走人気以上 / 履歴少 / 近走上向き
202643092806,2026-09-28,6,コパノミラノ,5.0,4.0,篠谷葵,56.0,,8.0,8.0,2新潟5,3歳未勝利,1:57.2,1.9,晴,4.0,7.0,2福島7,3歳未勝利,1:47.3,0.3,曇,6.0,6.0,2福島1,3歳未勝利,1:47.1,0.7,晴,5.0,10.0,2東京1,3歳未勝利,1:26.3,0.7,曇,7.0,8.0,3中山3,3歳未勝利,1:55.7,1.8,雨,2.5,2.0,,nar,2026-09-28,53.48,59.5,61.1,39.5,35.0,58.8,50.0,前走人気以上
202646092806,2026-09-28,6,サイモンサザン,7.0,7.0,服部大地,57.0,,8.0,11.0,金沢,酒井敏希爆裂誕生記念(3歳9),1:36.5,4.3,雨,8.0,9.0,金沢,りょうあすWeddi(3歳),1:46.3,7.1,晴,9.0,9.0,金沢,3歳B 6,1:44.8,6.6,晴,9.0,10.0,金沢,3歳B 6,1:44.4,3.4,晴,7.0,8.0,金沢,3歳B 7,1:44.4,3.0,晴,244.2,9.0,,nar,2026-09-28,44.48,42.1,59.9,0.0,51.5,55.5,43.8,前走人気以上 / 履歴少
202646092806,2026-09-28,6,シャドウクライ,4.0,4.0,甲賀弘隆,55.0,,4.0,2.0,金沢,3歳B 3特編(3歳3),1:39.7,0.9,雨,2.0,2.0,金沢,3歳B 9,1:33.6,1.6,晴,12.0,10.0,2小倉6,3歳未勝利,1:50.3,3.0,晴,14.0,9.0,2小倉1,3歳未勝利,1:47.5,3.0,曇,7.0,10.0,2阪神3,3歳未勝利,1:56.5,2.3,小雨,2.9,1.0,,nar,2026-09-28,53.69,53.8,40.0,55.3,78.5,50.6,58.8,金沢実績 / 近走上向き
202646092806,2026-09-28,6,スーザンバローズ,9.0,8.0,加藤翔馬,55.0,,4.0,3.0,金沢,おまおじ35歳生誕杯(3歳8),1:35.2,1.7,雨,5.0,7.0,金沢,3歳B 9,1:34.4,2.4,晴,7.0,8.0,金沢,3歳B 8,1:35.6,2.6,晴,8.0,3.0,金沢,3歳B 7,1:37.3,2.4,晴,4.0,4.0,金沢,海月雲ろあ1周年記念(3歳),1:43.1,1.8,晴,22.5,6.0,,nar,2026-09-28,57.73,64.6,47.6,65.7,62.0,54.3,52.9,金沢実績 / 履歴少 / 安定感 / 市場オッズ妙味
202665092806,2026-09-28,6,ソウゾウノツバサ,1.0,1.0,西将太,630.0,,,,,,,,,,,,,,,,,,,,,,,,,,,,,,,,,,,,,,,,nar,2026-09-28,36.0,35.0,35.0,35.0,35.0,35.0,45.0,履歴少
202643092806,2026-09-28,6,ツインドライヴ,7.0,5.0,Ｆ．ゴン,56.0,,10.0,4.0,2新潟4,3歳未勝利,1:56.8,2.9,曇,5.0,5.0,3東京3,3歳未勝利,1:38.3,1.1,晴,4.0,4.0,1新潟7,3歳未勝利,1:55.6,2.2,晴,3.0,3.0,2東京3,3歳未勝利,1:37.4,1.1,晴,7.0,3.0,1東京6,3歳未勝利,2:16.3,1.7,晴,2.4,1.0,,nar,2026-09-28,45.33,58.1,34.3,59.3,18.5,47.2,48.8,履歴少
202636092806,2026-09-28,6,ツインビスケッツ,6.0,6.0,高松亮,54.0,,2.0,2.0,水沢,C2七組,1:22.8,0.4,小雨,4.0,12.0,船橋,夏の大三角賞(C1),1:57.9,1.0,晴,8.0,9.0,船橋,40周年ありがとう株(C1),1:45.7,1.9,曇,5.0,11.0,川崎,姫百合賞(C1),1:32.5,1.1,晴,9.0,10.0,船橋,トルコキキョウ特別(B3),1:46.9,2.7,小雨,2.0,1.0,,nar,2026-09-28,68.09,69.2,72.2,69.9,77.0,63.4,48.8,履歴少 / 人気以上に走る傾向 / 近走上向き / 安定感
202665092806,2026-09-28,6,ツガルミサキ,6.0,6.0,吉田理人,620.0,,,,,,,,,,,,,,,,,,,,,,,,,,,,,,,,,,,,,,,,nar,2026-09-28,36.0,35.0,35.0,35.0,35.0,35.0,45.0,履歴少
202665092806,2026-09-28,6,テツジ,5.0,5.0,金田利貴,630.0,,,,,,,,,,,,,,,,,,,,,,,,,,,,,,,,,,,,,,,,nar,2026-09-28,36.18,35.0,35.0,35.0,35.0,35.0,46.8,履歴少
202646092806,2026-09-28,6,デアトゥバトル,5.0,5.0,松戸政也,57.0,,10.0,11.0,金沢,3歳B 4,1:35.5,4.8,雨,4.0,6.0,金沢,りょうあすWeddi(3歳),1:41.8,2.6,晴,4.0,5.0,金沢,有鐘絶望ちゃんデビュ(3歳),1:42.6,2.6,晴,5.0,7.0,金沢,3歳B 8,1:35.8,3.5,晴,5.0,5.0,金沢,海月雲ろあ1周年記念(3歳),1:44.0,2.7,晴,122.8,7.0,,nar,2026-09-28,54.85,59.4,59.0,69.6,17.0,57.4,56.2,金沢実績 / 履歴少 / 安定感
202636092806,2026-09-28,6,ドナアフロディテ,2.0,2.0,山本聡哉,54.0,,2.0,1.0,水沢,C2七組,1:23.8,0.1,曇,8.0,8.0,盛岡,ハヤテ特別(OP),1:13.1,2.1,曇,8.0,9.0,金沢,能登復興祈念百万石か(重賞),1:32.0,1.3,曇,6.0,8.0,金沢,加賀友禅賞【読売レデ(重賞),1:38.7,1.8,曇,7.0,6.0,金沢,お家でネット投票!楽(A2),1:34.0,1.2,雨,4.3,2.0,,nar,2026-09-28,55.77,61.8,50.6,30.4,81.5,55.3,51.8,クラス条件好転 / 履歴少 / 近走上向き
202643092806,2026-09-28,6,ナフセッド,13.0,8.0,川島正太,56.0,,4.0,6.0,浦和,秋の空特別(3歳),2:12.4,2.2,雨,5.0,9.0,船橋,灯籠賞(3歳),1:38.5,0.9,晴,5.0,8.0,船橋,西瓜特別(3歳),1:38.3,0.9,曇,6.0,2.0,船橋,3歳 418〜,1:39.6,1.9,晴,1.0,1.0,船橋,3歳 214P,1:40.3,-0.8,雨,15.6,5.0,,nar,2026-09-28,66.09,72.6,61.3,85.4,51.5,64.9,55.3,船橋実績 / 履歴少 / 安定感 / 市場オッズ妙味
202646092806,2026-09-28,6,ナマラメンコイ,1.0,1.0,浅野登生,52.0,,9.0,10.0,金沢,3歳B 5,1:41.5,3.1,雨,6.0,8.0,金沢,3歳B 6,1:34.3,3.0,晴,3.0,7.0,金沢,有鐘絶望ちゃんデビュ(3歳),1:42.0,2.0,晴,6.0,7.0,金沢,3歳B 7,1:43.5,2.1,晴,5.0,7.0,金沢,3歳B 6,1:43.8,1.2,晴,152.9,8.0,,nar,2026-09-28,51.55,58.3,63.6,30.1,26.0,59.1,49.6,履歴少
202643092806,2026-09-28,6,バブリーヒーロー,4.0,4.0,秋元耕成,54.0,,8.0,8.0,川崎,セプテンバーフラワー(3歳C1),1:50.3,5.4,曇,10.0,9.0,船橋,アレキサンドライトカ(OP)(3歳),1:56.1,4.6,曇,10.0,13.0,船橋,西瓜特別(3歳),1:39.6,2.2,曇,5.0,10.0,浦和,浦和競馬公式ファンク(3歳),1:37.9,1.5,晴,8.0,5.0,船橋,3歳 418〜,1:39.9,2.2,晴,82.0,11.0,,nar,2026-09-28,44.84,40.4,55.3,14.6,51.5,53.5,48.3,クラス条件好転 / 前走人気以上
202646092806,2026-09-28,6,パープルウインド,6.0,6.0,鈴木太一,55.0,,2.0,2.0,金沢,3歳B 8,1:41.2,0.1,晴,4.0,2.0,金沢,3歳B 8,1:34.1,1.1,晴,8.0,17.0,2小倉3,3歳未勝利,1:10.1,0.8,雨,9.0,16.0,3京都7,3歳未勝利,1:21.8,0.9,晴,16.0,14.0,1小倉7,3歳未勝利,1:51.1,3.1,晴,3.0,2.0,,nar,2026-09-28,64.81,60.9,64.7,55.3,93.5,62.5,56.4,金沢実績 / 前走人気以上 / 近走上向き
202646092806,2026-09-28,6,ファイネクローネ,8.0,8.0,栗原大河,55.0,,14.0,8.0,1函館1,3歳未勝利,1:52.8,7.4,雨,11.0,4.0,2阪神1,3歳未勝利,1:35.2,1.2,晴,9.0,13.0,1阪神1,3歳未勝利,1:34.9,0.7,晴,5.0,12.0,3京都3,2歳新馬,1:21.5,1.3,曇,,,,,,,,3.3,3.0,,nar,2026-09-28,31.09,24.6,36.3,14.6,16.0,49.7,48.8,履歴少
202636092806,2026-09-28,6,フィルモアテソーロ,5.0,5.0,関本玲花,54.0,,8.0,9.0,水沢,C2六組,1:25.3,3.0,晴,6.0,6.0,水沢,C2五組,1:30.1,0.9,曇,5.0,6.0,水沢,C2五組,1:23.1,1.6,雨,11.0,12.0,盛岡,B1,1:14.2,1.9,曇,10.0,9.0,盛岡,いわて北緯40度八幡(B1),1:43.6,3.2,晴,36.0,7.0,,nar,2026-09-28,47.03,47.6,53.8,19.8,50.0,54.1,48.5,履歴少 / 市場オッズ妙味
202646092806,2026-09-28,6,ヘリオドール,2.0,2.0,吉田晃浩,55.0,,7.0,8.0,金沢,3歳B 3特編(3歳3),1:41.3,2.5,雨,5.0,4.0,金沢,りょうあすWeddi(3歳),1:41.9,2.7,晴,3.0,3.0,金沢,3歳B 8,1:33.6,0.6,晴,4.0,2.0,金沢,3歳B 9,1:42.7,1.6,晴,12.0,15.0,1函館8,3歳未勝利,1:09.7,0.9,曇,8.1,4.0,,nar,2026-09-28,55.52,61.7,50.5,59.3,44.0,59.6,54.0,金沢実績 / 前走人気以上
202646092806,2026-09-28,6,ホウオウミステリー,3.0,3.0,青柳正義,55.0,,7.0,6.0,金沢,3歳B 4,1:34.3,3.6,雨,9.0,5.0,金沢,3歳B 6,1:35.2,3.9,晴,5.0,4.0,金沢,3歳B 6,1:41.8,3.6,晴,2.0,1.0,金沢,3歳B 9,1:41.8,0.7,晴,13.0,13.0,2福島3,3歳未勝利,1:09.9,1.6,曇,13.2,5.0,,nar,2026-09-28,46.78,52.0,38.5,34.3,51.5,53.7,51.5,金沢実績 / 市場オッズ妙味
202665092806,2026-09-28,6,ホンマル,3.0,3.0,西謙一,630.0,,,,,,,,,,,,,,,,,,,,,,,,,,,,,,,,,,,,,,,,nar,2026-09-28,36.0,35.0,35.0,35.0,35.0,35.0,45.0,履歴少
202643092806,2026-09-28,6,ボーゲンモーント,8.0,6.0,山口達弥,56.0,,7.0,12.0,船橋,灯籠賞(3歳),1:38.9,1.3,晴,12.0,11.0,船橋,西瓜特別(3歳),1:40.7,3.3,曇,8.0,10.0,船橋,3歳二 三,1:40.3,1.6,晴,7.0,6.0,船橋,ベストビット特別(3歳未格),1:47.4,1.7,晴,9.0,9.0,船橋,如月賞(3歳),1:40.6,2.3,晴,74.2,10.0,,nar,2026-09-28,45.04,38.8,60.6,0.0,62.0,54.2,46.0,クラス条件好転 / 前走人気以上 / 履歴少
202636092806,2026-09-28,6,マイネルヒッツェ,3.0,3.0,坂井瑛音,55.0,,7.0,6.0,水沢,C2六組,1:25.0,2.7,晴,7.0,9.0,水沢,C2五組,1:30.1,0.9,曇,6.0,7.0,水沢,C2五組,1:23.8,2.3,雨,11.0,10.0,盛岡,リギル賞(C1),1:28.4,2.0,曇,9.0,10.0,盛岡,C1三組,1:27.4,1.3,晴,55.1,8.0,,nar,2026-09-28,44.5,47.3,52.4,0.0,57.5,52.9,43.8,履歴少
202643092806,2026-09-28,6,マオノハイジ,1.0,1.0,山本大翔,52.0,,10.0,11.0,船橋,灯籠賞(3歳),1:39.6,2.0,晴,2.0,6.0,船橋,3歳 331P,1:39.2,0.6,晴,6.0,8.0,船橋,3歳四,1:17.1,1.2,曇,6.0,11.0,船橋,3歳五,1:17.4,1.5,曇,9.0,6.0,船橋,HEARTBEATD(3歳),1:18.4,1.3,晴,84.9,12.0,,nar,2026-09-28,49.91,55.8,64.8,24.9,24.5,58.5,46.3,履歴少
202665092806,2026-09-28,6,ミスキャップ,9.0,8.0,赤塚健仁,610.0,,,,,,,,,,,,,,,,,,,,,,,,,,,,,,,,,,,,,,,,nar,2026-09-28,36.0,35.0,35.0,35.0,35.0,35.0,45.0,履歴少
202643092806,2026-09-28,6,ラジスタンロイヤル,6.0,5.0,岡村健司,56.0,,5.0,8.0,浦和,秋の空特別(3歳),2:12.6,2.4,雨,9.0,9.0,船橋,ナティブーツ特別(3歳C1),1:45.6,3.0,晴,6.0,11.0,浦和,ツインベスト特別(3歳),1:29.8,0.9,曇,5.0,9.0,川崎,燕賞(3歳),1:33.5,2.6,晴,8.0,7.0,船橋,3歳三,1:18.4,2.9,曇,96.9,13.0,,nar,2026-09-28,57.65,56.0,66.7,45.0,62.0,60.6,46.5,前走人気以上 / 人気以上に走る傾向
202643092806,2026-09-28,6,リプサリス,2.0,2.0,小杉亮,56.0,,13.0,13.0,船橋,灯籠賞(3歳),1:40.3,2.7,晴,13.0,12.0,船橋,西瓜特別(3歳),1:41.5,4.1,曇,,,浦和,サマーライジングオー(OP)(3歳),,,晴,2.0,3.0,船橋,3歳 303.,1:39.8,0.0,曇,7.0,7.0,船橋,3歳 447〜,1:39.6,0.9,晴,64.8,8.0,,nar,2026-09-28,34.92,26.2,49.1,14.6,16.0,50.9,50.1,クラス条件好転 / 履歴少
202643092806,2026-09-28,6,レオソルジャー,12.0,8.0,仲野光馬,56.0,,6.0,7.0,船橋,灯籠賞(3歳),1:38.8,1.2,晴,6.0,4.0,船橋,西瓜特別(3歳),1:38.4,1.0,曇,1.0,2.0,船橋,3歳 303.,1:39.8,0.0,曇,3.0,2.0,船橋,3歳 214P,1:41.4,1.1,雨,2.0,4.0,船橋,3歳六,1:17.0,1.6,曇,22.6,6.0,,nar,2026-09-28,55.79,74.7,50.4,44.7,32.0,56.9,55.9,船橋実績 / クラス条件好転 / 履歴少 / 市場オッズ妙味
202636092806,2026-09-28,6,ロッキータイタン,7.0,7.0,阿部英俊,56.0,,2.0,3.0,水沢,C2八組,1:23.2,1.6,小雨,3.0,7.0,水沢,C2八組,1:24.1,0.3,晴,3.0,6.0,盛岡,C2四組,1:28.4,1.3,曇,6.0,11.0,盛岡,C2四組,1:14.4,1.2,曇,9.0,8.0,盛岡,C2四組,1:17.4,4.4,晴,6.2,4.0,,nar,2026-09-28,70.54,78.0,67.6,75.1,69.5,65.6,59.5,水沢実績 / 履歴少 / 人気以上に走る傾向 / 近走上向き
202643092807,2026-09-28,7,アルムマッツ,3.0,3.0,沖響主,53.0,,5.0,9.0,船橋,馬い!岩手八幡平バイ(C2),1:17.2,1.3,雨,7.0,6.0,船橋,蝉しぐれスプリント(C2),1:17.3,2.2,曇,6.0,6.0,船橋,C1四 五,1:17.8,1.7,曇,10.0,9.0,船橋,船橋酒場青空13周年(C1),1:16.9,1.5,晴,7.0,9.0,船橋,馬い!熊本不知火オレ(C1),1:17.2,1.2,曇,46.4,9.0,,nar,2026-09-28,53.21,54.9,57.2,30.4,65.0,57.3,46.3,前走人気以上 / 履歴少 / 近走上向き / 市場オッズ妙味
202646092807,2026-09-28,7,アンザンタカヒロ,9.0,8.0,鈴木太一,57.0,,7.0,8.0,金沢,C25,1:43.2,2.9,曇,5.0,7.0,金沢,鳩村月麦3歳のお誕生(C2),1:43.3,2.7,晴,5.0,8.0,金沢,C29,1:43.3,3.1,曇,6.0,8.0,金沢,かつののみや杯(C2),1:44.4,2.6,曇,10.0,10.0,金沢,第1回えみこた日和記(C2特別),1:38.2,2.4,晴,112.4,8.0,,nar,2026-09-28,55.21,57.8,61.8,44.7,47.0,58.7,49.6,履歴少
202665092807,2026-09-28,7,イナノミツヒメ,1.0,1.0,中山直樹,640.0,,,,,,,,,,,,,,,,,,,,,,,,,,,,,,,,,,,,,,,,nar,2026-09-28,36.0,35.0,35.0,35.0,35.0,35.0,45.0,履歴少
202636092807,2026-09-28,7,ウィズホープ,6.0,6.0,塚本涼人,54.0,,5.0,9.0,水沢,C2五組,1:24.4,1.0,晴,10.0,7.0,水沢,C2四組,1:31.0,4.0,晴,10.0,6.0,盛岡,大船渡市観光物産協会(C1),1:27.9,1.1,曇,7.0,9.0,盛岡,C1四組,1:27.5,1.0,曇,2.0,9.0,盛岡,C1五組,1:27.4,0.1,晴,60.3,7.0,,nar,2026-09-28,52.91,50.3,54.9,40.7,63.5,57.4,51.2,水沢実績 / 前走人気以上 / 履歴少
202665092807,2026-09-28,7,カブトファイター,5.0,5.0,船山蔵人,640.0,,,,,,,,,,,,,,,,,,,,,,,,,,,,,,,,,,,,,,,,nar,2026-09-28,36.0,35.0,35.0,35.0,35.0,35.0,45.0,履歴少
202643092807,2026-09-28,7,キャッスルシャイン,7.0,6.0,小杉亮,54.0,,8.0,6.0,船橋,C1四 五六 イ(C1五),1:16.8,1.7,晴,1.0,5.0,船橋,C1四 五,1:16.1,-0.3,曇,2.0,10.0,船橋,ふたご座スプリント(C2),1:15.8,0.1,雨,5.0,8.0,川崎,C2一 二,1:32.7,1.5,晴,9.0,9.0,船橋,馬い!淡路むらっち玉(C2),1:17.5,1.5,晴,18.4,6.0,,nar,2026-09-28,61.11,70.1,66.9,59.3,27.5,70.7,51.2,船橋実績 / 履歴少 / 人気以上に走る傾向 / 過小評価傾向
202646092807,2026-09-28,7,キヨスミ,5.0,5.0,魚住謙心,55.0,,7.0,8.0,金沢,おまおじ35歳生誕杯(3歳8),1:36.3,2.8,雨,10.0,7.0,金沢,3歳B 6,1:35.3,4.0,晴,5.0,8.0,金沢,3歳B 5,1:42.9,1.0,曇,7.0,9.0,金沢,3歳B 6,1:43.3,2.3,晴,9.0,8.0,金沢,しーあきちゃん結婚お(3歳),1:36.8,2.8,晴,126.7,9.0,,nar,2026-09-28,46.81,47.5,52.4,19.8,54.5,52.9,46.3,履歴少
202665092807,2026-09-28,7,コトブキ,4.0,4.0,菊池一樹,640.0,,,,,,,,,,,,,,,,,,,,,,,,,,,,,,,,,,,,,,,,nar,2026-09-28,36.0,35.0,35.0,35.0,35.0,35.0,45.0,履歴少
202636092807,2026-09-28,7,ゴールドオリス,7.0,7.0,阿部英俊,56.0,,3.0,5.0,水沢,C2五組,1:23.8,0.4,晴,2.0,2.0,水沢,C2六組,1:28.9,0.4,曇,3.0,7.0,水沢,C2七組,1:22.8,1.1,雨,6.0,7.0,盛岡,C1二組,1:40.3,1.6,曇,6.0,8.0,盛岡,C1二組,1:40.3,0.8,曇,14.6,4.0,,nar,2026-09-28,68.62,80.0,62.3,75.1,57.5,67.3,59.5,水沢実績 / 履歴少 / 安定感 / 過小評価傾向
202665092807,2026-09-28,7,ゴールドキング,7.0,7.0,島津新,640.0,,,,,,,,,,,,,,,,,,,,,,,,,,,,,,,,,,,,,,,,nar,2026-09-28,36.0,35.0,35.0,35.0,35.0,35.0,45.0,履歴少
202646092807,2026-09-28,7,シシリアンキッス,3.0,3.0,兼子千央,55.0,,9.0,6.0,金沢,酒井敏希爆裂誕生記念(3歳9),1:37.1,4.9,雨,11.0,11.0,金沢,3歳B 6,1:35.4,4.1,晴,9.0,4.0,金沢,3歳B 5,1:44.8,2.9,曇,6.0,5.0,金沢,3歳B 6,1:43.0,2.0,晴,4.0,5.0,金沢,しーあきちゃん結婚お(3歳),1:35.0,1.0,晴,78.4,7.0,,nar,2026-09-28,37.03,39.6,36.4,10.3,41.0,45.7,46.3,履歴少
202665092807,2026-09-28,7,シュゲンドウ,9.0,8.0,長澤幸太,640.0,,,,,,,,,,,,,,,,,,,,,,,,,,,,,,,,,,,,,,,,nar,2026-09-28,36.0,35.0,35.0,35.0,35.0,35.0,45.0,履歴少
202665092807,2026-09-28,7,ジャックポット,6.0,6.0,金田利貴,640.0,,,,,,,,,,,,,,,,,,,,,,,,,,,,,,,,,,,,,,,,nar,2026-09-28,36.0,35.0,35.0,35.0,35.0,35.0,45.0,履歴少
202636092807,2026-09-28,7,ジョードプル,8.0,8.0,小林凌,56.0,,9.0,10.0,水沢,C2五組,1:25.5,2.1,晴,9.0,12.0,水沢,C2四組,1:31.0,4.0,晴,10.0,7.0,盛岡,C2六組,1:15.5,2.6,雨,2.0,6.0,盛岡,C2七組,1:14.6,0.8,曇,5.0,6.0,盛岡,C2七組,1:15.3,1.0,曇,220.6,8.0,,nar,2026-09-28,46.39,45.9,58.0,24.9,35.0,55.5,46.5,前走人気以上
202665092807,2026-09-28,7,スナノブルボン,8.0,7.0,中村太陽,640.0,,,,,,,,,,,,,,,,,,,,,,,,,,,,,,,,,,,,,,,,nar,2026-09-28,36.0,35.0,35.0,35.0,35.0,35.0,45.0,履歴少
202646092807,2026-09-28,7,セランディア,6.0,6.0,田知弘久,55.0,,7.0,6.0,金沢,菊池君結婚式おめでと(3歳2),1:40.9,2.8,雨,3.0,3.0,金沢,りょうあすWeddi(3歳),1:41.4,2.2,晴,2.0,4.0,金沢,3歳B 8,1:33.2,0.2,晴,17.0,5.0,2新潟1,3歳未勝利,0:57.3,2.0,曇,14.0,16.0,2東京12,3歳未勝利,1:28.6,2.6,曇,7.2,4.0,,nar,2026-09-28,50.49,54.9,39.8,44.7,62.0,52.6,54.0,金沢実績 / 履歴少
202646092807,2026-09-28,7,ダイヒョウカーク,1.0,1.0,栗原大河,57.0,,10.0,10.0,3新潟3,3歳未勝利,1:57.8,2.9,小雨,5.0,14.0,2新潟3,3歳未勝利,1:57.6,1.2,曇,5.0,4.0,金沢,加賀片山津賞(3歳),1:39.1,1.2,晴,10.0,10.0,2東京8,3歳未勝利,1:28.6,2.4,晴,,,,,,,,5.6,3.0,,nar,2026-09-28,51.62,47.9,66.0,44.7,30.0,60.9,48.8,履歴少 / 人気以上に走る傾向
202643092807,2026-09-28,7,ダブルシルバー,10.0,7.0,山中悠希,56.0,,12.0,9.0,船橋,馬い!お米は魚沼でん(C1五),1:40.0,4.7,晴,9.0,10.0,船橋,C1四 五六 イ(C1五),1:17.2,2.1,晴,11.0,4.0,金沢,石川の酪農応援賞(B2),1:47.9,6.3,雨,3.0,3.0,金沢,Day1誕生日記念(C2),1:36.9,1.0,曇,14.0,12.0,2札幌3,3歳未勝利,1:33.7,2.9,小雨,80.6,11.0,,nar,2026-09-28,32.56,28.8,34.2,14.6,33.5,43.8,43.8,履歴少
202665092807,2026-09-28,7,チャンピオンプレス,2.0,2.0,阿部武臣,640.0,,,,,,,,,,,,,,,,,,,,,,,,,,,,,,,,,,,,,,,,nar,2026-09-28,36.0,35.0,35.0,35.0,35.0,35.0,45.0,履歴少
202643092807,2026-09-28,7,チンプンカンプン,1.0,1.0,山本大翔,54.0,,7.0,12.0,川崎,尾花賞(C1),1:33.6,0.6,雨,9.0,10.0,船橋,C1四 五六 ウ(C1五),1:16.8,1.8,晴,9.0,9.0,船橋,C1四 五六 ア(C1五),1:40.5,2.6,曇,5.0,10.0,浦和,蟹座特別(C1C2),1:29.1,1.4,雨,4.0,7.0,船橋,7月5日は、江戸切子(C1),1:03.5,1.2,曇,116.7,12.0,,nar,2026-09-28,52.91,49.7,69.7,24.9,48.5,60.7,49.8,前走人気以上 / 人気以上に走る傾向
202643092807,2026-09-28,7,テンタイカンソク,6.0,5.0,和田譲治,54.0,,2.0,3.0,船橋,ユウゼンギクスプリン(C2),1:15.9,0.7,晴,3.0,3.0,船橋,C1四 五,1:16.6,0.5,曇,4.0,1.0,船橋,C1五 六,1:16.6,0.8,晴,3.0,1.0,船橋,馬い!淡路むらっち玉(C2),1:16.9,0.9,晴,1.0,1.0,船橋,3歳二,1:14.8,-0.7,晴,2.8,1.0,,nar,2026-09-28,66.98,86.5,45.9,100.0,54.5,51.8,59.5,船橋実績 / 履歴少 / 安定感
202646092807,2026-09-28,7,ナックレジーナ,7.0,7.0,加藤翔馬,55.0,,2.0,4.0,金沢,3歳B 5,1:39.0,0.6,雨,3.0,3.0,金沢,3歳B 9,1:33.8,1.8,晴,12.0,10.0,2新潟1,3歳未勝利,2:01.3,4.3,曇,11.0,8.0,2福島4,3歳未勝利,1:51.1,3.8,晴,,,,,,,,2.4,1.0,,nar,2026-09-28,58.76,60.4,48.2,55.3,90.0,51.3,56.4,金沢実績 / 近走上向き
202636092807,2026-09-28,7,ハニービート,1.0,1.0,岩本怜,54.0,,4.0,3.0,水沢,C2六組,1:23.3,1.0,晴,4.0,4.0,水沢,C2六組,1:21.9,0.7,雨,8.0,7.0,盛岡,C1,1:14.2,1.3,曇,5.0,6.0,盛岡,B2,1:13.5,1.1,曇,10.0,7.0,盛岡,B2,1:00.1,1.0,雨,22.5,5.0,,nar,2026-09-28,58.51,63.6,45.3,69.9,66.5,53.7,59.5,水沢実績 / 履歴少 / 近走上向き / 安定感
202636092807,2026-09-28,7,ヒシタイカン,2.0,2.0,斉藤友香,52.0,,1.0,4.0,水沢,C2八組,1:23.8,-0.2,晴,7.0,7.0,水沢,C2九組,1:24.3,1.7,曇,8.0,7.0,盛岡,B1二組,1:40.7,2.8,曇,9.0,8.0,盛岡,B1,1:38.8,2.0,晴,6.0,7.0,盛岡,親子で学ぶ!味覚とテ(B1),1:40.7,1.7,小雨,12.5,3.0,,nar,2026-09-28,58.67,63.5,54.7,30.4,89.0,59.4,51.2,水沢実績 / 前走人気以上 / 履歴少 / 近走上向き
202646092807,2026-09-28,7,ピースネイル,8.0,8.0,松戸政也,57.0,,6.0,5.0,金沢,酒井敏希爆裂誕生記念(3歳9),1:35.6,3.4,雨,8.0,10.0,金沢,9月6日俺の誕生日っ(3歳),1:35.9,2.4,晴,8.0,7.0,金沢,3歳B 5,1:44.3,2.4,曇,10.0,9.0,金沢,能登復興支援狼煙賞(3歳),1:43.6,3.1,晴,6.0,8.0,金沢,3歳B 5,1:36.1,2.8,晴,52.5,6.0,,nar,2026-09-28,44.72,48.2,50.4,0.0,62.0,52.2,43.8,履歴少
202636092807,2026-09-28,7,フクノバルトラン,4.0,4.0,山本聡紀,56.0,,5.0,5.0,水沢,C2五組,1:29.5,0.3,曇,6.0,4.0,水沢,C2四組,1:29.5,2.5,晴,4.0,2.0,盛岡,C2五組,1:13.7,0.5,晴,2.0,3.0,盛岡,C2六組,1:14.0,0.9,曇,2.0,1.0,盛岡,C2七組,1:13.8,0.0,小雨,28.0,6.0,,nar,2026-09-28,57.74,73.6,44.0,75.1,41.0,53.7,51.2,水沢実績 / 履歴少 / 安定感 / 市場オッズ妙味
202643092807,2026-09-28,7,フレンドシルバー,12.0,8.0,藤本現暉,54.0,,5.0,9.0,船橋,C1四 五六 ウ(C1五),1:15.9,0.9,晴,7.0,8.0,船橋,馬い!卵はサンサンエ(C1五),1:17.6,1.1,曇,1.0,5.0,船橋,かんむり座スプリント(C2),1:15.7,-0.3,晴,8.0,8.0,川崎,C2一 二,1:33.5,1.8,晴,2.0,7.0,船橋,アマガエルスプリント(C2),1:16.7,1.0,雨,11.6,4.0,,nar,2026-09-28,64.23,69.3,69.4,60.5,47.0,69.5,55.3,船橋実績 / 前走人気以上 / 履歴少 / 人気以上に走る傾向
202643092807,2026-09-28,7,ブリックスラテ,4.0,4.0,笹川翼,56.0,,9.0,1.0,船橋,C1二 三四 ウ(C1三),1:18.1,2.8,晴,3.0,3.0,船橋,馬い!熊本菊池水田ご(C1),1:15.8,0.1,晴,1.0,2.0,船橋,一念通天スプリント(C2),1:16.2,-0.2,晴,4.0,1.0,門別,門別軽種馬生産振興会(C2),1:15.2,0.3,晴,1.0,1.0,門別,JBCデーはSPAT(C3),1:14.6,-1.1,晴,3.7,2.0,,nar,2026-09-28,49.73,73.1,31.3,69.6,9.5,49.1,54.0,船橋実績 / 履歴少 / 安定感
202643092807,2026-09-28,7,マイビリーブ,5.0,5.0,本田正重,53.0,,5.0,3.0,船橋,入道雲特別(3歳),1:16.0,0.6,雨,2.0,4.0,船橋,ガーベラスプリント(3歳),1:15.2,0.4,晴,5.0,4.0,船橋,3歳三,1:17.4,1.9,曇,1.0,4.0,船橋,3歳六,1:17.6,-0.4,晴,5.0,6.0,船橋,3歳七,1:19.0,2.0,曇,12.6,5.0,,nar,2026-09-28,65.89,78.7,51.6,100.0,39.5,62.7,59.5,船橋実績 / 履歴少 / 安定感 / 市場オッズ妙味
202643092807,2026-09-28,7,マサノヒーロー,11.0,8.0,岡村健司,56.0,,7.0,8.0,船橋,C1四 五六 イ(C1五),1:16.2,0.7,晴,14.0,14.0,川崎,バーボン賞(C1二),1:41.3,4.0,晴,12.0,9.0,船橋,パキラ特別(C1二),1:48.2,4.4,晴,10.0,5.0,船橋,オータムスプリント(C1二),1:18.7,4.1,曇,12.0,2.0,船橋,北総スプリント(C1二),1:18.0,3.1,晴,50.8,10.0,,nar,2026-09-28,34.69,23.5,35.6,0.0,80.0,39.9,43.8,履歴少 / 近走上向き
202643092807,2026-09-28,7,マルヒロユートピア,2.0,2.0,仲野光馬,56.0,,10.0,9.0,船橋,馬い!野菜熊本肥後む(C1),1:16.7,1.9,晴,3.0,9.0,船橋,馬い!卵はサンサンエ(C1五),1:16.8,0.3,曇,8.0,7.0,船橋,C1二 三,1:16.8,1.9,曇,7.0,11.0,船橋,馬い!洲本農園新玉ね(C1),1:17.1,1.1,曇,8.0,11.0,船橋,端午の節句スプリント(C1),1:16.4,1.7,晴,45.7,8.0,,nar,2026-09-28,49.01,50.3,63.2,24.9,29.0,61.9,46.3,履歴少 / 市場オッズ妙味
202636092807,2026-09-28,7,ミキノカラクリバコ,5.0,5.0,高橋悠里,56.0,,2.0,4.0,水沢,C2六組,1:22.6,0.3,晴,5.0,3.0,水沢,C2六組,1:22.2,1.0,雨,2.0,3.0,盛岡,C2三組,1:27.2,0.9,曇,11.0,13.0,大井,C211 1213(C212),1:15.5,1.1,晴,5.0,6.0,大井,C2十 1112(C211),1:30.0,1.7,晴,4.8,2.0,,nar,2026-09-28,66.82,73.0,54.9,85.4,72.5,59.3,59.5,水沢実績 / 履歴少 / 近走上向き / 安定感
202643092807,2026-09-28,7,メイショウカンムリ,9.0,7.0,菅原吏久,53.0,,10.0,7.0,船橋,カンナダッシュ(C1),1:03.0,1.2,曇,6.0,5.0,浦和,宮沢湖特別(C1),1:36.6,2.2,雨,7.0,5.0,船橋,船橋酒場青空13周年(C1),1:16.2,0.8,晴,2.0,3.0,浦和,うどんとこいのぼりの(C1),1:30.6,0.3,曇,6.0,4.0,船橋,C1四 五,1:39.7,1.9,曇,19.4,7.0,,nar,2026-09-28,40.8,53.4,38.7,14.6,21.5,54.6,46.0,クラス条件好転 / 履歴少 / 市場オッズ妙味
202665092807,2026-09-28,7,メトーフウマ,10.0,8.0,村上章,640.0,,,,,,,,,,,,,,,,,,,,,,,,,,,,,,,,,,,,,,,,nar,2026-09-28,36.0,35.0,35.0,35.0,35.0,35.0,45.0,履歴少
202646092807,2026-09-28,7,モロノディアマンテ,4.0,4.0,甲賀弘隆,57.0,,5.0,5.0,金沢,菊池君結婚式おめでと(3歳2),1:39.7,1.6,雨,5.0,6.0,金沢,3歳B 6,1:34.3,3.0,晴,4.0,5.0,金沢,3歳B 6,1:41.0,2.8,晴,2.0,6.0,金沢,3歳B 8,1:34.1,1.8,晴,16.0,15.0,2福島1,3歳未勝利,2:02.6,3.0,晴,8.6,5.0,,nar,2026-09-28,64.76,66.1,56.5,89.7,60.5,62.4,59.5,金沢実績 / 履歴少 / 安定感
202665092807,2026-09-28,7,ユウマイチバンボシ,3.0,3.0,西将太,640.0,,,,,,,,,,,,,,,,,,,,,,,,,,,,,,,,,,,,,,,,nar,2026-09-28,36.0,35.0,35.0,35.0,35.0,35.0,45.0,履歴少
202643092807,2026-09-28,7,リンガスロシェ,8.0,6.0,笠野雄大,56.0,,4.0,4.0,船橋,C1四 五六 ウ(C1五),1:15.8,0.8,晴,8.0,2.0,船橋,馬い!卵はサンサンエ(C1五),1:17.8,1.3,曇,5.0,1.0,船橋,7月5日は、江戸切子(C1),1:03.5,1.2,曇,1.0,1.0,船橋,馬い!サンサンエッグ(C1七),1:14.5,-0.7,晴,1.0,1.0,船橋,JBC船橋まで95日(C2),1:15.2,-0.1,晴,3.8,3.0,,nar,2026-09-28,55.77,72.4,34.0,75.1,48.5,49.2,56.2,船橋実績 / 履歴少 / 安定感
202646092807,2026-09-28,7,レディアグレッサー,2.0,2.0,柴田勇真,55.0,,3.0,4.0,金沢,3歳B 3特編(3歳3),1:39.4,0.6,雨,7.0,4.0,金沢,3歳B 6,1:34.4,3.1,晴,2.0,2.0,金沢,有鐘絶望ちゃんデビュ(3歳),1:41.3,1.3,晴,3.0,1.0,金沢,3歳B 8,1:34.7,2.4,晴,15.0,8.0,3阪神2,3歳未勝利,1:48.6,1.6,雨,2.9,2.0,,nar,2026-09-28,57.49,68.9,39.8,64.7,72.5,47.4,55.3,金沢実績 / 履歴少 / 近走上向き / 安定感
202636092807,2026-09-28,7,ロジマンボ,3.0,3.0,山本政聡,56.0,,2.0,3.0,水沢,C2五組,1:29.2,0.0,曇,10.0,8.0,盛岡,OROターフ特別(OP),1:39.3,2.2,曇,5.0,3.0,高知,C3ー7,1:51.7,5.1,晴,11.0,16.0,2東京12,IFHA杯むらさき賞(3勝クラス),1:45.5,0.6,晴,12.0,18.0,1中山8,初富士S(3勝クラス),1:59.7,0.5,曇,1.3,1.0,,nar,2026-09-28,58.47,52.5,55.3,50.2,95.0,56.3,51.8,クラス条件好転 / 近走上向き
202643092808,2026-09-28,8,アルファマドンナ,6.0,6.0,本橋孝太,54.0,,8.0,9.0,船橋,サルビア賞(C2),1:45.8,2.2,晴,3.0,7.0,船橋,C2二 三,1:38.9,0.6,曇,5.0,6.0,船橋,かに座特別(C2),1:45.9,0.8,曇,8.0,8.0,船橋,タマシギ特別(C2),1:46.1,1.9,晴,9.0,5.0,船橋,C2二 三四 ア(C2三),1:39.8,1.7,曇,13.0,6.0,,nar,2026-09-28,53.8,57.9,57.6,44.7,39.5,62.2,49.6,履歴少 / 市場オッズ妙味
202636092808,2026-09-28,8,エムティリラ,6.0,6.0,佐々木志,54.0,,8.0,2.0,水沢,C2二組,1:31.5,1.9,小雨,6.0,10.0,盛岡,C1,1:27.3,1.7,小雨,11.0,11.0,盛岡,C1二組,1:42.7,3.2,曇,10.0,8.0,浦和,朝顔特別(C3),1:31.3,1.7,雨,6.0,5.0,浦和,C2九,1:33.5,2.3,曇,7.1,3.0,,nar,2026-09-28,39.99,42.6,41.4,0.0,51.5,50.5,48.8,履歴少
202643092808,2026-09-28,8,オキサパンパ,1.0,1.0,Ｆ．ゴン,56.0,,7.0,8.0,船橋,サルビア賞(C2),1:45.8,2.2,晴,7.0,9.0,船橋,乗馬クラブクレイン千(C1二),1:44.6,2.2,曇,,,川崎,旗印賞(C1二),,,曇,5.0,3.0,船橋,木更津特別(C1二),1:44.0,1.3,晴,6.0,3.0,船橋,初夢特別(B3),1:43.6,0.5,晴,4.7,3.0,,nar,2026-09-28,47.29,55.9,51.8,14.6,44.0,53.3,47.1,履歴少
202643092808,2026-09-28,8,オランジー,8.0,8.0,庄司大輔,54.0,,10.0,11.0,船橋,2026Jockey(C2),2:00.9,2.2,曇,6.0,8.0,船橋,夏茜特別(C2),2:01.1,2.0,曇,7.0,9.0,浦和,夏木立特別(C2),1:37.8,2.1,雨,7.0,10.0,船橋,馬い!卵はサンサンエ(C1),1:39.5,1.3,曇,13.0,13.0,船橋,豊四季賞(C1),2:02.4,2.7,雨,42.5,8.0,,nar,2026-09-28,43.73,41.7,61.4,0.0,39.5,56.9,46.0,クラス条件好転 / 履歴少
202665092808,2026-09-28,8,カイウンセンショウ,8.0,7.0,中村太陽,540.0,,,,,,,,,,,,,,,,,,,,,,,,,,,,,,,,,,,,,,,,nar,2026-09-28,36.18,35.0,35.0,35.0,35.0,35.0,46.8,履歴少 / 前走人気以上
202636092808,2026-09-28,8,カリスティア,1.0,1.0,小林凌,54.0,,10.0,10.0,水沢,C2四組,1:26.5,4.4,晴,10.0,10.0,水沢,C2三組,1:31.9,3.8,小雨,8.0,11.0,水沢,C2三組,1:30.5,1.9,晴,7.0,5.0,盛岡,C2七組,1:16.0,1.7,雨,5.0,7.0,盛岡,C2七組,1:14.9,1.2,晴,85.4,7.0,,nar,2026-09-28,41.21,38.8,53.6,10.3,35.0,52.9,46.5,前走人気以上
202636092808,2026-09-28,8,カレンルシェルブル,8.0,8.0,菅原辰徳,56.0,,11.0,9.0,高知,C2ー4,1:32.9,3.3,曇,5.0,5.0,高知,C2ー4,1:49.2,1.3,晴,9.0,6.0,高知,C2ー4,1:33.4,1.9,晴,4.0,6.0,高知,C2ー5,1:32.4,0.7,晴,3.0,6.0,高知,C2ー7,1:46.7,0.7,曇,3.6,2.0,,nar,2026-09-28,45.14,49.9,45.8,49.8,15.5,53.3,48.8,履歴少
202665092808,2026-09-28,8,クリスタルソウル,5.0,5.0,西謙一,540.0,,,,,,,,,,,,,,,,,,,,,,,,,,,,,,,,,,,,,,,,nar,2026-09-28,36.0,35.0,35.0,35.0,35.0,35.0,45.0,履歴少
202646092808,2026-09-28,8,クロシオカレント,7.0,7.0,服部大地,57.0,,5.0,6.0,金沢,C25,1:42.8,2.5,曇,4.0,3.0,金沢,江川小林ウエディング(C2),1:36.0,1.9,晴,8.0,11.0,金沢,金沢競馬で目指せ初勝(C2),1:42.9,2.2,晴,7.0,5.0,金沢,C29,1:44.5,4.3,曇,4.0,5.0,金沢,かつののみや杯(C2),1:43.8,2.0,曇,29.2,6.0,,nar,2026-09-28,58.39,63.7,53.2,65.7,54.5,57.6,52.9,金沢実績 / 履歴少 / 安定感 / 市場オッズ妙味
202646092808,2026-09-28,8,グレイイメル,5.0,5.0,吉原寛人,57.0,,8.0,3.0,金沢,菊池君結婚式おめでと(3歳2),1:41.1,3.0,雨,4.0,2.0,金沢,3歳B 6,1:34.2,2.9,晴,2.0,3.0,金沢,3歳B 6,1:39.1,0.9,晴,15.0,10.0,2小倉6,3歳未勝利,2:03.3,3.5,晴,5.0,13.0,2小倉1,3歳未勝利,2:01.1,0.9,曇,1.8,1.0,,nar,2026-09-28,49.29,57.5,37.9,55.0,41.0,50.6,54.8,金沢実績 / 小倉実績
202636092808,2026-09-28,8,グレイスショコラ,2.0,2.0,岩本怜,54.0,,8.0,9.0,水沢,C2四組,1:24.9,2.8,晴,10.0,10.0,水沢,C2三組,1:30.9,2.3,晴,5.0,10.0,盛岡,C2三組,1:27.9,1.6,曇,4.0,5.0,盛岡,C2三組,1:28.2,2.7,曇,6.0,8.0,盛岡,C2二組,1:29.2,1.1,曇,59.1,6.0,,nar,2026-09-28,50.49,51.1,61.5,34.3,39.5,58.5,43.8,履歴少
202643092808,2026-09-28,8,ケイアイワカポノ,4.0,4.0,笹川翼,56.0,,5.0,2.0,船橋,ユウゼンギクスプリン(C2),1:16.6,1.4,晴,3.0,4.0,船橋,蝉しぐれスプリント(C2),1:15.5,0.4,曇,3.0,4.0,船橋,かんむり座スプリント(C2),1:16.1,0.4,晴,4.0,5.0,船橋,アマガエルスプリント(C2),1:16.8,1.1,雨,3.0,4.0,船橋,C2二 三四 イ(C2三),1:16.2,1.2,曇,4.0,2.0,,nar,2026-09-28,64.07,78.0,48.5,100.0,39.5,56.6,59.5,船橋実績 / 履歴少 / 安定感
202643092808,2026-09-28,8,セレブウマザンマイ,7.0,7.0,仲野光馬,54.0,,7.0,7.0,船橋,七福神特別(C2),1:46.3,2.4,曇,5.0,6.0,船橋,馬い!卵はサンサンエ(C1),1:39.3,1.1,曇,5.0,4.0,川崎,C2一 二,1:33.0,1.3,晴,2.0,6.0,川崎,錨草賞(C2),1:38.5,0.1,晴,3.0,6.0,船橋,馬い!八丈西浜レモン(C2),1:40.1,0.4,雨,20.0,7.0,,nar,2026-09-28,58.64,68.3,56.6,69.6,30.5,60.9,54.0,船橋実績 / 履歴少 / 安定感 / 市場オッズ妙味
202646092808,2026-09-28,8,チアフルマノン,2.0,2.0,田知弘久,55.0,,9.0,10.0,金沢,C25,1:43.5,3.2,曇,4.0,7.0,金沢,熊谷登まだまだ現役記(C2),1:35.8,0.6,晴,6.0,9.0,金沢,鳩村月麦3歳のお誕生(C2),1:43.6,3.0,晴,9.0,9.0,金沢,C29,1:45.3,5.1,曇,,,金沢,C211,,,曇,95.7,8.0,,nar,2026-09-28,49.7,52.4,62.8,24.9,34.0,58.3,47.1,履歴少
202665092808,2026-09-28,8,ツカサエンゼル,6.0,6.0,島津新,520.0,,,,,,,,,,,,,,,,,,,,,,,,,,,,,,,,,,,,,,,,nar,2026-09-28,36.0,35.0,35.0,35.0,35.0,35.0,45.0,履歴少
202665092808,2026-09-28,8,ツガルユリ,9.0,8.0,中原蓮,520.0,,,,,,,,,,,,,,,,,,,,,,,,,,,,,,,,,,,,,,,,nar,2026-09-28,36.0,35.0,35.0,35.0,35.0,35.0,45.0,履歴少
202665092808,2026-09-28,8,ドウナンテンセイ,3.0,3.0,金田利貴,540.0,,,,,,,,,,,,,,,,,,,,,,,,,,,,,,,,,,,,,,,,nar,2026-09-28,36.0,35.0,35.0,35.0,35.0,35.0,45.0,履歴少
202665092808,2026-09-28,8,ドウナンリュウホオ,4.0,4.0,阿部武臣,520.0,,,,,,,,,,,,,,,,,,,,,,,,,,,,,,,,,,,,,,,,nar,2026-09-28,36.0,35.0,35.0,35.0,35.0,35.0,45.0,履歴少
202636092808,2026-09-28,8,ドルチェヴィータ,7.0,7.0,関本玲花,52.0,,10.0,8.0,水沢,C2三組,1:33.9,4.4,晴,8.0,7.0,水沢,C2三組,1:31.2,3.1,小雨,10.0,11.0,水沢,C2二組,1:30.8,2.7,晴,9.0,7.0,盛岡,C2四組,1:29.5,2.4,曇,1.0,5.0,盛岡,C2七組,1:13.7,-0.2,晴,86.3,8.0,,nar,2026-09-28,39.33,40.6,46.2,10.3,32.0,50.9,46.5,総合評価
202665092808,2026-09-28,8,ニシオギオリジン,1.0,1.0,渡来心路,540.0,,,,,,,,,,,,,,,,,,,,,,,,,,,,,,,,,,,,,,,,nar,2026-09-28,36.0,35.0,35.0,35.0,35.0,35.0,45.0,履歴少
202665092808,2026-09-28,8,ハオリブル,7.0,7.0,鈴木恵介,520.0,,,,,,,,,,,,,,,,,,,,,,,,,,,,,,,,,,,,,,,,nar,2026-09-28,36.0,35.0,35.0,35.0,35.0,35.0,45.0,履歴少
202646092808,2026-09-28,8,ハクサンスオーノ,6.0,6.0,鈴木太一,57.0,,1.0,8.0,金沢,YJSトライアルラウ(3歳7),1:33.7,-0.1,雨,6.0,6.0,金沢,3歳B 9,1:35.5,3.5,晴,5.0,4.0,金沢,東西回胴連12周年記(3歳),1:36.1,3.5,晴,7.0,4.0,金沢,3歳B 9,1:44.8,3.7,晴,11.0,10.0,2福島2,3歳未勝利,1:11.1,2.5,晴,3.1,2.0,,nar,2026-09-28,62.99,68.4,59.7,50.2,87.5,56.1,51.2,金沢実績 / 前走人気以上 / 履歴少 / 近走上向き
202643092808,2026-09-28,8,ビップライアン,2.0,2.0,秋元耕成,56.0,,3.0,5.0,船橋,サルビア賞(C2),1:44.3,0.7,晴,3.0,3.0,船橋,七福神特別(C2),1:45.6,1.7,曇,4.0,1.0,浦和,小川町観光協会賞(C2),1:28.7,0.3,曇,3.0,2.0,船橋,アヤメスプリント(C2),1:16.7,0.4,曇,4.0,3.0,大井,C2七 八九(C2八),1:14.1,0.4,曇,4.7,4.0,,nar,2026-09-28,66.71,81.6,48.4,100.0,53.0,54.6,62.5,船橋実績 / クラス条件好転 / 履歴少 / 安定感
202665092808,2026-09-28,8,ホクセイワッショイ,2.0,2.0,阿部優哉,540.0,,,,,,,,,,,,,,,,,,,,,,,,,,,,,,,,,,,,,,,,nar,2026-09-28,36.0,35.0,35.0,35.0,35.0,35.0,45.0,履歴少
202646092808,2026-09-28,8,マイファイト,8.0,8.0,吉田晃浩,55.0,,11.0,8.0,金沢,酒井敏希爆裂誕生記念(3歳9),1:38.8,6.6,雨,7.0,9.0,金沢,9月6日俺の誕生日っ(3歳),1:35.8,2.3,晴,10.0,10.0,金沢,3歳B 4,1:44.9,3.8,曇,11.0,11.0,金沢,能登復興支援狼煙賞(3歳),1:43.6,3.1,晴,5.0,9.0,金沢,3歳B 5,1:36.1,2.8,晴,62.5,7.0,,nar,2026-09-28,38.95,34.5,50.0,10.3,33.5,52.9,46.3,履歴少
202646092808,2026-09-28,8,マハラージャ,1.0,1.0,沖静男,57.0,,9.0,8.0,船橋,3歳六,1:21.1,4.1,曇,2.0,4.0,船橋,3歳六,1:20.2,0.8,晴,11.0,7.0,船橋,3歳七,1:20.4,4.3,曇,10.0,4.0,船橋,3歳九,1:22.7,4.1,晴,4.0,2.0,船橋,3歳九,1:19.1,2.1,晴,7.7,3.0,,nar,2026-09-28,43.15,49.8,38.3,35.3,36.5,46.8,48.8,履歴少
202636092808,2026-09-28,8,ミツカネトーラス,3.0,3.0,高橋悠里,56.0,,3.0,2.0,水沢,C2,0:52.1,0.5,小雨,4.0,6.0,水沢,B2四組,1:45.1,0.1,曇,2.0,5.0,盛岡,C1一組,1:40.6,0.7,晴,4.0,4.0,盛岡,赤平金剛賞(C1),1:40.2,0.9,曇,3.0,6.0,盛岡,YJSトライアルラウ(C1),1:39.2,0.4,曇,1.3,1.0,,nar,2026-09-28,69.14,82.4,57.7,100.0,51.5,55.7,62.5,水沢実績 / クラス条件好転 / 履歴少 / 安定感
202646092808,2026-09-28,8,ミュークゴールド,4.0,4.0,青柳正義,57.0,,2.0,5.0,金沢,YJSトライアルラウ(3歳7),1:33.8,0.1,雨,8.0,9.0,金沢,3歳B 6,1:35.0,3.7,晴,5.0,8.0,金沢,3歳B 6,1:42.2,1.2,晴,6.0,6.0,金沢,しーあきちゃん結婚お(3歳),1:36.0,2.0,晴,6.0,8.0,金沢,3歳B 5,1:44.6,2.6,曇,8.7,4.0,,nar,2026-09-28,63.29,67.3,63.7,50.2,75.5,65.1,49.6,前走人気以上 / 履歴少 / 近走上向き / 過小評価傾向
202636092808,2026-09-28,8,メダツヤツ,5.0,5.0,南郷家全,56.0,,10.0,10.0,水沢,C2四組,1:31.1,2.9,曇,7.0,9.0,盛岡,C2四組,1:28.8,1.7,曇,4.0,6.0,盛岡,C2三組,1:30.2,1.4,曇,7.0,7.0,盛岡,C2三組,1:28.4,1.5,曇,7.0,12.0,盛岡,C2一組,1:27.8,1.5,曇,39.9,4.0,,nar,2026-09-28,46.98,49.4,59.9,19.8,27.5,58.7,48.8,履歴少 / 市場オッズ妙味
202636092808,2026-09-28,8,メッチャサザン,4.0,4.0,斉藤友香,52.0,,9.0,11.0,水沢,C2四組,1:26.5,4.4,晴,8.0,10.0,水沢,C2,0:52.7,1.1,小雨,9.0,9.0,盛岡,C2,1:02.6,2.0,晴,11.0,12.0,盛岡,C2,1:02.5,2.4,晴,12.0,8.0,盛岡,C2,1:03.3,3.8,曇,58.1,5.0,,nar,2026-09-28,41.02,33.2,55.9,0.0,56.0,51.6,43.8,履歴少
202643092808,2026-09-28,8,レイニングキング,3.0,3.0,藤本現暉,56.0,,8.0,4.0,川崎,2026川崎ジョッキ(C2),1:40.1,1.9,雨,6.0,6.0,川崎,ナイル賞(C2),1:39.4,1.5,晴,6.0,9.0,川崎,デギュスタシオン賞(C2),1:38.1,0.8,晴,10.0,11.0,川崎,皆様に愛されて50年(C1),1:39.3,3.0,晴,14.0,12.0,川崎,立山賞(C1),1:40.1,2.9,晴,9.9,5.0,,nar,2026-09-28,42.27,44.3,45.2,0.0,56.0,53.1,48.8,履歴少
202643092808,2026-09-28,8,ロワゾブルーチヌ,5.0,5.0,川島正太,56.0,,2.0,1.0,浦和,秋晴特別(C2),1:37.4,0.2,晴,1.0,2.0,浦和,C2五,1:36.8,-0.5,曇,3.0,8.0,浦和,美里ブルーベリー賞(C2),1:29.2,0.7,曇,5.0,6.0,浦和,C2五 六,1:38.8,1.3,曇,8.0,7.0,船橋,C2四 五六 ア(C2五),1:41.5,2.3,曇,3.1,1.0,,nar,2026-09-28,68.65,84.0,56.8,89.7,63.5,58.1,50.0,前走人気以上 / 安定感
202646092808,2026-09-28,8,ローレルマティーニ,3.0,3.0,栗原大河,55.0,,3.0,10.0,金沢,3歳B 6,1:34.1,2.8,晴,4.0,6.0,金沢,3歳B 5,1:42.8,0.9,曇,3.0,4.0,金沢,3歳B 7,1:35.7,0.8,晴,4.0,5.0,金沢,3歳B 8,1:35.9,1.7,晴,6.0,5.0,金沢,3歳B 6,1:43.8,1.2,晴,19.6,5.0,,nar,2026-09-28,71.66,78.4,70.1,89.7,57.5,68.8,56.2,金沢実績 / 前走人気以上 / 履歴少 / 人気以上に走る傾向
202665092808,2026-09-28,8,ワールドジパング,10.0,8.0,臼杵龍美,530.0,,,,,,,,,,,,,,,,,,,,,,,,,,,,,,,,,,,,,,,,nar,2026-09-28,36.18,35.0,35.0,35.0,35.0,35.0,46.8,履歴少
202643092809,2026-09-28,9,アイスリンディ,11.0,8.0,山中悠希,54.0,,5.0,3.0,船橋,おとめ座スプリント(B3),1:14.8,1.3,晴,9.0,2.0,船橋,葉月ダッシュ(B2B3),1:02.4,1.6,晴,1.0,5.0,船橋,飛竜乗雲ダッシュ(B2B3),1:01.7,0.0,晴,6.0,2.0,船橋,沈丁花ダッシュ(B3),1:02.1,0.7,曇,3.0,2.0,船橋,慶雲昌光ダッシュ(C1),1:01.9,0.4,晴,7.0,4.0,,nar,2026-09-28,52.75,66.8,34.3,60.5,48.5,51.8,54.9,船橋実績 / 履歴少 / 安定感
202636092809,2026-09-28,9,アフタービート,1.0,1.0,坂井瑛音,55.0,,12.0,10.0,水沢,四十八坂賞(C1),1:34.2,4.6,曇,7.0,8.0,盛岡,C2一組,1:28.0,1.7,晴,5.0,3.0,水沢,C2一組,1:32.3,1.7,曇,1.0,3.0,水沢,C2二組,1:32.9,-0.3,晴,2.0,1.0,水沢,C2一組,1:34.0,0.7,晴,95.3,12.0,,nar,2026-09-28,44.47,54.1,46.0,44.7,0.5,52.2,55.3,水沢実績 / 履歴少
202643092809,2026-09-28,9,アルニラム,8.0,6.0,野畑凌,56.0,,11.0,12.0,1札幌1,3歳以上1勝クラス,1:47.4,3.5,曇,8.0,12.0,1函館9,3歳以上1勝クラス,1:45.8,2.3,曇,10.0,11.0,2福島2,3歳以上1勝クラス,1:09.1,0.8,晴,11.0,10.0,3中山2,4歳以上1勝クラス,1:12.7,1.4,晴,7.0,10.0,5中京1,3歳以上1勝クラス,1:13.2,1.3,晴,5.6,2.0,,nar,2026-09-28,40.99,30.9,61.6,0.0,38.0,57.1,50.0,前走人気以上
202636092809,2026-09-28,9,アークエタニティ,9.0,7.0,高橋悠里,54.0,,2.0,2.0,盛岡,C2,1:00.7,0.3,晴,2.0,1.0,盛岡,C2,1:00.8,0.6,晴,1.0,1.0,盛岡,C2,1:00.5,-0.2,小雨,11.0,1.0,水沢,C2九組,1:28.2,2.1,晴,2.0,2.0,水沢,C2十組,1:23.0,0.2,曇,12.3,4.0,,nar,2026-09-28,62.7,83.1,38.0,85.4,62.0,53.5,51.2,水沢実績 / 履歴少 / 安定感 / 市場オッズ妙味
202665092809,2026-09-28,9,エーデルシュタイン,1.0,1.0,金田利貴,650.0,,,,,,,,,,,,,,,,,,,,,,,,,,,,,,,,,,,,,,,,nar,2026-09-28,36.18,35.0,35.0,35.0,35.0,35.0,46.8,履歴少
202646092809,2026-09-28,9,カルデア,1.0,1.0,鈴木太一,57.0,,5.0,7.0,金沢,B13,1:39.0,0.7,雨,10.0,5.0,金沢,B12,1:40.8,2.2,晴,11.0,13.0,大井,U.S.ターキー賞(C2七),1:29.6,1.5,晴,11.0,10.0,大井,ヘラクレス座特別競走(C2),2:00.3,3.9,曇,12.0,14.0,大井,C2三 四五(C2四),1:29.7,1.6,晴,12.0,6.0,,nar,2026-09-28,48.18,35.8,48.7,30.4,86.0,52.8,51.2,金沢実績 / 履歴少 / 近走上向き
202665092809,2026-09-28,9,キョウエイハンター,7.0,7.0,菅原響希,640.0,,,,,,,,,,,,,,,,,,,,,,,,,,,,,,,,,,,,,,,,nar,2026-09-28,36.0,35.0,35.0,35.0,35.0,35.0,45.0,履歴少
202636092809,2026-09-28,9,グレンノアラシ,12.0,8.0,山本聡哉,56.0,,6.0,8.0,佐賀,盛夏賞(B),1:58.6,2.3,晴,6.0,10.0,佐賀,葉月賞(B),1:58.6,2.6,晴,5.0,7.0,佐賀,サガデーナイト競馬賞(B),1:31.6,1.2,晴,6.0,3.0,佐賀,サガデーナイト競馬賞(B),1:24.6,1.8,小雨,8.0,7.0,佐賀,アマリリス賞,1:31.4,1.1,曇,6.2,3.0,,nar,2026-09-28,52.84,59.9,60.2,19.8,51.5,58.4,48.8,履歴少
202646092809,2026-09-28,9,ケイバラード,2.0,2.0,甲賀弘隆,57.0,,6.0,5.0,金沢,B13,1:39.2,0.9,雨,7.0,8.0,金沢,B12,1:32.4,1.5,曇,4.0,5.0,金沢,堀江舞アナ明日8月5(B1特別),1:33.8,0.9,晴,6.0,6.0,金沢,海の日!夏バテ防止に(B1),1:33.4,1.2,晴,6.0,11.0,金沢,柴山潟特別(B1),1:39.9,1.7,曇,26.7,8.0,,nar,2026-09-28,51.26,61.2,54.6,19.8,48.5,58.6,46.3,履歴少 / 市場オッズ妙味
202665092809,2026-09-28,9,コウシュハキング,10.0,8.0,中原蓮,650.0,,,,,,,,,,,,,,,,,,,,,,,,,,,,,,,,,,,,,,,,nar,2026-09-28,36.0,35.0,35.0,35.0,35.0,35.0,45.0,履歴少
202643092809,2026-09-28,9,コスタデラルス,1.0,1.0,岡村健司,56.0,,2.0,5.0,船橋,ユウガオスプリント(B3),1:14.8,0.7,晴,5.0,7.0,船橋,馬い!青レモンは佐賀(B3),1:16.3,0.3,曇,1.0,6.0,浦和,ルビー特別(C1),1:28.8,0.0,曇,6.0,6.0,船橋,アガパンサススプリン(B3),1:16.1,1.0,曇,12.0,12.0,2東京10,国分寺特別(2勝クラス),1:49.0,2.9,曇,9.4,5.0,,nar,2026-09-28,69.38,74.7,66.8,75.1,74.0,66.0,53.1,船橋実績 / 前走人気以上 / 人気以上に走る傾向 / 近走上向き
202636092809,2026-09-28,9,コルヴィーナ,5.0,5.0,高松亮,54.0,,8.0,6.0,水沢,C1,1:31.0,1.3,小雨,5.0,5.0,盛岡,オランダ島賞(C1),1:26.4,1.5,小雨,1.0,2.0,盛岡,C1,1:26.1,-0.5,曇,3.0,7.0,盛岡,C1,1:27.3,1.1,晴,6.0,6.0,盛岡,C1,1:28.3,2.0,曇,20.1,7.0,,nar,2026-09-28,54.56,68.5,51.2,59.3,24.5,58.2,48.8,履歴少 / 市場オッズ妙味
202643092809,2026-09-28,9,サラサエンペラー,9.0,7.0,張田昂,56.0,,4.0,4.0,川崎,花鳥風月賞(B3),0:55.1,0.8,雨,3.0,3.0,川崎,追風逐電賞(B3),0:55.1,0.4,晴,7.0,9.0,川崎,星河一天特別(B3二),1:38.0,1.1,晴,2.0,3.0,川崎,流星光底賞(B3),0:55.1,0.0,曇,1.0,9.0,川崎,電光石火賞(B3),0:55.4,-0.1,曇,13.3,7.0,,nar,2026-09-28,65.66,78.1,59.6,80.2,45.5,68.2,48.8,履歴少 / 安定感 / 過小評価傾向 / 市場オッズ妙味
202643092809,2026-09-28,9,ザーシッダレイ,7.0,6.0,濱田達也,54.0,,3.0,9.0,船橋,モルセラスプリント(B3),1:15.1,0.9,晴,4.0,7.0,船橋,アキレアスプリント(B3),1:16.1,0.9,曇,5.0,4.0,船橋,伏姫スプリント(B2B3),1:16.0,0.8,曇,8.0,4.0,船橋,馬い!グリーングラス(B3),1:15.4,0.5,曇,5.0,6.0,船橋,牡牛座スプリント(B3),1:16.2,0.5,曇,14.8,10.0,,nar,2026-09-28,68.18,71.4,63.3,85.4,65.0,66.8,56.2,船橋実績 / 前走人気以上 / 履歴少 / 近走上向き
202636092809,2026-09-28,9,ジェイケイミリミリ,6.0,5.0,佐々木志,54.0,,9.0,7.0,笠松,B4組,1:47.0,2.8,晴,6.0,7.0,笠松,WEB特別番組配信中,1:32.1,2.4,曇,6.0,7.0,笠松,B4組,1:47.8,2.1,晴,10.0,9.0,笠松,五六川特別(B),2:13.1,5.0,曇,10.0,12.0,笠松,濃姫特別(B),1:31.9,2.4,曇,68.7,11.0,,nar,2026-09-28,42.12,44.7,49.3,0.0,44.0,52.2,51.8,クラス条件好転 / 履歴少
202636092809,2026-09-28,9,ジュエルプリンス,4.0,4.0,南郷家全,56.0,,6.0,7.0,水沢,C1,1:30.1,1.4,小雨,6.0,10.0,盛岡,C1,1:13.9,1.0,曇,9.0,9.0,盛岡,B2二組,1:41.7,2.3,曇,6.0,8.0,笠松,B3組,1:46.8,2.1,晴,8.0,10.0,笠松,五六川特別(B),2:11.9,3.8,曇,43.0,10.0,,nar,2026-09-28,50.29,53.6,62.6,0.0,57.5,60.6,48.8,履歴少 / 市場オッズ妙味
202646092809,2026-09-28,9,セブンメイクハピー,9.0,8.0,米倉知,57.0,,1.0,9.0,金沢,十万石まつり特別(B2),1:31.7,0.0,雨,4.0,4.0,金沢,神代れいん生誕祭20(B1),1:39.5,1.0,曇,1.0,1.0,金沢,油断大敵水分補給を忘(B2),1:40.0,-1.2,晴,2.0,3.0,金沢,さわやかさやか賞(C1),1:40.2,1.4,曇,3.0,2.0,金沢,白山手取川ジオパーク(C1),1:34.0,1.2,曇,4.3,2.0,,nar,2026-09-28,75.32,91.2,67.3,100.0,59.0,61.4,59.5,金沢実績 / 前走人気以上 / 履歴少 / 人気以上に走る傾向
202646092809,2026-09-28,9,ソングフォーユー,7.0,7.0,青柳正義,55.0,,4.0,9.0,金沢,やりめん七年目記念杯(B1),1:39.3,1.7,曇,6.0,3.0,金沢,B13,1:39.7,2.0,曇,2.0,5.0,金沢,たいち&あやみ結婚記(B1),1:32.2,0.1,晴,5.0,2.0,金沢,高橋家&西村家★結婚(B1特別),1:39.8,1.0,曇,4.0,2.0,金沢,第21回生誕記念幸せ(B1),1:32.7,0.4,晴,5.3,3.0,,nar,2026-09-28,62.73,74.0,55.0,75.1,51.5,57.1,56.2,金沢実績 / 前走人気以上 / 履歴少 / 安定感
202665092809,2026-09-28,9,タカシマフクマツ,9.0,8.0,臼杵龍美,640.0,,,,,,,,,,,,,,,,,,,,,,,,,,,,,,,,,,,,,,,,nar,2026-09-28,36.18,35.0,35.0,35.0,35.0,35.0,46.8,履歴少 / 前走人気以上
202646092809,2026-09-28,9,タマハガネ,8.0,8.0,松戸政也,57.0,,7.0,6.0,金沢,やりめん七年目記念杯(B1),1:39.6,2.0,曇,6.0,7.0,金沢,B12,1:39.2,0.6,晴,3.0,2.0,金沢,堀江舞アナ明日8月5(B1特別),1:33.7,0.8,晴,4.0,4.0,金沢,B12,1:33.0,1.0,晴,1.0,5.0,金沢,氷室開き特別(B2),1:32.4,-0.6,曇,8.6,4.0,,nar,2026-09-28,54.21,68.8,51.1,44.7,29.0,61.1,52.9,金沢実績 / 履歴少
202636092809,2026-09-28,9,チヨノフォーエヴァ,10.0,7.0,村上忍,54.0,,6.0,10.0,水沢,C1,1:30.3,0.6,小雨,3.0,3.0,盛岡,C2五組,1:14.0,0.9,雨,3.0,4.0,盛岡,C2六組,1:14.1,1.1,晴,9.0,8.0,盛岡,C2六組,1:16.0,2.9,曇,8.0,4.0,盛岡,C2六組,1:15.2,2.0,曇,18.0,6.0,,nar,2026-09-28,56.57,65.6,56.0,44.7,48.5,62.2,48.8,前走人気以上 / 履歴少 / 市場オッズ妙味
202665092809,2026-09-28,9,ツガルノセンショウ,3.0,3.0,吉田理人,630.0,,,,,,,,,,,,,,,,,,,,,,,,,,,,,,,,,,,,,,,,nar,2026-09-28,36.18,35.0,35.0,35.0,35.0,35.0,46.8,履歴少
202643092809,2026-09-28,9,トゥナシ,2.0,2.0,西啓太,53.0,,3.0,1.0,浦和,月光特別(B2B3),0:47.0,0.3,雨,1.0,1.0,浦和,3歳 未格付,0:46.3,-0.2,曇,2.0,4.0,川崎,ブレッザ賞(3歳),0:55.0,0.2,晴,1.0,2.0,浦和,浦和800ラウンド(3歳),0:47.6,-0.1,曇,11.0,3.0,浦和,URAWAなでしこオ(OP)(3歳),1:32.3,2.1,晴,3.8,1.0,,nar,2026-09-28,63.71,85.3,43.7,89.7,54.5,51.1,48.8,履歴少 / 安定感
202643092809,2026-09-28,9,トラペジウム,6.0,5.0,川島正太,53.0,,3.0,1.0,船橋,モモサンゴスプリント(C1),1:14.5,0.2,曇,1.0,2.0,船橋,ウミネコスプリント(3歳),1:14.6,-0.2,晴,4.0,5.0,浦和,ツインマッチ特別(3歳),1:29.0,0.8,晴,6.0,6.0,船橋,アサガオスプリント(3歳),1:16.4,1.0,曇,4.0,6.0,船橋,3歳二,1:16.8,0.9,晴,6.9,3.0,,nar,2026-09-28,65.72,82.1,50.3,85.4,54.5,59.5,55.3,船橋実績 / 履歴少 / 安定感
202665092809,2026-09-28,9,ドラゴンボーイ,4.0,4.0,島津新,650.0,,,,,,,,,,,,,,,,,,,,,,,,,,,,,,,,,,,,,,,,nar,2026-09-28,36.18,35.0,35.0,35.0,35.0,35.0,46.8,履歴少
202646092809,2026-09-28,9,ドンリュウスター,3.0,3.0,魚住謙心,57.0,,2.0,7.0,金沢,やりめん七年目記念杯(B1),1:38.7,1.1,曇,3.0,4.0,金沢,能登復興支援機具岩賞(B1),1:40.1,0.7,晴,6.0,8.0,金沢,高島美稀お誕生日記念(B1特別),1:40.5,1.8,曇,5.0,5.0,金沢,早川LD昇進おめでと(B1),1:40.2,2.3,晴,4.0,6.0,金沢,ゆいおうえんそうしん(B1),1:33.0,0.8,雨,9.0,5.0,,nar,2026-09-28,70.24,78.5,66.6,80.2,65.0,65.9,56.2,金沢実績 / 前走人気以上 / 履歴少 / 人気以上に走る傾向
202646092809,2026-09-28,9,ハイエストポイント,5.0,5.0,柴田勇真,57.0,,3.0,3.0,金沢,B12,1:31.8,0.9,曇,3.0,1.0,金沢,B12,1:38.7,0.1,晴,1.0,2.0,金沢,B14,1:39.0,-0.2,晴,2.0,1.0,金沢,立夏特別(B2),1:33.9,0.5,晴,1.0,2.0,金沢,B25,1:41.0,-0.3,晴,2.6,1.0,,nar,2026-09-28,67.14,90.0,47.6,100.0,42.5,53.4,59.5,金沢実績 / 履歴少 / 安定感
202636092809,2026-09-28,9,バトルクリーク,2.0,2.0,山本政聡,56.0,,5.0,6.0,水沢,B2,0:52.4,1.2,曇,3.0,11.0,盛岡,B2,1:13.3,1.2,曇,11.0,2.0,盛岡,いわてくじ山形村短角(B2),1:02.7,2.3,晴,10.0,8.0,船橋,C1二 三,1:18.3,3.4,曇,11.0,9.0,川崎,C1一 二,1:33.9,3.1,曇,25.7,9.0,,nar,2026-09-28,54.25,51.7,50.1,55.3,72.5,53.7,48.8,履歴少 / 近走上向き / 市場オッズ妙味
202643092809,2026-09-28,9,ビレッジスティール,3.0,3.0,矢野貴之,54.0,,4.0,6.0,船橋,モルセラスプリント(B3),1:15.3,1.1,晴,6.0,8.0,船橋,牡牛座スプリント(B3),1:16.3,0.6,曇,7.0,7.0,船橋,ハルジオンスプリント(B3),1:15.8,0.4,晴,3.0,9.0,船橋,春蘭スプリント(B2B3),1:15.4,0.2,晴,8.0,6.0,船橋,浜風スプリント(B3),1:16.7,1.3,晴,13.5,8.0,,nar,2026-09-28,60.59,65.1,62.4,45.0,62.0,68.4,49.6,履歴少 / 過小評価傾向 / 市場オッズ妙味
202643092809,2026-09-28,9,フォースチルドレン,5.0,5.0,木間塚龍,56.0,,9.0,10.0,川崎,日和風特別(B3二),1:34.2,3.7,雨,8.0,10.0,船橋,ユウガオスプリント(B3),1:15.8,1.7,晴,8.0,6.0,船橋,アキレアスプリント(B3),1:16.7,1.5,曇,6.0,4.0,船橋,あめんぼうスプリント(B3),1:15.5,0.5,小雨,4.0,7.0,船橋,馬い!グリーングラス(B3),1:15.1,0.2,曇,68.8,11.0,,nar,2026-09-28,43.49,47.2,53.0,10.3,35.0,52.9,47.1,履歴少
202636092809,2026-09-28,9,フリムカナイデヨ,11.0,8.0,鈴木祐,54.0,,4.0,9.0,水沢,C1,1:29.7,1.0,小雨,5.0,9.0,盛岡,オッズパーク賞(C1),1:14.4,0.8,曇,9.0,8.0,盛岡,C1,1:01.2,1.2,曇,1.0,9.0,盛岡,C1,1:14.5,-0.2,晴,9.0,10.0,盛岡,C1,1:28.8,2.5,曇,23.8,8.0,,nar,2026-09-28,66.5,65.5,75.1,69.9,62.0,67.3,48.8,前走人気以上 / 履歴少 / 人気以上に走る傾向 / 安定感
202636092809,2026-09-28,9,ブレウディエス,3.0,3.0,山本聡紀,54.0,,2.0,4.0,盛岡,C2六組,1:13.7,0.8,雨,7.0,1.0,盛岡,C2七組,1:15.3,1.6,晴,3.0,1.0,盛岡,C2八組,1:13.5,0.4,曇,7.0,4.0,水沢,C2四組,1:34.3,2.0,曇,6.0,1.0,水沢,C1五組,1:32.7,1.6,晴,18.0,5.0,,nar,2026-09-28,54.75,71.3,34.3,50.2,72.5,53.1,43.8,履歴少 / 近走上向き / 市場オッズ妙味
202643092809,2026-09-28,9,プレストエンペラー,4.0,4.0,本橋孝太,55.0,,5.0,4.0,船橋,モルセラスプリント(B3),1:15.4,1.2,晴,3.0,2.0,船橋,牡羊座スプリント(3歳),1:17.1,1.5,晴,2.0,1.0,船橋,千葉の酪農応援賞(3歳),1:16.0,0.2,曇,2.0,3.0,船橋,寒椿スプリント(3歳),1:16.9,1.2,曇,3.0,2.0,船橋,若駒スプリント(3歳),1:15.4,0.9,曇,9.5,6.0,,nar,2026-09-28,63.95,81.9,45.0,100.0,35.0,57.6,59.5,船橋実績 / 履歴少 / 安定感
202646092809,2026-09-28,9,ホウオウヴィーナス,4.0,4.0,吉田晃浩,55.0,,7.0,8.0,金沢,B13,1:40.6,2.3,雨,8.0,6.0,金沢,B12,1:34.8,3.9,曇,8.0,7.0,金沢,能登復興支援総持寺特(B1),1:41.2,2.8,晴,2.0,8.0,金沢,能登復興支援須須神社(B1特別),1:39.7,0.9,曇,10.0,8.0,金沢,B12,1:41.7,3.3,曇,49.5,9.0,,nar,2026-09-28,47.19,51.8,51.9,14.6,50.0,56.0,46.3,履歴少 / 市場オッズ妙味
202665092809,2026-09-28,9,ホクセイカツサクラ,5.0,5.0,渡来心路,630.0,,,,,,,,,,,,,,,,,,,,,,,,,,,,,,,,,,,,,,,,nar,2026-09-28,36.18,35.0,35.0,35.0,35.0,35.0,46.8,履歴少
202665092809,2026-09-28,9,ホクセイマリン,6.0,6.0,鈴木恵介,620.0,,,,,,,,,,,,,,,,,,,,,,,,,,,,,,,,,,,,,,,,nar,2026-09-28,36.0,35.0,35.0,35.0,35.0,35.0,45.0,履歴少
202636092809,2026-09-28,9,ポッドジャスパー,8.0,6.0,岩本怜,56.0,,10.0,1.0,水沢,C1二組,1:45.6,3.7,小雨,7.0,6.0,盛岡,秋桜賞(B1),1:26.4,1.3,曇,5.0,1.0,盛岡,ネモフィラ賞(B1),1:25.7,1.1,曇,1.0,5.0,盛岡,カッパ淵賞(B1),1:24.8,-0.2,晴,4.0,6.0,佐賀,サガデーナイト競馬賞(B),1:31.3,0.6,晴,3.3,2.0,,nar,2026-09-28,42.42,57.3,29.1,44.7,15.5,49.9,51.8,クラス条件好転 / 履歴少
202665092809,2026-09-28,9,マオノダイマオー,8.0,7.0,今井千尋,640.0,,,,,,,,,,,,,,,,,,,,,,,,,,,,,,,,,,,,,,,,nar,2026-09-28,36.18,35.0,35.0,35.0,35.0,35.0,46.8,履歴少
202643092809,2026-09-28,9,マルヒロナイト,12.0,8.0,仲野光馬,56.0,,10.0,11.0,船橋,ユウガオスプリント(B3),1:16.6,2.5,晴,7.0,9.0,船橋,アキレアスプリント(B3),1:16.7,1.5,曇,8.0,5.0,船橋,アガパンサススプリン(B3),1:16.5,1.4,曇,9.0,7.0,船橋,パールスプリント(B3),1:17.2,2.1,晴,8.0,10.0,船橋,馬い!サンサンエッグ(B3),1:15.6,1.0,晴,97.7,12.0,,nar,2026-09-28,39.47,40.0,50.9,0.0,38.0,50.9,43.8,履歴少
202646092809,2026-09-28,9,ライズタイガ,6.0,6.0,栗原大河,57.0,,9.0,8.0,金沢,やりめん七年目記念杯(B1),1:40.1,2.5,曇,4.0,6.0,金沢,B13,1:39.0,1.3,曇,8.0,9.0,金沢,B12,1:39.9,1.3,晴,3.0,2.0,金沢,B12,1:40.2,1.8,曇,3.0,6.0,金沢,B13,1:33.4,1.6,雨,13.0,7.0,,nar,2026-09-28,52.52,59.5,53.9,49.8,23.0,63.5,52.9,金沢実績 / 履歴少 / 市場オッズ妙味
202665092809,2026-09-28,9,リアンドノール,2.0,2.0,西謙一,650.0,,,,,,,,,,,,,,,,,,,,,,,,,,,,,,,,,,,,,,,,nar,2026-09-28,36.0,35.0,35.0,35.0,35.0,35.0,45.0,履歴少
202643092809,2026-09-28,9,リトルハバナ,10.0,7.0,中山遥人,55.0,,6.0,6.0,船橋,ユウガオスプリント(B3),1:15.2,1.1,晴,2.0,7.0,船橋,あめんぼうスプリント(B3),1:15.3,0.3,小雨,8.0,3.0,船橋,ジューンスプリント(B3),1:16.1,1.5,晴,7.0,6.0,船橋,たんぽぽ特別(3歳),1:38.1,1.6,曇,2.0,3.0,船橋,チューリップ特別(3歳),1:44.5,0.4,雨,14.7,9.0,,nar,2026-09-28,53.82,67.0,51.5,35.3,42.5,60.2,49.6,履歴少 / 市場オッズ妙味
202636092809,2026-09-28,9,リュウノメディナ,7.0,6.0,塚本涼人,56.0,,3.0,1.0,水沢,四十八坂賞(C1),1:29.8,0.2,曇,6.0,10.0,盛岡,ポーチュラカ賞(B1),1:11.8,1.0,雨,7.0,11.0,水沢,春分特別(A),1:43.6,0.5,曇,10.0,7.0,水沢,弥生特別(A),1:48.0,2.2,晴,4.0,4.0,水沢,ハヤテ特別(OP),1:27.2,0.5,曇,2.4,1.0,,nar,2026-09-28,57.61,62.7,55.2,40.7,72.5,55.7,54.2,水沢実績 / クラス条件好転 / 履歴少 / 近走上向き
202643092810,2026-09-28,10,アイドル,6.0,6.0,中山遥人,53.0,,11.0,8.0,船橋,おとめ座スプリント(B3),1:17.5,4.0,晴,8.0,11.0,浦和,涼風特別(B2B3),0:48.3,1.2,晴,9.0,8.0,船橋,アキレアスプリント(B3),1:17.9,2.7,曇,10.0,8.0,浦和,鎌北湖特別(B2),1:36.1,2.9,雨,9.0,1.0,船橋,紫陽花スプリント(B2B3),1:18.6,4.1,小雨,118.4,11.0,,nar,2026-09-28,33.75,32.0,39.6,0.0,38.0,43.8,46.0,クラス条件好転 / 履歴少
202665092810,2026-09-28,10,アルジャンノオー,3.0,3.0,西将太,660.0,,,,,,,,,,,,,,,,,,,,,,,,,,,,,,,,,,,,,,,,nar,2026-09-28,36.0,35.0,35.0,35.0,35.0,35.0,45.0,履歴少
202646092810,2026-09-28,10,アンクルサンダー,8.0,7.0,平瀬城久,57.0,,5.0,11.0,金沢,B12,1:39.0,1.8,雨,6.0,7.0,金沢,能登復興支援増穂浦特(B1),1:32.7,1.4,曇,5.0,8.0,金沢,能登復興支援総持寺特(B1),1:39.9,1.5,晴,3.0,7.0,金沢,能登復興支援須須神社(B1特別),1:40.4,1.6,曇,7.0,11.0,金沢,海の日!夏バテ防止に(B1),1:33.5,1.3,晴,36.1,8.0,,nar,2026-09-28,65.58,66.7,75.6,64.7,51.5,68.0,52.9,金沢実績 / 前走人気以上 / 履歴少 / 人気以上に走る傾向
202665092810,2026-09-28,10,ウンジョウノキセキ,8.0,7.0,長澤幸太,660.0,,,,,,,,,,,,,,,,,,,,,,,,,,,,,,,,,,,,,,,,nar,2026-09-28,36.18,35.0,35.0,35.0,35.0,35.0,46.8,履歴少
202643092810,2026-09-28,10,キャッスルシオン,7.0,6.0,和田譲治,55.0,,6.0,11.0,船橋,屏風ヶ浦スプリント(B2),1:14.3,0.5,晴,1.0,5.0,船橋,馬い!青レモンは佐賀(B3),1:16.0,0.0,曇,4.0,5.0,船橋,伏姫スプリント(B2B3),1:15.9,0.7,曇,8.0,7.0,船橋,紫陽花スプリント(B2B3),1:16.7,2.2,小雨,3.0,6.0,船橋,ネモフィラスプリント(B2B3),1:14.9,0.5,曇,32.4,8.0,,nar,2026-09-28,62.78,73.3,70.1,55.0,38.0,64.1,52.9,船橋実績 / 前走人気以上 / 履歴少 / 人気以上に走る傾向
202643092810,2026-09-28,10,クラウンブラヴォー,10.0,8.0,西村栄喜,57.0,,6.0,9.0,船橋,半夏生スプリント(B2),1:15.9,1.7,曇,7.0,7.0,船橋,風待ち月スプリント(B2),1:15.7,1.3,曇,2.0,6.0,船橋,クチナシスプリント(B2),1:14.5,0.1,曇,8.0,2.0,船橋,オーケストラダッシュ(B2B3),1:01.9,0.4,雨,2.0,1.0,船橋,飛竜乗雲ダッシュ(B2B3),1:01.7,0.0,晴,41.5,9.0,,nar,2026-09-28,53.03,65.3,55.1,30.1,42.5,54.7,51.6,前走人気以上 / 履歴少 / 市場オッズ妙味
202636092810,2026-09-28,10,クリコマ,9.0,8.0,阿部英俊,56.0,,10.0,11.0,水沢,爽秋特別(A),1:44.3,2.7,曇,8.0,7.0,盛岡,夢・希望未来へ前進(B1),1:40.8,2.2,曇,11.0,10.0,盛岡,夢・希望未来へ前進(B1),1:40.4,1.8,曇,7.0,4.0,盛岡,夢・希望未来へ前進(B1),1:40.3,2.0,晴,5.0,6.0,水沢,陽春特別(A),1:43.7,1.0,晴,45.4,10.0,,nar,2026-09-28,39.55,38.0,46.7,10.3,36.5,49.7,51.2,水沢実績 / 履歴少
202665092810,2026-09-28,10,クリスタルホーク,10.0,8.0,島津新,660.0,,,,,,,,,,,,,,,,,,,,,,,,,,,,,,,,,,,,,,,,nar,2026-09-28,36.18,35.0,35.0,35.0,35.0,35.0,46.8,履歴少
202636092810,2026-09-28,10,ゲンパチプライド,1.0,1.0,村上忍,56.0,,4.0,5.0,盛岡,秋桜賞(B1),1:25.6,0.5,曇,4.0,2.0,盛岡,B1,1:25.0,0.3,小雨,3.0,2.0,盛岡,レモンポップ特別(B1),1:25.3,0.6,晴,3.0,3.0,水沢,ほやこおねえさん賞(B1),1:29.7,0.3,晴,3.0,1.0,盛岡,いわてくじ山形村短角(B1),1:37.7,0.0,小雨,3.0,1.0,,nar,2026-09-28,62.9,79.6,45.8,100.0,45.5,52.1,48.8,履歴少 / 安定感
202665092810,2026-09-28,10,サカノハマナカ,6.0,6.0,船山蔵人,660.0,,,,,,,,,,,,,,,,,,,,,,,,,,,,,,,,,,,,,,,,nar,2026-09-28,36.18,35.0,35.0,35.0,35.0,35.0,46.8,履歴少
202636092810,2026-09-28,10,サトノバトラー,8.0,7.0,高橋悠里,56.0,,4.0,10.0,水沢,爽秋特別(A),1:42.3,0.7,曇,5.0,3.0,盛岡,夢・希望未来へ前進(B1),1:39.5,0.9,曇,1.0,3.0,盛岡,いわて北緯40度八幡(B1),1:40.4,0.0,晴,2.0,3.0,盛岡,親子で学ぶ!味覚とテ(B1),1:39.2,0.2,小雨,4.0,5.0,盛岡,B1二組,1:39.6,0.8,曇,6.5,4.0,,nar,2026-09-28,69.01,81.1,63.8,100.0,44.0,63.2,48.8,前走人気以上 / 履歴少 / 安定感
202646092810,2026-09-28,10,サルジュ,9.0,8.0,栗原大河,57.0,,4.0,1.0,金沢,B13,1:38.9,0.6,雨,4.0,4.0,金沢,B12,1:32.0,1.1,曇,1.0,2.0,金沢,ずまちゃんハッピーバ(B1特別),1:32.3,-0.2,晴,3.0,4.0,金沢,七尾港まつり特別(B2),1:32.8,0.3,晴,4.0,2.0,金沢,氷室開き特別(B2),1:33.4,1.0,曇,13.0,4.0,,nar,2026-09-28,65.12,81.9,44.6,100.0,44.0,59.0,59.5,金沢実績 / 履歴少 / 安定感 / 市場オッズ妙味
202636092810,2026-09-28,10,サンエイコンドル,4.0,4.0,山本聡哉,56.0,,8.0,8.0,水沢,爽秋特別(A),1:43.2,1.6,曇,7.0,6.0,盛岡,東京カップけやき賞(A),1:39.4,2.9,曇,5.0,3.0,盛岡,大暑特別(A),1:38.9,1.0,晴,2.0,3.0,盛岡,ハヤテ特別(OP),1:25.2,0.0,曇,1.0,7.0,盛岡,茉莉花特別(A),1:38.6,-0.3,曇,4.5,2.0,,nar,2026-09-28,51.43,63.5,50.9,44.7,24.5,59.0,48.8,履歴少
202636092810,2026-09-28,10,サンライズウェーヴ,3.0,3.0,山本政聡,56.0,,7.0,7.0,園田,DASH観音寺特別A(A2B1),1:56.7,2.7,雨,8.0,8.0,園田,初夏特別A2B1,2:08.0,2.5,晴,6.0,5.0,園田,A1A2,2:05.7,2.2,晴,4.0,3.0,園田,春爛漫特別A2B1,2:06.4,0.2,曇,7.0,2.0,園田,兵庫馬事畜産特別A2(A2B1),1:56.0,1.0,雨,18.0,7.0,,nar,2026-09-28,45.71,55.1,44.0,14.6,45.5,54.6,48.8,履歴少 / 市場オッズ妙味
202646092810,2026-09-28,10,シントーツバキ,6.0,6.0,松戸政也,55.0,,2.0,3.0,金沢,B13,1:38.6,0.3,雨,5.0,7.0,金沢,B12,1:32.1,1.2,曇,9.0,6.0,金沢,B12,1:40.2,1.6,晴,9.0,4.0,金沢,海の日!夏バテ防止に(B1),1:34.0,1.8,晴,11.0,4.0,金沢,柴山潟特別(B1),1:41.5,3.3,曇,27.9,7.0,,nar,2026-09-28,55.59,59.3,41.3,55.3,89.0,48.5,49.6,履歴少 / 近走上向き / 市場オッズ妙味
202665092810,2026-09-28,10,ジェイスカイ,4.0,4.0,赤塚健仁,660.0,,,,,,,,,,,,,,,,,,,,,,,,,,,,,,,,,,,,,,,,nar,2026-09-28,36.0,35.0,35.0,35.0,35.0,35.0,45.0,履歴少
202665092810,2026-09-28,10,ジェイヒッター,5.0,5.0,阿部優哉,660.0,,,,,,,,,,,,,,,,,,,,,,,,,,,,,,,,,,,,,,,,nar,2026-09-28,36.18,35.0,35.0,35.0,35.0,35.0,46.8,履歴少
202636092810,2026-09-28,10,スマートハンター,5.0,5.0,佐々木志,56.0,,7.0,4.0,水沢,爽秋特別(A),1:42.4,0.8,曇,1.0,4.0,盛岡,夢・希望未来へ前進(B1),1:39.4,0.0,晴,3.0,4.0,盛岡,45周年Annive(B1),1:38.8,0.2,小雨,5.0,2.0,盛岡,B1,1:12.9,0.8,晴,6.0,1.0,水沢,夢・希望未来へ前進(B1),1:43.5,0.7,晴,6.0,3.0,,nar,2026-09-28,53.6,73.4,43.6,59.3,30.5,53.1,43.8,履歴少
202643092810,2026-09-28,10,セイショウフジ,3.0,3.0,所蛍,54.0,,11.0,7.0,船橋,ユウガオスプリント(B3),1:16.6,2.5,晴,,,船橋,サボテンスプリント(B3),,,曇,5.0,4.0,船橋,紫陽花スプリント(B2B3),1:15.7,1.2,小雨,4.0,2.0,船橋,ネモフィラスプリント(B2B3),1:15.3,0.9,曇,3.0,3.0,船橋,クローバースプリント(B2B3),1:15.6,0.5,晴,47.1,10.0,,nar,2026-09-28,41.78,52.3,34.1,44.7,8.0,50.6,55.3,船橋実績 / 履歴少 / 市場オッズ妙味
202646092810,2026-09-28,10,ゼローソ,5.0,5.0,加藤翔馬,57.0,,10.0,7.0,金沢,B12,1:40.0,2.8,雨,2.0,2.0,金沢,B12,1:38.6,0.0,晴,2.0,4.0,金沢,高島美稀お誕生日記念(B1特別),1:39.0,0.3,曇,3.0,7.0,金沢,早川LD昇進おめでと(B1),1:39.8,1.9,晴,5.0,4.0,金沢,第21回生誕記念幸せ(B1),1:33.5,1.2,晴,53.3,10.0,,nar,2026-09-28,53.83,68.9,49.7,69.6,8.0,54.8,56.2,金沢実績 / 履歴少 / 安定感
202643092810,2026-09-28,10,タツノキングオー,1.0,1.0,佐野遥久,57.0,,3.0,4.0,川崎,山紫水明賞(B2),0:54.6,0.5,曇,9.0,2.0,船橋,松戸スプリント(B2),1:15.4,1.5,晴,3.0,3.0,船橋,スノードロップスプリ(B2),1:14.9,0.7,晴,2.0,3.0,船橋,ネリネスプリント(B3),1:13.7,0.6,晴,5.0,7.0,大井,優駿スプリント競走(重賞),1:12.8,0.5,晴,6.6,3.0,,nar,2026-09-28,59.72,71.6,42.4,75.1,60.5,56.1,54.0,船橋実績 / 履歴少 / 安定感
202665092810,2026-09-28,10,ダイヤセンプー,9.0,8.0,今井千尋,650.0,,,,,,,,,,,,,,,,,,,,,,,,,,,,,,,,,,,,,,,,nar,2026-09-28,36.0,35.0,35.0,35.0,35.0,35.0,45.0,履歴少
202643092810,2026-09-28,10,チェルカトローヴァ,4.0,4.0,木間塚龍,57.0,,8.0,8.0,船橋,屏風ヶ浦スプリント(B2),1:15.6,1.8,晴,3.0,3.0,船橋,馬い!山武たがやす倶(B2),1:14.3,1.6,晴,11.0,6.0,浦和,葉月特別(B1B2),1:36.2,2.5,晴,4.0,8.0,船橋,黒勾玉スプリント(B1B2),1:14.6,0.9,晴,4.0,6.0,浦和,海の日特別(B1B2),1:27.2,0.5,晴,23.3,6.0,,nar,2026-09-28,51.24,57.2,48.6,49.8,35.0,56.9,54.0,船橋実績 / 履歴少 / 市場オッズ妙味
202636092810,2026-09-28,10,テングクラブ,6.0,6.0,坂井瑛音,55.0,,7.0,9.0,水沢,スプリント特別(OP),0:50.5,0.8,曇,4.0,4.0,盛岡,ハヤテ特別(OP),1:12.6,1.6,曇,6.0,2.0,盛岡,納涼特別(A),1:40.2,0.7,曇,5.0,7.0,盛岡,スプリント特別(OP),0:59.6,1.0,晴,2.0,2.0,盛岡,ネモフィラ賞(B1),1:25.0,0.4,曇,32.4,8.0,,nar,2026-09-28,53.43,66.0,50.8,49.8,33.5,56.3,48.8,履歴少 / 市場オッズ妙味
202646092810,2026-09-28,10,デルマスソバライ,3.0,3.0,浅野登生,52.0,,3.0,3.0,金沢,B12,1:38.6,1.4,雨,2.0,2.0,金沢,B12,1:31.4,0.5,曇,1.0,1.0,金沢,能登復興支援皆月海岸(B1),1:31.9,0.0,曇,3.0,8.0,金沢,金沢競馬B1プレミア,1:32.3,0.6,晴,2.0,4.0,金沢,B22,1:31.8,0.1,晴,3.6,2.0,,nar,2026-09-28,70.4,90.0,56.6,100.0,44.0,60.0,59.5,金沢実績 / 履歴少 / 安定感
202643092810,2026-09-28,10,ナムラペルル,9.0,7.0,篠谷葵,55.0,,1.0,2.0,船橋,モルセラスプリント(B3),1:14.2,-0.8,晴,3.0,1.0,船橋,アキレアスプリント(B3),1:16.0,0.8,曇,1.0,2.0,船橋,アガパンサススプリン(B3),1:15.1,-0.2,曇,12.0,5.0,1福島3,4歳以上1勝クラス,1:10.8,1.6,晴,7.0,9.0,1中京4,4歳以上1勝クラス,1:12.7,0.5,曇,3.5,2.0,,nar,2026-09-28,64.2,78.2,44.3,75.1,78.5,52.1,59.5,船橋実績 / 履歴少 / 近走上向き / 安定感
202665092810,2026-09-28,10,ハゴロモビクトリー,2.0,2.0,西謙一,660.0,,,,,,,,,,,,,,,,,,,,,,,,,,,,,,,,,,,,,,,,nar,2026-09-28,36.0,35.0,35.0,35.0,35.0,35.0,45.0,履歴少
202665092810,2026-09-28,10,ハリケーン,7.0,7.0,菊池一樹,660.0,,,,,,,,,,,,,,,,,,,,,,,,,,,,,,,,,,,,,,,,nar,2026-09-28,36.0,35.0,35.0,35.0,35.0,35.0,45.0,履歴少
202646092810,2026-09-28,10,ピースオーシャン,10.0,8.0,米倉知,55.0,,6.0,6.0,金沢,B12,1:39.1,1.9,雨,4.0,3.0,金沢,能登復興支援総持寺特(B1),1:39.7,1.3,晴,3.0,3.0,金沢,高島美稀お誕生日記念(B1特別),1:39.1,0.4,曇,3.0,7.0,金沢,海の日!夏バテ防止に(B1),1:32.6,0.4,晴,3.0,5.0,金沢,柴山潟特別(B1),1:39.2,1.0,曇,21.7,6.0,,nar,2026-09-28,60.16,74.7,53.8,69.6,33.5,59.5,56.2,金沢実績 / 履歴少 / 安定感 / 市場オッズ妙味
202643092810,2026-09-28,10,ピーターライズ,2.0,2.0,笹川翼,55.0,,2.0,1.0,川崎,日和風特別(B3二),1:30.5,0.0,雨,4.0,1.0,川崎,凌霄花特別(B3二),1:31.1,0.3,晴,2.0,1.0,川崎,夏紅特別(B3二),1:30.8,0.0,晴,1.0,1.0,川崎,仙人草賞(C1),1:31.7,-0.1,晴,3.0,1.0,船橋,アガパンサススプリン(B3),1:15.7,0.6,曇,6.8,4.0,,nar,2026-09-28,65.03,88.4,39.8,100.0,53.0,53.6,48.8,履歴少 / 安定感
202665092810,2026-09-28,10,フジノボーイ,1.0,1.0,鈴木恵介,660.0,,,,,,,,,,,,,,,,,,,,,,,,,,,,,,,,,,,,,,,,nar,2026-09-28,36.18,35.0,35.0,35.0,35.0,35.0,46.8,履歴少
202636092810,2026-09-28,10,フレイムウィングス,2.0,2.0,塚本涼人,56.0,,6.0,5.0,水沢,爽秋特別(A),1:42.4,0.8,曇,1.0,3.0,盛岡,納涼特別(A),1:39.5,-0.5,曇,4.0,7.0,盛岡,朝顔特別(A),1:38.9,0.8,晴,6.0,9.0,盛岡,文月特別(A),1:39.4,1.0,曇,4.0,6.0,盛岡,茉莉花特別(A),1:39.1,0.5,曇,6.6,5.0,,nar,2026-09-28,60.14,74.8,60.0,55.0,36.5,63.9,48.8,履歴少
202646092810,2026-09-28,10,ブラストバローズ,4.0,4.0,青柳正義,57.0,,8.0,6.0,金沢,B13,1:40.8,2.5,雨,9.0,2.0,金沢,能登復興支援須須神社(B1特別),1:42.4,3.6,曇,10.0,9.0,金沢,海の日!夏バテ防止に(B1),1:34.3,2.1,晴,4.0,8.0,金沢,柴山潟特別(B1),1:39.5,1.3,曇,7.0,7.0,金沢,白山白川郷ホワイトロ(B1),1:40.0,1.1,曇,48.0,9.0,,nar,2026-09-28,40.28,44.3,36.2,14.6,47.0,48.9,49.3,クラス条件好転 / 履歴少 / 市場オッズ妙味
202636092810,2026-09-28,10,ブラックレーション,10.0,8.0,小林凌,56.0,,10.0,4.0,盛岡,秋桜賞(B1),1:27.0,1.9,曇,5.0,4.0,盛岡,B1,1:26.8,1.7,曇,2.0,7.0,盛岡,B1,1:24.8,0.1,小雨,6.0,9.0,盛岡,ネモフィラ賞(B1),1:25.8,1.2,曇,7.0,6.0,盛岡,レモンポップ特別(B1),1:26.1,1.4,晴,11.3,6.0,,nar,2026-09-28,47.99,57.8,44.7,44.7,20.0,60.3,48.8,履歴少
202643092810,2026-09-28,10,ブレッザドリーム,11.0,8.0,川島正太,55.0,,6.0,5.0,船橋,モルセラスプリント(B3),1:15.5,1.3,晴,4.0,3.0,船橋,サボテンスプリント(B3),1:15.9,1.1,曇,9.0,8.0,船橋,ラベンダースプリント(B2),1:17.2,1.9,曇,2.0,4.0,船橋,ルピナススプリント(B2B3),1:15.5,0.3,晴,2.0,7.0,浦和,可能性は無限大マイル(B3),1:36.3,0.5,晴,28.9,7.0,,nar,2026-09-28,55.01,67.2,50.4,49.8,39.5,58.9,51.2,船橋実績 / 履歴少 / 市場オッズ妙味
202646092810,2026-09-28,10,マクギリス,2.0,2.0,田知弘久,57.0,,3.0,4.0,金沢,B13,1:38.6,0.3,雨,2.0,5.0,金沢,B13,1:38.5,0.8,曇,5.0,3.0,金沢,たいち&あやみ結婚記(B1),1:33.1,1.0,晴,4.0,5.0,金沢,ずまちゃんハッピーバ(B1特別),1:32.9,0.6,晴,4.0,6.0,金沢,早川LD昇進おめでと(B1),1:40.1,2.2,晴,11.5,3.0,,nar,2026-09-28,69.73,80.8,57.1,100.0,54.5,63.6,59.5,金沢実績 / 履歴少 / 安定感
202643092810,2026-09-28,10,ミルフルール,8.0,7.0,矢野貴之,55.0,,15.0,15.0,2東京10,三峰山特別(2勝クラス),1:39.4,2.8,曇,11.0,13.0,2東京3,4歳以上2勝クラス,1:38.7,2.0,晴,3.0,11.0,川崎,ブルートシュタインチ(A2B1),1:34.2,0.5,雨,9.0,8.0,1小倉3,有田特別(2勝クラス),0:59.7,0.5,晴,7.0,8.0,4新潟2,飛翼特別(2勝クラス),0:55.9,0.9,曇,2.4,1.0,,nar,2026-09-28,40.33,32.2,64.3,19.8,5.0,57.5,48.8,履歴少
202646092810,2026-09-28,10,ラブアンドラッキー,7.0,7.0,柴田勇真,55.0,,4.0,5.0,金沢,B12,1:38.8,1.6,雨,7.0,4.0,金沢,能登復興支援総持寺特(B1),1:40.0,1.6,晴,5.0,3.0,金沢,堀江舞アナ明日8月5(B1特別),1:33.8,0.9,晴,11.0,2.0,金沢,海の日!夏バテ防止に(B1),1:34.6,2.4,晴,4.0,2.0,金沢,白山白川郷ホワイトロ(B1),1:39.8,0.9,曇,20.7,5.0,,nar,2026-09-28,51.96,60.3,33.5,60.5,66.5,46.5,52.9,金沢実績 / 履歴少 / 近走上向き / 安定感
202646092810,2026-09-28,10,リュウノタイタン,1.0,1.0,吉原寛人,56.0,,1.0,1.0,金沢,3歳A 2,1:37.2,-1.3,雨,2.0,5.0,金沢,夫婦岩特別(3歳),1:31.2,0.3,曇,7.0,5.0,金沢,石川門C(3歳),1:32.6,1.2,晴,4.0,2.0,金沢,3歳A 2,1:39.9,1.6,曇,7.0,7.0,金沢,金沢城鼠多門賞【サラ(重賞),2:14.8,7.5,晴,1.6,1.0,,nar,2026-09-28,64.4,80.1,50.4,69.9,74.0,51.4,54.3,金沢実績 / クラス条件好転 / 近走上向き / 安定感
202636092810,2026-09-28,10,リリードリーマー,7.0,7.0,岩本怜,54.0,,8.0,6.0,水沢,B1,1:31.3,2.4,曇,3.0,4.0,盛岡,B1,1:12.6,0.3,曇,1.0,3.0,盛岡,明神崎賞(B1),1:25.8,-0.1,曇,5.0,5.0,盛岡,B1,1:13.2,0.7,曇,4.0,3.0,盛岡,オーキッド賞(B1),1:25.2,1.2,曇,37.9,9.0,,nar,2026-09-28,55.69,71.8,49.5,69.6,21.5,56.3,48.8,履歴少 / 安定感 / 市場オッズ妙味
202643092810,2026-09-28,10,レイシン,5.0,5.0,本田正重,57.0,,2.0,5.0,船橋,オーガストダッシュ(B2B3),1:01.4,0.3,曇,5.0,6.0,船橋,サボテンスプリント(B3),1:16.4,1.6,曇,5.0,1.0,船橋,ジュライダッシュ(B3),1:02.1,0.5,曇,3.0,2.0,船橋,オオカミ座ダッシュ(B2B3),1:02.1,0.3,曇,1.0,1.0,船橋,潮干狩りダッシュ(B3),1:01.2,-0.3,晴,13.5,5.0,,nar,2026-09-28,69.4,80.9,51.6,100.0,59.0,60.4,68.2,船橋実績 / ダ適性 / 前走人気以上 / 履歴少
202636092811,2026-09-28,11,アルサーフィ,2.0,2.0,関本玲花,54.0,,8.0,9.0,笠松,サマーC(重賞),1:31.0,2.6,晴,7.0,8.0,名古屋,小暑前特別(A),1:35.8,2.8,曇,9.0,5.0,笠松,飛騨OP(A),2:08.5,1.9,晴,4.0,1.0,笠松,小栗孝一M(A),1:29.9,1.0,曇,2.0,4.0,笠松,西濃OP(A),1:28.3,0.0,晴,54.9,9.0,,nar,2026-09-28,45.51,54.0,46.7,24.9,35.0,50.7,48.8,履歴少
202643092811,2026-09-28,11,アルメールヴェント,9.0,7.0,庄司大輔,56.0,,8.0,10.0,船橋,おとめ座スプリント(B3),1:16.1,2.6,晴,4.0,10.0,船橋,馬い!青レモンは佐賀(B3),1:16.3,0.3,曇,10.0,7.0,船橋,エメラルドマイル(B3),1:46.5,3.0,曇,8.0,4.0,川崎,ファイナルアンサー賞(B3),1:38.5,1.3,雨,4.0,8.0,浦和,浦和競馬×netke(B3),1:30.5,0.6,曇,139.5,8.0,,nar,2026-09-28,50.67,52.1,59.4,35.3,41.0,55.9,48.5,履歴少
202636092811,2026-09-28,11,アーマルコライト,11.0,8.0,山本聡紀,56.0,,8.0,7.0,盛岡,初秋特別(A),1:40.5,2.6,曇,3.0,9.0,園田,晩夏特別A2B1,2:05.9,0.5,晴,7.0,6.0,園田,A1A2,1:53.8,1.8,晴,8.0,12.0,園田,大阪発刊45周年記念(A1A2),1:53.0,1.6,晴,8.0,8.0,園田,ハナショウブ賞A1A(A1A2),1:32.7,2.7,曇,78.0,10.0,,nar,2026-09-28,51.21,55.6,61.0,24.9,41.0,57.8,50.0,総合評価
202665092811,2026-09-28,11,インカン,6.0,6.0,今井千尋,660.0,,,,,,,,,,,,,,,,,,,,,,,,,,,,,,,,,,,,,,,,nar,2026-09-28,36.18,35.0,35.0,35.0,35.0,35.0,46.8,履歴少
202643092811,2026-09-28,11,ウォークアップ,10.0,8.0,Ｆ．ゴン,55.0,,6.0,7.0,門別,北海優駿〔H1〕(重賞),2:11.5,2.9,晴,8.0,14.0,船橋,東京湾C(重賞),1:51.6,2.6,曇,3.0,2.0,船橋,チューリップ特別(3歳),1:45.9,1.8,雨,8.0,6.0,船橋,ブルーバードC(JpnIII),1:59.7,4.3,晴,7.0,4.0,大井,’25セラフィナイト(OP)(2歳),1:57.8,0.7,晴,24.1,3.0,,nar,2026-09-28,51.14,57.6,57.0,19.8,53.0,55.4,48.5,履歴少 / 市場オッズ妙味
202643092811,2026-09-28,11,エイシンダズル,6.0,6.0,木間塚龍,56.0,,6.0,2.0,船橋,おとめ座スプリント(B3),1:14.9,1.4,晴,1.0,2.0,船橋,C1二 三,1:15.0,-0.1,曇,3.0,1.0,船橋,千葉港特別(C1),1:47.1,0.2,曇,3.0,3.0,佐賀,フクシア賞(A2),1:29.9,1.1,晴,1.0,1.0,佐賀,八十八夜賞(B),1:28.8,-0.5,晴,25.9,4.0,,nar,2026-09-28,57.07,82.3,40.5,69.6,26.0,53.0,54.0,船橋実績 / 履歴少 / 安定感 / 市場オッズ妙味
202646092811,2026-09-28,11,エマージングロール,1.0,1.0,吉原寛人,57.0,,8.0,2.0,金沢,熊本地震被災者支援特(A1),1:35.8,5.4,曇,1.0,1.0,高知,ありがとうガルボマン(A),1:44.1,-0.2,曇,2.0,2.0,高知,Aー3,1:30.4,0.2,曇,8.0,1.0,高知,AB混合,1:45.4,2.6,雨,2.0,2.0,高知,AB混合,1:42.2,0.0,晴,1.8,1.0,,nar,2026-09-28,47.72,72.4,30.1,55.0,21.5,44.1,48.8,履歴少
202646092811,2026-09-28,11,オラヴェリタス,8.0,8.0,栗原大河,57.0,,1.0,3.0,金沢,お家でネット投票!楽(A2),1:31.5,-0.2,雨,1.0,3.0,金沢,白山白川郷ホワイトロ(B1),1:38.9,-0.7,曇,2.0,6.0,金沢,オッズパーク杯(B1),1:32.4,0.2,曇,9.0,3.0,金沢,恋路賞(B1),1:33.1,1.7,曇,5.0,1.0,金沢,B12,1:40.5,0.9,曇,9.3,4.0,,nar,2026-09-28,69.39,85.8,54.3,85.4,69.5,58.2,56.2,金沢実績 / 履歴少 / 近走上向き / 安定感
202665092811,2026-09-28,11,オレノコクオウ,10.0,8.0,鈴木恵介,690.0,,,,,,,,,,,,,,,,,,,,,,,,,,,,,,,,,,,,,,,,nar,2026-09-28,36.0,35.0,35.0,35.0,35.0,35.0,45.0,履歴少
202665092811,2026-09-28,11,カツブライト,4.0,4.0,赤塚健仁,660.0,,,,,,,,,,,,,,,,,,,,,,,,,,,,,,,,,,,,,,,,nar,2026-09-28,36.18,35.0,35.0,35.0,35.0,35.0,46.8,履歴少
202643092811,2026-09-28,11,カムバック,8.0,7.0,臼井健太,56.0,,3.0,7.0,船橋,熊本地震被災地復興支(C1),1:44.7,0.3,曇,10.0,4.0,船橋,40周年ありがとう株(C1),1:46.3,2.5,曇,3.0,7.0,船橋,トルコキキョウ特別(B3),1:44.6,0.4,小雨,11.0,9.0,船橋,花柘榴賞(C1),1:48.6,5.3,曇,1.0,4.0,浦和,双子座特別(C1),1:29.8,-0.1,曇,39.7,7.0,,nar,2026-09-28,59.22,62.4,53.7,60.5,69.5,58.2,51.2,船橋実績 / 前走人気以上 / 履歴少 / 近走上向き
202665092811,2026-09-28,11,カワノラクシュミー,9.0,8.0,渡来心路,640.0,,,,,,,,,,,,,,,,,,,,,,,,,,,,,,,,,,,,,,,,nar,2026-09-28,36.0,35.0,35.0,35.0,35.0,35.0,45.0,履歴少
202665092811,2026-09-28,11,キョウエイジェット,7.0,7.0,菊池一樹,660.0,,,,,,,,,,,,,,,,,,,,,,,,,,,,,,,,,,,,,,,,nar,2026-09-28,36.18,35.0,35.0,35.0,35.0,35.0,46.8,履歴少
202665092811,2026-09-28,11,コトブキラベンダー,2.0,2.0,西将太,640.0,,,,,,,,,,,,,,,,,,,,,,,,,,,,,,,,,,,,,,,,nar,2026-09-28,36.0,35.0,35.0,35.0,35.0,35.0,45.0,履歴少
202646092811,2026-09-28,11,ゴールドブラボー,4.0,4.0,青柳正義,55.0,,3.0,5.0,金沢,お家でネット投票!楽(A2),1:37.9,0.1,曇,3.0,6.0,金沢,お家でネット投票!楽(A2),1:31.7,0.4,晴,5.0,4.0,金沢,お家でネット投票!楽(A2),1:32.6,1.0,曇,4.0,5.0,金沢,お家でネット投票!楽(A2),1:32.6,1.1,曇,3.0,5.0,金沢,お家でネット投票!楽(A2),1:32.6,0.5,晴,4.5,2.0,,nar,2026-09-28,69.56,79.7,60.6,100.0,54.5,61.0,56.4,金沢実績 / 安定感
202646092811,2026-09-28,11,シスターアクト,7.0,7.0,甲賀弘隆,55.0,,6.0,7.0,金沢,金沢競馬は楽天競馬で(A2),1:54.5,2.3,曇,5.0,6.0,金沢,金沢競馬は楽天競馬で(A2),1:53.8,0.5,晴,6.0,10.0,金沢,ありがとう!葛山晃平(A1),1:53.3,2.1,曇,7.0,7.0,金沢,加賀友禅賞【読売レデ(重賞),1:38.9,2.0,曇,8.0,10.0,金沢,金沢競馬は楽天競馬で(A2),1:55.4,1.2,曇,72.1,8.0,,nar,2026-09-28,53.25,59.2,60.9,24.9,53.0,57.8,46.3,履歴少
202646092811,2026-09-28,11,シートン,6.0,6.0,加藤翔馬,57.0,,9.0,5.0,金沢,お家でネット投票!楽(A2),1:32.6,1.3,晴,7.0,3.0,金沢,お家でネット投票!楽(A2),1:32.8,1.3,曇,4.0,2.0,金沢,お家でネット投票!楽(A2),1:32.7,0.6,晴,,,高知,Aー3,,,晴,7.0,6.0,高知,Aー3,1:29.4,2.3,曇,15.6,6.0,,nar,2026-09-28,39.36,51.9,27.8,19.8,32.0,49.8,49.8,市場オッズ妙味
202665092811,2026-09-28,11,スターノチカラ,1.0,1.0,長澤幸太,670.0,,,,,,,,,,,,,,,,,,,,,,,,,,,,,,,,,,,,,,,,nar,2026-09-28,36.18,35.0,35.0,35.0,35.0,35.0,46.8,履歴少
202643092811,2026-09-28,11,セントレガーロ,3.0,3.0,沖響主,51.0,,8.0,13.0,川崎,アクルックス賞(B3),2:17.8,1.4,曇,13.0,12.0,船橋,ペルセウス2200(B2B3),2:31.8,3.0,曇,9.0,11.0,船橋,スパイラルカーブ賞(B3),1:59.9,3.1,曇,11.0,10.0,浦和,"ハロー,ウラワールド(B2B3)",2:11.9,4.0,晴,5.0,7.0,船橋,スタープリンス特別(C1),1:58.8,1.4,曇,258.9,11.0,,nar,2026-09-28,44.77,31.4,62.1,10.3,59.0,55.5,49.8,前走人気以上
202636092811,2026-09-28,11,タイセイストラーダ,6.0,6.0,山本政聡,56.0,,3.0,5.0,水沢,白露特別(A),1:43.7,2.4,曇,5.0,6.0,盛岡,初秋特別(A),1:39.3,1.4,曇,5.0,1.0,盛岡,納涼特別(A),1:40.1,0.6,曇,1.0,1.0,盛岡,45周年Annive(B1),1:38.6,-0.2,小雨,1.0,2.0,盛岡,夢・希望未来へ前進(B1),1:38.6,0.0,曇,27.0,7.0,,nar,2026-09-28,65.68,80.8,51.2,100.0,50.0,56.3,48.8,履歴少 / 安定感 / 市場オッズ妙味
202643092811,2026-09-28,11,ダートレイジング,4.0,4.0,古岡勇樹,56.0,,9.0,12.0,川崎,夕月夜特別(B3二),1:47.6,2.5,曇,8.0,7.0,川崎,法師蝉特別(B3二),1:45.7,0.9,晴,6.0,7.0,川崎,夏草特別(B3二),1:45.3,0.7,曇,6.0,8.0,川崎,半夏生特別(B3二),1:47.0,1.2,雨,8.0,8.0,川崎,カペラ賞(B2B3),2:16.4,2.1,曇,245.2,10.0,,nar,2026-09-28,44.22,47.1,58.1,0.0,38.0,54.8,48.8,前走人気以上 / 履歴少
202643092811,2026-09-28,11,チェリスト,7.0,6.0,岡村健司,56.0,,3.0,1.0,船橋,勇魚特別(B3),1:43.5,0.2,晴,1.0,1.0,船橋,馬い!八幡平バイオレ(C1),1:43.8,-1.2,曇,1.0,1.0,船橋,馬い!淡路洲本農園玉(C1),1:44.5,-1.1,曇,1.0,1.0,船橋,犬吠埼賞(C2),1:42.3,-1.1,晴,1.0,1.0,船橋,3歳三,1:14.9,-0.9,曇,2.7,2.0,,nar,2026-09-28,67.53,95.1,45.7,100.0,38.0,52.9,59.5,船橋実績 / 履歴少 / 安定感
202646092811,2026-09-28,11,テイコク,5.0,5.0,浅野登生,54.0,,2.0,5.0,金沢,お家でネット投票!楽(A2),1:31.7,0.1,曇,5.0,3.0,金沢,お家でネット投票!楽(A2),1:32.8,0.7,晴,6.0,4.0,金沢,金沢競馬は楽天競馬で(A2),1:54.4,0.9,曇,7.0,4.0,金沢,金沢競馬は楽天競馬で(A2),1:55.3,1.1,曇,4.0,3.0,金沢,お家でネット投票!楽(A2),1:31.6,0.5,晴,15.5,5.0,,nar,2026-09-28,61.16,72.2,46.3,65.7,71.0,58.4,52.5,金沢実績 / 前走人気以上 / 近走上向き / 安定感
202636092811,2026-09-28,11,トーセンマッシモ,9.0,7.0,山本聡哉,56.0,,1.0,4.0,盛岡,小暑特別(A),1:38.3,-0.1,曇,2.0,2.0,盛岡,青葉特別(A),1:38.0,0.6,晴,6.0,4.0,盛岡,シアンモア記念(重賞),1:38.3,1.3,晴,2.0,6.0,水沢,赤松杯(重賞),1:42.0,0.7,晴,2.0,2.0,水沢,駒形賞(重賞),1:44.5,0.7,晴,3.5,2.0,,nar,2026-09-28,69.74,88.1,57.7,80.2,62.0,58.6,59.5,水沢実績 / 前走人気以上 / 履歴少 / 安定感
202643092811,2026-09-28,11,ネライウチ,11.0,8.0,笠野雄大,56.0,,2.0,6.0,浦和,秋彼岸特別(B3),1:35.6,0.0,晴,12.0,11.0,船橋,勇魚特別(B3),1:45.0,1.7,晴,4.0,5.0,浦和,雁来月特別(B3),1:28.6,0.7,晴,5.0,4.0,川崎,星河一天特別(B3二),1:37.8,0.9,晴,5.0,8.0,浦和,浦和競馬LIVE賞(B3),1:36.9,1.3,晴,34.7,6.0,,nar,2026-09-28,63.53,62.9,59.3,75.1,77.0,60.2,50.0,前走人気以上 / 近走上向き / 安定感 / 市場オッズ妙味
202636092811,2026-09-28,11,ハクシンパーソナル,1.0,1.0,高橋悠里,56.0,,2.0,2.0,水沢,爽秋特別(A),1:41.6,0.0,曇,2.0,4.0,盛岡,初秋特別(A),1:38.4,0.5,曇,1.0,4.0,盛岡,朝顔特別(A),1:38.1,-0.4,晴,8.0,6.0,盛岡,文月特別(A),1:39.4,1.0,曇,1.0,10.0,盛岡,浜木綿賞(B1),1:38.0,0.0,晴,5.7,3.0,,nar,2026-09-28,70.35,87.4,62.1,85.4,56.0,65.2,48.8,履歴少 / 安定感 / 過小評価傾向
202646092811,2026-09-28,11,フェイマスダンディ,2.0,2.0,吉田晃浩,57.0,,10.0,11.0,金沢,ありがとう!葛山晃平(A1),1:54.7,3.5,曇,9.0,6.0,金沢,スマホで投票!楽天競(A1),1:33.1,4.0,曇,8.0,7.0,金沢,日本海スプリント(重賞),1:31.9,1.6,曇,1.0,5.0,金沢,お家でネット投票!楽(A2),1:31.1,-0.4,晴,7.0,1.0,金沢,お家でネット投票!楽(A2),1:35.1,1.9,曇,20.3,7.0,,nar,2026-09-28,40.4,46.1,45.3,14.6,27.5,49.6,46.3,履歴少 / 市場オッズ妙味
202646092811,2026-09-28,11,フランコルシャン,3.0,3.0,松戸政也,57.0,,1.0,3.0,金沢,お家でネット投票!楽(A2),1:31.3,-0.4,晴,3.0,2.0,金沢,お家でネット投票!楽(A2),1:33.2,0.8,晴,1.0,2.0,金沢,皐月特別(B1),1:39.9,-0.8,曇,3.0,1.0,金沢,ノトキリシマツツジ特(A2),1:57.0,0.6,曇,3.0,2.0,金沢,お家でネット投票!楽(A2),1:35.4,0.6,晴,5.9,3.0,,nar,2026-09-28,71.03,92.0,51.1,100.0,59.0,56.9,59.5,金沢実績 / 履歴少 / 安定感
202643092811,2026-09-28,11,ブライトビギニング,1.0,1.0,野畑凌,56.0,,1.0,1.0,船橋,C1二 三,1:44.2,-0.4,晴,1.0,1.0,船橋,C1四 五六 ア(C1五),1:37.9,-0.7,曇,11.0,6.0,1函館3,3歳以上1勝クラス,1:47.5,2.8,曇,5.0,6.0,2東京9,4歳以上1勝クラス,1:25.2,0.5,曇,5.0,3.0,2東京3,4歳以上1勝クラス,1:25.4,0.4,晴,1.5,1.0,,nar,2026-09-28,63.09,76.2,42.7,80.2,77.0,47.8,59.5,船橋実績 / 履歴少 / 近走上向き / 安定感
202636092811,2026-09-28,11,ブレイクバウンズ,8.0,7.0,塚本涼人,56.0,,2.0,4.0,水沢,白露特別(A),1:42.5,1.2,曇,2.0,3.0,盛岡,B1二組,1:38.8,0.9,曇,2.0,1.0,盛岡,いわて北緯40度八幡(B1),1:40.4,0.0,晴,1.0,2.0,水沢,B2,1:41.7,-1.0,晴,4.0,1.0,水沢,シベリアンアイリス賞(B1B2),1:44.5,0.3,晴,9.8,4.0,,nar,2026-09-28,70.94,91.5,53.5,100.0,51.5,59.7,59.5,水沢実績 / 履歴少 / 安定感
202636092811,2026-09-28,11,プリンスミノル,5.0,5.0,村上忍,56.0,,1.0,1.0,水沢,爽秋特別(A),1:41.6,0.0,曇,3.0,3.0,盛岡,初秋特別(A),1:38.7,0.8,曇,3.0,2.0,盛岡,大暑特別(A),1:38.8,0.9,晴,10.0,10.0,盛岡,マーキュリーC(JpnIII),2:07.1,4.8,曇,5.0,7.0,水沢,一條記念みちのく大賞(重賞),2:05.6,1.4,雨,2.1,1.0,,nar,2026-09-28,66.94,79.0,50.1,85.4,75.5,53.8,59.5,水沢実績 / 履歴少 / 近走上向き / 安定感
202643092811,2026-09-28,11,ボルドーリスクレス,2.0,2.0,所蛍,55.0,,5.0,11.0,川崎,夕月夜特別(B3二),1:46.9,1.8,曇,6.0,14.0,船橋,勇魚特別(B3),1:44.2,0.9,晴,5.0,8.0,船橋,盆踊り賞(B3),1:45.7,1.1,曇,4.0,12.0,浦和,浦和競馬LIVE賞(B3),1:36.4,0.8,晴,7.0,9.0,船橋,トルコキキョウ特別(B3),1:45.6,1.4,小雨,161.3,9.0,,nar,2026-09-28,69.12,65.5,90.5,64.7,53.0,71.1,49.8,前走人気以上 / 人気以上に走る傾向 / 安定感 / 過小評価傾向
202636092811,2026-09-28,11,ミライヘノシンゲキ,10.0,8.0,大坪慎,56.0,,7.0,7.0,水沢,白露特別(A),1:44.5,3.2,曇,5.0,3.0,盛岡,秋桜賞(B1),1:25.8,0.7,曇,3.0,1.0,盛岡,夢・希望未来へ前進(B1),1:39.7,0.3,晴,6.0,3.0,盛岡,45周年Annive(B1),1:39.0,0.4,小雨,3.0,1.0,盛岡,夢・希望未来へ前進(B1),1:38.8,0.2,曇,107.1,11.0,,nar,2026-09-28,50.28,66.8,39.2,55.0,33.5,47.7,48.8,履歴少
202665092811,2026-09-28,11,ヤマトテンショウ,8.0,7.0,中村太陽,670.0,,,,,,,,,,,,,,,,,,,,,,,,,,,,,,,,,,,,,,,,nar,2026-09-28,36.18,35.0,35.0,35.0,35.0,35.0,46.8,履歴少 / 前走人気以上
202665092811,2026-09-28,11,ヤマノブラウン,5.0,5.0,中原蓮,650.0,,,,,,,,,,,,,,,,,,,,,,,,,,,,,,,,,,,,,,,,nar,2026-09-28,36.18,35.0,35.0,35.0,35.0,35.0,46.8,履歴少 / 前走人気以上
202636092811,2026-09-28,11,ラティサワー,4.0,4.0,岩本怜,56.0,,6.0,3.0,水沢,白露特別(A),1:44.1,2.8,曇,4.0,5.0,盛岡,初秋特別(A),1:38.8,0.9,曇,4.0,4.0,盛岡,大暑特別(A),1:38.8,0.9,晴,4.0,5.0,盛岡,文月特別(A),1:38.8,0.4,曇,10.0,7.0,盛岡,小暑特別(A),1:39.6,1.3,曇,23.6,6.0,,nar,2026-09-28,54.29,66.2,44.2,59.3,47.0,53.7,48.8,履歴少 / 市場オッズ妙味
202636092811,2026-09-28,11,リトルサムシング,3.0,3.0,菅原辰徳,56.0,,6.0,5.0,水沢,青藍賞(重賞),1:42.8,2.1,曇,1.0,1.0,盛岡,初秋特別(A),1:37.9,-0.5,曇,1.0,5.0,盛岡,大暑特別(A),1:37.9,-0.5,晴,6.0,6.0,盛岡,スプリント特別(OP),1:26.4,1.7,曇,,9.0,盛岡,岩鷲賞(重賞),,,晴,16.0,5.0,,nar,2026-09-28,58.12,79.9,53.8,44.7,30.0,64.2,48.8,履歴少 / 市場オッズ妙味
202643092811,2026-09-28,11,リュウノエッセンス,5.0,5.0,山中悠希,53.0,,2.0,9.0,船橋,熊本地震被災地復興支(C1),1:44.6,0.2,曇,9.0,6.0,船橋,40周年ありがとう株(C1),1:45.7,1.9,曇,5.0,4.0,浦和,トワイライトマジック(C1),1:36.4,1.1,晴,6.0,5.0,浦和,荒川特別(B3),1:30.1,1.2,曇,5.0,5.0,船橋,手賀沼特別(3歳),1:40.3,2.1,雨,28.3,5.0,,nar,2026-09-28,61.96,66.2,57.3,60.5,75.5,57.6,53.1,船橋実績 / 前走人気以上 / 近走上向き / 安定感
202665092811,2026-09-28,11,レッドウンカイ,3.0,3.0,金田利貴,670.0,,,,,,,,,,,,,,,,,,,,,,,,,,,,,,,,,,,,,,,,nar,2026-09-28,36.18,35.0,35.0,35.0,35.0,35.0,46.8,履歴少
202636092811,2026-09-28,11,ヴァトレニ,7.0,6.0,高松亮,56.0,,4.0,7.0,水沢,青藍賞(重賞),1:42.3,1.6,曇,6.0,6.0,盛岡,OROターフ特別(OP),1:38.1,1.0,曇,12.0,9.0,盛岡,岩手県知事杯OROカ(重賞),1:45.4,1.5,曇,1.0,2.0,盛岡,OROターフ特別(OP),1:36.9,-0.1,曇,6.0,6.0,盛岡,いしがきマイラーズ(重賞),1:37.1,0.8,小雨,28.5,8.0,,nar,2026-09-28,55.91,61.2,53.3,45.0,63.5,56.9,50.0,前走人気以上 / 市場オッズ妙味
202636092812,2026-09-28,12,アイディアリスト,7.0,6.0,村上忍,56.0,,4.0,7.0,水沢,C1,1:30.2,0.5,小雨,7.0,3.0,盛岡,C1,1:26.7,1.4,小雨,2.0,3.0,盛岡,チックウィード賞(B2),1:27.0,0.2,晴,6.0,6.0,船橋,ふたご座スプリント(C2),1:16.9,1.2,雨,9.0,8.0,船橋,みどりの日特別(C2),1:46.7,1.8,曇,36.7,10.0,,nar,2026-09-28,56.82,66.7,50.1,50.2,62.0,55.6,48.8,前走人気以上 / 履歴少 / 市場オッズ妙味
202665092812,2026-09-28,12,アカオビ,10.0,8.0,赤塚健仁,640.0,,,,,,,,,,,,,,,,,,,,,,,,,,,,,,,,,,,,,,,,nar,2026-09-28,36.18,35.0,35.0,35.0,35.0,35.0,46.8,履歴少
202665092812,2026-09-28,12,アソマルゼン,1.0,1.0,林康文,640.0,,,,,,,,,,,,,,,,,,,,,,,,,,,,,,,,,,,,,,,,nar,2026-09-28,36.18,35.0,35.0,35.0,35.0,35.0,46.8,履歴少
202636092812,2026-09-28,12,キタノヴァリュー,3.0,3.0,山本政聡,54.0,,5.0,3.0,水沢,C1,1:30.3,0.6,小雨,4.0,7.0,盛岡,シェパーズパース賞(C1),1:27.1,0.4,曇,7.0,5.0,盛岡,C1,1:27.2,0.8,晴,3.0,6.0,盛岡,幽玄洞賞(C1),1:27.1,0.2,曇,6.0,8.0,盛岡,C1,1:27.8,0.9,曇,46.4,11.0,,nar,2026-09-28,59.42,68.3,52.7,69.9,50.0,58.9,50.0,前走人気以上 / 安定感 / 市場オッズ妙味
202636092812,2026-09-28,12,キャッスルトップ,11.0,8.0,南郷家全,56.0,,1.0,2.0,水沢,C1二組,1:41.9,-0.4,小雨,10.0,8.0,盛岡,初秋特別(A),1:41.0,3.1,曇,5.0,7.0,高知,アカメ特別(A),1:48.3,1.6,晴,7.0,8.0,高知,Aー3,1:29.4,1.6,曇,6.0,7.0,高知,AB混合,1:29.4,1.8,雨,5.1,2.0,,nar,2026-09-28,60.6,64.6,53.1,50.2,86.0,58.9,51.8,クラス条件好転 / 履歴少 / 近走上向き
202636092812,2026-09-28,12,キラン,5.0,5.0,佐々木志,54.0,,9.0,11.0,水沢,C1一組,1:45.3,2.3,曇,7.0,7.0,盛岡,C2五組,1:14.8,1.6,晴,6.0,7.0,盛岡,C2四組,1:15.8,2.8,晴,7.0,4.0,盛岡,C2四組,1:29.3,2.7,晴,5.0,7.0,盛岡,C2三組,1:29.3,2.7,曇,262.0,12.0,,nar,2026-09-28,44.75,50.4,54.0,10.3,33.5,53.9,48.8,履歴少
202643092812,2026-09-28,12,グラビティモデル,2.0,2.0,鷹見陸,56.0,,9.0,8.0,浦和,宮沢湖特別(C1),1:37.3,2.9,雨,12.0,11.0,船橋,花柘榴賞(C1),1:50.2,6.9,曇,10.0,5.0,船橋,薫風賞(C1),1:46.7,2.2,曇,1.0,8.0,船橋,カイヤナイト特別(C2),1:46.2,0.0,晴,10.0,6.0,船橋,感謝!特別(C2),1:47.3,1.8,晴,50.0,10.0,,nar,2026-09-28,39.46,36.9,43.5,14.6,45.5,48.3,47.1,履歴少
202665092812,2026-09-28,12,コウイッテン,4.0,4.0,吉田理人,610.0,,,,,,,,,,,,,,,,,,,,,,,,,,,,,,,,,,,,,,,,nar,2026-09-28,36.0,35.0,35.0,35.0,35.0,35.0,45.0,履歴少
202643092812,2026-09-28,12,コマサ,10.0,7.0,御神本訓,55.0,,2.0,1.0,船橋,灯籠賞(3歳),1:37.7,0.1,晴,1.0,1.0,船橋,3歳 331P,1:38.6,-0.6,晴,7.0,4.0,船橋,ナティレイン特別(3歳未格),1:47.3,3.9,曇,2.0,1.0,船橋,3歳五,1:16.4,0.5,曇,1.0,3.0,船橋,3歳九 未受賞,1:17.1,-0.8,曇,3.0,1.0,,nar,2026-09-28,64.1,86.9,44.1,80.2,54.5,52.7,56.2,船橋実績 / 履歴少 / 安定感
202643092812,2026-09-28,12,ゴールドトピアリー,8.0,6.0,Ｆ．ゴン,53.0,,3.0,3.0,船橋,C1四 五六 イ(C1五),1:15.6,0.1,晴,5.0,5.0,船橋,C1四 五六 イ(C1五),1:16.5,1.4,晴,2.0,2.0,船橋,3歳二,1:17.0,1.3,曇,3.0,7.0,船橋,3歳二,1:15.8,0.2,晴,1.0,4.0,船橋,3歳七,1:16.8,-0.2,雨,12.8,6.0,,nar,2026-09-28,69.73,83.2,56.3,100.0,48.5,65.4,59.5,船橋実績 / 履歴少 / 安定感 / 過小評価傾向
202643092812,2026-09-28,12,ゴールドパートナー,6.0,5.0,山口達弥,56.0,,1.0,1.0,船橋,かに座特別(C2),1:45.1,-0.2,曇,1.0,1.0,船橋,C2二 三,1:38.0,-0.2,曇,2.0,4.0,船橋,C2五 六,1:38.2,0.1,曇,5.0,3.0,船橋,C2六 七八 ア(C2七),1:39.6,1.5,晴,4.0,3.0,船橋,C2四 五六 ア(C2五),1:39.2,1.5,晴,5.9,3.0,,nar,2026-09-28,70.91,91.3,50.0,100.0,62.0,56.9,59.5,船橋実績 / 履歴少 / 安定感
202665092812,2026-09-28,12,サクラジェームス,3.0,3.0,今井千尋,630.0,,,,,,,,,,,,,,,,,,,,,,,,,,,,,,,,,,,,,,,,nar,2026-09-28,36.0,35.0,35.0,35.0,35.0,35.0,45.0,履歴少
202665092812,2026-09-28,12,ジェイセリーヌ,9.0,8.0,西謙一,620.0,,,,,,,,,,,,,,,,,,,,,,,,,,,,,,,,,,,,,,,,nar,2026-09-28,36.0,35.0,35.0,35.0,35.0,35.0,45.0,履歴少
202665092812,2026-09-28,12,ジェイノコマ,2.0,2.0,阿部優哉,650.0,,,,,,,,,,,,,,,,,,,,,,,,,,,,,,,,,,,,,,,,nar,2026-09-28,36.18,35.0,35.0,35.0,35.0,35.0,46.8,履歴少 / 前走人気以上
202665092812,2026-09-28,12,スタージャガー,8.0,7.0,阿部武臣,640.0,,,,,,,,,,,,,,,,,,,,,,,,,,,,,,,,,,,,,,,,nar,2026-09-28,36.0,35.0,35.0,35.0,35.0,35.0,45.0,履歴少
202665092812,2026-09-28,12,スターフェニックス,7.0,7.0,船山蔵人,650.0,,,,,,,,,,,,,,,,,,,,,,,,,,,,,,,,,,,,,,,,nar,2026-09-28,36.0,35.0,35.0,35.0,35.0,35.0,45.0,履歴少
202643092812,2026-09-28,12,スマイルモンブラン,4.0,4.0,野畑凌,56.0,,11.0,11.0,船橋,馬い!お米は魚沼でん(C1五),1:39.5,4.2,晴,9.0,10.0,船橋,春玄鳥スプリント(C1),1:17.6,2.5,雨,10.0,5.0,船橋,春疾風賞(C1三),1:49.1,4.0,晴,6.0,6.0,浦和,まだまだ盛り上がろう(C1),1:37.6,1.0,曇,7.0,9.0,船橋,福寿草特別(C1),1:46.6,1.4,晴,90.9,11.0,,nar,2026-09-28,35.99,34.7,46.3,0.0,32.0,49.6,43.8,履歴少
202643092812,2026-09-28,12,セザンバトラー,13.0,8.0,小杉亮,55.0,,2.0,5.0,船橋,ナイスハルター特別(3歳未格),1:45.4,0.1,晴,3.0,3.0,船橋,花見月特別(3歳),1:39.6,0.4,晴,5.0,6.0,船橋,如月賞(3歳),1:39.2,0.9,晴,5.0,6.0,船橋,インテリパワー・メモ(3歳),1:39.0,2.2,曇,1.0,4.0,船橋,光芒一閃スプリント(2歳),1:16.5,-0.3,晴,16.3,7.0,,nar,2026-09-28,72.17,82.6,61.0,100.0,59.0,67.1,59.5,船橋実績 / 前走人気以上 / 履歴少 / 安定感
202665092812,2026-09-28,12,ツルイミツサクラ,6.0,6.0,西将太,620.0,,,,,,,,,,,,,,,,,,,,,,,,,,,,,,,,,,,,,,,,nar,2026-09-28,36.0,35.0,35.0,35.0,35.0,35.0,45.0,履歴少
202643092812,2026-09-28,12,バスターウルフ,11.0,7.0,木間塚龍,56.0,,12.0,12.0,川崎,旗印賞(C1),1:50.4,4.4,曇,11.0,7.0,船橋,C1二 三,1:48.1,3.9,晴,8.0,8.0,大井,B3五,1:16.1,2.8,晴,10.0,11.0,門別,メランポジューム特別(B3),1:54.7,3.8,晴,7.0,4.0,門別,オケクラフト特別(B3),2:04.9,7.5,曇,107.3,13.0,,nar,2026-09-28,32.85,26.8,41.9,0.0,32.0,47.0,48.8,履歴少
202643092812,2026-09-28,12,バーンズベリー,3.0,3.0,藤本現暉,56.0,,10.0,9.0,川崎,木槿賞(C1),1:33.6,2.2,雨,8.0,6.0,船橋,馬い!お米は魚沼でん(C1五),1:38.6,3.3,晴,7.0,4.0,船橋,C1四 五六 イ(C1五),1:16.8,1.7,晴,6.0,7.0,船橋,馬い!淡路洲本農園玉(C1),1:46.8,2.3,曇,12.0,2.0,船橋,馬い!洲本農園新玉ね(C1),1:19.5,3.5,曇,95.8,12.0,,nar,2026-09-28,34.18,39.7,34.0,0.0,39.5,41.2,43.8,履歴少
202636092812,2026-09-28,12,ヒロシゲウェーブ,6.0,5.0,塚本涼人,56.0,,2.0,4.0,水沢,四十八坂賞(C1),1:29.8,0.2,曇,5.0,9.0,盛岡,B2,1:26.8,0.9,曇,5.0,5.0,盛岡,チックウィード賞(B2),1:27.7,0.9,晴,3.0,5.0,盛岡,B2,1:26.4,0.8,曇,3.0,4.0,盛岡,B2,1:25.9,0.4,雨,15.2,6.0,,nar,2026-09-28,71.61,79.3,64.0,100.0,62.0,67.4,51.8,クラス条件好転 / 履歴少 / 安定感 / 過小評価傾向
202636092812,2026-09-28,12,ビッグシシールーフ,9.0,7.0,小林凌,54.0,,2.0,4.0,水沢,C1二組,1:42.3,0.4,小雨,2.0,9.0,盛岡,岩手ビッグブルズシー(C1),1:38.9,0.1,曇,7.0,5.0,盛岡,ミルクティーローズ賞(C1),1:40.9,1.2,曇,4.0,8.0,盛岡,B2二組,1:39.2,0.8,晴,5.0,5.0,水沢,猊鼻渓賞(B2),1:29.4,0.9,晴,7.7,4.0,,nar,2026-09-28,71.06,79.3,67.8,80.2,65.0,65.8,59.5,水沢実績 / 履歴少 / 人気以上に走る傾向 / 近走上向き
202636092812,2026-09-28,12,ピュアジャスミン,2.0,2.0,山本聡紀,54.0,,2.0,5.0,水沢,C1一組,1:43.0,0.0,曇,9.0,4.0,盛岡,オーガストC(B2),1:27.1,1.6,晴,2.0,1.0,盛岡,B2,1:12.6,0.0,小雨,5.0,4.0,盛岡,B2,1:26.0,0.7,曇,4.0,6.0,盛岡,ドンフランキー特別(B2),1:39.3,0.5,晴,5.2,3.0,,nar,2026-09-28,61.76,72.9,46.7,75.1,68.0,55.7,51.8,クラス条件好転 / 前走人気以上 / 履歴少 / 近走上向き
202643092812,2026-09-28,12,ファイアーワルツ,12.0,8.0,川島正太,54.0,,2.0,2.0,船橋,サルビア賞(C2),1:43.7,0.1,晴,5.0,2.0,浦和,特選(C2),1:30.9,2.1,晴,2.0,2.0,船橋,夜桜ダッシュ(C2),1:02.8,0.0,晴,2.0,2.0,船橋,馬い!淡路むらっち玉(C2),1:16.7,0.7,晴,2.0,2.0,浦和,特選(C2),1:30.7,0.1,曇,7.2,4.0,,nar,2026-09-28,67.22,86.0,44.8,100.0,54.5,56.5,59.5,船橋実績 / 履歴少 / 安定感
202665092812,2026-09-28,12,フジエース,5.0,5.0,中村太陽,620.0,,,,,,,,,,,,,,,,,,,,,,,,,,,,,,,,,,,,,,,,nar,2026-09-28,36.0,35.0,35.0,35.0,35.0,35.0,45.0,履歴少
202636092812,2026-09-28,12,ブラックトルネード,12.0,8.0,阿部英俊,56.0,,1.0,1.0,水沢,C2,0:51.0,-0.2,雨,1.0,1.0,盛岡,C2二組,1:25.7,-1.8,晴,1.0,1.0,盛岡,C2五組,1:12.5,-1.0,晴,11.0,11.0,1函館5,3歳以上1勝クラス,0:59.6,2.2,晴,15.0,16.0,3東京3,3歳以上1勝クラス,1:27.1,3.6,晴,2.5,1.0,,nar,2026-09-28,65.85,78.0,50.7,75.1,86.0,54.5,48.8,履歴少 / 近走上向き / 安定感
202636092812,2026-09-28,12,ベルドラゴ,1.0,1.0,山本聡哉,56.0,,2.0,2.0,水沢,C1四組,1:30.8,0.0,曇,6.0,6.0,盛岡,夢・希望未来へ前進(B1),1:39.6,1.0,曇,10.0,10.0,高知,AB混合,1:34.0,2.5,晴,12.0,12.0,高知,四万十川特別,2:02.1,4.1,雨,7.0,11.0,高知,Bー2,1:30.9,1.0,晴,21.5,8.0,,nar,2026-09-28,55.96,55.6,52.9,30.4,90.5,57.3,51.8,クラス条件好転 / 履歴少 / 近走上向き / 市場オッズ妙味
202643092812,2026-09-28,12,マイキー,7.0,5.0,臼井健太,56.0,,7.0,3.0,船橋,馬い!お米は魚沼でん(C1五),1:38.3,3.0,晴,2.0,5.0,船橋,C1四 五,1:38.7,0.9,曇,9.0,8.0,大井,C1五 六,1:15.1,1.8,曇,10.0,8.0,大井,ほうおう座特別競走(C1),2:12.7,2.0,曇,5.0,3.0,大井,文の京賞(C1),1:44.1,0.6,晴,10.1,5.0,,nar,2026-09-28,48.47,57.0,41.9,35.3,47.0,53.5,51.2,船橋実績 / 履歴少
202636092812,2026-09-28,12,マルケイロジャー,8.0,6.0,菅原辰徳,56.0,,2.0,9.0,盛岡,B2,1:25.5,0.1,小雨,6.0,11.0,水沢,ビッグレッドファーム(B1),1:28.5,1.5,曇,10.0,12.0,水沢,ゴールデンジョッキー(B1),1:43.0,1.8,雪,10.0,8.0,水沢,夢・希望未来へ前進(B1),1:43.7,2.1,曇,,,盛岡,ユーカリ賞(B1),,,晴,15.4,7.0,,nar,2026-09-28,63.33,58.6,77.1,30.4,90.0,68.5,43.8,前走人気以上 / 履歴少 / 人気以上に走る傾向 / 近走上向き
202636092812,2026-09-28,12,ヤマショウクイーン,4.0,4.0,坂井瑛音,53.0,,2.0,2.0,水沢,C1,1:29.1,0.4,小雨,5.0,9.0,盛岡,C1,1:26.5,1.2,小雨,2.0,7.0,盛岡,タブの大島賞(C1),1:00.0,1.0,晴,3.0,3.0,盛岡,C1,1:26.6,0.2,晴,6.0,9.0,盛岡,C1,1:26.8,1.9,曇,15.1,5.0,,nar,2026-09-28,71.6,81.5,66.1,89.7,62.0,69.4,50.0,前走人気以上 / 人気以上に走る傾向 / 安定感 / 過小評価傾向
202636092812,2026-09-28,12,ヤマショウシャイン,10.0,7.0,高松亮,54.0,,3.0,3.0,水沢,C1,1:29.2,0.5,小雨,1.0,2.0,盛岡,いつでもどこでも!楽(C1),1:14.0,0.0,曇,3.0,7.0,盛岡,C1,1:27.2,0.2,曇,5.0,7.0,盛岡,C1,1:14.1,0.5,晴,6.0,4.0,盛岡,C1,1:14.3,1.5,晴,31.6,9.0,,nar,2026-09-28,67.69,83.2,57.9,89.7,54.5,59.5,48.8,履歴少 / 安定感 / 市場オッズ妙味
202643092812,2026-09-28,12,ユウトザアシゲ,5.0,4.0,所蛍,55.0,,8.0,9.0,名古屋,ウラヌス特別(A),1:28.6,2.0,晴,11.0,6.0,名古屋,花菖蒲特別(A),1:37.6,3.8,曇,3.0,1.0,名古屋,バック・トゥ・ザ・デ(A),1:29.4,0.1,晴,5.0,4.0,名古屋,夜桜特別(A),1:35.5,1.4,曇,4.0,4.0,名古屋,桶狭間特別(A),1:35.9,0.4,晴,16.5,8.0,,nar,2026-09-28,47.21,52.7,39.6,44.7,36.5,59.4,48.8,履歴少 / 市場オッズ妙味
202643092812,2026-09-28,12,ヨルノチョウ,9.0,6.0,張田昂,54.0,,3.0,3.0,船橋,2026Jockey(C2),1:59.2,0.5,曇,2.0,5.0,浦和,ほおずき特別(C2),1:35.8,0.9,雨,7.0,7.0,川崎,C2一 二,1:33.4,2.4,晴,8.0,7.0,船橋,馬い!卵はサンサンエ(C1),1:39.5,1.3,曇,4.0,7.0,船橋,C1四 五,1:39.2,1.4,曇,17.2,9.0,,nar,2026-09-28,64.59,73.0,56.4,65.7,63.5,67.2,57.0,船橋実績 / クラス条件好転 / 履歴少 / 安定感
202643092812,2026-09-28,12,レジーナチェリ,1.0,1.0,矢野貴之,56.0,,6.0,6.0,船橋,C1四 五六 イ(C1五),1:16.2,0.7,晴,5.0,3.0,船橋,C1四 五六 ア(C1五),1:39.1,1.2,曇,3.0,8.0,大井,C1六 七,1:42.3,0.7,晴,5.0,7.0,大井,クォーター・デック賞(C1),1:43.8,2.1,晴,9.0,7.0,大井,C1五 六七(C1六),1:29.6,1.1,晴,5.0,2.0,,nar,2026-09-28,57.39,65.4,54.0,59.3,47.0,58.8,51.2,船橋実績 / 履歴少
