race_id,日付,レース,馬名,馬番,枠,騎手,斤量,実着順,着順1,人気1,場1,レース名1,着順2,人気2,場2,レース名2,着順3,人気3,場3,レース名3,着順4,人気4,場4,レース名4,着順5,人気5,場5,レース名5,単勝オッズ,人気,オッズ更新日時,source,_date,AREru指数,因子_performance,因子_upset,因子_consistency,因子_trend,因子_value,因子_context,理由
202635081801,2026-08-18,1,アキミューミュー,1.0,1.0,菅原辰徳,54.0,,1.0,1.0,盛岡,C2六組,1.0,1.0,盛岡,C2九組,2.0,2.0,盛岡,C2九組,9.0,7.0,園田,C1一,6.0,7.0,園田,C1,3.6,2.0,,nar,2026-08-18,65.17,84.9,48.7,75.1,71.0,54.8,45.0,履歴少 / 近走上向き / 安定感
202648081801,2026-08-18,1,アジアアンプルール,1.0,1.0,大畑慧悟,57.0,,12.0,4.0,名古屋,名古屋モーニングフィ(3歳),,,,,,,,,,,,,,,,,13.1,4.0,,nar,2026-08-18,33.54,32.3,29.6,29.6,40.6,31.8,45.0,履歴少 / サンプル少
202645081801,2026-08-18,1,アスパラノヴァ,11.0,8.0,古岡勇樹,56.0,,3.0,10.0,川崎,3歳7,8.0,8.0,川崎,3歳7,7.0,8.0,川崎,3歳7,4.0,7.0,川崎,3歳8,7.0,10.0,川崎,3歳5,57.5,6.0,,nar,2026-08-18,62.05,63.2,71.5,45.0,71.0,62.6,45.0,履歴少 / 人気以上に走る傾向 / 近走上向き
202630081801,2026-08-18,1,アノコロイチバン,7.0,6.0,金山昇馬,55.0,,7.0,7.0,門別,公認キャラビラッキー(未勝利)(2歳),7.0,7.0,門別,2歳未勝利(未勝利),8.0,7.0,門別,JRA認定競走フレッ(新馬)(2歳),,,,,,,,,46.4,8.0,,nar,2026-08-18,44.12,49.9,48.2,0.0,53.0,55.2,45.0,履歴少 / 市場オッズ妙味
202645081801,2026-08-18,1,アファーマティヴ,7.0,6.0,加藤雄真,54.0,,8.0,11.0,川崎,3歳6,4.0,8.0,川崎,3歳7,11.0,7.0,川崎,3歳7,2.0,5.0,川崎,3歳9,6.0,9.0,川崎,3歳10,164.9,12.0,,nar,2026-08-18,52.72,55.9,63.1,39.5,36.5,59.4,45.0,履歴少
202630081801,2026-08-18,1,アンビティオー,5.0,5.0,松井伸也,55.0,,4.0,4.0,門別,2歳未勝利(未勝利),5.0,10.0,門別,2歳未勝利(未勝利),8.0,11.0,門別,2歳未勝利(未勝利),11.0,9.0,門別,2歳未勝利(未勝利),4.0,6.0,門別,JRA認定競走フレッ(新馬)(2歳),10.4,5.0,,nar,2026-08-18,61.27,59.5,62.3,65.7,68.0,65.2,45.0,履歴少 / 近走上向き / 安定感 / 過小評価傾向
202648081801,2026-08-18,1,イントゥディープ,6.0,5.0,加藤誓二,57.0,,11.0,12.0,名古屋,名古屋モーニングフィ(3歳),12.0,12.0,名古屋,名古屋モーニングフィ(3歳),9.0,11.0,名古屋,3歳13組,9.0,10.0,名古屋,3歳15組,12.0,11.0,名古屋,3歳11組,162.5,12.0,,nar,2026-08-18,37.5,22.7,55.2,0.0,47.0,55.5,45.0,履歴少
202630081801,2026-08-18,1,ウィルマティック,6.0,6.0,岩橋勇二,55.0,,5.0,5.0,門別,2歳未勝利(未勝利),7.0,8.0,門別,JRA認定競走フレッ(新馬)(2歳),,,,,,,,,,,,,10.3,4.0,,nar,2026-08-18,48.76,51.4,47.2,34.7,52.1,57.9,45.0,履歴少 / サンプル少
202646081801,2026-08-18,1,ウキヨノサンシロウ,8.0,8.0,加藤翔馬,57.0,,16.0,16.0,2福島4,3歳未勝利,,,,,,,,,,,,,,,,,5.7,2.0,,nar,2026-08-18,36.68,29.6,40.6,29.6,40.6,40.6,45.0,履歴少 / サンプル少
202630081801,2026-08-18,1,ウルトラマックス,3.0,3.0,井上俊彦,55.0,,12.0,10.0,門別,2歳未勝利(未勝利),11.0,11.0,門別,2歳未勝利(未勝利),9.0,10.0,門別,JRA認定競走フレッ(新馬)(2歳),,,,,,,,,153.3,10.0,,nar,2026-08-18,33.35,21.0,46.2,0.0,38.0,52.4,45.0,履歴少
202646081801,2026-08-18,1,エイチエヌライ,7.0,7.0,甲賀弘隆,57.0,,9.0,9.0,金沢,3歳B　9,7.0,8.0,金沢,海月雲ろあ1周年記念(3歳),9.0,9.0,金沢,3歳B　7,16.0,16.0,3中山1,3歳未勝利,16.0,15.0,5中山3,2歳未勝利,360.5,9.0,,nar,2026-08-18,41.08,31.0,51.0,0.0,68.0,53.5,45.0,履歴少 / 近走上向き
202630081801,2026-08-18,1,エムティルージュ,8.0,7.0,桑村真明,55.0,,7.0,7.0,門別,JRA認定競走アタッ(未勝利)(2歳),4.0,1.0,門別,JRA認定競走フレッ(新馬)(2歳),,,,,,,,,,,,,7.3,3.0,,nar,2026-08-18,44.36,52.5,40.3,31.7,35.6,52.9,45.0,履歴少 / サンプル少
202635081801,2026-08-18,1,オブジェダート,5.0,5.0,山本聡紀,56.0,,6.0,7.0,盛岡,C1五組,4.0,9.0,盛岡,C1五組,10.0,7.0,水沢,C1五組,4.0,10.0,水沢,C1三組,9.0,10.0,盛岡,C1二組,35.8,5.0,,nar,2026-08-18,55.93,57.5,63.6,39.5,54.5,62.8,45.0,履歴少 / 市場オッズ妙味
202630081801,2026-08-18,1,カプリチオテソーロ,2.0,2.0,黒澤愛斗,55.0,,9.0,9.0,門別,2歳未勝利(未勝利),8.0,7.0,門別,JRA認定競走アタッ(未勝利)(2歳),10.0,11.0,門別,JRA認定競走フレッ(新馬)(2歳),,,,,,,,,172.0,11.0,,nar,2026-08-18,40.11,36.6,49.5,0.0,50.0,53.5,45.0,履歴少
202645081801,2026-08-18,1,カルカンサン,10.0,7.0,増田充宏,54.0,,9.0,9.0,川崎,3歳6,2.0,6.0,川崎,みずほ賞(2歳),9.0,2.0,川崎,つばめ賞(2歳),8.0,2.0,川崎,花朝月夕賞(2歳),3.0,6.0,川崎,未受賞(2歳),81.6,7.0,,nar,2026-08-18,45.26,56.1,43.3,35.3,29.0,49.6,45.0,履歴少
202645081801,2026-08-18,1,キューティパエトン,4.0,4.0,野畑凌,54.0,,1.0,3.0,川崎,3歳8,,,川崎,未受賞(2歳),7.0,1.0,川崎,スパーキングデビュー(2歳),,,,,,,,,5.2,3.0,,nar,2026-08-18,50.96,62.6,41.1,34.7,65.3,50.5,45.0,履歴少 / サンプル少 / 近走上向き
202648081801,2026-08-18,1,クインズサクラ,2.0,2.0,尾崎章生,55.0,,,,名古屋,3歳14組,11.0,10.0,名古屋,3歳12組,18.0,18.0,2東京12,3歳未勝利,16.0,15.0,1東京7,3歳新馬,,,,,18.5,8.0,,nar,2026-08-18,36.71,8.4,45.3,0.0,86.0,61.8,45.0,履歴少 / 近走上向き / 市場オッズ妙味
202646081801,2026-08-18,1,クイーンミスチーフ,3.0,3.0,浅野登生,52.0,,9.0,9.0,金沢,3歳B　8,6.0,7.0,金沢,海月雲ろあ1周年記念(3歳),7.0,8.0,金沢,3歳B　7,6.0,4.0,金沢,3歳B　8,18.0,18.0,2東京7,3歳未勝利,103.2,8.0,,nar,2026-08-18,43.01,44.9,51.1,0.0,51.5,53.5,45.0,履歴少
202635081801,2026-08-18,1,クレナイノヒメ,7.0,7.0,佐々木志,54.0,,5.0,7.0,盛岡,C2二組,2.0,4.0,盛岡,C2三組,11.0,11.0,盛岡,C2二組,8.0,7.0,盛岡,C2二組,10.0,4.0,水沢,C2二組,34.8,4.0,,nar,2026-08-18,55.22,56.9,52.4,55.3,66.5,54.3,45.0,履歴少 / 近走上向き / 市場オッズ妙味
202648081801,2026-08-18,1,クロムブレイズ,4.0,4.0,友森翔太,55.0,,7.0,8.0,川崎,3歳8,5.0,8.0,川崎,3歳8,4.0,7.0,川崎,3歳9,5.0,8.0,川崎,3歳9,8.0,9.0,川崎,2歳6,18.8,9.0,,nar,2026-08-18,59.59,62.2,65.3,59.3,41.0,71.1,45.0,履歴少 / 人気以上に走る傾向 / 過小評価傾向 / 市場オッズ妙味
202635081801,2026-08-18,1,グレイスショコラ,6.0,6.0,岩本怜,54.0,,6.0,8.0,盛岡,C2二組,7.0,7.0,盛岡,C2二組,4.0,3.0,盛岡,C2二組,6.0,7.0,盛岡,C2二組,2.0,5.0,水沢,C2三組,88.7,6.0,,nar,2026-08-18,52.66,64.5,56.1,30.1,42.5,56.8,45.0,履歴少
202646081801,2026-08-18,1,ケイアイギルス,6.0,6.0,兼子千央,57.0,,16.0,15.0,2福島5,3歳未勝利,15.0,14.0,5中山4,2歳新馬,,,,,,,,,,,,,14.3,6.0,,nar,2026-08-18,34.69,18.0,41.6,18.0,42.2,56.6,45.0,履歴少 / サンプル少 / 市場オッズ妙味
202645081801,2026-08-18,1,コンテナヒーロー,8.0,6.0,本田正重,56.0,,9.0,12.0,3阪神5,3歳未勝利,10.0,14.0,3京都11,3歳未勝利,10.0,6.0,2阪神1,3歳未勝利,9.0,6.0,1中京3,3歳未勝利,5.0,5.0,2京都1,3歳未勝利,2.7,2.0,,nar,2026-08-18,42.12,35.7,54.8,10.3,47.0,54.2,45.0,履歴少
202635081801,2026-08-18,1,ゴガツノアマノガワ,4.0,4.0,小林凌,56.0,,1.0,1.0,盛岡,C2六組,1.0,1.0,盛岡,C2九組,8.0,11.0,1函館5,3歳以上1勝クラス,10.0,8.0,1函館2,八雲特別(1勝クラス),8.0,6.0,2東京12,4歳以上1勝クラス,1.2,1.0,,nar,2026-08-18,60.79,72.6,50.7,55.3,84.5,50.1,45.0,履歴少 / 近走上向き
202648081801,2026-08-18,1,サノノスレーヴ,10.0,7.0,今井貴大,55.0,,,,,,,,,,,,,,,,,,,,,,1.8,1.0,,nar,2026-08-18,36.0,35.0,35.0,35.0,35.0,35.0,45.0,履歴少
202630081801,2026-08-18,1,サージェントペパー,4.0,4.0,服部茂史,55.0,,5.0,8.0,門別,JRA認定競走アタッ(未勝利)(2歳),9.0,8.0,門別,2歳未勝利(未勝利),9.0,8.0,門別,JRA認定競走フレッ(新馬)(2歳),,,,,,,,,10.7,6.0,,nar,2026-08-18,52.34,49.0,54.3,30.4,74.0,61.2,45.0,履歴少 / 近走上向き
202645081801,2026-08-18,1,シエルライズ,6.0,5.0,町田直希,56.0,,11.0,12.0,2東京11,3歳1勝クラス,14.0,12.0,2中山8,3歳1勝クラス,1.0,2.0,名古屋,名古屋CCアップル賞(3歳),8.0,13.0,5東京7,2歳新馬,,,,,2.6,1.0,,nar,2026-08-18,42.05,36.0,55.7,19.8,30.0,58.1,45.0,履歴少
202648081801,2026-08-18,1,シシリアンマインド,5.0,5.0,塚本征吾,55.0,,8.0,4.0,浦和,3歳六,8.0,4.0,船橋,3歳六,8.0,4.0,船橋,3歳六,5.0,2.0,船橋,3歳六,5.0,1.0,船橋,3歳六,5.9,2.0,,nar,2026-08-18,38.26,50.0,23.0,24.9,41.0,45.2,45.0,履歴少
202635081801,2026-08-18,1,シャイニーメイン,3.0,3.0,大坪慎,54.0,,3.0,3.0,盛岡,C2三組,3.0,4.0,盛岡,C2四組,6.0,8.0,盛岡,C2二組,4.0,6.0,盛岡,C2三組,5.0,3.0,水沢,C2三組,34.2,3.0,,nar,2026-08-18,63.99,76.4,55.1,80.2,59.0,58.2,45.0,履歴少 / 安定感 / 市場オッズ妙味
202645081801,2026-08-18,1,シュールア,2.0,2.0,藤本現暉,56.0,,8.0,8.0,川崎,3歳7,10.0,7.0,川崎,3歳6,4.0,5.0,川崎,ガスト賞(3歳),2.0,3.0,川崎,2歳8　ロ,6.0,8.0,川崎,2歳6,130.4,10.0,,nar,2026-08-18,47.47,55.0,48.6,34.3,35.0,54.1,45.0,履歴少
202646081801,2026-08-18,1,ジョイベル,4.0,4.0,栗原大河,55.0,,13.0,15.0,2新潟1,3歳未勝利,15.0,15.0,1新潟6,3歳未勝利,,,,,,,,,,,,,11.7,5.0,,nar,2026-08-18,38.53,19.2,49.7,18.0,52.1,59.3,45.0,履歴少 / サンプル少
202630081801,2026-08-18,1,ステラマームード,11.0,8.0,小野楓馬,55.0,,4.0,3.0,門別,2歳未勝利(未勝利),3.0,5.0,門別,JRA認定競走フレッ(新馬)(2歳),,,,,,,,,,,,,2.3,1.0,,nar,2026-08-18,51.13,61.8,46.9,48.4,42.2,51.5,45.0,履歴少 / サンプル少
202648081801,2026-08-18,1,スマートピクタス,11.0,8.0,木之前葵,53.0,,10.0,7.0,名古屋,名古屋モーニングフィ(3歳),6.0,4.0,名古屋,名古屋モーニングフィ(3歳),10.0,9.0,名古屋,3歳14組,8.0,11.0,名古屋,3歳10組,15.0,13.0,3京都4,3歳未勝利,16.6,6.0,,nar,2026-08-18,38.14,35.4,40.4,0.0,48.5,58.7,45.0,履歴少 / 市場オッズ妙味
202648081801,2026-08-18,1,スミレノハナ,3.0,3.0,丸野勝虎,55.0,,9.0,8.0,名古屋,3歳13組,13.0,16.0,2東京12,3歳未勝利,14.0,15.0,2東京8,3歳未勝利,9.0,9.0,2中山1,3歳1勝クラス,14.0,14.0,1東京2,3歳未勝利,10.2,3.0,,nar,2026-08-18,39.57,17.2,54.5,0.0,71.0,61.8,45.0,履歴少 / 近走上向き
202645081801,2026-08-18,1,センプレヴェルデ,5.0,5.0,岡村健司,54.0,,11.0,7.0,川崎,3歳6,3.0,3.0,川崎,3歳7,6.0,3.0,川崎,3歳7,1.0,3.0,笠松,主役は私がいただくよ(3歳),10.0,6.0,笠松,3歳3組,112.1,9.0,,nar,2026-08-18,42.13,56.4,36.5,39.5,14.0,47.7,45.0,履歴少
202646081801,2026-08-18,1,ダイユウアドバンス,2.0,2.0,中島龍也,55.0,,13.0,12.0,1函館12,3歳未勝利,15.0,14.0,1函館1,3歳未勝利,8.0,6.0,2東京8,3歳未勝利,6.0,10.0,2東京1,3歳未勝利,6.0,13.0,3中山4,3歳未勝利,1.7,1.0,,nar,2026-08-18,34.96,24.9,52.5,0.0,24.5,56.8,45.0,履歴少
202630081801,2026-08-18,1,ダブルデコイ,9.0,7.0,小川悠汰,52.0,,9.0,10.0,門別,北海道きたやさい賞(未勝利)(2歳),7.0,6.0,門別,2歳未勝利(未勝利),7.0,6.0,門別,日高町の地酒「縁」と(未勝利)(2歳),7.0,4.0,門別,JRA認定競走アタッ(未勝利)(2歳),5.0,4.0,門別,JRA認定競走フレッ(新馬)(2歳),26.2,7.0,,nar,2026-08-18,41.88,48.8,45.2,10.3,35.0,53.0,45.0,履歴少 / 市場オッズ妙味
202646081801,2026-08-18,1,ティアラティアレ,9.0,8.0,青柳正義,55.0,,,,金沢,3歳B　9,8.0,3.0,金沢,海月雲ろあ1周年記念(3歳),17.0,18.0,3京都3,3歳未勝利,15.0,16.0,2阪神8,3歳未勝利,15.0,16.0,2阪神3,3歳未勝利,7.0,3.0,,nar,2026-08-18,38.43,15.8,42.0,0.0,96.0,56.7,45.0,履歴少 / 近走上向き
202646081801,2026-08-18,1,ハクサンスオーノ,1.0,1.0,鈴木太一,57.0,,7.0,4.0,金沢,3歳B　9,11.0,10.0,2福島2,3歳未勝利,16.0,9.0,2中山4,3歳未勝利,,,,,,,,,17.5,7.0,,nar,2026-08-18,36.28,27.7,26.3,0.0,89.0,50.3,45.0,履歴少 / 近走上向き / 市場オッズ妙味
202645081801,2026-08-18,1,バックトラック,9.0,7.0,櫻井光輔,56.0,,5.0,9.0,川崎,3歳7,9.0,10.0,川崎,3歳6,6.0,9.0,川崎,3歳7,7.0,7.0,川崎,3歳7,4.0,7.0,川崎,3歳5,106.7,8.0,,nar,2026-08-18,56.88,56.9,66.6,40.7,59.0,60.6,45.0,履歴少 / 人気以上に走る傾向
202648081801,2026-08-18,1,パシオネ,9.0,7.0,小笠原羚,52.0,,,,名古屋,3歳14組,10.0,5.0,名古屋,3歳14組,,,名古屋,3歳11組,6.0,4.0,名古屋,3歳10組,14.0,14.0,1福島1,3歳未勝利,16.7,7.0,,nar,2026-08-18,33.77,31.6,28.4,0.0,50.0,54.4,45.0,履歴少 / 市場オッズ妙味
202648081801,2026-08-18,1,フォーアライター,8.0,6.0,大原浩司,55.0,,,,名古屋,3歳14組,11.0,10.0,名古屋,3歳14組,9.0,10.0,名古屋,3歳11組,15.0,17.0,2東京9,3歳未勝利,13.0,13.0,2中山2,3歳未勝利,16.1,5.0,,nar,2026-08-18,37.96,18.0,52.4,0.0,58.0,63.5,45.0,履歴少 / 市場オッズ妙味
202630081801,2026-08-18,1,ベビーギャング,1.0,1.0,藤田凌駕,53.0,,9.0,9.0,門別,日高山脈最高峰幌尻岳(未勝利)(2歳),10.0,10.0,門別,2歳牝馬未勝利(未勝利),6.0,6.0,門別,JRA認定競走フレッ(新馬)(2歳),,,,,,,,,67.2,9.0,,nar,2026-08-18,40.37,39.7,50.0,0.0,44.0,53.5,45.0,履歴少
202648081801,2026-08-18,1,ポッポヘジュセヨ,12.0,8.0,近藤颯羽,52.0,,11.0,9.0,名古屋,名古屋モーニングフィ(3歳),12.0,12.0,名古屋,3歳12組,11.0,11.0,名古屋,3歳12組,14.0,13.0,1新潟5,3歳未勝利,15.0,15.0,1東京8,3歳新馬,42.5,11.0,,nar,2026-08-18,33.93,13.0,44.7,0.0,62.0,54.3,45.0,履歴少 / 市場オッズ妙味
202645081801,2026-08-18,1,ミトノテイオー,3.0,3.0,新原周馬,56.0,,4.0,6.0,名古屋,優駿DAYオープニン(3歳),3.0,4.0,名古屋,若夏特別(3歳),5.0,2.0,名古屋,薫風賞(3歳),7.0,3.0,名古屋,春駆特別(3歳),4.0,4.0,名古屋,春爛漫特別(3歳),6.4,4.0,,nar,2026-08-18,60.91,72.9,47.8,85.4,54.5,55.3,45.0,履歴少 / 安定感
202648081801,2026-08-18,1,メイショウアルマ,7.0,6.0,大畑雅章,57.0,,,,名古屋,3歳14組,8.0,12.0,名古屋,3歳14組,10.0,10.0,名古屋,3歳12組,15.0,11.0,1新潟1,3歳未勝利,,,,,25.1,10.0,,nar,2026-08-18,42.59,27.8,54.9,0.0,77.0,56.3,45.0,履歴少 / 近走上向き / 市場オッズ妙味
202635081801,2026-08-18,1,メイショウミチロク,2.0,2.0,関本玲花,54.0,,7.0,7.0,盛岡,C2二組,9.0,9.0,盛岡,C2一組,5.0,7.0,盛岡,C2一組,6.0,6.0,盛岡,C2一組,3.0,8.0,盛岡,C2二組,151.1,7.0,,nar,2026-08-18,50.45,55.6,56.4,30.1,42.5,58.1,45.0,履歴少
202630081801,2026-08-18,1,メンコイコイ,10.0,8.0,落合玄太,55.0,,4.0,4.0,門別,アイヌ文化のふるさと(未勝利)(2歳),10.0,5.0,門別,2歳未勝利(未勝利),4.0,4.0,門別,2歳牝馬未勝利(未勝利),2.0,8.0,門別,2歳牝馬未勝利(未勝利),6.0,8.0,門別,JRA認定競走アタッ(未勝利)(2歳),3.3,2.0,,nar,2026-08-18,57.18,64.7,48.9,64.7,59.0,57.0,45.0,履歴少 / 安定感
202645081801,2026-08-18,1,ユノアール,1.0,1.0,中山遥人,53.0,,9.0,6.0,川崎,3歳7,9.0,5.0,川崎,3歳7,3.0,7.0,川崎,3歳8,8.0,4.0,川崎,3歳9,5.0,4.0,川崎,しめ飾り賞(3歳),157.3,11.0,,nar,2026-08-18,41.85,50.0,37.4,30.1,33.5,48.3,45.0,履歴少
202645081801,2026-08-18,1,ララヴィテス,12.0,8.0,矢野貴之,56.0,,4.0,4.0,川崎,3歳7,3.0,3.0,川崎,3歳8,3.0,3.0,川崎,3歳9,4.0,4.0,川崎,2歳8　ロ,6.0,4.0,川崎,スパーキングデビュー(2歳),14.4,5.0,,nar,2026-08-18,63.14,77.9,48.6,89.7,50.0,60.1,45.0,履歴少 / 安定感 / 市場オッズ妙味
202646081801,2026-08-18,1,ルストラーレ,5.0,5.0,田知弘久,57.0,,15.0,9.0,2福島6,3歳未勝利,,,,,,,,,,,,,,,,,8.4,4.0,,nar,2026-08-18,33.53,29.6,31.4,29.6,40.6,34.0,45.0,履歴少 / サンプル少
202635081802,2026-08-18,2,アカイツメ,7.0,7.0,山本聡哉,54.0,,7.0,4.0,盛岡,C2一組,2.0,3.0,盛岡,C2一組,4.0,2.0,盛岡,C2二組,6.0,3.0,水沢,C2一組,6.0,6.0,水沢,C1四組,7.1,4.0,,nar,2026-08-18,50.32,68.7,39.5,44.7,35.0,53.8,45.0,履歴少
202630081802,2026-08-18,2,アドミレリッチー,12.0,8.0,松井伸也,55.0,,9.0,12.0,門別,2歳未勝利(未勝利),8.0,8.0,門別,JRA認定競走フレッ(新馬)(2歳),,,,,,,,,,,,,97.3,11.0,,nar,2026-08-18,42.76,39.8,51.8,18.0,42.2,53.3,45.0,履歴少 / サンプル少
202630081802,2026-08-18,2,アフロケロ,11.0,8.0,阿部龍,55.0,,2.0,2.0,門別,2歳牝馬未勝利(未勝利),2.0,2.0,門別,JRA認定競走フレッ(新馬)(2歳),,,,,,,,,,,,,2.1,1.0,,nar,2026-08-18,52.93,68.6,45.5,48.4,45.5,50.2,45.0,履歴少 / サンプル少
202646081802,2026-08-18,2,カンノンハヤテ,8.0,8.0,柴田勇真,57.0,,6.0,6.0,金沢,金沢城鼠多門賞【サラ(重賞),4.0,7.0,金沢,加賀片山津賞(未勝利)(3歳),3.0,3.0,金沢,3歳A　3,2.0,1.0,金沢,加賀医王山賞(未勝利)(3歳),4.0,5.0,大井,3歳一　二三(3歳二),24.5,7.0,,nar,2026-08-18,59.23,75.1,54.9,69.6,33.5,58.2,45.0,履歴少 / 安定感 / 市場オッズ妙味
202630081802,2026-08-18,2,カームリン,7.0,6.0,小野楓馬,55.0,,4.0,3.0,門別,平取町馬事普及賞(未勝利)(2歳),5.0,5.0,門別,2歳牝馬未勝利(未勝利),8.0,5.0,門別,JRA認定競走フレッ(新馬)(2歳),,,,,,,,,11.9,4.0,,nar,2026-08-18,54.98,64.9,41.6,55.3,65.0,56.2,45.0,履歴少 / 近走上向き
202645081802,2026-08-18,2,キャットクィーン,1.0,1.0,和田譲治,54.0,,10.0,2.0,川崎,3歳6,6.0,4.0,川崎,蝗賞(2歳),4.0,7.0,浦和,2歳二,,,川崎,スズムシ賞(2歳),3.0,5.0,川崎,スミナガシ賞(2歳),22.1,7.0,,nar,2026-08-18,40.61,55.2,32.5,30.1,16.0,52.2,45.0,履歴少 / 市場オッズ妙味
202630081802,2026-08-18,2,クラフェイス,8.0,6.0,亀井洋司,55.0,,4.0,1.0,門別,グランシャリオドリー(未勝利)(2歳),6.0,5.0,門別,2歳未勝利(未勝利),6.0,6.0,門別,JRA認定競走アタッ(未勝利)(2歳),6.0,7.0,門別,JRA認定競走アタッ(未勝利)(2歳),6.0,8.0,門別,JRA認定競走フレッ(新馬)(2歳),18.5,5.0,,nar,2026-08-18,53.01,64.9,44.3,30.4,62.0,61.6,45.0,履歴少 / 市場オッズ妙味
202630081802,2026-08-18,2,グリーズキャット,5.0,5.0,宮内勇樹,55.0,,8.0,7.0,門別,平取町馬事普及賞(未勝利)(2歳),6.0,5.0,門別,JRA認定競走フレッ(新馬)(2歳),,,,,,,,,,,,,25.3,7.0,,nar,2026-08-18,41.47,46.2,41.6,18.0,38.9,51.6,45.0,履歴少 / サンプル少 / 市場オッズ妙味
202645081802,2026-08-18,2,ココア,2.0,2.0,古岡勇樹,54.0,,6.0,10.0,川崎,3歳6,11.0,8.0,浦和,浦和競馬×netke(3歳),6.0,11.0,川崎,3歳6,4.0,4.0,川崎,3歳7,5.0,10.0,川崎,3歳7,104.2,11.0,,nar,2026-08-18,52.55,53.2,63.8,24.9,53.0,60.6,45.0,履歴少
202635081802,2026-08-18,2,コスモベラエステラ,4.0,4.0,阿部英俊,56.0,,5.0,4.0,盛岡,C2二組,4.0,4.0,盛岡,C2一組,3.0,1.0,盛岡,C2二組,2.0,5.0,盛岡,C2三組,2.0,5.0,盛岡,C2六組,6.5,3.0,,nar,2026-08-18,63.51,79.1,50.3,100.0,36.5,59.9,45.0,履歴少 / 安定感
202648081802,2026-08-18,2,コママイス,4.0,4.0,阪野学,55.0,,8.0,8.0,名古屋,2歳2組,7.0,7.0,名古屋,2歳疾風戦,8.0,6.0,名古屋,名古屋モーニングフィ(2歳),5.0,5.0,名古屋,ゴールデンデビュー名(2歳),,,,,38.8,8.0,,nar,2026-08-18,44.24,50.1,46.9,14.6,42.0,54.7,45.0,履歴少 / 市場オッズ妙味
202648081802,2026-08-18,2,ゴールドタッチ,2.0,2.0,友森翔太,55.0,,4.0,5.0,名古屋,ゴールデンデビュー名(2歳),,,,,,,,,,,,,,,,,2.9,1.0,,nar,2026-08-18,42.68,46.4,42.2,36.3,40.6,41.7,45.0,履歴少 / サンプル少
202635081802,2026-08-18,2,サウンドヒーロー,2.0,2.0,佐々木志,56.0,,7.0,5.0,盛岡,C2二組,8.0,7.0,盛岡,C2一組,7.0,2.0,盛岡,C2一組,3.0,5.0,盛岡,C2一組,2.0,7.0,盛岡,C2三組,26.7,7.0,,nar,2026-08-18,46.57,58.8,42.7,24.9,38.0,55.6,45.0,履歴少 / 市場オッズ妙味
202630081802,2026-08-18,2,サノノレーザー,10.0,7.0,服部茂史,55.0,,6.0,9.0,門別,平取町馬事普及賞(未勝利)(2歳),12.0,10.0,門別,2歳未勝利(未勝利),,,門別,北のハードワーカー菊(未勝利)(2歳),5.0,9.0,門別,JRA認定競走フレッ(新馬)(2歳),,,,,32.8,8.0,,nar,2026-08-18,49.56,44.6,60.0,14.6,65.0,61.7,45.0,履歴少 / 近走上向き / 市場オッズ妙味
202646081802,2026-08-18,2,サンライズハリー,4.0,4.0,森田誠也,54.0,,14.0,16.0,2小倉5,3歳未勝利,4.0,3.0,笠松,美江寺宿特別(3歳),12.0,10.0,1阪神6,3歳未勝利,,,,,,,,,17.5,6.0,,nar,2026-08-18,37.59,28.4,49.7,24.9,14.0,61.1,45.0,履歴少 / 市場オッズ妙味
202646081802,2026-08-18,2,サンライズレマ,6.0,6.0,藤懸貴志,57.0,,14.0,12.0,2小倉3,3歳未勝利,11.0,9.0,3京都1,3歳未勝利,10.0,7.0,2阪神5,3歳未勝利,9.0,9.0,1阪神1,3歳新馬,,,2京都5,3歳新馬,2.3,1.0,,nar,2026-08-18,28.06,17.6,36.7,0.0,26.0,47.9,45.0,履歴少
202645081802,2026-08-18,2,ショックザワールド,10.0,7.0,佐野遥久,56.0,,3.0,3.0,川崎,3歳6,2.0,1.0,川崎,3歳7,8.0,4.0,川崎,3歳6,8.0,4.0,浦和,3歳七,12.0,3.0,川崎,3歳6,22.2,8.0,,nar,2026-08-18,52.48,64.8,32.1,55.3,77.0,44.6,45.0,履歴少 / 近走上向き / 市場オッズ妙味
202630081802,2026-08-18,2,ジャスパーロマン,9.0,7.0,若杉朝飛,55.0,,12.0,7.0,門別,2歳未勝利(未勝利),10.0,10.0,門別,JRA認定競走フレッ(新馬)(2歳),,,,,,,,,,,,,213.8,12.0,,nar,2026-08-18,34.16,28.6,34.9,18.0,38.9,46.1,45.0,履歴少 / サンプル少
202630081802,2026-08-18,2,ジンダバード,1.0,1.0,黒澤愛斗,55.0,,8.0,10.0,門別,2歳牝馬未勝利(未勝利),8.0,8.0,門別,JRA認定競走フレッ(新馬)(2歳),,,,,,,,,,,,,96.4,10.0,,nar,2026-08-18,43.2,42.2,49.7,18.0,45.5,52.4,45.0,履歴少 / サンプル少
202648081802,2026-08-18,2,スカーヒップ,7.0,7.0,近藤颯羽,52.0,,10.0,7.0,門別,2歳未勝利(未勝利),10.0,3.0,門別,JRA認定競走フレッ(新馬)(2歳),,,,,,,,,,,,,8.4,5.0,,nar,2026-08-18,34.56,33.4,27.0,18.0,45.5,47.2,45.0,履歴少 / サンプル少
202648081802,2026-08-18,2,スティルユアハート,1.0,1.0,望月洵輝,55.0,,7.0,8.0,名古屋,ゴールデンデビュー名(2歳),,,,,,,,,,,,,,,,,11.6,6.0,,nar,2026-08-18,40.4,41.1,42.2,29.6,40.6,41.7,45.0,履歴少 / サンプル少
202630081802,2026-08-18,2,スティールライズ,6.0,5.0,桑村真明,55.0,,7.0,4.0,門別,2歳牝馬未勝利(未勝利),3.0,3.0,門別,JRA認定競走アタッ(未勝利)(2歳),3.0,7.0,門別,2歳牝馬未勝利(未勝利),6.0,2.0,門別,2歳未勝利(未勝利),5.0,2.0,門別,JRA認定競走フレッ(新馬)(2歳),6.6,3.0,,nar,2026-08-18,52.35,69.1,42.9,55.0,33.5,54.1,45.0,履歴少
202645081802,2026-08-18,2,セレステラ,5.0,5.0,加藤雄真,52.0,,3.0,7.0,川崎,3歳5,7.0,7.0,川崎,3歳5,2.0,9.0,川崎,3歳7,10.0,7.0,浦和,3歳七,4.0,4.0,川崎,3歳8,53.0,10.0,,nar,2026-08-18,62.8,68.6,65.1,60.5,66.5,58.7,45.0,履歴少 / 人気以上に走る傾向 / 近走上向き / 安定感
202630081802,2026-08-18,2,タイセイアルーア,2.0,2.0,岩橋勇二,55.0,,2.0,2.0,門別,公認キャラビラッキー(未勝利)(2歳),3.0,2.0,門別,2歳未勝利(未勝利),3.0,4.0,門別,JRA認定競走フレッ(新馬)(2歳),,,,,,,,,3.1,2.0,,nar,2026-08-18,64.21,87.2,49.5,75.1,56.0,54.8,45.0,履歴少 / 安定感
202648081802,2026-08-18,2,ダイユーホーク,8.0,8.0,加藤利征,56.0,,9.0,10.0,名古屋,2歳2組,6.0,6.0,名古屋,ゴールデンデビュー名(2歳),,,,,,,,,,,,,29.0,7.0,,nar,2026-08-18,42.21,43.7,47.6,18.0,35.6,54.3,45.0,履歴少 / サンプル少 / 市場オッズ妙味
202645081802,2026-08-18,2,トライアンドエラー,6.0,5.0,野畑凌,54.0,,11.0,15.0,2小倉4,3歳未勝利,9.0,9.0,3阪神6,3歳未勝利,6.0,4.0,3京都6,3歳未勝利,6.0,6.0,3中山7,3歳1勝クラス,16.0,6.0,2阪神5,3歳未勝利,4.9,3.0,,nar,2026-08-18,38.09,35.7,48.5,0.0,39.5,51.6,45.0,履歴少
202646081802,2026-08-18,2,ニシノランペイジ,2.0,2.0,中島龍也,57.0,,8.0,6.0,3東京2,3歳未勝利,5.0,10.0,2東京7,3歳未勝利,8.0,14.0,1中京1,3歳未勝利,11.0,15.0,1東京8,3歳未勝利,11.0,13.0,5中山8,2歳未勝利,3.7,2.0,,nar,2026-08-18,51.89,44.0,68.3,24.9,54.5,65.3,45.0,履歴少 / 人気以上に走る傾向 / 過小評価傾向
202648081802,2026-08-18,2,ネイティブダンス,6.0,6.0,塚本征吾,56.0,,8.0,2.0,名古屋,ゴールデンデビュー名(2歳),,,,,,,,,,,,,,,,,5.1,4.0,,nar,2026-08-18,36.24,39.3,31.4,29.6,40.6,34.0,45.0,履歴少 / サンプル少
202630081802,2026-08-18,2,バリサンダー,3.0,3.0,小川悠汰,52.0,,8.0,8.0,門別,優駿の里安平町夢民舎(未勝利)(2歳),8.0,5.0,門別,2歳未勝利(未勝利),7.0,7.0,門別,JRA認定競走フレッ(新馬)(2歳),,,門別,JRA認定競走フレッ(新馬)(2歳),,,,,53.6,9.0,,nar,2026-08-18,40.41,46.1,43.0,0.0,47.0,50.2,45.0,履歴少
202645081802,2026-08-18,2,ピサンザプラ,12.0,8.0,矢野貴之,54.0,,5.0,3.0,川崎,3歳5,4.0,1.0,川崎,3歳6,12.0,5.0,川崎,3歳3,11.0,6.0,川崎,羽根つき賞(3歳),2.0,3.0,川崎,パネトーネ賞(2歳),14.5,5.0,,nar,2026-08-18,48.72,54.4,26.4,65.7,63.5,51.0,45.0,履歴少 / 安定感 / 市場オッズ妙味
202635081802,2026-08-18,2,フォルテッシモダイ,3.0,3.0,村上忍,56.0,,3.0,3.0,盛岡,C2二組,5.0,8.0,盛岡,C2一組,1.0,2.0,水沢,C2六組,5.0,2.0,水沢,C2五組,8.0,1.0,盛岡,C2四組,2.3,1.0,,nar,2026-08-18,62.59,76.7,48.5,89.7,60.5,49.6,45.0,履歴少 / 安定感
202630081802,2026-08-18,2,フトウフクツ,4.0,4.0,藤田凌駕,53.0,,7.0,6.0,門別,2歳牝馬未勝利(未勝利),3.0,4.0,門別,JRA認定競走フレッ(新馬)(2歳),,,,,,,,,,,,,18.7,6.0,,nar,2026-08-18,46.58,54.5,45.1,31.7,32.3,59.3,45.0,履歴少 / サンプル少 / 市場オッズ妙味
202645081802,2026-08-18,2,プリンセスサミット,3.0,3.0,中山遥人,53.0,,10.0,1.0,川崎,アーベントロート賞(3歳),2.0,5.0,川崎,3歳6,8.0,2.0,川崎,3歳4,8.0,4.0,川崎,だるま落とし賞(3歳),2.0,3.0,川崎,2歳5,14.3,4.0,,nar,2026-08-18,39.91,56.1,24.4,35.3,20.0,51.6,45.0,履歴少 / 市場オッズ妙味
202646081802,2026-08-18,2,ベルラフィネ,1.0,1.0,青柳正義,55.0,,13.0,12.0,1函館1,3歳未勝利,7.0,6.0,2京都5,3歳未勝利,4.0,10.0,1京都8,3歳新馬,,,,,,,,,7.6,4.0,,nar,2026-08-18,40.59,38.9,55.9,19.8,5.0,63.0,45.0,履歴少
202635081802,2026-08-18,2,マグナドムス,1.0,1.0,鈴木祐,56.0,,8.0,9.0,盛岡,C2二組,11.0,8.0,盛岡,C1五組,11.0,10.0,盛岡,新緑賞(C1),9.0,11.0,盛岡,C1一組,10.0,8.0,水沢,B2,15.3,6.0,,nar,2026-08-18,40.07,30.5,46.1,0.0,63.5,59.7,45.0,履歴少 / 市場オッズ妙味
202645081802,2026-08-18,2,ミラクルガイ,7.0,6.0,張田昂,56.0,,6.0,4.0,川崎,3歳5,7.0,4.0,川崎,3歳5,2.0,2.0,川崎,3歳7,2.0,2.0,川崎,3歳7,3.0,5.0,川崎,川崎デビュー新馬(3歳),24.3,9.0,,nar,2026-08-18,51.75,71.5,42.0,44.7,35.0,54.3,45.0,履歴少 / 市場オッズ妙味
202635081802,2026-08-18,2,ミリオーレアルバ,5.0,5.0,大坪慎,56.0,,2.0,3.0,盛岡,C2三組,6.0,8.0,盛岡,C2三組,8.0,5.0,盛岡,C2二組,7.0,4.0,盛岡,C2二組,8.0,2.0,盛岡,C2一組,11.0,5.0,,nar,2026-08-18,53.96,63.7,44.1,30.4,81.5,54.4,45.0,履歴少 / 近走上向き
202648081802,2026-08-18,2,メイジョウパナシェ,3.0,3.0,細川智史,55.0,,5.0,10.0,名古屋,ゴールデンデビュー名(2歳),,,,,,,,,,,,,,,,,4.8,3.0,,nar,2026-08-18,43.71,44.6,48.3,36.3,40.6,42.0,45.0,履歴少 / サンプル少
202646081802,2026-08-18,2,モリノカーニバル,3.0,3.0,魚住謙心,57.0,,5.0,7.0,金沢,3歳A　2,6.0,7.0,金沢,3歳A　2,9.0,5.0,金沢,加賀片山津賞(未勝利)(3歳),8.0,9.0,高知,高知優駿(重賞),10.0,3.0,高知,3歳ー2,266.2,8.0,,nar,2026-08-18,49.06,52.0,46.4,30.4,69.5,49.0,45.0,履歴少 / 近走上向き
202645081802,2026-08-18,2,ヤマザキシキブ,8.0,6.0,新原周馬,54.0,,1.0,1.0,川崎,ゲーテロート賞(3歳),2.0,1.0,川崎,フラッシュ賞(3歳),,,,,,,,,,,,,18.6,6.0,,nar,2026-08-18,54.74,71.0,43.8,48.4,48.8,58.4,45.0,履歴少 / サンプル少 / 市場オッズ妙味
202645081802,2026-08-18,2,ユウトザイノセント,11.0,8.0,櫻井光輔,56.0,,8.0,7.0,3京都11,3歳未勝利,16.0,10.0,1中京3,3歳未勝利,14.0,10.0,4阪神8,2歳未勝利,6.0,4.0,4阪神3,2歳未勝利,3.0,4.0,3中京7,2歳新馬,3.3,2.0,,nar,2026-08-18,35.58,30.8,30.6,10.3,60.5,47.3,45.0,履歴少
202645081802,2026-08-18,2,ユウユウカツサンド,4.0,4.0,藤江渉,54.0,,8.0,6.0,船橋,3歳三,7.0,5.0,川崎,3歳5,3.0,9.0,川崎,3歳6,3.0,11.0,川崎,3歳7,10.0,12.0,川崎,3歳7,127.6,12.0,,nar,2026-08-18,52.29,58.1,60.2,34.3,36.5,61.3,45.0,履歴少
202646081802,2026-08-18,2,ラッキーモア,5.0,5.0,栗原大河,57.0,,6.0,5.0,3東京6,3歳未勝利,6.0,1.0,2東京6,3歳未勝利,3.0,7.0,2東京1,3歳未勝利,,,,,,,,,4.0,3.0,,nar,2026-08-18,48.18,66.3,42.9,19.8,41.0,53.7,45.0,履歴少
202648081802,2026-08-18,2,ラルスチェイサー,5.0,5.0,木之前葵,53.0,,6.0,7.0,名古屋,2歳2組,6.0,3.0,名古屋,2歳疾風戦,5.0,5.0,名古屋,名古屋モーニングフィ(2歳),8.0,10.0,名古屋,ゴールデンデビュー名(2歳),,,,,4.3,2.0,,nar,2026-08-18,49.26,59.2,48.8,19.8,52.0,56.2,45.0,履歴少
202645081802,2026-08-18,2,リコータイフォン,9.0,7.0,伊藤裕人,56.0,,2.0,1.0,川崎,3歳7,1.0,2.0,門別,湧別サロマ湖関野剛平(C4),10.0,2.0,門別,JRA認定競走アタッ(未勝利)(2歳),1.0,1.0,門別,2歳未勝利(未勝利),3.0,2.0,門別,JRA認定競走フレッ(新馬)(2歳),2.6,1.0,,nar,2026-08-18,60.09,81.7,37.8,80.2,60.5,48.2,45.0,履歴少 / 安定感
202646081802,2026-08-18,2,レースクイーン,7.0,7.0,松戸政也,55.0,,9.0,9.0,1函館11,3歳未勝利,4.0,10.0,1函館8,3歳未勝利,8.0,14.0,1函館5,3歳未勝利,5.0,3.0,浦和,ツインシャイン特別(3歳),8.0,9.0,1東京1,3歳未勝利,14.8,5.0,,nar,2026-08-18,53.91,53.0,67.4,39.5,33.5,68.6,45.0,履歴少 / 人気以上に走る傾向 / 過小評価傾向 / 市場オッズ妙味
202635081802,2026-08-18,2,ヴェニーレ,6.0,6.0,関本玲花,54.0,,2.0,2.0,盛岡,C2三組,2.0,3.0,盛岡,C2四組,5.0,6.0,盛岡,C2五組,6.0,10.0,盛岡,C2三組,9.0,7.0,盛岡,C2三組,3.1,2.0,,nar,2026-08-18,64.96,76.8,55.8,75.1,71.0,57.4,45.0,履歴少 / 近走上向き / 安定感
202648081803,2026-08-18,3,アイファーローレル,2.0,2.0,丸野勝虎,55.0,,11.0,10.0,名古屋,3歳6組,10.0,7.0,高知,室戸盃(3歳),13.0,15.0,4東京3,2歳未勝利,8.0,11.0,4中山5,2歳新馬,,,,,109.6,12.0,,nar,2026-08-18,35.54,22.6,48.3,0.0,46.0,54.3,45.0,履歴少
202646081803,2026-08-18,3,アドバンスモダン,6.0,6.0,青柳正義,57.0,,6.0,3.0,金沢,3歳B　8,16.0,9.0,2小倉2,3歳未勝利,18.0,12.0,3京都12,3歳未勝利,9.0,6.0,船橋,ナイスハルター特別(3歳未格),12.0,9.0,5阪神7,2歳未勝利,11.3,6.0,,nar,2026-08-18,33.74,24.7,17.9,0.0,96.5,46.0,45.0,履歴少 / 近走上向き
202630081803,2026-08-18,3,アンジュメルシー,3.0,3.0,服部茂史,55.0,,2.0,1.0,門別,日高山脈最高峰幌尻岳(未勝利)(2歳),2.0,7.0,門別,2歳牝馬未勝利(未勝利),5.0,4.0,門別,2歳未勝利(未勝利),3.0,4.0,門別,JRA認定競走フレッ(新馬)(2歳),,,,,2.7,1.0,,nar,2026-08-18,67.85,85.4,57.0,89.7,58.0,57.5,45.0,履歴少 / 安定感
202646081803,2026-08-18,3,アヴァンフライト,2.0,2.0,栗原大河,55.0,,8.0,4.0,金沢,3歳B　8,7.0,4.0,金沢,バロックパール特別(3歳),4.0,3.0,金沢,3歳B　8,8.0,5.0,金沢,3歳B　4,14.0,10.0,1福島5,3歳未勝利,125.7,8.0,,nar,2026-08-18,39.49,47.8,28.9,19.8,51.5,43.8,45.0,履歴少
202635081803,2026-08-18,3,オウケンアマゾネス,6.0,6.0,山本聡紀,54.0,,2.0,3.0,盛岡,C2二組,6.0,8.0,盛岡,C2一組,2.0,6.0,盛岡,C2二組,10.0,6.0,盛岡,C2二組,5.0,3.0,盛岡,C2二組,10.5,5.0,,nar,2026-08-18,62.52,72.2,55.6,60.5,72.5,60.7,45.0,履歴少 / 近走上向き / 安定感
202648081803,2026-08-18,3,オーケーエレガンス,11.0,8.0,小笠原羚,52.0,,7.0,5.0,名古屋,3歳12組,10.0,13.0,3阪神6,3歳未勝利,9.0,15.0,2阪神6,3歳未勝利,,,,,,,,,17.8,8.0,,nar,2026-08-18,48.44,39.8,62.4,0.0,65.0,71.6,45.0,履歴少 / 近走上向き / 過小評価傾向 / 市場オッズ妙味
202635081803,2026-08-18,3,カガバベル,2.0,2.0,岩本怜,56.0,,10.0,2.0,盛岡,C1四組,4.0,2.0,盛岡,C1,7.0,2.0,水沢,C1一組,3.0,1.0,水沢,B2,2.0,3.0,水沢,C1一組,4.5,3.0,,nar,2026-08-18,40.36,59.5,21.3,49.8,14.0,46.0,45.0,履歴少
202645081803,2026-08-18,3,カナサンドー,2.0,2.0,本田紀忠,54.0,,6.0,9.0,川崎,ヒラマサ賞(C3),8.0,7.0,川崎,トウザヨリ賞(C3),7.0,5.0,川崎,ハヤブサ賞(C3),8.0,7.0,川崎,イヌワシ賞(C3),2.0,7.0,川崎,スズメ賞(C3),48.8,10.0,,nar,2026-08-18,48.75,55.4,54.5,10.3,51.5,58.9,45.0,履歴少 / 市場オッズ妙味
202630081803,2026-08-18,3,キモサベ,7.0,6.0,小野楓馬,55.0,,7.0,4.0,門別,北海道きたやさい賞(未勝利)(2歳),5.0,1.0,門別,2歳牝馬未勝利(未勝利),3.0,4.0,門別,日高町の地酒「縁」と(未勝利)(2歳),4.0,7.0,門別,JRA認定競走フレッ(新馬)(2歳),,,,,7.6,4.0,,nar,2026-08-18,51.81,67.4,40.1,59.3,32.0,56.2,45.0,履歴少
202645081803,2026-08-18,3,クリナデシコ,4.0,4.0,岡村裕基,54.0,,8.0,8.0,川崎,C3五,9.0,8.0,川崎,C3五,10.0,7.0,浦和,本庄宿賞(C3),11.0,10.0,川崎,C3一　二,4.0,9.0,川崎,C3三　四,62.4,12.0,,nar,2026-08-18,41.62,38.7,46.7,10.3,53.0,53.5,45.0,履歴少
202648081803,2026-08-18,3,クレセントゼファー,7.0,6.0,近藤颯羽,54.0,,,8.0,3京都9,3歳未勝利,9.0,7.0,1新潟5,3歳未勝利,11.0,7.0,2京都3,3歳新馬,,,,,,,,,6.0,4.0,,nar,2026-08-18,37.57,33.9,34.4,18.0,52.1,49.3,45.0,履歴少 / サンプル少
202635081803,2026-08-18,3,グディカンワル,3.0,3.0,小林凌,56.0,,8.0,8.0,盛岡,うまレター賞(C2),8.0,5.0,盛岡,C2一組,1.0,1.0,盛岡,街を守る盛岡市消防団(C2),4.0,5.0,盛岡,C2五組,8.0,2.0,盛岡,C2五組,74.0,7.0,,nar,2026-08-18,46.08,59.7,41.4,34.3,33.5,48.3,45.0,履歴少
202645081803,2026-08-18,3,コミックガール,8.0,6.0,藤江渉,54.0,,6.0,6.0,川崎,C3一　二,9.0,2.0,川崎,ファイナルアンサー賞(C3),8.0,9.0,川崎,ファイナルアンサー賞(C2),8.0,11.0,川崎,ファイナルアンサー賞(C2),10.0,11.0,川崎,橘樹官衛賞(C2),17.9,6.0,,nar,2026-08-18,43.98,45.2,43.0,0.0,66.5,61.0,45.0,履歴少 / 近走上向き / 市場オッズ妙味
202645081803,2026-08-18,3,ゴールドボード,9.0,7.0,秋元耕成,54.0,,5.0,10.0,浦和,ランチタイム(C3),10.0,6.0,船橋,C3五,12.0,11.0,浦和,ランチタイム(C3),7.0,3.0,浦和,埼玉シリーズ開幕賞(C3),6.0,6.0,浦和,浦和800ラウンド(C3),40.6,9.0,,nar,2026-08-18,48.2,43.8,48.2,30.4,72.5,53.7,45.0,履歴少 / 近走上向き / 市場オッズ妙味
202648081803,2026-08-18,3,サファイアプレミア,8.0,6.0,丸山真一,55.0,,9.0,14.0,2福島5,3歳未勝利,14.0,16.0,1新潟6,3歳未勝利,16.0,16.0,3中山5,3歳未勝利,11.0,11.0,1東京3,3歳新馬,,,,,14.0,6.0,,nar,2026-08-18,43.34,15.5,65.8,0.0,78.0,66.9,45.0,履歴少 / 人気以上に走る傾向 / 近走上向き / 過小評価傾向
202648081803,2026-08-18,3,シュタットパーク,6.0,5.0,塚本征吾,57.0,,13.0,15.0,2福島6,3歳未勝利,10.0,11.0,1新潟1,3歳未勝利,7.0,11.0,2中山8,3歳未勝利,10.0,9.0,5中山6,2歳新馬,,,,,6.2,5.0,,nar,2026-08-18,38.25,25.2,61.7,0.0,26.0,62.6,45.0,履歴少
202648081803,2026-08-18,3,シュトルムカイザー,9.0,7.0,今井貴大,57.0,,,,名古屋,3歳14組,6.0,13.0,1小倉6,3歳未勝利,15.0,14.0,1京都1,3歳未勝利,9.0,16.0,5阪神1,2歳未勝利,14.0,11.0,3福島4,2歳新馬,4.6,2.0,,nar,2026-08-18,49.93,29.0,72.7,0.0,90.0,64.6,45.0,履歴少 / 人気以上に走る傾向 / 近走上向き
202645081803,2026-08-18,3,ジーティーケリー,6.0,5.0,古岡勇樹,54.0,,4.0,4.0,川崎,ペパーミント賞(C3),3.0,4.0,川崎,C3五,1.0,3.0,船橋,C3　二組下,6.0,8.0,川崎,C3一　二,3.0,10.0,船橋,C3　二組下,30.0,7.0,,nar,2026-08-18,66.72,81.2,61.6,85.4,45.5,64.1,45.0,履歴少 / 安定感 / 市場オッズ妙味
202646081803,2026-08-18,3,スーザンバローズ,8.0,8.0,魚住謙心,55.0,,8.0,3.0,金沢,3歳B　7,4.0,4.0,金沢,海月雲ろあ1周年記念(3歳),6.0,4.0,金沢,3歳B　7,11.0,13.0,2東京11,3歳未勝利,14.0,15.0,3中山5,3歳未勝利,68.0,7.0,,nar,2026-08-18,43.79,47.1,39.4,24.9,54.5,50.9,45.0,履歴少
202646081803,2026-08-18,3,セランディア,3.0,3.0,田知弘久,55.0,,17.0,5.0,2新潟1,3歳未勝利,14.0,16.0,2東京12,3歳未勝利,8.0,15.0,1福島3,3歳未勝利,15.0,17.0,1小倉9,3歳未勝利,,,,,4.9,3.0,,nar,2026-08-18,26.93,9.7,38.5,0.0,22.0,56.0,45.0,履歴少
202630081803,2026-08-18,3,ゼニスアスラーダ,6.0,5.0,金山昇馬,55.0,,9.0,8.0,門別,JRA認定競走フレッ(新馬)(2歳),,,,,,,,,,,,,,,,,87.7,11.0,,nar,2026-08-18,38.37,37.6,39.1,29.6,40.6,39.5,45.0,履歴少 / サンプル少
202648081803,2026-08-18,3,チョコスコーン,4.0,4.0,深澤杏花,53.0,,16.0,15.0,2福島8,3歳未勝利,13.0,13.0,1新潟6,3歳未勝利,12.0,7.0,1新潟2,3歳未勝利,9.0,15.0,2中山3,3歳未勝利,10.0,6.0,5中山5,2歳新馬,17.1,7.0,,nar,2026-08-18,29.06,11.5,44.2,0.0,20.0,59.5,45.0,履歴少 / 市場オッズ妙味
202630081803,2026-08-18,3,トラストクイーン,1.0,1.0,亀井洋司,55.0,,7.0,7.0,門別,JRA認定競走フレッ(新馬)(2歳),,,,,,,,,,,,,,,,,43.5,9.0,,nar,2026-08-18,39.88,41.1,40.6,29.6,40.6,40.6,45.0,履歴少 / サンプル少
202630081803,2026-08-18,3,ヌメロドス,11.0,8.0,桑村真明,55.0,,5.0,7.0,門別,日高山脈最高峰幌尻岳(未勝利)(2歳),3.0,6.0,門別,グランシャリオドリー(未勝利)(2歳),8.0,10.0,門別,2歳牝馬未勝利(未勝利),9.0,10.0,門別,2歳牝馬未勝利(未勝利),9.0,5.0,門別,JRA認定競走フレッ(新馬)(2歳),25.1,7.0,,nar,2026-08-18,58.09,59.3,60.4,55.3,63.5,58.9,45.0,履歴少 / 市場オッズ妙味
202648081803,2026-08-18,3,ノーブルクインダム,1.0,1.0,大畑慧悟,55.0,,12.0,13.0,2中京1,3歳未勝利,9.0,4.0,3京都8,3歳未勝利,8.0,15.0,1中京4,3歳未勝利,,,,,,,,,5.6,3.0,,nar,2026-08-18,37.4,28.4,54.1,0.0,29.0,60.6,45.0,履歴少
202645081803,2026-08-18,3,ハナサキポプラ,11.0,8.0,町田直希,54.0,,3.0,3.0,川崎,カマスサワラ賞(C3),1.0,5.0,川崎,トウザヨリ賞(C3),7.0,7.0,川崎,鏡餅賞(C3),6.0,2.0,川崎,ヤマネ賞(C3),3.0,3.0,川崎,ウォンバット賞(C3),2.6,1.0,,nar,2026-08-18,61.43,78.2,52.9,65.7,57.5,54.1,45.0,履歴少 / 安定感
202630081803,2026-08-18,3,ハンドクラップ,2.0,2.0,松井伸也,55.0,,7.0,8.0,門別,日高山脈最高峰幌尻岳(未勝利)(2歳),8.0,8.0,門別,JRA認定競走アタッ(未勝利)(2歳),6.0,6.0,門別,JRA認定競走フレッ(新馬)(2歳),,,,,,,,,61.3,10.0,,nar,2026-08-18,45.23,51.4,52.8,0.0,50.0,54.6,45.0,履歴少
202646081803,2026-08-18,3,パープルウインド,4.0,4.0,鈴木太一,55.0,,8.0,17.0,2小倉3,3歳未勝利,9.0,16.0,3京都7,3歳未勝利,16.0,14.0,1小倉7,3歳未勝利,11.0,9.0,3福島4,2歳未勝利,7.0,12.0,3京都1,2歳新馬,4.4,2.0,,nar,2026-08-18,49.73,30.6,80.2,0.0,66.5,67.4,45.0,履歴少 / 人気以上に走る傾向 / 近走上向き / 過小評価傾向
202646081803,2026-08-18,3,ビースペシフィック,7.0,7.0,平瀬城久,57.0,,14.0,15.0,2小倉3,3歳未勝利,13.0,11.0,3京都3,3歳未勝利,12.0,4.0,2阪神8,3歳未勝利,,,,,,,,,6.2,4.0,,nar,2026-08-18,25.43,4.5,33.4,0.0,41.0,48.0,45.0,履歴少
202635081803,2026-08-18,3,ビーナスライズ,4.0,4.0,保園翔也,54.0,,8.0,6.0,盛岡,C1四組,8.0,2.0,盛岡,C1四組,2.0,6.0,盛岡,C2一組,2.0,1.0,水沢,C2一組,4.0,7.0,水沢,C1四組,6.4,4.0,,nar,2026-08-18,48.84,63.8,42.0,44.7,26.0,56.6,45.0,履歴少
202646081803,2026-08-18,3,ファントムグレース,1.0,1.0,加藤翔馬,55.0,,11.0,14.0,1函館10,3歳未勝利,9.0,11.0,1函館5,3歳未勝利,9.0,13.0,3阪神1,3歳未勝利,8.0,10.0,3京都8,3歳未勝利,12.0,12.0,3京都2,3歳未勝利,2.4,1.0,,nar,2026-08-18,42.48,29.8,67.4,0.0,41.0,60.9,45.0,履歴少 / 人気以上に走る傾向
202635081803,2026-08-18,3,フェアリアルギフト,7.0,7.0,山本政聡,54.0,,5.0,1.0,盛岡,うまレター賞(C2),2.0,2.0,盛岡,C2二組,1.0,1.0,盛岡,C2五組,2.0,2.0,盛岡,C2六組,4.0,4.0,水沢,3歳C1一組,2.2,1.0,,nar,2026-08-18,61.28,84.6,41.5,100.0,33.5,50.8,45.0,履歴少 / 安定感
202645081803,2026-08-18,3,フライエフェクト,10.0,7.0,中越琉世,54.0,,4.0,2.0,川崎,カマスサワラ賞(C3),4.0,7.0,川崎,トビウオ賞(C3),5.0,7.0,川崎,雷神賞(C2),3.0,8.0,川崎,雷電賞(C2),11.0,9.0,川崎,初雷賞(C2),8.3,4.0,,nar,2026-08-18,64.65,69.8,57.4,89.7,60.5,62.9,45.0,履歴少 / 安定感
202630081803,2026-08-18,3,フレイムフローラ,5.0,5.0,阿部龍,55.0,,3.0,1.0,門別,ホクレンカタログギフ(未勝利)(2歳),2.0,2.0,門別,2歳牝馬未勝利(未勝利),5.0,7.0,門別,JRA認定競走アタッ(未勝利)(2歳),5.0,2.0,門別,日高町の地酒「縁」と(未勝利)(2歳),4.0,5.0,門別,JRA認定競走フレッ(新馬)(2歳),5.3,3.0,,nar,2026-08-18,64.42,79.7,46.2,100.0,56.0,55.8,45.0,履歴少 / 安定感
202648081803,2026-08-18,3,フローラルアーチ,5.0,5.0,細川智史,55.0,,11.0,6.0,名古屋,3歳9組,6.0,9.0,川崎,エイプリルフラワー賞(3歳),16.0,13.0,2中山2,3歳未勝利,9.0,6.0,川崎,ガーネットフラワー賞(3歳),11.0,5.0,5中山4,2歳新馬,37.8,11.0,,nar,2026-08-18,32.62,28.4,33.0,0.0,47.0,47.2,45.0,履歴少 / 市場オッズ妙味
202645081803,2026-08-18,3,ブルーグリッター,1.0,1.0,櫻井光輔,56.0,,2.0,7.0,浦和,ランチタイム(C3),12.0,11.0,川崎,カマスサワラ賞(C3),10.0,9.0,浦和,ランチタイム(C3),10.0,10.0,川崎,トウザヨリ賞(C3),6.0,4.0,船橋,入梅ダッシュ(C3),31.7,8.0,,nar,2026-08-18,54.07,46.8,56.1,30.4,95.0,56.9,45.0,履歴少 / 近走上向き / 市場オッズ妙味
202635081803,2026-08-18,3,ブルーシャトー,1.0,1.0,菅原辰徳,56.0,,2.0,2.0,盛岡,C2二組,4.0,6.0,盛岡,C2二組,11.0,12.0,園田,福甸7ハロンC2一,10.0,10.0,園田,C2一,9.0,9.0,園田,C2一,16.3,6.0,,nar,2026-08-18,60.35,58.7,54.9,55.3,89.0,63.8,45.0,履歴少 / 近走上向き / 市場オッズ妙味
202646081803,2026-08-18,3,ヘリオドール,5.0,5.0,中島龍也,55.0,,4.0,2.0,金沢,3歳B　9,12.0,15.0,1函館8,3歳未勝利,18.0,18.0,2東京10,3歳未勝利,12.0,12.0,2中山4,3歳未勝利,13.0,10.0,5中山4,2歳未勝利,7.6,5.0,,nar,2026-08-18,47.8,28.3,48.8,30.4,100.0,57.3,45.0,履歴少 / 近走上向き
202645081803,2026-08-18,3,ボイド,5.0,5.0,佐野遥久,56.0,,10.0,1.0,川崎,鳴雷賞(C2),1.0,2.0,川崎,カピバラ賞(C3),2.0,2.0,川崎,お年玉賞(C3),4.0,1.0,川崎,天雷賞(C2),3.0,2.0,川崎,爆雷賞(C2),3.4,2.0,,nar,2026-08-18,46.99,71.4,28.8,69.6,5.0,47.4,45.0,履歴少 / 安定感
202648081803,2026-08-18,3,ボンボンブーケ,10.0,7.0,望月洵輝,55.0,,9.0,9.0,名古屋,3歳12組,15.0,16.0,3阪神1,3歳未勝利,16.0,12.0,1中京6,3歳未勝利,,,,,,,,,29.1,9.0,,nar,2026-08-18,37.48,14.6,45.0,0.0,89.0,53.0,45.0,履歴少 / 近走上向き / 市場オッズ妙味
202630081803,2026-08-18,3,ポップストリート,9.0,7.0,小川悠汰,52.0,,3.0,6.0,門別,平取町馬事普及賞(未勝利)(2歳),5.0,7.0,門別,2歳未勝利(未勝利),6.0,6.0,門別,JRA認定競走アタッ(未勝利)(2歳),5.0,6.0,門別,JRA認定競走フレッ(新馬)(2歳),,,,,14.8,6.0,,nar,2026-08-18,64.84,71.7,62.1,69.9,64.0,66.3,45.0,履歴少 / 安定感 / 過小評価傾向 / 市場オッズ妙味
202645081803,2026-08-18,3,ポルタフェリーチェ,7.0,6.0,高橋優,51.0,,10.0,7.0,川崎,ヒラマサ賞(C3),7.0,11.0,川崎,トビウオ賞(C3),10.0,11.0,川崎,雲神賞(C2),12.0,10.0,川崎,C2七,7.0,11.0,川崎,C2七,59.1,11.0,,nar,2026-08-18,39.87,34.1,52.8,0.0,44.0,56.1,45.0,履歴少
202648081803,2026-08-18,3,メドウセージ,3.0,3.0,加藤聡一,55.0,,,,名古屋,3歳14組,18.0,15.0,2小倉3,3歳未勝利,10.0,9.0,船橋,ナイスハルター特別(3歳未格),17.0,11.0,1京都6,3歳未勝利,10.0,9.0,3京都8,2歳新馬,36.4,10.0,,nar,2026-08-18,23.8,12.1,30.7,0.0,16.0,47.4,45.0,履歴少 / 市場オッズ妙味
202630081803,2026-08-18,3,モーニングスミレ,12.0,8.0,宮内勇樹,55.0,,3.0,5.0,門別,公認キャラビラッキー(未勝利)(2歳),8.0,8.0,門別,2歳牝馬未勝利(未勝利),3.0,6.0,門別,2歳牝馬未勝利(未勝利),3.0,7.0,門別,JRA認定競走フレッ(新馬)(2歳),,,,,9.2,5.0,,nar,2026-08-18,64.56,72.9,63.9,64.7,60.0,66.8,45.0,履歴少 / 安定感 / 過小評価傾向
202630081803,2026-08-18,3,ラルテフテフ,8.0,6.0,黒澤愛斗,55.0,,5.0,10.0,門別,優駿の里安平町夢民舎(未勝利)(2歳),11.0,12.0,門別,2歳未勝利(未勝利),9.0,7.0,門別,2歳未勝利(未勝利),7.0,6.0,門別,JRA認定競走フレッ(新馬)(2歳),,,,,131.7,12.0,,nar,2026-08-18,51.76,45.0,59.6,30.4,74.0,55.9,45.0,履歴少 / 近走上向き
202630081803,2026-08-18,3,リコーシュターケン,10.0,7.0,岩橋勇二,55.0,,12.0,11.0,門別,優駿の里安平町早来か(未勝利)(2歳),10.0,6.0,門別,2歳牝馬未勝利(未勝利),7.0,5.0,門別,JRA認定競走フレッ(新馬)(2歳),,,,,,,,,38.6,8.0,,nar,2026-08-18,30.8,27.8,34.2,0.0,29.0,48.7,45.0,履歴少 / 市場オッズ妙味
202645081803,2026-08-18,3,ルリール,3.0,3.0,新原周馬,54.0,,2.0,6.0,川崎,カマスサワラ賞(C3),5.0,4.0,川崎,トビウオ賞(C3),2.0,2.0,川崎,ハヤブサ賞(C3),2.0,3.0,川崎,イヌワシ賞(C3),2.0,3.0,川崎,ツバメ賞(C3),6.3,3.0,,nar,2026-08-18,69.72,86.0,58.5,100.0,54.5,61.1,45.0,履歴少 / 安定感
202645081803,2026-08-18,3,ロワン,12.0,8.0,増田充宏,54.0,,10.0,7.0,川崎,カマスサワラ賞(C3),6.0,3.0,川崎,トビウオ賞(C3),4.0,4.0,川崎,雷神賞(C2),1.0,6.0,川崎,イヌワシ賞(C3),3.0,6.0,川崎,スズメ賞(C3),10.1,5.0,,nar,2026-08-18,47.99,61.8,45.7,44.7,11.0,61.1,45.0,履歴少
202648081803,2026-08-18,3,ロードリュイール,12.0,8.0,大畑雅章,57.0,,,,名古屋,3歳14組,11.0,14.0,3東京6,3歳未勝利,12.0,6.0,3中山3,3歳未勝利,,,,,,,,,4.1,1.0,,nar,2026-08-18,37.16,27.1,41.7,18.0,48.8,50.4,45.0,履歴少 / サンプル少
202635081803,2026-08-18,3,ワイドマルガリータ,5.0,5.0,高橋悠里,54.0,,5.0,2.0,盛岡,C1五組,4.0,5.0,盛岡,C1四組,6.0,3.0,水沢,ポタジェ特別(C1),1.0,1.0,水沢,C2三組,3.0,3.0,盛岡,C2三組,3.9,2.0,,nar,2026-08-18,57.22,74.7,41.2,80.2,41.0,52.5,45.0,履歴少 / 安定感
202630081803,2026-08-18,3,ヴィヴィカメリア,4.0,4.0,藤田凌駕,53.0,,3.0,3.0,門別,JRA認定競走フレッ(新馬)(2歳),,,,,,,,,,,,,,,,,3.7,2.0,,nar,2026-08-18,42.65,48.1,40.6,36.3,40.6,40.6,45.0,履歴少 / サンプル少
202646081804,2026-08-18,4,アイアナイ,4.0,4.0,青柳正義,55.0,,8.0,5.0,金沢,3歳B　7,8.0,6.0,金沢,帝統くんお誕生日おめ(3歳),5.0,4.0,金沢,3歳B　7,5.0,7.0,金沢,たいち&ももかハッピ(3歳7),6.0,8.0,金沢,3歳B　6,57.8,7.0,,nar,2026-08-18,45.72,53.9,42.2,34.3,38.0,52.2,45.0,履歴少
202645081804,2026-08-18,4,アイビーペネロペ,7.0,7.0,山林堂信,54.0,,7.0,7.0,川崎,オオムラサキ特別(2歳),4.0,4.0,川崎,天衣無縫賞(2歳),4.0,4.0,川崎,スパーキングデビュー(2歳),,,,,,,,,46.4,10.0,,nar,2026-08-18,52.14,66.3,50.0,44.7,32.0,56.3,45.0,履歴少 / 市場オッズ妙味
202645081804,2026-08-18,4,アクアマナ,8.0,7.0,和田譲治,54.0,,3.0,4.0,川崎,スパーキングデビュー(2歳),,,,,,,,,,,,,,,,,7.9,4.0,,nar,2026-08-18,43.18,48.1,42.2,36.3,40.6,41.7,45.0,履歴少 / サンプル少
202635081804,2026-08-18,4,アズサ,11.0,8.0,鈴木祐,54.0,,15.0,15.0,2福島3,3歳未勝利,18.0,18.0,1小倉3,3歳未勝利,15.0,14.0,5中山2,2歳未勝利,17.0,15.0,4東京1,2歳新馬,,,,,12.3,7.0,,nar,2026-08-18,30.94,0.0,46.2,0.0,60.0,58.2,45.0,履歴少 / 市場オッズ妙味
202648081804,2026-08-18,4,アミナス,5.0,5.0,近藤颯羽,54.0,,,,名古屋,3歳14組,12.0,14.0,3東京4,3歳未勝利,11.0,9.0,2東京7,3歳未勝利,7.0,8.0,2東京3,3歳未勝利,8.0,6.0,3中山5,3歳未勝利,8.9,6.0,,nar,2026-08-18,36.07,27.4,50.4,0.0,30.0,58.5,45.0,履歴少
202648081804,2026-08-18,4,アルウラメファ,9.0,7.0,塚本征吾,55.0,,7.0,7.0,2小倉7,3歳未勝利,6.0,13.0,3京都9,3歳未勝利,14.0,8.0,2阪神1,3歳未勝利,,,,,,,,,5.4,2.0,,nar,2026-08-18,45.54,41.0,55.2,0.0,68.0,58.3,45.0,履歴少 / 近走上向き
202648081804,2026-08-18,4,アルファリラエ,2.0,2.0,大原浩司,55.0,,14.0,14.0,2福島3,3歳未勝利,14.0,13.0,1福島5,3歳未勝利,7.0,9.0,5東京8,2歳新馬,,,,,,,,,16.5,9.0,,nar,2026-08-18,33.25,13.7,51.4,0.0,29.0,65.1,45.0,履歴少 / 過小評価傾向 / 市場オッズ妙味
202645081804,2026-08-18,4,アレグロボニータ,5.0,5.0,町田直希,54.0,,3.0,8.0,川崎,スパーキングデビュー(2歳),,,,,,,,,,,,,,,,,8.5,5.0,,nar,2026-08-18,44.69,48.1,48.3,36.3,40.6,42.0,45.0,履歴少 / サンプル少
202635081804,2026-08-18,4,アンジュリオ,8.0,7.0,小林凌,54.0,,15.0,14.0,2福島4,3歳未勝利,12.0,14.0,1新潟6,3歳未勝利,16.0,13.0,5中山7,2歳未勝利,14.0,12.0,4東京11,2歳新馬,,,,,18.0,9.0,,nar,2026-08-18,29.93,3.3,44.6,0.0,44.0,60.8,45.0,履歴少 / 市場オッズ妙味
202648081804,2026-08-18,4,アンパシオンス,10.0,7.0,大畑雅章,55.0,,14.0,12.0,2福島2,3歳未勝利,16.0,13.0,3中山3,3歳未勝利,,,,,,,,,,,,,42.8,11.0,,nar,2026-08-18,33.45,18.0,36.1,18.0,52.1,48.9,45.0,履歴少 / サンプル少 / 市場オッズ妙味
202635081804,2026-08-18,4,イーリスアスター,2.0,2.0,山本聡紀,54.0,,10.0,13.0,1新潟5,3歳未勝利,16.0,18.0,1小倉10,3歳未勝利,11.0,9.0,5中山8,2歳未勝利,13.0,3.0,4中山7,2歳未勝利,6.0,10.0,4中山1,2歳新馬,5.2,3.0,,nar,2026-08-18,36.63,19.2,49.8,0.0,59.0,55.1,45.0,履歴少
202646081804,2026-08-18,4,ウインラブソング,3.0,3.0,中島龍也,55.0,,3.0,3.0,金沢,3歳B　9,10.0,9.0,2小倉6,3歳未勝利,11.0,18.0,3阪神3,3歳未勝利,12.0,14.0,1新潟8,3歳未勝利,13.0,9.0,2京都4,3歳新馬,2.2,1.0,,nar,2026-08-18,52.23,38.6,57.1,30.4,100.0,56.0,42.3,前走人気以上 / 近走上向き
202630081804,2026-08-18,4,エイシンブリス,1.0,1.0,落合玄太,55.0,,2.0,2.0,門別,アイヌ文化のふるさと(未勝利)(2歳),4.0,4.0,門別,2歳牝馬未勝利(未勝利),2.0,2.0,門別,JRA認定競走フレッ(新馬)(2歳),,,,,,,,,2.1,1.0,,nar,2026-08-18,63.94,86.7,50.0,75.1,56.0,53.2,45.0,履歴少 / 安定感
202630081804,2026-08-18,4,オカノメモリー,2.0,2.0,金山昇馬,55.0,,6.0,8.0,門別,北海道きたやさい賞(未勝利)(2歳),8.0,12.0,門別,2歳牝馬未勝利(未勝利),7.0,9.0,門別,北のハードワーカー菊(未勝利)(2歳),7.0,7.0,門別,JRA認定競走フレッ(新馬)(2歳),,,,,71.6,8.0,,nar,2026-08-18,50.3,52.5,65.6,0.0,58.0,60.0,45.0,履歴少 / 人気以上に走る傾向
202648081804,2026-08-18,4,カキュウ,12.0,8.0,木之前葵,53.0,,12.0,16.0,2福島8,3歳未勝利,15.0,15.0,3東京5,3歳未勝利,10.0,13.0,2東京10,3歳未勝利,8.0,10.0,2東京3,3歳未勝利,12.0,15.0,3中山4,3歳未勝利,13.1,7.0,,nar,2026-08-18,40.35,16.8,66.9,0.0,45.5,68.7,45.0,履歴少 / 人気以上に走る傾向 / 過小評価傾向 / 市場オッズ妙味
202635081804,2026-08-18,4,カミノテイオー,10.0,8.0,村上忍,56.0,,13.0,14.0,2福島7,3歳未勝利,8.0,12.0,2福島2,3歳未勝利,9.0,11.0,2東京5,3歳未勝利,9.0,14.0,3中山8,3歳未勝利,13.0,10.0,3中山1,3歳未勝利,4.0,1.0,,nar,2026-08-18,39.35,25.0,64.8,0.0,30.5,61.8,45.0,履歴少
202630081804,2026-08-18,4,カラーウィール,8.0,8.0,岩橋勇二,55.0,,2.0,1.0,門別,2歳未勝利(未勝利),3.0,8.0,門別,2歳未勝利(未勝利),6.0,2.0,門別,JRA認定競走フレッ(新馬)(2歳),,,門別,JRA認定競走フレッ(新馬)(2歳),,,,,2.4,2.0,,nar,2026-08-18,61.46,80.9,51.4,55.3,65.0,53.7,45.0,履歴少 / 近走上向き
202645081804,2026-08-18,4,カンシャカンゲキ,9.0,8.0,池谷匠翔,54.0,,3.0,4.0,川崎,スパーキングデビュー(2歳),,,,,,,,,,,,,,,,,5.6,2.0,,nar,2026-08-18,43.18,48.1,42.2,36.3,40.6,41.7,45.0,履歴少 / サンプル少
202630081804,2026-08-18,4,ガットテンペスタ,3.0,3.0,宮内勇樹,55.0,,6.0,9.0,門別,優駿の里安平町夢民舎(未勝利)(2歳),12.0,10.0,門別,2歳未勝利(未勝利),8.0,8.0,門別,JRA認定競走アタッ(未勝利)(2歳),4.0,3.0,門別,JRA認定競走フレッ(新馬)(2歳),,,,,27.3,5.0,,nar,2026-08-18,46.88,45.7,52.1,14.6,62.0,56.3,45.0,履歴少 / 市場オッズ妙味
202630081804,2026-08-18,4,ギフトオブマジック,7.0,7.0,藤田凌駕,53.0,,11.0,11.0,門別,2歳未勝利(未勝利),6.0,8.0,門別,JRA認定競走フレッ(新馬)(2歳),,,,,,,,,,,,,37.6,6.0,,nar,2026-08-18,40.51,38.9,49.0,18.0,29.0,55.2,45.0,履歴少 / サンプル少 / 市場オッズ妙味
202646081804,2026-08-18,4,グランフォワイエ,1.0,1.0,服部大地,57.0,,4.0,8.0,金沢,3歳B　8,8.0,7.0,名古屋,3歳13組,16.0,16.0,3東京2,3歳未勝利,15.0,16.0,1新潟8,3歳未勝利,16.0,13.0,5中山4,2歳未勝利,21.1,5.0,,nar,2026-08-18,51.01,34.1,55.6,30.4,100.0,56.9,45.0,履歴少 / 近走上向き / 市場オッズ妙味
202635081804,2026-08-18,4,ゲデヒトニス,5.0,5.0,坂井瑛音,53.0,,9.0,8.0,盛岡,3歳C2七組,7.0,10.0,盛岡,3歳C2七組,10.0,8.0,盛岡,3歳C2五組,11.0,3.0,水沢,3歳C2二組,10.0,16.0,5中京2,2歳新馬,458.8,11.0,,nar,2026-08-18,39.2,35.2,46.5,0.0,53.0,52.2,45.0,履歴少
202645081804,2026-08-18,4,シナノマルス,2.0,2.0,加藤雄真,52.0,,6.0,6.0,川崎,オオムラサキ特別(2歳),3.0,4.0,川崎,スパーキングデビュー(2歳),,,,,,,,,,,,,24.2,8.0,,nar,2026-08-18,47.46,56.9,47.2,31.7,35.6,54.3,45.0,履歴少 / サンプル少 / 市場オッズ妙味
202635081804,2026-08-18,4,ジーティーヒラリ,7.0,6.0,大坪慎,54.0,,6.0,8.0,2福島8,3歳未勝利,8.0,15.0,3東京6,3歳未勝利,12.0,11.0,1阪神2,3歳未勝利,9.0,14.0,1東京1,3歳新馬,,,,,10.0,5.0,,nar,2026-08-18,51.9,41.1,72.5,0.0,72.0,70.4,45.0,履歴少 / 人気以上に走る傾向 / 近走上向き / 過小評価傾向
202648081804,2026-08-18,4,セイスイカルメン,3.0,3.0,大畑慧悟,55.0,,12.0,12.0,2福島5,3歳未勝利,14.0,15.0,2東京9,3歳未勝利,,,,,,,,,,,,,32.2,10.0,,nar,2026-08-18,37.9,21.6,47.2,18.0,52.1,54.3,45.0,履歴少 / サンプル少 / 市場オッズ妙味
202646081804,2026-08-18,4,ソーマッチ,9.0,8.0,鈴木太一,55.0,,3.0,2.0,金沢,海月雲ろあ1周年記念(3歳),12.0,16.0,3東京5,3歳未勝利,9.0,14.0,2東京10,3歳未勝利,12.0,16.0,3中山3,3歳未勝利,7.0,11.0,川崎,ガーネットフラワー賞(3歳),3.2,3.0,,nar,2026-08-18,56.81,42.8,68.7,30.4,92.0,65.4,45.0,履歴少 / 人気以上に走る傾向 / 近走上向き / 過小評価傾向
202646081804,2026-08-18,4,ティーマベーラ,7.0,7.0,平瀬城久,57.0,,7.0,9.0,金沢,3歳B　7,9.0,8.0,金沢,帝統くんお誕生日おめ(3歳),4.0,9.0,金沢,3歳B　7,8.0,11.0,金沢,たいち&ももかハッピ(3歳7),9.0,10.0,金沢,りゅうとくん24ちゃ(3歳),185.3,9.0,,nar,2026-08-18,50.78,49.9,63.2,19.8,53.0,60.0,45.0,履歴少
202646081804,2026-08-18,4,デアトゥバトル,6.0,6.0,松戸政也,57.0,,5.0,7.0,金沢,3歳B　8,5.0,5.0,金沢,海月雲ろあ1周年記念(3歳),10.0,8.0,名古屋,3歳12組,6.0,8.0,名古屋,3歳12組,14.0,12.0,2東京5,3歳未勝利,37.5,6.0,,nar,2026-08-18,54.75,51.9,52.1,55.3,72.5,56.3,45.0,履歴少 / 近走上向き / 市場オッズ妙味
202635081804,2026-08-18,4,デディカス,4.0,4.0,高橋悠里,56.0,,13.0,15.0,2東京11,3歳未勝利,13.0,6.0,2東京8,3歳未勝利,14.0,7.0,2中山3,3歳未勝利,,,,,,,,,13.3,8.0,,nar,2026-08-18,25.06,2.9,26.5,0.0,53.0,50.1,45.0,履歴少 / 市場オッズ妙味
202635081804,2026-08-18,4,トゥルパーニ,6.0,6.0,菅原辰徳,54.0,,7.0,6.0,盛岡,3歳C2七組,9.0,9.0,盛岡,3歳C2六組,7.0,7.0,盛岡,3歳C2五組,14.0,10.0,3京都11,3歳未勝利,10.0,9.0,1中京1,3歳未勝利,181.2,10.0,,nar,2026-08-18,40.56,37.9,43.1,0.0,68.0,49.6,45.0,履歴少 / 近走上向き
202646081804,2026-08-18,4,ナマラメンコイ,5.0,5.0,栗原大河,55.0,,6.0,7.0,金沢,3歳B　7,5.0,7.0,金沢,3歳B　6,7.0,6.0,金沢,3歳B　7,7.0,8.0,門別,3歳条件未勝利(未勝利),12.0,11.0,門別,3歳条件未勝利(未勝利),67.1,8.0,,nar,2026-08-18,50.71,54.3,54.5,24.9,60.5,54.8,45.0,履歴少
202635081804,2026-08-18,4,パトリシア,9.0,7.0,山本聡哉,54.0,,11.0,13.0,1函館8,3歳未勝利,17.0,12.0,1中京6,3歳未勝利,7.0,11.0,1小倉3,3歳未勝利,6.0,12.0,5中山4,2歳未勝利,15.0,9.0,4東京4,2歳新馬,5.6,4.0,,nar,2026-08-18,38.51,25.1,52.9,0.0,51.5,58.0,45.0,履歴少
202645081804,2026-08-18,4,パミール,4.0,4.0,櫻井光輔,54.0,,4.0,5.0,川崎,スミナガシ賞(2歳),7.0,5.0,川崎,アゲハチョウ賞(2歳),8.0,10.0,川崎,ホタル特別(2歳),10.0,7.0,船橋,スイカズラ特別(2歳),4.0,5.0,川崎,スパーキングデビュー(2歳),27.8,9.0,,nar,2026-08-18,53.17,56.7,49.1,40.7,69.5,55.6,45.0,履歴少 / 近走上向き / 市場オッズ妙味
202648081804,2026-08-18,4,パーフェクトスノー,6.0,5.0,加藤聡一,55.0,,13.0,13.0,2福島5,3歳未勝利,12.0,17.0,3中山6,3歳未勝利,9.0,8.0,1中京1,3歳未勝利,9.0,11.0,5東京7,2歳新馬,,,,,7.2,5.0,,nar,2026-08-18,36.88,18.5,60.5,0.0,32.0,63.3,45.0,履歴少
202648081804,2026-08-18,4,フチサンチャチャ,8.0,6.0,細川智史,57.0,,12.0,13.0,2小倉6,3歳未勝利,11.0,13.0,3京都10,3歳未勝利,12.0,11.0,3京都4,3歳未勝利,11.0,14.0,2阪神6,3歳未勝利,,,,,13.6,8.0,,nar,2026-08-18,37.47,15.5,58.1,0.0,46.0,67.3,42.3,過小評価傾向 / 市場オッズ妙味
202648081804,2026-08-18,4,ベイツリー,7.0,6.0,丹羽克輝,57.0,,14.0,8.0,2福島7,3歳未勝利,10.0,8.0,2福島1,3歳未勝利,8.0,9.0,1中山1,3歳新馬,,,,,,,,,7.1,4.0,,nar,2026-08-18,27.1,20.9,30.2,0.0,20.0,50.8,45.0,履歴少
202635081804,2026-08-18,4,ホウオウデンファレ,1.0,1.0,山本政聡,54.0,,12.0,11.0,3東京2,3歳未勝利,10.0,7.0,2東京7,3歳未勝利,,,,,,,,,,,,,4.4,2.0,,nar,2026-08-18,35.46,28.6,38.2,18.0,38.9,49.8,45.0,履歴少 / サンプル少
202648081804,2026-08-18,4,ホウショウリュウ,1.0,1.0,今井貴大,57.0,,12.0,12.0,1函館11,3歳未勝利,10.0,15.0,1函館7,3歳未勝利,11.0,15.0,1函館2,3歳未勝利,16.0,14.0,5中京6,2歳未勝利,8.0,13.0,5中山1,2歳未勝利,6.3,3.0,,nar,2026-08-18,40.3,19.1,65.8,0.0,45.5,65.6,45.0,履歴少 / 人気以上に走る傾向 / 過小評価傾向
202648081804,2026-08-18,4,ミスデルマー,11.0,8.0,望月洵輝,55.0,,14.0,16.0,2福島5,3歳未勝利,14.0,15.0,2東京1,3歳未勝利,13.0,16.0,1東京7,3歳未勝利,12.0,16.0,5中山6,2歳未勝利,13.0,13.0,4新潟1,2歳未勝利,4.4,1.0,,nar,2026-08-18,34.82,3.0,64.2,0.0,44.0,62.8,45.0,履歴少
202646081804,2026-08-18,4,ミディエイター,8.0,8.0,甲賀弘隆,57.0,,6.0,10.0,名古屋,アジア・アジアパラ応(3歳),7.0,11.0,名古屋,アジア・アジアパラ応(3歳),11.0,11.0,名古屋,白雲賞(3歳),10.0,11.0,名古屋,3歳9組,10.0,11.0,名古屋,3歳7組,18.9,4.0,,nar,2026-08-18,50.58,42.1,67.2,0.0,71.0,68.8,45.0,履歴少 / 人気以上に走る傾向 / 近走上向き / 過小評価傾向
202645081804,2026-08-18,4,ムリムリカタツムリ,10.0,8.0,野畑凌,54.0,,3.0,5.0,川崎,スパーキングデビュー(2歳),,,,,,,,,,,,,,,,,2.3,1.0,,nar,2026-08-18,43.58,48.1,43.7,36.3,40.6,42.0,45.0,履歴少 / サンプル少
202645081804,2026-08-18,4,ユルディズ,6.0,6.0,藤江渉,54.0,,6.0,8.0,川崎,未勝利(2歳),3.0,3.0,川崎,天衣無縫賞(2歳),4.0,3.0,川崎,スパーキングデビュー(2歳),,,,,,,,,21.8,7.0,,nar,2026-08-18,55.22,72.2,53.8,44.7,35.0,57.4,45.0,履歴少 / 市場オッズ妙味
202635081804,2026-08-18,4,ライヴギムレット,3.0,3.0,塚本涼人,54.0,,14.0,14.0,2福島8,3歳未勝利,14.0,13.0,2福島4,3歳未勝利,10.0,15.0,1東京3,3歳未勝利,16.0,14.0,4東京11,2歳新馬,,,,,12.2,6.0,,nar,2026-08-18,33.3,6.2,53.5,0.0,46.0,62.3,45.0,履歴少 / 市場オッズ妙味
202630081804,2026-08-18,4,ラディアントレイ,4.0,4.0,小川悠汰,52.0,,9.0,6.0,門別,公認キャラビラッキー(未勝利)(2歳),6.0,8.0,門別,2歳未勝利(未勝利),10.0,3.0,門別,JRA認定競走フレッ(新馬)(2歳),,,,,,,,,56.5,7.0,,nar,2026-08-18,35.76,41.9,33.3,0.0,44.0,44.8,45.0,履歴少
202648081804,2026-08-18,4,リヴァデラルナ,4.0,4.0,柿原翔,57.0,,,,名古屋,あおちゃん24歳おめ(3歳),11.0,6.0,園田,JRA交流笠形山特別,15.0,13.0,1阪神9,3歳未勝利,10.0,11.0,1阪神4,3歳未勝利,7.0,9.0,2京都6,3歳未勝利,49.2,12.0,,nar,2026-08-18,31.99,20.8,37.0,0.0,48.0,50.2,45.0,履歴少
202645081804,2026-08-18,4,レガロペルテ,3.0,3.0,岡村健司,54.0,,3.0,1.0,川崎,2歳4,5.0,6.0,川崎,スパーキングデビュー(2歳),,,,,,,,,,,,,6.1,3.0,,nar,2026-08-18,51.29,60.2,43.0,48.4,52.1,53.9,45.0,履歴少 / サンプル少
202646081804,2026-08-18,4,レディアグレッサー,2.0,2.0,柴田勇真,55.0,,3.0,1.0,金沢,3歳B　8,15.0,8.0,3阪神2,3歳未勝利,18.0,8.0,1京都4,3歳未勝利,6.0,2.0,5阪神5,2歳新馬,,,,,3.1,2.0,,nar,2026-08-18,38.71,38.2,11.7,30.4,100.0,36.1,45.0,履歴少 / 近走上向き
202630081804,2026-08-18,4,ロックジール,6.0,6.0,桑村真明,55.0,,11.0,5.0,門別,北海道きたやさい賞(未勝利)(2歳),5.0,5.0,門別,2歳牝馬未勝利(未勝利),4.0,6.0,門別,JRA認定競走フレッ(新馬)(2歳),,,門別,JRA認定競走フレッ(新馬)(2歳),,,,,13.1,4.0,,nar,2026-08-18,42.1,50.7,36.7,44.7,11.0,56.6,45.0,履歴少 / 市場オッズ妙味
202645081804,2026-08-18,4,ヴェリココ,1.0,1.0,佐野遥久,54.0,,5.0,5.0,川崎,オオムラサキ特別(2歳),3.0,4.0,川崎,スパーキングデビュー(2歳),,,,,,,,,,,,,11.3,6.0,,nar,2026-08-18,51.1,59.4,47.2,48.4,38.9,58.3,45.0,履歴少 / サンプル少
202630081804,2026-08-18,4,ヴェントチェーロ,5.0,5.0,服部茂史,55.0,,3.0,3.0,門別,アイヌ文化のふるさと(未勝利)(2歳),5.0,3.0,門別,2歳未勝利(未勝利),8.0,5.0,門別,JRA認定競走アタッ(未勝利)(2歳),5.0,3.0,門別,JRA認定競走フレッ(新馬)(2歳),,,,,5.9,3.0,,nar,2026-08-18,56.8,68.1,39.2,69.9,68.0,51.9,45.0,履歴少 / 近走上向き / 安定感
202635081805,2026-08-18,5,アッセクシー,2.0,2.0,関本玲花,52.0,,14.0,16.0,2小倉4,3歳未勝利,16.0,14.0,3京都2,3歳未勝利,,,,,,,,,,,,,5.3,2.0,,nar,2026-08-18,36.64,18.0,46.3,18.0,52.1,54.2,45.0,履歴少 / サンプル少
202630081805,2026-08-18,5,アルマロザリオ,6.0,5.0,若杉朝飛,55.0,,7.0,6.0,門別,チプサンケ賞(C4),4.0,6.0,門別,3歳以上C4ー3,6.0,3.0,門別,グランシャリオドリー(C4),6.0,3.0,門別,3歳以上C4ー3,3.0,6.0,門別,3歳以上C4ー3,75.5,12.0,,nar,2026-08-18,49.47,64.0,46.3,35.3,36.5,52.2,45.0,履歴少
202648081805,2026-08-18,5,アンコンケラブル,4.0,4.0,大畑雅章,57.0,,,,名古屋,あおちゃん24歳おめ(3歳),7.0,8.0,2福島3,3歳未勝利,9.0,12.0,3中山6,3歳未勝利,11.0,13.0,2中山7,3歳未勝利,14.0,8.0,1中山9,3歳未勝利,9.2,6.0,,nar,2026-08-18,44.43,33.0,55.2,0.0,76.0,59.4,45.0,履歴少 / 近走上向き
202630081805,2026-08-18,5,アンノウンヒーロー,1.0,1.0,宮内勇樹,57.0,,5.0,7.0,門別,びらとり温泉ゆから賞(C4),6.0,6.0,門別,3歳以上C4ー3,8.0,9.0,門別,3歳以上C4ー3,7.0,9.0,門別,3歳以上C4ー3,6.0,7.0,門別,3歳以上C4ー3,71.0,10.0,,nar,2026-08-18,53.73,58.1,58.4,30.4,60.5,57.4,45.0,履歴少
202645081805,2026-08-18,5,ウインプリームス,2.0,2.0,櫻井光輔,54.0,,3.0,5.0,川崎,C2一　二,6.0,3.0,川崎,C2三　四,2.0,6.0,川崎,C2一　二,1.0,3.0,川崎,C2五　六,4.0,3.0,川崎,夢見ヶ崎賞(C2),10.8,8.0,,nar,2026-08-18,64.88,81.1,55.9,75.1,51.5,64.8,45.0,履歴少 / 安定感
202645081805,2026-08-18,5,ウロボロス,4.0,4.0,古岡勇樹,56.0,,9.0,8.0,川崎,デギュスタシオン賞(C2),3.0,6.0,川崎,C2一　二,3.0,2.0,川崎,ファイナルアンサー賞(C2),6.0,10.0,川崎,C2一　二,10.0,11.0,船橋,みどりの日特別(C2),33.7,9.0,,nar,2026-08-18,52.17,60.1,56.5,44.7,29.0,60.2,45.0,履歴少 / 市場オッズ妙味
202630081805,2026-08-18,5,エンパイアドリーム,12.0,8.0,藤田凌駕,53.0,,6.0,7.0,門別,ホクレン「くるるの杜(C4),,,,,,,,,,,,,,,,,11.0,5.0,,nar,2026-08-18,40.9,42.8,42.2,29.6,40.6,41.7,45.0,履歴少 / サンプル少
202648081805,2026-08-18,5,オケアノステソーロ,9.0,7.0,望月洵輝,57.0,,16.0,15.0,1函館5,3歳未勝利,8.0,9.0,2東京10,3歳未勝利,9.0,14.0,1東京7,3歳新馬,,,,,,,,,4.4,1.0,,nar,2026-08-18,34.57,24.1,58.7,0.0,5.0,61.7,45.0,履歴少
202645081805,2026-08-18,5,オリコウパラダイス,1.0,1.0,伊藤裕人,56.0,,4.0,4.0,川崎,C2一　二,5.0,4.0,川崎,C2一　二,3.0,1.0,川崎,C2一　二,1.0,3.0,川崎,C2三　四,2.0,5.0,川崎,C2三　四,8.4,5.0,,nar,2026-08-18,64.59,80.7,49.7,100.0,42.5,60.4,45.0,履歴少 / 安定感
202635081805,2026-08-18,5,オンザギャラクシー,6.0,6.0,村上忍,56.0,,16.0,15.0,3東京3,3歳未勝利,13.0,10.0,1東京4,3歳未勝利,9.0,12.0,1中山3,3歳新馬,,,,,,,,,6.7,4.0,,nar,2026-08-18,28.88,10.8,45.7,0.0,20.0,57.0,45.0,履歴少
202646081805,2026-08-18,5,ガーディアンスター,4.0,4.0,沖静男,55.0,,5.0,7.0,金沢,3歳B　7,3.0,8.0,金沢,3歳B　8,9.0,10.0,金沢,3歳B　6,8.0,8.0,金沢,3歳B　7,10.0,8.0,金沢,3歳B　3,321.8,7.0,,nar,2026-08-18,58.32,58.0,62.9,55.3,65.0,57.4,45.0,履歴少 / 近走上向き
202645081805,2026-08-18,5,クレテイユ,5.0,5.0,中越琉世,56.0,,14.0,14.0,川崎,デギュスタシオン賞(C2),11.0,10.0,川崎,キャビア賞(C2),13.0,14.0,川崎,神楽酒造盃くろうま賞(C1C2),11.0,12.0,浦和,うどんとこいのぼりの(C1),10.0,9.0,川崎,オプレンシア賞(C1),167.1,10.0,,nar,2026-08-18,31.24,11.6,49.9,0.0,33.5,53.5,45.0,履歴少
202646081805,2026-08-18,5,グレイイメル,3.0,3.0,加藤翔馬,57.0,,15.0,10.0,2小倉6,3歳未勝利,5.0,13.0,2小倉1,3歳未勝利,8.0,8.0,2阪神8,3歳1勝クラス,11.0,10.0,2阪神3,3歳未勝利,10.0,11.0,5阪神5,2歳未勝利,2.7,2.0,,nar,2026-08-18,38.89,31.5,53.0,24.9,11.0,56.2,51.8,クラス条件好転 / 前走人気以上
202630081805,2026-08-18,5,グレートシューター,5.0,5.0,服部茂史,57.0,,5.0,7.0,門別,チプサンケ賞(C4),6.0,7.0,門別,3歳以上C4ー3,5.0,7.0,門別,うらかわ馬フェスタ2(C4),5.0,8.0,門別,3歳以上C4ー3,7.0,8.0,門別,3歳以上C4ー3,74.9,11.0,,nar,2026-08-18,60.15,64.4,62.6,64.7,54.5,59.4,45.0,履歴少 / 安定感
202648081805,2026-08-18,5,グーフィー,10.0,7.0,小笠原羚,54.0,,,,名古屋,あおちゃん24歳おめ(3歳),9.0,6.0,2小倉2,3歳未勝利,11.0,12.0,3京都9,3歳未勝利,,,3京都5,3歳未勝利,,,,,8.2,4.0,,nar,2026-08-18,39.78,33.9,40.8,18.0,52.1,54.2,45.0,履歴少 / サンプル少
202645081805,2026-08-18,5,コルネットロッソ,8.0,7.0,新原周馬,56.0,,3.0,1.0,川崎,デギュスタシオン賞(C2),4.0,1.0,川崎,C2一　二,8.0,2.0,川崎,レーニョ賞(C1),2.0,2.0,川崎,レッドカーペット賞(C2),,,川崎,C1六　七,5.1,3.0,,nar,2026-08-18,54.84,74.3,30.2,69.9,60.0,48.0,45.0,履歴少 / 安定感
202646081805,2026-08-18,5,サイモンサザン,2.0,2.0,服部大地,57.0,,9.0,10.0,金沢,3歳B　6,7.0,8.0,金沢,3歳B　7,6.0,10.0,金沢,帝統くんお誕生日おめ(3歳),8.0,10.0,金沢,3歳B　5,9.0,10.0,金沢,3歳B　5特編(3歳5),999.9,9.0,,nar,2026-08-18,45.5,45.9,62.2,0.0,41.0,59.4,45.0,履歴少
202635081805,2026-08-18,5,サツキクローネ,9.0,7.0,塚本涼人,54.0,,10.0,9.0,盛岡,3歳C2七組,9.0,7.0,盛岡,3歳C2七組,8.0,9.0,盛岡,3歳C2四組,9.0,8.0,水沢,3歳C2七組,9.0,9.0,水沢,3歳C2三組,229.5,10.0,,nar,2026-08-18,37.4,35.1,44.7,0.0,42.5,51.5,45.0,履歴少
202635081805,2026-08-18,5,サンアイディール,11.0,8.0,山本聡哉,54.0,,16.0,12.0,1函館5,3歳未勝利,11.0,10.0,3京都2,3歳未勝利,7.0,17.0,1小倉12,3歳未勝利,,,,,,,,,2.1,1.0,,nar,2026-08-18,32.49,20.3,54.8,0.0,8.0,58.6,45.0,履歴少
202648081805,2026-08-18,5,サンライズマシュー,12.0,8.0,今井貴大,57.0,,13.0,12.0,2小倉7,3歳未勝利,15.0,16.0,1新潟7,3歳未勝利,16.0,9.0,1京都5,3歳未勝利,9.0,10.0,5中山5,2歳新馬,,,,,6.9,3.0,,nar,2026-08-18,29.81,7.2,39.9,0.0,52.0,53.3,45.0,履歴少
202645081805,2026-08-18,5,シェナベスト,9.0,7.0,岡村裕基,56.0,,3.0,6.0,川崎,C2一　二,1.0,10.0,川崎,C2三　四,8.0,10.0,川崎,C2一　二,5.0,5.0,川崎,C2三　四,5.0,11.0,川崎,初雷賞(C2),9.4,6.0,,nar,2026-08-18,71.86,76.1,79.2,80.2,60.5,72.5,45.0,履歴少 / 人気以上に走る傾向 / 安定感 / 過小評価傾向
202648081805,2026-08-18,5,ジューンミレニアム,1.0,1.0,尾崎章生,55.0,,,,名古屋,あおちゃん24歳おめ(3歳),16.0,16.0,3東京6,3歳以上1勝クラス,15.0,16.0,3東京3,3歳未勝利,14.0,13.0,1福島6,3歳未勝利,,,,,54.7,12.0,,nar,2026-08-18,29.06,0.0,50.6,0.0,41.0,53.5,45.0,履歴少
202646081805,2026-08-18,5,ジージージェット,9.0,8.0,中島龍也,57.0,,7.0,8.0,2小倉7,3歳未勝利,10.0,6.0,2小倉3,3歳未勝利,7.0,9.0,1新潟8,3歳未勝利,4.0,5.0,3京都6,3歳未勝利,6.0,13.0,1小倉4,3歳未勝利,2.5,1.0,,nar,2026-08-18,47.31,50.3,54.0,14.6,48.5,58.4,45.0,履歴少
202630081805,2026-08-18,5,スウィンドル,4.0,4.0,小野楓馬,57.0,,3.0,2.0,門別,チプサンケ賞(C4),2.0,2.0,門別,3歳以上C4ー3,9.0,13.0,門別,星雲賞〔H3〕(重賞),2.0,1.0,門別,浦臼町で新規就農しま(C4),4.0,5.0,門別,3歳以上C4ー3,6.4,4.0,,nar,2026-08-18,63.67,76.9,53.1,80.2,57.5,59.9,45.0,履歴少 / 安定感
202645081805,2026-08-18,5,セイウンスイート,7.0,6.0,国分祐仁,54.0,,9.0,10.0,浦和,特選(C2),6.0,11.0,浦和,特選(C2),11.0,12.0,川崎,稲魂賞(C2),8.0,9.0,浦和,大宮宿賞(C1),8.0,12.0,浦和,上尾市観光協会「あっ(C1),277.7,11.0,,nar,2026-08-18,45.85,40.8,66.1,0.0,45.5,61.3,45.0,履歴少 / 人気以上に走る傾向
202645081805,2026-08-18,5,ゼンダントモニ,11.0,8.0,藤本現暉,56.0,,5.0,2.0,川崎,C2一　二,5.0,1.0,川崎,C2一　二,2.0,1.0,川崎,八幡平ウマッシュルー(C1),7.0,1.0,船橋,馬い!卵はサンサンエ(C1),1.0,2.0,川崎,C2一　二,7.2,4.0,,nar,2026-08-18,54.65,73.7,29.9,85.4,42.5,50.0,45.0,履歴少 / 安定感
202630081805,2026-08-18,5,ダイメイゼット,8.0,6.0,岩橋勇二,57.0,,2.0,2.0,門別,びらとり温泉ゆから賞(C4),3.0,5.0,門別,3歳以上C4ー3,6.0,8.0,門別,3歳以上C4ー3,9.0,8.0,門別,日高沙流川オートキャ(C4),2.0,6.0,門別,DOスカイオンデマン(C4),15.2,6.0,,nar,2026-08-18,64.89,75.5,58.1,65.7,68.0,66.1,45.0,履歴少 / 近走上向き / 安定感 / 過小評価傾向
202630081805,2026-08-18,5,ダークディザイア,11.0,8.0,松井伸也,57.0,,6.0,6.0,門別,びらとり温泉ゆから賞(C4),9.0,2.0,門別,3歳以上C4ー3,8.0,4.0,門別,うらかわ馬フェスタ2(C4),,,,,,,,,69.8,9.0,,nar,2026-08-18,37.84,47.8,26.4,0.0,65.0,41.6,45.0,履歴少 / 近走上向き
202648081805,2026-08-18,5,テーオーシーザー,11.0,8.0,塚本征吾,57.0,,,,名古屋,あおちゃん24歳おめ(3歳),14.0,16.0,3阪神6,3歳未勝利,11.0,8.0,2京都6,3歳新馬,,,,,,,,,16.6,10.0,,nar,2026-08-18,36.48,22.9,44.7,18.0,35.6,60.2,45.0,履歴少 / サンプル少 / 市場オッズ妙味
202646081805,2026-08-18,5,トランセンコ,7.0,7.0,栗原大河,55.0,,7.0,11.0,2福島6,3歳未勝利,9.0,9.0,3東京3,3歳未勝利,6.0,7.0,1新潟6,3歳未勝利,4.0,7.0,3中山8,3歳未勝利,9.0,12.0,3中山3,3歳未勝利,4.4,3.0,,nar,2026-08-18,51.17,51.4,65.1,14.6,50.0,63.5,45.0,履歴少 / 人気以上に走る傾向
202630081805,2026-08-18,5,ドクターアキヨシ,10.0,7.0,金山昇馬,57.0,,5.0,4.0,門別,3歳以上C4ー3,7.0,5.0,門別,3歳以上C4ー3,,,,,,,,,,,,,23.2,7.0,,nar,2026-08-18,46.0,51.4,39.9,34.7,52.1,50.7,45.0,履歴少 / サンプル少 / 市場オッズ妙味
202648081805,2026-08-18,5,ドナシュネル,5.0,5.0,加藤聡一,55.0,,,,名古屋,あおちゃん24歳おめ(3歳),14.0,15.0,1函館1,3歳未勝利,15.0,15.0,1新潟3,3歳未勝利,16.0,12.0,4東京10,2歳未勝利,13.0,8.0,4中山5,2歳新馬,13.2,8.0,,nar,2026-08-18,29.01,0.6,41.4,0.0,54.0,56.6,45.0,履歴少 / 市場オッズ妙味
202630081805,2026-08-18,5,ナイトセーリング,2.0,2.0,渡辺準己,54.0,,1.0,1.0,名古屋,飛耀特別(2歳),2.0,1.0,名古屋,ディセンバーフューチ(2歳),6.0,4.0,門別,2歳3組,8.0,5.0,門別,道産牛乳飲んで健康に(2歳),1.0,1.0,門別,CONSAOLDS賞(未勝利)(2歳),2.4,1.0,,nar,2026-08-18,60.82,81.9,42.4,65.7,69.5,49.8,45.0,履歴少 / 近走上向き / 安定感
202635081805,2026-08-18,5,ナムラドガ,3.0,3.0,小林凌,56.0,,12.0,9.0,2福島7,3歳未勝利,8.0,13.0,3東京2,3歳未勝利,,,,,,,,,,,,,5.3,3.0,,nar,2026-08-18,38.96,32.5,47.8,18.0,32.3,56.0,45.0,履歴少 / サンプル少
202635081805,2026-08-18,5,ノボキセキ,5.0,5.0,山本政聡,54.0,,4.0,5.0,盛岡,3歳C2七組,6.0,6.0,盛岡,3歳C2七組,,,,,,,,,,,,,17.3,6.0,,nar,2026-08-18,50.39,55.8,47.6,34.7,52.1,60.1,45.0,履歴少 / サンプル少 / 市場オッズ妙味
202646081805,2026-08-18,5,バッカス,5.0,5.0,松戸政也,57.0,,10.0,7.0,名古屋,3歳9組,8.0,7.0,名古屋,きょうかちゃん生誕記(3歳),4.0,3.0,名古屋,アジア・アジアパラ応(3歳),3.0,6.0,名古屋,3歳14組,,7.0,名古屋,3歳10組,81.5,6.0,,nar,2026-08-18,43.16,52.1,42.8,34.3,20.0,51.9,45.0,履歴少
202648081805,2026-08-18,5,ビップアリス,7.0,6.0,細川智史,55.0,,,,名古屋,あおちゃん24歳おめ(3歳),9.0,11.0,1函館6,3歳未勝利,16.0,12.0,1函館2,3歳未勝利,11.0,14.0,1中京6,3歳未勝利,13.0,11.0,3京都10,2歳未勝利,16.2,9.0,,nar,2026-08-18,39.26,17.7,49.4,0.0,76.0,63.1,45.0,履歴少 / 近走上向き / 市場オッズ妙味
202645081805,2026-08-18,5,ピコグリーン,10.0,8.0,野畑凌,54.0,,1.0,3.0,川崎,C2一　二,9.0,3.0,川崎,C2一　二,3.0,1.0,川崎,C2一　二,3.0,1.0,川崎,C2二　三,11.0,9.0,4中山3,3歳未勝利,5.0,2.0,,nar,2026-08-18,57.97,70.3,37.5,64.7,83.0,50.3,45.0,履歴少 / 近走上向き / 安定感
202635081805,2026-08-18,5,ファインウーマン,10.0,8.0,鈴木祐,54.0,,10.0,8.0,盛岡,3歳C2六組,12.0,12.0,盛岡,3歳C2六組,11.0,11.0,盛岡,3歳C2四組,8.0,9.0,水沢,3歳C2六組,10.0,10.0,水沢,3歳C2一組,311.2,11.0,,nar,2026-08-18,36.24,24.8,46.8,0.0,51.5,52.9,45.0,履歴少
202635081805,2026-08-18,5,フィオーレグリーン,8.0,7.0,菅原辰徳,54.0,,5.0,7.0,盛岡,3歳C2七組,8.0,9.0,盛岡,3歳C2五組,6.0,7.0,水沢,3歳C2七組,7.0,10.0,水沢,3歳C2二組,7.0,11.0,盛岡,3歳C2三組,23.1,7.0,,nar,2026-08-18,55.48,56.4,63.3,30.4,62.0,63.4,45.0,履歴少 / 市場オッズ妙味
202646081805,2026-08-18,5,プレシャスノワール,8.0,8.0,兼子千央,55.0,,10.0,7.0,金沢,3歳B　6,5.0,6.0,金沢,3歳B　7,10.0,7.0,金沢,帝統くんお誕生日おめ(3歳),8.0,7.0,金沢,3歳B　6,7.0,9.0,名古屋,3歳7組,783.7,8.0,,nar,2026-08-18,40.79,42.8,41.6,24.9,35.0,50.9,45.0,履歴少
202645081805,2026-08-18,5,ベルレオーネ,3.0,3.0,和田譲治,56.0,,4.0,2.0,川崎,C2一　二,5.0,2.0,川崎,2026川崎ジョッキ(C2),3.0,6.0,川崎,C2一　二,8.0,3.0,船橋,馬い!淡路むらっち玉(C2),5.0,1.0,川崎,C2一　二,3.8,1.0,,nar,2026-08-18,56.87,70.1,36.7,85.4,57.5,48.5,45.0,履歴少 / 安定感
202630081805,2026-08-18,5,ベルンホンディエ,9.0,7.0,阿部龍,57.0,,11.0,8.0,門別,ホクレン「くるるの杜(C4),7.0,6.0,門別,3歳以上C4ー3,3.0,6.0,門別,3歳条件未勝利(未勝利),,,門別,3歳条件未勝利(未勝利),8.0,5.0,門別,2歳未勝利(未勝利),41.3,8.0,,nar,2026-08-18,40.14,47.0,42.8,19.8,20.0,53.0,45.0,履歴少 / 市場オッズ妙味
202646081805,2026-08-18,5,ホウオウミステリー,1.0,1.0,青柳正義,55.0,,2.0,1.0,金沢,3歳B　9,13.0,13.0,2福島3,3歳未勝利,10.0,14.0,1福島6,3歳未勝利,16.0,15.0,1東京7,3歳未勝利,15.0,16.0,4東京7,2歳新馬,6.5,4.0,,nar,2026-08-18,50.94,34.5,53.1,30.4,100.0,59.9,45.0,履歴少 / 近走上向き
202630081805,2026-08-18,5,マナモアナ,7.0,6.0,桑村真明,55.0,,2.0,1.0,門別,チプサンケ賞(C4),2.0,3.0,門別,3歳以上C4ー3,3.0,3.0,門別,うらかわ馬フェスタ2(C4),10.0,3.0,門別,3歳以上C4ー3,3.0,3.0,門別,3歳以上C4ー3,6.0,3.0,,nar,2026-08-18,62.64,80.3,42.5,85.4,65.0,53.1,45.0,履歴少 / 近走上向き / 安定感
202645081805,2026-08-18,5,マロンルピナス,6.0,6.0,池谷匠翔,54.0,,2.0,5.0,川崎,C2三　四,4.0,14.0,川崎,2026川崎ジョッキ(C2),10.0,12.0,川崎,C2一　二,4.0,3.0,浦和,C2三　四,5.0,4.0,川崎,C2五　六,10.2,7.0,,nar,2026-08-18,70.12,70.6,74.9,80.2,72.5,68.3,45.0,履歴少 / 人気以上に走る傾向 / 近走上向き / 安定感
202648081805,2026-08-18,5,ミスティパープル,8.0,6.0,大原浩司,55.0,,,,名古屋,あおちゃん24歳おめ(3歳),17.0,17.0,3阪神6,3歳未勝利,14.0,9.0,1福島3,3歳未勝利,11.0,14.0,1京都3,3歳未勝利,15.0,6.0,3京都9,2歳新馬,12.2,7.0,,nar,2026-08-18,24.7,4.2,35.1,0.0,28.0,51.7,45.0,履歴少 / 市場オッズ妙味
202635081805,2026-08-18,5,ミノホタテ,7.0,6.0,大坪慎,56.0,,6.0,9.0,盛岡,3歳C2六組,11.0,11.0,盛岡,3歳C2六組,9.0,9.0,船橋,3歳八,10.0,9.0,船橋,3歳　四組下,10.0,11.0,船橋,3歳九,149.7,8.0,,nar,2026-08-18,45.05,37.3,56.1,0.0,74.0,55.5,45.0,履歴少 / 近走上向き
202648081805,2026-08-18,5,メイショウツキヨ,3.0,3.0,木之前葵,53.0,,11.0,11.0,2小倉7,3歳未勝利,10.0,15.0,2小倉1,3歳未勝利,,,,,,,,,,,,,8.3,5.0,,nar,2026-08-18,41.88,31.0,54.2,18.0,42.2,60.6,45.0,履歴少 / サンプル少
202630081805,2026-08-18,5,メイショウヤマフジ,3.0,3.0,落合玄太,55.0,,,,,,,,,,,,,,,,,,,,,,4.5,2.0,,nar,2026-08-18,36.0,35.0,35.0,35.0,35.0,35.0,45.0,履歴少
202646081805,2026-08-18,5,モロノディアマンテ,6.0,6.0,甲賀弘隆,57.0,,2.0,6.0,金沢,3歳B　8,16.0,15.0,2福島1,3歳未勝利,13.0,14.0,1新潟3,3歳未勝利,14.0,13.0,1東京8,3歳未勝利,,,,,13.2,5.0,,nar,2026-08-18,51.91,32.1,57.9,30.4,100.0,63.4,45.0,履歴少 / 近走上向き / 市場オッズ妙味
202648081805,2026-08-18,5,ユウブルボン,2.0,2.0,大畑慧悟,57.0,,14.0,13.0,3京都7,3歳未勝利,9.0,10.0,船橋,ナイスサドル特別(3歳未格),10.0,11.0,1阪神2,3歳未勝利,9.0,8.0,高知,足摺盃(3歳),14.0,12.0,5東京2,2歳新馬,22.2,11.0,,nar,2026-08-18,32.86,19.8,48.5,0.0,29.0,55.0,45.0,履歴少 / 市場オッズ妙味
202648081805,2026-08-18,5,ラインクインビー,6.0,5.0,近藤颯羽,52.0,,,,名古屋,あおちゃん24歳おめ(3歳),15.0,14.0,1函館3,3歳未勝利,14.0,12.0,2東京9,3歳未勝利,13.0,9.0,2東京4,3歳未勝利,8.0,6.0,3中山4,3歳未勝利,5.4,2.0,,nar,2026-08-18,25.68,7.4,35.6,0.0,30.0,49.9,45.0,履歴少
202635081805,2026-08-18,5,ララムーティエ,1.0,1.0,岩本怜,54.0,,8.0,10.0,盛岡,3歳C2七組,8.0,8.0,盛岡,3歳C2七組,9.0,10.0,盛岡,3歳C2五組,15.0,16.0,2中山5,3歳未勝利,16.0,15.0,2中山3,3歳未勝利,164.0,9.0,,nar,2026-08-18,43.37,31.5,55.9,0.0,74.0,55.5,45.0,履歴少 / 近走上向き
202635081805,2026-08-18,5,リマーカブル,4.0,4.0,高松亮,56.0,,6.0,3.0,盛岡,3歳C2七組,15.0,15.0,2福島1,3歳未勝利,11.0,11.0,3中山7,3歳未勝利,15.0,13.0,1中京5,3歳未勝利,,,,,8.2,5.0,,nar,2026-08-18,40.38,24.7,40.6,0.0,96.0,54.9,45.0,履歴少 / 近走上向き
202635081806,2026-08-18,6,アイルビーゼア,8.0,8.0,保園翔也,54.0,,6.0,5.0,盛岡,C1,4.0,4.0,盛岡,C1,7.0,8.0,盛岡,C1,4.0,5.0,水沢,C1,4.0,7.0,水沢,C1,9.7,5.0,,nar,2026-08-18,55.48,66.4,52.4,49.8,42.5,62.3,45.0,履歴少
202630081806,2026-08-18,6,アプラウゾ,7.0,7.0,若杉朝飛,55.0,,6.0,7.0,門別,BTC賞(C4),8.0,9.0,門別,3歳以上C4ー3,9.0,12.0,門別,グランシャリオドリー(C4),7.0,12.0,門別,浦臼町で新規就農しま(C4),11.0,12.0,門別,3歳以上C4ー3,94.2,9.0,,nar,2026-08-18,49.17,46.0,63.9,0.0,66.5,60.6,45.0,履歴少 / 近走上向き
202645081806,2026-08-18,6,エヴァルト,4.0,4.0,矢野貴之,54.0,,2.0,1.0,川崎,オオムラサキ特別(2歳),2.0,2.0,川崎,スパーキングデビュー(2歳),,,,,,,,,,,,,5.1,2.0,,nar,2026-08-18,52.83,68.6,43.4,48.4,45.5,53.1,45.0,履歴少 / サンプル少
202645081806,2026-08-18,6,オリジン,6.0,6.0,新原周馬,54.0,,1.0,3.0,川崎,スミナガシ賞(2歳),4.0,5.0,川崎,スパーキングデビュー(2歳),,,,,,,,,,,,,17.1,3.0,,nar,2026-08-18,56.74,67.1,51.5,48.4,55.4,61.8,45.0,履歴少 / サンプル少 / 市場オッズ妙味
202635081806,2026-08-18,6,クリノブリーゼ,9.0,8.0,塚本涼人,54.0,,10.0,10.0,盛岡,C1,9.0,8.0,盛岡,C1,9.0,7.0,水沢,C1,2.0,2.0,水沢,C1,4.0,4.0,盛岡,C1,15.0,9.0,,nar,2026-08-18,43.01,45.9,45.5,24.9,26.0,61.7,45.0,履歴少 / 市場オッズ妙味
202645081806,2026-08-18,6,クレバーパイン,3.0,3.0,野畑凌,54.0,,1.0,1.0,川崎,スパーキングデビュー(2歳),,,,,,,,,,,,,,,,,1.3,1.0,,nar,2026-08-18,43.64,51.6,40.6,36.3,40.6,40.6,45.0,履歴少 / サンプル少
202630081806,2026-08-18,6,グッドミミック,2.0,2.0,黒澤愛斗,57.0,,6.0,3.0,門別,3歳以上C4ー3,7.0,3.0,門別,3歳以上C4ー3,2.0,6.0,門別,推しウマ探せ!おひさ(C4),4.0,4.0,門別,3歳条件未勝利(未勝利),8.0,6.0,門別,3歳条件未勝利(未勝利),6.4,2.0,,nar,2026-08-18,49.71,65.0,40.7,34.3,45.5,54.7,45.0,履歴少
202648081806,2026-08-18,6,ケノファニース,9.0,7.0,丹羽克輝,55.0,,7.0,11.0,名古屋,C11組,9.0,11.0,名古屋,C11組,12.0,12.0,名古屋,C10組,3.0,7.0,名古屋,C14組,11.0,11.0,名古屋,C14組,50.1,8.0,,nar,2026-08-18,49.38,41.5,66.1,14.6,60.5,60.0,45.0,履歴少 / 人気以上に走る傾向
202646081806,2026-08-18,6,ケンロクシャルモン,2.0,2.0,柴田勇真,57.0,,2.0,4.0,金沢,金沢競馬B1プレミア,2.0,2.0,金沢,七尾港まつり特別(B2),1.0,1.0,金沢,スマホで投票!楽天競(B2),2.0,2.0,金沢,リオ&ユンケル結婚お(B2),1.0,1.0,金沢,今年も能登復興支援シ(C1),2.6,2.0,,nar,2026-08-18,69.35,94.4,54.3,100.0,47.0,55.4,45.0,履歴少 / 安定感
202648081806,2026-08-18,6,ゴールドサニーデイ,6.0,5.0,丸山真一,55.0,,12.0,11.0,名古屋,なお、いつもありがと(C),11.0,9.0,名古屋,C11組,9.0,9.0,名古屋,C14組,11.0,11.0,名古屋,C15組,10.0,9.0,名古屋,C24組,227.2,12.0,,nar,2026-08-18,32.88,21.6,43.7,0.0,39.5,50.9,45.0,履歴少
202646081806,2026-08-18,6,ゴールドレコーダー,8.0,8.0,田知弘久,55.0,,9.0,10.0,金沢,高橋家&西村家★結婚(B1特別),7.0,7.0,金沢,B12,5.0,7.0,金沢,B12,6.0,8.0,金沢,B12,7.0,7.0,金沢,オッズパーク杯(B1),32.9,7.0,,nar,2026-08-18,47.3,51.5,56.9,19.8,33.5,59.5,45.0,履歴少 / 市場オッズ妙味
202630081806,2026-08-18,6,サクラゴールド,4.0,4.0,亀井洋司,57.0,,9.0,9.0,門別,3歳以上C4ー3,12.0,9.0,門別,3歳以上C4ー3,9.0,9.0,門別,3歳以上C4ー3,12.0,9.0,門別,3歳以上C4ー3,9.0,9.0,門別,グランシャリオドリー(C4),77.8,8.0,,nar,2026-08-18,35.96,26.5,41.7,0.0,59.0,49.6,45.0,履歴少
202635081806,2026-08-18,6,サクラリゲル,6.0,6.0,山本聡紀,56.0,,9.0,6.0,盛岡,C1,5.0,9.0,盛岡,C1,10.0,10.0,盛岡,C1,8.0,4.0,水沢,B2,6.0,8.0,水沢,B2,11.8,8.0,,nar,2026-08-18,45.31,46.0,48.0,24.9,39.5,62.0,45.0,履歴少
202648081806,2026-08-18,6,シラガゾメ,8.0,6.0,加藤利征,55.0,,11.0,12.0,名古屋,C11組,11.0,10.0,名古屋,なお、いつもありがと(C),10.0,11.0,名古屋,C11組,7.0,6.0,名古屋,C14組,7.0,8.0,名古屋,C15組,225.0,11.0,,nar,2026-08-18,37.09,29.6,51.5,0.0,36.5,54.1,45.0,履歴少
202648081806,2026-08-18,6,シロイヤツ,12.0,8.0,尾崎章生,57.0,,5.0,9.0,名古屋,C11組,7.0,12.0,名古屋,C11組,10.0,12.0,名古屋,金シャチ最終戦(C),9.0,9.0,名古屋,C15組,9.0,8.0,名古屋,C24組,46.8,7.0,,nar,2026-08-18,55.74,48.1,69.3,30.4,72.5,62.8,45.0,履歴少 / 人気以上に走る傾向 / 近走上向き / 市場オッズ妙味
202630081806,2026-08-18,6,ジャスパーエース,6.0,6.0,小川悠汰,54.0,,5.0,5.0,門別,優駿の里安平町SRK(C4),8.0,3.0,門別,3歳以上C4ー3,4.0,4.0,門別,湧別サロマ湖関野剛平(C4),5.0,3.0,門別,3歳以上C4ー3,3.0,3.0,門別,3歳以上C4ー3,7.8,4.0,,nar,2026-08-18,54.78,65.3,39.2,75.1,50.0,54.2,45.0,履歴少 / 安定感
202645081806,2026-08-18,6,ジンジャーホープ,8.0,8.0,櫻井光輔,54.0,,1.0,2.0,川崎,2歳4,5.0,4.0,川崎,スパーキングデビュー(2歳),,,,,,,,,,,,,19.5,5.0,,nar,2026-08-18,54.89,65.1,45.9,48.4,58.7,59.3,45.0,履歴少 / サンプル少 / 市場オッズ妙味
202648081806,2026-08-18,6,ステイラッキー,7.0,6.0,今井貴大,55.0,,,,名古屋,LJS名古屋ラウンド(C),2.0,5.0,名古屋,C28組,13.0,13.0,3中山7,3歳未勝利,10.0,15.0,2中京2,3歳未勝利,,,,,2.3,1.0,,nar,2026-08-18,57.52,46.9,67.4,24.9,100.0,62.2,45.0,履歴少 / 人気以上に走る傾向 / 近走上向き
202648081806,2026-08-18,6,ゼンダンマイウェイ,4.0,4.0,山田祥雄,55.0,,4.0,5.0,名古屋,なお、いつもありがと(C),8.0,4.0,名古屋,C11組,3.0,4.0,名古屋,金シャチ最終戦(C),6.0,6.0,名古屋,C15組,5.0,4.0,名古屋,C24組,16.0,4.0,,nar,2026-08-18,56.82,66.4,45.8,60.5,59.0,59.9,45.0,履歴少 / 安定感 / 市場オッズ妙味
202646081806,2026-08-18,6,ソングフォーユー,5.0,5.0,青柳正義,55.0,,5.0,2.0,金沢,高橋家&西村家★結婚(B1特別),4.0,2.0,金沢,第21回生誕記念幸せ(B1),4.0,2.0,金沢,B14,8.0,3.0,金沢,B14,2.0,5.0,金沢,B14,6.0,3.0,,nar,2026-08-18,55.65,70.6,34.4,85.4,47.0,51.8,45.0,履歴少 / 安定感
202630081806,2026-08-18,6,タイセツオー,1.0,1.0,服部茂史,57.0,,5.0,4.0,門別,グランシャリオドリー(C4),9.0,7.0,門別,湧別サロマ湖関野剛平(C4),5.0,7.0,門別,渓流の女王ヤマベ賞(C4),6.0,8.0,門別,3歳以上C4ー3,9.0,10.0,門別,3歳以上C4ー3,11.3,5.0,,nar,2026-08-18,54.3,55.6,49.9,50.2,63.5,61.6,45.0,履歴少
202646081806,2026-08-18,6,ダンナイ,6.0,6.0,吉田晃浩,57.0,,,,金沢,B12,9.0,10.0,金沢,B12,11.0,10.0,金沢,B12,9.0,10.0,金沢,オッズパーク杯(B1),10.0,10.0,金沢,B12,75.3,8.0,,nar,2026-08-18,39.78,30.3,52.0,0.0,56.0,54.3,45.0,履歴少
202630081806,2026-08-18,6,テクノリバタリアン,8.0,8.0,小野楓馬,57.0,,3.0,5.0,門別,BTC賞(C4),10.0,9.0,門別,3歳以上C4ー3,11.0,8.0,門別,グランシャリオドリー(C4),8.0,10.0,門別,3歳以上C4ー3,6.0,5.0,門別,3歳以上C4ー3,7.5,3.0,,nar,2026-08-18,52.06,49.1,49.7,30.4,84.5,57.9,45.0,履歴少 / 近走上向き
202630081806,2026-08-18,6,テンアリオン,9.0,8.0,宮内勇樹,55.0,,3.0,4.0,門別,3歳以上C4ー3,4.0,4.0,門別,3歳以上C4ー3,4.0,3.0,門別,グランシャリオドリー(C4),2.0,2.0,門別,3歳以上C4ー3,6.0,4.0,門別,3歳以上C4ー3,1.6,1.0,,nar,2026-08-18,63.06,79.1,49.3,89.7,56.0,50.7,45.0,履歴少 / 安定感
202646081806,2026-08-18,6,トラジェクトワール,1.0,1.0,中島龍也,57.0,,1.0,1.0,金沢,堀江舞アナ明日8月5(B1特別),3.0,2.0,金沢,B23,3.0,1.0,金沢,あづ聖誕つにてんてん(B2),3.0,3.0,金沢,金沢競馬B2プレミア,1.0,1.0,金沢,まめちゃんぴよぴよ記(C1),2.1,1.0,,nar,2026-08-18,67.01,90.5,45.5,100.0,59.0,51.2,45.0,履歴少 / 安定感
202648081806,2026-08-18,6,トリプルアイ,1.0,1.0,松本一心,55.0,,8.0,10.0,名古屋,C11組,12.0,12.0,名古屋,金シャチ最終戦777(C),9.0,9.0,名古屋,C11組,11.0,7.0,名古屋,金シャチ最終戦(C),10.0,8.0,名古屋,星香20代最後の第4(C),51.6,9.0,,nar,2026-08-18,39.32,29.3,48.7,0.0,65.0,50.9,45.0,履歴少 / 近走上向き
202630081806,2026-08-18,6,トンチャン,3.0,3.0,吉本隆記,55.0,,4.0,4.0,門別,平取中応援ファンファ(C4),8.0,8.0,門別,3歳以上C4ー3,5.0,10.0,門別,3歳以上C4ー3,10.0,10.0,門別,3歳以上C4ー3,9.0,11.0,門別,3歳以上C4ー3,27.4,7.0,,nar,2026-08-18,57.41,55.3,58.4,50.2,74.0,60.9,45.0,履歴少 / 近走上向き / 市場オッズ妙味
202645081806,2026-08-18,6,ドラゴンライト,5.0,5.0,和田譲治,54.0,,1.0,3.0,川崎,2歳5,5.0,6.0,川崎,アゲハチョウ賞(2歳),10.0,8.0,川崎,ホタル特別(2歳),6.0,11.0,船橋,スイカズラ特別(2歳),6.0,7.0,川崎,スパーキングデビュー(2歳),38.3,8.0,,nar,2026-08-18,62.96,67.8,59.1,55.3,84.5,60.9,45.0,履歴少 / 近走上向き / 市場オッズ妙味
202646081806,2026-08-18,6,ドーンコスモ,3.0,3.0,鈴木太一,55.0,,2.0,6.0,金沢,堀江舞アナ明日8月5(B1特別),5.0,5.0,金沢,B14,1.0,11.0,金沢,B24,8.0,11.0,金沢,あづ聖誕つにてんてん(B2),8.0,9.0,金沢,かなパスで生活を便利(B2特別),21.3,5.0,,nar,2026-08-18,71.0,75.6,76.1,75.1,71.0,68.0,45.0,履歴少 / 人気以上に走る傾向 / 近走上向き / 安定感
202648081806,2026-08-18,6,ニシキホーク,11.0,8.0,大原浩司,57.0,,7.0,7.0,名古屋,3歳4組,3.0,7.0,名古屋,3歳5組,1.0,11.0,名古屋,3歳7組,3.0,11.0,名古屋,3歳8組,7.0,11.0,名古屋,3歳7組,2.8,2.0,,nar,2026-08-18,65.48,74.1,81.9,59.3,29.0,71.3,45.0,履歴少 / 人気以上に走る傾向 / 過小評価傾向
202635081806,2026-08-18,6,ネコニコタツ,3.0,3.0,小林凌,54.0,,8.0,3.0,盛岡,C1,7.0,2.0,盛岡,C1,5.0,2.0,盛岡,C1,3.0,5.0,水沢,C1六組,2.0,8.0,水沢,C1,7.5,3.0,,nar,2026-08-18,46.03,61.5,32.9,44.7,27.5,55.3,45.0,履歴少
202635081806,2026-08-18,6,ハートループ,2.0,2.0,南郷家全,54.0,,4.0,8.0,盛岡,C1,9.0,7.0,盛岡,C1,8.0,6.0,盛岡,C1,3.0,9.0,水沢,C1,9.0,10.0,盛岡,C1,11.0,7.0,,nar,2026-08-18,57.38,56.7,59.1,45.0,69.5,64.8,45.0,履歴少 / 近走上向き
202645081806,2026-08-18,6,バースバイパー,1.0,1.0,佐野遥久,54.0,,8.0,9.0,川崎,初陣賞(OP)(2歳),2.0,2.0,川崎,天衣無縫賞(2歳),1.0,2.0,川崎,スパーキングデビュー(2歳),,,,,,,,,32.0,7.0,,nar,2026-08-18,53.4,74.7,54.7,44.7,11.0,58.5,45.0,履歴少 / 市場オッズ妙味
202646081806,2026-08-18,6,ビューティーハニー,4.0,4.0,加藤翔馬,55.0,,4.0,10.0,金沢,高島美稀お誕生日記念(B1特別),6.0,9.0,金沢,早川LD昇進おめでと(B1),7.0,7.0,金沢,第21回生誕記念幸せ(B1),2.0,7.0,金沢,B14,7.0,8.0,金沢,B14,30.1,6.0,,nar,2026-08-18,62.74,67.1,73.8,45.0,59.0,66.0,45.0,履歴少 / 人気以上に走る傾向 / 過小評価傾向 / 市場オッズ妙味
202648081806,2026-08-18,6,ピチクリ,10.0,7.0,加藤聡一,55.0,,4.0,2.0,名古屋,C21組,4.0,3.0,名古屋,C26組,9.0,5.0,名古屋,C26組,8.0,7.0,名古屋,C27組,10.0,8.0,名古屋,C27組,4.4,3.0,,nar,2026-08-18,51.82,58.5,36.0,55.3,72.5,49.8,45.0,履歴少 / 近走上向き
202648081806,2026-08-18,6,ファリナータ,5.0,5.0,小笠原羚,52.0,,3.0,10.0,名古屋,ここあ生誕1周年記念(C),7.0,4.0,名古屋,C28組,6.0,5.0,名古屋,C28組,6.0,4.0,名古屋,みゆちゃんゆうしゅん(C),3.0,4.0,名古屋,梅擬賞(C),21.4,6.0,,nar,2026-08-18,57.9,67.8,57.0,40.7,65.0,57.6,45.0,履歴少 / 近走上向き / 市場オッズ妙味
202635081806,2026-08-18,6,フィエルテ,5.0,5.0,高松亮,54.0,,3.0,2.0,笠松,祝☆裕太1歳おめでと(C),8.0,1.0,笠松,めろんぱん誕生日記念(C),10.0,1.0,笠松,屋形船特別(C),1.0,1.0,笠松,和田健志31歳生誕記(C),3.0,4.0,笠松,春嵐特別(C),5.2,2.0,,nar,2026-08-18,49.49,65.3,23.9,55.3,65.0,46.6,45.0,履歴少 / 近走上向き
202635081806,2026-08-18,6,プリモジョーカー,1.0,1.0,阿部英俊,54.0,,8.0,3.0,盛岡,C1,3.0,8.0,盛岡,C1,6.0,4.0,盛岡,C1,,,水沢,C1,5.0,6.0,水沢,C1,8.2,4.0,,nar,2026-08-18,48.8,62.3,45.4,35.3,30.0,58.1,45.0,履歴少
202646081806,2026-08-18,6,マクギリス,7.0,7.0,浅野登生,54.0,,4.0,5.0,金沢,ずまちゃんハッピーバ(B1特別),4.0,6.0,金沢,早川LD昇進おめでと(B1),2.0,7.0,金沢,ゆいおうえんそうしん(B1),7.0,3.0,金沢,B14,6.0,4.0,金沢,B14,10.0,4.0,,nar,2026-08-18,63.0,74.0,57.0,75.1,54.5,61.1,45.0,履歴少 / 安定感
202645081806,2026-08-18,6,ヤマトリュウタン,7.0,7.0,伊藤裕人,54.0,,4.0,4.0,川崎,未勝利(2歳),4.0,3.0,川崎,ホタル特別(2歳),2.0,5.0,川崎,スパーキングデビュー(2歳),,,,,,,,,18.3,4.0,,nar,2026-08-18,63.03,80.2,53.2,75.1,44.0,64.4,45.0,履歴少 / 安定感 / 市場オッズ妙味
202648081806,2026-08-18,6,ユイノチョウシンキ,2.0,2.0,大畑雅章,57.0,,6.0,6.0,名古屋,C11組,7.0,4.0,名古屋,なお、いつもありがと(C),4.0,11.0,名古屋,金シャチ最終戦(C),8.0,5.0,名古屋,C15組,7.0,9.0,名古屋,C23組,19.5,5.0,,nar,2026-08-18,51.14,58.0,52.8,19.8,53.0,64.2,45.0,履歴少 / 市場オッズ妙味
202630081806,2026-08-18,6,ライズタワー,5.0,5.0,井上俊彦,55.0,,4.0,7.0,門別,優駿の里安平町SRK(C4),6.0,5.0,門別,3歳以上C4ー3,,,門別,グランシャリオドリー(C4),6.0,10.0,門別,3歳以上C4ー3,8.0,9.0,門別,渓流の女王ヤマベ賞(C4),18.7,6.0,,nar,2026-08-18,58.32,64.0,61.8,30.4,66.0,67.9,45.0,履歴少 / 近走上向き / 過小評価傾向 / 市場オッズ妙味
202645081806,2026-08-18,6,ラウロカンピオーネ,2.0,2.0,町田直希,54.0,,3.0,3.0,川崎,オオムラサキ特別(2歳),6.0,5.0,川崎,シャイニングスター賞(2歳),2.0,1.0,川崎,スパーキングデビュー(2歳),,,,,,,,,21.5,6.0,,nar,2026-08-18,57.7,78.1,45.8,50.2,56.0,54.1,45.0,履歴少 / 市場オッズ妙味
202635081806,2026-08-18,6,レイホープ,4.0,4.0,佐々木志,56.0,,5.0,1.0,盛岡,C1,11.0,10.0,門別,グランシャリオドリー(B4),6.0,6.0,門別,夕張メロン、味は特別(A4),11.0,10.0,門別,グランシャリオドリー(B4),10.0,9.0,門別,日高地区測量設計協会(C1),10.5,6.0,,nar,2026-08-18,46.4,43.3,38.0,30.4,77.0,55.5,45.0,履歴少 / 近走上向き
202648081806,2026-08-18,6,レディマジェスティ,3.0,3.0,加藤誓二,55.0,,10.0,7.0,名古屋,C11組,12.0,10.0,名古屋,金シャチ最終戦(C),6.0,5.0,名古屋,C14組,9.0,10.0,名古屋,金シャチ最終戦(C),10.0,2.0,名古屋,C23組,85.5,10.0,,nar,2026-08-18,33.24,31.5,34.0,0.0,45.5,45.0,45.0,履歴少
202635081806,2026-08-18,6,レーニス,7.0,7.0,山本聡哉,54.0,,2.0,4.0,盛岡,C1,10.0,10.0,佐賀,JRA交流霧島賞(重賞),1.0,1.0,盛岡,C2,3.0,2.0,盛岡,C2,2.0,1.0,水沢,C2,2.8,1.0,,nar,2026-08-18,62.57,76.5,52.5,75.1,62.0,54.4,45.0,履歴少 / 安定感
202645081807,2026-08-18,7,アイズミサクラ,2.0,2.0,矢野貴之,54.0,,7.0,5.0,川崎,C2一　二,4.0,3.0,川崎,C2一,1.0,2.0,川崎,二人羽織賞(C2),3.0,3.0,川崎,C2三　四,3.0,3.0,川崎,C2六　七八(C2七),5.8,3.0,,nar,2026-08-18,55.67,75.4,45.4,69.6,24.5,56.2,45.0,履歴少 / 安定感
202648081807,2026-08-18,7,ウタカタ,4.0,4.0,木之前葵,53.0,,8.0,5.0,名古屋,金シャチ最終戦777(C),10.0,7.0,名古屋,C10組,7.0,1.0,名古屋,金シャチ最終戦(C),11.0,6.0,名古屋,たつや&ともみ2周年(C),3.0,3.0,名古屋,星香20代最後の第4(C),21.9,9.0,,nar,2026-08-18,35.71,42.2,25.0,10.3,48.5,45.2,45.0,履歴少 / 市場オッズ妙味
202635081807,2026-08-18,7,エーデルムート,6.0,6.0,阿部英俊,54.0,,7.0,8.0,盛岡,C1,4.0,6.0,盛岡,C2,2.0,3.0,盛岡,C2,4.0,2.0,盛岡,C2,1.0,3.0,盛岡,C2,13.6,4.0,,nar,2026-08-18,59.07,74.3,56.4,69.6,24.5,63.7,45.0,履歴少 / 安定感 / 市場オッズ妙味
202630081807,2026-08-18,7,オオイシテイオー,8.0,8.0,桑村真明,57.0,,4.0,3.0,門別,3歳以上C4ー3,6.0,8.0,門別,3歳以上C4ー3,5.0,7.0,門別,3歳以上C4ー3,7.0,6.0,門別,3歳以上C4ー3,6.0,3.0,門別,3歳条件未勝利(未勝利),5.6,3.0,,nar,2026-08-18,56.4,65.3,50.9,50.2,62.0,56.7,45.0,履歴少
202648081807,2026-08-18,7,オルトジュピター,7.0,6.0,大畑雅章,55.0,,3.0,3.0,名古屋,C10組,7.0,5.0,名古屋,金シャチ最終戦777(C),3.0,5.0,名古屋,C11組,10.0,6.0,名古屋,C14組,9.0,10.0,名古屋,C22組,12.8,4.0,,nar,2026-08-18,56.45,62.9,45.9,50.2,75.5,58.9,45.0,履歴少 / 近走上向き / 市場オッズ妙味
202635081807,2026-08-18,7,カラフルピーチ,4.0,4.0,佐々木志,54.0,,3.0,8.0,盛岡,純米ニトロ7周年記念(C1),7.0,6.0,盛岡,C1,10.0,8.0,水沢,ディセントラ賞(C1),6.0,8.0,浦和,ラベンダー特別(C2),9.0,8.0,川崎,C2一　二,9.0,2.0,,nar,2026-08-18,55.94,56.5,57.4,30.4,80.0,61.3,45.0,履歴少 / 近走上向き
202646081807,2026-08-18,7,カルデア,10.0,8.0,栗原大河,57.0,,11.0,13.0,大井,U.S.ターキー賞(C2七),11.0,10.0,大井,ヘラクレス座特別競走(C2),12.0,14.0,大井,C2三　四五(C2四),5.0,6.0,大井,C2二　三四(C2三),8.0,6.0,大井,C2四　五六(C2五),3.2,1.0,,nar,2026-08-18,39.66,27.9,54.9,14.6,38.0,56.3,45.0,履歴少
202645081807,2026-08-18,7,カレンメラメーラ,9.0,7.0,岡村裕基,54.0,,9.0,9.0,川崎,C2一　二,10.0,6.0,川崎,稲光賞(C2),6.0,11.0,川崎,C2一　二,6.0,10.0,川崎,C2一　二,5.0,9.0,川崎,錨草賞(C2),57.7,10.0,,nar,2026-08-18,44.84,45.6,56.9,10.3,36.5,59.4,45.0,履歴少
202645081807,2026-08-18,7,グァンバーレ,11.0,8.0,古岡勇樹,54.0,,7.0,9.0,川崎,雷鳴賞(C2),9.0,9.0,川崎,稲光賞(C2),8.0,8.0,川崎,駿逸賞(C1),3.0,10.0,浦和,うどんとこいのぼりの(C1),9.0,11.0,川崎,青玉賞(C1),46.7,9.0,,nar,2026-08-18,50.24,49.4,62.9,14.6,51.5,63.4,45.0,履歴少 / 市場オッズ妙味
202635081807,2026-08-18,7,グレコ,5.0,5.0,山本聡紀,54.0,,7.0,6.0,盛岡,C1,8.0,4.0,盛岡,純米ニトロ7周年記念(C1),3.0,2.0,盛岡,C1,2.0,4.0,水沢,C2,3.0,7.0,水沢,C2,18.1,5.0,,nar,2026-08-18,51.42,65.5,44.4,44.7,32.0,62.2,45.0,履歴少 / 市場オッズ妙味
202645081807,2026-08-18,7,コックリサン,10.0,8.0,本田紀忠,54.0,,11.0,11.0,川崎,C2一　二,14.0,13.0,川崎,2026川崎ジョッキ(C2),8.0,8.0,川崎,八幡平ウマッシュルー(C1),12.0,12.0,浦和,祝!吉川市市制施行3(C1),12.0,11.0,川崎,紫丁香花賞(C1),150.6,11.0,,nar,2026-08-18,34.55,17.8,47.5,0.0,53.0,52.2,45.0,履歴少
202646081807,2026-08-18,7,サノノヒーロー,9.0,8.0,田知弘久,57.0,,12.0,11.0,金沢,金沢競馬B1プレミア,1.0,2.0,金沢,miCometビジネ(B1),5.0,7.0,金沢,七尾港まつり特別(B2),1.0,2.0,金沢,としおゆうこ夫妻に感(B2),4.0,4.0,金沢,おれたちのアキナゲッ(C1),36.8,9.0,,nar,2026-08-18,51.87,64.4,53.4,69.6,0.0,58.2,45.0,履歴少 / 安定感 / 市場オッズ妙味
202630081807,2026-08-18,7,シャンアリーズ,3.0,3.0,小野楓馬,55.0,,5.0,3.0,門別,3歳以上C4ー3,7.0,5.0,門別,3歳以上C4ー3,3.0,7.0,門別,3歳以上C4ー3,6.0,7.0,門別,3歳以上C4ー3,9.0,2.0,門別,DOスカイオンデマン(C4),9.8,6.0,,nar,2026-08-18,53.29,62.7,43.7,50.2,57.5,55.8,45.0,履歴少
202646081807,2026-08-18,7,シントーツバキ,8.0,7.0,松戸政也,55.0,,9.0,4.0,金沢,海の日!夏バテ防止に(B1),11.0,4.0,金沢,柴山潟特別(B1),6.0,4.0,金沢,白山白川郷ホワイトロ(B1),3.0,8.0,金沢,オッズパーク杯(B1),5.0,7.0,金沢,B12,24.0,8.0,,nar,2026-08-18,39.36,47.1,30.9,24.9,33.5,51.8,45.0,履歴少 / 市場オッズ妙味
202630081807,2026-08-18,7,ジャスパーケイ,6.0,6.0,松井伸也,57.0,,7.0,8.0,門別,3歳以上C4ー3,9.0,9.0,門別,うらかわ馬フェスタ2(C4),10.0,9.0,門別,浦臼町で新規就農しま(C4),6.0,7.0,門別,3歳以上C4ー3,9.0,10.0,門別,キショウブ特別(C4),30.3,8.0,,nar,2026-08-18,44.22,42.8,52.5,0.0,59.0,57.6,45.0,履歴少 / 市場オッズ妙味
202645081807,2026-08-18,7,スウィートドリーム,3.0,3.0,増田充宏,54.0,,5.0,9.0,川崎,C2一　二,11.0,5.0,浦和,C1五,4.0,9.0,川崎,折鶴蘭賞(C1),10.0,10.0,川崎,菜の花賞(C1),13.0,11.0,川崎,23rdゴールデンホ(C1C2),12.3,7.0,,nar,2026-08-18,53.83,45.2,53.5,50.2,77.0,61.3,45.0,履歴少 / 近走上向き / 市場オッズ妙味
202648081807,2026-08-18,7,ストレンジャー,9.0,7.0,小笠原羚,54.0,,4.0,4.0,名古屋,C11組,7.0,6.0,名古屋,C10組,7.0,1.0,名古屋,金シャチ最終戦(C),9.0,7.0,名古屋,C21組,7.0,5.0,名古屋,C22組,13.0,5.0,,nar,2026-08-18,48.9,57.0,36.5,30.4,71.0,53.8,45.0,履歴少 / 近走上向き / 市場オッズ妙味
202646081807,2026-08-18,7,スナドケイ,1.0,1.0,青柳正義,55.0,,2.0,3.0,金沢,B12,3.0,1.0,金沢,第21回生誕記念幸せ(B1),7.0,4.0,金沢,B13,2.0,2.0,金沢,B14,5.0,6.0,金沢,恋路賞(B1),5.3,3.0,,nar,2026-08-18,62.62,79.6,45.2,80.2,63.5,55.1,45.0,履歴少 / 安定感
202645081807,2026-08-18,7,セクシーウィドー,5.0,5.0,岡村健司,54.0,,13.0,11.0,川崎,デギュスタシオン賞(C2),7.0,6.0,川崎,アルテミス賞(C2),3.0,5.0,川崎,ソルスティツィオ賞(C2),9.0,7.0,浦和,ラベンダー特別(C2),2.0,9.0,川崎,C2三　四,31.6,8.0,,nar,2026-08-18,41.47,45.5,49.8,30.1,3.5,58.9,45.0,履歴少 / 市場オッズ妙味
202646081807,2026-08-18,7,ゼローソ,6.0,6.0,加藤翔馬,57.0,,2.0,4.0,金沢,高島美稀お誕生日記念(B1特別),3.0,7.0,金沢,早川LD昇進おめでと(B1),5.0,4.0,金沢,第21回生誕記念幸せ(B1),4.0,3.0,金沢,B13,4.0,2.0,金沢,B13,14.1,6.0,,nar,2026-08-18,69.23,81.3,57.4,100.0,62.0,62.6,45.0,履歴少 / 安定感 / 市場オッズ妙味
202646081807,2026-08-18,7,タマハガネ,2.0,2.0,米倉知,57.0,,3.0,2.0,金沢,堀江舞アナ明日8月5(B1特別),4.0,4.0,金沢,B12,1.0,5.0,金沢,氷室開き特別(B2),7.0,6.0,金沢,B22,2.0,4.0,金沢,もりもり食べよう加賀(B2特別),6.3,4.0,,nar,2026-08-18,65.26,81.3,53.8,85.4,53.0,60.4,45.0,履歴少 / 安定感
202648081807,2026-08-18,7,タマモサウルス,1.0,1.0,大原浩司,57.0,,3.0,3.0,名古屋,C11組,11.0,9.0,名古屋,C10組,8.0,7.0,名古屋,ゆうま4歳誕生日記念(C),7.0,12.0,名古屋,たつや&ともみ2周年(C),11.0,11.0,名古屋,C20組,16.7,8.0,,nar,2026-08-18,53.53,48.9,50.2,30.4,87.5,65.3,45.0,履歴少 / 近走上向き / 過小評価傾向 / 市場オッズ妙味
202635081807,2026-08-18,7,ディフューズ,1.0,1.0,坂井瑛音,53.0,,9.0,10.0,盛岡,C1,10.0,7.0,盛岡,純米ニトロ7周年記念(C1),10.0,10.0,盛岡,プルメリア賞(C1),8.0,9.0,水沢,B2,9.0,11.0,水沢,B2,40.1,9.0,,nar,2026-08-18,39.91,33.6,49.4,0.0,51.5,56.9,45.0,履歴少 / 市場オッズ妙味
202646081807,2026-08-18,7,トーアカフウ,4.0,4.0,中島龍也,55.0,,2.0,3.0,金沢,ずまちゃんハッピーバ(B1特別),2.0,4.0,金沢,B14,2.0,7.0,金沢,氷室開き特別(B2),9.0,6.0,金沢,能登復興支援宝達葛特(B2),2.0,5.0,金沢,リクム初競馬予想記念(B2特別),6.6,5.0,,nar,2026-08-18,69.13,83.8,61.6,85.4,60.5,63.2,45.0,履歴少 / 安定感
202630081807,2026-08-18,7,ナイトスパイア,1.0,1.0,金山昇馬,57.0,,4.0,4.0,門別,チプサンケ賞(C4),4.0,2.0,門別,3歳以上C4ー3,2.0,5.0,門別,グランシャリオドリー(C4),9.0,5.0,門別,3歳以上C4ー3,8.0,11.0,門別,グランシャリオドリー(C4),4.3,2.0,,nar,2026-08-18,59.94,70.0,48.7,75.1,60.5,56.2,45.0,履歴少 / 安定感
202648081807,2026-08-18,7,ナムラアダム,5.0,5.0,柿原翔,57.0,,9.0,12.0,名古屋,C10組,12.0,12.0,名古屋,C11組,9.0,9.0,名古屋,金シャチ最終戦(C),10.0,12.0,名古屋,C12組,8.0,10.0,名古屋,C18組,145.6,12.0,,nar,2026-08-18,41.85,29.7,59.9,0.0,54.5,58.1,45.0,履歴少
202648081807,2026-08-18,7,ニシキビブラビブレ,11.0,8.0,丹羽克輝,57.0,,,,名古屋,2026年ぽんまつり(C),,,名古屋,C11組,11.0,10.0,名古屋,C8組,8.0,8.0,名古屋,C7組,8.0,10.0,名古屋,尾畑夫妻結婚20周年(C),45.4,11.0,,nar,2026-08-18,37.76,33.4,50.1,0.0,32.0,57.4,45.0,履歴少 / 市場オッズ妙味
202646081807,2026-08-18,7,ハイエストポイント,7.0,7.0,柴田勇真,57.0,,1.0,2.0,金沢,B14,2.0,1.0,金沢,立夏特別(B2),1.0,2.0,金沢,B25,3.0,3.0,金沢,地方競馬の馬券はSP(B2),9.0,10.0,大井,ブリリアントカップト(A2),4.4,2.0,,nar,2026-08-18,68.84,89.1,52.5,89.7,66.5,57.6,45.0,履歴少 / 近走上向き / 安定感
202630081807,2026-08-18,7,ハッピーモカ,5.0,5.0,落合玄太,55.0,,3.0,2.0,門別,平取中応援ファンファ(C4),4.0,8.0,門別,3歳以上C4ー3,7.0,9.0,門別,グランシャリオドリー(C4),8.0,10.0,門別,浦臼町で新規就農しま(C4),11.0,11.0,門別,3歳以上C4ー3,3.7,1.0,,nar,2026-08-18,60.82,63.2,59.7,55.3,77.0,60.1,45.0,履歴少 / 近走上向き
202645081807,2026-08-18,7,ビップジェシー,8.0,7.0,町田直希,54.0,,1.0,2.0,川崎,C2三　四,3.0,5.0,川崎,C2三　四,5.0,9.0,川崎,C2三　四,5.0,12.0,川崎,C2五　六,11.0,13.0,川崎,アルテミス賞(C2),3.2,1.0,,nar,2026-08-18,72.24,76.8,69.7,89.7,80.0,65.4,45.0,履歴少 / 人気以上に走る傾向 / 近走上向き / 安定感
202645081807,2026-08-18,7,フィードウィン,4.0,4.0,和田譲治,56.0,,7.0,5.0,川崎,C2一　二,3.0,6.0,川崎,C2一　二,3.0,7.0,川崎,八幡平ウマッシュルー(C1),6.0,11.0,船橋,船橋酒場青空13周年(C1),3.0,2.0,川崎,ファイナルアンサー賞(C2),7.4,5.0,,nar,2026-08-18,58.2,70.8,60.9,55.0,30.5,64.4,45.0,履歴少
202635081807,2026-08-18,7,フリムカナイデヨ,8.0,7.0,南郷家全,54.0,,1.0,9.0,盛岡,C1,9.0,10.0,盛岡,C1,8.0,7.0,盛岡,C1,10.0,9.0,水沢,ポタジェ特別(C1),1.0,4.0,水沢,C2二組,27.0,8.0,,nar,2026-08-18,62.44,62.5,68.5,40.7,86.0,62.8,45.0,履歴少 / 人気以上に走る傾向 / 近走上向き / 市場オッズ妙味
202630081807,2026-08-18,7,ベルトモ,2.0,2.0,井上俊彦,55.0,,4.0,3.0,門別,びらとり温泉ゆから賞(C4),3.0,4.0,門別,3歳以上C4ー3,6.0,8.0,門別,3歳以上C4ー3,7.0,4.0,門別,3歳以上C4ー3,8.0,9.0,門別,3歳以上C4ー3,6.0,5.0,,nar,2026-08-18,57.7,68.0,50.0,55.3,62.0,57.6,45.0,履歴少
202648081807,2026-08-18,7,ホウオウサンサール,12.0,8.0,塚本征吾,57.0,,,,名古屋,"2,000m戦港北運(C)",7.0,4.0,名古屋,"1,700m戦ティラ(C)",4.0,4.0,名古屋,C19組,3.0,2.0,名古屋,C22組,3.0,1.0,名古屋,千歳賞(C),3.5,2.0,,nar,2026-08-18,49.31,70.3,38.9,44.7,28.0,50.5,45.0,履歴少
202645081807,2026-08-18,7,マオノボルケーノ,6.0,6.0,西啓太,54.0,,4.0,4.0,川崎,雷光賞(C2),4.0,4.0,川崎,稲魂賞(C2),4.0,4.0,川崎,風神賞(C2),11.0,6.0,船橋,ムササビダッシュ(C2C3),5.0,4.0,川崎,雷動賞(C2),8.2,6.0,,nar,2026-08-18,59.26,67.0,44.2,85.4,62.0,55.1,45.0,履歴少 / 安定感
202648081807,2026-08-18,7,マッサーノ,3.0,3.0,丸山真一,55.0,,2.0,5.0,名古屋,C11組,5.0,6.0,名古屋,なお、いつもありがと(C),7.0,12.0,名古屋,金シャチ最終戦(C),9.0,10.0,名古屋,ゆうま4歳誕生日記念(C),6.0,7.0,名古屋,C14組,13.8,6.0,,nar,2026-08-18,64.81,66.6,66.8,55.3,78.5,68.3,45.0,履歴少 / 人気以上に走る傾向 / 近走上向き / 過小評価傾向
202635081807,2026-08-18,7,マニフィックブリエ,7.0,7.0,大坪慎,54.0,,5.0,9.0,盛岡,純米ニトロ7周年記念(C1),6.0,9.0,盛岡,C1,7.0,6.0,水沢,B2,7.0,7.0,水沢,B2,6.0,2.0,盛岡,B2,24.8,7.0,,nar,2026-08-18,54.28,59.7,59.5,30.4,59.0,57.6,45.0,履歴少 / 市場オッズ妙味
202646081807,2026-08-18,7,マーキュリーセブン,3.0,3.0,鈴木太一,57.0,,7.0,11.0,金沢,高橋家&西村家★結婚(B1特別),6.0,6.0,金沢,B12,8.0,5.0,金沢,B12,3.0,7.0,金沢,B12,6.0,4.0,金沢,オッズパーク杯(B1),97.0,10.0,,nar,2026-08-18,49.01,57.9,57.0,14.6,42.5,55.5,45.0,履歴少
202635081807,2026-08-18,7,ミハタタテナシ,9.0,8.0,山本政聡,56.0,,1.0,1.0,水沢,C1,2.0,1.0,水沢,C1,3.0,1.0,大井,C3一　二三(C3二),1.0,2.0,大井,C3五　六,3.0,1.0,大井,C3五　六,1.4,1.0,,nar,2026-08-18,67.15,93.2,45.1,100.0,57.5,48.8,45.0,履歴少 / 安定感
202645081807,2026-08-18,7,ムーンライトデイ,7.0,6.0,新原周馬,54.0,,3.0,3.0,川崎,C2三　四,4.0,5.0,川崎,C2三　四,9.0,5.0,川崎,C2一　二,3.0,1.0,川崎,C2三　四,6.0,4.0,川崎,イースター賞(C2),7.1,4.0,,nar,2026-08-18,58.09,70.0,42.7,69.9,65.0,53.8,45.0,履歴少 / 近走上向き / 安定感
202635081807,2026-08-18,7,メイショウミザオ,2.0,2.0,小林凌,56.0,,8.0,11.0,盛岡,C1,5.0,6.0,水沢,C1,1.0,1.0,水沢,C1,3.0,3.0,盛岡,C1,6.0,3.0,盛岡,C1,11.3,3.0,,nar,2026-08-18,55.71,68.5,56.0,59.3,24.5,61.0,45.0,履歴少
202648081807,2026-08-18,7,メイショウミスイチ,2.0,2.0,今井貴大,55.0,,7.0,4.0,名古屋,C10組,8.0,6.0,名古屋,C11組,9.0,5.0,名古屋,金シャチ最終戦(C),6.0,3.0,名古屋,C12組,7.0,10.0,名古屋,C12組,15.0,7.0,,nar,2026-08-18,40.19,48.0,33.7,0.0,53.0,55.7,45.0,履歴少 / 市場オッズ妙味
202648081807,2026-08-18,7,メイショウヨリキリ,10.0,7.0,望月洵輝,57.0,,11.0,1.0,名古屋,C11組,,2.0,名古屋,C18組,8.0,1.0,名古屋,壮太郎進級おめでとう(C),4.0,2.0,名古屋,迫口智也お疲れ様でし(C),1.0,1.0,名古屋,仁輝くん卒園おめでと(C),4.8,3.0,,nar,2026-08-18,29.41,48.2,6.0,24.9,10.0,41.2,45.0,履歴少
202645081807,2026-08-18,7,モコモコ,1.0,1.0,佐野遥久,54.0,,1.0,2.0,川崎,C2一　二,3.0,5.0,川崎,C2二　三,4.0,4.0,川崎,熊手賞(C2),7.0,4.0,川崎,カンヌ賞(C2),4.0,5.0,川崎,C2三　四五(C2四),4.8,2.0,,nar,2026-08-18,66.98,81.8,53.3,85.4,71.0,57.3,45.0,履歴少 / 近走上向き / 安定感
202648081807,2026-08-18,7,ヤタガラスマヒナ,6.0,5.0,加藤利征,57.0,,10.0,7.0,名古屋,C10組,12.0,5.0,名古屋,C20組,5.0,8.0,名古屋,C22組,4.0,8.0,名古屋,鶴寿賞(C),6.0,12.0,名古屋,昨日はカナの誕生日!(C),33.0,10.0,,nar,2026-08-18,42.81,42.2,44.0,34.3,30.5,58.2,45.0,履歴少 / 市場オッズ妙味
202630081807,2026-08-18,7,ヤマトノヒカリ,7.0,7.0,小川悠汰,52.0,,4.0,4.0,門別,BTC賞(C4),7.0,7.0,門別,3歳以上C4ー3,9.0,8.0,門別,3歳以上C4ー3,11.0,11.0,門別,グランシャリオドリー(C4),5.0,5.0,門別,3歳以上C4ー3,11.3,7.0,,nar,2026-08-18,53.16,53.1,48.6,40.7,74.0,59.7,45.0,履歴少 / 近走上向き
202635081807,2026-08-18,7,ユキノマツシマ,10.0,8.0,塚本涼人,56.0,,9.0,9.0,盛岡,C1,9.0,11.0,盛岡,純米ニトロ7周年記念(C1),8.0,7.0,盛岡,C1,4.0,5.0,水沢,B2,9.0,3.0,盛岡,B2,42.2,10.0,,nar,2026-08-18,42.55,43.4,48.8,14.6,41.0,53.7,45.0,履歴少 / 市場オッズ妙味
202646081807,2026-08-18,7,ライズタイガ,5.0,5.0,魚住謙心,57.0,,3.0,2.0,金沢,B12,3.0,6.0,金沢,B13,7.0,2.0,金沢,B13,4.0,3.0,金沢,ひな様2026年お誕(B1),2.0,2.0,金沢,某ウマアプリに感謝を(B1),16.0,7.0,,nar,2026-08-18,61.63,77.3,45.2,80.2,56.0,59.2,45.0,履歴少 / 安定感 / 市場オッズ妙味
202635081807,2026-08-18,7,ラミアヴィータ,3.0,3.0,鈴木祐,54.0,,12.0,10.0,盛岡,C1,7.0,5.0,盛岡,C1,1.0,1.0,水沢,C2,2.0,2.0,水沢,C2,1.0,1.0,盛岡,C2,18.2,6.0,,nar,2026-08-18,45.19,60.1,42.3,44.7,0.0,59.6,45.0,履歴少 / 市場オッズ妙味
202630081807,2026-08-18,7,リックスターク,4.0,4.0,黒澤愛斗,57.0,,2.0,3.0,門別,平取中応援ファンファ(C4),5.0,7.0,門別,3歳以上C4ー3,8.0,9.0,門別,3歳以上C4ー3,7.0,5.0,門別,3歳以上C4ー3,7.0,6.0,門別,3歳以上C4ー3,5.7,4.0,,nar,2026-08-18,60.34,66.6,54.2,55.3,78.5,58.1,45.0,履歴少 / 近走上向き
202648081807,2026-08-18,7,ロッカフラダンサー,8.0,6.0,大畑慧悟,57.0,,3.0,1.0,名古屋,なお、いつもありがと(C),2.0,4.0,名古屋,大人の修学旅行記念(C),4.0,3.0,名古屋,C15組,8.0,1.0,名古屋,C13組,6.0,1.0,名古屋,C10組,3.3,1.0,,nar,2026-08-18,57.69,76.1,37.1,75.1,62.0,46.6,45.0,履歴少 / 安定感
202630081808,2026-08-18,8,アクアノート,1.0,1.0,松井伸也,55.0,,7.0,2.0,門別,グランシャリオドリー(C4),3.0,8.0,門別,3歳以上C4ー2,11.0,12.0,門別,星雲賞〔H3〕(重賞),5.0,7.0,門別,3歳以上C4ー2,4.0,4.0,門別,グランシャリオドリー(C4),62.0,8.0,,nar,2026-08-18,52.08,58.5,51.5,49.8,42.5,55.5,45.0,履歴少
202646081808,2026-08-18,8,アンクルサンダー,3.0,3.0,平瀬城久,57.0,,3.0,7.0,金沢,能登復興支援須須神社(B1特別),7.0,11.0,金沢,海の日!夏バテ防止に(B1),8.0,9.0,金沢,柴山潟特別(B1),10.0,11.0,金沢,白山白川郷ホワイトロ(B1),8.0,7.0,金沢,国造ゆず特別(B1),54.0,8.0,,nar,2026-08-18,57.99,55.8,67.2,30.4,81.5,59.4,45.0,履歴少 / 人気以上に走る傾向 / 近走上向き
202635081808,2026-08-18,8,ウィズホープ,7.0,7.0,佐々木志,54.0,,2.0,9.0,盛岡,C1五組,7.0,9.0,盛岡,C1,10.0,8.0,盛岡,C1,,,水沢,C1,2.0,8.0,水沢,C1,9.8,7.0,,nar,2026-08-18,64.3,65.5,73.4,40.7,76.0,70.3,45.0,履歴少 / 人気以上に走る傾向 / 近走上向き / 過小評価傾向
202646081808,2026-08-18,8,ウインバーテックス,8.0,8.0,栗原大河,57.0,,12.0,1.0,金沢,高橋家&西村家★結婚(B1特別),6.0,7.0,笠松,B2組,10.0,2.0,名古屋,B3組,3.0,2.0,笠松,鵜飼賞(B),7.0,6.0,笠松,飛騨高山特別(B),17.2,4.0,,nar,2026-08-18,30.59,41.8,15.5,14.6,17.0,49.1,45.0,履歴少 / 市場オッズ妙味
202648081808,2026-08-18,8,ウインフルゴラ,1.0,1.0,望月洵輝,55.0,,9.0,10.0,名古屋,金シャチ最終戦777(C),9.0,10.0,名古屋,C10組,6.0,5.0,名古屋,金シャチ最終戦(C),12.0,11.0,名古屋,たつや&ともみ2周年(C),5.0,4.0,名古屋,C21組,23.3,9.0,,nar,2026-08-18,42.34,40.5,50.7,10.3,44.0,55.6,45.0,履歴少 / 市場オッズ妙味
202635081808,2026-08-18,8,ウワサノデコピン,9.0,8.0,保園翔也,56.0,,2.0,8.0,盛岡,C1,10.0,11.0,盛岡,C1四組,10.0,10.0,浦和,草加宿特別(C2),6.0,11.0,船橋,アマガエルスプリント(C2),8.0,10.0,浦和,葉桜特別(C2),22.3,8.0,,nar,2026-08-18,60.1,53.8,71.1,30.4,89.0,65.4,45.0,履歴少 / 人気以上に走る傾向 / 近走上向き / 過小評価傾向
202630081808,2026-08-18,8,エメラルファイン,3.0,3.0,小野楓馬,57.0,,3.0,4.0,門別,サマーセール平取産馬(C4),13.0,13.0,2福島7,3歳未勝利,11.0,12.0,2東京4,3歳未勝利,12.0,10.0,1中山6,3歳新馬,,,,,6.1,4.0,,nar,2026-08-18,50.68,35.9,51.6,30.4,100.0,57.7,45.0,履歴少 / 近走上向き
202645081808,2026-08-18,8,オトメノネガイ,11.0,8.0,池谷匠翔,54.0,,11.0,11.0,川崎,C2三　四,4.0,8.0,川崎,ファイナルアンサー賞(C3),6.0,10.0,浦和,C2五　六,11.0,11.0,浦和,C2五　六,9.0,10.0,川崎,雷電賞(C2),75.4,10.0,,nar,2026-08-18,46.64,43.5,63.2,24.9,29.0,59.4,45.0,履歴少
202635081808,2026-08-18,8,オムブラーヴ,2.0,2.0,高橋悠里,56.0,,1.0,1.0,盛岡,C2三組,1.0,4.0,盛岡,C2五組,7.0,8.0,盛岡,C2三組,9.0,4.0,盛岡,C2六組,7.0,3.0,盛岡,C2六組,6.2,3.0,,nar,2026-08-18,61.38,76.2,48.6,55.3,80.0,54.5,45.0,履歴少 / 近走上向き
202630081808,2026-08-18,8,カーニバルウェイ,2.0,2.0,桑村真明,55.0,,16.0,15.0,2福島2,3歳未勝利,15.0,16.0,1中山9,3歳新馬,,,,,,,,,,,,,37.5,7.0,,nar,2026-08-18,35.07,18.0,45.1,18.0,42.2,53.4,45.0,履歴少 / サンプル少 / 市場オッズ妙味
202630081808,2026-08-18,8,キョウエイフレアー,6.0,5.0,若杉朝飛,55.0,,,,門別,3歳以上C4ー2,6.0,6.0,門別,3歳以上C4ー2,5.0,8.0,門別,3歳以上C4ー2,6.0,10.0,門別,とみくるマルシェ賞(C4),7.0,13.0,門別,えんどう豆生まれドリ(C4),322.2,12.0,,nar,2026-08-18,55.28,61.1,68.1,19.8,50.0,64.1,45.0,履歴少 / 人気以上に走る傾向
202645081808,2026-08-18,8,クォンタイズ,7.0,6.0,岡村裕基,54.0,,3.0,3.0,川崎,雷光賞(C2),4.0,3.0,川崎,稲光賞(C2),3.0,3.0,川崎,雷神賞(C2),6.0,4.0,船橋,ムササビダッシュ(C2C3),3.0,2.0,川崎,初雷賞(C2),5.8,3.0,,nar,2026-08-18,62.05,78.5,45.5,85.4,56.0,54.9,45.0,履歴少 / 安定感
202635081808,2026-08-18,8,クラキンカ,6.0,6.0,小林凌,56.0,,2.0,5.0,盛岡,C1四組,7.0,8.0,盛岡,C1四組,8.0,10.0,盛岡,イグナイター特別(C1),11.0,5.0,水沢,祝30周年!SPAT(C1),,,盛岡,新緑賞(C1),7.6,5.0,,nar,2026-08-18,56.84,58.6,55.3,30.4,90.0,58.6,45.0,履歴少 / 近走上向き
202645081808,2026-08-18,8,クロスダイヤ,4.0,4.0,神尾香澄,54.0,,7.0,12.0,川崎,C2三　四,11.0,11.0,川崎,C2三　四,11.0,9.0,川崎,神楽酒造盃くろうま賞(C1C2),5.0,9.0,船橋,C2二　三,4.0,7.0,川崎,ファイナルアンサー賞(C2),64.1,9.0,,nar,2026-08-18,49.73,42.5,64.1,24.9,54.5,60.0,45.0,履歴少
202635081808,2026-08-18,8,グロー,3.0,3.0,坂井瑛音,55.0,,9.0,9.0,盛岡,OROターフ特別(OP),11.0,11.0,盛岡,ロス・トランキーロス(C1),10.0,11.0,盛岡,せきれい賞(重賞),10.0,10.0,盛岡,B2,8.0,5.0,盛岡,B2,45.5,10.0,,nar,2026-08-18,38.98,30.1,49.2,0.0,54.5,55.0,45.0,履歴少 / 市場オッズ妙味
202645081808,2026-08-18,8,コンポスト,10.0,7.0,山林堂信,54.0,,4.0,8.0,川崎,鶫賞(3歳),9.0,10.0,川崎,ペリドットフラワー賞(3歳C1),9.0,13.0,川崎,珠鷸特別(3歳),5.0,10.0,川崎,小千鳥賞(3歳),10.0,10.0,浦和,3歳四,81.4,11.0,,nar,2026-08-18,59.3,52.0,70.9,45.0,75.5,62.6,45.0,履歴少 / 人気以上に走る傾向 / 近走上向き
202645081808,2026-08-18,8,ゴーゴーダンサー,9.0,7.0,加藤雄真,52.0,,6.0,5.0,川崎,紫電賞(C2),6.0,6.0,川崎,稲妻賞(C2),4.0,6.0,川崎,雲神賞(C2),6.0,7.0,川崎,雷動賞(C2),4.0,6.0,川崎,初雷賞(C2),18.2,7.0,,nar,2026-08-18,53.36,64.8,53.1,30.1,44.0,64.8,45.0,履歴少 / 市場オッズ妙味
202630081808,2026-08-18,8,サクラキングリー,5.0,5.0,亀井洋司,57.0,,5.0,8.0,門別,平取町軽種馬生産振興(C4),4.0,7.0,門別,3歳以上C4ー2,8.0,6.0,門別,3歳以上C4ー2,3.0,2.0,門別,3歳以上C4ー2,2.0,4.0,門別,ライラック特別(C4),121.3,10.0,,nar,2026-08-18,61.38,70.1,59.3,80.2,45.5,56.8,45.0,履歴少 / 安定感
202648081808,2026-08-18,8,サンコルテス,2.0,2.0,友森翔太,55.0,,11.0,5.0,名古屋,C10組,4.0,6.0,名古屋,金シャチ最終戦777(C),8.0,12.0,名古屋,C8組,9.0,9.0,名古屋,C9組,9.0,9.0,名古屋,C10組,21.6,8.0,,nar,2026-08-18,41.91,42.7,46.3,24.9,29.0,56.3,45.0,履歴少 / 市場オッズ妙味
202648081808,2026-08-18,8,サーストンユタ,3.0,3.0,近藤颯羽,54.0,,8.0,11.0,名古屋,C10組,8.0,11.0,名古屋,C9組,11.0,10.0,名古屋,C9組,10.0,12.0,名古屋,C10組,9.0,9.0,名古屋,C15組,46.3,11.0,,nar,2026-08-18,45.15,36.1,62.3,0.0,59.0,60.9,45.0,履歴少 / 市場オッズ妙味
202630081808,2026-08-18,8,ジューングレイス,9.0,7.0,岩橋勇二,55.0,,,,門別,ハロー!Lexing(C4),14.0,12.0,3東京1,3歳未勝利,11.0,9.0,1東京8,3歳未勝利,12.0,8.0,1東京4,3歳新馬,,,,,23.8,6.0,,nar,2026-08-18,25.88,9.6,32.6,0.0,35.0,47.6,45.0,履歴少 / 市場オッズ妙味
202648081808,2026-08-18,8,スマートエラブル,12.0,8.0,丹羽克輝,55.0,,7.0,10.0,名古屋,C10組,4.0,8.0,名古屋,金シャチ最終戦(C),5.0,5.0,名古屋,ゆうま4歳誕生日記念(C),4.0,7.0,名古屋,星香20代最後の第4(C),9.0,8.0,名古屋,C23組,9.5,3.0,,nar,2026-08-18,59.1,63.0,65.7,59.3,41.0,65.4,45.0,履歴少 / 人気以上に走る傾向 / 過小評価傾向
202635081808,2026-08-18,8,タマモハヤブサ,8.0,7.0,塚本涼人,56.0,,5.0,2.0,盛岡,C1三組,3.0,9.0,盛岡,C1四組,1.0,2.0,盛岡,C2四組,4.0,6.0,盛岡,C2四組,11.0,8.0,名古屋,父の日のプレゼントな(C),5.4,2.0,,nar,2026-08-18,63.5,74.5,55.3,89.7,48.5,59.1,45.0,履歴少 / 安定感
202645081808,2026-08-18,8,ダッシングマン,6.0,5.0,藤江渉,56.0,,3.0,3.0,川崎,紫電賞(C2),3.0,4.0,川崎,稲妻賞(C2),6.0,1.0,川崎,雲神賞(C2),1.0,1.0,川崎,雷電賞(C2),1.0,8.0,川崎,界雷賞(C2),6.0,4.0,,nar,2026-08-18,63.57,83.2,49.9,80.2,48.5,59.6,45.0,履歴少 / 安定感
202635081808,2026-08-18,8,ディーノサンライズ,10.0,8.0,大坪慎,54.0,,2.0,3.0,盛岡,C2一組,1.0,1.0,盛岡,C2三組,3.0,4.0,盛岡,C2四組,3.0,3.0,金沢,C28,5.0,1.0,金沢,楽天競馬で馬券を買お(C2),3.4,1.0,,nar,2026-08-18,67.77,88.8,50.6,100.0,56.0,53.9,45.0,履歴少 / 安定感
202645081808,2026-08-18,8,トウヨウノマジョ,2.0,2.0,本田紀忠,54.0,,,,浦和,葉桜特別(C2),8.0,10.0,川崎,雷動賞(C2),8.0,9.0,川崎,春雷賞(C2),,,大井,八ツ瀬川賞(C2四),12.0,14.0,大井,C2五　六七(C2六),82.6,12.0,,nar,2026-08-18,45.58,38.0,61.5,0.0,62.0,58.9,45.0,履歴少
202645081808,2026-08-18,8,ナキムシヒカル,5.0,5.0,佐野遥久,54.0,,2.0,2.0,川崎,風神賞(C2),3.0,2.0,川崎,雷動賞(C2),2.0,1.0,川崎,界雷賞(C2),2.0,3.0,川崎,雷鶏賞(C2),1.0,1.0,川崎,プレーリードッグ賞(C3),2.2,1.0,,nar,2026-08-18,66.81,90.8,47.9,100.0,50.0,52.7,45.0,履歴少 / 安定感
202635081808,2026-08-18,8,ネイビス,1.0,1.0,岩本怜,56.0,,1.0,2.0,盛岡,C2三組,3.0,3.0,盛岡,C2二組,3.0,3.0,盛岡,C2四組,3.0,3.0,水沢,C2四組,5.0,2.0,水沢,C2三組,8.1,6.0,,nar,2026-08-18,68.77,87.2,50.0,100.0,65.0,57.6,45.0,履歴少 / 近走上向き / 安定感
202646081808,2026-08-18,8,ハクサンハナビ,5.0,5.0,加藤翔馬,55.0,,7.0,1.0,金沢,柴山潟特別(B1),1.0,1.0,金沢,B13,2.0,1.0,金沢,B13,4.0,1.0,金沢,B12,1.0,1.0,金沢,健太と悠香の愛の単勝(B1),7.9,2.0,,nar,2026-08-18,52.93,80.3,32.8,69.6,20.0,52.3,45.0,履歴少 / 安定感
202630081808,2026-08-18,8,ハシレオザキサン,4.0,4.0,金山昇馬,55.0,,6.0,3.0,門別,グランシャリオドリー(C4),11.0,5.0,門別,3歳以上C4ー2,10.0,11.0,門別,フロイラインカップ〔(重賞),10.0,8.0,門別,フロイラインスプリン(重賞),1.0,1.0,門別,3歳条件未勝利(未勝利),101.0,9.0,,nar,2026-08-18,39.65,43.2,32.5,10.3,62.0,47.0,45.0,履歴少
202648081808,2026-08-18,8,バイオマックス,5.0,5.0,大畑慧悟,57.0,,2.0,3.0,名古屋,C11組,11.0,3.0,名古屋,C22組,8.0,1.0,名古屋,C22組,1.0,1.0,名古屋,丙午記念(C),9.0,11.0,2新潟6,3歳未勝利,2.6,1.0,,nar,2026-08-18,50.13,60.0,29.9,45.0,81.5,46.3,45.0,履歴少 / 近走上向き
202648081808,2026-08-18,8,バレドラパン,7.0,6.0,細川智史,55.0,,5.0,2.0,名古屋,C10組,3.0,4.0,名古屋,C11組,8.0,1.0,名古屋,金シャチ最終戦(C),4.0,5.0,名古屋,C12組,6.0,10.0,名古屋,たつや&ともみ2周年(C),10.6,6.0,,nar,2026-08-18,55.54,67.6,39.6,69.9,51.5,57.4,45.0,履歴少 / 安定感
202646081808,2026-08-18,8,ピースオーシャン,1.0,1.0,田知弘久,55.0,,3.0,3.0,金沢,高島美稀お誕生日記念(B1特別),3.0,7.0,金沢,海の日!夏バテ防止に(B1),3.0,5.0,金沢,柴山潟特別(B1),8.0,8.0,金沢,白山白川郷ホワイトロ(B1),5.0,3.0,金沢,オッズパーク杯(B1),19.6,6.0,,nar,2026-08-18,66.5,76.5,58.3,85.4,60.5,64.8,45.0,履歴少 / 安定感 / 市場オッズ妙味
202635081808,2026-08-18,8,ファルシオン,5.0,5.0,山本政聡,54.0,,7.0,2.0,水沢,C1,5.0,1.0,盛岡,C1,1.0,1.0,盛岡,C1三組,2.0,2.0,水沢,C1,3.0,1.0,水沢,ダンデライオン賞(C1),6.8,4.0,,nar,2026-08-18,51.25,74.6,30.9,69.6,24.5,51.0,45.0,履歴少 / 安定感
202630081808,2026-08-18,8,フォークスアップ,10.0,7.0,落合玄太,57.0,,10.0,9.0,1函館10,3歳未勝利,7.0,16.0,1函館5,3歳未勝利,14.0,13.0,1福島6,3歳未勝利,10.0,15.0,1東京7,3歳未勝利,15.0,14.0,5東京4,2歳未勝利,4.5,3.0,,nar,2026-08-18,43.61,25.6,66.6,0.0,59.0,63.6,45.0,履歴少 / 人気以上に走る傾向
202648081808,2026-08-18,8,フラッシュドロー,8.0,6.0,深澤杏花,53.0,,4.0,9.0,名古屋,C11組,6.0,6.0,名古屋,金シャチ最終戦(C),9.0,9.0,名古屋,C11組,11.0,10.0,名古屋,もちゃ5歳だねくぃー(C),11.0,12.0,名古屋,C17組,15.1,7.0,,nar,2026-08-18,55.52,50.2,60.3,30.4,81.5,64.8,45.0,履歴少 / 近走上向き / 市場オッズ妙味
202648081808,2026-08-18,8,ブリッジジェイアイ,10.0,7.0,木之前葵,53.0,,6.0,8.0,名古屋,C10組,7.0,9.0,園田,C3三,10.0,9.0,園田,C3三,7.0,8.0,園田,C3三,5.0,9.0,園田,C3三,42.0,10.0,,nar,2026-08-18,50.09,51.3,60.3,10.3,57.5,61.5,45.0,履歴少 / 市場オッズ妙味
202630081808,2026-08-18,8,ブルーハーツ,11.0,8.0,阿部龍,57.0,,13.0,16.0,1函館9,3歳未勝利,11.0,15.0,1函館3,3歳未勝利,7.0,7.0,1福島5,3歳未勝利,4.0,5.0,1福島2,3歳未勝利,7.0,17.0,1小倉5,3歳未勝利,3.4,2.0,,nar,2026-08-18,43.89,32.9,71.6,14.6,15.5,66.9,45.0,履歴少 / 人気以上に走る傾向 / 過小評価傾向
202648081808,2026-08-18,8,ペクトラル,9.0,7.0,小笠原羚,54.0,,8.0,8.0,名古屋,C16組,6.0,5.0,名古屋,C17組,1.0,2.0,名古屋,C26組,5.0,1.0,名古屋,C28組,3.0,2.0,名古屋,名古屋で初競馬賞(C),4.0,2.0,,nar,2026-08-18,49.6,66.7,44.8,44.7,24.5,52.7,45.0,履歴少
202646081808,2026-08-18,8,ホウオウヴィーナス,4.0,4.0,魚住謙心,55.0,,2.0,8.0,金沢,能登復興支援須須神社(B1特別),10.0,8.0,金沢,B12,8.0,11.0,金沢,B12,10.0,9.0,金沢,オッズパーク杯(B1),9.0,8.0,金沢,B12,47.7,7.0,,nar,2026-08-18,56.91,51.4,61.7,30.4,93.5,59.5,45.0,履歴少 / 近走上向き / 市場オッズ妙味
202645081808,2026-08-18,8,マイカグラ,12.0,8.0,田中涼,54.0,,3.0,6.0,浦和,サードニクス特別(C2C3),6.0,6.0,川崎,雷鳴賞(C2),4.0,8.0,川崎,稲妻賞(C2),11.0,8.0,川崎,C2三　四,1.0,10.0,浦和,C2十,16.3,6.0,,nar,2026-08-18,64.34,68.8,65.4,60.5,65.0,70.3,45.0,履歴少 / 人気以上に走る傾向 / 近走上向き / 安定感
202635081808,2026-08-18,8,マサノビジョン,4.0,4.0,村上忍,56.0,,5.0,8.0,盛岡,C2一組,7.0,6.0,盛岡,C2一組,1.0,7.0,盛岡,C2二組,10.0,7.0,盛岡,C1五組,9.0,8.0,水沢,C1六組,25.2,9.0,,nar,2026-08-18,57.35,61.2,59.1,50.2,60.5,58.9,45.0,履歴少 / 市場オッズ妙味
202648081808,2026-08-18,8,メイショウパンゲア,11.0,8.0,加藤誓二,55.0,,12.0,10.0,名古屋,C10組,11.0,10.0,名古屋,C9組,11.0,10.0,名古屋,C10組,8.0,10.0,名古屋,C11組,11.0,10.0,名古屋,C16組,67.4,12.0,,nar,2026-08-18,32.9,21.1,43.9,0.0,39.5,51.5,45.0,履歴少
202630081808,2026-08-18,8,モロノラピド,12.0,8.0,渡辺準己,54.0,,14.0,13.0,3東京6,3歳未勝利,10.0,13.0,3中山8,3歳未勝利,10.0,11.0,3中山6,3歳未勝利,11.0,15.0,1中京5,3歳未勝利,11.0,16.0,5中山8,2歳新馬,7.2,5.0,,nar,2026-08-18,37.07,17.5,62.2,0.0,29.0,66.2,45.0,履歴少 / 過小評価傾向
202630081808,2026-08-18,8,ラスターカノン,7.0,6.0,藤田凌駕,53.0,,6.0,6.0,門別,サマーセール平取産馬(C4),7.0,5.0,門別,ハロー!Lexing(C4),5.0,3.0,門別,3歳以上C4ー2,7.0,8.0,門別,3歳以上C4ー2,4.0,6.0,門別,3歳以上C4ー2,144.4,11.0,,nar,2026-08-18,49.24,60.1,46.2,30.1,48.5,52.9,45.0,履歴少
202630081808,2026-08-18,8,ラストシャイニー,8.0,6.0,宮内勇樹,55.0,,9.0,8.0,1札幌2,3歳未勝利,14.0,11.0,1函館8,3歳未勝利,8.0,3.0,1新潟3,3歳未勝利,4.0,8.0,3中山5,3歳未勝利,6.0,7.0,2中山6,3歳未勝利,3.2,1.0,,nar,2026-08-18,38.93,36.9,40.5,14.6,44.0,52.4,45.0,履歴少
202645081808,2026-08-18,8,ラッキーカムカム,3.0,3.0,西啓太,54.0,,3.0,12.0,大井,テネシー・クーラー賞(C1C2),8.0,11.0,大井,ブラッドハウンド賞(C2四),12.0,11.0,大井,C2六　七八(C2七),14.0,10.0,大井,C2五　六七(C2六),14.0,12.0,大井,C2六　七,5.3,2.0,,nar,2026-08-18,55.67,38.9,67.5,30.4,100.0,60.3,45.0,履歴少 / 人気以上に走る傾向 / 近走上向き
202645081808,2026-08-18,8,ラックナシェード,8.0,6.0,古岡勇樹,54.0,,7.0,8.0,川崎,紫電賞(C2),9.0,7.0,川崎,稲妻賞(C2),10.0,8.0,川崎,颯爽賞(C1),4.0,5.0,川崎,雷響賞(C2),11.0,7.0,川崎,四扇賞(C2),31.9,8.0,,nar,2026-08-18,43.4,43.5,44.0,14.6,59.0,52.4,45.0,履歴少 / 市場オッズ妙味
202646081808,2026-08-18,8,ラブアンドラッキー,7.0,7.0,柴田勇真,55.0,,5.0,3.0,金沢,堀江舞アナ明日8月5(B1特別),11.0,2.0,金沢,海の日!夏バテ防止に(B1),4.0,2.0,金沢,白山白川郷ホワイトロ(B1),1.0,3.0,金沢,B13,3.0,4.0,金沢,B14,19.1,5.0,,nar,2026-08-18,52.25,63.9,30.0,75.1,48.5,55.8,45.0,履歴少 / 安定感 / 市場オッズ妙味
202648081808,2026-08-18,8,ラブウェイ,6.0,5.0,尾崎章生,55.0,,2.0,9.0,名古屋,金シャチ最終戦777(C),2.0,6.0,名古屋,C11組,5.0,8.0,名古屋,金シャチ最終戦(C),5.0,7.0,名古屋,C15組,11.0,8.0,名古屋,C23組,9.8,4.0,,nar,2026-08-18,73.09,76.3,75.9,89.7,72.5,68.2,45.0,履歴少 / 人気以上に走る傾向 / 近走上向き / 安定感
202645081808,2026-08-18,8,ラベンダーマカロン,1.0,1.0,木間塚龍,54.0,,12.0,6.0,川崎,紫電賞(C2),,,川崎,アマゾン賞(C2),7.0,2.0,川崎,満漢全席賞(C2二),3.0,2.0,川崎,トリュフ賞(C2二),2.0,2.0,川崎,インフィオラータ賞(C2),13.4,5.0,,nar,2026-08-18,33.6,47.5,22.4,24.9,2.0,51.3,45.0,履歴少 / 市場オッズ妙味
202646081808,2026-08-18,8,ロマンスグレー,6.0,6.0,米倉知,57.0,,10.0,9.0,金沢,金沢競馬B1プレミア,2.0,3.0,金沢,海の日!夏バテ防止に(B1),2.0,6.0,金沢,B12,2.0,6.0,金沢,B12,1.0,2.0,金沢,第2回竹橋おきらく食(B2特別),12.9,3.0,,nar,2026-08-18,57.19,73.4,60.0,69.6,0.5,66.7,45.0,履歴少 / 安定感 / 過小評価傾向 / 市場オッズ妙味
202646081808,2026-08-18,8,ワンカードフェロー,2.0,2.0,中島龍也,57.0,,1.0,1.0,金沢,早川LD昇進おめでと(B1),1.0,1.0,金沢,B23,1.0,1.0,金沢,九谷焼特別(C1),14.0,13.0,1中京2,4歳以上1勝クラス,14.0,7.0,5中京5,3歳以上1勝クラス,1.2,1.0,,nar,2026-08-18,62.13,75.1,43.9,75.1,89.0,45.6,45.0,履歴少 / 近走上向き / 安定感
202648081808,2026-08-18,8,ヴィヴィアンワン,4.0,4.0,阪野学,55.0,,3.0,7.0,名古屋,金シャチ最終戦777(C),6.0,8.0,名古屋,C11組,5.0,3.0,名古屋,C14組,7.0,4.0,名古屋,C14組,2.0,2.0,名古屋,C26組,9.9,5.0,,nar,2026-08-18,61.02,71.0,56.2,60.5,62.0,60.4,45.0,履歴少 / 安定感
202646081809,2026-08-18,9,アロンジマンデ,7.0,6.0,魚住謙心,55.0,,9.0,6.0,金沢,3歳A　3,2.0,5.0,金沢,イエローダイヤモンド(3歳),6.0,7.0,金沢,あかねこちゃんねる五(3歳),2.0,4.0,金沢,祝!黒まめくん3回目(3歳6),5.0,9.0,金沢,ピンクコーラル特別(3歳),175.9,11.0,,nar,2026-08-18,52.6,66.2,55.2,49.8,18.5,58.1,45.0,履歴少
202648081809,2026-08-18,9,イストロス,11.0,8.0,大畑雅章,57.0,,10.0,6.0,名古屋,夕凪特別(A),1.0,1.0,名古屋,シャウラ疾風特別(B),4.0,4.0,名古屋,B4組,1.0,1.0,名古屋,テンペル・タットル特(B),1.0,1.0,名古屋,B6組,1.8,1.0,,nar,2026-08-18,50.4,73.4,41.5,69.6,0.5,49.9,45.0,履歴少 / 安定感
202645081809,2026-08-18,9,インマイブラッド,4.0,4.0,伊藤裕人,54.0,,10.0,8.0,川崎,雷鳴賞(C2),4.0,9.0,浦和,特選(C2),8.0,11.0,川崎,稲魂賞(C2),10.0,10.0,川崎,ソルスティツィオ賞(C2),9.0,9.0,船橋,アマガエルスプリント(C2),65.7,9.0,,nar,2026-08-18,46.28,44.0,58.6,24.9,36.5,57.4,45.0,履歴少
202645081809,2026-08-18,9,エクセルブラック,1.0,1.0,西啓太,56.0,,12.0,3.0,川崎,デギュスタシオン賞(C2),2.0,2.0,浦和,C2三　四,1.0,5.0,川崎,神楽酒造盃くろうま賞(C1C2),6.0,1.0,浦和,C2三　四,1.0,7.0,川崎,パティオ賞(C2),4.9,3.0,,nar,2026-08-18,45.55,65.4,35.6,55.0,0.0,54.2,45.0,履歴少
202635081809,2026-08-18,9,エクセレントマン,6.0,6.0,高橋悠里,56.0,,1.0,1.0,盛岡,C1五組,3.0,2.0,盛岡,C1五組,8.0,6.0,水沢,C1五組,3.0,6.0,盛岡,C1二組,5.0,7.0,盛岡,岩手伝統工芸浄法寺塗(C1),5.3,3.0,,nar,2026-08-18,65.21,79.3,50.0,80.2,72.5,58.4,45.0,履歴少 / 近走上向き / 安定感
202645081809,2026-08-18,9,エールラヴィクトワ,5.0,5.0,矢野貴之,54.0,,2.0,4.0,川崎,デギュスタシオン賞(C2),3.0,2.0,川崎,C2三　四,4.0,4.0,川崎,C2一　二,4.0,2.0,川崎,C2三　四,2.0,2.0,川崎,C2三　四,4.7,2.0,,nar,2026-08-18,67.01,84.5,50.5,100.0,57.5,55.9,45.0,履歴少 / 安定感
202645081809,2026-08-18,9,オニノタマゴ,9.0,8.0,古岡勇樹,56.0,,10.0,7.0,川崎,C2一　二,6.0,5.0,川崎,C2一　二,4.0,7.0,川崎,C1一　二,7.0,4.0,川崎,オプレンシア賞(C1),5.0,6.0,川崎,C1三,19.7,6.0,,nar,2026-08-18,44.66,53.1,43.7,30.1,23.0,60.3,45.0,履歴少 / 市場オッズ妙味
202646081809,2026-08-18,9,オレンジケーキ,12.0,8.0,中島龍也,55.0,,1.0,1.0,金沢,3歳A　2,1.0,2.0,金沢,あかねこちゃんねる五(3歳),3.0,1.0,金沢,3歳A　3,2.0,2.0,金沢,バイオレットスターサ(3歳),8.0,7.0,金沢,ノトキリシマ賞(重賞),3.5,2.0,,nar,2026-08-18,67.37,89.9,48.3,89.7,65.0,54.0,45.0,履歴少 / 近走上向き / 安定感
202646081809,2026-08-18,9,ガリバタ,5.0,5.0,浅野登生,52.0,,1.0,8.0,金沢,3歳A　3,4.0,6.0,金沢,3歳A　2,4.0,7.0,金沢,3歳A　2,3.0,4.0,金沢,3歳A　2,4.0,5.0,金沢,3歳A　2,31.0,9.0,,nar,2026-08-18,75.11,84.5,74.3,100.0,66.5,65.4,45.0,履歴少 / 人気以上に走る傾向 / 近走上向き / 安定感
202630081809,2026-08-18,9,キタノオンザバス,2.0,2.0,岩橋勇二,55.0,,4.0,3.0,門別,サマーセール平取産馬(C4),2.0,3.0,門別,ハロー!Lexing(C4),11.0,11.0,1函館2,3歳未勝利,9.0,14.0,1新潟8,3歳未勝利,12.0,11.0,1東京3,3歳未勝利,4.0,3.0,,nar,2026-08-18,57.34,56.5,54.0,55.3,77.0,58.5,45.0,履歴少 / 近走上向き
202646081809,2026-08-18,9,キャンパスレディ,11.0,8.0,栗原大河,55.0,,2.0,3.0,金沢,3歳A　2,9.0,9.0,金沢,兼六園スプリント(重賞),4.0,12.0,金沢,石川優駿(重賞),2.0,4.0,金沢,咲希9歳!里咲はもう(3歳),5.0,8.0,金沢,ノトキリシマ賞(重賞),7.6,3.0,,nar,2026-08-18,67.6,72.4,67.4,75.1,68.0,67.7,45.0,履歴少 / 人気以上に走る傾向 / 近走上向き / 安定感
202648081809,2026-08-18,9,グロリアスヒーロー,1.0,1.0,丸山真一,57.0,,2.0,4.0,名古屋,ヴァルデナ特別(B),3.0,2.0,名古屋,B4組,4.0,2.0,名古屋,彦星大空戦(B),4.0,1.0,名古屋,B4組,2.0,4.0,名古屋,ヌサカン大空戦(B),22.2,7.0,,nar,2026-08-18,66.31,84.5,48.1,100.0,57.5,55.0,45.0,履歴少 / 安定感 / 市場オッズ妙味
202646081809,2026-08-18,9,ケーズコマクサ,1.0,1.0,青柳正義,56.0,,1.0,1.0,金沢,能登復興支援須須神社(B1特別),6.0,2.0,金沢,兼六園スプリント(重賞),5.0,4.0,金沢,石川優駿(重賞),12.0,3.0,金沢,北日本新聞杯【石川優(重賞),1.0,3.0,金沢,ノトキリシマ賞(重賞),2.3,1.0,,nar,2026-08-18,55.74,70.9,33.9,60.5,80.0,45.7,45.0,履歴少 / 近走上向き / 安定感
202635081809,2026-08-18,9,コスモエスメラルダ,1.0,1.0,菅原辰徳,54.0,,2.0,3.0,盛岡,C2一組,1.0,1.0,盛岡,C2三組,4.0,2.0,盛岡,C2三組,7.0,2.0,盛岡,C2三組,6.0,9.0,水沢,C2二組,6.1,4.0,,nar,2026-08-18,63.13,81.7,46.4,75.1,65.0,55.7,45.0,履歴少 / 近走上向き / 安定感
202648081809,2026-08-18,9,ゴールドレター,2.0,2.0,友森翔太,55.0,,1.0,1.0,名古屋,湾岸路疾風戦(C),12.0,5.0,名古屋,渥美半島特別(C),1.0,2.0,名古屋,駿芽疾風特別(3歳),9.0,9.0,笠松,クイーンC(重賞),7.0,5.0,名古屋,エイプリルドリーム戦(3歳),5.1,2.0,,nar,2026-08-18,55.17,63.8,37.7,50.2,87.5,51.7,45.0,履歴少 / 近走上向き
202630081809,2026-08-18,9,サクラストリーム,8.0,6.0,井上俊彦,57.0,,7.0,10.0,門別,3歳以上C4ー2,4.0,8.0,門別,3歳以上C4ー2,6.0,6.0,門別,3歳以上C4ー2,6.0,7.0,門別,3歳以上C4ー2,1.0,5.0,門別,DOスカイオンデマン(C4),150.7,12.0,,nar,2026-08-18,55.87,65.7,67.3,35.3,33.5,61.3,45.0,履歴少 / 人気以上に走る傾向
202630081809,2026-08-18,9,シャンセレナーデ,6.0,5.0,藤田凌駕,53.0,,9.0,7.0,名古屋,伊良湖疾風戦(C),12.0,10.0,名古屋,金シャチ最終戦(C),8.0,8.0,名古屋,まりな20代ラストイ(C),8.0,12.0,名古屋,八曽山特別(C),1.0,6.0,名古屋,C23組,106.0,11.0,,nar,2026-08-18,41.44,39.4,50.0,10.3,39.5,56.8,45.0,履歴少
202630081809,2026-08-18,9,ショウリュウマサル,1.0,1.0,桑村真明,57.0,,6.0,4.0,門別,3歳以上C4ー2,1.0,2.0,門別,3歳以上C4ー3,2.0,4.0,門別,3歳以上C4ー3,2.0,4.0,門別,3歳以上C4ー3,12.0,4.0,門別,3歳以上C4ー3,24.6,8.0,,nar,2026-08-18,56.22,76.0,46.5,59.3,39.5,53.0,45.0,履歴少 / 市場オッズ妙味
202645081809,2026-08-18,9,シンボルザサン,8.0,8.0,佐野遥久,56.0,,1.0,8.0,川崎,C2一　二,8.0,5.0,川崎,寄ロウバイまつり賞(C1),4.0,3.0,川崎,C1四　五六(C1五),2.0,3.0,川崎,極楽寺賞(C2二),6.0,7.0,浦和,秋晴特別(C2),6.9,5.0,,nar,2026-08-18,65.44,76.0,60.0,64.7,74.0,61.5,45.0,履歴少 / 近走上向き / 安定感
202630081809,2026-08-18,9,スマイリングスカイ,10.0,7.0,松井伸也,55.0,,17.0,16.0,2小倉8,3歳未勝利,14.0,12.0,3阪神3,3歳未勝利,16.0,5.0,2阪神1,3歳未勝利,15.0,5.0,1京都3,3歳新馬,,,,,16.3,4.0,,nar,2026-08-18,18.68,0.0,15.4,0.0,38.0,42.4,45.0,履歴少 / 市場オッズ妙味
202630081809,2026-08-18,9,スーパーパーリー,3.0,3.0,黒澤愛斗,57.0,,2.0,7.0,門別,平取町軽種馬生産振興(C4),3.0,3.0,門別,3歳以上C4ー2,4.0,3.0,門別,ライラック特別(C4),1.0,1.0,門別,グランシャリオドリー(C4),2.0,2.0,門別,3歳条件未勝利(未勝利),20.0,7.0,,nar,2026-08-18,69.97,88.0,59.3,100.0,53.0,58.9,45.0,履歴少 / 安定感 / 市場オッズ妙味
202648081809,2026-08-18,9,タイクーンバゴ,8.0,7.0,今井貴大,57.0,,8.0,9.0,名古屋,ヴァルデナ特別(B),7.0,7.0,名古屋,八重霞特別(A),3.0,4.0,名古屋,知立特別(A),2.0,11.0,名古屋,パウンドケーキ特別(A),4.0,9.0,名古屋,金縷梅特別(A),17.7,6.0,,nar,2026-08-18,57.04,64.2,66.3,44.7,26.0,72.6,45.0,履歴少 / 人気以上に走る傾向 / 過小評価傾向 / 市場オッズ妙味
202645081809,2026-08-18,9,チュイション,7.0,7.0,中越琉世,56.0,,11.0,8.0,川崎,雷光賞(C2),8.0,14.0,大井,こじし座特別競走(C2),6.0,7.0,大井,オレンジ・ブロッサム(C2),8.0,8.0,大井,C2三,12.0,13.0,大井,四谷見附特別競走(C2),57.5,8.0,,nar,2026-08-18,40.37,36.6,56.2,0.0,35.0,56.8,45.0,履歴少
202648081809,2026-08-18,9,テーオーエメラルド,5.0,5.0,小笠原羚,52.0,,8.0,6.0,名古屋,ラス・アルハゲ特別(B),5.0,9.0,名古屋,星合特別(B),5.0,5.0,名古屋,B4組,2.0,7.0,名古屋,B6組,7.0,4.0,名古屋,春の大三角特別(B),37.4,10.0,,nar,2026-08-18,54.39,62.6,55.7,59.3,30.5,58.9,45.0,履歴少 / 市場オッズ妙味
202646081809,2026-08-18,9,ディンキー,4.0,4.0,加藤翔馬,57.0,,7.0,5.0,金沢,スタールビー特別(3歳),7.0,7.0,金沢,星奈ちゃん1歳お誕生(3歳),4.0,6.0,金沢,3歳A　4,3.0,6.0,金沢,イエローダイヤモンド(3歳),5.0,9.0,金沢,ブラックダイヤモンド(3歳),128.1,10.0,,nar,2026-08-18,53.1,63.1,54.5,44.7,36.5,58.1,45.0,履歴少
202648081809,2026-08-18,9,ハクサンクラーケン,9.0,7.0,柿原翔,57.0,,8.0,8.0,名古屋,シェルビオン疾風戦(B),12.0,10.0,名古屋,サビク賞(B),9.0,11.0,名古屋,黄金穹特別(A),6.0,8.0,名古屋,水無月疾風特別(A),9.0,7.0,名古屋,皐月疾風特別(A),38.4,11.0,,nar,2026-08-18,41.14,36.0,49.9,0.0,56.0,56.3,45.0,履歴少 / 市場オッズ妙味
202635081809,2026-08-18,9,ハクシンマルペンサ,4.0,4.0,村上忍,54.0,,7.0,6.0,盛岡,C1二組,3.0,9.0,盛岡,ロス・トランキーロス(C1),9.0,6.0,盛岡,碁石海岸賞(C1),3.0,4.0,水沢,岩手県政150周年記(C1),1.0,1.0,水沢,C1五組,9.0,5.0,,nar,2026-08-18,54.76,66.4,55.2,49.8,32.0,61.3,45.0,履歴少
202635081809,2026-08-18,9,ハナカホノカ,9.0,8.0,阿部英俊,54.0,,2.0,1.0,盛岡,C1三組,2.0,3.0,盛岡,C1四組,1.0,8.0,盛岡,C2四組,10.0,7.0,水沢,C2三組,6.0,7.0,水沢,C1五組,4.2,2.0,,nar,2026-08-18,66.13,80.9,57.0,75.1,66.5,59.4,45.0,履歴少 / 近走上向き / 安定感
202648081809,2026-08-18,9,パー,4.0,4.0,木之前葵,53.0,,7.0,10.0,名古屋,ヴァルデナ特別(B),4.0,10.0,名古屋,ラス・アルハゲ特別(B),11.0,7.0,名古屋,あすなろ杯(BC),2.0,3.0,名古屋,シャウラ疾風特別(B),7.0,10.0,名古屋,アルフェッカ特別(B),26.4,8.0,,nar,2026-08-18,54.8,57.5,64.5,39.5,44.0,62.1,45.0,履歴少 / 市場オッズ妙味
202635081809,2026-08-18,9,ビアンカ,8.0,7.0,佐々木志,54.0,,3.0,5.0,盛岡,C1三組,4.0,2.0,盛岡,C1,4.0,6.0,盛岡,C1,11.0,6.0,水沢,岩手県政150周年記(C1),3.0,2.0,水沢,C2一組,12.5,6.0,,nar,2026-08-18,62.04,71.1,47.7,85.4,65.0,58.1,45.0,履歴少 / 近走上向き / 安定感 / 市場オッズ妙味
202646081809,2026-08-18,9,ピカピカピロコ,6.0,5.0,松戸政也,56.0,,4.0,5.0,金沢,金沢城鼠多門賞【サラ(重賞),1.0,1.0,金沢,ダッシュダッシュいの(C1特別),7.0,5.0,金沢,石川優駿(重賞),5.0,6.0,金沢,北日本新聞杯【石川優(重賞),6.0,1.0,金沢,ノトキリシマ賞(重賞),7.8,4.0,,nar,2026-08-18,59.26,74.4,46.8,69.9,54.5,55.5,45.0,履歴少 / 安定感
202630081809,2026-08-18,9,フォーチュンベル,7.0,6.0,小野楓馬,55.0,,11.0,8.0,門別,王冠賞〔H2〕(重賞),7.0,8.0,門別,星雲賞〔H3〕(重賞),6.0,10.0,門別,フロイラインカップ〔(重賞),7.0,7.0,門別,フロイラインスプリン(重賞),7.0,5.0,門別,3歳以上C4ー2,17.6,6.0,,nar,2026-08-18,40.3,43.9,49.4,0.0,24.5,62.2,45.0,履歴少 / 市場オッズ妙味
202630081809,2026-08-18,9,フリーダムスタイル,12.0,8.0,阿部龍,55.0,,8.0,8.0,1札幌2,3歳未勝利,10.0,7.0,1函館5,3歳未勝利,4.0,9.0,1函館2,3歳未勝利,15.0,11.0,1中京2,3歳未勝利,5.0,12.0,3京都7,2歳新馬,2.7,1.0,,nar,2026-08-18,47.03,42.4,52.7,30.1,53.0,57.5,45.0,履歴少
202645081809,2026-08-18,9,ブランディストック,2.0,2.0,和田譲治,56.0,,4.0,5.0,川崎,デギュスタシオン賞(C2),5.0,4.0,川崎,キャビア賞(C2),5.0,7.0,川崎,スフィーダ賞(C1),5.0,3.0,川崎,オプレンシア賞(C1),8.0,1.0,川崎,C1三,5.1,4.0,,nar,2026-08-18,59.93,68.0,46.0,89.7,60.5,52.4,45.0,履歴少 / 安定感
202646081809,2026-08-18,9,プロミスザムーン,3.0,3.0,柴田勇真,57.0,,2.0,3.0,金沢,3歳A　3,5.0,4.0,金沢,星奈ちゃん1歳お誕生(3歳),1.0,1.0,金沢,春夏秋冬サラ生誕記念(3歳),3.0,2.0,金沢,3歳B　2,2.0,2.0,金沢,3歳B　4,14.5,5.0,,nar,2026-08-18,67.59,86.4,49.4,100.0,54.5,60.7,45.0,履歴少 / 安定感 / 市場オッズ妙味
202648081809,2026-08-18,9,ベストフラワー,6.0,6.0,加藤聡一,55.0,,1.0,3.0,名古屋,シェルビオン疾風戦(B),2.0,4.0,名古屋,B6組,8.0,10.0,名古屋,アンタレス特別(B),11.0,7.0,名古屋,アルフェッカ特別(B),7.0,6.0,名古屋,桜雅駒(A),8.0,3.0,,nar,2026-08-18,62.84,70.3,55.7,55.3,86.0,59.5,45.0,履歴少 / 近走上向き
202630081809,2026-08-18,9,ベラジオケンシロウ,5.0,5.0,宮内勇樹,57.0,,9.0,9.0,門別,平取町軽種馬生産振興(C4),6.0,6.0,門別,ハロー!Lexing(C4),6.0,7.0,門別,3歳以上C4ー2,4.0,3.0,門別,3歳以上C4ー2,3.0,6.0,門別,ライラック特別(C4),83.0,10.0,,nar,2026-08-18,46.91,57.5,52.5,24.9,24.5,55.5,45.0,履歴少
202648081809,2026-08-18,9,ベレーザフィン,10.0,8.0,丹羽克輝,55.0,,4.0,8.0,名古屋,B4組,6.0,9.0,名古屋,サビク賞(B),4.0,4.0,名古屋,B5組,7.0,6.0,名古屋,B5組,5.0,7.0,名古屋,B4組,33.6,9.0,,nar,2026-08-18,61.8,67.7,64.2,60.5,59.0,61.5,45.0,履歴少 / 安定感 / 市場オッズ妙味
202645081809,2026-08-18,9,マッセダムール,3.0,3.0,御神本訓,54.0,,2.0,1.0,川崎,C2一　二,2.0,3.0,川崎,C2一　二,11.0,2.0,川崎,スフィーダ賞(C1),2.0,1.0,川崎,C2一　二,5.0,3.0,川崎,モナコ賞(C2),2.6,1.0,,nar,2026-08-18,58.18,75.3,34.7,80.2,68.0,46.3,45.0,履歴少 / 近走上向き / 安定感
202630081809,2026-08-18,9,マリノステアハート,9.0,7.0,金山昇馬,55.0,,5.0,5.0,門別,サマーセール平取産馬(C4),16.0,8.0,2東京8,3歳未勝利,11.0,9.0,3中山6,3歳未勝利,10.0,10.0,1阪神9,3歳未勝利,12.0,7.0,2中山3,3歳未勝利,27.5,9.0,,nar,2026-08-18,41.39,29.9,29.7,30.4,93.5,46.5,45.0,履歴少 / 近走上向き / 市場オッズ妙味
202648081809,2026-08-18,9,マルトクローレル,3.0,3.0,望月洵輝,55.0,,10.0,9.0,名古屋,文月疾風特別(A),3.0,2.0,名古屋,シャウラ疾風特別(B),2.0,7.0,名古屋,水無月疾風特別(A),2.0,1.0,名古屋,デネボラ疾風戦(B),2.0,3.0,名古屋,花は桜木賞(B),14.7,5.0,,nar,2026-08-18,54.56,70.6,52.7,69.6,3.5,63.4,45.0,履歴少 / 安定感 / 市場オッズ妙味
202635081809,2026-08-18,9,ミッキーハッスル,3.0,3.0,高松亮,56.0,,7.0,7.0,水沢,ジューンC(B2),8.0,10.0,水沢,B2二組,10.0,8.0,盛岡,メイC(B2),4.0,6.0,盛岡,夢・希望未来へ前進(B2),,,水沢,エイプリルC(B2),74.3,8.0,,nar,2026-08-18,46.5,48.4,53.1,14.6,52.0,55.1,45.0,履歴少
202646081809,2026-08-18,9,ムムターズショコラ,9.0,7.0,沖静男,55.0,,2.0,3.0,金沢,3歳A　2,11.0,10.0,金沢,石川優駿(重賞),2.0,3.0,金沢,3歳A　2,9.0,10.0,金沢,北日本新聞杯【石川優(重賞),1.0,1.0,金沢,3歳A　3,17.6,7.0,,nar,2026-08-18,60.7,66.7,52.8,60.5,72.5,63.5,45.0,履歴少 / 近走上向き / 安定感 / 市場オッズ妙味
202646081809,2026-08-18,9,モーモークローム,2.0,2.0,田知弘久,55.0,,,,金沢,金沢城鼠多門賞【サラ(重賞),3.0,2.0,金沢,3歳A　3,5.0,5.0,金沢,3歳A　3,1.0,3.0,金沢,バイオレットスターサ(3歳),,,金沢,若駒賞(3歳),17.3,6.0,,nar,2026-08-18,61.71,82.6,50.5,59.3,50.0,63.2,45.0,履歴少 / 市場オッズ妙味
202635081809,2026-08-18,9,ヤマニンバルトロ,10.0,8.0,岩本怜,56.0,,11.0,9.0,盛岡,B2,6.0,12.0,盛岡,夢・希望未来へ前進(B2),,,水沢,八重山吹賞(B2),8.0,10.0,水沢,B2二組,7.0,5.0,水沢,B2一組,79.4,9.0,,nar,2026-08-18,41.06,40.9,58.5,0.0,26.0,56.8,45.0,履歴少
202630081809,2026-08-18,9,ヨシノアヴァンセ,4.0,4.0,小川悠汰,52.0,,1.0,3.0,門別,チプサンケ賞(C4),4.0,3.0,門別,3歳以上C4ー3,2.0,2.0,門別,3歳以上C4ー3,3.0,2.0,門別,3歳以上C4ー3,5.0,10.0,門別,ゲッケイジュ特別(C4),17.6,5.0,,nar,2026-08-18,70.99,86.8,55.1,100.0,65.0,65.5,45.0,履歴少 / 近走上向き / 安定感 / 過小評価傾向
202635081809,2026-08-18,9,ランペイジシチー,7.0,7.0,山本聡紀,56.0,,11.0,10.0,盛岡,C1二組,12.0,12.0,盛岡,オッズパーク賞(C1),11.0,11.0,盛岡,プルメリア賞(C1),12.0,12.0,水沢,ディセントラ賞(C1),11.0,12.0,水沢,B2二組,268.8,10.0,,nar,2026-08-18,34.73,16.8,48.6,0.0,53.0,53.5,45.0,履歴少
202646081809,2026-08-18,9,リュウノタイタン,10.0,7.0,鈴木太一,57.0,,4.0,2.0,金沢,3歳A　2,7.0,7.0,金沢,金沢城鼠多門賞【サラ(重賞),11.0,10.0,金沢,兼六園スプリント(重賞),12.0,6.0,金沢,石川優駿(重賞),1.0,1.0,金沢,3歳A　2,30.2,8.0,,nar,2026-08-18,48.91,52.1,38.2,40.7,72.5,50.5,45.0,履歴少 / 近走上向き / 市場オッズ妙味
202630081809,2026-08-18,9,ルナノーヴァ,11.0,8.0,落合玄太,57.0,,10.0,12.0,1函館8,3歳未勝利,13.0,12.0,1函館6,3歳未勝利,13.0,11.0,1函館2,3歳未勝利,6.0,7.0,2京都2,3歳未勝利,11.0,4.0,1京都3,3歳新馬,3.3,2.0,,nar,2026-08-18,35.0,21.1,45.7,0.0,54.5,50.5,45.0,履歴少
202645081809,2026-08-18,9,レイニングキング,6.0,6.0,新原周馬,56.0,,6.0,9.0,川崎,デギュスタシオン賞(C2),10.0,11.0,川崎,皆様に愛されて50年(C1),14.0,12.0,川崎,立山賞(C1),3.0,9.0,船橋,睦月賞(C1),13.0,12.0,川崎,坊主めくり賞(C1C2),35.1,7.0,,nar,2026-08-18,48.84,37.9,60.8,14.6,74.0,60.9,45.0,履歴少 / 近走上向き / 市場オッズ妙味
202646081809,2026-08-18,9,レイモアナ,8.0,6.0,平瀬城久,55.0,,5.0,9.0,金沢,3歳B　2,10.0,10.0,金沢,イエローダイヤモンド(3歳),9.0,8.0,金沢,3歳A　4,9.0,9.0,金沢,あかねこちゃんねる五(3歳),5.0,3.0,金沢,祝!黒まめくん3回目(3歳6),275.2,12.0,,nar,2026-08-18,51.84,47.0,55.7,40.7,69.5,54.1,45.0,履歴少 / 近走上向き
202635081809,2026-08-18,9,ロストボール,2.0,2.0,関本玲花,54.0,,1.0,1.0,盛岡,C2二組,1.0,1.0,盛岡,C2六組,1.0,1.0,水沢,C2九組,15.0,15.0,2東京7,4歳以上1勝クラス,10.0,12.0,1新潟3,4歳以上1勝クラス,2.5,1.0,,nar,2026-08-18,65.56,78.0,51.4,75.1,84.5,55.2,45.0,履歴少 / 近走上向き / 安定感
202648081809,2026-08-18,9,ワンハート,7.0,6.0,細川智史,55.0,,4.0,6.0,名古屋,シェルビオン疾風戦(B),10.0,9.0,名古屋,B5組,3.0,3.0,名古屋,天の川疾風戦(B),7.0,5.0,名古屋,シャウラ疾風特別(B),2.0,6.0,名古屋,B8組,12.3,4.0,,nar,2026-08-18,58.27,63.8,53.4,60.5,59.0,62.6,45.0,履歴少 / 安定感 / 市場オッズ妙味
202635081809,2026-08-18,9,ヴィヴァムーン,5.0,5.0,塚本涼人,56.0,,10.0,4.0,盛岡,C1二組,7.0,7.0,盛岡,スマホで投票!楽天競(C1),3.0,2.0,盛岡,イグナイター特別(C1),6.0,7.0,水沢,岩手県政150周年記(C1),10.0,3.0,水沢,ホワイトクローバー賞(C1),25.2,7.0,,nar,2026-08-18,38.6,49.7,31.8,19.8,29.0,47.8,45.0,履歴少 / 市場オッズ妙味
202645081810,2026-08-18,10,アタゴテンジン,2.0,2.0,矢野貴之,56.0,,2.0,1.0,川崎,迅速賞(C1),3.0,2.0,川崎,疾風賞(C1),1.0,1.0,川崎,進撃賞(C1),1.0,1.0,川崎,百雷賞(C2),1.0,2.0,川崎,四扇賞(C2),2.6,1.0,,nar,2026-08-18,67.07,93.6,46.9,100.0,47.0,53.4,45.0,履歴少 / 安定感
202630081810,2026-08-18,10,アトニモサキニモ,7.0,6.0,岩橋勇二,57.0,,1.0,3.0,門別,ホクレングリーンプラ(C3),2.0,3.0,門別,夏秋どりいちごすずあ(C3),3.0,5.0,門別,レジェンド・折茂社長(C3),7.0,10.0,門別,日高町水道協会特別(C3),6.0,10.0,門別,バターが切れTENズ(C3),15.5,7.0,,nar,2026-08-18,70.73,83.7,64.7,75.1,71.0,69.5,45.0,履歴少 / 近走上向き / 安定感 / 過小評価傾向
202648081810,2026-08-18,10,エイシンマクルーベ,2.0,2.0,木之前葵,53.0,,5.0,3.0,名古屋,ラス・アルハゲ特別(B),8.0,3.0,名古屋,あすなろ杯(BC),1.0,1.0,名古屋,B6組,1.0,1.0,名古屋,B14組,1.0,1.0,名古屋,継鹿尾山賞(C),11.2,8.0,,nar,2026-08-18,56.24,76.3,37.0,75.1,36.5,57.8,45.0,履歴少 / 安定感
202646081810,2026-08-18,10,エコロブレード,8.0,7.0,松戸政也,57.0,,8.0,10.0,金沢,金沢競馬は楽天競馬で(A2),8.0,8.0,金沢,金沢競馬は楽天競馬で(A2),9.0,11.0,金沢,金沢競馬は楽天競馬で(A2),5.0,5.0,金沢,金沢競馬は楽天競馬で(A2),8.0,10.0,金沢,金沢競馬は楽天競馬で(A2),51.5,10.0,,nar,2026-08-18,46.82,45.9,58.5,14.6,47.0,57.4,45.0,履歴少
202635081810,2026-08-18,10,エスシーヤマト,5.0,5.0,保園翔也,54.0,,9.0,11.0,盛岡,C1一組,9.0,8.0,盛岡,オッズパーク賞(C1),6.0,7.0,佐賀,初夏賞(B),10.0,8.0,佐賀,水無月特別(B),3.0,5.0,佐賀,サガデーナイト競馬賞(B),214.6,11.0,,nar,2026-08-18,43.23,44.5,53.3,10.3,38.0,54.8,45.0,履歴少
202645081810,2026-08-18,10,エムティパル,11.0,8.0,伊藤裕人,54.0,,11.0,11.0,金沢,お家でネット投票!楽(A2),9.0,8.0,金沢,お家でネット投票!楽(A2),6.0,5.0,金沢,お家でネット投票!楽(A2),4.0,4.0,金沢,国造ゆず特別(B1),7.0,9.0,金沢,お家でネット投票!楽(A2),193.4,12.0,,nar,2026-08-18,40.24,43.4,48.3,14.6,23.0,53.5,45.0,履歴少
202635081810,2026-08-18,10,エムティリラ,10.0,8.0,佐々木志,54.0,,10.0,8.0,浦和,朝顔特別(C3),6.0,5.0,浦和,C2九,11.0,6.0,浦和,八潮市ハッピーこまち(C2),7.0,3.0,浦和,幸手権現堂桜堤賞(C2),10.0,3.0,浦和,C2三　四,59.0,10.0,,nar,2026-08-18,32.5,37.9,27.9,0.0,41.0,41.2,45.0,履歴少
202645081810,2026-08-18,10,エースクイーン,3.0,3.0,鷹見陸,54.0,,1.0,1.0,川崎,雷鳴賞(C2),3.0,1.0,川崎,稲魂賞(C2),1.0,1.0,川崎,風神賞(C2),1.0,2.0,川崎,雷響賞(C2),5.0,8.0,川崎,金剛賞(C1),6.0,4.0,,nar,2026-08-18,69.72,92.7,49.7,100.0,59.0,58.9,45.0,履歴少 / 安定感
202646081810,2026-08-18,10,カズロレアート,3.0,3.0,米倉知,57.0,,7.0,8.0,金沢,金沢競馬は楽天競馬で(A2),7.0,7.0,金沢,金沢競馬は楽天競馬で(A2),6.0,5.0,金沢,金沢競馬は楽天競馬で(A2),2.0,2.0,金沢,金沢競馬は楽天競馬で(A2),3.0,5.0,金沢,金沢競馬は楽天競馬で(A2),11.5,7.0,,nar,2026-08-18,50.42,62.7,52.2,24.9,35.0,61.7,45.0,履歴少
202646081810,2026-08-18,10,ガルムキャット,10.0,8.0,中島龍也,57.0,,4.0,6.0,金沢,金沢競馬は楽天競馬で(A2),6.0,10.0,金沢,金沢競馬は楽天競馬で(A2),5.0,6.0,金沢,金沢競馬は楽天競馬で(A2),4.0,6.0,金沢,金沢競馬は楽天競馬で(A2),3.0,3.0,金沢,お家でネット投票!楽(A2),7.2,4.0,,nar,2026-08-18,64.34,71.3,64.7,75.1,53.0,64.3,45.0,履歴少 / 安定感
202630081810,2026-08-18,10,キャリーアドリーム,9.0,7.0,井上俊彦,55.0,,8.0,9.0,門別,JAびらとりニシパの(B4),10.0,9.0,門別,プルメリア特別(B4),10.0,9.0,門別,グランシャリオドリー(B4),10.0,11.0,門別,グランシャリオドリー(B4),7.0,8.0,門別,スターチス特別(C1),304.7,11.0,,nar,2026-08-18,41.06,35.3,50.7,0.0,57.5,54.1,45.0,履歴少
202645081810,2026-08-18,10,キョウエイハゴロモ,6.0,5.0,加藤雄真,51.0,,3.0,9.0,川崎,モルゲンロート賞(3歳),7.0,7.0,浦和,ポピー特別(3歳),6.0,10.0,川崎,メイフラワー賞(3歳),1.0,6.0,川崎,3歳5,5.0,5.0,川崎,3歳4,28.6,7.0,,nar,2026-08-18,65.41,72.0,73.4,55.3,60.5,66.0,45.0,履歴少 / 人気以上に走る傾向 / 過小評価傾向 / 市場オッズ妙味
202645081810,2026-08-18,10,クレイスアバンティ,5.0,5.0,神尾香澄,51.0,,4.0,7.0,川崎,烈火賞(C1),6.0,8.0,川崎,疾風賞(C1),3.0,4.0,川崎,ヴィントシュトース賞(3歳),8.0,10.0,船橋,海風スプリント(3歳),8.0,7.0,船橋,ヤマブキスプリント(3歳未格),20.7,6.0,,nar,2026-08-18,60.05,65.6,62.6,50.2,63.5,60.9,45.0,履歴少 / 市場オッズ妙味
202648081810,2026-08-18,10,グラスビジョン,3.0,3.0,大畑慧悟,57.0,,7.0,2.0,名古屋,夏の大三角特別(B),3.0,1.0,名古屋,彦星大空戦(B),1.0,2.0,名古屋,B7組,1.0,1.0,名古屋,新城特別(C),10.0,10.0,1新潟4,障害4歳以上未勝利,3.7,1.0,,nar,2026-08-18,52.16,74.0,37.3,59.3,30.5,51.7,45.0,履歴少
202645081810,2026-08-18,10,ケイツーユーロ,1.0,1.0,増田充宏,56.0,,8.0,12.0,川崎,烈火賞(C1),10.0,10.0,川崎,疾風賞(C1),11.0,10.0,川崎,駿逸賞(C1),12.0,8.0,浦和,春光特別(C1),10.0,5.0,川崎,進撃賞(C1),164.1,11.0,,nar,2026-08-18,39.39,28.9,49.4,0.0,66.5,49.6,45.0,履歴少 / 近走上向き
202648081810,2026-08-18,10,ゴラッソゴール,11.0,8.0,加藤利征,57.0,,10.0,11.0,名古屋,ヴァルデナ特別(B),3.0,8.0,名古屋,ラス・アルハゲ特別(B),7.0,7.0,名古屋,風待月特別(A),6.0,7.0,名古屋,嘉祥特別(A),6.0,8.0,名古屋,五月雨特別(A),70.2,11.0,,nar,2026-08-18,49.07,54.7,63.3,24.9,23.0,59.4,45.0,履歴少
202635081810,2026-08-18,10,ゴールドオリス,4.0,4.0,阿部英俊,56.0,,4.0,5.0,盛岡,C1二組,4.0,12.0,盛岡,スマホで投票!楽天競(C1),9.0,11.0,水沢,ディセントラ賞(C1),7.0,11.0,水沢,B2二組,7.0,11.0,盛岡,メイC(B2),27.5,8.0,,nar,2026-08-18,64.32,62.1,75.8,55.3,66.5,68.7,45.0,履歴少 / 人気以上に走る傾向 / 近走上向き / 過小評価傾向
202630081810,2026-08-18,10,サンマルブーケ,6.0,5.0,若杉朝飛,55.0,,11.0,5.0,高知,C3ー3,15.0,13.0,2新潟8,3歳以上1勝クラス,11.0,16.0,3中山2,4歳以上1勝クラス,13.0,14.0,4中京4,3歳以上1勝クラス,16.0,12.0,3福島4,3歳以上1勝クラス,14.4,6.0,,nar,2026-08-18,32.8,10.6,38.8,0.0,66.5,57.5,45.0,履歴少 / 近走上向き / 市場オッズ妙味
202646081810,2026-08-18,10,シスターアクト,2.0,2.0,甲賀弘隆,55.0,,6.0,10.0,金沢,ありがとう!葛山晃平(A1),7.0,7.0,金沢,加賀友禅賞【読売レデ(重賞),8.0,10.0,金沢,金沢競馬は楽天競馬で(A2),7.0,7.0,金沢,来週は百万石祭楽しも(A1),7.0,9.0,金沢,利家盃【百万石賞トラ(重賞),28.3,8.0,,nar,2026-08-18,49.86,52.9,62.7,0.0,57.5,61.5,45.0,履歴少 / 市場オッズ妙味
202645081810,2026-08-18,10,シンシアビューティ,12.0,8.0,新原周馬,54.0,,4.0,5.0,川崎,雷鳴賞(C2),10.0,10.0,川崎,神速賞(C1),11.0,9.0,川崎,音速賞(C1),12.0,3.0,川崎,久遠賞(C1),7.0,4.0,川崎,福笑い賞(B3C1),31.8,8.0,,nar,2026-08-18,45.81,41.2,38.0,30.4,86.0,47.8,45.0,履歴少 / 近走上向き / 市場オッズ妙味
202646081810,2026-08-18,10,シンシーネ,7.0,7.0,吉田晃浩,55.0,,5.0,6.0,金沢,金沢競馬は楽天競馬で(A2),2.0,2.0,金沢,柴山潟特別(B1),2.0,1.0,金沢,白山白川郷ホワイトロ(B1),1.0,1.0,金沢,B14,3.0,1.0,金沢,B14,3.3,1.0,,nar,2026-08-18,63.51,85.0,49.3,100.0,32.0,53.8,45.0,履歴少 / 安定感
202630081810,2026-08-18,10,ジャスパーロイヤル,5.0,5.0,松井伸也,57.0,,6.0,7.0,門別,JAびらとりニシパの(B4),9.0,9.0,門別,新冠町ふるさと納税特(B3),5.0,7.0,門別,匠の味!ほべつメロン(B3),9.0,10.0,門別,門別でおトクなSPA(B3),11.0,10.0,門別,グランシャリオドリー(B3),67.8,10.0,,nar,2026-08-18,49.11,48.0,55.2,19.8,65.0,55.5,45.0,履歴少 / 近走上向き
202648081810,2026-08-18,10,スターインパクト,5.0,5.0,今井貴大,57.0,,8.0,10.0,名古屋,夏の大三角特別(B),11.0,10.0,名古屋,へびつかい座特別(B),8.0,7.0,名古屋,星合特別(B),3.0,5.0,名古屋,レサト賞(B),5.0,8.0,名古屋,B3組,46.9,10.0,,nar,2026-08-18,47.18,46.3,55.3,24.9,42.5,59.5,45.0,履歴少 / 市場オッズ妙味
202635081810,2026-08-18,10,ステップ,6.0,6.0,高松亮,54.0,,1.0,1.0,盛岡,C1,6.0,1.0,盛岡,べラジオオペラ特別(C1),5.0,2.0,水沢,ローレルリバー特別(C1),2.0,1.0,水沢,C1,2.0,3.0,盛岡,C1三組,9.8,4.0,,nar,2026-08-18,60.84,81.7,36.8,75.1,66.5,54.5,45.0,履歴少 / 近走上向き / 安定感
202635081810,2026-08-18,10,スピリチュアル,8.0,7.0,山本聡紀,54.0,,1.0,1.0,盛岡,C2一組,1.0,1.0,盛岡,C2二組,1.0,2.0,盛岡,C2七組,9.0,11.0,大井,クォーター・デック賞(C1),10.0,11.0,大井,C1五　六七(C1六),1.7,1.0,,nar,2026-08-18,66.55,83.2,54.1,75.1,75.5,54.9,45.0,履歴少 / 近走上向き / 安定感
202648081810,2026-08-18,10,スフレ,10.0,8.0,望月洵輝,55.0,,6.0,4.0,名古屋,へびつかい座特別(B),4.0,4.0,名古屋,あすなろ杯(BC),1.0,4.0,名古屋,B9組,4.0,5.0,名古屋,もさ11歳おめでとう(B),12.0,5.0,名古屋,おとめ座大空特別(B),10.7,7.0,,nar,2026-08-18,55.43,69.3,45.9,59.3,45.5,56.8,45.0,履歴少
202648081810,2026-08-18,10,ソリスルクス,4.0,4.0,塚本征吾,57.0,,3.0,7.0,名古屋,ヴァルデナ特別(B),4.0,5.0,名古屋,サビク賞(B),3.0,10.0,名古屋,半夏生特別(A),7.0,9.0,名古屋,嘉祥特別(A),9.0,12.0,園田,C1,7.3,3.0,,nar,2026-08-18,69.28,72.4,74.1,75.1,66.5,69.5,45.0,履歴少 / 人気以上に走る傾向 / 近走上向き / 安定感
202635081810,2026-08-18,10,タワーリシチ,7.0,6.0,小林凌,56.0,,3.0,2.0,盛岡,C1一組,10.0,2.0,盛岡,B2三組,1.0,3.0,水沢,C2一組,1.0,2.0,水沢,C2一組,1.0,4.0,水沢,C2五組,7.9,3.0,,nar,2026-08-18,58.83,77.2,39.9,75.1,51.5,56.8,45.0,履歴少 / 安定感
202635081810,2026-08-18,10,ダイセンルージュ,9.0,7.0,村上忍,54.0,,2.0,2.0,盛岡,C1二組,5.0,5.0,盛岡,スマホで投票!楽天競(C1),2.0,3.0,盛岡,イグナイター特別(C1),9.0,2.0,水沢,岩手県政150周年記(C1),3.0,4.0,水沢,ホワイトクローバー賞(C1),6.5,2.0,,nar,2026-08-18,62.75,77.0,45.0,85.4,66.5,54.7,45.0,履歴少 / 近走上向き / 安定感
202648081810,2026-08-18,10,ディプタルアスール,9.0,7.0,村上弘樹,57.0,,12.0,3.0,名古屋,ヴァルデナ特別(B),3.0,3.0,名古屋,サビク賞(B),2.0,5.0,名古屋,B6組,3.0,5.0,名古屋,B6組,5.0,4.0,名古屋,B8組,9.8,6.0,,nar,2026-08-18,46.85,62.0,36.3,69.6,0.0,56.5,45.0,履歴少 / 安定感
202646081810,2026-08-18,10,トレイルリッジ,9.0,8.0,田知弘久,55.0,,8.0,8.0,金沢,お家でネット投票!楽(A2),10.0,10.0,金沢,お家でネット投票!楽(A2),7.0,9.0,金沢,お家でネット投票!楽(A2),8.0,7.0,金沢,お家でネット投票!楽(A2),4.0,8.0,金沢,お家でネット投票!楽(A2),48.3,9.0,,nar,2026-08-18,45.22,44.9,54.6,10.3,45.5,59.5,45.0,履歴少 / 市場オッズ妙味
202630081810,2026-08-18,10,ドリーピー,2.0,2.0,吉本隆記,57.0,,10.0,10.0,門別,JAびらとりニシパの(B4),12.0,12.0,門別,グランシャリオドリー(B4),10.0,10.0,門別,比布駅改築10周年記(B4),7.0,7.0,門別,リナリア特別(B4),11.0,11.0,門別,石狩灯台134歳おめ(C1),999.9,12.0,,nar,2026-08-18,37.46,26.7,50.0,0.0,50.0,53.5,45.0,履歴少
202630081810,2026-08-18,10,ノアルパフェ,12.0,8.0,小野楓馬,56.0,,2.0,2.0,門別,平取町長杯「平取すず(B4),1.0,5.0,門別,グランシャリオドリー(B4),1.0,1.0,門別,レジェンド・折茂社長(C3),2.0,4.0,門別,日高町水道協会特別(C3),4.0,1.0,門別,グランシャリオドリー(C3),3.0,1.0,,nar,2026-08-18,70.37,93.9,56.9,100.0,50.0,56.6,45.0,履歴少 / 安定感
202648081810,2026-08-18,10,ノブエイト,7.0,6.0,近藤颯羽,54.0,,6.0,5.0,名古屋,ヴァルデナ特別(B),2.0,2.0,名古屋,B5組,2.0,3.0,名古屋,B5組,8.0,2.0,名古屋,ヌサカン大空戦(B),4.0,2.0,名古屋,B6組,8.5,5.0,,nar,2026-08-18,53.83,73.6,41.7,55.0,38.0,53.9,45.0,履歴少
202646081810,2026-08-18,10,ハクサンミラクル,6.0,6.0,加藤翔馬,57.0,,3.0,7.0,金沢,金沢競馬は楽天競馬で(A2),8.0,7.0,金沢,金沢競馬は楽天競馬で(A2),2.0,3.0,金沢,金沢競馬は楽天競馬で(A2),10.0,2.0,金沢,金沢競馬は楽天競馬で(A2),2.0,2.0,金沢,金沢競馬は楽天競馬で(A2),5.0,3.0,,nar,2026-08-18,58.26,68.3,50.0,60.5,65.0,54.2,45.0,履歴少 / 近走上向き / 安定感
202630081810,2026-08-18,10,バイデント,10.0,7.0,宮内勇樹,57.0,,1.0,1.0,門別,優駿の里安平町谷川農(C3),3.0,1.0,門別,3歳以上C3ー2C4,2.0,1.0,門別,3歳以上C3ー2C4,5.0,3.0,門別,アルキバ特別(C1),1.0,1.0,門別,3歳以上C4ー2,3.4,2.0,,nar,2026-08-18,66.51,89.8,43.1,100.0,60.5,52.0,45.0,履歴少 / 安定感
202645081810,2026-08-18,10,パワポケウイング,9.0,7.0,古岡勇樹,56.0,,6.0,7.0,川崎,迅速賞(C1),8.0,4.0,川崎,門松特別(B3C1),8.0,8.0,川崎,祝松田町・寄村合併7(B3),8.0,9.0,川崎,「ご縁の国しまね」特(B3),6.0,9.0,船橋,ノーベンバースプリン(B3),38.5,9.0,,nar,2026-08-18,45.3,50.5,48.3,0.0,59.0,56.9,45.0,履歴少 / 市場オッズ妙味
202635081810,2026-08-18,10,パワームーブ,3.0,3.0,坂井瑛音,55.0,,6.0,9.0,盛岡,C1一組,1.0,5.0,盛岡,C1四組,6.0,1.0,盛岡,C2一組,1.0,1.0,盛岡,C2三組,2.0,4.0,水沢,C2四組,26.5,7.0,,nar,2026-08-18,58.25,79.1,57.9,49.8,29.0,58.9,45.0,履歴少 / 市場オッズ妙味
202648081810,2026-08-18,10,ピオニエーレ,8.0,7.0,友森翔太,57.0,,5.0,1.0,名古屋,シェルビオン疾風戦(B),12.0,12.0,2小倉3,3歳以上1勝クラス,13.0,14.0,3京都7,4歳以上1勝クラス,8.0,16.0,1新潟1,4歳以上1勝クラス,14.0,15.0,1阪神1,4歳以上1勝クラス,4.5,2.0,,nar,2026-08-18,48.52,30.9,51.8,30.4,90.5,60.3,45.0,履歴少 / 近走上向き
202635081810,2026-08-18,10,フィアレスハート,11.0,8.0,石川倭,56.0,,3.0,8.0,盛岡,C1二組,9.0,9.0,盛岡,スマホで投票!楽天競(C1),8.0,8.0,盛岡,プルメリア賞(C1),1.0,2.0,水沢,C1五組,3.0,3.0,水沢,C1四組,11.8,5.0,,nar,2026-08-18,61.18,66.5,61.7,55.3,63.5,64.4,45.0,履歴少
202645081810,2026-08-18,10,フラワーガールエス,8.0,6.0,山林堂信,53.0,,1.0,10.0,川崎,モルゲンロート賞(3歳),7.0,10.0,川崎,ライトニング賞(3歳),9.0,10.0,川崎,ヴィントシュトース賞(3歳),11.0,12.0,川崎,ブレッザ賞(3歳),6.0,6.0,金沢,3歳A　2,69.3,10.0,,nar,2026-08-18,63.24,59.6,76.8,30.4,93.5,62.6,45.0,履歴少 / 人気以上に走る傾向 / 近走上向き
202645081810,2026-08-18,10,プレストヴィーナス,4.0,4.0,張田昂,54.0,,3.0,5.0,川崎,迅速賞(C1),4.0,3.0,川崎,閃光賞(C1),2.0,1.0,川崎,駿逸賞(C1),5.0,2.0,川崎,紅玉賞(C1),1.0,1.0,川崎,初雷賞(C2),8.4,5.0,,nar,2026-08-18,65.24,82.9,48.1,100.0,50.0,57.1,45.0,履歴少 / 安定感
202646081810,2026-08-18,10,ペガサスターボ,4.0,4.0,鈴木太一,57.0,,11.0,5.0,金沢,金沢競馬B1プレミア,5.0,4.0,金沢,金沢サマーC(重賞),2.0,1.0,金沢,国造ゆず特別(B1),2.0,2.0,金沢,B12,,7.0,金沢,中日杯(重賞),9.3,6.0,,nar,2026-08-18,44.08,60.9,32.3,59.3,2.0,53.0,45.0,履歴少
202646081810,2026-08-18,10,ボルネオ,1.0,1.0,魚住謙心,57.0,,5.0,5.0,金沢,金沢競馬は楽天競馬で(A2),4.0,2.0,金沢,金沢競馬は楽天競馬で(A2),6.0,6.0,佐賀,小岱山賞,5.0,5.0,佐賀,水無月特別(B),7.0,10.0,高知,四万十川特別,8.1,5.0,,nar,2026-08-18,57.96,66.8,48.7,69.9,53.0,59.6,45.0,履歴少 / 安定感
202635081810,2026-08-18,10,ボンジュルネ,1.0,1.0,斉藤友香,52.0,,6.0,3.0,盛岡,C1二組,4.0,4.0,盛岡,碁石海岸賞(C1),4.0,3.0,水沢,祝30周年!SPAT(C1),2.0,3.0,水沢,不動の滝賞(C1),7.0,3.0,盛岡,岩手伝統工芸浄法寺塗(C1),15.2,6.0,,nar,2026-08-18,53.9,71.0,40.4,59.3,39.5,57.0,45.0,履歴少 / 市場オッズ妙味
202645081810,2026-08-18,10,ポッドデューク,7.0,6.0,御神本訓,56.0,,3.0,3.0,川崎,烈火賞(C1),5.0,1.0,川崎,閃光賞(C1),1.0,1.0,川崎,紅玉賞(C1),5.0,1.0,川崎,光速賞(C1),1.0,1.0,川崎,雷鶏賞(C2),4.9,3.0,,nar,2026-08-18,62.16,82.5,38.9,100.0,50.0,51.6,45.0,履歴少 / 安定感
202630081810,2026-08-18,10,マイラーズドーン,1.0,1.0,落合玄太,55.0,,10.0,5.0,川崎,ブレッザ賞(3歳),5.0,5.0,川崎,レインボー賞(3歳),8.0,2.0,川崎,シュトゥルムヴィント(3歳),1.0,3.0,門別,浦河町ふるさと納税大(OP)(2歳),2.0,6.0,門別,日胆はウマいって伝え(OP)(2歳),7.0,4.0,,nar,2026-08-18,44.82,58.2,36.0,49.8,14.0,55.0,45.0,履歴少
202645081810,2026-08-18,10,マナコア,10.0,7.0,町田直希,54.0,,8.0,1.0,川崎,電光石火賞(B3),1.0,1.0,川崎,青玉賞(C1),2.0,2.0,川崎,神速賞(C1),7.0,3.0,門別,グランシャリオドリー(A4),7.0,2.0,門別,グランシャリオドリー(A4),4.8,2.0,,nar,2026-08-18,45.66,69.4,27.4,44.7,27.5,46.3,45.0,履歴少
202646081810,2026-08-18,10,ミンナデガンバル,5.0,5.0,栗原大河,57.0,,7.0,3.0,金沢,金沢競馬は楽天競馬で(A2),3.0,3.0,金沢,金沢競馬は楽天競馬で(A2),3.0,2.0,金沢,金沢競馬は楽天競馬で(A2),1.0,1.0,金沢,オッズパーク杯(B1),4.0,1.0,金沢,B12,4.6,2.0,,nar,2026-08-18,53.3,75.8,37.9,69.6,24.5,51.3,45.0,履歴少 / 安定感
202630081810,2026-08-18,10,メージャーテソーロ,3.0,3.0,渡辺準己,54.0,,8.0,6.0,門別,平取町長杯「平取すず(B4),5.0,8.0,門別,プルメリア特別(B4),8.0,9.0,門別,比布駅改築10周年記(B4),9.0,9.0,門別,キングサリ特別(B4),1.0,2.0,佐賀,C1ー6組,51.9,9.0,,nar,2026-08-18,48.9,54.6,53.1,35.3,36.5,55.5,45.0,履歴少
202635081810,2026-08-18,10,モンサンイルベント,2.0,2.0,菅原辰徳,56.0,,1.0,11.0,盛岡,C1四組,10.0,8.0,盛岡,ロス・トランキーロス(C1),5.0,9.0,盛岡,C1四組,7.0,6.0,水沢,祝30周年!SPAT(C1),5.0,10.0,水沢,ホワイトクローバー賞(C1),43.1,9.0,,nar,2026-08-18,67.77,65.4,75.9,60.5,84.5,66.7,45.0,履歴少 / 人気以上に走る傾向 / 近走上向き / 安定感
202648081810,2026-08-18,10,ユアグローリー,6.0,6.0,細川智史,57.0,,2.0,7.0,名古屋,B4組,5.0,11.0,名古屋,あすなろ杯(BC),10.0,11.0,名古屋,さそり座大空特別(B),6.0,9.0,名古屋,かんむり座特別(B),5.0,6.0,名古屋,アークトゥルス特別(B),8.2,4.0,,nar,2026-08-18,68.18,66.2,76.3,65.7,77.0,69.4,45.0,履歴少 / 人気以上に走る傾向 / 近走上向き / 安定感
202630081810,2026-08-18,10,ラグナキリア,4.0,4.0,桑村真明,57.0,,4.0,5.0,門別,平取町長杯「平取すず(B4),1.0,1.0,門別,夏秋どりいちごすずあ(C3),2.0,2.0,門別,レジェンド・折茂社長(C3),5.0,6.0,門別,日高町水道協会特別(C3),5.0,4.0,門別,バターが切れTENズ(C3),13.4,5.0,,nar,2026-08-18,66.46,83.1,52.4,100.0,45.5,61.7,45.0,履歴少 / 安定感 / 市場オッズ妙味
202630081810,2026-08-18,10,ラピルスイメル,8.0,6.0,阿部龍,55.0,,12.0,7.0,川崎,颯爽賞(C1),11.0,7.0,川崎,青玉賞(C1),,,川崎,光速賞(C1),11.0,5.0,川崎,西洋躑躅賞(C1),12.0,4.0,川崎,王者の眼差し賞(C1),28.8,8.0,,nar,2026-08-18,22.92,15.9,13.2,0.0,46.0,37.6,45.0,履歴少 / 市場オッズ妙味
202648081810,2026-08-18,10,ランニングホット,1.0,1.0,加藤聡一,55.0,,2.0,12.0,名古屋,シェルビオン疾風戦(B),5.0,6.0,名古屋,サビク賞(B),9.0,3.0,川崎,C1一　二,2.0,2.0,川崎,花菱草賞(C1),7.0,4.0,川崎,C1一　二,15.7,9.0,,nar,2026-08-18,65.55,70.8,62.6,69.9,72.5,65.1,45.0,履歴少 / 近走上向き / 安定感 / 過小評価傾向
202630081810,2026-08-18,10,ロザシアニン,11.0,8.0,小川悠汰,52.0,,3.0,3.0,門別,平取町長杯「平取すず(B4),4.0,2.0,門別,リナリア特別(B4),1.0,3.0,門別,グランシャリオドリー(C3),,,門別,グランシャリオドリー(C3),13.0,16.0,1東京3,4歳以上1勝クラス,5.0,3.0,,nar,2026-08-18,63.57,75.7,51.7,75.1,68.0,59.3,45.0,履歴少 / 近走上向き / 安定感
202648081811,2026-08-18,11,アオレレ,3.0,3.0,柿原翔,57.0,,10.0,11.0,名古屋,夏の大三角特別(B),8.0,9.0,名古屋,へびつかい座特別(B),3.0,9.0,名古屋,あすなろ杯(BC),8.0,9.0,名古屋,さそり座大空特別(B),11.0,7.0,名古屋,かんむり座特別(B),157.4,11.0,,nar,2026-08-18,45.96,44.6,60.3,19.8,35.0,56.8,45.0,履歴少
202648081811,2026-08-18,11,イノセンス,12.0,8.0,山田祥雄,55.0,,5.0,8.0,名古屋,ヴァルデナ特別(B),7.0,7.0,名古屋,ラス・アルハゲ特別(B),4.0,3.0,名古屋,レサト賞(B),6.0,6.0,名古屋,B3組,12.0,8.0,名古屋,ポリマ特別(B),39.1,9.0,,nar,2026-08-18,54.76,58.6,52.1,50.2,63.5,55.0,45.0,履歴少 / 市場オッズ妙味
202635081811,2026-08-18,11,ウィルオレオール,5.0,4.0,石川倭,57.0,,7.0,11.0,1札幌1,TVh賞(3勝クラス),12.0,16.0,1函館7,TVh杯(3勝クラス),5.0,4.0,門別,デルフィニウム特別(A1),5.0,4.0,門別,スミレ特別(A3),5.0,4.0,名古屋,秋の鞍(重賞),14.2,5.0,,nar,2026-08-18,53.45,49.2,62.4,44.7,48.5,64.5,45.0,履歴少 / 市場オッズ妙味
202645081811,2026-08-18,11,エレファントラン,4.0,4.0,御神本訓,56.0,,4.0,1.0,川崎,夏至光特別(B2),2.0,1.0,川崎,要潤さん川崎競馬公式(B2),2.0,5.0,川崎,短夜特別(B1B2),1.0,2.0,川崎,早苗月特別(B3二),5.0,2.0,川崎,大寒特別(B3),4.8,2.0,,nar,2026-08-18,63.88,85.8,44.9,100.0,41.0,54.7,45.0,履歴少 / 安定感
202648081811,2026-08-18,11,オウケンボス,6.0,5.0,今井貴大,57.0,,6.0,7.0,名古屋,夏の大三角特別(B),9.0,8.0,名古屋,桧扇特別(A),6.0,6.0,名古屋,徒桜特別(A),12.0,8.0,名古屋,桶狭間特別(A),1.0,3.0,名古屋,初雲雀特別(A),42.5,10.0,,nar,2026-08-18,45.94,51.1,47.7,10.3,56.0,55.0,45.0,履歴少 / 市場オッズ妙味
202645081811,2026-08-18,11,オペラプラージュ,6.0,6.0,矢野貴之,56.0,,12.0,14.0,3東京1,麦秋S(3勝クラス),10.0,14.0,1中京3,豊明S(3勝クラス),15.0,12.0,5中山2,市川S(3勝クラス),13.0,5.0,2小倉8,宮崎S(3勝クラス),16.0,9.0,2東京10,丹沢S(3勝クラス),2.8,1.0,,nar,2026-08-18,31.76,11.2,43.9,0.0,59.0,46.6,45.0,履歴少
202645081811,2026-08-18,11,オリコウデレガンス,7.0,7.0,町田直希,54.0,,8.0,4.0,川崎,アルタイル賞(B2B3),3.0,2.0,川崎,要潤さん川崎競馬公式(B2),8.0,4.0,川崎,ジューンスター賞(B2B3),6.0,5.0,川崎,草笛特別(B2),5.0,9.0,川崎,ロジータ記念【地方交(重賞),9.5,5.0,,nar,2026-08-18,45.85,58.8,36.1,35.3,35.0,55.7,45.0,履歴少
202648081811,2026-08-18,11,カンタカナリート,10.0,7.0,筒井勇介,57.0,,9.0,4.0,名古屋,夏の大三角特別(B),1.0,1.0,名古屋,B6組,6.0,3.0,名古屋,B7組,3.0,1.0,名古屋,B9組,2.0,4.0,名古屋,B10組,17.8,6.0,,nar,2026-08-18,47.91,69.5,34.6,49.8,14.0,57.0,45.0,履歴少 / 市場オッズ妙味
202645081811,2026-08-18,11,カンデラリア,1.0,1.0,野畑凌,56.0,,3.0,3.0,川崎,アルタイル賞(B2B3),2.0,2.0,川崎,第39回開成町阿波お(B2B3),2.0,7.0,船橋,桜花爛漫特別(B3),6.0,4.0,船橋,ユキヤナギ賞(B3),8.0,3.0,浦和,紅葉特別(B2),4.9,3.0,,nar,2026-08-18,63.04,79.9,51.3,75.1,59.0,55.5,45.0,履歴少 / 安定感
202630081811,2026-08-18,11,キアキア,1.0,1.0,藤田凌駕,54.0,,1.0,2.0,門別,プルメリア特別(B4),2.0,2.0,門別,グランシャリオドリー(B4),3.0,3.0,門別,グランシャリオドリー(B4),2.0,2.0,門別,日高地区測量設計協会(C1),2.0,8.0,門別,ムスカリ特別(C1),6.1,2.0,,nar,2026-08-18,71.67,92.9,56.5,100.0,57.5,62.2,45.0,履歴少 / 安定感
202635081811,2026-08-18,11,ギャレット,4.0,3.0,小林凌,57.0,,4.0,4.0,盛岡,いしがきマイラーズ(重賞),5.0,5.0,盛岡,せきれい賞(重賞),4.0,4.0,水沢,初夏特別(A),11.0,9.0,盛岡,シアンモア記念(重賞),5.0,2.0,水沢,卯月特別(A),76.3,12.0,,nar,2026-08-18,58.6,65.0,45.8,85.4,63.5,50.2,45.0,履歴少 / 安定感
202630081811,2026-08-18,11,グリーンエリクサー,11.0,8.0,服部茂史,57.0,,4.0,3.0,門別,グランシャリオドリー(B4),2.0,1.0,門別,比布駅改築10周年記(B4),5.0,2.0,門別,グランシャリオドリー(B4),1.0,2.0,門別,バターが切れTENズ(C3),,,門別,グランシャリオドリー(C3),7.4,5.0,,nar,2026-08-18,61.29,82.6,42.2,89.7,42.0,55.3,45.0,履歴少 / 安定感
202630081811,2026-08-18,11,グレートスティック,8.0,6.0,落合玄太,58.0,,13.0,13.0,1札幌4,3歳以上1勝クラス,1.0,3.0,門別,比布駅改築10周年記(B4),4.0,4.0,門別,グランシャリオドリー(B4),5.0,1.0,門別,日高地区測量設計協会(C1),4.0,1.0,門別,ニリンソウ特別(C1),8.3,6.0,,nar,2026-08-18,48.5,58.9,47.2,69.6,0.0,55.8,45.0,履歴少 / 安定感
202635081811,2026-08-18,11,コスモフロイデ,11.0,7.0,山本聡紀,57.0,,2.0,1.0,盛岡,OROターフ特別(OP),1.0,2.0,盛岡,せきれい賞(重賞),3.0,3.0,水沢,初夏特別(A),6.0,8.0,盛岡,あすなろ賞(重賞),3.0,2.0,水沢,桜花特別(A),18.4,7.0,,nar,2026-08-18,67.02,86.9,50.9,85.4,57.5,62.9,45.0,履歴少 / 安定感 / 市場オッズ妙味
202635081811,2026-08-18,11,ゴールデンシロップ,1.0,1.0,菅原辰徳,57.0,,8.0,7.0,盛岡,OROターフ特別(OP),11.0,10.0,盛岡,いしがきマイラーズ(重賞),12.0,8.0,盛岡,せきれい賞(重賞),10.0,10.0,水沢,スプリント特別(OP),10.0,10.0,盛岡,スプリント特別(OP),682.7,14.0,,nar,2026-08-18,36.93,27.7,40.6,0.0,66.5,49.6,45.0,履歴少 / 近走上向き
202635081811,2026-08-18,11,ゴールドギア,8.0,5.0,高橋悠里,57.0,,5.0,5.0,盛岡,いしがきマイラーズ(重賞),3.0,3.0,盛岡,せきれい賞(重賞),8.0,8.0,名古屋,コスモ大空特別(A),12.0,12.0,名古屋,第26回名古屋グラン(JpnII),5.0,10.0,名古屋,東海桜花賞(重賞),36.4,8.0,,nar,2026-08-18,57.56,59.1,53.6,65.7,62.0,59.5,45.0,履歴少 / 安定感 / 市場オッズ妙味
202630081811,2026-08-18,11,サクセスビービー,6.0,5.0,桑村真明,57.0,,1.0,3.0,門別,3歳以上C3ー2C4,4.0,2.0,門別,3歳以上C3ー2C4,1.0,1.0,門別,日高山脈襟裳十勝国立(C4),2.0,3.0,門別,3歳以上C4ー2,1.0,1.0,門別,3歳以上C4ー3,6.3,3.0,,nar,2026-08-18,69.83,92.9,51.8,100.0,56.0,58.5,45.0,履歴少 / 安定感
202630081811,2026-08-18,11,サラメーガン,2.0,2.0,小野楓馬,55.0,,1.0,3.0,門別,3歳以上C3ー2C4,1.0,2.0,門別,3歳以上C4ー2,5.0,2.0,門別,3歳以上C4ー2,1.0,2.0,門別,3歳以上C4ー3,9.0,2.0,門別,3歳以上C4ー3,10.0,7.0,,nar,2026-08-18,67.1,87.1,47.8,89.7,68.0,55.9,45.0,履歴少 / 近走上向き / 安定感
202635081811,2026-08-18,11,シンボ,14.0,8.0,村上忍,57.0,,9.0,8.0,門別,赤レンガ記念〔H3〕(重賞),7.0,6.0,門別,コスモバルク記念〔H(重賞),6.0,6.0,門別,アネモネ特別(A1),11.0,2.0,門別,こんがりパン超盛特別(A1),1.0,5.0,2福島3,阿武隈S(3勝クラス),92.3,13.0,,nar,2026-08-18,39.89,49.0,39.8,10.3,33.5,49.0,45.0,履歴少
202635081811,2026-08-18,11,ジュンゴールド,9.0,6.0,保園翔也,57.0,,5.0,10.0,船橋,納涼特別(B2),7.0,7.0,浦和,"ハロー,ウラワールド(B2B3)",14.0,16.0,3京都11,4歳以上2勝クラス,13.0,9.0,2東京3,4歳以上2勝クラス,14.0,12.0,1東京8,4歳以上2勝クラス,44.8,11.0,,nar,2026-08-18,50.63,34.2,57.9,30.4,92.0,56.9,45.0,履歴少 / 近走上向き / 市場オッズ妙味
202645081811,2026-08-18,11,スカイアクロス,3.0,3.0,張田昂,56.0,,2.0,4.0,川崎,夏至光特別(B2),6.0,4.0,川崎,川崎記念3連覇ホッコ(B2B3),8.0,8.0,川崎,川崎の名伯楽特(B1B2),1.0,1.0,川崎,ヴィクトリーチャレン(B3),4.0,3.0,川崎,馬産地日高特別(B2B3),7.0,4.0,,nar,2026-08-18,59.93,74.1,50.0,55.3,66.5,57.6,45.0,履歴少 / 近走上向き
202635081811,2026-08-18,11,スタンリーテソーロ,2.0,2.0,山本聡哉,57.0,,5.0,2.0,浦和,’26トワイライトカ(OP)(3上),1.0,1.0,浦和,甲武信ヶ岳特別(A2),1.0,2.0,浦和,五月特別(A2),6.0,6.0,3中山5,卯月S(3勝クラス),7.0,6.0,1中山9,江戸川S(3勝クラス),10.0,4.0,,nar,2026-08-18,59.59,79.5,44.3,75.1,42.5,57.8,45.0,履歴少 / 安定感
202630081811,2026-08-18,11,スティルアローン,12.0,8.0,松井伸也,57.0,,3.0,1.0,門別,JAびらとりニシパの(B4),5.0,9.0,門別,第54回アポイの火祭(B4),7.0,6.0,門別,キングサリ特別(B4),1.0,2.0,門別,骨密度ならMBP賞(C3),1.0,1.0,門別,チューリップ特別(C4),7.3,4.0,,nar,2026-08-18,63.17,77.7,52.4,80.2,53.0,59.8,45.0,履歴少 / 安定感
202630081811,2026-08-18,11,スティールファイン,4.0,4.0,阿部龍,55.0,,3.0,4.0,門別,比布駅改築10周年記(B4),1.0,3.0,門別,日高町水道協会特別(C3),1.0,6.0,門別,3歳以上C4ー2,12.0,12.0,名古屋,若萌特別(3歳),10.0,8.0,名古屋,タルト特別(3歳),12.5,8.0,,nar,2026-08-18,66.63,74.9,61.1,75.1,68.0,66.7,45.0,履歴少 / 近走上向き / 安定感 / 過小評価傾向
202630081811,2026-08-18,11,セイランマクフィ,10.0,7.0,岩橋勇二,55.0,,6.0,1.0,門別,グランシャリオドリー(B4),1.0,3.0,門別,3歳以上C3ー2C4,1.0,1.0,門別,3歳以上C4ー2,1.0,1.0,門別,OnlineMarc(C4),2.0,1.0,門別,3歳以上C4ー3,5.0,1.0,,nar,2026-08-18,57.5,87.0,42.1,69.6,21.5,54.2,45.0,履歴少 / 安定感
202648081811,2026-08-18,11,テリオスルナ,9.0,7.0,大原浩司,55.0,,11.0,12.0,名古屋,夏の大三角特別(B),7.0,8.0,金沢,ゆいおうえんそうしん(B1),8.0,6.0,金沢,B14,1.0,8.0,金沢,B22,9.0,5.0,金沢,株式会社ミクスウェイ(B2),544.7,12.0,,nar,2026-08-18,42.77,46.0,55.4,14.6,21.5,55.5,45.0,履歴少
202645081811,2026-08-18,11,デアシュトゥルム,8.0,8.0,鷹見陸,56.0,,5.0,8.0,川崎,夏至光特別(B2),6.0,5.0,川崎,要潤さん川崎競馬公式(B2),3.0,9.0,川崎,短夜特別(B1B2),8.0,8.0,川崎,湘南オリーブオイル杯(B2),4.0,6.0,川崎,大師特別(B1B2),27.8,9.0,,nar,2026-08-18,60.8,66.5,64.4,60.5,51.5,62.8,45.0,履歴少 / 安定感 / 市場オッズ妙味
202635081811,2026-08-18,11,ハウゼ,6.0,4.0,鈴木祐,57.0,,5.0,3.0,門別,夏秋どりいちごすずり(A1),4.0,3.0,門別,富永啓生セレブレーシ(A1),8.0,8.0,1函館10,五稜郭S(3勝クラス),10.0,4.0,3中山4,美浦S(3勝クラス),6.0,11.0,2中山8,スピカS(3勝クラス),41.7,9.0,,nar,2026-08-18,52.46,58.6,41.5,55.3,62.0,53.7,45.0,履歴少 / 市場オッズ妙味
202645081811,2026-08-18,11,ハナノウタゲ,2.0,2.0,藤本現暉,54.0,,9.0,7.0,川崎,夏至光特別(B2),3.0,7.0,川崎,要潤さん来場記念(B3二),5.0,9.0,川崎,萌え野特別(B2),12.0,14.0,川崎,フェブラリースター賞(B2B3),12.0,6.0,川崎,百人一首特別(B2B3),17.7,8.0,,nar,2026-08-18,51.24,48.3,56.0,44.7,44.0,65.3,45.0,履歴少 / 過小評価傾向 / 市場オッズ妙味
202648081811,2026-08-18,11,バヤシーフェイス,2.0,2.0,丸野勝虎,57.0,,1.0,1.0,名古屋,B4組,2.0,5.0,名古屋,B7組,2.0,4.0,名古屋,B7組,4.0,5.0,名古屋,B9組,5.0,4.0,名古屋,アルファルド賞(B),5.9,2.0,,nar,2026-08-18,71.72,89.6,58.3,100.0,63.5,60.8,45.0,履歴少 / 安定感
202648081811,2026-08-18,11,ビアリッツ,8.0,6.0,村上弘樹,55.0,,1.0,4.0,名古屋,アレキサンドリア特別(3歳),5.0,8.0,名古屋,けやき杯(OP)(3歳),1.0,3.0,名古屋,若星特別(3歳),3.0,5.0,名古屋,瑞駆特別(3歳),7.0,3.0,名古屋,クラシックドリーム戦(3歳),7.6,3.0,,nar,2026-08-18,71.15,84.7,63.5,89.7,68.0,62.5,45.0,履歴少 / 近走上向き / 安定感
202645081811,2026-08-18,11,ピーエムナナ,9.0,8.0,本橋孝太,54.0,,3.0,4.0,川崎,夏紅特別(B3二),5.0,9.0,川崎,川崎記念3連覇ホッコ(B2B3),8.0,4.0,川崎,萌え野特別(B2),11.0,4.0,川崎,湘南オリーブオイル杯(B2),3.0,2.0,川崎,一富士賞(B3),11.9,6.0,,nar,2026-08-18,57.46,62.8,45.7,65.7,72.5,56.0,45.0,履歴少 / 近走上向き / 安定感
202648081811,2026-08-18,11,ピーチブロッサム,5.0,5.0,大畑慧悟,55.0,,1.0,2.0,名古屋,B4組,5.0,6.0,名古屋,風待月特別(A),5.0,6.0,名古屋,嘉祥特別(A),9.0,6.0,名古屋,五月雨特別(A),7.0,4.0,名古屋,こどもの日特別(A),26.7,8.0,,nar,2026-08-18,63.08,71.4,50.0,75.1,83.0,54.3,45.0,履歴少 / 近走上向き / 安定感 / 市場オッズ妙味
202648081811,2026-08-18,11,ブルースバローズ,11.0,8.0,加藤聡一,57.0,,1.0,1.0,名古屋,B6組,1.0,1.0,名古屋,渥美半島特別(C),1.0,1.0,名古屋,C6組,1.0,1.0,名古屋,C11組,13.0,4.0,2阪神2,4歳以上1勝クラス,1.6,1.0,,nar,2026-08-18,65.54,90.1,43.5,89.7,68.0,46.2,45.0,履歴少 / 近走上向き / 安定感
202630081811,2026-08-18,11,プレイフルネス,7.0,6.0,坂下秀樹,55.0,,7.0,8.0,門別,平取町長杯「平取すず(B4),11.0,11.0,門別,グランシャリオドリー(B4),,,水沢,C1,1.0,1.0,盛岡,C1,6.0,7.0,盛岡,C1,57.6,12.0,,nar,2026-08-18,46.61,51.8,53.6,14.6,44.0,55.1,45.0,履歴少
202630081811,2026-08-18,11,ベルオーブ,5.0,5.0,亀井洋司,55.0,,5.0,7.0,門別,比布駅改築10周年記(B4),1.0,2.0,門別,3歳以上C3ー2C4,3.0,3.0,門別,函館競馬場開設130(C3),3.0,4.0,門別,ビアパーティーAib(C3),2.0,7.0,門別,カーネーション特別(C3),25.3,10.0,,nar,2026-08-18,67.28,84.0,60.6,100.0,33.5,62.1,45.0,履歴少 / 安定感 / 市場オッズ妙味
202645081811,2026-08-18,11,ボニーマジェスティ,5.0,5.0,櫻井光輔,56.0,,3.0,9.0,川崎,夏至光特別(B2),2.0,9.0,川崎,江戸切子特別(B3二),10.0,6.0,川崎,千軍万馬賞(B2B3),7.0,3.0,浦和,橘月特別(B2B3),13.0,8.0,川崎,草笛特別(B2),17.1,7.0,,nar,2026-08-18,61.61,62.0,61.7,55.3,80.0,62.1,45.0,履歴少 / 近走上向き / 市場オッズ妙味
202648081811,2026-08-18,11,マルカブリッツ,4.0,4.0,望月洵輝,57.0,,2.0,2.0,名古屋,ラス・アルハゲ特別(B),9.0,2.0,名古屋,おとめ座大空特別(B),2.0,2.0,名古屋,こと座流星群特別(B),2.0,3.0,名古屋,桜月夜特別(B),4.0,2.0,名古屋,阿野一里塚特別(A),13.9,4.0,,nar,2026-08-18,59.33,76.4,37.4,75.1,63.5,56.0,45.0,履歴少 / 安定感 / 市場オッズ妙味
202635081811,2026-08-18,11,マンダリンヒーロー,3.0,3.0,渡辺竜也,57.0,,7.0,5.0,浦和,’26トワイライトカ(OP)(3上),7.0,10.0,大井,ゆりかもめオープン競(OP)(4上),13.0,12.0,大井,神田川オープン競走(OP)(4上),11.0,9.0,大井,東京記念競走(重賞),,,川崎,多摩OP(OP)(A13歳),6.7,3.0,,nar,2026-08-18,42.29,36.2,47.3,0.0,70.0,56.5,45.0,履歴少 / 近走上向き
202635081811,2026-08-18,11,メイテソーロ,7.0,5.0,吉原寛人,57.0,,2.0,2.0,盛岡,いしがきマイラーズ(重賞),2.0,4.0,盛岡,せきれい賞(重賞),7.0,6.0,門別,コデマリ特別(A1),6.0,5.0,門別,サッポロ生ビール黒ラ(A1),7.0,3.0,門別,アネモネ特別(A1),15.9,6.0,,nar,2026-08-18,60.59,75.3,48.2,55.3,71.0,59.2,45.0,履歴少 / 近走上向き / 市場オッズ妙味
202635081811,2026-08-18,11,モズマーヴェリック,12.0,7.0,高松亮,57.0,,1.0,1.0,盛岡,いしがきマイラーズ(重賞),9.0,11.0,3阪神1,垂水S(3勝クラス),11.0,13.0,2東京12,ARF杯薫風S(3勝クラス),16.0,13.0,3中山8,サンシャインS(3勝クラス),14.0,12.0,1京都8,下鴨S(3勝クラス),2.3,1.0,,nar,2026-08-18,52.1,43.3,51.7,30.4,100.0,52.9,45.0,履歴少 / 近走上向き
202630081811,2026-08-18,11,ヨシノカムイ,9.0,7.0,金山昇馬,57.0,,8.0,7.0,門別,YJSトライアルラウ(B4),3.0,9.0,門別,グランシャリオドリー(B4),4.0,5.0,門別,グランシャリオドリー(B4),6.0,5.0,門別,リナリア特別(B4),7.0,4.0,門別,日高地区測量設計協会(C1),46.5,11.0,,nar,2026-08-18,53.1,63.5,56.5,44.7,32.0,57.6,45.0,履歴少 / 市場オッズ妙味
202630081811,2026-08-18,11,ライトニングジャブ,3.0,3.0,宮内勇樹,55.0,,4.0,4.0,門別,JAびらとりニシパの(B4),8.0,8.0,門別,グランシャリオドリー(B4),1.0,1.0,門別,3歳以上C3ー2C4,2.0,2.0,門別,3歳以上C3ー2C4,2.0,1.0,門別,3歳以上C3ー2C4,13.0,9.0,,nar,2026-08-18,61.02,76.8,49.3,75.1,45.5,62.4,45.0,履歴少 / 安定感 / 市場オッズ妙味
202648081811,2026-08-18,11,ルミナスピラー,1.0,1.0,近藤颯羽,52.0,,1.0,3.0,名古屋,B5組,1.0,5.0,名古屋,B7組,7.0,3.0,名古屋,カササギ賞(B),2.0,5.0,名古屋,B9組,,,名古屋,もさ11歳おめでとう(B),16.7,5.0,,nar,2026-08-18,68.84,88.1,59.8,69.9,64.0,66.0,45.0,履歴少 / 安定感 / 過小評価傾向 / 市場オッズ妙味
202648081811,2026-08-18,11,ワカギミ,7.0,6.0,塚本征吾,57.0,,4.0,9.0,名古屋,夏の大三角特別(B),7.0,6.0,名古屋,へびつかい座特別(B),2.0,2.0,名古屋,レサト賞(B),1.0,3.0,名古屋,B7組,1.0,3.0,名古屋,碧南特別(C),25.7,7.0,,nar,2026-08-18,64.36,79.2,62.4,75.1,42.5,61.5,45.0,履歴少 / 安定感 / 市場オッズ妙味
202635081811,2026-08-18,11,ヴァトレニ,13.0,8.0,山本政聡,57.0,,1.0,2.0,盛岡,OROターフ特別(OP),6.0,6.0,盛岡,いしがきマイラーズ(重賞),9.0,11.0,園田,盛夏特別A2B1,7.0,11.0,園田,奈良県産はちみつ特別(A2),9.0,7.0,園田,春風特別A2B1,44.6,10.0,,nar,2026-08-18,59.01,63.8,57.5,30.4,90.5,59.5,45.0,履歴少 / 近走上向き / 市場オッズ妙味
202635081811,2026-08-18,11,ヴィクティファルス,10.0,6.0,笹川翼,57.0,,3.0,8.0,浦和,プラチナC(重賞),8.0,4.0,大井,ブリリアントカップ競(重賞),1.0,1.0,大井,品川オープン競走(OP)(4上),2.0,3.0,船橋,報知グランプリC(重賞),2.0,2.0,園田,姫山菊花賞(重賞),3.9,2.0,,nar,2026-08-18,62.98,79.2,54.7,75.1,51.5,57.1,45.0,履歴少 / 安定感
202635081812,2026-08-18,12,アクアリッズ,1.0,1.0,山本聡哉,56.0,,5.0,10.0,盛岡,C1一組,3.0,4.0,盛岡,オッズパーク賞(C1),8.0,3.0,盛岡,B2二組,7.0,3.0,水沢,B2,1.0,1.0,水沢,ホワイトクローバー賞(C1),18.6,5.0,,nar,2026-08-18,58.07,68.2,51.4,65.7,48.5,60.3,45.0,履歴少 / 安定感 / 市場オッズ妙味
202645081812,2026-08-18,12,アンジュメロディ,4.0,4.0,櫻井光輔,54.0,,8.0,11.0,川崎,夏紅特別(B3二),10.0,9.0,川崎,卯の花月特別(B3三),10.0,5.0,浦和,桜月特別(B3),4.0,5.0,川崎,早花咲月特別(B3二),1.0,4.0,川崎,モルト賞(C1二),32.6,8.0,,nar,2026-08-18,45.67,47.3,50.9,24.9,39.5,56.9,45.0,履歴少 / 市場オッズ妙味
202648081812,2026-08-18,12,ウイングラナート,12.0,8.0,丹羽克輝,55.0,,10.0,12.0,名古屋,3歳13組,10.0,7.0,名古屋,3歳10組,16.0,16.0,2東京8,3歳未勝利,14.0,12.0,1新潟2,3歳未勝利,16.0,13.0,1東京4,3歳新馬,21.6,10.0,,nar,2026-08-18,35.81,15.5,44.8,0.0,74.0,52.4,45.0,履歴少 / 近走上向き / 市場オッズ妙味
202648081812,2026-08-18,12,エターナルハーピー,7.0,6.0,丸野勝虎,55.0,,7.0,10.0,名古屋,名古屋モーニングフィ(3歳),10.0,10.0,名古屋,名古屋モーニングフィ(3歳),11.0,12.0,名古屋,3歳13組,10.0,7.0,名古屋,3歳15組,11.0,10.0,名古屋,3歳11組,39.8,12.0,,nar,2026-08-18,42.67,32.9,54.0,0.0,71.0,53.5,45.0,履歴少 / 近走上向き
202630081812,2026-08-18,12,カツノトキメキ,5.0,5.0,宮内勇樹,55.0,,2.0,3.0,門別,グランシャリオドリー(B1),6.0,7.0,門別,ノースクイーンC(重賞),4.0,3.0,門別,コントレイル・プレミ(B1),1.0,3.0,門別,アナベル特別(B2),,,門別,クレマチス特別(B2),5.6,2.0,,nar,2026-08-18,63.7,80.9,55.1,64.7,60.0,59.8,45.0,履歴少 / 安定感
202630081812,2026-08-18,12,ケイアイブイスリー,1.0,1.0,小野楓馬,57.0,,1.0,2.0,門別,YJSトライアルラウ(B4),1.0,2.0,門別,フウリンソウ特別(B4),8.0,3.0,門別,キングサリ特別(B4),2.0,3.0,門別,アガパンサス特別(C1),7.0,3.0,門別,カルミア特別(C1),9.5,5.0,,nar,2026-08-18,63.21,82.8,45.1,69.9,71.0,55.7,45.0,履歴少 / 近走上向き / 安定感
202648081812,2026-08-18,12,ケイツータカ,9.0,7.0,塚本征吾,55.0,,11.0,6.0,名古屋,3歳13組,8.0,7.0,名古屋,3歳12組,15.0,16.0,2東京8,3歳未勝利,14.0,15.0,1中京1,3歳未勝利,11.0,13.0,1東京5,3歳未勝利,8.3,5.0,,nar,2026-08-18,34.6,19.1,41.5,0.0,56.0,57.7,45.0,履歴少
202630081812,2026-08-18,12,ゲームアップロード,9.0,8.0,桑村真明,58.0,,1.0,2.0,門別,グランシャリオドリー(B1),6.0,3.0,門別,ロードカナロア・プレ(B1),1.0,1.0,門別,ハマナス特別(B4),4.0,4.0,門別,アスチルベ特別(B4),2.0,2.0,門別,グランシャリオドリー(B4),6.0,3.0,,nar,2026-08-18,64.27,85.7,46.9,75.1,63.5,56.3,45.0,履歴少 / 安定感
202635081812,2026-08-18,12,ゴッドヴァレー,2.0,2.0,村上忍,56.0,,1.0,1.0,盛岡,碁石海岸賞(C1),9.0,7.0,3京都8,4歳以上1勝クラス,8.0,5.0,1新潟2,4歳以上1勝クラス,9.0,9.0,1小倉9,4歳以上1勝クラス,5.0,4.0,1小倉5,4歳以上1勝クラス,2.2,1.0,,nar,2026-08-18,54.06,60.3,41.6,40.7,90.5,49.5,45.0,履歴少 / 近走上向き
202635081812,2026-08-18,12,サクラマウ,9.0,7.0,大坪慎,54.0,,5.0,2.0,盛岡,B2,5.0,3.0,盛岡,B2,8.0,9.0,盛岡,B1二組B2一組混合(B1B2),,,水沢,八重山吹賞(B2),8.0,4.0,水沢,お食事処「山水」賞(B1B2),21.8,6.0,,nar,2026-08-18,51.02,59.5,36.7,55.3,62.0,49.8,45.0,履歴少 / 市場オッズ妙味
202645081812,2026-08-18,12,サラサチャレンジ,8.0,8.0,伊藤裕人,53.0,,9.0,8.0,川崎,夏紅特別(B3二),4.0,2.0,佐賀,フォーマルハウト賞(重賞),6.0,8.0,川崎,ローレル賞(重賞),7.0,6.0,盛岡,プリンセスC(重賞),4.0,2.0,金沢,金沢シンデレラC(重賞),11.6,5.0,,nar,2026-08-18,46.86,57.2,44.7,35.3,27.5,57.8,45.0,履歴少
202648081812,2026-08-18,12,サンモリッツ,10.0,7.0,山田祥雄,55.0,,4.0,8.0,名古屋,名古屋モーニングフィ(3歳),10.0,4.0,名古屋,3歳13組,3.0,3.0,名古屋,深川靖誕生日記念(2歳),,,,,,,,,6.5,3.0,,nar,2026-08-18,54.91,62.2,47.4,50.2,65.0,55.8,45.0,履歴少 / 近走上向き
202648081812,2026-08-18,12,シャインプレマ,3.0,3.0,大畑雅章,55.0,,9.0,8.0,名古屋,名古屋モーニングフィ(3歳),9.0,7.0,名古屋,名古屋モーニングフィ(3歳),9.0,11.0,名古屋,3歳12組,9.0,10.0,名古屋,3歳14組,7.0,10.0,名古屋,3歳10組,32.5,11.0,,nar,2026-08-18,40.92,37.7,50.3,0.0,47.0,58.2,45.0,履歴少 / 市場オッズ妙味
202648081812,2026-08-18,12,シルヴァークラウン,8.0,6.0,加藤聡一,55.0,,7.0,7.0,名古屋,3歳14組,12.0,7.0,名古屋,3歳11組,12.0,15.0,3京都3,3歳未勝利,18.0,16.0,1小倉9,3歳未勝利,,,,,11.0,7.0,,nar,2026-08-18,40.35,23.6,42.6,0.0,92.0,57.0,45.0,履歴少 / 近走上向き
202648081812,2026-08-18,12,ジェルソミーノ,1.0,1.0,大畑慧悟,55.0,,,,名古屋,3歳14組,8.0,8.0,名古屋,3歳12組,8.0,8.0,3阪神6,3歳以上1勝クラス,15.0,15.0,3京都5,3歳未勝利,9.0,7.0,3京都10,2歳新馬,5.0,1.0,,nar,2026-08-18,41.06,33.6,47.9,0.0,66.0,55.2,45.0,履歴少 / 近走上向き
202648081812,2026-08-18,12,ジン,5.0,5.0,松本一心,55.0,,7.0,5.0,名古屋,名古屋モーニングフィ(3歳),5.0,6.0,名古屋,3歳13組,3.0,8.0,名古屋,3歳15組,7.0,12.0,名古屋,3歳11組,7.0,6.0,名古屋,3歳12組,15.4,9.0,,nar,2026-08-18,55.99,62.3,58.8,44.7,41.0,68.9,45.0,履歴少 / 過小評価傾向 / 市場オッズ妙味
202645081812,2026-08-18,12,ジーティーアグリム,6.0,6.0,本田正重,54.0,,1.0,2.0,川崎,姫百合賞(C1),1.0,1.0,川崎,C1一　二,1.0,1.0,浦和,C1四,3.0,5.0,川崎,紫丁香花賞(C1),3.0,2.0,川崎,折鶴蘭賞(C1),3.2,2.0,,nar,2026-08-18,70.81,96.0,53.4,100.0,56.0,56.3,45.0,履歴少 / 安定感
202635081812,2026-08-18,12,セイシークエンス,3.0,3.0,関本玲花,52.0,,4.0,4.0,盛岡,ストロベリーキャンド(C1),1.0,1.0,盛岡,C1,3.0,3.0,盛岡,べラジオオペラ特別(C1),2.0,10.0,水沢,C1五組,7.0,8.0,水沢,C1,27.5,8.0,,nar,2026-08-18,66.91,83.4,58.9,89.7,45.5,62.1,45.0,履歴少 / 安定感 / 市場オッズ妙味
202630081812,2026-08-18,12,タイセイスライブ,7.0,7.0,岩橋勇二,57.0,,3.0,5.0,門別,王冠賞〔H2〕(重賞),1.0,2.0,門別,フェルカド特別(C1),4.0,4.0,門別,北海優駿〔H1〕(重賞),2.0,2.0,門別,クンシラン特別(B4),2.0,1.0,船橋,2歳　二組下,2.5,1.0,,nar,2026-08-18,67.71,88.4,55.3,100.0,45.5,55.2,45.0,履歴少 / 安定感
202648081812,2026-08-18,12,チアフルドア,2.0,2.0,木之前葵,53.0,,,,名古屋,3歳14組,6.0,9.0,名古屋,3歳14組,8.0,3.0,名古屋,3歳12組,11.0,18.0,3京都11,3歳未勝利,16.0,17.0,3京都8,3歳未勝利,8.4,6.0,,nar,2026-08-18,48.35,38.2,58.9,0.0,84.0,63.9,45.0,履歴少 / 近走上向き
202648081812,2026-08-18,12,テルレーヌ,4.0,4.0,小笠原羚,52.0,,8.0,5.0,名古屋,名古屋モーニングフィ(3歳),5.0,2.0,名古屋,名古屋モーニングフィ(3歳),4.0,7.0,名古屋,3歳13組,6.0,5.0,名古屋,3歳15組,8.0,5.0,名古屋,3歳11組,12.1,8.0,,nar,2026-08-18,48.24,58.6,39.3,44.7,36.5,58.2,45.0,履歴少 / 市場オッズ妙味
202645081812,2026-08-18,12,トウマ,3.0,3.0,鷹見陸,56.0,,5.0,5.0,川崎,夏紅特別(B3二),5.0,4.0,川崎,江戸切子特別(B3二),3.0,5.0,川崎,末摘花特別(B3二),5.0,5.0,浦和,菖蒲月特別(B3),6.0,9.0,川崎,早苗月特別(B3二),19.1,7.0,,nar,2026-08-18,62.62,70.3,53.2,89.7,48.5,64.8,45.0,履歴少 / 安定感 / 市場オッズ妙味
202635081812,2026-08-18,12,トリプルバレル,7.0,6.0,山本政聡,56.0,,1.0,1.0,盛岡,C2一組,1.0,1.0,盛岡,C2一組,1.0,1.0,盛岡,C2五組,2.0,1.0,盛岡,C2七組,10.0,9.0,2東京6,4歳以上1勝クラス,4.4,2.0,,nar,2026-08-18,67.93,91.4,48.3,89.7,65.0,55.0,45.0,履歴少 / 近走上向き / 安定感
202630081812,2026-08-18,12,トーセンジャック,10.0,8.0,黒澤愛斗,57.0,,4.0,5.0,門別,旭岳賞〔H3〕(重賞),5.0,8.0,門別,ステラヴェローチェ賞(A4),2.0,8.0,門別,コントレイル・プレミ(B1),5.0,5.0,門別,アナベル特別(B2),2.0,7.0,門別,キズナ・プレミアム(B2),40.7,10.0,,nar,2026-08-18,69.76,77.7,69.3,100.0,47.0,66.0,45.0,履歴少 / 人気以上に走る傾向 / 安定感 / 過小評価傾向
202648081812,2026-08-18,12,ナムラカメコ,6.0,5.0,加藤誓二,55.0,,7.0,7.0,名古屋,3歳12組,15.0,13.0,3阪神4,3歳未勝利,14.0,10.0,1新潟8,3歳未勝利,,,,,,,,,5.4,2.0,,nar,2026-08-18,38.01,21.1,38.0,0.0,95.0,50.7,45.0,履歴少 / 近走上向き
202645081812,2026-08-18,12,ナリノエンブレム,7.0,7.0,池谷匠翔,54.0,,9.0,2.0,川崎,星河一天特別(B3二),6.0,2.0,川崎,江戸切子特別(B3二),2.0,2.0,川崎,末摘花特別(B3二),1.0,2.0,浦和,薫風特別(B3C1),1.0,1.0,川崎,花菱草賞(C1),10.1,4.0,,nar,2026-08-18,44.96,69.0,29.1,44.7,11.0,53.3,45.0,履歴少
202648081812,2026-08-18,12,ニシキバーキン,11.0,8.0,大原浩司,55.0,,4.0,9.0,名古屋,名古屋モーニングフィ(3歳),12.0,9.0,名古屋,3歳13組,7.0,4.0,名古屋,3歳15組,12.0,11.0,名古屋,セレクトゴールド第2(2歳),6.0,10.0,名古屋,セレクトゴールド第1(2歳),7.4,4.0,,nar,2026-08-18,51.46,44.3,53.1,30.4,81.5,59.8,45.0,履歴少 / 近走上向き
202635081812,2026-08-18,12,ハチャトリアン,6.0,6.0,鈴木祐,56.0,,3.0,5.0,盛岡,C1一組,2.0,1.0,盛岡,スマホで投票!楽天競(C1),2.0,5.0,盛岡,碁石海岸賞(C1),2.0,6.0,水沢,ポタジェ特別(C1),8.0,6.0,水沢,ホワイトクローバー賞(C1),7.2,4.0,,nar,2026-08-18,68.26,84.6,59.3,89.7,53.0,62.3,45.0,履歴少 / 安定感
202635081812,2026-08-18,12,ビッグシシールーフ,10.0,8.0,佐々木志,54.0,,4.0,8.0,盛岡,B2二組,5.0,5.0,水沢,猊鼻渓賞(B2),3.0,11.0,水沢,夢・希望未来へ前進(B2),11.0,10.0,盛岡,メイC(B2),11.0,6.0,盛岡,B2,39.7,10.0,,nar,2026-08-18,63.3,61.6,64.9,75.1,71.0,60.2,45.0,履歴少 / 近走上向き / 安定感 / 市場オッズ妙味
202635081812,2026-08-18,12,ピュアマケナ,5.0,5.0,高松亮,56.0,,2.0,6.0,盛岡,C1一組,2.0,3.0,盛岡,オッズパーク賞(C1),6.0,4.0,盛岡,プルメリア賞(C1),1.0,1.0,水沢,ポタジェ特別(C1),3.0,2.0,水沢,不動の滝賞(C1),5.4,3.0,,nar,2026-08-18,66.74,86.0,56.8,80.2,56.0,58.5,45.0,履歴少 / 安定感
202645081812,2026-08-18,12,ピーターライズ,2.0,2.0,町田直希,56.0,,2.0,1.0,川崎,夏紅特別(B3二),1.0,1.0,川崎,仙人草賞(C1),3.0,1.0,船橋,アガパンサススプリン(B3),2.0,2.0,船橋,サムライスプリント(C1),2.0,1.0,川崎,紫丁香花賞(C1),3.4,3.0,,nar,2026-08-18,66.39,92.4,44.4,100.0,50.0,52.6,45.0,履歴少 / 安定感
202645081812,2026-08-18,12,プリンスノット,1.0,1.0,御神本訓,56.0,,8.0,1.0,川崎,星河一天特別(B3二),9.0,13.0,3京都9,オーストラリアT(2勝クラス),10.0,12.0,2阪神7,吹田特別(2勝クラス),4.0,11.0,2阪神3,4歳以上2勝クラス,9.0,11.0,1阪神2,4歳以上2勝クラス,3.2,1.0,,nar,2026-08-18,45.45,42.7,53.4,14.6,50.0,60.2,45.0,履歴少
202630081812,2026-08-18,12,プレアレジェンド,8.0,7.0,金山昇馬,57.0,,8.0,8.0,佐賀,佐賀皐月賞(重賞),8.0,4.0,佐賀,卯月特別(B),3.0,4.0,佐賀,佐賀桜花特別(B),2.0,2.0,佐賀,佐賀にじゅうまる賞(3歳),2.0,2.0,佐賀,波戸岬特別(3歳),33.9,9.0,,nar,2026-08-18,48.95,63.9,44.4,44.7,24.5,54.3,45.0,履歴少 / 市場オッズ妙味
202635081812,2026-08-18,12,ベルベストランナー,8.0,7.0,菅原辰徳,56.0,,1.0,4.0,盛岡,C1三組,4.0,8.0,盛岡,イグナイター特別(C1),3.0,7.0,水沢,祝30周年!SPAT(C1),11.0,8.0,水沢,ホワイトクローバー賞(C1),5.0,6.0,盛岡,新緑賞(C1),25.1,7.0,,nar,2026-08-18,70.09,75.9,66.6,85.4,78.5,62.1,45.0,履歴少 / 人気以上に走る傾向 / 近走上向き / 安定感
202630081812,2026-08-18,12,ミソタロ,2.0,2.0,小川悠汰,54.0,,3.0,5.0,門別,グランシャリオドリー(B1),2.0,6.0,門別,ロードカナロア・プレ(B1),7.0,6.0,門別,ステラヴェローチェ賞(A4),4.0,1.0,門別,アナベル特別(B2),1.0,2.0,門別,クレマチス特別(B2),10.4,6.0,,nar,2026-08-18,65.4,80.2,57.5,80.2,53.0,61.9,45.0,履歴少 / 安定感
202635081812,2026-08-18,12,ミヤコプレジール,4.0,4.0,山本聡紀,56.0,,7.0,2.0,盛岡,B2,1.0,8.0,水沢,C1,4.0,5.0,盛岡,B2,7.0,10.0,盛岡,B2三組,8.0,6.0,水沢,B2三組,36.1,9.0,,nar,2026-08-18,54.77,67.9,54.6,44.7,38.0,58.9,45.0,履歴少 / 市場オッズ妙味
202630081812,2026-08-18,12,ヨシイチ,6.0,6.0,阿部龍,57.0,,5.0,6.0,門別,千軍万馬OP(OP)(一般),9.0,2.0,門別,コントレイル・プレミ(B1),3.0,2.0,門別,キタサンブラック・プ(B2),11.0,1.0,大井,出羽坂賞競走(B3),14.0,1.0,大井,狸穴坂賞競走(B3),19.8,8.0,,nar,2026-08-18,44.11,49.2,18.9,50.2,75.5,44.5,45.0,履歴少 / 近走上向き / 市場オッズ妙味
202630081812,2026-08-18,12,ライルアケカイ,3.0,3.0,服部茂史,57.0,,4.0,1.0,門別,グランシャリオドリー(B1),3.0,4.0,門別,ロードカナロア・プレ(B1),6.0,7.0,門別,赤レンガ記念〔H3〕(重賞),7.0,6.0,門別,ソフトカツゲン発売7(A3),5.0,4.0,門別,コスモバルク記念〔H(重賞),6.5,4.0,,nar,2026-08-18,57.66,70.5,45.0,65.7,57.5,56.0,45.0,履歴少 / 安定感
202635081812,2026-08-18,12,ラスダシャン,11.0,8.0,塚本涼人,54.0,,5.0,5.0,盛岡,C1,5.0,5.0,盛岡,B2,4.0,6.0,盛岡,B2,6.0,9.0,水沢,猊鼻渓賞(B2),7.0,8.0,水沢,夢・希望未来へ前進(B2),61.5,11.0,,nar,2026-08-18,60.17,66.8,56.6,75.1,53.0,57.4,45.0,履歴少 / 安定感
202645081812,2026-08-18,12,リコーベレッタ,5.0,5.0,佐野遥久,54.0,,7.0,7.0,川崎,夏紅特別(B3二),4.0,7.0,川崎,江戸切子特別(B3二),4.0,6.0,川崎,若草特別(B3三),3.0,7.0,川崎,啓蟄特別(B3二),11.0,6.0,川崎,大寒特別(B3),17.1,6.0,,nar,2026-08-18,57.56,64.1,58.5,59.3,41.0,64.7,45.0,履歴少 / 市場オッズ妙味
202630081812,2026-08-18,12,ワチュゴナドゥ,4.0,4.0,落合玄太,57.0,,5.0,7.0,門別,グランシャリオドリー(B1),5.0,2.0,門別,ロードカナロア・プレ(B1),3.0,4.0,門別,コントレイル・プレミ(B1),2.0,4.0,門別,クレマチス特別(B2),4.0,6.0,門別,キタサンブラック・プ(B2),19.8,7.0,,nar,2026-08-18,64.57,75.5,53.9,100.0,41.0,64.8,45.0,履歴少 / 安定感 / 市場オッズ妙味
