race_id,日付,レース,馬名,馬番,枠,騎手,斤量,実着順,着順1,人気1,場1,レース名1,タイム1,着差1,馬場1,着順2,人気2,場2,レース名2,タイム2,着差2,馬場2,着順3,人気3,場3,レース名3,タイム3,着差3,馬場3,着順4,人気4,場4,レース名4,タイム4,着差4,馬場4,着順5,人気5,場5,レース名5,タイム5,着差5,馬場5,単勝オッズ,人気,オッズ更新日時,source,_date,AREru指数,因子_performance,因子_upset,因子_consistency,因子_trend,因子_value,因子_context,理由
202647100801,2026-10-08,1,アイファービャッコ,3.0,3.0,井口裕貴,52.0,,,,笠松,夏茜特別(2歳),,,晴,6.0,6.0,笠松,2歳新馬,0:55.7,6.7,雨,,,笠松,2歳新馬,,,晴,,,,,,,,,,,,,,,26.6,5.0,,nar,2026-10-08,40.75,42.8,40.6,29.6,40.6,40.6,48.8,履歴少 / サンプル少
202644100801,2026-10-08,1,アリハム,4.0,4.0,笹川翼,56.0,,1.0,1.0,金沢,3歳B 4,1:31.9,-0.3,曇,15.0,4.0,3京都11,3歳未勝利,1:28.8,3.8,晴,6.0,5.0,1阪神3,3歳未勝利,1:13.6,1.6,晴,4.0,2.0,1東京1,3歳新馬,1:28.6,0.9,晴,,,,,,,,3.4,1.0,,nar,2026-10-08,50.29,59.5,24.8,45.0,94.0,43.8,48.8,履歴少 / 近走上向き
202630100801,2026-10-08,1,イゼルトヴァルト,7.0,6.0,小川悠汰,52.0,,10.0,8.0,門別,2歳未勝利,1:57.9,3.7,晴,8.0,9.0,門別,2歳未勝利,1:10.0,1.7,曇,7.0,8.0,門別,2歳未勝利,1:03.0,1.2,雨,2.0,3.0,門別,2歳未勝利,1:03.9,1.1,晴,7.0,9.0,門別,2歳未勝利,1:04.1,2.0,曇,16.0,7.0,,nar,2026-10-08,43.43,48.5,51.3,14.6,26.0,57.3,46.3,履歴少 / 市場オッズ妙味
202650100801,2026-10-08,1,イングリッドローズ,2.0,2.0,土方颯太,55.0,,1.0,1.0,園田,C3三,1:33.1,-0.7,晴,4.0,1.0,園田,C3二,1:34.9,0.9,晴,6.0,2.0,園田,C3一,1:34.3,1.7,晴,2.0,5.0,園田,C3二,1:33.5,0.1,曇,8.0,4.0,園田,C3一,1:35.2,1.7,雨,7.4,4.0,,nar,2026-10-08,61.64,79.2,39.4,69.9,74.0,53.3,52.9,園田実績 / 履歴少 / 近走上向き / 安定感
202650100801,2026-10-08,1,エイシンウィキッド,6.0,6.0,吉村智洋,57.0,,6.0,6.0,園田,淡輪7ハロンC2二,1:35.3,1.8,晴,1.0,1.0,園田,C3三,1:34.2,-0.3,曇,,,,,,,,,,,,,,,,,,,,,,5.6,3.0,,nar,2026-10-08,47.74,60.9,45.5,31.7,29.0,52.6,51.2,園田実績 / 履歴少 / サンプル少
202647100801,2026-10-08,1,エイシンスラッパー,7.0,7.0,筒井勇介,55.0,,2.0,5.0,門別,みついし産米トキノミ(2歳),1:04.2,1.0,雨,9.0,9.0,門別,2歳牝馬未勝利,1:05.0,3.0,晴,9.0,9.0,門別,JRA認定競走フレッ(2歳),1:13.9,4.9,雨,,,,,,,,,,,,,,,2.0,1.0,,nar,2026-10-08,57.8,58.7,58.5,30.4,92.0,55.5,48.8,前走人気以上 / 履歴少 / 近走上向き
202630100801,2026-10-08,1,エイシンプライアム,3.0,3.0,金山昇馬,56.0,,3.0,7.0,門別,2歳新馬,1:03.4,0.6,晴,,,,,,,,,,,,,,,,,,,,,,,,,,,,,4.2,2.0,,nar,2026-10-08,44.7,48.1,46.8,36.3,40.6,42.0,48.8,前走人気以上 / 履歴少 / サンプル少
202644100801,2026-10-08,1,エトワールブルー,10.0,8.0,石川駿介,56.0,,7.0,8.0,大井,3歳八 九,1:47.0,2.6,曇,11.0,3.0,大井,3歳八 九十(3歳九),1:31.8,3.2,曇,10.0,12.0,1函館11,3歳未勝利,2:38.3,3.3,曇,11.0,9.0,1函館1,3歳未勝利,1:48.0,4.5,晴,5.0,7.0,1新潟7,3歳未勝利,1:56.1,2.7,晴,15.4,8.0,,nar,2026-10-08,40.4,36.3,40.3,10.3,63.5,50.4,46.5,市場オッズ妙味
202647100801,2026-10-08,1,エルジェム,5.0,5.0,細川智史,55.0,,5.0,3.0,笠松,笠松デビュー馬未勝利(2歳),0:52.0,1.4,曇,7.0,5.0,笠松,秋風ジュニア(OP)(2歳),1:38.2,6.1,曇,3.0,4.0,笠松,2歳新馬,0:51.9,0.7,晴,,,,,,,,,,,,,,,14.9,4.0,,nar,2026-10-08,54.57,66.9,41.5,50.2,50.0,58.2,57.0,笠松実績 / クラス条件好転 / 履歴少 / 市場オッズ妙味
202630100801,2026-10-08,1,カナデ,9.0,7.0,宮内勇樹,55.0,,4.0,3.0,門別,2歳未勝利,1:10.8,0.7,雨,9.0,10.0,1札幌6,2歳未勝利,1:52.2,5.1,晴,4.0,5.0,1札幌1,2歳新馬,1:51.0,5.9,曇,,,,,,,,,,,,,,,2.7,1.0,,nar,2026-10-08,56.32,62.7,51.3,50.2,65.0,55.3,48.8,履歴少 / 近走上向き
202647100801,2026-10-08,1,カンヒザクラ,4.0,4.0,明星晴大,55.0,,5.0,3.0,笠松,ビオラ特別(2歳),1:34.7,1.6,晴,3.0,10.0,門別,2歳未勝利,1:02.3,0.5,雨,6.0,6.0,門別,2歳未勝利,1:04.2,1.4,晴,6.0,10.0,門別,2歳牝馬未勝利,1:10.9,0.7,曇,8.0,9.0,門別,2歳未勝利,1:04.3,1.3,曇,3.7,3.0,,nar,2026-10-08,60.5,66.8,62.8,55.3,54.5,62.1,48.8,履歴少
202630100801,2026-10-08,1,キジルクーム,6.0,6.0,若杉朝飛,55.0,,11.0,12.0,門別,2歳牝馬未勝利,1:05.0,2.8,晴,10.0,8.0,門別,涼夏少雪の郷「新ひだ(2歳),1:05.7,2.6,雨,10.0,12.0,門別,JRA認定競走フレッ(2歳),1:05.4,3.9,晴,,,,,,,,,,,,,,,135.0,11.0,,nar,2026-10-08,36.32,24.8,51.9,0.0,44.0,52.0,43.8,履歴少
202644100801,2026-10-08,1,クリムゾンバースト,8.0,7.0,吉井章,56.0,,2.0,1.0,金沢,3歳A 2,1:39.3,1.0,曇,1.0,1.0,金沢,3歳A 4,1:33.0,0.0,曇,1.0,2.0,金沢,ちーたん生誕1周年記(3歳),1:39.1,-1.3,晴,1.0,1.0,金沢,3歳B 7,1:40.3,-0.9,晴,10.0,11.0,3阪神2,3歳未勝利,2:01.6,1.6,雨,9.7,6.0,,nar,2026-10-08,68.34,90.1,50.0,89.7,57.5,60.3,50.0,安定感
202644100801,2026-10-08,1,グレートロッタリー,9.0,7.0,高橋優,51.0,,5.0,6.0,大井,3歳八 九十(3歳九),1:46.7,1.2,曇,5.0,5.0,大井,3歳八 九十(3歳九),1:46.0,2.5,晴,8.0,10.0,大井,3歳七 八,1:45.6,1.1,曇,10.0,11.0,大井,3歳六 七八(3歳七),1:32.1,3.1,晴,10.0,12.0,大井,3歳六 七,1:32.1,1.7,晴,40.4,10.0,,nar,2026-10-08,57.05,53.3,57.4,55.3,69.5,60.2,49.6,履歴少 / 近走上向き / 市場オッズ妙味
202644100801,2026-10-08,1,サリー,11.0,8.0,櫻井光輔,54.0,,4.0,9.0,大井,3歳八 九,1:45.5,1.1,曇,8.0,8.0,大井,ピンク・ジン賞(3歳九),1:16.2,2.2,曇,5.0,5.0,大井,3歳九 十11(3歳十),1:31.9,1.3,雨,6.0,12.0,名古屋,若星特別(3歳),1:37.1,2.0,曇,5.0,7.0,名古屋,牛兄、係長でも頑張れ(3歳),1:38.1,1.4,晴,16.5,9.0,,nar,2026-10-08,64.33,63.3,68.2,60.5,62.0,72.5,54.0,大井実績 / 前走人気以上 / 履歴少 / 人気以上に走る傾向
202630100801,2026-10-08,1,シンゲキノヴィル,8.0,7.0,藤田凌駕,54.0,,7.0,11.0,門別,2歳未勝利,1:04.3,1.6,雨,7.0,8.0,門別,2歳未勝利,1:03.8,1.0,晴,8.0,7.0,門別,2歳未勝利,1:04.2,2.3,曇,5.0,10.0,門別,JRA認定競走フレッ(2歳),1:04.2,1.8,晴,,,,,,,,21.9,8.0,,nar,2026-10-08,51.44,52.8,65.6,14.6,48.0,62.0,47.1,前走人気以上 / 履歴少 / 人気以上に走る傾向 / 市場オッズ妙味
202650100801,2026-10-08,1,ジュンオーズ,3.0,3.0,大山真吾,57.0,,8.0,3.0,園田,ファイティングジョッ(C2),1:56.5,3.7,雨,1.0,1.0,園田,莇原8.5ハロンC3,1:57.0,-1.6,曇,3.0,2.0,園田,C3一,1:32.1,0.6,晴,3.0,3.0,園田,C3一,1:31.8,0.8,晴,4.0,4.0,佐賀,JRA交流大隅特別,1:30.2,1.5,雨,2.7,1.0,,nar,2026-10-08,53.13,75.0,38.0,69.6,18.5,50.3,54.0,園田実績 / 安定感
202650100801,2026-10-08,1,ジーベローチェ,5.0,5.0,長尾翼玖,55.0,,9.0,9.0,名古屋,3歳3組,1:38.2,2.4,雨,11.0,7.0,川崎,ヴェルトラオム賞(3歳),0:57.0,2.3,晴,5.0,8.0,川崎,モルゲンロート賞(3歳),0:56.2,0.6,曇,6.0,6.0,川崎,珠鷸賞(3歳),1:40.1,1.6,晴,13.0,12.0,川崎,頬白賞(3歳),1:40.2,3.4,晴,22.1,7.0,,nar,2026-10-08,42.05,38.5,46.4,19.8,48.5,50.4,48.8,履歴少
202630100801,2026-10-08,1,スタニングアロー,4.0,4.0,松井伸也,56.0,,2.0,6.0,門別,2歳未勝利,1:02.8,0.1,雨,5.0,4.0,門別,2歳未勝利,1:03.3,1.8,晴,6.0,6.0,門別,2歳未勝利,1:16.7,1.2,晴,5.0,4.0,門別,公認キャラビラッキー(2歳),1:03.2,0.8,晴,3.0,6.0,門別,2歳未勝利,1:03.8,1.1,曇,5.7,3.0,,nar,2026-10-08,66.72,75.4,57.9,80.2,66.5,60.7,56.2,門別実績 / 前走人気以上 / 履歴少 / 近走上向き
202650100801,2026-10-08,1,スティールソニック,8.0,8.0,田野豊三,57.0,,1.0,8.0,園田,不撓不屈ファイナルス(C3),1:21.0,-0.1,曇,10.0,12.0,園田,C2一,1:35.5,4.3,晴,10.0,11.0,園田,兵庫ジョッキーズ楽天(C2),1:23.9,1.7,曇,10.0,10.0,園田,C2一,1:35.4,3.8,晴,11.0,4.0,園田,3歳B,1:23.5,2.1,雨,13.3,5.0,,nar,2026-10-08,57.51,49.1,64.7,30.4,100.0,56.9,46.3,前走人気以上 / 履歴少 / 近走上向き / 市場オッズ妙味
202650100801,2026-10-08,1,セレナリス,1.0,1.0,高橋洸佑,52.0,,6.0,7.0,園田,光れ!服部ちゃん☆来(C2),1:32.4,1.4,晴,6.0,3.0,園田,C2三,1:34.4,1.2,雨,4.0,5.0,園田,C2三,1:34.3,1.4,晴,1.0,1.0,園田,C3二,1:33.7,-0.8,晴,6.0,2.0,園田,柞田7ハロン3歳C2,1:35.3,1.8,曇,19.3,6.0,,nar,2026-10-08,51.86,69.0,45.4,34.3,39.5,55.9,49.6,履歴少 / 市場オッズ妙味
202647100801,2026-10-08,1,テーオーベリー,6.0,6.0,塚本征吾,55.0,,10.0,8.0,門別,2歳未勝利,1:03.6,2.1,晴,11.0,4.0,門別,2歳牝馬未勝利,1:12.8,2.6,曇,4.0,1.0,門別,JRA認定競走フレッ(2歳),1:04.8,1.1,曇,,,,,,,,,,,,,,,3.0,2.0,,nar,2026-10-08,32.84,38.0,22.5,19.8,35.0,38.2,48.8,履歴少
202630100801,2026-10-08,1,ドリームパラダイス,5.0,5.0,服部茂史,55.0,,6.0,7.0,門別,2歳未勝利,1:04.5,1.3,晴,8.0,8.0,門別,2歳未勝利,1:55.7,2.0,晴,10.0,9.0,門別,2歳牝馬未勝利,1:10.9,2.0,雨,3.0,4.0,門別,2歳未勝利,1:04.1,1.3,晴,9.0,9.0,門別,2歳牝馬未勝利,1:11.5,1.3,曇,15.5,6.0,,nar,2026-10-08,48.62,50.7,51.8,14.6,59.0,59.4,48.5,市場オッズ妙味
202647100801,2026-10-08,1,ハーフサイズ,1.0,1.0,松本一心,55.0,,7.0,7.0,笠松,ビオラ特別(2歳),1:40.4,7.3,晴,7.0,7.0,笠松,新月特別(2歳),1:42.0,8.2,雨,5.0,6.0,笠松,夏の終わり特別(2歳),1:35.9,2.3,曇,7.0,7.0,門別,JRA認定競走フレッ(2歳),1:13.3,3.4,曇,,,,,,,,56.6,7.0,,nar,2026-10-08,48.14,55.5,51.5,19.8,46.0,53.4,48.5,履歴少
202647100801,2026-10-08,1,ビッグバンビチャン,2.0,2.0,赤津和希,55.0,,8.0,5.0,笠松,笠松デビュー馬未勝利(2歳),1:39.9,5.4,雨,5.0,5.0,笠松,2歳新馬,0:52.2,1.0,晴,,,,,,,,,,,,,,,,,,,,,,38.9,6.0,,nar,2026-10-08,42.69,48.1,39.2,31.7,35.6,47.2,51.2,笠松実績 / 履歴少 / サンプル少 / 市場オッズ妙味
202644100801,2026-10-08,1,ピッタンヌンムル,3.0,3.0,張田昂,54.0,,2.0,6.0,大井,3歳八 九,1:44.7,0.3,曇,9.0,7.0,盛岡,3歳C1三組,1:29.0,1.6,晴,2.0,5.0,盛岡,ポイントたまる!楽天(3歳C1),1:29.2,0.6,晴,4.0,5.0,盛岡,3歳C1二組,1:27.7,1.6,小雨,6.0,3.0,盛岡,3歳C1二組,1:28.0,0.9,曇,8.5,5.0,,nar,2026-10-08,63.73,72.4,58.0,64.7,69.5,61.1,48.8,前走人気以上 / 履歴少 / 近走上向き / 安定感
202630100801,2026-10-08,1,プランドゥボヌール,1.0,1.0,岩橋勇二,55.0,,6.0,8.0,門別,2歳未勝利,1:04.0,1.3,雨,5.0,5.0,門別,2歳未勝利,1:03.8,1.0,晴,9.0,6.0,門別,2歳未勝利,1:04.3,2.4,曇,10.0,4.0,門別,2歳未勝利,1:17.9,1.3,晴,4.0,5.0,門別,JRA認定競走フレッ(2歳),1:04.8,1.5,曇,30.6,9.0,,nar,2026-10-08,48.94,54.2,44.7,35.3,56.0,50.8,49.6,履歴少 / 市場オッズ妙味
202644100801,2026-10-08,1,マイネルホウセン,6.0,6.0,矢野貴之,56.0,,15.0,6.0,3中京1,3歳未勝利,2:00.7,1.8,晴,13.0,6.0,2小倉3,3歳未勝利,2:48.4,7.3,曇,9.0,12.0,1京都8,3歳未勝利,2:16.8,1.3,晴,18.0,7.0,5阪神8,2歳未勝利,1:49.7,3.5,晴,4.0,3.0,4阪神5,2歳未勝利,2:04.7,1.1,晴,6.0,3.0,,nar,2026-10-08,21.43,16.0,10.8,10.3,26.0,35.8,50.0,総合評価
202644100801,2026-10-08,1,マクシーン,7.0,6.0,西啓太,54.0,,6.0,7.0,浦和,ツインマッチ特別(3歳),1:29.0,0.8,晴,13.0,13.0,2東京2,3歳未勝利,1:28.6,2.6,晴,4.0,3.0,川崎,ダイヤモンドフラワー(3歳),1:47.2,1.4,曇,14.0,9.0,1東京8,3歳未勝利,1:28.5,2.3,晴,10.0,8.0,5中山3,2歳未勝利,1:58.6,2.5,曇,14.5,7.0,,nar,2026-10-08,44.09,37.1,44.2,19.8,75.5,48.4,48.8,履歴少 / 近走上向き / 市場オッズ妙味
202644100801,2026-10-08,1,マツリ,1.0,1.0,本田正重,54.0,,3.0,3.0,大井,3歳八 九,1:45.3,0.9,曇,2.0,2.0,大井,3歳九 十11(3歳十),1:47.9,0.6,曇,2.0,2.0,大井,3歳11 12,1:31.1,0.9,晴,,,,,,,,,,,,,,,8.3,4.0,,nar,2026-10-08,65.35,88.8,50.0,75.1,44.0,59.0,59.5,大井実績 / 履歴少 / 安定感
202650100801,2026-10-08,1,マーブルティスワ,4.0,4.0,川原正一,55.0,,1.0,1.0,園田,C3一,1:32.6,-0.3,雨,4.0,1.0,園田,介良7ハロンC3一,1:34.2,0.9,曇,2.0,1.0,園田,C3一,1:33.3,0.1,晴,1.0,4.0,園田,蒲江7ハロン3歳C2,1:32.8,0.0,晴,3.0,5.0,園田,3歳C2二,1:34.8,0.3,晴,2.9,2.0,,nar,2026-10-08,69.67,90.8,47.9,100.0,59.0,55.2,59.5,園田実績 / 履歴少 / 安定感
202650100801,2026-10-08,1,メイショウガイフウ,7.0,7.0,下原理,57.0,,9.0,8.0,園田,光れ!服部ちゃん☆来(C2),1:32.8,1.8,晴,10.0,3.0,園田,神垣7ハロンC2三,1:34.8,2.1,曇,3.0,7.0,盛岡,C2四組,1:27.0,0.4,晴,6.0,7.0,盛岡,C2四組,1:15.3,1.5,曇,4.0,5.0,盛岡,街を守る盛岡市消防団(C2),1:28.7,1.0,曇,26.3,8.0,,nar,2026-10-08,43.75,51.1,42.9,30.1,30.5,53.4,43.8,履歴少 / 市場オッズ妙味
202630100801,2026-10-08,1,メンコイコイ,2.0,2.0,落合玄太,55.0,,8.0,1.0,門別,優駿の里サラブレッド(2歳),1:04.3,2.0,曇,3.0,2.0,門別,2歳未勝利,1:03.2,0.0,曇,4.0,4.0,門別,アイヌ文化のふるさと(2歳),1:10.0,0.9,晴,10.0,5.0,門別,2歳未勝利,1:42.2,2.7,曇,4.0,4.0,門別,2歳牝馬未勝利,1:03.9,0.3,曇,8.0,4.0,,nar,2026-10-08,46.9,61.3,28.3,55.0,33.5,50.4,52.9,門別実績 / 履歴少
202630100801,2026-10-08,1,ラヴィアール,10.0,8.0,桑村真明,55.0,,7.0,6.0,門別,2歳未勝利,1:10.8,2.0,晴,6.0,6.0,門別,2歳牝馬未勝利,1:10.5,2.1,晴,3.0,6.0,門別,2歳牝馬未勝利,1:09.7,0.8,雨,6.0,3.0,門別,2歳牝馬未勝利,1:10.3,1.0,晴,2.0,8.0,門別,2歳牝馬未勝利,1:10.5,0.3,曇,8.8,5.0,,nar,2026-10-08,52.18,65.6,53.3,30.1,33.5,60.2,49.6,履歴少
202630100801,2026-10-08,1,ルキフォス,11.0,8.0,小野楓馬,56.0,,11.0,11.0,門別,2歳未勝利,1:06.6,2.9,晴,10.0,7.0,門別,2歳未勝利,1:05.4,2.6,晴,5.0,6.0,門別,JRA認定競走フレッ(2歳),1:11.8,1.9,曇,,,,,,,,,,,,,,,57.2,10.0,,nar,2026-10-08,38.17,35.3,44.9,19.8,29.0,48.8,48.5,履歴少
202644100801,2026-10-08,1,レッドスカイ,5.0,5.0,谷内貫太,55.0,,8.0,7.0,大井,3歳八 九,1:47.0,2.6,曇,4.0,7.0,大井,3歳八 九十(3歳九),1:46.5,1.0,曇,11.0,9.0,大井,境川賞(3歳七),1:50.4,5.5,晴,9.0,10.0,大井,残堀川賞(3歳),1:17.4,2.0,晴,13.0,12.0,大井,3歳六 七,1:18.6,2.8,晴,143.5,11.0,,nar,2026-10-08,45.54,41.9,50.6,24.9,57.5,50.9,46.3,履歴少
202644100801,2026-10-08,1,ロイヤルドリーム,2.0,2.0,藤田凌,56.0,,4.0,6.0,名古屋,瑞穂特別(3歳),1:51.8,1.8,小雨,1.0,5.0,名古屋,3歳3組,1:36.2,-0.4,晴,4.0,5.0,名古屋,星路大空特別(3歳),2:14.8,1.7,曇,3.0,2.0,名古屋,牛兄、係長でも頑張れ(3歳),1:37.4,0.7,晴,2.0,2.0,名古屋,3歳3組,1:37.0,0.2,曇,4.5,2.0,,nar,2026-10-08,68.89,84.8,61.6,100.0,41.0,60.3,50.0,前走人気以上 / 安定感
202650100802,2026-10-08,2,アビル,6.0,6.0,吉村智洋,57.0,,6.0,2.0,園田,C2一,1:33.0,1.7,晴,10.0,2.0,3中京2,3歳未勝利,2:00.4,5.1,晴,7.0,4.0,2阪神7,3歳未勝利,2:07.9,0.9,晴,6.0,1.0,1阪神5,3歳未勝利,2:10.1,1.8,晴,2.0,1.0,2京都3,3歳未勝利,2:02.6,0.6,曇,1.9,1.0,,nar,2026-10-08,36.93,53.8,17.6,10.3,51.5,38.4,48.8,履歴少
202630100802,2026-10-08,2,イナズマレジーナ,4.0,4.0,阿部龍,55.0,,11.0,9.0,門別,2歳未勝利,1:21.0,4.7,雨,3.0,5.0,門別,JRA認定競走フレッ(2歳),1:10.7,2.2,曇,,,,,,,,,,,,,,,,,,,,,,16.9,5.0,,nar,2026-10-08,41.87,44.9,44.7,31.7,19.1,52.5,51.2,門別実績 / 履歴少 / サンプル少 / 市場オッズ妙味
202650100802,2026-10-08,2,イレブンアップ,2.0,2.0,杉浦健太,57.0,,8.0,6.0,園田,C2,0:52.1,1.5,曇,7.0,5.0,園田,南あわじ市ゆめるん特(C2),0:51.3,1.5,晴,2.0,8.0,園田,C2一,0:51.7,0.1,晴,7.0,8.0,園田,C2一,0:50.7,0.6,晴,2.0,4.0,園田,3歳C1C2,0:51.0,0.4,晴,14.6,6.0,,nar,2026-10-08,50.68,61.6,53.0,30.1,29.0,61.8,49.6,履歴少 / 市場オッズ妙味
202644100802,2026-10-08,2,インザライムライト,7.0,6.0,東原悠善,54.0,,9.0,4.0,大井,3歳八 九,1:48.6,4.2,曇,17.0,14.0,2新潟6,3歳未勝利,1:10.2,1.4,晴,6.0,8.0,2福島6,3歳未勝利,1:10.6,0.4,曇,4.0,3.0,笠松,赤坂宿特別(3歳),1:31.3,2.0,雨,9.0,14.0,1中京2,3歳未勝利,1:21.8,0.7,晴,21.8,5.0,,nar,2026-10-08,39.81,37.6,39.5,14.6,50.0,50.4,50.0,総合評価
202650100802,2026-10-08,2,エイシンジコクテン,7.0,7.0,南部楓馬,54.0,,8.0,6.0,園田,C2二,1:33.5,2.0,曇,4.0,1.0,園田,C2三,1:34.5,0.6,曇,5.0,3.0,園田,C2二,1:34.3,1.4,晴,5.0,8.0,園田,春哉7ハロンC2三,1:32.3,1.1,晴,4.0,2.0,園田,3歳C1二,1:35.0,1.9,雨,13.1,5.0,,nar,2026-10-08,52.5,63.5,39.4,69.6,29.0,57.0,54.5,園田実績 / 前走人気以上 / 安定感 / 市場オッズ妙味
202644100802,2026-10-08,2,ガリマド,3.0,3.0,田中洸多,54.0,,7.0,11.0,大井,3歳八 九,1:17.9,2.9,曇,6.0,13.0,大井,ピンク・ジン賞(3歳九),1:16.0,2.0,曇,13.0,13.0,大井,3歳六 七八(3歳七),1:19.6,3.5,雨,4.0,14.0,大井,3歳八 九十(3歳九),1:16.1,1.9,晴,10.0,13.0,大井,3歳九 十,1:17.8,2.0,晴,248.4,12.0,,nar,2026-10-08,55.38,45.5,83.1,14.6,57.5,67.2,46.3,前走人気以上 / 履歴少 / 人気以上に走る傾向 / 過小評価傾向
202630100802,2026-10-08,2,ガンバリナサイト,1.0,1.0,小川悠汰,53.0,,7.0,8.0,門別,2歳未勝利,1:06.1,2.4,晴,11.0,10.0,門別,2歳未勝利,1:04.5,3.0,晴,10.0,11.0,門別,2歳未勝利,1:05.2,3.3,曇,8.0,6.0,門別,JRA認定競走フレッ(2歳),1:06.3,3.3,晴,,,,,,,,82.0,8.0,,nar,2026-10-08,41.46,36.5,49.7,0.0,66.0,50.1,43.8,履歴少 / 近走上向き
202650100802,2026-10-08,2,クロボタン,5.0,5.0,田野豊三,55.0,,3.0,2.0,園田,光れ!服部ちゃん☆来(C2),1:32.0,1.0,晴,9.0,2.0,園田,C2一,1:33.0,1.8,晴,2.0,1.0,園田,C2二,1:32.0,0.9,晴,3.0,4.0,園田,C2二,1:31.0,0.5,晴,3.0,3.0,園田,3歳C1,1:32.6,0.2,晴,4.0,2.0,,nar,2026-10-08,57.54,73.6,35.3,75.1,57.5,50.7,54.5,園田実績 / 安定感
202650100802,2026-10-08,2,コイビトミサキ,1.0,1.0,小谷哲平,54.0,,7.0,11.0,園田,蒼玉特別C2,1:23.0,1.9,曇,6.0,4.0,園田,C2二,1:22.2,1.5,晴,6.0,2.0,園田,C2二,1:22.9,1.5,晴,1.0,6.0,園田,阿成スプリントC3,1:20.8,-0.7,晴,3.0,8.0,園田,粟生スプリントC3,1:22.3,0.6,曇,37.8,7.0,,nar,2026-10-08,52.6,65.9,58.2,24.9,32.0,59.9,49.6,前走人気以上 / 履歴少 / 市場オッズ妙味
202630100802,2026-10-08,2,コバシリデス,2.0,2.0,黒澤愛斗,55.0,,10.0,10.0,門別,2歳未勝利,1:14.9,4.8,雨,10.0,8.0,門別,2歳牝馬未勝利,1:12.9,4.5,晴,11.0,8.0,門別,2歳未勝利,1:05.2,3.3,曇,7.0,8.0,門別,2歳未勝利,1:04.5,1.7,晴,11.0,9.0,門別,ホクレンカタログギフ(2歳),1:05.0,2.6,曇,177.5,9.0,,nar,2026-10-08,34.99,29.1,41.9,0.0,48.5,47.0,43.8,履歴少
202647100802,2026-10-08,2,シバフジ,6.0,6.0,渡辺竜也,56.0,,2.0,5.0,笠松,笠松デビュー馬未勝利(2歳),0:51.0,0.4,曇,3.0,8.0,笠松,笠松デビュー馬未勝利(2歳),1:36.0,1.5,雨,6.0,6.0,笠松,線香花火特別(2歳),1:36.4,4.5,晴,4.0,5.0,笠松,夏茜特別(2歳),1:35.3,3.1,晴,4.0,4.0,笠松,2歳新馬,0:53.1,2.7,晴,5.6,3.0,,nar,2026-10-08,69.9,79.7,66.1,80.2,63.5,63.2,56.2,笠松実績 / 前走人気以上 / 履歴少 / 人気以上に走る傾向
202647100802,2026-10-08,2,シャッターチャンス,5.0,5.0,深澤杏花,54.0,,5.0,1.0,笠松,笠松デビュー馬未勝利(2歳),1:37.2,2.7,雨,2.0,1.0,笠松,笠松デビュー馬未勝利(2歳),1:35.0,0.1,曇,3.0,4.0,笠松,ミルクスイーツフェス(2歳),1:34.2,2.4,晴,5.0,4.0,笠松,2歳新馬,0:51.9,1.5,晴,,,,,,,,7.0,4.0,,nar,2026-10-08,60.35,78.2,39.0,89.7,40.0,54.2,59.5,笠松実績 / 履歴少 / 安定感
202630100802,2026-10-08,2,スティールゴールド,9.0,8.0,桑村真明,56.0,,2.0,3.0,門別,2歳未勝利,1:09.2,0.4,晴,4.0,8.0,門別,にいかっぷホロシリ賞(2歳),1:09.5,0.8,曇,7.0,5.0,門別,JRA認定競走フレッ(2歳),1:13.3,4.3,雨,,,,,,,,,,,,,,,2.2,1.0,,nar,2026-10-08,63.83,76.2,58.4,55.3,71.0,56.6,54.0,門別実績 / 履歴少 / 近走上向き
202650100802,2026-10-08,2,ステップアイ,8.0,8.0,小谷周平,55.0,,12.0,11.0,園田,C2,0:52.5,1.9,曇,9.0,7.0,園田,C2二,1:23.8,3.7,曇,8.0,7.0,園田,しだれ桜賞3歳B,1:23.9,2.0,曇,3.0,6.0,園田,3歳AB,1:22.7,1.2,雨,10.0,8.0,姫路,3歳B,1:37.0,2.9,雨,100.5,8.0,,nar,2026-10-08,36.99,36.5,44.6,14.6,23.0,49.0,47.1,履歴少
202644100802,2026-10-08,2,タイセイフリーデン,9.0,7.0,矢野貴之,56.0,,3.0,2.0,大井,3歳十 11,1:16.5,1.9,晴,12.0,9.0,2中京1,3歳以上1勝クラス,1:59.7,5.1,晴,1.0,2.0,金沢,加賀片山津賞(3歳),1:37.9,-0.1,晴,6.0,12.0,3京都3,3歳未勝利,1:54.6,2.0,晴,13.0,6.0,1福島2,3歳未勝利,1:12.2,3.0,晴,2.7,1.0,,nar,2026-10-08,54.93,57.4,45.1,50.2,80.0,51.6,51.8,クラス条件好転 / 履歴少 / 近走上向き
202630100802,2026-10-08,2,ダリサス,5.0,5.0,松井伸也,56.0,,9.0,8.0,門別,2歳未勝利,1:14.5,4.4,雨,,,門別,2歳未勝利,,,晴,10.0,9.0,門別,2歳未勝利,1:05.7,2.9,晴,8.0,9.0,門別,JRA認定競走フレッ(2歳),1:05.4,2.7,曇,,,,,,,,46.5,7.0,,nar,2026-10-08,38.44,35.4,46.2,0.0,50.0,50.6,43.8,履歴少
202647100802,2026-10-08,2,ティルマン,2.0,2.0,塚本征吾,56.0,,2.0,5.0,笠松,ビオラ特別(2歳),1:33.6,0.5,晴,6.0,8.0,門別,2歳未勝利,1:41.8,1.8,晴,9.0,12.0,門別,優駿の里安平町早来か(2歳),1:49.5,2.4,晴,9.0,10.0,門別,2歳未勝利,1:05.0,2.5,晴,9.0,10.0,門別,JRA認定競走フレッ(2歳),1:07.2,3.9,曇,4.4,2.0,,nar,2026-10-08,59.9,59.0,65.8,30.4,87.5,61.2,48.8,前走人気以上 / 履歴少 / 人気以上に走る傾向 / 近走上向き
202630100802,2026-10-08,2,トシデンセツ,6.0,6.0,小野楓馬,56.0,,5.0,6.0,門別,2歳未勝利,1:11.0,0.9,雨,4.0,5.0,門別,2歳未勝利,1:10.0,1.9,晴,8.0,7.0,門別,2歳未勝利,1:17.5,2.3,曇,3.0,3.0,門別,2歳未勝利,1:10.1,0.9,晴,9.0,6.0,門別,2歳未勝利,1:55.5,2.0,曇,8.5,4.0,,nar,2026-10-08,58.52,64.3,50.3,69.9,56.0,57.8,52.5,門別実績 / 安定感
202650100802,2026-10-08,2,ノルディア,3.0,3.0,土方颯太,55.0,,3.0,5.0,園田,兵庫ジョッキーズ楽天(C2),1:20.7,0.2,晴,1.0,1.0,園田,C3,0:51.1,-0.7,雨,2.0,1.0,園田,C3,0:51.5,0.1,晴,11.0,6.0,園田,C2一,0:52.3,1.7,雨,2.0,1.0,園田,売布ガ丘ダッシュC2,0:51.3,0.3,雨,6.4,3.0,,nar,2026-10-08,64.22,81.1,47.0,85.4,56.0,54.7,56.2,園田実績 / 履歴少 / 安定感
202647100802,2026-10-08,2,ハチキンキリシマ,4.0,4.0,筒井勇介,55.0,,11.0,10.0,4中山3,2歳未勝利,2:00.6,6.4,曇,7.0,7.0,3新潟1,2歳未勝利,1:51.8,2.9,曇,14.0,15.0,2新潟7,2歳新馬,1:25.6,3.4,晴,,,,,,,,,,,,,,,1.6,1.0,,nar,2026-10-08,36.45,25.4,49.0,0.0,47.0,50.5,48.8,履歴少
202644100802,2026-10-08,2,ファジーエンジェル,11.0,8.0,杉山海波,51.0,,6.0,5.0,大井,3歳八 九,1:17.6,2.6,曇,8.0,9.0,大井,3歳六 七八(3歳七),1:32.2,3.3,雨,7.0,12.0,大井,3歳六 七,1:15.1,1.1,晴,5.0,6.0,大井,3歳七 八,1:15.5,1.1,曇,9.0,9.0,大井,3歳七 八九(3歳八),1:16.4,1.8,晴,32.2,9.0,,nar,2026-10-08,50.17,53.1,57.6,14.6,57.5,58.6,46.3,履歴少 / 市場オッズ妙味
202647100802,2026-10-08,2,フォイツ,1.0,1.0,井口裕貴,53.0,,4.0,4.0,笠松,笠松デビュー馬未勝利(2歳),0:51.5,0.9,曇,6.0,7.0,笠松,笠松デビュー馬未勝利(2歳),1:39.3,4.8,雨,4.0,3.0,笠松,笠松デビュー馬未勝利(2歳),1:36.1,1.2,曇,5.0,2.0,笠松,ミルクスイーツフェス(2歳),1:35.9,4.1,晴,6.0,2.0,笠松,2歳新馬,0:51.9,1.5,晴,20.9,5.0,,nar,2026-10-08,57.23,69.2,44.4,64.7,57.5,51.8,52.9,笠松実績 / 履歴少 / 安定感 / 市場オッズ妙味
202630100802,2026-10-08,2,フォーエバーエデン,8.0,8.0,服部茂史,55.0,,7.0,7.0,門別,2歳未勝利,1:10.0,1.7,曇,4.0,8.0,門別,2歳牝馬未勝利,1:09.9,1.0,雨,7.0,10.0,門別,2歳牝馬未勝利,1:10.3,1.0,晴,10.0,7.0,門別,2歳牝馬未勝利,1:12.0,1.8,曇,7.0,7.0,門別,JRA認定競走フレッ(2歳),1:06.2,2.9,曇,31.1,6.0,,nar,2026-10-08,50.83,54.5,58.1,24.9,50.0,57.3,46.3,履歴少 / 市場オッズ妙味
202630100802,2026-10-08,2,ベストメッセージ,3.0,3.0,岩橋勇二,56.0,,3.0,2.0,門別,2歳未勝利,1:03.0,0.3,雨,,,門別,2歳未勝利,,,晴,4.0,5.0,門別,2歳未勝利,1:09.4,0.8,曇,3.0,3.0,門別,2歳未勝利,1:09.2,0.3,晴,6.0,7.0,門別,2歳未勝利,1:09.6,1.2,曇,4.0,3.0,,nar,2026-10-08,62.06,78.6,50.0,64.7,58.0,56.7,54.0,門別実績 / 安定感
202644100802,2026-10-08,2,ベルベットオニキス,1.0,1.0,谷内貫太,55.0,,2.0,5.0,大井,3歳十 11,1:16.4,1.8,晴,11.0,2.0,大井,3歳11 12,1:31.8,2.8,曇,3.0,3.0,大井,3歳九 十11(3歳十),1:16.4,0.7,曇,3.0,3.0,大井,3歳11 12,1:16.6,0.2,晴,6.0,6.0,大井,3歳 新馬,1:18.6,2.4,晴,22.5,6.0,,nar,2026-10-08,57.9,68.0,40.7,64.7,72.5,52.4,52.9,大井実績 / 前走人気以上 / 履歴少 / 近走上向き
202644100802,2026-10-08,2,ホーリーモミジ,8.0,6.0,達城龍次,56.0,,11.0,7.0,大井,3歳八 九,1:19.1,4.1,曇,14.0,7.0,大井,ピンク・ジン賞(3歳九),1:16.7,2.7,曇,7.0,4.0,大井,3歳九 十11(3歳十),1:17.3,2.2,晴,6.0,2.0,大井,3歳九 十11(3歳十),1:31.8,2.3,晴,7.0,8.0,大井,3歳七 八,1:46.3,1.4,晴,35.4,10.0,,nar,2026-10-08,28.02,30.5,21.8,0.0,35.0,40.6,43.8,履歴少
202644100802,2026-10-08,2,マーロウ,5.0,5.0,西優哉,53.0,,10.0,5.0,大井,3歳八 九,1:50.1,5.7,曇,7.0,4.0,大井,ピンク・ジン賞(3歳九),1:16.1,2.1,曇,9.0,1.0,大井,3歳六 七八(3歳七),1:18.0,1.9,雨,5.0,4.0,門別,グランシャリオドリー(C3),1:16.2,1.0,曇,6.0,6.0,門別,グランシャリオドリー(C3),1:15.6,1.2,曇,31.7,8.0,,nar,2026-10-08,33.45,44.7,22.0,14.6,30.5,41.8,43.8,履歴少 / 市場オッズ妙味
202644100802,2026-10-08,2,メイクイット,2.0,2.0,西啓太,54.0,,8.0,4.0,大井,3歳六 七,1:15.2,1.2,晴,2.0,3.0,大井,3歳九 十,1:15.9,0.1,晴,1.0,1.0,笠松,3歳2組,1:31.6,0.0,曇,3.0,2.0,笠松,若葉特別(3歳),1:32.1,2.2,曇,4.0,6.0,笠松,太田宿特別(3歳),1:32.0,1.8,晴,9.4,4.0,,nar,2026-10-08,55.47,76.2,43.7,69.6,17.0,58.2,51.2,大井実績 / 履歴少 / 安定感
202630100802,2026-10-08,2,リアルステレオ,7.0,7.0,宮内勇樹,55.0,,3.0,2.0,門別,2歳未勝利,1:10.8,0.7,雨,3.0,4.0,門別,2歳未勝利,1:09.9,1.8,晴,9.0,11.0,門別,JRA認定競走アタッ(2歳),1:16.5,2.0,曇,4.0,6.0,門別,JRA認定競走アタッ(2歳),1:09.9,1.5,晴,8.0,8.0,門別,JRA認定競走アタッ(2歳),1:18.4,3.6,雨,3.3,2.0,,nar,2026-10-08,62.35,69.2,54.4,69.9,68.0,57.7,52.9,門別実績 / 履歴少 / 近走上向き / 安定感
202644100802,2026-10-08,2,リリーインザナイト,12.0,8.0,本田正重,54.0,,1.0,3.0,大井,3歳 選抜牝馬,1:15.6,-1.1,晴,,,,,,,,,,,,,,,,,,,,,,,,,,,,,2.8,2.0,,nar,2026-10-08,44.94,51.6,43.7,36.3,40.6,42.0,48.8,履歴少 / サンプル少
202644100802,2026-10-08,2,ルクラ,10.0,7.0,藤本現暉,56.0,,7.0,1.0,大井,3歳七 八,1:46.5,1.3,雨,2.0,1.0,大井,3歳11 12,1:31.0,1.8,晴,3.0,4.0,大井,2歳 新馬,1:29.8,0.9,曇,,,,,,,,,,,,,,,5.7,3.0,,nar,2026-10-08,49.09,73.7,32.5,44.7,23.0,50.9,54.0,大井実績 / 履歴少
202644100802,2026-10-08,2,ルックハーティアズ,4.0,4.0,安藤洋一,56.0,,2.0,4.0,大井,3歳12 13,1:17.1,1.9,曇,3.0,4.0,大井,3歳11 12,1:18.3,2.4,晴,7.0,4.0,大井,3歳12 1314(3歳13),1:18.3,1.8,雨,7.0,6.0,大井,3歳14 15,1:17.8,3.6,曇,12.0,4.0,大井,3歳13 14,1:20.1,4.1,晴,29.6,7.0,,nar,2026-10-08,58.29,68.0,45.0,55.3,81.5,50.5,49.6,履歴少 / 近走上向き / 市場オッズ妙味
202647100802,2026-10-08,2,ルナクエーサー,3.0,3.0,大原浩司,55.0,,6.0,6.0,笠松,笠松デビュー馬未勝利(2歳),0:52.2,1.6,曇,4.0,6.0,笠松,笠松デビュー馬未勝利(2歳),1:36.9,2.4,雨,4.0,7.0,笠松,秋風ジュニア(OP)(2歳),1:35.4,3.3,曇,5.0,7.0,笠松,線香花火特別(2歳),1:35.6,3.7,晴,5.0,5.0,笠松,月下美人特別(2歳),1:37.5,3.2,晴,28.1,6.0,,nar,2026-10-08,61.09,69.1,59.7,69.6,41.0,60.9,56.2,笠松実績 / 履歴少 / 安定感 / 市場オッズ妙味
202644100802,2026-10-08,2,レガリアーナ,6.0,5.0,木澤奨,51.0,,10.0,12.0,大井,3歳八 九,1:19.1,4.1,曇,13.0,9.0,大井,ピンク・ジン賞(3歳九),1:16.7,2.7,曇,16.0,18.0,2小倉8,3歳未勝利,1:09.8,1.8,晴,15.0,14.0,3京都9,3歳未勝利,1:09.6,1.2,曇,13.0,8.0,1阪神10,3歳未勝利,1:16.7,3.8,晴,46.3,11.0,,nar,2026-10-08,34.07,9.9,45.4,0.0,75.5,47.8,46.5,近走上向き
202650100802,2026-10-08,2,ヴェニスクィーン,4.0,4.0,山本咲希,55.0,,6.0,7.0,園田,兵庫ジョッキーズ楽天(C2),1:20.8,0.3,晴,1.0,5.0,園田,浪速スプリントC3,1:21.3,-0.1,曇,5.0,4.0,園田,平城山スプリントC3,1:23.1,0.5,晴,6.0,1.0,園田,阿成スプリントC3,1:22.0,1.2,晴,2.0,2.0,園田,C3,1:21.4,1.0,晴,8.1,4.0,,nar,2026-10-08,57.83,74.9,52.6,55.0,35.0,58.3,52.9,園田実績 / 履歴少
202644100803,2026-10-08,3,アウン,4.0,4.0,張田昂,55.0,,,4.0,大井,つばめ特別競走(2歳),,,曇,3.0,4.0,大井,はやぶさ特別競走(2歳),1:46.2,2.9,雨,6.0,4.0,大井,フレッシュスター特別(2歳),1:29.0,2.0,晴,2.0,3.0,大井,2歳一 二,1:28.7,0.0,晴,7.0,6.0,大井,2歳一,1:30.6,2.3,曇,10.7,3.0,,nar,2026-10-08,57.75,74.1,49.0,39.5,62.0,56.8,51.2,大井実績 / 履歴少
202630100803,2026-10-08,3,アカレンガ,3.0,3.0,阿部龍,55.0,,3.0,6.0,門別,2歳未勝利,1:16.0,0.4,晴,7.0,2.0,門別,2歳未勝利,1:17.5,0.9,晴,3.0,1.0,門別,JRA認定競走フレッ(2歳),1:09.9,1.7,曇,,,,,,,,,,,,,,,2.7,1.0,,nar,2026-10-08,56.67,73.4,43.2,50.2,62.0,49.9,53.1,門別実績 / 前走人気以上
202650100803,2026-10-08,3,イロメガネ,4.0,4.0,井上幹太,57.0,,4.0,1.0,園田,淡輪7ハロンC2二,1:34.2,0.7,晴,2.0,2.0,園田,C2四,1:33.5,0.1,曇,1.0,5.0,園田,勝成7ハロンC3一,1:32.5,-0.7,晴,3.0,3.0,園田,出雲7ハロンC3一,1:33.0,0.7,晴,9.0,10.0,園田,青馬ひすみ☆モヤシか(C2),1:32.6,3.6,晴,13.1,6.0,,nar,2026-10-08,65.6,81.8,49.9,89.7,48.5,62.2,54.5,園田実績 / 安定感 / 市場オッズ妙味
202650100803,2026-10-08,3,エナノムスメ,7.0,7.0,小谷哲平,54.0,,12.0,16.0,3新潟4,3歳未勝利,1:23.1,0.9,曇,13.0,10.0,3東京2,3歳未勝利,1:36.0,1.5,曇,7.0,6.0,1東京4,3歳新馬,1:35.9,0.8,晴,,,,,,,,,,,,,,,6.0,3.0,,nar,2026-10-08,34.88,19.9,52.5,0.0,38.0,52.0,48.8,前走人気以上 / 履歴少
202630100803,2026-10-08,3,エンテンガビ,2.0,2.0,宮内勇樹,55.0,,11.0,11.0,門別,2歳未勝利,1:58.0,3.8,晴,7.0,9.0,門別,2歳牝馬未勝利,1:10.7,2.3,晴,7.0,11.0,門別,JRA認定競走フレッ(2歳),1:11.7,3.2,曇,,,,,,,,,,,,,,,69.0,9.0,,nar,2026-10-08,41.35,39.0,62.0,0.0,26.0,57.4,43.8,履歴少
202644100803,2026-10-08,3,カストール,3.0,3.0,西啓太,54.0,,3.0,7.0,門別,JRA認定競走アタッ(2歳),1:53.3,0.7,曇,7.0,5.0,門別,JRA認定競走アタッ(2歳),1:47.5,1.7,晴,3.0,5.0,門別,JRA認定競走アタッ(2歳),1:53.2,0.9,曇,5.0,2.0,門別,JRA認定競走アタッ(2歳),1:53.8,1.5,晴,1.0,1.0,門別,2歳未勝利,1:41.6,-0.4,晴,27.6,4.0,,nar,2026-10-08,62.93,75.3,54.7,75.1,56.0,56.9,50.0,前走人気以上 / 安定感 / 市場オッズ妙味
202647100803,2026-10-08,3,キタノコウセイ,7.0,7.0,筒井勇介,57.0,,2.0,2.0,笠松,悠大が好きすぎて滅!(3歳),1:30.7,0.1,晴,1.0,1.0,笠松,3歳8組,1:31.7,-1.4,曇,3.0,2.0,笠松,ムラタミカ還暦記念(3歳),1:34.1,1.6,曇,3.0,6.0,笠松,垂井宿特別(3歳),1:30.3,0.5,晴,13.0,9.0,3中山7,3歳未勝利,1:58.6,3.8,晴,2.8,2.0,,nar,2026-10-08,67.01,82.2,48.8,89.7,68.0,53.1,59.5,笠松実績 / 履歴少 / 近走上向き / 安定感
202650100803,2026-10-08,3,クリオロゴールド,8.0,8.0,下原理,57.0,,9.0,5.0,1札幌5,3歳未勝利,1:10.0,0.5,曇,4.0,2.0,1函館9,3歳未勝利,1:09.7,0.6,曇,5.0,2.0,1函館3,3歳未勝利,1:08.9,0.3,曇,6.0,1.0,3中山7,3歳未勝利,1:13.2,0.9,晴,2.0,2.0,3中山3,3歳未勝利,1:12.2,0.2,雨,2.8,2.0,,nar,2026-10-08,44.66,61.6,28.7,55.0,21.5,45.3,50.0,総合評価
202630100803,2026-10-08,3,クリシュナラブリー,5.0,5.0,金山昇馬,56.0,,6.0,8.0,門別,2歳未勝利,1:17.4,0.8,晴,10.0,6.0,門別,2歳未勝利,1:55.9,2.5,晴,2.0,8.0,門別,2歳未勝利,1:17.0,0.0,晴,8.0,9.0,門別,JRA認定競走アタッ(2歳),1:17.4,2.9,曇,6.0,8.0,門別,JRA認定競走フレッ(2歳),1:56.4,4.5,曇,18.6,6.0,,nar,2026-10-08,52.12,56.0,58.0,19.8,53.0,63.7,48.5,市場オッズ妙味
202650100803,2026-10-08,3,コスモアンタレス,9.0,8.0,杉浦健太,57.0,,7.0,7.0,3新潟1,3歳未勝利,2:01.6,0.8,晴,8.0,8.0,3中山7,3歳未勝利,1:56.8,2.0,晴,9.0,9.0,3中山4,3歳未勝利,2:04.2,2.0,晴,10.0,10.0,2中山8,3歳未勝利,2:01.2,1.7,晴,4.0,12.0,2中山1,3歳未勝利,2:01.8,0.1,晴,6.4,4.0,,nar,2026-10-08,47.1,45.8,55.8,10.3,54.5,58.8,48.8,履歴少
202630100803,2026-10-08,3,サンヨウキャプテン,1.0,1.0,松井伸也,56.0,,4.0,6.0,門別,2歳未勝利,1:18.1,1.8,雨,10.0,3.0,門別,2歳未勝利,1:16.7,1.7,雨,5.0,6.0,門別,JRA認定競走アタッ(2歳),1:16.1,1.7,晴,2.0,4.0,門別,JRA認定競走フレッ(2歳),1:10.0,0.1,曇,,,,,,,,9.5,5.0,,nar,2026-10-08,57.18,63.5,44.9,64.7,60.0,58.0,55.3,門別実績 / 履歴少 / 安定感
202650100803,2026-10-08,3,ショーライトイヤー,5.0,5.0,笹田知宏,57.0,,13.0,12.0,2小倉1,3歳未勝利,1:00.2,2.3,曇,12.0,11.0,3京都3,3歳未勝利,1:14.1,2.6,晴,6.0,7.0,2阪神6,3歳未勝利,1:13.6,1.2,晴,10.0,7.0,1阪神7,3歳未勝利,1:27.1,1.6,晴,10.0,3.0,1京都1,3歳新馬,2:00.6,5.4,晴,10.2,5.0,,nar,2026-10-08,30.62,23.0,39.4,0.0,29.0,45.4,48.8,履歴少
202650100803,2026-10-08,3,ストリートクイーン,3.0,3.0,廣瀬航,55.0,,12.0,4.0,1札幌8,3歳未勝利,1:51.8,5.3,晴,3.0,2.0,1札幌4,3歳未勝利,1:46.7,0.9,晴,2.0,7.0,1函館7,3歳未勝利,1:46.2,0.1,晴,6.0,5.0,1函館3,3歳未勝利,1:47.2,0.5,曇,7.0,4.0,3京都4,3歳未勝利,1:25.5,1.5,曇,2.8,1.0,,nar,2026-10-08,42.17,56.9,35.0,44.7,5.0,49.2,50.0,前走人気以上
202630100803,2026-10-08,3,スルーザレイン,7.0,7.0,小野楓馬,55.0,,5.0,11.0,門別,2歳未勝利,1:18.2,1.9,雨,7.0,9.0,門別,2歳牝馬未勝利,1:05.4,3.2,晴,7.0,10.0,門別,2歳未勝利,1:04.2,2.3,曇,7.0,10.0,門別,2歳牝馬未勝利,1:04.5,2.5,晴,8.0,12.0,門別,2歳未勝利,1:42.0,2.5,曇,50.8,7.0,,nar,2026-10-08,58.92,56.0,76.4,30.4,63.5,64.3,46.3,前走人気以上 / 履歴少 / 人気以上に走る傾向
202644100803,2026-10-08,3,タルガフローリオ,6.0,6.0,御神本訓,55.0,,2.0,1.0,大井,はやぶさ特別競走(2歳),1:43.4,0.1,雨,2.0,4.0,大井,2歳 新馬,1:27.2,0.3,晴,,,,,,,,,,,,,,,,,,,,,,1.5,1.0,,nar,2026-10-08,54.63,68.6,46.9,48.4,45.5,49.7,59.5,大井実績 / 履歴少 / サンプル少
202644100803,2026-10-08,3,チャトラン,5.0,5.0,西優哉,51.0,,3.0,5.0,大井,2歳二 三,1:31.3,0.8,雨,4.0,9.0,大井,2歳三 四,1:30.9,0.7,曇,7.0,7.0,大井,2歳一 二,1:16.2,3.0,晴,3.0,6.0,大井,2歳 新馬,1:16.4,1.9,晴,,,,,,,,40.9,6.0,,nar,2026-10-08,67.36,74.7,67.9,69.9,60.0,64.4,55.3,大井実績 / 履歴少 / 人気以上に走る傾向 / 安定感
202644100803,2026-10-08,3,ディセントラリーフ,1.0,1.0,和田譲治,54.0,,2.0,7.0,大井,2歳四 五,1:30.7,0.7,曇,9.0,6.0,大井,2歳三 四,1:31.8,1.6,曇,4.0,3.0,大井,2歳 新馬,1:32.7,2.6,雨,,,,,,,,,,,,,,,33.7,5.0,,nar,2026-10-08,61.35,69.2,55.4,50.2,77.0,57.4,54.0,大井実績 / 前走人気以上 / 履歴少 / 近走上向き
202630100803,2026-10-08,3,トラブルメーカー,9.0,8.0,落合玄太,56.0,,3.0,1.0,門別,2歳未勝利,1:16.4,0.0,晴,7.0,5.0,門別,2歳未勝利,1:16.9,1.7,曇,6.0,1.0,門別,JRA認定競走フレッ(2歳),1:17.8,3.2,晴,,,,,,,,,,,,,,,3.9,2.0,,nar,2026-10-08,49.48,67.1,30.5,30.4,71.0,44.6,49.8,近走上向き
202630100803,2026-10-08,3,ナインファースト,4.0,4.0,桑村真明,55.0,,3.0,4.0,門別,2歳未勝利,1:17.4,1.1,雨,6.0,1.0,門別,2歳未勝利,1:16.5,1.5,雨,2.0,5.0,門別,2歳未勝利,1:15.8,0.3,晴,4.0,5.0,門別,道の駅あびらオリジナ(2歳),1:16.6,0.5,晴,9.0,4.0,門別,2歳未勝利,1:04.5,1.5,曇,5.5,4.0,,nar,2026-10-08,59.6,73.5,45.0,64.7,63.5,54.0,52.9,門別実績 / 履歴少 / 安定感
202647100803,2026-10-08,3,ナオミニオールイン,5.0,5.0,大原浩司,55.0,,6.0,6.0,笠松,大噛がるるデビュー4(3歳),1:32.6,2.9,曇,6.0,2.0,笠松,好きです笠松競馬(3歳),1:37.9,4.8,雨,7.0,6.0,笠松,大湫宿特別(3歳),1:31.6,2.9,晴,14.0,12.0,1函館9,3歳未勝利,1:10.7,1.6,曇,16.0,4.0,1函館3,3歳未勝利,1:10.5,1.9,曇,44.2,5.0,,nar,2026-10-08,39.33,43.5,30.9,0.0,78.5,40.5,46.5,近走上向き / 市場オッズ妙味
202647100803,2026-10-08,3,ヒャクレツケン,4.0,4.0,望月洵輝,57.0,,1.0,3.0,笠松,祝!あらくれお嬢様完(3歳),1:28.9,0.0,晴,13.0,12.0,1札幌7,3歳未勝利,1:31.9,2.9,晴,13.0,13.0,1函館1,3歳未勝利,1:10.7,2.2,雨,15.0,9.0,3中山4,3歳未勝利,1:58.3,6.0,晴,10.0,11.0,1中京2,3歳未勝利,1:27.0,2.0,晴,1.8,1.0,,nar,2026-10-08,48.38,35.1,47.1,30.4,100.0,48.1,48.8,履歴少 / 近走上向き
202647100803,2026-10-08,3,ヒルノエルニド,1.0,1.0,深澤杏花,53.0,,9.0,6.0,笠松,おうちゃん笠松競馬来(C),1:34.8,2.5,晴,4.0,4.0,笠松,わたぽん誕生日おめで(C),1:35.5,2.1,雨,2.0,5.0,笠松,C級セレクション,1:34.5,0.1,曇,3.0,7.0,笠松,私の青春☆アクセル全(C),0:51.3,1.1,晴,5.0,4.0,笠松,加織・文行結婚記念(C),1:36.7,1.4,晴,181.4,8.0,,nar,2026-10-08,54.9,67.3,51.1,69.6,17.0,55.5,56.2,笠松実績 / 履歴少 / 安定感
202647100803,2026-10-08,3,ビーストウォーズ,2.0,2.0,渡辺竜也,57.0,,1.0,2.0,笠松,3歳7組,1:31.3,-1.3,曇,1.0,1.0,笠松,3歳11組,0:48.8,-0.9,曇,18.0,18.0,2新潟2,3歳未勝利,1:37.8,2.6,雨,16.0,15.0,2東京12,3歳未勝利,1:34.0,8.0,曇,13.0,7.0,1中京3,3歳未勝利,2:00.1,4.4,晴,4.0,3.0,,nar,2026-10-08,58.69,55.7,46.8,55.3,100.0,52.0,59.5,笠松実績 / 履歴少 / 近走上向き
202630100803,2026-10-08,3,ブエナモーダ,10.0,8.0,岩橋勇二,55.0,,10.0,11.0,門別,2歳牝馬未勝利,1:04.6,2.4,晴,10.0,4.0,門別,2歳未勝利,1:04.8,2.0,晴,9.0,4.0,門別,JRA認定競走フレッ(2歳),1:13.3,4.8,曇,,,,,,,,,,,,,,,62.7,8.0,,nar,2026-10-08,31.18,30.1,29.7,0.0,47.0,40.1,43.8,履歴少
202650100803,2026-10-08,3,ホワイトジェイド,6.0,6.0,塩津璃菜,53.0,,11.0,10.0,園田,青馬ひすみ☆配信記念(C2),1:33.3,1.6,晴,5.0,4.0,園田,C2二,1:35.4,2.3,曇,4.0,6.0,園田,夢洲7ハロンC2二,1:34.1,0.8,晴,9.0,11.0,名古屋,3歳3組,1:39.9,2.8,晴,8.0,11.0,名古屋,星路大空特別(3歳),2:15.3,2.2,曇,44.4,7.0,,nar,2026-10-08,47.64,47.8,53.1,44.7,23.0,57.0,54.0,園田実績 / 履歴少 / 市場オッズ妙味
202647100803,2026-10-08,3,マジョリー,6.0,6.0,松本一心,55.0,,7.0,9.0,笠松,笠松マスターズ(C),1:34.9,3.0,晴,6.0,3.0,笠松,活動6周年尾丸ポルカ(C),1:36.8,3.3,雨,5.0,5.0,笠松,好きです笠松競馬(C),1:33.8,0.7,晴,6.0,5.0,笠松,C11組,1:35.1,2.2,曇,5.0,5.0,笠松,田中将太技師昇進記念(C),1:33.9,1.6,晴,158.9,7.0,,nar,2026-10-08,48.99,60.0,48.0,30.1,41.0,51.3,49.6,履歴少
202630100803,2026-10-08,3,マダムアイ,6.0,6.0,黒澤愛斗,55.0,,12.0,9.0,門別,2歳未勝利,2:01.0,6.8,晴,10.0,11.0,門別,2歳未勝利,1:51.3,5.2,雨,11.0,9.0,門別,グランシャリオドリー(2歳),1:05.6,2.7,晴,12.0,11.0,門別,2歳未勝利,1:58.1,4.6,曇,6.0,8.0,門別,2歳未勝利,1:50.6,2.3,晴,173.4,10.0,,nar,2026-10-08,32.25,22.5,43.0,0.0,36.5,49.0,43.8,履歴少
202630100803,2026-10-08,3,ミーディアムセラア,8.0,7.0,服部茂史,56.0,,7.0,3.0,門別,2歳未勝利,1:18.3,2.0,雨,2.0,3.0,門別,2歳未勝利,1:15.9,0.3,晴,5.0,8.0,門別,2歳未勝利,1:16.7,1.5,曇,3.0,8.0,門別,JRA認定競走フレッ(2歳),1:10.0,0.6,晴,,,,,,,,4.4,3.0,,nar,2026-10-08,57.24,71.9,52.8,59.3,28.0,60.4,55.3,門別実績 / 履歴少
202650100803,2026-10-08,3,メイプルディープ,2.0,2.0,山本屋太,57.0,,8.0,7.0,園田,C2二,1:36.3,3.5,曇,5.0,4.0,園田,夢洲7ハロンC2二,1:34.1,0.8,晴,5.0,4.0,園田,C2三,1:34.9,1.1,晴,1.0,3.0,園田,英賀保7ハロンC3二,1:32.7,-0.1,晴,3.0,7.0,園田,柞田7ハロン3歳C2,1:34.2,0.7,曇,165.1,9.0,,nar,2026-10-08,55.18,67.0,49.7,69.6,23.0,55.5,56.2,園田実績 / 履歴少 / 安定感
202650100803,2026-10-08,3,ヤクジンミョウオウ,1.0,1.0,田野豊三,57.0,,,4.0,園田,C2二,,,曇,6.0,5.0,園田,C2二,1:22.2,1.1,雨,2.0,3.0,園田,C2二,1:21.6,0.9,晴,7.0,2.0,園田,C2二,0:52.7,1.5,晴,2.0,1.0,園田,C3,0:51.1,0.3,晴,52.7,8.0,,nar,2026-10-08,49.81,72.2,41.1,30.1,36.0,47.8,51.2,園田実績 / 履歴少
202647100803,2026-10-08,3,リコネクト,8.0,8.0,東川慎,55.0,,6.0,7.0,笠松,笠松マスターズ(C),1:34.3,2.4,晴,3.0,7.0,笠松,ゆうた&なな結婚記念(C),1:35.3,2.0,雨,4.0,7.0,笠松,C11組,1:34.0,2.3,晴,9.0,5.0,笠松,ヤクルトマーケティン(C),1:35.6,3.0,晴,5.0,5.0,笠松,C級セレクション,1:35.9,2.8,晴,128.5,6.0,,nar,2026-10-08,58.02,66.5,59.2,55.0,45.5,56.1,52.9,笠松実績 / 履歴少
202644100803,2026-10-08,3,ルビーポセイドン,2.0,2.0,吉井章,55.0,,2.0,3.0,大井,2歳 新馬,1:43.5,0.0,曇,,,,,,,,,,,,,,,,,,,,,,,,,,,,,2.6,2.0,,nar,2026-10-08,44.04,49.9,42.2,36.3,40.6,41.7,48.8,履歴少 / サンプル少
202647100803,2026-10-08,3,レッドインタクト,3.0,3.0,井口裕貴,54.0,,3.0,3.0,笠松,おうちゃん笠松競馬来(C),1:33.5,1.2,晴,8.0,3.0,笠松,春嵐特別(C),1:48.4,3.7,晴,1.0,2.0,笠松,薄氷賞(C),1:47.1,-0.8,晴,2.0,2.0,笠松,春雪特別(C),1:47.3,0.1,晴,1.0,2.0,笠松,ベスティアゼータ10(C),1:31.6,0.0,曇,17.8,4.0,,nar,2026-10-08,62.18,80.0,43.4,75.1,50.0,60.3,59.2,笠松実績 / クラス条件好転 / 履歴少 / 安定感
202644100804,2026-10-08,4,アボーイ,9.0,8.0,吉井章,55.0,,3.0,4.0,大井,2歳四 五,1:16.6,0.9,曇,3.0,4.0,大井,2歳 新馬,1:15.5,1.5,曇,,,,,,,,,,,,,,,,,,,,,,9.8,4.0,,nar,2026-10-08,55.24,64.2,49.4,48.4,45.5,58.6,59.5,大井実績 / 履歴少 / サンプル少
202650100804,2026-10-08,4,アラタマオーソ,6.0,6.0,廣瀬航,57.0,,10.0,6.0,園田,C3一,1:36.6,4.0,雨,2.0,7.0,園田,C3一,1:33.3,0.2,晴,5.0,5.0,園田,烏帽子7ハロンC3二,1:36.2,2.3,晴,7.0,10.0,園田,出雲7ハロンC3一,1:34.2,1.9,晴,12.0,9.0,園田,小部7ハロンC2二,1:35.5,2.1,曇,12.1,5.0,,nar,2026-10-08,49.77,53.7,51.1,44.7,29.0,61.3,50.5,前走人気以上 / 市場オッズ妙味
202630100804,2026-10-08,4,アルタティール,7.0,6.0,金山昇馬,57.0,,12.0,6.0,門別,3歳以上C4ー2,2:02.9,3.1,晴,5.0,6.0,門別,伊藤忠エネクスホーム(C4),1:59.8,1.7,曇,14.0,13.0,1函館8,3歳未勝利,2:02.8,1.4,曇,11.0,11.0,1函館6,3歳未勝利,2:41.4,2.1,晴,11.0,12.0,1新潟1,3歳未勝利,2:18.9,1.9,晴,20.2,7.0,,nar,2026-10-08,36.02,25.6,38.3,24.9,39.5,48.4,51.5,門別実績
202650100804,2026-10-08,4,イタリックタイプ,7.0,7.0,永井孝典,57.0,,8.0,6.0,園田,C3三,1:35.2,1.7,晴,10.0,8.0,園田,神代国衙7ハロンC3,1:35.9,2.7,雨,2.0,3.0,園田,C3三,1:34.5,0.3,曇,6.0,6.0,園田,C3二,1:35.0,1.4,曇,6.0,10.0,園田,C3二,1:34.2,0.9,曇,17.9,7.0,,nar,2026-10-08,46.3,53.5,46.5,19.8,38.0,59.8,48.5,市場オッズ妙味
202630100804,2026-10-08,4,ウィルアルター,4.0,4.0,松井伸也,57.0,,9.0,5.0,門別,3歳以上C4ー2,1:18.4,2.6,雨,8.0,4.0,門別,門別プロパンガス事業(C4),1:47.0,2.1,曇,9.0,2.0,門別,グランシャリオドリー(C4),1:53.2,1.8,晴,8.0,1.0,門別,ネモフィラ特別(C4),2:03.0,3.2,晴,1.0,1.0,門別,3歳以上C4ー3,1:53.7,-0.5,晴,22.6,9.0,,nar,2026-10-08,32.52,45.8,17.7,10.3,35.0,38.5,46.3,履歴少 / 市場オッズ妙味
202650100804,2026-10-08,4,ウルティマン,4.0,4.0,塩津璃菜,53.0,,7.0,5.0,園田,C3二,1:33.8,1.0,晴,5.0,7.0,園田,C3二,1:34.2,0.8,曇,5.0,6.0,園田,C3一,1:34.8,1.7,曇,10.0,5.0,園田,C3一,1:35.4,1.8,晴,7.0,4.0,園田,網干7ハロンC3一,1:33.5,1.9,晴,9.3,3.0,,nar,2026-10-08,49.81,55.6,43.3,44.7,48.5,54.9,49.6,履歴少
202647100804,2026-10-08,4,エターナルチーム,4.0,4.0,藤原幹生,55.0,,7.0,7.0,笠松,もういい。これからも(3歳),1:34.0,3.3,曇,5.0,8.0,笠松,好きです笠松競馬(3歳),1:37.2,4.1,雨,4.0,7.0,笠松,夏果特別(3歳),1:48.1,3.5,晴,8.0,8.0,笠松,3歳2組,1:35.9,4.8,晴,7.0,7.0,笠松,スイレン特別(3歳),1:37.3,5.8,晴,41.1,8.0,,nar,2026-10-08,54.96,59.6,59.4,44.7,44.0,60.2,49.6,履歴少 / 市場オッズ妙味
202644100804,2026-10-08,4,カミコ,4.0,4.0,福原杏,54.0,,5.0,11.0,大井,2歳四 五,1:17.0,1.3,曇,5.0,7.0,大井,2歳三 四,1:17.0,2.0,曇,9.0,8.0,大井,2歳三 四,1:33.1,3.3,曇,4.0,4.0,大井,2歳一 二,1:32.4,3.7,晴,11.0,9.0,大井,2歳一,1:32.0,3.7,曇,48.4,9.0,,nar,2026-10-08,61.06,57.9,63.4,69.9,63.5,59.5,52.9,大井実績 / 前走人気以上 / 履歴少 / 安定感
202650100804,2026-10-08,4,ガロ,2.0,2.0,竹村達也,55.0,,2.0,5.0,園田,C3三,1:35.5,1.0,晴,6.0,7.0,園田,C3二,1:36.1,0.5,雨,5.0,4.0,園田,C3三,1:35.7,1.0,晴,4.0,8.0,園田,C3二,1:34.8,1.1,晴,7.0,7.0,園田,C3四,1:37.3,3.8,晴,26.1,8.0,,nar,2026-10-08,65.08,72.8,60.8,64.7,71.0,60.9,52.9,園田実績 / 前走人気以上 / 履歴少 / 近走上向き
202647100804,2026-10-08,4,ギアセカンド,2.0,2.0,大原浩司,57.0,,5.0,1.0,笠松,C3組,1:32.6,1.1,晴,4.0,3.0,笠松,C3組,1:47.7,0.6,晴,5.0,5.0,園田,倭文高ダッシュC3二,0:52.9,0.7,曇,9.0,10.0,園田,C3一,0:52.3,1.1,曇,8.0,11.0,園田,越水町ダッシュC3一,0:52.8,1.2,曇,14.5,5.0,,nar,2026-10-08,58.64,62.8,42.9,75.1,59.0,60.7,61.5,笠松実績 / 履歴少 / 安定感 / 市場オッズ妙味
202644100804,2026-10-08,4,コードイレヴン,6.0,6.0,笹川翼,54.0,,7.0,6.0,大井,2歳二 三,1:18.2,3.3,雨,2.0,2.0,大井,2歳 新馬,1:15.3,1.3,曇,,,,,,,,,,,,,,,,,,,,,,16.1,6.0,,nar,2026-10-08,46.35,56.5,43.4,31.7,29.0,55.1,51.2,大井実績 / 履歴少 / サンプル少 / 市場オッズ妙味
202647100804,2026-10-08,4,ゴーレジェンド,6.0,6.0,塚本征吾,57.0,,2.0,3.0,笠松,祝36歳!午年あやか(3歳),1:33.0,0.4,雨,3.0,1.0,笠松,あーちゃんハタチにな(3歳),1:31.9,1.5,晴,1.0,1.0,笠松,佐々木英文生誕記念(3歳),1:30.6,-0.3,曇,2.0,2.0,笠松,瀬戸発☆TORAT2(3歳),1:32.1,0.6,曇,11.0,8.0,2阪神1,3歳未勝利,1:58.3,5.0,晴,2.1,1.0,,nar,2026-10-08,66.12,84.1,46.5,89.7,63.5,50.6,59.5,笠松実績 / 履歴少 / 安定感
202630100804,2026-10-08,4,シラカワゴウ,6.0,5.0,若杉朝飛,55.0,,11.0,10.0,門別,3歳以上C4ー2,1:18.8,3.2,曇,8.0,11.0,門別,グランシャリオドリー(C4),1:54.9,3.8,曇,8.0,8.0,門別,オニユリ特別(C4),2:02.1,2.9,晴,9.0,8.0,門別,ネモフィラ特別(C4),2:03.5,3.7,晴,10.0,10.0,門別,門別音頭祭り特別(C4),1:54.8,4.7,曇,226.2,12.0,,nar,2026-10-08,37.97,33.9,52.1,0.0,36.5,51.6,43.8,履歴少
202650100804,2026-10-08,4,シンプウコエド,1.0,1.0,山本咲希,57.0,,5.0,4.0,園田,C3二,1:34.7,1.6,曇,4.0,6.0,園田,C3一,1:34.4,1.6,晴,6.0,7.0,園田,C3一,1:34.5,2.2,曇,3.0,3.0,園田,C3二,1:35.5,0.5,晴,3.0,4.0,園田,C3三,1:34.2,0.8,晴,11.2,4.0,,nar,2026-10-08,62.17,72.4,53.5,80.2,44.0,62.2,54.5,園田実績 / 安定感
202644100804,2026-10-08,4,タリタ,8.0,7.0,西優哉,51.0,,7.0,2.0,大井,2歳二 三,1:36.4,5.9,雨,2.0,6.0,大井,2歳 新馬,1:16.9,0.2,曇,,,,,,,,,,,,,,,,,,,,,,16.7,7.0,,nar,2026-10-08,46.0,56.5,41.9,31.7,29.0,55.2,51.2,大井実績 / 履歴少 / サンプル少 / 市場オッズ妙味
202630100804,2026-10-08,4,ダノンアクション,2.0,2.0,小野楓馬,57.0,,10.0,7.0,門別,宮の沢白い恋人サッカ(C4),1:17.3,3.5,晴,11.0,3.0,門別,JAにいかっぷピーマ(C4),1:19.3,4.4,曇,14.0,7.0,1函館11,3歳未勝利,1:49.2,2.9,小雨,11.0,4.0,1中山9,3歳新馬,2:04.4,1.0,晴,,,,,,,,22.6,8.0,,nar,2026-10-08,23.66,18.3,8.5,0.0,62.0,31.3,46.5,総合評価
202647100804,2026-10-08,4,ツマミグイ,1.0,1.0,筒井勇介,57.0,,7.0,6.0,笠松,岐阜リオレーナ×笠松(3歳),1:46.3,2.0,曇,9.0,9.0,笠松,西日本3歳優駿(重賞),2:12.5,5.4,曇,1.0,5.0,笠松,晩夏特別(3歳),1:30.1,-0.9,晴,3.0,7.0,笠松,笠松オーナーズC(OP)(3歳),1:30.9,1.2,晴,2.0,5.0,笠松,好きです笠松競馬(3歳),1:31.8,1.0,晴,4.8,3.0,,nar,2026-10-08,56.34,66.3,59.7,44.7,30.5,63.2,55.9,笠松実績 / クラス条件好転 / 履歴少
202630100804,2026-10-08,4,ツムグ,3.0,3.0,渡辺準己,54.0,,4.0,7.0,門別,3歳以上C4ー2,1:03.6,0.3,晴,9.0,8.0,門別,3歳以上C4ー2,1:17.8,4.0,晴,4.0,8.0,門別,3歳以上C4ー2,1:16.5,1.3,曇,9.0,11.0,門別,富良野ホップ炭酸水賞(C4),1:17.4,1.8,晴,5.0,8.0,門別,3歳以上C4ー2,1:16.4,1.5,曇,60.6,10.0,,nar,2026-10-08,61.09,59.4,64.4,60.5,66.5,60.6,52.9,門別実績 / 前走人気以上 / 履歴少 / 近走上向き
202644100804,2026-10-08,4,ディアウェンディ,2.0,2.0,Ｆ．ゴン,55.0,,2.0,2.0,大井,2歳三,1:15.4,0.2,晴,7.0,3.0,大井,2歳 新馬,1:17.6,2.4,曇,,,,,,,,,,,,,,,,,,,,,,12.1,5.0,,nar,2026-10-08,49.62,58.7,38.6,34.7,62.0,51.5,51.2,大井実績 / 履歴少 / サンプル少 / 市場オッズ妙味
202644100804,2026-10-08,4,デストロイヤー,5.0,5.0,谷内貫太,54.0,,4.0,6.0,大井,2歳二 三,1:32.1,1.6,雨,7.0,8.0,大井,2歳三 四,1:31.2,1.0,曇,3.0,7.0,大井,2歳三 四,1:31.6,1.8,曇,4.0,5.0,大井,2歳三,1:16.6,1.4,晴,10.0,11.0,大井,2歳一,1:31.8,3.5,曇,47.5,8.0,,nar,2026-10-08,63.04,66.6,63.3,64.7,62.0,62.1,52.9,大井実績 / 履歴少 / 安定感 / 市場オッズ妙味
202647100804,2026-10-08,4,ドクターサクラ,3.0,3.0,赤津和希,55.0,,7.0,4.0,笠松,秋唐松賞(C),1:32.6,2.1,曇,,,笠松,C7組,,,雨,4.0,3.0,笠松,夢は叶う木下智史の決(C),1:31.9,0.5,晴,2.0,3.0,笠松,C10組,1:32.9,0.2,曇,9.0,6.0,笠松,C9組,1:35.0,1.2,晴,12.0,4.0,,nar,2026-10-08,48.27,63.9,38.1,34.3,38.0,53.1,51.2,笠松実績 / 履歴少 / 市場オッズ妙味
202630100804,2026-10-08,4,ハチキン,1.0,1.0,阿部龍,55.0,,7.0,3.0,門別,3歳以上C4ー2,1:17.7,1.9,雨,1.0,1.0,門別,3歳以上C4ー3,1:02.8,-0.6,晴,2.0,5.0,門別,3歳以上C4ー3,1:02.5,0.6,曇,6.0,3.0,門別,3歳以上C4ー3,1:04.5,1.5,晴,3.0,3.0,門別,DOスカイオンデマン(C4),1:17.2,0.7,雨,19.1,6.0,,nar,2026-10-08,54.95,76.3,42.6,55.0,26.0,59.6,52.9,門別実績 / 履歴少 / 市場オッズ妙味
202650100804,2026-10-08,4,ハワイアンセーラ,3.0,3.0,土方颯太,57.0,,5.0,10.0,園田,C3三,1:34.6,1.1,晴,9.0,9.0,園田,C3三,1:37.3,2.2,晴,8.0,7.0,園田,C3三,1:36.7,2.5,曇,7.0,10.0,園田,C3二,1:36.9,3.5,曇,7.0,8.0,園田,C3三,1:36.3,3.3,曇,56.3,9.0,,nar,2026-10-08,54.07,51.3,63.0,30.4,66.5,57.8,48.5,前走人気以上 / 近走上向き
202630100804,2026-10-08,4,パーフェクトパティ,11.0,8.0,藤田凌駕,54.0,,16.0,12.0,2中京7,3歳未勝利,2:02.1,6.9,曇,,,,,,,,,,,,,,,,,,,,,,,,,,,,,6.1,3.0,,nar,2026-10-08,34.96,29.6,34.5,29.6,40.6,36.2,48.8,履歴少 / サンプル少
202630100804,2026-10-08,4,ピンクシャウラ,10.0,7.0,亀井洋司,57.0,,6.0,10.0,門別,3歳以上C4ー2,1:17.1,1.3,雨,9.0,10.0,門別,3歳以上C4ー2,1:17.5,1.7,曇,12.0,9.0,門別,富良野ホップ炭酸水賞(C4),1:17.7,2.1,晴,6.0,7.0,門別,ホクレンパールライス(C4),1:17.0,1.7,雨,6.0,7.0,門別,3歳以上C3ー2C4,1:16.9,1.7,晴,73.5,11.0,,nar,2026-10-08,45.94,44.5,57.9,0.0,63.5,54.2,43.8,前走人気以上 / 履歴少
202650100804,2026-10-08,4,フィフスドア,5.0,5.0,杉浦健太,57.0,,4.0,3.0,園田,C3,1:54.5,1.6,晴,3.0,4.0,園田,C3一,1:33.2,0.4,雨,3.0,2.0,園田,C3二,1:34.3,0.9,曇,2.0,2.0,園田,C3三,1:33.2,0.3,晴,2.0,3.0,園田,C3四,1:34.2,0.7,晴,1.9,1.0,,nar,2026-10-08,65.4,83.6,49.0,100.0,41.0,52.7,59.5,園田実績 / 履歴少 / 安定感
202647100804,2026-10-08,4,フェスティヴフリー,7.0,7.0,高木健,57.0,,6.0,8.0,笠松,おうちゃん笠松競馬来(C),1:34.0,1.7,晴,8.0,10.0,笠松,C級セレクション,1:35.3,2.8,曇,2.0,2.0,笠松,ヤクルトマーケティン(C),1:33.6,1.0,晴,3.0,2.0,笠松,C級セレクション,1:35.2,2.1,晴,5.0,5.0,笠松,C13組,1:33.9,1.9,晴,21.6,6.0,,nar,2026-10-08,56.0,66.7,56.7,44.7,41.0,58.2,52.9,笠松実績 / 履歴少 / 市場オッズ妙味
202650100804,2026-10-08,4,フドウミョウオウ,10.0,8.0,吉村智洋,57.0,,3.0,7.0,園田,C3三,1:34.4,0.9,晴,9.0,4.0,園田,C3二,1:36.0,1.1,曇,4.0,7.0,園田,莇原8.5ハロンC3,1:58.7,1.7,曇,12.0,8.0,園田,C3一,0:52.4,1.9,曇,8.0,8.0,園田,C3二,1:34.1,1.5,晴,3.9,2.0,,nar,2026-10-08,55.98,55.8,49.9,50.2,81.5,54.5,49.6,前走人気以上 / 履歴少 / 近走上向き
202650100804,2026-10-08,4,ブラックアスラーダ,9.0,8.0,山本屋太,57.0,,9.0,9.0,園田,C3三,1:36.1,2.6,晴,7.0,6.0,園田,志知鈩7ハロンC3二,1:37.2,5.3,晴,8.0,4.0,園田,C3三,1:36.9,2.5,晴,8.0,6.0,園田,C3二,1:39.0,2.6,晴,5.0,5.0,園田,C3三,1:35.7,2.0,晴,62.0,10.0,,nar,2026-10-08,39.67,46.0,40.7,10.3,38.0,47.0,46.3,履歴少
202644100804,2026-10-08,4,ベイビーパーティー,1.0,1.0,本田正重,54.0,,2.0,5.0,大井,2歳四 五,1:16.3,0.6,曇,4.0,3.0,大井,2歳 新馬,1:31.0,1.5,曇,,,,,,,,,,,,,,,,,,,,,,7.7,2.0,,nar,2026-10-08,56.19,64.6,50.1,48.4,52.1,57.6,59.5,大井実績 / 前走人気以上 / 履歴少 / サンプル少
202630100804,2026-10-08,4,ボブノップスターン,9.0,7.0,落合玄太,57.0,,1.0,2.0,門別,3歳以上C4ー3,1:17.1,-1.2,晴,3.0,1.0,門別,3歳以上C4ー3,1:16.6,0.5,曇,8.0,3.0,門別,3歳以上C4ー3,1:17.7,3.3,晴,3.0,2.0,門別,3歳以上C4ー3,1:16.3,0.3,晴,,,,,,,,2.8,1.0,,nar,2026-10-08,61.46,80.6,39.6,69.9,72.0,48.7,55.3,門別実績 / 履歴少 / 近走上向き / 安定感
202647100804,2026-10-08,4,マチュ,8.0,8.0,深澤杏花,53.0,,5.0,6.0,笠松,3歳2組,1:33.8,2.7,晴,7.0,7.0,笠松,好きです笠松競馬(3歳),1:34.0,3.2,晴,9.0,9.0,笠松,落合宿特別(3歳),1:33.2,4.9,曇,8.0,8.0,笠松,土岐川特別(3歳),1:33.0,3.0,雨,7.0,7.0,笠松,花菖蒲特別(3歳),1:48.7,2.5,晴,24.3,7.0,,nar,2026-10-08,51.23,52.5,52.1,30.4,66.5,55.4,46.3,履歴少 / 近走上向き / 市場オッズ妙味
202630100804,2026-10-08,4,マリノマーベラス,5.0,5.0,岩橋勇二,55.0,,12.0,1.0,門別,3歳以上C4ー2,1:05.6,2.9,曇,9.0,13.0,2福島6,3歳未勝利,1:10.7,0.5,曇,14.0,16.0,1新潟1,3歳未勝利,1:25.1,1.5,晴,,,,,,,,,,,,,,,15.6,5.0,,nar,2026-10-08,29.65,16.8,31.8,0.0,47.0,47.7,50.0,前走人気以上 / 市場オッズ妙味
202647100804,2026-10-08,4,メイプルラブリー,5.0,5.0,加藤聡一,55.0,,1.0,2.0,笠松,大きく羽ばたけ!爽羽(3歳),1:32.0,-0.2,曇,3.0,3.0,笠松,20周年Honey☆(3歳),1:32.3,2.7,曇,2.0,2.0,笠松,佐々木英文生誕記念(3歳),1:30.9,0.3,曇,3.0,4.0,笠松,祝!〜加藤正退職記念(3歳),1:31.8,2.0,晴,5.0,6.0,笠松,3歳7組,0:50.3,1.1,曇,3.4,2.0,,nar,2026-10-08,71.36,88.8,53.9,100.0,63.5,57.2,59.5,笠松実績 / 履歴少 / 安定感
202650100804,2026-10-08,4,メリーゴーラウンド,8.0,7.0,小谷周平,57.0,,5.0,8.0,園田,不撓不屈ハンデスプリ(C3),1:22.6,0.3,雨,5.0,7.0,園田,C3一,0:52.1,1.0,晴,10.0,10.0,園田,守道7ハロンC3一,1:39.3,6.4,晴,11.0,11.0,園田,莇野7ハロンC3一,1:36.0,4.4,晴,9.0,10.0,園田,C3,1:22.8,2.4,晴,17.1,6.0,,nar,2026-10-08,57.34,49.8,60.6,55.3,72.5,61.2,49.6,前走人気以上 / 履歴少 / 近走上向き / 市場オッズ妙味
202644100804,2026-10-08,4,ラインホープ,3.0,3.0,藤本現暉,55.0,,2.0,1.0,大井,2歳 新馬,1:13.6,0.3,曇,,,,,,,,,,,,,,,,,,,,,,,,,,,,,1.6,1.0,,nar,2026-10-08,43.0,49.9,39.1,36.3,40.6,39.5,48.8,履歴少 / サンプル少
202630100804,2026-10-08,4,レヴァンターセ,8.0,6.0,桑村真明,57.0,,4.0,2.0,門別,3歳以上C4ー2,1:16.7,0.9,雨,2.0,10.0,門別,グランシャリオドリー(C4),1:15.9,0.5,晴,11.0,6.0,門別,グランシャリオドリー(C4),1:53.6,2.2,晴,5.0,4.0,門別,門別音頭祭り特別(C4),1:52.4,2.3,曇,7.0,5.0,門別,3歳以上C4ー2,1:16.4,1.4,晴,7.7,4.0,,nar,2026-10-08,59.64,65.3,50.3,69.9,63.5,57.4,52.5,門別実績 / 安定感
202630100804,2026-10-08,4,レーヌペスカ,12.0,8.0,小川悠汰,52.0,,3.0,6.0,門別,3歳以上C4ー2,1:16.1,0.3,雨,12.0,13.0,2札幌1,3歳未勝利,1:49.4,3.1,晴,8.0,14.0,1札幌4,3歳未勝利,1:48.0,2.2,晴,10.0,15.0,3阪神1,3歳未勝利,1:14.2,2.0,晴,10.0,12.0,2阪神6,3歳未勝利,1:27.0,1.8,晴,3.3,2.0,,nar,2026-10-08,58.32,44.2,73.0,30.4,92.0,63.3,48.8,前走人気以上 / 履歴少 / 人気以上に走る傾向 / 近走上向き
202644100804,2026-10-08,4,ロワゾドゥフ,10.0,8.0,和田譲治,54.0,,3.0,3.0,大井,つばめ特別競走(2歳),1:55.0,2.9,曇,4.0,3.0,大井,はやぶさ特別競走(2歳),1:46.3,3.0,雨,2.0,1.0,大井,2歳 新馬,1:47.2,0.4,雨,,,,,,,,,,,,,,,7.7,3.0,,nar,2026-10-08,63.24,83.4,45.8,75.1,50.0,56.5,59.5,大井実績 / 履歴少 / 安定感
202644100804,2026-10-08,4,ロヴァニエミ,7.0,7.0,櫻井光輔,55.0,,6.0,3.0,大井,2歳二 三,1:32.5,2.0,雨,1.0,9.0,大井,2歳五 六,1:15.3,-0.6,曇,9.0,10.0,大井,2歳三,1:19.2,4.0,晴,8.0,6.0,大井,2歳 新馬,1:35.8,6.2,晴,,,,,,,,48.9,10.0,,nar,2026-10-08,53.37,63.2,57.7,24.9,50.0,58.0,47.1,履歴少 / 市場オッズ妙味
202630100805,2026-10-08,5,イナンナ,5.0,5.0,宮内勇樹,55.0,,8.0,11.0,2新潟7,3歳未勝利,1:13.5,1.9,晴,10.0,12.0,3東京4,3歳未勝利,1:20.6,2.1,晴,,,,,,,,,,,,,,,,,,,,,,9.5,5.0,,nar,2026-10-08,44.84,38.2,55.3,18.0,52.1,54.1,48.8,前走人気以上 / 履歴少 / サンプル少
202647100805,2026-10-08,5,エイシンヤタガラス,8.0,7.0,明星晴大,57.0,,1.0,1.0,笠松,ヒガンバナ特別(B),1:30.5,-0.4,晴,1.0,1.0,笠松,B2組,1:30.9,0.0,晴,2.0,1.0,笠松,蛍火特別(B),1:43.9,0.9,晴,1.0,1.0,笠松,第1回みなと杯(B),1:30.3,-0.6,晴,2.0,1.0,笠松,B3組,1:47.1,0.1,晴,3.7,2.0,,nar,2026-10-08,70.73,97.6,47.9,100.0,53.0,54.3,59.5,笠松実績 / 履歴少 / 安定感
202644100805,2026-10-08,5,エキゾチックガール,4.0,3.0,本田正重,54.0,,5.0,9.0,大井,C2五 六七(C2六),1:29.8,0.9,雨,4.0,9.0,大井,C2六 七,1:42.9,0.7,曇,5.0,7.0,大井,はくちょう座特別競走(C2),1:29.4,2.4,曇,6.0,5.0,大井,U.S.ターキー賞(C2七),1:29.0,0.9,晴,5.0,7.0,大井,プルメリア特別競走(C2),1:43.4,1.7,晴,26.9,6.0,,nar,2026-10-08,67.01,68.8,70.4,85.4,50.0,64.1,56.2,大井実績 / 前走人気以上 / 履歴少 / 人気以上に走る傾向
202630100805,2026-10-08,5,エメラルファイン,7.0,6.0,小川悠汰,54.0,,9.0,6.0,門別,3歳以上C4ー2,1:18.4,2.8,曇,3.0,3.0,門別,3歳以上C4ー2,1:16.3,2.5,晴,9.0,4.0,門別,世界へ羽ばたけ!ひだ(C4),1:17.2,1.3,曇,3.0,4.0,門別,サマーセール平取産馬(C4),1:16.3,1.6,晴,13.0,13.0,2福島7,3歳未勝利,1:10.2,1.0,曇,24.2,6.0,,nar,2026-10-08,44.99,51.7,37.7,39.5,38.0,50.2,51.5,門別実績 / 市場オッズ妙味
202650100805,2026-10-08,5,オーシンエンジェル,2.0,2.0,土方颯太,57.0,,2.0,7.0,園田,豊能7ハロンC3一,1:32.1,0.2,晴,5.0,5.0,園田,松帆檪田7ハロンC3,1:33.8,1.3,雨,4.0,3.0,園田,御幣島7ハロンC3一,1:33.6,1.3,曇,3.0,6.0,園田,C3一,1:33.5,1.2,曇,4.0,4.0,園田,C3一,1:33.4,0.6,晴,6.5,4.0,,nar,2026-10-08,71.51,80.0,62.3,100.0,62.0,62.5,59.5,園田実績 / 前走人気以上 / 履歴少 / 安定感
202644100805,2026-10-08,5,カズピレウス,14.0,8.0,石川駿介,56.0,,6.0,9.0,大井,C2五 六七(C2六),1:46.5,2.7,雨,13.0,12.0,大井,こうま座特別競走(C2),1:59.7,3.6,雨,10.0,9.0,大井,ミッドサマー特別競走(C2),1:49.6,3.1,曇,11.0,10.0,大井,アメリカンピーナッツ(C2七),1:46.2,4.2,晴,12.0,7.0,大井,八ツ瀬川賞(C2四),1:46.8,3.4,曇,351.0,14.0,,nar,2026-10-08,41.0,28.9,48.6,0.0,83.0,47.7,46.0,クラス条件好転 / 前走人気以上 / 履歴少 / 近走上向き
202630100805,2026-10-08,5,カネショウラッシュ,11.0,8.0,亀井洋司,57.0,,6.0,9.0,門別,グランシャリオドリー(C4),1:16.3,1.0,晴,8.0,8.0,門別,グランシャリオドリー(C4),1:17.1,1.7,晴,3.0,3.0,門別,3歳以上C4ー2,1:15.8,0.6,曇,4.0,4.0,門別,3歳以上C4ー2,1:15.8,0.4,晴,5.0,5.0,門別,グランシャリオドリー(C4),1:16.1,1.2,雨,41.9,8.0,,nar,2026-10-08,55.47,63.9,56.4,44.7,44.0,58.2,52.5,門別実績 / 前走人気以上 / 市場オッズ妙味
202630100805,2026-10-08,5,ガヤーズベース,10.0,7.0,落合玄太,57.0,,6.0,6.0,3新潟3,3歳未勝利,1:14.0,1.2,曇,11.0,9.0,3東京5,3歳未勝利,1:25.8,1.7,小雨,9.0,14.0,2東京7,3歳未勝利,1:20.7,1.3,晴,13.0,9.0,2東京2,3歳未勝利,1:21.9,2.9,晴,16.0,7.0,2中山2,3歳未勝利,1:39.5,3.9,晴,4.9,3.0,,nar,2026-10-08,40.65,30.9,42.8,0.0,87.5,45.3,48.8,履歴少 / 近走上向き
202650100805,2026-10-08,5,ギャラン,8.0,7.0,塩津璃菜,53.0,,6.0,5.0,園田,C3,1:54.8,1.9,晴,6.0,6.0,園田,新月賞C3一,1:34.4,1.9,曇,3.0,9.0,園田,デュランタ賞C2,1:57.0,0.7,曇,9.0,10.0,園田,兵庫ジョッキーズ楽天(C2),1:23.6,1.4,曇,8.0,6.0,園田,C2一,1:23.0,2.3,曇,13.2,6.0,,nar,2026-10-08,52.16,59.6,55.7,19.8,53.0,60.8,48.5,市場オッズ妙味
202644100805,2026-10-08,5,クイーンアン,10.0,6.0,笹川翼,54.0,,1.0,2.0,大井,3歳八 九,1:44.4,-0.3,曇,14.0,7.0,2新潟3,3歳未勝利,2:02.6,1.9,曇,7.0,6.0,2東京5,3歳未勝利,2:27.6,1.5,晴,11.0,3.0,2中山4,3歳未勝利,1:59.9,2.0,晴,14.0,6.0,1中山6,3歳未勝利,2:01.9,1.2,晴,1.9,1.0,,nar,2026-10-08,43.7,43.6,24.6,30.4,100.0,36.3,48.8,履歴少 / 近走上向き
202644100805,2026-10-08,5,コンシール,7.0,5.0,高橋優,53.0,,11.0,13.0,大井,マーガレット特別競走(3歳二),1:15.5,2.7,晴,7.0,7.0,大井,つくし特別競走(3歳二),1:29.9,2.7,晴,6.0,7.0,大井,3歳一 二三(3歳二),1:30.2,1.8,曇,6.0,6.0,大井,内川賞(3歳二),1:30.0,1.8,晴,4.0,8.0,大井,鳶巣川賞(3歳二),1:15.5,1.9,晴,178.1,11.0,,nar,2026-10-08,43.29,47.5,58.5,10.3,18.5,56.1,46.3,履歴少
202644100805,2026-10-08,5,コーゲンマース,13.0,8.0,千田洋,56.0,,9.0,8.0,大井,C2五 六七(C2六),1:47.4,3.6,雨,13.0,14.0,大井,C2六 七,1:45.2,3.0,曇,10.0,12.0,大井,ミント・フラッペ賞(C2四),1:44.8,1.7,晴,9.0,11.0,大井,アメリカンピーナッツ(C2七),1:43.9,1.9,晴,5.0,5.0,大井,C2三 四五(C2四),1:45.1,2.0,曇,272.1,13.0,,nar,2026-10-08,40.93,29.8,54.4,10.3,51.5,53.5,46.3,履歴少
202647100805,2026-10-08,5,ゴールウェイガール,11.0,8.0,馬渕繁治,55.0,,7.0,7.0,笠松,秋嵐特別(A),1:45.7,1.8,曇,4.0,6.0,笠松,ささゆり特別(A),1:43.2,1.1,曇,9.0,8.0,笠松,風鈴特別(A),1:46.9,3.0,晴,2.0,12.0,笠松,撫子争覇(重賞),1:28.0,0.4,雨,7.0,6.0,笠松,神通川特別(A),1:45.4,2.4,晴,6.7,4.0,,nar,2026-10-08,55.15,60.7,61.6,39.5,41.0,62.6,49.6,履歴少
202630100805,2026-10-08,5,サイモンナイスラン,12.0,8.0,小野楓馬,57.0,,12.0,9.0,3新潟1,3歳未勝利,1:34.3,0.6,晴,5.0,10.0,2新潟2,3歳未勝利,1:35.4,0.2,雨,5.0,13.0,3東京6,3歳未勝利,1:36.0,0.9,曇,5.0,16.0,3東京2,3歳未勝利,1:35.0,0.5,曇,13.0,15.0,3中山2,3歳未勝利,1:50.1,2.2,晴,4.8,2.0,,nar,2026-10-08,54.72,44.4,76.1,59.3,20.0,69.0,48.8,履歴少 / 人気以上に走る傾向 / 過小評価傾向
202630100805,2026-10-08,5,サンタカリス,4.0,4.0,桑村真明,55.0,,2.0,2.0,門別,3歳以上C4ー2,1:15.8,0.2,曇,2.0,3.0,門別,日本軽種馬青年部連絡(C4),1:16.5,0.4,晴,13.0,11.0,2小倉6,3歳未勝利,1:50.6,3.3,晴,11.0,15.0,3阪神2,3歳未勝利,1:48.0,1.0,雨,14.0,11.0,3京都9,3歳未勝利,2:16.8,2.5,曇,2.1,1.0,,nar,2026-10-08,59.29,54.6,50.9,55.3,98.0,53.2,59.5,門別実績 / 近走上向き
202647100805,2026-10-08,5,シャドウアイル,9.0,7.0,高木健,57.0,,4.0,6.0,笠松,月桂冠特別(A),1:29.5,1.0,曇,1.0,7.0,笠松,アサガオ特別(B),1:30.9,-0.1,晴,7.0,4.0,笠松,揖斐川特別(A),1:33.0,3.9,雨,4.0,5.0,笠松,飛騨川特別(A),2:00.5,0.6,晴,2.0,4.0,笠松,岐阜城特別(AB),1:30.7,0.1,晴,26.0,8.0,,nar,2026-10-08,66.72,78.9,63.0,80.2,47.0,61.5,56.2,笠松実績 / 履歴少 / 安定感 / 市場オッズ妙味
202644100805,2026-10-08,5,シンティリオ,11.0,7.0,吉井章,56.0,,9.0,2.0,大井,C2五 六七(C2六),1:31.4,2.5,雨,2.0,2.0,大井,C2四 五六(C2五),1:44.2,0.0,晴,3.0,2.0,大井,C2七 八九(C2八),1:44.0,0.4,雨,3.0,3.0,大井,C2六 七,1:43.6,0.7,晴,1.0,2.0,大井,C212 1314(C213),1:44.5,-0.5,曇,22.7,5.0,,nar,2026-10-08,51.08,73.1,34.4,69.6,9.5,51.8,56.2,大井実績 / 履歴少 / 安定感 / 市場オッズ妙味
202650100805,2026-10-08,5,スエヒロイナズマ,3.0,3.0,田野豊三,55.0,,8.0,10.0,園田,C3一,1:35.3,2.7,雨,5.0,7.0,園田,C2四,1:35.5,2.1,曇,7.0,8.0,園田,C2四,1:37.4,2.8,晴,8.0,6.0,園田,C2四,1:34.4,2.5,晴,1.0,2.0,園田,C3二,1:35.7,-0.1,晴,89.9,10.0,,nar,2026-10-08,50.87,57.3,57.8,35.3,33.5,55.2,49.6,履歴少
202630100805,2026-10-08,5,スズオリーブ,1.0,1.0,藤田凌駕,54.0,,8.0,10.0,門別,グランシャリオドリー(C4),1:16.5,1.2,晴,7.0,10.0,門別,3歳以上C4ー2,1:17.3,3.5,晴,8.0,9.0,門別,日高建設協会賞(C4),1:16.7,1.5,曇,10.0,9.0,門別,3歳以上C4ー2,1:03.7,1.9,晴,10.0,9.0,門別,3歳以上C4ー2,1:03.7,1.4,雨,167.0,11.0,,nar,2026-10-08,44.73,42.0,59.1,0.0,54.5,54.2,46.5,総合評価
202647100805,2026-10-08,5,スタンレー,5.0,5.0,藤原幹生,57.0,,7.0,7.0,笠松,金風特別(A),1:31.0,2.2,曇,8.0,4.0,笠松,木曽川特別(A),1:33.0,5.1,雨,6.0,7.0,笠松,飛騨OP(A),2:08.3,1.7,晴,6.0,8.0,笠松,小栗孝一M(A),1:30.1,1.2,曇,4.0,6.0,笠松,岐阜OP(A),1:59.9,1.4,晴,38.7,10.0,,nar,2026-10-08,45.86,55.2,47.9,10.3,44.0,55.4,46.3,履歴少 / 市場オッズ妙味
202644100805,2026-10-08,5,ストライドスター,8.0,5.0,谷内貫太,53.0,,1.0,1.0,大井,C2六 七八(C2七),1:43.0,-0.1,曇,2.0,4.0,大井,C2六 七八(C2七),1:42.0,0.0,晴,,,大井,C2八 九十(C2九),,,晴,3.0,4.0,大井,C2十 11,1:44.3,1.5,晴,3.0,5.0,大井,C215 1617(C216),1:44.4,0.8,雨,9.0,4.0,,nar,2026-10-08,71.35,92.5,57.4,80.2,60.0,63.4,59.5,大井実績 / 履歴少 / 安定感
202630100805,2026-10-08,5,セイウンサクラサケ,2.0,2.0,黒澤愛斗,55.0,,11.0,11.0,門別,グランシャリオドリー(C4),1:18.8,3.5,晴,11.0,11.0,門別,グランシャリオドリー(C4),1:19.5,4.1,晴,10.0,10.0,門別,3歳以上C4ー2,1:18.3,3.1,曇,11.0,12.0,門別,富良野ホップ炭酸水賞(C4),1:17.7,2.1,晴,10.0,8.0,門別,グランシャリオドリー(C4),1:19.7,4.8,雨,314.2,12.0,,nar,2026-10-08,35.5,22.4,49.6,0.0,47.0,50.3,46.5,総合評価
202630100805,2026-10-08,5,タイガーハート,6.0,5.0,渡辺準己,54.0,,5.0,11.0,門別,3歳以上C4ー2,1:16.6,1.0,曇,9.0,9.0,門別,日本軽種馬青年部連絡(C4),1:17.3,1.2,晴,7.0,7.0,門別,3歳以上C4ー2,1:16.9,1.7,曇,10.0,11.0,門別,3歳以上C4ー2,1:17.2,1.8,晴,12.0,12.0,門別,3歳以上C4ー2,1:17.4,2.8,晴,134.0,10.0,,nar,2026-10-08,53.35,45.2,63.8,30.4,77.0,56.1,46.3,前走人気以上 / 履歴少 / 近走上向き
202644100805,2026-10-08,5,タイセイディエティ,2.0,2.0,野畑凌,54.0,,9.0,14.0,大井,3歳一 二三(3歳二),1:15.6,1.2,曇,8.0,12.0,大井,3歳一 二三(3歳二),1:15.2,2.0,曇,13.0,11.0,大井,3歳一 二三(3歳二),1:15.1,2.1,曇,,,大井,3歳一 二三(3歳二),,,曇,2.0,4.0,大井,3歳四 五六(3歳五),1:15.4,0.8,曇,120.5,9.0,,nar,2026-10-08,46.28,37.7,69.1,10.3,42.0,58.2,47.1,前走人気以上 / 履歴少 / 人気以上に走る傾向
202644100805,2026-10-08,5,ダノンアルプス,6.0,4.0,安藤洋一,56.0,,11.0,1.0,大井,C2二 三四(C2三),1:45.7,1.9,晴,1.0,1.0,大井,C2七 八九(C2八),1:44.0,-0.1,晴,1.0,1.0,大井,C2十 1112(C211),1:42.7,-0.2,晴,1.0,1.0,大井,C213 1415(C214),1:43.9,-1.3,晴,1.0,1.0,大井,C211 1213(C212),1:42.8,-1.0,晴,3.2,2.0,,nar,2026-10-08,48.84,75.7,28.7,69.6,0.0,48.5,56.2,大井実績 / 履歴少 / 安定感
202650100805,2026-10-08,5,デルマサターン,9.0,8.0,竹村達也,57.0,,3.0,1.0,園田,C2一,1:33.2,0.9,晴,1.0,1.0,園田,C2二,1:34.1,0.0,晴,1.0,1.0,姫路,C3二,1:36.9,-0.2,雨,1.0,1.0,園田,C2二,1:32.8,-0.5,曇,2.0,4.0,園田,C2一,1:32.9,0.0,晴,2.7,1.0,,nar,2026-10-08,68.01,94.3,47.2,100.0,39.5,54.2,59.5,園田実績 / 履歴少 / 安定感
202650100805,2026-10-08,5,ドゥーエニシング,10.0,8.0,井上幹太,57.0,,2.0,1.0,園田,郡津7ハロンC3二,1:33.4,0.1,雨,2.0,2.0,園田,御幣島7ハロンC3一,1:32.5,0.2,曇,8.0,6.0,園田,C2一,1:33.9,2.0,曇,9.0,9.0,園田,C2一,1:33.9,1.9,晴,9.0,6.0,園田,C2一,1:33.0,1.4,曇,2.9,2.0,,nar,2026-10-08,57.79,68.6,42.9,55.3,80.0,50.6,49.6,履歴少 / 近走上向き
202630100805,2026-10-08,5,ニシノランペイジ,8.0,6.0,金山昇馬,57.0,,5.0,1.0,門別,グランシャリオドリー(C4),1:16.0,0.7,晴,3.0,3.0,金沢,加賀山代賞(3歳),1:38.3,0.9,晴,8.0,6.0,3東京2,3歳未勝利,1:20.5,2.2,曇,5.0,10.0,2東京7,3歳未勝利,1:20.2,0.8,晴,8.0,14.0,1中京1,3歳未勝利,1:14.9,1.7,晴,7.4,4.0,,nar,2026-10-08,58.33,64.8,48.2,69.9,56.0,61.8,48.8,履歴少 / 安定感
202647100805,2026-10-08,5,ビナホイアン,7.0,6.0,細川智史,57.0,,8.0,4.0,笠松,月桂冠特別(A),1:30.5,2.0,曇,1.0,5.0,笠松,処暑特別(B),1:30.6,0.0,晴,2.0,4.0,笠松,蛍光特別(B),1:30.2,0.4,晴,8.0,5.0,笠松,ヒルガオ特別(B),1:47.3,2.9,晴,3.0,5.0,笠松,ひこぼし特別(B),1:31.4,1.1,曇,27.7,9.0,,nar,2026-10-08,54.57,71.6,49.6,55.0,23.0,56.9,52.9,笠松実績 / 履歴少 / 市場オッズ妙味
202650100805,2026-10-08,5,フィーロ,1.0,1.0,松木大地,57.0,,7.0,9.0,園田,C3一,1:33.8,2.8,曇,8.0,10.0,園田,松帆檪田7ハロンC3,1:35.1,2.6,雨,8.0,8.0,園田,夢洲7ハロンC2二,1:35.6,2.3,晴,6.0,7.0,園田,C2四,1:35.4,0.8,晴,6.0,9.0,園田,古森7ハロンC2二,1:34.1,2.5,曇,72.4,9.0,,nar,2026-10-08,47.22,50.4,60.9,0.0,50.0,57.8,43.8,履歴少
202644100805,2026-10-08,5,ブイスリー,9.0,6.0,西優哉,53.0,,11.0,10.0,大井,3歳一 二三(3歳二),1:16.1,1.7,曇,12.0,10.0,大井,3歳一 二三(3歳二),1:15.4,2.2,曇,12.0,8.0,大井,3歳一 二三(3歳二),1:15.1,2.1,曇,,,大井,3歳一 二三(3歳二),,,曇,3.0,7.0,大井,3歳四 五六(3歳五),1:14.5,0.7,曇,67.5,7.0,,nar,2026-10-08,33.57,23.6,40.3,10.3,38.0,48.5,47.1,履歴少
202630100805,2026-10-08,5,ヘリオポリス,3.0,3.0,松井伸也,57.0,,7.0,5.0,門別,3歳以上C4ー2,1:17.5,1.9,曇,8.0,14.0,1札幌5,3歳未勝利,1:49.5,3.3,小雨,8.0,11.0,1札幌4,3歳未勝利,1:48.6,2.8,晴,13.0,14.0,3京都11,3歳未勝利,1:28.4,3.4,晴,,,,,,,,28.6,7.0,,nar,2026-10-08,47.24,40.2,62.7,0.0,66.0,58.2,48.8,履歴少 / 近走上向き
202647100805,2026-10-08,5,ホームランバッター,1.0,1.0,加藤聡一,57.0,,2.0,2.0,笠松,ネット投票は楽天競馬(AB),1:30.2,0.0,晴,4.0,4.0,笠松,コスモス特別(A),1:31.6,1.4,曇,4.0,2.0,笠松,爽籟特別(A),1:31.5,1.6,曇,3.0,5.0,笠松,蛍火特別(B),1:44.3,1.3,晴,4.0,2.0,笠松,アサガオ特別(B),1:31.3,0.4,晴,5.9,3.0,,nar,2026-10-08,67.83,82.0,47.8,100.0,60.5,56.3,62.5,笠松実績 / クラス条件好転 / 履歴少 / 安定感
202647100805,2026-10-08,5,ホーリーホック,2.0,2.0,筒井勇介,55.0,,1.0,1.0,笠松,B級サバイバル,1:30.7,-0.2,晴,,,笠松,ひつじ雲特別(B),,0.0,雨,9.0,7.0,笠松,蛍火特別(B),1:45.8,2.8,晴,6.0,4.0,笠松,アサガオ特別(B),1:32.7,1.8,晴,9.0,2.0,笠松,おりひめ特別(B),1:47.9,3.3,曇,15.0,6.0,,nar,2026-10-08,54.14,66.6,36.9,30.4,92.0,49.7,50.1,クラス条件好転 / 履歴少 / 近走上向き / 市場オッズ妙味
202650100805,2026-10-08,5,ミトロージア,6.0,6.0,山本咲希,55.0,,6.0,7.0,園田,C3一,1:33.7,2.7,曇,7.0,9.0,園田,倭文委文7ハロンC2,1:33.9,2.2,晴,9.0,10.0,園田,芝田7ハロンC2二,1:35.9,3.0,曇,6.0,8.0,園田,C2二,1:34.2,1.9,晴,5.0,11.0,園田,C2三,1:34.2,0.8,晴,31.2,8.0,,nar,2026-10-08,51.52,54.1,63.4,10.3,54.5,62.5,46.3,履歴少 / 市場オッズ妙味
202650100805,2026-10-08,5,ミルトコルサ,4.0,4.0,,,,3.0,5.0,園田,自然田7ハロンC3一,1:33.0,0.3,晴,10.0,12.0,園田,C2一,1:34.3,2.3,雨,7.0,7.0,園田,C2一,1:36.1,3.7,晴,8.0,10.0,園田,C2一,1:32.9,1.0,晴,9.0,8.0,園田,C1,1:32.9,3.1,雨,,,,nar,2026-10-08,55.15,52.9,59.1,30.4,83.0,55.0,48.5,近走上向き
202647100805,2026-10-08,5,ムーンウォーリア,3.0,3.0,渡辺竜也,57.0,,12.0,10.0,名古屋,秋の鞍(重賞),1:39.1,5.0,晴,14.0,14.0,3中京2,有松特別(2勝クラス),1:35.2,2.5,晴,2.0,11.0,盛岡,オパールC(重賞),1:46.1,0.4,小雨,8.0,6.0,金沢,兼六園スプリント(重賞),1:41.1,3.6,雨,18.0,16.0,3阪神2,3歳以上1勝クラス,1:22.8,2.3,雨,3.4,1.0,,nar,2026-10-08,40.97,28.2,54.7,19.8,41.0,53.3,51.8,クラス条件好転 / 履歴少
202650100805,2026-10-08,5,メタルメタリカ,7.0,7.0,高畑皓一,57.0,,3.0,9.0,園田,C3二,1:33.0,0.2,晴,3.0,5.0,園田,C3三,1:34.0,0.5,曇,7.0,7.0,園田,C3,1:23.3,1.3,晴,5.0,8.0,園田,C3一,1:23.0,0.5,晴,5.0,8.0,園田,C3二,1:35.0,0.9,晴,15.1,7.0,,nar,2026-10-08,70.37,73.7,71.5,80.2,62.0,70.7,56.2,園田実績 / 前走人気以上 / 履歴少 / 人気以上に走る傾向
202644100805,2026-10-08,5,モナミ,3.0,3.0,和田譲治,54.0,,1.0,2.0,大井,ビジュー賞(C2),1:43.6,-0.2,晴,3.0,2.0,大井,C2五 六七(C2六),1:29.2,0.6,晴,2.0,2.0,大井,C2八 九十(C2九),1:44.7,0.5,晴,6.0,7.0,大井,烏山川賞(C2),1:44.0,1.0,晴,3.0,5.0,大井,C212 1314(C213),1:44.5,1.4,晴,6.1,3.0,,nar,2026-10-08,69.05,86.9,52.9,85.4,65.0,59.6,56.2,大井実績 / 履歴少 / 近走上向き / 安定感
202644100805,2026-10-08,5,ユーロハートビート,12.0,7.0,中村尚平,56.0,,6.0,6.0,大井,3歳一 二三(3歳二),1:44.2,3.3,曇,7.0,8.0,大井,3歳一 二三(3歳二),1:44.4,0.7,曇,6.0,6.0,大井,3歳一 二三(3歳二),1:45.5,2.3,曇,8.0,9.0,大井,3歳一 二三(3歳二),1:45.5,1.9,晴,4.0,6.0,大井,サルビア特別競走(3歳),1:51.2,1.8,晴,146.5,10.0,,nar,2026-10-08,48.84,57.3,54.2,10.3,51.5,55.2,46.3,履歴少
202650100805,2026-10-08,5,リビングラヴ,5.0,5.0,渡瀬和幸,55.0,,2.0,2.0,園田,C3二,1:35.0,0.9,晴,7.0,5.0,園田,C2二,1:34.4,3.0,曇,9.0,6.0,園田,C2二,0:52.7,1.5,晴,8.0,3.0,園田,C2二,1:34.0,2.3,晴,13.0,16.0,3京都6,3歳未勝利,1:13.8,1.5,晴,5.3,3.0,,nar,2026-10-08,51.7,54.9,39.4,30.4,93.5,50.8,49.0,近走上向き
202647100805,2026-10-08,5,リュクスレオン,6.0,6.0,望月洵輝,57.0,,1.0,8.0,笠松,ネット投票は楽天競馬(AB),1:30.2,0.0,晴,9.0,2.0,笠松,紅葉月特別(AB),1:35.5,3.3,雨,9.0,9.0,川崎,法師蝉特別(B3二),1:49.7,4.9,晴,11.0,10.0,川崎,夏草特別(B3二),1:46.7,2.1,曇,11.0,11.0,川崎,半夏生特別(B3二),1:51.9,6.1,雨,8.2,5.0,,nar,2026-10-08,55.73,51.5,51.7,30.4,100.0,56.1,54.2,笠松実績 / クラス条件好転 / 前走人気以上 / 履歴少
202647100805,2026-10-08,5,レッドサラマンダー,4.0,4.0,塚本征吾,57.0,,5.0,12.0,名古屋,白露特別(A),1:30.1,1.6,曇,9.0,11.0,名古屋,初秋特別(A),1:39.9,4.1,雨,8.0,9.0,名古屋,立秋特別(A),1:38.1,3.2,晴,10.0,10.0,名古屋,土用特別(A),1:53.0,3.0,晴,9.0,8.0,高知,C2ー5,1:35.1,4.9,曇,16.4,7.0,,nar,2026-10-08,55.46,46.1,69.0,30.4,74.0,61.2,48.8,前走人気以上 / 履歴少 / 人気以上に走る傾向 / 近走上向き
202647100805,2026-10-08,5,レッドブロンクス,10.0,8.0,向山牧,57.0,,10.0,10.0,笠松,秋彼岸特別(A),1:45.0,2.9,曇,9.0,9.0,笠松,金風特別(A),1:32.5,3.7,曇,5.0,8.0,笠松,ひまわり特別(A),1:32.2,2.3,晴,6.0,7.0,笠松,夏空特別(A),2:01.5,3.5,晴,12.0,12.0,園田,奈良県産はちみつ特別(A2),1:21.7,2.5,雨,79.9,11.0,,nar,2026-10-08,43.83,40.9,55.2,19.8,38.0,53.5,47.1,履歴少
202630100805,2026-10-08,5,レレリオーナ,9.0,7.0,坂下秀樹,55.0,,10.0,9.0,門別,3歳以上C4ー2,1:06.3,3.0,晴,11.0,8.0,門別,3歳以上C4ー2,1:04.4,2.1,曇,8.0,3.0,門別,アルーダ日高西部賞(C4),1:03.7,1.3,晴,12.0,15.0,2福島7,3歳未勝利,1:10.2,1.0,曇,11.0,15.0,1福島4,3歳未勝利,1:10.1,1.7,晴,69.5,9.0,,nar,2026-10-08,35.25,26.0,41.7,0.0,53.0,49.6,46.5,前走人気以上
202644100805,2026-10-08,5,ロイヤルカラット,5.0,4.0,達城龍次,56.0,,9.0,9.0,大井,C2二 三四(C2三),1:45.4,1.6,晴,4.0,10.0,大井,C2三 四五(C2四),1:43.3,0.8,曇,7.0,8.0,大井,メリッサ特別競走(C2四),1:14.7,2.0,晴,8.0,8.0,大井,クレイジーソルト賞(C2七),1:15.0,1.2,晴,9.0,8.0,大井,C2三 四五(C2四),1:46.4,3.3,曇,199.9,12.0,,nar,2026-10-08,48.85,50.3,61.1,24.9,38.0,56.5,46.3,履歴少
202644100805,2026-10-08,5,ヴァルディ,1.0,1.0,櫻井光輔,54.0,,9.0,11.0,大井,3歳一 二三(3歳二),1:29.5,2.2,曇,6.0,7.0,大井,3歳 選抜牝馬,1:29.1,1.2,雨,6.0,15.0,大井,3歳一 二三(3歳二),1:14.3,1.3,曇,,,大井,3歳一 二三(3歳二),,,晴,5.0,8.0,大井,つくし特別競走(3歳二),1:29.3,2.1,晴,89.0,8.0,,nar,2026-10-08,51.1,52.4,74.1,10.3,30.0,64.8,47.1,履歴少 / 人気以上に走る傾向
202650100806,2026-10-08,6,アモーレサンライズ,10.0,7.0,佐々木世,53.0,,9.0,3.0,園田,有家7ハロンC3二,1:36.6,2.2,晴,6.0,4.0,園田,介良7ハロンC3一,1:35.4,2.1,曇,7.0,6.0,園田,C2一,1:36.6,4.3,晴,4.0,4.0,園田,C2二,1:33.6,1.0,曇,6.0,2.0,姫路,C2一,1:35.7,1.4,晴,8.2,4.0,,nar,2026-10-08,38.92,53.5,29.5,14.6,30.5,48.3,47.1,履歴少
202650100806,2026-10-08,6,エイラク,3.0,3.0,塩津璃菜,51.0,,2.0,4.0,園田,かつみさゆり☆来場記(C3),0:51.0,0.4,晴,11.0,11.0,園田,C2一,0:52.0,2.0,晴,4.0,2.0,園田,C2二,0:51.6,0.2,晴,6.0,4.0,園田,C2一,0:52.1,0.5,晴,5.0,6.0,園田,C2一,0:50.5,0.4,晴,3.1,1.0,,nar,2026-10-08,59.26,63.7,50.2,60.5,77.0,54.2,52.9,園田実績 / 履歴少 / 近走上向き / 安定感
202650100806,2026-10-08,6,エルミラージュ,5.0,5.0,南部楓馬,54.0,,5.0,3.0,園田,C3,0:51.7,1.2,曇,2.0,3.0,園田,C3,0:51.7,0.5,曇,4.0,8.0,園田,C3一,0:52.0,0.1,曇,6.0,5.0,園田,C3一,1:33.8,1.5,晴,10.0,6.0,園田,C3二,1:34.9,2.3,晴,8.4,5.0,,nar,2026-10-08,60.2,70.3,49.1,75.1,53.0,57.8,52.9,園田実績 / 履歴少 / 安定感
202644100806,2026-10-08,6,オアシスアラン,9.0,6.0,石川倭,56.0,,2.0,1.0,名古屋,名古屋CCラズベリー(3歳),1:35.4,0.1,晴,3.0,4.0,3阪神6,3歳未勝利,1:25.2,0.8,晴,5.0,7.0,3阪神4,3歳未勝利,1:26.7,1.3,曇,7.0,6.0,3京都3,3歳未勝利,1:12.8,1.3,晴,6.0,13.0,2阪神5,3歳未勝利,1:24.8,1.6,晴,1.5,1.0,,nar,2026-10-08,65.05,76.1,56.4,75.1,69.5,56.9,48.8,履歴少 / 近走上向き / 安定感
202650100806,2026-10-08,6,オオイシシャクナゲ,4.0,4.0,廣瀬航,57.0,,2.0,5.0,園田,C3,0:51.0,0.5,曇,3.0,8.0,園田,浪速スプリントC3,1:21.7,0.4,曇,9.0,9.0,園田,平城山スプリントC3,1:24.5,1.9,晴,10.0,7.0,園田,C3一,0:52.2,1.1,晴,3.0,6.0,園田,3歳C2,0:52.0,0.4,晴,5.8,2.0,,nar,2026-10-08,65.67,68.8,64.2,65.7,75.5,62.7,52.9,園田実績 / 前走人気以上 / 履歴少 / 近走上向き
202644100806,2026-10-08,6,オオサキサンダー,5.0,4.0,遠藤健太,56.0,,9.0,12.0,大井,C2五 六七(C2六),1:17.5,2.5,雨,9.0,12.0,大井,笠間モンブラン賞(C2),1:14.7,1.2,曇,9.0,12.0,大井,メリッサ特別競走(C2四),1:15.0,2.3,晴,9.0,9.0,大井,クレイジーソルト賞(C2七),1:15.1,1.3,晴,12.0,12.0,大井,C2三 四五(C2四),1:16.0,1.9,曇,297.1,13.0,,nar,2026-10-08,44.04,33.5,65.8,0.0,54.5,56.8,43.8,前走人気以上 / 履歴少 / 人気以上に走る傾向
202650100806,2026-10-08,6,オーサムサンライズ,7.0,6.0,井上幹太,55.0,,4.0,3.0,園田,C3,0:51.9,0.2,曇,3.0,3.0,園田,C3一,0:51.7,0.6,晴,2.0,2.0,園田,C3,0:52.5,1.1,晴,3.0,3.0,園田,C3二,0:51.3,0.2,晴,5.0,4.0,園田,C3,0:52.1,0.6,晴,9.2,6.0,,nar,2026-10-08,65.38,81.5,47.1,100.0,45.5,58.1,56.4,園田実績 / 安定感
202650100806,2026-10-08,6,キャスパインパクト,11.0,8.0,大山真吾,57.0,,6.0,5.0,園田,不撓不屈ハンデスプリ(C3),1:23.1,0.8,雨,7.0,11.0,園田,C3,0:52.7,1.3,雨,7.0,4.0,園田,C3二,0:53.9,2.0,曇,5.0,3.0,園田,C3二,0:52.2,0.7,曇,4.0,10.0,園田,C3二,0:51.6,0.5,晴,20.5,8.0,,nar,2026-10-08,51.19,59.2,53.0,24.9,48.5,57.3,50.5,前走人気以上 / 市場オッズ妙味
202650100806,2026-10-08,6,クリノコウテイ,12.0,8.0,山本屋太,57.0,,8.0,4.0,園田,C3,0:52.7,1.0,曇,2.0,2.0,園田,C3二,0:51.6,0.2,晴,10.0,7.0,園田,C3,0:52.6,1.3,曇,6.0,6.0,園田,海内スプリントC3,1:22.1,2.3,晴,6.0,5.0,園田,C3二,1:33.4,2.1,雨,11.5,7.0,,nar,2026-10-08,44.46,56.8,36.6,24.9,38.0,52.6,48.5,総合評価
202644100806,2026-10-08,6,クルーミーズクライ,4.0,3.0,安藤洋一,56.0,,8.0,11.0,大井,こうま座特別競走(C2),1:57.8,1.7,雨,9.0,11.0,大井,ミント・フラッペ賞(C2四),1:44.8,1.7,晴,10.0,6.0,大井,アメリカンピーナッツ(C2七),1:45.4,3.4,晴,4.0,8.0,大井,文の京賞(C1),1:44.0,0.5,晴,8.0,11.0,大井,C1六 七,1:14.0,1.4,曇,31.5,5.0,,nar,2026-10-08,47.05,43.5,60.6,14.6,48.5,58.0,46.3,前走人気以上 / 履歴少 / 市場オッズ妙味
202644100806,2026-10-08,6,コイゴロモ,8.0,5.0,千田洋,54.0,,1.0,2.0,大井,C2八 九,1:14.7,-0.3,晴,3.0,2.0,大井,晩夏賞(C2九),1:14.6,0.7,曇,2.0,4.0,大井,C2九 十,1:13.7,0.3,雨,11.0,9.0,大井,烏山川賞(C2),1:45.2,2.2,晴,9.0,6.0,大井,C2九 十11(C2十),1:17.5,3.8,晴,18.0,4.0,,nar,2026-10-08,65.58,76.1,48.9,75.1,81.5,60.3,52.9,大井実績 / 履歴少 / 近走上向き / 安定感
202644100806,2026-10-08,6,コウソクユノ,1.0,1.0,東原悠善,54.0,,7.0,9.0,2札幌1,3歳未勝利,1:48.0,1.7,晴,10.0,6.0,1函館11,3歳未勝利,1:47.8,1.5,小雨,6.0,3.0,1函館5,3歳未勝利,1:45.2,1.0,晴,4.0,3.0,1函館1,3歳未勝利,1:46.3,0.9,雨,3.0,4.0,3中山5,3歳未勝利,1:55.3,2.0,晴,8.8,3.0,,nar,2026-10-08,46.12,54.4,42.8,24.9,42.5,53.7,50.0,総合評価
202650100806,2026-10-08,6,サティンボディス,1.0,1.0,長尾翼玖,55.0,,6.0,10.0,園田,不撓不屈ファイナルス(C3),1:21.7,0.7,曇,9.0,11.0,園田,C2二,1:22.4,1.3,雨,6.0,11.0,園田,杉井流スプリントC2,1:23.6,1.1,曇,7.0,9.0,園田,C2三,1:33.4,1.2,晴,8.0,9.0,園田,西徳久7ハロンC2二,1:34.1,2.0,晴,26.6,9.0,,nar,2026-10-08,51.93,51.2,71.7,0.0,59.0,63.8,43.8,前走人気以上 / 履歴少 / 人気以上に走る傾向 / 市場オッズ妙味
202647100806,2026-10-08,6,サンカグヤヒメ,2.0,2.0,高木健,55.0,,5.0,7.0,笠松,秋唐松賞(C),1:31.7,1.2,曇,,,笠松,C6組,,,雨,6.0,5.0,笠松,藤城氏金無いけど50(C),1:33.3,0.9,晴,6.0,7.0,笠松,高野龍真生誕記念杯(C),1:33.6,2.1,晴,7.0,6.0,笠松,久世良輔&GGG来場(C),1:34.5,2.2,晴,13.6,6.0,,nar,2026-10-08,54.01,62.1,54.2,30.4,58.0,59.1,47.1,履歴少 / 市場オッズ妙味
202647100806,2026-10-08,6,シーズンインザサン,3.0,3.0,松本一心,55.0,,1.0,1.0,笠松,3歳未勝利,1:32.1,-0.5,晴,2.0,3.0,笠松,3歳8組,1:33.1,1.4,曇,2.0,7.0,笠松,ムラタミカ還暦記念(3歳),1:33.5,1.0,曇,5.0,6.0,笠松,佐々木英文生誕記念(3歳),1:32.4,1.8,曇,7.0,3.0,笠松,3歳6組,1:36.2,4.2,晴,2.0,1.0,,nar,2026-10-08,70.16,86.8,56.8,89.7,68.0,54.9,56.2,笠松実績 / 履歴少 / 近走上向き / 安定感
202647100806,2026-10-08,6,スプリングカム,1.0,1.0,森島貴之,55.0,,10.0,10.0,笠松,C3組,1:49.8,3.7,晴,,,笠松,C6組,,,雨,6.0,8.0,笠松,ポポちゃん可愛すぎ記(C),1:50.0,2.8,曇,6.0,6.0,笠松,尾丸ポルカ活動6周年(C),1:48.2,2.4,晴,7.0,7.0,笠松,FC岐阜キックオフイ,1:34.1,1.7,晴,36.3,8.0,,nar,2026-10-08,41.11,45.9,53.7,0.0,28.0,54.5,43.8,履歴少 / 市場オッズ妙味
202647100806,2026-10-08,6,スマートアシェル,6.0,6.0,細川智史,57.0,,7.0,5.0,笠松,おうちゃん笠松競馬来(C),1:34.3,2.0,晴,6.0,7.0,笠松,色取月特別(C),1:35.1,1.8,雨,,,笠松,入道雲特別(C),,,曇,1.0,3.0,笠松,アンダーグラフ来場記(C),1:32.0,-0.6,晴,3.0,3.0,笠松,C級未勝利,0:51.8,0.9,晴,16.7,7.0,,nar,2026-10-08,50.86,67.3,49.4,24.9,28.0,59.8,54.2,笠松実績 / クラス条件好転 / 履歴少 / 市場オッズ妙味
202644100806,2026-10-08,6,タケゾウ,12.0,7.0,藤田凌,56.0,,8.0,6.0,大井,3歳一 二三(3歳二),1:29.5,2.2,曇,5.0,10.0,大井,3歳一 二三(3歳二),1:28.2,1.8,曇,10.0,16.0,大井,3歳一 二三(3歳二),1:14.8,1.8,曇,,,大井,3歳一 二三(3歳二),,,曇,3.0,6.0,大井,3歳四 五六(3歳五),1:15.6,1.0,曇,46.0,10.0,,nar,2026-10-08,53.74,52.1,67.5,35.3,38.0,64.5,51.2,大井実績 / 履歴少 / 人気以上に走る傾向 / 市場オッズ妙味
202630100806,2026-10-08,6,ダバイオスカー,7.0,7.0,宮内勇樹,55.0,,1.0,1.0,門別,2歳3組,1:01.8,0.0,晴,1.0,3.0,門別,2歳牝馬未勝利,1:01.6,-0.3,曇,2.0,3.0,門別,JRA認定競走フレッ(2歳),1:02.9,0.1,晴,,,,,,,,,,,,,,,5.2,2.0,,nar,2026-10-08,70.72,97.9,56.5,75.1,53.0,60.3,59.5,門別実績 / 履歴少 / 安定感
202630100806,2026-10-08,6,ツリーオブライフ,6.0,6.0,桑村真明,56.0,,8.0,3.0,門別,フルールカップ〔H3(重賞),1:15.5,1.9,雨,2.0,1.0,門別,リリーカップ〔H3〕(重賞),1:00.6,1.1,曇,1.0,1.0,門別,JRA認定競走ウィナ(OP)(2歳),1:01.1,-1.0,曇,2.0,4.0,門別,JRA認定競走ウィナ(OP)(2歳),1:14.7,0.2,雨,1.0,1.0,門別,JRA認定競走アタッ(2歳),1:01.1,-1.7,曇,1.3,1.0,,nar,2026-10-08,53.95,79.8,39.7,69.6,11.0,48.5,56.2,門別実績 / 履歴少 / 安定感
202630100806,2026-10-08,6,トラデスカンティア,2.0,2.0,服部茂史,55.0,,11.0,9.0,2札幌3,すずらん賞(OP),1:11.8,1.2,晴,1.0,2.0,門別,JRA認定競走アタッ(2歳),1:08.4,-0.3,晴,1.0,1.0,門別,2歳牝馬未勝利,1:09.8,-0.2,雨,7.0,8.0,門別,JRA認定競走アタッ(2歳),1:10.9,2.6,晴,2.0,5.0,門別,JRA認定競走フレッ(2歳),1:09.9,1.2,曇,18.6,5.0,,nar,2026-10-08,52.35,67.9,50.7,55.0,0.5,64.2,55.3,門別実績 / 履歴少 / 市場オッズ妙味
202644100806,2026-10-08,6,ドレッドノート,7.0,5.0,小野俊斗,53.0,,6.0,8.0,大井,C2五 六七(C2六),1:30.0,1.1,雨,5.0,7.0,大井,ネグローニ賞(C2四),1:28.7,0.3,曇,9.0,3.0,大井,C2三 四五(C2四),1:29.9,2.0,晴,7.0,7.0,大井,U.S.ターキー賞(C2七),1:29.1,1.0,晴,14.0,2.0,大井,YJSトライアルラウ(C2),2:01.9,2.9,晴,73.3,11.0,,nar,2026-10-08,45.3,49.9,40.8,24.9,66.5,42.5,46.3,履歴少 / 近走上向き
202644100806,2026-10-08,6,ニュークチュール,3.0,3.0,西啓太,54.0,,2.0,11.0,大井,3歳四 五,1:44.7,0.3,晴,11.0,7.0,大井,3歳四 五,1:16.3,2.3,曇,1.0,5.0,大井,3歳九 十11(3歳十),1:46.0,-0.2,晴,10.0,5.0,大井,3歳11 12,1:31.7,1.9,晴,7.0,1.0,大井,3歳11 12,1:18.7,2.6,晴,33.7,8.0,,nar,2026-10-08,59.84,62.2,58.3,50.2,81.5,55.0,49.6,前走人気以上 / 履歴少 / 近走上向き / 市場オッズ妙味
202630100806,2026-10-08,6,ヒマラヤノエティ,1.0,1.0,藤田凌駕,55.0,,6.0,7.0,門別,JRA認定競走ウィナ(OP)(2歳),1:03.2,2.1,晴,7.0,8.0,門別,JA共済3QC(OP)(2歳),1:16.8,2.3,曇,4.0,6.0,門別,クリスタル特別(OP)(2歳),1:03.0,1.7,雨,8.0,8.0,門別,スフェーン特別(OP)(2歳),1:19.1,4.1,曇,1.0,3.0,門別,JRA認定競走フレッ(2歳),1:09.7,-0.3,晴,72.6,7.0,,nar,2026-10-08,53.33,63.0,58.1,30.1,44.0,56.5,49.6,履歴少
202630100806,2026-10-08,6,ファイヤーパターン,5.0,5.0,岩橋勇二,55.0,,8.0,7.0,門別,日高地区連合会特別(OP)(2歳),1:16.6,2.0,曇,1.0,1.0,門別,JRA認定競走フレッ(2歳),1:02.7,-0.3,曇,,,,,,,,,,,,,,,,,,,,,,20.4,6.0,,nar,2026-10-08,44.86,56.1,43.4,31.7,22.4,50.9,51.2,門別実績 / 履歴少 / サンプル少 / 市場オッズ妙味
202644100806,2026-10-08,6,フラワーキングエス,6.0,4.0,中村尚平,56.0,,7.0,7.0,大井,3歳一 二三(3歳二),1:47.1,6.2,曇,5.0,10.0,大井,3歳一 二三(3歳二),1:44.2,0.5,曇,8.0,8.0,大井,3歳一 二三(3歳二),1:47.0,4.7,曇,3.0,8.0,大井,3歳四 五,1:44.7,1.9,晴,12.0,15.0,大井,3歳四 五六(3歳五),1:16.9,2.3,曇,252.1,12.0,,nar,2026-10-08,55.47,54.9,66.0,39.5,50.0,61.1,49.6,履歴少 / 人気以上に走る傾向
202644100806,2026-10-08,6,ブルーキャット,14.0,8.0,和田譲治,54.0,,3.0,2.0,大井,C2三 四五(C2四),1:43.3,0.5,曇,1.0,1.0,大井,C2七 八九(C2八),1:28.7,-0.9,晴,2.0,3.0,大井,C2十 1112(C211),1:42.9,0.2,晴,2.0,4.0,大井,C212 1314(C213),1:29.1,0.0,曇,1.0,6.0,大井,C3 選抜牝馬,1:29.8,-0.2,晴,4.8,2.0,,nar,2026-10-08,70.49,92.4,54.9,100.0,41.0,61.2,59.5,大井実績 / 履歴少 / 安定感
202644100806,2026-10-08,6,プレイバック,2.0,2.0,杉山海波,53.0,,6.0,9.0,大井,3歳一 二三(3歳二),1:29.2,1.9,曇,8.0,8.0,大井,3歳一 二三(3歳二),1:28.5,2.1,曇,,,大井,3歳一 二三(3歳二),,,曇,3.0,4.0,大井,3歳四 五六(3歳五),1:29.1,1.0,曇,2.0,3.0,大井,3歳七 八九(3歳八),1:29.6,0.3,晴,32.7,6.0,,nar,2026-10-08,53.36,63.5,60.1,24.9,40.0,58.8,51.2,大井実績 / 前走人気以上 / 履歴少 / 市場オッズ妙味
202647100806,2026-10-08,6,ベストロマンス,7.0,7.0,東川慎,55.0,,2.0,5.0,笠松,秀司朗&愛実WEDD(3歳),1:31.2,1.1,晴,7.0,6.0,笠松,好きです笠松競馬(3歳),1:38.3,5.2,雨,3.0,4.0,笠松,美咲百花1stAnn(3歳),1:32.7,1.6,晴,8.0,6.0,笠松,地方競馬騎手課程募集(3歳),1:34.1,3.2,曇,6.0,6.0,笠松,好きです笠松競馬(3歳),1:33.3,2.5,晴,4.8,2.0,,nar,2026-10-08,60.48,70.1,54.0,50.2,74.0,57.3,49.6,前走人気以上 / 履歴少 / 近走上向き
202647100806,2026-10-08,6,ベルシエル,5.0,5.0,藤原幹生,55.0,,8.0,3.0,笠松,秋唐松賞(C),1:33.2,2.7,曇,,,笠松,C7組,,,雨,3.0,3.0,笠松,佐藤大介生誕8歳記念(C),1:32.7,1.1,晴,7.0,3.0,笠松,祝!67期独立乗務1(C),1:33.7,4.1,曇,8.0,5.0,名古屋,C10組,1:39.4,2.5,曇,6.1,3.0,,nar,2026-10-08,40.52,56.1,27.5,19.8,38.0,46.0,48.5,履歴少
202650100806,2026-10-08,6,マイネルスピカ,8.0,6.0,高畑皓一,57.0,,12.0,12.0,園田,C2一,0:52.1,2.1,晴,12.0,12.0,園田,C2二,0:53.2,2.0,晴,4.0,8.0,園田,C2二,0:51.4,1.0,晴,10.0,9.0,園田,C2,0:51.9,1.5,晴,1.0,3.0,園田,斑鳩ダッシュC3二,0:51.5,-0.2,雨,36.2,10.0,,nar,2026-10-08,42.01,36.1,56.0,30.1,18.5,54.9,49.6,履歴少
202650100806,2026-10-08,6,マクラガレーヌ,9.0,7.0,山本咲希,55.0,,10.0,9.0,園田,C3,0:52.8,2.3,曇,6.0,4.0,園田,C3二,0:52.9,1.5,晴,6.0,5.0,園田,C3二,0:53.6,1.7,曇,8.0,10.0,園田,C3,0:52.5,1.2,曇,6.0,5.0,園田,C3二,0:52.9,1.7,晴,66.4,12.0,,nar,2026-10-08,38.87,47.9,44.3,0.0,29.0,49.6,43.8,履歴少
202647100806,2026-10-08,6,マルリンモンロー,8.0,8.0,井口裕貴,52.0,,5.0,4.0,笠松,神田ファミリー笑顔爆(BC),1:34.1,0.8,晴,6.0,3.0,笠松,C3組,1:32.6,1.2,晴,5.0,1.0,笠松,C3組,1:45.7,2.0,雨,2.0,2.0,笠松,和虎誕生日記念(C),1:32.2,0.1,晴,7.0,4.0,笠松,竜吟の滝特別(C),1:32.9,1.8,晴,7.0,4.0,,nar,2026-10-08,53.6,67.9,34.9,64.7,50.0,51.1,52.9,笠松実績 / 履歴少 / 安定感
202644100806,2026-10-08,6,ミネノブルー,11.0,7.0,横川怜央,56.0,,8.0,9.0,大井,C2五 六七(C2六),1:16.4,1.4,雨,8.0,8.0,大井,バンブー賞(C2五),1:29.8,1.6,晴,3.0,4.0,大井,C2四 五六(C2五),1:44.5,1.3,晴,6.0,7.0,大井,C2三 四五(C2四),1:29.3,1.7,曇,7.0,5.0,大井,C2二 三四(C2三),1:30.1,1.7,晴,34.7,9.0,,nar,2026-10-08,47.47,55.1,53.1,19.8,38.0,55.4,46.3,履歴少 / 市場オッズ妙味
202650100806,2026-10-08,6,モンシャトール,2.0,2.0,杉浦健太,55.0,,6.0,6.0,園田,C3,0:51.9,1.4,曇,7.0,7.0,園田,C2三,1:23.5,1.9,曇,6.0,11.0,園田,C2二,0:52.3,1.1,晴,10.0,11.0,園田,宍道スプリントC2,1:23.5,3.0,晴,7.0,6.0,園田,C2二,0:52.1,1.5,雨,38.6,11.0,,nar,2026-10-08,48.28,52.5,57.2,0.0,59.0,58.0,46.5,市場オッズ妙味
202650100806,2026-10-08,6,ラクスガウディ,6.0,5.0,永井孝典,57.0,,3.0,2.0,園田,C3,0:51.2,0.7,曇,12.0,11.0,園田,C2一,1:36.2,5.0,晴,9.0,10.0,園田,厩橋7ハロンC2一,1:36.2,5.1,晴,8.0,12.0,園田,C2一,0:52.2,0.6,晴,12.0,11.0,園田,C2一,1:22.8,2.3,晴,6.3,3.0,,nar,2026-10-08,51.5,43.3,50.9,30.4,93.5,54.8,46.3,履歴少 / 近走上向き
202647100806,2026-10-08,6,ラッキートリガー,4.0,4.0,明星晴大,55.0,,6.0,4.0,笠松,3歳2組,1:33.4,2.8,曇,8.0,7.0,笠松,十六夜特別(3歳),1:32.9,1.5,曇,7.0,5.0,笠松,春駒特別(3歳),1:45.3,2.5,晴,3.0,5.0,笠松,スイレン特別(3歳),1:32.7,1.2,晴,6.0,4.0,笠松,夏色特別(3歳),1:33.2,2.3,晴,13.1,5.0,,nar,2026-10-08,46.63,57.9,41.8,14.6,50.0,55.0,49.3,クラス条件好転 / 履歴少 / 市場オッズ妙味
202644100806,2026-10-08,6,ラッケンブース,10.0,6.0,田中洸多,54.0,,11.0,10.0,大井,C2五 六七(C2六),1:17.8,2.8,雨,11.0,11.0,大井,C2二,1:01.7,1.7,曇,11.0,9.0,大井,メリッサ特別競走(C2四),1:15.6,2.9,晴,13.0,11.0,大井,クレイジーソルト賞(C2七),1:17.4,3.6,晴,11.0,9.0,大井,プルメリア特別競走(C2),1:47.5,5.8,晴,451.2,14.0,,nar,2026-10-08,32.16,17.7,41.6,0.0,53.0,46.4,43.8,履歴少
202630100806,2026-10-08,6,ルベルグラン,3.0,3.0,阿部龍,55.0,,12.0,10.0,2札幌3,すずらん賞(OP),1:11.9,1.3,晴,7.0,5.0,門別,JRA認定競走ターフ(OP)(2歳),1:16.4,1.7,晴,1.0,1.0,門別,JRA認定競走フレッ(2歳),1:01.9,-2.4,晴,,,,,,,,,,,,,,,11.2,4.0,,nar,2026-10-08,37.86,48.4,39.7,19.8,2.0,50.3,51.2,門別実績 / 履歴少
202630100806,2026-10-08,6,レディピンク,4.0,4.0,落合玄太,55.0,,1.0,1.0,門別,2歳3組,1:01.5,-0.2,晴,2.0,3.0,門別,JRA認定競走アタッ(2歳),1:01.9,0.8,曇,2.0,1.0,門別,JRA認定競走アタッ(2歳),1:01.5,0.1,晴,1.0,1.0,門別,2歳牝馬未勝利,1:01.2,-0.6,晴,2.0,1.0,門別,2歳未勝利,1:03.0,0.2,曇,9.4,3.0,,nar,2026-10-08,71.41,95.6,49.6,100.0,54.5,58.9,59.5,門別実績 / 履歴少 / 安定感
202644100806,2026-10-08,6,レンソイス,13.0,8.0,谷内貫太,55.0,,13.0,10.0,大井,3歳一 二三(3歳二),1:30.6,3.3,曇,11.0,7.0,大井,3歳一 二三(3歳二),1:31.1,4.7,曇,1.0,1.0,大井,3歳六 七八(3歳七),1:29.9,0.0,雨,2.0,2.0,大井,3歳九 十11(3歳十),1:30.6,0.4,晴,2.0,3.0,大井,3歳13 14,1:30.6,0.6,晴,32.9,7.0,,nar,2026-10-08,40.29,48.9,37.4,44.7,0.0,49.9,52.9,大井実績 / 履歴少 / 市場オッズ妙味
202630100807,2026-10-08,7,アクシズ,9.0,8.0,落合玄太,57.0,,7.0,8.0,門別,3歳以上C3ー2C4,1:53.8,2.4,曇,6.0,4.0,門別,日高生産連賞(C3),1:38.6,1.8,晴,1.0,3.0,門別,ネジバナ特別(C4),1:37.6,-0.2,晴,3.0,3.0,門別,平取町軽種馬生産振興(C4),1:15.7,0.6,晴,4.0,2.0,門別,3歳以上C4ー2,1:02.9,0.9,曇,9.4,5.0,,nar,2026-10-08,54.1,70.6,50.0,44.7,29.0,58.9,52.5,門別実績
202647100807,2026-10-08,7,アダマント,8.0,8.0,馬渕繁治,57.0,,6.0,6.0,笠松,もういい。これからも(3歳),1:33.5,2.8,曇,6.0,8.0,笠松,花菖蒲特別(3歳),1:47.9,1.7,晴,4.0,6.0,笠松,漁火特別(3歳),1:32.7,1.0,曇,9.0,6.0,笠松,若鮎特別(3歳),1:33.7,3.0,曇,5.0,4.0,笠松,まだまだ行くぞ!シン(3歳),1:33.0,1.6,雨,55.4,6.0,,nar,2026-10-08,51.76,60.5,52.5,30.1,50.0,52.6,52.6,クラス条件好転 / 履歴少
202644100807,2026-10-08,7,アルデフォックス,4.0,3.0,鷹見陸,56.0,,6.0,5.0,大井,C2三 四五(C2四),1:14.6,0.9,曇,5.0,7.0,大井,メリッサ特別競走(C2四),1:14.5,1.8,晴,5.0,7.0,大井,クレイジーソルト賞(C2七),1:14.5,0.7,晴,12.0,9.0,大井,ブラッドハウンド賞(C2四),1:31.0,2.5,曇,6.0,11.0,大井,C2三 四五(C2四),1:29.2,1.1,晴,34.3,11.0,,nar,2026-10-08,54.64,56.6,54.7,44.7,56.0,59.5,52.6,クラス条件好転 / 履歴少 / 市場オッズ妙味
202630100807,2026-10-08,7,ウィルミスチヴァス,8.0,7.0,桑村真明,57.0,,2.0,2.0,門別,3歳以上C3ー2C4,1:45.3,1.3,曇,2.0,1.0,門別,日高生産連賞(C3),1:37.5,0.7,晴,2.0,1.0,門別,祝30周年!SPAT(C3),1:45.3,0.2,曇,3.0,1.0,門別,北海道コーン茶賞(C3),1:38.5,0.1,晴,3.0,1.0,門別,水揚日本一苫小牧産ホ(C3),1:38.5,0.3,曇,3.3,2.0,,nar,2026-10-08,66.78,90.0,43.4,100.0,53.0,51.2,56.4,門別実績 / 安定感
202644100807,2026-10-08,7,エスケイイーグル,10.0,6.0,藤本現暉,56.0,,3.0,3.0,大井,笠間モンブラン賞(C2),1:14.0,0.5,曇,1.0,3.0,大井,C2六 七八(C2七),1:14.5,-0.3,曇,5.0,5.0,大井,C211 1213(C212),1:14.8,0.4,晴,5.0,3.0,大井,ディキ・ディキ賞(C2),1:15.8,0.8,曇,5.0,4.0,大井,C2六 七八(C2七),1:14.9,0.5,曇,7.9,5.0,,nar,2026-10-08,67.62,80.8,50.7,100.0,56.0,58.1,59.5,大井実績 / 履歴少 / 安定感
202630100807,2026-10-08,7,エムピーフリップ,6.0,6.0,阿部龍,57.0,,4.0,6.0,門別,3歳以上C3ー2C4,1:46.0,2.0,曇,3.0,7.0,門別,日高生産連賞(C3),1:37.8,1.0,晴,7.0,6.0,門別,祝30周年!SPAT(C3),1:49.2,4.1,曇,4.0,6.0,門別,北海道コーン茶賞(C3),1:38.9,0.5,晴,3.0,10.0,門別,北海道日高乳業ヨーグ(C3),1:44.7,0.9,曇,19.6,7.0,,nar,2026-10-08,68.06,74.1,67.0,80.2,51.5,71.3,54.5,門別実績 / 人気以上に走る傾向 / 安定感 / 過小評価傾向
202647100807,2026-10-08,7,エルモサカスターノ,1.0,1.0,渡辺竜也,55.0,,8.0,8.0,園田,JRA交流淀川特別,1:31.2,1.6,晴,11.0,14.0,3京都12,3歳1勝クラス,1:26.2,2.5,晴,1.0,4.0,笠松,美江寺宿特別(3歳),1:29.7,-0.3,曇,13.0,15.0,4京都5,2歳新馬,1:28.2,3.4,晴,,,,,,,,2.8,2.0,,nar,2026-10-08,48.81,43.2,62.7,19.8,52.0,58.5,48.8,履歴少
202644100807,2026-10-08,7,オテモヤン,2.0,2.0,笹川翼,54.0,,,,大井,3歳一 二三(3歳二),,,曇,4.0,2.0,大井,3歳一 二三(3歳二),1:14.4,1.1,曇,1.0,1.0,大井,3歳十 11,1:15.7,-0.3,曇,3.0,1.0,佐賀,JRA交流ミヤマキリ(3歳),1:31.6,0.6,曇,8.0,5.0,5中山8,2歳未勝利,1:14.2,1.1,晴,3.2,1.0,,nar,2026-10-08,57.63,79.7,38.9,59.3,50.0,49.3,59.5,大井実績 / 履歴少
202647100807,2026-10-08,7,カレンヒロ,5.0,5.0,森島貴之,55.0,,7.0,7.0,笠松,C5組,1:34.6,3.5,曇,3.0,4.0,笠松,C級未勝利,0:51.8,1.1,雨,5.0,5.0,笠松,C11組,1:34.2,2.5,晴,5.0,6.0,笠松,C11組,1:34.2,1.3,曇,4.0,8.0,笠松,C級サバイバル,1:34.1,1.2,晴,187.0,7.0,,nar,2026-10-08,58.41,68.0,55.7,69.6,33.5,57.4,56.2,笠松実績 / 履歴少 / 安定感
202647100807,2026-10-08,7,キセキタイム,7.0,7.0,加藤利征,55.0,,4.0,6.0,笠松,笠松マスターズ(C),1:34.2,2.3,晴,9.0,9.0,笠松,ポポちゃん可愛すぎ記(C),1:50.8,3.6,曇,8.0,8.0,笠松,尾丸ポルカ活動6周年(C),1:49.2,3.4,晴,10.0,9.0,笠松,C7組,1:49.7,4.9,晴,4.0,6.0,笠松,C7組,1:34.3,2.0,雨,257.4,8.0,,nar,2026-10-08,54.19,52.7,54.7,40.7,72.5,55.5,49.6,履歴少 / 近走上向き
202630100807,2026-10-08,7,キボウハホウショウ,1.0,1.0,亀井洋司,57.0,,8.0,7.0,門別,3歳以上C3ー2C4,1:53.9,2.5,曇,4.0,8.0,門別,デネブ特別(C1),1:52.4,2.3,雨,6.0,4.0,門別,北海道コーン茶賞(C3),1:39.8,1.4,晴,1.0,4.0,門別,グランシャリオドリー(C4),1:38.2,0.0,曇,3.0,3.0,門別,グランシャリオドリー(C4),1:46.2,0.5,曇,16.3,6.0,,nar,2026-10-08,55.48,67.4,55.1,49.8,23.0,64.5,55.9,門別実績 / クラス条件好転 / 履歴少 / 市場オッズ妙味
202644100807,2026-10-08,7,グロードリーム,6.0,4.0,張田昂,54.0,,2.0,2.0,大井,3歳四 五,1:15.1,0.5,晴,5.0,10.0,大井,3歳四 五六(3歳五),1:15.2,1.4,曇,3.0,3.0,大井,3歳六 七八(3歳七),1:30.4,0.5,雨,3.0,6.0,大井,3歳九 十11(3歳十),1:30.9,0.7,晴,3.0,7.0,大井,3歳九 十,1:46.7,0.8,晴,7.8,3.0,,nar,2026-10-08,72.95,82.4,64.7,100.0,59.0,66.5,59.5,大井実績 / 履歴少 / 安定感 / 過小評価傾向
202650100807,2026-10-08,7,ケイアイブラック,6.0,6.0,下原理,57.0,,12.0,13.0,2中京4,3歳未勝利,1:20.8,1.3,曇,9.0,11.0,2小倉8,3歳未勝利,1:08.8,0.8,晴,4.0,5.0,2小倉4,3歳未勝利,1:10.3,0.6,曇,8.0,12.0,3阪神6,3歳未勝利,1:22.0,1.2,晴,2.0,2.0,名古屋,名古屋CCチェリー賞(3歳),1:36.1,0.8,雨,4.0,3.0,,nar,2026-10-08,45.64,43.6,61.1,30.1,12.5,57.9,55.7,小倉実績
202630100807,2026-10-08,7,ゴールドアイリーン,2.0,2.0,金山昇馬,55.0,,5.0,2.0,門別,3歳以上C3ー2C4,1:52.2,0.8,曇,4.0,2.0,門別,グランシャリオドリー(C3),1:58.1,0.9,晴,3.0,1.0,門別,マリーゴールド特別(C3),1:59.1,0.6,晴,1.0,1.0,門別,ラベンダー特別(C4),1:59.6,-0.5,雨,6.0,5.0,3京都3,2歳未勝利,1:56.3,2.8,曇,4.5,3.0,,nar,2026-10-08,59.15,77.0,36.6,89.7,41.0,51.2,59.5,門別実績 / 履歴少 / 安定感
202644100807,2026-10-08,7,サイゴニアイハカツ,8.0,5.0,和田譲治,54.0,,8.0,5.0,大井,3歳一 二三(3歳二),1:15.5,1.1,曇,12.0,4.0,大井,3歳一 二三(3歳二),1:19.3,6.9,曇,2.0,1.0,大井,3歳四 五,1:14.7,0.3,曇,1.0,2.0,大井,2歳 選抜牝馬,1:14.0,-0.1,雨,4.0,5.0,大井,2歳 新馬,1:15.7,1.2,晴,16.2,7.0,,nar,2026-10-08,45.22,57.0,30.0,44.7,30.5,55.4,52.9,大井実績 / 履歴少 / 市場オッズ妙味
202644100807,2026-10-08,7,ザレインソング,5.0,4.0,木澤奨,51.0,,4.0,2.0,大井,3歳四 五,1:14.7,0.7,曇,2.0,12.0,大井,3歳四 五,1:14.4,0.3,晴,8.0,5.0,大井,3歳四 五六(3歳五),1:16.2,1.6,曇,8.0,14.0,大井,3歳四 五六(3歳五),1:15.4,1.6,曇,10.0,15.0,大井,3歳四 五,1:16.1,1.7,曇,30.9,10.0,,nar,2026-10-08,63.53,64.0,68.8,55.3,68.0,66.7,49.6,履歴少 / 人気以上に走る傾向 / 近走上向き / 過小評価傾向
202644100807,2026-10-08,7,シンプウエース,14.0,8.0,達城龍次,56.0,,7.0,7.0,大井,3歳一 二三(3歳二),1:29.2,1.9,曇,7.0,9.0,大井,3歳一 二三(3歳二),1:28.5,2.1,曇,7.0,9.0,大井,3歳一 二三(3歳二),1:14.3,1.3,曇,,,大井,3歳一 二三(3歳二),,0.0,曇,6.0,10.0,大井,3歳一 二三(3歳二),1:14.8,1.5,曇,35.2,12.0,,nar,2026-10-08,47.82,53.0,60.7,0.0,48.0,59.1,43.8,履歴少
202650100807,2026-10-08,7,ジャスティンアポロ,8.0,8.0,吉村智洋,57.0,,8.0,11.0,4阪神2,3歳未勝利,1:56.8,1.2,曇,10.0,3.0,4京都7,2歳新馬,1:57.0,3.2,晴,,,,,,,,,,,,,,,,,,,,,,9.0,4.0,,nar,2026-10-08,39.96,38.2,39.7,18.0,52.1,46.0,48.8,前走人気以上 / 履歴少 / サンプル少
202650100807,2026-10-08,7,ゼットヒーロ,5.0,5.0,笹田知宏,55.0,,4.0,3.0,園田,元宝塚彩羽真矢☆来場(C2),1:32.0,0.9,晴,4.0,6.0,園田,C2一,0:50.7,0.7,晴,3.0,2.0,園田,スイレン賞C2一,1:21.3,0.4,晴,6.0,7.0,園田,C1,1:22.0,2.4,晴,4.0,11.0,園田,ムスカリ賞C1,1:20.8,0.5,雨,25.9,8.0,,nar,2026-10-08,65.18,75.2,56.1,85.4,51.5,61.5,56.2,園田実績 / 履歴少 / 安定感 / 市場オッズ妙味
202644100807,2026-10-08,7,トサノオウマサン,13.0,8.0,小野俊斗,51.0,,2.0,8.0,大井,C2五 六七(C2六),1:15.1,0.1,雨,4.0,10.0,大井,笠間モンブラン賞(C2),1:14.2,0.7,曇,7.0,8.0,大井,C2六 七八(C2七),1:16.0,1.5,曇,6.0,11.0,大井,C2九 十,1:14.8,1.4,晴,2.0,11.0,大井,ディキ・ディキ賞(C2),1:15.4,0.4,曇,23.7,9.0,,nar,2026-10-08,73.3,75.4,86.2,65.7,66.5,73.8,52.9,大井実績 / 前走人気以上 / 履歴少 / 人気以上に走る傾向
202647100807,2026-10-08,7,トリクシー,4.0,4.0,大原浩司,55.0,,4.0,1.0,笠松,大きい馬対小さい馬(C),1:33.7,1.2,晴,2.0,2.0,笠松,C9組,1:33.4,0.3,晴,3.0,1.0,笠松,C12組,1:32.8,0.3,晴,2.0,3.0,笠松,ただいま、カサマツ記(C),1:49.4,0.8,曇,2.0,1.0,笠松,西園寺の全力疾走カッ(C),1:33.2,0.4,晴,33.5,4.0,,nar,2026-10-08,63.95,85.6,41.1,100.0,39.5,53.0,59.5,笠松実績 / 履歴少 / 安定感 / 市場オッズ妙味
202630100807,2026-10-08,7,トレビアンクリール,5.0,5.0,小川悠汰,54.0,,8.0,9.0,門別,3歳以上C3ー2C4,1:16.4,2.1,晴,9.0,6.0,門別,3歳以上C3ー2C4,1:18.2,3.2,晴,5.0,8.0,門別,グランシャリオドリー(C3),1:15.8,1.2,曇,10.0,9.0,門別,グランシャリオドリー(C3),1:16.5,2.7,晴,7.0,8.0,門別,グランシャリオドリー(C3),2:00.8,2.6,曇,62.1,10.0,,nar,2026-10-08,44.98,45.2,50.7,19.8,48.5,52.2,46.3,履歴少
202647100807,2026-10-08,7,トーセンシーギリヤ,2.0,2.0,東川慎,57.0,,4.0,4.0,笠松,大噛がるるデビュー4(3歳),1:32.3,2.6,曇,1.0,4.0,笠松,3歳5組,1:32.5,-0.5,雨,3.0,3.0,笠松,第21回岡田みなも生(3歳),1:32.1,3.3,雨,1.0,3.0,笠松,平木覚醒記念(3歳),1:33.4,-0.6,晴,7.0,4.0,笠松,3歳7組,0:50.9,1.7,曇,46.4,5.0,,nar,2026-10-08,66.63,84.6,55.1,89.7,44.0,57.6,56.2,笠松実績 / 履歴少 / 安定感 / 市場オッズ妙味
202644100807,2026-10-08,7,ドレヴィーナス,1.0,1.0,安藤洋一,54.0,,12.0,11.0,大井,3歳一 二三(3歳二),1:16.3,1.9,曇,3.0,6.0,大井,3歳四 五,1:14.4,0.4,曇,4.0,10.0,大井,3歳四 五,1:15.3,1.3,曇,6.0,6.0,大井,3歳四 五,1:15.1,1.0,晴,13.0,3.0,大井,3歳四 五六(3歳五),1:17.1,2.5,曇,91.8,13.0,,nar,2026-10-08,46.13,48.8,54.2,44.7,17.0,50.8,49.6,履歴少
202644100807,2026-10-08,7,ナポレオンバディ,11.0,7.0,野畑凌,56.0,,7.0,12.0,大井,3歳一 二三(3歳二),1:15.5,1.1,曇,6.0,6.0,大井,3歳一 二三(3歳二),1:44.5,2.2,曇,8.0,9.0,大井,フォーチュネイトひま(C13歳),1:15.4,2.2,晴,7.0,8.0,大井,3歳一 二三(3歳二),1:14.8,1.5,曇,11.0,7.0,大井,3歳一 二三(3歳二),1:29.7,2.7,雨,20.4,8.0,,nar,2026-10-08,46.95,49.1,60.1,0.0,56.0,54.8,43.8,前走人気以上 / 履歴少 / 市場オッズ妙味
202644100807,2026-10-08,7,ファサード,7.0,5.0,石川倭,56.0,,13.0,5.0,大井,C2四 五六(C2五),1:16.5,2.1,晴,2.0,2.0,大井,C2七 八九(C2八),1:14.1,0.1,雨,9.0,5.0,大井,C2三 四五(C2四),1:14.8,2.0,曇,4.0,5.0,大井,C2五 六七(C2六),1:14.9,0.2,晴,3.0,5.0,大井,C2六 七,1:15.0,0.1,晴,14.0,6.0,,nar,2026-10-08,40.49,51.0,29.9,49.8,0.0,55.4,52.9,大井実績 / 履歴少 / 市場オッズ妙味
202650100807,2026-10-08,7,ブレッティレディ,1.0,1.0,小牧太,55.0,,6.0,9.0,2札幌2,3歳未勝利,1:09.4,0.3,晴,8.0,13.0,1函館3,3歳未勝利,1:09.3,0.7,曇,5.0,9.0,1福島5,3歳未勝利,1:09.7,1.0,晴,7.0,11.0,1小倉11,3歳未勝利,1:10.4,0.5,曇,7.0,13.0,5阪神7,2歳未勝利,1:26.8,1.4,晴,3.3,1.0,,nar,2026-10-08,57.86,55.6,79.1,19.8,54.5,68.1,48.8,前走人気以上 / 履歴少 / 人気以上に走る傾向 / 過小評価傾向
202630100807,2026-10-08,7,ベイストラトラ,7.0,7.0,宮内勇樹,57.0,,7.0,4.0,門別,3歳以上C3ー2C4,1:46.5,2.5,曇,8.0,8.0,門別,ジオグリフ賞(C3),1:52.5,1.7,晴,7.0,7.0,門別,グランシャリオドリー(C3),1:54.1,3.0,曇,5.0,7.0,門別,北海道コーン茶賞(C3),1:39.7,1.3,晴,10.0,9.0,門別,北海道日高乳業ヨーグ(C3),1:46.6,2.8,曇,38.1,8.0,,nar,2026-10-08,44.7,49.9,44.9,14.6,53.0,51.5,46.3,履歴少 / 市場オッズ妙味
202630100807,2026-10-08,7,ペプチドエレノア,3.0,3.0,岩橋勇二,57.0,,5.0,1.0,門別,3歳以上C3ー2C4,1:59.6,1.3,曇,4.0,1.0,門別,ジオグリフ賞(C3),1:51.6,0.8,晴,1.0,3.0,門別,グランシャリオドリー(C4),1:51.4,-0.7,晴,8.0,7.0,1阪神4,3歳未勝利,2:03.5,1.5,晴,9.0,7.0,4京都7,2歳未勝利,1:58.5,4.9,晴,3.1,1.0,,nar,2026-10-08,56.5,69.5,36.6,75.1,53.0,49.6,59.5,門別実績 / 履歴少 / 安定感
202650100807,2026-10-08,7,ホワイトラバーズ,2.0,2.0,廣瀬航,55.0,,8.0,12.0,2札幌5,3歳未勝利,0:59.8,1.2,晴,7.0,6.0,1函館12,3歳未勝利,1:00.0,1.3,小雨,9.0,7.0,1函館10,3歳未勝利,0:59.4,0.9,小雨,4.0,9.0,1函館6,3歳未勝利,0:59.4,0.8,晴,9.0,10.0,1函館2,3歳未勝利,1:47.3,1.8,晴,9.5,5.0,,nar,2026-10-08,48.13,48.3,59.8,14.6,45.5,58.9,48.1,前走人気以上
202650100807,2026-10-08,7,マメーアップル,9.0,8.0,佐々木世,53.0,,2.0,1.0,園田,兵庫ジョッキーズ楽天(C2),1:20.6,0.1,晴,5.0,1.0,園田,C2二,1:21.8,0.7,雨,10.0,2.0,1札幌5,3歳未勝利,1:10.0,0.5,曇,3.0,1.0,1函館12,3歳未勝利,1:10.9,0.2,曇,2.0,6.0,1函館8,3歳未勝利,1:09.1,0.3,曇,3.7,2.0,,nar,2026-10-08,58.96,72.2,30.7,80.2,68.0,48.4,68.2,園田実績 / n適性 / 函館実績 / 近走上向き
202650100807,2026-10-08,7,ミスマラッカ,4.0,4.0,田野豊三,55.0,,8.0,10.0,2札幌3,3歳未勝利,1:00.8,1.2,晴,8.0,5.0,1函館12,3歳未勝利,1:00.1,1.4,小雨,5.0,10.0,1函館8,3歳未勝利,1:00.8,1.2,曇,13.0,11.0,3新潟3,2歳未勝利,2:01.1,5.4,曇,7.0,14.0,2新潟5,2歳未勝利,1:13.8,3.0,晴,12.8,6.0,,nar,2026-10-08,49.01,43.7,59.0,19.8,51.5,60.7,55.7,函館実績 / 市場オッズ妙味
202650100807,2026-10-08,7,ミヤカグラ,3.0,3.0,松木大地,55.0,,7.0,6.0,園田,青馬ひすみ☆デビュー(C2),1:22.6,1.9,曇,12.0,14.0,2新潟7,3歳未勝利,0:57.2,1.3,晴,10.0,11.0,1新潟8,3歳未勝利,1:13.9,1.4,曇,7.0,5.0,浦和,ツインホープ特別(3歳),1:31.5,2.6,曇,6.0,14.0,5中山2,2歳新馬,1:10.5,1.1,晴,40.9,9.0,,nar,2026-10-08,44.32,38.1,56.5,0.0,60.5,56.9,48.8,履歴少
202630100807,2026-10-08,7,メイショウゲキハ,10.0,8.0,渡辺準己,54.0,,6.0,5.0,門別,3歳以上C3ー2C4,1:46.1,2.1,曇,4.0,5.0,門別,日高生産連賞(C3),1:38.0,1.2,晴,7.0,5.0,門別,北海道コーン茶賞(C3),1:39.8,1.4,晴,8.0,3.0,門別,水揚日本一苫小牧産ホ(C3),1:39.2,1.0,曇,9.0,2.0,門別,3歳以上C3ー2C4,2:00.8,1.0,晴,42.4,9.0,,nar,2026-10-08,45.88,57.6,36.7,24.9,56.0,45.6,48.5,市場オッズ妙味
202650100807,2026-10-08,7,メヘラーンガル,7.0,7.0,小谷哲平,56.0,,4.0,4.0,園田,兵庫ジョッキーズ楽天(C2),1:20.7,0.2,晴,4.0,6.0,園田,蒼玉特別C2,1:22.3,1.2,曇,4.0,6.0,園田,スイレン賞C2一,1:21.4,0.5,晴,1.0,5.0,園田,C2二,1:21.1,-0.3,晴,10.0,6.0,園田,C2一,1:33.3,1.5,晴,15.2,7.0,,nar,2026-10-08,66.86,74.5,57.4,89.7,54.5,64.2,59.2,園田実績 / クラス条件好転 / 履歴少 / 安定感
202644100807,2026-10-08,7,ラスールフルール,9.0,6.0,杉山海波,51.0,,14.0,13.0,大井,3歳一 二三(3歳二),1:30.8,3.5,曇,13.0,8.0,大井,3歳一 二三(3歳二),1:15.4,2.2,曇,10.0,7.0,川崎,モルゲンロート賞(3歳),0:56.6,1.0,曇,4.0,9.0,川崎,ライトニング賞(3歳),0:56.5,0.5,晴,7.0,7.0,川崎,小千鳥賞(3歳),1:40.9,1.1,曇,193.0,14.0,,nar,2026-10-08,31.0,23.0,40.1,14.6,17.0,48.3,43.8,履歴少
202644100807,2026-10-08,7,リコーステアー,3.0,3.0,本田正重,54.0,,7.0,7.0,大井,C2五 六七(C2六),1:16.3,1.3,雨,1.0,4.0,大井,ポートサイド賞(C2七),1:14.3,-0.1,晴,5.0,4.0,大井,C2七 八九(C2八),1:14.4,0.7,曇,6.0,5.0,大井,C2七 八九(C2八),1:15.5,0.6,晴,7.0,3.0,大井,C2七 八九(C2八),1:15.2,1.2,雨,7.9,4.0,,nar,2026-10-08,53.76,68.3,49.9,44.7,36.5,56.8,49.6,履歴少
202630100807,2026-10-08,7,ルモンテ,4.0,4.0,小野楓馬,57.0,,9.0,3.0,門別,3歳以上C3ー2C4,1:16.9,2.7,晴,12.0,6.0,2新潟5,3歳以上1勝クラス,1:33.9,1.5,晴,6.0,2.0,2新潟2,3歳未勝利,1:35.6,0.4,雨,2.0,5.0,3東京2,3歳未勝利,1:34.6,0.1,曇,4.0,7.0,2東京6,3歳未勝利,1:34.8,0.2,晴,8.6,4.0,,nar,2026-10-08,38.2,47.1,26.5,24.9,32.0,47.6,51.8,クラス条件好転 / 履歴少
202647100807,2026-10-08,7,レイノルズナンバー,6.0,6.0,望月洵輝,57.0,,1.0,1.0,笠松,かずし☆えみこ結婚3(3歳),1:30.9,-0.5,晴,2.0,1.0,笠松,3歳5組,1:33.0,0.5,雨,1.0,2.0,笠松,好きです笠松競馬(3歳),1:30.1,-0.4,曇,12.0,18.0,2小倉3,3歳未勝利,1:10.4,1.1,雨,12.0,8.0,3阪神6,3歳未勝利,1:22.6,1.8,晴,2.2,1.0,,nar,2026-10-08,66.43,76.1,52.9,75.1,84.5,54.7,56.4,笠松実績 / 前走人気以上 / 近走上向き / 安定感
202647100807,2026-10-08,7,レディソフィア,3.0,3.0,筒井勇介,55.0,,1.0,1.0,笠松,大空スバル登録者20(3歳),1:31.6,-1.4,曇,2.0,2.0,笠松,20周年Honey☆(3歳),1:32.0,2.4,曇,9.0,11.0,2新潟3,3歳未勝利,1:57.9,2.4,曇,10.0,6.0,3東京3,3歳未勝利,1:39.1,2.3,晴,4.0,7.0,2東京12,3歳未勝利,1:40.3,1.3,曇,2.9,3.0,,nar,2026-10-08,63.8,72.4,50.9,65.7,81.5,55.2,59.5,笠松実績 / 履歴少 / 近走上向き / 安定感
202644100807,2026-10-08,7,ロードオブファイア,12.0,7.0,中村尚平,56.0,,1.0,1.0,大井,3歳六 七,1:14.5,-1.0,曇,1.0,1.0,大井,3歳11 12,1:29.0,-0.3,曇,,,大井,2歳七 八,,,曇,3.0,2.0,大井,2歳 新馬,1:47.0,1.8,曇,,,,,,,,4.4,2.0,,nar,2026-10-08,67.5,96.7,48.5,69.9,56.0,55.2,59.5,大井実績 / 履歴少 / 安定感
202644100808,2026-10-08,8,アドマイヤエアル,7.0,7.0,矢野貴之,56.0,,,,大井,C1三 四五(C1四),,,晴,5.0,2.0,大井,カウントダウン202(C1五),1:27.9,0.2,晴,1.0,1.0,大井,アクダクト賞(C1),1:42.2,-0.1,晴,3.0,2.0,大井,ボビーバーンズ賞(C1),1:43.1,1.3,晴,8.0,3.0,大井,若竹賞競走(OP)(3歳),1:56.6,1.4,晴,2.6,1.0,,nar,2026-10-08,55.47,76.9,35.8,59.3,44.0,46.8,64.1,大井実績 / ダ適性 / 履歴少
202650100808,2026-10-08,8,エコロアテナ,5.0,5.0,大山真吾,55.0,,8.0,8.0,園田,元宝塚彩羽真矢☆来場(C2),1:33.5,2.4,晴,6.0,6.0,園田,C2一,1:34.9,1.5,晴,1.0,2.0,園田,C2三,1:33.9,-0.5,曇,2.0,4.0,園田,C2四,1:34.7,0.1,晴,3.0,3.0,園田,守道7ハロンC3一,1:35.1,2.2,晴,35.4,6.0,,nar,2026-10-08,53.68,70.2,53.4,44.7,20.0,58.2,52.9,園田実績 / 履歴少 / 市場オッズ妙味
202647100808,2026-10-08,8,オオイリブクロ,1.0,1.0,丸野勝虎,57.0,,8.0,8.0,笠松,C5組,1:35.1,4.0,曇,7.0,4.0,笠松,ソラ高校合格記念(C),1:34.0,1.9,晴,6.0,8.0,笠松,仕掛け花火特別(C),1:49.2,2.3,晴,1.0,2.0,笠松,加織・文行結婚記念(C),1:35.3,-0.4,晴,9.0,8.0,笠松,C13組,1:36.9,4.9,晴,35.2,5.0,,nar,2026-10-08,45.63,56.5,47.8,14.6,36.5,54.1,46.3,履歴少 / 市場オッズ妙味
202647100808,2026-10-08,8,オガル,7.0,7.0,藤原幹生,57.0,,2.0,5.0,笠松,3歳2組,1:30.7,0.1,曇,8.0,5.0,門別,社会貢献×門別うまレ(C3),1:03.0,1.8,晴,6.0,2.0,門別,ホクレングリーンプラ(C3),1:02.5,0.6,雨,7.0,5.0,門別,水揚日本一苫小牧産ホ(C3),1:39.1,0.9,曇,5.0,3.0,門別,大人になった内藤耀悠(C3),1:45.9,1.7,晴,2.2,1.0,,nar,2026-10-08,54.29,65.4,42.1,40.7,77.0,48.2,50.0,前走人気以上 / 近走上向き
202644100808,2026-10-08,8,オンリーユーズド,8.0,8.0,江里口裕,56.0,,10.0,7.0,大井,ブルー・ムーン賞(C1四),1:45.7,3.1,曇,5.0,7.0,大井,C1三 四五(C1四),1:43.5,0.7,雨,8.0,11.0,大井,C1五 六,1:15.1,1.4,曇,10.0,7.0,大井,大暑特別競走(C1),2:42.2,4.9,晴,12.0,3.0,大井,さそり座特別競走(C1),2:12.4,3.9,曇,22.3,5.0,,nar,2026-10-08,40.1,39.5,41.7,24.9,42.5,45.2,46.3,履歴少
202630100808,2026-10-08,8,カズシ,7.0,7.0,松井伸也,57.0,,11.0,12.0,4中山1,3歳未勝利,1:55.5,2.1,曇,5.0,8.0,3新潟2,3歳未勝利,1:56.2,2.3,晴,6.0,6.0,1新潟3,3歳未勝利,1:58.9,3.5,晴,15.0,5.0,1中京1,3歳未勝利,2:02.1,1.7,晴,6.0,6.0,1小倉10,3歳未勝利,2:01.7,1.2,晴,6.8,3.0,,nar,2026-10-08,41.28,41.1,47.1,24.9,32.0,48.2,48.8,履歴少
202650100808,2026-10-08,8,コスモサンビタリア,1.0,1.0,廣瀬航,55.0,,5.0,6.0,園田,C2一,1:32.4,1.7,雨,7.0,1.0,園田,コスモス賞C2一,1:34.1,1.0,雨,9.0,2.0,園田,C1,1:33.0,1.9,晴,1.0,4.0,園田,C2一,1:31.1,-0.1,雨,2.0,1.0,園田,C2一,1:34.4,0.1,晴,5.1,3.0,,nar,2026-10-08,51.2,64.8,34.3,55.3,48.5,50.4,52.9,園田実績 / 履歴少
202630100808,2026-10-08,8,コーディアリティ,6.0,6.0,小野楓馬,57.0,,3.0,3.0,門別,3歳以上C3ー2C4,1:59.3,1.0,曇,3.0,3.0,門別,グランシャリオドリー(C3),1:58.1,0.9,晴,1.0,1.0,門別,オニユリ特別(C4),1:59.2,-1.0,晴,12.0,10.0,2中京1,3歳未勝利,1:58.7,2.4,晴,8.0,7.0,1新潟5,3歳未勝利,1:56.4,1.8,晴,1.6,1.0,,nar,2026-10-08,61.77,72.5,47.2,75.1,68.0,50.1,59.5,門別実績 / 履歴少 / 近走上向き / 安定感
202650100808,2026-10-08,8,ゴートゥーミジョカ,9.0,8.0,笹田知宏,55.0,,8.0,6.0,園田,C2一,1:33.1,1.8,曇,1.0,2.0,園田,不来坂7ハロンC2二,1:33.7,-0.3,曇,1.0,1.0,園田,C3一,1:33.3,-0.5,曇,2.0,6.0,姫路,C2一,1:34.5,0.0,晴,2.0,6.0,姫路,C2一,1:35.6,1.4,晴,5.5,5.0,,nar,2026-10-08,59.47,81.0,54.5,69.6,11.0,61.8,54.0,園田実績 / 履歴少 / 安定感
202644100808,2026-10-08,8,スカイイズユアーズ,6.0,6.0,笹川翼,56.0,,13.0,1.0,大井,ジン・ライム賞(C1四),1:47.8,6.3,曇,1.0,1.0,大井,C1六 七八(C1七),1:43.0,-0.2,曇,1.0,1.0,大井,C2四 五六(C2五),1:43.2,-0.1,晴,2.0,3.0,大井,八ツ瀬川賞(C2四),1:43.5,0.1,曇,2.0,1.0,大井,C2五 六七(C2六),1:43.5,0.7,晴,3.4,3.0,,nar,2026-10-08,45.82,68.8,24.8,69.6,0.0,47.4,56.2,大井実績 / 履歴少 / 安定感
202650100808,2026-10-08,8,テイケイホロムア,3.0,3.0,竹村達也,57.0,,7.0,4.0,園田,元宝塚彩羽真矢☆来場(C2),1:33.0,1.9,晴,1.0,2.0,園田,C2三,1:33.2,0.0,雨,4.0,1.0,園田,C2四,1:35.3,0.7,晴,1.0,1.0,園田,C3三,1:34.4,-0.1,晴,,,,,,,,5.5,4.0,,nar,2026-10-08,54.11,78.4,40.2,59.3,20.0,53.2,55.3,園田実績 / 履歴少
202647100808,2026-10-08,8,トパーズテソーロ,2.0,2.0,筒井勇介,55.0,,1.0,2.0,笠松,祝36歳!午年あやか(3歳),1:32.6,-0.4,雨,1.0,2.0,笠松,3歳7組,1:31.4,-2.1,曇,6.0,2.0,笠松,3歳6組,1:35.1,3.1,晴,2.0,3.0,笠松,3歳6組,1:32.4,0.2,曇,3.0,2.0,笠松,3歳5組,1:31.3,0.7,曇,3.3,3.0,,nar,2026-10-08,66.89,89.3,48.6,80.2,62.0,53.8,56.2,笠松実績 / 履歴少 / 安定感
202630100808,2026-10-08,8,ドクターストップ,2.0,2.0,宮内勇樹,55.0,,4.0,4.0,門別,3歳以上C3ー2C4,1:59.6,1.3,曇,6.0,4.0,門別,グランシャリオドリー(C3),1:58.5,1.3,晴,3.0,3.0,門別,共済ホール賞(C3),2:00.4,1.0,曇,2.0,5.0,門別,マリーゴールド特別(C3),1:58.6,0.1,晴,5.0,4.0,門別,グランシャリオドリー(C3),2:00.0,1.8,曇,12.5,4.0,,nar,2026-10-08,61.71,75.1,48.9,75.1,50.0,60.7,54.5,門別実績 / 安定感 / 市場オッズ妙味
202644100808,2026-10-08,8,ナイトウォーリア,1.0,1.0,西啓太,56.0,,3.0,3.0,大井,C1六 七八(C1七),1:43.9,0.2,雨,5.0,2.0,大井,うお座特別競走(C1),1:46.3,0.2,曇,3.0,5.0,大井,ブラック・ベルベット(C1),1:43.1,0.2,曇,4.0,7.0,大井,C1七 八,1:14.1,1.3,晴,2.0,10.0,大井,C1八 九,1:43.6,0.5,晴,5.7,4.0,,nar,2026-10-08,69.39,79.7,56.4,100.0,53.0,63.9,62.5,大井実績 / クラス条件好転 / 履歴少 / 安定感
202647100808,2026-10-08,8,ハイパーコール,6.0,6.0,深澤杏花,55.0,,8.0,8.0,笠松,3歳2組,1:34.2,3.6,曇,3.0,5.0,笠松,好きです笠松競馬(3歳),1:35.3,2.2,雨,7.0,8.0,笠松,晩夏特別(3歳),1:34.0,3.9,晴,3.0,4.0,笠松,3歳2組,1:32.1,1.0,晴,7.0,9.0,笠松,夏色特別(3歳),1:33.4,2.5,晴,51.5,7.0,,nar,2026-10-08,52.63,62.2,57.3,39.5,32.0,56.5,49.6,履歴少
202647100808,2026-10-08,8,ハッピーノリクン,3.0,3.0,塚本征吾,57.0,,3.0,4.0,笠松,笠松マスターズ(C),1:33.5,1.6,晴,8.0,5.0,笠松,佐藤大介生誕8歳記念(C),1:35.6,4.0,晴,3.0,5.0,笠松,カサマツ音頭を踊ろう(C),1:32.7,0.6,曇,7.0,1.0,笠松,C級サバイバル,1:36.3,3.4,晴,7.0,3.0,笠松,本日の旅費回収杯(C),1:48.0,2.7,晴,12.0,4.0,,nar,2026-10-08,55.13,66.1,40.6,50.2,69.5,54.1,49.6,履歴少 / 近走上向き / 市場オッズ妙味
202650100808,2026-10-08,8,ハバタクジユウニ,8.0,8.0,田野豊三,55.0,,12.0,13.0,2札幌4,北辰特別(1勝クラス),2:45.3,1.8,曇,9.0,14.0,1札幌6,3歳未勝利,2:44.2,0.7,晴,15.0,8.0,2阪神5,3歳未勝利,1:56.3,3.0,晴,7.0,4.0,4京都8,2歳新馬,2:04.2,1.9,晴,,,,,,,,4.0,2.0,,nar,2026-10-08,34.24,22.5,47.9,0.0,40.0,48.3,48.8,履歴少
202630100808,2026-10-08,8,バッハ,1.0,1.0,渡辺準己,54.0,,6.0,8.0,門別,3歳以上C3ー2C4,2:01.0,2.7,曇,,,門別,共済ホール賞(C3),,,曇,10.0,9.0,門別,北海道コーン茶賞(C3),1:42.7,4.3,晴,11.0,7.0,門別,グランシャリオドリー(C3),2:01.8,3.6,曇,4.0,7.0,門別,水揚日本一苫小牧産ホ(C3),1:38.9,0.7,曇,49.3,5.0,,nar,2026-10-08,46.41,46.0,51.3,10.3,64.0,52.8,49.0,前走人気以上 / 市場オッズ妙味
202647100808,2026-10-08,8,ピュアキショウ,5.0,5.0,高木健,57.0,,9.0,7.0,笠松,C3組,1:49.2,3.1,晴,7.0,6.0,笠松,C5組,1:34.7,2.1,曇,4.0,7.0,笠松,ポポちゃん可愛すぎ記(C),1:48.6,1.4,曇,7.0,4.0,笠松,尾丸ポルカ活動6周年(C),1:48.7,2.9,晴,4.0,5.0,笠松,C12組,1:48.1,0.2,晴,45.9,6.0,,nar,2026-10-08,45.74,54.4,45.8,30.1,29.0,53.4,49.6,履歴少 / 市場オッズ妙味
202644100808,2026-10-08,8,ピーターセン,4.0,4.0,野畑凌,56.0,,4.0,5.0,大井,ブルー・ムーン賞(C1四),1:44.3,1.7,曇,10.0,3.0,大井,りゅう座特別競走(C1),2:11.2,2.0,曇,5.0,3.0,大井,明星賞競走(B2),1:56.4,1.8,晴,9.0,6.0,大井,若竹賞競走(OP)(3歳),1:55.8,1.3,曇,2.0,4.0,大井,東京ダービーチャレン(OP)(3歳),2:09.5,0.4,晴,3.1,2.0,,nar,2026-10-08,52.35,58.3,35.5,60.5,65.0,49.0,55.9,大井実績 / クラス条件好転 / 履歴少 / 近走上向き
202630100808,2026-10-08,8,フォーティンブラス,4.0,4.0,服部茂史,57.0,,2.0,2.0,門別,3歳以上C3ー2C4,1:58.7,0.4,曇,6.0,7.0,1札幌8,3歳未勝利,1:47.9,1.6,晴,7.0,7.0,1札幌4,3歳未勝利,2:02.0,1.3,晴,12.0,7.0,1新潟1,3歳未勝利,2:19.0,2.0,晴,5.0,3.0,1福島3,3歳未勝利,2:43.5,0.8,晴,3.0,2.0,,nar,2026-10-08,55.03,62.0,45.2,40.7,83.0,50.8,48.8,履歴少 / 近走上向き
202630100808,2026-10-08,8,ブッシュドノエル,3.0,3.0,亀井洋司,55.0,,8.0,9.0,門別,3歳以上C3ー2C4,2:04.1,5.8,曇,9.0,10.0,門別,グランシャリオドリー(C3),2:00.4,3.2,晴,6.0,6.0,門別,共済ホール賞(C3),2:00.9,1.5,曇,10.0,10.0,門別,リボンナポリン賞(C3),1:55.1,4.1,晴,8.0,11.0,門別,グランシャリオドリー(C3),2:01.4,3.2,曇,122.5,7.0,,nar,2026-10-08,43.95,42.8,56.0,0.0,51.5,54.8,46.5,総合評価
202644100808,2026-10-08,8,プレストライズ,2.0,2.0,張田昂,56.0,,8.0,9.0,大井,月白賞(C1四),1:16.1,2.9,曇,14.0,8.0,大井,タイタン賞(C1四),1:15.7,3.1,曇,9.0,10.0,大井,C1二 三四(C1三),1:30.0,2.3,雨,11.0,6.0,船橋,福寿草特別(C1),1:49.6,4.4,晴,6.0,4.0,船橋,大吉賞(C1),1:46.8,0.8,晴,56.9,6.0,,nar,2026-10-08,34.99,29.6,36.5,0.0,62.0,43.8,43.8,履歴少
202647100808,2026-10-08,8,ホクセンキングオー,4.0,4.0,東川慎,57.0,,8.0,8.0,笠松,C3組,1:48.6,2.5,晴,8.0,5.0,笠松,マックル賞(C),1:50.2,3.5,曇,6.0,6.0,笠松,C級サバイバル,1:31.2,2.2,雨,6.0,6.0,笠松,地方競馬初来場記念(C),1:33.2,1.7,晴,7.0,8.0,笠松,濱口ハンナ生誕記念2(C),1:33.4,1.7,晴,55.1,8.0,,nar,2026-10-08,41.67,50.3,45.5,0.0,42.5,51.3,43.8,履歴少
202647100808,2026-10-08,8,マスティカーレ,8.0,8.0,望月洵輝,55.0,,7.0,5.0,笠松,細久手宿特別(3歳),1:33.2,4.0,雨,18.0,5.0,2中京5,3歳未勝利,1:21.4,1.6,曇,10.0,6.0,3京都12,3歳未勝利,1:34.1,0.6,晴,4.0,10.0,3京都8,3歳未勝利,1:33.7,0.3,晴,15.0,5.0,1阪神3,3歳未勝利,1:28.5,2.9,晴,3.2,2.0,,nar,2026-10-08,34.16,32.4,16.4,14.6,78.5,36.3,48.8,履歴少 / 近走上向き
202650100808,2026-10-08,8,マルカボヌール,2.0,2.0,長尾翼玖,57.0,,8.0,7.0,園田,3歳AB,1:36.3,2.8,曇,9.0,9.0,姫路,JRA交流鉢伏山特別,1:44.0,2.9,晴,7.0,2.0,園田,2歳,1:23.7,2.4,晴,4.0,3.0,園田,JRA認定アッパート,1:33.5,0.9,晴,8.0,7.0,園田,兵庫ジュベナイルカッ(重賞),1:32.9,2.7,曇,56.1,8.0,,nar,2026-10-08,41.46,48.3,39.2,14.6,44.0,46.4,50.1,クラス条件好転 / 履歴少
202630100808,2026-10-08,8,ミッションアイズ,5.0,5.0,金山昇馬,57.0,,5.0,7.0,門別,3歳以上C3ー2C4,1:46.0,2.0,曇,10.0,11.0,門別,キレートレモンMUK(C3),1:02.9,1.3,曇,5.0,7.0,門別,3歳以上C3ー2C4,1:15.2,0.6,晴,9.0,10.0,門別,ヒマワリ特別(C3),1:16.4,1.4,晴,11.0,12.0,門別,3歳以上C3ー2C4,1:16.3,2.0,曇,71.4,6.0,,nar,2026-10-08,55.68,48.4,60.5,50.2,72.5,56.7,49.6,履歴少 / 近走上向き
202650100808,2026-10-08,8,ヤマタケボニータ,6.0,6.0,下原理,57.0,,7.0,5.0,2新潟8,3歳未勝利,1:56.4,1.3,晴,4.0,9.0,2新潟4,3歳未勝利,1:56.0,2.1,曇,5.0,14.0,2福島5,3歳未勝利,1:47.2,0.4,曇,10.0,14.0,3東京3,3歳未勝利,1:39.6,2.4,晴,7.0,12.0,1新潟7,3歳未勝利,1:56.4,3.0,晴,2.7,1.0,,nar,2026-10-08,59.55,57.6,74.6,44.7,47.0,67.9,50.0,前走人気以上 / 人気以上に走る傾向 / 過小評価傾向
202650100808,2026-10-08,8,ララテロワール,4.0,4.0,杉浦健太,57.0,,9.0,9.0,園田,元宝塚彩羽真矢☆来場(C2),1:35.0,3.9,晴,11.0,11.0,園田,神戸ビーフ特別C1一,1:34.5,3.7,晴,9.0,10.0,園田,C1二,1:34.8,3.2,曇,9.0,11.0,園田,C1,1:32.7,3.3,晴,5.0,7.0,園田,C1一,1:32.7,1.2,晴,41.1,7.0,,nar,2026-10-08,42.55,35.3,54.9,10.3,47.0,54.9,49.3,クラス条件好転 / 履歴少
202644100808,2026-10-08,8,リリーバローズ,5.0,5.0,瀬川将輝,54.0,,12.0,15.0,大井,りょうけん座特別競走(C1),2:11.9,2.5,晴,13.0,13.0,大井,C1三 四五(C1四),1:46.5,3.8,曇,10.0,11.0,川崎,猛虎特別(C1),2:18.7,2.6,晴,5.0,10.0,浦和,季春特別(C1),2:15.0,1.5,晴,,,川崎,キングセイバー賞(C1),,,曇,156.5,7.0,,nar,2026-10-08,40.08,22.4,64.4,14.6,34.0,58.2,43.8,前走人気以上 / 履歴少
202650100808,2026-10-08,8,レディアエラ,7.0,7.0,土方颯太,55.0,,9.0,10.0,園田,C2一,1:34.5,3.9,晴,6.0,9.0,金沢,3歳B 3,1:41.2,2.2,晴,8.0,9.0,金沢,3歳B 2,1:36.1,3.2,曇,5.0,6.0,金沢,3歳B 3,1:35.4,2.9,晴,5.0,5.0,金沢,3歳B 3,1:42.8,1.3,晴,119.0,9.0,,nar,2026-10-08,48.52,51.5,59.8,24.9,32.0,56.5,50.0,総合評価
202644100808,2026-10-08,8,ヴォラーレ,3.0,3.0,東原悠善,56.0,,10.0,12.0,川崎,竜胆賞(C1),1:35.1,2.4,雨,11.0,13.0,川崎,水引賞(C1),1:34.1,2.1,晴,7.0,7.0,川崎,納涼賞(C1),1:34.0,2.9,晴,6.0,4.0,川崎,かながわ綾瀬のへそ祭(C1),1:33.5,1.9,晴,6.0,12.0,川崎,C1一 二,1:32.8,1.6,曇,267.5,8.0,,nar,2026-10-08,42.18,38.7,60.0,0.0,35.0,56.1,48.8,履歴少
202630100809,2026-10-08,9,アクアトレジャー,12.0,8.0,宮内勇樹,57.0,,2.0,3.0,門別,3歳以上C3ー2C4,1:51.5,0.1,曇,6.0,4.0,門別,ジオグリフ賞(C3),1:52.2,1.4,晴,5.0,3.0,門別,グランシャリオドリー(C3),1:52.6,1.5,曇,6.0,2.0,門別,リボンナポリン賞(C3),1:52.9,1.9,晴,1.0,2.0,門別,門別音頭祭り特別(C4),1:50.1,-1.8,曇,10.4,5.0,,nar,2026-10-08,59.52,75.4,42.5,60.5,65.0,56.1,52.9,門別実績 / 履歴少 / 近走上向き / 安定感
202650100809,2026-10-08,9,アサメシマエ,11.0,8.0,竹村達也,57.0,,5.0,8.0,園田,秋の駒賞C1,0:50.9,1.1,晴,6.0,7.0,園田,JRA交流妙見山特別,2:09.3,4.3,雨,9.0,9.0,園田,C1,1:33.4,2.9,晴,4.0,6.0,園田,C2一,1:34.0,1.6,晴,8.0,5.0,園田,C2一,1:33.0,2.4,晴,30.0,10.0,,nar,2026-10-08,56.33,58.4,58.0,45.0,60.5,58.2,52.6,クラス条件好転 / 前走人気以上 / 履歴少 / 市場オッズ妙味
202647100809,2026-10-08,9,アルレーヴ,7.0,7.0,藤原幹生,56.0,,11.0,11.0,4中山3,2歳新馬,1:51.9,13.3,曇,,,,,,,,,,,,,,,,,,,,,,,,,,,,,5.2,4.0,,nar,2026-10-08,38.28,34.0,40.6,29.6,40.6,40.6,48.8,履歴少 / サンプル少
202650100809,2026-10-08,9,アングラー,8.0,6.0,佐々木世,55.0,,6.0,4.0,園田,エキサイティングジョ(C1),1:20.0,1.0,雨,8.0,3.0,園田,キンモクセイ賞C1,1:21.0,1.0,雨,3.0,6.0,園田,青馬ひすみ☆配信記念(C1),0:51.2,0.3,晴,2.0,4.0,園田,ホオズキ賞C1一,1:19.5,0.4,晴,3.0,5.0,園田,青馬ひすみ☆ナイター(C1),1:20.5,0.7,晴,22.0,8.0,,nar,2026-10-08,52.82,67.9,44.7,44.7,38.0,56.3,52.9,園田実績 / 履歴少 / 市場オッズ妙味
202647100809,2026-10-08,9,アンナモエ,1.0,1.0,塚本征吾,55.0,,12.0,12.0,3中京3,2歳未勝利,2:04.0,10.1,曇,15.0,14.0,2新潟7,2歳新馬,1:25.8,3.6,晴,,,,,,,,,,,,,,,,,,,,,,3.8,2.0,,nar,2026-10-08,36.92,21.6,43.8,18.0,55.4,47.7,48.8,履歴少 / サンプル少
202647100809,2026-10-08,9,エムティルージュ,4.0,4.0,筒井勇介,55.0,,3.0,1.0,笠松,ビオラ特別(2歳),1:33.7,0.6,晴,1.0,3.0,門別,2歳未勝利,1:03.2,0.0,曇,7.0,7.0,門別,JRA認定競走アタッ(2歳),1:03.5,2.1,晴,4.0,1.0,門別,JRA認定競走フレッ(2歳),1:03.2,0.8,曇,,,,,,,,3.8,3.0,,nar,2026-10-08,60.84,80.1,45.7,69.9,56.0,53.2,48.8,履歴少 / 安定感
202644100809,2026-10-08,9,エリザベートバディ,1.0,1.0,山中悠希,54.0,,8.0,9.0,大井,ピンポン賞(C1七),1:15.6,1.2,雨,8.0,5.0,大井,夏椿特別競走(3歳),1:29.7,2.9,曇,5.0,7.0,大井,3歳 選抜牝馬,1:28.9,1.1,雨,4.0,3.0,大井,あおば特別競走(3歳二),1:29.7,2.0,晴,2.0,3.0,大井,3歳一 二三(3歳二),1:29.2,0.5,晴,24.9,9.0,,nar,2026-10-08,50.68,58.4,49.4,44.7,30.5,56.3,55.9,大井実績 / クラス条件好転 / 履歴少 / 市場オッズ妙味
202644100809,2026-10-08,9,カヴァス,9.0,7.0,横川怜央,56.0,,7.0,10.0,大井,くじら座特別競走(C1四),1:31.5,3.4,曇,8.0,10.0,大井,うお座特別競走(C1),1:48.5,2.4,曇,16.0,16.0,大井,C1五 六,1:16.7,3.0,曇,13.0,14.0,大井,C1二 三四(C1三),1:29.7,3.3,曇,10.0,10.0,大井,C1六 七,1:45.2,3.6,晴,188.9,12.0,,nar,2026-10-08,44.56,30.2,60.9,0.0,78.5,54.8,43.8,前走人気以上 / 履歴少 / 近走上向き
202650100809,2026-10-08,9,キタノセレナード,4.0,4.0,小谷周平,57.0,,12.0,11.0,園田,秋の駒賞C1,0:53.0,3.2,晴,12.0,11.0,園田,C1,0:53.1,2.6,雨,8.0,8.0,園田,B2二,1:35.8,4.6,晴,8.0,12.0,園田,虎のレジェンド!掛布(B2),1:33.6,1.8,晴,11.0,12.0,園田,文月特別B2,1:32.6,2.6,晴,436.1,12.0,,nar,2026-10-08,35.05,23.8,50.9,0.0,36.5,52.9,43.8,履歴少
202647100809,2026-10-08,9,キックアウト,6.0,6.0,松本一心,56.0,,9.0,10.0,笠松,ジュニアクラウン(OP)(2歳),1:34.0,3.7,晴,1.0,4.0,笠松,笠松デビュー馬未勝利(2歳),1:34.9,-0.1,曇,6.0,3.0,笠松,ミルクスイーツフェス(2歳),1:35.9,4.1,晴,3.0,3.0,笠松,2歳新馬,0:51.6,1.2,晴,,,,,,,,18.2,6.0,,nar,2026-10-08,51.77,66.9,53.6,39.5,16.0,60.0,51.2,笠松実績 / 履歴少 / 市場オッズ妙味
202644100809,2026-10-08,9,クチャモザクワジャ,11.0,8.0,矢野貴之,56.0,,10.0,3.0,大井,ピンポン賞(C1七),1:15.9,1.5,雨,3.0,2.0,大井,秋麗賞(C1七),1:13.6,0.3,曇,7.0,2.0,大井,C1七 八,1:15.1,0.8,曇,1.0,2.0,大井,ジン・フィズ賞(C2四),1:13.8,-0.1,晴,4.0,3.0,大井,C1八 九,1:14.1,1.0,晴,6.8,4.0,,nar,2026-10-08,43.55,62.2,26.7,49.8,12.5,49.7,52.9,大井実績 / 履歴少
202644100809,2026-10-08,9,クラウドセイル,6.0,5.0,東原悠善,56.0,,11.0,12.0,3新潟2,3歳以上1勝クラス,2:00.7,2.6,晴,9.0,9.0,1新潟2,4歳以上1勝クラス,1:48.4,1.1,曇,10.0,10.0,1中京5,4歳以上1勝クラス,2:02.1,0.7,晴,8.0,12.0,1中山5,4歳以上1勝クラス,2:00.0,0.8,晴,3.0,15.0,5中京5,ヤングJSFR中京1(1勝クラス),2:00.4,0.3,小雨,14.0,7.0,,nar,2026-10-08,44.12,35.7,64.9,10.3,29.0,64.0,48.8,履歴少 / 市場オッズ妙味
202644100809,2026-10-08,9,グラスコメット,10.0,7.0,張田昂,54.0,,4.0,7.0,大井,ピンポン賞(C1七),1:15.2,0.8,雨,4.0,10.0,大井,秋麗賞(C1七),1:13.7,0.4,曇,10.0,13.0,大井,C1五 六,1:15.6,1.9,曇,6.0,11.0,大井,ハーレーダビッドソン(C1),1:13.9,1.9,晴,12.0,15.0,大井,タイタン賞(C1四),1:14.9,2.3,曇,18.7,8.0,,nar,2026-10-08,66.16,57.6,78.3,55.3,74.0,77.0,49.6,前走人気以上 / 履歴少 / 人気以上に走る傾向 / 近走上向き
202630100809,2026-10-08,9,グラムエッジ,7.0,6.0,小野楓馬,57.0,,1.0,1.0,門別,3歳以上C4ー2,1:52.2,0.0,晴,4.0,1.0,門別,伊藤忠エネクスホーム(C4),1:59.6,1.5,曇,6.0,8.0,2新潟4,3歳未勝利,1:56.2,2.3,曇,6.0,5.0,2東京9,3歳未勝利,2:14.3,1.8,曇,7.0,5.0,2中山7,3歳未勝利,1:57.1,0.5,晴,2.7,1.0,,nar,2026-10-08,61.14,75.3,45.1,55.3,78.5,51.6,59.5,門別実績 / 履歴少 / 近走上向き
202644100809,2026-10-08,9,サマニデンカ,4.0,4.0,江里口裕,56.0,,1.0,12.0,大井,フォーチュネイトりん(3歳C1),1:14.8,-0.6,雨,5.0,8.0,大井,3歳四 五,1:14.8,0.8,曇,14.0,14.0,大井,3歳一 二三(3歳二),1:15.2,2.2,曇,,,大井,3歳一 二三(3歳二),,,曇,4.0,10.0,大井,3歳四 五六(3歳五),1:15.7,1.1,曇,30.4,10.0,,nar,2026-10-08,73.73,64.6,88.6,65.7,90.0,72.5,55.3,大井実績 / 前走人気以上 / 履歴少 / 人気以上に走る傾向
202644100809,2026-10-08,9,シュルーズベリー,12.0,8.0,藤本現暉,54.0,,12.0,11.0,大井,ピンポン賞(C1七),1:16.9,2.5,雨,9.0,7.0,大井,秋麗賞(C1七),1:14.6,1.3,曇,11.0,10.0,大井,クレマチス特別競走(C1),1:15.1,1.7,晴,7.0,6.0,大井,ツアリーヌ賞(C1四),1:29.2,1.8,曇,4.0,5.0,大井,デネボラ特別競走(C1),1:28.8,1.1,晴,45.9,11.0,,nar,2026-10-08,34.89,32.0,42.7,10.3,24.5,49.1,46.3,履歴少
202630100809,2026-10-08,9,シンデレラダッシュ,10.0,7.0,服部茂史,55.0,,4.0,6.0,門別,3歳以上C3ー2C4,1:52.1,0.7,曇,5.0,5.0,門別,ジオグリフ賞(C3),1:52.2,1.4,晴,2.0,2.0,門別,共済ホール賞(C3),2:00.2,0.8,曇,4.0,2.0,門別,北海道日高乳業ヨーグ(C3),1:44.7,0.9,曇,3.0,5.0,1新潟2,3歳未勝利,1:48.6,0.3,曇,7.5,4.0,,nar,2026-10-08,66.69,78.0,53.7,100.0,47.0,59.9,59.5,門別実績 / 履歴少 / 安定感
202644100809,2026-10-08,9,ジーティーグラン,5.0,5.0,藤田凌,56.0,,2.0,4.0,大井,3歳一 二三(3歳二),1:14.1,0.8,曇,2.0,5.0,大井,3歳一 二三(3歳二),1:28.3,0.6,曇,5.0,4.0,大井,あおば特別競走(3歳二),1:29.8,2.1,晴,2.0,4.0,大井,3歳四 五六(3歳五),1:29.4,0.2,曇,1.0,1.0,大井,仙川賞(3歳),1:15.6,-0.6,晴,6.6,3.0,,nar,2026-10-08,72.08,88.1,60.1,100.0,53.0,61.9,59.5,大井実績 / 履歴少 / 安定感
202630100809,2026-10-08,9,スイートキャンディ,6.0,5.0,亀井洋司,55.0,,9.0,4.0,門別,3歳以上C3ー2C4,1:54.0,2.6,曇,3.0,6.0,門別,ジオグリフ賞(C3),1:51.6,0.8,晴,3.0,4.0,門別,グランシャリオドリー(C3),1:51.9,0.8,曇,2.0,8.0,門別,リボンナポリン賞(C3),1:51.9,0.9,晴,6.0,6.0,門別,北海道日高乳業ヨーグ(C3),1:45.1,1.3,曇,68.9,8.0,,nar,2026-10-08,53.92,68.1,52.1,59.3,17.0,56.8,52.5,門別実績
202630100809,2026-10-08,9,スタンピー,4.0,4.0,松井伸也,55.0,,6.0,8.0,門別,3歳以上C3ー2C4,1:16.5,2.3,晴,7.0,8.0,門別,キレートレモンWレモ(C3),1:15.8,1.2,曇,6.0,2.0,門別,3歳以上C3ー2C4,1:15.9,1.3,晴,14.0,14.0,1函館12,3歳以上1勝クラス,1:48.0,4.9,曇,8.0,8.0,1函館8,3歳以上1勝クラス,1:49.8,4.6,曇,102.6,10.0,,nar,2026-10-08,44.78,47.6,50.5,0.0,66.5,50.9,42.3,近走上向き
202650100809,2026-10-08,9,セレリタス,7.0,6.0,笹田知宏,57.0,,1.0,1.0,姫路,播磨町のやよいちゃん(BC1),0:50.9,-0.3,晴,5.0,2.0,姫路,PLAY!オッズパー(B),1:35.9,0.9,晴,5.0,4.0,園田,3歳一,1:33.4,0.9,晴,1.0,1.0,園田,伊由市場7ハロン2歳,1:33.6,-0.3,曇,2.0,2.0,園田,NewBeginni(初出),1:34.9,0.1,曇,8.8,5.0,,nar,2026-10-08,67.68,84.9,43.4,100.0,63.5,56.7,59.5,園田実績 / 履歴少 / 安定感
202650100809,2026-10-08,9,ディナーラッシュ,9.0,7.0,小牧太,55.0,,1.0,1.0,園田,C2,0:50.6,-0.1,曇,8.0,3.0,園田,豪快キャプテン☆来場(C1),0:52.2,1.1,晴,5.0,2.0,園田,C1二,0:51.0,0.4,晴,6.0,3.0,園田,C1,0:50.7,0.6,曇,3.0,1.0,園田,ムスカリ賞C1,1:20.7,0.4,雨,5.3,3.0,,nar,2026-10-08,56.65,72.2,32.6,60.5,77.0,48.6,52.9,園田実績 / 履歴少 / 近走上向き / 安定感
202630100809,2026-10-08,9,ドリームジャック,8.0,6.0,小川悠汰,54.0,,5.0,6.0,門別,3歳以上C3ー2C4,1:15.7,1.4,晴,7.0,5.0,門別,グランシャリオドリー(C3),1:58.5,1.3,晴,2.0,6.0,門別,インパチェンス特別(C3),1:15.9,0.8,曇,9.0,4.0,門別,リンドウ特別(C3),1:16.8,2.2,晴,4.0,8.0,門別,ホクレングリーンプラ(C3),1:02.2,0.3,雨,78.0,9.0,,nar,2026-10-08,57.18,64.9,52.0,60.5,53.0,54.8,52.5,門別実績 / 安定感
202650100809,2026-10-08,9,バクレツマホウ,10.0,7.0,永井孝典,55.0,,6.0,4.0,園田,忘れな草賞B1B2,0:51.1,1.4,曇,3.0,1.0,姫路,キンセンカ賞B2,0:50.9,0.2,曇,2.0,1.0,姫路,B2,0:50.9,0.0,曇,7.0,7.0,姫路,B2二,1:35.6,2.2,晴,1.0,3.0,園田,ビオラ賞C1,0:50.7,-0.1,晴,12.5,7.0,,nar,2026-10-08,55.21,75.3,42.3,55.0,33.5,58.8,51.2,園田実績 / 履歴少 / 市場オッズ妙味
202644100809,2026-10-08,9,ビーンスモークモカ,2.0,2.0,笹川翼,54.0,,8.0,4.0,大井,りゅう座特別競走(C1),2:10.8,1.6,曇,1.0,4.0,大井,立秋特別競走(C2),2:40.0,-0.8,曇,5.0,7.0,大井,わし座特別競走(C2),2:10.3,0.6,晴,7.0,5.0,大井,ヘラクレス座特別競走(C2),1:58.5,2.1,曇,3.0,7.0,大井,C2三 四五(C2四),1:13.6,0.3,晴,7.5,5.0,,nar,2026-10-08,54.6,68.0,50.3,55.0,26.0,60.5,52.9,大井実績 / 履歴少
202650100809,2026-10-08,9,ピンクマーベル,12.0,8.0,井上幹太,55.0,,2.0,5.0,園田,C1,0:51.1,0.6,雨,8.0,3.0,園田,青馬ひすみ☆配信記念(C1),0:51.7,0.8,晴,1.0,3.0,園田,C1一,0:50.3,-0.4,晴,2.0,3.0,園田,C1二,0:50.3,0.1,曇,8.0,9.0,園田,C1,0:51.8,1.8,曇,4.2,1.0,,nar,2026-10-08,63.02,76.7,52.2,64.7,66.5,57.4,52.5,園田実績 / 前走人気以上 / 近走上向き / 安定感
202650100809,2026-10-08,9,フェアリータイザン,5.0,5.0,田野豊三,56.0,,1.0,1.0,園田,C1,0:50.5,-0.6,雨,1.0,1.0,園田,南あわじ市ゆめるん特(C2),0:49.8,0.0,晴,3.0,4.0,園田,C2一,0:50.1,0.0,晴,10.0,6.0,園田,C1,0:51.7,1.3,雨,5.0,4.0,園田,ユリ賞C1,0:50.8,0.8,曇,4.5,2.0,,nar,2026-10-08,66.52,83.0,46.6,85.4,72.5,53.8,56.2,園田実績 / 履歴少 / 近走上向き / 安定感
202630100809,2026-10-08,9,フォークスアップ,1.0,1.0,桑村真明,57.0,,6.0,2.0,門別,3歳以上C3ー2C4,1:16.7,2.3,晴,5.0,2.0,門別,3歳以上C3ー2C4,1:16.9,0.9,晴,1.0,3.0,門別,世界へ羽ばたけ!ひだ(C4),1:15.9,-0.2,曇,10.0,9.0,1函館10,3歳未勝利,1:11.1,0.8,雨,7.0,16.0,1函館5,3歳未勝利,1:09.9,0.7,晴,20.4,7.0,,nar,2026-10-08,53.37,64.4,44.5,44.7,48.5,58.2,53.1,門別実績 / 市場オッズ妙味
202644100809,2026-10-08,9,フルグライト,8.0,6.0,鷹見陸,56.0,,2.0,4.0,大井,ピンポン賞(C1七),1:14.9,0.5,雨,5.0,3.0,大井,秋麗賞(C1七),1:13.7,0.4,曇,12.0,1.0,大井,C1七 八,1:16.2,1.9,曇,1.0,1.0,大井,黎明賞(C1),1:14.3,-0.7,晴,1.0,1.0,大井,C2五 六,1:14.2,-0.3,晴,4.7,2.0,,nar,2026-10-08,58.9,72.2,35.6,80.2,66.5,49.4,56.2,大井実績 / 履歴少 / 近走上向き / 安定感
202630100809,2026-10-08,9,ホウオウミンスター,3.0,3.0,落合玄太,57.0,,3.0,1.0,門別,3歳以上C3ー2C4,1:51.6,0.2,曇,1.0,2.0,門別,伊藤忠エネクスホーム(C4),1:58.1,-1.1,曇,5.0,6.0,2京都2,3歳新馬,1:27.7,0.5,晴,,,,,,,,,,,,,,,3.4,2.0,,nar,2026-10-08,64.15,85.1,48.5,75.1,50.0,55.2,59.5,門別実績 / 履歴少 / 安定感
202650100809,2026-10-08,9,ミストルティン,6.0,5.0,南部楓馬,54.0,,4.0,5.0,園田,秋の駒賞C1,0:50.6,0.8,晴,5.0,3.0,園田,C1,0:51.3,0.8,雨,4.0,8.0,園田,C1,0:50.7,0.8,晴,3.0,8.0,園田,C1二,0:51.0,0.3,晴,6.0,11.0,園田,C1,0:51.0,1.3,曇,23.1,9.0,,nar,2026-10-08,67.31,73.5,62.9,89.7,53.0,64.8,54.5,園田実績 / 安定感 / 市場オッズ妙味
202644100809,2026-10-08,9,メイショウアキカゼ,3.0,3.0,和田譲治,54.0,,4.0,3.0,大井,ハーレーダビッドソン(C1),1:13.5,1.5,晴,1.0,4.0,大井,C1八 九,1:13.1,-0.2,晴,4.0,3.0,大井,パナシェ賞(C1),1:14.4,0.9,曇,3.0,3.0,大井,C1八 九,1:14.1,0.2,晴,6.0,3.0,大井,C1九 十,1:15.3,0.8,晴,3.3,1.0,,nar,2026-10-08,64.26,81.5,49.6,89.7,47.0,53.8,56.2,大井実績 / 履歴少 / 安定感
202650100809,2026-10-08,9,メイショウマサツラ,2.0,2.0,山本咲希,57.0,,3.0,2.0,園田,C1,0:51.1,0.6,雨,7.0,6.0,園田,C1一,1:21.0,1.3,晴,6.0,7.0,園田,ホオズキ賞C1一,1:19.9,0.8,晴,6.0,4.0,園田,青馬ひすみ☆ナイター(C1),1:20.9,1.1,晴,5.0,5.0,園田,C1一,0:51.0,1.4,曇,6.3,4.0,,nar,2026-10-08,55.26,66.1,45.5,40.7,68.0,55.9,49.6,履歴少 / 近走上向き
202647100809,2026-10-08,9,モチロンコクラ,3.0,3.0,細川智史,55.0,,14.0,14.0,4中山2,2歳未勝利,1:13.1,2.8,雨,17.0,17.0,3新潟3,2歳新馬,1:26.4,3.3,小雨,,,,,,,,,,,,,,,,,,,,,,10.0,5.0,,nar,2026-10-08,36.59,18.0,45.5,18.0,55.4,49.6,48.8,履歴少 / サンプル少
202644100809,2026-10-08,9,ヤンノカステップ,7.0,6.0,達城龍次,54.0,,5.0,4.0,大井,月白賞(C1四),1:14.5,1.3,曇,7.0,6.0,大井,月見特別競走(C1四),1:13.7,0.9,雨,5.0,7.0,大井,C1五 六,1:14.8,1.1,曇,3.0,5.0,大井,ハーレーダビッドソン(C1),1:13.3,1.3,晴,5.0,7.0,大井,プランターズ・パンチ(C1),1:14.1,1.7,晴,13.4,6.0,,nar,2026-10-08,60.99,66.3,52.4,75.1,50.0,63.6,59.2,大井実績 / クラス条件好転 / 履歴少 / 安定感
202630100809,2026-10-08,9,ラヴィレット,5.0,5.0,金山昇馬,57.0,,3.0,2.0,門別,3歳以上C3ー2C4,1:15.3,1.0,晴,4.0,6.0,門別,プレセペ特別(C1),1:16.1,0.5,晴,1.0,5.0,門別,3歳以上C4ー2,1:15.2,-0.2,曇,10.0,8.0,1函館9,3歳未勝利,1:50.4,6.1,曇,12.0,8.0,3京都2,3歳未勝利,1:57.1,2.6,晴,17.6,6.0,,nar,2026-10-08,64.1,69.6,52.0,75.1,72.5,61.6,58.2,門別実績 / クラス条件好転 / 近走上向き / 安定感
202647100809,2026-10-08,9,ルナヴィクトワール,2.0,2.0,丸野勝虎,55.0,,4.0,5.0,笠松,新月特別(2歳),1:36.2,2.4,雨,7.0,4.0,笠松,線香花火特別(2歳),1:36.7,4.8,晴,3.0,3.0,笠松,月下美人特別(2歳),1:35.5,1.2,晴,3.0,4.0,笠松,夏茜特別(2歳),1:34.8,2.6,晴,3.0,1.0,笠松,2歳新馬,0:52.2,1.8,晴,35.4,7.0,,nar,2026-10-08,59.99,73.6,46.5,75.1,50.0,54.3,56.2,笠松実績 / 履歴少 / 安定感 / 市場オッズ妙味
202630100809,2026-10-08,9,ロンギングドルチェ,2.0,2.0,阿部龍,55.0,,6.0,10.0,門別,3歳以上C3ー2C4,1:52.7,1.3,曇,7.0,6.0,門別,日高生産連賞(C3),1:38.8,2.0,晴,4.0,7.0,門別,祝30周年!SPAT(C3),1:47.0,1.9,曇,8.0,8.0,門別,北海道コーン茶賞(C3),1:40.0,1.6,晴,7.0,5.0,門別,北海道日高乳業ヨーグ(C3),1:45.8,2.0,曇,137.5,11.0,,nar,2026-10-08,51.83,58.0,59.5,19.8,53.0,55.2,48.5,前走人気以上
202630100809,2026-10-08,9,ワイルドカグラ,11.0,8.0,黒澤愛斗,55.0,,1.0,3.0,門別,グランシャリオドリー(C4),1:15.3,-0.4,晴,14.0,11.0,1札幌5,3歳未勝利,1:58.6,12.7,曇,7.0,5.0,1札幌2,3歳未勝利,1:48.5,2.5,晴,6.0,10.0,3阪神4,3歳未勝利,1:56.4,0.5,曇,10.0,8.0,3京都8,3歳未勝利,1:56.2,1.2,晴,4.9,3.0,,nar,2026-10-08,54.46,52.3,48.9,30.4,99.5,54.4,48.8,履歴少 / 近走上向き
202647100809,2026-10-08,9,ワンサックショート,5.0,5.0,望月洵輝,55.0,,6.0,10.0,門別,JA共済3QC(OP)(2歳),1:16.6,2.1,曇,6.0,4.0,門別,クリスタル特別(OP)(2歳),1:04.8,3.5,雨,1.0,7.0,門別,JRA認定競走フレッ(2歳),1:02.8,-0.1,晴,,,,,,,,,,,,,,,2.8,1.0,,nar,2026-10-08,56.12,70.5,67.7,19.8,35.0,62.0,48.8,前走人気以上 / 履歴少 / 人気以上に走る傾向
202650100809,2026-10-08,9,ヴァンセゾニエ,1.0,1.0,塩津璃菜,53.0,,2.0,1.0,園田,秋の駒賞C1,0:49.9,0.1,晴,3.0,4.0,園田,C1,0:50.7,0.8,晴,5.0,2.0,園田,C1二,0:51.1,0.4,晴,7.0,9.0,園田,C1,0:51.6,1.2,雨,6.0,9.0,園田,ユリ賞C1,0:50.8,0.8,曇,9.1,6.0,,nar,2026-10-08,64.37,76.1,49.7,75.1,69.5,60.7,52.9,園田実績 / 履歴少 / 近走上向き / 安定感
202630100809,2026-10-08,9,ヴィフアクター,9.0,7.0,藤田凌駕,54.0,,8.0,8.0,門別,グランシャリオドリー(C3),1:59.8,2.6,晴,4.0,8.0,門別,グランシャリオドリー(C3),1:52.4,1.3,曇,10.0,10.0,門別,グランシャリオドリー(C3),2:01.8,3.6,曇,7.0,6.0,門別,大人になった内藤耀悠(C3),1:46.8,2.6,晴,10.0,9.0,大井,JAいちかわ賞(C2),2:42.6,3.8,晴,190.3,12.0,,nar,2026-10-08,47.71,48.3,55.2,24.9,48.5,52.9,47.1,履歴少
202650100809,2026-10-08,9,ヴェレノージ,3.0,3.0,新庄海誠,55.0,,8.0,10.0,園田,C1,0:51.7,1.2,雨,7.0,10.0,園田,青馬ひすみ☆配信記念(C1),0:51.7,0.8,晴,8.0,7.0,園田,B2,0:51.6,1.0,晴,9.0,9.0,園田,青馬ひすみ☆配信記念(B1B2),0:52.3,2.4,晴,10.0,8.0,園田,忘れな草賞B1B2,0:52.1,2.4,曇,83.1,11.0,,nar,2026-10-08,43.83,43.2,56.7,0.0,53.0,52.9,43.8,履歴少
202630100810,2026-10-08,10,イッツクール,1.0,1.0,服部茂史,55.0,,8.0,7.0,門別,連合北海道日高地域協(A1),1:01.7,1.2,曇,5.0,4.0,門別,十勝軽種馬農業協同組(A1),1:01.2,0.5,曇,5.0,5.0,門別,グランシャリオ門別ス(重賞),1:01.3,1.0,曇,1.0,4.0,門別,シバザクラ特別(A1),1:01.1,-0.1,晴,4.0,6.0,門別,ベロニカ特別(A1),1:13.9,0.8,曇,26.9,5.0,,nar,2026-10-08,55.75,66.2,50.6,69.6,24.5,58.2,56.2,門別実績 / 履歴少 / 安定感 / 市場オッズ妙味
202650100810,2026-10-08,10,ウィスピースノー,12.0,8.0,新庄海誠,55.0,,3.0,3.0,園田,C3一,1:32.4,1.4,曇,5.0,1.0,園田,不撓不屈ファイナルス(C3),1:21.4,0.4,曇,5.0,10.0,園田,C2一,1:32.6,0.6,雨,8.0,6.0,園田,立売堀7ハロンC2一,1:33.1,2.1,晴,4.0,6.0,園田,カンナ賞C2一,1:33.4,0.8,晴,3.9,1.0,,nar,2026-10-08,63.06,70.2,49.3,85.4,65.0,56.4,56.2,園田実績 / 履歴少 / 近走上向き / 安定感
202644100810,2026-10-08,10,ウインアイリーン,10.0,6.0,本田正重,54.0,,2.0,5.0,大井,紀尾井坂賞競走(B3),1:28.4,0.8,晴,3.0,5.0,大井,サンパラソル賞(B3),1:26.7,0.7,曇,9.0,13.0,大井,東京スポーツ賞競走(B3),1:27.9,1.0,曇,8.0,4.0,大井,潮見坂賞競走(B3),1:28.7,1.5,曇,4.0,6.0,大井,錦華坂賞競走(B3),1:27.4,0.3,曇,21.1,8.0,,nar,2026-10-08,65.31,70.3,62.8,65.7,74.0,60.9,52.9,大井実績 / 前走人気以上 / 履歴少 / 近走上向き
202650100810,2026-10-08,10,エイシングリュック,6.0,5.0,小谷哲平,57.0,,2.0,6.0,園田,不撓不屈ハンデスプリ(C3),1:22.5,0.2,雨,12.0,11.0,園田,C3,0:53.2,2.1,雨,7.0,7.0,園田,C3,0:52.6,1.8,晴,9.0,8.0,園田,C3一,1:36.6,3.9,晴,3.0,6.0,園田,C3一,1:34.3,1.1,晴,17.1,11.0,,nar,2026-10-08,58.74,55.2,57.9,40.7,84.5,67.2,49.6,前走人気以上 / 履歴少 / 近走上向き / 過小評価傾向
202644100810,2026-10-08,10,エスプリボクチャン,3.0,2.0,藤田凌,56.0,,3.0,4.0,大井,日刊スポーツ賞競走(B3),1:27.7,0.4,曇,7.0,4.0,大井,デイリースポーツ賞競(B3),1:27.7,1.5,雨,12.0,3.0,大井,鼠坂賞競走(B3),1:30.1,4.0,曇,5.0,2.0,大井,錦華坂賞競走(B3),1:27.7,0.6,曇,2.0,11.0,大井,神楽坂賞競走(B3),1:27.4,0.3,曇,29.4,10.0,,nar,2026-10-08,53.85,60.3,37.9,55.3,71.0,53.0,52.9,大井実績 / 履歴少 / 近走上向き / 市場オッズ妙味
202647100810,2026-10-08,10,オドントグロッサム,7.0,7.0,高木健,55.0,,4.0,5.0,笠松,C5組,1:32.8,1.7,曇,2.0,4.0,笠松,ゆうた&なな結婚記念(C),1:35.2,1.9,雨,3.0,3.0,笠松,C11組,1:33.7,2.0,晴,7.0,7.0,笠松,田中将太技師昇進記念(C),1:34.3,2.0,晴,8.0,6.0,笠松,木之前葵騎手お誕生日(C),1:33.9,1.2,晴,16.0,5.0,,nar,2026-10-08,63.69,74.8,54.2,75.1,56.0,62.5,52.9,笠松実績 / 履歴少 / 安定感 / 市場オッズ妙味
202647100810,2026-10-08,10,オレオス,2.0,2.0,東川慎,57.0,,5.0,3.0,笠松,岐阜リオレーナ×笠松(3歳),1:44.5,0.2,曇,7.0,12.0,笠松,ぎふ清流C(重賞),1:29.1,1.1,晴,3.0,3.0,笠松,土岐川特別(3歳),1:30.4,0.4,雨,3.0,2.0,笠松,ごろごろの滝特別(3歳),1:31.7,0.7,晴,5.0,1.0,笠松,梅花特別(3歳),1:32.0,1.7,晴,1.3,1.0,,nar,2026-10-08,59.14,69.5,50.6,75.1,47.0,49.8,59.2,笠松実績 / クラス条件好転 / 履歴少 / 安定感
202644100810,2026-10-08,10,オーサムデアラー,7.0,4.0,東原悠善,56.0,,12.0,13.0,大井,八景坂賞競走(B3),1:45.1,2.8,晴,12.0,12.0,大井,貴船坂賞競走(B3),1:14.7,2.0,曇,13.0,11.0,大井,サマーバケーション賞(B3),1:29.6,3.6,曇,14.0,10.0,3阪神2,障害3歳以上未勝利,3:37.6,14.1,雨,10.0,11.0,1東京6,4歳以上1勝クラス,1:26.3,1.7,晴,141.1,14.0,,nar,2026-10-08,31.25,10.3,46.0,0.0,51.5,48.3,43.8,履歴少
202647100810,2026-10-08,10,カサナルキセキ,6.0,6.0,藤原幹生,55.0,,3.0,3.0,笠松,もういい。これからも(3歳),1:32.0,1.3,曇,9.0,10.0,笠松,細久手宿特別(3歳),1:33.6,4.4,雨,5.0,7.0,笠松,晩夏特別(3歳),1:31.8,1.7,晴,1.0,5.0,笠松,地方競馬騎手課程募集(3歳),1:30.9,-0.4,曇,8.0,3.0,笠松,好きです笠松競馬(3歳),1:34.0,3.2,晴,8.5,3.0,,nar,2026-10-08,61.77,67.1,55.0,64.7,66.5,60.4,55.9,笠松実績 / クラス条件好転 / 履歴少 / 近走上向き
202650100810,2026-10-08,10,カシスオレンジ,8.0,6.0,長谷川蓮,57.0,,8.0,8.0,園田,C3二,1:33.8,1.0,晴,4.0,3.0,園田,C3二,1:35.3,1.2,晴,4.0,4.0,園田,C3,1:22.7,0.7,晴,6.0,8.0,園田,C3一,1:34.9,1.8,曇,9.0,8.0,園田,介良7ハロンC3一,1:35.7,2.4,曇,20.5,12.0,,nar,2026-10-08,50.92,59.8,49.6,44.7,36.5,53.5,50.5,総合評価
202630100810,2026-10-08,10,キャストロポポ,6.0,6.0,亀井洋司,54.0,,5.0,6.0,門別,グランシャリオドリー(A3),1:01.5,0.4,晴,6.0,8.0,門別,ふるさと日高応援特別(A2),1:01.1,0.5,雨,6.0,7.0,門別,丸くなるな、星になれ(A1),1:14.1,1.1,晴,4.0,4.0,門別,ホクレン玉ねぎ「真白(A3),1:14.3,0.6,雨,7.0,9.0,門別,アルビレオ特別(A2),1:15.2,1.5,曇,162.5,8.0,,nar,2026-10-08,56.95,63.9,58.4,45.0,54.5,57.4,50.5,総合評価
202650100810,2026-10-08,10,グランテミス,9.0,7.0,大久保友,55.0,,5.0,6.0,園田,C3一,1:33.7,2.7,曇,11.0,9.0,園田,神垣7ハロンC2三,1:35.4,2.7,曇,6.0,9.0,園田,C2三,1:34.7,2.3,晴,8.0,9.0,園田,不来坂7ハロンC2二,1:35.4,1.7,曇,1.0,2.0,園田,C3二,1:33.5,-0.5,曇,16.4,10.0,,nar,2026-10-08,54.53,54.3,54.5,40.7,59.0,66.6,49.6,履歴少 / 過小評価傾向 / 市場オッズ妙味
202630100810,2026-10-08,10,ケイアイドリー,4.0,4.0,小野楓馬,58.0,,5.0,2.0,門別,ウポポイオータムスプ(重賞),1:14.7,2.0,晴,1.0,3.0,門別,サッポロビール150(A1),1:12.8,-0.1,曇,13.0,14.0,2中京2,東海S(GIII),1:25.8,3.0,晴,12.0,13.0,3阪神2,水無月S(OP),1:11.6,1.3,小雨,5.0,16.0,2中山8,千葉S(OP),1:11.2,0.5,晴,1.1,1.0,,nar,2026-10-08,59.19,55.2,57.5,65.7,66.5,58.2,59.5,門別実績 / 履歴少 / 近走上向き / 安定感
202644100810,2026-10-08,10,コスモブライヤー,11.0,6.0,野畑凌,56.0,,5.0,6.0,大井,紀尾井坂賞競走(B3),1:28.5,0.9,晴,6.0,10.0,大井,ハンター賞(B3),1:27.9,1.2,曇,11.0,9.0,大井,鼠坂賞競走(B3),1:29.7,3.6,曇,9.0,9.0,大井,錦華坂賞競走(B3),1:28.4,1.3,曇,9.0,4.0,大井,伝兵衛坂賞競走(B3),1:14.1,2.0,曇,86.4,12.0,,nar,2026-10-08,50.26,48.5,52.7,30.4,72.5,50.3,46.3,履歴少 / 近走上向き
202647100810,2026-10-08,10,サクセスブレイク,8.0,8.0,明星晴大,55.0,,4.0,3.0,笠松,3歳2組,1:31.0,0.4,曇,8.0,9.0,園田,C2一,1:33.2,2.1,雨,6.0,6.0,園田,厩橋7ハロンC2一,1:33.7,2.6,晴,7.0,8.0,園田,JRA交流摩耶山特別,1:32.9,2.5,晴,5.0,7.0,園田,C2一,1:32.1,1.5,晴,6.8,2.0,,nar,2026-10-08,55.43,60.5,52.1,40.7,65.0,60.1,48.8,履歴少 / 近走上向き
202650100810,2026-10-08,10,サトノグラン,3.0,3.0,河原田菜,57.0,,2.0,2.0,園田,C3二,1:32.9,0.1,晴,3.0,4.0,園田,松帆檪田7ハロンC3,1:33.6,1.1,雨,4.0,6.0,園田,トレニア賞C3一,1:33.3,0.5,晴,3.0,3.0,園田,烏帽子7ハロンC3二,1:34.6,0.7,晴,4.0,5.0,園田,英賀保7ハロンC3二,1:33.0,0.3,晴,4.4,2.0,,nar,2026-10-08,70.06,84.0,55.2,100.0,59.0,58.9,59.5,園田実績 / 履歴少 / 安定感
202650100810,2026-10-08,10,サンライズプライド,2.0,2.0,青海大樹,57.0,,9.0,5.0,園田,新月賞C3一,1:34.9,2.4,曇,4.0,4.0,園田,C2一,1:34.9,1.1,曇,3.0,4.0,姫路,C2一,1:34.9,0.3,晴,1.0,1.0,姫路,C2三,1:35.7,-0.1,晴,8.0,3.0,園田,食満7ハロンC2二,1:35.1,2.9,雨,12.5,6.0,,nar,2026-10-08,49.93,65.6,39.3,59.3,20.0,55.5,48.5,履歴少 / 市場オッズ妙味
202630100810,2026-10-08,10,シシャモフレンド,7.0,7.0,落合玄太,52.0,,9.0,7.0,門別,ふるさと日高応援特別(A2),1:02.2,1.6,雨,7.0,4.0,門別,グランシャリオドリー(A3),1:02.2,1.7,晴,1.0,2.0,門別,夕張メロン、味は特別(A4),1:01.6,-0.9,晴,7.0,1.0,門別,JA門別馬舞米特別(A3),1:02.5,1.5,曇,6.0,6.0,門別,ハルジオン特別(A3),1:01.5,0.8,晴,21.0,4.0,,nar,2026-10-08,41.72,57.4,35.8,19.8,27.5,48.2,46.3,履歴少 / 市場オッズ妙味
202644100810,2026-10-08,10,シビックフォイル,8.0,5.0,笹川翼,54.0,,13.0,8.0,大井,日刊スポーツ賞競走(B3),1:31.1,3.8,曇,10.0,3.0,大井,デイリースポーツ賞競(B3),1:28.9,2.7,雨,7.0,2.0,大井,サマーバケーション賞(B3),1:28.2,2.2,曇,1.0,1.0,大井,3歳 選抜牝馬,1:27.8,-0.4,雨,9.0,7.0,大井,東京プリンセス賞競走(重賞),1:58.2,3.6,曇,22.8,9.0,,nar,2026-10-08,28.19,36.8,18.8,14.6,12.5,39.3,46.3,履歴少
202630100810,2026-10-08,10,ジャイロ,8.0,8.0,藤田凌駕,56.0,,3.0,4.0,門別,連合北海道日高地域協(A1),1:01.1,0.6,曇,5.0,6.0,門別,ふるさと日高応援特別(A2),1:01.0,0.4,雨,7.0,5.0,門別,サッポロビール150(A1),1:14.6,1.8,曇,1.0,1.0,門別,十勝軽種馬農業協同組(A1),1:00.7,-0.1,曇,2.0,2.0,門別,日高銀聖特別(A2),1:00.9,0.3,曇,13.5,3.0,,nar,2026-10-08,63.95,76.9,51.1,80.2,54.5,61.1,54.5,門別実績 / 安定感 / 市場オッズ妙味
202630100810,2026-10-08,10,ジャスパーイーグル,2.0,2.0,宮内勇樹,54.0,,9.0,9.0,門別,連合北海道日高地域協(A1),1:02.4,1.9,曇,4.0,4.0,門別,ベゴニア特別(A3),1:01.1,0.9,晴,6.0,6.0,門別,日高銀聖特別(A2),1:01.6,1.0,曇,5.0,5.0,門別,アメリカンペイトリオ(A3),1:15.1,1.1,晴,6.0,3.0,門別,グランシャリオ門別ス(重賞),1:01.6,1.3,曇,107.1,6.0,,nar,2026-10-08,47.87,57.9,47.8,39.5,27.5,50.7,50.5,総合評価
202644100810,2026-10-08,10,ティアード,12.0,7.0,鷹見陸,54.0,,1.0,1.0,大井,キンモクセイ特別競走(C1),1:43.6,0.0,雨,6.0,4.0,大井,マーメイド特別競走(C1),1:27.6,0.5,晴,3.0,3.0,大井,大黒坂賞競走(B3),1:28.4,1.1,曇,2.0,3.0,大井,乙姫特別競走(C1),1:27.4,0.3,雨,3.0,2.0,大井,C1一 二三(C1二),1:41.5,0.8,晴,10.9,4.0,,nar,2026-10-08,65.44,84.0,46.8,75.1,65.0,58.9,56.2,大井実績 / 履歴少 / 近走上向き / 安定感
202630100810,2026-10-08,10,トレヴェナ,5.0,5.0,桑村真明,52.0,,1.0,1.0,門別,グランシャリオドリー(A3),1:01.1,-0.1,晴,3.0,2.0,門別,ふるさと日高応援特別(A2),1:00.7,0.1,雨,2.0,1.0,門別,ベゴニア特別(A3),1:00.4,0.2,晴,2.0,3.0,門別,グランシャリオドリー(A3),1:00.6,0.1,晴,3.0,2.0,門別,ホクレン玉ねぎ「真白(A3),1:14.0,0.3,雨,6.8,2.0,,nar,2026-10-08,69.96,91.6,47.2,100.0,59.0,56.9,59.5,門別実績 / 履歴少 / 安定感
202644100810,2026-10-08,10,ドライブミーホーム,1.0,1.0,張田昂,56.0,,3.0,8.0,大井,紀尾井坂賞競走(B3),1:28.5,0.9,晴,3.0,3.0,大井,シャンゼリゼ賞(C1四),1:27.9,1.0,雨,8.0,5.0,大井,フローズン・ダイキリ(C1三),1:43.0,1.6,曇,9.0,5.0,大井,C1二 三四(C1三),1:28.1,1.7,曇,3.0,2.0,大井,B3五,1:27.8,1.1,曇,16.6,7.0,,nar,2026-10-08,61.3,69.1,51.7,65.7,66.5,60.0,52.9,大井実績 / 前走人気以上 / 履歴少 / 近走上向き
202644100810,2026-10-08,10,ドレインザスワンプ,14.0,8.0,西優哉,51.0,,1.0,2.0,大井,花野特別競走(C1C2),1:26.9,-0.5,曇,6.0,5.0,大井,C1五 六,1:14.9,1.2,曇,3.0,4.0,大井,夏椿特別競走(3歳),1:27.5,0.7,曇,4.0,5.0,大井,3歳一 二三(3歳二),1:27.6,0.6,雨,4.0,8.0,大井,3歳 選抜牝馬,1:28.8,1.0,雨,14.1,6.0,,nar,2026-10-08,68.1,80.9,55.7,75.1,69.5,65.2,56.2,大井実績 / 履歴少 / 近走上向き / 安定感
202650100810,2026-10-08,10,ニシノウインド,7.0,6.0,阿部基嗣,57.0,,7.0,4.0,園田,C3,0:51.8,1.2,晴,2.0,2.0,園田,C3,1:22.2,0.2,晴,3.0,3.0,園田,C3一,0:51.7,0.5,晴,8.0,6.0,園田,C3一,1:35.5,2.8,晴,2.0,3.0,園田,C3二,1:32.6,0.1,晴,10.3,4.0,,nar,2026-10-08,53.68,71.3,42.3,55.0,30.5,57.3,52.9,園田実績 / 履歴少
202644100810,2026-10-08,10,ハーレムシャフル,6.0,4.0,西啓太,56.0,,1.0,6.0,大井,くじら座特別競走(C1四),1:28.1,0.0,曇,9.0,9.0,大井,BSイレブン賞競走(B3),1:42.3,1.9,晴,13.0,5.0,大井,丸の内坂賞競走(B3),1:29.4,2.2,雨,15.0,1.0,大井,神楽坂賞競走(B3),1:31.0,3.9,曇,1.0,1.0,大井,パリジャン賞(C1四),1:27.5,-0.2,晴,12.7,5.0,,nar,2026-10-08,51.42,50.5,35.3,40.7,100.0,49.8,49.6,前走人気以上 / 履歴少 / 近走上向き / 市場オッズ妙味
202630100810,2026-10-08,10,バリチューロ,3.0,3.0,金山昇馬,57.0,,8.0,8.0,門別,コスモス特別(A1),1:53.8,4.4,晴,7.0,7.0,門別,静内産ミニトマト太陽(A1),1:14.7,1.0,晴,7.0,7.0,高知,一本釣り特別(A),1:49.4,2.5,晴,10.0,6.0,高知,Aー2,1:33.0,2.2,晴,6.0,3.0,高知,PLAYオッズパーク,1:48.9,1.6,晴,126.6,7.0,,nar,2026-10-08,40.23,46.9,43.7,0.0,47.0,47.0,43.8,履歴少
202644100810,2026-10-08,10,パレスゴールド,15.0,8.0,和田譲治,56.0,,5.0,10.0,大井,日刊スポーツ賞競走(B3),1:28.2,0.9,曇,5.0,9.0,大井,ハンター賞(B3),1:27.9,1.2,曇,10.0,8.0,大井,サマーバケーション賞(B3),1:28.7,2.7,曇,11.0,10.0,大井,六角坂賞競走(B3),1:14.1,1.7,晴,5.0,5.0,大井,富士見坂賞競走(B3),1:14.7,2.3,晴,51.6,11.0,,nar,2026-10-08,59.37,53.1,63.8,65.7,66.5,57.4,52.9,大井実績 / 前走人気以上 / 履歴少 / 近走上向き
202650100810,2026-10-08,10,ファルコンエース,4.0,4.0,森田誠也,55.0,,4.0,10.0,園田,C3,1:21.5,0.7,晴,6.0,9.0,園田,C3一,1:23.3,1.8,雨,8.0,9.0,園田,C2一,1:33.4,2.0,雨,8.0,10.0,園田,C2一,1:35.2,2.6,晴,6.0,9.0,園田,C2一,1:32.3,1.7,晴,14.6,7.0,,nar,2026-10-08,60.28,59.4,73.6,30.4,68.0,68.3,46.3,前走人気以上 / 履歴少 / 人気以上に走る傾向 / 近走上向き
202644100810,2026-10-08,10,フェレザ,9.0,5.0,藤本現暉,54.0,,10.0,7.0,大井,ハンター賞(B3),1:29.2,2.5,曇,5.0,4.0,大井,サンパラソル賞(B3),1:27.2,1.2,曇,2.0,8.0,大井,マーメイド特別競走(C1),1:27.2,0.1,晴,12.0,3.0,大井,B3六,1:15.3,3.0,曇,6.0,5.0,大井,団子坂賞競走(B3),1:14.0,1.1,曇,90.2,13.0,,nar,2026-10-08,44.49,51.6,40.3,44.7,27.5,48.3,49.6,履歴少
202647100810,2026-10-08,10,プロペラシャフト,5.0,5.0,加藤利征,57.0,,5.0,6.0,笠松,大きい馬対小さい馬(C),1:34.1,1.6,晴,4.0,4.0,笠松,藤城氏金無いけど50(C),1:33.2,0.8,晴,2.0,7.0,笠松,祝!67期独立乗務1(C),1:31.7,2.1,曇,8.0,8.0,笠松,本日の旅費回収杯(C),1:48.7,3.4,晴,9.0,10.0,笠松,揚げた中華まん最高で(C),1:49.6,2.9,雨,74.1,8.0,,nar,2026-10-08,62.33,67.9,59.8,75.1,54.5,58.1,52.9,笠松実績 / 履歴少 / 安定感
202650100810,2026-10-08,10,ベジョータ,1.0,1.0,田山旺佑,57.0,,6.0,2.0,園田,自然田7ハロンC3一,1:34.9,2.2,晴,7.0,6.0,園田,C2二,1:34.2,1.5,雨,3.0,7.0,園田,ジニア賞C2一,1:32.9,1.3,晴,,,園田,カンナ賞C2一,,,晴,10.0,8.0,園田,プルメリア賞C2一,1:33.9,3.0,晴,7.5,3.0,,nar,2026-10-08,48.19,59.3,42.8,19.8,54.0,54.0,49.0,総合評価
202644100810,2026-10-08,10,ペピタドーロ,2.0,2.0,石川倭,56.0,,1.0,2.0,大井,道玄坂賞競走(B3),1:27.7,-0.1,晴,9.0,7.0,大井,羽田盃競走(JpnI),1:57.3,5.2,晴,4.0,6.0,大井,雲取賞競走(JpnIII),1:56.3,0.5,晴,1.0,1.0,大井,とき特別競走(2歳),1:51.6,-0.3,曇,1.0,1.0,大井,2歳三 四,1:29.1,-0.1,晴,3.3,1.0,,nar,2026-10-08,65.25,79.3,51.4,75.1,66.5,55.7,59.2,大井実績 / クラス条件好転 / 履歴少 / 近走上向き
202644100810,2026-10-08,10,ペルセイズ,13.0,7.0,達城龍次,56.0,,1.0,5.0,大井,ハンター賞(B3),1:26.7,-0.5,曇,2.0,3.0,大井,C1二 三四(C1三),1:27.3,0.8,曇,3.0,6.0,大井,C1二 三四(C1三),1:27.4,1.0,曇,1.0,6.0,大井,カイピリーニャ賞(C1四),1:27.2,-0.1,曇,7.0,6.0,大井,ジン・ライム賞(C1四),1:43.1,1.6,曇,5.1,3.0,,nar,2026-10-08,74.74,89.9,68.8,89.7,63.5,64.7,56.2,大井実績 / 前走人気以上 / 履歴少 / 人気以上に走る傾向
202650100810,2026-10-08,10,マジカルフェイス,5.0,5.0,小笠原羚,57.0,,4.0,5.0,園田,不撓不屈ファイナルス(C3),1:21.3,0.3,曇,8.0,9.0,園田,C2三,1:35.5,2.3,雨,9.0,6.0,園田,兵庫ジョッキーズ楽天(C2),1:35.2,1.7,晴,6.0,8.0,園田,C2二,1:32.6,1.3,晴,4.0,4.0,園田,C2二,1:34.2,0.7,晴,10.6,5.0,,nar,2026-10-08,54.93,57.8,51.8,40.7,66.5,60.7,49.6,履歴少 / 近走上向き
202650100810,2026-10-08,10,メイショウセツゲツ,11.0,8.0,塩津璃菜,55.0,,5.0,4.0,園田,郡津7ハロンC3二,1:33.9,0.6,雨,2.0,2.0,園田,C3二,1:33.9,0.0,晴,3.0,4.0,園田,C3二,1:34.0,0.4,曇,5.0,7.0,園田,英賀保7ハロンC3二,1:33.1,0.4,晴,4.0,1.0,園田,C3二,1:35.5,2.0,曇,16.2,9.0,,nar,2026-10-08,65.35,78.0,49.1,100.0,41.0,63.3,59.5,園田実績 / 履歴少 / 安定感 / 市場オッズ妙味
202647100810,2026-10-08,10,ヤマミウルフ,1.0,1.0,望月洵輝,57.0,,2.0,5.0,笠松,大きい馬対小さい馬(C),1:33.4,0.9,晴,,,笠松,C7組,,,雨,8.0,7.0,笠松,藤城氏金無いけど50(C),1:34.2,1.8,晴,10.0,10.0,笠松,夏の大三角特別(C),1:34.2,3.5,晴,1.0,7.0,笠松,和葉ちゃん4才おめで(C),1:32.9,-0.6,曇,26.9,6.0,,nar,2026-10-08,61.96,68.0,62.4,40.7,76.0,62.8,51.2,笠松実績 / 前走人気以上 / 履歴少 / 近走上向き
202647100810,2026-10-08,10,ラインシュトラール,4.0,4.0,井口裕貴,54.0,,5.0,9.0,笠松,C5組,1:33.4,2.3,曇,7.0,5.0,笠松,活動6周年尾丸ポルカ(C),1:37.0,3.5,雨,7.0,6.0,笠松,佐藤大介生誕8歳記念(C),1:33.5,1.9,晴,7.0,9.0,笠松,仕掛け花火特別(C),1:49.2,2.3,晴,1.0,4.0,笠松,ハルとダイチがきた!(C),1:33.5,-1.1,晴,57.9,7.0,,nar,2026-10-08,55.44,61.8,57.9,40.7,53.0,57.4,49.6,前走人気以上 / 履歴少
202644100810,2026-10-08,10,ラペルシェール,4.0,3.0,谷内貫太,55.0,,8.0,11.0,大井,日刊スポーツ賞競走(B3),1:29.1,1.8,曇,6.0,11.0,大井,デイリースポーツ賞競(B3),1:27.3,1.1,雨,8.0,12.0,大井,サマーバケーション賞(B3),1:28.3,2.3,曇,10.0,16.0,大井,東京スポーツ賞競走(B3),1:28.0,1.1,曇,10.0,13.0,大井,潮見坂賞競走(B3),1:28.9,1.7,曇,229.2,15.0,,nar,2026-10-08,51.13,44.0,78.9,0.0,53.0,65.2,43.8,前走人気以上 / 履歴少 / 人気以上に走る傾向 / 過小評価傾向
202644100810,2026-10-08,10,ランニングビーチ,5.0,3.0,矢野貴之,56.0,,1.0,1.0,大井,紀尾井坂賞競走(B3),1:27.6,-0.8,晴,3.0,1.0,大井,ハンター賞(B3),1:27.6,0.9,曇,14.0,8.0,3東京4,3歳以上1勝クラス,1:38.8,2.0,曇,11.0,11.0,2東京9,3歳1勝クラス,1:38.8,2.4,曇,6.0,7.0,3中山6,3歳1勝クラス,1:54.1,1.1,晴,3.8,2.0,,nar,2026-10-08,57.41,60.4,38.9,55.3,95.0,51.1,59.5,大井実績 / 履歴少 / 近走上向き
202650100810,2026-10-08,10,レッドアクトゥール,10.0,7.0,柴田裕一,57.0,,5.0,5.0,園田,C3一,1:33.8,1.5,曇,10.0,10.0,園田,倭文委文7ハロンC2,1:34.6,2.9,晴,7.0,10.0,園田,兵庫ジョッキーズ楽天(C2),1:35.2,1.7,晴,5.0,6.0,園田,C2一,1:34.2,2.5,曇,5.0,8.0,園田,C2二,1:33.5,2.0,晴,15.4,8.0,,nar,2026-10-08,57.87,54.9,57.3,55.3,60.5,68.3,52.9,園田実績 / 履歴少 / 過小評価傾向 / 市場オッズ妙味
202647100810,2026-10-08,10,ワンショートデイ,3.0,3.0,塚本征吾,55.0,,2.0,4.0,笠松,おうちゃん笠松競馬来(C),1:33.3,1.0,晴,4.0,4.0,笠松,C級セレクション,1:33.8,1.3,曇,2.0,2.0,笠松,C11組,1:32.7,1.0,晴,2.0,3.0,笠松,C級セレクション,1:34.3,1.2,晴,7.0,3.0,笠松,好きです笠松競馬(C),1:35.7,2.0,晴,9.3,4.0,,nar,2026-10-08,67.93,83.9,52.4,89.7,60.5,58.8,56.2,笠松実績 / 履歴少 / 安定感
202647100811,2026-10-08,11,アクティーボ,7.0,6.0,塚本征吾,55.0,,4.0,2.0,笠松,ビオラ特別(2歳),1:33.7,0.6,晴,2.0,3.0,笠松,線香花火特別(2歳),1:33.8,1.9,晴,2.0,4.0,笠松,月下美人特別(2歳),1:34.8,0.5,晴,4.0,4.0,笠松,2歳新馬,0:50.7,1.7,雨,,,,,,,,43.6,7.0,,nar,2026-10-08,65.32,84.0,50.3,89.7,42.0,57.1,59.5,笠松実績 / 履歴少 / 安定感 / 市場オッズ妙味
202644100811,2026-10-08,11,エコロレーヴ,14.0,8.0,川田将雅,55.0,,2.0,3.0,門別,北海道スプリントカッ(JpnIII),1:12.3,0.4,晴,4.0,2.0,園田,兵庫チャンピオンシッ(JpnII),1:28.6,0.5,曇,1.0,3.0,2阪神4,バイオレットS(OP),1:22.5,-0.1,晴,1.0,1.0,2中山8,3歳1勝クラス,1:10.4,-0.2,晴,6.0,4.0,園田,兵庫ジュニアグランプ(JpnII),1:31.2,1.4,曇,11.0,4.0,,nar,2026-10-08,67.47,87.5,50.0,89.7,56.0,59.6,51.8,クラス条件好転 / 履歴少 / 安定感
202650100811,2026-10-08,11,エスオーライジング,6.0,5.0,小谷周平,57.0,,9.0,11.0,園田,チャンピオンジョッキ(B2),1:31.6,1.0,曇,6.0,8.0,園田,チャオ特別B2一,1:32.8,1.0,晴,10.0,10.0,園田,虎のレジェンド!掛布(B2),1:34.5,2.7,晴,5.0,6.0,園田,青馬ひすみ☆配信記念(B2),1:31.9,1.2,晴,8.0,8.0,園田,B2,1:21.9,2.2,雨,216.2,12.0,,nar,2026-10-08,46.05,45.9,58.8,14.6,39.5,54.8,49.3,クラス条件好転 / 履歴少
202644100811,2026-10-08,11,エートラックス,3.0,3.0,Ｆ．ゴン,57.0,,13.0,12.0,3京都8,栗東S(L),1:24.6,2.4,晴,11.0,3.0,2中山8,千葉S(OP),1:12.1,1.4,晴,2.0,8.0,2京都4,大和S(OP),1:10.9,0.0,曇,14.0,13.0,5中山4,カペラS(GIII),1:10.8,2.2,曇,6.0,6.0,4京都1,室町S(OP),1:10.7,0.4,晴,73.9,10.0,,nar,2026-10-08,35.34,30.6,41.2,19.8,21.5,48.3,51.8,クラス条件好転 / 履歴少
202647100811,2026-10-08,11,オンベイト,3.0,3.0,東川慎,55.0,,5.0,3.0,笠松,ジュニアクラウン(OP)(2歳),1:33.2,2.9,晴,1.0,1.0,笠松,夏の終わり特別(2歳),1:33.6,-0.6,曇,1.0,1.0,笠松,ミルクスイーツフェス(2歳),1:31.8,-0.9,晴,8.0,8.0,門別,2歳未勝利,1:04.3,3.0,晴,7.0,3.0,門別,2歳牝馬未勝利,1:04.5,2.4,曇,31.5,5.0,,nar,2026-10-08,59.64,77.1,42.9,75.1,45.5,52.4,59.5,笠松実績 / 履歴少 / 安定感 / 市場オッズ妙味
202630100811,2026-10-08,11,カッパギ,4.0,4.0,桑村真明,55.0,,4.0,3.0,門別,連合北海道日高地域協(A1),1:01.2,0.7,曇,2.0,6.0,門別,静内産ミニトマト太陽(A1),1:13.8,0.1,晴,8.0,8.0,門別,サッポロビール150(A1),1:14.7,1.9,曇,5.0,5.0,門別,丸くなるな、星になれ(A1),1:14.1,1.1,晴,3.0,5.0,門別,十勝軽種馬農業協同組(A1),1:00.9,0.2,曇,31.6,3.0,,nar,2026-10-08,63.81,73.3,56.3,80.2,53.0,59.5,54.5,門別実績 / 安定感 / 市場オッズ妙味
202644100811,2026-10-08,11,ガビーズシスター,11.0,7.0,矢野貴之,54.0,,2.0,3.0,2福島8,福島テレビ賞(OP),1:07.1,0.0,晴,6.0,4.0,キングアブドゥル,リヤドダートスプリン(GII),,,,4.0,3.0,5中山4,カペラS(GIII),1:09.8,1.2,曇,4.0,3.0,浦和,テレ玉杯オーバルスプ(JpnIII),1:25.8,1.0,晴,5.0,1.0,大井,東京スプリント競走(JpnIII),1:11.5,0.2,晴,14.0,6.0,,nar,2026-10-08,61.62,76.0,43.3,75.1,66.5,56.7,50.0,近走上向き / 安定感 / 市場オッズ妙味
202647100811,2026-10-08,11,キャトルブランシュ,11.0,8.0,渡辺竜也,55.0,,1.0,2.0,笠松,ジュニアクラウン(OP)(2歳),1:30.3,-1.4,晴,4.0,8.0,1札幌7,コスモス賞(OP),1:50.3,1.6,晴,1.0,2.0,門別,JRA認定競走アタッ(2歳),1:09.3,-0.1,曇,1.0,2.0,門別,2歳牝馬未勝利,1:02.1,-0.4,曇,7.0,5.0,門別,JRA認定競走アタッ(2歳),1:03.9,2.0,曇,2.4,2.0,,nar,2026-10-08,70.88,89.1,60.1,89.7,63.5,57.0,51.8,クラス条件好転 / 履歴少 / 安定感
202647100811,2026-10-08,11,ギフノオウマサン,2.0,2.0,望月洵輝,56.0,,1.0,1.0,笠松,秋風ジュニア(OP)(2歳),1:32.1,-2.2,曇,1.0,1.0,笠松,線香花火特別(2歳),1:31.9,-1.9,晴,1.0,1.0,笠松,2歳新馬,0:49.0,-0.8,雨,,,,,,,,,,,,,,,2.3,1.0,,nar,2026-10-08,68.45,100.0,50.0,75.1,50.0,53.5,59.5,笠松実績 / 履歴少 / 安定感
202650100811,2026-10-08,11,グランコスメ,11.0,8.0,小谷哲平,54.0,,6.0,7.0,園田,オッズパーク杯B2,1:31.5,0.4,晴,8.0,11.0,園田,兵庫サマークイーン賞(重賞),1:53.3,1.4,晴,5.0,8.0,園田,B2,1:54.7,0.9,曇,8.0,9.0,園田,B1B2,1:55.4,1.3,晴,7.0,8.0,園田,卯月特別B1B2,2:04.6,2.2,雨,30.5,8.0,,nar,2026-10-08,52.92,54.4,63.3,19.8,56.0,60.6,49.3,クラス条件好転 / 履歴少 / 市場オッズ妙味
202650100811,2026-10-08,11,グロリアスアポイ,5.0,5.0,田野豊三,55.0,,10.0,6.0,園田,チャンピオンジョッキ(B2),1:31.8,1.2,曇,7.0,5.0,園田,チャオ特別B2一,1:32.8,1.0,晴,8.0,6.0,園田,近畿畜産特別B2,1:33.3,0.6,晴,6.0,2.0,園田,青馬ひすみ☆配信記念(B1),1:34.0,1.5,晴,4.0,5.0,姫路,B1,1:33.3,0.3,晴,76.2,10.0,,nar,2026-10-08,36.1,46.8,31.9,10.3,27.5,44.4,46.0,クラス条件好転 / 履歴少
202647100811,2026-10-08,11,サツキクオンタム,10.0,7.0,加藤聡一,55.0,,6.0,6.0,笠松,ジュニアクラウン(OP)(2歳),1:33.2,2.9,晴,1.0,1.0,笠松,新月特別(2歳),1:33.8,-1.6,雨,3.0,2.0,笠松,夏の終わり特別(2歳),1:34.6,1.0,曇,4.0,2.0,笠松,線香花火特別(2歳),1:34.6,2.7,晴,7.0,4.0,門別,JRA認定競走アタッ(2歳),1:11.8,2.5,曇,65.6,8.0,,nar,2026-10-08,55.97,76.2,44.4,59.3,36.5,49.6,55.3,笠松実績 / 履歴少
202644100811,2026-10-08,11,サトノボヤージュ,5.0,4.0,戸崎圭太,56.0,,1.0,1.0,園田,兵庫チャンピオンシッ(JpnII),1:28.1,-0.1,曇,3.0,1.0,キングアブドゥル,サウジダービー(GIII),,,,1.0,1.0,5東京7,カトレアS(OP),1:37.4,-0.2,曇,1.0,1.0,5東京2,オキザリス賞(1勝クラス),1:23.2,-0.9,小雨,1.0,1.0,2新潟5,2歳未勝利,1:10.8,-2.0,晴,1.7,1.0,,nar,2026-10-08,68.42,96.0,46.5,100.0,53.0,51.0,48.8,履歴少 / 安定感
202644100811,2026-10-08,11,サンライズアムール,9.0,6.0,幸英明,56.0,,2.0,2.0,盛岡,クラスターC(JpnIII),1:09.7,0.0,晴,7.0,4.0,3阪神2,水無月S(OP),1:11.1,0.8,小雨,6.0,9.0,5中山4,カペラS(GIII),1:10.1,1.5,曇,3.0,3.0,船橋,JBCスプリント(JpnI),0:59.2,0.4,晴,3.0,3.0,大井,東京盃競走(JpnII),1:11.2,0.5,曇,18.2,8.0,,nar,2026-10-08,61.13,73.7,48.9,55.3,66.5,64.0,51.8,クラス条件好転 / 履歴少 / 近走上向き / 市場オッズ妙味
202650100811,2026-10-08,11,サンライズスコール,12.0,8.0,小牧太,57.0,,7.0,2.0,園田,チャンピオンジョッキ(B2),1:31.5,0.9,曇,4.0,5.0,園田,オッズパーク杯B2,1:31.2,0.1,晴,3.0,7.0,園田,パンジー賞B2,1:31.2,0.2,晴,1.0,2.0,園田,C1一,1:31.5,-0.4,晴,2.0,7.0,園田,C1一,1:32.2,0.3,曇,7.6,3.0,,nar,2026-10-08,58.91,75.4,51.3,69.6,23.0,62.5,56.2,園田実績 / 履歴少 / 安定感
202650100811,2026-10-08,11,ザゴリ,10.0,7.0,塩津璃菜,51.0,,4.0,7.0,園田,チャンピオンジョッキ(B2),1:31.0,0.4,曇,3.0,5.0,園田,B2二,1:32.5,1.3,晴,6.0,8.0,園田,虎のレジェンド!掛布(B2),1:33.0,1.2,晴,9.0,10.0,園田,文月特別B2,1:31.9,1.9,晴,9.0,8.0,園田,B2,0:51.1,1.6,晴,23.4,7.0,,nar,2026-10-08,61.36,64.9,62.9,55.3,66.5,60.9,49.6,前走人気以上 / 履歴少 / 近走上向き / 市場オッズ妙味
202650100811,2026-10-08,11,シルバーブレッド,2.0,2.0,土方颯太,57.0,,8.0,9.0,園田,ダリア賞B1B2,1:20.8,1.1,晴,6.0,8.0,園田,JーPLACEよかわ(B1),1:20.8,1.1,曇,4.0,4.0,園田,B1,1:22.7,2.4,雨,1.0,4.0,園田,スイセン賞B1,1:19.4,-0.1,晴,5.0,6.0,園田,オッズパークウインタ(B1),1:32.9,0.8,晴,84.9,11.0,,nar,2026-10-08,54.34,65.0,59.4,44.7,26.0,58.1,52.9,園田実績 / 履歴少
202650100811,2026-10-08,11,スターオブアダム,3.0,3.0,吉村智洋,57.0,,1.0,2.0,園田,ランタナ賞C1,1:29.9,-0.7,曇,1.0,2.0,園田,C1二,1:30.4,-1.1,曇,1.0,2.0,園田,C2一,1:32.4,-0.5,晴,2.0,2.0,園田,C2二,1:31.0,0.1,晴,4.0,6.0,園田,3歳C1一,1:31.8,0.3,雨,3.4,2.0,,nar,2026-10-08,73.13,96.4,56.7,100.0,56.0,58.5,56.4,園田実績 / 安定感
202630100811,2026-10-08,11,スペシャルエックス,2.0,2.0,岩橋勇二,59.0,,4.0,3.0,笠松,オグリキャップ記念(重賞),1:26.9,0.6,曇,1.0,1.0,門別,エトワール賞〔H3〕(重賞),1:12.4,-0.7,晴,8.0,8.0,名古屋,かきつばた記念(JpnIII),1:34.0,1.8,晴,4.0,6.0,園田,兵庫ゴールドトロフィ(JpnIII),1:28.1,0.4,雨,1.0,2.0,門別,道営スプリント〔H1(重賞),1:12.7,-0.3,晴,1.1,1.0,,nar,2026-10-08,62.49,78.1,50.6,80.2,47.0,51.7,59.5,門別実績 / 履歴少 / 安定感
202644100811,2026-10-08,11,ゼーロス,12.0,7.0,笹川翼,55.0,,1.0,1.0,大井,優駿スプリント競走(重賞),1:11.0,-0.8,晴,3.0,6.0,園田,兵庫チャンピオンシッ(JpnII),1:28.5,0.4,曇,4.0,5.0,大井,京浜盃競走(JpnII),1:48.1,1.9,雨,5.0,4.0,大井,雲取賞競走(JpnIII),1:55.8,1.8,晴,1.0,1.0,大井,ハイセイコー記念競走(重賞),1:41.4,-0.5,晴,12.8,5.0,,nar,2026-10-08,72.25,86.6,55.6,100.0,63.5,62.8,62.5,大井実績 / クラス条件好転 / 履歴少 / 安定感
202650100811,2026-10-08,11,タンバブショウ,7.0,6.0,竹村達也,58.0,,1.0,3.0,園田,チャンピオンジョッキ(B2),1:30.6,-0.2,曇,3.0,6.0,園田,全農パールライス杯B(B2),1:32.6,0.4,雨,7.0,5.0,園田,虎のレジェンド!掛布(B2),1:33.2,1.4,晴,6.0,5.0,園田,文月特別B2,1:30.4,0.4,晴,7.0,2.0,園田,B2一,1:32.2,1.1,雨,9.2,5.0,,nar,2026-10-08,62.77,75.7,52.1,55.3,78.5,57.5,49.6,履歴少 / 近走上向き
202644100811,2026-10-08,11,ツツウラウラ,1.0,1.0,達城龍次,56.0,,5.0,4.0,浦和,月光特別(B2B3),0:47.4,0.7,雨,2.0,4.0,川崎,星火燎原賞(A2B1),0:54.0,0.7,曇,4.0,2.0,川崎,うまさ鉄板!菜速あや(B1B2),0:54.5,0.2,晴,2.0,6.0,船橋,半夏生スプリント(B2),1:14.8,0.6,曇,3.0,5.0,川崎,一騎当千賞(B1B2),0:54.5,0.6,晴,102.3,12.0,,nar,2026-10-08,64.79,80.7,54.1,100.0,36.5,56.8,48.8,履歴少 / 安定感
202644100811,2026-10-08,11,ティントレット,7.0,5.0,石川倭,56.0,,1.0,1.0,大井,アフター5スター賞競(重賞),1:11.0,-0.5,曇,4.0,7.0,浦和,さきたま杯[指定交流(JpnI),1:25.8,0.5,曇,2.0,8.0,大井,東京スプリント競走(JpnIII),1:10.9,0.2,雨,1.0,1.0,大井,’26ウインタースプ(OP)(4上),1:11.8,-1.1,晴,12.0,3.0,浦和,ゴールドC(重賞),1:29.9,3.5,晴,6.3,2.0,,nar,2026-10-08,70.83,83.3,57.0,89.7,72.5,57.8,62.5,大井実績 / クラス条件好転 / 履歴少 / 近走上向き
202630100811,2026-10-08,11,デステージョ,6.0,6.0,落合玄太,57.0,,5.0,1.0,門別,静内産ミニトマト太陽(A1),1:14.2,0.5,晴,1.0,1.0,門別,サラブレッドのまち日(A1),1:13.5,-0.1,曇,11.0,4.0,笠松,笠松グランプリ(重賞),1:28.5,2.3,曇,4.0,5.0,門別,道営スプリント〔H1(重賞),1:13.1,0.4,晴,2.0,2.0,門別,ウポポイオータムスプ(重賞),1:12.9,0.4,曇,3.8,2.0,,nar,2026-10-08,55.62,70.1,32.8,80.2,47.0,49.2,59.5,門別実績 / 履歴少 / 安定感
202644100811,2026-10-08,11,トウカイマシェリ,13.0,8.0,鮫島克駿,53.0,,3.0,2.0,門別,北海道スプリントカッ(JpnIII),1:12.6,0.7,晴,2.0,4.0,園田,兵庫チャンピオンシッ(JpnII),1:28.2,0.1,曇,12.0,9.0,キングアブドゥル,サウジダービー(GIII),,,,1.0,3.0,園田,兵庫ジュニアグランプ(JpnII),1:29.8,-0.2,曇,2.0,2.0,門別,エーデルワイス賞(JpnIII),1:13.0,0.3,晴,16.5,7.0,,nar,2026-10-08,63.18,74.9,49.3,80.2,57.5,61.9,51.8,クラス条件好転 / 履歴少 / 安定感 / 市場オッズ妙味
202647100811,2026-10-08,11,トレノ,4.0,4.0,明星晴大,55.0,,7.0,5.0,笠松,ジュニアクラウン(OP)(2歳),1:33.7,3.4,晴,2.0,4.0,笠松,秋風ジュニア(OP)(2歳),1:34.3,2.2,曇,2.0,3.0,笠松,2歳新馬,0:51.3,0.1,晴,,,,,,,,,,,,,,,75.7,9.0,,nar,2026-10-08,54.22,75.8,50.8,44.7,20.0,54.6,54.0,笠松実績 / 履歴少
202630100811,2026-10-08,11,ドウドウキリシマ,1.0,1.0,金山昇馬,56.0,,4.0,5.0,門別,静内産ミニトマト太陽(A1),1:14.1,0.4,晴,7.0,6.0,門別,丸くなるな、星になれ(A1),1:14.1,1.1,晴,4.0,4.0,門別,新冠町軽種馬生産振興(A1),1:13.7,1.0,晴,7.0,7.0,門別,サラブレッドのまち日(A1),1:14.3,0.8,曇,4.0,4.0,門別,コデマリ特別(A1),1:14.4,2.1,曇,64.2,5.0,,nar,2026-10-08,57.79,66.5,50.4,60.5,59.0,53.5,52.5,門別実績 / 安定感
202644100811,2026-10-08,11,ドリームビリーバー,6.0,4.0,藤田凌,56.0,,6.0,9.0,大井,アフター5スター賞競(重賞),1:12.1,1.1,曇,4.0,8.0,大井,武蔵野オープン競走(OP)(3上),1:11.8,0.2,曇,8.0,7.0,大井,ジュライ賞競走(OP)(3上),1:26.1,1.2,曇,8.0,8.0,大井,ゆりかもめオープン競(OP)(4上),1:12.5,1.1,曇,4.0,8.0,大井,神田川オープン競走(OP)(4上),1:26.5,1.8,晴,140.0,13.0,,nar,2026-10-08,55.88,60.1,64.9,35.3,50.0,59.1,49.6,前走人気以上 / 履歴少
202650100811,2026-10-08,11,ドンデンガエシ,8.0,6.0,廣瀬航,57.0,,2.0,5.0,園田,チャンピオンジョッキ(B2),1:30.8,0.2,曇,3.0,2.0,園田,チャオ特別B2一,1:32.1,0.3,晴,5.0,8.0,園田,パンジー賞B2,1:31.3,0.3,晴,9.0,7.0,園田,SKNフラッシュ8☆(B1B2),1:58.2,3.6,曇,6.0,7.0,姫路,B1B2,2:04.6,2.5,晴,15.4,6.0,,nar,2026-10-08,66.99,73.8,57.5,75.1,72.5,64.2,58.3,園田実績 / クラス条件好転 / 前走人気以上 / 履歴少
202647100811,2026-10-08,11,ナインシンフォニー,6.0,5.0,細川智史,56.0,,2.0,8.0,笠松,ジュニアクラウン(OP)(2歳),1:31.7,1.4,晴,1.0,3.0,笠松,笠松デビュー馬未勝利(2歳),1:34.5,-0.3,雨,4.0,7.0,笠松,ミルクスイーツフェス(2歳),1:35.0,3.2,晴,4.0,5.0,笠松,2歳新馬,0:51.9,1.5,晴,,,,,,,,19.8,4.0,,nar,2026-10-08,75.91,88.1,73.9,89.7,56.0,72.0,59.5,笠松実績 / 前走人気以上 / 履歴少 / 人気以上に走る傾向
202644100811,2026-10-08,11,ナスティウェザー,10.0,6.0,本田正重,56.0,,2.0,8.0,大井,アフター5スター賞競(重賞),1:11.5,0.5,曇,6.0,5.0,大井,武蔵野オープン競走(OP)(3上),1:12.5,0.9,曇,4.0,3.0,大井,ゆりかもめオープン競(OP)(4上),1:11.7,0.3,曇,3.0,4.0,大井,神田川オープン競走(OP)(4上),1:25.6,0.9,晴,16.0,4.0,大井,フジノウェーブ記念競(重賞),1:27.9,2.9,晴,87.2,11.0,,nar,2026-10-08,61.82,70.2,52.0,64.7,81.5,49.0,52.9,大井実績 / 前走人気以上 / 履歴少 / 近走上向き
202647100811,2026-10-08,11,ピースブロッサム,1.0,1.0,松本一心,55.0,,8.0,9.0,笠松,ジュニアクラウン(OP)(2歳),1:33.8,3.5,晴,2.0,3.0,笠松,新月特別(2歳),1:35.4,1.6,雨,1.0,1.0,笠松,2歳新馬,0:51.2,-0.1,晴,,,,,,,,,,,,,,,76.4,10.0,,nar,2026-10-08,54.02,74.7,55.2,44.7,11.0,55.7,54.0,笠松実績 / 履歴少
202650100811,2026-10-08,11,ファンシンレディー,4.0,4.0,佐々木世,53.0,,2.0,7.0,園田,秋涼特別B2,1:29.9,0.0,晴,5.0,3.0,園田,B2一,1:20.7,0.5,雨,5.0,2.0,園田,兵庫馬事畜産特別B1(B1B2),1:20.4,1.5,晴,3.0,3.0,園田,B2,1:19.9,0.3,曇,1.0,3.0,園田,兵庫馬事畜産特別B2,1:19.3,-0.4,晴,8.7,4.0,,nar,2026-10-08,69.23,80.9,54.4,100.0,59.0,60.5,59.5,園田実績 / 前走人気以上 / 履歴少 / 安定感
202647100811,2026-10-08,11,フォールドイン,9.0,7.0,筒井勇介,55.0,,4.0,1.0,笠松,ジュニアクラウン(OP)(2歳),1:32.0,1.7,晴,9.0,8.0,門別,フルールカップ〔H3(重賞),1:15.9,2.3,雨,1.0,2.0,門別,JRA認定競走アタッ(2歳),1:08.3,-0.6,晴,5.0,1.0,門別,JRA認定競走アタッ(2歳),1:03.7,1.8,曇,1.0,1.0,門別,2歳未勝利,1:09.1,-1.0,曇,5.0,3.0,,nar,2026-10-08,57.09,72.1,39.2,75.1,50.0,52.3,51.8,クラス条件好転 / 履歴少 / 安定感
202630100811,2026-10-08,11,ブリッツファング,5.0,5.0,宮内勇樹,55.0,,6.0,3.0,門別,静内産ミニトマト太陽(A1),1:14.4,0.7,晴,7.0,6.0,門別,クレオメ特別(A1),2:00.0,3.1,晴,3.0,4.0,門別,夏秋どりいちごすずり(A1),1:58.7,2.5,曇,7.0,6.0,門別,富永啓生セレブレーシ(A1),1:52.4,2.3,晴,5.0,8.0,門別,こんがりパン超盛特別(A1),1:57.1,0.5,晴,105.1,6.0,,nar,2026-10-08,49.71,62.4,44.4,30.1,47.0,52.0,50.5,総合評価
202650100811,2026-10-08,11,ヘルツアス,9.0,7.0,山本咲希,55.0,,2.0,1.0,園田,神戸ビーフ特別C1一,1:30.8,0.0,晴,3.0,3.0,園田,C1一,1:31.9,0.5,雨,1.0,1.0,園田,C1二,1:30.2,-0.1,晴,1.0,4.0,園田,C2一,1:30.6,-0.2,曇,16.0,17.0,2東京10,4歳以上1勝クラス,2:26.7,2.5,曇,2.5,1.0,,nar,2026-10-08,68.27,83.2,51.7,89.7,69.5,55.8,56.4,園田実績 / 近走上向き / 安定感
202647100811,2026-10-08,11,ベアケイ,5.0,5.0,丸野勝虎,55.0,,10.0,7.0,笠松,ジュニアクラウン(OP)(2歳),1:36.1,5.8,晴,5.0,2.0,笠松,秋風ジュニア(OP)(2歳),1:37.1,5.0,曇,1.0,1.0,笠松,2歳新馬,0:50.4,-0.6,晴,,,,,,,,,,,,,,,87.7,11.0,,nar,2026-10-08,43.45,60.2,34.5,44.7,8.0,47.0,54.0,笠松実績 / 履歴少
202644100811,2026-10-08,11,ポリゴンウェイヴ,4.0,3.0,山中悠希,56.0,,12.0,8.0,川崎,スパーキングサマーカ(重賞),1:45.3,4.6,晴,6.0,6.0,大井,ゆりかもめオープン競(OP)(4上),1:12.3,0.9,曇,7.0,5.0,川崎,スパーキングスプリン(OP)(4歳),0:54.5,1.6,晴,4.0,1.0,姫路,兵庫ウインターC(重賞),1:33.5,1.1,曇,4.0,2.0,高知,黒潮スプリンターズカ(重賞),1:22.9,0.2,晴,231.3,14.0,,nar,2026-10-08,36.83,47.8,34.2,24.9,9.5,44.4,48.8,履歴少
202647100811,2026-10-08,11,マシロクン,8.0,6.0,高木健,56.0,,1.0,2.0,笠松,笠松デビュー馬未勝利(2歳),0:50.6,-0.4,曇,7.0,4.0,笠松,笠松デビュー馬未勝利(2歳),1:39.8,5.3,雨,6.0,6.0,笠松,秋風ジュニア(OP)(2歳),1:38.1,6.0,曇,6.0,2.0,笠松,夏茜特別(2歳),1:36.0,3.8,晴,2.0,3.0,笠松,2歳新馬,0:51.7,1.3,晴,230.9,12.0,,nar,2026-10-08,56.96,73.5,43.5,40.7,75.5,50.2,49.6,履歴少 / 近走上向き
202644100811,2026-10-08,11,メンコイボクチャン,2.0,2.0,庄司大輔,56.0,,1.0,11.0,船橋,習志野きらっとスプリ(重賞),0:59.2,-0.1,晴,7.0,6.0,船橋,千葉日報賞スプリント(OP)(4上),1:14.5,1.3,曇,5.0,6.0,川崎,スパーキングスプリン(OP)(4歳),0:54.3,1.4,晴,13.0,7.0,大井,隅田川オープン競走(OP)(4上),1:14.8,2.5,曇,2.0,3.0,船橋,駿麗賞(OP)(4上),1:13.5,1.0,曇,70.0,9.0,,nar,2026-10-08,64.67,66.9,65.5,60.5,84.5,56.8,48.8,前走人気以上 / 履歴少 / 人気以上に走る傾向 / 近走上向き
202644100811,2026-10-08,11,ヤマニンチェルキ,8.0,5.0,御神本訓,57.0,,5.0,4.0,佐賀,サマーチャンピオン(JpnIII),1:28.9,1.6,小雨,10.0,3.0,浦和,さきたま杯[指定交流(JpnI),1:27.5,2.2,曇,4.0,1.0,大井,東京スプリント競走(JpnIII),1:11.4,0.7,雨,12.0,4.0,キングアブドゥル,リヤドダートスプリン(GII),,,,2.0,2.0,5中山4,カペラS(GIII),1:09.5,0.9,曇,10.2,3.0,,nar,2026-10-08,47.23,53.9,23.3,60.5,62.0,47.5,51.8,クラス条件好転 / 履歴少 / 安定感
202647100811,2026-10-08,11,ラクリメ,12.0,8.0,赤津和希,55.0,,1.0,4.0,笠松,ビオラ特別(2歳),1:33.1,-0.5,晴,3.0,2.0,笠松,新月特別(2歳),1:36.0,2.2,雨,2.0,3.0,笠松,夏の終わり特別(2歳),1:34.2,0.6,曇,2.0,5.0,笠松,ミルクスイーツフェス(2歳),1:32.7,0.9,晴,11.0,7.0,門別,2歳牝馬未勝利,1:05.2,1.6,曇,38.5,6.0,,nar,2026-10-08,70.58,85.0,56.2,89.7,71.0,57.6,59.5,笠松実績 / 前走人気以上 / 履歴少 / 近走上向き
202630100811,2026-10-08,11,リコシェ,3.0,3.0,小川悠汰,53.0,,5.0,8.0,門別,連合北海道日高地域協(A1),1:01.2,0.7,曇,6.0,6.0,門別,サッポロビール150(A1),1:13.8,1.0,曇,1.0,3.0,門別,ホクレン玉ねぎ「真白(A3),1:13.7,-0.2,雨,4.0,5.0,門別,日高銀聖特別(A2),1:01.0,0.4,曇,4.0,4.0,門別,JA門別馬舞米特別(A3),1:01.2,0.2,曇,50.3,4.0,,nar,2026-10-08,62.84,74.3,60.2,75.1,42.5,57.4,54.5,門別実績 / 前走人気以上 / 安定感
202650100811,2026-10-08,11,リリーオブザハート,1.0,1.0,下原理,55.0,,2.0,5.0,園田,B2一,1:20.6,0.4,雨,9.0,7.0,園田,近畿畜産特別B2,1:33.5,0.8,晴,5.0,5.0,園田,B2,1:31.3,0.6,晴,8.0,4.0,園田,B2,1:33.3,2.1,晴,4.0,5.0,園田,B2,1:31.5,1.0,雨,31.5,9.0,,nar,2026-10-08,59.61,64.6,49.5,60.5,77.0,55.0,54.3,園田実績 / クラス条件好転 / 前走人気以上 / 近走上向き
202630100812,2026-10-08,12,アンジュパラディ,11.0,8.0,藤田凌駕,53.0,,9.0,9.0,門別,ヘメロカリス特別(B3),1:52.0,2.1,晴,9.0,11.0,門別,ブリーダーズゴールド(JpnIII),2:12.4,4.1,曇,7.0,7.0,門別,千軍万馬OP(OP)(一般),2:59.0,6.0,晴,3.0,7.0,門別,キリンソウ特別(B4),1:52.0,0.4,曇,4.0,3.0,門別,ハマナス特別(B4),2:00.0,1.4,雨,137.2,12.0,,nar,2026-10-08,47.46,50.3,56.9,24.9,30.5,55.9,52.6,クラス条件好転 / 履歴少
202650100812,2026-10-08,12,アンニーナ,5.0,5.0,大久保友,55.0,,8.0,9.0,園田,C2一,1:33.6,1.3,曇,2.0,4.0,園田,C2三,1:34.4,0.5,曇,3.0,8.0,園田,兵庫ジョッキーズ楽天(C2),1:34.7,1.2,晴,6.0,5.0,園田,C2三,1:33.3,1.1,晴,7.0,8.0,園田,西徳久7ハロンC2二,1:33.4,1.3,晴,23.5,9.0,,nar,2026-10-08,56.11,67.0,62.2,44.7,29.0,61.5,49.6,履歴少 / 市場オッズ妙味
202630100812,2026-10-08,12,イイデヒロイン,4.0,4.0,宮内勇樹,51.0,,,,門別,キンモクセイ特別(B4),,,晴,1.0,7.0,門別,静内ロータリークラブ(B4),1:13.5,-0.5,雨,2.0,7.0,門別,グランシャリオドリー(B4),1:15.1,0.3,雨,7.0,4.0,門別,グランシャリオドリー(B4),1:16.2,1.1,曇,4.0,5.0,門別,アガパンサス特別(C1),1:15.0,0.9,晴,32.5,7.0,,nar,2026-10-08,70.18,84.1,71.6,55.0,70.0,63.6,55.3,門別実績 / 履歴少 / 人気以上に走る傾向 / 近走上向き
202650100812,2026-10-08,12,インジェクション,1.0,1.0,柴田裕一,57.0,,4.0,8.0,園田,C2一,1:32.4,1.7,雨,4.0,7.0,園田,立売堀7ハロンC2一,1:32.6,1.6,晴,7.0,8.0,園田,C2一,1:33.8,1.9,曇,8.0,8.0,園田,C1,1:33.5,1.1,曇,5.0,4.0,園田,C1二,1:32.3,0.6,雨,6.3,3.0,,nar,2026-10-08,63.21,65.8,64.4,65.7,62.0,62.4,52.9,園田実績 / 前走人気以上 / 履歴少 / 安定感
202650100812,2026-10-08,12,ウインリフレクト,7.0,6.0,青海大樹,57.0,,6.0,9.0,園田,C2二,1:32.8,1.3,曇,9.0,9.0,園田,JRA交流妙見山特別,2:12.1,7.1,雨,3.0,3.0,園田,C2三,1:34.4,0.5,曇,6.0,7.0,園田,兵庫ジョッキーズ楽天(C2),1:34.9,1.4,晴,3.0,1.0,園田,C2三,1:34.3,0.5,晴,32.6,11.0,,nar,2026-10-08,52.75,61.2,56.0,30.1,45.5,56.0,52.6,クラス条件好転 / 前走人気以上 / 履歴少 / 市場オッズ妙味
202630100812,2026-10-08,12,ウォーキャット,10.0,7.0,小川悠汰,51.0,,2.0,3.0,門別,3歳以上C3ー2C4,1:14.9,0.6,晴,2.0,3.0,門別,3歳以上C3ー2C4,1:16.0,0.0,晴,4.0,4.0,門別,グランシャリオドリー(C3),1:15.5,0.9,曇,6.0,5.0,門別,3歳以上C3ー2C4,1:16.0,1.5,曇,1.0,3.0,門別,3歳以上C4ー2,1:15.5,-0.2,晴,27.0,6.0,,nar,2026-10-08,67.58,85.0,54.3,85.4,57.5,58.2,54.5,門別実績 / 安定感 / 市場オッズ妙味
202644100812,2026-10-08,12,オメガオリーブ,12.0,8.0,本村直樹,53.0,,13.0,13.0,大井,白露特別競走(C2),2:49.2,8.4,曇,11.0,12.0,大井,C2三 四五(C2四),1:45.1,2.6,曇,12.0,12.0,大井,ミッドサマー特別競走(C2),1:50.1,3.6,曇,11.0,13.0,大井,クレイジーソルト賞(C2七),1:15.9,2.1,晴,13.0,13.0,大井,海王星特別競走(C1),1:49.5,3.9,曇,344.3,13.0,,nar,2026-10-08,33.12,11.9,53.8,0.0,42.5,52.9,43.8,履歴少
202644100812,2026-10-08,12,オメガドライヴ,8.0,6.0,本田正重,57.0,,7.0,1.0,大井,うお座特別競走(C1),1:46.7,0.6,曇,1.0,3.0,大井,ミッドサマー特別競走(C2),1:46.5,-0.3,曇,7.0,5.0,大井,C2三 四五(C2四),1:28.6,0.8,晴,6.0,12.0,大井,海王星特別競走(C1),1:46.3,0.7,曇,13.0,7.0,大井,芒種特別競走(C1),2:48.0,7.9,曇,6.0,3.0,,nar,2026-10-08,47.08,60.2,39.7,24.9,48.5,51.8,46.3,履歴少
202630100812,2026-10-08,12,カネトシエテルノ,12.0,8.0,松井伸也,53.0,,2.0,1.0,門別,日胆JAアグリアクシ(B3),1:57.5,0.0,晴,2.0,3.0,門別,オオウバユリ特別(B3),1:57.8,0.1,晴,1.0,1.0,門別,グランシャリオドリー(C3),1:50.7,0.0,晴,2.0,3.0,門別,日高町商工会賞(C3),1:51.8,0.2,曇,1.0,2.0,門別,3歳以上C4ー2,1:58.6,-0.7,曇,10.6,4.0,,nar,2026-10-08,70.81,94.4,51.4,100.0,47.0,61.3,58.2,門別実績 / クラス条件好転 / 安定感
202644100812,2026-10-08,12,クアッズ,3.0,3.0,石川駿介,57.0,,7.0,4.0,大井,ブルー・ムーン賞(C1四),1:44.9,2.3,曇,2.0,3.0,大井,うお座特別競走(C1),1:46.1,0.0,曇,7.0,6.0,大井,フローズン・ダイキリ(C1三),1:42.3,0.9,曇,10.0,7.0,大井,C1二 三四(C1三),1:28.3,1.9,曇,2.0,3.0,大井,C1三 四五(C1四),1:41.7,0.5,曇,4.1,1.0,,nar,2026-10-08,48.93,62.6,41.6,35.3,39.5,51.3,52.6,クラス条件好転 / 履歴少
202650100812,2026-10-08,12,クリノアチーバー,8.0,6.0,小谷哲平,57.0,,3.0,1.0,園田,C2二,1:33.5,0.7,曇,1.0,2.0,園田,C3一,1:32.8,-0.4,雨,2.0,2.0,園田,C3一,1:33.0,0.3,晴,4.0,3.0,園田,網干7ハロンC3一,1:32.4,0.8,晴,6.0,6.0,園田,浄谷町7ハロンC2一,1:33.2,1.0,曇,3.6,1.0,,nar,2026-10-08,65.35,85.9,46.5,89.7,51.5,54.2,56.2,園田実績 / 履歴少 / 安定感
202644100812,2026-10-08,12,グレック,7.0,5.0,中山遥人,57.0,,8.0,5.0,大井,カシオペア座特別競走(C1),1:58.3,1.6,晴,6.0,8.0,大井,うお座特別競走(C1),1:46.5,0.4,曇,13.0,13.0,大井,フローズン・ダイキリ(C1三),1:45.7,4.3,曇,12.0,11.0,大井,C1二 三四(C1三),1:43.9,3.2,曇,8.0,12.0,川崎,新緑特別(B3二),1:37.3,2.1,晴,22.5,8.0,,nar,2026-10-08,40.72,35.4,49.0,0.0,60.5,53.0,43.8,履歴少
202644100812,2026-10-08,12,コスモギンガ,2.0,2.0,西優哉,50.0,,9.0,10.0,大井,白露特別競走(C2),2:45.5,4.7,曇,10.0,14.0,大井,こうま座特別競走(C2),1:58.0,1.9,雨,7.0,11.0,大井,ミッドサマー特別競走(C2),1:48.8,2.3,曇,12.0,12.0,大井,わし座特別競走(C2),2:12.2,2.5,晴,9.0,9.0,大井,ヘラクレス座特別競走(C2),1:59.9,3.5,曇,190.9,12.0,,nar,2026-10-08,43.63,33.7,64.6,0.0,53.0,56.8,43.8,履歴少
202630100812,2026-10-08,12,サンヨウスフィーダ,2.0,2.0,亀井洋司,55.0,,6.0,11.0,門別,瑞穂賞〔H2〕(重賞),2:00.1,5.5,晴,5.0,5.0,門別,ヤングジェネレーショ(A1),2:02.0,5.5,晴,11.0,10.0,門別,ブリーダーズゴールド(JpnIII),2:14.4,6.1,曇,8.0,8.0,門別,クレオメ特別(A1),2:00.1,3.2,晴,7.0,8.0,大井,B1二,1:42.5,1.1,晴,41.2,9.0,,nar,2026-10-08,51.73,50.9,60.0,24.9,60.5,58.0,47.1,前走人気以上 / 履歴少 / 市場オッズ妙味
202650100812,2026-10-08,12,サンライズキース,10.0,7.0,阿部基嗣,57.0,,5.0,6.0,園田,C2一,1:33.8,1.5,曇,5.0,6.0,園田,C2二,1:33.3,2.2,雨,10.0,14.0,2小倉1,3歳未勝利,0:59.6,1.7,曇,11.0,12.0,2阪神1,3歳未勝利,1:58.3,5.5,晴,13.0,14.0,1阪神5,3歳未勝利,1:28.5,3.7,晴,7.7,5.0,,nar,2026-10-08,58.15,46.5,61.1,55.3,78.5,60.4,59.5,園田実績 / 履歴少 / 近走上向き
202630100812,2026-10-08,12,シルバーミラージュ,9.0,7.0,服部茂史,53.0,,8.0,8.0,門別,日胆JAアグリアクシ(B3),1:58.7,1.2,晴,10.0,9.0,門別,ブリーダーズゴールド(JpnIII),2:12.6,4.3,曇,2.0,3.0,門別,YJSトライアルラウ(B4),1:51.5,0.5,晴,7.0,8.0,門別,ノースクイーンC(重賞),1:58.6,2.1,晴,2.0,7.0,門別,アスチルベ特別(B4),1:45.4,0.1,曇,88.0,11.0,,nar,2026-10-08,49.37,55.6,54.3,30.1,33.5,56.5,52.3,クラス条件好転
202650100812,2026-10-08,12,シンゼンハチマン,11.0,8.0,新庄海誠,57.0,,5.0,8.0,園田,ファイティングジョッ(C2),1:54.1,1.3,雨,5.0,5.0,園田,デュランタ賞C2,1:57.5,1.2,曇,6.0,8.0,園田,C2,2:08.8,1.0,雨,6.0,7.0,園田,C2,1:56.1,0.8,曇,4.0,7.0,園田,C2一,1:32.6,0.8,晴,5.8,2.0,,nar,2026-10-08,61.68,66.1,62.3,65.7,51.5,63.3,52.9,園田実績 / 前走人気以上 / 履歴少 / 安定感
202650100812,2026-10-08,12,セイパレル,3.0,3.0,森田誠也,55.0,,5.0,6.0,園田,元宝塚彩羽真矢☆来場(C2),1:32.1,1.0,晴,8.0,8.0,園田,C2一,1:32.8,1.6,晴,3.0,4.0,園田,C2一,1:33.6,1.2,晴,2.0,4.0,園田,C2一,1:32.2,0.3,晴,6.0,9.0,園田,大沢7ハロンC2一,1:32.1,0.9,曇,6.8,4.0,,nar,2026-10-08,60.47,67.9,57.7,64.7,48.5,62.7,52.5,園田実績 / 安定感
202630100812,2026-10-08,12,ゼロアワー,7.0,6.0,落合玄太,56.0,,8.0,6.0,門別,ブリーダーズゴールド(JpnIII),2:11.2,2.9,曇,2.0,1.0,門別,ノースクイーンC(重賞),1:56.6,0.1,晴,2.0,2.0,門別,ヒダカソウカップ〔H(重賞),1:43.1,0.0,雨,5.0,4.0,名古屋,若草賞土古記念(重賞),1:34.9,1.2,晴,8.0,2.0,笠松,ブルーリボンマイル(重賞),1:44.6,1.5,晴,1.9,1.0,,nar,2026-10-08,50.9,68.9,38.6,59.3,27.5,46.2,54.4,門別実績
202644100812,2026-10-08,12,タリスマンチャント,4.0,4.0,江里口裕,55.0,,5.0,5.0,大井,3歳一 二三(3歳二),1:43.4,2.5,曇,6.0,7.0,大井,3歳一 二三(3歳二),1:44.3,0.6,曇,2.0,7.0,大井,3歳四 五,1:44.8,0.5,曇,10.0,7.0,大井,3歳一 二三(3歳二),1:29.8,2.1,曇,3.0,5.0,大井,3歳四 五六(3歳五),1:44.0,0.9,晴,25.1,10.0,,nar,2026-10-08,59.39,66.6,57.0,60.5,51.5,59.5,52.9,大井実績 / 履歴少 / 安定感 / 市場オッズ妙味
202644100812,2026-10-08,12,ツートンショコラ,6.0,5.0,和田譲治,55.0,,4.0,1.0,大井,カシオペア座特別競走(C1),1:57.0,0.3,晴,4.0,7.0,大井,りゅう座特別競走(C1),2:09.9,0.7,曇,7.0,3.0,大井,芒種特別競走(C1),2:42.6,2.5,曇,1.0,7.0,大井,りょうけん座特別競走(C1),2:09.4,-0.2,晴,3.0,5.0,大井,トーラス特別競走(C1),1:46.0,0.1,曇,4.7,2.0,,nar,2026-10-08,62.73,75.6,50.9,80.2,48.5,59.2,56.2,大井実績 / 履歴少 / 安定感
202644100812,2026-10-08,12,トビーンズ,9.0,6.0,杉山海波,50.0,,7.0,9.0,大井,3歳四 五,1:45.5,1.1,晴,12.0,13.0,大井,フォーチュネイトむく(C13歳),1:58.4,3.1,曇,10.0,10.0,大井,月見草特別競走(3歳),1:44.8,1.5,晴,8.0,7.0,大井,明星賞競走(B2),1:58.1,3.5,晴,3.0,5.0,大井,3歳四 五六(3歳五),1:44.5,1.3,曇,80.5,11.0,,nar,2026-10-08,44.84,39.4,56.4,10.3,57.5,53.5,46.3,履歴少
202650100812,2026-10-08,12,ノブアンドホワイト,9.0,7.0,塩津璃菜,55.0,,5.0,6.0,園田,C2二,1:33.9,1.1,曇,6.0,5.0,園田,夢洲7ハロンC2二,1:34.4,1.1,晴,3.0,5.0,園田,C2三,1:34.3,1.3,晴,1.0,2.0,園田,C3四,1:34.0,-0.6,晴,5.0,3.0,園田,C3二,1:36.4,2.5,曇,35.2,12.0,,nar,2026-10-08,60.64,73.8,52.7,75.1,42.5,54.1,56.2,園田実績 / 履歴少 / 安定感
202644100812,2026-10-08,12,ハボタン,10.0,7.0,木澤奨,52.0,,6.0,9.0,大井,キンモクセイ特別競走(C1),1:44.9,1.3,雨,7.0,11.0,大井,花野特別競走(C1C2),1:27.8,0.9,曇,5.0,8.0,大井,3歳一 二三(3歳二),1:43.1,0.6,晴,5.0,3.0,大井,3歳一 二三(3歳二),1:44.5,3.0,晴,3.0,5.0,大井,アザレア特別競走(3歳),1:58.3,1.2,曇,23.9,9.0,,nar,2026-10-08,58.49,63.2,66.9,44.7,44.0,62.8,52.9,大井実績 / 前走人気以上 / 履歴少 / 人気以上に走る傾向
202630100812,2026-10-08,12,バレンタインケーキ,6.0,5.0,桑村真明,54.0,,4.0,3.0,門別,ヤングジェネレーショ(A1),1:57.4,0.9,晴,4.0,2.0,門別,クレオメ特別(A1),1:58.3,1.4,晴,5.0,2.0,門別,ノースクイーンC(重賞),1:58.0,1.5,晴,2.0,1.0,門別,フロイラインカップ〔(重賞),1:51.7,0.1,曇,1.0,3.0,門別,ヒダカソウカップ〔H(重賞),1:43.1,0.0,雨,9.2,3.0,,nar,2026-10-08,62.73,79.2,40.7,100.0,44.0,56.2,56.4,門別実績 / 安定感
202644100812,2026-10-08,12,ピンナダ,13.0,8.0,藤本現暉,57.0,,2.0,5.0,大井,C1六 七八(C1七),1:43.7,0.0,雨,4.0,5.0,大井,宵風賞(C1七),1:28.0,0.3,曇,4.0,6.0,大井,立秋特別競走(C2),2:41.2,1.2,曇,7.0,7.0,大井,C2三 四五(C2四),1:43.3,1.5,晴,6.0,7.0,大井,赤坂見附特別競走(C1),1:57.0,1.2,曇,6.3,4.0,,nar,2026-10-08,67.36,75.7,61.6,75.1,69.5,62.4,52.9,大井実績 / 前走人気以上 / 履歴少 / 近走上向き
202630100812,2026-10-08,12,ファーマドール,1.0,1.0,金山昇馬,52.0,,14.0,14.0,2札幌6,HTB賞(2勝クラス),1:50.5,1.8,晴,8.0,4.0,門別,グランシャリオドリー(B1),1:53.5,2.7,晴,4.0,7.0,園田,のじぎく賞(重賞),1:53.7,1.0,晴,4.0,8.0,水沢,留守杯日高賞(重賞),1:44.6,1.5,晴,10.0,12.0,浦和,桜花賞(重賞),1:38.7,4.0,曇,34.6,8.0,,nar,2026-10-08,41.12,40.0,52.7,34.3,5.0,54.9,48.8,履歴少
202650100812,2026-10-08,12,ベラジオマサキ,4.0,4.0,城野慈尚,57.0,,5.0,8.0,園田,C2,0:50.7,1.0,晴,5.0,9.0,園田,C2一,0:51.0,1.0,晴,3.0,4.0,園田,C2二,0:51.5,0.3,晴,8.0,11.0,園田,C2一,0:50.8,0.7,晴,3.0,2.0,園田,C2一,0:51.3,0.2,雨,26.8,10.0,,nar,2026-10-08,65.99,69.3,67.1,85.4,48.5,62.8,56.2,園田実績 / 前走人気以上 / 履歴少 / 人気以上に走る傾向
202630100812,2026-10-08,12,ホウヨウムーン,8.0,6.0,黒澤愛斗,53.0,,1.0,5.0,門別,ヘメロカリス特別(B3),1:49.9,-0.1,晴,5.0,8.0,門別,キレートレモンクエン(B3),1:50.0,1.4,雨,4.0,5.0,門別,タチギボウシ特別(B3),1:44.6,0.9,晴,7.0,4.0,門別,YJSトライアルラウ(B4),1:52.9,1.9,晴,1.0,5.0,川崎,キャビア賞(C2),1:37.5,-0.2,曇,12.5,5.0,,nar,2026-10-08,71.52,80.3,65.0,85.4,69.5,66.6,55.3,門別実績 / 前走人気以上 / 履歴少 / 近走上向き
202644100812,2026-10-08,12,マイネルイージス,5.0,4.0,田中洸多,57.0,,5.0,9.0,大井,カシオペア座特別競走(C1),1:57.8,1.1,晴,4.0,5.0,大井,うお座特別競走(C1),1:46.2,0.1,曇,6.0,7.0,大井,ペルセウス座特別競走(C1),1:58.2,1.1,雨,10.0,9.0,大井,C1二 三四(C1三),1:43.7,3.0,曇,2.0,6.0,大井,海王星特別競走(C1),1:45.6,0.0,曇,11.8,7.0,,nar,2026-10-08,62.27,65.1,63.5,65.7,53.0,66.4,52.9,大井実績 / 前走人気以上 / 履歴少 / 安定感
202650100812,2026-10-08,12,マエストロライト,12.0,8.0,河原田菜,57.0,,4.0,7.0,園田,C2三,1:33.3,0.8,曇,7.0,7.0,園田,C2三,1:35.6,1.7,曇,4.0,5.0,園田,C2二,1:34.3,1.4,晴,5.0,10.0,園田,C2二,1:32.2,1.3,晴,5.0,6.0,園田,C2二,1:22.6,1.5,曇,23.4,8.0,,nar,2026-10-08,64.46,68.0,63.6,75.1,57.5,62.8,54.5,園田実績 / 前走人気以上 / 安定感 / 市場オッズ妙味
202644100812,2026-10-08,12,マムティプリンス,1.0,1.0,西啓太,57.0,,6.0,8.0,大井,BSイレブン賞競走(B3),1:42.0,1.6,晴,11.0,5.0,大井,桂坂賞競走(B3),1:48.2,3.0,雨,2.0,4.0,大井,トーラス特別競走(C1),1:45.9,0.0,曇,8.0,3.0,大井,C1三 四五(C1四),1:45.5,3.1,晴,1.0,4.0,大井,花月特別競走(C1),1:46.9,0.0,晴,6.7,5.0,,nar,2026-10-08,48.45,58.2,43.6,30.1,47.0,53.5,49.6,履歴少
202650100812,2026-10-08,12,メイショウトッド,6.0,5.0,田山旺佑,57.0,,7.0,4.0,園田,C2一,1:34.3,2.0,曇,5.0,8.0,園田,C2一,1:32.7,1.4,曇,14.0,17.0,2小倉5,3歳未勝利,1:09.7,1.4,晴,15.0,12.0,3京都8,3歳未勝利,1:28.1,3.2,晴,13.0,11.0,2阪神5,3歳未勝利,1:57.2,5.4,晴,8.5,6.0,,nar,2026-10-08,45.64,33.2,48.5,24.9,78.5,51.1,51.5,園田実績 / 前走人気以上 / 近走上向き
202644100812,2026-10-08,12,リケアミネオラ,11.0,7.0,千田洋,57.0,,5.0,9.0,大井,ブルー・ムーン賞(C1四),1:44.6,2.0,曇,3.0,6.0,大井,うお座特別競走(C1),1:46.2,0.1,曇,5.0,8.0,大井,チチ賞(C1),1:44.2,1.0,曇,5.0,8.0,大井,ミントジュレップ賞(C1),1:42.3,1.6,晴,3.0,8.0,大井,海王星特別競走(C1),1:46.1,0.5,曇,10.8,6.0,,nar,2026-10-08,72.1,73.6,74.6,100.0,44.0,71.8,62.5,大井実績 / クラス条件好転 / 前走人気以上 / 履歴少
202630100812,2026-10-08,12,リコーテリア,3.0,3.0,小野楓馬,54.0,,3.0,5.0,門別,新冠町長杯レコードな(B1),1:50.8,0.7,雨,5.0,3.0,大井,御組坂賞競走(B3),1:27.5,0.7,晴,4.0,1.0,大井,めぐみ坂賞競走(B3),1:27.7,0.4,曇,1.0,4.0,大井,C1三 四五(C1四),1:27.6,-0.3,晴,9.0,1.0,大井,カシオペア座特別競走(C1),1:57.5,1.9,曇,3.4,2.0,,nar,2026-10-08,61.66,75.8,43.9,89.7,60.5,50.0,48.8,履歴少 / 安定感
202630100812,2026-10-08,12,レディパイロ,5.0,5.0,岩橋勇二,54.0,,5.0,5.0,門別,シュウメイギク特別(A3),1:14.7,1.2,晴,2.0,7.0,門別,日高報知新聞特別(A2),1:13.8,0.4,雨,5.0,6.0,門別,ダリア特別(A3),1:13.8,0.8,晴,2.0,2.0,門別,8月15日しかべ最大(B1),1:14.4,1.1,曇,3.0,1.0,門別,星の降る里・芦別健夏(B1),1:14.7,0.5,曇,60.3,10.0,,nar,2026-10-08,66.6,79.1,58.7,100.0,38.0,56.1,59.5,門別実績 / 履歴少 / 安定感
202650100812,2026-10-08,12,ヴァリラプトル,2.0,2.0,小笠原羚,55.0,,5.0,5.0,園田,C2三,1:33.7,1.2,曇,3.0,7.0,園田,C2二,1:33.7,1.0,晴,7.0,7.0,園田,C2一,1:34.4,2.7,曇,3.0,4.0,園田,C2三,1:34.0,0.6,晴,1.0,1.0,園田,C3二,1:34.9,-0.3,晴,15.4,7.0,,nar,2026-10-08,64.02,74.5,58.0,80.2,41.0,64.9,56.2,園田実績 / 履歴少 / 安定感 / 市場オッズ妙味
