race_id,日付,レース,馬名,馬番,枠,騎手,斤量,実着順,着順1,人気1,場1,レース名1,着順2,人気2,場2,レース名2,着順3,人気3,場3,レース名3,着順4,人気4,場4,レース名4,着順5,人気5,場5,レース名5,単勝オッズ,人気,オッズ更新日時,source,_date,AREru指数,因子_performance,因子_upset,因子_consistency,因子_trend,因子_value,因子_context,理由
202630081201,2026-08-12,1,イイヒタビダチ,11.0,8.0,宮内勇樹,55.0,,6.0,9.0,門別,JRA認定競走アタッ(未勝利)(2歳),8.0,10.0,門別,2歳未勝利(未勝利),6.0,9.0,門別,JRA認定競走フレッ(新馬)(2歳),,,,,,,,,15.8,6.0,,nar,2026-08-12,52.87,54.7,68.7,0.0,56.0,70.4,45,履歴少 / 人気以上に走る傾向 / 過小評価傾向 / 市場オッズ妙味
202647081201,2026-08-12,1,イッツユー,6.0,6.0,大原浩司,55.0,,8.0,8.0,笠松,祝!〜加藤正退職記念(3歳),8.0,11.0,笠松,3歳6組,8.0,10.0,笠松,村田先生ご退職記念み(3歳),8.0,9.0,笠松,浩介&望美ウエディン(3歳),7.0,8.0,笠松,第3回レディースリカ(3歳),37.7,9.0,,nar,2026-08-12,45.73,44.8,59.7,0.0,48.5,60.9,45,履歴少 / 市場オッズ妙味
202650081201,2026-08-12,1,イーブンパー,3.0,3.0,松木大地,56.0,,,,,,,,,,,,,,,,,,,,,,2.4,2.0,,nar,2026-08-12,36.0,35.0,35.0,35.0,35.0,35.0,45,履歴少
202630081201,2026-08-12,1,ウワサノリクチャン,10.0,8.0,石川倭,55.0,,7.0,8.0,門別,2歳未勝利(未勝利),11.0,10.0,門別,2歳未勝利(未勝利),11.0,10.0,門別,JRA認定競走フレッ(新馬)(2歳),,,,,,,,,64.7,9.0,,nar,2026-08-12,41.63,33.0,48.7,0.0,74.0,52.4,45,履歴少 / 近走上向き
202642081201,2026-08-12,1,エクレールセイラ,8.0,8.0,吉留孝司,54.0,,9.0,7.0,浦和,3歳七　選抜馬イ,7.0,4.0,浦和,3歳九,5.0,5.0,浦和,ドリームチャレンジ(2歳),,,,,,,,,34.1,8.0,,nar,2026-08-12,40.73,49.7,37.4,19.8,32.0,50.9,45,履歴少 / 市場オッズ妙味
202647081201,2026-08-12,1,オルン,2.0,2.0,渡辺竜也,55.0,,3.0,1.0,笠松,3歳未勝利,9.0,10.0,笠松,3歳6組,6.0,9.0,笠松,村田先生ご退職記念み(3歳),5.0,4.0,笠松,祝!アラサー理華子生(3歳),6.0,7.0,笠松,3歳5組,8.7,3.0,,nar,2026-08-12,56.71,62.5,51.3,45.0,71.0,60.5,45,履歴少 / 近走上向き
202647081201,2026-08-12,1,キタノエンブラ,5.0,5.0,細川智史,55.0,,6.0,6.0,笠松,3歳未勝利,9.0,9.0,笠松,瀬戸発☆TORAT2(3歳),7.0,9.0,笠松,3歳5組,6.0,9.0,笠松,祝!アラサー理華子生(3歳),10.0,10.0,笠松,3歳5組,33.8,8.0,,nar,2026-08-12,47.43,49.1,55.8,0.0,62.0,59.5,45,履歴少 / 市場オッズ妙味
202650081201,2026-08-12,1,クリノビックリバゴ,9.0,8.0,南部楓馬,54.0,,7.0,9.0,園田,C3,5.0,5.0,姫路,C3三,6.0,3.0,姫路,C3三,9.0,1.0,園田,C3三,3.0,1.0,園田,C3四,14.4,5.0,,nar,2026-08-12,47.53,58.5,40.5,35.3,42.5,54.2,45,履歴少 / 市場オッズ妙味
202642081201,2026-08-12,1,グロースフロイデ,5.0,5.0,中山遥人,53.0,,4.0,6.0,浦和,3歳七　選抜馬イ,8.0,11.0,川崎,アルコンスィエル賞(3歳),8.0,8.0,川崎,3歳11,8.0,10.0,川崎,ストーム賞(3歳),7.0,6.0,川崎,しめ飾り賞(3歳),9.3,4.0,,nar,2026-08-12,55.59,54.6,60.8,30.4,72.5,63.4,45,履歴少 / 近走上向き
202650081201,2026-08-12,1,コルシカブルー,7.0,7.0,板野央,57.0,,4.0,7.0,園田,C3三,8.0,11.0,園田,C3二,10.0,9.0,園田,C3二,5.0,7.0,園田,C3二,9.0,8.0,園田,C3三,12.8,3.0,,nar,2026-08-12,57.52,53.2,61.6,45.0,74.0,64.8,45,履歴少 / 近走上向き / 市場オッズ妙味
202630081201,2026-08-12,1,コンバットパトリ,9.0,7.0,阿部龍,55.0,,5.0,7.0,門別,JRA認定競走フレッ(新馬)(2歳),,,,,,,,,,,,,,,,,7.8,5.0,,nar,2026-08-12,42.6,44.6,43.7,36.3,40.6,42.0,45,履歴少 / サンプル少
202647081201,2026-08-12,1,ゴールドプロテクト,4.0,4.0,東川慎,55.0,,5.0,7.0,笠松,祝!〜加藤正退職記念(3歳),7.0,8.0,笠松,村田先生ご退職記念み(3歳),8.0,7.0,笠松,第3回レディースリカ(3歳),3.0,5.0,笠松,3歳6組,6.0,4.0,笠松,笠松町コラボ同時開催(3歳),10.1,4.0,,nar,2026-08-12,55.45,60.8,55.2,45.0,56.0,61.1,45,履歴少
202630081201,2026-08-12,1,サザンザバロン,1.0,1.0,服部茂史,55.0,,2.0,3.0,門別,ホクレンカタログギフ(未勝利)(2歳),7.0,4.0,門別,2歳未勝利(未勝利),7.0,3.0,門別,2歳未勝利(未勝利),5.0,7.0,門別,JRA認定競走アタッ(未勝利)(2歳),5.0,5.0,門別,JRA認定競走フレッ(新馬)(2歳),5.0,2.0,,nar,2026-08-12,57.11,68.1,43.4,55.3,74.0,54.2,45,履歴少 / 近走上向き
202650081201,2026-08-12,1,サンライズアトム,5.0,5.0,川原正一,55.0,,10.0,9.0,園田,C3三,8.0,9.0,園田,C3二,10.0,7.0,姫路,C3二,10.0,5.0,姫路,C3二,5.0,6.0,園田,C3四,103.9,10.0,,nar,2026-08-12,37.31,36.1,41.1,10.3,39.5,49.0,45,履歴少
202647081201,2026-08-12,1,サートゥリア,8.0,8.0,深澤杏花,55.0,,8.0,7.0,笠松,3歳6組,10.0,8.0,笠松,3歳5組,2.0,3.0,笠松,3歳未勝利,9.0,7.0,笠松,浩介&望美ウエディン(3歳),4.0,8.0,笠松,3歳5組,10.7,5.0,,nar,2026-08-12,46.91,51.6,46.6,30.1,39.5,60.1,45,履歴少
202642081201,2026-08-12,1,シェナノローマ,6.0,6.0,国分祐仁,56.0,,8.0,5.0,浦和,3歳七　選抜馬イ,4.0,5.0,浦和,3歳九,9.0,10.0,浦和,3歳九,5.0,5.0,浦和,ドリームチャレンジ(2歳),,,,,14.7,6.0,,nar,2026-08-12,48.83,55.0,46.4,39.5,38.0,60.6,45,履歴少 / 市場オッズ妙味
202650081201,2026-08-12,1,シルエッタ,2.0,2.0,竹村達也,55.0,,9.0,8.0,園田,C3三,9.0,11.0,園田,C3,9.0,11.0,園田,3歳C2,9.0,8.0,園田,3歳未勝利リミテッド,9.0,8.0,園田,3歳C2二,45.5,8.0,,nar,2026-08-12,41.12,36.0,52.4,0.0,50.0,56.9,45,履歴少 / 市場オッズ妙味
202642081201,2026-08-12,1,シルキーグリーン,3.0,3.0,室陽一朗,54.0,,5.0,12.0,浦和,ランチタイム(3歳),10.0,10.0,浦和,ランチタイム(3歳),10.0,7.0,浦和,3歳九,6.0,6.0,浦和,ドリームチャレンジ(2歳),,,,,22.9,7.0,,nar,2026-08-12,53.09,46.8,62.0,30.4,72.0,59.5,45,履歴少 / 近走上向き / 市場オッズ妙味
202630081201,2026-08-12,1,スキップストーン,8.0,7.0,藤田凌駕,53.0,,5.0,7.0,門別,グランシャリオドリー(未勝利)(2歳),10.0,11.0,門別,2歳未勝利(未勝利),11.0,10.0,門別,JRA認定競走アタッ(未勝利)(2歳),6.0,7.0,門別,JRA認定競走フレッ(新馬)(2歳),,,,,35.0,8.0,,nar,2026-08-12,51.36,45.0,56.3,30.4,74.0,58.7,45,履歴少 / 近走上向き / 市場オッズ妙味
202642081201,2026-08-12,1,スタールル,4.0,4.0,保園翔也,54.0,,3.0,9.0,浦和,3歳七　選抜馬イ,7.0,7.0,浦和,3歳八,11.0,11.0,浦和,浦和800ラウンド(3歳),10.0,11.0,浦和,浦和800ラウンド(3歳),8.0,7.0,浦和,3歳七,11.6,5.0,,nar,2026-08-12,56.91,51.1,63.1,30.4,86.0,64.3,45,履歴少 / 近走上向き
202647081201,2026-08-12,1,スティルアイライズ,9.0,8.0,松本一心,55.0,,8.0,5.0,笠松,3歳未勝利,8.0,7.0,笠松,3歳5組,8.0,8.0,笠松,祝!アラサー理華子生(3歳),8.0,7.0,笠松,3歳6組,8.0,5.0,笠松,笠松町コラボ同時開催(3歳),17.8,6.0,,nar,2026-08-12,40.09,44.0,38.7,0.0,50.0,57.0,45,履歴少 / 市場オッズ妙味
202647081201,2026-08-12,1,スピアザキック,7.0,7.0,井口裕貴,54.0,,4.0,4.0,笠松,3歳5組,3.0,6.0,笠松,村田先生ご退職記念み(3歳),5.0,5.0,笠松,3歳5組,7.0,5.0,笠松,3歳5組,4.0,6.0,笠松,笠松町コラボ同時開催(3歳),3.1,2.0,,nar,2026-08-12,62.76,72.9,54.6,85.4,54.5,56.8,45,履歴少 / 安定感
202642081201,2026-08-12,1,スマイルセレブ,7.0,7.0,及川烈,54.0,,10.0,10.0,浦和,ランチタイム(3歳),7.0,9.0,浦和,ランチタイム(3歳),8.0,9.0,浦和,3歳九,8.0,10.0,浦和,浦和800ラウンド(3歳),10.0,11.0,浦和,2歳六,38.3,9.0,,nar,2026-08-12,42.55,39.5,57.6,0.0,39.5,60.2,45,履歴少 / 市場オッズ妙味
202650081201,2026-08-12,1,ダズリングアイス,4.0,4.0,塩津璃菜,51.0,,8.0,7.0,園田,C3三,9.0,6.0,園田,C3三,6.0,3.0,園田,C3二,4.0,2.0,園田,C3三,10.0,10.0,園田,C3二,39.7,7.0,,nar,2026-08-12,41.01,48.2,36.4,14.6,45.5,50.5,45,履歴少 / 市場オッズ妙味
202630081201,2026-08-12,1,ダンストンフォルテ,6.0,6.0,落合玄太,55.0,,7.0,3.0,門別,JRA認定競走フレッ(新馬)(2歳),,,,,,,,,,,,,,,,,6.7,3.0,,nar,2026-08-12,37.78,41.1,34.5,29.6,40.6,36.2,45,履歴少 / サンプル少
202644081201,2026-08-12,1,チュウオースカイ,7.0,7.0,瀬川将輝,56.0,,9.0,9.0,大井,3歳11　12,10.0,12.0,大井,3歳11　12,8.0,8.0,大井,3歳12　13,8.0,9.0,大井,3歳11　12,8.0,2.0,大井,北沢川賞(3歳),53.1,9.0,,nar,2026-08-12,39.92,37.6,50.2,0.0,47.0,51.5,45,履歴少
202647081201,2026-08-12,1,チュウワキャット,3.0,3.0,森島貴之,55.0,,,,,,,,,,,,,,,,,,,,,,2.1,1.0,,nar,2026-08-12,36.0,35.0,35.0,35.0,35.0,35.0,45,履歴少
202644081201,2026-08-12,1,デスピナ,1.0,1.0,藤本現暉,54.0,,8.0,7.0,大井,3歳八　九十(3歳九),6.0,9.0,大井,3歳九　十,8.0,8.0,大井,3歳十　11,10.0,12.0,大井,3歳九　十,8.0,6.0,大井,3歳12　1314(3歳13),21.7,6.0,,nar,2026-08-12,44.24,45.7,53.7,0.0,50.0,57.6,45,履歴少 / 市場オッズ妙味
202644081201,2026-08-12,1,トゥザノースエンド,6.0,6.0,吉井章,54.0,,7.0,5.0,大井,3歳八　九十(3歳九),5.0,4.0,大井,3歳九　十,2.0,5.0,大井,3歳　選抜牝馬,12.0,2.0,大井,3歳11　12,,,,,10.6,4.0,,nar,2026-08-12,47.87,58.8,36.5,44.7,46.0,51.9,45,履歴少
202644081201,2026-08-12,1,トゥーナルビーズ,4.0,4.0,増田充宏,54.0,,6.0,12.0,大井,3歳11　12,14.0,4.0,大井,3歳11　12,,,,,,,,,,,,,60.6,10.0,,nar,2026-08-12,41.79,36.1,40.8,18.0,71.9,47.0,45,履歴少 / サンプル少 / 近走上向き
202630081201,2026-08-12,1,ドミネイト,4.0,4.0,小野楓馬,55.0,,6.0,2.0,門別,ホクレンカタログギフ(未勝利)(2歳),5.0,2.0,門別,JRA認定競走フレッ(新馬)(2歳),,,,,,,,,,,,,7.0,4.0,,nar,2026-08-12,42.72,53.0,31.8,31.7,42.2,49.1,45,履歴少 / サンプル少
202642081201,2026-08-12,1,ニコニコニコル,1.0,1.0,町田直希,54.0,,6.0,9.0,浦和,3歳七　選抜馬ア,8.0,4.0,浦和,深谷宿賞(3歳),3.0,5.0,浦和,3歳九,6.0,6.0,浦和,3歳六,6.0,9.0,浦和,浦和800ラウンド(3歳),7.0,3.0,,nar,2026-08-12,51.27,60.8,54.3,19.8,48.5,60.9,45,履歴少
202644081201,2026-08-12,1,ノーブルフォルテ,5.0,5.0,本田正重,56.0,,,,,,,,,,,,,,,,,,,,,,5.1,3.0,,nar,2026-08-12,36.0,35.0,35.0,35.0,35.0,35.0,45,履歴少
202630081201,2026-08-12,1,バシュネル,2.0,2.0,桑村真明,55.0,,3.0,1.0,門別,2歳未勝利(未勝利),6.0,3.0,門別,JRA認定競走アタッ(未勝利)(2歳),3.0,1.0,門別,JRA認定競走アタッ(未勝利)(2歳),2.0,1.0,門別,JRA認定競走フレッ(新馬)(2歳),,,,,2.2,1.0,,nar,2026-08-12,55.77,78.6,35.2,64.7,54.0,46.9,45,履歴少 / 安定感
202650081201,2026-08-12,1,バッドロージー,1.0,1.0,廣瀬航,55.0,,9.0,4.0,園田,C3一,10.0,3.0,園田,C3一,7.0,7.0,園田,揖西町小犬丸(C2),5.0,7.0,園田,C2一,7.0,4.0,園田,蛍原徹☆来場記念C2,1.9,1.0,,nar,2026-08-12,35.85,43.5,27.0,14.6,39.5,44.3,45,履歴少
202644081201,2026-08-12,1,パロットフィッシュ,10.0,8.0,高橋優,51.0,,4.0,6.0,大井,3歳11　12,8.0,4.0,大井,3歳11　12,5.0,4.0,大井,3歳　選抜牝馬,6.0,7.0,大井,3歳11　12,,,,,13.5,5.0,,nar,2026-08-12,55.26,62.7,46.6,50.2,64.0,59.5,45,履歴少 / 市場オッズ妙味
202650081201,2026-08-12,1,ヒマリアン,6.0,6.0,佐々木世,55.0,,3.0,6.0,園田,C3四,7.0,7.0,姫路,C3三,9.0,10.0,姫路,C3二,10.0,6.0,姫路,C3二,8.0,8.0,姫路,C3二,14.1,4.0,,nar,2026-08-12,54.75,54.2,53.7,30.4,83.0,61.3,45,履歴少 / 近走上向き / 市場オッズ妙味
202642081201,2026-08-12,1,ビナナムディン,2.0,2.0,岡村健司,54.0,,5.0,2.0,浦和,3歳八,3.0,4.0,浦和,3歳六,,,,,,,,,,,,,2.5,1.0,,nar,2026-08-12,48.3,59.4,40.9,48.4,38.9,49.2,45,履歴少 / サンプル少
202630081201,2026-08-12,1,フォンミー,5.0,5.0,近藤翔月,54.0,,8.0,9.0,門別,北海道きたやさい賞(未勝利)(2歳),10.0,8.0,門別,2歳牝馬未勝利(未勝利),8.0,4.0,門別,JRA認定競走フレッ(新馬)(2歳),,,,,,,,,97.0,10.0,,nar,2026-08-12,38.58,38.7,40.8,0.0,56.0,48.1,45,履歴少
202630081201,2026-08-12,1,フークプティット,7.0,6.0,小川悠汰,52.0,,7.0,11.0,門別,ホクレンカタログギフ(未勝利)(2歳),9.0,10.0,門別,2歳未勝利(未勝利),10.0,9.0,門別,JRA認定競走フレッ(新馬)(2歳),,,,,,,,,118.3,11.0,,nar,2026-08-12,46.54,40.4,61.8,0.0,65.0,57.8,45,履歴少 / 近走上向き
202650081201,2026-08-12,1,ベイサルシュート,10.0,8.0,山本屋太,55.0,,7.0,7.0,園田,C3三,12.0,10.0,園田,C3,11.0,10.0,園田,C3,11.0,9.0,園田,掎鹿谷スプリントC3,12.0,10.0,園田,C3一,66.6,9.0,,nar,2026-08-12,38.12,26.9,41.6,0.0,77.0,49.0,45,履歴少 / 近走上向き
202644081201,2026-08-12,1,マツリ,3.0,3.0,藤田凌,54.0,,2.0,2.0,大井,3歳11　12,,,,,,,,,,,,,,,,,2.4,1.0,,nar,2026-08-12,43.15,49.9,40.6,36.3,40.6,40.6,45,履歴少 / サンプル少
202644081201,2026-08-12,1,マンゴーパフェ,2.0,2.0,田中洸多,54.0,,5.0,8.0,大井,3歳11　12,9.0,11.0,大井,3歳11　12,9.0,8.0,大井,3歳　選抜牝馬,11.0,10.0,大井,3歳11　12,8.0,9.0,大井,3歳　選抜牝馬,34.5,8.0,,nar,2026-08-12,51.8,44.2,58.2,30.4,75.5,58.9,45,履歴少 / 近走上向き / 市場オッズ妙味
202644081201,2026-08-12,1,モノセロス,9.0,8.0,中村尚平,56.0,,9.0,9.0,大井,3歳八　九十(3歳九),8.0,7.0,大井,3歳九　十,5.0,3.0,大井,3歳12　13,11.0,6.0,大井,3歳九　十,3.0,9.0,大井,3歳12　1314(3歳13),30.4,7.0,,nar,2026-08-12,44.07,46.9,44.7,30.1,36.5,55.0,45,履歴少 / 市場オッズ妙味
202644081201,2026-08-12,1,モンデュー,8.0,7.0,矢野貴之,54.0,,,,,,,,,,,,,,,,,,,,,,3.1,2.0,,nar,2026-08-12,36.0,35.0,35.0,35.0,35.0,35.0,45,履歴少
202630081201,2026-08-12,1,ユーデンブルク,3.0,3.0,岩橋勇二,55.0,,10.0,8.0,門別,2歳未勝利(未勝利),4.0,7.0,門別,JRA認定競走フレッ(新馬)(2歳),,,,,,,,,,,,,21.4,7.0,,nar,2026-08-12,42.82,45.3,46.5,31.7,25.7,54.3,45,履歴少 / サンプル少 / 市場オッズ妙味
202647081201,2026-08-12,1,ヨザクラブルース,1.0,1.0,高木健,55.0,,5.0,8.0,笠松,3歳未勝利,8.0,8.0,笠松,瀬戸発☆TORAT2(3歳),6.0,6.0,笠松,3歳未勝利,7.0,5.0,笠松,3歳未勝利,3.0,10.0,笠松,3歳6組,26.8,7.0,,nar,2026-08-12,55.71,59.8,59.4,40.7,56.0,61.5,45,履歴少 / 市場オッズ妙味
202642081201,2026-08-12,1,ヨドノラヴ,9.0,8.0,野畑凌,54.0,,6.0,1.0,浦和,3歳九,,,,,,,,,,,,,,,,,2.9,2.0,,nar,2026-08-12,37.75,42.8,32.9,29.6,40.6,35.1,45,履歴少 / サンプル少
202650081201,2026-08-12,1,ワンダーフレックス,8.0,7.0,大山真吾,55.0,,7.0,10.0,園田,C3三,9.0,6.0,園田,C3二,3.0,3.0,園田,C3三,5.0,7.0,園田,C3三,6.0,7.0,園田,C3三,34.9,6.0,,nar,2026-08-12,50.91,57.5,53.9,34.3,42.5,58.2,45,履歴少 / 市場オッズ妙味
202630081202,2026-08-12,2,アスフィート,2.0,2.0,岩橋勇二,55.0,,5.0,3.0,門別,2歳牝馬未勝利(未勝利),2.0,8.0,門別,JRA認定競走フレッ(新馬)(2歳),,,,,,,,,,,,,8.0,4.0,,nar,2026-08-12,52.49,61.3,51.7,48.4,35.6,59.5,45,履歴少 / サンプル少
202647081202,2026-08-12,2,アルデナイン,4.0,4.0,大原浩司,55.0,,6.0,5.0,笠松,祝!〜加藤正退職記念(3歳),7.0,6.0,笠松,3歳6組,5.0,4.0,笠松,村田先生ご退職記念み(3歳),14.0,10.0,1新潟4,3歳未勝利,15.0,15.0,5中山8,2歳新馬,39.6,6.0,,nar,2026-08-12,45.43,44.6,40.7,19.8,75.5,51.8,45,履歴少 / 近走上向き / 市場オッズ妙味
202630081202,2026-08-12,2,アロンジサンナスビ,9.0,7.0,黒澤愛斗,55.0,,5.0,8.0,門別,JRA認定競走フレッ(新馬)(2歳),,,,,,,,,,,,,,,,,12.8,5.0,,nar,2026-08-12,42.97,44.6,45.3,36.3,40.6,42.0,45,履歴少 / サンプル少
202650081202,2026-08-12,2,イタリックタイプ,9.0,8.0,竹村達也,57.0,,6.0,10.0,園田,C3二,4.0,5.0,園田,C3三,4.0,7.0,園田,C3二,10.0,7.0,園田,C3二,10.0,7.0,園田,C3二,16.7,7.0,,nar,2026-08-12,56.21,59.2,59.2,44.7,56.0,63.3,45,履歴少 / 市場オッズ妙味
202630081202,2026-08-12,2,エイシンスラッパー,8.0,6.0,服部茂史,55.0,,9.0,9.0,門別,JRA認定競走フレッ(新馬)(2歳),,,,,,,,,,,,,,,,,30.3,6.0,,nar,2026-08-12,38.89,37.6,40.6,29.6,40.6,40.6,45,履歴少 / サンプル少
202642081202,2026-08-12,2,オカシダイスキマン,10.0,8.0,及川烈,56.0,,1.0,1.0,浦和,3歳七　選抜馬イ,,,,,,,,,,,,,,,,,2.5,1.0,,nar,2026-08-12,43.64,51.6,40.6,36.3,40.6,40.6,45,履歴少 / サンプル少
202642081202,2026-08-12,2,オーデンシェル,7.0,6.0,秋元耕成,54.0,,7.0,11.0,浦和,3歳五,9.0,11.0,浦和,3歳七,9.0,10.0,浦和,3歳五,8.0,12.0,浦和,2歳四,12.0,12.0,浦和,2歳三,293.3,11.0,,nar,2026-08-12,48.06,39.6,67.5,0.0,65.0,60.6,45,履歴少 / 人気以上に走る傾向 / 近走上向き
202644081202,2026-08-12,2,カレラルーチェ,2.0,2.0,和田譲治,54.0,,,,,,,,,,,,,,,,,,,,,,3.9,2.0,,nar,2026-08-12,36.0,35.0,35.0,35.0,35.0,35.0,45,履歴少
202642081202,2026-08-12,2,キサラフラッシュ,2.0,2.0,藤江渉,54.0,,10.0,6.0,浦和,3歳六,8.0,9.0,浦和,熊谷宿賞(3歳),5.0,5.0,浦和,3歳七,4.0,5.0,浦和,3歳五,8.0,6.0,浦和,2歳三,27.4,8.0,,nar,2026-08-12,43.31,48.5,42.8,34.3,27.5,53.7,45,履歴少 / 市場オッズ妙味
202650081202,2026-08-12,2,キャッチマイアイ,4.0,4.0,永井孝典,55.0,,5.0,10.0,園田,阿成スプリントC3,6.0,9.0,園田,C3二,8.0,8.0,園田,3歳C1,9.0,9.0,園田,3歳C1,4.0,9.0,園田,金会スプリント3歳C(C1C2),15.7,6.0,,nar,2026-08-12,59.23,57.4,69.5,40.7,60.5,70.2,45,履歴少 / 人気以上に走る傾向 / 過小評価傾向 / 市場オッズ妙味
202650081202,2026-08-12,2,キンショーグローレ,3.0,3.0,廣瀬航,57.0,,4.0,5.0,園田,C3二,8.0,10.0,園田,C3二,5.0,4.0,園田,C3,7.0,5.0,園田,C3,10.0,8.0,園田,C3一,11.4,5.0,,nar,2026-08-12,55.72,58.0,50.7,50.2,71.0,59.1,45,履歴少 / 近走上向き
202642081202,2026-08-12,2,キンパツビジン,11.0,8.0,木間塚龍,54.0,,11.0,11.0,浦和,3歳六,4.0,7.0,浦和,深谷宿賞(3歳),9.0,9.0,浦和,3歳八,10.0,9.0,浦和,浦和800ラウンド(3歳),13.0,12.0,浦和,URAWAなでしこオ(OP)(3歳),55.8,10.0,,nar,2026-08-12,42.73,36.6,53.5,24.9,38.0,54.1,45,履歴少
202642081202,2026-08-12,2,グスク,3.0,3.0,櫻井光輔,56.0,,11.0,3.0,川崎,3歳7,10.0,6.0,2東京5,3歳未勝利,3.0,5.0,3中山5,3歳未勝利,13.0,11.0,1東京1,3歳未勝利,,,,,8.2,5.0,,nar,2026-08-12,33.29,33.7,24.0,19.8,36.0,49.2,45,履歴少
202642081202,2026-08-12,2,コンバットキック,1.0,1.0,室陽一朗,56.0,,3.0,2.0,浦和,3歳七　選抜馬ア,3.0,3.0,浦和,3歳八,8.0,4.0,浦和,3歳八,6.0,3.0,浦和,2歳三,2.0,6.0,盛岡,2歳,7.4,4.0,,nar,2026-08-12,58.15,73.4,42.2,65.7,60.5,55.9,45,履歴少 / 安定感
202647081202,2026-08-12,2,シュガームーン,3.0,3.0,深澤杏花,53.0,,7.0,6.0,笠松,祝!〜加藤正退職記念(3歳),6.0,12.0,笠松,3歳6組,9.0,5.0,笠松,村田先生ご退職記念み(3歳),4.0,3.0,笠松,祝!アラサー理華子生(3歳),10.0,11.0,3中山1,3歳1勝クラス,102.4,7.0,,nar,2026-08-12,47.13,51.9,52.5,14.6,51.5,54.1,45,履歴少
202642081202,2026-08-12,2,シンデレラリバティ,9.0,7.0,岡村健司,54.0,,4.0,9.0,川崎,アーベントロート賞(3歳),7.0,3.0,浦和,ランチタイム(3歳),11.0,13.0,2東京11,3歳1勝クラス,9.0,15.0,1新潟8,3歳未勝利,9.0,17.0,1小倉8,3歳未勝利,4.8,2.0,,nar,2026-08-12,57.35,49.0,68.3,30.4,80.0,67.7,45,履歴少 / 人気以上に走る傾向 / 近走上向き / 過小評価傾向
202650081202,2026-08-12,2,ジョウショータイプ,6.0,6.0,渡瀬和幸,55.0,,10.0,1.0,園田,C3二,6.0,5.0,園田,C3二,9.0,9.0,園田,C3一,10.0,9.0,園田,C3一,8.0,5.0,園田,C3一,28.4,9.0,,nar,2026-08-12,33.05,39.2,25.9,0.0,39.5,47.2,45,履歴少 / 市場オッズ妙味
202630081202,2026-08-12,2,スターロードナイト,1.0,1.0,石川倭,55.0,,11.0,12.0,門別,2歳牝馬未勝利(未勝利),10.0,11.0,門別,2歳未勝利(未勝利),12.0,8.0,門別,2歳牝馬未勝利(未勝利),7.0,9.0,門別,JRA認定競走フレッ(新馬)(2歳),,,,,177.1,10.0,,nar,2026-08-12,36.32,25.7,50.4,0.0,42.0,53.5,45,履歴少
202642081202,2026-08-12,2,スプレンディドゥス,5.0,5.0,見越彬央,54.0,,2.0,2.0,浦和,3歳九,5.0,4.0,浦和,3歳九,9.0,5.0,浦和,3歳八,,,,,,,,,20.5,7.0,,nar,2026-08-12,56.94,69.3,40.3,55.3,80.0,50.9,45,履歴少 / 近走上向き / 市場オッズ妙味
202630081202,2026-08-12,2,スルーザレイン,12.0,8.0,亀井洋司,55.0,,8.0,12.0,門別,2歳未勝利(未勝利),9.0,10.0,門別,2歳牝馬未勝利(未勝利),11.0,8.0,門別,日高町の地酒「縁」と(未勝利)(2歳),7.0,8.0,門別,JRA認定競走アタッ(未勝利)(2歳),10.0,8.0,門別,JRA認定競走フレッ(新馬)(2歳),137.9,9.0,,nar,2026-08-12,42.64,36.8,55.7,0.0,57.5,54.1,45,履歴少
202647081202,2026-08-12,2,スーパーカルメン,2.0,2.0,松本一心,55.0,,5.0,2.0,笠松,平木覚醒記念(3歳),14.0,16.0,3京都5,3歳未勝利,10.0,15.0,3京都1,3歳未勝利,14.0,13.0,2阪神1,3歳未勝利,12.0,16.0,1阪神8,3歳未勝利,7.4,3.0,,nar,2026-08-12,49.47,27.4,55.9,30.4,95.0,63.1,45,履歴少 / 近走上向き
202630081202,2026-08-12,2,セブンスキメラ,5.0,5.0,松井伸也,55.0,,10.0,12.0,門別,北海道きたやさい賞(未勝利)(2歳),8.0,8.0,門別,JRA認定競走アタッ(未勝利)(2歳),9.0,8.0,門別,JRA認定競走フレッ(新馬)(2歳),,,,,,,,,315.6,12.0,,nar,2026-08-12,39.9,35.4,53.8,0.0,41.0,54.6,45,履歴少
202642081202,2026-08-12,2,ソルテソーロ,6.0,6.0,七夕裕次,56.0,,8.0,4.0,名古屋,若星特別(3歳),9.0,7.0,名古屋,名古屋CCピーチ賞(3歳),5.0,5.0,名古屋,クラシックドリーム戦(3歳),1.0,1.0,名古屋,3歳3組,1.0,3.0,名古屋,3歳7組,5.5,3.0,,nar,2026-08-12,47.1,60.7,39.4,44.7,26.0,54.7,45,履歴少
202650081202,2026-08-12,2,テーオーモンブラン,10.0,8.0,長尾翼玖,55.0,,3.0,5.0,園田,C3三,7.0,10.0,園田,C3三,6.0,7.0,園田,C3二,3.0,4.0,園田,C3三,8.0,7.0,園田,C3三,33.5,10.0,,nar,2026-08-12,59.97,67.1,61.2,45.0,68.0,60.2,45,履歴少 / 近走上向き / 市場オッズ妙味
202644081202,2026-08-12,2,ディセントラリーフ,1.0,1.0,藤本現暉,54.0,,,,,,,,,,,,,,,,,,,,,,6.1,4.0,,nar,2026-08-12,36.0,35.0,35.0,35.0,35.0,35.0,45,履歴少
202644081202,2026-08-12,2,トンスケ,3.0,3.0,達城龍次,54.0,,,,,,,,,,,,,,,,,,,,,,4.6,3.0,,nar,2026-08-12,36.0,35.0,35.0,35.0,35.0,35.0,45,履歴少
202630081202,2026-08-12,2,ハクアイレーヴ,7.0,6.0,阿部龍,55.0,,2.0,3.0,門別,北海道きたやさい賞(未勝利)(2歳),6.0,1.0,門別,北のハードワーカー菊(未勝利)(2歳),2.0,1.0,門別,日高町の地酒「縁」と(未勝利)(2歳),3.0,4.0,門別,JRA認定競走アタッ(未勝利)(2歳),2.0,4.0,門別,JRA認定競走アタッ(未勝利)(2歳),2.8,2.0,,nar,2026-08-12,61.72,82.9,44.5,75.1,57.5,53.1,45,履歴少 / 安定感
202642081202,2026-08-12,2,ハプナ,8.0,7.0,中山遥人,53.0,,2.0,3.0,浦和,3歳七　選抜馬イ,5.0,6.0,浦和,3歳八,10.0,8.0,浦和,浦和800ラウンド(3歳),11.0,6.0,浦和,3歳五,,5.0,浦和,2歳四,14.3,6.0,,nar,2026-08-12,57.55,59.5,45.5,55.3,90.0,57.3,45,履歴少 / 近走上向き / 市場オッズ妙味
202630081202,2026-08-12,2,バイノバイノバイ,3.0,3.0,小川悠汰,52.0,,8.0,7.0,門別,JRA認定競走フレッ(新馬)(2歳),,,,,,,,,,,,,,,,,73.1,8.0,,nar,2026-08-12,38.86,39.3,39.1,29.6,40.6,39.5,45,履歴少 / サンプル少
202642081202,2026-08-12,2,ヒーローズ,4.0,4.0,赤津和希,56.0,,9.0,9.0,浦和,3歳六,5.0,5.0,浦和,深谷宿賞(3歳),6.0,8.0,園田,3歳C1一,5.0,7.0,園田,3歳C1,10.0,7.0,園田,丹波竜のちーたん☆来(2歳),52.1,9.0,,nar,2026-08-12,48.37,52.6,52.6,39.5,35.0,54.1,45,履歴少
202650081202,2026-08-12,2,フレーヴォ,8.0,7.0,佐々木世,53.0,,9.0,8.0,園田,C3三,11.0,9.0,園田,C3一,8.0,6.0,園田,C3三,7.0,7.0,園田,C3一,2.0,2.0,園田,C3二,26.6,8.0,,nar,2026-08-12,39.4,41.7,41.6,10.3,38.0,53.0,45,履歴少 / 市場オッズ妙味
202650081202,2026-08-12,2,フロストシティ,2.0,2.0,土方颯太,57.0,,5.0,6.0,園田,C3二,5.0,3.0,園田,C3一,2.0,6.0,園田,C3一,3.0,6.0,園田,C3二,8.0,7.0,園田,C3二,2.8,1.0,,nar,2026-08-12,62.86,72.6,56.5,89.7,47.0,57.6,45,履歴少 / 安定感
202644081202,2026-08-12,2,ベストラブティアラ,5.0,5.0,笹川翼,54.0,,,,,,,,,,,,,,,,,,,,,,2.2,1.0,,nar,2026-08-12,36.0,35.0,35.0,35.0,35.0,35.0,45,履歴少
202644081202,2026-08-12,2,ポケットブルー,4.0,4.0,鷹見陸,54.0,,,,,,,,,,,,,,,,,,,,,,6.3,5.0,,nar,2026-08-12,36.0,35.0,35.0,35.0,35.0,35.0,45,履歴少
202630081202,2026-08-12,2,ミッドナイトハニー,10.0,7.0,藤田凌駕,53.0,,10.0,12.0,門別,2歳未勝利(未勝利),7.0,5.0,門別,2歳未勝利(未勝利),5.0,4.0,門別,JRA認定競走フレッ(新馬)(2歳),,,,,,,,,36.5,7.0,,nar,2026-08-12,42.54,46.5,49.2,19.8,26.0,55.2,45,履歴少 / 市場オッズ妙味
202650081202,2026-08-12,2,メイショウセツゲツ,5.0,5.0,山本咲希,55.0,,5.0,7.0,園田,英賀保7ハロンC3二,4.0,1.0,園田,C3二,3.0,2.0,園田,C3二,5.0,7.0,園田,C3二,9.0,10.0,園田,C3一,7.2,4.0,,nar,2026-08-12,61.36,69.8,50.4,89.7,51.5,59.1,45,履歴少 / 安定感
202647081202,2026-08-12,2,モナート,6.0,6.0,塚本征吾,55.0,,10.0,8.0,笠松,3歳6組,8.0,3.0,名古屋,3歳8組,6.0,2.0,名古屋,3歳5組,5.0,9.0,名古屋,3歳6組,6.0,4.0,名古屋,3歳5組,37.5,5.0,,nar,2026-08-12,38.09,47.5,34.1,14.6,27.5,50.5,45,履歴少 / 市場オッズ妙味
202630081202,2026-08-12,2,ヤマニンリゼット,11.0,8.0,小野楓馬,55.0,,4.0,6.0,門別,2歳牝馬未勝利(未勝利),4.0,5.0,門別,北のハードワーカー菊(未勝利)(2歳),7.0,2.0,門別,2歳未勝利(未勝利),2.0,2.0,門別,2歳未勝利(未勝利),3.0,6.0,門別,JRA認定競走フレッ(新馬)(2歳),7.0,3.0,,nar,2026-08-12,61.52,74.4,51.3,80.2,50.0,58.9,45,履歴少 / 安定感
202647081202,2026-08-12,2,リックカリーナ,5.0,5.0,馬渕繁治,55.0,,5.0,5.0,笠松,迫水家にサチアレ記念(3歳),11.0,5.0,笠松,瀬戸発☆TORAT2(3歳),1.0,1.0,笠松,3歳未勝利,6.0,1.0,笠松,3歳未勝利,4.0,2.0,笠松,3歳6組,26.9,4.0,,nar,2026-08-12,50.1,62.0,33.0,60.5,53.0,47.8,45,履歴少 / 安定感 / 市場オッズ妙味
202650081202,2026-08-12,2,リリーパーク,1.0,1.0,塩津璃菜,51.0,,4.0,7.0,園田,阿成スプリントC3,4.0,5.0,園田,粟生スプリントC3,7.0,3.0,園田,C3,5.0,10.0,園田,宅原ダッシュC3一,6.0,7.0,園田,C3一,6.4,3.0,,nar,2026-08-12,61.81,68.4,58.4,69.9,59.0,61.8,45,履歴少 / 安定感
202647081202,2026-08-12,2,レイノルズナンバー,1.0,1.0,渡辺竜也,57.0,,12.0,18.0,2小倉3,3歳未勝利,12.0,8.0,3阪神6,3歳未勝利,14.0,8.0,1中京5,3歳未勝利,10.0,9.0,5阪神7,2歳新馬,,,,,1.4,1.0,,nar,2026-08-12,31.53,12.0,46.1,0.0,50.0,47.4,45,履歴少
202630081202,2026-08-12,2,ロジャールンディー,4.0,4.0,若杉朝飛,55.0,,12.0,11.0,門別,2歳牝馬未勝利(未勝利),8.0,9.0,門別,2歳未勝利(未勝利),7.0,10.0,門別,2歳未勝利(未勝利),10.0,11.0,門別,JRA認定競走フレッ(新馬)(2歳),,,,,278.3,11.0,,nar,2026-08-12,38.13,32.3,55.3,0.0,28.0,56.8,45,履歴少
202630081202,2026-08-12,2,ローマンリープ,6.0,5.0,落合玄太,55.0,,3.0,1.0,門別,北海道きたやさい賞(未勝利)(2歳),4.0,3.0,門別,JRA認定競走アタッ(未勝利)(2歳),2.0,1.0,門別,JRA認定競走フレッ(新馬)(2歳),,,,,,,,,2.2,1.0,,nar,2026-08-12,59.38,83.4,40.2,75.1,50.0,49.0,45,履歴少 / 安定感
202650081202,2026-08-12,2,ワンダーエトワール,7.0,7.0,川原正一,55.0,,2.0,5.0,園田,C3三,9.0,7.0,園田,C3一,4.0,9.0,園田,C3二,6.0,5.0,園田,C3一,6.0,9.0,園田,C3一,3.4,2.0,,nar,2026-08-12,61.4,66.9,61.0,50.2,75.5,60.4,45,履歴少 / 近走上向き
202647081202,2026-08-12,2,ヴィラロボス,7.0,7.0,望月洵輝,55.0,,6.0,5.0,浦和,ツイントップ特別(3歳),10.0,9.0,3中山3,3歳未勝利,8.0,6.0,1東京8,3歳新馬,,,,,,,,,3.4,2.0,,nar,2026-08-12,42.31,45.2,41.2,0.0,68.0,50.9,45,履歴少 / 近走上向き
202630081203,2026-08-12,3,アカレンガ,10.0,8.0,阿部龍,55.0,,3.0,1.0,門別,JRA認定競走フレッ(新馬)(2歳),,,,,,,,,,,,,,,,,3.1,2.0,,nar,2026-08-12,41.61,48.1,37.6,36.3,40.6,38.4,45,履歴少 / サンプル少
202642081203,2026-08-12,3,アラビアンドーロ,8.0,7.0,七夕裕次,56.0,,8.0,11.0,浦和,浦和競馬×netke(3歳),7.0,5.0,園田,3歳C1一,12.0,8.0,園田,兵庫優駿(重賞),10.0,7.0,園田,JRA交流多紀連山特,1.0,1.0,園田,2歳未勝利二,50.0,9.0,,nar,2026-08-12,41.03,43.1,44.3,10.3,47.0,49.6,45,履歴少
202642081203,2026-08-12,3,エガル,2.0,2.0,野畑凌,54.0,,1.0,4.0,浦和,3歳七　選抜馬ア,6.0,1.0,浦和,深谷宿賞(3歳),4.0,6.0,浦和,3歳八,8.0,3.0,浦和,3歳六,5.0,4.0,浦和,3歳八,11.5,4.0,,nar,2026-08-12,60.46,73.8,44.6,60.5,78.5,56.5,45,履歴少 / 近走上向き / 安定感
202650081203,2026-08-12,3,オーシンエンジェル,2.0,2.0,竹村達也,57.0,,4.0,4.0,園田,C3一,8.0,12.0,園田,青馬ひすみ☆モヤシか(C2),6.0,10.0,園田,C2一,6.0,8.0,園田,オッズパーク杯C2一,6.0,6.0,園田,C2一,11.7,4.0,,nar,2026-08-12,57.86,60.9,64.6,30.4,65.0,67.0,45,履歴少 / 近走上向き / 過小評価傾向
202630081203,2026-08-12,3,カヴォート,4.0,4.0,亀井洋司,55.0,,9.0,10.0,門別,2歳未勝利(未勝利),4.0,9.0,門別,2歳未勝利(未勝利),4.0,10.0,門別,2歳未勝利(未勝利),11.0,12.0,門別,JRA認定競走アタッ(未勝利)(2歳),10.0,11.0,門別,JRA認定競走アタッ(未勝利)(2歳),47.0,10.0,,nar,2026-08-12,54.97,50.7,70.9,44.7,39.5,65.4,45,履歴少 / 人気以上に走る傾向 / 過小評価傾向 / 市場オッズ妙味
202650081203,2026-08-12,3,キモンニコラス,6.0,6.0,永井孝典,57.0,,5.0,5.0,園田,C3一,6.0,10.0,園田,C3一,9.0,11.0,園田,小部7ハロンC2二,12.0,9.0,園田,青木7ハロンC2二,5.0,6.0,園田,C2二,60.1,7.0,,nar,2026-08-12,53.6,51.5,57.4,40.7,68.0,56.1,45,履歴少 / 近走上向き
202630081203,2026-08-12,3,クインテットホープ,1.0,1.0,藤田凌駕,53.0,,6.0,9.0,門別,2歳未勝利(未勝利),7.0,6.0,門別,JRA認定競走アタッ(未勝利)(2歳),7.0,5.0,門別,JRA認定競走フレッ(新馬)(2歳),,,,,,,,,34.6,9.0,,nar,2026-08-12,47.17,55.2,52.5,0.0,56.0,56.3,45,履歴少 / 市場オッズ妙味
202644081203,2026-08-12,3,クシコス,6.0,6.0,高橋優,51.0,,,,,,,,,,,,,,,,,,,,,,14.3,7.0,,nar,2026-08-12,36.0,35.0,35.0,35.0,35.0,35.0,45,履歴少
202630081203,2026-08-12,3,クリシュナラブリー,5.0,5.0,小野楓馬,55.0,,10.0,6.0,門別,2歳未勝利(未勝利),2.0,8.0,門別,2歳未勝利(未勝利),8.0,9.0,門別,JRA認定競走アタッ(未勝利)(2歳),6.0,8.0,門別,JRA認定競走フレッ(新馬)(2歳),,,,,12.9,5.0,,nar,2026-08-12,47.93,54.5,56.0,24.9,22.0,64.9,45,履歴少 / 市場オッズ妙味
202630081203,2026-08-12,3,クレイファントム,6.0,6.0,宮内勇樹,55.0,,2.0,5.0,門別,JRA認定競走フレッ(新馬)(2歳),,,,,,,,,,,,,,,,,2.1,1.0,,nar,2026-08-12,44.44,49.9,45.3,36.3,40.6,42.0,45,履歴少 / サンプル少
202647081203,2026-08-12,3,ゴーレジェンド,3.0,3.0,塚本征吾,57.0,,2.0,2.0,笠松,瀬戸発☆TORAT2(3歳),11.0,8.0,2阪神1,3歳未勝利,11.0,9.0,1中京3,3歳未勝利,12.0,7.0,3京都9,2歳新馬,,,,,2.2,1.0,,nar,2026-08-12,47.04,43.1,35.4,30.4,100.0,45.2,45,履歴少 / 近走上向き
202630081203,2026-08-12,3,サスラオウ,3.0,3.0,服部茂史,55.0,,12.0,11.0,門別,2歳未勝利(未勝利),4.0,6.0,門別,JRA認定競走フレッ(新馬)(2歳),,,,,,,,,,,,,25.2,8.0,,nar,2026-08-12,40.77,40.5,46.9,31.7,19.1,54.3,45,履歴少 / サンプル少 / 市場オッズ妙味
202647081203,2026-08-12,3,サツキマーメイド,5.0,5.0,丸野勝虎,55.0,,4.0,6.0,笠松,平木覚醒記念(3歳),5.0,4.0,笠松,瀬戸発☆TORAT2(3歳),14.0,14.0,2東京10,3歳未勝利,12.0,12.0,2東京5,3歳1勝クラス,14.0,11.0,1福島5,3歳未勝利,23.9,7.0,,nar,2026-08-12,53.84,41.8,50.3,55.3,93.5,55.0,45,履歴少 / 近走上向き / 市場オッズ妙味
202650081203,2026-08-12,3,サンエルサ,5.0,5.0,小谷哲平,54.0,,3.0,4.0,園田,英賀保7ハロンC3二,4.0,6.0,園田,C3二,4.0,5.0,園田,C3一,6.0,6.0,園田,C3一,3.0,3.0,園田,C3二,15.3,5.0,,nar,2026-08-12,65.86,76.9,57.0,85.4,57.5,64.2,45,履歴少 / 安定感 / 市場オッズ妙味
202647081203,2026-08-12,3,シジミノヒナコ,1.0,1.0,馬渕繁治,55.0,,2.0,1.0,笠松,迫水家にサチアレ記念(3歳),3.0,3.0,笠松,瀬戸発☆TORAT2(3歳),12.0,12.0,大井,3歳七　八九(3歳八),15.0,15.0,大井,3歳六　七八(3歳七),13.0,10.0,大井,3歳九　十11(3歳十),8.5,5.0,,nar,2026-08-12,56.49,51.7,45.7,55.3,100.0,56.5,45,履歴少 / 近走上向き
202642081203,2026-08-12,3,シナノアンバー,3.0,3.0,佐野遥久,54.0,,7.0,10.0,浦和,浦和競馬×netke(3歳),5.0,7.0,浦和,3歳　未格付,8.0,3.0,浦和,浦和800ラウンド(3歳),3.0,2.0,浦和,浦和800ラウンド(3歳),7.0,7.0,浦和,3歳六,51.8,10.0,,nar,2026-08-12,50.75,59.1,51.9,39.5,42.5,52.9,45,履歴少
202650081203,2026-08-12,3,シャインシュシュ,9.0,8.0,廣瀬航,55.0,,4.0,1.0,園田,莇野7ハロンC3一,2.0,2.0,園田,浄谷町7ハロンC2一,1.0,1.0,園田,C2二,1.0,1.0,姫路,C3一,2.0,1.0,姫路,C3二,1.9,1.0,,nar,2026-08-12,63.18,89.9,42.9,100.0,35.0,50.1,45,履歴少 / 安定感
202650081203,2026-08-12,3,シンプウコエド,8.0,7.0,新庄海誠,57.0,,3.0,3.0,園田,C3二,3.0,4.0,園田,C3三,3.0,6.0,園田,C3二,9.0,4.0,園田,C3二,4.0,9.0,園田,C3二,73.5,9.0,,nar,2026-08-12,64.25,76.2,54.4,85.4,60.5,56.1,45,履歴少 / 安定感
202647081203,2026-08-12,3,シーズンインザサン,2.0,2.0,松本一心,55.0,,7.0,3.0,笠松,3歳6組,2.0,7.0,笠松,3歳7組,11.0,8.0,3京都6,3歳未勝利,11.0,15.0,1小倉2,3歳新馬,,,,,11.4,6.0,,nar,2026-08-12,49.17,50.9,50.2,24.9,56.0,62.0,45,履歴少
202642081203,2026-08-12,3,スピラヴィオ,5.0,5.0,岡田大,56.0,,9.0,9.0,浦和,浦和競馬プロモーショ(3歳),8.0,8.0,浦和,3歳五,9.0,9.0,浦和,浦和800ラウンド(3歳),2.0,8.0,浦和,3歳四,8.0,5.0,浦和,3歳六,108.7,11.0,,nar,2026-08-12,44.5,47.0,54.0,14.6,36.5,55.5,45,履歴少
202642081203,2026-08-12,3,セイウンアズール,11.0,8.0,山中悠希,54.0,,2.0,1.0,浦和,3歳七　選抜馬ア,10.0,14.0,2東京11,3歳未勝利,15.0,8.0,1中山4,3歳未勝利,9.0,5.0,4東京1,2歳未勝利,4.0,3.0,4中山3,2歳新馬,1.8,1.0,,nar,2026-08-12,50.46,48.0,40.4,40.7,95.0,46.7,45,履歴少 / 近走上向き
202630081203,2026-08-12,3,ソブリナフォルテ,7.0,7.0,落合玄太,55.0,,6.0,2.0,門別,2歳牝馬未勝利(未勝利),2.0,2.0,門別,JRA認定競走フレッ(新馬)(2歳),,,,,,,,,,,,,9.8,3.0,,nar,2026-08-12,45.02,58.9,37.0,31.7,32.3,53.2,45,履歴少 / サンプル少
202644081203,2026-08-12,3,タリタ,3.0,3.0,西啓太,54.0,,,,,,,,,,,,,,,,,,,,,,7.1,4.0,,nar,2026-08-12,36.0,35.0,35.0,35.0,35.0,35.0,45,履歴少
202650081203,2026-08-12,3,タンバッフェ,3.0,3.0,松木大地,55.0,,7.0,10.0,園田,莇野7ハロンC3一,5.0,5.0,園田,C3一,11.0,7.0,園田,C2一,3.0,8.0,園田,C2二,12.0,8.0,園田,スミレ賞C2一,39.1,6.0,,nar,2026-08-12,50.46,50.2,53.1,39.5,54.5,56.3,45,履歴少 / 市場オッズ妙味
202642081203,2026-08-12,3,ダイメイバタフライ,6.0,6.0,見越彬央,54.0,,5.0,4.0,浦和,浦和競馬×netke(3歳),4.0,5.0,浦和,熊谷宿賞(3歳),5.0,2.0,浦和,3歳六,3.0,3.0,浦和,3歳五,3.0,3.0,浦和,3歳八,13.1,5.0,,nar,2026-08-12,61.49,74.0,45.5,100.0,42.5,59.0,45,履歴少 / 安定感 / 市場オッズ妙味
202644081203,2026-08-12,3,ダイワカレンシチー,7.0,7.0,小野俊斗,51.0,,,,,,,,,,,,,,,,,,,,,,12.1,6.0,,nar,2026-08-12,36.0,35.0,35.0,35.0,35.0,35.0,45,履歴少
202642081203,2026-08-12,3,テレンティウス,4.0,4.0,町田直希,56.0,,11.0,1.0,浦和,ランチタイム(3歳),1.0,1.0,浦和,3歳六,,,,,,,,,,,,,18.0,6.0,,nar,2026-08-12,37.03,48.8,24.3,31.7,18.0,50.4,45,履歴少 / サンプル少 / 市場オッズ妙味
202630081203,2026-08-12,3,ディアローラ,2.0,2.0,松井伸也,55.0,,2.0,5.0,門別,2歳未勝利(未勝利),6.0,9.0,門別,2歳牝馬未勝利(未勝利),5.0,8.0,門別,JRA認定競走フレッ(新馬)(2歳),,,,,,,,,12.3,4.0,,nar,2026-08-12,66.96,75.1,71.0,50.2,71.0,70.4,45,履歴少 / 人気以上に走る傾向 / 近走上向き / 過小評価傾向
202650081203,2026-08-12,3,ディヴァンカドー,4.0,4.0,笹田知宏,57.0,,10.0,11.0,園田,網干7ハロンC3一,9.0,7.0,園田,C3一,10.0,10.0,園田,五百蔵7ハロンC2二,10.0,10.0,園田,C2二,8.0,8.0,園田,C2二,106.9,10.0,,nar,2026-08-12,37.89,31.6,48.6,0.0,45.5,52.9,45,履歴少
202644081203,2026-08-12,3,トーケンゴット,1.0,1.0,矢野貴之,54.0,,,,,,,,,,,,,,,,,,,,,,2.6,1.0,,nar,2026-08-12,36.0,35.0,35.0,35.0,35.0,35.0,45,履歴少
202647081203,2026-08-12,3,ドローイング,7.0,7.0,井口裕貴,52.0,,3.0,5.0,笠松,平木覚醒記念(3歳),12.0,15.0,3京都11,3歳未勝利,14.0,15.0,1阪神5,3歳未勝利,,,,,,,,,4.9,3.0,,nar,2026-08-12,55.12,38.0,64.5,30.4,100.0,63.3,45,履歴少 / 近走上向き
202644081203,2026-08-12,3,ハコブネハルカゼ,4.0,4.0,和田譲治,54.0,,,,,,,,,,,,,,,,,,,,,,6.1,3.0,,nar,2026-08-12,36.0,35.0,35.0,35.0,35.0,35.0,45,履歴少
202644081203,2026-08-12,3,ビヨンド,2.0,2.0,藤田凌,54.0,,,,,,,,,,,,,,,,,,,,,,9.5,5.0,,nar,2026-08-12,36.0,35.0,35.0,35.0,35.0,35.0,45,履歴少
202642081203,2026-08-12,3,ブラックハニー,1.0,1.0,篠谷葵,56.0,,10.0,3.0,浦和,浦和競馬×netke(3歳),6.0,3.0,浦和,3歳五,4.0,3.0,浦和,3歳四,3.0,2.0,浦和,2歳三,3.0,2.0,浦和,2歳四,20.2,7.0,,nar,2026-08-12,41.3,59.4,26.7,44.7,14.0,47.8,45,履歴少 / 市場オッズ妙味
202630081203,2026-08-12,3,プランドゥボヌール,9.0,8.0,近藤翔月,54.0,,4.0,5.0,門別,JRA認定競走フレッ(新馬)(2歳),,,,,,,,,,,,,,,,,14.9,6.0,,nar,2026-08-12,42.68,46.4,42.2,36.3,40.6,41.7,45,履歴少 / サンプル少
202644081203,2026-08-12,3,ベルウッドスバル,5.0,5.0,笹川翼,54.0,,,,,,,,,,,,,,,,,,,,,,3.2,2.0,,nar,2026-08-12,36.0,35.0,35.0,35.0,35.0,35.0,45,履歴少
202650081203,2026-08-12,3,ミュトスオード,1.0,1.0,吉村智洋,55.0,,3.0,3.0,園田,莇野7ハロンC3一,3.0,5.0,園田,C2二,12.0,6.0,園田,青馬ひすみ☆モヤシか(C2),4.0,7.0,園田,ナデシコ賞C2一,2.0,2.0,園田,C2二,3.3,2.0,,nar,2026-08-12,60.39,69.4,48.3,80.2,63.5,54.4,45,履歴少 / 安定感
202650081203,2026-08-12,3,メイショウテンテン,10.0,8.0,杉浦健太,57.0,,2.0,2.0,園田,C3一,3.0,2.0,園田,C3一,4.0,3.0,姫路,C2,1.0,3.0,姫路,加古川市のウェルピー(C2),1.0,3.0,姫路,C3二,4.9,3.0,,nar,2026-08-12,67.77,88.8,50.4,100.0,51.5,58.1,45,履歴少 / 安定感
202647081203,2026-08-12,3,メイプルインパクト,6.0,6.0,東川慎,57.0,,,4.0,笠松,3歳6組,3.0,8.0,門別,3歳以上C4ー2,8.0,6.0,門別,ONーAIRDO賞(C4),16.0,15.0,1京都9,3歳未勝利,12.0,15.0,1中山3,3歳未勝利,4.5,2.0,,nar,2026-08-12,54.82,44.3,60.2,24.9,100.0,60.5,45,履歴少 / 近走上向き
202647081203,2026-08-12,3,メイプルラブリー,4.0,4.0,加藤聡一,55.0,,3.0,4.0,笠松,祝!〜加藤正退職記念(3歳),5.0,6.0,笠松,3歳7組,8.0,9.0,門別,日高サラブレッドサブ(C4),8.0,6.0,門別,3歳以上C4ー2,7.0,9.0,門別,3歳以上C4ー2,8.2,4.0,,nar,2026-08-12,59.29,63.0,54.7,55.3,74.0,60.9,45,履歴少 / 近走上向き
202630081203,2026-08-12,3,ヤングゼネラル,8.0,7.0,石川倭,55.0,,11.0,12.0,門別,2歳未勝利(未勝利),8.0,3.0,門別,2歳未勝利(未勝利),4.0,5.0,門別,2歳未勝利(未勝利),5.0,7.0,門別,2歳未勝利(未勝利),10.0,10.0,門別,2歳未勝利(未勝利),24.7,7.0,,nar,2026-08-12,43.16,44.9,46.8,34.3,24.5,55.6,45,履歴少 / 市場オッズ妙味
202642081203,2026-08-12,3,リバテイー,7.0,6.0,半澤慶実,54.0,,7.0,7.0,大井,3歳四　五六(3歳五),6.0,7.0,大井,3歳四　五六(3歳五),9.0,5.0,大井,3歳四　五,7.0,3.0,大井,3歳四　五六(3歳五),10.0,8.0,5中山7,2歳未勝利,43.7,8.0,,nar,2026-08-12,41.59,48.4,40.7,0.0,56.0,50.5,45,履歴少 / 市場オッズ妙味
202650081203,2026-08-12,3,リンガスウォリアー,7.0,7.0,土方颯太,57.0,,5.0,10.0,園田,C3一,12.0,12.0,園田,C2一,9.0,8.0,園田,C2二,7.0,9.0,園田,飲んで応援!京都の酪(C2),12.0,9.0,姫路,C1,65.7,8.0,,nar,2026-08-12,50.79,39.6,59.1,30.4,80.0,55.5,45,履歴少 / 近走上向き
202642081203,2026-08-12,3,ルビーテソーロ,9.0,7.0,木間塚龍,54.0,,7.0,1.0,浦和,3歳五,1.0,1.0,浦和,浦和800ラウンド(3歳),,,,,,,,,,,,,5.9,3.0,,nar,2026-08-12,42.54,58.5,32.8,31.7,25.7,49.3,45,履歴少 / サンプル少
202642081203,2026-08-12,3,ワンワールド,10.0,8.0,室陽一朗,54.0,,4.0,2.0,浦和,浦和競馬プロモーショ(3歳),3.0,1.0,浦和,熊谷宿賞(3歳),16.0,10.0,3京都3,3歳未勝利,14.0,12.0,1小倉5,3歳未勝利,11.0,6.0,5阪神6,2歳未勝利,5.5,2.0,,nar,2026-08-12,48.35,46.1,28.3,55.3,92.0,46.2,45,履歴少 / 近走上向き
202647081204,2026-08-12,4,アビエーション,3.0,3.0,塚本征吾,55.0,,5.0,10.0,浦和,3歳七　選抜馬ア,7.0,8.0,浦和,深谷宿賞(3歳),12.0,12.0,川崎,3歳7,,10.0,浦和,3歳八,9.0,11.0,川崎,3歳7,5.6,3.0,,nar,2026-08-12,55.11,46.5,66.2,30.4,76.0,63.8,45,履歴少 / 人気以上に走る傾向 / 近走上向き
202650081204,2026-08-12,4,アルザード,5.0,5.0,南部楓馬,54.0,,9.0,9.0,園田,網掛7ハロンC3一,7.0,3.0,園田,C3,11.0,12.0,園田,五郷海老済7ハロンC(C2),7.0,7.0,園田,C2,9.0,8.0,園田,C2,52.8,8.0,,nar,2026-08-12,38.71,39.2,43.7,0.0,47.0,50.9,45,履歴少
202630081204,2026-08-12,4,アースクインビー,1.0,1.0,松井伸也,55.0,,10.0,9.0,門別,3歳以上C4ー3,,,門別,日高沙流川オートキャ(C4),13.0,13.0,門別,ゲッケイジュ特別(C4),12.0,12.0,門別,3歳以上C4ー3,12.0,8.0,門別,3歳以上C4ー3,94.0,10.0,,nar,2026-08-12,34.08,16.4,43.3,0.0,64.0,49.4,45,履歴少
202630081204,2026-08-12,4,アーススカーレット,5.0,5.0,近藤翔月,56.0,,8.0,8.0,門別,BTC賞(C4),9.0,9.0,門別,ほくれん丸賞(C4),11.0,11.0,門別,3歳以上C4ー3,11.0,12.0,門別,3歳以上C4ー3,12.0,12.0,門別,3歳以上C4ー3,64.7,7.0,,nar,2026-08-12,40.83,30.5,51.0,0.0,66.5,54.1,45,履歴少 / 近走上向き
202642081204,2026-08-12,4,イチゴホイップ,3.0,3.0,中山遥人,53.0,,5.0,2.0,浦和,C3四　五,7.0,4.0,浦和,越ヶ谷宿特別(C3),2.0,3.0,浦和,特選(C3),9.0,10.0,川崎,スターアニス賞(C3),12.0,5.0,川崎,リコリス賞(C3),2.9,1.0,,nar,2026-08-12,49.85,58.3,35.7,50.2,65.0,47.4,45,履歴少 / 近走上向き
202647081204,2026-08-12,4,ウサギチャン,4.0,4.0,望月洵輝,55.0,,3.0,6.0,笠松,3歳6組,5.0,7.0,笠松,3歳6組,10.0,7.0,笠松,村田先生ご退職記念み(3歳),11.0,9.0,佐賀,JRA交流たんぽぽ賞(重賞),7.0,3.0,笠松,3歳4組,11.9,6.0,,nar,2026-08-12,56.98,56.3,50.8,55.3,81.5,57.9,45,履歴少 / 近走上向き
202647081204,2026-08-12,4,エイシンヒアカムズ,5.0,5.0,渡辺竜也,55.0,,4.0,4.0,笠松,3歳5組,5.0,3.0,笠松,3歳5組,8.0,5.0,笠松,大衆居酒屋ようちゃん(3歳),1.0,1.0,笠松,3歳6組,3.0,1.0,笠松,3歳未勝利,7.0,5.0,,nar,2026-08-12,57.81,72.0,40.9,80.2,51.5,53.7,45,履歴少 / 安定感
202642081204,2026-08-12,4,エーアイキリシマ,5.0,5.0,保園翔也,56.0,,8.0,7.0,浦和,C3四　五,5.0,5.0,浦和,越ヶ谷宿特別(C3),3.0,4.0,浦和,特選(C3),6.0,3.0,船橋,びわ特別(C3),3.0,2.0,浦和,特選(C3),7.4,4.0,,nar,2026-08-12,51.16,64.4,45.5,55.0,27.5,55.9,45,履歴少
202630081204,2026-08-12,4,オグリヨンセイ,10.0,8.0,石川倭,57.0,,7.0,6.0,門別,3歳以上C4ー3,7.0,7.0,門別,グランシャリオドリー(C4),8.0,11.0,門別,3歳以上C4ー3,10.0,10.0,門別,3歳以上C4ー3,10.0,7.0,門別,グランシャリオドリー(C4),10.6,3.0,,nar,2026-08-12,44.48,44.4,49.9,0.0,60.5,59.4,45,履歴少
202644081204,2026-08-12,4,オーシャンクロノス,3.0,3.0,田中洸多,54.0,,6.0,4.0,大井,3歳八　九十(3歳九),10.0,13.0,大井,3歳七　八,8.0,11.0,大井,3歳七　八九(3歳八),7.0,11.0,大井,3歳六　七八(3歳七),10.0,13.0,大井,3歳九　十11(3歳十),40.1,7.0,,nar,2026-08-12,48.52,44.4,61.4,0.0,66.5,63.4,45,履歴少 / 近走上向き / 市場オッズ妙味
202642081204,2026-08-12,4,カリプソ,6.0,6.0,野畑凌,54.0,,4.0,3.0,浦和,ランチタイム(C3),6.0,7.0,浦和,越ヶ谷宿特別(C3),6.0,7.0,船橋,C3一,6.0,4.0,浦和,特選(C3),8.0,7.0,船橋,びわ特別(C3),3.8,2.0,,nar,2026-08-12,52.84,63.2,48.2,30.4,65.0,54.4,45,履歴少 / 近走上向き
202644081204,2026-08-12,4,クォンタムビット,9.0,6.0,笹川翼,56.0,,11.0,4.0,2東京5,3歳未勝利,9.0,7.0,1東京8,3歳未勝利,4.0,4.0,5中山4,2歳新馬,,,,,,,,,1.7,1.0,,nar,2026-08-12,32.92,40.0,25.5,19.8,23.0,42.5,45,履歴少
202647081204,2026-08-12,4,ココロノヒコボシ,1.0,1.0,大原浩司,57.0,,4.0,3.0,笠松,祝!〜加藤正退職記念(3歳),4.0,5.0,笠松,3歳6組,4.0,3.0,笠松,3歳5組,14.0,4.0,2東京8,3歳未勝利,7.0,7.0,2中山3,3歳未勝利,6.7,4.0,,nar,2026-08-12,55.59,62.4,38.0,75.1,69.5,50.9,45,履歴少 / 近走上向き / 安定感
202650081204,2026-08-12,4,コーディネイター,4.0,4.0,新庄海誠,57.0,,3.0,7.0,園田,C3,8.0,10.0,園田,C3一,5.0,6.0,園田,C3二,8.0,7.0,園田,C3二,5.0,7.0,園田,C3二,19.6,5.0,,nar,2026-08-12,62.78,63.4,63.8,60.5,71.0,67.5,45,履歴少 / 近走上向き / 安定感 / 過小評価傾向
202644081204,2026-08-12,4,サリー,4.0,3.0,杉山海波,51.0,,6.0,12.0,名古屋,若星特別(3歳),5.0,7.0,名古屋,牛兄、係長でも頑張れ(3歳),12.0,9.0,名古屋,優駿DAYオープニン(3歳),8.0,6.0,名古屋,名古屋CCメロン賞(3歳),1.0,1.0,名古屋,3歳5組,17.9,5.0,,nar,2026-08-12,53.7,54.3,60.1,35.3,53.0,64.2,45,履歴少 / 市場オッズ妙味
202630081204,2026-08-12,4,シャンノヴァ,8.0,7.0,小川悠汰,52.0,,3.0,4.0,門別,3歳以上C4ー3,3.0,1.0,門別,グランシャリオドリー(C4),6.0,8.0,門別,3歳以上C4ー3,6.0,7.0,門別,3歳以上C4ー3,6.0,8.0,門別,グランシャリオドリー(C4),2.7,2.0,,nar,2026-08-12,60.16,73.3,53.9,55.3,63.5,56.8,45,履歴少
202650081204,2026-08-12,4,シロノクミキョク,8.0,7.0,塩津璃菜,51.0,,2.0,5.0,園田,C3,9.0,10.0,園田,C2一,9.0,9.0,園田,C2一,10.0,9.0,園田,ナデシコ賞C2一,5.0,6.0,園田,C2一,9.2,3.0,,nar,2026-08-12,57.9,55.2,57.8,40.7,87.5,62.0,45,履歴少 / 近走上向き
202630081204,2026-08-12,4,ジェイスマイル,9.0,8.0,坂下秀樹,57.0,,7.0,6.0,門別,ほくれん丸賞(C4),8.0,10.0,門別,グランシャリオドリー(C4),11.0,11.0,門別,湧別サロマ湖関野剛平(C4),11.0,10.0,門別,推しウマ探せ!おひさ(C4),9.0,12.0,門別,3歳以上C4ー3,42.2,5.0,,nar,2026-08-12,43.7,37.4,52.5,0.0,66.5,58.2,45,履歴少 / 近走上向き / 市場オッズ妙味
202630081204,2026-08-12,4,ジュビアデオロ,6.0,6.0,黒澤愛斗,55.0,,8.0,7.0,門別,ほくれん丸賞(C4),11.0,11.0,門別,グランシャリオドリー(C4),12.0,12.0,門別,湧別サロマ湖関野剛平(C4),12.0,11.0,門別,渓流の女王ヤマベ賞(C4),8.0,7.0,門別,3歳条件未勝利(未勝利),59.8,6.0,,nar,2026-08-12,38.34,27.0,46.1,0.0,66.5,51.5,45,履歴少 / 近走上向き
202650081204,2026-08-12,4,ジュンオーズ,7.0,7.0,大山真吾,57.0,,3.0,2.0,園田,C3一,3.0,3.0,園田,C3一,4.0,4.0,佐賀,JRA交流大隅特別,3.0,2.0,園田,C3一,2.0,2.0,園田,C3一,1.3,1.0,,nar,2026-08-12,64.03,83.2,46.9,100.0,50.0,49.8,45,履歴少 / 安定感
202650081204,2026-08-12,4,ジーティーパール,2.0,2.0,高畑皓一,55.0,,5.0,7.0,園田,C3,8.0,5.0,園田,海内スプリントC3,7.0,11.0,園田,C2,8.0,9.0,園田,C2二,3.0,7.0,園田,丹生地スプリントC2,31.2,7.0,,nar,2026-08-12,55.07,57.0,58.5,40.7,59.0,61.5,45,履歴少 / 市場オッズ妙味
202642081204,2026-08-12,4,セイウンコチョウ,2.0,2.0,国分祐仁,54.0,,11.0,9.0,浦和,C3四　五,6.0,6.0,浦和,C2九　十,12.0,10.0,浦和,特選(C2),4.0,7.0,川崎,C3一　二,11.0,10.0,浦和,オオムラサキツツジ特(C2C3),32.9,7.0,,nar,2026-08-12,39.08,36.6,45.3,14.6,33.5,55.0,45,履歴少 / 市場オッズ妙味
202647081204,2026-08-12,4,ダンストンチアーズ,2.0,2.0,向山牧,55.0,,4.0,3.0,笠松,3歳未勝利,9.0,9.0,笠松,3歳5組,,,笠松,3歳未勝利,7.0,4.0,笠松,浩介&望美ウエディン(3歳),2.0,4.0,笠松,3歳5組,35.9,8.0,,nar,2026-08-12,52.52,61.3,45.3,40.7,62.0,54.7,45,履歴少 / 市場オッズ妙味
202644081204,2026-08-12,4,チャオグラッド,11.0,7.0,藤原幹生,56.0,,8.0,7.0,大井,3歳11　12,9.0,9.0,大井,3歳11　12,8.0,8.0,大井,3歳12　13,10.0,3.0,大井,3歳11　12,,,,,58.8,8.0,,nar,2026-08-12,38.29,39.2,39.7,0.0,56.0,47.0,45,履歴少
202644081204,2026-08-12,4,ティブロンアスール,8.0,5.0,藤本現暉,56.0,,4.0,4.0,大井,3歳11　12,7.0,3.0,大井,3歳11　12,,,,,,,,,,,,,18.3,6.0,,nar,2026-08-12,47.45,53.9,38.6,34.7,55.4,55.8,45,履歴少 / サンプル少 / 市場オッズ妙味
202644081204,2026-08-12,4,ナナセショー,13.0,8.0,高橋優,53.0,,11.0,4.0,大井,3歳八　九十(3歳九),11.0,9.0,大井,3歳九　十,13.0,7.0,大井,3歳十　11,2.0,12.0,大井,3歳11　12,10.0,14.0,大井,3歳12　1314(3歳13),126.2,11.0,,nar,2026-08-12,34.84,28.2,36.4,14.6,38.0,52.9,45,履歴少
202644081204,2026-08-12,4,ネオアオトビ,1.0,1.0,藤田凌,56.0,,,,,,,,,,,,,,,,,,,,,,9.0,4.0,,nar,2026-08-12,36.0,35.0,35.0,35.0,35.0,35.0,45,履歴少
202644081204,2026-08-12,4,バイソンバローズ,12.0,7.0,本田正重,56.0,,3.0,4.0,大井,2歳　新馬(新馬),,,,,,,,,,,,,,,,,5.7,2.0,,nar,2026-08-12,43.18,48.1,42.2,36.3,40.6,41.7,45,履歴少 / サンプル少
202650081204,2026-08-12,4,ヒシアラカン,6.0,6.0,下原理,57.0,,2.0,4.0,園田,C3三,9.0,9.0,園田,C3一,5.0,9.0,園田,C3二,8.0,9.0,園田,C3二,5.0,7.0,園田,C3二,23.3,6.0,,nar,2026-08-12,62.69,63.8,62.3,60.5,78.5,62.1,45,履歴少 / 近走上向き / 安定感 / 市場オッズ妙味
202642081204,2026-08-12,4,ピノモラーン,7.0,7.0,佐野遥久,56.0,,9.0,10.0,浦和,C3四　五,1.0,6.0,浦和,本庄宿賞(C3),8.0,9.0,浦和,ランチタイム(C3),8.0,7.0,浦和,ランチタイム(C3),6.0,6.0,浦和,C3三　四,9.2,6.0,,nar,2026-08-12,50.72,57.2,61.2,24.9,30.5,63.3,45,履歴少
202644081204,2026-08-12,4,フォーカス,14.0,8.0,東原悠善,56.0,,8.0,13.0,大井,3歳八　九十(3歳九),7.0,10.0,大井,3歳九　十,13.0,13.0,大井,3歳六　七八(3歳七),14.0,5.0,大井,3歳九　十11(3歳十),4.0,4.0,大井,3歳九　十11(3歳十),80.2,9.0,,nar,2026-08-12,43.62,35.0,56.7,10.3,59.0,52.9,45,履歴少
202650081204,2026-08-12,4,フドウミョウオウ,1.0,1.0,佐々木世,54.0,,12.0,8.0,園田,C3一,8.0,8.0,園田,C3二,7.0,7.0,園田,3歳C1二,8.0,11.0,園田,3歳C1,8.0,7.0,園田,3歳C1一,134.1,10.0,,nar,2026-08-12,35.31,35.9,43.8,0.0,24.5,52.2,45,履歴少
202630081204,2026-08-12,4,フラワーステラ,2.0,2.0,小野楓馬,55.0,,,,門別,3歳以上C4ー3,3.0,3.0,門別,湧別サロマ湖関野剛平(C4),5.0,4.0,門別,3歳以上C4ー3,7.0,7.0,門別,3歳以上C4ー3,2.0,10.0,門別,3歳以上C4ー3,1.6,1.0,,nar,2026-08-12,60.6,73.9,56.3,55.0,60.0,57.7,45,履歴少
202630081204,2026-08-12,4,ブルーポピー,4.0,4.0,井上俊彦,57.0,,6.0,7.0,門別,平取中応援ファンファ(C4),8.0,8.0,門別,3歳以上C4ー3,9.0,9.0,門別,3歳以上C4ー3,11.0,11.0,門別,3歳以上C4ー3,9.0,12.0,門別,推しウマ探せ!おひさ(C4),66.4,8.0,,nar,2026-08-12,45.75,43.0,54.3,0.0,69.5,56.1,45,履歴少 / 近走上向き
202630081204,2026-08-12,4,ベニノジェネラル,3.0,3.0,若杉朝飛,57.0,,8.0,9.0,門別,ホクレン「くるるの杜(C4),6.0,2.0,門別,グランシャリオドリー(C4),6.0,8.0,門別,湧別サロマ湖関野剛平(C4),7.0,9.0,門別,日高沙流川オートキャ(C4),3.0,9.0,門別,3歳以上C4ー3,17.9,4.0,,nar,2026-08-12,48.13,56.4,54.3,10.3,35.0,66.8,45,履歴少 / 過小評価傾向 / 市場オッズ妙味
202647081204,2026-08-12,4,ベラジオノユメ,7.0,7.0,深澤杏花,53.0,,2.0,2.0,笠松,3歳未勝利,11.0,9.0,笠松,3歳6組,3.0,2.0,笠松,3歳未勝利,7.0,7.0,笠松,3歳未勝利,5.0,3.0,笠松,笠松町コラボ同時開催(3歳),27.0,7.0,,nar,2026-08-12,56.87,64.2,43.7,60.5,77.0,53.0,45,履歴少 / 近走上向き / 安定感 / 市場オッズ妙味
202644081204,2026-08-12,4,ポリループ,10.0,6.0,矢野貴之,56.0,,,,,,,,,,,,,,,,,,,,,,6.1,3.0,,nar,2026-08-12,36.0,35.0,35.0,35.0,35.0,35.0,45,履歴少
202644081204,2026-08-12,4,ポロリス,6.0,4.0,石川駿介,54.0,,9.0,9.0,大井,3歳八　九十(3歳九),10.0,12.0,大井,3歳九　十,7.0,9.0,大井,3歳十　11,8.0,7.0,大井,3歳九　十,9.0,12.0,大井,3歳九　十11(3歳十),132.9,12.0,,nar,2026-08-12,42.69,38.3,57.4,0.0,47.0,57.4,45,履歴少
202650081204,2026-08-12,4,マイネルトラキア,3.0,3.0,竹村達也,57.0,,4.0,5.0,園田,C2,6.0,4.0,園田,C2,1.0,2.0,姫路,パカっと駆けろ!マー(C3),2.0,6.0,姫路,汐咲7.5ハロンC3,2.0,4.0,姫路,柏原町大新屋9(C3),7.8,2.0,,nar,2026-08-12,63.32,80.7,55.6,75.1,42.5,62.6,45,履歴少 / 安定感
202642081204,2026-08-12,4,マッシュブライト,4.0,4.0,岡田大,54.0,,4.0,6.0,浦和,浦和競馬ショートドラ(C3),8.0,4.0,浦和,特選(C3),6.0,4.0,浦和,ランチタイム(C3),1.0,5.0,浦和,ランチタイム(C3),3.0,1.0,浦和,ランチタイムチャレン(C3),8.1,5.0,,nar,2026-08-12,56.25,69.2,47.1,55.3,53.0,57.6,45,履歴少
202647081204,2026-08-12,4,ミスエベレスト,6.0,6.0,筒井勇介,55.0,,15.0,15.0,3東京5,3歳未勝利,8.0,7.0,浦和,ツインホープ特別(3歳),12.0,14.0,3福島3,2歳未勝利,9.0,10.0,4中山7,2歳未勝利,4.0,3.0,2新潟3,2歳未勝利,3.0,1.0,,nar,2026-08-12,34.35,26.4,51.3,10.3,9.5,55.3,45,履歴少
202647081204,2026-08-12,4,ミスマリーゴールド,8.0,8.0,東川慎,55.0,,12.0,16.0,2小倉1,3歳未勝利,11.0,9.0,川崎,メイフラワー賞(3歳),11.0,12.0,1阪神1,3歳未勝利,11.0,13.0,1小倉6,3歳未勝利,5.0,10.0,4京都8,2歳新馬,3.4,2.0,,nar,2026-08-12,39.78,22.5,62.1,10.3,35.0,61.7,45,履歴少
202630081204,2026-08-12,4,モーモーインディゴ,7.0,7.0,吉本隆記,57.0,,12.0,11.0,門別,ホクレン「くるるの杜(C4),8.0,8.0,門別,3歳以上C4ー3,10.0,10.0,門別,3歳以上C4ー3,9.0,9.0,門別,3歳以上C4ー3,8.0,9.0,門別,3歳条件未勝利(未勝利),72.5,9.0,,nar,2026-08-12,35.7,29.9,48.6,0.0,30.5,53.5,45,履歴少
202642081204,2026-08-12,4,モーリシャスアロマ,1.0,1.0,篠谷葵,54.0,,6.0,4.0,浦和,鴻巣宿賞(C2),3.0,4.0,浦和,C2十,3.0,5.0,浦和,特選(C3),5.0,3.0,浦和,特選(C3),11.0,2.0,浦和,ランチタイムチャレン(3歳),4.2,3.0,,nar,2026-08-12,53.18,67.8,41.7,59.3,47.0,49.6,45,履歴少
202644081204,2026-08-12,4,ヤマトシーダー,7.0,5.0,横川怜央,54.0,,8.0,13.0,大井,3歳11　12,12.0,12.0,大井,3歳11　12,7.0,12.0,大井,3歳12　13,6.0,13.0,大井,3歳11　12,11.0,13.0,大井,3歳12　1314(3歳13),220.6,14.0,,nar,2026-08-12,49.2,37.5,76.1,0.0,56.0,65.8,45,履歴少 / 人気以上に走る傾向 / 過小評価傾向
202644081204,2026-08-12,4,ユウユウチャパティ,5.0,4.0,安藤洋一,54.0,,11.0,14.0,大井,3歳八　九十(3歳九),12.0,14.0,大井,3歳九　十,11.0,12.0,大井,3歳十　11,6.0,9.0,大井,3歳九　十,12.0,14.0,大井,3歳九　十11(3歳十),102.0,10.0,,nar,2026-08-12,40.68,23.0,65.8,0.0,45.5,60.6,45,履歴少 / 人気以上に走る傾向
202650081204,2026-08-12,4,ライヴモヒート,9.0,8.0,板野央,56.0,,10.0,11.0,園田,C3二,9.0,11.0,園田,3歳C1,6.0,5.0,園田,3歳C1一,6.0,5.0,園田,3歳C1二,3.0,4.0,園田,3歳C1,61.2,9.0,,nar,2026-08-12,42.57,46.8,53.9,10.3,26.0,54.8,45,履歴少
202644081204,2026-08-12,4,リュウノナナホシ,2.0,2.0,本村直樹,54.0,,12.0,12.0,大井,3歳八　九十(3歳九),11.0,11.0,大井,3歳九　十,8.0,8.0,大井,3歳十　11,10.0,14.0,大井,3歳六　七八(3歳七),10.0,9.0,大井,3歳九　十11(3歳十),137.9,13.0,,nar,2026-08-12,36.25,24.3,53.4,0.0,36.5,55.5,45,履歴少
202650081204,2026-08-12,4,ロングロングロング,10.0,8.0,小谷哲平,56.0,,4.0,8.0,園田,遠方7ハロンC3一,4.0,4.0,園田,C3,7.0,12.0,園田,C2二,9.0,8.0,園田,C2二,5.0,6.0,園田,C2三,13.4,4.0,,nar,2026-08-12,63.08,64.6,65.1,65.7,63.5,66.9,45,履歴少 / 人気以上に走る傾向 / 安定感 / 過小評価傾向
202650081205,2026-08-12,5,イオシーワン,8.0,7.0,佐々木世,53.0,,5.0,4.0,園田,C2一,2.0,2.0,園田,C24歳以上牝馬特別,2.0,5.0,園田,C2二,5.0,2.0,園田,田路7ハロンC2二,1.0,3.0,園田,C3二,8.9,4.0,,nar,2026-08-12,64.16,82.0,50.4,100.0,35.0,60.0,45,履歴少 / 安定感
202647081205,2026-08-12,5,ウインハルフォード,2.0,2.0,加藤聡一,57.0,,1.0,2.0,笠松,迫水家にサチアレ記念(3歳),6.0,2.0,笠松,3歳7組,12.0,11.0,3京都11,3歳未勝利,8.0,2.0,金沢,能登千里浜賞(未勝利)(3歳),10.0,6.0,1小倉10,3歳未勝利,5.1,2.0,,nar,2026-08-12,50.91,57.0,34.7,30.4,98.0,47.8,45,履歴少 / 近走上向き
202630081205,2026-08-12,5,エイシンフロイデ,1.0,1.0,落合玄太,55.0,,2.0,1.0,門別,JRA認定競走フレッ(新馬)(2歳),,,,,,,,,,,,,,,,,4.7,2.0,,nar,2026-08-12,42.62,49.9,39.1,36.3,40.6,39.5,45,履歴少 / サンプル少
202642081205,2026-08-12,5,エソラ,6.0,6.0,岡村健司,56.0,,8.0,6.0,浦和,特選(C3),3.0,2.0,浦和,越ヶ谷宿特別(C3),7.0,8.0,浦和,ラヴミー・ラヴユー・(C3),9.0,8.0,船橋,C3　選抜馬,8.0,2.0,浦和,お年玉特別(C3),6.6,3.0,,nar,2026-08-12,44.73,54.4,40.0,24.9,42.5,52.2,45,履歴少
202642081205,2026-08-12,5,エミネントキャリア,9.0,8.0,保園翔也,54.0,,8.0,2.0,浦和,特選(C3),4.0,1.0,浦和,C2九　十,8.0,3.0,浦和,C2十,9.0,5.0,浦和,特選(C2),1.0,2.0,浦和,C3　4歳ウ,5.5,2.0,,nar,2026-08-12,40.46,56.6,21.7,35.3,35.0,46.2,45,履歴少
202650081205,2026-08-12,5,エンドレステイル,6.0,6.0,高橋洸佑,52.0,,8.0,3.0,笠松,ぎふ清流C(重賞),1.0,1.0,高知,C3ー3,3.0,1.0,高知,C3ー4,9.0,7.0,園田,兵庫チャンピオンシッ(JpnII),10.0,1.0,高知,ネクストスター西日本(重賞),2.5,1.0,,nar,2026-08-12,44.53,63.0,28.0,44.7,36.5,42.2,45,履歴少
202647081205,2026-08-12,5,カスタニャッチョ,7.0,7.0,井口裕貴,54.0,,6.0,7.0,笠松,3歳4組,6.0,6.0,笠松,3歳4組,4.0,7.0,笠松,大衆居酒屋ようちゃん(3歳),6.0,8.0,笠松,北の単勝プリンセス熊(3歳),8.0,7.0,笠松,3歳3組,53.1,5.0,,nar,2026-08-12,51.86,61.5,57.6,19.8,50.0,56.8,45,履歴少
202647081205,2026-08-12,5,カツノアッパレ,6.0,6.0,向山牧,55.0,,6.0,6.0,笠松,3歳5組,9.0,9.0,笠松,3歳4組,6.0,8.0,笠松,大衆居酒屋ようちゃん(3歳),5.0,6.0,笠松,北の単勝プリンセス熊(3歳),3.0,8.0,笠松,3歳3組,116.1,6.0,,nar,2026-08-12,51.45,57.7,57.4,24.9,48.5,58.7,45,履歴少
202644081205,2026-08-12,5,キミヲコイシタウ,11.0,6.0,達城龍次,54.0,,10.0,3.0,大井,3歳11　12,4.0,5.0,大井,3歳11　12,4.0,7.0,大井,3歳　選抜牝馬,9.0,11.0,大井,3歳11　12,9.0,10.0,大井,3歳　選抜牝馬,22.2,8.0,,nar,2026-08-12,46.13,51.4,43.8,44.7,29.0,56.3,45,履歴少 / 市場オッズ妙味
202642081205,2026-08-12,5,キョウエイサマンサ,1.0,1.0,秋元耕成,54.0,,5.0,6.0,船橋,2026Jockey(C3),9.0,5.0,浦和,特選(C3),2.0,2.0,浦和,C2九　十,3.0,4.0,浦和,サツキツツジ特別(C3),7.0,8.0,船橋,C3　選抜馬,7.4,4.0,,nar,2026-08-12,56.13,65.4,46.9,64.7,51.5,57.9,45,履歴少 / 安定感
202642081205,2026-08-12,5,キョウエイセレッソ,5.0,5.0,野畑凌,54.0,,2.0,5.0,浦和,特選(C3),1.0,2.0,浦和,特選(C3),7.0,2.0,浦和,ランチタイム(C3),10.0,7.0,船橋,C3四,2.0,2.0,川崎,C3三　四,2.8,1.0,,nar,2026-08-12,60.83,76.8,48.1,65.7,68.0,51.8,45,履歴少 / 近走上向き / 安定感
202630081205,2026-08-12,5,クリームパン,5.0,5.0,宮内勇樹,55.0,,1.0,3.0,門別,2歳牝馬未勝利(未勝利),4.0,3.0,門別,JRA認定競走アタッ(未勝利)(2歳),2.0,2.0,門別,JRA認定競走フレッ(新馬)(2歳),,,,,,,,,13.6,5.0,,nar,2026-08-12,67.64,89.9,53.3,75.1,62.0,62.2,45,履歴少 / 安定感 / 市場オッズ妙味
202650081205,2026-08-12,5,コスモタイシ,1.0,1.0,下原理,57.0,,4.0,2.0,園田,C2三,2.0,1.0,園田,五郷海老済7ハロンC(C2),1.0,2.0,園田,C3一,3.0,4.0,園田,C3一,2.0,8.0,園田,C3一,10.7,6.0,,nar,2026-08-12,66.62,87.6,50.7,100.0,38.0,63.3,45,履歴少 / 安定感
202630081205,2026-08-12,5,コンチワッチ,4.0,4.0,桑村真明,55.0,,1.0,2.0,門別,2歳未勝利(未勝利),2.0,2.0,門別,2歳未勝利(未勝利),7.0,7.0,門別,JRA認定競走アタッ(未勝利)(2歳),4.0,10.0,門別,JRA認定競走フレッ(新馬)(2歳),,,,,16.0,6.0,,nar,2026-08-12,68.27,83.3,59.2,69.9,70.0,67.5,45,履歴少 / 近走上向き / 安定感 / 過小評価傾向
202650081205,2026-08-12,5,コンバットモモヒメ,7.0,7.0,南部楓馬,52.0,,1.0,3.0,園田,C3三,6.0,2.0,園田,3歳C2二,5.0,2.0,園田,阪神アーバンナイター(C2),5.0,3.0,園田,清荒神7ハロン3歳C(C2),3.0,3.0,園田,3歳C2二,8.9,3.0,,nar,2026-08-12,61.4,77.4,41.1,75.1,72.5,54.8,45,履歴少 / 近走上向き / 安定感
202644081205,2026-08-12,5,サクラエナジー,9.0,5.0,高野誠毅,54.0,,12.0,9.0,大井,3歳11　12,6.0,10.0,船橋,3歳九,5.0,8.0,船橋,3歳十,10.0,11.0,船橋,3歳八,7.0,8.0,船橋,2歳　29P,332.0,15.0,,nar,2026-08-12,42.48,41.5,56.5,19.8,20.0,57.4,45,履歴少
202644081205,2026-08-12,5,サンテンジン,13.0,7.0,藤本現暉,56.0,,,,,,,,,,,,,,,,,,,,,,16.7,7.0,,nar,2026-08-12,36.0,35.0,35.0,35.0,35.0,35.0,45,履歴少
202630081205,2026-08-12,5,サンヨウキャプテン,10.0,8.0,小野楓馬,55.0,,2.0,4.0,門別,JRA認定競走フレッ(新馬)(2歳),,,,,,,,,,,,,,,,,6.2,3.0,,nar,2026-08-12,44.08,49.9,43.7,36.3,40.6,42.0,45,履歴少 / サンプル少
202644081205,2026-08-12,5,シャルシェ,15.0,8.0,本田正重,54.0,,,,,,,,,,,,,,,,,,,,,,10.1,5.0,,nar,2026-08-12,36.0,35.0,35.0,35.0,35.0,35.0,45,履歴少
202650081205,2026-08-12,5,シューペルブリアン,10.0,8.0,松木大地,55.0,,8.0,9.0,園田,C2一,9.0,4.0,園田,3歳C1一,2.0,3.0,園田,3歳C1二,11.0,14.0,1福島4,3歳未勝利,16.0,15.0,2中山2,3歳未勝利,26.9,7.0,,nar,2026-08-12,45.22,43.4,47.1,19.8,59.0,55.6,45,履歴少 / 市場オッズ妙味
202647081205,2026-08-12,5,ジャンプストリート,8.0,8.0,塚本征吾,57.0,,2.0,4.0,笠松,3歳6組,10.0,2.0,笠松,大衆居酒屋ようちゃん(3歳),5.0,1.0,笠松,浩介&望美ウエディン(3歳),10.0,16.0,2東京2,3歳未勝利,3.0,5.0,笠松,太田宿特別(3歳),13.0,4.0,,nar,2026-08-12,56.99,61.1,42.3,60.5,80.0,59.6,45,履歴少 / 近走上向き / 安定感 / 市場オッズ妙味
202644081205,2026-08-12,5,スカイハピネス,3.0,2.0,石川駿介,54.0,,10.0,5.0,大井,3歳11　12,10.0,10.0,大井,3歳11　12,11.0,5.0,大井,3歳12　13,9.0,5.0,大井,3歳九　十,9.0,10.0,大井,3歳12　1314(3歳13),59.3,12.0,,nar,2026-08-12,31.14,28.4,27.7,0.0,48.5,44.4,45,履歴少
202630081205,2026-08-12,5,スマートウェイン,7.0,6.0,服部茂史,55.0,,4.0,4.0,門別,JRA認定競走アタッ(未勝利)(2歳),1.0,1.0,門別,2歳未勝利(未勝利),3.0,3.0,門別,2歳未勝利(未勝利),9.0,8.0,門別,JRA認定競走アタッ(未勝利)(2歳),2.0,5.0,門別,JRA認定競走アタッ(未勝利)(2歳),32.6,9.0,,nar,2026-08-12,63.14,79.4,51.1,85.4,48.5,57.6,45,履歴少 / 安定感 / 市場オッズ妙味
202644081205,2026-08-12,5,ダルトン,16.0,8.0,高橋優,53.0,,8.0,10.0,大井,3歳八　九十(3歳九),9.0,11.0,大井,3歳九　十,12.0,10.0,大井,3歳十　11,6.0,6.0,大井,古川賞(3歳),7.0,3.0,大井,仙川賞(3歳),103.2,13.0,,nar,2026-08-12,41.55,38.8,52.1,0.0,53.0,52.2,45,履歴少
202650081205,2026-08-12,5,チョウハクタカ,3.0,3.0,山本屋太,55.0,,5.0,7.0,園田,C2三,4.0,4.0,園田,C2三,1.0,3.0,園田,C3二,2.0,6.0,園田,C3二,8.0,7.0,園田,C3二,31.5,8.0,,nar,2026-08-12,65.03,77.3,60.4,89.7,42.5,60.9,45,履歴少 / 安定感 / 市場オッズ妙味
202647081205,2026-08-12,5,ディアファニス,3.0,3.0,深澤杏花,53.0,,8.0,8.0,笠松,3歳4組,10.0,8.0,笠松,3歳4組,9.0,5.0,金沢,祝!黒まめくん3回目(3歳6),6.0,6.0,金沢,ピンクコーラル特別(3歳),6.0,6.0,金沢,3歳A　3,284.0,8.0,,nar,2026-08-12,38.98,42.4,41.0,0.0,48.5,49.6,45,履歴少
202630081205,2026-08-12,5,デルピエロ,8.0,7.0,阿部龍,55.0,,1.0,1.0,門別,2歳未勝利(未勝利),2.0,2.0,門別,JRA認定競走フレッ(新馬)(2歳),,,,,,,,,,,,,2.2,1.0,,nar,2026-08-12,54.03,71.0,45.5,48.4,48.8,50.4,45,履歴少 / サンプル少
202630081205,2026-08-12,5,デンノウガール,9.0,7.0,亀井洋司,55.0,,3.0,2.0,門別,JRA認定競走アタッ(未勝利)(2歳),2.0,1.0,門別,JRA認定競走アタッ(未勝利)(2歳),2.0,1.0,門別,JRA認定競走アタッ(未勝利)(2歳),4.0,3.0,門別,JRA認定競走フレッ(新馬)(2歳),,,,,18.8,8.0,,nar,2026-08-12,64.12,86.7,43.0,89.7,48.0,60.8,45,履歴少 / 安定感 / 市場オッズ妙味
202647081205,2026-08-12,5,トーセンシーギリヤ,5.0,5.0,東川慎,57.0,,1.0,3.0,笠松,平木覚醒記念(3歳),7.0,4.0,笠松,3歳7組,5.0,1.0,笠松,3歳5組,12.0,15.0,2東京9,3歳未勝利,6.0,11.0,1新潟2,3歳未勝利,11.1,3.0,,nar,2026-08-12,60.07,64.7,50.2,50.2,89.0,62.2,45,履歴少 / 近走上向き
202644081205,2026-08-12,5,ナックアラジン,1.0,1.0,鷹見陸,56.0,,14.0,13.0,大井,3歳八　九十(3歳九),14.0,8.0,大井,3歳九　十,4.0,9.0,大井,3歳12　13,5.0,8.0,大井,3歳11　12,12.0,7.0,大井,3歳12　1314(3歳13),129.7,14.0,,nar,2026-08-12,35.8,26.2,43.8,34.3,18.5,50.9,45,履歴少
202642081205,2026-08-12,5,ノワスティエ,8.0,8.0,中島良美,52.0,,2.0,5.0,浦和,ランチタイム(C3),3.0,5.0,浦和,特選(C3),6.0,7.0,船橋,C3二,4.0,6.0,浦和,特選(C3),6.0,3.0,浦和,C3四　五,9.1,6.0,,nar,2026-08-12,66.16,78.0,61.1,69.9,66.5,62.6,45,履歴少 / 近走上向き / 安定感
202644081205,2026-08-12,5,バイバイファイト,10.0,5.0,西優哉,53.0,,10.0,6.0,大井,3歳八　九十(3歳九),3.0,10.0,大井,3歳11　12,10.0,7.0,大井,3歳12　13,4.0,5.0,大井,3歳11　12,11.0,5.0,大井,3歳12　1314(3歳13),11.7,6.0,,nar,2026-08-12,45.67,48.1,46.2,39.5,32.0,57.2,45,履歴少
202644081205,2026-08-12,5,パイナップルケーキ,5.0,3.0,田中洸多,54.0,,10.0,9.0,大井,3歳八　九十(3歳九),6.0,10.0,大井,3歳九　十,9.0,8.0,大井,2歳六　七,9.0,7.0,大井,2歳三　四,3.0,8.0,大井,2歳　新馬(新馬),44.7,10.0,,nar,2026-08-12,43.41,44.5,55.0,10.3,30.5,59.5,45,履歴少 / 市場オッズ妙味
202644081205,2026-08-12,5,フリホコマンドール,14.0,7.0,中村尚平,56.0,,14.0,10.0,大井,3歳八　九十(3歳九),7.0,7.0,大井,3歳九　十,14.0,2.0,大井,3歳七　八九(3歳八),2.0,4.0,大井,3歳11　12,6.0,5.0,大井,3歳12　1314(3歳13),57.9,11.0,,nar,2026-08-12,28.93,32.6,26.2,14.6,9.5,43.8,45,履歴少
202644081205,2026-08-12,5,プラヤデルカルメン,12.0,6.0,高橋昭平,54.0,,7.0,2.0,大井,3歳八　九十(3歳九),17.0,6.0,3京都11,3歳未勝利,6.0,6.0,1小倉12,3歳未勝利,5.0,7.0,5中京1,2歳未勝利,5.0,7.0,3福島6,2歳未勝利,7.6,3.0,,nar,2026-08-12,39.68,44.6,23.7,24.9,57.5,50.8,45,履歴少
202644081205,2026-08-12,5,ベルベットオニキス,8.0,4.0,谷内貫太,55.0,,3.0,3.0,大井,3歳11　12,6.0,6.0,大井,3歳　新馬(新馬),,,,,,,,,,,,,9.2,4.0,,nar,2026-08-12,50.46,58.3,45.5,34.7,55.4,56.5,45,履歴少 / サンプル少
202642081205,2026-08-12,5,ポレポレ,3.0,3.0,木間塚龍,54.0,,9.0,9.0,浦和,特選(C3),9.0,8.0,浦和,桶川宿賞(C2),4.0,6.0,浦和,C2九,6.0,9.0,浦和,C2六,7.0,10.0,浦和,C2七　八九(C2八),55.4,9.0,,nar,2026-08-12,46.44,49.1,56.3,19.8,35.0,58.1,45,履歴少
202647081205,2026-08-12,5,マルキスト,1.0,1.0,松本一心,55.0,,7.0,9.0,笠松,3歳5組,8.0,10.0,笠松,3歳4組,11.0,11.0,笠松,大衆居酒屋ようちゃん(3歳),9.0,10.0,笠松,北の単勝プリンセス熊(3歳),9.0,10.0,笠松,3歳2組,176.5,7.0,,nar,2026-08-12,45.55,39.7,59.5,0.0,63.5,57.4,45,履歴少
202630081205,2026-08-12,5,ミスターキレット,2.0,2.0,石川倭,55.0,,2.0,3.0,門別,JRA認定競走アタッ(未勝利)(2歳),1.0,1.0,門別,2歳未勝利(未勝利),2.0,2.0,門別,2歳未勝利(未勝利),6.0,2.0,門別,JRA認定競走フレッ(新馬)(2歳),,,,,9.1,4.0,,nar,2026-08-12,64.6,89.0,47.8,75.1,56.0,57.0,45,履歴少 / 安定感
202642081205,2026-08-12,5,ミスレイヴバンプ,7.0,7.0,町田直希,54.0,,10.0,4.0,浦和,特選(C3),6.0,2.0,浦和,行田花手水賞(C2),4.0,2.0,浦和,C2十,6.0,2.0,浦和,ここが好き、やっぱり(C2八),5.0,3.0,浦和,埼玉県児玉郡神川町賞(C2),10.0,7.0,,nar,2026-08-12,37.89,54.3,22.0,30.1,21.5,48.1,45,履歴少
202650081205,2026-08-12,5,ミトロージア,4.0,4.0,竹村達也,55.0,,6.0,8.0,園田,C2二,5.0,11.0,園田,C2三,1.0,3.0,園田,C3一,5.0,8.0,園田,C3一,2.0,4.0,園田,C3二,82.0,9.0,,nar,2026-08-12,63.83,74.4,72.0,69.6,33.5,63.2,45,履歴少 / 人気以上に走る傾向 / 安定感
202650081205,2026-08-12,5,メイショウランケイ,5.0,5.0,吉村智洋,56.0,,2.0,2.0,園田,C2二,16.0,10.0,3京都11,3歳未勝利,9.0,9.0,1中京2,3歳未勝利,10.0,9.0,5阪神6,2歳未勝利,11.0,11.0,3京都8,2歳新馬,2.9,2.0,,nar,2026-08-12,47.93,41.2,38.5,30.4,100.0,50.0,45,履歴少 / 近走上向き
202630081205,2026-08-12,5,ヤマノリッキー,3.0,3.0,藤田凌駕,53.0,,1.0,3.0,門別,2歳未勝利(未勝利),3.0,4.0,門別,2歳未勝利(未勝利),6.0,7.0,門別,2歳未勝利(未勝利),7.0,4.0,門別,JRA認定競走フレッ(新馬)(2歳),,,,,18.8,7.0,,nar,2026-08-12,64.34,78.9,54.8,55.3,76.0,63.1,45,履歴少 / 近走上向き / 市場オッズ妙味
202650081205,2026-08-12,5,ユナピンクゴールド,9.0,8.0,大山真吾,55.0,,7.0,5.0,園田,C2一,3.0,8.0,園田,C2一,3.0,7.0,園田,仁位7ハロンC2二,4.0,2.0,園田,C2二,4.0,6.0,園田,C2二,10.1,5.0,,nar,2026-08-12,59.84,72.3,59.4,69.6,29.0,64.4,45,履歴少 / 安定感
202644081205,2026-08-12,5,ライクアウィンド,7.0,4.0,矢野貴之,54.0,,7.0,1.0,大井,2歳四　五,2.0,2.0,大井,2歳　新馬(新馬),,,,,,,,,,,,,2.4,1.0,,nar,2026-08-12,41.84,56.5,32.8,31.7,29.0,45.4,45,履歴少 / サンプル少
202644081205,2026-08-12,5,ラバテラダンサー,2.0,1.0,本村直樹,54.0,,11.0,11.0,大井,3歳九　十11(3歳十),10.0,10.0,大井,3歳11　12,9.0,9.0,大井,古川賞(3歳),12.0,10.0,大井,仙川賞(3歳),12.0,12.0,大井,蛇崩川賞(3歳),385.9,16.0,,nar,2026-08-12,35.62,23.2,48.0,0.0,48.5,52.2,45,履歴少
202630081205,2026-08-12,5,リュウノマッスル,6.0,6.0,岩橋勇二,55.0,,11.0,6.0,門別,JRA認定競走アタッ(未勝利)(2歳),8.0,8.0,門別,JRA認定競走アタッ(未勝利)(2歳),6.0,2.0,門別,JRA認定競走アタッ(未勝利)(2歳),1.0,1.0,門別,2歳未勝利(未勝利),2.0,2.0,門別,JRA認定競走アタッ(未勝利)(2歳),72.4,11.0,,nar,2026-08-12,38.26,53.0,33.8,24.9,9.5,47.7,45,履歴少
202630081205,2026-08-12,5,リンネノハナドケイ,11.0,8.0,松井伸也,55.0,,4.0,2.0,門別,JRA認定競走アタッ(未勝利)(2歳),4.0,3.0,門別,JRA認定競走アタッ(未勝利)(2歳),3.0,4.0,門別,JRA認定競走アタッ(未勝利)(2歳),5.0,6.0,門別,JRA認定競走フレッ(新馬)(2歳),,,,,60.0,10.0,,nar,2026-08-12,61.08,76.5,46.0,89.7,50.0,52.7,45,履歴少 / 安定感
202644081205,2026-08-12,5,ルイーダ,6.0,3.0,小野俊斗,51.0,,5.0,6.0,大井,3歳11　12,6.0,11.0,大井,3歳11　12,6.0,11.0,大井,3歳12　13,10.0,10.0,大井,3歳九　十,4.0,8.0,大井,3歳　選抜牝馬,35.1,9.0,,nar,2026-08-12,59.31,59.4,70.7,40.7,59.0,66.0,45,履歴少 / 人気以上に走る傾向 / 過小評価傾向 / 市場オッズ妙味
202642081205,2026-08-12,5,ルチェッタ,4.0,4.0,吉留孝司,54.0,,5.0,7.0,浦和,特選(C3),5.0,3.0,浦和,C2九　十,3.0,6.0,船橋,ダリア賞(C3),6.0,2.0,川崎,C3一　二,4.0,6.0,川崎,C3一　二,13.3,8.0,,nar,2026-08-12,61.69,70.8,52.3,85.4,47.0,63.8,45,履歴少 / 安定感 / 市場オッズ妙味
202644081205,2026-08-12,5,ルヴレアール,4.0,2.0,西啓太,56.0,,16.0,12.0,2小倉1,3歳未勝利,16.0,7.0,1福島5,3歳未勝利,4.0,9.0,1阪神6,3歳未勝利,3.0,4.0,笠松,御嶽宿特別(3歳),16.0,10.0,5中京5,2歳未勝利,5.3,2.0,,nar,2026-08-12,31.62,27.3,29.4,34.3,12.5,48.6,45,履歴少
202642081205,2026-08-12,5,レバット,2.0,2.0,室陽一朗,56.0,,3.0,5.0,浦和,C3四　五,10.0,1.0,浦和,ランチタイム(C2),8.0,3.0,船橋,C2九　十,2.0,2.0,浦和,特選(C3),2.0,5.0,浦和,C3　4歳イ,8.2,5.0,,nar,2026-08-12,52.44,64.1,33.8,55.3,65.0,53.1,45,履歴少 / 近走上向き
202650081205,2026-08-12,5,ロサバンクシア,2.0,2.0,塩津璃菜,51.0,,8.0,9.0,園田,C2二,7.0,5.0,園田,C2三,9.0,4.0,園田,五百蔵7ハロンC2二,7.0,6.0,園田,C2,9.0,7.0,園田,C2三,179.0,10.0,,nar,2026-08-12,39.12,44.8,39.3,0.0,50.0,47.7,45,履歴少
202647081205,2026-08-12,5,ヴレクール,4.0,4.0,筒井勇介,57.0,,1.0,2.0,笠松,祝!〜加藤正退職記念(3歳),4.0,5.0,笠松,3歳7組,13.0,14.0,2東京7,3歳未勝利,16.0,17.0,2東京2,3歳未勝利,13.0,16.0,1中京5,3歳未勝利,1.2,1.0,,nar,2026-08-12,59.06,50.5,58.4,55.3,100.0,55.3,45,履歴少 / 近走上向き
202644081206,2026-08-12,6,アクアジェット,1.0,1.0,矢野貴之,56.0,,4.0,2.0,大井,花月特別競走(C1),3.0,1.0,大井,C1五　六,4.0,3.0,大井,C1六　七,2.0,1.0,大井,センリョウ賞(C1),2.0,1.0,大井,C2四　五六(C2五),9.1,5.0,,nar,2026-08-12,61.62,82.0,39.1,100.0,42.5,54.8,45,履歴少 / 安定感
202642081206,2026-08-12,6,アルパインハット,2.0,2.0,室陽一朗,54.0,,5.0,6.0,浦和,AIウラワール賞(C2),6.0,9.0,川崎,稲魂賞(C2),7.0,4.0,浦和,作付面積日本一深谷ブ(C2),3.0,6.0,浦和,浦和800ラウンド(C2),9.0,8.0,船橋,C2二　三四　イ(C2三),42.2,9.0,,nar,2026-08-12,55.61,61.9,55.6,45.0,57.5,58.2,45,履歴少 / 市場オッズ妙味
202650081206,2026-08-12,6,インジェクション,6.0,6.0,新庄海誠,57.0,,8.0,8.0,園田,C1,5.0,4.0,園田,C1二,8.0,3.0,園田,C1,3.0,2.0,姫路,C1,1.0,7.0,姫路,アリッサム賞C2,40.5,8.0,,nar,2026-08-12,49.54,61.6,44.7,49.8,27.5,55.6,45,履歴少 / 市場オッズ妙味
202650081206,2026-08-12,6,ウインソラネル,8.0,7.0,杉浦健太,57.0,,9.0,10.0,園田,C2一,8.0,8.0,園田,C1一,12.0,11.0,園田,C1,11.0,10.0,園田,C1,6.0,6.0,園田,C1一,140.4,10.0,,nar,2026-08-12,39.36,33.4,49.7,0.0,51.5,52.9,45,履歴少
202647081206,2026-08-12,6,ウインラムセス,4.0,4.0,井口裕貴,54.0,,7.0,3.0,笠松,B4組,4.0,3.0,笠松,B3組,1.0,3.0,笠松,鷺山城特別(C),3.0,2.0,笠松,また会おうね!シング(C),1.0,4.0,笠松,C7組,11.6,5.0,,nar,2026-08-12,55.87,77.1,43.7,69.6,21.5,59.8,45,履歴少 / 安定感
202630081206,2026-08-12,6,エムティウィング,9.0,7.0,近藤翔月,54.0,,,,,,,,,,,,,,,,,,,,,,19.3,9.0,,nar,2026-08-12,36.0,35.0,35.0,35.0,35.0,35.0,45,履歴少
202642081206,2026-08-12,6,エリークラウン,11.0,8.0,町田直希,54.0,,3.0,5.0,浦和,トワイライトーク賞(C2),1.0,4.0,川崎,鳴雷賞(C2),8.0,4.0,浦和,可愛すぎて滅!なまり(C2),4.0,3.0,浦和,浦和800ラウンド(C2),9.0,5.0,浦和,カトレア特別(B3C1),13.1,4.0,,nar,2026-08-12,61.58,74.0,50.0,69.9,65.0,58.3,45,履歴少 / 近走上向き / 安定感 / 市場オッズ妙味
202630081206,2026-08-12,6,オーロラヒメアオイ,1.0,1.0,松井伸也,55.0,,,,,,,,,,,,,,,,,,,,,,13.5,7.0,,nar,2026-08-12,36.0,35.0,35.0,35.0,35.0,35.0,45,履歴少
202644081206,2026-08-12,6,カレンマウラー,9.0,7.0,新原周馬,56.0,,10.0,11.0,大井,ブランデー・フィック(C1),11.0,11.0,大井,C1六　七,10.0,12.0,大井,クォーター・デック賞(C1),10.0,9.0,大井,C1二　三四(C1三),10.0,13.0,大井,トーラス特別競走(C1),206.4,12.0,,nar,2026-08-12,39.36,26.0,56.0,0.0,51.5,56.8,45,履歴少
202642081206,2026-08-12,6,クインズハッピー,10.0,7.0,七夕裕次,54.0,,2.0,1.0,浦和,トワイライトーク賞(C2),1.0,2.0,浦和,作付面積日本一深谷ブ(C2),5.0,1.0,浦和,秋風特別(C1),1.0,1.0,浦和,浦和800ラウンド(C2),1.0,1.0,浦和,シャキッとジューシー(C2),2.1,1.0,,nar,2026-08-12,65.71,91.2,44.1,100.0,50.0,50.6,45,履歴少 / 安定感
202630081206,2026-08-12,6,グランディオーソ,10.0,8.0,服部茂史,55.0,,,,,,,,,,,,,,,,,,,,,,8.1,5.0,,nar,2026-08-12,36.0,35.0,35.0,35.0,35.0,35.0,45,履歴少
202644081206,2026-08-12,6,グリークトレジャー,12.0,8.0,本田正重,56.0,,6.0,8.0,大井,ブランデー・フィック(C1),9.0,7.0,大井,さそり座特別競走(C1),9.0,6.0,大井,春灯特別競走(C1四),11.0,5.0,大井,花月特別競走(C1),8.0,9.0,大井,C1二　三四(C1三),28.1,11.0,,nar,2026-08-12,41.59,41.8,41.2,0.0,69.5,51.1,45,履歴少 / 近走上向き / 市場オッズ妙味
202630081206,2026-08-12,6,コイスルキモチ,5.0,5.0,黒澤愛斗,55.0,,,,,,,,,,,,,,,,,,,,,,19.4,10.0,,nar,2026-08-12,36.0,35.0,35.0,35.0,35.0,35.0,45,履歴少
202647081206,2026-08-12,6,サトノラッシュ,3.0,3.0,塚本征吾,57.0,,2.0,5.0,笠松,B7組,,,笠松,エイプリル特別(AB),8.0,10.0,園田,忘れな草賞B1B2,11.0,6.0,姫路,キンセンカ賞B2,4.0,8.0,姫路,B2,4.7,3.0,,nar,2026-08-12,59.75,63.2,59.2,40.7,84.0,59.8,45,履歴少 / 近走上向き
202642081206,2026-08-12,6,サンシスイメイ,3.0,3.0,見越彬央,54.0,,10.0,3.0,浦和,AIウラワール賞(C2),2.0,10.0,浦和,作付面積日本一深谷ブ(C2),5.0,10.0,浦和,上尾串ぎょうざ賞(C2),10.0,8.0,川崎,雷響賞(C2),12.0,11.0,浦和,さいたまオーガニック(C2),15.6,7.0,,nar,2026-08-12,49.62,50.2,53.2,44.7,33.5,63.6,45,履歴少 / 市場オッズ妙味
202650081206,2026-08-12,6,シェナスカイ,5.0,5.0,廣瀬航,56.0,,4.0,2.0,園田,C2一,3.0,4.0,園田,乃井野7ハロンC2一,2.0,2.0,園田,西脇市日本のへそ特別(BC1),6.0,6.0,園田,菖蒲賞,2.0,4.0,園田,3歳B,16.1,5.0,,nar,2026-08-12,63.23,80.5,48.9,85.4,45.5,62.5,45,履歴少 / 安定感 / 市場オッズ妙味
202647081206,2026-08-12,6,シャンドゥルン,1.0,1.0,東川慎,55.0,,3.0,6.0,笠松,B4組,7.0,10.0,笠松,B4組,5.0,8.0,笠松,B3組,5.0,6.0,笠松,B6組,4.0,4.0,笠松,B6組,14.8,6.0,,nar,2026-08-12,66.19,69.7,66.8,75.1,63.5,68.0,45,履歴少 / 人気以上に走る傾向 / 安定感 / 過小評価傾向
202630081206,2026-08-12,6,シンゲキノヴィル,7.0,6.0,藤田凌駕,53.0,,,,,,,,,,,,,,,,,,,,,,7.5,4.0,,nar,2026-08-12,36.0,35.0,35.0,35.0,35.0,35.0,45,履歴少
202647081206,2026-08-12,6,ジュライファースト,8.0,8.0,大畑雅章,55.0,,8.0,8.0,名古屋,B7組,,,名古屋,B9組,5.0,3.0,名古屋,セプテンバードリーム(3歳),1.0,3.0,名古屋,くずきり特別(3歳),4.0,10.0,名古屋,けやき杯(OP)(3歳),3.2,2.0,,nar,2026-08-12,52.4,65.6,54.8,44.7,22.0,59.8,45,履歴少
202644081206,2026-08-12,6,スズノハマヤ,2.0,2.0,御神本訓,56.0,,5.0,3.0,大井,C2三　四五(C2四),7.0,3.0,大井,キューバン賞(C1四),5.0,2.0,大井,アフィニティ賞(C1),1.0,4.0,大井,C1七　八九(C1八),5.0,2.0,大井,C1五　六,7.5,4.0,,nar,2026-08-12,54.28,68.7,35.5,75.1,47.0,52.7,45,履歴少 / 安定感
202644081206,2026-08-12,6,スペイスフォース,6.0,5.0,藤田凌,56.0,,9.0,6.0,大井,ブランデー・フィック(C1),5.0,5.0,大井,C1六　七,9.0,5.0,大井,C1五　六七(C1六),2.0,5.0,大井,コープス・リバイバー(C1),2.0,7.0,大井,きりん座特別競走(C2),17.0,10.0,,nar,2026-08-12,49.26,57.9,44.8,49.8,23.0,64.6,45,履歴少 / 市場オッズ妙味
202647081206,2026-08-12,6,スペシャライト,7.0,7.0,松本一心,55.0,,2.0,6.0,笠松,B5組,4.0,5.0,笠松,おでん・ゆーちる結婚(B),5.0,3.0,笠松,B6組,2.0,3.0,笠松,B7組,1.0,4.0,笠松,C4組,6.9,4.0,,nar,2026-08-12,70.12,84.1,60.7,100.0,56.0,62.8,45,履歴少 / 安定感
202650081206,2026-08-12,6,ソングライター,3.0,3.0,吉村智洋,57.0,,2.0,1.0,園田,C2一,2.0,2.0,園田,福甸7ハロンC2一,8.0,5.0,園田,C1,5.0,6.0,園田,クリスマスローズ賞C(C1),3.0,4.0,園田,C1二,2.6,1.0,,nar,2026-08-12,62.12,78.2,45.5,80.2,65.0,52.8,45,履歴少 / 近走上向き / 安定感
202630081206,2026-08-12,6,タッタータ,2.0,2.0,亀井洋司,55.0,,,,,,,,,,,,,,,,,,,,,,27.9,11.0,,nar,2026-08-12,36.0,35.0,35.0,35.0,35.0,35.0,45,履歴少
202642081206,2026-08-12,6,タツノドリーム,7.0,6.0,中山遥人,53.0,,3.0,2.0,浦和,AIウラワール賞(C2),6.0,9.0,浦和,作付面積日本一深谷ブ(C2),7.0,3.0,浦和,浦和800ラウンド(C2),4.0,3.0,浦和,可愛すぎて滅!なまり(C2),6.0,1.0,浦和,浦和800ラウンド(C2),9.0,3.0,,nar,2026-08-12,54.82,68.0,42.9,45.0,66.5,54.2,45,履歴少 / 近走上向き
202650081206,2026-08-12,6,タンバアズキ,1.0,1.0,高橋洸佑,52.0,,5.0,3.0,園田,C2一,4.0,4.0,園田,福甸7ハロンC2一,2.0,3.0,園田,C2一,4.0,2.0,園田,C2一,2.0,4.0,園田,C2一,19.1,7.0,,nar,2026-08-12,62.8,78.4,46.5,100.0,38.0,61.6,45,履歴少 / 安定感 / 市場オッズ妙味
202644081206,2026-08-12,6,ダイヤノエース,11.0,8.0,笹川翼,56.0,,7.0,2.0,大井,ブランデー・フィック(C1),8.0,2.0,大井,海王星特別競走(C1),1.0,1.0,大井,こと座特別競走(C2),1.0,3.0,大井,烏山川賞(C2),3.0,1.0,大井,C212　1314(C213),7.0,2.0,,nar,2026-08-12,46.94,69.8,29.5,44.7,27.5,51.1,45,履歴少
202630081206,2026-08-12,6,チュラヒメ,8.0,7.0,桑村真明,55.0,,,,,,,,,,,,,,,,,,,,,,3.8,1.0,,nar,2026-08-12,36.0,35.0,35.0,35.0,35.0,35.0,45,履歴少
202650081206,2026-08-12,6,デルタフォー,4.0,4.0,小牧太,57.0,,3.0,2.0,園田,C2一,4.0,2.0,園田,C2一,4.0,3.0,園田,青馬ひすみ☆モヤシか(C2),2.0,3.0,園田,C2一,4.0,4.0,園田,C2一,7.0,3.0,,nar,2026-08-12,63.93,80.8,44.0,100.0,53.0,56.3,45,履歴少 / 安定感
202644081206,2026-08-12,6,ナイトウォーリア,5.0,5.0,西啓太,56.0,,4.0,7.0,大井,C1七　八,2.0,10.0,大井,C1八　九,9.0,8.0,大井,C1七　八,5.0,3.0,大井,センリョウ賞(C1),1.0,4.0,大井,3歳一　二三(3歳二),9.8,8.0,,nar,2026-08-12,67.1,73.4,69.1,80.2,51.5,69.0,45,履歴少 / 人気以上に走る傾向 / 安定感 / 過小評価傾向
202630081206,2026-08-12,6,ナナイロ,6.0,6.0,井上俊彦,55.0,,,,,,,,,,,,,,,,,,,,,,14.5,8.0,,nar,2026-08-12,36.0,35.0,35.0,35.0,35.0,35.0,45,履歴少
202642081206,2026-08-12,6,ニシノアクシス,12.0,8.0,半澤慶実,56.0,,10.0,12.0,浦和,トワイライトーク賞(C2),7.0,8.0,船橋,文月ダッシュ(C2),10.0,12.0,浦和,作付面積日本一深谷ブ(C2),9.0,10.0,川崎,雷神賞(C2),11.0,11.0,浦和,上尾串ぎょうざ賞(C2),438.4,12.0,,nar,2026-08-12,41.96,34.3,59.8,0.0,45.5,57.4,45,履歴少
202650081206,2026-08-12,6,ネバーセイグッバイ,9.0,8.0,南部楓馬,53.0,,1.0,1.0,園田,C2二,1.0,1.0,園田,C3一,1.0,2.0,園田,C2一,4.0,4.0,園田,C2一,2.0,2.0,園田,C2,2.8,2.0,,nar,2026-08-12,70.04,95.7,51.4,100.0,56.0,55.0,45,履歴少 / 安定感
202642081206,2026-08-12,6,パイナ,1.0,1.0,川島正太,54.0,,5.0,3.0,川崎,雷鳴賞(C2),1.0,5.0,浦和,AIウラワール賞(C2),5.0,5.0,川崎,稲魂賞(C2),4.0,7.0,浦和,作付面積日本一深谷ブ(C2),6.0,6.0,浦和,さいたまオーガニック(C2),14.5,6.0,,nar,2026-08-12,64.35,76.3,55.8,89.7,44.0,64.6,45,履歴少 / 安定感 / 市場オッズ妙味
202650081206,2026-08-12,6,パリパリ,2.0,2.0,松木大地,55.0,,6.0,8.0,園田,C2一,1.0,7.0,園田,五郷海老済7ハロンC(C2),1.0,3.0,園田,C3二,6.0,4.0,園田,C3二,5.0,6.0,園田,C3一,65.3,9.0,,nar,2026-08-12,61.35,78.7,66.2,55.0,33.5,59.4,45,履歴少 / 人気以上に走る傾向
202630081206,2026-08-12,6,ビッグホープルーフ,3.0,3.0,石川倭,55.0,,,,,,,,,,,,,,,,,,,,,,6.2,3.0,,nar,2026-08-12,36.0,35.0,35.0,35.0,35.0,35.0,45,履歴少
202644081206,2026-08-12,6,ビリーヴアンドラン,10.0,7.0,藤本現暉,56.0,,3.0,3.0,大井,C2三　四五(C2四),12.0,4.0,大井,海王星特別競走(C1),1.0,2.0,大井,C2三　四五(C2四),7.0,1.0,大井,C2二　三四(C2三),3.0,2.0,大井,C2二　三四(C2三),12.1,9.0,,nar,2026-08-12,52.66,64.5,30.6,60.5,66.5,53.6,45,履歴少 / 近走上向き / 安定感 / 市場オッズ妙味
202644081206,2026-08-12,6,フェルメール,4.0,4.0,和田譲治,56.0,,2.0,4.0,大井,C2三　四五(C2四),8.0,6.0,大井,さそり座特別競走(C1),7.0,3.0,大井,アフィニティ賞(C1),5.0,5.0,大井,C1五　六,15.0,8.0,2中京4,4歳以上1勝クラス,4.3,1.0,,nar,2026-08-12,53.82,59.1,40.2,45.0,90.5,49.1,45,履歴少 / 近走上向き
202647081206,2026-08-12,6,フレンドキング,9.0,8.0,高木健,57.0,,3.0,7.0,笠松,B7組,7.0,6.0,笠松,B6組,3.0,7.0,笠松,おでん・ゆーちる結婚(B),7.0,8.0,笠松,B6組,6.0,6.0,笠松,祝30周年!SPAT(B),18.0,7.0,,nar,2026-08-12,62.42,68.9,63.3,50.2,66.5,67.5,45,履歴少 / 近走上向き / 過小評価傾向 / 市場オッズ妙味
202642081206,2026-08-12,6,プレストワンダ,4.0,4.0,山中悠希,54.0,,6.0,4.0,浦和,トワイライトーク賞(C2),3.0,4.0,浦和,大宮宿賞(C1),3.0,6.0,浦和,上尾串ぎょうざ賞(C2),6.0,3.0,浦和,特選(C1C2),7.0,4.0,浦和,あれ幸せ暮らしイイじ(C1C2),14.0,5.0,,nar,2026-08-12,53.88,69.9,46.4,44.7,42.5,58.6,45,履歴少 / 市場オッズ妙味
202644081206,2026-08-12,6,ボラボラフレイバー,3.0,3.0,達城龍次,56.0,,3.0,5.0,大井,C2三　四五(C2四),3.0,7.0,大井,フロリダ賞(C1),8.0,6.0,大井,C1八　九,5.0,5.0,大井,アフター・ディナー賞(C1),7.0,9.0,大井,START!賞競走(C1),7.3,3.0,,nar,2026-08-12,63.71,70.5,59.9,69.9,66.5,62.4,45,履歴少 / 近走上向き / 安定感
202644081206,2026-08-12,6,マニス,8.0,6.0,杉山海波,51.0,,14.0,16.0,3東京6,3歳以上1勝クラス,10.0,15.0,1東京5,4歳以上1勝クラス,11.0,15.0,5中京1,3歳以上1勝クラス,8.0,17.0,5東京6,3歳以上1勝クラス,11.0,14.0,4中山4,3歳以上1勝クラス,9.7,7.0,,nar,2026-08-12,42.67,19.4,79.9,0.0,26.0,74.6,45,履歴少 / 人気以上に走る傾向 / 過小評価傾向
202630081206,2026-08-12,6,ムーンスプライト,11.0,8.0,小野楓馬,55.0,,,,,,,,,,,,,,,,,,,,,,8.3,6.0,,nar,2026-08-12,36.0,35.0,35.0,35.0,35.0,35.0,45,履歴少
202650081206,2026-08-12,6,メイショウガッツ,7.0,7.0,土方颯太,57.0,,3.0,7.0,園田,C2一,1.0,4.0,姫路,C2,7.0,2.0,姫路,C2一,2.0,3.0,姫路,C2一,3.0,2.0,園田,太田光代☆来場記念2(C2),17.0,6.0,,nar,2026-08-12,66.08,82.8,57.1,80.2,51.5,63.4,45,履歴少 / 安定感 / 市場オッズ妙味
202647081206,2026-08-12,6,メムエクラ,6.0,6.0,渡辺竜也,55.0,,4.0,1.0,笠松,B8組,3.0,3.0,名古屋,恋路ヶ浜賞(C),7.0,2.0,名古屋,アジア・アジアパラ応(C),2.0,1.0,名古屋,C8組,2.0,2.0,名古屋,C10組,3.1,1.0,,nar,2026-08-12,56.81,77.2,35.7,80.2,47.0,49.0,45,履歴少 / 安定感
202642081206,2026-08-12,6,メーネフロタント,9.0,7.0,及川烈,54.0,,2.0,1.0,浦和,AIウラワール賞(C2),1.0,3.0,浦和,C2　選抜馬イ,1.0,2.0,浦和,クライマックスリレー(C2),5.0,4.0,浦和,浦和800ラウンド(C2),7.0,1.0,浦和,寄居特産!風布・小林(C2),3.4,2.0,,nar,2026-08-12,65.61,87.9,47.4,89.7,59.0,52.0,45,履歴少 / 安定感
202647081206,2026-08-12,6,モーモーレインボー,2.0,2.0,細川智史,55.0,,6.0,6.0,笠松,佐伯伊織さん生誕記念(B),4.0,4.0,笠松,B5組,4.0,3.0,笠松,B5組,5.0,4.0,笠松,B5組,4.0,1.0,笠松,B6組,27.8,8.0,,nar,2026-08-12,55.51,70.0,45.4,69.6,39.5,53.0,45,履歴少 / 安定感 / 市場オッズ妙味
202644081206,2026-08-12,6,ユウユウスターリー,7.0,6.0,安藤洋一,54.0,,3.0,7.0,大井,ブランデー・フィック(C1),1.0,1.0,大井,C2三　四五(C2四),3.0,4.0,大井,C2六　七八(C2七),9.0,7.0,大井,C2六　七八(C2七),2.0,11.0,大井,C2七　八九(C2八),9.4,6.0,,nar,2026-08-12,69.07,81.8,64.4,85.4,54.5,67.3,45,履歴少 / 安定感 / 過小評価傾向
202642081206,2026-08-12,6,ラエティティア,8.0,6.0,秋元耕成,54.0,,7.0,7.0,浦和,トワイライトーク賞(C2),6.0,5.0,浦和,大宮宿賞(C1),6.0,7.0,浦和,上尾市観光協会「あっ(C1),7.0,9.0,船橋,琥珀ダッシュ(C1),8.0,4.0,浦和,特選(C1C2),57.2,10.0,,nar,2026-08-12,44.67,54.7,48.8,0.0,48.5,52.2,45,履歴少
202642081206,2026-08-12,6,ランウェイクイーン,5.0,5.0,櫻井光輔,54.0,,2.0,5.0,川崎,春雷賞(C2),3.0,6.0,浦和,浦和800ラウンド(C2),7.0,4.0,浦和,浦和800ラウンド(C2),11.0,9.0,船橋,C2六　七八　イ(C2七),5.0,6.0,浦和,浦和800ラウンド(C2),33.3,8.0,,nar,2026-08-12,62.51,69.1,56.1,65.7,77.0,57.6,45,履歴少 / 近走上向き / 安定感 / 市場オッズ妙味
202647081206,2026-08-12,6,レッドスウィング,5.0,5.0,大原浩司,57.0,,7.0,8.0,笠松,佐伯伊織さん生誕記念(B),6.0,9.0,笠松,B5組,6.0,4.0,笠松,B5組,5.0,7.0,笠松,B5組,1.0,6.0,笠松,B8・C2組(BC),55.7,9.0,,nar,2026-08-12,52.06,62.9,60.3,24.9,35.0,59.4,45,履歴少
202630081206,2026-08-12,6,レディーココ,4.0,4.0,落合玄太,55.0,,,,,,,,,,,,,,,,,,,,,,5.9,2.0,,nar,2026-08-12,36.0,35.0,35.0,35.0,35.0,35.0,45,履歴少
202650081206,2026-08-12,6,ワンインザスカイ,10.0,8.0,下原理,55.0,,2.0,4.0,園田,C2二,5.0,5.0,園田,3歳C1,8.0,11.0,3京都12,3歳未勝利,12.0,11.0,2阪神5,3歳未勝利,6.0,7.0,1阪神9,3歳未勝利,7.3,4.0,,nar,2026-08-12,61.1,61.6,58.1,55.3,84.5,61.7,45,履歴少 / 近走上向き
202642081206,2026-08-12,6,ヴァシロペス,6.0,5.0,岡田大,56.0,,8.0,9.0,浦和,トワイライトーク賞(C2),9.0,8.0,浦和,大宮宿賞(C1),11.0,11.0,浦和,上尾市観光協会「あっ(C1),11.0,12.0,川崎,紫丁香花賞(C1),7.0,12.0,浦和,特選(C1C2),129.4,11.0,,nar,2026-08-12,42.51,34.6,55.0,0.0,59.0,57.4,45,履歴少
202644081207,2026-08-12,7,アオイフォトグラフ,2.0,2.0,和田譲治,54.0,,3.0,6.0,大井,U.S.ターキー賞(C2七),6.0,8.0,大井,プルメリア特別競走(C2),10.0,6.0,大井,C2三　四五(C2四),2.0,7.0,大井,C2三　四五(C2四),2.0,8.0,大井,C2七　八九(C2八),8.8,6.0,,nar,2026-08-12,62.58,68.9,63.8,55.3,62.0,67.1,45,履歴少 / 過小評価傾向
202647081207,2026-08-12,7,アンクロワヤブル,3.0,3.0,加藤聡一,57.0,,7.0,9.0,笠松,B3組,6.0,4.0,笠松,猫スティン2周年&和(B),6.0,5.0,笠松,春満月特別(B),1.0,2.0,笠松,B6組,3.0,2.0,笠松,B8組,7.7,6.0,,nar,2026-08-12,49.83,65.9,49.7,24.9,32.0,58.0,45,履歴少
202630081207,2026-08-12,7,アースリンゴ,7.0,7.0,岩橋勇二,55.0,,9.0,9.0,門別,3歳以上C4ー2,4.0,7.0,門別,3歳以上C4ー2,6.0,9.0,門別,道産子ポイントガード(C4),9.0,6.0,門別,3歳以上C4ー2,6.0,8.0,門別,ライラック特別(C4),37.1,7.0,,nar,2026-08-12,48.61,53.2,57.8,24.9,33.5,59.5,45,履歴少 / 市場オッズ妙味
202644081207,2026-08-12,7,エキゾチックガール,10.0,8.0,本田正重,54.0,,6.0,5.0,大井,U.S.ターキー賞(C2七),5.0,7.0,大井,プルメリア特別競走(C2),3.0,10.0,大井,ストーン・フェンス賞(C2七),12.0,3.0,大井,C2六　七八(C2七),4.0,3.0,大井,C2五　六,13.5,7.0,,nar,2026-08-12,54.93,61.4,51.1,55.0,50.0,59.8,45,履歴少 / 市場オッズ妙味
202647081207,2026-08-12,7,オーバード,5.0,5.0,渡辺竜也,57.0,,4.0,4.0,笠松,第1回みなと杯(B),4.0,2.0,笠松,B4組,2.0,2.0,笠松,B6組,1.0,1.0,笠松,神田ファミリー笑顔爆(BC),4.0,2.0,笠松,C3組,4.2,1.0,,nar,2026-08-12,63.05,82.7,45.1,100.0,42.5,53.5,45,履歴少 / 安定感
202650081207,2026-08-12,7,ガルバナム,2.0,2.0,廣瀬航,57.0,,3.0,7.0,園田,C1,6.0,6.0,園田,C1二,3.0,3.0,園田,C2一,1.0,5.0,園田,C2一,3.0,5.0,園田,C2一,25.1,5.0,,nar,2026-08-12,66.35,80.4,64.0,75.1,51.5,62.8,45,履歴少 / 安定感 / 市場オッズ妙味
202644081207,2026-08-12,7,キタノホウセキ,4.0,4.0,西啓太,54.0,,12.0,1.0,大井,C1六　七,2.0,1.0,大井,C1六　七八(C1七),2.0,1.0,大井,C2二　三四(C2三),5.0,5.0,2札幌6,3歳未勝利,3.0,2.0,2札幌1,3歳未勝利,6.8,3.0,,nar,2026-08-12,42.92,63.4,22.7,69.6,0.0,49.1,45,履歴少 / 安定感
202647081207,2026-08-12,7,キラカイドウ,6.0,6.0,細川智史,57.0,,6.0,8.0,笠松,第1回みなと杯(B),8.0,9.0,笠松,ガンバロウ笠松競馬(B),9.0,7.0,笠松,B4組,6.0,7.0,笠松,かがり火特別(B),1.0,5.0,笠松,第3回ウマ娘フジマサ(B),29.3,8.0,,nar,2026-08-12,49.4,55.4,57.1,10.3,50.0,60.2,45,履歴少 / 市場オッズ妙味
202630081207,2026-08-12,7,クインズタンポポ,4.0,4.0,藤田凌駕,53.0,,1.0,2.0,門別,ホクレン「くるるの杜(C4),2.0,2.0,門別,3歳以上C4ー3,3.0,5.0,門別,3歳以上C4ー3,,,,,,,,,2.3,1.0,,nar,2026-08-12,68.18,93.1,56.5,75.1,59.0,56.8,45,履歴少 / 安定感
202644081207,2026-08-12,7,クミンフレイバー,7.0,6.0,新原周馬,54.0,,1.0,4.0,大井,C2九　十,3.0,7.0,大井,C2三　四五(C2四),5.0,7.0,大井,ギムレット賞(C2五),10.0,9.0,大井,ブルドッグ賞(C2二),11.0,6.0,大井,アレキサンダー賞(C2四),6.9,4.0,,nar,2026-08-12,67.05,70.9,61.5,75.1,87.5,60.2,45,履歴少 / 近走上向き / 安定感
202650081207,2026-08-12,7,クラウンハート,6.0,6.0,吉村智洋,57.0,,1.0,1.0,園田,乃井野7ハロンC2一,2.0,1.0,園田,青馬ひすみ☆モヤシか(C2),1.0,1.0,園田,C1二,1.0,1.0,園田,C2一,1.0,1.0,園田,C2二,1.0,1.0,,nar,2026-08-12,68.61,98.0,48.3,100.0,51.5,49.4,45,履歴少 / 安定感
202642081207,2026-08-12,7,クラパッション,11.0,8.0,櫻井光輔,53.0,,8.0,8.0,浦和,FMNACK5FAV(C1C2),11.0,8.0,浦和,蕨宿特別(C1),7.0,8.0,浦和,疾駆特別(C1),4.0,10.0,船橋,琥珀ダッシュ(C1),5.0,6.0,浦和,特選(C1C2),64.1,11.0,,nar,2026-08-12,46.35,46.7,53.0,24.9,42.5,56.8,45,履歴少
202647081207,2026-08-12,7,クレイジーリッチ,4.0,4.0,大原浩司,57.0,,2.0,4.0,笠松,佐伯伊織さん生誕記念(B),5.0,2.0,笠松,B5組,3.0,9.0,笠松,B2組,8.0,10.0,船橋,五月雨ダッシュ(C2),9.0,7.0,浦和,特選(C1C2),6.3,5.0,,nar,2026-08-12,65.08,71.6,57.9,75.1,75.5,61.1,45,履歴少 / 近走上向き / 安定感
202650081207,2026-08-12,7,グリッタードール,9.0,8.0,小牧太,55.0,,1.0,4.0,園田,C2一,3.0,3.0,園田,3歳B,5.0,2.0,園田,3歳B,1.0,1.0,園田,3歳C1二,9.0,14.0,3京都1,3歳未勝利,12.2,2.0,,nar,2026-08-12,69.39,83.1,55.9,89.7,71.0,63.9,45,履歴少 / 近走上向き / 安定感 / 市場オッズ妙味
202647081207,2026-08-12,7,ケンヴェンツェル,2.0,2.0,筒井勇介,57.0,,7.0,2.0,笠松,第1回みなと杯(B),3.0,3.0,笠松,ガンバロウ笠松競馬(B),6.0,4.0,笠松,B4組,10.0,5.0,笠松,水無月特別(B),1.0,2.0,笠松,B7組,4.6,2.0,,nar,2026-08-12,45.57,63.0,32.2,35.3,38.0,49.3,45,履歴少
202642081207,2026-08-12,7,コウユーミューミュ,10.0,7.0,町田直希,55.0,,4.0,7.0,船橋,C1四　五六　イ(C1五),4.0,6.0,浦和,FMNACK5FAV(C1C2),3.0,5.0,川崎,稲光賞(C2),6.0,8.0,浦和,C1四,11.0,10.0,浦和,双子座特別(C1),12.8,4.0,,nar,2026-08-12,64.99,69.5,64.0,75.1,62.0,66.1,45,履歴少 / 安定感 / 過小評価傾向 / 市場オッズ妙味
202650081207,2026-08-12,7,コスモカピタン,5.0,5.0,下原理,57.0,,1.0,4.0,園田,C2一,6.0,6.0,園田,乃井野7ハロンC2一,1.0,2.0,園田,神影7ハロンC2二,5.0,3.0,園田,C2二,4.0,1.0,園田,2026GWシリーズ(C2),22.3,4.0,,nar,2026-08-12,65.52,82.9,53.6,75.1,68.0,55.6,45,履歴少 / 近走上向き / 安定感 / 市場オッズ妙味
202630081207,2026-08-12,7,ゴールデンアイル,8.0,7.0,松井伸也,55.0,,5.0,9.0,門別,3歳以上C4ー2,8.0,11.0,門別,3歳以上C4ー2,7.0,6.0,門別,道産子ポイントガード(C4),7.0,11.0,門別,門別温泉とねっこの湯(C4),8.0,11.0,門別,ゲラニウム特別(C4),41.9,8.0,,nar,2026-08-12,56.61,54.0,68.6,30.4,65.0,64.8,45,履歴少 / 人気以上に走る傾向 / 近走上向き / 市場オッズ妙味
202642081207,2026-08-12,7,ゴールドサイカ,5.0,5.0,古岡勇樹,53.0,,6.0,9.0,川崎,雷光賞(C2),10.0,8.0,川崎,稲魂賞(C2),4.0,7.0,浦和,大宮宿賞(C1),8.0,12.0,川崎,颯爽賞(C1),9.0,10.0,浦和,上尾市観光協会「あっ(C1),48.5,10.0,,nar,2026-08-12,51.78,50.4,61.9,19.8,60.5,62.1,45,履歴少 / 市場オッズ妙味
202642081207,2026-08-12,7,シェナブライト,6.0,5.0,高橋哲也,55.0,,9.0,11.0,浦和,トワイライトーク賞(C2),12.0,11.0,浦和,作付面積日本一深谷ブ(C2),12.0,12.0,浦和,上尾串ぎょうざ賞(C2),11.0,11.0,浦和,特選(C1C2),12.0,12.0,浦和,あれ幸せ暮らしイイじ(C1C2),340.7,12.0,,nar,2026-08-12,38.39,20.5,52.5,0.0,66.5,54.1,45,履歴少 / 近走上向き
202650081207,2026-08-12,7,シュトローム,8.0,8.0,大山真吾,57.0,,1.0,5.0,園田,C2一,2.0,1.0,園田,西徳久7ハロンC2二,2.0,1.0,園田,五百蔵7ハロンC2二,3.0,1.0,園田,C2三,6.0,1.0,園田,C2二,18.4,3.0,,nar,2026-08-12,68.26,90.0,49.7,89.7,63.5,59.0,45,履歴少 / 安定感 / 市場オッズ妙味
202630081207,2026-08-12,7,ストーリータイム,5.0,5.0,服部茂史,57.0,,5.0,6.0,門別,3歳以上C4ー2,1.0,1.0,門別,3歳以上C4ー3,2.0,3.0,門別,3歳以上C4ー3,3.0,3.0,門別,3歳以上C4ー3,3.0,3.0,門別,3歳以上C4ー3,6.0,4.0,,nar,2026-08-12,65.33,84.7,53.5,100.0,33.5,58.9,45,履歴少 / 安定感
202642081207,2026-08-12,7,スマートアライヴ,8.0,6.0,沖響主,54.0,,3.0,5.0,浦和,春光特別(C1),7.0,7.0,川崎,進撃賞(C1),10.0,8.0,川崎,爆速賞(C1),1.0,5.0,川崎,大黒天賞(C2),9.0,9.0,川崎,光の戦士賞(C1),13.4,5.0,,nar,2026-08-12,58.3,62.3,55.6,45.0,72.5,63.6,45,履歴少 / 近走上向き / 市場オッズ妙味
202642081207,2026-08-12,7,タイトルコール,9.0,7.0,野畑凌,53.0,,7.0,5.0,浦和,FMNACK5FAV(C1C2),12.0,3.0,浦和,フリージア特別(C1),4.0,3.0,川崎,光速賞(C1),9.0,3.0,浦和,春光特別(C1),3.0,3.0,浦和,特選(C1),15.9,7.0,,nar,2026-08-12,39.9,47.7,22.5,30.1,50.0,50.1,45,履歴少 / 市場オッズ妙味
202644081207,2026-08-12,7,デルマウチガケ,8.0,7.0,矢野貴之,54.0,,4.0,3.0,大井,U.S.ターキー賞(C2七),3.0,4.0,大井,プルメリア特別競走(C2),9.0,3.0,大井,萌黄特別競走(C2),8.0,1.0,大井,C2　選抜牝馬,8.0,2.0,大井,C2二　三四(C2三),4.6,2.0,,nar,2026-08-12,50.03,62.1,29.8,55.3,68.0,44.1,45,履歴少 / 近走上向き
202644081207,2026-08-12,7,ナンセイスコピオン,9.0,7.0,笹川翼,54.0,,1.0,2.0,大井,アメリカンピーナッツ(C2七),2.0,2.0,大井,プルメリア特別競走(C2),3.0,1.0,大井,C2六　七八(C2七),1.0,4.0,大井,C2十　1112(C211),3.0,6.0,大井,C2十　1112(C211),2.8,1.0,,nar,2026-08-12,70.67,93.2,54.6,100.0,57.5,57.6,45,履歴少 / 安定感
202630081207,2026-08-12,7,ニシノエンデヴァー,10.0,8.0,宮内勇樹,57.0,,3.0,3.0,門別,3歳以上C4ー2,2.0,2.0,門別,3歳以上C4ー2,5.0,2.0,門別,3歳以上C4ー2,5.0,2.0,門別,グランシャリオドリー(C4),4.0,7.0,門別,3歳以上C4ー2,3.1,2.0,,nar,2026-08-12,63.72,79.7,45.0,100.0,56.0,52.9,45,履歴少 / 安定感
202647081207,2026-08-12,7,ネオアマゾネス,8.0,8.0,松本一心,55.0,,5.0,7.0,笠松,第1回みなと杯(B),6.0,8.0,笠松,ガンバロウ笠松競馬(B),3.0,7.0,笠松,B3組,8.0,9.0,笠松,B3組,11.0,11.0,笠松,小瀬鵜飼特別(AB),11.0,7.0,,nar,2026-08-12,59.63,60.7,64.3,50.2,62.0,66.1,45,履歴少 / 過小評価傾向
202647081207,2026-08-12,7,ハイエストランク,7.0,7.0,塚本征吾,55.0,,3.0,3.0,笠松,第1回みなと杯(B),5.0,6.0,笠松,ガンバロウ笠松競馬(B),6.0,8.0,笠松,B4組,3.0,4.0,笠松,B4組,4.0,6.0,笠松,B5組,4.6,3.0,,nar,2026-08-12,64.18,74.4,57.0,80.2,59.0,60.4,45,履歴少 / 安定感
202642081207,2026-08-12,7,ハワイアンジュエル,12.0,8.0,木間塚龍,57.0,,10.0,8.0,川崎,烈火賞(C1),3.0,7.0,浦和,FMNACK5FAV(C1C2),7.0,9.0,川崎,疾風賞(C1),5.0,9.0,浦和,蕨宿特別(C1),10.0,10.0,浦和,疾駆特別(C1),27.8,9.0,,nar,2026-08-12,50.16,52.5,59.6,39.5,27.5,61.5,45,履歴少 / 市場オッズ妙味
202630081207,2026-08-12,7,バイアーナ,6.0,6.0,小川悠汰,52.0,,10.0,7.0,門別,3歳以上C4ー2,9.0,6.0,門別,3歳以上C4ー2,7.0,5.0,門別,3歳以上C4ー2,6.0,3.0,門別,3歳以上C4ー2,4.0,2.0,門別,3歳以上C4ー2,23.4,5.0,,nar,2026-08-12,35.81,44.4,31.1,10.3,29.0,47.8,45,履歴少 / 市場オッズ妙味
202630081207,2026-08-12,7,ピースオブライツ,2.0,2.0,坂下秀樹,55.0,,11.0,12.0,門別,3歳以上C4ー2,11.0,11.0,門別,3歳以上C4ー2,8.0,9.0,門別,3歳以上C4ー2,8.0,3.0,盛岡,C2,6.0,5.0,盛岡,C2八組,178.0,10.0,,nar,2026-08-12,36.15,32.4,47.7,0.0,33.5,50.9,45,履歴少
202630081207,2026-08-12,7,フィールザクラウン,3.0,3.0,渡辺準己,54.0,,6.0,5.0,門別,3歳以上C4ー2,4.0,5.0,門別,3歳以上C4ー2,1.0,4.0,門別,3歳以上C4ー3,2.0,3.0,門別,グランシャリオドリー(C4),5.0,8.0,門別,3歳以上C4ー3,27.6,6.0,,nar,2026-08-12,60.55,77.4,57.0,69.6,32.0,60.9,45,履歴少 / 安定感 / 市場オッズ妙味
202647081207,2026-08-12,7,フローズンキス,1.0,1.0,森島貴之,55.0,,3.0,3.0,笠松,佐伯伊織さん生誕記念(B),3.0,7.0,笠松,B5組,1.0,6.0,笠松,板取川特別(C),6.0,6.0,笠松,馬瀬川特別(C),5.0,5.0,笠松,屋形船特別(C),6.2,4.0,,nar,2026-08-12,68.49,82.0,63.9,85.4,54.5,63.6,45,履歴少 / 安定感
202642081207,2026-08-12,7,ブラックエンパイア,2.0,2.0,室陽一朗,57.0,,6.0,3.0,浦和,FMNACK5FAV(C1C2),3.0,4.0,浦和,蕨宿特別(C1),1.0,1.0,浦和,上尾串ぎょうざ賞(C2),6.0,1.0,船橋,五月雨ダッシュ(C2),3.0,1.0,浦和,特選(C1C2),5.4,3.0,,nar,2026-08-12,53.0,76.4,38.8,55.0,33.5,51.3,45,履歴少
202650081207,2026-08-12,7,マツリダマスラオ,7.0,7.0,山本咲希,57.0,,10.0,7.0,園田,C1,7.0,7.0,園田,C1二,6.0,6.0,園田,C1,8.0,4.0,園田,大垣内7ハロンC1二,5.0,8.0,高知,C1ー4,93.3,6.0,,nar,2026-08-12,39.45,46.8,41.7,10.3,29.0,50.9,45,履歴少
202644081207,2026-08-12,7,マヒロ,1.0,1.0,高野誠毅,54.0,,7.0,10.0,大井,クレイジーソルト賞(C2七),11.0,9.0,大井,C2三　四五(C2四),6.0,9.0,大井,白百合特別競走(C2),4.0,6.0,大井,ジン・バック賞(C2三),5.0,10.0,大井,C2四　五六(C2五),90.8,11.0,,nar,2026-08-12,50.88,50.8,62.7,24.9,47.0,60.6,45,履歴少
202644081207,2026-08-12,7,ミチノディディ,11.0,8.0,達城龍次,54.0,,8.0,11.0,大井,パナシェ賞(C1),13.0,10.0,大井,アフター・ディナー賞(C1),8.0,6.0,大井,コープス・リバイバー(C1),9.0,7.0,大井,フラミンゴ・レディ賞(C1),3.0,4.0,大井,萌黄特別競走(C2),46.9,9.0,,nar,2026-08-12,41.18,37.0,47.1,10.3,51.5,54.3,45,履歴少 / 市場オッズ妙味
202642081207,2026-08-12,7,ミヅルーラー,1.0,1.0,岡村健司,55.0,,5.0,4.0,浦和,FMNACK5FAV(C1C2),5.0,3.0,浦和,大宮宿賞(C1),5.0,2.0,浦和,上尾市観光協会「あっ(C1),6.0,8.0,船橋,C1四　五,4.0,5.0,浦和,特選(C1C2),14.4,6.0,,nar,2026-08-12,58.33,67.7,43.0,85.4,50.0,59.4,45,履歴少 / 安定感 / 市場オッズ妙味
202650081207,2026-08-12,7,メイショウライメイ,3.0,3.0,南部楓馬,54.0,,9.0,10.0,園田,C1,7.0,7.0,園田,C1,8.0,8.0,園田,C1,5.0,8.0,園田,大垣内7ハロンC1二,7.0,7.0,園田,C1,170.2,7.0,,nar,2026-08-12,45.14,47.9,55.2,14.6,36.5,56.1,45,履歴少
202642081207,2026-08-12,7,モズアカトンボ,4.0,4.0,佐野遥久,55.0,,2.0,1.0,金沢,miCometビジネ(B1),8.0,3.0,金沢,七尾港まつり特別(B2),3.0,1.0,金沢,氷室開き特別(B2),2.0,3.0,金沢,シビル30周年記念杯(B2),1.0,1.0,金沢,母の日特別(C1),16.3,8.0,,nar,2026-08-12,60.09,79.3,37.4,75.1,59.0,59.4,45,履歴少 / 安定感 / 市場オッズ妙味
202642081207,2026-08-12,7,モズリバーシャトー,3.0,3.0,中山遥人,54.0,,1.0,2.0,浦和,トワイライトーク賞(C2),10.0,7.0,名古屋,名古屋CCネプチュー(A),11.0,14.0,2京都5,4歳以上1勝クラス,18.0,15.0,1小倉3,4歳以上1勝クラス,16.0,14.0,3福島1,3歳以上1勝クラス,2.2,1.0,,nar,2026-08-12,49.99,41.3,46.5,30.4,100.0,50.8,45,履歴少 / 近走上向き
202644081207,2026-08-12,7,モンサンヴデット,6.0,6.0,小野俊斗,51.0,,5.0,2.0,大井,C2三　四五(C2四),3.0,4.0,大井,パナシェ賞(C1),5.0,1.0,大井,C1八　九,11.0,5.0,大井,C1八　九,3.0,2.0,大井,しあわせ多彩区賞(C2三),8.1,5.0,,nar,2026-08-12,54.75,66.6,33.0,85.4,53.0,50.5,45,履歴少 / 安定感
202644081207,2026-08-12,7,ヤマノリッチ,3.0,3.0,吉井章,54.0,,10.0,9.0,大井,U.S.ターキー賞(C2七),7.0,5.0,大井,ブラッドハウンド賞(C2四),2.0,13.0,大井,C2三　四五(C2四),7.0,12.0,大井,白百合特別競走(C2),10.0,9.0,大井,ジン・バック賞(C2三),37.0,8.0,,nar,2026-08-12,48.72,50.1,64.0,19.8,29.0,64.1,45,履歴少 / 市場オッズ妙味
202644081207,2026-08-12,7,ヨシノローズ,5.0,5.0,中村尚平,54.0,,12.0,13.0,大井,C2三　四五(C2四),9.0,11.0,大井,フロリダ賞(C1),12.0,13.0,大井,C1八　九,8.0,8.0,大井,アフター・ディナー賞(C1),4.0,2.0,大井,コープス・リバイバー(C1),71.9,10.0,,nar,2026-08-12,38.24,29.3,55.6,10.3,27.5,54.8,45,履歴少
202642081207,2026-08-12,7,ライヴラジアン,7.0,6.0,見越彬央,53.0,,5.0,2.0,浦和,特選(C2),5.0,3.0,浦和,C1四,4.0,5.0,浦和,浦和エイトチャレンジ(C1),11.0,3.0,浦和,ツインシャイン特別(3歳),9.0,4.0,船橋,寒椿スプリント(3歳),5.0,2.0,,nar,2026-08-12,51.27,59.3,29.7,75.1,63.5,45.8,45,履歴少 / 安定感
202650081207,2026-08-12,7,リヨン,1.0,1.0,小谷周平,55.0,,7.0,11.0,園田,C1,7.0,12.0,園田,青馬ひすみ☆ナイター(C1),7.0,11.0,佐賀,C1ー11組,9.0,12.0,佐賀,C1ー10組,8.0,6.0,佐賀,C1ー9組,482.5,9.0,,nar,2026-08-12,51.33,48.8,74.4,0.0,54.5,62.6,45,履歴少 / 人気以上に走る傾向
202630081207,2026-08-12,7,ルナティス,1.0,1.0,若杉朝飛,55.0,,3.0,7.0,門別,グランシャリオドリー(C4),,2.0,名古屋,3歳5組,,6.0,名古屋,エイプリルドリーム戦(3歳),5.0,4.0,名古屋,3歳4組,3.0,2.0,名古屋,3歳4組,5.6,3.0,,nar,2026-08-12,63.46,79.8,62.2,55.3,56.0,59.5,45,履歴少
202630081207,2026-08-12,7,ロザヴィータ,9.0,8.0,近藤翔月,54.0,,7.0,11.0,門別,3歳以上C4ー2,9.0,10.0,門別,3歳以上C4ー2,11.0,11.0,門別,道産子ポイントガード(C4),9.0,12.0,門別,門別温泉とねっこの湯(C4),8.0,10.0,門別,3歳以上C4ー2,132.6,9.0,,nar,2026-08-12,46.85,38.5,64.8,0.0,63.5,60.0,45,履歴少
202650081207,2026-08-12,7,ワンノブアス,4.0,4.0,小谷哲平,56.0,,8.0,11.0,園田,ベゴニア賞C1,9.0,11.0,園田,C1,5.0,9.0,園田,C1,8.0,11.0,園田,アジサイ賞C1,9.0,12.0,園田,C1,218.1,8.0,,nar,2026-08-12,51.36,45.9,70.6,19.8,48.5,63.2,45,履歴少 / 人気以上に走る傾向
202644081208,2026-08-12,8,アルピニスト,13.0,8.0,谷内貫太,53.0,,6.0,11.0,大井,C1七　八,7.0,16.0,大井,プランターズ・パンチ(C1),7.0,13.0,大井,C1六　七,6.0,9.0,大井,白秋特別競走(C1),10.0,9.0,大井,C1三　四五(C1四),45.1,11.0,,nar,2026-08-12,57.21,53.1,87.0,0.0,59.0,70.6,45,履歴少 / 人気以上に走る傾向 / 過小評価傾向 / 市場オッズ妙味
202644081208,2026-08-12,8,アンモニャイト,8.0,6.0,和田譲治,54.0,,5.0,10.0,大井,テネシー・クーラー賞(C1C2),8.0,7.0,大井,C1六　七,6.0,9.0,大井,クォーター・デック賞(C1),8.0,9.0,大井,C1五　六七(C1六),8.0,9.0,大井,C1六　七八(C1七),25.6,7.0,,nar,2026-08-12,55.45,54.5,64.8,30.4,65.0,62.1,45,履歴少 / 近走上向き / 市場オッズ妙味
202644081208,2026-08-12,8,イロンデル,1.0,1.0,高野誠毅,56.0,,4.0,3.0,大井,ジン・フィズ賞(C2四),1.0,1.0,大井,C2三　四五(C2四),4.0,1.0,大井,ヘルメス賞(C2四),1.0,1.0,大井,C2五　六,2.0,3.0,大井,C2七　八九(C2八),5.1,3.0,,nar,2026-08-12,63.82,87.1,44.4,100.0,38.0,55.0,45,履歴少 / 安定感
202644081208,2026-08-12,8,インペリオ,11.0,7.0,安藤洋一,56.0,,5.0,6.0,大井,ジン・フィズ賞(C2四),1.0,3.0,大井,C2三　四五(C2四),1.0,7.0,大井,C2六　七八(C2七),6.0,2.0,大井,ポートサイド賞(C2七),3.0,5.0,大井,C2七　八九(C2八),7.0,4.0,,nar,2026-08-12,65.81,82.8,61.3,85.4,36.5,62.8,45,履歴少 / 安定感
202650081208,2026-08-12,8,エナサウス,3.0,3.0,佐々木世,54.0,,1.0,1.0,園田,2歳,3.0,2.0,園田,2歳,1.0,2.0,園田,NewBeginni(初出),,,,,,,,,2.7,1.0,,nar,2026-08-12,66.22,94.7,49.5,75.1,56.0,54.2,45,履歴少 / 安定感
202647081208,2026-08-12,8,エンゲルシュピール,1.0,1.0,,,,2.0,5.0,笠松,アサガオ特別(B),1.0,2.0,笠松,B6組,5.0,3.0,笠松,B3組,6.0,4.0,笠松,濃姫特別(B),6.0,2.0,笠松,B3組,,,,nar,2026-08-12,62.61,81.3,50.4,75.1,65.0,46.0,45,履歴少 / 近走上向き / 安定感
202630081208,2026-08-12,8,カネショウラッシュ,10.0,8.0,落合玄太,57.0,,5.0,5.0,門別,グランシャリオドリー(C4),5.0,3.0,門別,3歳以上C4ー2,4.0,5.0,門別,3歳以上C4ー2,5.0,8.0,門別,とみくるマルシェ賞(C4),7.0,10.0,門別,グランシャリオドリー(C4),14.7,4.0,,nar,2026-08-12,62.27,67.9,53.1,89.7,51.5,64.7,45,履歴少 / 安定感 / 市場オッズ妙味
202647081208,2026-08-12,8,カンナリリー,7.0,7.0,丸山真一,55.0,,7.0,4.0,笠松,B4組,9.0,4.0,笠松,B3組,2.0,8.0,笠松,B4組,1.0,5.0,笠松,B級サバイバル,4.0,8.0,笠松,B8・C2組(BC),19.0,7.0,,nar,2026-08-12,53.32,65.4,50.2,44.7,32.0,66.1,45,履歴少 / 過小評価傾向 / 市場オッズ妙味
202650081208,2026-08-12,8,クイーンピロコ,4.0,4.0,小谷周平,55.0,,6.0,6.0,園田,JRA認定アッパート,5.0,5.0,園田,NewBeginni(初出),,,,,,,,,,,,,253.5,5.0,,nar,2026-08-12,46.2,53.0,45.5,31.7,42.2,50.6,45,履歴少 / サンプル少
202644081208,2026-08-12,8,クチャモザクワジャ,5.0,4.0,笹川翼,56.0,,1.0,2.0,大井,ジン・フィズ賞(C2四),4.0,3.0,大井,C1八　九,2.0,3.0,大井,C2三　四五(C2四),3.0,3.0,大井,ヘルメス賞(C2四),3.0,2.0,大井,C2四　五六(C2五),2.8,1.0,,nar,2026-08-12,68.57,88.4,51.0,100.0,62.0,54.4,45,履歴少 / 安定感
202642081208,2026-08-12,8,クロシェノワール,8.0,6.0,秋元耕成,54.0,,10.0,8.0,浦和,C3八　九,4.0,3.0,浦和,C3六　七,11.0,1.0,浦和,初明かり特別(C3),9.0,2.0,浦和,サイレントナイト特別(C2C3),1.0,1.0,浦和,ウインドベル特別(C3),3.4,1.0,,nar,2026-08-12,36.62,47.0,23.0,35.3,27.5,42.2,45,履歴少
202644081208,2026-08-12,8,サフィールシェール,3.0,3.0,杉山海波,51.0,,8.0,6.0,大井,C1七　八,8.0,10.0,大井,プランターズ・パンチ(C1),14.0,9.0,大井,印西市コスモス賞(C1四),11.0,7.0,大井,C1二　三四(C1三),14.0,6.0,大井,C1三　四五(C1四),36.4,9.0,,nar,2026-08-12,34.95,27.3,32.4,0.0,72.5,45.2,45,履歴少 / 近走上向き / 市場オッズ妙味
202630081208,2026-08-12,8,シアーエレガンス,8.0,7.0,黒澤愛斗,55.0,,,,門別,3歳以上C4ー2,,,門別,3歳以上C4ー2,9.0,9.0,門別,グランシャリオドリー(C4),9.0,7.0,門別,3歳以上C4ー2,11.0,9.0,門別,3歳以上C4ー2,189.8,10.0,,nar,2026-08-12,37.27,32.3,42.2,0.0,56.0,49.2,45,履歴少
202642081208,2026-08-12,8,シェナカレン,10.0,7.0,吉留孝司,56.0,,10.0,12.0,浦和,特選(C3),11.0,12.0,浦和,宝登山特別(C3),8.0,11.0,川崎,C3三,11.0,11.0,川崎,C3五,8.0,11.0,浦和,さいたま市Urban(C3),99.3,12.0,,nar,2026-08-12,41.71,29.7,62.3,0.0,47.0,59.4,45,履歴少
202642081208,2026-08-12,8,シェナハート,3.0,3.0,国分祐仁,54.0,,13.0,11.0,船橋,2026Jockey(C3),9.0,11.0,浦和,特選(C3),9.0,11.0,浦和,宝登山特別(C3),10.0,10.0,浦和,桶川べに花まつり賞(C3),6.0,12.0,浦和,さいたま市Urban(C3),73.2,11.0,,nar,2026-08-12,36.72,27.6,56.3,0.0,23.0,58.7,45,履歴少
202644081208,2026-08-12,8,シュテルン,9.0,6.0,東原悠善,53.0,,12.0,10.0,大井,C1七　八,12.0,13.0,2東京12,3歳1勝クラス,14.0,14.0,1新潟3,ゆきつばき賞(1勝クラス),8.0,8.0,2東京2,3歳1勝クラス,15.0,16.0,3中山5,3歳1勝クラス,54.4,12.0,,nar,2026-08-12,33.4,13.1,48.2,0.0,51.5,53.5,45,履歴少
202630081208,2026-08-12,8,ショウミーザマネー,2.0,2.0,井上俊彦,55.0,,8.0,9.0,門別,グランシャリオドリー(C4),10.0,10.0,門別,3歳以上C4ー2,8.0,7.0,門別,道産子ポイントガード(C4),5.0,9.0,門別,沙流川温泉ひだか高原(C4),9.0,7.0,門別,えんどう豆生まれドリ(C4),71.1,9.0,,nar,2026-08-12,44.69,42.7,53.4,14.6,50.0,54.8,45,履歴少
202647081208,2026-08-12,8,ジェイケイミリミリ,8.0,8.0,向山牧,55.0,,6.0,7.0,笠松,B4組,10.0,9.0,笠松,五六川特別(B),10.0,12.0,笠松,濃姫特別(B),8.0,9.0,笠松,稲葉山特別(B),6.0,10.0,笠松,春三日月特別(B),38.8,8.0,,nar,2026-08-12,46.66,43.4,57.1,0.0,65.0,60.9,45,履歴少 / 近走上向き / 市場オッズ妙味
202642081208,2026-08-12,8,ジャストザヴァルス,2.0,2.0,中島良美,52.0,,11.0,2.0,浦和,特選(C3),11.0,3.0,浦和,三峰山特別(C2C3),1.0,3.0,浦和,桶川べに花まつり賞(C3),8.0,6.0,川崎,C3一　二,5.0,6.0,浦和,金魚草特別(C3),8.5,5.0,,nar,2026-08-12,34.31,44.3,18.3,30.1,21.5,48.7,45,履歴少
202642081208,2026-08-12,8,スターコマチ,7.0,6.0,保園翔也,54.0,,6.0,12.0,浦和,C3八　九,6.0,11.0,川崎,コリアンダー賞(C3),5.0,8.0,浦和,C3六　七,7.0,10.0,浦和,C3七,10.0,10.0,浦和,C3七　八,18.0,7.0,,nar,2026-08-12,58.73,57.1,78.7,19.8,56.0,73.3,45,履歴少 / 人気以上に走る傾向 / 過小評価傾向 / 市場オッズ妙味
202642081208,2026-08-12,8,ステンノー,12.0,8.0,山口達弥,54.0,,12.0,10.0,浦和,特選(C3),11.0,8.0,浦和,金魚草特別(C3),11.0,3.0,浦和,浦和競馬公式ファンク(C3),1.0,11.0,浦和,浦和ジョッキーズトラ(C3),12.0,11.0,浦和,C3四　五,18.4,8.0,,nar,2026-08-12,35.81,28.4,38.9,14.6,30.5,61.4,45,履歴少 / 市場オッズ妙味
202642081208,2026-08-12,8,スプリングネージュ,9.0,7.0,岡田大,54.0,,5.0,4.0,浦和,特選(C3),7.0,4.0,浦和,宝登山特別(C3),4.0,4.0,浦和,桶川べに花まつり賞(C3),6.0,10.0,川崎,C3三　四,10.0,6.0,浦和,さいたま市Urban(C3),7.4,4.0,,nar,2026-08-12,53.01,60.3,43.8,50.2,60.5,55.9,45,履歴少
202644081208,2026-08-12,8,スマイルケイ,6.0,5.0,達城龍次,54.0,,7.0,8.0,大井,C1七　八,11.0,12.0,大井,プランターズ・パンチ(C1),11.0,5.0,大井,クォーター・デック賞(C1),5.0,8.0,大井,クレマチス特別競走(C1),10.0,7.0,大井,シャムロック賞(C1七),25.3,6.0,,nar,2026-08-12,43.06,37.6,46.5,14.6,63.5,53.7,45,履歴少 / 市場オッズ妙味
202650081208,2026-08-12,8,ソウルアンドソウル,1.0,1.0,下原理,55.0,,2.0,2.0,園田,JRA認定アッパート,2.0,4.0,園田,2歳未勝利,2.0,4.0,園田,NewBeginni(初出),,,,,,,,,6.9,4.0,,nar,2026-08-12,68.03,92.0,58.3,75.1,50.0,62.6,45,履歴少 / 安定感
202630081208,2026-08-12,8,タイガーハート,3.0,3.0,若杉朝飛,57.0,,12.0,12.0,門別,3歳以上C4ー2,7.0,9.0,門別,3歳以上C4ー2,7.0,9.0,門別,3歳以上C4ー2,8.0,9.0,門別,3歳以上C4ー2,9.0,11.0,門別,DOセール賞(C4),192.7,11.0,,nar,2026-08-12,40.03,37.0,58.7,0.0,24.5,58.1,45,履歴少
202642081208,2026-08-12,8,タマモコンペイトウ,4.0,4.0,及川烈,54.0,,2.0,5.0,浦和,特選(C3),10.0,8.0,浦和,宝登山特別(C3),6.0,11.0,浦和,新緑特別(C3),8.0,10.0,川崎,C3一　二,9.0,12.0,浦和,金魚草特別(C3),4.9,2.0,,nar,2026-08-12,58.9,56.9,64.0,30.4,87.5,63.9,45,履歴少 / 近走上向き
202650081208,2026-08-12,8,チャーミングナイト,5.0,5.0,杉浦健太,56.0,,1.0,2.0,園田,NewBeginni(初出),,,,,,,,,,,,,,,,,2.7,2.0,,nar,2026-08-12,44.16,51.6,42.2,36.3,40.6,41.7,45,履歴少 / サンプル少
202647081208,2026-08-12,8,チュウワダイオウ,3.0,3.0,井口裕貴,54.0,,9.0,6.0,3京都11,4歳以上1勝クラス,4.0,7.0,1新潟3,4歳以上1勝クラス,4.0,11.0,4新潟2,3歳以上1勝クラス,6.0,8.0,3京都1,3歳以上1勝クラス,2.0,10.0,名古屋,名古屋CCヴェスタ賞(A),2.3,1.0,,nar,2026-08-12,56.16,63.2,66.4,55.0,20.0,64.6,45,履歴少 / 人気以上に走る傾向
202644081208,2026-08-12,8,ドピエッタ,12.0,8.0,小野俊斗,51.0,,11.0,12.0,大井,C1七　八,16.0,15.0,大井,プランターズ・パンチ(C1),9.0,12.0,大井,C1六　七,8.0,7.0,大井,ポート・フリップ賞(C1六),12.0,10.0,大井,C1六　七八(C1七),152.0,13.0,,nar,2026-08-12,36.5,20.9,52.1,0.0,51.5,53.5,45,履歴少
202630081208,2026-08-12,8,ハッピーピンク,9.0,7.0,藤田凌駕,53.0,,9.0,7.0,門別,3歳以上C4ー2,7.0,9.0,門別,3歳以上C4ー2,7.0,7.0,門別,3歳以上C4ー2,10.0,7.0,門別,沙流川温泉ひだか高原(C4),3.0,7.0,門別,3歳以上C4ー2,55.2,8.0,,nar,2026-08-12,42.62,46.9,49.1,10.3,36.5,54.1,45,履歴少
202644081208,2026-08-12,8,バイアホーン,10.0,7.0,藤本現暉,54.0,,2.0,10.0,大井,C2三　四五(C2四),9.0,9.0,大井,C1六　七,10.0,9.0,大井,ひいらぎ特別競走(C1),6.0,11.0,大井,サンチャゴ賞(C1),4.0,5.0,大井,ピンポン賞(C1),20.6,5.0,,nar,2026-08-12,61.93,59.1,71.5,40.7,81.5,64.8,45,履歴少 / 人気以上に走る傾向 / 近走上向き / 市場オッズ妙味
202630081208,2026-08-12,8,バナナボール,5.0,5.0,松井伸也,55.0,,2.0,4.0,門別,ホクレンパールライス(C4),6.0,8.0,門別,3歳以上C4ー2,5.0,5.0,門別,ゴールデンルーキー市(C4),,,3中山5,3歳未勝利,14.0,17.0,1中京2,3歳未勝利,8.2,3.0,,nar,2026-08-12,63.39,66.0,61.6,50.2,88.0,64.6,45,履歴少 / 近走上向き
202642081208,2026-08-12,8,パルメニデス,6.0,5.0,中山遥人,55.0,,4.0,7.0,浦和,特選(C3),4.0,9.0,浦和,宝登山特別(C3),8.0,7.0,浦和,桶川べに花まつり賞(C3),10.0,9.0,浦和,C3四　五,9.0,8.0,浦和,初明かり特別(C3),10.7,6.0,,nar,2026-08-12,59.97,58.5,62.0,55.3,72.5,63.3,45,履歴少 / 近走上向き
202630081208,2026-08-12,8,ビリーヴザウエスト,6.0,6.0,阿部龍,57.0,,7.0,4.0,門別,グランシャリオドリー(C4),5.0,5.0,門別,3歳以上C4ー2,1.0,1.0,門別,3歳以上C4ー3,3.0,2.0,門別,渓流の女王ヤマベ賞(C4),2.0,2.0,門別,3歳条件未勝利(未勝利),15.3,5.0,,nar,2026-08-12,55.07,74.3,42.6,69.6,24.5,59.0,45,履歴少 / 安定感 / 市場オッズ妙味
202644081208,2026-08-12,8,フルグライト,2.0,2.0,鷹見陸,56.0,,1.0,1.0,大井,黎明賞(C1),1.0,1.0,大井,C2五　六,2.0,2.0,大井,C2九　十11(C2十),7.0,11.0,2札幌4,3歳未勝利,4.0,7.0,1札幌7,3歳未勝利,3.4,2.0,,nar,2026-08-12,69.32,88.9,56.3,85.4,65.0,59.8,45,履歴少 / 近走上向き / 安定感
202630081208,2026-08-12,8,ベラジオカイザー,11.0,8.0,岩橋勇二,56.0,,15.0,4.0,2東京7,3歳未勝利,12.0,1.0,1東京5,3歳新馬,,,,,,,,,,,,,2.4,2.0,,nar,2026-08-12,25.73,21.0,18.0,18.0,35.6,32.9,45,履歴少 / サンプル少
202642081208,2026-08-12,8,ポケットシンデレラ,1.0,1.0,赤津和希,54.0,,9.0,12.0,浦和,ウインドベル特別(C3),5.0,10.0,浦和,宝登山特別(C3),9.0,9.0,川崎,ヴェルザンディ賞(C2C3),7.0,8.0,浦和,桶川べに花まつり賞(C3),12.0,12.0,川崎,C3一　二,40.5,10.0,,nar,2026-08-12,49.79,43.8,66.1,24.9,45.5,62.1,45,履歴少 / 人気以上に走る傾向 / 市場オッズ妙味
202647081208,2026-08-12,8,マイネルウォーリア,5.0,5.0,筒井勇介,57.0,,4.0,2.0,笠松,風待月特別(AB),4.0,5.0,佐賀,フクシア賞(A2),7.0,4.0,佐賀,サガデーナイト競馬賞(A2),7.0,3.0,佐賀,発明の日賞,3.0,1.0,佐賀,AIパッカル賞(A2),4.8,4.0,,nar,2026-08-12,54.58,68.6,37.8,65.7,57.5,50.2,45,履歴少 / 安定感
202644081208,2026-08-12,8,マドモアゼルレンヌ,7.0,5.0,西啓太,54.0,,6.0,11.0,大井,テネシー・クーラー賞(C1C2),9.0,14.0,大井,プランターズ・パンチ(C1),13.0,9.0,大井,C1六　七,6.0,5.0,大井,ポート・フリップ賞(C1六),5.0,12.0,大井,C1六　七八(C1七),30.0,8.0,,nar,2026-08-12,50.88,43.8,67.9,10.3,63.5,64.1,45,履歴少 / 人気以上に走る傾向 / 市場オッズ妙味
202630081208,2026-08-12,8,ミワクノホウショウ,4.0,4.0,亀井洋司,55.0,,9.0,7.0,門別,グランシャリオドリー(C4),7.0,6.0,門別,3歳以上C4ー2,3.0,5.0,門別,3歳以上C4ー2,7.0,4.0,門別,3歳以上C4ー2,1.0,2.0,門別,3歳条件未勝利(未勝利),35.2,7.0,,nar,2026-08-12,45.5,58.4,44.4,30.1,23.0,54.3,45,履歴少 / 市場オッズ妙味
202650081208,2026-08-12,8,モーモーインパクト,2.0,2.0,小牧太,56.0,,1.0,1.0,園田,ステップアップ202(2歳),1.0,1.0,園田,NewBeginni(初出),,,,,,,,,,,,,2.8,3.0,,nar,2026-08-12,54.34,73.0,45.5,48.4,45.5,51.5,45,履歴少 / サンプル少
202630081208,2026-08-12,8,ヤマニンカナレット,7.0,6.0,石川倭,57.0,,9.0,6.0,門別,3歳以上C4ー2,7.0,3.0,門別,3歳以上C4ー2,1.0,4.0,門別,日高沙流川オートキャ(C4),7.0,3.0,門別,3歳以上C4ー3,5.0,5.0,門別,3歳条件未勝利(未勝利),16.4,6.0,,nar,2026-08-12,44.29,58.3,36.7,30.1,26.0,56.7,45,履歴少 / 市場オッズ妙味
202647081208,2026-08-12,8,ユイノオトシアナ,2.0,2.0,加藤聡一,57.0,,2.0,5.0,笠松,B4組,7.0,7.0,笠松,B3組,6.0,8.0,笠松,揖斐川特別(A),7.0,10.0,名古屋,薄暑大空特別(A),10.0,11.0,名古屋,こどもの日特別(A),8.3,5.0,,nar,2026-08-12,60.0,63.3,62.9,30.4,83.0,64.9,45,履歴少 / 近走上向き
202647081208,2026-08-12,8,ヨーコマイラヴ,4.0,4.0,松本一心,55.0,,7.0,6.0,笠松,ひこぼし特別(B),1.0,6.0,笠松,B5組,6.0,5.0,笠松,B5組,2.0,2.0,笠松,B級サバイバル,6.0,4.0,笠松,B8・C2組(BC),9.5,6.0,,nar,2026-08-12,54.46,72.2,53.8,39.5,30.5,60.2,45,履歴少
202630081208,2026-08-12,8,ライトフライヤー,1.0,1.0,小野楓馬,57.0,,6.0,6.0,5中京3,2歳未勝利,4.0,6.0,3京都6,2歳未勝利,12.0,5.0,3京都1,2歳新馬,,,,,,,,,2.3,1.0,,nar,2026-08-12,46.44,52.7,41.8,24.9,62.0,48.1,45,履歴少
202647081208,2026-08-12,8,ラブフォルテッシモ,6.0,6.0,望月洵輝,55.0,,2.0,5.0,笠松,第1回みなと杯(B),4.0,5.0,笠松,ガンバロウ笠松競馬(B),12.0,6.0,笠松,B4組,4.0,3.0,笠松,B4組,7.0,6.0,笠松,金華山特別(B),3.3,3.0,,nar,2026-08-12,59.6,65.7,48.1,69.9,78.5,52.5,45,履歴少 / 近走上向き / 安定感
202642081208,2026-08-12,8,ルグランブルー,11.0,8.0,七夕裕次,54.0,,8.0,8.0,浦和,ウインドベル特別(C3),6.0,6.0,浦和,草加せんべいパリポリ(C2),8.0,3.0,浦和,特選(C2),5.0,4.0,浦和,オオムラサキツツジ特(C2C3),9.0,5.0,川崎,C2七,5.0,3.0,,nar,2026-08-12,42.17,50.7,39.2,14.6,44.0,50.3,45,履歴少
202642081208,2026-08-12,8,ルナティックアイ,5.0,5.0,高橋哲也,56.0,,7.0,9.0,川崎,C3三　四,10.0,12.0,浦和,C3四　五,7.0,10.0,浦和,三峰山特別(C2C3),12.0,12.0,船橋,御堂筋エンジ八咫烏記(C2),9.0,11.0,浦和,特選(C2),20.0,9.0,,nar,2026-08-12,46.99,38.5,63.3,0.0,65.0,62.1,45,履歴少 / 近走上向き / 市場オッズ妙味
202644081208,2026-08-12,8,ワイドリューレント,4.0,4.0,高橋優,51.0,,11.0,5.0,大井,ブランデー・フィック(C1),12.0,8.0,1小倉10,高千穂特別(1勝クラス),8.0,7.0,1小倉5,4歳以上1勝クラス,7.0,10.0,5中京4,3歳以上1勝クラス,4.0,1.0,4中京2,3歳未勝利,37.8,10.0,,nar,2026-08-12,32.72,33.2,29.8,10.3,30.5,49.1,45,履歴少 / 市場オッズ妙味
202642081209,2026-08-12,9,アプレイザー,5.0,5.0,町田直希,56.0,,8.0,3.0,浦和,小川町観光協会賞(C2),1.0,2.0,浦和,農業王国ふかや賞(C2),1.0,4.0,浦和,C2七　八,6.0,7.0,浦和,C2五,1.0,2.0,浦和,木蓮特別(C3),3.6,2.0,,nar,2026-08-12,53.7,77.1,47.0,55.0,15.5,56.1,45,履歴少
202650081209,2026-08-12,9,アンデルマット,9.0,8.0,塩津璃菜,51.0,,5.0,8.0,園田,C1,5.0,7.0,園田,グラジオラス賞C1,3.0,3.0,園田,C1,6.0,8.0,園田,C1,6.0,5.0,園田,C1,23.1,7.0,,nar,2026-08-12,61.99,69.2,61.2,75.1,50.0,60.2,45,履歴少 / 安定感 / 市場オッズ妙味
202650081209,2026-08-12,9,イスラアズール,5.0,5.0,大山真吾,57.0,,6.0,7.0,園田,ベゴニア賞C1,10.0,7.0,園田,C1二,2.0,3.0,園田,C1一,5.0,4.0,園田,アジサイ賞C1,1.0,9.0,園田,C2一,13.8,5.0,,nar,2026-08-12,54.44,63.6,53.0,44.7,41.0,65.1,45,履歴少 / 過小評価傾向 / 市場オッズ妙味
202650081209,2026-08-12,9,インパルスベラ,3.0,3.0,福原杏,55.0,,2.0,7.0,園田,ブーゲンビリア賞C1,4.0,5.0,園田,3歳AB,4.0,5.0,園田,3歳A,9.0,10.0,園田,のじぎく賞(重賞),7.0,8.0,園田,西日本クラシック(重賞),6.5,3.0,,nar,2026-08-12,67.36,72.5,65.5,75.1,74.0,63.8,45,履歴少 / 人気以上に走る傾向 / 近走上向き / 安定感
202647081209,2026-08-12,9,ウインクリード,5.0,5.0,望月洵輝,57.0,,1.0,1.0,笠松,あまのがわ特別(AB),1.0,1.0,笠松,糸貫川特別(B),3.0,2.0,笠松,ジュン特別(B),2.0,1.0,笠松,小瀬鵜飼特別(AB),5.0,2.0,笠松,春満月特別(B),3.4,2.0,,nar,2026-08-12,67.8,92.4,45.4,100.0,60.5,52.0,45,履歴少 / 安定感
202650081209,2026-08-12,9,エズヴィラージュ,8.0,7.0,山本咲希,55.0,,4.0,4.0,園田,C1,3.0,2.0,園田,C1二,1.0,2.0,園田,C2一,4.0,1.0,園田,C2一,4.0,2.0,姫路,C1二,2.3,1.0,,nar,2026-08-12,62.82,82.7,45.1,100.0,44.0,50.3,45,履歴少 / 安定感
202642081209,2026-08-12,9,コンサントレ,6.0,6.0,保園翔也,54.0,,7.0,4.0,浦和,C1四,5.0,2.0,浦和,特選(C1),2.0,7.0,浦和,初詣特別(C1C2),4.0,3.0,浦和,シクラメン特別(C2),2.0,6.0,浦和,近いがうまい埼玉の豚(C2),11.2,4.0,,nar,2026-08-12,56.12,71.5,47.2,69.6,27.5,61.6,45,履歴少 / 安定感
202642081209,2026-08-12,9,コンバットココ,4.0,4.0,赤津和希,54.0,,11.0,8.0,浦和,夏の空特別(C1C2),3.0,6.0,浦和,花のまち『ふかや』賞(C1),6.0,9.0,浦和,うどんとこいのぼりの(C1),6.0,6.0,浦和,特選(C1),7.0,11.0,浦和,金木犀特別(C1),18.7,6.0,,nar,2026-08-12,47.14,53.0,55.9,24.9,17.0,66.8,45,履歴少 / 過小評価傾向 / 市場オッズ妙味
202647081209,2026-08-12,9,ゴールウェイガール,2.0,2.0,深澤杏花,53.0,,9.0,8.0,笠松,風鈴特別(A),2.0,12.0,笠松,撫子争覇(重賞),7.0,6.0,笠松,神通川特別(A),5.0,8.0,笠松,アジサイ特別(A),6.0,7.0,笠松,笠松けいば金曜日ライ(A),13.5,6.0,,nar,2026-08-12,55.13,60.3,67.7,39.5,26.0,68.9,45,履歴少 / 人気以上に走る傾向 / 過小評価傾向 / 市場オッズ妙味
202642081209,2026-08-12,9,サマーストーリー,10.0,8.0,及川烈,56.0,,9.0,10.0,浦和,夏の空特別(C1C2),4.0,7.0,浦和,ふかや『ふっかちゃん(C1),9.0,10.0,浦和,薄暑特別(C1),8.0,10.0,川崎,オプレンシア賞(C1),11.0,10.0,船橋,イチゴ特別(C1),21.2,8.0,,nar,2026-08-12,48.35,45.5,60.1,24.9,44.0,60.2,45,履歴少 / 市場オッズ妙味
202630081209,2026-08-12,9,サンヨウスフィーダ,1.0,1.0,藤田凌駕,53.0,,7.0,8.0,大井,B1二,4.0,5.0,名古屋,芝桜昇竜戦(A),10.0,7.0,名古屋,桶狭間特別(A),3.0,2.0,名古屋,弥生昇竜戦(A),1.0,3.0,笠松,白梅特別(A),30.6,6.0,,nar,2026-08-12,52.2,62.9,50.1,49.8,35.0,56.3,45,履歴少 / 市場オッズ妙味
202644081209,2026-08-12,9,ストライクオン,10.0,8.0,本田正重,56.0,,6.0,2.0,船橋,千葉日報賞スプリント(OP)(4上),5.0,10.0,浦和,プラチナC(重賞),11.0,6.0,浦和,ゴールドC(重賞),2.0,1.0,大井,ビオラ賞競走(OP)(3上),2.0,2.0,園田,兵庫ゴールドC(重賞),23.9,6.0,,nar,2026-08-12,50.71,62.1,42.3,49.8,44.0,53.0,45,履歴少 / 市場オッズ妙味
202650081209,2026-08-12,9,スナークドリアン,10.0,8.0,廣瀬航,57.0,,9.0,7.0,園田,C1一,4.0,6.0,園田,C1,9.0,8.0,園田,C1一,10.0,9.0,園田,C1,4.0,6.0,園田,C1,13.5,4.0,,nar,2026-08-12,46.95,48.9,48.3,35.3,36.5,61.1,45,履歴少 / 市場オッズ妙味
202650081209,2026-08-12,9,スマートエクシード,2.0,2.0,川原正一,57.0,,9.0,5.0,園田,C1,8.0,4.0,園田,C1,4.0,4.0,園田,C1,2.0,3.0,園田,SPAT4プレミアム(C1),5.0,3.0,園田,C1,31.4,9.0,,nar,2026-08-12,44.11,57.4,34.1,44.7,24.5,50.5,45,履歴少 / 市場オッズ妙味
202644081209,2026-08-12,9,ゼルトザーム,4.0,4.0,新原周馬,54.0,,6.0,5.0,大井,アフター5スター賞ト(A2),10.0,5.0,大井,’26メトロポリタン(A2B1),2.0,4.0,大井,日本橋賞競走(A2B1),9.0,2.0,大井,エイプリル賞競走(A2B1),4.0,10.0,大井,隅田川オープン競走(OP)(4上),121.1,11.0,,nar,2026-08-12,46.53,56.5,39.1,30.1,51.5,50.2,45,履歴少
202642081209,2026-08-12,9,ダンシングラスカル,9.0,8.0,張田昂,56.0,,1.0,6.0,浦和,小川町観光協会賞(C2),3.0,5.0,浦和,草加宿特別(C2),1.0,3.0,浦和,C2七　八,5.0,5.0,浦和,C2五,5.0,1.0,浦和,幸手権現堂桜堤賞(C2),2.2,1.0,,nar,2026-08-12,72.24,88.0,64.0,100.0,65.0,56.6,45,履歴少 / 近走上向き / 安定感
202644081209,2026-08-12,9,ディキシーガンナー,11.0,8.0,矢野貴之,54.0,,4.0,3.0,大井,アフター5スター賞ト(A2),3.0,6.0,大井,ジュライ賞競走(OP)(3上),11.0,6.0,1京都8,4歳以上2勝クラス,8.0,2.0,5阪神4,3歳以上2勝クラス,3.0,4.0,3阪神3,安芸特別(2勝クラス),12.6,5.0,,nar,2026-08-12,55.23,63.1,40.8,65.7,63.5,55.6,45,履歴少 / 安定感 / 市場オッズ妙味
202630081209,2026-08-12,9,ディーエスエール,4.0,4.0,岩橋勇二,56.0,,4.0,5.0,門別,ミルクランド北海道特(A1),3.0,2.0,門別,富永啓生セレブレーシ(A1),1.0,3.0,門別,ソフトカツゲン発売7(A3),3.0,5.0,門別,ベロニカ特別(A1),5.0,3.0,門別,シャクヤク特別(A1),8.3,3.0,,nar,2026-08-12,66.38,83.1,53.7,100.0,44.0,60.3,45,履歴少 / 安定感
202642081209,2026-08-12,9,トーセンアデレード,1.0,1.0,見越彬央,54.0,,9.0,4.0,川崎,C2一　二,7.0,1.0,浦和,C2三　四,1.0,2.0,浦和,C2五　六,3.0,7.0,浦和,C2五　六,6.0,6.0,浦和,C2三　四,6.7,3.0,,nar,2026-08-12,44.43,62.1,34.4,34.3,21.5,54.2,45,履歴少
202644081209,2026-08-12,9,ドリームビリーバー,2.0,2.0,吉井章,56.0,,8.0,7.0,大井,ジュライ賞競走(OP)(3上),8.0,8.0,大井,ゆりかもめオープン競(OP)(4上),4.0,8.0,大井,神田川オープン競走(OP)(4上),11.0,14.0,大井,東京スプリント競走(JpnIII),8.0,3.0,大井,隅田川オープン競走(OP)(4上),40.9,7.0,,nar,2026-08-12,46.46,46.8,52.9,19.8,48.5,56.9,45,履歴少 / 市場オッズ妙味
202644081209,2026-08-12,9,ナスティウェザー,6.0,6.0,御神本訓,56.0,,4.0,3.0,大井,ゆりかもめオープン競(OP)(4上),3.0,4.0,大井,神田川オープン競走(OP)(4上),16.0,4.0,大井,フジノウェーブ記念競(重賞),7.0,5.0,大井,品川オープン競走(OP)(4上),10.0,9.0,2新潟8,NST賞(OP),6.7,4.0,,nar,2026-08-12,50.03,54.5,30.3,55.3,80.0,48.3,45,履歴少 / 近走上向き
202630081209,2026-08-12,9,ニシケンボブ,6.0,6.0,石川倭,58.0,,2.0,1.0,門別,夏秋どりいちごすずり(A1),1.0,1.0,門別,デルフィニウム特別(A1),2.0,1.0,門別,ベロニカ特別(A1),2.0,2.0,門別,アネモネ特別(A1),3.0,5.0,門別,道営記念〔H1〕(重賞),1.4,1.0,,nar,2026-08-12,67.29,93.2,47.9,100.0,50.0,51.4,45,履歴少 / 安定感
202630081209,2026-08-12,9,ニジコ,8.0,8.0,黒澤愛斗,51.0,,4.0,6.0,門別,ノースクイーンC(重賞),3.0,3.0,門別,フロイラインカップ〔(重賞),4.0,5.0,門別,ヒダカソウカップ〔H(重賞),4.0,6.0,門別,北斗盃〔H3〕(重賞),4.0,3.0,門別,ブロッサムカップ〔H(重賞),16.5,4.0,,nar,2026-08-12,66.86,78.0,57.0,100.0,48.5,64.5,45,履歴少 / 安定感 / 市場オッズ妙味
202644081209,2026-08-12,9,ハチメンロッピ,9.0,7.0,笹川翼,54.0,,3.0,4.0,大井,アフター5スター賞ト(A2),5.0,11.0,2東京9,欅S(OP),7.0,12.0,1東京6,バレンタインS(OP),12.0,14.0,5東京5,霜月S(OP),13.0,12.0,4東京9,神無月S(OP),5.0,3.0,,nar,2026-08-12,63.16,54.9,70.8,55.3,87.5,65.3,45,履歴少 / 人気以上に走る傾向 / 近走上向き / 過小評価傾向
202647081209,2026-08-12,9,ハヤイモノガチ,4.0,4.0,東川慎,57.0,,7.0,7.0,笠松,風薫る特別(A),8.0,5.0,笠松,あまのがわ特別(AB),8.0,5.0,笠松,揖斐川特別(A),6.0,6.0,笠松,飛騨川特別(A),1.0,8.0,笠松,かがり火特別(B),154.6,8.0,,nar,2026-08-12,44.66,54.6,45.7,10.3,42.5,54.1,45,履歴少
202647081209,2026-08-12,9,ハワイアンアイコン,1.0,1.0,渡辺竜也,57.0,,3.0,2.0,笠松,風薫る特別(A),1.0,1.0,笠松,春色特別(A),2.0,2.0,笠松,"1,580m戦スター(B)",1.0,2.0,笠松,弥生特別(B),1.0,1.0,笠松,B4組,1.9,1.0,,nar,2026-08-12,66.55,93.6,48.9,100.0,39.5,52.7,45,履歴少 / 安定感
202630081209,2026-08-12,9,バレンタインケーキ,7.0,7.0,桑村真明,53.0,,5.0,2.0,門別,ノースクイーンC(重賞),2.0,1.0,門別,フロイラインカップ〔(重賞),1.0,3.0,門別,ヒダカソウカップ〔H(重賞),3.0,4.0,門別,ハルジオン特別(A3),1.0,1.0,門別,ブロッサムカップ〔H(重賞),4.2,2.0,,nar,2026-08-12,62.95,85.9,45.7,100.0,30.5,55.5,45,履歴少 / 安定感
202647081209,2026-08-12,9,ヒロノラファール,7.0,7.0,塚本征吾,57.0,,2.0,3.0,笠松,風薫る特別(A),5.0,2.0,笠松,夏風特別(A),2.0,4.0,笠松,長良川特別(A),1.0,5.0,笠松,岐阜城特別(AB),7.0,3.0,笠松,春宵月特別(AB),8.0,3.0,,nar,2026-08-12,66.22,83.1,50.9,89.7,60.5,58.9,45,履歴少 / 安定感
202650081209,2026-08-12,9,ファイアボルト,6.0,6.0,渡瀬和幸,57.0,,8.0,10.0,園田,C1,4.0,8.0,園田,C1,8.0,8.0,園田,C1一,5.0,10.0,園田,C1,7.0,8.0,園田,ポピー賞C1一,24.3,8.0,,nar,2026-08-12,54.64,56.3,67.1,39.5,38.0,64.1,45,履歴少 / 人気以上に走る傾向 / 市場オッズ妙味
202644081209,2026-08-12,9,フルム,5.0,5.0,和田譲治,56.0,,1.0,1.0,大井,ゆりかもめオープン競(OP)(4上),4.0,2.0,浦和,プラチナC(重賞),2.0,2.0,大井,神田川オープン競走(OP)(4上),2.0,2.0,大井,隅田川オープン競走(OP)(4上),9.0,10.0,5東京5,霜月S(OP),3.3,2.0,,nar,2026-08-12,66.26,84.7,47.2,89.7,69.5,54.4,45,履歴少 / 近走上向き / 安定感
202630081209,2026-08-12,9,ブリッツファング,2.0,2.0,落合玄太,56.0,,3.0,4.0,門別,夏秋どりいちごすずり(A1),7.0,6.0,門別,富永啓生セレブレーシ(A1),5.0,8.0,門別,こんがりパン超盛特別(A1),4.0,6.0,門別,ナダル・プレミアム(A1),7.0,3.0,門別,江差追分全国大会特別(A1),25.7,5.0,,nar,2026-08-12,60.25,68.4,53.7,64.7,66.5,56.9,45,履歴少 / 近走上向き / 安定感 / 市場オッズ妙味
202642081209,2026-08-12,9,ブルーオブウインド,3.0,3.0,半澤慶実,54.0,,10.0,7.0,浦和,夏木立特別(C2),8.0,6.0,浦和,C1四,10.0,7.0,浦和,薄暑特別(C1),12.0,9.0,船橋,C1四　五,12.0,6.0,浦和,今日は丑の日浦和うな(C1C2),50.0,10.0,,nar,2026-08-12,31.5,28.0,28.6,0.0,53.0,42.5,45,履歴少
202644081209,2026-08-12,9,ブルーヒサシン,3.0,3.0,藤田凌,54.0,,2.0,2.0,大井,アフター5スター賞ト(A2),1.0,1.0,大井,オフト汐留賞競走(A2B1),1.0,1.0,大井,フェブラリー賞競走(B1B2),1.0,1.0,大井,睦月賞競走(B1B2),1.0,1.0,大井,ミスアサヒロ賞競走(B3),2.5,1.0,,nar,2026-08-12,68.65,97.6,50.0,100.0,44.0,53.9,45,履歴少 / 安定感
202630081209,2026-08-12,9,マスグラバイト,3.0,3.0,服部茂史,55.0,,5.0,7.0,門別,ミルクランド北海道特(A1),6.0,8.0,門別,アルビレオ特別(A2),2.0,4.0,門別,夕張メロン、味は特別(A4),14.0,11.0,2東京3,4歳以上2勝クラス,15.0,9.0,1中京6,鈴鹿特別(2勝クラス),59.6,8.0,,nar,2026-08-12,54.6,53.8,53.1,50.2,75.5,51.5,45,履歴少 / 近走上向き
202644081209,2026-08-12,9,マックス,8.0,7.0,藤本現暉,56.0,,,,大井,東京スプリント競走(JpnIII),10.0,1.0,大井,隅田川オープン競走(OP)(4上),9.0,12.0,船橋,JBCスプリント(JpnI),5.0,9.0,大井,東京盃競走(JpnII),4.0,2.0,大井,アフター5スター賞競(重賞),48.4,8.0,,nar,2026-08-12,39.78,45.8,37.2,24.9,26.0,53.0,45,履歴少 / 市場オッズ妙味
202650081209,2026-08-12,9,ミナックシアター,4.0,4.0,吉村智洋,55.0,,2.0,5.0,園田,C1,7.0,9.0,園田,C1,,,園田,C1,6.0,9.0,園田,C1一,11.0,7.0,園田,ポピー賞C1一,3.3,2.0,,nar,2026-08-12,59.69,64.5,62.5,30.4,86.0,58.3,45,履歴少 / 近走上向き
202644081209,2026-08-12,9,ミルトクレイモー,7.0,6.0,西啓太,56.0,,7.0,7.0,川崎,川崎スパーキングスプ(重賞),12.0,9.0,大井,ゆりかもめオープン競(OP)(4上),10.0,10.0,大井,フジノウェーブ記念競(重賞),4.0,5.0,船橋,駿麗賞(OP)(4上),10.0,10.0,5阪神5,タンザナイトS(OP),121.0,10.0,,nar,2026-08-12,42.71,38.3,45.8,14.6,62.0,52.2,45,履歴少
202647081209,2026-08-12,9,ミルミル,3.0,3.0,馬渕繁治,55.0,,4.0,5.0,笠松,風薫る特別(A),2.0,3.0,笠松,あまのがわ特別(AB),2.0,3.0,笠松,花撫子特別(A),4.0,9.0,笠松,キキョウ特別(A),5.0,5.0,笠松,大杉特別(A),21.2,7.0,,nar,2026-08-12,68.11,82.3,60.4,100.0,45.5,61.5,45,履歴少 / 安定感 / 市場オッズ妙味
202650081209,2026-08-12,9,メイショウヤスマサ,7.0,7.0,杉浦健太,57.0,,7.0,5.0,園田,ベゴニア賞C1,2.0,10.0,園田,C1二,6.0,6.0,園田,C1二,10.0,9.0,園田,C1,1.0,4.0,園田,2026GWシリーズ(C2),14.2,6.0,,nar,2026-08-12,55.23,65.0,60.9,35.3,36.5,66.5,45,履歴少 / 過小評価傾向 / 市場オッズ妙味
202630081209,2026-08-12,9,モダスオペランディ,5.0,5.0,松井伸也,55.0,,3.0,7.0,門別,ソフトカツゲン発売7(A3),7.0,7.0,門別,スミレ特別(A3),7.0,12.0,門別,道営記念〔H1〕(重賞),8.0,8.0,門別,ナダル・プレミアム(A1),6.0,9.0,門別,ドレフォン・プレミア(A1),56.4,7.0,,nar,2026-08-12,59.02,61.4,67.6,30.4,74.0,61.3,45,履歴少 / 人気以上に走る傾向 / 近走上向き
202644081209,2026-08-12,9,ユスティニアン,1.0,1.0,達城龍次,56.0,,9.0,8.0,大井,ジュライ賞競走(OP)(3上),4.0,5.0,大井,日本橋賞競走(A2B1),7.0,5.0,大井,オフト汐留賞競走(A2B1),14.0,11.0,大井,如月賞競走(A2B1),1.0,3.0,大井,フロストフラワー賞競(A2),85.6,9.0,,nar,2026-08-12,45.14,50.5,45.2,35.3,35.0,51.5,45,履歴少
202642081209,2026-08-12,9,ヨルノチョウ,8.0,7.0,山口達弥,54.0,,7.0,7.0,川崎,C2一　二,8.0,7.0,船橋,馬い!卵はサンサンエ(C1),4.0,7.0,船橋,C1四　五,,,浦和,越生梅林賞(C1),2.0,6.0,浦和,浦和エイトチャレンジ(C1),32.8,9.0,,nar,2026-08-12,51.3,60.1,56.2,30.1,36.0,61.2,45,履歴少 / 市場オッズ妙味
202642081209,2026-08-12,9,ラグーンリバティ,7.0,7.0,本橋孝太,54.0,,4.0,6.0,浦和,夏木立特別(C2),9.0,5.0,浦和,C1四,6.0,6.0,浦和,C1五,6.0,8.0,浦和,越生梅林賞(C1),3.0,8.0,浦和,C1四,13.5,5.0,,nar,2026-08-12,55.72,61.4,52.9,40.7,62.0,64.3,45,履歴少 / 市場オッズ妙味
202642081209,2026-08-12,9,ラブリーモンスター,2.0,2.0,櫻井光輔,56.0,,5.0,10.0,浦和,夏木立特別(C2),7.0,10.0,浦和,C1四,10.0,12.0,浦和,C1四,9.0,12.0,船橋,C1四　五,11.0,8.0,浦和,今日は丑の日浦和うな(C1C2),20.9,7.0,,nar,2026-08-12,55.7,46.5,69.5,30.4,75.5,62.8,45,履歴少 / 人気以上に走る傾向 / 近走上向き / 市場オッズ妙味
202650081209,2026-08-12,9,ララテロワール,1.0,1.0,松木大地,57.0,,9.0,11.0,園田,C1,5.0,7.0,園田,C1一,11.0,5.0,園田,アジサイ賞C1,3.0,8.0,園田,マリーゴールド賞C1,10.0,10.0,園田,C1,44.1,10.0,,nar,2026-08-12,48.39,47.0,54.6,39.5,39.5,58.2,45,履歴少 / 市場オッズ妙味
202647081209,2026-08-12,9,ロンリープラネット,8.0,8.0,丸野勝虎,57.0,,6.0,5.0,笠松,風鈴特別(A),1.0,6.0,笠松,夏風特別(A),4.0,3.0,笠松,揖斐川特別(A),2.0,7.0,笠松,飛騨川特別(A),8.0,5.0,笠松,キキョウ特別(A),10.1,4.0,,nar,2026-08-12,60.1,76.1,58.1,59.3,36.5,63.1,45,履歴少
202647081209,2026-08-12,9,ヴァネロペ,6.0,6.0,大原浩司,55.0,,,,笠松,キキョウ特別(A),4.0,1.0,笠松,大杉特別(A),1.0,3.0,笠松,淡墨桜特別(AB),1.0,3.0,笠松,SKE48太田彩夏の(B),2.0,2.0,笠松,春鳥特別(B),11.8,5.0,,nar,2026-08-12,62.63,90.2,49.4,69.6,34.0,61.3,45,履歴少 / 安定感
202644081210,2026-08-12,10,アイスリーディング,11.0,7.0,本田正重,54.0,,4.0,5.0,大井,プレアデス賞競走(B2B3),2.0,2.0,大井,スターゲイザー賞(B3),6.0,2.0,大井,桜坂賞競走(B3),5.0,4.0,大井,狸穴坂賞競走(B3),1.0,1.0,大井,アングレカム特別競走(C1C2),15.7,5.0,,nar,2026-08-12,60.86,78.1,45.6,80.2,47.0,59.1,45,履歴少 / 安定感 / 市場オッズ妙味
202644081210,2026-08-12,10,アイビーサムライオ,10.0,6.0,笹川翼,56.0,,4.0,4.0,大井,ダイヤモンドダスト賞(B2),1.0,1.0,大井,神明坂賞競走(B3),1.0,1.0,大井,土器坂賞競走(B3),1.0,1.0,大井,ブルー・ムーン賞(C1三),1.0,1.0,大井,しし座特別競走(C1C2),2.8,1.0,,nar,2026-08-12,65.91,92.7,50.0,100.0,32.0,54.4,45,履歴少 / 安定感
202644081210,2026-08-12,10,アウトビアンキ,6.0,4.0,藤本現暉,56.0,,7.0,6.0,大井,ベガ賞競走(B2B3),1.0,9.0,大井,淡路坂賞競走(B3),5.0,5.0,浦和,円良田湖特別(B3),10.0,10.0,大井,BSイレブン賞競走(B3),8.0,8.0,大井,桂坂賞競走(B3),25.3,7.0,,nar,2026-08-12,56.08,62.8,61.8,44.7,44.0,60.9,45,履歴少 / 市場オッズ妙味
202644081210,2026-08-12,10,アルミンテソーロ,13.0,8.0,安藤洋一,56.0,,16.0,4.0,大井,東京スポーツ賞競走(B3),12.0,3.0,大井,狸穴坂賞競走(B3),1.0,2.0,大井,C1三　四五(C1四),3.0,1.0,大井,C1二　三四(C1三),1.0,4.0,大井,C1七　八九(C1八),29.3,9.0,,nar,2026-08-12,31.18,45.3,10.3,44.7,0.0,44.0,45,履歴少 / 市場オッズ妙味
202650081210,2026-08-12,10,アースインハマー,2.0,2.0,吉村智洋,57.0,,1.0,1.0,園田,C1,12.0,10.0,2東京4,3歳1勝クラス,9.0,5.0,1中山8,3歳1勝クラス,1.0,2.0,3福島2,2歳新馬,,,,,1.7,1.0,,nar,2026-08-12,54.27,61.4,41.1,45.0,88.0,48.2,45,履歴少 / 近走上向き
202642081210,2026-08-12,10,ウインブリエ,4.0,4.0,吉留孝司,53.0,,4.0,6.0,川崎,エベレスト賞(C1),6.0,7.0,浦和,トワイライトマジック(C1),2.0,7.0,浦和,栗橋宿特別(C1),14.0,11.0,船橋,ほたる特別(C1),12.0,7.0,浦和,薫風特別(B3C1),22.4,5.0,,nar,2026-08-12,57.23,57.5,56.2,50.2,77.0,56.3,45,履歴少 / 近走上向き / 市場オッズ妙味
202650081210,2026-08-12,10,エイシンエラン,8.0,7.0,大山真吾,57.0,,5.0,3.0,園田,ベゴニア賞C1,2.0,7.0,園田,C1,6.0,3.0,園田,3月22日はばんえい(B2),7.0,9.0,姫路,青馬ひすみ☆配信記念(B2),5.0,4.0,姫路,B2,44.5,5.0,,nar,2026-08-12,58.36,70.1,51.6,65.7,50.0,56.9,45,履歴少 / 安定感 / 市場オッズ妙味
202650081210,2026-08-12,10,エイシンホユプ,7.0,7.0,小牧太,55.0,,11.0,11.0,園田,ハナモモ賞B2,8.0,5.0,姫路,B2,1.0,4.0,姫路,アネモネ賞C1一,2.0,1.0,園田,C1一,2.0,3.0,園田,大名草スプリントC1,45.8,6.0,,nar,2026-08-12,46.56,59.7,48.6,44.7,3.5,56.3,45,履歴少 / 市場オッズ妙味
202630081210,2026-08-12,10,エスカルチャ,2.0,2.0,小川悠汰,54.0,,6.0,8.0,門別,3歳以上C3ー2C4,6.0,7.0,門別,3歳以上C3ー2C4,6.0,7.0,門別,グランシャリオドリー(C3),11.0,8.0,門別,グランシャリオドリー(C3),8.0,11.0,門別,骨密度ならMBP賞(C3),66.8,12.0,,nar,2026-08-12,47.87,52.5,56.5,0.0,60.5,56.1,45,履歴少
202647081210,2026-08-12,10,エバーシンス,3.0,3.0,細川智史,56.0,,2.0,5.0,名古屋,ガントリーハーバー特(A),3.0,2.0,名古屋,アクアマリンOP(A),6.0,1.0,笠松,撫子争覇(重賞),2.0,5.0,名古屋,コスモ大空特別(A),5.0,2.0,名古屋,皐月疾風特別(A),3.2,2.0,,nar,2026-08-12,63.39,81.2,48.6,80.2,62.0,53.0,45,履歴少 / 安定感
202630081210,2026-08-12,10,エマダイヤモンド,12.0,8.0,小野楓馬,55.0,,1.0,2.0,門別,ハロー!Lexing(C4),2.0,4.0,門別,3歳以上C4ー2,2.0,7.0,門別,3歳以上C4ー2,9.0,6.0,門別,3歳以上C4ー2,9.0,7.0,名古屋,C22組,7.4,4.0,,nar,2026-08-12,67.67,80.5,58.0,75.1,77.0,60.5,45,履歴少 / 近走上向き / 安定感
202630081210,2026-08-12,10,エリオットゲーム,4.0,4.0,藤田凌駕,55.0,,4.0,7.0,門別,3歳以上C3ー2C4,5.0,4.0,門別,3歳以上C3ー2C4,3.0,7.0,門別,3歳以上C3ー2C4,10.0,5.0,門別,グランシャリオドリー(C3),6.0,4.0,門別,骨密度ならMBP賞(C3),15.0,7.0,,nar,2026-08-12,61.08,66.9,53.6,75.1,62.0,60.9,45,履歴少 / 安定感 / 市場オッズ妙味
202644081210,2026-08-12,10,エースアビリティ,5.0,4.0,谷内貫太,55.0,,15.0,11.0,大井,三宅坂賞競走(B3),7.0,8.0,大井,ケンタウルス賞競走(B2),14.0,11.0,大井,アーバンステージ卯月(B2B3),8.0,3.0,大井,スノードロップ賞競走(B2),1.0,2.0,大井,日向坂賞競走(B3),118.9,13.0,,nar,2026-08-12,29.57,29.7,34.7,10.3,5.0,47.0,45,履歴少
202647081210,2026-08-12,10,オニマル,4.0,4.0,馬渕繁治,58.0,,8.0,4.0,笠松,ひまわり特別(A),7.0,5.0,笠松,夏空特別(A),6.0,2.0,笠松,木曽川特別(A),3.0,3.0,笠松,小栗孝一M(A),4.0,1.0,笠松,今年もきしめん食べな(A),39.0,7.0,,nar,2026-08-12,41.62,58.3,30.3,24.9,32.0,47.8,45,履歴少 / 市場オッズ妙味
202630081210,2026-08-12,10,カセノフォルス,6.0,5.0,桑村真明,57.0,,3.0,4.0,門別,3歳以上C3ー2C4,1.0,1.0,門別,3歳以上C4ー2,2.0,5.0,門別,3歳以上C4ー2,11.0,4.0,門別,グランシャリオドリー(C4),1.0,1.0,門別,3歳条件未勝利(未勝利),4.6,2.0,,nar,2026-08-12,63.64,81.9,49.1,85.4,54.5,54.5,45,履歴少 / 安定感
202642081210,2026-08-12,10,クインズステラ,9.0,7.0,中山遥人,52.0,,3.0,2.0,浦和,ルビー特別(C1),3.0,1.0,浦和,栗橋宿特別(C1),6.0,2.0,浦和,エメラルド特別(C1),2.0,2.0,浦和,雛芥子特別(C1),,,浦和,C1三,8.6,3.0,,nar,2026-08-12,58.27,80.0,37.6,69.9,54.0,53.5,45,履歴少 / 安定感
202642081210,2026-08-12,10,クラレーヴ,2.0,2.0,本橋孝太,55.0,,1.0,6.0,浦和,夕凪特別(C1),3.0,3.0,船橋,7月5日は、江戸切子(C1),12.0,6.0,船橋,イナヅマダッシュ(C1),7.0,2.0,船橋,オータムスプリント(C1二),4.0,3.0,浦和,C1三,33.3,8.0,,nar,2026-08-12,60.11,69.1,46.5,65.7,83.0,51.8,45,履歴少 / 近走上向き / 安定感 / 市場オッズ妙味
202647081210,2026-08-12,10,クロッチ,5.0,5.0,大原浩司,58.0,,6.0,5.0,笠松,ひまわり特別(A),3.0,7.0,笠松,木曽川特別(A),7.0,8.0,笠松,飛騨OP(A),7.0,9.0,笠松,小栗孝一M(A),1.0,4.0,笠松,鵜舟特別(A),46.5,8.0,,nar,2026-08-12,55.72,67.4,60.4,35.3,41.0,62.1,45,履歴少 / 市場オッズ妙味
202642081210,2026-08-12,10,グランカッサ,1.0,1.0,保園翔也,53.0,,11.0,2.0,浦和,菖蒲月特別(B3),13.0,9.0,3中山6,4歳以上1勝クラス,12.0,11.0,1東京3,4歳以上1勝クラス,12.0,6.0,3福島4,3歳以上1勝クラス,1.0,10.0,3新潟1,3歳未勝利,28.9,6.0,,nar,2026-08-12,29.06,21.5,22.9,10.3,41.0,49.1,45,履歴少 / 市場オッズ妙味
202644081210,2026-08-12,10,ケイアイエルナト,2.0,2.0,矢野貴之,56.0,,1.0,2.0,大井,C1二　三四(C1三),9.0,3.0,大井,百反坂賞競走(B3),4.0,2.0,大井,芋洗坂賞競走(B3),1.0,2.0,大井,C1四　五六(C1五),3.0,2.0,大井,C1二　三四(C1三),3.9,2.0,,nar,2026-08-12,60.17,77.7,39.2,75.1,69.5,51.2,45,履歴少 / 近走上向き / 安定感
202647081210,2026-08-12,10,ゴーゴーバースデイ,8.0,8.0,塚本征吾,56.0,,2.0,4.0,笠松,風鈴特別(A),10.0,7.0,笠松,撫子争覇(重賞),3.0,2.0,笠松,神通川特別(A),5.0,6.0,金沢,お松の方賞(重賞),3.0,2.0,笠松,笠松けいば金曜日ライ(A),10.4,4.0,,nar,2026-08-12,61.21,70.1,47.9,75.1,69.5,58.7,45,履歴少 / 近走上向き / 安定感
202647081210,2026-08-12,10,ゴールドボンド,2.0,2.0,丸野勝虎,58.0,,4.0,4.0,名古屋,文月疾風特別(A),5.0,5.0,園田,園田FCスプリント(重賞),9.0,3.0,園田,さつき特別AB,2.0,3.0,姫路,ひょうご雪姫ポーク特,1.0,2.0,姫路,徳島県阿波とん豚特別,3.5,3.0,,nar,2026-08-12,57.98,70.9,43.4,80.2,51.5,52.7,45,履歴少 / 安定感
202644081210,2026-08-12,10,サトノエンパイア,4.0,3.0,和田譲治,56.0,,5.0,6.0,大井,三宅坂賞競走(B3),6.0,7.0,大井,潮見坂賞競走(B3),5.0,6.0,大井,BSイレブン賞競走(B3),5.0,4.0,大井,桂坂賞競走(B3),4.0,7.0,大井,行人坂賞競走(B3),28.0,8.0,,nar,2026-08-12,60.1,66.8,56.4,75.1,50.0,59.5,45,履歴少 / 安定感 / 市場オッズ妙味
202630081210,2026-08-12,10,ジャスパーエイト,1.0,1.0,石川倭,57.0,,5.0,6.0,門別,夏秋どりいちごすずあ(C3),5.0,4.0,門別,レジェンド・折茂社長(C3),4.0,8.0,門別,日高町水道協会特別(C3),10.0,7.0,門別,バターが切れTENズ(C3),9.0,5.0,門別,カーネーション特別(C3),33.9,11.0,,nar,2026-08-12,57.47,60.4,50.0,75.1,62.0,54.3,45,履歴少 / 安定感 / 市場オッズ妙味
202630081210,2026-08-12,10,ジューンランド,5.0,5.0,落合玄太,55.0,,2.0,3.0,門別,3歳以上C3ー2C4,1.0,1.0,門別,道産子ポイントガード(C4),2.0,1.0,門別,とみくるマルシェ賞(C4),5.0,2.0,門別,3歳以上C4ー2,2.0,1.0,門別,ウツギ特別(C4),3.0,1.0,,nar,2026-08-12,66.76,90.5,47.0,100.0,53.0,52.1,45,履歴少 / 安定感
202642081210,2026-08-12,10,ジョセフィーナ,10.0,8.0,高橋利幸,55.0,,7.0,7.0,船橋,盆踊り賞(B3),2.0,8.0,船橋,トルコキキョウ特別(B3),6.0,11.0,川崎,ジューンスター賞(B2B3),8.0,7.0,船橋,富里特別(B3),9.0,4.0,船橋,エメラルドマイル(B3),50.3,10.0,,nar,2026-08-12,52.96,60.7,62.7,24.9,45.5,56.8,45,履歴少
202647081210,2026-08-12,10,センゴクブショウ,1.0,1.0,渡辺竜也,58.0,,1.0,1.0,笠松,風鈴特別(A),1.0,1.0,笠松,揖斐川特別(A),1.0,1.0,笠松,水無月特別(B),1.0,2.0,笠松,小瀬鵜飼特別(AB),7.0,4.0,笠松,ヤマモミジ特別(A),2.4,1.0,,nar,2026-08-12,68.01,95.0,48.9,89.7,59.0,52.4,45,履歴少 / 安定感
202642081210,2026-08-12,10,ダイバオーソ,8.0,7.0,藤江渉,57.0,,11.0,11.0,浦和,浦和競馬LIVE賞(B3),7.0,11.0,浦和,荒川特別(B3),9.0,11.0,浦和,薫風特別(B3C1),11.0,10.0,船橋,エメラルドマイル(B3),8.0,9.0,浦和,まるまるひがしにほん(B3),140.7,11.0,,nar,2026-08-12,40.6,33.6,59.4,0.0,36.5,57.4,45,履歴少
202642081210,2026-08-12,10,ツェルニー,3.0,3.0,秋元耕成,55.0,,6.0,9.0,浦和,浦和競馬LIVE賞(B3),10.0,4.0,浦和,蒲公英特別(B3),6.0,6.0,浦和,桜月特別(B3),11.0,2.0,浦和,可能性は無限大マイル(B3),2.0,3.0,浦和,初見月特別(B3),31.3,7.0,,nar,2026-08-12,42.37,49.5,37.4,10.3,57.5,49.1,45,履歴少 / 市場オッズ妙味
202642081210,2026-08-12,10,ツガノショウグン,7.0,6.0,及川烈,55.0,,7.0,8.0,浦和,ルビー特別(C1),1.0,2.0,浦和,粕壁宿特別(C1),3.0,8.0,浦和,双子座特別(C1),5.0,5.0,浦和,特選(C1),4.0,5.0,浦和,C1四,38.0,9.0,,nar,2026-08-12,60.55,75.1,61.5,69.6,27.5,61.5,45,履歴少 / 安定感 / 市場オッズ妙味
202642081210,2026-08-12,10,ツーピース,5.0,5.0,室陽一朗,55.0,,16.0,15.0,2小倉4,九州スポーツ杯(2勝クラス),13.0,13.0,3阪神3,安芸特別(2勝クラス),1.0,1.0,園田,JRA交流由良川特別,8.0,7.0,1阪神9,4歳以上1勝クラス,9.0,10.0,1小倉10,4歳以上1勝クラス,7.4,2.0,,nar,2026-08-12,35.1,30.9,47.6,19.8,0.5,57.9,45,履歴少
202644081210,2026-08-12,10,ディルムッド,9.0,6.0,西啓太,56.0,,9.0,6.0,大井,犬坂賞競走(B3),6.0,6.0,大井,桂坂賞競走(B3),1.0,2.0,大井,START!賞競走(C1),2.0,2.0,大井,北極星特別競走(C1),4.0,4.0,大井,赤坂見附特別競走(C1),36.6,10.0,,nar,2026-08-12,48.96,66.9,45.0,44.7,15.5,55.0,45,履歴少 / 市場オッズ妙味
202630081210,2026-08-12,10,トレビアンクリール,3.0,3.0,宮内勇樹,57.0,,7.0,8.0,門別,グランシャリオドリー(C3),6.0,7.0,門別,大人になった内藤耀悠(C3),9.0,9.0,門別,グランシャリオドリー(C3),,,門別,ステラヴェローチェ賞(C3),5.0,7.0,門別,3歳以上C3ー2C4,14.9,6.0,,nar,2026-08-12,48.78,52.6,56.2,10.3,48.0,64.7,45,履歴少 / 市場オッズ妙味
202630081210,2026-08-12,10,トーケンジンロック,11.0,8.0,亀井洋司,57.0,,1.0,6.0,門別,グランシャリオドリー(C4),5.0,4.0,門別,リョウブ特別(C4),9.0,1.0,門別,アヤメ特別(C4),10.0,6.0,2中山8,3歳未勝利,4.0,13.0,2中山2,3歳未勝利,6.9,3.0,,nar,2026-08-12,61.59,66.4,50.3,65.7,86.0,58.9,45,履歴少 / 近走上向き / 安定感
202647081210,2026-08-12,10,ニホンピロポート,7.0,7.0,向山牧,55.0,,3.0,9.0,笠松,風鈴特別(A),11.0,10.0,笠松,撫子争覇(重賞),2.0,5.0,笠松,神通川特別(A),2.0,4.0,笠松,アジサイ特別(A),4.0,6.0,笠松,鵜匠特別(A),19.8,5.0,,nar,2026-08-12,66.65,70.0,68.7,75.1,60.5,70.0,45,履歴少 / 人気以上に走る傾向 / 安定感 / 過小評価傾向
202642081210,2026-08-12,10,パブリックスフィア,6.0,6.0,野畑凌,57.0,,1.0,1.0,浦和,トワイライトマジック(C1),2.0,1.0,浦和,宮沢湖特別(C1),1.0,1.0,浦和,ラベンダー特別(C2),3.0,1.0,浦和,牡牛座特別(C2),1.0,1.0,浦和,C2三　四,1.4,1.0,,nar,2026-08-12,67.85,95.7,46.2,100.0,54.5,49.5,45,履歴少 / 安定感
202650081210,2026-08-12,10,ピンクマルガリータ,10.0,8.0,高橋洸佑,52.0,,6.0,7.0,園田,C1,9.0,5.0,園田,B2,10.0,8.0,園田,B2,7.0,10.0,園田,ハナモモ賞B2,6.0,3.0,姫路,スノードロップ賞B2,62.6,7.0,,nar,2026-08-12,42.39,46.5,43.3,0.0,62.0,50.2,45,履歴少
202642081210,2026-08-12,10,ピーチピーチ,11.0,8.0,櫻井光輔,52.0,,3.0,4.0,浦和,ツインマッチ特別(3歳),2.0,2.0,浦和,浦和宿特別(3歳),4.0,6.0,浦和,ポピー特別(3歳),3.0,7.0,船橋,ハートは、震えている(3歳),6.0,6.0,浦和,ツインメイト特別(3歳),12.1,4.0,,nar,2026-08-12,68.02,81.9,59.0,89.7,54.5,65.2,45,履歴少 / 安定感 / 過小評価傾向 / 市場オッズ妙味
202650081210,2026-08-12,10,ブリッツェンシチー,5.0,5.0,下原理,57.0,,6.0,9.0,園田,C1,3.0,5.0,園田,C1一,3.0,12.0,園田,C1,8.0,10.0,園田,マリーゴールド賞C1,6.0,8.0,園田,B2,72.2,8.0,,nar,2026-08-12,61.61,68.4,75.8,44.7,44.0,65.2,45,履歴少 / 人気以上に走る傾向 / 過小評価傾向
202650081210,2026-08-12,10,ブルーデイジー,4.0,4.0,佐々木世,53.0,,12.0,10.0,園田,C1,8.0,8.0,園田,C1一,9.0,8.0,園田,B2二,7.0,8.0,園田,青馬ひすみ☆配信記念(B2),8.0,6.0,園田,カサブランカ賞B2,895.8,10.0,,nar,2026-08-12,34.77,33.9,43.9,0.0,26.0,50.9,45,履歴少
202650081210,2026-08-12,10,ヘルツアス,3.0,3.0,山本咲希,56.0,,1.0,1.0,園田,C1二,1.0,4.0,園田,C2一,16.0,17.0,2東京10,4歳以上1勝クラス,11.0,9.0,1福島2,燧ヶ岳特別(1勝クラス),15.0,12.0,1小倉1,4歳以上1勝クラス,3.3,2.0,,nar,2026-08-12,59.64,58.2,52.4,55.3,100.0,54.4,45,履歴少 / 近走上向き
202644081210,2026-08-12,10,ベイビーゲート,12.0,7.0,西優哉,53.0,,13.0,7.0,大井,東京スポーツ賞競走(B3),4.0,3.0,大井,富士見坂賞競走(B3),7.0,3.0,大井,リキラリアット賞競走(B3),3.0,2.0,大井,ゴールデンステッキ賞(B3),9.0,2.0,大井,別所坂賞競走(B3),24.5,6.0,,nar,2026-08-12,34.9,46.4,23.9,39.5,6.5,44.0,45,履歴少 / 市場オッズ妙味
202630081210,2026-08-12,10,ベルテオドーラ,9.0,7.0,近藤翔月,54.0,,7.0,4.0,門別,ホクレングリーンプラ(C3),1.0,6.0,門別,3歳以上C4ー2,5.0,5.0,門別,3歳以上C4ー2,,,門別,3歳以上C4ー2,5.0,3.0,門別,3歳以上C4ー2,31.9,10.0,,nar,2026-08-12,54.9,71.6,51.0,55.0,30.0,56.3,45,履歴少 / 市場オッズ妙味
202647081210,2026-08-12,10,ボールドホーク,6.0,6.0,加藤聡一,58.0,,7.0,6.0,笠松,ひまわり特別(A),1.0,5.0,笠松,長良川特別(A),5.0,8.0,笠松,神通川特別(A),8.0,6.0,笠松,アジサイ特別(A),7.0,4.0,笠松,笠松けいば金曜日ライ(A),23.7,6.0,,nar,2026-08-12,54.19,66.0,54.8,44.7,39.5,56.9,45,履歴少 / 市場オッズ妙味
202630081210,2026-08-12,10,マルティネーテ,7.0,6.0,阿部龍,55.0,,1.0,1.0,門別,ホクレンパールライス(C4),2.0,2.0,門別,3歳以上C4ー2,3.0,1.0,門別,3歳以上C4ー2,4.0,3.0,門別,とみくるマルシェ賞(C4),2.0,2.0,門別,えんどう豆生まれドリ(C4),9.2,5.0,,nar,2026-08-12,68.25,90.5,46.2,100.0,60.5,57.5,45,履歴少 / 安定感
202644081210,2026-08-12,10,メイショウタビズキ,14.0,8.0,藤田凌,56.0,,2.0,3.0,大井,三宅坂賞競走(B3),3.0,3.0,大井,淡路坂賞競走(B3),3.0,5.0,大井,BSイレブン賞競走(B3),10.0,3.0,大井,丸の内坂賞競走(B3),1.0,1.0,大井,C1三　四五(C1四),6.2,4.0,,nar,2026-08-12,63.93,79.9,47.7,85.4,63.5,55.2,45,履歴少 / 安定感
202650081210,2026-08-12,10,メイショウマゴイチ,6.0,6.0,川原正一,57.0,,3.0,5.0,園田,C1,1.0,8.0,園田,C1二,9.0,3.0,園田,アジサイ賞C1,2.0,3.0,園田,C2一,1.0,2.0,園田,C2二,24.1,4.0,,nar,2026-08-12,65.8,81.3,59.9,80.2,51.5,59.5,45,履歴少 / 安定感 / 市場オッズ妙味
202650081210,2026-08-12,10,モイル,1.0,1.0,井上幹太,55.0,,4.0,8.0,園田,C1,8.0,9.0,園田,B2二,6.0,12.0,園田,B2,7.0,9.0,園田,B2,8.0,11.0,園田,B2,166.5,9.0,,nar,2026-08-12,59.15,58.1,72.8,30.4,69.5,63.9,45,履歴少 / 人気以上に走る傾向 / 近走上向き
202644081210,2026-08-12,10,ユイノコミチ,8.0,5.0,東原悠善,56.0,,10.0,8.0,大井,ベガ賞競走(B2B3),13.0,10.0,大井,潮見坂賞競走(B3),3.0,6.0,盛岡,夢・希望未来へ前進(B1),5.0,6.0,盛岡,いわてくじ山形村短角(B1),9.0,10.0,水沢,夢・希望未来へ前進(B1),354.1,14.0,,nar,2026-08-12,42.58,39.7,46.4,34.3,35.0,53.5,45,履歴少
202644081210,2026-08-12,10,ユニヴェール,1.0,1.0,吉井章,56.0,,14.0,6.0,大井,東京スポーツ賞競走(B3),13.0,2.0,大井,鼠坂賞競走(B3),2.0,4.0,大井,丸の内坂賞競走(B3),2.0,4.0,大井,C1三　四五(C1四),1.0,3.0,大井,C1六　七,73.7,11.0,,nar,2026-08-12,33.0,42.9,20.0,44.7,0.0,45.0,45,履歴少
202630081210,2026-08-12,10,ラストカノン,8.0,6.0,吉本隆記,55.0,,5.0,7.0,門別,3歳以上C3ー2C4,2.0,6.0,門別,3歳以上C3ー2C4,5.0,10.0,門別,グランシャリオドリー(C3),5.0,10.0,門別,骨密度ならMBP賞(C3),9.0,5.0,門別,ヒナゲシ特別(C3),21.6,9.0,,nar,2026-08-12,67.09,70.7,70.4,89.7,51.5,64.1,45,履歴少 / 人気以上に走る傾向 / 安定感 / 市場オッズ妙味
202644081210,2026-08-12,10,ラブリールチア,3.0,3.0,御神本訓,54.0,,1.0,1.0,大井,マーメイド特別競走(C1),6.0,2.0,大井,神楽坂賞競走(B3),4.0,2.0,大井,木の芽坂賞競走(B3),1.0,1.0,大井,がんばれ!関東の酪農(C1四),2.0,4.0,大井,C1二　三四(C1三),5.0,3.0,,nar,2026-08-12,62.38,84.5,41.7,75.1,63.5,54.2,45,履歴少 / 安定感
202650081210,2026-08-12,10,リマンシテ,9.0,8.0,杉浦健太,55.0,,2.0,3.0,園田,C1,2.0,2.0,園田,3歳A,3.0,3.0,笠松,ラブミーチャン記念(重賞),1.0,1.0,園田,JRA認定アッパート,1.0,3.0,園田,NewBeginni(初出),4.4,3.0,,nar,2026-08-12,69.21,92.4,53.6,100.0,48.5,58.3,45,履歴少 / 安定感
202630081210,2026-08-12,10,ロピア,10.0,7.0,黒澤愛斗,55.0,,4.0,5.0,門別,3歳以上C3ー2C4,6.0,5.0,門別,3歳以上C3ー2C4,4.0,9.0,門別,グランシャリオドリー(C3),10.0,5.0,門別,骨密度ならMBP賞(C3),8.0,6.0,門別,グランシャリオドリー(C3),17.0,8.0,,nar,2026-08-12,56.91,61.7,50.7,50.2,68.0,62.7,45,履歴少 / 近走上向き / 市場オッズ妙味
202644081210,2026-08-12,10,ヴィルミーキスミー,7.0,5.0,達城龍次,54.0,,10.0,4.0,川崎,新緑特別(B3二),1.0,1.0,川崎,ファイナルアンサー賞(B3),7.0,3.0,浦和,桜草特別(B3),5.0,5.0,川崎,大和撫子特別(B3二),4.0,3.0,川崎,大寒特別(B3),77.6,12.0,,nar,2026-08-12,43.48,61.5,31.0,49.8,15.5,46.4,45,履歴少
202650081211,2026-08-12,11,アグネスシュウ,6.0,6.0,新庄海誠,57.0,,6.0,9.0,園田,丹波篠山牛特別B1,11.0,9.0,園田,B1B2,8.0,8.0,園田,B1,6.0,6.0,園田,兵庫馬事畜産特別B1,5.0,5.0,園田,B1,52.0,5.0,,nar,2026-08-12,46.45,47.7,52.9,10.3,59.0,54.1,45,履歴少
202642081211,2026-08-12,11,イナダヒメ,1.0,1.0,町田直希,52.0,,1.0,2.0,浦和,涼月特別(B1),7.0,10.0,浦和,しらさぎ賞[地方交流(重賞),6.0,3.0,浦和,’26ティアラC(A2),1.0,3.0,川崎,大師特別(B1B2),1.0,3.0,浦和,近いがうまい埼玉の牛(B2B3),2.8,1.0,,nar,2026-08-12,63.23,80.1,56.7,55.3,66.5,57.6,45,履歴少 / 近走上向き
202642081211,2026-08-12,11,エスカティア,2.0,2.0,野畑凌,54.0,,7.0,6.0,園田,兵庫サマークイーン賞(重賞),7.0,2.0,浦和,甲武信ヶ岳特別(A2),15.0,11.0,大井,東京シンデレラマイル(重賞),2.0,1.0,川崎,ロジータ記念【地方交(重賞),1.0,3.0,川崎,サルビアC(OP)(3歳),4.8,3.0,,nar,2026-08-12,42.94,52.5,34.0,24.9,45.5,50.8,45,履歴少
202642081211,2026-08-12,11,オメガシンフォニー,5.0,5.0,本橋孝太,56.0,,10.0,6.0,川崎,スパーキングサマーチ(OP)(3歳),3.0,7.0,浦和,しらさぎ賞[地方交流(重賞),3.0,1.0,大井,アメジスト賞競走(A2),7.0,1.0,大井,東京シンデレラマイル(重賞),4.0,7.0,大井,マイルグランプリ競走(重賞),6.4,4.0,,nar,2026-08-12,47.85,61.5,41.7,55.0,15.5,54.7,45,履歴少
202647081211,2026-08-12,11,カワテンマックス,10.0,8.0,今井貴大,57.0,,3.0,5.0,名古屋,名港盃(重賞),4.0,3.0,名古屋,トリトン争覇(重賞),2.0,1.0,名古屋,ウラヌス特別(A),2.0,1.0,名古屋,花菖蒲特別(A),1.0,2.0,名古屋,ポートメテオ特別(A),2.2,1.0,,nar,2026-08-12,65.82,86.4,50.8,100.0,45.5,53.4,45,履歴少 / 安定感
202650081211,2026-08-12,11,キイチオータム,4.0,4.0,廣瀬航,57.0,,3.0,2.0,園田,B1,5.0,6.0,園田,B1,4.0,4.0,園田,B1,,,園田,卯月特別B1B2,5.0,5.0,園田,SKNフラッシュ8☆(B1B2),6.2,3.0,,nar,2026-08-12,63.08,75.5,49.6,85.4,60.0,57.8,45,履歴少 / 安定感
202647081211,2026-08-12,11,キミノハート,9.0,8.0,田野豊三,55.0,,11.0,8.0,園田,兵庫サマークイーン賞(重賞),4.0,8.0,佐賀,佐賀ヴィーナスC(重賞),7.0,8.0,園田,兵庫女王盃(JpnIII),3.0,4.0,高知,レジーナディンヴェル(重賞),8.0,7.0,園田,コウノトリ賞(重賞),20.2,6.0,,nar,2026-08-12,46.48,52.1,52.3,39.5,17.0,57.6,45,履歴少 / 市場オッズ妙味
202647081211,2026-08-12,11,キャッシュブリッツ,6.0,6.0,渡辺竜也,57.0,,2.0,4.0,名古屋,アクアマリンOP(A),5.0,6.0,名古屋,ルビー・サンセットオ(A),5.0,6.0,名古屋,コスモ大空特別(A),2.0,3.0,笠松,春光特別(A),2.0,4.0,笠松,東濃OP(A),9.7,3.0,,nar,2026-08-12,69.69,81.3,59.9,100.0,59.0,64.2,45,履歴少 / 安定感
202647081211,2026-08-12,11,グスタール,2.0,2.0,馬渕繁治,57.0,,4.0,3.0,笠松,サマーC(重賞),1.0,1.0,笠松,木曽川特別(A),9.0,9.0,笠松,オグリキャップ記念(重賞),6.0,4.0,笠松,飛山濃水杯(重賞),1.0,6.0,笠松,マーチC(重賞),11.4,5.0,,nar,2026-08-12,59.84,74.2,49.4,65.7,51.5,61.7,45,履歴少 / 安定感
202647081211,2026-08-12,11,コトシロ,7.0,7.0,深澤杏花,55.0,,3.0,7.0,笠松,サマーC(重賞),3.0,8.0,笠松,撫子争覇(重賞),1.0,7.0,笠松,小栗孝一M(A),7.0,7.0,笠松,岐阜OP(A),5.0,4.0,笠松,春光特別(A),24.7,7.0,,nar,2026-08-12,71.21,80.8,74.8,85.4,56.0,65.4,45,履歴少 / 人気以上に走る傾向 / 安定感 / 過小評価傾向
202630081211,2026-08-12,11,ゴールドアイリーン,4.0,4.0,石川倭,55.0,,1.0,1.0,門別,ラベンダー特別(C4),6.0,5.0,3京都3,2歳未勝利,9.0,5.0,4中山8,2歳新馬,,,,,,,,,1.6,1.0,,nar,2026-08-12,54.59,69.9,40.3,30.4,89.0,46.6,45,履歴少 / 近走上向き
202650081211,2026-08-12,11,ゼットシルヴィア,1.0,1.0,小牧太,55.0,,1.0,1.0,園田,B1,1.0,2.0,園田,B2二,1.0,2.0,園田,アジサイ賞C1,,,園田,マリーゴールド賞C1,4.0,1.0,園田,C1一,1.3,1.0,,nar,2026-08-12,67.97,97.1,51.1,85.4,56.0,50.3,45,履歴少 / 安定感
202642081211,2026-08-12,11,ダヴァンティ,3.0,3.0,山中悠希,52.0,,11.0,9.0,浦和,梅花賞(OP)(4上),10.0,1.0,浦和,師走特別(B1B2),4.0,2.0,浦和,’25ミズナラ賞(A2B1),1.0,4.0,浦和,マルチヒーロー特別(B2B3),6.0,6.0,金沢,楽天ポイントで馬券が(A1),15.9,6.0,,nar,2026-08-12,39.18,48.9,30.3,34.3,15.5,55.3,45,履歴少 / 市場オッズ妙味
202642081211,2026-08-12,11,ツーシャドー,4.0,4.0,篠谷葵,56.0,,8.0,9.0,川崎,スパーキングレディー(JpnIII),7.0,9.0,浦和,プラチナC(重賞),1.0,4.0,浦和,しらさぎ賞[地方交流(重賞),6.0,2.0,浦和,梅花賞(OP)(4上),10.0,10.0,大井,東京シンデレラマイル(重賞),3.6,2.0,,nar,2026-08-12,48.91,57.7,55.7,19.8,38.0,56.8,45,履歴少
202647081211,2026-08-12,11,ディサーニング,5.0,5.0,筒井勇介,57.0,,4.0,7.0,笠松,ひまわり特別(A),9.0,5.0,笠松,小栗孝一M(A),8.0,5.0,高知,祝30周年!SPAT,3.0,4.0,高知,AB混合,5.0,3.0,高知,イシダイ特別(AB),256.4,10.0,,nar,2026-08-12,53.37,60.0,44.8,55.3,63.5,50.2,45,履歴少
202630081211,2026-08-12,11,ドクターストップ,2.0,2.0,宮内勇樹,55.0,,5.0,4.0,門別,グランシャリオドリー(C3),8.0,5.0,門別,グランシャリオドリー(C3),3.0,7.0,門別,道産子企業北海道競馬(C3),10.0,7.0,門別,日高町商工会賞(C3),4.0,10.0,門別,グランシャリオドリー(C3),16.9,4.0,,nar,2026-08-12,56.33,60.2,49.4,60.5,57.5,64.0,45,履歴少 / 安定感 / 市場オッズ妙味
202650081211,2026-08-12,11,ビジュードネージュ,8.0,8.0,小谷周平,55.0,,8.0,2.0,園田,納涼特別B1B2,11.0,15.0,2小倉1,3歳以上1勝クラス,16.0,15.0,1新潟5,石打特別(1勝クラス),12.0,9.0,1中京6,4歳以上1勝クラス,10.0,9.0,1小倉12,4歳以上1勝クラス,3.8,2.0,,nar,2026-08-12,36.53,23.0,39.0,0.0,75.5,51.1,45,履歴少 / 近走上向き
202630081211,2026-08-12,11,ビッグバンドビート,5.0,5.0,小野楓馬,57.0,,11.0,7.0,門別,北海道日高乳業ヨーグ(C3),5.0,8.0,門別,アポイ岳世界ジオパー(C3),6.0,4.0,高知,C3ー4,4.0,4.0,高知,C3ー5,4.0,2.0,高知,C3ー6,38.7,6.0,,nar,2026-08-12,44.68,53.8,42.5,49.8,12.5,53.0,45,履歴少 / 市場オッズ妙味
202647081211,2026-08-12,11,フレスコバルディ,3.0,3.0,塚本征吾,57.0,,1.0,2.0,笠松,ひまわり特別(A),9.0,8.0,名古屋,ルビー・サンセットオ(A),9.0,7.0,名古屋,八仙花雨幻特別(A),7.0,11.0,名古屋,コスモ大空特別(A),6.0,10.0,名古屋,エメラルドOP(A),44.8,8.0,,nar,2026-08-12,57.41,60.3,54.6,30.4,90.5,60.2,45,履歴少 / 近走上向き / 市場オッズ妙味
202630081211,2026-08-12,11,ブリスフルイヤー,3.0,3.0,落合玄太,55.0,,10.0,7.0,1函館7,3歳未勝利,8.0,6.0,1函館3,3歳未勝利,3.0,2.0,1新潟4,3歳未勝利,3.0,12.0,1福島4,3歳未勝利,10.0,10.0,1小倉7,3歳未勝利,2.4,2.0,,nar,2026-08-12,45.38,51.2,47.9,34.3,26.0,55.7,45,履歴少
202650081211,2026-08-12,11,ブーヤカ,3.0,3.0,渡瀬和幸,57.0,,8.0,10.0,園田,丹波篠山牛特別B1,9.0,12.0,園田,B1B2,10.0,9.0,園田,夏至特別A2B1,11.0,5.0,園田,ダリア賞B1B2,4.0,3.0,園田,B1,181.8,7.0,,nar,2026-08-12,42.44,38.7,51.3,10.3,53.0,51.5,45,履歴少
202642081211,2026-08-12,11,プリンセスアリー,8.0,8.0,張田昂,54.0,,9.0,8.0,浦和,文月特別(A2B1),7.0,10.0,浦和,’26ティアラC(A2),8.0,7.0,大井,アメジスト賞競走(A2),7.0,6.0,浦和,新春賞(A2),5.0,11.0,浦和,クリスマスイヴ特別(A2),37.9,9.0,,nar,2026-08-12,44.98,47.2,55.0,10.3,36.5,60.2,45,履歴少 / 市場オッズ妙味
202650081211,2026-08-12,11,プレジールミノル,5.0,5.0,大山真吾,57.0,,6.0,8.0,園田,丹波篠山デカンショ特(B1),10.0,9.0,園田,福山競馬記念B1,8.0,10.0,園田,小野ひまわり特別B1,,,園田,半夏生『明石だこ』特(B1),8.0,8.0,園田,兵庫馬事畜産特別B1,222.5,8.0,,nar,2026-08-12,46.34,45.0,56.2,0.0,66.0,55.9,45,履歴少 / 近走上向き
202647081211,2026-08-12,11,マルヨハルキ,8.0,7.0,望月洵輝,57.0,,5.0,2.0,笠松,サマーC(重賞),1.0,1.0,笠松,神通川特別(A),1.0,1.0,笠松,鵜匠特別(A),8.0,8.0,笠松,飛山濃水杯(重賞),1.0,1.0,笠松,"1,580m戦スター(B)",11.1,4.0,,nar,2026-08-12,60.75,82.1,43.6,85.4,36.5,58.3,45,履歴少 / 安定感
202647081211,2026-08-12,11,マンノライトニング,1.0,1.0,丸野勝虎,57.0,,1.0,1.0,笠松,サマーC(重賞),1.0,1.0,名古屋,小暑前特別(A),3.0,3.0,名古屋,ウラヌス特別(A),3.0,3.0,名古屋,グランプリ・プレリュ(A),3.0,3.0,名古屋,八橋昇竜戦(A),2.6,2.0,,nar,2026-08-12,69.15,92.9,50.0,100.0,59.0,54.1,45,履歴少 / 安定感
202642081211,2026-08-12,11,マーブルマカロン,7.0,7.0,岡村健司,54.0,,7.0,8.0,川崎,スパーキングレディー(JpnIII),10.0,6.0,浦和,しらさぎ賞[地方交流(重賞),5.0,1.0,浦和,’26ティアラC(A2),1.0,2.0,大井,アメジスト賞競走(A2),5.0,6.0,大井,東京シンデレラマイル(重賞),11.9,5.0,,nar,2026-08-12,48.74,57.8,41.4,44.7,39.5,57.3,45,履歴少
202642081211,2026-08-12,11,ミルニュイ,6.0,6.0,佐野遥久,54.0,,15.0,14.0,大井,クリスタルナイト賞競(A2),10.0,9.0,大井,ブラッドストーン賞競(A2B1),2.0,4.0,大井,アメジスト賞競走(A2),4.0,7.0,大井,ジュエリーアイス賞競(A2B1),16.0,14.0,大井,東京シンデレラマイル(重賞),29.6,8.0,,nar,2026-08-12,39.83,36.2,50.5,34.3,8.0,56.9,45,履歴少 / 市場オッズ妙味
202650081211,2026-08-12,11,ヤマニンリジッド,7.0,7.0,井上幹太,57.0,,5.0,7.0,園田,丹波篠山デカンショ特(B1),8.0,6.0,園田,福山競馬記念B1,6.0,10.0,園田,B1,6.0,6.0,園田,B1,5.0,8.0,園田,青馬ひすみ☆配信記念(B1),62.0,6.0,,nar,2026-08-12,55.04,59.3,58.5,40.7,57.5,58.1,45,履歴少
202630081211,2026-08-12,11,ユニコーンホエール,1.0,1.0,阿部龍,57.0,,4.0,6.0,門別,グランシャリオドリー(C3),4.0,7.0,門別,グランシャリオドリー(C3),8.0,6.0,門別,道産子企業北海道競馬(C3),4.0,4.0,門別,3歳以上C3ー2C4,5.0,4.0,門別,グランシャリオドリー(C3),23.1,5.0,,nar,2026-08-12,61.81,68.9,56.0,80.2,57.5,57.6,45,履歴少 / 安定感 / 市場オッズ妙味
202642081211,2026-08-12,11,リヴェルベロ,9.0,8.0,木間塚龍,52.0,,6.0,7.0,川崎,かながわの水がめ宮ヶ(B1B2),5.0,6.0,浦和,甲武信ヶ岳特別(A2),6.0,5.0,大井,オフト京王閣賞競走(B1),9.0,9.0,船橋,ブラッドストーン賞(A2B1),6.0,8.0,大井,アメジスト賞競走(A2),23.9,7.0,,nar,2026-08-12,51.33,58.5,53.9,24.9,53.0,58.2,45,履歴少 / 市場オッズ妙味
202630081211,2026-08-12,11,レーザーベルン,6.0,6.0,岩橋勇二,57.0,,8.0,8.0,門別,北海道日高乳業ヨーグ(C3),9.0,4.0,門別,グランシャリオドリー(C3),6.0,3.0,門別,道産子企業北海道競馬(C3),,,門別,北海優駿〔H1〕(重賞),1.0,2.0,門別,3歳以上C4ー2,14.9,3.0,,nar,2026-08-12,40.82,52.1,35.8,10.3,34.0,55.8,45,履歴少 / 市場オッズ妙味
202647081211,2026-08-12,11,ヴィントミューレ,4.0,4.0,加藤聡一,57.0,,4.0,6.0,笠松,風鈴特別(A),2.0,3.0,笠松,木曽川特別(A),5.0,4.0,笠松,小栗孝一M(A),11.0,11.0,笠松,飛山濃水杯(重賞),4.0,2.0,笠松,美濃OP(A),55.6,9.0,,nar,2026-08-12,61.75,70.2,53.2,85.4,59.0,53.5,45,履歴少 / 安定感
202650081211,2026-08-12,11,ヴォラヴィア,2.0,2.0,小谷哲平,56.0,,4.0,6.0,園田,B1,10.0,5.0,園田,B1,,,園田,半夏生『明石だこ』特(B1),12.0,8.0,3京都8,4歳以上1勝クラス,8.0,8.0,3京都5,鴨川特別(2勝クラス),28.0,4.0,,nar,2026-08-12,47.69,45.3,39.3,30.4,86.0,50.6,45,履歴少 / 近走上向き / 市場オッズ妙味
202630081212,2026-08-12,12,アサガオ,10.0,8.0,宮内勇樹,57.0,,5.0,4.0,門別,3歳以上C3ー2C4,3.0,2.0,門別,3歳以上C3ー2C4,5.0,3.0,門別,3歳以上C3ー2C4,7.0,3.0,門別,グランシャリオドリー(C3),3.0,3.0,門別,骨密度ならMBP賞(C3),3.5,2.0,,nar,2026-08-12,56.8,71.3,39.3,85.4,47.0,50.1,45,履歴少 / 安定感
202650081212,2026-08-12,12,アスピラシオン,6.0,5.0,吉村智洋,56.0,,5.0,4.0,園田,キキョウ賞C2,8.0,3.0,園田,3歳C1一,3.0,1.0,姫路,3歳B,4.0,1.0,姫路,3歳B,1.0,2.0,姫路,養久7ハロン3歳C1,10.2,5.0,,nar,2026-08-12,53.94,69.7,34.0,75.1,44.0,53.4,45,履歴少 / 安定感
202630081212,2026-08-12,12,アドミリング,4.0,4.0,小川悠汰,54.0,,10.0,11.0,門別,3歳以上C3ー2C4,9.0,5.0,笠松,B7組,10.0,3.0,笠松,B級サバイバル,7.0,7.0,笠松,B7組,6.0,3.0,笠松,第3回ウマ娘フジマサ(B),65.1,8.0,,nar,2026-08-12,33.66,36.8,33.3,0.0,38.0,45.0,45,履歴少
202642081212,2026-08-12,12,アルリスカ,2.0,2.0,七夕裕次,55.0,,5.0,3.0,浦和,武甲山特別(B2B3),3.0,6.0,浦和,水芭蕉特別(B2B3),5.0,3.0,浦和,春の月特別(B2B3),7.0,6.0,船橋,アメジスト特別(B3),3.0,5.0,浦和,栃木県畜産協会長賞特(B2B3),9.2,5.0,,nar,2026-08-12,60.35,71.3,48.6,85.4,47.0,59.4,45,履歴少 / 安定感
202630081212,2026-08-12,12,アンエクスプロード,8.0,7.0,落合玄太,57.0,,7.0,6.0,門別,3歳以上C3ー2C4,2.0,5.0,門別,3歳以上C3ー2C4,4.0,8.0,門別,グランシャリオドリー(C3),12.0,12.0,門別,グランシャリオドリー(C3),9.0,12.0,門別,骨密度ならMBP賞(C3),15.2,4.0,,nar,2026-08-12,56.3,59.2,60.8,44.7,48.5,67.4,45,履歴少 / 過小評価傾向 / 市場オッズ妙味
202642081212,2026-08-12,12,イエヴァンポルッカ,5.0,5.0,赤津和希,55.0,,10.0,11.0,浦和,"ハロー,ウラワールド(B2B3)",7.0,10.0,川崎,半夏生特別(B3二),7.0,8.0,浦和,円良田湖特別(B3),9.0,11.0,浦和,菖蒲月特別(B3),11.0,10.0,船橋,新緑特別(B2B3),283.4,10.0,,nar,2026-08-12,42.81,39.1,60.1,0.0,41.0,57.4,45,履歴少
202650081212,2026-08-12,12,エクヴァータル,2.0,2.0,笹田知宏,56.0,,7.0,1.0,園田,キキョウ賞C2,1.0,1.0,園田,3歳C1一,,,園田,3歳C1一,2.0,4.0,園田,3歳C1二,14.0,12.0,1阪神3,3歳未勝利,4.3,2.0,,nar,2026-08-12,48.72,67.5,34.8,39.5,42.0,51.3,45,履歴少
202650081212,2026-08-12,12,エムザックドリーム,8.0,6.0,佐々木世,53.0,,2.0,10.0,園田,キキョウ賞C2,9.0,4.0,園田,C2,5.0,5.0,園田,C2,4.0,7.0,園田,C2,7.0,7.0,園田,C2一,13.6,7.0,,nar,2026-08-12,63.87,66.8,61.4,64.7,75.5,65.0,45,履歴少 / 近走上向き / 安定感 / 過小評価傾向
202650081212,2026-08-12,12,エルナンデス,11.0,8.0,廣瀬航,57.0,,4.0,2.0,園田,キキョウ賞C2,4.0,1.0,園田,C2,2.0,3.0,姫路,C1,1.0,2.0,姫路,魁!競馬塾修了試験賞(C2),3.0,1.0,姫路,ローズマリー賞C2,5.4,3.0,,nar,2026-08-12,62.3,83.5,41.5,100.0,41.0,53.9,45,履歴少 / 安定感
202642081212,2026-08-12,12,コウジョリョウゾク,9.0,8.0,秋元耕成,55.0,,12.0,16.0,2小倉2,西部日刊スポーツ杯(2勝クラス),12.0,10.0,2阪神1,4歳以上2勝クラス,10.0,11.0,1阪神10,4歳以上2勝クラス,1.0,8.0,5中京4,3歳以上1勝クラス,7.0,10.0,5中京1,3歳以上1勝クラス,7.8,4.0,,nar,2026-08-12,43.19,32.1,65.7,14.6,23.0,67.2,45,履歴少 / 人気以上に走る傾向 / 過小評価傾向
202650081212,2026-08-12,12,ゴールデンロンドン,10.0,7.0,塩津璃菜,53.0,,5.0,10.0,園田,C2,3.0,7.0,園田,キキョウ賞C2,5.0,5.0,園田,C2,2.0,4.0,園田,C2,5.0,6.0,園田,C2,18.0,8.0,,nar,2026-08-12,69.68,75.5,70.4,100.0,42.5,71.8,45,履歴少 / 人気以上に走る傾向 / 安定感 / 過小評価傾向
202630081212,2026-08-12,12,サイアミーズ,7.0,7.0,小野楓馬,57.0,,3.0,1.0,門別,3歳以上C3ー2C4,1.0,1.0,門別,3歳以上C4ー2,1.0,2.0,門別,推しウマ探せ!おひさ(C4),,,,,,,,,2.0,1.0,,nar,2026-08-12,62.6,93.5,46.2,75.1,38.0,51.9,45,履歴少 / 安定感
202642081212,2026-08-12,12,サンズ,4.0,4.0,野畑凌,55.0,,3.0,1.0,浦和,相月特別(B2B3),6.0,3.0,浦和,鎌北湖特別(B2),3.0,1.0,浦和,花の宴特別(B3),1.0,1.0,浦和,桜月特別(B3),1.0,1.0,浦和,初花月特別(C1),4.5,2.0,,nar,2026-08-12,58.61,82.0,37.7,75.1,48.5,51.9,45,履歴少 / 安定感
202650081212,2026-08-12,12,シンゼンハチマン,12.0,8.0,大山真吾,57.0,,6.0,7.0,園田,C2,4.0,7.0,園田,C2一,7.0,9.0,園田,青馬ひすみ☆モヤシか(C2),7.0,3.0,園田,C2一,1.0,1.0,園田,橋下美好☆来場記念C(C2),10.9,6.0,,nar,2026-08-12,54.19,65.4,56.0,35.3,42.5,61.5,45,履歴少
202642081212,2026-08-12,12,スピンディエゴール,3.0,3.0,町田直希,57.0,,3.0,2.0,浦和,"ハロー,ウラワールド(B2B3)",2.0,1.0,浦和,武甲山特別(B2B3),2.0,2.0,浦和,水芭蕉特別(B2B3),1.0,1.0,浦和,浦和×ばんえいコラボ(B2B3),2.0,2.0,浦和,春の月特別(B2B3),2.0,1.0,,nar,2026-08-12,65.31,90.7,46.1,100.0,42.5,51.7,45,履歴少 / 安定感
202642081212,2026-08-12,12,セイノスケ,10.0,8.0,張田昂,55.0,,6.0,6.0,川崎,アルタイル賞(B2B3),4.0,4.0,浦和,"ハロー,ウラワールド(B2B3)",1.0,1.0,浦和,雲取山特別(C1),2.0,7.0,船橋,花柘榴賞(C1),3.0,4.0,浦和,エメラルド特別(C1),10.2,6.0,,nar,2026-08-12,60.79,79.0,55.8,69.6,29.0,63.8,45,履歴少 / 安定感
202642081212,2026-08-12,12,タロサンダー,1.0,1.0,山中悠希,55.0,,8.0,5.0,浦和,鈴蘭特別(B3),8.0,6.0,船橋,花まつり特別(B3),6.0,3.0,川崎,早花咲月特別(B3二),6.0,3.0,浦和,可能性は無限大マイル(B3),6.0,3.0,川崎,雪化粧特別(B3),40.4,7.0,,nar,2026-08-12,37.73,51.1,30.7,0.0,41.0,47.2,45,履歴少 / 市場オッズ妙味
202630081212,2026-08-12,12,ダイヤノゴトク,6.0,6.0,石川倭,55.0,,6.0,3.0,門別,グランシャリオドリー(C4),3.0,4.0,門別,3歳以上C4ー2,4.0,5.0,門別,道産子ポイントガード(C4),5.0,5.0,門別,門別温泉とねっこの湯(C4),4.0,6.0,門別,えんどう豆生まれドリ(C4),20.8,6.0,,nar,2026-08-12,57.1,72.0,48.2,69.6,38.0,56.9,45,履歴少 / 安定感 / 市場オッズ妙味
202630081212,2026-08-12,12,チャンピオンホース,9.0,8.0,黒澤愛斗,57.0,,12.0,10.0,門別,3歳以上C3ー2C4,9.0,7.0,門別,アポイ岳世界ジオパー(C3),1.0,1.0,門別,3歳以上C4ー2,5.0,6.0,門別,3歳以上C4ー2,,11.0,3中山1,3歳未勝利,46.8,7.0,,nar,2026-08-12,40.53,47.2,42.5,34.3,8.0,53.9,45,履歴少 / 市場オッズ妙味
202630081212,2026-08-12,12,テリオスミナ,1.0,1.0,岩橋勇二,55.0,,8.0,7.0,門別,3歳以上C3ー2C4,8.0,9.0,門別,3歳以上C3ー2C4,7.0,7.0,門別,3歳以上C3ー2C4,7.0,9.0,門別,グランシャリオドリー(C3),5.0,6.0,門別,オオデマリ特別(C3),79.4,9.0,,nar,2026-08-12,44.96,49.2,52.4,10.3,42.5,55.5,45,履歴少
202642081212,2026-08-12,12,デーレーチョップ,7.0,7.0,佐野遥久,55.0,,7.0,6.0,川崎,夏草特別(B3二),6.0,8.0,川崎,アルタイル賞(B2B3),7.0,6.0,川崎,カペラ賞(B2B3),5.0,8.0,川崎,第39回開成町阿波お(B2B3),10.0,10.0,川崎,プロキオン賞(B2B3),42.3,8.0,,nar,2026-08-12,48.21,53.8,53.0,14.6,50.0,58.2,45,履歴少 / 市場オッズ妙味
202650081212,2026-08-12,12,トコトコクマチ,3.0,3.0,杉浦健太,56.0,,6.0,3.0,園田,キキョウ賞C2,9.0,6.0,3京都6,3歳未勝利,8.0,9.0,1新潟2,3歳未勝利,5.0,13.0,2阪神5,3歳未勝利,13.0,10.0,1阪神5,3歳未勝利,6.7,4.0,,nar,2026-08-12,46.29,46.2,45.8,14.6,66.5,58.1,45,履歴少 / 近走上向き
202650081212,2026-08-12,12,トーラスキング,7.0,6.0,福原杏,57.0,,9.0,6.0,園田,C2一,9.0,2.0,園田,C2一,2.0,9.0,園田,C2一,6.0,5.0,姫路,C1,7.0,6.0,園田,C1,23.6,9.0,,nar,2026-08-12,42.2,52.2,39.3,19.8,32.0,53.0,45,履歴少 / 市場オッズ妙味
202630081212,2026-08-12,12,ドリームジャック,3.0,3.0,藤田凌駕,55.0,,4.0,8.0,門別,ホクレングリーンプラ(C3),9.0,9.0,門別,水揚日本一苫小牧産ホ(C3),9.0,5.0,門別,道産子企業北海道競馬(C3),6.0,6.0,門別,グランシャリオドリー(C3),,,門別,ステラヴェローチェ賞(C3),19.0,5.0,,nar,2026-08-12,53.51,53.5,53.3,30.4,74.0,62.2,45,履歴少 / 近走上向き / 市場オッズ妙味
202650081212,2026-08-12,12,ナリタセレーノ,1.0,1.0,小谷哲平,54.0,,2.0,12.0,園田,C2,7.0,9.0,園田,C2一,4.0,8.0,園田,C2,5.0,8.0,園田,敏馬7ハロンC2一,2.0,5.0,園田,スミレ賞C2一,24.5,10.0,,nar,2026-08-12,72.82,75.4,85.5,75.1,65.0,70.6,45,履歴少 / 人気以上に走る傾向 / 近走上向き / 安定感
202650081212,2026-08-12,12,ヒデガミクィーン,9.0,7.0,山本咲希,55.0,,12.0,12.0,園田,C2二,7.0,6.0,園田,3歳C1,3.0,2.0,園田,3歳C1二,1.0,2.0,園田,生琉里町7ハロン3歳(C2),2.0,4.0,園田,キャプテン渡辺&矢作(C2),40.9,11.0,,nar,2026-08-12,45.72,57.3,49.3,44.7,0.0,56.9,45,履歴少 / 市場オッズ妙味
202642081212,2026-08-12,12,ベルガラス,6.0,6.0,岡村健司,57.0,,9.0,11.0,船橋,納涼特別(B2),6.0,9.0,浦和,"ハロー,ウラワールド(B2B3)",8.0,7.0,船橋,流汗淋漓2200(B2B3),2.0,10.0,浦和,鎌北湖特別(B2),5.0,11.0,船橋,ニッコウキスゲ特別(B2B3),100.4,9.0,,nar,2026-08-12,52.28,55.0,70.6,24.9,27.5,65.2,45,履歴少 / 人気以上に走る傾向 / 過小評価傾向
202630081212,2026-08-12,12,ペプチドアバンス,5.0,5.0,阿部龍,57.0,,1.0,4.0,門別,3歳以上C4ー2,6.0,4.0,門別,グランシャリオドリー(C4),15.0,8.0,3京都12,3歳未勝利,14.0,16.0,2阪神8,3歳未勝利,15.0,10.0,2阪神3,3歳未勝利,4.0,3.0,,nar,2026-08-12,49.85,45.3,41.6,30.4,100.0,50.1,45,履歴少 / 近走上向き
202642081212,2026-08-12,12,ホワイトビーチ,8.0,7.0,中山遥人,56.0,,7.0,8.0,3福島6,3歳以上1勝クラス,8.0,7.0,4新潟2,松浜特別(1勝クラス),3.0,6.0,3福島3,二本松特別(1勝クラス),2.0,4.0,4新潟5,岩船特別(1勝クラス),9.0,10.0,4中山9,3歳以上1勝クラス,7.7,3.0,,nar,2026-08-12,53.0,60.5,57.3,34.3,41.0,62.6,45,履歴少
202650081212,2026-08-12,12,ユイアンゴロー,5.0,5.0,松木大地,56.0,,7.0,6.0,園田,C2二,8.0,10.0,園田,3歳C1,10.0,12.0,1新潟5,3歳未勝利,9.0,14.0,1新潟2,3歳未勝利,12.0,9.0,1東京4,3歳未勝利,59.6,12.0,,nar,2026-08-12,44.98,38.8,57.1,0.0,66.5,56.8,45,履歴少 / 近走上向き
202630081212,2026-08-12,12,ユーライナー,2.0,2.0,井上俊彦,55.0,,8.0,9.0,門別,3歳以上C3ー2C4,7.0,6.0,門別,3歳以上C3ー2C4,8.0,8.0,門別,大人になった内藤耀悠(C3),12.0,12.0,門別,日高町商工会賞(C3),9.0,10.0,門別,rapora賞(C3),156.9,10.0,,nar,2026-08-12,42.41,40.5,51.1,0.0,56.0,54.1,45,履歴少
202650081212,2026-08-12,12,ワンダーグァルネリ,4.0,4.0,小牧太,57.0,,3.0,4.0,園田,古森7ハロンC2二,1.0,1.0,園田,C3,4.0,1.0,園田,C3一,2.0,3.0,園田,C3一,3.0,2.0,園田,C3,4.2,1.0,,nar,2026-08-12,65.92,87.6,48.3,100.0,47.0,54.8,45,履歴少 / 安定感
