race_id,日付,レース,馬名,馬番,枠,騎手,斤量,実着順,着順1,人気1,場1,レース名1,着順2,人気2,場2,レース名2,着順3,人気3,場3,レース名3,着順4,人気4,場4,レース名4,着順5,人気5,場5,レース名5,単勝オッズ,人気,オッズ更新日時,source,_date,AREru指数,因子_performance,因子_upset,因子_consistency,因子_trend,因子_value,因子_context,理由
202601010101,2026-07-25,1,アイビーミャーオ,5.0,5.0,☆舟山,54.0,2.0,11.0,4.0,1函館5,3歳未勝利,3.0,3.0,3京都12,3歳未勝利,4.0,6.0,3京都6,3歳未勝利,9.0,9.0,1阪神3,3歳未勝利,9.0,9.0,5中京4,2歳未勝利,3.3,2.0,2026-07-25 10:05:37,jra,2026-07-25,43.07,51.0,37.9,44.7,21.5,51.8,45.0,履歴少
202607020101,2026-07-25,1,アースグリッパー,3.0,3.0,松山,55.0,3.0,4.0,2.0,1函館3,2歳新馬,,,,,,,,,,,,,,,,,8.5,4.0,2026-07-25 09:46:17,jra,2026-07-25,41.11,46.4,37.6,36.3,40.6,38.4,45.0,履歴少 / サンプル少
202607020101,2026-07-25,1,エコロメジャー,6.0,6.0,岩田望,55.0,2.0,3.0,3.0,2福島1,2歳新馬,,,,,,,,,,,,,,,,,7.2,3.0,2026-07-25 09:46:17,jra,2026-07-25,42.65,48.1,40.6,36.3,40.6,40.6,45.0,履歴少 / サンプル少
202607020101,2026-07-25,1,エルダークローネ,5.0,5.0,☆田山,54.0,4.0,2.0,3.0,2小倉2,2歳新馬,,,,,,,,,,,,,,,,,1.9,1.0,2026-07-25 09:46:17,jra,2026-07-25,43.67,49.9,42.2,36.3,40.6,41.7,45.0,履歴少 / サンプル少
202601010101,2026-07-25,1,カッサンドラ,3.0,3.0,横山琉,55.0,3.0,2.0,2.0,1函館8,3歳未勝利,2.0,7.0,1函館4,3歳未勝利,6.0,4.0,1福島6,3歳未勝利,6.0,8.0,1小倉7,3歳未勝利,5.0,10.0,1小倉1,3歳未勝利,2.3,1.0,2026-07-25 10:05:37,jra,2026-07-25,65.54,78.5,61.6,65.7,66.5,60.0,45.0,履歴少 / 近走上向き / 安定感
202601010101,2026-07-25,1,カプリースカラー,1.0,1.0,丹内,55.0,6.0,4.0,8.0,1函館8,3歳未勝利,13.0,5.0,2東京7,3歳未勝利,4.0,6.0,3中山1,3歳未勝利,5.0,8.0,2中山1,3歳未勝利,4.0,15.0,2京都4,3歳未勝利,18.4,6.0,2026-07-25 10:05:37,jra,2026-07-25,61.05,56.9,58.3,75.1,65.0,70.0,45.0,履歴少 / 近走上向き / 安定感 / 過小評価傾向
202601010101,2026-07-25,1,カレンココナ,7.0,7.0,▲小林美,52.0,1.0,9.0,6.0,1函館5,3歳未勝利,4.0,6.0,1小倉9,3歳未勝利,3.0,5.0,1小倉3,3歳未勝利,7.0,14.0,4京都3,2歳新馬,,,,,3.8,3.0,2026-07-25 10:05:37,jra,2026-07-25,52.21,60.3,57.8,44.7,24.0,62.2,45.0,履歴少
202607020101,2026-07-25,1,クイーンズアイ,8.0,8.0,太宰,55.0,6.0,6.0,8.0,2小倉2,2歳新馬,,,,,,,,,,,,,,,,,157.6,9.0,2026-07-25 09:46:17,jra,2026-07-25,41.3,42.8,43.7,29.6,40.6,42.0,45.0,履歴少 / サンプル少
202601010101,2026-07-25,1,クリコイーコ,4.0,4.0,吉田隼,55.0,5.0,7.0,8.0,1函館10,3歳未勝利,7.0,9.0,3京都12,3歳未勝利,9.0,8.0,3京都1,3歳未勝利,6.0,16.0,2阪神1,3歳未勝利,,,,,16.4,5.0,2026-07-25 10:05:37,jra,2026-07-25,50.58,49.8,66.1,0.0,52.0,71.7,45.0,履歴少 / 人気以上に走る傾向 / 過小評価傾向 / 市場オッズ妙味
202604020101,2026-07-25,1,コスモバルムンク,1.0,1.0,菊沢,55.0,6.0,7.0,6.0,2福島3,2歳新馬,,,,,,,,,,,,,,,,,11.4,5.0,2026-07-25 09:59:12,jra,2026-07-25,39.36,41.1,39.1,29.6,40.6,39.5,45.0,履歴少 / サンプル少
202604020101,2026-07-25,1,コルサロ,4.0,4.0,杉原,55.0,4.0,5.0,8.0,2福島3,2歳新馬,,,,,,,,,,,,,,,,,28.5,7.0,2026-07-25 09:59:12,jra,2026-07-25,42.97,44.6,45.3,36.3,40.6,42.0,45.0,履歴少 / サンプル少
202607020101,2026-07-25,1,シャインロード,4.0,4.0,松若,55.0,5.0,8.0,5.0,2小倉2,2歳新馬,,,,,,,,,,,,,,,,,140.1,8.0,2026-07-25 09:46:17,jra,2026-07-25,37.82,39.3,36.0,29.6,40.6,37.3,45.0,履歴少 / サンプル少
202604020101,2026-07-25,1,ソラニワラエバ,3.0,3.0,◇今村,53.0,7.0,4.0,4.0,2福島6,2歳新馬,,,,,,,,,,,,,,,,,11.3,4.0,2026-07-25 09:59:12,jra,2026-07-25,42.16,46.4,40.6,36.3,40.6,40.6,45.0,履歴少 / サンプル少
202601010101,2026-07-25,1,テイクマイハート,2.0,2.0,池添,55.0,8.0,10.0,10.0,1函館9,3歳未勝利,6.0,9.0,1函館3,3歳未勝利,4.0,1.0,名古屋,名古屋CCチェリー賞(3歳),9.0,6.0,1阪神7,3歳未勝利,12.0,7.0,1小倉8,3歳未勝利,19.4,7.0,2026-07-25 10:05:37,jra,2026-07-25,39.42,36.7,46.7,8.9,36.5,57.0,45.0,履歴少 / 市場オッズ妙味
202607020101,2026-07-25,1,テーオージャスミン,7.0,7.0,西塚,55.0,7.0,10.0,8.0,2小倉3,2歳新馬,,,,,,,,,,,,,,,,,87.6,7.0,2026-07-25 09:46:17,jra,2026-07-25,37.35,35.8,37.6,29.6,40.6,38.4,45.0,履歴少 / サンプル少
202607020101,2026-07-25,1,トム,9.0,8.0,◇永島,53.0,9.0,8.0,5.0,2福島6,2歳新馬,,,,,,,,,,,,,,,,,38.7,5.0,2026-07-25 09:46:17,jra,2026-07-25,37.82,39.3,36.0,29.6,40.6,37.3,45.0,履歴少 / サンプル少
202604020101,2026-07-25,1,トリプティーク,5.0,5.0,柴田大,55.0,9.0,9.0,14.0,2福島2,2歳新馬,,,,,,,,,,,,,,,,,196.8,9.0,2026-07-25 09:59:12,jra,2026-07-25,40.93,37.6,48.3,29.6,40.6,42.0,45.0,履歴少 / サンプル少
202604020101,2026-07-25,1,ノシェリー,7.0,7.0,原,55.0,3.0,4.0,7.0,2福島4,2歳新馬,,,,,,,,,,,,,,,,,6.2,3.0,2026-07-25 09:59:12,jra,2026-07-25,43.46,46.4,45.3,36.3,40.6,42.0,45.0,履歴少 / サンプル少
202604020101,2026-07-25,1,フルーツバスケット,2.0,2.0,吉田豊,55.0,2.0,5.0,10.0,3東京6,2歳新馬,,,,,,,,,,,,,,,,,2.8,2.0,2026-07-25 09:59:12,jra,2026-07-25,43.71,44.6,48.3,36.3,40.6,42.0,45.0,履歴少 / サンプル少
202604020101,2026-07-25,1,ランドジャイアンツ,8.0,7.0,大野,55.0,5.0,8.0,11.0,2福島4,2歳新馬,,,,,,,,,,,,,,,,,16.4,6.0,2026-07-25 09:59:12,jra,2026-07-25,40.69,39.3,45.3,29.6,40.6,42.0,45.0,履歴少 / サンプル少
202604020101,2026-07-25,1,レゾルーティオ,10.0,8.0,斎藤,55.0,1.0,3.0,2.0,2福島3,2歳未勝利,4.0,1.0,3阪神2,2歳新馬,,,,,,,,,,,,,2.2,1.0,2026-07-25 09:59:12,jra,2026-07-25,49.31,62.2,38.2,48.4,48.8,46.9,45.0,履歴少 / サンプル少
202607020101,2026-07-25,1,レッドネビュラ,1.0,1.0,吉村,55.0,1.0,6.0,2.0,3阪神2,2歳新馬,,,,,,,,,,,,,,,,,2.5,2.0,2026-07-25 09:46:17,jra,2026-07-25,38.28,42.8,34.5,29.6,40.6,36.2,45.0,履歴少 / サンプル少
202601010101,2026-07-25,1,レヴヴィ,8.0,8.0,松本,55.0,7.0,17.0,13.0,3阪神3,3歳未勝利,14.0,10.0,1中京6,3歳未勝利,14.0,2.0,2京都2,3歳新馬,,,,,,,,,42.0,8.0,2026-07-25 10:05:37,jra,2026-07-25,14.93,0.0,7.3,0.0,32.0,34.6,45.0,履歴少 / 市場オッズ妙味
202601010101,2026-07-25,1,ロングフルスペック,6.0,6.0,古川吉,55.0,4.0,6.0,10.0,1函館5,3歳未勝利,7.0,4.0,2阪神6,3歳未勝利,11.0,16.0,1阪神7,3歳未勝利,5.0,6.0,1阪神2,3歳新馬,,,,,12.6,4.0,2026-07-25 10:05:37,jra,2026-07-25,51.83,50.3,62.5,14.6,60.0,66.5,45.0,履歴少 / 過小評価傾向 / 市場オッズ妙味
202604020101,2026-07-25,1,ローグアン,6.0,6.0,石川,55.0,8.0,12.0,10.0,2福島6,2歳新馬,,,,,,,,,,,,,,,,,239.8,10.0,2026-07-25 09:59:12,jra,2026-07-25,36.37,32.3,37.6,29.6,40.6,38.4,45.0,履歴少 / サンプル少
202607020101,2026-07-25,1,ワイドアイリー,2.0,2.0,幸,55.0,8.0,7.0,10.0,2小倉3,2歳新馬,,,,,,,,,,,,,,,,,45.5,6.0,2026-07-25 09:46:17,jra,2026-07-25,41.18,41.1,45.3,29.6,40.6,42.0,45.0,履歴少 / サンプル少
202604020101,2026-07-25,1,ワンコール,9.0,8.0,石橋脩,55.0,10.0,10.0,7.0,2福島6,2歳新馬,,,,,,,,,,,,,,,,,189.9,8.0,2026-07-25 09:59:12,jra,2026-07-25,36.83,35.8,36.0,29.6,40.6,37.3,45.0,履歴少 / サンプル少
202604020102,2026-07-25,2,アレックスケー,8.0,5.0,石橋脩,55.0,3.0,,,,,,,,,,,,,,,,,,,,,16.6,5.0,2026-07-25 10:27:17,jra,2026-07-25,36.0,35.0,35.0,35.0,35.0,35.0,45.0,履歴少
202604020102,2026-07-25,2,イニシャルポイント,11.0,7.0,原,55.0,2.0,,,,,,,,,,,,,,,,,,,,,4.1,3.0,2026-07-25 10:27:17,jra,2026-07-25,36.0,35.0,35.0,35.0,35.0,35.0,45.0,履歴少
202607020102,2026-07-25,2,エアロクリスタ,1.0,1.0,松山,55.0,3.0,,,,,,,,,,,,,,,,,,,,,6.4,3.0,2026-07-25 10:16:42,jra,2026-07-25,36.0,35.0,35.0,35.0,35.0,35.0,45.0,履歴少
202604020102,2026-07-25,2,エレクトス,1.0,1.0,石川,55.0,8.0,,,,,,,,,,,,,,,,,,,,,76.9,12.0,2026-07-25 10:27:17,jra,2026-07-25,36.0,35.0,35.0,35.0,35.0,35.0,45.0,履歴少
202604020102,2026-07-25,2,オンアロール,13.0,8.0,田口,55.0,11.0,,,,,,,,,,,,,,,,,,,,,17.8,7.0,2026-07-25 10:27:17,jra,2026-07-25,36.0,35.0,35.0,35.0,35.0,35.0,45.0,履歴少
202607020102,2026-07-25,2,コスモルミナ,3.0,3.0,松若,55.0,5.0,,,,,,,,,,,,,,,,,,,,,9.8,5.0,2026-07-25 10:16:42,jra,2026-07-25,36.0,35.0,35.0,35.0,35.0,35.0,45.0,履歴少
202601010102,2026-07-25,2,コックニー,4.0,4.0,丹内,55.0,4.0,8.0,1.0,1函館8,2歳未勝利,2.0,1.0,1函館4,2歳新馬,,,,,,,,,,,,,3.3,1.0,2026-07-25 10:35:37,jra,2026-07-25,39.79,54.1,29.0,31.7,25.7,45.0,45.0,履歴少 / サンプル少
202604020102,2026-07-25,2,コパノフラメンコ,14.0,8.0,柴田大,55.0,6.0,,,,,,,,,,,,,,,,,,,,,43.8,11.0,2026-07-25 10:27:17,jra,2026-07-25,36.0,35.0,35.0,35.0,35.0,35.0,45.0,履歴少
202604020102,2026-07-25,2,サザンキンレンカ,7.0,5.0,丸山,55.0,7.0,,,,,,,,,,,,,,,,,,,,,85.3,13.0,2026-07-25 10:27:17,jra,2026-07-25,36.0,35.0,35.0,35.0,35.0,35.0,45.0,履歴少
202601010102,2026-07-25,2,サノノベリー,1.0,1.0,☆舟山,54.0,8.0,3.0,9.0,1函館9,2歳新馬,,,,,,,,,,,,,,,,,29.3,6.0,2026-07-25 10:35:37,jra,2026-07-25,45.06,48.1,49.9,36.3,40.6,42.0,45.0,履歴少 / サンプル少
202601010102,2026-07-25,2,シガレス,7.0,7.0,▲和田陽,52.0,3.0,6.0,10.0,1函館9,2歳新馬,,,,,,,,,,,,,,,,,157.9,8.0,2026-07-25 10:35:37,jra,2026-07-25,42.04,42.8,46.8,29.6,40.6,42.0,45.0,履歴少 / サンプル少
202604020102,2026-07-25,2,スクワミッシュ,9.0,6.0,戸崎圭,55.0,4.0,,,,,,,,,,,,,,,,,,,,,3.5,2.0,2026-07-25 10:27:17,jra,2026-07-25,36.0,35.0,35.0,35.0,35.0,35.0,45.0,履歴少
202607020102,2026-07-25,2,ソリドゥス,8.0,6.0,秋山稔,55.0,6.0,,,,,,,,,,,,,,,,,,,,,138.9,11.0,2026-07-25 10:16:42,jra,2026-07-25,36.0,35.0,35.0,35.0,35.0,35.0,45.0,履歴少
202607020102,2026-07-25,2,タガノレクシア,2.0,2.0,幸,55.0,8.0,,,,,,,,,,,,,,,,,,,,,6.9,4.0,2026-07-25 10:16:42,jra,2026-07-25,36.0,35.0,35.0,35.0,35.0,35.0,45.0,履歴少
202601010102,2026-07-25,2,テイクケア,3.0,3.0,横山琉,55.0,7.0,5.0,7.0,1函館7,2歳未勝利,5.0,8.0,1函館2,2歳新馬,,,,,,,,,,,,,77.8,7.0,2026-07-25 10:35:37,jra,2026-07-25,52.17,55.4,54.9,48.4,45.5,55.0,45.0,履歴少 / サンプル少
202607020102,2026-07-25,2,テーオーライガ,5.0,4.0,団野,55.0,12.0,,,,,,,,,,,,,,,,,,,,,68.6,9.0,2026-07-25 10:16:42,jra,2026-07-25,36.0,35.0,35.0,35.0,35.0,35.0,45.0,履歴少
202601010102,2026-07-25,2,トーセンルルド,8.0,8.0,佐々木,55.0,2.0,3.0,4.0,1函館7,2歳未勝利,5.0,7.0,1函館4,2歳新馬,,,,,,,,,,,,,4.1,4.0,2026-07-25 10:35:37,jra,2026-07-25,53.5,60.2,51.1,48.4,52.1,55.8,45.0,履歴少 / サンプル少
202601010102,2026-07-25,2,ヌーンベルク,5.0,5.0,横山武,55.0,1.0,4.0,2.0,1函館7,2歳未勝利,3.0,3.0,1函館5,2歳新馬,,,,,,,,,,,,,3.6,2.0,2026-07-25 10:35:37,jra,2026-07-25,49.68,61.8,41.3,48.4,42.2,50.7,45.0,履歴少 / サンプル少
202607020102,2026-07-25,2,ノトコンゴウ,7.0,5.0,角田和,55.0,11.0,,,,,,,,,,,,,,,,,,,,,33.8,8.0,2026-07-25 10:16:42,jra,2026-07-25,36.0,35.0,35.0,35.0,35.0,35.0,45.0,履歴少
202604020102,2026-07-25,2,ピウモッソ,4.0,3.0,斎藤,55.0,13.0,,,,,,,,,,,,,,,,,,,,,3.3,1.0,2026-07-25 10:27:17,jra,2026-07-25,36.0,35.0,35.0,35.0,35.0,35.0,45.0,履歴少
202607020102,2026-07-25,2,ブレイクアウェイ,11.0,7.0,岩田望,55.0,1.0,,,,,,,,,,,,,,,,,,,,,1.9,1.0,2026-07-25 10:16:42,jra,2026-07-25,36.0,35.0,35.0,35.0,35.0,35.0,45.0,履歴少
202607020102,2026-07-25,2,ベルヴェール,13.0,8.0,西村淳,55.0,4.0,,,,,,,,,,,,,,,,,,,,,25.9,7.0,2026-07-25 10:16:42,jra,2026-07-25,36.0,35.0,35.0,35.0,35.0,35.0,45.0,履歴少
202604020102,2026-07-25,2,ミカミッチー,12.0,7.0,横山典,55.0,1.0,,,,,,,,,,,,,,,,,,,,,30.4,9.0,2026-07-25 10:27:17,jra,2026-07-25,36.0,35.0,35.0,35.0,35.0,35.0,45.0,履歴少
202604020102,2026-07-25,2,モミスケ,3.0,3.0,武藤,55.0,10.0,,,,,,,,,,,,,,,,,,,,,39.1,10.0,2026-07-25 10:27:17,jra,2026-07-25,36.0,35.0,35.0,35.0,35.0,35.0,45.0,履歴少
202607020102,2026-07-25,2,ヤマトデュノール,6.0,5.0,▲森田,52.0,13.0,,,,,,,,,,,,,,,,,,,,,349.3,13.0,2026-07-25 10:16:42,jra,2026-07-25,36.0,35.0,35.0,35.0,35.0,35.0,45.0,履歴少
202604020102,2026-07-25,2,ユイチャンファイト,6.0,4.0,菊沢,55.0,14.0,,,,,,,,,,,,,,,,,,,,,92.2,14.0,2026-07-25 10:27:17,jra,2026-07-25,36.0,35.0,35.0,35.0,35.0,35.0,45.0,履歴少
202601010102,2026-07-25,2,ライフイズアート,6.0,6.0,岩田康,55.0,5.0,2.0,2.0,1函館9,2歳新馬,,,,,,,,,,,,,,,,,8.5,5.0,2026-07-25 10:35:37,jra,2026-07-25,43.15,49.9,40.6,36.3,40.6,40.6,45.0,履歴少 / サンプル少
202607020102,2026-07-25,2,ラインエレガント,12.0,8.0,吉村,55.0,2.0,,,,,,,,,,,,,,,,,,,,,74.5,10.0,2026-07-25 10:16:42,jra,2026-07-25,36.0,35.0,35.0,35.0,35.0,35.0,45.0,履歴少
202604020102,2026-07-25,2,ライヴバーボン,10.0,6.0,▲石田,52.0,12.0,,,,,,,,,,,,,,,,,,,,,16.7,6.0,2026-07-25 10:27:17,jra,2026-07-25,36.0,35.0,35.0,35.0,35.0,35.0,45.0,履歴少
202604020102,2026-07-25,2,ランズエンド,5.0,4.0,◇今村,53.0,9.0,,,,,,,,,,,,,,,,,,,,,9.5,4.0,2026-07-25 10:27:17,jra,2026-07-25,36.0,35.0,35.0,35.0,35.0,35.0,45.0,履歴少
202607020102,2026-07-25,2,リアルメッセージ,4.0,4.0,城戸,55.0,10.0,,,,,,,,,,,,,,,,,,,,,151.7,12.0,2026-07-25 10:16:42,jra,2026-07-25,36.0,35.0,35.0,35.0,35.0,35.0,45.0,履歴少
202604020102,2026-07-25,2,リコルディオーロ,2.0,2.0,▲佐藤,52.0,5.0,,,,,,,,,,,,,,,,,,,,,29.4,8.0,2026-07-25 10:27:17,jra,2026-07-25,36.0,35.0,35.0,35.0,35.0,35.0,45.0,履歴少
202607020102,2026-07-25,2,レッドレヴェリー,9.0,6.0,富田,55.0,7.0,,,,,,,,,,,,,,,,,,,,,5.7,2.0,2026-07-25 10:16:42,jra,2026-07-25,36.0,35.0,35.0,35.0,35.0,35.0,45.0,履歴少
202607020102,2026-07-25,2,ロンリーマン,10.0,7.0,☆田山,54.0,9.0,,,,,,,,,,,,,,,,,,,,,19.7,6.0,2026-07-25 10:16:42,jra,2026-07-25,36.0,35.0,35.0,35.0,35.0,35.0,45.0,履歴少
202601010102,2026-07-25,2,ヴィヴィアンリーチ,2.0,2.0,▲小林美,52.0,6.0,4.0,5.0,1函館1,2歳新馬,,,,,,,,,,,,,,,,,3.7,3.0,2026-07-25 10:35:37,jra,2026-07-25,42.68,46.4,42.2,36.3,40.6,41.7,45.0,履歴少 / サンプル少
202601010103,2026-07-25,3,アオイミズホ,6.0,6.0,横山和,57.0,3.0,5.0,3.0,2福島1,3歳未勝利,5.0,1.0,3東京1,3歳未勝利,2.0,2.0,2東京7,3歳未勝利,3.0,4.0,3中山8,3歳未勝利,3.0,2.0,2中山7,3歳未勝利,3.3,2.0,2026-07-25 11:07:42,jra,2026-07-25,59.26,76.7,39.1,100.0,39.5,51.2,45.0,履歴少 / 安定感
202607020103,2026-07-25,3,アメジストブリエ,8.0,6.0,高倉,55.0,8.0,14.0,12.0,2小倉5,3歳未勝利,7.0,8.0,3京都10,3歳未勝利,9.0,10.0,1新潟1,3歳未勝利,6.0,7.0,1中京2,3歳未勝利,6.0,8.0,1小倉12,3歳未勝利,156.1,11.0,2026-07-25 10:47:52,jra,2026-07-25,35.35,35.0,51.3,0.0,8.0,55.5,45.0,履歴少
202601010103,2026-07-25,3,クロームクロス,2.0,2.0,鮫島駿,57.0,7.0,11.0,5.0,1新潟8,3歳未勝利,4.0,5.0,1新潟6,3歳未勝利,9.0,13.0,1京都5,3歳新馬,,,,,,,,,27.1,8.0,2026-07-25 11:07:42,jra,2026-07-25,40.21,42.8,42.7,24.9,23.0,55.2,45.0,履歴少 / 市場オッズ妙味
202607020103,2026-07-25,3,コスモフィレンツェ,6.0,5.0,幸,57.0,2.0,2.0,2.0,3京都1,3歳未勝利,4.0,2.0,2阪神5,3歳未勝利,2.0,1.0,4阪神7,2歳新馬,,,,,,,,,3.3,2.0,2026-07-25 10:47:52,jra,2026-07-25,62.2,86.7,43.5,75.1,56.0,51.8,45.0,履歴少 / 安定感
202601010103,2026-07-25,3,ゴーントゥファー,1.0,1.0,☆長浜,56.0,8.0,13.0,12.0,1函館10,3歳未勝利,,,2福島2,3歳未勝利,14.0,13.0,3中山4,3歳未勝利,,,,,,,,,64.3,9.0,2026-07-25 11:07:42,jra,2026-07-25,34.76,19.3,41.6,18.0,48.8,48.8,45.0,履歴少 / サンプル少
202604020103,2026-07-25,3,サトノスプレマシー,5.0,5.0,田辺,55.0,5.0,,,,,,,,,,,,,,,,,,,,,8.9,3.0,2026-07-25 10:57:42,jra,2026-07-25,36.0,35.0,35.0,35.0,35.0,35.0,45.0,履歴少
202607020103,2026-07-25,3,シンゼンイセ,4.0,4.0,団野,57.0,11.0,8.0,16.0,2小倉3,3歳未勝利,3.0,4.0,笠松,赤坂宿特別(3歳),11.0,12.0,2阪神1,3歳未勝利,8.0,16.0,1阪神8,3歳未勝利,11.0,12.0,1阪神1,3歳未勝利,247.2,12.0,2026-07-25 10:47:52,jra,2026-07-25,51.06,38.0,78.3,14.5,51.5,65.8,45.0,履歴少 / 人気以上に走る傾向 / 過小評価傾向
202604020103,2026-07-25,3,スイートアリッサム,6.0,6.0,杉原,55.0,4.0,,,,,,,,,,,,,,,,,,,,,40.0,8.0,2026-07-25 10:57:42,jra,2026-07-25,36.0,35.0,35.0,35.0,35.0,35.0,45.0,履歴少
202604020103,2026-07-25,3,スターマイン,3.0,3.0,菊沢,55.0,6.0,,,,,,,,,,,,,,,,,,,,,27.5,7.0,2026-07-25 10:57:42,jra,2026-07-25,36.0,35.0,35.0,35.0,35.0,35.0,45.0,履歴少
202607020103,2026-07-25,3,スマートエラン,5.0,5.0,コレット,57.0,5.0,11.0,6.0,1新潟5,3歳未勝利,4.0,2.0,1福島4,3歳未勝利,5.0,2.0,4東京7,2歳新馬,,,,,,,,,11.2,5.0,2026-07-25 10:47:52,jra,2026-07-25,38.6,51.2,25.7,44.7,11.0,49.4,45.0,履歴少
202604020103,2026-07-25,3,セプタードアイル,4.0,4.0,荻野極,55.0,1.0,,,,,,,,,,,,,,,,,,,,,16.3,5.0,2026-07-25 10:57:42,jra,2026-07-25,36.0,35.0,35.0,35.0,35.0,35.0,45.0,履歴少
202601010103,2026-07-25,3,ダンツアラーム,4.0,4.0,池添,55.0,6.0,8.0,5.0,1函館10,3歳未勝利,8.0,12.0,1函館5,3歳未勝利,5.0,8.0,1函館2,3歳未勝利,9.0,8.0,3京都9,3歳未勝利,7.0,13.0,3京都8,3歳未勝利,19.6,6.0,2026-07-25 11:07:42,jra,2026-07-25,49.35,48.4,58.1,19.8,45.5,68.1,45.0,履歴少 / 過小評価傾向 / 市場オッズ妙味
202607020103,2026-07-25,3,チュオンソン,3.0,3.0,酒井,57.0,6.0,8.0,15.0,3阪神5,3歳未勝利,5.0,10.0,3阪神2,3歳未勝利,9.0,11.0,3京都1,3歳未勝利,9.0,9.0,1中京4,3歳未勝利,13.0,4.0,1阪神1,3歳新馬,46.9,7.0,2026-07-25 10:47:52,jra,2026-07-25,51.39,43.1,69.9,24.9,56.0,59.5,45.0,履歴少 / 人気以上に走る傾向 / 市場オッズ妙味
202607020103,2026-07-25,3,デルマトカチ,1.0,1.0,国分優,55.0,9.0,15.0,15.0,2小倉3,3歳未勝利,,,,,,,,,,,,,,,,,140.4,10.0,2026-07-25 10:47:52,jra,2026-07-25,36.68,29.6,40.6,29.6,40.6,40.6,45.0,履歴少 / サンプル少
202604020103,2026-07-25,3,トルタパスカリーナ,1.0,1.0,戸崎圭,55.0,2.0,,,,,,,,,,,,,,,,,,,,,1.4,1.0,2026-07-25 10:57:42,jra,2026-07-25,36.0,35.0,35.0,35.0,35.0,35.0,45.0,履歴少
202607020103,2026-07-25,3,フィンガーレイクス,12.0,8.0,富田,57.0,3.0,10.0,4.0,2阪神7,3歳未勝利,7.0,5.0,1中京1,3歳未勝利,,,,,,,,,,,,,8.9,4.0,2026-07-25 10:47:52,jra,2026-07-25,35.88,39.3,29.3,18.0,35.6,49.2,45.0,履歴少 / サンプル少
202601010103,2026-07-25,3,ブルーフレア,8.0,7.0,横山武,57.0,2.0,7.0,2.0,3東京2,3歳未勝利,2.0,2.0,2東京8,3歳未勝利,3.0,6.0,2東京3,3歳未勝利,9.0,8.0,3中山6,3歳未勝利,,,,,4.8,3.0,2026-07-25 11:07:42,jra,2026-07-25,50.68,67.6,41.6,44.7,36.0,54.2,45.0,履歴少
202607020103,2026-07-25,3,プレスバーン,10.0,7.0,川田,55.0,1.0,3.0,2.0,3京都5,3歳未勝利,2.0,5.0,2阪神8,3歳未勝利,3.0,10.0,1中京5,3歳未勝利,8.0,15.0,1京都7,3歳新馬,,,,,2.6,1.0,2026-07-25 10:47:52,jra,2026-07-25,69.51,79.7,72.2,75.1,58.0,67.1,45.0,履歴少 / 人気以上に走る傾向 / 安定感 / 過小評価傾向
202604020103,2026-07-25,3,プレママドンナ,7.0,7.0,丸山,55.0,8.0,,,,,,,,,,,,,,,,,,,,,5.5,2.0,2026-07-25 10:57:42,jra,2026-07-25,36.0,35.0,35.0,35.0,35.0,35.0,45.0,履歴少
202607020103,2026-07-25,3,プロットシッケンズ,9.0,7.0,☆田山,56.0,10.0,9.0,7.0,2阪神2,3歳未勝利,,,,,,,,,,,,,,,,,57.0,8.0,2026-07-25 10:47:52,jra,2026-07-25,37.85,37.6,37.6,29.6,40.6,38.4,45.0,履歴少 / サンプル少
202601010103,2026-07-25,3,マクローリン,10.0,8.0,▲和田陽,54.0,5.0,13.0,15.0,3阪神4,3歳未勝利,7.0,9.0,3京都11,3歳未勝利,5.0,8.0,1新潟3,3歳未勝利,8.0,10.0,2東京2,3歳未勝利,7.0,7.0,3中山6,3歳未勝利,156.5,10.0,2026-07-25 11:07:42,jra,2026-07-25,43.06,39.4,63.9,19.8,12.5,59.4,45.0,履歴少
202607020103,2026-07-25,3,マサハヤルージュ,7.0,6.0,吉村,55.0,12.0,9.0,8.0,2小倉2,3歳未勝利,15.0,11.0,1新潟8,3歳未勝利,3.0,12.0,1新潟2,3歳未勝利,13.0,13.0,3京都2,3歳未勝利,10.0,5.0,1中京1,3歳未勝利,94.4,9.0,2026-07-25 10:47:52,jra,2026-07-25,41.79,31.0,49.7,19.8,57.5,52.9,45.0,履歴少
202604020103,2026-07-25,3,マリアンデール,8.0,8.0,斎藤,55.0,3.0,,,,,,,,,,,,,,,,,,,,,17.1,6.0,2026-07-25 10:57:42,jra,2026-07-25,36.0,35.0,35.0,35.0,35.0,35.0,45.0,履歴少
202601010103,2026-07-25,3,メイショウシンガン,5.0,5.0,横山琉,57.0,10.0,10.0,3.0,3京都8,2歳未勝利,3.0,2.0,4阪神8,2歳未勝利,3.0,5.0,4阪神4,2歳新馬,,,,,,,,,8.9,4.0,2026-07-25 11:07:42,jra,2026-07-25,42.95,61.3,31.5,44.7,8.0,52.8,45.0,履歴少
202601010103,2026-07-25,3,メイショウノヴァス,7.0,7.0,小沢,57.0,4.0,4.0,3.0,門別,フェルカド特別(C1),8.0,6.0,1函館3,3歳未勝利,7.0,5.0,3京都10,3歳未勝利,5.0,6.0,2京都1,3歳未勝利,6.0,11.0,1京都7,3歳未勝利,24.2,7.0,2026-07-25 11:07:42,jra,2026-07-25,49.67,50.8,47.1,32.2,65.0,56.9,45.0,履歴少 / 近走上向き / 市場オッズ妙味
202601010103,2026-07-25,3,ヤマメイッカ,3.0,3.0,佐々木,57.0,1.0,2.0,3.0,1函館9,3歳未勝利,5.0,5.0,1函館6,3歳未勝利,14.0,3.0,1中山4,3歳未勝利,5.0,3.0,5東京6,2歳未勝利,5.0,12.0,4東京8,2歳新馬,2.4,1.0,2026-07-25 11:07:42,jra,2026-07-25,57.88,61.9,39.9,80.2,81.5,50.5,45.0,履歴少 / 近走上向き / 安定感
202607020103,2026-07-25,3,ラピス,11.0,8.0,Ｍデムーロ,55.0,7.0,18.0,6.0,3阪神6,3歳未勝利,6.0,6.0,1阪神5,3歳未勝利,5.0,4.0,2京都4,3歳未勝利,7.0,8.0,1京都7,3歳新馬,,,,,34.5,6.0,2026-07-25 10:47:52,jra,2026-07-25,29.69,40.1,21.1,19.8,0.0,46.5,45.0,履歴少 / 市場オッズ妙味
202604020103,2026-07-25,3,リーベラーリア,2.0,2.0,◇今村,53.0,7.0,,,,,,,,,,,,,,,,,,,,,11.2,4.0,2026-07-25 10:57:42,jra,2026-07-25,36.0,35.0,35.0,35.0,35.0,35.0,45.0,履歴少
202607020103,2026-07-25,3,レッドブライトン,2.0,2.0,西村淳,57.0,4.0,5.0,2.0,3阪神3,3歳未勝利,4.0,3.0,2東京8,3歳未勝利,2.0,2.0,1中京6,3歳未勝利,3.0,5.0,1中京2,3歳未勝利,8.0,7.0,2京都4,3歳未勝利,3.5,3.0,2026-07-25 10:47:52,jra,2026-07-25,59.44,74.6,43.2,89.7,45.5,53.4,45.0,履歴少 / 安定感
202601010103,2026-07-25,3,ワンダーゾルダート,9.0,8.0,松本,57.0,9.0,10.0,8.0,3阪神4,3歳未勝利,6.0,4.0,3京都10,3歳未勝利,6.0,1.0,3京都5,3歳未勝利,6.0,4.0,1中京5,3歳未勝利,2.0,1.0,1阪神8,3歳未勝利,13.0,5.0,2026-07-25 11:07:42,jra,2026-07-25,38.4,53.6,32.6,10.3,20.0,53.1,45.0,履歴少 / 市場オッズ妙味
202607020104,2026-07-25,4,アスクハッピーマン,16.0,8.0,坂井,57.0,4.0,3.0,2.0,2小倉5,3歳未勝利,6.0,2.0,3京都8,3歳未勝利,2.0,4.0,3京都4,3歳未勝利,6.0,8.0,1福島4,3歳未勝利,,,,,4.8,2.0,2026-07-25 11:18:06,jra,2026-07-25,57.44,75.2,45.2,50.2,60.0,55.9,45.0,履歴少
202607020104,2026-07-25,4,アステリアート,12.0,6.0,富田,57.0,16.0,9.0,10.0,3阪神6,3歳未勝利,10.0,1.0,高知,竜王盃(3歳),9.0,8.0,1京都8,3歳未勝利,4.0,12.0,1中山2,3歳新馬,,,,,137.3,11.0,2026-07-25 11:18:06,jra,2026-07-25,41.24,36.0,52.1,14.6,42.0,52.7,45.0,履歴少
202601010104,2026-07-25,4,アロハ,3.0,3.0,丹内,55.0,7.0,6.0,2.0,2小倉1,3歳未勝利,11.0,3.0,3京都8,3歳未勝利,2.0,2.0,3京都5,2歳新馬,,,,,,,,,6.7,4.0,2026-07-25 11:36:18,jra,2026-07-25,39.8,55.1,20.1,19.8,53.0,45.1,45.0,履歴少
202601010104,2026-07-25,4,イヌボウノシオカゼ,12.0,7.0,横山琉,55.0,14.0,15.0,6.0,1新潟5,3歳未勝利,13.0,5.0,1東京8,3歳新馬,,,,,,,,,,,,,317.1,14.0,2026-07-25 11:36:18,jra,2026-07-25,25.92,19.0,18.0,18.0,38.9,35.4,45.0,履歴少 / サンプル少
202601010104,2026-07-25,4,イノリ,9.0,6.0,▲和田陽,52.0,8.0,14.0,16.0,3中山6,3歳未勝利,16.0,15.0,1阪神7,3歳未勝利,11.0,11.0,5阪神4,2歳未勝利,12.0,9.0,4京都6,2歳未勝利,6.0,5.0,3京都3,2歳未勝利,165.0,12.0,2026-07-25 11:36:18,jra,2026-07-25,30.76,11.9,48.7,0.0,33.5,51.5,45.0,履歴少
202601010104,2026-07-25,4,エアヴァイブス,4.0,3.0,武豊,55.0,3.0,5.0,1.0,1函館10,3歳未勝利,7.0,1.0,1函館5,3歳未勝利,7.0,1.0,3京都12,3歳未勝利,2.0,5.0,3京都8,3歳未勝利,4.0,1.0,1中京1,3歳未勝利,4.5,3.0,2026-07-25 11:36:18,jra,2026-07-25,47.5,65.2,23.6,55.3,50.0,46.0,45.0,履歴少
202604020104,2026-07-25,4,オレンジキャンパス,15.0,8.0,武藤,55.0,2.0,2.0,3.0,2福島2,3歳未勝利,7.0,5.0,1福島4,3歳未勝利,11.0,8.0,1小倉12,3歳未勝利,3.0,7.0,1小倉7,3歳未勝利,7.0,4.0,1中山3,3歳未勝利,4.5,3.0,2026-07-25 11:27:03,jra,2026-07-25,55.76,62.5,46.4,45.0,80.0,54.5,45.0,履歴少 / 近走上向き
202601010104,2026-07-25,4,カスタニッチャ,13.0,8.0,小沢,55.0,13.0,9.0,13.0,3阪神2,3歳未勝利,12.0,8.0,4京都3,2歳新馬,,,,,,,,,,,,,152.3,11.0,2026-07-25 11:36:18,jra,2026-07-25,40.59,31.9,47.0,18.0,55.4,50.6,45.0,履歴少 / サンプル少
202607020104,2026-07-25,4,グランピアン,7.0,4.0,幸,55.0,15.0,15.0,16.0,3阪神6,3歳未勝利,,,,,,,,,,,,,,,,,246.7,16.0,2026-07-25 11:18:06,jra,2026-07-25,37.2,29.6,42.2,29.6,40.6,41.7,45.0,履歴少 / サンプル少
202607020104,2026-07-25,4,コーディアリティ,15.0,8.0,西塚,57.0,12.0,8.0,7.0,1新潟5,3歳未勝利,9.0,5.0,2東京3,3歳未勝利,13.0,14.0,1福島4,3歳未勝利,,,,,,,,,84.1,10.0,2026-07-25 11:18:06,jra,2026-07-25,37.7,30.8,39.7,0.0,68.0,49.2,45.0,履歴少 / 近走上向き
202601010104,2026-07-25,4,サンエンジェルス,2.0,2.0,浜中,55.0,5.0,5.0,4.0,1函館5,3歳未勝利,7.0,3.0,1函館2,3歳未勝利,6.0,9.0,2阪神3,3歳未勝利,4.0,13.0,1中京2,3歳未勝利,5.0,10.0,1札幌3,2歳新馬,9.6,5.0,2026-07-25 11:36:18,jra,2026-07-25,58.63,63.6,57.9,55.3,53.0,67.4,45.0,履歴少 / 過小評価傾向
202601010104,2026-07-25,4,サンセリテ,8.0,5.0,☆舟山,54.0,6.0,10.0,3.0,2東京6,3歳未勝利,9.0,2.0,1中山7,3歳未勝利,6.0,1.0,4東京8,2歳未勝利,2.0,1.0,4中山3,2歳新馬,,,,,9.8,6.0,2026-07-25 11:36:18,jra,2026-07-25,31.19,47.7,10.9,14.6,24.0,43.5,45.0,履歴少
202604020104,2026-07-25,4,サンマルオブウォー,1.0,1.0,▲上里,54.0,15.0,,,,,,,,,,,,,,,,,,,,,281.6,12.0,2026-07-25 11:27:03,jra,2026-07-25,36.0,35.0,35.0,35.0,35.0,35.0,45.0,履歴少
202604020104,2026-07-25,4,シャインネージュ,5.0,3.0,★谷原,51.0,9.0,10.0,11.0,2東京4,3歳未勝利,9.0,9.0,3中山7,3歳未勝利,,,,,,,,,,,,,47.3,8.0,2026-07-25 11:27:03,jra,2026-07-25,40.66,35.4,47.6,18.0,42.2,54.3,45.0,履歴少 / サンプル少 / 市場オッズ妙味
202607020104,2026-07-25,4,ジャスティンレビン,13.0,7.0,コレット,57.0,7.0,6.0,2.0,2阪神5,3歳未勝利,4.0,4.0,1阪神10,3歳未勝利,8.0,2.0,1阪神4,3歳未勝利,2.0,3.0,1京都6,3歳未勝利,9.0,8.0,5阪神7,2歳新馬,8.1,5.0,2026-07-25 11:18:06,jra,2026-07-25,48.08,63.0,33.5,39.5,48.5,52.4,45.0,履歴少
202604020104,2026-07-25,4,ジョイベル,12.0,7.0,木幡育,55.0,13.0,15.0,15.0,1新潟6,3歳未勝利,,,,,,,,,,,,,,,,,481.8,15.0,2026-07-25 11:27:03,jra,2026-07-25,36.68,29.6,40.6,29.6,40.6,40.6,45.0,履歴少 / サンプル少
202604020104,2026-07-25,4,スウィートラキ,10.0,6.0,木幡初,55.0,10.0,10.0,12.0,3東京5,3歳未勝利,9.0,16.0,2東京10,3歳未勝利,11.0,14.0,3中山3,3歳未勝利,11.0,10.0,5中山3,2歳未勝利,11.0,15.0,4東京3,2歳新馬,241.8,11.0,2026-07-25 11:27:03,jra,2026-07-25,44.51,26.4,72.5,0.0,53.0,63.2,45.0,履歴少 / 人気以上に走る傾向
202604020104,2026-07-25,4,スウェーバック,11.0,6.0,野中,55.0,8.0,9.0,8.0,3東京4,3歳未勝利,13.0,8.0,2東京8,3歳未勝利,7.0,13.0,1東京3,3歳未勝利,,,,,,,,,89.6,9.0,2026-07-25 11:27:03,jra,2026-07-25,38.18,29.6,46.6,0.0,56.0,53.5,45.0,履歴少
202604020104,2026-07-25,4,スノーランス,4.0,3.0,石橋脩,55.0,3.0,6.0,2.0,1新潟3,3歳未勝利,3.0,4.0,1新潟1,3歳未勝利,3.0,2.0,1中京3,3歳未勝利,3.0,2.0,1中京1,3歳未勝利,4.0,4.0,1京都9,3歳未勝利,8.2,4.0,2026-07-25 11:27:03,jra,2026-07-25,55.72,75.9,40.8,69.6,33.5,55.7,45.0,履歴少 / 安定感
202601010104,2026-07-25,4,スパークルレイ,5.0,4.0,松本,55.0,11.0,5.0,6.0,盛岡,アメジスト賞(3歳),15.0,16.0,2東京8,3歳未勝利,15.0,13.0,3中山5,3歳未勝利,,,,,,,,,295.0,13.0,2026-07-25 11:36:18,jra,2026-07-25,41.08,12.4,49.9,13.7,100.0,53.5,45.0,履歴少 / 近走上向き
202604020104,2026-07-25,4,セイウンヤオヨロズ,7.0,4.0,△石神道,55.0,4.0,5.0,4.0,2福島4,3歳未勝利,9.0,3.0,1新潟4,3歳未勝利,2.0,5.0,1福島5,3歳未勝利,4.0,8.0,1福島1,3歳未勝利,13.0,14.0,1小倉1,3歳未勝利,8.7,5.0,2026-07-25 11:27:03,jra,2026-07-25,55.83,59.3,46.4,64.7,62.0,59.9,45.0,履歴少 / 安定感
202607020104,2026-07-25,4,タロ,14.0,7.0,☆田山,56.0,2.0,2.0,2.0,盛岡,アメジスト賞(3歳),3.0,2.0,1新潟2,3歳未勝利,2.0,5.0,3中山6,3歳未勝利,4.0,5.0,1中京5,3歳未勝利,4.0,4.0,1阪神3,3歳未勝利,5.0,3.0,2026-07-25 11:18:06,jra,2026-07-25,62.23,70.6,53.4,83.3,57.5,58.8,45.0,履歴少 / 安定感
202607020104,2026-07-25,4,テイクザスローン,5.0,3.0,高倉,57.0,9.0,12.0,9.0,3阪神2,3歳未勝利,6.0,7.0,3京都8,3歳未勝利,7.0,10.0,3京都3,3歳未勝利,15.0,16.0,1阪神5,3歳未勝利,9.0,13.0,5阪神5,2歳未勝利,165.8,13.0,2026-07-25 11:18:06,jra,2026-07-25,38.5,32.6,53.4,0.0,33.5,57.4,45.0,履歴少
202607020104,2026-07-25,4,テリコス,4.0,2.0,▲川端,54.0,13.0,14.0,6.0,1函館6,3歳未勝利,10.0,5.0,1函館2,3歳未勝利,2.0,5.0,1新潟5,3歳未勝利,13.0,5.0,3京都3,3歳未勝利,6.0,3.0,1京都8,3歳新馬,32.5,8.0,2026-07-25 11:18:06,jra,2026-07-25,27.62,31.9,18.1,19.8,12.5,42.6,45.0,履歴少 / 市場オッズ妙味
202607020104,2026-07-25,4,ナウオアネヴァー,8.0,4.0,岩田望,57.0,1.0,3.0,3.0,1新潟6,3歳未勝利,5.0,2.0,2東京3,3歳未勝利,2.0,3.0,1中京3,3歳未勝利,5.0,6.0,1阪神3,3歳未勝利,8.0,2.0,2京都5,3歳未勝利,3.1,1.0,2026-07-25 11:18:06,jra,2026-07-25,61.05,75.1,42.8,89.7,62.0,50.3,45.0,履歴少 / 安定感
202604020104,2026-07-25,4,ナーシリーヤ,6.0,4.0,松岡,57.0,6.0,7.0,5.0,2東京8,3歳未勝利,,,,,,,,,,,,,,,,,32.5,7.0,2026-07-25 11:27:03,jra,2026-07-25,38.83,41.1,37.6,29.6,40.6,38.4,45.0,履歴少 / サンプル少
202604020104,2026-07-25,4,パチクリベスクリ,2.0,2.0,丸田,57.0,11.0,13.0,11.0,3東京6,3歳未勝利,11.0,12.0,2東京11,3歳未勝利,,,,,,,,,,,,,345.9,14.0,2026-07-25 11:27:03,jra,2026-07-25,35.37,24.2,43.0,18.0,38.9,49.7,45.0,履歴少 / サンプル少
202601010104,2026-07-25,4,ビップジョワ,7.0,5.0,▲遠藤,52.0,10.0,5.0,12.0,1函館10,3歳未勝利,16.0,15.0,1函館6,3歳未勝利,11.0,10.0,1函館2,3歳未勝利,7.0,7.0,1新潟3,3歳未勝利,4.0,5.0,2東京1,3歳未勝利,102.5,9.0,2026-07-25 11:36:18,jra,2026-07-25,52.88,40.1,62.5,40.7,77.0,57.4,45.0,履歴少 / 近走上向き
202604020104,2026-07-25,4,フジテンクウ,13.0,7.0,▲石田,52.0,14.0,16.0,13.0,2東京6,3歳未勝利,16.0,11.0,3中山1,3歳未勝利,17.0,14.0,5東京5,2歳未勝利,8.0,9.0,3新潟1,2歳新馬,,,,,333.2,13.0,2026-07-25 11:27:03,jra,2026-07-25,24.3,7.2,29.7,0.0,36.0,45.4,45.0,履歴少
202601010104,2026-07-25,4,フレッチャアズーラ,11.0,7.0,横山和,55.0,1.0,9.0,1.0,3京都8,3歳未勝利,3.0,1.0,1中京2,3歳未勝利,2.0,1.0,1阪神1,3歳未勝利,10.0,1.0,1京都7,3歳未勝利,2.0,2.0,5阪神1,2歳未勝利,2.9,1.0,2026-07-25 11:36:18,jra,2026-07-25,41.86,63.6,18.9,55.0,21.5,41.5,45.0,履歴少
202601010104,2026-07-25,4,フローズンクイーン,10.0,6.0,鮫島駿,55.0,12.0,,,,,,,,,,,,,,,,,,,,,131.9,10.0,2026-07-25 11:36:18,jra,2026-07-25,36.0,35.0,35.0,35.0,35.0,35.0,45.0,履歴少
202604020104,2026-07-25,4,プリプリプリン,3.0,2.0,▲佐藤,52.0,1.0,3.0,2.0,2東京9,3歳未勝利,2.0,11.0,2東京4,3歳未勝利,,,,,,,,,,,,,3.3,2.0,2026-07-25 11:27:03,jra,2026-07-25,56.37,66.2,59.0,48.4,42.2,59.3,45.0,履歴少 / サンプル少
202607020104,2026-07-25,4,ベルアズーロ,2.0,1.0,吉村,57.0,8.0,2.0,9.0,2小倉3,3歳未勝利,4.0,10.0,3阪神1,3歳未勝利,12.0,6.0,3京都6,3歳未勝利,9.0,10.0,2阪神5,3歳未勝利,,,,,5.3,4.0,2026-07-25 11:18:06,jra,2026-07-25,64.47,60.8,70.2,55.3,88.0,63.6,45.0,履歴少 / 人気以上に走る傾向 / 近走上向き
202601010104,2026-07-25,4,ペカリーナ,6.0,4.0,▲小林美,52.0,2.0,5.0,4.0,2東京8,3歳未勝利,3.0,6.0,2東京1,3歳未勝利,5.0,7.0,2阪神1,君子蘭賞(1勝クラス),10.0,8.0,2中山4,3歳未勝利,9.0,10.0,1中山4,3歳未勝利,4.3,2.0,2026-07-25 11:36:18,jra,2026-07-25,59.6,62.8,54.6,75.1,60.5,58.2,45.0,履歴少 / 安定感
202607020104,2026-07-25,4,ボクサークラブ,11.0,6.0,松山,57.0,5.0,8.0,4.0,3阪神2,3歳未勝利,7.0,2.0,2東京5,3歳未勝利,5.0,6.0,2阪神7,3歳未勝利,4.0,5.0,2阪神2,3歳未勝利,14.0,17.0,1京都8,3歳未勝利,18.0,7.0,2026-07-25 11:18:06,jra,2026-07-25,45.81,50.9,37.3,34.3,47.0,59.6,45.0,履歴少 / 市場オッズ妙味
202604020104,2026-07-25,4,マナイアカラニ,14.0,8.0,戸崎圭,57.0,12.0,2.0,2.0,2東京8,3歳未勝利,5.0,4.0,2東京2,3歳未勝利,7.0,7.0,1中山5,3歳未勝利,5.0,9.0,5中山5,2歳新馬,,,,,2.6,1.0,2026-07-25 11:27:03,jra,2026-07-25,62.4,72.6,52.6,69.9,72.0,56.5,45.0,履歴少 / 近走上向き / 安定感
202607020104,2026-07-25,4,マーゴットショット,9.0,5.0,秋山稔,57.0,3.0,10.0,9.0,3京都8,3歳未勝利,12.0,9.0,3京都1,3歳未勝利,,,1小倉6,3歳新馬,,,,,,,,,224.7,15.0,2026-07-25 11:18:06,jra,2026-07-25,36.9,29.4,38.2,18.0,52.1,47.0,45.0,履歴少 / サンプル少
202604020104,2026-07-25,4,メイショウバリスタ,8.0,5.0,菊沢,57.0,7.0,11.0,8.0,2東京7,3歳未勝利,10.0,9.0,2中山8,3歳未勝利,,,,,,,,,,,,,128.8,10.0,2026-07-25 11:27:03,jra,2026-07-25,35.96,31.0,37.4,18.0,42.2,47.0,45.0,履歴少 / サンプル少
202607020104,2026-07-25,4,ヨシノサンキュー,1.0,1.0,△柴田裕,55.0,14.0,10.0,8.0,3京都9,2歳新馬,,,,,,,,,,,,,,,,,200.0,14.0,2026-07-25 11:18:06,jra,2026-07-25,37.35,35.8,37.6,29.6,40.6,38.4,45.0,履歴少 / サンプル少
202601010104,2026-07-25,4,レイナデルアイレ,1.0,1.0,石川倭,55.0,4.0,5.0,13.0,2福島1,3歳未勝利,15.0,14.0,2東京2,3歳未勝利,13.0,11.0,1小倉9,3歳未勝利,12.0,14.0,1小倉2,3歳新馬,,,,,32.9,8.0,2026-07-25 11:36:18,jra,2026-07-25,51.97,25.9,66.2,30.4,100.0,62.0,45.0,履歴少 / 人気以上に走る傾向 / 近走上向き / 市場オッズ妙味
202604020104,2026-07-25,4,ロジザボード,9.0,5.0,斎藤,55.0,5.0,8.0,6.0,2東京3,3歳未勝利,4.0,7.0,3中山6,3歳未勝利,8.0,10.0,2中山3,3歳未勝利,,,,,,,,,26.2,6.0,2026-07-25 11:27:03,jra,2026-07-25,48.88,54.6,55.0,24.9,38.0,59.5,45.0,履歴少 / 市場オッズ妙味
202601010104,2026-07-25,4,ロジマギー,14.0,8.0,佐々木,55.0,9.0,12.0,2.0,1福島5,3歳未勝利,3.0,5.0,2中山2,3歳未勝利,5.0,3.0,1中山1,3歳新馬,,,,,,,,,25.5,7.0,2026-07-25 11:36:18,jra,2026-07-25,36.08,50.6,22.6,44.7,2.0,45.5,45.0,履歴少 / 市場オッズ妙味
202607020104,2026-07-25,4,ロードファイター,6.0,3.0,団野,57.0,6.0,9.0,9.0,3阪神1,3歳未勝利,4.0,7.0,3京都9,3歳未勝利,5.0,7.0,3京都3,3歳未勝利,8.0,10.0,2阪神8,3歳未勝利,8.0,8.0,1京都1,3歳未勝利,35.6,9.0,2026-07-25 11:18:06,jra,2026-07-25,52.01,54.3,60.0,44.7,33.5,60.9,45.0,履歴少 / 市場オッズ妙味
202607020104,2026-07-25,4,ワイドヴィンクルム,10.0,5.0,城戸,57.0,11.0,,,,,,,,,,,,,,,,,,,,,148.5,12.0,2026-07-25 11:18:06,jra,2026-07-25,36.0,35.0,35.0,35.0,35.0,35.0,45.0,履歴少
202607020104,2026-07-25,4,ヴァンドゥーヴル,3.0,2.0,西村淳,57.0,10.0,7.0,8.0,1中京4,3歳未勝利,7.0,7.0,2京都2,3歳未勝利,12.0,5.0,1京都7,3歳新馬,,,,,,,,,16.9,6.0,2026-07-25 11:18:06,jra,2026-07-25,41.27,41.5,39.9,0.0,65.0,55.5,45.0,履歴少 / 近走上向き / 市場オッズ妙味
202601010105,2026-07-25,5,アンバーバレット,2.0,2.0,☆長浜,54.0,3.0,,,,,,,,,,,,,,,,,,,,,7.4,4.0,2026-07-25 12:26:28,jra,2026-07-25,36.0,35.0,35.0,35.0,35.0,35.0,45.0,履歴少
202607020105,2026-07-25,5,イルミナジーティー,3.0,2.0,吉村,55.0,2.0,12.0,8.0,1新潟5,3歳未勝利,4.0,5.0,2東京4,3歳未勝利,7.0,3.0,1小倉10,3歳未勝利,5.0,2.0,1小倉3,3歳未勝利,3.0,1.0,3京都3,2歳未勝利,53.1,7.0,2026-07-25 11:47:31,jra,2026-07-25,40.04,51.5,33.2,49.8,6.5,45.7,45.0,履歴少
202607020105,2026-07-25,5,インヴァイト,1.0,1.0,加藤,55.0,16.0,,,,,,,,,,,,,,,,,,,,,251.6,14.0,2026-07-25 11:47:31,jra,2026-07-25,36.0,35.0,35.0,35.0,35.0,35.0,45.0,履歴少
202604020105,2026-07-25,5,オルグジェシダ,7.0,6.0,丸山,56.0,2.0,11.0,3.0,3東京6,3歳以上1勝クラス,2.0,1.0,1東京1,4歳以上1勝クラス,2.0,3.0,5東京6,3歳以上1勝クラス,1.0,1.0,4中山5,3歳未勝利,2.0,1.0,3新潟1,3歳未勝利,3.8,2.0,2026-07-25 11:57:28,jra,2026-07-25,47.44,71.3,31.9,69.6,0.0,49.8,45.0,履歴少 / 安定感
202601010105,2026-07-25,5,カナデ,4.0,4.0,★河原田,51.0,4.0,,,,,,,,,,,,,,,,,,,,,30.7,5.0,2026-07-25 12:26:28,jra,2026-07-25,36.0,35.0,35.0,35.0,35.0,35.0,45.0,履歴少
202604020105,2026-07-25,5,カリーン,6.0,6.0,大野,56.0,5.0,8.0,4.0,2福島4,3歳以上1勝クラス,5.0,10.0,2東京3,スイートピーS(L),4.0,5.0,3中山2,ミモザ賞(1勝クラス),4.0,11.0,1中山6,菜の花賞(1勝クラス),1.0,3.0,4東京6,2歳未勝利,44.2,7.0,2026-07-25 11:57:28,jra,2026-07-25,57.63,66.8,60.2,69.6,23.0,63.4,45.0,履歴少 / 安定感 / 市場オッズ妙味
202604020105,2026-07-25,5,キシダンチョウ,11.0,8.0,石川,55.0,3.0,3.0,3.0,3京都1,あやめ賞(1勝クラス),4.0,2.0,1阪神8,ゆきやなぎ賞(1勝クラス),1.0,1.0,5阪神8,2歳新馬,,,,,,,,,3.8,3.0,2026-07-25 11:57:28,jra,2026-07-25,61.48,85.6,45.4,75.1,47.0,53.5,45.0,履歴少 / 安定感
202604020105,2026-07-25,5,ケイツールピア,4.0,4.0,▲石田,53.0,11.0,9.0,14.0,5中山4,3歳以上1勝クラス,4.0,14.0,4新潟2,松浜特別(1勝クラス),8.0,16.0,4中山6,3歳以上1勝クラス,7.0,7.0,3新潟4,3歳以上1勝クラス,7.0,11.0,2新潟6,3歳以上1勝クラス,109.7,10.0,2026-07-25 11:57:28,jra,2026-07-25,58.16,51.5,92.0,24.9,35.0,71.1,45.0,履歴少 / 人気以上に走る傾向 / 過小評価傾向
202604020105,2026-07-25,5,コスモナエマ,2.0,2.0,△石神道,51.0,8.0,11.0,4.0,1函館5,3歳以上1勝クラス,7.0,3.0,1函館2,八雲特別(1勝クラス),1.0,4.0,3中山4,3歳未勝利,5.0,6.0,2中山3,3歳未勝利,2.0,3.0,2札幌6,2歳未勝利,16.7,6.0,2026-07-25 11:57:28,jra,2026-07-25,43.24,58.2,34.0,44.7,6.5,58.1,45.0,履歴少 / 市場オッズ妙味
202607020105,2026-07-25,5,スレイクイーン,6.0,3.0,西塚,55.0,13.0,,,,,,,,,,,,,,,,,,,,,89.4,11.0,2026-07-25 11:47:31,jra,2026-07-25,36.0,35.0,35.0,35.0,35.0,35.0,45.0,履歴少
202604020105,2026-07-25,5,スワローシチー,1.0,1.0,田辺,58.0,4.0,8.0,7.0,3東京6,3歳以上1勝クラス,2.0,3.0,3東京2,3歳以上1勝クラス,8.0,5.0,1中京6,4歳以上1勝クラス,7.0,7.0,1東京8,4歳以上1勝クラス,7.0,7.0,1東京1,4歳以上1勝クラス,12.2,5.0,2026-07-25 11:57:28,jra,2026-07-25,47.41,58.0,45.5,24.9,38.0,58.7,45.0,履歴少 / 市場オッズ妙味
202607020105,2026-07-25,5,セイロンブリーズ,9.0,5.0,コレット,55.0,9.0,,,,,,,,,,,,,,,,,,,,,47.9,6.0,2026-07-25 11:47:31,jra,2026-07-25,36.0,35.0,35.0,35.0,35.0,35.0,45.0,履歴少
202607020105,2026-07-25,5,セコンドトゥベスト,5.0,3.0,岩田望,55.0,10.0,8.0,2.0,3京都8,3歳未勝利,2.0,1.0,3京都3,3歳未勝利,2.0,3.0,2阪神6,3歳未勝利,6.0,3.0,1京都7,3歳新馬,,,,,4.5,3.0,2026-07-25 11:47:31,jra,2026-07-25,46.79,70.5,31.9,44.7,22.0,49.1,45.0,履歴少
202607020105,2026-07-25,5,セルヴァジオ,11.0,6.0,富田,55.0,4.0,2.0,5.0,2小倉6,3歳未勝利,2.0,6.0,3阪神6,3歳未勝利,5.0,4.0,3京都1,3歳未勝利,8.0,11.0,2阪神6,3歳未勝利,,,,,4.4,2.0,2026-07-25 11:47:31,jra,2026-07-25,71.39,78.9,66.8,75.1,68.0,63.6,72.0,芝適性 / 阪神実績 / 距離適性 / 前走人気以上
202607020105,2026-07-25,5,ダーコ,16.0,8.0,☆田山,54.0,6.0,,,3京都1,3歳未勝利,,,,,,,,,,,,,,,,,71.4,8.0,2026-07-25 11:47:31,jra,2026-07-25,36.0,35.0,35.0,35.0,35.0,35.0,45.0,履歴少
202601010105,2026-07-25,5,ディアファザー,6.0,6.0,横山琉,55.0,5.0,,,,,,,,,,,,,,,,,,,,,49.7,6.0,2026-07-25 12:26:28,jra,2026-07-25,36.0,35.0,35.0,35.0,35.0,35.0,45.0,履歴少
202604020105,2026-07-25,5,トラストモアリズム,8.0,7.0,◇今村,54.0,10.0,9.0,8.0,1新潟6,4歳以上1勝クラス,13.0,10.0,4新潟1,岩船特別(1勝クラス),11.0,7.0,4中山8,3歳以上1勝クラス,6.0,4.0,3新潟1,3歳以上1勝クラス,1.0,15.0,1新潟8,3歳未勝利,81.6,9.0,2026-07-25 11:57:28,jra,2026-07-25,39.33,35.0,45.2,10.3,42.5,56.1,45.0,履歴少
202607020105,2026-07-25,5,トレッチェ,13.0,7.0,幸,55.0,8.0,16.0,14.0,5阪神2,2歳未勝利,11.0,10.0,4京都1,2歳未勝利,3.0,3.0,2小倉6,2歳新馬,,,,,,,,,102.5,12.0,2026-07-25 11:47:31,jra,2026-07-25,32.04,28.7,42.0,19.8,0.0,50.2,45.0,履歴少
202601010105,2026-07-25,5,トロフィアス,5.0,5.0,武豊,55.0,6.0,,,,,,,,,,,,,,,,,,,,,6.0,3.0,2026-07-25 12:26:28,jra,2026-07-25,36.0,35.0,35.0,35.0,35.0,35.0,45.0,履歴少
202607020105,2026-07-25,5,ノーブルクインダム,10.0,5.0,国分恭,55.0,12.0,9.0,4.0,3京都8,3歳未勝利,8.0,15.0,1中京4,3歳未勝利,,,,,,,,,,,,,106.4,13.0,2026-07-25 11:47:31,jra,2026-07-25,41.49,39.8,47.1,18.0,42.2,52.4,45.0,履歴少 / サンプル少
202607020105,2026-07-25,5,ヒーナシャム,14.0,7.0,酒井,55.0,15.0,10.0,13.0,1新潟1,3歳未勝利,15.0,15.0,1小倉10,3歳未勝利,10.0,11.0,5阪神7,2歳未勝利,6.0,5.0,4新潟2,2歳新馬,,,,,393.8,16.0,2026-07-25 11:47:31,jra,2026-07-25,39.5,25.4,57.5,0.0,52.0,55.9,45.0,履歴少
202607020105,2026-07-25,5,ファルカータ,12.0,6.0,坂井,55.0,1.0,4.0,3.0,2阪神8,3歳未勝利,,,,,,,,,,,,,,,,,2.0,1.0,2026-07-25 11:47:31,jra,2026-07-25,41.64,46.4,39.1,36.3,40.6,39.5,45.0,履歴少 / サンプル少
202604020105,2026-07-25,5,フィールドノート,5.0,5.0,戸崎圭,58.0,1.0,4.0,2.0,2東京9,4歳以上1勝クラス,1.0,3.0,1中山1,3歳未勝利,,,,,,,,,,,,,3.3,1.0,2026-07-25 11:57:28,jra,2026-07-25,51.03,65.7,44.7,48.4,35.6,52.2,45.0,履歴少 / サンプル少
202607020105,2026-07-25,5,ペガサスジルシ,4.0,2.0,西村淳,55.0,3.0,7.0,1.0,3阪神2,3歳未勝利,2.0,1.0,3京都9,3歳未勝利,3.0,3.0,1中京6,3歳未勝利,9.0,1.0,3京都8,2歳新馬,,,,,11.1,5.0,2026-07-25 11:47:31,jra,2026-07-25,45.76,67.6,24.7,44.7,36.0,48.1,45.0,履歴少
202601010105,2026-07-25,5,ホウオウシュウ,3.0,3.0,☆舟山,54.0,2.0,,,,,,,,,,,,,,,,,,,,,1.8,1.0,2026-07-25 12:26:28,jra,2026-07-25,36.0,35.0,35.0,35.0,35.0,35.0,45.0,履歴少
202607020105,2026-07-25,5,マルモリキャスター,15.0,8.0,泉谷,55.0,14.0,5.0,4.0,2小倉3,3歳未勝利,7.0,7.0,3京都11,3歳未勝利,5.0,11.0,3京都5,3歳未勝利,11.0,12.0,3京都4,3歳未勝利,11.0,6.0,2京都6,3歳未勝利,88.1,10.0,2026-07-25 11:47:31,jra,2026-07-25,54.05,52.0,53.6,50.2,71.0,54.1,45.0,履歴少 / 近走上向き
202604020105,2026-07-25,5,メイショウキンタイ,3.0,3.0,▲佐藤,55.0,7.0,11.0,8.0,5阪神6,3歳以上1勝クラス,5.0,7.0,4京都6,3歳以上1勝クラス,6.0,5.0,4新潟4,3歳以上1勝クラス,3.0,1.0,1札幌8,3歳未勝利,4.0,1.0,1札幌5,3歳未勝利,51.1,8.0,2026-07-25 11:57:28,jra,2026-07-25,44.01,55.0,41.5,49.8,11.0,49.0,45.0,履歴少
202607020105,2026-07-25,5,ラヴエナストロ,7.0,4.0,◇永島,53.0,5.0,9.0,7.0,1小倉2,3歳新馬,,,,,,,,,,,,,,,,,293.3,15.0,2026-07-25 11:47:31,jra,2026-07-25,37.85,37.6,37.6,29.6,40.6,38.4,45.0,履歴少 / サンプル少
202607020105,2026-07-25,5,リアライズアリス,8.0,4.0,松若,55.0,7.0,3.0,3.0,1新潟7,3歳未勝利,8.0,5.0,1阪神5,3歳未勝利,,,,,,,,,,,,,9.6,4.0,2026-07-25 11:47:31,jra,2026-07-25,48.54,54.3,40.3,34.7,62.0,54.0,45.0,履歴少 / サンプル少
202604020105,2026-07-25,5,リアルセンター,9.0,7.0,原,56.0,6.0,7.0,9.0,2福島5,3歳以上1勝クラス,13.0,11.0,1新潟5,石打特別(1勝クラス),9.0,11.0,1福島5,4歳以上1勝クラス,13.0,11.0,1福島2,4歳以上1勝クラス,7.0,11.0,1小倉11,4歳以上1勝クラス,239.1,11.0,2026-07-25 11:57:28,jra,2026-07-25,42.29,29.9,54.4,0.0,71.0,56.1,45.0,履歴少 / 近走上向き
202601010105,2026-07-25,5,レガメデルヴェント,1.0,1.0,横山和,55.0,1.0,,,,,,,,,,,,,,,,,,,,,2.8,2.0,2026-07-25 12:26:28,jra,2026-07-25,36.0,35.0,35.0,35.0,35.0,35.0,45.0,履歴少
202607020105,2026-07-25,5,ワンダーヴァレル,2.0,1.0,高倉,55.0,11.0,,,,,,,,,,,,,,,,,,,,,74.2,9.0,2026-07-25 11:47:31,jra,2026-07-25,36.0,35.0,35.0,35.0,35.0,35.0,45.0,履歴少
202604020105,2026-07-25,5,ヴァリスマリネリス,10.0,8.0,荻野極,53.0,9.0,4.0,5.0,2東京9,カーネーションC(1勝クラス),11.0,8.0,2中山5,アネモネS(L),9.0,6.0,1中山4,フェアリーS(GIII),1.0,2.0,4東京9,2歳新馬,,,,,4.5,4.0,2026-07-25 11:57:28,jra,2026-07-25,51.38,55.5,43.0,45.0,68.0,53.2,45.0,履歴少 / 近走上向き
202607020106,2026-07-25,6,アリエスキング,5.0,3.0,Ｍデムーロ,58.0,4.0,5.0,3.0,3京都12,與杼特別(2勝クラス),4.0,5.0,2阪神6,川西特別(2勝クラス),11.0,4.0,4東京11,清里特別(2勝クラス),11.0,4.0,3京都7,聚楽第特別(2勝クラス),3.0,6.0,3中京6,揖斐川特別(2勝クラス),29.4,7.0,2026-07-25 15:07:46,jra,2026-07-25,50.11,55.2,32.8,65.7,63.5,48.5,45.0,履歴少 / 安定感 / 市場オッズ妙味
202607020106,2026-07-25,6,アレ,16.0,8.0,川田,58.0,14.0,14.0,6.0,1阪神2,4歳以上2勝クラス,10.0,5.0,2京都1,長浜特別(2勝クラス),4.0,1.0,4京都5,3歳以上2勝クラス,3.0,9.0,3京都9,嵯峨野特別(2勝クラス),11.0,7.0,4阪神7,3歳以上2勝クラス,49.0,11.0,2026-07-25 15:07:46,jra,2026-07-25,31.96,36.3,23.3,34.3,8.0,47.2,45.0,履歴少 / 市場オッズ妙味
202601010106,2026-07-25,6,アート,7.0,5.0,横山武,57.0,6.0,6.0,9.0,1函館6,3歳未勝利,7.0,8.0,1函館2,3歳未勝利,5.0,7.0,1新潟5,3歳未勝利,3.0,12.0,1福島6,3歳未勝利,11.0,9.0,1小倉11,3歳未勝利,7.8,4.0,2026-07-25 12:57:03,jra,2026-07-25,57.37,59.0,68.6,34.3,53.0,67.2,45.0,履歴少 / 人気以上に走る傾向 / 過小評価傾向
202601010106,2026-07-25,6,インフィオラータ,1.0,1.0,浜中,55.0,5.0,3.0,4.0,1函館9,3歳未勝利,4.0,7.0,1函館5,3歳未勝利,7.0,4.0,3京都9,3歳未勝利,7.0,2.0,1小倉11,3歳未勝利,4.0,1.0,1小倉10,3歳未勝利,3.4,1.0,2026-07-25 12:57:03,jra,2026-07-25,57.95,70.2,45.9,65.7,65.0,50.7,45.0,履歴少 / 近走上向き / 安定感
202601010106,2026-07-25,6,ウインアベリア,8.0,5.0,▲遠藤,52.0,13.0,14.0,14.0,1函館2,3歳未勝利,15.0,12.0,1小倉2,3歳未勝利,5.0,9.0,3福島6,2歳新馬,,,,,,,,,160.4,14.0,2026-07-25 12:57:03,jra,2026-07-25,34.74,17.9,50.4,19.8,26.0,54.6,45.0,履歴少
202607020106,2026-07-25,6,エブリーポッシブル,12.0,6.0,岩田望,53.0,1.0,5.0,5.0,園田,兵庫チャンピオンシッ(JpnII),4.0,9.0,2阪神4,バイオレットS(OP),1.0,1.0,2京都2,3歳1勝クラス,4.0,5.0,5東京7,カトレアS(OP),1.0,1.0,3京都6,2歳新馬,4.6,2.0,2026-07-25 15:07:46,jra,2026-07-25,62.53,72.9,59.7,88.4,35.0,60.4,45.0,履歴少 / 安定感
202604020106,2026-07-25,6,ガリレア,7.0,4.0,杉原,55.0,1.0,5.0,16.0,2福島2,ラジオNIKKEI賞(GIII),11.0,12.0,3中山5,ニュージーランドT(GII),10.0,10.0,2中山6,フジTVスプリングS(GII),7.0,8.0,1東京6,共同通信杯(GIII),7.0,5.0,4京都3,デイリー杯2歳S(GII),10.4,4.0,2026-07-25 15:17:13,jra,2026-07-25,56.54,44.1,74.7,30.4,72.5,67.1,45.0,履歴少 / 人気以上に走る傾向 / 近走上向き / 過小評価傾向
202604020106,2026-07-25,6,ギフテッド,12.0,7.0,今村,56.0,15.0,9.0,12.0,3東京5,相模湖特別(2勝クラス),7.0,7.0,4東京4,鷹巣山特別(2勝クラス),1.0,2.0,3新潟1,3歳以上1勝クラス,2.0,11.0,3東京6,3歳以上1勝クラス,7.0,6.0,3中山7,3歳1勝クラス,36.1,9.0,2026-07-25 15:17:13,jra,2026-07-25,53.56,62.5,66.2,34.3,21.5,64.1,45.0,履歴少 / 人気以上に走る傾向 / 市場オッズ妙味
202601010106,2026-07-25,6,ギルランダ,12.0,7.0,☆舟山,54.0,14.0,14.0,4.0,1函館3,3歳未勝利,2.0,7.0,1福島6,3歳未勝利,9.0,12.0,1東京7,3歳未勝利,6.0,6.0,5東京6,2歳新馬,,,,,15.8,8.0,2026-07-25 12:57:03,jra,2026-07-25,38.07,43.3,40.6,24.9,0.0,62.2,45.0,履歴少 / 市場オッズ妙味
202601010106,2026-07-25,6,グランフルス,5.0,4.0,鮫島駿,57.0,4.0,12.0,15.0,1函館4,3歳未勝利,10.0,9.0,2東京8,3歳未勝利,6.0,12.0,3中山4,3歳未勝利,8.0,11.0,2中山5,3歳未勝利,17.0,15.0,5東京3,2歳未勝利,94.1,12.0,2026-07-25 12:57:03,jra,2026-07-25,41.13,28.9,64.6,0.0,39.5,59.4,45.0,履歴少
202604020106,2026-07-25,6,ケイケイ,4.0,3.0,木幡巧,58.0,4.0,9.0,9.0,2東京11,葉山特別(2勝クラス),5.0,9.0,2東京8,テレ玉杯(2勝クラス),10.0,6.0,3中山4,4歳以上2勝クラス,10.0,10.0,1東京6,4歳以上2勝クラス,5.0,7.0,1中山9,4歳以上2勝クラス,131.9,14.0,2026-07-25 15:17:13,jra,2026-07-25,46.49,44.5,52.9,35.3,41.0,54.8,45.0,履歴少
202601010106,2026-07-25,6,ケナゲ,4.0,3.0,★河原田,51.0,3.0,5.0,6.0,1函館9,3歳未勝利,2.0,14.0,1函館5,3歳未勝利,7.0,10.0,2東京11,3歳未勝利,5.0,6.0,1新潟4,3歳未勝利,5.0,13.0,3中山8,3歳未勝利,14.5,6.0,2026-07-25 12:57:03,jra,2026-07-25,70.81,70.8,84.0,80.2,48.5,77.6,45.0,履歴少 / 人気以上に走る傾向 / 安定感 / 過小評価傾向
202604020106,2026-07-25,6,コルドンブルー,15.0,8.0,石橋脩,56.0,5.0,1.0,2.0,3京都7,4歳以上1勝クラス,3.0,1.0,3京都1,4歳以上1勝クラス,3.0,2.0,2阪神2,4歳以上1勝クラス,3.0,5.0,1中京6,紅梅S(L),1.0,1.0,4中京5,2歳未勝利,13.4,5.0,2026-07-25 15:17:13,jra,2026-07-25,69.3,90.5,49.3,100.0,59.0,61.0,45.0,履歴少 / 安定感 / 市場オッズ妙味
202601010106,2026-07-25,6,コワンニシタガウ,10.0,6.0,武豊,57.0,2.0,3.0,2.0,1函館7,3歳未勝利,7.0,6.0,1函館4,3歳未勝利,5.0,3.0,2阪神5,3歳未勝利,4.0,6.0,1中京2,3歳未勝利,6.0,5.0,1小倉12,3歳未勝利,3.8,2.0,2026-07-25 12:57:03,jra,2026-07-25,57.7,69.2,44.7,64.7,65.0,53.7,45.0,履歴少 / 近走上向き / 安定感
202607020106,2026-07-25,6,ゴルデールスカー,15.0,8.0,幸,58.0,7.0,10.0,8.0,3阪神1,加古川特別(2勝クラス),1.0,2.0,1新潟6,4歳以上1勝クラス,4.0,5.0,2阪神3,4歳以上1勝クラス,4.0,5.0,1阪神7,4歳以上1勝クラス,12.0,12.0,1京都4,4歳以上1勝クラス,174.1,15.0,2026-07-25 15:07:46,jra,2026-07-25,50.77,60.8,49.9,59.3,21.5,54.1,45.0,履歴少
202604020106,2026-07-25,6,ゴールドスター,1.0,1.0,丸田,58.0,10.0,16.0,11.0,3東京1,テレビ山梨杯(2勝クラス),6.0,7.0,2東京6,4歳以上2勝クラス,8.0,8.0,1東京8,4歳以上2勝クラス,15.0,4.0,5東京5,3歳以上2勝クラス,4.0,5.0,4東京8,精進湖特別(2勝クラス),54.1,11.0,2026-07-25 15:17:13,jra,2026-07-25,28.54,31.5,30.6,10.3,3.5,44.4,45.0,履歴少
202607020106,2026-07-25,6,ザックザク,14.0,7.0,西村淳,58.0,3.0,3.0,4.0,1阪神10,4歳以上2勝クラス,1.0,1.0,1阪神1,4歳以上1勝クラス,2.0,4.0,2京都2,4歳以上1勝クラス,1.0,2.0,2阪神4,3歳未勝利,5.0,1.0,2中京2,3歳未勝利,31.4,8.0,2026-07-25 15:07:46,jra,2026-07-25,67.84,90.2,53.0,100.0,45.5,56.3,45.0,履歴少 / 安定感 / 市場オッズ妙味
202604020106,2026-07-25,6,シャンソンドール,14.0,8.0,戸崎圭,56.0,3.0,2.0,1.0,2東京7,調布特別(2勝クラス),1.0,1.0,1東京8,4歳以上1勝クラス,3.0,1.0,3福島5,3歳以上1勝クラス,1.0,1.0,4中山4,3歳未勝利,2.0,6.0,1中山4,3歳未勝利,2.3,1.0,2026-07-25 15:17:13,jra,2026-07-25,67.63,93.6,48.0,100.0,48.5,54.2,45.0,履歴少 / 安定感
202607020106,2026-07-25,6,ジェミート,8.0,4.0,角田和,58.0,13.0,9.0,3.0,2東京11,富嶽賞(2勝クラス),1.0,2.0,1中京3,4歳以上1勝クラス,8.0,3.0,1京都5,4歳以上1勝クラス,3.0,3.0,5阪神3,3歳以上1勝クラス,2.0,7.0,4京都6,3歳以上1勝クラス,47.7,10.0,2026-07-25 15:07:46,jra,2026-07-25,47.08,66.3,35.7,49.8,17.0,53.0,45.0,履歴少 / 市場オッズ妙味
202604020106,2026-07-25,6,ジーネキング,9.0,5.0,斎藤,55.0,2.0,7.0,6.0,2福島2,ラジオNIKKEI賞(GIII),13.0,13.0,2東京6,NHKマイルC(GI),3.0,4.0,3中山5,ニュージーランドT(GII),12.0,12.0,2中山6,フジTVスプリングS(GII),10.0,7.0,1中山7,京成杯(GIII),4.6,2.0,2026-07-25 15:17:13,jra,2026-07-25,44.26,38.0,47.1,19.8,65.0,54.5,45.0,履歴少 / 近走上向き
202607020106,2026-07-25,6,ステラスプレンダー,4.0,2.0,国分優,56.0,15.0,11.0,9.0,3京都5,久御山特別(2勝クラス),13.0,12.0,1福島3,ラジオ福島賞(2勝クラス),14.0,7.0,1小倉3,平尾台特別(2勝クラス),1.0,13.0,3福島6,3歳以上1勝クラス,8.0,7.0,4新潟1,3歳以上1勝クラス,201.2,16.0,2026-07-25 15:07:46,jra,2026-07-25,36.74,26.2,45.9,14.6,38.0,54.1,45.0,履歴少
202607020106,2026-07-25,6,スーパージョック,1.0,1.0,松若,58.0,10.0,8.0,7.0,2東京1,4歳以上2勝クラス,10.0,7.0,2阪神4,4歳以上2勝クラス,16.0,4.0,1小倉10,和布刈特別(2勝クラス),4.0,3.0,1京都9,4歳以上2勝クラス,4.0,3.0,1京都1,天ケ瀬特別(2勝クラス),72.5,13.0,2026-07-25 15:07:46,jra,2026-07-25,36.54,39.3,24.3,24.9,53.0,41.8,45.0,履歴少
202601010106,2026-07-25,6,セイントクーヤ,14.0,8.0,☆長浜,56.0,10.0,9.0,10.0,1函館9,3歳未勝利,8.0,13.0,1函館6,3歳未勝利,7.0,10.0,2東京9,3歳未勝利,9.0,6.0,2中山5,3歳未勝利,13.0,10.0,1東京7,3歳未勝利,42.1,11.0,2026-07-25 12:57:03,jra,2026-07-25,43.78,37.8,59.8,0.0,51.5,58.2,45.0,履歴少 / 市場オッズ妙味
202607020106,2026-07-25,6,ゼロヴィジビリティ,6.0,3.0,坂井,55.0,11.0,1.0,1.0,3京都4,3歳1勝クラス,1.0,1.0,2阪神5,3歳未勝利,3.0,1.0,2小倉2,2歳新馬,,,,,,,,,2.4,1.0,2026-07-25 15:07:46,jra,2026-07-25,65.38,95.8,46.3,75.1,56.0,51.6,45.0,履歴少 / 安定感
202604020106,2026-07-25,6,ソニックライン,11.0,6.0,石川,58.0,6.0,1.0,4.0,3東京2,3歳以上1勝クラス,3.0,3.0,2東京9,4歳以上1勝クラス,3.0,2.0,2東京1,4歳以上1勝クラス,4.0,7.0,1東京5,4歳以上1勝クラス,5.0,5.0,5東京3,3歳以上1勝クラス,18.4,6.0,2026-07-25 15:17:13,jra,2026-07-25,71.68,86.0,58.1,100.0,66.5,65.5,45.0,履歴少 / 近走上向き / 安定感 / 過小評価傾向
202607020106,2026-07-25,6,チュウワチーフ,11.0,6.0,コレット,58.0,6.0,4.0,2.0,1中京6,鈴鹿特別(2勝クラス),2.0,2.0,1阪神6,4歳以上2勝クラス,7.0,4.0,1東京5,4歳以上2勝クラス,4.0,2.0,5東京5,3歳以上2勝クラス,1.0,1.0,4東京9,3歳以上1勝クラス,23.9,6.0,2026-07-25 15:07:46,jra,2026-07-25,58.27,77.7,39.6,80.2,47.0,51.8,45.0,履歴少 / 安定感 / 市場オッズ妙味
202601010106,2026-07-25,6,テンレディーゴー,9.0,6.0,佐々木,57.0,1.0,7.0,11.0,1函館8,3歳未勝利,10.0,16.0,1函館6,3歳未勝利,11.0,8.0,2東京1,3歳未勝利,9.0,6.0,2中山7,3歳未勝利,10.0,7.0,1東京3,3歳未勝利,35.3,10.0,2026-07-25 12:57:03,jra,2026-07-25,44.7,34.9,59.6,0.0,68.0,56.9,45.0,履歴少 / 近走上向き / 市場オッズ妙味
202601010106,2026-07-25,6,トランスマリーン,3.0,3.0,▲和田陽,54.0,9.0,10.0,3.0,2京都3,3歳未勝利,11.0,12.0,1京都4,3歳未勝利,5.0,4.0,3京都9,2歳未勝利,4.0,2.0,3京都2,2歳未勝利,4.0,5.0,4阪神5,2歳新馬,32.5,9.0,2026-07-25 12:57:03,jra,2026-07-25,41.18,45.9,34.1,44.7,26.0,51.1,45.0,履歴少 / 市場オッズ妙味
202604020106,2026-07-25,6,ドリームクルーズ,6.0,4.0,吉田豊,56.0,14.0,8.0,5.0,2東京10,国分寺特別(2勝クラス),15.0,8.0,1新潟1,胎内川特別(2勝クラス),9.0,7.0,4東京9,山中湖特別(2勝クラス),8.0,5.0,4東京1,八ヶ岳特別(2勝クラス),1.0,5.0,2新潟1,3歳以上1勝クラス,65.5,12.0,2026-07-25 15:17:13,jra,2026-07-25,35.67,37.2,28.5,10.3,51.5,46.4,45.0,履歴少
202604020106,2026-07-25,6,ナグルファル,5.0,3.0,大野,58.0,13.0,12.0,6.0,2阪神4,4歳以上2勝クラス,9.0,4.0,1阪神2,天神橋特別(2勝クラス),12.0,5.0,3京都1,3歳以上2勝クラス,5.0,4.0,2札幌3,札幌日刊スポーツ杯(2勝クラス),6.0,7.0,2京都5,京都新聞杯(GII),38.6,10.0,2026-07-25 15:17:13,jra,2026-07-25,28.77,31.1,18.5,14.6,26.0,44.6,45.0,履歴少 / 市場オッズ妙味
202604020106,2026-07-25,6,ナファロア,2.0,2.0,小崎,58.0,11.0,12.0,10.0,2東京9,高尾特別(2勝クラス),8.0,10.0,2東京6,4歳以上2勝クラス,10.0,17.0,5中京6,尾張特別(2勝クラス),12.0,14.0,5東京2,3歳以上2勝クラス,12.0,10.0,2札幌4,HBC賞(2勝クラス),133.6,15.0,2026-07-25 15:17:13,jra,2026-07-25,38.31,23.1,59.5,0.0,41.0,58.1,45.0,履歴少
202601010106,2026-07-25,6,フォルストランキル,2.0,2.0,▲小林美,52.0,7.0,13.0,6.0,1函館10,3歳未勝利,15.0,2.0,3阪神6,3歳未勝利,6.0,3.0,2阪神3,3歳未勝利,2.0,6.0,1中京2,3歳未勝利,,,,,14.6,7.0,2026-07-25 12:57:03,jra,2026-07-25,25.05,29.5,8.0,14.6,18.0,46.0,45.0,履歴少 / 市場オッズ妙味
202601010106,2026-07-25,6,ヘクセンハウス,6.0,4.0,丹内,55.0,8.0,6.0,7.0,1函館9,3歳未勝利,6.0,7.0,1函館4,3歳未勝利,8.0,6.0,3京都6,3歳未勝利,3.0,5.0,3中山8,3歳1勝クラス,8.0,17.0,1阪神7,3歳未勝利,6.7,3.0,2026-07-25 12:57:03,jra,2026-07-25,52.32,58.7,59.7,14.6,51.5,65.2,45.0,履歴少 / 過小評価傾向
202607020106,2026-07-25,6,ヘリテージブルーム,13.0,7.0,松山,55.0,2.0,1.0,1.0,2東京10,3歳1勝クラス,2.0,4.0,3京都4,3歳1勝クラス,8.0,2.0,1中京2,昇竜S(OP),3.0,3.0,5中京6,寒椿賞(1勝クラス),1.0,1.0,4東京11,2歳未勝利,7.9,4.0,2026-07-25 15:07:46,jra,2026-07-25,64.33,84.6,45.2,80.2,65.0,56.2,45.0,履歴少 / 近走上向き / 安定感
202607020106,2026-07-25,6,ホウオウゴールド,7.0,4.0,田山,58.0,8.0,7.0,12.0,3阪神2,洲本特別(2勝クラス),7.0,8.0,2東京7,立川特別(2勝クラス),5.0,7.0,2阪神7,吹田特別(2勝クラス),1.0,3.0,1中京5,4歳以上1勝クラス,5.0,3.0,1東京6,4歳以上1勝クラス,66.0,12.0,2026-07-25 15:07:46,jra,2026-07-25,55.93,63.8,65.7,44.7,35.0,58.7,45.0,履歴少 / 人気以上に走る傾向
202607020106,2026-07-25,6,ポートデラメール,9.0,5.0,団野,56.0,5.0,2.0,1.0,2阪神3,4歳以上2勝クラス,7.0,1.0,1京都7,小倉山特別(2勝クラス),2.0,1.0,4京都1,亀岡特別(2勝クラス),1.0,4.0,4阪神2,3歳以上1勝クラス,8.0,6.0,5京都1,りんどう賞(1勝クラス),4.6,3.0,2026-07-25 15:07:46,jra,2026-07-25,58.28,78.2,37.6,64.7,65.0,51.9,45.0,履歴少 / 近走上向き / 安定感
202604020106,2026-07-25,6,ミッキースターダム,13.0,7.0,菊沢,58.0,7.0,3.0,5.0,2東京8,テレ玉杯(2勝クラス),1.0,6.0,3京都3,4歳以上1勝クラス,13.0,5.0,1阪神1,4歳以上1勝クラス,13.0,4.0,1小倉4,4歳以上1勝クラス,15.0,1.0,4京都3,3歳以上1勝クラス,25.0,8.0,2026-07-25 15:17:13,jra,2026-07-25,50.57,51.8,32.6,55.3,95.0,40.7,45.0,履歴少 / 近走上向き / 市場オッズ妙味
202604020106,2026-07-25,6,メランジェ,10.0,6.0,原,56.0,8.0,10.0,6.0,3東京5,相模湖特別(2勝クラス),1.0,3.0,1新潟2,4歳以上1勝クラス,7.0,10.0,1東京5,4歳以上1勝クラス,5.0,3.0,1中山8,4歳以上1勝クラス,6.0,7.0,4新潟4,3歳以上1勝クラス,94.3,13.0,2026-07-25 15:17:13,jra,2026-07-25,47.18,59.8,47.8,39.5,18.5,53.5,45.0,履歴少
202607020106,2026-07-25,6,モズケイスター,2.0,1.0,柴田裕,58.0,16.0,1.0,1.0,2阪神5,4歳以上1勝クラス,2.0,5.0,1阪神10,4歳以上2勝クラス,2.0,1.0,1京都6,4歳以上1勝クラス,2.0,1.0,5阪神8,3歳以上1勝クラス,2.0,1.0,4京都8,3歳以上1勝クラス,17.4,5.0,2026-07-25 15:07:46,jra,2026-07-25,70.87,94.4,52.1,100.0,56.0,62.2,45.0,履歴少 / 安定感 / 市場オッズ妙味
202607020106,2026-07-25,6,モズタチアガレ,10.0,5.0,西塚,58.0,9.0,8.0,5.0,2阪神3,4歳以上2勝クラス,3.0,6.0,1阪神6,4歳以上2勝クラス,1.0,3.0,2京都5,4歳以上1勝クラス,7.0,1.0,1小倉5,4歳以上1勝クラス,5.0,2.0,3京都3,3歳以上1勝クラス,84.6,14.0,2026-07-25 15:07:46,jra,2026-07-25,50.7,68.7,43.3,55.0,26.0,49.0,45.0,履歴少
202607020106,2026-07-25,6,ヤマニンバロネス,3.0,2.0,太宰,56.0,12.0,8.0,3.0,1阪神8,4歳以上2勝クラス,14.0,7.0,1東京8,大島特別(2勝クラス),3.0,2.0,1京都7,小倉山特別(2勝クラス),6.0,5.0,3京都9,嵯峨野特別(2勝クラス),5.0,1.0,1札幌3,大倉山特別(2勝クラス),42.3,9.0,2026-07-25 15:07:46,jra,2026-07-25,37.69,45.8,21.9,30.1,44.0,44.6,45.0,履歴少 / 市場オッズ妙味
202604020106,2026-07-25,6,ラビットアイ,3.0,2.0,田口,56.0,12.0,7.0,7.0,2福島2,松島特別(2勝クラス),4.0,5.0,2東京7,調布特別(2勝クラス),8.0,3.0,2阪神8,蓬莱峡特別(2勝クラス),6.0,3.0,3中京7,長久手特別(2勝クラス),3.0,1.0,2小倉6,西部スポニチ賞(2勝クラス),20.9,7.0,2026-07-25 15:17:13,jra,2026-07-25,47.26,60.9,40.3,35.3,39.5,50.5,45.0,履歴少 / 市場オッズ妙味
202601010106,2026-07-25,6,ルナティックブルー,11.0,7.0,小沢,55.0,12.0,6.0,9.0,1函館8,3歳未勝利,3.0,9.0,1函館3,3歳未勝利,5.0,12.0,3京都9,3歳未勝利,12.0,18.0,2阪神3,3歳未勝利,17.0,10.0,1小倉2,3歳新馬,8.4,5.0,2026-07-25 12:57:03,jra,2026-07-25,61.68,54.4,77.6,44.7,69.5,68.8,45.0,履歴少 / 人気以上に走る傾向 / 近走上向き / 過小評価傾向
202604020106,2026-07-25,6,ルナルーチェット,8.0,5.0,田辺,56.0,9.0,1.0,6.0,2東京9,4歳以上1勝クラス,3.0,10.0,3中山6,4歳以上1勝クラス,14.0,11.0,1小倉2,4歳以上1勝クラス,12.0,10.0,3福島5,3歳以上1勝クラス,15.0,7.0,4東京5,3歳以上1勝クラス,5.7,3.0,2026-07-25 15:17:13,jra,2026-07-25,60.56,53.1,60.9,55.3,100.0,56.8,45.0,履歴少 / 近走上向き
202601010106,2026-07-25,6,ルージュアイラ,13.0,8.0,◇古川奈,53.0,11.0,12.0,9.0,1函館5,3歳未勝利,6.0,9.0,1函館1,3歳未勝利,8.0,9.0,2阪神6,3歳未勝利,16.0,10.0,1小倉1,3歳新馬,,,,,130.3,13.0,2026-07-25 12:57:03,jra,2026-07-25,34.93,30.4,43.4,0.0,38.0,49.4,45.0,履歴少
202601010107,2026-07-25,7,アイアムステキ,10.0,6.0,武豊,53.0,8.0,1.0,4.0,1福島3,3歳未勝利,13.0,5.0,1中山6,3歳未勝利,5.0,12.0,4東京6,2歳新馬,,,,,,,,,26.6,9.0,2026-07-25 13:26:33,jra,2026-07-25,59.86,59.7,52.8,50.2,98.0,58.5,45.0,履歴少 / 近走上向き / 市場オッズ妙味
202604020107,2026-07-25,7,アームテイル,7.0,4.0,大野,56.0,12.0,11.0,13.0,2東京2,湘南S(3勝クラス),13.0,13.0,3中山2,船橋S(3勝クラス),15.0,15.0,1東京6,雲雀S(3勝クラス),13.0,14.0,1東京2,節分S(3勝クラス),9.0,5.0,4東京1,白秋S(3勝クラス),106.0,15.0,2026-07-25 15:54:13,jra,2026-07-25,34.74,11.4,52.4,0.0,59.0,52.9,45.0,履歴少
202601010107,2026-07-25,7,イズルード,14.0,8.0,☆長浜,57.0,10.0,13.0,10.0,2福島5,3歳以上1勝クラス,14.0,16.0,2東京12,4歳以上1勝クラス,6.0,4.0,2福島2,3歳以上1勝クラス,11.0,6.0,1東京7,3歳1勝クラス,1.0,1.0,1中山9,3歳未勝利,86.4,14.0,2026-07-25 13:26:33,jra,2026-07-25,31.69,26.3,39.2,10.3,20.0,48.3,45.0,履歴少
202607020107,2026-07-25,7,ウインデイジー,5.0,5.0,松若,56.0,8.0,3.0,8.0,3阪神5,ストークS(3勝クラス),11.0,5.0,3京都6,烏丸S(3勝クラス),1.0,5.0,1阪神9,淡路特別(2勝クラス),5.0,7.0,1小倉9,皿倉山特別(2勝クラス),7.0,3.0,1京都5,琵琶湖特別(2勝クラス),11.1,4.0,2026-07-25 15:42:41,jra,2026-07-25,60.48,65.6,54.9,64.7,68.0,60.9,45.0,履歴少 / 近走上向き / 安定感
202604020107,2026-07-25,7,ウナギノボリ,15.0,7.0,石川,,,8.0,7.0,2福島5,会津S(3勝クラス),15.0,13.0,3東京6,多摩川S(3勝クラス),14.0,12.0,2東京2,湘南S(3勝クラス),5.0,13.0,2阪神4,心斎橋S(3勝クラス),2.0,16.0,1阪神9,淀屋橋S(3勝クラス),3.0,9999.0,2026-07-25 15:54:13,jra,2026-07-25,46.51,32.8,59.9,24.9,56.0,62.4,45.0,履歴少
202607020107,2026-07-25,7,エイカイマッケンロ,2.0,2.0,西塚,58.0,9.0,15.0,14.0,2東京7,六社S(3勝クラス),6.0,9.0,1阪神3,松籟S(3勝クラス),9.0,12.0,1小倉2,壇之浦S(3勝クラス),9.0,11.0,5阪神8,サンクフルS(3勝クラス),15.0,9.0,5阪神4,オリオンS(3勝クラス),67.8,9.0,2026-07-25 15:42:41,jra,2026-07-25,35.14,27.3,55.0,0.0,18.5,54.1,45.0,履歴少
202604020107,2026-07-25,7,エイムフォーエース,5.0,3.0,木幡巧,58.0,16.0,10.0,12.0,2東京10,フリーウェイS(3勝クラス),6.0,7.0,2阪神4,心斎橋S(3勝クラス),9.0,14.0,1阪神6,岸和田S(3勝クラス),12.0,12.0,1東京6,雲雀S(3勝クラス),1.0,4.0,1京都8,4歳以上2勝クラス,121.3,16.0,2026-07-25 15:54:13,jra,2026-07-25,45.64,42.7,65.1,10.3,32.0,60.6,45.0,履歴少 / 人気以上に走る傾向
202604020107,2026-07-25,7,エマヌエーレ,3.0,2.0,菊沢,58.0,3.0,3.0,7.0,3京都12,渡月橋S(3勝クラス),4.0,4.0,2阪神4,心斎橋S(3勝クラス),5.0,3.0,1小倉7,下関S(3勝クラス),5.0,4.0,5阪神8,カウントダウンS(3勝クラス),8.0,9.0,5東京3,奥多摩S(3勝クラス),14.6,5.0,2026-07-25 15:54:13,jra,2026-07-25,65.41,72.4,55.4,89.7,65.0,62.7,45.0,履歴少 / 近走上向き / 安定感 / 市場オッズ妙味
202601010107,2026-07-25,7,カイショー,9.0,5.0,横山武,53.0,7.0,3.0,1.0,1函館1,3歳以上1勝クラス,4.0,1.0,1小倉6,かささぎ賞(1勝クラス),2.0,2.0,1小倉1,萌黄賞(1勝クラス),3.0,3.0,5阪神1,さざんか賞(1勝クラス),8.0,2.0,3京都1,りんどう賞(1勝クラス),4.0,2.0,2026-07-25 13:26:33,jra,2026-07-25,59.91,79.5,36.2,89.7,57.5,48.8,45.0,履歴少 / 安定感
202604020107,2026-07-25,7,キタサンダムール,16.0,8.0,石橋脩,56.0,11.0,2.0,8.0,3京都12,渡月橋S(3勝クラス),10.0,12.0,1中京5,マレーシアC(3勝クラス),6.0,5.0,1阪神2,戎橋S(3勝クラス),4.0,5.0,1京都9,山城S(3勝クラス),9.0,2.0,5東京3,奥多摩S(3勝クラス),15.7,6.0,2026-07-25 15:54:13,jra,2026-07-25,60.26,61.6,60.8,45.0,81.5,62.4,45.0,履歴少 / 近走上向き / 市場オッズ妙味
202601010107,2026-07-25,7,グランテレーズ,13.0,7.0,小沢,56.0,1.0,9.0,4.0,1函館4,3歳以上1勝クラス,4.0,5.0,1函館1,3歳以上1勝クラス,2.0,3.0,1福島5,4歳以上1勝クラス,2.0,6.0,1福島1,4歳以上1勝クラス,13.0,5.0,1小倉6,4歳以上1勝クラス,61.2,11.0,2026-07-25 13:26:33,jra,2026-07-25,48.89,61.9,40.8,59.3,27.5,49.0,45.0,履歴少
202604020107,2026-07-25,7,コートアリシアン,2.0,1.0,戸崎圭,56.0,4.0,2.0,1.0,2東京10,フリーウェイS(3勝クラス),3.0,1.0,2東京2,湘南S(3勝クラス),5.0,2.0,2中山5,幕張S(3勝クラス),2.0,2.0,1中山7,若潮S(3勝クラス),2.0,2.0,5東京5,秋色S(3勝クラス),1.8,1.0,2026-07-25 15:54:13,jra,2026-07-25,63.55,85.3,40.2,100.0,56.0,48.6,45.0,履歴少 / 安定感
202607020107,2026-07-25,7,サダムオプシス,10.0,8.0,幸,58.0,2.0,4.0,6.0,3阪神5,ストークS(3勝クラス),5.0,9.0,3京都6,烏丸S(3勝クラス),8.0,8.0,1小倉2,壇之浦S(3勝クラス),9.0,9.0,5東京8,ウェルカムS(3勝クラス),9.0,7.0,4新潟3,魚沼S(3勝クラス),13.5,5.0,2026-07-25 15:42:41,jra,2026-07-25,59.26,57.7,59.8,55.3,72.5,63.7,45.0,履歴少 / 近走上向き / 市場オッズ妙味
202601010107,2026-07-25,7,サトノカスターニャ,8.0,5.0,北村友,53.0,14.0,1.0,5.0,1新潟7,3歳未勝利,5.0,3.0,3京都3,3歳未勝利,8.0,8.0,2京都3,3歳未勝利,4.0,17.0,1京都7,3歳未勝利,6.0,5.0,4京都3,2歳新馬,22.3,7.0,2026-07-25 13:26:33,jra,2026-07-25,68.21,73.3,67.6,69.9,78.5,65.4,45.0,履歴少 / 人気以上に走る傾向 / 近走上向き / 安定感
202607020107,2026-07-25,7,サトノクローク,6.0,6.0,富田,58.0,6.0,10.0,10.0,3阪神5,ストークS(3勝クラス),2.0,12.0,3京都6,烏丸S(3勝クラス),13.0,15.0,2阪神6,京橋S(3勝クラス),6.0,14.0,1小倉12,関門橋S(3勝クラス),12.0,14.0,4京都5,比叡S(3勝クラス),19.1,6.0,2026-07-25 15:42:41,jra,2026-07-25,53.93,42.2,79.8,24.9,39.5,76.5,45.0,履歴少 / 人気以上に走る傾向 / 過小評価傾向 / 市場オッズ妙味
202601010107,2026-07-25,7,シュークリーム,4.0,3.0,鮫島駿,56.0,6.0,4.0,3.0,1函館5,長万部特別(1勝クラス),2.0,9.0,1函館2,3歳以上1勝クラス,10.0,4.0,1新潟1,4歳以上1勝クラス,12.0,8.0,1小倉10,4歳以上1勝クラス,4.0,6.0,1小倉8,4歳以上1勝クラス,11.5,6.0,2026-07-25 13:26:33,jra,2026-07-25,57.73,61.2,49.1,65.7,68.0,59.1,45.0,履歴少 / 近走上向き / 安定感
202601010107,2026-07-25,7,ジーティーエスピ,12.0,7.0,丹内,58.0,4.0,2.0,3.0,3京都6,4歳以上1勝クラス,3.0,2.0,1福島3,4歳以上1勝クラス,8.0,1.0,1小倉6,4歳以上1勝クラス,6.0,1.0,1京都3,4歳以上1勝クラス,3.0,1.0,3福島6,3歳以上1勝クラス,4.7,3.0,2026-07-25 13:26:33,jra,2026-07-25,56.39,75.0,34.1,65.7,68.0,47.5,45.0,履歴少 / 近走上向き / 安定感
202604020107,2026-07-25,7,スティールブルー,13.0,7.0,横山典,56.0,9.0,9.0,7.0,1函館4,UHB杯(3勝クラス),5.0,12.0,3中山2,船橋S(3勝クラス),9.0,12.0,1中山5,初春S(3勝クラス),14.0,10.0,4東京4,テレビ静岡賞(3勝クラス),15.0,7.0,3中京4,桶狭間S(3勝クラス),44.1,11.0,2026-07-25 15:54:13,jra,2026-07-25,44.61,35.0,52.2,24.9,60.5,53.7,45.0,履歴少 / 市場オッズ妙味
202604020107,2026-07-25,7,スマイルアップ,4.0,2.0,松岡,56.0,8.0,3.0,4.0,2福島5,会津S(3勝クラス),3.0,16.0,3東京6,多摩川S(3勝クラス),14.0,14.0,1中山9,江戸川S(3勝クラス),13.0,16.0,4東京4,テレビ静岡賞(3勝クラス),14.0,14.0,2東京8,BSイレブン賞(3勝クラス),29.5,9.0,2026-07-25 15:54:13,jra,2026-07-25,64.19,47.1,77.9,55.3,98.0,67.3,45.0,履歴少 / 人気以上に走る傾向 / 近走上向き / 過小評価傾向
202601010107,2026-07-25,7,セガンティーニ,6.0,4.0,☆舟山,55.0,12.0,2.0,6.0,1新潟8,4歳以上1勝クラス,5.0,6.0,1新潟4,4歳以上1勝クラス,10.0,4.0,1福島3,4歳以上1勝クラス,4.0,1.0,1小倉11,4歳以上1勝クラス,4.0,5.0,1小倉10,4歳以上1勝クラス,8.6,4.0,2026-07-25 13:26:33,jra,2026-07-25,62.17,69.4,49.6,80.2,72.5,57.2,45.0,履歴少 / 近走上向き / 安定感
202607020107,2026-07-25,7,タイセイフェリーク,4.0,4.0,藤懸,56.0,10.0,5.0,13.0,3阪神5,ストークS(3勝クラス),7.0,15.0,3京都9,シドニーT(3勝クラス),8.0,12.0,4京都5,比叡S(3勝クラス),5.0,3.0,3京都11,古都S(3勝クラス),6.0,7.0,4阪神7,ムーンライトH(3勝クラス),21.3,7.0,2026-07-25 15:42:41,jra,2026-07-25,63.4,58.4,85.2,45.0,59.0,68.7,45.0,履歴少 / 人気以上に走る傾向 / 過小評価傾向 / 市場オッズ妙味
202604020107,2026-07-25,7,チューラワンサ,10.0,5.0,今村,56.0,6.0,12.0,7.0,2東京2,湘南S(3勝クラス),13.0,1.0,1京都9,山城S(3勝クラス),1.0,2.0,5阪神2,3歳以上2勝クラス,5.0,1.0,4東京2,tvk賞(2勝クラス),1.0,2.0,3阪神2,3歳以上1勝クラス,36.5,10.0,2026-07-25 15:54:13,jra,2026-07-25,33.43,44.7,16.4,44.7,8.0,44.0,45.0,履歴少 / 市場オッズ妙味
202607020107,2026-07-25,7,ナムラフッカー,11.0,8.0,田山,58.0,7.0,18.0,11.0,3阪神5,ストークS(3勝クラス),4.0,10.0,3京都6,烏丸S(3勝クラス),8.0,10.0,2阪神2,御堂筋S(3勝クラス),9.0,10.0,1阪神7,難波S(3勝クラス),11.0,13.0,5阪神2,元町S(3勝クラス),33.4,8.0,2026-07-25 15:42:41,jra,2026-07-25,37.72,35.0,50.8,24.9,0.0,58.9,45.0,履歴少 / 市場オッズ妙味
202601010107,2026-07-25,7,ナンナンプー,3.0,2.0,石川倭,56.0,5.0,4.0,7.0,1函館10,3歳以上1勝クラス,9.0,7.0,1函館5,長万部特別(1勝クラス),7.0,8.0,1函館4,3歳以上1勝クラス,11.0,8.0,1福島6,4歳以上1勝クラス,11.0,6.0,1福島3,4歳以上1勝クラス,71.2,12.0,2026-07-25 13:26:33,jra,2026-07-25,49.73,47.3,47.6,30.4,83.0,49.6,45.0,履歴少 / 近走上向き
202601010107,2026-07-25,7,ニシノサリーナ,7.0,4.0,池添,53.0,2.0,3.0,3.0,3阪神2,3歳以上1勝クラス,12.0,6.0,2阪神6,忘れな草賞(L),15.0,6.0,1東京5,デイリー杯クイーンC(GIII),1.0,1.0,1京都5,3歳新馬,,,,,3.6,1.0,2026-07-25 13:26:33,jra,2026-07-25,45.84,48.1,24.4,45.0,88.0,43.3,45.0,履歴少 / 近走上向き
202601010107,2026-07-25,7,ハッピーラッキー,2.0,2.0,横山和,55.0,3.0,6.0,1.0,1函館10,3歳以上1勝クラス,5.0,3.0,3東京3,3歳以上1勝クラス,5.0,2.0,1福島5,雪うさぎ賞(1勝クラス),2.0,4.0,3中山4,3歳1勝クラス,4.0,7.0,2中山6,3歳1勝クラス,10.8,5.0,2026-07-25 13:26:33,jra,2026-07-25,53.57,69.9,35.9,69.6,38.0,56.9,45.0,履歴少 / 安定感
202607020107,2026-07-25,7,ハーツコンチェルト,7.0,6.0,松山,58.0,3.0,10.0,5.0,2東京12,目黒記念(GII),3.0,3.0,2東京7,六社S(3勝クラス),,,5東京8,ウェルカムS(3勝クラス),5.0,3.0,1東京3,早春S(3勝クラス),2.0,2.0,3東京3,ジューンS(3勝クラス),4.3,3.0,2026-07-25 15:42:41,jra,2026-07-25,44.02,60.9,34.2,49.8,10.0,50.5,45.0,履歴少
202604020107,2026-07-25,7,ピコローズ,6.0,3.0,田辺,56.0,1.0,8.0,5.0,2東京10,フリーウェイS(3勝クラス),6.0,5.0,2中山5,幕張S(3勝クラス),1.0,2.0,1東京8,4歳以上2勝クラス,2.0,1.0,5中山6,3歳以上2勝クラス,2.0,5.0,5東京5,3歳以上2勝クラス,9.5,3.0,2026-07-25 15:54:13,jra,2026-07-25,50.87,71.0,44.4,44.7,18.5,58.9,45.0,履歴少
202604020107,2026-07-25,7,フライングブレード,18.0,8.0,原,58.0,15.0,5.0,14.0,3東京6,多摩川S(3勝クラス),12.0,12.0,1阪神6,岸和田S(3勝クラス),5.0,10.0,2京都4,石清水S(3勝クラス),3.0,14.0,1京都4,新春S(3勝クラス),9.0,14.0,5阪神6,六甲アイランドS(3勝クラス),79.2,14.0,2026-07-25 15:54:13,jra,2026-07-25,66.79,53.1,90.9,64.7,63.5,73.0,45.0,履歴少 / 人気以上に走る傾向 / 安定感 / 過小評価傾向
202601010107,2026-07-25,7,ペイシャアーサー,1.0,1.0,▲遠藤,55.0,9.0,5.0,5.0,1函館10,3歳以上1勝クラス,14.0,7.0,3中山4,4歳以上1勝クラス,14.0,8.0,1中京4,4歳以上1勝クラス,11.0,5.0,1小倉12,4歳以上1勝クラス,16.0,5.0,1小倉3,4歳以上1勝クラス,87.2,15.0,2026-07-25 13:26:33,jra,2026-07-25,35.21,23.6,15.4,30.4,100.0,34.0,45.0,履歴少 / 近走上向き
202601010107,2026-07-25,7,ペガサスノース,11.0,6.0,▲小林美,53.0,15.0,4.0,6.0,2小倉3,3歳以上1勝クラス,11.0,15.0,3京都5,4歳以上1勝クラス,14.0,7.0,1福島3,4歳以上1勝クラス,10.0,7.0,1京都8,4歳以上1勝クラス,8.0,7.0,3福島3,3歳以上1勝クラス,26.0,8.0,2026-07-25 13:26:33,jra,2026-07-25,48.18,36.7,47.8,30.4,90.5,53.0,45.0,履歴少 / 近走上向き / 市場オッズ妙味
202604020107,2026-07-25,7,ボンヌソワレ,8.0,4.0,杉原,56.0,5.0,1.0,1.0,2東京2,4歳以上2勝クラス,5.0,2.0,1中京5,フィリピンT(2勝クラス),3.0,7.0,1東京8,4歳以上2勝クラス,10.0,3.0,5中山1,3歳以上2勝クラス,4.0,1.0,4阪神7,北摂特別(2勝クラス),6.6,2.0,2026-07-25 15:54:13,jra,2026-07-25,62.38,75.9,41.0,85.4,77.0,52.2,45.0,履歴少 / 近走上向き / 安定感
202604020107,2026-07-25,7,ポッドロワール,1.0,1.0,荻野極,58.0,2.0,15.0,3.0,3中山2,船橋S(3勝クラス),1.0,4.0,2中山4,4歳以上2勝クラス,2.0,6.0,1東京8,4歳以上2勝クラス,2.0,4.0,5東京2,3歳以上2勝クラス,6.0,4.0,4東京2,tvk賞(2勝クラス),12.1,4.0,2026-07-25 15:54:13,jra,2026-07-25,45.8,62.7,35.8,59.3,0.0,57.4,45.0,履歴少 / 市場オッズ妙味
202601010107,2026-07-25,7,マティンデ,15.0,8.0,横山琉,53.0,13.0,9.0,3.0,1函館10,3歳未勝利,6.0,5.0,3阪神6,3歳未勝利,16.0,5.0,1小倉9,3歳未勝利,3.0,3.0,3京都10,2歳未勝利,6.0,9.0,3京都3,2歳新馬,80.3,13.0,2026-07-25 13:26:33,jra,2026-07-25,35.28,44.4,22.4,14.6,42.5,43.8,45.0,履歴少
202604020107,2026-07-25,7,ミストレス,12.0,6.0,吉田豊,56.0,10.0,9.0,10.0,2阪神8,立雲峡S(3勝クラス),17.0,14.0,2阪神4,心斎橋S(3勝クラス),13.0,13.0,1阪神6,岸和田S(3勝クラス),11.0,8.0,5阪神6,六甲アイランドS(3勝クラス),5.0,6.0,5中京1,飛騨S(3勝クラス),78.8,13.0,2026-07-25 15:54:13,jra,2026-07-25,37.43,21.7,44.6,10.3,65.0,50.9,45.0,履歴少 / 近走上向き
202607020107,2026-07-25,7,ミッキーゴールド,1.0,1.0,西村淳,58.0,1.0,10.0,3.0,2東京4,府中S(3勝クラス),10.0,4.0,2阪神2,御堂筋S(3勝クラス),3.0,1.0,1小倉12,関門橋S(3勝クラス),5.0,1.0,5阪神4,オリオンS(3勝クラス),1.0,2.0,4京都5,3歳以上2勝クラス,3.3,2.0,2026-07-25 15:42:41,jra,2026-07-25,37.25,52.3,18.5,44.7,18.5,43.4,45.0,履歴少
202607020107,2026-07-25,7,ミュージシャン,9.0,7.0,坂井,58.0,4.0,2.0,1.0,3阪神1,垂水S(3勝クラス),2.0,2.0,2阪神6,京橋S(3勝クラス),7.0,3.0,2京都5,飛鳥S(3勝クラス),1.0,1.0,5阪神7,3歳以上2勝クラス,3.0,1.0,4中京4,美濃特別(2勝クラス),2.5,1.0,2026-07-25 15:42:41,jra,2026-07-25,61.4,84.4,40.9,80.2,57.5,49.3,45.0,履歴少 / 安定感
202607020107,2026-07-25,7,メイショウソウタ,8.0,7.0,菱田,58.0,11.0,15.0,12.0,3阪神5,ストークS(3勝クラス),9.0,9.0,3京都7,上賀茂S(3勝クラス),7.0,7.0,2中山3,上総S(3勝クラス),3.0,5.0,2京都6,北山S(3勝クラス),15.0,9.0,1京都5,雅S(3勝クラス),121.3,10.0,2026-07-25 15:42:41,jra,2026-07-25,33.16,31.5,41.3,14.6,11.0,49.0,45.0,履歴少
202604020107,2026-07-25,7,モジャーリオ,17.0,8.0,斎藤,58.0,14.0,7.0,2.0,1京都9,山城S(3勝クラス),3.0,6.0,5阪神6,六甲アイランドS(3勝クラス),8.0,2.0,5中山2,南総S(3勝クラス),1.0,1.0,3京都9,壬生特別(2勝クラス),2.0,2.0,4中山8,勝浦特別(2勝クラス),25.5,8.0,2026-07-25 15:54:13,jra,2026-07-25,49.3,69.5,36.3,49.8,29.0,51.1,45.0,履歴少 / 市場オッズ妙味
202604020107,2026-07-25,7,モンテシート,9.0,5.0,田口,58.0,7.0,7.0,8.0,2東京2,湘南S(3勝クラス),8.0,6.0,1東京2,節分S(3勝クラス),5.0,5.0,5阪神6,六甲アイランドS(3勝クラス),2.0,1.0,4京都7,東山S(3勝クラス),7.0,3.0,4阪神4,仲秋S(3勝クラス),19.9,7.0,2026-07-25 15:54:13,jra,2026-07-25,48.97,59.0,44.7,34.3,41.0,58.3,45.0,履歴少 / 市場オッズ妙味
202601010107,2026-07-25,7,ランプローグ,5.0,3.0,佐々木,53.0,11.0,7.0,3.0,1函館11,3歳以上1勝クラス,8.0,13.0,2中山5,アネモネS(L),6.0,9.0,1東京5,3歳1勝クラス,5.0,8.0,3福島4,福島2歳S(OP),3.0,7.0,4東京7,2歳1勝クラス,27.2,10.0,2026-07-25 13:26:33,jra,2026-07-25,51.79,57.2,60.3,24.9,41.0,63.4,45.0,履歴少 / 市場オッズ妙味
202607020107,2026-07-25,7,リンフレスカンテ,3.0,3.0,酒井,58.0,5.0,10.0,13.0,2東京7,六社S(3勝クラス),7.0,11.0,2阪神2,御堂筋S(3勝クラス),13.0,14.0,2中山4,湾岸S(3勝クラス),9.0,10.0,1阪神8,阪神大賞典(GII),4.0,4.0,1阪神1,阪神リニューアル記念(3勝クラス),129.4,11.0,2026-07-25 15:42:41,jra,2026-07-25,44.48,35.4,65.8,10.3,39.5,59.4,45.0,履歴少 / 人気以上に走る傾向
202604020107,2026-07-25,7,ルミノメテオール,14.0,7.0,江田照,56.0,17.0,16.0,18.0,3京都12,渡月橋S(3勝クラス),16.0,13.0,2阪神4,天満橋S(3勝クラス),6.0,8.0,4京都7,東山S(3勝クラス),8.0,11.0,3京都8,長岡京S(3勝クラス),11.0,12.0,4阪神8,道頓堀S(3勝クラス),193.4,17.0,2026-07-25 15:54:13,jra,2026-07-25,33.34,20.3,55.6,0.0,15.5,56.8,45.0,履歴少
202604020107,2026-07-25,7,ヴェサリウス,11.0,6.0,小崎,58.0,13.0,8.0,2.0,1函館4,UHB杯(3勝クラス),4.0,5.0,3中山2,船橋S(3勝クラス),6.0,5.0,2中山2,アクアマリンS(3勝クラス),4.0,5.0,5中京1,飛騨S(3勝クラス),15.0,7.0,4東京1,白秋S(3勝クラス),54.0,12.0,2026-07-25 15:54:13,jra,2026-07-25,44.36,55.3,32.8,39.5,45.5,45.0,45.0,履歴少
202607020108,2026-07-25,8,アトレッタ,6.0,6.0,幸,55.0,5.0,1.0,2.0,3京都6,3歳未勝利,7.0,7.0,2阪神8,3歳未勝利,,,,,,,,,,,,,22.3,7.0,2026-07-25 16:18:13,jra,2026-07-25,52.64,61.1,47.6,34.7,65.3,54.3,45.0,履歴少 / サンプル少 / 近走上向き / 市場オッズ妙味
202601010108,2026-07-25,8,アルニラム,11.0,8.0,古川吉,58.0,11.0,8.0,12.0,1函館9,3歳以上1勝クラス,10.0,11.0,2福島2,3歳以上1勝クラス,11.0,10.0,3中山2,4歳以上1勝クラス,7.0,10.0,5中京1,3歳以上1勝クラス,9.0,10.0,5東京6,3歳以上1勝クラス,316.1,12.0,2026-07-25 13:57:08,jra,2026-07-25,44.63,35.6,62.7,0.0,57.5,58.7,45.0,履歴少
202607020108,2026-07-25,8,アンビアンス,4.0,4.0,吉村,56.0,8.0,6.0,9.0,3阪神4,3歳以上1勝クラス,12.0,10.0,3京都9,4歳以上1勝クラス,6.0,5.0,3京都4,4歳以上1勝クラス,7.0,10.0,1福島2,4歳以上1勝クラス,10.0,9.0,1中京3,4歳以上1勝クラス,172.1,8.0,2026-07-25 16:18:13,jra,2026-07-25,45.27,43.6,53.9,0.0,66.5,54.8,45.0,履歴少 / 近走上向き
202604020108,2026-07-25,8,アヴァランチ,9.0,6.0,田辺,55.0,13.0,6.0,7.0,3東京3,3歳以上1勝クラス,1.0,1.0,2東京7,3歳未勝利,2.0,5.0,2東京2,3歳未勝利,6.0,10.0,1東京3,3歳未勝利,8.0,8.0,5東京7,2歳未勝利,11.5,5.0,2026-07-25 16:28:18,jra,2026-07-25,59.17,74.6,60.4,44.7,39.5,65.6,45.0,履歴少 / 過小評価傾向
202604020108,2026-07-25,8,イリュストル,5.0,4.0,杉原,58.0,10.0,8.0,12.0,2東京10,4歳以上1勝クラス,11.0,9.0,1新潟4,荒川峡特別(1勝クラス),10.0,3.0,3中山7,4歳以上1勝クラス,1.0,1.0,2東京5,3歳未勝利,3.0,2.0,1東京3,3歳新馬,21.1,8.0,2026-07-25 16:28:18,jra,2026-07-25,43.48,47.2,44.6,24.9,39.5,52.4,45.0,履歴少 / 市場オッズ妙味
202604020108,2026-07-25,8,インナーパッション,11.0,7.0,斎藤,55.0,4.0,1.0,4.0,3東京2,3歳未勝利,7.0,6.0,4東京10,2歳新馬,,,,,,,,,,,,,3.0,1.0,2026-07-25 16:28:18,jra,2026-07-25,53.13,61.1,50.1,34.7,65.3,53.5,45.0,履歴少 / サンプル少 / 近走上向き
202601010108,2026-07-25,8,オンザムービー,7.0,6.0,横山和,55.0,1.0,1.0,2.0,1函館1,3歳未勝利,4.0,1.0,3京都8,3歳未勝利,3.0,4.0,3京都2,3歳未勝利,2.0,13.0,1京都2,3歳未勝利,9.0,11.0,5中京3,2歳未勝利,2.0,1.0,2026-07-25 13:57:08,jra,2026-07-25,70.18,83.1,61.0,89.7,71.0,60.8,45.0,履歴少 / 近走上向き / 安定感
202601010108,2026-07-25,8,カフェブーケット,3.0,3.0,☆長浜,57.0,6.0,8.0,12.0,3東京2,3歳以上1勝クラス,13.0,7.0,2東京3,4歳以上1勝クラス,14.0,13.0,5東京6,3歳以上1勝クラス,8.0,6.0,4東京11,3歳以上1勝クラス,9.0,2.0,1札幌7,3歳以上1勝クラス,186.8,11.0,2026-07-25 13:57:08,jra,2026-07-25,35.41,24.5,39.6,0.0,68.0,45.7,45.0,履歴少 / 近走上向き
202604020108,2026-07-25,8,ケルピー,3.0,3.0,江田照,58.0,11.0,2.0,2.0,高知,穀雨特別(C2),,,高知,清明特別(C2),1.0,1.0,高知,帯広競馬場特別(C2),1.0,3.0,高知,ヒナギク特別(C3),2.0,2.0,高知,ウメ特別(C3),85.9,12.0,2026-07-25 16:28:18,jra,2026-07-25,47.4,47.2,51.6,37.0,43.0,55.1,45.0,地方実績を中央換算 / 履歴少
202604020108,2026-07-25,8,コッレヴェッキオ,8.0,6.0,丸山,58.0,9.0,2.0,11.0,2東京7,4歳以上1勝クラス,13.0,8.0,3福島5,3歳以上1勝クラス,13.0,7.0,4中山9,3歳以上1勝クラス,4.0,6.0,1函館2,3歳以上1勝クラス,9.0,5.0,1阪神8,4歳以上1勝クラス,8.3,4.0,2026-07-25 16:28:18,jra,2026-07-25,54.16,44.6,51.3,45.0,96.5,56.4,45.0,履歴少 / 近走上向き
202607020108,2026-07-25,8,サイモンシャリオ,7.0,7.0,松若,55.0,6.0,6.0,14.0,2福島2,ラジオNIKKEI賞(GIII),6.0,6.0,3京都7,あずさ賞(1勝クラス),3.0,2.0,1福島3,ひめさゆり賞(1勝クラス),1.0,2.0,2阪神2,3歳未勝利,2.0,4.0,1中京1,3歳未勝利,9.1,4.0,2026-07-25 16:18:13,jra,2026-07-25,59.96,73.9,68.1,44.7,32.0,65.9,45.0,履歴少 / 人気以上に走る傾向 / 過小評価傾向
202607020108,2026-07-25,8,サラコスティ,2.0,2.0,松山,58.0,3.0,3.0,1.0,2東京10,4歳以上1勝クラス,2.0,2.0,3京都4,4歳以上1勝クラス,8.0,2.0,1小倉11,脊振山特別(1勝クラス),8.0,7.0,1小倉1,4歳以上1勝クラス,8.0,7.0,1京都2,4歳以上1勝クラス,14.2,5.0,2026-07-25 16:18:13,jra,2026-07-25,54.97,68.1,35.7,55.3,71.0,54.8,45.0,履歴少 / 近走上向き / 市場オッズ妙味
202607020108,2026-07-25,8,サンダーバード,3.0,3.0,岩田望,53.0,4.0,1.0,3.0,2小倉2,3歳未勝利,10.0,1.0,3京都9,3歳未勝利,3.0,4.0,3京都1,3歳未勝利,16.0,5.0,1京都3,3歳未勝利,2.0,2.0,3京都5,2歳未勝利,18.8,6.0,2026-07-25 16:18:13,jra,2026-07-25,54.45,63.5,28.7,60.5,90.5,51.2,45.0,履歴少 / 近走上向き / 安定感 / 市場オッズ妙味
202601010108,2026-07-25,8,ザハント,6.0,5.0,小沢,58.0,2.0,10.0,2.0,2札幌4,3歳以上1勝クラス,1.0,1.0,1札幌4,3歳未勝利,5.0,1.0,1函館11,3歳未勝利,2.0,3.0,1函館7,3歳未勝利,5.0,1.0,1函館4,3歳未勝利,43.3,7.0,2026-07-25 13:57:08,jra,2026-07-25,45.5,67.3,25.6,69.6,9.5,46.5,45.0,履歴少 / 安定感 / 市場オッズ妙味
202601010108,2026-07-25,8,ジェネラスキング,5.0,5.0,横山武,55.0,3.0,7.0,3.0,2福島1,3歳以上1勝クラス,1.0,1.0,3中山2,3歳未勝利,4.0,2.0,2中山5,3歳未勝利,2.0,4.0,1中山7,3歳未勝利,2.0,10.0,5中山8,2歳新馬,8.6,3.0,2026-07-25 13:57:08,jra,2026-07-25,57.28,78.7,46.6,69.6,21.5,61.8,45.0,履歴少 / 安定感
202607020108,2026-07-25,8,スノースケープ,1.0,1.0,川田,53.0,2.0,1.0,1.0,3京都10,3歳未勝利,3.0,2.0,3京都4,3歳未勝利,,,,,,,,,,,,,3.1,2.0,2026-07-25 16:18:13,jra,2026-07-25,53.54,69.0,43.8,48.4,52.1,51.0,45.0,履歴少 / サンプル少
202601010108,2026-07-25,8,タイキルッジェーロ,8.0,6.0,北村友,55.0,9.0,8.0,4.0,1函館7,恵山特別(1勝クラス),6.0,3.0,1函館4,3歳以上1勝クラス,11.0,11.0,2中山6,フジTVスプリングS(GII),8.0,3.0,1中山9,若竹賞(1勝クラス),1.0,13.0,1京都1,3歳新馬,19.2,5.0,2026-07-25 13:57:08,jra,2026-07-25,42.66,49.0,39.8,10.3,41.0,62.2,45.0,履歴少 / 市場オッズ妙味
202601010108,2026-07-25,8,ハイライトニング,9.0,7.0,池添,55.0,8.0,10.0,15.0,2中山5,3歳1勝クラス,7.0,7.0,1中山3,黒竹賞(1勝クラス),12.0,8.0,5中山4,2歳1勝クラス,1.0,4.0,4中山9,2歳未勝利,5.0,4.0,2札幌6,2歳未勝利,51.9,9.0,2026-07-25 13:57:08,jra,2026-07-25,45.07,45.5,57.4,24.9,27.5,55.5,45.0,履歴少
202604020108,2026-07-25,8,ハルノアラシ,7.0,5.0,石川,58.0,7.0,9.0,11.0,2福島5,3歳以上1勝クラス,7.0,8.0,2東京9,4歳以上1勝クラス,6.0,8.0,2東京3,4歳以上1勝クラス,9.0,8.0,1阪神3,4歳以上1勝クラス,13.0,9.0,1中山1,4歳以上1勝クラス,44.2,11.0,2026-07-25 16:28:18,jra,2026-07-25,42.96,41.4,54.9,0.0,48.5,56.3,45.0,履歴少 / 市場オッズ妙味
202604020108,2026-07-25,8,バッカステソーロ,12.0,8.0,石橋脩,55.0,12.0,1.0,1.0,佐賀,3歳ー8組,1.0,1.0,佐賀,SAGAリベンジャー(3歳),12.0,8.0,2中山3,3歳未勝利,,,,,,,,,20.8,7.0,2026-07-25 16:28:18,jra,2026-07-25,44.07,33.4,42.6,22.9,83.0,52.0,45.0,地方実績を中央換算 / 履歴少 / 近走上向き / 市場オッズ妙味
202604020108,2026-07-25,8,パイオニアスクエア,10.0,7.0,荻野極,58.0,2.0,5.0,6.0,2小倉1,八代特別(1勝クラス),8.0,4.0,1新潟4,荒川峡特別(1勝クラス),2.0,8.0,1中京6,4歳以上1勝クラス,3.0,2.0,4阪神2,3歳未勝利,5.0,1.0,3中京7,3歳未勝利,4.0,2.0,2026-07-25 16:28:18,jra,2026-07-25,58.03,69.1,49.5,75.1,47.0,54.6,45.0,履歴少 / 安定感
202601010108,2026-07-25,8,ビービーバザーク,1.0,1.0,▲和田陽,55.0,4.0,11.0,11.0,1函館11,湯浜特別(1勝クラス),8.0,3.0,2東京7,4歳以上1勝クラス,4.0,3.0,2東京4,4歳以上1勝クラス,8.0,4.0,1阪神2,4歳以上1勝クラス,7.0,5.0,2京都4,4歳以上1勝クラス,22.8,6.0,2026-07-25 13:57:08,jra,2026-07-25,37.13,43.9,34.4,19.8,24.5,48.5,45.0,履歴少 / 市場オッズ妙味
202601010108,2026-07-25,8,ピエナオルカ,12.0,8.0,▲小林美,52.0,5.0,1.0,1.0,2小倉3,3歳未勝利,4.0,2.0,3阪神3,3歳未勝利,2.0,2.0,1新潟7,3歳未勝利,4.0,1.0,1中京4,3歳未勝利,4.0,3.0,1阪神6,3歳未勝利,2.5,2.0,2026-07-25 13:57:08,jra,2026-07-25,65.76,86.5,42.7,100.0,65.0,50.0,45.0,履歴少 / 近走上向き / 安定感
202601010108,2026-07-25,8,ファンタイムギフト,10.0,7.0,丹内,58.0,10.0,3.0,5.0,1函館8,3歳以上1勝クラス,5.0,4.0,3東京1,3歳以上1勝クラス,7.0,5.0,2東京7,4歳以上1勝クラス,13.0,7.0,5中山6,3歳以上1勝クラス,7.0,6.0,4東京11,3歳以上1勝クラス,17.9,4.0,2026-07-25 13:57:08,jra,2026-07-25,55.46,58.7,42.9,55.3,80.0,57.0,45.0,履歴少 / 近走上向き / 市場オッズ妙味
202607020108,2026-07-25,8,ブラックシャリマー,5.0,5.0,コレット,55.0,7.0,2.0,2.0,3阪神1,城崎特別(1勝クラス),2.0,2.0,3京都1,あやめ賞(1勝クラス),1.0,4.0,2京都5,3歳未勝利,3.0,2.0,5阪神4,2歳新馬,,,,,5.4,3.0,2026-07-25 16:18:13,jra,2026-07-25,68.22,92.5,53.5,89.7,50.0,58.8,45.0,履歴少 / 安定感
202604020108,2026-07-25,8,ブレスドナイル,13.0,8.0,田口,56.0,6.0,7.0,10.0,3阪神2,3歳以上1勝クラス,5.0,13.0,3京都9,4歳以上1勝クラス,4.0,11.0,1新潟1,4歳以上1勝クラス,12.0,11.0,1阪神2,4歳以上1勝クラス,10.0,7.0,1小倉3,4歳以上1勝クラス,22.0,9.0,2026-07-25 16:28:18,jra,2026-07-25,58.67,52.4,76.8,44.7,54.5,65.4,45.0,履歴少 / 人気以上に走る傾向 / 過小評価傾向 / 市場オッズ妙味
202601010108,2026-07-25,8,マーベリックシチー,2.0,2.0,鮫島駿,58.0,12.0,6.0,5.0,1函館5,3歳以上1勝クラス,4.0,7.0,1函館3,3歳以上1勝クラス,5.0,3.0,1福島4,4歳以上1勝クラス,3.0,5.0,1小倉10,4歳以上1勝クラス,3.0,14.0,1小倉3,4歳以上1勝クラス,46.4,8.0,2026-07-25 13:57:08,jra,2026-07-25,60.81,71.6,60.3,69.6,36.5,64.8,45.0,履歴少 / 安定感 / 市場オッズ妙味
202604020108,2026-07-25,8,メトロポリターナ,4.0,4.0,丸田,56.0,8.0,10.0,12.0,3東京5,3歳以上1勝クラス,5.0,14.0,1新潟1,4歳以上1勝クラス,9.0,11.0,1福島4,4歳以上1勝クラス,10.0,10.0,3中山2,4歳以上1勝クラス,5.0,11.0,2中山6,4歳以上1勝クラス,101.8,13.0,2026-07-25 16:28:18,jra,2026-07-25,52.7,43.7,77.1,35.3,33.5,65.8,45.0,履歴少 / 人気以上に走る傾向 / 過小評価傾向
202604020108,2026-07-25,8,ライヴスプーン,2.0,2.0,木幡巧,56.0,3.0,13.0,15.0,2東京10,4歳以上1勝クラス,6.0,2.0,1新潟3,4歳以上1勝クラス,14.0,6.0,1福島6,4歳以上1勝クラス,6.0,8.0,5中山7,3歳以上1勝クラス,5.0,5.0,5中京3,3歳以上1勝クラス,37.1,10.0,2026-07-25 16:28:18,jra,2026-07-25,33.24,32.0,38.3,10.3,18.5,51.1,45.0,履歴少 / 市場オッズ妙味
202601010108,2026-07-25,8,リュミナーズ,4.0,4.0,佐々木,56.0,7.0,8.0,10.0,1新潟7,4歳以上1勝クラス,6.0,3.0,1新潟1,4歳以上1勝クラス,4.0,4.0,1中山5,4歳以上1勝クラス,3.0,3.0,5中京4,3歳以上1勝クラス,3.0,6.0,4中山8,3歳以上1勝クラス,60.9,10.0,2026-07-25 13:57:08,jra,2026-07-25,50.94,64.3,51.2,44.7,26.0,54.8,45.0,履歴少
202604020108,2026-07-25,8,ロケットパンチ,6.0,5.0,武藤,55.0,1.0,1.0,6.0,3東京3,3歳未勝利,7.0,7.0,1福島1,3歳未勝利,2.0,7.0,1中山5,3歳未勝利,3.0,9.0,5中山5,2歳未勝利,6.0,7.0,3福島3,2歳未勝利,5.8,3.0,2026-07-25 16:28:18,jra,2026-07-25,70.64,80.0,74.4,64.7,71.0,68.5,45.0,履歴少 / 人気以上に走る傾向 / 近走上向き / 安定感
202607020108,2026-07-25,8,ロードフィレール,8.0,8.0,坂井,55.0,1.0,17.0,15.0,3中山8,皐月賞(GI),2.0,6.0,1阪神9,若葉S(L),1.0,1.0,2新潟5,2歳未勝利,2.0,4.0,2小倉8,2歳新馬,,,,,2.1,1.0,2026-07-25 16:18:13,jra,2026-07-25,50.31,62.6,55.3,59.3,0.0,56.4,45.0,履歴少
202604020108,2026-07-25,8,ヴィエントデコラ,1.0,1.0,菊沢,55.0,5.0,9.0,4.0,2小倉6,3歳以上1勝クラス,11.0,10.0,3京都3,ユニコーンS(GIII),6.0,5.0,2阪神5,3歳1勝クラス,5.0,4.0,1中京1,3歳1勝クラス,1.0,1.0,2京都1,3歳未勝利,12.2,6.0,2026-07-25 16:28:18,jra,2026-07-25,44.09,48.0,35.2,24.9,30.5,55.4,77.8,ダ適性 / 京都実績 / 距離適性 / クラス条件好転
202604020109,2026-07-25,9,アメリカンピース,10.0,8.0,小坂,60.0,3.0,5.0,9.0,2福島1,障害3歳以上OP,9.0,7.0,1新潟1,障害4歳以上OP,11.0,11.0,2中山3,障害4歳以上OP,3.0,12.0,5阪神5,障害3歳以上OP,6.0,7.0,3福島5,障害3歳以上OP,47.5,8.0,2026-07-25 17:04:18,jra,2026-07-25,56.65,52.0,64.9,45.0,63.5,64.1,45.0,履歴少 / 市場オッズ妙味
202607020109,2026-07-25,9,イーブンベター,14.0,7.0,国分恭,56.0,6.0,8.0,4.0,1京都8,4歳以上1勝クラス,3.0,9.0,1京都5,4歳以上1勝クラス,2.0,5.0,5中京5,3歳以上1勝クラス,9.0,9.0,4阪神5,3歳以上1勝クラス,1.0,15.0,4中京2,3歳未勝利,10.2,6.0,2026-07-25 16:52:03,jra,2026-07-25,59.11,68.1,66.2,55.0,24.5,72.2,45.0,履歴少 / 人気以上に走る傾向 / 過小評価傾向
202604020109,2026-07-25,9,ウォーターリーダー,1.0,1.0,高田,60.0,6.0,8.0,2.0,2福島1,障害3歳以上OP,3.0,4.0,1新潟1,障害4歳以上OP,7.0,6.0,1小倉3,障害4歳以上OP,1.0,3.0,3福島4,障害3歳以上未勝利,11.0,7.0,4東京2,障害3歳以上未勝利,9.0,5.0,2026-07-25 17:04:18,jra,2026-07-25,46.99,61.2,36.7,39.5,35.0,54.2,45.0,履歴少
202607020109,2026-07-25,9,オブシディアーナ,7.0,4.0,吉村,56.0,11.0,4.0,7.0,2小倉5,3歳以上1勝クラス,10.0,4.0,1新潟7,4歳以上1勝クラス,2.0,7.0,1新潟3,4歳以上1勝クラス,,8.0,1東京6,4歳以上1勝クラス,1.0,2.0,園田,能見篤史☆来場記念C(C1),23.6,8.0,2026-07-25 16:52:03,jra,2026-07-25,55.77,61.9,53.7,54.8,52.0,58.7,45.0,履歴少 / 市場オッズ妙味
202601010109,2026-07-25,9,ガーネットフレア,1.0,1.0,北村友,53.0,1.0,10.0,5.0,1函館6,3歳以上1勝クラス,7.0,2.0,1函館2,3歳以上1勝クラス,1.0,3.0,1小倉10,3歳未勝利,3.0,3.0,1小倉5,3歳未勝利,7.0,4.0,5阪神3,2歳未勝利,24.7,6.0,2026-07-25 14:26:53,jra,2026-07-25,41.52,58.9,31.2,34.3,17.0,49.1,45.0,履歴少 / 市場オッズ妙味
202601010109,2026-07-25,9,キタノサリスカ,9.0,8.0,▲和田陽,50.0,6.0,6.0,8.0,1函館6,3歳以上1勝クラス,11.0,13.0,2阪神7,3歳1勝クラス,1.0,11.0,1中京5,3歳未勝利,10.0,13.0,1阪神3,3歳未勝利,6.0,12.0,5阪神3,2歳新馬,123.7,10.0,2026-07-25 14:26:53,jra,2026-07-25,57.04,53.3,79.0,19.8,56.0,68.5,45.0,履歴少 / 人気以上に走る傾向 / 過小評価傾向
202604020109,2026-07-25,9,コスモチプリア,2.0,2.0,▲土田,57.0,,10.0,7.0,2福島5,障害3歳以上OP,9.0,10.0,2中山7,ペガサスジャンプS(OP),6.0,7.0,1小倉9,障害4歳以上OP,4.0,11.0,1小倉1,障害4歳以上OP,9.0,12.0,5中京4,3歳以上1勝クラス,56.9,10.0,2026-07-25 17:04:18,jra,2026-07-25,44.22,44.1,56.1,14.6,32.0,59.4,45.0,履歴少
202604020109,2026-07-25,9,サルサロッサ,5.0,5.0,▲水沼,57.0,8.0,5.0,13.0,1新潟7,障害4歳以上OP,6.0,9.0,1新潟1,障害4歳以上OP,11.0,13.0,1小倉7,小倉ジャンプS(JGIII),6.0,12.0,1小倉3,障害4歳以上OP,11.0,10.0,3福島5,障害3歳以上OP,30.2,7.0,2026-07-25 17:04:18,jra,2026-07-25,59.6,50.4,80.4,30.4,71.0,68.0,45.0,履歴少 / 人気以上に走る傾向 / 近走上向き / 過小評価傾向
202604020109,2026-07-25,9,サングラデーション,4.0,4.0,上野,60.0,2.0,1.0,2.0,1新潟8,障害4歳以上未勝利,3.0,7.0,1新潟2,障害4歳以上未勝利,9.0,7.0,3福島1,3歳以上1勝クラス,10.0,10.0,4新潟2,松浜特別(1勝クラス),10.0,7.0,2札幌2,ルスツ特別(1勝クラス),4.5,3.0,2026-07-25 17:04:18,jra,2026-07-25,61.39,65.4,54.2,55.3,92.0,56.4,45.0,履歴少 / 近走上向き
202601010109,2026-07-25,9,シニャンガ,5.0,5.0,横山武,53.0,5.0,1.0,1.0,2東京1,3歳未勝利,2.0,1.0,1東京5,3歳未勝利,2.0,2.0,5東京3,2歳新馬,,,,,,,,,2.9,1.0,2026-07-25 14:26:53,jra,2026-07-25,65.82,95.2,47.7,75.1,56.0,53.4,45.0,履歴少 / 安定感
202601010109,2026-07-25,9,ジェルブロア,4.0,4.0,◇古川奈,54.0,8.0,2.0,4.0,2福島6,織姫賞(1勝クラス),6.0,6.0,1中京4,4歳以上1勝クラス,2.0,4.0,1阪神6,4歳以上1勝クラス,4.0,4.0,1小倉9,4歳以上1勝クラス,7.0,7.0,4阪神4,3歳以上1勝クラス,4.5,3.0,2026-07-25 14:26:53,jra,2026-07-25,63.91,77.6,57.0,64.7,66.5,59.0,45.0,履歴少 / 近走上向き / 安定感
202601010109,2026-07-25,9,ジャストビート,7.0,7.0,鮫島駿,53.0,7.0,6.0,6.0,3京都1,あやめ賞(1勝クラス),6.0,5.0,2阪神1,君子蘭賞(1勝クラス),6.0,9.0,1京都9,河津桜賞(1勝クラス),7.0,9.0,5阪神3,エリカ賞(1勝クラス),6.0,8.0,4京都4,黄菊賞(1勝クラス),25.9,8.0,2026-07-25 14:26:53,jra,2026-07-25,49.0,58.8,55.9,0.0,51.5,60.2,45.0,履歴少 / 市場オッズ妙味
202604020109,2026-07-25,9,スコラーリ,3.0,3.0,伴,60.0,5.0,3.0,2.0,1新潟3,障害4歳以上OP,3.0,2.0,1小倉11,障害4歳以上OP,4.0,3.0,3福島5,障害3歳以上OP,8.0,4.0,2新潟7,新潟ジャンプS(JGIII),1.0,6.0,1新潟6,障害4歳以上未勝利,3.7,2.0,2026-07-25 17:04:18,jra,2026-07-25,61.6,78.2,44.3,85.4,56.0,54.3,45.0,履歴少 / 安定感
202607020109,2026-07-25,9,ステライヴ,16.0,8.0,西村淳,53.0,8.0,6.0,2.0,3京都2,3歳1勝クラス,1.0,3.0,2阪神6,3歳未勝利,,,,,,,,,,,,,6.2,3.0,2026-07-25 16:52:03,jra,2026-07-25,45.99,60.9,40.5,31.7,29.0,53.1,45.0,履歴少 / サンプル少
202604020109,2026-07-25,9,ダノンロッキー,7.0,7.0,五十嵐,60.0,,6.0,3.0,3京都7,京都ハイジャンプ(JGII),2.0,2.0,1小倉9,障害4歳以上OP,1.0,1.0,5中山6,障害3歳以上未勝利,2.0,4.0,4東京9,障害3歳以上未勝利,6.0,6.0,2新潟3,障害3歳以上未勝利,2.4,1.0,2026-07-25 17:04:18,jra,2026-07-25,56.21,80.5,45.7,59.3,30.5,53.1,45.0,履歴少
202607020109,2026-07-25,9,ダンシングドール,12.0,6.0,▲森田,50.0,3.0,5.0,6.0,2阪神6,3歳1勝クラス,4.0,4.0,2阪神1,君子蘭賞(1勝クラス),9.0,15.0,1阪神4,チューリップ賞(GII),4.0,10.0,2京都2,3歳1勝クラス,1.0,1.0,5中京1,2歳未勝利,5.2,2.0,2026-07-25 16:52:03,jra,2026-07-25,63.99,68.1,66.6,80.2,47.0,65.5,45.0,履歴少 / 人気以上に走る傾向 / 安定感 / 過小評価傾向
202607020109,2026-07-25,9,テーオーアンジェラ,5.0,3.0,国分優,53.0,13.0,12.0,12.0,3京都3,3歳1勝クラス,1.0,1.0,笠松,鵜沼宿特別(3歳),10.0,5.0,1小倉2,3歳未勝利,7.0,3.0,1京都1,3歳未勝利,3.0,3.0,3京都2,2歳未勝利,237.0,14.0,2026-07-25 16:52:03,jra,2026-07-25,35.82,39.9,39.0,24.8,9.5,47.7,45.0,履歴少
202601010109,2026-07-25,9,ディヒターリーベ,8.0,7.0,石川倭,56.0,2.0,5.0,1.0,名古屋,C11組,1.0,1.0,名古屋,C19組,1.0,1.0,名古屋,名古屋で初競馬賞(C),1.0,1.0,名古屋,C25組,,,,,88.1,9.0,2026-07-25 14:26:53,jra,2026-07-25,40.13,34.1,45.7,34.3,33.0,50.2,45.0,地方実績を中央換算 / 履歴少
202607020109,2026-07-25,9,ドレドレ,15.0,8.0,秋山稔,53.0,16.0,10.0,4.0,金沢,兼六園スプリント(重賞),2.0,7.0,金沢,石川優駿(重賞),3.0,4.0,金沢,北日本新聞杯【石川優(重賞),1.0,2.0,金沢,3歳A　2,2.0,1.0,金沢,BAOOへGO!賞(3歳),268.5,15.0,2026-07-25 16:52:03,jra,2026-07-25,39.79,34.5,48.5,33.1,21.0,53.5,45.0,地方実績を中央換算 / 履歴少
202607020109,2026-07-25,9,ナムラティアラ,4.0,2.0,西塚,53.0,4.0,7.0,10.0,3京都2,3歳1勝クラス,11.0,15.0,2阪神8,3歳1勝クラス,1.0,1.0,金沢,能登千里浜賞(未勝利)(3歳),13.0,6.0,5阪神3,2歳未勝利,3.0,4.0,3京都7,2歳未勝利,141.2,11.0,2026-07-25 16:52:03,jra,2026-07-25,44.96,38.9,56.9,19.2,50.0,54.1,45.0,履歴少
202601010109,2026-07-25,9,ナムラヒナギク,10.0,8.0,小沢,53.0,3.0,3.0,7.0,1函館9,3歳以上1勝クラス,8.0,5.0,1函館6,臥牛山特別(1勝クラス),3.0,4.0,1函館2,八雲特別(1勝クラス),6.0,10.0,3京都9,メルボルンT(1勝クラス),6.0,6.0,3京都5,3歳1勝クラス,6.6,4.0,2026-07-25 14:26:53,jra,2026-07-25,60.32,68.0,58.7,50.2,66.5,61.9,45.0,履歴少 / 近走上向き
202601010109,2026-07-25,9,ニシノエピカリ,2.0,2.0,★河原田,52.0,4.0,15.0,14.0,1新潟7,4歳以上1勝クラス,10.0,10.0,1福島6,4歳以上1勝クラス,5.0,7.0,3中山3,4歳以上1勝クラス,15.0,6.0,3福島1,3歳以上1勝クラス,9.0,8.0,4東京1,3歳以上1勝クラス,25.5,7.0,2026-07-25 14:26:53,jra,2026-07-25,32.68,24.1,40.7,19.8,18.5,50.5,45.0,履歴少 / 市場オッズ妙味
202607020109,2026-07-25,9,ニーナバイリッカ,10.0,5.0,◇永島,54.0,10.0,1.0,1.0,笠松,C16組,1.0,1.0,笠松,第8回河内一秀記念(C),3.0,1.0,笠松,ポインセチア特別(C),1.0,1.0,笠松,カサオク・サンクス賞(C),8.0,14.0,4阪神4,3歳未勝利,159.8,12.0,2026-07-25 16:52:03,jra,2026-07-25,46.46,38.8,52.7,36.5,51.8,56.1,45.0,地方実績を中央換算 / 履歴少
202604020109,2026-07-25,9,パープルアドミラル,6.0,6.0,金子,62.0,7.0,4.0,5.0,1新潟7,障害4歳以上OP,1.0,11.0,1新潟1,障害4歳以上OP,11.0,11.0,3中山5,障害4歳以上OP,4.0,12.0,1小倉9,障害4歳以上OP,10.0,9.0,3福島5,障害3歳以上OP,23.2,6.0,2026-07-25 17:04:18,jra,2026-07-25,67.16,66.0,77.0,69.9,65.0,68.0,45.0,履歴少 / 人気以上に走る傾向 / 近走上向き / 安定感
202607020109,2026-07-25,9,ミスヘンリー,11.0,6.0,幸,53.0,9.0,13.0,14.0,3京都5,3歳1勝クラス,1.0,2.0,2阪神6,3歳未勝利,4.0,7.0,1阪神8,3歳未勝利,3.0,5.0,2京都5,3歳未勝利,7.0,6.0,1小倉1,3歳未勝利,83.3,10.0,2026-07-25 16:52:03,jra,2026-07-25,50.35,58.8,59.3,59.3,0.0,57.4,45.0,履歴少
202604020109,2026-07-25,9,モンツァフレイバー,8.0,7.0,草野,60.0,1.0,1.0,1.0,2東京11,障害4歳以上未勝利,3.0,5.0,3中山3,障害4歳以上未勝利,3.0,11.0,2中山4,障害4歳以上未勝利,6.0,9.0,1小倉3,障害4歳以上未勝利,9.0,12.0,3福島5,障害3歳以上未勝利,9.0,4.0,2026-07-25 17:04:18,jra,2026-07-25,71.6,80.4,69.8,75.1,75.5,69.8,45.0,履歴少 / 人気以上に走る傾向 / 近走上向き / 安定感
202607020109,2026-07-25,9,ラウルベア,8.0,4.0,富田,56.0,15.0,16.0,14.0,3京都5,4歳以上1勝クラス,12.0,11.0,1阪神4,4歳以上1勝クラス,7.0,10.0,2京都5,4歳以上1勝クラス,8.0,14.0,1京都3,4歳以上1勝クラス,8.0,14.0,5中京6,3歳以上1勝クラス,462.6,16.0,2026-07-25 16:52:03,jra,2026-07-25,34.71,24.2,58.6,0.0,6.5,61.3,45.0,履歴少
202601010109,2026-07-25,9,ラコンチャビエン,6.0,6.0,武豊,53.0,10.0,15.0,11.0,2中山7,フラワーC(GIII),1.0,2.0,1京都6,3歳未勝利,2.0,5.0,5阪神6,2歳未勝利,5.0,5.0,3京都2,2歳新馬,,,,,12.5,5.0,2026-07-25 14:26:53,jra,2026-07-25,47.97,59.1,47.1,59.3,0.0,60.7,45.0,履歴少 / 市場オッズ妙味
202607020109,2026-07-25,9,リカード,3.0,2.0,コレット,56.0,14.0,1.0,3.0,船橋,花柘榴賞(C1),1.0,1.0,船橋,成田山賞(C2),1.0,1.0,船橋,馬い!卵はサンサンエ(C2),12.0,11.0,4東京6,3歳以上1勝クラス,13.0,7.0,4中山4,3歳未勝利,21.0,7.0,2026-07-25 16:52:03,jra,2026-07-25,43.56,33.1,46.6,31.1,62.2,53.0,45.0,地方実績を中央換算 / 履歴少 / 市場オッズ妙味
202607020109,2026-07-25,9,リンゲルブルーメ,9.0,5.0,▲川端,53.0,2.0,14.0,10.0,3京都5,4歳以上1勝クラス,13.0,8.0,2京都5,4歳以上1勝クラス,3.0,12.0,1京都8,4歳以上1勝クラス,10.0,11.0,3福島4,3歳以上1勝クラス,8.0,10.0,4阪神2,3歳以上1勝クラス,169.3,13.0,2026-07-25 16:52:03,jra,2026-07-25,35.46,26.2,47.7,19.8,17.0,55.5,45.0,履歴少
202607020109,2026-07-25,9,ルクスコスモス,6.0,3.0,松山,56.0,12.0,8.0,3.0,3京都5,4歳以上1勝クラス,2.0,3.0,2阪神1,4歳以上1勝クラス,5.0,6.0,1中京1,4歳以上1勝クラス,5.0,7.0,2京都2,4歳以上1勝クラス,2.0,1.0,大井,ひいらぎ特別競走(C1),9.3,5.0,2026-07-25 16:52:03,jra,2026-07-25,52.07,65.2,44.1,65.3,23.0,58.2,45.0,履歴少 / 安定感
202607020109,2026-07-25,9,ルビドゥソレイユ,2.0,1.0,岩田望,53.0,1.0,1.0,1.0,1中京6,3歳未勝利,3.0,1.0,1阪神8,3歳未勝利,8.0,3.0,5阪神7,2歳未勝利,4.0,7.0,5阪神1,2歳未勝利,5.0,2.0,4阪神8,2歳新馬,2.6,1.0,2026-07-25 16:52:03,jra,2026-07-25,61.54,78.1,40.5,80.2,74.0,49.5,45.0,履歴少 / 近走上向き / 安定感
202601010109,2026-07-25,9,ルーチェフィオーレ,3.0,3.0,横山和,53.0,9.0,7.0,5.0,4東京8,アルテミスS(GIII),1.0,1.0,4中山7,2歳未勝利,2.0,4.0,3東京2,2歳新馬,,,,,,,,,3.0,2.0,2026-07-25 14:26:53,jra,2026-07-25,53.05,78.5,48.0,44.7,17.0,54.7,45.0,履歴少
202604020109,2026-07-25,9,ローンウルフ,9.0,8.0,大江圭,60.0,4.0,4.0,10.0,2福島1,障害3歳以上OP,13.0,15.0,1新潟7,尖閣湾特別(1勝クラス),8.0,11.0,1新潟3,障害4歳以上OP,,12.0,1小倉11,障害4歳以上OP,12.0,12.0,3福島5,障害3歳以上OP,49.1,9.0,2026-07-25 17:04:18,jra,2026-07-25,57.21,39.8,73.9,30.4,92.0,65.2,45.0,履歴少 / 人気以上に走る傾向 / 近走上向き / 過小評価傾向
202607020109,2026-07-25,9,ワイズギャング,1.0,1.0,長岡,53.0,7.0,3.0,4.0,2東京8,3歳1勝クラス,4.0,4.0,3京都2,3歳1勝クラス,3.0,4.0,1阪神2,3歳1勝クラス,5.0,2.0,2京都2,3歳1勝クラス,4.0,12.0,5中京6,寒椿賞(1勝クラス),6.4,4.0,2026-07-25 16:52:03,jra,2026-07-25,67.54,78.8,56.2,100.0,56.0,62.5,45.0,履歴少 / 安定感
202607020109,2026-07-25,9,ヴァカンツァ,13.0,7.0,角田和,56.0,5.0,8.0,14.0,1阪神3,4歳以上1勝クラス,9.0,6.0,1小倉7,4歳以上1勝クラス,5.0,10.0,1京都8,4歳以上1勝クラス,12.0,5.0,4阪神2,3歳以上1勝クラス,3.0,5.0,3中京8,3歳以上1勝クラス,26.0,9.0,2026-07-25 16:52:03,jra,2026-07-25,48.76,46.2,58.7,30.1,45.5,58.2,45.0,履歴少 / 市場オッズ妙味
202604020110,2026-07-25,10,アジャイブ,15.0,8.0,▲水沼,52.0,15.0,8.0,15.0,1新潟7,3歳未勝利,14.0,13.0,2東京4,3歳未勝利,18.0,18.0,2中山3,3歳未勝利,14.0,13.0,5中山3,2歳未勝利,11.0,11.0,5東京6,2歳新馬,215.0,14.0,2026-07-25 17:43:07,jra,2026-07-25,42.18,15.4,62.1,0.0,87.5,56.8,45.0,履歴少 / 近走上向き
202607020110,2026-07-25,10,アスクチャンスマン,9.0,6.0,川田,55.0,3.0,2.0,1.0,3阪神5,3歳以上1勝クラス,6.0,5.0,2阪神4,3歳1勝クラス,1.0,1.0,2京都2,3歳未勝利,3.0,3.0,1京都2,3歳未勝利,7.0,7.0,5阪神5,2歳未勝利,2.5,1.0,2026-07-25 17:27:58,jra,2026-07-25,60.81,80.3,46.1,64.7,63.5,52.6,45.0,履歴少 / 安定感
202601010110,2026-07-25,10,アスクデッドヒート,6.0,6.0,古川奈,58.0,4.0,2.0,3.0,1函館8,横津岳特別(2勝クラス),5.0,5.0,2東京12,青嵐賞(2勝クラス),5.0,3.0,3京都8,白川特別(2勝クラス),1.0,2.0,1福島6,4歳以上1勝クラス,2.0,1.0,1小倉11,脊振山特別(1勝クラス),4.8,4.0,2026-07-25 14:57:28,jra,2026-07-25,66.25,82.4,49.7,100.0,57.5,56.0,45.0,履歴少 / 安定感
202604020110,2026-07-25,10,アドバンスジェンヌ,13.0,7.0,原,55.0,9.0,9.0,11.0,1函館10,3歳未勝利,12.0,8.0,1函館5,3歳未勝利,6.0,13.0,1新潟6,3歳未勝利,,,,,,,,,23.3,9.0,2026-07-25 17:43:07,jra,2026-07-25,42.98,34.3,59.3,0.0,50.0,61.7,45.0,履歴少 / 市場オッズ妙味
202607020110,2026-07-25,10,インシオン,4.0,4.0,西塚,55.0,5.0,10.0,11.0,1新潟1,わらび賞(1勝クラス),10.0,6.0,1京都3,3歳1勝クラス,1.0,1.0,5中京3,2歳未勝利,3.0,3.0,4京都7,2歳未勝利,5.0,4.0,2札幌3,2歳新馬,11.9,7.0,2026-07-25 17:27:58,jra,2026-07-25,46.12,54.5,44.4,44.7,18.5,57.9,45.0,履歴少
202601010110,2026-07-25,10,ウェイクフィールド,11.0,8.0,横山和,55.0,10.0,1.0,5.0,1函館1,奥尻特別(1勝クラス),1.0,3.0,3中山8,3歳未勝利,6.0,3.0,1中山8,3歳未勝利,8.0,5.0,5中京1,2歳未勝利,8.0,4.0,3福島6,2歳新馬,3.2,1.0,2026-07-25 14:57:28,jra,2026-07-25,62.22,78.1,51.9,55.3,78.5,52.4,45.0,履歴少 / 近走上向き
202604020110,2026-07-25,10,オリエンタルガール,11.0,6.0,▲石田,52.0,8.0,7.0,13.0,2福島4,3歳未勝利,12.0,14.0,1福島2,3歳未勝利,9.0,12.0,1中山2,3歳未勝利,13.0,11.0,5中山2,2歳未勝利,6.0,13.0,3福島2,2歳新馬,183.1,13.0,2026-07-25 17:43:07,jra,2026-07-25,48.38,32.7,73.4,0.0,68.0,63.9,45.0,履歴少 / 人気以上に走る傾向 / 近走上向き
202604020110,2026-07-25,10,カーボフリオ,12.0,7.0,▲佐藤,52.0,3.0,6.0,1.0,3東京2,3歳未勝利,2.0,4.0,2東京7,3歳未勝利,4.0,8.0,2東京2,3歳未勝利,8.0,8.0,3中山3,3歳未勝利,6.0,8.0,2京都5,3歳未勝利,3.5,1.0,2026-07-25 17:43:07,jra,2026-07-25,54.38,68.8,49.8,44.7,44.0,57.3,45.0,履歴少
202607020110,2026-07-25,10,ガウラディスコ,2.0,2.0,松山,55.0,7.0,5.0,4.0,3阪神2,3歳以上1勝クラス,6.0,7.0,3京都3,ユニコーンS(GIII),1.0,2.0,2京都6,3歳未勝利,2.0,4.0,1京都9,3歳未勝利,7.0,2.0,1京都2,3歳未勝利,3.9,2.0,2026-07-25 17:27:58,jra,2026-07-25,57.81,74.2,49.4,64.7,44.0,54.5,45.0,履歴少 / 安定感
202607020110,2026-07-25,10,コルヴァス,7.0,5.0,坂井,,,3.0,3.0,2小倉6,3歳以上1勝クラス,1.0,1.0,1中京3,3歳未勝利,2.0,1.0,1阪神1,3歳新馬,,,,,,,,,2.0,9999.0,2026-07-25 17:27:58,jra,2026-07-25,65.48,91.4,48.2,75.1,41.0,49.8,74.3,ダ適性 / 距離適性 / 頭数減経験 / 安定感
202604020110,2026-07-25,10,ゴールドビリーヴ,9.0,5.0,△石神道,53.0,1.0,5.0,3.0,3東京5,3歳未勝利,6.0,5.0,2東京9,3歳未勝利,4.0,1.0,2東京6,3歳未勝利,4.0,8.0,3中山4,3歳未勝利,8.0,12.0,2中山5,3歳未勝利,4.5,2.0,2026-07-25 17:43:07,jra,2026-07-25,56.5,66.3,46.8,64.7,53.0,57.7,45.0,履歴少 / 安定感
202607020110,2026-07-25,10,サイモンゼスト,13.0,8.0,酒井,55.0,2.0,2.0,6.0,2小倉4,3歳以上1勝クラス,8.0,7.0,3京都11,鳳雛S(L),12.0,9.0,3京都3,ユニコーンS(GIII),7.0,12.0,2阪神5,3歳1勝クラス,8.0,5.0,1阪神4,3歳1勝クラス,6.5,3.0,2026-07-25 17:27:58,jra,2026-07-25,55.6,53.4,55.6,30.4,90.5,59.3,45.0,履歴少 / 近走上向き
202604020110,2026-07-25,10,シェリーシュシュ,1.0,1.0,荻野極,55.0,7.0,10.0,7.0,3東京3,3歳未勝利,7.0,4.0,2東京7,3歳未勝利,8.0,5.0,1東京7,3歳未勝利,4.0,8.0,1東京1,3歳新馬,,,,,8.0,5.0,2026-07-25 17:43:07,jra,2026-07-25,39.04,46.0,37.0,14.6,28.0,54.8,45.0,履歴少
202601010110,2026-07-25,10,ジュンツバメガエシ,7.0,6.0,岩田康,58.0,2.0,5.0,7.0,1函館8,横津岳特別(2勝クラス),3.0,2.0,5東京6,南武特別(2勝クラス),2.0,3.0,4東京10,本栖湖特別(2勝クラス),2.0,3.0,4中京4,美濃特別(2勝クラス),4.0,4.0,3中京2,木曽川特別(2勝クラス),4.3,2.0,2026-07-25 14:57:28,jra,2026-07-25,64.9,81.1,54.9,100.0,36.5,58.2,45.0,履歴少 / 安定感
202607020110,2026-07-25,10,ステイクオール,6.0,5.0,岩田望,58.0,4.0,6.0,1.0,3京都5,4歳以上1勝クラス,3.0,6.0,2阪神8,4歳以上1勝クラス,6.0,4.0,1阪神3,4歳以上1勝クラス,13.0,3.0,1京都2,4歳以上1勝クラス,9.0,3.0,3京都3,3歳以上1勝クラス,11.7,6.0,2026-07-25 17:27:58,jra,2026-07-25,43.44,55.3,27.3,24.9,60.5,47.5,45.0,履歴少
202607020110,2026-07-25,10,タイセイフリーデン,5.0,4.0,▲森田,52.0,12.0,1.0,2.0,金沢,加賀片山津賞(未勝利)(3歳),6.0,12.0,3京都3,3歳未勝利,13.0,6.0,1福島2,3歳未勝利,14.0,9.0,1京都6,3歳未勝利,6.0,8.0,1京都2,3歳新馬,217.6,9.0,2026-07-25 17:27:58,jra,2026-07-25,46.87,35.6,48.1,13.7,100.0,51.5,45.0,履歴少 / 近走上向き
202607020110,2026-07-25,10,タマモヒロイン,8.0,6.0,長岡,53.0,9.0,9.0,9.0,2小倉6,3歳以上1勝クラス,16.0,16.0,2阪神6,3歳1勝クラス,1.0,2.0,笠松,関ヶ原宿特別(3歳),9.0,8.0,3福島1,2歳未勝利,6.0,9.0,3京都4,2歳未勝利,233.4,11.0,2026-07-25 17:27:58,jra,2026-07-25,41.55,33.9,52.0,11.5,44.0,55.5,51.8,クラス条件好転
202604020110,2026-07-25,10,ディレクティオ,6.0,4.0,▲上里,52.0,10.0,10.0,13.0,1中京4,3歳未勝利,8.0,12.0,1中山7,3歳未勝利,10.0,8.0,1中山2,3歳未勝利,9.0,8.0,4東京3,2歳新馬,,,,,50.0,11.0,2026-07-25 17:43:07,jra,2026-07-25,41.74,33.7,60.7,0.0,44.0,56.8,45.0,履歴少
202601010110,2026-07-25,10,ドッビアーコ,10.0,8.0,小沢,58.0,6.0,9.0,10.0,1函館5,洞爺湖特別(2勝クラス),11.0,8.0,1阪神8,4歳以上2勝クラス,12.0,12.0,1小倉11,早鞆特別(2勝クラス),10.0,7.0,5阪神8,3歳以上2勝クラス,9.0,9.0,4中山9,3歳以上2勝クラス,55.0,11.0,2026-07-25 14:57:28,jra,2026-07-25,36.44,26.1,43.8,0.0,59.0,50.2,45.0,履歴少
202604020110,2026-07-25,10,ナックレジーナ,10.0,6.0,吉田豊,55.0,12.0,11.0,8.0,2福島4,3歳未勝利,,,,,,,,,,,,,,,,,47.6,10.0,2026-07-25 17:43:07,jra,2026-07-25,36.34,34.0,36.0,29.6,40.6,37.3,45.0,履歴少 / サンプル少
202604020110,2026-07-25,10,ナツミカンチャン,5.0,3.0,菊沢,55.0,13.0,9.0,7.0,2福島1,3歳未勝利,,,,,,,,,,,,,,,,,12.5,6.0,2026-07-25 17:43:07,jra,2026-07-25,37.85,37.6,37.6,29.6,40.6,38.4,45.0,履歴少 / サンプル少
202601010110,2026-07-25,10,バースライト,9.0,7.0,浜中,58.0,7.0,3.0,2.0,1函館8,横津岳特別(2勝クラス),1.0,6.0,1小倉11,脊振山特別(1勝クラス),5.0,7.0,5中京5,ヤングJSFR中京1(1勝クラス),10.0,2.0,4新潟4,3歳以上1勝クラス,5.0,5.0,3京都5,3歳以上1勝クラス,4.6,3.0,2026-07-25 14:57:28,jra,2026-07-25,63.38,75.0,51.2,85.4,63.5,55.2,45.0,履歴少 / 安定感
202604020110,2026-07-25,10,バーヴァンシー,14.0,8.0,横山典,55.0,4.0,5.0,1.0,2福島4,3歳未勝利,6.0,5.0,2東京12,3歳未勝利,2.0,5.0,2東京6,3歳未勝利,7.0,12.0,2東京2,3歳未勝利,10.0,10.0,1中山5,3歳未勝利,5.8,3.0,2026-07-25 17:43:07,jra,2026-07-25,55.5,64.3,49.0,50.2,57.5,59.4,45.0,履歴少
202607020110,2026-07-25,10,ブルーストレイル,10.0,7.0,城戸,58.0,10.0,11.0,12.0,1中京4,4歳以上1勝クラス,5.0,8.0,1阪神6,4歳以上1勝クラス,5.0,14.0,1阪神2,4歳以上1勝クラス,5.0,9.0,2京都4,4歳以上1勝クラス,7.0,8.0,2京都2,4歳以上1勝クラス,350.2,12.0,2026-07-25 17:27:58,jra,2026-07-25,55.18,51.8,74.6,59.3,17.0,65.2,45.0,履歴少 / 人気以上に走る傾向 / 過小評価傾向
202604020110,2026-07-25,10,ベアエクスプレス,3.0,2.0,田口,55.0,5.0,6.0,11.0,2福島5,3歳未勝利,10.0,15.0,2東京12,3歳未勝利,13.0,12.0,2東京5,3歳未勝利,,,,,,,,,18.3,8.0,2026-07-25 17:43:07,jra,2026-07-25,52.23,34.6,73.9,0.0,83.0,73.8,45.0,履歴少 / 人気以上に走る傾向 / 近走上向き / 過小評価傾向
202601010110,2026-07-25,10,ボンドロア,5.0,5.0,横山武,58.0,1.0,8.0,5.0,2小倉2,帆柱山特別(2勝クラス),10.0,3.0,1小倉9,皿倉山特別(2勝クラス),4.0,1.0,2京都1,許波多特別(2勝クラス),2.0,9.0,1京都5,琵琶湖特別(2勝クラス),13.0,5.0,5中山8,グッドラックH(2勝クラス),10.5,5.0,2026-07-25 14:57:28,jra,2026-07-25,41.85,49.2,28.6,34.3,45.5,50.9,45.0,履歴少
202604020110,2026-07-25,10,マイトリックスター,4.0,3.0,小崎,55.0,6.0,12.0,11.0,2福島8,3歳未勝利,6.0,10.0,2福島4,3歳未勝利,9.0,11.0,3中山5,3歳未勝利,14.0,12.0,1小倉8,3歳未勝利,7.0,11.0,1小倉5,3歳未勝利,234.1,15.0,2026-07-25 17:43:07,jra,2026-07-25,39.2,31.1,58.5,0.0,32.0,58.1,45.0,履歴少
202604020110,2026-07-25,10,ミウ,2.0,2.0,木幡巧,55.0,14.0,11.0,12.0,3東京5,3歳未勝利,18.0,12.0,3中山5,3歳未勝利,,,,,,,,,,,,,60.1,12.0,2026-07-25 17:43:07,jra,2026-07-25,37.01,24.0,37.2,18.0,68.6,46.1,45.0,履歴少 / サンプル少 / 近走上向き
202604020110,2026-07-25,10,ミュージックレイン,7.0,4.0,江田照,55.0,11.0,9.0,6.0,2福島4,3歳未勝利,12.0,8.0,1福島4,3歳未勝利,5.0,7.0,3中山1,3歳未勝利,7.0,5.0,5中山3,2歳未勝利,10.0,9.0,5東京2,2歳未勝利,16.7,7.0,2026-07-25 17:43:07,jra,2026-07-25,39.85,37.8,36.6,19.8,47.0,56.8,45.0,履歴少 / 市場オッズ妙味
202607020110,2026-07-25,10,ミランド,1.0,1.0,西村淳,55.0,11.0,4.0,5.0,2小倉2,3歳以上1勝クラス,1.0,3.0,1阪神8,3歳未勝利,9.0,5.0,1小倉8,3歳未勝利,6.0,13.0,5阪神7,2歳新馬,,,,,7.1,4.0,2026-07-25 17:27:58,jra,2026-07-25,60.84,71.3,58.1,55.3,58.0,63.2,45.0,履歴少
202604020110,2026-07-25,10,メジロピオラ,8.0,5.0,◇今村,53.0,2.0,13.0,7.0,1新潟1,3歳未勝利,13.0,3.0,1福島4,3歳未勝利,2.0,7.0,1中京5,3歳未勝利,16.0,5.0,2中山3,3歳未勝利,9.0,5.0,3福島3,2歳新馬,7.0,4.0,2026-07-25 17:43:07,jra,2026-07-25,26.27,24.1,12.6,19.8,32.0,41.4,45.0,履歴少
202601010110,2026-07-25,10,ライフセービング,3.0,3.0,古川吉,58.0,3.0,7.0,9.0,1函館8,横津岳特別(2勝クラス),5.0,8.0,1阪神9,淡路特別(2勝クラス),7.0,6.0,1阪神5,千里山特別(2勝クラス),9.0,8.0,1京都5,琵琶湖特別(2勝クラス),4.0,4.0,5阪神5,境港特別(2勝クラス),44.6,10.0,2026-07-25 14:57:28,jra,2026-07-25,51.76,56.1,57.1,35.3,45.5,58.2,45.0,履歴少 / 市場オッズ妙味
202607020110,2026-07-25,10,リアルペガサス,11.0,7.0,国分優,58.0,8.0,11.0,14.0,2小倉6,3歳以上1勝クラス,9.0,6.0,5中京4,3歳以上1勝クラス,7.0,4.0,5中京1,3歳以上1勝クラス,8.0,13.0,4京都2,3歳以上1勝クラス,6.0,7.0,3京都8,3歳以上1勝クラス,225.3,10.0,2026-07-25 17:27:58,jra,2026-07-25,39.53,37.9,52.8,0.0,29.0,55.5,49.8,頭数減経験
202601010110,2026-07-25,10,リギーロ,2.0,2.0,佐々木,58.0,8.0,9.0,6.0,1函館8,横津岳特別(2勝クラス),7.0,4.0,3中山4,安房特別(2勝クラス),10.0,6.0,5中山8,グッドラックH(2勝クラス),3.0,3.0,3京都6,清滝特別(2勝クラス),7.0,9.0,4中山5,朝日セントライト記念(GII),20.5,6.0,2026-07-25 14:57:28,jra,2026-07-25,39.19,47.1,34.3,14.6,36.5,51.1,45.0,履歴少 / 市場オッズ妙味
202607020110,2026-07-25,10,リヒトミューレ,12.0,8.0,吉村,55.0,1.0,4.0,3.0,2小倉4,3歳以上1勝クラス,6.0,5.0,3阪神3,3歳以上1勝クラス,8.0,5.0,3中山4,3歳1勝クラス,2.0,7.0,1中京1,3歳1勝クラス,3.0,7.0,1中山8,3歳1勝クラス,7.9,5.0,2026-07-25 17:27:58,jra,2026-07-25,57.55,68.9,50.0,55.3,54.5,61.4,45.0,履歴少
202607020110,2026-07-25,10,ルルフィーユ,3.0,3.0,◇永島,54.0,6.0,10.0,12.0,2小倉4,障害3歳以上未勝利,12.0,8.0,1新潟8,障害4歳以上未勝利,9.0,10.0,1小倉10,障害4歳以上未勝利,13.0,16.0,4京都2,3歳以上1勝クラス,11.0,13.0,3京都5,3歳以上1勝クラス,182.2,8.0,2026-07-25 17:27:58,jra,2026-07-25,37.97,21.3,53.2,0.0,57.5,56.1,45.0,履歴少
202601010110,2026-07-25,10,レイデラルース,4.0,4.0,丹内,58.0,5.0,7.0,9.0,2東京3,4歳以上2勝クラス,4.0,8.0,3中山4,安房特別(2勝クラス),9.0,7.0,1中山7,4歳以上2勝クラス,3.0,4.0,5中山2,3歳以上2勝クラス,4.0,3.0,4中山6,九十九里特別(2勝クラス),22.9,7.0,2026-07-25 14:57:28,jra,2026-07-25,54.74,62.0,58.8,49.8,38.0,58.9,45.0,履歴少 / 市場オッズ妙味
202601010110,2026-07-25,10,レイヤードレッド,8.0,7.0,長浜,58.0,9.0,8.0,12.0,1函館10,北海ハンデキャップ(2勝クラス),7.0,6.0,1函館5,洞爺湖特別(2勝クラス),7.0,9.0,1函館1,松前特別(2勝クラス),4.0,8.0,3中山1,4歳以上2勝クラス,4.0,10.0,2中山2,富里特別(2勝クラス),32.6,8.0,2026-07-25 14:57:28,jra,2026-07-25,52.8,55.6,68.0,24.9,35.0,66.0,45.0,履歴少 / 人気以上に走る傾向 / 過小評価傾向 / 市場オッズ妙味
202601010110,2026-07-25,10,ヴァイザーバルコ,1.0,1.0,石川倭,58.0,11.0,13.0,10.0,2福島5,信夫山特別(2勝クラス),6.0,5.0,1福島4,奥の細道特別(2勝クラス),6.0,10.0,2中山3,潮来特別(2勝クラス),12.0,10.0,1小倉9,皿倉山特別(2勝クラス),7.0,5.0,1小倉1,海の中道特別(2勝クラス),40.4,9.0,2026-07-25 14:57:28,jra,2026-07-25,34.62,35.1,43.9,0.0,18.5,53.7,45.0,履歴少 / 市場オッズ妙味
202604020111,2026-07-25,11,アイファーアイドル,7.0,4.0,松岡,57.0,14.0,13.0,7.0,2新潟5,2歳未勝利,8.0,11.0,3東京6,2歳新馬,,,,,,,,,,,,,76.5,11.0,2026-07-25 18:08:07,jra,2026-07-25,34.4,30.1,38.0,18.0,29.0,47.9,45.0,履歴少 / サンプル少
202607020111,2026-07-25,11,アウクソー,4.0,4.0,秋山稔,56.0,6.0,9.0,11.0,3京都7,4歳以上1勝クラス,12.0,12.0,1福島4,須賀川特別(1勝クラス),7.0,10.0,1中京1,4歳以上1勝クラス,8.0,11.0,1小倉2,八幡特別(1勝クラス),11.0,11.0,3福島3,3歳以上1勝クラス,30.3,6.0,2026-07-25 17:56:47,jra,2026-07-25,43.38,32.7,61.5,0.0,53.0,61.5,45.0,履歴少 / 市場オッズ妙味
202601010111,2026-07-25,11,アスクケンタッキー,10.0,7.0,武豊,55.0,12.0,1.0,2.0,1函館9,HTB杯(2勝クラス),1.0,7.0,3京都5,3歳1勝クラス,11.0,8.0,1阪神2,3歳1勝クラス,7.0,5.0,2京都3,3歳1勝クラス,14.0,4.0,5東京2,オキザリス賞(1勝クラス),7.7,3.0,2026-07-25 15:33:18,jra,2026-07-25,60.37,66.9,49.2,55.3,93.5,53.5,45.0,履歴少 / 近走上向き
202604020111,2026-07-25,11,アリアファブラ,3.0,2.0,斎藤,55.0,8.0,13.0,13.0,2東京6,3歳未勝利,17.0,8.0,2中山3,3歳未勝利,5.0,5.0,1東京3,3歳新馬,,,,,,,,,59.9,9.0,2026-07-25 18:08:07,jra,2026-07-25,30.0,19.5,29.1,19.8,38.0,43.8,45.0,履歴少
202601010111,2026-07-25,11,アンジュプロミス,8.0,6.0,古川奈,53.0,11.0,8.0,2.0,1函館7,TVh杯(3勝クラス),1.0,4.0,1函館3,STV杯(2勝クラス),12.0,7.0,3京都11,葵S(GIII),1.0,2.0,1小倉9,あざみ賞(1勝クラス),3.0,6.0,1小倉1,萌黄賞(1勝クラス),15.7,7.0,2026-07-25 15:33:18,jra,2026-07-25,49.26,63.9,38.7,49.8,27.5,59.1,45.0,履歴少 / 市場オッズ妙味
202601010111,2026-07-25,11,ウィルオレオール,6.0,5.0,石川倭,58.0,7.0,12.0,16.0,1函館7,TVh杯(3勝クラス),5.0,4.0,門別,デルフィニウム特別(A1),5.0,4.0,門別,スミレ特別(A3),5.0,4.0,名古屋,秋の鞍(重賞),6.0,3.0,門別,王冠賞〔H2〕(重賞),122.3,11.0,2026-07-25 15:33:18,jra,2026-07-25,38.92,26.6,54.7,29.7,24.8,52.2,45.0,地方実績を中央換算 / 履歴少
202601010111,2026-07-25,11,エヴァンスウィート,1.0,1.0,鮫島駿,56.0,5.0,7.0,8.0,1函館7,TVh杯(3勝クラス),4.0,4.0,1函館4,UHB杯(3勝クラス),14.0,12.0,3京都4,朱雀S(3勝クラス),14.0,7.0,5阪神6,六甲アイランドS(3勝クラス),10.0,6.0,4京都7,東山S(3勝クラス),35.9,9.0,2026-07-25 15:33:18,jra,2026-07-25,42.78,37.6,39.3,24.9,71.0,48.5,45.0,履歴少 / 近走上向き / 市場オッズ妙味
202601010111,2026-07-25,11,クリエープキー,9.0,7.0,古川吉,53.0,8.0,7.0,3.0,2福島5,安達太良S(OP),1.0,8.0,1函館6,湯の川温泉特別(2勝クラス),13.0,16.0,3京都11,葵S(GIII),18.0,15.0,1阪神5,フィリーズレビュー(GII),1.0,10.0,1小倉6,かささぎ賞(1勝クラス),38.1,10.0,2026-07-25 15:33:18,jra,2026-07-25,53.84,51.9,61.3,35.3,57.5,64.1,45.0,履歴少 / 市場オッズ妙味
202604020111,2026-07-25,11,ケイツーキップ,13.0,7.0,▲水沼,52.0,7.0,18.0,16.0,2東京11,3歳未勝利,15.0,9.0,1福島6,3歳未勝利,5.0,15.0,1福島2,3歳未勝利,,,,,,,,,113.6,15.0,2026-07-25 18:08:07,jra,2026-07-25,31.63,17.9,48.8,19.8,2.0,55.7,45.0,履歴少
202607020111,2026-07-25,11,ケールハイム,7.0,7.0,坂井,53.0,2.0,6.0,3.0,3京都6,橘S(L),4.0,5.0,1阪神3,マーガレットS(L),1.0,6.0,1京都5,3歳未勝利,3.0,3.0,4京都8,2歳新馬,,,,,2.8,2.0,2026-07-25 17:56:47,jra,2026-07-25,57.38,77.2,52.5,59.3,30.0,56.8,45.0,履歴少
202601010111,2026-07-25,11,ゴールドサーベル,11.0,8.0,荻野琢,58.0,9.0,15.0,15.0,1函館7,TVh杯(3勝クラス),12.0,12.0,1函館4,UHB杯(3勝クラス),13.0,9.0,2阪神8,陽春S(3勝クラス),10.0,17.0,1小倉3,巌流島S(3勝クラス),8.0,11.0,3福島1,キビタキS(3勝クラス),191.0,12.0,2026-07-25 15:33:18,jra,2026-07-25,31.86,12.4,53.8,0.0,24.5,57.4,45.0,履歴少
202601010111,2026-07-25,11,サウスバンク,3.0,3.0,横山武,56.0,3.0,10.0,1.0,1函館7,TVh杯(3勝クラス),2.0,4.0,3京都4,朱雀S(3勝クラス),3.0,1.0,1阪神9,淀屋橋S(3勝クラス),8.0,4.0,2中山2,アクアマリンS(3勝クラス),6.0,1.0,5中京4,知立S(3勝クラス),5.0,2.0,2026-07-25 15:33:18,jra,2026-07-25,41.12,60.7,23.9,44.7,18.5,45.1,45.0,履歴少
202607020111,2026-07-25,11,サヨノパララックス,6.0,6.0,菱田,55.0,8.0,10.0,12.0,2阪神5,3歳1勝クラス,5.0,8.0,1阪神10,3歳1勝クラス,11.0,11.0,2京都3,3歳1勝クラス,10.0,10.0,1京都4,3歳1勝クラス,1.0,4.0,3京都2,2歳未勝利,31.0,7.0,2026-07-25 17:56:47,jra,2026-07-25,48.07,43.8,61.7,35.3,30.5,61.5,45.0,履歴少 / 市場オッズ妙味
202601010111,2026-07-25,11,シカゴスティング,2.0,2.0,浜中,56.0,10.0,4.0,4.0,1函館7,TVh杯(3勝クラス),6.0,3.0,1函館4,UHB杯(3勝クラス),7.0,9.0,1阪神9,淀屋橋S(3勝クラス),5.0,11.0,4京都6,醍醐S(3勝クラス),10.0,6.0,4新潟1,北陸S(3勝クラス),11.0,5.0,2026-07-25 15:33:18,jra,2026-07-25,55.88,61.1,50.8,45.0,68.0,60.9,45.0,履歴少 / 近走上向き
202604020111,2026-07-25,11,シルバーアックス,16.0,8.0,横山典,57.0,4.0,3.0,1.0,2福島4,3歳未勝利,2.0,3.0,1福島5,3歳未勝利,5.0,9.0,1福島1,3歳未勝利,13.0,3.0,1東京3,3歳未勝利,,,,,2.4,1.0,2026-07-25 18:08:07,jra,2026-07-25,58.46,69.7,42.0,75.1,72.0,48.0,45.0,履歴少 / 近走上向き / 安定感
202604020111,2026-07-25,11,ジョイアミーア,18.0,8.0,武藤,55.0,10.0,4.0,2.0,1新潟5,3歳未勝利,3.0,1.0,1新潟4,3歳未勝利,10.0,3.0,1中山8,3歳未勝利,4.0,1.0,4中山9,2歳新馬,,,,,2.7,2.0,2026-07-25 18:08:07,jra,2026-07-25,51.55,67.6,27.1,69.9,60.0,42.9,45.0,履歴少 / 安定感
202604020111,2026-07-25,11,セランディア,9.0,5.0,菊沢,55.0,17.0,14.0,16.0,2東京12,3歳未勝利,8.0,15.0,1福島3,3歳未勝利,15.0,17.0,1小倉9,3歳未勝利,,,,,,,,,17.4,5.0,2026-07-25 18:08:07,jra,2026-07-25,41.31,14.6,75.6,0.0,35.0,74.1,45.0,履歴少 / 人気以上に走る傾向 / 過小評価傾向 / 市場オッズ妙味
202604020111,2026-07-25,11,ソレム,8.0,4.0,△石神道,53.0,2.0,17.0,12.0,2東京10,3歳未勝利,,,,,,,,,,,,,,,,,96.4,14.0,2026-07-25 18:08:07,jra,2026-07-25,34.06,29.6,32.9,29.6,40.6,35.1,45.0,履歴少 / サンプル少
202604020111,2026-07-25,11,タツナナイロ,12.0,6.0,野中,55.0,15.0,8.0,7.0,盛岡,アメジスト賞(3歳),16.0,15.0,3中山3,3歳未勝利,10.0,14.0,1東京8,3歳新馬,,,,,,,,,244.2,17.0,2026-07-25 18:08:07,jra,2026-07-25,39.11,15.4,53.8,0.0,80.0,55.7,45.0,履歴少 / 近走上向き
202604020111,2026-07-25,11,テラシエスタ,15.0,7.0,▲佐藤,54.0,13.0,11.0,8.0,2東京12,3歳未勝利,11.0,11.0,4新潟2,2歳新馬,,,4東京1,2歳新馬,,,,,,,,,62.7,10.0,2026-07-25 18:08:07,jra,2026-07-25,36.34,29.0,39.2,18.0,45.5,47.9,45.0,履歴少 / サンプル少
202607020111,2026-07-25,11,ニシノトリビュート,5.0,5.0,☆田山,54.0,4.0,1.0,8.0,2小倉3,3歳未勝利,2.0,3.0,笠松,鵜沼宿特別(3歳),15.0,8.0,1小倉5,3歳未勝利,9.0,5.0,5阪神3,2歳未勝利,8.0,8.0,4京都6,2歳新馬,9.3,3.0,2026-07-25 17:56:47,jra,2026-07-25,56.83,53.5,52.1,44.9,95.0,57.5,45.0,履歴少 / 近走上向き
202604020111,2026-07-25,11,ノーブルラホーヤ,10.0,5.0,▲石田,52.0,9.0,3.0,6.0,2福島2,3歳未勝利,10.0,13.0,1中山7,3歳未勝利,6.0,14.0,4東京2,2歳未勝利,9.0,7.0,4中山1,2歳新馬,,,,,7.6,3.0,2026-07-25 18:08:07,jra,2026-07-25,60.58,55.3,73.0,30.4,82.0,68.4,45.0,履歴少 / 人気以上に走る傾向 / 近走上向き / 過小評価傾向
202601010111,2026-07-25,11,パクスロマーナ,12.0,8.0,舟山,56.0,6.0,6.0,6.0,1函館7,TVh杯(3勝クラス),2.0,9.0,1函館4,UHB杯(3勝クラス),15.0,13.0,3京都4,朱雀S(3勝クラス),7.0,8.0,3中山2,船橋S(3勝クラス),17.0,13.0,1小倉3,巌流島S(3勝クラス),18.9,8.0,2026-07-25 15:33:18,jra,2026-07-25,53.16,48.8,57.6,24.9,75.5,65.3,45.0,履歴少 / 近走上向き / 過小評価傾向 / 市場オッズ妙味
202607020111,2026-07-25,11,ビーグラッド,8.0,8.0,幸,56.0,7.0,4.0,5.0,2小倉1,3歳以上1勝クラス,11.0,15.0,1新潟1,4歳以上1勝クラス,11.0,8.0,1中京1,4歳以上1勝クラス,13.0,12.0,1京都2,4歳以上1勝クラス,12.0,9.0,5中京2,3歳以上1勝クラス,22.5,4.0,2026-07-25 17:56:47,jra,2026-07-25,49.33,33.9,51.8,30.4,96.5,55.0,45.0,履歴少 / 近走上向き / 市場オッズ妙味
202607020111,2026-07-25,11,フェブリノ,1.0,1.0,松若,53.0,5.0,8.0,6.0,2小倉6,3歳未勝利,4.0,8.0,2小倉3,3歳未勝利,3.0,11.0,3阪神3,3歳未勝利,7.0,15.0,3阪神1,3歳未勝利,4.0,3.0,浦和,ツイントップ特別(3歳),43.1,8.0,2026-07-25 17:56:47,jra,2026-07-25,59.11,61.1,71.5,50.7,29.0,67.3,58.6,距離適性 / 頭数減経験 / 前走人気以上 / 人気以上に走る傾向
202607020111,2026-07-25,11,ベランジェール,2.0,2.0,Ｍデムーロ,56.0,3.0,15.0,7.0,3京都5,4歳以上1勝クラス,11.0,6.0,1阪神7,4歳以上1勝クラス,9.0,11.0,1小倉10,4歳以上1勝クラス,15.0,6.0,4新潟3,3歳以上1勝クラス,8.0,10.0,3京都3,3歳以上1勝クラス,29.0,5.0,2026-07-25 17:56:47,jra,2026-07-25,22.97,16.6,19.3,0.0,24.5,44.6,45.0,履歴少 / 市場オッズ妙味
202604020111,2026-07-25,11,マイエラ,6.0,3.0,小崎,57.0,12.0,16.0,12.0,2東京7,3歳未勝利,13.0,10.0,2中山7,3歳未勝利,6.0,5.0,2中山2,3歳未勝利,14.0,12.0,5中山7,2歳未勝利,6.0,14.0,4新潟4,2歳新馬,77.9,12.0,2026-07-25 18:08:07,jra,2026-07-25,27.91,19.1,38.6,0.0,12.5,52.2,45.0,履歴少
202604020111,2026-07-25,11,ミヤザキムスメ,11.0,6.0,柴田大,55.0,16.0,14.0,12.0,1新潟3,3歳未勝利,13.0,16.0,1中山8,3歳新馬,,,,,,,,,,,,,319.6,18.0,2026-07-25 18:08:07,jra,2026-07-25,35.4,19.0,46.5,18.0,42.2,51.5,45.0,履歴少 / サンプル少
202604020111,2026-07-25,11,ムーンシェイド,5.0,3.0,木幡巧,55.0,6.0,13.0,9.0,2東京7,3歳未勝利,7.0,2.0,1福島2,3歳未勝利,8.0,7.0,5中山4,2歳未勝利,5.0,5.0,5東京6,2歳新馬,,,,,43.0,7.0,2026-07-25 18:08:07,jra,2026-07-25,31.69,36.6,29.2,14.6,12.0,48.2,45.0,履歴少 / 市場オッズ妙味
202601010111,2026-07-25,11,メルトユアハート,5.0,5.0,横山和,56.0,2.0,2.0,5.0,1函館7,TVh杯(3勝クラス),13.0,6.0,1函館4,UHB杯(3勝クラス),9.0,9.0,2阪神4,心斎橋S(3勝クラス),11.0,10.0,3京都4,三年坂S(3勝クラス),9.0,9.0,4阪神4,仲秋S(3勝クラス),9.1,4.0,2026-07-25 15:33:18,jra,2026-07-25,50.32,42.7,43.1,30.4,100.0,56.1,45.0,履歴少 / 近走上向き
202604020111,2026-07-25,11,ユイノササヤキ,14.0,7.0,木幡初,57.0,11.0,,5.0,船橋,ベストサドル特別(3歳未格),11.0,13.0,5中山7,2歳新馬,,,,,,,,,,,,,50.9,8.0,2026-07-25 18:08:07,jra,2026-07-25,38.84,34.0,43.7,29.6,40.6,42.0,45.0,履歴少 / サンプル少
202604020111,2026-07-25,11,ユニベールクイーン,1.0,1.0,杉原,55.0,18.0,11.0,13.0,1新潟8,3歳未勝利,16.0,16.0,1東京3,3歳未勝利,14.0,9.0,1中山9,3歳未勝利,,,,,,,,,146.0,16.0,2026-07-25 18:08:07,jra,2026-07-25,33.83,8.1,46.5,0.0,74.0,50.2,45.0,履歴少 / 近走上向き
202604020111,2026-07-25,11,リオクリスハーレー,4.0,2.0,荻野極,55.0,1.0,7.0,11.0,2東京5,3歳未勝利,7.0,6.0,3中山2,3歳未勝利,13.0,9.0,1中山9,3歳未勝利,12.0,5.0,5中山7,2歳未勝利,7.0,4.0,3中京8,2歳新馬,10.3,4.0,2026-07-25 18:08:07,jra,2026-07-25,40.2,36.7,41.9,0.0,66.5,52.8,45.0,履歴少 / 近走上向き
202604020111,2026-07-25,11,リオハリソンメリー,17.0,8.0,▲上里,52.0,5.0,8.0,5.0,1中山3,3歳新馬,,,,,,,,,,,,,,,,,19.7,6.0,2026-07-25 18:08:07,jra,2026-07-25,37.82,39.3,36.0,29.6,40.6,37.3,45.0,履歴少 / サンプル少
202604020111,2026-07-25,11,ルディドゥゲンジ,2.0,1.0,嶋田,55.0,3.0,7.0,16.0,1新潟4,3歳未勝利,11.0,11.0,4東京2,2歳未勝利,13.0,15.0,4中山9,2歳未勝利,11.0,16.0,2新潟5,2歳新馬,,,,,89.4,13.0,2026-07-25 18:08:07,jra,2026-07-25,50.05,27.3,80.1,0.0,78.0,66.5,45.0,履歴少 / 人気以上に走る傾向 / 近走上向き / 過小評価傾向
202607020111,2026-07-25,11,ルージュスプリヤ,3.0,3.0,▲森田,50.0,1.0,1.0,1.0,3阪神6,3歳未勝利,4.0,2.0,3京都12,3歳未勝利,,,,,,,,,,,,,1.5,1.0,2026-07-25 17:56:47,jra,2026-07-25,52.4,67.1,42.0,48.4,55.4,47.0,45.0,履歴少 / サンプル少
202601010111,2026-07-25,11,ルーフ,4.0,4.0,佐々木,56.0,4.0,3.0,10.0,1函館7,TVh杯(3勝クラス),5.0,11.0,1函館4,UHB杯(3勝クラス),9.0,5.0,1阪神9,淀屋橋S(3勝クラス),7.0,9.0,1小倉7,下関S(3勝クラス),11.0,4.0,1小倉3,巌流島S(3勝クラス),14.2,6.0,2026-07-25 15:33:18,jra,2026-07-25,62.31,59.2,66.8,55.3,80.0,63.9,45.0,履歴少 / 人気以上に走る傾向 / 近走上向き / 市場オッズ妙味
202601010111,2026-07-25,11,ロジケープ,7.0,6.0,丹内,55.0,1.0,1.0,3.0,3東京1,テレビ山梨杯(2勝クラス),1.0,1.0,1福島5,雪うさぎ賞(1勝クラス),3.0,1.0,2中山6,3歳1勝クラス,1.0,2.0,1小倉10,3歳未勝利,3.0,1.0,5東京2,2歳未勝利,2.1,1.0,2026-07-25 15:33:18,jra,2026-07-25,69.48,95.2,51.1,100.0,56.0,52.5,45.0,履歴少 / 安定感
202607020112,2026-07-25,12,アスクブームキセキ,7.0,4.0,西塚,57.0,,11.0,5.0,1新潟2,3歳未勝利,14.0,4.0,1阪神1,3歳未勝利,5.0,7.0,5阪神5,2歳未勝利,5.0,3.0,5阪神2,2歳新馬,,,,,43.8,9.0,2026-07-25 18:27:27,jra,2026-07-25,31.82,32.8,17.1,34.3,32.0,43.3,45.0,履歴少 / 市場オッズ妙味
202604020112,2026-07-25,12,ウインロゼライト,8.0,4.0,木幡巧,56.0,,1.0,1.0,笠松,C8組,9.0,6.0,笠松,コウテイダリア特別(C),1.0,1.0,笠松,C10組,2.0,2.0,笠松,忍君・理紗さん結婚お(CC),5.0,2.0,笠松,3歳3組,71.8,15.0,2026-07-25 18:25:13,jra,2026-07-25,41.3,31.4,46.0,28.7,54.8,49.6,45.0,地方実績を中央換算 / 履歴少
202607020112,2026-07-25,12,オレンジフィールド,5.0,3.0,亀田,55.0,,3.0,7.0,3阪神6,3歳未勝利,5.0,10.0,3京都12,3歳未勝利,4.0,12.0,1新潟5,3歳未勝利,15.0,5.0,1京都3,3歳未勝利,11.0,10.0,5阪神6,2歳未勝利,17.2,7.0,2026-07-25 18:27:27,jra,2026-07-25,65.73,59.6,67.4,75.1,84.5,66.0,45.0,履歴少 / 人気以上に走る傾向 / 近走上向き / 安定感
202607020112,2026-07-25,12,オーケーキュート,14.0,7.0,富田,55.0,,11.0,4.0,2小倉3,3歳未勝利,8.0,11.0,3京都7,3歳未勝利,14.0,9.0,2阪神7,3歳未勝利,6.0,12.0,1中京5,3歳未勝利,,,,,266.2,14.0,2026-07-25 18:27:27,jra,2026-07-25,33.71,28.8,38.3,0.0,40.0,51.1,45.0,履歴少
202607020112,2026-07-25,12,オースミサイファー,1.0,1.0,幸,57.0,5.0,6.0,7.0,2小倉5,3歳未勝利,6.0,9.0,3京都3,3歳未勝利,10.0,8.0,2京都1,3歳未勝利,5.0,11.0,1京都5,3歳新馬,,,,,60.0,11.0,2026-07-25 18:27:27,jra,2026-07-25,51.43,54.3,62.0,14.6,56.0,60.0,45.0,履歴少
202604020112,2026-07-25,12,カフェラバー,9.0,5.0,△石神道,51.0,,8.0,4.0,2東京11,3歳1勝クラス,12.0,10.0,1中京3,中スポ賞ファルコンS(GIII),1.0,3.0,5東京6,2歳新馬,,,,,,,,,18.0,9.0,2026-07-25 18:25:13,jra,2026-07-25,42.66,48.1,37.7,19.8,41.0,59.7,45.0,履歴少 / 市場オッズ妙味
202607020112,2026-07-25,12,カフラー,2.0,1.0,菱田,57.0,,15.0,9.0,3阪神6,3歳未勝利,,,,,,,,,,,,,,,,,94.7,12.0,2026-07-25 18:27:27,jra,2026-07-25,33.53,29.6,31.4,29.6,40.6,34.0,45.0,履歴少 / サンプル少
202604020112,2026-07-25,12,ガラク,11.0,6.0,田辺,56.0,,5.0,3.0,3中山6,4歳以上1勝クラス,5.0,1.0,2中山6,4歳以上1勝クラス,7.0,2.0,5中京6,3歳以上1勝クラス,5.0,3.0,5東京5,3歳以上1勝クラス,2.0,3.0,4東京2,3歳以上1勝クラス,13.0,5.0,2026-07-25 18:25:13,jra,2026-07-25,53.56,67.3,30.5,80.2,48.5,53.1,45.0,履歴少 / 安定感 / 市場オッズ妙味
202601010112,2026-07-25,12,ギマール,4.0,4.0,石川倭,58.0,7.0,10.0,11.0,1函館7,竜飛崎特別(2勝クラス),5.0,4.0,1函館4,檜山特別(2勝クラス),4.0,2.0,1福島6,尾瀬特別(2勝クラス),,4.0,1小倉6,由布院特別(2勝クラス),2.0,8.0,1小倉2,響灘特別(2勝クラス),24.5,5.0,2026-07-25 16:08:08,jra,2026-07-25,49.81,58.5,52.3,55.0,12.0,59.5,45.0,履歴少 / 市場オッズ妙味
202604020112,2026-07-25,12,クリールスル,3.0,2.0,菊沢,56.0,,3.0,3.0,2札幌5,3歳以上1勝クラス,3.0,5.0,1札幌8,3歳以上1勝クラス,3.0,10.0,3東京3,3歳以上1勝クラス,1.0,8.0,1新潟7,3歳未勝利,10.0,8.0,2中山6,3歳未勝利,15.3,8.0,2026-07-25 18:25:13,jra,2026-07-25,71.44,80.5,68.9,89.7,57.5,72.8,45.0,履歴少 / 人気以上に走る傾向 / 安定感 / 過小評価傾向
202607020112,2026-07-25,12,サーブルディアマン,9.0,5.0,Ｍデムーロ,57.0,,9.0,5.0,3京都10,3歳未勝利,7.0,7.0,2阪神1,3歳未勝利,5.0,4.0,1阪神8,3歳未勝利,9.0,11.0,1京都4,3歳未勝利,5.0,6.0,5阪神4,2歳未勝利,30.5,8.0,2026-07-25 18:27:27,jra,2026-07-25,44.19,49.6,42.9,30.1,35.0,55.0,45.0,履歴少 / 市場オッズ妙味
202607020112,2026-07-25,12,シャンジュマン,15.0,8.0,▲森田,54.0,,12.0,15.0,3阪神6,3歳未勝利,,,,,,,,,,,,,,,,,406.8,16.0,2026-07-25 18:27:27,jra,2026-07-25,38.71,32.3,45.3,29.6,40.6,42.0,45.0,履歴少 / サンプル少
202604020112,2026-07-25,12,ショウナンマリーナ,6.0,3.0,石橋脩,56.0,,8.0,16.0,2東京9,4歳以上1勝クラス,11.0,14.0,1新潟3,4歳以上1勝クラス,8.0,13.0,1福島2,4歳以上1勝クラス,11.0,11.0,1東京2,4歳以上1勝クラス,13.0,14.0,1中山4,4歳以上1勝クラス,134.3,16.0,2026-07-25 18:25:13,jra,2026-07-25,49.2,30.4,79.9,0.0,66.5,64.6,45.0,履歴少 / 人気以上に走る傾向 / 近走上向き
202601010112,2026-07-25,12,ショウナンヤッホー,3.0,3.0,池添,58.0,9.0,6.0,9.0,2福島1,いわき特別(2勝クラス),14.0,12.0,2東京8,青梅特別(2勝クラス),11.0,12.0,5東京8,アプローズ賞(2勝クラス),9.0,6.0,4東京2,3歳以上2勝クラス,10.0,7.0,1札幌6,Fビレッジ特別(2勝クラス),54.2,8.0,2026-07-25 16:08:08,jra,2026-07-25,41.49,30.3,49.0,0.0,80.0,50.9,45.0,履歴少 / 近走上向き
202601010112,2026-07-25,12,ジュンラトゥール,6.0,6.0,小沢,58.0,11.0,9.0,6.0,1函館12,駒場特別(2勝クラス),4.0,5.0,1函館4,檜山特別(2勝クラス),4.0,6.0,1函館2,津軽海峡特別(2勝クラス),3.0,7.0,1福島6,尾瀬特別(2勝クラス),7.0,9.0,1阪神9,4歳以上2勝クラス,34.3,6.0,2026-07-25 16:08:08,jra,2026-07-25,53.19,62.5,53.7,59.3,23.0,60.2,45.0,履歴少 / 市場オッズ妙味
202604020112,2026-07-25,12,ジョワイユノエル,13.0,7.0,小崎,56.0,,9.0,3.0,1新潟5,石打特別(1勝クラス),4.0,3.0,1中京5,4歳以上1勝クラス,5.0,3.0,1京都7,4歳以上1勝クラス,5.0,8.0,5中京6,3歳以上1勝クラス,6.0,3.0,4阪神1,3歳以上1勝クラス,28.9,11.0,2026-07-25 18:25:13,jra,2026-07-25,46.51,59.4,33.6,59.3,26.0,50.5,45.0,履歴少 / 市場オッズ妙味
202601010112,2026-07-25,12,セボンサデッセ,5.0,5.0,武豊,58.0,1.0,2.0,4.0,1函館7,竜飛崎特別(2勝クラス),2.0,1.0,1福島6,尾瀬特別(2勝クラス),1.0,1.0,1小倉12,4歳以上1勝クラス,4.0,1.0,1京都5,4歳以上1勝クラス,2.0,2.0,5阪神3,3歳以上1勝クラス,3.6,2.0,2026-07-25 16:08:08,jra,2026-07-25,67.68,91.2,49.4,100.0,51.5,54.2,45.0,履歴少 / 安定感
202604020112,2026-07-25,12,タイセイフレッサ,15.0,8.0,斎藤,53.0,,3.0,2.0,3東京2,3歳以上1勝クラス,3.0,6.0,2東京8,3歳1勝クラス,12.0,18.0,1阪神5,フィリーズレビュー(GII),7.0,3.0,5中京3,つわぶき賞(1勝クラス),3.0,3.0,門別,エーデルワイス賞(JpnIII),4.8,2.0,2026-07-25 18:25:13,jra,2026-07-25,59.61,61.8,57.3,61.7,69.5,59.3,45.0,履歴少 / 近走上向き / 安定感
202604020112,2026-07-25,12,テンハートビート,14.0,7.0,杉原,53.0,,1.0,4.0,3東京2,3歳未勝利,4.0,2.0,2中山7,3歳未勝利,3.0,6.0,2中山3,3歳未勝利,11.0,11.0,5中山1,2歳未勝利,8.0,8.0,5東京6,2歳新馬,71.1,14.0,2026-07-25 18:25:13,jra,2026-07-25,65.56,73.4,57.0,75.1,83.0,56.1,45.0,履歴少 / 近走上向き / 安定感
202601010112,2026-07-25,12,ハイクオリティ,7.0,6.0,佐々木,58.0,5.0,2.0,2.0,2福島1,いわき特別(2勝クラス),1.0,1.0,1新潟3,4歳以上1勝クラス,2.0,1.0,1福島3,4歳以上1勝クラス,4.0,2.0,1阪神3,4歳以上1勝クラス,3.0,2.0,2京都4,4歳以上1勝クラス,4.6,3.0,2026-07-25 16:08:08,jra,2026-07-25,66.84,90.8,45.9,100.0,53.0,53.9,45.0,履歴少 / 安定感
202601010112,2026-07-25,12,ヒルノピレネー,11.0,8.0,浜中,58.0,6.0,12.0,7.0,1福島2,喜多方特別(2勝クラス),10.0,8.0,3京都4,円山特別(2勝クラス),5.0,10.0,4阪神8,3歳以上2勝クラス,10.0,12.0,2京都9,オーストラリアT(2勝クラス),9.0,11.0,2京都6,4歳以上2勝クラス,125.8,10.0,2026-07-25 16:08:08,jra,2026-07-25,38.05,31.9,46.3,19.8,29.0,54.8,45.0,履歴少
202607020112,2026-07-25,12,ビッグヒーロー,4.0,2.0,川田,57.0,2.0,3.0,1.0,3阪神2,3歳未勝利,4.0,1.0,3京都6,3歳未勝利,2.0,1.0,1中京4,3歳未勝利,3.0,2.0,1阪神3,3歳未勝利,2.0,1.0,5東京4,2歳未勝利,3.4,2.0,2026-07-25 18:27:27,jra,2026-07-25,61.93,84.4,37.4,100.0,48.5,50.0,45.0,履歴少 / 安定感
202601010112,2026-07-25,12,フェスタリア,2.0,2.0,和田陽,58.0,10.0,9.0,10.0,1函館2,津軽海峡特別(2勝クラス),9.0,7.0,3中山8,利根川特別(2勝クラス),1.0,4.0,3中山2,4歳以上1勝クラス,3.0,5.0,2中山3,4歳以上1勝クラス,9.0,2.0,5中山3,3歳以上1勝クラス,119.0,9.0,2026-07-25 16:08:08,jra,2026-07-25,46.84,55.6,49.8,34.3,29.0,51.5,45.0,履歴少
202604020112,2026-07-25,12,ブルバンビーナ,16.0,8.0,▲石田,53.0,,15.0,9.0,1新潟5,石打特別(1勝クラス),5.0,8.0,1新潟1,4歳以上1勝クラス,7.0,10.0,1小倉9,4歳以上1勝クラス,5.0,12.0,1小倉7,4歳以上1勝クラス,15.0,13.0,5中京6,3歳以上1勝クラス,155.1,17.0,2026-07-25 18:25:13,jra,2026-07-25,41.1,37.1,52.3,39.5,8.0,56.8,45.0,履歴少
202601010112,2026-07-25,12,ベラジオワールド,8.0,7.0,横山和,57.0,3.0,3.0,4.0,3東京2,小金井特別(2勝クラス),2.0,4.0,2東京7,立川特別(2勝クラス),4.0,2.0,2東京2,4歳以上2勝クラス,3.0,4.0,1東京8,大島特別(2勝クラス),1.0,2.0,1東京2,4歳以上1勝クラス,2.0,1.0,2026-07-25 16:08:08,jra,2026-07-25,67.03,86.1,54.6,100.0,47.0,54.9,45.0,履歴少 / 安定感
202601010112,2026-07-25,12,マッスルバック,10.0,8.0,黛,58.0,8.0,8.0,13.0,1函館7,竜飛崎特別(2勝クラス),11.0,13.0,2阪神7,吹田特別(2勝クラス),7.0,6.0,1阪神6,4歳以上2勝クラス,7.0,7.0,1京都9,4歳以上2勝クラス,6.0,10.0,1京都1,天ケ瀬特別(2勝クラス),204.6,11.0,2026-07-25 16:08:08,jra,2026-07-25,46.35,42.4,65.6,0.0,48.5,60.0,45.0,履歴少 / 人気以上に走る傾向
202607020112,2026-07-25,12,マーチャンシップ,12.0,6.0,吉村,57.0,,11.0,7.0,3京都6,3歳未勝利,10.0,5.0,1福島6,3歳未勝利,,,,,,,,,,,,,112.7,13.0,2026-07-25 18:27:27,jra,2026-07-25,33.16,31.0,28.4,18.0,42.2,42.5,45.0,履歴少 / サンプル少
202604020112,2026-07-25,12,ミスバレンシア,1.0,1.0,◇今村,51.0,,6.0,11.0,1阪神10,3歳1勝クラス,8.0,9.0,1阪神3,マーガレットS(L),10.0,13.0,1東京5,3歳1勝クラス,11.0,7.0,門別,エーデルワイス賞(JpnIII),8.0,1.0,4中山6,カンナS(OP),13.7,6.0,2026-07-25 18:25:13,jra,2026-07-25,46.87,41.1,58.9,0.0,69.5,59.8,45.0,履歴少 / 近走上向き / 市場オッズ妙味
202607020112,2026-07-25,12,ミッキーラヴィータ,13.0,7.0,団野,55.0,,3.0,1.0,5阪神1,2歳未勝利,2.0,1.0,3京都2,2歳未勝利,3.0,2.0,3中京5,2歳新馬,,,,,,,,,3.1,1.0,2026-07-25 18:27:27,jra,2026-07-25,60.12,86.7,40.2,75.1,47.0,50.5,45.0,履歴少 / 安定感
202607020112,2026-07-25,12,ムーンライトダイヤ,3.0,2.0,秋山稔,55.0,1.0,4.0,5.0,3阪神6,3歳未勝利,3.0,11.0,3京都12,3歳未勝利,8.0,14.0,2阪神3,3歳未勝利,,,,,,,,,9.7,5.0,2026-07-25 18:27:27,jra,2026-07-25,68.31,70.2,82.5,55.3,59.0,75.9,45.0,履歴少 / 人気以上に走る傾向 / 過小評価傾向
202604020112,2026-07-25,12,メイリー,17.0,8.0,吉田豊,56.0,,14.0,11.0,2東京9,4歳以上1勝クラス,12.0,7.0,3中山6,4歳以上1勝クラス,2.0,12.0,1中京5,4歳以上1勝クラス,9.0,10.0,5中京6,3歳以上1勝クラス,12.0,4.0,4東京5,3歳以上1勝クラス,44.0,13.0,2026-07-25 18:25:13,jra,2026-07-25,34.42,27.7,44.0,19.8,18.5,50.2,45.0,履歴少
202601010112,2026-07-25,12,ライフゲート,9.0,7.0,丹内,58.0,2.0,9.0,3.0,1函館7,竜飛崎特別(2勝クラス),2.0,2.0,1函館4,檜山特別(2勝クラス),13.0,5.0,2東京10,三峰山特別(2勝クラス),3.0,6.0,2東京3,4歳以上2勝クラス,4.0,5.0,1福島3,ラジオ福島賞(2勝クラス),6.8,4.0,2026-07-25 16:08:08,jra,2026-07-25,43.72,54.8,30.0,49.8,29.0,51.7,45.0,履歴少
202607020112,2026-07-25,12,ラミエルノムスコ,16.0,8.0,岩田望,57.0,,4.0,4.0,2小倉6,3歳未勝利,4.0,3.0,3京都4,3歳未勝利,3.0,4.0,1京都7,3歳未勝利,4.0,5.0,5阪神7,2歳未勝利,5.0,7.0,4阪神8,2歳新馬,13.2,6.0,2026-07-25 18:27:27,jra,2026-07-25,68.94,76.8,52.1,100.0,50.0,62.9,81.3,芝適性 / 京都実績 / 距離適性 / 頭数減経験
202607020112,2026-07-25,12,ララディアーブル,8.0,4.0,松山,57.0,3.0,3.0,5.0,2小倉3,3歳未勝利,5.0,2.0,3阪神3,3歳未勝利,4.0,3.0,1京都5,3歳未勝利,2.0,2.0,5阪神8,2歳未勝利,2.0,10.0,5阪神4,2歳新馬,7.2,4.0,2026-07-25 18:27:27,jra,2026-07-25,66.74,80.4,53.4,100.0,51.5,62.3,45.0,履歴少 / 安定感
202604020112,2026-07-25,12,リアライズリバティ,5.0,3.0,石川,53.0,,5.0,5.0,2東京8,3歳1勝クラス,9.0,3.0,2中山5,アネモネS(L),1.0,5.0,1東京1,3歳未勝利,2.0,7.0,5東京2,2歳未勝利,4.0,6.0,4中山7,2歳未勝利,13.7,7.0,2026-07-25 18:25:13,jra,2026-07-25,59.98,70.7,51.6,75.1,44.0,64.4,45.0,履歴少 / 安定感 / 市場オッズ妙味
202607020112,2026-07-25,12,リザレクティア,6.0,3.0,◇永島,53.0,,13.0,11.0,2小倉6,3歳未勝利,12.0,16.0,3阪神4,3歳未勝利,14.0,14.0,3京都5,3歳未勝利,,,,,,,,,307.7,15.0,2026-07-25 18:27:27,jra,2026-07-25,32.46,5.6,53.6,0.0,50.0,55.7,42.3,前走人気以上
202601010112,2026-07-25,12,リメンバーヒム,1.0,1.0,鮫島駿,58.0,4.0,8.0,11.0,2東京2,4歳以上2勝クラス,9.0,8.0,2阪神7,吹田特別(2勝クラス),5.0,9.0,1阪神10,4歳以上2勝クラス,8.0,5.0,1阪神6,4歳以上2勝クラス,10.0,7.0,5阪神1,3歳以上2勝クラス,50.8,7.0,2026-07-25 16:08:08,jra,2026-07-25,46.17,45.1,54.9,19.8,50.0,53.5,45.0,履歴少
202604020112,2026-07-25,12,リラ,2.0,1.0,戸崎圭,53.0,,4.0,5.0,2東京11,3歳1勝クラス,1.0,2.0,2東京1,3歳未勝利,6.0,1.0,1中山3,3歳未勝利,2.0,2.0,4東京9,2歳未勝利,4.0,1.0,4東京7,2歳未勝利,3.7,1.0,2026-07-25 18:25:13,jra,2026-07-25,60.3,81.2,44.8,80.2,45.5,51.7,45.0,履歴少 / 安定感
202604020112,2026-07-25,12,リラベガ,10.0,5.0,丸山,53.0,,5.0,3.0,2福島3,3歳以上1勝クラス,1.0,3.0,1福島4,3歳未勝利,7.0,3.0,1小倉7,3歳未勝利,3.0,3.0,1小倉4,3歳未勝利,9.0,2.0,3福島6,2歳未勝利,35.6,12.0,2026-07-25 18:25:13,jra,2026-07-25,54.77,71.8,38.6,69.9,50.0,46.4,45.0,履歴少 / 安定感
202604020112,2026-07-25,12,ルージュダリア,4.0,2.0,荻野極,53.0,,10.0,4.0,2中山5,アネモネS(L),7.0,5.0,1東京1,クロッカスS(L),1.0,4.0,3新潟2,2歳新馬,,,,,,,,,5.9,3.0,2026-07-25 18:25:13,jra,2026-07-25,39.36,54.9,33.9,19.8,14.0,52.1,45.0,履歴少
202607020112,2026-07-25,12,レインボーステート,10.0,5.0,坂井,57.0,4.0,4.0,2.0,3阪神1,3歳未勝利,2.0,7.0,3京都12,3歳未勝利,10.0,1.0,1新潟2,3歳未勝利,4.0,7.0,2阪神3,3歳未勝利,6.0,9.0,1京都8,3歳未勝利,6.6,3.0,2026-07-25 18:27:27,jra,2026-07-25,58.71,68.9,47.3,69.9,59.0,58.0,45.0,履歴少 / 安定感
202607020112,2026-07-25,12,レッドピアレス,11.0,6.0,中井,57.0,,7.0,3.0,2小倉2,3歳未勝利,5.0,8.0,3阪神2,3歳未勝利,12.0,6.0,2阪神5,3歳未勝利,,,,,,,,,56.7,10.0,2026-07-25 18:27:27,jra,2026-07-25,42.4,46.8,34.6,24.9,59.0,45.9,45.0,履歴少
202604020112,2026-07-25,12,ロジャリーマイン,7.0,4.0,大野,56.0,,12.0,5.0,3中山3,4歳以上1勝クラス,17.0,10.0,2東京2,サンスポ賞フローラS(GII),1.0,1.0,5中山8,2歳未勝利,2.0,2.0,4東京8,2歳新馬,,,,,23.4,10.0,2026-07-25 18:25:13,jra,2026-07-25,33.32,41.1,19.8,34.3,18.0,44.9,45.0,履歴少 / 市場オッズ妙味
202604020112,2026-07-25,12,ワディアルリヤハ,12.0,6.0,武藤,53.0,,1.0,1.0,2東京11,3歳未勝利,3.0,2.0,2東京5,3歳未勝利,2.0,2.0,1中京2,3歳未勝利,4.0,1.0,5中山4,2歳未勝利,2.0,6.0,5東京6,2歳未勝利,10.0,4.0,2026-07-25 18:25:13,jra,2026-07-25,68.9,90.1,48.1,100.0,60.5,59.8,45.0,履歴少 / 安定感
202665072501,2026-07-25,1,アアモンドサン,3.0,3.0,阿部優哉,570.0,5.0,,,,,,,,,,,,,,,,,,,,,64.9,9.0,,nar,2026-07-25,36.0,35.0,35.0,35.0,35.0,35.0,45.0,履歴少
202654072501,2026-07-25,1,アイブランコ,9.0,8.0,赤岡修次,57.0,2.0,9.0,10.0,川崎,中原OP(OP)(3歳),11.0,14.0,船橋,短夜賞(OP)(3上),9.0,10.0,船橋,皐月盃(OP)(4上),8.0,10.0,浦和,’26武蔵国OP(OP)(4上),8.0,14.0,川崎,幸OP(OP)(A14歳),3.1,2.0,,nar,2026-07-25,44.51,34.0,65.1,0.0,50.0,63.3,45.0,履歴少 / 人気以上に走る傾向
202665072501,2026-07-25,1,アンペラール,8.0,7.0,今井千尋,580.0,9.0,,,,,,,,,,,,,,,,,,,,,8.0,3.0,,nar,2026-07-25,36.0,35.0,35.0,35.0,35.0,35.0,45.0,履歴少
202654072501,2026-07-25,1,オリエンタルナイト,1.0,1.0,木村直輝,57.0,9.0,9.0,7.0,高知,C2ー3,7.0,5.0,高知,C2ー3,14.0,14.0,1新潟4,五泉特別(2勝クラス),12.0,12.0,1中京5,TAインディア賞(2勝クラス),10.0,10.0,2中山6,4歳以上2勝クラス,71.9,8.0,,nar,2026-07-25,37.02,28.5,42.3,0.0,60.5,50.9,45.0,履歴少
202665072501,2026-07-25,1,カイロルーラー,7.0,7.0,西将太,570.0,2.0,,,,,,,,,,,,,,,,,,,,,13.6,4.0,,nar,2026-07-25,36.0,35.0,35.0,35.0,35.0,35.0,45.0,履歴少
202665072501,2026-07-25,1,ガシンショウタン,2.0,2.0,大友一馬,590.0,10.0,,,,,,,,,,,,,,,,,,,,,43.9,8.0,,nar,2026-07-25,36.0,35.0,35.0,35.0,35.0,35.0,45.0,履歴少
202654072501,2026-07-25,1,コパノキュラソー,7.0,7.0,郷間勇太,57.0,3.0,6.0,3.0,高知,C2ー2,6.0,3.0,園田,青馬ひすみ☆配信記念(B2),7.0,8.0,園田,B2,7.0,6.0,高知,穀雨特別(C2),,,高知,C2ー2,23.9,6.0,,nar,2026-07-25,43.11,56.9,37.4,0.0,54.0,51.4,45.0,履歴少 / 市場オッズ妙味
202665072501,2026-07-25,1,ジェイミスター,10.0,8.0,金田利貴,590.0,3.0,,,,,,,,,,,,,,,,,,,,,36.1,6.0,,nar,2026-07-25,36.0,35.0,35.0,35.0,35.0,35.0,45.0,履歴少
202665072501,2026-07-25,1,ストロングモモ,9.0,8.0,船山蔵人,570.0,6.0,,,,,,,,,,,,,,,,,,,,,42.2,7.0,,nar,2026-07-25,36.0,35.0,35.0,35.0,35.0,35.0,45.0,履歴少
202654072501,2026-07-25,1,ダイシンゲキ,4.0,4.0,上田将司,55.0,7.0,5.0,9.0,高知,C2ー3,6.0,10.0,高知,ファイナルレース(C2),9.0,8.0,高知,C2ー4,6.0,7.0,高知,C2ー3,10.0,9.0,高知,C2ー4,22.4,5.0,,nar,2026-07-25,55.33,54.4,64.4,30.4,66.5,60.9,45.0,履歴少 / 近走上向き / 市場オッズ妙味
202654072501,2026-07-25,1,ダイヤモンドビーチ,2.0,2.0,多田羅誠,57.0,6.0,7.0,4.0,高知,小暑特別(C2),2.0,2.0,高知,C2ー4,8.0,4.0,浦和,菖蒲月特別(B3),9.0,4.0,浦和,まるまるひがしにほん(B3),3.0,4.0,浦和,桜草特別(B3),7.5,3.0,,nar,2026-07-25,46.12,61.4,33.7,35.3,41.0,51.4,45.0,履歴少
202654072501,2026-07-25,1,ダルムシュタット,6.0,6.0,畑中信司,57.0,5.0,8.0,10.0,高知,C2ー2,9.0,6.0,高知,C2ー2,6.0,9.0,高知,C2ー2,5.0,5.0,高知,C2ー3,5.0,4.0,高知,C2ー3,102.3,9.0,,nar,2026-07-25,46.72,51.1,52.4,24.9,39.5,54.1,45.0,履歴少
202665072501,2026-07-25,1,トヨミヒラリ,4.0,4.0,渡来心路,570.0,8.0,,,,,,,,,,,,,,,,,,,,,66.9,10.0,,nar,2026-07-25,36.0,35.0,35.0,35.0,35.0,35.0,45.0,履歴少
202665072501,2026-07-25,1,ハゴロモディアナ,5.0,5.0,西謙一,570.0,4.0,,,,,,,,,,,,,,,,,,,,,18.2,5.0,,nar,2026-07-25,36.0,35.0,35.0,35.0,35.0,35.0,45.0,履歴少
202665072501,2026-07-25,1,ヒゴサクラ,1.0,1.0,中原蓮,570.0,7.0,,,,,,,,,,,,,,,,,,,,,2.1,1.0,,nar,2026-07-25,36.0,35.0,35.0,35.0,35.0,35.0,45.0,履歴少
202654072501,2026-07-25,1,マクト,3.0,3.0,岡村卓弥,57.0,4.0,6.0,2.0,高知,C2ー3,7.0,8.0,船橋,麦秋特別(B2B3),7.0,9.0,船橋,天真爛漫賞(B2B3),10.0,6.0,船橋,カシオペア座特別(B2B3),7.0,5.0,船橋,アケビ特別(B2B3),20.6,4.0,,nar,2026-07-25,42.98,50.9,40.5,0.0,60.5,51.8,45.0,履歴少 / 市場オッズ妙味
202654072501,2026-07-25,1,モズリッキー,8.0,8.0,永森大智,57.0,1.0,11.0,12.0,浦和,プラチナC(重賞),10.0,11.0,大井,神田川オープン競走(OP)(4上),10.0,11.0,浦和,ゴールドC(重賞),6.0,8.0,大井,トパーズ賞競走(OP)(3上),10.0,12.0,大井,マイルグランプリ競走(重賞),1.6,1.0,,nar,2026-07-25,39.54,30.2,58.7,0.0,38.0,56.6,45.0,履歴少
202665072501,2026-07-25,1,ヤマノシテンノウ,6.0,6.0,吉田理人,580.0,1.0,,,,,,,,,,,,,,,,,,,,,2.2,2.0,,nar,2026-07-25,36.0,35.0,35.0,35.0,35.0,35.0,45.0,履歴少
202654072501,2026-07-25,1,ロードイモータル,5.0,5.0,阿部基嗣,55.0,8.0,7.0,5.0,高知,C2ー2,5.0,5.0,高知,C2ー3,6.0,9.0,高知,入梅特別(C2),1.0,1.0,高知,ファイナルレース(C2),10.0,8.0,高知,C2ー7,52.7,7.0,,nar,2026-07-25,50.57,62.1,48.4,39.5,41.0,52.9,45.0,履歴少
202654072502,2026-07-25,2,アップルキャンディ,3.0,3.0,塚本直之,52.0,9.0,8.0,8.0,高知,C3ー5,8.0,9.0,高知,C3ー5,10.0,7.0,高知,C3ー5,8.0,9.0,高知,C3ー5,9.0,8.0,高知,C3ー6,145.9,9.0,,nar,2026-07-25,41.05,40.0,47.9,0.0,54.5,52.2,45.0,履歴少
202665072502,2026-07-25,2,イワキフィニティー,4.0,4.0,菊池一樹,500.0,1.0,,,,,,,,,,,,,,,,,,,,,7.4,4.0,,nar,2026-07-25,36.0,35.0,35.0,35.0,35.0,35.0,45.0,履歴少
202654072502,2026-07-25,2,エメラルハッピー,8.0,7.0,城野慈尚,54.0,11.0,2.0,2.0,高知,C3ー7,5.0,5.0,高知,C3ー7,2.0,8.0,高知,C3ー8,6.0,8.0,高知,C3ー9,5.0,7.0,高知,C3ー9,32.2,5.0,,nar,2026-07-25,68.25,78.9,61.8,85.4,65.0,62.8,45.0,履歴少 / 近走上向き / 安定感 / 市場オッズ妙味
202665072502,2026-07-25,2,オレニホレルナ,10.0,8.0,松本秀克,500.0,2.0,,,,,,,,,,,,,,,,,,,,,3.0,1.0,,nar,2026-07-25,36.0,35.0,35.0,35.0,35.0,35.0,45.0,履歴少
202654072502,2026-07-25,2,サイカク,2.0,2.0,上田将司,57.0,7.0,8.0,9.0,高知,C3ー4,7.0,9.0,高知,C3ー4,7.0,10.0,高知,C3ー4,,,高知,ファイナルレース(C3),9.0,9.0,高知,C3ー5,193.4,10.0,,nar,2026-07-25,46.4,47.2,61.4,0.0,48.0,58.4,45.0,履歴少
202654072502,2026-07-25,2,ナイトオブバンド,5.0,5.0,永森大智,57.0,4.0,2.0,2.0,高知,ししとう特別(C3),8.0,8.0,船橋,ダイヤモンドスプリン(A2),3.0,6.0,船橋,電光雷轟ダッシュ(A2),9.0,7.0,船橋,泰山北斗賞(A2),12.0,10.0,大井,オパール賞競走(A2B1),4.1,2.0,,nar,2026-07-25,58.11,62.0,50.7,50.2,86.0,55.4,45.0,履歴少 / 近走上向き
202665072502,2026-07-25,2,ナカゼンミハル,7.0,7.0,西将太,480.0,8.0,,,,,,,,,,,,,,,,,,,,,5.8,3.0,,nar,2026-07-25,36.0,35.0,35.0,35.0,35.0,35.0,45.0,履歴少
202654072502,2026-07-25,2,ナギサノジョジョ,6.0,6.0,石本純也,57.0,8.0,,10.0,高知,ファイナルレース(C3),8.0,11.0,高知,ファイナルレース(C3),6.0,5.0,高知,C3ー5,3.0,3.0,高知,C3ー14,3.0,3.0,高知,C3ー15,125.1,8.0,,nar,2026-07-25,49.26,62.9,55.5,24.9,26.0,55.1,45.0,履歴少
202665072502,2026-07-25,2,ネムロカラキマシタ,2.0,2.0,今井千尋,470.0,9.0,,,,,,,,,,,,,,,,,,,,,11.5,7.0,,nar,2026-07-25,36.0,35.0,35.0,35.0,35.0,35.0,45.0,履歴少
202654072502,2026-07-25,2,ノアアジレ,1.0,1.0,大澤誠志,55.0,6.0,7.0,9.0,高知,C3ー5,6.0,8.0,高知,C3ー5,9.0,10.0,高知,C3ー5,9.0,8.0,高知,C3ー5,8.0,8.0,高知,C3ー5,252.8,11.0,,nar,2026-07-25,46.37,47.7,58.1,0.0,56.0,56.1,45.0,履歴少
202654072502,2026-07-25,2,ノアプレスリー,10.0,8.0,岡村卓弥,57.0,5.0,5.0,4.0,高知,ファイナルレース(C3),4.0,5.0,高知,C3ー5,4.0,4.0,高知,C3ー10,8.0,7.0,高知,C3ー7,10.0,7.0,高知,C3ー8,46.6,7.0,,nar,2026-07-25,57.15,63.9,46.4,75.1,59.0,53.7,45.0,履歴少 / 安定感 / 市場オッズ妙味
202654072502,2026-07-25,2,パルメリータ,7.0,6.0,畑中信司,55.0,10.0,7.0,2.0,高知,C3ー5,3.0,6.0,高知,C3ー7,4.0,6.0,高知,C3ー9,2.0,6.0,高知,C3ー10,5.0,5.0,高知,C3ー10,35.8,6.0,,nar,2026-07-25,57.14,72.2,51.4,69.6,29.0,58.9,45.0,履歴少 / 安定感 / 市場オッズ妙味
202654072502,2026-07-25,2,ヒメカミノイタダキ,11.0,8.0,宮川実,57.0,1.0,18.0,15.0,1小倉11,4歳以上1勝クラス,12.0,11.0,5中山8,3歳以上1勝クラス,7.0,11.0,4新潟4,3歳以上1勝クラス,11.0,13.0,4新潟1,3歳以上1勝クラス,9.0,8.0,2新潟1,閃光特別(1勝クラス),5.2,3.0,,nar,2026-07-25,29.9,19.9,48.7,0.0,0.5,57.7,45.0,履歴少
202665072502,2026-07-25,2,ヒロインナツミ,3.0,3.0,鈴木恵介,480.0,6.0,,,,,,,,,,,,,,,,,,,,,4.2,2.0,,nar,2026-07-25,36.0,35.0,35.0,35.0,35.0,35.0,45.0,履歴少
202654072502,2026-07-25,2,フォトスフィア,9.0,7.0,多田羅誠,57.0,2.0,2.0,2.0,高知,C3ー8,1.0,1.0,高知,ししとう特別(C3),1.0,1.0,高知,C3ー11,10.0,9.0,船橋,ネモフィラスプリント(B2B3),9.0,14.0,浦和,清和月特別(B2),1.5,1.0,,nar,2026-07-25,64.6,80.4,52.6,75.1,69.5,54.3,45.0,履歴少 / 近走上向き / 安定感
202665072502,2026-07-25,2,プリンセスステラ,5.0,5.0,大友一馬,480.0,7.0,,,,,,,,,,,,,,,,,,,,,10.4,6.0,,nar,2026-07-25,36.0,35.0,35.0,35.0,35.0,35.0,45.0,履歴少
202665072502,2026-07-25,2,ホクセイアマリリス,8.0,7.0,中村太陽,480.0,3.0,,,,,,,,,,,,,,,,,,,,,29.4,9.0,,nar,2026-07-25,36.0,35.0,35.0,35.0,35.0,35.0,45.0,履歴少
202665072502,2026-07-25,2,ホクセイタロウ,6.0,6.0,渡来心路,500.0,10.0,,,,,,,,,,,,,,,,,,,,,24.5,8.0,,nar,2026-07-25,36.0,35.0,35.0,35.0,35.0,35.0,45.0,履歴少
202665072502,2026-07-25,2,ホクセイマッシグラ,1.0,1.0,臼杵龍美,490.0,4.0,,,,,,,,,,,,,,,,,,,,,46.1,10.0,,nar,2026-07-25,36.0,35.0,35.0,35.0,35.0,35.0,45.0,履歴少
202654072502,2026-07-25,2,マッハレイジング,4.0,4.0,井上瑛太,57.0,3.0,8.0,7.0,高知,スイレン特別(C3),2.0,3.0,高知,C3ー7,4.0,1.0,高知,C3ー7,,,高知,C3ー9,1.0,1.0,高知,C3ー11,13.3,4.0,,nar,2026-07-25,52.16,72.2,44.7,55.0,16.0,58.6,45.0,履歴少 / 市場オッズ妙味
202665072502,2026-07-25,2,モエタカハート,9.0,8.0,赤塚健仁,480.0,5.0,,,,,,,,,,,,,,,,,,,,,9.4,5.0,,nar,2026-07-25,36.0,35.0,35.0,35.0,35.0,35.0,45.0,履歴少
202665072503,2026-07-25,3,アアモンドタイガー,10.0,8.0,渡来心路,480.0,8.0,,,,,,,,,,,,,,,,,,,,,16.9,9.0,,nar,2026-07-25,36.0,35.0,35.0,35.0,35.0,35.0,45.0,履歴少
202665072503,2026-07-25,3,イワキファミリー,9.0,8.0,菊池一樹,500.0,5.0,,,,,,,,,,,,,,,,,,,,,12.6,8.0,,nar,2026-07-25,36.0,35.0,35.0,35.0,35.0,35.0,45.0,履歴少
202654072503,2026-07-25,3,ウインドファルクス,8.0,7.0,城野慈尚,56.0,7.0,2.0,1.0,高知,C3ー4,16.0,15.0,2東京6,4歳以上1勝クラス,11.0,10.0,1福島4,4歳以上1勝クラス,8.0,15.0,3中山4,4歳以上1勝クラス,5.0,10.0,園田,JRA交流藻川特別,3.2,2.0,,nar,2026-07-25,55.68,45.4,55.5,40.7,98.0,60.8,45.0,履歴少 / 近走上向き
202654072503,2026-07-25,3,エレガントウインク,10.0,8.0,多田羅誠,55.0,2.0,2.0,2.0,高知,C3ー5,4.0,3.0,高知,C3ー7,3.0,1.0,高知,ファイナルレース(C3),4.0,3.0,高知,C3ー8,2.0,4.0,高知,C3ー10,18.0,5.0,,nar,2026-07-25,66.5,84.1,45.9,100.0,57.5,61.0,45.0,履歴少 / 安定感 / 市場オッズ妙味
202654072503,2026-07-25,3,オールデュスヴラン,1.0,1.0,佐原秀泰,57.0,1.0,4.0,3.0,高知,スイレン特別(C3),1.0,1.0,高知,C3ー8,1.0,1.0,高知,C3ー11,13.0,11.0,1福島6,飯盛山特別(1勝クラス),18.0,17.0,1小倉12,唐戸特別(1勝クラス),1.8,1.0,,nar,2026-07-25,59.52,68.4,45.1,75.1,75.5,49.9,45.0,履歴少 / 近走上向き / 安定感
202665072503,2026-07-25,3,ガッツデー,1.0,1.0,鈴木恵介,500.0,7.0,,,,,,,,,,,,,,,,,,,,,3.9,1.0,,nar,2026-07-25,36.0,35.0,35.0,35.0,35.0,35.0,45.0,履歴少
202654072503,2026-07-25,3,クラウンクーロン,9.0,7.0,阿部基嗣,55.0,4.0,4.0,5.0,高知,ファイナルレース(C3),3.0,5.0,高知,ファイナルレース(C3),3.0,8.0,高知,C3ー5,10.0,10.0,高知,C3ー3,5.0,8.0,高知,C3ー3,35.0,7.0,,nar,2026-07-25,66.15,71.7,64.7,85.4,57.5,63.4,45.0,履歴少 / 安定感 / 市場オッズ妙味
202654072503,2026-07-25,3,ケーニッヒブルート,7.0,6.0,赤岡修次,57.0,3.0,6.0,5.0,高知,スイレン特別(C3),1.0,2.0,高知,C3ー10,3.0,9.0,高知,C3ー9,9.0,2.0,高知,C3ー10,6.0,2.0,高知,C3ー10,8.1,3.0,,nar,2026-07-25,54.18,71.2,47.9,44.7,42.5,55.7,45.0,履歴少
202665072503,2026-07-25,3,ゴーゴーソウタ,2.0,2.0,長澤幸太,500.0,1.0,,,,,,,,,,,,,,,,,,,,,12.0,7.0,,nar,2026-07-25,36.0,35.0,35.0,35.0,35.0,35.0,45.0,履歴少
202665072503,2026-07-25,3,ゴールドブリオン,5.0,5.0,西将太,500.0,6.0,,,,,,,,,,,,,,,,,,,,,6.6,3.0,,nar,2026-07-25,36.0,35.0,35.0,35.0,35.0,35.0,45.0,履歴少
202654072503,2026-07-25,3,シンゼンシャイン,6.0,6.0,岡村卓弥,57.0,9.0,2.0,3.0,高知,C3ー5,6.0,8.0,園田,第31回大日本プロレ(B1B2),7.0,9.0,園田,B2,11.0,8.0,園田,青馬ひすみ☆配信記念(B1B2),4.0,6.0,園田,忘れな草賞B1B2,11.2,4.0,,nar,2026-07-25,59.32,64.0,56.8,40.7,80.0,62.9,45.0,履歴少 / 近走上向き
202665072503,2026-07-25,3,ジェイクリス,8.0,7.0,赤塚健仁,500.0,4.0,,,,,,,,,,,,,,,,,,,,,7.3,5.0,,nar,2026-07-25,36.0,35.0,35.0,35.0,35.0,35.0,45.0,履歴少
202665072503,2026-07-25,3,スーパーメジャー,7.0,7.0,今井千尋,490.0,10.0,,,,,,,,,,,,,,,,,,,,,21.0,10.0,,nar,2026-07-25,36.0,35.0,35.0,35.0,35.0,35.0,45.0,履歴少
202654072503,2026-07-25,3,ドンカルロ,3.0,3.0,畑中信司,57.0,5.0,5.0,3.0,高知,C3ー4,3.0,4.0,高知,C3ー5,3.0,3.0,高知,C3ー10,7.0,8.0,高知,C3ー7,7.0,9.0,高知,C3ー8,138.3,10.0,,nar,2026-07-25,59.1,71.2,50.0,75.1,50.0,54.8,45.0,履歴少 / 安定感
202654072503,2026-07-25,3,ノアファラオ,5.0,5.0,木村直輝,57.0,10.0,9.0,9.0,高知,C3ー3,6.0,8.0,高知,C3ー4,8.0,11.0,高知,C3ー3,11.0,9.0,高知,ファイナルレース(C3),8.0,8.0,高知,C3ー4,307.2,11.0,,nar,2026-07-25,42.84,42.1,55.6,0.0,45.5,55.5,45.0,履歴少
202665072503,2026-07-25,3,パリスウンカイ,4.0,4.0,中村太陽,480.0,9.0,,,,,,,,,,,,,,,,,,,,,6.8,4.0,,nar,2026-07-25,36.0,35.0,35.0,35.0,35.0,35.0,45.0,履歴少
202665072503,2026-07-25,3,ヒサノタイガー,3.0,3.0,西謙一,500.0,2.0,,,,,,,,,,,,,,,,,,,,,9.0,6.0,,nar,2026-07-25,36.0,35.0,35.0,35.0,35.0,35.0,45.0,履歴少
202665072503,2026-07-25,3,ポップコーン,6.0,6.0,菅原響希,470.0,3.0,,,,,,,,,,,,,,,,,,,,,5.4,2.0,,nar,2026-07-25,36.0,35.0,35.0,35.0,35.0,35.0,45.0,履歴少
202654072503,2026-07-25,3,メルヘンライズ,4.0,4.0,上田将司,55.0,8.0,3.0,5.0,高知,C3ー4,10.0,7.0,高知,ファイナルレース(C3),9.0,3.0,高知,ファイナルレース(C3),2.0,7.0,高知,ファイナルレース(C3),5.0,5.0,高知,C3ー14,67.2,8.0,,nar,2026-07-25,54.79,60.1,45.8,55.3,71.0,52.2,45.0,履歴少 / 近走上向き
202654072503,2026-07-25,3,ヨシュア,11.0,8.0,岡遼太郎,57.0,6.0,6.0,11.0,高知,ファイナルレース(C3),4.0,6.0,高知,C3ー3,4.0,7.0,高知,C3ー4,5.0,7.0,高知,ファイナルレース(C3),5.0,6.0,高知,C3ー5,99.8,9.0,,nar,2026-07-25,62.86,69.1,71.0,69.6,41.0,62.0,45.0,履歴少 / 人気以上に走る傾向 / 安定感
202654072503,2026-07-25,3,ロードステイタス,2.0,2.0,井上瑛太,57.0,11.0,3.0,1.0,高知,C3ー5,2.0,1.0,高知,C3ー10,3.0,2.0,高知,C3ー8,3.0,1.0,高知,C3ー10,2.0,2.0,高知,C3ー12,18.7,6.0,,nar,2026-07-25,64.36,86.8,40.6,100.0,47.0,58.3,45.0,履歴少 / 安定感 / 市場オッズ妙味
202665072504,2026-07-25,4,イワキファンファン,10.0,8.0,島津新,490.0,7.0,,,,,,,,,,,,,,,,,,,,,18.5,8.0,,nar,2026-07-25,36.0,35.0,35.0,35.0,35.0,35.0,45.0,履歴少
202665072504,2026-07-25,4,エスペランサ,1.0,1.0,阿部武臣,490.0,4.0,,,,,,,,,,,,,,,,,,,,,8.0,4.0,,nar,2026-07-25,36.0,35.0,35.0,35.0,35.0,35.0,45.0,履歴少
202654072504,2026-07-25,4,クラウンセヘル,1.0,1.0,佐原秀泰,57.0,8.0,7.0,5.0,高知,C1ー4,10.0,6.0,高知,菖蒲洞特別,1.0,1.0,高知,C1ー7,3.0,6.0,高知,小満特別(C2),1.0,3.0,高知,C2ー7,51.2,8.0,,nar,2026-07-25,49.54,65.1,43.3,44.7,30.5,52.9,45.0,履歴少
202654072504,2026-07-25,4,クヴェレ,9.0,7.0,上田将司,57.0,10.0,8.0,5.0,高知,ファイナルレース(C1),9.0,10.0,高知,菖蒲洞特別,4.0,11.0,高知,C1ー4,8.0,11.0,高知,丸山台特別,4.0,6.0,高知,ファイナルレース(C1),155.3,10.0,,nar,2026-07-25,50.0,51.6,59.6,30.1,39.5,60.0,45.0,履歴少
202665072504,2026-07-25,4,ジェイカムイ,2.0,2.0,阿部優哉,510.0,10.0,,,,,,,,,,,,,,,,,,,,,30.3,10.0,,nar,2026-07-25,36.0,35.0,35.0,35.0,35.0,35.0,45.0,履歴少
202654072504,2026-07-25,4,ジャスタースパーク,8.0,7.0,阿部基嗣,55.0,4.0,3.0,12.0,高知,ファイナルレース(C1),8.0,9.0,高知,C1ー5,8.0,10.0,高知,C1ー4,9.0,9.0,高知,C1ー5,7.0,5.0,高知,C1ー5,110.7,9.0,,nar,2026-07-25,59.11,55.8,72.2,30.4,80.0,60.0,45.0,履歴少 / 人気以上に走る傾向 / 近走上向き
202654072504,2026-07-25,4,ゼンノソブリン,10.0,8.0,岡村卓弥,57.0,6.0,1.0,3.0,高知,C1ー6,3.0,7.0,高知,短夜特別(C2),2.0,4.0,高知,C2ー4,8.0,10.0,高知,芒種特別(C2),2.0,9.0,高知,C2ー6,23.1,7.0,,nar,2026-07-25,73.15,85.4,71.1,85.4,66.5,67.3,45.0,履歴少 / 人気以上に走る傾向 / 近走上向き / 安定感
202654072504,2026-07-25,4,タイムイズマネー,6.0,6.0,永森大智,57.0,9.0,2.0,2.0,高知,C1ー5,2.0,1.0,高知,短夜特別(C2),1.0,1.0,高知,C2ー4,4.0,3.0,船橋,浜風スプリント(B3),8.0,1.0,船橋,初鷹スプリント(B3),2.8,2.0,,nar,2026-07-25,63.6,86.3,42.2,89.7,60.5,48.5,45.0,履歴少 / 安定感
202654072504,2026-07-25,4,ダイタジャスティス,11.0,8.0,城野慈尚,56.0,7.0,11.0,9.0,高知,柏島特別(C1),2.0,5.0,高知,C1ー5,4.0,9.0,高知,C1ー5,10.0,9.0,高知,丸山台特別,5.0,4.0,高知,キビナゴ特別(C1),15.0,5.0,,nar,2026-07-25,50.85,55.1,56.1,55.0,15.5,64.1,45.0,履歴少 / 市場オッズ妙味
202654072504,2026-07-25,4,ダイチヴィヴァン,2.0,2.0,,,,12.0,7.0,高知,ファイナルレース(C1),8.0,7.0,高知,C1ー4,7.0,6.0,高知,C1ー3,5.0,8.0,高知,C1ー4,5.0,9.0,高知,C1ー4,,,,nar,2026-07-25,38.19,41.8,42.2,24.9,15.5,50.0,45.0,履歴少
202665072504,2026-07-25,4,トト,5.0,5.0,長澤幸太,510.0,8.0,,,,,,,,,,,,,,,,,,,,,28.2,9.0,,nar,2026-07-25,36.0,35.0,35.0,35.0,35.0,35.0,45.0,履歴少
202665072504,2026-07-25,4,ハオリブル,3.0,3.0,鈴木恵介,490.0,1.0,,,,,,,,,,,,,,,,,,,,,8.3,5.0,,nar,2026-07-25,36.0,35.0,35.0,35.0,35.0,35.0,45.0,履歴少
202654072504,2026-07-25,4,ビーム,4.0,4.0,赤岡修次,57.0,5.0,9.0,4.0,高知,C1ー4,8.0,2.0,高知,C1ー4,1.0,1.0,高知,小満特別(C2),2.0,1.0,高知,C2ー5,2.0,1.0,高知,C2ー6,21.9,6.0,,nar,2026-07-25,43.02,64.6,27.1,44.7,15.5,47.8,45.0,履歴少 / 市場オッズ妙味
202665072504,2026-07-25,4,フジノモンスター,9.0,8.0,菊池一樹,510.0,2.0,,,,,,,,,,,,,,,,,,,,,6.1,2.0,,nar,2026-07-25,36.0,35.0,35.0,35.0,35.0,35.0,45.0,履歴少
202654072504,2026-07-25,4,ブーバー,3.0,3.0,宮川実,55.0,2.0,4.0,5.0,高知,ヴェガ特別,7.0,4.0,高知,C1ー5,1.0,2.0,高知,C2ー3,4.0,7.0,高知,小満特別(C2),2.0,2.0,高知,C2ー6,9.1,3.0,,nar,2026-07-25,61.36,76.4,51.3,75.1,47.0,60.7,45.0,履歴少 / 安定感
202665072504,2026-07-25,4,ホクセイスズタロウ,7.0,7.0,渡来心路,510.0,3.0,,,,,,,,,,,,,,,,,,,,,7.6,3.0,,nar,2026-07-25,36.0,35.0,35.0,35.0,35.0,35.0,45.0,履歴少
202665072504,2026-07-25,4,マルホンエルフ,8.0,7.0,西謙一,510.0,5.0,,,,,,,,,,,,,,,,,,,,,2.3,1.0,,nar,2026-07-25,36.0,35.0,35.0,35.0,35.0,35.0,45.0,履歴少
202654072504,2026-07-25,4,メイショウミカワ,5.0,5.0,岡遼太郎,57.0,1.0,11.0,12.0,2小倉1,薩摩S(3勝クラス),12.0,7.0,1小倉9,小倉城S(3勝クラス),10.0,5.0,1小倉5,豊前S(3勝クラス),5.0,11.0,5阪神4,竹田城S(3勝クラス),8.0,11.0,4京都8,花園S(3勝クラス),1.8,1.0,,nar,2026-07-25,36.87,29.1,44.8,14.6,36.5,52.5,45.0,履歴少
202665072504,2026-07-25,4,ヨーコ,4.0,4.0,中村太陽,490.0,9.0,,,,,,,,,,,,,,,,,,,,,15.6,7.0,,nar,2026-07-25,36.0,35.0,35.0,35.0,35.0,35.0,45.0,履歴少
202665072504,2026-07-25,4,リオンハート,6.0,6.0,今井千尋,480.0,6.0,,,,,,,,,,,,,,,,,,,,,10.2,6.0,,nar,2026-07-25,36.0,35.0,35.0,35.0,35.0,35.0,45.0,履歴少
202654072504,2026-07-25,4,ローズボウル,7.0,6.0,郷間勇太,57.0,3.0,2.0,6.0,高知,C1ー4,4.0,3.0,高知,C1ー5,10.0,9.0,高知,Bー2,5.0,1.0,高知,Bー2,5.0,5.0,高知,ジャニュアリー特別(A),14.1,4.0,,nar,2026-07-25,63.14,69.4,51.3,80.2,74.0,60.0,45.0,履歴少 / 近走上向き / 安定感 / 市場オッズ妙味
202654072505,2026-07-25,5,アイアンサイズ,10.0,7.0,岡村卓弥,57.0,,11.0,3.0,高知,C1ー3,10.0,7.0,川崎,一騎当千賞(B1B2),12.0,13.0,大井,’26メトロポリタン(A2B1),8.0,6.0,大井,日本橋賞競走(A2B1),7.0,7.0,大井,花嵐賞競走(B1),31.1,6.0,,nar,2026-07-25,30.15,27.2,27.1,0.0,39.5,48.5,45.0,履歴少 / 市場オッズ妙味
202665072505,2026-07-25,5,アサヒファイヤー,3.0,3.0,渡来心路,600.0,8.0,,,,,,,,,,,,,,,,,,,,,22.3,6.0,,nar,2026-07-25,36.0,35.0,35.0,35.0,35.0,35.0,45.0,履歴少
202665072505,2026-07-25,5,アショロノチカラ,5.0,5.0,島津新,600.0,5.0,,,,,,,,,,,,,,,,,,,,,9.9,5.0,,nar,2026-07-25,36.0,35.0,35.0,35.0,35.0,35.0,45.0,履歴少
202654072505,2026-07-25,5,アプサラー,12.0,8.0,佐原秀泰,55.0,1.0,3.0,7.0,高知,C1ー4,5.0,9.0,高知,菖蒲洞特別,3.0,5.0,高知,C1ー4,6.0,4.0,高知,C1ー5,5.0,7.0,高知,C1ー5,4.9,3.0,,nar,2026-07-25,68.06,74.9,67.7,85.4,60.5,63.3,45.0,履歴少 / 人気以上に走る傾向 / 安定感
202654072505,2026-07-25,5,オリーブブランチ,9.0,7.0,塚本直之,54.0,,9.0,4.0,高知,C1ー3,4.0,7.0,高知,菖蒲洞特別,4.0,6.0,高知,C1ー4,8.0,8.0,高知,四万十川特別,,,高知,C1ー5,40.9,8.0,,nar,2026-07-25,48.42,57.2,47.1,44.7,28.0,56.3,45.0,履歴少 / 市場オッズ妙味
202665072505,2026-07-25,5,カブトダイヤ,10.0,8.0,阿部優哉,580.0,7.0,,,,,,,,,,,,,,,,,,,,,34.7,7.0,,nar,2026-07-25,36.0,35.0,35.0,35.0,35.0,35.0,45.0,履歴少
202654072505,2026-07-25,5,シュクメルリ,11.0,8.0,岡遼太郎,57.0,2.0,10.0,9.0,高知,C1ー3,8.0,4.0,高知,ファイナルレース(C1),7.0,7.0,高知,C1ー3,10.0,8.0,高知,C1ー3,3.0,5.0,高知,C1ー3,51.3,10.0,,nar,2026-07-25,38.19,42.5,40.3,10.3,32.0,50.2,45.0,履歴少
202654072505,2026-07-25,5,ジョウショーパワー,6.0,5.0,赤岡修次,57.0,,7.0,5.0,高知,C1ー3,6.0,5.0,高知,菖蒲洞特別,4.0,2.0,高知,丸山台特別,2.0,3.0,高知,C1ー5,4.0,6.0,高知,四万十川特別,17.4,5.0,,nar,2026-07-25,51.48,67.1,43.7,44.7,32.0,60.9,45.0,履歴少 / 市場オッズ妙味
202665072505,2026-07-25,5,スズカゼ,7.0,7.0,吉田理人,590.0,2.0,,,,,,,,,,,,,,,,,,,,,4.0,3.0,,nar,2026-07-25,36.0,35.0,35.0,35.0,35.0,35.0,45.0,履歴少
202665072505,2026-07-25,5,ツナノタチヤマ,4.0,4.0,,,,,,,,,,,,,,,,,,,,,,,,,,,nar,2026-07-25,36.0,35.0,35.0,35.0,35.0,35.0,45.0,履歴少
202654072505,2026-07-25,5,トップアメリカン,8.0,6.0,永森大智,57.0,3.0,3.0,7.0,高知,柏島特別(C1),1.0,3.0,高知,C1ー7,6.0,2.0,高知,C1ー6,5.0,4.0,高知,芒種特別(C2),2.0,2.0,高知,C2ー3,2.6,1.0,,nar,2026-07-25,64.34,81.7,55.4,80.2,53.0,54.7,45.0,履歴少 / 安定感
202654072505,2026-07-25,5,ネイルンノ,5.0,5.0,城野慈尚,56.0,,4.0,10.0,高知,柏島特別(C1),1.0,6.0,高知,C1ー6,8.0,8.0,高知,C1ー5,4.0,5.0,高知,C1ー7,4.0,4.0,高知,C2ー2,5.7,4.0,,nar,2026-07-25,68.03,75.7,72.5,80.2,51.5,65.2,45.0,履歴少 / 人気以上に走る傾向 / 安定感 / 過小評価傾向
202665072505,2026-07-25,5,ハゴロモグレース,9.0,8.0,阿部武臣,580.0,6.0,,,,,,,,,,,,,,,,,,,,,58.5,9.0,,nar,2026-07-25,36.0,35.0,35.0,35.0,35.0,35.0,45.0,履歴少
202665072505,2026-07-25,5,ハゴロモライルズ,6.0,6.0,西謙一,600.0,3.0,,,,,,,,,,,,,,,,,,,,,3.0,1.0,,nar,2026-07-25,36.0,35.0,35.0,35.0,35.0,35.0,45.0,履歴少
202665072505,2026-07-25,5,ブラックバカラ,2.0,2.0,大友一馬,580.0,4.0,,,,,,,,,,,,,,,,,,,,,3.2,2.0,,nar,2026-07-25,36.0,35.0,35.0,35.0,35.0,35.0,45.0,履歴少
202654072505,2026-07-25,5,ペプチドヒナタ,1.0,1.0,井上瑛太,57.0,,8.0,12.0,高知,柏島特別(C1),3.0,6.0,高知,C1ー4,5.0,1.0,高知,ファイナルレース(C1),4.0,4.0,高知,C1ー6,11.0,10.0,高知,C1ー5,35.1,7.0,,nar,2026-07-25,54.91,60.9,57.5,59.3,36.5,57.6,45.0,履歴少 / 市場オッズ妙味
202665072505,2026-07-25,5,ホクセイハスゴイ,1.0,1.0,菊池一樹,580.0,9.0,,,,,,,,,,,,,,,,,,,,,56.9,8.0,,nar,2026-07-25,36.0,35.0,35.0,35.0,35.0,35.0,45.0,履歴少
202654072505,2026-07-25,5,ボマライン,7.0,6.0,木村直輝,57.0,,5.0,11.0,高知,C1ー3,7.0,11.0,高知,C1ー3,,,高知,C1ー3,9.0,9.0,高知,C1ー3,9.0,10.0,高知,C1ー3,176.8,11.0,,nar,2026-07-25,58.28,53.1,75.5,30.4,70.0,62.4,45.0,履歴少 / 人気以上に走る傾向 / 近走上向き
202665072505,2026-07-25,5,マルホンカムイ,8.0,7.0,金田利貴,600.0,1.0,,,,,,,,,,,,,,,,,,,,,6.3,4.0,,nar,2026-07-25,36.0,35.0,35.0,35.0,35.0,35.0,45.0,履歴少
202654072505,2026-07-25,5,メイショウハマギク,2.0,2.0,多田羅誠,55.0,,6.0,1.0,高知,C1ー3,1.0,2.0,高知,短夜特別(C2),3.0,2.0,高知,入梅特別(C2),1.0,1.0,高知,C2ー7,3.0,6.0,高知,アヤメ特別(C3),3.3,2.0,,nar,2026-07-25,56.8,83.0,41.9,69.6,26.0,53.8,45.0,履歴少 / 安定感
202654072505,2026-07-25,5,ヤプシ,3.0,3.0,畑中信司,57.0,,11.0,10.0,高知,ファイナルレース(C1),9.0,8.0,高知,C1ー3,10.0,8.0,高知,C1ー3,8.0,4.0,高知,C1ー3,6.0,5.0,高知,C1ー3,306.2,12.0,,nar,2026-07-25,33.74,33.2,38.6,0.0,33.5,47.7,45.0,履歴少
202654072505,2026-07-25,5,ラインメッセージ,4.0,4.0,濱尚美,55.0,,1.0,9.0,高知,ファイナルレース(C1),7.0,10.0,高知,C1ー5,7.0,12.0,高知,C1ー4,9.0,8.0,高知,C1ー6,8.0,11.0,高知,C1ー5,45.3,9.0,,nar,2026-07-25,65.56,63.4,80.3,30.4,90.5,68.0,45.0,履歴少 / 人気以上に走る傾向 / 近走上向き / 過小評価傾向
202654072506,2026-07-25,6,アリアルブラック,7.0,6.0,山崎雅由,57.0,,12.0,8.0,高知,柏島特別(C1),3.0,7.0,高知,C1ー2,9.0,7.0,高知,C1ー2,7.0,4.0,高知,C1ー2,11.0,2.0,高知,C1ー2,57.0,11.0,,nar,2026-07-25,36.72,41.3,36.1,24.9,23.0,44.4,45.0,履歴少
202665072506,2026-07-25,6,ガッツワン,6.0,6.0,菊池一樹,600.0,7.0,,,,,,,,,,,,,,,,,,,,,13.1,5.0,,nar,2026-07-25,36.0,35.0,35.0,35.0,35.0,35.0,45.0,履歴少
202665072506,2026-07-25,6,キタサカエシンバ,4.0,4.0,今井千尋,590.0,4.0,,,,,,,,,,,,,,,,,,,,,2.5,1.0,,nar,2026-07-25,36.0,35.0,35.0,35.0,35.0,35.0,45.0,履歴少
202665072506,2026-07-25,6,クリスタルティアラ,3.0,3.0,赤塚健仁,580.0,8.0,,,,,,,,,,,,,,,,,,,,,18.2,7.0,,nar,2026-07-25,36.0,35.0,35.0,35.0,35.0,35.0,45.0,履歴少
202665072506,2026-07-25,6,クリスタルデビル,1.0,1.0,島津新,600.0,2.0,,,,,,,,,,,,,,,,,,,,,13.3,6.0,,nar,2026-07-25,36.0,35.0,35.0,35.0,35.0,35.0,45.0,履歴少
202654072506,2026-07-25,6,コスモルーテウス,11.0,8.0,宮川実,57.0,,5.0,4.0,高知,柏島特別(C1),1.0,2.0,高知,C1ー6,2.0,3.0,高知,キビナゴ特別(C1),4.0,2.0,高知,八十八夜特別(C2),3.0,3.0,高知,穀雨特別(C2),2.6,1.0,,nar,2026-07-25,63.32,83.5,49.0,100.0,35.0,53.4,45.0,履歴少 / 安定感
202654072506,2026-07-25,6,サノノゴールド,2.0,2.0,佐原秀泰,57.0,,4.0,4.0,高知,ファイナルレース(C1),6.0,9.0,高知,C1ー3,5.0,9.0,高知,C1ー2,5.0,8.0,高知,C1ー3,7.0,10.0,高知,ファイナルレース(C1),17.2,7.0,,nar,2026-07-25,63.95,66.8,66.0,64.7,60.5,70.6,45.0,履歴少 / 人気以上に走る傾向 / 安定感 / 過小評価傾向
202654072506,2026-07-25,6,ジークシュベルト,9.0,7.0,阿部基嗣,55.0,,2.0,6.0,高知,C1ー3,5.0,3.0,高知,C1ー4,3.0,5.0,高知,C1ー4,8.0,4.0,高知,入野海岸特別(C1),1.0,6.0,高知,ファイナルレース(C1),5.4,2.0,,nar,2026-07-25,66.5,78.3,57.3,85.4,63.5,60.4,45.0,履歴少 / 安定感
202665072506,2026-07-25,6,スズノチカラ,10.0,8.0,長澤幸太,580.0,10.0,,,,,,,,,,,,,,,,,,,,,87.4,10.0,,nar,2026-07-25,36.0,35.0,35.0,35.0,35.0,35.0,45.0,履歴少
202654072506,2026-07-25,6,スティーロポリス,6.0,5.0,濱尚美,55.0,,5.0,9.0,高知,C1ー2,10.0,2.0,高知,C1ー3,7.0,7.0,高知,C1ー2,7.0,4.0,高知,C1ー2,1.0,3.0,高知,C1ー3,41.4,10.0,,nar,2026-07-25,49.65,55.8,42.9,40.7,57.5,53.0,45.0,履歴少 / 市場オッズ妙味
202654072506,2026-07-25,6,ダノンマカルー,8.0,6.0,岡村卓弥,57.0,,8.0,4.0,高知,Bー2,7.0,7.0,高知,Bー2,7.0,4.0,高知,Bー2,10.0,4.0,高知,Bー2,1.0,4.0,高知,琴ヶ浜特別(C1),6.2,3.0,,nar,2026-07-25,39.96,51.0,33.4,10.3,39.5,51.3,45.0,履歴少
202665072506,2026-07-25,6,ツガルミサキ,2.0,2.0,臼杵龍美,590.0,6.0,,,,,,,,,,,,,,,,,,,,,32.5,8.0,,nar,2026-07-25,36.0,35.0,35.0,35.0,35.0,35.0,45.0,履歴少
202654072506,2026-07-25,6,ノーブルラン,1.0,1.0,郷間勇太,57.0,,9.0,10.0,高知,C1ー2,6.0,8.0,高知,C1ー2,3.0,12.0,高知,ファイナルレース(C1),6.0,6.0,高知,C1ー3,10.0,5.0,高知,ファイナルレース(C1),67.6,12.0,,nar,2026-07-25,49.64,54.1,64.4,19.8,33.5,58.1,45.0,履歴少
202654072506,2026-07-25,6,ビッグショータイム,3.0,3.0,赤岡修次,57.0,,4.0,8.0,高知,C1ー3,5.0,3.0,高知,C1ー3,8.0,6.0,高知,早明浦ダム特別(C1),1.0,2.0,高知,C1ー5,1.0,2.0,高知,C2ー2,12.5,6.0,,nar,2026-07-25,62.22,73.7,54.0,80.2,48.5,62.0,45.0,履歴少 / 安定感 / 市場オッズ妙味
202665072506,2026-07-25,6,ピュアリーヒナリ,8.0,7.0,金田利貴,580.0,5.0,,,,,,,,,,,,,,,,,,,,,59.1,9.0,,nar,2026-07-25,36.0,35.0,35.0,35.0,35.0,35.0,45.0,履歴少
202665072506,2026-07-25,6,フジダイマルス,7.0,7.0,西将太,600.0,9.0,,,,,,,,,,,,,,,,,,,,,10.2,4.0,,nar,2026-07-25,36.0,35.0,35.0,35.0,35.0,35.0,45.0,履歴少
202665072506,2026-07-25,6,ホクセイキレイズキ,9.0,8.0,鈴木恵介,580.0,1.0,,,,,,,,,,,,,,,,,,,,,2.6,2.0,,nar,2026-07-25,36.0,35.0,35.0,35.0,35.0,35.0,45.0,履歴少
202665072506,2026-07-25,6,ホクトノユメ,5.0,5.0,船山蔵人,600.0,3.0,,,,,,,,,,,,,,,,,,,,,7.7,3.0,,nar,2026-07-25,36.0,35.0,35.0,35.0,35.0,35.0,45.0,履歴少
202654072506,2026-07-25,6,モズパシュート,5.0,5.0,永森大智,57.0,,10.0,1.0,高知,C1ー2,5.0,3.0,高知,野根川特別(B),2.0,3.0,高知,Bー2,6.0,4.0,高知,オッズパーク特別(B),5.0,3.0,高知,Bー3,9.0,5.0,,nar,2026-07-25,42.87,59.4,25.3,55.0,17.0,50.3,45.0,履歴少
202654072506,2026-07-25,6,ルクスチェリー,4.0,4.0,岡遼太郎,55.0,,4.0,6.0,高知,C1ー2,4.0,5.0,高知,C1ー3,6.0,3.0,高知,C1ー2,3.0,5.0,高知,C1ー4,5.0,4.0,高知,C1ー3,19.9,8.0,,nar,2026-07-25,62.79,73.2,53.2,80.2,53.0,64.6,45.0,履歴少 / 安定感 / 市場オッズ妙味
202654072506,2026-07-25,6,ワクワクドリーム,12.0,8.0,塚本直之,52.0,,5.0,7.0,高知,C1ー2,9.0,4.0,高知,C1ー2,2.0,3.0,高知,C1ー3,2.0,6.0,高知,C1ー2,8.0,8.0,高知,猿田洞特別(C1),7.3,4.0,,nar,2026-07-25,57.48,65.8,51.0,64.7,51.5,59.8,45.0,履歴少 / 安定感
202654072506,2026-07-25,6,ワンリオン,10.0,7.0,多田羅誠,57.0,,8.0,9.0,高知,C1ー2,4.0,10.0,高知,C1ー2,4.0,5.0,高知,ファイナルレース(C1),10.0,6.0,高知,C1ー2,8.0,2.0,高知,ファイナルレース(C1),33.3,9.0,,nar,2026-07-25,51.48,56.0,55.6,44.7,41.0,55.0,45.0,履歴少 / 市場オッズ妙味
202654072507,2026-07-25,7,アンミノレモン,5.0,5.0,井上瑛太,57.0,,6.0,11.0,高知,ファイナルレース(C1),4.0,6.0,高知,C1ー7,3.0,5.0,高知,C2ー2,4.0,4.0,高知,ファイナルレース(C2),7.0,6.0,高知,C2ー3,20.0,6.0,,nar,2026-07-25,60.69,70.2,66.2,59.3,41.0,61.5,45.0,履歴少 / 人気以上に走る傾向 / 市場オッズ妙味
202665072507,2026-07-25,7,クリスタルソリッド,6.0,6.0,金田利貴,520.0,4.0,,,,,,,,,,,,,,,,,,,,,5.8,3.0,,nar,2026-07-25,36.0,35.0,35.0,35.0,35.0,35.0,45.0,履歴少
202654072507,2026-07-25,7,コパノハンプトン,11.0,8.0,赤岡修次,57.0,,1.0,1.0,高知,ギボウシ特別(C3),1.0,1.0,高知,C3ー9,1.0,1.0,高知,C3ー13,12.0,13.0,3中山5,卯月S(3勝クラス),14.0,14.0,2京都3,橿原S(3勝クラス),2.7,2.0,,nar,2026-07-25,65.27,76.8,51.0,75.1,86.0,54.9,45.0,履歴少 / 近走上向き / 安定感
202654072507,2026-07-25,7,コリエドール,1.0,1.0,岡遼太郎,55.0,,1.0,2.0,高知,C1ー4,1.0,1.0,高知,C2ー2,4.0,3.0,高知,芒種特別(C2),3.0,1.0,高知,C2ー4,3.0,2.0,高知,C2ー5,7.3,3.0,,nar,2026-07-25,68.74,91.3,48.0,100.0,60.5,56.5,45.0,履歴少 / 安定感
202654072507,2026-07-25,7,コントリビュート,8.0,6.0,山崎雅由,57.0,,9.0,11.0,門別,沙流川温泉ひだか高原(C4),8.0,11.0,門別,3歳以上C4ー2,12.0,6.0,門別,グランシャリオドリー(C4),8.0,9.0,門別,3歳以上C4ー2,8.0,3.0,園田,C3三,24.3,7.0,,nar,2026-07-25,39.46,35.2,48.6,0.0,50.0,53.0,45.0,履歴少 / 市場オッズ妙味
202665072507,2026-07-25,7,ゴールドタカラ,5.0,5.0,島津新,520.0,8.0,,,,,,,,,,,,,,,,,,,,,14.6,6.0,,nar,2026-07-25,36.0,35.0,35.0,35.0,35.0,35.0,45.0,履歴少
202654072507,2026-07-25,7,サンライズラポール,12.0,8.0,阿部基嗣,55.0,,11.0,11.0,高知,C1ー2,7.0,9.0,高知,C1ー2,7.0,7.0,高知,ファイナルレース(C1),9.0,10.0,高知,C1ー2,9.0,7.0,高知,C1ー2,32.3,10.0,,nar,2026-07-25,39.77,38.3,53.1,0.0,32.0,56.9,45.0,履歴少 / 市場オッズ妙味
202654072507,2026-07-25,7,ジェンマ,9.0,7.0,畑中信司,57.0,,9.0,11.0,高知,柏島特別(C1),3.0,6.0,高知,C1ー3,4.0,7.0,高知,C1ー3,6.0,7.0,高知,C1ー4,3.0,1.0,高知,ファイナルレース(C1),18.1,5.0,,nar,2026-07-25,56.04,64.3,63.2,55.0,20.0,66.8,45.0,履歴少 / 過小評価傾向 / 市場オッズ妙味
202654072507,2026-07-25,7,タイガーワゴン,2.0,2.0,塚本直之,54.0,,11.0,10.0,高知,小暑特別(C2),1.0,2.0,高知,C2ー6,5.0,5.0,高知,C2ー7,4.0,7.0,高知,C2ー7,5.0,4.0,高知,C2ー8,30.4,9.0,,nar,2026-07-25,51.68,62.6,52.0,69.6,6.5,57.6,45.0,履歴少 / 安定感 / 市場オッズ妙味
202665072507,2026-07-25,7,ツカサエンゼル,2.0,2.0,阿部武臣,500.0,7.0,,,,,,,,,,,,,,,,,,,,,54.2,9.0,,nar,2026-07-25,36.0,35.0,35.0,35.0,35.0,35.0,45.0,履歴少
202654072507,2026-07-25,7,ディープカインズ,10.0,7.0,多田羅誠,57.0,,9.0,3.0,高知,ファイナルレース(C1),5.0,3.0,高知,C1ー6,3.0,10.0,高知,C1ー5,8.0,3.0,高知,C1ー7,2.0,5.0,高知,C2ー2,25.5,8.0,,nar,2026-07-25,48.1,60.4,40.5,55.0,23.0,54.3,45.0,履歴少 / 市場オッズ妙味
202665072507,2026-07-25,7,ニシオギオリジン,9.0,8.0,渡来心路,520.0,9.0,,,,,,,,,,,,,,,,,,,,,15.8,7.0,,nar,2026-07-25,36.0,35.0,35.0,35.0,35.0,35.0,45.0,履歴少
202665072507,2026-07-25,7,ハゴロモゴールド,7.0,7.0,西謙一,520.0,6.0,,,,,,,,,,,,,,,,,,,,,27.3,8.0,,nar,2026-07-25,36.0,35.0,35.0,35.0,35.0,35.0,45.0,履歴少
202654072507,2026-07-25,7,ハプスブルグ,7.0,6.0,大澤誠志,55.0,,5.0,3.0,高知,C3ー5,5.0,6.0,高知,C3ー7,2.0,8.0,高知,ファイナルレース(C3),6.0,5.0,高知,C3ー8,5.0,5.0,高知,C3ー9,64.6,12.0,,nar,2026-07-25,61.43,71.6,54.8,85.4,47.0,56.1,45.0,履歴少 / 安定感
202665072507,2026-07-25,7,ビエイキャノン,3.0,3.0,長澤幸太,520.0,1.0,,,,,,,,,,,,,,,,,,,,,2.1,1.0,,nar,2026-07-25,36.0,35.0,35.0,35.0,35.0,35.0,45.0,履歴少
202654072507,2026-07-25,7,プラウドヘリテージ,6.0,5.0,永森大智,57.0,,1.0,1.0,高知,C1ー5,,9.0,2東京11,障害4歳以上未勝利,13.0,9.0,3中山3,障害4歳以上未勝利,7.0,10.0,1東京7,金蹄S(3勝クラス),7.0,9.0,5東京6,晩秋S(3勝クラス),2.7,1.0,,nar,2026-07-25,55.75,58.8,48.6,30.4,98.0,55.0,45.0,履歴少 / 近走上向き
202654072507,2026-07-25,7,ホークレア,4.0,4.0,城野慈尚,54.0,,2.0,5.0,高知,小暑特別(C2),2.0,3.0,高知,C2ー7,5.0,1.0,高知,C3ー2,13.0,12.0,1新潟2,邁進特別(2勝クラス),13.0,12.0,1小倉7,伊万里特別(2勝クラス),9.6,4.0,,nar,2026-07-25,62.67,65.3,50.9,75.1,87.5,58.3,45.0,履歴少 / 近走上向き / 安定感
202665072507,2026-07-25,7,マオノエトワール,1.0,1.0,鈴木恵介,520.0,2.0,,,,,,,,,,,,,,,,,,,,,4.8,2.0,,nar,2026-07-25,36.0,35.0,35.0,35.0,35.0,35.0,45.0,履歴少
202665072507,2026-07-25,7,モンスターオウキ,4.0,4.0,西将太,520.0,5.0,,,,,,,,,,,,,,,,,,,,,8.7,5.0,,nar,2026-07-25,36.0,35.0,35.0,35.0,35.0,35.0,45.0,履歴少
202665072507,2026-07-25,7,ヤマカツサクラ,8.0,8.0,今井千尋,490.0,3.0,,,,,,,,,,,,,,,,,,,,,8.4,4.0,,nar,2026-07-25,36.0,35.0,35.0,35.0,35.0,35.0,45.0,履歴少
202654072507,2026-07-25,7,ルージュブラゾン,3.0,3.0,郷間勇太,55.0,,3.0,7.0,高知,C2ー2,5.0,6.0,高知,C2ー2,3.0,4.0,高知,C2ー3,4.0,6.0,高知,C2ー3,5.0,8.0,高知,C2ー4,48.0,11.0,,nar,2026-07-25,69.7,77.2,65.9,100.0,57.5,63.4,45.0,履歴少 / 人気以上に走る傾向 / 安定感 / 市場オッズ妙味
202654072508,2026-07-25,8,ウィンザーバローズ,6.0,6.0,郷間勇太,57.0,,10.0,10.0,高知,短夜特別(C2),1.0,6.0,高知,C2ー5,4.0,3.0,高知,C2ー6,9.0,4.0,高知,C2ー6,7.0,5.0,高知,C2ー6,19.6,9.0,,nar,2026-07-25,49.86,59.1,50.8,44.7,21.5,62.0,45.0,履歴少 / 市場オッズ妙味
202665072508,2026-07-25,8,カブトファイター,4.0,4.0,中村太陽,620.0,,,,,,,,,,,,,,,,,,,,,,51.8,10.0,,nar,2026-07-25,36.0,35.0,35.0,35.0,35.0,35.0,45.0,履歴少
202665072508,2026-07-25,8,キタノバンリュウ,8.0,7.0,島津新,630.0,,,,,,,,,,,,,,,,,,,,,,6.1,3.0,,nar,2026-07-25,36.0,35.0,35.0,35.0,35.0,35.0,45.0,履歴少
202665072508,2026-07-25,8,キュートアイズ,3.0,3.0,赤塚健仁,600.0,,,,,,,,,,,,,,,,,,,,,,14.2,6.0,,nar,2026-07-25,36.0,35.0,35.0,35.0,35.0,35.0,45.0,履歴少
202654072508,2026-07-25,8,ココリハクタク,2.0,2.0,井上瑛太,57.0,,10.0,9.0,高知,小暑特別(C2),3.0,3.0,高知,C2ー3,9.0,5.0,高知,入梅特別(C2),1.0,1.0,高知,C2ー6,9.0,3.0,高知,C2ー7,9.3,6.0,,nar,2026-07-25,43.81,54.9,38.0,39.5,23.0,52.3,45.0,履歴少
202665072508,2026-07-25,8,コトブキ,1.0,1.0,菊池一樹,620.0,,,,,,,,,,,,,,,,,,,,,,17.8,8.0,,nar,2026-07-25,36.0,35.0,35.0,35.0,35.0,35.0,45.0,履歴少
202654072508,2026-07-25,8,ジャガーバローズ,3.0,3.0,宮川実,57.0,,10.0,2.0,高知,C2ー2,5.0,1.0,高知,C2ー3,13.0,10.0,大井,錦華坂賞競走(B3),12.0,5.0,大井,神楽坂賞競走(B3),1.0,2.0,大井,おおいぬ座特別競走(C1三),8.2,5.0,,nar,2026-07-25,33.89,38.3,15.4,35.3,36.5,45.3,45.0,履歴少
202665072508,2026-07-25,8,ジャックポット,9.0,8.0,船山蔵人,620.0,,,,,,,,,,,,,,,,,,,,,,15.8,7.0,,nar,2026-07-25,36.0,35.0,35.0,35.0,35.0,35.0,45.0,履歴少
202654072508,2026-07-25,8,ステラデルシエロ,11.0,8.0,上田将司,57.0,,,,高知,C2ー2,12.0,8.0,高知,ファイナルレース(C2),7.0,8.0,高知,C2ー2,10.0,12.0,高知,芒種特別(C2),3.0,8.0,高知,C2ー3,41.4,11.0,,nar,2026-07-25,38.73,37.4,50.1,10.3,18.0,59.5,45.0,履歴少 / 市場オッズ妙味
202654072508,2026-07-25,8,ゼントユウイ,4.0,4.0,岡村卓弥,57.0,,5.0,4.0,高知,C2ー2,9.0,4.0,高知,短夜特別(C2),2.0,4.0,高知,C2ー3,9.0,3.0,高知,C2ー4,4.0,6.0,名古屋,丹頂特別(A),9.7,7.0,,nar,2026-07-25,52.1,60.9,37.2,60.5,56.0,54.5,45.0,履歴少 / 安定感
202654072508,2026-07-25,8,ゾクゾク,8.0,7.0,山崎雅由,55.0,,4.0,6.0,高知,小暑特別(C2),3.0,6.0,高知,C2ー4,4.0,3.0,高知,C2ー5,6.0,4.0,高知,C2ー4,7.0,10.0,高知,小満特別(C2),4.3,1.0,,nar,2026-07-25,63.02,73.2,58.2,75.1,56.0,59.5,45.0,履歴少 / 安定感
202665072508,2026-07-25,8,ツカサファースト,5.0,5.0,西謙一,630.0,,,,,,,,,,,,,,,,,,,,,,8.4,5.0,,nar,2026-07-25,36.0,35.0,35.0,35.0,35.0,35.0,45.0,履歴少
202665072508,2026-07-25,8,デッカクナーレ,7.0,7.0,松本秀克,630.0,,,,,,,,,,,,,,,,,,,,,,8.2,4.0,,nar,2026-07-25,36.0,35.0,35.0,35.0,35.0,35.0,45.0,履歴少
202665072508,2026-07-25,8,トップトレジャー,6.0,6.0,村上章,610.0,,,,,,,,,,,,,,,,,,,,,,23.5,9.0,,nar,2026-07-25,36.0,35.0,35.0,35.0,35.0,35.0,45.0,履歴少
202654072508,2026-07-25,8,ハルノインパクト,7.0,6.0,城野慈尚,56.0,,9.0,9.0,高知,C2ー2,8.0,7.0,高知,C2ー2,5.0,7.0,高知,ファイナルレース(C1),8.0,4.0,高知,ファイナルレース(C1),7.0,7.0,高知,C1ー4,23.8,10.0,,nar,2026-07-25,43.5,47.1,46.9,19.8,38.0,54.3,45.0,履歴少 / 市場オッズ妙味
202665072508,2026-07-25,8,バンクフェーブル,10.0,8.0,西将太,630.0,,,,,,,,,,,,,,,,,,,,,,3.2,1.0,,nar,2026-07-25,36.0,35.0,35.0,35.0,35.0,35.0,45.0,履歴少
202654072508,2026-07-25,8,マサウッドテール,5.0,5.0,木村直輝,57.0,,8.0,8.0,高知,小暑特別(C2),3.0,4.0,高知,C2ー2,3.0,2.0,高知,C2ー4,4.0,5.0,高知,C2ー4,3.0,3.0,高知,C2ー6,5.4,2.0,,nar,2026-07-25,55.65,70.7,51.4,69.6,21.5,57.8,45.0,履歴少 / 安定感
202665072508,2026-07-25,8,マルホンジュセ,2.0,2.0,長澤幸太,630.0,,,,,,,,,,,,,,,,,,,,,,3.4,2.0,,nar,2026-07-25,36.0,35.0,35.0,35.0,35.0,35.0,45.0,履歴少
202654072508,2026-07-25,8,メイショウイヌワシ,1.0,1.0,畑中信司,57.0,,4.0,6.0,高知,C2ー3,6.0,2.0,高知,C2ー3,5.0,3.0,高知,C2ー3,8.0,4.0,高知,小満特別(C2),2.0,1.0,高知,C2ー5,16.7,8.0,,nar,2026-07-25,55.2,67.4,39.7,60.5,57.5,58.1,45.0,履歴少 / 安定感 / 市場オッズ妙味
202654072508,2026-07-25,8,リグレイアー,9.0,7.0,多田羅誠,55.0,,9.0,7.0,高知,小暑特別(C2),2.0,4.0,高知,C2ー3,3.0,5.0,高知,C2ー5,4.0,4.0,高知,C2ー5,6.0,9.0,高知,小満特別(C2),5.7,3.0,,nar,2026-07-25,54.3,67.8,54.2,59.3,18.5,60.7,45.0,履歴少
202654072508,2026-07-25,8,リワードエレイン,10.0,8.0,阿部基嗣,53.0,,4.0,1.0,高知,C2ー3,7.0,7.0,高知,入梅特別(C2),2.0,7.0,高知,C2ー4,11.0,4.0,高知,C2ー5,1.0,5.0,高知,シャクナゲ特別(C3),6.4,4.0,,nar,2026-07-25,56.68,67.5,46.3,60.5,57.5,57.3,45.0,履歴少 / 安定感
202665072509,2026-07-25,9,アグリホープ,10.0,8.0,島津新,620.0,,,,,,,,,,,,,,,,,,,,,,9.8,4.0,,nar,2026-07-25,36.0,35.0,35.0,35.0,35.0,35.0,45.0,履歴少
202665072509,2026-07-25,9,オレニマカセロ,9.0,8.0,松本秀克,620.0,,,,,,,,,,,,,,,,,,,,,,2.9,1.0,,nar,2026-07-25,36.0,35.0,35.0,35.0,35.0,35.0,45.0,履歴少
202665072509,2026-07-25,9,オーディン,5.0,5.0,今井千尋,620.0,,,,,,,,,,,,,,,,,,,,,,6.2,3.0,,nar,2026-07-25,36.0,35.0,35.0,35.0,35.0,35.0,45.0,履歴少
202654072509,2026-07-25,9,カゲマル,10.0,8.0,畑中信司,57.0,,2.0,1.0,高知,C2ー5,1.0,2.0,高知,C3ー2,5.0,3.0,高知,ヤマボウシ特別(C3),2.0,1.0,高知,C3ー3,4.0,5.0,船橋,鳥待月スプリント(B2),4.5,2.0,,nar,2026-07-25,66.63,87.6,46.6,100.0,56.0,55.1,45.0,履歴少 / 安定感
202665072509,2026-07-25,9,キタノサカエヒカル,4.0,4.0,中村太陽,630.0,,,,,,,,,,,,,,,,,,,,,,13.5,7.0,,nar,2026-07-25,36.0,35.0,35.0,35.0,35.0,35.0,45.0,履歴少
202654072509,2026-07-25,9,クエンカ,9.0,7.0,山崎雅由,57.0,,3.0,3.0,高知,C2ー6,1.0,1.0,高知,ファイナルレース(C3),6.0,5.0,高知,ファイナルレース(C3),2.0,6.0,高知,ファイナルレース(C3),6.0,7.0,高知,C3ー4,14.4,8.0,,nar,2026-07-25,64.44,81.9,53.4,69.9,54.5,66.1,45.0,履歴少 / 安定感 / 過小評価傾向 / 市場オッズ妙味
202654072509,2026-07-25,9,クリノバーグマン,5.0,5.0,岡遼太郎,57.0,,2.0,3.0,高知,C2ー7,5.0,5.0,高知,C2ー7,4.0,3.0,高知,カーネーション特別(C3),2.0,2.0,高知,C3ー3,5.0,4.0,高知,ソメイヨシノ特別(C3),13.4,7.0,,nar,2026-07-25,66.91,80.4,50.0,100.0,62.0,60.4,45.0,履歴少 / 安定感 / 市場オッズ妙味
202654072509,2026-07-25,9,スリーローズ,7.0,6.0,塚本直之,52.0,,1.0,2.0,高知,C2ー7,3.0,2.0,高知,C2ー8,7.0,3.0,高知,C2ー7,2.0,3.0,高知,ハルリンドウ特別(C3),1.0,1.0,高知,C3ー5,5.2,3.0,,nar,2026-07-25,64.37,85.4,45.9,80.2,63.5,55.1,45.0,履歴少 / 安定感
202654072509,2026-07-25,9,テソリーノ,8.0,7.0,阿部基嗣,55.0,,,,高知,C2ー5,3.0,1.0,高知,C2ー6,1.0,4.0,高知,C3ー2,6.0,6.0,高知,ヤマボウシ特別(C3),1.0,1.0,高知,C3ー6,10.8,5.0,,nar,2026-07-25,61.67,85.9,50.9,55.0,48.0,60.9,45.0,履歴少
202665072509,2026-07-25,9,テンカタイヘイ,8.0,7.0,長澤幸太,630.0,,,,,,,,,,,,,,,,,,,,,,98.2,10.0,,nar,2026-07-25,36.0,35.0,35.0,35.0,35.0,35.0,45.0,履歴少
202665072509,2026-07-25,9,トマランサカミカゼ,7.0,7.0,村上章,630.0,,,,,,,,,,,,,,,,,,,,,,32.7,9.0,,nar,2026-07-25,36.0,35.0,35.0,35.0,35.0,35.0,45.0,履歴少
202654072509,2026-07-25,9,ニットウライジン,3.0,3.0,多田羅誠,57.0,,1.0,3.0,高知,C2ー5,5.0,3.0,高知,C2ー6,4.0,4.0,高知,C2ー7,7.0,2.0,高知,C2ー6,2.0,4.0,高知,C3ー2,10.1,4.0,,nar,2026-07-25,64.93,79.5,47.1,85.4,71.0,57.9,45.0,履歴少 / 近走上向き / 安定感
202654072509,2026-07-25,9,ノースザワールド,1.0,1.0,郷間勇太,57.0,,3.0,5.0,高知,C2ー3,6.0,8.0,高知,短夜特別(C2),2.0,4.0,高知,C2ー5,3.0,3.0,高知,C2ー5,4.0,4.0,高知,C2ー7,16.8,10.0,,nar,2026-07-25,66.13,78.8,60.5,75.1,54.5,67.9,45.0,履歴少 / 安定感 / 過小評価傾向 / 市場オッズ妙味
202654072509,2026-07-25,9,ハッピービバーク,4.0,4.0,井上瑛太,55.0,,2.0,2.0,高知,C2ー4,7.0,5.0,高知,C2ー4,10.0,1.0,高知,C2ー5,6.0,1.0,高知,C2ー5,3.0,1.0,高知,C2ー6,11.4,6.0,,nar,2026-07-25,49.93,63.9,27.5,40.7,77.0,48.7,45.0,履歴少 / 近走上向き
202665072509,2026-07-25,9,ハナミズキ,1.0,1.0,林康文,610.0,,,,,,,,,,,,,,,,,,,,,,3.3,2.0,,nar,2026-07-25,36.0,35.0,35.0,35.0,35.0,35.0,45.0,履歴少
202665072509,2026-07-25,9,ビール,3.0,3.0,菅原響希,620.0,,,,,,,,,,,,,,,,,,,,,,10.0,5.0,,nar,2026-07-25,36.0,35.0,35.0,35.0,35.0,35.0,45.0,履歴少
202654072509,2026-07-25,9,プリマフェーヴル,6.0,6.0,城野慈尚,54.0,,3.0,8.0,高知,C2ー5,11.0,12.0,高知,ファイナルレース(C2),10.0,8.0,高知,日曜市特別(C2),9.0,7.0,高知,C2ー6,3.0,9.0,高知,C2ー7,16.3,9.0,,nar,2026-07-25,57.71,50.0,61.9,40.7,81.5,69.2,45.0,履歴少 / 近走上向き / 過小評価傾向 / 市場オッズ妙味
202654072509,2026-07-25,9,ボールジー,2.0,2.0,岡村卓弥,57.0,,3.0,8.0,高知,C2ー4,5.0,2.0,高知,ファイナルレース(C2),8.0,9.0,高知,C2ー5,3.0,5.0,高知,C2ー6,3.0,10.0,高知,C2ー8,33.6,11.0,,nar,2026-07-25,65.89,72.1,63.9,80.2,60.5,64.1,45.0,履歴少 / 安定感 / 市場オッズ妙味
202665072509,2026-07-25,9,マルゼンイチバン,2.0,2.0,西謙一,630.0,,,,,,,,,,,,,,,,,,,,,,13.5,6.0,,nar,2026-07-25,36.0,35.0,35.0,35.0,35.0,35.0,45.0,履歴少
202665072509,2026-07-25,9,ミンナノユメヲノセ,6.0,6.0,大友一馬,630.0,,,,,,,,,,,,,,,,,,,,,,15.7,8.0,,nar,2026-07-25,36.0,35.0,35.0,35.0,35.0,35.0,45.0,履歴少
202654072509,2026-07-25,9,レモンシフォン,11.0,8.0,佐原秀泰,55.0,,2.0,3.0,高知,C2ー3,4.0,4.0,高知,C2ー4,8.0,1.0,高知,C2ー4,12.0,5.0,高知,芒種特別(C2),1.0,4.0,高知,C2ー8,3.7,1.0,,nar,2026-07-25,56.25,67.7,37.5,65.7,75.5,49.1,45.0,履歴少 / 近走上向き / 安定感
202665072510,2026-07-25,10,アヤノダイマオー,9.0,8.0,大友一馬,650.0,,,,,,,,,,,,,,,,,,,,,,3.3,1.0,,nar,2026-07-25,36.0,35.0,35.0,35.0,35.0,35.0,45.0,履歴少
202654072510,2026-07-25,10,エイシンギアアップ,10.0,8.0,郷間勇太,57.0,,5.0,8.0,高知,C2ー6,8.0,5.0,高知,C2ー7,4.0,5.0,高知,C2ー8,6.0,6.0,高知,C2ー7,,4.0,高知,C2ー2,12.2,7.0,,nar,2026-07-25,55.82,61.8,52.8,50.2,56.0,61.5,45.0,履歴少 / 市場オッズ妙味
202654072510,2026-07-25,10,オークハンプトン,3.0,3.0,木村直輝,57.0,,8.0,3.0,高知,ファイナルレース(C2),8.0,7.0,高知,C2ー2,7.0,5.0,高知,C2ー2,4.0,4.0,高知,C2ー3,8.0,7.0,高知,C2ー2,14.9,9.0,,nar,2026-07-25,41.7,50.2,34.1,14.6,42.5,57.7,45.0,履歴少 / 市場オッズ妙味
202654072510,2026-07-25,10,カノンウッドテール,1.0,1.0,永森大智,55.0,,12.0,7.0,高知,C2ー4,10.0,7.0,高知,ファイナルレース(C2),8.0,8.0,高知,入梅特別(C2),2.0,4.0,高知,C2ー6,7.0,7.0,高知,C2ー7,8.3,4.0,,nar,2026-07-25,35.54,38.1,36.2,14.6,18.5,55.1,45.0,履歴少
202665072510,2026-07-25,10,キタノミネ,8.0,7.0,中原蓮,650.0,,,,,,,,,,,,,,,,,,,,,,11.8,7.0,,nar,2026-07-25,36.0,35.0,35.0,35.0,35.0,35.0,45.0,履歴少
202665072510,2026-07-25,10,ギンジ,6.0,6.0,船山蔵人,660.0,,,,,,,,,,,,,,,,,,,,,,8.8,5.0,,nar,2026-07-25,36.0,35.0,35.0,35.0,35.0,35.0,45.0,履歴少
202665072510,2026-07-25,10,コウシュハハリアー,3.0,3.0,阿部武臣,650.0,,,,,,,,,,,,,,,,,,,,,,3.5,2.0,,nar,2026-07-25,36.0,35.0,35.0,35.0,35.0,35.0,45.0,履歴少
202665072510,2026-07-25,10,ココロノニダイメ,5.0,5.0,鈴木恵介,640.0,,,,,,,,,,,,,,,,,,,,,,10.4,6.0,,nar,2026-07-25,36.0,35.0,35.0,35.0,35.0,35.0,45.0,履歴少
202665072510,2026-07-25,10,コトブキテンザン,1.0,1.0,渡来心路,650.0,,,,,,,,,,,,,,,,,,,,,,8.3,4.0,,nar,2026-07-25,36.0,35.0,35.0,35.0,35.0,35.0,45.0,履歴少
202654072510,2026-07-25,10,サイモングリット,11.0,8.0,上田将司,57.0,,3.0,1.0,高知,ファイナルレース(C3),2.0,2.0,高知,ファイナルレース(C3),6.0,7.0,高知,アジサイ特別(C3),2.0,7.0,高知,C3ー3,7.0,10.0,高知,ファイナルレース(C3),5.3,3.0,,nar,2026-07-25,63.63,79.1,54.4,69.9,57.5,61.6,45.0,履歴少 / 安定感
202665072510,2026-07-25,10,サカノダイヤ,2.0,2.0,松本秀克,650.0,,,,,,,,,,,,,,,,,,,,,,59.4,10.0,,nar,2026-07-25,36.0,35.0,35.0,35.0,35.0,35.0,45.0,履歴少
202654072510,2026-07-25,10,サプライズビュー,7.0,6.0,塚本直之,54.0,,8.0,8.0,高知,C2ー2,4.0,4.0,高知,ファイナルレース(C2),4.0,6.0,高知,C2ー4,5.0,3.0,高知,C2ー4,4.0,5.0,高知,C2ー6,18.8,10.0,,nar,2026-07-25,55.78,65.1,51.4,69.6,27.5,64.6,45.0,履歴少 / 安定感 / 市場オッズ妙味
202654072510,2026-07-25,10,シシ,2.0,2.0,大澤誠志,57.0,,7.0,5.0,高知,C2ー6,4.0,7.0,高知,C3ー2,3.0,4.0,高知,ファイナルレース(C3),6.0,8.0,高知,C3ー2,6.0,3.0,高知,C3ー3,13.5,8.0,,nar,2026-07-25,54.28,66.3,52.2,44.7,36.5,63.8,45.0,履歴少 / 市場オッズ妙味
202654072510,2026-07-25,10,シュマンドロワ,4.0,4.0,岡遼太郎,57.0,,4.0,10.0,高知,C2ー5,6.0,5.0,高知,C2ー6,10.0,7.0,高知,C2ー7,11.0,11.0,高知,芒種特別(C2),2.0,11.0,高知,C2ー8,11.8,5.0,,nar,2026-07-25,58.09,56.0,63.4,40.7,69.5,67.7,45.0,履歴少 / 近走上向き / 過小評価傾向
202665072510,2026-07-25,10,タンジロウ,7.0,7.0,長澤幸太,650.0,,,,,,,,,,,,,,,,,,,,,,41.6,9.0,,nar,2026-07-25,36.0,35.0,35.0,35.0,35.0,35.0,45.0,履歴少
202654072510,2026-07-25,10,ダニエラハニー,8.0,7.0,佐原秀泰,55.0,,9.0,10.0,高知,C2ー3,8.0,9.0,高知,C2ー3,8.0,7.0,高知,C2ー3,3.0,7.0,高知,ファイナルレース(C2),4.0,7.0,高知,C2ー5,12.1,6.0,,nar,2026-07-25,48.66,50.7,58.7,24.9,30.5,65.8,45.0,履歴少 / 過小評価傾向 / 市場オッズ妙味
202654072510,2026-07-25,10,ドウフォルス,6.0,6.0,石本純也,57.0,,4.0,6.0,高知,C2ー6,6.0,10.0,高知,C2ー7,5.0,7.0,高知,C2ー8,10.0,12.0,高知,ファイナルレース(C2),9.0,6.0,高知,C2ー8,27.4,11.0,,nar,2026-07-25,59.49,59.3,63.9,50.2,71.0,60.9,45.0,履歴少 / 近走上向き / 市場オッズ妙味
202654072510,2026-07-25,10,ブリックバーン,9.0,7.0,山崎雅由,57.0,,5.0,3.0,高知,C3ー2,5.0,8.0,高知,C3ー2,3.0,5.0,高知,C3ー2,2.0,3.0,高知,ファイナルレース(C3),5.0,5.0,高知,C3ー4,4.5,2.0,,nar,2026-07-25,63.91,74.7,54.8,100.0,42.5,59.0,45.0,履歴少 / 安定感
202665072510,2026-07-25,10,ミヤビウルフ,10.0,8.0,中村太陽,650.0,,,,,,,,,,,,,,,,,,,,,,23.1,8.0,,nar,2026-07-25,36.0,35.0,35.0,35.0,35.0,35.0,45.0,履歴少
202654072510,2026-07-25,10,メンヒ,5.0,5.0,井上瑛太,57.0,,5.0,9.0,高知,C2ー4,5.0,5.0,高知,C2ー5,4.0,6.0,高知,日曜市特別(C2),6.0,6.0,高知,C2ー6,8.0,7.0,高知,C2ー6,4.0,1.0,,nar,2026-07-25,61.32,65.9,60.6,75.1,54.5,59.2,45.0,履歴少 / 安定感
202665072510,2026-07-25,10,ヤマトタイコー,4.0,4.0,赤塚健仁,650.0,,,,,,,,,,,,,,,,,,,,,,5.8,3.0,,nar,2026-07-25,36.0,35.0,35.0,35.0,35.0,35.0,45.0,履歴少
202665072511,2026-07-25,11,オーシャンウイナー,10.0,8.0,菊池一樹,710.0,,,,,,,,,,,,,,,,,,,,,,5.9,4.0,,nar,2026-07-25,36.0,35.0,35.0,35.0,35.0,35.0,45.0,履歴少
202665072511,2026-07-25,11,キョウエイエース,4.0,4.0,渡来心路,700.0,,,,,,,,,,,,,,,,,,,,,,5.4,3.0,,nar,2026-07-25,36.0,35.0,35.0,35.0,35.0,35.0,45.0,履歴少
202665072511,2026-07-25,11,ショータイム,3.0,3.0,長澤幸太,700.0,,,,,,,,,,,,,,,,,,,,,,10.8,6.0,,nar,2026-07-25,36.0,35.0,35.0,35.0,35.0,35.0,45.0,履歴少
202665072511,2026-07-25,11,スーパーシン,2.0,2.0,鈴木恵介,700.0,,,,,,,,,,,,,,,,,,,,,,5.3,2.0,,nar,2026-07-25,36.0,35.0,35.0,35.0,35.0,35.0,45.0,履歴少
202665072511,2026-07-25,11,ゼン,9.0,8.0,赤塚健仁,700.0,,,,,,,,,,,,,,,,,,,,,,6.0,5.0,,nar,2026-07-25,36.0,35.0,35.0,35.0,35.0,35.0,45.0,履歴少
202665072511,2026-07-25,11,ネオキングダム,6.0,6.0,阿部優哉,710.0,,,,,,,,,,,,,,,,,,,,,,16.7,8.0,,nar,2026-07-25,36.0,35.0,35.0,35.0,35.0,35.0,45.0,履歴少
202665072511,2026-07-25,11,ミチシオ,1.0,1.0,中村太陽,710.0,,,,,,,,,,,,,,,,,,,,,,15.3,7.0,,nar,2026-07-25,36.0,35.0,35.0,35.0,35.0,35.0,45.0,履歴少
202665072511,2026-07-25,11,ヤマカツエース,8.0,7.0,島津新,710.0,,,,,,,,,,,,,,,,,,,,,,3.9,1.0,,nar,2026-07-25,36.0,35.0,35.0,35.0,35.0,35.0,45.0,履歴少
202665072511,2026-07-25,11,ライジンサン,5.0,5.0,西将太,710.0,,,,,,,,,,,,,,,,,,,,,,21.2,9.0,,nar,2026-07-25,36.0,35.0,35.0,35.0,35.0,35.0,45.0,履歴少
202665072511,2026-07-25,11,リュウセイウンカイ,7.0,7.0,西謙一,710.0,,,,,,,,,,,,,,,,,,,,,,42.4,10.0,,nar,2026-07-25,36.0,35.0,35.0,35.0,35.0,35.0,45.0,履歴少
202665072512,2026-07-25,12,サカノテッペン,8.0,8.0,中山直樹,630.0,,,,,,,,,,,,,,,,,,,,,,6.8,3.0,,nar,2026-07-25,36.0,35.0,35.0,35.0,35.0,35.0,45.0,履歴少
202665072512,2026-07-25,12,ジェイライアン,4.0,4.0,鈴木恵介,620.0,,,,,,,,,,,,,,,,,,,,,,8.1,5.0,,nar,2026-07-25,36.0,35.0,35.0,35.0,35.0,35.0,45.0,履歴少
202665072512,2026-07-25,12,スターフェニックス,6.0,6.0,船山蔵人,630.0,,,,,,,,,,,,,,,,,,,,,,12.5,9.0,,nar,2026-07-25,36.0,35.0,35.0,35.0,35.0,35.0,45.0,履歴少
202665072512,2026-07-25,12,ビックコンボ,5.0,5.0,島津新,620.0,,,,,,,,,,,,,,,,,,,,,,3.1,1.0,,nar,2026-07-25,36.0,35.0,35.0,35.0,35.0,35.0,45.0,履歴少
202665072512,2026-07-25,12,ビッグシラヌイ,3.0,3.0,赤塚健仁,630.0,,,,,,,,,,,,,,,,,,,,,,6.3,2.0,,nar,2026-07-25,36.0,35.0,35.0,35.0,35.0,35.0,45.0,履歴少
202665072512,2026-07-25,12,ホクショウサクラ,9.0,8.0,阿部優哉,600.0,,,,,,,,,,,,,,,,,,,,,,8.8,6.0,,nar,2026-07-25,36.0,35.0,35.0,35.0,35.0,35.0,45.0,履歴少
202665072512,2026-07-25,12,ホクセイマリン,1.0,1.0,今井千尋,590.0,,,,,,,,,,,,,,,,,,,,,,7.1,4.0,,nar,2026-07-25,36.0,35.0,35.0,35.0,35.0,35.0,45.0,履歴少
202665072512,2026-07-25,12,マサノスパークル,7.0,7.0,西将太,630.0,,,,,,,,,,,,,,,,,,,,,,10.3,7.0,,nar,2026-07-25,36.0,35.0,35.0,35.0,35.0,35.0,45.0,履歴少
202665072512,2026-07-25,12,リックンフィーバー,2.0,2.0,中原蓮,630.0,,,,,,,,,,,,,,,,,,,,,,12.5,8.0,,nar,2026-07-25,36.0,35.0,35.0,35.0,35.0,35.0,45.0,履歴少
