race_id,日付,レース,馬名,馬番,枠,騎手,斤量,実着順,着順1,人気1,場1,レース名1,着順2,人気2,場2,レース名2,着順3,人気3,場3,レース名3,着順4,人気4,場4,レース名4,着順5,人気5,場5,レース名5,単勝オッズ,人気,オッズ更新日時,source,_date,AREru指数,因子_performance,因子_upset,因子_consistency,因子_trend,因子_value,因子_context,理由
202604020501,2026-08-08,1,アミノショコラ,6.0,5.0,木幡巧,55.0,,11.0,11.0,2福島7,2歳未勝利,9.0,9.0,3東京1,2歳新馬,,,,,,,,,,,,,158.1,13.0,2026-08-08 00:35:07,jra,2026-08-08,38.56,33.0,45.5,18.0,38.9,50.6,45.0,履歴少 / サンプル少
202601010501,2026-08-08,1,アルデバローズ,4.0,3.0,横山琉,55.0,,11.0,5.0,1札幌3,3歳未勝利,7.0,8.0,3東京5,3歳未勝利,4.0,11.0,3東京3,3歳未勝利,11.0,8.0,2東京7,3歳未勝利,8.0,6.0,1中山7,3歳未勝利,102.4,12.0,2026-08-08 00:55:07,jra,2026-08-08,39.79,41.5,44.1,19.8,29.0,51.5,45.0,履歴少
202607020501,2026-08-08,1,イザベル,7.0,7.0,松若,55.0,,4.0,9.0,2小倉7,2歳未勝利,6.0,4.0,2小倉1,2歳未勝利,11.0,7.0,3阪神2,2歳新馬,,,,,,,,,25.0,5.0,2026-08-08 00:45:07,jra,2026-08-08,53.3,56.0,52.2,30.4,77.0,55.2,45.0,履歴少 / 近走上向き / 市場オッズ妙味
202604020501,2026-08-08,1,ウインリスノアール,10.0,7.0,△石神道,53.0,,4.0,8.0,2福島7,2歳未勝利,7.0,7.0,2福島2,2歳新馬,,,,,,,,,,,,,6.1,2.0,2026-08-08 00:35:07,jra,2026-08-08,51.51,53.9,54.0,34.7,55.4,58.3,45.0,履歴少 / サンプル少
202604020501,2026-08-08,1,エルシオン,7.0,5.0,▲上里,52.0,,10.0,9.0,3東京5,2歳新馬,,,,,,,,,,,,,,,,,79.0,12.0,2026-08-08 00:35:07,jra,2026-08-08,37.88,35.8,39.1,29.6,40.6,39.5,45.0,履歴少 / サンプル少
202607020501,2026-08-08,1,カローナ,8.0,8.0,Ｍデムーロ,55.0,,6.0,7.0,2小倉8,2歳新馬,,,,,,,,,,,,,,,,,47.6,7.0,2026-08-08 00:45:07,jra,2026-08-08,40.9,42.8,42.2,29.6,40.6,41.7,45.0,履歴少 / サンプル少
202604020501,2026-08-08,1,クールボビー,11.0,7.0,▲石田,52.0,,8.0,8.0,2福島8,2歳新馬,,,,,,,,,,,,,,,,,32.3,11.0,2026-08-08 00:35:07,jra,2026-08-08,39.39,39.3,40.6,29.6,40.6,40.6,45.0,履歴少 / サンプル少
202604020501,2026-08-08,1,グルーヴェンス,13.0,8.0,三浦,55.0,,2.0,3.0,2福島8,2歳新馬,,,,,,,,,,,,,,,,,2.2,1.0,2026-08-08 00:35:07,jra,2026-08-08,43.67,49.9,42.2,36.3,40.6,41.7,45.0,履歴少 / サンプル少
202604020501,2026-08-08,1,コウソクレムリア,9.0,6.0,武藤,55.0,,6.0,8.0,3東京1,2歳新馬,,,,,,,,,,,,,,,,,23.0,9.0,2026-08-08 00:35:07,jra,2026-08-08,41.3,42.8,43.7,29.6,40.6,42.0,45.0,履歴少 / サンプル少
202604020501,2026-08-08,1,コスモルミナ,5.0,4.0,坂井,55.0,,5.0,5.0,2中京1,2歳新馬,,,,,,,,,,,,,,,,,10.1,4.0,2026-08-08 00:35:07,jra,2026-08-08,41.67,44.6,40.6,36.3,40.6,40.6,45.0,履歴少 / サンプル少
202601010501,2026-08-08,1,サマースプラッシュ,5.0,4.0,佐々木,55.0,,6.0,7.0,1札幌2,3歳未勝利,9.0,13.0,1函館9,3歳未勝利,8.0,12.0,3東京5,3歳未勝利,5.0,14.0,2東京12,3歳未勝利,10.0,10.0,3中山8,3歳1勝クラス,120.9,13.0,2026-08-08 00:55:07,jra,2026-08-08,54.18,48.7,73.8,14.6,62.0,65.2,45.0,履歴少 / 人気以上に走る傾向 / 過小評価傾向
202601010501,2026-08-08,1,サンエンジェルス,8.0,5.0,浜中,55.0,,5.0,5.0,1札幌1,3歳未勝利,5.0,4.0,1函館5,3歳未勝利,7.0,3.0,1函館2,3歳未勝利,6.0,9.0,2阪神3,3歳未勝利,4.0,13.0,1中京2,3歳未勝利,9.7,6.0,2026-08-08 00:55:07,jra,2026-08-08,58.34,64.5,52.3,65.7,53.0,64.2,45.0,履歴少 / 安定感
202601010501,2026-08-08,1,シャドウルーラー,13.0,8.0,松山,55.0,,8.0,2.0,3阪神4,3歳未勝利,5.0,4.0,3京都7,3歳未勝利,5.0,2.0,1阪神8,3歳未勝利,3.0,4.0,2京都2,3歳新馬,,,,,7.4,3.0,2026-08-08 00:55:07,jra,2026-08-08,46.91,62.5,30.3,59.3,28.0,51.2,45.0,履歴少
202604020501,2026-08-08,1,シュアシング,4.0,4.0,▲佐藤,52.0,,7.0,7.0,3東京1,2歳新馬,,,,,,,,,,,,,,,,,15.8,8.0,2026-08-08 00:35:07,jra,2026-08-08,39.88,41.1,40.6,29.6,40.6,40.6,45.0,履歴少 / サンプル少
202607020501,2026-08-08,1,シュプレヒコール,4.0,4.0,吉村,55.0,,4.0,3.0,2小倉6,2歳新馬,,,,,,,,,,,,,,,,,5.0,2.0,2026-08-08 00:45:07,jra,2026-08-08,41.64,46.4,39.1,36.3,40.6,39.5,45.0,履歴少 / サンプル少
202601010501,2026-08-08,1,ジェイストリーク,3.0,3.0,岩田望,55.0,,5.0,2.0,3京都9,2歳未勝利,5.0,2.0,2新潟7,2歳未勝利,2.0,3.0,3阪神5,2歳新馬,,,,,,,,,7.2,2.0,2026-08-08 00:55:07,jra,2026-08-08,55.38,74.3,36.4,75.1,41.0,53.0,45.0,履歴少 / 安定感
202607020501,2026-08-08,1,ジーティーキャリー,9.0,8.0,西村淳,55.0,,2.0,3.0,3東京3,2歳新馬,,,,,,,,,,,,,,,,,1.2,1.0,2026-08-08 00:45:07,jra,2026-08-08,43.67,49.9,42.2,36.3,40.6,41.7,45.0,履歴少 / サンプル少
202601010501,2026-08-08,1,ジーティービキニ,14.0,8.0,☆舟山,54.0,,4.0,1.0,1函館9,3歳未勝利,6.0,2.0,3京都4,3歳未勝利,3.0,1.0,2阪神7,3歳未勝利,4.0,1.0,2京都2,3歳未勝利,2.0,1.0,1京都3,3歳未勝利,7.5,4.0,2026-08-08 00:55:07,jra,2026-08-08,54.64,75.2,30.1,75.1,48.5,50.1,45.0,履歴少 / 安定感
202604020501,2026-08-08,1,セイウンイーリス,8.0,6.0,野中,55.0,,3.0,6.0,2福島8,2歳新馬,,,,,,,,,,,,,,,,,10.5,5.0,2026-08-08 00:35:07,jra,2026-08-08,43.95,48.1,45.3,36.3,40.6,42.0,45.0,履歴少 / サンプル少
202601010501,2026-08-08,1,セラサイト,2.0,2.0,▲小林美,52.0,,4.0,2.0,1札幌2,3歳未勝利,3.0,9.0,1函館10,3歳未勝利,10.0,7.0,1函館5,3歳未勝利,4.0,3.0,1函館2,3歳未勝利,4.0,9.0,3京都7,3歳未勝利,7.7,5.0,2026-08-08 00:55:07,jra,2026-08-08,62.0,68.5,54.7,80.2,57.5,61.9,45.0,履歴少 / 安定感
202607020501,2026-08-08,1,タナコクシテンホウ,3.0,3.0,幸,55.0,,5.0,4.0,2小倉7,2歳新馬,,,,,,,,,,,,,,,,,70.3,8.0,2026-08-08 00:45:07,jra,2026-08-08,41.14,44.6,39.1,36.3,40.6,39.5,45.0,履歴少 / サンプル少
202604020501,2026-08-08,1,トランサルピナ,2.0,2.0,荻野極,55.0,,9.0,2.0,2福島8,2歳新馬,,,,,,,,,,,,,,,,,15.5,7.0,2026-08-08 00:35:07,jra,2026-08-08,35.23,37.6,29.9,29.6,40.6,32.9,45.0,履歴少 / サンプル少
202601010501,2026-08-08,1,ハスカップジャム,7.0,5.0,☆長浜,54.0,,10.0,9.0,1札幌2,3歳未勝利,7.0,9.0,1函館7,3歳未勝利,16.0,9.0,3東京1,3歳未勝利,6.0,15.0,1東京6,3歳新馬,,,,,120.9,14.0,2026-08-08 00:55:07,jra,2026-08-08,39.76,33.7,51.0,0.0,48.0,55.9,45.0,履歴少
202601010501,2026-08-08,1,フィーユレアル,9.0,6.0,斎藤,55.0,,3.0,7.0,2福島6,3歳未勝利,8.0,5.0,3東京2,3歳未勝利,8.0,5.0,1福島4,3歳未勝利,9.0,9.0,1阪神1,3歳未勝利,6.0,6.0,1中山5,3歳未勝利,31.8,11.0,2026-08-08 00:55:07,jra,2026-08-08,52.92,56.6,49.1,30.4,78.5,55.0,45.0,履歴少 / 近走上向き / 市場オッズ妙味
202607020501,2026-08-08,1,プリメラエストレラ,2.0,2.0,コレット,55.0,,3.0,6.0,2小倉7,2歳未勝利,8.0,11.0,2福島2,2歳新馬,,,,,,,,,,,,,16.2,4.0,2026-08-08 00:45:07,jra,2026-08-08,54.0,54.3,57.0,34.7,62.0,64.3,45.0,履歴少 / サンプル少 / 市場オッズ妙味
202604020501,2026-08-08,1,マイネルヴェスペル,1.0,1.0,津村,55.0,,6.0,6.0,2新潟2,2歳新馬,,,,,,,,,,,,,,,,,13.4,6.0,2026-08-08 00:35:07,jra,2026-08-08,40.37,42.8,40.6,29.6,40.6,40.6,45.0,履歴少 / サンプル少
202601010501,2026-08-08,1,マーゴットクリュグ,10.0,6.0,松本,55.0,,5.0,8.0,1函館9,3歳未勝利,2.0,9.0,1函館3,3歳未勝利,8.0,6.0,3京都4,3歳未勝利,10.0,11.0,1小倉11,3歳未勝利,14.0,5.0,1小倉5,3歳未勝利,11.5,7.0,2026-08-08 00:55:07,jra,2026-08-08,58.38,56.4,60.3,55.3,71.0,60.4,45.0,履歴少 / 近走上向き
202607020501,2026-08-08,1,メイショウジェード,1.0,1.0,太宰,55.0,,2.0,5.0,2小倉8,2歳新馬,,,,,,,,,,,,,,,,,13.1,3.0,2026-08-08 00:45:07,jra,2026-08-08,44.44,49.9,45.3,36.3,40.6,42.0,45.0,履歴少 / サンプル少
202607020501,2026-08-08,1,ララララブソング,5.0,5.0,加藤,55.0,,9.0,9.0,2中京2,2歳未勝利,8.0,8.0,2小倉6,2歳新馬,,,,,,,,,,,,,133.0,9.0,2026-08-08 00:45:07,jra,2026-08-08,40.86,39.8,45.5,18.0,42.2,50.6,45.0,履歴少 / サンプル少
202604020501,2026-08-08,1,リーディンアクター,3.0,3.0,西村太,55.0,,3.0,5.0,2福島5,2歳新馬,,,,,,,,,,,,,,,,,8.7,3.0,2026-08-08 00:35:07,jra,2026-08-08,43.58,48.1,43.7,36.3,40.6,42.0,45.0,履歴少 / サンプル少
202601010501,2026-08-08,1,ルパピヨンブラン,11.0,7.0,川又,55.0,,4.0,3.0,1札幌2,3歳未勝利,6.0,3.0,2小倉5,3歳未勝利,2.0,5.0,3京都8,3歳未勝利,3.0,1.0,川崎,メイフラワー賞(3歳),2.0,9.0,2阪神2,3歳未勝利,15.6,8.0,2026-08-08 00:55:07,jra,2026-08-08,59.48,71.3,50.9,67.1,45.5,66.4,45.0,履歴少 / 安定感 / 過小評価傾向 / 市場オッズ妙味
202601010501,2026-08-08,1,ルージュエピック,1.0,1.0,★河原田,51.0,,9.0,8.0,3阪神5,3歳未勝利,7.0,4.0,3京都12,3歳未勝利,3.0,2.0,3京都8,3歳未勝利,4.0,2.0,2阪神3,3歳未勝利,4.0,6.0,1阪神9,3歳未勝利,17.6,9.0,2026-08-08 00:55:07,jra,2026-08-08,47.53,59.4,40.7,44.7,23.0,60.8,45.0,履歴少 / 市場オッズ妙味
202601010501,2026-08-08,1,ルージュボニート,6.0,4.0,横山武,55.0,,2.0,4.0,1札幌2,3歳未勝利,5.0,5.0,1函館7,3歳未勝利,8.0,8.0,3東京3,3歳未勝利,,,,,,,,,3.2,1.0,2026-08-08 00:55:07,jra,2026-08-08,61.73,71.4,55.7,55.3,77.0,57.1,45.0,履歴少 / 近走上向き
202607020501,2026-08-08,1,ロンリーマン,6.0,6.0,☆田山,54.0,,9.0,6.0,2中京1,2歳新馬,,,,,,,,,,,,,,,,,34.5,6.0,2026-08-08 00:45:07,jra,2026-08-08,37.32,37.6,36.0,29.6,40.6,37.3,45.0,履歴少 / サンプル少
202601010501,2026-08-08,1,ワイルドカグラ,12.0,7.0,小沢,55.0,,7.0,5.0,1札幌2,3歳未勝利,6.0,10.0,3阪神4,3歳未勝利,10.0,8.0,3京都8,3歳未勝利,8.0,8.0,2京都5,3歳新馬,,,,,22.8,10.0,2026-08-08 00:55:07,jra,2026-08-08,44.43,47.6,50.0,0.0,56.0,56.3,45.0,履歴少 / 市場オッズ妙味
202604020501,2026-08-08,1,ヴィンチェローズ,12.0,8.0,原,55.0,,4.0,13.0,2福島8,2歳新馬,,,,,,,,,,,,,,,,,31.8,10.0,2026-08-08 00:35:07,jra,2026-08-08,44.99,46.4,51.6,36.3,40.6,42.0,45.0,履歴少 / サンプル少
202604020502,2026-08-08,2,アイビーカイロス,2.0,2.0,木幡巧,55.0,,,,,,,,,,,,,,,,,,,,,,7.2,4.0,2026-08-08 00:06:42,jra,2026-08-08,36.0,35.0,35.0,35.0,35.0,35.0,45.0,履歴少
202601010502,2026-08-08,2,アズライトティアラ,6.0,5.0,☆舟山,54.0,,7.0,6.0,1函館7,2歳未勝利,4.0,6.0,1函館6,2歳新馬,,,,,,,,,,,,,30.0,10.0,2026-08-08 00:27:32,jra,2026-08-08,46.13,52.5,46.9,31.7,35.6,54.3,45.0,履歴少 / サンプル少 / 市場オッズ妙味
202601010502,2026-08-08,2,アルデシンザン,3.0,3.0,佐々木,55.0,,9.0,2.0,1函館10,2歳新馬,,,,,,,,,,,,,,,,,2.4,1.0,2026-08-08 00:27:32,jra,2026-08-08,35.23,37.6,29.9,29.6,40.6,32.9,45.0,履歴少 / サンプル少
202607020502,2026-08-08,2,エルピスノヴァ,5.0,5.0,団野,55.0,,,,,,,,,,,,,,,,,,,,,,5.6,5.0,2026-08-08 00:15:12,jra,2026-08-08,36.0,35.0,35.0,35.0,35.0,35.0,45.0,履歴少
202607020502,2026-08-08,2,コンテスタード,3.0,3.0,吉村,55.0,,,,,,,,,,,,,,,,,,,,,,4.9,4.0,2026-08-08 00:15:12,jra,2026-08-08,36.0,35.0,35.0,35.0,35.0,35.0,45.0,履歴少
202601010502,2026-08-08,2,ゴートゥービッツン,12.0,8.0,▲遠藤,52.0,,6.0,8.0,1函館12,2歳未勝利,6.0,9.0,1函館7,2歳未勝利,7.0,10.0,1函館4,2歳新馬,,,,,,,,,129.8,13.0,2026-08-08 00:27:32,jra,2026-08-08,52.13,57.9,68.2,0.0,53.0,62.2,45.0,履歴少 / 人気以上に走る傾向
202604020502,2026-08-08,2,サザンヴィターレ,5.0,5.0,野中,55.0,,,,,,,,,,,,,,,,,,,,,,37.1,8.0,2026-08-08 00:06:42,jra,2026-08-08,36.0,35.0,35.0,35.0,35.0,35.0,45.0,履歴少
202601010502,2026-08-08,2,サンシルヴァリー,8.0,6.0,川又,55.0,,8.0,11.0,3阪神2,2歳新馬,,,,,,,,,,,,,,,,,62.0,11.0,2026-08-08 00:27:32,jra,2026-08-08,40.69,39.3,45.3,29.6,40.6,42.0,45.0,履歴少 / サンプル少
202601010502,2026-08-08,2,ショパンコンクール,2.0,2.0,横山琉,55.0,,5.0,4.0,1函館12,2歳未勝利,2.0,2.0,1函館6,2歳新馬,,,,,,,,,,,,,17.2,7.0,2026-08-08 00:27:32,jra,2026-08-08,50.33,61.3,43.4,48.4,35.6,58.3,45.0,履歴少 / サンプル少 / 市場オッズ妙味
202601010502,2026-08-08,2,ジャストワナフライ,10.0,7.0,斎藤,55.0,,8.0,8.0,1札幌2,2歳新馬,,,,,,,,,,,,,,,,,14.7,5.0,2026-08-08 00:27:32,jra,2026-08-08,39.39,39.3,40.6,29.6,40.6,40.6,45.0,履歴少 / サンプル少
202604020502,2026-08-08,2,ジャスパートレノ,3.0,3.0,荻野極,55.0,,,,,,,,,,,,,,,,,,,,,,2.3,1.0,2026-08-08 00:06:42,jra,2026-08-08,36.0,35.0,35.0,35.0,35.0,35.0,45.0,履歴少
202607020502,2026-08-08,2,スターオブザイヤー,2.0,2.0,松若,55.0,,,,,,,,,,,,,,,,,,,,,,4.4,2.0,2026-08-08 00:15:12,jra,2026-08-08,36.0,35.0,35.0,35.0,35.0,35.0,45.0,履歴少
202604020502,2026-08-08,2,スマートブライド,7.0,7.0,菱田,55.0,,,,,,,,,,,,,,,,,,,,,,6.2,3.0,2026-08-08 00:06:42,jra,2026-08-08,36.0,35.0,35.0,35.0,35.0,35.0,45.0,履歴少
202607020502,2026-08-08,2,ダイメイアゲイン,1.0,1.0,川須,55.0,,,,,,,,,,,,,,,,,,,,,,45.8,7.0,2026-08-08 00:15:12,jra,2026-08-08,36.0,35.0,35.0,35.0,35.0,35.0,45.0,履歴少
202601010502,2026-08-08,2,チカバリエンテ,7.0,5.0,▲小林美,52.0,,2.0,3.0,1函館8,2歳未勝利,2.0,5.0,1函館6,2歳未勝利,4.0,6.0,1函館3,2歳新馬,,,,,,,,,3.5,2.0,2026-08-08 00:27:32,jra,2026-08-08,68.7,87.8,63.5,75.1,56.0,61.8,45.0,履歴少 / 安定感
202601010502,2026-08-08,2,トルネードサンダー,5.0,4.0,岩田康,55.0,,5.0,8.0,1函館10,2歳新馬,,,,,,,,,,,,,,,,,15.2,6.0,2026-08-08 00:27:32,jra,2026-08-08,42.97,44.6,45.3,36.3,40.6,42.0,45.0,履歴少 / サンプル少
202604020502,2026-08-08,2,ナムラアラバイ,8.0,7.0,菊沢,55.0,,,,,,,,,,,,,,,,,,,,,,13.3,5.0,2026-08-08 00:06:42,jra,2026-08-08,36.0,35.0,35.0,35.0,35.0,35.0,45.0,履歴少
202604020502,2026-08-08,2,ビーテリオス,6.0,6.0,石川,55.0,,,,,,,,,,,,,,,,,,,,,,47.4,9.0,2026-08-08 00:06:42,jra,2026-08-08,36.0,35.0,35.0,35.0,35.0,35.0,45.0,履歴少
202604020502,2026-08-08,2,ブルドッグドン,10.0,8.0,武藤,55.0,,,,,,,,,,,,,,,,,,,,,,3.7,2.0,2026-08-08 00:06:42,jra,2026-08-08,36.0,35.0,35.0,35.0,35.0,35.0,45.0,履歴少
202607020502,2026-08-08,2,ブレイズカルナバル,6.0,6.0,国分恭,55.0,,,,,,,,,,,,,,,,,,,,,,4.6,3.0,2026-08-08 00:15:12,jra,2026-08-08,36.0,35.0,35.0,35.0,35.0,35.0,45.0,履歴少
202604020502,2026-08-08,2,ベアベルヴォワ,4.0,4.0,△石神道,53.0,,,,,,,,,,,,,,,,,,,,,,49.8,10.0,2026-08-08 00:06:42,jra,2026-08-08,36.0,35.0,35.0,35.0,35.0,35.0,45.0,履歴少
202607020502,2026-08-08,2,ベルメサージュ,7.0,7.0,幸,55.0,,,,,,,,,,,,,,,,,,,,,,19.6,6.0,2026-08-08 00:15:12,jra,2026-08-08,36.0,35.0,35.0,35.0,35.0,35.0,45.0,履歴少
202604020502,2026-08-08,2,ホシノサミダレ,9.0,8.0,小崎,55.0,,,,,,,,,,,,,,,,,,,,,,20.5,7.0,2026-08-08 00:06:42,jra,2026-08-08,36.0,35.0,35.0,35.0,35.0,35.0,45.0,履歴少
202607020502,2026-08-08,2,モノホンプレイヤー,4.0,4.0,川田,55.0,,,,,,,,,,,,,,,,,,,,,,2.8,1.0,2026-08-08 00:15:12,jra,2026-08-08,36.0,35.0,35.0,35.0,35.0,35.0,45.0,履歴少
202601010502,2026-08-08,2,ライフイズアート,9.0,6.0,岩田望,55.0,,5.0,5.0,1札幌1,2歳未勝利,2.0,2.0,1函館9,2歳新馬,,,,,,,,,,,,,12.2,4.0,2026-08-08 00:27:32,jra,2026-08-08,50.76,61.3,45.5,48.4,35.6,57.7,45.0,履歴少 / サンプル少 / 市場オッズ妙味
202601010502,2026-08-08,2,ランダムナンバー,1.0,1.0,浜中,55.0,,9.0,6.0,3阪神2,2歳新馬,,,,,,,,,,,,,,,,,29.2,9.0,2026-08-08 00:27:32,jra,2026-08-08,37.32,37.6,36.0,29.6,40.6,37.3,45.0,履歴少 / サンプル少
202601010502,2026-08-08,2,リアルジャパン,4.0,4.0,吉田隼,55.0,,3.0,6.0,1函館12,2歳未勝利,4.0,8.0,1函館8,2歳未勝利,8.0,6.0,1函館4,2歳新馬,,,,,,,,,6.9,3.0,2026-08-08 00:27:32,jra,2026-08-08,63.42,70.8,64.1,55.3,68.0,63.6,45.0,履歴少 / 近走上向き
202601010502,2026-08-08,2,リラカリス,13.0,8.0,★河原田,51.0,,10.0,10.0,1函館10,2歳新馬,,,,,,,,,,,,,,,,,90.0,12.0,2026-08-08 00:27:32,jra,2026-08-08,38.4,35.8,40.6,29.6,40.6,40.6,45.0,履歴少 / サンプル少
202604020502,2026-08-08,2,リングスター,1.0,1.0,◇今村,53.0,,,,,,,,,,,,,,,,,,,,,,16.2,6.0,2026-08-08 00:06:42,jra,2026-08-08,36.0,35.0,35.0,35.0,35.0,35.0,45.0,履歴少
202601010502,2026-08-08,2,ルギッドドランジュ,11.0,7.0,北村友,55.0,,6.0,5.0,1函館5,2歳新馬,,,,,,,,,,,,,,,,,23.4,8.0,2026-08-08 00:27:32,jra,2026-08-08,39.85,42.8,39.1,29.6,40.6,39.5,45.0,履歴少 / サンプル少
202607020503,2026-08-08,3,アスターエポワス,13.0,7.0,角田和,55.0,,12.0,4.0,2阪神6,3歳未勝利,3.0,3.0,1京都5,3歳未勝利,2.0,3.0,4京都5,2歳未勝利,4.0,8.0,4京都2,2歳新馬,,,,,11.6,5.0,2026-08-08 00:48:17,jra,2026-08-08,45.45,60.1,37.1,59.3,0.0,58.0,45.0,履歴少
202604020503,2026-08-08,3,アトミックリーチ,7.0,6.0,戸崎圭,55.0,,,,,,,,,,,,,,,,,,,,,,3.0,1.0,2026-08-08 00:35:57,jra,2026-08-08,36.0,35.0,35.0,35.0,35.0,35.0,45.0,履歴少
202601010503,2026-08-08,3,イトシサ,13.0,8.0,☆舟山,56.0,,3.0,3.0,1函館11,3歳未勝利,4.0,2.0,2福島2,3歳未勝利,9.0,3.0,2東京5,3歳未勝利,5.0,1.0,1小倉5,3歳未勝利,3.0,1.0,1中山5,3歳未勝利,13.5,8.0,2026-08-08 00:56:47,jra,2026-08-08,56.82,70.2,32.7,80.2,63.5,54.1,45.0,履歴少 / 安定感 / 市場オッズ妙味
202601010503,2026-08-08,3,インタノン,14.0,8.0,佐々木,57.0,,10.0,1.0,1函館3,3歳未勝利,6.0,1.0,2東京11,3歳未勝利,4.0,3.0,1東京4,3歳未勝利,2.0,2.0,1中山3,3歳新馬,,,,,7.2,3.0,2026-08-08 00:56:47,jra,2026-08-08,37.15,57.9,17.4,34.3,14.0,46.2,45.0,履歴少
202604020503,2026-08-08,3,インテルラゴス,10.0,7.0,坂井,55.0,,,,,,,,,,,,,,,,,,,,,,3.3,2.0,2026-08-08 00:35:57,jra,2026-08-08,36.0,35.0,35.0,35.0,35.0,35.0,45.0,履歴少
202607020503,2026-08-08,3,エターナルビジョン,6.0,3.0,◇永島,53.0,,10.0,11.0,1新潟4,3歳未勝利,5.0,7.0,1阪神1,3歳未勝利,7.0,12.0,2京都1,3歳未勝利,17.0,13.0,5阪神1,2歳未勝利,11.0,9.0,4新潟1,2歳未勝利,30.1,11.0,2026-08-08 00:48:17,jra,2026-08-08,45.82,37.8,57.0,24.9,50.0,57.6,45.0,履歴少 / 市場オッズ妙味
202604020503,2026-08-08,3,エピックジャーニー,12.0,8.0,石川,55.0,,,,,,,,,,,,,,,,,,,,,,4.6,3.0,2026-08-08 00:35:57,jra,2026-08-08,36.0,35.0,35.0,35.0,35.0,35.0,45.0,履歴少
202607020503,2026-08-08,3,エルヴィオラ,7.0,4.0,国分優,55.0,,,,,,,,,,,,,,,,,,,,,,35.3,13.0,2026-08-08 00:48:17,jra,2026-08-08,36.0,35.0,35.0,35.0,35.0,35.0,45.0,履歴少
202607020503,2026-08-08,3,エルヴィッタ,3.0,2.0,富田,55.0,,12.0,4.0,1新潟4,3歳未勝利,18.0,7.0,1阪神1,3歳未勝利,5.0,4.0,5中京2,2歳新馬,,,,,,,,,28.2,10.0,2026-08-08 00:48:17,jra,2026-08-08,23.73,22.8,0.0,19.8,47.0,34.6,45.0,履歴少 / 市場オッズ妙味
202604020503,2026-08-08,3,エートレイン,4.0,4.0,荻野極,55.0,,,,,,,,,,,,,,,,,,,,,,10.3,5.0,2026-08-08 00:35:57,jra,2026-08-08,36.0,35.0,35.0,35.0,35.0,35.0,45.0,履歴少
202604020503,2026-08-08,3,オペレッタテソーロ,2.0,2.0,木幡巧,55.0,,,,,,,,,,,,,,,,,,,,,,41.4,8.0,2026-08-08 00:35:57,jra,2026-08-08,36.0,35.0,35.0,35.0,35.0,35.0,45.0,履歴少
202607020503,2026-08-08,3,オーブフレッシュ,14.0,7.0,西塚,55.0,,9.0,6.0,2阪神6,3歳未勝利,3.0,5.0,1京都8,3歳未勝利,3.0,6.0,1京都1,3歳新馬,,,,,,,,,13.1,6.0,2026-08-08 00:48:17,jra,2026-08-08,50.86,64.6,51.7,44.7,14.0,63.1,45.0,履歴少 / 市場オッズ妙味
202607020503,2026-08-08,3,キャスケード,10.0,5.0,長岡,55.0,,3.0,10.0,3阪神1,3歳未勝利,5.0,9.0,1新潟8,3歳未勝利,5.0,10.0,3京都3,3歳未勝利,6.0,11.0,1阪神6,3歳未勝利,14.0,9.0,2京都4,3歳未勝利,10.1,4.0,2026-08-08 00:48:17,jra,2026-08-08,69.96,64.7,80.3,75.1,77.0,70.2,45.0,履歴少 / 人気以上に走る傾向 / 近走上向き / 安定感
202604020503,2026-08-08,3,コスモプルー,11.0,8.0,津村,55.0,,,,,,,,,,,,,,,,,,,,,,52.2,9.0,2026-08-08 00:35:57,jra,2026-08-08,36.0,35.0,35.0,35.0,35.0,35.0,45.0,履歴少
202604020503,2026-08-08,3,コラリオン,6.0,5.0,田辺,55.0,,,,,,,,,,,,,,,,,,,,,,7.7,4.0,2026-08-08 00:35:57,jra,2026-08-08,36.0,35.0,35.0,35.0,35.0,35.0,45.0,履歴少
202607020503,2026-08-08,3,サウンドディアナ,5.0,3.0,▲森田,52.0,,6.0,11.0,3京都11,3歳未勝利,9.0,13.0,1小倉7,3歳未勝利,6.0,12.0,1京都6,3歳新馬,,,,,,,,,133.8,16.0,2026-08-08 00:48:17,jra,2026-08-08,56.2,52.0,84.5,0.0,59.0,69.8,45.0,履歴少 / 人気以上に走る傾向 / 過小評価傾向
202601010503,2026-08-08,3,シンエンドーツダ,4.0,3.0,岩田康,57.0,,3.0,1.0,1札幌2,3歳未勝利,3.0,4.0,1函館9,3歳未勝利,7.0,3.0,1函館5,3歳未勝利,5.0,1.0,1福島5,3歳未勝利,4.0,4.0,1福島1,3歳未勝利,7.9,4.0,2026-08-08 00:56:47,jra,2026-08-08,58.76,74.5,37.9,80.2,60.5,52.9,45.0,履歴少 / 安定感
202607020503,2026-08-08,3,ジャミールアイン,12.0,6.0,☆田山,54.0,,15.0,7.0,3京都8,3歳未勝利,14.0,4.0,1小倉2,3歳未勝利,5.0,5.0,1京都4,3歳新馬,,,,,,,,,19.7,8.0,2026-08-08 00:48:17,jra,2026-08-08,21.13,17.9,4.1,19.8,17.0,44.5,45.0,履歴少 / 市場オッズ妙味
202607020503,2026-08-08,3,ジュエルサンライズ,1.0,1.0,コレット,55.0,,7.0,8.0,1新潟8,3歳未勝利,5.0,9.0,1新潟1,3歳未勝利,8.0,11.0,2阪神4,3歳未勝利,10.0,5.0,2京都2,3歳未勝利,11.0,16.0,1京都5,3歳未勝利,33.4,12.0,2026-08-08 00:48:17,jra,2026-08-08,50.94,47.6,61.8,24.9,59.0,58.7,45.0,履歴少
202601010503,2026-08-08,3,ジングアップ,2.0,2.0,池添,57.0,,9.0,6.0,1札幌2,3歳未勝利,5.0,5.0,1函館6,3歳未勝利,4.0,4.0,2東京11,3歳未勝利,6.0,7.0,1中山4,3歳未勝利,7.0,8.0,4東京8,2歳新馬,35.8,11.0,2026-08-08 00:56:47,jra,2026-08-08,47.99,57.0,45.4,44.7,29.0,55.6,45.0,履歴少 / 市場オッズ妙味
202607020503,2026-08-08,3,スナークオーロラ,11.0,6.0,田口,55.0,,13.0,11.0,1新潟7,3歳未勝利,11.0,8.0,1新潟3,3歳未勝利,,,,,,,,,,,,,66.9,14.0,2026-08-08 00:48:17,jra,2026-08-08,33.2,24.2,36.1,18.0,38.9,46.1,45.0,履歴少 / サンプル少
202604020503,2026-08-08,3,スヴェンガーリ,3.0,3.0,三浦,55.0,,,,,,,,,,,,,,,,,,,,,,40.9,7.0,2026-08-08 00:35:57,jra,2026-08-08,36.0,35.0,35.0,35.0,35.0,35.0,45.0,履歴少
202607020503,2026-08-08,3,ゼフィルス,4.0,2.0,幸,55.0,,9.0,8.0,1福島2,3歳未勝利,7.0,3.0,1京都8,3歳未勝利,10.0,1.0,5阪神4,2歳新馬,,,,,,,,,4.8,2.0,2026-08-08 00:48:17,jra,2026-08-08,32.04,39.2,21.3,0.0,47.0,41.5,45.0,履歴少
202604020503,2026-08-08,3,ソヴリンゲート,1.0,1.0,吉田豊,55.0,,,,,,,,,,,,,,,,,,,,,,128.5,12.0,2026-08-08 00:35:57,jra,2026-08-08,36.0,35.0,35.0,35.0,35.0,35.0,45.0,履歴少
202607020503,2026-08-08,3,タガノプディング,8.0,4.0,川田,55.0,,4.0,1.0,2小倉6,3歳未勝利,2.0,1.0,3阪神4,3歳未勝利,2.0,2.0,3京都11,3歳未勝利,4.0,1.0,2阪神4,3歳未勝利,2.0,9.0,1阪神7,3歳未勝利,3.7,1.0,2026-08-08 00:48:17,jra,2026-08-08,66.9,84.8,43.9,100.0,41.0,55.6,79.3,ダ適性 / 阪神実績 / 距離適性 / 安定感
202607020503,2026-08-08,3,タワワ,16.0,8.0,川須,55.0,,15.0,9.0,3京都7,3歳未勝利,11.0,4.0,1小倉4,3歳未勝利,6.0,8.0,3京都5,2歳未勝利,5.0,8.0,4阪神3,2歳新馬,,,,,67.8,15.0,2026-08-08 00:48:17,jra,2026-08-08,28.54,29.8,28.6,14.6,4.0,47.0,45.0,履歴少
202601010503,2026-08-08,3,ダディーズソード,7.0,5.0,◇古川奈,55.0,,11.0,11.0,1札幌2,3歳未勝利,16.0,4.0,1函館10,3歳未勝利,7.0,10.0,2京都4,3歳未勝利,8.0,11.0,1小倉1,3歳新馬,,,,,98.2,13.0,2026-08-08 00:56:47,jra,2026-08-08,32.27,25.4,34.7,0.0,46.0,48.6,45.0,履歴少
202601010503,2026-08-08,3,デルマバンダイサン,8.0,5.0,松本,57.0,,5.0,6.0,1函館12,3歳未勝利,6.0,3.0,川崎,エメラルドフラワー賞(3歳),7.0,4.0,1阪神4,3歳未勝利,3.0,4.0,1小倉4,3歳未勝利,3.0,9.0,3福島5,2歳未勝利,2.9,1.0,2026-08-08 00:56:47,jra,2026-08-08,53.42,58.6,51.0,55.3,48.5,55.8,45.0,履歴少
202607020503,2026-08-08,3,トリビア,9.0,5.0,丸山,55.0,,10.0,4.0,3京都4,3歳未勝利,6.0,7.0,1小倉11,3歳未勝利,,,,,,,,,,,,,14.2,7.0,2026-08-08 00:48:17,jra,2026-08-08,37.94,41.3,34.5,18.0,32.3,53.9,45.0,履歴少 / サンプル少 / 市場オッズ妙味
202604020503,2026-08-08,3,ニシノアナベル,5.0,5.0,野中,55.0,,,,,,,,,,,,,,,,,,,,,,84.9,11.0,2026-08-08 00:35:57,jra,2026-08-08,36.0,35.0,35.0,35.0,35.0,35.0,45.0,履歴少
202601010503,2026-08-08,3,ニシノモリミチ,6.0,4.0,▲小林美,54.0,,11.0,1.0,1函館12,3歳未勝利,2.0,2.0,1函館8,3歳未勝利,4.0,2.0,1函館3,3歳未勝利,7.0,1.0,2東京3,3歳未勝利,4.0,4.0,3中山6,3歳未勝利,9.4,5.0,2026-08-08 00:56:47,jra,2026-08-08,40.35,59.5,19.8,55.0,9.5,47.8,45.0,履歴少
202604020503,2026-08-08,3,ニシノリリックス,9.0,7.0,石橋脩,55.0,,,,,,,,,,,,,,,,,,,,,,78.3,10.0,2026-08-08 00:35:57,jra,2026-08-08,36.0,35.0,35.0,35.0,35.0,35.0,45.0,履歴少
202601010503,2026-08-08,3,ビレッジルイーザ,11.0,7.0,岩田望,55.0,,5.0,2.0,1札幌2,3歳未勝利,2.0,4.0,2福島5,3歳未勝利,8.0,5.0,3東京1,3歳未勝利,2.0,5.0,2東京8,3歳未勝利,10.0,9.0,2中山5,3歳未勝利,12.6,7.0,2026-08-08 00:56:47,jra,2026-08-08,57.66,68.6,45.3,69.9,53.0,59.5,45.0,履歴少 / 安定感 / 市場オッズ妙味
202607020503,2026-08-08,3,ピョイットハレルヤ,2.0,1.0,松若,55.0,,4.0,3.0,1新潟5,3歳未勝利,3.0,8.0,2東京2,3歳未勝利,10.0,4.0,1福島4,3歳未勝利,7.0,9.0,1京都5,3歳未勝利,4.0,5.0,5中京5,2歳未勝利,5.2,3.0,2026-08-08 00:48:17,jra,2026-08-08,58.35,65.0,51.1,65.7,62.0,57.7,45.0,履歴少 / 安定感
202604020503,2026-08-08,3,フォンターナドーロ,8.0,6.0,菊沢,55.0,,,,,,,,,,,,,,,,,,,,,,12.9,6.0,2026-08-08 00:35:57,jra,2026-08-08,36.0,35.0,35.0,35.0,35.0,35.0,45.0,履歴少
202601010503,2026-08-08,3,フロムザムーン,5.0,4.0,▲大久保,54.0,,5.0,14.0,1函館11,3歳未勝利,10.0,9.0,3京都7,3歳未勝利,10.0,8.0,1福島6,3歳未勝利,6.0,6.0,1阪神7,3歳未勝利,10.0,11.0,1小倉12,3歳未勝利,32.3,10.0,2026-08-08 00:56:47,jra,2026-08-08,53.78,44.8,65.4,30.4,74.0,60.9,45.0,履歴少 / 人気以上に走る傾向 / 近走上向き / 市場オッズ妙味
202601010503,2026-08-08,3,ヘリオポリス,9.0,6.0,▲和田陽,54.0,,8.0,11.0,1札幌4,3歳未勝利,13.0,14.0,3京都11,3歳未勝利,,,,,,,,,,,,,136.9,14.0,2026-08-08 00:56:47,jra,2026-08-08,43.58,32.3,53.6,18.0,62.0,54.1,45.0,履歴少 / サンプル少
202601010503,2026-08-08,3,ホウオウチャールズ,1.0,1.0,斎藤,57.0,,7.0,6.0,門別,リゲル特別(C1),10.0,6.0,2東京10,3歳未勝利,5.0,11.0,1新潟4,3歳未勝利,15.0,12.0,2京都1,3歳未勝利,12.0,11.0,5中京5,2歳未勝利,41.9,12.0,2026-08-08 00:56:47,jra,2026-08-08,42.35,30.8,46.3,19.8,71.0,51.5,45.0,履歴少 / 近走上向き
202601010503,2026-08-08,3,マルシュボヌール,12.0,7.0,北村友,55.0,,6.0,7.0,1函館6,3歳未勝利,7.0,7.0,1函館2,3歳未勝利,3.0,7.0,1福島4,3歳未勝利,4.0,9.0,2阪神1,3歳未勝利,14.0,8.0,1京都5,3歳未勝利,11.5,6.0,2026-08-08 00:56:47,jra,2026-08-08,54.67,58.9,58.4,34.3,56.0,63.0,45.0,履歴少
202601010503,2026-08-08,3,リン,10.0,6.0,横山和,57.0,,9.0,3.0,3阪神3,3歳未勝利,2.0,6.0,3京都10,3歳未勝利,8.0,1.0,3京都4,3歳未勝利,4.0,7.0,1京都4,3歳未勝利,6.0,3.0,5阪神5,2歳未勝利,5.7,2.0,2026-08-08 00:56:47,jra,2026-08-08,44.84,59.9,35.4,39.5,26.0,51.6,45.0,履歴少
202601010503,2026-08-08,3,ロスニーニョス,3.0,3.0,古川吉,57.0,,7.0,9.0,1札幌2,3歳未勝利,8.0,13.0,1函館10,3歳未勝利,8.0,9.0,1函館6,3歳未勝利,5.0,11.0,3阪神2,3歳未勝利,4.0,10.0,3京都8,3歳未勝利,31.9,9.0,2026-08-08 00:56:47,jra,2026-08-08,55.52,53.2,74.8,24.9,45.5,69.3,45.0,履歴少 / 人気以上に走る傾向 / 過小評価傾向 / 市場オッズ妙味
202607020503,2026-08-08,3,ワイルドチャーム,15.0,8.0,団野,55.0,,3.0,3.0,1阪神10,3歳未勝利,15.0,10.0,1阪神1,3歳未勝利,13.0,4.0,5阪神6,2歳未勝利,3.0,11.0,4京都5,2歳新馬,,,,,21.9,9.0,2026-08-08 00:48:17,jra,2026-08-08,48.94,43.0,35.5,45.0,94.0,51.4,45.0,履歴少 / 近走上向き / 市場オッズ妙味
202601010504,2026-08-08,4,アセンブリールーム,2.0,2.0,池添,58.0,,2.0,2.0,2東京6,4歳以上1勝クラス,5.0,1.0,2東京1,4歳以上1勝クラス,3.0,2.0,1中山8,4歳以上1勝クラス,2.0,2.0,5東京1,3歳以上1勝クラス,4.0,6.0,4中山4,3歳以上1勝クラス,8.9,4.0,2026-08-08 00:28:17,jra,2026-08-08,65.13,82.8,43.1,100.0,59.0,57.4,45.0,履歴少 / 安定感
202601010504,2026-08-08,4,アッシュバーグ,3.0,3.0,☆長浜,55.0,,11.0,10.0,1函館4,3歳以上1勝クラス,14.0,13.0,3中山6,4歳以上1勝クラス,13.0,12.0,5中京2,3歳以上1勝クラス,4.0,10.0,1札幌5,厚岸特別(1勝クラス),6.0,6.0,1函館4,3歳以上1勝クラス,23.2,9.0,2026-08-08 00:28:17,jra,2026-08-08,38.12,24.2,50.9,14.6,39.5,58.2,45.0,履歴少 / 市場オッズ妙味
202604020504,2026-08-08,4,アーリマックス,11.0,6.0,△石神道,53.0,,11.0,3.0,2福島3,3歳未勝利,5.0,10.0,3東京3,3歳未勝利,6.0,8.0,1福島1,3歳未勝利,,,,,,,,,22.4,9.0,2026-08-08 00:07:27,jra,2026-08-08,40.5,46.5,42.6,24.9,17.0,55.2,45.0,履歴少 / 市場オッズ妙味
202607020504,2026-08-08,4,イコミキマル,14.0,7.0,中井,57.0,,15.0,17.0,3京都11,3歳未勝利,14.0,13.0,3京都8,3歳未勝利,16.0,18.0,2阪神1,3歳未勝利,,,,,,,,,135.2,16.0,2026-08-08 00:15:57,jra,2026-08-08,32.13,0.0,57.0,0.0,50.0,56.8,45.0,履歴少
202607020504,2026-08-08,4,インドミタビリティ,4.0,2.0,川田,57.0,,4.0,4.0,3阪神4,3歳未勝利,4.0,2.0,2東京9,3歳未勝利,6.0,2.0,3中山8,3歳未勝利,2.0,3.0,1阪神4,3歳未勝利,,,,,2.7,1.0,2026-08-08 00:15:57,jra,2026-08-08,56.79,75.1,41.1,69.9,50.0,50.2,45.0,履歴少 / 安定感
202604020504,2026-08-08,4,カラクリスピリッツ,5.0,3.0,菱田,55.0,,10.0,8.0,2福島2,3歳未勝利,8.0,6.0,2東京6,3歳未勝利,13.0,11.0,2東京1,3歳未勝利,11.0,4.0,3中山1,3歳未勝利,4.0,3.0,2中山6,3歳未勝利,15.1,6.0,2026-08-08 00:07:27,jra,2026-08-08,34.64,31.0,31.6,10.3,44.0,52.5,45.0,履歴少 / 市場オッズ妙味
202607020504,2026-08-08,4,ガラード,10.0,5.0,Ｍデムーロ,57.0,,7.0,2.0,3京都10,3歳未勝利,10.0,4.0,3京都3,3歳未勝利,12.0,8.0,2阪神6,3歳未勝利,4.0,4.0,2京都5,3歳新馬,,,,,25.5,7.0,2026-08-08 00:15:57,jra,2026-08-08,35.81,40.4,20.3,14.6,60.0,44.1,45.0,履歴少 / 市場オッズ妙味
202607020504,2026-08-08,4,キタノハイテイル,8.0,4.0,城戸,57.0,,6.0,15.0,3阪神3,3歳未勝利,5.0,8.0,1新潟8,3歳未勝利,7.0,11.0,3京都5,3歳未勝利,12.0,15.0,2京都3,3歳新馬,,,,,34.5,8.0,2026-08-08 00:15:57,jra,2026-08-08,60.54,52.7,86.8,24.9,62.0,71.7,45.0,履歴少 / 人気以上に走る傾向 / 過小評価傾向 / 市場オッズ妙味
202607020504,2026-08-08,4,クリノリキオー,6.0,3.0,幸,57.0,,7.0,5.0,3阪神3,3歳未勝利,5.0,2.0,3京都12,3歳未勝利,4.0,3.0,3京都4,3歳未勝利,6.0,3.0,2阪神7,3歳未勝利,5.0,6.0,1阪神4,3歳未勝利,6.9,3.0,2026-08-08 00:15:57,jra,2026-08-08,49.71,63.6,36.8,55.0,38.0,53.0,45.0,履歴少
202607020504,2026-08-08,4,グランドフィナーレ,3.0,2.0,富田,57.0,,2.0,3.0,園田,JRA交流三室山特別,7.0,9.0,3京都1,3歳未勝利,10.0,9.0,1福島1,3歳未勝利,17.0,14.0,1小倉2,3歳未勝利,8.0,11.0,5阪神7,2歳新馬,36.1,9.0,2026-08-08 00:15:57,jra,2026-08-08,50.26,39.3,52.4,17.6,100.0,57.6,45.0,履歴少 / 近走上向き / 市場オッズ妙味
202601010504,2026-08-08,4,グロリアスマーチ,14.0,8.0,佐々木,55.0,,5.0,8.0,2東京11,3歳1勝クラス,6.0,2.0,2東京3,3歳1勝クラス,3.0,1.0,2阪神1,3歳1勝クラス,2.0,5.0,1東京5,3歳1勝クラス,3.0,3.0,5阪神7,万両賞(1勝クラス),8.0,3.0,2026-08-08 00:28:17,jra,2026-08-08,59.41,74.3,49.7,75.1,41.0,58.9,45.0,履歴少 / 安定感
202601010504,2026-08-08,4,コスモレッド,5.0,4.0,小沢,53.0,,7.0,6.0,1札幌2,3歳以上1勝クラス,5.0,9.0,1函館9,3歳以上1勝クラス,11.0,5.0,1函館6,3歳以上1勝クラス,6.0,7.0,2阪神1,3歳1勝クラス,5.0,5.0,1阪神8,3歳1勝クラス,51.5,12.0,2026-08-08 00:28:17,jra,2026-08-08,47.97,52.5,47.6,35.3,48.5,52.2,45.0,履歴少
202604020504,2026-08-08,4,サリーアン,1.0,1.0,大野,57.0,,6.0,6.0,1新潟7,3歳未勝利,4.0,6.0,2東京5,3歳未勝利,6.0,8.0,2東京1,3歳未勝利,6.0,7.0,2中山4,3歳未勝利,4.0,13.0,1東京3,3歳未勝利,11.2,4.0,2026-08-08 00:07:27,jra,2026-08-08,57.41,65.6,63.8,35.3,44.0,69.4,45.0,履歴少 / 過小評価傾向
202601010504,2026-08-08,4,サンウリエル,1.0,1.0,川又,58.0,,6.0,8.0,1札幌2,3歳以上1勝クラス,13.0,9.0,1中京6,4歳以上1勝クラス,5.0,8.0,4京都3,3歳以上1勝クラス,4.0,12.0,3京都10,3歳以上1勝クラス,6.0,5.0,2札幌1,3歳以上1勝クラス,38.0,10.0,2026-08-08 00:28:17,jra,2026-08-08,52.07,50.0,58.9,34.3,56.0,61.5,45.0,履歴少 / 市場オッズ妙味
202607020504,2026-08-08,4,サンライズナスカ,13.0,7.0,藤懸,57.0,,10.0,6.0,3阪神4,3歳未勝利,5.0,8.0,3京都7,3歳未勝利,5.0,11.0,3京都1,3歳未勝利,10.0,10.0,1京都1,3歳未勝利,11.0,9.0,4京都2,2歳新馬,38.8,11.0,2026-08-08 00:15:57,jra,2026-08-08,47.87,45.0,53.6,44.7,36.5,58.2,45.0,履歴少 / 市場オッズ妙味
202604020504,2026-08-08,4,ジャストキュート,7.0,4.0,武藤,55.0,,5.0,12.0,1函館11,3歳未勝利,11.0,7.0,1函館8,3歳未勝利,10.0,4.0,川崎,ジューンフラワー賞(3歳),12.0,14.0,3京都2,2歳未勝利,6.0,11.0,4中山1,2歳新馬,26.4,10.0,2026-08-08 00:07:27,jra,2026-08-08,50.28,36.1,59.8,30.4,78.5,58.9,45.0,履歴少 / 近走上向き / 市場オッズ妙味
202601010504,2026-08-08,4,スタードメイソン,12.0,7.0,▲和田陽,53.0,,9.0,9.0,1函館7,恵山特別(1勝クラス),10.0,10.0,1函館4,3歳以上1勝クラス,13.0,10.0,1福島2,燧ヶ岳特別(1勝クラス),14.0,8.0,1小倉6,4歳以上1勝クラス,1.0,13.0,2札幌3,3歳未勝利,79.7,13.0,2026-08-08 00:28:17,jra,2026-08-08,39.61,29.0,48.4,10.3,53.0,55.5,45.0,履歴少
202604020504,2026-08-08,4,スティールヴォーグ,3.0,2.0,三浦,57.0,,3.0,1.0,2福島5,3歳未勝利,3.0,2.0,3東京4,3歳未勝利,13.0,2.0,2東京10,3歳未勝利,2.0,2.0,2東京4,3歳未勝利,3.0,1.0,1東京7,3歳未勝利,3.1,1.0,2026-08-08 00:07:27,jra,2026-08-08,53.95,69.4,27.3,80.2,63.5,44.4,45.0,履歴少 / 安定感
202604020504,2026-08-08,4,スノーランス,10.0,6.0,石橋脩,55.0,,3.0,4.0,2新潟1,3歳未勝利,6.0,2.0,1新潟3,3歳未勝利,3.0,4.0,1新潟1,3歳未勝利,3.0,2.0,1中京3,3歳未勝利,3.0,2.0,1中京1,3歳未勝利,11.8,5.0,2026-08-08 00:07:27,jra,2026-08-08,60.75,78.0,44.8,75.1,54.5,57.9,45.0,履歴少 / 安定感
202604020504,2026-08-08,4,セイウンヤオヨロズ,8.0,5.0,◇今村,55.0,,4.0,5.0,2新潟1,3歳未勝利,5.0,4.0,2福島4,3歳未勝利,9.0,3.0,1新潟4,3歳未勝利,2.0,5.0,1福島5,3歳未勝利,4.0,8.0,1福島1,3歳未勝利,7.3,3.0,2026-08-08 00:07:27,jra,2026-08-08,59.82,68.4,48.0,80.2,56.0,59.1,45.0,履歴少 / 安定感
202607020504,2026-08-08,4,タニセンゴールド,5.0,3.0,秋山稔,57.0,,3.0,6.0,3阪神3,3歳未勝利,4.0,8.0,3京都12,3歳未勝利,6.0,14.0,1京都5,3歳新馬,,,,,,,,,6.6,2.0,2026-08-08 00:15:57,jra,2026-08-08,69.79,75.0,82.5,55.3,62.0,74.3,45.0,履歴少 / 人気以上に走る傾向 / 過小評価傾向
202601010504,2026-08-08,4,ダノンフィオーレ,4.0,3.0,北村友,56.0,,3.0,5.0,1札幌2,3歳以上1勝クラス,16.0,3.0,1中京4,4歳以上1勝クラス,17.0,5.0,4京都7,3歳以上1勝クラス,1.0,1.0,3中京4,3歳未勝利,4.0,4.0,2小倉7,3歳未勝利,3.9,2.0,2026-08-08 00:28:17,jra,2026-08-08,44.56,48.0,15.0,55.3,89.0,40.8,45.0,履歴少 / 近走上向き
202607020504,2026-08-08,4,チュウワヘネシー,9.0,5.0,加藤,57.0,,12.0,12.0,3京都6,3歳未勝利,13.0,12.0,3京都1,3歳未勝利,,,,,,,,,,,,,135.2,15.0,2026-08-08 00:15:57,jra,2026-08-08,36.31,22.6,43.8,18.0,48.8,49.7,45.0,履歴少 / サンプル少
202604020504,2026-08-08,4,デルマシラカミ,14.0,8.0,▲上里,52.0,,16.0,16.0,3東京6,3歳未勝利,,,,,,,,,,,,,,,,,87.2,15.0,2026-08-08 00:07:27,jra,2026-08-08,36.68,29.6,40.6,29.6,40.6,40.6,45.0,履歴少 / サンプル少
202607020504,2026-08-08,4,トゥレネヴェリテ,16.0,8.0,△柴田裕,55.0,,5.0,10.0,2小倉8,3歳未勝利,2.0,5.0,園田,JRA交流氷ノ山特別,12.0,11.0,1中京6,3歳未勝利,13.0,13.0,1京都8,3歳未勝利,13.0,7.0,1京都2,3歳未勝利,67.6,14.0,2026-08-08 00:15:57,jra,2026-08-08,51.43,37.3,58.0,44.9,80.0,54.1,45.0,履歴少 / 近走上向き
202604020504,2026-08-08,4,トラスティア,13.0,7.0,菊沢,55.0,,3.0,1.0,3中山6,3歳未勝利,9.0,5.0,1東京2,3歳新馬,,,,,,,,,,,,,3.5,2.0,2026-08-08 00:07:27,jra,2026-08-08,45.97,52.3,34.3,34.7,65.3,47.0,45.0,履歴少 / サンプル少 / 近走上向き
202601010504,2026-08-08,4,ネッタイヤライ,6.0,4.0,◇古川奈,53.0,,6.0,4.0,1函館6,臥牛山特別(1勝クラス),7.0,2.0,1函館4,3歳以上1勝クラス,4.0,5.0,1中京4,フローラルウォーク賞(1勝クラス),3.0,2.0,1阪神4,3歳1勝クラス,4.0,11.0,4京都7,ラジオN杯京都2歳S(GIII),21.6,8.0,2026-08-08 00:28:17,jra,2026-08-08,51.42,66.3,42.4,44.7,41.0,56.3,45.0,履歴少 / 市場オッズ妙味
202601010504,2026-08-08,4,バルボアパーク,11.0,7.0,☆舟山,52.0,,8.0,1.0,2東京8,3歳1勝クラス,3.0,1.0,2中山5,アネモネS(L),1.0,2.0,5中山3,2歳未勝利,2.0,3.0,5東京5,2歳未勝利,4.0,1.0,4東京5,2歳新馬,9.4,5.0,2026-08-08 00:28:17,jra,2026-08-08,51.06,75.3,31.9,69.6,17.0,53.0,45.0,履歴少 / 安定感
202601010504,2026-08-08,4,フレッチャアズーラ,10.0,6.0,岩田望,53.0,,1.0,1.0,1札幌1,3歳未勝利,9.0,1.0,3京都8,3歳未勝利,3.0,1.0,1中京2,3歳未勝利,2.0,1.0,1阪神1,3歳未勝利,10.0,1.0,1京都7,3歳未勝利,3.4,1.0,2026-08-08 00:28:17,jra,2026-08-08,54.2,72.3,25.7,64.7,80.0,42.2,45.0,履歴少 / 近走上向き / 安定感
202601010504,2026-08-08,4,ブライトフレア,8.0,5.0,浜中,55.0,,9.0,9.0,3京都12,白百合S(L),15.0,10.0,3京都9,3歳1勝クラス,9.0,11.0,2京都5,こぶし賞(1勝クラス),12.0,9.0,1中山9,若竹賞(1勝クラス),3.0,5.0,4阪神6,野路菊S(OP),38.0,11.0,2026-08-08 00:28:17,jra,2026-08-08,37.96,28.5,42.4,10.3,54.5,53.7,45.0,履歴少 / 市場オッズ妙味
202607020504,2026-08-08,4,ブラストオフ,15.0,8.0,長岡,57.0,,7.0,11.0,3阪神1,3歳未勝利,11.0,3.0,2阪神5,3歳未勝利,,,,,,,,,,,,,43.8,12.0,2026-08-08 00:15:57,jra,2026-08-08,40.73,38.7,40.1,18.0,58.7,47.0,45.0,履歴少 / サンプル少
202604020504,2026-08-08,4,ブルーダイヤシチー,4.0,3.0,▲佐藤,54.0,,11.0,11.0,2福島4,3歳未勝利,,,,,,,,,,,,,,,,,36.1,11.0,2026-08-08 00:07:27,jra,2026-08-08,37.91,34.0,40.6,29.6,40.6,40.6,45.0,履歴少 / サンプル少
202604020504,2026-08-08,4,ブレイブシュガー,6.0,4.0,吉田豊,57.0,,7.0,8.0,3東京5,3歳未勝利,9.0,9.0,2東京12,3歳未勝利,5.0,9.0,2東京5,3歳未勝利,5.0,9.0,3中山6,3歳未勝利,12.0,13.0,1東京1,3歳未勝利,16.8,7.0,2026-08-08 00:07:27,jra,2026-08-08,53.57,49.4,62.5,34.3,54.5,68.5,45.0,履歴少 / 過小評価傾向 / 市場オッズ妙味
202601010504,2026-08-08,4,ペイシャアーサー,9.0,6.0,▲遠藤,55.0,,9.0,15.0,1札幌1,3歳以上1勝クラス,5.0,5.0,1函館10,3歳以上1勝クラス,14.0,7.0,3中山4,4歳以上1勝クラス,14.0,8.0,1中京4,4歳以上1勝クラス,11.0,5.0,1小倉12,4歳以上1勝クラス,98.9,14.0,2026-08-08 00:28:17,jra,2026-08-08,39.85,30.0,42.6,24.9,62.0,45.0,45.0,履歴少
202604020504,2026-08-08,4,ホウオウバトラー,12.0,7.0,▲石田,54.0,,11.0,11.0,1函館5,3歳未勝利,8.0,12.0,1函館2,3歳未勝利,10.0,12.0,1小倉12,3歳未勝利,12.0,11.0,5東京2,2歳新馬,,,,,71.4,13.0,2026-08-08 00:07:27,jra,2026-08-08,39.77,27.1,59.7,0.0,44.0,57.6,45.0,履歴少
202607020504,2026-08-08,4,マイカラー,7.0,4.0,酒井,57.0,,5.0,2.0,3阪神6,3歳未勝利,2.0,7.0,3阪神3,3歳未勝利,4.0,3.0,1新潟8,3歳未勝利,4.0,3.0,2阪神4,3歳未勝利,2.0,5.0,1中京6,3歳未勝利,8.2,5.0,2026-08-08 00:15:57,jra,2026-08-08,64.27,79.2,52.1,100.0,38.0,60.9,45.0,履歴少 / 安定感
202604020504,2026-08-08,4,マイチバイ,2.0,2.0,松岡,55.0,,14.0,16.0,2福島1,3歳未勝利,14.0,13.0,2東京5,3歳未勝利,8.0,12.0,2中山6,3歳未勝利,9.0,4.0,5中山6,2歳未勝利,11.0,5.0,5東京4,2歳未勝利,78.5,14.0,2026-08-08 00:07:27,jra,2026-08-08,31.07,16.0,48.6,0.0,29.0,49.6,45.0,履歴少
202607020504,2026-08-08,4,マテンロウアワー,12.0,6.0,コレット,57.0,,4.0,4.0,2中京2,3歳未勝利,10.0,3.0,3阪神3,3歳未勝利,2.0,3.0,3京都11,3歳未勝利,7.0,2.0,3中山8,3歳未勝利,4.0,2.0,1中京6,3歳未勝利,8.5,6.0,2026-08-08 00:15:57,jra,2026-08-08,51.77,63.7,32.6,60.5,60.5,50.7,45.0,履歴少 / 安定感
202607020504,2026-08-08,4,メイショウゴッホ,11.0,6.0,角田和,57.0,,4.0,2.0,金沢,加賀手取川賞(未勝利)(3歳),8.0,8.0,1新潟7,3歳未勝利,4.0,8.0,3京都5,3歳未勝利,7.0,11.0,2阪神8,3歳未勝利,6.0,11.0,1阪神10,3歳未勝利,46.4,13.0,2026-08-08 00:15:57,jra,2026-08-08,53.39,50.2,61.3,33.4,63.5,60.6,45.0,履歴少
202601010504,2026-08-08,4,モルニケ,13.0,8.0,横山武,53.0,,3.0,3.0,2中山7,3歳1勝クラス,5.0,9.0,1東京5,デイリー杯クイーンC(GIII),6.0,13.0,1中山4,フェアリーS(GIII),1.0,1.0,4東京10,2歳未勝利,2.0,2.0,4東京3,2歳未勝利,11.0,6.0,2026-08-08 00:28:17,jra,2026-08-08,67.88,78.4,66.7,80.2,53.0,67.4,45.0,履歴少 / 人気以上に走る傾向 / 安定感 / 過小評価傾向
202604020504,2026-08-08,4,ユイハホンキダゼ,9.0,5.0,木幡初,57.0,,7.0,12.0,1中京5,3歳未勝利,,,,,,,,,,,,,,,,,19.7,8.0,2026-08-08 00:07:27,jra,2026-08-08,41.92,41.1,48.3,29.6,40.6,42.0,45.0,履歴少 / サンプル少
202607020504,2026-08-08,4,ラヴィアンコール,1.0,1.0,☆田山,56.0,,15.0,4.0,3阪神3,3歳未勝利,3.0,8.0,3京都10,3歳未勝利,,,,,,,,,,,,,7.4,4.0,2026-08-08 00:15:57,jra,2026-08-08,35.78,38.8,30.9,31.7,18.0,50.2,45.0,履歴少 / サンプル少
202604020504,2026-08-08,4,リオダプラタ,15.0,8.0,江田照,57.0,,15.0,11.0,3東京5,3歳未勝利,12.0,14.0,1新潟1,3歳未勝利,,,,,,,,,,,,,52.3,12.0,2026-08-08 00:07:27,jra,2026-08-08,33.36,21.0,40.5,18.0,35.6,48.8,45.0,履歴少 / サンプル少
202601010504,2026-08-08,4,ルーチェフィオーレ,7.0,5.0,横山和,53.0,,9.0,2.0,1札幌1,3歳以上1勝クラス,7.0,5.0,4東京8,アルテミスS(GIII),1.0,1.0,4中山7,2歳未勝利,2.0,4.0,3東京2,2歳新馬,,,,,11.5,7.0,2026-08-08 00:28:17,jra,2026-08-08,43.65,63.7,31.8,34.3,16.0,54.7,45.0,履歴少
202607020504,2026-08-08,4,レディトゥフライト,2.0,1.0,▲森田,54.0,,13.0,9.0,3阪神3,3歳未勝利,12.0,4.0,3京都12,3歳未勝利,2.0,4.0,3京都6,3歳未勝利,6.0,6.0,2阪神1,3歳未勝利,8.0,9.0,1中京1,3歳未勝利,37.4,10.0,2026-08-08 00:15:57,jra,2026-08-08,33.05,35.7,31.0,19.8,14.0,50.5,45.0,履歴少 / 市場オッズ妙味
202607020505,2026-08-08,5,アステルディーヴァ,7.0,7.0,◇永島,51.0,,8.0,12.0,2中京4,3歳未勝利,9.0,10.0,3京都7,3歳未勝利,15.0,3.0,5中山6,2歳新馬,,,,,,,,,101.0,7.0,2026-08-08 00:45:12,jra,2026-08-08,38.12,29.8,41.6,0.0,74.0,45.9,45.0,履歴少 / 近走上向き
202604020505,2026-08-08,5,アラビアンドリーム,11.0,6.0,坂井,57.0,,2.0,4.0,2福島7,3歳未勝利,3.0,1.0,2中山4,3歳未勝利,4.0,3.0,1中山7,3歳未勝利,6.0,1.0,1中山1,3歳未勝利,2.0,1.0,5中山3,2歳新馬,2.9,1.0,2026-08-08 00:36:42,jra,2026-08-08,62.47,82.2,43.6,85.4,60.5,50.0,45.0,履歴少 / 安定感
202601010505,2026-08-08,5,イドム,3.0,3.0,松本,55.0,,,,,,,,,,,,,,,,,,,,,,37.7,9.0,2026-08-08 00:16:17,jra,2026-08-08,36.0,35.0,35.0,35.0,35.0,35.0,45.0,履歴少
202607020505,2026-08-08,5,ウインヘリオドール,6.0,6.0,国分恭,58.0,,7.0,9.0,盛岡,アンタレス賞(B1),16.0,14.0,3阪神5,3歳以上1勝クラス,1.0,1.0,笠松,第10回ウマニティ杯(C),3.0,2.0,笠松,細貝優太新天地でも頑(C),3.0,2.0,笠松,野山の錦特別(C),50.2,4.0,2026-08-08 00:45:12,jra,2026-08-08,37.15,23.9,48.0,18.2,41.2,52.2,45.0,地方実績を中央換算 / 履歴少
202604020505,2026-08-08,5,ウォーレーションズ,12.0,7.0,菊沢,57.0,,7.0,2.0,2新潟4,3歳未勝利,3.0,5.0,3東京6,3歳未勝利,4.0,12.0,3東京2,3歳未勝利,14.0,10.0,1福島2,3歳未勝利,,,,,9.5,4.0,2026-08-08 00:36:42,jra,2026-08-08,52.43,57.7,49.8,44.7,50.0,60.4,45.0,履歴少
202601010505,2026-08-08,5,エイシンジュウライ,12.0,8.0,★河原田,51.0,,,,,,,,,,,,,,,,,,,,,,85.3,11.0,2026-08-08 00:16:17,jra,2026-08-08,36.0,35.0,35.0,35.0,35.0,35.0,45.0,履歴少
202607020505,2026-08-08,5,エイシンビーコン,2.0,2.0,Ｍデムーロ,55.0,,2.0,3.0,2小倉5,3歳以上1勝クラス,1.0,3.0,3京都12,3歳未勝利,6.0,3.0,3京都6,3歳未勝利,4.0,8.0,1阪神5,3歳未勝利,4.0,3.0,1小倉9,3歳未勝利,13.5,2.0,2026-08-08 00:45:12,jra,2026-08-08,66.8,83.7,54.8,80.2,60.5,63.0,45.0,履歴少 / 安定感 / 市場オッズ妙味
202604020505,2026-08-08,5,オウケンサクラコ,5.0,3.0,丸田,55.0,,7.0,9.0,3東京5,3歳未勝利,4.0,11.0,3東京3,3歳未勝利,7.0,8.0,2東京8,3歳1勝クラス,12.0,15.0,1福島5,3歳未勝利,12.0,14.0,1東京7,3歳未勝利,24.6,9.0,2026-08-08 00:36:42,jra,2026-08-08,54.81,48.0,72.4,24.9,60.5,66.0,45.0,履歴少 / 人気以上に走る傾向 / 過小評価傾向 / 市場オッズ妙味
202604020505,2026-08-08,5,オーロラボレアリス,14.0,8.0,津村,55.0,,7.0,5.0,2小倉1,3歳未勝利,6.0,6.0,3京都8,3歳未勝利,11.0,6.0,3京都3,3歳未勝利,8.0,7.0,1阪神3,3歳未勝利,2.0,10.0,2京都3,3歳未勝利,9.7,5.0,2026-08-08 00:36:42,jra,2026-08-08,44.56,50.6,43.6,10.3,48.5,59.7,45.0,履歴少
202604020505,2026-08-08,5,キタイノホシ,6.0,4.0,△石神道,55.0,,8.0,6.0,3東京2,3歳未勝利,4.0,7.0,2東京5,3歳未勝利,3.0,9.0,2東京1,3歳未勝利,7.0,12.0,5東京8,2歳未勝利,5.0,15.0,5東京2,2歳未勝利,25.0,10.0,2026-08-08 00:36:42,jra,2026-08-08,59.62,63.5,71.6,55.0,30.5,70.6,45.0,履歴少 / 人気以上に走る傾向 / 過小評価傾向 / 市場オッズ妙味
202604020505,2026-08-08,5,キタノドンカルロ,2.0,2.0,◇今村,55.0,,4.0,3.0,2福島8,3歳未勝利,4.0,3.0,2福島3,3歳未勝利,3.0,4.0,3東京3,3歳未勝利,3.0,8.0,2東京10,3歳未勝利,6.0,9.0,2東京4,3歳未勝利,7.4,3.0,2026-08-08 00:36:42,jra,2026-08-08,64.82,77.1,54.8,89.7,50.0,63.1,45.0,履歴少 / 安定感
202604020505,2026-08-08,5,クライングナウ,1.0,1.0,菱田,57.0,,10.0,7.0,2新潟2,3歳未勝利,6.0,9.0,2福島3,3歳未勝利,5.0,9.0,2東京2,3歳未勝利,13.0,11.0,1福島1,3歳未勝利,,,,,29.6,11.0,2026-08-08 00:36:42,jra,2026-08-08,43.87,41.8,52.6,19.8,38.0,57.9,45.0,履歴少 / 市場オッズ妙味
202601010505,2026-08-08,5,コジアン,11.0,8.0,横山琉,55.0,,,,,,,,,,,,,,,,,,,,,,21.6,6.0,2026-08-08 00:16:17,jra,2026-08-08,36.0,35.0,35.0,35.0,35.0,35.0,45.0,履歴少
202604020505,2026-08-08,5,コパノミラノ,13.0,7.0,柴田大,57.0,,4.0,7.0,2福島7,3歳未勝利,6.0,6.0,2福島1,3歳未勝利,5.0,10.0,2東京1,3歳未勝利,7.0,8.0,3中山3,3歳未勝利,3.0,11.0,2中山5,3歳未勝利,15.2,7.0,2026-08-08 00:36:42,jra,2026-08-08,64.62,67.8,70.1,60.5,57.5,72.6,45.0,履歴少 / 人気以上に走る傾向 / 安定感 / 過小評価傾向
202601010505,2026-08-08,5,シネファイル,6.0,5.0,斎藤,55.0,,,,,,,,,,,,,,,,,,,,,,15.4,5.0,2026-08-08 00:16:17,jra,2026-08-08,36.0,35.0,35.0,35.0,35.0,35.0,45.0,履歴少
202601010505,2026-08-08,5,シルバーウィル,5.0,5.0,吉田隼,55.0,,,,,,,,,,,,,,,,,,,,,,4.3,3.0,2026-08-08 00:16:17,jra,2026-08-08,36.0,35.0,35.0,35.0,35.0,35.0,45.0,履歴少
202604020505,2026-08-08,5,シンショク,8.0,5.0,武藤,57.0,,10.0,6.0,2福島3,3歳未勝利,8.0,4.0,2福島1,3歳未勝利,10.0,4.0,5中京5,2歳未勝利,4.0,10.0,5東京6,2歳未勝利,6.0,6.0,3福島3,2歳新馬,10.5,6.0,2026-08-08 00:36:42,jra,2026-08-08,37.37,42.3,32.3,14.6,32.0,54.8,45.0,履歴少
202607020505,2026-08-08,5,シンゼンイセ,8.0,8.0,▲森田,52.0,,11.0,12.0,2中京1,3歳未勝利,8.0,16.0,2小倉3,3歳未勝利,3.0,4.0,笠松,赤坂宿特別(3歳),11.0,12.0,2阪神1,3歳未勝利,8.0,16.0,1阪神8,3歳未勝利,110.6,8.0,2026-08-08 00:45:12,jra,2026-08-08,45.82,34.1,73.7,11.5,29.0,65.8,45.0,履歴少 / 人気以上に走る傾向 / 過小評価傾向
202604020505,2026-08-08,5,ジーティーホクサイ,15.0,8.0,杉原,57.0,,11.0,11.0,2新潟4,3歳未勝利,13.0,9.0,2東京11,3歳未勝利,,,,,,,,,,,,,94.5,15.0,2026-08-08 00:36:42,jra,2026-08-08,35.76,25.0,38.6,18.0,52.1,47.0,45.0,履歴少 / サンプル少
202601010505,2026-08-08,5,ジーフォーリア,2.0,2.0,横山武,55.0,,,,,,,,,,,,,,,,,,,,,,2.9,1.0,2026-08-08 00:16:17,jra,2026-08-08,36.0,35.0,35.0,35.0,35.0,35.0,45.0,履歴少
202607020505,2026-08-08,5,ゼンノインヴォーク,5.0,5.0,幸,58.0,,3.0,2.0,2小倉8,不知火特別(2勝クラス),6.0,2.0,2小倉1,八代特別(1勝クラス),2.0,6.0,1福島6,飯盛山特別(1勝クラス),3.0,6.0,1小倉12,唐戸特別(1勝クラス),4.0,4.0,1小倉10,4歳以上1勝クラス,20.0,3.0,2026-08-08 00:45:12,jra,2026-08-08,62.05,78.8,49.5,75.1,54.5,57.6,45.0,履歴少 / 安定感 / 市場オッズ妙味
202604020505,2026-08-08,5,テキサスバローズ,3.0,2.0,▲石田,54.0,,11.0,7.0,2福島8,3歳未勝利,11.0,3.0,4東京2,2歳新馬,,,,,,,,,,,,,34.7,12.0,2026-08-08 00:36:42,jra,2026-08-08,31.38,29.0,23.2,18.0,45.5,39.9,45.0,履歴少 / サンプル少
202604020505,2026-08-08,5,デルマカイモン,10.0,6.0,▲上里,54.0,,10.0,9.0,3東京3,3歳未勝利,9.0,8.0,1福島5,3歳未勝利,5.0,5.0,1福島2,3歳未勝利,4.0,13.0,2中山7,3歳未勝利,11.0,13.0,1東京3,3歳未勝利,22.7,8.0,2026-08-08 00:36:42,jra,2026-08-08,47.31,44.1,56.8,34.3,33.5,62.1,45.0,履歴少 / 市場オッズ妙味
202604020505,2026-08-08,5,パワポケウォーズ,7.0,4.0,▲佐藤,54.0,,4.0,12.0,2新潟2,3歳未勝利,12.0,15.0,2福島5,3歳未勝利,10.0,11.0,3中山5,3歳未勝利,6.0,13.0,3中山2,3歳未勝利,11.0,11.0,1中山6,3歳未勝利,41.4,13.0,2026-08-08 00:36:42,jra,2026-08-08,58.78,42.4,80.8,30.4,84.5,65.8,45.0,履歴少 / 人気以上に走る傾向 / 近走上向き / 過小評価傾向
202601010505,2026-08-08,5,マルカローゼ,10.0,7.0,小沢,55.0,,,,,,,,,,,,,,,,,,,,,,38.4,10.0,2026-08-08 00:16:17,jra,2026-08-08,36.0,35.0,35.0,35.0,35.0,35.0,45.0,履歴少
202601010505,2026-08-08,5,マーヴィン,4.0,4.0,浜中,55.0,,,,,,,,,,,,,,,,,,,,,,8.5,4.0,2026-08-08 00:16:17,jra,2026-08-08,36.0,35.0,35.0,35.0,35.0,35.0,45.0,履歴少
202601010505,2026-08-08,5,ムッチリスタイル,7.0,6.0,岩田望,55.0,,,,,,,,,,,,,,,,,,,,,,3.3,2.0,2026-08-08 00:16:17,jra,2026-08-08,36.0,35.0,35.0,35.0,35.0,35.0,45.0,履歴少
202604020505,2026-08-08,5,ユイノサダハル,4.0,3.0,江田照,57.0,,2.0,6.0,2福島8,3歳未勝利,9.0,6.0,3東京6,3歳未勝利,7.0,3.0,2東京9,3歳未勝利,2.0,4.0,2東京5,3歳未勝利,6.0,4.0,3中山7,3歳未勝利,5.9,2.0,2026-08-08 00:36:42,jra,2026-08-08,56.88,66.8,48.3,45.0,74.0,55.6,45.0,履歴少 / 近走上向き
202607020505,2026-08-08,5,リトルスカーレット,1.0,1.0,▲川端,53.0,,13.0,15.0,2中京2,3歳以上1勝クラス,7.0,11.0,3京都11,4歳以上1勝クラス,13.0,8.0,1福島1,4歳以上1勝クラス,13.0,5.0,1中京1,4歳以上1勝クラス,7.0,13.0,5阪神8,3歳以上1勝クラス,96.8,6.0,2026-08-08 00:45:12,jra,2026-08-08,33.72,20.9,50.5,0.0,32.0,52.9,45.0,履歴少
202607020505,2026-08-08,5,レイクラシック,3.0,3.0,西村淳,53.0,,6.0,12.0,2東京10,優駿牝馬(GI),2.0,2.0,3京都3,矢車賞(1勝クラス),1.0,2.0,1中京3,3歳未勝利,8.0,1.0,1京都6,3歳未勝利,2.0,3.0,5中京3,2歳新馬,1.1,1.0,2026-08-08 00:45:12,jra,2026-08-08,57.64,76.9,57.7,55.0,33.5,51.1,45.0,履歴少
202601010505,2026-08-08,5,レイテスツドリーム,1.0,1.0,▲和田陽,52.0,,,,,,,,,,,,,,,,,,,,,,121.9,12.0,2026-08-08 00:16:17,jra,2026-08-08,36.0,35.0,35.0,35.0,35.0,35.0,45.0,履歴少
202604020505,2026-08-08,5,ロイヤルタイム,9.0,5.0,松岡,57.0,,9.0,9.0,2福島5,3歳未勝利,5.0,12.0,3東京5,3歳未勝利,6.0,9.0,3東京2,3歳未勝利,8.0,10.0,2東京9,3歳未勝利,8.0,4.0,3中山5,3歳未勝利,61.7,14.0,2026-08-08 00:36:42,jra,2026-08-08,50.01,50.7,65.5,24.9,36.5,58.7,45.0,履歴少 / 人気以上に走る傾向
202601010505,2026-08-08,5,ロマノヴェリテ,9.0,7.0,北村友,55.0,,,,,,,,,,,,,,,,,,,,,,27.0,8.0,2026-08-08 00:16:17,jra,2026-08-08,36.0,35.0,35.0,35.0,35.0,35.0,45.0,履歴少
202601010505,2026-08-08,5,ローレルメビウス,8.0,6.0,◇古川奈,53.0,,,,,,,,,,,,,,,,,,,,,,22.3,7.0,2026-08-08 00:16:17,jra,2026-08-08,36.0,35.0,35.0,35.0,35.0,35.0,45.0,履歴少
202607020505,2026-08-08,5,ワンダーデリエール,4.0,4.0,☆田山,52.0,,14.0,8.0,2中京4,3歳未勝利,3.0,8.0,3京都8,3歳未勝利,13.0,9.0,3京都5,3歳未勝利,10.0,2.0,船橋,ベストサドル特別(3歳未格),9.0,7.0,5阪神7,2歳新馬,57.0,5.0,2026-08-08 00:45:12,jra,2026-08-08,31.84,27.8,34.2,24.9,18.5,43.8,45.0,履歴少
202601010506,2026-08-08,6,インテンスゲイズ,1.0,1.0,斎藤,55.0,,11.0,10.0,3中山5,3歳未勝利,11.0,8.0,5中京1,2歳未勝利,7.0,9.0,5東京5,2歳未勝利,6.0,8.0,5東京1,2歳新馬,,,,,20.2,7.0,2026-08-08 00:45:32,jra,2026-08-08,36.94,33.6,47.2,0.0,32.0,56.3,45.0,履歴少 / 市場オッズ妙味
202601010506,2026-08-08,6,インフィオラータ,6.0,3.0,佐々木,55.0,,5.0,1.0,1札幌1,3歳未勝利,3.0,4.0,1函館9,3歳未勝利,4.0,7.0,1函館5,3歳未勝利,7.0,4.0,3京都9,3歳未勝利,7.0,2.0,1小倉11,3歳未勝利,7.5,4.0,2026-08-08 00:45:32,jra,2026-08-08,56.41,69.6,40.7,75.1,51.5,53.4,45.0,履歴少 / 安定感
202601010506,2026-08-08,6,ウィスカーパッド,4.0,2.0,岩田望,55.0,,4.0,3.0,2小倉4,3歳未勝利,3.0,7.0,3阪神2,3歳未勝利,8.0,1.0,1中京4,3歳未勝利,2.0,3.0,1小倉12,3歳未勝利,4.0,2.0,1京都1,3歳新馬,4.4,1.0,2026-08-08 00:45:32,jra,2026-08-08,59.2,74.0,44.7,80.2,51.5,53.1,45.0,履歴少 / 安定感
202601010506,2026-08-08,6,ウインアベリア,5.0,3.0,原田和,55.0,,13.0,14.0,1札幌1,3歳未勝利,14.0,14.0,1函館2,3歳未勝利,15.0,12.0,1小倉2,3歳未勝利,5.0,9.0,3福島6,2歳新馬,,,,,40.9,13.0,2026-08-08 00:45:32,jra,2026-08-08,34.8,12.4,52.3,14.6,40.0,55.1,45.0,履歴少
202601010506,2026-08-08,6,ウインカトリーヌ,12.0,6.0,横山武,55.0,,2.0,2.0,1函館12,3歳未勝利,4.0,10.0,1函館8,3歳未勝利,6.0,6.0,1函館4,3歳未勝利,8.0,3.0,2阪神2,3歳未勝利,2.0,1.0,船橋,ベストビット特別(3歳未格),11.9,6.0,2026-08-08 00:45:32,jra,2026-08-08,61.47,70.7,54.9,61.3,68.0,60.5,45.0,履歴少 / 近走上向き / 安定感
202604020506,2026-08-08,6,ウインベアトリス,1.0,1.0,松岡,56.0,,8.0,7.0,1中山3,初凪賞(2勝クラス),1.0,4.0,5中京4,3歳以上1勝クラス,1.0,3.0,2福島8,3歳未勝利,2.0,1.0,2福島3,3歳未勝利,6.0,5.0,2東京1,3歳未勝利,21.0,5.0,2026-08-08 00:57:42,jra,2026-08-08,56.46,77.7,54.1,59.3,17.0,57.6,45.0,履歴少 / 市場オッズ妙味
202601010506,2026-08-08,6,オズマップ,3.0,2.0,池添,55.0,,11.0,2.0,1阪神8,3歳未勝利,2.0,4.0,2京都1,3歳新馬,,,,,,,,,,,,,23.0,9.0,2026-08-08 00:45:32,jra,2026-08-08,37.36,46.8,29.9,31.7,18.0,47.1,45.0,履歴少 / サンプル少 / 市場オッズ妙味
202607020506,2026-08-08,6,オトコギアンパン,1.0,1.0,吉村,58.0,,9.0,4.0,3京都7,3歳以上2勝クラス,7.0,1.0,4中京1,有松特別(2勝クラス),2.0,3.0,3中京4,納屋橋特別(2勝クラス),4.0,3.0,2京都5,久御山特別(2勝クラス),3.0,2.0,2京都1,4歳以上2勝クラス,8.8,5.0,2026-08-08 01:06:12,jra,2026-08-08,43.63,61.8,28.5,44.7,20.0,51.5,45.0,履歴少
202607020506,2026-08-08,6,オリバナム,11.0,8.0,団野,56.0,,2.0,4.0,2東京8,テレ玉杯(2勝クラス),8.0,3.0,3京都1,4歳以上2勝クラス,7.0,1.0,1京都6,4歳以上2勝クラス,1.0,6.0,3京都10,3歳以上1勝クラス,2.0,5.0,4阪神4,3歳以上1勝クラス,7.4,4.0,2026-08-08 01:06:12,jra,2026-08-08,58.25,73.3,44.5,55.3,65.0,57.9,45.0,履歴少 / 近走上向き
202604020506,2026-08-08,6,カフェアローロ,3.0,3.0,大野,56.0,,6.0,9.0,1東京4,4歳以上2勝クラス,14.0,11.0,1中山7,4歳以上2勝クラス,6.0,8.0,5中山8,ハッピーエンドC(2勝クラス),5.0,12.0,5中京2,犬山特別(2勝クラス),12.0,11.0,4中山9,茨城新聞杯(2勝クラス),64.6,9.0,2026-08-08 00:57:42,jra,2026-08-08,48.84,41.3,60.3,14.6,69.5,58.7,45.0,履歴少 / 近走上向き
202601010506,2026-08-08,6,カリドーラ,15.0,8.0,小沢,55.0,,4.0,8.0,1函館11,3歳未勝利,14.0,8.0,1新潟5,3歳未勝利,11.0,6.0,2東京2,3歳未勝利,13.0,5.0,2中山4,3歳未勝利,4.0,10.0,1東京8,3歳未勝利,22.7,8.0,2026-08-08 00:45:32,jra,2026-08-08,46.02,35.5,37.3,40.7,89.0,50.5,45.0,履歴少 / 近走上向き / 市場オッズ妙味
202604020506,2026-08-08,6,キスアンドクライ,5.0,5.0,坂井,56.0,,1.0,4.0,1中京5,4歳以上1勝クラス,5.0,2.0,1中山6,菜の花賞(1勝クラス),1.0,8.0,6京都6,2歳未勝利,6.0,3.0,4東京7,2歳新馬,,,,,13.6,3.0,2026-08-08 00:57:42,jra,2026-08-08,68.45,84.6,58.7,75.1,68.0,64.4,45.0,履歴少 / 近走上向き / 安定感 / 市場オッズ妙味
202607020506,2026-08-08,6,クイックバイオ,10.0,8.0,田口,56.0,,2.0,6.0,1阪神10,皆生特別(2勝クラス),6.0,12.0,1京都1,4歳以上2勝クラス,11.0,8.0,5阪神8,フォーチュンC(2勝クラス),7.0,11.0,5阪神2,3歳以上2勝クラス,5.0,9.0,3京都3,宇治川特別(2勝クラス),15.7,8.0,2026-08-08 01:06:12,jra,2026-08-08,63.92,61.5,71.8,40.7,81.5,73.6,45.0,履歴少 / 人気以上に走る傾向 / 近走上向き / 過小評価傾向
202604020506,2026-08-08,6,クライスレリアーナ,2.0,2.0,戸崎圭,56.0,,4.0,1.0,2東京11,葉山特別(2勝クラス),3.0,1.0,2中山6,4歳以上2勝クラス,1.0,1.0,1中山4,4歳以上1勝クラス,2.0,1.0,4東京7,3歳以上1勝クラス,2.0,2.0,2新潟7,中郷特別(1勝クラス),2.9,2.0,2026-08-08 00:57:42,jra,2026-08-08,61.82,86.7,39.1,100.0,38.0,50.6,45.0,履歴少 / 安定感
202601010506,2026-08-08,6,グレイスルーラー,14.0,7.0,▲小林美,52.0,,11.0,8.0,2福島8,3歳未勝利,3.0,8.0,2福島1,3歳未勝利,13.0,5.0,3中山7,3歳未勝利,7.0,10.0,3中山4,3歳未勝利,6.0,17.0,1中山9,3歳新馬,39.4,12.0,2026-08-08 00:45:32,jra,2026-08-08,43.21,41.6,52.3,24.9,27.5,58.7,45.0,履歴少
202607020506,2026-08-08,6,ケイテンアイジン,9.0,7.0,幸,58.0,,2.0,1.0,佐賀,JRA交流霧島賞(重賞),12.0,12.0,1新潟7,障害4歳以上OP,9.0,6.0,3京都1,障害4歳以上OP,1.0,7.0,2阪神2,障害4歳以上未勝利,8.0,8.0,1小倉9,障害4歳以上未勝利,27.4,10.0,2026-08-08 01:06:12,jra,2026-08-08,51.74,46.6,50.7,33.4,83.0,57.6,45.0,履歴少 / 近走上向き / 市場オッズ妙味
202601010506,2026-08-08,6,ゴコウコイコイ,11.0,6.0,松山,55.0,,2.0,4.0,1札幌2,3歳未勝利,8.0,6.0,1函館8,3歳未勝利,3.0,11.0,1函館3,3歳未勝利,8.0,9.0,1新潟7,3歳未勝利,7.0,2.0,1福島5,3歳未勝利,4.9,2.0,2026-08-08 00:45:32,jra,2026-08-08,61.13,67.3,59.2,50.2,77.0,59.4,45.0,履歴少 / 近走上向き
202607020506,2026-08-08,6,サクラオーラ,5.0,5.0,酒井,56.0,,5.0,8.0,3京都1,4歳以上2勝クラス,5.0,3.0,2阪神6,4歳以上2勝クラス,7.0,5.0,1中京5,フィリピンT(2勝クラス),3.0,5.0,2京都2,4歳以上2勝クラス,8.0,6.0,5中京2,志摩特別(2勝クラス),19.9,9.0,2026-08-08 01:06:12,jra,2026-08-08,58.59,64.7,50.7,69.9,54.5,63.3,45.0,履歴少 / 安定感 / 市場オッズ妙味
202607020506,2026-08-08,6,ショウナンバルドル,3.0,3.0,田山,58.0,,7.0,2.0,3阪神5,舞子特別(2勝クラス),2.0,2.0,3京都10,聖護院特別(2勝クラス),2.0,7.0,3京都1,4歳以上2勝クラス,5.0,7.0,1阪神5,4歳以上2勝クラス,9.0,3.0,5阪神7,3歳以上2勝クラス,5.4,3.0,2026-08-08 01:06:12,jra,2026-08-08,53.76,70.6,44.0,59.3,35.0,54.6,45.0,履歴少
202604020506,2026-08-08,6,ジャンビ,4.0,4.0,菊沢,56.0,,15.0,9.0,1新潟6,信濃川特別(2勝クラス),11.0,11.0,3中山8,野島崎特別(2勝クラス),6.0,9.0,2中山5,房総特別(2勝クラス),8.0,6.0,5東京8,オリエンタル賞(2勝クラス),1.0,11.0,4新潟2,松浜特別(1勝クラス),28.7,7.0,2026-08-08 00:57:42,jra,2026-08-08,34.66,33.6,46.6,10.3,0.0,59.5,45.0,履歴少 / 市場オッズ妙味
202601010506,2026-08-08,6,ジョブックボー,7.0,4.0,☆長浜,54.0,,4.0,12.0,2福島5,3歳未勝利,8.0,11.0,2中山8,3歳未勝利,,,,,,,,,,,,,10.7,5.0,2026-08-08 00:45:32,jra,2026-08-08,55.84,51.9,67.6,34.7,58.7,67.0,45.0,履歴少 / サンプル少 / 人気以上に走る傾向 / 過小評価傾向
202601010506,2026-08-08,6,スウィーティーベル,16.0,8.0,浜中,55.0,,6.0,4.0,3京都9,3歳未勝利,4.0,6.0,3京都1,3歳未勝利,5.0,10.0,2阪神4,3歳未勝利,9.0,9.0,1中京3,3歳未勝利,8.0,12.0,5阪神6,2歳未勝利,23.1,10.0,2026-08-08 00:45:32,jra,2026-08-08,56.01,60.4,59.0,44.7,53.0,62.1,45.0,履歴少 / 市場オッズ妙味
202607020506,2026-08-08,6,スナークピカソ,7.0,6.0,西村淳,58.0,,7.0,7.0,2東京11,葉山特別(2勝クラス),5.0,4.0,3京都5,久御山特別(2勝クラス),1.0,4.0,1中京1,4歳以上1勝クラス,7.0,3.0,1小倉10,高千穂特別(1勝クラス),5.0,3.0,5中京4,3歳以上1勝クラス,14.8,7.0,2026-08-08 01:06:12,jra,2026-08-08,53.59,67.1,46.9,55.0,35.0,58.9,45.0,履歴少 / 市場オッズ妙味
202601010506,2026-08-08,6,ダンツアラーム,10.0,5.0,▲和田陽,52.0,,6.0,6.0,1札幌1,3歳未勝利,8.0,5.0,1函館10,3歳未勝利,8.0,12.0,1函館5,3歳未勝利,5.0,8.0,1函館2,3歳未勝利,9.0,8.0,3京都9,3歳未勝利,47.5,14.0,2026-08-08 00:45:32,jra,2026-08-08,48.16,51.5,52.6,14.6,59.0,55.5,45.0,履歴少
202607020506,2026-08-08,6,テイエムアイラン,4.0,4.0,富田,53.0,,1.0,8.0,3京都9,メルボルンT(1勝クラス),1.0,6.0,1阪神9,3歳未勝利,6.0,2.0,2京都3,3歳未勝利,2.0,2.0,5中京5,2歳未勝利,3.0,7.0,5中京2,2歳未勝利,4.0,1.0,2026-08-08 01:06:12,jra,2026-08-08,72.52,89.3,71.0,80.2,62.0,63.7,45.0,履歴少 / 人気以上に走る傾向 / 安定感
202604020506,2026-08-08,6,ドリームクルーズ,9.0,8.0,吉田豊,56.0,,14.0,12.0,2新潟1,豊栄特別(2勝クラス),8.0,5.0,2東京10,国分寺特別(2勝クラス),15.0,8.0,1新潟1,胎内川特別(2勝クラス),9.0,7.0,4東京9,山中湖特別(2勝クラス),8.0,5.0,4東京1,八ヶ岳特別(2勝クラス),24.1,6.0,2026-08-08 00:57:42,jra,2026-08-08,26.16,20.8,26.6,0.0,26.0,45.2,45.0,履歴少 / 市場オッズ妙味
202607020506,2026-08-08,6,バガン,2.0,2.0,丸山,58.0,,6.0,6.0,2東京10,国分寺特別(2勝クラス),9.0,10.0,1新潟1,胎内川特別(2勝クラス),3.0,8.0,2阪神6,4歳以上2勝クラス,5.0,7.0,2京都6,春日特別(2勝クラス),5.0,6.0,2京都2,4歳以上2勝クラス,52.1,11.0,2026-08-08 01:06:12,jra,2026-08-08,55.56,60.8,61.4,44.7,47.0,59.4,45.0,履歴少
202604020506,2026-08-08,6,ビッグデイメイク,7.0,7.0,柴田大,56.0,,7.0,12.0,2福島8,猪苗代特別(2勝クラス),9.0,12.0,2福島4,白河特別(2勝クラス),8.0,9.0,3阪神4,逆瀬川特別(2勝クラス),11.0,11.0,2東京11,葉山特別(2勝クラス),9.0,9.0,1阪神5,千里山特別(2勝クラス),98.7,10.0,2026-08-08 00:57:42,jra,2026-08-08,47.8,40.1,67.3,0.0,63.5,59.4,45.0,履歴少 / 人気以上に走る傾向
202607020506,2026-08-08,6,ビップディラン,8.0,7.0,松若,58.0,,1.0,4.0,3京都11,4歳以上1勝クラス,3.0,6.0,3京都7,4歳以上1勝クラス,,,1中京6,4歳以上1勝クラス,10.0,4.0,3京都10,3歳以上1勝クラス,2.0,1.0,3中京7,3歳以上1勝クラス,4.0,2.0,2026-08-08 01:06:12,jra,2026-08-08,65.05,80.9,55.9,65.7,74.0,55.1,45.0,履歴少 / 近走上向き / 安定感
202601010506,2026-08-08,6,プリュイドール,8.0,4.0,☆舟山,54.0,,6.0,7.0,1函館12,3歳未勝利,3.0,7.0,1函館10,3歳未勝利,13.0,6.0,3阪神2,3歳未勝利,8.0,5.0,3京都10,3歳未勝利,8.0,7.0,2京都2,3歳未勝利,5.2,3.0,2026-08-08 00:45:32,jra,2026-08-08,47.58,50.9,45.6,24.9,62.0,53.1,45.0,履歴少
202601010506,2026-08-08,6,ポリメトリック,2.0,1.0,松本,55.0,,6.0,10.0,1中京3,3歳未勝利,7.0,4.0,1小倉2,3歳新馬,,,,,,,,,,,,,30.0,11.0,2026-08-08 00:45:32,jra,2026-08-08,45.54,49.0,48.8,18.0,48.8,54.3,45.0,履歴少 / サンプル少 / 市場オッズ妙味
202607020506,2026-08-08,6,マイネルフォルツァ,6.0,6.0,コレット,58.0,,6.0,3.0,2福島4,白河特別(2勝クラス),7.0,7.0,2東京8,テレ玉杯(2勝クラス),6.0,8.0,2東京1,石和特別(2勝クラス),9.0,8.0,3中山4,4歳以上2勝クラス,8.0,13.0,1中山7,4歳以上2勝クラス,11.7,6.0,2026-08-08 01:06:12,jra,2026-08-08,46.87,52.9,49.0,0.0,59.0,62.4,45.0,履歴少
202601010506,2026-08-08,6,マリノリュミエール,9.0,5.0,★河原田,51.0,,6.0,10.0,1札幌3,3歳未勝利,9.0,4.0,1函館12,3歳未勝利,7.0,10.0,1新潟7,3歳未勝利,3.0,14.0,1新潟1,3歳未勝利,13.0,14.0,5中山5,2歳未勝利,61.7,16.0,2026-08-08 00:45:32,jra,2026-08-08,52.31,50.2,65.9,14.6,62.0,62.6,45.0,履歴少 / 人気以上に走る傾向
202604020506,2026-08-08,6,ミラーダカリエンテ,6.0,6.0,石川,56.0,,8.0,7.0,3中山4,4歳以上2勝クラス,15.0,8.0,1小倉5,RKB賞(2勝クラス),6.0,9.0,1中山8,東雲賞(2勝クラス),7.0,7.0,5東京8,オリエンタル賞(2勝クラス),11.0,7.0,4東京1,八ヶ岳特別(2勝クラス),39.9,8.0,2026-08-08 00:57:42,jra,2026-08-08,37.45,34.9,36.9,0.0,60.5,50.5,45.0,履歴少 / 市場オッズ妙味
202604020506,2026-08-08,6,メランジェ,10.0,8.0,原,56.0,,8.0,13.0,2新潟1,豊栄特別(2勝クラス),10.0,6.0,3東京5,相模湖特別(2勝クラス),1.0,3.0,1新潟2,4歳以上1勝クラス,7.0,10.0,1東京5,4歳以上1勝クラス,5.0,3.0,1中山8,4歳以上1勝クラス,16.8,4.0,2026-08-08 00:57:42,jra,2026-08-08,50.79,54.7,58.0,30.1,36.5,64.6,45.0,履歴少 / 市場オッズ妙味
202604020506,2026-08-08,6,ラベルセーヌ,8.0,7.0,荻野極,53.0,,1.0,1.0,3東京6,3歳以上1勝クラス,5.0,2.0,2東京2,サンスポ賞フローラS(GII),1.0,8.0,2中山4,3歳未勝利,,,,,,,,,1.6,1.0,2026-08-08 00:57:42,jra,2026-08-08,67.28,89.4,55.9,75.1,62.0,56.3,45.0,履歴少 / 安定感
202601010506,2026-08-08,6,ラングロワブリッジ,13.0,7.0,吉田隼,55.0,,12.0,7.0,2福島1,3歳未勝利,13.0,8.0,2中山6,3歳未勝利,,,,,,,,,,,,,52.4,15.0,2026-08-08 00:45:32,jra,2026-08-08,30.98,22.6,26.2,18.0,48.8,41.6,45.0,履歴少 / サンプル少
202604020507,2026-08-08,7,アンリーロード,14.0,7.0,武藤,51.0,,5.0,9.0,3京都10,都大路S(L),10.0,16.0,1福島4,福島牝馬S(GIII),11.0,16.0,2中山3,中山牝馬S(GIII),12.0,16.0,1小倉1,小倉牝馬S(GIII),16.0,15.0,3福島5,福島記念(GIII),19.2,11.0,2026-08-08 00:33:02,jra,2026-08-08,58.32,33.3,79.3,30.4,93.5,75.7,45.0,履歴少 / 人気以上に走る傾向 / 近走上向き / 過小評価傾向
202607020507,2026-08-08,7,インザモーメント,4.0,4.0,田山,58.0,,6.0,13.0,2小倉8,宮崎S(3勝クラス),9.0,5.0,1京都1,寿S(3勝クラス),14.0,6.0,4京都5,比叡S(3勝クラス),7.0,5.0,2京都11,桃山S(3勝クラス),9.0,2.0,2京都2,センテニアルパークS(3勝クラス),36.7,7.0,2026-08-08 00:41:32,jra,2026-08-08,40.13,38.5,39.7,0.0,72.5,47.2,45.0,履歴少 / 近走上向き / 市場オッズ妙味
202604020507,2026-08-08,7,エストゥペンダ,4.0,2.0,荻野極,54.0,,8.0,4.0,3東京6,府中牝馬S(GIII),1.0,1.0,1新潟6,弥彦S(3勝クラス),5.0,1.0,2中山8,スピカS(3勝クラス),1.0,1.0,5東京1,3歳以上2勝クラス,5.0,3.0,4中山2,紫苑S(GII),4.1,1.0,2026-08-08 00:33:02,jra,2026-08-08,51.0,73.3,34.5,69.6,20.0,49.5,45.0,履歴少 / 安定感
202601010507,2026-08-08,7,カップッチョ,8.0,6.0,黛,58.0,,7.0,8.0,1函館8,3歳以上1勝クラス,10.0,12.0,1函館3,3歳以上1勝クラス,12.0,14.0,1小倉8,4歳以上1勝クラス,6.0,13.0,1小倉2,4歳以上1勝クラス,9.0,14.0,5中京6,3歳以上1勝クラス,31.7,11.0,2026-08-08 00:17:02,jra,2026-08-08,48.68,37.6,69.1,0.0,63.5,67.3,45.0,履歴少 / 人気以上に走る傾向 / 過小評価傾向 / 市場オッズ妙味
202607020507,2026-08-08,7,クァンタムウェーブ,6.0,6.0,コレット,58.0,,14.0,3.0,2東京12,ARF杯薫風S(3勝クラス),4.0,1.0,5阪神7,摩耶S(3勝クラス),13.0,5.0,4京都4,天橋立S(3勝クラス),2.0,1.0,船橋,ブルーバードC(JpnIII),1.0,1.0,6京都2,もちの木賞(1勝クラス),6.1,2.0,2026-08-08 00:41:32,jra,2026-08-08,28.87,38.4,9.7,44.3,0.0,42.7,45.0,履歴少
202601010507,2026-08-08,7,グランセレスト,3.0,3.0,川又,56.0,,10.0,7.0,1札幌4,3歳以上1勝クラス,4.0,3.0,1函館11,3歳以上1勝クラス,7.0,6.0,2東京2,3歳1勝クラス,5.0,4.0,3中山5,山藤賞(1勝クラス),4.0,6.0,1中山1,ジュニアC(L),21.7,10.0,2026-08-08 00:17:02,jra,2026-08-08,45.76,55.5,40.9,49.8,20.0,53.7,45.0,履歴少 / 市場オッズ妙味
202601010507,2026-08-08,7,グレイトソン,10.0,7.0,▲和田陽,53.0,,3.0,3.0,1函館12,3歳以上1勝クラス,1.0,1.0,1函館8,3歳未勝利,3.0,1.0,1函館4,3歳未勝利,2.0,1.0,3京都3,3歳未勝利,2.0,3.0,2阪神7,3歳未勝利,5.0,2.0,2026-08-08 00:17:02,jra,2026-08-08,66.02,90.0,46.9,100.0,44.0,55.5,45.0,履歴少 / 安定感
202604020507,2026-08-08,7,コスモブッドレア,16.0,8.0,石橋脩,54.0,,11.0,10.0,1小倉6,小倉日経賞(OP),14.0,10.0,5中山6,ディセンバーS(L),14.0,14.0,4京都3,アンドロメダS(L),13.0,2.0,1福島2,福島民報杯(L),9.0,5.0,1小倉10,小倉大賞典(GIII),70.7,16.0,2026-08-08 00:33:02,jra,2026-08-08,26.58,10.4,26.8,0.0,59.0,40.5,45.0,履歴少
202604020507,2026-08-08,7,ゴンバデカーブース,11.0,6.0,三浦,55.0,,9.0,7.0,3京都10,都大路S(L),7.0,9.0,1中山5,ニューイヤーS(L),13.0,9.0,5中山6,ディセンバーS(L),10.0,2.0,7京都3,リゲルS(L),10.0,5.0,4東京5,富士S(GII),13.4,7.0,2026-08-08 00:33:02,jra,2026-08-08,34.75,31.7,31.9,0.0,56.0,50.0,45.0,履歴少 / 市場オッズ妙味
202604020507,2026-08-08,7,ゴートゥファースト,13.0,7.0,坂井,56.0,,16.0,11.0,2東京11,アハルテケS(OP),6.0,9.0,2京都5,洛陽S(L),6.0,8.0,5阪神3,リゲルS(L),11.0,9.0,パリロンシャン,ムーランドロンシャン(GI),5.0,9.0,ドーヴィル,ジャック・ル・マロワ(GI),32.9,14.0,2026-08-08 00:33:02,jra,2026-08-08,35.27,36.8,48.2,10.3,0.0,54.8,45.0,履歴少
202601010507,2026-08-08,7,シェーンルスカ,1.0,1.0,▲遠藤,53.0,,9.0,9.0,1札幌3,3歳以上1勝クラス,13.0,14.0,1函館11,3歳以上1勝クラス,15.0,15.0,1福島2,4歳以上1勝クラス,14.0,14.0,5中京3,3歳以上1勝クラス,1.0,2.0,名古屋,C13組,172.2,12.0,2026-08-08 00:17:02,jra,2026-08-08,37.13,16.6,52.1,4.7,60.5,54.8,45.0,履歴少
202604020507,2026-08-08,7,シンハナーダ,15.0,8.0,菱田,56.0,,14.0,4.0,1新潟5,新潟大賞典(GIII),7.0,5.0,1東京1,白富士S(L),4.0,2.0,5中京3,中日新聞杯(GIII),1.0,2.0,4新潟3,魚沼S(3勝クラス),5.0,3.0,3東京4,江の島S(3勝クラス),10.6,5.0,2026-08-08 00:33:02,jra,2026-08-08,36.08,49.6,22.0,44.7,0.0,50.3,45.0,履歴少
202607020507,2026-08-08,7,シンビリーブ,3.0,3.0,川田,58.0,,2.0,2.0,2小倉1,薩摩S(3勝クラス),6.0,1.0,2阪神6,梅田S(3勝クラス),4.0,1.0,2中山3,上総S(3勝クラス),3.0,2.0,1京都8,下鴨S(3勝クラス),3.0,4.0,5阪神7,摩耶S(3勝クラス),6.6,3.0,2026-08-08 00:41:32,jra,2026-08-08,59.27,78.9,36.8,75.1,62.0,52.8,45.0,履歴少 / 安定感
202604020507,2026-08-08,7,ジュンブロッサム,9.0,5.0,石川,58.0,,9.0,7.0,2東京5,エプソムC(GIII),11.0,12.0,3中山3,ダービー卿チャレンジ(GIII),7.0,1.0,5東京7,キャピタルS(L),4.0,9.0,4東京6,富士S(GII),11.0,6.0,3東京2,安田記念(GI),19.1,10.0,2026-08-08 00:33:02,jra,2026-08-08,40.82,39.4,40.7,14.6,45.5,59.4,45.0,履歴少 / 市場オッズ妙味
202601010507,2026-08-08,7,ステラノヴァ,9.0,7.0,☆舟山,57.0,,6.0,7.0,1函館1,3歳以上1勝クラス,16.0,11.0,1中京3,4歳以上1勝クラス,1.0,1.0,姫路,ロウバイ賞B2一,2.0,2.0,園田,シンビジウム賞B2,2.0,1.0,園田,B2二,17.8,9.0,2026-08-08 00:17:02,jra,2026-08-08,41.92,38.4,43.0,22.6,42.8,60.8,45.0,地方実績を中央換算 / 履歴少 / 市場オッズ妙味
202601010507,2026-08-08,7,セイルロケット,11.0,8.0,◇古川奈,56.0,,10.0,10.0,1函館5,3歳以上1勝クラス,8.0,7.0,1函館3,3歳以上1勝クラス,16.0,12.0,1阪神5,4歳以上1勝クラス,11.0,4.0,1小倉2,4歳以上1勝クラス,1.0,1.0,門別,グランシャリオドリー(C2),7.3,4.0,2026-08-08 00:17:02,jra,2026-08-08,33.54,27.0,35.6,4.7,44.0,50.7,45.0,履歴少
202604020507,2026-08-08,7,セントメモリーズ,10.0,5.0,石神道,51.0,,13.0,16.0,3東京6,府中牝馬S(GIII),14.0,13.0,2阪神3,ポラリスS(OP),17.0,12.0,5東京4,オーロC(L),14.0,6.0,2中京4,愛知杯(GIII),15.0,7.0,1京都2,シルクロードS(GIII),50.6,15.0,2026-08-08 00:33:02,jra,2026-08-08,26.15,1.2,33.8,0.0,62.0,41.2,45.0,履歴少
202607020507,2026-08-08,7,タガノマカシヤ,1.0,1.0,団野,58.0,,5.0,1.0,3京都7,上賀茂S(3勝クラス),2.0,1.0,3京都1,観月橋S(3勝クラス),2.0,1.0,1阪神4,伊丹S(3勝クラス),7.0,5.0,1京都5,雅S(3勝クラス),1.0,1.0,3京都8,北國新聞杯(2勝クラス),9.1,4.0,2026-08-08 00:41:32,jra,2026-08-08,57.93,79.7,36.3,85.4,38.0,54.2,45.0,履歴少 / 安定感
202601010507,2026-08-08,7,テーオーナタリー,7.0,6.0,★河原田,50.0,,2.0,2.0,1札幌3,3歳以上1勝クラス,6.0,5.0,1函館9,3歳以上1勝クラス,8.0,3.0,1函館5,3歳以上1勝クラス,9.0,1.0,1函館2,3歳以上1勝クラス,4.0,12.0,3京都9,3歳1勝クラス,7.3,3.0,2026-08-08 00:17:02,jra,2026-08-08,53.92,64.7,39.0,40.7,78.5,54.6,45.0,履歴少 / 近走上向き
202604020507,2026-08-08,7,ディマイザキッド,8.0,4.0,菊沢,56.0,,13.0,2.0,3東京3,ジューンS(OP),7.0,10.0,1中京2,東海テレビ杯金鯱賞(GII),6.0,4.0,1中山9,アメリカジョッキーC(GII),3.0,3.0,5東京2,アルゼンチン共和国杯(GII),4.0,7.0,4東京2,毎日王冠(GII),12.8,6.0,2026-08-08 00:33:02,jra,2026-08-08,36.03,46.1,31.2,24.9,2.0,56.3,45.0,履歴少 / 市場オッズ妙味
202604020507,2026-08-08,7,ドラゴンヘッド,12.0,6.0,丸田,52.0,,13.0,9.0,2福島7,阿武隈S(3勝クラス),4.0,14.0,1新潟6,弥彦S(3勝クラス),9.0,13.0,1小倉12,関門橋S(3勝クラス),10.0,8.0,1小倉6,小倉日経賞(OP),6.0,9.0,1小倉2,壇之浦S(3勝クラス),16.3,9.0,2026-08-08 00:33:02,jra,2026-08-08,45.33,37.6,64.6,24.9,15.5,71.1,45.0,履歴少 / 過小評価傾向 / 市場オッズ妙味
202604020507,2026-08-08,7,ミアネーロ,6.0,3.0,大野,55.0,,3.0,14.0,3東京6,府中牝馬S(GIII),15.0,11.0,2中山4,総武S(OP),4.0,4.0,4新潟2,新潟牝馬S(L),11.0,6.0,3東京6,府中牝馬S(GIII),,,2東京8,ヴィクトリアマイル(GI),9.7,4.0,2026-08-08 00:33:02,jra,2026-08-08,58.74,48.5,62.6,50.2,92.0,61.3,45.0,履歴少 / 近走上向き
202607020507,2026-08-08,7,メイショウコガシラ,2.0,2.0,太宰,58.0,,7.0,15.0,2小倉1,薩摩S(3勝クラス),7.0,7.0,1新潟1,障害4歳以上未勝利,8.0,4.0,1阪神8,障害4歳以上未勝利,5.0,6.0,1小倉10,障害4歳以上未勝利,6.0,6.0,1京都4,障害4歳以上未勝利,45.7,8.0,2026-08-08 00:41:32,jra,2026-08-08,50.23,53.6,62.5,14.6,47.0,59.5,45.0,履歴少 / 市場オッズ妙味
202607020507,2026-08-08,7,メイショウシナノ,8.0,8.0,田口,58.0,,4.0,9.0,2小倉8,宮崎S(3勝クラス),9.0,11.0,3阪神6,姫路S(3勝クラス),7.0,12.0,3京都7,上賀茂S(3勝クラス),4.0,6.0,1阪神8,甲南S(3勝クラス),3.0,5.0,1小倉9,小倉城S(3勝クラス),21.3,5.0,2026-08-08 00:41:32,jra,2026-08-08,63.02,62.1,74.5,55.3,60.5,66.7,45.0,履歴少 / 人気以上に走る傾向 / 過小評価傾向 / 市場オッズ妙味
202604020507,2026-08-08,7,ヤマニンサンパ,2.0,1.0,亀田,56.5,,7.0,11.0,3東京3,ジューンS(OP),4.0,10.0,1阪神6,大阪城S(L),15.0,12.0,1京都1,スポニチ賞京都金杯(GIII),1.0,7.0,4阪神9,ポートアイランドS(L),5.0,5.0,2新潟5,関越S(OP),29.5,12.0,2026-08-08 00:33:02,jra,2026-08-08,57.43,56.4,71.0,49.8,45.5,62.0,45.0,履歴少 / 人気以上に走る傾向
202607020507,2026-08-08,7,ユウトザユウト,5.0,5.0,松若,58.0,,12.0,5.0,2中京2,遠州灘特別(2勝クラス),7.0,2.0,2阪神6,川西特別(2勝クラス),2.0,4.0,2阪神1,4歳以上2勝クラス,12.0,2.0,2中山1,4歳以上2勝クラス,5.0,2.0,4京都4,3歳以上2勝クラス,23.7,6.0,2026-08-08 00:41:32,jra,2026-08-08,32.16,43.6,16.8,30.1,17.0,41.3,45.0,履歴少 / 市場オッズ妙味
202601010507,2026-08-08,7,ヨドノゴールド,5.0,5.0,岩田康,58.0,,6.0,11.0,2小倉8,3歳以上1勝クラス,5.0,6.0,2小倉2,3歳以上1勝クラス,9.0,5.0,1新潟4,4歳以上1勝クラス,11.0,1.0,1福島6,4歳以上1勝クラス,3.0,5.0,1小倉2,4歳以上1勝クラス,7.6,5.0,2026-08-08 00:17:02,jra,2026-08-08,49.74,53.9,48.1,35.3,56.0,54.7,45.0,履歴少
202604020507,2026-08-08,7,ラインベック,5.0,3.0,杉原,56.0,,12.0,15.0,1新潟5,新潟大賞典(GIII),8.0,12.0,1福島2,福島民報杯(L),9.0,11.0,3京都11,まほろばS(L),5.0,10.0,4阪神9,ポートアイランドS(L),2.0,11.0,2新潟5,関越S(OP),29.8,13.0,2026-08-08 00:33:02,jra,2026-08-08,48.94,41.2,77.7,24.9,14.0,68.5,45.0,履歴少 / 人気以上に走る傾向 / 過小評価傾向
202601010507,2026-08-08,7,ランドスター,6.0,5.0,▲小林美,53.0,,2.0,5.0,1札幌2,3歳以上1勝クラス,13.0,3.0,2福島4,3歳以上1勝クラス,13.0,12.0,1東京1,クロッカスS(L),8.0,5.0,5中京5,報知杯クリスマスRS(OP),4.0,2.0,3福島4,福島2歳S(OP),4.9,1.0,2026-08-08 00:17:02,jra,2026-08-08,47.81,44.0,33.0,40.7,95.0,48.3,45.0,履歴少 / 近走上向き
202601010507,2026-08-08,7,ランプローグ,12.0,8.0,☆長浜,53.0,,11.0,10.0,1札幌1,3歳以上1勝クラス,7.0,3.0,1函館11,3歳以上1勝クラス,8.0,13.0,2中山5,アネモネS(L),6.0,9.0,1東京5,3歳1勝クラス,5.0,8.0,3福島4,福島2歳S(OP),13.5,8.0,2026-08-08 00:17:02,jra,2026-08-08,42.8,43.5,53.0,10.3,23.0,67.1,45.0,履歴少 / 過小評価傾向 / 市場オッズ妙味
202604020507,2026-08-08,7,レイニング,1.0,1.0,戸崎圭,56.0,,1.0,2.0,2東京12,IFHA杯むらさき賞(3勝クラス),11.0,2.0,3京都2,センテニアルパークS(3勝クラス),2.0,2.0,1東京8,JCベストレース記念(3勝クラス),1.0,2.0,5東京8,オリエンタル賞(2勝クラス),1.0,2.0,4東京8,3歳以上1勝クラス,5.9,2.0,2026-08-08 00:33:02,jra,2026-08-08,60.14,78.5,38.2,75.1,66.5,53.7,45.0,履歴少 / 近走上向き / 安定感
202604020507,2026-08-08,7,レガーロデルシエロ,7.0,4.0,津村,56.0,,4.0,4.0,3東京3,ジューンS(OP),3.0,10.0,2東京5,エプソムC(GIII),3.0,8.0,2中山6,東風S(L),9.0,10.0,1中山4,ポルックスS(OP),6.0,3.0,4東京10,ペルセウスS(OP),7.2,3.0,2026-08-08 00:33:02,jra,2026-08-08,65.99,72.1,68.0,75.1,57.5,64.9,45.0,履歴少 / 人気以上に走る傾向 / 安定感
202601010507,2026-08-08,7,ロードヴァルカン,4.0,4.0,岩田望,58.0,,3.0,3.0,1札幌2,3歳以上1勝クラス,8.0,1.0,2阪神7,4歳以上1勝クラス,4.0,1.0,1阪神9,4歳以上1勝クラス,2.0,1.0,1京都9,4歳以上1勝クラス,2.0,1.0,1京都1,4歳以上1勝クラス,8.9,7.0,2026-08-08 00:17:02,jra,2026-08-08,55.94,74.4,31.9,75.1,56.0,51.5,45.0,履歴少 / 安定感
202607020507,2026-08-08,7,ロードヴォイジャー,7.0,7.0,西村淳,58.0,,3.0,4.0,3京都11,桃山S(3勝クラス),1.0,2.0,3京都5,4歳以上2勝クラス,1.0,4.0,2京都6,4歳以上1勝クラス,2.0,1.0,1小倉1,4歳以上1勝クラス,2.0,4.0,3福島5,3歳以上1勝クラス,1.4,1.0,2026-08-08 00:41:32,jra,2026-08-08,69.27,93.1,58.4,100.0,41.0,55.3,45.0,履歴少 / 安定感
202601010507,2026-08-08,7,ワイドデコラシオン,2.0,2.0,横山武,58.0,,2.0,2.0,1函館12,3歳以上1勝クラス,2.0,2.0,1函館9,3歳以上1勝クラス,6.0,6.0,1新潟4,4歳以上1勝クラス,9.0,9.0,2阪神5,4歳以上1勝クラス,1.0,1.0,笠松,細久手宿特別(3歳),8.1,6.0,2026-08-08 00:17:02,jra,2026-08-08,60.62,74.0,50.0,61.3,65.0,58.9,45.0,履歴少 / 近走上向き / 安定感
202604020507,2026-08-08,7,ヴォンフレ,3.0,2.0,江田照,50.0,,6.0,7.0,2福島7,阿武隈S(3勝クラス),1.0,8.0,2東京7,調布特別(2勝クラス),7.0,12.0,1新潟1,胎内川特別(2勝クラス),9.0,9.0,2中山8,4歳以上2勝クラス,3.0,8.0,1中山7,4歳以上2勝クラス,16.2,8.0,2026-08-08 00:33:02,jra,2026-08-08,61.43,67.4,74.9,35.3,44.0,75.7,45.0,履歴少 / 人気以上に走る傾向 / 過小評価傾向 / 市場オッズ妙味
202601010508,2026-08-08,8,アンジュラフィーユ,12.0,6.0,佐々木,55.0,,5.0,2.0,1札幌2,3歳未勝利,6.0,6.0,3京都5,3歳未勝利,8.0,2.0,3京都2,3歳未勝利,3.0,4.0,1中京6,3歳未勝利,6.0,5.0,1京都5,3歳未勝利,21.0,8.0,2026-08-08 00:46:17,jra,2026-08-08,49.63,62.8,35.6,45.0,54.5,50.5,45.0,履歴少 / 市場オッズ妙味
202604020508,2026-08-08,8,アンムート,7.0,7.0,坂井,55.0,,1.0,1.0,2福島1,2歳新馬,,,,,,,,,,,,,,,,,4.1,3.0,2026-08-08 00:08:57,jra,2026-08-08,43.64,51.6,40.6,36.3,40.6,40.6,45.0,履歴少 / サンプル少
202601010508,2026-08-08,8,ウインドオルフェ,11.0,6.0,黛,55.0,,14.0,15.0,3京都12,3歳未勝利,10.0,11.0,1中京5,3歳未勝利,,,,,,,,,,,,,22.3,9.0,2026-08-08 00:46:17,jra,2026-08-08,37.09,24.9,49.4,18.0,32.3,55.2,45.0,履歴少 / サンプル少 / 市場オッズ妙味
202604020508,2026-08-08,8,ウンスイ,6.0,6.0,石神道,55.0,,13.0,12.0,1函館12,函館2歳S(GIII),6.0,1.0,門別,JRA認定競走ウィナ(OP)(2歳),1.0,2.0,門別,JRA認定競走スーパ(新馬)(2歳),,,,,,,,,93.4,9.0,2026-08-08 00:08:57,jra,2026-08-08,28.56,23.0,41.3,8.2,0.0,48.1,45.0,地方実績を中央換算 / 履歴少
202607020508,2026-08-08,8,エイユーファイヤー,5.0,5.0,中井,58.0,,11.0,11.0,3阪神3,3歳以上1勝クラス,5.0,2.0,3京都2,4歳以上1勝クラス,3.0,1.0,2阪神3,4歳以上1勝クラス,4.0,3.0,2京都4,4歳以上1勝クラス,2.0,2.0,1京都4,4歳以上1勝クラス,22.6,8.0,2026-08-08 00:17:27,jra,2026-08-08,47.48,60.2,41.0,69.6,5.0,52.4,45.0,履歴少 / 安定感 / 市場オッズ妙味
202604020508,2026-08-08,8,カレンハウ,2.0,2.0,戸崎圭,55.0,,1.0,1.0,2小倉5,2歳未勝利,3.0,7.0,3阪神3,2歳新馬,,,,,,,,,,,,,2.9,2.0,2026-08-08 00:08:57,jra,2026-08-08,56.2,69.0,52.4,48.4,52.1,55.2,45.0,履歴少 / サンプル少
202601010508,2026-08-08,8,クリオロゴールド,3.0,2.0,横山武,57.0,,4.0,2.0,1函館9,3歳未勝利,5.0,2.0,1函館3,3歳未勝利,6.0,1.0,3中山7,3歳未勝利,2.0,2.0,3中山3,3歳未勝利,3.0,2.0,1中山7,3歳未勝利,13.9,7.0,2026-08-08 00:46:17,jra,2026-08-08,56.31,74.0,32.9,80.2,50.0,54.1,45.0,履歴少 / 安定感 / 市場オッズ妙味
202601010508,2026-08-08,8,クリコイーコ,5.0,3.0,吉田隼,55.0,,5.0,5.0,1札幌1,3歳未勝利,7.0,8.0,1函館10,3歳未勝利,7.0,9.0,3京都12,3歳未勝利,9.0,8.0,3京都1,3歳未勝利,6.0,16.0,2阪神1,3歳未勝利,72.0,16.0,2026-08-08 00:46:17,jra,2026-08-08,54.42,55.4,60.7,30.4,63.5,61.3,45.0,履歴少
202607020508,2026-08-08,8,クレスコドルフィン,7.0,6.0,角田和,58.0,,13.0,15.0,3京都2,4歳以上1勝クラス,8.0,5.0,2阪神6,4歳以上1勝クラス,4.0,4.0,1阪神10,4歳以上1勝クラス,7.0,10.0,1阪神3,4歳以上1勝クラス,12.0,12.0,1小倉8,4歳以上1勝クラス,49.5,11.0,2026-08-08 00:17:27,jra,2026-08-08,39.74,36.0,52.1,19.8,18.5,57.6,45.0,履歴少 / 市場オッズ妙味
202607020508,2026-08-08,8,ゴンタ,11.0,8.0,松若,55.0,,1.0,4.0,2阪神3,3歳未勝利,8.0,9.0,1中山6,3歳新馬,,,,,,,,,,,,,11.4,5.0,2026-08-08 00:17:27,jra,2026-08-08,54.85,59.1,53.6,34.7,68.6,61.0,45.0,履歴少 / サンプル少 / 近走上向き
202601010508,2026-08-08,8,サトノフレイ,13.0,7.0,北村友,57.0,,2.0,2.0,1函館10,3歳未勝利,6.0,2.0,1函館2,3歳未勝利,3.0,2.0,3京都8,3歳未勝利,5.0,1.0,3京都3,3歳未勝利,6.0,2.0,1阪神1,3歳未勝利,3.9,1.0,2026-08-08 00:46:17,jra,2026-08-08,56.55,75.6,34.7,64.7,68.0,47.3,45.0,履歴少 / 近走上向き / 安定感
202607020508,2026-08-08,8,サンライズオスカー,3.0,3.0,藤懸,55.0,,7.0,14.0,3阪神3,3歳以上1勝クラス,1.0,8.0,園田,JRA交流三室山特別,10.0,13.0,1中京1,3歳未勝利,8.0,9.0,5阪神2,2歳新馬,,,,,22.1,7.0,2026-08-08 00:17:27,jra,2026-08-08,54.13,47.1,80.3,14.5,46.0,70.9,45.0,履歴少 / 人気以上に走る傾向 / 過小評価傾向 / 市場オッズ妙味
202601010508,2026-08-08,8,ジューンレトリバー,10.0,5.0,横山和,57.0,,12.0,10.0,2東京1,3歳未勝利,15.0,6.0,2阪神3,3歳未勝利,7.0,4.0,3京都4,2歳新馬,,,,,,,,,54.9,15.0,2026-08-08 00:46:17,jra,2026-08-08,24.63,18.5,17.9,0.0,44.0,38.3,45.0,履歴少
202601010508,2026-08-08,8,スッサンエア,9.0,5.0,▲小林美,52.0,,3.0,3.0,1函館11,3歳未勝利,4.0,3.0,1函館7,3歳未勝利,3.0,13.0,3京都9,3歳未勝利,8.0,5.0,1中京2,3歳未勝利,4.0,2.0,1小倉11,3歳未勝利,7.9,4.0,2026-08-08 00:46:17,jra,2026-08-08,65.52,75.3,57.6,85.4,60.5,61.4,45.0,履歴少 / 安定感
202607020508,2026-08-08,8,スマートグロワール,8.0,6.0,幸,55.0,,9.0,10.0,1新潟1,わらび賞(1勝クラス),1.0,1.0,2阪神6,3歳未勝利,2.0,1.0,1阪神1,3歳未勝利,2.0,4.0,1京都9,3歳未勝利,5.0,10.0,1京都5,3歳未勝利,4.5,2.0,2026-08-08 00:17:27,jra,2026-08-08,57.1,74.5,56.4,69.6,11.0,61.0,45.0,履歴少 / 安定感
202601010508,2026-08-08,8,セイカユウヒ,2.0,1.0,池添,57.0,,4.0,12.0,1函館12,3歳未勝利,11.0,12.0,1函館3,3歳未勝利,7.0,13.0,2東京12,3歳未勝利,3.0,7.0,川崎,エメラルドフラワー賞(3歳),7.0,7.0,3中山8,3歳未勝利,25.3,10.0,2026-08-08 00:46:17,jra,2026-08-08,59.43,49.2,78.9,37.0,68.0,68.7,45.0,履歴少 / 人気以上に走る傾向 / 近走上向き / 過小評価傾向
202604020508,2026-08-08,8,ソニックウェーブ,8.0,8.0,菊沢,55.0,,5.0,9.0,2新潟2,2歳新馬,,,,,,,,,,,,,,,,,8.9,4.0,2026-08-08 00:08:57,jra,2026-08-08,43.34,44.6,46.8,36.3,40.6,42.0,45.0,履歴少 / サンプル少
202601010508,2026-08-08,8,ソワンドヴィクター,4.0,2.0,☆長浜,54.0,,5.0,6.0,1函館12,3歳未勝利,3.0,5.0,1新潟8,3歳未勝利,4.0,12.0,1福島6,3歳未勝利,5.0,12.0,1福島1,3歳未勝利,13.0,13.0,5中山3,2歳未勝利,28.9,11.0,2026-08-08 00:46:17,jra,2026-08-08,68.15,67.0,73.8,89.7,57.5,68.0,45.0,履歴少 / 人気以上に走る傾向 / 安定感 / 過小評価傾向
202601010508,2026-08-08,8,ダノンベルビュー,7.0,4.0,松山,55.0,,7.0,3.0,3阪神1,3歳未勝利,9.0,4.0,2阪神3,3歳未勝利,5.0,3.0,1阪神7,3歳未勝利,5.0,2.0,5阪神7,2歳未勝利,5.0,4.0,5阪神2,2歳未勝利,4.7,2.0,2026-08-08 00:46:17,jra,2026-08-08,43.43,55.2,26.2,44.7,44.0,46.8,45.0,履歴少
202607020508,2026-08-08,8,テーオーカイザー,10.0,7.0,川田,55.0,,7.0,9.0,3中山1,伏竜S(OP),1.0,2.0,1阪神3,3歳未勝利,4.0,1.0,1京都9,3歳未勝利,3.0,2.0,1京都2,3歳未勝利,2.0,2.0,4東京3,2歳新馬,7.9,4.0,2026-08-08 00:17:27,jra,2026-08-08,57.65,77.5,50.8,69.6,23.0,58.1,45.0,履歴少 / 安定感
202604020508,2026-08-08,8,トシミチ,9.0,8.0,菱田,55.0,,15.0,4.0,2小倉7,ひまわり賞(OP),1.0,1.0,2小倉2,2歳新馬,,,,,,,,,,,,,37.0,8.0,2026-08-08 00:08:57,jra,2026-08-08,33.87,42.8,22.2,31.7,18.0,43.5,45.0,履歴少 / サンプル少 / 市場オッズ妙味
202604020508,2026-08-08,8,ニシノイサリビ,4.0,4.0,田辺,55.0,,1.0,1.0,2福島5,2歳新馬,,,,,,,,,,,,,,,,,19.1,7.0,2026-08-08 00:08:57,jra,2026-08-08,43.64,51.6,40.6,36.3,40.6,40.6,45.0,履歴少 / サンプル少
202607020508,2026-08-08,8,バケラッタ,12.0,8.0,鮫島良,55.0,,4.0,10.0,3京都8,3歳1勝クラス,1.0,3.0,3京都1,3歳未勝利,2.0,6.0,2阪神6,3歳未勝利,4.0,3.0,1小倉6,3歳未勝利,5.0,7.0,1京都9,3歳未勝利,7.1,3.0,2026-08-08 00:17:27,jra,2026-08-08,72.07,84.3,72.2,100.0,44.0,66.8,45.0,履歴少 / 人気以上に走る傾向 / 安定感 / 過小評価傾向
202607020508,2026-08-08,8,ブルーストレイル,2.0,2.0,城戸,58.0,,10.0,12.0,2中京1,3歳以上1勝クラス,11.0,12.0,1中京4,4歳以上1勝クラス,5.0,8.0,1阪神6,4歳以上1勝クラス,5.0,14.0,1阪神2,4歳以上1勝クラス,5.0,9.0,2京都4,4歳以上1勝クラス,101.2,12.0,2026-08-08 00:17:27,jra,2026-08-08,52.18,43.9,72.2,44.7,29.0,65.8,45.0,履歴少 / 人気以上に走る傾向 / 過小評価傾向
202601010508,2026-08-08,8,マメーアップル,8.0,4.0,横山琉,55.0,,3.0,1.0,1函館12,3歳未勝利,2.0,6.0,1函館8,3歳未勝利,2.0,7.0,1函館2,3歳未勝利,7.0,8.0,3中山3,3歳未勝利,5.0,4.0,2中山4,3歳未勝利,7.3,3.0,2026-08-08 00:46:17,jra,2026-08-08,67.43,81.3,59.9,85.4,56.0,63.0,45.0,履歴少 / 安定感
202601010508,2026-08-08,8,ミレニアルピンク,16.0,8.0,斎藤,55.0,,3.0,7.0,1函館10,3歳未勝利,6.0,10.0,1函館4,3歳未勝利,14.0,7.0,1京都8,3歳未勝利,6.0,11.0,5阪神8,2歳新馬,,,,,29.2,12.0,2026-08-08 00:46:17,jra,2026-08-08,56.7,54.9,62.2,30.4,84.0,58.4,45.0,履歴少 / 近走上向き
202607020508,2026-08-08,8,メイショウオグマ,6.0,5.0,国分恭,58.0,,4.0,9.0,2小倉6,3歳以上1勝クラス,6.0,4.0,2阪神8,4歳以上1勝クラス,6.0,1.0,2阪神2,4歳以上1勝クラス,4.0,2.0,1阪神5,4歳以上1勝クラス,5.0,2.0,5中京5,3歳以上1勝クラス,37.5,10.0,2026-08-08 00:17:27,jra,2026-08-08,57.21,68.0,46.0,55.3,57.5,51.8,63.3,距離適性 / 頭数減経験 / 市場オッズ妙味
202601010508,2026-08-08,8,メイショウテンジン,15.0,8.0,古川吉,57.0,,3.0,5.0,1札幌2,3歳未勝利,11.0,4.0,2小倉1,3歳未勝利,3.0,2.0,1福島1,3歳未勝利,4.0,1.0,1阪神10,3歳未勝利,4.0,6.0,1阪神3,3歳未勝利,30.3,13.0,2026-08-08 00:46:17,jra,2026-08-08,56.03,66.1,39.0,75.1,65.0,49.0,45.0,履歴少 / 近走上向き / 安定感
202601010508,2026-08-08,8,モノノケ,14.0,7.0,▲和田陽,52.0,,2.0,12.0,1札幌2,3歳未勝利,11.0,14.0,1函館6,3歳未勝利,8.0,10.0,1函館1,3歳未勝利,9.0,10.0,2阪神6,3歳未勝利,8.0,12.0,2阪神1,3歳未勝利,11.0,5.0,2026-08-08 00:46:17,jra,2026-08-08,63.81,51.4,83.2,30.4,92.0,73.2,45.0,履歴少 / 人気以上に走る傾向 / 近走上向き / 過小評価傾向
202604020508,2026-08-08,8,ラピッドテソーロ,3.0,3.0,木幡巧,55.0,,1.0,2.0,1函館9,2歳未勝利,3.0,1.0,1函館3,2歳新馬,,,,,,,,,,,,,16.5,5.0,2026-08-08 00:08:57,jra,2026-08-08,54.62,69.0,44.1,48.4,52.1,58.1,45.0,履歴少 / サンプル少 / 市場オッズ妙味
202604020508,2026-08-08,8,ラヴィサンエール,1.0,1.0,松岡,55.0,,1.0,3.0,2福島6,2歳新馬,,,,,,,,,,,,,,,,,17.0,6.0,2026-08-08 00:08:57,jra,2026-08-08,44.57,51.6,43.7,36.3,40.6,42.0,45.0,履歴少 / サンプル少
202607020508,2026-08-08,8,リアルペガサス,1.0,1.0,田口,58.0,,8.0,10.0,2中京1,3歳以上1勝クラス,11.0,14.0,2小倉6,3歳以上1勝クラス,9.0,6.0,5中京4,3歳以上1勝クラス,7.0,4.0,5中京1,3歳以上1勝クラス,8.0,13.0,4京都2,3歳以上1勝クラス,28.0,9.0,2026-08-08 00:17:27,jra,2026-08-08,43.71,37.6,55.9,0.0,54.5,58.9,49.8,頭数減経験 / 市場オッズ妙味
202607020508,2026-08-08,8,リアンドゥクール,9.0,7.0,西村淳,53.0,,2.0,1.0,3阪神2,3歳以上1勝クラス,5.0,3.0,2阪神7,3歳1勝クラス,1.0,1.0,2京都5,3歳新馬,,,,,,,,,2.2,1.0,2026-08-08 00:17:27,jra,2026-08-08,61.57,86.1,42.5,75.1,56.0,50.1,45.0,履歴少 / 安定感
202601010508,2026-08-08,8,リネアベルタ,6.0,3.0,岩田康,55.0,,2.0,5.0,1函館12,3歳未勝利,5.0,5.0,1函館5,3歳未勝利,6.0,8.0,3京都2,3歳未勝利,9.0,3.0,1阪神1,3歳未勝利,6.0,2.0,1小倉3,3歳未勝利,12.8,6.0,2026-08-08 00:46:17,jra,2026-08-08,59.57,68.2,50.1,55.3,77.0,57.6,45.0,履歴少 / 近走上向き / 市場オッズ妙味
202604020508,2026-08-08,8,ルークウォーム,5.0,5.0,津村,55.0,,1.0,1.0,3東京5,2歳新馬,,,,,,,,,,,,,,,,,2.8,1.0,2026-08-08 00:08:57,jra,2026-08-08,43.64,51.6,40.6,36.3,40.6,40.6,45.0,履歴少 / サンプル少
202601010508,2026-08-08,8,レッドアイスピア,1.0,1.0,★河原田,53.0,,2.0,7.0,1函館11,3歳未勝利,10.0,13.0,3京都3,3歳未勝利,13.0,6.0,1阪神8,3歳未勝利,11.0,10.0,1小倉10,3歳未勝利,8.0,7.0,3福島3,2歳未勝利,45.6,14.0,2026-08-08 00:46:17,jra,2026-08-08,52.71,43.2,54.4,30.4,100.0,52.9,45.0,履歴少 / 近走上向き
202607020508,2026-08-08,8,レーンアジリティ,4.0,4.0,高倉,58.0,,12.0,10.0,2小倉7,3歳以上1勝クラス,5.0,8.0,2阪神8,4歳以上1勝クラス,2.0,5.0,1阪神10,4歳以上1勝クラス,8.0,5.0,1阪神3,4歳以上1勝クラス,3.0,3.0,2京都2,4歳以上1勝クラス,16.8,6.0,2026-08-08 00:17:27,jra,2026-08-08,48.05,53.9,52.1,55.0,5.0,62.7,45.0,履歴少 / 市場オッズ妙味
202604020509,2026-08-08,9,アレーティア,2.0,2.0,▲石田,53.0,,11.0,12.0,3阪神6,3歳以上1勝クラス,13.0,4.0,4京都5,3歳以上1勝クラス,6.0,8.0,3京都5,3歳以上1勝クラス,9.0,5.0,1函館6,3歳以上1勝クラス,1.0,2.0,1函館1,3歳未勝利,20.6,9.0,2026-08-08 00:42:02,jra,2026-08-08,34.37,34.5,35.8,10.3,27.5,50.5,45.0,履歴少 / 市場オッズ妙味
202604020509,2026-08-08,9,イージーブリージー,15.0,8.0,田辺,56.0,,9.0,13.0,3東京2,3歳以上1勝クラス,13.0,4.0,3中山6,4歳以上1勝クラス,4.0,5.0,1中山8,4歳以上1勝クラス,14.0,11.0,5中京2,3歳以上1勝クラス,4.0,6.0,4中山1,古作特別(1勝クラス),15.2,7.0,2026-08-08 00:42:02,jra,2026-08-08,42.06,34.8,42.6,30.1,48.5,58.3,45.0,履歴少 / 市場オッズ妙味
202601010509,2026-08-08,9,オテンバプリンセス,7.0,5.0,松山,53.0,,1.0,1.0,2東京10,3歳未勝利,3.0,2.0,2東京2,3歳未勝利,16.0,2.0,1東京7,3歳未勝利,,2.0,2福島1,2歳新馬,,,,,8.2,3.0,2026-08-08 00:17:47,jra,2026-08-08,53.51,68.4,21.9,55.3,100.0,42.7,45.0,履歴少 / 近走上向き
202604020509,2026-08-08,9,オリオアルセーリオ,1.0,1.0,杉原,56.0,,8.0,11.0,3東京1,稲城特別(1勝クラス),6.0,5.0,2中山5,4歳以上1勝クラス,5.0,7.0,5中山7,3歳以上1勝クラス,1.0,1.0,3新潟4,3歳未勝利,2.0,3.0,2福島5,3歳未勝利,29.3,12.0,2026-08-08 00:42:02,jra,2026-08-08,52.96,65.9,58.1,44.7,23.0,56.8,45.0,履歴少
202604020509,2026-08-08,9,カサビセンス,11.0,6.0,木幡巧,56.0,,11.0,15.0,3東京6,3歳以上1勝クラス,8.0,13.0,2東京5,4歳以上1勝クラス,10.0,13.0,2中山7,4歳以上1勝クラス,6.0,13.0,1東京1,4歳以上1勝クラス,1.0,1.0,笠松,B7組,60.0,15.0,2026-08-08 00:42:02,jra,2026-08-08,45.78,36.0,78.5,4.7,21.5,65.8,45.0,履歴少 / 人気以上に走る傾向 / 過小評価傾向
202601010509,2026-08-08,9,カルミアクラウン,14.0,8.0,▲小林美,53.0,,3.0,2.0,1札幌2,3歳以上1勝クラス,3.0,3.0,1新潟7,4歳以上1勝クラス,4.0,5.0,1福島6,4歳以上1勝クラス,8.0,1.0,1小倉12,4歳以上1勝クラス,2.0,5.0,1小倉4,4歳以上1勝クラス,3.5,1.0,2026-08-08 00:17:47,jra,2026-08-08,61.33,77.4,44.3,85.4,57.5,52.7,45.0,履歴少 / 安定感
202604020509,2026-08-08,9,ガーネットテソーロ,6.0,4.0,▲佐藤,50.0,,1.0,3.0,4新潟4,2歳未勝利,5.0,9.0,4東京5,2歳未勝利,16.0,11.0,4中山6,2歳新馬,,,,,,,,,29.3,13.0,2026-08-08 00:42:02,jra,2026-08-08,61.82,63.1,55.8,55.3,100.0,54.6,45.0,履歴少 / 近走上向き
202604020509,2026-08-08,9,キタノエピックアン,5.0,3.0,▲上里,50.0,,8.0,13.0,2東京6,3歳1勝クラス,1.0,2.0,3中山4,3歳未勝利,2.0,2.0,2中山4,3歳未勝利,3.0,6.0,1東京4,3歳未勝利,2.0,10.0,1中山9,3歳未勝利,24.8,10.0,2026-08-08 00:42:02,jra,2026-08-08,62.96,78.2,71.2,69.6,14.0,67.3,45.0,履歴少 / 人気以上に走る傾向 / 安定感 / 過小評価傾向
202607020509,2026-08-08,9,クラウンセト,3.0,3.0,草野,60.0,,3.0,10.0,2福島5,障害3歳以上OP,9.0,10.0,2阪神1,三木ホースランドJS(OP),12.0,14.0,2中山3,障害4歳以上OP,9.0,9.0,1中山2,中山新春ジャンプS(OP),3.0,1.0,4中京1,障害3歳以上OP,12.8,5.0,2026-08-08 00:50:32,jra,2026-08-08,58.95,50.8,68.0,40.7,81.5,66.1,45.0,履歴少 / 人気以上に走る傾向 / 近走上向き / 過小評価傾向
202601010509,2026-08-08,9,グルーヴィーオン,13.0,8.0,★河原田,52.0,,9.0,8.0,3東京3,3歳以上1勝クラス,4.0,4.0,2東京9,4歳以上1勝クラス,3.0,10.0,2東京3,4歳以上1勝クラス,14.0,5.0,2中山4,4歳以上1勝クラス,4.0,10.0,1東京6,4歳以上1勝クラス,26.0,10.0,2026-08-08 00:17:47,jra,2026-08-08,51.14,54.3,52.7,55.0,33.5,58.2,45.0,履歴少 / 市場オッズ妙味
202607020509,2026-08-08,9,ゲインサポート,9.0,8.0,中村,60.0,,7.0,10.0,3東京3,東京ジャンプS(JGIII),6.0,11.0,1新潟7,障害4歳以上OP,8.0,9.0,1阪神7,阪神スプリングJ(JGII),7.0,8.0,1小倉1,障害4歳以上OP,6.0,6.0,5阪神5,障害3歳以上OP,31.6,9.0,2026-08-08 00:50:32,jra,2026-08-08,50.22,53.2,67.5,0.0,48.5,62.8,45.0,履歴少 / 人気以上に走る傾向 / 市場オッズ妙味
202607020509,2026-08-08,9,ゴールドブリーズ,2.0,2.0,▲水沼,57.0,,6.0,6.0,2福島1,障害3歳以上OP,8.0,4.0,3京都1,障害4歳以上OP,9.0,7.0,1阪神7,阪神スプリングJ(JGII),11.0,11.0,5中山1,イルミネーションJS(OP),5.0,2.0,3中京5,障害3歳以上OP,15.2,7.0,2026-08-08 00:50:32,jra,2026-08-08,43.26,46.3,38.1,10.3,63.5,55.7,45.0,履歴少 / 市場オッズ妙味
202604020509,2026-08-08,9,サイモンセレーノ,14.0,8.0,△石神道,51.0,,1.0,1.0,2福島5,3歳未勝利,2.0,4.0,1新潟6,3歳未勝利,4.0,8.0,1福島5,3歳未勝利,8.0,11.0,1東京2,3歳未勝利,9.0,14.0,5中山6,2歳新馬,4.0,1.0,2026-08-08 00:42:02,jra,2026-08-08,69.77,78.5,65.7,75.1,78.5,65.0,45.0,履歴少 / 人気以上に走る傾向 / 近走上向き / 安定感
202607020509,2026-08-08,9,サトノエピック,7.0,7.0,上野,60.0,,3.0,3.0,1新潟7,障害4歳以上OP,1.0,2.0,1新潟1,障害4歳以上未勝利,13.0,14.0,1阪神3,仁川S(L),6.0,5.0,1中山7,障害4歳以上未勝利,12.0,10.0,4東京7,ブラジルC(L),1.6,1.0,2026-08-08 00:50:32,jra,2026-08-08,57.23,61.2,50.7,55.3,80.0,51.4,45.0,履歴少 / 近走上向き
202604020509,2026-08-08,9,シャオシンユン,12.0,7.0,石川,56.0,,9.0,12.0,3東京6,3歳以上1勝クラス,1.0,2.0,姫路,C1,1.0,4.0,姫路,C1,11.0,8.0,姫路,C1,9.0,4.0,園田,C1,46.8,14.0,2026-08-08 00:42:02,jra,2026-08-08,39.64,28.9,56.0,17.1,34.5,52.9,45.0,地方実績を中央換算 / 履歴少
202601010509,2026-08-08,9,ジーティーアリア,11.0,7.0,北村友,53.0,,7.0,4.0,1函館12,3歳以上1勝クラス,1.0,8.0,2阪神4,3歳未勝利,8.0,5.0,1京都2,3歳未勝利,7.0,7.0,5阪神6,2歳新馬,,,,,12.8,6.0,2026-08-08 00:17:47,jra,2026-08-08,51.18,63.6,51.9,24.9,40.0,61.7,45.0,履歴少 / 市場オッズ妙味
202601010509,2026-08-08,9,スリーケイ,12.0,7.0,斎藤,53.0,,1.0,6.0,1札幌2,3歳未勝利,6.0,8.0,1函館10,3歳未勝利,6.0,7.0,3阪神2,3歳未勝利,10.0,8.0,2阪神8,3歳未勝利,,,,,21.2,9.0,2026-08-08 00:17:47,jra,2026-08-08,62.02,68.4,65.0,30.4,88.0,61.2,45.0,履歴少 / 人気以上に走る傾向 / 近走上向き / 市場オッズ妙味
202607020509,2026-08-08,9,テクネチウム,5.0,5.0,▲井上,57.0,,10.0,9.0,1新潟3,障害4歳以上OP,11.0,12.0,5東京3,秋陽ジャンプS(OP),6.0,9.0,4東京1,障害3歳以上OP,11.0,9.0,2京都12,障害4歳以上OP,6.0,4.0,1新潟3,障害4歳以上OP,37.1,10.0,2026-08-08 00:50:32,jra,2026-08-08,38.93,34.5,50.3,0.0,41.0,55.6,45.0,履歴少 / 市場オッズ妙味
202604020509,2026-08-08,9,テルケンユミクイン,7.0,4.0,菊沢,56.0,,15.0,7.0,3東京6,3歳以上1勝クラス,2.0,9.0,1新潟7,4歳以上1勝クラス,12.0,7.0,2中山8,4歳以上1勝クラス,5.0,8.0,2中山2,4歳以上1勝クラス,15.0,10.0,5中京5,ヤングJSFR中京1(1勝クラス),26.5,11.0,2026-08-08 00:42:02,jra,2026-08-08,36.63,35.2,37.7,39.5,11.0,51.1,45.0,履歴少 / 市場オッズ妙味
202604020509,2026-08-08,9,ディペンダブル,3.0,2.0,三浦,56.0,,3.0,6.0,3東京6,3歳以上1勝クラス,2.0,4.0,1中京6,4歳以上1勝クラス,6.0,3.0,2中山2,4歳以上1勝クラス,8.0,7.0,5中京6,3歳以上1勝クラス,2.0,7.0,5中京1,3歳以上1勝クラス,6.8,3.0,2026-08-08 00:42:02,jra,2026-08-08,63.49,76.2,58.3,65.7,59.0,62.1,45.0,履歴少 / 安定感
202601010509,2026-08-08,9,デルマサクラサク,5.0,4.0,横山武,56.0,,2.0,2.0,1函館10,3歳以上1勝クラス,8.0,2.0,3京都9,4歳以上1勝クラス,3.0,4.0,3京都3,4歳以上1勝クラス,3.0,4.0,2阪神5,4歳以上1勝クラス,2.0,6.0,2京都4,4歳以上1勝クラス,17.6,8.0,2026-08-08 00:17:47,jra,2026-08-08,62.31,77.3,44.8,75.1,62.0,64.0,45.0,履歴少 / 安定感 / 市場オッズ妙味
202607020509,2026-08-08,9,トーアマリシテン,1.0,1.0,森一,60.0,,1.0,2.0,2福島6,障害3歳以上未勝利,3.0,3.0,2福島2,障害3歳以上未勝利,2.0,7.0,1新潟6,障害4歳以上未勝利,10.0,7.0,1小倉12,障害4歳以上未勝利,5.0,3.0,1小倉5,障害4歳以上未勝利,8.0,2.0,2026-08-08 00:50:32,jra,2026-08-08,67.62,80.6,54.5,85.4,74.0,59.5,45.0,履歴少 / 近走上向き / 安定感
202607020509,2026-08-08,9,ニシノルアノーヴァ,8.0,7.0,伴,60.0,,1.0,3.0,1新潟4,障害4歳以上未勝利,8.0,9.0,2中山4,障害4歳以上未勝利,10.0,11.0,1中山5,障害4歳以上未勝利,13.0,14.0,2札幌5,富良野特別(1勝クラス),12.0,11.0,2札幌1,3歳以上1勝クラス,13.2,6.0,2026-08-08 00:50:32,jra,2026-08-08,56.53,48.7,57.7,30.4,100.0,63.6,45.0,履歴少 / 近走上向き / 市場オッズ妙味
202607020509,2026-08-08,9,ヒットアンドロール,10.0,8.0,大江圭,60.0,,7.0,6.0,2福島5,障害3歳以上OP,6.0,9.0,3中山5,障害4歳以上OP,8.0,9.0,1小倉9,障害4歳以上OP,11.0,8.0,1小倉3,障害4歳以上OP,1.0,6.0,1中山5,障害4歳以上未勝利,25.5,8.0,2026-08-08 00:50:32,jra,2026-08-08,47.68,52.7,55.0,10.3,47.0,59.5,45.0,履歴少 / 市場オッズ妙味
202601010509,2026-08-08,9,ビーチイン,4.0,3.0,横山和,53.0,,2.0,3.0,1函館12,3歳以上1勝クラス,2.0,3.0,1函館6,3歳以上1勝クラス,1.0,4.0,1函館1,3歳未勝利,2.0,2.0,3中山5,3歳未勝利,4.0,8.0,1小倉11,3歳未勝利,3.7,2.0,2026-08-08 00:17:47,jra,2026-08-08,71.64,91.9,60.9,100.0,51.5,61.4,45.0,履歴少 / 安定感
202601010509,2026-08-08,9,ブーケドグレイス,3.0,3.0,横山琉,56.0,,8.0,11.0,1函館12,3歳以上1勝クラス,7.0,13.0,1新潟7,4歳以上1勝クラス,3.0,6.0,1新潟3,4歳以上1勝クラス,5.0,8.0,1福島2,4歳以上1勝クラス,12.0,13.0,1小倉9,4歳以上1勝クラス,27.3,11.0,2026-08-08 00:17:47,jra,2026-08-08,56.15,54.1,74.8,34.3,42.5,66.7,45.0,履歴少 / 人気以上に走る傾向 / 過小評価傾向 / 市場オッズ妙味
202607020509,2026-08-08,9,ベイビーベリッシモ,4.0,4.0,五十嵐,60.0,,6.0,8.0,3京都12,障害4歳以上OP,5.0,10.0,1新潟1,障害4歳以上OP,1.0,9.0,1小倉7,障害4歳以上未勝利,4.0,7.0,1小倉3,障害4歳以上未勝利,9.0,9.0,3福島2,障害3歳以上未勝利,10.1,4.0,2026-08-08 00:50:32,jra,2026-08-08,64.76,69.8,77.1,59.3,42.5,71.5,45.0,履歴少 / 人気以上に走る傾向 / 過小評価傾向
202607020509,2026-08-08,9,ポワンキュルミナン,6.0,6.0,小牧加,60.0,,1.0,5.0,2福島2,障害3歳以上未勝利,4.0,6.0,1新潟4,障害4歳以上未勝利,9.0,6.0,1阪神8,障害4歳以上未勝利,11.0,7.0,1中山5,障害4歳以上未勝利,13.0,14.0,3福島6,奥羽S(3勝クラス),8.9,3.0,2026-08-08 00:50:32,jra,2026-08-08,61.2,59.8,54.5,55.3,99.5,59.3,45.0,履歴少 / 近走上向き
202601010509,2026-08-08,9,マインセーラ,8.0,5.0,的場,53.0,,6.0,8.0,1札幌2,3歳以上1勝クラス,8.0,8.0,1函館10,3歳以上1勝クラス,8.0,7.0,1函館8,3歳以上1勝クラス,9.0,12.0,1函館1,3歳以上1勝クラス,2.0,2.0,高知,3歳ー2,46.6,14.0,2026-08-08 00:17:47,jra,2026-08-08,46.16,47.4,55.9,4.7,54.5,56.1,45.0,履歴少
202604020509,2026-08-08,9,ミュークチェルシー,8.0,5.0,武藤,56.0,,11.0,9.0,1小倉10,4歳以上1勝クラス,8.0,7.0,1小倉4,4歳以上1勝クラス,8.0,8.0,5東京5,3歳以上1勝クラス,10.0,4.0,4東京9,3歳以上1勝クラス,1.0,2.0,2福島5,3歳未勝利,17.6,8.0,2026-08-08 00:42:02,jra,2026-08-08,37.42,40.2,38.6,10.3,24.5,58.8,45.0,履歴少 / 市場オッズ妙味
202601010509,2026-08-08,9,ミリオンアップ,6.0,4.0,▲遠藤,50.0,,4.0,8.0,1函館12,3歳以上1勝クラス,1.0,8.0,1函館3,3歳未勝利,7.0,6.0,1函館1,3歳未勝利,4.0,6.0,3京都8,3歳未勝利,4.0,10.0,3京都4,3歳未勝利,35.3,12.0,2026-08-08 00:17:47,jra,2026-08-08,69.06,77.2,75.7,80.2,50.0,65.2,45.0,履歴少 / 人気以上に走る傾向 / 安定感 / 過小評価傾向
202601010509,2026-08-08,9,ライフイズ,9.0,6.0,▲和田陽,50.0,,3.0,11.0,1函館4,3歳以上1勝クラス,8.0,7.0,1函館2,3歳以上1勝クラス,15.0,16.0,3中山4,3歳1勝クラス,1.0,2.0,川崎,アクアマリンフラワー(3歳),6.0,11.0,5東京8,2歳未勝利,35.9,13.0,2026-08-08 00:17:47,jra,2026-08-08,57.71,49.3,70.7,37.0,77.0,62.6,45.0,履歴少 / 人気以上に走る傾向 / 近走上向き
202604020509,2026-08-08,9,ライヴスプーン,13.0,7.0,◇今村,54.0,,3.0,10.0,2新潟1,清津峡特別(1勝クラス),13.0,15.0,2東京10,4歳以上1勝クラス,6.0,2.0,1新潟3,4歳以上1勝クラス,14.0,6.0,1福島6,4歳以上1勝クラス,6.0,8.0,5中山7,3歳以上1勝クラス,13.6,6.0,2026-08-08 00:42:02,jra,2026-08-08,53.43,44.6,56.1,30.4,90.5,60.5,45.0,履歴少 / 近走上向き / 市場オッズ妙味
202601010509,2026-08-08,9,ランスノーブル,10.0,6.0,原田和,56.0,,5.0,5.0,2福島4,3歳以上1勝クラス,4.0,3.0,3中山5,4歳以上1勝クラス,3.0,3.0,3中山1,4歳以上1勝クラス,3.0,2.0,1中山5,4歳以上1勝クラス,3.0,6.0,5中山6,3歳以上1勝クラス,16.1,7.0,2026-08-08 00:17:47,jra,2026-08-08,63.44,77.1,49.4,100.0,39.5,62.5,45.0,履歴少 / 安定感 / 市場オッズ妙味
202604020509,2026-08-08,9,ラヴアンドライク,9.0,5.0,原,56.0,,4.0,3.0,5中山6,3歳以上1勝クラス,4.0,5.0,5東京5,3歳以上1勝クラス,7.0,2.0,4東京3,3歳以上1勝クラス,2.0,4.0,2福島8,3歳以上1勝クラス,3.0,5.0,3東京6,3歳以上1勝クラス,5.1,2.0,2026-08-08 00:42:02,jra,2026-08-08,59.93,74.4,46.2,80.2,50.0,56.3,45.0,履歴少 / 安定感
202604020509,2026-08-08,9,リバースザトレンド,4.0,3.0,津村,56.0,,4.0,6.0,3東京1,3歳以上1勝クラス,4.0,2.0,2新潟2,3歳以上1勝クラス,10.0,1.0,3中山6,3歳1勝クラス,1.0,2.0,1中山3,3歳未勝利,2.0,4.0,5中山7,2歳未勝利,9.9,5.0,2026-08-08 00:42:02,jra,2026-08-08,57.99,71.7,40.8,80.2,51.5,55.9,45.0,履歴少 / 安定感
202601010509,2026-08-08,9,リュミナーズ,1.0,1.0,☆長浜,55.0,,7.0,10.0,1札幌1,3歳以上1勝クラス,8.0,10.0,1新潟7,4歳以上1勝クラス,6.0,3.0,1新潟1,4歳以上1勝クラス,4.0,4.0,1中山5,4歳以上1勝クラス,3.0,3.0,5中京4,3歳以上1勝クラス,11.7,5.0,2026-08-08 00:17:47,jra,2026-08-08,50.6,58.4,55.7,24.9,39.5,61.8,45.0,履歴少
202604020509,2026-08-08,9,ルージュカルデア,10.0,6.0,小崎,53.0,,6.0,11.0,3東京1,3歳以上1勝クラス,5.0,6.0,2東京8,3歳1勝クラス,5.0,10.0,1中山9,若竹賞(1勝クラス),6.0,6.0,4東京6,アイビーS(L),4.0,6.0,4中山9,サフラン賞(1勝クラス),7.4,4.0,2026-08-08 00:42:02,jra,2026-08-08,61.0,65.2,70.7,55.0,44.0,67.0,45.0,履歴少 / 人気以上に走る傾向 / 過小評価傾向
202601010509,2026-08-08,9,ヴェールミューズ,2.0,2.0,佐々木,53.0,,4.0,5.0,1札幌2,3歳以上1勝クラス,13.0,10.0,2阪神7,3歳1勝クラス,1.0,1.0,1中京1,3歳未勝利,2.0,6.0,1阪神4,3歳未勝利,,,,,9.9,4.0,2026-08-08 00:17:47,jra,2026-08-08,57.97,63.9,51.1,64.7,58.0,61.4,45.0,履歴少 / 安定感
202607020510,2026-08-08,10,アリュウ,9.0,5.0,西塚,55.0,,12.0,7.0,2小倉2,3歳未勝利,6.0,12.0,3阪神2,3歳未勝利,7.0,11.0,2阪神5,3歳未勝利,4.0,4.0,園田,JRA交流諭鶴羽山特,10.0,8.0,1京都4,3歳新馬,82.1,16.0,2026-08-08 00:26:27,jra,2026-08-08,38.5,36.8,53.9,6.6,18.5,55.5,45.0,履歴少
202607020510,2026-08-08,10,エバイダンス,4.0,2.0,☆田山,54.0,,3.0,2.0,3阪神3,3歳未勝利,9.0,2.0,2阪神4,3歳未勝利,3.0,4.0,1阪神7,3歳未勝利,6.0,7.0,2京都6,3歳未勝利,3.0,5.0,1京都8,3歳未勝利,6.0,2.0,2026-08-08 00:26:27,jra,2026-08-08,55.75,68.5,39.5,60.5,63.5,55.0,45.0,履歴少 / 安定感
202601010510,2026-08-08,10,エボルヴィング,3.0,3.0,佐々木,58.0,,8.0,5.0,3東京2,香港ジョッキーCT(2勝クラス),1.0,1.0,2阪神4,4歳以上1勝クラス,18.0,12.0,5阪神6,3歳以上1勝クラス,11.0,9.0,4京都3,3歳以上1勝クラス,8.0,5.0,3京都8,3歳以上1勝クラス,8.1,5.0,2026-08-08 00:47:02,jra,2026-08-08,41.82,45.8,31.1,24.9,59.0,49.8,45.0,履歴少
202604020510,2026-08-08,10,エラルディーク,2.0,2.0,荻野極,53.0,,1.0,3.0,2東京7,3歳未勝利,7.0,7.0,2中山8,3歳未勝利,9.0,7.0,1中山2,3歳未勝利,7.0,3.0,5中山2,2歳新馬,,,,,4.1,2.0,2026-08-08 00:17:57,jra,2026-08-08,55.77,64.7,47.1,30.4,90.0,52.8,45.0,履歴少 / 近走上向き
202607020510,2026-08-08,10,カワキタベレッタ,7.0,4.0,中井,55.0,,6.0,13.0,2小倉3,3歳未勝利,13.0,15.0,1新潟4,3歳未勝利,4.0,4.0,佐賀,JRA交流グリーンカ(3歳),14.0,10.0,1京都3,3歳未勝利,9.0,14.0,5中山7,2歳未勝利,74.2,14.0,2026-08-08 00:26:27,jra,2026-08-08,47.47,29.7,67.9,8.9,74.0,60.0,45.0,履歴少 / 人気以上に走る傾向 / 近走上向き
202604020510,2026-08-08,10,ガラク,10.0,7.0,田辺,56.0,,15.0,5.0,2新潟1,3歳以上1勝クラス,5.0,3.0,3中山6,4歳以上1勝クラス,5.0,1.0,2中山6,4歳以上1勝クラス,7.0,2.0,5中京6,3歳以上1勝クラス,5.0,3.0,5東京5,3歳以上1勝クラス,10.4,4.0,2026-08-08 00:17:57,jra,2026-08-08,33.16,45.0,13.1,55.0,0.0,45.0,45.0,履歴少
202607020510,2026-08-08,10,ガルディエンヌ,16.0,8.0,西村淳,55.0,,10.0,4.0,3阪神3,3歳未勝利,4.0,1.0,3京都2,3歳未勝利,5.0,4.0,2阪神4,3歳未勝利,5.0,7.0,1京都5,3歳未勝利,3.0,10.0,5阪神3,2歳未勝利,11.5,5.0,2026-08-08 00:26:27,jra,2026-08-08,48.79,59.5,37.7,69.6,15.5,59.7,45.0,履歴少 / 安定感
202604020510,2026-08-08,10,クリスタルタワー,12.0,8.0,菊沢,53.0,,15.0,11.0,2小倉1,3歳未勝利,9.0,13.0,3阪神6,3歳未勝利,,,,,,,,,,,,,29.4,9.0,2026-08-08 00:17:57,jra,2026-08-08,35.31,26.9,44.0,18.0,25.7,53.4,45.0,履歴少 / サンプル少 / 市場オッズ妙味
202604020510,2026-08-08,10,クリールスル,13.0,8.0,坂井,56.0,,9.0,8.0,2新潟1,3歳以上1勝クラス,3.0,3.0,2札幌5,3歳以上1勝クラス,3.0,5.0,1札幌8,3歳以上1勝クラス,3.0,10.0,3東京3,3歳以上1勝クラス,1.0,8.0,1新潟7,3歳未勝利,22.6,7.0,2026-08-08 00:17:57,jra,2026-08-08,58.4,71.1,62.9,69.6,11.0,66.0,45.0,履歴少 / 安定感 / 過小評価傾向 / 市場オッズ妙味
202607020510,2026-08-08,10,グロリアスニケ,5.0,3.0,▲森田,52.0,,9.0,15.0,2小倉4,3歳未勝利,13.0,10.0,1福島1,3歳未勝利,,,,,,,,,,,,,69.3,13.0,2026-08-08 00:26:27,jra,2026-08-08,42.24,29.9,53.0,18.0,58.7,53.3,45.0,履歴少 / サンプル少
202604020510,2026-08-08,10,サレジオ,1.0,1.0,戸崎圭,55.0,,3.0,1.0,2東京2,3歳1勝クラス,2.0,2.0,1中山1,ジュニアC(L),6.0,6.0,5東京6,東京スポーツ杯2歳S(GII),1.0,1.0,3阪神4,2歳新馬,,,,,2.7,1.0,2026-08-08 00:17:57,jra,2026-08-08,60.51,83.5,45.3,69.9,50.0,52.6,45.0,履歴少 / 安定感
202607020510,2026-08-08,10,サンシャインビーチ,8.0,4.0,高倉,55.0,,10.0,12.0,2小倉2,3歳未勝利,11.0,8.0,3京都3,3歳未勝利,5.0,8.0,2阪神7,3歳未勝利,,,,,,,,,14.0,7.0,2026-08-08 00:26:27,jra,2026-08-08,43.36,35.9,54.2,19.8,38.0,63.4,45.0,履歴少 / 市場オッズ妙味
202607020510,2026-08-08,10,ザムーン,10.0,5.0,角田和,55.0,,9.0,8.0,2小倉2,3歳未勝利,7.0,7.0,1新潟3,3歳未勝利,13.0,9.0,1阪神5,3歳未勝利,8.0,7.0,5阪神5,2歳新馬,,,,,28.3,10.0,2026-08-08 00:26:27,jra,2026-08-08,37.33,34.7,40.3,0.0,52.0,51.4,45.0,履歴少 / 市場オッズ妙味
202607020510,2026-08-08,10,シュクルリー,3.0,2.0,藤懸,55.0,,4.0,5.0,園田,JRA交流笠形山特別,10.0,13.0,3京都5,3歳未勝利,12.0,7.0,1京都7,3歳未勝利,5.0,13.0,5阪神8,2歳新馬,,,,,82.1,15.0,2026-08-08 00:26:27,jra,2026-08-08,50.52,36.4,58.6,32.2,80.0,59.2,45.0,履歴少 / 近走上向き
202601010510,2026-08-08,10,スカイサーベイ,1.0,1.0,北村友,58.0,,2.0,2.0,2京都1,許波多特別(2勝クラス),1.0,6.0,3京都11,3歳以上1勝クラス,4.0,3.0,3中京4,3歳以上1勝クラス,8.0,4.0,2京都11,4歳以上1勝クラス,11.0,2.0,1阪神1,4歳以上1勝クラス,4.7,2.0,2026-08-08 00:47:02,jra,2026-08-08,62.1,76.4,46.7,75.1,74.0,50.7,45.0,履歴少 / 近走上向き / 安定感
202604020510,2026-08-08,10,スタニングヴュー,9.0,6.0,伊藤,56.0,,9.0,7.0,2東京9,4歳以上1勝クラス,1.0,7.0,2東京1,4歳以上1勝クラス,5.0,9.0,1福島2,4歳以上1勝クラス,12.0,9.0,3福島4,3歳以上1勝クラス,2.0,5.0,4中山1,3歳未勝利,41.6,10.0,2026-08-08 00:17:57,jra,2026-08-08,54.39,60.6,60.9,55.0,26.0,61.5,45.0,履歴少 / 市場オッズ妙味
202604020510,2026-08-08,10,スピリットサージ,11.0,7.0,江田照,56.0,,1.0,1.0,船橋,馬い!洲本農園新玉ね(C1),1.0,2.0,船橋,菜の花スプリント(C2),3.0,2.0,船橋,卯花月スプリント(C2),1.0,2.0,船橋,C2二　三,4.0,1.0,船橋,C2四　五,14.7,6.0,2026-08-08 00:17:57,jra,2026-08-08,45.38,36.1,49.6,38.3,48.8,60.1,45.0,地方実績を中央換算 / 履歴少 / 市場オッズ妙味
202601010510,2026-08-08,10,デルマジュテーム,6.0,6.0,的場,56.0,,1.0,8.0,1札幌2,厚岸特別(1勝クラス),7.0,18.0,1中山5,4歳以上1勝クラス,15.0,15.0,5中京4,3歳以上1勝クラス,14.0,13.0,3福島4,3歳以上1勝クラス,7.0,10.0,4東京1,3歳以上1勝クラス,11.1,7.0,2026-08-08 00:47:02,jra,2026-08-08,64.5,48.7,85.2,30.4,100.0,73.2,45.0,履歴少 / 人気以上に走る傾向 / 近走上向き / 過小評価傾向
202604020510,2026-08-08,10,ハナコトバ,5.0,4.0,◇今村,51.0,,11.0,3.0,2新潟2,3歳未勝利,3.0,3.0,2小倉5,3歳未勝利,7.0,4.0,3阪神6,3歳未勝利,4.0,5.0,3阪神2,3歳未勝利,10.0,6.0,1新潟7,3歳未勝利,14.1,5.0,2026-08-08 00:17:57,jra,2026-08-08,39.77,51.3,27.0,39.5,20.0,52.2,45.0,履歴少 / 市場オッズ妙味
202601010510,2026-08-08,10,バルティカ,5.0,5.0,岩田望,58.0,,9.0,8.0,1函館10,北海ハンデキャップ(2勝クラス),3.0,4.0,1函館5,洞爺湖特別(2勝クラス),15.0,9.0,1小倉11,別府特別(2勝クラス),3.0,3.0,2京都3,4歳以上2勝クラス,6.0,5.0,3京都10,北野特別(2勝クラス),9.8,6.0,2026-08-08 00:47:02,jra,2026-08-08,45.18,50.3,40.6,39.5,36.5,55.2,45.0,履歴少
202607020510,2026-08-08,10,ヒルノジェノヴァ,11.0,6.0,◇永島,53.0,,10.0,12.0,3阪神2,3歳未勝利,13.0,5.0,2阪神5,3歳未勝利,4.0,8.0,1阪神7,3歳未勝利,13.0,14.0,2京都1,3歳未勝利,12.0,15.0,5阪神6,2歳未勝利,47.2,12.0,2026-08-08 00:26:27,jra,2026-08-08,40.04,26.3,49.0,19.8,53.0,54.8,45.0,履歴少
202601010510,2026-08-08,10,ビーオンザカバー,8.0,8.0,横山武,58.0,,6.0,2.0,3東京2,香港ジョッキーCT(2勝クラス),3.0,2.0,2東京1,石和特別(2勝クラス),5.0,2.0,2中山7,館山特別(2勝クラス),3.0,1.0,1中山8,東雲賞(2勝クラス),6.0,3.0,5東京8,オリエンタル賞(2勝クラス),2.6,1.0,2026-08-08 00:47:02,jra,2026-08-08,50.17,71.1,31.4,59.3,39.5,45.6,45.0,履歴少
202607020510,2026-08-08,10,フェイトブレイカー,6.0,3.0,秋山稔,57.0,,14.0,11.0,3阪神1,3歳未勝利,,,,,,,,,,,,,,,,,2.7,1.0,2026-08-08 00:26:27,jra,2026-08-08,35.11,29.6,36.0,29.6,40.6,37.3,45.0,履歴少 / サンプル少
202607020510,2026-08-08,10,フルドフォルク,12.0,6.0,加藤,57.0,,10.0,13.0,2小倉3,3歳未勝利,12.0,9.0,1中京2,3歳未勝利,5.0,10.0,1阪神1,3歳新馬,,,,,,,,,32.5,11.0,2026-08-08 00:26:27,jra,2026-08-08,44.31,33.2,60.7,19.8,41.0,61.7,45.0,履歴少 / 市場オッズ妙味
202607020510,2026-08-08,10,マイベスティー,14.0,7.0,長岡,57.0,,4.0,6.0,3阪神6,3歳未勝利,2.0,9.0,1新潟7,3歳未勝利,10.0,11.0,1中京6,3歳未勝利,13.0,15.0,5中京6,2歳未勝利,16.0,16.0,3中京8,2歳新馬,22.2,9.0,2026-08-08 00:26:27,jra,2026-08-08,61.99,52.1,69.9,55.3,87.5,64.1,45.0,履歴少 / 人気以上に走る傾向 / 近走上向き / 市場オッズ妙味
202604020510,2026-08-08,10,マツリダイコ,4.0,4.0,津村,53.0,,3.0,4.0,3東京6,3歳以上1勝クラス,4.0,3.0,2東京2,3歳1勝クラス,1.0,4.0,1東京7,3歳未勝利,,,,,,,,,4.5,3.0,2026-08-08 00:17:57,jra,2026-08-08,64.9,85.6,56.0,75.1,47.0,59.7,45.0,履歴少 / 安定感
202607020510,2026-08-08,10,マユナイト,1.0,1.0,幸,55.0,,9.0,8.0,2小倉1,3歳未勝利,3.0,7.0,2阪神1,3歳未勝利,5.0,6.0,1阪神6,3歳未勝利,7.0,10.0,1阪神1,3歳未勝利,10.0,9.0,2京都1,3歳未勝利,13.8,6.0,2026-08-08 00:26:27,jra,2026-08-08,52.67,55.8,58.6,44.7,33.5,65.1,45.0,履歴少 / 過小評価傾向 / 市場オッズ妙味
202604020510,2026-08-08,10,ミズノミヤコ,3.0,3.0,原,53.0,,2.0,5.0,盛岡,アンタレス賞(B1),14.0,8.0,1新潟2,3歳未勝利,15.0,5.0,1福島4,3歳未勝利,10.0,6.0,1東京5,3歳未勝利,2.0,15.0,1中山9,3歳新馬,63.6,12.0,2026-08-08 00:17:57,jra,2026-08-08,43.21,29.0,34.5,27.1,99.5,50.9,45.0,履歴少 / 近走上向き
202604020510,2026-08-08,10,ミッキーコンドル,8.0,6.0,小崎,58.0,,14.0,11.0,2小倉7,3歳以上1勝クラス,10.0,3.0,1新潟6,4歳以上1勝クラス,9.0,1.0,1函館12,3歳以上1勝クラス,1.0,2.0,1函館6,3歳未勝利,2.0,7.0,2京都11,3歳未勝利,43.9,11.0,2026-08-08 00:17:57,jra,2026-08-08,30.97,38.2,25.0,24.9,0.0,48.5,45.0,履歴少 / 市場オッズ妙味
202601010510,2026-08-08,10,メイショウアイル,4.0,4.0,横山琉,58.0,,4.0,5.0,3阪神3,三田特別(2勝クラス),4.0,5.0,3京都8,白川特別(2勝クラス),1.0,6.0,1中京6,4歳以上1勝クラス,4.0,2.0,1中京2,4歳以上1勝クラス,12.0,2.0,1小倉3,4歳以上1勝クラス,7.3,4.0,2026-08-08 00:47:02,jra,2026-08-08,63.01,74.1,51.5,89.7,57.5,55.2,45.0,履歴少 / 安定感
202607020510,2026-08-08,10,モズオサキニ,15.0,8.0,吉村,55.0,,2.0,5.0,2小倉7,3歳未勝利,9.0,8.0,3京都9,3歳未勝利,7.0,8.0,2阪神4,3歳未勝利,10.0,11.0,2京都4,3歳未勝利,,,,,7.3,3.0,2026-08-08 00:26:27,jra,2026-08-08,57.49,57.2,57.9,30.4,90.0,61.7,45.0,履歴少 / 近走上向き
202607020510,2026-08-08,10,モチモチチャン,13.0,7.0,田口,55.0,,11.0,9.0,3阪神6,3歳未勝利,7.0,10.0,1福島2,3歳未勝利,7.0,11.0,1小倉2,3歳未勝利,12.0,11.0,1京都5,3歳未勝利,10.0,8.0,4京都3,2歳未勝利,21.3,8.0,2026-08-08 00:26:27,jra,2026-08-08,39.6,34.0,54.0,0.0,38.0,57.6,45.0,履歴少 / 市場オッズ妙味
202604020510,2026-08-08,10,ヤマカンドリーミン,7.0,5.0,▲石田,52.0,,10.0,17.0,2新潟4,3歳未勝利,14.0,12.0,2東京12,3歳未勝利,11.0,6.0,2東京9,3歳未勝利,8.0,7.0,1新潟1,3歳未勝利,,,,,107.6,13.0,2026-08-08 00:17:57,jra,2026-08-08,37.42,21.1,53.9,0.0,56.0,52.7,45.0,履歴少
202607020510,2026-08-08,10,ヤマニンコルザ,2.0,1.0,松若,55.0,,7.0,3.0,3阪神1,3歳未勝利,6.0,8.0,3京都4,3歳未勝利,,,,,,,,,,,,,7.7,4.0,2026-08-08 00:26:27,jra,2026-08-08,42.61,48.6,40.5,18.0,42.2,54.0,45.0,履歴少 / サンプル少
202601010510,2026-08-08,10,ヨシヒロ,2.0,2.0,原田和,58.0,,11.0,11.0,2福島8,猪苗代特別(2勝クラス),12.0,11.0,2福島4,白河特別(2勝クラス),13.0,10.0,浦和,梅見月特別(B3),10.0,10.0,船橋,アメジスト特別(B3),13.0,7.0,船橋,初夢特別(B3),68.9,8.0,2026-08-08 00:47:02,jra,2026-08-08,30.37,11.2,43.3,0.0,48.0,47.0,45.0,地方実績を中央換算 / 履歴少
202604020510,2026-08-08,10,ルモンテ,6.0,5.0,大野,55.0,,6.0,2.0,2新潟2,3歳未勝利,2.0,5.0,3東京2,3歳未勝利,4.0,7.0,2東京6,3歳未勝利,8.0,3.0,3中山2,3歳未勝利,5.0,10.0,2中山2,3歳未勝利,26.9,8.0,2026-08-08 00:17:57,jra,2026-08-08,55.61,69.6,49.4,55.0,42.5,57.6,45.0,履歴少 / 市場オッズ妙味
202601010510,2026-08-08,10,レーヴドロペラ,7.0,7.0,松山,56.0,,4.0,5.0,1函館12,かもめ島特別(2勝クラス),2.0,3.0,3東京5,町田特別(2勝クラス),9.0,2.0,2中山3,潮来特別(2勝クラス),3.0,4.0,3福島4,三陸特別(2勝クラス),1.0,4.0,4新潟1,岩船特別(1勝クラス),5.1,3.0,2026-08-08 00:47:02,jra,2026-08-08,60.41,75.7,47.4,80.2,48.5,56.3,45.0,履歴少 / 安定感
202601010511,2026-08-08,11,アクションプラン,1.0,1.0,浜中,57.0,,14.0,6.0,3京都9,平安S(GIII),2.0,5.0,3中山2,マーチS(GIII),2.0,4.0,2中山4,総武S(OP),8.0,3.0,5中山4,師走S(L),3.0,2.0,3福島4,福島民友C(L),48.1,9.0,2026-08-08 00:22:57,jra,2026-08-08,42.34,56.2,35.1,55.0,0.0,50.5,45.0,履歴少 / 市場オッズ妙味
202607020511,2026-08-08,11,インターポーザー,8.0,6.0,国分優,58.0,,14.0,11.0,2中京2,3歳以上1勝クラス,15.0,10.0,1新潟8,4歳以上1勝クラス,11.0,13.0,1小倉4,4歳以上1勝クラス,12.0,9.0,3福島5,高湯温泉特別(1勝クラス),11.0,13.0,4阪神9,3歳以上1勝クラス,50.4,11.0,2026-08-08 00:55:42,jra,2026-08-08,26.92,7.8,36.0,0.0,39.5,49.0,45.0,履歴少
202601010511,2026-08-08,11,ウェイワードアクト,8.0,7.0,舟山,57.0,,1.0,1.0,1函館11,マリーンS(OP),,,2東京2,オアシスS(L),2.0,2.0,名古屋,かきつばた記念(JpnIII),7.0,3.0,1東京2,根岸S(GIII),1.0,1.0,5東京5,霜月S(OP),2.6,1.0,2026-08-08 00:22:57,jra,2026-08-08,58.57,79.4,44.6,53.0,64.0,50.8,45.0,履歴少
202607020511,2026-08-08,11,エスティヴァリス,7.0,6.0,酒井,53.0,,14.0,10.0,3阪神3,3歳以上1勝クラス,14.0,10.0,2阪神5,3歳1勝クラス,7.0,10.0,1阪神10,3歳1勝クラス,16.0,14.0,1阪神6,3歳1勝クラス,11.0,10.0,5中京3,つわぶき賞(1勝クラス),15.4,6.0,2026-08-08 00:55:42,jra,2026-08-08,29.03,12.3,35.9,0.0,38.0,56.4,45.0,履歴少 / 市場オッズ妙味
202604020511,2026-08-08,11,オタルイーグル,2.0,1.0,亀田,56.0,,14.0,2.0,1新潟7,はやぶさ賞(1勝クラス),1.0,5.0,1新潟4,3歳未勝利,4.0,8.0,1小倉7,3歳未勝利,7.0,2.0,姫路,JRA交流書写山特別,13.0,9.0,4京都7,2歳未勝利,23.0,10.0,2026-08-08 00:47:12,jra,2026-08-08,36.98,44.8,31.1,44.7,3.5,47.8,45.0,履歴少 / 市場オッズ妙味
202601010511,2026-08-08,11,オメガギネス,10.0,8.0,岩田康,57.0,,7.0,1.0,3中山2,マーチS(GIII),5.0,8.0,1東京8,フェブラリーS(GI),4.0,5.0,1東京2,根岸S(GIII),7.0,2.0,5東京3,武蔵野S(GIII),1.0,4.0,4東京1,グリーンチャンネルC(L),10.8,6.0,2026-08-08 00:22:57,jra,2026-08-08,51.39,65.7,40.9,55.0,33.5,57.5,45.0,履歴少
202607020511,2026-08-08,11,オーバースタンド,9.0,7.0,松若,58.0,,5.0,4.0,1新潟8,二王子特別(1勝クラス),3.0,3.0,1新潟1,4歳以上1勝クラス,4.0,8.0,1中京6,4歳以上1勝クラス,3.0,10.0,1中京1,4歳以上1勝クラス,10.0,8.0,1阪神1,4歳以上1勝クラス,11.4,5.0,2026-08-08 00:55:42,jra,2026-08-08,64.72,71.8,59.1,89.7,50.0,65.6,45.0,履歴少 / 安定感 / 過小評価傾向
202607020511,2026-08-08,11,オーライカモン,3.0,3.0,角田和,55.0,,4.0,4.0,2阪神8,3歳1勝クラス,12.0,12.0,1京都8,若駒S(L),6.0,5.0,1中山1,ジュニアC(L),6.0,5.0,5中京1,こうやまき賞(1勝クラス),1.0,7.0,4新潟4,2歳新馬,20.2,9.0,2026-08-08 00:55:42,jra,2026-08-08,53.69,57.0,51.9,40.7,63.5,58.9,45.0,履歴少 / 市場オッズ妙味
202604020511,2026-08-08,11,カイショー,5.0,3.0,津村,54.0,,7.0,2.0,1札幌1,3歳以上1勝クラス,3.0,1.0,1函館1,3歳以上1勝クラス,4.0,1.0,1小倉6,かささぎ賞(1勝クラス),2.0,2.0,1小倉1,萌黄賞(1勝クラス),3.0,3.0,5阪神1,さざんか賞(1勝クラス),7.9,3.0,2026-08-08 00:47:12,jra,2026-08-08,51.59,73.9,31.7,69.6,26.0,52.3,45.0,履歴少 / 安定感
202607020511,2026-08-08,11,グローブアマランス,6.0,5.0,田口,56.0,,7.0,2.0,1中京5,4歳以上1勝クラス,4.0,5.0,1阪神8,4歳以上1勝クラス,4.0,3.0,1小倉7,4歳以上1勝クラス,6.0,9.0,4東京9,3歳以上1勝クラス,13.0,9.0,3京都4,3歳以上1勝クラス,19.2,8.0,2026-08-08 00:55:42,jra,2026-08-08,50.17,58.9,39.9,44.7,48.5,60.1,45.0,履歴少 / 市場オッズ妙味
202607020511,2026-08-08,11,ゴージャス,2.0,2.0,コレット,56.0,,13.0,9.0,2中京2,3歳以上1勝クラス,10.0,6.0,1中京1,4歳以上1勝クラス,10.0,4.0,1京都3,4歳以上1勝クラス,7.0,6.0,2阪神7,3歳1勝クラス,10.0,6.0,2阪神1,君子蘭賞(1勝クラス),10.8,4.0,2026-08-08 00:55:42,jra,2026-08-08,26.62,24.2,22.3,0.0,27.5,47.8,45.0,履歴少
202604020511,2026-08-08,11,サツキレジーナ,3.0,2.0,柴田大,56.0,,7.0,8.0,1函館5,3歳以上1勝クラス,7.0,5.0,1小倉8,4歳以上1勝クラス,8.0,4.0,1小倉4,4歳以上1勝クラス,1.0,3.0,2札幌5,3歳未勝利,3.0,5.0,2札幌1,3歳未勝利,33.3,14.0,2026-08-08 00:47:12,jra,2026-08-08,47.46,60.7,46.6,24.9,36.5,52.9,45.0,履歴少
202604020511,2026-08-08,11,シャンクス,14.0,7.0,杉原,58.0,,3.0,6.0,2新潟2,3歳以上1勝クラス,9.0,3.0,1東京5,4歳以上1勝クラス,6.0,3.0,5中京1,3歳以上1勝クラス,3.0,3.0,5東京1,3歳以上1勝クラス,4.0,1.0,3新潟1,3歳以上1勝クラス,8.5,4.0,2026-08-08 00:47:12,jra,2026-08-08,54.51,66.5,39.6,55.3,65.0,53.3,45.0,履歴少 / 近走上向き
202607020511,2026-08-08,11,シャーリーゴールド,5.0,5.0,幸,56.0,,6.0,8.0,3京都7,4歳以上1勝クラス,8.0,13.0,1中京5,4歳以上1勝クラス,9.0,12.0,1京都3,4歳以上1勝クラス,9.0,16.0,4京都2,3歳以上1勝クラス,11.0,10.0,2札幌1,3歳以上1勝クラス,6.4,2.0,2026-08-08 00:55:42,jra,2026-08-08,52.27,43.6,73.6,0.0,69.5,68.3,45.0,履歴少 / 人気以上に走る傾向 / 近走上向き / 過小評価傾向
202604020511,2026-08-08,11,ジュエルドレーサー,12.0,6.0,石川,58.0,,1.0,1.0,笠松,ひこうき雲特別(C),1.0,1.0,笠松,C13組,7.0,1.0,名古屋,C17組,2.0,2.0,笠松,純烈・酒井一圭早寿記(C),,,笠松,イレコンドルヤスス記(C),42.3,15.0,2026-08-08 00:47:12,jra,2026-08-08,42.65,37.5,45.8,30.1,52.0,48.6,45.0,地方実績を中央換算 / 履歴少
202604020511,2026-08-08,11,セイラダンサー,15.0,7.0,◇今村,54.0,,16.0,10.0,2東京12,4歳以上1勝クラス,1.0,1.0,金沢,YJSトライアルラウ(C2),2.0,1.0,金沢,C24,1.0,1.0,金沢,多留見満則杯(C2),2.0,1.0,金沢,3歳B　6,27.3,11.0,2026-08-08 00:47:12,jra,2026-08-08,33.15,25.7,36.3,26.6,20.0,51.1,45.0,地方実績を中央換算 / 履歴少 / 市場オッズ妙味
202604020511,2026-08-08,11,ダイイズキャスト,11.0,6.0,三浦,56.0,,1.0,2.0,門別,アルキバ特別(C1),6.0,5.0,3京都6,3歳未勝利,3.0,3.0,1福島4,3歳未勝利,8.0,4.0,2京都6,3歳未勝利,8.0,4.0,1京都8,3歳新馬,31.6,13.0,2026-08-08 00:47:12,jra,2026-08-08,52.57,60.1,42.5,37.4,81.5,48.3,45.0,履歴少 / 近走上向き
202607020511,2026-08-08,11,テイエムスティール,12.0,8.0,☆田山,52.0,,3.0,5.0,3阪神3,3歳以上1勝クラス,7.0,5.0,2東京5,3歳1勝クラス,11.0,3.0,1阪神5,フィリーズレビュー(GII),3.0,2.0,1京都6,紅梅S(L),1.0,3.0,5阪神4,2歳新馬,10.0,3.0,2026-08-08 00:55:42,jra,2026-08-08,54.51,65.0,40.1,55.3,65.0,55.2,45.0,履歴少 / 近走上向き
202601010511,2026-08-08,11,テーオードレフォン,7.0,6.0,古川吉,57.0,,6.0,11.0,1函館11,マリーンS(OP),8.0,9.0,1函館8,大沼S(L),14.0,14.0,1京都9,プロキオンS(GII),15.0,10.0,5阪神6,ベテルギウスS(L),8.0,9.0,1札幌5,エルムS(GIII),133.1,11.0,2026-08-08 00:22:57,jra,2026-08-08,45.32,33.8,58.0,0.0,81.5,54.8,45.0,履歴少 / 近走上向き
202601010511,2026-08-08,11,テーオーパスワード,5.0,5.0,松山,57.0,,1.0,1.0,2東京11,アハルテケS(OP),2.0,1.0,2東京2,オアシスS(L),10.0,5.0,1京都9,プロキオンS(GII),6.0,1.0,5中山4,師走S(L),7.0,1.0,4阪神8,シリウスS(GIII),4.7,2.0,2026-08-08 00:22:57,jra,2026-08-08,55.38,73.0,31.9,55.3,81.5,45.5,45.0,履歴少 / 近走上向き
202601010511,2026-08-08,11,ナチュラルライズ,4.0,4.0,横山武,59.0,,8.0,8.0,大井,帝王賞競走(JpnI),8.0,4.0,船橋,かしわ記念(JpnI),7.0,7.0,1東京8,フェブラリーS(GI),11.0,3.0,大井,東京大賞典競走(GI),2.0,1.0,大井,ジャパンダートクラシ(JpnI),9.4,5.0,2026-08-08 00:22:57,jra,2026-08-08,35.07,27.7,41.5,5.4,42.0,51.1,45.0,地方実績を中央換算 / 履歴少
202607020511,2026-08-08,11,バルセシート,4.0,4.0,西村淳,55.0,,10.0,9.0,2東京6,NHKマイルC(GI),3.0,3.0,2阪神3,チャーチルダウンズC(GIII),2.0,1.0,1阪神8,3歳1勝クラス,4.0,2.0,1京都5,日刊スポシンザン記念(GIII),7.0,1.0,4京都7,ラジオN杯京都2歳S(GIII),1.8,1.0,2026-08-08 00:55:42,jra,2026-08-08,47.3,64.1,40.1,59.3,14.0,46.0,45.0,履歴少
202604020511,2026-08-08,11,パーティーガール,10.0,5.0,菊沢,56.0,,6.0,9.0,1函館8,3歳以上1勝クラス,10.0,12.0,1函館4,3歳以上1勝クラス,10.0,12.0,1函館2,3歳以上1勝クラス,11.0,11.0,1新潟5,4歳以上1勝クラス,15.0,10.0,1東京7,4歳以上1勝クラス,19.6,9.0,2026-08-08 00:47:12,jra,2026-08-08,47.19,33.7,59.0,0.0,83.0,65.3,45.0,履歴少 / 近走上向き / 過小評価傾向 / 市場オッズ妙味
202601010511,2026-08-08,11,ヒルノハンブルク,9.0,7.0,池添,57.0,,3.0,3.0,1函館11,マリーンS(OP),3.0,5.0,1函館8,大沼S(L),1.0,4.0,3京都7,上賀茂S(3勝クラス),16.0,3.0,1東京1,白嶺S(3勝クラス),11.0,1.0,4京都8,花園S(3勝クラス),48.8,10.0,2026-08-08 00:22:57,jra,2026-08-08,57.21,68.3,37.1,75.1,78.5,44.6,45.0,履歴少 / 近走上向き / 安定感 / 市場オッズ妙味
202604020511,2026-08-08,11,ビスケット,4.0,2.0,▲上里,53.0,,13.0,15.0,1新潟6,飛竜特別(1勝クラス),15.0,15.0,1福島3,4歳以上1勝クラス,15.0,16.0,1小倉4,4歳以上1勝クラス,16.0,15.0,3福島4,3歳以上1勝クラス,17.0,18.0,4新潟2,3歳以上1勝クラス,94.3,17.0,2026-08-08 00:47:12,jra,2026-08-08,33.87,1.2,55.3,0.0,66.5,55.5,45.0,履歴少 / 近走上向き
202604020511,2026-08-08,11,ファンシーフリル,9.0,5.0,▲石田,51.0,,1.0,1.0,1小倉12,3歳未勝利,2.0,1.0,1小倉9,3歳未勝利,2.0,1.0,1小倉5,3歳未勝利,2.0,2.0,1小倉3,3歳未勝利,2.0,3.0,3福島6,2歳未勝利,7.3,2.0,2026-08-08 00:47:12,jra,2026-08-08,69.18,94.4,47.6,100.0,56.0,57.8,45.0,履歴少 / 安定感
202604020511,2026-08-08,11,フェリスチカ,16.0,8.0,▲佐藤,53.0,,15.0,18.0,3東京3,3歳以上1勝クラス,15.0,15.0,1新潟4,4歳以上1勝クラス,15.0,15.0,2中山6,4歳以上1勝クラス,,,金沢,淳ちゃん!どーしたら(C2),1.0,2.0,金沢,箱乃なかみデビュー3(C2),145.0,18.0,2026-08-08 00:47:12,jra,2026-08-08,30.89,5.0,57.9,4.3,22.0,56.8,45.0,地方実績を中央換算 / 履歴少
202604020511,2026-08-08,11,ブライティアブーケ,13.0,7.0,大野,56.0,,2.0,6.0,2福島7,3歳以上1勝クラス,7.0,11.0,1福島2,4歳以上1勝クラス,9.0,8.0,1小倉6,4歳以上1勝クラス,13.0,11.0,1小倉3,4歳以上1勝クラス,12.0,11.0,3福島4,3歳以上1勝クラス,15.9,6.0,2026-08-08 00:47:12,jra,2026-08-08,57.78,49.9,61.3,30.4,99.5,64.4,45.0,履歴少 / 近走上向き / 市場オッズ妙味
202604020511,2026-08-08,11,ブラヴィーノ,1.0,1.0,丸田,58.0,,12.0,14.0,1函館12,3歳以上1勝クラス,9.0,9.0,1函館8,3歳以上1勝クラス,13.0,15.0,1福島6,4歳以上1勝クラス,16.0,18.0,1小倉11,4歳以上1勝クラス,16.0,18.0,1小倉7,4歳以上1勝クラス,78.5,16.0,2026-08-08 00:47:12,jra,2026-08-08,38.08,13.4,60.5,0.0,59.0,58.7,45.0,履歴少
202604020511,2026-08-08,11,ベルタソ,7.0,4.0,小崎,56.0,,4.0,7.0,1新潟6,飛竜特別(1勝クラス),2.0,2.0,1新潟1,4歳以上1勝クラス,9.0,8.0,1小倉11,4歳以上1勝クラス,2.0,12.0,1小倉7,4歳以上1勝クラス,4.0,2.0,笠松,馬籠宿特別(A),18.1,7.0,2026-08-08 00:47:12,jra,2026-08-08,64.78,71.1,64.4,75.9,51.5,68.8,45.0,履歴少 / 安定感 / 過小評価傾向 / 市場オッズ妙味
202601010511,2026-08-08,11,ペリエール,11.0,8.0,佐々木,58.0,,4.0,3.0,2東京2,オアシスS(L),10.0,9.0,1東京8,フェブラリーS(GI),10.0,15.0,5中京2,チャンピオンズC(GI),10.0,4.0,4京都2,みやこS(GIII),1.0,5.0,1札幌5,エルムS(GIII),6.9,4.0,2026-08-08 00:22:57,jra,2026-08-08,52.29,50.0,49.8,40.7,72.5,58.9,45.0,履歴少 / 近走上向き
202607020511,2026-08-08,11,ホールドミーワンス,10.0,7.0,富田,53.0,,1.0,1.0,浦和,ツイントップ特別(3歳),7.0,6.0,1福島3,3歳未勝利,12.0,2.0,1小倉5,3歳未勝利,3.0,4.0,1京都3,3歳未勝利,8.0,3.0,5中京4,2歳未勝利,35.5,10.0,2026-08-08 00:55:42,jra,2026-08-08,47.14,49.8,31.8,32.2,89.0,46.5,45.0,履歴少 / 近走上向き / 市場オッズ妙味
202604020511,2026-08-08,11,ミルトメロディー,6.0,3.0,原,54.0,,1.0,5.0,1函館10,3歳未勝利,4.0,6.0,1函館3,3歳未勝利,5.0,6.0,1函館2,3歳未勝利,3.0,5.0,1新潟5,3歳未勝利,5.0,14.0,1新潟4,3歳未勝利,19.4,8.0,2026-08-08 00:47:12,jra,2026-08-08,75.68,82.1,71.9,100.0,69.5,75.7,45.0,履歴少 / 人気以上に走る傾向 / 近走上向き / 安定感
202607020511,2026-08-08,11,メイショウハボマイ,11.0,8.0,▲森田,55.0,,11.0,13.0,2小倉5,3歳以上1勝クラス,6.0,8.0,2小倉1,3歳以上1勝クラス,12.0,15.0,3阪神4,3歳以上1勝クラス,13.0,15.0,1福島1,4歳以上1勝クラス,13.0,13.0,2京都5,4歳以上1勝クラス,146.4,12.0,2026-08-08 00:55:42,jra,2026-08-08,40.99,24.4,63.9,0.0,50.0,59.4,45.0,履歴少
202604020511,2026-08-08,11,メテオロイド,17.0,8.0,菱田,56.0,,14.0,4.0,2中京4,3歳未勝利,3.0,3.0,2小倉5,3歳未勝利,14.0,6.0,2小倉2,3歳未勝利,4.0,1.0,4新潟1,2歳未勝利,4.0,4.0,4阪神8,2歳未勝利,28.7,12.0,2026-08-08 00:47:12,jra,2026-08-08,31.15,39.9,14.6,49.8,3.5,39.9,45.0,履歴少
202604020511,2026-08-08,11,リオクリスハーレー,18.0,8.0,荻野極,54.0,,1.0,4.0,2新潟1,3歳未勝利,7.0,11.0,2東京5,3歳未勝利,7.0,6.0,3中山2,3歳未勝利,13.0,9.0,1中山9,3歳未勝利,12.0,5.0,5中山7,2歳未勝利,3.2,1.0,2026-08-08 00:47:12,jra,2026-08-08,55.59,55.5,52.8,30.4,100.0,51.7,45.0,履歴少 / 近走上向き
202601010511,2026-08-08,11,ルクソールカフェ,3.0,3.0,岩田望,58.0,,11.0,14.0,3東京2,安田記念(GI),5.0,6.0,キングアブドゥル,サウジC(GI),15.0,6.0,5中京2,チャンピオンズC(GI),1.0,3.0,5東京3,武蔵野S(GIII),3.0,2.0,大井,ジャパンダートクラシ(JpnI),6.2,3.0,2026-08-08 00:22:57,jra,2026-08-08,43.52,43.0,47.3,45.9,20.0,55.2,45.0,履歴少
202607020511,2026-08-08,11,レッドリガーレ,1.0,1.0,団野,55.0,,5.0,7.0,3京都5,3歳1勝クラス,6.0,3.0,2阪神8,3歳1勝クラス,5.0,6.0,1中京6,大寒桜賞(1勝クラス),13.0,12.0,5阪神6,朝日フューチュリティ(GI),1.0,2.0,4京都7,2歳新馬,15.6,7.0,2026-08-08 00:55:42,jra,2026-08-08,56.11,60.0,50.1,60.5,57.5,61.7,45.0,履歴少 / 安定感 / 市場オッズ妙味
202604020511,2026-08-08,11,レモンバーム,8.0,4.0,△石神道,54.0,,16.0,3.0,2新潟3,3歳以上1勝クラス,9.0,9.0,3京都10,4歳以上1勝クラス,7.0,4.0,1福島5,4歳以上1勝クラス,3.0,5.0,1中京5,4歳以上1勝クラス,6.0,9.0,1中山4,4歳以上1勝クラス,9.0,5.0,2026-08-08 00:47:12,jra,2026-08-08,29.49,37.7,22.4,14.6,0.0,52.2,45.0,履歴少
202601010511,2026-08-08,11,レヴォントゥレット,2.0,2.0,北村友,57.0,,2.0,2.0,1函館11,マリーンS(OP),2.0,7.0,1函館8,大沼S(L),6.0,7.0,3東京5,スレイプニルS(OP),7.0,8.0,3阪神3,三宮S(OP),12.0,8.0,2東京4,ブリリアントS(L),18.5,8.0,2026-08-08 00:22:57,jra,2026-08-08,63.81,71.6,58.2,55.3,78.5,66.0,45.0,履歴少 / 近走上向き / 過小評価傾向 / 市場オッズ妙味
202601010511,2026-08-08,11,ヴァルツァーシャル,6.0,6.0,斎藤,57.0,,2.0,8.0,3京都9,平安S(GIII),4.0,2.0,3中山2,マーチS(GIII),2.0,6.0,1中山4,ポルックスS(OP),2.0,4.0,5中山4,師走S(L),6.0,16.0,5東京3,武蔵野S(GIII),16.2,7.0,2026-08-08 00:22:57,jra,2026-08-08,74.32,84.7,74.1,89.7,59.0,74.9,45.0,履歴少 / 人気以上に走る傾向 / 安定感 / 過小評価傾向
202601010512,2026-08-08,12,アスミル,1.0,1.0,古川吉,55.0,,4.0,4.0,3東京5,相模湖特別(2勝クラス),4.0,5.0,3京都6,橘S(L),13.0,15.0,1中京3,中スポ賞ファルコンS(GIII),6.0,3.0,1阪神3,マーガレットS(L),4.0,4.0,1東京1,クロッカスS(L),26.2,10.0,2026-08-08 00:56:02,jra,2026-08-08,57.23,59.4,51.4,65.7,66.5,56.3,45.0,履歴少 / 近走上向き / 安定感 / 市場オッズ妙味
202601010512,2026-08-08,12,ウインイザナミ,5.0,4.0,岩田康,56.0,,10.0,5.0,3東京1,テレビ山梨杯(2勝クラス),1.0,4.0,2東京6,4歳以上1勝クラス,7.0,7.0,1福島1,4歳以上1勝クラス,15.0,4.0,1東京2,4歳以上1勝クラス,15.0,5.0,1中山4,4歳以上1勝クラス,16.6,7.0,2026-08-08 00:56:02,jra,2026-08-08,38.22,43.7,26.1,24.9,47.0,47.0,45.0,履歴少 / 市場オッズ妙味
202607020512,2026-08-08,12,ウイングサンライズ,1.0,1.0,丸山,55.0,,4.0,5.0,2中京2,3歳未勝利,8.0,6.0,2阪神1,3歳未勝利,9.0,3.0,1阪神2,3歳未勝利,,,,,,,,,17.4,12.0,2026-08-08 00:27:12,jra,2026-08-08,48.08,54.9,37.1,30.4,77.0,45.9,45.0,履歴少 / 近走上向き
202607020512,2026-08-08,12,エコロディアン,7.0,4.0,Ｍデムーロ,55.0,,6.0,1.0,1福島5,3歳未勝利,3.0,3.0,1福島1,3歳未勝利,,,,,,,,,,,,,9.7,3.0,2026-08-08 00:27:12,jra,2026-08-08,44.22,56.9,34.9,31.7,35.6,52.3,45.0,履歴少 / サンプル少
202604020512,2026-08-08,12,エーデルクラフト,1.0,1.0,石川,57.0,,13.0,5.0,2新潟2,3歳未勝利,,,,,,,,,,,,,,,,,38.4,13.0,2026-08-08 00:18:42,jra,2026-08-08,33.05,30.5,29.6,29.6,40.6,31.8,45.0,履歴少 / サンプル少
202601010512,2026-08-08,12,オーシャントライブ,13.0,8.0,北村友,58.0,,9.0,6.0,4中京1,有松特別(2勝クラス),9.0,5.0,3東京4,芦ノ湖特別(2勝クラス),2.0,4.0,2東京8,テレ玉杯(2勝クラス),5.0,2.0,1阪神6,皆生特別(2勝クラス),3.0,4.0,1京都7,4歳以上2勝クラス,69.6,12.0,2026-08-08 00:56:02,jra,2026-08-08,44.42,56.7,37.1,44.7,24.5,49.0,45.0,履歴少
202604020512,2026-08-08,12,オーブレーヌ,14.0,7.0,△石神道,53.0,,4.0,8.0,2福島6,3歳未勝利,8.0,8.0,1新潟3,3歳未勝利,6.0,11.0,2中山3,3歳未勝利,,,,,,,,,3.2,1.0,2026-08-08 00:18:42,jra,2026-08-08,59.42,61.2,70.5,30.4,68.0,64.7,45.0,履歴少 / 人気以上に走る傾向 / 近走上向き
202607020512,2026-08-08,12,グッデイ,17.0,8.0,秋山稔,55.0,,11.0,7.0,3阪神1,3歳未勝利,5.0,12.0,3京都8,3歳未勝利,6.0,16.0,3京都3,3歳未勝利,13.0,11.0,2京都2,3歳未勝利,8.0,13.0,5中京5,2歳未勝利,16.3,10.0,2026-08-08 00:27:12,jra,2026-08-08,49.53,40.0,69.1,24.9,32.0,74.4,45.0,履歴少 / 人気以上に走る傾向 / 過小評価傾向 / 市場オッズ妙味
202607020512,2026-08-08,12,グレンセロース,12.0,6.0,吉村,55.0,,2.0,4.0,2小倉8,3歳未勝利,5.0,6.0,3京都9,3歳未勝利,4.0,6.0,3京都2,3歳未勝利,10.0,9.0,1京都3,3歳未勝利,5.0,5.0,5阪神5,2歳新馬,13.8,6.0,2026-08-08 00:27:12,jra,2026-08-08,66.31,71.0,57.7,85.4,74.0,63.8,45.0,履歴少 / 近走上向き / 安定感 / 市場オッズ妙味
202607020512,2026-08-08,12,ココロザスノ,10.0,5.0,酒井,55.0,,8.0,5.0,3阪神5,3歳未勝利,13.0,5.0,2阪神4,3歳未勝利,4.0,2.0,1京都6,3歳新馬,,,,,,,,,22.5,14.0,2026-08-08 00:27:12,jra,2026-08-08,34.32,39.1,19.2,19.8,53.0,39.4,45.0,履歴少
202604020512,2026-08-08,12,コンフィグシス,6.0,3.0,▲石田,52.0,,4.0,5.0,盛岡,アンバー賞(3歳),15.0,13.0,3東京3,3歳未勝利,6.0,7.0,2東京7,3歳未勝利,6.0,7.0,1福島5,3歳未勝利,7.0,10.0,2中山3,3歳未勝利,40.1,14.0,2026-08-08 00:18:42,jra,2026-08-08,45.91,36.4,52.0,13.7,77.0,56.1,45.0,履歴少 / 近走上向き
202607020512,2026-08-08,12,ゴッドアイ,15.0,7.0,コレット,55.0,,5.0,3.0,3京都11,3歳未勝利,4.0,3.0,3京都3,3歳未勝利,8.0,2.0,1小倉12,3歳未勝利,3.0,2.0,1小倉6,3歳未勝利,3.0,7.0,5阪神2,2歳未勝利,6.2,2.0,2026-08-08 00:27:12,jra,2026-08-08,55.72,69.2,37.6,80.2,47.0,53.9,45.0,履歴少 / 安定感
202604020512,2026-08-08,12,ジェイエルグリーン,15.0,8.0,菱田,55.0,,6.0,13.0,2福島8,3歳未勝利,10.0,7.0,2東京6,3歳未勝利,10.0,7.0,2東京3,3歳未勝利,8.0,8.0,3中山1,3歳未勝利,5.0,7.0,2中山1,3歳未勝利,37.4,12.0,2026-08-08 00:18:42,jra,2026-08-08,47.17,44.2,57.0,10.3,63.5,55.5,45.0,履歴少
202601010512,2026-08-08,12,ジーネキング,11.0,7.0,横山武,55.0,,2.0,2.0,2新潟1,豊栄特別(2勝クラス),7.0,6.0,2福島2,ラジオNIKKEI賞(GIII),13.0,13.0,2東京6,NHKマイルC(GI),3.0,4.0,3中山5,ニュージーランドT(GII),12.0,12.0,2中山6,フジTVスプリングS(GII),6.7,2.0,2026-08-08 00:56:02,jra,2026-08-08,56.18,55.2,49.3,45.0,90.5,58.1,45.0,履歴少 / 近走上向き
202604020512,2026-08-08,12,スカーレットジーン,11.0,6.0,武藤,55.0,,9.0,12.0,1新潟6,3歳未勝利,9.0,16.0,1福島3,3歳未勝利,9.0,16.0,1東京5,3歳未勝利,17.0,18.0,5中山4,2歳未勝利,14.0,12.0,4東京1,2歳新馬,20.2,8.0,2026-08-08 00:18:42,jra,2026-08-08,48.43,27.0,77.9,0.0,69.5,66.7,45.0,履歴少 / 人気以上に走る傾向 / 近走上向き / 過小評価傾向
202607020512,2026-08-08,12,スターアスコット,18.0,8.0,△柴田裕,53.0,,5.0,4.0,2小倉5,3歳未勝利,6.0,9.0,3京都11,3歳未勝利,10.0,9.0,1中京4,3歳未勝利,,,,,,,,,6.0,1.0,2026-08-08 00:27:12,jra,2026-08-08,52.43,54.8,52.3,30.4,68.0,58.7,45.0,履歴少 / 近走上向き
202601010512,2026-08-08,12,スミレファースト,6.0,5.0,横山琉,56.0,,15.0,14.0,1函館2,函館日刊スポーツ杯(2勝クラス),12.0,11.0,2中山8,鎌ケ谷特別(2勝クラス),16.0,9.0,2中山2,4歳以上2勝クラス,10.0,10.0,5東京6,3歳以上2勝クラス,4.0,6.0,5東京2,3歳以上2勝クラス,122.3,13.0,2026-08-08 00:56:02,jra,2026-08-08,28.63,14.9,37.9,10.3,23.0,49.0,45.0,履歴少
202607020512,2026-08-08,12,タガノプトゥリ,13.0,7.0,藤懸,55.0,,14.0,4.0,1新潟4,3歳未勝利,5.0,15.0,3京都1,3歳未勝利,10.0,14.0,1阪神2,3歳新馬,,,,,,,,,88.7,18.0,2026-08-08 00:27:12,jra,2026-08-08,37.84,29.9,52.3,24.9,11.0,57.8,45.0,履歴少
202607020512,2026-08-08,12,ティグリス,2.0,1.0,幸,55.0,,5.0,2.0,2小倉6,3歳未勝利,6.0,8.0,3阪神3,3歳未勝利,6.0,3.0,1中京2,3歳未勝利,,,,,,,,,16.1,8.0,2026-08-08 00:27:12,jra,2026-08-08,50.4,63.2,40.6,30.4,56.0,59.6,42.3,市場オッズ妙味
202604020512,2026-08-08,12,ディエスルージュ,13.0,7.0,木幡巧,55.0,,13.0,9.0,1小倉10,3歳未勝利,4.0,6.0,2京都1,3歳新馬,,,,,,,,,,,,,51.5,15.0,2026-08-08 00:18:42,jra,2026-08-08,37.67,38.0,40.5,31.7,18.0,48.8,45.0,履歴少 / サンプル少
202604020512,2026-08-08,12,デリシューズマン,10.0,5.0,丸田,57.0,,12.0,10.0,1函館1,3歳未勝利,12.0,13.0,2東京11,3歳未勝利,,,,,,,,,,,,,21.3,9.0,2026-08-08 00:18:42,jra,2026-08-08,36.68,24.6,43.0,18.0,45.5,52.5,45.0,履歴少 / サンプル少 / 市場オッズ妙味
202607020512,2026-08-08,12,ハッピーリオン,16.0,8.0,太宰,55.0,,8.0,8.0,3京都11,3歳未勝利,6.0,8.0,2阪神3,3歳未勝利,10.0,14.0,1阪神7,3歳未勝利,,,,,,,,,30.8,16.0,2026-08-08 00:27:12,jra,2026-08-08,46.41,45.1,62.0,0.0,50.0,60.0,45.0,履歴少
202607020512,2026-08-08,12,バルフルール,4.0,2.0,角田和,55.0,,12.0,8.0,3京都8,3歳未勝利,8.0,8.0,3京都3,3歳未勝利,,,,,,,,,,,,,17.0,11.0,2026-08-08 00:27:12,jra,2026-08-08,36.58,32.5,37.0,18.0,32.3,57.5,45.0,履歴少 / サンプル少 / 市場オッズ妙味
202601010512,2026-08-08,12,ヒズマスターピース,8.0,6.0,浜中,53.0,,5.0,2.0,1札幌2,羊ヶ丘特別(2勝クラス),7.0,5.0,3中山5,ニュージーランドT(GII),3.0,7.0,1東京5,デイリー杯クイーンC(GIII),15.0,7.0,5阪神4,阪神ジュベナイルF(GI),1.0,5.0,5東京5,赤松賞(1勝クラス),6.8,3.0,2026-08-08 00:56:02,jra,2026-08-08,53.17,60.6,40.4,60.5,59.0,54.9,45.0,履歴少 / 安定感
202604020512,2026-08-08,12,ファインブライト,9.0,5.0,杉原,57.0,,10.0,11.0,1函館11,3歳未勝利,11.0,9.0,3東京6,3歳未勝利,6.0,6.0,2東京10,3歳未勝利,8.0,8.0,1新潟2,3歳未勝利,5.0,11.0,3中山4,3歳未勝利,170.7,16.0,2026-08-08 00:18:42,jra,2026-08-08,41.46,38.8,53.0,10.3,35.0,56.8,45.0,履歴少
202607020512,2026-08-08,12,フェブリノ,11.0,6.0,松若,55.0,,5.0,8.0,2中京1,3歳以上1勝クラス,8.0,6.0,2小倉6,3歳未勝利,4.0,8.0,2小倉3,3歳未勝利,3.0,11.0,3阪神3,3歳未勝利,7.0,15.0,3阪神1,3歳未勝利,14.6,7.0,2026-08-08 00:27:12,jra,2026-08-08,65.87,64.3,72.4,64.7,53.0,75.1,58.6,距離適性 / 頭数減経験 / 前走人気以上 / 人気以上に走る傾向
202604020512,2026-08-08,12,フォーエバーラブ,7.0,4.0,柴田大,57.0,,5.0,8.0,2新潟2,3歳未勝利,13.0,7.0,2東京12,3歳未勝利,6.0,9.0,2東京6,3歳未勝利,5.0,13.0,1福島6,3歳未勝利,11.0,11.0,2中山1,3歳未勝利,36.4,11.0,2026-08-08 00:18:42,jra,2026-08-08,53.93,45.5,58.2,45.0,72.5,61.5,45.0,履歴少 / 近走上向き / 市場オッズ妙味
202604020512,2026-08-08,12,ブラッキッシュ,8.0,4.0,戸崎圭,57.0,,3.0,2.0,2東京2,3歳未勝利,2.0,1.0,5中山3,2歳新馬,,,,,,,,,,,,,4.2,2.0,2026-08-08 00:18:42,jra,2026-08-08,51.1,66.2,41.6,48.4,42.2,51.4,45.0,履歴少 / サンプル少
202601010512,2026-08-08,12,ブラックジェダイト,10.0,7.0,佐々木,58.0,,4.0,2.0,2東京9,高尾特別(2勝クラス),1.0,1.0,3中山6,4歳以上1勝クラス,3.0,1.0,2中山3,4歳以上1勝クラス,2.0,4.0,1中山4,4歳以上1勝クラス,5.0,4.0,1函館7,恵山特別(1勝クラス),8.1,4.0,2026-08-08 00:56:02,jra,2026-08-08,64.02,85.1,44.3,100.0,42.5,57.0,45.0,履歴少 / 安定感
202607020512,2026-08-08,12,ペスキエーラ,6.0,3.0,団野,55.0,,12.0,10.0,3京都9,3歳未勝利,14.0,11.0,2阪神5,3歳未勝利,15.0,5.0,1小倉10,3歳未勝利,10.0,2.0,4東京11,2歳新馬,,,,,26.1,15.0,2026-08-08 00:27:12,jra,2026-08-08,22.08,8.6,14.9,0.0,56.0,34.8,45.0,履歴少
202601010512,2026-08-08,12,ホウキボシ,2.0,2.0,岩田望,58.0,,2.0,7.0,3東京2,小金井特別(2勝クラス),13.0,2.0,2東京1,4歳以上2勝クラス,3.0,1.0,1中山8,初霞賞(2勝クラス),2.0,2.0,5中山9,コントレイルC(2勝クラス),3.0,3.0,5中山3,3歳以上2勝クラス,12.3,5.0,2026-08-08 00:56:02,jra,2026-08-08,57.84,67.7,38.7,75.1,69.5,55.5,45.0,履歴少 / 近走上向き / 安定感 / 市場オッズ妙味
202604020512,2026-08-08,12,ポポラヴィスタ,16.0,8.0,津村,55.0,,3.0,5.0,2福島5,3歳未勝利,2.0,11.0,2福島1,3歳未勝利,11.0,11.0,1小倉7,3歳未勝利,18.0,16.0,1小倉4,3歳未勝利,15.0,17.0,1中山2,3歳未勝利,8.8,3.0,2026-08-08 00:18:42,jra,2026-08-08,63.76,52.4,69.4,55.3,100.0,66.4,45.0,履歴少 / 人気以上に走る傾向 / 近走上向き / 過小評価傾向
202604020512,2026-08-08,12,マイネルリーヒム,3.0,2.0,菊沢,57.0,,2.0,11.0,2福島7,3歳未勝利,9.0,4.0,1新潟1,3歳未勝利,5.0,4.0,1福島1,3歳未勝利,4.0,4.0,2中山6,3歳未勝利,4.0,9.0,2京都5,3歳未勝利,10.5,5.0,2026-08-08 00:18:42,jra,2026-08-08,65.6,69.3,62.7,75.1,71.0,65.2,45.0,履歴少 / 近走上向き / 安定感 / 過小評価傾向
202607020512,2026-08-08,12,マスティカーレ,3.0,2.0,田口,55.0,,10.0,6.0,3京都12,3歳未勝利,4.0,10.0,3京都8,3歳未勝利,15.0,5.0,1阪神3,3歳未勝利,7.0,3.0,4阪神8,2歳未勝利,2.0,3.0,3新潟3,2歳新馬,11.0,5.0,2026-08-08 00:27:12,jra,2026-08-08,40.82,44.5,34.8,35.3,32.0,53.1,45.0,履歴少
202601010512,2026-08-08,12,マーゴットブロー,4.0,4.0,斎藤,55.0,,4.0,1.0,1札幌2,羊ヶ丘特別(2勝クラス),1.0,2.0,3中山8,3歳1勝クラス,8.0,14.0,1中京3,中スポ賞ファルコンS(GIII),3.0,6.0,2中山2,3歳1勝クラス,7.0,4.0,1中山1,ジュニアC(L),26.5,11.0,2026-08-08 00:56:02,jra,2026-08-08,61.58,74.3,54.6,69.9,54.5,58.9,45.0,履歴少 / 安定感 / 市場オッズ妙味
202607020512,2026-08-08,12,ミヤジマミコ,14.0,7.0,◇永島,53.0,,4.0,6.0,金沢,加賀九谷賞(未勝利)(3歳牝馬),12.0,9.0,1阪神2,3歳新馬,,,,,,,,,,,,,22.1,13.0,2026-08-08 00:27:12,jra,2026-08-08,42.04,31.3,42.2,25.5,71.9,49.7,45.0,履歴少 / サンプル少 / 近走上向き
202604020512,2026-08-08,12,ヤマニンリンキング,12.0,6.0,大野,57.0,,11.0,4.0,2福島6,3歳未勝利,,,,,,,,,,,,,,,,,29.0,10.0,2026-08-08 00:18:42,jra,2026-08-08,34.24,34.0,29.9,29.6,40.6,32.9,45.0,履歴少 / サンプル少
202604020512,2026-08-08,12,ラクシオンデクラ,2.0,1.0,荻野極,57.0,,3.0,11.0,2福島8,3歳未勝利,10.0,13.0,1福島5,3歳未勝利,13.0,11.0,2中山3,3歳未勝利,8.0,18.0,5中山7,2歳未勝利,13.0,11.0,4東京5,2歳新馬,14.9,6.0,2026-08-08 00:18:42,jra,2026-08-08,60.08,40.1,78.3,30.4,98.0,72.5,45.0,履歴少 / 人気以上に走る傾向 / 近走上向き / 過小評価傾向
202604020512,2026-08-08,12,リベルタアーラ,4.0,2.0,◇今村,53.0,,10.0,14.0,1新潟2,3歳未勝利,14.0,13.0,2中山4,3歳未勝利,8.0,10.0,5中山5,2歳新馬,,,,,,,,,16.9,7.0,2026-08-08 00:18:42,jra,2026-08-08,42.13,22.9,62.7,0.0,56.0,67.4,45.0,履歴少 / 過小評価傾向 / 市場オッズ妙味
202601010512,2026-08-08,12,ルクスジニア,3.0,3.0,池添,56.0,,6.0,4.0,3東京4,芦ノ湖特別(2勝クラス),5.0,2.0,2東京7,調布特別(2勝クラス),7.0,3.0,1小倉5,RKB賞(2勝クラス),6.0,2.0,1京都6,4歳以上2勝クラス,5.0,1.0,5阪神4,甲東特別(2勝クラス),18.0,8.0,2026-08-08 00:56:02,jra,2026-08-08,45.83,61.2,28.0,35.3,48.5,52.9,45.0,履歴少 / 市場オッズ妙味
202607020512,2026-08-08,12,ルナフィオーレ,5.0,3.0,川田,55.0,,3.0,2.0,2小倉8,3歳未勝利,3.0,3.0,2小倉2,3歳未勝利,7.0,6.0,3京都7,3歳未勝利,9.0,4.0,3京都3,3歳未勝利,7.0,8.0,1阪神7,3歳未勝利,10.5,4.0,2026-08-08 00:27:12,jra,2026-08-08,56.48,67.4,42.1,55.3,71.0,56.1,45.0,履歴少 / 近走上向き
202607020512,2026-08-08,12,ルージュシャラポワ,9.0,5.0,▲川端,52.0,,13.0,12.0,3阪神1,3歳未勝利,10.0,6.0,1阪神7,3歳未勝利,10.0,6.0,2京都4,3歳未勝利,4.0,3.0,3京都11,2歳新馬,,,,,41.8,17.0,2026-08-08 00:27:12,jra,2026-08-08,30.56,27.7,32.5,14.6,20.0,45.4,45.0,履歴少
202607020512,2026-08-08,12,ルージュマデイラ,8.0,4.0,富田,55.0,,4.0,4.0,2小倉8,3歳未勝利,13.0,6.0,3阪神2,3歳未勝利,,,,,,,,,,,,,16.1,9.0,2026-08-08 00:27:12,jra,2026-08-08,44.84,42.0,33.4,34.7,73.0,54.7,45.0,履歴少 / サンプル少 / 近走上向き / 市場オッズ妙味
202601010512,2026-08-08,12,レイユール,7.0,5.0,長浜,56.0,,2.0,8.0,1札幌2,羊ヶ丘特別(2勝クラス),9.0,8.0,1函館9,HTB杯(2勝クラス),6.0,14.0,3東京1,テレビ山梨杯(2勝クラス),14.0,13.0,2阪神5,4歳以上2勝クラス,13.0,8.0,2中山8,鎌ケ谷特別(2勝クラス),20.0,9.0,2026-08-08 00:56:02,jra,2026-08-08,58.63,49.2,67.4,30.4,100.0,60.9,45.0,履歴少 / 人気以上に走る傾向 / 近走上向き / 市場オッズ妙味
202601010512,2026-08-08,12,レッドスティンガー,9.0,6.0,横山和,55.0,,6.0,4.0,2阪神4,バイオレットS(OP),1.0,1.0,2中山3,3歳1勝クラス,2.0,2.0,1中山4,3歳1勝クラス,7.0,4.0,5中山8,2歳1勝クラス,8.0,3.0,5東京1,京王杯2歳S(GII),2.4,1.0,2026-08-08 00:56:02,jra,2026-08-08,51.34,73.5,39.1,44.7,41.0,47.2,45.0,履歴少
202604020512,2026-08-08,12,ローレルエース,5.0,3.0,原,57.0,,9.0,11.0,1福島1,3歳未勝利,9.0,17.0,2中山3,3歳未勝利,13.0,16.0,4東京7,2歳新馬,,,,,,,,,9.1,4.0,2026-08-08 00:18:42,jra,2026-08-08,49.1,27.6,79.8,0.0,62.0,73.5,45.0,履歴少 / 人気以上に走る傾向 / 過小評価傾向
202601010512,2026-08-08,12,ヴィンブルレー,12.0,8.0,松山,56.0,,16.0,3.0,2東京5,4歳以上2勝クラス,1.0,1.0,3中山6,4歳以上1勝クラス,9.0,2.0,1中山8,4歳以上1勝クラス,2.0,3.0,4東京10,3歳以上1勝クラス,1.0,1.0,5中山3,2歳未勝利,12.3,6.0,2026-08-08 00:56:02,jra,2026-08-08,36.15,55.8,13.7,49.8,0.0,48.3,45.0,履歴少 / 市場オッズ妙味
202655080801,2026-08-08,1,クラトリレインボー,1.0,1.0,山田義貴,54.0,,4.0,4.0,佐賀,2歳ー3組,5.0,5.0,佐賀,ひまわり賞チャレンジ(未勝利)(2歳),8.0,9.0,佐賀,2歳ー1組,5.0,6.0,佐賀,九州産スーパーホープ(2歳),,,,,13.5,6.0,,nar,2026-08-08,60.07,65.4,52.7,69.9,62.0,62.7,45.0,履歴少 / 安定感 / 市場オッズ妙味
202655080801,2026-08-08,1,クラーケン,7.0,7.0,竹吉徹,55.0,,3.0,4.0,佐賀,スーパーホープフルデ(2歳),,,,,,,,,,,,,,,,,2.3,1.0,,nar,2026-08-08,43.18,48.1,42.2,36.3,40.6,41.7,45.0,履歴少 / サンプル少
202665080801,2026-08-08,1,クリスタルアイドル,7.0,7.0,中原蓮,580.0,,,,,,,,,,,,,,,,,,,,,,,,,nar,2026-08-08,36.0,35.0,35.0,35.0,35.0,35.0,45.0,履歴少
202665080801,2026-08-08,1,クリスタルクロリス,3.0,3.0,長澤幸太,580.0,,,,,,,,,,,,,,,,,,,,,,,,,nar,2026-08-08,36.0,35.0,35.0,35.0,35.0,35.0,45.0,履歴少
202665080801,2026-08-08,1,ゴールドダイ,2.0,2.0,西謙一,600.0,,,,,,,,,,,,,,,,,,,,,,,,,nar,2026-08-08,36.0,35.0,35.0,35.0,35.0,35.0,45.0,履歴少
202665080801,2026-08-08,1,ジェイノウンカイ,5.0,5.0,西将太,600.0,,,,,,,,,,,,,,,,,,,,,,,,,nar,2026-08-08,36.0,35.0,35.0,35.0,35.0,35.0,45.0,履歴少
202665080801,2026-08-08,1,ジェイレディ,1.0,1.0,阿部優哉,580.0,,,,,,,,,,,,,,,,,,,,,,,,,nar,2026-08-08,36.0,35.0,35.0,35.0,35.0,35.0,45.0,履歴少
202665080801,2026-08-08,1,ジュエリービーチ,8.0,8.0,菊池一樹,600.0,,,,,,,,,,,,,,,,,,,,,,,,,nar,2026-08-08,36.0,35.0,35.0,35.0,35.0,35.0,45.0,履歴少
202655080801,2026-08-08,1,スマイルノード,6.0,6.0,田中純,54.0,,7.0,4.0,佐賀,2歳ー2組,4.0,5.0,佐賀,スーパーホープフルデ(2歳),,,,,,,,,,,,,18.0,7.0,,nar,2026-08-08,45.16,52.5,40.9,31.7,35.6,57.5,45.0,履歴少 / サンプル少 / 市場オッズ妙味
202655080801,2026-08-08,1,チョコ,2.0,2.0,青海大樹,53.0,,8.0,10.0,佐賀,2歳ー2組,4.0,6.0,佐賀,ひまわり賞チャレンジ(未勝利)(2歳),9.0,8.0,佐賀,2歳ー1組,4.0,5.0,佐賀,九州産スーパーホープ(2歳),,,,,40.8,8.0,,nar,2026-08-08,51.65,56.3,58.2,39.5,36.0,59.5,45.0,履歴少 / 市場オッズ妙味
202665080801,2026-08-08,1,ツガルアマゾン,4.0,4.0,今井千尋,590.0,,,,,,,,,,,,,,,,,,,,,,,,,nar,2026-08-08,36.0,35.0,35.0,35.0,35.0,35.0,45.0,履歴少
202665080801,2026-08-08,1,ハゴロモリュウセイ,9.0,8.0,大友一馬,580.0,,,,,,,,,,,,,,,,,,,,,,,,,nar,2026-08-08,36.0,35.0,35.0,35.0,35.0,35.0,45.0,履歴少
202655080801,2026-08-08,1,プレアサンダー,8.0,8.0,石川慎将,55.0,,5.0,5.0,佐賀,スーパーホープフルデ(2歳),,,,,,,,,,,,,,,,,5.0,3.0,,nar,2026-08-08,41.67,44.6,40.6,36.3,40.6,40.6,45.0,履歴少 / サンプル少
202665080801,2026-08-08,1,マオノビクトリー,6.0,6.0,中村太陽,600.0,,,,,,,,,,,,,,,,,,,,,,,,,nar,2026-08-08,36.0,35.0,35.0,35.0,35.0,35.0,45.0,履歴少
202655080801,2026-08-08,1,リモンタセーラ,3.0,3.0,出水拓人,54.0,,5.0,4.0,佐賀,スーパーホープフルデ(2歳),,,,,,,,,,,,,,,,,9.9,4.0,,nar,2026-08-08,41.14,44.6,39.1,36.3,40.6,39.5,45.0,履歴少 / サンプル少
202655080801,2026-08-08,1,ルミナスブーケ,5.0,5.0,山口勲,54.0,,4.0,1.0,佐賀,スーパーホープフルデ(2歳),,,,,,,,,,,,,,,,,3.5,2.0,,nar,2026-08-08,40.59,46.4,36.0,36.3,40.6,37.3,45.0,履歴少 / サンプル少
202655080801,2026-08-08,1,レディーハルハル,4.0,4.0,山下裕貴,54.0,,10.0,3.0,佐賀,2歳ー2組,2.0,2.0,佐賀,2歳ー2組,7.0,6.0,佐賀,スーパーホープフルデ(2歳),,,,,,,,,12.6,5.0,,nar,2026-08-08,39.18,55.6,28.3,24.9,17.0,52.1,45.0,履歴少 / 市場オッズ妙味
202665080802,2026-08-08,2,アーククレセント,4.0,4.0,阿部武臣,500.0,,,,,,,,,,,,,,,,,,,,,,,,,nar,2026-08-08,36.0,35.0,35.0,35.0,35.0,35.0,45.0,履歴少
202665080802,2026-08-08,2,イワキファミリー,2.0,2.0,菊池一樹,500.0,,,,,,,,,,,,,,,,,,,,,,,,,nar,2026-08-08,36.0,35.0,35.0,35.0,35.0,35.0,45.0,履歴少
202655080802,2026-08-08,2,エイシンコラソン,8.0,7.0,長田進仁,54.0,,10.0,8.0,佐賀,C2ー17組,11.0,9.0,佐賀,SAGAリベンジャー(C2),10.0,4.0,佐賀,SAGAリベンジャー(C2),5.0,4.0,佐賀,SAGAリベンジャー(C2),5.0,5.0,佐賀,SAGAリベンジャー(C2),41.4,7.0,,nar,2026-08-08,36.73,36.0,32.9,24.9,36.5,49.1,45.0,履歴少 / 市場オッズ妙味
202655080802,2026-08-08,2,エバーステイ,2.0,2.0,山口勲,54.0,,5.0,3.0,佐賀,C2ー17組,5.0,2.0,佐賀,C2ー14組,4.0,1.0,金沢,父省吾☆退職「お疲れ(C2),12.0,13.0,3福島3,3歳以上1勝クラス,5.0,9.0,4東京3,3歳以上1勝クラス,2.6,1.0,,nar,2026-08-08,55.99,61.4,40.3,85.4,59.0,52.1,45.0,履歴少 / 安定感
202655080802,2026-08-08,2,エールヴェガ,3.0,3.0,出水拓人,54.0,,10.0,11.0,佐賀,C2ー16組,11.0,10.0,佐賀,C2ー13組,5.0,6.0,佐賀,SAGAリベンジャー(C2),10.0,11.0,佐賀,SAGAリベンジャー(C2),10.0,10.0,佐賀,C2ー14組,53.8,8.0,,nar,2026-08-08,41.99,33.9,52.8,19.8,44.0,54.8,45.0,履歴少
202665080802,2026-08-08,2,キタデテンセイ,10.0,8.0,鈴木恵介,480.0,,,,,,,,,,,,,,,,,,,,,,,,,nar,2026-08-08,36.0,35.0,35.0,35.0,35.0,35.0,45.0,履歴少
202655080802,2026-08-08,2,キタノローマン,9.0,8.0,川島拓,54.0,,8.0,8.0,佐賀,C2ー14組,,,名古屋,C15組,11.0,11.0,名古屋,ドキドキしゃちうまく(C),11.0,7.0,名古屋,C14組,9.0,9.0,名古屋,門松賞(C),11.9,5.0,,nar,2026-08-08,39.83,31.9,44.6,0.0,64.0,57.3,45.0,履歴少
202655080802,2026-08-08,2,クラリスヒメ,10.0,8.0,長谷川蓮,54.0,,10.0,8.0,佐賀,SAGAリベンジャー(3歳),5.0,10.0,佐賀,SAGAリベンジャー(3歳),10.0,11.0,佐賀,SAGAリベンジャー(3歳),11.0,9.0,佐賀,SAGAリベンジャー(3歳),8.0,6.0,佐賀,SAGAリベンジャー(3歳),10.9,4.0,,nar,2026-08-08,44.17,38.5,52.4,24.9,41.0,60.2,45.0,履歴少
202655080802,2026-08-08,2,ケイツーコルーニ,1.0,1.0,金山昇馬,54.0,,6.0,7.0,佐賀,C2ー17組,10.0,12.0,佐賀,C2ー14組,7.0,4.0,佐賀,C2ー13組,8.0,8.0,笠松,道子・穂波・知子頑張(C),4.0,4.0,笠松,飛べ!離陸待ちニート(C),17.8,6.0,,nar,2026-08-08,47.64,49.8,51.5,10.3,57.5,62.2,45.0,履歴少 / 市場オッズ妙味
202655080802,2026-08-08,2,コスモチャンティ,4.0,4.0,加茂飛翔,54.0,,11.0,10.0,佐賀,C2ー16組,12.0,9.0,佐賀,C2ー14組,9.0,9.0,佐賀,C2ー13組,5.0,7.0,佐賀,SAGAリベンジャー(C2),10.0,7.0,佐賀,SAGAリベンジャー(C2),56.5,9.0,,nar,2026-08-08,36.17,29.0,42.5,14.6,38.0,50.2,45.0,履歴少
202665080802,2026-08-08,2,コトブキハリアー,5.0,5.0,村上章,500.0,,,,,,,,,,,,,,,,,,,,,,,,,nar,2026-08-08,36.0,35.0,35.0,35.0,35.0,35.0,45.0,履歴少
202665080802,2026-08-08,2,ゴールドブリオン,3.0,3.0,西将太,500.0,,,,,,,,,,,,,,,,,,,,,,,,,nar,2026-08-08,36.0,35.0,35.0,35.0,35.0,35.0,45.0,履歴少
202665080802,2026-08-08,2,ジェイカイン,1.0,1.0,大友一馬,500.0,,,,,,,,,,,,,,,,,,,,,,,,,nar,2026-08-08,36.0,35.0,35.0,35.0,35.0,35.0,45.0,履歴少
202665080802,2026-08-08,2,スーパーメジャー,6.0,6.0,中原蓮,500.0,,,,,,,,,,,,,,,,,,,,,,,,,nar,2026-08-08,36.0,35.0,35.0,35.0,35.0,35.0,45.0,履歴少
202655080802,2026-08-08,2,ネオディヤマンテ,7.0,7.0,飛田愛斗,56.0,,10.0,9.0,名古屋,C18組,4.0,2.0,名古屋,C17組,3.0,4.0,名古屋,C22組,5.0,5.0,名古屋,C21組,6.0,5.0,名古屋,C22組,2.9,2.0,,nar,2026-08-08,48.67,60.2,45.0,59.3,17.0,52.6,45.0,履歴少
202655080802,2026-08-08,2,パドマーワト,6.0,6.0,小松丈二,54.0,,11.0,10.0,佐賀,C2ー17組,12.0,12.0,佐賀,SAGAリベンジャー(C2),9.0,10.0,佐賀,SAGAリベンジャー(C2),9.0,11.0,佐賀,SAGAリベンジャー(C2),9.0,11.0,佐賀,SAGAリベンジャー(C2),102.7,10.0,,nar,2026-08-08,37.16,25.2,52.7,0.0,42.5,56.1,45.0,履歴少
202665080802,2026-08-08,2,プリンセスローミー,9.0,8.0,中村太陽,480.0,,,,,,,,,,,,,,,,,,,,,,,,,nar,2026-08-08,36.0,35.0,35.0,35.0,35.0,35.0,45.0,履歴少
202665080802,2026-08-08,2,ホクセイヤマビコ,7.0,7.0,中山直樹,500.0,,,,,,,,,,,,,,,,,,,,,,,,,nar,2026-08-08,36.0,35.0,35.0,35.0,35.0,35.0,45.0,履歴少
202665080802,2026-08-08,2,マオノクラージュ,8.0,7.0,赤塚健仁,500.0,,,,,,,,,,,,,,,,,,,,,,,,,nar,2026-08-08,36.0,35.0,35.0,35.0,35.0,35.0,45.0,履歴少
202655080802,2026-08-08,2,レットフィールマン,5.0,5.0,椿聡太,51.0,,5.0,4.0,佐賀,SAGAリベンジャー(3歳),13.0,17.0,3京都12,3歳未勝利,11.0,9.0,2阪神3,3歳未勝利,12.0,17.0,1阪神9,3歳未勝利,8.0,4.0,1小倉6,3歳新馬,4.7,3.0,,nar,2026-08-08,48.54,31.9,54.3,30.4,86.0,57.9,45.0,履歴少 / 近走上向き
202655080803,2026-08-08,3,アルクノワール,1.0,1.0,金山昇馬,54.0,,6.0,5.0,盛岡,3歳C2六組,4.0,6.0,盛岡,3歳C2五組,8.0,9.0,水沢,3歳C2七組,8.0,11.0,水沢,3歳C2二組,9.0,10.0,盛岡,3歳C2二組,6.5,4.0,,nar,2026-08-08,52.3,56.0,56.5,24.9,57.5,61.9,45.0,履歴少
202655080803,2026-08-08,3,オコリンボーマミー,8.0,6.0,飛田愛斗,54.0,,4.0,5.0,佐賀,SAGAリベンジャー(3歳),15.0,7.0,1新潟7,3歳未勝利,12.0,13.0,1新潟4,3歳未勝利,16.0,6.0,1小倉4,3歳新馬,,,,,6.0,2.0,,nar,2026-08-08,40.82,28.4,27.0,30.4,100.0,44.6,45.0,履歴少 / 近走上向き
202665080803,2026-08-08,3,キタノスミレ,6.0,6.0,西将太,480.0,,,,,,,,,,,,,,,,,,,,,,,,,nar,2026-08-08,36.0,35.0,35.0,35.0,35.0,35.0,45.0,履歴少
202655080803,2026-08-08,3,キタノレガーロ,6.0,5.0,中山蓮王,54.0,,12.0,12.0,佐賀,C2ー13組,9.0,6.0,佐賀,C2ー15組,10.0,9.0,佐賀,C2ー15組,8.0,7.0,佐賀,C2ー16組,5.0,10.0,佐賀,C2ー17組,137.2,12.0,,nar,2026-08-08,36.23,31.6,46.0,10.3,26.0,53.5,45.0,履歴少
202655080803,2026-08-08,3,クインズヒマワリ,3.0,3.0,石川慎将,54.0,,3.0,8.0,佐賀,SAGAリベンジャー(3歳),15.0,16.0,3東京1,3歳未勝利,14.0,16.0,1福島4,3歳未勝利,12.0,14.0,2中山1,3歳未勝利,,,,,3.6,1.0,,nar,2026-08-08,54.17,30.4,69.2,30.4,100.0,63.6,45.0,履歴少 / 人気以上に走る傾向 / 近走上向き
202665080803,2026-08-08,3,ケンハヤチ,4.0,4.0,吉田理人,490.0,,,,,,,,,,,,,,,,,,,,,,,,,nar,2026-08-08,36.0,35.0,35.0,35.0,35.0,35.0,45.0,履歴少
202665080803,2026-08-08,3,ココロノビジン,5.0,5.0,鈴木恵介,480.0,,,,,,,,,,,,,,,,,,,,,,,,,nar,2026-08-08,36.0,35.0,35.0,35.0,35.0,35.0,45.0,履歴少
202665080803,2026-08-08,3,シュガーベリー,8.0,7.0,長澤幸太,500.0,,,,,,,,,,,,,,,,,,,,,,,,,nar,2026-08-08,36.0,35.0,35.0,35.0,35.0,35.0,45.0,履歴少
202665080803,2026-08-08,3,ツカサカブス,2.0,2.0,島津新,500.0,,,,,,,,,,,,,,,,,,,,,,,,,nar,2026-08-08,36.0,35.0,35.0,35.0,35.0,35.0,45.0,履歴少
202655080803,2026-08-08,3,パワーレイヤー,9.0,7.0,後藤武蔵,53.0,,8.0,10.0,佐賀,3歳ー10組,9.0,6.0,佐賀,SAGAリベンジャー(3歳),7.0,10.0,佐賀,SAGAリベンジャー(3歳),6.0,10.0,佐賀,SAGAリベンジャー(3歳),9.0,12.0,佐賀,SAGAリベンジャー(3歳),61.6,10.0,,nar,2026-08-08,45.52,45.1,59.4,0.0,48.5,59.4,45.0,履歴少
202655080803,2026-08-08,3,パークヒルシューズ,10.0,7.0,山田義貴,54.0,,5.0,3.0,佐賀,3歳ー10組,5.0,9.0,園田,3歳C1二,12.0,10.0,園田,金会スプリント3歳C(C1C2),10.0,9.0,高知,足摺盃(3歳),14.0,12.0,3京都11,2歳未勝利,8.8,5.0,,nar,2026-08-08,52.68,44.1,47.5,55.3,81.5,57.3,45.0,履歴少 / 近走上向き
202655080803,2026-08-08,3,ヒコボシ,11.0,8.0,田中純,56.0,,5.0,4.0,金沢,3歳B　8,4.0,1.0,金沢,3歳B　6,13.0,15.0,2東京11,3歳未勝利,13.0,12.0,3中山8,3歳未勝利,11.0,15.0,2中山8,3歳未勝利,12.4,8.0,,nar,2026-08-08,53.2,43.1,47.3,55.3,81.5,63.5,45.0,履歴少 / 近走上向き / 市場オッズ妙味
202665080803,2026-08-08,3,ヒノクニゴールド,7.0,7.0,赤塚健仁,500.0,,,,,,,,,,,,,,,,,,,,,,,,,nar,2026-08-08,36.0,35.0,35.0,35.0,35.0,35.0,45.0,履歴少
202665080803,2026-08-08,3,ヒノクニレディー,10.0,8.0,金田利貴,480.0,,,,,,,,,,,,,,,,,,,,,,,,,nar,2026-08-08,36.0,35.0,35.0,35.0,35.0,35.0,45.0,履歴少
202655080803,2026-08-08,3,フリーリターン,4.0,4.0,山下裕貴,54.0,,4.0,2.0,佐賀,3歳ー10組,15.0,16.0,2東京11,3歳未勝利,14.0,15.0,3中山3,3歳未勝利,,,,,,,,,6.1,3.0,,nar,2026-08-08,48.48,30.8,48.5,30.4,100.0,57.7,45.0,履歴少 / 近走上向き
202665080803,2026-08-08,3,ポップコーン,3.0,3.0,西謙一,480.0,,,,,,,,,,,,,,,,,,,,,,,,,nar,2026-08-08,36.0,35.0,35.0,35.0,35.0,35.0,45.0,履歴少
202655080803,2026-08-08,3,マイネルガンナー,5.0,5.0,小松丈二,56.0,,10.0,9.0,佐賀,C2ー13組,10.0,10.0,佐賀,C2ー13組,8.0,9.0,佐賀,C2ー14組,9.0,9.0,佐賀,C2ー14組,9.0,9.0,佐賀,C2ー15組,135.5,11.0,,nar,2026-08-08,38.37,33.2,49.3,0.0,44.0,53.5,45.0,履歴少
202655080803,2026-08-08,3,ミラクルスパート,2.0,2.0,田中直人,54.0,,8.0,3.0,名古屋,夏波賞(3歳),10.0,2.0,名古屋,アジア・アジアパラ応(3歳),9.0,2.0,名古屋,3歳9組,3.0,2.0,名古屋,3歳9組,15.0,15.0,1福島3,3歳未勝利,9.2,6.0,,nar,2026-08-08,34.21,39.7,14.7,14.6,57.5,45.8,45.0,履歴少
202665080803,2026-08-08,3,ミントココロノ,1.0,1.0,大友一馬,480.0,,,,,,,,,,,,,,,,,,,,,,,,,nar,2026-08-08,36.0,35.0,35.0,35.0,35.0,35.0,45.0,履歴少
202665080803,2026-08-08,3,メオトコトブキ,9.0,8.0,臼杵龍美,490.0,,,,,,,,,,,,,,,,,,,,,,,,,nar,2026-08-08,36.0,35.0,35.0,35.0,35.0,35.0,45.0,履歴少
202655080803,2026-08-08,3,ライトニングラン,12.0,8.0,椿聡太,51.0,,8.0,3.0,佐賀,C2ー13組,7.0,7.0,金沢,C28,9.0,2.0,金沢,C28,6.0,2.0,金沢,C27,,6.0,金沢,C28,17.9,9.0,,nar,2026-08-08,35.81,47.1,22.8,0.0,46.0,51.0,45.0,履歴少 / 市場オッズ妙味
202655080803,2026-08-08,3,ロードゴスペル,7.0,6.0,山口勲,56.0,,7.0,7.0,佐賀,3歳ー10組,10.0,7.0,佐賀,3歳ー9組,5.0,3.0,佐賀,SAGAリベンジャー(3歳),4.0,1.0,佐賀,SAGAリベンジャー(3歳),7.0,3.0,佐賀,SAGAリベンジャー(3歳),10.2,7.0,,nar,2026-08-08,44.95,52.7,36.0,34.3,47.0,52.1,45.0,履歴少
202655080804,2026-08-08,4,アッシュアール,3.0,3.0,青海大樹,55.0,,4.0,7.0,佐賀,佐賀ユーススプリント(重賞),2.0,4.0,佐賀,サガデーナイト競馬賞(B),7.0,10.0,佐賀,九州優駿栄城賞(重賞),7.0,8.0,佐賀,佐賀かささぎスプリン(重賞),10.0,11.0,佐賀,佐賀皐月賞(重賞),2.5,1.0,,nar,2026-08-08,61.88,66.8,65.8,55.3,65.0,60.4,45.0,履歴少 / 人気以上に走る傾向 / 近走上向き
202665080804,2026-08-08,4,イワキボナール,10.0,8.0,船山蔵人,510.0,,,,,,,,,,,,,,,,,,,,,,,,,nar,2026-08-08,36.0,35.0,35.0,35.0,35.0,35.0,45.0,履歴少
202655080804,2026-08-08,4,エラブローラン,4.0,4.0,後藤武蔵,53.0,,1.0,6.0,佐賀,UMATENA有村の(C1),2.0,9.0,佐賀,JRA交流えびの特別,6.0,7.0,佐賀,C1ー9組,4.0,9.0,佐賀,C1ー9組,9.0,5.0,佐賀,C1ー8組,4.4,2.0,,nar,2026-08-08,71.85,80.0,76.4,69.9,75.5,65.4,45.0,履歴少 / 人気以上に走る傾向 / 近走上向き / 安定感
202655080804,2026-08-08,4,カシノハンゾウ,9.0,7.0,石川慎将,56.0,,11.0,8.0,佐賀,JRA交流霧島賞(重賞),1.0,7.0,佐賀,JRA交流えびの特別,4.0,8.0,佐賀,スターマイン特別(3歳),5.0,7.0,園田,3歳C1,9.0,2.0,園田,3歳C1,7.3,5.0,,nar,2026-08-08,51.77,59.7,56.6,59.3,12.5,59.8,45.0,履歴少
202655080804,2026-08-08,4,カシノフレックス,7.0,6.0,金山昇馬,56.0,,8.0,9.0,佐賀,JRA交流霧島賞(重賞),5.0,2.0,佐賀,JRA交流えびの特別,5.0,5.0,佐賀,AIパッカル賞(B),2.0,2.0,佐賀,シャイニングスター特(3歳),2.0,8.0,佐賀,佐賀城下スプリント(重賞),7.1,4.0,,nar,2026-08-08,55.11,66.7,51.2,69.6,23.0,60.9,45.0,履歴少 / 安定感
202655080804,2026-08-08,4,カシノロイ,6.0,5.0,長谷川蓮,55.0,,4.0,11.0,佐賀,3歳ー3組,8.0,6.0,佐賀,3歳ー3組,4.0,8.0,佐賀,3歳ー4組,7.0,10.0,佐賀,3歳ー4組,8.0,9.0,佐賀,パドックリニューアル(3歳),70.1,10.0,,nar,2026-08-08,61.29,61.2,70.7,50.2,66.5,62.0,45.0,履歴少 / 人気以上に走る傾向 / 近走上向き
202665080804,2026-08-08,4,キョウエイギンガ,5.0,5.0,菊池一樹,510.0,,,,,,,,,,,,,,,,,,,,,,,,,nar,2026-08-08,36.0,35.0,35.0,35.0,35.0,35.0,45.0,履歴少
202655080804,2026-08-08,4,ゴーゴーコクラ,11.0,8.0,川島拓,55.0,,10.0,4.0,佐賀,脳みそ夫さん来場記念(3歳),9.0,5.0,佐賀,パッカルくんのおとし(3歳),3.0,4.0,佐賀,パッカルくんのおとし(3歳),8.0,4.0,佐賀,3歳ー5組,4.0,3.0,佐賀,よーらいさん来場記念(3歳),69.7,9.0,,nar,2026-08-08,37.42,48.4,26.8,30.1,26.0,44.4,45.0,履歴少
202665080804,2026-08-08,4,サカノダンスクイン,6.0,6.0,松本秀克,490.0,,,,,,,,,,,,,,,,,,,,,,,,,nar,2026-08-08,36.0,35.0,35.0,35.0,35.0,35.0,45.0,履歴少
202655080804,2026-08-08,4,チェストイケ,5.0,5.0,出水拓人,53.0,,9.0,8.0,佐賀,ポーチュラカ賞(C1),10.0,8.0,佐賀,JRA交流大隅特別,5.0,3.0,佐賀,C1ー12組,7.0,5.0,佐賀,C1ー11組,7.0,6.0,佐賀,C1ー10組,79.4,12.0,,nar,2026-08-08,40.11,44.3,38.9,19.8,39.5,48.3,45.0,履歴少
202665080804,2026-08-08,4,トウメイクイン,8.0,7.0,長澤幸太,490.0,,,,,,,,,,,,,,,,,,,,,,,,,nar,2026-08-08,36.0,35.0,35.0,35.0,35.0,35.0,45.0,履歴少
202655080804,2026-08-08,4,ナンゴクキャンドル,10.0,7.0,田中純,54.0,,6.0,8.0,佐賀,里帰りJC第1戦ホー(C1),3.0,5.0,佐賀,JRA交流えびの特別,3.0,7.0,佐賀,アイリス賞(C1),1.0,1.0,佐賀,春風賞(C2),4.0,4.0,佐賀,うまかばい!福岡の酪(C2),18.9,7.0,,nar,2026-08-08,63.04,78.2,63.3,69.6,30.5,67.5,45.0,履歴少 / 安定感 / 過小評価傾向 / 市場オッズ妙味
202655080804,2026-08-08,4,ナンゴクトップガン,1.0,1.0,小松丈二,55.0,,10.0,7.0,佐賀,C2ー3組,,,佐賀,夏至賞(C2),11.0,10.0,佐賀,芒種賞(C2),11.0,4.0,佐賀,C2ー3組,10.0,8.0,佐賀,ペガスス座特選(C2),73.7,11.0,,nar,2026-08-08,30.58,24.3,28.2,0.0,54.0,42.9,45.0,履歴少
202655080804,2026-08-08,4,ニシノサンストーン,2.0,2.0,飛田愛斗,56.0,,3.0,10.0,佐賀,里帰りJC第1戦ホー(C1),6.0,6.0,佐賀,JRA交流大隅特別,7.0,4.0,佐賀,KYUSHUDREA(C1),6.0,6.0,佐賀,C1ー7組,8.0,7.0,佐賀,パドックリニューアル(C1),16.8,6.0,,nar,2026-08-08,58.14,64.1,60.0,30.4,72.5,64.0,45.0,履歴少 / 近走上向き / 市場オッズ妙味
202665080804,2026-08-08,4,ヒメトラハピネス,2.0,2.0,西謙一,490.0,,,,,,,,,,,,,,,,,,,,,,,,,nar,2026-08-08,36.0,35.0,35.0,35.0,35.0,35.0,45.0,履歴少
202665080804,2026-08-08,4,ホクセイキリシマ,7.0,7.0,阿部武臣,510.0,,,,,,,,,,,,,,,,,,,,,,,,,nar,2026-08-08,36.0,35.0,35.0,35.0,35.0,35.0,45.0,履歴少
202665080804,2026-08-08,4,ホクセイスズタロウ,4.0,4.0,渡来心路,510.0,,,,,,,,,,,,,,,,,,,,,,,,,nar,2026-08-08,36.0,35.0,35.0,35.0,35.0,35.0,45.0,履歴少
202665080804,2026-08-08,4,ホクセイスピカ,1.0,1.0,西将太,490.0,,,,,,,,,,,,,,,,,,,,,,,,,nar,2026-08-08,36.0,35.0,35.0,35.0,35.0,35.0,45.0,履歴少
202665080804,2026-08-08,4,ホクセイヤマト,9.0,8.0,島津新,510.0,,,,,,,,,,,,,,,,,,,,,,,,,nar,2026-08-08,36.0,35.0,35.0,35.0,35.0,35.0,45.0,履歴少
202665080804,2026-08-08,4,ホープノチカラ,3.0,3.0,赤塚健仁,510.0,,,,,,,,,,,,,,,,,,,,,,,,,nar,2026-08-08,36.0,35.0,35.0,35.0,35.0,35.0,45.0,履歴少
202655080804,2026-08-08,4,リリーベネット,8.0,6.0,田中直人,53.0,,1.0,2.0,佐賀,3歳ー2組,3.0,9.0,佐賀,JRA交流大隅特別,12.0,12.0,佐賀,九州優駿栄城賞(重賞),6.0,6.0,佐賀,パッカルくんのおとし(3歳),8.0,7.0,佐賀,パッカルくんのおとし(3歳),6.8,3.0,,nar,2026-08-08,63.94,67.0,61.9,55.3,87.5,62.1,45.0,履歴少 / 近走上向き
202655080804,2026-08-08,4,ヴィジュイイジャン,12.0,8.0,椿聡太,52.0,,9.0,7.0,佐賀,JRA交流大隅特別,5.0,5.0,佐賀,JRA交流ミヤマキリ(3歳),1.0,1.0,佐賀,たんぽぽ賞チャレンジ(3歳),2.0,1.0,佐賀,たんぽぽ賞チャレンジ(2歳),10.0,6.0,2小倉4,2歳未勝利,31.2,8.0,,nar,2026-08-08,49.57,64.0,41.8,59.3,23.0,51.8,45.0,履歴少 / 市場オッズ妙味
202665080805,2026-08-08,5,アンペラール,7.0,7.0,村上章,600.0,,,,,,,,,,,,,,,,,,,,,,,,,nar,2026-08-08,36.0,35.0,35.0,35.0,35.0,35.0,45.0,履歴少
202655080805,2026-08-08,5,オーロクリューソス,12.0,8.0,石川慎将,54.0,,6.0,7.0,金沢,加賀九谷賞(未勝利)(3歳牝馬),12.0,13.0,1新潟3,3歳未勝利,,,,,,,,,,,,,13.6,7.0,,nar,2026-08-08,45.69,39.1,49.4,18.0,65.3,60.0,45.0,履歴少 / サンプル少 / 近走上向き / 市場オッズ妙味
202655080805,2026-08-08,5,カーリーエンジェル,6.0,5.0,金山昇馬,54.0,,9.0,3.0,3中京7,2歳新馬,,,,,,,,,,,,,,,,,9.3,6.0,,nar,2026-08-08,35.75,37.6,31.4,29.6,40.6,34.0,45.0,履歴少 / サンプル少
202665080805,2026-08-08,5,ガシンショウタン,5.0,5.0,西謙一,600.0,,,,,,,,,,,,,,,,,,,,,,,,,nar,2026-08-08,36.0,35.0,35.0,35.0,35.0,35.0,45.0,履歴少
202655080805,2026-08-08,5,キタノガイヤール,11.0,8.0,山下裕貴,54.0,,15.0,15.0,3阪神5,3歳未勝利,,,,,,,,,,,,,,,,,5.1,3.0,,nar,2026-08-08,36.68,29.6,40.6,29.6,40.6,40.6,45.0,履歴少 / サンプル少
202665080805,2026-08-08,5,シオン,2.0,2.0,船山蔵人,580.0,,,,,,,,,,,,,,,,,,,,,,,,,nar,2026-08-08,36.0,35.0,35.0,35.0,35.0,35.0,45.0,履歴少
202655080805,2026-08-08,5,ジュンカチガラス,8.0,6.0,川島拓,54.0,,4.0,3.0,佐賀,SAGAリベンジャー(C2),7.0,8.0,佐賀,SAGAリベンジャー(C2),9.0,9.0,佐賀,C2ー17組,5.0,7.0,佐賀,C2ー19組,11.0,5.0,佐賀,C2ー19組,31.9,8.0,,nar,2026-08-08,53.1,55.2,47.3,45.0,74.0,53.7,45.0,履歴少 / 近走上向き / 市場オッズ妙味
202665080805,2026-08-08,5,スーパーサンセイ,10.0,8.0,鈴木恵介,600.0,,,,,,,,,,,,,,,,,,,,,,,,,nar,2026-08-08,36.0,35.0,35.0,35.0,35.0,35.0,45.0,履歴少
202665080805,2026-08-08,5,ダイコウシン,8.0,7.0,西将太,600.0,,,,,,,,,,,,,,,,,,,,,,,,,nar,2026-08-08,36.0,35.0,35.0,35.0,35.0,35.0,45.0,履歴少
202655080805,2026-08-08,5,ダイメイハマダ,2.0,2.0,出水拓人,56.0,,9.0,11.0,佐賀,C2ー14組,10.0,7.0,門別,3歳以上C4ー3,6.0,11.0,門別,3歳以上C4ー3,11.0,13.0,門別,グランシャリオドリー(C4),9.0,6.0,門別,3歳以上C4ー2,34.3,9.0,,nar,2026-08-08,42.24,36.4,55.8,0.0,50.0,58.2,45.0,履歴少 / 市場オッズ妙味
202655080805,2026-08-08,5,テイエムオオアラシ,1.0,1.0,中山蓮王,56.0,,16.0,13.0,3阪神5,3歳未勝利,,,,,,,,,,,,,,,,,6.8,5.0,,nar,2026-08-08,35.11,29.6,36.0,29.6,40.6,37.3,45.0,履歴少 / サンプル少
202665080805,2026-08-08,5,ディースピード,6.0,6.0,長澤幸太,600.0,,,,,,,,,,,,,,,,,,,,,,,,,nar,2026-08-08,36.0,35.0,35.0,35.0,35.0,35.0,45.0,履歴少
202665080805,2026-08-08,5,トヨミヒラリ,9.0,8.0,渡来心路,580.0,,,,,,,,,,,,,,,,,,,,,,,,,nar,2026-08-08,36.0,35.0,35.0,35.0,35.0,35.0,45.0,履歴少
202655080805,2026-08-08,5,トルマリンテソーロ,5.0,5.0,田中直人,54.0,,13.0,12.0,2東京3,3歳未勝利,13.0,13.0,3中山4,3歳未勝利,,,,,,,,,,,,,4.3,2.0,,nar,2026-08-08,35.52,20.2,43.4,18.0,45.5,52.4,45.0,履歴少 / サンプル少
202655080805,2026-08-08,5,バチェラーパーティ,4.0,4.0,長田進仁,56.0,,9.0,8.0,佐賀,C2ー16組,7.0,7.0,佐賀,C2ー13組,6.0,8.0,佐賀,C2ー13組,8.0,2.0,佐賀,SAGAリベンジャー(C2),4.0,2.0,佐賀,SAGAリベンジャー(C2),73.7,12.0,,nar,2026-08-08,40.96,50.0,43.1,10.3,33.5,49.0,45.0,履歴少
202665080805,2026-08-08,5,パワークレオパトラ,3.0,3.0,今井千尋,570.0,,,,,,,,,,,,,,,,,,,,,,,,,nar,2026-08-08,36.0,35.0,35.0,35.0,35.0,35.0,45.0,履歴少
202665080805,2026-08-08,5,ヒゴサクラ,1.0,1.0,金田利貴,580.0,,,,,,,,,,,,,,,,,,,,,,,,,nar,2026-08-08,36.0,35.0,35.0,35.0,35.0,35.0,45.0,履歴少
202655080805,2026-08-08,5,ペリドットテソーロ,3.0,3.0,山田義貴,54.0,,8.0,11.0,1東京4,3歳新馬,,,,,,,,,,,,,,,,,4.2,1.0,,nar,2026-08-08,40.69,39.3,45.3,29.6,40.6,42.0,45.0,履歴少 / サンプル少
202655080805,2026-08-08,5,マイドリームガール,10.0,7.0,後藤武蔵,51.0,,4.0,2.0,佐賀,C2ー17組,5.0,2.0,佐賀,SAGAリベンジャー(C2),2.0,2.0,佐賀,C2ー20組,4.0,2.0,佐賀,SAGAリベンジャー(C2),5.0,2.0,佐賀,SAGAリベンジャー(C2),6.6,4.0,,nar,2026-08-08,59.8,76.3,36.3,100.0,50.0,51.5,45.0,履歴少 / 安定感
202655080805,2026-08-08,5,マイホームヒロイン,7.0,6.0,青海大樹,53.0,,7.0,9.0,佐賀,C2ー17組,10.0,7.0,佐賀,SAGAリベンジャー(C2),,,佐賀,SAGAリベンジャー(C2),5.0,8.0,佐賀,SAGAリベンジャー(C2),8.0,5.0,佐賀,SAGAリベンジャー(C2),70.8,11.0,,nar,2026-08-08,45.08,46.4,49.9,14.6,54.0,52.7,45.0,履歴少
202665080805,2026-08-08,5,レディームキムキ,4.0,4.0,大友一馬,580.0,,,,,,,,,,,,,,,,,,,,,,,,,nar,2026-08-08,36.0,35.0,35.0,35.0,35.0,35.0,45.0,履歴少
202655080805,2026-08-08,5,ヴィアツァ,9.0,7.0,加茂飛翔,54.0,,8.0,9.0,佐賀,C2ー16組,6.0,10.0,佐賀,C2ー14組,2.0,7.0,佐賀,SAGAリベンジャー(C2),7.0,7.0,佐賀,SAGAリベンジャー(C2),7.0,6.0,佐賀,SAGAリベンジャー(C2),52.5,10.0,,nar,2026-08-08,51.7,59.5,65.3,19.8,35.0,59.4,45.0,履歴少 / 人気以上に走る傾向
202665080806,2026-08-08,6,アアモンドクリン,5.0,5.0,阿部優哉,590.0,,,,,,,,,,,,,,,,,,,,,,,,,nar,2026-08-08,36.0,35.0,35.0,35.0,35.0,35.0,45.0,履歴少
202655080806,2026-08-08,6,イクヒロ,8.0,8.0,田中純,56.0,,12.0,10.0,2小倉2,3歳未勝利,14.0,10.0,3阪神2,3歳未勝利,11.0,9.0,1阪神8,3歳1勝クラス,14.0,12.0,1小倉12,3歳未勝利,12.0,13.0,3京都5,2歳未勝利,6.4,3.0,,nar,2026-08-08,29.13,8.8,34.7,0.0,54.5,52.1,45.0,履歴少
202665080806,2026-08-08,6,イワキライジン,4.0,4.0,菊池一樹,610.0,,,,,,,,,,,,,,,,,,,,,,,,,nar,2026-08-08,36.0,35.0,35.0,35.0,35.0,35.0,45.0,履歴少
202655080806,2026-08-08,6,エクスプロウド,1.0,1.0,飛田愛斗,56.0,,17.0,18.0,3阪神6,3歳未勝利,13.0,13.0,1中京3,3歳未勝利,14.0,9.0,5阪神1,2歳未勝利,11.0,10.0,4阪神8,2歳未勝利,8.0,5.0,4阪神1,2歳新馬,3.7,1.0,,nar,2026-08-08,26.05,8.5,42.0,0.0,17.0,50.4,45.0,履歴少
202655080806,2026-08-08,6,カゼノハゴロモ,6.0,6.0,小松丈二,54.0,,12.0,13.0,2福島2,3歳未勝利,11.0,10.0,1小倉5,3歳未勝利,10.0,10.0,4東京5,2歳未勝利,12.0,12.0,4中山7,2歳未勝利,8.0,6.0,2新潟1,2歳未勝利,7.8,6.0,,nar,2026-08-08,34.76,20.5,48.9,0.0,39.5,57.4,45.0,履歴少
202665080806,2026-08-08,6,カブトダイヤ,1.0,1.0,島津新,590.0,,,,,,,,,,,,,,,,,,,,,,,,,nar,2026-08-08,36.0,35.0,35.0,35.0,35.0,35.0,45.0,履歴少
202655080806,2026-08-08,6,スワイメイク,2.0,2.0,出水拓人,54.0,,11.0,8.0,佐賀,3歳ー10組,16.0,16.0,3京都9,3歳未勝利,15.0,12.0,1中京6,3歳未勝利,,,,,,,,,47.4,9.0,,nar,2026-08-08,31.61,8.1,36.0,0.0,77.0,49.8,45.0,履歴少 / 近走上向き / 市場オッズ妙味
202655080806,2026-08-08,6,チョウギャル,4.0,4.0,山下裕貴,54.0,,12.0,15.0,3阪神1,3歳未勝利,12.0,15.0,1中京6,3歳未勝利,14.0,15.0,1小倉2,3歳未勝利,11.0,10.0,3京都3,2歳新馬,,,,,14.1,8.0,,nar,2026-08-08,38.48,10.7,63.4,0.0,52.0,68.2,45.0,履歴少 / 過小評価傾向 / 市場オッズ妙味
202665080806,2026-08-08,6,ハゴロモグレース,10.0,8.0,西謙一,590.0,,,,,,,,,,,,,,,,,,,,,,,,,nar,2026-08-08,36.0,35.0,35.0,35.0,35.0,35.0,45.0,履歴少
202655080806,2026-08-08,6,ハミングディスト,5.0,5.0,山田義貴,54.0,,15.0,13.0,2福島2,3歳未勝利,15.0,14.0,1福島6,3歳未勝利,11.0,9.0,2中山1,3歳未勝利,18.0,14.0,2新潟6,2歳未勝利,6.0,7.0,2福島3,2歳未勝利,4.9,2.0,,nar,2026-08-08,27.85,10.2,37.9,0.0,35.0,51.6,45.0,履歴少
202665080806,2026-08-08,6,パワーウンカイ,8.0,7.0,阿部武臣,610.0,,,,,,,,,,,,,,,,,,,,,,,,,nar,2026-08-08,36.0,35.0,35.0,35.0,35.0,35.0,45.0,履歴少
202655080806,2026-08-08,6,ビサイレント,7.0,7.0,石川慎将,54.0,,15.0,13.0,2小倉5,3歳未勝利,16.0,11.0,2小倉1,3歳未勝利,9.0,14.0,3京都1,3歳未勝利,12.0,6.0,1福島2,3歳未勝利,15.0,11.0,1小倉4,3歳未勝利,6.8,4.0,,nar,2026-08-08,26.97,8.9,34.9,0.0,38.0,50.4,45.0,履歴少
202655080806,2026-08-08,6,ブライトライツ,9.0,8.0,川島拓,56.0,,,12.0,2福島2,障害3歳以上未勝利,12.0,13.0,3京都2,障害4歳以上未勝利,17.0,18.0,4中山1,3歳未勝利,15.0,16.0,1小倉11,3歳未勝利,6.0,16.0,1小倉9,3歳未勝利,8.1,7.0,,nar,2026-08-08,40.33,13.2,66.4,0.0,54.0,69.5,45.0,履歴少 / 人気以上に走る傾向 / 過小評価傾向
202665080806,2026-08-08,6,ブループリンセス,2.0,2.0,今井千尋,580.0,,,,,,,,,,,,,,,,,,,,,,,,,nar,2026-08-08,36.0,35.0,35.0,35.0,35.0,35.0,45.0,履歴少
202665080806,2026-08-08,6,ホクセイゴールド,7.0,7.0,渡来心路,610.0,,,,,,,,,,,,,,,,,,,,,,,,,nar,2026-08-08,36.0,35.0,35.0,35.0,35.0,35.0,45.0,履歴少
202665080806,2026-08-08,6,マリンガール,6.0,6.0,大友一馬,590.0,,,,,,,,,,,,,,,,,,,,,,,,,nar,2026-08-08,36.0,35.0,35.0,35.0,35.0,35.0,45.0,履歴少
202665080806,2026-08-08,6,マルホンポナ,9.0,8.0,中原蓮,590.0,,,,,,,,,,,,,,,,,,,,,,,,,nar,2026-08-08,36.0,35.0,35.0,35.0,35.0,35.0,45.0,履歴少
202655080806,2026-08-08,6,メイショウシュハリ,3.0,3.0,竹吉徹,54.0,,9.0,14.0,2小倉3,3歳未勝利,14.0,10.0,1福島1,3歳未勝利,8.0,12.0,1小倉12,3歳未勝利,10.0,12.0,1小倉3,3歳未勝利,11.0,16.0,5阪神5,2歳新馬,7.6,5.0,,nar,2026-08-08,43.85,25.8,64.9,0.0,60.5,66.4,45.0,履歴少 / 過小評価傾向
202665080806,2026-08-08,6,レオナウイン,3.0,3.0,西将太,590.0,,,,,,,,,,,,,,,,,,,,,,,,,nar,2026-08-08,36.0,35.0,35.0,35.0,35.0,35.0,45.0,履歴少
202655080807,2026-08-08,7,イージスバローズ,10.0,8.0,山口勲,56.0,,7.0,8.0,高知,C2ー4,10.0,3.0,高知,C2ー5,5.0,5.0,高知,C2ー5,8.0,7.0,高知,穀雨特別(C2),1.0,2.0,高知,C2ー6,5.8,3.0,,nar,2026-08-08,45.23,53.0,39.6,30.1,44.0,53.6,45.0,履歴少
202665080807,2026-08-08,7,カワノラクシュミー,4.0,4.0,渡来心路,590.0,,,,,,,,,,,,,,,,,,,,,,,,,nar,2026-08-08,36.0,35.0,35.0,35.0,35.0,35.0,45.0,履歴少
202665080807,2026-08-08,7,ガッツワン,1.0,1.0,大友一馬,610.0,,,,,,,,,,,,,,,,,,,,,,,,,nar,2026-08-08,36.0,35.0,35.0,35.0,35.0,35.0,45.0,履歴少
202665080807,2026-08-08,7,キタサカエシンバ,6.0,6.0,今井千尋,600.0,,,,,,,,,,,,,,,,,,,,,,,,,nar,2026-08-08,36.0,35.0,35.0,35.0,35.0,35.0,45.0,履歴少
202665080807,2026-08-08,7,クリスタルティアラ,9.0,8.0,赤塚健仁,590.0,,,,,,,,,,,,,,,,,,,,,,,,,nar,2026-08-08,36.0,35.0,35.0,35.0,35.0,35.0,45.0,履歴少
202665080807,2026-08-08,7,クリスタルデビル,2.0,2.0,島津新,610.0,,,,,,,,,,,,,,,,,,,,,,,,,nar,2026-08-08,36.0,35.0,35.0,35.0,35.0,35.0,45.0,履歴少
202655080807,2026-08-08,7,グレンノアラシ,6.0,6.0,椿聡太,53.0,,5.0,7.0,佐賀,サガデーナイト競馬賞(B),6.0,3.0,佐賀,サガデーナイト競馬賞(B),8.0,7.0,佐賀,アマリリス賞,6.0,4.0,佐賀,サガデーナイト競馬賞(B),9.0,6.0,佐賀,あやめ賞(B),52.2,10.0,,nar,2026-08-08,48.94,56.8,43.4,30.4,63.5,49.0,45.0,履歴少
202655080807,2026-08-08,7,コスモコンクエスト,5.0,5.0,長田進仁,56.0,,8.0,3.0,佐賀,サガデーナイト競馬賞(B),8.0,8.0,大井,C1二　三四(C1三),2.0,8.0,大井,ビジュー賞(C1六),4.0,9.0,大井,シャンゼリゼ賞(C1),3.0,8.0,大井,フローズン・ダイキリ(C1),36.1,9.0,,nar,2026-08-08,53.02,62.3,56.4,44.7,27.5,63.4,45.0,履歴少 / 市場オッズ妙味
202655080807,2026-08-08,7,サヨノハッピー,8.0,7.0,長谷川蓮,56.0,,7.0,4.0,佐賀,ネジバナ賞,6.0,6.0,名古屋,湾岸渚特別(A),8.0,9.0,名古屋,小満特別(A),10.0,11.0,名古屋,スイートピー特別(A),8.0,8.0,園田,B2,29.1,8.0,,nar,2026-08-08,43.52,48.1,46.0,0.0,56.0,55.6,45.0,履歴少 / 市場オッズ妙味
202655080807,2026-08-08,7,ジャズダンス,2.0,2.0,後藤武蔵,53.0,,6.0,6.0,佐賀,文月特別(B),1.0,5.0,佐賀,サガデーナイト競馬賞(B),8.0,10.0,佐賀,水無月特別(B),5.0,2.0,佐賀,サガデーナイト競馬賞(B),10.0,4.0,佐賀,みどりの日賞(B),20.3,6.0,,nar,2026-08-08,53.52,64.7,52.3,39.5,50.0,54.3,45.0,履歴少 / 市場オッズ妙味
202655080807,2026-08-08,7,セプトラム,1.0,1.0,金山昇馬,56.0,,4.0,5.0,佐賀,ネジバナ賞,6.0,4.0,佐賀,あじさい特別(B),1.0,2.0,佐賀,オッズパーク杯(B),3.0,6.0,佐賀,AIパッカル賞(B),1.0,3.0,佐賀,メイ特選(C1),11.9,5.0,,nar,2026-08-08,63.14,80.4,54.5,75.1,42.5,63.8,45.0,履歴少 / 安定感
202665080807,2026-08-08,7,ツガルミサキ,10.0,8.0,臼杵龍美,600.0,,,,,,,,,,,,,,,,,,,,,,,,,nar,2026-08-08,36.0,35.0,35.0,35.0,35.0,35.0,45.0,履歴少
202655080807,2026-08-08,7,テーオースミス,9.0,8.0,加茂飛翔,56.0,,1.0,1.0,佐賀,サガデーナイト競馬賞(B),1.0,4.0,佐賀,Bー6組,4.0,4.0,佐賀,AIパッカル賞(B),2.0,3.0,佐賀,エメラルド特選(C1),1.0,1.0,佐賀,C1ー4組,5.9,4.0,,nar,2026-08-08,71.49,94.1,56.3,100.0,56.0,60.2,45.0,履歴少 / 安定感
202665080807,2026-08-08,7,ピュアリーヒナリ,3.0,3.0,金田利貴,590.0,,,,,,,,,,,,,,,,,,,,,,,,,nar,2026-08-08,36.0,35.0,35.0,35.0,35.0,35.0,45.0,履歴少
202655080807,2026-08-08,7,フランシナテソーロ,7.0,7.0,飛田愛斗,54.0,,1.0,1.0,佐賀,文月特別(B),1.0,1.0,佐賀,Bー4組,2.0,1.0,佐賀,オッズパーク杯(B),2.0,2.0,佐賀,AIパッカル賞(B),2.0,2.0,佐賀,母の日賞(B),2.1,1.0,,nar,2026-08-08,69.06,96.4,48.6,100.0,54.5,52.5,45.0,履歴少 / 安定感
202655080807,2026-08-08,7,ブラーブデシジョン,4.0,4.0,石川慎将,56.0,,6.0,1.0,佐賀,ネジバナ賞,2.0,1.0,佐賀,初夏賞(B),1.0,1.0,佐賀,AIパッカル賞(B),1.0,1.0,佐賀,サガデーナイト競馬賞(C1),7.0,8.0,姫路,B1,5.6,2.0,,nar,2026-08-08,54.69,80.9,38.3,59.3,30.5,54.1,45.0,履歴少
202665080807,2026-08-08,7,ブレイブハート,5.0,5.0,菊池一樹,610.0,,,,,,,,,,,,,,,,,,,,,,,,,nar,2026-08-08,36.0,35.0,35.0,35.0,35.0,35.0,45.0,履歴少
202665080807,2026-08-08,7,ホクセイキレイズキ,8.0,7.0,,,,,,,,,,,,,,,,,,,,,,,,,,,nar,2026-08-08,36.0,35.0,35.0,35.0,35.0,35.0,45.0,履歴少
202655080807,2026-08-08,7,ミトノドリーム,3.0,3.0,川島拓,54.0,,5.0,4.0,佐賀,ラベンダー特別(B),5.0,5.0,佐賀,カーネーション特別(B),6.0,3.0,佐賀,Bー3組,1.0,1.0,佐賀,コスモス賞(B),5.0,4.0,佐賀,盛夏賞(B),24.1,7.0,,nar,2026-08-08,57.24,71.1,43.0,80.2,45.5,53.0,45.0,履歴少 / 安定感 / 市場オッズ妙味
202665080807,2026-08-08,7,リアスコトブキ,7.0,7.0,阿部武臣,600.0,,,,,,,,,,,,,,,,,,,,,,,,,nar,2026-08-08,36.0,35.0,35.0,35.0,35.0,35.0,45.0,履歴少
202665080808,2026-08-08,8,アクセルアララ,3.0,3.0,赤塚健仁,500.0,,,,,,,,,,,,,,,,,,,,,,,,,nar,2026-08-08,36.0,35.0,35.0,35.0,35.0,35.0,45.0,履歴少
202655080808,2026-08-08,8,ウィザードオブマリ,1.0,1.0,長谷川蓮,54.0,,9.0,3.0,佐賀,SAGAリベンジャー(3歳),15.0,14.0,2東京6,3歳未勝利,8.0,15.0,3中山7,3歳未勝利,9.0,16.0,3中山3,3歳未勝利,13.0,15.0,1中山1,3歳未勝利,4.0,1.0,,nar,2026-08-08,40.75,25.3,53.8,0.0,63.5,61.8,45.0,履歴少
202665080808,2026-08-08,8,キングゴルシ,8.0,7.0,阿部武臣,520.0,,,,,,,,,,,,,,,,,,,,,,,,,nar,2026-08-08,36.0,35.0,35.0,35.0,35.0,35.0,45.0,履歴少
202655080808,2026-08-08,8,クラウンプレゼンタ,10.0,7.0,加茂飛翔,56.0,,11.0,11.0,佐賀,SAGAリベンジャー(3歳),8.0,7.0,佐賀,SAGAリベンジャー(3歳),8.0,10.0,佐賀,SAGAリベンジャー(3歳),7.0,11.0,佐賀,SAGAリベンジャー(3歳),6.0,8.0,佐賀,SAGAリベンジャー(3歳),26.6,11.0,,nar,2026-08-08,40.96,39.5,56.6,0.0,27.5,60.9,45.0,履歴少 / 市場オッズ妙味
202655080808,2026-08-08,8,クラックアスマイル,12.0,8.0,長田進仁,54.0,,8.0,10.0,佐賀,SAGAリベンジャー(3歳),13.0,16.0,3東京1,3歳未勝利,11.0,15.0,1福島2,3歳未勝利,16.0,11.0,1東京1,3歳未勝利,,,,,12.5,7.0,,nar,2026-08-08,43.68,20.4,61.1,0.0,82.0,64.0,45.0,履歴少 / 近走上向き / 市場オッズ妙味
202665080808,2026-08-08,8,クリスタルパール,2.0,2.0,島津新,500.0,,,,,,,,,,,,,,,,,,,,,,,,,nar,2026-08-08,36.0,35.0,35.0,35.0,35.0,35.0,45.0,履歴少
202655080808,2026-08-08,8,ケイツースクード,11.0,8.0,出水拓人,56.0,,7.0,4.0,佐賀,SAGAリベンジャー(3歳),7.0,5.0,佐賀,パッカルくんのおとし(3歳),,,佐賀,SAGAリベンジャー(3歳),16.0,17.0,2東京8,3歳未勝利,14.0,18.0,2東京4,3歳未勝利,12.5,6.0,,nar,2026-08-08,43.1,35.8,42.6,0.0,82.0,60.7,45.0,履歴少 / 近走上向き / 市場オッズ妙味
202655080808,2026-08-08,8,ケンブリッジルプス,4.0,4.0,椿聡太,53.0,,12.0,6.0,佐賀,SAGAリベンジャー(3歳),7.0,7.0,佐賀,SAGAリベンジャー(3歳),8.0,5.0,佐賀,SAGAリベンジャー(3歳),7.0,4.0,佐賀,SAGAリベンジャー(3歳),6.0,4.0,佐賀,SAGAリベンジャー(3歳),24.9,10.0,,nar,2026-08-08,31.31,39.1,28.6,0.0,20.0,47.2,45.0,履歴少 / 市場オッズ妙味
202665080808,2026-08-08,8,サッコノイモウト,1.0,1.0,船山蔵人,500.0,,,,,,,,,,,,,,,,,,,,,,,,,nar,2026-08-08,36.0,35.0,35.0,35.0,35.0,35.0,45.0,履歴少
202665080808,2026-08-08,8,シンバクシンオー,9.0,8.0,鈴木恵介,520.0,,,,,,,,,,,,,,,,,,,,,,,,,nar,2026-08-08,36.0,35.0,35.0,35.0,35.0,35.0,45.0,履歴少
202655080808,2026-08-08,8,ジョーマゴス,2.0,2.0,飛田愛斗,54.0,,6.0,12.0,佐賀,SAGAリベンジャー(3歳),12.0,15.0,3京都10,3歳未勝利,7.0,6.0,笠松,関ヶ原宿特別(3歳),13.0,13.0,5阪神3,2歳新馬,,,,,4.6,2.0,,nar,2026-08-08,49.15,35.8,68.5,0.0,78.0,63.0,45.0,履歴少 / 人気以上に走る傾向 / 近走上向き
202655080808,2026-08-08,8,タフバディ,9.0,7.0,田中直人,56.0,,11.0,7.0,佐賀,SAGAリベンジャー(3歳),10.0,12.0,2東京8,3歳未勝利,10.0,9.0,浦和,ツインゴールド特別(3歳),13.0,11.0,3中山1,3歳未勝利,11.0,12.0,3中京6,2歳未勝利,9.9,5.0,,nar,2026-08-08,34.6,21.2,42.3,0.0,50.0,57.2,45.0,履歴少
202655080808,2026-08-08,8,テムホウサク,7.0,6.0,中山蓮王,54.0,,9.0,12.0,佐賀,SAGAリベンジャー(3歳),7.0,9.0,佐賀,SAGAリベンジャー(3歳),9.0,9.0,佐賀,SAGAリベンジャー(3歳),9.0,7.0,佐賀,SAGAリベンジャー(3歳),9.0,8.0,佐賀,SAGAリベンジャー(3歳),49.3,12.0,,nar,2026-08-08,42.71,40.0,57.1,0.0,47.0,54.8,45.0,履歴少
202655080808,2026-08-08,8,バーニングラン,3.0,3.0,田中純,54.0,,6.0,10.0,佐賀,SAGAリベンジャー(3歳),9.0,8.0,佐賀,パッカルくんのおとし(3歳),,,佐賀,SAGAリベンジャー(3歳),15.0,16.0,3京都7,3歳未勝利,12.0,12.0,1阪神9,3歳未勝利,13.0,8.0,,nar,2026-08-08,48.35,35.5,59.7,0.0,86.0,66.3,45.0,履歴少 / 近走上向き / 過小評価傾向 / 市場オッズ妙味
202655080808,2026-08-08,8,ピコパープル,6.0,5.0,山口勲,54.0,,10.0,6.0,佐賀,SAGAリベンジャー(3歳),14.0,16.0,1新潟5,3歳未勝利,18.0,18.0,2中山1,3歳未勝利,12.0,12.0,5中山1,2歳未勝利,16.0,8.0,1函館5,2歳新馬,5.1,3.0,,nar,2026-08-08,33.44,10.3,39.2,0.0,80.0,50.4,45.0,履歴少 / 近走上向き
202665080808,2026-08-08,8,ファーストココロノ,6.0,6.0,金田利貴,520.0,,,,,,,,,,,,,,,,,,,,,,,,,nar,2026-08-08,36.0,35.0,35.0,35.0,35.0,35.0,45.0,履歴少
202665080808,2026-08-08,8,フェアリーマックス,10.0,8.0,阿部優哉,500.0,,,,,,,,,,,,,,,,,,,,,,,,,nar,2026-08-08,36.0,35.0,35.0,35.0,35.0,35.0,45.0,履歴少
202665080808,2026-08-08,8,フブキライデン,5.0,5.0,長澤幸太,520.0,,,,,,,,,,,,,,,,,,,,,,,,,nar,2026-08-08,36.0,35.0,35.0,35.0,35.0,35.0,45.0,履歴少
202665080808,2026-08-08,8,ホクショウジェイク,4.0,4.0,菊池一樹,520.0,,,,,,,,,,,,,,,,,,,,,,,,,nar,2026-08-08,36.0,35.0,35.0,35.0,35.0,35.0,45.0,履歴少
202665080808,2026-08-08,8,ミレン,7.0,7.0,西将太,500.0,,,,,,,,,,,,,,,,,,,,,,,,,nar,2026-08-08,36.0,35.0,35.0,35.0,35.0,35.0,45.0,履歴少
202655080808,2026-08-08,8,メイショウルビー,8.0,6.0,青海大樹,53.0,,8.0,9.0,佐賀,SAGAリベンジャー(3歳),8.0,10.0,佐賀,パッカルくんのおとし(3歳),,,佐賀,SAGAリベンジャー(3歳),16.0,14.0,3京都7,3歳未勝利,16.0,14.0,2阪神3,3歳未勝利,20.8,9.0,,nar,2026-08-08,43.24,30.3,52.7,0.0,82.0,55.5,45.0,履歴少 / 近走上向き / 市場オッズ妙味
202655080808,2026-08-08,8,ヴィラフランカ,5.0,5.0,石川慎将,54.0,,7.0,9.0,佐賀,SAGAリベンジャー(3歳),13.0,16.0,3京都11,3歳未勝利,11.0,7.0,浦和,ツインメイト特別(3歳),18.0,15.0,1小倉12,3歳未勝利,12.0,9.0,5阪神3,2歳新馬,9.6,4.0,,nar,2026-08-08,40.92,22.0,48.7,0.0,89.0,56.4,45.0,履歴少 / 近走上向き
202655080809,2026-08-08,9,アルルカン,1.0,1.0,川島拓,56.0,,10.0,11.0,佐賀,ラグーン賞(B),9.0,6.0,佐賀,Bー6組,4.0,7.0,佐賀,ヘリオトロープ賞(B),9.0,10.0,佐賀,母の日賞(B),8.0,9.0,佐賀,第13回エーエスピー(B),311.6,9.0,,nar,2026-08-08,43.35,42.3,52.8,19.8,35.0,55.5,45.0,履歴少
202655080809,2026-08-08,9,エムティピース,2.0,2.0,飛田愛斗,56.0,,7.0,5.0,佐賀,ラベンダー特別(B),5.0,9.0,佐賀,トケイソウ賞,2.0,6.0,佐賀,アマリリス賞,4.0,4.0,佐賀,ギガンテウム賞,4.0,3.0,佐賀,八十八夜賞(B),28.7,5.0,,nar,2026-08-08,58.22,69.9,57.5,69.6,30.5,59.5,45.0,履歴少 / 安定感 / 市場オッズ妙味
202665080809,2026-08-08,9,サクラジェームス,10.0,8.0,今井千尋,600.0,,,,,,,,,,,,,,,,,,,,,,,,,nar,2026-08-08,36.0,35.0,35.0,35.0,35.0,35.0,45.0,履歴少
202655080809,2026-08-08,9,サムシンググレート,4.0,4.0,田中純,56.0,,8.0,3.0,佐賀,ラベンダー特別(B),5.0,1.0,佐賀,サガデーナイト競馬賞(B),1.0,2.0,佐賀,サガデーナイト競馬賞(B),1.0,8.0,佐賀,長崎街道飯塚宿特選(C1),5.0,6.0,佐賀,長崎街道木屋瀬宿特選(C1),31.5,6.0,,nar,2026-08-08,53.2,71.7,41.6,69.6,20.0,56.3,45.0,履歴少 / 安定感 / 市場オッズ妙味
202665080809,2026-08-08,9,ジェイセリーヌ,9.0,8.0,西謙一,590.0,,,,,,,,,,,,,,,,,,,,,,,,,nar,2026-08-08,36.0,35.0,35.0,35.0,35.0,35.0,45.0,履歴少
202665080809,2026-08-08,9,ジェイノミキ,7.0,7.0,臼杵龍美,580.0,,,,,,,,,,,,,,,,,,,,,,,,,nar,2026-08-08,36.0,35.0,35.0,35.0,35.0,35.0,45.0,履歴少
202655080809,2026-08-08,9,セクシーコマンドー,7.0,7.0,竹吉徹,56.0,,8.0,7.0,佐賀,虹の日賞(B),9.0,6.0,佐賀,Bー5組,2.0,6.0,佐賀,サガデーナイト競馬賞(B),3.0,5.0,佐賀,ヘリオトロープ賞(B),8.0,6.0,佐賀,母の日賞(B),70.4,7.0,,nar,2026-08-08,48.07,57.3,48.8,34.3,35.0,53.5,45.0,履歴少
202655080809,2026-08-08,9,セーデルマンランド,3.0,3.0,山口勲,56.0,,1.0,4.0,佐賀,ラグーン賞(B),2.0,1.0,佐賀,ジェイド特選(C1),1.0,1.0,佐賀,C1ー5組,1.0,1.0,佐賀,C1ー9組,1.0,1.0,佐賀,清明特選(C2),1.6,1.0,,nar,2026-08-08,70.7,98.0,54.6,100.0,51.5,53.3,45.0,履歴少 / 安定感
202665080809,2026-08-08,9,ツルイコトカゼ,2.0,2.0,渡来心路,610.0,,,,,,,,,,,,,,,,,,,,,,,,,nar,2026-08-08,36.0,35.0,35.0,35.0,35.0,35.0,45.0,履歴少
202655080809,2026-08-08,9,デッドフレイ,8.0,8.0,長田進仁,56.0,,2.0,2.0,佐賀,サガデーナイト競馬賞(B),6.0,3.0,佐賀,Bー5組,3.0,1.0,佐賀,サガデーナイト競馬賞(B),1.0,2.0,佐賀,エメラルド特選(C1),1.0,4.0,佐賀,おっちゃんの山記念(C1),9.4,3.0,,nar,2026-08-08,62.78,84.4,45.2,75.1,54.5,58.9,45.0,履歴少 / 安定感
202665080809,2026-08-08,9,トマランサーヨウコ,6.0,6.0,,,,,,,,,,,,,,,,,,,,,,,,,,,nar,2026-08-08,36.0,35.0,35.0,35.0,35.0,35.0,45.0,履歴少
202665080809,2026-08-08,9,ナナイロ,4.0,4.0,中原蓮,610.0,,,,,,,,,,,,,,,,,,,,,,,,,nar,2026-08-08,36.0,35.0,35.0,35.0,35.0,35.0,45.0,履歴少
202655080809,2026-08-08,9,ファイナルソード,5.0,5.0,西森将司,56.0,,7.0,7.0,佐賀,ラグーン賞(B),4.0,9.0,佐賀,Bー6組,8.0,6.0,佐賀,AIパッカル賞(B),6.0,3.0,佐賀,ヘリオトロープ賞(B),5.0,7.0,佐賀,母の日賞(B),88.2,8.0,,nar,2026-08-08,51.13,59.2,54.3,35.3,42.5,54.8,45.0,履歴少
202665080809,2026-08-08,9,フクノハレルヤ,5.0,5.0,赤塚健仁,590.0,,,,,,,,,,,,,,,,,,,,,,,,,nar,2026-08-08,36.0,35.0,35.0,35.0,35.0,35.0,45.0,履歴少
202665080809,2026-08-08,9,ホクセイボーイ,8.0,7.0,島津新,610.0,,,,,,,,,,,,,,,,,,,,,,,,,nar,2026-08-08,36.0,35.0,35.0,35.0,35.0,35.0,45.0,履歴少
202665080809,2026-08-08,9,ミストレンタ,1.0,1.0,菊池一樹,590.0,,,,,,,,,,,,,,,,,,,,,,,,,nar,2026-08-08,36.0,35.0,35.0,35.0,35.0,35.0,45.0,履歴少
202655080809,2026-08-08,9,ミランカ,9.0,8.0,椿聡太,51.0,,2.0,4.0,佐賀,虹の日賞(B),2.0,3.0,佐賀,Bー6組,6.0,2.0,佐賀,AIパッカル賞(B),1.0,2.0,佐賀,サガデーナイト競馬賞(C1),4.0,3.0,佐賀,AIパッカル賞(C1),13.2,4.0,,nar,2026-08-08,65.51,85.2,50.8,80.2,57.5,60.3,45.0,履歴少 / 安定感 / 市場オッズ妙味
202665080809,2026-08-08,9,ヤマノトップ,3.0,3.0,中村太陽,610.0,,,,,,,,,,,,,,,,,,,,,,,,,nar,2026-08-08,36.0,35.0,35.0,35.0,35.0,35.0,45.0,履歴少
202655080809,2026-08-08,9,ルクスメンデス,6.0,6.0,石川慎将,56.0,,9.0,10.0,2福島1,いわき特別(2勝クラス),1.0,9.0,川崎,ジューンスター賞(B2B3),,10.0,1小倉12,障害4歳以上未勝利,12.0,14.0,1京都5,4歳以上1勝クラス,14.0,15.0,4京都3,3歳以上1勝クラス,2.7,2.0,,nar,2026-08-08,53.21,46.9,73.5,24.9,50.0,64.0,45.0,履歴少 / 人気以上に走る傾向
202655080810,2026-08-08,10,アデニウム,6.0,6.0,川島拓,54.0,,2.0,2.0,佐賀,C2ー4組,2.0,2.0,佐賀,UMATENA賞(C2),2.0,7.0,佐賀,SAGAリベンジャー(C2),3.0,4.0,佐賀,C2ー9組,5.0,2.0,佐賀,SAGAリベンジャー(C2),8.5,3.0,,nar,2026-08-08,69.89,88.4,55.8,100.0,56.0,61.1,45.0,履歴少 / 安定感
202665080810,2026-08-08,10,オオゾラタカラ,3.0,3.0,赤塚健仁,640.0,,,,,,,,,,,,,,,,,,,,,,,,,nar,2026-08-08,36.0,35.0,35.0,35.0,35.0,35.0,45.0,履歴少
202655080810,2026-08-08,10,カイトベルク,8.0,7.0,後藤武蔵,53.0,,6.0,3.0,佐賀,海の日特選(C2),4.0,6.0,佐賀,しし座特選(C2),2.0,2.0,佐賀,C2ー4組,2.0,2.0,佐賀,C2ー7組,6.0,2.0,笠松,C7組,14.6,8.0,,nar,2026-08-08,55.85,75.0,44.2,59.3,35.0,60.3,45.0,履歴少 / 市場オッズ妙味
202665080810,2026-08-08,10,コマサンリキ,2.0,2.0,金田利貴,640.0,,,,,,,,,,,,,,,,,,,,,,,,,nar,2026-08-08,36.0,35.0,35.0,35.0,35.0,35.0,45.0,履歴少
202665080810,2026-08-08,10,コーワホープ,6.0,6.0,西謙一,640.0,,,,,,,,,,,,,,,,,,,,,,,,,nar,2026-08-08,36.0,35.0,35.0,35.0,35.0,35.0,45.0,履歴少
202655080810,2026-08-08,10,ジャスタパーティー,1.0,1.0,加茂飛翔,56.0,,2.0,3.0,笠松,あおばお誕生日おめで(C),6.0,8.0,笠松,流研一セカンドライフ(C),4.0,7.0,笠松,C2組,7.0,9.0,笠松,馬瀬川特別(C),9.0,10.0,笠松,屋形船特別(C),11.0,5.0,,nar,2026-08-08,63.4,69.2,62.5,50.2,77.0,66.1,45.0,履歴少 / 近走上向き / 過小評価傾向
202655080810,2026-08-08,10,スノープリンス,4.0,4.0,岡村卓弥,56.0,,8.0,9.0,高知,3歳ー6,9.0,10.0,高知,3歳ー2,4.0,10.0,高知,3歳ー3,6.0,6.0,高知,3歳ー3,10.0,11.0,高知,山桃特別(3歳),33.3,11.0,,nar,2026-08-08,49.85,49.0,62.9,19.8,45.5,62.1,45.0,履歴少 / 市場オッズ妙味
202655080810,2026-08-08,10,ダイハッシュウ,9.0,7.0,長田進仁,56.0,,3.0,4.0,佐賀,長崎街道田代宿特選(C1),9.0,6.0,佐賀,長崎街道原田宿特選(C1),4.0,4.0,佐賀,長崎街道内野宿特選(C1),4.0,4.0,佐賀,長崎街道飯塚宿特選(C1),4.0,5.0,佐賀,長崎街道木屋瀬宿特選(C1),14.5,7.0,,nar,2026-08-08,60.23,68.5,47.6,75.1,63.5,60.7,45.0,履歴少 / 安定感 / 市場オッズ妙味
202665080810,2026-08-08,10,ダイヤセンプー,9.0,8.0,渡来心路,640.0,,,,,,,,,,,,,,,,,,,,,,,,,nar,2026-08-08,36.0,35.0,35.0,35.0,35.0,35.0,45.0,履歴少
202665080810,2026-08-08,10,ツカサマーチ,5.0,5.0,島津新,640.0,,,,,,,,,,,,,,,,,,,,,,,,,nar,2026-08-08,36.0,35.0,35.0,35.0,35.0,35.0,45.0,履歴少
202665080810,2026-08-08,10,ディーホワイト,4.0,4.0,中原蓮,640.0,,,,,,,,,,,,,,,,,,,,,,,,,nar,2026-08-08,36.0,35.0,35.0,35.0,35.0,35.0,45.0,履歴少
202655080810,2026-08-08,10,ナッシングベター,11.0,8.0,山田義貴,54.0,,3.0,4.0,高知,C3ー9,5.0,6.0,高知,ししとう特別(C3),2.0,3.0,高知,C3ー9,2.0,2.0,高知,C3ー11,4.0,3.0,高知,C3ー13,2.5,1.0,,nar,2026-08-08,66.44,81.9,54.5,100.0,51.5,55.2,45.0,履歴少 / 安定感
202665080810,2026-08-08,10,ハナミズキ,1.0,1.0,,,,,,,,,,,,,,,,,,,,,,,,,,,nar,2026-08-08,36.0,35.0,35.0,35.0,35.0,35.0,45.0,履歴少
202655080810,2026-08-08,10,ハバナローズ,2.0,2.0,井上瑛太,54.0,,6.0,5.0,高知,C3ー5,5.0,6.0,高知,C3ー5,8.0,5.0,高知,C3ー5,5.0,6.0,高知,C3ー5,8.0,5.0,高知,C3ー6,11.4,6.0,,nar,2026-08-08,50.57,58.3,44.3,39.5,53.0,57.1,45.0,履歴少
202665080810,2026-08-08,10,ホクショウムサシ,7.0,7.0,船山蔵人,640.0,,,,,,,,,,,,,,,,,,,,,,,,,nar,2026-08-08,36.0,35.0,35.0,35.0,35.0,35.0,45.0,履歴少
202665080810,2026-08-08,10,ホクセイサクラオー,8.0,7.0,鈴木恵介,640.0,,,,,,,,,,,,,,,,,,,,,,,,,nar,2026-08-08,36.0,35.0,35.0,35.0,35.0,35.0,45.0,履歴少
202665080810,2026-08-08,10,ホクセイマジェスタ,10.0,8.0,中村太陽,640.0,,,,,,,,,,,,,,,,,,,,,,,,,nar,2026-08-08,36.0,35.0,35.0,35.0,35.0,35.0,45.0,履歴少
202655080810,2026-08-08,10,ミッキースワン,7.0,6.0,出水拓人,54.0,,3.0,2.0,高知,3歳ー8,7.0,2.0,高知,3歳ー6,10.0,14.0,2東京9,3歳未勝利,8.0,11.0,2東京5,3歳未勝利,11.0,8.0,1中京2,3歳未勝利,25.0,9.0,,nar,2026-08-08,51.81,52.5,45.6,30.4,86.0,55.0,45.0,履歴少 / 近走上向き / 市場オッズ妙味
202655080810,2026-08-08,10,ユイアヴェニール,3.0,3.0,石川慎将,56.0,,12.0,8.0,佐賀,JRA交流サマーカッ(3歳),2.0,2.0,佐賀,3歳ー2組,2.0,1.0,佐賀,3歳ー3組,1.0,1.0,佐賀,3歳ー5組,2.0,1.0,佐賀,3歳ー6組,10.7,4.0,,nar,2026-08-08,49.45,68.9,39.4,69.6,0.0,56.2,45.0,履歴少 / 安定感
202655080810,2026-08-08,10,ローメット,5.0,5.0,西森将司,54.0,,4.0,5.0,高知,3歳ー7,8.0,7.0,高知,3歳ー4,9.0,2.0,高知,3歳ー4,11.0,10.0,3京都5,3歳未勝利,11.0,5.0,1阪神9,3歳未勝利,31.5,10.0,,nar,2026-08-08,46.3,46.2,35.3,30.4,84.5,47.2,45.0,履歴少 / 近走上向き / 市場オッズ妙味
202655080810,2026-08-08,10,ヴァンロゼ,10.0,8.0,田中直人,54.0,,2.0,1.0,佐賀,SAGAリベンジャー(3歳),11.0,11.0,3阪神2,3歳未勝利,12.0,15.0,2阪神2,3歳未勝利,11.0,13.0,1阪神8,3歳未勝利,9.0,7.0,1京都3,3歳未勝利,4.7,2.0,,nar,2026-08-08,52.63,42.0,52.6,30.4,100.0,57.9,45.0,履歴少 / 近走上向き
202665080811,2026-08-08,11,ウンカイダイマオー,9.0,8.0,金田利貴,700.0,,,,,,,,,,,,,,,,,,,,,,,,,nar,2026-08-08,36.0,35.0,35.0,35.0,35.0,35.0,45.0,履歴少
202665080811,2026-08-08,11,キョウエイエース,4.0,4.0,菊池一樹,710.0,,,,,,,,,,,,,,,,,,,,,,,,,nar,2026-08-08,36.0,35.0,35.0,35.0,35.0,35.0,45.0,履歴少
202665080811,2026-08-08,11,ココロノニダイメ,8.0,8.0,島津新,680.0,,,,,,,,,,,,,,,,,,,,,,,,,nar,2026-08-08,36.0,35.0,35.0,35.0,35.0,35.0,45.0,履歴少
202665080811,2026-08-08,11,スーパーシン,6.0,6.0,鈴木恵介,710.0,,,,,,,,,,,,,,,,,,,,,,,,,nar,2026-08-08,36.0,35.0,35.0,35.0,35.0,35.0,45.0,履歴少
202665080811,2026-08-08,11,パワフルクィーン,1.0,1.0,長澤幸太,660.0,,,,,,,,,,,,,,,,,,,,,,,,,nar,2026-08-08,36.0,35.0,35.0,35.0,35.0,35.0,45.0,履歴少
202665080811,2026-08-08,11,ブラックウンカイ,5.0,5.0,渡来心路,680.0,,,,,,,,,,,,,,,,,,,,,,,,,nar,2026-08-08,36.0,35.0,35.0,35.0,35.0,35.0,45.0,履歴少
202665080811,2026-08-08,11,ホクセイテンリュウ,2.0,2.0,今井千尋,680.0,,,,,,,,,,,,,,,,,,,,,,,,,nar,2026-08-08,36.0,35.0,35.0,35.0,35.0,35.0,45.0,履歴少
202665080811,2026-08-08,11,ミヤビハヤブサ,7.0,7.0,村上章,680.0,,,,,,,,,,,,,,,,,,,,,,,,,nar,2026-08-08,36.0,35.0,35.0,35.0,35.0,35.0,45.0,履歴少
202665080811,2026-08-08,11,ラポピージュニア,3.0,3.0,西将太,700.0,,,,,,,,,,,,,,,,,,,,,,,,,nar,2026-08-08,36.0,35.0,35.0,35.0,35.0,35.0,45.0,履歴少
202665080812,2026-08-08,12,オレニマカセロ,1.0,1.0,松本秀克,620.0,,,,,,,,,,,,,,,,,,,,,,,,,nar,2026-08-08,36.0,35.0,35.0,35.0,35.0,35.0,45.0,履歴少
202665080812,2026-08-08,12,サカノハマナカ,2.0,2.0,村上章,630.0,,,,,,,,,,,,,,,,,,,,,,,,,nar,2026-08-08,36.0,35.0,35.0,35.0,35.0,35.0,45.0,履歴少
202665080812,2026-08-08,12,ジェイオージョ,4.0,4.0,今井千尋,590.0,,,,,,,,,,,,,,,,,,,,,,,,,nar,2026-08-08,36.0,35.0,35.0,35.0,35.0,35.0,45.0,履歴少
202665080812,2026-08-08,12,ジェイライアン,10.0,8.0,赤塚健仁,620.0,,,,,,,,,,,,,,,,,,,,,,,,,nar,2026-08-08,36.0,35.0,35.0,35.0,35.0,35.0,45.0,履歴少
202665080812,2026-08-08,12,スターフェニックス,6.0,6.0,船山蔵人,630.0,,,,,,,,,,,,,,,,,,,,,,,,,nar,2026-08-08,36.0,35.0,35.0,35.0,35.0,35.0,45.0,履歴少
202665080812,2026-08-08,12,ツルイテンカ,8.0,7.0,渡来心路,630.0,,,,,,,,,,,,,,,,,,,,,,,,,nar,2026-08-08,36.0,35.0,35.0,35.0,35.0,35.0,45.0,履歴少
202665080812,2026-08-08,12,プロサングエ,9.0,8.0,長澤幸太,600.0,,,,,,,,,,,,,,,,,,,,,,,,,nar,2026-08-08,36.0,35.0,35.0,35.0,35.0,35.0,45.0,履歴少
202665080812,2026-08-08,12,ホクセイマリン,5.0,5.0,中村太陽,600.0,,,,,,,,,,,,,,,,,,,,,,,,,nar,2026-08-08,36.0,35.0,35.0,35.0,35.0,35.0,45.0,履歴少
202665080812,2026-08-08,12,マサノスパークル,3.0,3.0,西謙一,630.0,,,,,,,,,,,,,,,,,,,,,,,,,nar,2026-08-08,36.0,35.0,35.0,35.0,35.0,35.0,45.0,履歴少
202665080812,2026-08-08,12,ライズビクトリー,7.0,7.0,鈴木恵介,630.0,,,,,,,,,,,,,,,,,,,,,,,,,nar,2026-08-08,36.0,35.0,35.0,35.0,35.0,35.0,45.0,履歴少
