race_id,日付,レース,馬名,馬番,枠,騎手,斤量,実着順,着順1,人気1,場1,レース名1,着順2,人気2,場2,レース名2,着順3,人気3,場3,レース名3,着順4,人気4,場4,レース名4,着順5,人気5,場5,レース名5,単勝オッズ,人気,オッズ更新日時,source,_date,AREru指数,因子_performance,因子_upset,因子_consistency,因子_trend,因子_value,因子_context,理由
202604030101,2026-08-22,1,アニエーネ,2.0,2.0,柴田大,55.0,,4.0,5.0,2新潟3,2歳新馬,,,,,,,,,,,,,,,,,8.0,5.0,2026-08-21 23:35:02,jra,2026-08-22,42.68,46.4,42.2,36.3,40.6,41.7,45.0,履歴少 / サンプル少
202604030101,2026-08-22,1,アラータス,4.0,4.0,丸田,55.0,,6.0,8.0,3東京6,2歳新馬,,,,,,,,,,,,,,,,,8.3,6.0,2026-08-21 23:35:02,jra,2026-08-22,41.3,42.8,43.7,29.6,40.6,42.0,45.0,履歴少 / サンプル少
202601020101,2026-08-22,1,アンバーバレット,2.0,2.0,☆長浜,54.0,,3.0,4.0,1札幌1,2歳新馬,,,,,,,,,,,,,,,,,8.2,4.0,2026-08-21 23:55:02,jra,2026-08-22,43.18,48.1,42.2,36.3,40.6,41.7,45.0,履歴少 / サンプル少
202601020101,2026-08-22,1,アークレオン,5.0,5.0,小沢,55.0,,8.0,10.0,1函館3,2歳新馬,,,,,,,,,,,,,,,,,65.6,11.0,2026-08-21 23:55:02,jra,2026-08-22,40.32,39.3,43.7,29.6,40.6,42.0,45.0,履歴少 / サンプル少
202604030101,2026-08-22,1,エボニーウイング,7.0,7.0,坂井,55.0,,6.0,4.0,2小倉4,2歳新馬,,,,,,,,,,,,,,,,,6.4,3.0,2026-08-21 23:35:02,jra,2026-08-22,39.32,42.8,37.6,29.6,40.6,38.4,45.0,履歴少 / サンプル少
202607030101,2026-08-22,1,クールタロウ,2.0,2.0,吉村,55.0,,5.0,3.0,2中京2,2歳未勝利,4.0,5.0,3阪神5,2歳新馬,,,,,,,,,,,,,4.0,3.0,2026-08-21 23:45:02,jra,2026-08-22,49.05,57.4,43.0,48.4,42.2,52.1,45.0,履歴少 / サンプル少
202604030101,2026-08-22,1,コスモイェーガー,5.0,5.0,菊沢,55.0,,2.0,4.0,2新潟3,2歳新馬,,,,,,,,,,,,,,,,,1.9,1.0,2026-08-21 23:35:02,jra,2026-08-22,44.08,49.9,43.7,36.3,40.6,42.0,45.0,履歴少 / サンプル少
202601020101,2026-08-22,1,サウンドエフォート,11.0,8.0,吉田隼,55.0,,4.0,8.0,1札幌2,2歳未勝利,8.0,8.0,1函館5,2歳新馬,,,,,,,,,,,,,17.8,5.0,2026-08-21 23:55:02,jra,2026-08-22,51.99,51.9,54.0,34.7,58.7,62.9,45.0,履歴少 / サンプル少 / 市場オッズ妙味
202607030101,2026-08-22,1,サウンドファイト,4.0,4.0,☆田山,54.0,,8.0,8.0,2中京4,2歳新馬,,,,,,,,,,,,,,,,,5.6,4.0,2026-08-21 23:45:02,jra,2026-08-22,39.39,39.3,40.6,29.6,40.6,40.6,45.0,履歴少 / サンプル少
202607030101,2026-08-22,1,サンプラザマツモト,7.0,7.0,長岡,55.0,,11.0,13.0,2福島7,2歳新馬,,,,,,,,,,,,,,,,,50.6,8.0,2026-08-21 23:45:02,jra,2026-08-22,38.84,34.0,43.7,29.6,40.6,42.0,45.0,履歴少 / サンプル少
202601020101,2026-08-22,1,サーギュスターヴ,3.0,3.0,丹内,55.0,,5.0,9.0,1札幌4,2歳新馬,,,,,,,,,,,,,,,,,18.1,6.0,2026-08-21 23:55:02,jra,2026-08-22,43.34,44.6,46.8,36.3,40.6,42.0,45.0,履歴少 / サンプル少
202607030101,2026-08-22,1,シャローフォレスト,3.0,3.0,松若,55.0,,3.0,6.0,2小倉3,2歳新馬,,,,,,,,,,,,,,,,,3.6,2.0,2026-08-21 23:45:02,jra,2026-08-22,43.95,48.1,45.3,36.3,40.6,42.0,45.0,履歴少 / サンプル少
202601020101,2026-08-22,1,シンゼンノト,9.0,7.0,▲遠藤,52.0,,5.0,5.0,1札幌6,2歳未勝利,3.0,6.0,1札幌2,2歳未勝利,7.0,7.0,1函館9,2歳新馬,,,,,,,,,36.8,8.0,2026-08-21 23:55:02,jra,2026-08-22,58.5,69.1,57.0,55.3,50.0,59.5,45.0,履歴少 / 市場オッズ妙味
202607030101,2026-08-22,1,ジュエルシップ,8.0,8.0,国分恭,55.0,,7.0,7.0,2中京6,2歳新馬,,,,,,,,,,,,,,,,,19.6,6.0,2026-08-21 23:45:02,jra,2026-08-22,39.88,41.1,40.6,29.6,40.6,40.6,45.0,履歴少 / サンプル少
202604030101,2026-08-22,1,スクリプトール,1.0,1.0,石川,55.0,,4.0,3.0,2福島7,2歳未勝利,5.0,6.0,3東京1,2歳新馬,,,,,,,,,,,,,5.5,2.0,2026-08-21 23:35:02,jra,2026-08-22,50.79,57.8,45.1,48.4,48.8,54.3,45.0,履歴少 / サンプル少
202607030101,2026-08-22,1,タナコクシテンホウ,1.0,1.0,幸,55.0,,6.0,8.0,2中京5,2歳未勝利,5.0,4.0,2小倉7,2歳新馬,,,,,,,,,,,,,9.4,5.0,2026-08-21 23:45:02,jra,2026-08-22,47.77,53.0,48.0,31.7,42.2,57.5,45.0,履歴少 / サンプル少
202601020101,2026-08-22,1,トゥザファイナル,7.0,6.0,ルメール,55.0,,3.0,4.0,3東京4,2歳新馬,,,,,,,,,,,,,,,,,2.4,1.0,2026-08-21 23:55:02,jra,2026-08-22,43.18,48.1,42.2,36.3,40.6,41.7,45.0,履歴少 / サンプル少
202604030101,2026-08-22,1,ハチキンキリシマ,6.0,6.0,▲佐藤,52.0,,14.0,15.0,2新潟7,2歳新馬,,,,,,,,,,,,,,,,,51.5,7.0,2026-08-21 23:35:02,jra,2026-08-22,37.2,29.6,42.2,29.6,40.6,41.7,45.0,履歴少 / サンプル少
202601020101,2026-08-22,1,ファラオクィーン,4.0,4.0,レーン,55.0,,2.0,3.0,2小倉4,2歳新馬,,,,,,,,,,,,,,,,,4.1,2.0,2026-08-21 23:55:02,jra,2026-08-22,43.67,49.9,42.2,36.3,40.6,41.7,45.0,履歴少 / サンプル少
202604030101,2026-08-22,1,ブルーグラビティ,3.0,3.0,石橋脩,55.0,,4.0,4.0,3東京3,2歳新馬,,,,,,,,,,,,,,,,,7.1,4.0,2026-08-21 23:35:02,jra,2026-08-22,42.16,46.4,40.6,36.3,40.6,40.6,45.0,履歴少 / サンプル少
202601020101,2026-08-22,1,マルカローゼ,8.0,6.0,Ｒヘルナン,55.0,,10.0,10.0,1札幌5,2歳新馬,,,,,,,,,,,,,,,,,51.6,9.0,2026-08-21 23:55:02,jra,2026-08-22,38.4,35.8,40.6,29.6,40.6,40.6,45.0,履歴少 / サンプル少
202607030101,2026-08-22,1,マーゴットマシェリ,6.0,6.0,団野,55.0,,2.0,6.0,3阪神6,2歳新馬,,,,,,,,,,,,,,,,,3.0,1.0,2026-08-21 23:45:02,jra,2026-08-22,44.81,49.9,46.8,36.3,40.6,42.0,45.0,履歴少 / サンプル少
202601020101,2026-08-22,1,マーズエクレール,6.0,5.0,鮫島駿,55.0,,6.0,2.0,1札幌6,2歳未勝利,8.0,3.0,3東京5,2歳新馬,,,,,,,,,,,,,4.1,3.0,2026-08-21 23:55:02,jra,2026-08-22,39.19,47.0,28.4,18.0,52.1,45.0,45.0,履歴少 / サンプル少
202601020101,2026-08-22,1,ミライショウグン,12.0,8.0,石川倭,55.0,,12.0,9.0,1札幌8,2歳新馬,,,,,,,,,,,,,,,,,78.9,12.0,2026-08-21 23:55:02,jra,2026-08-22,35.84,32.3,36.0,29.6,40.6,37.3,45.0,履歴少 / サンプル少
202607030101,2026-08-22,1,ヤマトクオーレ,9.0,8.0,▲森田,52.0,,10.0,10.0,2中京4,2歳新馬,,,,,,,,,,,,,,,,,27.6,7.0,2026-08-21 23:45:02,jra,2026-08-22,38.4,35.8,40.6,29.6,40.6,40.6,45.0,履歴少 / サンプル少
202607030101,2026-08-22,1,ルブラッシュノモー,5.0,5.0,△柴田裕,53.0,,10.0,11.0,2新潟6,2歳新馬,,,,,,,,,,,,,,,,,127.6,9.0,2026-08-21 23:45:02,jra,2026-08-22,38.92,35.8,42.2,29.6,40.6,41.7,45.0,履歴少 / サンプル少
202601020101,2026-08-22,1,レイテスツドリーム,1.0,1.0,▲和田陽,52.0,,9.0,12.0,1札幌5,2歳新馬,,,,,,,,,,,,,,,,,58.5,10.0,2026-08-21 23:55:02,jra,2026-08-22,40.19,37.6,45.3,29.6,40.6,42.0,45.0,履歴少 / サンプル少
202601020101,2026-08-22,1,レゾルートハート,10.0,7.0,岩田望,55.0,,9.0,8.0,1函館9,2歳新馬,,,,,,,,,,,,,,,,,25.3,7.0,2026-08-21 23:55:02,jra,2026-08-22,38.37,37.6,39.1,29.6,40.6,39.5,45.0,履歴少 / サンプル少
202607030102,2026-08-22,2,アルギエバ,4.0,4.0,☆田山,54.0,,,,,,,,,,,,,,,,,,,,,,21.8,9.0,2026-08-22 00:18:57,jra,2026-08-22,36.0,35.0,35.0,35.0,35.0,35.0,45.0,履歴少
202607030102,2026-08-22,2,アレストラウム,2.0,2.0,コレット,55.0,,,,,,,,,,,,,,,,,,,,,,1.9,1.0,2026-08-22 00:18:57,jra,2026-08-22,36.0,35.0,35.0,35.0,35.0,35.0,45.0,履歴少
202607030102,2026-08-22,2,アワジシマ,8.0,7.0,松若,55.0,,,,,,,,,,,,,,,,,,,,,,14.3,6.0,2026-08-22 00:18:57,jra,2026-08-22,36.0,35.0,35.0,35.0,35.0,35.0,45.0,履歴少
202601020102,2026-08-22,2,イントゥーザブルー,4.0,4.0,丹内,55.0,,4.0,4.0,1札幌3,2歳新馬,,,,,,,,,,,,,,,,,6.6,4.0,2026-08-21 23:25:52,jra,2026-08-22,42.16,46.4,40.6,36.3,40.6,40.6,45.0,履歴少 / サンプル少
202604030102,2026-08-22,2,オーケーエース,5.0,5.0,石川,55.0,,4.0,3.0,2福島3,2歳新馬,,,,,,,,,,,,,,,,,4.6,3.0,2026-08-22 00:06:37,jra,2026-08-22,41.64,46.4,39.1,36.3,40.6,39.5,45.0,履歴少 / サンプル少
202604030102,2026-08-22,2,サクセスボーイ,7.0,6.0,▲佐藤,52.0,,9.0,8.0,2福島6,2歳新馬,,,,,,,,,,,,,,,,,46.8,10.0,2026-08-22 00:06:37,jra,2026-08-22,38.37,37.6,39.1,29.6,40.6,39.5,45.0,履歴少 / サンプル少
202604030102,2026-08-22,2,セイルトゥグローリ,8.0,6.0,田辺,55.0,,7.0,5.0,3東京2,2歳新馬,,,,,,,,,,,,,,,,,3.5,1.0,2026-08-22 00:06:37,jra,2026-08-22,38.83,41.1,37.6,29.6,40.6,38.4,45.0,履歴少 / サンプル少
202607030102,2026-08-22,2,ダイシンレジウス,3.0,3.0,吉村,55.0,,,,,,,,,,,,,,,,,,,,,,18.9,8.0,2026-08-22 00:18:57,jra,2026-08-22,36.0,35.0,35.0,35.0,35.0,35.0,45.0,履歴少
202607030102,2026-08-22,2,テーオーダーウィン,6.0,6.0,菱田,55.0,,,,,,,,,,,,,,,,,,,,,,5.4,2.0,2026-08-22 00:18:57,jra,2026-08-22,36.0,35.0,35.0,35.0,35.0,35.0,45.0,履歴少
202604030102,2026-08-22,2,ナムラダックス,3.0,3.0,杉原,55.0,,11.0,13.0,2福島8,2歳新馬,,,,,,,,,,,,,,,,,71.4,12.0,2026-08-22 00:06:37,jra,2026-08-22,38.84,34.0,43.7,29.6,40.6,42.0,45.0,履歴少 / サンプル少
202604030102,2026-08-22,2,ニシノツムジカゼ,6.0,5.0,野中,55.0,,7.0,12.0,3東京6,2歳新馬,,,,,,,,,,,,,,,,,10.5,5.0,2026-08-22 00:06:37,jra,2026-08-22,41.92,41.1,48.3,29.6,40.6,42.0,45.0,履歴少 / サンプル少
202601020102,2026-08-22,2,ヒアカムズザサン,6.0,6.0,松山,55.0,,4.0,6.0,1札幌3,2歳未勝利,12.0,7.0,1函館12,2歳新馬,,,,,,,,,,,,,3.6,2.0,2026-08-21 23:25:52,jra,2026-08-22,46.43,43.9,41.1,34.7,71.9,49.8,45.0,履歴少 / サンプル少 / 近走上向き
202604030102,2026-08-22,2,ベルグラース,11.0,8.0,三浦,55.0,,7.0,6.0,2福島3,2歳新馬,,,,,,,,,,,,,,,,,8.5,4.0,2026-08-22 00:06:37,jra,2026-08-22,39.36,41.1,39.1,29.6,40.6,39.5,45.0,履歴少 / サンプル少
202607030102,2026-08-22,2,ホシヲミテルンナ,5.0,5.0,田口,55.0,,,,,,,,,,,,,,,,,,,,,,12.5,5.0,2026-08-22 00:18:57,jra,2026-08-22,36.0,35.0,35.0,35.0,35.0,35.0,45.0,履歴少
202604030102,2026-08-22,2,ポッドレーヴ,12.0,8.0,△石田,53.0,,6.0,10.0,2福島3,2歳新馬,,,,,,,,,,,,,,,,,24.5,8.0,2026-08-22 00:06:37,jra,2026-08-22,42.04,42.8,46.8,29.6,40.6,42.0,45.0,履歴少 / サンプル少
202604030102,2026-08-22,2,マイネルクロカータ,2.0,2.0,菊沢,55.0,,8.0,13.0,3東京4,2歳新馬,,,,,,,,,,,,,,,,,50.2,11.0,2026-08-22 00:06:37,jra,2026-08-22,41.42,39.3,48.3,29.6,40.6,42.0,45.0,履歴少 / サンプル少
202607030102,2026-08-22,2,マオノファースト,7.0,7.0,中井,55.0,,,,,,,,,,,,,,,,,,,,,,22.1,10.0,2026-08-22 00:18:57,jra,2026-08-22,36.0,35.0,35.0,35.0,35.0,35.0,45.0,履歴少
202607030102,2026-08-22,2,マルカルーカス,9.0,8.0,幸,55.0,,,,,,,,,,,,,,,,,,,,,,10.4,4.0,2026-08-22 00:18:57,jra,2026-08-22,36.0,35.0,35.0,35.0,35.0,35.0,45.0,履歴少
202607030102,2026-08-22,2,メイショウラウルス,10.0,8.0,角田和,55.0,,,,,,,,,,,,,,,,,,,,,,8.8,3.0,2026-08-22 00:18:57,jra,2026-08-22,36.0,35.0,35.0,35.0,35.0,35.0,45.0,履歴少
202604030102,2026-08-22,2,モノホンプレイヤー,4.0,4.0,丸山,55.0,,6.0,2.0,2中京5,2歳新馬,,,,,,,,,,,,,,,,,11.0,6.0,2026-08-22 00:06:37,jra,2026-08-22,38.28,42.8,34.5,29.6,40.6,36.2,45.0,履歴少 / サンプル少
202604030102,2026-08-22,2,ユイノリュウギ,10.0,7.0,木幡初,55.0,,3.0,7.0,2福島3,2歳新馬,,,,,,,,,,,,,,,,,3.9,2.0,2026-08-22 00:06:37,jra,2026-08-22,44.32,48.1,46.8,36.3,40.6,42.0,45.0,履歴少 / サンプル少
202604030102,2026-08-22,2,ライングラウス,9.0,7.0,武藤,55.0,,10.0,9.0,2新潟4,2歳新馬,,,,,,,,,,,,,,,,,39.0,9.0,2026-08-22 00:06:37,jra,2026-08-22,37.88,35.8,39.1,29.6,40.6,39.5,45.0,履歴少 / サンプル少
202601020102,2026-08-22,2,ランダムナンバー,1.0,1.0,古川吉,55.0,,5.0,7.0,1札幌5,2歳未勝利,9.0,6.0,3阪神2,2歳新馬,,,,,,,,,,,,,4.3,3.0,2026-08-21 23:25:52,jra,2026-08-22,47.02,47.5,44.5,34.7,58.7,52.4,45.0,履歴少 / サンプル少
202604030102,2026-08-22,2,ランドジャイアンツ,1.0,1.0,大野,55.0,,5.0,6.0,2新潟1,2歳未勝利,8.0,11.0,2福島4,2歳新馬,,,,,,,,,,,,,12.7,7.0,2026-08-22 00:06:37,jra,2026-08-22,50.44,49.5,52.8,34.7,55.4,61.5,45.0,履歴少 / サンプル少 / 市場オッズ妙味
202601020102,2026-08-22,2,ランフォーザエイジ,2.0,2.0,浜中,55.0,,2.0,5.0,1函館12,2歳新馬,,,,,,,,,,,,,,,,,2.3,1.0,2026-08-21 23:25:52,jra,2026-08-22,44.44,49.9,45.3,36.3,40.6,42.0,45.0,履歴少 / サンプル少
202607030102,2026-08-22,2,ルヴァンタドゥール,1.0,1.0,川須,55.0,,,,,,,,,,,,,,,,,,,,,,16.6,7.0,2026-08-22 00:18:57,jra,2026-08-22,36.0,35.0,35.0,35.0,35.0,35.0,45.0,履歴少
202601020102,2026-08-22,2,ロードレスポンス,3.0,3.0,ロイド,55.0,,9.0,5.0,1札幌3,2歳未勝利,5.0,4.0,1函館11,2歳未勝利,7.0,9.0,1函館1,2歳新馬,,,,,,,,,14.2,6.0,2026-08-21 23:25:52,jra,2026-08-22,43.3,50.8,40.0,24.9,32.0,58.0,45.0,履歴少 / 市場オッズ妙味
202601020102,2026-08-22,2,ローレルメビウス,5.0,5.0,◇古川奈,53.0,,8.0,9.0,1札幌5,2歳新馬,,,,,,,,,,,,,,,,,9.9,5.0,2026-08-21 23:25:52,jra,2026-08-22,39.91,39.3,42.2,29.6,40.6,41.7,45.0,履歴少 / サンプル少
202604030103,2026-08-22,3,アイファーマーリン,13.0,8.0,藤懸,55.0,,,,,,,,,,,,,,,,,,,,,,79.9,13.0,2026-08-21 23:38:07,jra,2026-08-22,36.0,35.0,35.0,35.0,35.0,35.0,45.0,履歴少
202604030103,2026-08-22,3,アラベスクテソーロ,4.0,4.0,富田,55.0,,,,,,,,,,,,,,,,,,,,,,22.9,9.0,2026-08-21 23:38:07,jra,2026-08-22,36.0,35.0,35.0,35.0,35.0,35.0,45.0,履歴少
202607030103,2026-08-22,3,アロマフェリス,3.0,3.0,吉村,56.0,,3.0,2.0,3阪神2,3歳以上1勝クラス,2.0,2.0,3京都3,4歳以上1勝クラス,1.0,1.0,1阪神9,4歳以上1勝クラス,6.0,1.0,1小倉6,4歳以上1勝クラス,2.0,3.0,5阪神4,3歳以上1勝クラス,11.9,4.0,2026-08-21 23:46:37,jra,2026-08-22,63.24,86.5,43.5,85.4,48.5,57.3,45.0,履歴少 / 安定感
202601020103,2026-08-22,3,イーサンミラー,4.0,3.0,Ｒヘルナン,57.0,,3.0,6.0,1札幌4,3歳未勝利,11.0,6.0,1函館11,3歳未勝利,8.0,7.0,1新潟5,3歳未勝利,4.0,5.0,1福島3,3歳未勝利,2.0,9.0,1中京5,3歳未勝利,8.0,4.0,2026-08-21 23:55:07,jra,2026-08-22,57.48,59.8,52.4,55.3,69.5,62.1,45.0,履歴少 / 近走上向き
202607030103,2026-08-22,3,ウインヘリオドール,1.0,1.0,国分恭,58.0,,6.0,7.0,2中京5,3歳以上1勝クラス,7.0,9.0,盛岡,アンタレス賞(B1),16.0,14.0,3阪神5,3歳以上1勝クラス,1.0,1.0,笠松,第10回ウマニティ杯(C),3.0,2.0,笠松,細貝優太新天地でも頑(C),49.8,8.0,2026-08-21 23:46:37,jra,2026-08-22,40.75,33.0,51.0,10.3,47.2,56.3,45.0,地方実績を中央換算 / 履歴少 / 市場オッズ妙味
202604030103,2026-08-22,3,エーアイラピド,9.0,6.0,石川,55.0,,,,,,,,,,,,,,,,,,,,,,20.4,8.0,2026-08-21 23:38:07,jra,2026-08-22,36.0,35.0,35.0,35.0,35.0,35.0,45.0,履歴少
202601020103,2026-08-22,3,コウソクユノ,1.0,1.0,横山琉,55.0,,10.0,6.0,1函館11,3歳未勝利,6.0,3.0,1函館5,3歳未勝利,4.0,3.0,1函館1,3歳未勝利,3.0,4.0,3中山5,3歳未勝利,4.0,9.0,2中山7,3歳未勝利,54.5,10.0,2026-08-21 23:55:07,jra,2026-08-22,44.92,58.6,39.5,44.7,15.5,52.2,45.0,履歴少
202607030103,2026-08-22,3,サトノビダーヤ,4.0,4.0,幸,55.0,,12.0,12.0,3阪神5,3歳以上1勝クラス,1.0,10.0,3京都7,3歳未勝利,11.0,11.0,1中京1,3歳未勝利,8.0,1.0,園田,JRA交流多紀連山特,8.0,10.0,5阪神4,2歳未勝利,15.3,6.0,2026-08-21 23:46:37,jra,2026-08-22,45.41,40.0,63.9,24.9,20.0,64.2,45.0,履歴少 / 市場オッズ妙味
202604030103,2026-08-22,3,サンアンドスターズ,6.0,5.0,菊沢,55.0,,,,,,,,,,,,,,,,,,,,,,30.3,10.0,2026-08-21 23:38:07,jra,2026-08-22,36.0,35.0,35.0,35.0,35.0,35.0,45.0,履歴少
202604030103,2026-08-22,3,ジップスパーク,11.0,7.0,田辺,55.0,,,,,,,,,,,,,,,,,,,,,,2.2,1.0,2026-08-21 23:38:07,jra,2026-08-22,36.0,35.0,35.0,35.0,35.0,35.0,45.0,履歴少
202601020103,2026-08-22,3,ジャーナーリア,3.0,3.0,池添,57.0,,9.0,2.0,1札幌3,3歳未勝利,2.0,1.0,1函館12,3歳未勝利,,,1函館6,3歳未勝利,5.0,2.0,1函館1,3歳未勝利,3.0,1.0,1新潟7,3歳未勝利,18.1,6.0,2026-08-21 23:55:07,jra,2026-08-22,43.62,65.4,23.6,49.8,16.0,51.7,45.0,履歴少 / 市場オッズ妙味
202601020103,2026-08-22,3,ジュラトリー,12.0,7.0,落合玄,55.0,,6.0,3.0,1函館11,3歳未勝利,5.0,2.0,1函館3,3歳未勝利,5.0,6.0,3中山5,3歳未勝利,5.0,5.0,1東京3,3歳未勝利,3.0,3.0,4東京8,2歳未勝利,20.2,7.0,2026-08-21 23:55:07,jra,2026-08-22,53.57,67.2,39.8,69.6,41.0,53.0,45.0,履歴少 / 安定感 / 市場オッズ妙味
202607030103,2026-08-22,3,スノースケープ,7.0,7.0,西村淳,53.0,,2.0,2.0,2中京1,香嵐渓特別(1勝クラス),1.0,1.0,3京都10,3歳未勝利,3.0,2.0,3京都4,3歳未勝利,,,,,,,,,1.5,1.0,2026-08-21 23:46:37,jra,2026-08-22,64.07,92.6,48.2,75.1,50.0,50.6,45.0,履歴少 / 安定感
202604030103,2026-08-22,3,セイウンウィルド,8.0,6.0,大野,55.0,,,,,,,,,,,,,,,,,,,,,,9.0,3.0,2026-08-21 23:38:07,jra,2026-08-22,36.0,35.0,35.0,35.0,35.0,35.0,45.0,履歴少
202601020103,2026-08-22,3,タイガーゲイト,13.0,8.0,松本,57.0,,8.0,11.0,1札幌2,3歳未勝利,12.0,13.0,1新潟5,3歳未勝利,11.0,12.0,2東京4,3歳未勝利,7.0,11.0,1福島4,3歳未勝利,12.0,8.0,1東京2,3歳未勝利,212.3,14.0,2026-08-21 23:55:07,jra,2026-08-22,42.97,29.1,60.7,0.0,65.0,56.8,45.0,履歴少 / 近走上向き
202604030103,2026-08-22,3,タッカーヴィーナス,7.0,5.0,津村,55.0,,,,,,,,,,,,,,,,,,,,,,10.5,5.0,2026-08-21 23:38:07,jra,2026-08-22,36.0,35.0,35.0,35.0,35.0,35.0,45.0,履歴少
202604030103,2026-08-22,3,タッケンエリカ,10.0,7.0,△石田,53.0,,,,,,,,,,,,,,,,,,,,,,59.9,12.0,2026-08-21 23:38:07,jra,2026-08-22,36.0,35.0,35.0,35.0,35.0,35.0,45.0,履歴少
202604030103,2026-08-22,3,テンソンコウリン,1.0,1.0,坂井,55.0,,,,,,,,,,,,,,,,,,,,,,5.2,2.0,2026-08-21 23:38:07,jra,2026-08-22,36.0,35.0,35.0,35.0,35.0,35.0,45.0,履歴少
202607030103,2026-08-22,3,ディープサミット,8.0,8.0,太宰,58.0,,8.0,8.0,4阪神9,3歳以上1勝クラス,15.0,9.0,2京都10,3歳1勝クラス,1.0,3.0,1阪神2,3歳未勝利,4.0,1.0,1京都1,3歳未勝利,3.0,5.0,7京都7,2歳未勝利,25.7,7.0,2026-08-21 23:46:37,jra,2026-08-22,46.24,52.9,40.7,44.7,36.5,53.0,45.0,履歴少 / 市場オッズ妙味
202604030103,2026-08-22,3,トーセンシントラ,5.0,4.0,三浦,55.0,,,,,,,,,,,,,,,,,,,,,,13.8,6.0,2026-08-21 23:38:07,jra,2026-08-22,36.0,35.0,35.0,35.0,35.0,35.0,45.0,履歴少
202601020103,2026-08-22,3,ハイテイラオユエ,11.0,7.0,▲小林美,54.0,,6.0,2.0,1札幌3,3歳未勝利,2.0,4.0,1函館10,3歳未勝利,4.0,7.0,3東京4,3歳未勝利,5.0,11.0,2東京9,3歳未勝利,9.0,8.0,1新潟4,3歳未勝利,8.8,5.0,2026-08-21 23:55:07,jra,2026-08-22,58.37,69.8,54.5,59.3,44.0,63.2,45.0,履歴少
202601020103,2026-08-22,3,ハイランダー,6.0,4.0,石川倭,57.0,,7.0,5.0,1札幌4,3歳未勝利,5.0,5.0,1函館11,3歳未勝利,4.0,8.0,1函館5,3歳未勝利,6.0,12.0,2中山5,3歳未勝利,7.0,12.0,1中山8,3歳未勝利,63.6,11.0,2026-08-21 23:55:07,jra,2026-08-22,55.43,61.9,61.0,44.7,41.0,62.0,45.0,履歴少
202607030103,2026-08-22,3,パラディオン,5.0,5.0,田口,55.0,,6.0,5.0,2小倉7,3歳以上1勝クラス,12.0,14.0,2東京1,テレビ東京杯青葉賞(GII),14.0,11.0,1中山7,京成杯(GIII),1.0,1.0,4京都8,2歳新馬,,,,,9.1,3.0,2026-08-21 23:46:37,jra,2026-08-22,44.94,39.9,46.9,14.6,68.0,57.8,45.0,履歴少 / 近走上向き
202601020103,2026-08-22,3,パレホ,2.0,2.0,吉村智,55.0,,16.0,15.0,3東京4,3歳未勝利,11.0,16.0,2東京12,3歳未勝利,14.0,13.0,3中山5,3歳未勝利,,,,,,,,,152.8,13.0,2026-08-21 23:55:07,jra,2026-08-22,31.45,6.6,56.9,0.0,29.0,56.8,45.0,履歴少
202607030103,2026-08-22,3,ビップヴォルフ,6.0,6.0,Ｍデムーロ,55.0,,3.0,1.0,2中京4,3歳以上1勝クラス,1.0,3.0,2小倉1,3歳未勝利,2.0,4.0,3阪神2,3歳未勝利,6.0,3.0,3京都1,3歳未勝利,2.0,2.0,3中山6,3歳未勝利,12.1,5.0,2026-08-21 23:46:37,jra,2026-08-22,65.04,86.9,48.9,85.4,48.5,60.0,45.0,履歴少 / 安定感 / 市場オッズ妙味
202604030103,2026-08-22,3,ベアヒロシデス,2.0,2.0,斎藤,55.0,,,,,,,,,,,,,,,,,,,,,,15.2,7.0,2026-08-21 23:38:07,jra,2026-08-22,36.0,35.0,35.0,35.0,35.0,35.0,45.0,履歴少
202604030103,2026-08-22,3,マイセイバー,3.0,3.0,嶋田,55.0,,,,,,,,,,,,,,,,,,,,,,38.7,11.0,2026-08-21 23:38:07,jra,2026-08-22,36.0,35.0,35.0,35.0,35.0,35.0,45.0,履歴少
202604030103,2026-08-22,3,ミツカネリゲル,12.0,8.0,石橋脩,55.0,,,,,,,,,,,,,,,,,,,,,,9.9,4.0,2026-08-21 23:38:07,jra,2026-08-22,36.0,35.0,35.0,35.0,35.0,35.0,45.0,履歴少
202601020103,2026-08-22,3,メイショウセンドウ,8.0,5.0,横山和,57.0,,2.0,3.0,1札幌6,3歳未勝利,7.0,2.0,1函館11,3歳未勝利,4.0,5.0,1函館7,3歳未勝利,2.0,8.0,1函館4,3歳未勝利,4.0,5.0,1新潟3,3歳未勝利,6.2,2.0,2026-08-21 23:55:07,jra,2026-08-22,63.59,77.2,51.6,75.1,63.5,60.4,45.0,履歴少 / 安定感
202601020103,2026-08-22,3,モンロワイヤル,9.0,6.0,ナレドゥ,57.0,,9.0,4.0,1札幌3,3歳未勝利,6.0,1.0,1函館11,3歳未勝利,3.0,1.0,2小倉2,3歳未勝利,5.0,2.0,1新潟2,3歳未勝利,3.0,4.0,1福島3,3歳未勝利,7.8,3.0,2026-08-21 23:55:07,jra,2026-08-22,42.63,61.1,25.5,44.7,21.5,49.6,45.0,履歴少
202601020103,2026-08-22,3,リン,14.0,8.0,松山,57.0,,2.0,4.0,1札幌5,3歳未勝利,9.0,3.0,3阪神3,3歳未勝利,2.0,6.0,3京都10,3歳未勝利,8.0,1.0,3京都4,3歳未勝利,4.0,7.0,1京都4,3歳未勝利,1.9,1.0,2026-08-21 23:55:07,jra,2026-08-22,57.55,69.4,44.3,60.5,72.5,50.1,45.0,履歴少 / 近走上向き / 安定感
202601020103,2026-08-22,3,ルージュラベル,10.0,6.0,☆長浜,54.0,,10.0,10.0,2福島8,3歳未勝利,11.0,6.0,2東京10,3歳未勝利,5.0,4.0,2東京1,3歳未勝利,,,,,,,,,45.4,9.0,2026-08-21 23:55:07,jra,2026-08-22,37.22,35.9,36.5,19.8,38.0,49.8,45.0,履歴少 / 市場オッズ妙味
202601020103,2026-08-22,3,レーヌペスカ,7.0,5.0,古川吉,55.0,,8.0,14.0,1札幌4,3歳未勝利,10.0,15.0,3阪神1,3歳未勝利,10.0,12.0,2阪神6,3歳未勝利,,,,,,,,,72.1,12.0,2026-08-21 23:55:07,jra,2026-08-22,50.81,34.5,82.3,0.0,62.0,67.6,45.0,履歴少 / 人気以上に走る傾向 / 過小評価傾向
202607030103,2026-08-22,3,ロザーンジュ,2.0,2.0,◇今村,51.0,,10.0,4.0,2東京9,カーネーションC(1勝クラス),4.0,4.0,1福島3,ひめさゆり賞(1勝クラス),1.0,4.0,1中京4,3歳未勝利,3.0,8.0,1小倉3,3歳未勝利,5.0,9.0,5中京4,2歳未勝利,5.3,2.0,2026-08-21 23:46:37,jra,2026-08-22,53.0,66.5,49.4,69.6,9.5,61.0,45.0,履歴少 / 安定感
202601020103,2026-08-22,3,ロジマギー,5.0,4.0,丹内,55.0,,9.0,7.0,1札幌1,3歳未勝利,12.0,2.0,1福島5,3歳未勝利,3.0,5.0,2中山2,3歳未勝利,5.0,3.0,1中山1,3歳新馬,,,,,26.5,8.0,2026-08-21 23:55:07,jra,2026-08-22,38.47,45.1,26.6,34.3,36.0,46.5,45.0,履歴少 / 市場オッズ妙味
202607030104,2026-08-22,4,アスクブームキセキ,9.0,5.0,菱田,57.0,,6.0,9.0,2中京1,3歳未勝利,11.0,5.0,1新潟2,3歳未勝利,14.0,4.0,1阪神1,3歳未勝利,5.0,7.0,5阪神5,2歳未勝利,5.0,3.0,5阪神2,2歳新馬,11.7,5.0,2026-08-22 00:15:52,jra,2026-08-22,41.84,40.2,32.7,24.9,66.5,52.0,45.0,履歴少 / 近走上向き
202601020104,2026-08-22,4,アースヴィンチ,3.0,2.0,☆長浜,54.0,,17.0,6.0,2新潟2,3歳未勝利,4.0,3.0,2福島1,3歳未勝利,7.0,7.0,5中山1,2歳未勝利,16.0,4.0,5東京5,2歳未勝利,2.0,5.0,4中山5,2歳新馬,40.0,11.0,2026-08-21 23:26:37,jra,2026-08-22,29.09,38.7,14.8,35.3,0.0,42.6,45.0,履歴少 / 市場オッズ妙味
202601020104,2026-08-22,4,ウィスカーパッド,1.0,1.0,岩田望,55.0,,3.0,2.0,1札幌5,3歳未勝利,4.0,3.0,2小倉4,3歳未勝利,3.0,7.0,3阪神2,3歳未勝利,8.0,1.0,1中京4,3歳未勝利,2.0,3.0,1小倉12,3歳未勝利,4.9,2.0,2026-08-21 23:26:37,jra,2026-08-22,61.65,77.0,45.2,85.4,57.5,54.2,45.0,履歴少 / 安定感
202607030104,2026-08-22,4,ウィスピア,7.0,4.0,国分恭,57.0,,11.0,12.0,2中京2,3歳未勝利,6.0,13.0,3京都12,3歳未勝利,9.0,7.0,3京都2,3歳未勝利,14.0,17.0,1小倉1,3歳新馬,,,,,43.5,14.0,2026-08-22 00:15:52,jra,2026-08-22,42.76,31.4,66.3,0.0,42.0,60.8,45.0,履歴少 / 人気以上に走る傾向
202607030104,2026-08-22,4,ウイントリベルガ,5.0,3.0,泉谷,57.0,,,,,,,,,,,,,,,,,,,,,,16.2,9.0,2026-08-22 00:15:52,jra,2026-08-22,36.0,35.0,35.0,35.0,35.0,35.0,45.0,履歴少
202607030104,2026-08-22,4,ウェイヴムーン,17.0,8.0,田口,57.0,,2.0,5.0,2中京3,3歳未勝利,13.0,6.0,3阪神2,3歳未勝利,4.0,3.0,1新潟5,3歳未勝利,4.0,6.0,2東京1,3歳未勝利,9.0,10.0,1阪神5,3歳未勝利,4.7,1.0,2026-08-22 00:15:52,jra,2026-08-22,57.36,58.8,45.6,64.7,83.0,55.3,45.0,履歴少 / 近走上向き / 安定感
202607030104,2026-08-22,4,ウォータールスール,4.0,2.0,太宰,57.0,,9.0,6.0,2中京6,3歳未勝利,11.0,3.0,1小倉1,3歳新馬,,,,,,,,,,,,,12.1,6.0,2026-08-22 00:15:52,jra,2026-08-22,35.15,33.8,25.3,18.0,52.1,47.9,45.0,履歴少 / サンプル少 / 市場オッズ妙味
202601020104,2026-08-22,4,カタカムナ,16.0,8.0,原田和,55.0,,13.0,12.0,2新潟3,3歳未勝利,6.0,13.0,2福島8,3歳未勝利,13.0,15.0,1新潟6,3歳未勝利,14.0,15.0,1福島6,3歳未勝利,10.0,14.0,1小倉12,3歳未勝利,91.3,14.0,2026-08-21 23:26:37,jra,2026-08-22,39.14,19.9,66.8,0.0,36.5,62.0,45.0,履歴少 / 人気以上に走る傾向
202604030104,2026-08-22,4,カノープス,14.0,8.0,△石田,53.0,,8.0,11.0,2新潟6,3歳未勝利,14.0,15.0,1函館6,3歳未勝利,14.0,12.0,2東京11,3歳未勝利,,,,,,,,,39.7,12.0,2026-08-22 00:07:22,jra,2026-08-22,41.32,17.8,57.1,0.0,86.0,55.7,45.0,履歴少 / 近走上向き
202604030104,2026-08-22,4,カルダモン,4.0,3.0,原,55.0,,16.0,3.0,2新潟4,3歳未勝利,16.0,2.0,3東京3,3歳未勝利,5.0,1.0,1福島3,3歳未勝利,4.0,3.0,1中山6,3歳未勝利,5.0,2.0,5東京1,2歳未勝利,12.3,6.0,2026-08-22 00:07:22,jra,2026-08-22,24.01,31.6,0.0,44.7,0.0,37.9,45.0,履歴少 / 市場オッズ妙味
202601020104,2026-08-22,4,クルサール,14.0,7.0,川又,55.0,,11.0,7.0,1札幌4,3歳未勝利,11.0,5.0,1中京3,3歳未勝利,,,,,,,,,,,,,116.9,16.0,2026-08-21 23:26:37,jra,2026-08-22,32.46,29.0,26.6,18.0,45.5,41.6,45.0,履歴少 / サンプル少
202601020104,2026-08-22,4,クロミ,6.0,3.0,鮫島駿,55.0,,13.0,10.0,5阪神8,2歳新馬,,,,,,,,,,,,,,,,,41.7,12.0,2026-08-21 23:26:37,jra,2026-08-22,35.35,30.5,36.0,29.6,40.6,37.3,45.0,履歴少 / サンプル少
202601020104,2026-08-22,4,ケナゲ,13.0,7.0,★河原田,51.0,,3.0,6.0,1札幌1,3歳未勝利,5.0,6.0,1函館9,3歳未勝利,2.0,14.0,1函館5,3歳未勝利,7.0,10.0,2東京11,3歳未勝利,5.0,6.0,1新潟4,3歳未勝利,17.0,8.0,2026-08-21 23:26:37,jra,2026-08-22,72.71,75.3,78.5,85.4,60.5,77.0,45.0,履歴少 / 人気以上に走る傾向 / 安定感 / 過小評価傾向
202601020104,2026-08-22,4,コティノス,15.0,8.0,フーリー,57.0,,13.0,8.0,1函館12,3歳未勝利,7.0,10.0,1函館6,3歳未勝利,8.0,9.0,1函館2,3歳未勝利,13.0,5.0,2阪神5,3歳未勝利,2.0,2.0,1中京4,3歳未勝利,19.8,10.0,2026-08-21 23:26:37,jra,2026-08-22,34.22,33.0,37.8,10.3,17.0,58.1,45.0,履歴少 / 市場オッズ妙味
202601020104,2026-08-22,4,コワンニシタガウ,11.0,6.0,武豊,57.0,,2.0,2.0,1札幌1,3歳未勝利,3.0,2.0,1函館7,3歳未勝利,7.0,6.0,1函館4,3歳未勝利,5.0,3.0,2阪神5,3歳未勝利,4.0,6.0,1中京2,3歳未勝利,10.9,5.0,2026-08-21 23:26:37,jra,2026-08-22,63.0,76.9,46.3,80.2,66.5,58.9,45.0,履歴少 / 近走上向き / 安定感
202601020104,2026-08-22,4,ゴコウコイコイ,2.0,1.0,横山武,55.0,,2.0,1.0,1札幌5,3歳未勝利,2.0,4.0,1札幌2,3歳未勝利,8.0,6.0,1函館8,3歳未勝利,3.0,11.0,1函館3,3歳未勝利,8.0,9.0,1新潟7,3歳未勝利,2.9,1.0,2026-08-21 23:26:37,jra,2026-08-22,64.78,76.4,57.5,69.9,69.5,59.7,45.0,履歴少 / 近走上向き / 安定感
202607030104,2026-08-22,4,ゴッドアミーラ,14.0,7.0,角田和,55.0,,2.0,4.0,盛岡,オニキス賞(3歳),14.0,10.0,2小倉4,3歳未勝利,12.0,9.0,3京都12,3歳未勝利,,,,,,,,,42.9,13.0,2026-08-22 00:15:52,jra,2026-08-22,39.51,19.9,37.7,13.7,100.0,48.1,45.0,履歴少 / 近走上向き
202607030104,2026-08-22,4,ゴリョウセイ,1.0,1.0,コレット,57.0,,4.0,7.0,2中京3,3歳未勝利,5.0,7.0,2小倉6,3歳未勝利,11.0,14.0,3阪神5,3歳未勝利,13.0,5.0,1阪神3,3歳未勝利,11.0,6.0,1小倉5,3歳未勝利,5.0,2.0,2026-08-22 00:15:52,jra,2026-08-22,54.84,46.7,52.2,55.3,86.0,53.6,47.8,前走人気以上 / 近走上向き
202601020104,2026-08-22,4,サトノリアファル,9.0,5.0,横山和,57.0,,5.0,5.0,1札幌2,3歳未勝利,6.0,9.0,2福島1,3歳未勝利,10.0,8.0,2東京4,3歳未勝利,13.0,8.0,3中山2,3歳未勝利,12.0,5.0,1中山1,3歳新馬,10.7,4.0,2026-08-21 23:26:37,jra,2026-08-22,47.52,43.0,42.3,30.4,81.5,52.9,45.0,履歴少 / 近走上向き
202607030104,2026-08-22,4,シンゼンイセ,11.0,6.0,城戸,57.0,,8.0,8.0,2中京5,3歳以上1勝クラス,11.0,12.0,2中京1,3歳未勝利,8.0,16.0,2小倉3,3歳未勝利,3.0,4.0,笠松,赤坂宿特別(3歳),11.0,12.0,2阪神1,3歳未勝利,198.1,18.0,2026-08-22 00:15:52,jra,2026-08-22,45.72,36.2,64.1,8.5,51.5,60.6,45.0,履歴少
202601020104,2026-08-22,4,シーシェル,7.0,4.0,黛,55.0,,6.0,13.0,1札幌4,3歳未勝利,8.0,11.0,1函館1,3歳未勝利,7.0,8.0,2中山5,3歳未勝利,4.0,9.0,1中山8,3歳新馬,,,,,116.9,15.0,2026-08-21 23:26:37,jra,2026-08-22,56.72,56.4,79.7,14.6,52.0,66.5,45.0,履歴少 / 人気以上に走る傾向 / 過小評価傾向
202601020104,2026-08-22,4,シーラス,5.0,3.0,レーン,57.0,,10.0,2.0,2東京3,3歳未勝利,,,,,,,,,,,,,,,,,9.5,3.0,2026-08-21 23:26:37,jra,2026-08-22,34.53,35.8,29.6,29.6,40.6,31.8,45.0,履歴少 / サンプル少
202604030104,2026-08-22,4,ジャストビコーズ,1.0,1.0,富田,55.0,,17.0,6.0,2新潟3,3歳未勝利,9.0,3.0,2福島8,3歳未勝利,3.0,8.0,1中山6,3歳未勝利,4.0,5.0,5中山6,2歳未勝利,2.0,8.0,5東京5,2歳未勝利,13.5,7.0,2026-08-22 00:07:22,jra,2026-08-22,37.7,46.2,28.4,44.7,0.0,57.8,45.0,履歴少 / 市場オッズ妙味
202607030104,2026-08-22,4,スピーチバルーン,8.0,4.0,団野,55.0,,16.0,9.0,2小倉3,3歳未勝利,9.0,16.0,1小倉3,3歳未勝利,14.0,9.0,4京都3,2歳新馬,,,,,,,,,25.2,11.0,2026-08-22 00:15:52,jra,2026-08-22,26.66,12.0,37.2,0.0,23.0,50.9,45.0,履歴少 / 市場オッズ妙味
202607030104,2026-08-22,4,スーパービジー,6.0,3.0,幸,57.0,,7.0,11.0,2中京3,3歳未勝利,7.0,8.0,2小倉6,3歳未勝利,10.0,10.0,3阪神4,3歳未勝利,6.0,7.0,3京都3,3歳未勝利,9.0,16.0,2阪神7,3歳未勝利,19.7,10.0,2026-08-22 00:15:52,jra,2026-08-22,50.11,46.8,66.3,0.0,56.0,72.5,42.3,人気以上に走る傾向 / 過小評価傾向 / 市場オッズ妙味
202604030104,2026-08-22,4,ソフィアプルーマ,11.0,6.0,▲佐藤,52.0,,6.0,8.0,2新潟8,3歳未勝利,9.0,13.0,3東京5,3歳未勝利,6.0,12.0,3東京1,3歳未勝利,6.0,11.0,2東京8,3歳未勝利,7.0,12.0,2東京1,3歳未勝利,74.1,15.0,2026-08-22 00:07:22,jra,2026-08-22,54.39,53.2,78.3,0.0,56.0,67.8,45.0,履歴少 / 人気以上に走る傾向 / 過小評価傾向
202607030104,2026-08-22,4,ダイヤモンドエルザ,10.0,5.0,△柴田裕,53.0,,16.0,15.0,3阪神3,3歳未勝利,,,,,,,,,,,,,,,,,187.7,17.0,2026-08-22 00:15:52,jra,2026-08-22,36.15,29.6,39.1,29.6,40.6,39.5,45.0,履歴少 / サンプル少
202607030104,2026-08-22,4,テンダーワーズ,3.0,2.0,▲川端,52.0,,9.0,7.0,2中京4,3歳未勝利,6.0,5.0,3京都9,3歳未勝利,5.0,9.0,3京都4,3歳未勝利,10.0,18.0,1京都5,3歳新馬,,,,,15.9,8.0,2026-08-22 00:15:52,jra,2026-08-22,49.02,48.4,58.6,19.8,38.0,71.2,45.0,履歴少 / 過小評価傾向 / 市場オッズ妙味
202604030104,2026-08-22,4,ドナディクオーレ,12.0,7.0,丸山,55.0,,15.0,5.0,2福島3,3歳未勝利,3.0,12.0,1福島3,3歳未勝利,11.0,10.0,1東京1,3歳新馬,,,,,,,,,23.8,10.0,2026-08-22 00:07:22,jra,2026-08-22,34.37,33.1,40.7,24.9,2.0,54.1,45.0,履歴少 / 市場オッズ妙味
202607030104,2026-08-22,4,ノブレスラブリエ,12.0,6.0,松若,55.0,,5.0,13.0,2中京4,3歳未勝利,9.0,1.0,船橋,ナイスビット特別(3歳未格),7.0,10.0,1福島6,3歳未勝利,10.0,13.0,4東京6,2歳新馬,,,,,13.2,7.0,2026-08-22 00:15:52,jra,2026-08-22,54.89,44.9,68.0,30.4,72.0,65.9,45.0,履歴少 / 人気以上に走る傾向 / 近走上向き / 過小評価傾向
202604030104,2026-08-22,4,ハニーアンバー,13.0,7.0,石橋脩,55.0,,10.0,13.0,2新潟3,3歳未勝利,8.0,11.0,2東京9,3歳未勝利,7.0,11.0,2東京3,3歳未勝利,13.0,12.0,1東京4,3歳新馬,,,,,61.7,13.0,2026-08-22 00:07:22,jra,2026-08-22,44.32,33.8,68.0,0.0,46.0,60.8,45.0,履歴少 / 人気以上に走る傾向
202607030104,2026-08-22,4,バンブラボー,16.0,8.0,秋山稔,57.0,,12.0,14.0,2中京6,3歳未勝利,6.0,6.0,佐賀,JRA交流サマーカッ(3歳),9.0,12.0,3中山7,3歳未勝利,12.0,11.0,2阪神3,3歳未勝利,10.0,9.0,1中京3,3歳未勝利,115.0,16.0,2026-08-22 00:15:52,jra,2026-08-22,36.08,22.1,56.7,0.0,33.5,55.5,45.0,履歴少
202607030104,2026-08-22,4,バーバラップ,2.0,1.0,☆田山,56.0,,9.0,10.0,3阪神2,3歳未勝利,12.0,11.0,1新潟2,3歳未勝利,,,,,,,,,,,,,40.0,12.0,2026-08-22 00:15:52,jra,2026-08-22,40.32,31.9,45.9,18.0,55.4,50.6,45.0,履歴少 / サンプル少
202604030104,2026-08-22,4,バーヴァンシー,15.0,8.0,◇永島,53.0,,7.0,4.0,2新潟8,3歳未勝利,4.0,3.0,2新潟1,3歳未勝利,5.0,1.0,2福島4,3歳未勝利,6.0,5.0,2東京12,3歳未勝利,2.0,5.0,2東京6,3歳未勝利,24.0,11.0,2026-08-22 00:07:22,jra,2026-08-22,50.06,66.4,37.5,55.0,33.5,52.4,45.0,履歴少 / 市場オッズ妙味
202604030104,2026-08-22,4,ビューティドリーム,6.0,4.0,▲上里,52.0,,12.0,11.0,2新潟6,3歳未勝利,,,,,,,,,,,,,,,,,68.0,14.0,2026-08-22 00:07:22,jra,2026-08-22,36.89,32.3,39.1,29.6,40.6,39.5,45.0,履歴少 / サンプル少
202604030104,2026-08-22,4,フィクセルリリア,8.0,5.0,吉田豊,55.0,,4.0,5.0,2新潟3,3歳未勝利,11.0,4.0,5中山5,2歳未勝利,2.0,3.0,5中山1,2歳未勝利,9.0,8.0,4中山8,2歳新馬,,,,,9.1,3.0,2026-08-22 00:07:22,jra,2026-08-22,52.04,57.5,39.2,50.2,70.0,54.5,45.0,履歴少 / 近走上向き
202601020104,2026-08-22,4,フローレンスフーガ,8.0,4.0,古川吉,57.0,,4.0,4.0,1札幌6,3歳未勝利,11.0,3.0,1函館12,3歳未勝利,3.0,8.0,1函館6,3歳未勝利,7.0,3.0,1函館2,3歳未勝利,3.0,5.0,1新潟3,3歳未勝利,11.2,6.0,2026-08-21 23:26:37,jra,2026-08-22,53.93,60.9,40.3,60.5,62.0,57.0,45.0,履歴少 / 安定感
202601020104,2026-08-22,4,ブライスフェアリー,12.0,6.0,松山,55.0,,3.0,4.0,2新潟3,3歳未勝利,2.0,7.0,2福島6,3歳未勝利,6.0,12.0,3東京1,3歳未勝利,5.0,7.0,2東京10,3歳未勝利,6.0,11.0,2東京4,3歳未勝利,18.5,9.0,2026-08-21 23:26:37,jra,2026-08-22,70.19,76.4,74.8,69.9,60.5,76.3,45.0,履歴少 / 人気以上に走る傾向 / 安定感 / 過小評価傾向
202604030104,2026-08-22,4,ブルージンジャー,9.0,5.0,津村,55.0,,3.0,3.0,2新潟3,3歳未勝利,5.0,10.0,3東京6,3歳未勝利,9.0,11.0,2東京4,3歳未勝利,,,,,,,,,11.5,5.0,2026-08-22 00:07:22,jra,2026-08-22,63.7,66.1,65.3,55.3,74.0,68.0,45.0,履歴少 / 人気以上に走る傾向 / 近走上向き / 過小評価傾向
202604030104,2026-08-22,4,プロミスライン,3.0,2.0,△石神道,53.0,,2.0,7.0,2新潟3,3歳未勝利,6.0,4.0,2福島2,3歳未勝利,10.0,10.0,1新潟4,3歳未勝利,9.0,12.0,1東京7,3歳未勝利,8.0,10.0,1中山9,3歳新馬,9.1,2.0,2026-08-22 00:07:22,jra,2026-08-22,58.8,58.2,61.7,30.4,87.5,64.6,45.0,履歴少 / 近走上向き
202607030104,2026-08-22,4,ペガサスジルシ,15.0,7.0,西村淳,55.0,,3.0,5.0,2中京1,3歳未勝利,7.0,1.0,3阪神2,3歳未勝利,2.0,1.0,3京都9,3歳未勝利,3.0,3.0,1中京6,3歳未勝利,9.0,1.0,3京都8,2歳新馬,6.0,3.0,2026-08-22 00:15:52,jra,2026-08-22,55.9,72.6,36.6,64.7,63.5,49.2,45.0,履歴少 / 安定感
202604030104,2026-08-22,4,ペールデュクラン,10.0,6.0,菊沢,55.0,,3.0,2.0,2福島4,3歳未勝利,6.0,7.0,1福島4,3歳未勝利,,,,,,,,,,,,,14.7,8.0,2026-08-22 00:07:22,jra,2026-08-22,50.94,58.3,45.1,34.7,55.4,60.6,45.0,履歴少 / サンプル少 / 市場オッズ妙味
202607030104,2026-08-22,4,マイネルホウセン,18.0,8.0,吉村,57.0,,13.0,6.0,2小倉3,3歳未勝利,9.0,12.0,1京都8,3歳未勝利,18.0,7.0,5阪神8,2歳未勝利,4.0,3.0,4阪神5,2歳未勝利,4.0,1.0,4中京2,2歳新馬,8.3,4.0,2026-08-22 00:15:52,jra,2026-08-22,30.38,29.1,21.9,24.9,24.5,46.7,45.0,履歴少
202601020104,2026-08-22,4,マンサニージャ,10.0,5.0,丹内,55.0,,5.0,5.0,1札幌3,3歳未勝利,7.0,2.0,1函館9,3歳未勝利,3.0,4.0,1函館5,3歳未勝利,6.0,6.0,1函館2,3歳未勝利,6.0,7.0,3中山5,3歳未勝利,13.7,7.0,2026-08-21 23:26:37,jra,2026-08-22,53.83,65.2,43.4,50.2,53.0,59.2,45.0,履歴少 / 市場オッズ妙味
202601020104,2026-08-22,4,メイショウノヴァス,4.0,2.0,吉田隼,57.0,,5.0,6.0,1札幌6,3歳未勝利,4.0,7.0,1札幌1,3歳未勝利,4.0,3.0,門別,フェルカド特別(C1),8.0,6.0,1函館3,3歳未勝利,7.0,5.0,3京都10,3歳未勝利,56.2,13.0,2026-08-21 23:26:37,jra,2026-08-22,56.02,60.1,53.1,66.8,54.5,52.9,45.0,履歴少 / 安定感
202607030104,2026-08-22,4,メイショウユウゲン,13.0,7.0,▲森田,54.0,,10.0,15.0,2中京3,3歳未勝利,7.0,12.0,2小倉8,3歳未勝利,8.0,15.0,2小倉2,3歳未勝利,13.0,13.0,3京都7,3歳未勝利,11.0,8.0,1阪神2,3歳未勝利,115.0,15.0,2026-08-22 00:15:52,jra,2026-08-22,46.72,32.8,76.9,0.0,48.5,62.6,45.0,履歴少 / 人気以上に走る傾向
202604030104,2026-08-22,4,ラショナルポイント,7.0,4.0,斎藤,55.0,,2.0,1.0,2新潟8,3歳未勝利,6.0,3.0,1函館7,3歳未勝利,3.0,1.0,3東京1,3歳未勝利,2.0,6.0,2中山6,3歳未勝利,7.0,4.0,5東京7,2歳新馬,2.4,1.0,2026-08-22 00:07:22,jra,2026-08-22,59.09,78.3,41.8,64.7,65.0,50.5,45.0,履歴少 / 近走上向き / 安定感
202604030104,2026-08-22,4,ルシアージュ,2.0,2.0,三浦,55.0,,8.0,5.0,2新潟6,3歳未勝利,3.0,5.0,2新潟2,3歳未勝利,5.0,6.0,2東京12,3歳未勝利,6.0,5.0,2東京8,3歳未勝利,6.0,7.0,1福島1,3歳未勝利,9.9,4.0,2026-08-22 00:07:22,jra,2026-08-22,51.19,62.7,48.2,44.7,32.0,59.8,45.0,履歴少
202604030104,2026-08-22,4,レディホークダイヤ,5.0,3.0,岩田康,55.0,,11.0,13.0,2福島3,3歳未勝利,12.0,12.0,2東京6,3歳未勝利,13.0,12.0,1福島3,3歳未勝利,9.0,9.0,1東京4,3歳新馬,,,,,19.0,9.0,2026-08-22 00:07:22,jra,2026-08-22,37.3,16.9,53.2,0.0,52.0,64.8,45.0,履歴少 / 市場オッズ妙味
202604030105,2026-08-22,5,アエログラム,17.0,8.0,◇永島,55.0,,15.0,15.0,3東京4,3歳未勝利,16.0,5.0,1東京6,3歳未勝利,,,,,,,,,,,,,39.0,16.0,2026-08-21 23:38:52,jra,2026-08-22,29.6,18.0,26.4,18.0,48.8,40.7,45.0,履歴少 / サンプル少
202607030105,2026-08-22,5,アルムアポジェ,13.0,7.0,菱田,55.0,,9.0,1.0,2小倉7,3歳未勝利,5.0,3.0,2小倉1,3歳未勝利,3.0,1.0,3阪神1,3歳未勝利,2.0,3.0,3京都2,3歳未勝利,3.0,3.0,2阪神4,3歳未勝利,22.7,8.0,2026-08-21 23:47:22,jra,2026-08-22,46.9,66.6,27.7,69.6,15.5,49.1,45.0,履歴少 / 安定感 / 市場オッズ妙味
202604030105,2026-08-22,5,アージェンタイド,5.0,3.0,江田照,57.0,,15.0,14.0,1東京7,3歳未勝利,15.0,10.0,5中山1,2歳未勝利,10.0,8.0,4東京7,2歳未勝利,11.0,13.0,4中山5,2歳新馬,,,,,24.7,10.0,2026-08-21 23:38:52,jra,2026-08-22,27.08,9.4,37.1,0.0,32.0,51.4,45.0,履歴少 / 市場オッズ妙味
202607030105,2026-08-22,5,エルヴィッタ,5.0,3.0,幸,55.0,,7.0,10.0,2中京5,3歳未勝利,12.0,4.0,1新潟4,3歳未勝利,18.0,7.0,1阪神1,3歳未勝利,5.0,4.0,5中京2,2歳新馬,,,,,34.7,11.0,2026-08-21 23:47:22,jra,2026-08-22,36.15,32.0,23.4,14.6,78.0,42.5,45.0,履歴少 / 近走上向き / 市場オッズ妙味
202604030105,2026-08-22,5,エヴィーヴァ,10.0,5.0,武藤,55.0,,16.0,4.0,3東京4,3歳未勝利,3.0,1.0,3中山1,3歳未勝利,6.0,4.0,5中山6,2歳新馬,,,,,,,,,15.6,7.0,2026-08-21 23:38:52,jra,2026-08-22,27.77,43.7,7.7,24.9,0.0,44.4,45.0,履歴少 / 市場オッズ妙味
202604030105,2026-08-22,5,エーデルハイ,14.0,7.0,富田,55.0,,10.0,12.0,1函館3,3歳未勝利,9.0,13.0,2東京11,3歳未勝利,13.0,13.0,1新潟3,3歳未勝利,8.0,8.0,2中山2,3歳未勝利,12.0,14.0,1中山7,3歳未勝利,278.8,18.0,2026-08-21 23:38:52,jra,2026-08-22,41.38,25.9,62.7,0.0,53.0,58.7,45.0,履歴少
202601020105,2026-08-22,5,カセノメロス,4.0,3.0,横山武,55.0,,,,,,,,,,,,,,,,,,,,,,10.0,6.0,2026-08-22 00:16:12,jra,2026-08-22,36.0,35.0,35.0,35.0,35.0,35.0,45.0,履歴少
202607030105,2026-08-22,5,キャスケード,12.0,6.0,長岡,55.0,,3.0,4.0,2中京5,3歳未勝利,3.0,10.0,3阪神1,3歳未勝利,5.0,9.0,1新潟8,3歳未勝利,5.0,10.0,3京都3,3歳未勝利,6.0,11.0,1阪神6,3歳未勝利,6.3,3.0,2026-08-21 23:47:22,jra,2026-08-22,72.77,76.0,78.6,89.7,60.5,72.1,45.0,履歴少 / 人気以上に走る傾向 / 安定感 / 過小評価傾向
202601020105,2026-08-22,5,グリーンアイランド,5.0,4.0,武豊,55.0,,,,,,,,,,,,,,,,,,,,,,12.8,8.0,2026-08-22 00:16:12,jra,2026-08-22,36.0,35.0,35.0,35.0,35.0,35.0,45.0,履歴少
202604030105,2026-08-22,5,ココナッツコースト,3.0,2.0,津村,55.0,,4.0,1.0,2新潟2,3歳未勝利,2.0,2.0,1中山2,3歳新馬,,,,,,,,,,,,,5.7,2.0,2026-08-21 23:38:52,jra,2026-08-22,49.48,63.8,39.2,48.4,38.9,51.8,45.0,履歴少 / サンプル少
202604030105,2026-08-22,5,サイモンナイスラン,7.0,4.0,石橋脩,57.0,,5.0,10.0,2新潟2,3歳未勝利,5.0,13.0,3東京6,3歳未勝利,5.0,16.0,3東京2,3歳未勝利,13.0,15.0,3中山2,3歳未勝利,14.0,16.0,1東京4,3歳新馬,28.0,13.0,2026-08-21 23:38:52,jra,2026-08-22,69.46,51.6,93.3,75.1,75.5,71.7,45.0,履歴少 / 人気以上に走る傾向 / 近走上向き / 安定感
202601020105,2026-08-22,5,ジャストピーチー,13.0,8.0,岩田望,55.0,,,,,,,,,,,,,,,,,,,,,,15.2,9.0,2026-08-22 00:16:12,jra,2026-08-22,36.0,35.0,35.0,35.0,35.0,35.0,45.0,履歴少
202607030105,2026-08-22,5,ジュエルサンライズ,15.0,8.0,コレット,55.0,,4.0,11.0,2中京5,3歳未勝利,7.0,8.0,1新潟8,3歳未勝利,5.0,9.0,1新潟1,3歳未勝利,8.0,11.0,2阪神4,3歳未勝利,10.0,5.0,2京都2,3歳未勝利,11.2,5.0,2026-08-21 23:47:22,jra,2026-08-22,62.04,58.8,71.6,50.2,71.0,66.8,45.0,履歴少 / 人気以上に走る傾向 / 近走上向き / 過小評価傾向
202601020105,2026-08-22,5,スピカテソーロ,3.0,3.0,丹内,55.0,,,,,,,,,,,,,,,,,,,,,,9.3,4.0,2026-08-22 00:16:12,jra,2026-08-22,36.0,35.0,35.0,35.0,35.0,35.0,45.0,履歴少
202607030105,2026-08-22,5,スプレンドーレ,4.0,2.0,国分優,55.0,,,,,,,,,,,,,,,,,,,,,,29.2,10.0,2026-08-21 23:47:22,jra,2026-08-22,36.0,35.0,35.0,35.0,35.0,35.0,45.0,履歴少
202604030105,2026-08-22,5,セシルブリュネ,6.0,3.0,斎藤,55.0,,13.0,4.0,2福島4,3歳未勝利,9.0,6.0,2東京6,3歳未勝利,8.0,4.0,2中山3,3歳未勝利,3.0,6.0,5中山5,2歳新馬,,,,,25.5,11.0,2026-08-21 23:38:52,jra,2026-08-22,28.63,34.7,20.1,14.6,12.0,45.7,45.0,履歴少 / 市場オッズ妙味
202607030105,2026-08-22,5,ゼフィルス,8.0,4.0,西村淳,55.0,,9.0,9.0,2中京5,3歳未勝利,9.0,8.0,1福島2,3歳未勝利,7.0,3.0,1京都8,3歳未勝利,10.0,1.0,5阪神4,2歳新馬,,,,,20.7,7.0,2026-08-21 23:47:22,jra,2026-08-22,34.84,38.2,31.6,0.0,48.0,44.9,45.0,履歴少 / 市場オッズ妙味
202607030105,2026-08-22,5,タガノプディング,10.0,5.0,団野,55.0,,2.0,1.0,2中京5,3歳未勝利,4.0,1.0,2小倉6,3歳未勝利,2.0,1.0,3阪神4,3歳未勝利,2.0,2.0,3京都11,3歳未勝利,4.0,1.0,2阪神4,3歳未勝利,3.6,2.0,2026-08-21 23:47:22,jra,2026-08-22,67.25,86.4,39.1,100.0,56.0,50.3,79.3,ダ適性 / 阪神実績 / 距離適性 / 安定感
202601020105,2026-08-22,5,タプティ,2.0,2.0,小沢,55.0,,,,,,,,,,,,,,,,,,,,,,20.0,12.0,2026-08-22 00:16:12,jra,2026-08-22,36.0,35.0,35.0,35.0,35.0,35.0,45.0,履歴少
202604030105,2026-08-22,5,ダノンケリー,8.0,4.0,三浦,55.0,,12.0,6.0,3東京5,3歳未勝利,9.0,3.0,2東京1,3歳未勝利,3.0,3.0,1中山7,3歳新馬,,,,,,,,,18.5,8.0,2026-08-21 23:38:52,jra,2026-08-22,31.16,38.9,19.1,19.8,14.0,51.0,45.0,履歴少 / 市場オッズ妙味
202601020105,2026-08-22,5,ツキミ,11.0,7.0,レーン,55.0,,,,,,,,,,,,,,,,,,,,,,5.0,1.0,2026-08-22 00:16:12,jra,2026-08-22,36.0,35.0,35.0,35.0,35.0,35.0,45.0,履歴少
202604030105,2026-08-22,5,トレフォイルノット,4.0,2.0,杉原,57.0,,10.0,7.0,2福島4,3歳未勝利,8.0,8.0,5中京2,2歳新馬,,,,,,,,,,,,,24.5,9.0,2026-08-21 23:38:52,jra,2026-08-22,38.28,37.4,39.2,18.0,38.9,50.7,45.0,履歴少 / サンプル少 / 市場オッズ妙味
202607030105,2026-08-22,5,ナイトシンフォニー,2.0,1.0,秋山稔,55.0,,12.0,15.0,3阪神1,3歳未勝利,,,,,,,,,,,,,,,,,27.0,9.0,2026-08-21 23:47:22,jra,2026-08-22,38.71,32.3,45.3,29.6,40.6,42.0,45.0,履歴少 / サンプル少
202607030105,2026-08-22,5,ノイエンブリエ,9.0,5.0,亀田,55.0,,12.0,3.0,1小倉4,3歳新馬,,,,,,,,,,,,,,,,,37.5,13.0,2026-08-21 23:47:22,jra,2026-08-22,33.39,32.3,29.6,29.6,40.6,30.7,45.0,履歴少 / サンプル少
202601020105,2026-08-22,5,ノヴァカーラ,1.0,1.0,Ｒヘルナン,55.0,,,,,,,,,,,,,,,,,,,,,,16.6,10.0,2026-08-22 00:16:12,jra,2026-08-22,36.0,35.0,35.0,35.0,35.0,35.0,45.0,履歴少
202604030105,2026-08-22,5,ハニージョー,18.0,8.0,石川,57.0,,7.0,1.0,3東京3,3歳未勝利,3.0,2.0,2東京7,3歳未勝利,9.0,1.0,2中山4,3歳未勝利,3.0,7.0,4東京6,2歳新馬,,,,,12.4,6.0,2026-08-21 23:38:52,jra,2026-08-22,44.82,62.6,26.0,39.5,38.0,51.8,45.0,履歴少 / 市場オッズ妙味
202601020105,2026-08-22,5,ハヤテノギンジロウ,12.0,7.0,横山琉,55.0,,,,,,,,,,,,,,,,,,,,,,19.4,11.0,2026-08-22 00:16:12,jra,2026-08-22,36.0,35.0,35.0,35.0,35.0,35.0,45.0,履歴少
202604030105,2026-08-22,5,バトルモクオ,13.0,7.0,岩田康,57.0,,2.0,12.0,2新潟2,3歳未勝利,8.0,15.0,3東京2,3歳未勝利,12.0,13.0,3中山1,3歳未勝利,12.0,10.0,1東京6,3歳未勝利,8.0,9.0,1中山3,3歳新馬,30.0,14.0,2026-08-21 23:38:52,jra,2026-08-22,62.32,47.6,83.6,30.4,98.0,64.6,45.0,履歴少 / 人気以上に走る傾向 / 近走上向き
202601020105,2026-08-22,5,フクノブルースカイ,6.0,4.0,浜中,55.0,,,,,,,,,,,,,,,,,,,,,,9.2,3.0,2026-08-22 00:16:12,jra,2026-08-22,36.0,35.0,35.0,35.0,35.0,35.0,45.0,履歴少
202601020105,2026-08-22,5,ブラスセッション,10.0,6.0,横山和,55.0,,,,,,,,,,,,,,,,,,,,,,30.2,13.0,2026-08-22 00:16:12,jra,2026-08-22,36.0,35.0,35.0,35.0,35.0,35.0,45.0,履歴少
202604030105,2026-08-22,5,ブルームコード,16.0,8.0,坂井,55.0,,2.0,4.0,1中山7,3歳未勝利,5.0,9.0,5中山7,2歳新馬,,,,,,,,,,,,,7.0,3.0,2026-08-21 23:38:52,jra,2026-08-22,56.6,62.7,56.7,48.4,55.4,60.7,45.0,履歴少 / サンプル少
202607030105,2026-08-22,5,ブルーメンフェスト,7.0,4.0,国分恭,55.0,,10.0,14.0,1札幌6,3歳未勝利,11.0,11.0,1函館11,3歳未勝利,11.0,11.0,1札幌3,2歳新馬,,,,,,,,,80.5,15.0,2026-08-21 23:47:22,jra,2026-08-22,40.54,23.2,61.3,0.0,56.0,57.8,45.0,履歴少
202604030105,2026-08-22,5,ブロークンハート,15.0,7.0,菊沢,55.0,,9.0,2.0,2福島4,3歳未勝利,5.0,6.0,2東京5,3歳未勝利,3.0,3.0,1福島2,3歳未勝利,5.0,12.0,1小倉2,3歳新馬,,,,,25.6,12.0,2026-08-21 23:38:52,jra,2026-08-22,49.24,60.7,43.3,59.3,22.0,54.3,45.0,履歴少
202607030105,2026-08-22,5,プレデンシア,6.0,3.0,田口,55.0,,5.0,7.0,2中京4,3歳未勝利,8.0,5.0,3阪神3,3歳未勝利,4.0,5.0,3京都9,3歳未勝利,3.0,2.0,1阪神6,3歳未勝利,2.0,2.0,2京都4,3歳未勝利,9.2,4.0,2026-08-21 23:47:22,jra,2026-08-22,58.21,68.4,49.4,75.1,45.5,58.8,45.0,履歴少 / 安定感
202604030105,2026-08-22,5,ヘクトルテソーロ,11.0,6.0,藤懸,57.0,,7.0,8.0,3東京6,3歳未勝利,4.0,6.0,2東京11,3歳未勝利,7.0,6.0,1新潟1,3歳未勝利,,,,,,,,,12.1,5.0,2026-08-21 23:38:52,jra,2026-08-22,51.34,60.0,55.6,24.9,41.0,62.8,45.0,履歴少 / 市場オッズ妙味
202607030105,2026-08-22,5,ベストレイク,11.0,6.0,松若,55.0,,9.0,3.0,3阪神6,3歳未勝利,4.0,11.0,3阪神1,3歳未勝利,11.0,6.0,2京都2,3歳未勝利,16.0,9.0,4東京6,2歳新馬,,,,,16.7,6.0,2026-08-21 23:47:22,jra,2026-08-22,40.53,37.7,33.7,24.9,58.0,53.0,45.0,履歴少 / 市場オッズ妙味
202607030105,2026-08-22,5,マカロンブルー,14.0,7.0,◇今村,53.0,,2.0,4.0,2小倉5,3歳未勝利,7.0,1.0,3京都8,3歳未勝利,6.0,1.0,1新潟1,3歳未勝利,3.0,1.0,5中京4,2歳未勝利,2.0,3.0,3京都10,2歳新馬,3.5,1.0,2026-08-21 23:47:22,jra,2026-08-22,55.18,74.5,35.6,55.3,65.0,48.8,45.0,履歴少 / 近走上向き
202601020105,2026-08-22,5,マシュマロデイズ,7.0,5.0,ルメール,55.0,,,,,,,,,,,,,,,,,,,,,,5.2,2.0,2026-08-22 00:16:12,jra,2026-08-22,36.0,35.0,35.0,35.0,35.0,35.0,45.0,履歴少
202607030105,2026-08-22,5,ミーンアロット,3.0,2.0,▲森田,52.0,,15.0,13.0,3阪神5,3歳未勝利,9.0,8.0,3京都12,3歳未勝利,4.0,13.0,1阪神4,3歳未勝利,12.0,16.0,2京都4,3歳新馬,,,,,132.0,16.0,2026-08-21 23:47:22,jra,2026-08-22,39.55,28.7,61.7,19.8,10.0,61.6,45.0,履歴少
202607030105,2026-08-22,5,メイショウハネウマ,16.0,8.0,中井,55.0,,16.0,14.0,3京都5,3歳未勝利,13.0,13.0,1中京6,3歳未勝利,,,,,,,,,,,,,63.4,14.0,2026-08-21 23:47:22,jra,2026-08-22,32.98,19.0,41.3,18.0,35.6,48.8,45.0,履歴少 / サンプル少
202601020105,2026-08-22,5,ラストフィールド,14.0,8.0,▲和田陽,52.0,,,,,,,,,,,,,,,,,,,,,,80.2,14.0,2026-08-22 00:16:12,jra,2026-08-22,36.0,35.0,35.0,35.0,35.0,35.0,45.0,履歴少
202604030105,2026-08-22,5,リリーサー,1.0,1.0,原,55.0,,8.0,7.0,2東京10,3歳未勝利,,,,,,,,,,,,,,,,,8.1,4.0,2026-08-21 23:38:52,jra,2026-08-22,38.86,39.3,39.1,29.6,40.6,39.5,45.0,履歴少 / サンプル少
202601020105,2026-08-22,5,リーベフォール,9.0,6.0,北村友,55.0,,,,,,,,,,,,,,,,,,,,,,11.0,7.0,2026-08-22 00:16:12,jra,2026-08-22,36.0,35.0,35.0,35.0,35.0,35.0,45.0,履歴少
202607030105,2026-08-22,5,ルージュラボーテ,1.0,1.0,☆田山,54.0,,,,,,,,,,,,,,,,,,,,,,36.2,12.0,2026-08-21 23:47:22,jra,2026-08-22,36.0,35.0,35.0,35.0,35.0,35.0,45.0,履歴少
202604030105,2026-08-22,5,レーヌシェーヌ,2.0,1.0,柴田大,55.0,,17.0,11.0,2東京7,3歳未勝利,9.0,9.0,5東京8,2歳未勝利,6.0,6.0,5東京4,2歳新馬,,,,,,,,,139.4,17.0,2026-08-21 23:38:52,jra,2026-08-22,26.77,27.7,33.0,0.0,0.0,47.0,45.0,履歴少
202601020105,2026-08-22,5,ロードリバイバル,8.0,5.0,松山,55.0,,,,,,,,,,,,,,,,,,,,,,9.4,5.0,2026-08-22 00:16:12,jra,2026-08-22,36.0,35.0,35.0,35.0,35.0,35.0,45.0,履歴少
202604030105,2026-08-22,5,ローレルクラウン,12.0,6.0,小崎,57.0,,14.0,8.0,3東京4,3歳未勝利,3.0,11.0,2東京9,3歳未勝利,7.0,14.0,3中山8,3歳未勝利,10.0,12.0,2中山7,3歳未勝利,8.0,10.0,1阪神1,3歳未勝利,31.4,15.0,2026-08-21 23:38:52,jra,2026-08-22,43.73,39.8,64.4,24.9,8.0,62.0,45.0,履歴少
202604030105,2026-08-22,5,ワインダークシー,9.0,5.0,田辺,57.0,,6.0,3.0,2福島4,3歳未勝利,4.0,2.0,5中山2,2歳未勝利,3.0,2.0,4新潟2,2歳未勝利,3.0,4.0,2新潟8,2歳新馬,,,,,4.2,1.0,2026-08-21 23:38:52,jra,2026-08-22,52.86,73.6,38.6,59.3,34.0,52.0,45.0,履歴少
202601020106,2026-08-22,6,アイアムコロンブス,7.0,5.0,☆長浜,56.0,,10.0,6.0,1札幌4,3歳未勝利,8.0,7.0,5東京8,2歳未勝利,7.0,3.0,4東京11,2歳新馬,,,,,,,,,59.6,12.0,2026-08-21 23:47:42,jra,2026-08-22,32.87,39.6,29.0,0.0,35.0,43.8,45.0,履歴少
202604030106,2026-08-22,6,ウィステリアリヴァ,5.0,3.0,石橋脩,55.0,,12.0,12.0,2中山3,上総S(3勝クラス),9.0,4.0,1中山1,招福S(3勝クラス),2.0,3.0,5中山2,市川S(3勝クラス),7.0,9.0,4東京2,赤富士S(3勝クラス),8.0,9.0,2新潟6,佐渡S(3勝クラス),53.9,16.0,2026-08-21 23:47:12,jra,2026-08-22,39.23,42.9,45.4,19.8,17.0,52.9,45.0,履歴少
202601020106,2026-08-22,6,カイユレ,1.0,1.0,Ｒヘルナン,55.0,,12.0,12.0,1札幌2,3歳未勝利,15.0,10.0,3京都10,3歳未勝利,14.0,9.0,2阪神8,3歳未勝利,,,,,,,,,63.0,14.0,2026-08-21 23:47:42,jra,2026-08-22,26.63,4.9,29.2,0.0,65.0,42.7,45.0,履歴少 / 近走上向き
202604030106,2026-08-22,6,ガルダイア,6.0,3.0,杉原,55.0,,11.0,7.0,2東京5,分倍河原S(3勝クラス),17.0,6.0,5東京3,奥多摩S(3勝クラス),11.0,1.0,4阪神1,西宮S(3勝クラス),12.0,6.0,2東京1,テレビ東京杯青葉賞(GII),2.0,7.0,2阪神1,毎日杯(GIII),32.5,12.0,2026-08-21 23:47:12,jra,2026-08-22,23.89,21.3,6.0,10.3,47.0,36.6,45.0,履歴少
202601020106,2026-08-22,6,ギオンバヤシ,12.0,7.0,武豊,57.0,,4.0,3.0,1札幌6,3歳未勝利,4.0,1.0,1函館12,3歳未勝利,2.0,2.0,1函館8,3歳未勝利,2.0,2.0,1函館3,3歳未勝利,3.0,4.0,3京都11,3歳未勝利,7.4,3.0,2026-08-21 23:47:42,jra,2026-08-22,62.98,82.3,43.4,100.0,42.5,56.6,45.0,履歴少 / 安定感
202604030106,2026-08-22,6,グラニット,14.0,7.0,江田照,55.0,,10.0,14.0,2福島7,阿武隈S(3勝クラス),7.0,9.0,2東京5,分倍河原S(3勝クラス),7.0,9.0,3中山6,あけぼのS(3勝クラス),4.0,11.0,2新潟6,佐渡S(3勝クラス),8.0,6.0,2福島7,阿武隈S(3勝クラス),38.3,14.0,2026-08-21 23:47:12,jra,2026-08-22,48.58,47.4,70.5,14.6,29.0,62.0,45.0,履歴少 / 人気以上に走る傾向
202604030106,2026-08-22,6,ケーブパール,12.0,6.0,富田,54.0,,3.0,3.0,2中京3,豊橋S(3勝クラス),6.0,7.0,3阪神4,花のみちS(3勝クラス),8.0,6.0,1阪神6,岸和田S(3勝クラス),10.0,3.0,1京都9,山城S(3勝クラス),4.0,3.0,3京都8,長岡京S(3勝クラス),15.5,6.0,2026-08-21 23:47:12,jra,2026-08-22,53.06,61.1,41.1,40.7,74.0,55.8,45.0,履歴少 / 近走上向き / 市場オッズ妙味
202604030106,2026-08-22,6,コスモサガルマータ,7.0,4.0,三浦,55.0,,6.0,11.0,2東京10,フリーウェイS(3勝クラス),4.0,8.0,2東京5,分倍河原S(3勝クラス),17.0,13.0,1中山3,迎春S(3勝クラス),15.0,12.0,5中山6,北総S(3勝クラス),14.0,16.0,2福島1,バーデンバーデンC(3勝クラス),10.9,4.0,2026-08-21 23:47:12,jra,2026-08-22,51.88,37.2,60.5,24.9,89.0,62.8,45.0,履歴少 / 近走上向き
202604030106,2026-08-22,6,コートアリシアン,2.0,1.0,田辺,55.0,,4.0,1.0,2新潟1,新潟日報賞(3勝クラス),2.0,1.0,2東京10,フリーウェイS(3勝クラス),3.0,1.0,2東京2,湘南S(3勝クラス),5.0,2.0,2中山5,幕張S(3勝クラス),2.0,2.0,1中山7,若潮S(3勝クラス),5.0,2.0,2026-08-21 23:47:12,jra,2026-08-22,60.55,82.1,36.0,100.0,44.0,51.0,45.0,履歴少 / 安定感
202604030106,2026-08-22,6,サトノヴィレ,17.0,8.0,斎藤,56.0,,3.0,9.0,2新潟6,佐渡S(3勝クラス),13.0,15.0,3東京6,多摩川S(3勝クラス),1.0,10.0,4東京1,八ヶ岳特別(2勝クラス),13.0,12.0,3新潟1,飯豊特別(2勝クラス),6.0,11.0,2東京11,葉山特別(2勝クラス),31.5,11.0,2026-08-21 23:47:12,jra,2026-08-22,64.46,53.1,81.3,50.2,81.5,69.9,45.0,履歴少 / 人気以上に走る傾向 / 近走上向き / 過小評価傾向
202601020106,2026-08-22,6,シャンドラファール,9.0,6.0,松山,57.0,,2.0,4.0,1札幌6,3歳未勝利,2.0,2.0,2小倉3,3歳未勝利,2.0,1.0,3阪神6,3歳未勝利,2.0,4.0,3京都7,3歳未勝利,4.0,5.0,1新潟1,3歳未勝利,2.3,1.0,2026-08-21 23:47:42,jra,2026-08-22,69.37,90.3,55.6,100.0,53.0,56.1,45.0,履歴少 / 安定感
202604030106,2026-08-22,6,ショーマンフリート,13.0,7.0,嶋田,53.0,,9.0,16.0,2福島7,阿武隈S(3勝クラス),16.0,16.0,5中山8,2025ファイナルS(3勝クラス),13.0,15.0,3新潟2,長岡S(3勝クラス),15.0,11.0,3東京4,江の島S(3勝クラス),9.0,10.0,1新潟6,弥彦S(3勝クラス),191.9,18.0,2026-08-21 23:47:12,jra,2026-08-22,41.35,15.5,64.3,0.0,75.5,57.4,45.0,履歴少 / 近走上向き
202604030106,2026-08-22,6,ジェットマグナム,3.0,2.0,大野,54.0,,7.0,11.0,3京都8,錦S(3勝クラス),14.0,16.0,3京都2,センテニアルパークS(3勝クラス),15.0,8.0,2京都5,飛鳥S(3勝クラス),1.0,3.0,1京都6,稲荷特別(2勝クラス),7.0,6.0,3京都10,北野特別(2勝クラス),113.2,17.0,2026-08-21 23:47:12,jra,2026-08-22,44.25,35.8,53.6,14.6,63.5,53.5,45.0,履歴少
202604030106,2026-08-22,6,ジャサルディア,10.0,5.0,津村,55.0,,2.0,1.0,2東京12,IFHA杯むらさき賞(3勝クラス),1.0,1.0,2阪神6,4歳以上2勝クラス,3.0,1.0,1東京6,4歳以上2勝クラス,2.0,3.0,5東京7,3歳以上2勝クラス,1.0,1.0,4東京2,3歳以上1勝クラス,5.3,3.0,2026-08-21 23:47:12,jra,2026-08-22,67.31,93.2,46.1,100.0,48.5,55.8,45.0,履歴少 / 安定感
202607030106,2026-08-22,6,スマートスピア,5.0,4.0,吉村,58.0,,2.0,2.0,3東京4,3歳以上2勝クラス,8.0,1.0,1新潟5,中ノ岳特別(2勝クラス),2.0,2.0,1中京1,中京スポーツ杯(2勝クラス),2.0,7.0,1小倉10,和布刈特別(2勝クラス),3.0,5.0,4東京7,西湖特別(2勝クラス),7.3,4.0,2026-08-21 23:55:42,jra,2026-08-22,61.77,79.2,44.3,75.1,60.5,58.5,45.0,履歴少 / 安定感
202607030106,2026-08-22,6,ソウルアンドジャズ,12.0,7.0,川須,58.0,,2.0,5.0,2中京3,日進特別(2勝クラス),2.0,5.0,3阪神6,3歳以上2勝クラス,7.0,7.0,3京都12,與杼特別(2勝クラス),4.0,6.0,3京都8,4歳以上2勝クラス,9.0,3.0,2阪神6,川西特別(2勝クラス),6.1,3.0,2026-08-21 23:55:42,jra,2026-08-22,65.18,76.0,59.3,69.9,71.0,59.0,45.0,履歴少 / 近走上向き / 安定感
202607030106,2026-08-22,6,ソルチェリア,4.0,3.0,幸,55.0,,6.0,4.0,3京都11,鳳雛S(L),4.0,3.0,3京都3,ユニコーンS(GIII),1.0,6.0,2京都1,3歳1勝クラス,5.0,5.0,1京都3,3歳1勝クラス,1.0,2.0,5阪神6,2歳未勝利,4.0,2.0,2026-08-21 23:55:42,jra,2026-08-22,58.62,77.2,51.6,69.6,30.5,57.9,45.0,履歴少 / 安定感
202607030106,2026-08-22,6,タイガースパーク,7.0,5.0,田口,58.0,,8.0,8.0,2中京6,揖斐川特別(2勝クラス),7.0,6.0,3阪神1,加古川特別(2勝クラス),3.0,4.0,3京都10,4歳以上2勝クラス,5.0,4.0,1阪神6,4歳以上2勝クラス,3.0,9.0,2京都5,4歳以上2勝クラス,41.6,11.0,2026-08-21 23:55:42,jra,2026-08-22,51.62,61.5,53.0,44.7,29.0,59.5,45.0,履歴少 / 市場オッズ妙味
202607030106,2026-08-22,6,タガノアニマシオン,10.0,6.0,城戸,58.0,,7.0,6.0,2小倉6,八女特別(2勝クラス),4.0,3.0,1阪神8,4歳以上2勝クラス,1.0,3.0,1阪神2,4歳以上1勝クラス,3.0,2.0,4阪神3,3歳以上1勝クラス,1.0,7.0,4中京1,3歳未勝利,42.2,13.0,2026-08-21 23:55:42,jra,2026-08-22,60.58,77.1,52.2,69.6,21.5,56.8,75.8,ダ適性 / 阪神実績 / 距離適性 / 頭数減経験
202601020106,2026-08-22,6,タビニュ,2.0,2.0,池添,57.0,,3.0,5.0,1札幌6,3歳未勝利,3.0,3.0,1函館6,3歳未勝利,4.0,7.0,1函館1,3歳未勝利,9.0,7.0,1新潟7,3歳未勝利,4.0,10.0,1福島3,3歳未勝利,11.0,4.0,2026-08-21 23:47:42,jra,2026-08-22,66.89,74.6,60.7,85.4,62.0,66.1,45.0,履歴少 / 安定感 / 過小評価傾向
202604030106,2026-08-22,6,テウメッサ,11.0,6.0,武藤,53.0,,14.0,14.0,2東京12,IFHA杯むらさき賞(3勝クラス),10.0,7.0,3中山6,あけぼのS(3勝クラス),8.0,13.0,1東京6,雲雀S(3勝クラス),5.0,11.0,5中山8,2025ファイナルS(3勝クラス),6.0,9.0,4東京10,紅葉S(3勝クラス),33.0,13.0,2026-08-21 23:47:12,jra,2026-08-22,39.18,31.8,60.0,14.6,9.5,60.6,45.0,履歴少
202601020106,2026-08-22,6,デルマタカチホ,3.0,3.0,★河原田,53.0,,7.0,7.0,1札幌2,3歳未勝利,7.0,13.0,3中山6,3歳未勝利,7.0,8.0,2阪神2,3歳未勝利,,,,,,,,,39.3,11.0,2026-08-21 23:47:42,jra,2026-08-22,49.79,52.0,65.8,0.0,50.0,63.9,45.0,履歴少 / 人気以上に走る傾向 / 市場オッズ妙味
202607030106,2026-08-22,6,ドゥラエテルノ,2.0,2.0,コレット,58.0,,6.0,3.0,3阪神1,加古川特別(2勝クラス),3.0,4.0,2東京6,日吉特別(2勝クラス),4.0,3.0,3中山8,利根川特別(2勝クラス),4.0,1.0,1阪神1,4歳以上2勝クラス,2.0,1.0,1京都9,4歳以上2勝クラス,14.9,5.0,2026-08-21 23:55:42,jra,2026-08-22,55.43,74.8,40.2,69.6,33.5,56.9,45.0,履歴少 / 安定感 / 市場オッズ妙味
202607030106,2026-08-22,6,ニシノジェダイ,1.0,1.0,田山,58.0,,1.0,3.0,2小倉2,3歳以上1勝クラス,5.0,12.0,3阪神1,3歳以上1勝クラス,12.0,3.0,1阪神1,4歳以上1勝クラス,3.0,2.0,2京都2,4歳以上1勝クラス,4.0,6.0,1京都6,4歳以上1勝クラス,33.0,9.0,2026-08-21 23:55:42,jra,2026-08-22,64.32,69.8,54.4,80.2,80.0,56.9,45.0,履歴少 / 近走上向き / 安定感 / 市場オッズ妙味
202607030106,2026-08-22,6,ノボリクレバー,14.0,8.0,団野,56.0,,3.0,6.0,2中京2,遠州灘特別(2勝クラス),7.0,4.0,2小倉4,九州スポーツ杯(2勝クラス),10.0,10.0,1中京4,弥富特別(2勝クラス),3.0,3.0,1阪神6,4歳以上2勝クラス,2.0,4.0,2京都5,4歳以上2勝クラス,22.6,8.0,2026-08-21 23:55:42,jra,2026-08-22,58.05,65.8,52.6,55.3,65.0,57.6,45.0,履歴少 / 近走上向き / 市場オッズ妙味
202601020106,2026-08-22,6,パゴスピグイノス,11.0,7.0,フーリー,55.0,,13.0,8.0,3阪神4,3歳未勝利,7.0,6.0,1福島3,3歳未勝利,5.0,13.0,1阪神10,3歳未勝利,17.0,16.0,1京都8,3歳未勝利,7.0,3.0,5阪神8,2歳未勝利,36.7,9.0,2026-08-21 23:47:42,jra,2026-08-22,37.58,33.0,44.8,19.8,26.0,54.3,45.0,履歴少 / 市場オッズ妙味
202607030106,2026-08-22,6,ビルンバウム,8.0,5.0,太宰,58.0,,8.0,4.0,2中京3,日進特別(2勝クラス),1.0,3.0,3京都9,4歳以上1勝クラス,4.0,3.0,2阪神8,4歳以上1勝クラス,2.0,7.0,2阪神2,4歳以上1勝クラス,8.0,8.0,2阪神8,4歳以上1勝クラス,42.2,12.0,2026-08-21 23:55:42,jra,2026-08-22,53.87,71.3,48.7,59.3,24.5,54.8,45.0,履歴少
202601020106,2026-08-22,6,フィエールシャンテ,5.0,4.0,ナレドゥ,55.0,,9.0,9.0,2小倉5,3歳未勝利,5.0,8.0,3阪神6,3歳未勝利,10.0,6.0,3京都7,3歳未勝利,6.0,7.0,1阪神10,3歳未勝利,5.0,12.0,1阪神2,3歳未勝利,11.6,5.0,2026-08-21 23:47:42,jra,2026-08-22,49.19,49.2,55.8,35.3,35.0,65.0,45.0,履歴少
202601020106,2026-08-22,6,フクチャンブラック,6.0,4.0,松本,57.0,,8.0,5.0,1札幌4,3歳未勝利,5.0,12.0,1函館12,3歳未勝利,6.0,7.0,1函館4,3歳未勝利,9.0,8.0,3中山7,3歳未勝利,11.0,8.0,2阪神4,3歳未勝利,38.4,10.0,2026-08-21 23:47:42,jra,2026-08-22,48.11,49.5,54.0,24.9,48.5,56.9,45.0,履歴少 / 市場オッズ妙味
202607030106,2026-08-22,6,ブルックリンダンス,11.0,7.0,亀田,58.0,,3.0,2.0,2中京6,揖斐川特別(2勝クラス),6.0,5.0,2小倉6,八女特別(2勝クラス),4.0,6.0,3京都12,與杼特別(2勝クラス),10.0,2.0,1阪神9,4歳以上2勝クラス,7.0,2.0,2京都2,衣笠特別(2勝クラス),34.3,10.0,2026-08-21 23:55:42,jra,2026-08-22,56.09,65.0,37.1,50.2,72.5,47.8,75.8,ダ適性 / 京都実績 / 距離適性 / 頭数減経験
202604030106,2026-08-22,6,ホウオウムサシ,15.0,7.0,酒井,55.0,,6.0,11.0,2東京5,分倍河原S(3勝クラス),18.0,16.0,3中山8,サンシャインS(3勝クラス),16.0,7.0,1中山8,初富士S(3勝クラス),8.0,7.0,5東京8,ウェルカムS(3勝クラス),8.0,2.0,4中山4,レインボーS(3勝クラス),41.3,15.0,2026-08-21 23:47:12,jra,2026-08-22,39.11,29.2,39.3,0.0,89.0,45.0,45.0,履歴少 / 近走上向き
202601020106,2026-08-22,6,ホウオウライラック,13.0,8.0,▲遠藤,52.0,,10.0,11.0,2福島3,3歳未勝利,6.0,10.0,1新潟3,3歳未勝利,11.0,14.0,2中山1,3歳未勝利,10.0,11.0,1中山5,3歳新馬,,,,,61.8,13.0,2026-08-21 23:47:42,jra,2026-08-22,43.95,35.1,65.9,0.0,44.0,60.8,45.0,履歴少 / 人気以上に走る傾向
202604030106,2026-08-22,6,マイエレメント,18.0,8.0,石川,52.0,,10.0,10.0,3阪神4,花のみちS(3勝クラス),14.0,3.0,1新潟6,弥彦S(3勝クラス),6.0,3.0,1中京5,マレーシアC(3勝クラス),1.0,1.0,5阪神8,フォーチュンC(2勝クラス),1.0,1.0,5阪神1,3歳以上1勝クラス,12.1,5.0,2026-08-21 23:47:12,jra,2026-08-22,36.54,45.3,26.7,24.9,23.0,51.5,45.0,履歴少 / 市場オッズ妙味
202604030106,2026-08-22,6,マトラコーニッシュ,4.0,2.0,原,53.0,,4.0,7.0,2小倉3,博多S(3勝クラス),15.0,6.0,3京都9,シドニーT(3勝クラス),4.0,8.0,3京都2,センテニアルパークS(3勝クラス),1.0,2.0,1小倉8,太宰府特別(2勝クラス),6.0,2.0,4京都8,3歳以上2勝クラス,20.8,8.0,2026-08-21 23:47:12,jra,2026-08-22,54.63,58.9,44.3,64.7,65.0,53.0,45.0,履歴少 / 近走上向き / 安定感 / 市場オッズ妙味
202604030106,2026-08-22,6,マルチャン,16.0,8.0,丸田,53.0,,11.0,13.0,3東京3,ジューンS(OP),14.0,18.0,2東京4,府中S(3勝クラス),13.0,12.0,1東京8,JCベストレース記念(3勝クラス),9.0,11.0,1中山7,若潮S(3勝クラス),13.0,14.0,5中山8,2025ファイナルS(3勝クラス),25.7,10.0,2026-08-21 23:47:12,jra,2026-08-22,38.55,12.5,62.6,0.0,57.5,61.5,45.0,履歴少 / 市場オッズ妙味
202607030106,2026-08-22,6,マヴィ,3.0,3.0,Ｍデムーロ,53.0,,1.0,6.0,2小倉5,3歳以上1勝クラス,11.0,6.0,3京都6,3歳1勝クラス,10.0,11.0,1阪神6,3歳1勝クラス,15.0,12.0,5東京2,オキザリス賞(1勝クラス),1.0,3.0,3中京4,2歳新馬,14.9,6.0,2026-08-21 23:55:42,jra,2026-08-22,56.69,51.2,51.7,40.7,99.5,61.5,45.0,履歴少 / 近走上向き / 市場オッズ妙味
202604030106,2026-08-22,6,ミッキーソルジャー,1.0,1.0,菊沢,56.0,,1.0,2.0,2東京11,葉山特別(2勝クラス),13.0,1.0,5東京4,3歳以上2勝クラス,1.0,2.0,4東京7,3歳以上1勝クラス,1.0,4.0,3新潟1,3歳未勝利,,,,,3.7,1.0,2026-08-21 23:47:12,jra,2026-08-22,56.82,73.3,34.0,64.7,74.0,49.9,45.0,履歴少 / 近走上向き / 安定感
202607030106,2026-08-22,6,ライノ,9.0,6.0,西村淳,58.0,,4.0,1.0,3京都2,4歳以上2勝クラス,4.0,3.0,2阪神4,4歳以上2勝クラス,1.0,1.0,1東京5,4歳以上1勝クラス,3.0,1.0,2小倉2,3歳以上1勝クラス,2.0,1.0,3阪神2,3歳以上1勝クラス,15.7,7.0,2026-08-21 23:55:42,jra,2026-08-22,62.21,83.6,39.1,100.0,41.0,57.2,45.0,履歴少 / 安定感 / 市場オッズ妙味
202607030106,2026-08-22,6,ラマンシュ,6.0,4.0,松若,58.0,,8.0,8.0,1函館4,檜山特別(2勝クラス),11.0,5.0,1函館2,津軽海峡特別(2勝クラス),5.0,1.0,1福島3,ラジオ福島賞(2勝クラス),1.0,3.0,1小倉1,4歳以上1勝クラス,2.0,7.0,5中京1,3歳以上1勝クラス,83.9,14.0,2026-08-21 23:55:42,jra,2026-08-22,45.91,55.9,39.7,44.7,30.5,51.5,45.0,履歴少
202604030106,2026-08-22,6,ラージギャラリー,8.0,4.0,丸山,53.0,,1.0,5.0,3東京5,相模湖特別(2勝クラス),13.0,7.0,1京都6,4歳以上2勝クラス,8.0,4.0,5中山6,3歳以上2勝クラス,1.0,6.0,4東京9,3歳以上1勝クラス,7.0,6.0,3京都4,3歳以上1勝クラス,23.9,9.0,2026-08-21 23:47:12,jra,2026-08-22,56.17,60.0,46.9,45.0,87.5,55.0,45.0,履歴少 / 近走上向き / 市場オッズ妙味
202601020106,2026-08-22,6,リアライズパリオ,14.0,8.0,横山和,57.0,,7.0,7.0,2中京2,3歳未勝利,5.0,4.0,2小倉3,3歳未勝利,11.0,10.0,1小倉2,3歳未勝利,10.0,5.0,5阪神7,2歳新馬,,,,,35.5,8.0,2026-08-21 23:47:42,jra,2026-08-22,44.31,45.5,40.8,24.9,60.0,50.6,45.0,履歴少 / 市場オッズ妙味
202601020106,2026-08-22,6,リコラピッド,8.0,5.0,ロイド,55.0,,16.0,13.0,3東京5,3歳未勝利,12.0,8.0,3中山2,3歳未勝利,,,,,,,,,,,,,27.1,7.0,2026-08-21 23:47:42,jra,2026-08-22,30.74,21.0,32.2,18.0,32.3,47.1,45.0,履歴少 / サンプル少 / 市場オッズ妙味
202601020106,2026-08-22,6,レットミーテイク,10.0,6.0,岩田望,57.0,,6.0,10.0,2小倉3,3歳未勝利,12.0,13.0,3阪神4,3歳未勝利,8.0,12.0,3京都9,3歳未勝利,,,,,,,,,22.1,6.0,2026-08-21 23:47:42,jra,2026-08-22,50.83,39.9,71.0,0.0,74.0,66.0,45.0,履歴少 / 人気以上に走る傾向 / 近走上向き / 過小評価傾向
202604030106,2026-08-22,6,レディーミコノス,9.0,5.0,坂井,53.0,,6.0,3.0,2小倉3,博多S(3勝クラス),15.0,5.0,2東京12,IFHA杯むらさき賞(3勝クラス),5.0,4.0,3京都2,センテニアルパークS(3勝クラス),1.0,1.0,1阪神5,4歳以上2勝クラス,3.0,1.0,1京都2,逢坂山特別(2勝クラス),18.7,7.0,2026-08-21 23:47:12,jra,2026-08-22,44.11,54.9,23.3,44.7,50.0,51.8,45.0,履歴少 / 市場オッズ妙味
202607030106,2026-08-22,6,ロイスター,13.0,8.0,角田和,53.0,,1.0,8.0,2阪神7,3歳1勝クラス,1.0,6.0,2阪神2,3歳未勝利,,,,,,,,,,,,,3.1,1.0,2026-08-21 23:55:42,jra,2026-08-22,61.53,73.0,69.0,48.4,45.5,62.6,45.0,履歴少 / サンプル少 / 人気以上に走る傾向
202601020106,2026-08-22,6,ヴィラジョヴィス,4.0,3.0,▲小林美,52.0,,14.0,1.0,1函館10,3歳未勝利,2.0,6.0,1函館6,3歳未勝利,7.0,6.0,3京都11,3歳未勝利,5.0,5.0,3京都4,3歳未勝利,3.0,2.0,1阪神10,3歳未勝利,3.7,2.0,2026-08-21 23:47:42,jra,2026-08-22,38.3,51.8,27.2,49.8,0.0,48.4,45.0,履歴少
202604030107,2026-08-22,7,アルテヴェローチェ,13.0,7.0,富田,58.0,,12.0,9.0,3京都12,安土城S(L),10.0,2.0,1新潟4,谷川岳S(L),6.0,16.0,1阪神1,阪急杯(GIII),13.0,15.0,2京都2,シルクロードS(GIII),13.0,5.0,4京都1,室町S(OP),30.2,13.0,2026-08-22 00:20:52,jra,2026-08-22,32.39,23.5,39.7,0.0,41.0,49.0,45.0,履歴少
202607030107,2026-08-22,7,エムズマインド,7.0,4.0,田口,58.0,,7.0,13.0,3阪神4,リボン賞(3勝クラス),6.0,7.0,2京都10,高瀬川S(3勝クラス),1.0,6.0,1中京5,鳥羽特別(2勝クラス),5.0,4.0,7京都9,春待月賞(2勝クラス),3.0,1.0,4中京5,ヤングJSFR中京2(2勝クラス),13.1,7.0,2026-08-21 23:31:37,jra,2026-08-22,58.78,69.1,69.0,44.7,30.5,66.8,45.0,履歴少 / 人気以上に走る傾向 / 過小評価傾向 / 市場オッズ妙味
202601020107,2026-08-22,7,カップッチョ,2.0,2.0,古川吉,58.0,,7.0,11.0,1札幌5,3歳以上1勝クラス,7.0,8.0,1函館8,3歳以上1勝クラス,10.0,12.0,1函館3,3歳以上1勝クラス,12.0,14.0,1小倉8,4歳以上1勝クラス,6.0,13.0,1小倉2,4歳以上1勝クラス,77.6,10.0,2026-08-22 00:21:22,jra,2026-08-22,49.37,42.2,70.1,0.0,60.5,63.9,45.0,履歴少 / 人気以上に走る傾向
202604030107,2026-08-22,7,カルチャーデイ,7.0,4.0,酒井,56.0,,5.0,4.0,3京都12,安土城S(L),12.0,1.0,1阪神8,米子城S(OP),16.0,12.0,5中山4,カペラS(GIII),16.0,10.0,4京都8,京阪杯(GIII),9.0,6.0,4阪神2,産経賞セントウルS(GII),19.8,10.0,2026-08-22 00:20:52,jra,2026-08-22,38.0,27.4,14.9,30.4,99.5,47.8,45.0,履歴少 / 近走上向き / 市場オッズ妙味
202604030107,2026-08-22,7,ガロンヌ,5.0,3.0,大野,57.0,,11.0,7.0,3京都7,鞍馬S(OP),5.0,12.0,1阪神8,米子城S(OP),18.0,8.0,5東京4,オーロC(L),8.0,2.0,3新潟2,朱鷺S(L),1.0,1.0,2京都12,渡月橋S(3勝クラス),33.3,14.0,2026-08-22 00:20:52,jra,2026-08-22,38.12,39.8,33.7,35.3,32.0,45.0,45.0,履歴少
202607030107,2026-08-22,7,ギーロカスタル,15.0,8.0,太宰,58.0,,10.0,15.0,3阪神4,リボン賞(3勝クラス),10.0,10.0,2京都6,北山S(3勝クラス),5.0,11.0,1中山1,招福S(3勝クラス),11.0,14.0,5中山6,北総S(3勝クラス),14.0,14.0,4東京8,河口湖S(3勝クラス),117.7,16.0,2026-08-21 23:31:37,jra,2026-08-22,47.83,31.8,72.0,19.8,50.0,62.6,45.0,履歴少 / 人気以上に走る傾向
202607030107,2026-08-22,7,クアトロジャック,8.0,4.0,中井,58.0,,13.0,10.0,3京都10,高瀬川S(3勝クラス),1.0,8.0,3京都3,京極特別(2勝クラス),10.0,10.0,2阪神6,川西特別(2勝クラス),16.0,5.0,5東京3,三浦特別(2勝クラス),15.0,8.0,3京都9,嵯峨野特別(2勝クラス),70.1,14.0,2026-08-21 23:31:37,jra,2026-08-22,36.26,31.7,39.5,24.9,35.0,44.4,45.0,履歴少
202604030107,2026-08-22,7,クルゼイロドスル,9.0,5.0,丸山,58.0,,4.0,5.0,3東京4,パラダイスS(L),14.0,12.0,3京都2,読売マイラーズC(GII),7.0,5.0,1京都8,睦月S(OP),7.0,9.0,1京都1,スポニチ賞京都金杯(GIII),12.0,1.0,2新潟5,関越S(OP),10.3,5.0,2026-08-22 00:20:52,jra,2026-08-22,47.17,42.2,40.0,30.4,86.0,52.1,45.0,履歴少 / 近走上向き
202607030107,2026-08-22,7,クールブロン,2.0,1.0,亀田,58.0,,3.0,6.0,2東京6,立夏S(3勝クラス),5.0,15.0,1東京1,白嶺S(3勝クラス),6.0,8.0,5東京1,錦秋S(3勝クラス),1.0,10.0,4東京7,西湖特別(2勝クラス),5.0,13.0,4東京2,3歳以上2勝クラス,11.3,5.0,2026-08-21 23:31:37,jra,2026-08-22,75.63,76.0,91.6,80.2,57.5,81.1,45.0,履歴少 / 人気以上に走る傾向 / 安定感 / 過小評価傾向
202601020107,2026-08-22,7,グッバイウェーブ,10.0,7.0,黛,56.0,,5.0,8.0,1札幌3,3歳以上1勝クラス,6.0,9.0,1函館12,3歳以上1勝クラス,6.0,9.0,1函館3,3歳以上1勝クラス,8.0,9.0,1新潟6,飛竜特別(1勝クラス),9.0,11.0,1福島3,4歳以上1勝クラス,138.7,11.0,2026-08-22 00:21:22,jra,2026-08-22,56.86,57.6,68.2,30.4,63.5,61.3,45.0,履歴少 / 人気以上に走る傾向
202604030107,2026-08-22,7,グレイイングリーン,2.0,1.0,小崎,58.0,,9.0,13.0,3東京4,パラダイスS(L),9.0,10.0,3京都12,安土城S(L),8.0,4.0,1新潟4,谷川岳S(L),6.0,6.0,2阪神2,六甲S(L),11.0,11.0,1阪神1,阪急杯(GIII),49.6,16.0,2026-08-22 00:20:52,jra,2026-08-22,41.89,39.4,54.7,0.0,47.0,54.1,45.0,履歴少
202607030107,2026-08-22,7,サンダーバース,11.0,6.0,角田和,58.0,,15.0,11.0,3阪神4,リボン賞(3勝クラス),5.0,15.0,3京都4,東大路S(3勝クラス),1.0,9.0,川崎,ブルートシュタインチ(A2B1),9.0,13.0,1京都4,4歳以上2勝クラス,14.0,13.0,2札幌3,千歳特別(2勝クラス),64.6,13.0,2026-08-21 23:31:37,jra,2026-08-22,44.24,33.7,68.7,36.4,3.5,64.6,45.0,履歴少 / 人気以上に走る傾向
202601020107,2026-08-22,7,シェーンルスカ,11.0,8.0,▲遠藤,53.0,,5.0,12.0,1札幌5,3歳以上1勝クラス,9.0,9.0,1札幌3,3歳以上1勝クラス,13.0,14.0,1函館11,3歳以上1勝クラス,15.0,15.0,1福島2,4歳以上1勝クラス,14.0,14.0,5中京3,3歳以上1勝クラス,169.5,12.0,2026-08-22 00:21:22,jra,2026-08-22,52.37,30.4,66.3,30.4,96.5,58.7,45.0,履歴少 / 人気以上に走る傾向 / 近走上向き
202607030107,2026-08-22,7,シゲルソロソロ,1.0,1.0,川須,56.0,,7.0,11.0,2中京3,桶狭間S(3勝クラス),13.0,9.0,3中山4,アリエスS(3勝クラス),5.0,13.0,1阪神1,鳴門S(3勝クラス),9.0,11.0,1京都6,羅生門S(3勝クラス),13.0,7.0,4中京1,伊賀S(3勝クラス),78.4,15.0,2026-08-21 23:31:37,jra,2026-08-22,47.41,35.9,60.3,19.8,68.0,56.1,45.0,履歴少 / 近走上向き
202604030107,2026-08-22,7,ショウナンザナドゥ,16.0,8.0,吉田豊,56.0,,2.0,10.0,3東京4,パラダイスS(L),13.0,10.0,3京都10,都大路S(L),7.0,8.0,2阪神2,六甲S(L),15.0,11.0,5阪神7,阪神C(GII),15.0,14.0,4京都8,京阪杯(GIII),15.6,9.0,2026-08-22 00:20:52,jra,2026-08-22,54.16,39.2,58.4,30.4,100.0,64.4,45.0,履歴少 / 近走上向き / 市場オッズ妙味
202607030107,2026-08-22,7,ジャーヴィス,5.0,3.0,コレット,58.0,,4.0,9.0,2小倉5,釜山S(3勝クラス),7.0,12.0,3京都10,高瀬川S(3勝クラス),7.0,12.0,3中山5,卯月S(3勝クラス),14.0,12.0,1阪神1,鳴門S(3勝クラス),2.0,14.0,1京都6,羅生門S(3勝クラス),16.0,8.0,2026-08-21 23:31:37,jra,2026-08-22,64.66,55.8,82.9,40.7,71.0,80.2,45.0,履歴少 / 人気以上に走る傾向 / 近走上向き / 過小評価傾向
202604030107,2026-08-22,7,スリールミニョン,15.0,7.0,永島,55.0,,13.0,15.0,3阪神6,しらさぎS(GIII),3.0,11.0,3京都12,安土城S(L),14.0,10.0,1中京4,愛知杯(GIII),16.0,13.0,1阪神1,阪急杯(GIII),7.0,9.0,5中山5,ターコイズS(GIII),24.9,11.0,2026-08-22 00:20:52,jra,2026-08-22,42.03,27.5,61.1,24.9,32.0,59.5,45.0,履歴少 / 市場オッズ妙味
202601020107,2026-08-22,7,セイウンバジリスク,8.0,6.0,▲和田陽,53.0,,11.0,15.0,3京都5,3歳1勝クラス,10.0,7.0,3京都2,3歳1勝クラス,1.0,3.0,1阪神8,3歳未勝利,6.0,9.0,1阪神4,3歳未勝利,5.0,7.0,2京都3,3歳未勝利,2.3,1.0,2026-08-22 00:21:22,jra,2026-08-22,46.51,48.6,60.6,30.1,17.0,58.7,45.0,履歴少
202601020107,2026-08-22,7,セガンティーニ,12.0,8.0,石川倭,56.0,,3.0,4.0,1札幌3,3歳以上1勝クラス,12.0,4.0,1札幌1,3歳以上1勝クラス,2.0,6.0,1新潟8,4歳以上1勝クラス,5.0,6.0,1新潟4,4歳以上1勝クラス,10.0,4.0,1福島3,4歳以上1勝クラス,13.8,8.0,2026-08-22 00:21:22,jra,2026-08-22,55.81,59.5,40.4,64.7,75.5,58.1,45.0,履歴少 / 近走上向き / 安定感 / 市場オッズ妙味
202604030107,2026-08-22,7,セフィロ,6.0,3.0,三浦,56.0,,2.0,14.0,2東京3,京王杯スプリングC(GII),3.0,13.0,1中京4,愛知杯(GIII),8.0,8.0,1京都8,睦月S(OP),8.0,7.0,5東京7,キャピタルS(L),5.0,12.0,4東京4,アイルランドT(GII),4.7,1.0,2026-08-22 00:20:52,jra,2026-08-22,74.9,71.0,97.0,65.7,74.0,74.8,45.0,履歴少 / 人気以上に走る傾向 / 近走上向き / 安定感
202607030107,2026-08-22,7,セミマル,13.0,7.0,西村淳,58.0,,10.0,3.0,3東京1,麦秋S(3勝クラス),5.0,5.0,2阪神4,天満橋S(3勝クラス),4.0,4.0,1京都6,羅生門S(3勝クラス),2.0,7.0,4京都6,LトレーナーC(3勝クラス),4.0,5.0,3京都7,京都開設100周年(3勝クラス),16.2,9.0,2026-08-21 23:31:37,jra,2026-08-22,50.33,61.8,40.9,69.6,12.5,63.3,45.0,履歴少 / 安定感 / 市場オッズ妙味
202604030107,2026-08-22,7,タガノアラリア,18.0,8.0,坂井,54.0,,7.0,1.0,3京都11,葵S(GIII),1.0,1.0,3京都6,橘S(L),4.0,2.0,1中京3,中スポ賞ファルコンS(GIII),8.0,8.0,5阪神6,朝日フューチュリティ(GI),1.0,2.0,4京都5,秋明菊賞(1勝クラス),7.4,3.0,2026-08-22 00:20:52,jra,2026-08-22,50.88,72.5,35.2,55.0,29.0,54.0,45.0,履歴少
202604030107,2026-08-22,7,タガノエルピーダ,8.0,4.0,石橋脩,55.0,,12.0,12.0,3阪神6,しらさぎS(GIII),2.0,2.0,3京都12,安土城S(L),4.0,4.0,1京都8,睦月S(OP),5.0,1.0,3京都11,まほろばS(L),13.0,8.0,4中山1,京成杯オータムH(GIII),6.8,2.0,2026-08-22 00:20:52,jra,2026-08-22,45.31,51.9,42.3,59.3,14.0,52.3,45.0,履歴少
202607030107,2026-08-22,7,テリフィックプラン,10.0,5.0,吉村,58.0,,14.0,5.0,2東京8,BSイレブン賞(3勝クラス),13.0,1.0,4東京2,赤富士S(3勝クラス),4.0,1.0,2福島6,天の川S(3勝クラス),2.0,4.0,2東京12,薫風S(3勝クラス),7.0,1.0,3中山7,下総S(3勝クラス),22.1,10.0,2026-08-21 23:31:37,jra,2026-08-22,25.13,34.8,3.5,34.3,5.0,38.1,45.0,履歴少 / 市場オッズ妙味
202604030107,2026-08-22,7,デイトナモード,11.0,6.0,杉原,57.0,,10.0,12.0,3京都7,鞍馬S(OP),17.0,3.0,1小倉8,北九州短距離S(OP),1.0,14.0,1小倉3,巌流島S(3勝クラス),16.0,14.0,5東京7,シャングリラS(3勝クラス),12.0,13.0,4阪神8,道頓堀S(3勝クラス),71.4,17.0,2026-08-22 00:20:52,jra,2026-08-22,40.86,29.5,46.5,19.8,59.0,53.5,45.0,履歴少
202601020107,2026-08-22,7,ドリームガッサン,5.0,5.0,▲小林美,51.0,,1.0,1.0,1札幌3,3歳未勝利,2.0,1.0,1函館11,3歳未勝利,3.0,3.0,1函館5,3歳未勝利,6.0,2.0,1新潟4,3歳未勝利,2.0,5.0,1福島6,3歳未勝利,6.0,2.0,2026-08-22 00:21:22,jra,2026-08-22,66.07,88.2,46.3,85.4,63.5,56.3,45.0,履歴少 / 安定感
202607030107,2026-08-22,7,ナッカーフェイス,14.0,7.0,秋山稔,58.0,,6.0,13.0,2中京3,桶狭間S(3勝クラス),7.0,16.0,3京都4,東大路S(3勝クラス),12.0,12.0,1阪神5,なにわS(3勝クラス),9.0,8.0,5阪神1,妙見山S(3勝クラス),4.0,12.0,4京都2,貴船S(3勝クラス),43.3,11.0,2026-08-21 23:31:37,jra,2026-08-22,56.71,46.7,85.4,10.3,62.0,71.2,45.0,履歴少 / 人気以上に走る傾向 / 過小評価傾向 / 市場オッズ妙味
202607030107,2026-08-22,7,ハリーケーン,6.0,3.0,幸,58.0,,13.0,7.0,2小倉1,薩摩S(3勝クラス),1.0,2.0,2阪神2,4歳以上2勝クラス,12.0,2.0,1中京2,伊良湖特別(2勝クラス),3.0,2.0,1阪神2,4歳以上2勝クラス,3.0,3.0,2京都4,4歳以上2勝クラス,8.4,4.0,2026-08-21 23:31:37,jra,2026-08-22,36.99,49.4,24.1,49.8,0.5,48.7,45.0,履歴少
202604030107,2026-08-22,7,ビーアストニッシド,4.0,2.0,西村太,58.0,,16.0,17.0,3京都12,安土城S(L),7.0,14.0,1新潟4,谷川岳S(L),13.0,15.0,1小倉10,小倉大賞典(GIII),7.0,13.0,5中山6,ディセンバーS(L),11.0,11.0,4阪神9,ポートアイランドS(L),190.4,18.0,2026-08-22 00:20:52,jra,2026-08-22,38.9,23.4,73.2,0.0,11.0,63.9,45.0,履歴少 / 人気以上に走る傾向
202607030107,2026-08-22,7,ピエマンソン,3.0,2.0,Ｍデムーロ,58.0,,2.0,5.0,2中京3,桶狭間S(3勝クラス),3.0,6.0,3東京1,麦秋S(3勝クラス),8.0,5.0,3京都1,観月橋S(3勝クラス),9.0,1.0,1中京3,豊明S(3勝クラス),5.0,1.0,1京都6,羅生門S(3勝クラス),2.9,1.0,2026-08-21 23:31:37,jra,2026-08-22,58.96,69.9,46.4,65.7,75.5,48.7,45.0,履歴少 / 近走上向き / 安定感
202604030107,2026-08-22,7,マサノカナリア,17.0,8.0,津村,56.0,,1.0,5.0,2福島5,安達太良S(OP),7.0,9.0,3東京4,パラダイスS(L),3.0,12.0,1新潟4,谷川岳S(L),17.0,15.0,1中京4,愛知杯(GIII),10.0,12.0,1阪神1,阪急杯(GIII),13.0,7.0,2026-08-22 00:20:52,jra,2026-08-22,67.67,62.8,73.9,50.2,99.5,70.7,45.0,履歴少 / 人気以上に走る傾向 / 近走上向き / 過小評価傾向
202601020107,2026-08-22,7,ミサビスケッツ,7.0,6.0,★河原田,52.0,,2.0,6.0,1函館5,3歳以上1勝クラス,3.0,11.0,1函館2,3歳以上1勝クラス,10.0,11.0,1新潟4,4歳以上1勝クラス,16.0,6.0,2東京1,4歳以上1勝クラス,5.0,7.0,2阪神1,4歳以上1勝クラス,8.9,4.0,2026-08-22 00:21:22,jra,2026-08-22,64.64,61.5,65.1,65.7,89.0,62.6,45.0,履歴少 / 人気以上に走る傾向 / 近走上向き / 安定感
202607030107,2026-08-22,7,メイショウカシワデ,16.0,8.0,松若,58.0,,1.0,2.0,1福島3,ラジオ福島賞(2勝クラス),2.0,6.0,3中山1,4歳以上2勝クラス,5.0,5.0,1京都7,大津特別(2勝クラス),3.0,1.0,5阪神8,3歳以上2勝クラス,2.0,6.0,5阪神2,豊中特別(2勝クラス),12.0,6.0,2026-08-21 23:31:37,jra,2026-08-22,72.23,88.5,60.0,100.0,62.0,65.1,45.0,履歴少 / 安定感 / 過小評価傾向 / 市場オッズ妙味
202601020107,2026-08-22,7,メイショウハッブル,6.0,5.0,◇古川奈,56.0,,7.0,8.0,1函館12,3歳以上1勝クラス,4.0,6.0,1函館9,3歳以上1勝クラス,12.0,9.0,2阪神7,4歳以上1勝クラス,4.0,13.0,2阪神3,4歳以上1勝クラス,13.0,9.0,1阪神9,4歳以上1勝クラス,52.6,9.0,2026-08-22 00:21:22,jra,2026-08-22,51.56,48.6,57.8,39.5,57.5,56.8,45.0,履歴少
202601020107,2026-08-22,7,メイワキラリ,9.0,7.0,川又,56.0,,1.0,3.0,1札幌7,3歳未勝利,3.0,3.0,2小倉7,3歳未勝利,2.0,6.0,2小倉4,3歳未勝利,3.0,10.0,2小倉1,3歳未勝利,5.0,10.0,3京都12,3歳未勝利,9.8,6.0,2026-08-22 00:21:22,jra,2026-08-22,75.91,88.8,70.6,100.0,63.5,71.4,45.0,履歴少 / 人気以上に走る傾向 / 安定感 / 過小評価傾向
202607030107,2026-08-22,7,モンシュマン,12.0,6.0,菱田,58.0,,6.0,8.0,3東京6,多摩川S(3勝クラス),4.0,9.0,2東京2,湘南S(3勝クラス),5.0,10.0,2中山2,アクアマリンS(3勝クラス),11.0,6.0,4京都6,醍醐S(3勝クラス),3.0,8.0,4阪神8,道頓堀S(3勝クラス),51.5,12.0,2026-08-21 23:31:37,jra,2026-08-22,59.34,62.2,68.4,55.0,48.5,61.3,45.0,履歴少 / 人気以上に走る傾向
202604030107,2026-08-22,7,ヤブサメ,3.0,2.0,斎藤,58.0,,8.0,1.0,3京都12,安土城S(L),10.0,4.0,2東京3,京王杯スプリングC(GII),5.0,3.0,2京都2,シルクロードS(GIII),1.0,1.0,1京都4,淀短距離S(L),3.0,4.0,5阪神5,タンザナイトS(OP),8.7,4.0,2026-08-22 00:20:52,jra,2026-08-22,41.94,57.1,22.6,44.7,30.5,50.1,45.0,履歴少
202607030107,2026-08-22,7,ヨリノレジェンド,4.0,2.0,団野,58.0,,1.0,1.0,3京都9,オーストラリアT(2勝クラス),2.0,1.0,2阪神7,吹田特別(2勝クラス),4.0,2.0,1阪神10,4歳以上2勝クラス,1.0,3.0,1阪神3,4歳以上1勝クラス,4.0,3.0,1京都4,4歳以上1勝クラス,7.9,3.0,2026-08-21 23:31:37,jra,2026-08-22,68.46,90.8,46.8,100.0,60.5,57.5,45.0,履歴少 / 安定感
202601020107,2026-08-22,7,ラテラルパーム,4.0,4.0,松山,56.0,,2.0,3.0,1札幌8,3歳以上1勝クラス,4.0,5.0,2新潟2,3歳以上1勝クラス,14.0,6.0,3京都5,3歳1勝クラス,3.0,11.0,3中山5,3歳1勝クラス,13.0,11.0,1東京5,3歳1勝クラス,9.0,5.0,2026-08-22 00:21:22,jra,2026-08-22,60.45,59.6,49.5,69.9,89.0,59.4,45.0,履歴少 / 近走上向き / 安定感
202604030107,2026-08-22,7,ララマセラシオン,1.0,1.0,藤懸,58.0,,13.0,12.0,2東京3,京王杯スプリングC(GII),16.0,13.0,1中京6,高松宮記念(GI),2.0,14.0,1阪神1,阪急杯(GIII),1.0,10.0,1京都9,山城S(3勝クラス),1.0,10.0,1京都1,4歳以上2勝クラス,11.0,6.0,2026-08-22 00:20:52,jra,2026-08-22,51.29,44.3,74.9,44.7,2.0,77.1,45.0,履歴少 / 人気以上に走る傾向 / 過小評価傾向
202604030107,2026-08-22,7,ランフォーヴァウ,14.0,7.0,石川,56.0,,8.0,10.0,2小倉4,TV西日本北九州記念(GIII),1.0,7.0,1新潟4,谷川岳S(L),6.0,9.0,2中山6,東風S(L),4.0,12.0,1中山5,ニューイヤーS(L),15.0,15.0,5中山5,ターコイズS(GIII),13.5,8.0,2026-08-22 00:20:52,jra,2026-08-22,60.37,61.2,77.0,39.5,41.0,75.5,45.0,履歴少 / 人気以上に走る傾向 / 過小評価傾向 / 市場オッズ妙味
202607030107,2026-08-22,7,ルグランヴァン,9.0,5.0,田山,58.0,,7.0,1.0,3東京3,夏至S(3勝クラス),6.0,2.0,1阪神4,伊丹S(3勝クラス),3.0,2.0,1東京1,白嶺S(3勝クラス),2.0,2.0,5東京1,錦秋S(3勝クラス),3.0,2.0,4東京8,河口湖S(3勝クラス),6.4,2.0,2026-08-21 23:31:37,jra,2026-08-22,46.56,69.5,28.1,44.7,29.0,50.1,45.0,履歴少
202601020107,2026-08-22,7,レストプレドゥモア,3.0,3.0,小沢,56.0,,4.0,6.0,1函館12,3歳以上1勝クラス,2.0,8.0,1函館2,3歳以上1勝クラス,9.0,10.0,1福島1,4歳以上1勝クラス,10.0,9.0,1小倉4,4歳以上1勝クラス,11.0,7.0,5阪神2,3歳以上1勝クラス,7.6,3.0,2026-08-22 00:21:22,jra,2026-08-22,60.12,59.3,62.2,55.3,74.0,61.2,45.0,履歴少 / 近走上向き
202604030107,2026-08-22,7,レッドシュヴェルト,10.0,5.0,菊沢,57.0,,6.0,8.0,3東京4,パラダイスS(L),11.0,15.0,2東京3,京王杯スプリングC(GII),11.0,8.0,1阪神8,米子城S(OP),7.0,10.0,1中山6,カーバンクルS(OP),8.0,4.0,5東京4,オーロC(L),29.7,12.0,2026-08-22 00:20:52,jra,2026-08-22,45.26,39.3,57.3,0.0,69.5,54.8,45.0,履歴少 / 近走上向き
202604030107,2026-08-22,7,レディマリオン,12.0,6.0,武藤,55.0,,8.0,11.0,2新潟2,関屋記念(GIII),14.0,15.0,1福島4,福島牝馬S(GIII),12.0,9.0,1中京4,愛知杯(GIII),1.0,1.0,5中京1,飛騨S(3勝クラス),6.0,1.0,3京都8,長岡京S(3勝クラス),47.7,15.0,2026-08-22 00:20:52,jra,2026-08-22,41.87,36.5,50.4,14.6,51.5,50.9,45.0,履歴少
202601020107,2026-08-22,7,ロードヴァルカン,1.0,1.0,岩田望,58.0,,3.0,5.0,1札幌5,3歳以上1勝クラス,3.0,3.0,1札幌2,3歳以上1勝クラス,8.0,1.0,2阪神7,4歳以上1勝クラス,4.0,1.0,1阪神9,4歳以上1勝クラス,2.0,1.0,1京都9,4歳以上1勝クラス,12.4,7.0,2026-08-22 00:21:22,jra,2026-08-22,59.71,75.8,40.8,80.2,57.5,54.9,45.0,履歴少 / 安定感 / 市場オッズ妙味
202604030108,2026-08-22,8,アクアマリーナ,13.0,7.0,菊沢,56.0,,12.0,6.0,3東京6,甲州街道特別(2勝クラス),3.0,7.0,2東京11,富嶽賞(2勝クラス),5.0,4.0,2東京5,4歳以上2勝クラス,1.0,5.0,1中京2,4歳以上1勝クラス,5.0,1.0,5中京5,3歳以上1勝クラス,11.5,2.0,2026-08-21 23:56:12,jra,2026-08-22,48.3,59.6,44.0,69.6,0.0,58.4,45.0,履歴少 / 安定感
202604030108,2026-08-22,8,アルジェンタージョ,4.0,3.0,佐藤,56.0,,5.0,9.0,2新潟6,3歳以上2勝クラス,7.0,8.0,2東京5,4歳以上2勝クラス,2.0,8.0,2東京4,4歳以上2勝クラス,4.0,10.0,3中山5,4歳以上2勝クラス,5.0,9.0,2中山5,4歳以上2勝クラス,79.3,15.0,2026-08-21 23:56:12,jra,2026-08-22,66.75,69.9,77.6,75.1,47.0,67.2,45.0,履歴少 / 人気以上に走る傾向 / 安定感 / 過小評価傾向
202607030108,2026-08-22,8,エアフォースワン,7.0,7.0,菱田,58.0,,7.0,7.0,2中京4,3歳以上1勝クラス,10.0,7.0,2小倉6,3歳以上1勝クラス,3.0,4.0,1中京7,4歳以上1勝クラス,3.0,6.0,5京都1,3歳以上1勝クラス,3.0,4.0,3中京3,3歳以上1勝クラス,36.8,9.0,2026-08-22 00:09:07,jra,2026-08-22,54.33,60.3,49.9,44.7,36.5,57.6,76.5,ダ適性 / 中京実績 / 距離適性 / 市場オッズ妙味
202604030108,2026-08-22,8,オカメノコイ,2.0,2.0,大野,56.0,,3.0,7.0,2新潟2,出雲崎特別(2勝クラス),13.0,10.0,2東京5,4歳以上2勝クラス,3.0,14.0,3中山5,4歳以上2勝クラス,11.0,15.0,1小倉3,平尾台特別(2勝クラス),13.0,14.0,1京都7,小倉山特別(2勝クラス),25.9,8.0,2026-08-21 23:56:12,jra,2026-08-22,61.59,46.5,73.3,50.2,92.0,67.3,45.0,履歴少 / 人気以上に走る傾向 / 近走上向き / 過小評価傾向
202607030108,2026-08-22,8,ガイラルディア,10.0,8.0,松若,56.0,,6.0,6.0,1阪神9,4歳以上1勝クラス,6.0,10.0,1阪神7,4歳以上1勝クラス,7.0,8.0,1京都5,4歳以上1勝クラス,1.0,1.0,笠松,立冬特別(C),1.0,2.0,笠松,C22組,18.9,7.0,2026-08-22 00:09:07,jra,2026-08-22,48.25,52.1,58.7,12.1,36.5,66.1,45.0,地方実績を中央換算 / 履歴少 / 過小評価傾向 / 市場オッズ妙味
202604030108,2026-08-22,8,キタノライブリー,5.0,3.0,木幡初,56.0,,9.0,12.0,2阪神5,4歳以上2勝クラス,13.0,9.0,1阪神8,4歳以上2勝クラス,1.0,4.0,1東京4,4歳以上1勝クラス,1.0,1.0,4中山2,3歳未勝利,2.0,4.0,3新潟2,3歳未勝利,42.3,9.0,2026-08-21 23:56:12,jra,2026-08-22,49.51,55.8,55.0,44.7,21.5,58.9,45.0,履歴少 / 市場オッズ妙味
202604030108,2026-08-22,8,キミハスコール,8.0,5.0,吉田豊,58.0,,11.0,2.0,2東京11,富嶽賞(2勝クラス),1.0,1.0,2東京6,4歳以上1勝クラス,6.0,2.0,1東京4,4歳以上1勝クラス,5.0,5.0,5東京6,3歳以上1勝クラス,2.0,8.0,5東京1,3歳以上1勝クラス,54.8,13.0,2026-08-21 23:56:12,jra,2026-08-22,42.49,62.3,29.7,49.8,5.0,49.0,45.0,履歴少
202607030108,2026-08-22,8,クラッチスラッガー,9.0,8.0,幸,55.0,,12.0,9.0,2阪神5,3歳1勝クラス,1.0,2.0,1阪神9,3歳未勝利,2.0,9.0,1阪神4,3歳未勝利,5.0,4.0,1京都6,3歳未勝利,4.0,3.0,5阪神7,2歳新馬,12.6,4.0,2026-08-22 00:09:07,jra,2026-08-22,52.49,64.5,53.3,69.6,0.0,62.7,45.0,履歴少 / 安定感 / 市場オッズ妙味
202607030108,2026-08-22,8,クレスコドルフィン,6.0,6.0,中井,58.0,,11.0,10.0,2中京5,恵那特別(1勝クラス),13.0,15.0,3京都2,4歳以上1勝クラス,8.0,5.0,2阪神6,4歳以上1勝クラス,4.0,4.0,1阪神10,4歳以上1勝クラス,7.0,10.0,1阪神3,4歳以上1勝クラス,54.9,10.0,2026-08-22 00:09:07,jra,2026-08-22,38.55,32.2,49.4,14.6,32.0,54.1,45.0,履歴少
202601020108,2026-08-22,8,ケープウィッカム,7.0,7.0,ルメール,56.0,,3.0,3.0,2福島4,3歳以上1勝クラス,2.0,1.0,2東京7,4歳以上1勝クラス,4.0,3.0,2東京1,4歳以上1勝クラス,3.0,5.0,2中山2,4歳以上1勝クラス,13.0,6.0,5中京1,3歳以上1勝クラス,4.1,2.0,2026-08-21 23:56:42,jra,2026-08-22,62.11,76.1,43.9,89.7,65.0,51.5,45.0,履歴少 / 近走上向き / 安定感
202607030108,2026-08-22,8,サイモンゼスト,4.0,4.0,田口,55.0,,2.0,3.0,2中京1,3歳以上1勝クラス,2.0,6.0,2小倉4,3歳以上1勝クラス,8.0,7.0,3京都11,鳳雛S(L),12.0,9.0,3京都3,ユニコーンS(GIII),7.0,12.0,2阪神5,3歳1勝クラス,5.2,2.0,2026-08-22 00:09:07,jra,2026-08-22,62.11,66.7,58.3,55.3,81.5,60.9,45.0,履歴少 / 近走上向き
202601020108,2026-08-22,8,サウンドルーチェ,4.0,4.0,★河原田,52.0,,5.0,6.0,1札幌2,3歳以上1勝クラス,5.0,7.0,1函館10,3歳以上1勝クラス,8.0,6.0,1函館6,3歳以上1勝クラス,8.0,7.0,1中京2,4歳以上1勝クラス,3.0,3.0,1小倉12,4歳以上1勝クラス,26.2,10.0,2026-08-21 23:56:42,jra,2026-08-22,56.61,61.4,51.8,65.7,56.0,56.3,45.0,履歴少 / 安定感 / 市場オッズ妙味
202601020108,2026-08-22,8,ジーティーアリア,3.0,3.0,北村友,53.0,,4.0,5.0,1札幌5,3歳以上1勝クラス,7.0,4.0,1函館12,3歳以上1勝クラス,1.0,8.0,2阪神4,3歳未勝利,8.0,5.0,1京都2,3歳未勝利,7.0,7.0,5阪神6,2歳新馬,24.3,9.0,2026-08-21 23:56:42,jra,2026-08-22,57.62,67.6,53.5,50.2,60.5,57.6,45.0,履歴少 / 市場オッズ妙味
202607030108,2026-08-22,8,ジーティーパワー,3.0,3.0,国分恭,58.0,,10.0,13.0,2中京4,3歳以上1勝クラス,6.0,9.0,3京都11,4歳以上1勝クラス,7.0,9.0,3京都5,4歳以上1勝クラス,12.0,12.0,1京都2,4歳以上1勝クラス,8.0,6.0,5中京3,3歳以上1勝クラス,25.3,8.0,2026-08-22 00:09:07,jra,2026-08-22,43.98,40.0,62.9,0.0,39.5,60.2,45.0,履歴少 / 市場オッズ妙味
202604030108,2026-08-22,8,ハッコウイチウ,7.0,4.0,三浦,58.0,,1.0,5.0,3阪神6,3歳以上1勝クラス,2.0,2.0,3京都10,4歳以上1勝クラス,9.0,1.0,1阪神7,4歳以上1勝クラス,2.0,7.0,1阪神3,4歳以上1勝クラス,10.0,3.0,1小倉5,4歳以上1勝クラス,18.4,7.0,2026-08-21 23:56:12,jra,2026-08-22,63.37,76.8,47.5,69.9,78.5,58.3,45.0,履歴少 / 近走上向き / 安定感 / 市場オッズ妙味
202607030108,2026-08-22,8,バケラッタ,1.0,1.0,鮫島良,55.0,,6.0,5.0,2中京5,恵那特別(1勝クラス),4.0,10.0,3京都8,3歳1勝クラス,1.0,3.0,3京都1,3歳未勝利,2.0,6.0,2阪神6,3歳未勝利,4.0,3.0,1小倉6,3歳未勝利,13.8,5.0,2026-08-22 00:09:07,jra,2026-08-22,63.36,78.2,64.5,69.6,30.5,67.7,45.0,履歴少 / 安定感 / 過小評価傾向 / 市場オッズ妙味
202604030108,2026-08-22,8,バンブトンプロ,9.0,5.0,柴田大,58.0,,16.0,16.0,2中山5,4歳以上2勝クラス,13.0,16.0,1中山1,4歳以上2勝クラス,13.0,13.0,5中京1,中京日経賞(2勝クラス),15.0,16.0,5東京4,3歳以上2勝クラス,9.0,14.0,4新潟1,妙高特別(2勝クラス),75.3,14.0,2026-08-21 23:56:12,jra,2026-08-22,32.2,5.5,59.9,0.0,29.0,59.4,45.0,履歴少
202607030108,2026-08-22,8,ヒラボクソライア,2.0,2.0,角田和,55.0,,1.0,5.0,3京都8,3歳未勝利,6.0,5.0,3京都4,3歳未勝利,12.0,14.0,1京都8,3歳未勝利,10.0,10.0,1京都3,3歳未勝利,11.0,10.0,3京都2,2歳新馬,18.6,6.0,2026-08-22 00:09:07,jra,2026-08-22,58.42,53.9,58.8,30.4,100.0,64.8,45.0,履歴少 / 近走上向き / 市場オッズ妙味
202601020108,2026-08-22,8,ピラニアキッス,6.0,6.0,横山和,56.0,,3.0,7.0,2東京1,4歳以上1勝クラス,4.0,5.0,1福島2,4歳以上1勝クラス,5.0,10.0,1中山8,4歳以上1勝クラス,3.0,1.0,名古屋,B7組,1.0,2.0,名古屋,ハロウィン・ナイト特(C),14.8,7.0,2026-08-21 23:56:42,jra,2026-08-22,63.15,62.6,66.6,79.4,51.5,67.3,45.0,地方実績を中央換算 / 履歴少 / 人気以上に走る傾向 / 安定感
202607030108,2026-08-22,8,ブレスドナイル,5.0,5.0,今村,56.0,,6.0,9.0,2新潟1,清津峡特別(1勝クラス),7.0,10.0,3阪神2,3歳以上1勝クラス,5.0,13.0,3京都9,4歳以上1勝クラス,4.0,11.0,1新潟1,4歳以上1勝クラス,12.0,11.0,1阪神2,4歳以上1勝クラス,11.4,3.0,2026-08-22 00:09:07,jra,2026-08-22,60.55,57.0,79.1,34.3,56.0,73.4,45.0,履歴少 / 人気以上に走る傾向 / 過小評価傾向
202604030108,2026-08-22,8,プルメリアリノ,10.0,6.0,坂井,54.0,,1.0,1.0,2中京3,3歳以上1勝クラス,3.0,1.0,3中山2,3歳1勝クラス,2.0,6.0,1阪神5,3歳1勝クラス,4.0,9.0,1阪神2,3歳1勝クラス,1.0,2.0,5東京1,2歳未勝利,1.4,1.0,2026-08-21 23:56:12,jra,2026-08-22,70.86,90.9,57.9,100.0,59.0,56.6,45.0,履歴少 / 安定感
202601020108,2026-08-22,8,ホワイトオーキッド,8.0,7.0,▲小林美,50.0,,9.0,8.0,1札幌3,3歳以上1勝クラス,16.0,11.0,2中山5,アネモネS(L),15.0,7.0,1阪神4,チューリップ賞(GII),7.0,11.0,5阪神6,朝日フューチュリティ(GI),1.0,5.0,4阪神8,2歳新馬,9.0,5.0,2026-08-21 23:56:42,jra,2026-08-22,36.54,28.9,35.1,10.3,54.5,55.5,45.0,履歴少
202607030108,2026-08-22,8,ホールオブミラーズ,8.0,7.0,西村淳,55.0,,2.0,12.0,3京都10,3歳1勝クラス,5.0,7.0,1阪神4,3歳1勝クラス,5.0,9.0,2京都3,3歳1勝クラス,1.0,2.0,3京都8,2歳未勝利,5.0,4.0,4中山2,2歳新馬,1.5,1.0,2026-08-22 00:09:07,jra,2026-08-22,74.37,80.0,80.6,100.0,62.0,62.1,45.0,履歴少 / 人気以上に走る傾向 / 安定感
202604030108,2026-08-22,8,マイレーヌ,11.0,6.0,野中,56.0,,13.0,14.0,1福島6,尾瀬特別(2勝クラス),11.0,12.0,1東京7,4歳以上2勝クラス,14.0,16.0,1東京4,4歳以上2勝クラス,7.0,14.0,3福島5,福島放送賞(2勝クラス),12.0,14.0,4中山2,浦安特別(2勝クラス),49.9,11.0,2026-08-21 23:56:12,jra,2026-08-22,37.99,15.0,65.2,0.0,38.0,64.8,45.0,履歴少 / 人気以上に走る傾向 / 市場オッズ妙味
202604030108,2026-08-22,8,マクミランテソーロ,14.0,8.0,岩田康,58.0,,5.0,6.0,2東京11,富嶽賞(2勝クラス),3.0,2.0,3中山3,4歳以上2勝クラス,1.0,1.0,2中山4,4歳以上1勝クラス,2.0,1.0,1東京6,4歳以上1勝クラス,7.0,1.0,5東京8,3歳以上1勝クラス,16.3,6.0,2026-08-21 23:56:12,jra,2026-08-22,61.28,80.2,45.0,89.7,39.5,57.3,45.0,履歴少 / 安定感 / 市場オッズ妙味
202601020108,2026-08-22,8,ミルボナー,9.0,8.0,武豊,53.0,,7.0,4.0,3阪神2,3歳以上1勝クラス,1.0,1.0,3京都6,3歳未勝利,3.0,1.0,2阪神5,3歳未勝利,3.0,2.0,1阪神9,3歳未勝利,2.0,4.0,1阪神5,3歳未勝利,5.7,3.0,2026-08-21 23:56:42,jra,2026-08-22,55.16,79.1,41.3,69.6,21.5,54.8,45.0,履歴少 / 安定感
202604030108,2026-08-22,8,ランスオブセヘル,15.0,8.0,斎藤,56.0,,16.0,1.0,3京都11,4歳以上2勝クラス,2.0,3.0,3京都6,4歳以上2勝クラス,3.0,4.0,1阪神4,4歳以上2勝クラス,3.0,2.0,2京都6,4歳以上2勝クラス,15.0,9.0,1京都7,小倉山特別(2勝クラス),14.5,5.0,2026-08-21 23:56:12,jra,2026-08-22,36.69,51.8,15.9,59.3,0.0,48.4,45.0,履歴少 / 市場オッズ妙味
202601020108,2026-08-22,8,ランスノーブル,5.0,5.0,原田和,56.0,,2.0,8.0,1札幌5,3歳以上1勝クラス,5.0,5.0,2福島4,3歳以上1勝クラス,4.0,3.0,3中山5,4歳以上1勝クラス,3.0,3.0,3中山1,4歳以上1勝クラス,3.0,2.0,1中山5,4歳以上1勝クラス,12.4,6.0,2026-08-21 23:56:42,jra,2026-08-22,69.82,80.9,60.7,100.0,60.5,63.3,45.0,履歴少 / 安定感 / 市場オッズ妙味
202604030108,2026-08-22,8,リッキースタイル,6.0,4.0,津村,58.0,,2.0,3.0,2新潟2,出雲崎特別(2勝クラス),1.0,1.0,1新潟8,4歳以上1勝クラス,2.0,3.0,1新潟2,4歳以上1勝クラス,10.0,1.0,3中山8,4歳以上1勝クラス,2.0,2.0,3中山4,4歳以上1勝クラス,14.5,4.0,2026-08-21 23:56:12,jra,2026-08-22,64.31,84.7,44.3,85.4,60.5,56.8,45.0,履歴少 / 安定感 / 市場オッズ妙味
202601020108,2026-08-22,8,リピース,2.0,2.0,岩田望,53.0,,10.0,5.0,1函館12,3歳以上1勝クラス,3.0,8.0,1函館10,3歳以上1勝クラス,11.0,10.0,1京都2,3歳1勝クラス,16.0,16.0,3京都11,もちの木賞(1勝クラス),1.0,1.0,2札幌5,2歳未勝利,16.9,8.0,2026-08-21 23:56:42,jra,2026-08-22,45.43,43.7,46.7,35.3,36.5,63.3,45.0,履歴少 / 市場オッズ妙味
202601020108,2026-08-22,8,ルージュビバーチェ,1.0,1.0,鮫島駿,53.0,,2.0,4.0,1札幌2,3歳以上1勝クラス,4.0,7.0,3阪神2,3歳以上1勝クラス,5.0,5.0,3京都6,3歳1勝クラス,11.0,3.0,1阪神6,3歳1勝クラス,1.0,6.0,1京都2,3歳未勝利,3.1,1.0,2026-08-21 23:56:42,jra,2026-08-22,64.74,73.6,54.9,85.4,69.5,56.1,45.0,履歴少 / 近走上向き / 安定感
202604030108,2026-08-22,8,レディサン,12.0,7.0,杉原,54.0,,1.0,5.0,2新潟4,3歳以上1勝クラス,13.0,8.0,3中山5,3歳1勝クラス,13.0,7.0,2京都2,3歳1勝クラス,4.0,6.0,1中山4,3歳1勝クラス,1.0,1.0,4新潟3,2歳未勝利,42.7,10.0,2026-08-21 23:56:12,jra,2026-08-22,54.88,53.6,43.5,55.3,90.5,53.0,45.0,履歴少 / 近走上向き / 市場オッズ妙味
202601020108,2026-08-22,8,ローゾフィア,10.0,8.0,荻野琢,53.0,,1.0,8.0,1札幌4,3歳未勝利,14.0,7.0,3京都12,3歳未勝利,4.0,5.0,3京都6,3歳未勝利,14.0,8.0,2阪神7,3歳未勝利,6.0,5.0,2阪神2,3歳未勝利,7.9,4.0,2026-08-21 23:56:42,jra,2026-08-22,55.99,51.6,47.2,50.2,100.0,54.9,45.0,履歴少 / 近走上向き
202604030108,2026-08-22,8,ヴィクトリーロード,3.0,2.0,石川,58.0,,6.0,15.0,3阪神3,安芸特別(2勝クラス),6.0,7.0,大井,’26メトロポリタン(A2B1),9.0,12.0,2中山5,4歳以上2勝クラス,8.0,11.0,1中山1,4歳以上2勝クラス,7.0,14.0,5中山2,3歳以上2勝クラス,52.9,12.0,2026-08-21 23:56:12,jra,2026-08-22,53.78,45.8,82.4,0.0,59.0,68.5,45.0,履歴少 / 人気以上に走る傾向 / 過小評価傾向
202604030108,2026-08-22,8,ヴェントインコーダ,1.0,1.0,丸山,56.0,,1.0,3.0,1新潟7,4歳以上1勝クラス,2.0,3.0,1新潟4,4歳以上1勝クラス,14.0,6.0,1中京2,4歳以上1勝クラス,11.0,3.0,1京都1,4歳以上1勝クラス,2.0,1.0,5中京3,3歳以上1勝クラス,13.3,3.0,2026-08-21 23:56:12,jra,2026-08-22,57.21,65.8,36.0,65.7,87.5,51.9,45.0,履歴少 / 近走上向き / 安定感 / 市場オッズ妙味
202604030109,2026-08-22,9,アスパラゴ,5.0,3.0,江田照,53.0,,13.0,13.0,2福島5,3歳以上1勝クラス,1.0,9.0,3東京6,3歳未勝利,8.0,10.0,2東京4,3歳未勝利,5.0,6.0,3中山5,3歳未勝利,8.0,11.0,1東京2,3歳未勝利,50.2,13.0,2026-08-21 23:32:07,jra,2026-08-22,49.19,49.3,69.9,39.5,5.0,62.6,45.0,履歴少 / 人気以上に走る傾向
202604030109,2026-08-22,9,イージーブリージー,14.0,8.0,石川,56.0,,5.0,9.0,2新潟5,3歳以上1勝クラス,9.0,13.0,3東京2,3歳以上1勝クラス,13.0,4.0,3中山6,4歳以上1勝クラス,4.0,5.0,1中山8,4歳以上1勝クラス,14.0,11.0,5中京2,3歳以上1勝クラス,25.1,9.0,2026-08-21 23:32:07,jra,2026-08-22,51.19,41.5,51.9,45.0,80.0,54.3,45.0,履歴少 / 近走上向き / 市場オッズ妙味
202601020109,2026-08-22,9,ウィエダンド,13.0,8.0,横山和,55.0,,1.0,1.0,1札幌6,2歳新馬,,,,,,,,,,,,,,,,,14.5,5.0,2026-08-21 23:32:37,jra,2026-08-22,43.64,51.6,40.6,36.3,40.6,40.6,45.0,履歴少 / サンプル少
202601020109,2026-08-22,9,エイシンウルトラン,12.0,7.0,宮内勇,55.0,,2.0,3.0,門別,サッポロクラシックカ(重賞),1.0,2.0,門別,JRA認定競走ターフ(OP)(2歳),6.0,2.0,門別,JRA認定競走ターフ(OP)(2歳),1.0,1.0,門別,JRA認定競走アタッ(未勝利)(2歳),2.0,3.0,門別,JRA認定競走フレッ(新馬)(2歳),143.7,12.0,2026-08-21 23:32:37,jra,2026-08-22,45.67,42.1,49.4,37.8,46.5,52.9,45.0,地方実績を中央換算 / 履歴少
202601020109,2026-08-22,9,エンジェルボヌール,11.0,7.0,吉田隼,55.0,,4.0,6.0,門別,スフェーン特別(OP)(2歳),1.0,1.0,門別,JRA認定競走フレッ(新馬)(2歳),,,,,,,,,,,,,97.5,11.0,2026-08-21 23:32:37,jra,2026-08-22,42.87,40.5,48.0,32.6,35.6,52.4,45.0,地方実績を中央換算 / 履歴少 / サンプル少
202604030109,2026-08-22,9,オウケンハニー,13.0,7.0,菊沢,53.0,,1.0,4.0,2福島4,3歳未勝利,6.0,8.0,2中山6,3歳未勝利,9.0,13.0,4東京5,2歳新馬,,,,,,,,,11.6,7.0,2026-08-21 23:32:07,jra,2026-08-22,65.14,69.9,70.5,30.4,89.0,70.2,45.0,履歴少 / 人気以上に走る傾向 / 近走上向き / 過小評価傾向
202604030109,2026-08-22,9,ガーネットテソーロ,8.0,5.0,▲佐藤,50.0,,8.0,8.0,2新潟5,3歳以上1勝クラス,1.0,3.0,4新潟4,2歳未勝利,5.0,9.0,4東京5,2歳未勝利,16.0,11.0,4中山6,2歳新馬,,,,,8.2,4.0,2026-08-21 23:32:07,jra,2026-08-22,52.95,57.7,54.4,44.7,46.0,59.8,45.0,履歴少
202604030109,2026-08-22,9,キタノエピックアン,1.0,1.0,▲上里,50.0,,3.0,6.0,2新潟5,3歳以上1勝クラス,8.0,13.0,2東京6,3歳1勝クラス,1.0,2.0,3中山4,3歳未勝利,2.0,2.0,2中山4,3歳未勝利,3.0,6.0,1東京4,3歳未勝利,3.2,1.0,2026-08-21 23:32:07,jra,2026-08-22,67.07,78.4,68.7,75.1,53.0,62.8,45.0,履歴少 / 人気以上に走る傾向 / 安定感
202607030109,2026-08-22,9,キャネル,5.0,5.0,△坂口,58.0,,1.0,2.0,2新潟2,障害3歳以上未勝利,2.0,1.0,1新潟7,障害4歳以上未勝利,2.0,6.0,1新潟2,障害4歳以上未勝利,15.0,15.0,1東京8,4歳以上2勝クラス,9.0,11.0,5中山2,3歳以上2勝クラス,2.6,1.0,2026-08-21 23:40:37,jra,2026-08-22,66.77,75.2,57.4,75.1,86.0,58.0,45.0,履歴少 / 近走上向き / 安定感
202604030109,2026-08-22,9,グランコネクシオン,15.0,8.0,原,56.0,,8.0,9.0,2福島4,3歳以上1勝クラス,4.0,8.0,1新潟6,4歳以上1勝クラス,12.0,12.0,1福島6,4歳以上1勝クラス,11.0,8.0,1小倉12,4歳以上1勝クラス,6.0,12.0,1小倉4,4歳以上1勝クラス,13.5,8.0,2026-08-21 23:32:07,jra,2026-08-22,50.0,43.8,60.4,24.9,51.5,68.4,45.0,履歴少 / 過小評価傾向 / 市場オッズ妙味
202604030109,2026-08-22,9,グレヴィレア,3.0,2.0,杉原,56.0,,16.0,16.0,3東京3,3歳以上1勝クラス,15.0,6.0,1福島1,浄土平特別(1勝クラス),1.0,1.0,水沢,C2七組,1.0,3.0,水沢,C2十組,8.0,10.0,3新潟1,3歳未勝利,44.6,12.0,2026-08-21 23:32:07,jra,2026-08-22,27.19,18.4,36.7,14.2,0.0,50.2,45.0,地方実績を中央換算 / 履歴少
202601020109,2026-08-22,9,コパノシチリア,4.0,3.0,阿部龍,55.0,,2.0,1.0,門別,JRA認定競走ターフ(OP)(2歳),2.0,3.0,門別,栄冠賞〔H2〕(重賞),3.0,2.0,門別,JRA認定競走ウィナ(OP)(2歳),1.0,1.0,門別,JRA認定競走フレッ(新馬)(2歳),,,,,174.3,14.0,2026-08-21 23:32:37,jra,2026-08-22,46.61,44.2,48.9,43.4,45.0,52.7,45.0,地方実績を中央換算 / 履歴少
202601020109,2026-08-22,9,シアンディオ,2.0,2.0,落合玄,55.0,,1.0,2.0,門別,クリスタル特別(OP)(2歳),2.0,4.0,門別,ルビー特別(OP)(2歳),1.0,2.0,門別,JRA認定競走フレッ(新馬)(2歳),,,,,,,,,51.5,9.0,2026-08-21 23:32:37,jra,2026-08-22,49.6,48.8,55.2,37.7,46.5,57.8,45.0,地方実績を中央換算 / 履歴少
202607030109,2026-08-22,9,シャンドゥレール,1.0,1.0,▲井上,57.0,,9.0,7.0,2福島1,障害3歳以上OP,7.0,4.0,2東京3,4歳以上1勝クラス,5.0,10.0,3中山5,障害4歳以上OP,8.0,9.0,1小倉11,障害4歳以上OP,9.0,8.0,5阪神5,障害3歳以上OP,6.0,4.0,2026-08-21 23:40:37,jra,2026-08-22,44.43,47.5,47.7,19.8,39.5,57.6,45.0,履歴少
202607030109,2026-08-22,9,ジーククローネ,2.0,2.0,草野,61.0,,4.0,4.0,2福島5,障害3歳以上OP,7.0,7.0,1新潟7,障害4歳以上OP,9.0,7.0,1小倉1,障害4歳以上OP,10.0,7.0,4京都1,京都ジャンプS(JGIII),5.0,5.0,4阪神6,阪神ジャンプS(JGIII),7.3,5.0,2026-08-21 23:40:37,jra,2026-08-22,51.62,54.3,44.2,40.7,72.5,55.2,45.0,履歴少 / 近走上向き
202601020109,2026-08-22,9,スターオブヴェイズ,5.0,4.0,石川倭,55.0,,5.0,3.0,門別,JRA認定競走ターフ(OP)(2歳),1.0,1.0,門別,JRA認定競走アタッ(未勝利)(2歳),4.0,4.0,門別,JRA認定競走アタッ(未勝利)(2歳),2.0,1.0,門別,JRA認定競走アタッ(未勝利)(2歳),2.0,3.0,門別,JRA認定競走フレッ(新馬)(2歳),167.2,13.0,2026-08-21 23:32:37,jra,2026-08-22,42.17,34.2,47.4,41.6,36.8,52.2,45.0,地方実績を中央換算 / 履歴少
202601020109,2026-08-22,9,ステラトップガン,1.0,1.0,松山,55.0,,1.0,1.0,1函館12,2歳未勝利,2.0,1.0,1函館5,2歳新馬,,,,,,,,,,,,,8.1,4.0,2026-08-21 23:32:37,jra,2026-08-22,54.27,71.0,43.8,48.4,48.8,55.1,45.0,履歴少 / サンプル少
202604030109,2026-08-22,9,タマモチョコチップ,12.0,7.0,△石田,51.0,,1.0,1.0,2新潟3,3歳未勝利,3.0,2.0,2福島5,3歳未勝利,3.0,3.0,3東京3,3歳未勝利,6.0,4.0,2東京3,3歳未勝利,6.0,13.0,1東京7,3歳未勝利,7.3,3.0,2026-08-21 23:32:07,jra,2026-08-22,66.09,82.9,51.3,75.1,71.0,61.1,45.0,履歴少 / 近走上向き / 安定感
202601020109,2026-08-22,9,ダマスク,14.0,8.0,丹内,55.0,,9.0,13.0,1函館12,函館2歳S(GIII),1.0,1.0,1函館7,2歳新馬,,,,,,,,,,,,,48.4,8.0,2026-08-21 23:32:37,jra,2026-08-22,46.55,53.7,54.0,31.7,19.1,56.9,45.0,履歴少 / サンプル少 / 市場オッズ妙味
202601020109,2026-08-22,9,チカバリエンテ,9.0,6.0,岩田望,55.0,,1.0,1.0,1札幌5,2歳未勝利,2.0,3.0,1函館8,2歳未勝利,2.0,5.0,1函館6,2歳未勝利,4.0,6.0,1函館3,2歳新馬,,,,,23.9,6.0,2026-08-21 23:32:37,jra,2026-08-22,70.94,92.1,58.9,89.7,60.0,61.2,45.0,履歴少 / 安定感 / 市場オッズ妙味
202604030109,2026-08-22,9,ツァガーンサル,4.0,3.0,吉田豊,56.0,,14.0,6.0,3東京5,3歳以上1勝クラス,6.0,7.0,1新潟7,4歳以上1勝クラス,1.0,1.0,大井,C2七　八九(C2八),,,大井,C2五　六七(C2六),1.0,1.0,大井,C211　1213(C212),28.2,10.0,2026-08-21 23:32:07,jra,2026-08-22,31.78,30.7,32.1,12.5,20.0,50.6,45.0,地方実績を中央換算 / 履歴少 / 市場オッズ妙味
202604030109,2026-08-22,9,テンクウハット,10.0,6.0,▲水沼,53.0,,12.0,11.0,1福島4,4歳以上1勝クラス,8.0,7.0,2京都2,4歳以上1勝クラス,6.0,8.0,1京都6,4歳以上1勝クラス,15.0,14.0,1京都2,4歳以上1勝クラス,7.0,5.0,4阪神1,3歳以上1勝クラス,74.3,15.0,2026-08-21 23:32:07,jra,2026-08-22,35.61,31.8,46.4,0.0,32.0,51.5,45.0,履歴少
202604030109,2026-08-22,9,フォンデネージュ,11.0,6.0,酒井,56.0,,7.0,10.0,2福島4,3歳以上1勝クラス,14.0,6.0,1福島2,4歳以上1勝クラス,11.0,7.0,1東京3,4歳以上1勝クラス,10.0,4.0,5中京3,3歳以上1勝クラス,5.0,2.0,4新潟1,3歳以上1勝クラス,8.2,5.0,2026-08-21 23:32:07,jra,2026-08-22,36.02,30.9,28.6,10.3,68.0,47.3,45.0,履歴少 / 近走上向き
202601020109,2026-08-22,9,フレイコン,7.0,5.0,横山武,55.0,,1.0,1.0,1函館9,2歳新馬,,,,,,,,,,,,,,,,,1.9,1.0,2026-08-21 23:32:37,jra,2026-08-22,43.64,51.6,40.6,36.3,40.6,40.6,45.0,履歴少 / サンプル少
202601020109,2026-08-22,9,ブルージェイ,6.0,4.0,鮫島駿,55.0,,1.0,1.0,1札幌3,2歳新馬,,,,,,,,,,,,,,,,,4.2,2.0,2026-08-21 23:32:37,jra,2026-08-22,43.64,51.6,40.6,36.3,40.6,40.6,45.0,履歴少 / サンプル少
202604030109,2026-08-22,9,マタミカンサン,6.0,4.0,坂井,56.0,,9.0,4.0,2福島4,3歳以上1勝クラス,4.0,2.0,1新潟7,4歳以上1勝クラス,3.0,1.0,1福島6,4歳以上1勝クラス,2.0,2.0,3中山1,4歳以上1勝クラス,2.0,2.0,2中山2,4歳以上1勝クラス,6.6,2.0,2026-08-21 23:32:07,jra,2026-08-22,49.04,69.4,33.1,69.6,12.5,52.2,45.0,履歴少 / 安定感
202604030109,2026-08-22,9,メリーサウンド,7.0,4.0,田辺,56.0,,7.0,11.0,2福島8,3歳以上1勝クラス,12.0,10.0,2東京11,4歳以上1勝クラス,4.0,12.0,1新潟3,4歳以上1勝クラス,9.0,13.0,2中山2,4歳以上1勝クラス,9.0,13.0,1東京2,4歳以上1勝クラス,11.6,6.0,2026-08-21 23:32:07,jra,2026-08-22,53.56,42.8,73.1,19.8,59.0,72.1,45.0,履歴少 / 人気以上に走る傾向 / 過小評価傾向
202601020109,2026-08-22,9,モンビスキュイ,8.0,5.0,レーン,55.0,,8.0,7.0,門別,JRA認定競走ターフ(OP)(2歳),1.0,2.0,門別,JRA認定競走フレッ(新馬)(2歳),,,,,,,,,,,,,31.2,7.0,2026-08-21 23:32:37,jra,2026-08-22,38.21,35.4,45.1,23.7,22.4,53.4,45.0,地方実績を中央換算 / 履歴少 / サンプル少 / 市場オッズ妙味
202607030109,2026-08-22,9,ライラスター,3.0,3.0,上野,60.0,,1.0,1.0,3東京1,障害3歳以上未勝利,5.0,4.0,2中山4,障害4歳以上未勝利,11.0,12.0,2新潟6,佐渡S(3勝クラス),16.0,14.0,2福島1,バーデンバーデンC(3勝クラス),1.0,8.0,1新潟1,胎内川特別(2勝クラス),4.2,3.0,2026-08-21 23:40:37,jra,2026-08-22,61.8,61.6,52.7,65.7,93.5,59.4,45.0,履歴少 / 近走上向き / 安定感
202601020109,2026-08-22,9,ライーリーアース,3.0,3.0,原田和,55.0,,1.0,5.0,1函館8,2歳未勝利,4.0,7.0,1函館5,2歳新馬,,,,,,,,,,,,,75.8,10.0,2026-08-21 23:32:37,jra,2026-08-22,57.89,67.1,59.2,48.4,55.4,56.8,45.0,履歴少 / サンプル少
202601020109,2026-08-22,9,ラードンチェイス,10.0,6.0,ルメール,55.0,,1.0,3.0,3東京1,2歳新馬,,,,,,,,,,,,,,,,,6.1,3.0,2026-08-21 23:32:37,jra,2026-08-22,44.57,51.6,43.7,36.3,40.6,42.0,45.0,履歴少 / サンプル少
202604030109,2026-08-22,9,ルージュミレネール,9.0,5.0,小崎,56.0,,9.0,13.0,3東京6,3歳以上1勝クラス,12.0,6.0,2東京7,4歳以上1勝クラス,10.0,10.0,1阪神1,4歳以上1勝クラス,7.0,13.0,5中京3,3歳以上1勝クラス,9.0,14.0,3福島5,高湯温泉特別(1勝クラス),42.7,11.0,2026-08-21 23:32:07,jra,2026-08-22,42.05,30.8,57.8,0.0,53.0,62.1,45.0,履歴少 / 市場オッズ妙味
202607030109,2026-08-22,9,ロードオールライト,4.0,4.0,小牧加,60.0,,1.0,4.0,3阪神2,障害3歳以上未勝利,5.0,6.0,1新潟3,障害4歳以上未勝利,14.0,11.0,2中山4,湾岸S(3勝クラス),8.0,5.0,1中山3,迎春S(3勝クラス),9.0,2.0,3京都11,古都S(3勝クラス),3.5,2.0,2026-08-21 23:40:37,jra,2026-08-22,56.93,57.5,45.9,55.3,98.0,49.5,45.0,履歴少 / 近走上向き
202604030109,2026-08-22,9,ヴァイオパイシーズ,2.0,2.0,大野,56.0,,7.0,6.0,2東京2,4歳以上1勝クラス,4.0,7.0,1小倉12,4歳以上1勝クラス,4.0,9.0,1小倉6,4歳以上1勝クラス,14.0,13.0,1小倉4,4歳以上1勝クラス,15.0,13.0,4新潟2,3歳以上1勝クラス,54.2,14.0,2026-08-21 23:32:07,jra,2026-08-22,53.08,49.8,57.6,44.7,63.5,56.1,45.0,履歴少
202607030109,2026-08-22,9,ヴラディア,6.0,6.0,大江圭,60.0,,5.0,6.0,3京都7,京都ハイジャンプ(JGII),7.0,6.0,3中山5,障害4歳以上OP,5.0,13.0,2中山3,障害4歳以上OP,5.0,11.0,1京都3,牛若丸ジャンプS(OP),12.0,11.0,5阪神5,障害3歳以上OP,19.5,6.0,2026-08-21 23:40:37,jra,2026-08-22,62.13,58.2,66.9,64.7,63.5,70.7,45.0,履歴少 / 人気以上に走る傾向 / 安定感 / 過小評価傾向
202601020110,2026-08-22,10,アスミル,9.0,6.0,武豊,56.0,,6.0,8.0,1札幌5,摩周湖特別(2勝クラス),4.0,4.0,3東京5,相模湖特別(2勝クラス),4.0,5.0,3京都6,橘S(L),13.0,15.0,1中京3,中スポ賞ファルコンS(GIII),6.0,3.0,1阪神3,マーガレットS(L),9.3,5.0,2026-08-22 00:05:42,jra,2026-08-22,54.75,59.0,55.5,44.7,54.5,60.8,45.0,履歴少
202604030110,2026-08-22,10,アドマイヤウルトラ,2.0,2.0,坂井,55.0,,1.0,3.0,2新潟2,3歳未勝利,8.0,4.0,3東京4,3歳未勝利,4.0,3.0,2東京12,3歳未勝利,6.0,2.0,3中山3,3歳未勝利,14.0,5.0,1中山5,3歳未勝利,20.2,9.0,2026-08-22 00:05:12,jra,2026-08-22,54.69,65.1,35.3,50.2,92.0,45.9,45.0,履歴少 / 近走上向き / 市場オッズ妙味
202607030110,2026-08-22,10,アビラーシャ,10.0,7.0,中井,55.0,,13.0,5.0,3京都8,3歳1勝クラス,1.0,4.0,1中京1,3歳未勝利,3.0,3.0,5阪神7,2歳未勝利,7.0,4.0,5阪神2,2歳新馬,,,,,16.3,9.0,2026-08-22 00:18:07,jra,2026-08-22,41.65,56.1,33.4,44.7,0.0,57.5,45.0,履歴少 / 市場オッズ妙味
202607030110,2026-08-22,10,ウインドワンピース,4.0,4.0,秋山稔,58.0,,6.0,14.0,2福島8,3歳以上1勝クラス,11.0,16.0,3東京4,3歳以上1勝クラス,10.0,14.0,2東京7,4歳以上1勝クラス,9.0,12.0,2中山1,4歳以上1勝クラス,7.0,11.0,1中山7,4歳以上1勝クラス,86.7,11.0,2026-08-22 00:18:07,jra,2026-08-22,54.48,39.4,87.2,0.0,69.5,69.1,45.0,履歴少 / 人気以上に走る傾向 / 近走上向き / 過小評価傾向
202601020110,2026-08-22,10,ウチュウノセカイ,3.0,3.0,吉村智,56.0,,11.0,1.0,1函館6,湯の川温泉特別(2勝クラス),8.0,13.0,3京都11,葵S(GIII),1.0,9.0,4中山6,カンナS(OP),7.0,4.0,2札幌3,すずらん賞(OP),1.0,4.0,1札幌8,2歳未勝利,7.3,3.0,2026-08-22 00:05:42,jra,2026-08-22,44.46,54.7,47.6,30.1,9.5,60.4,45.0,履歴少
202601020110,2026-08-22,10,エクストラバック,7.0,5.0,Ｍヴェロン,58.0,,7.0,7.0,1函館11,潮騒特別(2勝クラス),5.0,6.0,1函館6,湯の川温泉特別(2勝クラス),8.0,5.0,1函館2,函館日刊スポーツ杯(2勝クラス),12.0,5.0,1阪神3,4歳以上2勝クラス,6.0,4.0,2京都4,4歳以上2勝クラス,13.6,7.0,2026-08-22 00:05:42,jra,2026-08-22,44.78,49.4,39.0,24.9,54.5,54.0,45.0,履歴少 / 市場オッズ妙味
202604030110,2026-08-22,10,ガミーヌ,11.0,6.0,武藤,53.0,,1.0,11.0,2新潟6,3歳未勝利,6.0,11.0,3東京4,3歳未勝利,4.0,7.0,2東京7,3歳未勝利,9.0,12.0,1中京2,3歳未勝利,8.0,9.0,5中山1,2歳未勝利,23.2,12.0,2026-08-22 00:05:12,jra,2026-08-22,70.9,70.2,87.9,50.2,84.5,67.8,45.0,履歴少 / 人気以上に走る傾向 / 近走上向き / 過小評価傾向
202607030110,2026-08-22,10,ケイアイワイラーパ,11.0,8.0,亀田,58.0,,7.0,6.0,1京都8,4歳以上1勝クラス,11.0,14.0,1京都6,4歳以上1勝クラス,5.0,13.0,5中京4,3歳以上1勝クラス,6.0,7.0,5中京1,3歳以上1勝クラス,11.0,9.0,4京都1,3歳以上1勝クラス,53.1,10.0,2026-08-22 00:18:07,jra,2026-08-22,49.99,45.0,63.7,19.8,57.5,59.4,45.0,履歴少
202607030110,2026-08-22,10,ゴンタ,1.0,1.0,松若,55.0,,4.0,4.0,2中京5,恵那特別(1勝クラス),1.0,4.0,2阪神3,3歳未勝利,8.0,9.0,1中山6,3歳新馬,,,,,,,,,6.1,2.0,2026-08-22 00:18:07,jra,2026-08-22,61.45,75.5,58.8,55.3,53.0,62.0,45.0,履歴少
202604030110,2026-08-22,10,ゴールドシーン,5.0,3.0,大野,58.0,,16.0,7.0,3東京2,3歳以上1勝クラス,4.0,3.0,2東京6,4歳以上1勝クラス,2.0,2.0,3中山6,4歳以上1勝クラス,2.0,6.0,1中山8,4歳以上1勝クラス,7.0,5.0,5東京1,3歳以上1勝クラス,14.6,6.0,2026-08-22 00:05:12,jra,2026-08-22,42.76,55.9,31.7,59.3,0.0,56.2,45.0,履歴少 / 市場オッズ妙味
202604030110,2026-08-22,10,サザンティスプーン,7.0,4.0,△石田,54.0,,16.0,4.0,1中京5,4歳以上1勝クラス,7.0,4.0,1東京3,4歳以上1勝クラス,2.0,2.0,3福島6,3歳以上1勝クラス,2.0,2.0,4東京9,3歳以上1勝クラス,5.0,6.0,4東京2,3歳以上1勝クラス,15.1,7.0,2026-08-22 00:05:12,jra,2026-08-22,36.44,51.6,20.0,44.7,0.0,52.5,45.0,履歴少 / 市場オッズ妙味
202604030110,2026-08-22,10,サトノビーツ,10.0,6.0,野中,58.0,,6.0,2.0,川崎,ジュライスター賞(B2B3),7.0,4.0,2東京11,4歳以上1勝クラス,1.0,1.0,大井,C2七　八九(C2八),1.0,1.0,大井,ビアーグルト賞(C214),5.0,1.0,大井,C215　16,19.2,8.0,2026-08-22 00:05:12,jra,2026-08-22,38.22,35.4,38.8,17.1,37.5,56.8,45.0,地方実績を中央換算 / 履歴少 / 市場オッズ妙味
202604030110,2026-08-22,10,シトラール,6.0,4.0,丸山,58.0,,5.0,7.0,1新潟5,4歳以上1勝クラス,10.0,7.0,2中京3,4歳以上1勝クラス,11.0,10.0,4東京8,3歳以上1勝クラス,5.0,4.0,4東京4,3歳以上1勝クラス,7.0,4.0,2東京1,3歳1勝クラス,20.4,10.0,2026-08-22 00:05:12,jra,2026-08-22,49.37,46.9,44.4,45.0,69.5,52.4,45.0,履歴少 / 近走上向き / 市場オッズ妙味
202607030110,2026-08-22,10,シュガーハイ,6.0,5.0,◇今村,56.0,,14.0,15.0,2新潟7,三国特別(1勝クラス),11.0,7.0,4東京1,3歳以上1勝クラス,14.0,4.0,2新潟6,3歳以上1勝クラス,1.0,2.0,2東京11,3歳未勝利,11.0,3.0,2東京3,3歳未勝利,11.4,6.0,2026-08-22 00:18:07,jra,2026-08-22,27.89,21.6,26.6,14.6,21.5,47.4,45.0,履歴少
202601020110,2026-08-22,10,ジャガード,6.0,4.0,松山,58.0,,13.0,16.0,2福島4,郡山特別(2勝クラス),12.0,12.0,3中山7,袖ケ浦特別(2勝クラス),8.0,11.0,3中山2,4歳以上2勝クラス,15.0,15.0,2中山4,4歳以上2勝クラス,12.0,15.0,1中山6,4歳以上2勝クラス,37.1,13.0,2026-08-22 00:05:42,jra,2026-08-22,36.92,14.1,62.7,0.0,42.5,59.4,45.0,履歴少
202601020110,2026-08-22,10,ジーベック,2.0,2.0,横山典,58.0,,6.0,8.0,1札幌4,3歳以上2勝クラス,8.0,10.0,1函館9,HTB杯(2勝クラス),5.0,9.0,3京都6,4歳以上2勝クラス,7.0,11.0,3京都3,京極特別(2勝クラス),11.0,14.0,2東京2,4歳以上2勝クラス,25.6,12.0,2026-08-22 00:05:42,jra,2026-08-22,54.32,52.3,69.5,19.8,60.5,63.2,45.0,履歴少 / 人気以上に走る傾向
202604030110,2026-08-22,10,スターエンブレム,12.0,7.0,酒井,58.0,,10.0,13.0,2東京9,4歳以上1勝クラス,12.0,5.0,1新潟2,4歳以上1勝クラス,7.0,5.0,2中山6,4歳以上1勝クラス,7.0,8.0,1東京7,4歳以上1勝クラス,5.0,7.0,3福島5,3歳以上1勝クラス,30.9,14.0,2026-08-22 00:05:12,jra,2026-08-22,38.06,36.4,43.9,10.3,36.5,51.5,45.0,履歴少
202604030110,2026-08-22,10,スピリットサージ,3.0,2.0,江田照,56.0,,8.0,9.0,2新潟5,3歳以上1勝クラス,1.0,1.0,船橋,馬い!洲本農園新玉ね(C1),1.0,2.0,船橋,菜の花スプリント(C2),3.0,2.0,船橋,卯花月スプリント(C2),1.0,2.0,船橋,C2二　三,30.5,13.0,2026-08-22 00:05:12,jra,2026-08-22,41.44,37.1,52.6,26.6,25.5,54.8,45.0,地方実績を中央換算 / 履歴少
202604030110,2026-08-22,10,スマイルカーブ,13.0,7.0,菊沢,53.0,,7.0,10.0,3東京6,3歳以上1勝クラス,8.0,11.0,3中山5,ニュージーランドT(GII),5.0,16.0,2中山5,アネモネS(L),1.0,5.0,笠松,中津川宿特別(3歳),10.0,11.0,5中山6,2歳未勝利,13.7,5.0,2026-08-22 00:05:12,jra,2026-08-22,57.35,51.6,79.9,28.2,44.0,75.4,45.0,履歴少 / 人気以上に走る傾向 / 過小評価傾向 / 市場オッズ妙味
202604030110,2026-08-22,10,タイセイアストロ,14.0,8.0,石川,55.0,,2.0,5.0,3東京6,3歳以上1勝クラス,10.0,3.0,1中京3,中スポ賞ファルコンS(GIII),5.0,2.0,1東京5,3歳1勝クラス,1.0,2.0,1中山1,3歳未勝利,3.0,2.0,5中京6,2歳未勝利,2.7,1.0,2026-08-22 00:05:12,jra,2026-08-22,58.18,71.6,40.3,75.1,66.5,49.7,45.0,履歴少 / 近走上向き / 安定感
202604030110,2026-08-22,10,ダイヤテソーロ,4.0,3.0,富田,53.0,,8.0,11.0,3東京2,3歳以上1勝クラス,1.0,5.0,2東京10,3歳未勝利,3.0,8.0,2東京4,3歳未勝利,7.0,11.0,1東京7,3歳未勝利,4.0,10.0,5東京3,2歳未勝利,22.8,11.0,2026-08-22 00:05:12,jra,2026-08-22,62.51,70.3,78.7,55.0,24.5,70.6,45.0,履歴少 / 人気以上に走る傾向 / 過小評価傾向 / 市場オッズ妙味
202604030110,2026-08-22,10,ツインピークス,15.0,8.0,田辺,56.0,,10.0,14.0,3東京2,3歳以上1勝クラス,5.0,9.0,2東京9,4歳以上1勝クラス,6.0,6.0,2東京1,4歳以上1勝クラス,5.0,8.0,1中京5,4歳以上1勝クラス,13.0,6.0,5中山7,3歳以上1勝クラス,8.4,3.0,2026-08-22 00:05:12,jra,2026-08-22,50.47,47.6,63.5,39.5,33.5,61.7,45.0,履歴少
202604030110,2026-08-22,10,ドルビナ,8.0,5.0,木幡初,58.0,,15.0,7.0,3東京1,3歳以上1勝クラス,14.0,7.0,2東京8,4歳以上1勝クラス,9.0,11.0,3中山6,4歳以上1勝クラス,6.0,4.0,1中京3,4歳以上1勝クラス,8.0,13.0,2中山3,4歳以上1勝クラス,90.6,15.0,2026-08-22 00:05:12,jra,2026-08-22,24.68,20.4,25.1,0.0,15.5,47.0,45.0,履歴少
202601020110,2026-08-22,10,ビーコング,11.0,7.0,レーン,58.0,,3.0,14.0,1函館6,湯の川温泉特別(2勝クラス),11.0,16.0,1函館3,STV杯(2勝クラス),8.0,12.0,2東京11,富嶽賞(2勝クラス),15.0,6.0,3中山3,4歳以上2勝クラス,3.0,7.0,1中山9,4歳以上2勝クラス,15.0,9.0,2026-08-22 00:05:42,jra,2026-08-22,63.1,47.9,81.4,40.7,87.5,73.4,45.0,履歴少 / 人気以上に走る傾向 / 近走上向き / 過小評価傾向
202601020110,2026-08-22,10,ビービーエフォート,5.0,4.0,ロイド,56.0,,6.0,10.0,3東京5,相模湖特別(2勝クラス),5.0,3.0,1新潟7,大日岳特別(2勝クラス),2.0,2.0,3中山2,4歳以上2勝クラス,3.0,9.0,2中山4,4歳以上2勝クラス,12.0,5.0,3京都9,壬生特別(2勝クラス),7.8,4.0,2026-08-22 00:05:42,jra,2026-08-22,57.75,66.9,56.1,59.3,47.0,59.4,45.0,履歴少
202601020110,2026-08-22,10,ピースフルナイト,12.0,7.0,ルメール,56.0,,9.0,14.0,1札幌4,苫小牧特別(2勝クラス),11.0,11.0,3阪神4,武庫川特別(2勝クラス),12.0,12.0,2中山4,4歳以上2勝クラス,6.0,9.0,1京都3,鹿ケ谷特別(2勝クラス),4.0,15.0,4京都7,3歳以上2勝クラス,18.7,11.0,2026-08-22 00:05:42,jra,2026-08-22,48.86,34.9,71.7,10.3,45.5,76.3,45.0,履歴少 / 人気以上に走る傾向 / 過小評価傾向 / 市場オッズ妙味
202601020110,2026-08-22,10,フードマン,13.0,8.0,ナレドゥ,58.0,,3.0,3.0,1函館11,潮騒特別(2勝クラス),10.0,2.0,1函館3,STV杯(2勝クラス),2.0,4.0,1函館2,函館日刊スポーツ杯(2勝クラス),4.0,3.0,2阪神1,ラジオ関西賞仲春特別(2勝クラス),4.0,1.0,1阪神7,讃岐特別(2勝クラス),7.0,2.0,2026-08-22 00:05:42,jra,2026-08-22,56.24,69.6,35.6,75.1,62.0,51.8,45.0,履歴少 / 安定感
202607030110,2026-08-22,10,ブルーストレイル,8.0,6.0,城戸,58.0,,9.0,12.0,2中京5,恵那特別(1勝クラス),10.0,12.0,2中京1,3歳以上1勝クラス,11.0,12.0,1中京4,4歳以上1勝クラス,5.0,8.0,1阪神6,4歳以上1勝クラス,5.0,14.0,1阪神2,4歳以上1勝クラス,104.0,12.0,2026-08-22 00:18:07,jra,2026-08-22,49.59,38.8,70.8,24.9,42.5,65.2,45.0,履歴少 / 人気以上に走る傾向 / 過小評価傾向
202601020110,2026-08-22,10,ベルビースタローン,1.0,1.0,Ｒヘルナン,56.0,,6.0,4.0,1札幌4,苫小牧特別(2勝クラス),9.0,8.0,1函館8,立待岬特別(2勝クラス),1.0,1.0,1小倉9,4歳以上1勝クラス,4.0,5.0,1小倉2,八幡特別(1勝クラス),8.0,1.0,2小倉7,3歳以上1勝クラス,10.8,6.0,2026-08-22 00:05:42,jra,2026-08-22,48.98,62.6,40.0,34.3,47.0,54.3,45.0,履歴少
202601020110,2026-08-22,10,ホウオウヘッセン,8.0,5.0,川田,56.0,,14.0,7.0,1札幌4,苫小牧特別(2勝クラス),1.0,1.0,1函館12,3歳以上1勝クラス,8.0,5.0,1新潟3,ゆきつばき賞(1勝クラス),9.0,4.0,2中山6,3歳1勝クラス,1.0,1.0,5中山6,2歳未勝利,37.4,14.0,2026-08-22 00:05:42,jra,2026-08-22,34.84,49.2,25.9,35.3,0.0,43.8,45.0,履歴少
202604030110,2026-08-22,10,ポペット,9.0,5.0,◇永島,51.0,,6.0,9.0,2中京2,3歳以上1勝クラス,4.0,11.0,3阪神3,3歳以上1勝クラス,11.0,5.0,3京都9,メルボルンT(1勝クラス),8.0,5.0,2中山4,3歳1勝クラス,9.0,2.0,1小倉6,かささぎ賞(1勝クラス),6.0,2.0,2026-08-22 00:05:12,jra,2026-08-22,49.33,51.3,52.2,24.9,62.0,53.7,45.0,履歴少
202607030110,2026-08-22,10,マシン,3.0,3.0,団野,55.0,,1.0,1.0,1新潟7,3歳未勝利,6.0,2.0,1小倉1,3歳未勝利,4.0,6.0,1京都4,3歳未勝利,3.0,4.0,3京都4,2歳未勝利,2.0,7.0,4中山9,2歳未勝利,10.2,5.0,2026-08-22 00:18:07,jra,2026-08-22,65.33,82.1,50.4,75.1,66.5,62.5,45.0,履歴少 / 近走上向き / 安定感
202601020110,2026-08-22,10,ミキノバカラ,10.0,6.0,横山武,58.0,,5.0,5.0,1札幌4,苫小牧特別(2勝クラス),2.0,18.0,2小倉5,耶馬渓特別(2勝クラス),8.0,12.0,2小倉1,宗像特別(2勝クラス),12.0,12.0,3阪神3,安芸特別(2勝クラス),1.0,7.0,1小倉11,4歳以上1勝クラス,4.3,1.0,2026-08-22 00:05:42,jra,2026-08-22,68.25,64.4,87.8,65.7,54.5,73.1,45.0,履歴少 / 人気以上に走る傾向 / 安定感 / 過小評価傾向
202607030110,2026-08-22,10,メイショウクモイ,7.0,6.0,☆田山,57.0,,11.0,2.0,1新潟8,4歳以上1勝クラス,2.0,5.0,3京都2,4歳以上1勝クラス,3.0,8.0,2阪神6,4歳以上1勝クラス,8.0,6.0,1中京4,4歳以上1勝クラス,6.0,6.0,3福島2,3歳以上1勝クラス,8.4,4.0,2026-08-22 00:18:07,jra,2026-08-22,45.49,58.2,41.0,44.7,12.5,57.1,45.0,履歴少
202607030110,2026-08-22,10,メイショウソウテン,2.0,2.0,田口,55.0,,5.0,8.0,2京都6,3歳1勝クラス,1.0,2.0,2京都1,3歳未勝利,,7.0,1京都4,3歳未勝利,5.0,4.0,3京都10,2歳未勝利,5.0,8.0,3京都5,2歳新馬,15.4,7.0,2026-08-22 00:18:07,jra,2026-08-22,65.08,77.9,61.6,80.2,42.0,66.5,45.0,履歴少 / 安定感 / 過小評価傾向 / 市場オッズ妙味
202601020110,2026-08-22,10,メイショウミリオレ,4.0,3.0,岩田望,56.0,,8.0,8.0,1札幌7,知床特別(2勝クラス),9.0,10.0,2小倉1,宗像特別(2勝クラス),6.0,4.0,3阪神4,武庫川特別(2勝クラス),12.0,7.0,1新潟7,大日岳特別(2勝クラス),5.0,5.0,3京都4,御池特別(2勝クラス),14.4,8.0,2026-08-22 00:05:42,jra,2026-08-22,42.64,43.0,43.9,10.3,50.0,59.6,45.0,履歴少 / 市場オッズ妙味
202607030110,2026-08-22,10,ラテライト,5.0,5.0,菱田,56.0,,5.0,7.0,1新潟6,4歳以上1勝クラス,10.0,8.0,3京都3,4歳以上1勝クラス,4.0,3.0,1阪神9,4歳以上1勝クラス,3.0,3.0,1阪神7,4歳以上1勝クラス,8.0,8.0,1小倉10,4歳以上1勝クラス,16.2,8.0,2026-08-22 00:18:07,jra,2026-08-22,56.53,59.5,49.4,64.7,57.5,63.3,45.0,履歴少 / 安定感 / 市場オッズ妙味
202604030110,2026-08-22,10,ラヴスコール,1.0,1.0,斎藤,56.0,,6.0,5.0,1新潟5,4歳以上1勝クラス,4.0,5.0,1新潟2,4歳以上1勝クラス,10.0,12.0,2中山3,4歳以上1勝クラス,7.0,11.0,5中京5,3歳以上1勝クラス,2.0,12.0,2札幌5,3歳以上1勝クラス,12.3,4.0,2026-08-22 00:05:12,jra,2026-08-22,56.54,59.8,63.7,35.3,48.5,71.1,45.0,履歴少 / 過小評価傾向 / 市場オッズ妙味
202607030110,2026-08-22,10,ルファーダ,9.0,7.0,幸,55.0,,4.0,10.0,3京都10,3歳1勝クラス,4.0,9.0,3京都1,3歳1勝クラス,8.0,10.0,2阪神4,3歳1勝クラス,1.0,1.0,1阪神6,3歳未勝利,2.0,3.0,2京都6,3歳未勝利,2.3,1.0,2026-08-22 00:18:07,jra,2026-08-22,67.67,74.8,75.0,80.2,48.5,62.6,45.0,履歴少 / 人気以上に走る傾向 / 安定感
202607030110,2026-08-22,10,レッドホット,12.0,8.0,西村淳,55.0,,1.0,6.0,3阪神4,3歳未勝利,3.0,5.0,3京都11,3歳未勝利,9.0,3.0,1中京3,3歳未勝利,9.0,8.0,1阪神3,3歳未勝利,6.0,2.0,4阪神7,2歳新馬,7.7,3.0,2026-08-22 00:18:07,jra,2026-08-22,61.16,69.9,51.9,55.3,84.5,56.1,45.0,履歴少 / 近走上向き
202601020110,2026-08-22,10,ヴィヴァクラウン,14.0,8.0,フーリー,58.0,,7.0,3.0,1函館9,HTB杯(2勝クラス),6.0,5.0,1函館6,湯の川温泉特別(2勝クラス),3.0,9.0,1函館2,函館日刊スポーツ杯(2勝クラス),6.0,9.0,3中山7,袖ケ浦特別(2勝クラス),9.0,4.0,3中山2,4歳以上2勝クラス,16.9,10.0,2026-08-22 00:05:42,jra,2026-08-22,49.17,59.8,47.5,19.8,44.0,63.3,45.0,履歴少 / 市場オッズ妙味
202607030111,2026-08-22,11,アステルディーヴァ,7.0,4.0,☆田山,54.0,,4.0,6.0,2中京5,3歳以上1勝クラス,8.0,12.0,2中京4,3歳未勝利,9.0,10.0,3京都7,3歳未勝利,15.0,3.0,5中山6,2歳新馬,,,,,9.8,5.0,2026-08-21 23:45:12,jra,2026-08-22,51.69,45.9,50.4,30.4,90.0,55.7,45.0,履歴少 / 近走上向き
202607030111,2026-08-22,11,イルミナジーティー,4.0,2.0,吉村,55.0,,2.0,7.0,2中京1,3歳未勝利,12.0,8.0,1新潟5,3歳未勝利,4.0,5.0,2東京4,3歳未勝利,7.0,3.0,1小倉10,3歳未勝利,5.0,2.0,1小倉3,3歳未勝利,18.2,10.0,2026-08-21 23:45:12,jra,2026-08-22,58.54,60.6,48.8,60.5,80.0,60.8,45.0,履歴少 / 近走上向き / 安定感 / 市場オッズ妙味
202604030111,2026-08-22,11,イントゥゴールデン,1.0,1.0,柴田大,57.0,,10.0,9.0,1札幌4,3歳未勝利,15.0,16.0,2東京4,3歳未勝利,14.0,16.0,3中山5,3歳未勝利,12.0,16.0,1中山8,3歳未勝利,15.0,15.0,5中山8,2歳未勝利,80.0,12.0,2026-08-21 23:36:42,jra,2026-08-22,37.84,10.3,56.5,0.0,74.0,57.4,45.0,履歴少 / 近走上向き
202601020111,2026-08-22,11,ウィープディライト,1.0,1.0,武豊,58.0,,8.0,12.0,1函館9,五稜郭S(3勝クラス),6.0,8.0,2京都2,八坂S(3勝クラス),11.0,8.0,1京都4,新春S(3勝クラス),4.0,10.0,4京都4,ドンカスターC(3勝クラス),8.0,5.0,4東京5,昇仙峡S(3勝クラス),10.5,6.0,2026-08-21 23:41:37,jra,2026-08-22,48.91,47.9,61.8,14.6,45.5,63.9,45.0,履歴少
202601020111,2026-08-22,11,ウイントレメンデス,12.0,7.0,岩田望,58.0,,9.0,6.0,1函館9,五稜郭S(3勝クラス),9.0,7.0,2阪神6,京橋S(3勝クラス),8.0,8.0,1東京8,JCベストレース記念(3勝クラス),2.0,1.0,1京都1,寿S(3勝クラス),3.0,5.0,4京都5,比叡S(3勝クラス),7.5,5.0,2026-08-21 23:41:37,jra,2026-08-22,42.74,50.7,40.6,24.9,29.0,56.0,45.0,履歴少
202607030111,2026-08-22,11,エイシンニケ,10.0,5.0,団野,55.0,,9.0,12.0,2小倉6,3歳未勝利,,,,,,,,,,,,,,,,,66.6,15.0,2026-08-21 23:45:12,jra,2026-08-22,40.19,37.6,45.3,29.6,40.6,42.0,45.0,履歴少 / サンプル少
202607030111,2026-08-22,11,エイシンミスリル,5.0,3.0,田口,55.0,,10.0,6.0,2小倉7,3歳未勝利,4.0,9.0,2小倉1,3歳未勝利,10.0,14.0,2阪神6,3歳未勝利,,,,,,,,,34.8,12.0,2026-08-21 23:45:12,jra,2026-08-22,45.72,43.9,57.7,24.9,32.0,58.9,45.0,履歴少
202607030111,2026-08-22,11,オースミサイファー,9.0,5.0,幸,57.0,,5.0,11.0,2中京1,3歳未勝利,6.0,7.0,2小倉5,3歳未勝利,6.0,9.0,3京都3,3歳未勝利,10.0,8.0,2京都1,3歳未勝利,5.0,11.0,1京都5,3歳新馬,14.3,7.0,2026-08-21 23:45:12,jra,2026-08-22,59.94,58.6,71.0,40.7,60.5,70.4,45.0,履歴少 / 人気以上に走る傾向 / 過小評価傾向 / 市場オッズ妙味
202601020111,2026-08-22,11,キャントウェイト,7.0,5.0,横山典,58.0,,9.0,4.0,1札幌3,STV賞(3勝クラス),5.0,4.0,3阪神1,垂水S(3勝クラス),3.0,14.0,2東京4,府中S(3勝クラス),8.0,8.0,4新潟3,魚沼S(3勝クラス),3.0,5.0,3京都2,大原S(3勝クラス),7.1,4.0,2026-08-21 23:41:37,jra,2026-08-22,52.56,59.6,54.3,55.0,24.5,62.9,45.0,履歴少
202604030111,2026-08-22,11,クリスタルドレス,3.0,3.0,江田照,55.0,,2.0,1.0,2新潟3,3歳未勝利,2.0,4.0,2福島8,3歳未勝利,2.0,5.0,2福島1,3歳未勝利,3.0,3.0,2東京11,3歳未勝利,2.0,11.0,2東京8,3歳未勝利,2.2,1.0,2026-08-21 23:36:42,jra,2026-08-22,71.65,90.8,62.0,100.0,51.5,61.8,45.0,履歴少 / 安定感
202604030111,2026-08-22,11,コスモアンタレス,10.0,7.0,武藤,57.0,,8.0,8.0,3中山7,3歳未勝利,9.0,9.0,3中山4,3歳未勝利,10.0,10.0,2中山8,3歳未勝利,4.0,12.0,2中山1,3歳未勝利,9.0,16.0,5東京3,2歳未勝利,16.7,7.0,2026-08-21 23:36:42,jra,2026-08-22,49.42,42.7,63.2,14.6,50.0,71.7,45.0,履歴少 / 過小評価傾向 / 市場オッズ妙味
202604030111,2026-08-22,11,コールリッジ,6.0,5.0,△石神道,55.0,,15.0,4.0,2新潟7,3歳未勝利,4.0,5.0,2新潟2,3歳未勝利,7.0,7.0,2福島1,3歳未勝利,6.0,13.0,2中山4,3歳未勝利,,,,,12.5,5.0,2026-08-21 23:36:42,jra,2026-08-22,35.63,42.3,33.8,24.9,0.0,58.3,45.0,履歴少 / 市場オッズ妙味
202607030111,2026-08-22,11,サルタラリンダ,8.0,4.0,西村淳,55.0,,5.0,1.0,2阪神1,3歳未勝利,5.0,3.0,2京都1,3歳未勝利,8.0,4.0,1京都5,3歳未勝利,3.0,2.0,5阪神6,2歳新馬,,,,,25.5,11.0,2026-08-21 23:45:12,jra,2026-08-22,51.08,65.3,29.3,69.9,52.0,47.4,45.0,履歴少 / 安定感 / 市場オッズ妙味
202601020111,2026-08-22,11,ショウナンサムデイ,14.0,8.0,川田,56.0,,3.0,3.0,1札幌3,STV賞(3勝クラス),4.0,7.0,1函館9,五稜郭S(3勝クラス),13.0,3.0,3中山8,サンシャインS(3勝クラス),4.0,6.0,2中山4,湾岸S(3勝クラス),9.0,1.0,5東京4,ユートピアS(3勝クラス),5.3,2.0,2026-08-21 23:41:37,jra,2026-08-22,54.8,60.1,37.7,69.9,77.0,48.6,45.0,履歴少 / 近走上向き / 安定感
202604030111,2026-08-22,11,シルバープレミア,2.0,2.0,▲上里,52.0,,3.0,11.0,2新潟2,3歳未勝利,8.0,11.0,2福島5,3歳未勝利,11.0,10.0,2東京8,3歳未勝利,10.0,7.0,2中山3,3歳未勝利,13.0,13.0,5中山8,2歳新馬,19.3,9.0,2026-08-21 23:36:42,jra,2026-08-22,58.0,44.9,67.8,30.4,95.0,68.5,45.0,履歴少 / 人気以上に走る傾向 / 近走上向き / 過小評価傾向
202601020111,2026-08-22,11,スパークリシャール,4.0,3.0,ロイド,58.0,,16.0,15.0,2東京12,IFHA杯むらさき賞(3勝クラス),17.0,10.0,2東京4,府中S(3勝クラス),13.0,7.0,3中山4,美浦S(3勝クラス),8.0,14.0,2中山2,中山記念(GII),7.0,11.0,1中山8,初富士S(3勝クラス),59.2,14.0,2026-08-21 23:41:37,jra,2026-08-22,26.46,12.6,36.4,0.0,21.5,50.9,45.0,履歴少
202601020111,2026-08-22,11,スピードリッチ,10.0,6.0,ルメール,58.0,,5.0,6.0,1札幌2,札幌日経賞(L),7.0,3.0,3東京4,江の島S(3勝クラス),2.0,9.0,2東京7,六社S(3勝クラス),3.0,4.0,1阪神3,松籟S(3勝クラス),9.0,6.0,5中山7,グレイトフルS(3勝クラス),6.7,3.0,2026-08-21 23:41:37,jra,2026-08-22,58.63,67.8,53.7,64.7,51.5,59.4,45.0,履歴少 / 安定感
202607030111,2026-08-22,11,セルヴァジオ,3.0,2.0,角田和,55.0,,4.0,2.0,2中京1,3歳未勝利,2.0,5.0,2小倉6,3歳未勝利,2.0,6.0,3阪神6,3歳未勝利,5.0,4.0,3京都1,3歳未勝利,8.0,11.0,2阪神6,3歳未勝利,7.3,3.0,2026-08-21 23:45:12,jra,2026-08-22,68.83,78.7,57.7,89.7,51.5,63.0,72.0,芝適性 / 阪神実績 / 距離適性 / 前走人気以上
202604030111,2026-08-22,11,セレスティアハート,4.0,4.0,野中,55.0,,9.0,17.0,2新潟7,3歳未勝利,17.0,15.0,2新潟4,3歳未勝利,,,,,,,,,,,,,20.0,10.0,2026-08-21 23:36:42,jra,2026-08-22,45.75,28.9,59.0,18.0,71.9,58.7,45.0,履歴少 / サンプル少 / 近走上向き / 市場オッズ妙味
202601020111,2026-08-22,11,タイキラフター,6.0,4.0,吉村智,58.0,,12.0,4.0,2福島7,阿武隈S(3勝クラス),3.0,9.0,1新潟6,弥彦S(3勝クラス),12.0,8.0,3中山4,美浦S(3勝クラス),8.0,3.0,1小倉12,関門橋S(3勝クラス),13.0,5.0,1中山8,初富士S(3勝クラス),38.5,12.0,2026-08-21 23:41:37,jra,2026-08-22,33.04,33.8,27.0,24.9,32.0,41.2,45.0,履歴少
202601020111,2026-08-22,11,チルカーノ,11.0,7.0,Ｒヘルナン,56.0,,5.0,11.0,1札幌3,STV賞(3勝クラス),15.0,11.0,2東京4,府中S(3勝クラス),5.0,8.0,2阪神6,京橋S(3勝クラス),8.0,6.0,2京都2,八坂S(3勝クラス),6.0,6.0,4新潟2,新潟牝馬S(L),31.1,11.0,2026-08-21 23:41:37,jra,2026-08-22,54.17,46.7,57.9,50.2,71.0,58.2,45.0,履歴少 / 近走上向き / 市場オッズ妙味
202601020111,2026-08-22,11,テーオーダグラス,9.0,6.0,フーリー,58.0,,4.0,7.0,2福島1,バーデンバーデンC(3勝クラス),8.0,13.0,2東京12,IFHA杯むらさき賞(3勝クラス),12.0,17.0,3京都2,センテニアルパークS(3勝クラス),13.0,7.0,1阪神8,甲南S(3勝クラス),15.0,11.0,5東京5,秋色S(3勝クラス),12.4,7.0,2026-08-21 23:41:37,jra,2026-08-22,54.17,37.0,63.0,30.4,98.0,62.7,45.0,履歴少 / 近走上向き / 市場オッズ妙味
202601020111,2026-08-22,11,ディーガレジェンド,13.0,8.0,レーン,58.0,,14.0,9.0,1札幌3,STV賞(3勝クラス),10.0,6.0,3京都6,烏丸S(3勝クラス),3.0,8.0,3中山8,サンシャインS(3勝クラス),1.0,7.0,1中京5,TAインディア賞(2勝クラス),8.0,5.0,1中京1,茶臼山高原特別(2勝クラス),23.9,9.0,2026-08-21 23:41:37,jra,2026-08-22,38.75,42.7,43.3,34.3,0.0,55.6,45.0,履歴少 / 市場オッズ妙味
202607030111,2026-08-22,11,トウカイツバキ,11.0,6.0,亀田,55.0,,14.0,14.0,2小倉8,3歳未勝利,9.0,10.0,1新潟1,3歳未勝利,5.0,16.0,1福島3,3歳未勝利,14.0,13.0,1京都7,3歳未勝利,7.0,14.0,5阪神8,2歳新馬,63.8,14.0,2026-08-21 23:45:12,jra,2026-08-22,43.04,27.8,71.0,19.8,18.5,65.2,45.0,履歴少 / 人気以上に走る傾向 / 過小評価傾向
202604030111,2026-08-22,11,ナイトバード,5.0,5.0,菊沢,57.0,,4.0,6.0,2新潟4,3歳未勝利,10.0,4.0,1新潟3,3歳未勝利,8.0,3.0,2中山5,3歳未勝利,5.0,4.0,1東京7,3歳未勝利,7.0,9.0,1中山6,3歳未勝利,6.7,2.0,2026-08-21 23:36:42,jra,2026-08-22,49.91,54.1,37.3,45.0,71.0,52.9,45.0,履歴少 / 近走上向き
202607030111,2026-08-22,11,ノクスカンパーナ,16.0,8.0,松若,55.0,,16.0,17.0,2小倉4,3歳未勝利,11.0,12.0,1新潟1,3歳未勝利,12.0,11.0,1福島1,3歳未勝利,17.0,13.0,5阪神2,2歳未勝利,10.0,3.0,4京都1,2歳新馬,15.8,9.0,2026-08-21 23:45:12,jra,2026-08-22,29.28,10.2,43.3,0.0,29.0,57.3,45.0,履歴少 / 市場オッズ妙味
202607030111,2026-08-22,11,ハムタン,12.0,6.0,Ｍデムーロ,57.0,,2.0,2.0,2阪神3,3歳未勝利,3.0,3.0,1阪神7,3歳未勝利,2.0,1.0,1函館12,2歳新馬,,,,,,,,,3.7,1.0,2026-08-21 23:45:12,jra,2026-08-22,64.07,89.3,48.2,75.1,53.0,54.5,45.0,履歴少 / 安定感
202604030111,2026-08-22,11,ハルノアメ,8.0,6.0,▲佐藤,54.0,,9.0,3.0,1函館10,3歳未勝利,5.0,4.0,1函館6,3歳未勝利,3.0,12.0,1函館2,3歳未勝利,8.0,13.0,2東京2,3歳未勝利,8.0,13.0,1東京6,3歳未勝利,7.6,3.0,2026-08-21 23:36:42,jra,2026-08-22,52.13,55.5,56.7,44.7,32.0,66.4,45.0,履歴少 / 過小評価傾向
202604030111,2026-08-22,11,ピコブロッサム,9.0,7.0,丸田,53.0,,8.0,13.0,2新潟2,3歳未勝利,10.0,11.0,1福島5,3歳未勝利,14.0,10.0,1中山7,3歳新馬,,,,,,,,,9.4,4.0,2026-08-21 23:36:42,jra,2026-08-22,43.8,27.1,59.1,0.0,74.0,61.7,45.0,履歴少 / 近走上向き
202601020111,2026-08-22,11,ピンクジン,8.0,5.0,Ｍヴェロン,56.0,,13.0,16.0,1札幌8,札幌記念(GII),5.0,9.0,1函館9,五稜郭S(3勝クラス),14.0,15.0,3中山8,サンシャインS(3勝クラス),13.0,11.0,1小倉12,関門橋S(3勝クラス),5.0,17.0,1中山3,迎春S(3勝クラス),16.3,8.0,2026-08-21 23:41:37,jra,2026-08-22,46.98,25.8,71.4,35.3,27.5,75.7,45.0,履歴少 / 人気以上に走る傾向 / 過小評価傾向 / 市場オッズ妙味
202601020111,2026-08-22,11,フクノブルーレイク,3.0,3.0,松山,58.0,,3.0,9.0,1新潟5,新潟大賞典(GIII),5.0,5.0,2東京4,府中S(3勝クラス),4.0,6.0,3中山4,美浦S(3勝クラス),3.0,6.0,1京都1,寿S(3勝クラス),8.0,3.0,5中山3,常総S(3勝クラス),4.4,1.0,2026-08-21 23:41:37,jra,2026-08-22,67.53,74.3,65.0,89.7,62.0,60.2,45.0,履歴少 / 安定感
202607030111,2026-08-22,11,ホワイトフレイムス,15.0,8.0,コレット,57.0,,9.0,3.0,2小倉3,3歳未勝利,2.0,4.0,3阪神3,3歳未勝利,4.0,2.0,1中京5,3歳未勝利,3.0,3.0,1阪神5,3歳未勝利,5.0,2.0,2京都6,3歳未勝利,8.5,4.0,2026-08-21 23:45:12,jra,2026-08-22,50.03,68.2,35.8,69.6,17.0,53.3,45.0,履歴少 / 安定感
202607030111,2026-08-22,11,ポリキポリキ,14.0,7.0,▲川端,52.0,,14.0,12.0,3阪神2,3歳未勝利,15.0,11.0,3京都9,3歳未勝利,,,,,,,,,,,,,105.7,16.0,2026-08-21 23:45:12,jra,2026-08-22,32.13,18.0,34.3,18.0,48.8,45.2,45.0,履歴少 / サンプル少
202604030111,2026-08-22,11,ラウターユーベル,11.0,8.0,小林脩,57.0,,8.0,8.0,2新潟8,3歳未勝利,10.0,13.0,1函館5,3歳未勝利,7.0,10.0,2東京12,3歳未勝利,8.0,13.0,2東京8,3歳未勝利,5.0,5.0,船橋,ナイスサドル特別(3歳未格),16.7,8.0,2026-08-21 23:36:42,jra,2026-08-22,47.81,41.1,64.5,6.0,47.0,71.1,45.0,履歴少 / 過小評価傾向 / 市場オッズ妙味
202607030111,2026-08-22,11,ララディアーブル,13.0,7.0,国分優,57.0,,,,2中京6,3歳未勝利,3.0,4.0,2中京1,3歳未勝利,3.0,5.0,2小倉3,3歳未勝利,5.0,2.0,3阪神3,3歳未勝利,4.0,3.0,1京都5,3歳未勝利,6.9,2.0,2026-08-21 23:45:12,jra,2026-08-22,62.11,79.5,51.0,69.6,56.0,57.4,45.0,履歴少 / 安定感
202607030111,2026-08-22,11,ラヴエナストロ,1.0,1.0,◇今村,53.0,,5.0,15.0,2中京1,3歳未勝利,9.0,7.0,1小倉2,3歳新馬,,,,,,,,,,,,,10.6,6.0,2026-08-21 23:45:12,jra,2026-08-22,53.16,47.5,63.2,34.7,58.7,64.3,45.0,履歴少 / サンプル少
202601020111,2026-08-22,11,ワイドアラジン,5.0,4.0,横山武,58.0,,12.0,13.0,1札幌3,STV賞(3勝クラス),3.0,5.0,2福島7,阿武隈S(3勝クラス),13.0,14.0,3阪神4,花のみちS(3勝クラス),6.0,12.0,1新潟6,弥彦S(3勝クラス),14.0,15.0,1小倉5,豊前S(3勝クラス),46.2,13.0,2026-08-21 23:41:37,jra,2026-08-22,44.7,34.1,63.9,24.9,32.0,60.6,45.0,履歴少
202604030111,2026-08-22,11,ワンダースアン,7.0,6.0,◇永島,53.0,,15.0,10.0,2中京4,3歳未勝利,7.0,14.0,2小倉5,3歳未勝利,7.0,13.0,3阪神6,3歳未勝利,10.0,13.0,3京都12,3歳未勝利,,,,,15.7,6.0,2026-08-21 23:36:42,jra,2026-08-22,39.35,30.5,64.4,0.0,8.0,70.7,45.0,履歴少 / 過小評価傾向 / 市場オッズ妙味
202607030111,2026-08-22,11,ワンダーヴァレル,6.0,3.0,高倉,55.0,,11.0,9.0,2中京1,3歳未勝利,,,,,,,,,,,,,,,,,44.4,13.0,2026-08-21 23:45:12,jra,2026-08-22,36.86,34.0,37.6,29.6,40.6,38.4,45.0,履歴少 / サンプル少
202601020111,2026-08-22,11,ヴァイザーバルコ,2.0,2.0,ナレドゥ,58.0,,11.0,9.0,1札幌1,ライラック賞(2勝クラス),13.0,10.0,2福島5,信夫山特別(2勝クラス),6.0,5.0,1福島4,奥の細道特別(2勝クラス),6.0,10.0,2中山3,潮来特別(2勝クラス),12.0,10.0,1小倉9,皿倉山特別(2勝クラス),24.0,10.0,2026-08-21 23:41:37,jra,2026-08-22,34.88,28.9,41.8,0.0,39.5,53.7,45.0,履歴少 / 市場オッズ妙味
202607030111,2026-08-22,11,ヴェルサイユシエル,2.0,1.0,▲森田,52.0,,,,,,,,,,,,,,,,,,,,,,14.4,8.0,2026-08-21 23:45:12,jra,2026-08-22,36.0,35.0,35.0,35.0,35.0,35.0,45.0,履歴少
202604030111,2026-08-22,11,ヴォンサクレ,12.0,8.0,原,57.0,,9.0,12.0,2新潟2,3歳未勝利,10.0,9.0,2福島6,3歳未勝利,8.0,12.0,1新潟8,3歳未勝利,3.0,9.0,1福島5,3歳未勝利,8.0,15.0,2中山6,3歳未勝利,20.3,11.0,2026-08-21 23:36:42,jra,2026-08-22,49.89,43.4,71.4,14.6,39.5,68.7,45.0,履歴少 / 人気以上に走る傾向 / 過小評価傾向 / 市場オッズ妙味
202604030112,2026-08-22,12,アリアーネ,14.0,8.0,菅原隆,55.0,,12.0,16.0,2福島2,3歳未勝利,10.0,16.0,2中山3,3歳未勝利,,,,,,,,,,,,,111.0,15.0,2026-08-22 00:05:57,jra,2026-08-22,43.11,28.6,64.4,18.0,38.9,59.5,45.0,履歴少 / サンプル少
202607030112,2026-08-22,12,アンガーザガール,11.0,6.0,西村淳,55.0,,3.0,1.0,2中京7,3歳未勝利,12.0,1.0,2小倉2,3歳未勝利,2.0,3.0,3阪神1,3歳未勝利,3.0,3.0,2京都6,3歳未勝利,2.0,6.0,1京都8,3歳未勝利,10.6,5.0,2026-08-22 00:18:52,jra,2026-08-22,55.02,68.5,30.8,75.1,60.5,54.8,45.0,履歴少 / 安定感
202607030112,2026-08-22,12,エコロガルダ,8.0,4.0,△柴田裕,55.0,,10.0,4.0,笠松,落合宿特別(3歳),14.0,4.0,3京都8,2歳未勝利,10.0,3.0,3中京5,2歳新馬,,,,,,,,,95.7,18.0,2026-08-22 00:18:52,jra,2026-08-22,20.81,13.9,4.0,0.0,62.0,28.6,45.0,履歴少
202607030112,2026-08-22,12,オラロア,3.0,2.0,国分恭,57.0,,15.0,9.0,3阪神1,3歳未勝利,13.0,2.0,1中京5,3歳未勝利,6.0,6.0,1中山7,3歳新馬,,,,,,,,,22.3,10.0,2026-08-22 00:18:52,jra,2026-08-22,18.42,17.1,7.4,0.0,17.0,37.9,45.0,履歴少 / 市場オッズ妙味
202604030112,2026-08-22,12,オレンジリバー,4.0,3.0,△石田,53.0,,8.0,7.0,2福島2,3歳未勝利,8.0,7.0,3中山3,3歳未勝利,4.0,5.0,2中山6,3歳未勝利,4.0,6.0,1中山3,3歳未勝利,5.0,9.0,5中山6,2歳未勝利,16.2,5.0,2026-08-22 00:05:57,jra,2026-08-22,51.68,57.5,52.4,44.7,33.5,65.1,45.0,履歴少 / 過小評価傾向 / 市場オッズ妙味
202601020112,2026-08-22,12,グルーヴィーオン,10.0,8.0,原田和,56.0,,12.0,9.0,1札幌5,3歳以上1勝クラス,9.0,8.0,3東京3,3歳以上1勝クラス,4.0,4.0,2東京9,4歳以上1勝クラス,3.0,10.0,2東京3,4歳以上1勝クラス,14.0,5.0,2中山4,4歳以上1勝クラス,140.5,11.0,2026-08-22 00:19:07,jra,2026-08-22,39.7,39.9,42.5,34.3,23.0,49.6,45.0,履歴少
202607030112,2026-08-22,12,グレンセロース,9.0,5.0,吉村,55.0,,4.0,3.0,2中京5,3歳未勝利,2.0,4.0,2小倉8,3歳未勝利,5.0,6.0,3京都9,3歳未勝利,4.0,6.0,3京都2,3歳未勝利,10.0,9.0,1京都3,3歳未勝利,7.6,3.0,2026-08-22 00:18:52,jra,2026-08-22,64.18,73.4,54.1,89.7,57.5,60.6,45.0,履歴少 / 安定感
202601020112,2026-08-22,12,ココデイック,2.0,2.0,ロイド,58.0,,7.0,8.0,1札幌4,3歳以上1勝クラス,3.0,1.0,1新潟6,4歳以上1勝クラス,3.0,3.0,1福島5,4歳以上1勝クラス,4.0,5.0,1中京5,ロイヤルバンコク賞(1勝クラス),4.0,7.0,1中京2,4歳以上1勝クラス,20.6,5.0,2026-08-22 00:19:07,jra,2026-08-22,57.17,72.3,51.8,69.6,29.0,58.2,45.0,履歴少 / 安定感 / 市場オッズ妙味
202601020112,2026-08-22,12,ゴールドブレイズ,1.0,1.0,横山武,55.0,,3.0,2.0,1函館7,3歳以上1勝クラス,3.0,2.0,1函館3,3歳以上1勝クラス,3.0,6.0,3中山6,3歳1勝クラス,7.0,3.0,2中山2,3歳1勝クラス,1.0,3.0,5中山5,2歳新馬,22.6,6.0,2026-08-22 00:19:07,jra,2026-08-22,63.01,81.0,47.6,85.4,53.0,55.6,45.0,履歴少 / 安定感 / 市場オッズ妙味
202601020112,2026-08-22,12,サマーナイト,4.0,4.0,レーン,58.0,,3.0,5.0,1札幌3,3歳以上1勝クラス,6.0,7.0,3阪神1,3歳以上1勝クラス,4.0,7.0,3京都9,4歳以上1勝クラス,7.0,4.0,3京都2,4歳以上1勝クラス,2.0,6.0,2阪神6,4歳以上1勝クラス,1.5,1.0,2026-08-22 00:19:07,jra,2026-08-22,61.62,72.6,60.0,60.5,60.5,56.3,45.0,履歴少 / 安定感
202607030112,2026-08-22,12,サンジルダール,5.0,3.0,◇今村,53.0,,16.0,16.0,1中京4,3歳未勝利,16.0,9.0,5中京2,2歳新馬,,,,,,,,,,,,,11.4,6.0,2026-08-22 00:18:52,jra,2026-08-22,32.33,18.0,33.4,18.0,45.5,51.2,45.0,履歴少 / サンプル少
202604030112,2026-08-22,12,ジャメビュ,12.0,7.0,原,55.0,,9.0,11.0,2福島6,3歳未勝利,4.0,5.0,3東京5,3歳未勝利,4.0,7.0,2東京12,3歳未勝利,7.0,6.0,3中山7,3歳未勝利,6.0,4.0,2中山3,3歳未勝利,6.0,2.0,2026-08-22 00:05:57,jra,2026-08-22,51.78,58.7,57.7,44.7,27.5,59.6,45.0,履歴少
202601020112,2026-08-22,12,ジュジュドール,5.0,5.0,吉村智,53.0,,11.0,11.0,1札幌8,3歳以上1勝クラス,10.0,9.0,1函館7,3歳以上1勝クラス,10.0,11.0,1函館4,3歳以上1勝クラス,13.0,13.0,1小倉6,かささぎ賞(1勝クラス),8.0,9.0,1小倉1,萌黄賞(1勝クラス),113.0,10.0,2026-08-22 00:19:07,jra,2026-08-22,36.27,23.7,50.4,0.0,45.5,54.1,45.0,履歴少
202604030112,2026-08-22,12,ジュンヴィヴァン,9.0,5.0,小崎,57.0,,13.0,10.0,2福島6,3歳未勝利,13.0,10.0,3東京5,3歳未勝利,,,,,,,,,,,,,16.9,6.0,2026-08-22 00:05:57,jra,2026-08-22,33.45,20.2,33.9,18.0,45.5,53.7,45.0,履歴少 / サンプル少 / 市場オッズ妙味
202607030112,2026-08-22,12,スイートポメロ,4.0,2.0,川須,55.0,,13.0,7.0,2小倉2,3歳未勝利,4.0,7.0,3阪神1,3歳未勝利,4.0,8.0,1新潟3,3歳未勝利,3.0,14.0,1福島4,3歳未勝利,18.0,14.0,1小倉7,3歳未勝利,33.3,13.0,2026-08-22 00:18:52,jra,2026-08-22,48.49,47.4,56.3,59.3,15.5,58.7,45.0,履歴少
202604030112,2026-08-22,12,セイウンヤオヨロズ,2.0,2.0,▲佐藤,54.0,,,,2新潟5,3歳未勝利,4.0,5.0,2新潟1,3歳未勝利,5.0,4.0,2福島4,3歳未勝利,9.0,3.0,1新潟4,3歳未勝利,2.0,5.0,1福島5,3歳未勝利,9.0,3.0,2026-08-22 00:05:57,jra,2026-08-22,55.75,67.7,44.8,55.0,58.0,56.9,45.0,履歴少
202607030112,2026-08-22,12,ダノンステート,10.0,5.0,角田和,57.0,,2.0,7.0,2中京2,3歳未勝利,11.0,10.0,3京都9,3歳未勝利,6.0,5.0,1阪神9,3歳未勝利,4.0,3.0,5阪神4,2歳新馬,,,,,4.9,1.0,2026-08-22 00:18:52,jra,2026-08-22,58.86,62.3,57.2,45.0,80.0,58.4,45.0,履歴少 / 近走上向き
202607030112,2026-08-22,12,チュウワメロディー,12.0,6.0,松若,57.0,,3.0,1.0,2中京2,3歳未勝利,2.0,1.0,2小倉5,3歳未勝利,2.0,1.0,2小倉2,3歳未勝利,3.0,1.0,3京都11,3歳未勝利,2.0,2.0,3京都5,3歳未勝利,6.3,2.0,2026-08-22 00:18:52,jra,2026-08-22,64.0,88.4,40.6,100.0,45.5,53.9,45.0,履歴少 / 安定感
202604030112,2026-08-22,12,テリオスレイ,15.0,8.0,坂井,55.0,,5.0,5.0,2新潟6,3歳未勝利,6.0,5.0,2新潟4,2歳新馬,,,,,,,,,,,,,10.6,4.0,2026-08-22 00:05:57,jra,2026-08-22,47.85,53.4,43.8,34.7,48.8,56.2,45.0,履歴少 / サンプル少
202604030112,2026-08-22,12,ディサイドオンミー,5.0,3.0,小林脩,55.0,,12.0,9.0,1函館12,3歳未勝利,5.0,7.0,1函館7,3歳未勝利,8.0,8.0,2東京10,3歳未勝利,8.0,3.0,1福島3,3歳未勝利,15.0,1.0,1小倉3,3歳未勝利,21.8,10.0,2026-08-22 00:05:57,jra,2026-08-22,35.04,35.7,31.9,24.9,32.0,43.3,45.0,履歴少 / 市場オッズ妙味
202604030112,2026-08-22,12,ニットウライズ,13.0,7.0,吉田豊,57.0,,10.0,14.0,3東京6,3歳未勝利,10.0,8.0,2東京11,3歳未勝利,8.0,8.0,1東京6,3歳新馬,,,,,,,,,34.3,12.0,2026-08-22 00:05:57,jra,2026-08-22,40.2,32.2,56.7,0.0,44.0,55.7,45.0,履歴少
202607030112,2026-08-22,12,ハナイロマヒナ,14.0,7.0,▲川端,52.0,,16.0,10.0,1函館10,3歳未勝利,7.0,6.0,1函館6,3歳未勝利,7.0,9.0,1函館1,3歳未勝利,13.0,5.0,1小倉3,3歳未勝利,5.0,2.0,5阪神3,2歳未勝利,88.4,17.0,2026-08-22 00:18:52,jra,2026-08-22,27.35,30.8,27.9,10.3,2.0,43.1,45.0,履歴少
202607030112,2026-08-22,12,パラフローラ,1.0,1.0,Ｍデムーロ,55.0,,15.0,10.0,2小倉2,3歳未勝利,10.0,11.0,3京都10,3歳未勝利,6.0,10.0,1福島2,3歳未勝利,7.0,9.0,1小倉4,3歳新馬,,,,,41.0,15.0,2026-08-22 00:18:52,jra,2026-08-22,32.83,29.5,48.5,0.0,6.0,55.1,45.0,履歴少
202607030112,2026-08-22,12,ヒャクギマル,2.0,1.0,国分優,57.0,,12.0,11.0,2小倉5,3歳未勝利,3.0,13.0,2小倉3,3歳未勝利,18.0,14.0,2阪神1,3歳未勝利,14.0,14.0,5阪神2,2歳未勝利,13.0,10.0,3京都1,2歳新馬,36.4,14.0,2026-08-22 00:18:52,jra,2026-08-22,41.99,25.0,57.6,24.9,50.0,54.8,45.0,履歴少
202604030112,2026-08-22,12,フィレルレーヴ,8.0,5.0,木幡初,55.0,,16.0,14.0,3東京6,3歳未勝利,12.0,4.0,4東京9,2歳新馬,,,,,,,,,,,,,20.9,8.0,2026-08-22 00:05:57,jra,2026-08-22,29.2,21.0,27.4,18.0,32.3,44.4,45.0,履歴少 / サンプル少 / 市場オッズ妙味
202607030112,2026-08-22,12,フェブリノ,17.0,8.0,田口,55.0,,5.0,9.0,2中京5,3歳未勝利,5.0,8.0,2中京1,3歳以上1勝クラス,8.0,6.0,2小倉6,3歳未勝利,4.0,8.0,2小倉3,3歳未勝利,3.0,11.0,3阪神3,3歳未勝利,14.0,8.0,2026-08-22 00:18:52,jra,2026-08-22,67.41,66.1,70.9,80.2,50.0,74.4,58.6,距離適性 / 頭数減経験 / 前走人気以上 / 人気以上に走る傾向
202601020112,2026-08-22,12,ブリオメンテ,6.0,6.0,岩田望,58.0,,9.0,7.0,1札幌6,3歳以上1勝クラス,15.0,7.0,3阪神3,3歳以上1勝クラス,7.0,2.0,2京都6,4歳以上1勝クラス,2.0,4.0,1京都8,4歳以上1勝クラス,11.0,2.0,2小倉2,3歳以上1勝クラス,40.6,7.0,2026-08-22 00:19:07,jra,2026-08-22,33.13,36.7,20.4,14.6,48.5,42.0,45.0,履歴少 / 市場オッズ妙味
202604030112,2026-08-22,12,プリンセスダーコ,3.0,2.0,丸田,55.0,,8.0,12.0,2福島7,3歳未勝利,12.0,13.0,3東京1,3歳未勝利,13.0,9.0,2東京6,3歳未勝利,7.0,11.0,2東京2,3歳未勝利,10.0,8.0,3中山3,3歳未勝利,21.8,9.0,2026-08-22 00:05:57,jra,2026-08-22,41.96,27.6,57.4,0.0,65.0,58.2,45.0,履歴少 / 近走上向き / 市場オッズ妙味
202607030112,2026-08-22,12,ボールドペイト,6.0,3.0,中井,57.0,,13.0,16.0,3阪神6,3歳未勝利,12.0,15.0,3阪神3,3歳未勝利,16.0,9.0,2阪神4,3歳未勝利,11.0,8.0,4阪神9,2歳新馬,,,,,22.9,11.0,2026-08-22 00:18:52,jra,2026-08-22,31.85,7.9,48.7,0.0,50.0,53.0,45.0,履歴少 / 市場オッズ妙味
202601020112,2026-08-22,12,ポンピエ,8.0,7.0,鮫島駿,58.0,,4.0,3.0,1札幌6,3歳以上1勝クラス,2.0,3.0,1函館8,3歳以上1勝クラス,2.0,6.0,1函館1,3歳以上1勝クラス,10.0,5.0,1中京3,4歳以上1勝クラス,3.0,5.0,1小倉9,4歳以上1勝クラス,11.7,3.0,2026-08-22 00:19:07,jra,2026-08-22,63.4,77.0,51.5,85.4,51.5,61.1,45.0,履歴少 / 安定感
202607030112,2026-08-22,12,マカホウ,15.0,7.0,☆田山,56.0,,9.0,9.0,3阪神1,3歳未勝利,9.0,9.0,2東京1,3歳未勝利,8.0,12.0,2阪神3,3歳未勝利,,,,,,,,,24.4,12.0,2026-08-22 00:18:52,jra,2026-08-22,42.67,38.1,57.4,0.0,47.0,57.8,45.0,履歴少
202607030112,2026-08-22,12,マテンロウノア,16.0,8.0,太宰,57.0,,10.0,14.0,2小倉2,3歳未勝利,10.0,7.0,1福島3,3歳未勝利,,,,,,,,,,,,,45.0,16.0,2026-08-22 00:18:52,jra,2026-08-22,40.38,33.4,48.8,18.0,45.5,51.5,45.0,履歴少 / サンプル少
202601020112,2026-08-22,12,マロンカラノテガミ,9.0,7.0,丹内,56.0,,14.0,16.0,1札幌6,3歳以上1勝クラス,1.0,2.0,笠松,B9・C3組(BC),5.0,6.0,笠松,野山の錦特別(C),1.0,1.0,笠松,晟・瑛里結婚記念(C),6.0,12.0,4中山3,3歳未勝利,85.2,9.0,2026-08-22 00:19:07,jra,2026-08-22,41.16,29.2,60.2,26.9,20.0,60.0,45.0,地方実績を中央換算 / 履歴少
202604030112,2026-08-22,12,ミスタートントン,10.0,6.0,三浦,57.0,,5.0,2.0,2新潟2,3歳未勝利,2.0,2.0,2福島6,3歳未勝利,2.0,2.0,1新潟2,3歳未勝利,2.0,2.0,3中山4,3歳未勝利,3.0,1.0,2中山6,3歳未勝利,2.2,1.0,2026-08-22 00:05:57,jra,2026-08-22,61.14,83.9,42.2,100.0,33.5,50.1,45.0,履歴少 / 安定感
202604030112,2026-08-22,12,ミセスヴェルデ,7.0,4.0,▲上里,52.0,,12.0,6.0,1福島6,3歳未勝利,,,,,,,,,,,,,,,,,42.4,14.0,2026-08-22 00:05:57,jra,2026-08-22,34.27,32.3,31.4,29.6,40.6,34.0,45.0,履歴少 / サンプル少
202601020112,2026-08-22,12,メイショウコシュウ,3.0,3.0,武豊,55.0,,2.0,4.0,1札幌6,3歳以上1勝クラス,4.0,2.0,1札幌3,3歳以上1勝クラス,1.0,2.0,3阪神1,3歳未勝利,3.0,1.0,3京都9,3歳未勝利,2.0,3.0,3京都1,2歳未勝利,11.9,4.0,2026-08-22 00:19:07,jra,2026-08-22,68.29,88.4,50.8,100.0,53.0,60.5,45.0,履歴少 / 安定感
202604030112,2026-08-22,12,モリガン,11.0,6.0,▲水沼,52.0,,13.0,11.0,2福島2,3歳未勝利,,,,,,,,,,,,,,,,,36.1,13.0,2026-08-22 00:05:57,jra,2026-08-22,35.88,30.5,37.6,29.6,40.6,38.4,45.0,履歴少 / サンプル少
202604030112,2026-08-22,12,モーリア,1.0,1.0,嶋田,55.0,,10.0,12.0,1函館3,3歳未勝利,15.0,3.0,3中山5,3歳未勝利,9.0,5.0,2福島2,2歳新馬,,,,,,,,,22.2,11.0,2026-08-22 00:05:57,jra,2026-08-22,28.42,20.8,20.4,0.0,62.0,41.1,45.0,履歴少 / 市場オッズ妙味
202604030112,2026-08-22,12,ライヴマティーニ,6.0,4.0,★谷原,51.0,,13.0,14.0,2東京10,3歳未勝利,11.0,12.0,1福島1,3歳未勝利,11.0,15.0,1東京5,3歳未勝利,10.0,3.0,5中山1,2歳新馬,,,,,20.6,7.0,2026-08-22 00:05:57,jra,2026-08-22,33.64,15.9,52.5,0.0,36.0,55.5,45.0,履歴少 / 市場オッズ妙味
202607030112,2026-08-22,12,ルージュルガーノ,7.0,4.0,幸,55.0,,5.0,3.0,2中京2,3歳未勝利,9.0,2.0,2小倉3,3歳未勝利,13.0,2.0,5阪神7,2歳未勝利,4.0,5.0,5中京1,2歳未勝利,3.0,7.0,4京都5,2歳未勝利,13.2,7.0,2026-08-22 00:18:52,jra,2026-08-22,45.32,50.2,22.2,55.3,63.5,51.2,45.0,履歴少 / 市場オッズ妙味
202607030112,2026-08-22,12,レジーナテンペスタ,13.0,7.0,▲森田,52.0,,7.0,8.0,2小倉5,3歳未勝利,4.0,11.0,2小倉2,3歳未勝利,11.0,14.0,3阪神6,3歳未勝利,9.0,7.0,2阪神4,3歳未勝利,3.0,1.0,浦和,ツインシャイン特別(3歳),8.7,4.0,2026-08-22 00:18:52,jra,2026-08-22,52.42,49.0,65.6,30.9,48.5,63.8,45.0,履歴少 / 人気以上に走る傾向
202601020112,2026-08-22,12,ロングミックス,11.0,8.0,横山典,55.0,,4.0,3.0,1札幌6,石狩特別(1勝クラス),1.0,2.0,3東京5,3歳未勝利,3.0,8.0,3東京1,3歳未勝利,,,,,,,,,3.8,2.0,2026-08-22 00:19:07,jra,2026-08-22,64.81,86.1,58.7,75.1,38.0,61.1,45.0,履歴少 / 安定感
202607030112,2026-08-22,12,ロンポワン,18.0,8.0,菱田,55.0,,16.0,11.0,3阪神6,3歳未勝利,8.0,9.0,1中京2,3歳未勝利,,,,,,,,,,,,,16.0,9.0,2026-08-22 00:18:52,jra,2026-08-22,33.88,28.9,36.7,18.0,19.1,57.4,45.0,履歴少 / サンプル少 / 市場オッズ妙味
202601020112,2026-08-22,12,ロードスカイブルー,7.0,6.0,落合玄,58.0,,6.0,10.0,1札幌3,3歳以上1勝クラス,7.0,4.0,1新潟1,4歳以上1勝クラス,13.0,8.0,3中山7,4歳以上1勝クラス,15.0,3.0,1中山3,4歳以上1勝クラス,,,2札幌1,ニセコ特別(1勝クラス),54.1,8.0,2026-08-22 00:19:07,jra,2026-08-22,37.98,35.7,32.3,0.0,84.0,40.5,45.0,履歴少 / 近走上向き
202665082201,2026-08-22,1,イワキロマン,6.0,6.0,菊池一樹,580.0,,,,,,,,,,,,,,,,,,,,,,,,,nar,2026-08-22,36.0,35.0,35.0,35.0,35.0,35.0,45.0,履歴少
202655082201,2026-08-22,1,カシノツキヨミ,1.0,1.0,長谷川蓮,55.0,,,,佐賀,2歳ー2組,6.0,5.0,佐賀,スーパーホープフルデ(2歳),,,,,,,,,,,,,6.9,5.0,,nar,2026-08-22,39.85,42.8,39.1,29.6,40.6,39.5,45.0,履歴少 / サンプル少
202665082201,2026-08-22,1,ガオノチカラ,8.0,7.0,金田利貴,600.0,,,,,,,,,,,,,,,,,,,,,,,,,nar,2026-08-22,36.0,35.0,35.0,35.0,35.0,35.0,45.0,履歴少
202655082201,2026-08-22,1,キセキノキセキ,5.0,5.0,出水拓人,54.0,,8.0,6.0,佐賀,2歳ー3組,6.0,6.0,佐賀,2歳ー2組,6.0,5.0,佐賀,2歳ー2組,7.0,5.0,佐賀,スーパーホープフルデ(2歳),,,,,29.1,9.0,,nar,2026-08-22,41.47,53.3,41.4,0.0,40.0,52.2,45.0,履歴少 / 市場オッズ妙味
202655082201,2026-08-22,1,クラトリスカイ,2.0,2.0,青海大樹,53.0,,9.0,8.0,佐賀,2歳ー3組,6.0,3.0,佐賀,ひまわり賞チャレンジ(未勝利)(2歳),,,,,,,,,,,,,52.1,10.0,,nar,2026-08-22,38.92,43.7,38.2,18.0,35.6,47.0,45.0,履歴少 / サンプル少
202665082201,2026-08-22,1,グローリースター,7.0,7.0,今井千尋,590.0,,,,,,,,,,,,,,,,,,,,,,,,,nar,2026-08-22,36.0,35.0,35.0,35.0,35.0,35.0,45.0,履歴少
202665082201,2026-08-22,1,ゲキリンドトウ,10.0,8.0,臼杵龍美,570.0,,,,,,,,,,,,,,,,,,,,,,,,,nar,2026-08-22,36.0,35.0,35.0,35.0,35.0,35.0,45.0,履歴少
202665082201,2026-08-22,1,ジェイパワー,4.0,4.0,中村太陽,600.0,,,,,,,,,,,,,,,,,,,,,,,,,nar,2026-08-22,36.0,35.0,35.0,35.0,35.0,35.0,45.0,履歴少
202665082201,2026-08-22,1,ジェイワールド,2.0,2.0,阿部優哉,600.0,,,,,,,,,,,,,,,,,,,,,,,,,nar,2026-08-22,36.0,35.0,35.0,35.0,35.0,35.0,45.0,履歴少
202655082201,2026-08-22,1,ソウニョウ,4.0,4.0,竹吉徹,55.0,,10.0,9.0,佐賀,スーパーホープフルデ(2歳),,,,,,,,,,,,,,,,,6.7,4.0,,nar,2026-08-22,37.88,35.8,39.1,29.6,40.6,39.5,45.0,履歴少 / サンプル少
202665082201,2026-08-22,1,タカラエビス,5.0,5.0,西将太,600.0,,,,,,,,,,,,,,,,,,,,,,,,,nar,2026-08-22,36.0,35.0,35.0,35.0,35.0,35.0,45.0,履歴少
202665082201,2026-08-22,1,ヒロインリズ,3.0,3.0,村上章,590.0,,,,,,,,,,,,,,,,,,,,,,,,,nar,2026-08-22,36.0,35.0,35.0,35.0,35.0,35.0,45.0,履歴少
202655082201,2026-08-22,1,フクシマロイヤル,9.0,8.0,小松丈二,54.0,,7.0,7.0,佐賀,2歳ー3組,4.0,6.0,佐賀,2歳ー2組,6.0,7.0,佐賀,スーパーホープフルデ(2歳),,,,,,,,,22.4,8.0,,nar,2026-08-22,51.33,62.1,56.5,24.9,38.0,59.5,45.0,履歴少 / 市場オッズ妙味
202655082201,2026-08-22,1,プレアオンリー,8.0,7.0,川島拓,55.0,,8.0,11.0,佐賀,スーパーホープフルデ(2歳),,,佐賀,九州産スーパーホープ(2歳),,,,,,,,,,,,,4.1,2.0,,nar,2026-08-22,40.69,39.3,45.3,29.6,40.6,42.0,45.0,履歴少 / サンプル少
202665082201,2026-08-22,1,ホンマル,1.0,1.0,西謙一,610.0,,,,,,,,,,,,,,,,,,,,,,,,,nar,2026-08-22,36.0,35.0,35.0,35.0,35.0,35.0,45.0,履歴少
202655082201,2026-08-22,1,マナクキニ,7.0,7.0,,,,6.0,9.0,佐賀,2歳ー3組,8.0,6.0,佐賀,スーパーホープフルデ(2歳),,,,,,,,,,,,,,,,nar,2026-08-22,44.25,47.0,48.4,18.0,52.1,46.9,45.0,履歴少 / サンプル少
202655082201,2026-08-22,1,ユトリチャン,3.0,3.0,山下裕貴,54.0,,11.0,8.0,佐賀,スーパーホープフルデ(2歳),,,,,,,,,,,,,,,,,9.4,6.0,,nar,2026-08-22,36.34,34.0,36.0,29.6,40.6,37.3,45.0,履歴少 / サンプル少
202655082201,2026-08-22,1,ラッピングフィルム,6.0,6.0,山田義貴,54.0,,6.0,3.0,佐賀,スーパーホープフルデ(2歳),,,,,,,,,,,,,,,,,2.9,1.0,,nar,2026-08-22,38.8,42.8,36.0,29.6,40.6,37.3,45.0,履歴少 / サンプル少
202655082201,2026-08-22,1,レディボンボン,10.0,8.0,石川慎将,54.0,,9.0,10.0,佐賀,スーパーホープフルデ(2歳),,,,,,,,,,,,,,,,,6.3,3.0,,nar,2026-08-22,39.42,37.6,42.2,29.6,40.6,41.7,45.0,履歴少 / サンプル少
202665082201,2026-08-22,1,ワフラーム,9.0,8.0,長澤幸太,580.0,,,,,,,,,,,,,,,,,,,,,,,,,nar,2026-08-22,36.0,35.0,35.0,35.0,35.0,35.0,45.0,履歴少
202665082202,2026-08-22,2,アアモンドタイガー,8.0,8.0,渡来心路,480.0,,,,,,,,,,,,,,,,,,,,,,,,,nar,2026-08-22,36.0,35.0,35.0,35.0,35.0,35.0,45.0,履歴少
202655082202,2026-08-22,2,アルヒジュル,8.0,7.0,山下裕貴,56.0,,8.0,6.0,佐賀,C1ー14組,10.0,8.0,名古屋,もさ11歳おめでとう(B),8.0,10.0,高知,C2ー8,8.0,6.0,高知,C2ー10,11.0,10.0,高知,C2C3混合,16.1,6.0,,nar,2026-08-22,40.25,37.5,42.3,0.0,57.5,58.6,45.0,履歴少 / 市場オッズ妙味
202665082202,2026-08-22,2,オモチチャン,7.0,7.0,菊池一樹,480.0,,,,,,,,,,,,,,,,,,,,,,,,,nar,2026-08-22,36.0,35.0,35.0,35.0,35.0,35.0,45.0,履歴少
202665082202,2026-08-22,2,コマサンブロッサム,5.0,5.0,臼杵龍美,470.0,,,,,,,,,,,,,,,,,,,,,,,,,nar,2026-08-22,36.0,35.0,35.0,35.0,35.0,35.0,45.0,履歴少
202665082202,2026-08-22,2,ジェイカイン,1.0,1.0,鈴木恵介,500.0,,,,,,,,,,,,,,,,,,,,,,,,,nar,2026-08-22,36.0,35.0,35.0,35.0,35.0,35.0,45.0,履歴少
202665082202,2026-08-22,2,ジェイマット,9.0,8.0,中村太陽,500.0,,,,,,,,,,,,,,,,,,,,,,,,,nar,2026-08-22,36.0,35.0,35.0,35.0,35.0,35.0,45.0,履歴少
202655082202,2026-08-22,2,スマートアクシオン,4.0,4.0,出水拓人,56.0,,4.0,10.0,佐賀,SAGAリベンジャー(C2),4.0,7.0,佐賀,C2ー9組,9.0,2.0,佐賀,C2ー10組,6.0,2.0,佐賀,SAGAリベンジャー(C2),3.0,8.0,佐賀,SAGAリベンジャー(C2),37.2,9.0,,nar,2026-08-22,60.14,66.6,57.9,65.7,59.0,58.2,45.0,履歴少 / 安定感 / 市場オッズ妙味
202665082202,2026-08-22,2,スーパーメジャー,6.0,6.0,中原蓮,500.0,,,,,,,,,,,,,,,,,,,,,,,,,nar,2026-08-22,36.0,35.0,35.0,35.0,35.0,35.0,45.0,履歴少
202665082202,2026-08-22,2,ツナガルキズナ,2.0,2.0,金田利貴,480.0,,,,,,,,,,,,,,,,,,,,,,,,,nar,2026-08-22,36.0,35.0,35.0,35.0,35.0,35.0,45.0,履歴少
202655082202,2026-08-22,2,テイエムファルクス,1.0,1.0,中山蓮王,56.0,,9.0,11.0,佐賀,海の日特選(C2),10.0,7.0,佐賀,しし座特選(C2),4.0,3.0,佐賀,緑風賞(C2),3.0,3.0,佐賀,C2ー3組,1.0,2.0,佐賀,C2ー10組,46.5,10.0,,nar,2026-08-22,47.57,55.5,48.4,44.7,23.0,55.6,45.0,履歴少 / 市場オッズ妙味
202655082202,2026-08-22,2,テクノアップル,7.0,6.0,椿聡太,51.0,,12.0,12.0,佐賀,佐賀ユーススプリント(重賞),4.0,10.0,佐賀,3歳ー2組,6.0,7.0,佐賀,3歳ー3組,12.0,11.0,佐賀,佐賀かささぎスプリン(重賞),10.0,10.0,佐賀,シャイニングスター特(3歳),29.9,7.0,,nar,2026-08-22,44.58,39.1,60.8,24.9,26.0,60.2,45.0,履歴少 / 市場オッズ妙味
202665082202,2026-08-22,2,トップラン,3.0,3.0,村上章,500.0,,,,,,,,,,,,,,,,,,,,,,,,,nar,2026-08-22,36.0,35.0,35.0,35.0,35.0,35.0,45.0,履歴少
202655082202,2026-08-22,2,ニンマリ,6.0,6.0,長田進仁,54.0,,4.0,6.0,佐賀,ヘルクレス座特選(C2),2.0,5.0,佐賀,C2ー4組,4.0,3.0,佐賀,C2ー6組,6.0,2.0,佐賀,C2ー5組,2.0,1.0,佐賀,C2ー8組,9.8,4.0,,nar,2026-08-22,63.66,79.3,53.3,85.4,47.0,59.1,45.0,履歴少 / 安定感
202655082202,2026-08-22,2,ハピネスマインド,2.0,2.0,川島拓,54.0,,1.0,1.0,佐賀,C2ー13組,3.0,3.0,佐賀,C2ー13組,1.0,1.0,佐賀,SAGAリベンジャー(C2),12.0,12.0,船橋,五香特別(C1),10.0,11.0,船橋,春玄鳥スプリント(C1),4.4,2.0,,nar,2026-08-22,64.82,75.7,50.7,75.1,83.0,57.0,45.0,履歴少 / 近走上向き / 安定感
202655082202,2026-08-22,2,ビーガール,5.0,5.0,青海大樹,53.0,,1.0,2.0,佐賀,C2ー16組,2.0,4.0,佐賀,C2ー14組,11.0,7.0,名古屋,B14組,4.0,10.0,名古屋,君枝&翔結婚12周年(B),6.0,8.0,名古屋,祝奥村部長還暦(B),9.9,5.0,,nar,2026-08-22,66.03,74.6,57.7,69.9,78.5,64.3,45.0,履歴少 / 近走上向き / 安定感
202655082202,2026-08-22,2,ピックアップラック,11.0,8.0,山口勲,56.0,,,,佐賀,JRA交流たんぽぽ賞(重賞),3.0,3.0,佐賀,JRA交流ノカイドウ(3歳),5.0,6.0,佐賀,佐賀若駒賞(重賞),2.0,1.0,佐賀,2歳ー2組,6.0,5.0,佐賀,JRA認定カペラ賞(重賞),2.4,1.0,,nar,2026-08-22,59.58,77.6,49.5,59.3,58.0,52.9,45.0,履歴少
202655082202,2026-08-22,2,フェリマール,10.0,8.0,長谷川蓮,54.0,,5.0,9.0,佐賀,海の日特選(C2),11.0,10.0,佐賀,しし座特選(C2),4.0,10.0,佐賀,C2ー3組,5.0,12.0,佐賀,ケンタウルス座特選(C2),11.0,11.0,佐賀,小満特選(C2),33.1,8.0,,nar,2026-08-22,61.66,52.7,72.2,64.7,66.5,66.7,45.0,履歴少 / 人気以上に走る傾向 / 近走上向き / 安定感
202665082202,2026-08-22,2,ホクセイヤマビコ,4.0,4.0,中山直樹,500.0,,,,,,,,,,,,,,,,,,,,,,,,,nar,2026-08-22,36.0,35.0,35.0,35.0,35.0,35.0,45.0,履歴少
202655082202,2026-08-22,2,ムコリッタ,3.0,3.0,飛田愛斗,54.0,,3.0,2.0,佐賀,海の日特選(C2),5.0,3.0,佐賀,しし座特選(C2),1.0,1.0,佐賀,SAGAリベンジャー(C2),6.0,1.0,佐賀,C2ー9組,1.0,1.0,佐賀,1日救急隊長UMAT(C2),4.6,3.0,,nar,2026-08-22,60.31,81.3,39.3,85.4,51.5,51.3,45.0,履歴少 / 安定感
202655082202,2026-08-22,2,リネンフラッシュ,9.0,7.0,田中純,56.0,,6.0,9.0,佐賀,C2ー3組,,,佐賀,夏至賞(C2),9.0,9.0,佐賀,芒種賞(C2),11.0,10.0,佐賀,ケンタウルス座特選(C2),8.0,12.0,佐賀,かに座特選(C2),67.0,11.0,,nar,2026-08-22,47.95,43.7,61.0,0.0,70.0,58.4,45.0,履歴少 / 近走上向き
202665082203,2026-08-22,3,イワキニセイ,4.0,4.0,吉田理人,490.0,,,,,,,,,,,,,,,,,,,,,,,,,nar,2026-08-22,36.0,35.0,35.0,35.0,35.0,35.0,45.0,履歴少
202655082203,2026-08-22,3,ウーバーミッション,2.0,2.0,田中純,54.0,,2.0,2.0,佐賀,C2ー3組,,,佐賀,夏至賞(C2),5.0,6.0,佐賀,C2ー3組,3.0,2.0,佐賀,C2ー4組,2.0,2.0,佐賀,C2ー7組,5.6,3.0,,nar,2026-08-22,64.17,84.1,50.5,75.1,58.0,57.3,45.0,履歴少 / 安定感
202655082203,2026-08-22,3,カイリクイーン,5.0,5.0,飛田愛斗,54.0,,10.0,9.0,佐賀,佐賀ユーススプリント(重賞),3.0,3.0,佐賀,スターマイン特別(3歳),11.0,5.0,佐賀,佐賀かささぎスプリン(重賞),5.0,6.0,佐賀,佐賀城下スプリント(重賞),2.0,3.0,佐賀,ニュースター特別(3歳),4.2,2.0,,nar,2026-08-22,45.17,52.8,41.3,49.8,21.5,52.9,45.0,履歴少
202665082203,2026-08-22,3,キタサカエルイ,7.0,7.0,今井千尋,470.0,,,,,,,,,,,,,,,,,,,,,,,,,nar,2026-08-22,36.0,35.0,35.0,35.0,35.0,35.0,45.0,履歴少
202665082203,2026-08-22,3,キングフォルテ,1.0,1.0,島津新,500.0,,,,,,,,,,,,,,,,,,,,,,,,,nar,2026-08-22,36.0,35.0,35.0,35.0,35.0,35.0,45.0,履歴少
202655082203,2026-08-22,3,グラスヴィガー,11.0,8.0,青海大樹,55.0,,9.0,11.0,佐賀,C2ー8組,12.0,10.0,佐賀,C2ー7組,10.0,11.0,佐賀,C2ー8組,12.0,11.0,佐賀,C2ー7組,11.0,11.0,佐賀,C2ー7組,293.6,11.0,,nar,2026-08-22,38.4,23.3,51.1,0.0,63.5,53.5,45.0,履歴少
202665082203,2026-08-22,3,ケンハヤチ,9.0,8.0,菊池一樹,500.0,,,,,,,,,,,,,,,,,,,,,,,,,nar,2026-08-22,36.0,35.0,35.0,35.0,35.0,35.0,45.0,履歴少
202665082203,2026-08-22,3,ジェイクリス,6.0,6.0,長澤幸太,500.0,,,,,,,,,,,,,,,,,,,,,,,,,nar,2026-08-22,36.0,35.0,35.0,35.0,35.0,35.0,45.0,履歴少
202655082203,2026-08-22,3,スノーサウンド,7.0,6.0,出水拓人,54.0,,10.0,8.0,佐賀,コーラル賞(C1),9.0,3.0,佐賀,AIパッカル賞(C1),11.0,3.0,佐賀,C1ー14組,1.0,1.0,佐賀,C2ー6組,4.0,2.0,佐賀,中京馬主協会来場記念(C2),25.5,7.0,,nar,2026-08-22,34.78,43.9,22.8,24.9,27.5,44.6,45.0,履歴少 / 市場オッズ妙味
202655082203,2026-08-22,3,ディーズミソロジー,10.0,8.0,小松丈二,54.0,,9.0,7.0,佐賀,コーラル賞(C1),5.0,6.0,佐賀,C1ー15組,3.0,7.0,佐賀,芒種賞(C2),6.0,6.0,佐賀,ケンタウルス座特選(C2),1.0,6.0,佐賀,C2ー8組,19.5,6.0,,nar,2026-08-22,54.16,63.6,56.6,55.0,18.5,67.5,45.0,履歴少 / 過小評価傾向 / 市場オッズ妙味
202665082203,2026-08-22,3,ヒロインクロエ,5.0,5.0,西謙一,480.0,,,,,,,,,,,,,,,,,,,,,,,,,nar,2026-08-22,36.0,35.0,35.0,35.0,35.0,35.0,45.0,履歴少
202655082203,2026-08-22,3,ビヨンドザバラード,8.0,7.0,竹吉徹,56.0,,3.0,8.0,佐賀,C2ー8組,8.0,10.0,佐賀,C2ー8組,6.0,8.0,佐賀,C2ー8組,5.0,9.0,佐賀,C2ー8組,5.0,5.0,佐賀,パドックリニューアル(C2),43.3,8.0,,nar,2026-08-22,63.68,65.3,71.0,55.3,68.0,64.8,45.0,履歴少 / 人気以上に走る傾向 / 近走上向き / 市場オッズ妙味
202655082203,2026-08-22,3,ビービーシャルム,1.0,1.0,川島拓,54.0,,7.0,10.0,佐賀,C1ー14組,9.0,10.0,佐賀,C1ー15組,9.0,9.0,佐賀,C1ー15組,9.0,9.0,佐賀,C1ー14組,11.0,8.0,佐賀,KYUSHUDREA(C1),87.1,10.0,,nar,2026-08-22,44.29,39.2,56.0,0.0,65.0,54.1,45.0,履歴少 / 近走上向き
202665082203,2026-08-22,3,フカガワハナビ,8.0,7.0,金田利貴,480.0,,,,,,,,,,,,,,,,,,,,,,,,,nar,2026-08-22,36.0,35.0,35.0,35.0,35.0,35.0,45.0,履歴少
202655082203,2026-08-22,3,フクライキリシマ,9.0,7.0,長谷川蓮,54.0,,4.0,5.0,佐賀,海の日特選(C2),3.0,5.0,佐賀,C2ー3組,6.0,4.0,佐賀,C2ー3組,2.0,4.0,佐賀,C2ー4組,3.0,6.0,佐賀,C2ー6組,11.7,5.0,,nar,2026-08-22,64.31,78.0,57.1,80.2,47.0,64.4,45.0,履歴少 / 安定感
202655082203,2026-08-22,3,フタリセゾン,6.0,6.0,石川慎将,54.0,,2.0,2.0,佐賀,ヘルクレス座特選(C2),4.0,3.0,佐賀,C2ー3組,3.0,1.0,佐賀,C2ー4組,1.0,1.0,佐賀,SAGAリベンジャー(C2),3.0,4.0,佐賀,はたさん来場記念(C2),5.8,4.0,,nar,2026-08-22,66.29,86.8,46.2,100.0,54.5,56.2,45.0,履歴少 / 安定感
202655082203,2026-08-22,3,フューチャーアイ,3.0,3.0,山田義貴,56.0,,3.0,2.0,佐賀,SAGAリベンジャー(C2),3.0,11.0,高知,ファイナルレース(C3),7.0,9.0,高知,C3ー10,5.0,12.0,高知,ファイナルレース(C3),5.0,8.0,高知,C3ー11,2.3,1.0,,nar,2026-08-22,69.17,73.7,73.9,80.2,62.0,65.9,45.0,履歴少 / 人気以上に走る傾向 / 安定感 / 過小評価傾向
202655082203,2026-08-22,3,ベルゲンハート,4.0,4.0,山下裕貴,56.0,,6.0,11.0,佐賀,C1ー14組,7.0,11.0,佐賀,C1ー15組,6.0,10.0,佐賀,C1ー15組,10.0,7.0,佐賀,C1ー14組,4.0,11.0,佐賀,C2ー3組,73.2,9.0,,nar,2026-08-22,54.75,55.0,75.1,10.3,54.5,64.6,45.0,履歴少 / 人気以上に走る傾向
202665082203,2026-08-22,3,マオノクラージュ,2.0,2.0,赤塚健仁,500.0,,,,,,,,,,,,,,,,,,,,,,,,,nar,2026-08-22,36.0,35.0,35.0,35.0,35.0,35.0,45.0,履歴少
202665082203,2026-08-22,3,マルモロングラン,10.0,8.0,村上章,500.0,,,,,,,,,,,,,,,,,,,,,,,,,nar,2026-08-22,36.0,35.0,35.0,35.0,35.0,35.0,45.0,履歴少
202665082203,2026-08-22,3,ライデンファンタジ,3.0,3.0,鈴木恵介,500.0,,,,,,,,,,,,,,,,,,,,,,,,,nar,2026-08-22,36.0,35.0,35.0,35.0,35.0,35.0,45.0,履歴少
202655082204,2026-08-22,4,アイロッソ,5.0,5.0,出水拓人,56.0,,10.0,6.0,佐賀,グリーンアパタイト賞(C1),1.0,9.0,佐賀,C2ー5組,10.0,6.0,佐賀,C2ー6組,9.0,9.0,佐賀,C2ー5組,7.0,5.0,佐賀,C2ー5組,21.5,7.0,,nar,2026-08-22,44.37,49.6,48.5,24.9,30.5,55.0,45.0,履歴少 / 市場オッズ妙味
202655082204,2026-08-22,4,イケノアサチャン,4.0,4.0,飛田愛斗,54.0,,9.0,11.0,佐賀,佐賀ユーススプリント(重賞),4.0,4.0,佐賀,清水の滝特別(3歳),1.0,2.0,佐賀,3歳ー3組,4.0,4.0,佐賀,パッカルくんのおとし(3歳),4.0,3.0,佐賀,スプリングスター特別(3歳),4.3,2.0,,nar,2026-08-22,55.15,68.6,54.9,69.6,15.5,57.5,45.0,履歴少 / 安定感
202655082204,2026-08-22,4,イサチルオアシス,3.0,3.0,山下裕貴,54.0,,7.0,9.0,佐賀,コーラル賞(C1),8.0,5.0,佐賀,ムーンストーン賞(C1),5.0,7.0,佐賀,C1ー14組,4.0,2.0,佐賀,C1ー14組,6.0,3.0,佐賀,KYUSHUDREA(C1),37.2,8.0,,nar,2026-08-22,48.76,57.5,47.6,34.3,42.5,53.7,45.0,履歴少 / 市場オッズ妙味
202655082204,2026-08-22,4,イノセントブレイヴ,2.0,2.0,川島拓,56.0,,11.0,10.0,佐賀,JRA交流サマーカッ(3歳),9.0,11.0,川崎,ラファール賞(3歳),12.0,11.0,浦和,浦和800ラウンド(3歳),9.0,10.0,川崎,3歳5,11.0,10.0,船橋,HEARTBEATD(3歳),167.2,11.0,,nar,2026-08-22,36.44,24.7,50.3,0.0,45.5,53.5,45.0,履歴少
202665082204,2026-08-22,4,イワキソルシエール,9.0,8.0,島津新,490.0,,,,,,,,,,,,,,,,,,,,,,,,,nar,2026-08-22,36.0,35.0,35.0,35.0,35.0,35.0,45.0,履歴少
202655082204,2026-08-22,4,ウインティターニア,9.0,7.0,田中直人,54.0,,1.0,1.0,佐賀,里帰りJC第2戦ウェ(C2),11.0,6.0,名古屋,金シャチ最終戦(C),2.0,6.0,名古屋,C4組,10.0,4.0,名古屋,アジア・アジアパラ応(C),6.0,4.0,名古屋,C5組,4.7,3.0,,nar,2026-08-22,55.41,63.8,39.2,50.2,87.5,50.7,45.0,履歴少 / 近走上向き
202665082204,2026-08-22,4,エスペランサ,2.0,2.0,阿部武臣,490.0,,,,,,,,,,,,,,,,,,,,,,,,,nar,2026-08-22,36.0,35.0,35.0,35.0,35.0,35.0,45.0,履歴少
202655082204,2026-08-22,4,ガトリンテソーロ,6.0,6.0,竹吉徹,56.0,,4.0,3.0,佐賀,コーラル賞(C1),9.0,10.0,佐賀,C1ー13組,8.0,7.0,佐賀,サガデーナイト競馬賞(C1),1.0,1.0,佐賀,C2ー6組,4.0,5.0,佐賀,C2ー6組,9.7,4.0,,nar,2026-08-22,56.02,63.2,49.0,55.3,59.0,59.7,45.0,履歴少
202665082204,2026-08-22,4,キングペガサス,7.0,7.0,大友一馬,510.0,,,,,,,,,,,,,,,,,,,,,,,,,nar,2026-08-22,36.0,35.0,35.0,35.0,35.0,35.0,45.0,履歴少
202655082204,2026-08-22,4,クインズモンブラン,8.0,7.0,長谷川蓮,54.0,,1.0,6.0,名古屋,B9組,6.0,7.0,名古屋,邨松名古屋でも頑張れ(B),6.0,2.0,名古屋,ちひろとはると付き合(B),3.0,3.0,名古屋,新城特別(C),5.0,2.0,名古屋,高浜特別(C),2.2,1.0,,nar,2026-08-22,61.94,76.5,54.7,55.3,74.0,52.7,45.0,履歴少 / 近走上向き
202665082204,2026-08-22,4,ジェイカムイ,10.0,8.0,阿部優哉,510.0,,,,,,,,,,,,,,,,,,,,,,,,,nar,2026-08-22,36.0,35.0,35.0,35.0,35.0,35.0,45.0,履歴少
202655082204,2026-08-22,4,ツクモナイン,11.0,8.0,石川慎将,54.0,,1.0,6.0,佐賀,C2ー6組,11.0,6.0,佐賀,UMATENA賞(C2),5.0,5.0,佐賀,C2ー7組,1.0,5.0,佐賀,C2ー12組,11.0,7.0,佐賀,こだまさん来場記念(C2),15.6,6.0,,nar,2026-08-22,62.3,65.5,53.1,64.7,86.0,61.7,45.0,履歴少 / 近走上向き / 安定感 / 市場オッズ妙味
202655082204,2026-08-22,4,テクノストロベリー,7.0,6.0,山口勲,54.0,,9.0,11.0,佐賀,JRA交流サマーカッ(3歳),8.0,7.0,佐賀,スターマイン特別(3歳),9.0,10.0,佐賀,佐賀皐月賞(重賞),2.0,4.0,佐賀,肥前特別(3歳),7.0,5.0,佐賀,ル・プランタン賞(重賞),14.2,5.0,,nar,2026-08-22,45.68,47.8,54.5,14.6,35.0,62.6,45.0,履歴少 / 市場オッズ妙味
202665082204,2026-08-22,4,ヒメトラルビー,6.0,6.0,西将太,490.0,,,,,,,,,,,,,,,,,,,,,,,,,nar,2026-08-22,36.0,35.0,35.0,35.0,35.0,35.0,45.0,履歴少
202665082204,2026-08-22,4,フクシゲ,1.0,1.0,長澤幸太,510.0,,,,,,,,,,,,,,,,,,,,,,,,,nar,2026-08-22,36.0,35.0,35.0,35.0,35.0,35.0,45.0,履歴少
202665082204,2026-08-22,4,プリンセスエア,3.0,3.0,金田利貴,490.0,,,,,,,,,,,,,,,,,,,,,,,,,nar,2026-08-22,36.0,35.0,35.0,35.0,35.0,35.0,45.0,履歴少
202665082204,2026-08-22,4,ボス,5.0,5.0,鈴木恵介,510.0,,,,,,,,,,,,,,,,,,,,,,,,,nar,2026-08-22,36.0,35.0,35.0,35.0,35.0,35.0,45.0,履歴少
202655082204,2026-08-22,4,メイショウムーヴ,10.0,8.0,椿聡太,51.0,,12.0,12.0,佐賀,コーラル賞(C1),6.0,10.0,佐賀,ムーンストーン賞(C1),11.0,11.0,佐賀,レースフラワー賞(C1),11.0,11.0,佐賀,KYUSHUDREA(C1),9.0,10.0,佐賀,C1ー11組,141.8,10.0,,nar,2026-08-22,38.49,29.2,57.7,0.0,33.5,56.8,45.0,履歴少
202655082204,2026-08-22,4,ユヌブリーズ,1.0,1.0,青海大樹,53.0,,6.0,6.0,佐賀,コーラル賞(C1),4.0,4.0,佐賀,C1ー15組,4.0,1.0,佐賀,芒種賞(C2),4.0,7.0,佐賀,ケンタウルス座特選(C2),6.0,8.0,佐賀,かに座特選(C2),38.8,9.0,,nar,2026-08-22,56.14,69.5,50.4,59.3,41.0,57.6,45.0,履歴少 / 市場オッズ妙味
202665082204,2026-08-22,4,ヨーコ,8.0,7.0,今井千尋,480.0,,,,,,,,,,,,,,,,,,,,,,,,,nar,2026-08-22,36.0,35.0,35.0,35.0,35.0,35.0,45.0,履歴少
202665082204,2026-08-22,4,ワシノオ,4.0,4.0,西謙一,510.0,,,,,,,,,,,,,,,,,,,,,,,,,nar,2026-08-22,36.0,35.0,35.0,35.0,35.0,35.0,45.0,履歴少
202655082205,2026-08-22,5,アイビーイダテン,6.0,6.0,竹吉徹,56.0,,8.0,8.0,佐賀,バーベナ賞(C1),10.0,7.0,佐賀,C1ー12組,7.0,7.0,佐賀,C1ー12組,3.0,9.0,佐賀,KYUSHUDREA(C1),8.0,6.0,佐賀,C1ー11組,22.4,8.0,,nar,2026-08-22,44.65,47.4,49.4,14.6,44.0,56.9,45.0,履歴少 / 市場オッズ妙味
202665082205,2026-08-22,5,アサヒパレス,6.0,6.0,中村太陽,610.0,,,,,,,,,,,,,,,,,,,,,,,,,nar,2026-08-22,36.0,35.0,35.0,35.0,35.0,35.0,45.0,履歴少
202665082205,2026-08-22,5,アショロノチカラ,2.0,2.0,島津新,610.0,,,,,,,,,,,,,,,,,,,,,,,,,nar,2026-08-22,36.0,35.0,35.0,35.0,35.0,35.0,45.0,履歴少
202655082205,2026-08-22,5,アトラーレ,7.0,7.0,飛田愛斗,54.0,,1.0,8.0,佐賀,C2ー5組,11.0,8.0,佐賀,C2ー4組,7.0,6.0,佐賀,C2ー4組,11.0,5.0,佐賀,C2ー4組,8.0,10.0,佐賀,C2ー4組,21.8,7.0,,nar,2026-08-22,55.61,53.1,53.6,30.4,99.5,55.6,45.0,履歴少 / 近走上向き / 市場オッズ妙味
202655082205,2026-08-22,5,アルディオール,4.0,4.0,山下裕貴,56.0,,2.0,3.0,佐賀,C1ー14組,1.0,1.0,佐賀,UMATENA賞(C2),8.0,10.0,名古屋,城下町賞(C),10.0,9.0,名古屋,港特別(C),9.0,6.0,名古屋,桜雲特別(C),2.7,1.0,,nar,2026-08-22,60.08,69.4,51.7,55.3,80.0,53.6,45.0,履歴少 / 近走上向き
202655082205,2026-08-22,5,アロガントシェイム,8.0,8.0,石川慎将,54.0,,7.0,5.0,佐賀,グリーンアパタイト賞(C1),5.0,6.0,佐賀,ムーンストーン賞(C1),4.0,8.0,佐賀,C1ー14組,5.0,5.0,佐賀,C1ー14組,7.0,5.0,佐賀,KYUSHUDREA(C1),19.3,6.0,,nar,2026-08-22,55.19,63.1,51.6,59.3,39.5,62.9,45.0,履歴少 / 市場オッズ妙味
202665082205,2026-08-22,5,イノスケ,9.0,8.0,長澤幸太,610.0,,,,,,,,,,,,,,,,,,,,,,,,,nar,2026-08-22,36.0,35.0,35.0,35.0,35.0,35.0,45.0,履歴少
202655082205,2026-08-22,5,エコロシャイン,2.0,2.0,青海大樹,53.0,,2.0,7.0,佐賀,海の日特選(C2),,,佐賀,夏至賞(C2),6.0,6.0,佐賀,こぐま座特選(C2),2.0,10.0,佐賀,C2ー3組,7.0,7.0,佐賀,C2ー3組,13.0,4.0,,nar,2026-08-22,67.94,78.1,75.1,45.0,68.0,71.5,45.0,履歴少 / 人気以上に走る傾向 / 近走上向き / 過小評価傾向
202665082205,2026-08-22,5,クリスタルアッシュ,3.0,3.0,船山蔵人,590.0,,,,,,,,,,,,,,,,,,,,,,,,,nar,2026-08-22,36.0,35.0,35.0,35.0,35.0,35.0,45.0,履歴少
202655082205,2026-08-22,5,シズリ,9.0,8.0,椿聡太,51.0,,8.0,9.0,佐賀,JRA交流サマーカッ(3歳),5.0,6.0,佐賀,清水の滝特別(3歳),5.0,6.0,佐賀,スターマイン特別(3歳),2.0,5.0,佐賀,鯱の門特別(3歳),2.0,2.0,佐賀,パッカルくんのおとし(3歳),14.6,5.0,,nar,2026-08-22,57.43,66.7,58.3,69.6,23.0,65.3,45.0,履歴少 / 安定感 / 過小評価傾向 / 市場オッズ妙味
202665082205,2026-08-22,5,スターメジャー,8.0,7.0,赤塚健仁,610.0,,,,,,,,,,,,,,,,,,,,,,,,,nar,2026-08-22,36.0,35.0,35.0,35.0,35.0,35.0,45.0,履歴少
202655082205,2026-08-22,5,スラーヴァ,1.0,1.0,出水拓人,56.0,,9.0,3.0,佐賀,バーベナ賞(C1),1.0,1.0,佐賀,C2ー4組,1.0,1.0,佐賀,C2ー11組,13.0,13.0,1福島6,4歳以上1勝クラス,10.0,12.0,1福島1,4歳以上1勝クラス,4.7,3.0,,nar,2026-08-22,47.27,59.1,38.7,44.7,33.5,54.0,45.0,履歴少
202665082205,2026-08-22,5,タマシゲ,10.0,8.0,鈴木恵介,600.0,,,,,,,,,,,,,,,,,,,,,,,,,nar,2026-08-22,36.0,35.0,35.0,35.0,35.0,35.0,45.0,履歴少
202665082205,2026-08-22,5,ハゴロモライルズ,1.0,1.0,西謙一,610.0,,,,,,,,,,,,,,,,,,,,,,,,,nar,2026-08-22,36.0,35.0,35.0,35.0,35.0,35.0,45.0,履歴少
202665082205,2026-08-22,5,パワーシンデレラ,7.0,7.0,今井千尋,580.0,,,,,,,,,,,,,,,,,,,,,,,,,nar,2026-08-22,36.0,35.0,35.0,35.0,35.0,35.0,45.0,履歴少
202665082205,2026-08-22,5,ブラックバカラ,5.0,5.0,西将太,590.0,,,,,,,,,,,,,,,,,,,,,,,,,nar,2026-08-22,36.0,35.0,35.0,35.0,35.0,35.0,45.0,履歴少
202665082205,2026-08-22,5,ホクセイハスゴイ,4.0,4.0,菊池一樹,590.0,,,,,,,,,,,,,,,,,,,,,,,,,nar,2026-08-22,36.0,35.0,35.0,35.0,35.0,35.0,45.0,履歴少
202655082205,2026-08-22,5,ミヤファイター,5.0,5.0,山口勲,54.0,,3.0,2.0,佐賀,コーラル賞(C1),9.0,8.0,高知,C2ー7,7.0,5.0,高知,C2ー8,3.0,5.0,高知,C3ー2,4.0,6.0,高知,C3ー2,2.9,2.0,,nar,2026-08-22,56.17,64.9,46.9,55.3,66.5,54.5,45.0,履歴少 / 近走上向き
202655082205,2026-08-22,5,ライウ,3.0,3.0,川島拓,54.0,,8.0,11.0,佐賀,グリーンアパタイト賞(C1),10.0,9.0,佐賀,レースフラワー賞(C1),7.0,7.0,佐賀,KYUSHUDREA(C1),7.0,3.0,佐賀,C1ー11組,1.0,4.0,佐賀,C2ー4組,39.6,9.0,,nar,2026-08-22,44.7,48.5,52.7,10.3,39.5,56.9,45.0,履歴少 / 市場オッズ妙味
202665082206,2026-08-22,6,ガッツワン,1.0,1.0,大友一馬,610.0,,,,,,,,,,,,,,,,,,,,,,,,,nar,2026-08-22,36.0,35.0,35.0,35.0,35.0,35.0,45.0,履歴少
202665082206,2026-08-22,6,キタサカエシンバ,4.0,4.0,今井千尋,600.0,,,,,,,,,,,,,,,,,,,,,,,,,nar,2026-08-22,36.0,35.0,35.0,35.0,35.0,35.0,45.0,履歴少
202665082206,2026-08-22,6,キタノレンザン,10.0,8.0,中原蓮,610.0,,,,,,,,,,,,,,,,,,,,,,,,,nar,2026-08-22,36.0,35.0,35.0,35.0,35.0,35.0,45.0,履歴少
202655082206,2026-08-22,6,ギャレットルレーヴ,3.0,3.0,長谷川蓮,56.0,,3.0,11.0,佐賀,バーベナ賞(C1),9.0,9.0,佐賀,C1ー12組,6.0,8.0,佐賀,C1ー12組,8.0,6.0,佐賀,C1ー11組,5.0,9.0,佐賀,C1ー11組,39.7,8.0,,nar,2026-08-22,60.94,59.8,70.6,40.7,74.0,64.1,45.0,履歴少 / 人気以上に走る傾向 / 近走上向き / 市場オッズ妙味
202665082206,2026-08-22,6,クリスタルティアラ,7.0,7.0,赤塚健仁,590.0,,,,,,,,,,,,,,,,,,,,,,,,,nar,2026-08-22,36.0,35.0,35.0,35.0,35.0,35.0,45.0,履歴少
202665082206,2026-08-22,6,クリスタルデビル,3.0,3.0,島津新,610.0,,,,,,,,,,,,,,,,,,,,,,,,,nar,2026-08-22,36.0,35.0,35.0,35.0,35.0,35.0,45.0,履歴少
202655082206,2026-08-22,6,グエムル,7.0,6.0,山口勲,56.0,,6.0,7.0,佐賀,C1ー6組,5.0,5.0,佐賀,サガデーナイト競馬賞(C1),5.0,5.0,佐賀,C1ー6組,2.0,8.0,佐賀,長田進仁騎手2000(C1),10.0,8.0,佐賀,KYUSHUDREA(C1),14.1,4.0,,nar,2026-08-22,58.1,64.9,56.8,59.3,47.0,64.5,45.0,履歴少 / 市場オッズ妙味
202655082206,2026-08-22,6,グラフ,2.0,2.0,小松丈二,54.0,,3.0,6.0,佐賀,UMATENA賞(C1),5.0,8.0,佐賀,C1ー7組,6.0,5.0,佐賀,KYUSHUDREA(C1),5.0,7.0,佐賀,C1ー7組,5.0,6.0,佐賀,長田進仁騎手2000(C1),16.1,5.0,,nar,2026-08-22,66.21,71.3,63.0,80.2,63.5,67.0,45.0,履歴少 / 安定感 / 過小評価傾向 / 市場オッズ妙味
202655082206,2026-08-22,6,シュリーデービー,10.0,8.0,川島拓,54.0,,11.0,10.0,佐賀,ポーチュラカ賞(C1),4.0,8.0,佐賀,C1ー12組,10.0,10.0,佐賀,C1ー12組,6.0,4.0,佐賀,C1ー11組,4.0,5.0,佐賀,C1ー11組,40.2,9.0,,nar,2026-08-22,45.25,47.2,53.5,35.3,20.0,57.6,45.0,履歴少 / 市場オッズ妙味
202655082206,2026-08-22,6,ジオパークピリカ,5.0,5.0,出水拓人,54.0,,1.0,3.0,佐賀,ポーチュラカ賞(C1),3.0,5.0,佐賀,C1ー11組,1.0,10.0,佐賀,C2ー4組,8.0,8.0,佐賀,C2ー3組,5.0,11.0,佐賀,C2ー4組,3.6,2.0,,nar,2026-08-22,74.14,84.5,74.5,85.4,69.5,67.8,45.0,履歴少 / 人気以上に走る傾向 / 近走上向き / 安定感
202655082206,2026-08-22,6,ジーティーレイナ,11.0,8.0,椿聡太,51.0,,1.0,2.0,佐賀,バーベナ賞(C1),3.0,1.0,佐賀,C1ー12組,2.0,2.0,佐賀,C1ー15組,1.0,1.0,佐賀,C2ー7組,1.0,1.0,佐賀,C2ー14組,2.0,1.0,,nar,2026-08-22,68.48,94.4,48.6,100.0,54.5,52.3,45.0,履歴少 / 安定感
202655082206,2026-08-22,6,タケノリッチ,9.0,7.0,山下裕貴,54.0,,4.0,3.0,佐賀,UMATENA賞(C1),1.0,3.0,佐賀,C1ー12組,3.0,3.0,佐賀,レースフラワー賞(C1),4.0,3.0,佐賀,C1ー13組,6.0,2.0,佐賀,サガデーナイト競馬賞(C1),6.1,3.0,,nar,2026-08-22,62.94,81.9,47.4,89.7,47.0,55.1,45.0,履歴少 / 安定感
202665082206,2026-08-22,6,ツガルミサキ,6.0,6.0,臼杵龍美,600.0,,,,,,,,,,,,,,,,,,,,,,,,,nar,2026-08-22,36.0,35.0,35.0,35.0,35.0,35.0,45.0,履歴少
202655082206,2026-08-22,6,ティプシーワールド,6.0,6.0,田中直人,54.0,,10.0,9.0,佐賀,ポーチュラカ賞(C1),4.0,6.0,佐賀,C1ー12組,4.0,5.0,佐賀,KYUSHUDREA(C1),6.0,4.0,佐賀,C1ー11組,6.0,7.0,佐賀,C1ー11組,39.4,7.0,,nar,2026-08-22,48.66,57.4,51.4,44.7,20.0,56.9,45.0,履歴少 / 市場オッズ妙味
202655082206,2026-08-22,6,ナムラカメジロー,1.0,1.0,青海大樹,55.0,,7.0,2.0,佐賀,UMATENA賞(C1),2.0,5.0,佐賀,父の日賞(C1),1.0,4.0,佐賀,C1ー14組,1.0,8.0,佐賀,C2ー6組,9.0,10.0,佐賀,C2ー6組,16.3,6.0,,nar,2026-08-22,59.49,76.8,56.6,59.3,27.5,67.7,45.0,履歴少 / 過小評価傾向 / 市場オッズ妙味
202665082206,2026-08-22,6,ピュアリーヒナリ,5.0,5.0,金田利貴,590.0,,,,,,,,,,,,,,,,,,,,,,,,,nar,2026-08-22,36.0,35.0,35.0,35.0,35.0,35.0,45.0,履歴少
202665082206,2026-08-22,6,ブレイブハート,8.0,7.0,菊池一樹,610.0,,,,,,,,,,,,,,,,,,,,,,,,,nar,2026-08-22,36.0,35.0,35.0,35.0,35.0,35.0,45.0,履歴少
202665082206,2026-08-22,6,ホクセイアサノヤマ,2.0,2.0,鈴木恵介,610.0,,,,,,,,,,,,,,,,,,,,,,,,,nar,2026-08-22,36.0,35.0,35.0,35.0,35.0,35.0,45.0,履歴少
202655082206,2026-08-22,6,メイショウケンセイ,4.0,4.0,竹吉徹,56.0,,8.0,12.0,佐賀,ポーチュラカ賞(C1),8.0,8.0,佐賀,C1ー11組,6.0,10.0,佐賀,C1ー11組,5.0,8.0,佐賀,C1ー11組,12.0,12.0,佐賀,C1ー10組,110.8,11.0,,nar,2026-08-22,49.93,47.4,67.1,14.6,48.5,60.6,45.0,履歴少 / 人気以上に走る傾向
202665082206,2026-08-22,6,リアスコトブキ,9.0,8.0,阿部武臣,600.0,,,,,,,,,,,,,,,,,,,,,,,,,nar,2026-08-22,36.0,35.0,35.0,35.0,35.0,35.0,45.0,履歴少
202655082206,2026-08-22,6,ロードレアル,8.0,7.0,長田進仁,56.0,,5.0,8.0,佐賀,グリーンアパタイト賞(C1),4.0,8.0,佐賀,ムーンストーン賞(C1),7.0,10.0,佐賀,レースフラワー賞(C1),8.0,8.0,佐賀,KYUSHUDREA(C1),11.0,3.0,佐賀,サガデーナイト競馬賞(C1),45.4,10.0,,nar,2026-08-22,58.16,58.4,61.7,55.3,65.0,57.6,45.0,履歴少 / 近走上向き / 市場オッズ妙味
202665082207,2026-08-22,7,イワキオーカン,7.0,7.0,金田利貴,620.0,,,,,,,,,,,,,,,,,,,,,,,,,nar,2026-08-22,36.0,35.0,35.0,35.0,35.0,35.0,45.0,履歴少
202665082207,2026-08-22,7,イワキクロヒョウ,2.0,2.0,村上章,620.0,,,,,,,,,,,,,,,,,,,,,,,,,nar,2026-08-22,36.0,35.0,35.0,35.0,35.0,35.0,45.0,履歴少
202655082207,2026-08-22,7,ガルヴァナイズ,2.0,2.0,出水拓人,55.0,,10.0,5.0,佐賀,オーシャン賞,6.0,5.0,佐賀,吉野ヶ里記念(重賞),7.0,1.0,佐賀,宝満山賞,1.0,2.0,佐賀,アイスクリームの日賞,1.0,5.0,佐賀,発明の日賞,13.9,5.0,,nar,2026-08-22,41.32,58.7,33.2,24.9,12.5,56.7,45.0,履歴少 / 市場オッズ妙味
202655082207,2026-08-22,7,コスモルージュ,10.0,8.0,飛田愛斗,55.0,,7.0,5.0,名古屋,湾岸渚特別(A),9.0,10.0,名古屋,名古屋CCネプチュー(A),10.0,8.0,名古屋,皐月疾風特別(A),10.0,8.0,名古屋,ポートメテオ特別(A),2.0,5.0,名古屋,若紫特別(A),5.9,2.0,,nar,2026-08-22,43.21,43.9,44.9,10.3,54.5,56.3,45.0,履歴少
202665082207,2026-08-22,7,サカノキンショウ,8.0,7.0,船山蔵人,620.0,,,,,,,,,,,,,,,,,,,,,,,,,nar,2026-08-22,36.0,35.0,35.0,35.0,35.0,35.0,45.0,履歴少
202665082207,2026-08-22,7,シブカツエース,10.0,8.0,中原蓮,620.0,,,,,,,,,,,,,,,,,,,,,,,,,nar,2026-08-22,36.0,35.0,35.0,35.0,35.0,35.0,45.0,履歴少
202665082207,2026-08-22,7,ツガルタカラフジ,1.0,1.0,今井千尋,600.0,,,,,,,,,,,,,,,,,,,,,,,,,nar,2026-08-22,36.0,35.0,35.0,35.0,35.0,35.0,45.0,履歴少
202665082207,2026-08-22,7,トカチリキ,5.0,5.0,西将太,620.0,,,,,,,,,,,,,,,,,,,,,,,,,nar,2026-08-22,36.0,35.0,35.0,35.0,35.0,35.0,45.0,履歴少
202665082207,2026-08-22,7,トップギヤ,3.0,3.0,長澤幸太,620.0,,,,,,,,,,,,,,,,,,,,,,,,,nar,2026-08-22,36.0,35.0,35.0,35.0,35.0,35.0,45.0,履歴少
202665082207,2026-08-22,7,トップトレジャー,6.0,6.0,臼杵龍美,600.0,,,,,,,,,,,,,,,,,,,,,,,,,nar,2026-08-22,36.0,35.0,35.0,35.0,35.0,35.0,45.0,履歴少
202655082207,2026-08-22,7,トリオンファーレ,8.0,7.0,椿聡太,52.0,,4.0,8.0,佐賀,オーシャン賞,,,佐賀,モントブレチア賞,6.0,5.0,佐賀,ペンステモン賞,5.0,5.0,佐賀,宝満山賞,2.0,8.0,佐賀,アイスクリームの日賞,16.8,6.0,,nar,2026-08-22,63.03,72.4,65.3,55.3,52.0,69.3,45.0,履歴少 / 人気以上に走る傾向 / 過小評価傾向 / 市場オッズ妙味
202665082207,2026-08-22,7,ナカサンブライアン,4.0,4.0,西謙一,620.0,,,,,,,,,,,,,,,,,,,,,,,,,nar,2026-08-22,36.0,35.0,35.0,35.0,35.0,35.0,45.0,履歴少
202655082207,2026-08-22,7,ビレッジシングル,7.0,7.0,田中純,55.0,,5.0,7.0,佐賀,オーシャン賞,,,佐賀,モントブレチア賞,4.0,7.0,佐賀,ペンステモン賞,8.0,6.0,佐賀,佐賀スプリングダッシ,6.0,7.0,佐賀,アイスクリームの日賞,13.6,4.0,,nar,2026-08-22,58.53,64.3,59.4,50.2,56.0,64.4,45.0,履歴少 / 市場オッズ妙味
202655082207,2026-08-22,7,ファルコンビーク,9.0,8.0,山下裕貴,56.0,,7.0,9.0,佐賀,オーシャン賞,10.0,10.0,佐賀,吉野ヶ里記念(重賞),7.0,8.0,佐賀,ペンステモン賞,8.0,8.0,佐賀,宝満山賞,12.0,12.0,佐賀,佐賀スプリングC(重賞),63.4,10.0,,nar,2026-08-22,44.64,40.7,55.6,0.0,63.5,55.5,45.0,履歴少
202655082207,2026-08-22,7,フクノブルジュ,1.0,1.0,川島拓,55.0,,3.0,4.0,佐賀,オーシャン賞,4.0,6.0,佐賀,SAGAリベンジャー(A2),3.0,4.0,佐賀,ペンステモン賞,3.0,7.0,佐賀,宝満山賞,4.0,6.0,佐賀,アイスクリームの日賞,8.8,3.0,,nar,2026-08-22,69.8,81.2,62.5,100.0,53.0,65.8,45.0,履歴少 / 安定感 / 過小評価傾向
202665082207,2026-08-22,7,マゴ,9.0,8.0,赤塚健仁,610.0,,,,,,,,,,,,,,,,,,,,,,,,,nar,2026-08-22,36.0,35.0,35.0,35.0,35.0,35.0,45.0,履歴少
202655082207,2026-08-22,7,ミフネ,4.0,4.0,石川慎将,55.0,,9.0,10.0,佐賀,オーシャン賞,9.0,9.0,佐賀,吉野ヶ里記念(重賞),8.0,8.0,佐賀,FUJI4周年記念レ(A2),7.0,7.0,佐賀,フクシア賞(A2),9.0,9.0,佐賀,サガデーナイト競馬賞(A2),61.8,9.0,,nar,2026-08-22,41.23,39.9,52.1,0.0,45.5,54.1,45.0,履歴少
202655082207,2026-08-22,7,ミュステーリオン,3.0,3.0,青海大樹,52.0,,4.0,4.0,佐賀,佐賀スプリングダッシ,8.0,5.0,佐賀,サガデーナイト競馬賞(A2),6.0,6.0,佐賀,発明の日賞,11.0,11.0,船橋,桜梅桃李賞(B2),6.0,11.0,川崎,湘南オリーブオイル杯(B2),28.8,7.0,,nar,2026-08-22,51.93,55.0,48.4,30.4,72.5,57.6,45.0,履歴少 / 近走上向き / 市場オッズ妙味
202655082207,2026-08-22,7,ラディアントホース,6.0,6.0,山田義貴,53.0,,1.0,1.0,佐賀,ロベリア賞(A2),1.0,1.0,佐賀,トケイソウ賞,3.0,2.0,佐賀,FUJI4周年記念レ(A2),1.0,1.0,佐賀,青葉特別(B),1.0,2.0,佐賀,卯月特別(B),1.5,1.0,,nar,2026-08-22,69.06,96.8,49.3,100.0,53.0,51.7,45.0,履歴少 / 安定感
202655082207,2026-08-22,7,ヴィクラント,5.0,5.0,竹吉徹,56.0,,6.0,10.0,佐賀,遠賀川賞(A1),,,佐賀,モントブレチア賞,9.0,8.0,佐賀,大分川賞(A1),7.0,8.0,佐賀,佐賀スプリングダッシ,5.0,5.0,佐賀,錦江湾特別,47.5,8.0,,nar,2026-08-22,50.31,53.2,60.9,10.3,56.0,59.5,45.0,履歴少 / 市場オッズ妙味
202655082208,2026-08-22,8,アイアムルンルン,11.0,8.0,青海大樹,53.0,,9.0,8.0,佐賀,カーネリアン賞(C1),9.0,8.0,佐賀,サンスベリア賞(C1),8.0,6.0,佐賀,C1ー4組,11.0,6.0,佐賀,C1ー4組,4.0,5.0,佐賀,いちごの日いちごさん(C1),58.6,7.0,,nar,2026-08-22,38.16,39.4,39.0,10.3,44.0,48.3,45.0,履歴少
202665082208,2026-08-22,8,インテグラル,6.0,6.0,阿部武臣,520.0,,,,,,,,,,,,,,,,,,,,,,,,,nar,2026-08-22,36.0,35.0,35.0,35.0,35.0,35.0,45.0,履歴少
202665082208,2026-08-22,8,エイコウキング,8.0,7.0,菊池一樹,520.0,,,,,,,,,,,,,,,,,,,,,,,,,nar,2026-08-22,36.0,35.0,35.0,35.0,35.0,35.0,45.0,履歴少
202655082208,2026-08-22,8,カンカール,5.0,5.0,飛田愛斗,54.0,,1.0,1.0,佐賀,KYUSHUDREA(C1),1.0,1.0,佐賀,しし座特選(C2),1.0,1.0,佐賀,こぐま座特選(C2),1.0,1.0,佐賀,ケンタウルス座特選(C2),1.0,1.0,佐賀,SAGAリベンジャー(C2),1.2,1.0,,nar,2026-08-22,69.61,100.0,50.0,100.0,50.0,50.8,45.0,履歴少 / 安定感
202665082208,2026-08-22,8,クラウンワン,5.0,5.0,鈴木恵介,520.0,,,,,,,,,,,,,,,,,,,,,,,,,nar,2026-08-22,36.0,35.0,35.0,35.0,35.0,35.0,45.0,履歴少
202665082208,2026-08-22,8,クリスタルオリオン,2.0,2.0,西謙一,520.0,,,,,,,,,,,,,,,,,,,,,,,,,nar,2026-08-22,36.0,35.0,35.0,35.0,35.0,35.0,45.0,履歴少
202655082208,2026-08-22,8,クリノマイスター,2.0,2.0,山田義貴,56.0,,6.0,10.0,佐賀,KYUSHUDREA(C1),,,佐賀,マラカイト賞(C1),5.0,4.0,佐賀,C1ー11組,4.0,3.0,佐賀,C1ー11組,6.0,4.0,佐賀,C1ー10組,64.4,8.0,,nar,2026-08-22,53.14,65.2,56.2,34.3,44.0,53.5,45.0,履歴少
202655082208,2026-08-22,8,サヨノフジ,7.0,6.0,出水拓人,56.0,,12.0,6.0,佐賀,KYUSHUDREA(C1),,,佐賀,マラカイト賞(C1),6.0,6.0,佐賀,C1ー10組,2.0,2.0,佐賀,C1ー11組,1.0,1.0,佐賀,C2ー3組,31.2,4.0,,nar,2026-08-22,37.25,52.3,33.0,24.9,0.0,51.4,45.0,履歴少 / 市場オッズ妙味
202665082208,2026-08-22,8,ジェイノダイジン,7.0,7.0,阿部優哉,520.0,,,,,,,,,,,,,,,,,,,,,,,,,nar,2026-08-22,36.0,35.0,35.0,35.0,35.0,35.0,45.0,履歴少
202655082208,2026-08-22,8,ツィードリヴァ,10.0,8.0,山口勲,56.0,,10.0,1.0,佐賀,フリージア賞(C1),1.0,2.0,佐賀,C1ー7組,1.0,4.0,佐賀,丸福水産杯(C1),9.0,5.0,佐賀,佐賀ユースC(重賞),2.0,1.0,佐賀,肥前特別(3歳),6.9,2.0,,nar,2026-08-22,46.17,68.0,31.9,55.0,9.5,51.7,45.0,履歴少
202665082208,2026-08-22,8,ツカサエンゼル,4.0,4.0,大友一馬,500.0,,,,,,,,,,,,,,,,,,,,,,,,,nar,2026-08-22,36.0,35.0,35.0,35.0,35.0,35.0,45.0,履歴少
202665082208,2026-08-22,8,ツガルユリ,9.0,8.0,中原蓮,500.0,,,,,,,,,,,,,,,,,,,,,,,,,nar,2026-08-22,36.0,35.0,35.0,35.0,35.0,35.0,45.0,履歴少
202655082208,2026-08-22,8,ドゥエルセーラ,8.0,7.0,長谷川蓮,56.0,,11.0,10.0,佐賀,カーネリアン賞(C1),5.0,6.0,佐賀,サンスベリア賞(C1),3.0,8.0,佐賀,UMATENA桜衣か(C1),9.0,10.0,佐賀,C1ー5組,6.0,10.0,佐賀,おっちゃんの山記念(C1),77.8,9.0,,nar,2026-08-22,49.29,51.1,60.4,44.7,18.5,60.0,45.0,履歴少
202665082208,2026-08-22,8,ニシオギオリジン,10.0,8.0,渡来心路,520.0,,,,,,,,,,,,,,,,,,,,,,,,,nar,2026-08-22,36.0,35.0,35.0,35.0,35.0,35.0,45.0,履歴少
202665082208,2026-08-22,8,ハマカムイ,3.0,3.0,島津新,520.0,,,,,,,,,,,,,,,,,,,,,,,,,nar,2026-08-22,36.0,35.0,35.0,35.0,35.0,35.0,45.0,履歴少
202655082208,2026-08-22,8,フェルカド,6.0,6.0,長田進仁,56.0,,7.0,12.0,佐賀,KYUSHUDREA(C1),,,佐賀,マラカイト賞(C1),7.0,10.0,佐賀,C1ー10組,9.0,8.0,佐賀,C1ー9組,7.0,7.0,佐賀,C1ー9組,168.0,11.0,,nar,2026-08-22,49.36,48.9,68.3,0.0,54.0,59.2,45.0,履歴少 / 人気以上に走る傾向
202665082208,2026-08-22,8,マンノチカラ,1.0,1.0,長澤幸太,520.0,,,,,,,,,,,,,,,,,,,,,,,,,nar,2026-08-22,36.0,35.0,35.0,35.0,35.0,35.0,45.0,履歴少
202655082208,2026-08-22,8,マーシャン,1.0,1.0,田中直人,56.0,,5.0,11.0,佐賀,KYUSHUDREA(C1),,,佐賀,マラカイト賞(C1),4.0,6.0,佐賀,C1ー11組,6.0,6.0,佐賀,C1ー10組,4.0,9.0,佐賀,C1ー10組,83.4,10.0,,nar,2026-08-22,64.11,69.7,75.5,60.5,48.0,64.1,45.0,履歴少 / 人気以上に走る傾向 / 安定感
202655082208,2026-08-22,8,ミナミジュウジセイ,9.0,7.0,椿聡太,53.0,,8.0,4.0,佐賀,UMATENA有村の(C1),3.0,5.0,佐賀,C1ー6組,6.0,6.0,佐賀,サガデーナイト競馬賞(C1),8.0,4.0,佐賀,C1ー5組,3.0,6.0,佐賀,パドックリニューアル(C1),40.7,5.0,,nar,2026-08-22,47.67,61.3,43.1,35.3,32.0,54.3,45.0,履歴少 / 市場オッズ妙味
202655082208,2026-08-22,8,リーフアクアリウム,4.0,4.0,川島拓,56.0,,2.0,5.0,佐賀,UMATENA賞(C1),9.0,3.0,佐賀,C1ー7組,1.0,5.0,佐賀,レースフラワー賞(C1),3.0,9.0,佐賀,C1ー13組,12.0,4.0,佐賀,サガデーナイト競馬賞(C1),8.9,3.0,,nar,2026-08-22,61.62,70.2,51.8,64.7,75.5,58.7,45.0,履歴少 / 近走上向き / 安定感
202655082208,2026-08-22,8,ロイヤルデバイサー,3.0,3.0,竹吉徹,56.0,,5.0,9.0,佐賀,UMATENA有村の(C1),6.0,4.0,佐賀,サンスベリア賞(C1),5.0,5.0,佐賀,UMATENA桜衣か(C1),6.0,8.0,佐賀,C1ー5組,8.0,8.0,佐賀,C1ー4組,55.5,6.0,,nar,2026-08-22,56.43,62.4,57.1,50.2,57.5,56.1,45.0,履歴少
202655082209,2026-08-22,9,アイズオンミー,9.0,7.0,出水拓人,54.0,,10.0,7.0,佐賀,ヘルクレス座特選(C2),11.0,9.0,佐賀,C2ー4組,11.0,6.0,佐賀,C2ー5組,11.0,7.0,佐賀,ラークスパ―賞(C1),7.0,8.0,佐賀,いい夫婦の日賞(C1),54.2,10.0,,nar,2026-08-22,31.18,25.7,29.9,0.0,50.0,45.0,45.0,履歴少
202665082209,2026-08-22,9,アカネリュウ,3.0,3.0,鈴木恵介,630.0,,,,,,,,,,,,,,,,,,,,,,,,,nar,2026-08-22,36.0,35.0,35.0,35.0,35.0,35.0,45.0,履歴少
202665082209,2026-08-22,9,カイセキングオー,8.0,7.0,阿部武臣,630.0,,,,,,,,,,,,,,,,,,,,,,,,,nar,2026-08-22,36.0,35.0,35.0,35.0,35.0,35.0,45.0,履歴少
202665082209,2026-08-22,9,カワノデッカー,7.0,7.0,中原蓮,630.0,,,,,,,,,,,,,,,,,,,,,,,,,nar,2026-08-22,36.0,35.0,35.0,35.0,35.0,35.0,45.0,履歴少
202665082209,2026-08-22,9,キタノバンリュウ,2.0,2.0,吉田理人,620.0,,,,,,,,,,,,,,,,,,,,,,,,,nar,2026-08-22,36.0,35.0,35.0,35.0,35.0,35.0,45.0,履歴少
202665082209,2026-08-22,9,クロカゲパワー,6.0,6.0,中村太陽,630.0,,,,,,,,,,,,,,,,,,,,,,,,,nar,2026-08-22,36.0,35.0,35.0,35.0,35.0,35.0,45.0,履歴少
202655082209,2026-08-22,9,シノノメ,6.0,6.0,椿聡太,51.0,,1.0,2.0,笠松,ももこちゃん四捨五入(C),8.0,4.0,笠松,喜寿おめでとう!山本(C),4.0,2.0,笠松,東ファミリーメモリア(C),5.0,2.0,笠松,C5組,4.0,5.0,笠松,SKE48太田彩夏の(C),4.6,4.0,,nar,2026-08-22,60.21,74.2,40.0,75.1,75.5,51.9,45.0,履歴少 / 近走上向き / 安定感
202655082209,2026-08-22,9,ティアン,7.0,6.0,中山蓮王,54.0,,8.0,11.0,佐賀,C2ー4組,9.0,12.0,佐賀,C2ー3組,11.0,12.0,佐賀,C2ー3組,9.0,9.0,佐賀,C2ー3組,8.0,6.0,佐賀,C2ー3組,113.6,11.0,,nar,2026-08-22,44.23,36.1,61.6,0.0,57.5,56.8,45.0,履歴少
202665082209,2026-08-22,9,デッカクナーレ,1.0,1.0,松本秀克,630.0,,,,,,,,,,,,,,,,,,,,,,,,,nar,2026-08-22,36.0,35.0,35.0,35.0,35.0,35.0,45.0,履歴少
202655082209,2026-08-22,9,デリングシチー,11.0,8.0,小松丈二,56.0,,10.0,9.0,佐賀,C1ー14組,10.0,7.0,佐賀,C1ー15組,8.0,10.0,佐賀,C1ー14組,10.0,10.0,佐賀,KYUSHUDREA(C1),7.0,5.0,佐賀,C1ー13組,44.1,9.0,,nar,2026-08-22,37.09,33.6,44.0,0.0,42.5,53.7,45.0,履歴少 / 市場オッズ妙味
202665082209,2026-08-22,9,パワーハンター,5.0,5.0,金田利貴,630.0,,,,,,,,,,,,,,,,,,,,,,,,,nar,2026-08-22,36.0,35.0,35.0,35.0,35.0,35.0,45.0,履歴少
202655082209,2026-08-22,9,ヒナノマーチス,8.0,7.0,長田進仁,56.0,,10.0,7.0,佐賀,KYUSHUDREA(C1),1.0,8.0,笠松,B3組,9.0,5.0,笠松,B3組,8.0,9.0,笠松,金華山特別(B),1.0,6.0,笠松,B6組,10.8,5.0,,nar,2026-08-22,49.14,57.3,54.9,35.3,18.5,64.0,45.0,履歴少
202655082209,2026-08-22,9,プロデッツァ,10.0,8.0,長谷川蓮,56.0,,9.0,8.0,佐賀,ヘルクレス座特選(C2),8.0,12.0,佐賀,しし座特選(C2),1.0,7.0,佐賀,C2ー10組,9.0,10.0,佐賀,SAGAリベンジャー(C2),7.0,9.0,佐賀,SAGAリベンジャー(C2),20.1,7.0,,nar,2026-08-22,50.25,52.3,65.6,19.8,33.5,64.1,45.0,履歴少 / 人気以上に走る傾向 / 市場オッズ妙味
202655082209,2026-08-22,9,ヘキレキイッセン,5.0,5.0,田中直人,56.0,,5.0,3.0,佐賀,C2ー4組,5.0,7.0,佐賀,C2ー4組,6.0,4.0,佐賀,C2ー4組,4.0,1.0,佐賀,C2ー4組,1.0,1.0,佐賀,SAGAリベンジャー(C2),18.9,6.0,,nar,2026-08-22,57.94,70.9,43.4,80.2,44.0,59.0,45.0,履歴少 / 安定感 / 市場オッズ妙味
202665082209,2026-08-22,9,ホクショウハヤテ,9.0,8.0,阿部優哉,630.0,,,,,,,,,,,,,,,,,,,,,,,,,nar,2026-08-22,36.0,35.0,35.0,35.0,35.0,35.0,45.0,履歴少
202655082209,2026-08-22,9,マテラブルース,2.0,2.0,山田義貴,54.0,,2.0,3.0,佐賀,3歳ー3組,9.0,9.0,佐賀,3歳ー2組,7.0,8.0,佐賀,3歳ー3組,7.0,8.0,佐賀,パッカルくんのおとし(3歳),9.0,9.0,佐賀,パッカルくんのおとし(3歳),4.6,2.0,,nar,2026-08-22,56.12,58.5,54.5,30.4,86.0,58.4,45.0,履歴少 / 近走上向き
202655082209,2026-08-22,9,マリアブーケ,1.0,1.0,飛田愛斗,54.0,,1.0,1.0,佐賀,ヘルクレス座特選(C2),7.0,8.0,佐賀,しし座特選(C2),3.0,5.0,佐賀,C2ー3組,5.0,2.0,佐賀,C2ー3組,2.0,4.0,佐賀,C2ー6組,3.3,1.0,,nar,2026-08-22,64.66,79.4,52.9,75.1,69.5,56.4,45.0,履歴少 / 近走上向き / 安定感
202655082209,2026-08-22,9,マロ,4.0,4.0,石川慎将,56.0,,3.0,2.0,佐賀,SAGAリベンジャー(3歳),4.0,3.0,佐賀,SAGAリベンジャー(3歳),9.0,5.0,佐賀,SAGAリベンジャー(3歳),15.0,6.0,1福島5,3歳未勝利,15.0,5.0,2阪神1,3歳未勝利,4.6,3.0,,nar,2026-08-22,48.6,51.6,24.2,55.3,96.5,40.2,45.0,履歴少 / 近走上向き
202665082209,2026-08-22,9,ミントエース,4.0,4.0,西将太,630.0,,,,,,,,,,,,,,,,,,,,,,,,,nar,2026-08-22,36.0,35.0,35.0,35.0,35.0,35.0,45.0,履歴少
202665082209,2026-08-22,9,ユウマサイコー,10.0,8.0,大友一馬,610.0,,,,,,,,,,,,,,,,,,,,,,,,,nar,2026-08-22,36.0,35.0,35.0,35.0,35.0,35.0,45.0,履歴少
202655082209,2026-08-22,9,レイズショコラ,3.0,3.0,山口勲,54.0,,10.0,9.0,佐賀,バーベナ賞(C1),6.0,6.0,佐賀,C1ー11組,11.0,8.0,佐賀,C1ー11組,11.0,10.0,佐賀,C1ー10組,11.0,10.0,佐賀,C1ー10組,20.4,8.0,,nar,2026-08-22,36.8,32.4,42.0,0.0,48.5,52.4,45.0,履歴少 / 市場オッズ妙味
202665082210,2026-08-22,10,アソワールド,5.0,5.0,西将太,650.0,,,,,,,,,,,,,,,,,,,,,,,,,nar,2026-08-22,36.0,35.0,35.0,35.0,35.0,35.0,45.0,履歴少
202655082210,2026-08-22,10,アデリーヌ,9.0,8.0,小松丈二,54.0,,7.0,1.0,佐賀,C2ー5組,1.0,2.0,佐賀,C2ー9組,2.0,2.0,佐賀,C2ー13組,10.0,10.0,名古屋,スピカ賞(B),10.0,12.0,名古屋,ベガ特別(B),12.6,5.0,,nar,2026-08-22,51.35,65.9,40.4,44.7,42.5,58.8,45.0,履歴少 / 市場オッズ妙味
202655082210,2026-08-22,10,アンティジャミーラ,6.0,6.0,山口勲,54.0,,1.0,1.0,佐賀,緑風賞(C2),4.0,4.0,佐賀,小満特選(C2),4.0,3.0,佐賀,C2ー4組,10.0,2.0,佐賀,C2ー4組,2.0,4.0,佐賀,SAGAジョッキーズ(C2),6.3,2.0,,nar,2026-08-22,62.97,77.9,41.9,85.4,74.0,53.3,45.0,履歴少 / 近走上向き / 安定感
202665082210,2026-08-22,10,イナノホマレ,7.0,7.0,中山直樹,620.0,,,,,,,,,,,,,,,,,,,,,,,,,nar,2026-08-22,36.0,35.0,35.0,35.0,35.0,35.0,45.0,履歴少
202665082210,2026-08-22,10,イワキブラボー,3.0,3.0,菊池一樹,640.0,,,,,,,,,,,,,,,,,,,,,,,,,nar,2026-08-22,36.0,35.0,35.0,35.0,35.0,35.0,45.0,履歴少
202655082210,2026-08-22,10,オグリマックイーン,3.0,3.0,長田進仁,56.0,,4.0,5.0,佐賀,バーベナ賞(C1),3.0,7.0,佐賀,ムーンストーン賞(C1),8.0,5.0,佐賀,C1ー14組,6.0,6.0,佐賀,C1ー13組,4.0,10.0,佐賀,サガデーナイト競馬賞(C1),20.6,6.0,,nar,2026-08-22,61.53,69.3,59.3,65.7,57.5,61.5,45.0,履歴少 / 安定感 / 市場オッズ妙味
202665082210,2026-08-22,10,キタノミネ,8.0,7.0,中原蓮,650.0,,,,,,,,,,,,,,,,,,,,,,,,,nar,2026-08-22,36.0,35.0,35.0,35.0,35.0,35.0,45.0,履歴少
202665082210,2026-08-22,10,グランドスターダム,9.0,8.0,島津新,640.0,,,,,,,,,,,,,,,,,,,,,,,,,nar,2026-08-22,36.0,35.0,35.0,35.0,35.0,35.0,45.0,履歴少
202665082210,2026-08-22,10,コウシュハハリアー,6.0,6.0,鈴木恵介,650.0,,,,,,,,,,,,,,,,,,,,,,,,,nar,2026-08-22,36.0,35.0,35.0,35.0,35.0,35.0,45.0,履歴少
202655082210,2026-08-22,10,シャクイワナ,4.0,4.0,竹吉徹,56.0,,4.0,7.0,佐賀,グリーンアパタイト賞(C1),7.0,6.0,佐賀,C1ー12組,6.0,7.0,佐賀,レースフラワー賞(C1),5.0,4.0,佐賀,KYUSHUDREA(C1),5.0,9.0,佐賀,サガデーナイト競馬賞(C1),22.3,7.0,,nar,2026-08-22,58.88,64.9,57.9,55.3,60.5,60.2,45.0,履歴少 / 市場オッズ妙味
202665082210,2026-08-22,10,シンエイファイト,4.0,4.0,赤塚健仁,620.0,,,,,,,,,,,,,,,,,,,,,,,,,nar,2026-08-22,36.0,35.0,35.0,35.0,35.0,35.0,45.0,履歴少
202655082210,2026-08-22,10,シンゼンマルノスケ,1.0,1.0,飛田愛斗,56.0,,1.0,1.0,佐賀,C2ー3組,3.0,3.0,佐賀,C2ー4組,2.0,1.0,佐賀,C2ー7組,3.0,3.0,佐賀,C2ー8組,4.0,3.0,佐賀,C2ー9組,7.6,3.0,,nar,2026-08-22,68.55,89.6,47.9,100.0,62.0,57.3,45.0,履歴少 / 安定感
202655082210,2026-08-22,10,ジーティーノーブル,8.0,8.0,長谷川蓮,54.0,,2.0,4.0,佐賀,コーラル賞(C1),3.0,2.0,佐賀,C1ー15組,5.0,6.0,佐賀,C1ー15組,6.0,3.0,佐賀,C1ー14組,5.0,6.0,佐賀,かに座特選(C2),7.7,4.0,,nar,2026-08-22,65.19,78.1,51.6,85.4,66.5,58.7,45.0,履歴少 / 近走上向き / 安定感
202655082210,2026-08-22,10,トルティーナ,7.0,7.0,石川慎将,54.0,,1.0,1.0,佐賀,C2ー3組,10.0,13.0,1新潟5,4歳以上1勝クラス,14.0,12.0,1東京6,4歳以上1勝クラス,1.0,2.0,佐賀,C2ー9組,1.0,2.0,佐賀,C2ー17組,1.6,1.0,,nar,2026-08-22,59.11,62.3,54.2,55.3,83.0,54.0,45.0,履歴少 / 近走上向き
202665082210,2026-08-22,10,フクノエル,1.0,1.0,船山蔵人,640.0,,,,,,,,,,,,,,,,,,,,,,,,,nar,2026-08-22,36.0,35.0,35.0,35.0,35.0,35.0,45.0,履歴少
202655082210,2026-08-22,10,ホイッスルベイト,5.0,5.0,田中直人,54.0,,3.0,8.0,佐賀,C2ー6組,10.0,6.0,佐賀,C2ー5組,6.0,5.0,佐賀,C2ー6組,5.0,3.0,佐賀,C2ー6組,6.0,5.0,佐賀,C2ー6組,66.8,8.0,,nar,2026-08-22,54.63,60.5,49.5,45.0,72.5,51.5,45.0,履歴少 / 近走上向き
202665082210,2026-08-22,10,ホクセイポルシェ,2.0,2.0,大友一馬,640.0,,,,,,,,,,,,,,,,,,,,,,,,,nar,2026-08-22,36.0,35.0,35.0,35.0,35.0,35.0,45.0,履歴少
202665082210,2026-08-22,10,ミヤビウルフ,10.0,8.0,中村太陽,650.0,,,,,,,,,,,,,,,,,,,,,,,,,nar,2026-08-22,36.0,35.0,35.0,35.0,35.0,35.0,45.0,履歴少
202655082210,2026-08-22,10,モスコビウム,2.0,2.0,青海大樹,55.0,,5.0,10.0,佐賀,バーベナ賞(C1),9.0,10.0,佐賀,C1ー11組,9.0,9.0,佐賀,C1ー11組,9.0,10.0,佐賀,C1ー11組,9.0,11.0,佐賀,C1ー10組,129.0,9.0,,nar,2026-08-22,53.7,45.7,64.9,30.4,74.0,59.4,45.0,履歴少 / 近走上向き
202665082211,2026-08-22,11,アヤノダイマオー,3.0,3.0,大友一馬,700.0,,,,,,,,,,,,,,,,,,,,,,,,,nar,2026-08-22,36.0,35.0,35.0,35.0,35.0,35.0,45.0,履歴少
202665082211,2026-08-22,11,クリスタルイプセ,9.0,8.0,西謙一,680.0,,,,,,,,,,,,,,,,,,,,,,,,,nar,2026-08-22,36.0,35.0,35.0,35.0,35.0,35.0,45.0,履歴少
202665082211,2026-08-22,11,ショータイム,5.0,5.0,長澤幸太,720.0,,,,,,,,,,,,,,,,,,,,,,,,,nar,2026-08-22,36.0,35.0,35.0,35.0,35.0,35.0,45.0,履歴少
202665082211,2026-08-22,11,スカーレット,4.0,4.0,西将太,690.0,,,,,,,,,,,,,,,,,,,,,,,,,nar,2026-08-22,36.0,35.0,35.0,35.0,35.0,35.0,45.0,履歴少
202665082211,2026-08-22,11,ゼン,6.0,6.0,赤塚健仁,720.0,,,,,,,,,,,,,,,,,,,,,,,,,nar,2026-08-22,36.0,35.0,35.0,35.0,35.0,35.0,45.0,履歴少
202665082211,2026-08-22,11,フレイムファースト,8.0,7.0,島津新,720.0,,,,,,,,,,,,,,,,,,,,,,,,,nar,2026-08-22,36.0,35.0,35.0,35.0,35.0,35.0,45.0,履歴少
202665082211,2026-08-22,11,ホクセイハリアー,1.0,1.0,渡来心路,720.0,,,,,,,,,,,,,,,,,,,,,,,,,nar,2026-08-22,36.0,35.0,35.0,35.0,35.0,35.0,45.0,履歴少
202665082211,2026-08-22,11,マルホントーマス,7.0,7.0,金田利貴,710.0,,,,,,,,,,,,,,,,,,,,,,,,,nar,2026-08-22,36.0,35.0,35.0,35.0,35.0,35.0,45.0,履歴少
202665082211,2026-08-22,11,ヤマノキング,10.0,8.0,中村太陽,700.0,,,,,,,,,,,,,,,,,,,,,,,,,nar,2026-08-22,36.0,35.0,35.0,35.0,35.0,35.0,45.0,履歴少
202665082211,2026-08-22,11,ユーフォリア,2.0,2.0,今井千尋,710.0,,,,,,,,,,,,,,,,,,,,,,,,,nar,2026-08-22,36.0,35.0,35.0,35.0,35.0,35.0,45.0,履歴少
202665082212,2026-08-22,12,アアモンドオーザン,10.0,8.0,大友一馬,630.0,,,,,,,,,,,,,,,,,,,,,,,,,nar,2026-08-22,36.0,35.0,35.0,35.0,35.0,35.0,45.0,履歴少
202665082212,2026-08-22,12,アアモンドノサップ,6.0,6.0,阿部優哉,630.0,,,,,,,,,,,,,,,,,,,,,,,,,nar,2026-08-22,36.0,35.0,35.0,35.0,35.0,35.0,45.0,履歴少
202665082212,2026-08-22,12,アオノオサムライ,7.0,7.0,臼杵龍美,620.0,,,,,,,,,,,,,,,,,,,,,,,,,nar,2026-08-22,36.0,35.0,35.0,35.0,35.0,35.0,45.0,履歴少
202665082212,2026-08-22,12,キタノユウシン,4.0,4.0,島津新,630.0,,,,,,,,,,,,,,,,,,,,,,,,,nar,2026-08-22,36.0,35.0,35.0,35.0,35.0,35.0,45.0,履歴少
202665082212,2026-08-22,12,キンプク,9.0,8.0,渡来心路,630.0,,,,,,,,,,,,,,,,,,,,,,,,,nar,2026-08-22,36.0,35.0,35.0,35.0,35.0,35.0,45.0,履歴少
202665082212,2026-08-22,12,コウシュハキング,8.0,7.0,中原蓮,630.0,,,,,,,,,,,,,,,,,,,,,,,,,nar,2026-08-22,36.0,35.0,35.0,35.0,35.0,35.0,45.0,履歴少
202665082212,2026-08-22,12,ソラチ,1.0,1.0,赤塚健仁,630.0,,,,,,,,,,,,,,,,,,,,,,,,,nar,2026-08-22,36.0,35.0,35.0,35.0,35.0,35.0,45.0,履歴少
202665082212,2026-08-22,12,マルゼンイチバン,3.0,3.0,西謙一,630.0,,,,,,,,,,,,,,,,,,,,,,,,,nar,2026-08-22,36.0,35.0,35.0,35.0,35.0,35.0,45.0,履歴少
202665082212,2026-08-22,12,マルホンジュセ,2.0,2.0,長澤幸太,630.0,,,,,,,,,,,,,,,,,,,,,,,,,nar,2026-08-22,36.0,35.0,35.0,35.0,35.0,35.0,45.0,履歴少
202665082212,2026-08-22,12,ヤマノドラゴン,5.0,5.0,今井千尋,610.0,,,,,,,,,,,,,,,,,,,,,,,,,nar,2026-08-22,36.0,35.0,35.0,35.0,35.0,35.0,45.0,履歴少
