race_id,日付,レース,馬名,馬番,枠,騎手,斤量,実着順,着順1,人気1,場1,レース名1,タイム1,着差1,馬場1,着順2,人気2,場2,レース名2,タイム2,着差2,馬場2,着順3,人気3,場3,レース名3,タイム3,着差3,馬場3,着順4,人気4,場4,レース名4,タイム4,着差4,馬場4,着順5,人気5,場5,レース名5,タイム5,着差5,馬場5,単勝オッズ,人気,オッズ更新日時,source,_date,AREru指数,因子_performance,因子_upset,因子_consistency,因子_trend,因子_value,因子_context,理由
202644090301,2026-09-03,1,アイアムイブシギン,7.0,7.0,鷹見陸,56.0,,2.0,3.0,大井,C3三 四,1:44.2,0.0,雨,4.0,2.0,大井,C3四 五,1:44.2,1.4,晴,6.0,2.0,大井,C3一 二,1:44.5,0.3,晴,3.0,2.0,大井,C3一 二三(C3二),1:28.8,0.3,晴,4.0,4.0,大井,C3一,2:00.8,1.7,曇,10.4,3.0,,nar,2026-09-03,62.9,78.9,42.1,80.2,63.5,56.1,56.2,大井実績 / 履歴少 / 安定感
202650090301,2026-09-03,1,アコーダンス,5.0,5.0,小谷哲平,54.0,,3.0,3.0,園田,C2二,1:21.7,0.3,晴,3.0,4.0,園田,C2二,1:21.4,0.3,晴,5.0,7.0,園田,C2,1:21.8,1.0,晴,1.0,4.0,園田,C3,1:21.3,-0.2,曇,4.0,1.0,園田,C3一,1:34.1,0.3,晴,14.1,5.0,,nar,2026-09-03,69.33,82.3,55.4,100.0,51.5,63.2,59.5,園田実績 / 履歴少 / 安定感 / 市場オッズ妙味
202644090301,2026-09-03,1,アフリカンビート,3.0,3.0,藤本現暉,56.0,,5.0,8.0,大井,C3一 二,1:14.7,0.9,晴,5.0,7.0,大井,C3二 三,1:14.8,0.6,晴,3.0,4.0,大井,C2十 1112(C211),1:29.1,0.8,晴,7.0,4.0,大井,C212 1314(C213),1:30.9,1.9,曇,2.0,8.0,大井,C3一 二三(C3二),1:28.6,0.1,晴,19.6,4.0,,nar,2026-09-03,65.83,71.3,62.5,85.4,45.5,68.1,56.2,大井実績 / 前走人気以上 / 履歴少 / 安定感
202648090301,2026-09-03,1,アルウラメファ,9.0,7.0,塚本征吾,55.0,,1.0,1.0,名古屋,3歳15組,1:36.4,-0.4,晴,7.0,7.0,2小倉7,3歳未勝利,0:59.2,0.9,曇,6.0,13.0,3京都9,3歳未勝利,1:12.8,1.0,曇,14.0,8.0,2阪神1,3歳未勝利,1:15.3,3.2,晴,,,,,,,,1.4,1.0,,nar,2026-09-03,57.86,61.6,54.0,30.4,98.0,51.9,50.0,近走上向き
202644090301,2026-09-03,1,イケノギャルチャン,9.0,8.0,石川駿介,54.0,,3.0,5.0,大井,C3一 二,1:45.1,0.9,晴,4.0,3.0,大井,C3一 二,1:44.6,1.4,曇,1.0,5.0,大井,C3一 二,1:44.2,0.0,晴,4.0,8.0,大井,C3一 二三(C3二),1:44.2,0.3,晴,7.0,4.0,大井,C3四 五,1:45.1,0.6,晴,22.5,5.0,,nar,2026-09-03,68.51,80.7,60.0,89.7,56.0,60.2,56.2,大井実績 / 履歴少 / 安定感 / 市場オッズ妙味
202655090301,2026-09-03,1,イロジャスコ,4.0,4.0,山田義貴,54.0,,,,,,,,,,,,,,,,,,,,,,,,,,,,,,,,,,,,,4.1,2.0,,nar,2026-09-03,36.0,35.0,35.0,35.0,35.0,35.0,45.0,履歴少
202648090301,2026-09-03,1,インスウィング,7.0,6.0,柿原翔,57.0,,4.0,4.0,笠松,大井宿特別(3歳),1:31.1,1.7,晴,8.0,8.0,2東京9,3歳未勝利,1:26.6,2.0,曇,4.0,5.0,浦和,ツインゴールド特別(3歳),1:30.1,1.0,晴,11.0,10.0,2中山3,3歳未勝利,1:57.2,2.3,晴,2.0,2.0,佐賀,JRA交流グリーンカ(3歳),1:31.1,0.1,曇,33.4,6.0,,nar,2026-09-03,56.94,61.5,50.4,60.5,63.5,56.3,48.8,履歴少 / 安定感 / 市場オッズ妙味
202648090301,2026-09-03,1,ウインエンブレム,1.0,1.0,今井貴大,57.0,,1.0,1.0,名古屋,アジア・アジアパラ応(3歳),1:37.0,-1.0,晴,,,名古屋,あおちゃん24歳おめ(3歳),,0.0,雨,12.0,14.0,3東京5,3歳未勝利,1:38.5,2.4,雨,12.0,10.0,2東京1,3歳未勝利,2:16.5,3.7,曇,8.0,7.0,2中山4,3歳未勝利,1:59.5,3.3,晴,5.9,3.0,,nar,2026-09-03,54.77,52.0,50.0,30.4,100.0,54.9,48.8,履歴少 / 近走上向き
202650090301,2026-09-03,1,エールクイーン,12.0,8.0,田野豊三,55.0,,9.0,8.0,園田,C2一,1:35.2,2.6,晴,7.0,2.0,園田,C2二,1:32.9,1.6,晴,2.0,3.0,園田,C2二,1:32.7,1.2,晴,6.0,7.0,園田,青馬ひすみ☆モヤシか(C2),1:32.1,3.1,晴,4.0,8.0,園田,C2一,1:32.7,0.8,曇,15.3,7.0,,nar,2026-09-03,46.83,58.7,44.4,30.1,24.5,58.7,49.6,履歴少 / 市場オッズ妙味
202630090301,2026-09-03,1,オーバークラウド,10.0,8.0,服部茂史,55.0,,3.0,2.0,門別,2歳未勝利,1:41.0,1.0,晴,3.0,5.0,門別,優駿の里安平町早来か(2歳),1:47.7,0.6,晴,5.0,3.0,門別,JRA認定競走フレッ(2歳),1:11.6,2.7,曇,,,,,,,,,,,,,,,3.0,2.0,,nar,2026-09-03,63.07,79.8,48.1,75.1,56.0,53.6,59.5,門別実績 / 履歴少 / 安定感
202644090301,2026-09-03,1,ガニュメデスレイ,8.0,7.0,高橋優,53.0,,8.0,9.0,大井,C3一 二,1:45.7,1.5,晴,6.0,7.0,大井,C3一,1:59.3,2.5,晴,6.0,9.0,大井,C3一 二,1:44.9,1.7,曇,8.0,13.0,大井,C3一 二,1:44.8,0.6,晴,9.0,9.0,大井,C3一 二三(C3二),1:30.0,1.5,晴,176.2,10.0,,nar,2026-09-03,47.36,50.3,63.1,0.0,45.5,59.1,43.8,履歴少
202648090301,2026-09-03,1,キーテーマ,8.0,7.0,小笠原羚,52.0,,5.0,11.0,2中京3,3歳未勝利,1:56.9,0.5,晴,10.0,11.0,3阪神2,3歳未勝利,1:48.0,1.0,雨,7.0,10.0,3京都9,3歳未勝利,2:15.3,1.0,曇,7.0,8.0,1阪神10,3歳未勝利,2:28.5,0.4,曇,6.0,8.0,1阪神4,3歳未勝利,2:03.3,1.3,晴,19.8,4.0,,nar,2026-09-03,57.34,51.7,71.1,30.4,65.0,67.6,48.8,前走人気以上 / 履歴少 / 人気以上に走る傾向 / 近走上向き
202650090301,2026-09-03,1,クイーンオブリリー,10.0,7.0,南部楓馬,52.0,,3.0,4.0,園田,C2二,1:32.7,1.1,晴,4.0,4.0,園田,C2四,1:35.0,1.6,晴,,,園田,C2二,,,晴,1.0,1.0,園田,粟生スプリントC3,1:21.7,-0.2,曇,2.0,3.0,園田,C3一,1:33.0,0.0,晴,6.6,3.0,,nar,2026-09-03,66.23,85.5,53.6,80.2,46.0,59.7,59.5,園田実績 / 履歴少 / 安定感
202648090301,2026-09-03,1,クモンリュウ,11.0,8.0,大畑雅章,57.0,,12.0,5.0,名古屋,3歳6組,1:39.7,4.4,晴,7.0,11.0,名古屋,名古屋モーニングフィ(3歳),1:38.7,1.4,晴,9.0,8.0,名古屋,3歳7組,1:40.6,3.9,晴,1.0,2.0,名古屋,3歳15組,0:56.3,-0.6,曇,6.0,3.0,名古屋,3歳11組,1:33.1,1.4,曇,113.6,9.0,,nar,2026-09-03,36.51,44.5,39.6,14.6,12.5,47.7,46.3,履歴少
202650090301,2026-09-03,1,サティンボディス,11.0,8.0,長尾翼玖,55.0,,6.0,11.0,園田,杉井流スプリントC2,1:23.6,1.1,曇,7.0,9.0,園田,C2三,1:33.4,1.2,晴,8.0,9.0,園田,西徳久7ハロンC2二,1:34.1,2.0,晴,5.0,7.0,園田,小部7ハロンC2二,1:34.4,1.0,曇,1.0,2.0,園田,C3三,1:35.2,-0.1,曇,100.1,11.0,,nar,2026-09-03,55.0,60.1,68.3,24.9,45.5,59.8,49.6,前走人気以上 / 履歴少 / 人気以上に走る傾向
202630090301,2026-09-03,1,サブメルジュ,7.0,6.0,金山昇馬,55.0,,5.0,7.0,門別,2歳未勝利,1:10.8,1.2,曇,7.0,6.0,門別,2歳未勝利,1:10.4,1.0,晴,7.0,7.0,門別,2歳未勝利,1:10.1,1.0,曇,5.0,10.0,門別,JRA認定競走フレッ(2歳),1:04.0,1.8,晴,,,,,,,,15.4,5.0,,nar,2026-09-03,57.64,60.0,58.5,45.0,58.0,66.5,51.2,門別実績 / 履歴少 / 過小評価傾向 / 市場オッズ妙味
202648090301,2026-09-03,1,シャマレル,5.0,5.0,大畑慧悟,57.0,,1.0,1.0,名古屋,3歳10組,1:37.4,-0.3,晴,3.0,6.0,名古屋,3歳12組,1:37.4,0.8,雨,14.0,16.0,2小倉1,3歳未勝利,2:02.5,2.3,曇,13.0,16.0,3阪神3,3歳未勝利,1:35.6,1.4,晴,11.0,12.0,1阪神6,3歳未勝利,1:58.7,2.4,曇,5.4,2.0,,nar,2026-09-03,63.35,54.0,61.8,55.3,100.0,63.0,59.5,名古屋実績 / 履歴少 / 近走上向き
202650090301,2026-09-03,1,スカーレットハニー,2.0,2.0,高畑皓一,55.0,,4.0,7.0,園田,杉井流スプリントC2,1:23.1,0.6,曇,4.0,7.0,園田,C2二,0:51.0,0.9,晴,1.0,3.0,園田,C3,0:51.5,-0.3,晴,3.0,1.0,園田,C3,0:51.7,0.5,曇,2.0,3.0,園田,C3二,0:51.7,0.1,曇,31.3,9.0,,nar,2026-09-03,69.92,83.6,63.1,100.0,41.0,60.9,59.5,園田実績 / 前走人気以上 / 履歴少 / 安定感
202644090301,2026-09-03,1,ソニックサンライズ,10.0,8.0,中村尚平,54.0,,6.0,4.0,大井,C3一 二,1:45.5,1.3,晴,1.0,7.0,大井,C3六 七,1:44.4,-0.4,晴,9.0,13.0,大井,C3一 二,1:15.5,1.0,曇,7.0,9.0,大井,C3一 二,1:15.6,1.4,晴,9.0,12.0,大井,C3一 二三(C3二),1:15.7,1.1,晴,38.7,8.0,,nar,2026-09-03,55.9,61.6,66.0,24.9,53.0,63.2,46.3,履歴少 / 人気以上に走る傾向 / 市場オッズ妙味
202655090301,2026-09-03,1,ツインクルヴィータ,1.0,1.0,飛田愛斗,54.0,,,,,,,,,,,,,,,,,,,,,,,,,,,,,,,,,,,,,3.5,1.0,,nar,2026-09-03,36.0,35.0,35.0,35.0,35.0,35.0,45.0,履歴少
202650090301,2026-09-03,1,トランペシア,6.0,5.0,塩津璃菜,51.0,,10.0,10.0,園田,南あわじ市ゆめるん特(C2),0:52.1,2.3,晴,7.0,8.0,園田,C2二,1:22.9,1.5,晴,7.0,9.0,園田,C2二,1:21.9,0.8,晴,12.0,12.0,園田,C2,1:23.2,2.4,晴,6.0,9.0,園田,3歳C1一,1:32.4,0.9,雨,90.7,10.0,,nar,2026-09-03,41.33,39.7,56.7,0.0,38.0,54.8,43.8,履歴少
202648090301,2026-09-03,1,トンデトンデトンデ,4.0,4.0,加藤聡一,57.0,,11.0,6.0,名古屋,金シャチ最終戦(3歳),1:39.6,3.0,晴,6.0,3.0,名古屋,オットネル賞(3歳),1:55.7,1.2,晴,6.0,3.0,名古屋,3歳6組,1:39.6,2.0,晴,1.0,1.0,名古屋,3歳11組,1:37.4,0.0,晴,8.0,9.0,3京都8,3歳未勝利,2:01.1,0.5,晴,57.6,7.0,,nar,2026-09-03,36.71,52.0,30.7,14.6,15.5,46.1,47.1,履歴少
202655090301,2026-09-03,1,ハナイキブンブン,3.0,3.0,出水拓人,54.0,,,,,,,,,,,,,,,,,,,,,,,,,,,,,,,,,,,,,4.6,3.0,,nar,2026-09-03,36.0,35.0,35.0,35.0,35.0,35.0,45.0,履歴少
202630090301,2026-09-03,1,ハリヤード,1.0,1.0,亀井洋司,55.0,,8.0,10.0,門別,優駿の里安平町早来か(2歳),1:49.3,2.2,晴,9.0,11.0,門別,2歳未勝利,1:17.6,3.1,雨,9.0,7.0,門別,2歳未勝利,1:18.2,3.4,晴,10.0,11.0,門別,JRA認定競走フレッ(2歳),1:05.6,3.7,曇,,,,,,,,55.1,9.0,,nar,2026-09-03,42.89,37.4,56.7,0.0,58.0,53.4,43.8,履歴少
202630090301,2026-09-03,1,バージンレインボー,6.0,6.0,小野楓馬,55.0,,9.0,9.0,門別,JRA認定競走アタッ(2歳),1:50.0,4.2,晴,2.0,6.0,門別,2歳未勝利,1:39.7,0.2,曇,4.0,9.0,門別,2歳未勝利,1:03.7,0.9,曇,10.0,10.0,門別,2歳未勝利,1:04.0,3.0,曇,9.0,8.0,門別,JRA認定競走フレッ(2歳),1:14.0,6.2,曇,11.1,4.0,,nar,2026-09-03,54.54,56.7,63.2,44.7,33.5,65.4,49.6,履歴少 / 過小評価傾向
202644090301,2026-09-03,1,ファインデイ,5.0,5.0,瀬川将輝,54.0,,4.0,10.0,大井,C3一 二,1:45.1,0.9,晴,11.0,9.0,大井,C3二 三,1:46.3,2.9,晴,6.0,5.0,大井,C2十 1112(C211),1:30.6,2.3,晴,4.0,7.0,大井,C212 1314(C213),1:30.5,1.5,曇,5.0,7.0,大井,C212 1314(C213),1:44.9,0.9,雨,41.1,9.0,,nar,2026-09-03,59.57,58.1,62.4,55.3,65.0,61.5,52.9,大井実績 / 前走人気以上 / 履歴少 / 近走上向き
202648090301,2026-09-03,1,フィアスゲイル,6.0,6.0,細川智史,55.0,,1.0,1.0,名古屋,3歳11組,1:37.4,-0.1,晴,4.0,10.0,名古屋,3歳12組,1:37.7,1.1,雨,16.0,10.0,3阪神3,3歳未勝利,1:17.4,5.0,晴,15.0,7.0,1福島2,3歳未勝利,1:53.9,6.2,晴,12.0,9.0,4京都8,2歳未勝利,1:52.3,5.9,晴,29.0,5.0,,nar,2026-09-03,55.67,50.6,41.8,55.3,100.0,49.1,59.5,名古屋実績 / 履歴少 / 近走上向き / 市場オッズ妙味
202644090301,2026-09-03,1,フィリピーヌ,4.0,4.0,矢野貴之,54.0,,1.0,2.0,大井,C3三 四,1:44.2,0.0,雨,2.0,1.0,大井,C3四 五,1:43.8,1.0,晴,9.0,2.0,大井,C3二 三四(C3三),1:30.0,1.6,曇,2.0,1.0,大井,C3三 四,1:45.2,0.2,晴,2.0,2.0,大井,C3四 五,1:44.9,0.3,晴,4.7,2.0,,nar,2026-09-03,63.29,83.4,39.7,80.2,66.5,51.4,56.2,大井実績 / 履歴少 / 近走上向き / 安定感
202650090301,2026-09-03,1,フォーウィンド,8.0,6.0,土方颯太,57.0,,7.0,6.0,園田,C2二,1:35.3,2.3,曇,10.0,8.0,園田,C2一,1:33.4,1.5,晴,2.0,5.0,園田,C2二,1:32.2,0.4,曇,4.0,4.0,園田,C2二,1:35.1,1.1,晴,3.0,3.0,園田,榎列小榎列7ハロンC(C2),1:35.4,1.6,曇,14.8,6.0,,nar,2026-09-03,52.25,60.7,48.5,44.7,36.5,61.5,52.5,園田実績 / 市場オッズ妙味
202630090301,2026-09-03,1,フトウフクツ,11.0,8.0,小川悠汰,52.0,,7.0,6.0,門別,2歳未勝利,1:04.4,2.0,曇,7.0,6.0,門別,2歳牝馬未勝利,1:11.0,0.8,曇,3.0,4.0,門別,JRA認定競走フレッ(2歳),1:04.6,0.9,曇,,,,,,,,,,,,,,,17.9,6.0,,nar,2026-09-03,48.04,60.4,46.7,19.8,38.0,58.1,48.5,履歴少 / 市場オッズ妙味
202648090301,2026-09-03,1,ブルーアンバー,2.0,2.0,近藤颯羽,52.0,,7.0,7.0,名古屋,金シャチ最終戦(3歳),1:38.0,1.4,晴,5.0,2.0,名古屋,ハンブルグ疾風戦(3歳),0:58.0,0.8,晴,10.0,4.0,名古屋,3歳7組,1:40.6,3.9,晴,2.0,4.0,名古屋,のあち27歳おめでと(3歳),1:37.1,0.2,曇,7.0,4.0,名古屋,3歳7組,1:38.9,1.6,曇,79.0,8.0,,nar,2026-09-03,46.14,57.1,36.3,39.5,44.0,46.1,49.6,履歴少
202644090301,2026-09-03,1,ベイデンフラッシュ,6.0,6.0,笹川翼,56.0,,3.0,1.0,大井,C3三 四,1:44.6,0.4,雨,1.0,1.0,大井,C3二 三四(C3三),1:28.4,-0.1,曇,1.0,1.0,大井,C3七 八,1:44.8,-0.1,晴,,,大井,3歳13 14,,,曇,2.0,3.0,大井,3歳14 15,1:29.1,0.3,曇,1.4,1.0,,nar,2026-09-03,65.23,93.3,45.9,85.4,40.0,50.6,59.5,大井実績 / 履歴少 / 安定感
202630090301,2026-09-03,1,ベラジオアヴァロン,9.0,7.0,岩橋勇二,55.0,,7.0,6.0,門別,2歳未勝利,1:42.0,2.0,晴,8.0,4.0,門別,道の駅あびらオリジナ(2歳),1:17.5,1.4,晴,8.0,5.0,門別,2歳未勝利,1:10.3,1.2,曇,11.0,6.0,門別,2歳未勝利,1:18.2,1.2,晴,6.0,6.0,門別,2歳未勝利,1:10.3,0.9,曇,18.9,7.0,,nar,2026-09-03,37.94,44.6,31.6,0.0,57.5,47.1,43.8,履歴少 / 市場オッズ妙味
202650090301,2026-09-03,1,ペイシャメダリスト,1.0,1.0,下原理,55.0,,8.0,8.0,園田,糺の森7ハロンC2二,1:34.5,2.1,晴,3.0,3.0,園田,唐櫃スプリントC3,1:21.4,0.9,晴,5.0,5.0,園田,C3,1:22.2,0.9,曇,2.0,4.0,園田,C3一,1:34.5,0.1,晴,8.0,8.0,園田,2026GWシリーズ(C2),1:35.5,1.5,曇,21.2,8.0,,nar,2026-09-03,54.83,65.7,52.0,59.3,29.0,57.6,52.9,園田実績 / 履歴少 / 市場オッズ妙味
202630090301,2026-09-03,1,マダムアイ,5.0,5.0,松井伸也,55.0,,11.0,9.0,門別,グランシャリオドリー(2歳),1:05.6,2.7,晴,12.0,11.0,門別,2歳未勝利,1:58.1,4.6,曇,6.0,8.0,門別,2歳未勝利,1:50.6,2.3,晴,7.0,8.0,門別,2歳未勝利,1:44.1,2.5,晴,9.0,9.0,門別,JRA認定競走フレッ(2歳),1:20.0,5.8,晴,106.3,10.0,,nar,2026-09-03,36.2,32.2,47.8,0.0,35.0,50.9,43.8,履歴少
202648090301,2026-09-03,1,マックスハート,3.0,3.0,加藤誓二,57.0,,8.0,6.0,船橋,ウミネコスプリント(3歳),1:17.8,3.2,晴,4.0,5.0,浦和,3歳二,1:30.0,0.8,曇,4.0,4.0,船橋,3歳四,1:16.8,0.9,曇,2.0,5.0,船橋,3歳六,1:17.4,0.3,曇,3.0,3.0,船橋,3歳六,1:17.8,2.4,曇,165.6,10.0,,nar,2026-09-03,55.05,69.4,50.6,69.6,21.5,54.8,48.8,履歴少 / 安定感
202650090301,2026-09-03,1,マメーアップル,3.0,3.0,佐々木世,53.0,,10.0,2.0,1札幌5,3歳未勝利,1:10.0,0.5,曇,3.0,1.0,1函館12,3歳未勝利,1:10.9,0.2,曇,2.0,6.0,1函館8,3歳未勝利,1:09.1,0.3,曇,2.0,7.0,1函館2,3歳未勝利,1:08.7,0.2,晴,7.0,8.0,3中山3,3歳未勝利,1:14.3,2.2,雨,5.0,2.0,,nar,2026-09-03,50.96,66.4,40.9,59.3,11.0,56.8,61.7,n適性 / 函館実績
202655090301,2026-09-03,1,ミトノキセキ,6.0,6.0,石川慎将,55.0,,,,,,,,,,,,,,,,,,,,,,,,,,,,,,,,,,,,,5.4,4.0,,nar,2026-09-03,36.0,35.0,35.0,35.0,35.0,35.0,45.0,履歴少
202630090301,2026-09-03,1,ミラヴィー,3.0,3.0,藤田凌駕,54.0,,2.0,4.0,門別,2歳未勝利,1:40.0,0.0,晴,4.0,6.0,門別,ホクレンカタログギフ(2歳),1:03.0,0.6,曇,7.0,4.0,門別,2歳未勝利,1:05.3,2.6,曇,4.0,4.0,門別,JRA認定競走アタッ(2歳),1:03.7,1.7,曇,6.0,7.0,門別,JRA認定競走アタッ(2歳),1:02.7,1.3,曇,4.8,3.0,,nar,2026-09-03,64.02,74.5,54.3,69.9,69.5,58.0,52.9,門別実績 / 履歴少 / 近走上向き / 安定感
202655090301,2026-09-03,1,ムーンパスフラワー,5.0,5.0,川島拓,54.0,,,,,,,,,,,,,,,,,,,,,,,,,,,,,,,,,,,,,5.7,5.0,,nar,2026-09-03,36.0,35.0,35.0,35.0,35.0,35.0,45.0,履歴少
202644090301,2026-09-03,1,メロパール,1.0,1.0,西啓太,54.0,,3.0,3.0,大井,C3 選抜牝馬,1:30.1,1.4,雨,8.0,4.0,大井,C3二 三,1:45.0,1.6,晴,2.0,4.0,大井,C3一 二,1:44.2,0.0,晴,6.0,6.0,大井,C3一 二三(C3二),1:29.6,1.1,晴,2.0,1.0,大井,C3二 三,1:44.0,0.1,曇,23.6,6.0,,nar,2026-09-03,58.47,72.9,45.1,60.5,59.0,54.3,52.9,大井実績 / 履歴少 / 安定感 / 市場オッズ妙味
202650090301,2026-09-03,1,ヤクジンミョウオウ,9.0,7.0,杉浦健太,57.0,,2.0,3.0,園田,C2二,1:21.6,0.9,晴,7.0,2.0,園田,C2二,0:52.7,1.5,晴,2.0,1.0,園田,C3,0:51.1,0.3,晴,2.0,5.0,園田,C3,0:50.9,0.1,晴,2.0,6.0,園田,C2一,0:51.2,0.1,雨,8.9,4.0,,nar,2026-09-03,64.49,82.0,48.0,75.1,57.5,60.6,56.2,園田実績 / 履歴少 / 安定感
202630090301,2026-09-03,1,ラルテフテフ,4.0,4.0,黒澤愛斗,55.0,,11.0,10.0,門別,2歳牝馬未勝利,1:05.3,2.2,曇,5.0,10.0,門別,優駿の里安平町夢民舎(2歳),1:03.6,0.5,晴,11.0,12.0,門別,2歳未勝利,1:05.1,2.1,曇,9.0,7.0,門別,2歳未勝利,1:14.2,4.4,曇,7.0,6.0,門別,JRA認定競走フレッ(2歳),1:12.0,2.3,晴,168.0,11.0,,nar,2026-09-03,42.55,37.6,55.2,24.9,32.0,52.2,46.3,履歴少
202655090301,2026-09-03,1,リネンカルミア,2.0,2.0,田中純,54.0,,,,,,,,,,,,,,,,,,,,,,,,,,,,,,,,,,,,,6.7,6.0,,nar,2026-09-03,36.0,35.0,35.0,35.0,35.0,35.0,45.0,履歴少
202648090301,2026-09-03,1,ルクスプロフェシー,10.0,8.0,木之前葵,55.0,,10.0,8.0,名古屋,3歳6組,1:39.1,3.8,晴,5.0,4.0,笠松,3歳4組,1:34.5,3.4,晴,5.0,3.0,笠松,3歳4組,1:34.0,2.3,曇,4.0,1.0,笠松,北の単勝プリンセス熊(3歳),1:33.7,1.5,晴,1.0,1.0,笠松,3歳5組,0:50.2,-1.0,曇,558.1,11.0,,nar,2026-09-03,47.54,60.3,38.2,69.6,12.5,48.3,48.8,履歴少 / 安定感
202650090301,2026-09-03,1,ルナーファントム,4.0,4.0,吉村智洋,56.0,,15.0,3.0,2新潟6,3歳未勝利,1:09.9,1.1,晴,9.0,1.0,3東京3,3歳未勝利,1:26.2,1.8,晴,2.0,1.0,1福島2,3歳未勝利,1:09.4,0.1,晴,4.0,11.0,1中京3,3歳未勝利,1:21.3,0.2,晴,,,,,,,,2.1,1.0,,nar,2026-09-03,29.52,42.6,12.4,34.3,0.0,40.0,48.8,履歴少
202650090301,2026-09-03,1,レッドファイブ,7.0,6.0,高橋洸佑,53.0,,11.0,12.0,園田,杉井流スプリントC2,1:26.1,3.6,曇,9.0,9.0,園田,C2一,1:36.9,5.2,曇,12.0,10.0,園田,宍道スプリントC2,1:23.8,3.3,晴,5.0,8.0,園田,3歳C1二,1:35.2,2.1,雨,4.0,7.0,園田,3歳C1二,1:35.0,2.9,晴,233.7,12.0,,nar,2026-09-03,42.06,35.2,54.6,24.9,29.0,54.2,50.5,総合評価
202630090301,2026-09-03,1,レラノア,2.0,2.0,宮内勇樹,55.0,,6.0,3.0,門別,グランシャリオドリー(2歳),1:04.2,1.3,晴,11.0,11.0,門別,2歳未勝利,1:10.3,1.9,曇,11.0,9.0,門別,2歳未勝利,1:56.0,2.6,晴,7.0,8.0,門別,JRA認定競走アタッ(2歳),1:56.3,2.2,曇,12.0,9.0,門別,JRA認定競走フレッ(2歳),1:12.0,3.9,晴,22.4,8.0,,nar,2026-09-03,39.92,36.0,39.7,0.0,75.5,47.1,46.5,近走上向き
202644090301,2026-09-03,1,ロードオブキング,2.0,2.0,藤田凌,56.0,,9.0,7.0,大井,C3一 二,1:45.8,1.6,晴,12.0,6.0,大井,C3二 三,1:46.4,3.0,晴,,,大井,C2十 1112(C211),,,晴,5.0,7.0,大井,C211 1213(C212),1:44.2,1.3,晴,7.0,5.0,大井,C212 1314(C213),1:45.1,1.1,雨,27.3,7.0,,nar,2026-09-03,36.04,36.4,32.4,14.6,44.0,45.2,47.1,履歴少
202630090301,2026-09-03,1,ヴァンケール,8.0,7.0,石川倭,55.0,,4.0,2.0,門別,優駿の里安平町早来か(2歳),1:47.9,0.8,晴,3.0,4.0,門別,2歳未勝利,1:40.1,0.6,曇,4.0,2.0,門別,JRA認定競走フレッ(2歳),1:17.7,2.2,曇,,,,,,,,,,,,,,,2.7,1.0,,nar,2026-09-03,60.07,78.7,43.0,75.1,47.0,51.0,59.5,門別実績 / 履歴少 / 安定感
202630090302,2026-09-03,2,アストレイ,11.0,8.0,石川倭,55.0,,5.0,2.0,門別,JRA認定競走フレッ(2歳),1:17.7,1.7,雨,,,,,,,,,,,,,,,,,,,,,,,,,,,,,5.4,3.0,,nar,2026-09-03,40.47,44.6,36.0,36.3,40.6,37.3,48.8,履歴少 / サンプル少
202644090302,2026-09-03,2,イッツバッド,7.0,4.0,西優哉,51.0,,5.0,5.0,大井,C3 選抜牝馬,1:31.4,2.7,雨,9.0,8.0,大井,C3二 三,1:15.4,1.2,晴,2.0,3.0,大井,C3三 四,1:15.6,0.7,曇,3.0,3.0,大井,C3三 四,1:15.4,1.0,曇,2.0,3.0,大井,C3四 五六(C3五),1:15.0,0.1,晴,31.8,9.0,,nar,2026-09-03,59.45,69.6,50.4,75.1,44.0,56.9,56.2,大井実績 / 履歴少 / 安定感 / 市場オッズ妙味
202644090302,2026-09-03,2,ウイニングショット,8.0,4.0,横川怜央,56.0,,7.0,10.0,大井,C3一 二,1:14.9,1.1,晴,10.0,11.0,大井,C3二 三,1:45.3,1.9,晴,12.0,12.0,大井,C2八 九,1:46.2,3.4,曇,8.0,9.0,大井,C2九 十11(C2十),1:31.1,1.6,曇,9.0,9.0,大井,C2九 十,1:44.8,2.5,晴,87.5,12.0,,nar,2026-09-03,44.02,35.3,59.1,0.0,66.5,54.2,43.8,前走人気以上 / 履歴少 / 近走上向き
202650090302,2026-09-03,2,エイシンバーマン,1.0,1.0,長尾翼玖,55.0,,7.0,7.0,園田,榎列7ハロンC3二,1:34.8,1.2,晴,2.0,8.0,園田,C3二,1:36.7,0.3,晴,6.0,6.0,園田,C3三,1:35.8,2.1,晴,7.0,7.0,園田,C3四,1:36.1,2.1,晴,8.0,8.0,園田,C3二,1:35.5,1.8,曇,10.4,5.0,,nar,2026-09-03,53.39,62.7,60.5,24.9,42.5,61.4,46.3,履歴少
202650090302,2026-09-03,2,エイシンビクーニャ,2.0,2.0,永井孝典,55.0,,,,,,,,,,,,,,,,,,,,,,,,,,,,,,,,,,,,,2.4,1.0,,nar,2026-09-03,36.0,35.0,35.0,35.0,35.0,35.0,45.0,履歴少
202630090302,2026-09-03,2,エムティベリー,9.0,7.0,小野楓馬,55.0,,10.0,7.0,門別,2歳牝馬未勝利,1:11.6,2.3,晴,10.0,5.0,門別,2歳未勝利,1:05.2,2.7,晴,6.0,5.0,門別,2歳牝馬未勝利,1:04.7,1.1,曇,5.0,6.0,門別,JRA認定競走フレッ(2歳),1:10.7,2.6,晴,,,,,,,,56.0,11.0,,nar,2026-09-03,36.02,41.6,32.7,14.6,32.0,44.4,47.1,履歴少
202655090302,2026-09-03,2,オールズフェア,8.0,8.0,田中直人,56.0,,8.0,6.0,佐賀,盆送り火賞(C1),1:33.4,2.8,曇,10.0,9.0,佐賀,里帰りJC第1戦ホー(C1),1:33.6,2.2,晴,4.0,4.0,佐賀,シルクジャスミン賞(C1),1:31.6,0.9,曇,4.0,5.0,佐賀,C1ー10組,1:24.5,1.0,曇,4.0,3.0,佐賀,C1ー10組,1:24.7,1.3,曇,37.1,7.0,,nar,2026-09-03,48.3,54.3,44.3,44.7,35.0,54.3,52.9,佐賀実績 / 履歴少 / 市場オッズ妙味
202644090302,2026-09-03,2,キャットデイ,12.0,6.0,矢野貴之,54.0,,,,大井,冬牡丹特別競走(C2),,,晴,2.0,3.0,大井,3歳一 二,1:14.9,0.1,晴,2.0,1.0,門別,3歳以上C3ー2C4,1:15.8,0.1,晴,3.0,3.0,門別,3歳以上C3ー2C4,1:15.9,0.7,晴,1.0,1.0,門別,3歳以上C4ー2,1:02.8,0.0,曇,4.5,2.0,,nar,2026-09-03,64.87,91.5,50.5,69.6,50.0,56.4,48.8,履歴少 / 安定感
202650090302,2026-09-03,2,キョウワグロリア,8.0,7.0,田野豊三,57.0,,3.0,5.0,園田,C3二,1:22.8,0.2,晴,4.0,5.0,園田,C3二,1:36.9,0.5,晴,7.0,6.0,園田,C3二,0:52.2,1.1,晴,6.0,9.0,園田,C3二,1:35.9,2.4,曇,10.0,8.0,園田,C3二,1:35.5,1.5,晴,4.5,2.0,,nar,2026-09-03,60.64,66.4,56.2,55.3,72.5,58.4,50.5,近走上向き
202648090302,2026-09-03,2,キーサーバー,1.0,1.0,阪野学,57.0,,5.0,12.0,名古屋,金シャチ最終戦(3歳),1:37.4,0.8,晴,5.0,5.0,名古屋,3歳7組,1:38.8,2.1,晴,6.0,7.0,名古屋,3歳5組,1:37.8,1.5,曇,1.0,4.0,名古屋,3歳13組,1:38.6,-0.1,曇,14.0,12.0,2東京8,3歳未勝利,1:48.4,1.3,晴,59.3,6.0,,nar,2026-09-03,63.54,64.1,67.9,69.9,59.0,59.4,55.3,名古屋実績 / 前走人気以上 / 履歴少 / 人気以上に走る傾向
202655090302,2026-09-03,2,クラウンライジング,5.0,5.0,中山蓮王,56.0,,7.0,3.0,佐賀,盆送り火賞(C1),1:32.8,2.2,曇,4.0,3.0,佐賀,AIパッカル賞(C1),1:31.5,1.5,曇,2.0,7.0,佐賀,C1ー5組,1:31.0,0.2,晴,7.0,6.0,佐賀,おっちゃんの山記念(C1),1:30.5,1.0,雨,3.0,5.0,佐賀,第12回エーエスピー(C1),1:30.7,0.4,小雨,22.5,6.0,,nar,2026-09-03,54.38,69.2,47.1,55.0,32.0,56.9,52.9,佐賀実績 / 履歴少 / 市場オッズ妙味
202648090302,2026-09-03,2,クリコメリー,4.0,4.0,村上弘樹,55.0,,9.0,10.0,名古屋,金シャチ最終戦(3歳),1:38.5,1.9,晴,6.0,9.0,名古屋,ハンブルグ疾風戦(3歳),0:58.1,0.9,晴,4.0,7.0,名古屋,3歳6組,1:38.9,1.3,晴,1.0,4.0,名古屋,アジア・アジアパラ応(3歳),1:38.0,-0.1,晴,4.0,7.0,名古屋,3歳13組,1:39.1,0.5,曇,169.2,8.0,,nar,2026-09-03,55.3,63.4,66.7,44.7,18.5,62.0,52.9,名古屋実績 / 履歴少 / 人気以上に走る傾向
202655090302,2026-09-03,2,グリーングラシア,2.0,2.0,後藤武蔵,53.0,,10.0,11.0,佐賀,盆送り火賞(C1),1:34.9,4.3,曇,8.0,4.0,佐賀,AIパッカル賞(C1),1:33.4,2.7,晴,10.0,12.0,佐賀,父の日賞(C1),1:32.1,2.3,曇,6.0,8.0,佐賀,C1ー8組,1:31.5,1.7,曇,10.0,10.0,佐賀,長田進仁騎手2000(C1),1:32.4,2.2,雨,133.3,8.0,,nar,2026-09-03,38.77,36.7,50.0,0.0,41.0,51.6,43.8,履歴少
202648090302,2026-09-03,2,ケイツークルサード,3.0,3.0,近藤颯羽,54.0,,3.0,2.0,名古屋,3歳6組,1:36.5,1.2,晴,1.0,1.0,名古屋,名古屋モーニングフィ(3歳),1:37.1,-1.5,晴,4.0,5.0,名古屋,3歳10組,1:36.9,0.9,曇,14.0,16.0,1小倉4,3歳未勝利,1:51.4,4.3,曇,16.0,9.0,5中山3,2歳未勝利,2:13.3,17.8,曇,8.8,3.0,,nar,2026-09-03,62.37,65.5,46.2,75.1,84.5,56.0,59.5,名古屋実績 / 履歴少 / 近走上向き / 安定感
202630090302,2026-09-03,2,サスラオウ,8.0,6.0,服部茂史,55.0,,7.0,8.0,門別,2歳未勝利,1:16.9,1.4,晴,4.0,10.0,門別,2歳未勝利,1:17.1,0.5,晴,12.0,11.0,門別,2歳未勝利,1:17.8,2.5,曇,4.0,6.0,門別,JRA認定競走フレッ(2歳),1:17.4,2.8,晴,,,,,,,,25.4,10.0,,nar,2026-09-03,54.82,53.8,64.8,39.5,48.0,61.2,51.5,門別実績 / 市場オッズ妙味
202630090302,2026-09-03,2,サンヨウキャプテン,3.0,3.0,阿部龍,55.0,,5.0,6.0,門別,JRA認定競走アタッ(2歳),1:16.1,1.7,晴,2.0,4.0,門別,JRA認定競走フレッ(2歳),1:10.0,0.1,曇,,,,,,,,,,,,,,,,,,,,,,5.4,2.0,,nar,2026-09-03,53.44,61.3,51.1,48.4,35.6,56.9,59.5,門別実績 / 履歴少 / サンプル少
202644090302,2026-09-03,2,ショウサンレックス,9.0,5.0,鷹見陸,56.0,,8.0,5.0,大井,C3一 二,1:15.2,1.4,晴,6.0,2.0,大井,C3二 三,1:14.8,0.6,晴,2.0,4.0,大井,C3一 二,1:14.6,0.1,曇,6.0,1.0,大井,C3二 三,1:15.6,0.4,晴,4.0,3.0,大井,C3一 二三(C3二),1:15.8,0.9,晴,12.6,5.0,,nar,2026-09-03,44.91,63.1,33.6,30.1,29.0,50.9,49.6,履歴少 / 市場オッズ妙味
202644090302,2026-09-03,2,ショウナンマナ,14.0,7.0,中村尚平,54.0,,14.0,14.0,大井,C3一 二,1:18.2,4.4,晴,16.0,16.0,大井,C3二 三,1:17.6,3.4,晴,10.0,10.0,大井,C2十 1112(C211),1:34.2,5.9,晴,10.0,11.0,大井,こと座特別競走(C2),1:54.2,7.2,曇,13.0,13.0,大井,C211 1213(C212),1:18.2,4.2,晴,850.8,16.0,,nar,2026-09-03,31.39,10.0,51.0,0.0,39.5,51.6,43.8,履歴少
202630090302,2026-09-03,2,ジグザグチェイス,2.0,2.0,望月洵輝,55.0,,4.0,7.0,門別,2歳未勝利,1:16.2,0.7,曇,6.0,5.0,門別,JRA認定競走フレッ(2歳),1:18.8,3.3,曇,,,,,,,,,,,,,,,,,,,,,,18.0,7.0,,nar,2026-09-03,51.33,55.8,50.1,34.7,52.1,58.0,51.2,門別実績 / 前走人気以上 / 履歴少 / サンプル少
202644090302,2026-09-03,2,ジョーソーレ,16.0,8.0,田中洸多,54.0,,11.0,11.0,大井,C3一 二,1:47.1,2.9,晴,14.0,14.0,大井,C3二 三,1:16.1,1.9,晴,13.0,13.0,大井,C2八 九,1:46.3,3.5,曇,10.0,10.0,大井,C2九 十11(C2十),1:46.8,3.0,曇,12.0,14.0,大井,C2九 十,1:15.9,2.6,晴,167.6,14.0,,nar,2026-09-03,34.35,12.2,51.4,0.0,57.5,52.2,43.8,履歴少
202644090302,2026-09-03,2,ジーティーウララ,11.0,6.0,岡村健司,54.0,,3.0,7.0,大井,C3一 二,1:14.4,0.6,晴,7.0,10.0,大井,C3二 三,1:14.9,0.7,晴,5.0,7.0,大井,C2十 1112(C211),1:15.8,2.1,晴,5.0,5.0,大井,C215 16,1:15.9,1.2,晴,5.0,7.0,大井,C213 1415(C214),1:30.3,2.2,晴,13.2,6.0,,nar,2026-09-03,67.56,68.9,68.0,75.1,65.0,68.1,56.2,大井実績 / 前走人気以上 / 履歴少 / 人気以上に走る傾向
202655090302,2026-09-03,2,ジーティージン,1.0,1.0,飛田愛斗,56.0,,1.0,1.0,佐賀,九州女子翼来場記念(C1),1:31.6,-0.6,晴,1.0,1.0,佐賀,C1ー14組,1:30.8,-0.1,晴,2.0,2.0,佐賀,C2ー3組,1:32.2,0.4,曇,2.0,2.0,佐賀,C2ー5組,1:31.7,0.2,晴,2.0,1.0,佐賀,C2ー7組,1:31.1,0.1,晴,3.9,2.0,,nar,2026-09-03,71.03,96.4,49.3,100.0,54.5,55.1,59.5,佐賀実績 / 履歴少 / 安定感
202648090302,2026-09-03,2,スピネルテソーロ,6.0,6.0,明星晴大,55.0,,7.0,8.0,名古屋,3歳5組,1:39.1,2.6,晴,7.0,5.0,佐賀,3歳ー6組,1:34.1,2.1,晴,3.0,7.0,佐賀,3歳ー6組,1:34.3,1.9,小雨,10.0,6.0,佐賀,3歳ー7組,1:37.5,4.9,曇,10.0,1.0,佐賀,3歳ー7組,1:37.0,4.4,晴,773.1,11.0,,nar,2026-09-03,45.18,52.3,43.6,19.8,53.0,46.1,48.8,履歴少
202648090302,2026-09-03,2,スージーハルワ,7.0,6.0,柿原翔,57.0,,11.0,7.0,名古屋,3歳5組,1:39.8,3.3,晴,7.0,8.0,名古屋,名古屋モーニングフィ(3歳),1:31.8,1.6,晴,7.0,7.0,名古屋,青嵐賞(3歳),1:30.1,1.8,小雨,3.0,2.0,名古屋,若芽賞(3歳),1:32.0,1.5,曇,1.0,1.0,名古屋,3歳8組,1:32.0,-0.6,晴,249.3,9.0,,nar,2026-09-03,41.03,51.9,42.2,24.9,11.0,50.0,50.5,総合評価
202655090302,2026-09-03,2,セイスカーレット,3.0,3.0,山下裕貴,54.0,,2.0,3.0,佐賀,一発逆転ファイナルレ,1:30.7,0.9,晴,6.0,2.0,佐賀,UMATENA有村の(C1),1:31.5,1.2,雨,2.0,1.0,佐賀,C1ー7組,1:30.0,0.3,小雨,3.0,3.0,佐賀,C1ー8組,1:30.1,0.3,曇,2.0,1.0,佐賀,C1ー9組,1:31.0,0.8,晴,4.7,3.0,,nar,2026-09-03,62.52,82.9,43.0,75.1,57.5,53.3,56.2,佐賀実績 / 履歴少 / 安定感
202644090302,2026-09-03,2,タイセイスパート,10.0,5.0,野畑凌,56.0,,5.0,5.0,大井,C3三 四,1:15.4,1.9,雨,8.0,11.0,大井,C3四 五,1:15.2,1.0,晴,10.0,5.0,川崎,マイアミ賞(C2),1:35.6,3.1,晴,7.0,8.0,川崎,ナイル賞(C2),1:40.5,3.4,晴,8.0,3.0,川崎,デギュスタシオン賞(C2二),1:33.2,2.4,曇,65.9,10.0,,nar,2026-09-03,48.56,49.3,45.7,30.4,69.5,47.7,51.2,大井実績 / 履歴少 / 近走上向き
202630090302,2026-09-03,2,ダンストンルーク,4.0,4.0,藤田凌駕,54.0,,10.0,6.0,門別,2歳未勝利,1:12.1,2.5,曇,6.0,8.0,門別,2歳未勝利,1:10.3,0.9,晴,10.0,12.0,門別,2歳未勝利,1:10.9,1.8,曇,6.0,9.0,門別,2歳未勝利,1:05.3,2.6,曇,5.0,5.0,門別,JRA認定競走フレッ(2歳),1:11.8,3.3,晴,165.5,12.0,,nar,2026-09-03,41.75,44.8,50.8,10.3,30.5,53.5,46.3,履歴少
202655090302,2026-09-03,2,ツィードリヴァ,7.0,7.0,石川慎将,56.0,,3.0,3.0,佐賀,AIパッカル賞(C1),1:32.7,0.7,晴,10.0,1.0,佐賀,フリージア賞(C1),1:32.7,2.2,晴,1.0,2.0,佐賀,C1ー7組,1:31.7,-0.3,曇,1.0,4.0,佐賀,丸福水産杯(C1),1:31.6,-0.9,晴,9.0,5.0,佐賀,佐賀ユースC(重賞),1:31.5,2.2,晴,6.0,4.0,,nar,2026-09-03,56.29,70.6,35.9,64.7,63.5,51.8,52.9,佐賀実績 / 履歴少 / 安定感
202644090302,2026-09-03,2,ディフィラリー,2.0,1.0,瀬川将輝,56.0,,10.0,13.0,大井,C3一 二,1:15.3,1.5,晴,11.0,11.0,大井,C3二 三,1:15.5,1.3,晴,14.0,14.0,大井,C2八 九,1:46.3,3.5,曇,12.0,13.0,大井,C2九 十11(C2十),1:17.7,3.0,曇,5.0,9.0,大井,C211 1213(C212),1:15.6,1.6,晴,82.4,11.0,,nar,2026-09-03,40.79,22.3,60.3,10.3,53.0,56.1,46.3,前走人気以上 / 履歴少
202648090302,2026-09-03,2,デスヨッテニ,11.0,8.0,筒井勇介,55.0,,,,名古屋,3歳5組,,,晴,8.0,10.0,名古屋,ハンブルグ疾風戦(3歳),0:58.3,1.1,晴,10.0,5.0,笠松,ガンバロウ笠松競馬(3歳),1:35.6,2.8,曇,3.0,6.0,笠松,黒神様に感謝!大阪で(3歳),1:33.4,0.6,晴,3.0,5.0,笠松,3歳2組,1:32.8,1.2,曇,388.1,10.0,,nar,2026-09-03,46.97,53.8,51.6,24.9,34.0,54.2,48.8,履歴少
202630090302,2026-09-03,2,ナインファースト,1.0,1.0,金山昇馬,55.0,,2.0,5.0,門別,2歳未勝利,1:15.8,0.3,晴,4.0,5.0,門別,道の駅あびらオリジナ(2歳),1:16.6,0.5,晴,9.0,4.0,門別,2歳未勝利,1:04.5,1.5,曇,5.0,6.0,門別,JRA認定競走アタッ(2歳),1:02.6,1.2,曇,8.0,3.0,門別,JRA認定競走フレッ(2歳),1:11.2,2.2,曇,6.5,5.0,,nar,2026-09-03,61.42,68.5,48.6,69.9,77.0,54.7,52.9,門別実績 / 前走人気以上 / 履歴少 / 近走上向き
202644090302,2026-09-03,2,ナックリーガル,4.0,2.0,高橋昭平,56.0,,7.0,5.0,大井,C2十 1112(C211),1:45.4,1.7,晴,7.0,3.0,大井,C212 1314(C213),1:15.8,1.2,曇,5.0,3.0,大井,C211 1213(C212),1:15.4,0.6,晴,2.0,5.0,大井,C212 1314(C213),1:15.2,0.1,晴,5.0,9.0,大井,C2四 五六(C2五),1:15.3,1.1,晴,29.6,8.0,,nar,2026-09-03,50.43,62.7,42.0,44.7,36.5,55.6,52.9,大井実績 / 履歴少 / 市場オッズ妙味
202630090302,2026-09-03,2,ナーランガ,10.0,7.0,桑村真明,55.0,,6.0,3.0,門別,2歳未勝利,1:55.5,2.1,晴,2.0,3.0,門別,JRA認定競走フレッ(2歳),1:16.8,1.3,曇,,,,,,,,,,,,,,,,,,,,,,3.4,1.0,,nar,2026-09-03,46.1,58.9,40.9,31.7,32.3,49.2,52.1,門別実績 / サンプル少
202644090302,2026-09-03,2,ニチリン,13.0,7.0,笹川翼,54.0,,2.0,2.0,大井,C3一 二,1:14.3,0.5,晴,2.0,1.0,大井,C3四 五,1:14.4,0.2,晴,3.0,1.0,大井,C3一 二,1:14.6,0.1,曇,7.0,1.0,大井,おおた池月・磨墨賞(C2),1:14.5,1.0,晴,1.0,1.0,大井,C2九 十11(C2十),1:14.9,-0.1,曇,2.2,1.0,,nar,2026-09-03,62.78,85.4,39.4,85.4,57.5,47.5,56.2,大井実績 / 履歴少 / 安定感
202648090302,2026-09-03,2,ハタノグランクリュ,2.0,2.0,加藤聡一,57.0,,4.0,1.0,名古屋,金シャチ最終戦(3歳),1:37.2,0.6,晴,5.0,2.0,名古屋,名古屋モーニングフィ(3歳),1:38.1,0.8,晴,1.0,1.0,名古屋,3歳13組,1:38.0,-0.1,曇,11.0,14.0,3東京2,3歳未勝利,1:41.1,1.9,曇,9.0,13.0,2東京7,3歳未勝利,1:21.8,1.5,晴,15.6,4.0,,nar,2026-09-03,60.73,66.4,44.3,75.1,65.0,62.3,59.5,名古屋実績 / 履歴少 / 近走上向き / 安定感
202644090302,2026-09-03,2,ヒタムキ,5.0,3.0,本村直樹,54.0,,11.0,8.0,大井,C3 選抜牝馬,1:34.1,5.4,雨,13.0,13.0,大井,C3二 三,1:48.4,5.0,晴,7.0,7.0,大井,C2十 1112(C211),1:31.2,2.9,晴,11.0,9.0,大井,C212 1314(C213),1:18.7,3.5,曇,10.0,10.0,大井,C211 1213(C212),1:17.4,3.4,晴,215.5,15.0,,nar,2026-09-03,32.98,23.2,41.6,0.0,45.5,47.7,43.8,履歴少
202648090302,2026-09-03,2,ヒデガミティアラ,5.0,5.0,渡辺竜也,55.0,,1.0,1.0,名古屋,3歳9組,1:35.7,-0.2,晴,7.0,13.0,2小倉8,3歳未勝利,1:48.7,2.0,晴,5.0,16.0,2小倉3,3歳未勝利,1:45.8,1.2,曇,15.0,16.0,3京都1,3歳未勝利,1:34.2,1.9,晴,9.0,16.0,1福島2,3歳未勝利,1:10.3,1.0,晴,2.2,2.0,,nar,2026-09-03,69.66,60.5,81.8,50.2,98.0,69.6,55.7,小倉実績 / 前走人気以上 / 人気以上に走る傾向 / 近走上向き
202650090302,2026-09-03,2,ヒマリアン,3.0,3.0,南部楓馬,54.0,,7.0,3.0,園田,C3三,1:36.6,4.2,曇,3.0,6.0,園田,C3四,1:34.4,1.7,晴,7.0,7.0,姫路,C3三,1:39.0,1.3,晴,9.0,10.0,姫路,C3二,1:38.2,3.5,雨,10.0,6.0,姫路,C3二,1:38.7,1.9,晴,18.6,6.0,,nar,2026-09-03,48.45,55.2,44.9,24.9,51.5,56.6,51.5,園田実績 / 前走人気以上 / 市場オッズ妙味
202650090302,2026-09-03,2,フドウミョウオウ,5.0,5.0,佐々木世,54.0,,4.0,7.0,園田,莇原8.5ハロンC3,1:58.7,1.7,曇,12.0,8.0,園田,C3一,0:52.4,1.9,曇,8.0,8.0,園田,C3二,1:34.1,1.5,晴,7.0,7.0,園田,3歳C1二,1:36.0,2.9,雨,8.0,11.0,園田,3歳C1,1:34.8,2.1,曇,8.0,4.0,,nar,2026-09-03,50.95,46.9,51.6,30.4,78.5,55.3,46.3,前走人気以上 / 履歴少 / 近走上向き
202630090302,2026-09-03,2,フロアガリノビール,12.0,8.0,松井伸也,55.0,,5.0,4.0,門別,2歳未勝利,1:16.6,1.1,晴,7.0,4.0,門別,優駿の里安平町早来か(2歳),1:49.2,2.1,晴,6.0,3.0,門別,2歳未勝利,1:40.2,0.7,曇,4.0,5.0,門別,2歳未勝利,1:16.6,0.8,曇,4.0,3.0,門別,2歳未勝利,1:17.3,0.3,晴,20.2,8.0,,nar,2026-09-03,52.7,64.4,38.8,55.3,51.5,51.8,52.9,門別実績 / 履歴少 / 市場オッズ妙味
202648090302,2026-09-03,2,フローラルウェイ,10.0,8.0,今井貴大,55.0,,3.0,8.0,名古屋,金シャチ最終戦(3歳),1:37.1,0.5,晴,4.0,10.0,名古屋,名古屋モーニングフィ(3歳),1:37.8,0.5,晴,1.0,2.0,名古屋,3歳14組,1:39.4,-0.2,曇,8.0,1.0,名古屋,3歳14組,1:39.5,2.3,曇,6.0,4.0,名古屋,3歳9組,1:38.1,0.8,曇,36.1,5.0,,nar,2026-09-03,66.56,76.9,63.9,75.1,60.5,58.2,52.9,名古屋実績 / 前走人気以上 / 履歴少 / 安定感
202644090302,2026-09-03,2,プロシュ,3.0,2.0,遠藤健太,54.0,,12.0,11.0,大井,C3一 二,1:16.2,2.4,晴,12.0,15.0,大井,C3二 三,1:15.7,1.5,晴,6.0,14.0,大井,C2十 1112(C211),1:15.9,2.2,晴,7.0,10.0,大井,C212 1314(C213),1:17.1,1.9,曇,8.0,12.0,大井,C211 1213(C212),1:16.8,2.8,晴,156.2,13.0,,nar,2026-09-03,41.76,30.6,70.1,0.0,27.5,62.0,43.8,履歴少 / 人気以上に走る傾向
202648090302,2026-09-03,2,ホレキタヤレキタ,8.0,7.0,大畑慧悟,57.0,,6.0,9.0,名古屋,金シャチ最終戦(3歳),1:38.0,1.4,晴,6.0,6.0,名古屋,名古屋から世界へ!馬(3歳),1:38.4,1.2,晴,8.0,4.0,名古屋,3歳4組,1:37.8,2.9,曇,4.0,5.0,名古屋,若芽賞(3歳),1:32.3,1.8,曇,2.0,10.0,名古屋,3歳5組,1:36.8,0.5,晴,120.0,7.0,,nar,2026-09-03,52.66,62.5,57.7,24.9,44.0,57.8,49.6,前走人気以上 / 履歴少
202630090302,2026-09-03,2,マフイカ,7.0,6.0,岩橋勇二,55.0,,9.0,2.0,門別,2歳未勝利,1:18.4,2.9,晴,4.0,3.0,門別,JRA認定競走フレッ(2歳),1:10.2,1.2,雨,,,,,,,,,,,,,,,,,,,,,,21.6,9.0,,nar,2026-09-03,38.7,47.7,29.0,31.7,29.0,42.8,51.2,門別実績 / 履歴少 / サンプル少 / 市場オッズ妙味
202655090302,2026-09-03,2,ミッキージェントル,6.0,6.0,山口勲,56.0,,1.0,2.0,佐賀,サガデーナイト競馬賞(C1),1:31.6,-0.1,晴,9.0,1.0,佐賀,里帰りJC第1戦ホー(C1),1:33.5,2.1,晴,1.0,1.0,佐賀,ムーンストーン賞(C1),1:30.6,-0.5,曇,2.0,4.0,佐賀,こぐま座特選(C2),1:30.7,0.1,晴,2.0,4.0,佐賀,大寒特選(C2),2:00.9,1.1,晴,2.0,1.0,,nar,2026-09-03,62.54,82.1,41.7,75.1,65.0,51.0,56.2,佐賀実績 / 履歴少 / 近走上向き / 安定感
202650090302,2026-09-03,2,ミラクルサーダ,9.0,8.0,山本屋太,55.0,,10.0,9.0,園田,C3二,1:37.7,4.3,曇,7.0,8.0,園田,網掛7ハロンC3一,1:35.7,2.5,曇,2.0,8.0,園田,C3四,1:34.6,0.6,晴,7.0,7.0,園田,C3二,1:38.3,3.0,曇,6.0,6.0,園田,C3二,1:37.1,2.2,晴,47.6,10.0,,nar,2026-09-03,46.83,53.4,57.9,19.8,23.0,58.6,46.3,履歴少 / 市場オッズ妙味
202650090302,2026-09-03,2,メイショウマンゲツ,10.0,8.0,小谷哲平,54.0,,5.0,6.0,園田,C3二,1:34.9,1.2,曇,5.0,2.0,園田,C3二,1:35.9,2.0,曇,9.0,7.0,姫路,C3一,1:38.1,1.8,晴,7.0,8.0,姫路,有年楢原7ハロンC2,1:38.7,2.0,曇,11.0,9.0,姫路,パカやろう!如月の蹄(C2),1:44.4,2.8,曇,5.7,3.0,,nar,2026-09-03,54.04,54.4,43.7,55.3,68.0,54.2,59.5,園田実績 / 履歴少 / 近走上向き
202630090302,2026-09-03,2,リコーゴータ,5.0,5.0,宮内勇樹,55.0,,3.0,3.0,門別,2歳未勝利,1:16.1,0.6,晴,7.0,3.0,門別,JRA認定競走アタッ(2歳),1:16.8,1.8,曇,5.0,5.0,門別,JRA認定競走アタッ(2歳),1:56.7,2.3,曇,4.0,3.0,門別,JRA認定競走フレッ(2歳),1:55.6,3.7,曇,,,,,,,,6.2,4.0,,nar,2026-09-03,58.04,70.3,41.1,64.7,64.0,53.7,55.3,門別実績 / 履歴少 / 安定感
202630090302,2026-09-03,2,リックベッラ,6.0,5.0,黒澤愛斗,55.0,,2.0,1.0,門別,グランシャリオドリー(2歳),1:03.1,0.2,晴,6.0,7.0,門別,道の駅あびらオリジナ(2歳),1:16.8,0.7,晴,8.0,9.0,門別,2歳未勝利,1:17.3,1.8,曇,6.0,7.0,門別,JRA認定競走アタッ(2歳),1:11.0,1.7,曇,7.0,11.0,門別,JRA認定競走フレッ(2歳),1:11.7,3.0,曇,17.8,6.0,,nar,2026-09-03,58.11,65.7,54.9,30.4,78.5,63.1,46.3,履歴少 / 近走上向き / 市場オッズ妙味
202644090302,2026-09-03,2,ルネサンスクラブ,1.0,1.0,和田譲治,56.0,,6.0,4.0,大井,C3一 二,1:14.8,1.0,晴,3.0,6.0,大井,C3二 三,1:14.3,0.1,晴,4.0,5.0,大井,C212 1314(C213),1:16.1,0.9,曇,3.0,4.0,大井,3歳六 七,1:45.2,1.2,晴,2.0,6.0,大井,3歳七 八九(3歳八),1:29.6,1.5,曇,6.6,3.0,,nar,2026-09-03,61.34,76.0,56.3,69.6,32.0,62.6,56.2,大井実績 / 履歴少 / 安定感
202644090302,2026-09-03,2,ルビーギャラクシー,15.0,8.0,吉井章,54.0,,4.0,7.0,大井,C214 1516(C215),1:15.5,1.8,曇,5.0,6.0,大井,3歳 選抜牝馬,1:15.1,1.4,曇,1.0,3.0,大井,3歳十 11,1:15.5,0.0,雨,6.0,5.0,大井,3歳九 十11(3歳十),1:16.6,1.8,晴,12.0,3.0,大井,3歳八 九,1:18.6,3.5,晴,18.0,7.0,,nar,2026-09-03,62.44,69.8,53.4,75.1,62.0,59.6,52.9,大井実績 / 前走人気以上 / 履歴少 / 安定感
202650090302,2026-09-03,2,レンガノコブタサン,7.0,7.0,高橋洸佑,52.0,,8.0,7.0,園田,薬研堀7ハロンC3一,1:36.6,2.7,晴,4.0,5.0,園田,C3三,1:35.7,2.7,曇,5.0,4.0,園田,C3四,1:35.1,2.4,晴,8.0,4.0,園田,C3二,1:36.7,3.2,曇,7.0,5.0,園田,C3二,1:35.2,1.5,曇,21.1,7.0,,nar,2026-09-03,48.58,57.5,42.7,44.7,38.0,51.8,50.5,市場オッズ妙味
202655090302,2026-09-03,2,ロイヤルデバイサー,4.0,4.0,竹吉徹,56.0,,2.0,7.0,佐賀,AIパッカル賞(C1),1:32.6,0.6,晴,5.0,9.0,佐賀,UMATENA有村の(C1),1:31.5,1.2,雨,6.0,4.0,佐賀,サンスベリア賞(C1),1:24.6,1.0,小雨,5.0,5.0,佐賀,UMATENA桜衣か(C1),1:31.4,1.5,晴,6.0,8.0,佐賀,C1ー5組,1:31.9,1.1,晴,22.0,5.0,,nar,2026-09-03,67.22,72.9,66.3,69.9,71.0,62.1,52.9,佐賀実績 / 前走人気以上 / 履歴少 / 人気以上に走る傾向
202644090302,2026-09-03,2,ロクスマリアンヌ,6.0,3.0,西啓太,54.0,,9.0,6.0,大井,C3一 二,1:15.3,1.5,晴,8.0,4.0,大井,C3二 三,1:15.2,1.0,晴,6.0,3.0,大井,C3一 二,1:15.0,0.5,曇,3.0,3.0,大井,C3一 二,1:14.9,0.7,晴,13.0,4.0,大井,C3一 二三(C3二),1:16.2,1.6,晴,11.9,4.0,,nar,2026-09-03,36.47,46.4,26.0,14.6,41.0,42.4,46.3,履歴少
202650090302,2026-09-03,2,ワンダーエルピス,6.0,6.0,杉浦健太,55.0,,6.0,8.0,園田,C3二,1:36.6,3.2,曇,9.0,3.0,園田,C3三,1:36.8,2.9,晴,7.0,3.0,園田,C3二,1:37.2,2.8,曇,3.0,4.0,園田,C3二,1:35.9,1.0,晴,8.0,3.0,園田,C3二,1:35.9,2.2,曇,23.1,8.0,,nar,2026-09-03,43.25,54.3,35.7,14.6,54.5,46.9,46.3,履歴少 / 市場オッズ妙味
202650090302,2026-09-03,2,ワンダーモノリス,4.0,4.0,松木大地,56.0,,8.0,7.0,園田,C3三,1:35.0,1.6,晴,10.0,9.0,園田,柞田7ハロン3歳C2,1:36.2,2.7,曇,11.0,7.0,姫路,向陽台ダッシュ3歳C(C2),0:54.4,3.0,雨,,,,,,,,,,,,,,,24.0,9.0,,nar,2026-09-03,36.83,32.4,37.5,0.0,65.0,45.2,46.5,近走上向き
202648090302,2026-09-03,2,ヴェロシア,9.0,7.0,塚本征吾,57.0,,2.0,1.0,名古屋,3歳7組,1:36.6,0.0,晴,1.0,1.0,名古屋,3歳12組,1:36.6,-0.3,雨,12.0,7.0,2小倉1,3歳未勝利,2:02.3,2.1,曇,8.0,10.0,2阪神1,3歳未勝利,1:55.8,3.0,晴,11.0,5.0,1阪神8,3歳未勝利,1:57.3,2.3,曇,1.8,1.0,,nar,2026-09-03,56.47,63.7,38.7,55.3,86.0,46.0,59.5,名古屋実績 / 履歴少 / 近走上向き
202655090303,2026-09-03,3,アラウズ,6.0,6.0,竹吉徹,56.0,,5.0,5.0,佐賀,C2ー23組,1:27.8,1.9,曇,8.0,5.0,笠松,C7組,1:35.5,3.2,雨,9.0,7.0,笠松,C級セレクション,1:51.5,4.7,晴,5.0,1.0,笠松,リクユウすっちーあり(C),1:33.5,1.3,晴,2.0,1.0,笠松,俺がむうちゃん杯(C),1:32.7,0.1,晴,28.8,6.0,,nar,2026-09-03,50.42,58.2,37.2,55.3,56.0,49.8,48.8,履歴少 / 市場オッズ妙味
202648090303,2026-09-03,3,アンファール,3.0,3.0,小笠原羚,52.0,,2.0,3.0,名古屋,金シャチ最終戦(3歳),1:36.9,0.3,晴,4.0,5.0,名古屋,名古屋から世界へ!馬(3歳),1:38.1,0.9,晴,2.0,9.0,名古屋,3歳7組,1:37.4,0.7,晴,5.0,6.0,名古屋,のあち27歳おめでと(3歳),1:37.9,1.0,曇,6.0,9.0,名古屋,3歳7組,1:38.4,1.1,曇,13.5,5.0,,nar,2026-09-03,72.49,81.2,66.7,89.7,63.5,69.5,56.2,名古屋実績 / 履歴少 / 人気以上に走る傾向 / 安定感
202648090303,2026-09-03,3,インサラータ,1.0,1.0,近藤颯羽,52.0,,2.0,2.0,名古屋,3歳5組,1:37.7,1.2,晴,1.0,5.0,名古屋,きょうかちゃん生誕記(3歳),1:36.7,0.0,晴,8.0,4.0,名古屋,名古屋モーニングフィ(3歳),1:37.8,1.5,曇,2.0,2.0,名古屋,3歳12組,1:38.2,0.0,曇,11.0,10.0,2東京8,3歳未勝利,2:19.9,4.9,晴,4.9,2.0,,nar,2026-09-03,63.91,77.1,50.7,69.9,71.0,56.1,54.0,名古屋実績 / 前走人気以上 / 近走上向き / 安定感
202655090303,2026-09-03,3,エクセレンプライム,5.0,5.0,田中純,54.0,,8.0,6.0,佐賀,C2ー22組,1:36.6,2.8,曇,7.0,5.0,佐賀,3歳ー8組,1:35.8,3.7,晴,6.0,5.0,佐賀,3歳ー8組,1:25.8,1.5,雨,5.0,2.0,佐賀,3歳ー9組,1:34.2,1.9,晴,6.0,3.0,佐賀,3歳ー8組,1:34.4,2.8,曇,21.9,5.0,,nar,2026-09-03,41.58,54.3,35.6,14.6,38.0,47.6,48.5,市場オッズ妙味
202630090303,2026-09-03,3,エンシャントアテナ,1.0,1.0,望月洵輝,55.0,,5.0,4.0,門別,JRA認定競走アタッ(2歳),1:10.3,1.0,曇,1.0,5.0,門別,2歳牝馬未勝利,1:03.0,-0.1,曇,8.0,4.0,門別,JRA認定競走フレッ(2歳),1:04.3,2.9,曇,,,,,,,,,,,,,,,6.2,4.0,,nar,2026-09-03,57.64,72.3,49.1,55.3,47.0,56.7,54.0,門別実績 / 履歴少
202630090303,2026-09-03,3,カスケードループ,7.0,7.0,小野楓馬,55.0,,1.0,1.0,門別,2歳未勝利,1:02.8,-1.1,晴,,,門別,2歳未勝利,,,曇,5.0,5.0,門別,JRA認定競走アタッ(2歳),1:16.2,1.2,曇,5.0,3.0,門別,JRA認定競走アタッ(2歳),1:10.9,2.4,曇,4.0,5.0,門別,JRA認定競走フレッ(2歳),1:09.5,0.5,曇,2.7,1.0,,nar,2026-09-03,65.63,82.1,48.2,75.1,72.0,53.4,59.5,門別実績 / 履歴少 / 近走上向き / 安定感
202648090303,2026-09-03,3,カリビアンダンサー,6.0,5.0,大畑雅章,55.0,,7.0,8.0,名古屋,ブラックベリー賞(3歳),1:31.3,1.3,晴,10.0,9.0,名古屋,3歳3組,1:38.5,2.3,晴,8.0,1.0,名古屋,牛兄、係長でも頑張れ(3歳),1:38.6,1.9,晴,6.0,4.0,名古屋,優駿DAYオープニン(3歳),1:50.8,0.7,晴,2.0,3.0,名古屋,薫風賞(3歳),1:52.7,0.1,曇,31.3,10.0,,nar,2026-09-03,41.78,49.7,39.4,10.3,47.0,47.6,48.5,市場オッズ妙味
202644090303,2026-09-03,3,グングン,2.0,2.0,杉山海波,51.0,,3.0,5.0,大井,2歳 新馬,1:30.6,1.0,晴,,,大井,2歳 新馬,,,曇,,,,,,,,,,,,,,,,,,,,,,4.5,2.0,,nar,2026-09-03,43.96,48.1,43.7,36.3,40.6,42.0,48.8,履歴少 / サンプル少
202650090303,2026-09-03,3,コウジュンケムク,1.0,1.0,吉村智洋,56.0,,,,,,,,,,,,,,,,,,,,,,,,,,,,,,,,,,,,,4.1,3.0,,nar,2026-09-03,36.0,35.0,35.0,35.0,35.0,35.0,45.0,履歴少
202648090303,2026-09-03,3,コパノカーター,12.0,8.0,細川智史,57.0,,1.0,6.0,名古屋,3歳8組,1:36.9,0.0,晴,6.0,11.0,名古屋,りょう&とうこ結婚お(3歳),1:37.8,1.2,晴,7.0,7.0,名古屋,名古屋モーニングフィ(3歳),1:39.6,2.0,晴,6.0,6.0,名古屋,3歳8組,1:38.5,2.3,晴,4.0,4.0,名古屋,3歳7組,1:39.2,1.5,曇,16.2,7.0,,nar,2026-09-03,65.71,72.2,69.4,40.7,78.5,68.4,49.6,前走人気以上 / 履歴少 / 人気以上に走る傾向 / 近走上向き
202648090303,2026-09-03,3,シンクシビリティ,7.0,6.0,渡辺竜也,55.0,,2.0,3.0,名古屋,3歳6組,1:36.0,0.7,晴,3.0,4.0,名古屋,名古屋モーニングフィ(3歳),1:37.8,0.5,晴,2.0,5.0,名古屋,名古屋モーニングフィ(3歳),1:38.1,0.5,晴,7.0,5.0,名古屋,のあち27歳おめでと(3歳),1:38.1,1.2,曇,15.0,17.0,2東京12,3歳未勝利,1:35.4,1.6,晴,5.2,4.0,,nar,2026-09-03,67.09,74.7,57.4,75.1,78.5,60.3,55.3,名古屋実績 / 履歴少 / 近走上向き / 安定感
202648090303,2026-09-03,3,スターアライズ,8.0,6.0,加藤誓二,55.0,,9.0,11.0,名古屋,3歳4組,1:38.2,3.0,晴,7.0,10.0,名古屋,オットネル賞(3歳),1:55.8,1.3,晴,8.0,11.0,名古屋,名古屋モーニングフィ(3歳),1:31.8,1.6,晴,10.0,10.0,名古屋,青嵐賞(3歳),1:30.5,2.2,小雨,10.0,8.0,名古屋,牛兄、係長でも頑張れ(3歳),1:39.6,2.9,晴,113.3,12.0,,nar,2026-09-03,44.15,39.6,62.2,0.0,48.5,54.8,46.5,前走人気以上
202650090303,2026-09-03,3,スノーウィザード,2.0,2.0,小牧太,56.0,,,,,,,,,,,,,,,,,,,,,,,,,,,,,,,,,,,,,2.5,1.0,,nar,2026-09-03,36.0,35.0,35.0,35.0,35.0,35.0,45.0,履歴少
202650090303,2026-09-03,3,スマイルハピネス,6.0,6.0,山本咲希,55.0,,,,,,,,,,,,,,,,,,,,,,,,,,,,,,,,,,,,,9.3,4.0,,nar,2026-09-03,36.0,35.0,35.0,35.0,35.0,35.0,45.0,履歴少
202630090303,2026-09-03,3,スマートウェイン,8.0,8.0,服部茂史,55.0,,6.0,9.0,門別,JRA認定競走アタッ(2歳),1:16.3,1.9,晴,4.0,4.0,門別,JRA認定競走アタッ(2歳),1:16.8,1.7,雨,1.0,1.0,門別,2歳未勝利,1:02.8,-0.4,曇,3.0,3.0,門別,2歳未勝利,1:10.9,1.1,曇,9.0,8.0,門別,JRA認定競走アタッ(2歳),1:10.3,2.5,晴,5.9,3.0,,nar,2026-09-03,59.11,72.9,55.7,59.3,39.5,58.9,52.5,門別実績 / 前走人気以上
202655090303,2026-09-03,3,チェリースクワート,1.0,1.0,出水拓人,56.0,,8.0,10.0,佐賀,C2ー23組,1:28.8,2.9,曇,9.0,11.0,佐賀,C2ー17組,1:36.3,3.4,晴,8.0,8.0,佐賀,SAGAリベンジャー(C2),1:37.5,3.1,曇,8.0,5.0,佐賀,SAGAリベンジャー(C2),2:06.6,3.5,晴,4.0,8.0,佐賀,SAGAリベンジャー(C2),1:36.8,2.6,曇,207.1,11.0,,nar,2026-09-03,45.73,45.3,57.6,10.3,45.5,54.8,48.5,総合評価
202650090303,2026-09-03,3,チェリースコール,3.0,3.0,井上幹太,56.0,,,,,,,,,,,,,,,,,,,,,,,,,,,,,,,,,,,,,17.0,7.0,,nar,2026-09-03,36.0,35.0,35.0,35.0,35.0,35.0,45.0,履歴少
202644090303,2026-09-03,3,チャトラン,1.0,1.0,西優哉,51.0,,7.0,7.0,大井,2歳一 二,1:16.2,3.0,晴,3.0,6.0,大井,2歳 新馬,1:16.4,1.9,晴,,,,,,,,,,,,,,,,,,,,,,18.8,9.0,,nar,2026-09-03,48.68,54.5,50.7,31.7,32.3,60.3,51.2,大井実績 / 履歴少 / サンプル少 / 市場オッズ妙味
202644090303,2026-09-03,3,ディセントラリーフ,9.0,8.0,町田直希,54.0,,4.0,3.0,大井,2歳 新馬,1:32.7,2.6,雨,,,,,,,,,,,,,,,,,,,,,,,,,,,,,12.6,8.0,,nar,2026-09-03,42.01,46.4,39.1,36.3,40.6,39.5,48.8,履歴少 / サンプル少
202644090303,2026-09-03,3,デストロイヤー,8.0,7.0,和田譲治,54.0,,3.0,7.0,大井,2歳三 四,1:31.6,1.8,曇,4.0,5.0,大井,2歳三,1:16.6,1.4,晴,10.0,11.0,大井,2歳一,1:31.8,3.5,曇,8.0,8.0,大井,2歳一,1:18.1,3.9,曇,6.0,5.0,大井,2歳 新馬,1:18.4,3.3,晴,11.6,7.0,,nar,2026-09-03,61.55,62.6,60.9,55.3,74.0,63.7,49.6,前走人気以上 / 履歴少 / 近走上向き
202644090303,2026-09-03,3,デンティンブリッジ,5.0,5.0,野畑凌,54.0,,3.0,7.0,大井,2歳 新馬,1:47.4,0.6,雨,,,,,,,,,,,,,,,,,,,,,,,,,,,,,9.7,6.0,,nar,2026-09-03,44.7,48.1,46.8,36.3,40.6,42.0,48.8,前走人気以上 / 履歴少 / サンプル少
202648090303,2026-09-03,3,トントンビョウシ,9.0,7.0,明星晴大,55.0,,11.0,10.0,名古屋,3歳4組,1:38.8,3.6,晴,10.0,6.0,名古屋,オットネル賞(3歳),1:57.7,3.2,晴,,,名古屋,青嵐賞(3歳),,,小雨,9.0,9.0,名古屋,牛兄、係長でも頑張れ(3歳),1:38.8,2.1,晴,9.0,7.0,名古屋,若夏特別(3歳),1:31.5,2.5,曇,55.7,11.0,,nar,2026-09-03,32.04,27.5,36.8,0.0,40.0,45.2,43.8,履歴少
202648090303,2026-09-03,3,ナムラキングダム,4.0,4.0,塚本征吾,57.0,,4.0,1.0,名古屋,3歳4組,1:37.1,1.9,晴,5.0,1.0,名古屋,オットネル賞(3歳),1:55.5,1.0,晴,1.0,1.0,名古屋,3歳4組,1:36.8,-0.6,曇,2.0,2.0,名古屋,3歳5組,1:31.5,0.2,晴,15.0,15.0,1阪神7,3歳未勝利,1:28.3,2.8,晴,5.1,3.0,,nar,2026-09-03,60.6,73.2,36.6,89.7,60.5,52.4,59.5,名古屋実績 / 履歴少 / 安定感
202655090303,2026-09-03,3,ハガクレトップ,3.0,3.0,田中直人,54.0,,2.0,5.0,佐賀,C2ー25組,1:27.7,0.6,曇,4.0,5.0,佐賀,SAGAリベンジャー(3歳),0:56.5,1.0,晴,6.0,8.0,佐賀,SAGAリベンジャー(3歳),1:28.2,1.3,曇,11.0,8.0,佐賀,SAGAリベンジャー(3歳),1:28.0,3.0,晴,10.0,8.0,佐賀,SAGAリベンジャー(3歳),1:28.5,2.8,曇,29.7,7.0,,nar,2026-09-03,61.32,64.6,56.4,55.3,84.5,56.9,49.6,前走人気以上 / 履歴少 / 近走上向き / 市場オッズ妙味
202655090303,2026-09-03,3,ハデステソーロ,11.0,8.0,山口勲,56.0,,6.0,3.0,3東京3,3歳未勝利,1:38.4,1.2,晴,6.0,3.0,2東京10,3歳未勝利,1:39.0,1.1,晴,10.0,7.0,4中山6,2歳未勝利,2:03.3,1.7,曇,5.0,3.0,2福島4,2歳新馬,2:10.8,2.7,曇,,,,,,,,1.2,1.0,,nar,2026-09-03,41.6,54.3,30.1,14.6,56.0,41.6,48.8,履歴少
202644090303,2026-09-03,3,バイナリーパルサー,10.0,8.0,藤本現暉,54.0,,3.0,2.0,大井,2歳 新馬,1:29.9,3.0,晴,,,,,,,,,,,,,,,,,,,,,,,,,,,,,3.9,1.0,,nar,2026-09-03,42.5,48.1,39.1,36.3,40.6,39.5,48.8,履歴少 / サンプル少
202655090303,2026-09-03,3,ヒコボシ,4.0,4.0,山下裕貴,56.0,,2.0,8.0,佐賀,C2ー26組,1:27.9,0.1,晴,5.0,4.0,金沢,3歳B 8,1:36.0,1.8,晴,4.0,1.0,金沢,3歳B 6,1:43.5,0.9,晴,13.0,15.0,2東京11,3歳未勝利,2:27.1,2.5,晴,13.0,12.0,3中山8,3歳未勝利,2:03.0,2.6,晴,14.7,4.0,,nar,2026-09-03,64.64,60.9,58.2,75.1,90.5,63.4,48.8,前走人気以上 / 履歴少 / 近走上向き / 安定感
202648090303,2026-09-03,3,フィアマネラ,10.0,7.0,山田祥雄,57.0,,3.0,9.0,名古屋,オットネル賞(3歳),1:55.1,0.6,晴,4.0,6.0,名古屋,夏波賞(3歳),0:58.3,1.9,晴,4.0,8.0,名古屋,3歳4組,1:37.1,2.2,曇,7.0,9.0,名古屋,若芽賞(3歳),1:32.6,2.1,曇,9.0,10.0,名古屋,3歳4組,1:39.4,3.0,小雨,23.3,9.0,,nar,2026-09-03,69.42,70.8,74.6,75.1,68.0,66.0,52.9,名古屋実績 / 前走人気以上 / 履歴少 / 人気以上に走る傾向
202648090303,2026-09-03,3,フェスティヴニーサ,2.0,2.0,加藤聡一,57.0,,6.0,7.0,名古屋,ブラックベリー賞(3歳),1:31.1,1.1,晴,2.0,4.0,名古屋,ハンブルグ疾風戦(3歳),0:57.2,0.0,晴,3.0,8.0,名古屋,3歳6組,1:38.8,1.2,晴,6.0,5.0,名古屋,3歳4組,1:37.7,2.8,曇,5.0,6.0,名古屋,3歳6組,1:39.9,2.3,曇,23.1,8.0,,nar,2026-09-03,60.59,73.5,62.2,55.0,38.0,61.5,52.9,名古屋実績 / 履歴少 / 市場オッズ妙味
202648090303,2026-09-03,3,フライデイゼーン,5.0,5.0,柿原翔,57.0,,1.0,5.0,名古屋,金シャチ最終戦(3歳),1:37.6,-0.9,晴,10.0,9.0,名古屋,りょう&とうこ結婚お(3歳),1:39.7,3.1,晴,2.0,2.0,名古屋,アジア・アジアパラ応(3歳),1:38.5,0.4,晴,3.0,4.0,名古屋,3歳11組,1:38.1,0.8,曇,13.0,13.0,2東京9,3歳未勝利,1:27.7,3.1,曇,15.1,6.0,,nar,2026-09-03,65.44,68.2,57.8,64.7,86.0,64.2,54.0,名古屋実績 / 前走人気以上 / 近走上向き / 安定感
202630090303,2026-09-03,3,ベイビーノンチャン,3.0,3.0,石川倭,55.0,,1.0,1.0,門別,2歳牝馬未勝利,1:09.3,-0.1,晴,5.0,7.0,門別,2歳未勝利,1:15.4,0.1,曇,11.0,1.0,門別,2歳未勝利,1:18.0,3.5,雨,2.0,2.0,門別,JRA認定競走フレッ(2歳),1:09.6,1.6,晴,,,,,,,,3.5,2.0,,nar,2026-09-03,59.8,72.2,38.5,69.9,80.0,48.8,55.3,門別実績 / 履歴少 / 近走上向き / 安定感
202644090303,2026-09-03,3,ベルウッドスバル,4.0,4.0,笹川翼,54.0,,3.0,2.0,大井,2歳 新馬,1:17.5,0.8,曇,,,,,,,,,,,,,,,,,,,,,,,,,,,,,5.9,3.0,,nar,2026-09-03,42.5,48.1,39.1,36.3,40.6,39.5,48.8,履歴少 / サンプル少
202630090303,2026-09-03,3,ペトロパッション,4.0,4.0,桑村真明,55.0,,6.0,9.0,門別,JRA認定競走アタッ(2歳),1:02.9,1.8,曇,6.0,5.0,門別,JRA認定競走アタッ(2歳),1:03.4,2.0,晴,1.0,2.0,門別,2歳未勝利,1:02.8,-0.2,曇,5.0,6.0,門別,2歳未勝利,1:02.7,1.7,曇,8.0,9.0,門別,JRA認定競走フレッ(2歳),1:11.9,4.1,曇,12.8,6.0,,nar,2026-09-03,55.69,67.4,57.8,34.3,44.0,61.4,49.6,前走人気以上 / 履歴少 / 市場オッズ妙味
202655090303,2026-09-03,3,ボンレジェンド,9.0,7.0,飛田愛斗,56.0,,5.0,6.0,佐賀,3歳ー8組,1:34.4,2.6,晴,5.0,2.0,佐賀,大分の牛乳はたまがる(3歳),1:28.0,2.0,晴,2.0,8.0,佐賀,3歳ー8組,1:26.1,0.3,晴,9.0,3.0,佐賀,3歳ー7組,1:27.9,1.3,晴,6.0,8.0,佐賀,3歳ー7組,1:34.4,2.1,晴,30.0,8.0,,nar,2026-09-03,59.49,67.2,50.5,75.1,53.0,56.3,52.9,佐賀実績 / 履歴少 / 安定感 / 市場オッズ妙味
202644090303,2026-09-03,3,ポケットブルー,7.0,7.0,鷹見陸,54.0,,3.0,4.0,大井,2歳 新馬,1:32.7,2.6,雨,,,,,,,,,,,,,,,,,,,,,,,,,,,,,9.4,5.0,,nar,2026-09-03,43.55,48.1,42.2,36.3,40.6,41.7,48.8,履歴少 / サンプル少
202644090303,2026-09-03,3,ポッドマデラ,6.0,6.0,藤田凌,54.0,,7.0,6.0,大井,フレッシュスター特別(2歳),1:29.1,2.1,晴,3.0,4.0,大井,2歳 新馬,1:30.0,2.0,晴,,,,,,,,,,,,,,,,,,,,,,8.1,4.0,,nar,2026-09-03,46.43,54.5,45.1,31.7,32.3,53.8,51.2,大井実績 / 履歴少 / サンプル少
202648090303,2026-09-03,3,マイネルスラーヴァ,11.0,8.0,今井貴大,57.0,,3.0,7.0,名古屋,3歳4組,1:36.8,1.6,晴,1.0,1.0,名古屋,3歳9組,1:37.5,-1.2,晴,5.0,4.0,名古屋,きょうかちゃん生誕記(3歳),1:38.9,2.2,晴,15.0,16.0,3東京2,3歳未勝利,2:17.9,5.2,曇,12.0,15.0,2中山5,3歳未勝利,1:59.0,3.6,晴,3.2,1.0,,nar,2026-09-03,65.48,65.1,60.3,75.1,81.5,59.5,56.4,名古屋実績 / 前走人気以上 / 近走上向き / 安定感
202650090303,2026-09-03,3,マルサンダー,7.0,7.0,廣瀬航,56.0,,,,,,,,,,,,,,,,,,,,,,,,,,,,,,,,,,,,,3.7,2.0,,nar,2026-09-03,36.0,35.0,35.0,35.0,35.0,35.0,45.0,履歴少
202655090303,2026-09-03,3,ミヤビバエル,10.0,8.0,青海大樹,55.0,,6.0,2.0,佐賀,C2ー22組,1:35.3,1.5,曇,3.0,3.0,佐賀,C2ー16組,1:32.9,1.9,晴,3.0,4.0,佐賀,C2ー13組,1:26.3,0.9,曇,11.0,9.0,名古屋,金シャチ最終戦(C),1:38.7,1.4,晴,9.0,12.0,名古屋,父の日のプレゼントな(C),1:39.2,1.8,晴,13.3,3.0,,nar,2026-09-03,53.19,62.4,43.0,44.7,53.0,59.7,53.1,佐賀実績 / 市場オッズ妙味
202644090303,2026-09-03,3,ムサシウォリアー,3.0,3.0,中村尚平,54.0,,4.0,7.0,大井,2歳 新馬,1:32.0,5.1,晴,,,,,,,,,,,,,,,,,,,,,,,,,,,,,19.7,10.0,,nar,2026-09-03,43.83,46.4,45.3,36.3,40.6,42.0,48.8,前走人気以上 / 履歴少 / サンプル少
202650090303,2026-09-03,3,ヤクモフローラ,5.0,5.0,塩津璃菜,51.0,,,,,,,,,,,,,,,,,,,,,,,,,,,,,,,,,,,,,11.1,5.0,,nar,2026-09-03,36.0,35.0,35.0,35.0,35.0,35.0,45.0,履歴少
202655090303,2026-09-03,3,リッカローラ,2.0,2.0,長谷川蓮,54.0,,6.0,6.0,佐賀,九州の牧場で働こう!(C2),1:33.2,1.6,曇,9.0,6.0,佐賀,SAGAリベンジャー(C2),0:57.5,2.2,小雪,6.0,5.0,佐賀,C2ー12組,1:33.2,1.3,曇,6.0,6.0,佐賀,SAGAリベンジャー(C2),0:56.2,0.9,曇,11.0,3.0,佐賀,C2ー4組,1:34.2,2.3,曇,32.9,9.0,,nar,2026-09-03,41.11,49.9,37.6,0.0,62.0,45.0,43.8,履歴少 / 市場オッズ妙味
202630090303,2026-09-03,3,リュウノマッスル,2.0,2.0,金山昇馬,55.0,,11.0,11.0,門別,JRA認定競走アタッ(2歳),1:18.2,3.8,晴,11.0,6.0,門別,JRA認定競走アタッ(2歳),1:18.9,3.8,雨,8.0,8.0,門別,JRA認定競走アタッ(2歳),1:57.3,5.0,晴,6.0,2.0,門別,JRA認定競走アタッ(2歳),1:03.8,1.8,曇,1.0,1.0,門別,2歳未勝利,1:01.7,0.0,曇,10.5,5.0,,nar,2026-09-03,35.2,38.8,37.2,10.3,23.0,46.8,48.5,総合評価
202655090303,2026-09-03,3,リルマイベイビー,7.0,6.0,椿聡太,51.0,,12.0,4.0,佐賀,2歳ー5組,1:31.0,5.4,晴,3.0,3.0,佐賀,たんぽぽ賞チャレンジ(2歳),1:27.7,1.8,曇,2.0,5.0,佐賀,2歳ー6組,0:57.3,1.0,晴,8.0,7.0,佐賀,2歳ー5組,1:30.5,2.8,晴,7.0,5.0,佐賀,2歳ー5組,1:30.8,4.4,曇,88.5,10.0,,nar,2026-09-03,41.63,54.6,34.7,44.7,8.0,48.3,49.6,履歴少
202650090303,2026-09-03,3,リンゴヒメ,4.0,4.0,小谷哲平,54.0,,,,,,,,,,,,,,,,,,,,,,,,,,,,,,,,,,,,,12.3,6.0,,nar,2026-09-03,36.0,35.0,35.0,35.0,35.0,35.0,45.0,履歴少
202630090303,2026-09-03,3,ルミナスワン,6.0,6.0,松井伸也,55.0,,8.0,8.0,門別,JRA認定競走アタッ(2歳),1:03.7,2.6,曇,1.0,6.0,門別,優駿の里安平町夢民舎(2歳),1:03.1,-0.1,晴,10.0,12.0,門別,2歳未勝利,1:17.9,3.4,雨,8.0,7.0,門別,JRA認定競走フレッ(2歳),1:12.0,4.0,晴,,,,,,,,40.6,8.0,,nar,2026-09-03,51.34,56.0,61.7,24.9,40.0,59.6,47.1,履歴少 / 市場オッズ妙味
202655090303,2026-09-03,3,ロードアルフィーネ,8.0,7.0,長田進仁,56.0,,7.0,10.0,盛岡,C1,1:15.5,1.0,晴,10.0,3.0,盛岡,C1,1:02.2,2.3,曇,4.0,9.0,盛岡,C1,1:14.8,1.0,晴,9.0,8.0,水沢,C1,0:51.7,1.1,曇,9.0,6.0,水沢,C1,0:51.3,0.8,曇,10.9,2.0,,nar,2026-09-03,45.92,46.8,47.9,19.8,56.0,52.6,48.8,前走人気以上 / 履歴少
202630090303,2026-09-03,3,ワクワク,5.0,5.0,阿部龍,55.0,,9.0,7.0,門別,JRA認定競走アタッ(2歳),1:04.0,2.9,曇,7.0,4.0,門別,JRA認定競走アタッ(2歳),1:11.1,2.5,曇,1.0,3.0,門別,2歳牝馬未勝利,1:03.6,0.0,曇,6.0,1.0,門別,JRA認定競走フレッ(2歳),1:03.8,1.0,晴,,,,,,,,16.6,7.0,,nar,2026-09-03,42.51,58.5,36.8,19.8,24.0,52.5,47.1,履歴少 / 市場オッズ妙味
202648090304,2026-09-03,4,アルバイトボシュウ,7.0,7.0,村上弘樹,55.0,,,,名古屋,2歳2組,,,晴,7.0,10.0,名古屋,サンシャイン特別(2歳),1:42.4,3.9,晴,3.0,4.0,名古屋,2歳疾風戦,0:58.6,0.8,晴,5.0,5.0,名古屋,ゴールデンデビュー名(2歳),0:58.3,2.8,晴,,,,,,,,6.4,4.0,,nar,2026-09-03,55.04,66.6,61.2,34.3,32.0,60.3,53.1,名古屋実績
202630090304,2026-09-03,4,ウィルフット,10.0,8.0,亀井洋司,55.0,,,,,,,,,,,,,,,,,,,,,,,,,,,,,,,,,,,,,9.6,6.0,,nar,2026-09-03,36.0,35.0,35.0,35.0,35.0,35.0,45.0,履歴少
202630090304,2026-09-03,4,エイシンギュンター,11.0,8.0,石川倭,55.0,,,,,,,,,,,,,,,,,,,,,,,,,,,,,,,,,,,,,5.9,2.0,,nar,2026-09-03,36.0,35.0,35.0,35.0,35.0,35.0,45.0,履歴少
202630090304,2026-09-03,4,エイシンスラッグ,3.0,3.0,金山昇馬,55.0,,,,,,,,,,,,,,,,,,,,,,,,,,,,,,,,,,,,,12.3,8.0,,nar,2026-09-03,36.0,35.0,35.0,35.0,35.0,35.0,45.0,履歴少
202650090304,2026-09-03,4,エイシンニルヴァナ,11.0,8.0,長尾翼玖,55.0,,1.0,1.0,園田,C3四,1:34.6,0.0,晴,5.0,3.0,園田,柞田7ハロン3歳C2,1:34.4,0.9,曇,4.0,6.0,園田,3歳C2一,1:34.9,0.9,晴,9.0,10.0,園田,清荒神7ハロン3歳C(C2),1:34.5,2.8,雨,6.0,6.0,園田,3歳C2一,1:35.4,2.3,雨,20.4,7.0,,nar,2026-09-03,64.61,73.8,50.3,75.1,80.0,56.9,52.9,園田実績 / 履歴少 / 近走上向き / 安定感
202630090304,2026-09-03,4,エムティイロハ,4.0,4.0,松井伸也,55.0,,,,,,,,,,,,,,,,,,,,,,,,,,,,,,,,,,,,,16.1,10.0,,nar,2026-09-03,36.0,35.0,35.0,35.0,35.0,35.0,45.0,履歴少
202655090304,2026-09-03,4,エレノアサンライズ,6.0,6.0,竹吉徹,54.0,,8.0,8.0,佐賀,一発逆転ファイナルレ,1:33.4,3.4,曇,2.0,3.0,佐賀,3歳ー8組,1:32.5,0.4,晴,15.0,10.0,3京都12,3歳未勝利,1:57.3,3.8,晴,5.0,10.0,3京都6,3歳未勝利,1:54.9,1.6,晴,17.0,17.0,1京都1,3歳新馬,1:54.7,4.2,曇,2.7,1.0,,nar,2026-09-03,49.44,46.2,49.9,39.5,60.5,52.6,51.5,佐賀実績
202630090304,2026-09-03,4,オーキクナアレ,2.0,2.0,黒澤愛斗,55.0,,,,,,,,,,,,,,,,,,,,,,,,,,,,,,,,,,,,,22.6,11.0,,nar,2026-09-03,36.0,35.0,35.0,35.0,35.0,35.0,45.0,履歴少
202650090304,2026-09-03,4,カイラシ,1.0,1.0,佐々木世,53.0,,3.0,2.0,園田,掃守7ハロンC3一,1:32.9,0.5,晴,2.0,2.0,園田,遠方7ハロンC3一,1:33.7,0.4,曇,4.0,2.0,園田,C3二,1:33.2,0.6,晴,11.0,8.0,園田,青馬ひすみ☆モヤシか(C2),1:33.3,4.3,晴,5.0,7.0,園田,C2一,1:32.9,1.0,曇,7.7,3.0,,nar,2026-09-03,62.51,73.4,43.5,85.4,65.0,56.1,56.2,園田実績 / 履歴少 / 近走上向き / 安定感
202648090304,2026-09-03,4,カクシンパーティー,5.0,5.0,小笠原羚,52.0,,3.0,7.0,名古屋,2歳2組,1:40.6,1.5,晴,7.0,6.0,名古屋,2歳2組,1:44.4,5.1,晴,4.0,6.0,名古屋,2歳疾風戦,0:59.1,1.3,晴,5.0,5.0,名古屋,ゴールデンデビュー名(2歳),0:58.5,2.7,晴,,,,,,,,9.6,7.0,,nar,2026-09-03,64.12,70.7,60.6,64.7,64.0,63.7,54.0,名古屋実績 / 前走人気以上 / 安定感
202644090304,2026-09-03,4,カチャ,1.0,1.0,杉山海波,51.0,,3.0,3.0,大井,2歳 選抜牝馬,1:16.8,1.7,曇,6.0,8.0,大井,2歳 新馬,1:17.6,5.0,晴,,,,,,,,,,,,,,,,,,,,,,10.9,6.0,,nar,2026-09-03,51.91,58.3,49.0,34.7,55.4,56.5,51.2,大井実績 / 履歴少 / サンプル少
202630090304,2026-09-03,4,カマンチャカ,6.0,6.0,望月洵輝,55.0,,,,,,,,,,,,,,,,,,,,,,,,,,,,,,,,,,,,,4.5,1.0,,nar,2026-09-03,36.0,35.0,35.0,35.0,35.0,35.0,45.0,履歴少
202644090304,2026-09-03,4,カミコ,2.0,2.0,本田正重,54.0,,9.0,8.0,大井,2歳三 四,1:33.1,3.3,曇,4.0,4.0,大井,2歳一 二,1:32.4,3.7,晴,11.0,9.0,大井,2歳一,1:32.0,3.7,曇,7.0,7.0,大井,2歳一,1:17.7,3.5,曇,5.0,5.0,大井,2歳 新馬,1:33.8,3.8,晴,22.2,7.0,,nar,2026-09-03,45.08,48.4,45.1,35.3,36.5,50.9,49.6,履歴少 / 市場オッズ妙味
202650090304,2026-09-03,4,カリグラフィー,6.0,5.0,高橋洸佑,52.0,,7.0,8.0,園田,C2二,1:35.3,3.7,晴,7.0,7.0,園田,C2四,1:36.6,3.2,晴,7.0,8.0,園田,C2四,1:34.3,2.4,晴,9.0,7.0,園田,C2三,1:38.3,6.1,晴,1.0,4.0,園田,C3二,1:35.3,-0.9,曇,218.9,10.0,,nar,2026-09-03,46.96,54.6,53.6,10.3,44.0,54.6,46.3,履歴少
202655090304,2026-09-03,4,クリノマックイーン,5.0,5.0,青海大樹,55.0,,7.0,7.0,佐賀,C2ー22組,1:35.6,1.8,曇,5.0,5.0,佐賀,C2ー11組,1:33.9,2.3,雨,6.0,6.0,佐賀,C2ー11組,1:33.4,1.4,小雨,4.0,6.0,佐賀,C2ー13組,1:27.6,0.9,曇,7.0,7.0,佐賀,C2ー12組,1:34.3,1.3,晴,98.9,9.0,,nar,2026-09-03,51.76,61.1,52.0,39.5,41.0,53.9,49.6,履歴少
202650090304,2026-09-03,4,グランテミス,4.0,4.0,小谷周平,55.0,,6.0,9.0,園田,C2三,1:34.7,2.3,晴,8.0,9.0,園田,不来坂7ハロンC2二,1:35.4,1.7,曇,1.0,2.0,園田,C3二,1:33.5,-0.5,曇,5.0,7.0,園田,C3二,1:34.2,0.8,晴,7.0,4.0,園田,C3二,1:36.4,2.5,曇,69.3,9.0,,nar,2026-09-03,54.51,64.3,59.4,34.3,45.5,55.2,49.6,前走人気以上 / 履歴少
202630090304,2026-09-03,4,コンバットギネビア,7.0,6.0,宮内勇樹,55.0,,,,,,,,,,,,,,,,,,,,,,,,,,,,,,,,,,,,,11.5,7.0,,nar,2026-09-03,36.0,35.0,35.0,35.0,35.0,35.0,45.0,履歴少
202650090304,2026-09-03,4,サクラトップムーン,12.0,8.0,松木大地,57.0,,5.0,3.0,園田,C2四,1:35.4,0.8,晴,1.0,1.0,園田,C3三,1:33.9,-0.2,晴,6.0,8.0,園田,C3一,1:35.1,2.8,晴,6.0,4.0,園田,C3二,1:35.4,1.4,晴,9.0,5.0,園田,C3一,1:37.4,3.0,晴,40.5,8.0,,nar,2026-09-03,55.33,69.9,43.6,55.3,53.0,52.4,49.6,履歴少 / 市場オッズ妙味
202655090304,2026-09-03,4,サンライズハンター,9.0,7.0,田中直人,56.0,,6.0,4.0,佐賀,一発逆転ファイナルレ,1:31.9,1.9,曇,2.0,1.0,佐賀,3歳ー9組,1:31.5,0.9,晴,2.0,1.0,佐賀,3歳ー9組,1:25.9,0.5,曇,2.0,4.0,佐賀,SAGAリベンジャー(3歳),1:23.9,0.2,晴,12.0,14.0,1福島2,3歳未勝利,1:49.6,3.9,晴,3.4,3.0,,nar,2026-09-03,56.94,74.0,46.1,59.3,41.0,55.2,54.0,佐賀実績
202655090304,2026-09-03,4,サンレンブイ,2.0,2.0,小松丈二,54.0,,5.0,4.0,佐賀,C2ー22組,1:35.0,1.2,曇,3.0,5.0,佐賀,C2ー16組,1:32.9,1.9,晴,4.0,6.0,佐賀,C2ー13組,1:26.8,1.4,曇,4.0,7.0,佐賀,C2ー13組,1:26.9,3.0,晴,4.0,8.0,佐賀,SAGAリベンジャー(C2),1:26.7,1.2,晴,35.9,6.0,,nar,2026-09-03,67.11,75.6,60.1,100.0,42.5,62.8,56.4,佐賀実績 / 安定感 / 市場オッズ妙味
202650090304,2026-09-03,4,シャインシュシュ,2.0,2.0,廣瀬航,55.0,,1.0,1.0,園田,C3一,1:32.3,-0.5,曇,4.0,1.0,園田,莇野7ハロンC3一,1:32.5,0.9,晴,2.0,2.0,園田,浄谷町7ハロンC2一,1:32.4,0.2,曇,1.0,1.0,園田,C2二,1:32.8,-1.0,晴,1.0,1.0,姫路,C3一,1:35.7,0.0,曇,2.3,1.0,,nar,2026-09-03,68.52,92.4,44.8,100.0,56.0,51.6,59.5,園田実績 / 履歴少 / 安定感
202630090304,2026-09-03,4,スレイヤーウィップ,5.0,5.0,桑村真明,55.0,,,,,,,,,,,,,,,,,,,,,,,,,,,,,,,,,,,,,7.8,4.0,,nar,2026-09-03,36.0,35.0,35.0,35.0,35.0,35.0,45.0,履歴少
202630090304,2026-09-03,4,ダンクバール,1.0,1.0,藤田凌駕,54.0,,,,,,,,,,,,,,,,,,,,,,,,,,,,,,,,,,,,,12.8,9.0,,nar,2026-09-03,36.0,35.0,35.0,35.0,35.0,35.0,45.0,履歴少
202644090304,2026-09-03,4,ダンサーズウニ,4.0,4.0,野畑凌,54.0,,4.0,5.0,大井,2歳三 四,1:17.3,2.9,曇,5.0,5.0,大井,2歳 新馬,1:17.5,3.0,晴,,,,,,,,,,,,,,,,,,,,,,9.1,5.0,,nar,2026-09-03,53.26,57.8,47.6,48.4,48.8,57.4,59.5,大井実績 / 履歴少 / サンプル少
202630090304,2026-09-03,4,チャーター,9.0,7.0,岩橋勇二,55.0,,,,,,,,,,,,,,,,,,,,,,,,,,,,,,,,,,,,,6.4,3.0,,nar,2026-09-03,36.0,35.0,35.0,35.0,35.0,35.0,45.0,履歴少
202650090304,2026-09-03,4,テルモピュライ,9.0,7.0,南部楓馬,54.0,,1.0,1.0,園田,榎列7ハロンC3二,1:33.6,-0.1,晴,6.0,1.0,園田,C3二,1:35.3,1.4,晴,3.0,4.0,園田,C3一,1:32.7,1.0,晴,7.0,3.0,園田,C3,1:22.5,1.2,曇,2.0,6.0,園田,C3一,1:33.1,0.5,曇,9.7,5.0,,nar,2026-09-03,61.14,79.0,41.5,60.5,71.0,57.1,52.9,園田実績 / 履歴少 / 近走上向き / 安定感
202648090304,2026-09-03,4,ディヴィナス,1.0,1.0,大畑慧悟,56.0,,6.0,5.0,名古屋,2歳2組,1:41.9,2.8,晴,3.0,5.0,名古屋,2歳2組,1:41.2,1.9,晴,7.0,7.0,名古屋,オーシャンブルー特別(2歳),1:42.3,2.3,晴,7.0,8.0,名古屋,名古屋モーニングフィ(2歳),0:58.6,2.1,曇,4.0,4.0,名古屋,ゴールデンデビュー名(2歳),0:58.7,2.9,曇,9.0,6.0,,nar,2026-09-03,53.64,64.9,52.4,35.3,45.5,58.3,50.5,総合評価
202655090304,2026-09-03,4,トラウムビルト,1.0,1.0,長田進仁,54.0,,11.0,6.0,佐賀,C2ー21組,1:36.1,3.9,曇,4.0,9.0,佐賀,C2ー11組,1:33.8,2.2,雨,8.0,8.0,佐賀,C2ー11組,1:34.1,2.1,小雨,6.0,9.0,佐賀,C2ー12組,1:26.9,1.9,晴,9.0,7.0,佐賀,C2ー11組,1:34.6,1.4,晴,98.4,8.0,,nar,2026-09-03,42.73,46.2,49.7,24.9,24.5,52.2,46.3,履歴少
202655090304,2026-09-03,4,トントゥ,11.0,8.0,長谷川蓮,56.0,,3.0,3.0,佐賀,C2ー23組,1:26.0,0.1,曇,2.0,6.0,佐賀,3歳ー10組,1:32.8,0.3,晴,9.0,5.0,佐賀,3歳ー9組,1:28.8,3.4,曇,5.0,3.0,佐賀,SAGAリベンジャー(3歳),1:26.0,2.3,晴,3.0,4.0,佐賀,SAGAリベンジャー(3歳),1:25.8,0.1,曇,6.3,4.0,,nar,2026-09-03,63.31,74.2,50.1,80.2,60.5,57.2,56.2,佐賀実績 / 履歴少 / 安定感
202655090304,2026-09-03,4,ナンゴクイイネット,8.0,7.0,中山蓮王,54.0,,10.0,11.0,佐賀,3歳ー8組,1:38.0,5.9,晴,9.0,10.0,佐賀,3歳ー8組,1:27.9,3.6,雨,10.0,9.0,佐賀,3歳ー9組,1:35.4,3.1,晴,9.0,9.0,佐賀,3歳ー8組,1:36.5,4.9,曇,10.0,10.0,佐賀,3歳ー8組,1:37.1,4.2,晴,264.3,11.0,,nar,2026-09-03,38.84,31.2,52.5,0.0,47.0,51.6,46.5,総合評価
202650090304,2026-09-03,4,ピンクブルー,10.0,7.0,田野豊三,55.0,,4.0,5.0,園田,C2三,1:34.6,2.2,晴,6.0,6.0,園田,不来坂7ハロンC2二,1:34.9,1.2,曇,9.0,5.0,園田,C2二,1:33.9,2.4,晴,1.0,1.0,園田,C3二,1:34.0,0.0,晴,2.0,1.0,園田,C3二,1:34.1,0.4,曇,19.5,6.0,,nar,2026-09-03,57.04,69.3,45.9,55.3,53.0,59.6,52.9,園田実績 / 履歴少 / 市場オッズ妙味
202655090304,2026-09-03,4,ピーチアバランチェ,3.0,3.0,飛田愛斗,54.0,,,,佐賀,3歳ー8組,,,晴,1.0,2.0,佐賀,SAGAリベンジャー(3歳),1:24.1,-1.6,曇,6.0,3.0,佐賀,SAGAリベンジャー(3歳),1:26.0,1.1,曇,6.0,6.0,笠松,河渡宿特別(3歳),1:32.9,3.0,晴,15.0,16.0,5阪神5,2歳未勝利,1:29.0,3.5,晴,3.2,2.0,,nar,2026-09-03,57.02,65.4,47.6,24.9,98.0,52.9,51.2,佐賀実績 / 履歴少 / 近走上向き
202644090304,2026-09-03,4,フレンドトネール,6.0,6.0,鷹見陸,54.0,,8.0,8.0,大井,フレッシュスター特別(2歳),1:30.5,3.5,晴,5.0,5.0,大井,ニューホープ特別競走(2歳),1:16.2,1.4,晴,6.0,8.0,大井,2歳一,1:30.4,2.1,曇,4.0,4.0,大井,2歳 新馬,1:17.4,3.7,曇,,,,,,,,8.9,4.0,,nar,2026-09-03,51.28,59.4,53.1,39.5,32.0,58.6,51.2,大井実績 / 履歴少
202650090304,2026-09-03,4,ヘブンクローバー,5.0,5.0,高畑皓一,56.0,,10.0,10.0,園田,C2三,1:39.4,6.5,晴,9.0,6.0,園田,C2二,1:36.3,4.0,晴,,10.0,3京都10,3歳未勝利,,,晴,10.0,11.0,2阪神2,3歳未勝利,2:02.7,2.3,晴,14.0,14.0,1阪神10,3歳未勝利,2:29.7,1.6,曇,337.1,12.0,,nar,2026-09-03,36.27,26.9,44.8,0.0,56.0,49.3,43.8,履歴少
202650090304,2026-09-03,4,メイショウガイフウ,7.0,6.0,下原理,57.0,,3.0,7.0,盛岡,C2四組,1:27.0,0.4,晴,6.0,7.0,盛岡,C2四組,1:15.3,1.5,曇,4.0,5.0,盛岡,街を守る盛岡市消防団(C2),1:28.7,1.0,曇,6.0,8.0,盛岡,C2四組,1:29.1,1.1,曇,8.0,9.0,水沢,C2三組,1:29.5,1.5,曇,9.0,4.0,,nar,2026-09-03,62.9,68.8,64.4,50.2,68.0,65.2,48.8,前走人気以上 / 履歴少 / 近走上向き / 過小評価傾向
202650090304,2026-09-03,4,メイショウヨウホウ,8.0,6.0,永井孝典,57.0,,8.0,6.0,園田,C2三,1:36.3,3.9,晴,6.0,8.0,園田,C2二,1:35.1,2.4,晴,8.0,10.0,園田,春哉7ハロンC2三,1:33.7,2.5,晴,12.0,10.0,園田,C2三,1:35.5,2.1,晴,9.0,8.0,園田,C2二,1:34.1,2.3,曇,245.7,11.0,,nar,2026-09-03,42.04,42.5,49.2,0.0,54.5,50.9,46.5,総合評価
202655090304,2026-09-03,4,メイブロッサム,7.0,6.0,山下裕貴,54.0,,4.0,7.0,佐賀,C2ー23組,1:27.6,1.7,曇,5.0,10.0,佐賀,SAGAリベンジャー(C2),1:27.5,2.9,雨,9.0,7.0,佐賀,C2ー12組,1:28.9,1.5,晴,7.0,8.0,佐賀,C2ー13組,1:27.8,1.1,曇,6.0,8.0,佐賀,C2ー12組,1:34.0,1.0,晴,41.8,7.0,,nar,2026-09-03,60.9,60.9,64.8,55.3,66.5,62.1,49.6,前走人気以上 / 履歴少 / 近走上向き / 市場オッズ妙味
202648090304,2026-09-03,4,モズレディーラック,6.0,6.0,渡辺竜也,55.0,,7.0,3.0,名古屋,2歳2組,1:42.1,3.0,晴,5.0,4.0,門別,JRA認定競走アタッ(2歳),1:03.9,2.0,曇,4.0,5.0,門別,JRA認定競走フレッ(2歳),1:04.4,2.0,曇,,,,,,,,,,,,,,,3.0,1.0,,nar,2026-09-03,48.46,63.6,38.2,44.7,35.0,50.3,48.8,履歴少
202644090304,2026-09-03,4,ヤマノシンゲキ,5.0,5.0,江里口裕,54.0,,8.0,5.0,門別,2歳未勝利,1:16.0,0.7,曇,5.0,2.0,門別,2歳未勝利,1:16.7,2.2,雨,3.0,4.0,門別,JRA認定競走フレッ(2歳),1:09.7,1.7,晴,,,,,,,,,,,,,,,7.1,3.0,,nar,2026-09-03,46.99,62.5,36.4,44.7,26.0,52.9,48.8,履歴少
202655090304,2026-09-03,4,ラリュンヌ,10.0,8.0,後藤武蔵,51.0,,10.0,4.0,佐賀,C2ー21組,1:36.0,3.8,曇,4.0,6.0,佐賀,3歳ー8組,1:33.1,1.0,晴,4.0,6.0,佐賀,3歳ー8組,1:24.9,0.6,雨,6.0,10.0,佐賀,3歳ー9組,1:34.3,2.0,晴,9.0,9.0,佐賀,3歳ー9組,1:35.0,3.3,晴,28.6,5.0,,nar,2026-09-03,48.22,54.9,47.6,44.7,24.5,57.6,50.5,市場オッズ妙味
202648090304,2026-09-03,4,ラルスチェイサー,3.0,3.0,木之前葵,53.0,,2.0,2.0,名古屋,2歳疾風戦,0:57.7,0.4,晴,6.0,7.0,名古屋,2歳2組,1:43.3,4.0,晴,6.0,3.0,名古屋,2歳疾風戦,0:59.2,1.4,晴,5.0,5.0,名古屋,名古屋モーニングフィ(2歳),0:57.6,1.1,曇,8.0,10.0,名古屋,ゴールデンデビュー名(2歳),0:58.7,2.8,曇,4.2,2.0,,nar,2026-09-03,58.52,69.2,49.0,45.0,75.5,56.1,50.5,近走上向き
202644090304,2026-09-03,4,リケアチャチャチャ,7.0,7.0,笹川翼,54.0,,4.0,9.0,2福島8,2歳未勝利,1:12.0,2.4,晴,12.0,11.0,2福島2,2歳新馬,1:11.3,2.9,晴,,,,,,,,,,,,,,,,,,,,,,2.4,1.0,,nar,2026-09-03,50.47,43.9,54.3,34.7,71.9,52.3,50.0,前走人気以上 / サンプル少 / 近走上向き
202630090304,2026-09-03,4,リメンバーマインド,8.0,7.0,小野楓馬,55.0,,,,,,,,,,,,,,,,,,,,,,,,,,,,,,,,,,,,,8.5,5.0,,nar,2026-09-03,36.0,35.0,35.0,35.0,35.0,35.0,45.0,履歴少
202655090304,2026-09-03,4,リュウノトマト,4.0,4.0,椿聡太,51.0,,7.0,9.0,佐賀,C2ー21組,1:35.1,2.9,曇,5.0,9.0,佐賀,3歳ー8組,1:34.5,2.4,晴,7.0,8.0,佐賀,3歳ー8組,1:27.7,3.4,雨,8.0,8.0,佐賀,3歳ー9組,1:34.6,2.3,晴,7.0,6.0,佐賀,3歳ー8組,1:35.0,3.4,曇,172.2,10.0,,nar,2026-09-03,51.78,54.8,61.9,24.9,48.5,56.5,48.5,前走人気以上
202648090304,2026-09-03,4,ルクスオリジン,2.0,2.0,細川智史,56.0,,4.0,6.0,名古屋,2歳2組,1:40.6,1.5,晴,4.0,3.0,名古屋,2歳2組,1:42.0,2.7,晴,4.0,5.0,名古屋,2歳疾風戦,0:59.1,1.3,晴,6.0,4.0,名古屋,名古屋モーニングフィ(2歳),0:58.4,1.9,曇,12.0,12.0,門別,JRA認定競走フレッ(2歳),1:05.9,3.7,晴,8.1,5.0,,nar,2026-09-03,61.67,67.1,51.9,75.1,65.0,58.9,54.0,名古屋実績 / 近走上向き / 安定感
202644090304,2026-09-03,4,ルックライクレイン,3.0,3.0,安藤洋一,54.0,,2.0,1.0,大井,2歳 選抜牝馬,1:15.7,0.6,曇,8.0,7.0,大井,2歳 新馬,1:19.2,6.6,晴,,,,,,,,,,,,,,,,,,,,,,2.9,2.0,,nar,2026-09-03,49.81,56.7,41.6,34.7,65.3,48.7,51.2,大井実績 / 履歴少 / サンプル少 / 近走上向き
202650090304,2026-09-03,4,レベッカレインボー,3.0,3.0,山本咲希,55.0,,3.0,1.0,園田,C2三,1:33.6,0.7,晴,6.0,3.0,園田,春哉7ハロンC2三,1:32.4,1.2,晴,1.0,1.0,園田,C3一,1:31.5,-1.0,曇,4.0,4.0,姫路,C2一,1:35.9,1.8,曇,3.0,5.0,姫路,C2一,1:34.9,0.6,晴,3.1,2.0,,nar,2026-09-03,60.56,80.0,42.0,75.1,53.0,52.9,53.1,園田実績 / 安定感
202648090304,2026-09-03,4,ヴィオラリク,4.0,4.0,塚本征吾,55.0,,7.0,9.0,名古屋,ルミナス特別(2歳),1:40.7,3.1,晴,4.0,6.0,名古屋,オーシャンブルー特別(2歳),1:41.1,1.1,晴,3.0,5.0,名古屋,ゴールデンデビュー名(2歳),0:57.4,1.5,曇,,,,,,,,,,,,,,,5.5,3.0,,nar,2026-09-03,57.59,68.4,64.0,44.7,29.0,63.8,53.1,名古屋実績
202644090305,2026-09-03,5,アタックオフェール,8.0,6.0,谷内貫太,55.0,,3.0,4.0,大井,3歳四 五,1:43.9,0.9,曇,5.0,4.0,大井,3歳六 七八(3歳七),1:30.6,2.0,曇,1.0,2.0,大井,3歳12 13,1:30.2,-0.3,曇,5.0,5.0,大井,2歳 新馬,1:45.3,1.2,曇,,,,,,,,13.6,7.0,,nar,2026-09-03,66.86,80.5,52.0,89.7,54.0,61.9,59.5,大井実績 / 履歴少 / 安定感 / 市場オッズ妙味
202648090305,2026-09-03,5,アブソリュート,6.0,6.0,大原浩司,57.0,,5.0,3.0,川崎,2026川崎ジョッキ(C3),1:33.8,0.8,晴,6.0,6.0,川崎,C3一 二,1:33.4,2.1,雨,6.0,6.0,川崎,C3一 二,1:33.9,1.1,晴,5.0,2.0,川崎,C2六 七八(C2七),1:33.0,1.3,晴,6.0,2.0,川崎,長谷賞(C2八),1:33.4,1.4,曇,9.0,4.0,,nar,2026-09-03,51.66,63.6,39.8,45.0,54.5,53.5,48.8,履歴少
202644090305,2026-09-03,5,アロハフリューゲル,3.0,3.0,本田正重,54.0,,3.0,2.0,大井,3歳四 五六(3歳五),1:15.8,0.5,曇,2.0,1.0,大井,残堀川賞(3歳),1:15.7,0.3,晴,2.0,1.0,大井,2歳 選抜牝馬,1:14.1,0.1,雨,4.0,3.0,大井,2歳 新馬,1:15.0,1.5,晴,,,,,,,,10.1,4.0,,nar,2026-09-03,64.98,86.7,43.0,89.7,48.0,56.6,59.5,大井実績 / 履歴少 / 安定感
202630090305,2026-09-03,5,エイシンキャノピー,4.0,4.0,坂下秀樹,55.0,,11.0,10.0,門別,アルーダ日高西部賞(C4),1:05.3,2.9,晴,8.0,8.0,門別,3歳以上C4ー2,1:04.1,1.6,晴,12.0,12.0,門別,グランシャリオドリー(C4),1:05.5,3.6,晴,10.0,11.0,門別,3歳以上C4ー2,1:06.3,4.3,曇,12.0,12.0,門別,3歳以上C4ー2,1:04.4,2.8,晴,217.8,9.0,,nar,2026-09-03,36.08,24.7,48.9,0.0,47.0,50.9,46.5,総合評価
202644090305,2026-09-03,5,エドノマテンロウ,2.0,2.0,笹川翼,56.0,,10.0,5.0,大井,3歳四 五,1:49.4,5.1,曇,1.0,3.0,大井,2歳 新馬,1:44.9,-1.4,曇,,,,,,,,,,,,,,,,,,,,,,8.6,3.0,,nar,2026-09-03,41.83,51.2,38.4,31.7,18.0,51.3,51.2,大井実績 / 履歴少 / サンプル少
202630090305,2026-09-03,5,エルビエントソプラ,6.0,6.0,服部茂史,55.0,,1.0,1.0,盛岡,ファーストステップ2(2歳),1:01.4,-0.5,曇,,,,,,,,,,,,,,,,,,,,,,,,,,,,,2.2,1.0,,nar,2026-09-03,44.01,51.6,40.6,36.3,40.6,40.6,48.8,履歴少 / サンプル少
202655090305,2026-09-03,5,オッハッピー,5.0,5.0,川島拓,54.0,,7.0,8.0,佐賀,C2ー20組,1:34.4,3.1,曇,7.0,8.0,佐賀,SAGAリベンジャー(3歳),1:34.0,2.3,曇,4.0,6.0,佐賀,SAGAリベンジャー(3歳),1:26.3,1.3,曇,8.0,3.0,佐賀,3歳ー8組,1:35.5,4.0,曇,3.0,4.0,佐賀,3歳ー8組,1:33.5,1.9,曇,10.1,5.0,,nar,2026-09-03,50.64,58.9,52.3,30.1,41.0,57.4,50.5,総合評価
202655090305,2026-09-03,5,オニタイジ,2.0,2.0,田中純,56.0,,6.0,6.0,佐賀,C2ー20組,1:33.9,2.6,曇,11.0,6.0,佐賀,SAGAリベンジャー(3歳),1:34.9,3.2,曇,9.0,3.0,佐賀,SAGAリベンジャー(3歳),1:28.2,3.2,曇,2.0,3.0,佐賀,3歳ー9組,1:33.0,0.7,晴,7.0,6.0,門別,2歳未勝利,1:18.2,2.4,曇,8.2,4.0,,nar,2026-09-03,41.86,49.1,33.3,14.6,57.5,46.9,49.0,総合評価
202644090305,2026-09-03,5,カンノンピョンタ,7.0,6.0,町田直希,56.0,,5.0,9.0,大井,3歳四 五,1:46.0,1.7,曇,11.0,11.0,大井,3歳四 五,1:16.1,2.0,晴,5.0,10.0,大井,3歳四 五六(3歳五),1:29.7,1.6,曇,4.0,7.0,大井,3歳七 八九(3歳八),1:30.5,1.2,晴,2.0,9.0,大井,3歳九 十11(3歳十),1:31.1,1.6,晴,46.7,8.0,,nar,2026-09-03,64.96,59.7,73.6,75.1,53.0,68.7,56.2,大井実績 / 前走人気以上 / 履歴少 / 人気以上に走る傾向
202650090305,2026-09-03,5,キャバリエクエスト,12.0,8.0,塩津璃菜,53.0,,6.0,8.0,園田,C2一,1:21.5,0.9,晴,5.0,8.0,園田,C2一,1:34.0,0.7,晴,7.0,6.0,園田,プルメリア賞C2一,1:32.4,1.5,晴,6.0,7.0,園田,福甸7ハロンC2一,1:33.9,3.5,曇,5.0,5.0,園田,C2一,1:32.9,0.7,曇,22.0,9.0,,nar,2026-09-03,54.55,61.2,59.1,35.3,48.5,58.0,50.5,市場オッズ妙味
202650090305,2026-09-03,5,キラキラリ,2.0,2.0,山本咲希,55.0,,4.0,6.0,園田,C2一,1:21.2,0.6,晴,2.0,5.0,園田,ガーベラ賞C2,1:21.8,0.6,曇,9.0,2.0,園田,C2,1:21.7,2.2,雨,1.0,7.0,園田,SKNフラッシュ8&(C2),1:21.6,0.0,曇,7.0,9.0,園田,C2一,1:34.2,1.4,雨,9.5,5.0,,nar,2026-09-03,63.35,73.1,57.4,69.9,54.5,63.5,52.9,園田実績 / 履歴少 / 安定感
202650090305,2026-09-03,5,ククナジンク,10.0,7.0,佐々木世,54.0,,11.0,11.0,園田,3歳A,1:22.8,3.1,曇,4.0,2.0,園田,3歳AB,1:22.8,1.3,雨,7.0,5.0,姫路,アーモンド賞3歳AB,0:51.7,1.1,晴,8.0,4.0,姫路,3歳AB,0:51.9,1.2,曇,3.0,3.0,園田,3歳特別,1:23.0,1.3,晴,23.4,10.0,,nar,2026-09-03,42.23,50.4,39.7,35.3,17.0,49.5,54.0,園田実績 / 履歴少 / 市場オッズ妙味
202650090305,2026-09-03,5,クールフィールド,3.0,3.0,田野豊三,55.0,,12.0,1.0,園田,杉井流スプリントC2,1:26.1,3.6,曇,6.0,1.0,園田,C2二,1:21.8,0.7,晴,5.0,1.0,園田,3歳B,1:22.1,0.7,雨,1.0,1.0,園田,3歳C1,1:21.2,-0.5,晴,,4.0,1新潟5,3歳未勝利,,,晴,12.1,6.0,,nar,2026-09-03,31.8,52.0,8.0,34.3,2.0,41.7,51.2,園田実績 / 履歴少 / 市場オッズ妙味
202630090305,2026-09-03,5,グッドミミック,1.0,1.0,黒澤愛斗,57.0,,1.0,2.0,門別,3歳以上C4ー3,1:03.2,-0.1,曇,6.0,3.0,門別,3歳以上C4ー3,1:04.8,2.6,雨,7.0,3.0,門別,3歳以上C4ー3,1:17.5,1.2,晴,2.0,6.0,門別,推しウマ探せ!おひさ(C4),1:02.7,0.7,晴,4.0,4.0,門別,3歳条件未勝利,1:03.1,0.3,晴,14.1,6.0,,nar,2026-09-03,61.46,76.9,45.4,55.3,72.5,60.0,52.9,門別実績 / 履歴少 / 近走上向き / 市場オッズ妙味
202655090305,2026-09-03,5,ケイアンプルール,12.0,8.0,中山蓮王,56.0,,5.0,11.0,佐賀,C2ー21組,1:34.7,2.5,曇,6.0,8.0,佐賀,C2ー11組,1:34.0,2.4,雨,9.0,10.0,佐賀,C2ー10組,1:28.0,2.2,小雨,11.0,10.0,佐賀,C2ー12組,1:27.9,2.9,晴,10.0,9.0,佐賀,C2ー11組,1:35.0,1.8,晴,16.6,8.0,,nar,2026-09-03,55.08,48.5,65.9,30.4,74.0,60.9,46.3,前走人気以上 / 履歴少 / 人気以上に走る傾向 / 近走上向き
202630090305,2026-09-03,5,サトノアンナ,8.0,7.0,岩橋勇二,55.0,,9.0,8.0,門別,3歳以上C4ー2,1:03.2,1.4,曇,12.0,8.0,2福島5,3歳未勝利,1:48.8,1.3,曇,16.0,5.0,1福島6,3歳未勝利,1:10.9,1.7,晴,,,,,,,,,,,,,,,11.1,5.0,,nar,2026-09-03,28.97,18.6,17.6,0.0,80.0,35.4,50.0,近走上向き
202650090305,2026-09-03,5,シゲルノヴァ,8.0,6.0,土方颯太,55.0,,12.0,12.0,園田,兵庫ジョッキーズ楽天(C2),1:24.5,2.3,曇,11.0,12.0,園田,C2一,1:22.4,1.9,晴,10.0,10.0,園田,C2一,1:36.3,5.3,晴,8.0,8.0,園田,C1二,1:35.2,3.7,晴,11.0,11.0,園田,大垣内7ハロンC1二,1:36.8,4.7,曇,267.0,12.0,,nar,2026-09-03,34.92,22.7,51.7,0.0,38.0,51.6,43.8,履歴少
202655090305,2026-09-03,5,ジャヴァンナ,10.0,7.0,青海大樹,53.0,,4.0,8.0,佐賀,C2ー22組,1:34.8,1.0,曇,7.0,2.0,佐賀,C2ー11組,1:34.2,2.6,雨,3.0,11.0,佐賀,C2ー11組,1:32.9,0.9,小雨,8.0,10.0,佐賀,C2ー13組,1:28.0,1.3,曇,8.0,6.0,佐賀,C2ー12組,1:34.9,1.9,晴,15.9,7.0,,nar,2026-09-03,60.62,63.6,61.4,50.2,65.0,66.3,49.6,前走人気以上 / 履歴少 / 近走上向き / 過小評価傾向
202644090305,2026-09-03,5,ジュアルエリモ,12.0,8.0,千田洋,54.0,,7.0,6.0,大井,3歳四 五,1:46.7,2.4,曇,6.0,8.0,大井,明星賞競走(B2),1:57.6,3.0,晴,5.0,5.0,大井,3歳四 五六(3歳五),1:45.3,0.5,晴,4.0,7.0,大井,3歳四 五,1:44.3,1.3,曇,5.0,9.0,大井,3歳六 七八(3歳七),1:45.6,2.4,曇,79.6,11.0,,nar,2026-09-03,54.93,62.3,57.3,44.7,38.0,58.7,55.9,大井実績 / クラス条件好転 / 履歴少
202655090305,2026-09-03,5,ジューンアレグロ,11.0,8.0,出水拓人,56.0,,11.0,12.0,佐賀,C2ー20組,1:35.4,4.1,曇,8.0,6.0,佐賀,C2ー11組,1:35.1,3.5,雨,6.0,7.0,佐賀,C2ー10組,1:27.0,1.2,小雨,10.0,9.0,佐賀,C2ー11組,1:35.5,4.1,晴,5.0,4.0,佐賀,C2ー11組,1:34.3,1.1,晴,32.6,12.0,,nar,2026-09-03,38.9,40.0,48.3,10.3,27.5,49.6,46.3,履歴少
202648090305,2026-09-03,5,ジーティーネージュ,8.0,7.0,山田祥雄,55.0,,3.0,11.0,名古屋,金シャチ最終戦(C),1:38.4,0.2,晴,5.0,7.0,名古屋,名古屋モーニングフィ(C),1:39.7,1.4,晴,5.0,4.0,名古屋,C9組,1:39.9,0.7,小雨,6.0,5.0,名古屋,C10組,1:39.6,1.0,晴,9.0,11.0,名古屋,金シャチ最終戦(C),1:40.1,3.0,晴,12.5,5.0,,nar,2026-09-03,67.89,68.4,69.6,75.1,69.5,67.2,52.9,名古屋実績 / 前走人気以上 / 履歴少 / 人気以上に走る傾向
202655090305,2026-09-03,5,センエツナガラ,4.0,4.0,山下裕貴,56.0,,12.0,5.0,佐賀,C2ー20組,1:35.7,4.4,曇,8.0,4.0,佐賀,C2ー10組,1:34.7,1.6,雨,4.0,5.0,佐賀,C2ー12組,1:26.7,1.7,晴,4.0,4.0,佐賀,C2ー12組,1:33.5,0.5,晴,3.0,3.0,佐賀,C2ー14組,1:26.5,1.7,晴,16.8,9.0,,nar,2026-09-03,39.61,49.4,29.5,44.7,6.5,51.9,52.9,佐賀実績 / 履歴少 / 市場オッズ妙味
202650090305,2026-09-03,5,タイムレスラブ,9.0,7.0,杉浦健太,55.0,,2.0,8.0,園田,杉井流スプリントC2,1:23.0,0.5,曇,8.0,7.0,園田,C2二,1:33.0,1.7,晴,6.0,7.0,園田,3歳C1,1:34.1,1.7,晴,2.0,6.0,園田,3歳C1,1:21.7,0.5,晴,5.0,7.0,園田,3歳C1一,1:23.0,0.4,曇,14.6,7.0,,nar,2026-09-03,66.21,71.2,67.9,55.3,69.5,69.2,52.9,園田実績 / 前走人気以上 / 履歴少 / 人気以上に走る傾向
202650090305,2026-09-03,5,ダンスデミルリトン,4.0,4.0,永井孝典,57.0,,5.0,5.0,園田,C2一,1:21.4,0.8,晴,5.0,5.0,園田,スイレン賞C2一,1:21.9,1.0,晴,2.0,6.0,園田,C2二,1:21.4,0.3,晴,4.0,6.0,園田,C2,1:21.7,0.9,晴,4.0,3.0,園田,C2,1:22.1,0.5,晴,21.5,8.0,,nar,2026-09-03,65.95,74.7,56.9,100.0,42.5,59.5,59.5,園田実績 / 履歴少 / 安定感 / 市場オッズ妙味
202650090305,2026-09-03,5,テイケイウェリナ,5.0,5.0,小牧太,55.0,,3.0,6.0,園田,杉井流スプリントC2,1:23.1,0.6,曇,8.0,3.0,園田,C2一,1:34.7,3.0,曇,12.0,15.0,3阪神3,3歳未勝利,1:14.4,2.0,晴,14.0,16.0,3京都2,3歳未勝利,1:16.4,4.5,晴,,,,,,,,4.8,3.0,,nar,2026-09-03,53.7,43.3,54.3,30.4,100.0,55.4,51.2,園田実績 / 前走人気以上 / 履歴少 / 近走上向き
202650090305,2026-09-03,5,テクノエクスプレス,1.0,1.0,井上幹太,58.0,,1.0,4.0,園田,杉井流スプリントC2,1:22.5,-0.5,曇,4.0,4.0,園田,C2四,1:33.1,1.2,晴,1.0,1.0,園田,C3二,1:33.4,0.0,晴,7.0,5.0,園田,宅原ダッシュC3一,0:51.9,1.7,曇,4.0,1.0,園田,C3二,0:51.8,0.2,晴,9.4,4.0,,nar,2026-09-03,68.37,84.5,52.2,85.4,68.0,58.2,56.2,園田実績 / 前走人気以上 / 履歴少 / 近走上向き
202648090305,2026-09-03,5,テルケンレンテル,7.0,7.0,村上弘樹,57.0,,11.0,1.0,名古屋,C9組,1:41.5,3.9,晴,6.0,4.0,名古屋,おとめ座特別(B),1:39.0,1.2,晴,1.0,3.0,名古屋,B7組,1:53.3,-0.2,晴,6.0,1.0,名古屋,蝉しぐれ賞(B),1:53.0,1.5,晴,1.0,6.0,名古屋,庄内川特別(C),1:35.8,0.0,晴,5.6,3.0,,nar,2026-09-03,39.46,59.9,26.5,30.1,5.0,49.0,52.6,クラス条件好転 / 履歴少
202648090305,2026-09-03,5,ディアマント,1.0,1.0,木之前葵,53.0,,4.0,4.0,名古屋,C10組,1:38.6,1.4,晴,5.0,5.0,名古屋,金シャチ最終戦777(C),1:39.6,1.9,晴,9.0,1.0,名古屋,C9組,1:41.0,2.4,晴,1.0,2.0,名古屋,C11組,1:38.8,-1.3,曇,11.0,7.0,門別,ゲラニウム特別(C4),1:41.1,3.6,曇,13.1,6.0,,nar,2026-09-03,56.02,63.8,37.1,69.9,65.0,53.8,55.3,名古屋実績 / 履歴少 / 近走上向き / 安定感
202655090305,2026-09-03,5,ディスタービア,8.0,6.0,竹吉徹,54.0,,8.0,10.0,佐賀,C2ー20組,1:34.5,3.2,曇,7.0,7.0,佐賀,C2ー10組,1:34.5,1.4,雨,8.0,6.0,佐賀,C2ー10組,1:27.2,1.4,小雨,9.0,11.0,佐賀,C2ー11組,1:34.8,3.4,晴,11.0,8.0,佐賀,SAGAリベンジャー(C2),1:34.8,2.7,晴,17.1,10.0,,nar,2026-09-03,42.89,42.3,51.4,0.0,54.5,55.6,43.8,履歴少 / 市場オッズ妙味
202650090305,2026-09-03,5,トライファン,6.0,5.0,大山真吾,57.0,,6.0,9.0,園田,兵庫ジョッキーズ楽天(C2),1:23.1,0.9,曇,4.0,8.0,園田,C2二,1:21.5,0.4,晴,7.0,7.0,園田,C2一,1:22.0,0.9,雨,5.0,7.0,園田,C2,1:22.2,0.6,晴,7.0,11.0,園田,C1,1:23.8,2.3,曇,45.2,11.0,,nar,2026-09-03,58.32,62.7,68.3,39.5,48.5,63.2,49.6,前走人気以上 / 履歴少 / 人気以上に走る傾向 / 市場オッズ妙味
202644090305,2026-09-03,5,ドゥーニ,4.0,4.0,野畑凌,56.0,,6.0,7.0,2福島5,3歳未勝利,1:48.0,1.2,曇,10.0,7.0,3東京1,3歳未勝利,1:39.8,1.7,晴,5.0,7.0,2東京7,3歳未勝利,1:40.1,0.7,晴,11.0,10.0,2中山5,3歳未勝利,1:58.4,3.0,晴,3.0,5.0,2中山1,3歳未勝利,1:54.9,2.3,晴,5.4,2.0,,nar,2026-09-03,49.45,50.2,50.1,30.1,57.5,56.0,50.0,総合評価
202630090305,2026-09-03,5,ナイトスパイア,10.0,8.0,金山昇馬,57.0,,1.0,2.0,門別,HWB門別競馬場厩舎(C4),1:02.8,-0.5,曇,4.0,4.0,門別,チプサンケ賞(C4),1:17.9,1.6,晴,4.0,2.0,門別,3歳以上C4ー3,1:03.7,1.4,曇,2.0,5.0,門別,グランシャリオドリー(C4),1:03.7,0.1,雨,9.0,5.0,門別,3歳以上C4ー3,1:57.2,3.5,晴,7.5,4.0,,nar,2026-09-03,67.8,81.5,49.5,89.7,72.5,57.3,56.2,門別実績 / 履歴少 / 近走上向き / 安定感
202630090305,2026-09-03,5,ハルシャダ,3.0,3.0,亀井洋司,55.0,,11.0,11.0,門別,3歳以上C4ー2,1:05.0,3.2,曇,12.0,12.0,門別,カセンソウ特別(C4),1:04.4,2.1,晴,11.0,11.0,門別,3歳以上C4ー2,1:04.1,2.1,曇,14.0,15.0,門別,星雲賞〔H3〕(重賞),1:19.0,5.1,雨,8.0,8.0,門別,ホクレンBB肥料賞(C4),1:04.3,1.2,晴,229.8,10.0,,nar,2026-09-03,35.4,17.6,51.0,0.0,51.5,51.6,48.3,クラス条件好転
202648090305,2026-09-03,5,ハルノート,5.0,5.0,吉原寛人,57.0,,2.0,7.0,名古屋,金シャチ最終戦(C),1:38.3,0.1,晴,9.0,4.0,名古屋,C9組,1:40.9,2.8,雨,3.0,8.0,名古屋,金シャチ最終戦777(C),1:38.3,0.1,雨,7.0,4.0,名古屋,C9組,1:38.9,1.1,晴,11.0,5.0,名古屋,C10組,1:34.4,3.9,晴,4.5,2.0,,nar,2026-09-03,58.5,63.2,51.4,50.2,83.0,53.8,49.6,前走人気以上 / 履歴少 / 近走上向き
202630090305,2026-09-03,5,ハレタヒニ,9.0,8.0,桑村真明,55.0,,6.0,5.0,門別,3歳以上C4ー2,1:03.8,1.1,曇,8.0,5.0,門別,グランシャリオドリー(C4),1:03.4,1.5,晴,6.0,4.0,門別,3歳以上C4ー2,1:02.4,0.4,曇,12.0,9.0,門別,星雲賞〔H3〕(重賞),1:17.0,3.1,雨,8.0,5.0,門別,3歳以上C4ー2,1:03.8,1.9,晴,14.6,7.0,,nar,2026-09-03,40.38,47.4,34.6,0.0,65.0,47.3,43.8,履歴少 / 近走上向き / 市場オッズ妙味
202644090305,2026-09-03,5,フカガワブギョー,6.0,5.0,達城龍次,56.0,,3.0,8.0,大井,3歳四 五,1:45.3,1.0,曇,9.0,7.0,盛岡,3歳B1,1:41.0,2.2,雨,10.0,9.0,盛岡,ハヤテスプリント(重賞),1:14.2,2.8,晴,11.0,10.0,水沢,ウイナーC(重賞),1:29.5,2.1,晴,6.0,5.0,水沢,3歳B1,1:44.6,1.2,曇,13.3,6.0,,nar,2026-09-03,53.56,49.2,54.0,30.4,86.0,55.0,51.8,クラス条件好転 / 前走人気以上 / 履歴少 / 近走上向き
202648090305,2026-09-03,5,フクチャンフクメイ,2.0,2.0,尾崎章生,55.0,,6.0,8.0,名古屋,金シャチ最終戦(C),1:38.8,0.6,晴,4.0,6.0,名古屋,名古屋モーニングフィ(C),1:39.2,0.9,晴,8.0,2.0,名古屋,金シャチ最終戦777(C),1:39.0,0.8,雨,3.0,7.0,名古屋,C10組,1:38.7,0.1,晴,1.0,9.0,名古屋,金シャチ最終戦(C),1:38.9,-0.2,雨,34.3,10.0,,nar,2026-09-03,58.03,68.5,59.3,49.8,38.0,62.8,52.9,名古屋実績 / 履歴少 / 市場オッズ妙味
202630090305,2026-09-03,5,フリーダムスタイル,7.0,7.0,阿部龍,55.0,,10.0,1.0,門別,北海道日高管内商工会(C4),1:17.0,1.4,曇,8.0,8.0,1札幌2,3歳未勝利,1:09.4,0.3,晴,10.0,7.0,1函館5,3歳未勝利,1:10.3,1.1,晴,4.0,9.0,1函館2,3歳未勝利,1:08.9,0.4,晴,15.0,11.0,1中京2,3歳未勝利,1:22.7,1.6,晴,3.9,2.0,,nar,2026-09-03,35.34,36.1,28.9,14.6,45.5,44.4,48.8,履歴少
202648090305,2026-09-03,5,プリマベーラ,9.0,8.0,小笠原羚,52.0,,10.0,6.0,名古屋,金シャチ最終戦(C),1:39.7,1.5,晴,3.0,9.0,名古屋,名古屋モーニングフィ(C),1:39.1,0.8,晴,8.0,3.0,金沢,☆ひなの&はるかお誕(C2特別),1:36.7,1.5,晴,8.0,2.0,金沢,C26,1:36.3,1.1,晴,5.0,3.0,金沢,C27,1:36.2,2.0,晴,30.2,9.0,,nar,2026-09-03,42.57,51.6,37.5,35.3,26.0,47.6,51.2,名古屋実績 / 履歴少 / 市場オッズ妙味
202650090305,2026-09-03,5,ヘイスト,7.0,6.0,川原正一,57.0,,2.0,2.0,園田,兵庫ジョッキーズ楽天(C2),1:22.6,0.4,曇,6.0,3.0,園田,C2一,0:50.6,0.5,晴,3.0,3.0,園田,C2,1:21.0,0.2,晴,2.0,1.0,園田,ビオラ賞C1,0:50.8,0.1,晴,3.0,4.0,園田,C1,0:50.7,0.4,曇,3.6,1.0,,nar,2026-09-03,62.72,81.6,44.5,75.1,59.0,53.5,56.2,園田実績 / 履歴少 / 安定感
202648090305,2026-09-03,5,ホウオウサンサール,10.0,8.0,塚本征吾,57.0,,1.0,1.0,名古屋,C13組,1:37.7,-0.7,晴,,,名古屋,"2,000m戦港北運(C)",,,曇,7.0,4.0,名古屋,"1,700m戦ティラ(C)",1:55.2,1.8,晴,4.0,4.0,名古屋,C19組,1:31.6,0.8,晴,3.0,2.0,名古屋,C22組,1:32.7,0.5,曇,2.4,1.0,,nar,2026-09-03,60.86,80.5,43.5,55.3,72.0,50.5,55.3,名古屋実績 / 履歴少 / 近走上向き
202655090305,2026-09-03,5,マイントップスター,6.0,5.0,椿聡太,53.0,,6.0,7.0,佐賀,C2ー21組,1:34.9,2.7,曇,8.0,11.0,佐賀,SAGAリベンジャー(3歳),1:34.5,2.8,曇,5.0,10.0,佐賀,SAGAリベンジャー(3歳),1:26.7,1.7,曇,8.0,7.0,佐賀,3歳ー8組,1:35.4,3.8,曇,,,佐賀,3歳ー7組,,,晴,15.4,6.0,,nar,2026-09-03,53.99,54.7,64.8,19.8,56.0,65.2,49.0,前走人気以上 / 過小評価傾向 / 市場オッズ妙味
202644090305,2026-09-03,5,ムービングアップ,5.0,5.0,藤田凌,56.0,,2.0,2.0,大井,3歳六 七八(3歳七),1:46.3,1.6,雨,2.0,3.0,大井,3歳八 九十(3歳九),1:44.1,0.6,晴,8.0,2.0,大井,3歳七 八,1:16.1,1.7,曇,1.0,1.0,金沢,ピンクコーラル特別(3歳),1:34.5,-0.2,晴,1.0,1.0,金沢,3歳B 4,1:41.0,-0.2,晴,10.8,5.0,,nar,2026-09-03,63.8,84.5,43.4,80.2,56.0,56.9,54.0,大井実績 / 履歴少 / 安定感
202655090305,2026-09-03,5,メイショウポワロ,7.0,6.0,後藤武蔵,51.0,,9.0,8.0,佐賀,C2ー21組,1:35.6,3.4,曇,10.0,11.0,佐賀,C2ー11組,1:35.6,4.0,雨,10.0,5.0,佐賀,C2ー10組,1:28.1,2.3,小雨,11.0,8.0,佐賀,C2ー11組,1:36.0,4.6,晴,1.0,4.0,佐賀,SAGAリベンジャー(C2),1:34.7,0.0,晴,27.3,11.0,,nar,2026-09-03,38.24,36.7,41.8,10.3,44.0,48.4,46.3,履歴少
202655090305,2026-09-03,5,メガクローム,9.0,7.0,田中直人,56.0,,8.0,6.0,高知,3歳ー6,1:29.0,4.4,晴,7.0,6.0,高知,3歳ー3,1:51.0,3.4,晴,12.0,5.0,高知,3歳ー6,1:30.8,6.3,晴,,,高知,3歳ー5,,,雨,8.0,7.0,高知,3歳ー5,1:25.5,1.9,曇,2.8,1.0,,nar,2026-09-03,35.92,38.9,30.8,0.0,56.0,42.2,50.0,総合評価
202630090305,2026-09-03,5,モーモーブルー,2.0,2.0,松井伸也,57.0,,8.0,8.0,門別,3歳以上C4ー2,1:03.9,1.2,曇,1.0,2.0,門別,BTC賞(C4),1:03.3,-0.1,晴,6.0,4.0,門別,3歳以上C4ー3,1:04.3,2.0,曇,4.0,6.0,門別,3歳以上C4ー3,1:04.1,0.1,曇,6.0,4.0,門別,浦臼町で新規就農しま(C4),1:04.8,1.6,曇,35.3,8.0,,nar,2026-09-03,51.35,67.4,49.6,39.5,27.5,54.1,49.6,履歴少 / 市場オッズ妙味
202630090305,2026-09-03,5,ヤマトノカゼ,5.0,5.0,小野楓馬,57.0,,1.0,1.0,門別,3歳以上C4ー3,1:03.0,-0.1,晴,4.0,3.0,門別,ほくれん丸賞(C4),1:03.1,1.0,雨,5.0,4.0,門別,3歳以上C4ー3,1:03.8,0.7,晴,6.0,2.0,門別,グランシャリオドリー(C4),1:04.6,1.3,晴,,,,,,,,7.5,3.0,,nar,2026-09-03,63.21,79.8,42.0,75.1,74.0,53.7,54.0,門別実績 / 近走上向き / 安定感
202644090305,2026-09-03,5,ライジングステップ,11.0,8.0,Ｆ．ゴン,56.0,,5.0,2.0,大井,東京ダービーチャレン(OP)(3歳),2:10.3,1.2,晴,6.0,2.0,大井,クラシックチャレンジ(OP)(3歳),1:55.5,0.7,曇,1.0,1.0,大井,3歳 新馬,1:28.3,-0.1,晴,,,,,,,,,,,,,,,1.9,1.0,,nar,2026-09-03,51.04,73.8,32.2,50.2,41.0,45.1,54.0,大井実績 / 履歴少
202644090305,2026-09-03,5,リュウノギフト,10.0,7.0,藤本現暉,56.0,,3.0,9.0,大井,3歳六 七八(3歳七),1:46.4,1.7,雨,7.0,6.0,大井,3歳六 七,1:44.7,1.4,晴,10.0,8.0,大井,3歳四 五六(3歳五),1:31.3,3.2,曇,5.0,4.0,大井,3歳七 八九(3歳八),1:30.5,1.2,晴,6.0,12.0,大井,3歳四 五,1:44.8,1.8,曇,61.3,10.0,,nar,2026-09-03,59.07,60.1,61.6,45.0,74.0,58.7,49.6,前走人気以上 / 履歴少 / 近走上向き
202655090305,2026-09-03,5,リュウノシャモニー,1.0,1.0,長谷川蓮,54.0,,4.0,3.0,佐賀,C2ー21組,1:34.4,2.2,曇,3.0,8.0,佐賀,SAGAリベンジャー(C2),1:26.4,1.8,雨,4.0,2.0,佐賀,C2ー12組,1:28.4,1.0,晴,5.0,7.0,佐賀,C2ー14組,1:27.8,1.8,曇,7.0,7.0,佐賀,C2ー13組,1:27.3,1.9,晴,6.7,2.0,,nar,2026-09-03,65.64,74.3,55.9,89.7,54.5,60.7,56.2,佐賀実績 / 履歴少 / 安定感
202648090305,2026-09-03,5,ルミノーゾ,3.0,3.0,加藤聡一,57.0,,3.0,8.0,名古屋,C10組,1:38.4,1.2,晴,7.0,10.0,名古屋,名古屋モーニングフィ(C),1:40.2,1.9,晴,5.0,11.0,名古屋,C9組,1:40.7,2.1,晴,5.0,8.0,名古屋,C10組,1:39.5,0.9,晴,9.0,7.0,名古屋,C11組,1:39.6,3.6,曇,15.6,7.0,,nar,2026-09-03,68.13,65.6,75.8,64.7,71.0,71.4,52.9,名古屋実績 / 前走人気以上 / 履歴少 / 人気以上に走る傾向
202655090305,2026-09-03,5,レネガード,3.0,3.0,長田進仁,56.0,,3.0,5.0,佐賀,C2ー22組,1:34.3,0.5,曇,4.0,7.0,佐賀,SAGAリベンジャー(C2),1:26.4,1.8,雨,7.0,5.0,佐賀,C2ー11組,1:33.7,1.7,小雨,4.0,4.0,佐賀,C2ー14組,1:27.6,1.6,曇,8.0,3.0,佐賀,C2ー13組,1:27.5,2.1,晴,6.8,3.0,,nar,2026-09-03,62.07,70.4,53.1,69.9,66.5,56.9,52.9,佐賀実績 / 履歴少 / 近走上向き / 安定感
202644090305,2026-09-03,5,ローレンモンブラン,1.0,1.0,横川怜央,56.0,,7.0,7.0,大井,3歳一 二三(3歳二),1:45.3,3.0,曇,5.0,3.0,大井,3歳四 五,1:46.9,4.1,晴,4.0,6.0,大井,3歳四 五六(3歳五),1:44.7,1.5,曇,1.0,5.0,大井,3歳12 13,1:30.7,-0.1,曇,8.0,8.0,大井,3歳九 十,1:31.7,1.6,晴,56.0,9.0,,nar,2026-09-03,55.99,66.9,53.4,59.3,35.0,56.1,52.9,大井実績 / 履歴少
202648090305,2026-09-03,5,ワカメチャン,4.0,4.0,阪野学,55.0,,7.0,10.0,名古屋,金シャチ最終戦777(C),1:39.6,1.9,晴,5.0,9.0,名古屋,咲来、弥憂、お誕生日(C),1:39.0,0.8,晴,6.0,9.0,名古屋,伊良湖疾風戦(C),0:57.5,0.6,曇,10.0,12.0,名古屋,金シャチ最終戦(C),1:38.3,1.0,晴,9.0,9.0,名古屋,C7組,1:38.7,1.3,晴,27.0,8.0,,nar,2026-09-03,54.1,52.4,69.6,24.9,53.0,62.5,46.3,前走人気以上 / 履歴少 / 人気以上に走る傾向 / 市場オッズ妙味
202650090305,2026-09-03,5,ワンインザスカイ,11.0,8.0,下原理,55.0,,4.0,3.0,園田,C2一,1:33.5,1.6,曇,2.0,4.0,園田,C2二,1:31.6,0.1,晴,5.0,5.0,園田,3歳C1,1:33.3,0.9,晴,8.0,11.0,3京都12,3歳未勝利,1:55.8,2.3,晴,12.0,11.0,2阪神5,3歳未勝利,1:55.3,2.0,晴,4.2,2.0,,nar,2026-09-03,62.75,67.1,53.7,75.1,66.5,58.1,59.5,園田実績 / 履歴少 / 近走上向き / 安定感
202644090305,2026-09-03,5,ヴァンクラッセ,9.0,7.0,高橋優,51.0,,11.0,8.0,佐賀,3歳ー3組,1:27.2,2.8,雨,8.0,7.0,佐賀,3歳ー2組,1:33.4,1.1,晴,4.0,5.0,佐賀,パッカルくんのおとし(3歳),1:33.1,0.7,晴,3.0,4.0,佐賀,パドックリニューアル(3歳),1:32.4,0.9,曇,8.0,9.0,佐賀,ル・プランタン賞(重賞),2:04.4,3.2,晴,339.4,12.0,,nar,2026-09-03,42.83,48.9,45.0,34.3,18.5,50.9,48.8,履歴少
202648090306,2026-09-03,6,アグネス,1.0,1.0,明星晴大,55.0,,10.0,5.0,名古屋,C9組,1:41.2,3.6,晴,6.0,4.0,名古屋,金シャチ最終戦777(C),1:39.6,1.9,晴,4.0,5.0,名古屋,咲来、弥憂、お誕生日(C),1:38.9,0.7,晴,10.0,6.0,名古屋,金シャチ最終戦777(C),1:39.5,1.3,雨,2.0,2.0,名古屋,C11組,1:38.4,0.1,晴,39.6,11.0,,nar,2026-09-03,40.62,52.1,33.2,30.1,23.0,48.2,49.6,履歴少 / 市場オッズ妙味
202630090306,2026-09-03,6,アペリティーヴォ,9.0,7.0,望月洵輝,55.0,,4.0,4.0,門別,栄冠賞〔H2〕(重賞),1:15.5,0.9,曇,1.0,1.0,門別,JRA認定競走フレッ(2歳),1:08.5,-0.9,晴,,,,,,,,,,,,,,,,,,,,,,7.0,4.0,,nar,2026-09-03,53.11,65.7,45.5,48.4,35.6,55.4,59.5,門別実績 / 履歴少 / サンプル少
202655090306,2026-09-03,6,アメアメフレフレ,8.0,7.0,山田義貴,54.0,,4.0,4.0,佐賀,C2ー20組,1:32.6,1.3,曇,3.0,4.0,佐賀,SAGAリベンジャー(3歳),1:33.0,1.3,曇,7.0,5.0,佐賀,SAGAリベンジャー(3歳),1:26.9,1.9,曇,3.0,1.0,佐賀,3歳ー9組,1:33.3,1.0,晴,2.0,4.0,佐賀,3歳ー9組,1:33.2,1.5,晴,13.3,6.0,,nar,2026-09-03,62.26,76.1,48.4,80.2,48.5,60.4,54.5,佐賀実績 / 安定感 / 市場オッズ妙味
202644090306,2026-09-03,6,アメジストハート,9.0,5.0,高橋優,51.0,,13.0,14.0,大井,3歳四 五,1:16.8,2.8,曇,14.0,14.0,大井,3歳四 五,1:17.1,3.0,晴,15.0,11.0,大井,3歳四 五六(3歳五),1:17.6,3.0,曇,9.0,8.0,大井,3歳四 五六(3歳五),1:52.4,7.6,晴,15.0,15.0,大井,3歳一 二三(3歳二),1:17.1,3.2,曇,189.3,15.0,,nar,2026-09-03,30.07,6.5,45.6,0.0,51.5,48.3,43.8,履歴少
202648090306,2026-09-03,6,アルーリングソレル,10.0,8.0,加藤利征,55.0,,4.0,6.0,名古屋,C9組,1:38.1,0.5,晴,12.0,9.0,名古屋,C7組,1:41.3,3.5,晴,4.0,7.0,名古屋,金シャチ最終戦(C),1:37.8,0.5,晴,4.0,4.0,名古屋,C8組,1:39.1,1.3,晴,4.0,9.0,名古屋,C13組,1:38.0,0.9,雨,12.2,6.0,,nar,2026-09-03,61.64,60.0,56.8,75.1,62.0,65.2,56.2,名古屋実績 / 履歴少 / 安定感 / 過小評価傾向
202644090306,2026-09-03,6,アンパンタイム,8.0,5.0,杉山海波,51.0,,15.0,13.0,大井,3歳一 二三(3歳二),1:15.4,2.4,曇,,,大井,3歳一 二三(3歳二),,,曇,11.0,9.0,大井,3歳一 二三(3歳二),1:16.3,3.0,曇,1.0,2.0,大井,3歳九 十,1:15.9,-0.1,曇,4.0,3.0,大井,3歳九 十,1:31.5,1.5,晴,28.5,12.0,,nar,2026-09-03,34.48,35.2,41.0,24.9,0.0,47.7,51.2,大井実績 / 履歴少
202630090306,2026-09-03,6,アヴナント,11.0,8.0,岩橋勇二,55.0,,6.0,7.0,1札幌7,コスモス賞(OP),1:52.2,3.5,晴,7.0,7.0,門別,JRA認定競走ターフ(OP)(2歳),1:54.9,1.7,曇,1.0,2.0,門別,JRA認定競走アタッ(2歳),1:08.9,-0.2,晴,2.0,1.0,門別,JRA認定競走フレッ(2歳),1:09.1,0.1,曇,,,,,,,,32.9,10.0,,nar,2026-09-03,54.14,71.8,52.8,34.3,34.0,55.5,54.0,門別実績 / 履歴少 / 市場オッズ妙味
202644090306,2026-09-03,6,アークルージエ,12.0,7.0,谷内貫太,53.0,,15.0,15.0,大井,3歳四 五,1:17.7,3.7,曇,9.0,15.0,大井,3歳四 五,1:15.6,1.5,晴,9.0,8.0,大井,3歳四 五六(3歳五),1:16.3,1.7,曇,11.0,11.0,大井,3歳四 五六(3歳五),1:16.1,2.3,曇,4.0,10.0,大井,3歳四 五,1:15.4,1.0,曇,78.3,14.0,,nar,2026-09-03,37.88,26.9,63.4,10.3,9.5,58.1,46.3,履歴少
202644090306,2026-09-03,6,ウィルイルミ,4.0,3.0,吉井章,54.0,,2.0,4.0,大井,3歳六 七八(3歳七),1:16.3,0.2,雨,8.0,7.0,大井,3歳四 五,1:15.4,1.3,晴,6.0,2.0,大井,3歳四 五六(3歳五),1:30.6,2.5,曇,1.0,1.0,大井,3歳11 12,1:15.9,-1.0,晴,4.0,4.0,大井,3歳14 15,1:16.4,2.2,曇,7.7,5.0,,nar,2026-09-03,59.63,73.2,47.0,55.3,66.5,56.7,52.9,大井実績 / 履歴少 / 近走上向き
202630090306,2026-09-03,6,エイシンスクルド,8.0,6.0,服部茂史,55.0,,1.0,1.0,門別,JRA認定競走アタッ(2歳),1:01.1,-0.8,曇,1.0,2.0,門別,北海道きたやさい賞(2歳),1:00.9,-0.8,雨,2.0,1.0,門別,2歳牝馬未勝利,1:02.5,0.1,曇,4.0,3.0,門別,JRA認定競走アタッ(2歳),1:09.5,1.2,晴,3.0,4.0,門別,JRA認定競走フレッ(2歳),1:02.6,0.7,曇,12.5,8.0,,nar,2026-09-03,71.65,93.3,50.1,100.0,59.0,62.8,56.4,門別実績 / 安定感 / 市場オッズ妙味
202655090306,2026-09-03,6,エイシンロッソネリ,5.0,5.0,田中純,56.0,,9.0,9.0,園田,C1,1:35.1,3.4,晴,9.0,9.0,園田,グラジオラス賞C1,1:56.5,4.1,晴,5.0,4.0,園田,C1,2:10.6,2.7,晴,10.0,10.0,園田,アジサイ賞C1,1:33.6,2.2,晴,9.0,3.0,園田,C1,1:33.8,2.3,曇,10.8,5.0,,nar,2026-09-03,41.72,41.2,44.3,19.8,45.5,48.1,50.0,総合評価
202644090306,2026-09-03,6,エマーユ,11.0,6.0,佐野遥久,54.0,,14.0,9.0,大井,3歳四 五,1:17.5,3.5,曇,15.0,5.0,大井,3歳四 五,1:17.2,3.1,晴,1.0,2.0,大井,3歳九 十,1:30.1,0.0,晴,2.0,2.0,大井,3歳 選抜牝馬,1:16.7,0.8,雨,,,,,,,,23.3,11.0,,nar,2026-09-03,30.34,37.0,20.2,34.3,2.0,40.3,51.2,大井実績 / 履歴少
202650090306,2026-09-03,6,エレガントフルール,10.0,7.0,田野豊三,55.0,,3.0,5.0,園田,C3二,0:52.3,0.0,晴,6.0,6.0,園田,C3,0:53.0,1.0,晴,8.0,9.0,園田,C3,0:52.0,1.2,晴,4.0,4.0,園田,C3二,0:52.5,1.3,晴,4.0,6.0,園田,C3,0:51.5,0.9,雨,16.7,7.0,,nar,2026-09-03,61.63,68.1,57.1,55.3,65.0,65.2,52.9,園田実績 / 履歴少 / 近走上向き / 過小評価傾向
202650090306,2026-09-03,6,オーシンキャンディ,3.0,3.0,下原理,55.0,,5.0,3.0,園田,C3,0:52.1,0.7,晴,4.0,2.0,園田,C3,0:51.1,1.2,晴,5.0,3.0,園田,C2一,0:51.4,1.1,雨,12.0,4.0,園田,C2一,0:52.6,2.0,雨,1.0,5.0,園田,売布ガ丘ダッシュC2,0:51.0,-0.3,雨,4.5,2.0,,nar,2026-09-03,55.66,65.1,34.2,85.4,53.0,49.9,56.2,園田実績 / 履歴少 / 安定感
202644090306,2026-09-03,6,カクヒメ,5.0,3.0,横川怜央,54.0,,6.0,4.0,大井,3歳四 五,1:15.6,1.6,曇,4.0,3.0,大井,3歳四 五,1:14.8,0.7,晴,3.0,4.0,大井,3歳四 五,1:15.2,1.6,晴,3.0,3.0,大井,3歳四 五,1:15.2,2.3,晴,4.0,1.0,大井,2歳五 六,1:29.2,1.4,晴,5.3,2.0,,nar,2026-09-03,56.77,73.9,43.2,69.6,35.0,53.8,56.2,大井実績 / 履歴少 / 安定感
202650090306,2026-09-03,6,キャスパインパクト,2.0,2.0,永井孝典,57.0,,7.0,4.0,園田,C3二,0:53.9,2.0,曇,5.0,3.0,園田,C3二,0:52.2,0.7,曇,4.0,10.0,園田,C3二,0:51.6,0.5,晴,9.0,6.0,園田,C3,0:53.0,1.5,曇,8.0,9.0,園田,C3,1:23.5,2.2,曇,74.3,11.0,,nar,2026-09-03,50.63,57.6,46.1,44.7,47.0,52.9,50.5,前走人気以上
202648090306,2026-09-03,6,ギースバッハ,6.0,6.0,近藤颯羽,52.0,,8.0,1.0,名古屋,金シャチ最終戦777(C),1:39.8,2.1,晴,7.0,3.0,名古屋,C7組,1:39.7,1.9,晴,5.0,8.0,名古屋,C4組,1:36.7,0.7,晴,7.0,9.0,名古屋,アジア・アジアパラ応(C),1:38.2,1.8,曇,9.0,4.0,名古屋,油ヶ淵賞(C),1:32.8,1.9,曇,8.2,3.0,,nar,2026-09-03,40.89,51.1,30.7,19.8,44.0,49.6,46.3,履歴少
202630090306,2026-09-03,6,クリームパン,1.0,1.0,亀井洋司,55.0,,1.0,5.0,門別,JRA認定競走アタッ(2歳),1:14.4,-0.5,晴,1.0,3.0,門別,2歳牝馬未勝利,1:02.4,-0.1,曇,4.0,3.0,門別,JRA認定競走アタッ(2歳),1:03.4,1.5,曇,2.0,2.0,門別,JRA認定競走フレッ(2歳),1:02.5,0.3,曇,,,,,,,,10.7,6.0,,nar,2026-09-03,73.34,93.4,61.8,89.7,58.0,64.2,56.4,門別実績 / 前走人気以上 / 安定感
202648090306,2026-09-03,6,クールシェリー,4.0,4.0,大畑雅章,55.0,,7.0,7.0,名古屋,矢梨賞(C),1:31.9,1.0,晴,6.0,8.0,名古屋,金シャチ最終戦777(C),1:39.5,1.7,晴,6.0,9.0,名古屋,C級6組,1:37.6,1.9,小雨,1.0,1.0,名古屋,C11組,1:38.3,-0.1,晴,4.0,8.0,名古屋,たつや&ともみ2周年(C),1:38.7,0.7,雨,9.6,4.0,,nar,2026-09-03,53.54,65.1,60.5,24.9,33.5,63.1,49.6,履歴少
202648090306,2026-09-03,6,グルーヴィデザイン,3.0,3.0,加藤聡一,55.0,,2.0,3.0,名古屋,C10組,1:37.3,0.1,晴,1.0,1.0,名古屋,C10組,1:39.2,-0.5,雨,6.0,1.0,名古屋,C20組,1:40.6,1.6,晴,10.0,1.0,名古屋,C17組,1:40.1,1.1,晴,,,名古屋,C18組,,,晴,2.9,1.0,,nar,2026-09-03,56.31,76.8,34.4,55.3,72.0,44.0,51.2,名古屋実績 / 履歴少 / 近走上向き
202650090306,2026-09-03,6,グレールール,1.0,1.0,佐々木世,53.0,,6.0,2.0,園田,C3一,0:52.5,0.6,曇,2.0,1.0,園田,C3,0:50.9,1.0,晴,4.0,2.0,園田,C3,0:51.7,1.3,曇,2.0,2.0,園田,C3,0:51.2,0.0,曇,4.0,5.0,園田,C3一,0:51.5,0.5,雨,6.2,4.0,,nar,2026-09-03,56.09,77.5,37.7,69.6,32.0,53.9,56.2,園田実績 / 履歴少 / 安定感
202644090306,2026-09-03,6,ゴールドモア,10.0,6.0,中山遥人,55.0,,10.0,8.0,大井,3歳四 五,1:16.4,2.4,曇,14.0,4.0,大井,3歳四 五六(3歳五),1:32.5,4.1,晴,2.0,2.0,大井,3歳六 七八(3歳七),1:29.9,0.0,雨,7.0,1.0,大井,3歳六 七八(3歳七),1:15.8,1.0,曇,3.0,4.0,大井,3歳七 八,1:15.4,0.8,雨,32.8,13.0,,nar,2026-09-03,35.24,43.0,22.9,30.1,29.0,40.5,49.6,履歴少
202644090306,2026-09-03,6,サマニデンカ,14.0,8.0,江里口裕,56.0,,14.0,14.0,大井,3歳一 二三(3歳二),1:15.2,2.2,曇,,,大井,3歳一 二三(3歳二),,,曇,4.0,10.0,大井,3歳四 五六(3歳五),1:15.7,1.1,曇,14.0,9.0,大井,3歳四 五六(3歳五),1:17.2,3.4,曇,11.0,4.0,大井,3歳四 五六(3歳五),1:19.1,3.8,曇,23.0,10.0,,nar,2026-09-03,34.28,22.8,47.5,19.8,24.0,46.8,47.1,履歴少
202644090306,2026-09-03,6,ザレインソング,2.0,2.0,木澤奨,51.0,,2.0,12.0,大井,3歳四 五,1:14.4,0.3,晴,8.0,5.0,大井,3歳四 五六(3歳五),1:16.2,1.6,曇,8.0,14.0,大井,3歳四 五六(3歳五),1:15.4,1.6,曇,10.0,15.0,大井,3歳四 五,1:16.1,1.7,曇,11.0,10.0,大井,3歳四 五,1:48.0,4.4,晴,14.7,6.0,,nar,2026-09-03,63.19,53.8,78.7,30.4,93.5,69.6,46.3,前走人気以上 / 履歴少 / 人気以上に走る傾向 / 近走上向き
202655090306,2026-09-03,6,シエルルビー,4.0,4.0,長田進仁,54.0,,5.0,7.0,佐賀,C2ー20組,1:33.8,2.5,曇,6.0,5.0,佐賀,C2ー10組,1:34.3,1.2,雨,4.0,4.0,佐賀,C2ー11組,1:33.3,1.3,小雨,2.0,6.0,佐賀,C2ー14組,1:26.7,0.7,曇,5.0,3.0,佐賀,C2ー14組,1:35.0,1.8,晴,54.0,9.0,,nar,2026-09-03,60.99,71.1,55.1,75.1,45.5,55.5,56.2,佐賀実績 / 履歴少 / 安定感
202630090306,2026-09-03,6,スカイビュー,10.0,7.0,桑村真明,55.0,,8.0,9.0,門別,サッポロクラシックカ(重賞),1:15.9,1.9,曇,,,門別,クリスタル特別(OP)(2歳),,,雨,5.0,4.0,門別,スフェーン特別(OP)(2歳),1:16.0,1.0,曇,5.0,5.0,門別,ルビー特別(OP)(2歳),1:16.7,1.9,曇,1.0,2.0,門別,JRA認定競走フレッ(2歳),1:02.5,-0.4,曇,50.6,11.0,,nar,2026-09-03,51.4,62.7,52.0,44.7,24.0,54.3,55.3,門別実績 / 履歴少
202648090306,2026-09-03,6,タガノポストマン,2.0,2.0,小笠原羚,54.0,,6.0,4.0,名古屋,C9組,1:38.4,0.8,晴,,,名古屋,金シャチ最終戦777(C),,,晴,5.0,5.0,名古屋,伊良湖疾風戦(C),0:57.4,0.5,曇,6.0,1.0,名古屋,金シャチ最終戦(C),1:37.9,0.6,晴,4.0,6.0,名古屋,父の日のプレゼントな(C),1:37.7,0.3,晴,16.2,8.0,,nar,2026-09-03,49.39,64.3,39.5,30.1,44.0,56.4,51.2,名古屋実績 / 履歴少 / 市場オッズ妙味
202655090306,2026-09-03,6,ダイコクヤタエモン,6.0,6.0,山下裕貴,56.0,,3.0,2.0,佐賀,C2ー21組,1:33.6,1.4,曇,1.0,1.0,佐賀,SAGAリベンジャー(3歳),0:55.5,-0.3,晴,4.0,3.0,佐賀,パッカルくんのおとし(3歳),1:34.4,1.2,曇,,,佐賀,SAGAリベンジャー(3歳),,,雨,16.0,13.0,2東京7,3歳未勝利,1:24.6,5.2,晴,5.6,4.0,,nar,2026-09-03,63.16,76.7,43.3,75.1,74.0,53.3,59.5,佐賀実績 / 履歴少 / 近走上向き / 安定感
202630090306,2026-09-03,6,チェロミフォルス,7.0,6.0,藤田凌駕,55.0,,1.0,7.0,門別,JRA認定競走フレッ(2歳),1:09.1,-0.2,曇,,,,,,,,,,,,,,,,,,,,,,,,,,,,,11.4,7.0,,nar,2026-09-03,46.42,51.6,49.9,36.3,40.6,42.0,48.8,前走人気以上 / 履歴少 / サンプル少
202648090306,2026-09-03,6,ツキヨザクラ,7.0,6.0,細川智史,55.0,,5.0,3.0,名古屋,C9組,1:38.3,0.7,晴,3.0,8.0,門別,門別音頭祭り特別(C4),1:52.3,2.2,曇,6.0,7.0,門別,リョウブ特別(C4),1:54.9,4.8,曇,7.0,9.0,門別,北海道野菜王国にった(C4),1:54.9,2.4,晴,11.0,11.0,門別,グランシャリオドリー(C4),2:02.4,4.1,曇,14.9,7.0,,nar,2026-09-03,59.79,63.1,57.9,55.3,60.5,65.4,51.8,クラス条件好転 / 履歴少 / 過小評価傾向 / 市場オッズ妙味
202644090306,2026-09-03,6,トキオゴリン,6.0,4.0,西優哉,53.0,,3.0,3.0,大井,3歳六 七八(3歳七),1:16.5,0.4,雨,3.0,6.0,大井,3歳六 七,1:14.9,0.9,晴,3.0,5.0,大井,3歳七 八,1:14.8,0.4,曇,6.0,11.0,大井,3歳七 八九(3歳八),1:16.1,1.5,晴,8.0,12.0,大井,3歳六 七八(3歳七),1:16.9,1.7,雨,4.9,1.0,,nar,2026-09-03,68.18,76.4,66.0,75.1,62.0,65.9,52.9,大井実績 / 履歴少 / 人気以上に走る傾向 / 安定感
202644090306,2026-09-03,6,ドレヴィーナス,1.0,1.0,安藤洋一,54.0,,4.0,10.0,大井,3歳四 五,1:15.3,1.3,曇,6.0,6.0,大井,3歳四 五,1:15.1,1.0,晴,13.0,3.0,大井,3歳四 五六(3歳五),1:17.1,2.5,曇,10.0,1.0,大井,3歳四 五六(3歳五),1:15.6,1.8,曇,1.0,3.0,大井,3歳九 十,1:14.5,-1.0,晴,17.8,8.0,,nar,2026-09-03,51.12,53.3,41.2,40.7,71.0,56.8,49.6,前走人気以上 / 履歴少 / 近走上向き / 市場オッズ妙味
202655090306,2026-09-03,6,ナリノカサブランカ,1.0,1.0,小松丈二,54.0,,10.0,11.0,佐賀,C2ー19組,1:37.1,5.5,曇,10.0,12.0,佐賀,C2ー10組,1:36.0,2.9,雨,12.0,12.0,佐賀,C2ー9組,1:36.3,4.6,小雨,7.0,8.0,佐賀,C2ー10組,1:33.8,2.0,晴,9.0,8.0,佐賀,C2ー9組,1:27.8,3.7,晴,239.8,11.0,,nar,2026-09-03,39.01,29.2,55.9,0.0,47.0,52.9,43.8,履歴少
202644090306,2026-09-03,6,ニュークチュール,7.0,4.0,野畑凌,54.0,,1.0,5.0,大井,3歳九 十11(3歳十),1:46.0,-0.2,晴,10.0,5.0,大井,3歳11 12,1:31.7,1.9,晴,7.0,1.0,大井,3歳11 12,1:18.7,2.6,晴,4.0,3.0,大井,2歳 選抜牝馬,1:17.5,1.2,曇,5.0,2.0,大井,2歳 新馬,1:18.6,4.0,曇,18.6,9.0,,nar,2026-09-03,57.45,65.8,38.3,55.3,83.0,56.8,52.9,大井実績 / 前走人気以上 / 履歴少 / 近走上向き
202650090306,2026-09-03,6,ハンバーグハマー,6.0,5.0,川原正一,55.0,,5.0,6.0,園田,C3一,0:52.0,0.1,曇,7.0,9.0,園田,C3,0:51.5,1.6,晴,8.0,9.0,園田,C2二,1:35.9,3.2,曇,9.0,11.0,園田,C2,0:51.8,1.4,晴,11.0,12.0,園田,潤和ダッシュC2二,0:52.5,1.2,雨,26.0,10.0,,nar,2026-09-03,53.25,49.6,59.8,30.4,72.5,57.4,46.3,履歴少 / 近走上向き / 市場オッズ妙味
202648090306,2026-09-03,6,バイオマックス,8.0,7.0,大畑慧悟,57.0,,1.0,2.0,名古屋,C12組,1:38.3,-0.1,晴,2.0,3.0,名古屋,C11組,1:39.9,1.4,曇,11.0,3.0,名古屋,C22組,1:41.0,2.7,晴,8.0,1.0,名古屋,C22組,1:34.2,2.0,曇,1.0,1.0,名古屋,丙午記念(C),1:31.9,-0.6,晴,3.7,2.0,,nar,2026-09-03,58.29,74.0,35.7,65.7,77.0,47.1,52.9,名古屋実績 / 履歴少 / 近走上向き / 安定感
202644090306,2026-09-03,6,ヒガシナデシコ,3.0,2.0,和田譲治,54.0,,16.0,6.0,大井,3歳四 五,1:18.7,4.7,曇,6.0,5.0,大井,汐留川賞(3歳五),1:30.4,1.8,晴,10.0,6.0,大井,3歳一 二三(3歳二),1:16.2,2.7,晴,1.0,1.0,大井,2歳 新馬,1:15.0,-1.2,晴,,,,,,,,7.1,4.0,,nar,2026-09-03,27.37,39.1,18.2,14.6,0.0,40.0,47.1,履歴少
202650090306,2026-09-03,6,フェスティヴルキナ,4.0,4.0,竹村達也,55.0,,3.0,2.0,園田,C3二,0:53.1,1.2,曇,5.0,5.0,園田,C3,0:51.5,0.7,晴,3.0,1.0,園田,C3二,0:52.4,1.2,晴,6.0,2.0,園田,C3,0:52.5,1.0,曇,7.0,4.0,園田,米地ダッシュC3,0:52.3,0.6,晴,12.4,6.0,,nar,2026-09-03,59.33,73.2,38.9,75.1,63.5,54.2,52.9,園田実績 / 履歴少 / 安定感 / 市場オッズ妙味
202650090306,2026-09-03,6,フェーヴルブラン,8.0,6.0,高畑皓一,56.0,,8.0,9.0,園田,C3,0:54.1,2.7,晴,10.0,5.0,園田,弦谷スプリント3歳C(C2),1:24.8,3.1,晴,7.0,5.0,園田,生琉里町7ハロン3歳(C2),1:34.7,1.9,雨,3.0,9.0,園田,スーパーマラドーナ☆(C1),1:23.9,1.6,晴,7.0,7.0,園田,3歳C1二,1:37.2,2.1,晴,148.8,12.0,,nar,2026-09-03,43.43,48.3,46.8,14.6,42.5,51.6,46.3,履歴少
202655090306,2026-09-03,6,フライトブルー,11.0,8.0,中山蓮王,54.0,,12.0,9.0,佐賀,C2ー10組,1:39.4,6.3,雨,10.0,9.0,佐賀,C2ー9組,1:35.4,3.7,小雨,10.0,9.0,佐賀,C2ー10組,1:28.6,4.5,曇,11.0,7.0,佐賀,第11回沖縄まーさん(C2),1:36.3,3.9,曇,12.0,11.0,佐賀,明日はさがけいば祭り(C2),1:36.4,5.0,曇,93.5,10.0,,nar,2026-09-03,29.95,20.3,35.7,0.0,42.5,44.4,43.8,履歴少
202655090306,2026-09-03,6,フランシーヌ,2.0,2.0,川島拓,54.0,,7.0,10.0,佐賀,一発逆転ファイナルレ,1:33.1,3.1,曇,2.0,2.0,佐賀,SAGAリベンジャー(3歳),1:32.9,1.2,曇,3.0,3.0,佐賀,3歳ー8組,1:24.7,0.4,雨,2.0,6.0,佐賀,3歳ー10組,1:24.7,0.2,晴,4.0,3.0,佐賀,SAGAリベンジャー(3歳),1:25.6,1.3,曇,4.3,2.0,,nar,2026-09-03,60.94,76.6,59.7,69.6,24.5,60.1,54.5,佐賀実績 / 前走人気以上 / 安定感
202655090306,2026-09-03,6,ブリックヤード,9.0,7.0,山口勲,56.0,,9.0,9.0,佐賀,C2ー19組,1:36.0,4.4,曇,6.0,10.0,佐賀,3歳ー6組,1:33.6,1.6,晴,8.0,5.0,佐賀,3歳ー6組,1:35.2,2.8,小雨,9.0,7.0,佐賀,3歳ー7組,1:36.2,3.6,曇,5.0,5.0,佐賀,3歳ー7組,1:33.5,0.7,晴,33.2,7.0,,nar,2026-09-03,43.05,46.9,50.8,10.3,38.0,52.2,46.3,履歴少 / 市場オッズ妙味
202630090306,2026-09-03,6,ベラジオエイチャン,2.0,2.0,金山昇馬,55.0,,5.0,5.0,門別,クリスタル特別(OP)(2歳),1:04.4,3.1,雨,5.0,6.0,門別,JRA認定競走ウィナ(OP)(2歳),1:03.0,1.9,曇,1.0,1.0,門別,JRA認定競走アタッ(2歳),1:02.8,-0.2,曇,5.0,5.0,門別,JRA認定競走フレッ(2歳),1:03.1,0.9,曇,,,,,,,,125.3,12.0,,nar,2026-09-03,62.83,75.1,51.9,89.7,42.0,54.3,59.5,門別実績 / 履歴少 / 安定感
202648090306,2026-09-03,6,ベールドゥフィーユ,5.0,5.0,村上弘樹,55.0,,7.0,10.0,名古屋,C9組,1:38.6,1.0,晴,4.0,7.0,名古屋,金シャチ最終戦777(C),1:39.5,1.8,晴,3.0,5.0,名古屋,C9組,1:39.6,1.0,晴,9.0,4.0,名古屋,金シャチ最終戦777(C),1:39.1,0.9,雨,4.0,3.0,名古屋,C10組,1:38.9,0.3,晴,35.6,10.0,,nar,2026-09-03,56.61,64.4,58.6,55.0,38.0,57.6,52.9,名古屋実績 / 前走人気以上 / 履歴少 / 市場オッズ妙味
202655090306,2026-09-03,6,ボンスヴニール,3.0,3.0,青海大樹,53.0,,8.0,5.0,佐賀,C2ー19組,1:35.2,3.6,曇,6.0,10.0,佐賀,SAGAリベンジャー(3歳),1:33.5,1.8,曇,7.0,8.0,佐賀,3歳ー6組,1:35.2,2.8,小雨,6.0,8.0,佐賀,3歳ー7組,1:35.9,3.3,曇,8.0,7.0,佐賀,3歳ー7組,1:34.5,1.7,晴,47.4,8.0,,nar,2026-09-03,45.01,51.9,53.3,0.0,42.5,56.7,46.5,前走人気以上 / 市場オッズ妙味
202655090306,2026-09-03,6,マコトアタキギリ,10.0,8.0,飛田愛斗,54.0,,3.0,2.0,佐賀,C2ー20組,1:31.6,0.3,曇,1.0,1.0,佐賀,3歳ー10組,1:32.5,-0.3,晴,3.0,6.0,佐賀,パッカルくんのおとし(3歳),1:33.7,0.5,曇,,,佐賀,SAGAリベンジャー(3歳),,,雨,8.0,4.0,名古屋,3歳10組,1:39.7,4.6,晴,2.7,1.0,,nar,2026-09-03,64.27,83.8,49.0,75.1,56.0,52.6,59.5,佐賀実績 / 履歴少 / 安定感
202650090306,2026-09-03,6,マスキュラー,7.0,6.0,高橋洸佑,53.0,,8.0,5.0,園田,C3一,0:52.2,1.0,晴,12.0,8.0,園田,阿成スプリントC3,1:26.7,5.9,晴,10.0,10.0,園田,3歳C1C2,0:52.5,1.9,晴,6.0,6.0,園田,3歳C1,0:52.3,1.0,晴,5.0,5.0,園田,3歳C1二,1:23.4,1.4,曇,23.9,9.0,,nar,2026-09-03,37.99,37.7,36.6,10.3,51.5,47.1,46.3,履歴少
202650090306,2026-09-03,6,マダムレディバグ,9.0,7.0,杉浦健太,55.0,,8.0,7.0,園田,C3一,0:52.8,0.9,曇,9.0,4.0,園田,C3,0:52.5,1.2,曇,5.0,3.0,園田,C3,0:51.8,1.0,晴,2.0,3.0,園田,C3,0:50.9,0.3,雨,2.0,2.0,園田,C3二,0:51.5,0.1,晴,12.0,5.0,,nar,2026-09-03,47.39,58.7,37.4,44.7,29.0,56.0,52.9,園田実績 / 履歴少 / 市場オッズ妙味
202648090306,2026-09-03,6,ミッシュマッシュ,11.0,8.0,渡辺竜也,55.0,,7.0,2.0,名古屋,金シャチ最終戦(C),1:39.0,0.8,晴,5.0,3.0,名古屋,C7組,1:39.5,1.4,晴,4.0,6.0,名古屋,金シャチ最終戦777(C),1:39.0,1.2,晴,7.0,6.0,名古屋,C8組,1:38.6,1.5,小雨,3.0,5.0,名古屋,C9組,1:38.4,0.6,晴,10.6,5.0,,nar,2026-09-03,51.62,64.0,39.1,55.0,36.5,57.4,52.9,名古屋実績 / 履歴少
202630090306,2026-09-03,6,ミラクルヴェリテ,4.0,4.0,石川倭,55.0,,7.0,6.0,1札幌7,コスモス賞(OP),1:52.7,4.0,晴,1.0,2.0,門別,JRA認定競走フレッ(2歳),1:08.2,-0.3,曇,,,,,,,,,,,,,,,,,,,,,,5.6,2.0,,nar,2026-09-03,46.46,58.5,45.1,31.7,25.7,52.6,50.0,サンプル少
202650090306,2026-09-03,6,ミルクアルファノ,5.0,5.0,小谷哲平,54.0,,5.0,2.0,園田,しだれ桜賞3歳B,1:23.4,1.5,曇,1.0,1.0,園田,京都美山の牛乳ようけ(C1C2),0:51.6,-0.1,曇,2.0,3.0,姫路,桃の節句ひな祭り賞3(C1),0:51.5,0.1,雨,3.0,4.0,姫路,太市中ダッシュ3歳C(C1C2),0:52.1,0.0,晴,3.0,2.0,園田,3歳C1C2,1:22.9,0.2,晴,6.0,3.0,,nar,2026-09-03,64.44,84.7,45.3,100.0,33.5,56.3,59.5,園田実績 / 履歴少 / 安定感
202630090306,2026-09-03,6,ムーンスプライト,3.0,3.0,小野楓馬,55.0,,1.0,1.0,門別,JRA認定競走フレッ(2歳),1:02.4,-0.2,晴,,,,,,,,,,,,,,,,,,,,,,,,,,,,,6.6,3.0,,nar,2026-09-03,44.01,51.6,40.6,36.3,40.6,40.6,48.8,履歴少 / サンプル少
202648090306,2026-09-03,6,メイショウイッシン,9.0,7.0,丹羽克輝,57.0,,8.0,4.0,名古屋,金シャチ最終戦(C),1:39.0,0.8,晴,2.0,3.0,名古屋,名古屋モーニングフィ(C),1:39.1,0.8,晴,6.0,8.0,名古屋,咲来、弥憂、お誕生日(C),1:39.1,0.9,晴,6.0,10.0,名古屋,金シャチ最終戦777(C),1:38.4,1.0,曇,6.0,10.0,名古屋,C5組,1:38.2,1.8,曇,18.6,9.0,,nar,2026-09-03,50.95,63.1,53.0,24.9,32.0,65.1,46.3,履歴少 / 過小評価傾向 / 市場オッズ妙味
202650090306,2026-09-03,6,モモノコトノハ,11.0,8.0,大山真吾,55.0,,2.0,2.0,園田,C3,0:51.5,0.7,晴,2.0,4.0,園田,C3二,0:51.9,0.4,曇,6.0,2.0,川崎,ガスト賞(3歳),0:58.1,1.7,晴,4.0,2.0,川崎,ゼフィール賞(3歳),0:57.9,1.9,晴,6.0,3.0,川崎,3歳8,1:35.6,2.0,雨,3.1,1.0,,nar,2026-09-03,62.08,80.0,43.7,69.9,65.0,50.3,59.5,園田実績 / 履歴少 / 近走上向き / 安定感
202650090306,2026-09-03,6,ヤシロスマイリー,12.0,8.0,南部楓馬,52.0,,4.0,8.0,園田,C3,0:52.0,1.2,晴,9.0,6.0,園田,C3三,1:37.6,4.6,曇,9.0,5.0,園田,C3二,0:52.6,1.5,晴,9.0,12.0,園田,C3,0:52.9,1.4,晴,10.0,6.0,園田,C3,0:52.8,1.6,曇,18.8,8.0,,nar,2026-09-03,50.55,47.3,47.9,30.4,81.5,53.7,48.5,前走人気以上 / 近走上向き / 市場オッズ妙味
202644090306,2026-09-03,6,ヤッティライネン,15.0,8.0,藤本現暉,56.0,,7.0,13.0,大井,3歳四 五,1:15.9,1.9,曇,8.0,3.0,大井,3歳四 五,1:15.8,1.2,晴,2.0,9.0,大井,3歳四 五六(3歳五),1:15.7,0.4,曇,5.0,7.0,大井,3歳四 五六(3歳五),1:16.0,1.6,晴,3.0,4.0,大井,3歳六 七八(3歳七),1:15.9,0.9,晴,17.6,7.0,,nar,2026-09-03,58.31,63.6,66.5,44.7,35.0,69.4,52.9,大井実績 / 前走人気以上 / 履歴少 / 人気以上に走る傾向
202644090306,2026-09-03,6,リコーブルーアイ,13.0,7.0,澤田龍哉,56.0,,3.0,5.0,大井,3歳四 五,1:14.8,0.8,曇,3.0,4.0,大井,3歳四 五,1:14.6,0.5,晴,7.0,5.0,大井,3歳四 五六(3歳五),1:30.9,1.7,曇,2.0,2.0,大井,築地川賞(3歳),1:15.9,1.0,晴,5.0,3.0,大井,3歳六 七八(3歳七),1:30.9,1.9,晴,5.5,3.0,,nar,2026-09-03,64.11,77.2,51.8,80.2,57.5,56.6,56.2,大井実績 / 履歴少 / 安定感
202630090306,2026-09-03,6,リコーリベレーター,5.0,5.0,宮内勇樹,55.0,,1.0,2.0,門別,JRA認定競走フレッ(2歳),1:14.6,-2.5,晴,,,,,,,,,,,,,,,,,,,,,,,,,,,,,3.4,1.0,,nar,2026-09-03,44.66,51.6,42.2,36.3,40.6,41.7,50.0,サンプル少
202630090306,2026-09-03,6,リュウノアキレス,6.0,5.0,小川悠汰,55.0,,1.0,2.0,門別,JRA認定競走アタッ(2歳),1:01.4,-0.1,晴,2.0,4.0,門別,JRA認定競走アタッ(2歳),1:01.9,0.4,晴,1.0,2.0,門別,北のハードワーカー菊(2歳),1:02.4,-0.2,晴,2.0,3.0,門別,JRA認定競走フレッ(2歳),1:02.4,0.2,晴,,,,,,,,10.3,5.0,,nar,2026-09-03,73.31,96.5,58.9,89.7,54.0,64.0,59.5,門別実績 / 履歴少 / 安定感
202630090306,2026-09-03,6,レインボーライフ,12.0,8.0,阿部龍,55.0,,2.0,4.0,門別,JRA認定競走ウィナ(OP)(2歳),1:02.1,1.0,曇,1.0,2.0,門別,JRA認定競走アタッ(2歳),1:01.9,-1.0,曇,3.0,1.0,門別,JRA認定競走アタッ(2歳),1:02.2,0.1,曇,4.0,4.0,門別,JRA認定競走スーパ(2歳),1:02.4,1.7,曇,,,,,,,,14.8,9.0,,nar,2026-09-03,70.23,89.9,53.6,89.7,54.0,64.4,59.5,門別実績 / 履歴少 / 安定感 / 市場オッズ妙味
202655090306,2026-09-03,6,ヴァレスカ,7.0,6.0,石川慎将,54.0,,2.0,3.0,佐賀,C2ー22組,1:34.0,0.2,曇,1.0,1.0,佐賀,SAGAリベンジャー(C2),1:28.2,-1.2,晴,6.0,4.0,佐賀,SAGAリベンジャー(C2),1:27.5,2.2,小雨,8.0,8.0,姫路,福を呼び込め!パカや(C3),0:52.8,1.6,晴,10.0,5.0,園田,C3一,0:53.8,2.2,晴,4.7,3.0,,nar,2026-09-03,60.19,74.1,45.7,55.3,75.5,52.7,54.0,佐賀実績 / 履歴少 / 近走上向き
202648090307,2026-09-03,7,アスプロガイア,3.0,3.0,加藤聡一,55.0,,10.0,2.0,名古屋,C7組,1:41.1,3.2,晴,8.0,6.0,名古屋,りんご2歳のお誕生日(C),1:40.7,2.6,晴,11.0,2.0,名古屋,C6組,1:40.9,3.1,晴,3.0,2.0,名古屋,金シャチ最終戦(C),1:37.6,0.3,晴,8.0,5.0,名古屋,C7組,1:38.5,1.1,晴,12.3,4.0,,nar,2026-09-03,30.47,40.2,13.9,14.6,35.0,37.9,46.3,履歴少 / 市場オッズ妙味
202650090307,2026-09-03,7,アロンジカフェ,9.0,8.0,廣瀬航,55.0,,3.0,2.0,園田,C3一,1:33.8,0.2,晴,3.0,7.0,園田,網干7ハロンC3一,1:31.7,0.1,晴,8.0,10.0,園田,C2一,1:34.2,2.2,雨,,,園田,バラ賞C2一,,0.0,雨,10.0,9.0,園田,C2一,1:34.7,2.9,晴,5.3,4.0,,nar,2026-09-03,62.06,68.0,58.1,55.3,74.0,60.3,51.2,園田実績 / 履歴少 / 近走上向き
202630090307,2026-09-03,7,アンジュマロン,4.0,4.0,小野楓馬,55.0,,8.0,4.0,門別,3歳以上C3ー2C4,1:17.4,2.8,晴,12.0,3.0,浦和,C2六,1:39.6,2.7,曇,3.0,5.0,浦和,C2五 六,1:39.3,0.9,晴,6.0,6.0,浦和,ティータイムレディー(3歳),1:30.0,1.4,晴,5.0,1.0,浦和,3歳四,1:31.3,2.1,曇,10.4,5.0,,nar,2026-09-03,39.6,48.7,25.7,30.1,41.0,44.7,50.0,総合評価
202650090307,2026-09-03,7,アークリオーソ,4.0,4.0,下原理,57.0,,7.0,7.0,園田,介良7ハロンC3一,1:35.5,2.2,曇,5.0,8.0,園田,網干7ハロンC3一,1:32.9,1.3,晴,10.0,11.0,園田,C2一,1:34.4,2.1,晴,10.0,11.0,園田,C2一,1:22.1,2.1,曇,6.0,9.0,園田,C2一,1:33.3,1.7,曇,24.6,6.0,,nar,2026-09-03,50.24,48.6,59.8,24.9,54.5,58.0,46.3,履歴少 / 市場オッズ妙味
202630090307,2026-09-03,7,イソダ,6.0,6.0,石川倭,55.0,,1.0,2.0,門別,3歳以上C4ー2,1:01.8,-0.2,晴,5.0,2.0,佐賀,3歳ー6組,1:33.6,1.6,晴,2.0,1.0,佐賀,SAGAリベンジャー(3歳),1:25.2,0.2,曇,9.0,6.0,1新潟4,3歳未勝利,0:56.6,0.8,晴,12.0,15.0,1小倉5,3歳未勝利,1:10.0,1.1,小雨,2.9,2.0,,nar,2026-09-03,62.44,72.0,44.6,75.1,86.0,52.6,48.8,履歴少 / 近走上向き / 安定感
202650090307,2026-09-03,7,イヤーズストレイト,2.0,2.0,高畑皓一,55.0,,8.0,9.0,園田,トレニア賞C3一,1:34.4,1.6,晴,7.0,9.0,園田,勝成7ハロンC3一,1:35.1,2.6,晴,6.0,9.0,園田,莇野7ハロンC3一,1:34.0,2.4,晴,5.0,5.0,園田,C3二,1:33.6,1.5,晴,5.0,12.0,園田,郷瀬町7ハロンC2二,1:33.4,1.4,晴,64.7,9.0,,nar,2026-09-03,51.88,55.1,64.8,24.9,36.5,61.1,49.6,履歴少
202644090307,2026-09-03,7,オメガオリーブ,8.0,6.0,本村直樹,54.0,,12.0,12.0,大井,ミッドサマー特別競走(C2),1:50.1,3.6,曇,11.0,13.0,大井,クレイジーソルト賞(C2七),1:15.9,2.1,晴,13.0,13.0,大井,海王星特別競走(C1),1:49.5,3.9,曇,10.0,11.0,大井,芒種特別競走(C1),2:44.7,4.6,曇,14.0,14.0,大井,クレマチス特別競走(C1),1:15.9,2.5,晴,193.8,12.0,,nar,2026-09-03,34.64,13.5,54.5,0.0,50.0,52.9,43.8,履歴少
202655090307,2026-09-03,7,カシノメンコチャン,1.0,1.0,田中純,54.0,,8.0,8.0,佐賀,一発逆転ファイナルレ,1:32.2,2.4,晴,2.0,4.0,佐賀,里帰りJC第1戦ホー(C1),1:32.2,0.8,晴,3.0,7.0,佐賀,父の日賞(C1),1:30.4,0.6,曇,3.0,3.0,佐賀,C1ー9組,1:31.1,1.1,曇,3.0,4.0,佐賀,C1ー10組,1:24.6,1.2,曇,3.7,2.0,,nar,2026-09-03,59.62,73.8,59.7,69.6,18.5,60.1,56.2,佐賀実績 / 履歴少 / 安定感
202630090307,2026-09-03,7,カツノトゥウェルヴ,8.0,7.0,阿部龍,55.0,,2.0,4.0,門別,3歳以上C3ー2C4,1:01.5,0.1,晴,2.0,2.0,門別,優駿の里安平町谷川農(C3),1:01.9,0.6,曇,2.0,1.0,門別,3歳以上C3ー2C4,1:01.7,0.1,曇,1.0,1.0,門別,3歳以上C4ー2,1:01.9,-0.4,晴,2.0,1.0,門別,グランシャリオドリー(C4),1:01.5,0.2,曇,2.7,1.0,,nar,2026-09-03,69.96,93.2,52.1,100.0,48.5,54.2,59.5,門別実績 / 履歴少 / 安定感
202644090307,2026-09-03,7,カレーウドン,5.0,5.0,藤田凌,56.0,,6.0,8.0,大井,アメリカンピーナッツ(C2七),1:42.6,0.6,晴,7.0,6.0,大井,フロリダ賞(C1),1:44.0,1.9,晴,6.0,10.0,大井,C1八 九,1:43.7,0.8,曇,4.0,6.0,大井,C2三 四五(C2四),1:43.6,0.8,曇,10.0,7.0,大井,C1七 八九(C1八),1:45.5,2.0,晴,20.1,7.0,,nar,2026-09-03,50.81,57.0,57.9,14.6,54.5,57.3,46.3,履歴少 / 市場オッズ妙味
202655090307,2026-09-03,7,ギャレットルレーヴ,8.0,8.0,後藤武蔵,53.0,,8.0,7.0,佐賀,C1ー7組,1:34.7,3.3,晴,3.0,11.0,佐賀,バーベナ賞(C1),1:32.0,1.7,晴,9.0,9.0,佐賀,C1ー12組,1:25.3,1.8,雨,6.0,8.0,佐賀,C1ー12組,1:25.5,2.0,晴,8.0,6.0,佐賀,C1ー11組,1:32.9,2.1,曇,18.6,7.0,,nar,2026-09-03,51.99,54.7,62.4,24.9,41.0,63.7,48.5,前走人気以上 / 市場オッズ妙味
202650090307,2026-09-03,7,クライオブジアース,10.0,8.0,土方颯太,57.0,,5.0,4.0,園田,トレニア賞C3一,1:33.9,1.1,晴,3.0,3.0,園田,C3二,1:34.7,0.6,晴,3.0,2.0,園田,C3二,1:32.6,0.8,晴,9.0,7.0,園田,C3一,1:35.4,2.1,曇,3.0,5.0,園田,C3一,1:35.0,0.2,晴,16.8,5.0,,nar,2026-09-03,61.05,72.1,45.9,85.4,47.0,60.7,54.5,園田実績 / 安定感 / 市場オッズ妙味
202650090307,2026-09-03,7,クリノアチーバー,6.0,6.0,田野豊三,57.0,,2.0,2.0,園田,C3一,1:33.0,0.3,晴,4.0,3.0,園田,網干7ハロンC3一,1:32.4,0.8,晴,6.0,6.0,園田,浄谷町7ハロンC2一,1:33.2,1.0,曇,4.0,1.0,園田,C2一,1:33.7,0.9,雨,1.0,1.0,姫路,C2三,1:35.4,-0.6,曇,3.0,2.0,,nar,2026-09-03,63.01,80.2,45.2,80.2,60.5,52.1,55.3,園田実績 / 履歴少 / 安定感
202655090307,2026-09-03,7,グエムル,4.0,4.0,山口勲,56.0,,7.0,6.0,佐賀,C1ー7組,1:33.5,2.1,晴,6.0,7.0,佐賀,C1ー6組,1:31.4,1.5,小雨,5.0,5.0,佐賀,サガデーナイト競馬賞(C1),1:31.5,1.3,晴,5.0,5.0,佐賀,C1ー6組,1:25.3,0.4,晴,2.0,8.0,佐賀,長田進仁騎手2000(C1),1:30.4,0.2,雨,6.5,4.0,,nar,2026-09-03,54.27,63.6,54.0,44.7,35.0,61.9,52.9,佐賀実績 / 履歴少
202648090307,2026-09-03,7,グレースシャルマン,5.0,5.0,山田祥雄,55.0,,2.0,7.0,名古屋,C9組,1:37.7,0.1,晴,7.0,12.0,名古屋,咲来、弥憂、お誕生日(C),1:39.4,1.2,晴,8.0,11.0,名古屋,C7組,1:32.1,1.1,晴,12.0,11.0,名古屋,おうすけ高校入学おめ(C),1:40.0,4.4,雨,8.0,9.0,名古屋,C8組,1:38.9,2.4,小雨,6.3,2.0,,nar,2026-09-03,61.37,55.9,73.2,30.4,90.5,64.3,46.3,前走人気以上 / 履歴少 / 人気以上に走る傾向 / 近走上向き
202630090307,2026-09-03,7,サクラカレント,2.0,2.0,亀井洋司,55.0,,4.0,6.0,門別,3歳以上C3ー2C4,1:02.5,0.8,晴,5.0,5.0,門別,優駿の里安平町アサヒ(C3),1:02.5,0.6,曇,4.0,5.0,門別,3歳以上C3ー2C4,1:02.4,0.8,曇,5.0,6.0,門別,3歳以上C3ー2C4,1:02.9,1.4,曇,5.0,3.0,門別,3歳以上C3ー2C4,1:03.0,0.5,曇,43.4,7.0,,nar,2026-09-03,65.97,72.0,55.2,100.0,54.5,57.6,59.5,門別実績 / 履歴少 / 安定感 / 市場オッズ妙味
202648090307,2026-09-03,7,サノノスウィフト,4.0,4.0,加藤利征,55.0,,,,名古屋,桜衣賞(C),,,曇,7.0,5.0,名古屋,〜高松宮記念〜熱い感(C),1:54.5,1.4,晴,1.0,2.0,名古屋,C9組,1:39.2,-0.2,晴,2.0,3.0,名古屋,C11組,1:31.7,0.0,曇,3.0,3.0,名古屋,雉始賞(C),1:37.9,0.9,晴,13.9,6.0,,nar,2026-09-03,55.54,78.8,48.4,44.7,20.0,61.2,55.3,名古屋実績 / 履歴少 / 市場オッズ妙味
202644090307,2026-09-03,7,シタベッド,12.0,8.0,高橋昭平,56.0,,12.0,9.0,大井,ミント・フラッペ賞(C2四),1:45.8,2.7,晴,9.0,6.0,大井,C2三 四五(C2四),1:43.7,1.9,晴,3.0,2.0,大井,C2三 四五(C2四),1:43.8,0.7,曇,8.0,3.0,大井,C2三 四五(C2四),1:44.7,2.4,晴,,,大井,C2三 四五(C2四),,,曇,19.6,6.0,,nar,2026-09-03,33.61,39.7,29.8,19.8,18.0,43.5,47.1,履歴少 / 市場オッズ妙味
202650090307,2026-09-03,7,シマノダイヤモンド,8.0,7.0,長尾翼玖,57.0,,5.0,6.0,園田,榎列7ハロンC3二,1:34.5,0.9,晴,5.0,7.0,園田,守道7ハロンC3一,1:35.2,2.3,晴,4.0,6.0,園田,C3二,1:33.1,0.6,晴,6.0,8.0,園田,C3二,1:33.7,1.6,晴,8.0,8.0,園田,C3一,1:33.4,1.8,雨,32.0,7.0,,nar,2026-09-03,62.32,65.9,60.4,75.1,54.5,60.9,52.9,園田実績 / 履歴少 / 安定感 / 市場オッズ妙味
202644090307,2026-09-03,7,シャークウォーニン,2.0,2.0,中山遥人,55.0,,5.0,4.0,大井,ミッドサマー特別競走(C2),1:47.9,1.4,曇,8.0,10.0,大井,C2三 四五(C2四),1:43.4,1.6,晴,5.0,6.0,大井,ヘラクレス座特別競走(C2),1:58.1,1.7,曇,2.0,4.0,大井,こと座特別競走(C2),1:47.1,0.1,曇,3.0,6.0,大井,うしかい座特別競走(C2),1:58.6,1.4,曇,11.2,5.0,,nar,2026-09-03,61.82,67.2,57.0,75.1,47.0,64.8,56.2,大井実績 / 履歴少 / 安定感
202655090307,2026-09-03,7,シュリーデービー,7.0,7.0,出水拓人,54.0,,11.0,10.0,佐賀,C1ー7組,1:36.2,4.8,晴,11.0,10.0,佐賀,ポーチュラカ賞(C1),1:27.0,3.0,曇,4.0,8.0,佐賀,C1ー12組,1:24.6,1.1,雨,10.0,10.0,佐賀,C1ー12組,1:27.5,4.0,晴,6.0,4.0,佐賀,C1ー11組,1:32.9,2.1,曇,32.1,8.0,,nar,2026-09-03,40.35,36.4,50.2,19.8,30.5,51.7,48.5,総合評価
202644090307,2026-09-03,7,シンアルマトゥラ,11.0,8.0,中村尚平,56.0,,5.0,7.0,大井,ミント・フラッペ賞(C2四),1:43.7,0.6,晴,3.0,7.0,大井,アメリカンピーナッツ(C2七),1:42.2,0.2,晴,2.0,3.0,大井,C2三 四五(C2四),1:43.5,0.4,曇,3.0,8.0,大井,C2三 四五(C2四),1:43.8,1.5,晴,7.0,5.0,大井,C2三 四五(C2四),1:45.7,2.9,曇,8.5,3.0,,nar,2026-09-03,68.24,77.4,66.3,89.7,42.5,65.6,56.2,大井実績 / 履歴少 / 人気以上に走る傾向 / 安定感
202648090307,2026-09-03,7,ジャスティラック,2.0,2.0,小笠原羚,54.0,,11.0,8.0,名古屋,湾岸路疾風戦(C),0:59.6,3.7,晴,1.0,10.0,名古屋,伊良湖疾風戦(C),0:56.9,-0.2,曇,10.0,11.0,名古屋,C11組,1:40.2,1.9,晴,11.0,12.0,名古屋,金シャチ最終戦(C),1:40.9,2.0,雨,9.0,7.0,名古屋,C18組,1:42.7,3.5,曇,29.8,9.0,,nar,2026-09-03,45.78,43.2,60.3,24.9,30.5,56.7,46.3,履歴少 / 市場オッズ妙味
202655090307,2026-09-03,7,スティルザワン,6.0,6.0,山田義貴,56.0,,10.0,9.0,佐賀,一発逆転ファイナルレ,1:32.8,3.0,晴,3.0,5.0,佐賀,UMATENA有村の(C1),1:30.8,0.5,雨,3.0,6.0,佐賀,C1ー7組,1:30.2,0.5,小雨,5.0,2.0,佐賀,KYUSHUDREA(C1),1:31.2,0.4,雨,6.0,5.0,佐賀,エメラルド特選(C1),2:00.9,0.8,晴,4.9,3.0,,nar,2026-09-03,52.03,62.2,51.7,59.3,15.5,56.8,52.9,佐賀実績 / 履歴少
202650090307,2026-09-03,7,スマートキャノン,5.0,5.0,,,,6.0,7.0,園田,勝成7ハロンC3一,1:34.6,2.1,晴,9.0,5.0,園田,C3一,1:33.0,2.0,晴,10.0,10.0,園田,C2,2:00.3,6.0,曇,5.0,9.0,園田,C2二,1:33.8,1.2,晴,4.0,5.0,園田,C2三,1:34.4,0.8,晴,,,,nar,2026-09-03,48.17,50.5,50.0,24.9,56.0,52.0,50.5,総合評価
202630090307,2026-09-03,7,ゼファーバローズ,3.0,3.0,望月洵輝,57.0,,8.0,7.0,門別,3歳以上C3ー2C4,1:03.1,1.4,晴,7.0,8.0,門別,優駿の里安平町谷川農(C3),1:02.8,1.5,曇,7.0,6.0,門別,旭岳賞〔H3〕(重賞),1:52.0,11.9,雨,7.0,6.0,門別,3歳以上C3ー2C4,1:17.6,2.6,晴,8.0,5.0,門別,グランシャリオドリー(C3),1:17.2,2.0,曇,64.8,9.0,,nar,2026-09-03,41.34,48.7,45.0,0.0,45.5,48.3,46.5,総合評価
202650090307,2026-09-03,7,タスマンハイウェイ,3.0,3.0,永井孝典,57.0,,9.0,8.0,園田,薬研堀7ハロンC3一,1:36.9,3.0,晴,10.0,10.0,園田,網掛7ハロンC3一,1:36.1,2.9,曇,10.0,9.0,園田,出雲7ハロンC3一,1:35.6,3.3,晴,12.0,12.0,園田,五百蔵7ハロンC2二,1:34.9,3.3,雨,12.0,12.0,園田,仁位7ハロンC2二,1:36.3,3.9,晴,235.9,10.0,,nar,2026-09-03,37.6,26.4,46.5,0.0,62.0,49.6,46.5,総合評価
202630090307,2026-09-03,7,ディアレストゥラヴ,5.0,5.0,黒澤愛斗,55.0,,9.0,9.0,門別,3歳以上C3ー2C4,1:03.4,1.7,晴,7.0,8.0,門別,優駿の里安平町アサヒ(C3),1:03.9,2.0,曇,8.0,8.0,門別,3歳以上C3ー2C4,1:03.4,1.8,曇,8.0,7.0,門別,3歳以上C3ー2C4,1:04.5,2.4,曇,7.0,7.0,門別,3歳以上C3ー2C4,1:05.0,2.8,曇,571.0,10.0,,nar,2026-09-03,41.12,44.4,50.7,0.0,41.0,51.6,43.8,履歴少
202655090307,2026-09-03,7,ナムラカメジロー,3.0,3.0,青海大樹,55.0,,4.0,3.0,佐賀,C1ー7組,1:33.0,1.6,晴,7.0,2.0,佐賀,UMATENA賞(C1),1:32.4,3.1,雨,2.0,5.0,佐賀,父の日賞(C1),1:30.3,0.5,曇,1.0,4.0,佐賀,C1ー14組,1:31.2,-0.2,晴,1.0,8.0,佐賀,C2ー6組,1:30.9,-1.1,曇,7.1,5.0,,nar,2026-09-03,63.04,79.2,51.4,75.1,42.5,62.9,56.2,佐賀実績 / 履歴少 / 安定感
202648090307,2026-09-03,7,ノース,11.0,8.0,丹羽克輝,57.0,,6.0,9.0,名古屋,矢梨賞(C),1:31.9,1.0,晴,10.0,8.0,名古屋,金シャチ最終戦777(C),1:40.7,3.0,晴,9.0,7.0,名古屋,C6組,1:40.4,2.6,晴,5.0,6.0,名古屋,金シャチ最終戦(C),1:37.9,0.6,晴,6.0,7.0,名古屋,C7組,1:38.2,0.8,晴,14.7,7.0,,nar,2026-09-03,47.29,48.4,51.9,14.6,59.0,55.8,46.3,前走人気以上 / 履歴少 / 市場オッズ妙味
202644090307,2026-09-03,7,ビートリニティ,9.0,7.0,吉井章,54.0,,1.0,1.0,大井,C2六 七八(C2七),1:43.9,0.0,曇,9.0,2.0,大井,C211 1213(C212),1:44.1,1.3,晴,1.0,2.0,大井,C2八 九,1:42.8,-0.9,曇,2.0,5.0,大井,ラスティ・ネイル賞(C213),1:29.0,0.6,雨,8.0,4.0,大井,ビアーグルト賞(C214),1:46.1,2.5,曇,2.4,1.0,,nar,2026-09-03,59.85,77.1,39.3,64.7,74.0,49.2,52.9,大井実績 / 履歴少 / 近走上向き / 安定感
202644090307,2026-09-03,7,ファーストフォルテ,10.0,7.0,藤本現暉,56.0,,6.0,8.0,大井,ミント・フラッペ賞(C2四),1:44.2,1.1,晴,11.0,9.0,大井,C2三 四五(C2四),1:43.9,2.1,晴,12.0,9.0,大井,フロリダ賞(C1),1:44.8,2.7,晴,,,大井,赤坂見附特別競走(C1),,,曇,7.0,9.0,大井,小石川見附特別競走(C1),2:11.9,1.2,晴,22.0,8.0,,nar,2026-09-03,41.98,36.3,47.7,0.0,74.0,50.8,43.8,履歴少 / 近走上向き
202650090307,2026-09-03,7,フィフスドア,1.0,1.0,杉浦健太,56.0,,3.0,2.0,園田,C3二,1:34.3,0.9,曇,2.0,2.0,園田,C3三,1:33.2,0.3,晴,2.0,3.0,園田,C3四,1:34.2,0.7,晴,8.0,8.0,園田,蒲江7ハロン3歳C2,1:34.2,1.4,晴,,,,,,,,5.3,3.0,,nar,2026-09-03,63.87,81.5,49.2,75.1,56.0,57.1,55.3,園田実績 / 履歴少 / 安定感
202655090307,2026-09-03,7,フェルカド,5.0,5.0,長田進仁,56.0,,9.0,11.0,佐賀,AIパッカル賞(C1),1:33.5,1.5,晴,7.0,12.0,佐賀,KYUSHUDREA(C1),1:25.6,1.9,曇,,,佐賀,マラカイト賞(C1),,,雨,7.0,10.0,佐賀,C1ー10組,1:25.4,1.9,曇,9.0,8.0,佐賀,C1ー9組,1:33.8,3.6,晴,49.6,9.0,,nar,2026-09-03,46.98,43.9,69.1,0.0,42.0,60.1,46.5,前走人気以上 / 人気以上に走る傾向 / 市場オッズ妙味
202648090307,2026-09-03,7,フランキンローズ,9.0,7.0,阪野学,55.0,,11.0,12.0,名古屋,矢梨賞(C),1:33.3,2.4,晴,9.0,11.0,名古屋,りんご2歳のお誕生日(C),1:41.4,3.3,晴,10.0,9.0,名古屋,C6組,1:40.4,2.6,晴,3.0,12.0,名古屋,金シャチ最終戦777(C),1:38.2,0.8,曇,9.0,9.0,名古屋,C6組,1:38.6,3.0,曇,42.2,10.0,,nar,2026-09-03,43.73,36.6,63.4,14.6,30.5,58.8,46.3,履歴少
202644090307,2026-09-03,7,フロントドア,4.0,4.0,鷹見陸,56.0,,8.0,10.0,大井,ミント・フラッペ賞(C2四),1:44.7,1.6,晴,8.0,9.0,大井,アメリカンピーナッツ(C2七),1:43.9,1.9,晴,8.0,12.0,大井,フロリダ賞(C1),1:44.3,2.2,晴,4.0,6.0,大井,C2三 四五(C2四),1:44.1,1.8,晴,6.0,9.0,大井,上野の山で芸術満喫台(C2二),1:29.3,0.7,雨,34.6,10.0,,nar,2026-09-03,49.92,50.3,65.7,14.6,41.0,62.5,46.3,履歴少 / 人気以上に走る傾向 / 市場オッズ妙味
202648090307,2026-09-03,7,ブラックビート,8.0,7.0,村上弘樹,57.0,,11.0,11.0,名古屋,金シャチ最終戦777(C),1:41.2,3.5,晴,7.0,10.0,名古屋,C6組,1:39.8,2.0,晴,7.0,8.0,名古屋,金シャチ最終戦777(C),1:38.5,1.1,曇,7.0,9.0,名古屋,初蛍賞(C),1:53.4,3.2,晴,1.0,8.0,名古屋,もちゃ5歳だねくぃー(C),1:39.8,-0.3,晴,25.0,8.0,,nar,2026-09-03,45.01,47.2,63.7,10.3,17.0,61.3,46.3,履歴少 / 市場オッズ妙味
202648090307,2026-09-03,7,ボッシュ,10.0,8.0,大畑雅章,57.0,,2.0,1.0,笠松,B6組,1:45.2,0.1,曇,2.0,1.0,名古屋,B8組,1:37.7,0.1,曇,1.0,3.0,名古屋,C4組,1:30.2,-0.4,曇,9.0,9.0,大井,おおた池月・磨墨賞(C2),1:14.9,1.4,晴,9.0,11.0,大井,C2六 七,1:15.7,1.6,曇,1.7,1.0,,nar,2026-09-03,65.17,79.6,50.3,75.1,69.5,53.6,59.5,名古屋実績 / 履歴少 / 近走上向き / 安定感
202655090307,2026-09-03,7,ミナミジュウジセイ,9.0,8.0,椿聡太,53.0,,8.0,4.0,佐賀,AIパッカル賞(C1),1:33.5,1.5,晴,8.0,4.0,佐賀,UMATENA有村の(C1),1:32.1,1.8,雨,3.0,5.0,佐賀,C1ー6組,1:30.9,1.0,小雨,6.0,6.0,佐賀,サガデーナイト競馬賞(C1),1:31.6,1.4,晴,8.0,4.0,佐賀,C1ー5組,1:32.3,1.5,晴,12.2,6.0,,nar,2026-09-03,42.38,54.2,34.4,19.8,39.5,51.5,46.3,履歴少 / 市場オッズ妙味
202630090307,2026-09-03,7,ミラージュフルール,1.0,1.0,藤田凌駕,54.0,,8.0,9.0,門別,3歳以上C3ー2C4,1:02.8,1.4,晴,8.0,6.0,門別,ホクレングリーンプラ(C3),1:03.4,1.5,雨,6.0,5.0,門別,夏秋どりいちごすずあ(C3),1:03.5,1.3,曇,1.0,3.0,門別,ホクレンBB肥料賞(C4),1:03.1,-0.3,晴,1.0,4.0,門別,渓流の女王ヤマベ賞(C4),1:02.8,-0.3,晴,62.4,8.0,,nar,2026-09-03,48.27,61.1,51.5,24.9,26.0,54.6,50.5,総合評価
202630090307,2026-09-03,7,メチカブーラ,7.0,7.0,小川悠汰,52.0,,6.0,5.0,門別,3歳以上C3ー2C4,1:02.6,0.9,晴,1.0,8.0,門別,3歳以上C4ー2,1:02.3,-0.1,雨,6.0,7.0,門別,3歳以上C4ー2,1:16.8,1.3,曇,5.0,3.0,門別,3歳以上C4ー2,1:18.4,2.1,曇,5.0,5.0,門別,3歳以上C4ー2,1:16.5,1.7,晴,15.9,6.0,,nar,2026-09-03,59.48,72.0,59.4,49.8,39.5,65.0,52.5,門別実績 / 過小評価傾向 / 市場オッズ妙味
202648090307,2026-09-03,7,モランゴ,7.0,6.0,近藤颯羽,52.0,,8.0,9.0,名古屋,C7組,1:39.7,1.8,晴,8.0,12.0,名古屋,C6組,1:39.8,2.0,晴,11.0,12.0,名古屋,田原特別(C),1:56.4,4.7,晴,11.0,8.0,名古屋,金シャチ最終戦(C),1:39.7,2.7,曇,11.0,11.0,名古屋,四谷の千枚田特別(C),1:39.1,2.5,曇,72.4,11.0,,nar,2026-09-03,42.5,33.3,57.4,0.0,63.5,52.9,43.8,履歴少
202644090307,2026-09-03,7,モンサンヴデット,7.0,6.0,Ｆ．ゴン,54.0,,9.0,6.0,大井,はくちょう座特別競走(C2),1:29.9,2.9,曇,5.0,2.0,大井,C2三 四五(C2四),1:28.4,0.6,晴,3.0,4.0,大井,パナシェ賞(C1),1:14.3,0.8,曇,5.0,1.0,大井,C1八 九,1:14.5,0.6,晴,11.0,5.0,大井,C1八 九,1:15.9,2.1,晴,10.5,4.0,,nar,2026-09-03,46.61,56.5,31.3,59.3,32.0,50.3,52.9,大井実績 / 履歴少
202630090307,2026-09-03,7,ヤマニンアリーズ,9.0,8.0,宮内勇樹,55.0,,1.0,3.0,門別,カセンソウ特別(C4),1:02.3,0.0,晴,3.0,1.0,門別,3歳以上C4ー2,1:02.0,0.0,曇,2.0,6.0,門別,3歳以上C4ー2,1:02.3,0.4,晴,3.0,4.0,門別,3歳以上C4ー2,1:02.6,1.2,晴,5.0,5.0,門別,3歳以上C4ー2,1:02.9,1.0,曇,5.9,3.0,,nar,2026-09-03,72.7,88.8,57.3,100.0,63.5,60.8,59.5,門別実績 / 履歴少 / 安定感
202648090307,2026-09-03,7,ラブミーエール,6.0,6.0,細川智史,55.0,,3.0,11.0,名古屋,C9組,1:37.9,0.3,晴,8.0,8.0,名古屋,C7組,1:40.6,2.5,晴,8.0,11.0,名古屋,名古屋モーニングフィ(C),1:37.9,2.2,晴,14.0,10.0,船橋,ジョッキーズチャンピ(C3),1:50.0,3.4,曇,10.0,11.0,川崎,C3一 二,1:36.4,3.5,晴,9.8,3.0,,nar,2026-09-03,57.61,48.1,67.8,30.4,92.0,59.6,48.5,前走人気以上 / 履歴少 / 人気以上に走る傾向 / 近走上向き
202650090307,2026-09-03,7,ランボーリープ,7.0,7.0,吉村智洋,57.0,,4.0,1.0,園田,C3一,1:33.9,0.3,晴,2.0,2.0,姫路,C2一,1:36.6,0.5,晴,4.0,3.0,姫路,C2一,1:35.9,1.7,晴,4.0,1.0,姫路,C2一,1:36.0,0.6,晴,4.0,3.0,園田,C2一,1:32.6,0.2,晴,2.6,1.0,,nar,2026-09-03,62.05,80.0,38.4,100.0,47.0,48.9,59.5,園田実績 / 履歴少 / 安定感
202644090307,2026-09-03,7,リュウノウィザード,1.0,1.0,横川怜央,54.0,,12.0,11.0,大井,立秋特別競走(C2),2:44.1,4.1,曇,6.0,14.0,大井,C2三 四五(C2四),1:43.2,1.4,晴,9.0,12.0,大井,河津桜特別競走(C1C2),1:45.2,0.9,曇,7.0,14.0,大井,C1八 九,1:44.6,1.5,晴,6.0,13.0,大井,C1七 八,1:43.5,1.2,晴,30.8,9.0,,nar,2026-09-03,46.02,39.5,78.2,0.0,20.0,67.3,43.8,履歴少 / 人気以上に走る傾向 / 過小評価傾向
202655090307,2026-09-03,7,リーフアクアリウム,2.0,2.0,川島拓,56.0,,10.0,2.0,佐賀,AIパッカル賞(C1),1:34.1,2.1,晴,2.0,5.0,佐賀,UMATENA賞(C1),1:30.5,1.2,雨,9.0,3.0,佐賀,C1ー7組,1:32.0,2.3,小雨,1.0,5.0,佐賀,レースフラワー賞(C1),1:30.5,-0.8,晴,3.0,9.0,佐賀,C1ー13組,1:24.3,0.2,曇,3.4,1.0,,nar,2026-09-03,46.92,61.8,38.3,49.8,12.5,54.6,52.9,佐賀実績 / 履歴少
202630090307,2026-09-03,7,レイブンナイト,10.0,8.0,松井伸也,57.0,,1.0,4.0,門別,3歳以上C4ー2,1:01.8,-0.5,曇,2.0,1.0,門別,グランシャリオドリー(C4),1:02.8,0.9,晴,2.0,3.0,門別,3歳以上C4ー2,1:02.0,0.0,曇,5.0,3.0,門別,3歳以上C4ー2,1:16.6,1.1,曇,4.0,4.0,門別,3歳以上C4ー2,1:16.6,0.9,曇,6.3,4.0,,nar,2026-09-03,71.71,89.3,54.0,100.0,63.5,58.5,59.5,門別実績 / 前走人気以上 / 履歴少 / 安定感
202648090307,2026-09-03,7,レーヴエスポワール,1.0,1.0,筒井勇介,55.0,,5.0,6.0,名古屋,矢梨賞(C),1:31.6,0.7,晴,7.0,9.0,名古屋,りんご2歳のお誕生日(C),1:39.5,1.4,晴,5.0,3.0,名古屋,C6組,1:39.5,1.7,晴,5.0,10.0,名古屋,金シャチ最終戦(C),1:37.8,0.8,曇,9.0,10.0,名古屋,C3組,1:39.1,1.9,曇,13.1,5.0,,nar,2026-09-03,60.39,60.7,58.7,64.7,59.0,65.5,52.9,名古屋実績 / 履歴少 / 安定感 / 過小評価傾向
202644090307,2026-09-03,7,ロイヤルカラット,3.0,3.0,達城龍次,56.0,,7.0,8.0,大井,メリッサ特別競走(C2四),1:14.7,2.0,晴,8.0,8.0,大井,クレイジーソルト賞(C2七),1:15.0,1.2,晴,9.0,8.0,大井,C2三 四五(C2四),1:46.4,3.3,曇,9.0,5.0,大井,C2三 四五(C2四),1:46.4,4.1,晴,11.0,12.0,大井,C2三 四五(C2四),1:29.9,2.3,曇,67.4,11.0,,nar,2026-09-03,41.76,41.2,47.4,0.0,63.5,49.0,43.8,履歴少
202644090307,2026-09-03,7,ワールドフォンテン,6.0,5.0,杉山海波,53.0,,4.0,6.0,大井,ミント・フラッペ賞(C2四),1:43.5,0.4,晴,1.0,3.0,大井,C211 1213(C212),1:42.8,0.0,晴,2.0,5.0,大井,C2六 七,1:43.2,0.2,曇,4.0,1.0,大井,C2九 十11(C2十),1:44.1,0.3,曇,6.0,4.0,大井,C2九 十,1:43.2,0.9,晴,3.3,2.0,,nar,2026-09-03,66.88,83.5,57.4,89.7,45.5,56.4,56.2,大井実績 / 履歴少 / 安定感
202655090308,2026-09-03,8,アイアムルンルン,11.0,8.0,青海大樹,53.0,,5.0,9.0,佐賀,AIパッカル賞(C1),1:33.1,1.1,晴,9.0,8.0,佐賀,カーネリアン賞(C1),1:33.2,2.1,曇,9.0,8.0,佐賀,サンスベリア賞(C1),1:25.7,2.1,小雨,8.0,6.0,佐賀,C1ー4組,1:33.0,2.7,曇,11.0,6.0,佐賀,C1ー4組,1:34.3,3.0,晴,63.3,9.0,,nar,2026-09-03,48.7,45.2,49.7,30.4,75.5,48.3,46.3,前走人気以上 / 履歴少 / 近走上向き
202630090308,2026-09-03,8,アイガイッパイ,6.0,6.0,宮内勇樹,55.0,,3.0,3.0,門別,3歳以上C3ー2C4,1:02.2,0.5,晴,4.0,3.0,門別,優駿の里安平町アサヒ(C3),1:02.3,0.4,曇,4.0,4.0,門別,3歳以上C3ー2C4,1:02.6,0.5,曇,3.0,4.0,門別,3歳以上C3ー2C4,1:02.6,0.1,曇,4.0,3.0,門別,3歳以上C3ー2C4,1:02.2,0.8,晴,14.7,4.0,,nar,2026-09-03,66.94,79.6,48.6,100.0,54.5,60.8,59.5,門別実績 / 履歴少 / 安定感 / 市場オッズ妙味
202648090308,2026-09-03,8,アイスノート,3.0,3.0,丸野勝虎,55.0,,9.0,8.0,名古屋,カササギ賞(B),1:30.6,2.2,曇,7.0,3.0,名古屋,B8組,1:37.7,2.3,晴,3.0,4.0,名古屋,もさ11歳おめでとう(B),1:37.2,0.7,晴,1.0,6.0,名古屋,高浜特別(C),1:37.4,-0.2,晴,5.0,8.0,名古屋,B9組,1:38.5,1.1,晴,30.9,11.0,,nar,2026-09-03,50.58,62.1,49.6,44.7,20.0,58.9,52.9,名古屋実績 / 履歴少 / 市場オッズ妙味
202644090308,2026-09-03,8,アオイフォトグラフ,11.0,7.0,町田直希,54.0,,4.0,5.0,大井,はくちょう座特別競走(C2),1:29.3,2.3,曇,3.0,6.0,大井,U.S.ターキー賞(C2七),1:28.2,0.1,晴,6.0,8.0,大井,プルメリア特別競走(C2),1:44.0,2.3,晴,10.0,6.0,大井,C2三 四五(C2四),1:29.5,1.4,晴,2.0,7.0,大井,C2三 四五(C2四),1:28.7,0.5,曇,8.0,4.0,,nar,2026-09-03,62.72,69.5,59.7,65.7,57.5,63.4,52.9,大井実績 / 履歴少 / 安定感
202650090308,2026-09-03,8,アグネスシュウ,5.0,5.0,南部楓馬,54.0,,4.0,4.0,園田,たつの赤とんぼ特別B(B1),1:33.5,0.6,雨,6.0,9.0,園田,丹波篠山牛特別B1,1:31.6,0.9,曇,11.0,9.0,園田,B1B2,0:51.1,1.8,晴,8.0,8.0,園田,B1,1:20.9,1.0,晴,6.0,6.0,園田,兵庫馬事畜産特別B1,1:34.5,1.8,晴,32.3,5.0,,nar,2026-09-03,52.84,54.6,52.5,30.4,72.5,55.4,48.5,近走上向き / 市場オッズ妙味
202644090308,2026-09-03,8,アサネガミ,6.0,4.0,高橋優,51.0,,14.0,14.0,大井,U.S.ターキー賞(C2七),1:32.2,4.1,晴,9.0,13.0,大井,ブラッドハウンド賞(C2四),1:30.6,2.1,曇,11.0,10.0,大井,C2三 四五(C2四),1:15.8,2.5,晴,11.0,11.0,大井,C2三 四五(C2四),1:31.5,3.3,曇,9.0,9.0,大井,C2四 五六(C2五),1:46.7,2.5,晴,144.7,14.0,,nar,2026-09-03,33.72,19.6,55.6,0.0,26.0,52.9,43.8,履歴少
202648090308,2026-09-03,8,アドゥールグロー,9.0,7.0,山田祥雄,57.0,,10.0,9.0,名古屋,秀哉&晏菜ガチガチ愛(B),1:40.6,4.1,晴,12.0,11.0,名古屋,B5組,1:39.6,3.3,晴,12.0,12.0,名古屋,星合特別(B),1:39.8,4.5,小雨,8.0,4.0,名古屋,B3組,1:37.1,2.3,晴,2.0,3.0,名古屋,B5組,1:36.3,0.0,曇,92.9,12.0,,nar,2026-09-03,36.29,29.8,42.8,10.3,41.0,47.7,48.5,総合評価
202644090308,2026-09-03,8,ウイングウインド,2.0,2.0,田中洸多,56.0,,5.0,11.0,大井,C2三 四五(C2四),1:28.5,0.6,晴,10.0,11.0,大井,ストーン・フェンス賞(C2七),1:30.3,1.6,曇,5.0,5.0,大井,ロバート・バーンズ賞(C2七),1:29.2,1.1,晴,4.0,2.0,大井,C2五 六,1:15.0,1.2,曇,2.0,5.0,大井,C2七 八九(C2八),1:29.6,0.9,晴,12.2,6.0,,nar,2026-09-03,62.81,61.7,64.6,75.1,51.5,65.8,56.2,大井実績 / 前走人気以上 / 履歴少 / 安定感
202650090308,2026-09-03,8,キイチオータム,1.0,1.0,廣瀬航,57.0,,2.0,2.0,園田,たつの赤とんぼ特別B(B1),1:33.3,0.4,雨,3.0,2.0,園田,B1,1:32.2,0.7,晴,5.0,6.0,園田,B1,1:31.8,1.0,晴,4.0,4.0,園田,B1,1:31.3,1.7,曇,,,園田,卯月特別B1B2,,,雨,5.9,2.0,,nar,2026-09-03,67.04,81.9,49.6,89.7,62.0,57.6,59.5,園田実績 / 履歴少 / 安定感
202630090308,2026-09-03,8,クラスヴァンクル,10.0,8.0,小野楓馬,57.0,,7.0,4.0,門別,3歳以上C3ー2C4,1:02.6,0.9,晴,5.0,5.0,門別,ホクレングリーンプラ(C3),1:02.4,0.5,雨,3.0,2.0,門別,夏秋どりいちごすずあ(C3),1:03.0,0.8,曇,2.0,5.0,門別,3歳以上C3ー2C4,1:02.5,0.0,曇,3.0,4.0,門別,3歳以上C3ー2C4,1:02.1,0.7,晴,19.8,5.0,,nar,2026-09-03,56.86,71.5,46.0,69.6,27.5,62.2,54.5,門別実績 / 安定感 / 市場オッズ妙味
202655090308,2026-09-03,8,クリノマイスター,12.0,8.0,山田義貴,56.0,,4.0,10.0,佐賀,AIパッカル賞(C1),1:33.0,1.0,晴,6.0,10.0,佐賀,KYUSHUDREA(C1),1:25.3,1.6,曇,,,佐賀,マラカイト賞(C1),,,雨,5.0,4.0,佐賀,C1ー11組,1:33.0,1.9,晴,4.0,3.0,佐賀,C1ー11組,1:32.9,2.1,曇,56.1,8.0,,nar,2026-09-03,64.02,69.6,72.4,55.3,56.0,60.0,54.0,佐賀実績 / 前走人気以上 / 人気以上に走る傾向
202644090308,2026-09-03,8,クレイジーフルーツ,14.0,8.0,谷内貫太,53.0,,6.0,10.0,大井,C2三 四五(C2四),1:28.9,1.0,晴,8.0,8.0,大井,ジン・フィズ賞(C2四),1:14.9,1.1,晴,8.0,10.0,大井,C1九 十,1:15.8,1.3,晴,5.0,10.0,大井,C1八 九,1:14.9,1.1,晴,4.0,9.0,大井,C1八 九,1:14.7,0.2,雨,31.2,9.0,,nar,2026-09-03,55.63,55.7,70.0,24.9,51.5,65.1,49.6,前走人気以上 / 履歴少 / 人気以上に走る傾向 / 過小評価傾向
202655090308,2026-09-03,8,グラフ,6.0,5.0,小松丈二,54.0,,2.0,5.0,佐賀,C1ー7組,1:32.9,1.5,晴,3.0,6.0,佐賀,UMATENA賞(C1),1:31.5,2.2,雨,5.0,8.0,佐賀,C1ー7組,1:30.6,0.9,小雨,6.0,5.0,佐賀,KYUSHUDREA(C1),1:31.2,0.4,雨,5.0,7.0,佐賀,C1ー7組,1:24.6,1.0,晴,21.9,5.0,,nar,2026-09-03,70.4,78.1,66.2,85.4,66.5,62.8,56.2,佐賀実績 / 前走人気以上 / 履歴少 / 人気以上に走る傾向
202630090308,2026-09-03,8,グランマズドリーム,11.0,8.0,望月洵輝,55.0,,3.0,1.0,門別,3歳以上C3ー2C4,1:02.0,0.6,晴,2.0,1.0,門別,ヒマワリ特別(C3),1:15.0,0.0,晴,1.0,1.0,門別,3歳以上C4ー2,1:14.6,-1.1,晴,16.0,13.0,1函館3,3歳未勝利,1:50.2,3.0,晴,8.0,9.0,2東京2,3歳未勝利,1:27.4,1.4,晴,1.3,1.0,,nar,2026-09-03,61.03,72.8,41.7,75.1,72.5,47.9,62.5,門別実績 / クラス条件好転 / 履歴少 / 近走上向き
202648090308,2026-09-03,8,ケイズエルミー,6.0,5.0,細川智史,55.0,,1.0,1.0,名古屋,河和特別(C),1:52.2,-0.2,晴,3.0,4.0,笠松,C2組,1:30.7,1.9,晴,4.0,7.0,名古屋,伊勢湾特別(C),1:52.8,0.5,晴,3.0,8.0,名古屋,高浜特別(C),1:37.7,0.3,晴,3.0,7.0,名古屋,祝45歳!キミとの未(C),1:31.3,0.1,曇,12.7,6.0,,nar,2026-09-03,75.04,87.3,63.9,100.0,63.5,69.3,59.5,名古屋実績 / 履歴少 / 安定感 / 過小評価傾向
202650090308,2026-09-03,8,コパノマデリン,7.0,7.0,永井孝典,55.0,,6.0,6.0,園田,B1,1:32.5,1.3,晴,10.0,8.0,園田,丹波篠山牛特別B1,1:34.8,4.1,曇,7.0,5.0,園田,小野ひまわり特別B1,1:34.0,2.5,曇,,,園田,半夏生『明石だこ』特(B1),,,雨,7.0,9.0,大井,プレアデス賞競走(B2B3),1:43.1,1.0,曇,49.2,6.0,,nar,2026-09-03,43.25,47.8,44.4,0.0,62.0,51.2,46.0,クラス条件好転 / 履歴少 / 市場オッズ妙味
202644090308,2026-09-03,8,サンサンラルーナ,13.0,8.0,石川駿介,54.0,,15.0,13.0,大井,プランターズ・パンチ(C1),1:15.3,2.9,晴,6.0,7.0,大井,C1六 七,1:14.9,1.4,晴,5.0,6.0,大井,C1五 六七(C1六),1:28.9,0.4,晴,7.0,11.0,大井,シャムロック賞(C1七),1:28.7,1.5,曇,6.0,13.0,大井,C1六 七,1:14.2,1.3,雨,32.1,10.0,,nar,2026-09-03,41.13,42.2,58.0,19.8,0.0,60.0,46.3,履歴少 / 市場オッズ妙味
202644090308,2026-09-03,8,サントレッダー,1.0,1.0,木澤奨,51.0,,11.0,7.0,大井,ミッドサマー特別競走(C2),1:49.8,3.3,曇,13.0,12.0,大井,C2三 四五(C2四),1:44.4,2.6,晴,9.0,9.0,大井,C1八 九,1:15.8,2.7,晴,9.0,10.0,大井,パナシェ賞(C1),1:16.3,2.8,曇,8.0,7.0,大井,C1八 九,1:14.9,1.0,晴,56.4,13.0,,nar,2026-09-03,32.48,24.0,40.0,0.0,42.5,47.7,43.8,履歴少
202648090308,2026-09-03,8,シスターネビュラ,7.0,6.0,阪野学,55.0,,1.0,3.0,名古屋,美浜特別(C),1:36.2,-1.4,晴,5.0,5.0,名古屋,飛島特別(C),1:37.9,1.3,晴,9.0,8.0,川崎,アルテミス賞(C2),2:19.9,3.5,曇,8.0,10.0,川崎,ウルド賞(C1),2:18.0,1.7,晴,10.0,10.0,川崎,紫丁香花賞(C1),1:33.6,2.3,晴,11.3,5.0,,nar,2026-09-03,63.38,63.8,54.9,55.3,92.0,62.3,59.5,名古屋実績 / 履歴少 / 近走上向き
202650090308,2026-09-03,8,ショートストップ,4.0,4.0,山本咲希,57.0,,3.0,4.0,園田,B1,1:31.4,0.2,晴,4.0,6.0,園田,丹波篠山牛特別B1,1:31.1,0.4,曇,5.0,4.0,園田,福山競馬記念B1,1:31.7,1.7,晴,1.0,6.0,園田,B2一,1:31.1,-0.2,雨,,,園田,クチナシ賞B2,,,雨,7.7,4.0,,nar,2026-09-03,68.98,80.9,60.4,89.7,52.0,64.4,58.2,園田実績 / クラス条件好転 / 安定感
202655090308,2026-09-03,8,ジオパークピリカ,5.0,5.0,出水拓人,54.0,,3.0,2.0,佐賀,C1ー7組,1:33.0,1.6,晴,1.0,3.0,佐賀,ポーチュラカ賞(C1),1:24.0,-0.3,曇,3.0,5.0,佐賀,C1ー11組,1:23.2,0.7,雨,1.0,10.0,佐賀,C2ー4組,1:30.9,-0.7,晴,8.0,8.0,佐賀,C2ー3組,1:33.3,3.3,曇,6.8,2.0,,nar,2026-09-03,70.95,86.2,63.3,89.7,51.5,66.0,54.5,佐賀実績 / 安定感 / 過小評価傾向
202648090308,2026-09-03,8,ジュライファースト,10.0,7.0,大畑雅章,55.0,,9.0,3.0,名古屋,連続開催!第3回中京(B),1:53.1,2.3,晴,1.0,1.0,笠松,くろゆり賞抽選会実施(B),1:44.0,-0.6,雨,8.0,8.0,名古屋,B7組,1:37.8,1.1,晴,,,名古屋,B9組,,,晴,5.0,3.0,名古屋,セプテンバードリーム(3歳),1:53.9,1.6,晴,23.8,10.0,,nar,2026-09-03,43.76,60.4,33.4,35.3,24.0,48.2,49.8,市場オッズ妙味
202650090308,2026-09-03,8,ジューンキートス,2.0,2.0,小谷哲平,55.0,,1.0,3.0,園田,B1,1:32.8,0.0,晴,3.0,5.0,園田,B1,1:31.3,0.5,晴,2.0,7.0,園田,3歳A,1:20.9,0.1,晴,10.0,6.0,園田,のじぎく賞(重賞),1:55.0,2.3,晴,8.0,5.0,園田,3歳A,1:21.6,1.9,曇,6.0,3.0,,nar,2026-09-03,67.86,78.1,58.4,75.1,78.5,58.9,52.9,園田実績 / 履歴少 / 近走上向き / 安定感
202630090308,2026-09-03,8,スティールスピネル,3.0,3.0,桑村真明,55.0,,2.0,1.0,門別,3歳以上C3ー2C4,1:01.9,0.2,晴,4.0,4.0,門別,3歳以上C3ー2C4,1:02.0,0.8,曇,7.0,4.0,門別,3歳以上C3ー2C4,1:03.6,2.1,曇,4.0,1.0,門別,3歳以上C3ー2C4,1:02.8,0.3,曇,1.0,1.0,門別,3歳以上C4ー2,1:02.1,-0.3,晴,9.9,3.0,,nar,2026-09-03,62.18,78.6,40.7,80.2,62.0,55.2,56.2,門別実績 / 履歴少 / 安定感
202655090308,2026-09-03,8,スマイルフォレスト,7.0,6.0,山下裕貴,56.0,,,,佐賀,C1ー3組,,,晴,10.0,2.0,佐賀,C1ー4組,1:33.1,2.1,曇,1.0,1.0,佐賀,AIパッカル賞(C1),1:31.2,-0.3,晴,4.0,4.0,佐賀,さがけいば×焼肉ウエ(C1),1:31.8,1.0,晴,2.0,1.0,佐賀,KYUSHUDREA(C1),1:31.0,0.1,晴,26.2,6.0,,nar,2026-09-03,44.21,68.0,28.9,44.7,4.0,49.0,55.3,佐賀実績 / 履歴少 / 市場オッズ妙味
202648090308,2026-09-03,8,セイウンピカイチ,11.0,8.0,近藤颯羽,54.0,,8.0,6.0,名古屋,B6組,1:36.8,1.4,晴,3.0,4.0,名古屋,B7組,1:37.6,0.5,晴,8.0,1.0,名古屋,B6組,1:37.8,1.7,晴,2.0,3.0,名古屋,B11組,1:36.0,1.4,晴,2.0,4.0,名古屋,君枝&翔結婚12周年(B),1:30.7,0.4,曇,8.2,3.0,,nar,2026-09-03,50.1,65.9,40.3,49.8,24.5,55.7,52.5,名古屋実績
202650090308,2026-09-03,8,ゼットシルヴィア,3.0,3.0,小牧太,56.0,,1.0,1.0,園田,たつの赤とんぼ特別B(B1),1:32.9,-0.4,雨,1.0,1.0,園田,B1,1:31.5,-0.4,晴,1.0,2.0,園田,B2二,1:30.9,-0.2,雨,1.0,2.0,園田,アジサイ賞C1,1:31.4,-0.5,晴,,,園田,マリーゴールド賞C1,,,晴,1.4,1.0,,nar,2026-09-03,70.78,100.0,52.7,89.7,50.0,53.1,59.5,園田実績 / 履歴少 / 安定感
202644090308,2026-09-03,8,チマル,3.0,3.0,鷹見陸,56.0,,1.0,3.0,大井,マタドール賞(C212),1:28.7,0.0,晴,6.0,2.0,大井,ヘラクレス座特別競走(C2),1:58.3,1.9,曇,1.0,2.0,大井,C212 1314(C213),1:29.0,0.0,曇,7.0,4.0,大井,C215 1617(C216),1:45.9,2.3,雨,1.0,2.0,大井,3歳四 五,1:45.3,-0.1,晴,3.4,1.0,,nar,2026-09-03,62.65,83.0,46.3,60.5,66.5,53.3,55.9,大井実績 / クラス条件好転 / 履歴少 / 近走上向き
202630090308,2026-09-03,8,テナチュール,5.0,5.0,若杉朝飛,55.0,,5.0,8.0,門別,3歳以上C3ー2C4,1:02.6,0.9,晴,6.0,6.0,門別,優駿の里安平町谷川農(C3),1:02.8,1.5,曇,1.0,1.0,門別,3歳以上C4ー2,1:02.8,0.0,曇,3.0,4.0,門別,3歳以上C4ー2,1:03.2,0.8,晴,2.0,3.0,門別,3歳以上C4ー2,1:02.9,1.7,晴,57.6,8.0,,nar,2026-09-03,62.68,77.1,58.1,75.1,38.0,56.8,56.2,門別実績 / 前走人気以上 / 履歴少 / 安定感
202655090308,2026-09-03,8,ドゥエルセーラ,8.0,6.0,椿聡太,53.0,,7.0,5.0,佐賀,AIパッカル賞(C1),1:33.4,1.4,晴,11.0,10.0,佐賀,カーネリアン賞(C1),1:33.2,2.1,曇,5.0,6.0,佐賀,サンスベリア賞(C1),1:24.4,0.8,小雨,3.0,8.0,佐賀,UMATENA桜衣か(C1),1:31.3,1.4,晴,9.0,10.0,佐賀,C1ー5組,1:32.3,1.5,晴,153.9,12.0,,nar,2026-09-03,49.16,50.2,51.2,34.3,50.0,55.2,49.6,履歴少
202655090308,2026-09-03,8,ドライカプチーノ,2.0,2.0,田中直人,54.0,,6.0,4.0,佐賀,盆送り火賞(C1),1:32.7,2.1,曇,3.0,6.0,佐賀,ポーチュラカ賞(C1),1:24.4,0.4,曇,,,佐賀,マラカイト賞(C1),,,雨,2.0,4.0,佐賀,レースフラワー賞(C1),1:31.3,0.8,晴,2.0,4.0,佐賀,C1ー14組,1:24.2,0.2,曇,26.3,7.0,,nar,2026-09-03,58.2,77.4,55.6,49.8,28.0,60.4,54.0,佐賀実績 / 前走人気以上 / 市場オッズ妙味
202644090308,2026-09-03,8,ドレッドノート,8.0,5.0,小野俊斗,53.0,,9.0,3.0,大井,C2三 四五(C2四),1:29.9,2.0,晴,7.0,7.0,大井,U.S.ターキー賞(C2七),1:29.1,1.0,晴,14.0,2.0,大井,YJSトライアルラウ(C2),2:01.9,2.9,晴,1.0,1.0,大井,3歳六 七八(3歳七),1:28.5,-0.1,晴,1.0,2.0,大井,3歳12 13,1:29.2,0.0,曇,17.8,8.0,,nar,2026-09-03,36.74,48.8,21.4,24.9,30.5,45.2,49.6,履歴少 / 市場オッズ妙味
202630090308,2026-09-03,8,ニシノココ,9.0,7.0,小川悠汰,52.0,,6.0,7.0,門別,3歳以上C3ー2C4,1:02.4,1.0,晴,3.0,6.0,門別,優駿の里安平町アサヒ(C3),1:02.2,0.3,曇,5.0,7.0,門別,3歳以上C3ー2C4,1:02.6,1.0,曇,6.0,8.0,門別,3歳以上C3ー2C4,1:04.2,2.1,曇,5.0,6.0,門別,3歳以上C3ー2C4,1:03.8,1.6,曇,87.5,9.0,,nar,2026-09-03,59.54,68.4,62.9,55.0,42.5,59.4,52.9,門別実績 / 履歴少
202630090308,2026-09-03,8,ハーティーアイズ,4.0,4.0,亀井洋司,55.0,,9.0,10.0,門別,3歳以上C3ー2C4,1:03.0,1.6,晴,8.0,4.0,門別,優駿の里安平町谷川農(C3),1:03.0,1.7,曇,1.0,1.0,門別,3歳以上C4ー2,1:02.0,-0.1,曇,2.0,3.0,門別,3歳以上C4ー2,1:03.0,0.5,曇,6.0,2.0,門別,3歳以上C4ー2,1:03.5,1.1,晴,49.8,7.0,,nar,2026-09-03,46.32,61.3,43.3,34.3,21.5,50.8,49.6,履歴少 / 市場オッズ妙味
202644090308,2026-09-03,8,パワーキングダム,9.0,6.0,中山遥人,55.0,,7.0,4.0,大井,C2三 四五(C2四),1:29.3,1.4,晴,6.0,7.0,大井,C2三 四五(C2四),1:28.5,0.7,晴,6.0,11.0,大井,プランターズ・パンチ(C1),1:14.4,2.0,晴,10.0,5.0,大井,C1六 七,1:15.3,1.8,晴,8.0,3.0,大井,C1五 六七(C1六),1:29.3,0.8,晴,12.2,7.0,,nar,2026-09-03,43.02,51.2,43.6,0.0,53.0,53.4,43.8,履歴少 / 市場オッズ妙味
202648090308,2026-09-03,8,パーソナルレコード,2.0,2.0,村上弘樹,57.0,,1.0,1.0,名古屋,B11組,1:36.8,-0.1,晴,3.0,3.0,名古屋,飛島特別(C),1:37.1,0.5,晴,6.0,4.0,名古屋,渥美半島特別(C),1:36.6,1.4,晴,7.0,6.0,名古屋,西尾大空特別(C),2:16.0,3.5,曇,1.0,4.0,名古屋,金シャチ最終戦(C),1:36.6,-0.4,曇,3.3,1.0,,nar,2026-09-03,63.84,81.1,48.4,65.7,69.5,55.1,55.9,名古屋実績 / クラス条件好転 / 履歴少 / 近走上向き
202655090308,2026-09-03,8,フラクタル,4.0,4.0,石川慎将,54.0,,5.0,2.0,佐賀,佐賀ユーススプリント(重賞),1:29.4,1.4,雨,6.0,2.0,佐賀,九州優駿栄城賞(重賞),2:13.3,0.9,晴,3.0,2.0,佐賀,佐賀かささぎスプリン(重賞),1:23.3,0.2,晴,1.0,2.0,佐賀,佐賀城下スプリント(重賞),1:22.6,-0.4,小雨,1.0,1.0,佐賀,スプリングスター特別(3歳),1:22.3,-0.9,晴,1.4,1.0,,nar,2026-09-03,55.88,77.1,36.3,75.1,36.5,46.9,56.2,佐賀実績 / 履歴少 / 安定感
202648090308,2026-09-03,8,ブルロッソ,12.0,8.0,渡辺竜也,55.0,,5.0,3.0,名古屋,B6組,1:36.5,1.1,晴,1.0,1.0,名古屋,飛島特別(C),1:36.6,-0.2,晴,4.0,6.0,名古屋,渥美半島特別(C),1:36.1,0.9,晴,2.0,4.0,名古屋,アジア・アジアパラ応(C),1:30.1,0.2,曇,3.0,4.0,名古屋,アジア・アジアパラ応(C),1:37.2,0.8,曇,3.3,2.0,,nar,2026-09-03,65.9,82.7,51.3,100.0,35.0,57.0,62.5,名古屋実績 / クラス条件好転 / 履歴少 / 安定感
202650090308,2026-09-03,8,ブーヤカ,6.0,6.0,渡瀬和幸,57.0,,3.0,7.0,園田,たつの赤とんぼ特別B(B1),1:33.4,0.5,雨,8.0,10.0,園田,丹波篠山牛特別B1,1:32.0,1.3,曇,9.0,12.0,園田,B1B2,0:50.8,1.5,晴,10.0,9.0,園田,夏至特別A2B1,1:35.3,6.1,雨,11.0,5.0,園田,ダリア賞B1B2,1:22.2,2.5,晴,86.5,7.0,,nar,2026-09-03,55.1,49.8,60.8,30.4,89.0,52.9,48.5,前走人気以上 / 近走上向き
202644090308,2026-09-03,8,ヘビーキュー,4.0,3.0,和田譲治,56.0,,13.0,6.0,大井,C2三 四五(C2四),1:31.5,3.6,晴,13.0,2.0,大井,U.S.ターキー賞(C2七),1:30.5,2.4,晴,3.0,7.0,大井,ブラッドハウンド賞(C2四),1:29.1,0.6,曇,13.0,4.0,大井,C2三 四五(C2四),1:30.3,2.2,晴,6.0,4.0,大井,C2三 四五(C2四),1:29.3,1.1,曇,9.7,5.0,,nar,2026-09-03,24.78,25.6,10.8,19.8,24.5,36.3,46.3,履歴少
202644090308,2026-09-03,8,ベイステート,5.0,4.0,新原周馬,56.0,,10.0,9.0,大井,C2三 四五(C2四),1:30.1,2.2,晴,10.0,8.0,大井,C2三 四五(C2四),1:29.3,1.5,晴,7.0,6.0,大井,C1八 九,1:15.2,2.1,晴,7.0,8.0,大井,パナシェ賞(C1),1:15.5,2.0,曇,6.0,6.0,大井,C1八 九,1:14.5,0.6,晴,43.2,11.0,,nar,2026-09-03,37.18,39.6,44.0,0.0,35.0,49.7,43.8,履歴少
202630090308,2026-09-03,8,マカラス,2.0,2.0,石川倭,57.0,,1.0,2.0,門別,3歳以上C4ー2,1:02.7,-0.6,曇,9.0,2.0,門別,3歳以上C4ー2,1:19.9,4.5,晴,3.0,2.0,門別,3歳以上C4ー2,1:15.7,1.1,曇,10.0,8.0,2阪神5,3歳未勝利,1:25.5,2.3,晴,7.0,7.0,1小倉1,3歳未勝利,1:48.9,1.5,曇,6.3,2.0,,nar,2026-09-03,56.27,65.4,36.5,50.2,87.5,52.0,54.0,門別実績 / 履歴少 / 近走上向き
202655090308,2026-09-03,8,マリアブーケ,1.0,1.0,後藤武蔵,51.0,,1.0,1.0,佐賀,残暑特選(C2),0:55.5,-0.3,晴,1.0,1.0,佐賀,ヘルクレス座特選(C2),0:54.8,-0.4,晴,7.0,8.0,佐賀,しし座特選(C2),1:26.2,2.4,曇,3.0,5.0,佐賀,C2ー3組,1:25.0,1.3,晴,5.0,2.0,佐賀,C2ー3組,1:32.3,2.3,曇,16.4,4.0,,nar,2026-09-03,67.97,84.9,51.3,80.2,68.0,61.9,54.5,佐賀実績 / 近走上向き / 安定感 / 市場オッズ妙味
202655090308,2026-09-03,8,マリノバレリーナ,9.0,7.0,長谷川蓮,54.0,,9.0,8.0,佐賀,盆送り火賞(C1),1:33.9,3.3,曇,10.0,6.0,佐賀,カーネリアン賞(C1),1:33.2,2.1,曇,5.0,5.0,佐賀,C1ー4組,1:32.9,1.2,晴,4.0,4.0,佐賀,C1ー4組,1:31.8,1.5,曇,5.0,6.0,佐賀,C1ー5組,1:31.9,1.1,晴,117.8,10.0,,nar,2026-09-03,45.26,49.5,41.6,44.7,32.0,49.5,52.9,佐賀実績 / 履歴少
202655090308,2026-09-03,8,マーシャン,3.0,3.0,長田進仁,56.0,,6.0,8.0,佐賀,AIパッカル賞(C1),1:33.3,1.3,晴,5.0,11.0,佐賀,KYUSHUDREA(C1),1:25.0,1.3,曇,,,佐賀,マラカイト賞(C1),,0.0,雨,4.0,6.0,佐賀,C1ー11組,1:33.0,1.9,晴,6.0,6.0,佐賀,C1ー10組,1:25.4,2.0,曇,122.2,11.0,,nar,2026-09-03,59.0,65.4,70.9,39.5,44.0,60.8,51.5,佐賀実績 / 前走人気以上 / 人気以上に走る傾向
202655090308,2026-09-03,8,ミスレモン,10.0,7.0,飛田愛斗,54.0,,5.0,7.0,佐賀,一発逆転ファイナルレ,1:31.9,2.1,晴,11.0,1.0,佐賀,ジュライ特選(C1),1:59.9,2.5,晴,2.0,2.0,佐賀,C1ー6組,1:30.4,0.5,小雨,2.0,5.0,佐賀,C1ー8組,1:30.0,0.2,曇,2.0,1.0,佐賀,C1ー8組,1:31.9,0.4,晴,7.1,3.0,,nar,2026-09-03,55.8,66.8,39.1,75.1,45.5,54.4,56.2,佐賀実績 / 履歴少 / 安定感
202630090308,2026-09-03,8,ミッションアイズ,7.0,6.0,松井伸也,57.0,,5.0,7.0,門別,3歳以上C3ー2C4,1:15.2,0.6,晴,9.0,10.0,門別,ヒマワリ特別(C3),1:16.4,1.4,晴,11.0,12.0,門別,3歳以上C3ー2C4,1:16.3,2.0,曇,7.0,9.0,門別,アポイ岳世界ジオパー(C3),1:16.5,1.7,曇,4.0,5.0,門別,3歳以上C3ー2C4,1:03.8,1.6,曇,126.0,10.0,,nar,2026-09-03,54.22,49.0,60.1,40.7,66.5,56.7,52.6,クラス条件好転 / 履歴少 / 近走上向き
202648090308,2026-09-03,8,メイクン,4.0,4.0,落合玄太,57.0,,11.0,10.0,名古屋,B6組,1:37.8,2.4,晴,11.0,3.0,名古屋,B6組,1:39.1,2.9,晴,1.0,1.0,名古屋,祝奥村部長還暦(B),1:37.2,-0.1,晴,3.0,5.0,名古屋,城下町賞(C),1:37.8,1.1,曇,5.0,3.0,名古屋,金城ふ頭特別(C),1:30.8,1.9,曇,22.8,9.0,,nar,2026-09-03,41.7,50.1,34.5,44.7,14.0,50.5,52.9,名古屋実績 / 履歴少 / 市場オッズ妙味
202644090308,2026-09-03,8,メープルピア,12.0,7.0,野畑凌,56.0,,1.0,4.0,大井,C2六 七八(C2七),1:29.3,-0.1,曇,9.0,5.0,大井,C2九 十,1:44.5,1.6,晴,6.0,4.0,大井,ブラッドハウンド賞(C2四),1:29.6,1.1,曇,2.0,6.0,大井,ストーン・フェンス賞(C2七),1:28.9,0.2,曇,4.0,2.0,大井,ロバート・バーンズ賞(C2七),1:29.0,0.9,晴,6.3,3.0,,nar,2026-09-03,61.12,72.5,49.3,55.3,75.5,57.2,52.9,大井実績 / 前走人気以上 / 履歴少 / 近走上向き
202648090308,2026-09-03,8,モアサナイト,5.0,5.0,加藤聡一,55.0,,2.0,9.0,名古屋,B7組,1:36.3,0.2,晴,11.0,9.0,名古屋,B7組,1:39.5,2.4,晴,10.0,11.0,名古屋,B6組,1:37.9,1.8,晴,6.0,8.0,名古屋,B5組,1:52.8,1.6,曇,12.0,11.0,名古屋,B4組,1:39.9,4.2,晴,18.2,8.0,,nar,2026-09-03,57.56,48.5,64.1,30.4,96.5,60.9,48.5,前走人気以上 / 近走上向き / 市場オッズ妙味
202648090308,2026-09-03,8,ヤマカツライコウ,1.0,1.0,大畑慧悟,57.0,,6.0,2.0,名古屋,秀哉&晏菜ガチガチ愛(B),1:37.7,1.2,晴,4.0,6.0,名古屋,B6組,1:37.6,1.4,晴,8.0,2.0,名古屋,カササギ賞(B),1:29.9,1.5,曇,3.0,1.0,名古屋,B9組,1:51.0,0.3,晴,1.0,1.0,名古屋,四谷の千枚田特別(C),1:36.6,-0.2,曇,10.9,4.0,,nar,2026-09-03,50.83,68.5,34.6,49.8,38.0,53.7,52.9,名古屋実績 / 履歴少
202630090308,2026-09-03,8,ヤマノプリティー,8.0,7.0,金山昇馬,55.0,,7.0,8.0,門別,3歳以上C3ー2C4,1:02.4,1.0,晴,5.0,7.0,門別,優駿の里安平町谷川農(C3),1:02.6,1.3,曇,7.0,6.0,門別,3歳以上C3ー2C4,1:02.9,1.3,曇,7.0,5.0,門別,3歳以上C3ー2C4,1:04.3,2.2,曇,7.0,6.0,門別,3歳以上C3ー2C4,1:05.6,3.1,曇,173.2,11.0,,nar,2026-09-03,48.56,56.0,51.5,24.9,47.0,52.0,46.3,履歴少
202644090308,2026-09-03,8,ヨシノローズ,7.0,5.0,中村尚平,54.0,,7.0,10.0,大井,はくちょう座特別競走(C2),1:29.7,2.7,曇,12.0,13.0,大井,C2三 四五(C2四),1:43.9,2.1,晴,9.0,11.0,大井,フロリダ賞(C1),1:44.6,2.5,晴,12.0,13.0,大井,C1八 九,1:44.7,1.8,曇,8.0,8.0,大井,アフター・ディナー賞(C1),1:43.5,1.3,晴,54.1,12.0,,nar,2026-09-03,44.36,32.2,61.9,0.0,69.5,55.5,43.8,前走人気以上 / 履歴少 / 近走上向き
202644090308,2026-09-03,8,リコーファルコン,10.0,6.0,藤本現暉,56.0,,2.0,2.0,大井,C2三 四五(C2四),1:28.1,0.2,晴,2.0,8.0,大井,U.S.ターキー賞(C2七),1:28.1,0.0,晴,4.0,8.0,大井,ブラッドハウンド賞(C2四),1:29.5,1.0,曇,4.0,10.0,大井,C2三 四五(C2四),1:28.9,0.8,晴,7.0,8.0,大井,C2三 四五(C2四),1:29.5,1.3,曇,4.6,2.0,,nar,2026-09-03,74.0,82.4,72.9,89.7,63.5,67.5,56.2,大井実績 / 履歴少 / 人気以上に走る傾向 / 安定感
202648090308,2026-09-03,8,リョウライライ,8.0,6.0,今井貴大,57.0,,5.0,6.0,名古屋,B7組,1:36.8,0.7,晴,4.0,9.0,名古屋,B6組,1:36.9,0.8,晴,7.0,10.0,名古屋,星合特別(B),1:37.0,1.7,小雨,8.0,10.0,名古屋,シャウラ疾風特別(B),0:56.9,1.4,曇,10.0,11.0,名古屋,かんむり座特別(B),1:37.7,3.0,雨,13.2,7.0,,nar,2026-09-03,61.78,59.2,67.8,55.3,63.5,68.8,50.5,前走人気以上 / 人気以上に走る傾向 / 過小評価傾向 / 市場オッズ妙味
202630090308,2026-09-03,8,ルックスライクパツ,1.0,1.0,阿部龍,57.0,,1.0,6.0,門別,グランシャリオドリー(C4),1:01.9,-0.9,晴,6.0,9.0,門別,3歳以上C4ー2,1:02.6,1.0,晴,6.0,7.0,門別,3歳以上C4ー2,1:03.7,1.2,曇,8.0,8.0,門別,日高山脈襟裳十勝国立(C4),1:05.0,2.9,曇,12.0,6.0,門別,3歳以上C4ー2,1:07.8,5.9,曇,26.9,6.0,,nar,2026-09-03,60.73,64.9,62.9,30.4,92.0,56.7,48.5,前走人気以上 / 近走上向き / 市場オッズ妙味
202650090309,2026-09-03,9,アクイール,6.0,5.0,廣瀬航,55.0,,10.0,9.0,園田,兵庫ジョッキーズ楽天(C2),1:35.4,1.9,晴,5.0,5.0,園田,C2二,1:34.0,2.9,晴,6.0,6.0,園田,C2二,1:32.8,2.3,晴,4.0,5.0,園田,C2三,1:34.1,0.7,晴,6.0,4.0,園田,郷瀬町7ハロンC2二,1:33.6,1.6,晴,52.9,10.0,,nar,2026-09-03,46.23,54.6,47.4,39.5,21.5,51.3,50.5,総合評価
202650090309,2026-09-03,9,アグネスサンキ,9.0,7.0,山本咲希,57.0,,8.0,5.0,園田,兵庫ジョッキーズ楽天(C2),1:35.2,1.7,晴,3.0,3.0,園田,C2二,1:33.2,2.1,晴,6.0,5.0,園田,C2二,1:32.2,1.3,晴,3.0,4.0,園田,C2二,1:33.5,0.8,曇,,,園田,ラベンダー賞C2二,,,雨,23.1,9.0,,nar,2026-09-03,48.77,65.2,42.5,39.5,26.0,52.3,51.5,園田実績 / 市場オッズ妙味
202644090309,2026-09-03,9,アダラズプレイヤー,12.0,8.0,石川駿介,54.0,,8.0,13.0,大井,C1六 七,1:15.1,1.4,曇,,12.0,大井,C1六 七八(C1七),,,晴,10.0,4.0,大井,月白賞(C1六),1:15.4,1.4,晴,11.0,3.0,大井,C1五 六,1:15.4,2.1,曇,3.0,4.0,大井,C1七 八,1:13.5,0.6,雨,24.0,6.0,,nar,2026-09-03,40.02,40.6,43.2,10.3,50.0,45.2,47.1,前走人気以上 / 履歴少
202648090309,2026-09-03,9,アルコル,7.0,6.0,加藤聡一,55.0,,2.0,2.0,名古屋,2歳2組,1:39.4,0.3,晴,3.0,1.0,名古屋,ゴールデンデビュー名(2歳),0:56.5,0.8,晴,,,,,,,,,,,,,,,,,,,,,,10.4,7.0,,nar,2026-09-03,54.07,66.6,42.0,48.4,48.8,55.3,59.3,名古屋実績 / サンプル少
202644090309,2026-09-03,9,アルデフォックス,10.0,7.0,木澤奨,53.0,,5.0,7.0,大井,メリッサ特別競走(C2四),1:14.5,1.8,晴,5.0,7.0,大井,クレイジーソルト賞(C2七),1:14.5,0.7,晴,12.0,9.0,大井,ブラッドハウンド賞(C2四),1:31.0,2.5,曇,6.0,11.0,大井,C2三 四五(C2四),1:29.2,1.1,晴,9.0,9.0,大井,C2三 四五(C2四),1:46.3,3.5,曇,28.8,8.0,,nar,2026-09-03,56.96,52.5,58.7,55.3,68.0,60.2,49.6,履歴少 / 近走上向き / 市場オッズ妙味
202644090309,2026-09-03,9,イクノガキタゾ,5.0,5.0,和田譲治,56.0,,8.0,7.0,川崎,雷光賞(C2),0:56.6,1.5,曇,5.0,11.0,川崎,稲光賞(C2),0:56.1,0.6,曇,7.0,7.0,川崎,雲神賞(C2),0:56.6,1.8,曇,8.0,7.0,川崎,天雷賞(C2),0:57.1,0.8,曇,9.0,9.0,川崎,渦雷賞(C2),0:56.9,1.5,晴,25.7,7.0,,nar,2026-09-03,49.31,50.7,57.3,24.9,45.5,57.3,48.8,履歴少 / 市場オッズ妙味
202650090309,2026-09-03,9,イザベラサンライズ,8.0,6.0,南部楓馬,52.0,,8.0,9.0,園田,C2二,1:34.3,2.5,晴,6.0,7.0,金沢,3歳A 3,1:34.2,0.9,晴,6.0,8.0,金沢,星奈ちゃん1歳お誕生(3歳),1:34.1,2.0,晴,10.0,9.0,金沢,3歳A 3,1:35.1,1.2,雨,7.0,5.0,金沢,3歳A 2,1:44.6,4.7,曇,124.0,12.0,,nar,2026-09-03,44.67,49.6,54.2,0.0,45.5,52.2,50.0,総合評価
202655090309,2026-09-03,9,エイシンシュトルム,9.0,8.0,長谷川蓮,56.0,,4.0,4.0,佐賀,キョウチクトウ賞(A2),1:30.5,0.1,曇,3.0,2.0,佐賀,ロベリア賞(A2),1:29.9,0.4,雨,3.0,5.0,佐賀,SAGAリベンジャー(A2),1:28.7,0.4,小雨,1.0,1.0,佐賀,アマリリス賞,1:30.3,-0.2,曇,1.0,2.0,佐賀,スイートピー特別(B),1:29.0,-0.1,曇,7.6,2.0,,nar,2026-09-03,67.27,85.6,51.7,100.0,38.0,59.9,59.5,佐賀実績 / 履歴少 / 安定感
202650090309,2026-09-03,9,エイシンジザイテン,10.0,7.0,杉浦健太,56.0,,15.0,13.0,3東京3,3歳未勝利,1:41.6,4.4,晴,17.0,8.0,2中山6,3歳未勝利,2:04.4,4.1,晴,10.0,13.0,5中山6,2歳未勝利,1:36.5,1.9,曇,15.0,8.0,4中山7,2歳新馬,2:01.5,6.1,晴,,,,,,,,5.8,3.0,,nar,2026-09-03,23.31,6.2,24.4,0.0,44.0,39.8,48.8,履歴少
202655090309,2026-09-03,9,エイシンチェンバー,6.0,6.0,田中純,56.0,,8.0,10.0,佐賀,キョウチクトウ賞(A2),1:31.4,1.0,曇,7.0,8.0,佐賀,ロベリア賞(A2),1:30.2,0.7,雨,9.0,10.0,佐賀,SAGAリベンジャー(A2),1:30.1,1.8,小雨,10.0,9.0,佐賀,FUJI4周年記念レ(A2),1:32.0,3.7,晴,5.0,6.0,佐賀,フクシア賞(A2),1:30.5,1.7,晴,125.6,9.0,,nar,2026-09-03,45.45,44.6,57.1,10.3,48.5,54.2,46.3,履歴少
202648090309,2026-09-03,9,エンジェルリング,8.0,6.0,今井貴大,55.0,,1.0,2.0,名古屋,サンシャイン特別(2歳),1:38.5,-0.3,晴,2.0,4.0,名古屋,ゴールデンデビュー名(2歳),0:55.8,0.1,晴,,,,,,,,,,,,,,,,,,,,,,4.9,2.0,,nar,2026-09-03,57.65,71.0,51.1,48.4,48.8,56.5,59.3,名古屋実績 / サンプル少
202648090309,2026-09-03,9,エールエクスプレス,10.0,7.0,細川智史,55.0,,2.0,3.0,名古屋,ルミナス特別(2歳),1:37.9,0.3,晴,2.0,4.0,名古屋,サンシャイン特別(2歳),1:38.8,0.3,晴,3.0,3.0,名古屋,オーシャンブルー特別(2歳),1:40.7,0.7,晴,1.0,3.0,名古屋,名古屋モーニングフィ(2歳),0:56.5,-0.3,曇,5.0,4.0,名古屋,ゴールデンデビュー名(2歳),0:58.2,2.3,曇,5.6,3.0,,nar,2026-09-03,71.19,89.1,56.9,100.0,54.5,59.9,56.4,名古屋実績 / 安定感
202655090309,2026-09-03,9,カシノルーカス,4.0,4.0,川島拓,56.0,,,12.0,佐賀,JRA交流霧島賞(重賞),,,曇,10.0,9.0,佐賀,SAGAリベンジャー(A2),1:30.3,2.0,小雨,9.0,10.0,佐賀,FUJI4周年記念レ(A2),1:31.8,3.5,晴,6.0,9.0,佐賀,晦日正月賞(A2),1:31.2,1.5,晴,10.0,10.0,佐賀,第7回エーエスピー福(A2),1:31.6,1.9,小雪,114.1,8.0,,nar,2026-09-03,39.93,37.0,53.9,0.0,40.0,53.4,43.8,履歴少
202630090309,2026-09-03,9,キタノハドソン,3.0,3.0,服部茂史,57.0,,1.0,1.0,門別,サマーセール平取産馬(C4),1:14.7,-0.3,晴,1.0,1.0,門別,3歳以上C4ー3,1:15.5,-0.5,晴,3.0,4.0,門別,3歳以上C4ー3,1:16.5,0.0,曇,,,,,,,,,,,,,,,1.8,1.0,,nar,2026-09-03,68.44,95.8,51.8,75.1,56.0,53.6,59.5,門別実績 / 履歴少 / 安定感
202655090309,2026-09-03,9,キトーウィン,2.0,2.0,竹吉徹,56.0,,6.0,6.0,佐賀,サガデーナイト競馬賞(A2),1:29.1,1.6,雨,8.0,7.0,佐賀,発明の日賞,1:29.6,1.6,曇,5.0,3.0,佐賀,AIパッカル賞(A2),1:29.7,1.1,晴,4.0,6.0,佐賀,Aー5組(A2),1:21.7,0.4,雨,4.0,4.0,佐賀,ニリンソウ賞(A2),1:29.5,0.6,晴,23.7,4.0,,nar,2026-09-03,52.55,61.6,47.5,44.7,45.5,55.6,52.9,佐賀実績 / 履歴少 / 市場オッズ妙味
202630090309,2026-09-03,9,ギルランダ,10.0,8.0,黒澤愛斗,55.0,,14.0,8.0,1札幌1,3歳未勝利,1:51.0,3.1,曇,14.0,4.0,1函館3,3歳未勝利,1:49.2,2.0,晴,2.0,7.0,1福島6,3歳未勝利,1:47.0,0.2,晴,9.0,12.0,1東京7,3歳未勝利,1:27.8,1.4,晴,6.0,6.0,5東京6,2歳新馬,1:35.5,1.1,晴,6.6,3.0,,nar,2026-09-03,30.75,29.6,29.8,19.8,12.5,46.9,48.8,履歴少
202630090309,2026-09-03,9,クインズタンポポ,7.0,7.0,藤田凌駕,54.0,,1.0,1.0,門別,3歳以上C4ー2,1:02.0,-0.4,晴,1.0,2.0,門別,ホクレン「くるるの杜(C4),1:15.5,-0.3,雨,2.0,2.0,門別,3歳以上C4ー3,1:03.3,1.1,雨,3.0,5.0,門別,3歳以上C4ー3,1:16.6,0.3,晴,,,,,,,,5.4,2.0,,nar,2026-09-03,71.56,95.6,54.2,89.7,56.0,59.6,59.5,門別実績 / 履歴少 / 安定感
202644090309,2026-09-03,9,クミンフレイバー,2.0,2.0,新原周馬,54.0,,6.0,4.0,大井,はくちょう座特別競走(C2),1:29.5,2.5,曇,1.0,4.0,大井,C2九 十,1:13.4,-0.3,晴,3.0,7.0,大井,C2三 四五(C2四),1:14.3,0.2,曇,5.0,7.0,大井,ギムレット賞(C2五),1:14.6,1.0,晴,10.0,9.0,大井,ブルドッグ賞(C2二),1:15.6,2.0,雨,5.5,3.0,,nar,2026-09-03,60.26,72.6,57.8,59.3,42.5,61.2,52.9,大井実績 / 履歴少
202644090309,2026-09-03,9,ケイコウギュウゴ,3.0,3.0,中山遥人,55.0,,12.0,10.0,大井,メリッサ特別競走(C2四),1:15.8,3.1,晴,9.0,7.0,大井,ジン・フィズ賞(C2四),1:15.9,2.1,晴,14.0,11.0,大井,さそり座特別競走(C1),2:16.7,8.2,曇,14.0,14.0,大井,C1八 九,1:46.1,3.2,曇,14.0,10.0,大井,C1五 六七(C1六),1:45.7,3.2,晴,159.3,12.0,,nar,2026-09-03,29.03,12.6,35.2,0.0,54.5,43.8,43.8,履歴少
202648090309,2026-09-03,9,ケイズヴェロシティ,4.0,4.0,吉原寛人,56.0,,5.0,5.0,名古屋,ルミナス特別(2歳),1:39.8,2.2,晴,2.0,1.0,名古屋,2歳2組,1:39.5,0.2,晴,4.0,3.0,名古屋,ゴールデンデビュー名(2歳),0:56.8,1.1,晴,,,,,,,,,,,,,,,15.9,9.0,,nar,2026-09-03,60.71,78.1,45.8,75.1,38.0,61.7,56.4,名古屋実績 / 安定感 / 市場オッズ妙味
202648090309,2026-09-03,9,ゴールドタッチ,12.0,8.0,大畑雅章,55.0,,1.0,1.0,名古屋,2歳疾風戦,0:57.3,-0.4,晴,4.0,5.0,名古屋,ゴールデンデビュー名(2歳),0:56.7,0.6,晴,,,,,,,,,,,,,,,,,,,,,,15.4,8.0,,nar,2026-09-03,57.16,67.1,47.2,48.4,55.4,61.7,59.5,名古屋実績 / 履歴少 / サンプル少 / 市場オッズ妙味
202648090309,2026-09-03,9,サクラノドリーム,6.0,5.0,近藤颯羽,52.0,,2.0,4.0,名古屋,ゴールデンデビュー名(2歳),0:55.8,0.3,晴,,,,,,,,,,,,,,,,,,,,,,,,,,,,,7.4,4.0,,nar,2026-09-03,44.45,49.9,43.7,36.3,40.6,42.0,48.8,履歴少 / サンプル少
202650090309,2026-09-03,9,サンウイング,11.0,8.0,松木大地,57.0,,3.0,8.0,園田,C2二,1:34.3,1.3,曇,4.0,7.0,園田,C2二,1:32.0,1.5,晴,3.0,3.0,園田,五郷海老済7ハロンC(C2),1:33.1,0.0,曇,,,園田,ラベンダー賞C2二,,,雨,6.0,4.0,園田,C2,1:57.4,1.1,曇,12.7,6.0,,nar,2026-09-03,68.67,78.8,66.9,75.1,58.0,65.7,54.0,園田実績 / 前走人気以上 / 人気以上に走る傾向 / 安定感
202655090309,2026-09-03,9,サンスイレン,1.0,1.0,椿聡太,51.0,,9.0,8.0,佐賀,キョウチクトウ賞(A2),1:32.0,1.6,曇,10.0,5.0,佐賀,Aー5組(A2),1:25.0,3.7,雨,5.0,4.0,佐賀,第10回エーエスピー(A2),1:29.9,1.0,曇,4.0,3.0,佐賀,マンサク賞(A2),1:29.9,0.2,晴,4.0,4.0,佐賀,第7回エーエスピー福(A2),1:31.0,1.3,小雪,64.7,6.0,,nar,2026-09-03,43.97,50.3,36.7,44.7,30.5,48.3,52.9,佐賀実績 / 履歴少
202648090309,2026-09-03,9,シルダリヤ,2.0,2.0,筒井勇介,55.0,,9.0,6.0,名古屋,サンシャイン特別(2歳),1:46.8,8.3,晴,2.0,1.0,名古屋,名古屋モーニングフィ(2歳),0:56.8,0.3,曇,2.0,8.0,名古屋,ゴールデンデビュー名(2歳),0:56.4,0.5,曇,,,,,,,,,,,,,,,37.3,10.0,,nar,2026-09-03,51.37,69.3,50.2,44.7,8.0,58.5,54.0,名古屋実績 / 履歴少 / 市場オッズ妙味
202650090309,2026-09-03,9,ジュピターバローズ,7.0,6.0,小牧太,56.0,,,10.0,2中京4,3歳未勝利,,,曇,13.0,8.0,2小倉2,3歳未勝利,1:50.5,3.7,晴,10.0,7.0,3京都11,3歳未勝利,1:27.9,2.9,晴,,,,,,,,,,,,,,,6.6,5.0,,nar,2026-09-03,31.6,26.0,29.7,18.0,35.6,42.0,48.8,履歴少 / サンプル少
202644090309,2026-09-03,9,ジーティーマジカル,1.0,1.0,藤田凌,54.0,,3.0,5.0,大井,ジン・フィズ賞(C2四),1:14.0,0.2,晴,10.0,5.0,大井,C1六 七,1:14.5,1.6,雨,3.0,2.0,大井,C1八 九,1:14.6,0.1,雨,4.0,4.0,大井,C1六 七八(C1七),1:14.6,0.6,晴,3.0,6.0,大井,C2二 三四(C2三),1:14.4,0.2,曇,2.8,2.0,,nar,2026-09-03,59.99,68.9,46.3,75.1,62.0,53.7,56.2,大井実績 / 履歴少 / 安定感
202630090309,2026-09-03,9,スズロビンソン,6.0,6.0,松井伸也,57.0,,3.0,9.0,門別,ヒマワリ特別(C3),1:15.5,0.5,晴,9.0,9.0,門別,3歳以上C3ー2C4,1:15.7,1.4,曇,5.0,6.0,門別,ヤマボウシ特別(C3),1:15.7,1.2,晴,6.0,6.0,門別,3歳以上C3ー2C4,1:15.8,0.8,晴,5.0,10.0,門別,グランシャリオドリー(C3),1:15.8,1.0,曇,72.5,10.0,,nar,2026-09-03,63.57,63.7,67.8,60.5,69.5,61.3,52.9,門別実績 / 前走人気以上 / 履歴少 / 人気以上に走る傾向
202630090309,2026-09-03,9,スタンピー,2.0,2.0,望月洵輝,55.0,,6.0,2.0,門別,3歳以上C3ー2C4,1:15.9,1.3,晴,14.0,14.0,1函館12,3歳以上1勝クラス,1:48.0,4.9,曇,8.0,8.0,1函館8,3歳以上1勝クラス,1:49.8,4.6,曇,9.0,7.0,1中京3,4歳以上1勝クラス,1:34.9,0.8,晴,9.0,8.0,1中京1,4歳以上1勝クラス,1:34.3,0.8,晴,12.3,5.0,,nar,2026-09-03,40.09,35.9,38.7,0.0,74.0,48.3,51.1,クラス条件好転 / 近走上向き / 市場オッズ妙味
202644090309,2026-09-03,9,ダイヤメ,4.0,4.0,吉井章,56.0,,3.0,3.0,大井,メリッサ特別競走(C2四),1:13.7,1.0,晴,2.0,4.0,大井,クレイジーソルト賞(C2七),1:14.0,0.2,晴,5.0,3.0,大井,C2四 五六(C2五),1:29.0,0.6,晴,3.0,6.0,大井,C2三 四五(C2四),1:28.2,0.6,曇,3.0,3.0,大井,C2三 四五(C2四),1:14.9,0.8,晴,2.6,1.0,,nar,2026-09-03,68.07,82.8,53.8,100.0,51.5,56.0,59.5,大井実績 / 履歴少 / 安定感
202648090309,2026-09-03,9,ダバイストリーム,3.0,3.0,加藤誓二,55.0,,6.0,7.0,名古屋,ルミナス特別(2歳),1:40.6,3.0,晴,6.0,5.0,名古屋,サンシャイン特別(2歳),1:40.8,2.3,晴,8.0,7.0,門別,JRA認定競走アタッ(2歳),1:56.8,2.7,曇,12.0,6.0,門別,JRA認定競走アタッ(2歳),1:10.7,2.9,晴,3.0,3.0,門別,JRA認定競走アタッ(2歳),1:03.2,0.4,曇,225.6,12.0,,nar,2026-09-03,44.19,52.3,42.9,10.3,57.5,48.1,43.8,履歴少
202650090309,2026-09-03,9,テーオータウンズ,3.0,3.0,吉村智洋,56.0,,6.0,11.0,2小倉8,3歳未勝利,1:49.3,1.6,晴,9.0,5.0,2阪神3,3歳未勝利,1:57.4,3.0,小雨,15.0,11.0,1京都5,3歳未勝利,2:00.6,6.3,晴,6.0,4.0,5阪神7,2歳未勝利,1:57.2,3.9,晴,4.0,8.0,4阪神4,2歳新馬,1:56.7,1.5,曇,4.1,2.0,,nar,2026-09-03,45.35,43.8,49.0,10.3,65.0,52.1,50.0,前走人気以上 / 近走上向き
202644090309,2026-09-03,9,デルバイス,11.0,8.0,遠藤健太,56.0,,12.0,13.0,大井,C2三 四五(C2四),1:31.3,3.4,晴,12.0,12.0,大井,C2三 四五(C2四),1:30.3,2.5,晴,13.0,14.0,大井,さそり座特別競走(C1),2:13.0,4.5,曇,12.0,13.0,大井,芒種特別競走(C1),2:47.7,7.6,曇,12.0,13.0,大井,アフター・ディナー賞(C1),1:45.9,3.7,晴,91.6,11.0,,nar,2026-09-03,34.23,10.4,55.3,0.0,51.5,53.5,43.8,履歴少
202630090309,2026-09-03,9,トニーオーシャンズ,1.0,1.0,桑村真明,57.0,,9.0,10.0,門別,北海道スプリントカッ(JpnIII),1:15.7,3.8,晴,6.0,7.0,門別,星雲賞〔H3〕(重賞),1:15.7,1.8,雨,9.0,4.0,門別,グランシャリオドリー(C3),1:15.7,1.3,曇,8.0,3.0,門別,rapora賞(C3),1:17.0,3.6,雨,1.0,3.0,門別,3歳以上C4ー2,1:15.5,-0.1,晴,25.9,7.0,,nar,2026-09-03,40.88,49.8,43.3,10.3,32.0,48.9,46.3,履歴少 / 市場オッズ妙味
202648090309,2026-09-03,9,ナガノアリス,11.0,8.0,渡辺竜也,55.0,,1.0,2.0,名古屋,2歳2組,1:39.3,-0.2,晴,6.0,4.0,名古屋,オーシャンブルー特別(2歳),1:41.9,1.9,晴,3.0,3.0,名古屋,ゴールデンデビュー名(2歳),0:56.8,1.0,曇,,,,,,,,,,,,,,,8.8,6.0,,nar,2026-09-03,62.84,82.5,48.2,50.2,71.0,58.2,54.9,名古屋実績 / クラス条件好転 / 近走上向き
202648090309,2026-09-03,9,ニシキクイーン,5.0,5.0,木之前葵,53.0,,5.0,4.0,名古屋,2歳2組,1:40.8,1.7,晴,5.0,9.0,名古屋,サンシャイン特別(2歳),1:40.4,1.9,晴,5.0,5.0,名古屋,オーシャンブルー特別(2歳),1:41.8,1.8,晴,4.0,3.0,名古屋,ゴールデンデビュー名(2歳),0:56.9,1.4,晴,,,,,,,,76.7,11.0,,nar,2026-09-03,62.49,69.3,54.3,89.7,48.0,55.1,58.2,名古屋実績 / クラス条件好転 / 安定感
202655090309,2026-09-03,9,ニシノリンダ,8.0,8.0,山口勲,54.0,,7.0,5.0,佐賀,キョウチクトウ賞(A2),1:31.1,0.7,曇,8.0,9.0,佐賀,佐賀ヴィーナスC(重賞),1:56.1,2.1,雨,4.0,4.0,佐賀,AIパッカル賞(A2),1:29.6,1.0,晴,7.0,4.0,佐賀,Aー5組(A2),1:22.8,1.5,雨,2.0,1.0,佐賀,ゲッケイジュ賞(A2),1:30.0,0.0,晴,15.9,3.0,,nar,2026-09-03,48.36,58.9,43.7,30.1,39.5,55.6,52.6,クラス条件好転 / 履歴少 / 市場オッズ妙味
202650090309,2026-09-03,9,ハッピーコールズ,5.0,5.0,塩津璃菜,51.0,,4.0,7.0,園田,C2二,1:34.5,1.5,曇,7.0,6.0,園田,C2一,1:32.4,0.8,晴,5.0,5.0,園田,3歳C1一,1:31.9,0.4,雨,7.0,9.0,姫路,3歳B,1:36.0,0.8,晴,4.0,5.0,姫路,保城7ハロン3歳未勝,1:36.9,0.3,曇,19.4,8.0,,nar,2026-09-03,61.29,64.9,57.4,60.5,60.5,67.2,54.0,園田実績 / 前走人気以上 / 履歴少 / 安定感
202650090309,2026-09-03,9,ハッピーモンスター,12.0,8.0,竹村達也,57.0,,7.0,7.0,園田,厩橋7ハロンC2一,1:34.0,2.9,晴,4.0,4.0,園田,C2二,1:33.3,2.2,晴,2.0,7.0,園田,糺の森7ハロンC2二,1:33.0,0.6,晴,7.0,3.0,園田,C2二,1:33.1,1.3,曇,5.0,5.0,園田,C2二,1:34.0,1.6,曇,14.6,7.0,,nar,2026-09-03,56.37,67.5,52.8,55.0,35.0,62.1,52.9,園田実績 / 履歴少 / 市場オッズ妙味
202655090309,2026-09-03,9,バージャンフォース,7.0,7.0,田中直人,56.0,,10.0,9.0,佐賀,キョウチクトウ賞(A2),1:32.7,2.3,曇,1.0,2.0,佐賀,ラベンダー特別(B),1:30.7,0.0,曇,3.0,3.0,佐賀,あじさい特別(B),1:22.9,0.1,小雨,2.0,2.0,佐賀,すずらん賞(B),1:30.1,0.6,晴,2.0,4.0,佐賀,カーネーション特別(B),1:22.9,0.0,晴,27.3,5.0,,nar,2026-09-03,54.96,73.0,51.1,69.6,2.0,57.6,56.2,佐賀実績 / 履歴少 / 安定感 / 市場オッズ妙味
202644090309,2026-09-03,9,パールペンダント,6.0,5.0,岡村健司,54.0,,10.0,11.0,大井,メリッサ特別競走(C2四),1:15.2,2.5,晴,7.0,9.0,大井,ジン・フィズ賞(C2四),1:14.8,1.0,晴,11.0,10.0,大井,海王星特別競走(C1),1:48.0,2.4,曇,8.0,8.0,大井,デネボラ特別競走(C1),1:29.6,1.9,晴,10.0,7.0,大井,ロイヤル・フィズ賞(C1),1:45.6,2.6,雨,49.7,10.0,,nar,2026-09-03,39.02,34.7,52.1,0.0,44.0,51.0,43.8,履歴少
202644090309,2026-09-03,9,フレーズボンボン,7.0,6.0,田中洸多,54.0,,6.0,6.0,大井,メリッサ特別競走(C2四),1:14.7,2.0,晴,6.0,5.0,大井,C1八 九,1:15.1,2.0,晴,5.0,5.0,大井,パナシェ賞(C1),1:14.8,1.3,曇,3.0,5.0,大井,白百合特別競走(C2),1:14.4,0.5,雨,2.0,7.0,大井,ジン・バック賞(C2三),1:14.5,0.7,晴,14.6,5.0,,nar,2026-09-03,56.44,68.4,53.9,44.7,38.0,65.3,52.9,大井実績 / 履歴少 / 過小評価傾向 / 市場オッズ妙味
202630090309,2026-09-03,9,フロンテアブライト,8.0,7.0,宮内勇樹,57.0,,3.0,6.0,門別,3歳以上C3ー2C4,1:15.2,0.6,晴,4.0,8.0,門別,ヒマワリ特別(C3),1:15.5,0.5,晴,8.0,6.0,門別,3歳以上C3ー2C4,1:15.5,1.2,曇,3.0,6.0,門別,アポイ岳世界ジオパー(C3),1:15.4,0.6,曇,1.0,4.0,門別,3歳以上C4ー2,1:16.3,0.0,曇,15.4,6.0,,nar,2026-09-03,68.91,75.8,65.8,80.2,56.0,68.8,59.2,門別実績 / クラス条件好転 / 前走人気以上 / 履歴少
202648090309,2026-09-03,9,ブルーオンピンク,9.0,7.0,塚本征吾,56.0,,3.0,1.0,名古屋,ルミナス特別(2歳),1:38.8,1.2,晴,1.0,6.0,門別,2歳未勝利,1:15.8,-0.3,曇,5.0,1.0,門別,2歳未勝利,1:17.4,0.4,晴,8.0,4.0,門別,JRA認定競走アタッ(2歳),1:57.9,3.5,曇,4.0,3.0,門別,2歳未勝利,1:10.2,1.1,曇,7.7,5.0,,nar,2026-09-03,62.35,78.2,44.1,85.4,59.0,54.8,48.8,履歴少 / 安定感
202650090309,2026-09-03,9,プレシャスストーン,4.0,4.0,佐々木世,53.0,,8.0,6.0,園田,C2二,1:35.9,4.3,晴,3.0,8.0,園田,C2二,1:34.3,1.4,晴,8.0,8.0,園田,C2三,1:33.6,1.4,晴,8.0,6.0,園田,C2二,1:33.7,2.2,晴,5.0,9.0,園田,神影7ハロンC2二,1:33.8,1.4,晴,63.9,11.0,,nar,2026-09-03,50.65,56.4,55.3,35.3,38.0,55.9,49.6,履歴少
202630090309,2026-09-03,9,ベリープラウド,4.0,4.0,阿部龍,55.0,,4.0,5.0,門別,3歳以上C3ー2C4,1:15.2,0.6,晴,8.0,7.0,門別,ヒマワリ特別(C3),1:16.1,1.1,晴,7.0,3.0,門別,3歳以上C3ー2C4,1:15.3,1.0,曇,1.0,1.0,門別,3歳以上C4ー2,1:15.5,-0.1,曇,4.0,1.0,門別,3歳以上C4ー2,1:18.0,1.7,曇,27.5,8.0,,nar,2026-09-03,55.13,66.8,42.7,55.3,56.0,51.8,55.9,門別実績 / クラス条件好転 / 履歴少 / 市場オッズ妙味
202644090309,2026-09-03,9,ミチノディディ,9.0,7.0,達城龍次,54.0,,8.0,8.0,大井,はくちょう座特別競走(C2),1:29.9,2.9,曇,8.0,11.0,大井,パナシェ賞(C1),1:15.6,2.1,曇,13.0,10.0,大井,アフター・ディナー賞(C1),1:46.1,3.9,晴,8.0,6.0,大井,コープス・リバイバー(C1),1:44.3,2.8,晴,9.0,7.0,大井,フラミンゴ・レディ賞(C1),1:44.8,1.5,晴,29.3,9.0,,nar,2026-09-03,39.62,35.3,47.6,0.0,59.0,49.1,43.8,履歴少
202655090309,2026-09-03,9,ミフネ,5.0,5.0,後藤武蔵,53.0,,3.0,9.0,佐賀,南風月賞,1:31.7,1.3,晴,9.0,10.0,佐賀,オーシャン賞,1:31.7,2.4,晴,9.0,9.0,佐賀,吉野ヶ里記念(重賞),1:31.4,3.8,曇,8.0,8.0,佐賀,FUJI4周年記念レ(A2),1:31.8,3.5,晴,7.0,7.0,佐賀,フクシア賞(A2),1:31.9,3.1,晴,87.0,7.0,,nar,2026-09-03,56.5,53.4,64.5,30.4,81.5,57.2,46.3,前走人気以上 / 履歴少 / 近走上向き
202650090309,2026-09-03,9,メイショウマグナ,2.0,2.0,土方颯太,55.0,,12.0,12.0,2中京3,3歳未勝利,1:57.8,1.4,晴,5.0,12.0,2小倉5,3歳未勝利,1:48.4,1.5,晴,6.0,6.0,3京都6,3歳未勝利,1:55.1,1.8,晴,10.0,12.0,3京都1,3歳未勝利,1:33.5,1.2,晴,9.0,16.0,2京都1,3歳未勝利,1:35.9,0.8,晴,4.1,1.0,,nar,2026-09-03,47.34,40.3,69.3,24.9,23.0,62.0,50.0,前走人気以上 / 人気以上に走る傾向
202650090309,2026-09-03,9,メイショウランケイ,1.0,1.0,永井孝典,56.0,,4.0,2.0,園田,芝田7ハロンC2二,1:33.5,0.6,曇,2.0,2.0,園田,C2二,1:32.7,0.4,晴,16.0,10.0,3京都11,3歳未勝利,2:28.4,3.1,晴,9.0,9.0,1中京2,3歳未勝利,1:57.1,3.0,晴,10.0,9.0,5阪神6,2歳未勝利,1:56.8,1.7,雨,6.5,4.0,,nar,2026-09-03,53.65,54.2,36.7,55.3,81.5,52.1,59.5,園田実績 / 履歴少 / 近走上向き
202648090309,2026-09-03,9,メグレズ,1.0,1.0,丸野勝虎,55.0,,1.0,2.0,名古屋,ルミナス特別(2歳),1:37.6,-0.3,晴,2.0,4.0,名古屋,ゴールデンデビュー名(2歳),0:56.2,0.1,晴,,,,,,,,,,,,,,,,,,,,,,4.6,1.0,,nar,2026-09-03,57.63,71.0,51.1,48.4,48.8,56.3,59.5,名古屋実績 / 履歴少 / サンプル少
202630090309,2026-09-03,9,メレサンク,9.0,8.0,石川倭,55.0,,2.0,3.0,門別,3歳以上C3ー2C4,1:14.9,0.3,晴,5.0,5.0,門別,ヒマワリ特別(C3),1:15.6,0.6,晴,4.0,4.0,門別,アポイ岳世界ジオパー(C3),1:15.5,0.7,曇,7.0,5.0,門別,ヤマボウシ特別(C3),1:16.0,1.5,晴,10.0,4.0,門別,グランシャリオドリー(C3),2:00.9,3.0,曇,9.8,4.0,,nar,2026-09-03,62.25,70.4,45.7,75.1,77.0,55.2,55.9,門別実績 / クラス条件好転 / 履歴少 / 近走上向き
202655090309,2026-09-03,9,ラウダーティオ,3.0,3.0,飛田愛斗,56.0,,2.0,1.0,佐賀,佐賀ユーススプリント(重賞),1:28.4,0.4,雨,3.0,4.0,佐賀,吉野ヶ里記念(重賞),1:28.2,0.6,曇,1.0,1.0,佐賀,佐賀かささぎスプリン(重賞),1:23.1,-0.1,晴,4.0,1.0,佐賀,佐賀城下スプリント(重賞),1:23.3,0.7,小雨,1.0,1.0,佐賀,ブライトスター特別(3歳),1:21.9,-0.7,雨,1.1,1.0,,nar,2026-09-03,67.31,90.1,46.6,100.0,51.5,48.5,59.5,佐賀実績 / 履歴少 / 安定感
202630090309,2026-09-03,9,ラストカノン,5.0,5.0,亀井洋司,55.0,,8.0,5.0,門別,グランシャリオドリー(C3),1:15.9,2.1,晴,5.0,7.0,門別,3歳以上C3ー2C4,1:14.7,0.4,曇,2.0,6.0,門別,3歳以上C3ー2C4,1:15.7,0.0,曇,5.0,10.0,門別,グランシャリオドリー(C3),1:15.5,1.1,曇,5.0,10.0,門別,骨密度ならMBP賞(C3),1:15.9,1.2,曇,70.4,9.0,,nar,2026-09-03,58.99,65.4,61.4,69.6,27.5,62.0,56.2,門別実績 / 履歴少 / 安定感
202644090309,2026-09-03,9,リュウジンオー,8.0,6.0,鷹見陸,56.0,,8.0,8.0,大井,C2三 四五(C2四),1:29.8,1.9,晴,13.0,8.0,大井,わし座特別競走(C2),2:12.8,3.1,晴,10.0,6.0,大井,プランターズ・パンチ(C1),1:14.8,2.4,晴,8.0,3.0,大井,C1六 七,1:15.0,1.5,晴,6.0,2.0,大井,C1五 六七(C1六),1:28.9,0.4,晴,13.9,4.0,,nar,2026-09-03,33.04,32.5,27.7,0.0,57.5,41.2,46.0,クラス条件好転 / 履歴少 / 市場オッズ妙味
202655090310,2026-09-03,10,アイズオンミー,7.0,6.0,青海大樹,53.0,,10.0,5.0,佐賀,残暑特選(C2),0:57.3,1.8,晴,10.0,7.0,佐賀,ヘルクレス座特選(C2),0:56.4,1.6,晴,11.0,9.0,佐賀,C2ー4組,1:36.2,5.3,曇,11.0,6.0,佐賀,C2ー5組,1:34.4,3.0,晴,11.0,7.0,佐賀,ラークスパ―賞(C1),1:33.8,3.0,晴,176.9,10.0,,nar,2026-09-03,29.04,24.4,23.4,0.0,54.5,38.6,46.5,総合評価
202655090310,2026-09-03,10,アイビーイダテン,1.0,1.0,竹吉徹,56.0,,8.0,7.0,佐賀,C2ー4組,1:34.3,2.1,晴,8.0,8.0,佐賀,バーベナ賞(C1),1:33.3,3.0,晴,10.0,7.0,佐賀,C1ー12組,1:27.0,3.5,雨,7.0,7.0,佐賀,C1ー12組,1:25.5,2.0,晴,3.0,9.0,佐賀,KYUSHUDREA(C1),1:31.2,1.0,曇,23.6,7.0,,nar,2026-09-03,43.4,46.1,48.1,10.3,44.0,54.1,48.5,市場オッズ妙味
202644090310,2026-09-03,10,アイビーサムライオ,8.0,7.0,笹川翼,56.0,,2.0,1.0,大井,トゥインクルバースデ(B3),1:42.0,0.2,曇,4.0,4.0,大井,ダイヤモンドダスト賞(B2),1:42.0,1.2,晴,1.0,1.0,大井,神明坂賞競走(B3),1:41.1,0.0,晴,1.0,1.0,大井,土器坂賞競走(B3),1:42.6,-0.8,曇,1.0,1.0,大井,ブルー・ムーン賞(C1三),1:42.3,-0.4,曇,2.6,1.0,,nar,2026-09-03,68.38,91.6,47.9,100.0,48.5,53.4,59.5,大井実績 / 履歴少 / 安定感
202650090310,2026-09-03,10,アサメシマエ,6.0,6.0,南部楓馬,54.0,,9.0,9.0,園田,C1,1:33.4,2.9,晴,4.0,6.0,園田,C2一,1:34.0,1.6,晴,8.0,5.0,園田,C2一,1:33.0,2.4,晴,1.0,4.0,園田,西徳久7ハロンC2二,1:32.1,-0.5,晴,11.0,11.0,園田,3歳C1,1:34.2,2.8,曇,75.5,7.0,,nar,2026-09-03,49.13,55.2,52.4,39.5,32.0,53.9,49.6,履歴少
202630090310,2026-09-03,10,アステロイドメア,8.0,7.0,望月洵輝,55.0,,2.0,3.0,門別,タチギボウシ特別(B3),1:43.7,0.0,晴,2.0,3.0,門別,グランシャリオドリー(B4),1:44.4,0.1,曇,3.0,2.0,門別,トケイソウ特別(B4),1:37.6,0.6,曇,2.0,1.0,門別,フウリンソウ特別(B4),1:45.7,0.4,曇,3.0,5.0,門別,アスチルベ特別(B4),1:45.4,0.1,曇,10.6,5.0,,nar,2026-09-03,70.68,89.6,52.9,100.0,53.0,61.3,59.5,門別実績 / 履歴少 / 安定感
202650090310,2026-09-03,10,アルジェンテーラ,4.0,4.0,吉村智洋,55.0,,10.0,4.0,2中京4,3歳未勝利,1:20.6,1.1,曇,11.0,1.0,2京都2,3歳未勝利,2:03.9,1.8,晴,2.0,1.0,5阪神3,2歳新馬,1:49.0,0.1,晴,,,,,,,,,,,,,,,6.6,5.0,,nar,2026-09-03,29.37,42.2,7.9,19.8,29.0,35.2,48.8,履歴少
202630090310,2026-09-03,10,アルバソーレ,11.0,8.0,桑村真明,59.0,,1.0,1.0,門別,グランシャリオドリー(B4),1:44.3,-0.1,曇,1.0,1.0,門別,トケイソウ特別(B4),1:37.0,-0.6,曇,1.0,1.0,門別,大人になった内藤耀悠(C3),1:44.2,-0.5,晴,1.0,1.0,門別,ゲラニウム特別(C4),1:37.5,-0.7,曇,2.0,1.0,門別,3歳以上C4ー2,1:59.3,0.7,曇,2.8,1.0,,nar,2026-09-03,71.54,99.2,49.3,100.0,51.5,53.7,62.5,門別実績 / クラス条件好転 / 履歴少 / 安定感
202630090310,2026-09-03,10,イケメンパリピ,6.0,6.0,金山昇馬,57.0,,6.0,8.0,門別,千軍万馬OP(OP)(一般),2:58.6,5.6,晴,7.0,8.0,門別,ロードカナロア・プレ(B1),1:46.6,3.7,晴,3.0,4.0,門別,フウリンソウ特別(B4),1:46.1,0.8,曇,5.0,10.0,門別,コントレイル・プレミ(B1),1:59.7,1.2,曇,6.0,7.0,門別,アナベル特別(B2),1:52.6,2.1,曇,148.7,11.0,,nar,2026-09-03,55.88,63.9,63.2,34.3,45.5,59.1,49.6,履歴少
202648090310,2026-09-03,10,ウィルラウス,3.0,3.0,落合玄太,54.0,,1.0,2.0,門別,フロイラインカップ〔(重賞),1:51.6,-0.1,曇,2.0,5.0,園田,のじぎく賞(重賞),1:53.3,0.6,晴,1.0,3.0,門別,リーディングジョッキ(B4),1:51.3,-0.4,晴,5.0,5.0,笠松,ラブミーチャン記念(重賞),1:45.4,1.1,晴,4.0,7.0,盛岡,プリンセスC(重賞),1:26.3,1.1,雨,12.7,4.0,,nar,2026-09-03,74.04,90.9,62.3,100.0,62.0,66.7,48.8,履歴少 / 安定感 / 過小評価傾向 / 市場オッズ妙味
202650090310,2026-09-03,10,ウインリフレクト,3.0,3.0,永井孝典,57.0,,3.0,3.0,園田,C2三,1:34.4,0.5,曇,6.0,7.0,園田,兵庫ジョッキーズ楽天(C2),1:34.9,1.4,晴,3.0,1.0,園田,C2三,1:34.3,0.5,晴,5.0,9.0,園田,JRA交流六甲山特別,1:32.0,0.7,晴,7.0,8.0,園田,C2,1:22.0,1.2,晴,80.2,8.0,,nar,2026-09-03,61.7,72.4,53.8,64.7,63.5,56.1,52.9,園田実績 / 履歴少 / 安定感
202630090310,2026-09-03,10,ウフフトルンナ,7.0,6.0,小野楓馬,55.0,,3.0,2.0,門別,タチギボウシ特別(B3),1:44.0,0.3,晴,1.0,3.0,門別,北海道日高乳業ヨーグ(C3),1:43.8,-0.3,曇,3.0,2.0,門別,3歳以上C3ー2C4,1:15.2,1.2,晴,7.0,1.0,門別,3歳以上C3ー2C4,1:16.2,0.5,曇,1.0,1.0,佐賀,KYUSHUDREA(C1),1:30.2,-0.9,曇,16.6,7.0,,nar,2026-09-03,64.09,85.0,43.9,85.4,50.0,58.1,54.0,門別実績 / 安定感 / 市場オッズ妙味
202650090310,2026-09-03,10,エアリアルグレース,9.0,8.0,国分恭介,55.0,,13.0,16.0,2中京3,3歳未勝利,1:58.2,1.8,晴,13.0,14.0,3阪神5,3歳未勝利,1:57.9,3.1,曇,7.0,14.0,3京都10,3歳未勝利,1:56.0,1.6,晴,13.0,13.0,3京都5,3歳未勝利,2:02.4,2.1,晴,14.0,16.0,1中京3,3歳未勝利,2:04.1,2.7,晴,5.8,4.0,,nar,2026-09-03,38.71,13.1,69.3,0.0,42.5,60.4,48.8,前走人気以上 / 履歴少 / 人気以上に走る傾向
202644090310,2026-09-03,10,エルツ,9.0,7.0,和田譲治,56.0,,5.0,6.0,大井,サマーナイト賞競走(B2),1:27.2,1.4,曇,3.0,12.0,大井,東京スポーツ賞競走(B3),1:27.3,0.4,曇,8.0,6.0,大井,小石川賞競走(B1B2),1:43.1,2.0,曇,11.0,6.0,大井,キャンサー賞競走(B2),1:44.1,3.5,曇,6.0,3.0,大井,ウェルカム2026賞(B2B3),1:43.4,1.3,晴,39.0,8.0,,nar,2026-09-03,57.42,59.4,57.8,55.3,62.0,56.3,49.6,履歴少 / 市場オッズ妙味
202630090310,2026-09-03,10,ガイストゼーゲン,4.0,4.0,藤田凌駕,57.0,,1.0,2.0,門別,日高コズミック祭り特(B4),1:14.7,-0.5,曇,1.0,1.0,門別,3歳以上C3ー2C4,1:14.1,-0.3,曇,2.0,1.0,門別,3歳以上C3ー2C4,1:14.4,0.4,晴,2.0,1.0,門別,グランシャリオドリー(C3),1:15.3,0.1,曇,2.0,2.0,門別,グランシャリオドリー(C3),1:14.4,0.0,曇,8.5,4.0,,nar,2026-09-03,71.3,96.4,49.7,100.0,54.5,58.5,56.4,門別実績 / 安定感
202630090310,2026-09-03,10,キタサンモンドー,3.0,3.0,松井伸也,57.0,,5.0,6.0,門別,グランシャリオドリー(B4),1:15.2,0.4,雨,1.0,2.0,門別,3歳以上C3ー2C4,1:14.5,0.0,曇,4.0,3.0,門別,3歳以上C3ー2C4,1:15.6,1.6,晴,1.0,1.0,門別,ライラック特別(C4),1:15.1,-0.1,曇,3.0,2.0,門別,3歳以上C4ー2,1:15.3,0.4,曇,33.3,9.0,,nar,2026-09-03,65.46,83.9,51.8,100.0,33.5,56.3,56.4,門別実績 / 安定感 / 市場オッズ妙味
202655090310,2026-09-03,10,グレイトミッション,10.0,8.0,出水拓人,54.0,,9.0,7.0,佐賀,いて座特選(C2),1:33.7,2.5,晴,3.0,4.0,佐賀,C2ー3組,1:32.6,1.0,曇,2.0,10.0,佐賀,C2ー5組,1:31.7,0.3,雨,11.0,10.0,佐賀,C2ー5組,1:34.0,2.5,晴,10.0,8.0,佐賀,C2ー5組,1:34.5,2.4,曇,19.8,6.0,,nar,2026-09-03,52.79,55.9,56.1,44.7,35.0,64.8,50.5,市場オッズ妙味
202644090310,2026-09-03,10,ココナッツガーデン,2.0,2.0,藤本現暉,56.0,,3.0,3.0,大井,サマーナイト賞競走(B2),1:26.9,1.1,曇,1.0,1.0,大井,木の芽坂賞競走(B3),1:42.5,-0.4,曇,11.0,6.0,大井,桜坂賞競走(B3),2:11.8,2.9,晴,1.0,6.0,大井,狸穴坂賞競走(B3),1:56.3,-0.2,曇,14.0,1.0,大井,芋洗坂賞競走(B3),1:57.9,2.9,晴,6.7,4.0,,nar,2026-09-03,57.96,69.0,38.8,69.9,72.5,49.6,52.9,大井実績 / 履歴少 / 近走上向き / 安定感
202648090310,2026-09-03,10,コパノエミリア,2.0,2.0,渡辺竜也,56.0,,3.0,3.0,園田,兵庫サマークイーン賞(重賞),1:52.3,0.4,晴,1.0,2.0,金沢,お松の方賞(重賞),1:37.5,-0.1,晴,5.0,6.0,園田,兵庫女王盃(JpnIII),2:05.5,1.9,雨,6.0,2.0,名古屋,アメジストOP(A),2:19.3,0.8,晴,5.0,1.0,笠松,東海ゴールドC(重賞),2:48.8,1.0,曇,16.9,6.0,,nar,2026-09-03,63.55,79.7,46.1,85.4,57.5,58.1,48.8,履歴少 / 安定感 / 市場オッズ妙味
202648090310,2026-09-03,10,サノノエスポ,5.0,5.0,塚本征吾,56.0,,2.0,2.0,園田,兵庫サマークイーン賞(重賞),1:51.9,0.0,晴,1.0,3.0,高知,御畳瀬特別,2:00.4,-0.2,曇,1.0,3.0,佐賀,佐賀ヴィーナスC(重賞),1:54.0,-0.1,雨,4.0,5.0,名古屋,若草賞土古記念(重賞),1:34.8,1.1,晴,2.0,3.0,高知,レジーナディンヴェル(重賞),2:09.9,0.1,曇,9.5,3.0,,nar,2026-09-03,71.79,93.2,58.0,100.0,50.0,63.5,48.8,履歴少 / 安定感
202655090310,2026-09-03,10,シノノメ,2.0,2.0,椿聡太,51.0,,4.0,2.0,佐賀,残暑特選(C2),0:56.2,0.7,晴,1.0,2.0,笠松,ももこちゃん四捨五入(C),1:30.8,-0.6,雨,8.0,4.0,笠松,喜寿おめでとう!山本(C),1:47.8,1.4,晴,4.0,2.0,笠松,東ファミリーメモリア(C),1:33.3,1.3,晴,5.0,2.0,笠松,C5組,1:32.7,0.5,雨,8.4,3.0,,nar,2026-09-03,58.23,74.8,37.7,80.2,53.0,52.6,48.8,履歴少 / 安定感
202655090310,2026-09-03,10,ジェンダアネモス,4.0,4.0,後藤武蔵,51.0,,10.0,7.0,佐賀,令和8年熊本地震被災(C2),1:28.0,2.6,晴,3.0,4.0,佐賀,ヘルクレス座特選(C2),0:55.3,0.5,晴,12.0,2.0,佐賀,しし座特選(C2),1:28.1,4.3,曇,4.0,5.0,佐賀,C2ー5組,1:31.9,0.4,晴,10.0,12.0,浦和,さいたまオーガニック(C2),0:49.7,1.9,雨,34.7,8.0,,nar,2026-09-03,41.47,45.8,34.0,39.5,33.5,47.0,51.5,佐賀実績 / 市場オッズ妙味
202655090310,2026-09-03,10,ジーティーノーブル,3.0,3.0,長谷川蓮,54.0,,4.0,4.0,佐賀,SAGAリベンジャー(C2),1:31.8,0.1,晴,2.0,4.0,佐賀,コーラル賞(C1),1:31.5,0.1,晴,3.0,2.0,佐賀,C1ー15組,1:32.3,0.3,曇,5.0,6.0,佐賀,C1ー15組,1:32.5,1.9,晴,6.0,3.0,佐賀,C1ー14組,1:25.7,1.7,曇,10.3,4.0,,nar,2026-09-03,64.96,78.7,51.0,89.7,50.0,59.3,56.2,佐賀実績 / 履歴少 / 安定感
202630090310,2026-09-03,10,スターオブムーラン,5.0,5.0,石川倭,56.0,,1.0,1.0,門別,タチギボウシ特別(B3),1:43.7,0.0,晴,3.0,2.0,門別,グランシャリオドリー(B4),1:44.8,0.5,曇,2.0,3.0,門別,トケイソウ特別(B4),1:37.6,0.6,曇,1.0,1.0,門別,ヤマボウシ特別(C3),1:14.5,-0.6,晴,1.0,1.0,門別,えんどう豆生まれドリ(C4),1:14.3,-1.4,晴,4.2,2.0,,nar,2026-09-03,70.7,94.4,49.6,100.0,54.5,56.1,59.5,門別実績 / 履歴少 / 安定感
202644090310,2026-09-03,10,スタードラマー,4.0,4.0,西優哉,53.0,,12.0,14.0,大井,サマートゥインクル賞(B2B3),1:15.0,2.0,雨,12.0,13.0,大井,デネブ賞競走(B2),1:15.0,2.7,晴,8.0,13.0,大井,オフト後楽園賞競走(B2),1:28.5,1.5,晴,9.0,8.0,大井,スポーツ報知賞競走(B1),1:14.7,2.7,曇,12.0,12.0,大井,レグルス賞競走(B2),1:28.6,1.6,晴,222.7,11.0,,nar,2026-09-03,37.85,21.8,61.9,0.0,39.5,55.5,43.8,履歴少
202648090310,2026-09-03,10,セットクルール,9.0,8.0,加藤聡一,56.0,,1.0,1.0,名古屋,サーフタイド昇竜戦(A),1:28.5,-0.1,晴,1.0,1.0,名古屋,ガントリーハーバー特(A),1:34.3,-0.9,小雨,1.0,2.0,名古屋,ひまわりの日特別(A),1:29.2,0.0,晴,3.0,1.0,名古屋,桧扇特別(A),1:28.9,1.0,小雨,1.0,2.0,名古屋,黄金穹特別(A),1:28.5,-0.2,晴,15.1,5.0,,nar,2026-09-03,72.29,97.7,50.1,100.0,53.0,61.6,59.5,名古屋実績 / 履歴少 / 安定感 / 市場オッズ妙味
202644090310,2026-09-03,10,ソルベット,3.0,3.0,澤田龍哉,54.0,,7.0,3.0,川崎,かなテクカレッジ記念(B1B2),1:36.4,1.1,曇,5.0,2.0,大井,プレアデス賞競走(B2B3),1:42.5,0.4,曇,3.0,3.0,大井,ケンタウルス賞競走(B2),1:41.8,0.5,晴,2.0,2.0,大井,スノードロップ賞競走(B2),1:45.5,0.2,曇,2.0,2.0,大井,円通寺坂賞競走(B3),1:43.0,0.1,曇,11.2,5.0,,nar,2026-09-03,54.16,72.3,36.3,69.6,26.0,55.7,59.5,大井実績 / 履歴少 / 安定感
202644090310,2026-09-03,10,タッチャブル,11.0,8.0,東原悠善,56.0,,9.0,8.0,大井,サマーナイト賞競走(B2),1:29.4,3.6,曇,7.0,12.0,3東京3,日野特別(2勝クラス),2:11.7,1.8,晴,8.0,8.0,2東京6,日吉特別(2勝クラス),2:13.8,2.3,晴,8.0,9.0,1中京1,中京スポーツ杯(2勝クラス),1:55.2,1.1,晴,9.0,8.0,1東京2,4歳以上2勝クラス,2:14.0,0.9,晴,50.6,9.0,,nar,2026-09-03,43.66,42.7,56.9,0.0,44.0,54.2,51.8,クラス条件好転 / 履歴少
202650090310,2026-09-03,10,タントレーベル,1.0,1.0,廣瀬航,55.0,,15.0,10.0,2中京3,3歳未勝利,1:58.2,1.8,晴,4.0,5.0,3阪神1,3歳未勝利,1:56.4,1.8,晴,10.0,7.0,2阪神5,3歳未勝利,1:55.3,2.0,晴,5.0,4.0,2阪神2,3歳未勝利,1:56.0,0.3,晴,9.0,9.0,1京都8,3歳未勝利,1:56.8,0.9,晴,9.4,6.0,,nar,2026-09-03,35.78,38.1,35.9,39.5,2.0,47.3,48.8,履歴少
202655090310,2026-09-03,10,ティアン,11.0,8.0,中山蓮王,54.0,,11.0,11.0,佐賀,残暑特選(C2),0:57.7,2.2,晴,8.0,11.0,佐賀,C2ー4組,1:34.0,1.9,曇,9.0,12.0,佐賀,C2ー3組,1:34.1,2.3,曇,11.0,12.0,佐賀,C2ー3組,1:26.7,3.0,晴,9.0,9.0,佐賀,C2ー3組,1:34.0,4.0,曇,309.4,11.0,,nar,2026-09-03,40.28,30.8,60.4,0.0,39.5,55.5,46.5,前走人気以上
202644090310,2026-09-03,10,テンドウ,5.0,5.0,Ｆ．ゴン,56.0,,4.0,5.0,大井,アメリカンアンバサダ(B2),1:42.0,1.4,晴,6.0,5.0,大井,B2四,1:27.9,1.7,晴,9.0,10.0,大井,ゲンマ賞競走(B2),1:14.3,2.7,曇,15.0,7.0,大井,おおとり賞競走(B2),1:14.9,1.6,晴,3.0,1.0,大井,ミザール賞競走(B2),1:27.5,2.0,曇,23.3,7.0,,nar,2026-09-03,51.16,53.8,42.1,40.7,75.5,50.5,49.6,履歴少 / 近走上向き / 市場オッズ妙味
202630090310,2026-09-03,10,デュアルアップ,10.0,8.0,宮内勇樹,55.0,,7.0,6.0,門別,タチギボウシ特別(B3),1:47.4,3.7,晴,7.0,6.0,門別,グランシャリオドリー(B4),1:46.2,1.9,曇,6.0,6.0,門別,やきとりフェスin室(B4),1:14.7,1.0,曇,10.0,4.0,門別,第54回アポイの火祭(B4),1:16.2,2.2,曇,16.0,15.0,1新潟2,4歳以上1勝クラス,1:23.3,1.5,曇,54.4,10.0,,nar,2026-09-03,40.7,44.7,39.3,0.0,66.5,45.7,43.8,履歴少 / 近走上向き
202655090310,2026-09-03,10,デリングシチー,8.0,7.0,小松丈二,56.0,,3.0,9.0,佐賀,残暑特選(C2),0:56.0,0.5,晴,10.0,9.0,佐賀,C1ー14組,1:33.8,3.0,晴,10.0,7.0,佐賀,C1ー15組,1:33.7,3.1,晴,8.0,10.0,佐賀,C1ー14組,1:26.4,2.4,曇,10.0,10.0,佐賀,KYUSHUDREA(C1),1:26.1,2.2,晴,43.6,9.0,,nar,2026-09-03,54.11,47.4,58.9,30.4,89.0,55.4,46.3,前走人気以上 / 履歴少 / 近走上向き / 市場オッズ妙味
202648090310,2026-09-03,10,ドナギニー,10.0,8.0,張田昂,56.0,,1.0,2.0,名古屋,晩夏特別(A),1:47.3,-0.3,晴,5.0,7.0,名古屋,名港盃(重賞),1:47.9,1.5,小雨,5.0,6.0,川崎,中原OP(OP)(3歳),2:13.0,1.2,曇,8.0,8.0,船橋,皐月盃(OP)(4上),2:26.8,1.9,曇,14.0,13.0,大井,ブリリアントカップ競(重賞),1:56.5,3.9,晴,7.2,2.0,,nar,2026-09-03,67.07,67.2,56.3,75.1,92.0,60.4,62.5,名古屋実績 / クラス条件好転 / 履歴少 / 近走上向き
202650090310,2026-09-03,10,ニシノグラシアス,8.0,8.0,竹村達也,55.0,,11.0,11.0,園田,JRA交流淀川特別,1:33.6,4.0,晴,6.0,7.0,園田,C2二,1:35.1,2.2,晴,9.0,7.0,園田,JRA交流六甲山特別,1:33.2,1.9,晴,11.0,9.0,園田,C2,1:22.7,1.9,晴,5.0,5.0,園田,3歳C1,1:21.9,0.7,晴,268.5,9.0,,nar,2026-09-03,38.31,38.1,46.9,10.3,30.5,49.0,46.3,履歴少
202644090310,2026-09-03,10,パレルモ,7.0,6.0,野畑凌,56.0,,6.0,4.0,大井,B1二,1:42.5,1.1,晴,1.0,5.0,大井,銀嶺賞競走(B1B2),1:44.9,-0.1,晴,6.0,4.0,大井,KRAトロフィー競走(B1B2),1:45.9,1.6,雨,3.0,6.0,浦和,安全・あんしん信州プ(B1B2),1:36.3,0.5,晴,8.0,9.0,大井,ノベンバー賞競走(A2B1),1:42.5,1.6,晴,20.8,6.0,,nar,2026-09-03,55.4,71.8,53.7,39.5,41.0,57.3,47.1,履歴少 / 市場オッズ妙味
202655090310,2026-09-03,10,パーンテソーロ,5.0,5.0,石川慎将,56.0,,2.0,2.0,佐賀,SAGAリベンジャー(C2),1:32.7,1.3,曇,1.0,2.0,佐賀,佐賀ひなたまる賞(3歳),0:54.1,-1.4,晴,3.0,3.0,佐賀,がばいよか!佐賀の酪(3歳),1:26.1,0.4,晴,4.0,3.0,佐賀,3歳ー7組,1:33.4,1.9,晴,1.0,1.0,佐賀,SAGAリベンジャー(3歳),1:24.9,-0.3,晴,1.5,1.0,,nar,2026-09-03,69.0,90.9,50.7,100.0,51.5,51.7,59.5,佐賀実績 / 履歴少 / 安定感
202650090310,2026-09-03,10,フィデリス,5.0,5.0,西村淳也,55.0,,9.0,2.0,2中京3,3歳未勝利,1:57.3,0.9,晴,4.0,1.0,3阪神4,3歳未勝利,1:56.1,0.2,曇,4.0,1.0,3京都10,3歳未勝利,1:55.6,1.2,晴,2.0,4.0,1阪神9,3歳未勝利,1:55.0,0.2,晴,11.0,10.0,1阪神7,3歳未勝利,1:46.9,1.1,晴,2.6,1.0,,nar,2026-09-03,45.16,60.4,27.0,59.3,27.5,46.3,48.8,履歴少
202644090310,2026-09-03,10,プリメイラ,1.0,1.0,岡村健司,54.0,,,,大井,サマーナイト賞競走(B2),,,曇,6.0,5.0,名古屋,グランプリ・プレリュ(A),1:52.4,2.8,曇,9.0,5.0,名古屋,ポートメテオ特別(A),1:29.5,2.6,雨,11.0,8.0,名古屋,若草賞土古記念(重賞),1:36.2,2.5,晴,8.0,8.0,名古屋,名古屋記念(重賞),1:50.7,2.9,晴,165.9,10.0,,nar,2026-09-03,40.2,42.4,35.1,0.0,70.0,45.1,51.8,クラス条件好転 / 履歴少 / 近走上向き
202648090310,2026-09-03,10,プロミシングギャル,4.0,4.0,小笠原羚,56.0,,4.0,2.0,名古屋,日暮特別(A),1:49.8,0.7,晴,3.0,2.0,名古屋,蝉時雨特別(A),1:29.1,0.0,晴,2.0,7.0,名古屋,夕凪特別(A),1:36.1,0.5,曇,2.0,4.0,名古屋,風待月特別(A),1:49.1,0.5,曇,3.0,7.0,名古屋,黄金穹特別(A),1:28.8,0.3,晴,84.3,8.0,,nar,2026-09-03,68.1,84.3,55.9,100.0,41.0,58.7,59.5,名古屋実績 / 履歴少 / 安定感
202648090310,2026-09-03,10,プロミストジーン,8.0,7.0,吉原寛人,56.0,,5.0,1.0,1函館8,大沼S(L),1:44.5,1.1,曇,4.0,4.0,川崎,エンプレス杯キヨフジ(JpnII),2:17.0,0.9,晴,2.0,1.0,園田,兵庫女王盃(JpnIII),2:03.8,0.2,雨,1.0,1.0,2京都1,舞鶴S(3勝クラス),1:52.1,-0.8,晴,5.0,1.0,5東京7,シャングリラS(3勝クラス),1:24.3,0.3,曇,1.3,1.0,,nar,2026-09-03,59.24,79.4,37.2,100.0,38.0,45.3,51.8,クラス条件好転 / 安定感
202648090310,2026-09-03,10,ペップセ,7.0,7.0,山田祥雄,56.0,,3.0,5.0,名古屋,新涼特別(A),1:34.6,0.6,晴,3.0,5.0,名古屋,土用特別(A),1:50.3,0.3,晴,6.0,1.0,名古屋,夕凪特別(A),1:37.3,1.7,曇,8.0,5.0,笠松,撫子争覇(重賞),1:29.5,1.9,雨,7.0,6.0,名古屋,ウラヌス特別(A),1:28.4,1.8,晴,86.5,9.0,,nar,2026-09-03,57.88,70.1,47.0,55.3,68.0,50.2,51.2,名古屋実績 / 履歴少 / 近走上向き
202655090310,2026-09-03,10,マテラブルース,6.0,6.0,山田義貴,54.0,,2.0,3.0,佐賀,残暑特選(C2),0:55.8,0.3,晴,2.0,3.0,佐賀,3歳ー3組,1:25.0,0.6,雨,9.0,9.0,佐賀,3歳ー2組,1:34.2,1.9,晴,7.0,8.0,佐賀,3歳ー3組,1:33.4,2.1,晴,7.0,8.0,佐賀,パッカルくんのおとし(3歳),1:33.5,1.1,晴,5.7,2.0,,nar,2026-09-03,62.28,71.0,55.6,55.3,75.5,60.0,49.6,履歴少 / 近走上向き
202655090310,2026-09-03,10,マロ,9.0,7.0,飛田愛斗,56.0,,7.0,4.0,佐賀,残暑特選(C2),0:56.9,1.4,晴,3.0,2.0,佐賀,SAGAリベンジャー(3歳),0:55.9,0.4,晴,4.0,3.0,佐賀,SAGAリベンジャー(3歳),1:27.3,0.4,曇,9.0,5.0,佐賀,SAGAリベンジャー(3歳),1:29.6,5.9,晴,15.0,6.0,1福島5,3歳未勝利,1:13.0,4.0,晴,19.6,5.0,,nar,2026-09-03,47.24,57.0,29.9,44.7,54.5,50.5,51.2,佐賀実績 / 履歴少 / 市場オッズ妙味
202648090310,2026-09-03,10,ミニマルデザイン,1.0,1.0,村上弘樹,56.0,,1.0,4.0,名古屋,蝉時雨特別(A),1:29.1,0.0,晴,4.0,4.0,名古屋,ひまわりの日特別(A),1:29.8,0.6,晴,6.0,2.0,名古屋,桧扇特別(A),1:29.0,1.1,小雨,1.0,1.0,名古屋,アンタレス特別(B),1:35.8,-0.2,曇,1.0,1.0,名古屋,B7組,1:35.8,-0.5,雨,58.9,7.0,,nar,2026-09-03,66.4,86.1,50.9,80.2,62.0,52.9,56.2,名古屋実績 / 前走人気以上 / 履歴少 / 安定感
202630090310,2026-09-03,10,ムーンレインボー,9.0,7.0,阿部龍,55.0,,1.0,3.0,門別,北海道コーン茶賞(C3),1:38.4,0.0,晴,2.0,4.0,門別,水揚日本一苫小牧産ホ(C3),1:38.2,0.0,曇,5.0,7.0,門別,フロイラインカップ〔(重賞),1:53.1,1.5,曇,11.0,3.0,門別,グランシャリオドリー(C3),2:00.9,3.0,曇,1.0,2.0,門別,3歳以上C4ー2,1:45.8,-0.2,曇,14.8,6.0,,nar,2026-09-03,68.05,80.0,53.1,85.4,72.5,60.8,54.5,門別実績 / 近走上向き / 安定感 / 市場オッズ妙味
202644090310,2026-09-03,10,メイショウタビズキ,6.0,6.0,藤田凌,56.0,,1.0,3.0,大井,トゥインクルバースデ(B3),1:41.8,-0.2,曇,2.0,3.0,大井,三宅坂賞競走(B3),1:54.9,1.0,晴,3.0,3.0,大井,淡路坂賞競走(B3),1:41.6,0.6,曇,3.0,5.0,大井,BSイレブン賞競走(B3),1:41.6,1.2,晴,10.0,3.0,大井,丸の内坂賞競走(B3),1:29.1,1.9,雨,4.0,2.0,,nar,2026-09-03,69.08,85.1,53.0,89.7,71.0,54.6,56.2,大井実績 / 履歴少 / 近走上向き / 安定感
202630090310,2026-09-03,10,メイショウハリソン,2.0,2.0,服部茂史,58.0,,,,門別,ハマナス特別(B4),,,雨,1.0,1.0,門別,アスチルベ特別(B4),1:45.3,-0.1,曇,1.0,2.0,門別,グランシャリオドリー(C3),1:57.9,-0.2,曇,,,門別,ステラヴェローチェ賞(C3),,,曇,1.0,2.0,門別,3歳以上C4ー2,1:53.0,-0.5,曇,4.7,3.0,,nar,2026-09-03,67.69,100.0,53.8,55.0,50.0,58.8,59.5,門別実績 / 履歴少
202630090310,2026-09-03,10,ヤマニントゥルシー,1.0,1.0,小川悠汰,54.0,,4.0,4.0,門別,グランシャリオドリー(B4),1:45.0,0.7,曇,1.0,2.0,門別,水揚日本一苫小牧産ホ(C3),1:38.2,0.0,曇,3.0,4.0,門別,大人になった内藤耀悠(C3),1:45.1,0.9,晴,7.0,4.0,門別,日高町商工会賞(C3),1:53.4,1.8,曇,4.0,4.0,門別,rapora賞(C3),1:15.7,2.3,雨,21.9,8.0,,nar,2026-09-03,63.74,80.1,50.1,85.4,48.5,55.6,54.5,門別実績 / 安定感 / 市場オッズ妙味
202648090310,2026-09-03,10,ユズノキ,6.0,6.0,筒井勇介,56.0,,3.0,6.0,名古屋,日暮特別(A),1:49.6,0.5,晴,2.0,3.0,名古屋,蝉時雨特別(A),1:29.1,0.0,晴,7.0,4.0,名古屋,桧扇特別(A),1:29.6,1.7,小雨,3.0,5.0,名古屋,麦秋特別(A),1:28.7,0.6,晴,7.0,9.0,名古屋,名古屋CCネプチュー(A),1:35.3,2.2,晴,88.2,10.0,,nar,2026-09-03,64.06,76.4,57.5,69.9,60.5,56.8,52.9,名古屋実績 / 前走人気以上 / 履歴少 / 安定感
202650090310,2026-09-03,10,リードアクター,7.0,7.0,森田誠也,54.0,,13.0,9.0,3阪神5,3歳未勝利,1:56.8,3.0,小雨,2.0,1.0,笠松,美江寺宿特別(3歳),1:30.0,0.3,曇,12.0,11.0,1中京4,3歳未勝利,2:02.1,1.8,晴,9.0,7.0,2京都5,3歳未勝利,2:05.3,2.4,晴,6.0,5.0,2京都2,3歳未勝利,2:03.5,2.2,晴,5.3,3.0,,nar,2026-09-03,35.64,38.0,35.6,24.9,15.5,46.0,51.8,クラス条件好転 / 履歴少
202644090310,2026-09-03,10,レベリオス,10.0,8.0,安藤洋一,56.0,,1.0,3.0,大井,アメリカンアンバサダ(B2),1:40.6,-0.7,晴,5.0,8.0,大井,風待月賞競走(B2),2:07.8,1.3,晴,2.0,6.0,大井,夏木立賞競走(B2),1:54.1,0.1,曇,5.0,5.0,大井,ジン・トニック賞(B2),1:27.5,0.9,雨,6.0,7.0,大井,スピカ賞競走(B2),1:14.2,0.9,晴,4.4,3.0,,nar,2026-09-03,72.33,81.6,65.7,89.7,71.0,62.8,56.2,大井実績 / 履歴少 / 人気以上に走る傾向 / 近走上向き
202650090310,2026-09-03,10,ヴィシュヴァナート,2.0,2.0,中井裕二,57.0,,13.0,11.0,3京都1,3歳未勝利,1:27.6,2.9,晴,3.0,2.0,園田,JRA交流諭鶴羽山特,2:08.1,1.9,雨,14.0,14.0,5阪神7,2歳未勝利,1:35.6,1.8,晴,15.0,15.0,5中京1,2歳未勝利,1:10.4,1.1,晴,14.0,12.0,4中京4,2歳新馬,1:37.4,3.2,晴,4.7,2.0,,nar,2026-09-03,35.99,22.2,42.6,24.9,41.0,48.5,48.8,履歴少
202644090311,2026-09-03,11,アルゴナヴィス,2.0,2.0,笹川翼,57.0,,4.0,2.0,船橋,海ほたる特別(A2B1),1:42.3,1.4,曇,5.0,9.0,2東京12,ARF杯薫風S(3勝クラス),1:36.9,1.6,晴,14.0,9.0,1中京6,伊勢S(3勝クラス),2:03.0,4.4,晴,10.0,10.0,1東京1,白嶺S(3勝クラス),1:37.6,1.2,晴,11.0,3.0,5中京5,尾頭橋S(3勝クラス),1:54.0,1.5,小雨,3.5,2.0,,nar,2026-09-03,51.12,46.2,40.0,55.3,86.0,46.0,51.8,クラス条件好転 / 履歴少 / 近走上向き
202655090311,2026-09-03,11,インユアパレス,6.0,6.0,川田将雅,58.5,,4.0,5.0,2中京2,東海S(GIII),1:23.5,0.7,晴,3.0,3.0,3京都8,栗東S(L),1:22.4,0.2,晴,3.0,4.0,高知,黒船賞[指定交流](JpnIII),1:28.8,0.2,晴,9.0,1.0,1東京2,根岸S(GIII),1:24.0,0.7,晴,1.0,1.0,4東京9,神無月S(OP),1:22.1,-0.1,小雨,3.5,2.0,,nar,2026-09-03,60.55,76.2,45.3,85.4,50.0,51.4,48.8,履歴少 / 安定感
202650090311,2026-09-03,11,エイシンエラン,10.0,7.0,川原正一,57.0,,4.0,8.0,園田,C1一,1:32.1,0.7,雨,5.0,3.0,園田,ベゴニア賞C1,1:32.0,1.0,晴,2.0,7.0,園田,C1,1:31.4,0.6,晴,6.0,3.0,園田,3月22日はばんえい(B2),1:32.1,0.7,雨,7.0,9.0,姫路,青馬ひすみ☆配信記念(B2),1:41.5,1.0,曇,13.0,5.0,,nar,2026-09-03,65.07,72.4,60.3,75.1,56.0,64.8,55.3,園田実績 / 前走人気以上 / 履歴少 / 安定感
202650090311,2026-09-03,11,エズヴィラージュ,3.0,3.0,山本咲希,56.0,,1.0,1.0,園田,C1二,1:31.6,-0.1,曇,4.0,4.0,園田,C1,1:30.7,1.5,晴,3.0,2.0,園田,C1二,1:32.0,0.2,晴,1.0,2.0,園田,C2一,1:30.7,-0.2,晴,4.0,1.0,園田,C2一,1:32.2,0.3,曇,4.9,3.0,,nar,2026-09-03,69.2,88.4,47.5,100.0,62.0,54.8,59.5,園田実績 / 履歴少 / 安定感
202648090311,2026-09-03,11,エピックナイト,2.0,2.0,大畑慧悟,57.0,,8.0,9.0,名古屋,日暮特別(A),1:50.0,0.9,晴,1.0,8.0,名古屋,夏の大三角特別(B),1:36.1,0.0,小雨,4.0,7.0,名古屋,へびつかい座特別(B),1:51.9,1.1,曇,6.0,5.0,名古屋,風待月特別(A),1:51.5,2.9,曇,4.0,5.0,名古屋,嘉祥特別(A),1:36.1,1.1,曇,34.5,9.0,,nar,2026-09-03,59.66,69.9,68.2,55.0,24.5,63.4,52.9,名古屋実績 / 履歴少 / 人気以上に走る傾向 / 市場オッズ妙味
202650090311,2026-09-03,11,ガルバナム,1.0,1.0,廣瀬航,57.0,,3.0,2.0,園田,C1三,1:32.4,1.5,曇,3.0,7.0,園田,C1,1:30.5,1.1,晴,6.0,6.0,園田,C1二,1:33.3,1.5,晴,3.0,3.0,園田,C2一,1:31.5,0.8,晴,1.0,5.0,園田,C2一,1:31.9,-0.1,曇,16.8,7.0,,nar,2026-09-03,67.26,80.9,57.7,80.2,51.5,66.6,56.2,園田実績 / 履歴少 / 安定感 / 過小評価傾向
202648090311,2026-09-03,11,クルベリ,1.0,1.0,丸野勝虎,57.0,,2.0,3.0,名古屋,立秋特別(A),1:35.5,0.6,晴,3.0,3.0,名古屋,夏の大三角特別(B),1:36.2,0.1,小雨,1.0,2.0,名古屋,サビク賞(B),1:29.4,-0.3,晴,5.0,6.0,名古屋,半夏生特別(A),1:35.8,0.9,小雨,4.0,4.0,名古屋,アンタレス特別(B),1:36.3,0.5,曇,6.8,4.0,,nar,2026-09-03,70.55,86.4,54.5,100.0,57.5,60.1,59.5,名古屋実績 / 履歴少 / 安定感
202648090311,2026-09-03,11,クールムーア,8.0,6.0,加藤利征,57.0,,11.0,11.0,名古屋,ベイサイドナイト特別(A),1:55.4,6.0,晴,9.0,9.0,園田,オッズパーク杯A1,1:35.8,6.2,晴,12.0,10.0,園田,夜さ恋サマースプリン,1:21.7,3.0,曇,5.0,3.0,園田,サンケイスポーツZB(A1A2),1:19.9,0.9,晴,14.0,12.0,3阪神4,リボン賞(3勝クラス),1:12.3,1.9,晴,228.8,12.0,,nar,2026-09-03,36.64,27.3,43.7,14.6,44.0,47.0,48.8,履歴少
202650090311,2026-09-03,11,グリッタードール,11.0,8.0,土方颯太,55.0,,4.0,3.0,園田,C1三,1:33.3,2.4,曇,1.0,4.0,園田,C2一,1:20.5,0.0,晴,3.0,3.0,園田,3歳B,1:21.6,0.2,雨,5.0,2.0,園田,3歳B,1:33.7,1.0,晴,1.0,1.0,園田,3歳C1二,1:22.0,-0.5,曇,20.1,8.0,,nar,2026-09-03,66.43,84.9,50.0,100.0,41.0,55.6,59.5,園田実績 / 履歴少 / 安定感 / 市場オッズ妙味
202644090311,2026-09-03,11,ケンアトラス,8.0,8.0,藤本現暉,57.0,,2.0,2.0,浦和,山の日特別(A2B1),1:34.1,0.0,曇,2.0,3.0,浦和,文月特別(A2B1),1:35.0,0.3,晴,6.0,6.0,大井,ブラッドストーン賞競(A2B1),1:42.0,2.3,晴,3.0,5.0,浦和,梅花賞(OP)(4上),1:27.2,0.5,曇,2.0,4.0,大井,ジュエリーアイス賞競(A2B1),1:41.9,0.0,晴,8.9,4.0,,nar,2026-09-03,67.33,84.5,55.2,80.2,57.5,62.6,51.2,大井実績 / 履歴少 / 安定感
202650090311,2026-09-03,11,コスモカピタン,12.0,8.0,下原理,57.0,,2.0,4.0,園田,C1三,1:32.0,1.1,曇,1.0,4.0,園田,C2一,1:31.4,0.0,晴,6.0,6.0,園田,乃井野7ハロンC2一,1:32.7,2.4,晴,1.0,2.0,園田,神影7ハロンC2二,1:32.4,-0.5,晴,5.0,3.0,園田,C2二,1:33.8,0.7,曇,9.5,4.0,,nar,2026-09-03,69.21,86.4,59.1,80.2,57.5,62.2,56.2,園田実績 / 履歴少 / 安定感
202655090311,2026-09-03,11,サヨノグローリー,1.0,1.0,山田義貴,52.0,,5.0,7.0,佐賀,九州チャンピオンシッ(重賞),1:55.9,0.8,晴,,,佐賀,小岱山賞,,,曇,8.0,11.0,浦和,プラチナC(重賞),1:28.1,1.3,曇,6.0,9.0,浦和,’26武蔵国OP(OP)(4上),2:09.1,1.8,雨,9.0,8.0,川崎,幸OP(OP)(A14歳),1:35.1,2.4,晴,133.9,7.0,,nar,2026-09-03,55.64,55.7,64.3,30.4,66.0,58.3,48.8,履歴少 / 近走上向き
202630090311,2026-09-03,11,シロカーク,1.0,1.0,坂下秀樹,57.0,,12.0,9.0,門別,YJSトライアルラウ(B4),1:55.7,4.7,晴,7.0,5.0,門別,キリンソウ特別(B4),1:53.6,2.0,曇,2.0,7.0,門別,ハマナス特別(B4),1:58.9,0.3,雨,10.0,11.0,門別,アスチルベ特別(B4),1:48.6,3.3,曇,8.0,7.0,門別,グランシャリオドリー(B4),1:53.0,2.3,晴,147.7,11.0,,nar,2026-09-03,40.26,43.4,47.3,19.8,18.5,51.6,49.3,クラス条件好転 / 履歴少
202650090311,2026-09-03,11,ジャクソンルーツ,5.0,5.0,小牧太,57.0,,1.0,1.0,園田,C2一,1:31.9,-0.3,晴,2.0,1.0,園田,有村藍里☆来場記念C(C1),1:32.2,0.1,雨,2.0,2.0,姫路,C1二,1:33.6,0.5,晴,7.0,2.0,姫路,カルミア賞C1,1:33.9,0.8,晴,1.0,1.0,姫路,C2一,1:34.6,-0.3,曇,3.6,2.0,,nar,2026-09-03,65.94,89.4,43.1,85.4,62.0,51.6,56.4,園田実績 / 安定感
202648090311,2026-09-03,11,ジャスパーノワール,5.0,5.0,細川智史,57.0,,4.0,5.0,名古屋,サーフタイド昇竜戦(A),1:30.0,1.5,晴,9.0,8.0,名古屋,ガントリーハーバー特(A),1:37.3,3.0,小雨,3.0,8.0,名古屋,文月疾風特別(A),0:55.7,1.7,晴,9.0,9.0,名古屋,小暑前特別(A),1:37.2,4.2,曇,12.0,4.0,名古屋,七変化雨彩特別(A),1:52.9,4.4,晴,28.3,8.0,,nar,2026-09-03,55.54,55.2,51.5,50.2,75.5,54.3,50.5,前走人気以上 / 近走上向き / 市場オッズ妙味
202655090311,2026-09-03,11,ストレングス,9.0,8.0,小崎綾也,57.0,,1.0,6.0,2福島4,ジュライS(OP),1:43.8,-0.2,曇,10.0,6.0,2東京9,欅S(OP),1:24.3,2.3,曇,13.0,4.0,1阪神7,コーラルS(L),1:24.2,1.8,晴,1.0,5.0,1東京5,銀蹄S(3勝クラス),1:23.4,-0.4,晴,6.0,2.0,5東京7,シャングリラS(3勝クラス),1:24.4,0.4,曇,7.1,4.0,,nar,2026-09-03,55.2,59.0,42.4,45.0,89.0,53.1,50.0,前走人気以上 / 近走上向き
202650090311,2026-09-03,11,スナークサンダー,8.0,6.0,大山真吾,57.0,,7.0,4.0,園田,B2,1:34.7,1.9,曇,9.0,3.0,園田,B2,1:33.1,1.1,曇,5.0,2.0,園田,3月22日はばんえい(B2),1:32.0,0.6,雨,2.0,1.0,姫路,ストロベリーキャンド(C1),1:33.8,0.3,曇,2.0,1.0,姫路,アネモネ賞C1一,1:33.9,0.1,曇,32.2,9.0,,nar,2026-09-03,44.68,61.1,27.3,44.7,35.0,47.2,48.5,履歴少 / 市場オッズ妙味
202650090311,2026-09-03,11,スナークドリアン,7.0,6.0,杉浦健太,57.0,,7.0,5.0,園田,C1二,1:33.3,1.7,曇,9.0,7.0,園田,C1一,1:33.1,2.7,晴,4.0,6.0,園田,C1,1:31.3,1.5,雨,9.0,8.0,園田,C1一,1:33.4,1.5,曇,10.0,9.0,園田,C1,1:33.2,2.1,晴,47.3,10.0,,nar,2026-09-03,44.78,47.9,43.3,19.8,56.0,50.2,48.5,市場オッズ妙味
202644090311,2026-09-03,11,スマートサニー,5.0,5.0,本田正重,57.0,,3.0,3.0,大井,オーガスト賞競走(A2B1),1:41.2,0.3,曇,14.0,5.0,2東京9,欅S(OP),1:25.8,3.8,曇,5.0,6.0,2阪神3,ポラリスS(OP),1:22.6,0.4,雨,8.0,8.0,1京都3,すばるS(L),1:24.6,1.0,晴,6.0,9.0,5阪神8,ギャラクシーS(OP),1:23.8,0.4,晴,3.3,1.0,,nar,2026-09-03,51.76,51.6,37.9,50.2,81.5,51.8,51.8,クラス条件好転 / 履歴少 / 近走上向き
202630090311,2026-09-03,11,セブンスウェイ,4.0,4.0,小野楓馬,58.0,,5.0,4.0,門別,オオウバユリ特別(B3),1:58.9,1.2,晴,1.0,4.0,門別,キリンソウ特別(B4),1:51.6,-0.3,曇,3.0,2.0,船橋,馬い!卵はサンサンエ(C1),1:38.9,0.7,曇,12.0,2.0,船橋,ジョッキーズチャンピ(C1),2:31.6,2.8,小雨,2.0,1.0,船橋,みどりの日特別(C2),1:45.5,0.6,曇,14.9,5.0,,nar,2026-09-03,59.89,73.4,40.8,85.4,47.0,55.0,59.5,門別実績 / 履歴少 / 安定感 / 市場オッズ妙味
202650090311,2026-09-03,11,ソングライター,6.0,5.0,吉村智洋,57.0,,1.0,1.0,園田,C2一,1:31.9,-0.3,曇,2.0,1.0,園田,C2一,1:31.1,0.5,晴,2.0,2.0,園田,福甸7ハロンC2一,1:31.4,1.0,曇,8.0,5.0,園田,C1,1:32.1,2.1,雨,5.0,6.0,園田,クリスマスローズ賞C(C1),1:31.3,1.7,晴,2.9,1.0,,nar,2026-09-03,66.37,84.9,45.9,85.4,69.5,52.6,56.2,園田実績 / 履歴少 / 近走上向き / 安定感
202630090311,2026-09-03,11,タイセイルーマー,5.0,5.0,松井伸也,55.0,,5.0,4.0,門別,タチギボウシ特別(B3),1:46.1,2.4,晴,3.0,6.0,門別,YJSトライアルラウ(B4),1:51.6,0.6,晴,7.0,7.0,門別,グランシャリオドリー(B4),1:02.7,1.0,晴,6.0,6.0,門別,比布駅改築10周年記(B4),1:02.7,0.8,曇,5.0,4.0,門別,グランシャリオドリー(B4),1:15.8,0.8,晴,59.6,10.0,,nar,2026-09-03,58.44,67.7,52.4,65.7,51.5,54.1,52.9,門別実績 / 履歴少 / 安定感
202644090311,2026-09-03,11,ティルドーン,3.0,3.0,西啓太,55.0,,4.0,5.0,船橋,20時50分にビッグ(B1),1:50.2,1.2,曇,2.0,4.0,川崎,桜吹雪特別(B1B2),1:43.5,0.3,雨,13.0,6.0,船橋,好機到来特別(A2B1),1:52.6,3.5,晴,15.0,6.0,2福島5,3歳以上2勝クラス,1:51.1,5.0,曇,11.0,10.0,2中山5,阿見特別(2勝クラス),2:37.7,3.6,曇,20.7,8.0,,nar,2026-09-03,50.9,48.9,36.0,55.3,87.5,44.7,51.8,クラス条件好転 / 履歴少 / 近走上向き / 市場オッズ妙味
202655090311,2026-09-03,11,テイエムフォンテ,8.0,8.0,中山蓮王,52.0,,4.0,5.0,佐賀,遠賀川賞(A1),1:31.1,1.7,晴,5.0,7.0,佐賀,吉野ヶ里記念(重賞),1:30.0,2.4,曇,5.0,6.0,佐賀,ペンステモン賞,1:29.8,1.8,晴,6.0,4.0,佐賀,ブルーベル賞,1:23.8,1.2,曇,7.0,9.0,佐賀,九千部山賞,1:55.4,0.9,晴,999.9,9.0,,nar,2026-09-03,62.18,67.6,56.4,75.1,60.5,56.1,55.9,佐賀実績 / クラス条件好転 / 履歴少 / 安定感
202644090311,2026-09-03,11,トノパー,4.0,4.0,野畑凌,57.0,,3.0,3.0,川崎,神奈川・横浜DC記念(A2B1),1:35.8,0.5,曇,8.0,3.0,浦和,青葉特別(A2),1:28.8,1.6,曇,4.0,3.0,浦和,弥生特別(A2),1:36.5,0.4,曇,1.0,2.0,浦和,新春賞(A2),1:28.3,0.0,晴,11.0,3.0,浦和,クリスマスイヴ特別(A2),1:36.4,2.0,曇,19.1,7.0,,nar,2026-09-03,55.85,68.2,35.1,64.7,68.0,53.8,48.8,履歴少 / 近走上向き / 安定感 / 市場オッズ妙味
202648090311,2026-09-03,11,トーマステソーロ,10.0,7.0,渡辺竜也,57.0,,6.0,5.0,名古屋,晩夏特別(A),1:48.8,1.5,晴,4.0,4.0,名古屋,ベイサイドナイト特別(A),1:50.0,0.6,晴,1.0,2.0,名古屋,宵波特別(A),1:51.1,-0.3,曇,3.0,3.0,名古屋,風待月特別(A),1:49.3,0.7,曇,2.0,2.0,名古屋,アンタレス特別(B),1:36.0,0.2,曇,6.9,5.0,,nar,2026-09-03,59.46,78.7,49.3,69.6,29.0,58.2,56.2,名古屋実績 / 履歴少 / 安定感
202655090311,2026-09-03,11,ハッピーマン,4.0,4.0,坂井瑠星,58.5,,8.0,10.0,2中京2,東海S(GIII),1:24.4,1.6,晴,7.0,4.0,3京都8,栗東S(L),1:23.6,1.4,晴,9.0,5.0,大井,東京スプリント競走(JpnIII),1:12.2,1.5,雨,16.0,14.0,1東京8,フェブラリーS(GI),1:39.1,3.7,晴,1.0,3.0,園田,兵庫ゴールドトロフィ(JpnIII),1:27.7,-0.1,雨,9.1,5.0,,nar,2026-09-03,41.99,43.8,42.9,10.3,51.5,51.0,48.8,履歴少
202648090311,2026-09-03,11,バレアリックシー,3.0,3.0,筒井勇介,57.0,,2.0,6.0,名古屋,新涼特別(A),1:34.3,0.3,晴,5.0,5.0,名古屋,ベイサイドナイト特別(A),1:50.1,0.7,晴,3.0,5.0,名古屋,宵波特別(A),1:51.6,0.5,曇,2.0,7.0,名古屋,桧扇特別(A),1:28.8,0.9,小雨,4.0,9.0,名古屋,麦秋特別(A),1:28.8,0.7,晴,6.6,3.0,,nar,2026-09-03,74.59,82.8,70.0,100.0,59.0,68.4,59.5,名古屋実績 / 前走人気以上 / 履歴少 / 人気以上に走る傾向
202648090311,2026-09-03,11,ビアリッツ,6.0,5.0,村上弘樹,55.0,,3.0,5.0,名古屋,はくちょう座特別(B),1:50.2,1.1,晴,1.0,4.0,名古屋,アレキサンドリア特別(3歳),1:30.4,-0.2,晴,5.0,8.0,名古屋,けやき杯(OP)(3歳),1:51.4,1.7,晴,1.0,3.0,名古屋,若星特別(3歳),1:35.1,0.0,曇,3.0,5.0,名古屋,瑞駆特別(3歳),1:50.8,1.8,晴,4.2,2.0,,nar,2026-09-03,72.75,87.2,67.1,100.0,47.0,63.9,56.4,名古屋実績 / 前走人気以上 / 人気以上に走る傾向 / 安定感
202630090311,2026-09-03,11,ビービーエリス,11.0,8.0,桑村真明,58.0,,1.0,2.0,門別,オオウバユリ特別(B3),1:57.7,-0.1,晴,1.0,2.0,門別,グランシャリオドリー(C3),1:58.2,-0.2,曇,2.0,2.0,門別,グランシャリオドリー(C3),1:50.7,0.0,晴,1.0,2.0,門別,グランシャリオドリー(C4),1:58.3,-0.1,曇,1.0,2.0,門別,3歳以上C4ー3,1:52.2,-0.6,曇,2.9,1.0,,nar,2026-09-03,72.73,98.4,55.6,100.0,51.5,57.1,56.4,門別実績 / 安定感
202630090311,2026-09-03,11,ピエナクレスコ,3.0,3.0,金山昇馬,57.0,,3.0,1.0,門別,優駿の里安平町あびら(B4),1:14.8,0.6,曇,3.0,2.0,門別,やきとりフェスin室(B4),1:14.1,0.4,曇,2.0,5.0,門別,グランシャリオドリー(B4),1:15.1,0.0,曇,8.0,2.0,門別,アスチルベ特別(B4),1:46.3,1.0,曇,1.0,1.0,佐賀,C1ー12組,1:23.5,-1.1,晴,21.4,8.0,,nar,2026-09-03,62.36,81.4,42.0,85.4,53.0,52.4,55.3,門別実績 / 履歴少 / 安定感 / 市場オッズ妙味
202644090311,2026-09-03,11,ピックアップライン,9.0,8.0,Ｆ．ゴン,57.0,,10.0,9.0,2福島3,TUF杯(3勝クラス),1:09.2,2.1,晴,14.0,11.0,2東京1,鎌倉S(3勝クラス),1:26.1,2.4,晴,5.0,12.0,2中山1,春風S(3勝クラス),1:10.7,0.7,晴,10.0,8.0,5阪神6,御影S(3勝クラス),1:23.5,1.0,雨,1.0,7.0,4東京1,3歳以上2勝クラス,1:24.8,-0.1,曇,10.6,6.0,,nar,2026-09-03,44.11,36.4,54.6,30.1,35.0,57.2,50.0,総合評価
202630090311,2026-09-03,11,ファーマシャイン,6.0,5.0,石川倭,55.0,,3.0,5.0,門別,オオウバユリ特別(B3),1:58.3,0.6,晴,8.0,5.0,門別,YJSトライアルラウ(B4),1:52.9,1.9,晴,6.0,3.0,門別,キリンソウ特別(B4),1:52.5,0.9,曇,5.0,2.0,門別,ハマナス特別(B4),2:00.4,1.8,雨,9.0,9.0,1新潟5,4歳以上1勝クラス,1:55.9,2.2,晴,20.1,7.0,,nar,2026-09-03,54.04,62.0,41.8,45.0,74.0,51.8,51.2,門別実績 / 履歴少 / 近走上向き / 市場オッズ妙味
202644090311,2026-09-03,11,フジマサテイオー,1.0,1.0,和田譲治,57.0,,6.0,8.0,大井,オーガスト賞競走(A2B1),1:42.0,1.1,曇,12.0,3.0,大井,ムーンストーン賞競走(A2),1:56.3,2.9,晴,1.0,2.0,大井,サンケイスポーツ賞競(B1B2),2:08.6,-0.7,曇,10.0,1.0,大井,プリマヴェーラ賞競走(B1),1:57.1,2.9,曇,1.0,1.0,大井,KRAトロフィー競走(B1B2),1:44.3,-0.2,雨,10.2,5.0,,nar,2026-09-03,44.13,55.4,30.7,30.1,50.0,47.7,49.6,履歴少
202650090311,2026-09-03,11,ブルーデイジー,4.0,4.0,佐々木世,53.0,,10.0,7.0,園田,C1一,1:35.7,4.3,雨,12.0,10.0,園田,C1,0:52.5,2.8,曇,8.0,8.0,園田,C1一,1:32.4,2.0,晴,9.0,8.0,園田,B2二,1:34.5,3.6,雨,7.0,8.0,園田,青馬ひすみ☆配信記念(B2),1:33.4,3.6,晴,414.0,11.0,,nar,2026-09-03,34.8,30.8,39.8,0.0,44.0,47.7,46.5,総合評価
202630090311,2026-09-03,11,ブレイキンアウェイ,10.0,7.0,阿部龍,57.0,,4.0,1.0,門別,YJSトライアルラウ(B4),1:51.8,0.8,晴,2.0,1.0,門別,キリンソウ特別(B4),1:51.9,0.3,曇,1.0,1.0,門別,道産子企業北海道競馬(C3),1:59.2,-0.2,曇,1.0,5.0,門別,グランシャリオドリー(C4),1:52.1,-0.4,曇,1.0,1.0,門別,3歳条件未勝利,1:15.1,-0.5,曇,8.6,4.0,,nar,2026-09-03,66.98,90.7,46.0,100.0,33.5,59.2,62.5,門別実績 / クラス条件好転 / 履歴少 / 安定感
202644090311,2026-09-03,11,プレミアムハンド,7.0,7.0,佐野遥久,57.0,,9.0,11.0,船橋,濃溝の滝賞(A2B1),2:28.5,4.1,曇,10.0,10.0,大井,サンタアニタトロフィ(A2),1:42.6,2.0,曇,13.0,13.0,川崎,幸OP(OP)(A14歳),1:35.9,3.2,晴,4.0,7.0,船橋,ハートビートC(OP)(3歳),1:57.0,1.6,晴,7.0,7.0,川崎,戸塚記念(重賞),2:22.8,4.4,晴,64.5,9.0,,nar,2026-09-03,43.45,35.2,57.3,14.6,47.0,54.2,48.8,履歴少
202630090311,2026-09-03,11,ベルバロン,9.0,7.0,望月洵輝,57.0,,1.0,1.0,門別,リボンナポリン賞(C3),1:51.0,-0.9,晴,1.0,1.0,門別,リョウブ特別(C4),1:50.1,-0.6,曇,1.0,1.0,門別,3歳以上C4ー3,1:15.2,-1.8,曇,2.0,2.0,門別,3歳以上C4ー3,1:15.1,0.4,曇,2.0,2.0,門別,3歳条件未勝利,1:02.8,0.5,曇,3.1,2.0,,nar,2026-09-03,71.72,98.0,50.0,100.0,53.0,54.8,62.5,門別実績 / クラス条件好転 / 履歴少 / 安定感
202630090311,2026-09-03,11,ホウヨウムーン,7.0,6.0,黒澤愛斗,55.0,,4.0,5.0,門別,タチギボウシ特別(B3),1:44.6,0.9,晴,7.0,4.0,門別,YJSトライアルラウ(B4),1:52.9,1.9,晴,1.0,5.0,川崎,キャビア賞(C2),1:37.5,-0.2,曇,4.0,4.0,川崎,神楽酒造盃くろうま賞(C1C2),1:46.8,0.9,曇,5.0,5.0,川崎,レッドカーペット賞(C2),1:37.9,1.5,晴,15.4,6.0,,nar,2026-09-03,62.41,73.9,52.4,75.1,51.5,62.9,51.2,門別実績 / 履歴少 / 安定感 / 市場オッズ妙味
202648090311,2026-09-03,11,ボル,9.0,7.0,塚本征吾,57.0,,1.0,2.0,名古屋,立秋特別(A),1:34.9,-0.6,晴,8.0,2.0,名古屋,土用特別(A),1:51.8,1.8,晴,2.0,1.0,名古屋,星合特別(B),1:35.8,0.5,小雨,1.0,1.0,名古屋,B4組,1:35.7,-0.9,晴,1.0,5.0,名古屋,B10組,1:36.5,0.0,晴,4.1,1.0,,nar,2026-09-03,63.74,84.5,43.2,75.1,62.0,54.7,56.2,名古屋実績 / 履歴少 / 安定感
202655090311,2026-09-03,11,マテンロウコマンド,2.0,2.0,松山弘平,59.5,,1.0,7.0,2中京2,東海S(GIII),1:22.8,-0.1,晴,1.0,5.0,高知,黒船賞[指定交流](JpnIII),1:28.6,-0.1,晴,3.0,4.0,名古屋,かきつばた記念(JpnIII),1:32.9,0.7,晴,11.0,9.0,1東京2,根岸S(GIII),1:24.2,0.9,晴,2.0,1.0,園田,兵庫ゴールドトロフィ(JpnIII),1:27.8,0.1,雨,4.1,3.0,,nar,2026-09-03,72.36,84.3,68.4,85.4,69.5,61.2,51.8,クラス条件好転 / 前走人気以上 / 履歴少 / 人気以上に走る傾向
202648090311,2026-09-03,11,ミアステラ,4.0,4.0,今井貴大,57.0,,4.0,2.0,名古屋,新涼特別(A),1:35.2,1.2,晴,8.0,5.0,名古屋,エメラルドOP(A),1:49.9,1.4,晴,2.0,2.0,名古屋,グランプリ・プレリュ(A),1:51.2,1.6,曇,1.0,1.0,名古屋,アースデイ特別(A),1:49.4,-0.3,曇,4.0,3.0,名古屋,桜吹雪特別(A),0:55.9,0.7,晴,8.1,6.0,,nar,2026-09-03,58.61,74.7,39.8,75.1,48.5,55.0,56.2,名古屋実績 / 履歴少 / 安定感
202655090311,2026-09-03,11,ミスズグランドオー,5.0,5.0,井上瑛太,54.0,,3.0,1.0,高知,トレノ賞(重賞),1:21.5,0.4,晴,1.0,1.0,高知,Aー2,1:26.1,-2.0,曇,1.0,1.0,高知,春野特別,1:30.4,0.0,晴,2.0,1.0,高知,黒潮スプリンターズカ(重賞),1:22.8,0.1,晴,1.0,1.0,佐賀,ゴールドスプリント(重賞),1:20.7,-1.0,曇,16.4,6.0,,nar,2026-09-03,67.18,94.0,44.7,100.0,39.5,60.0,50.0,安定感 / 市場オッズ妙味
202650090311,2026-09-03,11,ミナックシアター,2.0,2.0,田野豊三,55.0,,4.0,2.0,園田,C1二,1:32.6,1.0,曇,2.0,5.0,園田,C1,1:30.5,1.1,晴,7.0,9.0,園田,C1,1:20.8,0.5,晴,,,園田,C1,,,雨,6.0,9.0,園田,C1一,1:32.9,1.0,曇,13.7,6.0,,nar,2026-09-03,61.88,73.2,56.9,55.3,56.0,66.0,51.2,園田実績 / 履歴少 / 過小評価傾向 / 市場オッズ妙味
202655090311,2026-09-03,11,ミュステーリオン,7.0,7.0,青海大樹,52.0,,7.0,7.0,佐賀,南風月賞,1:33.1,2.7,晴,4.0,4.0,佐賀,佐賀スプリングダッシ,0:54.7,1.8,曇,8.0,5.0,佐賀,サガデーナイト競馬賞(A2),1:30.2,2.7,雨,6.0,6.0,佐賀,発明の日賞,1:29.4,1.4,曇,11.0,11.0,船橋,桜梅桃李賞(B2),1:47.3,2.0,曇,999.9,8.0,,nar,2026-09-03,47.17,54.3,45.9,24.9,51.5,50.7,47.1,履歴少
202644090311,2026-09-03,11,ムットクルフェ,6.0,6.0,吉井章,57.0,,5.0,1.0,大井,オーガスト賞競走(A2B1),1:41.6,0.7,曇,3.0,4.0,大井,ムーンストーン賞競走(A2),1:53.6,0.2,晴,3.0,3.0,大井,ブラッドストーン賞競(A2B1),1:41.0,1.3,晴,4.0,1.0,大井,ブリリアントカップト(A2),1:55.1,1.2,曇,1.0,2.0,大井,ジュエリーアイス賞競(A2B1),1:41.9,0.0,晴,4.2,3.0,,nar,2026-09-03,61.84,79.6,40.9,100.0,36.5,52.9,59.5,大井実績 / 履歴少 / 安定感
202630090311,2026-09-03,11,メビウス,2.0,2.0,小川悠汰,52.0,,6.0,9.0,門別,タチギボウシ特別(B3),1:46.6,2.9,晴,10.0,11.0,門別,YJSトライアルラウ(B4),1:53.8,2.8,晴,9.0,7.0,門別,トケイソウ特別(B4),1:40.5,3.5,曇,10.0,9.0,門別,グランシャリオドリー(B4),1:17.3,2.2,曇,11.0,12.0,名古屋,C15組,1:40.1,4.2,曇,347.2,12.0,,nar,2026-09-03,44.56,38.5,55.1,0.0,74.0,52.2,43.8,前走人気以上 / 履歴少 / 近走上向き
202648090311,2026-09-03,11,メモリードライブ,12.0,8.0,丹羽克輝,57.0,,5.0,4.0,名古屋,新涼特別(A),1:35.3,1.3,晴,3.0,7.0,名古屋,ベイサイドナイト特別(A),1:50.0,0.6,晴,2.0,7.0,名古屋,宵波特別(A),1:51.4,0.3,曇,2.0,5.0,名古屋,あすなろ杯(BC),1:49.6,1.2,雨,6.0,7.0,名古屋,おとめ座大空特別(B),2:13.1,1.3,晴,9.8,7.0,,nar,2026-09-03,68.54,79.4,65.6,89.7,39.5,67.5,56.2,名古屋実績 / 履歴少 / 人気以上に走る傾向 / 安定感
202655090311,2026-09-03,11,ヤマニンチェルキ,3.0,3.0,岩田望来,59.0,,10.0,3.0,浦和,さきたま杯[指定交流(JpnI),1:27.5,2.2,曇,4.0,1.0,大井,東京スプリント競走(JpnIII),1:11.4,0.7,雨,12.0,4.0,キングアブドゥル,リヤドダートスプリン(GII),,,,2.0,2.0,5中山4,カペラS(GIII),1:09.5,0.9,曇,1.0,2.0,大井,東京盃競走(JpnII),1:10.7,-0.4,曇,2.5,1.0,,nar,2026-09-03,38.77,53.6,19.5,49.8,18.5,42.8,48.8,履歴少
202648090311,2026-09-03,11,リュクスドレフォン,7.0,6.0,落合玄太,57.0,,7.0,5.0,名古屋,ひまわりの日特別(A),1:33.3,4.1,晴,9.0,7.0,名古屋,夏越大空特別(A),2:15.3,3.0,曇,6.0,2.0,名古屋,七変化雨彩特別(A),1:50.7,2.2,晴,4.0,2.0,名古屋,小満特別(A),1:51.4,0.5,晴,1.0,2.0,名古屋,牡丹特別(A),1:49.8,-0.1,小雨,40.9,10.0,,nar,2026-09-03,44.1,58.1,35.4,24.9,38.0,48.9,49.6,履歴少 / 市場オッズ妙味
202630090311,2026-09-03,11,ルクスシュナイダー,12.0,8.0,宮内勇樹,57.0,,6.0,8.0,門別,オオウバユリ特別(B3),1:58.9,1.2,晴,5.0,7.0,門別,グランシャリオドリー(B4),1:45.8,1.5,曇,6.0,5.0,門別,トケイソウ特別(B4),1:38.9,1.9,曇,3.0,6.0,門別,ハマナス特別(B4),1:59.6,1.0,雨,4.0,8.0,門別,グランシャリオドリー(B4),1:52.4,1.7,晴,56.0,9.0,,nar,2026-09-03,58.35,67.1,62.3,49.8,41.0,60.0,52.9,門別実績 / 履歴少
202630090311,2026-09-03,11,ロサドラーダ,8.0,6.0,藤田凌駕,54.0,,14.0,2.0,3阪神5,3歳未勝利,1:58.0,3.2,曇,3.0,2.0,1京都3,3歳未勝利,1:35.6,0.4,晴,3.0,2.0,5阪神6,2歳未勝利,1:47.5,0.0,雨,3.0,4.0,4京都2,2歳未勝利,1:35.7,0.3,雨,3.0,7.0,3京都2,2歳新馬,1:49.2,0.4,小雨,4.9,3.0,,nar,2026-09-03,42.79,58.5,25.3,69.6,0.0,50.9,48.8,履歴少 / 安定感
202648090311,2026-09-03,11,ワイルドハンター,11.0,8.0,木之前葵,55.0,,8.0,9.0,名古屋,新涼特別(A),1:36.6,2.6,晴,9.0,10.0,名古屋,ベイサイドナイト特別(A),1:51.6,2.2,晴,5.0,7.0,名古屋,ひまわりの日特別(A),1:30.4,1.2,晴,10.0,6.0,名古屋,夏越大空特別(A),2:15.6,3.3,曇,9.0,7.0,名古屋,麦秋特別(A),1:29.0,0.9,晴,112.6,11.0,,nar,2026-09-03,44.69,43.6,51.1,19.8,51.5,50.3,46.3,履歴少
202650090311,2026-09-03,11,ヴラマンク,9.0,7.0,井上幹太,57.0,,10.0,9.0,園田,C1二,0:53.5,2.8,晴,11.0,12.0,園田,C1,1:35.4,6.2,晴,11.0,12.0,園田,C1,1:34.3,3.0,晴,7.0,7.0,園田,C1二,1:33.8,2.3,晴,10.0,11.0,園田,C1,1:33.7,2.8,曇,548.3,12.0,,nar,2026-09-03,37.74,27.9,51.7,0.0,48.5,52.2,43.8,履歴少
202648090312,2026-09-03,12,アウトリュコス,9.0,7.0,,,,4.0,5.0,名古屋,3歳7組,1:37.2,0.6,晴,6.0,3.0,名古屋,名古屋モーニングフィ(3歳),1:38.6,1.3,晴,1.0,3.0,名古屋,3歳12組,1:38.6,-1.0,曇,16.0,8.0,3阪神5,3歳未勝利,2:01.5,7.7,小雨,,,2阪神4,3歳未勝利,,,晴,,,,nar,2026-09-03,53.43,64.5,40.5,50.2,72.0,40.0,54.0,名古屋実績 / 履歴少 / 近走上向き
202650090312,2026-09-03,12,イーグルチョイス,1.0,1.0,吉村智洋,56.0,,2.0,1.0,園田,アサガオ賞C2二,1:32.8,0.0,晴,2.0,2.0,園田,C2二,1:31.8,0.1,晴,16.0,12.0,3阪神3,3歳未勝利,1:36.0,1.8,晴,17.0,13.0,2阪神3,3歳未勝利,1:23.3,1.7,小雨,12.0,13.0,1京都5,3歳未勝利,1:58.1,3.8,晴,2.3,2.0,,nar,2026-09-03,55.0,52.1,39.0,55.3,100.0,48.3,56.4,園田実績 / 近走上向き
202650090312,2026-09-03,12,ウィスピースノー,7.0,6.0,小谷周平,55.0,,8.0,6.0,園田,立売堀7ハロンC2一,1:33.1,2.1,晴,4.0,6.0,園田,カンナ賞C2一,1:33.4,0.8,晴,5.0,3.0,園田,C2一,1:21.1,0.6,晴,5.0,7.0,園田,乃井野7ハロンC2一,1:31.9,1.6,晴,5.0,4.0,園田,C2一,1:21.4,0.3,雨,116.5,11.0,,nar,2026-09-03,54.05,62.7,47.8,69.6,30.5,52.9,56.2,園田実績 / 履歴少 / 安定感
202630090312,2026-09-03,12,ウィンストラテジー,3.0,3.0,桑村真明,57.0,,3.0,4.0,門別,NORTHERNBR(B3),1:14.1,0.9,曇,3.0,1.0,門別,ドウデュース・プレミ(B3),1:14.2,1.0,曇,2.0,3.0,門別,とままえメロン特別(B3),1:14.8,0.3,曇,1.0,3.0,門別,石狩灯台134歳おめ(C1),1:14.7,-0.1,曇,5.0,5.0,門別,乾杯をもっとおいしく(B3),1:15.0,0.6,晴,4.0,2.0,,nar,2026-09-03,68.42,86.3,52.1,100.0,48.5,57.2,59.5,門別実績 / 履歴少 / 安定感
202648090312,2026-09-03,12,ウインクリンゲル,6.0,5.0,丹羽克輝,57.0,,7.0,8.0,名古屋,3歳4組,1:37.7,2.5,晴,3.0,3.0,名古屋,名古屋から世界へ!馬(3歳),1:38.1,0.9,晴,11.0,10.0,名古屋,けやき杯(OP)(3歳),1:52.9,3.2,晴,3.0,2.0,名古屋,3歳5組,1:36.7,0.4,曇,2.0,5.0,名古屋,3歳7組,1:37.4,0.1,曇,5.8,4.0,,nar,2026-09-03,53.78,62.5,51.9,49.8,36.5,58.8,52.5,名古屋実績
202648090312,2026-09-03,12,ウインモアナ,10.0,7.0,小笠原羚,52.0,,4.0,12.0,名古屋,3歳6組,1:36.9,1.6,晴,9.0,11.0,名古屋,名古屋から世界へ!馬(3歳),1:39.2,2.0,晴,11.0,9.0,名古屋,3歳6組,1:40.4,2.8,晴,7.0,7.0,名古屋,3歳4組,1:37.8,2.9,曇,11.0,7.0,名古屋,若芽賞(3歳),1:32.8,2.3,曇,15.3,8.0,,nar,2026-09-03,54.82,45.7,64.9,30.4,83.0,58.8,46.3,前走人気以上 / 履歴少 / 近走上向き / 市場オッズ妙味
202648090312,2026-09-03,12,ウエスタンオレンジ,12.0,8.0,大畑雅章,55.0,,6.0,4.0,名古屋,3歳6組,1:37.5,2.2,晴,11.0,3.0,名古屋,貴臣生誕50周年記念(3歳),1:34.6,3.3,晴,5.0,3.0,名古屋,ベリー賞(3歳),1:53.0,1.6,雨,1.0,1.0,名古屋,3歳6組,1:40.1,-0.4,晴,13.0,14.0,1阪神3,3歳未勝利,1:50.0,4.3,晴,9.8,5.0,,nar,2026-09-03,44.95,51.7,29.7,34.3,59.0,50.1,51.2,名古屋実績 / 履歴少
202650090312,2026-09-03,12,エイシンディーヴァ,2.0,2.0,竹村達也,56.0,,1.0,2.0,園田,C2四,1:34.6,-0.1,晴,9.0,6.0,金沢,ノトキリシマ賞(重賞),1:44.8,5.2,曇,2.0,2.0,金沢,3歳A 2,1:35.7,0.6,曇,1.0,1.0,笠松,2歳2組,1:32.5,-0.2,晴,1.0,1.0,笠松,こうま座特別(2歳),1:32.6,-0.2,晴,42.6,10.0,,nar,2026-09-03,63.85,82.5,46.9,75.1,63.5,55.0,51.8,クラス条件好転 / 履歴少 / 安定感 / 市場オッズ妙味
202648090312,2026-09-03,12,エバーウインド,5.0,5.0,筒井勇介,55.0,,7.0,7.0,名古屋,3歳6組,1:37.9,2.6,晴,5.0,7.0,名古屋,名古屋から世界へ!馬(3歳),1:38.3,1.1,晴,8.0,3.0,名古屋,3歳5組,1:39.0,2.7,曇,1.0,3.0,名古屋,3歳12組,1:38.2,0.0,曇,12.0,11.0,1新潟7,3歳未勝利,2:00.2,4.2,晴,14.6,7.0,,nar,2026-09-03,51.05,57.3,47.9,39.5,47.0,57.3,51.2,名古屋実績 / 履歴少 / 市場オッズ妙味
202650090312,2026-09-03,12,エリザベスタウン,9.0,7.0,杉浦健太,55.0,,4.0,4.0,園田,C2一,1:33.8,1.2,晴,6.0,8.0,1新潟7,3歳未勝利,1:57.1,1.1,晴,11.0,9.0,2中山2,3歳未勝利,1:58.0,2.8,晴,10.0,11.0,5中山5,2歳新馬,1:58.2,3.0,曇,,,,,,,,26.5,7.0,,nar,2026-09-03,52.76,51.4,51.9,30.4,80.0,55.5,48.8,履歴少 / 近走上向き / 市場オッズ妙味
202655090312,2026-09-03,12,オダイ,5.0,5.0,出水拓人,54.0,,1.0,1.0,佐賀,C2ー21組,1:32.2,-1.0,曇,1.0,2.0,佐賀,SAGAリベンジャー(3歳),1:31.6,-1.1,晴,13.0,12.0,1新潟8,3歳未勝利,1:14.7,2.2,曇,8.0,12.0,2中山1,3歳未勝利,1:58.2,5.6,晴,10.0,16.0,1東京2,3歳未勝利,1:28.1,2.7,晴,1.2,1.0,,nar,2026-09-03,63.77,65.4,58.8,55.3,92.0,57.3,56.4,佐賀実績 / 近走上向き
202644090312,2026-09-03,12,オメガドライヴ,8.0,7.0,本田正重,56.0,,1.0,3.0,大井,ミッドサマー特別競走(C2),1:46.5,-0.3,曇,7.0,5.0,大井,C2三 四五(C2四),1:28.6,0.8,晴,6.0,12.0,大井,海王星特別競走(C1),1:46.3,0.7,曇,13.0,7.0,大井,芒種特別競走(C1),2:48.0,7.9,曇,12.0,2.0,大井,C1五 六七(C1六),1:44.9,2.4,晴,3.6,1.0,,nar,2026-09-03,53.88,57.0,45.7,30.4,100.0,47.6,46.3,履歴少 / 近走上向き
202644090312,2026-09-03,12,カヴァス,3.0,3.0,横川怜央,56.0,,16.0,16.0,大井,C1五 六,1:16.7,3.0,曇,13.0,14.0,大井,C1二 三四(C1三),1:29.7,3.3,曇,10.0,10.0,大井,C1六 七,1:45.2,3.6,晴,14.0,10.0,大井,C1六 七,1:16.4,2.9,晴,3.0,10.0,大井,C1五 六七(C1六),1:28.8,0.3,晴,85.4,10.0,,nar,2026-09-03,31.95,15.2,52.7,10.3,14.0,53.5,46.3,履歴少
202655090312,2026-09-03,12,カーリーエンジェル,2.0,2.0,後藤武蔵,51.0,,11.0,3.0,佐賀,C2ー28組,1:37.2,3.2,晴,9.0,3.0,3中京7,2歳新馬,1:11.6,2.8,晴,,,,,,,,,,,,,,,,,,,,,,17.8,5.0,,nar,2026-09-03,30.58,33.0,18.2,18.0,38.9,37.8,48.8,履歴少 / サンプル少 / 市場オッズ妙味
202648090312,2026-09-03,12,キタカラキタマアヤ,8.0,6.0,大畑慧悟,55.0,,10.0,11.0,名古屋,3歳5組,1:39.3,2.8,晴,11.0,12.0,名古屋,名古屋から世界へ!馬(3歳),1:39.4,2.2,晴,12.0,10.0,名古屋,夏波賞(3歳),1:00.0,3.6,晴,5.0,10.0,名古屋,若芽賞(3歳),1:32.4,1.9,曇,11.0,11.0,名古屋,3歳4組,1:39.8,3.4,小雨,96.3,12.0,,nar,2026-09-03,41.07,27.9,56.2,14.6,48.5,54.2,46.3,履歴少
202644090312,2026-09-03,12,クアッズ,7.0,7.0,石川駿介,56.0,,7.0,6.0,大井,フローズン・ダイキリ(C1三),1:42.3,0.9,曇,10.0,7.0,大井,C1二 三四(C1三),1:28.3,1.9,曇,2.0,3.0,大井,C1三 四五(C1四),1:41.7,0.5,曇,3.0,3.0,大井,ジン・ライム賞(C1四),1:42.0,0.5,曇,1.0,6.0,大井,アフター・ディナー賞(C1),1:42.2,-0.1,晴,4.4,3.0,,nar,2026-09-03,51.78,63.6,47.6,44.7,32.0,57.6,52.9,大井実績 / 履歴少
202630090312,2026-09-03,12,クインズメレンゲ,6.0,6.0,小野楓馬,55.0,,5.0,4.0,門別,サルビア特別(B3),1:15.2,1.8,晴,1.0,1.0,門別,YJSトライアルラウ(B4),1:14.5,-0.3,晴,4.0,4.0,門別,トケイソウ特別(B4),1:37.8,0.8,曇,11.0,10.0,3京都7,4歳以上1勝クラス,1:35.5,2.2,晴,9.0,8.0,1新潟2,4歳以上1勝クラス,1:12.7,1.0,曇,4.2,3.0,,nar,2026-09-03,59.34,67.2,46.1,75.1,57.5,54.2,59.5,門別実績 / 履歴少 / 安定感
202648090312,2026-09-03,12,クツシタオトシタ,2.0,2.0,細川智史,55.0,,5.0,6.0,名古屋,3歳6組,1:37.3,2.0,晴,10.0,9.0,川崎,3歳5,1:34.5,2.1,曇,6.0,8.0,川崎,3歳5,1:35.0,2.9,晴,11.0,2.0,川崎,3歳6,1:35.9,3.5,晴,5.0,7.0,船橋,3歳五,1:17.4,1.5,曇,29.6,9.0,,nar,2026-09-03,49.74,49.4,45.4,40.7,68.0,50.5,48.8,履歴少 / 近走上向き / 市場オッズ妙味
202630090312,2026-09-03,12,クラウンヴィラン,1.0,1.0,石川倭,57.0,,4.0,1.0,門別,一般社団法人東京馬主(B3),1:01.3,0.4,雨,2.0,1.0,門別,スイレン特別(B3),1:00.8,0.1,晴,2.0,1.0,門別,新冠町ふるさと納税特(B3),1:00.6,0.1,曇,1.0,1.0,門別,グランシャリオドリー(B4),1:01.0,-0.2,曇,1.0,1.0,門別,アガパンサス特別(C1),1:14.1,-0.3,晴,3.5,1.0,,nar,2026-09-03,64.41,89.1,40.5,100.0,35.0,52.1,62.5,門別実績 / クラス条件好転 / 履歴少 / 安定感
202644090312,2026-09-03,12,グレック,10.0,8.0,中山遥人,55.0,,13.0,13.0,大井,フローズン・ダイキリ(C1三),1:45.7,4.3,曇,12.0,11.0,大井,C1二 三四(C1三),1:43.9,3.2,曇,8.0,12.0,川崎,新緑特別(B3二),1:37.3,2.1,晴,8.0,9.0,船橋,エメラルドマイル(B3),1:46.2,2.7,曇,2.0,4.0,船橋,ダンデライオン賞(C1),1:46.7,1.8,晴,23.7,8.0,,nar,2026-09-03,37.13,28.8,56.3,10.3,17.0,55.6,45.0,履歴少
202648090312,2026-09-03,12,グレーターグレイ,4.0,4.0,木之前葵,53.0,,5.0,9.0,名古屋,3歳5組,1:38.3,1.8,晴,8.0,10.0,名古屋,名古屋から世界へ!馬(3歳),1:38.6,1.4,晴,10.0,10.0,名古屋,3歳6組,1:40.3,2.7,晴,10.0,6.0,名古屋,若芽賞(3歳),1:32.7,2.2,曇,6.0,8.0,名古屋,3歳3組,1:38.5,1.7,曇,39.0,11.0,,nar,2026-09-03,52.09,47.5,59.4,30.4,71.0,55.4,46.3,前走人気以上 / 履歴少 / 近走上向き / 市場オッズ妙味
202648090312,2026-09-03,12,コスモギオン,3.0,3.0,丸野勝虎,57.0,,6.0,10.0,名古屋,3歳5組,1:38.4,1.9,晴,12.0,9.0,名古屋,名古屋から世界へ!馬(3歳),1:39.7,2.5,晴,7.0,11.0,名古屋,3歳6組,1:40.1,2.5,晴,4.0,12.0,名古屋,3歳5組,1:37.8,1.5,曇,8.0,11.0,名古屋,若芽賞(3歳),1:32.6,2.1,曇,32.6,10.0,,nar,2026-09-03,52.29,47.1,69.1,14.6,60.5,63.2,46.3,前走人気以上 / 履歴少 / 人気以上に走る傾向 / 市場オッズ妙味
202655090312,2026-09-03,12,コスモチャンティ,9.0,7.0,長田進仁,54.0,,6.0,9.0,佐賀,C2ー27組,1:29.7,2.5,晴,11.0,10.0,佐賀,C2ー16組,1:36.3,5.3,晴,12.0,9.0,佐賀,C2ー14組,1:32.0,6.4,曇,9.0,9.0,佐賀,C2ー13組,1:28.7,4.8,晴,5.0,7.0,佐賀,SAGAリベンジャー(C2),1:27.0,1.5,晴,114.3,9.0,,nar,2026-09-03,44.72,37.9,51.9,10.3,69.5,51.6,48.5,前走人気以上 / 近走上向き
202648090312,2026-09-03,12,ゴッドシュアウイン,11.0,8.0,今井貴大,57.0,,11.0,9.0,名古屋,3歳6組,1:39.6,4.3,晴,7.0,4.0,名古屋,名古屋から世界へ!馬(3歳),1:38.6,1.4,晴,1.0,6.0,名古屋,名古屋モーニングフィ(3歳),1:37.9,-0.1,晴,5.0,3.0,名古屋,3歳13組,1:39.3,0.7,曇,15.0,14.0,3京都3,3歳未勝利,1:57.4,4.8,晴,11.0,6.0,,nar,2026-09-03,44.12,48.7,44.7,34.3,26.0,52.6,51.5,名古屋実績 / 前走人気以上
202644090312,2026-09-03,12,ゴンザーゴ,2.0,2.0,安藤洋一,56.0,,5.0,7.0,大井,C1二 三四(C1三),1:28.0,1.5,曇,5.0,12.0,大井,C1二 三四(C1三),1:27.6,1.2,曇,8.0,8.0,大井,淡路坂賞競走(B3),1:43.6,2.6,曇,3.0,4.0,大井,へび座特別競走(C1),1:56.9,1.3,曇,2.0,2.0,大井,C1二 三四(C1三),1:44.2,0.2,雨,7.8,5.0,,nar,2026-09-03,65.28,68.1,67.5,80.2,47.0,65.2,56.2,大井実績 / 履歴少 / 人気以上に走る傾向 / 安定感
202648090312,2026-09-03,12,ゴーゴーマンゴー,7.0,6.0,渡辺竜也,55.0,,4.0,3.0,名古屋,3歳5組,1:38.3,1.8,晴,1.0,1.0,名古屋,アジア・アジアパラ応(3歳),1:38.1,-0.4,晴,3.0,2.0,名古屋,3歳10組,1:36.8,0.8,曇,9.0,13.0,2東京8,3歳未勝利,1:41.0,2.3,晴,11.0,9.0,3中山1,3歳未勝利,1:14.1,2.6,曇,2.3,1.0,,nar,2026-09-03,61.52,71.9,49.1,75.1,62.0,53.5,56.4,名古屋実績 / 安定感
202630090312,2026-09-03,12,サウンドロックス,5.0,5.0,宮内勇樹,57.0,,5.0,3.0,大井,海王星特別競走(C1),1:46.1,0.5,曇,2.0,3.0,大井,クォーター・デック賞(C1),1:42.6,0.9,晴,5.0,8.0,大井,C1五 六七(C1六),1:42.9,0.4,晴,7.0,7.0,大井,トーラス特別競走(C1),1:46.8,0.9,曇,6.0,6.0,大井,C1六 七,1:44.7,1.5,曇,9.9,5.0,,nar,2026-09-03,60.66,70.8,51.6,75.1,50.0,61.1,48.8,履歴少 / 安定感
202650090312,2026-09-03,12,シェナスカイ,3.0,3.0,小牧太,56.0,,3.0,7.0,園田,C2一,1:33.3,1.4,曇,4.0,2.0,園田,C2一,1:33.1,0.9,曇,3.0,4.0,園田,乃井野7ハロンC2一,1:31.7,1.4,晴,2.0,2.0,園田,西脇市日本のへそ特別(BC1),1:55.4,0.4,曇,6.0,6.0,園田,菖蒲賞,1:56.7,1.6,曇,24.2,6.0,,nar,2026-09-03,67.2,80.7,56.4,89.7,54.5,58.2,56.2,園田実績 / 前走人気以上 / 履歴少 / 安定感
202630090312,2026-09-03,12,ジャスパーシャイン,10.0,8.0,阿部龍,57.0,,10.0,7.0,門別,NORTHERNBR(B3),1:16.4,3.2,曇,10.0,9.0,門別,ドウデュース・プレミ(B3),1:16.7,3.5,曇,11.0,7.0,門別,胆振軽種馬農業協同組(B3),1:16.0,2.9,晴,10.0,10.0,門別,乾杯をもっとおいしく(B3),1:16.2,1.8,晴,8.0,6.0,門別,道の駅石狩・あいろー(B3),1:14.9,1.2,晴,67.2,9.0,,nar,2026-09-03,32.65,28.1,34.9,0.0,48.5,44.4,43.8,履歴少
202630090312,2026-09-03,12,スマイルシエラ,2.0,2.0,服部茂史,57.0,,5.0,6.0,門別,NORTHERNBR(B3),1:14.4,1.2,曇,,,門別,ルピナス特別(B3),,0.0,曇,1.0,2.0,門別,グランシャリオドリー(B4),1:15.0,-0.3,晴,4.0,4.0,門別,胆振軽種馬農業協同組(B3),1:14.4,1.3,晴,2.0,5.0,門別,ノーザンホースパーク(B3),1:14.4,0.1,曇,12.7,6.0,,nar,2026-09-03,64.69,81.3,57.6,75.1,34.0,64.9,59.5,門別実績 / 履歴少 / 安定感 / 市場オッズ妙味
202650090312,2026-09-03,12,スマートキングダム,6.0,5.0,下原理,57.0,,3.0,2.0,園田,厩橋7ハロンC2一,1:32.3,1.2,晴,6.0,1.0,姫路,C1,1:42.4,1.0,晴,4.0,1.0,姫路,C1,1:42.1,0.3,晴,1.0,1.0,姫路,パンジー賞C1二,1:33.9,-0.8,曇,1.0,1.0,園田,C2一,1:32.4,-0.1,晴,14.7,3.0,,nar,2026-09-03,59.66,80.4,35.0,75.1,50.0,55.6,59.5,園田実績 / 履歴少 / 安定感 / 市場オッズ妙味
202655090312,2026-09-03,12,スワイメイク,3.0,3.0,山下裕貴,54.0,,7.0,9.0,佐賀,C2ー30組,1:36.0,4.2,晴,11.0,8.0,佐賀,3歳ー10組,1:41.0,8.5,晴,16.0,16.0,3京都9,3歳未勝利,1:18.2,6.4,曇,15.0,12.0,1中京6,3歳未勝利,1:21.1,8.1,晴,,,,,,,,100.8,7.0,,nar,2026-09-03,39.5,23.2,45.5,0.0,92.0,47.7,43.8,履歴少 / 近走上向き
202630090312,2026-09-03,12,ズンガリプテルス,4.0,4.0,望月洵輝,57.0,,4.0,9.0,門別,NORTHERNBR(B3),1:14.1,0.9,曇,5.0,6.0,門別,ドウデュース・プレミ(B3),1:14.9,1.7,曇,4.0,6.0,門別,とままえメロン特別(B3),1:15.2,0.7,曇,5.0,8.0,門別,胆振軽種馬農業協同組(B3),1:14.7,1.6,晴,6.0,6.0,門別,ノーザンホースパーク(B3),1:14.8,0.5,曇,18.7,8.0,,nar,2026-09-03,69.36,71.2,68.2,89.7,56.0,71.1,56.2,門別実績 / 前走人気以上 / 履歴少 / 人気以上に走る傾向
202650090312,2026-09-03,12,チェリータイム,10.0,7.0,高橋洸佑,54.0,,5.0,5.0,園田,厩橋7ハロンC2一,1:33.0,1.9,晴,3.0,4.0,園田,C2一,1:32.4,0.2,晴,3.0,4.0,園田,C2一,1:31.4,0.9,晴,5.0,8.0,園田,福甸7ハロンC2一,1:32.1,1.7,曇,,,園田,バラ賞C2一,,,雨,31.4,8.0,,nar,2026-09-03,64.82,76.0,56.9,89.7,42.0,60.4,56.4,園田実績 / 安定感 / 市場オッズ妙味
202630090312,2026-09-03,12,デュアルキャリアー,8.0,7.0,小川悠汰,54.0,,3.0,6.0,門別,一般社団法人東京馬主(B3),1:01.2,0.3,雨,,,門別,ルピナス特別(B3),,,曇,2.0,4.0,門別,ドウデュース・プレミ(B3),1:14.1,0.9,曇,9.0,3.0,門別,胆振軽種馬農業協同組(B3),1:15.1,2.0,晴,3.0,2.0,門別,スワーヴリチャード・(B3),1:14.6,0.3,曇,6.4,4.0,,nar,2026-09-03,62.1,76.8,53.1,60.5,60.0,56.3,55.3,門別実績 / 前走人気以上 / 履歴少 / 安定感
202650090312,2026-09-03,12,デルタフォー,5.0,5.0,田野豊三,57.0,,5.0,4.0,園田,C2一,1:33.7,1.8,曇,3.0,2.0,園田,C2一,1:31.6,0.2,晴,4.0,2.0,園田,C2一,1:32.9,0.6,晴,4.0,3.0,園田,青馬ひすみ☆モヤシか(C2),1:30.7,1.7,晴,2.0,3.0,園田,C2一,1:31.9,0.1,晴,38.1,9.0,,nar,2026-09-03,62.16,77.2,43.1,100.0,39.5,53.7,59.5,園田実績 / 履歴少 / 安定感 / 市場オッズ妙味
202655090312,2026-09-03,12,トウカイティエラ,7.0,6.0,飛田愛斗,54.0,,11.0,8.0,高知,3歳ー7,1:32.4,5.4,晴,5.0,4.0,高知,3歳ー8,0:52.0,3.1,晴,10.0,7.0,高知,3歳ー6,1:37.0,8.3,曇,14.0,17.0,2東京11,3歳未勝利,1:22.5,1.5,晴,15.0,17.0,2東京4,3歳未勝利,1:36.4,1.6,曇,18.7,6.0,,nar,2026-09-03,39.39,28.6,42.2,24.9,50.0,51.9,50.0,市場オッズ妙味
202655090312,2026-09-03,12,トレンドラド,4.0,4.0,田中純,54.0,,2.0,3.0,佐賀,C2ー24組,1:26.4,0.1,曇,2.0,3.0,金沢,帝統くんお誕生日おめ(3歳),1:33.8,0.4,曇,3.0,3.0,金沢,3歳B 6,1:41.5,1.2,曇,4.0,4.0,金沢,3歳B 3,1:34.2,1.0,雨,11.0,16.0,2東京5,3歳未勝利,1:41.2,2.7,晴,13.0,4.0,,nar,2026-09-03,69.34,80.6,57.5,89.7,68.0,65.5,48.8,履歴少 / 近走上向き / 安定感 / 過小評価傾向
202644090312,2026-09-03,12,ナイトウォーリア,4.0,4.0,西啓太,56.0,,3.0,5.0,大井,ブラック・ベルベット(C1),1:43.1,0.2,曇,4.0,7.0,大井,C1七 八,1:14.1,1.3,晴,2.0,10.0,大井,C1八 九,1:43.6,0.5,晴,9.0,8.0,大井,C1七 八,1:44.2,1.9,晴,5.0,3.0,大井,センリョウ賞(C1),1:44.5,0.8,晴,4.0,2.0,,nar,2026-09-03,69.36,74.9,68.1,85.4,62.0,62.4,56.2,大井実績 / 履歴少 / 人気以上に走る傾向 / 安定感
202655090312,2026-09-03,12,ナンゴクトップガン,1.0,1.0,小松丈二,56.0,,11.0,12.0,佐賀,九州馬主協会☆結☆佐,1:36.2,2.9,晴,10.0,7.0,佐賀,C2ー3組,1:36.9,5.3,曇,,,佐賀,夏至賞(C2),,0.0,雨,11.0,10.0,佐賀,芒種賞(C2),1:35.7,3.6,晴,11.0,4.0,佐賀,C2ー3組,1:29.8,4.7,晴,109.7,8.0,,nar,2026-09-03,31.95,22.5,38.5,0.0,48.0,42.8,46.5,総合評価
202648090312,2026-09-03,12,ニキータ,1.0,1.0,近藤颯羽,52.0,,3.0,4.0,名古屋,3歳5組,1:38.1,1.6,晴,9.0,5.0,名古屋,3歳6組,1:40.3,2.7,晴,1.0,3.0,名古屋,白雲賞(3歳),1:51.9,-0.2,晴,3.0,1.0,名古屋,3歳12組,1:38.7,0.5,曇,15.0,11.0,3京都3,3歳未勝利,1:22.7,2.3,晴,4.5,2.0,,nar,2026-09-03,58.38,66.5,43.0,64.7,74.0,51.9,55.3,名古屋実績 / 履歴少 / 近走上向き / 安定感
202630090312,2026-09-03,12,ハニーベリー,7.0,7.0,松井伸也,55.0,,3.0,5.0,門別,サルビア特別(B3),1:14.8,1.4,晴,1.0,8.0,門別,優駿の里安平町あびら(B4),1:14.2,-0.5,曇,5.0,6.0,門別,グランシャリオドリー(B4),1:15.7,0.6,曇,9.0,5.0,門別,グランシャリオドリー(B4),1:16.7,1.7,晴,3.0,3.0,門別,オケクラフト特別(C1),1:15.0,0.4,晴,17.6,7.0,,nar,2026-09-03,69.3,77.8,63.8,85.4,59.0,66.1,56.2,門別実績 / 履歴少 / 安定感 / 過小評価傾向
202650090312,2026-09-03,12,ピエナフェリーチェ,11.0,8.0,佐々木世,54.0,,1.0,4.0,園田,C2二,1:33.0,-1.1,曇,5.0,4.0,園田,C2二,1:32.9,1.2,晴,6.0,1.0,園田,神影7ハロンC2二,1:33.8,1.4,晴,1.0,1.0,園田,C3一,1:34.4,-0.1,晴,1.0,1.0,園田,新宮町馬立7ハ(C2),1:32.5,-0.1,晴,22.0,5.0,,nar,2026-09-03,65.31,84.1,47.7,80.2,63.5,54.3,54.5,園田実績 / 前走人気以上 / 安定感 / 市場オッズ妙味
202655090312,2026-09-03,12,ピエノダモーレ,6.0,6.0,中山蓮王,54.0,,9.0,12.0,佐賀,C2ー14組,1:26.8,1.2,曇,10.0,5.0,佐賀,里帰りJC第2戦ウェ(C2),1:27.3,1.6,晴,10.0,5.0,佐賀,UMATENA賞(C2),1:35.7,3.3,曇,4.0,4.0,佐賀,C2ー7組,1:25.9,0.4,曇,5.0,6.0,佐賀,C2ー7組,1:26.4,1.8,晴,181.7,10.0,,nar,2026-09-03,40.86,41.6,41.5,24.9,39.5,47.0,49.6,前走人気以上 / 履歴少
202650090312,2026-09-03,12,ブラッドショー,8.0,6.0,井上幹太,57.0,,3.0,5.0,園田,C2一,1:33.5,0.4,曇,2.0,5.0,園田,C2一,1:31.2,0.7,晴,2.0,5.0,園田,C2一,1:32.5,0.6,曇,3.0,4.0,園田,オッズパーク杯C2一,1:33.5,0.4,曇,2.0,3.0,園田,C2一,1:34.3,1.2,曇,20.4,4.0,,nar,2026-09-03,72.34,88.4,65.4,100.0,45.5,62.8,56.4,園田実績 / 前走人気以上 / 人気以上に走る傾向 / 安定感
202644090312,2026-09-03,12,マイネルイージス,9.0,8.0,田中洸多,56.0,,6.0,7.0,大井,ペルセウス座特別競走(C1),1:58.2,1.1,雨,10.0,9.0,大井,C1二 三四(C1三),1:43.7,3.0,曇,2.0,6.0,大井,海王星特別競走(C1),1:45.6,0.0,曇,3.0,10.0,大井,クォーター・デック賞(C1),1:42.8,1.1,晴,8.0,11.0,大井,りょうけん座特別競走(C1),2:10.7,1.3,晴,10.6,6.0,,nar,2026-09-03,56.74,60.2,65.2,34.3,48.5,66.6,49.6,履歴少 / 人気以上に走る傾向 / 過小評価傾向
202655090312,2026-09-03,12,マイホームヒロイン,10.0,8.0,青海大樹,53.0,,10.0,11.0,佐賀,C2ー28組,1:36.7,2.7,晴,7.0,9.0,佐賀,C2ー17組,1:34.7,1.8,晴,10.0,7.0,佐賀,SAGAリベンジャー(C2),1:38.7,4.3,曇,,,佐賀,SAGAリベンジャー(C2),,,晴,5.0,8.0,佐賀,SAGAリベンジャー(C2),1:34.8,1.1,晴,232.6,11.0,,nar,2026-09-03,41.87,39.8,54.3,10.3,34.0,53.4,49.0,総合評価
202630090312,2026-09-03,12,マジカルレイズ,9.0,8.0,坂下秀樹,57.0,,9.0,9.0,門別,サルビア特別(B3),1:17.0,3.6,晴,12.0,11.0,門別,スイレン特別(B3),1:03.4,2.7,晴,9.0,5.0,川崎,オプレンシア賞(C1),1:38.6,2.1,晴,6.0,4.0,川崎,C1一 二,1:32.6,1.2,雨,3.0,2.0,川崎,西洋躑躅賞(C1),1:32.7,0.8,曇,73.7,10.0,,nar,2026-09-03,37.3,38.5,40.0,10.3,41.0,45.7,43.8,履歴少
202655090312,2026-09-03,12,ミラクルスパート,8.0,7.0,田中直人,54.0,,10.0,5.0,佐賀,C2ー26組,1:29.5,1.7,晴,8.0,3.0,名古屋,夏波賞(3歳),0:59.0,2.6,晴,10.0,2.0,名古屋,アジア・アジアパラ応(3歳),1:40.0,2.0,晴,9.0,2.0,名古屋,3歳9組,1:40.2,3.9,晴,3.0,2.0,名古屋,3歳9組,1:37.5,0.2,曇,11.1,3.0,,nar,2026-09-03,29.04,38.9,11.7,10.3,35.0,35.8,48.8,履歴少
202650090312,2026-09-03,12,ミルトコルサ,12.0,8.0,板野央,57.0,,7.0,7.0,園田,C2一,1:36.1,3.7,晴,8.0,10.0,園田,C2一,1:32.9,1.0,晴,9.0,8.0,園田,C1,1:32.9,3.1,雨,11.0,10.0,園田,C1,1:34.1,2.5,晴,8.0,9.0,園田,C1,1:32.7,1.8,曇,237.6,12.0,,nar,2026-09-03,43.33,41.3,51.8,0.0,62.0,51.6,46.5,総合評価
202655090312,2026-09-03,12,ラヴァルス,11.0,8.0,石川慎将,54.0,,2.0,5.0,佐賀,C2ー16組,1:33.2,1.2,曇,2.0,4.0,佐賀,C2ー17組,1:33.3,0.4,晴,2.0,4.0,佐賀,SAGAリベンジャー(C2),1:35.6,1.2,曇,8.0,5.0,佐賀,C2ー13組,1:28.4,4.5,晴,7.0,5.0,川崎,C3一 二三(C3二),1:35.1,1.9,晴,7.7,2.0,,nar,2026-09-03,67.38,80.9,58.1,75.1,66.5,60.0,54.0,佐賀実績 / 前走人気以上 / 近走上向き / 安定感
202650090312,2026-09-03,12,リケアクスクス,4.0,4.0,廣瀬航,56.0,,1.0,1.0,園田,C2二,1:31.6,-0.5,晴,1.0,1.0,園田,C3三,1:33.0,-1.1,曇,,,,,,,,,,,,,,,,,,,,,,2.1,1.0,,nar,2026-09-03,55.61,73.0,45.5,48.4,45.5,50.2,59.5,園田実績 / 履歴少 / サンプル少
202644090312,2026-09-03,12,リケアミネオラ,6.0,6.0,千田洋,56.0,,5.0,8.0,大井,チチ賞(C1),1:44.2,1.0,曇,5.0,8.0,大井,ミントジュレップ賞(C1),1:42.3,1.6,晴,3.0,8.0,大井,海王星特別競走(C1),1:46.1,0.5,曇,8.0,8.0,大井,へび座特別競走(C1),1:58.1,2.5,曇,11.0,8.0,大井,C1二 三四(C1三),1:45.2,1.2,雨,7.1,4.0,,nar,2026-09-03,63.94,62.7,66.4,75.1,60.5,63.5,52.9,大井実績 / 前走人気以上 / 履歴少 / 人気以上に走る傾向
202644090312,2026-09-03,12,ヴェスタリス,1.0,1.0,澤田龍哉,53.0,,13.0,5.0,大井,へびつかい座特別競走(C1三),1:16.3,3.5,曇,9.0,3.0,大井,マーメイド特別競走(C1),1:29.1,2.0,晴,11.0,1.0,大井,B3五,1:30.5,3.8,曇,1.0,3.0,大井,3歳一 二三(3歳二),1:27.7,-0.6,曇,11.0,14.0,大井,ジェムストーン賞競走(重賞),1:14.9,1.8,晴,17.5,7.0,,nar,2026-09-03,26.21,30.8,12.9,14.6,20.0,40.8,46.3,履歴少 / 市場オッズ妙味
202644090312,2026-09-03,12,ヴォルクメア,5.0,5.0,Ｆ．ゴン,54.0,,11.0,7.0,大井,チチ賞(C1),1:47.1,3.9,曇,8.0,10.0,大井,大暑特別競走(C1),2:40.7,3.4,晴,14.0,5.0,大井,海王星特別競走(C1),1:50.5,4.9,曇,13.0,11.0,2東京5,4歳以上1勝クラス,2:16.2,3.8,晴,5.0,8.0,1阪神9,4歳以上1勝クラス,1:54.7,0.8,晴,53.5,9.0,,nar,2026-09-03,32.08,24.7,32.7,10.3,44.0,44.4,46.0,クラス条件好転 / 履歴少
