race_id,日付,レース,馬名,馬番,枠,騎手,斤量,実着順,着順1,人気1,場1,レース名1,着順2,人気2,場2,レース名2,着順3,人気3,場3,レース名3,着順4,人気4,場4,レース名4,着順5,人気5,場5,レース名5,単勝オッズ,人気,オッズ更新日時,source,_date,AREru指数,因子_performance,因子_upset,因子_consistency,因子_trend,因子_value,因子_context,理由
202648073001,2026-07-30,1,アウトリュコス,9.0,7.0,塚本征吾,57.0,,1.0,3.0,名古屋,3歳12組,16.0,8.0,3阪神5,3歳未勝利,,,2阪神4,3歳未勝利,15.0,9.0,2京都6,3歳未勝利,16.0,2.0,1京都9,3歳新馬,6.1,3.0,,nar,2026-07-30,40.11,37.9,17.7,30.4,100.0,36.6,45,履歴少 / 近走上向き
202645073001,2026-07-30,1,アカルイスモウブ,3.0,3.0,岡村裕基,54.0,,12.0,12.0,川崎,トビウオ賞(C3),10.0,7.0,川崎,ハヤブサ賞(C3),6.0,11.0,川崎,イヌワシ賞(C3),11.0,9.0,川崎,ツバメ賞(C3),6.0,6.0,浦和,浦和800ラウンド(C3),69.4,10.0,,nar,2026-07-30,36.05,31.6,49.6,0.0,27.5,53.5,45,履歴少
202645073001,2026-07-30,1,アンジュラプソディ,11.0,8.0,佐野遥久,54.0,,9.0,5.0,川崎,トビウオ賞(C3),4.0,1.0,川崎,福袋賞(C3),4.0,1.0,川崎,ヤマネ賞(C3),5.0,2.0,川崎,水神賞(C2),1.0,1.0,川崎,ツバメ賞(C3),6.4,4.0,,nar,2026-07-30,47.03,65.2,29.0,69.6,17.0,49.5,45,履歴少 / 安定感
202645073001,2026-07-30,1,カウニスミエリ,5.0,5.0,田中涼,54.0,,2.0,6.0,川崎,トビウオ賞(C3),8.0,5.0,浦和,作付面積日本一深谷ブ(C2),6.0,6.0,川崎,雷神賞(C2),14.0,12.0,船橋,ムササビダッシュ(C2C3),11.0,11.0,川崎,雷動賞(C2),5.9,3.0,,nar,2026-07-30,54.79,52.9,51.2,30.4,96.5,56.9,45,履歴少 / 近走上向き
202650073001,2026-07-30,1,カドフィール,9.0,8.0,高畑皓一,57.0,,10.0,9.0,園田,C3三,5.0,5.0,園田,C3二,9.0,6.0,園田,C3二,4.0,6.0,園田,C3二,5.0,5.0,園田,C3三,46.1,9.0,,nar,2026-07-30,46.3,50.7,45.8,49.8,24.5,55.0,45,履歴少 / 市場オッズ妙味
202645073001,2026-07-30,1,カナサンドー,1.0,1.0,本田紀忠,54.0,,8.0,7.0,川崎,トウザヨリ賞(C3),7.0,5.0,川崎,ハヤブサ賞(C3),8.0,7.0,川崎,イヌワシ賞(C3),2.0,7.0,川崎,スズメ賞(C3),5.0,8.0,川崎,フェネック賞(C3),63.4,9.0,,nar,2026-07-30,47.14,55.5,50.3,24.9,35.0,56.1,45,履歴少
202645073001,2026-07-30,1,カルストンオリビア,4.0,4.0,増田充宏,54.0,,6.0,4.0,川崎,ファイナルアンサー賞(C3),7.0,8.0,川崎,ファイナルアンサー賞(C2),13.0,8.0,川崎,ファイナルアンサー賞(C2),11.0,10.0,川崎,界雷賞(C2),11.0,9.0,川崎,天雷賞(C2),11.6,6.0,,nar,2026-07-30,40.88,37.0,38.1,0.0,77.0,54.6,45,履歴少 / 近走上向き
202648073001,2026-07-30,1,クモンリュウ,6.0,5.0,細川智史,57.0,,9.0,8.0,名古屋,3歳7組,1.0,2.0,名古屋,3歳15組,6.0,3.0,名古屋,3歳11組,9.0,3.0,名古屋,3歳10組,12.0,16.0,2阪神7,3歳未勝利,43.1,10.0,,nar,2026-07-30,44.79,54.2,42.2,24.9,38.0,53.0,45,履歴少 / 市場オッズ妙味
202630073001,2026-07-30,1,コンチワッチ,10.0,8.0,桑村真明,55.0,,2.0,2.0,門別,2歳未勝利(未勝利),7.0,7.0,門別,JRA認定競走アタッ(未勝利)(2歳),4.0,10.0,門別,JRA認定競走フレッ(新馬)(2歳),,,,,,,,,4.8,2.0,,nar,2026-07-30,63.4,74.5,61.1,50.2,71.0,63.2,45,履歴少 / 近走上向き
202645073001,2026-07-30,1,コーリングヘニー,7.0,6.0,野畑凌,56.0,,7.0,1.0,大井,C3四　五六(C3五),2.0,2.0,大井,C3六　七,3.0,3.0,大井,C3六　七,10.0,5.0,大井,C3六,11.0,2.0,大井,C3六,3.1,1.0,,nar,2026-07-30,44.72,61.5,25.6,44.7,47.0,41.8,45,履歴少
202648073001,2026-07-30,1,シンクシビリティ,1.0,1.0,渡辺竜也,55.0,,2.0,5.0,名古屋,名古屋モーニングフィ(3歳),7.0,5.0,名古屋,のあち27歳おめでと(3歳),15.0,17.0,2東京12,3歳未勝利,8.0,15.0,1新潟7,3歳未勝利,11.0,16.0,1中京4,3歳未勝利,10.2,4.0,,nar,2026-07-30,59.61,49.4,66.4,30.4,99.5,69.6,45,履歴少 / 人気以上に走る傾向 / 近走上向き / 過小評価傾向
202648073001,2026-07-30,1,スエ,11.0,8.0,丸野勝虎,55.0,,5.0,11.0,名古屋,3歳5組,8.0,8.0,名古屋,貴臣生誕50周年記念(3歳),1.0,2.0,名古屋,3歳7組,7.0,2.0,名古屋,3歳8組,4.0,2.0,名古屋,3歳8組,35.9,7.0,,nar,2026-07-30,58.18,66.8,57.6,60.5,50.0,56.3,45,履歴少 / 安定感 / 市場オッズ妙味
202645073001,2026-07-30,1,スピークオブデビル,2.0,2.0,及川烈,54.0,,6.0,4.0,浦和,ランチタイム(C3),3.0,3.0,船橋,入梅ダッシュ(C3),6.0,4.0,浦和,C3六　七,8.0,5.0,浦和,浦和800ラウンド(C3),4.0,6.0,浦和,浦和800ラウンド(C3),27.3,7.0,,nar,2026-07-30,49.83,65.3,41.4,35.3,45.5,53.0,45,履歴少 / 市場オッズ妙味
202650073001,2026-07-30,1,タッタタラリラ,7.0,7.0,山本屋太,55.0,,9.0,4.0,園田,C3四,3.0,8.0,園田,熊内町スプリント3歳(C2),10.0,9.0,園田,3歳C2,5.0,10.0,園田,3歳C2二,7.0,6.0,姫路,3歳C2,18.7,5.0,,nar,2026-07-30,49.27,52.7,51.1,39.5,33.5,64.2,45,履歴少 / 市場オッズ妙味
202645073001,2026-07-30,1,タノシサ,12.0,8.0,池谷匠翔,54.0,,7.0,2.0,川崎,トウザヨリ賞(C3),4.0,4.0,川崎,ハヤブサ賞(C3),9.0,2.0,川崎,イヌワシ賞(C3),,,川崎,スズメ賞(C3),2.0,1.0,川崎,カピバラ賞(C3),10.2,5.0,,nar,2026-07-30,43.12,60.1,25.4,35.3,38.0,49.3,45,履歴少
202648073001,2026-07-30,1,テリオスヒナ,8.0,6.0,小笠原羚,52.0,,2.0,1.0,名古屋,きょうかちゃん生誕記(3歳),2.0,1.0,名古屋,3歳10組,9.0,17.0,3阪神1,3歳未勝利,13.0,13.0,1新潟7,3歳未勝利,16.0,16.0,1小倉11,3歳未勝利,2.5,2.0,,nar,2026-07-30,61.12,58.6,57.2,55.3,98.0,57.8,45,履歴少 / 近走上向き
202630073001,2026-07-30,1,ディアローラ,11.0,8.0,松井伸也,55.0,,6.0,9.0,門別,2歳牝馬未勝利(未勝利),5.0,8.0,門別,JRA認定競走フレッ(新馬)(2歳),,,,,,,,,,,,,22.7,9.0,,nar,2026-07-30,50.12,53.0,57.0,31.7,42.2,58.7,45,履歴少 / サンプル少 / 市場オッズ妙味
202630073001,2026-07-30,1,トーケンオーパス,2.0,2.0,小川悠汰,52.0,,3.0,6.0,門別,JRA認定競走フレッ(新馬)(2歳),,,,,,,,,,,,,,,,,8.5,3.0,,nar,2026-07-30,43.95,48.1,45.3,36.3,40.6,42.0,45,履歴少 / サンプル少
202645073001,2026-07-30,1,ドラマツルギー,6.0,5.0,中山遥人,53.0,,3.0,2.0,川崎,トビウオ賞(C3),9.0,3.0,川崎,C2五,3.0,1.0,川崎,C3一　二,1.0,3.0,水沢,シュラブローズ賞(C1),2.0,2.0,盛岡,C1四組,3.2,2.0,,nar,2026-07-30,56.96,75.2,36.7,75.1,54.5,50.4,45,履歴少 / 安定感
202650073001,2026-07-30,1,ドリームチェイサー,5.0,5.0,小谷哲平,54.0,,4.0,6.0,園田,C3三,5.0,8.0,園田,C3二,4.0,9.0,園田,C3二,9.0,9.0,園田,C3二,5.0,6.0,園田,C3三,15.3,3.0,,nar,2026-07-30,66.6,67.3,67.1,85.4,60.5,68.8,45,履歴少 / 人気以上に走る傾向 / 安定感 / 過小評価傾向
202648073001,2026-07-30,1,ナムラハンナ,10.0,7.0,,,,1.0,1.0,名古屋,名古屋モーニングフィ(3歳),7.0,9.0,名古屋,3歳12組,10.0,8.0,名古屋,3歳13組,14.0,15.0,3中山7,3歳未勝利,12.0,18.0,2中山6,3歳未勝利,,,,nar,2026-07-30,55.62,50.1,56.1,30.4,100.0,57.0,45,履歴少 / 近走上向き
202648073001,2026-07-30,1,ハタノグランクリュ,3.0,3.0,望月洵輝,57.0,,1.0,1.0,名古屋,3歳13組,11.0,14.0,3東京2,3歳未勝利,9.0,13.0,2東京7,3歳未勝利,11.0,6.0,3中山8,3歳未勝利,13.0,6.0,5東京1,2歳新馬,2.5,1.0,,nar,2026-07-30,52.21,45.8,50.6,30.4,100.0,50.6,45,履歴少 / 近走上向き
202630073001,2026-07-30,1,ハッピーアフリート,7.0,6.0,阿部龍,55.0,,4.0,9.0,門別,2歳未勝利(未勝利),6.0,6.0,門別,2歳未勝利(未勝利),7.0,10.0,門別,JRA認定競走フレッ(新馬)(2歳),,,,,,,,,42.1,10.0,,nar,2026-07-30,59.79,64.4,69.7,30.4,65.0,65.0,45,履歴少 / 人気以上に走る傾向 / 近走上向き / 市場オッズ妙味
202650073001,2026-07-30,1,ハワイアンセーラ,8.0,8.0,土方颯太,57.0,,10.0,7.0,園田,C3四,3.0,10.0,園田,C3二,6.0,8.0,園田,C3三,9.0,9.0,園田,C3三,7.0,8.0,園田,C3三,37.4,7.0,,nar,2026-07-30,48.09,51.9,59.3,24.9,27.5,60.9,45,履歴少 / 市場オッズ妙味
202648073001,2026-07-30,1,パッションマーレ,4.0,4.0,大畑慧悟,55.0,,10.0,5.0,名古屋,3歳5組,4.0,4.0,名古屋,3歳6組,11.0,7.0,3京都2,3歳未勝利,7.0,10.0,1小倉4,3歳未勝利,11.0,6.0,4京都5,2歳未勝利,36.2,8.0,,nar,2026-07-30,38.59,41.1,33.3,24.9,39.5,49.1,45,履歴少 / 市場オッズ妙味
202630073001,2026-07-30,1,フェリンヴァラー,8.0,7.0,小野楓馬,55.0,,6.0,3.0,門別,2歳未勝利(未勝利),5.0,9.0,門別,JRA認定競走フレッ(新馬)(2歳),,,,,,,,,,,,,11.5,6.0,,nar,2026-07-30,47.44,53.0,46.1,31.7,42.2,58.4,45,履歴少 / サンプル少
202630073001,2026-07-30,1,フォアサイトゲイズ,5.0,5.0,落合玄太,55.0,,2.0,2.0,門別,2歳未勝利(未勝利),5.0,1.0,門別,JRA認定競走フレッ(新馬)(2歳),,,,,,,,,,,,,2.3,1.0,,nar,2026-07-30,50.34,62.7,38.6,48.4,55.4,47.0,45,履歴少 / サンプル少
202650073001,2026-07-30,1,フッカツラヴ,4.0,4.0,井上幹太,55.0,,5.0,2.0,園田,C3二,4.0,2.0,園田,かつみさゆり☆来場記(C3),6.0,2.0,園田,C3二,4.0,5.0,園田,C2一,1.0,6.0,園田,不破万作☆来場記念C(C2),2.7,2.0,,nar,2026-07-30,56.37,72.9,39.2,80.2,42.5,52.3,45,履歴少 / 安定感
202645073001,2026-07-30,1,フロレシミエント,8.0,6.0,加藤雄真,52.0,,10.0,8.0,川崎,トビウオ賞(C3),9.0,8.0,川崎,風神賞(C2),12.0,6.0,川崎,ファイナルアンサー賞(C2),11.0,12.0,川崎,橘樹官衛賞(C2),7.0,6.0,船橋,C2七　八九　ウ(C2八),77.6,11.0,,nar,2026-07-30,33.51,28.1,36.0,0.0,48.5,47.7,45,履歴少
202648073001,2026-07-30,1,フローラルウェイ,5.0,5.0,加藤聡一,55.0,,1.0,2.0,名古屋,3歳14組,8.0,1.0,名古屋,3歳14組,6.0,4.0,名古屋,3歳9組,11.0,11.0,1新潟4,3歳未勝利,16.0,8.0,1小倉5,3歳未勝利,26.8,6.0,,nar,2026-07-30,49.82,56.1,31.4,30.4,100.0,45.9,45,履歴少 / 近走上向き / 市場オッズ妙味
202648073001,2026-07-30,1,ヘヴンリースカイ,7.0,6.0,大畑雅章,55.0,,3.0,7.0,名古屋,3歳7組,8.0,2.0,名古屋,3歳6組,5.0,1.0,名古屋,3歳5組,2.0,2.0,名古屋,3歳4組,2.0,2.0,名古屋,3歳6組,25.4,5.0,,nar,2026-07-30,58.35,72.9,42.5,75.1,57.5,52.4,45,履歴少 / 安定感 / 市場オッズ妙味
202630073001,2026-07-30,1,ベストメッセージ,1.0,1.0,宮内勇樹,55.0,,9.0,9.0,門別,JRA認定競走アタッ(未勝利)(2歳),5.0,3.0,門別,2歳未勝利(未勝利),3.0,5.0,門別,JRA認定競走フレッ(新馬)(2歳),,,,,,,,,18.5,8.0,,nar,2026-07-30,49.58,59.3,49.0,44.7,20.0,64.0,45,履歴少 / 市場オッズ妙味
202645073001,2026-07-30,1,ポルタフェリーチェ,10.0,7.0,高橋優,51.0,,7.0,11.0,川崎,トビウオ賞(C3),10.0,11.0,川崎,雲神賞(C2),12.0,10.0,川崎,C2七,7.0,11.0,川崎,C2七,7.0,9.0,川崎,C2七,61.8,8.0,,nar,2026-07-30,46.05,38.1,63.0,0.0,62.0,59.4,45,履歴少
202648073001,2026-07-30,1,モメンタムシフト,2.0,2.0,阪野学,57.0,,11.0,6.0,名古屋,3歳7組,7.0,4.0,名古屋,3歳5組,1.0,3.0,名古屋,3歳14組,8.0,9.0,名古屋,3歳9組,13.0,13.0,2東京1,3歳未勝利,64.9,12.0,,nar,2026-07-30,39.08,45.6,37.9,19.8,27.5,50.2,45,履歴少
202650073001,2026-07-30,1,ヤシロスマイリー,6.0,6.0,松木大地,55.0,,9.0,5.0,園田,C3二,9.0,12.0,園田,C3,10.0,6.0,園田,C3,10.0,8.0,園田,おたまじゃくし中西☆(C3),8.0,3.0,園田,つれもて応援しにいこ(C3),40.3,8.0,,nar,2026-07-30,35.54,34.1,35.5,0.0,51.5,48.5,45,履歴少 / 市場オッズ妙味
202630073001,2026-07-30,1,ユーデンブルク,4.0,4.0,藤田凌駕,53.0,,4.0,7.0,門別,JRA認定競走フレッ(新馬)(2歳),,,,,,,,,,,,,,,,,11.5,5.0,,nar,2026-07-30,43.46,46.4,45.3,36.3,40.6,42.0,45,履歴少 / サンプル少
202645073001,2026-07-30,1,ラインフェルネ,9.0,7.0,中越琉世,54.0,,11.0,11.0,浦和,C3　選抜馬ア,9.0,10.0,浦和,C2　選抜馬イ,8.0,11.0,浦和,浦和800ラウンド(C2),11.0,9.0,浦和,さいたまスイーツ賞(C2),12.0,8.0,川崎,夢見ヶ崎賞(C2),93.0,12.0,,nar,2026-07-30,37.13,27.9,51.0,0.0,44.0,52.2,45,履歴少
202650073001,2026-07-30,1,ララパサージュ,3.0,3.0,永井孝典,57.0,,10.0,7.0,園田,C3二,6.0,5.0,園田,C3一,3.0,2.0,園田,C3二,3.0,2.0,園田,C3三,3.0,7.0,園田,C3二,16.2,4.0,,nar,2026-07-30,47.09,61.0,42.4,44.7,12.5,60.6,45,履歴少 / 市場オッズ妙味
202650073001,2026-07-30,1,リケアクスクス,1.0,1.0,廣瀬航,55.0,,,,,,,,,,,,,,,,,,,,,,1.7,1.0,,nar,2026-07-30,36.0,35.0,35.0,35.0,35.0,35.0,45,履歴少
202630073001,2026-07-30,1,リヴァモアザン,3.0,3.0,黒澤愛斗,55.0,,3.0,7.0,門別,JRA認定競走フレッ(新馬)(2歳),,,,,,,,,,,,,,,,,12.8,7.0,,nar,2026-07-30,44.32,48.1,46.8,36.3,40.6,42.0,45,履歴少 / サンプル少
202630073001,2026-07-30,1,ルナベレッツァ,9.0,7.0,石川倭,55.0,,5.0,5.0,門別,2歳未勝利(未勝利),6.0,1.0,門別,2歳未勝利(未勝利),2.0,6.0,門別,2歳未勝利(未勝利),5.0,6.0,門別,JRA認定競走フレッ(新馬)(2歳),,,,,8.8,4.0,,nar,2026-07-30,57.4,71.1,47.6,64.7,46.0,59.3,45,履歴少 / 安定感
202630073001,2026-07-30,1,レラノア,6.0,6.0,井上俊彦,55.0,,11.0,9.0,門別,2歳未勝利(未勝利),7.0,8.0,門別,JRA認定競走アタッ(未勝利)(2歳),12.0,9.0,門別,JRA認定競走フレッ(新馬)(2歳),,,,,,,,,94.1,11.0,,nar,2026-07-30,34.16,28.5,41.1,0.0,41.0,49.2,45,履歴少
202650073001,2026-07-30,1,レンガノコブタサン,2.0,2.0,高橋洸佑,52.0,,5.0,4.0,園田,C3四,8.0,4.0,園田,C3二,7.0,5.0,園田,C3二,3.0,3.0,園田,C3二,4.0,9.0,園田,C3三,26.4,6.0,,nar,2026-07-30,52.58,62.0,41.7,55.3,53.0,55.0,45,履歴少 / 市場オッズ妙味
202648073001,2026-07-30,1,ロマンズロック,12.0,8.0,大原浩司,57.0,,3.0,11.0,名古屋,名古屋モーニングフィ(3歳),9.0,7.0,名古屋,のあち27歳おめでと(3歳),8.0,8.0,名古屋,3歳7組,2.0,9.0,名古屋,3歳8組,5.0,4.0,名古屋,3歳8組,61.7,11.0,,nar,2026-07-30,62.49,63.6,70.0,55.3,68.0,61.3,45,履歴少 / 人気以上に走る傾向 / 近走上向き
202630073002,2026-07-30,2,アクタール,3.0,3.0,宮内勇樹,55.0,,2.0,3.0,門別,JRA認定競走フレッ(新馬)(2歳),,,,,,,,,,,,,,,,,2.9,1.0,,nar,2026-07-30,43.67,49.9,42.2,36.3,40.6,41.7,45,履歴少 / サンプル少
202650073002,2026-07-30,2,アラタマノキセキ,8.0,7.0,廣瀬航,57.0,,3.0,3.0,園田,C3二,3.0,5.0,園田,C3一,2.0,4.0,園田,C3三,2.0,2.0,園田,C3三,3.0,2.0,園田,C3三,5.8,2.0,,nar,2026-07-30,68.08,86.7,55.5,100.0,47.0,59.4,45,履歴少 / 安定感
202650073002,2026-07-30,2,イタリックタイプ,6.0,6.0,竹村達也,57.0,,4.0,5.0,園田,C3三,4.0,7.0,園田,C3二,10.0,7.0,園田,C3二,10.0,7.0,園田,C3二,9.0,6.0,園田,C3二,45.3,9.0,,nar,2026-07-30,54.65,55.4,48.0,55.3,75.5,53.0,45,履歴少 / 近走上向き / 市場オッズ妙味
202650073002,2026-07-30,2,エイシンリーパー,10.0,8.0,小牧太,56.0,,2.0,1.0,園田,C3三,2.0,1.0,園田,蒲江7ハロン3歳C2,2.0,2.0,園田,3歳C2一,2.0,1.0,園田,3歳C2,4.0,5.0,園田,3歳C2一,1.7,1.0,,nar,2026-07-30,66.29,90.3,45.8,100.0,53.0,51.0,45,履歴少 / 安定感
202645073002,2026-07-30,2,オニノタマゴ,1.0,1.0,古岡勇樹,56.0,,6.0,5.0,川崎,C2一　二,4.0,7.0,川崎,C1一　二,7.0,4.0,川崎,オプレンシア賞(C1),5.0,6.0,川崎,C1三,5.0,4.0,川崎,かわさきジャズ10t(C1二),16.2,7.0,,nar,2026-07-30,54.36,64.4,49.3,49.8,45.5,61.2,45,履歴少 / 市場オッズ妙味
202630073002,2026-07-30,2,オリザレコルト,11.0,8.0,小野楓馬,55.0,,4.0,5.0,門別,2歳未勝利(未勝利),4.0,5.0,門別,JRA認定競走フレッ(新馬)(2歳),,,,,,,,,,,,,12.9,7.0,,nar,2026-07-30,52.72,59.8,49.4,48.4,45.5,59.7,45,履歴少 / サンプル少 / 市場オッズ妙味
202648073002,2026-07-30,2,カクシンパーティー,5.0,5.0,近藤颯羽,52.0,,4.0,6.0,名古屋,2歳疾風戦,5.0,5.0,名古屋,ゴールデンデビュー名(2歳),,,,,,,,,,,,,18.1,5.0,,nar,2026-07-30,52.85,57.8,49.7,48.4,48.8,61.1,45,履歴少 / サンプル少 / 市場オッズ妙味
202630073002,2026-07-30,2,カルリトス,6.0,5.0,落合玄太,55.0,,3.0,8.0,門別,2歳未勝利(未勝利),5.0,6.0,門別,JRA認定競走フレッ(新馬)(2歳),,,,,,,,,,,,,10.4,5.0,,nar,2026-07-30,56.04,60.2,57.8,48.4,52.1,62.4,45,履歴少 / サンプル少
202630073002,2026-07-30,2,キングオブミラクル,10.0,7.0,服部茂史,55.0,,3.0,1.0,門別,JRA認定競走フレッ(新馬)(2歳),,,,,,,,,,,,,,,,,6.5,3.0,,nar,2026-07-30,41.61,48.1,37.6,36.3,40.6,38.4,45,履歴少 / サンプル少
202648073002,2026-07-30,2,ケイズヴェロシティ,7.0,7.0,望月洵輝,56.0,,4.0,3.0,名古屋,ゴールデンデビュー名(2歳),,,,,,,,,,,,,,,,,3.8,2.0,,nar,2026-07-30,41.64,46.4,39.1,36.3,40.6,39.5,45,履歴少 / サンプル少
202645073002,2026-07-30,2,コックリサン,11.0,8.0,神尾香澄,52.0,,14.0,13.0,川崎,2026川崎ジョッキ(C2),8.0,8.0,川崎,八幡平ウマッシュルー(C1),12.0,12.0,浦和,祝!吉川市市制施行3(C1),12.0,11.0,川崎,紫丁香花賞(C1),10.0,9.0,川崎,C1三,153.4,11.0,,nar,2026-07-30,31.3,18.0,46.1,0.0,29.0,51.5,45,履歴少
202648073002,2026-07-30,2,コママイス,6.0,6.0,木之前葵,53.0,,7.0,7.0,名古屋,2歳疾風戦,8.0,6.0,名古屋,名古屋モーニングフィ(2歳),5.0,5.0,名古屋,ゴールデンデビュー名(2歳),,,,,,,,,35.3,9.0,,nar,2026-07-30,45.97,53.6,45.4,19.8,47.0,54.1,45,履歴少 / 市場オッズ妙味
202650073002,2026-07-30,2,サクラトップクロス,1.0,1.0,杉浦健太,57.0,,11.0,12.0,園田,C2一,12.0,10.0,園田,C2一,10.0,10.0,園田,C2一,7.0,11.0,園田,C2一,12.0,12.0,姫路,C1,29.0,5.0,,nar,2026-07-30,37.33,23.4,52.7,0.0,45.5,58.2,45,履歴少 / 市場オッズ妙味
202645073002,2026-07-30,2,シェナベスト,6.0,6.0,岡村裕基,56.0,,1.0,10.0,川崎,C2三　四,8.0,10.0,川崎,C2一　二,5.0,5.0,川崎,C2三　四,5.0,11.0,川崎,初雷賞(C2),9.0,4.0,川崎,C2三　四,17.4,8.0,,nar,2026-07-30,69.66,68.4,75.1,64.7,84.5,71.8,45,履歴少 / 人気以上に走る傾向 / 近走上向き / 安定感
202645073002,2026-07-30,2,スウィートドリーム,8.0,7.0,増田充宏,54.0,,11.0,5.0,浦和,C1五,4.0,9.0,川崎,折鶴蘭賞(C1),10.0,10.0,川崎,菜の花賞(C1),13.0,11.0,川崎,23rdゴールデンホ(C1C2),10.0,12.0,川崎,キリマンジャロ賞(C1二),58.1,10.0,,nar,2026-07-30,40.05,34.0,45.4,24.9,39.5,52.9,45,履歴少
202650073002,2026-07-30,2,スカリーワグ,7.0,7.0,山本屋太,57.0,,8.0,3.0,園田,C3一,7.0,8.0,姫路,C2一,11.0,8.0,姫路,ストロベリーキャンド(C1),10.0,10.0,姫路,アネモネ賞C1一,9.0,12.0,姫路,C1,31.0,6.0,,nar,2026-07-30,38.97,38.1,39.1,0.0,57.5,53.7,45,履歴少 / 市場オッズ妙味
202648073002,2026-07-30,2,ダイユーホーク,2.0,2.0,加藤利征,56.0,,6.0,6.0,名古屋,ゴールデンデビュー名(2歳),,,,,,,,,,,,,,,,,39.1,10.0,,nar,2026-07-30,40.37,42.8,40.6,29.6,40.6,40.6,45,履歴少 / サンプル少
202645073002,2026-07-30,2,ディルブランド,9.0,7.0,櫻井光輔,56.0,,2.0,3.0,浦和,C2五,7.0,7.0,川崎,C2三　四,5.0,4.0,浦和,C2三　四,2.0,3.0,船橋,C3一,1.0,2.0,浦和,サツキツツジ特別(C3),15.9,6.0,,nar,2026-07-30,64.07,78.1,52.5,75.1,60.5,63.1,45,履歴少 / 安定感 / 市場オッズ妙味
202648073002,2026-07-30,2,ディヴィナス,4.0,4.0,大畑慧悟,56.0,,7.0,7.0,名古屋,オーシャンブルー特別(2歳),7.0,8.0,名古屋,名古屋モーニングフィ(2歳),4.0,4.0,名古屋,ゴールデンデビュー名(2歳),,,,,,,,,21.1,6.0,,nar,2026-07-30,48.71,58.3,52.3,19.8,41.0,57.4,45,履歴少 / 市場オッズ妙味
202645073002,2026-07-30,2,デルマツリダシ,5.0,5.0,西啓太,56.0,,6.0,7.0,川崎,C2一　二,5.0,3.0,浦和,浦和エイトチャレンジ(C2),5.0,6.0,川崎,C2一　二,5.0,6.0,川崎,C2二　三,10.0,4.0,川崎,弁才天賞(C2),51.9,9.0,,nar,2026-07-30,53.24,61.4,46.7,59.3,51.5,50.2,45,履歴少
202630073002,2026-07-30,2,トシデンセツ,1.0,1.0,桑村真明,55.0,,5.0,4.0,門別,2歳未勝利(未勝利),2.0,4.0,門別,2歳未勝利(未勝利),4.0,5.0,門別,JRA認定競走フレッ(新馬)(2歳),,,,,,,,,12.6,6.0,,nar,2026-07-30,61.62,78.1,53.7,75.1,38.0,63.0,45,履歴少 / 安定感 / 市場オッズ妙味
202645073002,2026-07-30,2,トーセンアデレード,10.0,8.0,見越彬央,54.0,,7.0,1.0,浦和,C2三　四,1.0,2.0,浦和,C2五　六,3.0,7.0,浦和,C2五　六,6.0,6.0,浦和,C2三　四,1.0,6.0,浦和,ここが好き、やっぱり(C2八),5.7,3.0,,nar,2026-07-30,55.39,76.4,48.1,55.0,24.5,60.0,45,履歴少
202648073002,2026-07-30,2,ナガノアリス,10.0,8.0,渡辺竜也,55.0,,6.0,4.0,名古屋,オーシャンブルー特別(2歳),3.0,3.0,名古屋,ゴールデンデビュー名(2歳),,,,,,,,,,,,,1.6,1.0,,nar,2026-07-30,45.05,56.9,41.3,31.7,35.6,47.3,45,履歴少 / サンプル少
202650073002,2026-07-30,2,ナムラダニー,2.0,2.0,下原理,57.0,,4.0,4.0,園田,C3二,3.0,6.0,園田,C3二,7.0,5.0,園田,C3一,8.0,7.0,園田,C3一,5.0,4.0,園田,かつみさゆり☆来場記(C3),5.9,3.0,,nar,2026-07-30,58.75,67.8,50.7,65.7,60.5,56.9,45,履歴少 / 安定感
202650073002,2026-07-30,2,ニシノフォーリーフ,4.0,4.0,長尾翼玖,57.0,,4.0,6.0,園田,C3二,3.0,4.0,園田,C3二,8.0,10.0,園田,唐櫃スプリントC3,9.0,9.0,園田,C3一,3.0,4.0,園田,C3二,33.9,8.0,,nar,2026-07-30,61.01,66.7,59.5,65.7,60.5,60.2,45,履歴少 / 安定感 / 市場オッズ妙味
202648073002,2026-07-30,2,ノースバレリーナ,3.0,3.0,塚本征吾,55.0,,10.0,8.0,門別,北のハードワーカー菊(未勝利)(2歳),8.0,11.0,門別,2歳牝馬未勝利(未勝利),8.0,7.0,門別,JRA認定競走アタッ(未勝利)(2歳),8.0,8.0,門別,JRA認定競走フレッ(新馬)(2歳),,,,,24.2,7.0,,nar,2026-07-30,39.64,38.6,49.5,0.0,38.0,56.3,45,履歴少 / 市場オッズ妙味
202630073002,2026-07-30,2,バラデロ,7.0,6.0,亀井洋司,55.0,,6.0,7.0,門別,JRA認定競走アタッ(未勝利)(2歳),6.0,3.0,門別,JRA認定競走アタッ(未勝利)(2歳),5.0,8.0,門別,JRA認定競走フレッ(新馬)(2歳),,,,,,,,,38.9,10.0,,nar,2026-07-30,50.27,62.1,51.4,19.8,47.0,57.4,45,履歴少 / 市場オッズ妙味
202645073002,2026-07-30,2,ピコグリーン,3.0,3.0,野畑凌,54.0,,9.0,3.0,川崎,C2一　二,3.0,1.0,川崎,C2一　二,3.0,1.0,川崎,C2二　三,11.0,9.0,4中山3,3歳未勝利,4.0,8.0,3新潟4,3歳未勝利,11.9,4.0,,nar,2026-07-30,46.38,59.2,31.8,55.0,27.5,55.3,45,履歴少
202645073002,2026-07-30,2,フィードウィン,4.0,4.0,加藤雄真,54.0,,3.0,6.0,川崎,C2一　二,3.0,7.0,川崎,八幡平ウマッシュルー(C1),6.0,11.0,船橋,船橋酒場青空13周年(C1),3.0,2.0,川崎,ファイナルアンサー賞(C2),9.0,9.0,川崎,C2一　二,15.0,5.0,,nar,2026-07-30,67.55,74.3,69.3,69.9,63.5,68.7,45,履歴少 / 人気以上に走る傾向 / 安定感 / 過小評価傾向
202650073002,2026-07-30,2,プライムテーラー,5.0,5.0,土方颯太,55.0,,6.0,4.0,園田,出雲7ハロンC3一,9.0,2.0,園田,五郷海老済7ハロンC(C2),,,園田,ラベンダー賞C2二,2.0,7.0,園田,C2二,7.0,8.0,園田,C2三,6.8,4.0,,nar,2026-07-30,44.92,57.3,36.7,14.6,50.0,55.7,45,履歴少
202648073002,2026-07-30,2,ヘルツクライス,8.0,7.0,加藤聡一,55.0,,7.0,7.0,名古屋,ゴールデンデビュー名(2歳),,,,,,,,,,,,,,,,,29.0,8.0,,nar,2026-07-30,39.88,41.1,40.6,29.6,40.6,40.6,45,履歴少 / サンプル少
202645073002,2026-07-30,2,ベルレオーネ,2.0,2.0,和田譲治,56.0,,5.0,2.0,川崎,2026川崎ジョッキ(C2),3.0,6.0,川崎,C2一　二,8.0,3.0,船橋,馬い!淡路むらっち玉(C2),5.0,1.0,川崎,C2一　二,1.0,1.0,川崎,C2四　五,4.8,2.0,,nar,2026-07-30,55.54,70.6,37.9,80.2,45.5,50.8,45,履歴少 / 安定感
202630073002,2026-07-30,2,マダムアイ,5.0,5.0,松井伸也,55.0,,6.0,8.0,門別,2歳未勝利(未勝利),7.0,8.0,門別,2歳未勝利(未勝利),9.0,9.0,門別,JRA認定競走フレッ(新馬)(2歳),,,,,,,,,140.9,12.0,,nar,2026-07-30,48.09,51.0,58.0,0.0,62.0,56.8,45,履歴少
202630073002,2026-07-30,2,ヤングゼネラル,4.0,4.0,藤田凌駕,53.0,,8.0,3.0,門別,2歳未勝利(未勝利),4.0,5.0,門別,2歳未勝利(未勝利),5.0,7.0,門別,2歳未勝利(未勝利),10.0,10.0,門別,2歳未勝利(未勝利),7.0,11.0,門別,JRA認定競走フレッ(新馬)(2歳),33.6,9.0,,nar,2026-07-30,49.53,55.2,46.8,44.7,41.0,57.6,45,履歴少 / 市場オッズ妙味
202645073002,2026-07-30,2,ライヴバフィ,7.0,6.0,矢野貴之,56.0,,1.0,2.0,川崎,C2一　二,1.0,2.0,川崎,C2一　二,3.0,2.0,船橋,C2二　三,2.0,1.0,川崎,パティオ賞(C2),2.0,1.0,川崎,夢見ヶ崎賞(C2),2.0,1.0,,nar,2026-07-30,69.28,94.8,50.7,100.0,56.0,52.3,45,履歴少 / 安定感
202630073002,2026-07-30,2,ライヴユアドリーム,9.0,7.0,阿部龍,55.0,,2.0,4.0,門別,JRA認定競走アタッ(未勝利)(2歳),3.0,6.0,門別,JRA認定競走アタッ(未勝利)(2歳),6.0,5.0,門別,JRA認定競走アタッ(未勝利)(2歳),2.0,4.0,門別,JRA認定競走フレッ(新馬)(2歳),,,,,4.4,2.0,,nar,2026-07-30,66.53,82.7,61.3,69.9,60.0,61.2,45,履歴少 / 安定感
202648073002,2026-07-30,2,ラルスチェイサー,1.0,1.0,阪野学,55.0,,6.0,3.0,名古屋,2歳疾風戦,5.0,5.0,名古屋,名古屋モーニングフィ(2歳),8.0,10.0,名古屋,ゴールデンデビュー名(2歳),,,,,,,,,13.1,3.0,,nar,2026-07-30,49.44,58.4,45.2,24.9,53.0,59.9,45,履歴少 / 市場オッズ妙味
202650073002,2026-07-30,2,ランボシ,3.0,3.0,田野豊三,57.0,,6.0,10.0,園田,C3三,9.0,9.0,園田,C3一,10.0,10.0,園田,C3一,10.0,10.0,園田,榎列小榎列7ハロンC(C2),8.0,8.0,園田,C2二,57.0,10.0,,nar,2026-07-30,46.32,41.4,58.5,0.0,69.5,56.1,45,履歴少 / 近走上向き
202650073002,2026-07-30,2,リザンテラ,9.0,8.0,山田雄大,55.0,,7.0,6.0,園田,C3二,7.0,9.0,園田,C3一,4.0,7.0,園田,C3一,5.0,4.0,園田,C3一,5.0,7.0,園田,C3一,32.1,7.0,,nar,2026-07-30,53.37,60.7,55.9,44.7,39.5,59.5,45,履歴少 / 市場オッズ妙味
202630073002,2026-07-30,2,リュウノゴウワン,2.0,2.0,近藤翔月,54.0,,7.0,5.0,門別,2歳未勝利(未勝利),3.0,4.0,門別,2歳未勝利(未勝利),8.0,10.0,門別,JRA認定競走アタッ(未勝利)(2歳),5.0,7.0,門別,JRA認定競走フレッ(新馬)(2歳),,,,,41.0,11.0,,nar,2026-07-30,52.17,61.7,52.6,39.5,40.0,58.7,45,履歴少 / 市場オッズ妙味
202630073002,2026-07-30,2,リュウノパイレーツ,12.0,8.0,石川倭,55.0,,4.0,5.0,門別,JRA認定競走アタッ(未勝利)(2歳),4.0,2.0,門別,JRA認定競走フレッ(新馬)(2歳),,,門別,JRA認定競走フレッ(新馬)(2歳),,,,,,,,,7.0,4.0,,nar,2026-07-30,50.73,59.8,44.1,48.4,45.5,54.5,45,履歴少 / サンプル少
202630073002,2026-07-30,2,リヴェンドラ,8.0,6.0,岩橋勇二,55.0,,7.0,4.0,門別,2歳未勝利(未勝利),7.0,5.0,門別,JRA認定競走アタッ(未勝利)(2歳),3.0,7.0,門別,JRA認定競走アタッ(未勝利)(2歳),6.0,8.0,門別,JRA認定競走フレッ(新馬)(2歳),,,,,23.1,8.0,,nar,2026-07-30,47.95,60.4,47.4,19.8,40.0,57.1,45,履歴少 / 市場オッズ妙味
202648073002,2026-07-30,2,ルクスオリジン,9.0,8.0,細川智史,56.0,,4.0,5.0,名古屋,2歳疾風戦,6.0,4.0,名古屋,名古屋モーニングフィ(2歳),12.0,12.0,門別,JRA認定競走フレッ(新馬)(2歳),,,,,,,,,16.5,4.0,,nar,2026-07-30,52.91,53.8,48.2,30.4,80.0,60.8,45,履歴少 / 近走上向き / 市場オッズ妙味
202650073003,2026-07-30,3,アブラカタブラ,1.0,1.0,吉村智洋,57.0,,7.0,9.0,園田,C3二,9.0,3.0,園田,C3二,7.0,5.0,園田,C3二,10.0,7.0,園田,C3一,3.0,7.0,園田,越水町ダッシュC3一,9.6,5.0,,nar,2026-07-30,43.01,47.8,40.9,10.3,51.5,56.4,45,履歴少
202648073003,2026-07-30,3,アルバイトボシュウ,1.0,1.0,大畑雅章,55.0,,3.0,4.0,名古屋,2歳疾風戦,5.0,5.0,名古屋,ゴールデンデビュー名(2歳),,,,,,,,,,,,,80.6,10.0,,nar,2026-07-30,52.06,60.2,47.6,48.4,52.1,51.5,45,履歴少 / サンプル少
202650073003,2026-07-30,3,エンジェルモモ,8.0,6.0,土方颯太,55.0,,8.0,9.0,園田,C3,5.0,11.0,園田,C3,6.0,7.0,園田,斑鳩ダッシュC3二,4.0,7.0,園田,倭文高ダッシュC3二,9.0,8.0,園田,香合新田ダッシュC3,14.6,7.0,,nar,2026-07-30,55.18,57.0,66.3,39.5,38.0,67.9,45,履歴少 / 人気以上に走る傾向 / 過小評価傾向 / 市場オッズ妙味
202648073003,2026-07-30,3,エンジェルリング,9.0,8.0,今井貴大,55.0,,2.0,4.0,名古屋,ゴールデンデビュー名(2歳),,,,,,,,,,,,,,,,,11.1,5.0,,nar,2026-07-30,44.08,49.9,43.7,36.3,40.6,42.0,45,履歴少 / サンプル少
202648073003,2026-07-30,3,エールエクスプレス,5.0,5.0,細川智史,55.0,,3.0,3.0,名古屋,オーシャンブルー特別(2歳),1.0,3.0,名古屋,名古屋モーニングフィ(2歳),5.0,4.0,名古屋,ゴールデンデビュー名(2歳),,,,,,,,,8.4,3.0,,nar,2026-07-30,64.43,85.1,52.8,75.1,50.0,60.1,45,履歴少 / 安定感
202645073003,2026-07-30,3,カンシャカンゲキ,5.0,5.0,池谷匠翔,54.0,,,,,,,,,,,,,,,,,,,,,,7.5,5.0,,nar,2026-07-30,36.0,35.0,35.0,35.0,35.0,35.0,45,履歴少
202650073003,2026-07-30,3,キャスパインパクト,11.0,8.0,川原正一,57.0,,4.0,10.0,園田,C3二,9.0,6.0,園田,C3,8.0,9.0,園田,C3,8.0,6.0,園田,C3,5.0,8.0,園田,掎鹿谷スプリントC3,9.5,4.0,,nar,2026-07-30,56.05,54.2,59.0,40.7,71.0,62.8,45,履歴少 / 近走上向き
202630073003,2026-07-30,3,キョウエイフレアー,2.0,2.0,松井伸也,55.0,,6.0,6.0,門別,3歳以上C4ー2,5.0,8.0,門別,3歳以上C4ー2,6.0,10.0,門別,とみくるマルシェ賞(C4),7.0,13.0,門別,えんどう豆生まれドリ(C4),10.0,14.0,門別,3歳以上C4ー2,99.6,10.0,,nar,2026-07-30,56.1,57.5,69.8,24.9,56.0,64.6,45,履歴少 / 人気以上に走る傾向
202630073003,2026-07-30,3,ケイトバローズ,8.0,7.0,藤田凌駕,53.0,,8.0,7.0,門別,ラベンダー特別(C4),8.0,7.0,門別,北海道野菜王国にった(C4),7.0,6.0,門別,グランシャリオドリー(C4),12.0,1.0,門別,グランシャリオドリー(C4),10.0,9.0,2阪神7,3歳未勝利,44.5,6.0,,nar,2026-07-30,36.78,39.3,32.8,0.0,57.5,46.5,45,履歴少 / 市場オッズ妙味
202645073003,2026-07-30,3,ココカコニコ,1.0,1.0,本田紀忠,54.0,,,,,,,,,,,,,,,,,,,,,,11.0,6.0,,nar,2026-07-30,36.0,35.0,35.0,35.0,35.0,35.0,45,履歴少
202650073003,2026-07-30,3,サンドクルーザー,9.0,7.0,高橋洸佑,54.0,,11.0,7.0,園田,C3二,7.0,10.0,園田,C3,9.0,6.0,園田,斑鳩ダッシュC3二,3.0,5.0,園田,C3二,11.0,10.0,園田,C3二,23.3,9.0,,nar,2026-07-30,39.21,40.5,43.9,14.6,29.0,54.3,45,履歴少 / 市場オッズ妙味
202648073003,2026-07-30,3,シルダリヤ,7.0,7.0,筒井勇介,55.0,,2.0,1.0,名古屋,名古屋モーニングフィ(2歳),2.0,8.0,名古屋,ゴールデンデビュー名(2歳),,,,,,,,,,,,,9.2,4.0,,nar,2026-07-30,56.43,68.6,53.8,48.4,45.5,61.0,45,履歴少 / サンプル少
202645073003,2026-07-30,3,ジャストザクイーン,2.0,2.0,和田譲治,54.0,,,,,,,,,,,,,,,,,,,,,,5.6,4.0,,nar,2026-07-30,36.0,35.0,35.0,35.0,35.0,35.0,45,履歴少
202645073003,2026-07-30,3,ジャンヌマシェリ,6.0,6.0,矢野貴之,54.0,,,,,,,,,,,,,,,,,,,,,,4.9,2.0,,nar,2026-07-30,36.0,35.0,35.0,35.0,35.0,35.0,45,履歴少
202645073003,2026-07-30,3,ジョリージャイヴ,4.0,4.0,野畑凌,54.0,,,,川崎,スパーキングデビュー(2歳),,,,,,,,,,,,,,,,,2.2,1.0,,nar,2026-07-30,36.0,35.0,35.0,35.0,35.0,35.0,45,履歴少
202650073003,2026-07-30,3,スカイライズ,12.0,8.0,廣瀬航,55.0,,5.0,3.0,園田,C3二,6.0,1.0,園田,3歳C2,3.0,4.0,園田,奥海ダッシュ3歳C2,3.0,4.0,園田,3歳C2,8.0,8.0,園田,追入ダッシュ3歳C2,3.6,1.0,,nar,2026-07-30,54.37,69.0,39.4,64.7,50.0,52.2,45,履歴少 / 安定感
202630073003,2026-07-30,3,スティールアンバー,4.0,4.0,桑村真明,57.0,,3.0,1.0,門別,3歳以上C4ー2,2.0,1.0,門別,3歳以上C4ー2,1.0,1.0,門別,3歳条件未勝利(未勝利),3.0,1.0,門別,JRA認定競走フレッ(新馬)(2歳),,,,,3.7,2.0,,nar,2026-07-30,62.73,89.7,41.0,89.7,44.0,51.5,45,履歴少 / 安定感
202630073003,2026-07-30,3,スーパーブラザー,5.0,5.0,宮内勇樹,57.0,,16.0,15.0,3京都11,3歳未勝利,,,,,,,,,,,,,,,,,5.2,3.0,,nar,2026-07-30,36.15,29.6,39.1,29.6,40.6,39.5,45,履歴少 / サンプル少
202648073003,2026-07-30,3,セバスティアン,3.0,3.0,望月洵輝,56.0,,2.0,2.0,名古屋,オーシャンブルー特別(2歳),3.0,2.0,名古屋,名古屋モーニングフィ(2歳),4.0,2.0,名古屋,ゴールデンデビュー名(2歳),,,,,,,,,7.4,2.0,,nar,2026-07-30,62.72,85.1,44.0,75.1,59.0,55.3,45,履歴少 / 安定感
202650073003,2026-07-30,3,タマノルーナ,3.0,3.0,井上幹太,55.0,,6.0,7.0,園田,C3,6.0,5.0,園田,C3,3.0,2.0,園田,C3二,11.0,9.0,園田,2026HUK☆GW(C3),9.0,9.0,園田,笑原スプリントC3,4.8,3.0,,nar,2026-07-30,48.5,56.4,47.0,19.8,57.5,54.7,45,履歴少
202648073003,2026-07-30,3,ダバイストリーム,6.0,6.0,加藤聡一,55.0,,8.0,7.0,門別,JRA認定競走アタッ(未勝利)(2歳),12.0,6.0,門別,JRA認定競走アタッ(未勝利)(2歳),3.0,3.0,門別,JRA認定競走アタッ(未勝利)(2歳),7.0,5.0,門別,JRA認定競走アタッ(未勝利)(2歳),3.0,4.0,門別,JRA認定競走フレッ(新馬)(2歳),16.5,7.0,,nar,2026-07-30,43.24,49.2,36.1,30.1,39.5,56.7,45,履歴少 / 市場オッズ妙味
202630073003,2026-07-30,3,ツムグ,9.0,7.0,小野楓馬,57.0,,7.0,6.0,門別,リョウブ特別(C4),9.0,8.0,門別,グランシャリオドリー(C4),6.0,10.0,門別,日高山脈襟裳十勝国立(C4),13.0,11.0,門別,えんどう豆生まれドリ(C4),7.0,12.0,門別,3歳以上C4ー2,113.9,11.0,,nar,2026-07-30,44.41,42.6,53.2,0.0,60.5,56.8,45,履歴少
202650073003,2026-07-30,3,トレジャーハウス,6.0,5.0,山本屋太,55.0,,10.0,10.0,園田,C3二,5.0,9.0,園田,C3,9.0,9.0,園田,C3,7.0,10.0,園田,斑鳩ダッシュC3二,7.0,9.0,園田,C3二,42.0,10.0,,nar,2026-07-30,47.54,45.5,61.5,24.9,32.0,62.1,45,履歴少 / 市場オッズ妙味
202648073003,2026-07-30,3,ニシキクイーン,4.0,4.0,木之前葵,53.0,,5.0,5.0,名古屋,オーシャンブルー特別(2歳),4.0,3.0,名古屋,ゴールデンデビュー名(2歳),,,,,,,,,,,,,35.4,9.0,,nar,2026-07-30,49.29,57.4,43.8,48.4,42.2,52.5,45,履歴少 / サンプル少 / 市場オッズ妙味
202630073003,2026-07-30,3,ハッピーピンク,7.0,6.0,小川悠汰,52.0,,7.0,9.0,門別,3歳以上C4ー2,7.0,7.0,門別,3歳以上C4ー2,10.0,7.0,門別,沙流川温泉ひだか高原(C4),3.0,7.0,門別,3歳以上C4ー2,9.0,6.0,門別,ウツギ特別(C4),64.4,7.0,,nar,2026-07-30,46.48,50.3,52.0,14.6,51.5,53.5,45,履歴少
202630073003,2026-07-30,3,ピンクサウスポー,6.0,6.0,阿部龍,55.0,,8.0,6.0,門別,グランシャリオドリー(C4),11.0,3.0,佐賀,3歳ー4組,5.0,3.0,佐賀,パッカルくんのおとし(3歳),7.0,3.0,佐賀,パドックリニューアル(3歳),1.0,2.0,佐賀,パッカルくんのおとし(3歳),67.8,8.0,,nar,2026-07-30,38.87,49.7,25.7,30.1,38.0,43.8,45,履歴少
202630073003,2026-07-30,3,ブラストブラック,10.0,8.0,落合玄太,57.0,,1.0,1.0,門別,3歳以上C4ー3,2.0,1.0,門別,湧別サロマ湖関野剛平(C4),,,,,,,,,,,,,2.1,1.0,,nar,2026-07-30,53.46,71.0,43.8,48.4,48.8,49.3,45,履歴少 / サンプル少
202650073003,2026-07-30,3,ブルーディザイア,10.0,7.0,南部楓馬,54.0,,12.0,8.0,園田,C3二,9.0,8.0,園田,C3,11.0,8.0,園田,C3,4.0,5.0,園田,C3三,6.0,4.0,園田,C3二,22.5,8.0,,nar,2026-07-30,34.0,33.9,35.2,14.6,23.0,50.5,45,履歴少 / 市場オッズ妙味
202630073003,2026-07-30,3,ブールドネージュ,3.0,3.0,石川倭,55.0,,4.0,2.0,門別,3歳以上C4ー2,2.0,2.0,門別,道産子ポイントガード(C4),12.0,13.0,1新潟8,3歳未勝利,14.0,13.0,5東京3,2歳未勝利,13.0,15.0,5東京1,2歳未勝利,6.6,4.0,,nar,2026-07-30,54.84,48.8,47.6,55.3,87.5,58.0,45,履歴少 / 近走上向き
202650073003,2026-07-30,3,ホワイトニング,4.0,4.0,高畑皓一,55.0,,9.0,12.0,園田,C3二,10.0,10.0,園田,C3,10.0,12.0,園田,米地ダッシュC3,9.0,9.0,園田,C3三,10.0,10.0,園田,倭文高ダッシュC3二,139.3,12.0,,nar,2026-07-30,42.03,31.6,59.1,0.0,54.5,56.8,45,履歴少
202630073003,2026-07-30,3,ミラコレジェンヌ,11.0,8.0,亀井洋司,55.0,,6.0,2.0,門別,北海道野菜王国にった(C4),4.0,9.0,大井,C3一　二三(C3二),7.0,3.0,大井,C3一,10.0,2.0,大井,C3　選抜牝馬,5.0,5.0,大井,しながわデー開催賞(3歳二),13.6,5.0,,nar,2026-07-30,47.81,58.6,36.5,35.3,53.0,54.0,45,履歴少 / 市場オッズ妙味
202650073003,2026-07-30,3,モモノコトノハ,2.0,2.0,杉浦健太,55.0,,6.0,2.0,川崎,ガスト賞(3歳),4.0,2.0,川崎,ゼフィール賞(3歳),6.0,3.0,川崎,3歳8,9.0,2.0,川崎,3歳8,4.0,2.0,門別,2歳未勝利(未勝利),3.7,2.0,,nar,2026-07-30,44.15,62.1,25.3,35.3,48.5,43.9,45,履歴少
202650073003,2026-07-30,3,モンシュヴァル,5.0,5.0,塩津璃菜,53.0,,6.0,7.0,園田,C3,6.0,6.0,園田,C3二,8.0,4.0,園田,C3二,2.0,2.0,園田,C3二,6.0,6.0,園田,仁頂寺ダッシュC3二,12.6,6.0,,nar,2026-07-30,48.53,61.5,46.6,14.6,47.0,58.8,45,履歴少 / 市場オッズ妙味
202648073003,2026-07-30,3,ヤマビッグ,8.0,7.0,小笠原羚,52.0,,3.0,2.0,名古屋,ゴールデンデビュー名(2歳),,,,,,,,,,,,,,,,,16.1,6.0,,nar,2026-07-30,42.13,48.1,39.1,36.3,40.6,39.5,45,履歴少 / サンプル少
202630073003,2026-07-30,3,ラカーリア,1.0,1.0,岩橋勇二,55.0,,8.0,9.0,門別,3歳以上C4ー2,3.0,10.0,門別,道産子ポイントガード(C4),9.0,12.0,門別,とみくるマルシェ賞(C4),11.0,8.0,門別,グランシャリオドリー(C4),10.0,12.0,門別,グランシャリオドリー(C4),77.2,9.0,,nar,2026-07-30,51.35,47.2,66.9,24.9,51.5,60.0,45,履歴少 / 人気以上に走る傾向
202645073003,2026-07-30,3,ラムールサンセール,3.0,3.0,櫻井光輔,54.0,,,,,,,,,,,,,,,,,,,,,,5.3,3.0,,nar,2026-07-30,36.0,35.0,35.0,35.0,35.0,35.0,45,履歴少
202648073003,2026-07-30,3,リュウワンニーケー,2.0,2.0,近藤颯羽,52.0,,2.0,1.0,名古屋,2歳疾風戦,8.0,6.0,門別,2歳牝馬未勝利(未勝利),3.0,7.0,門別,2歳牝馬未勝利(未勝利),9.0,8.0,門別,JRA認定競走アタッ(未勝利)(2歳),6.0,7.0,門別,JRA認定競走アタッ(未勝利)(2歳),30.5,8.0,,nar,2026-07-30,58.39,67.0,49.6,50.2,77.0,56.9,45,履歴少 / 近走上向き / 市場オッズ妙味
202648073003,2026-07-30,3,ロイヤルアンバー,10.0,8.0,大畑慧悟,56.0,,1.0,1.0,名古屋,ゴールデンデビュー名(2歳),,,,,,,,,,,,,,,,,1.7,1.0,,nar,2026-07-30,43.64,51.6,40.6,36.3,40.6,40.6,45,履歴少 / サンプル少
202650073003,2026-07-30,3,ヴィンセント,7.0,6.0,永井孝典,55.0,,10.0,11.0,園田,C3二,11.0,12.0,園田,3歳C1C2,12.0,10.0,園田,弦谷スプリント3歳C(C2),8.0,8.0,園田,生琉里町7ハロン3歳(C2),7.0,12.0,園田,追入ダッシュ3歳C2,61.0,11.0,,nar,2026-07-30,38.96,27.7,54.7,0.0,47.0,56.8,45,履歴少
202645073004,2026-07-30,4,アキヴィオーラ,6.0,6.0,町田直希,54.0,,,,,,,,,,,,,,,,,,,,,,4.6,2.0,,nar,2026-07-30,36.0,35.0,35.0,35.0,35.0,35.0,45,履歴少
202645073004,2026-07-30,4,アクアマナ,8.0,8.0,和田譲治,54.0,,,,,,,,,,,,,,,,,,,,,,6.2,4.0,,nar,2026-07-30,36.0,35.0,35.0,35.0,35.0,35.0,45,履歴少
202645073004,2026-07-30,4,アットリーチェ,4.0,4.0,増田充宏,54.0,,,,,,,,,,,,,,,,,,,,,,7.6,6.0,,nar,2026-07-30,36.0,35.0,35.0,35.0,35.0,35.0,45,履歴少
202630073004,2026-07-30,4,アンエクスプロード,6.0,6.0,井上俊彦,57.0,,2.0,5.0,門別,3歳以上C3ー2C4,4.0,8.0,門別,グランシャリオドリー(C3),12.0,12.0,門別,グランシャリオドリー(C3),9.0,12.0,門別,骨密度ならMBP賞(C3),12.0,11.0,船橋,C1四　五,24.1,6.0,,nar,2026-07-30,62.44,55.8,65.7,55.3,93.5,62.1,45,履歴少 / 人気以上に走る傾向 / 近走上向き / 市場オッズ妙味
202648073004,2026-07-30,4,アンファール,7.0,6.0,大原浩司,55.0,,2.0,9.0,名古屋,3歳7組,5.0,6.0,名古屋,のあち27歳おめでと(3歳),6.0,9.0,名古屋,3歳7組,5.0,7.0,名古屋,3歳6組,5.0,7.0,名古屋,アジア・アジアパラ応(3歳),17.7,7.0,,nar,2026-07-30,71.01,73.7,74.3,80.2,69.5,72.0,45,履歴少 / 人気以上に走る傾向 / 近走上向き / 安定感
202650073004,2026-07-30,4,ウィステリアダディ,3.0,3.0,竹村達也,57.0,,6.0,8.0,園田,C3一,8.0,9.0,園田,C2二,8.0,10.0,園田,C2,9.0,7.0,園田,C2二,6.0,4.0,園田,C2二,31.3,7.0,,nar,2026-07-30,46.82,49.3,55.3,0.0,60.5,56.9,45,履歴少 / 市場オッズ妙味
202648073004,2026-07-30,4,ウインクリンゲル,6.0,5.0,丹羽克輝,57.0,,11.0,10.0,名古屋,けやき杯(OP)(3歳),3.0,2.0,名古屋,3歳5組,2.0,5.0,名古屋,3歳7組,7.0,2.0,名古屋,3歳6組,2.0,1.0,名古屋,3歳7組,9.6,6.0,,nar,2026-07-30,47.7,62.3,44.4,55.0,5.0,56.4,45,履歴少
202648073004,2026-07-30,4,ウインモアナ,1.0,1.0,小笠原羚,52.0,,11.0,9.0,名古屋,3歳6組,7.0,7.0,名古屋,3歳4組,11.0,7.0,名古屋,若芽賞(3歳),1.0,12.0,名古屋,3歳9組,7.0,7.0,名古屋,3歳9組,101.3,12.0,,nar,2026-07-30,41.33,43.0,51.4,14.6,23.0,56.8,45,履歴少
202630073004,2026-07-30,4,エスカルチャ,8.0,8.0,小川悠汰,54.0,,6.0,7.0,門別,3歳以上C3ー2C4,6.0,7.0,門別,グランシャリオドリー(C3),11.0,8.0,門別,グランシャリオドリー(C3),8.0,11.0,門別,骨密度ならMBP賞(C3),6.0,7.0,門別,ヒナゲシ特別(C3),52.2,7.0,,nar,2026-07-30,46.3,49.8,53.5,0.0,60.5,55.5,45,履歴少
202648073004,2026-07-30,4,エバーウインド,11.0,8.0,筒井勇介,55.0,,8.0,3.0,名古屋,3歳5組,1.0,3.0,名古屋,3歳12組,12.0,11.0,1新潟7,3歳未勝利,15.0,13.0,3京都6,3歳未勝利,12.0,9.0,1阪神10,3歳未勝利,6.5,4.0,,nar,2026-07-30,42.9,41.9,37.3,24.9,62.0,52.1,45,履歴少
202645073004,2026-07-30,4,エポナシャンス,1.0,1.0,佐野遥久,54.0,,,,,,,,,,,,,,,,,,,,,,8.3,7.0,,nar,2026-07-30,36.0,35.0,35.0,35.0,35.0,35.0,45,履歴少
202630073004,2026-07-30,4,オギフシノチカイ,7.0,7.0,小野楓馬,55.0,,1.0,3.0,門別,グランシャリオドリー(C4),1.0,1.0,門別,3歳条件未勝利(未勝利),2.0,2.0,門別,3歳条件未勝利(未勝利),3.0,5.0,門別,2歳牝馬未勝利(未勝利),3.0,5.0,門別,2歳牝馬未勝利(未勝利),4.6,3.0,,nar,2026-07-30,72.15,94.4,57.7,100.0,57.5,60.4,45,履歴少 / 安定感
202650073004,2026-07-30,4,オースミストロング,7.0,7.0,佐々木世,55.0,,3.0,2.0,園田,C3一,10.0,9.0,園田,C2一,7.0,6.0,園田,C2一,8.0,3.0,園田,C2一,6.0,5.0,園田,C2一,4.7,3.0,,nar,2026-07-30,49.52,55.4,38.9,30.4,78.5,50.7,45,履歴少 / 近走上向き
202630073004,2026-07-30,4,オールスパイス,1.0,1.0,黒澤愛斗,55.0,,7.0,8.0,門別,3歳以上C3ー2C4,6.0,7.0,門別,3歳以上C3ー2C4,7.0,6.0,門別,グランシャリオドリー(C3),6.0,8.0,門別,ヤマボウシ特別(C3),9.0,9.0,門別,3歳以上C3ー2C4,179.8,8.0,,nar,2026-07-30,46.33,53.5,54.5,0.0,50.0,55.5,45,履歴少
202650073004,2026-07-30,4,カイラシ,10.0,8.0,福原杏,55.0,,4.0,2.0,園田,C3二,11.0,8.0,園田,青馬ひすみ☆モヤシか(C2),5.0,7.0,園田,C2一,6.0,7.0,園田,C2一,1.0,4.0,園田,C2三,5.1,4.0,,nar,2026-07-30,55.2,60.6,46.5,60.5,60.5,57.6,45,履歴少 / 安定感
202630073004,2026-07-30,4,カセノフォルス,3.0,3.0,阿部龍,57.0,,1.0,1.0,門別,3歳以上C4ー2,2.0,5.0,門別,3歳以上C4ー2,11.0,4.0,門別,グランシャリオドリー(C4),1.0,1.0,門別,3歳条件未勝利(未勝利),2.0,2.0,門別,3歳条件未勝利(未勝利),6.8,4.0,,nar,2026-07-30,63.78,81.4,45.6,80.2,68.0,55.6,45,履歴少 / 近走上向き / 安定感
202630073004,2026-07-30,4,ガイストゼーゲン,5.0,5.0,服部茂史,57.0,,2.0,1.0,門別,3歳以上C3ー2C4,2.0,1.0,門別,グランシャリオドリー(C3),2.0,2.0,門別,グランシャリオドリー(C3),1.0,2.0,門別,グランシャリオドリー(C4),3.0,2.0,門別,たきかわ菜の花まつり(C4),1.9,1.0,,nar,2026-07-30,66.7,92.3,46.4,100.0,50.0,51.4,45,履歴少 / 安定感
202648073004,2026-07-30,4,キタカラキタマアヤ,9.0,7.0,大畑慧悟,55.0,,12.0,10.0,名古屋,夏波賞(3歳),5.0,10.0,名古屋,若芽賞(3歳),11.0,11.0,名古屋,3歳4組,7.0,8.0,名古屋,今年も馬ッチリ駆け巡(3歳),10.0,12.0,名古屋,薫風賞(3歳),84.9,10.0,,nar,2026-07-30,42.3,35.0,56.9,24.9,27.5,57.4,45,履歴少
202650073004,2026-07-30,4,クールジャーマン,9.0,8.0,小牧太,57.0,,4.0,4.0,園田,C3一,9.0,6.0,園田,C2二,10.0,11.0,園田,青馬ひすみ☆モヤシか(C2),8.0,9.0,園田,C2一,3.0,3.0,園田,今田町間新田(C2),4.4,2.0,,nar,2026-07-30,51.78,52.7,47.2,40.7,71.0,55.7,45,履歴少 / 近走上向き
202648073004,2026-07-30,4,グレーターグレイ,10.0,7.0,木之前葵,53.0,,10.0,10.0,名古屋,3歳6組,10.0,6.0,名古屋,若芽賞(3歳),6.0,8.0,名古屋,3歳3組,1.0,6.0,名古屋,3歳8組,4.0,3.0,名古屋,3歳7組,89.6,11.0,,nar,2026-07-30,43.72,49.8,50.2,24.9,21.5,54.8,45,履歴少
202630073004,2026-07-30,4,コウユーダイダイ,4.0,4.0,石川倭,55.0,,4.0,1.0,門別,3歳以上C3ー2C4,1.0,3.0,門別,ゴールデンルーキー市(C4),4.0,1.0,門別,3歳以上C4ー2,4.0,3.0,門別,3歳以上C4ー2,13.0,11.0,3中山5,3歳未勝利,3.9,2.0,,nar,2026-07-30,60.1,74.5,40.5,89.7,59.0,51.2,45,履歴少 / 安定感
202648073004,2026-07-30,4,コスモギオン,12.0,8.0,丸野勝虎,57.0,,7.0,11.0,名古屋,3歳6組,4.0,12.0,名古屋,3歳5組,8.0,11.0,名古屋,若芽賞(3歳),8.0,11.0,名古屋,3歳5組,9.0,9.0,名古屋,今年も馬ッチリ駆け巡(3歳),43.2,9.0,,nar,2026-07-30,57.32,53.6,79.7,24.9,51.5,68.0,45,履歴少 / 人気以上に走る傾向 / 過小評価傾向 / 市場オッズ妙味
202648073004,2026-07-30,4,ゴッドシュアウイン,5.0,5.0,渡辺竜也,57.0,,1.0,6.0,名古屋,名古屋モーニングフィ(3歳),5.0,3.0,名古屋,3歳13組,15.0,14.0,3京都3,3歳未勝利,11.0,15.0,2阪神7,3歳未勝利,12.0,10.0,1中京6,3歳未勝利,4.2,2.0,,nar,2026-07-30,59.79,51.5,58.4,55.3,100.0,58.7,45,履歴少 / 近走上向き
202650073004,2026-07-30,4,スマートレイヴ,4.0,4.0,田野豊三,55.0,,2.0,5.0,園田,C3二,7.0,3.0,園田,C3一,2.0,2.0,園田,C3二,4.0,2.0,園田,C3二,3.0,4.0,園田,榊町7ハロンC3二,5.9,5.0,,nar,2026-07-30,62.45,78.9,48.1,75.1,62.0,56.3,45,履歴少 / 安定感
202650073004,2026-07-30,4,タイイクスワリ,6.0,6.0,小谷周平,57.0,,7.0,8.0,園田,C3一,6.0,12.0,園田,C2三,,,園田,ラベンダー賞C2二,10.0,10.0,園田,C2一,9.0,7.0,園田,C2二,35.0,8.0,,nar,2026-07-30,48.7,48.1,63.9,0.0,58.0,60.4,45,履歴少 / 市場オッズ妙味
202645073004,2026-07-30,4,テルケンユミツバキ,5.0,5.0,中越琉世,54.0,,,,,,,,,,,,,,,,,,,,,,12.2,8.0,,nar,2026-07-30,36.0,35.0,35.0,35.0,35.0,35.0,45,履歴少
202645073004,2026-07-30,4,パタヤビーチ,2.0,2.0,古岡勇樹,54.0,,,,,,,,,,,,,,,,,,,,,,6.9,5.0,,nar,2026-07-30,36.0,35.0,35.0,35.0,35.0,35.0,45,履歴少
202648073004,2026-07-30,4,ブルースプレイヤー,4.0,4.0,阪野学,57.0,,8.0,4.0,名古屋,3歳6組,1.0,5.0,名古屋,3歳11組,18.0,16.0,3京都11,3歳未勝利,15.0,15.0,1阪神10,3歳未勝利,9.0,8.0,1阪神5,3歳未勝利,9.0,5.0,,nar,2026-07-30,46.07,42.0,45.0,24.9,66.5,57.4,45,履歴少 / 近走上向き
202648073004,2026-07-30,4,ベイビーメイビー,8.0,6.0,塚本征吾,55.0,,4.0,2.0,名古屋,3歳7組,1.0,1.0,名古屋,3歳12組,11.0,11.0,1阪神3,3歳未勝利,10.0,6.0,5中京3,2歳未勝利,14.0,3.0,4京都3,2歳新馬,4.7,3.0,,nar,2026-07-30,50.9,56.1,33.7,55.3,80.0,45.5,45,履歴少 / 近走上向き
202648073004,2026-07-30,4,ベベペッパー,2.0,2.0,今井貴大,55.0,,5.0,2.0,名古屋,3歳6組,1.0,3.0,名古屋,3歳10組,4.0,1.0,名古屋,3歳9組,9.0,5.0,1新潟4,3歳未勝利,12.0,12.0,1阪神7,3歳未勝利,3.7,1.0,,nar,2026-07-30,55.76,67.1,38.9,75.1,59.0,50.4,45,履歴少 / 安定感
202648073004,2026-07-30,4,ホレキタヤレキタ,3.0,3.0,近藤颯羽,54.0,,8.0,4.0,名古屋,3歳4組,4.0,5.0,名古屋,若芽賞(3歳),2.0,10.0,名古屋,3歳5組,6.0,10.0,名古屋,3歳5組,9.0,10.0,名古屋,ベリー賞(3歳),22.7,8.0,,nar,2026-07-30,54.49,63.0,59.1,44.7,33.5,62.8,45,履歴少 / 市場オッズ妙味
202650073004,2026-07-30,4,ミステリアスレディ,1.0,1.0,土方颯太,55.0,,8.0,8.0,園田,C2一,9.0,9.0,園田,C2一,12.0,12.0,園田,C2一,10.0,9.0,園田,C1,7.0,8.0,園田,C1二,73.4,10.0,,nar,2026-07-30,40.57,34.2,49.7,0.0,59.0,53.5,45,履歴少
202650073004,2026-07-30,4,ミストレビノ,8.0,7.0,山田雄大,55.0,,9.0,7.0,園田,C3一,7.0,11.0,園田,C2二,,,園田,ラベンダー賞C2二,5.0,8.0,園田,C2二,7.0,8.0,園田,C2二,36.2,9.0,,nar,2026-07-30,46.52,48.8,58.1,14.6,34.0,61.2,45,履歴少 / 市場オッズ妙味
202645073004,2026-07-30,4,ミーリイ,3.0,3.0,野畑凌,54.0,,,,,,,,,,,,,,,,,,,,,,4.5,1.0,,nar,2026-07-30,36.0,35.0,35.0,35.0,35.0,35.0,45,履歴少
202645073004,2026-07-30,4,モウエエワ,7.0,7.0,池谷匠翔,54.0,,,,,,,,,,,,,,,,,,,,,,5.9,3.0,,nar,2026-07-30,36.0,35.0,35.0,35.0,35.0,35.0,45,履歴少
202650073004,2026-07-30,4,リゴートゥー,5.0,5.0,長尾翼玖,57.0,,2.0,2.0,園田,C3二,5.0,5.0,園田,C3一,4.0,7.0,園田,C3一,3.0,2.0,園田,C3一,4.0,4.0,園田,C3一,3.2,1.0,,nar,2026-07-30,66.98,80.0,53.1,100.0,62.0,56.3,45,履歴少 / 安定感
202630073004,2026-07-30,4,ロピア,2.0,2.0,桑村真明,55.0,,6.0,5.0,門別,3歳以上C3ー2C4,4.0,9.0,門別,グランシャリオドリー(C3),10.0,5.0,門別,骨密度ならMBP賞(C3),8.0,6.0,門別,グランシャリオドリー(C3),6.0,3.0,門別,グランシャリオドリー(C3),20.1,5.0,,nar,2026-07-30,47.95,55.3,45.5,24.9,56.0,52.4,45,履歴少 / 市場オッズ妙味
202650073004,2026-07-30,4,ロングロングロング,2.0,2.0,板野央,57.0,,4.0,4.0,園田,C3,7.0,12.0,園田,C2二,9.0,8.0,園田,C2二,5.0,6.0,園田,C2三,6.0,9.0,園田,C2三,29.8,6.0,,nar,2026-07-30,57.62,59.3,60.5,45.0,66.5,61.5,45,履歴少 / 近走上向き / 市場オッズ妙味
202648073005,2026-07-30,5,アイオロステソーロ,3.0,3.0,木之前葵,55.0,,3.0,8.0,名古屋,夏波賞(3歳),9.0,11.0,名古屋,3歳6組,10.0,10.0,名古屋,3歳5組,11.0,11.0,名古屋,3歳5組,9.0,8.0,名古屋,3歳5組,16.6,10.0,,nar,2026-07-30,56.8,46.7,63.4,30.4,90.5,67.9,45,履歴少 / 近走上向き / 過小評価傾向 / 市場オッズ妙味
202630073005,2026-07-30,5,アオフガーベ,9.0,8.0,阿部龍,55.0,,7.0,5.0,門別,JRA認定競走フレッ(新馬)(2歳),,,,,,,,,,,,,,,,,12.4,8.0,,nar,2026-07-30,38.83,41.1,37.6,29.6,40.6,38.4,45,履歴少 / サンプル少
202650073005,2026-07-30,5,アスターリコッタ,3.0,3.0,廣瀬航,55.0,,6.0,4.0,園田,糺の森7ハロンC2二,14.0,16.0,3京都3,3歳未勝利,12.0,14.0,1阪神3,3歳未勝利,10.0,15.0,1小倉5,3歳未勝利,13.0,13.0,3京都6,2歳新馬,10.1,6.0,,nar,2026-07-30,44.75,25.1,57.1,0.0,87.5,64.4,45,履歴少 / 近走上向き
202648073005,2026-07-30,5,アマビエ,10.0,7.0,望月洵輝,55.0,,7.0,11.0,名古屋,夏波賞(3歳),11.0,9.0,名古屋,名古屋モーニングフィ(3歳),4.0,5.0,名古屋,3歳9組,4.0,8.0,名古屋,3歳8組,4.0,5.0,名古屋,3歳12組,25.5,11.0,,nar,2026-07-30,53.59,54.7,61.2,44.7,42.5,61.5,45,履歴少 / 市場オッズ妙味
202630073005,2026-07-30,5,アヴェンタ,1.0,1.0,黒澤愛斗,55.0,,7.0,7.0,門別,JRA認定競走フレッ(新馬)(2歳),,,,,,,,,,,,,,,,,56.8,9.0,,nar,2026-07-30,39.88,41.1,40.6,29.6,40.6,40.6,45,履歴少 / サンプル少
202630073005,2026-07-30,5,ウィンターキャビン,5.0,5.0,桑村真明,55.0,,1.0,7.0,門別,2歳未勝利(未勝利),9.0,4.0,門別,北のハードワーカー菊(未勝利)(2歳),4.0,4.0,門別,JRA認定競走フレッ(新馬)(2歳),,,,,,,,,8.9,4.0,,nar,2026-07-30,62.51,72.4,55.4,50.2,83.0,60.4,45,履歴少 / 近走上向き
202648073005,2026-07-30,5,ウインアレグロ,4.0,4.0,大畑雅章,55.0,,12.0,10.0,名古屋,アジア・アジアパラ応(3歳),11.0,12.0,名古屋,3歳9組,11.0,9.0,名古屋,3歳7組,10.0,11.0,名古屋,3歳7組,9.0,10.0,名古屋,3歳7組,145.4,12.0,,nar,2026-07-30,33.5,20.4,46.5,0.0,39.5,52.9,45,履歴少
202645073005,2026-07-30,5,ウインプリームス,2.0,2.0,櫻井光輔,54.0,,6.0,3.0,川崎,C2三　四,2.0,6.0,川崎,C2一　二,1.0,3.0,川崎,C2五　六,4.0,3.0,川崎,夢見ヶ崎賞(C2),5.0,8.0,浦和,C2八　九,11.3,5.0,,nar,2026-07-30,60.81,79.0,54.5,69.6,32.0,63.6,45,履歴少 / 安定感
202645073005,2026-07-30,5,エルロロ,8.0,7.0,中越琉世,54.0,,10.0,12.0,船橋,鶯賞(C1五),12.0,7.0,大井,ベルモントノーヴァ賞(C1八),9.0,7.0,船橋,馬い!むらっち玉ねぎ(C1),4.0,6.0,船橋,馬い!イザナミ淡路の(C1),4.0,4.0,船橋,C1四　五六　ア(C1五),82.0,10.0,,nar,2026-07-30,40.0,37.6,44.8,24.9,33.5,51.5,45,履歴少
202645073005,2026-07-30,5,オリコウパラダイス,7.0,7.0,伊藤裕人,56.0,,5.0,4.0,川崎,C2一　二,3.0,1.0,川崎,C2一　二,1.0,3.0,川崎,C2三　四,2.0,5.0,川崎,C2三　四,9.0,6.0,川崎,C2三　四,7.4,4.0,,nar,2026-07-30,61.97,78.5,48.0,89.7,42.5,57.9,45,履歴少 / 安定感
202630073005,2026-07-30,5,カストール,2.0,2.0,服部茂史,55.0,,5.0,2.0,門別,JRA認定競走アタッ(未勝利)(2歳),1.0,1.0,門別,2歳未勝利(未勝利),6.0,6.0,門別,JRA認定競走フレッ(新馬)(2歳),,,,,,,,,7.7,3.0,,nar,2026-07-30,55.2,76.5,41.5,55.3,41.0,55.4,45,履歴少
202645073005,2026-07-30,5,カレンメラメーラ,5.0,5.0,木間塚龍,54.0,,10.0,6.0,川崎,稲光賞(C2),6.0,11.0,川崎,C2一　二,6.0,10.0,川崎,C2一　二,5.0,9.0,川崎,錨草賞(C2),11.0,9.0,川崎,C2一　二,47.6,9.0,,nar,2026-07-30,45.87,47.3,58.4,14.6,32.0,60.9,45,履歴少 / 市場オッズ妙味
202648073005,2026-07-30,5,クィーンズローズ,7.0,6.0,丸山真一,55.0,,10.0,6.0,名古屋,名古屋モーニングフィ(3歳),2.0,8.0,名古屋,アジア・アジアパラ応(3歳),9.0,6.0,名古屋,3歳10組,4.0,9.0,名古屋,3歳10組,6.0,7.0,名古屋,3歳10組,13.2,8.0,,nar,2026-07-30,49.62,55.8,53.6,39.5,21.5,66.3,45,履歴少 / 過小評価傾向 / 市場オッズ妙味
202648073005,2026-07-30,5,クリコメリー,1.0,1.0,近藤颯羽,52.0,,4.0,7.0,名古屋,3歳6組,1.0,4.0,名古屋,アジア・アジアパラ応(3歳),4.0,7.0,名古屋,3歳13組,9.0,11.0,3京都6,3歳未勝利,11.0,7.0,名古屋,名古屋CCチェリー賞(3歳),10.3,6.0,,nar,2026-07-30,65.44,70.4,64.9,75.1,63.5,64.5,45,履歴少 / 安定感
202650073005,2026-07-30,5,クールブレーブ,7.0,7.0,吉村智洋,55.0,,7.0,4.0,園田,C2二,10.0,15.0,3阪神1,3歳未勝利,13.0,15.0,3京都7,3歳未勝利,,,,,,,,,5.0,3.0,,nar,2026-07-30,44.73,31.4,56.8,0.0,77.0,61.2,45,履歴少 / 近走上向き
202648073005,2026-07-30,5,ケイズシャーロット,8.0,6.0,加藤聡一,55.0,,2.0,5.0,名古屋,夏波賞(3歳),11.0,8.0,名古屋,3歳5組,5.0,6.0,名古屋,3歳7組,8.0,6.0,名古屋,3歳6組,5.0,2.0,名古屋,3歳3組,3.3,1.0,,nar,2026-07-30,57.23,59.8,48.3,60.5,81.5,52.5,45,履歴少 / 近走上向き / 安定感
202650073005,2026-07-30,5,ココプレミア,2.0,2.0,小谷哲平,54.0,,10.0,7.0,園田,C2二,16.0,16.0,3阪神2,3歳未勝利,14.0,12.0,2阪神6,3歳未勝利,13.0,13.0,1京都7,3歳新馬,,,,,59.1,8.0,,nar,2026-07-30,32.93,10.1,39.8,0.0,76.0,49.4,45,履歴少 / 近走上向き
202645073005,2026-07-30,5,シンボルザサン,6.0,6.0,佐野遥久,56.0,,8.0,5.0,川崎,寄ロウバイまつり賞(C1),4.0,3.0,川崎,C1四　五六(C1五),2.0,3.0,川崎,極楽寺賞(C2二),6.0,7.0,浦和,秋晴特別(C2),1.0,6.0,川崎,C2三　四,23.3,8.0,,nar,2026-07-30,52.81,69.6,47.9,55.0,21.5,58.2,45,履歴少 / 市場オッズ妙味
202650073005,2026-07-30,5,ジュエルドパリ,5.0,5.0,高橋洸佑,54.0,,1.0,3.0,園田,C3二,2.0,2.0,園田,C3二,5.0,3.0,園田,C3一,4.0,7.0,園田,C3一,8.0,5.0,園田,笑原スプリントC3,7.7,4.0,,nar,2026-07-30,67.82,82.4,52.4,89.7,72.5,58.7,45,履歴少 / 近走上向き / 安定感
202648073005,2026-07-30,5,スタープレイン,2.0,2.0,小笠原羚,54.0,,9.0,8.0,名古屋,名古屋モーニングフィ(3歳),10.0,8.0,名古屋,3歳8組,9.0,8.0,名古屋,3歳6組,5.0,7.0,名古屋,3歳7組,12.0,7.0,名古屋,3歳4組,16.6,9.0,,nar,2026-07-30,40.65,36.2,41.4,14.6,50.0,59.4,45,履歴少 / 市場オッズ妙味
202630073005,2026-07-30,5,スターリーローラー,10.0,8.0,藤田凌駕,53.0,,7.0,5.0,門別,JRA認定競走アタッ(未勝利)(2歳),6.0,3.0,門別,JRA認定競走アタッ(未勝利)(2歳),4.0,4.0,門別,JRA認定競走アタッ(未勝利)(2歳),3.0,7.0,門別,JRA認定競走フレッ(新馬)(2歳),,,,,10.8,6.0,,nar,2026-07-30,49.68,64.7,44.0,34.3,34.0,59.3,45,履歴少
202645073005,2026-07-30,5,ゼンダントモニ,9.0,8.0,野畑凌,56.0,,5.0,1.0,川崎,C2一　二,2.0,1.0,川崎,八幡平ウマッシュルー(C1),7.0,1.0,船橋,馬い!卵はサンサンエ(C1),1.0,2.0,川崎,C2一　二,1.0,1.0,川崎,C2三　四,3.4,2.0,,nar,2026-07-30,55.18,78.8,32.5,80.2,36.5,48.7,45,履歴少 / 安定感
202648073005,2026-07-30,5,デスヨッテニ,12.0,8.0,筒井勇介,55.0,,10.0,5.0,笠松,ガンバロウ笠松競馬(3歳),3.0,6.0,笠松,黒神様に感謝!大阪で(3歳),3.0,5.0,笠松,3歳2組,,,笠松,葛島兄弟生誕38周年(3歳),3.0,3.0,笠松,第2回キタハラジョー(3歳),7.3,3.0,,nar,2026-07-30,49.44,64.1,46.9,55.0,8.0,58.5,45,履歴少
202650073005,2026-07-30,5,ナリタゲッコウ,6.0,6.0,井上幹太,55.0,,1.0,1.0,園田,C3四,3.0,2.0,園田,蒲江7ハロン3歳C2,2.0,4.0,園田,3歳C2二,,,,,,,,,10.2,7.0,,nar,2026-07-30,67.37,92.6,51.4,75.1,59.0,61.0,45,履歴少 / 安定感
202645073005,2026-07-30,5,ハクシンダンス,10.0,8.0,中島良美,52.0,,4.0,4.0,浦和,C2三　四,5.0,4.0,浦和,草加宿特別(C2),13.0,5.0,船橋,タマシギ特別(C2),4.0,2.0,浦和,C2三　四,,,船橋,C2二　三四　イ(C2三),11.9,6.0,,nar,2026-07-30,52.75,57.9,33.4,69.9,70.0,51.6,45,履歴少 / 近走上向き / 安定感
202648073005,2026-07-30,5,ファビュラスベガス,5.0,5.0,細川智史,55.0,,9.0,2.0,名古屋,夏波賞(3歳),5.0,5.0,名古屋,白雲賞(3歳),3.0,3.0,名古屋,3歳11組,16.0,15.0,3京都9,3歳未勝利,13.0,12.0,3京都6,3歳未勝利,9.1,5.0,,nar,2026-07-30,44.12,44.9,33.4,44.7,51.5,53.5,45,履歴少
202650073005,2026-07-30,5,フィーロ,9.0,8.0,松木大地,57.0,,6.0,9.0,園田,C2二,8.0,5.0,園田,C2二,1.0,3.0,園田,C3二,8.0,9.0,園田,C3一,6.0,9.0,園田,C3一,90.1,9.0,,nar,2026-07-30,51.67,61.6,57.1,19.8,48.5,57.4,45,履歴少
202648073005,2026-07-30,5,フェスティヴニーサ,9.0,7.0,塚本征吾,57.0,,3.0,8.0,名古屋,3歳6組,6.0,5.0,名古屋,3歳4組,5.0,6.0,名古屋,3歳6組,6.0,3.0,名古屋,3歳5組,3.0,3.0,名古屋,3歳5組,11.2,7.0,,nar,2026-07-30,61.53,71.4,57.2,60.5,62.0,61.6,45,履歴少 / 安定感
202645073005,2026-07-30,5,フリージングフォグ,1.0,1.0,古岡勇樹,54.0,,1.0,2.0,金沢,B28　特別編成(B2特別),11.0,7.0,金沢,グリーンチャンネル開(B2),7.0,4.0,金沢,B14,4.0,2.0,金沢,B14,4.0,2.0,金沢,石崎奉燈祭賞(B1),20.9,7.0,,nar,2026-07-30,55.16,64.6,37.5,55.3,83.0,49.8,45,履歴少 / 近走上向き / 市場オッズ妙味
202630073005,2026-07-30,5,フルオブポップス,3.0,3.0,宮内勇樹,55.0,,2.0,5.0,門別,2歳未勝利(未勝利),6.0,7.0,門別,JRA認定競走フレッ(新馬)(2歳),,,,,,,,,,,,,9.9,5.0,,nar,2026-07-30,54.01,60.7,53.6,34.7,58.7,60.4,45,履歴少 / サンプル少
202630073005,2026-07-30,5,ブラックタイクーン,4.0,4.0,近藤翔月,54.0,,4.0,4.0,門別,JRA認定競走アタッ(未勝利)(2歳),6.0,6.0,門別,JRA認定競走アタッ(未勝利)(2歳),4.0,6.0,門別,JRA認定競走アタッ(未勝利)(2歳),4.0,2.0,門別,JRA認定競走フレッ(新馬)(2歳),,,,,11.4,7.0,,nar,2026-07-30,59.43,71.6,50.8,64.7,54.0,60.4,45,履歴少 / 安定感
202648073005,2026-07-30,5,ブルーアンバー,6.0,5.0,丸野勝虎,55.0,,10.0,4.0,名古屋,3歳7組,2.0,4.0,名古屋,のあち27歳おめでと(3歳),7.0,4.0,名古屋,3歳7組,3.0,1.0,名古屋,3歳6組,2.0,2.0,名古屋,3歳9組,6.4,2.0,,nar,2026-07-30,45.15,63.5,34.5,49.8,11.0,52.1,45,履歴少
202645073005,2026-07-30,5,ボールドポリシー,3.0,3.0,新原周馬,54.0,,2.0,4.0,川崎,C2三　四,2.0,7.0,川崎,C2三　四,8.0,6.0,川崎,C2三　四,11.0,4.0,川崎,C2四　五,7.0,4.0,川崎,C2三　四,6.5,3.0,,nar,2026-07-30,59.62,67.9,50.9,55.3,80.0,54.7,45,履歴少 / 近走上向き
202645073005,2026-07-30,5,マッセダムール,4.0,4.0,笹川翼,54.0,,2.0,3.0,川崎,C2一　二,11.0,2.0,川崎,スフィーダ賞(C1),2.0,1.0,川崎,C2一　二,5.0,3.0,川崎,モナコ賞(C2),2.0,1.0,川崎,熊手賞(C2),2.7,1.0,,nar,2026-07-30,55.67,70.6,32.3,75.1,68.0,46.4,45,履歴少 / 近走上向き / 安定感
202650073005,2026-07-30,5,メイショウシュート,4.0,4.0,南部楓馬,54.0,,1.0,1.0,園田,C3三,3.0,3.0,園田,C3二,5.0,2.0,園田,C3一,2.0,1.0,姫路,C3二,4.0,4.0,姫路,C3一,7.9,5.0,,nar,2026-07-30,67.02,86.0,44.8,100.0,65.0,56.2,45,履歴少 / 近走上向き / 安定感
202650073005,2026-07-30,5,メイショウゼルク,8.0,8.0,下原理,55.0,,10.0,16.0,3京都12,3歳未勝利,16.0,11.0,3京都1,3歳未勝利,11.0,16.0,2阪神5,3歳未勝利,9.0,9.0,1阪神9,3歳未勝利,,,,,3.5,2.0,,nar,2026-07-30,40.83,19.8,62.2,0.0,62.0,60.2,45,履歴少
202648073005,2026-07-30,5,ユイノレジスタンス,11.0,8.0,今井貴大,57.0,,4.0,6.0,名古屋,3歳12組,12.0,8.0,名古屋,3歳10組,6.0,6.0,名古屋,3歳11組,11.0,6.0,名古屋,3歳8組,8.0,5.0,名古屋,3歳9組,8.4,4.0,,nar,2026-07-30,47.6,45.4,40.0,30.4,81.5,52.6,45,履歴少 / 近走上向き
202630073005,2026-07-30,5,リガンド,6.0,6.0,石川倭,55.0,,2.0,1.0,門別,2歳未勝利(未勝利),5.0,2.0,門別,JRA認定競走アタッ(未勝利)(2歳),2.0,1.0,門別,JRA認定競走アタッ(未勝利)(2歳),2.0,4.0,門別,JRA認定競走フレッ(新馬)(2歳),,,,,2.1,1.0,,nar,2026-07-30,63.18,85.3,42.5,89.7,56.0,50.7,45,履歴少 / 安定感
202630073005,2026-07-30,5,リュウノソイジャー,7.0,7.0,亀井洋司,55.0,,8.0,10.0,門別,2歳未勝利(未勝利),,,門別,2歳未勝利(未勝利),7.0,6.0,門別,JRA認定競走フレッ(新馬)(2歳),,,,,,,,,80.0,10.0,,nar,2026-07-30,42.91,43.9,48.6,18.0,42.2,51.5,45,履歴少 / サンプル少
202630073005,2026-07-30,5,レモンサワー,8.0,7.0,落合玄太,55.0,,1.0,1.0,門別,2歳未勝利(未勝利),5.0,2.0,門別,2歳未勝利(未勝利),6.0,7.0,門別,JRA認定競走アタッ(未勝利)(2歳),6.0,4.0,門別,JRA認定競走アタッ(未勝利)(2歳),3.0,5.0,門別,JRA認定競走フレッ(新馬)(2歳),7.0,2.0,,nar,2026-07-30,61.63,76.6,45.6,65.7,74.0,57.0,45,履歴少 / 近走上向き / 安定感
202650073005,2026-07-30,5,ワンダーグァルネリ,1.0,1.0,小牧太,57.0,,1.0,1.0,園田,C3,4.0,1.0,園田,C3一,2.0,3.0,園田,C3一,3.0,2.0,園田,C3,7.0,4.0,園田,C3一,3.5,1.0,,nar,2026-07-30,64.77,85.1,43.0,89.7,68.0,51.4,45,履歴少 / 近走上向き / 安定感
202645073006,2026-07-30,6,インマイブラッド,4.0,4.0,伊藤裕人,54.0,,4.0,9.0,浦和,特選(C2),8.0,11.0,川崎,稲魂賞(C2),10.0,10.0,川崎,ソルスティツィオ賞(C2),9.0,9.0,船橋,アマガエルスプリント(C2),10.0,8.0,川崎,C2三　四,69.0,10.0,,nar,2026-07-30,54.79,47.7,64.4,30.4,81.5,57.4,45,履歴少 / 近走上向き
202630073006,2026-07-30,6,ウィルフレッド,5.0,5.0,宮内勇樹,55.0,,,,,,,,,,,,,,,,,,,,,,8.4,5.0,,nar,2026-07-30,36.0,35.0,35.0,35.0,35.0,35.0,45,履歴少
202650073006,2026-07-30,6,ウィンビュー,7.0,6.0,塩津璃菜,51.0,,,,園田,C2一,3.0,5.0,園田,SKNフラッシュ8&(C2),3.0,6.0,園田,C2一,3.0,8.0,姫路,C2二,7.0,5.0,姫路,C2二,6.0,2.0,,nar,2026-07-30,65.64,79.2,66.2,59.3,58.0,64.1,45,履歴少 / 人気以上に走る傾向
202648073006,2026-07-30,6,ウォーターリッシュ,6.0,5.0,加藤利征,55.0,,8.0,1.0,名古屋,金シャチ最終戦777(C),2.0,7.0,名古屋,C5組,6.0,7.0,名古屋,送迎バスの運転手さん(C),8.0,11.0,名古屋,C8組,9.0,12.0,名古屋,おうすけ高校入学おめ(C),28.3,8.0,,nar,2026-07-30,49.0,58.3,50.4,24.9,39.5,59.5,45,履歴少 / 市場オッズ妙味
202630073006,2026-07-30,6,エムティアイビー,4.0,4.0,石川倭,55.0,,,,,,,,,,,,,,,,,,,,,,7.5,4.0,,nar,2026-07-30,36.0,35.0,35.0,35.0,35.0,35.0,45,履歴少
202645073006,2026-07-30,6,エースクイーン,11.0,8.0,鷹見陸,54.0,,3.0,1.0,川崎,稲魂賞(C2),1.0,1.0,川崎,風神賞(C2),1.0,2.0,川崎,雷響賞(C2),5.0,8.0,川崎,金剛賞(C1),5.0,4.0,川崎,名越賞(C1),2.0,1.0,,nar,2026-07-30,66.28,87.2,49.5,100.0,50.0,53.6,45,履歴少 / 安定感
202645073006,2026-07-30,6,オースター,8.0,7.0,西啓太,56.0,,5.0,4.0,川崎,雲神賞(C2),2.0,3.0,川崎,雷響賞(C2),4.0,6.0,川崎,芍薬賞(C2),3.0,5.0,川崎,山茶花賞(C2),4.0,5.0,川崎,爆雷賞(C2),9.5,5.0,,nar,2026-07-30,65.31,78.7,55.1,100.0,39.5,62.8,45,履歴少 / 安定感
202650073006,2026-07-30,6,カツ,1.0,1.0,吉村智洋,56.0,,4.0,6.0,園田,C3,6.0,3.0,園田,熊内町スプリント3歳(C2),3.0,7.0,園田,弦谷スプリント3歳C(C2),9.0,6.0,園田,生琉里町7ハロン3歳(C2),10.0,8.0,園田,スーパーマラドーナ☆(C1),8.4,5.0,,nar,2026-07-30,56.36,62.8,50.0,50.2,68.0,57.8,45,履歴少 / 近走上向き
202645073006,2026-07-30,6,グァンバーレ,5.0,5.0,池谷匠翔,54.0,,9.0,9.0,川崎,稲光賞(C2),8.0,8.0,川崎,駿逸賞(C1),3.0,10.0,浦和,うどんとこいのぼりの(C1),9.0,11.0,川崎,青玉賞(C1),5.0,8.0,川崎,丸子の渡し賞(C1),52.2,8.0,,nar,2026-07-30,50.27,50.8,63.9,30.1,33.5,61.3,45,履歴少
202630073006,2026-07-30,6,コンバットパトリ,1.0,1.0,松井伸也,55.0,,,,,,,,,,,,,,,,,,,,,,12.1,8.0,,nar,2026-07-30,36.0,35.0,35.0,35.0,35.0,35.0,45,履歴少
202648073006,2026-07-30,6,ゴールドプラン,7.0,6.0,小笠原羚,52.0,,3.0,5.0,名古屋,C級6組,8.0,5.0,名古屋,初蛍賞(C),3.0,1.0,名古屋,金シャチ最終戦(C),2.0,3.0,名古屋,C16組,3.0,4.0,名古屋,C15組,9.4,3.0,,nar,2026-07-30,61.05,75.2,48.0,75.1,56.0,58.9,45,履歴少 / 安定感
202648073006,2026-07-30,6,ザボドフスキー,10.0,7.0,加藤誓二,57.0,,8.0,12.0,名古屋,渥美半島特別(C),6.0,11.0,船橋,馬い!熊本菊池水田ご(C2),11.0,11.0,船橋,C2七　八九　ア(C2八),10.0,12.0,船橋,C2九　十,8.0,10.0,船橋,C2七　八九　ウ(C2八),84.1,12.0,,nar,2026-07-30,48.14,40.9,70.7,0.0,54.5,62.0,45,履歴少 / 人気以上に走る傾向
202630073006,2026-07-30,6,ザーゲアバンティ,7.0,7.0,落合玄太,55.0,,,,,,,,,,,,,,,,,,,,,,4.7,1.0,,nar,2026-07-30,36.0,35.0,35.0,35.0,35.0,35.0,45,履歴少
202650073006,2026-07-30,6,シズカノウミ,3.0,3.0,田野豊三,55.0,,,,園田,C3一,7.0,5.0,園田,C3,5.0,4.0,園田,C3,8.0,10.0,園田,C3一,10.0,10.0,園田,ガーベラ賞C2,40.8,9.0,,nar,2026-07-30,46.51,51.3,45.9,19.8,54.0,55.5,45,履歴少 / 市場オッズ妙味
202648073006,2026-07-30,6,シャイニングウェイ,12.0,8.0,阪野学,55.0,,11.0,10.0,名古屋,渥美半島特別(C),8.0,6.0,名古屋,金シャチ最終戦(C),7.0,9.0,名古屋,四谷の千枚田特別(C),10.0,10.0,名古屋,高浜特別(C),4.0,9.0,名古屋,C3組,64.1,10.0,,nar,2026-07-30,40.07,39.3,50.8,10.3,27.5,56.1,45,履歴少
202645073006,2026-07-30,6,シンシアビューティ,7.0,6.0,新原周馬,54.0,,10.0,10.0,川崎,神速賞(C1),11.0,9.0,川崎,音速賞(C1),12.0,3.0,川崎,久遠賞(C1),7.0,4.0,川崎,福笑い賞(B3C1),1.0,2.0,川崎,スピア賞(3歳),33.8,7.0,,nar,2026-07-30,33.89,33.8,31.7,10.3,36.5,47.8,45,履歴少 / 市場オッズ妙味
202650073006,2026-07-30,6,セイウンスペリオル,12.0,8.0,廣瀬航,55.0,,10.0,6.0,園田,C3一,2.0,6.0,園田,C3一,6.0,9.0,園田,唐櫃スプリントC3,4.0,3.0,園田,木見スプリントC3,8.0,6.0,園田,C3一,7.4,3.0,,nar,2026-07-30,48.37,58.9,50.1,39.5,20.0,58.5,45,履歴少
202648073006,2026-07-30,6,セブンスプリングス,5.0,5.0,塚本征吾,57.0,,7.0,5.0,名古屋,C5組,1.0,5.0,名古屋,金シャチ最終戦(C),3.0,3.0,名古屋,C12組,,,名古屋,C20組,9.0,6.0,名古屋,C18組,17.0,6.0,,nar,2026-07-30,54.68,71.5,50.6,44.7,34.0,61.2,45,履歴少 / 市場オッズ妙味
202650073006,2026-07-30,6,センドネージュ,11.0,8.0,永井孝典,55.0,,8.0,10.0,園田,C3一,9.0,8.0,園田,C2二,5.0,10.0,園田,丹生地スプリントC2,8.0,9.0,園田,C2二,7.0,8.0,園田,C2二,33.8,8.0,,nar,2026-07-30,48.94,47.6,61.2,19.8,45.5,61.5,45,履歴少 / 市場オッズ妙味
202630073006,2026-07-30,6,ゼニスアスラーダ,8.0,8.0,桑村真明,55.0,,,,,,,,,,,,,,,,,,,,,,4.9,2.0,,nar,2026-07-30,36.0,35.0,35.0,35.0,35.0,35.0,45,履歴少
202630073006,2026-07-30,6,ダリサス,2.0,2.0,近藤翔月,54.0,,,,,,,,,,,,,,,,,,,,,,14.3,9.0,,nar,2026-07-30,36.0,35.0,35.0,35.0,35.0,35.0,45,履歴少
202630073006,2026-07-30,6,ダンストンフォルテ,3.0,3.0,小野楓馬,55.0,,,,,,,,,,,,,,,,,,,,,,9.0,7.0,,nar,2026-07-30,36.0,35.0,35.0,35.0,35.0,35.0,45,履歴少
202650073006,2026-07-30,6,チェリースカヤ,8.0,6.0,高畑皓一,57.0,,10.0,12.0,園田,莇野7ハロンC3一,8.0,7.0,園田,C3一,11.0,12.0,園田,C2一,10.0,10.0,園田,C2一,11.0,12.0,園田,C2一,264.3,12.0,,nar,2026-07-30,39.65,29.6,54.6,0.0,50.0,55.5,45,履歴少
202648073006,2026-07-30,6,チャットケリー,4.0,4.0,村上弘樹,55.0,,3.0,1.0,笠松,FC岐阜キックオフイ,10.0,9.0,名古屋,恋路ヶ浜賞(C),7.0,2.0,名古屋,金シャチ最終戦(C),4.0,2.0,名古屋,C6組,3.0,2.0,名古屋,C9組,26.1,7.0,,nar,2026-07-30,51.93,62.6,34.3,55.3,68.0,49.1,45,履歴少 / 近走上向き / 市場オッズ妙味
202648073006,2026-07-30,6,デルマガニメデ,9.0,7.0,大畑雅章,57.0,,2.0,2.0,名古屋,金シャチ最終戦777(C),6.0,4.0,名古屋,C5組,2.0,5.0,名古屋,金シャチ最終戦(C),5.0,6.0,名古屋,C8組,1.0,2.0,名古屋,C20組,12.1,4.0,,nar,2026-07-30,64.7,81.3,52.4,75.1,59.0,62.6,45,履歴少 / 安定感 / 市場オッズ妙味
202650073006,2026-07-30,6,トランスラン,5.0,5.0,土方颯太,55.0,,4.0,4.0,園田,C3一,7.0,4.0,園田,柞田7ハロン3歳C2,2.0,3.0,姫路,太市中ダッシュ3歳C(C1C2),2.0,4.0,姫路,市島町勅使ダッ(C1),7.0,2.0,園田,3歳未勝利一,11.3,6.0,,nar,2026-07-30,57.77,73.0,44.6,64.7,53.0,57.1,45,履歴少 / 安定感
202650073006,2026-07-30,6,ナムラマフィン,10.0,7.0,小谷哲平,54.0,,8.0,8.0,園田,C3,5.0,8.0,園田,3歳C2,4.0,8.0,園田,3歳C2,11.0,12.0,園田,スーパーマラドーナ☆(C1),9.0,10.0,園田,栢野ダッシュ3歳C1(C1C2),44.9,10.0,,nar,2026-07-30,53.58,52.0,62.5,44.7,45.5,62.1,45,履歴少 / 市場オッズ妙味
202650073006,2026-07-30,6,ニシノガランテ,2.0,2.0,竹村達也,55.0,,8.0,7.0,園田,C3一,7.0,8.0,園田,3歳C1C2,5.0,5.0,園田,3歳C1,8.0,3.0,園田,3歳C1,3.0,4.0,園田,口銀谷ダッシュ3歳C(C1C2),18.2,7.0,,nar,2026-07-30,47.06,54.9,45.2,30.1,36.5,59.6,45,履歴少 / 市場オッズ妙味
202648073006,2026-07-30,6,ニホンピログリット,11.0,8.0,大畑慧悟,57.0,,8.0,7.0,名古屋,金シャチ最終戦777(C),2.0,1.0,名古屋,伊良湖疾風戦(C),1.0,1.0,名古屋,C12組,5.0,2.0,名古屋,たつや&ともみ2周年(C),3.0,1.0,名古屋,C21組,15.8,5.0,,nar,2026-07-30,53.97,74.7,41.6,69.6,18.5,57.2,45,履歴少 / 安定感 / 市場オッズ妙味
202650073006,2026-07-30,6,バイカル,4.0,4.0,南部楓馬,52.0,,7.0,3.0,園田,C3一,5.0,6.0,園田,C2二,7.0,2.0,園田,丹生地スプリントC2,6.0,8.0,園田,C2二,1.0,3.0,園田,C3一,8.2,4.0,,nar,2026-07-30,47.95,62.1,39.8,35.3,36.5,56.4,45,履歴少
202645073006,2026-07-30,6,パイナ,3.0,3.0,山本大翔,52.0,,1.0,5.0,浦和,AIウラワール賞(C2),5.0,5.0,川崎,稲魂賞(C2),4.0,7.0,浦和,作付面積日本一深谷ブ(C2),6.0,6.0,浦和,さいたまオーガニック(C2),9.0,8.0,船橋,夜桜ダッシュ(C2),8.7,4.0,,nar,2026-07-30,67.76,74.8,61.9,75.1,80.0,63.1,45,履歴少 / 近走上向き / 安定感
202645073006,2026-07-30,6,ヒメカグラ,1.0,1.0,神尾香澄,52.0,,7.0,9.0,川崎,稲妻賞(C2),7.0,9.0,川崎,風神賞(C2),5.0,7.0,川崎,雷電賞(C2),10.0,11.0,川崎,C2三　四,11.0,10.0,浦和,C2五　六,60.3,9.0,,nar,2026-07-30,49.94,48.4,60.8,19.8,57.5,57.4,45,履歴少
202630073006,2026-07-30,6,ファイヤーパターン,9.0,8.0,岩橋勇二,55.0,,,,,,,,,,,,,,,,,,,,,,5.0,3.0,,nar,2026-07-30,36.0,35.0,35.0,35.0,35.0,35.0,45,履歴少
202650073006,2026-07-30,6,フドウミョウオウ,6.0,5.0,佐々木世,54.0,,8.0,8.0,園田,C3二,7.0,7.0,園田,3歳C1二,8.0,11.0,園田,3歳C1,8.0,7.0,園田,3歳C1一,6.0,5.0,園田,スーパーマラドーナ☆(C1),107.9,11.0,,nar,2026-07-30,43.46,47.6,52.4,0.0,45.5,54.1,45,履歴少
202645073006,2026-07-30,6,ブリテン,9.0,7.0,古岡勇樹,56.0,,4.0,1.0,浦和,特選(C3),1.0,1.0,川崎,トビウオ賞(C3),8.0,3.0,川崎,C2五　六七(C2六),2.0,3.0,川崎,C2九,2.0,3.0,浦和,ランチタイムチャレン(3歳),3.5,2.0,,nar,2026-07-30,58.32,79.6,38.4,80.2,45.5,51.4,45,履歴少 / 安定感
202630073006,2026-07-30,6,ヘルエッジロード,6.0,6.0,阿部龍,55.0,,,,,,,,,,,,,,,,,,,,,,8.7,6.0,,nar,2026-07-30,36.0,35.0,35.0,35.0,35.0,35.0,45,履歴少
202648073006,2026-07-30,6,ポムドール,2.0,2.0,今井貴大,55.0,,10.0,16.0,2小倉1,3歳以上1勝クラス,7.0,7.0,園田,JRA交流由良川特別,16.0,15.0,1中京1,4歳以上1勝クラス,13.0,15.0,1京都8,4歳以上1勝クラス,6.0,11.0,5阪神2,3歳以上1勝クラス,2.1,1.0,,nar,2026-07-30,43.4,28.3,67.0,0.0,53.0,61.0,45,履歴少 / 人気以上に走る傾向
202645073006,2026-07-30,6,マイカグラ,2.0,2.0,田中涼,54.0,,4.0,8.0,川崎,稲妻賞(C2),11.0,8.0,川崎,C2三　四,1.0,10.0,浦和,C2十,10.0,7.0,川崎,C2七,8.0,9.0,浦和,ランチタイム(C2),22.9,6.0,,nar,2026-07-30,58.67,56.5,63.4,50.2,71.0,61.5,45,履歴少 / 近走上向き / 市場オッズ妙味
202645073006,2026-07-30,6,ミツカネエリーズ,10.0,8.0,佐野遥久,54.0,,9.0,2.0,川崎,雷鶏賞(C2),6.0,5.0,川崎,C2四　五,10.0,5.0,船橋,C2五　六,3.0,3.0,川崎,ベルリン賞(C2),1.0,2.0,川崎,C2六　七八(C2七),8.2,3.0,,nar,2026-07-30,39.42,54.0,27.2,24.9,26.0,51.2,45,履歴少
202645073006,2026-07-30,6,メイワノワ,6.0,6.0,本田紀忠,54.0,,10.0,10.0,川崎,稲妻賞(C2),12.0,10.0,川崎,C2三　四,8.0,12.0,浦和,春暖特別(C2),12.0,8.0,川崎,C2一　二,7.0,3.0,川崎,2026川崎ジョッキ(C2),172.1,11.0,,nar,2026-07-30,35.73,27.3,45.1,0.0,48.5,49.6,45,履歴少
202648073006,2026-07-30,6,ラヴァーズブルー,3.0,3.0,加藤聡一,55.0,,2.0,1.0,名古屋,C7組,1.0,1.0,名古屋,馬場夫妻結婚祝い&未(C),1.0,1.0,名古屋,迫口智也お疲れ様でし(C),1.0,1.0,名古屋,C28組,3.0,4.0,名古屋,3歳8組,3.0,2.0,,nar,2026-07-30,68.31,95.9,48.6,100.0,47.0,54.7,45,履歴少 / 安定感
202650073006,2026-07-30,6,ラヴスティンガー,9.0,7.0,下原理,55.0,,3.0,1.0,園田,C3,2.0,5.0,園田,C3,9.0,3.0,園田,C3一,6.0,3.0,園田,掎鹿谷スプリントC3,4.0,1.0,園田,C3一,2.1,1.0,,nar,2026-07-30,55.64,72.2,37.4,65.7,63.5,46.0,45,履歴少 / 安定感
202648073006,2026-07-30,6,ロジスクリーン,1.0,1.0,細川智史,55.0,,9.0,7.0,名古屋,C5組,,,名古屋,C5組,4.0,5.0,名古屋,C5組,11.0,9.0,名古屋,金シャチ最終戦(C),3.0,5.0,名古屋,C10組,45.7,9.0,,nar,2026-07-30,44.62,50.0,45.4,30.1,32.0,55.5,45,履歴少 / 市場オッズ妙味
202648073006,2026-07-30,6,ヴァークスティ,8.0,6.0,筒井勇介,57.0,,10.0,11.0,名古屋,C5組,9.0,3.0,名古屋,金シャチ最終戦(C),7.0,5.0,名古屋,菖蒲月疾風特別(C),7.0,7.0,名古屋,C3組,5.0,8.0,名古屋,C3組,78.5,11.0,,nar,2026-07-30,38.43,42.4,41.1,10.3,32.0,50.9,45,履歴少
202630073007,2026-07-30,7,アサガオ,6.0,6.0,宮内勇樹,57.0,,3.0,2.0,門別,3歳以上C3ー2C4,5.0,3.0,門別,3歳以上C3ー2C4,7.0,3.0,門別,グランシャリオドリー(C3),3.0,3.0,門別,骨密度ならMBP賞(C3),2.0,1.0,門別,ヒナゲシ特別(C3),9.5,6.0,,nar,2026-07-30,58.66,74.5,38.1,80.2,57.5,54.4,45,履歴少 / 安定感
202648073007,2026-07-30,7,アミアン,10.0,7.0,大原浩司,55.0,,9.0,5.0,名古屋,金シャチ最終戦777(C),10.0,9.0,名古屋,邨松名古屋でも頑張れ(B),4.0,2.0,名古屋,金シャチ最終戦(C),8.0,9.0,名古屋,新城特別(C),6.0,10.0,名古屋,碧南特別(C),17.5,6.0,,nar,2026-07-30,42.52,45.6,40.9,19.8,38.0,60.9,45,履歴少 / 市場オッズ妙味
202650073007,2026-07-30,7,アラン,2.0,2.0,小牧太,56.0,,2.0,1.0,園田,3歳AB,4.0,1.0,園田,菖蒲賞,1.0,1.0,園田,3歳C1,1.0,1.0,園田,葛尾7ハロン3歳C2,1.0,3.0,園田,美味しくて×5奈良の(C2),1.5,1.0,,nar,2026-07-30,65.6,91.6,44.1,100.0,48.5,50.4,45,履歴少 / 安定感
202645073007,2026-07-30,7,アリハッピー,8.0,5.0,岡村裕基,54.0,,6.0,5.0,川崎,2026川崎ジョッキ(C2),7.0,6.0,川崎,八幡平ウマッシュルー(C1),6.0,8.0,川崎,紫丁香花賞(C1),8.0,12.0,川崎,桜草賞(C1),11.0,10.0,川崎,皆様に愛されて50年(C1),22.4,9.0,,nar,2026-07-30,47.07,51.5,52.3,0.0,62.0,58.2,45,履歴少 / 市場オッズ妙味
202650073007,2026-07-30,7,イービジョンエイト,8.0,7.0,笹田知宏,56.0,,9.0,9.0,園田,C2一,4.0,6.0,園田,3歳AB,7.0,5.0,園田,3歳B,4.0,5.0,園田,3歳B,8.0,6.0,園田,3歳B,28.5,7.0,,nar,2026-07-30,48.39,55.8,50.3,39.5,30.5,55.6,45,履歴少 / 市場オッズ妙味
202630073007,2026-07-30,7,ウォーキャット,1.0,1.0,桑村真明,55.0,,1.0,3.0,門別,3歳以上C4ー2,3.0,4.0,門別,ゴールデンルーキー市(C4),3.0,3.0,門別,3歳以上C4ー2,1.0,1.0,門別,3歳条件未勝利(未勝利),2.0,1.0,門別,3歳条件未勝利(未勝利),7.5,4.0,,nar,2026-07-30,70.82,92.0,55.3,100.0,57.5,59.9,45,履歴少 / 安定感
202645073007,2026-07-30,7,ウロボロス,4.0,3.0,古岡勇樹,56.0,,3.0,6.0,川崎,C2一　二,3.0,2.0,川崎,ファイナルアンサー賞(C2),6.0,10.0,川崎,C2一　二,10.0,11.0,船橋,みどりの日特別(C2),9.0,11.0,川崎,界雷賞(C2),20.4,8.0,,nar,2026-07-30,62.27,66.1,62.6,55.3,74.0,62.1,45,履歴少 / 近走上向き / 市場オッズ妙味
202645073007,2026-07-30,7,エクセルブラック,3.0,3.0,西啓太,56.0,,2.0,2.0,浦和,C2三　四,1.0,5.0,川崎,神楽酒造盃くろうま賞(C1C2),6.0,1.0,浦和,C2三　四,1.0,7.0,川崎,パティオ賞(C2),2.0,12.0,浦和,ランチタイム(C2),4.2,1.0,,nar,2026-07-30,69.81,88.8,63.4,80.2,53.0,65.9,45,履歴少 / 安定感 / 過小評価傾向
202650073007,2026-07-30,7,エポエポサン,6.0,6.0,吉村智洋,57.0,,3.0,1.0,園田,C2一,4.0,1.0,園田,C2一,1.0,1.0,園田,C2二,1.0,1.0,園田,かつみさゆり☆来場記(C3),2.0,1.0,園田,黍田町8.5ハロンC(C3),4.2,2.0,,nar,2026-07-30,63.37,88.3,39.8,100.0,44.0,52.2,45,履歴少 / 安定感
202630073007,2026-07-30,7,エリオットゲーム,4.0,4.0,藤田凌駕,55.0,,5.0,4.0,門別,3歳以上C3ー2C4,3.0,7.0,門別,3歳以上C3ー2C4,10.0,5.0,門別,グランシャリオドリー(C3),6.0,4.0,門別,骨密度ならMBP賞(C3),2.0,3.0,門別,グランシャリオドリー(C3),19.2,7.0,,nar,2026-07-30,56.5,65.4,46.6,65.7,51.5,60.3,45,履歴少 / 安定感 / 市場オッズ妙味
202645073007,2026-07-30,7,エールラヴィクトワ,9.0,6.0,矢野貴之,54.0,,3.0,2.0,川崎,C2三　四,4.0,4.0,川崎,C2一　二,4.0,2.0,川崎,C2三　四,2.0,2.0,川崎,C2三　四,2.0,3.0,川崎,C2三　四,6.8,4.0,,nar,2026-07-30,64.54,82.4,45.8,100.0,50.0,56.9,45,履歴少 / 安定感
202648073007,2026-07-30,7,オールオンフリーク,12.0,8.0,東川慎,55.0,,11.0,10.0,名古屋,C4組,9.0,10.0,名古屋,駆け上がれ!しゃちほ(B),10.0,9.0,名古屋,君枝&翔結婚12周年(B),8.0,7.0,名古屋,祝奥村部長還暦(B),11.0,10.0,名古屋,B14組,71.2,11.0,,nar,2026-07-30,35.93,29.1,46.5,0.0,41.0,51.5,45,履歴少
202630073007,2026-07-30,7,キタサンモンドー,7.0,7.0,石川倭,57.0,,4.0,3.0,門別,3歳以上C3ー2C4,1.0,1.0,門別,ライラック特別(C4),3.0,2.0,門別,3歳以上C4ー2,1.0,3.0,門別,グランシャリオドリー(C4),6.0,1.0,門別,3歳以上C4ー3,4.4,2.0,,nar,2026-07-30,62.48,85.4,44.9,89.7,42.5,53.1,45,履歴少 / 安定感
202645073007,2026-07-30,7,クレテイユ,12.0,7.0,中越琉世,56.0,,11.0,10.0,川崎,キャビア賞(C2),13.0,14.0,川崎,神楽酒造盃くろうま賞(C1C2),11.0,12.0,浦和,うどんとこいのぼりの(C1),10.0,9.0,川崎,オプレンシア賞(C1),10.0,5.0,浦和,C1五,159.9,14.0,,nar,2026-07-30,33.7,18.0,46.4,0.0,50.0,50.2,45,履歴少
202645073007,2026-07-30,7,グラスアラバニーユ,2.0,2.0,増田充宏,56.0,,10.0,9.0,川崎,2026川崎ジョッキ(C2),2.0,3.0,川崎,ファイナルアンサー賞(C2),7.0,9.0,川崎,C2一　二,7.0,10.0,浦和,牡牛座特別(C2),12.0,12.0,川崎,錨草賞(C2),45.2,12.0,,nar,2026-07-30,46.73,50.5,55.4,24.9,32.0,56.8,45,履歴少
202645073007,2026-07-30,7,コルネットロッソ,14.0,8.0,新原周馬,56.0,,4.0,1.0,川崎,C2一　二,8.0,2.0,川崎,レーニョ賞(C1),2.0,2.0,川崎,レッドカーペット賞(C2),,,川崎,C1六　七,2.0,5.0,川崎,トリュフ賞(C2二),6.0,3.0,,nar,2026-07-30,53.26,72.3,32.8,60.5,50.0,52.8,45,履歴少 / 安定感
202630073007,2026-07-30,7,サイアミーズ,2.0,2.0,小野楓馬,57.0,,1.0,1.0,門別,3歳以上C4ー2,1.0,2.0,門別,推しウマ探せ!おひさ(C4),,,,,,,,,,,,,2.4,1.0,,nar,2026-07-30,54.78,73.0,47.2,48.4,45.5,51.7,45,履歴少 / サンプル少
202645073007,2026-07-30,7,サクセスベージュ,6.0,4.0,笠野雄大,56.0,,4.0,2.0,川崎,キャビア賞(C2),1.0,1.0,川崎,インフィオラータ賞(C2),2.0,3.0,船橋,C2二　三,4.0,2.0,船橋,C2二　三四　ア(C2三),10.0,4.0,船橋,C2四　五,4.2,2.0,,nar,2026-07-30,60.71,80.2,40.7,89.7,51.5,50.3,45,履歴少 / 安定感
202630073007,2026-07-30,7,ジューンランド,9.0,8.0,落合玄太,55.0,,1.0,1.0,門別,道産子ポイントガード(C4),2.0,1.0,門別,とみくるマルシェ賞(C4),5.0,2.0,門別,3歳以上C4ー2,2.0,1.0,門別,ウツギ特別(C4),6.0,4.0,門別,3歳以上C4ー2,6.0,3.0,,nar,2026-07-30,64.85,86.4,41.6,89.7,66.5,53.1,45,履歴少 / 近走上向き / 安定感
202645073007,2026-07-30,7,セクシーウィドー,1.0,1.0,藤田凌,54.0,,7.0,6.0,川崎,アルテミス賞(C2),3.0,5.0,川崎,ソルスティツィオ賞(C2),9.0,7.0,浦和,ラベンダー特別(C2),2.0,9.0,川崎,C2三　四,4.0,13.0,川崎,ダージリン賞(C2),26.4,10.0,,nar,2026-07-30,57.11,65.1,62.3,49.8,35.0,66.0,45,履歴少 / 過小評価傾向 / 市場オッズ妙味
202648073007,2026-07-30,7,ソダチザカリ,2.0,2.0,,,,8.0,2.0,名古屋,恋路ヶ浜賞(C),2.0,1.0,名古屋,C8組,2.0,1.0,名古屋,C14組,4.0,10.0,名古屋,八曽山特別(C),1.0,1.0,名古屋,C27組,,,,nar,2026-07-30,52.34,75.9,40.2,69.6,15.5,48.0,45,履歴少 / 安定感
202648073007,2026-07-30,7,ソブリンルーラー,6.0,5.0,山田祥雄,57.0,,12.0,12.0,名古屋,C4組,12.0,12.0,名古屋,駆け上がれ!しゃちほ(B),10.0,10.0,名古屋,ちひろとはると付き合(B),12.0,12.0,名古屋,君枝&翔結婚12周年(B),7.0,9.0,名古屋,祝奥村部長還暦(B),165.4,12.0,,nar,2026-07-30,34.66,19.3,51.4,0.0,39.5,54.8,45,履歴少
202650073007,2026-07-30,7,チョウウマクイク,1.0,1.0,新庄海誠,55.0,,2.0,5.0,園田,乃井野7ハロンC2一,2.0,2.0,園田,C2一,5.0,5.0,園田,C2一,4.0,5.0,園田,上筱見7ハロンC2一,4.0,3.0,園田,C2一,7.6,3.0,,nar,2026-07-30,69.16,83.3,56.7,100.0,60.5,60.6,45,履歴少 / 安定感
202650073007,2026-07-30,7,テイケイウェリナ,3.0,3.0,下原理,55.0,,12.0,15.0,3阪神3,3歳未勝利,14.0,16.0,3京都2,3歳未勝利,,,,,,,,,,,,,17.3,5.0,,nar,2026-07-30,41.16,21.6,55.3,18.0,52.1,63.7,45,履歴少 / サンプル少 / 市場オッズ妙味
202648073007,2026-07-30,7,トモエゴゼン,9.0,7.0,加藤聡一,55.0,,1.0,2.0,名古屋,咲来、弥憂、お誕生日(C),2.0,2.0,笠松,C8組,4.0,1.0,名古屋,絃葉ちゃん3歳誕生日(C),1.0,3.0,名古屋,C19組,5.0,2.0,名古屋,C19組,2.7,1.0,,nar,2026-07-30,67.93,90.0,47.9,100.0,62.0,52.3,45,履歴少 / 安定感
202648073007,2026-07-30,7,パリパリライズ,11.0,8.0,加藤誓二,55.0,,6.0,9.0,名古屋,金シャチ最終戦777(C),8.0,7.0,名古屋,駆け上がれ!しゃちほ(B),7.0,10.0,名古屋,B14組,11.0,11.0,名古屋,君枝&翔結婚12周年(B),10.0,10.0,名古屋,B14組,35.8,8.0,,nar,2026-07-30,47.79,45.3,58.8,0.0,68.0,59.5,45,履歴少 / 近走上向き / 市場オッズ妙味
202648073007,2026-07-30,7,パープルルージュ,7.0,6.0,望月洵輝,55.0,,2.0,8.0,名古屋,C6組,11.0,10.0,名古屋,恋路ヶ浜賞(C),9.0,8.0,名古屋,金シャチ最終戦(C),3.0,4.0,名古屋,C6組,6.0,3.0,名古屋,C8組,9.7,5.0,,nar,2026-07-30,58.64,58.5,58.5,45.0,81.5,61.0,45,履歴少 / 近走上向き
202650073007,2026-07-30,7,ビガーサンライズ,9.0,8.0,塩津璃菜,51.0,,3.0,3.0,園田,西徳久7ハロンC2二,3.0,8.0,園田,神影7ハロンC2二,6.0,10.0,園田,C2二,5.0,7.0,園田,C2三,1.0,1.0,園田,C3三,23.6,6.0,,nar,2026-07-30,67.47,78.6,66.3,80.2,54.5,63.4,45,履歴少 / 人気以上に走る傾向 / 安定感 / 市場オッズ妙味
202648073007,2026-07-30,7,ビナベンチェ,1.0,1.0,今井貴大,55.0,,9.0,11.0,浦和,浦和800ラウンド(C2),11.0,10.0,浦和,可愛すぎて滅!なまり(C2),9.0,10.0,浦和,浦和800ラウンド(C2),6.0,11.0,船橋,アズライトダッシュ(C2),4.0,9.0,浦和,浦和800ラウンド(C2),41.3,10.0,,nar,2026-07-30,45.76,39.6,62.6,10.3,41.0,64.1,45,履歴少 / 市場オッズ妙味
202645073007,2026-07-30,7,フラッシュタイム,5.0,4.0,岡田大,56.0,,8.0,8.0,浦和,夏木立特別(C2),10.0,9.0,浦和,C1四,7.0,7.0,浦和,うどんとこいのぼりの(C1),5.0,8.0,船橋,端午の節句スプリント(C1),5.0,8.0,浦和,C1五,43.9,11.0,,nar,2026-07-30,47.09,47.6,53.5,24.9,42.5,59.5,45,履歴少 / 市場オッズ妙味
202645073007,2026-07-30,7,ブランディストック,13.0,8.0,和田譲治,56.0,,5.0,4.0,川崎,キャビア賞(C2),5.0,7.0,川崎,スフィーダ賞(C1),5.0,3.0,川崎,オプレンシア賞(C1),8.0,1.0,川崎,C1三,2.0,3.0,川崎,カラスミ賞(C2),10.2,6.0,,nar,2026-07-30,57.37,67.0,42.2,85.4,50.0,55.3,45,履歴少 / 安定感
202645073007,2026-07-30,7,ベラヴィットーリア,7.0,5.0,櫻井光輔,54.0,,1.0,11.0,川崎,2026川崎ジョッキ(C2),6.0,6.0,川崎,C2三　四,2.0,7.0,船橋,C2四　五六　イ(C2五),4.0,7.0,川崎,C2五　六,5.0,4.0,川崎,夢見ヶ崎賞(C2),9.3,5.0,,nar,2026-07-30,73.91,81.6,80.5,75.1,69.5,70.5,45,履歴少 / 人気以上に走る傾向 / 近走上向き / 安定感
202645073007,2026-07-30,7,ボルダーオパール,11.0,7.0,神尾香澄,52.0,,8.0,6.0,川崎,キャビア賞(C2),6.0,2.0,川崎,ソルスティツィオ賞(C2),1.0,1.0,川崎,ファイナルアンサー賞(C2),6.0,6.0,船橋,C2二　三,10.0,9.0,船橋,雲外蒼天賞(C2),16.9,7.0,,nar,2026-07-30,45.15,59.7,38.0,19.8,36.5,57.5,45,履歴少 / 市場オッズ妙味
202648073007,2026-07-30,7,マルクパージュ,8.0,6.0,小笠原羚,52.0,,5.0,11.0,名古屋,金シャチ最終戦777(C),9.0,11.0,名古屋,渥美半島特別(C),9.0,12.0,名古屋,平原灯姫特別(C),9.0,12.0,名古屋,新城特別(C),11.0,11.0,名古屋,碧南特別(C),39.7,9.0,,nar,2026-07-30,56.52,44.1,73.5,30.4,77.0,65.4,45,履歴少 / 人気以上に走る傾向 / 近走上向き / 過小評価傾向
202648073007,2026-07-30,7,マンノミューズ,4.0,4.0,丸野勝虎,55.0,,5.0,1.0,名古屋,C3組,4.0,3.0,名古屋,C5組,5.0,5.0,名古屋,明日から開催!第1回(B),4.0,1.0,名古屋,B11組,2.0,1.0,名古屋,C2組,4.1,3.0,,nar,2026-07-30,57.87,73.6,36.0,100.0,42.5,50.2,45,履歴少 / 安定感
202648073007,2026-07-30,7,ミキノオーボエ,3.0,3.0,阪野学,55.0,,10.0,8.0,名古屋,金シャチ最終戦777(C),10.0,5.0,名古屋,駆け上がれ!しゃちほ(B),9.0,6.0,名古屋,B13組,12.0,9.0,名古屋,B11組,9.0,7.0,名古屋,B13組,35.8,7.0,,nar,2026-07-30,31.68,28.1,28.4,0.0,50.0,46.5,45,履歴少 / 市場オッズ妙味
202650073007,2026-07-30,7,ミライチケット,10.0,8.0,廣瀬航,55.0,,10.0,3.0,園田,C2二,2.0,4.0,園田,3歳C1二,11.0,13.0,3京都11,3歳未勝利,15.0,10.0,2阪神2,3歳未勝利,10.0,8.0,1阪神8,3歳1勝クラス,16.1,4.0,,nar,2026-07-30,39.95,38.3,34.8,24.9,47.0,55.3,45,履歴少 / 市場オッズ妙味
202648073007,2026-07-30,7,メイショウイチモン,5.0,5.0,近藤颯羽,54.0,,3.0,3.0,名古屋,C5組,12.0,2.0,名古屋,西尾大空特別(C),2.0,2.0,名古屋,勢マスターお誕生日(C),1.0,1.0,名古屋,福寿草賞(C),1.0,1.0,名古屋,C21組,2.9,2.0,,nar,2026-07-30,54.82,71.6,32.6,75.1,56.0,48.0,45,履歴少 / 安定感
202630073007,2026-07-30,7,ユーライナー,5.0,5.0,井上俊彦,55.0,,7.0,6.0,門別,3歳以上C3ー2C4,8.0,8.0,門別,大人になった内藤耀悠(C3),12.0,12.0,門別,日高町商工会賞(C3),9.0,10.0,門別,rapora賞(C3),12.0,14.0,門別,グランシャリオドリー(C3),183.6,9.0,,nar,2026-07-30,42.57,35.6,50.3,0.0,69.5,54.8,45,履歴少 / 近走上向き
202630073007,2026-07-30,7,ラジャアンパット,8.0,8.0,黒澤愛斗,55.0,,1.0,4.0,門別,3歳以上C4ー2,6.0,2.0,門別,3歳以上C4ー2,,9.0,1中山5,4歳以上1勝クラス,3.0,2.0,2中山2,3歳未勝利,,,,,7.6,5.0,,nar,2026-07-30,60.84,82.4,47.7,45.0,71.0,56.5,45,履歴少 / 近走上向き
202645073007,2026-07-30,7,レイニングキング,10.0,6.0,町田直希,56.0,,10.0,11.0,川崎,皆様に愛されて50年(C1),14.0,12.0,川崎,立山賞(C1),3.0,9.0,船橋,睦月賞(C1),13.0,12.0,川崎,坊主めくり賞(C1C2),10.0,6.0,川崎,寄ロウバイまつり賞(C1),82.3,13.0,,nar,2026-07-30,41.09,28.6,53.0,19.8,50.0,53.5,45,履歴少
202650073007,2026-07-30,7,レッドアクトゥール,7.0,7.0,小谷哲平,56.0,,5.0,8.0,園田,C2二,4.0,10.0,園田,小部7ハロンC2二,7.0,8.0,園田,仁位7ハロンC2二,3.0,9.0,園田,C2二,1.0,1.0,園田,C3二,95.8,9.0,,nar,2026-07-30,66.31,72.5,74.4,80.2,42.5,63.9,45,履歴少 / 人気以上に走る傾向 / 安定感
202630073007,2026-07-30,7,レッドコート,3.0,3.0,松井伸也,57.0,,12.0,12.0,門別,グランシャリオドリー(C3),9.0,6.0,門別,日高町商工会賞(C3),7.0,11.0,門別,グランシャリオドリー(C3),,,門別,ステラヴェローチェ賞(C3),10.0,6.0,門別,3歳以上C3ー2C4,78.5,8.0,,nar,2026-07-30,34.97,30.2,47.0,0.0,30.0,51.1,45,履歴少
202650073007,2026-07-30,7,レッドファイブ,4.0,4.0,佐々木世,54.0,,12.0,10.0,園田,宍道スプリントC2,5.0,8.0,園田,3歳C1二,4.0,7.0,園田,3歳C1二,7.0,6.0,園田,3歳C1二,7.0,7.0,名古屋,ベリー賞(3歳),310.9,10.0,,nar,2026-07-30,45.71,48.6,54.1,44.7,12.5,55.5,45,履歴少
202650073007,2026-07-30,7,ヴァリラプトル,5.0,5.0,山本咲希,55.0,,3.0,4.0,園田,C2三,1.0,1.0,園田,C3二,6.0,4.0,園田,C3一,2.0,1.0,園田,C3二,3.0,2.0,園田,C3二,45.2,8.0,,nar,2026-07-30,62.8,84.4,47.6,80.2,50.0,54.3,45,履歴少 / 安定感 / 市場オッズ妙味
202650073008,2026-07-30,8,アオイノイコロ,2.0,2.0,杉浦健太,56.0,,5.0,5.0,園田,ステップアップ202(2歳),4.0,4.0,園田,NewBeginni(初出),,,,,,,,,,,,,35.4,6.0,,nar,2026-07-30,49.83,57.4,45.5,48.4,42.2,53.4,45,履歴少 / サンプル少 / 市場オッズ妙味
202630073008,2026-07-30,8,アンサラー,4.0,4.0,桑村真明,55.0,,2.0,4.0,門別,JRA認定競走ターフ(OP)(2歳),1.0,2.0,門別,JRA認定競走アタッ(未勝利)(2歳),3.0,1.0,門別,JRA認定競走アタッ(未勝利)(2歳),2.0,3.0,門別,JRA認定競走フレッ(新馬)(2歳),,,,,4.4,2.0,,nar,2026-07-30,68.4,92.5,54.7,89.7,50.0,57.9,45,履歴少 / 安定感
202648073008,2026-07-30,8,アーニャアザザマス,3.0,3.0,望月洵輝,55.0,,9.0,8.0,名古屋,B6組,6.0,3.0,名古屋,ヌサカン大空戦(B),4.0,4.0,名古屋,B7組,2.0,5.0,名古屋,アルファルド賞(B),11.0,4.0,名古屋,B7組,13.8,8.0,,nar,2026-07-30,45.96,56.4,40.6,34.3,30.5,58.1,45,履歴少 / 市場オッズ妙味
202645073008,2026-07-30,8,ウインブリエ,2.0,2.0,張田昂,54.0,,6.0,7.0,浦和,トワイライトマジック(C1),2.0,7.0,浦和,栗橋宿特別(C1),14.0,11.0,船橋,ほたる特別(C1),12.0,7.0,浦和,薫風特別(B3C1),2.0,8.0,川崎,レイノ賞(C1),10.3,5.0,,nar,2026-07-30,52.67,52.4,55.9,35.3,59.0,62.5,45,履歴少
202645073008,2026-07-30,8,エスプリゴンザレス,10.0,8.0,野畑凌,56.0,,2.0,2.0,川崎,フォーカード賞(C1),6.0,7.0,川崎,見返り美人特別(B3二),5.0,3.0,川崎,レイノ賞(C1),3.0,4.0,川崎,桜草賞(C1),,,浦和,HBA日高軽種馬農業(B3),8.1,3.0,,nar,2026-07-30,61.86,76.5,50.0,64.7,66.0,58.9,45,履歴少 / 近走上向き / 安定感
202648073008,2026-07-30,8,エドノバイオレット,10.0,7.0,筒井勇介,55.0,,2.0,7.0,名古屋,B9組,6.0,8.0,名古屋,B9組,9.0,6.0,名古屋,B10組,2.0,5.0,名古屋,祝奥村部長還暦(B),9.0,3.0,名古屋,B14組,10.2,5.0,,nar,2026-07-30,60.51,67.2,58.7,45.0,77.0,60.5,45,履歴少 / 近走上向き
202648073008,2026-07-30,8,オニクダイスキマン,4.0,4.0,小笠原羚,54.0,,5.0,4.0,名古屋,B11組,8.0,5.0,名古屋,B9組,3.0,4.0,名古屋,B13組,4.0,4.0,名古屋,B13組,2.0,5.0,名古屋,金城ふ頭特別(C),18.2,11.0,,nar,2026-07-30,58.29,68.8,46.2,75.1,45.5,64.0,45,履歴少 / 安定感 / 市場オッズ妙味
202630073008,2026-07-30,8,カリムパッション,10.0,8.0,小野楓馬,55.0,,1.0,1.0,門別,JRA認定競走フレッ(新馬)(2歳),,,,,,,,,,,,,,,,,6.2,4.0,,nar,2026-07-30,43.64,51.6,40.6,36.3,40.6,40.6,45,履歴少 / サンプル少
202650073008,2026-07-30,8,クイーンピロコ,7.0,7.0,小谷周平,55.0,,5.0,5.0,園田,NewBeginni(初出),,,,,,,,,,,,,,,,,53.8,7.0,,nar,2026-07-30,41.67,44.6,40.6,36.3,40.6,40.6,45,履歴少 / サンプル少
202648073008,2026-07-30,8,グランプリショット,2.0,2.0,丹羽克輝,57.0,,10.0,10.0,園田,B2一,11.0,12.0,園田,B1B2,11.0,12.0,園田,カサブランカ賞B2,8.0,7.0,園田,B2,10.0,10.0,園田,B1,153.4,12.0,,nar,2026-07-30,38.08,26.8,52.1,0.0,50.0,54.1,45,履歴少
202648073008,2026-07-30,8,グールマン,11.0,8.0,大畑慧悟,57.0,,10.0,9.0,名古屋,B7組,11.0,6.0,名古屋,ヌサカン大空戦(B),7.0,4.0,名古屋,B6組,10.0,1.0,名古屋,B6組,2.0,1.0,名古屋,B7組,11.0,6.0,,nar,2026-07-30,33.12,37.4,25.1,10.3,35.0,47.9,45,履歴少
202650073008,2026-07-30,8,ゴッズフェイヴリト,3.0,3.0,田野豊三,55.0,,1.0,2.0,園田,NewBeginni(初出),,,,,,,,,,,,,,,,,3.4,2.0,,nar,2026-07-30,44.16,51.6,42.2,36.3,40.6,41.7,45,履歴少 / サンプル少
202630073008,2026-07-30,8,ゴーゴーミツヒコ,5.0,5.0,服部茂史,55.0,,1.0,3.0,門別,JRA認定競走フレッ(新馬)(2歳),,,,,,,,,,,,,,,,,6.1,3.0,,nar,2026-07-30,44.57,51.6,43.7,36.3,40.6,42.0,45,履歴少 / サンプル少
202650073008,2026-07-30,8,サマサマ,1.0,1.0,小牧太,56.0,,2.0,3.0,園田,ステップアップ202(2歳),6.0,8.0,園田,2歳,5.0,3.0,園田,NewBeginni(初出),,,,,,,,,5.1,4.0,,nar,2026-07-30,61.09,75.1,53.8,50.2,71.0,58.0,45,履歴少 / 近走上向き
202645073008,2026-07-30,8,サーブザミッション,3.0,3.0,池谷匠翔,56.0,,7.0,10.0,川崎,フォーカード賞(C1),10.0,7.0,川崎,ウルド賞(C1),5.0,6.0,川崎,クラセアルタ賞(C1),7.0,5.0,川崎,小手毬賞(C1),2.0,6.0,川崎,メッシーナ賞(C1),40.0,11.0,,nar,2026-07-30,49.29,53.3,53.4,30.1,44.0,58.2,45,履歴少 / 市場オッズ妙味
202645073008,2026-07-30,8,シトロンヴェール,7.0,6.0,佐野遥久,56.0,,9.0,7.0,川崎,フォーカード賞(C1),6.0,6.0,川崎,神楽酒造盃くろうま賞(C1C2),1.0,5.0,船橋,馬い!卵はサンサンエ(C1),7.0,10.0,川崎,レイノ賞(C1),12.0,10.0,川崎,小手毬賞(C1),36.4,8.0,,nar,2026-07-30,47.17,54.5,52.9,19.8,35.0,58.2,45,履歴少 / 市場オッズ妙味
202648073008,2026-07-30,8,シャッフルガール,7.0,6.0,加藤聡一,55.0,,4.0,10.0,名古屋,B7組,9.0,8.0,名古屋,B4組,7.0,9.0,名古屋,B3組,11.0,5.0,名古屋,デネボラ疾風戦(B),9.0,9.0,名古屋,B4組,14.7,9.0,,nar,2026-07-30,54.29,49.0,57.7,30.4,80.0,64.2,45,履歴少 / 近走上向き / 市場オッズ妙味
202630073008,2026-07-30,8,シャディアラ,9.0,8.0,亀井洋司,55.0,,1.0,6.0,門別,JRA認定競走アタッ(未勝利)(2歳),3.0,8.0,門別,JRA認定競走フレッ(新馬)(2歳),,,,,,,,,,,,,14.8,8.0,,nar,2026-07-30,61.17,69.0,64.8,48.4,52.1,69.6,45,履歴少 / サンプル少 / 過小評価傾向 / 市場オッズ妙味
202645073008,2026-07-30,8,ジュウニントイロ,4.0,4.0,伊藤裕人,54.0,,4.0,6.0,川崎,フォーカード賞(C1),12.0,13.0,川崎,手鞠花特別(B3二),3.0,2.0,川崎,クラセアルタ賞(C1),11.0,8.0,川崎,桜草賞(C1),3.0,4.0,川崎,メッシーナ賞(C1),12.5,6.0,,nar,2026-07-30,56.35,54.3,52.3,60.5,69.5,60.7,45,履歴少 / 近走上向き / 安定感 / 市場オッズ妙味
202645073008,2026-07-30,8,スティールウィル,11.0,8.0,和田譲治,56.0,,5.0,4.0,川崎,見返り美人特別(B3二),4.0,1.0,船橋,富里特別(B3),1.0,4.0,川崎,レイノ賞(C1),2.0,1.0,浦和,特選(C1),3.0,7.0,川崎,小手毬賞(C1),7.1,2.0,,nar,2026-07-30,63.54,81.5,48.7,100.0,35.0,59.6,45,履歴少 / 安定感
202650073008,2026-07-30,8,ソウルアンドソウル,6.0,6.0,下原理,55.0,,2.0,4.0,園田,2歳未勝利,2.0,4.0,園田,NewBeginni(初出),,,,,,,,,,,,,2.9,1.0,,nar,2026-07-30,55.47,68.6,53.2,48.4,45.5,55.2,45,履歴少 / サンプル少
202630073008,2026-07-30,8,ソルデイスター,7.0,7.0,阿部龍,55.0,,1.0,2.0,門別,JRA認定競走フレッ(新馬)(2歳),,,,,,,,,,,,,,,,,3.8,1.0,,nar,2026-07-30,44.16,51.6,42.2,36.3,40.6,41.7,45,履歴少 / サンプル少
202630073008,2026-07-30,8,タルマエドン,8.0,7.0,岩橋勇二,55.0,,4.0,1.0,門別,ルビー特別(OP)(2歳),1.0,1.0,門別,JRA認定競走アタッ(未勝利)(2歳),2.0,2.0,門別,JRA認定競走フレッ(新馬)(2歳),,,,,,,,,12.6,7.0,,nar,2026-07-30,60.41,88.2,41.5,75.1,35.0,57.5,45,履歴少 / 安定感 / 市場オッズ妙味
202648073008,2026-07-30,8,テレヴァカ,6.0,5.0,村上弘樹,55.0,,6.0,7.0,名古屋,B7組,8.0,6.0,名古屋,天の川疾風戦(B),6.0,9.0,名古屋,B4組,11.0,5.0,名古屋,B4組,6.0,5.0,名古屋,B5組,16.9,10.0,,nar,2026-07-30,45.34,50.2,45.9,0.0,60.5,60.8,45,履歴少 / 市場オッズ妙味
202648073008,2026-07-30,8,デトネイター,12.0,8.0,近藤颯羽,52.0,,5.0,8.0,名古屋,来週から開催!第2回(B),4.0,7.0,名古屋,たいよう&えみ結婚お(B),4.0,6.0,名古屋,健太まだ若いぞ!35(B),6.0,11.0,名古屋,B9組,7.0,9.0,名古屋,B10組,8.1,3.0,,nar,2026-07-30,65.58,68.8,70.9,75.1,51.5,68.7,45,履歴少 / 人気以上に走る傾向 / 安定感 / 過小評価傾向
202645073008,2026-07-30,8,ハクシンドラゴン,8.0,7.0,櫻井光輔,56.0,,3.0,9.0,浦和,夏の夕特別(C1),8.0,10.0,浦和,荒川特別(B3),12.0,12.0,浦和,菖蒲月特別(B3),7.0,6.0,浦和,春の月特別(B2B3),9.0,8.0,川崎,雪化粧特別(B3),18.5,7.0,,nar,2026-07-30,57.26,50.2,64.5,30.4,86.0,66.1,45,履歴少 / 近走上向き / 過小評価傾向 / 市場オッズ妙味
202648073008,2026-07-30,8,ハーピークオーレ,8.0,6.0,渡辺竜也,55.0,,3.0,6.0,名古屋,来週から開催!第2回(B),3.0,7.0,名古屋,B9組,3.0,5.0,名古屋,ちひろとはると付き合(B),3.0,6.0,名古屋,四谷の千枚田特別(C),4.0,8.0,名古屋,菖蒲月疾風特別(C),3.3,1.0,,nar,2026-07-30,72.44,83.2,72.1,100.0,51.5,65.5,45,履歴少 / 人気以上に走る傾向 / 安定感 / 過小評価傾向
202650073008,2026-07-30,8,ヒナデコルテ,5.0,5.0,佐々木世,53.0,,3.0,3.0,園田,2歳未勝利,5.0,4.0,園田,雲母坂7ハロン2歳未,2.0,4.0,園田,NewBeginni(初出),,,,,,,,,6.3,5.0,,nar,2026-07-30,63.07,80.8,51.4,75.1,53.0,58.9,45,履歴少 / 安定感
202645073008,2026-07-30,8,ビールボーイ,6.0,6.0,見越彬央,56.0,,5.0,6.0,浦和,C1三　四,,5.0,浦和,粕壁宿特別(C1),8.0,6.0,浦和,月見草特別(C1),3.0,2.0,浦和,C1四,7.0,5.0,浦和,まだまだ盛り上がろう(C1),39.8,9.0,,nar,2026-07-30,52.58,62.6,45.9,45.0,56.0,53.0,45,履歴少 / 市場オッズ妙味
202630073008,2026-07-30,8,ファイトレーヴ,1.0,1.0,落合玄太,55.0,,6.0,1.0,門別,スフェーン特別(OP)(2歳),1.0,1.0,門別,JRA認定競走フレッ(新馬)(2歳),,,門別,JRA認定競走フレッ(新馬)(2歳),,,,,,,,,9.2,5.0,,nar,2026-07-30,44.51,60.9,34.9,31.7,29.0,52.1,45,履歴少 / サンプル少
202648073008,2026-07-30,8,フィナルフェリス,5.0,5.0,塚本征吾,55.0,,9.0,6.0,名古屋,B7組,7.0,4.0,名古屋,たいよう&えみ結婚お(B),2.0,2.0,名古屋,B12組,5.0,10.0,名古屋,B10組,4.0,8.0,名古屋,B14組,11.6,7.0,,nar,2026-07-30,49.25,59.9,46.4,44.7,23.0,62.4,45,履歴少
202645073008,2026-07-30,8,フジュム,5.0,5.0,矢野貴之,56.0,,3.0,1.0,川崎,フォーカード賞(C1),1.0,1.0,川崎,レッドカーペット賞(C2),4.0,1.0,川崎,錨草賞(C2),1.0,1.0,川崎,このわた賞(C2),1.0,1.0,川崎,C2六　七,1.8,1.0,,nar,2026-07-30,63.79,90.4,41.6,100.0,42.5,49.3,45,履歴少 / 安定感
202645073008,2026-07-30,8,ブルムーンストーン,1.0,1.0,古岡勇樹,55.0,,10.0,8.0,川崎,ブラックジャック賞(C1),5.0,5.0,川崎,青葉木菟特別(3歳),1.0,9.0,川崎,大瑠璃賞(3歳),11.0,13.0,川崎,頬白賞(3歳),8.0,8.0,川崎,連翹賞(3歳),40.0,10.0,,nar,2026-07-30,50.65,52.7,58.9,44.7,27.5,61.5,45,履歴少 / 市場オッズ妙味
202630073008,2026-07-30,8,プライベートセクタ,2.0,2.0,石川倭,55.0,,4.0,3.0,門別,JRA認定競走ターフ(OP)(2歳),1.0,1.0,門別,JRA認定競走フレッ(新馬)(2歳),,,,,,,,,,,,,10.6,6.0,,nar,2026-07-30,51.28,65.7,43.4,48.4,35.6,56.2,45,履歴少 / サンプル少
202645073008,2026-07-30,8,ペータース,9.0,7.0,笹川翼,54.0,,3.0,5.0,川崎,ブラックジャック賞(C1),6.0,10.0,川崎,スフィーダ賞(C1),7.0,3.0,浦和,月見草特別(C1),9.0,7.0,川崎,イーリス賞(C1),6.0,3.0,川崎,桜草賞(C1),9.8,4.0,,nar,2026-07-30,54.89,62.2,51.5,30.4,74.0,57.8,45,履歴少 / 近走上向き
202630073008,2026-07-30,8,ミッションフェロー,3.0,3.0,藤田凌駕,55.0,,1.0,4.0,門別,JRA認定競走アタッ(未勝利)(2歳),2.0,5.0,門別,JRA認定競走アタッ(未勝利)(2歳),3.0,8.0,門別,JRA認定競走アタッ(未勝利)(2歳),7.0,7.0,門別,JRA認定競走アタッ(未勝利)(2歳),6.0,4.0,門別,JRA認定競走フレッ(新馬)(2歳),15.5,9.0,,nar,2026-07-30,71.31,83.7,67.1,75.1,71.0,69.6,45,履歴少 / 人気以上に走る傾向 / 近走上向き / 安定感
202648073008,2026-07-30,8,メタルクラフト,9.0,7.0,丸野勝虎,57.0,,1.0,4.0,名古屋,金シャチ最終戦777(C),5.0,4.0,名古屋,駆け上がれ!しゃちほ(B),6.0,8.0,名古屋,B13組,5.0,6.0,名古屋,B14組,7.0,12.0,名古屋,B12組,8.9,4.0,,nar,2026-07-30,67.27,74.5,62.0,69.9,78.5,65.8,45,履歴少 / 近走上向き / 安定感 / 過小評価傾向
202650073008,2026-07-30,8,モズハート,4.0,4.0,山本咲希,55.0,,3.0,2.0,園田,雲母坂7ハロン2歳未,4.0,5.0,園田,2歳,7.0,4.0,門別,JRA認定競走フレッ(新馬)(2歳),,,,,,,,,4.6,3.0,,nar,2026-07-30,57.36,72.9,44.0,55.3,65.0,53.2,45,履歴少 / 近走上向き
202630073008,2026-07-30,8,リュウノジェット,6.0,6.0,宮内勇樹,55.0,,8.0,8.0,門別,JRA認定競走ターフ(OP)(2歳),1.0,2.0,門別,JRA認定競走アタッ(未勝利)(2歳),4.0,5.0,門別,JRA認定競走フレッ(新馬)(2歳),,,,,,,,,50.3,10.0,,nar,2026-07-30,52.58,71.0,54.2,44.7,17.0,55.7,45,履歴少
202648073008,2026-07-30,8,リンクスターツ,1.0,1.0,大畑雅章,57.0,,4.0,3.0,名古屋,B6組,3.0,2.0,名古屋,B7組,6.0,1.0,名古屋,B8組,3.0,3.0,名古屋,サンアール名古屋開設(B),2.0,4.0,名古屋,やぎ座特別(B),5.9,2.0,,nar,2026-07-30,58.87,77.7,40.7,80.2,47.0,54.3,45,履歴少 / 安定感
202648073009,2026-07-30,9,アーキハッカー,11.0,8.0,加藤誓二,57.0,,9.0,7.0,名古屋,B6組,2.0,6.0,名古屋,B9組,6.0,7.0,名古屋,B11組,7.0,7.0,名古屋,B9組,2.0,3.0,名古屋,B14組,13.8,6.0,,nar,2026-07-30,50.99,62.8,54.8,35.3,21.5,63.8,45,履歴少 / 市場オッズ妙味
202650073009,2026-07-30,9,ウィルトゥーウェル,5.0,5.0,竹村達也,55.0,,12.0,12.0,園田,兵庫馬事畜産特別B2,12.0,12.0,名古屋,シャウラ疾風特別(B),7.0,9.0,浦和,上尾市観光協会「あっ(C1),11.0,11.0,浦和,C1五,11.0,13.0,浦和,スイートピー特別(C1C2),667.6,8.0,,nar,2026-07-30,36.24,21.9,54.2,0.0,39.5,56.1,45,履歴少
202648073009,2026-07-30,9,ウォーオブサウンド,6.0,5.0,塚本征吾,57.0,,5.0,3.0,名古屋,B9組,4.0,1.0,名古屋,B12組,6.0,2.0,名古屋,B10組,1.0,2.0,名古屋,祝45歳!キミとの未(C),2.0,7.0,名古屋,弥紗ちゃん誕生日おめ(C),11.2,4.0,,nar,2026-07-30,57.7,75.6,39.6,80.2,39.5,58.3,45,履歴少 / 安定感
202630073009,2026-07-30,9,ウフフトルンナ,5.0,5.0,小野楓馬,55.0,,3.0,2.0,門別,3歳以上C3ー2C4,7.0,1.0,門別,3歳以上C3ー2C4,1.0,1.0,佐賀,KYUSHUDREA(C1),1.0,1.0,佐賀,C2ー4組,1.0,1.0,佐賀,UMATENA賞(C2),6.8,3.0,,nar,2026-07-30,58.92,83.2,37.4,75.1,47.0,53.6,45,履歴少 / 安定感
202648073009,2026-07-30,9,エイシンナザレ,1.0,1.0,近藤颯羽,52.0,,3.0,5.0,名古屋,カササギ賞(B),2.0,1.0,名古屋,健太まだ若いぞ!35(B),2.0,3.0,名古屋,B11組,6.0,8.0,名古屋,B13組,10.0,11.0,名古屋,アジア・アジアパラ応(B),4.0,2.0,,nar,2026-07-30,64.75,78.3,56.7,75.1,62.0,59.2,45,履歴少 / 安定感
202650073009,2026-07-30,9,エイシンリガーズ,3.0,3.0,吉村智洋,56.0,,2.0,1.0,盛岡,ハヤテスプリント(重賞),1.0,1.0,園田,新緑特別3歳AB,1.0,1.0,園田,3歳A,2.0,1.0,姫路,アーモンド賞3歳AB,8.0,9.0,園田,兵庫ジュニアグランプ(JpnII),1.3,1.0,,nar,2026-07-30,65.83,90.6,47.6,89.7,56.0,50.5,45,履歴少 / 安定感
202648073009,2026-07-30,9,エクメノポリス,8.0,6.0,丹羽克輝,57.0,,11.0,5.0,名古屋,B6組,5.0,6.0,名古屋,たいよう&えみ結婚お(B),3.0,9.0,名古屋,B10組,1.0,4.0,名古屋,C3組,5.0,1.0,名古屋,祝45歳!キミとの未(C),18.3,7.0,,nar,2026-07-30,50.7,61.2,47.4,69.6,5.0,62.2,45,履歴少 / 安定感 / 市場オッズ妙味
202630073009,2026-07-30,9,エムピーフリップ,11.0,8.0,岩橋勇二,57.0,,7.0,8.0,門別,夏秋どりいちごすずあ(C3),4.0,6.0,門別,レジェンド・折茂社長(C3),7.0,6.0,門別,骨密度ならMBP賞(C3),4.0,9.0,門別,ヒナゲシ特別(C3),11.0,11.0,門別,グランシャリオドリー(C3),51.4,10.0,,nar,2026-07-30,53.54,58.2,59.3,39.5,47.0,58.1,45,履歴少
202650073009,2026-07-30,9,エルピーゾ,2.0,2.0,田野豊三,55.0,,7.0,1.0,園田,兵庫馬事畜産特別B2,5.0,2.0,園田,ダリア賞B1B2,2.0,3.0,園田,B2,1.0,2.0,園田,C1,2.0,1.0,園田,C1,30.6,5.0,,nar,2026-07-30,51.86,75.0,33.7,69.6,23.0,51.1,45,履歴少 / 安定感 / 市場オッズ妙味
202645073009,2026-07-30,9,オウケンデューク,11.0,8.0,野畑凌,55.0,,8.0,7.0,川崎,アルタイル賞(B2B3),8.0,2.0,浦和,桜草特別(B3),5.0,3.0,川崎,レコードな町にいかっ(B2B3),4.0,2.0,川崎,ベテルギウス賞(B2B3),1.0,1.0,川崎,七福神特別(C1C2),23.7,8.0,,nar,2026-07-30,44.62,59.2,32.6,44.7,29.0,49.1,45,履歴少 / 市場オッズ妙味
202645073009,2026-07-30,9,オリコウデレガンス,8.0,7.0,町田直希,55.0,,3.0,2.0,川崎,要潤さん川崎競馬公式(B2),8.0,4.0,川崎,ジューンスター賞(B2B3),6.0,5.0,川崎,草笛特別(B2),5.0,9.0,川崎,ロジータ記念【地方交(重賞),6.0,5.0,川崎,サルビアC(OP)(3歳),8.2,5.0,,nar,2026-07-30,54.56,64.5,42.9,45.0,69.5,57.0,45,履歴少 / 近走上向き
202645073009,2026-07-30,9,カンデラリア,9.0,7.0,本田正重,57.0,,2.0,2.0,川崎,第39回開成町阿波お(B2B3),2.0,7.0,船橋,桜花爛漫特別(B3),6.0,4.0,船橋,ユキヤナギ賞(B3),8.0,3.0,浦和,紅葉特別(B2),5.0,2.0,川崎,馬産地日高特別(B2B3),6.1,3.0,,nar,2026-07-30,61.36,76.2,48.7,65.7,69.5,54.4,45,履歴少 / 近走上向き / 安定感
202648073009,2026-07-30,9,コスモナッシュビル,12.0,8.0,今井貴大,57.0,,1.0,1.0,名古屋,三ヶ根山特別(C),2.0,2.0,名古屋,アジア・アジアパラ応(C),3.0,4.0,名古屋,残月梅特別(C),5.0,3.0,名古屋,ほとけのざ特別(C),6.0,4.0,名古屋,尾張名古屋杯(C),2.5,1.0,,nar,2026-07-30,66.28,86.0,47.9,89.7,68.0,51.9,45,履歴少 / 近走上向き / 安定感
202648073009,2026-07-30,9,サンマイメ,9.0,7.0,大原浩司,57.0,,8.0,12.0,名古屋,サビク賞(B),7.0,7.0,名古屋,天の川疾風戦(B),10.0,6.0,名古屋,B4組,3.0,5.0,名古屋,B5組,8.0,4.0,名古屋,B6組,40.1,10.0,,nar,2026-07-30,45.37,48.7,52.1,14.6,44.0,55.0,45,履歴少 / 市場オッズ妙味
202630073009,2026-07-30,9,シンデレラダッシュ,6.0,6.0,服部茂史,55.0,,3.0,5.0,1新潟2,3歳未勝利,8.0,6.0,1東京7,3歳未勝利,10.0,9.0,1東京1,3歳未勝利,8.0,5.0,5東京3,2歳未勝利,4.0,7.0,4東京3,2歳未勝利,2.4,1.0,,nar,2026-07-30,53.46,56.3,48.5,40.7,77.0,53.1,45,履歴少 / 近走上向き
202650073009,2026-07-30,9,ジューンコメット,7.0,7.0,高橋洸佑,54.0,,4.0,4.0,園田,兵庫馬事畜産特別B2,4.0,3.0,園田,兵庫ジョッキーズ楽天(B2),1.0,1.0,園田,C1,2.0,2.0,園田,鷹嶺記念C1一,2.0,4.0,園田,青馬ひすみビクトリー(C1),19.0,4.0,,nar,2026-07-30,65.7,84.7,49.7,100.0,39.5,62.9,45,履歴少 / 安定感 / 市場オッズ妙味
202645073009,2026-07-30,9,ジラルデ,1.0,1.0,岡村健司,57.0,,4.0,7.0,浦和,武甲山特別(B2B3),7.0,8.0,船橋,ニッコウキスゲ特別(B2B3),4.0,4.0,船橋,新緑特別(B2B3),7.0,9.0,船橋,フレンドリービット特(B2B3),4.0,4.0,船橋,アストロメリア賞(B2),23.7,7.0,,nar,2026-07-30,60.33,66.5,60.2,60.5,59.0,60.2,45,履歴少 / 安定感 / 市場オッズ妙味
202630073009,2026-07-30,9,スイートキャンディ,4.0,4.0,宮内勇樹,55.0,,6.0,8.0,門別,水揚日本一苫小牧産ホ(C3),4.0,5.0,門別,大人になった内藤耀悠(C3),6.0,5.0,門別,日高町商工会賞(C3),,,門別,ステラヴェローチェ賞(C3),3.0,9.0,門別,3歳以上C3ー2C4,25.2,9.0,,nar,2026-07-30,55.76,67.6,60.5,35.3,40.0,62.8,45,履歴少 / 市場オッズ妙味
202648073009,2026-07-30,9,セイウンピカイチ,2.0,2.0,大畑慧悟,57.0,,8.0,1.0,名古屋,B6組,2.0,3.0,名古屋,B11組,2.0,4.0,名古屋,君枝&翔結婚12周年(B),2.0,5.0,名古屋,高浜特別(C),1.0,4.0,名古屋,C9組,6.4,3.0,,nar,2026-07-30,55.31,78.2,44.9,69.6,12.5,59.2,45,履歴少 / 安定感
202645073009,2026-07-30,9,セイノスケ,4.0,4.0,張田昂,55.0,,4.0,4.0,浦和,"ハロー,ウラワールド(B2B3)",1.0,1.0,浦和,雲取山特別(C1),2.0,7.0,船橋,花柘榴賞(C1),3.0,4.0,浦和,エメラルド特別(C1),1.0,2.0,浦和,今日は丑の日浦和うな(C1C2),11.0,6.0,,nar,2026-07-30,68.89,88.8,58.7,100.0,36.5,64.8,45,履歴少 / 安定感
202650073009,2026-07-30,9,セクシーキャット,1.0,1.0,下原理,56.0,,1.0,1.0,園田,B2,1.0,1.0,園田,いちか馬ちかオッズパ(C1),2.0,3.0,園田,C1,6.0,2.0,園田,フリージア賞C1一,6.0,2.0,園田,C1,4.5,2.0,,nar,2026-07-30,64.17,88.4,44.4,75.1,66.5,51.9,45,履歴少 / 近走上向き / 安定感
202650073009,2026-07-30,9,タガノテツ,4.0,4.0,笹田知宏,57.0,,6.0,5.0,園田,陽春特別B1,2.0,4.0,姫路,B1,4.0,2.0,姫路,PLAY!オッズパー(B1),2.0,2.0,園田,ノースポール賞B1,9.0,12.0,3京都10,3歳以上1勝クラス,32.9,6.0,,nar,2026-07-30,57.13,73.3,50.8,59.3,39.5,57.6,45,履歴少 / 市場オッズ妙味
202650073009,2026-07-30,9,ニシノヒナアラレ,6.0,6.0,廣瀬航,55.0,,5.0,8.0,園田,兵庫馬事畜産特別B2,4.0,4.0,園田,B2,3.0,4.0,姫路,A2B1,5.0,3.0,姫路,B1,5.0,3.0,姫路,小野市白雲谷温泉ゆぴ(B1),51.4,7.0,,nar,2026-07-30,62.96,73.2,54.3,100.0,45.5,53.5,45,履歴少 / 安定感
202645073009,2026-07-30,9,ハクシュ,7.0,6.0,御神本訓,55.0,,1.0,2.0,川崎,アンドロメダ賞(C1),5.0,1.0,川崎,スクルド賞(C1),3.0,3.0,川崎,イーリス賞(C1),3.0,1.0,川崎,猛虎特別(C1),2.0,2.0,川崎,プリマヴェーラ賞(C1),7.8,4.0,,nar,2026-07-30,66.23,85.7,43.1,100.0,63.5,55.5,45,履歴少 / 安定感
202645073009,2026-07-30,9,ヒロシゲジャック,2.0,2.0,和田譲治,57.0,,5.0,5.0,川崎,アルタイル賞(B2B3),7.0,12.0,船橋,月白風清2200(A2B1),11.0,14.0,船橋,皐月盃(OP)(4上),7.0,9.0,船橋,こぼれ桜特別(A2B1),4.0,6.0,船橋,3月22日はばんえい(B1),38.9,10.0,,nar,2026-07-30,56.75,53.0,66.4,40.7,63.5,64.1,45,履歴少 / 人気以上に走る傾向 / 市場オッズ妙味
202630073009,2026-07-30,9,ビッグバンドビート,10.0,8.0,近藤翔月,56.0,,5.0,8.0,門別,アポイ岳世界ジオパー(C3),6.0,4.0,高知,C3ー4,4.0,4.0,高知,C3ー5,4.0,2.0,高知,C3ー6,4.0,2.0,高知,C3ー7,19.5,8.0,,nar,2026-07-30,59.18,69.6,49.4,75.1,47.0,62.0,45,履歴少 / 安定感 / 市場オッズ妙味
202645073009,2026-07-30,9,ピノマハナ,6.0,6.0,櫻井光輔,57.0,,8.0,8.0,浦和,"ハロー,ウラワールド(B2B3)",7.0,10.0,川崎,短夜特別(B1B2),11.0,10.0,大井,サンケイスポーツ賞競(B1B2),13.0,10.0,船橋,20時50分にビッグ(B1),4.0,2.0,浦和,浦和×ばんえいコラボ(B2B3),54.0,11.0,,nar,2026-07-30,42.18,38.7,49.3,10.3,54.5,51.5,45,履歴少
202650073009,2026-07-30,9,ファンシンレディー,8.0,8.0,福原杏,56.0,,1.0,3.0,園田,兵庫馬事畜産特別B2,2.0,5.0,園田,B2,1.0,3.0,園田,C1一,2.0,4.0,園田,マリーゴールド賞C1,6.0,5.0,園田,ポピー賞C1一,9.9,3.0,,nar,2026-07-30,72.83,92.7,63.6,89.7,60.5,65.0,45,履歴少 / 安定感
202630073009,2026-07-30,9,ブルーコスモス,7.0,6.0,阿部龍,55.0,,12.0,4.0,門別,フロイラインカップ〔(重賞),3.0,5.0,門別,グランシャリオドリー(C3),,,門別,ステラヴェローチェ賞(C3),9.0,2.0,門別,3歳以上C3ー2C4,4.0,1.0,名古屋,沓掛特別(3歳),7.9,4.0,,nar,2026-07-30,34.66,47.0,21.5,35.3,10.0,45.8,45,履歴少
202645073009,2026-07-30,9,ヘニーズネフュー,10.0,8.0,新原周馬,55.0,,8.0,2.0,川崎,プロキオン賞(B2B3),2.0,5.0,川崎,レコードな町にいかっ(B2B3),3.0,5.0,川崎,ベテルギウス賞(B2B3),1.0,1.0,川崎,坊主めくり賞(C1C2),2.0,6.0,川崎,やまなし畜産特別(B3C1),26.6,9.0,,nar,2026-07-30,55.8,77.0,48.1,69.6,14.0,58.2,45,履歴少 / 安定感 / 市場オッズ妙味
202630073009,2026-07-30,9,ベイストラトラ,9.0,7.0,小川悠汰,54.0,,1.0,5.0,門別,グランシャリオドリー(C4),7.0,4.0,門別,アヤメ特別(C4),7.0,2.0,門別,日高サラブレッドサブ(C4),4.0,2.0,門別,グランシャリオドリー(C4),8.0,6.0,門別,3歳以上C4ー2,8.6,5.0,,nar,2026-07-30,57.1,69.3,42.9,45.0,83.0,54.0,45,履歴少 / 近走上向き
202630073009,2026-07-30,9,マリノシュライエン,1.0,1.0,藤田凌駕,53.0,,5.0,5.0,門別,3歳以上C3ー2C4,11.0,11.0,門別,日高町水道協会特別(C3),10.0,9.0,門別,オオデマリ特別(C3),6.0,6.0,門別,アマリリス特別(C3),8.0,11.0,門別,ナデシコ特別(C3),86.9,11.0,,nar,2026-07-30,49.16,44.5,50.8,30.4,72.5,54.8,45,履歴少 / 近走上向き
202648073009,2026-07-30,9,ミヤイグアス,7.0,6.0,細川智史,55.0,,11.0,4.0,名古屋,B7組,3.0,3.0,名古屋,B12組,2.0,5.0,名古屋,新城特別(C),9.0,6.0,名古屋,碧南特別(C),4.0,6.0,名古屋,城下町賞(C),12.4,5.0,,nar,2026-07-30,45.82,58.3,37.6,55.0,11.0,57.5,45,履歴少 / 市場オッズ妙味
202648073009,2026-07-30,9,メイショウマクジキ,5.0,5.0,加藤利征,57.0,,6.0,8.0,名古屋,B6組,6.0,11.0,名古屋,星合特別(B),11.0,7.0,名古屋,B4組,3.0,8.0,名古屋,B4組,9.0,7.0,名古屋,B5組,34.1,9.0,,nar,2026-07-30,51.12,53.1,61.1,14.6,57.5,60.2,45,履歴少 / 市場オッズ妙味
202648073009,2026-07-30,9,モアサナイト,4.0,4.0,望月洵輝,55.0,,10.0,11.0,名古屋,B6組,6.0,8.0,名古屋,B5組,12.0,11.0,名古屋,B4組,6.0,2.0,名古屋,B5組,5.0,7.0,名古屋,B6組,42.0,11.0,,nar,2026-07-30,41.68,41.6,51.6,10.3,33.5,56.3,45,履歴少 / 市場オッズ妙味
202630073009,2026-07-30,9,ヤマニンエラマ,3.0,3.0,落合玄太,57.0,,6.0,3.0,門別,グランシャリオドリー(C3),3.0,2.0,門別,ヤマボウシ特別(C3),1.0,1.0,門別,3歳以上C4ー2,2.0,2.0,門別,ONーAIRDO賞(C4),10.0,9.0,3京都2,3歳未勝利,5.8,2.0,,nar,2026-07-30,54.71,75.2,41.1,59.3,38.0,54.2,45,履歴少
202645073009,2026-07-30,9,ラファールドール,3.0,3.0,笹川翼,57.0,,12.0,9.0,2東京11,4歳以上2勝クラス,8.0,6.0,3中山6,印西特別(2勝クラス),12.0,13.0,1東京8,4歳以上2勝クラス,4.0,9.0,1東京2,4歳以上2勝クラス,12.0,5.0,5中山5,香取特別(2勝クラス),4.7,2.0,,nar,2026-07-30,35.65,29.3,41.6,14.6,32.0,52.7,45,履歴少
202648073009,2026-07-30,9,ラントリサント,3.0,3.0,筒井勇介,55.0,,5.0,11.0,名古屋,B7組,7.0,10.0,名古屋,レサト賞(B),9.0,11.0,名古屋,B3組,10.0,11.0,名古屋,レディス・アストライ(B),9.0,9.0,名古屋,デネボラ疾風戦(B),46.6,12.0,,nar,2026-07-30,56.25,48.5,71.8,30.4,72.5,61.3,45,履歴少 / 人気以上に走る傾向 / 近走上向き
202645073009,2026-07-30,9,レルアバド,5.0,5.0,矢野貴之,57.0,,1.0,1.0,川崎,アルタイル賞(B2B3),3.0,2.0,浦和,武甲山特別(B2B3),2.0,1.0,浦和,馬トク報知杯特別(B2B3),5.0,2.0,船橋,桜花爛漫特別(B3),5.0,1.0,船橋,アケビ特別(B2B3),2.7,1.0,,nar,2026-07-30,65.28,86.5,40.9,100.0,66.5,48.4,45,履歴少 / 近走上向き / 安定感
202630073009,2026-07-30,9,レーザーベルン,2.0,2.0,黒澤愛斗,57.0,,9.0,4.0,門別,グランシャリオドリー(C3),6.0,3.0,門別,道産子企業北海道競馬(C3),,,門別,北海優駿〔H1〕(重賞),1.0,2.0,門別,3歳以上C4ー2,5.0,2.0,門別,3歳以上C4ー2,11.5,6.0,,nar,2026-07-30,40.7,59.2,28.8,24.9,20.0,52.3,45,履歴少
202648073009,2026-07-30,9,レースノワエ,10.0,7.0,渡辺竜也,55.0,,5.0,6.0,名古屋,B6組,12.0,8.0,名古屋,彦星大空戦(B),7.0,10.0,名古屋,B4組,8.0,8.0,名古屋,ザニア賞(B),4.0,10.0,名古屋,B5組,20.6,8.0,,nar,2026-07-30,52.17,48.2,53.6,40.7,66.5,60.2,45,履歴少 / 近走上向き / 市場オッズ妙味
202630073009,2026-07-30,9,ロンギングドルチェ,8.0,7.0,亀井洋司,55.0,,5.0,6.0,門別,水揚日本一苫小牧産ホ(C3),1.0,1.0,門別,グランシャリオドリー(C4),2.0,5.0,門別,日高サラブレッドサブ(C4),4.0,5.0,門別,ゲラニウム特別(C4),5.0,5.0,門別,3歳以上C4ー2,17.7,7.0,,nar,2026-07-30,66.91,81.9,57.3,100.0,38.0,65.5,45,履歴少 / 安定感 / 過小評価傾向 / 市場オッズ妙味
202650073010,2026-07-30,10,アウタースペース,2.0,2.0,高畑皓一,57.0,,8.0,10.0,園田,C1一,11.0,10.0,園田,B2,11.0,11.0,園田,兵庫ジョッキーズ楽天(B2),8.0,9.0,園田,第31回大日本プロレ(B1B2),5.0,8.0,園田,B2,185.2,12.0,,nar,2026-07-30,43.61,35.8,55.7,10.3,54.5,56.8,45,履歴少
202650073010,2026-07-30,10,ウィンザーロア,8.0,6.0,長尾翼玖,57.0,,5.0,6.0,園田,C1一,7.0,9.0,園田,B2,10.0,8.0,園田,兵庫ジョッキーズ楽天(B2),6.0,6.0,園田,B2,1.0,6.0,園田,フリージア賞C1一,37.4,8.0,,nar,2026-07-30,54.4,58.2,56.5,40.7,56.0,60.2,45,履歴少 / 市場オッズ妙味
202650073010,2026-07-30,10,エイシンチョンパ,3.0,3.0,永井孝典,57.0,,9.0,7.0,園田,C1一,8.0,3.0,佐賀,JRA交流えびの特別,6.0,5.0,園田,C1,2.0,11.0,園田,いちか馬ちかオッズパ(C1),7.0,7.0,園田,C1二,65.3,9.0,,nar,2026-07-30,42.97,52.6,44.8,14.6,30.5,54.1,45,履歴少
202645073010,2026-07-30,10,エレファントラン,3.0,3.0,御神本訓,56.0,,2.0,1.0,川崎,要潤さん川崎競馬公式(B2),2.0,5.0,川崎,短夜特別(B1B2),1.0,2.0,川崎,早苗月特別(B3二),5.0,2.0,川崎,大寒特別(B3),3.0,4.0,川崎,宝船特別(B3),3.3,1.0,,nar,2026-07-30,68.35,89.3,52.1,100.0,54.5,55.7,45,履歴少 / 安定感
202630073010,2026-07-30,10,カムイノウタゲ,3.0,3.0,黒澤愛斗,57.0,,5.0,11.0,門別,グランシャリオドリー(C3),7.0,8.0,門別,道産子企業北海道競馬(C3),5.0,9.0,門別,日高町商工会賞(C3),8.0,8.0,門別,グランシャリオドリー(C3),,,門別,ステラヴェローチェ賞(C3),73.8,10.0,,nar,2026-07-30,60.53,59.6,72.4,50.2,60.0,62.4,45,履歴少 / 人気以上に走る傾向
202650073010,2026-07-30,10,ギフトバスケット,11.0,8.0,田野豊三,55.0,,,,園田,C1,6.0,6.0,園田,C1一,3.0,6.0,園田,ユリ賞C1,3.0,5.0,園田,豪快キャプテン☆来場(C1),7.0,9.0,園田,C1二,22.0,6.0,,nar,2026-07-30,56.52,70.7,61.0,34.3,40.0,62.0,45,履歴少 / 市場オッズ妙味
202650073010,2026-07-30,10,コパノジェームス,6.0,5.0,小谷周平,57.0,,3.0,3.0,園田,C1二,10.0,6.0,高知,C1ー4,6.0,4.0,高知,C1ー5,4.0,2.0,高知,C1ー5,7.0,5.0,高知,帰全山公園特別(C1),22.7,7.0,,nar,2026-07-30,51.43,60.8,36.8,45.0,72.5,49.8,45,履歴少 / 近走上向き / 市場オッズ妙味
202645073010,2026-07-30,10,サザンカ,2.0,2.0,西啓太,54.0,,7.0,9.0,川崎,要潤さん川崎競馬公式(B2),9.0,11.0,川崎,短夜特別(B1B2),10.0,3.0,川崎,湘南オリーブオイル杯(B2),8.0,7.0,船橋,クイーンズオーディシ(A2),1.0,1.0,川崎,時雨空特別(B2),65.7,12.0,,nar,2026-07-30,43.33,47.1,47.0,10.3,50.0,50.9,45,履歴少
202650073010,2026-07-30,10,サチノメグミ,12.0,8.0,川原正一,56.0,,1.0,2.0,園田,C1,1.0,3.0,園田,3歳B,1.0,2.0,園田,3歳C1一,2.0,5.0,園田,3歳AB,10.0,12.0,園田,陽炎特別3歳AB,2.6,1.0,,nar,2026-07-30,71.8,91.4,61.5,89.7,65.0,59.9,45,履歴少 / 近走上向き / 安定感
202650073010,2026-07-30,10,サマーエンジェル,7.0,6.0,福原杏,55.0,,1.0,1.0,園田,C2一,1.0,1.0,園田,C2二,1.0,1.0,園田,宅原ダッシュC3一,3.0,1.0,園田,3歳C1C2,13.0,10.0,1福島1,3歳未勝利,2.7,2.0,,nar,2026-07-30,66.47,87.7,45.8,89.7,71.0,51.0,45,履歴少 / 近走上向き / 安定感
202648073010,2026-07-30,10,サンセットベリー,9.0,7.0,塚本征吾,57.0,,7.0,3.0,名古屋,こと座流星群特別(B),6.0,5.0,名古屋,桜月夜特別(B),7.0,8.0,名古屋,若紫特別(A),10.0,9.0,名古屋,名古屋CCミネルヴァ(A),7.0,8.0,名古屋,目出鯛特別(A),30.3,8.0,,nar,2026-07-30,42.32,50.5,40.8,0.0,53.0,53.7,45,履歴少 / 市場オッズ妙味
202645073010,2026-07-30,10,スカイアクロス,5.0,4.0,張田昂,56.0,,6.0,4.0,川崎,川崎記念3連覇ホッコ(B2B3),8.0,8.0,川崎,川崎の名伯楽特(B1B2),1.0,1.0,川崎,ヴィクトリーチャレン(B3),4.0,3.0,川崎,馬産地日高特別(B2B3),1.0,1.0,川崎,法師蝉特別(B3),12.1,6.0,,nar,2026-07-30,52.72,70.4,44.7,44.7,35.0,58.7,45,履歴少 / 市場オッズ妙味
202645073010,2026-07-30,10,スカイブルー,11.0,7.0,増田充宏,56.0,,9.0,6.0,川崎,要潤さん川崎競馬公式(B2),12.0,7.0,1新潟8,4歳以上1勝クラス,13.0,7.0,2阪神3,4歳以上1勝クラス,3.0,11.0,1阪神9,4歳以上1勝クラス,14.0,10.0,1阪神3,4歳以上1勝クラス,58.6,11.0,,nar,2026-07-30,35.11,27.0,31.9,14.6,59.0,47.0,45,履歴少
202648073010,2026-07-30,10,スキューマパーラ,1.0,1.0,大原浩司,55.0,,8.0,10.0,名古屋,彦星大空戦(B),8.0,6.0,名古屋,レサト賞(B),6.0,9.0,名古屋,アルフェッカ特別(B),2.0,9.0,名古屋,B4組,5.0,9.0,名古屋,B5組,174.0,12.0,,nar,2026-07-30,51.73,56.6,65.0,24.9,33.5,62.6,45,履歴少
202650073010,2026-07-30,10,スービーズ,1.0,1.0,杉浦健太,56.0,,1.0,7.0,園田,ムスカリ賞C1,4.0,5.0,姫路,C1一,3.0,5.0,姫路,C1,5.0,7.0,園田,C1,3.0,5.0,園田,C1一,14.5,5.0,,nar,2026-07-30,74.91,84.5,70.8,100.0,66.5,69.8,45,履歴少 / 人気以上に走る傾向 / 近走上向き / 安定感
202645073010,2026-07-30,10,ソウルストライク,9.0,6.0,笹川翼,56.0,,2.0,3.0,川崎,湯河原梅林「梅の宴」(B1B2),2.0,6.0,川崎,秦野市市制施行70周(B1B2),7.0,11.0,川崎,かわさきジャズ202(B2B3),9.0,10.0,川崎,山紫水明賞(B2),10.0,10.0,川崎,疾風怒涛賞(A2),5.2,3.0,,nar,2026-07-30,64.8,69.3,65.7,55.3,80.0,63.5,45,履歴少 / 人気以上に走る傾向 / 近走上向き
202648073010,2026-07-30,10,タマモルピナス,2.0,2.0,近藤颯羽,52.0,,8.0,5.0,名古屋,B5組,5.0,6.0,名古屋,彦星大空戦(B),1.0,6.0,名古屋,ちひろとはると付き合(B),2.0,4.0,名古屋,碧南特別(C),1.0,7.0,名古屋,八曽山特別(C),72.4,9.0,,nar,2026-07-30,57.96,73.8,58.7,69.6,15.5,60.6,45,履歴少 / 安定感
202648073010,2026-07-30,10,テーオーリップマン,3.0,3.0,,,,6.0,3.0,名古屋,B5組,4.0,4.0,名古屋,B7組,1.0,2.0,名古屋,君枝&翔結婚12周年(B),1.0,1.0,名古屋,C6組,2.0,1.0,名古屋,C9組,,,,nar,2026-07-30,55.87,81.0,44.3,69.6,26.0,47.0,45,履歴少 / 安定感
202645073010,2026-07-30,10,デアシュトゥルム,13.0,8.0,鷹見陸,56.0,,6.0,5.0,川崎,要潤さん川崎競馬公式(B2),3.0,9.0,川崎,短夜特別(B1B2),8.0,8.0,川崎,湘南オリーブオイル杯(B2),4.0,6.0,川崎,大師特別(B1B2),5.0,9.0,川崎,湯河原梅林「梅の宴」(B1B2),22.9,10.0,,nar,2026-07-30,58.31,66.0,63.3,49.8,44.0,63.4,45,履歴少 / 市場オッズ妙味
202648073010,2026-07-30,10,トップパワー,4.0,4.0,東川慎,57.0,,2.0,1.0,名古屋,B7組,1.0,1.0,名古屋,田原特別(C),2.0,1.0,名古屋,C4組,3.0,1.0,名古屋,C5組,1.0,1.0,名古屋,C16組,10.6,2.0,,nar,2026-07-30,67.25,93.7,44.4,100.0,48.5,57.4,45,履歴少 / 安定感
202630073010,2026-07-30,10,トレビアンクリール,2.0,2.0,宮内勇樹,57.0,,6.0,7.0,門別,大人になった内藤耀悠(C3),9.0,9.0,門別,グランシャリオドリー(C3),,,門別,ステラヴェローチェ賞(C3),5.0,7.0,門別,3歳以上C3ー2C4,5.0,9.0,門別,3歳以上C3ー2C4,36.2,8.0,,nar,2026-07-30,51.93,55.0,58.8,24.9,52.0,62.0,45,履歴少 / 市場オッズ妙味
202645073010,2026-07-30,10,ドウザンワン,6.0,5.0,新原周馬,56.0,,1.0,3.0,川崎,半夏生特別(B3二),1.0,3.0,川崎,見返り美人特別(B3二),3.0,3.0,浦和,菖蒲月特別(B3),1.0,4.0,川崎,クラセアルタ賞(C1),6.0,6.0,川崎,ブラックジャック賞(C1二),4.9,2.0,,nar,2026-07-30,71.66,92.7,60.8,89.7,60.5,61.3,45,履歴少 / 安定感
202630073010,2026-07-30,10,ドクターストップ,11.0,8.0,服部茂史,55.0,,8.0,5.0,門別,グランシャリオドリー(C3),3.0,7.0,門別,道産子企業北海道競馬(C3),10.0,7.0,門別,日高町商工会賞(C3),4.0,10.0,門別,グランシャリオドリー(C3),10.0,11.0,門別,グランシャリオドリー(C3),23.5,4.0,,nar,2026-07-30,50.54,53.8,53.3,39.5,42.5,59.5,45,履歴少 / 市場オッズ妙味
202645073010,2026-07-30,10,ハナノウタゲ,10.0,7.0,木間塚龍,54.0,,3.0,7.0,川崎,要潤さん来場記念(B3二),5.0,9.0,川崎,萌え野特別(B2),12.0,14.0,川崎,フェブラリースター賞(B2B3),12.0,6.0,川崎,百人一首特別(B2B3),1.0,3.0,川崎,チャーチルダウンズ特(B3),8.4,4.0,,nar,2026-07-30,61.63,56.9,63.6,65.7,77.0,63.0,45,履歴少 / 近走上向き / 安定感
202648073010,2026-07-30,10,バイアンドホールド,12.0,8.0,渡辺竜也,57.0,,5.0,7.0,名古屋,カササギ賞(B),6.0,6.0,名古屋,B7組,6.0,6.0,名古屋,B9組,4.0,3.0,名古屋,アルファルド賞(B),7.0,7.0,名古屋,シェリアク賞(B),29.3,7.0,,nar,2026-07-30,55.09,63.9,53.2,45.0,54.5,56.9,45,履歴少 / 市場オッズ妙味
202648073010,2026-07-30,10,バウブロッサム,11.0,8.0,細川智史,55.0,,9.0,12.0,名古屋,彦星大空戦(B),5.0,8.0,名古屋,レサト賞(B),9.0,11.0,名古屋,アルフェッカ特別(B),9.0,9.0,名古屋,レディス・アストライ(B),7.0,9.0,名古屋,スピカ賞(B),128.9,11.0,,nar,2026-07-30,49.39,45.6,65.8,24.9,41.0,60.0,45,履歴少 / 人気以上に走る傾向
202645073010,2026-07-30,10,バックビート,8.0,6.0,加藤雄真,54.0,,8.0,3.0,川崎,要潤さん川崎競馬公式(B2),1.0,1.0,川崎,末摘花特別(B3二),3.0,5.0,川崎,早苗月特別(B3二),3.0,5.0,船橋,牡牛座スプリント(B3),2.0,9.0,川崎,若草特別(B3三),22.9,9.0,,nar,2026-07-30,56.42,76.7,49.2,69.6,15.5,60.2,45,履歴少 / 安定感 / 市場オッズ妙味
202630073010,2026-07-30,10,バッハ,1.0,1.0,松井伸也,57.0,,4.0,7.0,門別,水揚日本一苫小牧産ホ(C3),1.0,5.0,門別,アヤメ特別(C4),5.0,12.0,門別,グランシャリオドリー(C4),9.0,8.0,門別,グランシャリオドリー(C4),12.0,10.0,門別,3歳以上C4ー2,24.8,5.0,,nar,2026-07-30,66.34,68.0,70.6,75.1,66.5,63.4,45,履歴少 / 人気以上に走る傾向 / 近走上向き / 安定感
202648073010,2026-07-30,10,ビッグベッター,8.0,6.0,丹羽克輝,57.0,,7.0,10.0,名古屋,B5組,6.0,11.0,名古屋,シャウラ疾風特別(B),8.0,6.0,名古屋,アルフェッカ特別(B),5.0,7.0,名古屋,ザニア賞(B),5.0,3.0,名古屋,デネボラ疾風戦(B),102.4,10.0,,nar,2026-07-30,51.7,56.4,62.9,24.9,44.0,57.4,45,履歴少
202630073010,2026-07-30,10,ビービーエリス,8.0,7.0,桑村真明,57.0,,2.0,2.0,門別,グランシャリオドリー(C3),1.0,2.0,門別,グランシャリオドリー(C4),1.0,2.0,門別,3歳以上C4ー3,5.0,5.0,門別,3歳以上C4ー3,6.0,4.0,門別,3歳以上C4ー3,2.5,2.0,,nar,2026-07-30,66.96,88.8,51.7,89.7,57.5,53.9,45,履歴少 / 安定感
202650073010,2026-07-30,10,フィオリーノ,10.0,7.0,佐々木世,53.0,,2.0,2.0,園田,C1一,3.0,1.0,園田,C1二,1.0,1.0,園田,C2一,3.0,2.0,園田,C2一,3.0,3.0,園田,C2一,5.6,3.0,,nar,2026-07-30,66.62,89.6,45.5,100.0,53.0,55.4,45,履歴少 / 安定感
202645073010,2026-07-30,10,フォースゲイト,1.0,1.0,古岡勇樹,56.0,,5.0,8.0,川崎,要潤さん川崎競馬公式(B2),4.0,7.0,川崎,梅雨明かり特別(B2),7.0,9.0,川崎,草笛特別(B2),7.0,3.0,川崎,川崎記念3連覇ホッコ(B2B3),6.0,2.0,川崎,萌え野特別(B2),11.6,5.0,,nar,2026-07-30,57.92,63.7,57.4,55.3,56.0,60.4,45,履歴少
202630073010,2026-07-30,10,ブッシュドノエル,9.0,7.0,亀井洋司,55.0,,11.0,10.0,門別,グランシャリオドリー(C3),10.0,10.0,門別,道産子企業北海道競馬(C3),8.0,10.0,門別,日高町商工会賞(C3),7.0,8.0,門別,ヒダカソウカップ〔H(重賞),,,門別,ステラヴェローチェ賞(C3),164.6,11.0,,nar,2026-07-30,37.9,32.7,51.9,0.0,34.0,55.1,45,履歴少
202648073010,2026-07-30,10,ブルースバローズ,10.0,7.0,加藤聡一,57.0,,1.0,1.0,名古屋,渥美半島特別(C),1.0,1.0,名古屋,C6組,1.0,1.0,名古屋,C11組,13.0,4.0,2阪神2,4歳以上1勝クラス,10.0,2.0,4阪神5,3歳未勝利,1.1,1.0,,nar,2026-07-30,59.2,78.6,35.0,75.1,81.5,39.4,45,履歴少 / 近走上向き / 安定感
202650073010,2026-07-30,10,ブルーデイジー,4.0,4.0,小谷哲平,54.0,,8.0,8.0,園田,C1一,9.0,8.0,園田,B2二,7.0,8.0,園田,青馬ひすみ☆配信記念(B2),8.0,6.0,園田,カサブランカ賞B2,16.0,16.0,1福島6,4歳以上1勝クラス,94.9,10.0,,nar,2026-07-30,41.6,39.0,47.6,0.0,62.0,52.2,45,履歴少
202630073010,2026-07-30,10,ホウオウアーネスト,4.0,4.0,石川倭,57.0,,2.0,2.0,門別,道産子企業北海道競馬(C3),10.0,6.0,1札幌3,3歳未勝利,3.0,6.0,1函館11,3歳未勝利,8.0,7.0,3阪神1,3歳未勝利,8.0,2.0,2京都7,3歳未勝利,1.8,1.0,,nar,2026-07-30,54.46,62.5,41.8,50.2,81.5,47.3,45,履歴少 / 近走上向き
202645073010,2026-07-30,10,ボニーマジェスティ,7.0,5.0,櫻井光輔,56.0,,2.0,9.0,川崎,江戸切子特別(B3二),10.0,6.0,川崎,千軍万馬賞(B2B3),7.0,3.0,浦和,橘月特別(B2B3),13.0,8.0,川崎,草笛特別(B2),4.0,3.0,大井,B2五,19.0,8.0,,nar,2026-07-30,54.59,53.7,46.6,40.7,89.0,59.4,45,履歴少 / 近走上向き / 市場オッズ妙味
202645073010,2026-07-30,10,マイネルディレクト,4.0,4.0,岡村裕基,56.0,,10.0,10.0,川崎,うまさ鉄板!菜速あや(B1B2),11.0,9.0,川崎,一騎当千賞(B1B2),15.0,12.0,大井,スピカ賞競走(B2),7.0,11.0,船橋,オーケストラダッシュ(B2B3),7.0,9.0,浦和,埼玉の酪農応援賞特別(B2B3),188.1,13.0,,nar,2026-07-30,36.98,26.5,47.9,0.0,50.0,54.1,45,履歴少
202630073010,2026-07-30,10,マジックライン,10.0,8.0,岩橋勇二,57.0,,7.0,8.0,門別,グランシャリオドリー(C3),5.0,4.0,門別,道産子企業北海道競馬(C3),4.0,8.0,門別,日高町商工会賞(C3),5.0,7.0,門別,グランシャリオドリー(C3),,,門別,ステラヴェローチェ賞(C3),37.0,9.0,,nar,2026-07-30,56.64,64.3,58.9,59.3,36.0,61.2,45,履歴少 / 市場オッズ妙味
202630073010,2026-07-30,10,マリノロマンス,5.0,5.0,落合玄太,55.0,,3.0,9.0,門別,グランシャリオドリー(C3),4.0,9.0,門別,道産子企業北海道競馬(C3),8.0,13.0,門別,グランシャリオドリー(C3),12.0,8.0,門別,骨密度ならMBP賞(C3),3.0,4.0,門別,ヒナゲシ特別(C3),17.8,3.0,,nar,2026-07-30,66.79,63.6,75.0,65.7,72.5,70.7,45,履歴少 / 人気以上に走る傾向 / 近走上向き / 安定感
202650073010,2026-07-30,10,ミキヨウッドテール,9.0,7.0,塩津璃菜,51.0,,3.0,4.0,園田,C1二,4.0,4.0,園田,C1二,7.0,2.0,園田,C1二,1.0,5.0,園田,C2一,1.0,3.0,園田,C2二,10.4,4.0,,nar,2026-07-30,63.37,79.7,50.7,80.2,51.5,61.3,45,履歴少 / 安定感
202650073010,2026-07-30,10,ミストルティン,5.0,5.0,南部楓馬,54.0,,6.0,8.0,園田,C1一,8.0,9.0,園田,C1一,9.0,12.0,園田,ユリ賞C1,5.0,8.0,園田,豪快キャプテン☆来場(C1),8.0,10.0,園田,C1二,110.5,11.0,,nar,2026-07-30,51.56,50.8,64.7,14.6,59.0,60.6,45,履歴少
202648073010,2026-07-30,10,メイクン,7.0,6.0,大畑雅章,57.0,,1.0,1.0,名古屋,祝奥村部長還暦(B),3.0,5.0,名古屋,城下町賞(C),5.0,3.0,名古屋,金城ふ頭特別(C),7.0,3.0,名古屋,B10組,4.0,3.0,名古屋,B11組,24.2,6.0,,nar,2026-07-30,64.35,80.2,45.9,85.4,72.5,53.0,45,履歴少 / 近走上向き / 安定感 / 市場オッズ妙味
202648073010,2026-07-30,10,ヤマカツライコウ,6.0,5.0,大畑慧悟,57.0,,8.0,2.0,名古屋,カササギ賞(B),3.0,1.0,名古屋,B9組,1.0,1.0,名古屋,四谷の千枚田特別(C),1.0,2.0,名古屋,C8組,1.0,1.0,名古屋,C18組,14.9,3.0,,nar,2026-07-30,52.61,79.0,34.8,69.6,11.0,56.9,45,履歴少 / 安定感 / 市場オッズ妙味
202630073010,2026-07-30,10,ユニコーンホエール,6.0,6.0,阿部龍,57.0,,4.0,7.0,門別,グランシャリオドリー(C3),8.0,6.0,門別,道産子企業北海道競馬(C3),4.0,4.0,門別,3歳以上C3ー2C4,5.0,4.0,門別,グランシャリオドリー(C3),6.0,2.0,門別,グランシャリオドリー(C3),33.6,6.0,,nar,2026-07-30,57.06,65.2,49.0,64.7,60.5,53.7,45,履歴少 / 安定感 / 市場オッズ妙味
202645073010,2026-07-30,10,ラムテリオス,12.0,8.0,佐野遥久,54.0,,1.0,6.0,川崎,江戸切子特別(B3二),5.0,8.0,川崎,梅雨明かり特別(B2),4.0,4.0,川崎,早苗月特別(B3二),6.0,5.0,浦和,馬トク報知杯特別(B2B3),2.0,4.0,川崎,卯の花月特別(B3三),12.5,7.0,,nar,2026-07-30,70.9,80.6,66.3,85.4,69.5,66.6,45,履歴少 / 人気以上に走る傾向 / 近走上向き / 安定感
202648073010,2026-07-30,10,ヴァルドグラース,5.0,5.0,木之前葵,53.0,,3.0,3.0,名古屋,B6組,3.0,3.0,名古屋,たいよう&えみ結婚お(B),3.0,3.0,名古屋,健太まだ若いぞ!35(B),4.0,5.0,名古屋,B10組,4.0,3.0,名古屋,B13組,16.3,4.0,,nar,2026-07-30,66.56,82.0,50.3,100.0,53.0,61.9,45,履歴少 / 安定感 / 市場オッズ妙味
202630073010,2026-07-30,10,ヴィフアクター,7.0,6.0,小野楓馬,55.0,,7.0,6.0,門別,大人になった内藤耀悠(C3),10.0,9.0,大井,JAいちかわ賞(C2),7.0,11.0,大井,こじし座特別競走(C2),6.0,9.0,大井,C2十　1112(C211),4.0,8.0,大井,C2十　1112(C211),34.0,7.0,,nar,2026-07-30,48.0,49.7,57.6,10.3,48.5,62.1,45,履歴少 / 市場オッズ妙味
202630073011,2026-07-30,11,イッツクール,7.0,7.0,服部茂史,56.0,,5.0,5.0,門別,グランシャリオ門別ス(重賞),1.0,4.0,門別,シバザクラ特別(A1),4.0,6.0,門別,ベロニカ特別(A1),4.0,1.0,門別,一刻千秋OP(OP)(一般),1.0,7.0,門別,風かおる優駿桜国しん(OP)(一般),3.1,1.0,,nar,2026-07-30,66.3,82.0,59.3,100.0,35.0,60.0,45,履歴少 / 安定感
202645073011,2026-07-30,11,インディゴールド,1.0,1.0,御神本訓,54.0,,1.0,2.0,川崎,スパーキングデビュー(2歳),,,,,,,,,,,,,,,,,10.2,6.0,,nar,2026-07-30,44.16,51.6,42.2,36.3,40.6,41.7,45,履歴少 / サンプル少
202645073011,2026-07-30,11,ウィズサークレット,7.0,7.0,町田直希,54.0,,1.0,1.0,川崎,天衣無縫賞(2歳),2.0,1.0,川崎,スパーキングデビュー(2歳),,,,,,,,,,,,,17.2,7.0,,nar,2026-07-30,54.72,71.0,43.8,48.4,48.8,58.3,45,履歴少 / サンプル少 / 市場オッズ妙味
202630073011,2026-07-30,11,オメガレインボー,6.0,6.0,小野楓馬,57.0,,6.0,6.0,門別,新冠町軽種馬生産振興(A1),6.0,8.0,門別,ツキミソウ特別(A1),6.0,9.0,門別,サラブレッドのまち日(A1),5.0,6.0,門別,雪印種苗BFMP特別(A1),7.0,4.0,門別,シャクヤク特別(A1),29.6,7.0,,nar,2026-07-30,50.86,60.3,56.5,14.6,50.0,58.2,45,履歴少 / 市場オッズ妙味
202630073011,2026-07-30,11,カッパギ,3.0,3.0,岩橋勇二,55.0,,4.0,5.0,門別,アルビレオ特別(A2),8.0,4.0,門別,サラブレッドのまち日(A1),3.0,3.0,門別,雪印種苗BFMP特別(A1),2.0,3.0,門別,ツツジ特別(A3),6.0,9.0,門別,エトワール賞〔H3〕(重賞),9.9,5.0,,nar,2026-07-30,58.55,70.3,48.3,64.7,54.5,60.4,45,履歴少 / 安定感
202630073011,2026-07-30,11,キタノエクスプレス,1.0,1.0,落合玄太,57.0,,8.0,1.0,門別,ツキミソウ特別(A1),5.0,3.0,2小倉4,TV西日本北九州記念(GIII),2.0,3.0,2京都7,鞍馬S(OP),15.0,13.0,2中京6,高松宮記念(GI),1.0,2.0,1小倉8,北九州短距離S(OP),3.9,3.0,,nar,2026-07-30,46.55,58.8,31.7,55.0,36.5,49.9,45,履歴少
202645073011,2026-07-30,11,グレーヌドスタール,3.0,3.0,西啓太,54.0,,3.0,4.0,大井,2歳一,3.0,1.0,大井,2歳一,1.0,2.0,大井,2歳　新馬(新馬),,,,,,,,,4.7,3.0,,nar,2026-07-30,63.42,88.2,50.0,75.1,44.0,56.6,45,履歴少 / 安定感
202648073011,2026-07-30,11,コムーネ,10.0,8.0,丸野勝虎,55.0,,6.0,6.0,名古屋,ひまわりの日特別(A),12.0,6.0,名古屋,麦秋特別(A),8.0,6.0,名古屋,水無月疾風特別(A),9.0,1.0,名古屋,牡丹特別(A),1.0,5.0,名古屋,こと座流星群特別(B),18.8,6.0,,nar,2026-07-30,40.74,45.5,31.5,10.3,59.0,54.4,45,履歴少 / 市場オッズ妙味
202645073011,2026-07-30,11,サンバルカン,2.0,2.0,笹川翼,54.0,,2.0,2.0,川崎,シャイニングスター賞(2歳),1.0,1.0,川崎,スパーキングデビュー(2歳),,,,,,,,,,,,,6.3,4.0,,nar,2026-07-30,53.75,70.6,45.5,48.4,42.2,54.9,45,履歴少 / サンプル少
202645073011,2026-07-30,11,シナノクロヌ,4.0,4.0,矢野貴之,54.0,,1.0,1.0,川崎,スパーキングデビュー(2歳),,,,,,,,,,,,,,,,,4.0,1.0,,nar,2026-07-30,43.64,51.6,40.6,36.3,40.6,40.6,45,履歴少 / サンプル少
202650073011,2026-07-30,11,シュネルクィーン,4.0,4.0,廣瀬航,55.0,,2.0,4.0,園田,B1,8.0,3.0,園田,盛夏特別A2B1,3.0,1.0,園田,JーPLACEよかわ(B1),3.0,2.0,姫路,姫路カシの木特別A2(A2B1),2.0,2.0,園田,市川町・いちかわテラ(A2B1),7.3,2.0,,nar,2026-07-30,60.25,77.3,41.7,75.1,62.0,54.6,45,履歴少 / 安定感
202648073011,2026-07-30,11,ジェイエルバルカー,6.0,6.0,細川智史,57.0,,7.0,10.0,名古屋,文月疾風特別(A),12.0,9.0,名古屋,桧扇特別(A),10.0,10.0,名古屋,黄金穹特別(A),3.0,5.0,名古屋,皐月疾風特別(A),9.0,6.0,名古屋,湾岸スターC(OP),57.6,10.0,,nar,2026-07-30,44.26,40.3,51.0,14.6,59.0,52.9,45,履歴少
202630073011,2026-07-30,11,ジャイロ,2.0,2.0,石川倭,55.0,,2.0,2.0,門別,日高銀聖特別(A2),1.0,2.0,門別,JA門別馬舞米特別(A3),4.0,1.0,門別,ラナンキュラス特別(B1),4.0,2.0,門別,ホクレンえん麦特別(A4),5.0,2.0,門別,ハルジオン特別(A3),3.5,2.0,,nar,2026-07-30,65.19,86.0,43.4,100.0,59.0,50.8,45,履歴少 / 安定感
202650073011,2026-07-30,11,ソレア,5.0,5.0,小谷哲平,54.0,,7.0,7.0,園田,B1B2,10.0,8.0,園田,ダリア賞B1B2,5.0,6.0,園田,JーPLACEよかわ(B1),5.0,5.0,園田,B1,9.0,3.0,川崎,勇気凛凛賞(B3),119.2,6.0,,nar,2026-07-30,46.07,49.9,43.6,34.3,51.5,49.0,45,履歴少
202630073011,2026-07-30,11,デアフルーグ,4.0,4.0,近藤翔月,55.0,,1.0,6.0,門別,アメリカンペイトリオ(A3),3.0,6.0,門別,JA門別馬舞米特別(A3),5.0,5.0,門別,登別地獄の谷の鬼花火(A3),5.0,6.0,門別,サッポロ生ビール黒ラ(A1),7.0,7.0,門別,シバザクラ特別(A1),12.6,6.0,,nar,2026-07-30,71.94,80.1,66.9,89.7,74.0,66.6,45,履歴少 / 人気以上に走る傾向 / 近走上向き / 安定感
202648073011,2026-07-30,11,デスティニーホープ,3.0,3.0,加藤聡一,55.0,,3.0,4.0,名古屋,夕凪特別(A),2.0,1.0,名古屋,半夏生特別(A),1.0,1.0,名古屋,B3組,10.0,3.0,名古屋,ザニア賞(B),1.0,2.0,名古屋,B7組,2.8,1.0,,nar,2026-07-30,61.87,82.6,44.0,85.4,53.0,50.5,45,履歴少 / 安定感
202650073011,2026-07-30,11,トリニティノット,2.0,2.0,下原理,57.0,,6.0,10.0,園田,B1B2,6.0,6.0,園田,B1B2,,,園田,第31回大日本プロレ(B1B2),10.0,10.0,園田,若草特別A2B1,8.0,4.0,園田,春風特別A2B1,29.9,4.0,,nar,2026-07-30,48.1,52.1,57.0,0.0,62.0,56.3,45,履歴少 / 市場オッズ妙味
202645073011,2026-07-30,11,ナイトムーブ,6.0,6.0,本田正重,54.0,,1.0,1.0,川崎,スパーキングデビュー(2歳),,,,,,,,,,,,,,,,,6.4,5.0,,nar,2026-07-30,43.64,51.6,40.6,36.3,40.6,40.6,45,履歴少 / サンプル少
202650073011,2026-07-30,11,ハイラブソング,8.0,8.0,高橋洸佑,52.0,,5.0,2.0,園田,B1,2.0,3.0,園田,ダリア賞B1B2,1.0,2.0,園田,B2,1.0,3.0,園田,兵庫県産たまご特別B(B2),5.0,4.0,園田,B2,7.4,3.0,,nar,2026-07-30,64.04,85.0,48.1,100.0,33.5,58.5,45,履歴少 / 安定感
202645073011,2026-07-30,11,バースバイパー,5.0,5.0,佐野遥久,54.0,,2.0,2.0,川崎,天衣無縫賞(2歳),1.0,2.0,川崎,スパーキングデビュー(2歳),,,,,,,,,,,,,17.4,8.0,,nar,2026-07-30,55.15,70.6,47.2,48.4,42.2,62.0,45,履歴少 / サンプル少 / 市場オッズ妙味
202630073011,2026-07-30,11,ピンクヴェノム,5.0,5.0,桑村真明,54.0,,3.0,3.0,門別,新冠町軽種馬生産振興(A1),5.0,6.0,門別,ツキミソウ特別(A1),2.0,6.0,門別,サラブレッドのまち日(A1),4.0,4.0,門別,雪印種苗BFMP特別(A1),2.0,3.0,門別,コデマリ特別(A1),6.0,4.0,,nar,2026-07-30,67.96,81.3,58.0,100.0,51.5,61.5,45,履歴少 / 安定感
202648073011,2026-07-30,11,フォルツァエフ,1.0,1.0,筒井勇介,57.0,,6.0,12.0,名古屋,文月疾風特別(A),8.0,10.0,名古屋,桧扇特別(A),11.0,11.0,名古屋,七変化雨彩特別(A),4.0,6.0,名古屋,皐月疾風特別(A),9.0,10.0,名古屋,バック・トゥ・ザ・デ(A),32.0,7.0,,nar,2026-07-30,52.57,48.0,69.0,14.6,62.0,63.4,45,履歴少 / 人気以上に走る傾向 / 市場オッズ妙味
202648073011,2026-07-30,11,ブライテン,5.0,5.0,塚本征吾,55.0,,7.0,6.0,名古屋,宵波特別(A),5.0,6.0,名古屋,桧扇特別(A),5.0,8.0,名古屋,麦秋特別(A),4.0,3.0,名古屋,五月雨特別(A),8.0,4.0,名古屋,立夏特別(A),8.5,5.0,,nar,2026-07-30,53.9,61.8,49.9,59.3,41.0,57.8,45,履歴少
202645073011,2026-07-30,11,ブラフキャッチ,8.0,8.0,野畑凌,54.0,,1.0,1.0,川崎,スパーキングデビュー(2歳),,,,,,,,,,,,,,,,,4.2,2.0,,nar,2026-07-30,43.64,51.6,40.6,36.3,40.6,40.6,45,履歴少 / サンプル少
202650073011,2026-07-30,11,プレジールミノル,7.0,7.0,山本咲希,57.0,,10.0,9.0,園田,福山競馬記念B1,8.0,10.0,園田,小野ひまわり特別B1,,,園田,半夏生『明石だこ』特(B1),8.0,8.0,園田,兵庫馬事畜産特別B1,5.0,5.0,園田,B1,397.6,8.0,,nar,2026-07-30,41.08,41.0,51.7,10.3,32.0,54.3,45,履歴少
202648073011,2026-07-30,11,プロミシングギャル,8.0,7.0,小笠原羚,52.0,,2.0,7.0,名古屋,夕凪特別(A),2.0,4.0,名古屋,風待月特別(A),3.0,7.0,名古屋,黄金穹特別(A),5.0,7.0,名古屋,五月雨特別(A),3.0,5.0,名古屋,レディス・アストライ(B),5.6,3.0,,nar,2026-07-30,74.45,86.1,73.1,100.0,57.5,67.1,45,履歴少 / 人気以上に走る傾向 / 安定感 / 過小評価傾向
202650073011,2026-07-30,11,ベラジオドリーム,1.0,1.0,小牧太,57.0,,2.0,1.0,園田,福山競馬記念B1,1.0,1.0,園田,B1,1.0,1.0,園田,B2,1.0,1.0,姫路,B1,8.0,3.0,佐賀,ゴールドスプリント(重賞),1.1,1.0,,nar,2026-07-30,64.63,91.8,44.3,89.7,54.5,46.5,45,履歴少 / 安定感
202645073011,2026-07-30,11,マオノスカイ,9.0,8.0,小杉亮,54.0,,1.0,5.0,船橋,2歳二,5.0,6.0,船橋,ライラックデビュー(2歳),,,,,,,,,,,,,44.3,9.0,,nar,2026-07-30,57.04,65.1,55.7,48.4,58.7,57.8,45,履歴少 / サンプル少 / 市場オッズ妙味
202648073011,2026-07-30,11,ミニマルデザイン,7.0,7.0,村上弘樹,55.0,,4.0,4.0,名古屋,ひまわりの日特別(A),6.0,2.0,名古屋,桧扇特別(A),1.0,1.0,名古屋,アンタレス特別(B),1.0,1.0,名古屋,B7組,13.0,15.0,1福島1,4歳以上1勝クラス,3.4,2.0,,nar,2026-07-30,57.78,72.8,44.5,64.7,57.5,53.9,45,履歴少 / 安定感
202648073011,2026-07-30,11,ミーハ,4.0,4.0,木之前葵,55.0,,10.0,8.0,名古屋,宵波特別(A),8.0,8.0,名古屋,夏越大空特別(A),10.0,10.0,名古屋,麦秋特別(A),3.0,5.0,名古屋,薄暑大空特別(A),5.0,3.0,名古屋,ネモフィラ特別(A),54.6,9.0,,nar,2026-07-30,41.8,44.3,46.3,24.9,29.0,52.2,45,履歴少
202650073011,2026-07-30,11,ヤマニンリジッド,3.0,3.0,井上幹太,57.0,,8.0,6.0,園田,福山競馬記念B1,6.0,10.0,園田,B1,6.0,6.0,園田,B1,5.0,8.0,園田,青馬ひすみ☆配信記念(B1),6.0,6.0,園田,B1,143.2,7.0,,nar,2026-07-30,47.73,56.3,55.8,14.6,36.5,56.8,45,履歴少
202648073011,2026-07-30,11,ユズノキ,2.0,2.0,渡辺竜也,55.0,,7.0,4.0,名古屋,桧扇特別(A),3.0,5.0,名古屋,麦秋特別(A),7.0,9.0,名古屋,名古屋CCネプチュー(A),3.0,5.0,名古屋,立夏特別(A),5.0,9.0,名古屋,牡丹特別(A),6.7,4.0,,nar,2026-07-30,55.17,66.3,54.8,49.8,35.0,62.6,45,履歴少
202648073011,2026-07-30,11,ラブミーテキーラ,9.0,8.0,大畑雅章,55.0,,5.0,11.0,名古屋,文月疾風特別(A),10.0,11.0,名古屋,小暑前特別(A),6.0,6.0,姫路,DASH観音寺開設1(B1B2),7.0,8.0,園田,スイセン賞B1,5.0,7.0,園田,B1B2,33.4,8.0,,nar,2026-07-30,56.85,54.1,67.0,40.7,62.0,62.8,45,履歴少 / 人気以上に走る傾向 / 市場オッズ妙味
202650073011,2026-07-30,11,ワキノノーブル,6.0,6.0,笹田知宏,55.0,,8.0,8.0,園田,B1B2,14.0,12.0,3東京1,障害3歳以上未勝利,10.0,12.0,1中山6,障害4歳以上未勝利,16.0,15.0,5中京2,3歳以上1勝クラス,12.0,12.0,3中京5,3歳以上1勝クラス,38.6,5.0,,nar,2026-07-30,39.11,20.1,48.3,0.0,80.0,55.6,45,履歴少 / 近走上向き / 市場オッズ妙味
202650073012,2026-07-30,12,アテナガール,3.0,3.0,下原理,55.0,,3.0,3.0,園田,C2三,10.0,13.0,3東京1,3歳未勝利,9.0,10.0,2東京10,3歳未勝利,12.0,13.0,2東京6,3歳未勝利,13.0,14.0,2中山2,3歳未勝利,7.2,3.0,,nar,2026-07-30,54.34,41.8,58.4,30.4,98.0,62.3,45,履歴少 / 近走上向き
202645073012,2026-07-30,12,アンジュメロディ,2.0,2.0,櫻井光輔,54.0,,10.0,9.0,川崎,卯の花月特別(B3三),10.0,5.0,浦和,桜月特別(B3),4.0,5.0,川崎,早花咲月特別(B3二),1.0,4.0,川崎,モルト賞(C1二),4.0,6.0,浦和,実りの秋特別(C1),33.4,10.0,,nar,2026-07-30,45.6,52.9,45.0,44.7,18.5,56.3,45,履歴少 / 市場オッズ妙味
202648073012,2026-07-30,12,エイシンハトホル,8.0,6.0,丸野勝虎,55.0,,7.0,5.0,名古屋,C5組,5.0,6.0,名古屋,金シャチ最終戦(C),6.0,9.0,名古屋,C5組,1.0,1.0,名古屋,C17組,4.0,6.0,名古屋,C16組,6.7,3.0,,nar,2026-07-30,54.33,67.1,53.1,49.8,32.0,60.7,45,履歴少
202648073012,2026-07-30,12,エストレリータ,2.0,2.0,丹羽克輝,55.0,,12.0,12.0,名古屋,C3組,4.0,6.0,名古屋,田原特別(C),3.0,7.0,名古屋,金シャチ最終戦(C),9.0,12.0,名古屋,四谷の千枚田特別(C),11.0,11.0,名古屋,C3組,16.3,9.0,,nar,2026-07-30,49.78,46.5,62.1,44.7,18.5,69.8,45,履歴少 / 過小評価傾向 / 市場オッズ妙味
202645073012,2026-07-30,12,エムティワイザー,9.0,7.0,古岡勇樹,56.0,,3.0,3.0,川崎,江戸切子特別(B3二),5.0,3.0,川崎,末摘花特別(B3二),2.0,6.0,川崎,早苗月特別(B3二),3.0,2.0,川崎,ファイナルアンサー賞(B3),4.0,2.0,川崎,啓蟄特別(B3二),7.7,4.0,,nar,2026-07-30,65.5,80.8,49.6,100.0,53.0,58.0,45,履歴少 / 安定感
202645073012,2026-07-30,12,エルガー,1.0,1.0,矢野貴之,54.0,,2.0,1.0,川崎,ブラックジャック賞(C1),4.0,6.0,川崎,末摘花特別(B3二),12.0,7.0,川崎,早苗月特別(B3二),5.0,2.0,川崎,鎧賞(C1),2.0,6.0,川崎,ペリドットフラワー賞(3歳C1),4.3,2.0,,nar,2026-07-30,60.29,68.7,44.3,80.2,72.5,54.3,45,履歴少 / 近走上向き / 安定感
202648073012,2026-07-30,12,カミーチェ,9.0,7.0,大畑雅章,55.0,,9.0,6.0,名古屋,C4組,2.0,4.0,名古屋,金シャチ最終戦777(C),7.0,3.0,名古屋,C6組,5.0,7.0,名古屋,金シャチ最終戦(C),2.0,5.0,名古屋,まりな20代ラストイ(C),7.9,5.0,,nar,2026-07-30,49.9,63.6,45.8,49.8,20.0,58.8,45,履歴少
202648073012,2026-07-30,12,カムイパパイヤ,10.0,7.0,木之前葵,53.0,,4.0,5.0,名古屋,C6組,11.0,8.0,名古屋,名古屋モーニングフィ(C),6.0,4.0,名古屋,金シャチ最終戦(C),8.0,7.0,名古屋,C3組,7.0,5.0,名古屋,C4組,9.4,7.0,,nar,2026-07-30,49.21,51.7,41.7,30.4,74.0,55.0,45,履歴少 / 近走上向き
202645073012,2026-07-30,12,ケツァールアズール,3.0,3.0,中越琉世,55.0,,8.0,15.0,大井,優駿スプリント競走(重賞),1.0,4.0,船橋,海風スプリント(3歳),3.0,5.0,川崎,不如帰特別(3歳),10.0,7.0,川崎,頬白賞(3歳),10.0,5.0,門別,JRA認定競走ウィナ(OP)(2歳),5.5,3.0,,nar,2026-07-30,56.02,61.9,66.2,44.7,38.0,59.9,45,履歴少 / 人気以上に走る傾向
202650073012,2026-07-30,12,ゴールデンロンドン,10.0,7.0,南部楓馬,54.0,,3.0,7.0,園田,キキョウ賞C2,5.0,5.0,園田,C2,2.0,4.0,園田,C2,5.0,6.0,園田,C2,4.0,3.0,園田,C2,24.5,11.0,,nar,2026-07-30,68.39,78.4,61.6,100.0,56.0,60.2,45,履歴少 / 安定感 / 市場オッズ妙味
202645073012,2026-07-30,12,サラサチャレンジ,10.0,8.0,伊藤裕人,53.0,,4.0,2.0,佐賀,フォーマルハウト賞(重賞),6.0,8.0,川崎,ローレル賞(重賞),7.0,6.0,盛岡,プリンセスC(重賞),4.0,2.0,金沢,金沢シンデレラC(重賞),2.0,3.0,園田,園田プリンセスC(重賞),10.2,6.0,,nar,2026-07-30,56.35,68.9,46.5,55.3,54.5,58.6,45,履歴少
202648073012,2026-07-30,12,サンフローリス,6.0,5.0,今井貴大,55.0,,6.0,11.0,名古屋,C4組,7.0,9.0,名古屋,ちひろとはると付き合(B),5.0,8.0,名古屋,碧南特別(C),7.0,9.0,名古屋,犬山特別(C),6.0,8.0,名古屋,港特別(C),14.5,8.0,,nar,2026-07-30,56.79,58.4,71.8,19.8,51.5,72.6,45,履歴少 / 人気以上に走る傾向 / 過小評価傾向 / 市場オッズ妙味
202650073012,2026-07-30,12,サンミゲル,4.0,4.0,吉村智洋,57.0,,1.0,2.0,園田,C2三,2.0,1.0,園田,3歳C2,1.0,1.0,園田,阪神アーバンナイター(C2),2.0,8.0,園田,清荒神7ハロン3歳C(C2),5.0,4.0,園田,3歳C2二,4.4,1.0,,nar,2026-07-30,71.5,93.5,55.8,100.0,59.0,59.6,45,履歴少 / 安定感
202650073012,2026-07-30,12,ザタイムズ,11.0,8.0,新庄海誠,55.0,,3.0,2.0,園田,C2,1.0,3.0,園田,C2,2.0,2.0,園田,C2,1.0,6.0,園田,黍田町8.5ハロンC(C3),2.0,8.0,姫路,スノーフレーク賞C3,6.4,2.0,,nar,2026-07-30,71.18,92.7,60.8,100.0,41.0,65.7,45,履歴少 / 安定感 / 過小評価傾向
202648073012,2026-07-30,12,シャイニーセーラー,7.0,6.0,細川智史,55.0,,5.0,7.0,名古屋,C4組,4.0,10.0,名古屋,名古屋モーニングフィ(C),10.0,10.0,名古屋,アジア・アジアパラ応(C),,,名古屋,金シャチ最終戦(C),2.0,5.0,名古屋,送迎バスの運転手さん(C),6.1,2.0,,nar,2026-07-30,62.61,64.0,69.8,65.7,52.0,66.6,45,履歴少 / 人気以上に走る傾向 / 安定感 / 過小評価傾向
202650073012,2026-07-30,12,シャンクスレガシー,7.0,6.0,佐々木世,53.0,,9.0,2.0,園田,春哉7ハロンC2三,12.0,9.0,3京都11,3歳未勝利,2.0,3.0,名古屋,名古屋CCメロン賞(3歳),12.0,13.0,1阪神4,3歳未勝利,10.0,9.0,2京都6,3歳未勝利,11.1,8.0,,nar,2026-07-30,38.64,36.8,31.6,19.8,50.0,56.5,45,履歴少
202650073012,2026-07-30,12,シンゼンハチマン,9.0,7.0,田野豊三,57.0,,4.0,7.0,園田,C2一,7.0,9.0,園田,青馬ひすみ☆モヤシか(C2),7.0,3.0,園田,C2一,1.0,1.0,園田,橋下美好☆来場記念C(C2),3.0,3.0,園田,C2二,21.3,10.0,,nar,2026-07-30,58.0,69.6,54.3,55.3,53.0,56.9,45,履歴少 / 市場オッズ妙味
202630073012,2026-07-30,12,ジャスパーメジャー,7.0,7.0,桑村真明,57.0,,7.0,7.0,門別,ツキミソウ特別(A1),3.0,2.0,門別,コデマリ特別(A1),10.0,5.0,門別,エトワール賞〔H3〕(重賞),2.0,2.0,門別,ベロニカ特別(A1),2.0,1.0,門別,モーリス・プレミアム(A1),27.1,5.0,,nar,2026-07-30,49.75,65.2,40.6,49.8,33.5,51.8,45,履歴少 / 市場オッズ妙味
202648073012,2026-07-30,12,スターロード,5.0,5.0,加藤利征,57.0,,10.0,12.0,名古屋,西尾大空特別(C),8.0,11.0,名古屋,金シャチ最終戦(C),5.0,9.0,名古屋,菖蒲月疾風特別(C),8.0,8.0,名古屋,C3組,8.0,10.0,名古屋,金城ふ頭特別(C),25.1,11.0,,nar,2026-07-30,48.01,43.9,66.5,19.8,33.5,63.4,45,履歴少 / 人気以上に走る傾向 / 市場オッズ妙味
202630073012,2026-07-30,12,スティールペガサス,5.0,5.0,阿部龍,57.0,,1.0,3.0,門別,ツキミソウ特別(A1),2.0,2.0,門別,雪印種苗BFMP特別(A1),3.0,2.0,門別,サッポロ生ビール黒ラ(A1),2.0,5.0,大井,’25ウインタースプ(OP)(4上),3.0,2.0,門別,道営スプリント〔H1(重賞),4.7,2.0,,nar,2026-07-30,70.79,92.0,55.2,100.0,59.0,58.5,45,履歴少 / 安定感
202630073012,2026-07-30,12,ストリーム,6.0,6.0,岩橋勇二,57.0,,1.0,1.0,門別,グランシャリオ門別ス(重賞),3.0,3.0,門別,エトワール賞〔H3〕(重賞),9.0,10.0,名古屋,かきつばた記念(JpnIII),1.0,6.0,笠松,笠松グランプリ(重賞),5.0,6.0,門別,道営スプリント〔H1(重賞),1.5,1.0,,nar,2026-07-30,66.68,80.1,57.2,80.2,71.0,56.3,45,履歴少 / 近走上向き / 安定感
202645073012,2026-07-30,12,タイセイフランク,4.0,4.0,新原周馬,56.0,,4.0,5.0,川崎,流星光底賞(B3),9.0,3.0,川崎,明鏡止水賞(B3),2.0,6.0,川崎,勇気凛凛賞(B3),7.0,6.0,船橋,ヒメジョオンスプリン(B3),9.0,10.0,川崎,啓蟄特別(B3二),33.7,11.0,,nar,2026-07-30,54.78,61.6,46.9,50.2,66.5,55.6,45,履歴少 / 近走上向き / 市場オッズ妙味
202650073012,2026-07-30,12,テーオーウィルソン,8.0,6.0,福原杏,57.0,,8.0,5.0,園田,キキョウ賞C2,2.0,3.0,園田,C2,7.0,7.0,姫路,C1,10.0,2.0,姫路,C1,2.0,3.0,園田,C1,17.0,9.0,,nar,2026-07-30,46.84,60.2,37.9,35.3,33.5,58.1,45,履歴少 / 市場オッズ妙味
202645073012,2026-07-30,12,トウマ,5.0,5.0,鷹見陸,56.0,,5.0,4.0,川崎,江戸切子特別(B3二),3.0,5.0,川崎,末摘花特別(B3二),5.0,5.0,浦和,菖蒲月特別(B3),6.0,9.0,川崎,早苗月特別(B3二),6.0,6.0,浦和,まるまるひがしにほん(B3),18.6,9.0,,nar,2026-07-30,61.49,70.0,54.4,75.1,50.0,66.6,45,履歴少 / 安定感 / 過小評価傾向 / 市場オッズ妙味
202648073012,2026-07-30,12,トークダウン,1.0,1.0,村上弘樹,57.0,,11.0,12.0,名古屋,C5組,5.0,11.0,名古屋,金シャチ最終戦777(C),7.0,8.0,名古屋,C5組,5.0,8.0,名古屋,C6組,8.0,8.0,名古屋,送迎バスの運転手さん(C),34.4,12.0,,nar,2026-07-30,49.78,47.8,67.0,39.5,21.5,60.6,45,履歴少 / 人気以上に走る傾向
202650073012,2026-07-30,12,ナリタセレーノ,5.0,5.0,小谷哲平,54.0,,7.0,9.0,園田,C2一,4.0,8.0,園田,C2,5.0,8.0,園田,敏馬7ハロンC2一,2.0,5.0,園田,スミレ賞C2一,6.0,7.0,園田,C2一,75.0,12.0,,nar,2026-07-30,59.89,67.8,69.2,59.3,33.5,62.0,45,履歴少 / 人気以上に走る傾向
202648073012,2026-07-30,12,ノイアーターク,12.0,8.0,丸山真一,57.0,,9.0,11.0,名古屋,田原特別(C),8.0,10.0,名古屋,三ヶ根山特別(C),4.0,8.0,名古屋,C3組,8.0,9.0,名古屋,C3組,7.0,10.0,名古屋,祝45歳!キミとの未(C),23.3,10.0,,nar,2026-07-30,49.82,48.7,66.5,19.8,36.5,64.1,45,履歴少 / 人気以上に走る傾向 / 市場オッズ妙味
202648073012,2026-07-30,12,ノーブルカグラ,3.0,3.0,大畑慧悟,55.0,,2.0,6.0,名古屋,C5組,5.0,4.0,名古屋,C5組,4.0,12.0,名古屋,金シャチ最終戦(C),8.0,3.0,名古屋,C10組,5.0,7.0,名古屋,C12組,4.9,1.0,,nar,2026-07-30,67.89,73.4,64.2,85.4,71.0,62.0,45,履歴少 / 近走上向き / 安定感
202645073012,2026-07-30,12,バルジェロ,8.0,7.0,御神本訓,55.0,,1.0,4.0,川崎,疾風賞(C1),7.0,2.0,川崎,電光石火賞(B3),3.0,2.0,川崎,ブレッザ賞(3歳),1.0,3.0,川崎,レインボー賞(3歳),3.0,4.0,川崎,シュトゥルムヴィント(3歳),14.6,8.0,,nar,2026-07-30,65.27,83.2,49.0,75.1,65.0,63.5,45,履歴少 / 近走上向き / 安定感 / 市場オッズ妙味
202648073012,2026-07-30,12,ヒダサワヤカ,11.0,8.0,小笠原羚,52.0,,7.0,9.0,名古屋,田原特別(C),12.0,6.0,名古屋,平原灯姫特別(C),4.0,7.0,名古屋,C3組,4.0,9.0,名古屋,アジア・アジアパラ応(C),10.0,7.0,名古屋,C5組,6.9,4.0,,nar,2026-07-30,48.81,47.8,50.9,34.3,53.0,58.9,45,履歴少
202650073012,2026-07-30,12,ビカムキング,6.0,5.0,笹田知宏,57.0,,5.0,2.0,園田,C2一,,,園田,バラ賞C2一,2.0,3.0,園田,C2一,7.0,4.0,園田,上筱見7ハロンC2一,3.0,1.0,園田,C2一,7.2,4.0,,nar,2026-07-30,53.93,73.4,37.3,60.5,44.0,52.7,45,履歴少 / 安定感
202645073012,2026-07-30,12,ピーエムナナ,7.0,6.0,本橋孝太,54.0,,5.0,9.0,川崎,川崎記念3連覇ホッコ(B2B3),8.0,4.0,川崎,萌え野特別(B2),11.0,4.0,川崎,湘南オリーブオイル杯(B2),3.0,2.0,川崎,一富士賞(B3),,,川崎,時雨空特別(B2),14.4,7.0,,nar,2026-07-30,49.74,53.4,39.8,45.0,64.0,54.9,45,履歴少 / 市場オッズ妙味
202645073012,2026-07-30,12,ピーターライズ,6.0,6.0,町田直希,56.0,,1.0,1.0,川崎,仙人草賞(C1),3.0,1.0,船橋,アガパンサススプリン(B3),2.0,2.0,船橋,サムライスプリント(C1),2.0,1.0,川崎,紫丁香花賞(C1),1.0,1.0,船橋,C1四　五,3.9,1.0,,nar,2026-07-30,67.79,93.3,45.5,100.0,56.0,53.8,45,履歴少 / 安定感
202650073012,2026-07-30,12,ブルーメサイア,2.0,2.0,山本咲希,57.0,,9.0,3.0,園田,プルメリア賞C2一,18.0,14.0,5中京3,3歳以上1勝クラス,8.0,14.0,3福島3,土湯温泉特別(1勝クラス),10.0,9.0,4中山3,3歳以上1勝クラス,6.0,7.0,3新潟2,3歳未勝利,9.2,7.0,,nar,2026-07-30,37.1,29.9,38.3,0.0,59.0,56.8,45,履歴少
202648073012,2026-07-30,12,ベアショット,4.0,4.0,近藤颯羽,52.0,,5.0,8.0,名古屋,C5組,5.0,6.0,名古屋,三ヶ根山特別(C),5.0,11.0,名古屋,C3組,,,名古屋,C4組,7.0,6.0,名古屋,アジア・アジアパラ応(C),8.8,6.0,,nar,2026-07-30,64.22,66.1,68.4,75.1,54.0,66.6,45,履歴少 / 人気以上に走る傾向 / 安定感 / 過小評価傾向
202630073012,2026-07-30,12,ボイラーハウス,3.0,3.0,服部茂史,57.0,,2.0,5.0,門別,ツキミソウ特別(A1),3.0,4.0,門別,グランシャリオ門別ス(重賞),1.0,4.0,門別,サッポロ生ビール黒ラ(A1),9.0,7.0,門別,エトワール賞〔H3〕(重賞),3.0,4.0,大井,DIRTISTCK.(OP)(4上),8.8,4.0,,nar,2026-07-30,68.79,82.6,61.0,85.4,62.0,63.2,45,履歴少 / 安定感
202630073012,2026-07-30,12,モノノフブラック,4.0,4.0,宮内勇樹,55.0,,5.0,5.0,門別,新冠町軽種馬生産振興(A1),5.0,5.0,門別,サラブレッドのまち日(A1),1.0,5.0,門別,ツツジ特別(A3),10.0,7.0,門別,ハルジオン特別(A3),7.0,6.0,門別,大自然の恵み。らんこ(A2),32.4,6.0,,nar,2026-07-30,59.06,66.8,51.7,75.1,54.5,56.3,45,履歴少 / 安定感 / 市場オッズ妙味
202630073012,2026-07-30,12,ヤマニンパッセ,2.0,2.0,落合玄太,55.0,,2.0,2.0,門別,アルビレオ特別(A2),1.0,1.0,門別,日高町建設協会特別(A4),1.0,1.0,門別,ホクレンえん麦特別(A4),2.0,1.0,門別,乾杯をもっとおいしく(B3),1.0,1.0,門別,道の駅石狩・あいろー(B3),5.3,3.0,,nar,2026-07-30,68.61,96.4,49.0,100.0,45.5,56.4,45,履歴少 / 安定感
202645073012,2026-07-30,12,リコーベレッタ,11.0,8.0,佐野遥久,54.0,,4.0,7.0,川崎,江戸切子特別(B3二),4.0,6.0,川崎,若草特別(B3三),3.0,7.0,川崎,啓蟄特別(B3二),11.0,6.0,川崎,大寒特別(B3),2.0,9.0,川崎,宝船特別(B3),10.1,5.0,,nar,2026-07-30,66.43,71.1,65.4,85.4,56.0,67.0,45,履歴少 / 人気以上に走る傾向 / 安定感 / 過小評価傾向
202630073012,2026-07-30,12,レアグリフォン,1.0,1.0,亀井洋司,57.0,,5.0,9.0,門別,日高銀聖特別(A2),8.0,8.0,門別,アメリカンペイトリオ(A3),6.0,7.0,門別,JA門別馬舞米特別(A3),8.0,7.0,門別,グランシャリオ門別ス(重賞),8.0,8.0,門別,ツツジ特別(A3),411.4,7.0,,nar,2026-07-30,53.18,54.5,58.9,30.4,65.0,56.1,45,履歴少 / 近走上向き
202650073012,2026-07-30,12,ワンダーブレス,12.0,8.0,小谷周平,57.0,,2.0,3.0,園田,C2一,3.0,5.0,園田,青馬ひすみ☆モヤシか(C2),1.0,4.0,園田,C2二,2.0,1.0,園田,C3一,3.0,4.0,園田,C3一,8.7,6.0,,nar,2026-07-30,71.2,90.8,59.5,100.0,51.5,63.1,45,履歴少 / 安定感
202650073012,2026-07-30,12,ヴィクトリーアイ,1.0,1.0,永井孝典,58.0,,1.0,2.0,園田,五百蔵7ハロンC2二,1.0,1.0,園田,C3二,3.0,2.0,園田,C3二,4.0,7.0,園田,C2,11.0,7.0,園田,グリーンチャンネル開(C1),8.6,5.0,,nar,2026-07-30,68.19,85.1,50.9,89.7,72.5,58.5,45,履歴少 / 近走上向き / 安定感
