race_id,日付,レース,馬名,馬番,枠,騎手,斤量,実着順,着順1,人気1,場1,レース名1,タイム1,着差1,馬場1,着順2,人気2,場2,レース名2,タイム2,着差2,馬場2,着順3,人気3,場3,レース名3,タイム3,着差3,馬場3,着順4,人気4,場4,レース名4,タイム4,着差4,馬場4,着順5,人気5,場5,レース名5,タイム5,着差5,馬場5,単勝オッズ,人気,オッズ更新日時,source,_date,AREru指数,因子_performance,因子_upset,因子_consistency,因子_trend,因子_value,因子_context,理由
202647100601,2026-10-06,1,アーチボールド,8.0,8.0,松本一心,57.0,,8.0,4.0,笠松,C7組,0:52.2,2.5,晴,5.0,5.0,笠松,C級未勝利,0:52.1,1.4,雨,9.0,5.0,笠松,C級未勝利,1:36.8,3.7,晴,4.0,5.0,笠松,私の青春☆アクセル全(C),0:51.4,1.2,晴,5.0,4.0,笠松,C級未勝利,0:51.8,0.9,晴,6.3,5.0,,nar,2026-10-06,47.27,55.6,36.3,49.8,36.5,52.6,52.9,笠松実績 / 履歴少
202630100601,2026-10-06,1,エリオラ,7.0,7.0,松井伸也,55.0,,,,門別,2歳牝馬未勝利,,,晴,9.0,12.0,門別,2歳未勝利,1:10.3,2.0,曇,10.0,9.0,門別,2歳未勝利,1:20.6,5.1,晴,9.0,10.0,門別,道の駅あびらオリジナ(2歳),1:19.0,2.9,晴,9.0,9.0,門別,2歳牝馬未勝利,1:04.3,3.1,晴,48.0,8.0,,nar,2026-10-06,41.32,33.7,57.0,0.0,52.0,54.1,43.8,履歴少
202635100601,2026-10-06,1,カゼヨウビ,5.0,5.0,斉藤友香,50.0,,9.0,9.0,水沢,C2七組,1:28.3,4.3,曇,10.0,10.0,水沢,C2七組,1:26.8,4.4,小雨,9.0,9.0,水沢,C2六組,1:25.2,4.0,雨,9.0,10.0,盛岡,C2六組,1:15.5,2.6,雨,7.0,7.0,盛岡,C2七組,1:15.6,1.8,曇,215.7,12.0,,nar,2026-10-06,39.92,35.7,51.0,0.0,48.5,51.6,46.5,総合評価
202644100601,2026-10-06,1,カフジライオル,7.0,7.0,瀬川将輝,56.0,,10.0,11.0,大井,3歳十 11,1:33.3,2.6,晴,7.0,5.0,大井,3歳11 12,1:31.5,2.5,曇,,,,,,,,,,,,,,,,,,,,,,32.9,7.0,,nar,2026-10-06,39.07,39.3,44.1,18.0,35.6,47.8,43.2,履歴少 / サンプル少
202646100601,2026-10-06,1,カラーオブワンダー,9.0,8.0,服部大地,57.0,,10.0,7.0,金沢,C17,1:37.0,3.1,晴,7.0,7.0,金沢,ラジオ放送第69回記(C1),1:42.5,3.1,曇,3.0,6.0,金沢,スマホで投票!楽天競(C2),1:41.3,0.8,晴,3.0,7.0,金沢,能登復興支援禄剛崎特(C2),1:34.7,1.2,晴,5.0,10.0,金沢,葛山晃平騎手ラストデ(C1),1:42.0,2.4,曇,195.0,9.0,,nar,2026-10-06,50.37,57.3,55.5,44.7,17.0,59.4,52.9,金沢実績 / 履歴少
202647100601,2026-10-06,1,ガケップチー,9.0,8.0,赤津和希,55.0,,5.0,5.0,笠松,C7組,0:52.0,2.3,晴,7.0,7.0,笠松,C級未勝利,0:52.3,1.6,雨,5.0,7.0,笠松,C級未勝利,1:34.9,1.8,晴,5.0,6.0,笠松,アンダーグラフ来場記(C),1:34.4,2.4,晴,6.0,6.0,笠松,加織・文行結婚記念(C),1:37.3,2.0,晴,11.0,7.0,,nar,2026-10-06,58.9,63.2,53.8,64.7,54.5,62.2,52.9,笠松実績 / 履歴少 / 安定感
202630100601,2026-10-06,1,ギフトオブマジック,1.0,1.0,金山昇馬,55.0,,9.0,9.0,門別,2歳牝馬未勝利,1:11.5,2.3,晴,9.0,10.0,門別,2歳牝馬未勝利,1:11.1,2.7,晴,,8.0,門別,2歳未勝利,,,曇,11.0,11.0,門別,2歳未勝利,1:44.4,4.9,曇,6.0,8.0,門別,JRA認定競走フレッ(2歳),1:11.7,2.8,曇,69.9,9.0,,nar,2026-10-06,40.69,36.2,54.0,0.0,48.0,53.4,43.8,履歴少
202635100601,2026-10-06,1,ギリーカラム,11.0,8.0,山本聡哉,56.0,,7.0,6.0,2福島6,3歳未勝利,2:02.2,1.7,小雨,8.0,4.0,2東京7,3歳未勝利,1:40.4,1.0,晴,10.0,5.0,2中山4,3歳未勝利,1:49.6,2.6,晴,,,,,,,,,,,,,,,2.1,1.0,,nar,2026-10-06,37.05,43.0,28.7,0.0,62.0,40.6,50.0,総合評価
202647100601,2026-10-06,1,クリノジルバ,6.0,6.0,阿部基嗣,54.0,,7.0,8.0,笠松,倫太朗くん1さいおめ(C),1:36.6,2.3,晴,8.0,9.0,笠松,C級未勝利,0:53.2,2.5,雨,7.0,9.0,笠松,C級未勝利,1:35.1,2.0,晴,8.0,6.0,笠松,岡崎忠史祝五十歳人生(C),1:35.8,3.5,晴,4.0,6.0,笠松,C級未勝利,0:51.8,0.9,晴,27.6,8.0,,nar,2026-10-06,47.53,51.3,56.0,10.3,48.5,57.3,46.3,履歴少 / 市場オッズ妙味
202635100601,2026-10-06,1,グラスアラバニーユ,3.0,3.0,山本政聡,56.0,,4.0,3.0,水沢,C2七組,1:24.3,1.9,小雨,6.0,3.0,水沢,C2七組,1:23.1,1.4,雨,4.0,4.0,盛岡,C2三組,1:27.3,0.8,晴,11.0,13.0,川崎,デギュスタシオン賞(C2),1:39.5,2.2,晴,10.0,9.0,川崎,2026川崎ジョッキ(C2),1:38.5,0.8,晴,6.9,4.0,,nar,2026-10-06,54.51,58.9,44.0,50.2,72.5,56.3,48.8,履歴少 / 近走上向き
202635100601,2026-10-06,1,グレイスルーラー,8.0,6.0,高松亮,54.0,,3.0,6.0,水沢,3歳C2三組,1:32.0,1.6,曇,7.0,4.0,水沢,3歳C2三組,1:33.4,2.4,小雨,,14.0,1札幌5,3歳未勝利,,,曇,11.0,8.0,2福島8,3歳未勝利,2:01.4,2.0,晴,3.0,8.0,2福島1,3歳未勝利,1:48.6,0.7,晴,4.7,3.0,,nar,2026-10-06,56.91,62.4,52.1,40.7,74.0,58.2,50.0,前走人気以上 / 近走上向き
202644100601,2026-10-06,1,ケンヴァルト,10.0,8.0,石川駿介,54.0,,10.0,10.0,大井,3歳 選抜牝馬,1:19.5,3.9,晴,7.0,10.0,大井,3歳 選抜牝馬,1:18.6,2.9,曇,9.0,6.0,大井,3歳11 12,1:19.3,3.4,晴,9.0,10.0,大井,3歳14 15,1:18.9,4.7,曇,,,,,,,,112.3,10.0,,nar,2026-10-06,39.55,37.7,52.3,0.0,40.0,51.7,43.8,履歴少
202646100601,2026-10-06,1,コンチマカロン,7.0,7.0,吉田晃浩,55.0,,9.0,3.0,金沢,C17,1:37.0,3.1,晴,6.0,3.0,金沢,C15,1:33.6,2.7,雨,7.0,4.0,金沢,C15,1:34.3,2.7,晴,5.0,3.0,金沢,C15,1:34.5,0.3,曇,,,金沢,C14,,,雨,45.5,6.0,,nar,2026-10-06,36.29,51.4,23.0,14.6,32.0,43.3,47.1,履歴少 / 市場オッズ妙味
202646100601,2026-10-06,1,ジャスティンライズ,4.0,4.0,塚本征吾,57.0,,8.0,5.0,名古屋,アルフェラッツ大空特(B),2:16.7,4.8,曇,6.0,2.0,名古屋,連続開催!第3回中京(B),1:52.5,1.7,晴,5.0,3.0,名古屋,伊勢湾特別(C),1:53.0,0.7,晴,12.0,12.0,2福島2,3歳以上1勝クラス,2:40.1,1.5,晴,12.0,13.0,1新潟4,荒川峡特別(1勝クラス),2:29.6,3.1,晴,2.0,2.0,,nar,2026-10-06,41.08,44.8,34.6,19.8,54.5,46.1,48.8,履歴少
202630100601,2026-10-06,1,スティールライズ,4.0,4.0,阿部龍,55.0,,5.0,2.0,門別,CONSAOLDS賞(2歳),1:03.5,1.0,晴,4.0,3.0,門別,新冠富士賞(2歳),1:03.4,0.5,曇,5.0,3.0,門別,2歳未勝利,1:03.6,1.2,曇,7.0,4.0,門別,2歳牝馬未勝利,1:03.4,2.2,晴,3.0,3.0,門別,JRA認定競走アタッ(2歳),1:03.4,1.5,曇,6.4,4.0,,nar,2026-10-06,57.03,69.3,36.0,85.4,48.5,52.1,56.2,門別実績 / 履歴少 / 安定感
202644100601,2026-10-06,1,スピーディワンダー,8.0,7.0,笹川翼,56.0,,5.0,8.0,大井,3歳十 11,1:31.7,1.0,晴,7.0,4.0,大井,3歳11 12,1:32.9,2.7,晴,7.0,5.0,大井,3歳11 12,1:31.7,1.7,曇,,,,,,,,,,,,,,,3.8,3.0,,nar,2026-10-06,51.09,58.5,47.8,30.4,62.0,52.1,48.5,前走人気以上 / 履歴少
202647100601,2026-10-06,1,スマイリングキング,3.0,3.0,向山牧,57.0,,3.0,4.0,笠松,倫太朗くん1さいおめ(C),1:34.9,0.6,晴,6.0,6.0,笠松,C級未勝利,0:52.2,1.5,雨,6.0,6.0,笠松,C級未勝利,1:35.0,1.9,晴,7.0,5.0,笠松,岡崎忠史祝五十歳人生(C),1:35.8,3.5,晴,6.0,6.0,笠松,C18組,1:36.5,3.6,晴,4.9,2.0,,nar,2026-10-06,54.77,66.1,50.1,30.4,69.5,54.4,46.3,履歴少 / 近走上向き
202630100601,2026-10-06,1,セイシンラージュ,2.0,2.0,桑村真明,55.0,,5.0,6.0,門別,2歳牝馬未勝利,1:10.5,1.3,晴,3.0,4.0,門別,2歳新馬,1:04.0,1.9,晴,,,,,,,,,,,,,,,,,,,,,,4.6,3.0,,nar,2026-10-06,52.64,59.4,49.4,48.4,38.9,55.4,59.5,門別実績 / 履歴少 / サンプル少
202630100601,2026-10-06,1,タイセイアルーア,8.0,8.0,落合玄太,55.0,,9.0,1.0,門別,2歳未勝利,1:06.2,2.5,晴,6.0,2.0,門別,2歳未勝利,1:10.0,1.7,曇,3.0,1.0,門別,2歳未勝利,1:02.8,0.4,曇,2.0,2.0,門別,公認キャラビラッキー(2歳),1:02.8,0.4,晴,3.0,2.0,門別,2歳未勝利,1:02.8,0.3,晴,3.5,2.0,,nar,2026-10-06,42.56,64.6,22.5,44.7,17.0,45.6,52.9,門別実績 / 履歴少
202644100601,2026-10-06,1,チャオグラッド,1.0,1.0,西優哉,53.0,,6.0,10.0,大井,3歳十 11,1:32.0,1.3,晴,4.0,8.0,大井,3歳11 12,1:30.4,1.4,曇,10.0,12.0,大井,3歳九 十11(3歳十),1:33.2,2.6,雨,8.0,7.0,大井,3歳11 12,1:33.2,3.0,晴,9.0,9.0,大井,3歳11 12,1:17.5,3.9,曇,15.6,5.0,,nar,2026-10-06,54.86,52.9,67.2,24.9,60.5,64.6,46.3,前走人気以上 / 履歴少 / 人気以上に走る傾向 / 市場オッズ妙味
202644100601,2026-10-06,1,チュウオースカイ,6.0,6.0,千田洋,56.0,,8.0,9.0,大井,3歳十 11,1:19.0,4.4,晴,11.0,14.0,大井,3歳11 12,1:18.4,3.3,曇,9.0,10.0,大井,3歳九 十11(3歳十),1:52.2,4.9,曇,9.0,9.0,大井,3歳11 12,1:34.6,4.4,晴,10.0,12.0,大井,3歳11 12,1:32.4,2.4,曇,44.0,8.0,,nar,2026-10-06,43.37,33.6,60.2,0.0,60.5,56.2,43.8,履歴少
202647100601,2026-10-06,1,テクスチャー,7.0,7.0,高木健,55.0,,5.0,3.0,笠松,倫太朗くん1さいおめ(C),1:35.4,1.1,晴,4.0,3.0,笠松,C級未勝利,0:51.9,1.2,雨,4.0,4.0,笠松,C級未勝利,1:34.7,1.6,晴,4.0,2.0,笠松,岡崎忠史祝五十歳人生(C),1:33.8,1.5,晴,2.0,5.0,笠松,C級未勝利,0:51.5,0.6,晴,3.3,1.0,,nar,2026-10-06,62.05,75.2,44.1,100.0,41.0,53.8,59.5,笠松実績 / 履歴少 / 安定感
202644100601,2026-10-06,1,デルマオンタケ,2.0,2.0,江里口裕,56.0,,13.0,14.0,大井,3歳十 11,1:34.5,3.8,晴,8.0,7.0,大井,3歳11 12,1:31.5,2.5,曇,9.0,9.0,大井,2歳七 八,1:32.1,2.0,曇,4.0,8.0,大井,2歳七 八,1:32.2,2.2,晴,6.0,10.0,大井,2歳五 六,1:33.3,2.8,曇,20.1,6.0,,nar,2026-10-06,39.85,36.6,57.4,14.6,12.5,56.9,46.3,履歴少
202644100601,2026-10-06,1,デルマラウス,9.0,8.0,安藤洋一,56.0,,4.0,3.0,大井,3歳十 11,1:31.6,0.9,晴,7.0,6.0,大井,2歳 新馬,1:16.3,2.8,晴,,,,,,,,,,,,,,,,,,,,,,2.4,1.0,,nar,2026-10-06,47.74,53.9,41.6,34.7,55.4,48.1,51.2,大井実績 / 履歴少 / サンプル少
202646100601,2026-10-06,1,ドライヴトウショウ,1.0,1.0,望月洵輝,55.0,,5.0,7.0,金沢,3歳A 2,1:39.5,2.3,雨,6.0,4.0,金沢,3歳A 2,1:40.1,1.8,曇,1.0,5.0,金沢,3歳A 3,1:33.3,0.0,晴,3.0,3.0,金沢,イエローダイヤモンド(3歳),0:57.7,1.4,晴,1.0,1.0,金沢,3歳B 3,1:34.2,-0.1,曇,17.1,3.0,,nar,2026-10-06,63.23,78.0,56.3,75.1,36.5,64.7,54.5,金沢実績 / 安定感 / 市場オッズ妙味
202644100601,2026-10-06,1,ノースブレス,4.0,4.0,和田譲治,56.0,,,,,,,,,,,,,,,,,,,,,,,,,,,,,,,,,,,,,3.2,2.0,,nar,2026-10-06,36.0,35.0,35.0,35.0,35.0,35.0,45.0,履歴少
202647100601,2026-10-06,1,ハナノクロコ,5.0,5.0,深澤杏花,53.0,,4.0,2.0,笠松,倫太朗くん1さいおめ(C),1:35.3,1.0,晴,2.0,6.0,笠松,串団子覇権争奪杯(C),1:35.7,0.2,雨,7.0,4.0,笠松,C12組,1:35.9,3.7,晴,3.0,4.0,笠松,岡崎忠史祝五十歳人生(C),1:33.5,1.2,晴,6.0,4.0,笠松,シングレ笠松競馬コラ(C),1:37.8,4.9,晴,5.9,4.0,,nar,2026-10-06,60.4,74.8,48.1,69.9,53.0,56.3,52.9,笠松実績 / 履歴少 / 安定感
202630100601,2026-10-06,1,バリメイカー,6.0,6.0,石川倭,55.0,,5.0,5.0,門別,2歳未勝利,1:04.9,1.2,晴,3.0,6.0,門別,2歳未勝利,1:03.3,0.5,晴,8.0,6.0,門別,JRA認定競走フレッ(2歳),1:13.6,4.6,雨,,,,,,,,,,,,,,,7.8,5.0,,nar,2026-10-06,58.32,67.0,53.3,55.3,53.0,59.8,54.0,門別実績 / 履歴少
202644100601,2026-10-06,1,パロットフィッシュ,5.0,5.0,高橋優,51.0,,6.0,6.0,大井,3歳 選抜牝馬,1:18.2,2.6,晴,9.0,8.0,大井,3歳11 12,1:17.6,2.5,曇,7.0,5.0,大井,3歳九 十11(3歳十),1:51.0,3.7,曇,4.0,6.0,大井,3歳11 12,1:32.2,2.0,晴,8.0,4.0,大井,3歳11 12,1:31.8,1.8,曇,14.4,4.0,,nar,2026-10-06,46.42,53.1,44.6,14.6,56.0,55.3,46.3,履歴少 / 市場オッズ妙味
202646100601,2026-10-06,1,パープライト,3.0,3.0,松戸政也,57.0,,5.0,9.0,金沢,C17,1:35.4,1.5,晴,8.0,7.0,金沢,ホップステップぴんみ(C1),1:42.1,2.6,曇,10.0,11.0,金沢,C12,1:43.6,3.6,曇,7.0,4.0,金沢,孝明杯(C1),1:42.8,1.0,曇,2.0,7.0,金沢,C17,1:41.2,0.9,曇,149.6,8.0,,nar,2026-10-06,54.42,54.3,58.7,40.7,60.5,57.4,49.6,前走人気以上 / 履歴少
202635100601,2026-10-06,1,ピルスナー,9.0,7.0,山本聡紀,54.0,,10.0,7.0,水沢,3歳C2二組,1:34.1,4.8,曇,7.0,9.0,水沢,3歳C2二組,1:33.2,2.7,曇,5.0,8.0,盛岡,3歳C2三組,1:27.6,1.3,雨,8.0,7.0,盛岡,3歳C2四組,1:14.8,1.3,曇,3.0,10.0,盛岡,3歳C2四組,1:14.5,1.0,晴,130.9,9.0,,nar,2026-10-06,47.32,50.0,55.3,30.1,24.5,57.8,54.0,盛岡実績 / 履歴少
202635100601,2026-10-06,1,フクノアンタレス,10.0,7.0,阿部英俊,54.0,,11.0,6.0,門別,新冠で新規就農の夢叶(C4),1:17.5,1.7,曇,7.0,3.0,門別,3歳以上C4ー2,1:02.8,1.0,曇,14.0,11.0,1函館7,3歳未勝利,1:09.5,1.1,晴,14.0,5.0,1新潟3,3歳未勝利,1:11.5,1.3,晴,14.0,5.0,1中山7,3歳未勝利,1:35.7,1.5,晴,4.3,2.0,,nar,2026-10-06,24.74,19.0,12.5,0.0,57.5,32.1,50.0,総合評価
202635100601,2026-10-06,1,ブライトベリル,12.0,8.0,高橋悠里,54.0,,6.0,4.0,水沢,3歳C2八組,1:27.3,4.1,曇,6.0,4.0,水沢,3歳C2七組,1:24.3,2.0,小雨,15.0,12.0,2小倉8,3歳未勝利,1:50.6,3.9,晴,10.0,7.0,2阪神3,3歳未勝利,1:57.5,3.3,小雨,,,,,,,,10.2,5.0,,nar,2026-10-06,39.98,41.6,33.3,0.0,76.0,44.5,50.0,近走上向き
202630100601,2026-10-06,1,ブラックレイシ,3.0,3.0,小川悠汰,52.0,,6.0,10.0,門別,2歳未勝利,1:05.4,1.7,晴,9.0,8.0,門別,2歳未勝利,1:03.8,1.5,晴,8.0,8.0,門別,公認キャラビラッキー(2歳),1:04.7,2.3,晴,8.0,4.0,門別,JRA認定競走フレッ(2歳),1:14.2,6.0,曇,,,門別,JRA認定競走フレッ(2歳),,,晴,29.0,7.0,,nar,2026-10-06,45.55,47.2,53.0,0.0,64.0,52.0,46.5,前走人気以上 / 市場オッズ妙味
202646100601,2026-10-06,1,ブリックス,6.0,6.0,柴田勇真,57.0,,7.0,5.0,金沢,C17,1:36.1,2.2,晴,2.0,7.0,金沢,C17,1:41.0,0.6,雨,8.0,5.0,金沢,とし21歳おめでとう(C2),1:35.5,3.3,晴,6.0,2.0,金沢,つばさ&ひかるバース(C1),1:34.6,1.6,曇,2.0,7.0,金沢,オオタアキラ引退送別(C2),1:41.3,0.5,曇,41.6,5.0,,nar,2026-10-06,51.5,65.7,49.9,35.3,35.0,55.4,49.6,履歴少 / 市場オッズ妙味
202630100601,2026-10-06,1,ベラジオサクラ,5.0,5.0,岩橋勇二,55.0,,2.0,4.0,門別,2歳未勝利,1:10.3,0.2,雨,3.0,5.0,門別,2歳牝馬未勝利,1:10.1,0.8,晴,8.0,5.0,門別,2歳牝馬未勝利,1:11.2,1.0,曇,7.0,4.0,門別,JRA認定競走フレッ(2歳),1:11.7,2.8,曇,,,,,,,,3.3,1.0,,nar,2026-10-06,60.62,72.7,50.6,55.3,74.0,53.5,51.2,門別実績 / 履歴少 / 近走上向き
202635100601,2026-10-06,1,ポルテボヌール,2.0,2.0,佐々木志,54.0,,6.0,9.0,水沢,3歳B2一組,1:31.8,1.9,晴,6.0,7.0,水沢,3歳C1一組,1:30.2,1.7,曇,8.0,10.0,盛岡,3歳C1二組,1:28.2,1.7,曇,10.0,11.0,盛岡,オッズパーク賞(3歳C1),1:30.5,1.5,晴,8.0,8.0,盛岡,3歳C1一組,1:28.5,1.9,曇,84.4,8.0,,nar,2026-10-06,48.83,50.5,61.9,0.0,62.0,57.2,43.8,前走人気以上 / 履歴少
202647100601,2026-10-06,1,マイネルアットーレ,1.0,1.0,細川智史,57.0,,6.0,4.0,笠松,C5組,1:33.6,2.5,曇,6.0,8.0,笠松,佐藤大介生誕8歳記念(C),1:33.1,1.5,晴,7.0,7.0,笠松,C13組,1:34.4,2.1,晴,8.0,10.0,笠松,夢は叶う木下智史の決(C),1:33.5,2.1,晴,10.0,11.0,笠松,ももこちゃん四捨五入(C),1:34.4,3.6,雨,10.9,6.0,,nar,2026-10-06,47.24,52.8,52.0,0.0,60.5,59.6,43.8,履歴少
202646100601,2026-10-06,1,マノンルージュ,2.0,2.0,加藤翔馬,57.0,,6.0,10.0,金沢,C16,1:42.1,1.8,晴,4.0,7.0,金沢,C16,1:34.1,0.7,雨,6.0,8.0,金沢,C16,1:34.6,1.2,晴,5.0,10.0,金沢,C16,1:42.6,1.2,曇,,,金沢,C14,,,雨,55.4,7.0,,nar,2026-10-06,60.3,65.7,74.1,39.5,44.0,64.0,51.2,金沢実績 / 前走人気以上 / 履歴少 / 人気以上に走る傾向
202635100601,2026-10-06,1,マリーオラス,7.0,6.0,小林凌,56.0,,6.0,11.0,水沢,3歳B1一組,1:31.8,2.0,晴,9.0,7.0,水沢,夢・希望未来へ前進(3歳B2),1:30.2,1.6,曇,5.0,7.0,盛岡,3歳B2二組,1:27.3,1.1,曇,8.0,11.0,盛岡,3歳B2一組,1:28.1,1.6,晴,10.0,8.0,盛岡,3歳B2一組,1:27.4,2.5,小雨,32.5,6.0,,nar,2026-10-06,51.36,50.0,61.5,19.8,62.0,56.7,48.5,前走人気以上 / 履歴少 / 市場オッズ妙味
202644100601,2026-10-06,1,マンゴーパフェ,3.0,3.0,田中洸多,54.0,,8.0,11.0,大井,3歳 選抜牝馬,1:19.0,3.4,晴,12.0,11.0,大井,3歳11 12,1:31.9,2.9,曇,6.0,8.0,大井,3歳九 十11(3歳十),1:50.5,3.2,曇,5.0,8.0,大井,3歳11 12,1:32.2,2.0,晴,9.0,11.0,大井,3歳11 12,1:32.3,2.3,曇,51.4,9.0,,nar,2026-10-06,46.91,41.9,61.9,14.6,50.0,56.8,46.3,前走人気以上 / 履歴少
202647100601,2026-10-06,1,ミスフレンド,2.0,2.0,東川慎,55.0,,8.0,7.0,笠松,倫太朗くん1さいおめ(C),1:37.5,3.2,晴,9.0,8.0,笠松,C級未勝利,0:53.7,3.0,雨,8.0,8.0,笠松,C級未勝利,1:36.4,3.3,晴,6.0,8.0,笠松,岡崎忠史祝五十歳人生(C),1:35.6,3.3,晴,7.0,7.0,笠松,C級未勝利,0:53.7,2.8,晴,64.4,9.0,,nar,2026-10-06,41.45,45.2,48.2,0.0,47.0,51.6,43.8,履歴少
202635100601,2026-10-06,1,ミヤビノオウザ,4.0,4.0,鈴木祐,56.0,,7.0,8.0,水沢,C2七組,1:26.9,2.9,曇,9.0,10.0,水沢,C2六組,1:32.1,3.6,曇,8.0,8.0,水沢,C2六組,1:24.2,3.0,雨,5.0,3.0,盛岡,C2八組,1:16.3,2.6,曇,4.0,5.0,盛岡,C2八組,1:16.4,2.0,晴,159.5,11.0,,nar,2026-10-06,49.0,51.2,52.6,24.9,47.0,53.3,59.5,盛岡実績 / 履歴少
202646100601,2026-10-06,1,メイショウオオミネ,8.0,8.0,栗原大河,57.0,,2.0,1.0,金沢,C19,1:41.4,0.1,晴,8.0,1.0,金沢,楽天競馬で馬券を買お(C1),1:40.7,1.2,曇,1.0,1.0,金沢,能登復興支援能登ヒバ(C2),1:32.9,-0.7,晴,1.0,1.0,金沢,C29,1:40.2,-1.3,曇,7.0,8.0,2小倉1,3歳以上1勝クラス,1:09.7,1.5,曇,1.7,1.0,,nar,2026-10-06,58.36,78.7,36.4,64.7,63.5,47.7,55.3,金沢実績 / 履歴少 / 安定感
202635100601,2026-10-06,1,メイショウミチロク,6.0,5.0,関本玲花,54.0,,8.0,8.0,水沢,C2六組,1:30.8,2.3,曇,7.0,7.0,水沢,C2六組,1:23.9,2.7,雨,7.0,7.0,盛岡,C2三組,1:28.1,1.8,曇,7.0,7.0,盛岡,C2三組,1:28.3,2.8,曇,7.0,7.0,盛岡,C2二組,1:29.9,1.8,曇,68.0,7.0,,nar,2026-10-06,42.76,49.6,50.0,0.0,44.0,51.6,43.8,履歴少
202635100601,2026-10-06,1,ライヴモヒート,1.0,1.0,塚本涼人,56.0,,10.0,10.0,園田,郡津7ハロンC3二,1:36.0,2.7,雨,8.0,9.0,園田,C3,1:24.4,2.4,晴,9.0,9.0,園田,莇原8.5ハロンC3,2:00.0,3.0,曇,10.0,11.0,園田,C3二,1:34.1,1.6,晴,9.0,11.0,園田,3歳C1,1:35.4,3.0,晴,132.1,10.0,,nar,2026-10-06,40.29,34.4,54.2,0.0,44.0,53.5,48.8,履歴少
202646100601,2026-10-06,1,リワードリュタン,5.0,5.0,平瀬城久,55.0,,8.0,6.0,金沢,C17,1:36.5,2.6,晴,6.0,1.0,金沢,C16,1:34.6,1.2,雨,6.0,5.0,金沢,C15,1:33.8,2.2,晴,2.0,5.0,金沢,つばさ&ひかるバース(C1),1:33.2,0.2,曇,9.0,10.0,金沢,楽天競馬で馬券を買お(C2),1:36.3,3.1,曇,40.1,4.0,,nar,2026-10-06,43.57,57.3,39.4,14.6,36.5,52.1,46.3,履歴少 / 市場オッズ妙味
202647100601,2026-10-06,1,リート,4.0,4.0,森島貴之,55.0,,7.0,9.0,笠松,C級セレクション,1:34.9,2.4,曇,3.0,4.0,笠松,好きです笠松競馬(C),1:33.6,0.5,晴,2.0,1.0,笠松,ハルとダイチがきた!(C),1:34.6,1.1,晴,5.0,4.0,笠松,C級未勝利,1:34.2,1.2,晴,4.0,6.0,笠松,C10組,1:33.9,1.5,晴,5.6,3.0,,nar,2026-10-06,59.31,72.7,55.0,69.6,29.0,59.3,56.2,笠松実績 / 履歴少 / 安定感
202630100601,2026-10-06,1,ヴァロリナ,9.0,8.0,黒澤愛斗,55.0,,8.0,2.0,門別,2歳新馬,1:06.9,4.1,晴,,,,,,,,,,,,,,,,,,,,,,,,,,,,,11.5,6.0,,nar,2026-10-06,36.62,39.3,31.4,29.6,40.6,34.0,48.8,履歴少 / サンプル少
202630100602,2026-10-06,2,アイリスベビー,4.0,4.0,落合玄太,55.0,,4.0,4.0,門別,2歳牝馬未勝利,1:03.3,1.1,晴,5.0,2.0,門別,優駿の里サラブレッド(2歳),1:03.7,1.4,曇,3.0,5.0,門別,2歳未勝利,1:02.9,1.1,曇,3.0,3.0,門別,優駿の里安平町夢民舎(2歳),1:03.3,0.2,晴,2.0,2.0,門別,グランシャリオドリー(2歳),1:03.4,0.2,曇,5.5,2.0,,nar,2026-10-06,64.69,78.4,47.5,100.0,45.5,56.6,59.5,門別実績 / 履歴少 / 安定感
202644100602,2026-10-06,2,アスタスティンガー,5.0,5.0,Ｆ．ゴン,55.0,,6.0,5.0,大井,2歳 新馬,1:19.7,5.8,曇,,,,,,,,,,,,,,,,,,,,,,,,,,,,,5.8,3.0,,nar,2026-10-06,40.22,42.8,39.1,29.6,40.6,39.5,48.8,履歴少 / サンプル少
202630100602,2026-10-06,2,アルバミオ,10.0,7.0,松井伸也,55.0,,10.0,9.0,門別,2歳未勝利,1:06.4,2.7,晴,8.0,9.0,門別,2歳未勝利,1:03.7,1.4,晴,9.0,8.0,門別,2歳未勝利,1:58.6,5.9,曇,8.0,8.0,門別,2歳未勝利,1:12.5,3.6,晴,8.0,10.0,門別,ホクレンカタログギフ(2歳),1:04.8,2.4,曇,76.0,10.0,,nar,2026-10-06,38.78,37.6,49.7,0.0,39.5,51.6,43.8,履歴少
202635100602,2026-10-06,2,エイシンティズナウ,5.0,5.0,関本玲花,52.0,,6.0,5.0,水沢,3歳C2二組,1:33.5,4.2,曇,5.0,7.0,水沢,3歳C2三組,1:32.7,1.7,小雨,10.0,10.0,盛岡,3歳C2三組,1:29.4,3.1,雨,12.0,9.0,盛岡,3歳C2四組,1:16.0,2.5,曇,11.0,8.0,盛岡,DCあーしゃんず3周(3歳C2),1:30.2,3.0,曇,343.7,12.0,,nar,2026-10-06,46.47,44.5,46.1,24.9,71.0,48.3,46.5,近走上向き
202647100602,2026-10-06,2,エイシンリーディン,2.0,2.0,高木健,55.0,,2.0,3.0,笠松,3歳未勝利,0:50.4,0.3,曇,7.0,5.0,笠松,3歳未勝利,1:36.2,1.4,曇,5.0,7.0,笠松,丙午魂!まさよし還暦(3歳),1:36.6,3.4,曇,8.0,8.0,笠松,隼人&結花☆結婚記念(3歳),1:34.2,5.0,晴,6.0,7.0,笠松,迫水家にサチアレ記念(3歳),1:35.1,2.4,晴,11.0,6.0,,nar,2026-10-06,60.09,67.0,52.1,50.2,77.0,61.5,49.6,履歴少 / 近走上向き
202635100602,2026-10-06,2,エスカルチャ,9.0,7.0,斉藤友香,52.0,,10.0,11.0,門別,3歳以上C3ー2C4,1:17.8,1.8,晴,8.0,10.0,門別,グランシャリオドリー(C3),1:17.0,2.4,曇,9.0,12.0,門別,グランシャリオドリー(C3),1:16.5,2.7,晴,6.0,8.0,門別,3歳以上C3ー2C4,1:15.9,1.8,曇,6.0,7.0,門別,3歳以上C3ー2C4,1:16.8,1.8,晴,46.2,8.0,,nar,2026-10-06,43.71,41.5,62.5,0.0,33.5,57.5,50.0,総合評価
202646100602,2026-10-06,2,エーティータキオン,2.0,2.0,塚本征吾,57.0,,7.0,4.0,金沢,スマホで投票!楽天競(C1),0:58.6,2.9,雨,7.0,1.0,金沢,C15,1:34.3,3.4,雨,16.0,16.0,2福島5,3歳以上1勝クラス,1:11.0,3.2,曇,,14.0,1新潟6,障害4歳以上未勝利,,,晴,15.0,15.0,1京都9,4歳以上1勝クラス,1:15.6,2.8,晴,5.6,3.0,,nar,2026-10-06,37.67,33.7,30.3,0.0,84.0,44.6,46.5,近走上向き
202635100602,2026-10-06,2,エールヴァーゲ,6.0,5.0,佐々木志,54.0,,5.0,4.0,水沢,C2七組,1:25.7,1.7,曇,5.0,4.0,水沢,C2六組,1:29.5,1.0,曇,6.0,6.0,水沢,C2六組,1:22.3,1.1,雨,8.0,9.0,盛岡,大船渡市観光物産協会(C1),1:27.6,0.8,曇,4.0,11.0,盛岡,C1五組,1:27.1,0.2,晴,112.2,10.0,,nar,2026-10-06,57.96,63.7,52.2,65.7,54.5,57.4,51.2,盛岡実績 / 履歴少 / 安定感
202630100602,2026-10-06,2,カツノチャンス,8.0,6.0,藤田凌駕,54.0,,4.0,3.0,門別,2歳新馬,1:04.4,1.6,晴,,,,,,,,,,,,,,,,,,,,,,,,,,,,,6.4,3.0,,nar,2026-10-06,42.01,46.4,39.1,36.3,40.6,39.5,48.8,履歴少 / サンプル少
202647100602,2026-10-06,2,キタノエンブラ,6.0,6.0,井口裕貴,52.0,,8.0,7.0,笠松,3歳未勝利,0:52.9,2.8,曇,6.0,7.0,笠松,3歳未勝利,1:36.0,1.2,曇,9.0,8.0,笠松,3歳未勝利,0:52.2,1.9,曇,6.0,6.0,笠松,3歳未勝利,1:35.9,2.1,晴,9.0,9.0,笠松,瀬戸発☆TORAT2(3歳),1:35.3,3.8,曇,58.6,9.0,,nar,2026-10-06,42.14,47.9,48.2,0.0,47.0,50.9,43.8,履歴少
202635100602,2026-10-06,2,キンカメクオリア,3.0,3.0,坂井瑛音,55.0,,1.0,1.0,水沢,2歳,1:24.2,-0.4,曇,12.0,10.0,3福島4,2歳新馬,1:52.1,5.2,晴,,,,,,,,,,,,,,,,,,,,,,13.3,4.0,,nar,2026-10-06,49.72,51.2,42.0,34.7,73.0,53.5,48.8,履歴少 / サンプル少 / 近走上向き / 市場オッズ妙味
202635100602,2026-10-06,2,クラージュクリール,12.0,8.0,阿部英俊,56.0,,4.0,11.0,水沢,3歳B2一組,1:31.2,1.3,晴,10.0,9.0,水沢,3歳B2二組,1:31.0,2.5,曇,3.0,8.0,盛岡,3歳C1二組,1:27.2,0.7,曇,6.0,7.0,盛岡,オッズパーク賞(3歳C1),1:29.7,0.7,晴,6.0,11.0,盛岡,3歳C1一組,1:27.8,1.3,曇,77.4,9.0,,nar,2026-10-06,62.71,61.6,74.7,50.2,63.5,64.6,48.5,前走人気以上 / 履歴少 / 人気以上に走る傾向
202644100602,2026-10-06,2,グランドコマンダー,4.0,4.0,杉山海波,52.0,,10.0,10.0,大井,2歳 新馬,1:53.3,9.8,曇,,,,,,,,,,,,,,,,,,,,,,,,,,,,,12.3,6.0,,nar,2026-10-06,38.78,35.8,40.6,29.6,40.6,40.6,48.8,履歴少 / サンプル少
202635100602,2026-10-06,2,サクラボーベル,1.0,1.0,山本聡紀,54.0,,2.0,3.0,水沢,3歳C2一組,1:29.9,0.8,曇,1.0,1.0,盛岡,うまレター賞(3歳C2),1:14.0,0.0,曇,12.0,4.0,2福島7,3歳未勝利,1:11.1,1.6,曇,12.0,6.0,2東京9,3歳未勝利,1:39.8,1.5,曇,9.0,6.0,3中山4,3歳未勝利,1:56.2,1.7,曇,2.5,2.0,,nar,2026-10-06,53.28,60.7,32.8,55.3,89.0,43.5,50.0,近走上向き
202644100602,2026-10-06,2,サブノグランソン,3.0,3.0,高野誠毅,55.0,,6.0,6.0,大井,2歳 新馬,1:33.9,4.4,曇,,,,,,,,,,,,,,,,,,,,,,,,,,,,,8.1,4.0,,nar,2026-10-06,40.75,42.8,40.6,29.6,40.6,40.6,48.8,履歴少 / サンプル少
202647100602,2026-10-06,2,サンモリッツ,4.0,4.0,松本一心,55.0,,3.0,3.0,名古屋,3歳19組,1:39.4,2.1,曇,5.0,5.0,名古屋,3歳19組,1:41.6,1.3,曇,11.0,4.0,名古屋,金シャチ最終戦(3歳),1:41.5,2.8,晴,4.0,8.0,名古屋,名古屋モーニングフィ(3歳),1:41.4,1.9,曇,10.0,4.0,名古屋,3歳13組,1:41.8,4.0,曇,4.5,2.0,,nar,2026-10-06,56.11,60.4,40.1,69.9,77.0,50.6,48.8,履歴少 / 近走上向き / 安定感
202635100602,2026-10-06,2,サーティファイド,7.0,6.0,塚本涼人,56.0,,4.0,2.0,盛岡,C1,1:27.6,0.5,晴,2.0,2.0,水沢,C1四組,1:31.7,0.1,曇,6.0,7.0,水沢,岩手伝統工芸秀衡塗賞(C1),1:44.7,0.7,晴,5.0,5.0,水沢,リューココリネ賞(C1),1:46.7,1.1,晴,5.0,2.0,水沢,C1二組,1:47.6,1.2,晴,42.0,7.0,,nar,2026-10-06,60.13,74.8,45.0,80.2,53.0,53.7,48.8,履歴少 / 安定感 / 市場オッズ妙味
202647100602,2026-10-06,2,シファル,5.0,5.0,大原浩司,55.0,,3.0,3.0,笠松,笠松デビュー馬未勝利(2歳),0:51.9,1.6,曇,,3.0,笠松,2歳新馬,,,晴,,,,,,,,,,,,,,,,,,,,,,8.5,4.0,,nar,2026-10-06,43.03,48.1,40.6,36.3,40.6,40.6,48.8,履歴少 / サンプル少
202646100602,2026-10-06,2,ジャンボリクイーン,1.0,1.0,甲賀弘隆,55.0,,10.0,9.0,金沢,C16,1:43.8,3.5,晴,7.0,6.0,金沢,このたん末脚爆裂記念(C1),1:43.0,4.2,曇,,,金沢,C15,,,晴,6.0,4.0,金沢,C13,1:41.9,2.7,雨,1.0,3.0,金沢,すずしゅう20歳誕生(C2),1:40.6,-0.6,晴,18.4,8.0,,nar,2026-10-06,41.17,50.5,44.4,10.3,18.0,58.9,47.1,履歴少 / 市場オッズ妙味
202630100602,2026-10-06,2,タルシェクーン,12.0,8.0,服部茂史,56.0,,5.0,9.0,門別,2歳未勝利,1:04.0,1.3,雨,4.0,3.0,門別,2歳未勝利,1:03.5,0.7,晴,4.0,5.0,門別,2歳未勝利,1:03.5,1.6,曇,6.0,2.0,門別,2歳未勝利,1:04.6,1.8,晴,6.0,6.0,門別,2歳未勝利,1:03.8,1.7,曇,17.3,6.0,,nar,2026-10-06,61.45,69.6,54.1,75.1,50.0,62.1,52.9,門別実績 / 前走人気以上 / 履歴少 / 安定感
202644100602,2026-10-06,2,ダンノウラ,7.0,7.0,西優哉,52.0,,8.0,7.0,大井,2歳六,1:19.4,2.6,晴,6.0,5.0,大井,2歳五 六,1:32.0,2.7,曇,6.0,10.0,大井,2歳三 四,1:32.4,2.6,曇,6.0,8.0,大井,2歳三,1:18.1,2.9,晴,8.0,8.0,大井,2歳 新馬,1:18.9,4.4,晴,10.6,5.0,,nar,2026-10-06,45.58,53.5,53.7,0.0,41.0,60.1,43.8,履歴少
202635100602,2026-10-06,2,チャーミングアイ,10.0,7.0,菅原辰徳,54.0,,,8.0,2札幌2,3歳未勝利,,,晴,15.0,10.0,1函館8,3歳未勝利,1:09.8,1.0,曇,4.0,12.0,1函館4,3歳未勝利,1:08.6,0.3,小雨,5.0,8.0,1新潟8,3歳未勝利,1:11.2,0.6,小雨,5.0,13.0,1新潟5,3歳未勝利,0:55.9,1.0,晴,5.1,3.0,,nar,2026-10-06,48.25,45.9,66.1,44.7,0.0,65.5,50.0,人気以上に走る傾向 / 過小評価傾向
202644100602,2026-10-06,2,トニーブライアン,1.0,1.0,野畑凌,55.0,,6.0,2.0,大井,2歳 新馬,1:48.5,5.0,曇,,,,,,,,,,,,,,,,,,,,,,,,,,,,,3.0,2.0,,nar,2026-10-06,38.65,42.8,34.5,29.6,40.6,36.2,48.8,履歴少 / サンプル少
202647100602,2026-10-06,2,ナイア,8.0,8.0,赤津和希,55.0,,6.0,7.0,笠松,アオラキ杯(3歳),1:35.3,5.2,曇,15.0,13.0,2新潟8,3歳未勝利,1:59.3,4.6,晴,,,,,,,,,,,,,,,,,,,,,,9.8,5.0,,nar,2026-10-06,43.33,36.1,44.1,18.0,73.0,48.7,48.8,履歴少 / サンプル少 / 近走上向き
202630100602,2026-10-06,2,ナナイロ,2.0,2.0,亀井洋司,55.0,,8.0,7.0,門別,2歳牝馬未勝利,1:11.2,2.0,晴,5.0,6.0,門別,2歳未勝利,1:09.6,1.3,曇,7.0,9.0,門別,2歳牝馬未勝利,1:03.4,1.8,曇,3.0,6.0,門別,JRA認定競走フレッ(2歳),1:03.7,1.3,晴,,,,,,,,15.5,5.0,,nar,2026-10-06,52.46,58.9,56.1,39.5,32.0,62.8,51.2,門別実績 / 履歴少 / 市場オッズ妙味
202646100602,2026-10-06,2,ビアメントブラスト,6.0,6.0,服部大地,55.0,,4.0,11.0,金沢,C17,1:35.2,1.3,晴,10.0,8.0,金沢,C16,1:35.1,1.7,雨,5.0,7.0,金沢,スマホで投票!楽天競(C2),1:41.7,1.2,晴,9.0,9.0,金沢,C15,1:35.8,1.6,曇,,,金沢,C14,,,雨,13.3,5.0,,nar,2026-10-06,60.38,54.4,65.8,50.2,74.0,66.7,51.2,金沢実績 / 前走人気以上 / 履歴少 / 人気以上に走る傾向
202646100602,2026-10-06,2,ビービービルダー,9.0,8.0,魚住謙心,57.0,,3.0,2.0,金沢,C17,1:34.8,0.9,晴,1.0,1.0,金沢,江川小林ウエディング(C2),1:34.1,-1.4,晴,4.0,6.0,金沢,能登復興支援能登ヒバ(C2),1:34.4,1.5,晴,9.0,6.0,金沢,能登復興支援山伏山賞(C2),1:35.8,2.9,曇,7.0,7.0,金沢,C24,1:42.5,2.0,晴,3.1,2.0,,nar,2026-10-06,62.13,76.1,47.6,75.1,63.5,53.5,52.9,金沢実績 / 履歴少 / 安定感
202635100602,2026-10-06,2,ファンタズマ,8.0,6.0,村上忍,56.0,,2.0,1.0,水沢,C2七組,1:24.6,0.6,曇,2.0,1.0,水沢,C2九組,1:24.1,0.3,小雨,5.0,5.0,水沢,C2九組,1:23.9,1.3,曇,5.0,4.0,盛岡,大船渡市観光物産協会(C1),1:27.2,0.4,曇,6.0,9.0,盛岡,C1,1:27.6,0.6,曇,26.5,5.0,,nar,2026-10-06,65.44,80.4,47.3,89.7,65.0,56.3,51.2,盛岡実績 / 履歴少 / 近走上向き / 安定感
202630100602,2026-10-06,2,フォンミー,6.0,5.0,石川倭,55.0,,4.0,8.0,門別,2歳未勝利,1:04.3,1.1,晴,3.0,7.0,門別,2歳未勝利,1:03.0,0.7,晴,7.0,7.0,門別,2歳未勝利,1:04.8,3.2,雨,7.0,10.0,門別,2歳未勝利,1:03.5,1.1,晴,8.0,9.0,門別,北海道きたやさい賞(2歳),1:04.2,3.3,雨,9.4,4.0,,nar,2026-10-06,63.87,66.4,69.3,55.3,63.5,67.3,49.6,前走人気以上 / 履歴少 / 人気以上に走る傾向 / 過小評価傾向
202646100602,2026-10-06,2,ブエノスオプティマ,5.0,5.0,吉田晃浩,55.0,,9.0,4.0,金沢,3歳A 2,1:40.1,2.9,雨,7.0,3.0,金沢,夫婦岩特別(3歳),1:34.0,3.1,曇,2.0,2.0,金沢,3歳A 3,1:39.6,1.5,曇,1.0,1.0,金沢,スタールビー特別(3歳),0:57.2,-0.2,曇,10.0,9.0,1函館9,3歳未勝利,1:44.7,1.8,雨,2.8,1.0,,nar,2026-10-06,43.4,59.6,31.7,34.3,26.0,46.8,53.3,金沢実績 / クラス条件好転
202646100602,2026-10-06,2,ブラックサウザー,3.0,3.0,柴田勇真,57.0,,10.0,7.0,金沢,超光速微粒子の可能性(C1),1:52.0,12.3,雨,11.0,4.0,金沢,お家でネット投票!楽(C1),1:36.9,6.4,雨,8.0,8.0,園田,DASH観音寺特別A(A2B1),1:58.8,4.8,雨,12.0,11.0,園田,アサヒスーパードライ(A1A2),1:22.4,4.8,曇,9.0,9.0,園田,新茶特別A2,1:34.6,6.6,曇,14.0,6.0,,nar,2026-10-06,31.83,27.7,30.4,0.0,50.0,45.8,43.8,履歴少 / 市場オッズ妙味
202630100602,2026-10-06,2,ベストガーデン,1.0,1.0,桑村真明,55.0,,2.0,12.0,門別,2歳未勝利,1:03.8,0.1,晴,11.0,10.0,門別,2歳未勝利,1:04.4,2.1,晴,7.0,11.0,門別,2歳未勝利,1:11.5,1.9,曇,10.0,8.0,門別,2歳未勝利,1:18.5,3.0,曇,5.0,6.0,門別,2歳未勝利,1:50.3,2.0,晴,26.0,7.0,,nar,2026-10-06,62.23,54.3,73.7,40.7,87.5,64.1,49.6,前走人気以上 / 履歴少 / 人気以上に走る傾向 / 近走上向き
202635100602,2026-10-06,2,ベネファクター,2.0,2.0,山本聡哉,56.0,,4.0,5.0,水沢,3歳C1二組,1:30.8,0.4,晴,4.0,4.0,水沢,3歳C2一組,1:31.7,2.6,曇,7.0,5.0,盛岡,3歳C2一組,1:27.4,0.8,雨,6.0,7.0,盛岡,3歳C2二組,1:27.2,3.3,晴,5.0,2.0,盛岡,3歳C2二組,1:26.5,0.8,曇,32.0,6.0,,nar,2026-10-06,58.05,68.1,48.2,65.7,59.0,54.3,48.5,履歴少 / 安定感 / 市場オッズ妙味
202630100602,2026-10-06,2,ポコアポコ,5.0,5.0,金山昇馬,56.0,,7.0,6.0,門別,2歳未勝利,1:04.8,1.6,晴,9.0,5.0,門別,2歳未勝利,1:03.6,2.1,晴,6.0,6.0,門別,2歳未勝利,1:02.9,1.1,雨,5.0,5.0,門別,2歳未勝利,1:03.7,1.6,曇,5.0,4.0,門別,JRA認定競走フレッ(2歳),1:17.6,3.0,晴,28.9,8.0,,nar,2026-10-06,45.26,53.6,40.2,24.9,45.5,50.8,50.5,市場オッズ妙味
202630100602,2026-10-06,2,マカイエンセ,11.0,8.0,岩橋勇二,55.0,,2.0,2.0,門別,2歳未勝利,1:03.3,0.1,晴,2.0,2.0,門別,日高山脈襟裳十勝国立(2歳),1:03.5,0.5,曇,3.0,3.0,門別,2歳未勝利,1:03.0,0.2,晴,2.0,3.0,門別,2歳未勝利,1:03.1,1.0,曇,3.0,2.0,門別,2歳未勝利,1:03.6,0.6,曇,1.8,1.0,,nar,2026-10-06,68.82,89.6,50.3,100.0,53.0,52.5,59.5,門別実績 / 履歴少 / 安定感
202630100602,2026-10-06,2,メアスライヴ,7.0,6.0,宮内勇樹,55.0,,12.0,11.0,門別,2歳未勝利,1:06.2,3.0,晴,4.0,5.0,門別,2歳新馬,1:04.2,2.1,晴,,,,,,,,,,,,,,,,,,,,,,42.2,9.0,,nar,2026-10-06,40.2,40.5,45.1,31.7,19.1,48.7,51.2,門別実績 / 履歴少 / サンプル少
202647100602,2026-10-06,2,メアナニヒキナ,1.0,1.0,馬渕繁治,55.0,,5.0,7.0,笠松,一誠、卒業おめでとう(3歳),1:33.8,3.7,曇,8.0,7.0,笠松,祝!!平林生誕30周(3歳),1:38.6,6.3,曇,6.0,6.0,笠松,丙午魂!まさよし還暦(3歳),1:37.0,3.8,曇,7.0,8.0,浦和,3歳七 選抜馬イ,1:25.8,3.3,雨,5.0,7.0,浦和,3歳九,1:26.0,2.0,雨,19.8,8.0,,nar,2026-10-06,55.74,58.1,55.0,40.7,59.0,66.6,49.8,過小評価傾向 / 市場オッズ妙味
202646100602,2026-10-06,2,メイショウメイボク,7.0,7.0,青柳正義,55.0,,12.0,7.0,金沢,C16,1:44.2,3.9,晴,3.0,5.0,金沢,登志雄さん70歳お誕(C1),1:41.2,0.4,雨,8.0,7.0,金沢,C16,1:36.8,3.4,晴,9.0,7.0,金沢,睦斗小学校入学&紬ほ(C1),1:38.4,5.2,曇,,,金沢,だいきち不動産設立記(C1),,,雨,10.3,4.0,,nar,2026-10-06,38.0,43.0,38.2,24.9,18.0,49.6,47.1,履歴少
202646100602,2026-10-06,2,メッチャハットリ,8.0,8.0,兼子千央,55.0,,8.0,11.0,金沢,C16,1:42.1,1.8,晴,3.0,9.0,金沢,C16,1:33.9,0.5,雨,7.0,9.0,金沢,C16,1:35.5,2.1,晴,4.0,8.0,金沢,C16,1:42.5,1.1,曇,6.0,8.0,金沢,C15,1:34.0,1.3,雨,23.1,9.0,,nar,2026-10-06,58.11,61.9,75.1,39.5,32.0,65.8,49.6,前走人気以上 / 履歴少 / 人気以上に走る傾向 / 過小評価傾向
202644100602,2026-10-06,2,モンタナマジック,2.0,2.0,笹川翼,55.0,,5.0,7.0,大井,2歳 新馬,1:48.5,5.0,曇,,,,,,,,,,,,,,,,,,,,,,,,,,,,,2.3,1.0,,nar,2026-10-06,42.97,44.6,43.7,36.3,40.6,42.0,48.8,履歴少 / サンプル少
202635100602,2026-10-06,2,モーニングスズラン,11.0,8.0,小林凌,54.0,,6.0,9.0,水沢,3歳C1二組,1:30.3,0.6,曇,5.0,11.0,盛岡,3歳C2一組,1:27.2,1.0,晴,10.0,11.0,盛岡,3歳C2一組,1:27.3,1.1,曇,7.0,8.0,盛岡,22GARAGE賞(3歳C2),1:28.4,1.5,曇,2.0,5.0,盛岡,3歳C2一組,1:15.0,0.8,曇,150.5,11.0,,nar,2026-10-06,57.35,57.8,71.4,35.3,50.0,61.7,51.5,盛岡実績 / 前走人気以上 / 人気以上に走る傾向
202644100602,2026-10-06,2,ユウユウプロースト,6.0,6.0,高橋優,51.0,,11.0,11.0,大井,2歳六,1:21.1,4.3,晴,10.0,11.0,大井,2歳五 六,1:18.6,3.3,曇,8.0,7.0,大井,2歳 選抜牝馬,1:19.6,4.5,曇,10.0,11.0,大井,2歳三,1:19.4,4.2,晴,9.0,9.0,大井,2歳 新馬,1:21.8,7.3,晴,65.8,7.0,,nar,2026-10-06,36.95,29.6,51.4,0.0,39.5,51.6,43.8,履歴少
202630100602,2026-10-06,2,ラッキーリップス,9.0,7.0,坂下秀樹,55.0,,8.0,12.0,門別,2歳未勝利,1:04.9,1.7,晴,12.0,11.0,門別,2歳未勝利,1:05.1,2.8,晴,12.0,11.0,門別,2歳未勝利,1:13.3,4.7,曇,9.0,11.0,門別,2歳未勝利,1:05.5,2.7,晴,10.0,7.0,門別,2歳未勝利,1:05.0,2.9,曇,168.2,11.0,,nar,2026-10-06,40.37,26.9,55.3,0.0,66.5,51.6,43.8,前走人気以上 / 履歴少 / 近走上向き
202646100602,2026-10-06,2,ラースアルアイン,4.0,4.0,田知弘久,57.0,,7.0,6.0,金沢,C16,1:42.1,1.8,晴,5.0,6.0,金沢,C16,1:34.2,0.8,雨,4.0,4.0,金沢,金沢競馬で目指せ初勝(C2),1:41.4,0.7,晴,7.0,10.0,金沢,C15,1:34.7,0.5,曇,,,金沢,C14,,,雨,17.4,7.0,,nar,2026-10-06,54.33,61.7,53.0,44.7,40.0,64.6,51.2,金沢実績 / 履歴少 / 市場オッズ妙味
202647100602,2026-10-06,2,リアルスティンガー,7.0,7.0,深澤杏花,53.0,,3.0,3.0,笠松,一誠、卒業おめでとう(3歳),1:33.2,3.1,曇,5.0,6.0,笠松,祝!!平林生誕30周(3歳),1:35.3,3.0,曇,4.0,6.0,笠松,迫水家にサチアレ記念(3歳),1:34.8,2.1,晴,8.0,8.0,園田,柞田7ハロン3歳C2,1:35.9,2.4,曇,7.0,9.0,園田,3歳C2,0:52.3,0.7,晴,6.5,3.0,,nar,2026-10-06,64.52,69.3,56.0,75.1,68.0,61.2,59.5,笠松実績 / 履歴少 / 近走上向き / 安定感
202647100602,2026-10-06,2,リコーレッドアイ,3.0,3.0,阿部基嗣,54.0,,4.0,5.0,笠松,丙午魂!まさよし還暦(3歳),1:36.4,3.2,曇,7.0,4.0,笠松,迫水家にサチアレ記念(3歳),1:35.2,2.5,晴,10.0,7.0,門別,2歳未勝利,1:11.9,2.9,晴,6.0,6.0,門別,ホクレンカタログギフ(2歳),1:04.2,1.5,晴,6.0,7.0,門別,2歳牝馬未勝利,1:04.2,1.1,曇,15.3,7.0,,nar,2026-10-06,51.23,56.5,43.5,30.4,69.5,56.1,51.2,笠松実績 / 履歴少 / 近走上向き / 市場オッズ妙味
202630100602,2026-10-06,2,リックグールド,3.0,3.0,黒澤愛斗,56.0,,11.0,11.0,門別,グランシャリオドリー(2歳),1:06.0,3.0,晴,12.0,12.0,門別,2歳未勝利,1:06.6,5.1,晴,12.0,12.0,門別,2歳未勝利,1:06.3,4.5,雨,10.0,10.0,門別,2歳未勝利,1:07.6,5.6,晴,11.0,11.0,門別,2歳未勝利,1:06.3,3.8,晴,185.5,12.0,,nar,2026-10-06,34.61,17.6,50.0,0.0,51.5,50.9,43.8,履歴少
202647100602,2026-10-06,2,リッジライン,9.0,8.0,東川慎,57.0,,3.0,4.0,笠松,アオラキ杯(3歳),1:32.0,1.9,曇,8.0,4.0,笠松,りょうとくん誕生日お(3歳),1:36.9,3.4,曇,2.0,3.0,笠松,丙午魂!まさよし還暦(3歳),1:34.0,0.8,曇,5.0,4.0,笠松,隼人&結花☆結婚記念(3歳),1:33.7,4.5,晴,1.0,4.0,笠松,3歳未勝利,1:33.8,-1.1,晴,2.3,1.0,,nar,2026-10-06,61.27,74.9,47.7,75.1,56.0,53.5,56.2,笠松実績 / 履歴少 / 安定感
202635100602,2026-10-06,2,ルアグロール,4.0,4.0,大坪慎,56.0,,1.0,2.0,水沢,3歳C2五組,1:23.5,-0.5,雨,14.0,12.0,2福島8,3歳未勝利,1:50.4,2.6,晴,11.0,7.0,2東京8,3歳未勝利,2:27.7,3.4,晴,5.0,12.0,1小倉8,3歳未勝利,1:50.6,0.8,晴,12.0,14.0,1中山4,3歳未勝利,1:59.6,4.1,曇,2.3,1.0,,nar,2026-10-06,55.21,45.5,51.7,45.0,100.0,54.7,50.0,近走上向き
202630100603,2026-10-06,3,アカネビヨリ,11.0,8.0,小川悠汰,52.0,,10.0,12.0,門別,コンサドールズ賞(2歳),1:05.7,4.0,晴,9.0,9.0,門別,日高山脈襟裳十勝国立(2歳),1:06.4,3.4,曇,8.0,7.0,門別,2歳未勝利,1:05.2,2.4,晴,8.0,7.0,門別,JRA認定競走フレッ(2歳),1:06.3,3.9,曇,,,,,,,,33.2,8.0,,nar,2026-10-06,39.08,36.4,52.1,0.0,40.0,51.7,43.8,履歴少
202630100603,2026-10-06,3,アサグモ,4.0,4.0,藤田凌駕,54.0,,11.0,11.0,門別,2歳牝馬未勝利,1:13.7,4.5,晴,5.0,9.0,門別,JRA認定競走フレッ(2歳),1:11.4,2.9,曇,,,,,,,,,,,,,,,,,,,,,,32.9,7.0,,nar,2026-10-06,43.37,40.9,52.4,31.7,25.7,52.3,51.2,門別実績 / 履歴少 / サンプル少
202646100603,2026-10-06,3,アドバンスドリーム,2.0,2.0,柴田勇真,57.0,,9.0,9.0,金沢,C15,1:34.5,2.8,晴,3.0,5.0,金沢,ラジオ放送第69回記(C1),1:40.7,1.3,曇,4.0,2.0,金沢,スマホで投票!楽天競(C2),1:41.3,0.8,晴,2.0,2.0,金沢,C22,1:34.4,0.0,晴,4.0,3.0,金沢,スマホで投票!楽天競(C2),1:34.2,2.6,晴,56.0,6.0,,nar,2026-10-06,54.32,68.2,50.0,69.6,15.5,52.9,56.2,金沢実績 / 履歴少 / 安定感
202644100603,2026-10-06,3,アヤサンミニサンタ,4.0,4.0,高橋優,51.0,,6.0,6.0,大井,2歳六,1:18.9,2.1,晴,7.0,8.0,大井,2歳 新馬,1:33.5,3.9,晴,,,,,,,,,,,,,,,,,,,,,,13.1,7.0,,nar,2026-10-06,44.81,49.0,47.2,18.0,48.8,52.9,43.2,履歴少 / サンプル少 / 市場オッズ妙味
202630100603,2026-10-06,3,アンクルチャーリー,6.0,6.0,黒澤愛斗,56.0,,8.0,10.0,門別,2歳未勝利,1:10.8,2.0,晴,9.0,9.0,門別,2歳未勝利,1:04.0,1.2,晴,6.0,9.0,門別,2歳未勝利,1:04.1,2.2,曇,7.0,6.0,門別,2歳未勝利,1:05.1,2.3,晴,8.0,12.0,門別,JRA認定競走アタッ(2歳),1:17.6,2.5,雨,32.3,6.0,,nar,2026-10-06,45.86,46.3,60.3,0.0,47.0,58.0,46.5,前走人気以上 / 市場オッズ妙味
202647100603,2026-10-06,3,イニシオ,8.0,8.0,渡辺竜也,57.0,,4.0,1.0,笠松,アオラキ杯(3歳),1:32.4,2.3,曇,16.0,12.0,3阪神1,3歳未勝利,2:01.5,7.3,晴,14.0,7.0,2東京10,3歳未勝利,1:41.8,3.9,晴,17.0,7.0,1京都8,3歳未勝利,2:20.8,5.3,晴,9.0,3.0,3京都5,2歳新馬,1:50.3,2.6,晴,2.0,1.0,,nar,2026-10-06,35.39,26.8,12.4,30.4,100.0,31.3,48.8,履歴少 / 近走上向き
202635100603,2026-10-06,3,イネスティマブル,6.0,5.0,阿部英俊,54.0,,7.0,10.0,水沢,3歳B1二組,1:31.3,1.9,晴,4.0,9.0,水沢,夢・希望未来へ前進(3歳B2),1:29.4,0.8,曇,7.0,7.0,盛岡,3歳C1一組,1:27.1,1.0,曇,7.0,8.0,盛岡,3歳B2二組,1:28.2,1.6,晴,7.0,7.0,盛岡,3歳B2二組,1:26.8,1.4,小雨,95.9,9.0,,nar,2026-10-06,53.12,58.0,66.1,24.9,45.5,58.5,43.8,前走人気以上 / 履歴少 / 人気以上に走る傾向
202630100603,2026-10-06,3,ウワサノリクチャン,8.0,7.0,金山昇馬,55.0,,8.0,6.0,門別,グランシャリオドリー(2歳),1:05.1,2.1,晴,8.0,7.0,門別,新冠富士賞(2歳),1:05.3,2.4,曇,10.0,8.0,門別,2歳未勝利,1:04.9,2.5,晴,7.0,8.0,門別,2歳未勝利,1:03.8,1.3,晴,11.0,10.0,門別,2歳未勝利,1:06.0,4.7,晴,77.0,11.0,,nar,2026-10-06,38.81,39.5,41.5,0.0,56.0,47.7,43.8,履歴少
202635100603,2026-10-06,3,エクスペクタント,4.0,4.0,高松亮,56.0,,9.0,4.0,水沢,花巻発コスメ・ハナハ(3歳C2),1:32.6,2.1,曇,2.0,2.0,水沢,3歳C2三組,1:31.5,0.5,小雨,10.0,8.0,2新潟3,3歳未勝利,1:14.2,2.2,曇,4.0,7.0,2福島7,3歳未勝利,1:09.9,0.4,曇,10.0,12.0,3京都5,3歳未勝利,1:22.1,1.8,晴,7.8,4.0,,nar,2026-10-06,46.49,53.4,41.1,39.5,35.0,55.3,50.0,前走人気以上
202635100603,2026-10-06,3,エクセプション,12.0,8.0,菅原辰徳,56.0,,4.0,3.0,水沢,C2六組,1:30.6,1.6,小雨,3.0,5.0,水沢,C2六組,1:29.2,0.7,曇,5.0,6.0,水沢,C2七組,1:22.9,1.2,雨,4.0,8.0,盛岡,オッズパーク賞(C1),1:14.2,0.6,曇,8.0,9.0,盛岡,タブの大島賞(C1),1:01.1,2.1,晴,34.7,5.0,,nar,2026-10-06,65.43,73.1,57.6,89.7,56.0,60.9,51.5,盛岡実績 / 安定感 / 市場オッズ妙味
202644100603,2026-10-06,3,オオイノオウマサン,2.0,2.0,高野誠毅,54.0,,5.0,6.0,大井,2歳 新馬,1:17.2,3.9,曇,,,,,,,,,,,,,,,,,,,,,,,,,,,,,8.0,5.0,,nar,2026-10-06,42.57,44.6,42.2,36.3,40.6,41.7,48.8,履歴少 / サンプル少
202647100603,2026-10-06,3,カスタニャッチョ,6.0,6.0,井口裕貴,54.0,,6.0,6.0,笠松,かずし☆えみこ結婚3(3歳),1:33.4,2.5,晴,5.0,6.0,笠松,3歳5組,1:33.7,1.2,雨,4.0,7.0,笠松,第21回岡田みなも生(3歳),1:32.4,3.6,雨,6.0,7.0,笠松,3歳4組,1:35.6,4.5,晴,6.0,6.0,笠松,3歳4組,1:34.1,2.4,曇,29.6,6.0,,nar,2026-10-06,56.02,65.2,56.9,44.7,45.5,59.5,49.6,履歴少 / 市場オッズ妙味
202646100603,2026-10-06,3,カフジウヴァ,3.0,3.0,青柳正義,57.0,,5.0,3.0,金沢,C15,1:34.1,2.4,晴,4.0,4.0,金沢,C14,1:33.5,1.1,曇,7.0,4.0,金沢,C12,1:43.0,3.0,曇,3.0,1.0,金沢,孝明杯(C1),1:41.9,0.1,曇,1.0,1.0,金沢,久保&ゆりぽん結婚バ(C2),1:34.3,-0.1,晴,40.0,5.0,,nar,2026-10-06,57.38,72.5,39.6,80.2,42.5,51.8,56.2,金沢実績 / 履歴少 / 安定感 / 市場オッズ妙味
202630100603,2026-10-06,3,クインテットホープ,10.0,8.0,桑村真明,56.0,,8.0,5.0,門別,2歳未勝利,1:18.4,2.1,雨,4.0,8.0,門別,2歳未勝利,1:16.0,0.4,晴,6.0,6.0,門別,2歳未勝利,1:09.7,1.1,曇,2.0,5.0,門別,2歳未勝利,1:16.8,0.2,晴,6.0,9.0,門別,2歳未勝利,1:15.7,0.4,曇,3.5,2.0,,nar,2026-10-06,52.64,63.8,55.8,39.5,29.0,58.5,49.6,履歴少
202647100603,2026-10-06,3,ケファロニア,1.0,1.0,高木健,57.0,,7.0,2.0,笠松,いくぜ!地獄の釜十周(3歳),1:34.7,3.6,曇,3.0,4.0,笠松,祝!!平林生誕30周(3歳),1:33.7,1.4,曇,8.0,8.0,笠松,87咲く玄ちゃん記念(3歳),1:33.9,2.5,曇,16.0,15.0,2福島7,3歳未勝利,2:05.5,5.1,曇,15.0,14.0,2東京5,3歳未勝利,1:43.3,4.8,晴,7.3,4.0,,nar,2026-10-06,45.65,45.4,39.4,24.9,71.0,49.9,49.8,近走上向き
202647100603,2026-10-06,3,コンダクトヲハラエ,2.0,2.0,赤津和希,57.0,,6.0,7.0,笠松,祝!あらくれお嬢様完(3歳),1:32.1,3.2,晴,5.0,3.0,笠松,3歳7組,1:34.3,3.0,曇,1.0,2.0,笠松,丙午魂!まさよし還暦(3歳),1:33.2,-0.8,曇,3.0,3.0,笠松,隼人&結花☆結婚記念(3歳),1:33.4,4.2,晴,3.0,3.0,笠松,迫水家にサチアレ記念(3歳),1:33.8,1.1,晴,7.2,3.0,,nar,2026-10-06,59.24,75.9,50.0,69.6,32.0,58.4,56.2,笠松実績 / 履歴少 / 安定感
202635100603,2026-10-06,3,ゴールドフリーダム,8.0,6.0,山本聡哉,56.0,,2.0,1.0,水沢,花巻発コスメ・ハナハ(3歳C2),1:30.6,0.1,曇,3.0,2.0,盛岡,3歳C2二組,1:25.6,0.8,雨,1.0,1.0,盛岡,3歳C2六組,1:12.7,-0.7,晴,9.0,7.0,2福島2,3歳未勝利,1:48.1,2.1,晴,9.0,11.0,2東京12,3歳未勝利,1:34.8,1.0,晴,1.6,1.0,,nar,2026-10-06,63.24,77.6,45.5,75.1,71.0,50.7,59.5,盛岡実績 / 履歴少 / 近走上向き / 安定感
202644100603,2026-10-06,3,ジャックセイネン,9.0,8.0,和田譲治,55.0,,10.0,4.0,大井,2歳六,1:20.8,4.0,晴,6.0,4.0,大井,2歳 新馬,1:32.4,2.5,曇,,,,,,,,,,,,,,,,,,,,,,7.9,4.0,,nar,2026-10-06,34.89,41.3,29.3,18.0,32.3,42.2,43.2,履歴少 / サンプル少
202647100603,2026-10-06,3,スティルアイライズ,4.0,4.0,丸野勝虎,55.0,,7.0,6.0,笠松,3歳未勝利,0:52.3,2.2,曇,7.0,4.0,笠松,3歳11組,0:51.9,3.1,曇,6.0,6.0,笠松,3歳未勝利,0:51.7,1.4,曇,8.0,5.0,笠松,3歳未勝利,1:36.6,2.8,晴,8.0,7.0,笠松,3歳5組,1:34.8,4.2,曇,56.0,8.0,,nar,2026-10-06,40.97,51.6,38.9,0.0,51.5,47.4,43.8,履歴少
202646100603,2026-10-06,3,スペシャルサンデー,5.0,5.0,加藤翔馬,57.0,,2.0,5.0,金沢,C18,1:34.2,0.5,晴,5.0,3.0,金沢,☆祝三十路☆小山光生(C1),1:40.7,0.3,雨,6.0,3.0,金沢,スマホで投票!楽天競(C2),1:42.7,2.2,晴,7.0,5.0,金沢,C16,1:42.7,1.3,曇,8.0,2.0,金沢,C15,1:39.3,6.6,雨,21.0,4.0,,nar,2026-10-06,57.27,68.9,42.4,55.3,77.0,49.8,49.6,前走人気以上 / 履歴少 / 近走上向き / 市場オッズ妙味
202646100603,2026-10-06,3,スマイルムーン,10.0,8.0,中島龍也,55.0,,3.0,1.0,金沢,C16,1:41.0,0.7,晴,10.0,6.0,金沢,楽天競馬で馬券を買お(C1),1:40.7,1.2,曇,1.0,2.0,金沢,C25,1:41.4,-0.3,晴,3.0,2.0,金沢,能登復興支援山伏山賞(C2),1:34.5,1.6,曇,4.0,3.0,金沢,C24,1:41.9,1.4,晴,12.1,2.0,,nar,2026-10-06,59.04,72.4,38.4,75.1,59.0,56.1,56.2,金沢実績 / 履歴少 / 安定感 / 市場オッズ妙味
202644100603,2026-10-06,3,ソレイユダーム,1.0,1.0,横川怜央,54.0,,5.0,8.0,大井,2歳六,1:18.8,2.0,晴,7.0,5.0,大井,2歳五 六,1:17.7,2.4,曇,6.0,6.0,大井,2歳 選抜牝馬,1:18.7,3.6,曇,7.0,9.0,大井,2歳 新馬,1:19.7,5.2,晴,,,,,,,,10.1,6.0,,nar,2026-10-06,53.83,59.2,55.5,30.4,60.0,59.8,47.1,前走人気以上 / 履歴少
202644100603,2026-10-06,3,ダスマパーティ,8.0,7.0,田中洸多,54.0,,7.0,9.0,大井,2歳六,1:19.3,2.5,晴,8.0,10.0,大井,2歳五 六,1:17.9,2.6,曇,7.0,5.0,大井,2歳 選抜牝馬,1:19.2,4.1,曇,9.0,10.0,大井,2歳 新馬,1:19.4,6.8,晴,,,,,,,,27.0,10.0,,nar,2026-10-06,45.65,47.2,56.7,0.0,56.0,55.3,43.8,履歴少 / 市場オッズ妙味
202630100603,2026-10-06,3,ダンストンフォルテ,3.0,3.0,落合玄太,55.0,,4.0,4.0,門別,2歳未勝利,1:04.6,0.9,晴,2.0,1.0,門別,2歳未勝利,1:02.8,0.0,晴,2.0,2.0,門別,2歳未勝利,1:03.1,1.2,曇,5.0,2.0,門別,2歳未勝利,1:03.3,0.9,晴,7.0,3.0,門別,JRA認定競走フレッ(2歳),1:03.4,0.7,曇,1.9,1.0,,nar,2026-10-06,61.44,79.5,42.3,89.7,50.0,47.5,56.2,門別実績 / 履歴少 / 安定感
202630100603,2026-10-06,3,ツムギノワンワン,7.0,6.0,亀井洋司,55.0,,11.0,10.0,門別,2歳未勝利,1:05.6,2.4,晴,3.0,11.0,門別,2歳未勝利,1:02.8,1.3,晴,9.0,8.0,門別,2歳未勝利,1:05.4,3.8,雨,5.0,10.0,門別,2歳未勝利,1:04.1,1.3,晴,12.0,11.0,門別,北海道きたやさい賞(2歳),1:05.7,4.8,雨,39.9,9.0,,nar,2026-10-06,49.55,45.3,64.8,39.5,27.5,59.3,49.6,履歴少 / 市場オッズ妙味
202635100603,2026-10-06,3,ノーブルブロウ,7.0,6.0,山本聡紀,54.0,,8.0,5.0,水沢,3歳C1一組,1:32.4,3.0,晴,5.0,1.0,水沢,3歳C1二組,1:30.3,0.6,曇,1.0,1.0,盛岡,3歳C2四組,1:13.5,-0.3,曇,2.0,4.0,盛岡,3歳C2五組,1:13.9,0.7,晴,3.0,2.0,盛岡,3歳C2七組,1:14.8,0.2,曇,42.4,6.0,,nar,2026-10-06,53.18,72.2,38.0,69.6,18.5,52.4,59.5,盛岡実績 / 履歴少 / 安定感 / 市場オッズ妙味
202644100603,2026-10-06,3,ハコブネハルカゼ,6.0,6.0,矢野貴之,54.0,,6.0,5.0,大井,2歳 新馬,1:20.4,3.7,曇,,,,,,,,,,,,,,,,,,,,,,,,,,,,,4.2,1.0,,nar,2026-10-06,40.22,42.8,39.1,29.6,40.6,39.5,48.8,履歴少 / サンプル少
202630100603,2026-10-06,3,ハッピーデイ,5.0,5.0,小野楓馬,56.0,,9.0,7.0,門別,2歳未勝利,1:18.6,2.3,雨,6.0,10.0,門別,2歳未勝利,1:16.4,0.8,晴,6.0,4.0,門別,2歳未勝利,1:10.0,1.1,晴,11.0,8.0,門別,2歳未勝利,1:17.8,2.5,曇,6.0,6.0,門別,JRA認定競走フレッ(2歳),1:10.5,2.3,曇,5.6,3.0,,nar,2026-10-06,40.96,46.9,46.9,0.0,39.5,51.3,46.5,総合評価
202635100603,2026-10-06,3,ハミッツキャンディ,5.0,5.0,塚本涼人,56.0,,11.0,9.0,水沢,3歳C2二組,1:34.1,4.8,曇,11.0,9.0,水沢,3歳C2一組,1:34.8,5.7,曇,11.0,11.0,盛岡,3歳C2二組,1:31.1,6.3,雨,9.0,3.0,水沢,3歳C2三組,1:32.2,4.0,雨,4.0,5.0,水沢,3歳C1二組,1:33.0,1.0,曇,589.4,12.0,,nar,2026-10-06,33.52,28.1,36.9,10.3,36.5,45.1,48.8,履歴少
202630100603,2026-10-06,3,ビッグホープルーフ,1.0,1.0,石川倭,56.0,,7.0,8.0,門別,優駿の里サラブレッド(2歳),1:04.1,1.8,曇,8.0,5.0,門別,JRA認定競走フレッ(2歳),1:05.2,2.8,晴,,,,,,,,,,,,,,,,,,,,,,22.0,5.0,,nar,2026-10-06,41.75,44.6,42.4,18.0,48.8,48.1,43.2,履歴少 / サンプル少 / 市場オッズ妙味
202635100603,2026-10-06,3,ビームービー,3.0,3.0,高橋悠里,56.0,,8.0,4.0,水沢,C1,1:29.7,0.7,曇,4.0,7.0,盛岡,奥中山高原賞(C1),1:27.5,0.7,小雨,6.0,6.0,盛岡,C1,1:27.5,0.8,晴,5.0,3.0,水沢,C1,1:33.1,1.2,曇,3.0,7.0,水沢,C1,1:32.3,0.6,晴,43.3,7.0,,nar,2026-10-06,51.55,62.8,47.6,49.8,29.0,56.9,51.2,盛岡実績 / 履歴少 / 市場オッズ妙味
202646100603,2026-10-06,3,ピアレイジレディ,9.0,8.0,筒井勇介,55.0,,10.0,6.0,金沢,C15,1:35.2,3.5,晴,3.0,9.0,金沢,C15,1:33.2,2.3,雨,5.0,5.0,金沢,C16,1:34.4,1.0,晴,3.0,6.0,金沢,C16,1:42.5,1.1,曇,5.0,6.0,金沢,つばさ&ひかるバース(C1),1:33.8,0.8,曇,82.8,9.0,,nar,2026-10-06,54.47,62.2,55.7,69.6,14.0,57.4,56.2,金沢実績 / 履歴少 / 安定感
202630100603,2026-10-06,3,ピースオブノース,2.0,2.0,渡辺準己,53.0,,5.0,9.0,門別,2歳未勝利,1:04.4,1.2,晴,10.0,8.0,門別,2歳未勝利,1:11.3,3.2,晴,5.0,4.0,門別,JRA認定競走フレッ(2歳),1:11.5,2.1,晴,,,,,,,,,,,,,,,15.6,4.0,,nar,2026-10-06,56.49,54.7,54.8,50.2,65.0,62.8,54.0,門別実績 / 前走人気以上 / 履歴少 / 近走上向き
202635100603,2026-10-06,3,ファイヤサラマンダ,11.0,8.0,小林凌,56.0,,4.0,6.0,水沢,3歳C2二組,1:32.2,2.9,曇,11.0,7.0,水沢,3歳C2二組,1:34.3,3.8,曇,8.0,8.0,盛岡,3歳C2二組,1:27.3,2.5,雨,5.0,5.0,盛岡,3歳C2三組,1:27.5,1.7,晴,11.0,8.0,園田,C3,1:23.0,2.6,晴,110.5,10.0,,nar,2026-10-06,51.26,48.8,45.1,45.0,78.5,48.8,51.2,盛岡実績 / 履歴少 / 近走上向き
202646100603,2026-10-06,3,フィエールガール,4.0,4.0,吉田晃浩,55.0,,5.0,5.0,金沢,C16,1:41.2,0.9,晴,10.0,8.0,金沢,C14,1:35.1,2.7,曇,9.0,9.0,金沢,C12,1:43.4,3.4,曇,1.0,4.0,金沢,C23,1:41.0,-0.1,曇,2.0,5.0,金沢,C24,1:35.9,0.0,晴,94.5,10.0,,nar,2026-10-06,55.04,58.9,51.7,55.3,53.0,56.1,52.9,金沢実績 / 履歴少
202635100603,2026-10-06,3,フィルモアテソーロ,1.0,1.0,関本玲花,54.0,,8.0,8.0,水沢,C2六組,1:32.6,3.6,小雨,8.0,9.0,水沢,C2六組,1:25.3,3.0,晴,6.0,6.0,水沢,C2五組,1:30.1,0.9,曇,5.0,6.0,水沢,C2五組,1:23.1,1.6,雨,11.0,12.0,盛岡,B1,1:14.2,1.9,曇,206.9,11.0,,nar,2026-10-06,46.09,48.2,53.5,14.6,47.0,53.5,48.8,履歴少
202644100603,2026-10-06,3,フェアリービリーヴ,7.0,7.0,千田洋,54.0,,7.0,9.0,大井,2歳 新馬,1:49.3,5.8,曇,,,,,,,,,,,,,,,,,,,,,,,,,,,,,14.6,8.0,,nar,2026-10-06,41.18,41.1,43.7,29.6,40.6,42.0,48.8,履歴少 / サンプル少
202644100603,2026-10-06,3,フェスティヴ,3.0,3.0,達城龍次,54.0,,5.0,5.0,大井,2歳 新馬,1:17.3,3.3,曇,,,,,,,,,,,,,,,,,,,,,,,,,,,,,4.6,2.0,,nar,2026-10-06,42.04,44.6,40.6,36.3,40.6,40.6,48.8,履歴少 / サンプル少
202647100603,2026-10-06,3,フロステリオン,7.0,7.0,加藤聡一,57.0,,5.0,5.0,笠松,アオラキ杯(3歳),1:33.4,3.3,曇,12.0,14.0,2新潟4,3歳未勝利,2:14.8,2.3,晴,15.0,14.0,2福島7,3歳未勝利,1:11.1,1.9,曇,13.0,13.0,1東京2,3歳未勝利,2:21.8,7.1,晴,10.0,10.0,1中山7,3歳未勝利,2:00.7,5.0,晴,3.8,2.0,,nar,2026-10-06,47.45,27.1,52.1,30.4,95.0,52.1,50.0,近走上向き
202646100603,2026-10-06,3,ベストベルシック,8.0,7.0,栗原大河,55.0,,1.0,1.0,金沢,C22,1:33.9,-0.3,曇,2.0,1.0,金沢,春日部「おれん家」1(C2),1:34.1,0.8,晴,8.0,5.0,金沢,能登復興支援山伏山賞(C2),1:35.4,2.5,曇,3.0,5.0,金沢,祝!雅也&里佳ブライ(C2),1:35.6,2.0,晴,6.0,6.0,金沢,C26,1:36.1,2.4,晴,16.2,3.0,,nar,2026-10-06,64.46,80.5,46.1,69.9,72.5,60.6,52.9,金沢実績 / 履歴少 / 近走上向き / 安定感
202635100603,2026-10-06,3,ホリーアン,2.0,2.0,山本政聡,54.0,,1.0,1.0,水沢,C2九組,1:24.9,-0.3,曇,6.0,8.0,盛岡,B1,1:46.5,1.7,曇,12.0,4.0,盛岡,B2,1:48.0,2.9,曇,5.0,2.0,盛岡,幽玄洞賞(C1),1:27.6,0.7,曇,15.0,13.0,1新潟5,4歳以上1勝クラス,1:23.5,1.6,晴,5.0,2.0,,nar,2026-10-06,54.76,57.6,37.9,45.0,100.0,49.7,51.6,クラス条件好転 / 近走上向き
202647100603,2026-10-06,3,ボッチョ,5.0,5.0,松本一心,55.0,,4.0,2.0,笠松,一誠、卒業おめでとう(3歳),1:33.3,3.2,曇,6.0,4.0,笠松,お母さん誕生日おめで(3歳),1:35.6,4.1,曇,11.0,14.0,3阪神6,3歳未勝利,2:30.0,2.4,晴,12.0,11.0,3京都11,3歳未勝利,2:27.5,2.2,晴,12.0,9.0,3京都8,3歳未勝利,1:56.4,1.4,晴,8.1,5.0,,nar,2026-10-06,49.35,45.0,43.2,30.4,87.5,50.8,51.2,笠松実績 / 履歴少 / 近走上向き
202635100603,2026-10-06,3,マイネルヒッツェ,10.0,7.0,村上忍,56.0,,5.0,6.0,水沢,C2六組,1:30.9,1.9,小雨,7.0,6.0,水沢,C2六組,1:25.0,2.7,晴,7.0,9.0,水沢,C2五組,1:30.1,0.9,曇,6.0,7.0,水沢,C2五組,1:23.8,2.3,雨,11.0,10.0,盛岡,リギル賞(C1),1:28.4,2.0,曇,70.8,8.0,,nar,2026-10-06,52.2,54.7,53.4,30.4,66.5,53.9,48.8,履歴少 / 近走上向き
202646100603,2026-10-06,3,マオノブリージー,6.0,6.0,甲賀弘隆,55.0,,2.0,5.0,金沢,C16,1:33.7,0.3,雨,6.0,2.0,金沢,C15,1:34.6,0.4,曇,2.0,4.0,金沢,葛山晃平騎手ラストデ(C1),1:39.8,0.2,曇,4.0,6.0,金沢,オオタアキラ引退送別(C2),1:41.8,1.0,曇,4.0,3.0,金沢,C22,1:42.5,0.5,曇,65.0,7.0,,nar,2026-10-06,64.99,80.0,53.5,75.1,62.0,54.8,56.2,金沢実績 / 前走人気以上 / 履歴少 / 安定感
202635100603,2026-10-06,3,マツリダシリウス,9.0,7.0,岩本怜,56.0,,3.0,1.0,水沢,3歳C2一組,1:31.0,1.9,曇,4.0,4.0,盛岡,3歳C2二組,1:25.6,0.8,雨,2.0,2.0,盛岡,3歳C2四組,1:13.8,0.3,曇,9.0,9.0,1函館8,3歳未勝利,1:49.0,2.1,曇,12.0,11.0,1函館3,3歳未勝利,1:48.2,1.5,曇,5.8,3.0,,nar,2026-10-06,61.29,69.1,45.0,75.1,72.5,55.5,56.4,盛岡実績 / 近走上向き / 安定感
202644100603,2026-10-06,3,ムサシペニー,5.0,5.0,野畑凌,54.0,,5.0,7.0,大井,2歳 新馬,1:18.7,4.8,曇,,,,,,,,,,,,,,,,,,,,,,,,,,,,,5.1,3.0,,nar,2026-10-06,42.97,44.6,43.7,36.3,40.6,42.0,48.8,履歴少 / サンプル少
202647100603,2026-10-06,3,モナート,3.0,3.0,細川智史,55.0,,6.0,6.0,笠松,好きです笠松競馬(3歳),1:33.8,3.7,曇,10.0,8.0,笠松,3歳6組,1:35.0,2.8,曇,8.0,3.0,名古屋,3歳8組,1:34.0,1.5,曇,6.0,2.0,名古屋,3歳5組,1:40.2,2.1,曇,5.0,9.0,名古屋,3歳6組,1:38.7,1.4,晴,31.0,7.0,,nar,2026-10-06,42.41,49.7,38.4,10.3,57.5,48.3,43.8,履歴少 / 市場オッズ妙味
202644100603,2026-10-06,3,ユウユウザローズ,10.0,8.0,杉山海波,51.0,,9.0,10.0,大井,2歳六,1:19.5,2.7,晴,9.0,6.0,大井,2歳五 六,1:18.1,2.8,曇,9.0,4.0,大井,2歳 選抜牝馬,1:20.8,5.7,曇,8.0,6.0,大井,2歳三,1:18.9,3.7,晴,8.0,10.0,大井,2歳一,1:31.5,3.2,曇,14.9,9.0,,nar,2026-10-06,36.97,38.0,39.4,0.0,47.0,49.0,43.8,履歴少 / 市場オッズ妙味
202630100603,2026-10-06,3,リコークックー,9.0,7.0,岩橋勇二,55.0,,12.0,7.0,門別,2歳未勝利,1:07.6,3.9,晴,9.0,6.0,門別,優駿の里サラブレッド(2歳),1:04.5,2.2,曇,9.0,10.0,門別,JRA認定競走フレッ(2歳),1:03.8,2.3,晴,,,,,,,,,,,,,,,44.3,10.0,,nar,2026-10-06,29.12,26.3,30.7,0.0,32.0,44.1,43.8,履歴少
202646100603,2026-10-06,3,ルルーディ,7.0,7.0,田知弘久,55.0,,11.0,10.0,金沢,C15,1:35.2,3.5,晴,4.0,3.0,金沢,友朗&杏奈ハッピーウ(C1),1:40.9,0.1,雨,4.0,6.0,金沢,C16,1:34.4,1.0,晴,7.0,9.0,金沢,睦斗小学校入学&紬ほ(C1),1:36.6,3.4,曇,,,金沢,C14,,,雨,75.6,8.0,,nar,2026-10-06,47.0,53.1,51.0,44.7,14.0,55.1,51.2,金沢実績 / 履歴少
202646100603,2026-10-06,3,ロット,1.0,1.0,望月洵輝,55.0,,1.0,1.0,金沢,りょうへい&ゆきの結(3歳),1:31.6,-0.4,雨,2.0,3.0,金沢,レッドスピネル特別(3歳),0:56.0,0.8,晴,4.0,9.0,2東京8,3歳未勝利,1:40.2,1.5,晴,4.0,11.0,2東京1,3歳未勝利,1:40.3,1.3,曇,8.0,10.0,3中山5,3歳未勝利,1:56.7,3.4,晴,1.0,1.0,,nar,2026-10-06,73.55,84.0,67.3,89.7,71.0,59.8,62.5,金沢実績 / クラス条件好転 / 履歴少 / 人気以上に走る傾向
202630100604,2026-10-06,4,アイネイアス,10.0,7.0,落合玄太,57.0,,,,,,,,,,,,,,,,,,,,,,,,,,,,,,,,,,,,,3.4,2.0,,nar,2026-10-06,36.0,35.0,35.0,35.0,35.0,35.0,45.0,履歴少
202646100604,2026-10-06,4,アイルシャンス,8.0,7.0,沖静男,55.0,,4.0,3.0,金沢,C16,1:41.0,0.7,晴,7.0,9.0,金沢,楽天競馬で馬券を買お(C1),1:40.6,1.1,曇,3.0,3.0,金沢,C16,1:33.9,0.5,晴,4.0,5.0,金沢,C15,1:34.5,0.3,曇,,,金沢,C14,,,雨,68.1,6.0,,nar,2026-10-06,60.04,71.1,52.7,64.7,54.0,55.1,55.3,金沢実績 / 履歴少 / 安定感
202646100604,2026-10-06,4,アスマスティーブ,6.0,6.0,服部大地,57.0,,5.0,4.0,盛岡,C2七組,1:14.3,0.5,小雨,5.0,5.0,盛岡,C2六組,1:13.9,0.6,雨,4.0,6.0,盛岡,C2七組,1:14.0,2.2,晴,6.0,5.0,水沢,C2七組,1:23.3,0.8,雨,5.0,3.0,水沢,C2六組,1:31.1,1.1,雨,37.8,5.0,,nar,2026-10-06,59.54,68.4,48.2,85.4,50.0,55.0,48.8,履歴少 / 安定感 / 市場オッズ妙味
202635100604,2026-10-06,4,アルティマローネ,3.0,3.0,菅原辰徳,54.0,,7.0,9.0,3新潟3,3歳未勝利,2:17.0,0.7,小雨,7.0,2.0,2新潟8,3歳未勝利,2:26.8,1.4,晴,2.0,8.0,2福島3,3歳未勝利,2:00.0,0.0,晴,8.0,6.0,1福島3,3歳未勝利,2:00.5,0.8,晴,5.0,7.0,1中山9,3歳新馬,2:03.9,0.5,晴,6.2,2.0,,nar,2026-10-06,51.3,60.4,53.2,30.1,41.0,57.8,50.0,前走人気以上
202635100604,2026-10-06,4,アルデムラータ,1.0,1.0,小林凌,54.0,,7.0,8.0,水沢,C2五組,1:24.7,1.3,晴,8.0,7.0,水沢,C2四組,1:29.9,1.7,曇,4.0,9.0,水沢,C2五組,1:23.1,1.6,雨,7.0,8.0,盛岡,C2六組,1:15.2,2.3,雨,5.0,4.0,盛岡,C2七組,1:14.9,1.1,曇,229.5,11.0,,nar,2026-10-06,51.45,56.4,57.6,30.1,44.0,55.9,51.2,盛岡実績 / 履歴少
202630100604,2026-10-06,4,アルマロザリオ,7.0,6.0,若杉朝飛,55.0,,7.0,7.0,門別,新ひだか町静内地酒・(C4),1:19.5,4.3,雨,11.0,9.0,門別,3歳以上C4ー3,1:17.8,3.6,曇,7.0,6.0,門別,チプサンケ賞(C4),1:18.5,2.2,晴,4.0,6.0,門別,3歳以上C4ー3,1:17.0,0.6,晴,6.0,3.0,門別,グランシャリオドリー(C4),1:04.7,1.1,雨,170.0,12.0,,nar,2026-10-06,43.57,48.4,45.0,14.6,50.0,49.0,46.3,履歴少
202630100604,2026-10-06,4,アンノウンヒーロー,2.0,2.0,宮内勇樹,57.0,,2.0,8.0,門別,3歳以上C4ー3,1:18.3,1.2,晴,5.0,8.0,門別,3歳以上C4ー3,1:17.0,0.9,曇,10.0,8.0,門別,3歳以上C4ー3,1:17.4,3.2,曇,5.0,7.0,門別,びらとり温泉ゆから賞(C4),1:17.4,0.8,晴,6.0,6.0,門別,3歳以上C4ー3,1:17.3,1.8,晴,25.2,8.0,,nar,2026-10-06,66.4,66.6,67.3,69.9,77.0,62.1,52.9,門別実績 / 前走人気以上 / 履歴少 / 人気以上に走る傾向
202644100604,2026-10-06,4,イケノギャルチャン,8.0,5.0,石川駿介,54.0,,4.0,2.0,大井,C3一 二,1:46.2,1.7,晴,3.0,6.0,大井,C3一 二,1:44.0,0.4,曇,3.0,5.0,大井,C3一 二,1:45.1,0.9,晴,4.0,3.0,大井,C3一 二,1:44.6,1.4,曇,1.0,5.0,大井,C3一 二,1:44.2,0.0,晴,5.7,2.0,,nar,2026-10-06,67.95,82.1,55.6,100.0,42.5,61.3,59.5,大井実績 / 履歴少 / 安定感
202646100604,2026-10-06,4,エコロドゥネス,4.0,4.0,中島龍也,57.0,,2.0,1.0,金沢,C17,1:34.1,0.2,晴,2.0,1.0,金沢,とし21歳おめでとう(C2),1:32.8,0.6,晴,9.0,4.0,高知,C3ー8,1:28.1,4.6,晴,2.0,2.0,高知,C3ー8,0:48.6,0.2,曇,3.0,2.0,高知,C3ー8,1:32.6,0.7,曇,3.0,2.0,,nar,2026-10-06,61.31,80.1,38.5,80.2,62.0,49.5,56.4,金沢実績 / 安定感
202630100604,2026-10-06,4,エンパイアドリーム,6.0,5.0,小野楓馬,55.0,,4.0,5.0,門別,3歳以上C4ー3,1:16.7,2.5,曇,6.0,7.0,門別,ホクレン「くるるの杜(C4),1:16.9,1.4,雨,,,,,,,,,,,,,,,,,,,,,,16.2,7.0,,nar,2026-10-06,51.1,55.8,49.4,34.7,52.1,57.8,51.2,門別実績 / 履歴少 / サンプル少 / 市場オッズ妙味
202630100604,2026-10-06,4,カインドオブユー,11.0,8.0,石川倭,57.0,,6.0,1.0,門別,3歳以上C4ー3,1:18.8,1.7,晴,4.0,3.0,門別,3歳以上C4ー3,1:16.9,0.8,曇,2.0,5.0,門別,3歳以上C4ー3,1:16.2,1.8,晴,2.0,5.0,門別,3歳以上C4ー3,1:16.1,0.1,晴,3.0,4.0,門別,3歳以上C4ー3,1:16.9,0.8,晴,9.2,4.0,,nar,2026-10-06,58.66,77.5,45.6,69.6,30.5,60.1,56.2,門別実績 / 履歴少 / 安定感
202635100604,2026-10-06,4,キタノインディ,2.0,2.0,阿部英俊,56.0,,4.0,2.0,水沢,C2五組,1:24.1,0.7,晴,5.0,2.0,水沢,C2四組,1:29.3,1.1,曇,1.0,2.0,盛岡,大船渡市観光物産協会(C1),1:26.8,-0.3,曇,6.0,7.0,門別,旭岳賞〔H3〕(重賞),1:45.8,5.7,雨,7.0,7.0,門別,新冠町軽種馬生産振興(A1),1:15.6,2.9,晴,17.3,5.0,,nar,2026-10-06,59.98,73.9,42.9,75.1,54.5,60.2,50.0,安定感 / 市場オッズ妙味
202646100604,2026-10-06,4,キングボールダー,2.0,2.0,平瀬城久,57.0,,7.0,10.0,金沢,サラブレッド大賞典(重賞),2:14.9,2.4,曇,4.0,2.0,金沢,夫婦岩特別(3歳),1:32.1,1.2,曇,1.0,1.0,金沢,星奈ちゃん1歳お誕生(3歳),1:32.1,-0.1,晴,1.0,1.0,金沢,祝!ゆっきー支店長就(3歳),1:39.5,-2.1,晴,1.0,1.0,金沢,3歳B 6,1:40.3,-0.5,曇,8.9,4.0,,nar,2026-10-06,59.35,79.4,52.9,69.6,18.5,60.0,54.5,金沢実績 / 前走人気以上 / 安定感
202646100604,2026-10-06,4,シャークシャイニー,7.0,7.0,吉田晃浩,57.0,,3.0,4.0,金沢,C15,1:33.0,1.3,晴,1.0,1.0,金沢,C18,1:33.9,0.0,雨,9.0,11.0,大井,サンパラソル賞(B3),1:29.1,3.1,曇,10.0,14.0,大井,六角坂賞競走(B3),1:13.8,1.4,晴,9.0,9.0,大井,B3六,1:14.5,2.2,曇,5.5,3.0,,nar,2026-10-06,62.76,65.4,59.0,55.3,75.5,61.8,59.5,金沢実績 / 履歴少 / 近走上向き
202647100604,2026-10-06,4,シュガームーン,6.0,6.0,深澤杏花,53.0,,6.0,5.0,笠松,3歳未勝利,0:51.7,1.6,曇,6.0,7.0,笠松,第4回よろしく頼む杯(3歳),1:34.8,3.0,曇,4.0,7.0,笠松,好きです笠松競馬(3歳),1:32.7,2.6,曇,7.0,6.0,笠松,祝!〜加藤正退職記念(3歳),1:34.9,5.1,晴,6.0,12.0,笠松,3歳6組,1:33.9,1.7,曇,83.9,7.0,,nar,2026-10-06,51.97,62.0,57.1,19.8,48.5,57.8,46.3,履歴少
202644100604,2026-10-06,4,スコッチキルト,1.0,1.0,藤本現暉,56.0,,1.0,2.0,大井,C3四 五六(C3五),1:44.7,-0.8,晴,6.0,3.0,大井,C3四 五,1:45.1,0.6,晴,1.0,2.0,大井,C3六 七,1:45.8,0.0,曇,4.0,4.0,大井,C3七 八,1:46.1,1.0,晴,10.0,7.0,大井,C3五 六,1:47.7,1.4,雨,8.5,5.0,,nar,2026-10-06,63.24,79.1,46.1,64.7,75.5,56.5,52.9,大井実績 / 履歴少 / 近走上向き / 安定感
202635100604,2026-10-06,4,スタープレイン,6.0,5.0,南郷家全,56.0,,2.0,3.0,水沢,3歳C2二組,1:31.0,1.7,曇,6.0,6.0,水沢,3歳C2二組,1:32.6,2.1,曇,3.0,5.0,盛岡,3歳C2三組,1:27.0,0.7,雨,3.0,6.0,名古屋,ハンブルグ疾風戦(3歳),0:57.3,0.1,晴,9.0,8.0,名古屋,名古屋モーニングフィ(3歳),1:38.1,1.8,曇,17.4,6.0,,nar,2026-10-06,65.01,75.5,57.2,64.7,69.5,65.4,48.8,履歴少 / 近走上向き / 安定感 / 過小評価傾向
202635100604,2026-10-06,4,ストームアイ,10.0,7.0,村上忍,54.0,,5.0,4.0,水沢,3歳C1一組,1:31.2,1.8,晴,2.0,3.0,水沢,3歳C1三組,1:29.8,0.8,曇,6.0,6.0,盛岡,3歳C2一組,1:27.3,0.7,雨,1.0,2.0,盛岡,3歳C2五組,1:14.1,-0.1,曇,2.0,2.0,盛岡,3歳C2七組,1:15.0,1.7,晴,15.1,4.0,,nar,2026-10-06,62.54,79.6,50.6,80.2,36.5,62.2,54.0,盛岡実績 / 履歴少 / 安定感 / 市場オッズ妙味
202630100604,2026-10-06,4,セイランクロフネ,9.0,7.0,小川悠汰,52.0,,,,門別,3歳以上C4ー3,,,晴,2.0,4.0,門別,3歳以上C4ー3,1:16.2,0.1,曇,4.0,6.0,門別,3歳以上C4ー3,1:16.7,2.3,晴,7.0,6.0,門別,3歳以上C4ー3,1:16.7,0.7,晴,3.0,5.0,門別,ほくれん丸賞(C4),1:03.1,1.0,雨,8.1,3.0,,nar,2026-10-06,64.98,77.9,59.6,55.0,66.0,63.0,55.3,門別実績 / 履歴少 / 近走上向き
202635100604,2026-10-06,4,タイセイギガース,7.0,6.0,高松亮,56.0,,1.0,2.0,水沢,花巻発コスメ・ハナハ(3歳C2),1:30.5,-0.1,曇,1.0,1.0,水沢,3歳C2七組,1:22.3,-0.9,小雨,14.0,18.0,2新潟6,3歳未勝利,1:09.6,0.8,晴,11.0,10.0,3中山4,3歳未勝利,1:12.9,1.8,曇,8.0,10.0,2中山5,3歳未勝利,1:13.3,1.5,晴,1.4,1.0,,nar,2026-10-06,62.18,62.8,58.1,55.3,95.0,55.3,48.8,履歴少 / 近走上向き
202644100604,2026-10-06,4,タイセイスパート,13.0,8.0,鷹見陸,56.0,,6.0,4.0,大井,C3一 二,1:46.5,2.0,晴,8.0,9.0,大井,C3一 二,1:15.6,1.1,曇,5.0,5.0,大井,C3三 四,1:15.4,1.9,雨,8.0,11.0,大井,C3四 五,1:15.2,1.0,晴,10.0,5.0,川崎,マイアミ賞(C2),1:35.6,3.1,晴,24.2,10.0,,nar,2026-10-06,47.54,52.0,46.9,19.8,60.5,52.8,47.1,履歴少 / 市場オッズ妙味
202647100604,2026-10-06,4,タイセイバウンス,5.0,5.0,渡辺竜也,57.0,,9.0,3.0,名古屋,名古屋チャレンジカッ(3歳),1:38.9,3.5,雨,12.0,6.0,3京都12,3歳未勝利,1:14.0,1.8,晴,,,,,,,,,,,,,,,,,,,,,,1.7,1.0,,nar,2026-10-06,33.15,31.9,22.4,18.0,55.4,36.9,48.8,履歴少 / サンプル少
202644100604,2026-10-06,4,テンポルバート,2.0,2.0,田中洸多,54.0,,12.0,3.0,大井,C3三 四五(C3四),1:48.5,2.9,曇,8.0,6.0,大井,C3 選抜牝馬,1:32.5,3.8,雨,3.0,5.0,大井,C3四 五,1:43.8,1.0,晴,2.0,9.0,大井,C3三 四,1:45.0,0.8,雨,7.0,7.0,大井,C3三 四,1:47.2,1.0,曇,24.2,9.0,,nar,2026-10-06,40.47,50.0,37.3,34.3,8.0,53.4,49.6,履歴少 / 市場オッズ妙味
202644100604,2026-10-06,4,ディフィラリー,7.0,5.0,瀬川将輝,56.0,,11.0,11.0,大井,C3一 二,1:48.0,3.5,晴,14.0,13.0,大井,C3一 二,1:16.6,2.1,曇,10.0,13.0,大井,C3一 二,1:15.3,1.5,晴,11.0,11.0,大井,C3二 三,1:15.5,1.3,晴,14.0,14.0,大井,C2八 九,1:46.3,3.5,曇,50.7,13.0,,nar,2026-10-06,35.23,14.5,52.4,0.0,57.5,52.2,43.8,履歴少
202646100604,2026-10-06,4,デルマニンフ,9.0,8.0,甲賀弘隆,55.0,,1.0,1.0,金沢,能登復興支援ツインブ(C2),1:32.3,-1.6,雨,10.0,7.0,川崎,日本刀賞(C1),1:37.9,1.6,晴,2.0,2.0,川崎,早涼賞(C1),1:31.8,0.6,晴,2.0,1.0,川崎,キャビア賞(C2),1:37.7,0.2,曇,2.0,3.0,川崎,ソルスティツィオ賞(C2),1:38.2,0.1,晴,1.8,1.0,,nar,2026-10-06,61.77,78.5,44.5,75.1,68.0,50.6,48.8,履歴少 / 近走上向き / 安定感
202630100604,2026-10-06,4,トムワールド,5.0,5.0,岩橋勇二,57.0,,3.0,9.0,門別,3歳以上C4ー3,1:18.3,1.2,晴,7.0,4.0,門別,3歳以上C4ー3,1:04.9,2.1,晴,5.0,3.0,門別,3歳以上C4ー3,1:03.9,0.5,曇,4.0,6.0,門別,3歳以上C4ー3,1:03.3,0.3,晴,6.0,6.0,門別,3歳以上C4ー3,1:04.0,1.3,晴,28.7,9.0,,nar,2026-10-06,62.03,69.2,56.8,64.7,65.0,58.2,52.9,門別実績 / 前走人気以上 / 履歴少 / 近走上向き
202644100604,2026-10-06,4,パンオショコラ,4.0,3.0,中村尚平,54.0,,4.0,5.0,大井,C3三 四五(C3四),1:46.4,0.8,曇,9.0,6.0,大井,C3三 四,1:16.2,2.1,曇,6.0,5.0,大井,C3三 四,1:45.2,1.0,雨,8.0,4.0,大井,C3四 五,1:44.6,1.8,晴,1.0,4.0,大井,C3三 四,1:44.2,-0.8,雨,8.9,6.0,,nar,2026-10-06,52.68,60.7,43.6,40.7,62.0,56.7,49.6,履歴少
202635100604,2026-10-06,4,ヒシタイカン,5.0,5.0,斉藤友香,52.0,,4.0,5.0,水沢,C2五組,1:30.4,0.9,小雨,1.0,4.0,水沢,C2八組,1:23.8,-0.2,晴,7.0,7.0,水沢,C2九組,1:24.3,1.7,曇,8.0,7.0,盛岡,B1二組,1:40.7,2.8,曇,9.0,8.0,盛岡,B1,1:38.8,2.0,晴,27.5,7.0,,nar,2026-10-06,59.21,68.4,55.6,55.3,63.5,57.6,43.8,履歴少 / 市場オッズ妙味
202646100604,2026-10-06,4,ピナーカ,1.0,1.0,米倉知,57.0,,7.0,7.0,金沢,C15,1:34.4,2.7,晴,5.0,5.0,金沢,C15,1:33.5,2.6,雨,5.0,3.0,金沢,C15,1:33.7,2.1,晴,5.0,6.0,金沢,睦斗小学校入学&紬ほ(C1),1:34.5,1.3,曇,,,金沢,だいきち不動産設立記(C1),,,雨,120.3,7.0,,nar,2026-10-06,53.64,62.6,48.1,59.3,38.0,52.7,55.3,金沢実績 / 履歴少
202646100604,2026-10-06,4,ピースマッチング,10.0,8.0,松戸政也,57.0,,8.0,5.0,金沢,C15,1:34.5,2.8,晴,5.0,1.0,金沢,友朗&杏奈ハッピーウ(C1),1:41.1,0.3,雨,3.0,6.0,金沢,C15,1:32.9,1.3,晴,9.0,3.0,金沢,C13,1:42.5,3.3,雨,9.0,11.0,園田,小野ひまわり特別B1,1:34.3,2.8,曇,185.8,10.0,,nar,2026-10-06,46.48,55.9,36.1,44.7,41.0,48.3,51.2,金沢実績 / 履歴少
202644100604,2026-10-06,4,ファインデイ,6.0,4.0,木澤奨,51.0,,3.0,5.0,大井,C3一 二,1:45.8,1.3,晴,6.0,9.0,大井,C3一 二,1:44.3,0.7,曇,4.0,10.0,大井,C3一 二,1:45.1,0.9,晴,11.0,9.0,大井,C3二 三,1:46.3,2.9,晴,6.0,5.0,大井,C2十 1112(C211),1:30.6,2.3,晴,9.0,7.0,,nar,2026-10-06,62.41,64.6,65.0,50.2,72.5,64.6,49.6,履歴少 / 人気以上に走る傾向 / 近走上向き
202644100604,2026-10-06,4,ブッコワース,3.0,3.0,江里口裕,56.0,,10.0,4.0,大井,C3三 四五(C3四),1:47.7,2.1,曇,4.0,4.0,大井,C3三 四,1:45.7,0.6,曇,7.0,7.0,大井,C3三 四,1:45.3,1.1,雨,2.0,5.0,大井,C3六 七,1:44.8,0.4,晴,6.0,1.0,大井,C3三 四,1:45.9,1.7,雨,36.7,11.0,,nar,2026-10-06,43.71,57.3,36.7,39.5,18.5,49.5,49.6,履歴少 / 市場オッズ妙味
202644100604,2026-10-06,4,ブラントンアロー,12.0,7.0,高橋優,53.0,,5.0,7.0,大井,C3一 二,1:46.2,1.7,晴,1.0,6.0,大井,C3三 四,1:45.1,-0.1,曇,2.0,6.0,大井,C3五 六,1:45.0,0.5,曇,9.0,8.0,大井,C3六 七,1:45.7,1.3,晴,4.0,8.0,大井,C3三 四,1:45.3,1.1,雨,14.7,8.0,,nar,2026-10-06,69.73,76.9,70.4,85.4,44.0,72.6,56.2,大井実績 / 履歴少 / 人気以上に走る傾向 / 安定感
202635100604,2026-10-06,4,ブリーゼプリマベラ,8.0,6.0,鈴木祐,54.0,,4.0,10.0,水沢,3歳C1一組,1:31.0,1.6,晴,4.0,4.0,水沢,3歳C1三組,1:30.6,1.6,曇,6.0,8.0,盛岡,3歳C2一組,1:27.3,1.1,晴,4.0,9.0,盛岡,3歳C2二組,1:26.3,0.6,曇,7.0,9.0,盛岡,紫波deエール5周年(3歳C2),1:27.9,1.0,曇,53.6,9.0,,nar,2026-10-06,66.13,70.4,72.1,69.9,57.5,63.2,49.8,前走人気以上 / 人気以上に走る傾向 / 安定感
202635100604,2026-10-06,4,ベラジオホープ,9.0,7.0,塚本涼人,56.0,,6.0,4.0,水沢,C2五組,1:24.6,1.2,晴,3.0,4.0,水沢,C2五組,1:29.3,0.1,曇,9.0,2.0,水沢,C2五組,1:24.5,3.0,雨,7.0,6.0,盛岡,B2,1:14.1,2.0,曇,12.0,9.0,盛岡,いわて北緯40度岩手(B2),1:01.7,1.8,晴,67.8,10.0,,nar,2026-10-06,44.64,55.1,34.6,24.9,60.5,44.8,43.8,履歴少
202630100604,2026-10-06,4,ベルンホンディエ,12.0,8.0,阿部龍,57.0,,,,門別,新ひだか町静内地酒・(C4),,,雨,8.0,11.0,門別,3歳以上C4ー3,1:17.3,3.1,曇,11.0,8.0,門別,ホクレン「くるるの杜(C4),1:18.7,3.2,雨,7.0,6.0,門別,3歳以上C4ー3,1:17.6,2.1,雨,3.0,6.0,門別,3歳条件未勝利,1:16.8,1.3,晴,33.0,11.0,,nar,2026-10-06,44.17,44.8,53.2,10.3,44.0,54.5,47.1,履歴少 / 市場オッズ妙味
202646100604,2026-10-06,4,ペダンクルアーチ,3.0,3.0,塚本征吾,57.0,,6.0,8.0,金沢,C15,1:34.3,2.6,晴,6.0,1.0,金沢,登志雄さん70歳お誕(C1),1:43.0,2.2,雨,8.0,8.0,金沢,C13,1:41.7,1.9,晴,9.0,10.0,金沢,超光速微粒子の可能性(C1),1:44.2,4.5,雨,11.0,10.0,金沢,能登復興支援高爪山賞(B2),1:34.3,2.5,曇,142.8,9.0,,nar,2026-10-06,43.9,49.2,45.8,0.0,65.0,49.6,43.8,履歴少 / 近走上向き
202647100604,2026-10-06,4,マウンテンドーター,2.0,2.0,細川智史,55.0,,,,笠松,いくぜ!地獄の釜十周(3歳),,,曇,3.0,3.0,笠松,りょうとくん誕生日お(3歳),1:34.0,0.5,曇,5.0,8.0,笠松,ななさん、ききさん卒(3歳),1:33.3,3.6,晴,14.0,14.0,2東京10,3歳1勝クラス,1:29.1,4.6,曇,15.0,16.0,2東京7,3歳未勝利,1:43.0,3.6,晴,9.0,5.0,,nar,2026-10-06,59.06,49.4,57.0,44.7,100.0,58.9,59.5,笠松実績 / 履歴少 / 近走上向き
202630100604,2026-10-06,4,マジーフレッシュ,1.0,1.0,松井伸也,57.0,,4.0,3.0,門別,3歳以上C4ー3,1:18.7,1.6,晴,,,,,,,,,,,,,,,,,,,,,,,,,,,,,12.5,5.0,,nar,2026-10-06,42.01,46.4,39.1,36.3,40.6,39.5,48.8,履歴少 / サンプル少
202635100604,2026-10-06,4,マニフィックブリエ,12.0,8.0,山本政聡,54.0,,9.0,2.0,水沢,C1,0:52.3,1.0,雨,3.0,5.0,盛岡,いつでもどこでも!楽(C1),1:14.3,0.3,曇,5.0,5.0,盛岡,C1,1:00.8,0.8,曇,5.0,9.0,盛岡,純米ニトロ7周年記念(C1),1:00.9,1.4,曇,6.0,9.0,盛岡,C1,1:15.0,1.4,曇,45.0,8.0,,nar,2026-10-06,51.48,61.4,44.9,59.3,24.5,57.6,54.0,盛岡実績 / 前走人気以上 / 市場オッズ妙味
202647100604,2026-10-06,4,マルキスト,4.0,4.0,森島貴之,55.0,,4.0,7.0,笠松,かずし☆えみこ結婚3(3歳),1:32.5,1.6,晴,4.0,5.0,笠松,大きく羽ばたけ!爽羽(3歳),1:34.6,2.6,曇,6.0,8.0,笠松,3歳5組,1:33.7,1.2,雨,5.0,8.0,笠松,第21回岡田みなも生(3歳),1:33.1,4.3,雨,7.0,9.0,笠松,3歳5組,1:35.1,4.2,晴,33.8,6.0,,nar,2026-10-06,64.71,69.2,65.4,69.9,59.0,63.4,52.9,笠松実績 / 前走人気以上 / 履歴少 / 人気以上に走る傾向
202635100604,2026-10-06,4,ミキノヒストリー,4.0,4.0,山本聡哉,54.0,,3.0,7.0,水沢,3歳C1一組,1:30.4,1.0,晴,8.0,6.0,水沢,3歳C1二組,1:31.4,1.7,曇,4.0,2.0,盛岡,3歳C2一組,1:26.9,0.7,晴,1.0,1.0,盛岡,3歳C2四組,1:13.5,-0.7,晴,2.0,3.0,盛岡,うまレター賞(3歳C2),1:14.2,0.1,曇,8.6,3.0,,nar,2026-10-06,63.76,75.6,53.0,75.1,54.5,59.8,59.5,盛岡実績 / 前走人気以上 / 履歴少 / 安定感
202644100604,2026-10-06,4,ミンナノブンモ,11.0,7.0,野畑凌,56.0,,7.0,2.0,大井,C3三 四五(C3四),1:31.6,2.1,曇,2.0,3.0,大井,C3三 四,1:45.2,0.1,曇,4.0,6.0,大井,C3三 四,1:44.7,0.5,雨,10.0,7.0,大井,C3四 五,1:44.7,1.9,晴,10.0,10.0,大井,C3一 二,1:15.5,1.0,曇,7.9,4.0,,nar,2026-10-06,50.53,60.7,40.8,44.7,47.0,55.5,49.6,履歴少
202630100604,2026-10-06,4,メイショウヤマフジ,8.0,6.0,服部茂史,55.0,,3.0,1.0,門別,3歳以上C4ー3,1:53.6,0.5,晴,3.0,2.0,門別,新ひだか町に新規就農(C4),1:47.6,0.8,雨,3.0,3.0,門別,3歳以上C4ー3,1:16.6,2.4,曇,,,,,,,,,,,,,,,2.7,1.0,,nar,2026-10-06,61.7,84.0,42.0,75.1,50.0,51.0,59.5,門別実績 / 履歴少 / 安定感
202630100604,2026-10-06,4,ヨキカナ,3.0,3.0,藤田凌駕,54.0,,8.0,5.0,門別,3歳以上C4ー3,1:17.8,1.7,曇,3.0,5.0,門別,びらとり温泉ゆから賞(C4),1:17.1,0.5,晴,6.0,7.0,門別,3歳以上C4ー3,1:55.4,1.7,晴,7.0,7.0,門別,3歳以上C4ー3,1:17.7,1.4,曇,8.0,4.0,門別,3歳以上C4ー3,1:05.2,2.9,曇,30.9,10.0,,nar,2026-10-06,46.74,58.3,45.6,24.9,38.0,52.1,46.3,履歴少 / 市場オッズ妙味
202644100604,2026-10-06,4,ラインストライカー,10.0,6.0,本村直樹,56.0,,13.0,14.0,大井,C3三 四五(C3四),1:48.6,3.0,曇,9.0,10.0,大井,C3三 四,1:47.0,1.9,曇,12.0,13.0,大井,C3三 四,1:47.1,2.9,雨,12.0,15.0,大井,C3一,2:01.5,4.7,晴,12.0,13.0,大井,C3三 四,1:47.7,3.5,雨,251.0,14.0,,nar,2026-10-06,35.41,15.6,59.0,0.0,39.5,55.5,43.8,履歴少
202646100604,2026-10-06,4,ラシェンテ,5.0,5.0,兼子千央,55.0,,6.0,8.0,金沢,C14,1:34.3,1.2,晴,4.0,6.0,金沢,C15,1:33.3,2.4,雨,7.0,5.0,金沢,C13,1:41.1,1.3,晴,2.0,8.0,金沢,C15,1:34.4,0.2,曇,,,金沢,C14,,,雨,129.5,8.0,,nar,2026-10-06,56.92,67.9,62.4,39.5,40.0,59.1,51.2,金沢実績 / 履歴少
202635100604,2026-10-06,4,ラヴレインブーケ,11.0,8.0,大坪慎,54.0,,7.0,11.0,水沢,3歳B2二組,1:31.4,1.7,晴,8.0,9.0,水沢,3歳C1一組,1:30.6,2.1,曇,9.0,9.0,盛岡,3歳C1二組,1:28.5,2.0,曇,8.0,9.0,盛岡,ポイントたまる!楽天(3歳C1),1:30.4,1.8,晴,9.0,10.0,盛岡,3歳C1二組,1:28.6,2.5,小雨,294.9,12.0,,nar,2026-10-06,46.52,44.0,62.0,0.0,59.0,56.1,43.8,前走人気以上 / 履歴少
202630100604,2026-10-06,4,リックスターク,4.0,4.0,黒澤愛斗,57.0,,2.0,5.0,門別,3歳以上C4ー3,1:15.9,0.4,晴,9.0,7.0,門別,新冠産駒応援賞(C4),1:04.9,1.8,曇,4.0,5.0,門別,HWB門別競馬場厩舎(C4),1:04.1,1.3,曇,2.0,3.0,門別,平取中応援ファンファ(C4),1:03.7,0.2,晴,5.0,7.0,門別,3歳以上C4ー3,1:04.0,0.6,曇,16.1,6.0,,nar,2026-10-06,65.79,72.4,56.7,75.1,68.0,65.1,56.2,門別実績 / 前走人気以上 / 履歴少 / 近走上向き
202647100604,2026-10-06,4,リベルタアーラ,1.0,1.0,東川慎,55.0,,5.0,1.0,笠松,いくぜ!地獄の釜十周(3歳),1:32.3,1.2,曇,3.0,7.0,笠松,お母さん誕生日おめで(3歳),1:32.5,1.0,曇,12.0,15.0,2新潟5,3歳未勝利,2:01.4,2.8,晴,10.0,14.0,1新潟2,3歳未勝利,2:03.1,0.7,晴,14.0,13.0,2中山4,3歳未勝利,2:00.8,2.9,晴,4.5,2.0,,nar,2026-10-06,56.98,48.1,56.0,55.3,78.5,57.7,59.5,笠松実績 / 履歴少 / 近走上向き
202644100604,2026-10-06,4,リュウグウノユメ,5.0,4.0,西優哉,51.0,,2.0,2.0,大井,C3三 四五(C3四),1:46.0,0.4,曇,6.0,2.0,大井,C3三 四,1:45.9,0.8,曇,3.0,2.0,大井,C3五 六,1:45.0,0.5,曇,3.0,3.0,大井,C3六 七,1:44.8,0.4,晴,5.0,8.0,大井,C3一 二,1:44.8,1.6,曇,4.3,1.0,,nar,2026-10-06,62.51,78.8,43.8,75.1,63.5,54.9,56.2,大井実績 / 履歴少 / 安定感
202647100604,2026-10-06,4,ルクリリ,7.0,7.0,赤津和希,55.0,,9.0,5.0,笠松,笠松マスターズ(C),1:35.6,3.7,晴,,,笠松,ここ!笠松!AZKi(C),,,曇,8.0,4.0,笠松,好きです笠松競馬(C),1:35.2,3.1,曇,7.0,6.0,笠松,C13組,1:36.0,1.6,晴,3.0,6.0,笠松,C19組,0:52.0,1.4,晴,248.1,8.0,,nar,2026-10-06,37.6,47.8,32.8,10.3,32.0,46.7,47.1,履歴少
202644100604,2026-10-06,4,ルネサンスクラブ,14.0,8.0,和田譲治,56.0,,10.0,3.0,大井,C3一 二,1:15.8,1.3,曇,6.0,4.0,大井,C3一 二,1:14.8,1.0,晴,3.0,6.0,大井,C3二 三,1:14.3,0.1,晴,4.0,5.0,大井,C212 1314(C213),1:16.1,0.9,曇,3.0,4.0,大井,3歳六 七,1:45.2,1.2,晴,6.6,3.0,,nar,2026-10-06,45.84,59.8,37.5,44.7,14.0,55.4,52.9,大井実績 / 履歴少
202647100604,2026-10-06,4,レインボーワールド,8.0,8.0,大原浩司,55.0,,16.0,16.0,3新潟3,3歳未勝利,2:04.3,1.7,曇,9.0,15.0,2福島3,3歳未勝利,1:48.8,1.6,曇,13.0,12.0,1福島5,3歳未勝利,1:50.8,3.1,晴,,,,,,,,,,,,,,,5.9,3.0,,nar,2026-10-06,33.98,13.0,62.1,0.0,20.0,57.4,50.0,前走人気以上
202644100604,2026-10-06,4,ロードオブキング,9.0,6.0,藤田凌,56.0,,8.0,10.0,大井,C3一 二,1:47.3,2.8,晴,9.0,7.0,大井,C3一 二,1:45.8,2.2,曇,9.0,7.0,大井,C3一 二,1:45.8,1.6,晴,12.0,6.0,大井,C3二 三,1:46.4,3.0,晴,,,大井,C2十 1112(C211),,,晴,40.4,12.0,,nar,2026-10-06,37.61,34.8,40.9,0.0,62.0,44.4,43.8,履歴少
202647100604,2026-10-06,4,ヴァルク,3.0,3.0,高木健,57.0,,12.0,14.0,3新潟4,3歳未勝利,1:59.1,3.7,曇,7.0,6.0,川崎,ジューンフラワー賞(3歳),1:39.2,2.1,晴,8.0,8.0,1新潟6,3歳未勝利,1:57.4,2.5,晴,8.0,12.0,2中山8,3歳未勝利,1:58.5,3.1,晴,7.0,13.0,2中山1,3歳未勝利,1:57.0,4.4,晴,7.9,4.0,,nar,2026-10-06,40.97,37.1,60.9,0.0,23.0,59.5,48.8,履歴少
202630100605,2026-10-06,5,アイリスト,12.0,8.0,小川悠汰,52.0,,7.0,6.0,門別,新冠産米「判官伝説」(C4),1:04.7,1.1,曇,8.0,8.0,門別,3歳以上C4ー3,1:05.3,3.1,雨,9.0,7.0,門別,3歳以上C4ー3,1:18.1,2.0,晴,11.0,11.0,門別,ゲッケイジュ特別(C4),1:18.0,2.3,曇,8.0,10.0,門別,グランシャリオドリー(C4),1:17.0,1.6,晴,68.7,11.0,,nar,2026-10-06,41.61,41.3,46.6,0.0,62.0,50.3,43.8,履歴少
202644100605,2026-10-06,5,アフリカンビート,5.0,5.0,藤本現暉,56.0,,2.0,3.0,大井,C3一 二,1:43.7,0.1,曇,5.0,8.0,大井,C3一 二,1:14.7,0.9,晴,5.0,7.0,大井,C3二 三,1:14.8,0.6,晴,3.0,4.0,大井,C2十 1112(C211),1:29.1,0.8,晴,7.0,4.0,大井,C212 1314(C213),1:30.9,1.9,曇,2.2,1.0,,nar,2026-10-06,67.8,76.0,59.0,89.7,68.0,56.0,56.2,大井実績 / 履歴少 / 近走上向き / 安定感
202635100605,2026-10-06,5,アラジンチャンス,10.0,7.0,佐々木志,54.0,,8.0,8.0,水沢,2歳,1:30.4,5.5,雨,6.0,7.0,盛岡,ファーストステップ2(2歳),1:06.4,4.0,曇,,,,,,,,,,,,,,,,,,,,,,113.3,11.0,,nar,2026-10-06,42.9,46.2,47.2,18.0,38.9,49.5,48.8,履歴少 / サンプル少
202635100605,2026-10-06,5,イズミル,9.0,7.0,山本聡哉,55.0,,14.0,12.0,4中山2,2歳新馬,1:41.8,5.0,雨,,,,,,,,,,,,,,,,,,,,,,,,,,,,,2.2,1.0,,nar,2026-10-06,36.0,29.6,37.6,29.6,40.6,38.4,48.8,履歴少 / サンプル少
202646100605,2026-10-06,5,ウインシャルマン,3.0,3.0,甲賀弘隆,57.0,,8.0,11.0,金沢,C14,1:34.4,1.3,晴,,,金沢,長江崚行爆誕2026(C1),,,晴,7.0,10.0,金沢,最高の推し!真白生誕(B2),1:42.4,2.7,晴,7.0,8.0,金沢,咲き誇れ!みこち8周(B2),1:42.5,3.7,曇,9.0,9.0,金沢,七尾祇園祭特別(C1),0:58.2,1.0,雨,124.1,10.0,,nar,2026-10-06,47.1,46.6,65.4,0.0,48.0,57.3,46.0,クラス条件好転 / 前走人気以上 / 履歴少 / 人気以上に走る傾向
202647100605,2026-10-06,5,ウインレゼルヴ,1.0,1.0,大原浩司,57.0,,7.0,8.0,笠松,月桂冠特別(A),1:30.0,1.5,曇,4.0,9.0,笠松,飛騨OP(A),2:08.2,1.6,晴,6.0,7.0,笠松,アジサイ特別(A),1:46.2,1.8,晴,9.0,11.0,佐賀,佐賀がばいスプリント(重賞),1:23.9,2.7,曇,10.0,10.0,佐賀,玄海灘特別,1:31.2,3.0,晴,35.6,8.0,,nar,2026-10-06,53.25,54.7,64.3,24.9,51.5,60.6,48.5,履歴少 / 市場オッズ妙味
202635100605,2026-10-06,5,ウェルドアヒード,7.0,6.0,鈴木祐,55.0,,6.0,2.0,水沢,2歳,1:26.4,1.5,雨,5.0,3.0,盛岡,ファーストステップ2(2歳),1:03.5,3.1,曇,,,,,,,,,,,,,,,,,,,,,,10.9,6.0,,nar,2026-10-06,43.54,53.0,33.6,31.7,42.2,49.3,48.8,履歴少 / サンプル少
202635100605,2026-10-06,5,エグゼクティブ,1.0,1.0,坂井瑛音,53.0,,6.0,10.0,水沢,2歳,1:28.5,2.9,晴,10.0,12.0,盛岡,2歳,1:17.8,2.3,晴,9.0,8.0,盛岡,2歳,1:19.1,4.0,曇,6.0,6.0,水沢,ファーストステップ2(2歳),0:53.4,2.7,晴,,,,,,,,154.0,12.0,,nar,2026-10-06,47.52,45.8,61.8,0.0,64.0,55.6,43.8,前走人気以上 / 履歴少
202646100605,2026-10-06,5,エコロセブン,2.0,2.0,吉田晃浩,57.0,,8.0,8.0,金沢,長江崚行爆誕2026(C1),1:47.1,8.3,晴,9.0,11.0,金沢,最高の推し!真白生誕(B2),1:44.2,4.5,晴,8.0,6.0,金沢,咲き誇れ!みこち8周(B2),1:43.4,4.6,曇,9.0,8.0,金沢,さわやかさやか賞(C1),1:45.8,7.0,曇,5.0,4.0,金沢,愛☆日本一のウマ男祝(C1特別),1:42.8,1.2,曇,90.9,9.0,,nar,2026-10-06,42.91,43.3,49.0,10.3,48.5,50.3,49.3,クラス条件好転 / 履歴少
202647100605,2026-10-06,5,エールミネルヴァ,8.0,8.0,加藤聡一,55.0,,3.0,3.0,笠松,B級サバイバル,1:31.3,0.6,晴,6.0,6.0,笠松,蛍光特別(B),1:31.7,1.9,晴,8.0,5.0,笠松,おりひめ特別(B),1:47.0,2.4,曇,8.0,4.0,笠松,飛騨川特別(A),2:02.9,3.0,晴,3.0,7.0,笠松,鵜匠特別(A),1:44.2,1.2,晴,15.6,6.0,,nar,2026-10-06,55.57,64.3,44.7,40.7,69.5,59.7,52.6,クラス条件好転 / 履歴少 / 近走上向き / 市場オッズ妙味
202644100605,2026-10-06,5,オルチャタ,1.0,1.0,西優哉,51.0,,10.0,12.0,大井,C3三 四五(C3四),1:34.3,4.8,曇,13.0,12.0,大井,C3三 四,1:17.8,3.7,曇,7.0,12.0,大井,C3 選抜牝馬,1:32.2,3.5,雨,13.0,14.0,大井,C3四 五,1:45.7,2.9,晴,11.0,8.0,大井,C2十 1112(C211),1:36.2,7.9,晴,320.3,10.0,,nar,2026-10-06,38.86,22.4,58.3,0.0,56.0,53.5,43.8,履歴少
202635100605,2026-10-06,5,オーラムブレイズ,11.0,8.0,高松亮,55.0,,6.0,10.0,門別,2歳未勝利,1:10.2,2.1,晴,9.0,10.0,門別,2歳未勝利,1:18.0,2.8,曇,7.0,5.0,門別,JRA認定競走フレッ(2歳),1:11.5,2.4,曇,,,,,,,,,,,,,,,4.8,2.0,,nar,2026-10-06,48.56,49.9,60.0,0.0,62.0,56.3,48.8,前走人気以上 / 履歴少
202646100605,2026-10-06,5,ガリバタ,6.0,6.0,吉原寛人,55.0,,7.0,9.0,金沢,3歳A 2,1:39.7,2.5,雨,6.0,6.0,金沢,夫婦岩特別(3歳),1:33.0,2.1,曇,9.0,9.0,金沢,石川門C(3歳),1:33.6,2.2,晴,1.0,8.0,金沢,3歳A 3,1:33.9,0.0,雨,4.0,6.0,金沢,3歳A 2,1:41.5,1.6,曇,6.5,4.0,,nar,2026-10-06,53.62,60.3,62.9,24.9,38.0,63.1,52.6,クラス条件好転 / 履歴少
202630100605,2026-10-06,5,クロームボーイ,10.0,7.0,岩橋勇二,57.0,,2.0,1.0,門別,3歳以上C4ー3,1:03.3,0.2,晴,2.0,2.0,門別,3歳以上C4ー3,1:03.4,0.6,晴,5.0,7.0,門別,3歳以上C4ー3,1:16.7,2.3,晴,7.0,3.0,門別,3歳以上C4ー3,1:50.2,3.6,晴,3.0,1.0,門別,グランシャリオドリー(C4),1:03.7,0.4,晴,3.5,2.0,,nar,2026-10-06,64.17,80.6,45.1,85.4,63.5,52.1,56.2,門別実績 / 履歴少 / 安定感
202647100605,2026-10-06,5,グランドライブ,2.0,2.0,森島貴之,55.0,,9.0,6.0,園田,ベゴニア賞C1,1:34.1,3.1,晴,8.0,6.0,園田,C1二,0:51.6,1.0,晴,7.0,2.0,園田,3歳AB,1:32.9,2.0,雨,7.0,2.0,盛岡,3歳B1一組,1:27.7,1.3,晴,6.0,2.0,水沢,あやめ賞(重賞),1:31.8,1.4,晴,14.9,5.0,,nar,2026-10-06,34.48,46.0,25.2,0.0,38.0,42.8,50.0,市場オッズ妙味
202630100605,2026-10-06,5,コンチムサシ,3.0,3.0,石川倭,57.0,,5.0,4.0,門別,ドーレくん賞(C4),1:03.7,0.8,晴,3.0,2.0,門別,新冠産米「判官伝説」(C4),1:04.1,0.5,曇,3.0,2.0,門別,アグリアクション20(C4),1:04.6,0.6,曇,3.0,1.0,門別,優駿の里安平町SRK(C4),1:03.4,0.4,晴,2.0,1.0,門別,3歳以上C4ー3,1:03.5,0.8,晴,7.1,4.0,,nar,2026-10-06,62.41,80.0,42.0,100.0,36.5,54.4,59.5,門別実績 / 履歴少 / 安定感
202646100605,2026-10-06,5,サヴォーカ,7.0,7.0,柴田勇真,55.0,,9.0,4.0,金沢,C14,1:34.9,1.8,晴,1.0,1.0,金沢,金沢競馬で目指せ初勝(C2),1:40.7,-0.5,晴,2.0,1.0,金沢,金沢競馬で目指せ初勝(C2),1:34.8,0.2,晴,2.0,3.0,金沢,C26,1:34.2,0.5,晴,2.0,4.0,金沢,都凪リリーデビュー2(C2),1:40.6,0.7,晴,5.8,3.0,,nar,2026-10-06,53.78,77.0,40.4,69.6,6.5,55.5,56.2,金沢実績 / 履歴少 / 安定感
202630100605,2026-10-06,5,シュヴァルツカッエ,9.0,7.0,松井伸也,57.0,,7.0,11.0,門別,3歳以上C4ー3,1:03.6,0.5,晴,9.0,9.0,門別,3歳以上C4ー3,1:06.5,3.7,晴,11.0,9.0,門別,3歳以上C4ー3,1:06.8,3.4,曇,7.0,6.0,門別,BTC賞(C4),1:05.4,2.1,晴,10.0,6.0,門別,3歳以上C4ー3,1:05.8,2.4,曇,32.3,9.0,,nar,2026-10-06,42.37,39.2,51.8,0.0,63.5,49.7,43.8,前走人気以上 / 履歴少
202644100605,2026-10-06,5,シームルグ,9.0,8.0,西啓太,54.0,,4.0,1.0,大井,C3三 四五(C3四),1:31.3,1.8,曇,2.0,1.0,大井,C3一 二三(C3二),1:30.4,0.5,晴,3.0,2.0,6京都5,2歳新馬,1:23.1,0.3,曇,,,,,,,,,,,,,,,2.6,2.0,,nar,2026-10-06,59.0,83.4,37.3,75.1,41.0,48.7,59.5,大井実績 / 履歴少 / 安定感
202630100605,2026-10-06,5,スグレタモノガイナ,8.0,6.0,桑村真明,57.0,,,,門別,3歳以上C4ー3,,,晴,5.0,4.0,門別,ほくれん丸賞(C4),1:03.4,1.3,雨,5.0,7.0,門別,グランシャリオドリー(C4),1:04.2,0.3,曇,7.0,3.0,門別,3歳以上C4ー3,1:04.4,2.5,晴,10.0,5.0,門別,ゲッケイジュ特別(C4),1:17.3,1.6,曇,28.3,8.0,,nar,2026-10-06,51.27,58.7,40.4,44.7,64.0,49.8,51.2,門別実績 / 履歴少 / 市場オッズ妙味
202647100605,2026-10-06,5,スマートテンペスト,7.0,7.0,高木健,57.0,,4.0,6.0,笠松,ヒガンバナ特別(B),1:31.7,1.2,晴,,,笠松,ひつじ雲特別(B),,,雨,2.0,8.0,笠松,残暑特別(B),1:45.3,0.2,晴,7.0,8.0,笠松,蛍火特別(B),1:45.4,2.4,晴,1.0,4.0,笠松,B3組,1:31.6,-0.1,晴,5.9,3.0,,nar,2026-10-06,66.85,78.9,71.0,60.5,46.0,67.3,55.3,笠松実績 / 履歴少 / 人気以上に走る傾向 / 安定感
202630100605,2026-10-06,5,セキテイビビ,1.0,1.0,落合玄太,55.0,,4.0,2.0,門別,3歳以上C4ー3,1:03.3,0.2,晴,2.0,1.0,門別,3歳以上C4ー3,1:03.8,0.1,晴,3.0,4.0,門別,3歳以上C4ー3,1:02.7,0.8,曇,7.0,2.0,門別,3歳以上C4ー3,1:04.4,1.3,晴,,,門別,3歳以上C4ー3,,,曇,3.0,1.0,,nar,2026-10-06,58.59,78.3,39.2,75.1,50.0,49.0,54.0,門別実績 / 安定感
202644100605,2026-10-06,5,ソニックサンライズ,10.0,8.0,中村尚平,54.0,,10.0,8.0,大井,C3一 二,1:47.7,3.2,晴,8.0,8.0,大井,C3一 二,1:45.2,1.6,曇,6.0,4.0,大井,C3一 二,1:45.5,1.3,晴,1.0,7.0,大井,C3六 七,1:44.4,-0.4,晴,9.0,13.0,大井,C3一 二,1:15.5,1.0,曇,25.6,5.0,,nar,2026-10-06,43.82,49.6,52.0,14.6,26.0,56.7,46.3,履歴少 / 市場オッズ妙味
202644100605,2026-10-06,5,ターンドルレーヴ,7.0,7.0,瀬川将輝,54.0,,14.0,12.0,大井,C213 1415(C214),1:22.2,7.6,晴,13.0,10.0,大井,C215 16,1:20.1,4.8,晴,13.0,8.0,大井,C216 17,1:17.8,3.8,晴,1.0,1.0,大井,3歳12 13,1:17.9,-0.5,曇,6.0,10.0,大井,2歳 新馬,1:16.1,1.3,晴,82.8,8.0,,nar,2026-10-06,29.9,22.6,36.5,14.6,15.5,47.0,46.3,履歴少
202646100605,2026-10-06,5,チョウノヨウニマウ,9.0,8.0,青柳正義,55.0,,2.0,2.0,金沢,C16,1:40.9,0.6,晴,2.0,4.0,金沢,スマホで投票!楽天競(C2),1:40.6,0.1,晴,6.0,4.0,金沢,C16,1:42.6,1.2,曇,3.0,7.0,金沢,つばさ&ひかるバース(C1),1:33.4,0.4,曇,6.0,4.0,金沢,小田島ゴールインカッ(C2),1:35.8,2.5,曇,5.0,2.0,,nar,2026-10-06,64.98,81.2,53.4,69.9,63.5,58.1,52.9,金沢実績 / 履歴少 / 安定感
202635100605,2026-10-06,5,ティガーカッツェ,8.0,6.0,高橋悠里,54.0,,4.0,7.0,水沢,2歳,1:27.6,2.0,晴,3.0,5.0,盛岡,2歳,1:17.1,2.0,曇,8.0,8.0,盛岡,ファーストステップ2(2歳),1:02.3,3.1,小雨,,,,,,,,,,,,,,,7.9,3.0,,nar,2026-10-06,62.65,70.2,63.1,55.3,59.0,64.2,51.2,盛岡実績 / 前走人気以上 / 履歴少
202635100605,2026-10-06,5,テンシノウィンク,6.0,5.0,山本聡紀,54.0,,7.0,6.0,水沢,2歳,1:27.5,2.6,雨,10.0,10.0,盛岡,2歳,1:20.7,5.7,曇,7.0,4.0,盛岡,ファーストステップ2(2歳),1:06.9,4.5,曇,,,,,,,,,,,,,,,85.6,10.0,,nar,2026-10-06,40.39,44.0,41.6,0.0,59.0,47.2,43.8,履歴少
202635100605,2026-10-06,5,デイジーサンデー,5.0,5.0,菅原辰徳,54.0,,4.0,1.0,盛岡,2歳,1:15.2,0.2,曇,4.0,3.0,盛岡,2歳,1:16.6,1.1,晴,7.0,5.0,門別,グランシャリオドリー(2歳),1:03.8,0.6,曇,9.0,9.0,門別,2歳未勝利,1:11.9,2.7,曇,7.0,7.0,門別,2歳未勝利,1:03.8,2.8,曇,11.4,7.0,,nar,2026-10-06,55.48,62.9,39.1,55.3,66.5,56.5,59.5,盛岡実績 / 履歴少 / 近走上向き
202635100605,2026-10-06,5,トゥーナエンジェル,3.0,3.0,斉藤友香,50.0,,7.0,6.0,水沢,2歳,1:29.2,3.6,晴,7.0,7.0,水沢,2歳,1:34.1,3.6,雨,6.0,8.0,盛岡,2歳,1:32.0,2.5,曇,8.0,8.0,盛岡,フューチャーステップ(2歳),1:41.9,2.4,曇,8.0,11.0,盛岡,若鮎賞(重賞),1:43.9,3.6,小雨,61.5,9.0,,nar,2026-10-06,45.41,51.6,52.8,0.0,51.5,55.2,43.8,履歴少
202630100605,2026-10-06,5,トモニミルホープ,6.0,5.0,亀井洋司,55.0,,6.0,8.0,門別,3歳以上C4ー3,1:03.5,0.4,晴,3.0,6.0,門別,3歳以上C4ー3,1:04.0,1.2,晴,2.0,5.0,門別,3歳以上C4ー3,1:03.7,0.3,曇,7.0,9.0,門別,3歳以上C4ー3,1:04.6,1.6,晴,5.0,9.0,門別,3歳以上C4ー3,1:04.2,0.6,雨,17.6,6.0,,nar,2026-10-06,63.22,72.0,68.6,55.0,39.5,71.3,52.9,門別実績 / 履歴少 / 人気以上に走る傾向 / 過小評価傾向
202647100605,2026-10-06,5,トレパーク,3.0,3.0,赤津和希,55.0,,3.0,4.0,笠松,B2組,1:31.0,0.1,晴,4.0,9.0,笠松,蛍火特別(B),1:44.8,1.8,晴,1.0,2.0,笠松,B4組,1:45.7,-0.6,晴,8.0,6.0,笠松,B3組,1:47.1,2.4,晴,6.0,6.0,笠松,風待月特別(AB),1:32.6,1.0,晴,23.5,7.0,,nar,2026-10-06,66.16,76.9,60.2,75.1,60.5,59.5,55.9,笠松実績 / クラス条件好転 / 履歴少 / 安定感
202647100605,2026-10-06,5,ナンヨーヴィヨレ,4.0,4.0,丸野勝虎,57.0,,7.0,7.0,笠松,秋彼岸特別(A),1:43.1,1.0,曇,2.0,5.0,笠松,コスモス特別(A),1:30.8,0.6,曇,8.0,9.0,笠松,秋嵐特別(A),1:46.2,2.3,曇,8.0,8.0,笠松,岐阜OP(A),2:00.7,2.2,晴,6.0,7.0,笠松,春光特別(A),2:08.5,2.6,曇,11.1,4.0,,nar,2026-10-06,52.0,60.0,57.3,24.9,44.0,60.9,46.3,履歴少
202646100605,2026-10-06,5,ハイムリヒカイザー,5.0,5.0,栗原大河,57.0,,4.0,11.0,金沢,C15,1:34.0,2.3,晴,9.0,10.0,金沢,楽天競馬で馬券を買お(C1),1:40.7,1.2,曇,5.0,6.0,金沢,なつみちゃん誕生日お(C1),1:34.6,1.9,晴,1.0,4.0,金沢,おめでとう!拓也くん(C2),1:41.6,-0.4,晴,4.0,9.0,金沢,能登復興支援福浦港賞(C2),1:34.8,0.9,晴,8.5,5.0,,nar,2026-10-06,67.94,68.0,74.7,75.1,54.5,70.2,56.2,金沢実績 / 前走人気以上 / 履歴少 / 人気以上に走る傾向
202644100605,2026-10-06,5,ヒタムキ,3.0,3.0,本村直樹,54.0,,13.0,14.0,大井,C3一 二,1:17.4,3.0,晴,15.0,10.0,大井,C3一 二,1:17.4,2.9,曇,11.0,8.0,大井,C3 選抜牝馬,1:34.1,5.4,雨,13.0,13.0,大井,C3二 三,1:48.4,5.0,晴,7.0,7.0,大井,C2十 1112(C211),1:31.2,2.9,晴,103.9,9.0,,nar,2026-10-06,28.33,11.1,39.3,0.0,41.0,46.4,43.8,履歴少
202647100605,2026-10-06,5,ヒルノブリスベン,6.0,6.0,明星晴大,57.0,,1.0,3.0,笠松,KPC10周年おめで(B),1:44.9,-1.7,晴,,,笠松,ひつじ雲特別(B),,,雨,5.0,1.0,笠松,B2組,1:32.1,0.6,晴,7.0,2.0,笠松,B2組,1:31.6,1.2,曇,2.0,3.0,笠松,水無月特別(B),1:46.6,1.2,晴,4.9,2.0,,nar,2026-10-06,61.91,81.1,42.5,60.5,72.0,51.9,58.3,笠松実績 / クラス条件好転 / 履歴少 / 近走上向き
202647100605,2026-10-06,5,ピンネシリ,5.0,5.0,渡辺竜也,57.0,,1.0,1.0,笠松,B3組,1:46.1,-0.9,曇,3.0,1.0,笠松,昇平・伽奈結婚おめで(B),1:30.5,0.5,晴,10.0,5.0,大井,わし座特別競走(C2),2:11.8,2.1,晴,5.0,5.0,大井,フロリダ賞(C1),1:43.7,1.6,晴,5.0,7.0,大井,C1八 九,1:43.6,0.7,曇,1.7,1.0,,nar,2026-10-06,62.38,73.8,41.0,80.2,78.5,49.0,59.5,笠松実績 / 履歴少 / 近走上向き / 安定感
202635100605,2026-10-06,5,ファミリーアイ,4.0,4.0,村上忍,55.0,,6.0,2.0,水沢,ファーストステップ2(2歳),0:53.8,2.5,晴,,,,,,,,,,,,,,,,,,,,,,,,,,,,,9.9,5.0,,nar,2026-10-06,38.65,42.8,34.5,29.6,40.6,36.2,48.8,履歴少 / サンプル少
202644100605,2026-10-06,5,フェアリーマイア,6.0,6.0,高橋優,51.0,,3.0,3.0,大井,C3三 四五(C3四),1:31.1,1.6,曇,4.0,3.0,大井,C3三 四,1:15.1,1.0,曇,3.0,8.0,大井,C3三 四,1:14.9,1.4,雨,9.0,9.0,大井,C3四 五,1:15.2,1.0,晴,1.0,6.0,大井,C3三 四,1:14.9,-0.7,曇,8.2,4.0,,nar,2026-10-06,67.41,76.7,58.8,85.4,57.5,64.8,56.2,大井実績 / 履歴少 / 安定感
202644100605,2026-10-06,5,ブラックレッド,8.0,7.0,和田譲治,56.0,,1.0,4.0,大井,C3三 四五(C3四),1:29.5,-0.3,曇,9.0,5.0,大井,C3五 六,1:16.6,1.6,曇,4.0,1.0,大井,C3三 四,1:47.0,0.8,曇,4.0,1.0,大井,C3四 五六(C3五),1:31.0,1.0,晴,8.0,5.0,大井,C3四 五,1:15.7,2.3,晴,6.6,3.0,,nar,2026-10-06,59.26,70.0,40.0,64.7,81.5,51.5,52.9,大井実績 / 前走人気以上 / 履歴少 / 近走上向き
202630100605,2026-10-06,5,ベニノジェネラル,11.0,8.0,若杉朝飛,57.0,,3.0,9.0,門別,3歳以上C4ー3,1:03.3,0.2,晴,4.0,5.0,門別,3歳以上C4ー3,1:04.2,1.4,晴,7.0,7.0,門別,3歳以上C4ー3,1:03.7,1.8,曇,2.0,4.0,門別,3歳以上C4ー3,1:03.4,0.3,晴,8.0,9.0,門別,ホクレン「くるるの杜(C4),1:17.6,2.1,雨,13.6,5.0,,nar,2026-10-06,67.23,72.7,67.3,69.9,63.5,67.6,52.5,門別実績 / 前走人気以上 / 人気以上に走る傾向 / 安定感
202646100605,2026-10-06,5,ポッドボレット,4.0,4.0,沖静男,57.0,,11.0,10.0,金沢,C14,1:35.1,2.0,晴,8.0,6.0,金沢,友朗&杏奈ハッピーウ(C1),1:42.1,1.3,雨,7.0,7.0,金沢,長江崚行爆誕2026(C1),1:44.1,5.3,晴,8.0,8.0,金沢,最高の推し!真白生誕(B2),1:43.6,3.9,晴,6.0,7.0,金沢,咲き誇れ!みこち8周(B2),1:41.3,2.5,曇,55.5,8.0,,nar,2026-10-06,36.63,39.9,45.1,0.0,27.5,49.6,43.8,履歴少
202644100605,2026-10-06,5,マキズシトイナ,2.0,2.0,高野誠毅,56.0,,8.0,11.0,大井,C3三 四,1:45.8,1.6,雨,9.0,6.0,大井,C3四 五,1:44.6,1.8,晴,6.0,7.0,大井,C3二 三,1:45.3,1.4,曇,7.0,8.0,大井,C3一 二三(C3二),1:47.8,2.5,晴,5.0,8.0,大井,C3二 三四(C3三),1:45.1,1.7,雨,33.3,7.0,,nar,2026-10-06,45.86,48.8,55.7,10.3,42.5,56.1,46.3,前走人気以上 / 履歴少 / 市場オッズ妙味
202630100605,2026-10-06,5,マジカルウィーク,2.0,2.0,黒澤愛斗,57.0,,9.0,10.0,門別,3歳以上C4ー3,1:03.8,0.7,晴,6.0,6.0,門別,3歳以上C4ー3,1:05.0,1.3,晴,6.0,6.0,門別,3歳以上C4ー3,1:03.7,1.8,曇,2.0,5.0,門別,3歳以上C4ー3,1:03.6,0.6,晴,5.0,9.0,門別,3歳以上C4ー3,1:03.6,0.7,曇,54.4,10.0,,nar,2026-10-06,49.31,58.2,58.1,24.9,24.5,57.8,50.5,総合評価
202646100605,2026-10-06,5,ミスキャサリン,10.0,8.0,浅野登生,52.0,,10.0,6.0,金沢,C14,1:35.1,2.0,晴,1.0,4.0,金沢,C17,1:40.4,-0.6,雨,7.0,6.0,金沢,C23,1:35.4,2.1,晴,1.0,5.0,金沢,琴音ちゃん20歳おめ(C2),1:34.6,-0.2,曇,9.0,5.0,金沢,C26,1:39.0,4.4,晴,9.4,6.0,,nar,2026-10-06,48.09,62.0,46.5,39.5,17.0,55.9,49.6,履歴少
202646100605,2026-10-06,5,ミスティックパワー,1.0,1.0,塚本征吾,57.0,,7.0,5.0,金沢,C14,1:34.4,1.3,晴,4.0,5.0,金沢,☆祝三十路☆小山光生(C1),1:40.7,0.3,雨,5.0,9.0,金沢,C13,1:40.8,1.0,晴,8.0,8.0,金沢,楽天ポイントが貯まる(C1C2),0:58.0,1.1,雨,10.0,12.0,金沢,能登復興支援高爪山賞(B2),1:34.0,2.2,曇,20.3,7.0,,nar,2026-10-06,53.65,57.5,54.5,44.7,48.5,59.5,49.6,履歴少 / 市場オッズ妙味
202630100605,2026-10-06,5,メーラヴェルデ,7.0,6.0,金山昇馬,55.0,,,,,,,,,,,,,,,,,,,,,,,,,,,,,,,,,,,,,5.3,3.0,,nar,2026-10-06,36.0,35.0,35.0,35.0,35.0,35.0,45.0,履歴少
202630100605,2026-10-06,5,ライプトラオム,5.0,5.0,服部茂史,57.0,,10.0,4.0,門別,3歳以上C4ー3,1:04.0,0.9,晴,5.0,3.0,門別,3歳以上C4ー3,1:04.4,1.6,晴,5.0,3.0,門別,3歳以上C4ー3,1:03.5,1.6,曇,2.0,2.0,門別,3歳以上C4ー3,1:03.1,0.1,晴,2.0,3.0,門別,3歳以上C4ー3,1:03.8,0.2,雨,18.0,7.0,,nar,2026-10-06,48.11,61.8,31.7,69.6,11.0,56.4,56.2,門別実績 / 履歴少 / 安定感 / 市場オッズ妙味
202644100605,2026-10-06,5,ラバテラジェーン,4.0,4.0,Ｆ．ゴン,54.0,,9.0,9.0,大井,C3三 四五(C3四),1:32.3,2.8,曇,9.0,12.0,大井,C3三 四,1:45.9,1.7,雨,12.0,8.0,大井,C3四 五,1:45.7,2.9,晴,5.0,6.0,大井,C2十 1112(C211),1:45.1,0.9,晴,6.0,12.0,大井,グラスホッパー賞(C213),1:45.9,1.9,曇,32.8,6.0,,nar,2026-10-06,43.41,38.4,55.1,14.6,44.0,55.6,46.3,履歴少
202635100605,2026-10-06,5,リュウノゴウワン,12.0,8.0,塚本涼人,55.0,,,,門別,2歳未勝利,,,晴,7.0,7.0,門別,2歳未勝利,1:55.2,2.5,曇,10.0,10.0,門別,2歳未勝利,1:56.5,2.9,晴,10.0,9.0,門別,2歳未勝利,1:57.2,3.7,曇,7.0,5.0,門別,2歳未勝利,1:55.8,2.4,晴,9.6,4.0,,nar,2026-10-06,41.85,40.2,46.5,0.0,62.0,50.1,50.0,総合評価
202646100605,2026-10-06,5,ルミナスフラックス,8.0,7.0,加藤翔馬,57.0,,2.0,2.0,金沢,C15,1:31.7,0.0,晴,10.0,4.0,佐賀,サガデーナイト競馬賞(C1),1:35.1,3.5,晴,4.0,2.0,佐賀,C1ー14組,1:31.9,1.1,晴,6.0,2.0,佐賀,AIパッカル賞(C1),1:32.6,1.2,曇,3.0,2.0,佐賀,こぐま座特選(C2),1:31.2,0.6,晴,2.4,1.0,,nar,2026-10-06,53.71,67.4,32.0,60.5,72.5,45.3,48.8,履歴少 / 近走上向き / 安定感
202630100605,2026-10-06,5,レアリゼアドリーム,4.0,4.0,渡辺準己,54.0,,10.0,10.0,門別,3歳以上C4ー3,1:18.8,2.8,晴,7.0,7.0,門別,3歳以上C4ー3,1:17.5,2.0,晴,9.0,10.0,門別,グランシャリオドリー(C4),1:05.2,1.9,晴,8.0,12.0,門別,3歳以上C4ー3,1:05.1,1.3,晴,11.0,9.0,門別,3歳以上C4ー3,1:06.0,3.7,曇,108.8,12.0,,nar,2026-10-06,40.22,37.1,54.0,0.0,42.5,52.9,43.8,履歴少
202635100605,2026-10-06,5,ロイヤルハート,2.0,2.0,小林凌,55.0,,5.0,5.0,盛岡,ファーストステップ2(2歳),1:03.7,2.4,晴,,,,,,,,,,,,,,,,,,,,,,,,,,,,,26.1,8.0,,nar,2026-10-06,42.04,44.6,40.6,36.3,40.6,40.6,48.8,履歴少 / サンプル少
202647100606,2026-10-06,6,アスタウイン,8.0,8.0,松本一心,55.0,,2.0,3.0,笠松,アオラキ杯(3歳),1:30.7,0.6,曇,16.0,13.0,2中京3,3歳未勝利,1:59.7,3.3,晴,6.0,7.0,園田,JRA交流三室山特別,2:07.3,2.1,曇,9.0,9.0,2京都2,3歳未勝利,1:58.6,2.7,晴,7.0,14.0,1京都3,3歳未勝利,1:56.6,1.8,晴,4.1,3.0,,nar,2026-10-06,55.02,50.4,53.3,30.4,95.0,58.4,48.8,履歴少 / 近走上向き
202647100606,2026-10-06,6,アスターシャウルス,4.0,4.0,,,,13.0,16.0,3阪神3,3歳未勝利,1:16.1,3.7,晴,11.0,17.0,2阪神3,3歳未勝利,1:22.8,1.2,小雨,13.0,16.0,1京都3,3歳未勝利,1:57.9,3.1,晴,10.0,16.0,3京都3,2歳新馬,1:22.2,2.0,曇,,,,,,,,,,,nar,2026-10-06,42.54,12.4,80.3,0.0,40.0,72.5,48.8,前走人気以上 / 履歴少 / 人気以上に走る傾向 / 過小評価傾向
202644100606,2026-10-06,6,アソス,8.0,6.0,谷内貫太,55.0,,8.0,11.0,大井,C3一 二,1:15.4,1.0,晴,11.0,9.0,大井,C3一 二,1:15.6,1.8,晴,10.0,9.0,大井,C3二 三,1:15.4,1.2,晴,4.0,6.0,大井,C2十 1112(C211),1:15.7,2.0,晴,10.0,3.0,大井,C212 1314(C213),1:32.1,3.1,曇,25.4,8.0,,nar,2026-10-06,41.94,37.9,48.5,14.6,54.5,48.4,46.3,前走人気以上 / 履歴少
202644100606,2026-10-06,6,イッツバッド,7.0,5.0,西優哉,51.0,,7.0,9.0,大井,C3一 二,1:15.4,1.0,晴,7.0,11.0,大井,C3一 二,1:15.4,0.9,曇,5.0,5.0,大井,C3 選抜牝馬,1:31.4,2.7,雨,9.0,8.0,大井,C3二 三,1:15.4,1.2,晴,2.0,3.0,大井,C3三 四,1:15.6,0.7,曇,32.7,9.0,,nar,2026-10-06,52.45,57.0,60.9,30.1,42.5,58.6,49.6,履歴少 / 市場オッズ妙味
202644100606,2026-10-06,6,ウイニングショット,2.0,2.0,横川怜央,56.0,,9.0,10.0,大井,C3一 二,1:16.2,1.8,晴,12.0,12.0,大井,C3一 二,1:16.0,1.5,曇,7.0,10.0,大井,C3一 二,1:14.9,1.1,晴,10.0,11.0,大井,C3二 三,1:45.3,1.9,晴,12.0,12.0,大井,C2八 九,1:46.2,3.4,曇,92.3,11.0,,nar,2026-10-06,40.88,29.5,57.3,0.0,57.5,54.2,43.8,履歴少
202635100606,2026-10-06,6,エマリオンレイ,3.0,3.0,大坪慎,54.0,,5.0,6.0,盛岡,B1,1:46.0,1.2,曇,7.0,6.0,盛岡,B2,1:46.5,1.4,曇,5.0,4.0,盛岡,OROターフ特別(OP),1:39.4,2.5,曇,10.0,7.0,盛岡,C1,1:29.9,3.0,曇,10.0,11.0,盛岡,碁石海岸賞(C1),1:43.2,4.3,曇,39.4,9.0,,nar,2026-10-06,53.07,54.0,46.7,50.2,68.0,54.3,49.6,履歴少 / 近走上向き / 市場オッズ妙味
202635100606,2026-10-06,6,エルプロフェッサー,9.0,8.0,岩本怜,54.0,,8.0,10.0,水沢,セプテンバーC(B2),2:10.3,5.3,晴,2.0,9.0,水沢,C2,0:51.5,0.9,雨,1.0,9.0,盛岡,B2,1:38.3,0.0,雨,7.0,6.0,盛岡,C2四組,1:16.0,3.0,晴,7.0,6.0,盛岡,OROターフ特別(OP),1:40.2,3.3,曇,25.8,8.0,,nar,2026-10-06,60.27,69.0,75.8,44.7,27.5,66.0,48.5,履歴少 / 人気以上に走る傾向 / 過小評価傾向 / 市場オッズ妙味
202630100606,2026-10-06,6,オオイシサクラ,7.0,6.0,阿部龍,55.0,,5.0,3.0,門別,スタンピーズ8周年記(C4),1:03.3,0.6,晴,6.0,5.0,門別,3歳以上C4ー2,1:03.2,1.0,曇,7.0,3.0,門別,3歳以上C4ー2,1:03.9,1.2,曇,9.0,2.0,門別,3歳以上C4ー2,1:03.9,2.0,曇,1.0,5.0,門別,3歳以上C4ー3,1:02.2,-1.1,雨,25.6,10.0,,nar,2026-10-06,48.78,61.5,34.2,40.7,54.5,49.8,49.6,履歴少 / 市場オッズ妙味
202635100606,2026-10-06,6,オレンジダンサー,1.0,1.0,鈴木祐,54.0,,11.0,10.0,盛岡,B1,1:49.0,4.2,曇,11.0,11.0,盛岡,夢・希望未来へ前進(B2),1:41.6,3.1,曇,8.0,9.0,金沢,B23,1:44.4,2.9,曇,7.0,9.0,金沢,B22,1:43.4,1.9,晴,9.0,9.0,金沢,3月22日はばんえい(B1),1:45.7,4.3,晴,210.3,10.0,,nar,2026-10-06,37.08,31.1,51.3,0.0,36.5,52.2,43.8,履歴少
202630100606,2026-10-06,6,カリンテラス,1.0,1.0,藤田凌駕,54.0,,7.0,11.0,門別,スタンピーズ8周年記(C4),1:03.3,0.6,晴,7.0,9.0,門別,鮭鮭鮭!石狩市三大秋(C4),1:03.7,1.4,晴,9.0,9.0,門別,3歳以上C4ー2,1:17.2,2.0,曇,8.0,9.0,門別,グランシャリオドリー(C4),1:17.0,1.3,晴,9.0,10.0,門別,グランシャリオドリー(C4),1:17.2,2.3,雨,90.4,11.0,,nar,2026-10-06,47.69,46.0,63.7,0.0,57.5,56.8,46.5,前走人気以上
202635100606,2026-10-06,6,カレンルシェルブル,5.0,5.0,菅原辰徳,56.0,,1.0,2.0,水沢,C2四組,1:30.5,0.0,小雨,11.0,9.0,高知,C2ー4,1:32.9,3.3,曇,5.0,5.0,高知,C2ー4,1:49.2,1.3,晴,9.0,6.0,高知,C2ー4,1:33.4,1.9,晴,4.0,6.0,高知,C2ー5,1:32.4,0.7,晴,11.6,4.0,,nar,2026-10-06,59.53,61.9,47.0,60.5,87.5,59.1,48.8,履歴少 / 近走上向き / 安定感
202646100606,2026-10-06,6,ギンザターゲット,8.0,7.0,米倉知,55.0,,5.0,9.0,金沢,C14,1:34.2,1.1,晴,3.0,2.0,金沢,☆祝三十路☆小山光生(C1),1:40.7,0.3,雨,9.0,7.0,金沢,C13,1:41.7,1.9,晴,,,金沢,超光速微粒子の可能性(C1),,,雨,9.0,5.0,金沢,能登復興支援高爪山賞(B2),1:33.8,2.0,曇,17.3,6.0,,nar,2026-10-06,57.06,61.4,51.3,55.3,62.0,59.7,51.2,金沢実績 / 前走人気以上 / 履歴少 / 市場オッズ妙味
202646100606,2026-10-06,6,クロユキ,3.0,3.0,栗原大河,55.0,,9.0,4.0,金沢,フォーラブえみ&こう(C1),1:41.5,1.4,曇,2.0,1.0,金沢,なつみちゃん誕生日お(C1),1:33.1,0.4,晴,4.0,1.0,金沢,C13,1:41.2,2.0,雨,13.0,12.0,2小倉1,3歳以上1勝クラス,1:46.3,2.4,曇,11.0,13.0,1福島3,4歳以上1勝クラス,1:10.6,1.4,晴,2.2,1.0,,nar,2026-10-06,44.99,51.5,33.9,44.7,41.0,48.2,54.0,金沢実績 / 履歴少
202646100606,2026-10-06,6,グッドラックスター,9.0,8.0,浅野登生,52.0,,7.0,7.0,金沢,フォーラブえみ&こう(C1),1:41.4,1.3,曇,4.0,6.0,金沢,芝柏42期生!朝の教(C1),1:33.7,0.1,曇,3.0,3.0,金沢,C13,1:40.2,0.4,晴,5.0,6.0,金沢,楽天ポイントが貯まる(C1C2),0:57.8,0.9,雨,5.0,7.0,金沢,お家でネット投票!楽(C1),1:32.8,2.3,雨,17.5,7.0,,nar,2026-10-06,59.7,68.3,56.0,69.6,33.5,65.4,56.2,金沢実績 / 履歴少 / 安定感 / 過小評価傾向
202646100606,2026-10-06,6,グレイトムーン,5.0,5.0,沖静男,57.0,,9.0,2.0,金沢,航ニ朗お誕生日おめで(B2),1:40.8,1.8,晴,3.0,1.0,金沢,最高の推し!真白生誕(B2),1:40.0,0.3,晴,6.0,1.0,金沢,としおゆうこ夫妻に感(B2),1:35.7,1.4,曇,1.0,2.0,金沢,C18,1:39.1,-2.4,雨,3.0,1.0,金沢,Win5愛好へそきり(C2),1:34.9,0.5,曇,9.0,3.0,,nar,2026-10-06,44.66,67.0,24.3,49.8,15.5,49.6,52.9,金沢実績 / 履歴少
202646100606,2026-10-06,6,コウエツ,2.0,2.0,筒井勇介,55.0,,8.0,12.0,金沢,フォーラブえみ&こう(C1),1:41.4,1.3,曇,5.0,4.0,金沢,このたん末脚爆裂記念(C1),1:42.0,3.2,曇,4.0,6.0,金沢,C13,1:40.3,0.5,晴,1.0,2.0,金沢,金沢競馬で目指せ初勝(C2),1:34.6,-0.2,晴,9.0,10.0,金沢,スマホで投票!楽天競(C2),1:35.0,3.4,晴,23.9,8.0,,nar,2026-10-06,57.11,63.6,61.3,59.3,30.5,60.9,52.9,金沢実績 / 前走人気以上 / 履歴少 / 市場オッズ妙味
202635100606,2026-10-06,6,ゴットリープ,6.0,6.0,南郷家全,56.0,,7.0,4.0,水沢,B2,1:30.9,1.0,晴,4.0,8.0,盛岡,C1,1:26.4,1.1,小雨,3.0,10.0,盛岡,B2,1:45.7,0.6,曇,6.0,5.0,盛岡,ストロベリーキャンド(C1),1:26.8,1.5,晴,5.0,7.0,盛岡,オッズパーク賞(C1),1:40.2,1.4,曇,19.6,6.0,,nar,2026-10-06,59.23,67.1,60.7,55.0,35.0,68.1,55.3,盛岡実績 / 履歴少 / 過小評価傾向 / 市場オッズ妙味
202644100606,2026-10-06,6,ゴッドモード,11.0,7.0,和田譲治,56.0,,11.0,9.0,大井,C3三 四五(C3四),1:47.9,2.3,曇,10.0,5.0,大井,C3三 四,1:47.1,2.0,曇,5.0,8.0,大井,C3三 四,1:45.1,0.9,雨,7.0,10.0,大井,C3四 五,1:44.6,1.8,晴,5.0,10.0,大井,C3四 五,1:45.0,0.5,晴,23.0,7.0,,nar,2026-10-06,42.1,41.1,47.9,30.1,24.5,54.3,49.6,履歴少
202647100606,2026-10-06,6,ゴルトミュンツェ,5.0,5.0,丸野勝虎,55.0,,4.0,3.0,笠松,いくぜ!地獄の釜十周(3歳),1:31.6,0.5,曇,5.0,8.0,笠松,りょうとくん誕生日お(3歳),1:34.9,1.4,曇,4.0,3.0,笠松,3歳11組,0:50.7,1.9,曇,7.0,7.0,笠松,ななさん、ききさん卒(3歳),1:33.8,4.1,晴,14.0,13.0,3阪神6,3歳未勝利,2:00.1,7.5,晴,47.5,9.0,,nar,2026-10-06,60.73,62.7,51.0,75.1,71.0,56.3,55.3,笠松実績 / 履歴少 / 近走上向き / 安定感
202635100606,2026-10-06,6,ゴールドハーディス,10.0,8.0,佐々木志,54.0,,3.0,7.0,水沢,B2,1:30.6,1.0,晴,4.0,6.0,水沢,ポルックス賞(C1),1:29.5,1.3,曇,7.0,6.0,盛岡,C1,1:27.5,1.4,晴,6.0,4.0,盛岡,スマホで投票!楽天競(C1),1:40.7,1.1,曇,7.0,3.0,盛岡,プルメリア賞(C1),1:40.7,1.4,曇,19.2,5.0,,nar,2026-10-06,60.45,68.9,55.7,55.3,68.0,61.6,43.8,前走人気以上 / 履歴少 / 近走上向き / 市場オッズ妙味
202646100606,2026-10-06,6,シナモンブルー,7.0,7.0,魚住謙心,55.0,,4.0,3.0,金沢,C14,1:33.9,0.8,晴,6.0,4.0,金沢,長江崚行爆誕2026(C1),1:40.6,1.8,晴,6.0,5.0,金沢,最高の推し!真白生誕(B2),1:40.7,1.0,晴,8.0,2.0,金沢,能登復興支援高爪山賞(B2),1:33.4,1.6,曇,5.0,2.0,金沢,さわやかさやか賞(C1),1:40.9,2.1,曇,16.4,5.0,,nar,2026-10-06,51.02,63.4,34.7,40.7,63.5,53.5,49.6,履歴少 / 市場オッズ妙味
202630100606,2026-10-06,6,シャンノヴァ,6.0,5.0,金山昇馬,55.0,,2.0,4.0,門別,スタンピーズ8周年記(C4),1:03.2,0.5,晴,5.0,8.0,門別,3歳以上C4ー2,1:03.2,1.0,曇,10.0,8.0,門別,3歳以上C4ー2,1:03.9,1.9,晴,1.0,2.0,門別,3歳以上C4ー3,1:03.1,-0.3,晴,3.0,4.0,門別,3歳以上C4ー3,1:03.6,0.2,曇,18.3,8.0,,nar,2026-10-06,67.31,73.7,58.5,80.2,66.5,67.2,56.2,門別実績 / 履歴少 / 近走上向き / 安定感
202630100606,2026-10-06,6,シュクルリー,8.0,6.0,宮内勇樹,55.0,,2.0,1.0,門別,3歳以上C4ー2,1:16.0,0.2,雨,9.0,11.0,2中京5,3歳未勝利,1:14.1,1.2,曇,4.0,5.0,園田,JRA交流笠形山特別,1:31.8,0.9,雨,10.0,13.0,3京都5,3歳未勝利,1:25.7,1.0,晴,12.0,7.0,1京都7,3歳未勝利,1:28.2,1.9,晴,1.9,1.0,,nar,2026-10-06,57.7,57.3,52.2,50.2,90.5,52.7,48.8,履歴少 / 近走上向き
202644100606,2026-10-06,6,ショウサンレックス,3.0,3.0,藤田凌,56.0,,5.0,5.0,大井,C3一 二,1:15.1,0.7,晴,5.0,6.0,大井,C3一 二,1:14.9,0.4,曇,8.0,5.0,大井,C3一 二,1:15.2,1.4,晴,6.0,2.0,大井,C3二 三,1:14.8,0.6,晴,2.0,4.0,大井,C3一 二,1:14.6,0.1,曇,5.9,3.0,,nar,2026-10-06,55.91,64.6,45.0,65.7,51.5,55.0,52.9,大井実績 / 履歴少 / 安定感
202644100606,2026-10-06,6,ショウナンマナ,13.0,8.0,中村尚平,54.0,,14.0,12.0,大井,C3一 二,1:18.7,4.3,晴,16.0,15.0,大井,C3一 二,1:18.5,4.0,曇,14.0,14.0,大井,C3一 二,1:18.2,4.4,晴,16.0,16.0,大井,C3二 三,1:17.6,3.4,晴,10.0,10.0,大井,C2十 1112(C211),1:34.2,5.9,晴,481.6,13.0,,nar,2026-10-06,28.6,2.9,44.0,0.0,50.0,49.0,43.8,履歴少
202630100606,2026-10-06,6,シルバーコムコム,11.0,8.0,服部茂史,55.0,,3.0,6.0,門別,スタンピーズ8周年記(C4),1:03.3,0.6,晴,7.0,10.0,門別,3歳以上C4ー2,1:03.2,1.2,晴,5.0,7.0,門別,3歳以上C4ー2,1:02.8,1.0,晴,8.0,5.0,門別,3歳以上C4ー2,1:03.4,1.4,曇,4.0,4.0,門別,3歳以上C4ー2,1:03.1,0.3,曇,16.1,7.0,,nar,2026-10-06,63.03,66.2,61.3,60.5,68.0,65.1,52.5,門別実績 / 前走人気以上 / 近走上向き / 安定感
202630100606,2026-10-06,6,シルバーライダー,9.0,7.0,石川倭,57.0,,5.0,1.0,門別,3歳以上C4ー2,1:04.2,1.0,晴,3.0,4.0,門別,3歳以上C4ー2,1:02.9,0.7,曇,9.0,5.0,門別,日高建設協会賞(C4),1:17.5,2.3,曇,7.0,7.0,門別,テッポウユリ特別(C4),1:46.6,1.7,晴,8.0,5.0,門別,グランシャリオドリー(C4),1:40.4,2.2,曇,7.7,2.0,,nar,2026-10-06,51.73,60.9,35.5,55.3,60.5,52.2,49.6,履歴少
202630100606,2026-10-06,6,ジャスパークロス,2.0,2.0,桑村真明,57.0,,12.0,4.0,門別,3歳以上C4ー2,1:54.7,2.5,晴,4.0,8.0,門別,新冠で新規就農の夢叶(C4),1:16.4,0.6,曇,9.0,2.0,門別,3歳以上C4ー2,1:18.0,1.8,曇,9.0,9.0,3東京4,2歳新馬,1:50.1,3.4,曇,,,,,,,,23.6,9.0,,nar,2026-10-06,34.09,39.0,28.0,24.9,22.0,42.7,48.5,履歴少
202630100606,2026-10-06,6,ジャックルージュ,10.0,7.0,若杉朝飛,57.0,,2.0,3.0,門別,3歳以上C4ー2,1:03.5,0.3,晴,4.0,5.0,門別,3歳以上C4ー2,1:02.7,0.4,曇,4.0,4.0,門別,アルーダ日高西部賞(C4),1:03.0,0.6,晴,4.0,11.0,門別,カセンソウ特別(C4),1:02.5,0.2,晴,8.0,9.0,門別,3歳以上C4ー2,1:02.9,0.9,曇,14.9,6.0,,nar,2026-10-06,70.42,77.6,61.7,89.7,68.0,68.0,54.5,門別実績 / 近走上向き / 安定感 / 過小評価傾向
202647100606,2026-10-06,6,スウェーバック,3.0,3.0,藤原幹生,55.0,,7.0,3.0,笠松,チャミーだぞ!祝え杯(3歳),1:33.3,2.7,曇,2.0,1.0,笠松,祝!!平林生誕30周(3歳),1:32.5,0.2,曇,6.0,2.0,笠松,87咲く玄ちゃん記念(3歳),1:33.3,1.9,曇,8.0,9.0,2新潟1,3歳未勝利,1:14.3,1.9,曇,9.0,8.0,3東京4,3歳未勝利,1:20.6,2.1,晴,20.8,7.0,,nar,2026-10-06,45.43,60.7,34.5,24.9,45.5,48.9,48.5,履歴少 / 市場オッズ妙味
202647100606,2026-10-06,6,スマートエトワール,9.0,8.0,加藤聡一,55.0,,11.0,7.0,3中京4,3歳未勝利,1:57.2,2.9,晴,8.0,9.0,2中京3,3歳未勝利,1:57.2,0.8,晴,7.0,9.0,1新潟6,3歳未勝利,1:56.5,0.9,晴,13.0,9.0,1京都8,3歳新馬,1:58.7,1.6,晴,,,,,,,,7.1,4.0,,nar,2026-10-06,34.96,31.1,41.0,0.0,40.0,48.1,48.8,履歴少
202635100606,2026-10-06,6,セレスチャルホープ,8.0,7.0,山本聡哉,54.0,,5.0,1.0,盛岡,C2四組,1:28.6,1.5,曇,7.0,2.0,盛岡,C2四組,1:30.2,2.5,曇,5.0,1.0,水沢,C1六組,1:29.0,1.4,曇,5.0,1.0,水沢,C1四組,1:28.9,0.8,曇,1.0,1.0,盛岡,C2三組,1:27.3,-0.3,晴,6.0,2.0,,nar,2026-10-06,50.97,67.3,23.1,75.1,47.0,46.6,54.0,盛岡実績 / 履歴少 / 安定感
202646100606,2026-10-06,6,ソラリゼーション,6.0,6.0,服部大地,55.0,,11.0,9.0,金沢,フォーラブえみ&こう(C1),1:41.7,1.6,曇,,,金沢,楽天競馬で馬券を買お(C1),,,曇,7.0,4.0,金沢,B25,1:35.2,2.9,晴,2.0,5.0,金沢,楽天競馬で馬券を買お(C1C2),0:56.8,0.5,曇,1.0,1.0,金沢,オオタアキラ引退送別(C2),1:40.8,-0.5,曇,24.6,9.0,,nar,2026-10-06,41.58,53.4,42.9,24.9,4.0,53.1,54.2,金沢実績 / クラス条件好転 / 履歴少 / 市場オッズ妙味
202646100606,2026-10-06,6,ダスオルケスタ,4.0,4.0,塚本征吾,55.0,,2.0,6.0,金沢,3歳A 2,1:38.5,1.3,雨,4.0,2.0,金沢,3歳A 2,1:34.1,0.7,晴,7.0,8.0,金沢,加賀片山津賞(3歳),1:40.2,2.3,晴,5.0,4.0,金沢,加賀九谷賞(3歳牝馬),1:39.7,1.0,曇,1.0,3.0,金沢,3歳A 3,1:32.8,-0.2,晴,3.4,2.0,,nar,2026-10-06,66.11,77.4,56.8,80.2,63.5,57.8,54.5,金沢実績 / 前走人気以上 / 安定感
202635100606,2026-10-06,6,ツキノワ,4.0,4.0,山本政聡,54.0,,8.0,8.0,盛岡,B2,1:39.4,1.1,雨,5.0,12.0,盛岡,B2,1:45.8,0.7,曇,9.0,11.0,盛岡,C1二組,1:39.5,0.7,曇,10.0,11.0,盛岡,オッズパーク賞(C1),1:42.3,3.5,曇,8.0,10.0,盛岡,C1,1:27.7,1.9,曇,20.0,7.0,,nar,2026-10-06,51.19,46.1,67.4,24.9,50.0,60.6,46.3,履歴少 / 人気以上に走る傾向 / 市場オッズ妙味
202635100606,2026-10-06,6,ディーンズリスター,7.0,7.0,村上忍,56.0,,7.0,7.0,3新潟3,3歳以上1勝クラス,2:15.3,1.9,曇,8.0,4.0,1新潟6,4歳以上1勝クラス,2:02.1,0.7,晴,6.0,2.0,1中京6,4歳以上1勝クラス,2:12.1,0.5,晴,3.0,8.0,1中京1,鶴舞特別(1勝クラス),2:11.9,0.5,晴,6.0,8.0,5中京6,3歳以上1勝クラス,1:36.2,0.4,雨,1.5,1.0,,nar,2026-10-06,45.37,57.1,44.0,14.6,42.5,50.6,48.8,履歴少
202630100606,2026-10-06,6,トーケンアーサー,5.0,5.0,亀井洋司,55.0,,3.0,4.0,門別,3歳以上C4ー2,1:03.8,0.6,晴,3.0,4.0,門別,鮭鮭鮭!石狩市三大秋(C4),1:02.9,0.6,晴,4.0,9.0,門別,3歳以上C4ー2,1:02.8,0.8,晴,7.0,6.0,門別,3歳以上C4ー2,1:02.9,1.1,晴,6.0,7.0,門別,3歳以上C4ー2,1:02.8,0.5,雨,12.4,5.0,,nar,2026-10-06,66.47,75.3,60.5,75.1,62.0,65.3,52.9,門別実績 / 履歴少 / 安定感 / 過小評価傾向
202644100606,2026-10-06,6,ナックリーガル,9.0,6.0,高橋昭平,56.0,,6.0,8.0,大井,C3一 二,1:15.4,1.0,晴,11.0,8.0,大井,C3一 二,1:15.8,1.3,曇,7.0,5.0,大井,C2十 1112(C211),1:45.4,1.7,晴,7.0,3.0,大井,C212 1314(C213),1:15.8,1.2,曇,5.0,3.0,大井,C211 1213(C212),1:15.4,0.6,晴,21.9,6.0,,nar,2026-10-06,42.77,48.1,40.7,10.3,59.0,47.0,46.3,履歴少 / 市場オッズ妙味
202630100606,2026-10-06,6,ニシノサーフ,12.0,8.0,落合玄太,55.0,,4.0,2.0,門別,3歳以上C4ー2,1:02.9,0.7,曇,5.0,5.0,門別,3歳以上C4ー2,1:02.8,0.8,晴,3.0,2.0,門別,3歳以上C4ー2,1:03.1,0.6,晴,5.0,3.0,門別,3歳以上C4ー2,1:02.4,0.4,曇,1.0,6.0,門別,グランシャリオドリー(C4),1:03.3,-0.4,晴,8.9,4.0,,nar,2026-10-06,64.45,76.9,45.9,100.0,47.0,59.3,59.5,門別実績 / 履歴少 / 安定感
202644100606,2026-10-06,6,ニチリン,5.0,4.0,笹川翼,54.0,,4.0,2.0,大井,C3一 二,1:15.0,0.6,晴,3.0,1.0,大井,C3一 二,1:14.8,0.3,曇,2.0,2.0,大井,C3一 二,1:14.3,0.5,晴,2.0,1.0,大井,C3四 五,1:14.4,0.2,晴,3.0,1.0,大井,C3一 二,1:14.6,0.1,曇,2.1,1.0,,nar,2026-10-06,62.83,84.3,39.8,100.0,41.0,48.6,59.5,大井実績 / 履歴少 / 安定感
202644100606,2026-10-06,6,ハナヒラク,6.0,5.0,西啓太,54.0,,2.0,3.0,大井,C3三 四五(C3四),1:16.1,0.0,曇,12.0,7.0,大井,C3三 四,1:16.1,2.6,雨,1.0,6.0,大井,C3六 七,1:15.1,-0.4,晴,3.0,5.0,大井,C3三 四,1:15.6,0.7,曇,7.0,9.0,大井,C3三 四,1:15.7,1.3,曇,6.2,4.0,,nar,2026-10-06,62.35,68.3,53.8,64.7,72.5,61.0,52.9,大井実績 / 履歴少 / 近走上向き / 安定感
202635100606,2026-10-06,6,ファームフレッシュ,2.0,2.0,関本玲花,52.0,,3.0,6.0,水沢,セプテンバーC(B2),2:05.7,0.7,晴,3.0,6.0,水沢,B2一組,1:42.4,1.2,曇,8.0,7.0,盛岡,B1,1:46.8,2.0,曇,8.0,11.0,盛岡,B1,1:38.8,2.0,晴,8.0,10.0,盛岡,B1,1:26.0,1.3,小雨,11.3,3.0,,nar,2026-10-06,63.13,66.1,64.7,55.3,72.5,66.8,43.8,前走人気以上 / 履歴少 / 近走上向き / 過小評価傾向
202644100606,2026-10-06,6,フィライングレース,1.0,1.0,鷹見陸,54.0,,2.0,7.0,大井,C3一 二,1:14.9,0.5,晴,10.0,4.0,大井,C212 1314(C213),1:18.0,2.8,曇,3.0,5.0,大井,C211 1213(C212),1:15.4,1.4,晴,4.0,4.0,大井,C212 1314(C213),1:15.8,1.9,曇,9.0,9.0,大井,C213 1415(C214),1:16.6,1.5,曇,5.5,2.0,,nar,2026-10-06,61.68,66.3,52.9,64.7,77.0,57.9,52.9,大井実績 / 前走人気以上 / 履歴少 / 近走上向き
202630100606,2026-10-06,6,フィールザクラウン,4.0,4.0,渡辺準己,54.0,,8.0,10.0,門別,スタンピーズ8周年記(C4),1:04.1,1.4,晴,9.0,6.0,門別,3歳以上C4ー2,1:03.5,1.2,曇,8.0,10.0,門別,あと1年全共北海道2(C4),1:03.3,1.0,曇,7.0,6.0,門別,3歳以上C4ー2,1:03.6,1.6,晴,6.0,5.0,門別,3歳以上C4ー2,1:03.6,1.1,曇,137.4,12.0,,nar,2026-10-06,41.71,44.8,50.0,0.0,47.0,50.9,43.8,履歴少
202647100606,2026-10-06,6,フォセットジェンヌ,6.0,6.0,馬渕繁治,55.0,,6.0,8.0,笠松,チャミーだぞ!祝え杯(3歳),1:32.7,2.1,曇,7.0,4.0,笠松,珈乃琲ノ樹5周年記念(3歳),1:35.2,4.0,曇,2.0,5.0,笠松,3歳11組,0:49.7,0.9,曇,9.0,4.0,笠松,ななさん、ききさん卒(3歳),1:34.9,5.2,晴,11.0,15.0,2福島1,3歳未勝利,1:49.4,1.5,晴,33.0,8.0,,nar,2026-10-06,49.84,56.7,51.0,19.8,57.5,55.4,47.1,履歴少 / 市場オッズ妙味
202644100606,2026-10-06,6,プレミアリッチ,12.0,8.0,松崎正泰,54.0,,10.0,12.0,大井,C3三 四五(C3四),1:18.5,2.4,曇,12.0,14.0,大井,C3三 四,1:16.9,2.8,曇,13.0,13.0,大井,C3三 四,1:17.6,4.1,雨,14.0,13.0,大井,C3四 五,1:46.7,3.9,晴,12.0,13.0,大井,C2十 1112(C211),1:17.0,3.3,晴,216.2,12.0,,nar,2026-10-06,37.43,13.5,57.4,0.0,66.5,53.5,43.8,履歴少 / 近走上向き
202646100606,2026-10-06,6,ベストイズアスク,1.0,1.0,兼子千央,55.0,,5.0,10.0,金沢,フォーラブえみ&こう(C1),1:40.8,0.7,曇,7.0,4.0,金沢,芝柏42期生!朝の教(C1),1:34.4,0.8,曇,4.0,6.0,金沢,長江崚行爆誕2026(C1),1:39.5,0.7,晴,3.0,6.0,金沢,超光速微粒子の可能性(C1),1:40.1,0.4,雨,4.0,10.0,金沢,お家でネット投票!楽(C1),1:32.8,2.3,雨,43.1,10.0,,nar,2026-10-06,64.32,68.8,65.6,75.1,47.0,64.8,56.2,金沢実績 / 前走人気以上 / 履歴少 / 人気以上に走る傾向
202644100606,2026-10-06,6,ベッティーナ,4.0,4.0,岡村健司,54.0,,9.0,8.0,大井,C3三 四五(C3四),1:47.3,1.7,曇,1.0,4.0,大井,C3五 六,1:45.1,-0.1,曇,7.0,11.0,大井,C3五 六,1:45.6,1.1,曇,15.0,13.0,大井,C3一,2:02.6,5.8,晴,11.0,11.0,大井,C3三 四,1:47.6,3.4,雨,64.0,10.0,,nar,2026-10-06,47.92,48.2,56.6,24.9,47.0,54.2,46.3,履歴少
202647100606,2026-10-06,6,ホウオウショパン,1.0,1.0,東川慎,57.0,,2.0,6.0,笠松,一誠、卒業おめでとう(3歳),1:31.5,1.4,曇,7.0,5.0,笠松,お母さん誕生日おめで(3歳),1:36.9,5.4,曇,9.0,7.0,1札幌2,3歳未勝利,1:53.0,6.6,晴,15.0,14.0,2福島6,3歳未勝利,2:04.8,4.3,小雨,,,,,,,,20.3,6.0,,nar,2026-10-06,55.67,53.6,51.4,30.4,100.0,53.9,51.5,笠松実績 / 前走人気以上 / 近走上向き / 市場オッズ妙味
202647100606,2026-10-06,6,マルカスマッシュ,7.0,7.0,阿部基嗣,56.0,,2.0,2.0,笠松,第4回よろしく頼む杯(3歳),1:32.9,1.1,曇,15.0,16.0,2中京4,3歳未勝利,1:15.8,2.8,晴,12.0,11.0,1新潟5,3歳未勝利,0:56.9,2.0,晴,14.0,15.0,2京都1,3歳未勝利,1:37.5,2.4,晴,10.0,10.0,1京都2,3歳新馬,1:15.8,2.3,晴,3.8,2.0,,nar,2026-10-06,49.46,33.2,51.4,30.4,100.0,52.1,48.8,履歴少 / 近走上向き
202644100606,2026-10-06,6,ミユンガー,10.0,7.0,達城龍次,56.0,,3.0,6.0,大井,C3三 四五(C3四),1:16.7,0.6,曇,11.0,5.0,大井,C3三 四,1:16.9,2.8,曇,4.0,4.0,大井,C3三 四,1:15.3,1.8,雨,12.0,10.0,大井,C3四 五,1:15.5,1.3,晴,9.0,5.0,大井,C2十 1112(C211),1:16.3,2.6,晴,14.5,5.0,,nar,2026-10-06,53.19,51.0,41.0,50.2,86.0,55.5,49.6,前走人気以上 / 履歴少 / 近走上向き / 市場オッズ妙味
202646100606,2026-10-06,6,ムムターズショコラ,10.0,8.0,松戸政也,55.0,,9.0,11.0,金沢,サラブレッド大賞典(重賞),2:14.9,2.4,曇,4.0,6.0,金沢,石川門C(3歳),1:32.4,1.0,晴,2.0,3.0,金沢,3歳A 2,1:33.9,0.5,晴,11.0,10.0,金沢,石川優駿(重賞),2:19.8,4.4,曇,2.0,3.0,金沢,3歳A 2,1:39.9,0.3,晴,9.2,4.0,,nar,2026-10-06,54.62,60.5,58.8,55.0,24.5,62.7,52.5,金沢実績
202630100606,2026-10-06,6,モウフブキ,3.0,3.0,小野楓馬,55.0,,5.0,1.0,門別,3歳以上C4ー2,1:03.8,0.5,晴,2.0,3.0,門別,みついし花だより賞(C4),1:02.1,0.1,雨,2.0,5.0,門別,3歳以上C4ー2,1:02.3,0.5,曇,7.0,3.0,門別,3歳以上C4ー2,1:03.1,0.8,雨,2.0,4.0,門別,3歳以上C4ー2,1:02.1,0.1,雨,8.5,3.0,,nar,2026-10-06,61.52,78.9,44.7,85.4,39.5,57.8,56.2,門別実績 / 履歴少 / 安定感
202647100606,2026-10-06,6,レジオンポレール,2.0,2.0,渡辺竜也,57.0,,11.0,5.0,2札幌2,3歳未勝利,1:48.8,2.4,晴,8.0,7.0,1函館2,3歳未勝利,2:00.8,1.2,晴,,,,,,,,,,,,,,,,,,,,,,2.2,1.0,,nar,2026-10-06,34.39,34.9,31.1,18.0,35.6,41.7,48.8,履歴少 / サンプル少
202646100607,2026-10-06,7,アンダーレ,1.0,1.0,栗原大河,57.0,,2.0,2.0,金沢,C14,1:33.1,0.0,晴,4.0,2.0,金沢,楽天競馬で馬券を買お(C1),1:40.3,0.8,曇,2.0,6.0,金沢,C13,1:40.3,1.1,雨,,,金沢,だいきち不動産設立記(C1),,,雨,4.0,3.0,金沢,ホップステップぴんみ(C1),1:40.7,1.2,曇,10.4,2.0,,nar,2026-10-06,67.95,85.4,51.5,85.4,58.0,60.8,59.5,金沢実績 / 履歴少 / 安定感
202635100607,2026-10-06,7,アンニンドウフ,10.0,7.0,佐々木志,56.0,,4.0,1.0,水沢,C2一組,1:29.9,1.7,曇,1.0,1.0,水沢,C2一組,1:28.3,-0.2,小雨,1.0,1.0,水沢,C2四組,1:27.0,-0.6,晴,1.0,1.0,盛岡,C2六組,1:12.9,-0.8,雨,11.0,9.0,大井,ハーレーダビッドソン(C1),1:16.0,4.0,晴,5.8,3.0,,nar,2026-10-06,62.63,84.4,42.2,89.7,47.0,54.2,48.8,履歴少 / 安定感
202647100607,2026-10-06,7,アーラ,7.0,7.0,向山牧,55.0,,4.0,8.0,笠松,悠大が好きすぎて滅!(3歳),1:32.9,2.3,晴,4.0,7.0,笠松,大空スバル登録者20(3歳),1:34.2,2.6,曇,8.0,8.0,笠松,あーちゃんハタチにな(3歳),1:33.9,3.5,晴,6.0,7.0,笠松,たんぷく88ベリベリ(3歳),1:33.5,5.1,曇,10.0,10.0,笠松,好きです笠松競馬(3歳),1:35.2,4.4,晴,28.9,7.0,,nar,2026-10-06,61.38,62.4,64.8,55.3,68.0,61.5,49.6,前走人気以上 / 履歴少 / 近走上向き / 市場オッズ妙味
202646100607,2026-10-06,7,インターシア,5.0,5.0,甲賀弘隆,57.0,,6.0,11.0,金沢,フォーラブえみ&こう(C1),1:41.3,1.2,曇,6.0,8.0,金沢,芝柏42期生!朝の教(C1),1:33.9,0.3,曇,7.0,9.0,金沢,航ニ朗お誕生日おめで(B2),1:40.5,1.5,晴,7.0,8.0,金沢,津田さんお疲れ様杯(B2),1:34.5,1.1,晴,4.0,4.0,金沢,咲き誇れ!みこち8周(B2),1:40.2,1.4,曇,57.9,9.0,,nar,2026-10-06,52.94,58.9,67.9,10.3,50.0,59.1,46.3,前走人気以上 / 履歴少 / 人気以上に走る傾向
202635100607,2026-10-06,7,インマイブラッド,11.0,8.0,鈴木祐,54.0,,6.0,10.0,川崎,C2一 二,1:34.3,2.7,雨,5.0,9.0,川崎,ナイル賞(C2),1:39.0,1.1,晴,10.0,8.0,川崎,雷鳴賞(C2),0:56.7,1.9,晴,4.0,9.0,浦和,特選(C2),1:30.2,0.9,曇,8.0,11.0,川崎,稲魂賞(C2),0:56.5,1.0,曇,21.7,9.0,,nar,2026-10-06,57.8,56.4,70.0,39.5,54.5,63.8,50.0,前走人気以上 / 人気以上に走る傾向 / 市場オッズ妙味
202644100607,2026-10-06,7,ウエノマルサンダー,1.0,1.0,本村直樹,56.0,,8.0,10.0,大井,ビジュー賞(C2),1:46.5,2.9,晴,12.0,13.0,大井,C2八 九十(C2九),1:46.2,2.2,曇,13.0,13.0,大井,C2六 七八(C2七),1:46.6,2.7,曇,11.0,13.0,大井,C2九 十,1:45.2,2.3,晴,13.0,12.0,大井,ディキ・ディキ賞(C2),1:16.7,1.7,曇,265.5,10.0,,nar,2026-10-06,40.42,20.5,57.3,0.0,75.5,53.5,43.8,履歴少 / 近走上向き
202646100607,2026-10-06,7,ウヌボレヤサン,6.0,6.0,青柳正義,57.0,,11.0,11.0,2札幌4,3歳以上1勝クラス,1:49.0,2.9,晴,11.0,13.0,2中山1,4歳以上1勝クラス,1:56.4,3.3,晴,12.0,14.0,1東京2,4歳以上1勝クラス,1:39.7,2.6,晴,15.0,11.0,5中京5,3歳以上1勝クラス,1:56.6,2.7,曇,6.0,12.0,5中京1,3歳以上1勝クラス,1:54.9,1.2,晴,1.3,1.0,,nar,2026-10-06,37.52,19.6,56.5,0.0,50.0,54.2,48.8,履歴少
202635100607,2026-10-06,7,ウワサノデコピン,5.0,5.0,岩本怜,56.0,,3.0,6.0,水沢,C2一組,1:29.5,1.3,曇,3.0,3.0,水沢,C2一組,1:29.8,0.9,晴,3.0,3.0,水沢,C2一組,1:29.2,0.9,小雨,1.0,2.0,水沢,C2二組,1:28.1,-0.1,晴,1.0,2.0,盛岡,リギル賞(C1),1:26.4,0.0,曇,21.4,8.0,,nar,2026-10-06,69.08,88.0,58.1,100.0,44.0,59.5,48.8,前走人気以上 / 履歴少 / 安定感 / 市場オッズ妙味
202635100607,2026-10-06,7,エクセレントマン,2.0,2.0,高橋悠里,56.0,,1.0,2.0,水沢,花巻から至高の音を!(C1),1:31.1,-0.1,曇,6.0,7.0,盛岡,C1三組,1:27.0,1.6,曇,1.0,1.0,盛岡,C1五組,1:27.3,-0.1,晴,3.0,2.0,盛岡,C1五組,1:27.5,0.8,曇,8.0,6.0,水沢,C1五組,1:29.4,1.6,曇,6.2,4.0,,nar,2026-10-06,64.95,81.9,51.4,64.7,71.0,57.1,54.0,盛岡実績 / 履歴少 / 近走上向き / 安定感
202630100607,2026-10-06,7,エンゲル,1.0,1.0,小川悠汰,52.0,,9.0,5.0,門別,3歳以上C4ー2,1:05.8,2.5,晴,12.0,4.0,門別,3歳以上C4ー2,1:05.0,2.7,曇,1.0,1.0,門別,3歳以上C4ー3,1:03.4,-0.3,曇,3.0,5.0,門別,3歳以上C4ー3,1:03.2,0.2,晴,3.0,4.0,門別,3歳以上C4ー3,1:03.8,0.2,雨,38.6,7.0,,nar,2026-10-06,43.22,54.6,30.3,44.7,24.5,50.5,52.9,門別実績 / 履歴少 / 市場オッズ妙味
202630100607,2026-10-06,7,オオイシテイオー,5.0,5.0,桑村真明,57.0,,1.0,5.0,門別,3歳以上C4ー3,1:03.1,-0.2,晴,4.0,5.0,門別,3歳以上C4ー3,1:04.2,0.5,晴,3.0,1.0,門別,HWB門別競馬場厩舎(C4),1:03.6,0.8,曇,4.0,3.0,門別,3歳以上C4ー3,1:03.2,0.3,曇,6.0,8.0,門別,3歳以上C4ー3,1:03.9,0.8,晴,12.5,4.0,,nar,2026-10-06,70.62,83.2,57.9,89.7,69.5,63.3,54.5,門別実績 / 前走人気以上 / 近走上向き / 安定感
202644100607,2026-10-06,7,キミオウ,7.0,7.0,吉井章,56.0,,2.0,5.0,大井,スティンガー賞(3歳),1:46.1,1.2,曇,10.0,10.0,大井,3歳六 七,1:15.8,2.4,曇,6.0,7.0,大井,3歳四 五六(3歳五),1:16.3,1.0,曇,1.0,5.0,大井,3歳13 14,1:16.5,-0.1,晴,8.0,5.0,大井,3歳11 12,1:18.0,2.9,晴,11.4,4.0,,nar,2026-10-06,61.11,65.9,59.7,45.0,75.5,63.6,49.6,前走人気以上 / 履歴少 / 近走上向き
202644100607,2026-10-06,7,キングパッション,9.0,8.0,矢野貴之,56.0,,14.0,5.0,大井,ハイセイコー記念競走(重賞),1:44.6,3.2,晴,1.0,1.0,大井,2歳 新馬,1:42.8,-0.7,曇,,,,,,,,,,,,,,,,,,,,,,1.6,1.0,,nar,2026-10-06,35.01,42.8,26.5,31.7,18.0,39.9,51.2,大井実績 / 履歴少 / サンプル少
202647100607,2026-10-06,7,ケンブリッジサクラ,4.0,4.0,高木健,55.0,,8.0,5.0,笠松,チャミーだぞ!祝え杯(3歳),1:36.7,6.1,曇,6.0,4.0,笠松,3歳8組,1:35.1,3.4,曇,4.0,3.0,笠松,ムラタミカ還暦記念(3歳),1:34.2,1.7,曇,17.0,17.0,3中山5,3歳未勝利,2:04.7,3.2,晴,11.0,13.0,2中山7,3歳未勝利,2:16.4,2.8,晴,28.1,6.0,,nar,2026-10-06,43.69,45.4,40.2,19.8,59.0,50.2,48.5,履歴少 / 市場オッズ妙味
202644100607,2026-10-06,7,コウフウセイゲツ,6.0,6.0,野畑凌,56.0,,10.0,8.0,大井,白露特別競走(C2),2:45.7,4.9,曇,14.0,8.0,大井,こうま座特別競走(C2),2:00.3,4.2,雨,8.0,3.0,大井,JAいちかわ賞(C2),2:42.5,3.7,晴,15.0,6.0,大井,こじし座特別競走(C2),2:15.0,3.8,曇,2.0,2.0,大井,オレンジ・ブロッサム(C2),2:42.3,1.0,曇,11.5,5.0,,nar,2026-10-06,29.15,26.7,19.2,10.3,48.5,38.4,46.3,履歴少
202630100607,2026-10-06,7,ゴールデンアイル,9.0,7.0,松井伸也,55.0,,3.0,10.0,門別,3歳以上C4ー2,1:03.4,0.1,晴,8.0,8.0,門別,鮭鮭鮭!石狩市三大秋(C4),1:03.7,1.4,晴,10.0,7.0,門別,あと1年全共北海道2(C4),1:03.7,1.4,曇,6.0,5.0,門別,3歳以上C4ー2,1:03.4,1.4,晴,5.0,9.0,門別,3歳以上C4ー2,1:03.1,1.2,曇,32.7,6.0,,nar,2026-10-06,58.73,57.8,62.6,40.7,75.5,60.9,50.5,前走人気以上 / 近走上向き / 市場オッズ妙味
202647100607,2026-10-06,7,シュンポシオン,3.0,3.0,阿部基嗣,56.0,,3.0,2.0,笠松,珈乃琲ノ樹5周年記念(3歳),1:32.8,1.6,曇,3.0,3.0,笠松,87咲く玄ちゃん記念(3歳),1:32.2,0.8,曇,14.0,15.0,2新潟3,3歳未勝利,1:14.7,2.7,曇,15.0,13.0,3東京2,3歳未勝利,1:23.0,4.7,曇,13.0,13.0,1福島2,3歳未勝利,1:11.1,1.8,晴,4.4,2.0,,nar,2026-10-06,56.33,46.9,47.2,55.3,99.5,52.5,59.5,笠松実績 / 履歴少 / 近走上向き
202630100607,2026-10-06,7,シンギュラーレディ,4.0,4.0,黒澤愛斗,55.0,,10.0,15.0,5阪神1,2歳未勝利,1:35.2,1.6,晴,13.0,17.0,4京都5,2歳未勝利,1:11.4,2.8,晴,10.0,10.0,2札幌5,2歳未勝利,1:12.1,2.4,晴,8.0,5.0,1札幌7,2歳新馬,1:11.4,0.8,晴,,,,,,,,4.4,3.0,,nar,2026-10-06,41.63,23.9,66.2,0.0,52.0,56.5,48.8,前走人気以上 / 履歴少 / 人気以上に走る傾向
202644100607,2026-10-06,7,ジャスティンロング,4.0,4.0,笹川翼,56.0,,4.0,3.0,大井,C2八 九十(C2九),1:44.4,0.4,曇,1.0,1.0,大井,C3一 二,1:44.2,0.0,晴,3.0,1.0,大井,C3一,1:57.8,1.0,晴,5.0,3.0,大井,夏至賞(C2),2:44.3,1.7,曇,4.0,2.0,大井,バーボネラ賞(C2),1:44.8,0.3,曇,5.8,2.0,,nar,2026-10-06,63.88,82.4,41.6,100.0,45.5,52.9,59.5,大井実績 / 履歴少 / 安定感
202644100607,2026-10-06,7,ジュアルエリモ,5.0,5.0,千田洋,54.0,,6.0,12.0,大井,3歳四 五,1:45.4,1.0,晴,10.0,11.0,大井,3歳四 五,1:46.0,3.4,曇,7.0,6.0,大井,3歳四 五,1:46.7,2.4,曇,6.0,8.0,大井,明星賞競走(B2),1:57.6,3.0,晴,5.0,5.0,大井,3歳四 五六(3歳五),1:45.3,0.5,晴,66.6,9.0,,nar,2026-10-06,50.68,51.3,65.2,10.3,56.0,57.8,46.3,前走人気以上 / 履歴少 / 人気以上に走る傾向
202630100607,2026-10-06,7,スイレンチャン,8.0,6.0,服部茂史,55.0,,6.0,8.0,門別,3歳以上C4ー2,1:04.2,1.0,晴,6.0,5.0,門別,鮭鮭鮭!石狩市三大秋(C4),1:03.4,1.1,晴,4.0,4.0,門別,あと1年全共北海道2(C4),1:03.0,0.7,曇,7.0,6.0,門別,3歳以上C4ー2,1:02.6,1.0,晴,3.0,8.0,門別,3歳以上C4ー2,1:03.3,0.8,曇,41.8,8.0,,nar,2026-10-06,53.34,64.5,55.1,30.1,44.0,58.0,50.5,市場オッズ妙味
202647100607,2026-10-06,7,スエ,1.0,1.0,深澤杏花,53.0,,3.0,3.0,笠松,大空スバル登録者20(3歳),1:33.8,2.2,曇,9.0,10.0,名古屋,3歳6組,1:38.8,3.5,晴,9.0,6.0,名古屋,名古屋モーニングフィ(3歳),1:38.8,1.5,晴,5.0,11.0,名古屋,3歳5組,1:37.8,1.5,曇,8.0,8.0,名古屋,貴臣生誕50周年記念(3歳),1:33.4,2.1,晴,7.0,3.0,,nar,2026-10-06,56.81,56.1,53.7,45.0,78.5,60.9,48.8,履歴少 / 近走上向き
202647100607,2026-10-06,7,スーパーカルメン,6.0,6.0,大原浩司,55.0,,7.0,7.0,笠松,3歳9組,1:32.4,1.2,曇,5.0,5.0,笠松,3歳8組,1:34.3,2.6,曇,3.0,4.0,笠松,第4回よろしく頼む杯(3歳),1:34.1,2.3,曇,5.0,3.0,笠松,好きです笠松競馬(3歳),1:33.2,3.1,曇,5.0,2.0,笠松,平木覚醒記念(3歳),1:35.0,1.6,晴,26.8,5.0,,nar,2026-10-06,55.57,66.3,47.2,69.6,35.0,53.7,56.2,笠松実績 / 履歴少 / 安定感 / 市場オッズ妙味
202646100607,2026-10-06,7,スーパーナニー,8.0,8.0,松戸政也,55.0,,1.0,4.0,金沢,C18,1:33.7,-0.5,晴,3.0,3.0,金沢,C17,1:41.2,0.8,雨,2.0,5.0,金沢,☆祝30歳☆ゆきえり(C2),1:40.9,0.1,晴,8.0,4.0,金沢,C24,1:43.3,3.0,晴,3.0,2.0,金沢,すずしゅう20歳誕生(C2),1:41.3,0.7,晴,15.5,5.0,,nar,2026-10-06,69.81,84.6,55.7,85.4,68.0,62.3,56.2,金沢実績 / 前走人気以上 / 履歴少 / 近走上向き
202646100607,2026-10-06,7,ソラムパレード,2.0,2.0,魚住謙心,57.0,,1.0,3.0,金沢,C19,1:41.3,-0.1,晴,4.0,7.0,金沢,このたん末脚爆裂記念(C1),1:41.0,2.2,曇,6.0,4.0,金沢,C23,1:35.0,1.7,晴,6.0,4.0,金沢,C22,1:36.0,1.6,晴,1.0,2.0,金沢,C26,1:34.6,-0.7,晴,14.4,4.0,,nar,2026-10-06,66.05,80.3,55.4,65.7,69.5,62.7,52.9,金沢実績 / 履歴少 / 近走上向き / 安定感
202635100607,2026-10-06,7,タイセイアダマス,4.0,4.0,高松亮,56.0,,2.0,3.0,水沢,C2一組,1:28.8,0.6,曇,1.0,1.0,水沢,C2二組,1:28.7,-0.1,晴,1.0,1.0,水沢,C2六組,1:28.5,-0.4,曇,2.0,4.0,水沢,C2八組,1:23.6,0.8,曇,10.0,12.0,盛岡,いわて北緯40度葛巻(B2),1:41.3,1.9,晴,4.1,1.0,,nar,2026-10-06,69.27,89.0,55.6,89.7,59.0,59.3,48.8,履歴少 / 安定感
202647100607,2026-10-06,7,ダンストンチアーズ,8.0,8.0,東川慎,55.0,,8.0,9.0,笠松,3歳未勝利,1:34.3,2.2,晴,7.0,7.0,笠松,3歳8組,1:36.1,4.4,曇,8.0,8.0,笠松,3歳7組,1:37.9,6.5,曇,8.0,8.0,笠松,第1回水田帰省記念(3歳),1:34.4,3.3,雨,4.0,3.0,笠松,3歳未勝利,1:35.7,1.9,晴,80.9,9.0,,nar,2026-10-06,44.33,49.3,51.4,10.3,42.5,51.6,46.3,履歴少
202630100607,2026-10-06,7,トルークマクト,7.0,6.0,小野楓馬,55.0,,3.0,2.0,門別,グランシャリオドリー(C4),1:15.9,0.6,晴,4.0,1.0,門別,日本軽種馬青年部連絡(C4),1:16.6,0.5,晴,8.0,11.0,1札幌7,3歳未勝利,1:00.6,1.2,晴,6.0,3.0,1函館12,3歳未勝利,0:59.8,1.1,小雨,6.0,9.0,1函館7,3歳未勝利,1:47.6,1.5,晴,2.4,1.0,,nar,2026-10-06,58.2,68.1,45.9,55.3,68.0,53.1,58.8,門別実績 / 近走上向き
202647100607,2026-10-06,7,ドローイング,5.0,5.0,井口裕貴,52.0,,3.0,6.0,笠松,いくぜ!地獄の釜十周(3歳),1:31.4,0.3,曇,6.0,7.0,笠松,珈乃琲ノ樹5周年記念(3歳),1:34.7,3.5,曇,6.0,3.0,笠松,佐々木英文生誕記念(3歳),1:35.2,4.6,曇,3.0,5.0,笠松,平木覚醒記念(3歳),1:34.1,0.7,晴,12.0,15.0,3京都11,3歳未勝利,1:28.3,3.3,晴,7.2,4.0,,nar,2026-10-06,60.34,65.8,58.2,45.0,72.5,62.3,51.2,笠松実績 / 前走人気以上 / 履歴少 / 近走上向き
202646100607,2026-10-06,7,ナイトアウェイ,7.0,7.0,塚本征吾,57.0,,10.0,5.0,金沢,フォーラブえみ&こう(C1),1:41.7,1.6,曇,5.0,3.0,金沢,芝柏42期生!朝の教(C1),1:33.8,0.2,曇,2.0,2.0,金沢,C13,1:40.1,0.3,晴,6.0,3.0,金沢,超光速微粒子の可能性(C1),1:41.8,2.1,雨,5.0,9.0,金沢,楽天競馬で馬券を買お(C1C2),0:57.3,1.0,曇,15.9,6.0,,nar,2026-10-06,47.24,59.4,35.7,55.0,17.0,57.9,52.9,金沢実績 / 履歴少 / 市場オッズ妙味
202635100607,2026-10-06,7,ナダッコ,7.0,6.0,菅原辰徳,56.0,,5.0,5.0,水沢,3歳B2一組,1:31.5,1.6,晴,7.0,5.0,水沢,3歳B2二組,1:30.3,1.8,曇,4.0,3.0,盛岡,オッズパーク賞(3歳C1),1:29.3,0.3,晴,3.0,5.0,盛岡,3歳C1一組,1:26.9,0.4,曇,3.0,3.0,盛岡,3歳C1一組,1:27.1,1.7,晴,12.6,6.0,,nar,2026-10-06,59.64,69.6,47.2,75.1,45.5,60.1,59.5,盛岡実績 / 履歴少 / 安定感 / 市場オッズ妙味
202630100607,2026-10-06,7,ネクストトゥーユー,2.0,2.0,藤田凌駕,54.0,,10.0,12.0,門別,3歳以上C4ー2,1:04.9,1.7,晴,9.0,10.0,門別,3歳以上C4ー2,1:04.0,1.8,曇,12.0,12.0,門別,3歳以上C4ー2,1:04.6,2.6,晴,10.0,10.0,門別,カセンソウ特別(C4),1:03.7,1.4,晴,1.0,3.0,門別,3歳以上C4ー3,1:03.4,-0.1,曇,91.3,11.0,,nar,2026-10-06,41.4,34.3,57.4,10.3,38.0,54.2,46.3,履歴少
202630100607,2026-10-06,7,ノーマンズランド,3.0,3.0,金山昇馬,55.0,,9.0,9.0,門別,3歳以上C4ー2,1:04.9,1.7,晴,7.0,7.0,門別,3歳以上C4ー2,1:03.5,1.3,曇,9.0,11.0,門別,3歳以上C4ー2,1:03.7,1.7,晴,8.0,8.0,門別,3歳以上C4ー2,1:03.2,1.4,晴,10.0,4.0,門別,3歳以上C4ー2,1:04.3,2.4,曇,137.0,12.0,,nar,2026-10-06,39.7,40.3,48.4,0.0,47.0,48.3,43.8,履歴少
202630100607,2026-10-06,7,ピンクサウスポー,12.0,8.0,亀井洋司,55.0,,4.0,9.0,門別,スタンピーズ8周年記(C4),1:03.3,0.6,晴,8.0,9.0,門別,3歳以上C4ー2,1:17.5,3.7,晴,8.0,9.0,門別,3歳以上C4ー2,1:17.0,1.2,曇,6.0,10.0,門別,富良野ホップ炭酸水賞(C4),1:16.7,1.1,晴,8.0,6.0,門別,3歳以上C4ー2,1:16.9,2.0,曇,45.9,9.0,,nar,2026-10-06,56.91,56.1,66.4,30.4,71.0,60.6,46.3,前走人気以上 / 履歴少 / 人気以上に走る傾向 / 近走上向き
202644100607,2026-10-06,7,フェアクラウド,10.0,8.0,藤本現暉,56.0,,7.0,5.0,大井,C2五 六七(C2六),1:46.6,2.8,雨,6.0,5.0,大井,C2六 七,1:43.4,1.2,曇,3.0,2.0,大井,C2九 十,1:43.6,0.7,晴,4.0,4.0,大井,ヘラクレス座特別競走(C2),1:58.0,1.6,曇,5.0,6.0,大井,C2六 七八(C2七),1:44.2,1.2,曇,8.5,3.0,,nar,2026-10-06,51.58,65.5,43.3,44.7,35.0,57.2,52.9,大井実績 / 履歴少
202630100607,2026-10-06,7,フレアリングバロン,6.0,5.0,宮内勇樹,57.0,,4.0,5.0,門別,3歳以上C4ー2,1:04.0,0.8,晴,5.0,3.0,門別,鮭鮭鮭!石狩市三大秋(C4),1:03.2,0.9,晴,3.0,4.0,門別,3歳以上C4ー2,1:03.3,0.6,曇,3.0,8.0,門別,グランシャリオドリー(C4),1:03.0,1.1,晴,6.0,4.0,門別,3歳以上C4ー2,1:03.1,1.1,曇,13.7,5.0,,nar,2026-10-06,65.3,75.1,53.7,89.7,51.5,63.1,56.2,門別実績 / 履歴少 / 安定感 / 市場オッズ妙味
202630100607,2026-10-06,7,フローズンクイーン,10.0,7.0,岩橋勇二,55.0,,10.0,9.0,門別,3歳以上C4ー2,1:18.5,2.7,雨,6.0,4.0,門別,3歳以上C4ー2,1:16.8,3.0,晴,13.0,12.0,1札幌8,3歳未勝利,1:52.0,5.5,晴,12.0,10.0,1札幌1,3歳未勝利,1:30.3,2.4,曇,,,,,,,,88.6,10.0,,nar,2026-10-06,34.77,29.0,39.9,0.0,52.0,46.0,43.8,履歴少
202644100607,2026-10-06,7,フローラルデザイン,3.0,3.0,安藤洋一,54.0,,8.0,6.0,大井,C2五 六七(C2六),1:47.2,3.4,雨,10.0,6.0,大井,C2三 四五(C2四),1:29.6,2.8,晴,7.0,4.0,大井,C2七 八,1:44.7,2.2,晴,5.0,2.0,大井,C2五 六,1:44.5,1.6,晴,3.0,11.0,4中山4,3歳未勝利,1:54.3,1.3,曇,17.6,7.0,,nar,2026-10-06,42.59,49.2,37.3,24.9,39.5,52.9,47.1,履歴少 / 市場オッズ妙味
202647100607,2026-10-06,7,ベラジオノユメ,2.0,2.0,明星晴大,55.0,,7.0,4.0,笠松,悠大が好きすぎて滅!(3歳),1:33.7,3.1,晴,1.0,1.0,笠松,3歳未勝利,1:34.8,-0.2,曇,6.0,7.0,笠松,第1回水田帰省記念(3歳),1:33.8,2.7,雨,2.0,2.0,笠松,3歳未勝利,1:34.9,1.1,晴,11.0,9.0,笠松,3歳6組,1:35.4,3.2,曇,46.7,8.0,,nar,2026-10-06,51.07,68.1,43.6,39.5,38.0,52.1,49.6,履歴少 / 市場オッズ妙味
202644100607,2026-10-06,7,マサノエターナル,2.0,2.0,藤田凌,56.0,,8.0,6.0,大井,牡丹特別競走(3歳二),1:46.1,3.1,曇,2.0,5.0,大井,3歳六 七八(3歳七),1:46.0,0.2,曇,6.0,7.0,大井,3歳六 七八(3歳七),1:45.6,2.4,曇,9.0,7.0,大井,3歳四 五六(3歳五),1:32.2,3.0,曇,7.0,5.0,大井,3歳四 五,1:45.9,1.3,晴,25.9,8.0,,nar,2026-10-06,47.85,58.8,48.9,24.9,38.0,53.4,46.3,履歴少 / 市場オッズ妙味
202646100607,2026-10-06,7,ミテクレコノアシ,4.0,4.0,兼子千央,57.0,,3.0,7.0,金沢,C14,1:33.5,0.4,晴,2.0,4.0,金沢,C15,1:33.1,2.2,雨,7.0,8.0,金沢,なつみちゃん誕生日お(C1),1:34.9,2.2,晴,8.0,8.0,金沢,超光速微粒子の可能性(C1),1:42.4,2.7,雨,2.0,6.0,金沢,C15,1:33.1,0.4,雨,20.4,7.0,,nar,2026-10-06,66.12,74.7,66.3,65.7,60.5,63.4,52.9,金沢実績 / 前走人気以上 / 履歴少 / 人気以上に走る傾向
202635100607,2026-10-06,7,モズホンマデッカ,6.0,5.0,山本政聡,54.0,,10.0,7.0,水沢,オータムティアラ(重賞),2:06.7,3.2,小雨,9.0,7.0,盛岡,ひまわり賞(重賞),1:56.5,2.2,曇,5.0,2.0,盛岡,3歳B2一組,1:25.8,0.9,小雨,2.0,3.0,盛岡,3歳B1,1:39.0,0.2,雨,1.0,2.0,盛岡,3歳B1二組,1:26.4,0.0,晴,4.7,2.0,,nar,2026-10-06,44.5,54.7,37.7,44.7,15.5,52.7,55.3,盛岡実績 / 履歴少
202630100607,2026-10-06,7,モロノラピド,11.0,8.0,落合玄太,57.0,,3.0,3.0,門別,3歳以上C4ー2,1:16.2,0.6,曇,8.0,2.0,門別,JAにいかっぷピーマ(C4),1:17.2,2.3,曇,7.0,5.0,門別,世界へ羽ばたけ!ひだ(C4),1:16.7,0.8,曇,14.0,13.0,3東京6,3歳未勝利,1:40.0,4.2,曇,10.0,13.0,3中山8,3歳未勝利,1:13.2,2.2,晴,3.1,2.0,,nar,2026-10-06,49.12,49.7,37.9,30.4,90.5,48.3,48.5,履歴少 / 近走上向き
202646100607,2026-10-06,7,ユメカナウケン,9.0,8.0,筒井勇介,55.0,,12.0,8.0,金沢,フォーラブえみ&こう(C1),1:42.1,2.0,曇,3.0,5.0,金沢,このたん末脚爆裂記念(C1),1:40.7,1.9,曇,5.0,5.0,金沢,長江崚行爆誕2026(C1),1:40.2,1.4,晴,1.0,5.0,金沢,C22,1:34.4,0.0,晴,8.0,4.0,金沢,スマホで投票!楽天競(C2),1:34.7,3.1,晴,24.8,8.0,,nar,2026-10-06,47.6,57.2,46.2,59.3,3.5,55.0,52.9,金沢実績 / 履歴少 / 市場オッズ妙味
202646100607,2026-10-06,7,ラッキードラゴン,3.0,3.0,加藤翔馬,57.0,,9.0,5.0,金沢,C12,1:35.0,2.2,曇,2.0,2.0,金沢,このたん末脚爆裂記念(C1),1:40.5,1.7,曇,3.0,3.0,金沢,なつみちゃん誕生日お(C1),1:33.2,0.5,晴,7.0,3.0,金沢,楽天ポイントが貯まる(C1C2),0:57.8,0.9,雨,1.0,5.0,金沢,能登復興支援福浦港賞(C2),1:33.9,-0.5,晴,14.3,3.0,,nar,2026-10-06,50.79,68.4,40.3,55.0,15.5,58.7,52.9,金沢実績 / 履歴少 / 市場オッズ妙味
202635100607,2026-10-06,7,ラペイエ,8.0,6.0,小林凌,56.0,,1.0,5.0,水沢,3歳B1二組,1:29.4,-0.1,晴,1.0,7.0,水沢,3歳C1二組,1:29.7,-0.2,曇,9.0,6.0,盛岡,エメラルド賞(3歳),1:48.8,3.1,曇,3.0,3.0,盛岡,3歳C2一組,1:26.5,0.3,晴,4.0,4.0,盛岡,3歳C2一組,1:26.6,0.4,曇,7.3,5.0,,nar,2026-10-06,70.77,82.5,64.8,80.2,69.5,63.0,53.1,盛岡実績 / 前走人気以上 / 近走上向き / 安定感
202647100607,2026-10-06,7,リノルアナ,9.0,8.0,渡辺竜也,57.0,,5.0,1.0,笠松,チャミーだぞ!祝え杯(3歳),1:31.9,1.3,曇,2.0,2.0,笠松,お母さん誕生日おめで(3歳),1:32.3,0.8,曇,10.0,13.0,2中京6,3歳未勝利,1:34.3,0.6,晴,10.0,5.0,3阪神5,3歳未勝利,1:56.4,2.6,小雨,6.0,8.0,3京都4,3歳未勝利,1:46.6,0.5,曇,1.7,1.0,,nar,2026-10-06,53.69,59.4,42.0,55.3,62.0,49.7,59.5,笠松実績 / 履歴少
202644100607,2026-10-06,7,ルトラセ,8.0,7.0,江里口裕,56.0,,4.0,4.0,大井,夏至賞(C2),2:43.6,1.0,曇,4.0,5.0,大井,万緑特別競走(C2),2:13.0,1.4,晴,6.0,6.0,大井,JAいちかわ賞(C2),2:40.5,1.7,晴,3.0,4.0,大井,オレンジ・ブロッサム(C2),2:43.0,1.7,曇,5.0,10.0,大井,C2三,2:13.9,0.5,雨,17.0,6.0,,nar,2026-10-06,65.25,73.2,56.4,80.2,53.0,66.6,59.2,大井実績 / クラス条件好転 / 履歴少 / 安定感
202635100607,2026-10-06,7,ロッソ,9.0,7.0,山本聡紀,56.0,,4.0,7.0,水沢,B2二組,1:45.8,1.6,晴,7.0,7.0,水沢,B2三組,1:45.4,2.8,曇,9.0,9.0,盛岡,B1三組,1:41.5,2.2,曇,8.0,8.0,盛岡,いわて北緯40度八幡(B1),1:42.7,2.3,晴,7.0,9.0,盛岡,親子で学ぶ!味覚とテ(B1),1:41.0,2.0,小雨,55.6,12.0,,nar,2026-10-06,53.82,55.0,57.8,30.4,72.5,55.9,43.8,前走人気以上 / 履歴少 / 近走上向き
202635100607,2026-10-06,7,ロンディネ,3.0,3.0,南郷家全,54.0,,5.0,5.0,水沢,B2二組,1:46.7,2.5,晴,8.0,8.0,水沢,B2二組,1:45.4,2.6,曇,1.0,1.0,盛岡,C2七組,1:13.8,-0.8,曇,3.0,1.0,盛岡,C2七組,1:13.7,1.0,曇,1.0,1.0,盛岡,C2八組,1:14.3,-0.3,曇,26.5,10.0,,nar,2026-10-06,59.32,74.0,48.0,75.1,39.5,55.0,56.4,盛岡実績 / 安定感 / 市場オッズ妙味
202635100607,2026-10-06,7,ワイドカイゼリン,1.0,1.0,坂井瑛音,53.0,,7.0,2.0,水沢,B2二組,1:48.2,4.0,晴,7.0,6.0,水沢,B2二組,1:45.0,2.2,曇,7.0,8.0,盛岡,B1三組,1:40.3,1.0,曇,6.0,7.0,盛岡,いわて北緯40度八幡(B1),1:42.3,1.9,晴,9.0,6.0,盛岡,親子で学ぶ!味覚とテ(B1),1:41.7,2.7,小雨,33.3,11.0,,nar,2026-10-06,41.09,51.5,37.9,0.0,51.5,50.2,43.8,履歴少 / 市場オッズ妙味
202635100607,2026-10-06,7,ヴァンナチュール,12.0,8.0,大坪慎,56.0,,10.0,4.0,盛岡,C1一組,1:40.2,2.6,曇,5.0,7.0,盛岡,プルメリア賞(C1),1:40.3,1.0,曇,5.0,4.0,水沢,B2二組,1:45.2,0.8,晴,4.0,3.0,水沢,B2二組,1:43.8,0.5,晴,2.0,1.0,水沢,フリージア賞(B2),1:46.9,0.2,曇,16.1,7.0,,nar,2026-10-06,48.85,59.5,37.6,69.6,14.0,57.3,51.2,盛岡実績 / 履歴少 / 安定感 / 市場オッズ妙味
202647100608,2026-10-06,8,アイベット,6.0,6.0,森島貴之,55.0,,9.0,9.0,笠松,C7組,0:52.8,3.1,晴,8.0,7.0,笠松,串団子覇権争奪杯(C),1:39.3,3.8,雨,8.0,7.0,笠松,C12組,1:36.5,4.3,晴,7.0,8.0,笠松,アンダーグラフ来場記(C),1:34.6,2.6,晴,7.0,7.0,笠松,加織・文行結婚記念(C),1:37.7,2.4,晴,206.3,8.0,,nar,2026-10-06,40.12,43.6,47.9,0.0,41.0,50.9,43.8,履歴少
202647100608,2026-10-06,8,アルデナイン,2.0,2.0,大原浩司,55.0,,4.0,2.0,笠松,3歳未勝利,0:51.5,1.4,曇,4.0,2.0,笠松,3歳未勝利,1:35.2,0.4,曇,8.0,8.0,笠松,ムラタミカ還暦記念(3歳),1:39.6,7.1,曇,3.0,5.0,笠松,好きです笠松競馬(3歳),1:32.5,2.4,曇,6.0,5.0,笠松,祝!〜加藤正退職記念(3歳),1:34.3,4.5,晴,25.5,5.0,,nar,2026-10-06,58.02,69.2,43.6,69.9,57.5,54.3,52.9,笠松実績 / 履歴少 / 安定感 / 市場オッズ妙味
202647100608,2026-10-06,8,アルデバローズ,5.0,5.0,阿部基嗣,54.0,,4.0,3.0,笠松,3歳9組,1:31.5,0.3,曇,13.0,13.0,1札幌5,3歳未勝利,1:52.4,6.5,曇,11.0,5.0,1札幌3,3歳未勝利,1:00.7,1.7,曇,7.0,8.0,3東京5,3歳未勝利,1:24.9,1.2,雨,4.0,11.0,3東京3,3歳未勝利,1:25.7,1.3,晴,1.6,1.0,,nar,2026-10-06,49.58,43.5,45.7,40.7,78.5,51.9,48.8,履歴少 / 近走上向き
202646100608,2026-10-06,8,アルマイナンナ,8.0,8.0,塚本征吾,55.0,,8.0,9.0,金沢,B25,1:41.1,2.3,雨,6.0,5.0,金沢,B24,1:34.5,2.0,雨,6.0,3.0,金沢,B22,1:33.4,1.3,晴,3.0,6.0,金沢,能登復興支援木ノ浦海(B2),1:39.9,0.3,曇,2.0,3.0,金沢,油断大敵水分補給を忘(B2),1:41.2,1.2,晴,180.9,6.0,,nar,2026-10-06,48.06,61.9,50.0,24.9,27.5,53.3,49.6,履歴少
202630100608,2026-10-06,8,アルマロベイラ,8.0,6.0,松井伸也,55.0,,5.0,8.0,門別,3歳以上C4ー2,1:40.7,1.5,晴,9.0,8.0,門別,門別プロパンガス事業(C4),1:47.3,2.4,曇,5.0,9.0,門別,ネジバナ特別(C4),1:38.2,0.6,晴,9.0,10.0,門別,テッポウユリ特別(C4),1:47.4,2.5,晴,7.0,6.0,門別,グランシャリオドリー(C4),1:39.9,1.7,曇,69.4,10.0,,nar,2026-10-06,56.36,53.7,60.5,50.2,65.0,57.4,49.6,前走人気以上 / 履歴少 / 近走上向き
202630100608,2026-10-06,8,アースジェイソンテ,9.0,7.0,小川悠汰,54.0,,3.0,4.0,門別,3歳以上C4ー2,1:39.9,0.7,晴,6.0,7.0,門別,日本軽種馬青年部連絡(C4),1:16.7,0.6,晴,10.0,4.0,門別,グランシャリオドリー(C4),1:53.4,2.0,晴,1.0,1.0,門別,3歳以上C4ー3,1:46.6,-0.4,晴,6.0,3.0,門別,3歳以上C4ー3,1:17.0,1.5,雨,15.1,4.0,,nar,2026-10-06,55.44,66.8,43.4,45.0,66.5,57.0,49.6,履歴少 / 近走上向き / 市場オッズ妙味
202644100608,2026-10-06,8,ウインデイブレイク,3.0,3.0,野畑凌,56.0,,13.0,7.0,大井,3歳四 五,1:49.0,4.6,晴,1.0,1.0,大井,3歳八 九十(3歳九),1:45.5,-0.3,曇,12.0,3.0,大井,3歳六 七八(3歳七),1:48.7,4.0,雨,4.0,1.0,大井,3歳八 九十(3歳九),1:45.0,1.5,晴,2.0,5.0,名古屋,牛兄、係長でも頑張れ(3歳),1:37.0,0.3,晴,7.8,5.0,,nar,2026-10-06,37.02,49.1,23.9,49.8,0.5,45.5,51.2,大井実績 / 履歴少
202647100608,2026-10-06,8,エイシンイーネン,7.0,7.0,高木健,55.0,,6.0,3.0,笠松,3歳未勝利,1:33.9,1.8,晴,8.0,7.0,笠松,3歳5組,1:34.9,2.6,曇,3.0,2.0,笠松,3歳未勝利,0:51.1,1.9,雨,8.0,5.0,笠松,北の単勝プリンセス熊(3歳),1:35.0,2.8,晴,9.0,4.0,笠松,3歳3組,1:35.4,3.2,曇,33.1,6.0,,nar,2026-10-06,43.97,55.9,33.8,19.8,56.0,46.3,46.3,履歴少 / 市場オッズ妙味
202644100608,2026-10-06,8,エマーユ,9.0,6.0,佐野遥久,54.0,,9.0,6.0,大井,3歳四 五,1:18.5,3.9,晴,13.0,14.0,大井,3歳四 五,1:16.8,2.8,曇,14.0,9.0,大井,3歳四 五,1:17.5,3.5,曇,15.0,5.0,大井,3歳四 五,1:17.2,3.1,晴,1.0,2.0,大井,3歳九 十,1:30.1,0.0,晴,28.9,9.0,,nar,2026-10-06,32.09,22.3,29.0,10.3,60.5,41.3,46.3,履歴少
202646100608,2026-10-06,8,カクシン,9.0,8.0,平瀬城久,57.0,,4.0,8.0,金沢,つばんちゅファーム協(B2),1:41.7,2.5,雨,5.0,9.0,金沢,祝ジーケー工業株式会(B2),1:34.4,2.1,晴,4.0,8.0,金沢,智聡&夏生☆結婚半年(B2),1:40.6,2.1,曇,6.0,8.0,金沢,夏野菜でおいしく水分(B2),1:33.3,1.9,晴,10.0,7.0,金沢,B24,1:41.6,1.7,曇,213.7,7.0,,nar,2026-10-06,66.1,66.7,70.9,75.1,63.5,60.6,52.9,金沢実績 / 前走人気以上 / 履歴少 / 人気以上に走る傾向
202644100608,2026-10-06,8,カクヒメ,7.0,5.0,矢野貴之,54.0,,10.0,3.0,大井,3歳四 五,1:16.0,2.0,曇,6.0,4.0,大井,3歳四 五,1:15.6,1.6,曇,4.0,3.0,大井,3歳四 五,1:14.8,0.7,晴,3.0,4.0,大井,3歳四 五,1:15.2,1.6,晴,3.0,3.0,大井,3歳四 五,1:15.2,2.3,晴,7.6,4.0,,nar,2026-10-06,43.86,59.4,31.3,44.7,14.0,52.8,52.9,大井実績 / 履歴少
202646100608,2026-10-06,8,カミノマジック,2.0,2.0,浅野登生,54.0,,11.0,12.0,金沢,B25,1:41.8,3.0,雨,7.0,8.0,金沢,B24,1:34.8,2.3,雨,8.0,7.0,金沢,B22,1:34.8,2.7,晴,6.0,5.0,金沢,能登復興支援須須神社(B1特別),1:41.3,2.5,曇,9.0,7.0,金沢,B22,1:34.8,3.1,晴,363.6,9.0,,nar,2026-10-06,38.07,40.2,50.0,0.0,29.0,49.6,43.8,履歴少
202644100608,2026-10-06,8,カンノンピョンタ,13.0,8.0,西啓太,56.0,,10.0,13.0,大井,3歳四 五,1:46.6,2.2,晴,9.0,9.0,大井,3歳四 五,1:45.3,2.7,曇,5.0,9.0,大井,3歳四 五,1:46.0,1.7,曇,11.0,11.0,大井,3歳四 五,1:16.1,2.0,晴,5.0,10.0,大井,3歳四 五六(3歳五),1:29.7,1.6,曇,39.9,10.0,,nar,2026-10-06,48.26,40.9,65.5,30.1,35.0,59.5,49.6,前走人気以上 / 履歴少 / 人気以上に走る傾向
202644100608,2026-10-06,8,カーラエスメラルダ,5.0,4.0,鷹見陸,56.0,,3.0,1.0,大井,ビジュー賞(C2),1:44.3,0.7,晴,3.0,2.0,大井,C2八 九十(C2九),1:44.2,0.2,曇,12.0,2.0,大井,C2六 七八(C2七),1:45.9,2.0,曇,1.0,3.0,大井,バラライカ賞(C2),1:43.2,-0.4,晴,2.0,3.0,大井,C213 1415(C214),1:29.5,1.4,晴,3.2,1.0,,nar,2026-10-06,57.44,72.9,32.9,80.2,59.0,48.5,56.2,大井実績 / 履歴少 / 安定感
202635100608,2026-10-06,8,キタノクーヴェル,2.0,2.0,岩本怜,56.0,,3.0,3.0,水沢,B2二組,1:44.7,0.5,晴,1.0,9.0,盛岡,C2二組,1:26.6,-0.2,曇,3.0,4.0,盛岡,C2二組,1:27.6,1.9,晴,4.0,5.0,盛岡,C2二組,1:28.9,0.8,曇,4.0,4.0,盛岡,C2二組,1:27.5,0.6,晴,13.8,7.0,,nar,2026-10-06,73.43,86.0,66.4,100.0,50.0,67.7,59.5,盛岡実績 / 履歴少 / 人気以上に走る傾向 / 安定感
202635100608,2026-10-06,8,キタノブリッジ,8.0,6.0,塚本涼人,54.0,,8.0,7.0,盛岡,B2,1:28.1,2.5,曇,6.0,4.0,盛岡,B2,0:59.6,0.5,雨,6.0,1.0,盛岡,B2,1:13.3,1.0,晴,8.0,9.0,浦和,ラベンダー特別(C2),1:31.1,2.2,曇,8.0,7.0,浦和,牡牛座特別(C2),1:38.3,2.4,雨,13.5,6.0,,nar,2026-10-06,40.48,51.1,37.8,0.0,44.0,53.1,43.8,履歴少 / 市場オッズ妙味
202635100608,2026-10-06,8,クイーンオメガ,10.0,7.0,鈴木祐,54.0,,9.0,10.0,水沢,オータムティアラ(重賞),2:06.5,3.0,小雨,5.0,10.0,水沢,弘南鉄道乗りにいきま(3歳A),1:44.0,1.5,曇,9.0,5.0,盛岡,3歳B1,1:46.1,6.8,曇,11.0,10.0,盛岡,ひまわり賞(重賞),1:57.1,2.8,曇,10.0,7.0,盛岡,アンバー賞(3歳),1:47.7,3.4,曇,27.6,11.0,,nar,2026-10-06,44.18,40.8,52.1,24.9,48.5,50.4,43.8,履歴少
202635100608,2026-10-06,8,グランクロワ,1.0,1.0,阿部英俊,56.0,,3.0,9.0,水沢,C1一組,1:44.3,0.5,曇,1.0,9.0,水沢,C1四組,1:30.8,0.0,曇,5.0,9.0,盛岡,いわてくじ山形村短角(C1),1:27.4,1.1,曇,2.0,8.0,盛岡,C1五組,1:27.0,0.1,晴,4.0,7.0,盛岡,C2一組,1:27.3,1.2,晴,15.2,8.0,,nar,2026-10-06,80.9,85.2,90.6,100.0,50.0,81.2,59.5,盛岡実績 / 前走人気以上 / 履歴少 / 人気以上に走る傾向
202635100608,2026-10-06,8,コスモクイーンビー,12.0,8.0,関本玲花,52.0,,3.0,2.0,笠松,C8組,1:33.4,1.4,曇,2.0,3.0,名古屋,C12組,1:31.2,0.5,曇,4.0,4.0,名古屋,C12組,1:38.0,0.2,曇,2.0,1.0,名古屋,C15組,1:38.6,0.8,晴,5.0,3.0,名古屋,菊の花賞(C),0:57.8,1.1,晴,18.0,9.0,,nar,2026-10-06,66.56,83.9,47.1,100.0,51.5,62.0,48.8,履歴少 / 安定感 / 市場オッズ妙味
202646100608,2026-10-06,8,サクラドール,7.0,7.0,青柳正義,57.0,,1.0,1.0,金沢,C15,1:31.7,0.0,晴,1.0,1.0,金沢,夫婦岩特別(3歳),1:30.9,-0.3,曇,7.0,1.0,2新潟3,3歳未勝利,1:13.6,1.6,曇,2.0,1.0,3東京5,3歳未勝利,1:24.4,0.3,小雨,2.0,1.0,2東京11,3歳未勝利,1:26.9,0.0,晴,1.4,1.0,,nar,2026-10-06,64.17,88.5,40.0,80.2,62.0,46.2,62.5,金沢実績 / クラス条件好転 / 履歴少 / 安定感
202630100608,2026-10-06,8,サンライズジョー,2.0,2.0,宮内勇樹,57.0,,9.0,4.0,門別,松山光プロジェクト賞(C4),1:18.3,2.4,晴,7.0,2.0,門別,3歳以上C4ー2,1:16.6,0.8,曇,13.0,11.0,2中京2,3歳未勝利,1:31.5,6.8,晴,13.0,2.0,2阪神2,3歳未勝利,1:27.9,1.8,晴,4.0,6.0,1阪神6,3歳未勝利,1:26.9,1.1,曇,19.3,6.0,,nar,2026-10-06,30.95,33.1,18.1,10.3,51.5,39.6,43.8,履歴少 / 市場オッズ妙味
202644100608,2026-10-06,8,シルフラ,4.0,4.0,杉山海波,51.0,,4.0,3.0,大井,ビジュー賞(C2),1:44.7,1.1,晴,2.0,5.0,大井,カサブランカ賞(C2九),1:27.2,0.0,曇,3.0,5.0,大井,エバ・グリーン賞(C2),1:44.8,1.0,雨,9.0,5.0,大井,マタドール賞(C212),1:30.0,1.3,晴,3.0,4.0,大井,C2八 九,1:43.7,0.9,曇,4.2,2.0,,nar,2026-10-06,64.03,76.6,52.5,85.4,51.5,56.8,56.2,大井実績 / 履歴少 / 安定感
202635100608,2026-10-06,8,シーキングザバース,5.0,5.0,村上忍,54.0,,6.0,4.0,水沢,3歳B1二組,1:31.3,1.9,晴,5.0,6.0,水沢,夢・希望未来へ前進(3歳B2),1:29.4,0.8,曇,1.0,5.0,盛岡,3歳C1二組,1:26.5,-0.6,曇,11.0,4.0,盛岡,オッズパーク賞(3歳C1),1:30.6,1.6,晴,8.0,9.0,大井,3歳四 五,1:49.0,6.2,晴,13.1,5.0,,nar,2026-10-06,53.58,62.4,46.6,44.7,51.5,59.0,51.2,盛岡実績 / 履歴少 / 市場オッズ妙味
202635100608,2026-10-06,8,スカルラッティ,4.0,4.0,高橋悠里,54.0,,5.0,6.0,水沢,オータムティアラ(重賞),2:05.5,2.0,小雨,4.0,6.0,盛岡,ひまわり賞(重賞),1:55.2,0.9,曇,3.0,3.0,盛岡,3歳C1二組,1:26.8,0.7,小雨,1.0,1.0,盛岡,3歳C2二組,1:14.5,-0.2,曇,2.0,1.0,水沢,3歳C2五組,1:22.4,0.0,小雨,2.8,1.0,,nar,2026-10-06,65.6,80.3,54.9,100.0,35.0,55.7,59.5,盛岡実績 / 履歴少 / 安定感
202635100608,2026-10-06,8,ダイビングヘッド,11.0,8.0,小林凌,54.0,,2.0,4.0,水沢,B2二組,1:44.2,0.0,晴,5.0,3.0,水沢,B2三組,1:44.7,2.1,曇,8.0,4.0,水沢,ジューンC(B2),2:08.2,3.5,曇,2.0,9.0,水沢,B2二組,1:44.4,0.0,晴,5.0,5.0,盛岡,夢・希望未来へ前進(B2),1:41.3,1.6,晴,11.4,4.0,,nar,2026-10-06,64.69,74.1,52.4,80.2,68.0,62.3,48.8,履歴少 / 近走上向き / 安定感
202630100608,2026-10-06,8,ダイヤノゴトク,12.0,8.0,金山昇馬,55.0,,9.0,8.0,門別,グランシャリオドリー(C4),1:17.5,2.2,晴,5.0,7.0,門別,グランシャリオドリー(C4),1:16.8,1.4,晴,4.0,3.0,門別,日高建設協会賞(C4),1:16.2,1.0,曇,4.0,6.0,門別,リンドウ特別(C3),1:15.7,1.1,晴,6.0,3.0,門別,グランシャリオドリー(C4),1:16.3,1.4,雨,36.4,7.0,,nar,2026-10-06,51.91,60.2,49.9,59.3,24.5,55.6,52.5,門別実績 / 市場オッズ妙味
202646100608,2026-10-06,8,ダイユウボンバー,3.0,3.0,中島龍也,55.0,,1.0,1.0,金沢,C14,1:33.1,0.0,晴,2.0,2.0,金沢,C15,1:32.0,0.4,晴,4.0,4.0,金沢,睦斗小学校入学&紬ほ(C1),1:34.3,1.1,曇,1.0,2.0,金沢,C24,1:40.5,-0.1,晴,2.0,4.0,金沢,C27,1:34.0,0.0,晴,32.9,3.0,,nar,2026-10-06,71.48,92.4,52.5,100.0,57.5,58.2,59.5,金沢実績 / 履歴少 / 安定感 / 市場オッズ妙味
202647100608,2026-10-06,8,チアフルドア,3.0,3.0,藤原幹生,55.0,,4.0,7.0,笠松,チャミーだぞ!祝え杯(3歳),1:31.6,1.0,曇,9.0,5.0,名古屋,3歳11組,1:33.5,3.8,曇,2.0,5.0,名古屋,金シャチ最終戦(3歳),1:38.8,0.1,晴,,,名古屋,3歳14組,,,雨,6.0,9.0,名古屋,3歳14組,1:41.4,2.0,曇,12.2,4.0,,nar,2026-10-06,59.27,66.1,56.7,50.2,60.0,64.7,48.8,前走人気以上 / 履歴少 / 市場オッズ妙味
202647100608,2026-10-06,8,チュッカ,8.0,8.0,深澤杏花,55.0,,6.0,2.0,笠松,串団子覇権争奪杯(C),1:37.1,1.6,雨,2.0,3.0,笠松,私の青春☆アクセル全(C),0:50.5,0.3,晴,7.0,3.0,笠松,C18組,1:38.0,5.1,晴,7.0,3.0,笠松,音有お誕生日おめでと(C),1:35.6,3.4,曇,3.0,3.0,笠松,好きです笠松競馬(C),1:33.0,0.9,曇,48.8,7.0,,nar,2026-10-06,47.98,67.7,33.6,35.3,42.5,47.6,49.6,履歴少 / 市場オッズ妙味
202647100608,2026-10-06,8,ツウカイウォリアー,1.0,1.0,加藤聡一,57.0,,2.0,5.0,笠松,いくぜ!地獄の釜十周(3歳),1:31.3,0.2,曇,6.0,7.0,笠松,りょうとくん誕生日お(3歳),1:35.2,1.7,曇,5.0,5.0,笠松,第4回よろしく頼む杯(3歳),1:34.8,3.0,曇,4.0,5.0,笠松,隼人&結花☆結婚記念(3歳),1:33.6,4.4,晴,15.0,16.0,3東京6,3歳未勝利,2:15.4,4.2,曇,3.9,2.0,,nar,2026-10-06,64.87,67.4,59.9,64.7,83.0,59.7,55.3,笠松実績 / 前走人気以上 / 履歴少 / 近走上向き
202630100608,2026-10-06,8,トーケンナナ,3.0,3.0,吉本隆記,55.0,,7.0,9.0,門別,門別プロパンガス事業(C4),1:46.8,1.9,曇,6.0,7.0,門別,ネジバナ特別(C4),1:38.4,0.8,晴,4.0,9.0,門別,テッポウユリ特別(C4),1:45.6,0.7,晴,8.0,6.0,門別,門別音頭祭り特別(C4),1:53.9,3.8,曇,7.0,7.0,門別,グランシャリオドリー(C4),1:46.6,0.9,曇,69.7,11.0,,nar,2026-10-06,51.4,57.6,60.9,19.8,45.5,56.5,49.3,クラス条件好転 / 履歴少
202630100608,2026-10-06,8,ニットウアイアン,5.0,5.0,黒澤愛斗,57.0,,7.0,11.0,門別,3歳以上C4ー2,1:53.6,1.4,晴,10.0,12.0,門別,伊藤忠エネクスホーム(C4),2:01.3,3.2,曇,5.0,9.0,門別,グランシャリオドリー(C4),1:52.3,0.9,晴,1.0,4.0,門別,3歳以上C4ー3,1:53.3,-0.2,曇,9.0,6.0,門別,3歳以上C4ー3,1:17.9,1.4,曇,85.8,12.0,,nar,2026-10-06,54.51,54.5,68.4,34.3,45.5,59.1,49.6,前走人気以上 / 履歴少 / 人気以上に走る傾向
202646100608,2026-10-06,8,ニャンタロウ,6.0,6.0,加藤翔馬,57.0,,4.0,2.0,金沢,サラブレッド大賞典(重賞),2:13.8,1.3,曇,1.0,1.0,金沢,3歳A 3,1:38.1,-1.5,曇,1.0,1.0,金沢,3歳A 2,1:38.3,-0.1,曇,8.0,8.0,3東京5,3歳以上1勝クラス,1:36.9,1.3,雨,15.0,13.0,1新潟1,わらび賞(1勝クラス),1:57.1,3.9,晴,2.3,2.0,,nar,2026-10-06,61.12,74.2,44.3,75.1,63.5,50.9,59.5,金沢実績 / 履歴少 / 安定感
202646100608,2026-10-06,8,ノブトモ,1.0,1.0,魚住謙心,57.0,,3.0,2.0,金沢,つばんちゅファーム協(B2),1:40.5,1.3,雨,2.0,2.0,金沢,熊本地震被災者支援雲(B2),1:39.1,0.1,曇,1.0,1.0,金沢,スマホで投票!楽天競(C2),1:40.5,-0.1,晴,1.0,1.0,金沢,能登復興支援山伏山賞(C2),1:32.9,-0.9,曇,7.0,8.0,金沢,一里野温泉特別(B2),1:30.7,1.2,晴,34.7,4.0,,nar,2026-10-06,66.43,88.2,48.6,89.7,48.5,56.3,56.2,金沢実績 / 履歴少 / 安定感 / 市場オッズ妙味
202647100608,2026-10-06,8,ノヴェルピアーチェ,4.0,4.0,井口裕貴,52.0,,3.0,6.0,笠松,チャミーだぞ!祝え杯(3歳),1:31.4,0.8,曇,4.0,5.0,笠松,珈乃琲ノ樹5周年記念(3歳),1:33.2,2.0,曇,3.0,5.0,笠松,ななさん、ききさん卒(3歳),1:33.2,3.5,晴,14.0,13.0,3東京5,3歳未勝利,1:26.5,2.8,雨,15.0,15.0,1福島1,3歳未勝利,1:49.9,2.3,晴,5.0,3.0,,nar,2026-10-06,65.16,61.1,59.9,75.1,86.0,60.1,59.5,笠松実績 / 前走人気以上 / 履歴少 / 近走上向き
202630100608,2026-10-06,8,ハイバーニアン,10.0,7.0,阿部龍,57.0,,11.0,12.0,2札幌3,3歳未勝利,1:32.0,2.7,晴,8.0,15.0,1函館2,3歳未勝利,1:09.4,0.9,晴,15.0,14.0,3中山5,3歳未勝利,1:13.7,2.8,晴,16.0,9.0,1東京6,3歳新馬,1:43.5,3.7,晴,,,,,,,,3.2,2.0,,nar,2026-10-06,38.37,19.0,56.5,0.0,62.0,51.3,48.8,履歴少
202630100608,2026-10-06,8,ハッピーピンク,6.0,5.0,岩橋勇二,55.0,,7.0,12.0,門別,3歳以上C4ー2,2:00.7,0.9,晴,7.0,9.0,門別,グランシャリオドリー(C4),1:54.5,3.4,曇,3.0,7.0,門別,アルーダ日高西部賞(C4),1:02.6,0.2,晴,7.0,8.0,門別,3歳以上C4ー2,1:17.0,1.6,晴,9.0,7.0,門別,3歳以上C4ー2,1:17.2,2.3,曇,41.3,8.0,,nar,2026-10-06,53.69,56.7,69.2,19.8,47.0,61.2,46.3,前走人気以上 / 履歴少 / 人気以上に走る傾向 / 市場オッズ妙味
202644100608,2026-10-06,8,ハッピーメモリー,12.0,8.0,本村直樹,54.0,,10.0,10.0,大井,3歳四 五,1:22.4,7.8,晴,12.0,11.0,大井,3歳四 五六(3歳五),1:35.1,5.9,曇,11.0,11.0,大井,3歳四 五六(3歳五),1:18.4,4.0,晴,10.0,9.0,大井,内川賞(3歳二),1:37.3,9.1,晴,9.0,7.0,大井,鳶巣川賞(3歳二),1:18.8,5.2,晴,650.2,13.0,,nar,2026-10-06,35.0,23.3,45.8,0.0,53.0,48.3,43.8,履歴少
202646100608,2026-10-06,8,ハートロック,5.0,5.0,松戸政也,57.0,,5.0,3.0,金沢,B25,1:40.9,2.1,雨,4.0,5.0,金沢,新鮮野菜がいっぱい金(B2),1:32.5,0.3,晴,5.0,6.0,金沢,B23,1:39.8,1.9,晴,2.0,2.0,金沢,心星ひなまる永遠の5(B2),1:34.0,1.0,曇,7.0,3.0,金沢,あづ聖誕つにてんてん(B2),1:33.4,1.4,曇,216.6,8.0,,nar,2026-10-06,60.29,71.8,46.0,89.7,47.0,50.9,56.2,金沢実績 / 履歴少 / 安定感
202630100608,2026-10-06,8,ビリーヴザウエスト,7.0,6.0,桑村真明,57.0,,7.0,5.0,門別,グランシャリオドリー(C4),1:16.4,1.1,晴,3.0,9.0,門別,グランシャリオドリー(C4),1:16.1,0.7,晴,8.0,5.0,門別,3歳以上C4ー2,1:17.1,1.7,晴,7.0,4.0,門別,グランシャリオドリー(C4),1:16.7,1.8,雨,5.0,5.0,門別,3歳以上C4ー2,1:16.8,1.3,曇,17.9,5.0,,nar,2026-10-06,51.06,60.0,49.0,35.3,42.5,57.9,50.5,市場オッズ妙味
202644100608,2026-10-06,8,ベクトルマッハ,1.0,1.0,江里口裕,56.0,,12.0,12.0,大井,C2八 九,1:17.1,2.4,晴,14.0,12.0,大井,カサブランカ賞(C2九),1:31.1,3.9,曇,10.0,9.0,大井,こじし座特別競走(C2),2:13.7,2.5,曇,9.0,3.0,大井,オレンジ・ブロッサム(C2),2:45.1,3.8,曇,4.0,4.0,大井,C2三,2:13.7,0.3,雨,44.0,11.0,,nar,2026-10-06,31.9,22.3,39.0,10.3,33.5,45.8,46.3,履歴少
202644100608,2026-10-06,8,ベンハー,6.0,5.0,高橋優,53.0,,8.0,6.0,大井,C2九 十,1:15.0,1.6,晴,,,大井,C2六 七,,,曇,1.0,1.0,大井,C212 1314(C213),1:29.1,0.0,曇,1.0,1.0,大井,C3一 二三(C3二),1:29.3,0.0,晴,6.0,4.0,大井,C3二 三,1:45.0,0.9,晴,7.4,3.0,,nar,2026-10-06,49.13,71.8,42.4,34.3,18.0,53.1,51.2,大井実績 / 履歴少
202644100608,2026-10-06,8,ポルトディタリー,2.0,2.0,和田譲治,56.0,,2.0,7.0,大井,ビジュー賞(C2),1:43.8,0.2,晴,11.0,3.0,大井,カサブランカ賞(C2九),1:29.9,2.7,曇,7.0,2.0,大井,C2六 七八(C2七),1:31.4,2.1,曇,2.0,4.0,大井,マタドール賞(C212),1:28.7,0.0,晴,7.0,9.0,大井,C2六 七,1:44.6,1.6,曇,9.7,6.0,,nar,2026-10-06,55.51,62.0,43.3,45.0,78.5,57.1,49.6,前走人気以上 / 履歴少 / 近走上向き
202644100608,2026-10-06,8,マイフェアレディ,10.0,7.0,西優哉,51.0,,10.0,10.0,大井,C2五 六七(C2六),1:31.7,2.8,雨,8.0,11.0,大井,笠間モンブラン賞(C2),1:14.5,1.0,曇,6.0,9.0,大井,C2六 七八(C2七),1:31.0,1.7,曇,9.0,10.0,大井,C2九 十,1:15.1,1.7,晴,13.0,10.0,大井,ブラッドハウンド賞(C2四),1:32.0,3.5,曇,56.4,12.0,,nar,2026-10-06,41.49,37.0,58.2,0.0,44.0,53.5,43.8,履歴少
202646100608,2026-10-06,8,マイボーイ,4.0,4.0,田知弘久,57.0,,7.0,10.0,金沢,B25,1:41.1,2.3,雨,3.0,3.0,金沢,熊本地震被災者支援車(B2),1:41.1,0.9,曇,4.0,7.0,金沢,B24,1:41.1,1.7,晴,2.0,9.0,金沢,津田さんお疲れ様杯(B2),1:34.0,0.6,晴,6.0,7.0,金沢,「葛山画伯」記念(B2),1:40.7,3.0,曇,175.1,5.0,,nar,2026-10-06,61.23,71.4,68.4,59.3,30.5,62.6,52.9,金沢実績 / 前走人気以上 / 履歴少 / 人気以上に走る傾向
202644100608,2026-10-06,8,マジックタイプ,11.0,7.0,達城龍次,56.0,,12.0,12.0,大井,C2五 六七(C2六),1:32.5,3.6,雨,8.0,11.0,大井,C2六 七,1:43.6,1.4,曇,5.0,11.0,大井,C2六 七八(C2七),1:30.1,0.8,曇,13.0,9.0,大井,C2九 十,1:15.6,2.2,晴,5.0,12.0,大井,ブラッドハウンド賞(C2四),1:29.6,1.1,曇,27.0,8.0,,nar,2026-10-06,45.3,35.7,64.5,30.1,24.5,59.5,49.6,履歴少
202635100608,2026-10-06,8,マーゴットフェスタ,9.0,7.0,山本政聡,56.0,,5.0,5.0,水沢,ポルックス賞(C1),1:29.7,1.5,曇,5.0,1.0,盛岡,リギル賞(C1),1:27.5,1.1,曇,3.0,2.0,盛岡,C2一組,1:27.3,1.2,晴,1.0,1.0,盛岡,C2一組,1:26.3,-1.0,曇,1.0,1.0,盛岡,C2六組,1:13.3,-0.5,晴,4.2,2.0,,nar,2026-10-06,61.7,79.1,41.6,100.0,35.0,52.9,59.5,盛岡実績 / 履歴少 / 安定感
202630100608,2026-10-06,8,ミラコレジェンヌ,1.0,1.0,亀井洋司,55.0,,12.0,8.0,門別,伊藤忠エネクスホーム(C4),2:01.8,3.7,曇,7.0,6.0,門別,グランシャリオドリー(C4),1:16.4,0.7,晴,6.0,4.0,門別,3歳以上C4ー2,1:16.4,1.5,曇,6.0,2.0,門別,北海道野菜王国にった(C4),1:54.7,2.2,晴,4.0,9.0,大井,C3一 二三(C3二),1:15.0,0.4,晴,54.5,9.0,,nar,2026-10-06,35.18,45.1,36.5,10.3,12.5,47.7,43.8,履歴少
202644100608,2026-10-06,8,モカットモネ,8.0,6.0,Ｆ．ゴン,54.0,,3.0,7.0,大井,スティンガー賞(3歳),1:46.6,1.7,曇,8.0,6.0,大井,3歳六 七,1:45.0,1.3,曇,9.0,11.0,大井,3歳四 五,1:16.3,2.3,曇,10.0,9.0,大井,3歳四 五,1:16.0,1.9,晴,7.0,9.0,大井,3歳四 五六(3歳五),1:45.2,2.1,晴,16.8,7.0,,nar,2026-10-06,55.78,53.1,58.2,30.4,83.0,62.3,46.3,前走人気以上 / 履歴少 / 近走上向き / 市場オッズ妙味
202635100608,2026-10-06,8,モンサンイルベント,6.0,5.0,高松亮,56.0,,7.0,6.0,水沢,B2一組,1:45.2,1.4,晴,5.0,7.0,水沢,B2二組,1:44.5,1.7,曇,6.0,10.0,盛岡,岩手ビッグブルズシー(C1),1:39.2,0.4,曇,3.0,10.0,盛岡,C1二組,1:39.9,0.4,曇,1.0,11.0,盛岡,C1四組,1:26.7,-0.4,晴,25.9,10.0,,nar,2026-10-06,60.84,67.2,71.3,49.8,30.5,70.6,54.0,盛岡実績 / 履歴少 / 人気以上に走る傾向 / 過小評価傾向
202630100608,2026-10-06,8,ライトフライヤー,4.0,4.0,小野楓馬,57.0,,2.0,1.0,門別,3歳以上C4ー2,1:02.4,0.1,曇,3.0,1.0,門別,日高建設協会賞(C4),1:15.4,0.2,曇,2.0,1.0,門別,3歳以上C4ー2,1:15.4,0.0,晴,6.0,6.0,5中京3,2歳未勝利,1:35.1,0.8,曇,4.0,6.0,3京都6,2歳未勝利,1:54.1,1.8,曇,2.1,1.0,,nar,2026-10-06,64.82,83.7,44.4,85.4,60.5,51.9,59.5,門別実績 / 履歴少 / 安定感
202635100608,2026-10-06,8,ラグドール,7.0,6.0,坂井瑛音,55.0,,3.0,5.0,水沢,B2,1:30.4,0.5,晴,2.0,6.0,水沢,B2三組,1:42.6,0.0,曇,6.0,3.0,盛岡,C2一組,1:26.9,0.7,曇,2.0,4.0,盛岡,C2一組,1:26.4,0.0,晴,4.0,1.0,盛岡,C1,1:27.4,1.3,曇,8.1,3.0,,nar,2026-10-06,66.33,81.6,57.0,80.2,53.0,60.2,54.0,盛岡実績 / 履歴少 / 安定感
202635100608,2026-10-06,8,リケアペンネ,3.0,3.0,山本聡紀,54.0,,11.0,10.0,水沢,3歳B1一組,1:32.3,2.5,晴,6.0,4.0,水沢,夢・希望未来へ前進(3歳B2),1:29.6,1.0,曇,3.0,3.0,盛岡,3歳B2二組,1:26.9,0.7,曇,4.0,6.0,盛岡,3歳B2一組,1:27.3,0.8,晴,3.0,3.0,盛岡,3歳B2二組,1:25.5,0.1,小雨,34.2,12.0,,nar,2026-10-06,46.88,57.4,46.4,44.7,8.0,52.9,59.5,盛岡実績 / 履歴少
202630100608,2026-10-06,8,レーヴドリュヌ,11.0,8.0,石川倭,55.0,,8.0,2.0,門別,3歳以上C4ー2,2:01.2,1.4,晴,14.0,14.0,2中京8,3歳未勝利,2:14.5,1.8,晴,10.0,9.0,2中京4,3歳未勝利,2:00.6,0.9,晴,8.0,4.0,3阪神6,3歳未勝利,2:29.4,1.8,晴,6.0,10.0,3阪神2,3歳未勝利,1:47.5,0.5,雨,5.5,3.0,,nar,2026-10-06,35.73,31.5,34.7,0.0,59.0,47.4,48.8,履歴少
202644100609,2026-10-06,9,アジアンゴールド,7.0,5.0,Ｆ．ゴン,54.0,,3.0,7.0,大井,C2十 11,1:15.3,0.9,晴,8.0,10.0,大井,カサブランカ賞(C2九),1:29.1,1.9,曇,6.0,5.0,大井,C2九 十,1:15.7,2.3,雨,7.0,8.0,大井,マタドール賞(C212),1:29.4,0.7,晴,10.0,6.0,大井,ディキ・ディキ賞(C2),1:16.1,1.1,曇,58.3,8.0,,nar,2026-10-06,55.82,58.8,58.7,30.4,78.5,53.9,46.3,前走人気以上 / 履歴少 / 近走上向き
202644100609,2026-10-06,9,アメジストハート,1.0,1.0,高橋優,51.0,,6.0,9.0,大井,3歳四 五,1:16.8,2.2,晴,14.0,13.0,大井,3歳四 五,1:17.2,3.2,曇,13.0,14.0,大井,3歳四 五,1:16.8,2.8,曇,14.0,14.0,大井,3歳四 五,1:17.1,3.0,晴,15.0,11.0,大井,3歳四 五六(3歳五),1:17.6,3.0,曇,320.4,14.0,,nar,2026-10-06,41.25,19.0,53.1,0.0,98.0,50.3,43.8,前走人気以上 / 履歴少 / 近走上向き
202630100609,2026-10-06,9,イチリュウオー,1.0,1.0,宮内勇樹,57.0,,6.0,8.0,門別,3歳以上C4ー2,1:53.6,1.4,晴,3.0,4.0,門別,グランシャリオドリー(C4),1:52.6,1.5,曇,3.0,10.0,門別,グランシャリオドリー(C4),1:52.2,0.8,晴,4.0,9.0,門別,ネモフィラ特別(C4),2:00.8,1.0,晴,7.0,9.0,門別,門別音頭祭り特別(C4),1:53.2,3.1,曇,52.1,9.0,,nar,2026-10-06,63.7,72.2,72.2,59.3,39.5,64.6,52.5,門別実績 / 人気以上に走る傾向
202647100609,2026-10-06,9,イッツユー,3.0,3.0,赤津和希,55.0,,3.0,4.0,笠松,3歳未勝利,0:51.3,1.2,曇,3.0,6.0,笠松,3歳未勝利,1:35.2,0.4,曇,7.0,8.0,笠松,第4回よろしく頼む杯(3歳),1:35.4,3.6,曇,7.0,7.0,笠松,3歳未勝利,0:51.8,1.5,曇,8.0,8.0,笠松,祝!〜加藤正退職記念(3歳),1:36.3,6.5,晴,48.6,6.0,,nar,2026-10-06,61.66,68.9,58.7,55.3,69.5,59.5,49.6,履歴少 / 近走上向き / 市場オッズ妙味
202635100609,2026-10-06,9,イテマエダセン,2.0,2.0,高松亮,56.0,,6.0,5.0,水沢,クラスペディア賞(C1),1:29.6,1.9,曇,2.0,2.0,盛岡,C1,1:13.2,0.1,曇,6.0,1.0,盛岡,C1,1:12.8,0.3,曇,4.0,1.0,盛岡,C1,1:00.5,0.9,曇,1.0,3.0,盛岡,C1,1:12.8,-0.5,晴,2.2,1.0,,nar,2026-10-06,52.52,74.4,39.3,49.8,33.5,48.8,54.0,盛岡実績
202647100609,2026-10-06,9,ウインアベリア,9.0,8.0,深澤杏花,53.0,,2.0,4.0,笠松,チャミーだぞ!祝え杯(3歳),1:30.9,0.3,曇,15.0,16.0,1札幌5,3歳未勝利,2:05.1,4.3,曇,13.0,14.0,1札幌1,3歳未勝利,1:50.1,2.2,曇,14.0,14.0,1函館2,3歳未勝利,2:02.2,2.6,晴,15.0,12.0,1小倉2,3歳未勝利,2:01.7,2.2,晴,2.6,1.0,,nar,2026-10-06,49.06,28.8,55.2,30.4,100.0,51.7,48.8,履歴少 / 近走上向き
202630100609,2026-10-06,9,エアリアルグレース,3.0,3.0,小野楓馬,55.0,,3.0,5.0,園田,JRA交流妙見山特別,2:07.7,2.7,雨,13.0,16.0,2中京3,3歳未勝利,1:58.2,1.8,晴,13.0,14.0,3阪神5,3歳未勝利,1:57.9,3.1,曇,7.0,14.0,3京都10,3歳未勝利,1:56.0,1.6,晴,13.0,13.0,3京都5,3歳未勝利,2:02.4,2.1,晴,17.6,6.0,,nar,2026-10-06,55.37,35.3,68.0,30.4,100.0,61.7,48.8,履歴少 / 人気以上に走る傾向 / 近走上向き / 市場オッズ妙味
202646100609,2026-10-06,9,エスティメート,6.0,6.0,青柳正義,57.0,,14.0,15.0,3新潟2,古町S(3勝クラス),1:54.8,2.2,曇,9.0,15.0,4中山7,内房S(3勝クラス),1:53.7,0.7,曇,9.0,13.0,2福島2,鶴ヶ城S(3勝クラス),1:45.7,1.2,晴,6.0,16.0,3中山7,下総S(3勝クラス),1:53.8,1.2,晴,13.0,16.0,2中山7,韓国馬事会杯(3勝クラス),1:54.8,1.9,晴,1.1,1.0,,nar,2026-10-06,43.05,25.3,80.5,0.0,21.5,65.7,48.8,履歴少 / 人気以上に走る傾向 / 過小評価傾向
202644100609,2026-10-06,9,エムオーナイナー,10.0,6.0,岡村健司,56.0,,5.0,8.0,大井,C2八 九,1:15.9,1.2,晴,6.0,12.0,大井,晩夏賞(C2九),1:15.2,1.3,曇,12.0,12.0,大井,C2六 七八(C2七),1:16.8,2.3,曇,14.0,10.0,大井,C211 1213(C212),1:16.4,2.0,晴,8.0,1.0,大井,C2八 九,1:15.5,0.9,曇,52.9,7.0,,nar,2026-10-06,50.67,42.5,57.7,30.4,80.0,50.3,46.3,前走人気以上 / 履歴少 / 近走上向き
202647100609,2026-10-06,9,カツノアッパレ,7.0,7.0,向山牧,55.0,,3.0,8.0,笠松,3歳未勝利,1:32.7,0.6,晴,6.0,7.0,笠松,大きく羽ばたけ!爽羽(3歳),1:36.7,4.7,曇,5.0,9.0,笠松,20周年Honey☆(3歳),1:35.2,5.6,曇,8.0,5.0,笠松,第21回岡田みなも生(3歳),1:35.1,6.3,雨,6.0,6.0,笠松,3歳5組,1:34.7,3.8,晴,58.3,8.0,,nar,2026-10-06,61.64,66.5,64.9,50.2,69.5,58.1,49.6,前走人気以上 / 履歴少 / 近走上向き
202646100609,2026-10-06,9,カンナギ,10.0,8.0,沖静男,55.0,,12.0,8.0,金沢,B25,1:41.9,3.1,雨,4.0,3.0,金沢,B24,1:33.5,1.0,雨,3.0,7.0,金沢,祝ジーケー工業株式会(B2),1:33.6,1.3,晴,8.0,10.0,川崎,クロート賞(C2C3),2:18.1,2.8,曇,7.0,7.0,川崎,コンコルディア賞(C2C3),2:21.2,2.9,晴,73.4,8.0,,nar,2026-10-06,45.29,51.0,47.3,44.7,11.0,54.1,54.0,金沢実績 / 履歴少
202630100609,2026-10-06,9,キタサンスーザン,2.0,2.0,岩橋勇二,55.0,,6.0,10.0,門別,伊藤忠エネクスホーム(C4),2:00.0,1.9,曇,4.0,5.0,門別,オニユリ特別(C4),2:01.2,2.0,晴,7.0,5.0,門別,ネモフィラ特別(C4),2:01.9,2.1,晴,2.0,4.0,門別,ラベンダー特別(C4),2:00.1,0.5,雨,5.0,8.0,門別,アヤメ特別(C4),1:53.4,1.0,晴,104.7,11.0,,nar,2026-10-06,58.53,67.9,61.7,49.8,41.0,58.7,55.9,門別実績 / クラス条件好転 / 前走人気以上 / 履歴少
202647100609,2026-10-06,9,キングジェネシス,6.0,6.0,渡辺竜也,57.0,,11.0,4.0,2阪神4,3歳未勝利,1:56.4,3.6,晴,5.0,10.0,2阪神2,3歳未勝利,2:02.2,1.8,晴,12.0,7.0,5阪神7,2歳新馬,2:05.0,2.4,晴,,,,,,,,,,,,,,,2.7,2.0,,nar,2026-10-06,35.45,33.8,32.6,24.9,35.0,43.5,48.8,履歴少
202644100609,2026-10-06,9,クライスラー,4.0,3.0,野畑凌,54.0,,1.0,6.0,大井,C2十 11,1:14.4,-0.8,晴,11.0,6.0,大井,晩夏賞(C2九),1:15.8,1.9,曇,11.0,8.0,川崎,C2五 六,1:33.7,1.4,晴,12.0,11.0,船橋,馬い!実況ありがとう(C2三),1:18.3,2.3,曇,9.0,3.0,川崎,二人羽織賞(C2),1:35.1,1.9,晴,20.0,4.0,,nar,2026-10-06,49.98,44.8,42.4,30.4,100.0,46.3,51.2,大井実績 / 前走人気以上 / 履歴少 / 近走上向き
202647100609,2026-10-06,9,ケイツーキップ,5.0,5.0,細川智史,55.0,,9.0,8.0,3新潟3,3歳未勝利,1:14.8,2.0,曇,7.0,15.0,2新潟1,3歳未勝利,0:56.4,1.1,曇,18.0,16.0,2東京11,3歳未勝利,1:23.9,2.9,晴,15.0,9.0,1福島6,3歳未勝利,1:10.7,1.5,晴,5.0,15.0,1福島2,3歳未勝利,1:09.9,0.6,晴,4.3,3.0,,nar,2026-10-06,44.88,30.9,60.2,10.3,63.5,57.5,48.8,履歴少
202630100609,2026-10-06,9,コールリッジ,9.0,7.0,金山昇馬,57.0,,8.0,4.0,3新潟1,3歳未勝利,2:01.7,0.9,晴,15.0,4.0,2新潟7,3歳未勝利,1:59.0,4.7,晴,4.0,5.0,2新潟2,3歳未勝利,2:04.7,0.8,曇,7.0,7.0,2福島1,3歳未勝利,1:59.9,0.3,晴,6.0,13.0,2中山4,3歳未勝利,1:48.6,1.6,晴,4.4,2.0,,nar,2026-10-06,38.71,42.2,28.7,19.8,50.0,48.3,48.8,履歴少
202635100609,2026-10-06,9,ゴープラチナム,6.0,6.0,村上忍,54.0,,8.0,9.0,水沢,B1,0:53.0,1.7,晴,7.0,9.0,水沢,B2,0:52.6,1.4,曇,11.0,10.0,盛岡,B2,1:14.5,2.4,曇,6.0,9.0,盛岡,B2,1:13.6,1.2,曇,6.0,7.0,盛岡,C1,1:00.6,1.0,曇,61.8,9.0,,nar,2026-10-06,44.65,45.2,58.0,0.0,47.0,55.5,46.5,総合評価
202644100609,2026-10-06,9,シルエットライド,13.0,8.0,新原周馬,56.0,,11.0,13.0,大井,C2五 六七(C2六),1:32.4,3.5,雨,14.0,10.0,大井,C2六 七,1:46.6,4.4,曇,9.0,10.0,大井,C2二 三四(C2三),1:44.3,1.6,晴,9.0,7.0,大井,バンブー賞(C2五),1:29.9,1.7,晴,4.0,6.0,大井,C2七 八九(C2八),1:15.1,1.1,雨,93.8,12.0,,nar,2026-10-06,36.36,26.3,48.1,10.3,38.0,50.3,46.3,履歴少
202647100609,2026-10-06,9,ジョイフルサンデー,4.0,4.0,東川慎,57.0,,6.0,4.0,笠松,3歳9組,1:32.1,0.9,曇,4.0,5.0,名古屋,名古屋CCラズベリー(3歳),1:37.0,1.7,晴,16.0,16.0,3阪神2,3歳未勝利,2:00.2,6.0,雨,3.0,2.0,笠松,美江寺宿特別(3歳),1:31.0,1.3,曇,9.0,14.0,3京都8,2歳未勝利,1:28.4,2.1,曇,9.5,4.0,,nar,2026-10-06,52.49,53.2,50.1,39.5,62.0,59.1,51.2,笠松実績 / 履歴少
202644100609,2026-10-06,9,ジルクン,3.0,3.0,達城龍次,56.0,,3.0,5.0,大井,C2八 九,1:15.3,0.6,晴,10.0,7.0,大井,カサブランカ賞(C2九),1:29.4,2.2,曇,3.0,6.0,大井,C2九 十,1:15.1,1.7,雨,13.0,3.0,大井,C211 1213(C212),1:15.9,1.5,晴,4.0,3.0,大井,C2八 九,1:15.1,0.5,曇,17.4,3.0,,nar,2026-10-06,55.92,57.5,42.2,60.5,77.0,56.3,52.9,大井実績 / 履歴少 / 近走上向き / 安定感
202635100609,2026-10-06,9,スカイルーク,4.0,4.0,鈴木祐,56.0,,3.0,10.0,水沢,B1B2混合,0:51.3,0.3,雨,9.0,8.0,水沢,B2,0:53.1,1.9,曇,5.0,8.0,盛岡,B2,1:13.9,1.8,曇,5.0,6.0,盛岡,いわてくじ山形村短角(B2),1:01.0,0.6,晴,2.0,4.0,盛岡,B2,1:13.0,0.6,曇,17.8,6.0,,nar,2026-10-06,67.69,67.4,69.8,75.1,63.5,70.0,56.4,盛岡実績 / 前走人気以上 / 人気以上に走る傾向 / 安定感
202646100609,2026-10-06,9,スリーオウギ,2.0,2.0,魚住謙心,57.0,,4.0,7.0,金沢,B25,1:40.7,1.9,雨,5.0,6.0,金沢,B24,1:33.8,1.3,雨,4.0,8.0,金沢,祝ジーケー工業株式会(B2),1:33.7,1.4,晴,3.0,7.0,金沢,智聡&夏生☆結婚半年(B2),1:40.4,1.9,曇,8.0,9.0,金沢,夏野菜でおいしく水分(B2),1:33.4,2.0,晴,86.8,9.0,,nar,2026-10-06,68.33,71.9,68.5,89.7,56.0,62.0,56.2,金沢実績 / 前走人気以上 / 履歴少 / 人気以上に走る傾向
202635100609,2026-10-06,9,タカマキスリー,9.0,8.0,菅原辰徳,56.0,,8.0,8.0,水沢,B1B2混合,0:52.5,1.5,雨,12.0,11.0,盛岡,B1,1:15.0,2.7,曇,10.0,10.0,盛岡,B1,1:14.2,2.0,曇,9.0,8.0,盛岡,B1,1:00.2,1.3,曇,11.0,6.0,盛岡,B1,1:15.0,2.4,晴,28.9,7.0,,nar,2026-10-06,37.42,29.2,43.6,0.0,65.0,47.1,43.8,履歴少 / 近走上向き
202635100609,2026-10-06,9,タカマキフォー,3.0,3.0,佐々木志,54.0,,10.0,6.0,水沢,B1B2混合,0:52.5,1.5,雨,1.0,1.0,盛岡,C1,1:13.6,-0.5,曇,2.0,3.0,水沢,B2,0:51.8,0.0,曇,9.0,7.0,盛岡,C1,1:28.9,3.0,曇,2.0,4.0,盛岡,C1,1:13.5,0.3,曇,7.3,4.0,,nar,2026-10-06,49.96,66.4,42.3,55.0,11.0,56.5,54.0,盛岡実績 / 履歴少
202646100609,2026-10-06,9,タントゥーム,4.0,4.0,吉田晃浩,55.0,,2.0,4.0,金沢,B24,1:33.1,0.6,雨,10.0,11.0,名古屋,ベイスプリント(重賞),0:57.2,3.2,晴,5.0,4.0,金沢,能登復興支援木ノ浦海(B2),1:40.1,0.5,曇,7.0,7.0,金沢,新鮮野菜がいっぱい金(B2),1:33.1,0.9,晴,1.0,4.0,金沢,七尾祇園祭特別(C1),0:57.2,-0.1,雨,18.9,4.0,,nar,2026-10-06,63.16,66.3,56.8,60.5,72.5,65.5,58.3,金沢実績 / クラス条件好転 / 履歴少 / 近走上向き
202630100609,2026-10-06,9,ダイビングキャッチ,11.0,8.0,桑村真明,57.0,,3.0,5.0,門別,3歳以上C4ー2,1:53.3,1.1,晴,4.0,2.0,門別,鮭鮭鮭!石狩市三大秋(C4),1:03.1,0.8,晴,6.0,2.0,門別,3歳以上C4ー2,1:16.7,1.5,曇,4.0,2.0,門別,ホクレンパールライス(C4),1:16.3,1.0,雨,2.0,2.0,門別,3歳以上C4ー2,1:16.1,0.6,曇,14.8,4.0,,nar,2026-10-06,61.76,76.9,43.2,80.2,56.0,57.6,54.5,門別実績 / 安定感 / 市場オッズ妙味
202644100609,2026-10-06,9,チェイスザファイア,8.0,5.0,本田正重,56.0,,6.0,3.0,大井,C2五 六七(C2六),1:16.1,1.1,雨,6.0,4.0,大井,笠間モンブラン賞(C2),1:14.3,0.8,曇,2.0,9.0,大井,C2六 七八(C2七),1:14.8,0.3,曇,10.0,8.0,大井,C2九 十,1:15.1,1.7,晴,7.0,7.0,大井,ディキ・ディキ賞(C2),1:15.9,0.9,曇,41.4,6.0,,nar,2026-10-06,49.34,60.8,47.8,19.8,51.5,54.7,46.3,履歴少 / 市場オッズ妙味
202644100609,2026-10-06,9,デルタウェーブ,12.0,7.0,西啓太,54.0,,4.0,11.0,大井,C2八 九,1:15.6,0.9,晴,15.0,8.0,大井,晩夏賞(C2九),1:17.0,3.1,曇,8.0,11.0,大井,C2六 七八(C2七),1:16.4,1.9,曇,7.0,12.0,大井,C2九 十,1:14.9,1.5,晴,10.0,13.0,大井,C2三 四五(C2四),1:15.9,1.8,曇,80.9,11.0,,nar,2026-10-06,54.04,42.3,64.1,30.4,86.0,58.7,46.3,前走人気以上 / 履歴少 / 近走上向き
202644100609,2026-10-06,9,トーセンアマンダ,9.0,6.0,杉山海波,51.0,,9.0,10.0,大井,C2八 九,1:16.5,1.8,晴,8.0,15.0,大井,晩夏賞(C2九),1:15.4,1.5,曇,13.0,14.0,大井,C2六 七八(C2七),1:17.1,2.6,曇,12.0,13.0,大井,C2九 十,1:15.6,2.2,晴,9.0,14.0,大井,C2八 九,1:15.6,1.0,曇,178.9,13.0,,nar,2026-10-06,44.73,28.2,70.4,0.0,59.0,60.7,43.8,履歴少 / 人気以上に走る傾向
202646100609,2026-10-06,9,ナギサノバルコニー,9.0,8.0,望月洵輝,55.0,,3.0,2.0,金沢,B25,1:40.7,1.9,雨,3.0,2.0,金沢,B24,1:33.5,1.0,雨,1.0,1.0,金沢,C13,1:39.8,-0.3,晴,2.0,3.0,金沢,睦斗小学校入学&紬ほ(C1),1:33.5,0.3,曇,7.0,3.0,金沢,楽天競馬で馬券を買お(C1C2),0:57.6,1.3,曇,13.5,3.0,,nar,2026-10-06,65.08,85.0,44.3,89.7,51.5,57.8,56.2,金沢実績 / 履歴少 / 安定感 / 市場オッズ妙味
202647100609,2026-10-06,9,ナンヨーメルシー,1.0,1.0,井口裕貴,54.0,,9.0,7.0,笠松,3歳未勝利,1:35.9,3.8,晴,7.0,7.0,笠松,3歳7組,1:36.0,4.7,曇,9.0,10.0,笠松,20周年Honey☆(3歳),1:36.1,6.5,曇,8.0,8.0,笠松,春駒特別(3歳),1:46.7,3.9,晴,5.0,7.0,笠松,3歳5組,1:34.2,3.3,晴,311.1,9.0,,nar,2026-10-06,42.03,44.5,48.6,10.3,39.5,52.2,46.3,履歴少
202635100609,2026-10-06,9,ハヤブサアポチャン,7.0,7.0,斉藤友香,50.0,,9.0,6.0,水沢,B1,0:53.0,1.7,晴,8.0,6.0,水沢,カウスアウストラリス(B1),1:44.9,2.5,曇,12.0,6.0,名古屋,夏の大三角特別(B),1:42.3,6.2,小雨,8.0,5.0,名古屋,夕凪特別(A),1:38.2,2.6,曇,1.0,1.0,川崎,ソルスティツィオ賞(C2),1:38.1,-0.1,晴,4.2,2.0,,nar,2026-10-06,35.2,41.0,28.8,10.3,39.5,42.5,48.8,履歴少
202630100609,2026-10-06,9,ピエールエンジェル,5.0,5.0,服部茂史,55.0,,11.0,12.0,門別,3歳以上C4ー2,1:54.4,2.2,晴,5.0,10.0,門別,グランシャリオドリー(C4),1:53.5,2.4,曇,9.0,8.0,門別,ネジバナ特別(C4),1:39.9,2.3,晴,9.0,7.0,門別,グランシャリオドリー(C4),1:03.7,1.8,晴,9.0,6.0,門別,3歳以上C4ー2,1:02.9,0.9,曇,108.4,12.0,,nar,2026-10-06,42.8,39.1,55.3,24.9,32.0,50.9,46.3,履歴少
202646100609,2026-10-06,9,フラッシュフリーズ,3.0,3.0,甲賀弘隆,55.0,,9.0,8.0,金沢,HBA組合長賞(B2),1:33.9,1.6,晴,5.0,3.0,金沢,B23,1:32.5,0.6,雨,3.0,2.0,金沢,B22,1:32.4,0.3,晴,4.0,8.0,金沢,高橋家&西村家★結婚(B1特別),1:39.5,0.7,曇,4.0,9.0,金沢,B23,1:39.1,1.2,晴,108.6,10.0,,nar,2026-10-06,54.24,63.4,50.7,69.6,20.0,56.8,56.2,金沢実績 / 履歴少 / 安定感
202635100609,2026-10-06,9,フラメンタ,1.0,1.0,山本聡紀,54.0,,6.0,7.0,水沢,B1,0:52.6,1.3,晴,10.0,9.0,水沢,B1,0:52.0,2.1,雨,6.0,8.0,盛岡,B1,1:00.3,1.3,曇,9.0,8.0,盛岡,B1,1:14.1,1.9,曇,5.0,6.0,盛岡,B1,0:59.9,1.0,曇,39.3,8.0,,nar,2026-10-06,47.25,49.3,52.9,10.3,59.0,54.1,48.5,履歴少 / 市場オッズ妙味
202630100609,2026-10-06,9,フルボーグ,6.0,5.0,阿部龍,57.0,,4.0,5.0,門別,3歳以上C4ー2,2:00.3,0.5,晴,1.0,2.0,門別,3歳以上C4ー3,1:16.1,-0.1,曇,3.0,2.0,門別,3歳以上C4ー3,1:16.5,2.1,晴,5.0,1.0,門別,3歳以上C4ー3,1:16.4,0.4,晴,2.0,1.0,門別,ホクレン「くるるの杜(C4),1:15.8,0.3,雨,22.8,7.0,,nar,2026-10-06,65.54,84.0,47.7,100.0,42.5,53.7,59.5,門別実績 / 履歴少 / 安定感 / 市場オッズ妙味
202630100609,2026-10-06,9,ブクブクー,7.0,6.0,石川倭,57.0,,12.0,7.0,3中京3,3歳未勝利,1:57.1,2.6,曇,4.0,7.0,3中京2,3歳未勝利,1:56.8,1.5,晴,6.0,12.0,2小倉3,3歳未勝利,1:44.3,2.8,曇,7.0,7.0,1阪神10,3歳未勝利,1:56.2,1.5,晴,6.0,7.0,1阪神6,3歳未勝利,1:56.7,0.8,曇,1.6,1.0,,nar,2026-10-06,43.44,48.2,53.6,24.9,12.5,54.2,50.0,前走人気以上
202635100609,2026-10-06,9,ブリスタイム,8.0,8.0,高橋悠里,56.0,,10.0,8.0,水沢,夢・希望未来へ前進(B1),1:45.1,1.7,晴,8.0,3.0,盛岡,C1一組,1:39.0,1.4,曇,2.0,3.0,水沢,夢・希望未来へ前進(B2),1:29.7,0.1,晴,7.0,3.0,盛岡,C1,1:28.3,2.4,曇,1.0,2.0,盛岡,C1,1:27.0,-0.2,晴,4.8,3.0,,nar,2026-10-06,41.35,55.6,35.0,30.1,17.0,49.2,48.5,履歴少
202646100609,2026-10-06,9,ブレイブゼウス,5.0,5.0,浅野登生,54.0,,9.0,6.0,金沢,B25,1:41.5,2.7,雨,10.0,9.0,金沢,能登復興支援七ツ島特(B2),1:40.4,1.5,晴,2.0,3.0,金沢,智聡&夏生☆結婚半年(B2),1:40.3,1.8,曇,6.0,2.0,金沢,新鮮野菜がいっぱい金(B2),1:33.0,0.8,晴,2.0,2.0,金沢,B25,1:32.9,0.7,曇,51.3,6.0,,nar,2026-10-06,43.04,54.4,39.2,30.1,26.0,48.1,49.6,履歴少
202635100609,2026-10-06,9,プリティキッス,5.0,5.0,塚本涼人,54.0,,6.0,9.0,水沢,赤平金剛賞(B1B2),1:29.2,1.0,小雨,8.0,10.0,水沢,B1,0:51.5,1.6,雨,10.0,5.0,盛岡,ポーチュラカ賞(B1),1:12.6,1.8,雨,1.0,4.0,盛岡,B1,1:12.5,0.0,曇,4.0,4.0,盛岡,B2,0:59.8,0.6,雨,11.5,5.0,,nar,2026-10-06,52.03,57.2,56.0,24.9,48.5,59.7,54.0,盛岡実績 / 前走人気以上 / 履歴少
202646100609,2026-10-06,9,プレストバローズ,1.0,1.0,中島龍也,57.0,,2.0,3.0,金沢,つばんちゅファーム協(B2),1:39.3,0.1,雨,1.0,2.0,金沢,C15,1:30.9,-2.2,雨,6.0,4.0,金沢,なつみちゃん誕生日お(C1),1:34.6,1.9,晴,3.0,7.0,金沢,C13,1:41.0,1.8,雨,,,金沢,だいきち不動産設立記(C1),,,雨,12.8,2.0,,nar,2026-10-06,67.29,85.9,55.8,69.9,58.0,64.1,55.3,金沢実績 / 履歴少 / 安定感 / 市場オッズ妙味
202630100609,2026-10-06,9,ベルケム,8.0,6.0,亀井洋司,57.0,,2.0,9.0,門別,3歳以上C4ー2,1:59.9,0.1,晴,9.0,3.0,門別,伊藤忠エネクスホーム(C4),2:00.4,2.3,曇,2.0,4.0,門別,オニユリ特別(C4),2:00.2,1.0,晴,3.0,4.0,門別,ネモフィラ特別(C4),2:00.7,0.9,晴,8.0,10.0,門別,王冠賞〔H2〕(重賞),1:58.3,2.4,曇,15.6,5.0,,nar,2026-10-06,65.21,71.9,59.7,64.7,71.0,65.6,52.9,門別実績 / 前走人気以上 / 履歴少 / 近走上向き
202630100609,2026-10-06,9,ホウオウプラージュ,12.0,8.0,藤田凌駕,54.0,,5.0,10.0,門別,3歳以上C4ー2,2:00.5,0.7,晴,11.0,11.0,門別,伊藤忠エネクスホーム(C4),2:01.7,3.6,曇,6.0,6.0,門別,オニユリ特別(C4),2:01.8,2.6,晴,6.0,7.0,門別,ネモフィラ特別(C4),2:01.8,2.0,晴,9.0,5.0,門別,門別音頭祭り特別(C4),1:54.6,4.5,曇,96.6,10.0,,nar,2026-10-06,51.94,50.0,58.8,30.4,68.0,52.9,46.3,前走人気以上 / 履歴少 / 近走上向き
202630100609,2026-10-06,9,マッドヘッドラブ,4.0,4.0,落合玄太,55.0,,3.0,3.0,門別,宮の沢白い恋人サッカ(C4),1:15.8,2.0,晴,11.0,14.0,2福島8,3歳未勝利,1:50.0,3.1,晴,13.0,10.0,3東京5,3歳未勝利,1:39.7,3.2,小雨,13.0,9.0,1新潟7,3歳未勝利,2:00.3,4.3,晴,11.0,6.0,1東京4,3歳新馬,1:43.0,3.3,晴,9.1,3.0,,nar,2026-10-06,47.09,34.0,43.4,30.4,100.0,46.6,50.0,前走人気以上 / 近走上向き
202647100609,2026-10-06,9,ミスエベレスト,8.0,8.0,大原浩司,55.0,,5.0,8.0,笠松,3歳9組,1:31.6,0.4,曇,3.0,4.0,笠松,3歳7組,1:34.4,3.0,曇,7.0,1.0,笠松,第1回水田帰省記念(3歳),1:33.9,2.8,雨,15.0,15.0,3東京5,3歳未勝利,1:27.1,3.4,雨,8.0,7.0,浦和,ツインホープ特別(3歳),1:31.5,2.6,曇,9.5,5.0,,nar,2026-10-06,56.03,56.4,49.1,55.3,69.5,57.6,54.0,笠松実績 / 前走人気以上 / 履歴少 / 近走上向き
202646100609,2026-10-06,9,ミラコロヴァーグ,7.0,7.0,田知弘久,57.0,,6.0,7.0,金沢,HBA組合長賞(B2),1:33.6,1.3,晴,7.0,2.0,金沢,B23,1:32.6,0.7,雨,2.0,6.0,金沢,B22,1:32.1,0.0,晴,6.0,8.0,金沢,能登復興支援木ノ浦海(B2),1:40.3,0.7,曇,6.0,8.0,金沢,B22,1:33.4,1.7,晴,34.6,5.0,,nar,2026-10-06,51.08,64.3,52.4,19.8,45.5,57.3,46.3,履歴少 / 市場オッズ妙味
202644100609,2026-10-06,9,ミルトマジック,2.0,2.0,矢野貴之,56.0,,2.0,1.0,大井,C2九 十,1:13.7,0.3,晴,1.0,1.0,大井,C2十 1112(C211),1:13.7,-1.2,晴,2.0,3.0,1京都1,3歳新馬,1:27.0,0.0,曇,,,,,,,,,,,,,,,1.1,1.0,,nar,2026-10-06,65.92,94.7,49.0,75.1,47.0,50.4,59.5,大井実績 / 履歴少 / 安定感
202646100609,2026-10-06,9,メイショウコウシ,8.0,7.0,松戸政也,57.0,,7.0,10.0,金沢,金沢鼓門賞【金沢スプ(重賞),1:33.0,2.5,雨,10.0,10.0,金沢,B22,1:40.7,2.5,雨,7.0,6.0,金沢,神代れいん生誕祭20(B1),1:41.5,3.0,曇,6.0,4.0,金沢,堀江舞アナ明日8月5(B1特別),1:35.5,2.6,晴,,,金沢,miCometビジネ(B1),,,晴,72.0,7.0,,nar,2026-10-06,43.93,46.6,53.3,0.0,54.0,51.6,43.8,前走人気以上 / 履歴少
202644100609,2026-10-06,9,ヨシノリラ,6.0,4.0,中村尚平,54.0,,13.0,4.0,大井,C2八 九,1:17.4,2.7,晴,6.0,6.0,大井,C2五 六,1:15.1,1.3,曇,3.0,10.0,大井,C2七 八九(C2八),1:15.2,0.3,晴,5.0,11.0,大井,C2七 八九(C2八),1:15.1,1.1,雨,7.0,15.0,大井,C2八 九,1:15.0,1.3,晴,39.2,5.0,,nar,2026-10-06,44.03,48.1,52.4,34.3,3.5,60.6,49.6,履歴少 / 市場オッズ妙味
202644100609,2026-10-06,9,ラピダニーニャ,14.0,8.0,石川駿介,54.0,,6.0,5.0,大井,C2二 三四(C2三),1:30.9,3.5,晴,11.0,5.0,大井,バンブー賞(C2五),1:30.4,2.2,晴,5.0,2.0,大井,C2 選抜牝馬,1:29.7,0.5,曇,6.0,4.0,大井,C2五 六七(C2六),1:29.7,1.1,晴,6.0,6.0,大井,C2六 七,1:44.1,1.1,晴,63.8,9.0,,nar,2026-10-06,41.94,51.6,31.2,19.8,56.0,44.8,46.3,履歴少
202630100609,2026-10-06,9,ラブレガル,10.0,7.0,小川悠汰,54.0,,6.0,7.0,門別,3歳以上C4ー2,2:00.5,0.7,晴,3.0,7.0,門別,伊藤忠エネクスホーム(C4),1:59.6,1.5,曇,3.0,3.0,門別,オニユリ特別(C4),2:01.1,1.9,晴,2.0,6.0,門別,ネモフィラ特別(C4),2:00.5,0.7,晴,4.0,3.0,門別,門別音頭祭り特別(C4),1:52.3,2.2,曇,40.5,8.0,,nar,2026-10-06,62.99,77.0,62.5,69.6,32.0,61.5,56.2,門別実績 / 履歴少 / 安定感 / 市場オッズ妙味
202644100609,2026-10-06,9,リックシーリン,5.0,4.0,木澤奨,53.0,,8.0,3.0,大井,3歳四 五,1:17.4,2.8,晴,5.0,12.0,大井,3歳六 七,1:15.2,1.8,曇,2.0,3.0,大井,3歳九 十11(3歳十),1:15.7,0.6,晴,6.0,13.0,大井,3歳六 七八(3歳七),1:15.7,0.9,曇,13.0,14.0,大井,3歳七 八,1:19.2,4.6,雨,77.6,10.0,,nar,2026-10-06,54.48,57.7,60.8,44.7,41.0,60.6,49.6,履歴少
202644100609,2026-10-06,9,リュウノワールド,11.0,7.0,笹川翼,56.0,,2.0,3.0,大井,晩夏賞(C2九),1:14.4,0.5,曇,4.0,2.0,大井,C2九 十,1:15.3,1.9,雨,9.0,8.0,大井,C211 1213(C212),1:15.2,0.8,晴,3.0,5.0,大井,C2八 九,1:15.0,0.4,曇,6.0,4.0,大井,C2九 十11(C2十),1:15.1,0.4,曇,9.3,2.0,,nar,2026-10-06,62.12,72.5,47.9,69.9,71.0,58.2,52.9,大井実績 / 履歴少 / 近走上向き / 安定感
202647100609,2026-10-06,9,ルッソクイーン,2.0,2.0,加藤聡一,55.0,,5.0,5.0,笠松,かずし☆えみこ結婚3(3歳),1:33.3,2.4,晴,7.0,5.0,笠松,大空スバル登録者20(3歳),1:35.6,4.0,曇,10.0,12.0,水沢,3歳C1二組,1:33.7,3.6,晴,9.0,8.0,水沢,3歳B2二組,1:33.4,1.8,晴,8.0,9.0,盛岡,3歳B2一組,1:29.7,2.8,晴,58.1,7.0,,nar,2026-10-06,49.97,49.0,49.0,30.4,71.0,51.6,51.2,笠松実績 / 履歴少 / 近走上向き
202644100610,2026-10-06,10,アオイフォトグラフ,6.0,3.0,岡村健司,54.0,,4.0,3.0,大井,サイレント・サード賞(C2三),1:29.6,1.4,晴,3.0,3.0,大井,ネグローニ賞(C2四),1:28.5,0.1,曇,4.0,5.0,大井,はくちょう座特別競走(C2),1:29.3,2.3,曇,3.0,6.0,大井,U.S.ターキー賞(C2七),1:28.2,0.1,晴,6.0,8.0,大井,プルメリア特別競走(C2),1:44.0,2.3,晴,12.3,5.0,,nar,2026-10-06,65.93,77.5,53.8,89.7,50.0,63.9,56.2,大井実績 / 履歴少 / 安定感 / 市場オッズ妙味
202647100610,2026-10-06,10,アオレレ,8.0,8.0,渡辺竜也,57.0,,3.0,1.0,笠松,ネット投票は楽天競馬(AB),1:30.4,0.2,晴,6.0,8.0,名古屋,アルフェラッツ大空特(B),2:15.1,3.2,曇,7.0,11.0,名古屋,はくちょう座特別(B),1:51.0,1.9,晴,10.0,11.0,名古屋,夏の大三角特別(B),1:37.4,1.3,小雨,8.0,9.0,名古屋,へびつかい座特別(B),1:52.8,2.0,曇,2.9,2.0,,nar,2026-10-06,56.16,59.4,56.5,30.4,78.5,57.3,48.8,履歴少 / 近走上向き
202646100610,2026-10-06,10,アキュートガール,2.0,2.0,青柳正義,55.0,,1.0,1.0,金沢,お家でネット投票!楽(A2),1:37.8,-0.1,曇,7.0,9.0,園田,大阪発刊45周年記念(A1A2),1:52.8,1.4,晴,9.0,10.0,園田,兵庫大賞典(重賞),1:32.2,2.1,曇,6.0,9.0,園田,兵庫女王盃(JpnIII),2:06.6,3.0,雨,10.0,12.0,姫路,白鷺賞(重賞),2:17.5,2.5,晴,5.6,2.0,,nar,2026-10-06,59.7,62.1,59.4,30.4,92.0,60.7,48.8,履歴少 / 近走上向き
202635100610,2026-10-06,10,アースアワー,6.0,6.0,山本政聡,54.0,,4.0,4.0,水沢,B1,0:52.0,0.7,晴,3.0,5.0,水沢,B2,0:52.1,0.9,曇,4.0,6.0,盛岡,B1B2混合,1:12.7,0.8,曇,7.0,3.0,盛岡,いわて北緯40度岩手(B2),1:00.6,0.7,晴,4.0,5.0,盛岡,B2,1:12.8,0.2,小雨,32.3,7.0,,nar,2026-10-06,63.53,74.5,52.9,85.4,53.0,56.9,54.0,盛岡実績 / 履歴少 / 安定感 / 市場オッズ妙味
202635100610,2026-10-06,10,イキザマ,9.0,8.0,大坪慎,56.0,,5.0,5.0,水沢,B1,0:52.5,1.2,晴,8.0,7.0,盛岡,B1,1:27.4,2.3,曇,4.0,7.0,盛岡,B1,1:13.2,0.7,曇,3.0,4.0,盛岡,B1,1:00.2,1.1,曇,10.0,8.0,盛岡,B1,1:14.9,2.3,晴,71.1,9.0,,nar,2026-10-06,57.15,61.8,52.0,64.7,57.5,54.1,51.2,盛岡実績 / 履歴少 / 安定感
202630100610,2026-10-06,10,ウラヌスリング,9.0,7.0,小野楓馬,55.0,,11.0,1.0,門別,3歳以上C4ー2,2:02.6,2.8,晴,16.0,2.0,3新潟2,3歳未勝利,1:49.3,2.0,曇,5.0,8.0,2新潟3,3歳未勝利,2:01.2,0.5,曇,,,,,,,,,,,,,,,13.9,4.0,,nar,2026-10-06,24.39,26.0,0.0,19.8,47.0,30.2,48.8,履歴少 / 市場オッズ妙味
202635100610,2026-10-06,10,ウワサノハルカ,4.0,4.0,高橋悠里,54.0,,4.0,10.0,水沢,ムリファイン賞(B1),1:29.8,0.7,小雨,6.0,6.0,水沢,C1,0:51.6,0.9,曇,1.0,4.0,盛岡,C1,1:12.9,0.0,曇,2.0,2.0,盛岡,C2,1:00.3,1.0,曇,2.0,1.0,盛岡,C2,1:00.4,0.1,晴,20.7,6.0,,nar,2026-10-06,67.16,80.7,66.2,75.1,42.5,61.5,59.5,盛岡実績 / 前走人気以上 / 履歴少 / 人気以上に走る傾向
202644100610,2026-10-06,10,エスカラムサ,7.0,4.0,杉山海波,51.0,,9.0,6.0,大井,ビジュー賞(C2),1:47.2,3.6,晴,,,大井,オレンジ・ブロッサム(C2),,,曇,8.0,9.0,大井,萌黄特別競走(C2),1:44.9,1.0,晴,7.0,9.0,大井,C2六 七,1:45.9,3.0,晴,8.0,9.0,大井,C2五 六七(C2六),1:45.1,2.3,晴,91.9,15.0,,nar,2026-10-06,40.11,42.3,47.0,0.0,42.0,52.4,46.0,クラス条件好転 / 履歴少
202647100610,2026-10-06,10,エンブレイスメント,3.0,3.0,東川慎,55.0,,2.0,2.0,笠松,いつでも全力疾走波多(B),1:32.0,0.0,曇,2.0,2.0,笠松,B4組,1:32.3,0.9,曇,1.0,6.0,笠松,夏の大三角特別(C),1:30.7,-0.3,晴,1.0,2.0,笠松,めろんぱん誕生日記念(C),1:45.2,0.0,雨,3.0,6.0,笠松,喜寿おめでとう!山本(C),1:46.6,0.2,晴,6.3,4.0,,nar,2026-10-06,73.71,93.9,60.1,100.0,48.5,63.7,62.5,笠松実績 / クラス条件好転 / 履歴少 / 安定感
202647100610,2026-10-06,10,カプア,6.0,6.0,松本一心,55.0,,5.0,2.0,笠松,B3組,1:48.1,2.0,曇,10.0,3.0,笠松,蛍火特別(B),1:48.9,5.9,晴,1.0,1.0,笠松,ガンバロウ笠松競馬(B),1:29.6,-0.3,晴,1.0,2.0,笠松,馬瀬川特別(C),1:45.0,-0.1,晴,1.0,2.0,笠松,C5組,1:31.6,-0.3,晴,4.8,3.0,,nar,2026-10-06,55.08,72.3,33.1,75.1,39.5,51.5,59.2,笠松実績 / クラス条件好転 / 履歴少 / 安定感
202644100610,2026-10-06,10,クレイジーフルーツ,2.0,1.0,谷内貫太,53.0,,4.0,10.0,大井,ネグローニ賞(C2四),1:28.5,0.1,曇,6.0,10.0,大井,C2三 四五(C2四),1:28.9,1.0,晴,8.0,8.0,大井,ジン・フィズ賞(C2四),1:14.9,1.1,晴,8.0,10.0,大井,C1九 十,1:15.8,1.3,晴,5.0,10.0,大井,C1八 九,1:14.9,1.1,晴,37.5,12.0,,nar,2026-10-06,61.81,60.2,75.4,40.7,66.5,64.6,49.6,前走人気以上 / 履歴少 / 人気以上に走る傾向 / 近走上向き
202644100610,2026-10-06,10,グリューネベルグ,15.0,8.0,笹川翼,54.0,,8.0,2.0,大井,C2二 三四(C2三),1:16.3,1.0,晴,7.0,1.0,大井,ミント・フラッペ賞(C2四),1:44.5,1.4,晴,2.0,1.0,大井,C2四 五六(C2五),1:28.4,1.2,晴,1.0,1.0,大井,C2五 六,1:42.9,-0.9,晴,2.0,1.0,大井,C2九 十11(C2十),1:43.7,0.0,晴,5.4,3.0,,nar,2026-10-06,44.91,68.6,24.7,44.7,20.0,48.1,52.9,大井実績 / 履歴少
202646100610,2026-10-06,10,グリーゼ,7.0,7.0,米倉知,53.0,,5.0,3.0,金沢,サラブレッド大賞典(重賞),2:14.0,1.5,曇,,,金沢,金沢城鼠多門賞【サラ(重賞),,,晴,1.0,2.0,金沢,石川優駿(重賞),2:15.4,-1.6,曇,1.0,5.0,金沢,北日本新聞杯【石川優(重賞),1:54.3,-1.3,晴,2.0,2.0,金沢,ノトキリシマ賞(重賞),1:40.7,1.1,曇,10.3,5.0,,nar,2026-10-06,63.5,85.9,51.6,75.1,28.0,62.4,59.5,金沢実績 / 履歴少 / 安定感
202646100610,2026-10-06,10,ケーズコマクサ,9.0,8.0,吉原寛人,53.0,,12.0,8.0,金沢,サラブレッド大賞典(重賞),2:16.6,4.1,曇,1.0,1.0,金沢,石川門C(3歳),1:31.4,-0.1,晴,1.0,1.0,金沢,能登復興支援須須神社(B1特別),1:38.8,-0.9,曇,6.0,2.0,金沢,兼六園スプリント(重賞),1:40.3,2.8,雨,5.0,4.0,金沢,石川優駿(重賞),2:18.1,2.7,曇,17.1,6.0,,nar,2026-10-06,46.52,64.1,36.7,55.0,0.0,56.2,52.9,金沢実績 / 履歴少 / 市場オッズ妙味
202635100610,2026-10-06,10,コスモタラゴン,2.0,2.0,菅原辰徳,56.0,,2.0,3.0,水沢,B1,0:51.5,0.2,晴,5.0,6.0,水沢,B1,0:50.9,1.0,雨,4.0,4.0,盛岡,B1,0:59.9,0.9,曇,7.0,3.0,盛岡,B1,1:13.6,1.4,曇,1.0,2.0,盛岡,B1,0:59.1,-0.7,曇,11.4,5.0,,nar,2026-10-06,65.55,77.8,50.5,85.4,63.5,59.7,54.0,盛岡実績 / 履歴少 / 安定感
202630100610,2026-10-06,10,サマーブライド,7.0,6.0,金山昇馬,55.0,,2.0,3.0,門別,3歳以上C4ー2,1:39.3,0.1,晴,2.0,5.0,門別,門別プロパンガス事業(C4),1:46.0,1.1,曇,7.0,4.0,門別,ネジバナ特別(C4),1:39.2,1.6,晴,7.0,2.0,門別,平取町軽種馬生産振興(C4),1:16.8,1.7,晴,2.0,3.0,門別,3歳以上C4ー2,1:15.7,1.1,晴,11.6,3.0,,nar,2026-10-06,62.79,78.3,48.8,65.7,65.0,58.5,52.9,門別実績 / 履歴少 / 近走上向き / 安定感
202647100610,2026-10-06,10,サンセットベリー,2.0,2.0,加藤聡一,57.0,,6.0,4.0,笠松,ネット投票は楽天競馬(AB),1:32.6,2.4,晴,3.0,5.0,笠松,紅葉月特別(AB),1:32.4,0.2,雨,9.0,7.0,名古屋,B6組,1:37.1,1.7,晴,8.0,5.0,名古屋,B6組,1:38.3,2.1,晴,7.0,3.0,名古屋,こと座流星群特別(B),1:52.1,1.6,晴,18.1,7.0,,nar,2026-10-06,48.41,58.1,40.5,24.9,54.5,53.3,54.2,笠松実績 / クラス条件好転 / 履歴少 / 市場オッズ妙味
202635100610,2026-10-06,10,サンピノン,5.0,5.0,小林凌,54.0,,8.0,8.0,水沢,ムリファイン賞(B1),1:30.5,1.4,小雨,1.0,2.0,盛岡,オッズパーク賞(C1),1:13.6,-0.2,曇,2.0,3.0,盛岡,シェパーズパース賞(C1),1:26.8,0.1,曇,6.0,1.0,盛岡,C1,1:27.2,1.1,晴,9.0,6.0,大井,ラスティ・ネイル賞(C213),1:31.2,2.8,雨,47.3,8.0,,nar,2026-10-06,51.88,68.9,45.9,44.7,29.0,52.4,54.0,盛岡実績 / 履歴少 / 市場オッズ妙味
202635100610,2026-10-06,10,シベリアンデネブ,7.0,7.0,佐々木志,56.0,,5.0,3.0,水沢,C1,0:51.3,0.6,曇,2.0,2.0,盛岡,C1,1:12.9,0.0,曇,2.0,1.0,盛岡,C1,0:59.6,0.0,晴,1.0,2.0,盛岡,純米ニトロ7周年記念(C1),0:59.5,-0.2,曇,1.0,1.0,水沢,C2,0:50.4,-0.4,小雨,8.5,4.0,,nar,2026-10-06,64.38,86.7,45.4,100.0,29.0,57.8,56.4,盛岡実績 / 安定感
202646100610,2026-10-06,10,ショウガマッタナシ,1.0,1.0,魚住謙心,55.0,,9.0,8.0,金沢,金沢鼓門賞【金沢スプ(重賞),1:33.6,3.1,雨,5.0,8.0,金沢,熊本地震被災者支援特(A1),1:32.0,1.6,曇,9.0,7.0,名古屋,ベイスプリント(重賞),0:57.0,3.0,晴,10.0,10.0,笠松,サマーC(重賞),1:31.3,2.9,晴,5.0,11.0,金沢,日本海スプリント(重賞),1:31.8,1.5,曇,80.2,9.0,,nar,2026-10-06,48.17,46.1,54.7,35.3,39.5,55.5,54.0,金沢実績 / 履歴少
202644100610,2026-10-06,10,ジャスミン,12.0,6.0,佐野遥久,54.0,,3.0,6.0,大井,C2五 六七(C2六),1:15.2,0.2,雨,7.0,6.0,大井,笠間モンブラン賞(C2),1:14.4,0.9,曇,3.0,6.0,大井,C2六 七八(C2七),1:15.6,1.1,曇,3.0,6.0,大井,C211 1213(C212),1:14.6,0.2,晴,6.0,5.0,大井,ディキ・ディキ賞(C2),1:15.8,0.8,曇,38.3,13.0,,nar,2026-10-06,63.71,73.5,61.1,64.7,60.5,58.1,52.9,大井実績 / 前走人気以上 / 履歴少 / 安定感
202644100610,2026-10-06,10,スクラッチクラッチ,14.0,7.0,高橋優,51.0,,6.0,5.0,大井,3歳 選抜牝馬,1:45.7,1.3,曇,3.0,12.0,大井,3歳 選抜牝馬,1:28.8,0.9,雨,6.0,12.0,大井,月見草特別競走(3歳),1:44.6,1.3,晴,,,大井,3歳一 二三(3歳二),,,曇,12.0,12.0,大井,3歳一 二三(3歳二),1:44.5,3.3,曇,76.9,14.0,,nar,2026-10-06,58.66,61.2,75.6,24.9,56.0,64.0,47.1,履歴少 / 人気以上に走る傾向
202646100610,2026-10-06,10,スターキャンディ,6.0,6.0,望月洵輝,53.0,,1.0,5.0,金沢,サラブレッド大賞典(重賞),2:12.5,-0.1,曇,1.0,1.0,金沢,B25,1:32.3,-0.5,晴,2.0,2.0,金沢,金沢城鼠多門賞【サラ(重賞),2:08.2,0.9,晴,3.0,1.0,金沢,兼六園スプリント(重賞),1:38.7,1.2,雨,1.0,1.0,金沢,3歳A 3,1:32.0,-1.6,曇,5.9,3.0,,nar,2026-10-06,72.88,96.1,56.5,100.0,54.5,58.9,56.4,金沢実績 / 前走人気以上 / 安定感
202644100610,2026-10-06,10,スターメイデン,16.0,8.0,坂井瑠星,54.0,,6.0,1.0,大井,サイレント・サード賞(C2三),1:29.9,1.7,晴,1.0,2.0,大井,笠間モンブラン賞(C2),1:13.5,0.0,曇,1.0,1.0,金沢,金沢おでん賞(B2),1:36.0,-1.2,曇,8.0,4.0,金沢,金沢競馬B2プレミア,1:31.3,2.1,曇,1.0,1.0,金沢,能登復興支援イカキン(B2),1:30.3,-0.2,曇,4.1,1.0,,nar,2026-10-06,53.69,79.7,37.0,55.0,30.5,50.8,51.2,大井実績 / 履歴少
202630100610,2026-10-06,10,スナークホクサイ,4.0,4.0,桑村真明,57.0,,2.0,2.0,門別,3歳以上C4ー2,1:52.2,0.0,晴,9.0,12.0,1札幌6,3歳未勝利,1:50.4,2.9,晴,12.0,11.0,2小倉5,3歳未勝利,1:49.9,3.0,晴,9.0,10.0,3京都5,3歳未勝利,1:25.7,1.0,晴,9.0,9.0,1阪神8,3歳未勝利,1:56.4,1.4,曇,1.4,1.0,,nar,2026-10-06,54.28,48.3,54.9,30.4,96.5,52.6,50.0,近走上向き
202630100610,2026-10-06,10,タケショウカイザー,3.0,3.0,藤田凌駕,56.0,,8.0,6.0,門別,3歳以上C4ー2,1:41.7,2.5,晴,3.0,8.0,門別,日本軽種馬青年部連絡(C4),1:16.5,0.4,晴,10.0,6.0,門別,日高建設協会賞(C4),1:17.5,2.3,曇,11.0,8.0,門別,カセンソウ特別(C4),1:03.9,1.6,晴,15.0,11.0,3東京5,3歳未勝利,1:48.5,1.7,小雨,23.4,9.0,,nar,2026-10-06,43.92,42.8,43.0,24.9,60.5,47.6,47.1,履歴少 / 市場オッズ妙味
202635100610,2026-10-06,10,ダンジュカリユシ,3.0,3.0,山本聡紀,56.0,,2.0,1.0,水沢,B1B2混合,0:51.2,0.2,雨,2.0,4.0,水沢,C1,0:50.9,0.2,曇,8.0,7.0,盛岡,C1,1:14.4,1.3,曇,7.0,3.0,盛岡,タブの大島賞(C1),1:01.0,2.0,晴,4.0,2.0,盛岡,C1,1:13.9,0.6,曇,5.0,3.0,,nar,2026-10-06,60.15,75.0,44.4,65.7,69.5,52.9,48.5,履歴少 / 近走上向き / 安定感
202647100610,2026-10-06,10,チュウワエース,5.0,5.0,丸野勝虎,57.0,,3.0,4.0,笠松,ヒガンバナ特別(B),1:31.7,1.2,晴,1.0,1.0,笠松,B5組,1:32.3,-1.1,曇,3.0,2.0,笠松,瀬古順二お疲れチャン(B),1:31.6,0.8,晴,5.0,1.0,笠松,佐伯伊織さん生誕記念(B),1:32.0,1.2,晴,3.0,1.0,笠松,B6組,1:45.7,0.6,晴,8.3,5.0,,nar,2026-10-06,66.5,85.7,45.2,100.0,50.0,55.1,59.5,笠松実績 / 履歴少 / 安定感
202646100610,2026-10-06,10,ドライブアウェイ,4.0,4.0,松戸政也,55.0,,8.0,7.0,金沢,金沢鼓門賞【金沢スプ(重賞),1:33.5,3.0,雨,7.0,5.0,金沢,熊本地震被災者支援特(A1),1:32.2,1.8,曇,5.0,4.0,金沢,楽天ポイントが貯まる(A1),1:31.6,1.9,晴,3.0,5.0,金沢,加賀友禅賞【読売レデ(重賞),1:38.0,1.1,曇,7.0,4.0,金沢,スマホで投票!楽天競(A1),1:32.2,3.1,曇,183.6,10.0,,nar,2026-10-06,46.55,57.4,42.9,34.3,35.0,49.4,49.6,履歴少
202644100610,2026-10-06,10,ナックジャスパー,4.0,2.0,高橋昭平,54.0,,4.0,5.0,大井,C2五 六七(C2六),1:29.6,0.7,雨,5.0,9.0,大井,花野特別競走(C1C2),1:27.7,0.8,曇,8.0,6.0,大井,C2六 七八(C2七),1:45.1,1.2,曇,5.0,5.0,大井,C2九 十,1:14.6,1.2,晴,2.0,3.0,大井,C2六 七,1:44.6,0.2,晴,33.0,11.0,,nar,2026-10-06,63.3,68.2,57.1,80.2,56.0,58.9,59.2,大井実績 / クラス条件好転 / 履歴少 / 安定感
202630100610,2026-10-06,10,ニシノカルラ,2.0,2.0,亀井洋司,57.0,,11.0,3.0,門別,グランシャリオドリー(C4),2:01.0,9.9,曇,6.0,8.0,門別,グランシャリオドリー(C4),1:52.4,1.0,晴,7.0,1.0,門別,3歳以上C4ー2,1:04.1,1.6,晴,13.0,16.0,3東京6,3歳未勝利,1:36.8,1.7,曇,10.0,15.0,2中山8,3歳未勝利,1:35.2,1.5,晴,20.1,7.0,,nar,2026-10-06,33.91,34.8,34.9,0.0,38.0,49.1,43.8,履歴少
202635100610,2026-10-06,10,ネオステラス,1.0,1.0,山本聡哉,56.0,,3.0,2.0,水沢,C1,0:50.9,0.2,曇,7.0,1.0,盛岡,C1,1:14.0,1.1,曇,1.0,2.0,盛岡,タブの大島賞(C1),0:59.0,-1.0,晴,1.0,1.0,盛岡,C2,1:00.0,-0.2,晴,1.0,1.0,盛岡,C2,1:00.1,-0.3,晴,3.3,2.0,,nar,2026-10-06,59.95,83.2,38.8,75.1,47.0,51.2,55.3,盛岡実績 / 履歴少 / 安定感
202647100610,2026-10-06,10,ハヤイモノガチ,7.0,7.0,赤津和希,57.0,,,,笠松,月桂冠特別(A),,,曇,7.0,8.0,笠松,コスモス特別(A),1:33.5,3.3,曇,8.0,8.0,笠松,爽籟特別(A),1:33.4,3.5,曇,8.0,8.0,笠松,ささゆり特別(A),1:45.4,3.3,曇,7.0,7.0,笠松,風薫る特別(A),1:32.6,3.8,晴,94.0,8.0,,nar,2026-10-06,44.25,48.1,52.5,0.0,54.0,52.4,43.8,履歴少
202646100610,2026-10-06,10,パッションビート,5.0,5.0,筒井勇介,53.0,,6.0,6.0,金沢,サラブレッド大賞典(重賞),2:14.4,1.9,曇,1.0,1.0,金沢,B12,1:30.9,-0.5,曇,1.0,1.0,金沢,高島美稀お誕生日記念(B1特別),1:38.7,-0.3,曇,5.0,3.0,金沢,金沢城鼠多門賞【サラ(重賞),2:09.7,2.4,晴,2.0,8.0,金沢,兼六園スプリント(重賞),1:38.4,0.9,雨,27.1,8.0,,nar,2026-10-06,60.95,82.3,52.3,69.6,27.5,58.9,54.5,金沢実績 / 安定感 / 市場オッズ妙味
202630100610,2026-10-06,10,パリコトパナナ,5.0,5.0,石川倭,55.0,,3.0,4.0,門別,3歳以上C4ー2,1:59.9,0.1,晴,3.0,2.0,門別,門別プロパンガス事業(C4),1:46.2,1.3,曇,2.0,5.0,門別,ネジバナ特別(C4),1:37.8,0.2,晴,9.0,11.0,門別,王冠賞〔H2〕(重賞),1:58.3,2.4,曇,8.0,11.0,門別,星雲賞〔H3〕(重賞),1:15.8,1.9,雨,8.9,2.0,,nar,2026-10-06,66.07,74.4,58.7,75.1,65.0,64.5,52.9,門別実績 / 履歴少 / 近走上向き / 安定感
202644100610,2026-10-06,10,ビップクララ,5.0,3.0,野畑凌,54.0,,8.0,3.0,大井,C2五 六七(C2六),1:31.0,2.1,雨,4.0,10.0,大井,花野特別競走(C1C2),1:27.7,0.8,曇,,,大井,白百合特別競走(C2),,,雨,6.0,3.0,大井,カーネーション特別競(C2),1:29.9,1.2,晴,4.0,6.0,大井,バンブー賞(C2五),1:28.7,0.5,晴,17.1,7.0,,nar,2026-10-06,50.06,61.0,47.8,35.3,30.0,59.1,54.2,大井実績 / クラス条件好転 / 履歴少 / 市場オッズ妙味
202646100610,2026-10-06,10,ファイントパーズ,10.0,8.0,加藤翔馬,55.0,,1.0,1.0,金沢,スマホで投票!楽天競(A1),1:37.9,-0.3,晴,2.0,2.0,金沢,加賀友禅賞【読売レデ(重賞),1:37.7,0.8,曇,1.0,1.0,金沢,金沢競馬は楽天競馬で(A2),1:53.5,-1.0,曇,1.0,1.0,金沢,金沢競馬は楽天競馬で(A2),1:52.6,-1.6,曇,12.0,15.0,1福島3,ラジオ福島賞(2勝クラス),1:47.1,2.0,晴,8.1,4.0,,nar,2026-10-06,71.1,88.9,52.2,89.7,68.0,60.9,62.5,金沢実績 / クラス条件好転 / 履歴少 / 近走上向き
202635100610,2026-10-06,10,フィエルテ,8.0,8.0,高松亮,54.0,,1.0,1.0,水沢,B1,0:51.3,-0.2,晴,1.0,1.0,水沢,C2,0:51.2,-0.3,曇,1.0,1.0,水沢,C2,0:50.6,-0.9,雨,1.0,1.0,盛岡,C2,1:00.0,-0.9,曇,1.0,1.0,盛岡,C2,0:59.3,-1.1,晴,2.4,1.0,,nar,2026-10-06,71.47,100.0,50.0,100.0,50.0,53.7,59.5,盛岡実績 / 履歴少 / 安定感
202630100610,2026-10-06,10,フジノアルファ,11.0,8.0,渡辺準己,54.0,,1.0,3.0,門別,3歳以上C4ー3,1:53.1,-0.1,晴,7.0,5.0,門別,新ひだか町に新規就農(C4),1:49.0,2.2,雨,6.0,8.0,門別,3歳以上C4ー3,1:16.5,0.5,晴,5.0,10.0,門別,ホクレン「くるるの杜(C4),1:16.6,1.1,雨,9.0,10.0,門別,3歳以上C4ー3,1:04.5,1.4,晴,18.2,5.0,,nar,2026-10-06,63.56,68.9,59.4,45.0,84.5,67.5,50.5,近走上向き / 過小評価傾向 / 市場オッズ妙味
202630100610,2026-10-06,10,フックセンチョウ,1.0,1.0,黒澤愛斗,57.0,,10.0,8.0,門別,3歳以上C4ー2,1:18.4,2.8,曇,8.0,6.0,門別,日本軽種馬青年部連絡(C4),1:17.1,1.0,晴,6.0,8.0,門別,3歳以上C4ー2,1:16.6,0.8,曇,6.0,8.0,門別,グランシャリオドリー(C4),1:16.3,0.6,晴,5.0,5.0,門別,ホクレンパールライス(C4),1:16.4,1.1,雨,182.2,12.0,,nar,2026-10-06,41.1,47.1,47.1,10.3,27.5,51.6,48.5,前走人気以上
202644100610,2026-10-06,10,フレーズボンボン,11.0,6.0,田中洸多,54.0,,,,大井,C2二 三四(C2三),,,晴,2.0,7.0,大井,C2三 四五(C2四),1:13.9,0.2,曇,6.0,6.0,大井,メリッサ特別競走(C2四),1:14.7,2.0,晴,6.0,5.0,大井,C1八 九,1:15.1,2.0,晴,5.0,5.0,大井,パナシェ賞(C1),1:14.8,1.3,曇,23.9,9.0,,nar,2026-10-06,61.41,72.6,61.1,35.3,72.0,58.0,54.2,大井実績 / クラス条件好転 / 履歴少 / 近走上向き
202630100610,2026-10-06,10,ベラジオカイザー,8.0,6.0,服部茂史,55.0,,10.0,6.0,門別,門別プロパンガス事業(C4),1:47.5,2.6,曇,8.0,6.0,門別,3歳以上C4ー2,1:17.2,2.0,曇,6.0,2.0,門別,3歳以上C4ー2,1:16.2,0.8,晴,15.0,4.0,2東京7,3歳未勝利,1:22.3,2.0,晴,12.0,1.0,1東京5,3歳新馬,1:30.6,3.6,晴,22.0,8.0,,nar,2026-10-06,27.18,32.6,13.3,0.0,51.5,30.9,43.8,履歴少
202644100610,2026-10-06,10,ベルジャッド,13.0,7.0,西優哉,51.0,,10.0,3.0,大井,プルメリア特別競走(C2),1:45.7,4.0,晴,3.0,2.0,大井,C2三 四五(C2四),1:28.4,0.3,晴,1.0,7.0,大井,ロバート・バーンズ賞(C2七),1:28.1,-0.6,晴,4.0,4.0,大井,C2七 八九(C2八),1:29.1,1.2,曇,3.0,7.0,大井,C2十 1112(C211),1:29.0,2.0,晴,15.7,6.0,,nar,2026-10-06,53.58,69.0,44.6,69.6,6.5,63.0,56.2,大井実績 / 履歴少 / 安定感 / 市場オッズ妙味
202646100610,2026-10-06,10,マリアディオーサ,3.0,3.0,塚本征吾,55.0,,1.0,1.0,金沢,B12,1:37.2,-1.0,雨,1.0,1.0,金沢,B13,1:37.7,-0.8,曇,7.0,6.0,金沢,金沢競馬B1プレミア,1:32.7,1.0,晴,2.0,2.0,金沢,早川LD昇進おめでと(B1),1:39.5,1.6,晴,1.0,1.0,金沢,B22,1:33.6,-0.7,晴,24.8,7.0,,nar,2026-10-06,66.98,89.3,48.6,80.2,60.5,55.6,56.2,金沢実績 / 履歴少 / 安定感 / 市場オッズ妙味
202647100610,2026-10-06,10,ミカエル,1.0,1.0,高木健,55.0,,11.0,8.0,笠松,西日本3歳優駿(重賞),2:14.3,7.2,曇,1.0,1.0,笠松,笠松オーナーズC(OP)(3歳),1:29.7,-1.1,晴,1.0,1.0,笠松,C4組,1:30.5,-0.6,曇,2.0,1.0,笠松,C6組,1:30.9,0.1,曇,9.0,4.0,笠松,笠松プリンシパルカッ(OP)(3歳),2:14.3,2.8,晴,2.9,1.0,,nar,2026-10-06,48.0,67.9,39.0,59.3,3.5,48.7,52.9,笠松実績 / 履歴少
202630100610,2026-10-06,10,ミサトベレーザ,10.0,7.0,松井伸也,55.0,,8.0,10.0,門別,3歳以上C4ー2,1:53.8,1.6,晴,6.0,7.0,門別,グランシャリオドリー(C4),1:53.7,2.6,曇,4.0,11.0,門別,グランシャリオドリー(C4),1:52.2,0.8,晴,10.0,8.0,門別,テッポウユリ特別(C4),1:47.6,2.7,晴,4.0,9.0,門別,グランシャリオドリー(C4),1:38.8,0.6,曇,105.0,11.0,,nar,2026-10-06,53.3,55.3,67.3,30.1,38.0,61.1,49.6,履歴少 / 人気以上に走る傾向
202644100610,2026-10-06,10,ミチノディディ,3.0,2.0,達城龍次,54.0,,3.0,8.0,大井,サイレント・サード賞(C2三),1:29.3,1.1,晴,5.0,8.0,大井,C2三 四五(C2四),1:14.6,0.9,曇,8.0,8.0,大井,はくちょう座特別競走(C2),1:29.9,2.9,曇,8.0,11.0,大井,パナシェ賞(C1),1:15.6,2.1,曇,13.0,10.0,大井,アフター・ディナー賞(C1),1:46.1,3.9,晴,29.6,10.0,,nar,2026-10-06,62.43,58.0,66.8,55.3,83.0,61.5,49.6,前走人気以上 / 履歴少 / 人気以上に走る傾向 / 近走上向き
202644100610,2026-10-06,10,ヤマノリッチ,9.0,5.0,吉井章,54.0,,13.0,11.0,大井,C2五 六七(C2六),1:32.6,3.7,雨,11.0,9.0,大井,笠間モンブラン賞(C2),1:15.0,1.5,曇,10.0,9.0,大井,はくちょう座特別競走(C2),1:31.1,4.1,曇,10.0,9.0,大井,U.S.ターキー賞(C2七),1:29.4,1.3,晴,7.0,5.0,大井,ブラッドハウンド賞(C2四),1:29.7,1.2,曇,102.8,16.0,,nar,2026-10-06,29.41,21.2,38.4,0.0,29.0,45.7,43.8,履歴少
202644100610,2026-10-06,10,ヨドギミ,10.0,5.0,西啓太,54.0,,8.0,7.0,大井,白露特別競走(C2),2:44.2,3.4,曇,4.0,5.0,大井,ミッドサマー特別競走(C2),1:47.9,1.4,曇,7.0,4.0,大井,アメリカンピーナッツ(C2七),1:43.6,1.6,晴,4.0,5.0,大井,八ツ瀬川賞(C2四),1:43.7,0.3,曇,12.0,5.0,大井,C2二 三四(C2三),1:44.7,2.3,晴,19.9,8.0,,nar,2026-10-06,47.77,54.9,41.4,39.5,42.5,54.7,49.6,履歴少 / 市場オッズ妙味
202647100610,2026-10-06,10,ヨーコマイラヴ,4.0,4.0,,,,,,笠松,いわし雲特別(B),,,雨,7.0,1.0,笠松,処暑特別(B),1:31.9,1.3,晴,1.0,4.0,笠松,WEB特別番組配信中,1:29.7,-0.8,曇,7.0,6.0,笠松,ひこぼし特別(B),1:31.7,1.4,曇,1.0,6.0,笠松,B5組,1:31.9,-0.1,晴,,,,nar,2026-10-06,50.11,72.8,44.7,30.1,26.0,51.2,51.2,笠松実績 / 履歴少
202644100610,2026-10-06,10,ライクアウィンド,8.0,4.0,矢野貴之,54.0,,1.0,1.0,大井,3歳四 五,1:14.6,-0.5,晴,3.0,1.0,大井,3歳六 七,1:13.7,0.3,曇,1.0,1.0,大井,3歳九 十11(3歳十),1:15.7,-0.7,曇,7.0,1.0,大井,2歳四 五,1:30.3,1.4,晴,2.0,2.0,大井,2歳 新馬,1:29.0,1.4,晴,4.5,2.0,,nar,2026-10-06,65.04,88.2,40.4,85.4,63.5,51.2,56.2,大井実績 / 履歴少 / 安定感
202630100610,2026-10-06,10,ラカーリア,12.0,8.0,宮内勇樹,55.0,,5.0,8.0,門別,3歳以上C4ー2,1:16.8,1.0,雨,4.0,5.0,門別,3歳以上C4ー2,1:16.4,2.6,晴,4.0,6.0,門別,3歳以上C4ー2,1:16.4,0.6,曇,4.0,4.0,門別,3歳以上C4ー2,1:02.5,0.7,晴,4.0,9.0,門別,3歳以上C4ー2,1:15.6,0.7,曇,40.0,10.0,,nar,2026-10-06,67.89,73.6,64.5,100.0,44.0,63.4,56.4,門別実績 / 前走人気以上 / 安定感 / 市場オッズ妙味
202630100610,2026-10-06,10,リコージュピター,6.0,5.0,落合玄太,55.0,,5.0,7.0,門別,3歳以上C4ー2,1:53.6,1.4,晴,4.0,5.0,門別,グランシャリオドリー(C4),1:52.6,1.5,曇,1.0,4.0,門別,3歳以上C4ー3,1:16.0,-0.1,晴,4.0,6.0,門別,ホクレン「くるるの杜(C4),1:16.3,0.8,雨,10.0,5.0,門別,3歳以上C4ー3,1:04.5,1.4,晴,19.0,6.0,,nar,2026-10-06,65.61,73.3,58.6,89.7,48.5,64.2,54.5,門別実績 / 安定感 / 市場オッズ妙味
202646100610,2026-10-06,10,ルージュミラージュ,8.0,7.0,栗原大河,55.0,,1.0,1.0,金沢,スマホで投票!楽天競(A1),1:51.8,-0.7,雨,7.0,4.0,金沢,読売レディス杯(重賞),1:38.6,2.7,曇,1.0,1.0,金沢,加賀友禅賞【読売レデ(重賞),1:36.9,-0.8,曇,1.0,1.0,金沢,スマホで投票!楽天競(A1),1:50.9,-0.7,曇,10.0,10.0,1新潟1,三条S(3勝クラス),1:55.6,2.7,晴,1.9,1.0,,nar,2026-10-06,62.72,80.6,44.8,64.7,72.5,50.8,58.3,金沢実績 / クラス条件好転 / 履歴少 / 近走上向き
202644100610,2026-10-06,10,ワイルドチャーム,1.0,1.0,安藤洋一,54.0,,7.0,1.0,大井,3歳 選抜牝馬,1:45.8,1.4,曇,13.0,6.0,2中京5,3歳未勝利,1:27.9,2.7,晴,3.0,3.0,1阪神10,3歳未勝利,1:26.8,1.0,晴,15.0,10.0,1阪神1,3歳未勝利,1:35.6,1.4,晴,13.0,4.0,5阪神6,2歳未勝利,1:48.8,1.3,雨,6.6,4.0,,nar,2026-10-06,33.65,33.8,13.4,19.8,74.0,34.6,48.8,履歴少 / 近走上向き
202635100611,2026-10-06,11,アドマイヤルプス,2.0,2.0,山本政聡,56.0,,9.0,6.0,水沢,クラスペディア賞(C1),1:30.0,2.3,曇,3.0,7.0,盛岡,C1,1:26.2,0.9,小雨,11.0,3.0,水沢,B1三組,1:50.9,6.3,晴,6.0,1.0,水沢,B1二組,1:44.0,1.0,曇,2.0,3.0,水沢,B1三組,1:45.4,0.2,曇,45.2,10.0,,nar,2026-10-06,42.83,54.1,35.1,35.3,29.0,47.6,48.8,履歴少 / 市場オッズ妙味
202644100611,2026-10-06,11,アピーリングルック,1.0,1.0,戸崎圭太,55.0,,3.0,2.0,川崎,スパーキングレディー(JpnIII),1:41.9,0.3,晴,5.0,3.0,川崎,エンプレス杯キヨフジ(JpnII),2:17.2,1.1,晴,4.0,3.0,船橋,クイーン賞(JpnIII),1:56.2,1.4,曇,1.0,5.0,名古屋,名古屋大賞典(JpnIII),2:06.2,-0.1,小雨,1.0,9.0,4東京7,ブラジルC(L),2:10.2,-0.1,小雨,34.4,5.0,,nar,2026-10-06,67.37,82.4,52.9,100.0,48.5,61.5,51.8,クラス条件好転 / 履歴少 / 安定感 / 市場オッズ妙味
202644100611,2026-10-06,11,アンジュフィールド,8.0,6.0,野畑凌,55.0,,5.0,6.0,川崎,スパーキングレディー(JpnIII),1:43.1,1.5,晴,2.0,2.0,浦和,しらさぎ賞[地方交流(重賞),1:28.4,0.1,曇,1.0,2.0,浦和,’26ティアラC(A2),1:28.4,0.0,曇,12.0,8.0,1中山9,江戸川S(3勝クラス),1:12.7,1.2,晴,11.0,7.0,1中山1,招福S(3勝クラス),1:56.2,3.1,晴,537.4,11.0,,nar,2026-10-06,57.88,67.2,46.5,75.1,59.0,49.6,48.8,履歴少 / 安定感
202646100611,2026-10-06,11,カドバンソコヂカラ,6.0,6.0,加藤翔馬,57.0,,2.0,4.0,金沢,B25,1:40.7,1.9,雨,4.0,5.0,金沢,B22,1:33.0,0.9,晴,2.0,5.0,金沢,B23,1:33.0,0.2,曇,4.0,7.0,金沢,B25,1:33.1,0.9,曇,10.0,4.0,金沢,B24,1:44.0,3.5,曇,7.4,2.0,,nar,2026-10-06,69.27,79.1,58.9,89.7,68.0,60.5,56.2,金沢実績 / 履歴少 / 近走上向き / 安定感
202630100611,2026-10-06,11,ギャルソンマンキ,1.0,1.0,岩橋勇二,56.0,,10.0,3.0,門別,グランシャリオドリー(A3),1:03.2,2.1,晴,1.0,2.0,門別,ベゴニア特別(A3),1:00.2,-0.2,晴,1.0,3.0,門別,新冠町ふるさと納税特(B3),1:00.5,-0.1,曇,2.0,3.0,門別,匠の味!ほべつメロン(B3),1:01.8,0.5,雨,,,門別,グランシャリオドリー(B3),,,雨,5.3,3.0,,nar,2026-10-06,50.6,74.3,39.6,59.3,0.0,54.7,55.3,門別実績 / 履歴少
202630100611,2026-10-06,11,クラサーベル,3.0,3.0,桑村真明,57.0,,12.0,12.0,門別,シュウメイギク特別(A3),1:16.7,3.2,晴,11.0,11.0,門別,日高報知新聞特別(A2),1:15.5,2.1,雨,11.0,11.0,門別,ダリア特別(A3),1:15.5,2.5,晴,10.0,9.0,門別,グランシャリオドリー(A3),1:03.0,2.5,晴,5.0,5.0,門別,ホクレン玉ねぎ「真白(A3),1:15.5,1.8,雨,77.4,6.0,,nar,2026-10-06,35.54,23.7,49.0,10.3,33.5,50.3,48.5,総合評価
202644100611,2026-10-06,11,ケテンドリーム,5.0,4.0,笹川翼,55.0,,1.0,1.0,大井,ディーヴァ賞競走(A2),1:41.1,-0.4,曇,4.0,3.0,金沢,読売レディス杯(重賞),1:36.7,0.8,曇,1.0,1.0,園田,兵庫サマークイーン賞(重賞),1:51.9,0.0,晴,2.0,2.0,大井,ウイングシート賞競走(A2B1),1:25.7,0.5,曇,5.0,6.0,大井,エメラルド賞競走(A2),1:40.0,0.4,晴,244.2,7.0,,nar,2026-10-06,70.0,89.5,49.0,100.0,62.0,53.5,62.5,大井実績 / クラス条件好転 / 履歴少 / 安定感
202647100611,2026-10-06,11,コンヴェックス,8.0,8.0,丸野勝虎,55.0,,1.0,1.0,笠松,いつでも全力疾走波多(B),1:32.0,0.0,曇,8.0,3.0,笠松,処暑特別(B),1:32.0,1.4,晴,1.0,2.0,笠松,ふくたん地方競馬巡礼(B),1:30.9,-0.1,曇,1.0,1.0,笠松,カサブランカ特別(C),1:31.1,-0.6,晴,1.0,2.0,笠松,見田村千晴さん笠馬X(C),1:30.2,-1.1,晴,5.9,3.0,,nar,2026-10-06,64.48,86.0,43.4,75.1,60.5,55.6,59.2,笠松実績 / クラス条件好転 / 履歴少 / 安定感
202635100611,2026-10-06,11,ゴールドクレスト,7.0,7.0,斉藤友香,52.0,,3.0,11.0,水沢,ムリファイン賞(B1),1:29.5,0.4,小雨,6.0,9.0,水沢,B2,1:29.3,2.3,雨,9.0,5.0,盛岡,いわて北緯40度葛巻(B2),1:41.3,1.9,晴,6.0,4.0,盛岡,B2一組,1:40.0,0.6,曇,1.0,4.0,盛岡,B2,1:38.7,0.0,曇,19.2,7.0,,nar,2026-10-06,61.69,66.7,66.9,40.7,65.0,67.5,48.5,前走人気以上 / 履歴少 / 人気以上に走る傾向 / 近走上向き
202635100611,2026-10-06,11,サクラマウ,6.0,6.0,大坪慎,54.0,,1.0,2.0,水沢,B2一組,1:43.8,-0.1,晴,1.0,5.0,盛岡,岩手ビッグブルズシー(C1),1:38.8,-0.1,曇,2.0,7.0,盛岡,ミルクティーローズ賞(C1),1:40.0,0.3,曇,5.0,2.0,盛岡,B2,1:39.0,0.3,曇,5.0,3.0,盛岡,B2,1:26.6,1.6,晴,3.7,2.0,,nar,2026-10-06,73.89,90.4,61.5,100.0,63.5,58.8,59.5,盛岡実績 / 履歴少 / 安定感
202630100611,2026-10-06,11,サユリバナ,4.0,4.0,金山昇馬,54.0,,1.0,1.0,門別,サートゥルナーリア・(B3),1:01.1,-0.3,晴,2.0,1.0,門別,風かおる優駿桜国しん(B3),1:00.8,0.0,雨,2.0,2.0,門別,一般社団法人東京馬主(B3),1:00.9,0.0,雨,1.0,1.0,門別,アドマイヤマーズ・プ(B3),1:00.4,-0.5,晴,1.0,4.0,門別,グランシャリオドリー(B3),1:00.8,-0.5,雨,1.6,1.0,,nar,2026-10-06,70.87,96.4,50.4,100.0,53.0,53.3,59.5,門別実績 / 履歴少 / 安定感
202646100611,2026-10-06,11,シェルターベルト,4.0,4.0,望月洵輝,55.0,,7.0,5.0,金沢,HBA組合長賞(B2),1:33.7,1.4,晴,1.0,2.0,金沢,ラジオ放送第69回記(C1),1:39.4,-0.4,曇,3.0,8.0,金沢,航ニ朗お誕生日おめで(B2),1:39.6,0.6,晴,2.0,7.0,金沢,楽天ポイントが貯まる(C1C2),0:57.1,0.2,雨,7.0,11.0,金沢,能登復興支援高爪山賞(B2),1:33.2,1.4,曇,8.4,3.0,,nar,2026-10-06,61.44,76.1,62.4,59.3,27.5,67.5,52.9,金沢実績 / 履歴少 / 過小評価傾向
202647100611,2026-10-06,11,シャトーペリオット,1.0,1.0,赤津和希,57.0,,1.0,3.0,笠松,紅葉月特別(AB),1:32.2,-0.1,雨,7.0,2.0,笠松,サスケ来場記念(B),1:47.2,3.2,晴,4.0,4.0,笠松,あまのがわ特別(AB),1:30.8,0.5,曇,9.0,4.0,笠松,五六川特別(B),2:12.7,4.6,曇,1.0,2.0,笠松,B3組,1:46.2,-0.1,曇,11.3,7.0,,nar,2026-10-06,60.0,74.0,41.1,60.5,75.5,55.8,52.9,笠松実績 / 履歴少 / 近走上向き / 安定感
202647100611,2026-10-06,11,シュレディンガー,4.0,4.0,高木健,57.0,,4.0,3.0,笠松,ネット投票は楽天競馬(AB),1:30.9,0.7,晴,3.0,6.0,笠松,コスモス特別(A),1:31.5,1.3,曇,2.0,9.0,笠松,処暑特別(B),1:30.6,0.0,晴,5.0,10.0,笠松,蛍火特別(B),1:44.9,1.9,晴,4.0,8.0,笠松,ヒルガオ特別(B),1:45.9,1.5,晴,8.3,5.0,,nar,2026-10-06,73.17,80.0,70.8,100.0,47.0,70.7,62.5,笠松実績 / クラス条件好転 / 履歴少 / 人気以上に走る傾向
202647100611,2026-10-06,11,ジーグフェルド,7.0,7.0,加藤聡一,57.0,,1.0,4.0,笠松,りょったんゆったん生(B),1:46.4,-0.2,曇,3.0,2.0,笠松,き組対と組!仁義なき(B),1:48.1,1.1,曇,4.0,3.0,笠松,瀬古順二お疲れチャン(B),1:31.8,1.0,晴,3.0,1.0,笠松,勝等愛生結婚式チャレ(B),1:31.6,0.3,曇,1.0,2.0,笠松,高井茅乃さん誕生日記(C),1:31.9,0.0,晴,6.9,4.0,,nar,2026-10-06,70.73,88.9,51.9,100.0,60.5,58.2,59.5,笠松実績 / 前走人気以上 / 履歴少 / 安定感
202646100611,2026-10-06,11,ジーティーユウビ,3.0,3.0,栗原大河,55.0,,2.0,1.0,金沢,能登復興支援七ツ島特(B2),1:39.0,0.1,晴,1.0,1.0,金沢,咲き誇れ!みこち8周(B2),1:38.8,-0.2,曇,1.0,1.0,金沢,小田島ゴールインカッ(C2),1:33.3,-0.7,曇,1.0,1.0,金沢,都凪リリーデビュー2(C2),1:39.9,-0.7,晴,1.0,1.0,金沢,C212,1:41.0,-2.1,晴,1.9,1.0,,nar,2026-10-06,69.33,97.6,47.9,100.0,44.0,52.1,59.5,金沢実績 / 履歴少 / 安定感
202635100611,2026-10-06,11,セイウォリアー,5.0,5.0,岩本怜,56.0,,4.0,8.0,盛岡,やまびこ賞(重賞),1:53.8,2.7,小雨,9.0,1.0,盛岡,3歳B2一組,1:27.8,1.6,晴,5.0,1.0,水沢,3歳B2,1:30.2,1.7,曇,1.0,1.0,盛岡,3歳B2一組,1:26.9,-0.2,晴,7.0,2.0,盛岡,3歳B2一組,1:27.6,1.2,晴,15.1,6.0,,nar,2026-10-06,54.23,65.5,35.4,64.7,59.0,53.1,51.2,盛岡実績 / 前走人気以上 / 履歴少 / 安定感
202630100611,2026-10-06,11,タケノルル,7.0,7.0,宮内勇樹,53.0,,3.0,2.0,門別,グランシャリオドリー(A3),1:01.3,0.2,晴,2.0,5.0,門別,ふるさと日高応援特別(A2),1:00.6,0.0,雨,1.0,3.0,門別,一般社団法人東京馬主(B3),1:00.9,0.0,雨,4.0,2.0,門別,スイレン特別(B3),1:01.5,0.8,晴,1.0,2.0,門別,匠の味!ほべつメロン(B3),1:01.3,-0.5,雨,2.7,2.0,,nar,2026-10-06,69.28,89.6,54.6,100.0,44.0,56.2,59.5,門別実績 / 履歴少 / 安定感
202644100611,2026-10-06,11,ダブルハートボンド,2.0,2.0,坂井瑠星,57.0,,3.0,1.0,1東京8,フェブラリーS(GI),1:35.6,0.2,晴,1.0,3.0,5中京2,チャンピオンズC(GI),1:50.2,0.0,晴,1.0,2.0,4京都2,みやこS(GIII),1:47.5,0.0,小雨,2.0,2.0,門別,ブリーダーズゴールド(JpnIII),2:07.0,0.3,曇,1.0,1.0,3阪神3,三宮S(OP),1:50.0,0.0,雨,1.1,1.0,,nar,2026-10-06,67.22,94.0,50.6,100.0,39.5,51.1,48.8,履歴少 / 安定感
202644100611,2026-10-06,11,チャチャハツゴウ,13.0,8.0,新原周馬,55.0,,10.0,2.0,盛岡,ビューチフルドリーマ(重賞),2:08.4,3.8,小雨,1.0,5.0,門別,ノースクイーンC(重賞),1:56.5,-0.1,晴,3.0,4.0,川崎,梅雨明かり特別(B2),1:44.4,1.0,晴,3.0,5.0,船橋,麦秋特別(B2B3),1:43.9,1.0,曇,12.0,6.0,川崎,草笛特別(B2),1:37.2,2.1,晴,447.8,9.0,,nar,2026-10-06,48.34,63.5,39.0,59.3,18.5,49.0,50.0,前走人気以上
202644100611,2026-10-06,11,テンカジョウ,12.0,8.0,松山弘平,56.0,,2.0,1.0,川崎,エンプレス杯キヨフジ(JpnII),2:16.3,0.2,晴,7.0,4.0,川崎,川崎記念(JpnI),2:16.4,1.8,晴,1.0,1.0,船橋,クイーン賞(JpnIII),1:54.8,-0.5,曇,7.0,10.0,5中京2,チャンピオンズC(GI),1:51.2,1.0,晴,2.0,2.0,船橋,JBCレディスクラシ(JpnI),1:53.8,0.5,晴,15.9,3.0,,nar,2026-10-06,61.36,77.8,45.7,60.5,63.5,61.1,51.8,クラス条件好転 / 履歴少 / 安定感 / 市場オッズ妙味
202630100611,2026-10-06,11,トモノシルバー,5.0,5.0,松井伸也,55.0,,8.0,7.0,門別,グランシャリオドリー(A3),1:02.2,1.1,晴,7.0,7.0,門別,日高銀聖特別(A2),1:01.9,1.3,曇,6.0,7.0,門別,アメリカンペイトリオ(A3),1:15.1,1.1,晴,5.0,5.0,門別,JA門別馬舞米特別(A3),1:02.1,1.1,曇,6.0,7.0,門別,ヒダカソウカップ〔H(重賞),1:45.7,2.6,雨,35.8,4.0,,nar,2026-10-06,46.12,54.3,50.0,14.6,38.0,55.4,48.5,市場オッズ妙味
202635100611,2026-10-06,11,ニケフェリーチェ,8.0,7.0,高松亮,54.0,,1.0,1.0,水沢,3歳B1一組,1:29.8,-0.2,晴,1.0,2.0,水沢,夢・希望未来へ前進(3歳B2),1:28.6,-0.4,曇,4.0,2.0,盛岡,3歳B2二組,1:27.1,0.9,曇,1.0,2.0,盛岡,3歳B2二組,1:26.6,-0.8,晴,2.0,1.0,盛岡,3歳C1一組,1:26.7,0.2,曇,2.7,1.0,,nar,2026-10-06,70.44,94.4,49.3,100.0,56.0,53.6,59.5,盛岡実績 / 履歴少 / 安定感
202646100611,2026-10-06,11,ノエル,9.0,8.0,沖静男,57.0,,9.0,9.0,金沢,社会貢献と金沢競馬う(B2),1:34.4,1.6,晴,1.0,5.0,金沢,楽天競馬で馬券を買お(C1),1:39.5,-0.6,曇,4.0,4.0,金沢,航ニ朗お誕生日おめで(B2),1:39.6,0.6,晴,4.0,6.0,金沢,B25,1:33.9,1.6,晴,1.0,3.0,金沢,葛山晃平騎手ラストデ(C1),1:39.6,-0.2,曇,16.6,8.0,,nar,2026-10-06,59.74,72.3,60.5,69.6,11.0,69.2,56.2,金沢実績 / 履歴少 / 安定感 / 過小評価傾向
202630100611,2026-10-06,11,バリジグリー,2.0,2.0,石川倭,55.0,,6.0,9.0,門別,グランシャリオドリー(A3),1:01.9,0.8,晴,10.0,9.0,門別,ふるさと日高応援特別(A2),1:02.8,2.2,雨,5.0,7.0,門別,ベゴニア特別(A3),1:01.4,1.2,晴,6.0,8.0,門別,8月15日しかべ最大(B1),1:15.1,1.8,曇,10.0,9.0,門別,星の降る里・芦別健夏(B1),1:18.6,4.4,曇,39.3,5.0,,nar,2026-10-06,50.55,50.3,58.7,19.8,60.5,58.0,46.3,前走人気以上 / 履歴少 / 市場オッズ妙味
202647100611,2026-10-06,11,ビジンハクメイ,2.0,2.0,渡辺竜也,55.0,,1.0,1.0,笠松,き組対と組!仁義なき(B),1:47.0,-0.5,曇,2.0,1.0,笠松,B8組,1:31.8,0.2,曇,1.0,2.0,笠松,打上花火特別(C),1:29.1,-1.5,晴,1.0,1.0,笠松,本日の旅費回収杯(C),1:45.3,-0.7,晴,2.0,3.0,笠松,吉田川特別(C),1:46.2,0.6,雨,2.8,1.0,,nar,2026-10-06,71.31,97.2,50.4,100.0,53.0,55.0,59.5,笠松実績 / 履歴少 / 安定感
202635100611,2026-10-06,11,ピュアケミストリー,10.0,8.0,小林凌,54.0,,7.0,8.0,水沢,クラスペディア賞(C1),1:29.7,2.0,曇,10.0,10.0,盛岡,B2,1:27.5,2.5,晴,7.0,3.0,水沢,猊鼻渓賞(B2),1:29.9,1.4,晴,6.0,8.0,水沢,B2,1:31.7,1.0,晴,1.0,1.0,水沢,B2,1:30.5,0.0,曇,42.4,9.0,,nar,2026-10-06,45.54,52.1,48.6,10.3,44.0,54.1,51.8,クラス条件好転 / 履歴少 / 市場オッズ妙味
202635100611,2026-10-06,11,ピュアマケナ,1.0,1.0,南郷家全,56.0,,5.0,2.0,盛岡,岩手ビッグブルズシー(C1),1:39.2,0.4,曇,1.0,4.0,盛岡,ミルクティーローズ賞(C1),1:39.7,-0.3,曇,2.0,6.0,盛岡,C1一組,1:37.8,0.2,曇,2.0,3.0,盛岡,オッズパーク賞(C1),1:40.0,1.2,曇,6.0,4.0,盛岡,プルメリア賞(C1),1:40.4,1.1,曇,5.4,3.0,,nar,2026-10-06,65.33,83.4,54.0,89.7,36.5,59.1,56.2,盛岡実績 / 履歴少 / 安定感
202646100611,2026-10-06,11,フェイマスグラース,8.0,8.0,吉田晃浩,55.0,,4.0,6.0,金沢,HBA組合長賞(B2),1:33.2,0.9,晴,3.0,5.0,金沢,B23,1:32.1,0.2,雨,1.0,9.0,金沢,邑知潟特別(B2),1:34.7,-0.1,晴,8.0,6.0,金沢,3月22日はばんえい(B1),1:43.8,2.4,晴,11.0,7.0,金沢,B23,1:30.4,2.1,雨,9.5,5.0,,nar,2026-10-06,66.01,72.3,63.9,75.1,60.5,63.5,52.9,金沢実績 / 履歴少 / 安定感
202644100611,2026-10-06,11,フェルディナンド,9.0,6.0,安藤洋一,55.0,,2.0,8.0,大井,ディーヴァ賞競走(A2),1:41.5,0.4,曇,6.0,6.0,大井,ロマンティックナイト(B1),1:27.6,1.1,曇,7.0,6.0,大井,ウイングシート賞競走(A2B1),1:28.5,3.3,曇,3.0,3.0,大井,マーチ賞競走(B1B2),1:27.6,1.2,晴,3.0,7.0,大井,スノーフレーク賞競走(B1B2),1:27.4,0.6,曇,671.8,12.0,,nar,2026-10-06,64.4,74.1,64.3,55.3,66.5,59.4,52.9,大井実績 / 前走人気以上 / 履歴少 / 近走上向き
202635100611,2026-10-06,11,ブローヴェイス,9.0,8.0,山本聡哉,56.0,,8.0,6.0,水沢,夢・希望未来へ前進(B1),1:44.4,1.0,晴,3.0,5.0,水沢,カウスアウストラリス(B1),1:43.3,0.9,曇,6.0,5.0,盛岡,ハダル賞(B2),1:39.6,1.2,曇,3.0,3.0,盛岡,いわて北緯40度葛巻(B2),1:39.8,0.4,晴,2.0,2.0,盛岡,B2二組,1:39.7,0.3,曇,7.7,4.0,,nar,2026-10-06,52.77,67.9,47.9,49.8,23.0,58.0,54.0,盛岡実績 / 履歴少
202644100611,2026-10-06,11,ヘニータイフーン,10.0,7.0,鷹見陸,55.0,,3.0,3.0,盛岡,ビューチフルドリーマ(重賞),2:05.6,1.0,小雨,8.0,3.0,船橋,短夜賞(OP)(3上),1:49.7,2.6,曇,6.0,3.0,浦和,しらさぎ賞[地方交流(重賞),1:28.8,0.5,曇,3.0,2.0,大井,東京シンデレラマイル(重賞),1:41.9,0.7,晴,12.0,8.0,船橋,JBCレディスクラシ(JpnI),1:57.4,4.1,晴,671.8,13.0,,nar,2026-10-06,50.93,61.8,33.2,45.0,75.5,45.0,48.8,履歴少 / 近走上向き
202646100611,2026-10-06,11,ベストタンゴ,7.0,7.0,青柳正義,55.0,,7.0,7.0,金沢,社会貢献と金沢競馬う(B2),1:33.8,1.0,晴,1.0,3.0,金沢,熊本地震被災者支援雲(B2),1:39.0,-0.1,曇,2.0,3.0,金沢,長江崚行爆誕2026(C1),1:39.3,0.5,晴,5.0,3.0,金沢,最高の推し!真白生誕(B2),1:40.4,0.7,晴,3.0,4.0,金沢,能登復興支援高爪山賞(B2),1:32.0,0.2,曇,9.1,4.0,,nar,2026-10-06,59.96,77.5,53.6,69.6,24.5,60.7,56.2,金沢実績 / 履歴少 / 安定感
202644100611,2026-10-06,11,ベルグラシアス,4.0,4.0,張田昂,55.0,,6.0,8.0,門別,ブリーダーズゴールド(JpnIII),2:10.4,2.1,曇,6.0,6.0,門別,ミルクランド北海道特(A1),1:51.0,3.2,雨,13.0,14.0,大井,ブリリアントカップ競(重賞),1:56.2,3.6,晴,5.0,7.0,大井,ブリリアントカップト(A2),1:55.6,1.7,曇,4.0,5.0,大井,アメジスト賞競走(A2),1:43.6,0.7,晴,537.4,10.0,,nar,2026-10-06,51.53,51.8,58.4,24.9,56.0,56.5,54.0,大井実績 / 履歴少
202647100611,2026-10-06,11,ペップトーク,5.0,5.0,藤原幹生,55.0,,1.0,3.0,笠松,黒鹿毛対栗毛(B),1:30.8,-0.1,曇,5.0,4.0,笠松,B5組,1:34.0,1.7,曇,1.0,1.0,笠松,入道雲特別(C),1:46.7,-0.3,曇,1.0,3.0,笠松,C級セレクション,1:45.5,-0.8,曇,2.0,3.0,笠松,FC岐阜キックオフイ,1:32.6,0.2,晴,10.0,6.0,,nar,2026-10-06,72.39,91.2,55.3,100.0,57.5,62.4,59.5,笠松実績 / 履歴少 / 安定感
202646100611,2026-10-06,11,ボガトイーリ,2.0,2.0,松戸政也,57.0,,6.0,7.0,金沢,B22,1:39.8,1.6,雨,8.0,1.0,金沢,B14,1:42.6,2.9,晴,1.0,4.0,金沢,あづ聖誕つにてんてん(B2),1:32.0,0.0,曇,1.0,2.0,金沢,カポ峯生誕記念(C1),1:33.4,-0.9,晴,6.0,5.0,金沢,母の日特別(C1),0:59.2,2.0,晴,10.8,6.0,,nar,2026-10-06,51.61,69.8,44.4,34.3,38.0,55.6,49.6,履歴少
202635100611,2026-10-06,11,マチカゼ,3.0,3.0,菅原辰徳,56.0,,6.0,9.0,水沢,夢・希望未来へ前進(B1),1:44.2,0.8,晴,6.0,8.0,水沢,カウスアウストラリス(B1),1:43.9,1.5,曇,5.0,5.0,盛岡,B1,1:37.9,1.1,晴,5.0,5.0,盛岡,親子で学ぶ!味覚とテ(B1),1:40.6,1.6,小雨,7.0,3.0,盛岡,B1二組,1:40.7,1.9,曇,41.2,8.0,,nar,2026-10-06,54.1,61.9,57.0,34.3,48.5,55.4,54.0,盛岡実績 / 前走人気以上 / 履歴少 / 市場オッズ妙味
202647100611,2026-10-06,11,マルヨファーザ,3.0,3.0,東川慎,55.0,,7.0,4.0,笠松,第41回畜産フェア特(B),1:32.5,2.8,晴,,,笠松,いわし雲特別(B),,,雨,4.0,8.0,笠松,処暑特別(B),1:30.9,0.3,晴,4.0,7.0,笠松,蛍光特別(B),1:31.2,1.4,晴,8.0,8.0,笠松,アサガオ特別(B),1:33.6,2.7,晴,39.0,9.0,,nar,2026-10-06,52.49,61.9,52.9,34.3,40.0,58.0,54.2,笠松実績 / クラス条件好転 / 履歴少 / 市場オッズ妙味
202644100611,2026-10-06,11,メモリアカフェ,7.0,5.0,Ｃ．ルメ,56.0,,1.0,2.0,川崎,エンプレス杯キヨフジ(JpnII),2:16.1,-0.2,晴,1.0,2.0,園田,兵庫女王盃(JpnIII),2:03.6,-0.2,雨,3.0,2.0,船橋,クイーン賞(JpnIII),1:55.6,0.8,曇,2.0,1.0,船橋,マリーンC(JpnIII),1:54.2,0.6,晴,1.0,1.0,川崎,関東オークス【指定交(JpnII),2:17.3,-1.1,晴,8.2,2.0,,nar,2026-10-06,70.81,95.7,51.5,100.0,54.5,59.0,48.8,履歴少 / 安定感
202630100611,2026-10-06,11,ラストボーン,6.0,6.0,渡辺準己,53.0,,7.0,8.0,門別,グランシャリオドリー(A3),1:02.1,1.0,晴,9.0,10.0,門別,日高報知新聞特別(A2),1:14.7,1.3,雨,6.0,5.0,門別,ベゴニア特別(A3),1:01.9,1.7,晴,5.0,8.0,門別,グランシャリオドリー(A3),1:01.6,1.1,晴,5.0,7.0,門別,8月15日しかべ最大(B1),1:14.9,1.6,曇,95.0,7.0,,nar,2026-10-06,50.0,53.6,57.0,24.9,45.5,56.5,49.6,履歴少
202644100611,2026-10-06,11,ラブラブパイロ,6.0,5.0,西啓太,55.0,,1.0,6.0,盛岡,ビューチフルドリーマ(重賞),2:04.6,0.0,小雨,3.0,3.0,門別,ノースクイーンC(重賞),1:57.2,0.7,晴,8.0,8.0,船橋,月白風清2200(A2B1),2:29.5,2.7,曇,8.0,3.0,大井,クリスタルナイト賞競(A2),2:09.5,1.6,曇,10.0,12.0,船橋,JBCレディスクラシ(JpnI),1:56.4,3.1,晴,34.4,6.0,,nar,2026-10-06,63.29,69.3,57.0,55.3,87.5,57.6,50.0,前走人気以上 / 近走上向き / 市場オッズ妙味
202635100611,2026-10-06,11,ラヴェイ,4.0,4.0,高橋悠里,56.0,,5.0,3.0,水沢,夢・希望未来へ前進(B1),1:44.2,0.8,晴,3.0,2.0,水沢,B1二組,1:42.3,0.7,曇,7.0,3.0,盛岡,B1B2混合,1:13.4,1.5,曇,1.0,1.0,盛岡,B2,1:12.4,-0.6,曇,4.0,1.0,盛岡,B2,1:39.0,0.3,曇,9.2,5.0,,nar,2026-10-06,57.06,74.3,36.3,80.2,42.5,52.9,54.0,盛岡実績 / 履歴少 / 安定感
202646100611,2026-10-06,11,リンクアームズ,1.0,1.0,田知弘久,55.0,,10.0,11.0,金沢,HBA組合長賞(B2),1:33.9,1.6,晴,1.0,1.0,金沢,☆祝三十路☆小山光生(C1),1:40.4,-0.1,雨,10.0,10.0,金沢,航ニ朗お誕生日おめで(B2),1:40.8,1.8,晴,9.0,7.0,金沢,津田さんお疲れ様杯(B2),1:35.5,2.1,晴,4.0,9.0,金沢,「葛山画伯」記念(B2),1:40.2,2.5,曇,25.3,9.0,,nar,2026-10-06,47.8,52.1,53.7,35.3,26.0,57.3,49.6,履歴少 / 市場オッズ妙味
202644100611,2026-10-06,11,レイナデアルシーラ,3.0,3.0,田口貫太,55.0,,1.0,6.0,2小倉6,阿蘇S(OP),1:44.9,-0.3,晴,3.0,5.0,川崎,エンプレス杯キヨフジ(JpnII),2:16.5,0.4,晴,4.0,6.0,1福島1,吾妻小富士S(OP),1:44.1,0.7,晴,12.0,3.0,1小倉4,門司S(OP),1:46.2,1.3,曇,13.0,11.0,4京都2,みやこS(GIII),1:51.5,4.0,小雨,20.3,4.0,,nar,2026-10-06,66.3,68.5,56.3,75.1,92.0,55.0,58.7,前走人気以上 / n適性 / 小倉実績 / 近走上向き
202647100611,2026-10-06,11,レクランスリール,6.0,6.0,松本一心,55.0,,2.0,5.0,笠松,ヒガンバナ特別(B),1:30.9,0.4,晴,,,笠松,ひつじ雲特別(B),,,雨,6.0,4.0,笠松,残暑特別(B),1:46.0,0.9,晴,1.0,1.0,笠松,B級サバイバル,1:30.1,-0.4,晴,5.0,6.0,笠松,B3組,1:32.6,1.0,晴,5.3,2.0,,nar,2026-10-06,64.13,81.8,55.8,55.3,62.0,58.7,55.3,笠松実績 / 前走人気以上 / 履歴少
202644100611,2026-10-06,11,ローリエフレイバー,11.0,7.0,和田譲治,55.0,,7.0,1.0,盛岡,ビューチフルドリーマ(重賞),2:06.3,1.7,小雨,10.0,1.0,佐賀,佐賀ヴィーナスC(重賞),1:58.2,4.2,雨,1.0,2.0,高知,レジーナディンヴェル(重賞),2:09.8,-0.1,曇,12.0,12.0,大井,東京シンデレラマイル(重賞),1:43.3,2.1,晴,11.0,11.0,船橋,JBCレディスクラシ(JpnI),1:57.3,4.0,晴,383.8,8.0,,nar,2026-10-06,38.75,46.4,22.9,19.8,59.0,42.5,48.8,履歴少
202647100611,2026-10-06,11,ヴァネロペ,9.0,8.0,阿部基嗣,54.0,,6.0,9.0,笠松,月桂冠特別(A),1:30.0,1.5,曇,8.0,8.0,笠松,ススキ特別(A),1:47.1,2.6,曇,3.0,4.0,笠松,爽籟特別(A),1:31.4,1.5,曇,7.0,7.0,笠松,ささゆり特別(A),1:44.6,2.5,曇,,,笠松,キキョウ特別(A),,,晴,19.1,8.0,,nar,2026-10-06,52.76,59.5,58.7,19.8,50.0,63.8,47.1,前走人気以上 / 履歴少 / 市場オッズ妙味
202646100611,2026-10-06,11,ヴィントシュティレ,5.0,5.0,柴田勇真,55.0,,5.0,10.0,金沢,HBA組合長賞(B2),1:33.2,0.9,晴,4.0,4.0,金沢,B23,1:32.4,0.5,雨,7.0,4.0,金沢,能登復興支援七ツ島特(B2),1:39.9,1.0,晴,1.0,4.0,金沢,最高の推し!真白生誕(B2),1:39.7,-0.2,晴,5.0,6.0,金沢,能登復興支援高爪山賞(B2),1:32.4,0.6,曇,14.8,7.0,,nar,2026-10-06,64.35,71.5,60.3,80.2,45.5,65.4,56.2,金沢実績 / 前走人気以上 / 履歴少 / 安定感
202644100612,2026-10-06,12,アイビーサムライオ,2.0,2.0,笹川翼,56.0,,1.0,1.0,大井,オフトひたちなか賞競(B2),1:40.9,-0.2,曇,2.0,1.0,大井,トゥインクルバースデ(B3),1:42.0,0.2,曇,4.0,4.0,大井,ダイヤモンドダスト賞(B2),1:42.0,1.2,晴,1.0,1.0,大井,神明坂賞競走(B3),1:41.1,0.0,晴,1.0,1.0,大井,土器坂賞競走(B3),1:42.6,-0.8,曇,2.1,1.0,,nar,2026-10-06,69.71,93.3,48.3,100.0,56.0,52.5,59.5,大井実績 / 履歴少 / 安定感
202635100612,2026-10-06,12,アルカナエ,4.0,4.0,鈴木祐,56.0,,9.0,10.0,水沢,夢・希望未来へ前進(B1),1:44.9,1.5,晴,5.0,7.0,水沢,カウスアウストラリス(B1),1:43.8,1.4,曇,11.0,4.0,盛岡,ハダル賞(B2),1:41.0,2.6,曇,2.0,5.0,盛岡,B2二組,1:38.7,0.3,晴,6.0,3.0,水沢,ジューンC(B2),2:07.2,2.5,曇,16.5,6.0,,nar,2026-10-06,47.24,51.5,46.8,39.5,32.0,56.3,51.2,盛岡実績 / 履歴少 / 市場オッズ妙味
202630100612,2026-10-06,12,アンヘル,6.0,6.0,石川倭,57.0,,1.0,1.0,門別,日高報知新聞特別(A2),1:13.4,-0.4,雨,1.0,1.0,門別,サルビア特別(B3),1:13.4,-0.1,晴,1.0,1.0,門別,8月15日しかべ最大(B1),1:13.3,-1.1,曇,,,門別,ルピナス特別(B3),,,曇,1.0,1.0,門別,第54回アポイの火祭(B4),1:14.0,-0.3,曇,1.7,1.0,,nar,2026-10-06,69.51,100.0,50.0,85.4,50.0,52.3,59.5,門別実績 / 履歴少 / 安定感
202644100612,2026-10-06,12,イチニチショチョウ,8.0,7.0,江里口裕,56.0,,15.0,13.0,大井,長月賞競走(B2),1:29.1,1.8,晴,1.0,10.0,大井,デイリースポーツ賞競(B3),1:26.2,0.0,雨,6.0,10.0,大井,サマーバケーション賞(B3),1:28.1,2.1,曇,9.0,10.0,大井,アフター5スター賞ト(A2),1:14.5,3.2,晴,9.0,12.0,大井,潮見坂賞競走(B3),1:28.7,1.5,曇,76.1,8.0,,nar,2026-10-06,45.85,45.8,70.2,24.9,0.0,61.3,46.3,履歴少 / 人気以上に走る傾向
202630100612,2026-10-06,12,エターナルルビー,2.0,2.0,若杉朝飛,55.0,,9.0,10.0,門別,グランシャリオドリー(A3),1:03.2,2.1,晴,11.0,11.0,門別,ふるさと日高応援特別(A2),1:03.1,2.5,雨,8.0,8.0,門別,ベゴニア特別(A3),1:03.0,2.8,晴,6.0,6.0,盛岡,C1,1:27.1,0.7,晴,8.0,7.0,盛岡,C1,1:26.9,2.0,曇,640.0,9.0,,nar,2026-10-06,40.2,37.9,51.4,0.0,45.5,50.9,46.5,総合評価
202630100612,2026-10-06,12,カミハマッテイル,7.0,7.0,岩橋勇二,55.0,,2.0,2.0,門別,シュウメイギク特別(A3),1:14.4,0.9,晴,3.0,3.0,門別,ダリア特別(A3),1:13.4,0.4,晴,4.0,3.0,門別,星雲賞〔H3〕(重賞),1:14.9,1.0,雨,1.0,1.0,門別,胆振軽種馬農業協同組(B3),1:13.1,-0.6,晴,4.0,2.0,門別,乾杯をもっとおいしく(B3),1:14.8,0.4,晴,7.2,4.0,,nar,2026-10-06,68.07,86.4,47.2,100.0,56.0,56.5,59.5,門別実績 / 履歴少 / 安定感
202635100612,2026-10-06,12,サンエイブレーヴ,1.0,1.0,坂井瑛音,55.0,,,,水沢,夢・希望未来へ前進(B1),,,晴,1.0,1.0,水沢,B1二組,1:41.6,0.0,曇,2.0,4.0,盛岡,夢・希望未来へ前進(B1),1:38.9,0.3,曇,8.0,8.0,盛岡,夢・希望未来へ前進(B1),1:40.2,0.8,晴,7.0,6.0,盛岡,45周年Annive(B1),1:39.3,0.7,小雨,4.4,3.0,,nar,2026-10-06,62.35,78.9,52.9,44.7,78.0,57.1,48.5,履歴少 / 近走上向き
202635100612,2026-10-06,12,サンライズウェーヴ,8.0,7.0,村上忍,56.0,,5.0,6.0,水沢,秋分特別(A),1:43.2,0.9,曇,7.0,7.0,園田,DASH観音寺特別A(A2B1),1:56.7,2.7,雨,8.0,8.0,園田,初夏特別A2B1,2:08.0,2.5,晴,6.0,5.0,園田,A1A2,2:05.7,2.2,晴,4.0,3.0,園田,春爛漫特別A2B1,2:06.4,0.2,曇,24.8,9.0,,nar,2026-10-06,53.05,58.9,50.4,40.7,57.5,55.6,48.8,履歴少 / 市場オッズ妙味
202644100612,2026-10-06,12,スミソニアン,5.0,5.0,小野俊斗,53.0,,14.0,16.0,大井,長月賞競走(B2),1:29.1,1.8,晴,8.0,12.0,大井,永代橋賞競走(B2),1:13.4,0.6,曇,7.0,9.0,大井,サマーナイト賞競走(B2),1:27.8,2.0,曇,9.0,11.0,大井,ベガ賞競走(B2B3),1:47.9,3.1,晴,11.0,10.0,大井,B2四,1:31.0,4.8,晴,999.9,10.0,,nar,2026-10-06,38.22,28.6,65.3,0.0,18.5,56.8,43.8,履歴少 / 人気以上に走る傾向
202630100612,2026-10-06,12,スワッガー,4.0,4.0,服部茂史,56.0,,11.0,8.0,門別,シュウメイギク特別(A3),1:16.4,2.9,晴,8.0,8.0,門別,ダリア特別(A3),1:14.0,1.0,晴,4.0,6.0,門別,グランシャリオドリー(A3),1:01.3,0.8,晴,8.0,6.0,門別,星の降る里・芦別健夏(B1),1:15.9,1.7,曇,3.0,1.0,門別,夕張メロン、味は特別(A4),1:02.5,0.9,晴,120.9,7.0,,nar,2026-10-06,41.05,47.2,42.9,30.1,18.5,48.3,49.6,履歴少
202635100612,2026-10-06,12,セローム,10.0,8.0,佐々木志,54.0,,12.0,11.0,水沢,オータムティアラ(重賞),2:07.2,3.7,小雨,7.0,9.0,水沢,弘南鉄道乗りにいきま(3歳A),1:44.2,1.7,曇,4.0,6.0,盛岡,3歳B1,1:40.6,1.3,曇,10.0,10.0,盛岡,やまびこ賞(重賞),1:55.8,4.7,小雨,12.0,6.0,盛岡,サファイア賞(重賞),1:47.7,2.6,晴,104.1,10.0,,nar,2026-10-06,39.67,36.9,49.8,19.8,27.5,49.0,48.5,履歴少
202644100612,2026-10-06,12,チャダルクン,9.0,8.0,高野誠毅,56.0,,7.0,9.0,大井,御岳山賞競走(B1B2),2:10.9,0.7,曇,4.0,13.0,大井,宮益坂賞競走(B3),1:55.9,0.7,曇,5.0,7.0,大井,サマーバケーション賞(B3),1:28.0,2.0,曇,12.0,15.0,大井,東京スポーツ賞競走(B3),1:28.4,1.5,曇,9.0,7.0,大井,B2四,1:28.5,2.3,晴,76.7,9.0,,nar,2026-10-06,58.31,53.7,74.3,44.7,53.0,62.6,49.6,履歴少 / 人気以上に走る傾向
202630100612,2026-10-06,12,ディオスメッセージ,9.0,8.0,桑村真明,57.0,,3.0,4.0,門別,シュウメイギク特別(A3),1:14.5,1.0,晴,6.0,4.0,門別,日高報知新聞特別(A2),1:14.3,0.9,雨,4.0,4.0,門別,ダリア特別(A3),1:13.6,0.6,晴,2.0,1.0,門別,ホクレン玉ねぎ「真白(A3),1:13.9,0.2,雨,5.0,7.0,門別,アルビレオ特別(A2),1:14.6,0.9,曇,14.9,5.0,,nar,2026-10-06,63.01,76.0,49.1,75.1,57.5,61.5,54.5,門別実績 / 安定感 / 市場オッズ妙味
202644100612,2026-10-06,12,トランジェント,7.0,7.0,安藤洋一,54.0,,8.0,5.0,大井,御岳山賞競走(B1B2),2:11.0,0.8,曇,4.0,5.0,大井,処暑賞競走(B2),2:39.3,1.6,雨,1.0,2.0,大井,清水坂賞競走(B3),2:08.3,-0.1,曇,9.0,4.0,大井,三宅坂賞競走(B3),1:55.5,1.6,晴,8.0,3.0,大井,B3四,2:10.0,1.5,晴,15.5,7.0,,nar,2026-10-06,48.6,61.9,38.0,44.7,35.0,54.5,49.6,履歴少 / 市場オッズ妙味
202644100612,2026-10-06,12,ドウジギリ,3.0,3.0,Ｆ．ゴン,56.0,,3.0,2.0,大井,処暑賞競走(B2),2:38.8,1.1,雨,4.0,2.0,大井,シーブリーズ賞競走(B2),2:10.0,1.0,曇,4.0,6.0,大井,風待月賞競走(B2),2:07.4,0.9,晴,1.0,4.0,大井,犬坂賞競走(B3),1:54.6,-0.1,曇,8.0,3.0,大井,赤坂賞競走(B3),1:57.4,2.1,晴,5.6,2.0,,nar,2026-10-06,64.23,78.6,46.6,89.7,57.5,55.4,56.2,大井実績 / 履歴少 / 安定感
202644100612,2026-10-06,12,ナンパセン,4.0,4.0,岡村健司,56.0,,1.0,3.0,大井,処暑賞競走(B2),2:37.7,-1.0,雨,2.0,1.0,大井,清水坂賞競走(B3),2:08.4,0.1,曇,1.0,10.0,大井,三宅坂賞競走(B3),1:53.9,-1.0,晴,9.0,7.0,大井,鼠坂賞競走(B3),1:29.3,3.2,曇,7.0,8.0,大井,錦華坂賞競走(B3),1:28.0,0.9,曇,6.1,3.0,,nar,2026-10-06,70.6,83.7,63.6,75.1,72.5,63.5,52.9,大井実績 / 履歴少 / 近走上向き / 安定感
202635100612,2026-10-06,12,ハクシンマルペンサ,3.0,3.0,高橋悠里,54.0,,1.0,1.0,水沢,セプテンバーC(B2),2:05.0,-0.7,晴,1.0,1.0,水沢,B2一組,1:41.2,-0.8,曇,3.0,1.0,盛岡,C1二組,1:39.1,0.4,曇,2.0,3.0,盛岡,C1三組,1:25.4,0.0,曇,7.0,6.0,盛岡,C1二組,1:39.3,0.5,曇,4.0,2.0,,nar,2026-10-06,68.23,90.7,47.5,89.7,63.5,54.6,54.0,盛岡実績 / 履歴少 / 安定感
202630100612,2026-10-06,12,プレアレジェンド,3.0,3.0,金山昇馬,55.0,,8.0,9.0,門別,シュウメイギク特別(A3),1:15.3,1.8,晴,13.0,13.0,2札幌6,HTB賞(2勝クラス),1:50.4,1.7,晴,10.0,10.0,門別,モーリス・プレミアム(B1),2:01.4,4.4,曇,8.0,8.0,佐賀,佐賀皐月賞(重賞),1:59.9,2.4,雨,8.0,4.0,佐賀,卯月特別(B),2:04.9,2.3,小雨,125.4,8.0,,nar,2026-10-06,38.95,30.9,49.2,0.0,60.5,49.0,43.8,履歴少
202630100612,2026-10-06,12,ベラジオゼロ,8.0,8.0,渡辺準己,54.0,,10.0,4.0,高知,黒潮スプリンターズカ(重賞),1:25.0,2.3,晴,1.0,1.0,園田,神戸ビーフの郷JAみ(B1),1:30.2,-0.9,晴,1.0,1.0,園田,丹波市ちーたん特別B(B1),1:29.8,-1.2,晴,7.0,3.0,門別,道営スプリント〔H1(重賞),1:13.5,0.8,晴,1.0,1.0,門別,赤井川オーガニックか(A2),1:12.8,-1.0,曇,4.0,2.0,,nar,2026-10-06,47.11,71.1,33.1,55.0,5.0,49.4,51.2,門別実績 / 履歴少
202644100612,2026-10-06,12,ポッドフェスタ,10.0,8.0,本田正重,56.0,,5.0,4.0,大井,ペルセウス賞競走(B1B2),1:47.0,3.0,晴,12.0,6.0,大井,雲取賞競走(JpnIII),1:56.9,2.9,晴,4.0,4.0,船橋,ブルーバードC(JpnIII),1:56.9,1.5,晴,2.0,4.0,大井,ハイセイコー記念競走(重賞),1:41.9,0.5,晴,1.0,2.0,大井,はやぶさ特別競走(2歳),1:45.1,-0.7,雨,9.6,6.0,,nar,2026-10-06,55.77,62.4,40.2,75.1,48.5,57.0,58.3,大井実績 / クラス条件好転 / 履歴少 / 安定感
202644100612,2026-10-06,12,ポンドボーイ,1.0,1.0,矢野貴之,56.0,,2.0,6.0,大井,御岳山賞競走(B1B2),2:10.3,0.1,曇,6.0,4.0,大井,処暑賞競走(B2),2:43.6,5.9,雨,11.0,1.0,大井,パイライト賞競走(B2B3),1:56.7,1.3,曇,5.0,4.0,大井,スポーツニッポン賞競(B1B2),1:55.2,0.9,晴,4.0,2.0,大井,アオイライコー賞競走(B2),1:56.1,1.0,曇,8.8,5.0,,nar,2026-10-06,55.85,64.6,38.7,55.3,77.0,52.1,52.9,大井実績 / 前走人気以上 / 履歴少 / 近走上向き
202630100612,2026-10-06,12,マスグラバイト,5.0,5.0,黒澤愛斗,57.0,,4.0,10.0,門別,シュウメイギク特別(A3),1:14.5,1.0,晴,8.0,9.0,門別,日高報知新聞特別(A2),1:14.4,1.0,雨,5.0,5.0,門別,ビアパーティーAib(A1),1:52.0,3.1,雨,6.0,5.0,門別,クレオメ特別(A1),1:58.7,1.8,晴,5.0,7.0,門別,ミルクランド北海道特(A1),1:51.0,3.2,雨,58.5,6.0,,nar,2026-10-06,61.47,63.3,64.9,60.5,62.0,58.7,52.5,門別実績 / 前走人気以上 / 安定感
202644100612,2026-10-06,12,メイショウタビズキ,6.0,6.0,藤田凌,56.0,,4.0,7.0,大井,長月賞競走(B2),1:27.4,0.1,晴,2.0,4.0,大井,オフトひたちなか賞競(B2),1:41.1,0.2,曇,1.0,3.0,大井,トゥインクルバースデ(B3),1:41.8,-0.2,曇,2.0,3.0,大井,三宅坂賞競走(B3),1:54.9,1.0,晴,3.0,3.0,大井,淡路坂賞競走(B3),1:41.6,0.6,曇,7.5,4.0,,nar,2026-10-06,71.32,87.9,63.7,100.0,38.0,63.8,59.5,大井実績 / 前走人気以上 / 履歴少 / 安定感
202630100612,2026-10-06,12,ヤマニンパッセ,1.0,1.0,落合玄太,55.0,,5.0,2.0,門別,日高報知新聞特別(A2),1:14.2,0.8,雨,2.0,2.0,門別,ダリア特別(A3),1:13.1,0.1,晴,5.0,2.0,門別,ポラリスサマースプリ(重賞),1:14.9,2.0,曇,2.0,2.0,門別,アルビレオ特別(A2),1:13.7,0.0,曇,1.0,1.0,門別,日高町建設協会特別(A4),1:14.1,-0.2,曇,6.3,3.0,,nar,2026-10-06,61.49,80.8,39.5,100.0,35.0,53.9,56.4,門別実績 / 安定感
202635100612,2026-10-06,12,ヤマニンリーリオ,5.0,5.0,山本聡哉,54.0,,1.0,2.0,水沢,ムリファイン賞(B1),1:29.1,-0.1,小雨,6.0,5.0,水沢,B1,0:51.1,1.2,雨,2.0,2.0,盛岡,秋桜賞(B1),1:25.3,0.2,曇,2.0,7.0,盛岡,オーガストC(B2),1:25.9,0.4,晴,1.0,4.0,盛岡,B2二組,1:39.4,-0.3,曇,6.8,5.0,,nar,2026-10-06,69.36,87.3,57.7,75.1,60.5,63.4,59.5,盛岡実績 / 履歴少 / 安定感
202635100612,2026-10-06,12,リコーホーク,2.0,2.0,岩本怜,56.0,,7.0,5.0,盛岡,3歳B1,1:39.8,1.2,小雨,3.0,2.0,盛岡,3歳B1,1:40.3,0.8,晴,2.0,6.0,水沢,3歳B1,1:42.7,0.0,晴,1.0,5.0,盛岡,3歳B1一組,1:26.4,-0.2,晴,3.0,6.0,水沢,3歳A,1:46.5,1.1,晴,22.8,8.0,,nar,2026-10-06,60.22,78.2,55.8,69.6,21.5,61.5,54.0,盛岡実績 / 履歴少 / 安定感 / 市場オッズ妙味
202635100612,2026-10-06,12,リベルテ,6.0,6.0,山本聡紀,56.0,,1.0,2.0,水沢,クラスペディア賞(C1),1:27.7,0.0,曇,1.0,2.0,盛岡,C1,1:25.3,-0.8,小雨,1.0,6.0,盛岡,御所湖賞(C1),1:26.1,0.0,曇,9.0,7.0,盛岡,ストロベリーキャンド(C1),1:27.4,2.1,晴,7.0,2.0,盛岡,C1,1:26.9,2.0,曇,5.8,4.0,,nar,2026-10-06,67.95,85.7,55.1,75.1,71.0,57.5,51.5,盛岡実績 / 近走上向き / 安定感
202635100612,2026-10-06,12,レノヴァティオ,9.0,8.0,大坪慎,56.0,,3.0,5.0,水沢,3歳A,1:43.1,0.6,雨,11.0,9.0,盛岡,不来方賞(JpnII),2:11.9,11.0,曇,4.0,3.0,盛岡,3歳B1,1:39.2,0.6,小雨,2.0,6.0,盛岡,やまびこ賞(重賞),1:52.6,1.5,小雨,7.0,3.0,盛岡,3歳B1,1:40.8,1.3,晴,21.8,7.0,,nar,2026-10-06,59.29,64.3,50.6,64.7,68.0,55.6,54.2,盛岡実績 / クラス条件好転 / 履歴少 / 近走上向き
202635100612,2026-10-06,12,レーザースペックル,7.0,7.0,塚本涼人,56.0,,1.0,2.0,水沢,赤平金剛賞(B1B2),1:28.2,-0.2,小雨,2.0,2.0,水沢,B2,1:28.4,1.4,雨,1.0,2.0,盛岡,B2,1:25.9,-0.3,曇,1.0,1.0,盛岡,C1二組,1:38.8,-0.2,曇,1.0,2.0,盛岡,C1五組,1:26.4,-0.8,曇,3.9,1.0,,nar,2026-10-06,72.67,98.0,54.2,100.0,51.5,57.7,59.5,盛岡実績 / 履歴少 / 安定感
