race_id,日付,レース,馬名,馬番,枠,騎手,斤量,実着順,着順1,人気1,場1,レース名1,着順2,人気2,場2,レース名2,着順3,人気3,場3,レース名3,着順4,人気4,場4,レース名4,着順5,人気5,場5,レース名5,単勝オッズ,人気,オッズ更新日時,source,_date,AREru指数,因子_performance,因子_upset,因子_consistency,因子_trend,因子_value,因子_context,理由
202648072801,2026-07-28,1,アジアアンプルール,4.0,4.0,大畑雅章,57.0,12.0,,,,,,,,,,,,,,,,,,,,,8.6,4.0,,nar,2026-07-28,36.0,35.0,35.0,35.0,35.0,35.0,45,履歴少
202645072801,2026-07-28,1,アップタウンガール,7.0,7.0,笹川翼,54.0,1.0,1.0,1.0,川崎,C3三　四,1.0,3.0,川崎,C3五　六,2.0,1.0,川崎,ファイナルアンサー賞(C3),6.0,6.0,川崎,C3五　六,8.0,8.0,川崎,鏡餅賞(C3),1.1,1.0,,nar,2026-07-28,65.81,86.8,52.1,75.1,69.5,51.1,45,履歴少 / 近走上向き / 安定感
202630072801,2026-07-28,1,アドミレリッチー,8.0,6.0,小川悠汰,52.0,9.0,,,,,,,,,,,,,,,,,,,,,511.5,12.0,,nar,2026-07-28,36.0,35.0,35.0,35.0,35.0,35.0,45,履歴少
202646072801,2026-07-28,1,アリーワーク,10.0,8.0,田知弘久,55.0,8.0,6.0,5.0,金沢,オオタアキラ引退送別(C2),6.0,5.0,金沢,楽天競馬で馬券を買お(C2),1.0,1.0,金沢,C27,1.0,2.0,金沢,C212,3.0,3.0,金沢,C211,24.0,5.0,,nar,2026-07-28,53.97,76.2,47.1,44.7,30.5,55.6,45,履歴少 / 市場オッズ妙味
202630072801,2026-07-28,1,イケノミセスグリン,3.0,3.0,桑村真明,55.0,3.0,4.0,3.0,門別,2歳未勝利(未勝利),4.0,5.0,門別,2歳未勝利(未勝利),4.0,6.0,門別,2歳牝馬未勝利(未勝利),8.0,4.0,門別,JRA認定競走フレッ(新馬)(2歳),,,,,8.0,4.0,,nar,2026-07-28,59.85,70.8,48.1,75.1,58.0,57.2,45,履歴少 / 安定感
202630072801,2026-07-28,1,イゼルトヴァルト,10.0,7.0,小野楓馬,55.0,7.0,10.0,7.0,門別,2歳未勝利(未勝利),8.0,7.0,門別,JRA認定競走フレッ(新馬)(2歳),,,,,,,,,,,,,288.9,9.0,,nar,2026-07-28,37.35,37.4,37.4,18.0,38.9,47.0,45,履歴少 / サンプル少
202648072801,2026-07-28,1,イントゥディープ,7.0,6.0,今井貴大,57.0,11.0,12.0,12.0,名古屋,名古屋モーニングフィ(3歳),9.0,11.0,名古屋,3歳13組,9.0,10.0,名古屋,3歳15組,12.0,11.0,名古屋,3歳11組,8.0,9.0,名古屋,3歳11組,379.6,12.0,,nar,2026-07-28,36.85,26.0,54.6,0.0,35.0,55.5,45,履歴少
202630072801,2026-07-28,1,ウルトラマックス,7.0,6.0,井上俊彦,55.0,12.0,11.0,11.0,門別,2歳未勝利(未勝利),9.0,10.0,門別,JRA認定競走フレッ(新馬)(2歳),,,,,,,,,,,,,439.5,10.0,,nar,2026-07-28,39.1,33.0,47.2,18.0,38.9,51.5,45,履歴少 / サンプル少
202646072801,2026-07-28,1,エイシンクエーサー,5.0,5.0,栗原大河,57.0,6.0,3.0,7.0,高知,C2ー3,,,高知,C2ー2,7.0,6.0,高知,C2ー2,2.0,6.0,高知,ファイナルレース(C2),5.0,1.0,高知,ファイナルレース(C2),1.7,1.0,,nar,2026-07-28,61.64,74.9,61.1,55.3,60.0,54.7,45,履歴少
202648072801,2026-07-28,1,エターナルハーピー,6.0,5.0,渡辺竜也,55.0,7.0,10.0,10.0,名古屋,名古屋モーニングフィ(3歳),11.0,12.0,名古屋,3歳13組,10.0,7.0,名古屋,3歳15組,11.0,10.0,名古屋,3歳11組,9.0,9.0,名古屋,3歳12組,78.7,10.0,,nar,2026-07-28,36.26,25.7,46.6,0.0,51.5,51.5,45,履歴少
202635072801,2026-07-28,1,エバーグリーン,9.0,8.0,小林凌,56.0,2.0,1.0,1.0,盛岡,C2六組,2.0,1.0,水沢,C2八組,4.0,5.0,水沢,C2七組,4.0,5.0,水沢,オッズパークスピード(C2),7.0,1.0,水沢,C2四組,2.1,1.0,,nar,2026-07-28,65.45,84.8,46.3,89.7,69.5,49.9,45,履歴少 / 近走上向き / 安定感
202645072801,2026-07-28,1,オンネア,2.0,2.0,本田紀忠,54.0,4.0,4.0,8.0,浦和,HUBトラック賞(C3),2.0,9.0,川崎,トウザヨリ賞(C3),12.0,5.0,浦和,宝登山特別(C3),12.0,7.0,浦和,ランチタイム(C3),4.0,11.0,浦和,ランチタイム(C3),16.4,4.0,,nar,2026-07-28,60.99,58.0,61.0,65.7,71.0,65.8,45,履歴少 / 近走上向き / 安定感 / 過小評価傾向
202646072801,2026-07-28,1,カラーオブワンダー,7.0,7.0,服部大地,57.0,5.0,9.0,10.0,金沢,小田島ゴールインカッ(C2),7.0,5.0,金沢,ダッシュダッシュいの(C1特別),6.0,8.0,金沢,C17,6.0,9.0,金沢,C17,6.0,7.0,金沢,まめちゃんぴよぴよ記(C1),211.0,10.0,,nar,2026-07-28,43.91,50.7,55.2,0.0,33.5,56.8,45,履歴少
202646072801,2026-07-28,1,カラーズリング,4.0,4.0,松戸政也,55.0,4.0,7.0,4.0,金沢,オオタアキラ引退送別(C2),11.0,2.0,金沢,楽天競馬で馬券を買お(C2),4.0,2.0,金沢,ろこ★お留守番ごめん(C2),1.0,1.0,金沢,C28,2.0,1.0,金沢,C29,25.9,6.0,,nar,2026-07-28,43.21,59.9,24.4,44.7,35.0,46.5,45,履歴少 / 市場オッズ妙味
202645072801,2026-07-28,1,ガルヴァニック,1.0,1.0,佐野遥久,54.0,6.0,7.0,4.0,川崎,コリアンダー賞(C3),4.0,11.0,川崎,C3一　二,11.0,9.0,浦和,ランチタイム(C3),7.0,5.0,川崎,C3一　二,4.0,8.0,浦和,特選(C3),31.9,8.0,,nar,2026-07-28,50.72,54.1,53.9,35.3,47.0,58.9,45,履歴少 / 市場オッズ妙味
202646072801,2026-07-28,1,キタノダイヤ,9.0,8.0,平瀬城久,55.0,9.0,8.0,2.0,金沢,小田島ゴールインカッ(C2),2.0,2.0,金沢,2025金沢競馬応援(B2),5.0,1.0,金沢,金沢競馬B1プレミア,1.0,1.0,金沢,B24　特別編成(B2特別),2.0,2.0,金沢,B25,2.5,2.0,,nar,2026-07-28,49.81,73.8,31.7,69.6,17.0,47.4,45,履歴少 / 安定感
202630072801,2026-07-28,1,キッチンドレミ,4.0,4.0,藤田凌駕,53.0,11.0,7.0,7.0,門別,JRA認定競走アタッ(未勝利)(2歳),6.0,6.0,門別,JRA認定競走フレッ(新馬)(2歳),,,,,,,,,,,,,170.5,8.0,,nar,2026-07-28,43.33,48.6,45.5,18.0,42.2,50.6,45,履歴少 / サンプル少
202648072801,2026-07-28,1,コインブラ,2.0,2.0,近藤颯羽,52.0,3.0,8.0,5.0,名古屋,3歳13組,1.0,3.0,名古屋,3歳7組,7.0,3.0,名古屋,3歳7組,4.0,7.0,名古屋,初荷賞(3歳),8.0,11.0,名古屋,2歳4組,16.3,6.0,,nar,2026-07-28,51.05,64.2,46.8,39.5,32.0,62.5,45,履歴少 / 市場オッズ妙味
202648072801,2026-07-28,1,シャインプレマ,10.0,7.0,丹羽克輝,55.0,9.0,9.0,7.0,名古屋,名古屋モーニングフィ(3歳),9.0,11.0,名古屋,3歳12組,9.0,10.0,名古屋,3歳14組,7.0,10.0,名古屋,3歳10組,12.0,14.0,3中山7,3歳未勝利,73.6,8.0,,nar,2026-07-28,41.99,35.9,55.1,0.0,51.5,57.4,45,履歴少
202648072801,2026-07-28,1,シンデレラローズ,8.0,6.0,阪野学,55.0,5.0,8.0,11.0,名古屋,名古屋モーニングフィ(3歳),7.0,10.0,名古屋,3歳13組,8.0,9.0,名古屋,3歳15組,10.0,10.0,名古屋,3歳12組,8.0,7.0,名古屋,グランプリDAYオー(3歳),119.8,11.0,,nar,2026-07-28,45.89,43.7,62.3,0.0,51.5,57.4,45,履歴少
202630072801,2026-07-28,1,スキャンダルガール,5.0,5.0,宮内勇樹,55.0,4.0,2.0,2.0,門別,2歳未勝利(未勝利),5.0,8.0,門別,JRA認定競走アタッ(未勝利)(2歳),5.0,5.0,門別,2歳未勝利(未勝利),5.0,6.0,門別,JRA認定競走フレッ(新馬)(2歳),,,,,7.3,2.0,,nar,2026-07-28,67.05,76.1,57.0,89.7,68.0,61.7,45,履歴少 / 近走上向き / 安定感
202648072801,2026-07-28,1,スマートピクタス,3.0,3.0,加藤聡一,55.0,10.0,6.0,4.0,名古屋,名古屋モーニングフィ(3歳),10.0,9.0,名古屋,3歳14組,8.0,11.0,名古屋,3歳10組,15.0,13.0,3京都4,3歳未勝利,16.0,15.0,1阪神8,3歳未勝利,44.2,7.0,,nar,2026-07-28,43.0,33.9,45.4,0.0,87.5,54.3,45,履歴少 / 近走上向き / 市場オッズ妙味
202645072801,2026-07-28,1,セイウンヤタガラス,4.0,4.0,櫻井光輔,56.0,9.0,11.0,10.0,川崎,トビウオ賞(C3),12.0,4.0,川崎,C3一　二,7.0,10.0,川崎,C3一　二,6.0,5.0,船橋,C3三,4.0,9.0,川崎,C3一　二,20.0,5.0,,nar,2026-07-28,36.56,36.0,40.7,10.3,27.5,55.0,45,履歴少 / 市場オッズ妙味
202630072801,2026-07-28,1,タルシェクーン,2.0,2.0,黒澤愛斗,55.0,6.0,4.0,6.0,門別,2歳未勝利(未勝利),5.0,7.0,門別,北のハードワーカー菊(未勝利)(2歳),10.0,11.0,門別,JRA認定競走アタッ(未勝利)(2歳),9.0,9.0,門別,JRA認定競走フレッ(新馬)(2歳),,,,,62.6,6.0,,nar,2026-07-28,58.39,56.7,60.2,55.3,74.0,57.6,45,履歴少 / 近走上向き
202635072801,2026-07-28,1,ダンソンラローズ,6.0,6.0,佐々木志,54.0,8.0,10.0,7.0,盛岡,C2三組,5.0,9.0,盛岡,C2四組,7.0,10.0,水沢,C2三組,8.0,9.0,水沢,C2二組,9.0,11.0,水沢,C1,16.7,5.0,,nar,2026-07-28,47.4,45.9,57.2,24.9,33.5,66.5,45,履歴少 / 過小評価傾向 / 市場オッズ妙味
202635072801,2026-07-28,1,ツワモノ,5.0,5.0,高松亮,56.0,3.0,2.0,3.0,盛岡,C2五組,11.0,4.0,盛岡,C2三組,1.0,7.0,水沢,C2三組,8.0,3.0,水沢,C2三組,8.0,1.0,盛岡,C2三組,3.5,3.0,,nar,2026-07-28,53.73,63.7,38.0,50.2,80.0,47.5,45,履歴少 / 近走上向き
202648072801,2026-07-28,1,テルレーヌ,12.0,8.0,小笠原羚,52.0,8.0,5.0,2.0,名古屋,名古屋モーニングフィ(3歳),4.0,7.0,名古屋,3歳13組,6.0,5.0,名古屋,3歳15組,8.0,5.0,名古屋,3歳11組,6.0,8.0,名古屋,3歳12組,14.9,5.0,,nar,2026-07-28,55.23,64.1,45.9,55.3,56.0,60.2,45,履歴少 / 市場オッズ妙味
202646072801,2026-07-28,1,トーアエデン,2.0,2.0,沖静男,55.0,10.0,,,金沢,小田島ゴールインカッ(C2),,,金沢,C14,4.0,4.0,金沢,C18,2.0,1.0,金沢,ダーチー&タナシー男(C2特別),6.0,7.0,金沢,C17,53.1,7.0,,nar,2026-07-28,55.66,77.5,49.3,34.3,50.0,53.5,45,履歴少
202648072801,2026-07-28,1,ニシキバーキン,5.0,5.0,大原浩司,55.0,4.0,12.0,9.0,名古屋,3歳13組,7.0,4.0,名古屋,3歳15組,12.0,11.0,名古屋,セレクトゴールド第2(2歳),6.0,10.0,名古屋,セレクトゴールド第1(2歳),7.0,9.0,名古屋,2歳特別,77.3,9.0,,nar,2026-07-28,34.5,33.1,42.5,0.0,26.0,52.9,45,履歴少
202635072801,2026-07-28,1,ネイビス,7.0,7.0,岩本怜,56.0,1.0,3.0,3.0,盛岡,C2二組,3.0,3.0,盛岡,C2四組,3.0,3.0,水沢,C2四組,5.0,2.0,水沢,C2三組,5.0,9.0,盛岡,C2,3.4,2.0,,nar,2026-07-28,65.4,80.0,49.8,100.0,56.0,55.9,45,履歴少 / 安定感
202646072801,2026-07-28,1,ノエル,3.0,3.0,葛山晃平,57.0,1.0,5.0,8.0,金沢,オオタアキラ引退送別(C2),3.0,2.0,金沢,C22,5.0,3.0,金沢,幻のいちじく黒蜜姫杯(C2),3.0,5.0,金沢,C23,4.0,3.0,金沢,久保&ゆりぽん結婚バ(C2),8.4,3.0,,nar,2026-07-28,63.77,75.1,53.2,100.0,42.5,59.7,45,履歴少 / 安定感
202635072801,2026-07-28,1,ハクアイドリーム,8.0,8.0,菅原辰徳,56.0,9.0,7.0,9.0,盛岡,C2二組,10.0,8.0,盛岡,C2二組,1.0,2.0,水沢,C2七組,5.0,8.0,水沢,C2七組,1.0,5.0,水沢,C2九組,134.0,9.0,,nar,2026-07-28,53.63,62.8,58.1,44.7,33.5,58.7,45,履歴少
202646072801,2026-07-28,1,パープルヘイズ,6.0,6.0,鈴木太一,55.0,3.0,7.0,9.0,金沢,小田島ゴールインカッ(C2),11.0,7.0,金沢,いのちゃん@36歳年(C1特別),5.0,3.0,金沢,C18,4.0,4.0,金沢,C19,7.0,7.0,金沢,楽天競馬で馬券を買お(C2),54.5,8.0,,nar,2026-07-28,46.44,50.7,44.5,34.3,48.5,50.9,45,履歴少
202645072801,2026-07-28,1,ヒナボンボン,8.0,7.0,池谷匠翔,54.0,5.0,9.0,9.0,浦和,C3八　九,5.0,3.0,川崎,C3三　四,5.0,5.0,川崎,C3一　二,6.0,4.0,船橋,C3四,7.0,5.0,川崎,C3三　四,31.8,7.0,,nar,2026-07-28,46.71,55.5,43.0,44.7,30.5,52.4,45,履歴少 / 市場オッズ妙味
202648072801,2026-07-28,1,ビオトープ,9.0,7.0,大畑慧悟,55.0,2.0,9.0,6.0,名古屋,3歳14組,7.0,8.0,名古屋,3歳14組,12.0,7.0,名古屋,3歳9組,13.0,13.0,2東京1,3歳未勝利,11.0,14.0,5中京2,2歳未勝利,6.8,3.0,,nar,2026-07-28,37.39,28.9,40.6,0.0,60.5,55.6,45,履歴少
202635072801,2026-07-28,1,フジサンワイシーシ,3.0,3.0,井上瑛太,56.0,5.0,11.0,11.0,盛岡,C2三組,7.0,3.0,盛岡,C2三組,2.0,7.0,盛岡,C2五組,3.0,7.0,水沢,C2六組,7.0,2.0,水沢,C2五組,25.1,6.0,,nar,2026-07-28,45.46,54.8,50.4,34.3,12.5,56.3,45,履歴少 / 市場オッズ妙味
202630072801,2026-07-28,1,ポコアポコ,6.0,5.0,落合玄太,55.0,5.0,,,門別,JRA認定競走フレッ(新馬)(2歳),,,,,,,,,,,,,,,,,14.9,5.0,,nar,2026-07-28,36.0,35.0,35.0,35.0,35.0,35.0,45,履歴少
202635072801,2026-07-28,1,ポンテドラーゴ,2.0,2.0,大坪慎,56.0,4.0,8.0,9.0,盛岡,ジュライC(B2),10.0,12.0,盛岡,浜木綿賞(B1),8.0,1.0,水沢,C2五組,10.0,9.0,浦和,特選(C2),12.0,11.0,川崎,C2五　六,13.5,4.0,,nar,2026-07-28,40.17,34.4,44.2,0.0,62.0,57.2,45,履歴少 / 市場オッズ妙味
202646072801,2026-07-28,1,マオノブリージー,8.0,7.0,甲賀弘隆,55.0,2.0,4.0,6.0,金沢,オオタアキラ引退送別(C2),4.0,3.0,金沢,C22,8.0,5.0,金沢,ろこ★お留守番ごめん(C2),2.0,6.0,金沢,来週は百万石祭にいき(C2),5.0,3.0,金沢,C24,18.1,4.0,,nar,2026-07-28,61.56,71.2,51.0,80.2,54.5,62.2,45,履歴少 / 安定感 / 市場オッズ妙味
202630072801,2026-07-28,1,マカイエンセ,11.0,8.0,岩橋勇二,55.0,2.0,3.0,2.0,門別,2歳未勝利(未勝利),6.0,4.0,門別,2歳牝馬未勝利(未勝利),3.0,1.0,門別,JRA認定競走フレッ(新馬)(2歳),,,,,,,,,7.4,3.0,,nar,2026-07-28,55.64,76.0,38.8,50.2,59.0,53.1,45,履歴少
202630072801,2026-07-28,1,マナラニアケア,9.0,7.0,松井伸也,55.0,8.0,5.0,9.0,門別,2歳未勝利(未勝利),10.0,9.0,門別,日高町の地酒「縁」と(未勝利)(2歳),9.0,9.0,門別,JRA認定競走フレッ(新馬)(2歳),,,,,,,,,439.5,11.0,,nar,2026-07-28,52.46,46.3,59.0,30.4,77.0,56.8,45,履歴少 / 近走上向き
202645072801,2026-07-28,1,ミサイルビスケッツ,6.0,6.0,伊藤裕人,54.0,8.0,6.0,1.0,浦和,宝登山特別(C3),6.0,6.0,川崎,ハヤブサ賞(C3),2.0,5.0,浦和,桶川べに花まつり賞(C3),3.0,3.0,川崎,C3三　四,4.0,8.0,浦和,特選(C3),12.4,3.0,,nar,2026-07-28,54.07,71.5,46.4,44.7,36.5,62.0,45,履歴少 / 市場オッズ妙味
202635072801,2026-07-28,1,ミリオーレアルバ,1.0,1.0,坂井瑛音,55.0,6.0,7.0,4.0,盛岡,C2二組,8.0,2.0,盛岡,C2一組,4.0,5.0,水沢,C2一組,9.0,5.0,水沢,C1四組,2.0,2.0,盛岡,C1四組,75.7,8.0,,nar,2026-07-28,42.75,56.5,30.4,30.1,42.5,45.7,45,履歴少
202648072801,2026-07-28,1,ムギガクダン,11.0,8.0,丸野勝虎,55.0,1.0,3.0,2.0,名古屋,3歳13組,4.0,1.0,名古屋,3歳15組,2.0,2.0,名古屋,3歳11組,2.0,2.0,名古屋,3歳12組,,,,,1.6,1.0,,nar,2026-07-28,61.63,84.8,41.8,89.7,48.0,48.8,45,履歴少 / 安定感
202645072801,2026-07-28,1,ムンディ,9.0,8.0,加藤雄真,52.0,2.0,2.0,7.0,川崎,C3三　四,8.0,6.0,川崎,C3一　二,2.0,5.0,川崎,スペアミント賞(C3),4.0,5.0,川崎,C3三　四,7.0,7.0,船橋,C3三,10.7,2.0,,nar,2026-07-28,65.21,73.6,62.3,64.7,69.5,64.6,45,履歴少 / 近走上向き / 安定感
202635072801,2026-07-28,1,メダツヤツ,4.0,4.0,南郷家全,56.0,7.0,7.0,12.0,盛岡,C2一組,7.0,10.0,盛岡,C2二組,10.0,10.0,水沢,C2一組,8.0,6.0,水沢,C2一組,1.0,5.0,盛岡,C2四組,43.1,7.0,,nar,2026-07-28,50.48,51.1,66.7,10.3,47.0,62.8,45,履歴少 / 人気以上に走る傾向 / 市場オッズ妙味
202646072801,2026-07-28,1,ユニコ,1.0,1.0,兼子千央,55.0,7.0,10.0,8.0,金沢,小田島ゴールインカッ(C2),9.0,11.0,金沢,ダッシュダッシュいの(C1特別),7.0,7.0,金沢,C17,3.0,7.0,金沢,つるーたんとハラペー(C1),9.0,9.0,金沢,C16,156.1,9.0,,nar,2026-07-28,42.99,43.7,53.3,14.6,32.0,56.1,45,履歴少
202630072801,2026-07-28,1,ラッキーリップス,1.0,1.0,亀井洋司,55.0,10.0,11.0,11.0,門別,2歳牝馬未勝利(未勝利),9.0,7.0,門別,JRA認定競走アタッ(未勝利)(2歳),7.0,9.0,門別,JRA認定競走フレッ(新馬)(2歳),,,,,,,,,134.5,7.0,,nar,2026-07-28,37.04,33.7,49.0,0.0,32.0,53.5,45,履歴少
202645072801,2026-07-28,1,ラフォンターナ,3.0,3.0,岡村裕基,56.0,3.0,4.0,8.0,川崎,C3三　四,8.0,11.0,川崎,レモングラス賞(C3),5.0,8.0,川崎,スペアミント賞(C3),7.0,12.0,川崎,枡形山賞(C3),10.0,7.0,浦和,春の夢特別(C3),24.0,6.0,,nar,2026-07-28,61.25,58.0,70.8,50.2,71.0,64.1,45,履歴少 / 人気以上に走る傾向 / 近走上向き / 市場オッズ妙味
202645072801,2026-07-28,1,ルナティックアイ,5.0,5.0,高橋哲也,56.0,7.0,7.0,10.0,浦和,三峰山特別(C2C3),12.0,12.0,船橋,御堂筋エンジ八咫烏記(C2),9.0,11.0,浦和,特選(C2),9.0,10.0,船橋,C2七　八九　ア(C2八),7.0,11.0,浦和,オオムラサキツツジ特(C2C3),117.2,9.0,,nar,2026-07-28,45.89,36.5,63.1,0.0,63.5,60.0,45,履歴少
202630072801,2026-07-28,1,レイアップスリー,12.0,8.0,石川倭,55.0,1.0,4.0,2.0,門別,JRA認定競走アタッ(未勝利)(2歳),2.0,1.0,門別,JRA認定競走アタッ(未勝利)(2歳),3.0,4.0,門別,JRA認定競走フレッ(新馬)(2歳),,,,,,,,,1.3,1.0,,nar,2026-07-28,59.16,83.4,43.9,75.1,41.0,48.9,45,履歴少 / 安定感
202645072801,2026-07-28,1,ローゼシュティア,10.0,8.0,中越琉世,54.0,10.0,12.0,12.0,川崎,C3三　四,9.0,12.0,川崎,C3一　二,8.0,12.0,浦和,C3五　六,14.0,13.0,川崎,2026川崎ジョッキ(C3),8.0,12.0,川崎,C3三　四,173.3,10.0,,nar,2026-07-28,39.55,25.9,62.6,0.0,36.5,60.0,45,履歴少
202648072801,2026-07-28,1,ヴィゴラスガイア,1.0,1.0,木之前葵,53.0,6.0,6.0,6.0,名古屋,3歳12組,8.0,5.0,名古屋,3歳13組,12.0,16.0,3京都9,3歳未勝利,16.0,16.0,1中京2,3歳未勝利,15.0,9.0,5阪神6,2歳未勝利,5.2,2.0,,nar,2026-07-28,42.76,31.6,46.0,0.0,90.5,53.8,45,履歴少 / 近走上向き
202630072802,2026-07-28,2,アニマジェミナ,11.0,8.0,石川倭,55.0,5.0,3.0,4.0,門別,2歳牝馬未勝利(未勝利),4.0,8.0,門別,2歳牝馬未勝利(未勝利),6.0,5.0,門別,JRA認定競走フレッ(新馬)(2歳),,,,,,,,,3.6,2.0,,nar,2026-07-28,62.43,75.0,60.3,55.3,62.0,59.8,45,履歴少
202648072802,2026-07-28,2,アミナス,4.0,4.0,塚本征吾,57.0,,12.0,14.0,3東京4,3歳未勝利,11.0,9.0,2東京7,3歳未勝利,7.0,8.0,2東京3,3歳未勝利,8.0,6.0,3中山5,3歳未勝利,9.0,8.0,2中山4,3歳未勝利,0.0,4.0,,nar,2026-07-28,34.86,29.0,49.4,0.0,30.5,48.0,45,履歴少
202646072802,2026-07-28,2,アラバンサ,6.0,6.0,松戸政也,57.0,1.0,1.0,2.0,金沢,C26,3.0,2.0,金沢,都凪リリーデビュー2(C2),2.0,1.0,金沢,大杉拓也遥結婚記念レ(C2),1.0,1.0,金沢,C215,14.0,13.0,2阪神2,4歳以上1勝クラス,1.4,1.0,,nar,2026-07-28,66.29,84.1,48.3,89.7,74.0,50.1,45,履歴少 / 近走上向き / 安定感
202645072802,2026-07-28,2,アンビータブルニコ,9.0,8.0,中山遥人,53.0,9.0,8.0,9.0,浦和,三峰山特別(C2C3),9.0,8.0,浦和,特選(C3),8.0,10.0,浦和,浦和800ラウンド(C3),7.0,10.0,船橋,パイライトダッシュ(C3),9.0,10.0,浦和,浦和800ラウンド(C2C3),17.7,6.0,,nar,2026-07-28,45.46,42.3,56.9,0.0,51.5,66.1,45,履歴少 / 過小評価傾向 / 市場オッズ妙味
202630072802,2026-07-28,2,カンヒザクラ,5.0,5.0,近藤翔月,54.0,6.0,8.0,9.0,門別,2歳未勝利(未勝利),10.0,11.0,門別,2歳牝馬未勝利(未勝利),8.0,8.0,門別,JRA認定競走フレッ(新馬)(2歳),,,,,,,,,251.4,10.0,,nar,2026-07-28,43.08,38.7,55.2,0.0,56.0,55.7,45,履歴少
202635072802,2026-07-28,2,キタノクーヴェル,7.0,7.0,岩本怜,56.0,5.0,4.0,5.0,盛岡,C2二組,3.0,2.0,盛岡,C2三組,5.0,5.0,盛岡,C2三組,7.0,3.0,水沢,C2二組,2.0,5.0,水沢,C2三組,18.1,4.0,,nar,2026-07-28,62.06,74.6,48.5,85.4,51.5,61.6,45,履歴少 / 安定感 / 市場オッズ妙味
202648072802,2026-07-28,2,クインズサクラ,11.0,8.0,東川慎,55.0,,11.0,10.0,名古屋,3歳12組,18.0,18.0,2東京12,3歳未勝利,16.0,15.0,1東京7,3歳新馬,,,,,,,,,0.0,11.0,,nar,2026-07-28,34.5,8.1,45.3,0.0,86.0,46.7,45,履歴少 / 近走上向き
202635072802,2026-07-28,2,グレイスショコラ,4.0,4.0,佐々木志,54.0,7.0,6.0,7.0,盛岡,C2二組,2.0,5.0,水沢,C2三組,3.0,7.0,水沢,C2三組,5.0,6.0,水沢,C2二組,3.0,7.0,盛岡,C2三組,94.3,7.0,,nar,2026-07-28,62.96,76.4,66.8,69.6,33.5,62.0,45,履歴少 / 人気以上に走る傾向 / 安定感
202630072802,2026-07-28,2,ケンアウローラ,10.0,7.0,黒澤愛斗,55.0,12.0,10.0,9.0,門別,JRA認定競走フレッ(新馬)(2歳),,,,,,,,,,,,,,,,,374.2,11.0,,nar,2026-07-28,37.88,35.8,39.1,29.6,40.6,39.5,45,履歴少 / サンプル少
202635072802,2026-07-28,2,コスモピエドラ,2.0,2.0,鈴木祐,56.0,8.0,8.0,7.0,盛岡,C2一組,10.0,10.0,盛岡,C2一組,3.0,7.0,水沢,C2一組,2.0,9.0,水沢,C2三組,7.0,10.0,水沢,C1五組,105.1,8.0,,nar,2026-07-28,52.16,55.7,62.7,34.3,35.0,62.0,45,履歴少
202645072802,2026-07-28,2,シェナチチカカ,2.0,2.0,神尾香澄,52.0,1.0,11.0,4.0,川崎,C3三　四,2.0,6.0,浦和,特選(C3),10.0,8.0,川崎,C3一　二,2.0,8.0,浦和,C3五　六,7.0,10.0,川崎,2026川崎ジョッキ(C3),8.8,5.0,,nar,2026-07-28,46.12,53.3,47.6,39.5,15.5,61.9,45,履歴少
202648072802,2026-07-28,2,シュトルムカイザー,12.0,8.0,今井貴大,57.0,,6.0,13.0,1小倉6,3歳未勝利,15.0,14.0,1京都1,3歳未勝利,9.0,16.0,5阪神1,2歳未勝利,14.0,11.0,3福島4,2歳新馬,,,,,0.0,12.0,,nar,2026-07-28,49.26,28.3,72.0,0.0,90.0,62.5,45,履歴少 / 人気以上に走る傾向 / 近走上向き
202648072802,2026-07-28,2,ジェルソミーノ,8.0,6.0,丹羽克輝,55.0,,8.0,8.0,名古屋,3歳12組,8.0,8.0,3阪神6,3歳以上1勝クラス,15.0,15.0,3京都5,3歳未勝利,9.0,7.0,3京都10,2歳新馬,,,,,0.0,8.0,,nar,2026-07-28,39.76,33.0,47.7,0.0,66.0,47.5,45,履歴少 / 近走上向き
202645072802,2026-07-28,2,ジョーカイ,5.0,5.0,加藤雄真,52.0,8.0,11.0,10.0,川崎,コリアンダー賞(C3),9.0,10.0,川崎,C3三,12.0,11.0,浦和,ランチタイム(C3),9.0,5.0,川崎,C3三　四,11.0,6.0,浦和,ランチタイム(C3),115.6,9.0,,nar,2026-07-28,33.2,24.7,40.5,0.0,45.5,47.0,45,履歴少
202645072802,2026-07-28,2,スウィープレジーナ,8.0,8.0,野畑凌,54.0,3.0,6.0,4.0,川崎,トウザヨリ賞(C3),5.0,3.0,川崎,ハヤブサ賞(C3),10.0,1.0,川崎,イヌワシ賞(C3),7.0,3.0,名古屋,C4組,8.0,1.0,名古屋,C4組,4.2,3.0,,nar,2026-07-28,40.0,52.9,20.7,24.9,59.0,40.5,45,履歴少
202635072802,2026-07-28,2,ソープストーン,1.0,1.0,坂井瑛音,53.0,6.0,11.0,9.0,盛岡,C2一組,5.0,10.0,盛岡,C2二組,10.0,11.0,盛岡,C2一組,9.0,9.0,水沢,C2一組,1.0,4.0,水沢,C2五組,115.2,9.0,,nar,2026-07-28,45.72,44.1,58.0,35.3,21.5,58.1,45,履歴少
202645072802,2026-07-28,2,タイセイルシエル,6.0,6.0,櫻井光輔,56.0,2.0,5.0,2.0,川崎,C3三　四,6.0,4.0,川崎,ヴェルザンディ賞(C2C3),9.0,3.0,船橋,御堂筋エンジ八咫烏記(C2),8.0,3.0,川崎,フローラ賞(C2C3),5.0,1.0,川崎,アスターテ賞(C2C3),8.5,4.0,,nar,2026-07-28,44.73,56.2,23.8,40.7,62.0,46.1,45,履歴少
202645072802,2026-07-28,2,ダンシングハピリー,3.0,3.0,本田紀忠,54.0,5.0,7.0,11.0,川崎,C3三　四,9.0,12.0,川崎,レモングラス賞(C3),5.0,7.0,浦和,C3五　六,7.0,6.0,川崎,C3三　四,9.0,12.0,浦和,ランチタイム(C3),57.2,8.0,,nar,2026-07-28,51.83,49.5,67.7,19.8,53.0,60.6,45,履歴少 / 人気以上に走る傾向
202648072802,2026-07-28,2,チアフルドア,2.0,2.0,木之前葵,53.0,,6.0,9.0,名古屋,3歳14組,8.0,3.0,名古屋,3歳12組,11.0,18.0,3京都11,3歳未勝利,16.0,17.0,3京都8,3歳未勝利,15.0,15.0,1阪神1,3歳未勝利,0.0,2.0,,nar,2026-07-28,46.31,33.2,58.4,0.0,89.0,56.0,45,履歴少 / 近走上向き
202646072802,2026-07-28,2,チョウノヨウニマウ,7.0,7.0,青柳正義,55.0,3.0,6.0,4.0,金沢,小田島ゴールインカッ(C2),1.0,1.0,金沢,川村友音誕生日おめで(C2),4.0,4.0,金沢,信じてるよお馬ら杯(C2),4.0,5.0,金沢,C27,6.0,4.0,金沢,C27,20.6,7.0,,nar,2026-07-28,55.61,75.5,45.3,59.3,36.5,54.3,45,履歴少 / 市場オッズ妙味
202630072802,2026-07-28,2,テーオーベリー,2.0,2.0,落合玄太,55.0,11.0,4.0,1.0,門別,JRA認定競走フレッ(新馬)(2歳),,,,,,,,,,,,,,,,,8.4,4.0,,nar,2026-07-28,40.59,46.4,36.0,36.3,40.6,37.3,45,履歴少 / サンプル少
202646072802,2026-07-28,2,トップタルマエ,4.0,4.0,吉田晃浩,57.0,4.0,4.0,3.0,金沢,小田島ゴールインカッ(C2),3.0,3.0,金沢,ろこ★お留守番ごめん(C2),5.0,5.0,金沢,Win5愛好へそきり(C2),4.0,4.0,金沢,C22,4.0,4.0,金沢,C22,9.5,3.0,,nar,2026-07-28,63.64,76.4,47.9,100.0,50.0,58.9,45,履歴少 / 安定感
202630072802,2026-07-28,2,ドリームパラダイス,9.0,7.0,小野楓馬,55.0,9.0,8.0,5.0,門別,2歳未勝利(未勝利),7.0,4.0,門別,JRA認定競走フレッ(新馬)(2歳),,,,,,,,,,,,,46.7,9.0,,nar,2026-07-28,38.96,44.2,33.9,18.0,42.2,48.0,45,履歴少 / サンプル少 / 市場オッズ妙味
202645072802,2026-07-28,2,ノンストップガール,4.0,4.0,佐野遥久,54.0,7.0,7.0,7.0,大井,C3一　二,12.0,3.0,大井,C3一　二,8.0,2.0,大井,C3一　二三(C3二),1.0,1.0,大井,C3四　五,3.0,6.0,大井,C3四　五,2.5,1.0,,nar,2026-07-28,40.2,50.8,28.2,24.9,44.0,46.1,45,履歴少
202645072802,2026-07-28,2,ハイウィルヘーズ,1.0,1.0,岡村裕基,54.0,4.0,11.0,4.0,川崎,C3三　四,3.0,8.0,川崎,C3三,3.0,7.0,船橋,C3四,10.0,9.0,川崎,2026川崎ジョッキ(C3),4.0,7.0,川崎,C3五　六,18.4,7.0,,nar,2026-07-28,49.54,55.6,50.5,55.0,14.0,64.8,45,履歴少 / 市場オッズ妙味
202630072802,2026-07-28,2,バトラーヴァル,4.0,4.0,桑村真明,55.0,4.0,,,門別,JRA認定競走アタッ(未勝利)(2歳),5.0,1.0,門別,JRA認定競走フレッ(新馬)(2歳),,,,,,,,,,,,,2.4,1.0,,nar,2026-07-28,39.43,44.6,34.5,35.1,40.6,36.2,45,履歴少 / サンプル少
202648072802,2026-07-28,2,パシオネ,10.0,7.0,小笠原羚,52.0,,10.0,5.0,名古屋,3歳14組,,,名古屋,3歳11組,6.0,4.0,名古屋,3歳10組,14.0,14.0,1福島1,3歳未勝利,9.0,10.0,2京都4,3歳未勝利,0.0,10.0,,nar,2026-07-28,33.14,32.1,33.1,0.0,48.0,42.5,45,履歴少
202635072802,2026-07-28,2,ビッグロジールーフ,6.0,6.0,小林凌,54.0,9.0,5.0,3.0,盛岡,C2一組,9.0,5.0,水沢,C1五組,5.0,8.0,水沢,C1三組,5.0,10.0,盛岡,マグオート賞(C1),10.0,10.0,盛岡,岩手伝統工芸浄法寺塗(C1),30.2,5.0,,nar,2026-07-28,55.13,55.9,48.0,64.7,63.5,57.6,45,履歴少 / 安定感 / 市場オッズ妙味
202646072802,2026-07-28,2,ピアレイジレディ,8.0,8.0,米倉知,55.0,5.0,5.0,7.0,金沢,小田島ゴールインカッ(C2),9.0,9.0,園田,C3一,12.0,12.0,園田,C2三,7.0,8.0,園田,C2三,10.0,11.0,園田,鶉野町スプリントC2,20.0,6.0,,nar,2026-07-28,50.97,42.5,56.0,30.4,77.0,58.9,45,履歴少 / 近走上向き / 市場オッズ妙味
202630072802,2026-07-28,2,ピレネー,6.0,5.0,亀井洋司,55.0,3.0,6.0,7.0,門別,2歳未勝利(未勝利),8.0,7.0,門別,JRA認定競走フレッ(新馬)(2歳),,,,,,,,,,,,,430.6,12.0,,nar,2026-07-28,44.17,47.0,45.9,18.0,52.1,50.6,45,履歴少 / サンプル少
202635072802,2026-07-28,2,フェアリアルギフト,8.0,8.0,山本政聡,54.0,2.0,1.0,1.0,盛岡,C2五組,2.0,2.0,盛岡,C2六組,4.0,4.0,水沢,3歳C1一組,2.0,4.0,盛岡,3歳C1一組,1.0,2.0,盛岡,3歳C2二組,2.9,2.0,,nar,2026-07-28,69.76,92.1,52.8,100.0,57.5,56.5,45,履歴少 / 安定感
202635072802,2026-07-28,2,フォルテッシモダイ,5.0,5.0,望月洵輝,56.0,3.0,5.0,8.0,盛岡,C2一組,1.0,2.0,水沢,C2六組,5.0,2.0,水沢,C2五組,8.0,1.0,盛岡,C2四組,2.0,3.0,水沢,C2四組,8.7,3.0,,nar,2026-07-28,60.26,75.0,47.6,85.4,44.0,56.0,45,履歴少 / 安定感
202648072802,2026-07-28,2,フォーアライター,7.0,6.0,大原浩司,55.0,,11.0,10.0,名古屋,3歳14組,9.0,10.0,名古屋,3歳11組,15.0,17.0,2東京9,3歳未勝利,13.0,13.0,2中山2,3歳未勝利,12.0,12.0,5中山4,2歳新馬,0.0,7.0,,nar,2026-07-28,35.98,16.9,52.4,0.0,57.5,52.0,45,履歴少
202630072802,2026-07-28,2,フォーエバーエデン,7.0,6.0,服部茂史,55.0,10.0,7.0,7.0,門別,JRA認定競走フレッ(新馬)(2歳),,,,,,,,,,,,,,,,,32.6,7.0,,nar,2026-07-28,39.88,41.1,40.6,29.6,40.6,40.6,45,履歴少 / サンプル少
202630072802,2026-07-28,2,フトウフクツ,12.0,8.0,藤田凌駕,53.0,7.0,3.0,4.0,門別,JRA認定競走フレッ(新馬)(2歳),,,,,,,,,,,,,,,,,17.5,6.0,,nar,2026-07-28,43.18,48.1,42.2,36.3,40.6,41.7,45,履歴少 / サンプル少
202646072802,2026-07-28,2,ブリックス,2.0,2.0,栗原大河,57.0,6.0,2.0,7.0,金沢,オオタアキラ引退送別(C2),8.0,6.0,金沢,楽天競馬で馬券を買お(C2),2.0,7.0,金沢,幻のいちじく黒蜜姫杯(C2),1.0,4.0,金沢,C29,9.0,4.0,金沢,C29,5.2,2.0,,nar,2026-07-28,65.32,75.4,63.5,64.7,68.0,60.9,45,履歴少 / 近走上向き / 安定感
202635072802,2026-07-28,2,ブルーシャトー,3.0,3.0,菅原辰徳,56.0,4.0,11.0,12.0,園田,福甸7ハロンC2一,10.0,10.0,園田,C2一,9.0,9.0,園田,C2一,12.0,11.0,園田,C2一,10.0,10.0,園田,ポピー賞C1一,85.1,6.0,,nar,2026-07-28,36.66,24.8,51.1,0.0,45.5,53.5,45,履歴少
202630072802,2026-07-28,2,ベラジオサクラ,3.0,3.0,宮内勇樹,55.0,8.0,7.0,4.0,門別,JRA認定競走フレッ(新馬)(2歳),,,,,,,,,,,,,,,,,11.1,5.0,,nar,2026-07-28,38.31,41.1,36.0,29.6,40.6,37.3,45,履歴少 / サンプル少
202646072802,2026-07-28,2,ボルサリーノ,9.0,8.0,田知弘久,57.0,7.0,8.0,6.0,金沢,楽天競馬で馬券を買お(C2),6.0,5.0,金沢,C14,1.0,2.0,金沢,C26,2.0,4.0,金沢,C27,5.0,2.0,金沢,C28,19.3,4.0,,nar,2026-07-28,51.11,68.5,45.3,44.7,23.0,60.3,45,履歴少 / 市場オッズ妙味
202648072802,2026-07-28,2,メイショウアルマ,5.0,5.0,細川智史,57.0,,8.0,12.0,名古屋,3歳14組,10.0,10.0,名古屋,3歳12組,15.0,11.0,1新潟1,3歳未勝利,,,,,,,,,0.0,5.0,,nar,2026-07-28,41.28,27.1,54.0,0.0,77.0,50.0,45,履歴少 / 近走上向き
202648072802,2026-07-28,2,メイショウイサミ,1.0,1.0,尾崎章生,57.0,,6.0,9.0,名古屋,3歳13組,6.0,9.0,名古屋,3歳10組,14.0,15.0,3京都11,3歳未勝利,16.0,13.0,1阪神5,3歳未勝利,,,,,0.0,1.0,,nar,2026-07-28,47.54,37.0,61.1,0.0,86.0,55.0,45,履歴少 / 近走上向き
202648072802,2026-07-28,2,メドウセージ,9.0,7.0,加藤聡一,55.0,,18.0,15.0,2小倉3,3歳未勝利,10.0,9.0,船橋,ナイスハルター特別(3歳未格),17.0,11.0,1京都6,3歳未勝利,10.0,9.0,3京都8,2歳新馬,,,,,0.0,9.0,,nar,2026-07-28,22.28,12.3,30.5,0.0,16.0,36.2,45,履歴少
202646072802,2026-07-28,2,ヨドノワールド,3.0,3.0,服部大地,57.0,8.0,10.0,8.0,金沢,楽天競馬で馬券を買お(C2),1.0,6.0,金沢,C26,9.0,2.0,金沢,川村友音誕生日おめで(C2),6.0,3.0,金沢,C26,3.0,3.0,金沢,蜜丸さくもYouTu(C2),140.6,9.0,,nar,2026-07-28,44.05,58.0,41.7,35.3,18.5,49.0,45,履歴少
202630072802,2026-07-28,2,ラヴィアール,8.0,6.0,井上俊彦,55.0,2.0,6.0,7.0,門別,2歳牝馬未勝利(未勝利),3.0,7.0,門別,2歳未勝利(未勝利),6.0,12.0,門別,日高町の地酒「縁」と(未勝利)(2歳),8.0,9.0,門別,JRA認定競走アタッ(未勝利)(2歳),7.0,8.0,門別,JRA認定競走アタッ(未勝利)(2歳),37.2,8.0,,nar,2026-07-28,56.74,62.8,69.1,24.9,50.0,64.8,45,履歴少 / 人気以上に走る傾向 / 市場オッズ妙味
202646072802,2026-07-28,2,リワードリュタン,5.0,5.0,平瀬城久,55.0,2.0,9.0,10.0,金沢,楽天競馬で馬券を買お(C2),2.0,6.0,金沢,C22,6.0,8.0,金沢,楽天競馬で馬券を買お(C2),6.0,5.0,金沢,C19,8.0,9.0,金沢,楽天競馬で馬券を買お(C2),19.9,5.0,,nar,2026-07-28,51.63,59.0,61.6,24.9,29.0,66.8,45,履歴少 / 過小評価傾向 / 市場オッズ妙味
202645072802,2026-07-28,2,ルジュウェール,7.0,7.0,池谷匠翔,56.0,6.0,3.0,6.0,川崎,C3三　四,6.0,7.0,川崎,C3一　二,12.0,8.0,船橋,C3一,11.0,7.0,川崎,2026川崎ジョッキ(C3),9.0,2.0,船橋,C3一　二,3.9,2.0,,nar,2026-07-28,49.92,49.5,43.4,30.4,89.0,48.6,45,履歴少 / 近走上向き
202646072802,2026-07-28,2,ルビープリンセス,1.0,1.0,魚住謙心,55.0,9.0,3.0,1.0,金沢,第1回えみこた日和記(C2特別),12.0,11.0,金沢,楽天競馬で馬券を買お(C2),7.0,5.0,金沢,C18,7.0,4.0,金沢,つるーたんとハラペー(C1),5.0,4.0,金沢,C17,22.8,8.0,,nar,2026-07-28,49.81,53.4,37.4,40.7,78.5,50.5,45,履歴少 / 近走上向き / 市場オッズ妙味
202630072802,2026-07-28,2,レギュム,1.0,1.0,阿部龍,55.0,1.0,4.0,3.0,門別,2歳牝馬未勝利(未勝利),3.0,5.0,門別,2歳牝馬未勝利(未勝利),5.0,7.0,門別,JRA認定競走フレッ(新馬)(2歳),,,,,,,,,4.6,3.0,,nar,2026-07-28,62.63,76.6,55.5,75.1,50.0,59.7,45,履歴少 / 安定感
202635072802,2026-07-28,2,ロストボール,9.0,8.0,関本玲花,54.0,1.0,1.0,1.0,盛岡,C2六組,1.0,1.0,水沢,C2九組,15.0,15.0,2東京7,4歳以上1勝クラス,10.0,12.0,1新潟3,4歳以上1勝クラス,8.0,15.0,1福島3,4歳以上1勝クラス,1.5,1.0,,nar,2026-07-28,62.21,64.0,57.1,55.3,95.0,57.6,45,履歴少 / 近走上向き
202648072802,2026-07-28,2,ロードリュイール,6.0,5.0,大畑雅章,57.0,,11.0,14.0,3東京6,3歳未勝利,12.0,6.0,3中山3,3歳未勝利,,,,,,,,,,,,,0.0,6.0,,nar,2026-07-28,35.82,27.0,41.4,18.0,48.8,41.4,45,履歴少 / サンプル少
202648072802,2026-07-28,2,ワルキューレクイン,3.0,3.0,渡辺竜也,55.0,,6.0,1.0,名古屋,3歳11組,9.0,13.0,2中山1,3歳未勝利,,,,,,,,,,,,,0.0,3.0,,nar,2026-07-28,42.15,45.1,41.9,18.0,55.4,44.1,45,履歴少 / サンプル少
202648072803,2026-07-28,3,アンコンケラブル,5.0,5.0,大畑雅章,57.0,,7.0,8.0,2福島3,3歳未勝利,9.0,12.0,3中山6,3歳未勝利,11.0,13.0,2中山7,3歳未勝利,14.0,8.0,1中山9,3歳未勝利,7.0,6.0,4阪神4,2歳新馬,0.0,5.0,,nar,2026-07-28,42.04,34.1,53.3,0.0,69.5,49.0,45,履歴少 / 近走上向き
202645072803,2026-07-28,3,アンジェラカフェ,9.0,8.0,神尾香澄,52.0,7.0,8.0,7.0,川崎,コリアンダー賞(C3),8.0,10.0,川崎,ヴェルザンディ賞(C2C3),9.0,11.0,浦和,桶川べに花まつり賞(C3),9.0,9.0,川崎,スペアミント賞(C3),12.0,10.0,浦和,ランチタイム(C3),205.6,9.0,,nar,2026-07-28,42.43,37.9,52.7,0.0,59.0,54.1,45,履歴少
202648072803,2026-07-28,3,ウインエンブレム,1.0,1.0,今井貴大,57.0,,12.0,14.0,3東京5,3歳未勝利,12.0,10.0,2東京1,3歳未勝利,8.0,7.0,2中山4,3歳未勝利,,,,,,,,,0.0,1.0,,nar,2026-07-28,33.35,20.4,49.2,0.0,38.0,48.3,45,履歴少
202635072803,2026-07-28,3,オウケンアマゾネス,10.0,8.0,坂井瑛音,53.0,6.0,10.0,6.0,盛岡,C2二組,5.0,3.0,盛岡,C2二組,3.0,4.0,水沢,C1五組,7.0,7.0,盛岡,C1三組,5.0,6.0,盛岡,C1三組,60.5,8.0,,nar,2026-07-28,46.12,56.7,40.1,55.0,20.0,50.9,45,履歴少
202630072803,2026-07-28,3,オリザノヴァ,5.0,5.0,小野楓馬,55.0,4.0,2.0,1.0,門別,2歳未勝利(未勝利),2.0,3.0,門別,2歳未勝利(未勝利),4.0,3.0,門別,JRA認定競走アタッ(未勝利)(2歳),3.0,3.0,門別,JRA認定競走フレッ(新馬)(2歳),,,,,3.3,2.0,,nar,2026-07-28,65.51,87.2,48.0,89.7,56.0,54.3,45,履歴少 / 安定感
202630072803,2026-07-28,3,カヴォート,9.0,7.0,井上俊彦,55.0,9.0,4.0,9.0,門別,2歳未勝利(未勝利),4.0,10.0,門別,2歳未勝利(未勝利),11.0,12.0,門別,JRA認定競走アタッ(未勝利)(2歳),10.0,11.0,門別,JRA認定競走アタッ(未勝利)(2歳),8.0,9.0,門別,JRA認定競走アタッ(未勝利)(2歳),223.4,10.0,,nar,2026-07-28,62.07,54.6,74.2,55.3,75.5,62.6,45,履歴少 / 人気以上に走る傾向 / 近走上向き
202648072803,2026-07-28,3,キタノタイキ,4.0,4.0,丹羽克輝,57.0,,12.0,13.0,2福島1,3歳未勝利,15.0,15.0,2東京4,3歳未勝利,14.0,16.0,1福島2,3歳未勝利,12.0,15.0,1中山2,3歳新馬,,,,,0.0,4.0,,nar,2026-07-28,35.57,6.0,58.9,0.0,60.0,57.5,45,履歴少
202630072803,2026-07-28,3,クインテットホープ,10.0,7.0,藤田凌駕,53.0,6.0,7.0,6.0,門別,JRA認定競走アタッ(未勝利)(2歳),7.0,5.0,門別,JRA認定競走フレッ(新馬)(2歳),,,,,,,,,,,,,74.4,9.0,,nar,2026-07-28,41.45,46.6,39.9,18.0,45.5,47.9,45,履歴少 / サンプル少
202646072803,2026-07-28,3,クマサンアリガトウ,5.0,5.0,中島龍也,55.0,1.0,6.0,5.0,金沢,楽天競馬で馬券を買お(C2),5.0,11.0,笠松,浪江祐次お誕生日記念(C),7.0,10.0,笠松,道子・穂波・知子頑張(C),8.0,9.0,笠松,C13組,7.0,6.0,笠松,C14組,4.8,3.0,,nar,2026-07-28,53.79,57.3,62.8,24.9,54.5,61.9,45,履歴少
202635072803,2026-07-28,3,クリノサクセス,4.0,4.0,井上瑛太,54.0,10.0,12.0,10.0,盛岡,C2一組,9.0,10.0,盛岡,C1五組,10.0,9.0,水沢,C1,11.0,11.0,盛岡,C1,5.0,9.0,盛岡,C1,250.6,10.0,,nar,2026-07-28,36.7,28.1,49.0,10.3,30.5,54.8,45,履歴少
202645072803,2026-07-28,3,クルメミッチー,6.0,6.0,佐野遥久,56.0,6.0,3.0,2.0,川崎,C3三　四,5.0,6.0,川崎,レモングラス賞(C3),13.0,9.0,川崎,フローラ賞(C2C3),11.0,2.0,川崎,アスターテ賞(C2C3),2.0,1.0,浦和,春の夢特別(C3),23.8,6.0,,nar,2026-07-28,52.2,55.7,34.2,65.7,78.5,47.2,45,履歴少 / 近走上向き / 安定感 / 市場オッズ妙味
202635072803,2026-07-28,3,グランクリュ,7.0,7.0,菅原辰徳,54.0,3.0,2.0,2.0,盛岡,C2一組,2.0,6.0,盛岡,C2三組,9.0,5.0,水沢,C2二組,4.0,5.0,水沢,C2二組,1.0,5.0,盛岡,C2六組,9.1,2.0,,nar,2026-07-28,65.87,79.4,55.4,80.2,62.0,62.6,45,履歴少 / 安定感
202635072803,2026-07-28,3,グランクロワ,1.0,1.0,岩本怜,56.0,5.0,4.0,4.0,盛岡,C2一組,5.0,9.0,盛岡,C2一組,4.0,5.0,水沢,C2一組,2.0,6.0,水沢,C2二組,4.0,7.0,水沢,C2一組,35.1,5.0,,nar,2026-07-28,68.18,76.3,64.6,100.0,48.5,64.1,45,履歴少 / 安定感 / 市場オッズ妙味
202648072803,2026-07-28,3,グーフィー,6.0,5.0,小笠原羚,54.0,,9.0,6.0,2小倉2,3歳未勝利,11.0,12.0,3京都9,3歳未勝利,,,3京都5,3歳未勝利,,,,,,,,,0.0,6.0,,nar,2026-07-28,38.18,33.8,40.9,18.0,52.1,42.8,45,履歴少 / サンプル少
202635072803,2026-07-28,3,コスモベラエステラ,3.0,3.0,山本聡哉,56.0,4.0,2.0,5.0,盛岡,C2三組,2.0,5.0,盛岡,C2六組,8.0,3.0,水沢,C2五組,6.0,7.0,水沢,C2四組,3.0,3.0,水沢,C2四組,31.9,4.0,,nar,2026-07-28,63.36,77.0,55.7,65.7,66.5,57.6,45,履歴少 / 近走上向き / 安定感 / 市場オッズ妙味
202635072803,2026-07-28,3,サウンドヒーロー,6.0,6.0,高橋悠里,56.0,8.0,3.0,5.0,盛岡,C2一組,2.0,7.0,盛岡,C2三組,8.0,8.0,盛岡,C2三組,8.0,10.0,水沢,C2二組,6.0,9.0,水沢,C2一組,57.5,7.0,,nar,2026-07-28,63.54,69.8,67.2,55.3,68.0,61.3,45,履歴少 / 人気以上に走る傾向 / 近走上向き
202630072803,2026-07-28,3,サスラオウ,8.0,6.0,服部茂史,55.0,12.0,,,,,,,,,,,,,,,,,,,,,232.0,11.0,,nar,2026-07-28,36.0,35.0,35.0,35.0,35.0,35.0,45,履歴少
202646072803,2026-07-28,3,シェーンシュタット,6.0,6.0,鈴木太一,57.0,5.0,4.0,9.0,金沢,楽天競馬で馬券を買お(C2),7.0,7.0,金沢,C14,1.0,6.0,金沢,楽天競馬で馬券を買お(C2),7.0,6.0,金沢,C25,7.0,6.0,金沢,C24,8.7,5.0,,nar,2026-07-28,61.67,68.8,65.8,50.2,59.0,64.4,45,履歴少 / 人気以上に走る傾向
202645072803,2026-07-28,3,シュヴァイゲン,2.0,2.0,新原周馬,56.0,1.0,6.0,5.0,川崎,コンコルディア賞(C2C3),12.0,11.0,川崎,C2三　四,4.0,6.0,浦和,C2五　六,8.0,10.0,川崎,パティオ賞(C2),9.0,8.0,川崎,イースター賞(C2),18.9,5.0,,nar,2026-07-28,48.34,46.4,50.2,19.8,63.5,62.9,45,履歴少 / 市場オッズ妙味
202646072803,2026-07-28,3,ジューンサレンダー,3.0,3.0,加藤翔馬,57.0,4.0,11.0,2.0,金沢,ダッシュダッシュいの(C1特別),9.0,5.0,金沢,C16,8.0,5.0,金沢,秀明くん生まれてきて(C1),2.0,5.0,金沢,C16,4.0,7.0,金沢,C16,25.5,7.0,,nar,2026-07-28,35.28,45.0,25.0,24.9,18.5,49.8,45,履歴少 / 市場オッズ妙味
202648072803,2026-07-28,3,ジューンミレニアム,12.0,8.0,尾崎章生,55.0,,16.0,16.0,3東京6,3歳以上1勝クラス,15.0,16.0,3東京3,3歳未勝利,14.0,13.0,1福島6,3歳未勝利,,,,,,,,,0.0,12.0,,nar,2026-07-28,28.54,0.0,50.5,0.0,41.0,50.0,45,履歴少
202645072803,2026-07-28,3,ジーティーケリー,3.0,3.0,古岡勇樹,54.0,4.0,3.0,4.0,川崎,C3五,1.0,3.0,船橋,C3　二組下,6.0,8.0,川崎,C3一　二,3.0,10.0,船橋,C3　二組下,6.0,4.0,川崎,C3三　四,12.2,4.0,,nar,2026-07-28,67.0,80.8,64.1,69.9,56.0,67.1,45,履歴少 / 安定感 / 過小評価傾向 / 市場オッズ妙味
202635072803,2026-07-28,3,スピリチュアル,8.0,7.0,山本聡紀,54.0,1.0,1.0,1.0,盛岡,C2二組,1.0,2.0,盛岡,C2七組,9.0,11.0,大井,クォーター・デック賞(C1),10.0,11.0,大井,C1五　六七(C1六),11.0,10.0,大井,C1六　七八(C1七),1.0,1.0,,nar,2026-07-28,61.63,68.6,54.8,55.3,90.5,52.0,45,履歴少 / 近走上向き
202646072803,2026-07-28,3,スペシャルサンデー,1.0,1.0,青柳正義,57.0,8.0,10.0,2.0,金沢,C16,6.0,1.0,金沢,C13,3.0,1.0,大井,C2六　七八(C2七),2.0,1.0,大井,グラスホッパー賞(C2),1.0,1.0,大井,C2九　十11(C2十),3.3,2.0,,nar,2026-07-28,39.86,63.8,20.5,44.7,8.0,44.7,45,履歴少
202648072803,2026-07-28,3,ソパデアホ,2.0,2.0,塚本征吾,57.0,,12.0,12.0,1函館4,3歳未勝利,12.0,12.0,2東京6,3歳未勝利,12.0,11.0,1中京5,3歳未勝利,16.0,8.0,1東京3,3歳新馬,,,,,0.0,2.0,,nar,2026-07-28,29.14,10.0,39.3,0.0,58.0,38.8,45,履歴少
202648072803,2026-07-28,3,テーオーシーザー,9.0,7.0,丸野勝虎,57.0,,14.0,16.0,3阪神6,3歳未勝利,11.0,8.0,2京都6,3歳新馬,,,,,,,,,,,,,0.0,9.0,,nar,2026-07-28,34.22,23.0,44.5,18.0,35.6,44.1,45,履歴少 / サンプル少
202635072803,2026-07-28,3,ディーノサンライズ,9.0,8.0,大坪慎,54.0,2.0,1.0,1.0,盛岡,C2三組,3.0,4.0,盛岡,C2四組,3.0,3.0,金沢,C28,5.0,1.0,金沢,楽天競馬で馬券を買お(C2),3.0,2.0,金沢,能登復興支援能登島特(C2),17.2,3.0,,nar,2026-07-28,68.12,86.5,46.9,100.0,65.0,59.5,45,履歴少 / 近走上向き / 安定感 / 市場オッズ妙味
202648072803,2026-07-28,3,ドナシュネル,10.0,7.0,吉原寛人,55.0,,14.0,15.0,1函館1,3歳未勝利,15.0,15.0,1新潟3,3歳未勝利,16.0,12.0,4東京10,2歳未勝利,13.0,8.0,4中山5,2歳新馬,,,,,0.0,10.0,,nar,2026-07-28,26.48,0.7,40.5,0.0,54.0,40.0,45,履歴少
202646072803,2026-07-28,3,ナムラパール,7.0,7.0,吉田晃浩,55.0,3.0,3.0,6.0,金沢,小田島ゴールインカッ(C2),3.0,9.0,金沢,楽天競馬で馬券を買お(C2),5.0,8.0,金沢,ろこ★お留守番ごめん(C2),6.0,8.0,金沢,Win5愛好へそきり(C2),6.0,8.0,金沢,楽天競馬で馬券を買お(C2),2.9,1.0,,nar,2026-07-28,68.88,74.9,74.5,75.1,62.0,64.9,45,履歴少 / 人気以上に走る傾向 / 安定感
202645072803,2026-07-28,3,ナリノドリーム,4.0,4.0,町田直希,54.0,2.0,2.0,3.0,川崎,コリアンダー賞(C3),3.0,3.0,川崎,レモングラス賞(C3),13.0,3.0,船橋,ジョッキーズチャンピ(C3),2.0,2.0,川崎,2026川崎ジョッキ(C3),1.0,1.0,川崎,C3五　六,1.6,1.0,,nar,2026-07-28,58.33,73.4,38.3,80.2,66.5,46.2,45,履歴少 / 近走上向き / 安定感
202645072803,2026-07-28,3,ニットウサニー,5.0,5.0,本橋孝太,54.0,9.0,6.0,1.0,川崎,C3三　四,3.0,2.0,川崎,C3三,2.0,1.0,川崎,C3五　六,4.0,1.0,川崎,C3一　二三(C3二),6.0,2.0,川崎,チャービル賞(C3),6.4,3.0,,nar,2026-07-28,50.99,74.6,30.3,59.3,36.5,48.8,45,履歴少
202630072803,2026-07-28,3,ニューハーピー,11.0,8.0,落合玄太,55.0,2.0,3.0,2.0,門別,2歳未勝利(未勝利),2.0,1.0,門別,2歳未勝利(未勝利),2.0,1.0,門別,JRA認定競走フレッ(新馬)(2歳),,,門別,JRA認定競走フレッ(新馬)(2歳),,,,,5.8,3.0,,nar,2026-07-28,61.55,88.8,43.0,75.1,44.0,54.2,45,履歴少 / 安定感
202630072803,2026-07-28,3,ハッピーデイ,2.0,2.0,宮内勇樹,55.0,11.0,6.0,6.0,門別,JRA認定競走フレッ(新馬)(2歳),,,,,,,,,,,,,,,,,32.2,8.0,,nar,2026-07-28,40.37,42.8,40.6,29.6,40.6,40.6,45,履歴少 / サンプル少
202630072803,2026-07-28,3,バシュネル,12.0,8.0,桑村真明,55.0,3.0,6.0,3.0,門別,JRA認定競走アタッ(未勝利)(2歳),3.0,1.0,門別,JRA認定競走アタッ(未勝利)(2歳),2.0,1.0,門別,JRA認定競走フレッ(新馬)(2歳),,,,,,,,,2.1,1.0,,nar,2026-07-28,49.66,76.4,35.0,44.7,29.0,46.7,45,履歴少
202648072803,2026-07-28,3,ビップアリス,3.0,3.0,細川智史,55.0,,9.0,11.0,1函館6,3歳未勝利,16.0,12.0,1函館2,3歳未勝利,11.0,14.0,1中京6,3歳未勝利,13.0,11.0,3京都10,2歳未勝利,15.0,4.0,3京都3,2歳新馬,0.0,3.0,,nar,2026-07-28,33.52,15.5,41.4,0.0,78.5,38.0,45,履歴少 / 近走上向き
202646072803,2026-07-28,3,ピエナパプリカ,2.0,2.0,魚住謙心,57.0,7.0,8.0,10.0,金沢,いのちゃん@36歳年(C1特別),6.0,4.0,金沢,C16,4.0,4.0,金沢,C17,6.0,4.0,金沢,C16,4.0,3.0,金沢,C15,7.8,4.0,,nar,2026-07-28,48.21,60.0,48.0,30.1,32.0,56.8,45,履歴少
202630072803,2026-07-28,3,ブロンドナイト,6.0,5.0,阿部龍,55.0,1.0,2.0,3.0,門別,2歳未勝利(未勝利),3.0,10.0,門別,JRA認定競走フレッ(新馬)(2歳),,,,,,,,,,,,,19.8,6.0,,nar,2026-07-28,58.47,66.6,59.8,48.4,48.8,66.5,45,履歴少 / サンプル少 / 過小評価傾向 / 市場オッズ妙味
202630072803,2026-07-28,3,ベイビーノンチャン,4.0,4.0,石川倭,55.0,5.0,11.0,1.0,門別,2歳未勝利(未勝利),2.0,2.0,門別,JRA認定競走フレッ(新馬)(2歳),,,,,,,,,,,,,27.8,7.0,,nar,2026-07-28,35.65,46.8,24.3,31.7,18.0,44.4,45,履歴少 / サンプル少 / 市場オッズ妙味
202635072803,2026-07-28,3,マサノビジョン,5.0,5.0,塚本涼人,56.0,7.0,10.0,7.0,盛岡,C1五組,9.0,8.0,水沢,C1六組,7.0,5.0,水沢,C1三組,7.0,8.0,盛岡,C1二組,3.0,4.0,盛岡,C2一組,41.9,6.0,,nar,2026-07-28,38.87,44.0,40.9,10.3,29.0,53.7,45,履歴少 / 市場オッズ妙味
202648072803,2026-07-28,3,ミスティパープル,7.0,6.0,木之前葵,53.0,,17.0,17.0,3阪神6,3歳未勝利,14.0,9.0,1福島3,3歳未勝利,11.0,14.0,1京都3,3歳未勝利,15.0,6.0,3京都9,2歳新馬,,,,,0.0,7.0,,nar,2026-07-28,22.48,4.4,34.6,0.0,28.0,36.2,45,履歴少
202630072803,2026-07-28,3,ミッドナイトハニー,3.0,3.0,近藤翔月,54.0,10.0,7.0,5.0,門別,2歳未勝利(未勝利),5.0,4.0,門別,JRA認定競走フレッ(新馬)(2歳),,,,,,,,,,,,,305.4,12.0,,nar,2026-07-28,43.32,50.6,39.5,31.7,38.9,47.9,45,履歴少 / サンプル少
202646072803,2026-07-28,3,ミテクレコノアシ,8.0,8.0,松戸政也,57.0,2.0,5.0,1.0,金沢,☆ひなの&はるかお誕(C2特別),4.0,7.0,金沢,愛☆日本一のウマ男祝(C1特別),8.0,9.0,金沢,C17,8.0,6.0,金沢,C17,5.0,1.0,金沢,なんか景気いいので馬(C1特別),11.9,6.0,,nar,2026-07-28,54.86,61.8,43.2,65.7,57.5,56.6,45,履歴少 / 安定感
202635072803,2026-07-28,3,メイショウミチロク,2.0,2.0,関本玲花,54.0,9.0,6.0,6.0,盛岡,C2一組,3.0,8.0,盛岡,C2二組,3.0,6.0,盛岡,C2二組,4.0,8.0,水沢,C2三組,7.0,5.0,水沢,C2二組,120.8,9.0,,nar,2026-07-28,60.7,72.2,65.5,59.3,39.5,60.0,45,履歴少 / 人気以上に走る傾向
202646072803,2026-07-28,3,メッチャハットリ,4.0,4.0,兼子千央,55.0,6.0,3.0,5.0,金沢,日本列島☆爆走!ツア(C2特別),8.0,10.0,金沢,愛☆日本一のウマ男祝(C1特別),10.0,9.0,金沢,C16,9.0,8.0,金沢,秀明くん生まれてきて(C1),7.0,6.0,金沢,まめちゃんぴよぴよ記(C1),26.2,8.0,,nar,2026-07-28,53.93,52.7,54.6,30.4,83.0,56.9,45,履歴少 / 近走上向き / 市場オッズ妙味
202630072803,2026-07-28,3,ヤマノシンゲキ,7.0,6.0,岩橋勇二,55.0,8.0,5.0,2.0,門別,2歳未勝利(未勝利),3.0,4.0,門別,JRA認定競走フレッ(新馬)(2歳),,,,,,,,,,,,,15.7,5.0,,nar,2026-07-28,49.4,59.4,40.9,48.4,38.9,57.0,45,履歴少 / サンプル少 / 市場オッズ妙味
202630072803,2026-07-28,3,ヨシノステラ,1.0,1.0,松井伸也,55.0,7.0,3.0,3.0,門別,2歳未勝利(未勝利),5.0,1.0,門別,2歳牝馬未勝利(未勝利),3.0,4.0,門別,2歳未勝利(未勝利),8.0,8.0,門別,JRA認定競走フレッ(新馬)(2歳),,,,,9.1,4.0,,nar,2026-07-28,60.12,73.0,43.8,75.1,64.0,57.0,45,履歴少 / 安定感
202648072803,2026-07-28,3,ラインクインビー,11.0,8.0,近藤颯羽,52.0,,15.0,14.0,1函館3,3歳未勝利,14.0,12.0,2東京9,3歳未勝利,13.0,9.0,2東京4,3歳未勝利,8.0,6.0,3中山4,3歳未勝利,6.0,11.0,1東京5,3歳未勝利,0.0,11.0,,nar,2026-07-28,26.98,13.4,40.4,0.0,21.5,46.0,45,履歴少
202645072803,2026-07-28,3,ラピッドフロウ,1.0,1.0,増田充宏,54.0,5.0,5.0,8.0,川崎,コリアンダー賞(C3),11.0,10.0,川崎,レモングラス賞(C3),6.0,11.0,川崎,2026川崎ジョッキ(C3),12.0,8.0,川崎,枡形山賞(C3),7.0,9.0,浦和,特選(C3),93.5,8.0,,nar,2026-07-28,51.61,44.6,58.9,30.4,74.0,56.8,45,履歴少 / 近走上向き
202648072803,2026-07-28,3,リヴァデラルナ,8.0,6.0,柿原翔,57.0,,11.0,6.0,園田,JRA交流笠形山特別,15.0,13.0,1阪神9,3歳未勝利,10.0,11.0,1阪神4,3歳未勝利,7.0,9.0,2京都6,3歳未勝利,11.0,5.0,3京都11,2歳未勝利,0.0,8.0,,nar,2026-07-28,30.26,21.3,35.0,0.0,48.5,40.0,45,履歴少
202645072803,2026-07-28,3,ルイーサ,8.0,8.0,岡村裕基,54.0,8.0,4.0,6.0,川崎,コリアンダー賞(C3),10.0,9.0,川崎,C2五,4.0,5.0,浦和,サツキツツジ特別(C3),4.0,3.0,川崎,C3一　二,8.0,4.0,大井,C3二　三四(C3三),59.2,7.0,,nar,2026-07-28,56.29,60.7,50.0,64.7,65.0,51.5,45,履歴少 / 近走上向き / 安定感
202645072803,2026-07-28,3,ロベルタインパクト,7.0,7.0,中山遥人,53.0,3.0,5.0,4.0,浦和,行田花手水賞(C2),3.0,10.0,船橋,御堂筋エンジ八咫烏記(C2),11.0,6.0,浦和,特選(C2),4.0,5.0,浦和,浦和ジョッキーズトラ(C3),4.0,3.0,浦和,開運特別(C3),3.5,2.0,,nar,2026-07-28,59.22,64.5,53.5,80.2,53.0,56.0,45,履歴少 / 安定感
202646072804,2026-07-28,4,アイルシャンス,8.0,8.0,葛山晃平,55.0,,1.0,6.0,金沢,★Royz公大生誕記(C2),3.0,3.0,金沢,川村友音誕生日おめで(C2),6.0,6.0,金沢,スマホで投票!楽天競(C2),4.0,4.0,金沢,えまちゃんが平井にな(C2),5.0,8.0,金沢,C26,0.0,8.0,,nar,2026-07-28,68.61,81.3,62.8,80.2,71.0,58.0,45,履歴少 / 近走上向き / 安定感
202635072804,2026-07-28,4,アットラエンテ,3.0,3.0,小林凌,54.0,8.0,12.0,12.0,盛岡,岩手デビュー限定競走(2歳),10.0,12.0,盛岡,2歳,7.0,3.0,水沢,2歳,3.0,5.0,水沢,2歳,7.0,7.0,盛岡,ファーストステップ2(新馬)(2歳),107.9,9.0,,nar,2026-07-28,38.75,38.5,50.0,14.6,18.5,53.5,45,履歴少
202648072804,2026-07-28,4,アメジストテソーロ,11.0,8.0,小笠原羚,52.0,11.0,11.0,5.0,佐賀,SAGAリベンジャー(3歳),6.0,6.0,佐賀,SAGAリベンジャー(3歳),5.0,6.0,佐賀,SAGAリベンジャー(3歳),11.0,6.0,佐賀,SAGAリベンジャー(3歳),12.0,15.0,2中山7,3歳未勝利,66.4,11.0,,nar,2026-07-28,37.3,38.6,35.7,19.8,35.0,49.0,45,履歴少
202648072804,2026-07-28,4,アンコ,12.0,8.0,丸野勝虎,55.0,5.0,16.0,14.0,2小倉3,3歳未勝利,7.0,12.0,1新潟8,3歳未勝利,15.0,11.0,1京都7,3歳未勝利,15.0,6.0,5阪神8,2歳新馬,,,,,10.9,4.0,,nar,2026-07-28,28.45,14.5,38.6,0.0,28.0,52.0,45,履歴少
202635072804,2026-07-28,4,エグゼクティブ,7.0,7.0,菅原辰徳,54.0,9.0,6.0,6.0,水沢,ファーストステップ2(新馬)(2歳),,,,,,,,,,,,,,,,,49.9,8.0,,nar,2026-07-28,40.37,42.8,40.6,29.6,40.6,40.6,45,履歴少 / サンプル少
202630072804,2026-07-28,4,エムティココロ,7.0,7.0,石川倭,55.0,9.0,7.0,6.0,門別,3歳以上C4ー3,5.0,5.0,門別,グランシャリオドリー(C4),,,,,,,,,,,,,14.5,6.0,,nar,2026-07-28,45.6,50.6,43.4,31.7,38.9,57.6,45,履歴少 / サンプル少 / 市場オッズ妙味
202630072804,2026-07-28,4,オオイシテイオー,4.0,4.0,阿部龍,57.0,4.0,6.0,8.0,門別,3歳以上C4ー3,5.0,7.0,門別,3歳以上C4ー3,7.0,6.0,門別,3歳以上C4ー3,6.0,3.0,門別,3歳条件未勝利(未勝利),7.0,4.0,門別,3歳条件未勝利(未勝利),6.3,3.0,,nar,2026-07-28,50.45,59.6,51.1,24.9,51.5,55.9,45,履歴少
202630072804,2026-07-28,4,オルチャン,1.0,1.0,近藤翔月,54.0,8.0,5.0,2.0,門別,3歳以上C4ー3,3.0,4.0,門別,3歳以上C4ー3,5.0,4.0,門別,3歳以上C4ー3,5.0,8.0,門別,3歳以上C4ー3,10.0,4.0,門別,3歳以上C4ー3,4.6,2.0,,nar,2026-07-28,58.41,67.9,42.7,89.7,54.5,52.6,45,履歴少 / 安定感
202648072804,2026-07-28,4,オーケーエレガンス,9.0,7.0,丸山真一,55.0,7.0,10.0,13.0,3阪神6,3歳未勝利,9.0,15.0,2阪神6,3歳未勝利,,,,,,,,,,,,,13.2,5.0,,nar,2026-07-28,45.83,35.4,62.3,18.0,42.2,66.1,45,履歴少 / サンプル少 / 過小評価傾向 / 市場オッズ妙味
202635072804,2026-07-28,4,カシュタン,4.0,4.0,山本聡紀,55.0,5.0,5.0,3.0,水沢,ファーストステップ2(新馬)(2歳),,,,,,,,,,,,,,,,,8.2,4.0,,nar,2026-07-28,40.62,44.6,37.6,36.3,40.6,38.4,45,履歴少 / サンプル少
202635072804,2026-07-28,4,コパノエビス,1.0,1.0,鈴木祐,55.0,6.0,5.0,5.0,盛岡,2歳,6.0,4.0,水沢,2歳,4.0,2.0,水沢,2歳,6.0,6.0,盛岡,ファーストステップ2(新馬)(2歳),,,,,43.4,7.0,,nar,2026-07-28,53.06,66.2,43.0,50.2,52.0,53.0,45,履歴少 / 市場オッズ妙味
202646072804,2026-07-28,4,コンチマカロン,6.0,6.0,栗原大河,55.0,,4.0,7.0,金沢,七尾祇園祭特別(C1),7.0,6.0,金沢,九谷焼特別(C1),6.0,7.0,金沢,卯辰山特別(C1),5.0,6.0,金沢,母の日特別(C1),7.0,10.0,金沢,りつかちゃん誕生!パ(C1特別),0.0,6.0,,nar,2026-07-28,57.41,63.2,59.2,45.0,63.5,57.0,45,履歴少
202645072804,2026-07-28,4,シェナシャングリラ,4.0,4.0,新原周馬,54.0,6.0,6.0,6.0,川崎,スパーキングデビュー(2歳),,,,,,,,,,,,,,,,,3.5,2.0,,nar,2026-07-28,40.37,42.8,40.6,29.6,40.6,40.6,45,履歴少 / サンプル少
202648072804,2026-07-28,4,シャマレル,10.0,7.0,大畑慧悟,57.0,3.0,14.0,16.0,2小倉1,3歳未勝利,13.0,16.0,3阪神3,3歳未勝利,11.0,12.0,1阪神6,3歳未勝利,14.0,11.0,1阪神1,3歳未勝利,9.0,10.0,4京都3,2歳未勝利,20.8,6.0,,nar,2026-07-28,33.6,8.7,58.5,0.0,36.5,58.9,45,履歴少 / 市場オッズ妙味
202645072804,2026-07-28,4,ジーティータッセイ,5.0,5.0,西啓太,54.0,3.0,6.0,5.0,川崎,スパーキングデビュー(2歳),,,,,,,,,,,,,,,,,2.3,1.0,,nar,2026-07-28,39.85,42.8,39.1,29.6,40.6,39.5,45,履歴少 / サンプル少
202630072804,2026-07-28,4,スキャロップパール,9.0,8.0,小川悠汰,52.0,1.0,2.0,5.0,門別,グランシャリオドリー(C4),7.0,10.0,門別,湧別サロマ湖関野剛平(C4),6.0,12.0,門別,渓流の女王ヤマベ賞(C4),8.0,12.0,門別,3歳以上C4ー3,11.0,12.0,門別,3歳以上C4ー3,24.5,7.0,,nar,2026-07-28,62.98,61.3,74.7,30.4,86.0,67.3,45,履歴少 / 人気以上に走る傾向 / 近走上向き / 過小評価傾向
202646072804,2026-07-28,4,スマートアリオン,5.0,5.0,浅野登生,54.0,,6.0,10.0,金沢,C16,10.0,11.0,金沢,孝明杯(C1),8.0,9.0,金沢,C15,4.0,5.0,金沢,C14,7.0,8.0,金沢,C13,0.0,5.0,,nar,2026-07-28,50.59,50.4,63.4,14.6,57.5,58.0,45,履歴少
202646072804,2026-07-28,4,ダフニス,1.0,1.0,甲賀弘隆,57.0,,4.0,4.0,金沢,C16,3.0,3.0,金沢,いのちゃん@36歳年(C1特別),2.0,4.0,金沢,ろこ★お留守番ごめん(C2),8.0,4.0,金沢,Win5愛好へそきり(C2),5.0,2.0,金沢,楽天競馬で馬券を買お(C2),0.0,1.0,,nar,2026-07-28,59.76,75.7,46.5,85.4,53.0,45.0,45,履歴少 / 安定感
202648072804,2026-07-28,4,チェリーブルーム,4.0,4.0,渡辺竜也,55.0,6.0,10.0,14.0,1函館7,3歳未勝利,8.0,11.0,1福島1,3歳未勝利,13.0,15.0,1中山1,3歳未勝利,10.0,11.0,4中山3,2歳未勝利,11.0,13.0,3新潟2,2歳新馬,3.1,2.0,,nar,2026-07-28,43.58,26.4,69.0,0.0,53.0,62.6,45,履歴少 / 人気以上に走る傾向
202635072804,2026-07-28,4,ティガーカッツェ,8.0,8.0,高橋悠里,54.0,3.0,8.0,8.0,盛岡,ファーストステップ2(新馬)(2歳),,,,,,,,,,,,,,,,,18.7,5.0,,nar,2026-07-28,39.39,39.3,40.6,29.6,40.6,40.6,45,履歴少 / サンプル少
202630072804,2026-07-28,4,テンアリオン,5.0,5.0,宮内勇樹,55.0,3.0,4.0,4.0,門別,3歳以上C4ー3,4.0,3.0,門別,グランシャリオドリー(C4),2.0,2.0,門別,3歳以上C4ー3,6.0,4.0,門別,3歳以上C4ー3,3.0,2.0,門別,3歳以上C4ー3,6.4,4.0,,nar,2026-07-28,60.97,77.7,45.5,85.4,48.5,55.3,45,履歴少 / 安定感
202645072804,2026-07-28,4,デーレーハヤテ,6.0,6.0,田中涼,54.0,2.0,6.0,4.0,川崎,スパーキングデビュー(2歳),,,,,,,,,,,,,,,,,6.2,4.0,,nar,2026-07-28,39.32,42.8,37.6,29.6,40.6,38.4,45,履歴少 / サンプル少
202635072804,2026-07-28,4,トモノミラグレ,6.0,6.0,大坪慎,55.0,7.0,3.0,7.0,盛岡,2歳,9.0,8.0,盛岡,2歳,6.0,9.0,水沢,ファーストステップ2(新馬)(2歳),,,,,,,,,2.6,2.0,,nar,2026-07-28,58.65,61.7,64.5,30.4,77.0,60.6,45,履歴少 / 近走上向き
202630072804,2026-07-28,4,ドクターアキヨシ,3.0,3.0,渡辺準己,54.0,7.0,,,,,,,,,,,,,,,,,,,,,10.0,5.0,,nar,2026-07-28,36.0,35.0,35.0,35.0,35.0,35.0,45,履歴少
202645072804,2026-07-28,4,ドラゴンライト,3.0,3.0,和田譲治,54.0,1.0,5.0,6.0,川崎,アゲハチョウ賞(2歳),10.0,8.0,川崎,ホタル特別(2歳),6.0,11.0,船橋,スイカズラ特別(2歳),6.0,7.0,川崎,スパーキングデビュー(2歳),,,,,3.6,3.0,,nar,2026-07-28,52.99,53.8,57.3,30.4,64.0,59.5,45,履歴少
202648072804,2026-07-28,4,ノーブルハンター,6.0,5.0,加藤誓二,57.0,10.0,10.0,12.0,名古屋,3歳12組,11.0,12.0,名古屋,3歳10組,10.0,11.0,名古屋,3歳11組,10.0,9.0,名古屋,3歳9組,6.0,8.0,名古屋,3歳9組,295.8,12.0,,nar,2026-07-28,39.99,29.3,57.8,0.0,45.5,56.8,45,履歴少
202630072804,2026-07-28,4,バンデラス,2.0,2.0,落合玄太,57.0,2.0,3.0,1.0,門別,3歳以上C4ー3,,,,,,,,,,,,,,,,,2.0,1.0,,nar,2026-07-28,41.61,48.1,37.6,36.3,40.6,38.4,45,履歴少 / サンプル少
202646072804,2026-07-28,4,ビアメントブラスト,4.0,4.0,吉田晃浩,55.0,,2.0,2.0,金沢,第1回えみこた日和記(C2特別),10.0,6.0,金沢,ダッシュダッシュいの(C1特別),9.0,6.0,金沢,C17,4.0,5.0,金沢,つるーたんとハラペー(C1),4.0,4.0,金沢,祝★TubeRose(C1),0.0,4.0,,nar,2026-07-28,53.37,61.0,39.9,55.3,78.5,44.0,45,履歴少 / 近走上向き
202648072804,2026-07-28,4,フィアスゲイル,5.0,5.0,細川智史,55.0,4.0,16.0,10.0,3阪神3,3歳未勝利,15.0,7.0,1福島2,3歳未勝利,12.0,9.0,4京都8,2歳未勝利,8.0,12.0,4京都4,2歳未勝利,12.0,8.0,4阪神3,2歳新馬,64.3,10.0,,nar,2026-07-28,21.07,10.0,20.3,0.0,24.5,42.5,45,履歴少
202635072804,2026-07-28,4,フレンドヘネシー,2.0,2.0,山本政聡,55.0,1.0,7.0,1.0,盛岡,ファーストステップ2(新馬)(2歳),,,,,,,,,,,,,,,,,2.2,1.0,,nar,2026-07-28,36.74,41.1,31.4,29.6,40.6,34.0,45,履歴少 / サンプル少
202635072804,2026-07-28,4,ブライティアセレブ,9.0,8.0,塚本涼人,54.0,4.0,7.0,3.0,盛岡,2歳,5.0,8.0,盛岡,ファーストステップ2(新馬)(2歳),,,,,,,,,,,,,23.6,6.0,,nar,2026-07-28,44.62,50.6,42.2,31.7,38.9,52.5,45,履歴少 / サンプル少 / 市場オッズ妙味
202635072804,2026-07-28,4,ブラックルーキー,5.0,5.0,井上瑛太,55.0,2.0,8.0,7.0,盛岡,2歳,5.0,8.0,水沢,ファーストステップ2(新馬)(2歳),,,,,,,,,,,,,6.2,3.0,,nar,2026-07-28,45.65,48.1,48.6,31.7,35.6,56.6,45,履歴少 / サンプル少
202648072804,2026-07-28,4,ポッドスモーカー,3.0,3.0,吉原寛人,57.0,,,13.0,1新潟2,3歳未勝利,16.0,15.0,1東京5,3歳未勝利,13.0,15.0,4東京8,2歳新馬,,,,,,,,,22.9,7.0,,nar,2026-07-28,35.06,19.0,46.8,18.0,35.6,54.3,45,履歴少 / サンプル少 / 市場オッズ妙味
202630072804,2026-07-28,4,マジカルウィーク,6.0,6.0,黒澤愛斗,57.0,5.0,8.0,9.0,門別,3歳以上C4ー3,8.0,7.0,門別,グランシャリオドリー(C4),6.0,8.0,門別,3歳以上C4ー3,10.0,8.0,門別,3歳以上C4ー3,,,門別,3歳以上C4ー3,73.1,9.0,,nar,2026-07-28,42.86,44.9,51.2,0.0,50.0,53.5,45,履歴少
202646072804,2026-07-28,4,マノンルージュ,9.0,8.0,魚住謙心,57.0,,7.0,8.0,金沢,C16,7.0,7.0,金沢,C13,6.0,2.0,金沢,孝明杯(C1),2.0,3.0,金沢,つるーたんとハラペー(C1),7.0,6.0,金沢,C16,0.0,9.0,,nar,2026-07-28,45.64,59.4,46.9,14.6,41.0,47.0,45,履歴少
202645072804,2026-07-28,4,ミザリー,2.0,2.0,池谷匠翔,54.0,4.0,8.0,8.0,川崎,アゲハチョウ賞(2歳),6.0,5.0,川崎,スパーキングデビュー(2歳),,,,,,,,,,,,,44.4,6.0,,nar,2026-07-28,42.11,46.2,43.8,18.0,38.9,52.5,45,履歴少 / サンプル少 / 市場オッズ妙味
202648072804,2026-07-28,4,ミダレセツゲツカ,2.0,2.0,大畑雅章,55.0,9.0,10.0,16.0,2福島1,3歳未勝利,11.0,12.0,3中山3,3歳未勝利,12.0,17.0,1京都9,3歳新馬,,,,,,,,,45.3,8.0,,nar,2026-07-28,46.05,21.1,78.5,0.0,59.0,69.3,45,履歴少 / 人気以上に走る傾向 / 過小評価傾向 / 市場オッズ妙味
202648072804,2026-07-28,4,モータリゼーション,1.0,1.0,近藤颯羽,54.0,2.0,10.0,9.0,2福島3,3歳未勝利,14.0,11.0,1中山5,3歳未勝利,12.0,12.0,5東京2,2歳未勝利,10.0,6.0,4東京7,2歳新馬,,,,,7.9,3.0,,nar,2026-07-28,32.87,16.7,37.2,0.0,62.0,52.3,45,履歴少
202645072804,2026-07-28,4,ユウユウキール,1.0,1.0,櫻井光輔,54.0,5.0,5.0,6.0,川崎,天衣無縫賞(2歳),11.0,9.0,川崎,ホタル特別(2歳),7.0,6.0,川崎,スパーキングデビュー(2歳),,,,,,,,,12.2,5.0,,nar,2026-07-28,49.74,47.9,46.3,30.4,74.0,58.5,45,履歴少 / 近走上向き / 市場オッズ妙味
202646072804,2026-07-28,4,ラシェンテ,2.0,2.0,沖静男,55.0,,5.0,9.0,金沢,C16,8.0,8.0,金沢,C13,8.0,7.0,金沢,孝明杯(C1),5.0,6.0,金沢,秀明くん生まれてきて(C1),2.0,5.0,金沢,C17,0.0,2.0,,nar,2026-07-28,56.87,59.8,60.3,55.3,54.5,57.0,45,履歴少
202646072804,2026-07-28,4,ラースアルアイン,7.0,7.0,柴田勇真,57.0,,6.0,10.0,金沢,ホップステップぴんみ(C1),9.0,6.0,金沢,愛☆日本一のウマ男祝(C1特別),9.0,10.0,金沢,孝明杯(C1),6.0,7.0,金沢,カポ峯生誕記念(C1),9.0,9.0,金沢,志帆ちゃんお誕生日お(C1),0.0,7.0,,nar,2026-07-28,46.01,46.8,55.7,0.0,63.5,53.0,45,履歴少
202648072804,2026-07-28,4,リアルフォルツァ,8.0,6.0,今井貴大,57.0,8.0,14.0,14.0,3京都1,3歳未勝利,11.0,10.0,2阪神4,3歳未勝利,14.0,12.0,3京都2,2歳新馬,,,,,,,,,59.2,9.0,,nar,2026-07-28,28.87,6.6,44.0,0.0,41.0,50.2,45,履歴少
202646072804,2026-07-28,4,ルルーディ,3.0,3.0,田知弘久,55.0,,9.0,5.0,金沢,ホップステップぴんみ(C1),5.0,5.0,金沢,C13,1.0,1.0,金沢,来週は百万石祭にいき(C2),2.0,2.0,金沢,蜜丸さくもYouTu(C2),6.0,2.0,金沢,楽天競馬で馬券を買お(C2),0.0,3.0,,nar,2026-07-28,47.63,67.3,38.6,59.3,17.0,42.0,45,履歴少
202630072804,2026-07-28,4,ワールドユニティ,8.0,8.0,松井伸也,57.0,6.0,10.0,7.0,門別,3歳以上C4ー3,,,門別,3歳条件未勝利(未勝利),6.0,6.0,門別,3歳条件未勝利(未勝利),,,,,,,,,70.6,8.0,,nar,2026-07-28,37.77,40.3,38.5,18.0,32.3,47.9,45,履歴少 / サンプル少
202648072804,2026-07-28,4,ヴェロシア,7.0,6.0,塚本征吾,57.0,1.0,12.0,7.0,2小倉1,3歳未勝利,8.0,10.0,2阪神1,3歳未勝利,11.0,5.0,1阪神8,3歳未勝利,13.0,5.0,4阪神6,2歳新馬,,,,,2.0,1.0,,nar,2026-07-28,26.68,21.4,23.7,0.0,42.0,39.1,45,履歴少
202646072805,2026-07-28,5,アンダーレ,8.0,8.0,栗原大河,57.0,,4.0,3.0,金沢,ホップステップぴんみ(C1),2.0,2.0,金沢,いのちゃん@36歳年(C1特別),2.0,1.0,金沢,祝!比嘉賢二還暦記念(C2特別),10.0,3.0,金沢,りつかちゃん誕生!パ(C1特別),6.0,2.0,金沢,C15,0.0,8.0,,nar,2026-07-28,55.01,74.5,36.4,75.1,56.0,37.0,45,履歴少 / 安定感
202646072805,2026-07-28,5,インテンスフレイム,5.0,5.0,甲賀弘隆,57.0,,3.0,2.0,金沢,楽天競馬で馬券を買お(C2),2.0,3.0,金沢,楽天競馬で馬券を買お(C2),1.0,1.0,金沢,C28,6.0,11.0,高知,ファイナルレース(C3),6.0,10.0,高知,ファイナルレース(C3),0.0,5.0,,nar,2026-07-28,65.43,83.2,57.6,75.1,54.5,59.0,45,履歴少 / 安定感
202630072805,2026-07-28,5,エイシンフィデース,4.0,4.0,藤田凌駕,53.0,1.0,3.0,6.0,門別,3歳以上C4ー3,,,,,,,,,,,,,,,,,1.4,1.0,,nar,2026-07-28,43.95,48.1,45.3,36.3,40.6,42.0,45,履歴少 / サンプル少
202646072805,2026-07-28,5,エイユーサブリナ,7.0,7.0,吉田晃浩,55.0,,2.0,3.0,金沢,楽天競馬で馬券を買お(C2),3.0,3.0,金沢,C14,4.0,2.0,金沢,楽天競馬で馬券を買お(C2),4.0,1.0,金沢,楽天競馬で馬券を買お(C2),2.0,1.0,金沢,C22,0.0,7.0,,nar,2026-07-28,64.3,84.5,45.6,100.0,57.5,45.0,45,履歴少 / 安定感
202630072805,2026-07-28,5,エンゲル,6.0,6.0,落合玄太,55.0,3.0,10.0,7.0,門別,3歳以上C4ー3,9.0,3.0,門別,浦臼町で新規就農しま(C4),8.0,6.0,門別,3歳以上C4ー3,9.0,7.0,門別,3歳以上C4ー3,10.0,11.0,門別,3歳以上C4ー3,6.7,4.0,,nar,2026-07-28,33.41,34.3,29.1,0.0,44.0,50.3,45,履歴少
202630072805,2026-07-28,5,オグリヨンセイ,2.0,2.0,宮内勇樹,57.0,7.0,7.0,7.0,門別,グランシャリオドリー(C4),8.0,11.0,門別,3歳以上C4ー3,10.0,10.0,門別,3歳以上C4ー3,10.0,7.0,門別,グランシャリオドリー(C4),5.0,8.0,門別,3歳以上C4ー3,52.7,6.0,,nar,2026-07-28,45.6,43.4,54.3,10.3,57.5,55.5,45,履歴少
202635072805,2026-07-28,5,オフクマメ,2.0,2.0,小林凌,54.0,5.0,11.0,9.0,盛岡,サファイア賞(重賞),5.0,3.0,水沢,3歳C1一組,3.0,2.0,盛岡,3歳C1一組,6.0,2.0,盛岡,3歳C1一組,1.0,1.0,水沢,3歳C2一組,60.5,6.0,,nar,2026-07-28,43.82,58.7,36.8,55.0,6.5,47.7,45,履歴少
202645072805,2026-07-28,5,カネトシライパー,4.0,4.0,菅原涼太,56.0,3.0,5.0,7.0,川崎,フラッシュ賞(3歳),9.0,7.0,川崎,ガスト賞(3歳),5.0,6.0,川崎,ゼフィール賞(3歳),9.0,8.0,川崎,アルコンスィエル賞(3歳),5.0,10.0,川崎,ウラガーノ賞(3歳),17.2,4.0,,nar,2026-07-28,56.99,55.4,54.7,60.5,62.0,65.4,45,履歴少 / 安定感 / 過小評価傾向 / 市場オッズ妙味
202645072805,2026-07-28,5,カムトゥゲザー,7.0,7.0,加藤雄真,52.0,5.0,6.0,6.0,川崎,3歳7,4.0,2.0,川崎,川崎デビュー新馬(3歳),,,,,,,,,,,,,2.7,2.0,,nar,2026-07-28,45.38,55.0,42.0,31.7,38.9,49.5,45,履歴少 / サンプル少
202630072805,2026-07-28,5,キタノシュナイダー,5.0,5.0,黒澤愛斗,55.0,9.0,10.0,9.0,門別,グランシャリオドリー(C4),12.0,11.0,門別,グランシャリオドリー(C4),12.0,8.0,門別,3歳以上C4ー3,11.0,10.0,門別,3歳以上C4ー3,11.0,9.0,門別,3歳以上C4ー3,170.3,7.0,,nar,2026-07-28,32.68,18.9,38.1,0.0,59.0,47.7,45,履歴少
202635072805,2026-07-28,5,キタノボストン,10.0,8.0,塚本涼人,56.0,7.0,3.0,2.0,盛岡,3歳C1二組,1.0,3.0,水沢,3歳C2二組,6.0,4.0,水沢,3歳C1二組,3.0,7.0,盛岡,3歳C1二組,2.0,2.0,水沢,3歳C1二組,13.1,4.0,,nar,2026-07-28,65.12,84.1,52.7,80.2,50.0,62.9,45,履歴少 / 安定感 / 市場オッズ妙味
202645072805,2026-07-28,5,キンパツ,5.0,5.0,田中涼,56.0,6.0,8.0,10.0,川崎,3歳8,11.0,9.0,川崎,ウラガーノ賞(3歳),10.0,6.0,川崎,ストーム賞(3歳),,,,,,,,,115.5,8.0,,nar,2026-07-28,38.57,31.8,43.7,0.0,65.0,49.2,45,履歴少 / 近走上向き
202635072805,2026-07-28,5,クリエ,5.0,5.0,阿部英俊,56.0,6.0,9.0,9.0,盛岡,3歳C1二組,6.0,11.0,盛岡,3歳C1二組,8.0,8.0,水沢,3歳C2一組,10.0,12.0,水沢,3歳B2三組,9.0,9.0,盛岡,3歳B2二組,210.5,8.0,,nar,2026-07-28,44.54,42.4,60.8,0.0,45.5,58.1,45,履歴少
202630072805,2026-07-28,5,クワイエットゼロ,9.0,8.0,小川悠汰,52.0,4.0,3.0,1.0,門別,グランシャリオドリー(C4),8.0,7.0,門別,3歳以上C4ー3,7.0,8.0,門別,推しウマ探せ!おひさ(C4),7.0,8.0,門別,3歳以上C4ー3,9.0,7.0,門別,3歳条件未勝利(未勝利),5.4,2.0,,nar,2026-07-28,52.35,58.1,45.0,30.4,78.5,55.2,45,履歴少 / 近走上向き
202648072805,2026-07-28,5,ケノファニース,4.0,4.0,丹羽克輝,55.0,7.0,9.0,11.0,名古屋,C11組,12.0,12.0,名古屋,C10組,3.0,7.0,名古屋,C14組,11.0,11.0,名古屋,C14組,9.0,11.0,名古屋,C23組,107.7,11.0,,nar,2026-07-28,46.01,37.2,61.2,19.8,48.5,58.7,45,履歴少
202645072805,2026-07-28,5,ケリーアローズ,6.0,6.0,池谷匠翔,54.0,2.0,9.0,9.0,川崎,2歳5,11.0,10.0,川崎,2歳4,10.0,5.0,川崎,花朝月夕賞(2歳),3.0,3.0,川崎,2歳6,5.0,2.0,川崎,未受賞(2歳),22.7,5.0,,nar,2026-07-28,40.1,40.7,39.2,24.9,39.5,50.5,45,履歴少 / 市場オッズ妙味
202648072805,2026-07-28,5,シラガゾメ,3.0,3.0,丸山真一,55.0,11.0,11.0,10.0,名古屋,なお、いつもありがと(C),10.0,11.0,名古屋,C11組,7.0,6.0,名古屋,C14組,7.0,8.0,名古屋,C15組,7.0,7.0,名古屋,C24組,412.2,12.0,,nar,2026-07-28,37.63,36.3,49.3,0.0,30.5,53.5,45,履歴少
202648072805,2026-07-28,5,シロイヤツ,1.0,1.0,尾崎章生,57.0,5.0,7.0,12.0,名古屋,C11組,10.0,12.0,名古屋,金シャチ最終戦(C),9.0,9.0,名古屋,C15組,9.0,8.0,名古屋,C24組,8.0,8.0,名古屋,C26組,87.4,9.0,,nar,2026-07-28,46.24,39.7,63.1,0.0,62.0,57.4,45,履歴少
202635072805,2026-07-28,5,スカルラッティ,7.0,7.0,高橋悠里,54.0,3.0,1.0,1.0,盛岡,3歳C2二組,2.0,1.0,水沢,3歳C2五組,2.0,3.0,水沢,3歳C2三組,12.0,13.0,1阪神2,3歳未勝利,14.0,13.0,2京都3,3歳新馬,6.6,3.0,,nar,2026-07-28,64.81,73.3,49.9,75.1,89.0,58.0,45,履歴少 / 近走上向き / 安定感
202648072805,2026-07-28,5,ストレンジャー,7.0,6.0,加藤利征,57.0,4.0,7.0,6.0,名古屋,C10組,7.0,1.0,名古屋,金シャチ最終戦(C),9.0,7.0,名古屋,C21組,7.0,5.0,名古屋,C22組,12.0,6.0,名古屋,C19組,7.6,4.0,,nar,2026-07-28,37.72,44.7,28.3,0.0,60.5,47.6,45,履歴少
202648072805,2026-07-28,5,タマモサウルス,12.0,8.0,小笠原羚,54.0,3.0,11.0,9.0,名古屋,C10組,8.0,7.0,名古屋,ゆうま4歳誕生日記念(C),7.0,12.0,名古屋,たつや&ともみ2周年(C),11.0,11.0,名古屋,C20組,11.0,9.0,名古屋,C22組,6.0,3.0,,nar,2026-07-28,38.23,32.3,49.5,0.0,39.5,57.6,45,履歴少
202646072805,2026-07-28,5,チョボナイノ,4.0,4.0,松戸政也,55.0,,3.0,6.0,金沢,C16,7.0,8.0,金沢,C16,7.0,6.0,金沢,C15,8.0,5.0,金沢,志帆ちゃんお誕生日お(C1),5.0,2.0,金沢,りつかちゃん誕生!パ(C1特別),0.0,4.0,,nar,2026-07-28,54.45,62.2,51.5,40.7,72.5,47.0,45,履歴少 / 近走上向き
202630072805,2026-07-28,5,トモニミルホープ,1.0,1.0,坂下秀樹,55.0,5.0,11.0,11.0,門別,3歳以上C4ー3,10.0,11.0,門別,推しウマ探せ!おひさ(C4),7.0,7.0,門別,3歳条件未勝利(未勝利),11.0,11.0,門別,3歳条件未勝利(未勝利),7.0,12.0,門別,3歳条件未勝利(未勝利),373.9,9.0,,nar,2026-07-28,39.06,31.6,55.4,0.0,36.5,57.4,45,履歴少
202648072805,2026-07-28,5,トリプルアイ,5.0,5.0,松本一心,55.0,8.0,12.0,12.0,名古屋,金シャチ最終戦777(C),9.0,9.0,名古屋,C11組,11.0,7.0,名古屋,金シャチ最終戦(C),10.0,8.0,名古屋,星香20代最後の第4(C),7.0,9.0,名古屋,蘭ちゃん1歳お誕生日(C),89.4,10.0,,nar,2026-07-28,33.46,26.0,43.9,0.0,33.5,50.9,45,履歴少
202648072805,2026-07-28,5,トレジャービート,9.0,7.0,塚本征吾,57.0,1.0,10.0,1.0,門別,グランシャリオドリー(C4),7.0,2.0,門別,3歳以上C4ー3,1.0,5.0,門別,3歳以上C4ー4,,,,,,,,,1.9,1.0,,nar,2026-07-28,34.65,54.9,20.2,19.8,14.0,41.9,45,履歴少
202645072805,2026-07-28,5,ノーサイドガール,1.0,1.0,佐野遥久,54.0,4.0,4.0,4.0,川崎,フラッシュ賞(3歳),7.0,3.0,川崎,ガスト賞(3歳),4.0,7.0,川崎,ウラガーノ賞(3歳),4.0,4.0,川崎,ストーム賞(3歳),6.0,5.0,川崎,しめ飾り賞(3歳),9.0,3.0,,nar,2026-07-28,57.59,68.4,46.4,64.7,57.5,58.1,45,履歴少 / 安定感
202635072805,2026-07-28,5,ピッタンヌンムル,1.0,1.0,山本聡紀,54.0,4.0,6.0,3.0,盛岡,3歳C1二組,3.0,3.0,盛岡,3歳C1二組,3.0,2.0,水沢,3歳C2二組,3.0,6.0,水沢,3歳C1二組,4.0,3.0,盛岡,3歳C1二組,53.9,5.0,,nar,2026-07-28,56.12,75.9,44.6,69.6,33.5,52.2,45,履歴少 / 安定感
202646072805,2026-07-28,5,ピナーカ,6.0,6.0,葛山晃平,57.0,,6.0,8.0,金沢,いのちゃん@36歳年(C1特別),5.0,6.0,金沢,孝明杯(C1),5.0,5.0,金沢,C15,4.0,5.0,金沢,まめちゃんぴよぴよ記(C1),4.0,5.0,金沢,りつかちゃん誕生!パ(C1特別),0.0,6.0,,nar,2026-07-28,58.25,67.6,57.7,69.6,41.0,55.0,45,履歴少 / 安定感
202646072805,2026-07-28,5,フォーユーランラン,9.0,8.0,青柳正義,55.0,,7.0,8.0,金沢,ホップステップぴんみ(C1),6.0,8.0,金沢,愛☆日本一のウマ男祝(C1特別),8.0,8.0,金沢,C14,8.0,8.0,金沢,C13,8.0,8.0,金沢,母の日特別(C1),0.0,9.0,,nar,2026-07-28,45.75,50.4,55.6,0.0,53.0,53.0,45,履歴少
202635072805,2026-07-28,5,ブブチャンプ,8.0,7.0,鈴木祐,54.0,10.0,10.0,4.0,盛岡,3歳B2三組,7.0,3.0,水沢,3歳B2三組,6.0,4.0,水沢,3歳B2二組,2.0,4.0,水沢,2歳,10.0,6.0,水沢,2歳,292.8,9.0,,nar,2026-07-28,36.06,49.6,26.6,14.6,27.5,44.4,45,履歴少
202630072805,2026-07-28,5,ブルーポピー,8.0,8.0,吉本隆記,57.0,8.0,9.0,9.0,門別,3歳以上C4ー3,11.0,11.0,門別,3歳以上C4ー3,9.0,12.0,門別,推しウマ探せ!おひさ(C4),10.0,9.0,門別,3歳以上C4ー3,8.0,11.0,門別,グランシャリオドリー(C4),293.8,8.0,,nar,2026-07-28,40.94,31.7,55.3,0.0,53.0,56.8,45,履歴少
202646072805,2026-07-28,5,プライムライン,1.0,1.0,兼子千央,57.0,,5.0,4.0,金沢,ホップステップぴんみ(C1),11.0,3.0,金沢,C12,2.0,3.0,金沢,C17,4.0,1.0,金沢,C16,6.0,3.0,金沢,矢島&鈴木家★結婚記(C1),0.0,1.0,,nar,2026-07-28,48.18,61.1,30.1,64.7,54.5,36.0,45,履歴少 / 安定感
202646072805,2026-07-28,5,プレストバローズ,3.0,3.0,中島龍也,57.0,,8.0,3.0,金沢,C14,8.0,8.0,金沢,C12,1.0,8.0,金沢,幻のいちじく黒蜜姫杯(C2),5.0,7.0,金沢,来週は百万石祭にいき(C2),8.0,9.0,金沢,久保&ゆりぽん結婚バ(C2),0.0,3.0,,nar,2026-07-28,49.35,58.6,51.8,34.3,35.0,55.0,45,履歴少
202635072805,2026-07-28,5,ボグラーモデル,9.0,8.0,井上瑛太,56.0,8.0,7.0,8.0,盛岡,3歳C1二組,8.0,8.0,盛岡,3歳C1一組,9.0,7.0,水沢,3歳C1二組,12.0,4.0,水沢,3歳B2三組,7.0,1.0,盛岡,3歳B2二組,147.7,7.0,,nar,2026-07-28,38.39,41.0,36.9,0.0,62.0,43.8,45,履歴少
202645072805,2026-07-28,5,ボルドーアヴニール,8.0,8.0,中越琉世,54.0,8.0,10.0,6.0,川崎,破魔矢賞(3歳),,,,,,,,,,,,,,,,,88.2,6.0,,nar,2026-07-28,36.31,35.8,34.5,29.6,40.6,36.2,45,履歴少 / サンプル少
202648072805,2026-07-28,5,マッサーノ,11.0,8.0,大畑慧悟,55.0,2.0,5.0,6.0,名古屋,なお、いつもありがと(C),7.0,12.0,名古屋,金シャチ最終戦(C),9.0,10.0,名古屋,ゆうま4歳誕生日記念(C),6.0,7.0,名古屋,C14組,8.0,10.0,名古屋,星香20代最後の第4(C),10.3,5.0,,nar,2026-07-28,55.91,54.0,64.7,30.4,65.0,66.4,45,履歴少 / 近走上向き / 過小評価傾向
202648072805,2026-07-28,5,マリーラークスパー,10.0,7.0,細川智史,55.0,9.0,9.0,6.0,大井,C3九,6.0,10.0,大井,C3九,8.0,16.0,大井,C3八　九,,,大井,C3八　九,6.0,9.0,大井,C3十,4.4,2.0,,nar,2026-07-28,47.33,47.8,66.2,0.0,36.0,66.1,45,履歴少 / 人気以上に走る傾向 / 過小評価傾向
202635072805,2026-07-28,5,ムルーデ,4.0,4.0,山本政聡,54.0,1.0,2.0,2.0,盛岡,3歳C1三組,1.0,1.0,水沢,3歳C2四組,7.0,9.0,2東京7,3歳未勝利,6.0,8.0,1中京3,3歳未勝利,7.0,18.0,5中京1,2歳未勝利,3.1,2.0,,nar,2026-07-28,65.22,77.3,62.8,55.3,69.5,64.6,45,履歴少 / 近走上向き
202646072805,2026-07-28,5,メイショウメイボク,2.0,2.0,魚住謙心,55.0,,10.0,9.0,金沢,ホップステップぴんみ(C1),10.0,5.0,金沢,愛☆日本一のウマ男祝(C1特別),11.0,8.0,金沢,孝明杯(C1),7.0,6.0,金沢,カポ峯生誕記念(C1),7.0,6.0,金沢,メーデー特別(C1),0.0,2.0,,nar,2026-07-28,32.11,32.4,33.3,0.0,42.5,39.0,45,履歴少
202645072805,2026-07-28,5,メロウアイズテオ,3.0,3.0,本田紀忠,56.0,7.0,7.0,8.0,川崎,フラッシュ賞(3歳),8.0,9.0,川崎,ガスト賞(3歳),6.0,7.0,川崎,ゼフィール賞(3歳),10.0,10.0,川崎,アルコンスィエル賞(3歳),6.0,8.0,川崎,ウラガーノ賞(3歳),91.6,7.0,,nar,2026-07-28,46.11,48.9,56.7,0.0,53.0,56.8,45,履歴少
202635072805,2026-07-28,5,モウレツ,6.0,6.0,高松亮,56.0,2.0,1.0,3.0,盛岡,3歳C2五組,12.0,15.0,3東京1,3歳未勝利,15.0,15.0,1中山8,3歳未勝利,11.0,14.0,1中山4,3歳新馬,,,,,1.5,1.0,,nar,2026-07-28,55.0,40.5,64.0,30.4,100.0,58.2,45,履歴少 / 近走上向き
202648072805,2026-07-28,5,ヤマサークル,2.0,2.0,大原浩司,55.0,12.0,8.0,9.0,名古屋,なお、いつもありがと(C),4.0,4.0,名古屋,C14組,12.0,7.0,名古屋,金シャチ最終戦(C),6.0,10.0,名古屋,C23組,4.0,3.0,名古屋,C26組,75.8,8.0,,nar,2026-07-28,47.07,51.3,48.6,35.3,41.0,52.9,45,履歴少
202645072805,2026-07-28,5,ヤマザキシキブ,2.0,2.0,新原周馬,54.0,1.0,2.0,1.0,川崎,フラッシュ賞(3歳),,,,,,,,,,,,,,,,,1.5,1.0,,nar,2026-07-28,42.62,49.9,39.1,36.3,40.6,39.5,45,履歴少 / サンプル少
202648072805,2026-07-28,5,ユイノチョウシンキ,6.0,5.0,大畑雅章,57.0,6.0,7.0,4.0,名古屋,なお、いつもありがと(C),4.0,11.0,名古屋,金シャチ最終戦(C),8.0,5.0,名古屋,C15組,7.0,9.0,名古屋,C23組,9.0,8.0,名古屋,C25組,16.1,6.0,,nar,2026-07-28,50.38,54.7,53.0,24.9,50.0,63.1,45,履歴少 / 市場オッズ妙味
202630072805,2026-07-28,5,ライズタワー,3.0,3.0,井上俊彦,55.0,6.0,,,門別,グランシャリオドリー(C4),6.0,10.0,門別,3歳以上C4ー3,8.0,9.0,門別,渓流の女王ヤマベ賞(C4),11.0,10.0,門別,3歳以上C4ー3,11.0,12.0,門別,3歳以上C4ー3,31.8,5.0,,nar,2026-07-28,48.13,41.1,61.6,0.0,74.0,60.4,45,履歴少 / 近走上向き / 市場オッズ妙味
202630072805,2026-07-28,5,ライプトラオム,7.0,7.0,服部茂史,57.0,2.0,5.0,7.0,門別,3歳以上C4ー3,4.0,5.0,門別,3歳以上C4ー3,4.0,5.0,門別,日高沙流川オートキャ(C4),5.0,5.0,門別,3歳以上C4ー3,9.0,5.0,門別,3歳以上C4ー3,5.7,3.0,,nar,2026-07-28,61.85,68.3,54.5,89.7,53.0,57.4,45,履歴少 / 安定感
202635072805,2026-07-28,5,ラヴレインブーケ,3.0,3.0,大坪慎,54.0,9.0,8.0,7.0,盛岡,3歳C1二組,7.0,9.0,盛岡,3歳C1一組,2.0,9.0,水沢,3歳C2一組,5.0,10.0,盛岡,3歳B2二組,8.0,11.0,盛岡,3歳B2三組,322.1,10.0,,nar,2026-07-28,54.68,59.0,68.3,34.3,35.0,63.9,45,履歴少 / 人気以上に走る傾向
202648072805,2026-07-28,5,レディマジェスティ,8.0,6.0,今井貴大,55.0,10.0,12.0,10.0,名古屋,金シャチ最終戦(C),6.0,5.0,名古屋,C14組,9.0,10.0,名古屋,金シャチ最終戦(C),10.0,2.0,名古屋,C23組,5.0,10.0,名古屋,C25組,58.7,7.0,,nar,2026-07-28,35.65,36.8,40.8,10.3,23.0,50.2,45,履歴少
202635072806,2026-07-28,6,アイビーキラリ,11.0,8.0,鈴木祐,54.0,10.0,2.0,2.0,盛岡,3歳C1二組,3.0,1.0,水沢,3歳C2一組,2.0,2.0,水沢,3歳C1一組,2.0,2.0,盛岡,3歳C1二組,1.0,1.0,盛岡,3歳C2三組,7.3,3.0,,nar,2026-07-28,67.1,90.8,46.5,100.0,50.0,57.2,45,履歴少 / 安定感
202630072806,2026-07-28,6,アンクルチャーリー,9.0,7.0,岩橋勇二,55.0,8.0,11.0,11.0,門別,2歳未勝利(未勝利),9.0,7.0,門別,日高町の地酒「縁」と(未勝利)(2歳),9.0,4.0,門別,JRA認定競走フレッ(新馬)(2歳),,,,,,,,,564.4,12.0,,nar,2026-07-28,32.43,29.5,36.1,0.0,38.0,45.9,45,履歴少
202630072806,2026-07-28,6,イイヒタビダチ,7.0,6.0,藤田凌駕,53.0,6.0,8.0,10.0,門別,2歳未勝利(未勝利),6.0,9.0,門別,JRA認定競走フレッ(新馬)(2歳),,,,,,,,,,,,,124.9,9.0,,nar,2026-07-28,45.14,46.2,54.9,18.0,38.9,55.0,45,履歴少 / サンプル少
202646072806,2026-07-28,6,インヴァリアンス,10.0,8.0,栗原大河,57.0,1.0,1.0,1.0,金沢,C25,12.0,11.0,園田,大阪発刊45周年記念(A1A2),5.0,8.0,園田,青葉特別A1,3.0,7.0,園田,穀雨特別A1A2,7.0,8.0,園田,ひめたんお誕生日記念(A1A2),1.6,1.0,,nar,2026-07-28,62.1,64.4,57.2,64.7,84.5,56.6,45,履歴少 / 近走上向き / 安定感
202646072806,2026-07-28,6,イーベンホルツ,7.0,6.0,平瀬城久,57.0,8.0,5.0,9.0,金沢,C14,5.0,6.0,金沢,いのちゃん@36歳年(C1特別),4.0,9.0,金沢,孝明杯(C1),6.0,7.0,金沢,C15,6.0,7.0,金沢,志帆ちゃんお誕生日お(C1),76.3,8.0,,nar,2026-07-28,63.73,67.6,68.9,75.1,51.5,61.3,45,履歴少 / 人気以上に走る傾向 / 安定感
202635072806,2026-07-28,6,ウチュウノハナ,2.0,2.0,南郷家全,54.0,11.0,6.0,1.0,盛岡,3歳C1一組,2.0,5.0,盛岡,3歳C1一組,5.0,4.0,水沢,3歳C2一組,11.0,2.0,水沢,3歳B2三組,1.0,1.0,盛岡,3歳C1二組,51.3,8.0,,nar,2026-07-28,49.76,67.9,34.0,55.0,42.5,45.7,45,履歴少
202648072806,2026-07-28,6,オルトジュピター,12.0,8.0,渡辺竜也,55.0,3.0,7.0,5.0,名古屋,金シャチ最終戦777(C),3.0,5.0,名古屋,C11組,10.0,6.0,名古屋,C14組,9.0,10.0,名古屋,C22組,10.0,10.0,名古屋,C24組,6.5,3.0,,nar,2026-07-28,46.9,50.4,44.7,24.9,56.0,56.0,45,履歴少
202645072806,2026-07-28,6,カナールレイナ,9.0,8.0,伊藤裕人,54.0,6.0,8.0,8.0,川崎,ジュライフラワー賞(3歳C1),5.0,7.0,川崎,ジューンフラワー賞(3歳),5.0,8.0,川崎,メイフラワー賞(3歳),4.0,6.0,川崎,鳥語花香賞(3歳),2.0,5.0,川崎,雲雀賞(3歳),17.8,7.0,,nar,2026-07-28,58.46,64.4,61.9,69.6,26.0,68.8,45,履歴少 / 安定感 / 過小評価傾向 / 市場オッズ妙味
202648072806,2026-07-28,6,ガムピーリング,8.0,6.0,山田祥雄,57.0,4.0,5.0,7.0,名古屋,C11組,5.0,7.0,名古屋,金シャチ最終戦(C),4.0,8.0,名古屋,ゆうま4歳誕生日記念(C),4.0,8.0,名古屋,C14組,4.0,7.0,名古屋,C23組,27.4,9.0,,nar,2026-07-28,67.94,71.6,69.5,100.0,45.5,66.0,45,履歴少 / 人気以上に走る傾向 / 安定感 / 過小評価傾向
202635072806,2026-07-28,6,キララアリエス,7.0,6.0,坂井瑛音,53.0,7.0,4.0,5.0,盛岡,3歳C1二組,4.0,7.0,盛岡,3歳C1二組,4.0,10.0,水沢,3歳C2一組,8.0,8.0,盛岡,3歳B2二組,6.0,10.0,盛岡,3歳B2三組,52.7,9.0,,nar,2026-07-28,65.32,69.7,68.6,75.1,59.0,62.6,45,履歴少 / 人気以上に走る傾向 / 安定感
202635072806,2026-07-28,6,クラージュクリール,8.0,7.0,木間塚龍,56.0,6.0,5.0,5.0,盛岡,3歳C1一組,4.0,10.0,盛岡,3歳C1一組,6.0,9.0,水沢,3歳C1二組,9.0,9.0,水沢,3歳B2三組,6.0,4.0,盛岡,3歳B2二組,87.5,11.0,,nar,2026-07-28,58.94,62.9,63.2,55.3,57.5,58.1,45,履歴少
202646072806,2026-07-28,6,グッドラックスター,2.0,2.0,葛山晃平,55.0,5.0,6.0,6.0,金沢,C14,7.0,9.0,金沢,白山手取川ジオパーク(C1),4.0,6.0,金沢,C14,4.0,4.0,金沢,志帆ちゃんお誕生日お(C1),5.0,3.0,金沢,C13,57.5,7.0,,nar,2026-07-28,53.98,64.3,54.8,44.7,44.0,54.8,45,履歴少
202648072806,2026-07-28,6,グルーヴィデザイン,1.0,1.0,加藤聡一,55.0,1.0,6.0,1.0,名古屋,C20組,10.0,1.0,名古屋,C17組,,,名古屋,C18組,2.0,1.0,名古屋,C22組,1.0,1.0,名古屋,C27組,2.2,1.0,,nar,2026-07-28,38.96,61.0,15.9,24.9,40.0,41.2,45,履歴少
202648072806,2026-07-28,6,サンコルテス,4.0,4.0,丸山真一,55.0,11.0,4.0,6.0,名古屋,金シャチ最終戦777(C),8.0,12.0,名古屋,C8組,9.0,9.0,名古屋,C9組,9.0,9.0,名古屋,C10組,9.0,10.0,名古屋,C14組,9.9,5.0,,nar,2026-07-28,55.48,50.2,62.0,30.4,78.5,64.3,45,履歴少 / 近走上向き
202648072806,2026-07-28,6,サーストンユタ,3.0,3.0,大畑雅章,57.0,8.0,8.0,11.0,名古屋,C9組,11.0,10.0,名古屋,C9組,10.0,12.0,名古屋,C10組,9.0,9.0,名古屋,C15組,7.0,9.0,名古屋,C16組,32.8,11.0,,nar,2026-07-28,43.62,34.5,58.9,0.0,57.5,60.2,45,履歴少 / 市場オッズ妙味
202630072806,2026-07-28,6,シリントーン,5.0,5.0,近藤翔月,54.0,5.0,5.0,7.0,門別,JRA認定競走アタッ(未勝利)(2歳),5.0,4.0,門別,JRA認定競走アタッ(未勝利)(2歳),1.0,3.0,門別,2歳未勝利(未勝利),4.0,8.0,門別,JRA認定競走フレッ(新馬)(2歳),,,,,13.8,5.0,,nar,2026-07-28,65.3,76.4,60.4,89.7,40.0,66.9,45,履歴少 / 安定感 / 過小評価傾向 / 市場オッズ妙味
202646072806,2026-07-28,6,スマイルクオーツ,9.0,7.0,中島龍也,55.0,2.0,2.0,5.0,金沢,C16,4.0,5.0,金沢,いのちゃん@36歳年(C1特別),4.0,5.0,金沢,C17,7.0,5.0,金沢,C17,5.0,7.0,金沢,C16,19.0,3.0,,nar,2026-07-28,67.65,76.5,58.9,85.4,68.0,65.5,45,履歴少 / 近走上向き / 安定感 / 過小評価傾向
202630072806,2026-07-28,6,スマートウェイン,12.0,8.0,服部茂史,55.0,4.0,1.0,1.0,門別,2歳未勝利(未勝利),3.0,3.0,門別,2歳未勝利(未勝利),9.0,8.0,門別,JRA認定競走アタッ(未勝利)(2歳),2.0,5.0,門別,JRA認定競走アタッ(未勝利)(2歳),5.0,5.0,門別,JRA認定競走アタッ(未勝利)(2歳),10.1,4.0,,nar,2026-07-28,65.88,78.9,51.7,80.2,72.5,61.1,45,履歴少 / 近走上向き / 安定感
202645072806,2026-07-28,6,ソウモウクッキ,7.0,7.0,笹川翼,56.0,9.0,2.0,3.0,川崎,赤翡翠賞(3歳),2.0,8.0,川崎,小千鳥賞(3歳),4.0,8.0,浦和,3歳三,8.0,6.0,川崎,ブリーズ賞(3歳),8.0,7.0,浦和,ツインゴールド特別(3歳),5.0,3.0,,nar,2026-07-28,67.93,76.9,65.4,75.1,71.0,62.0,45,履歴少 / 人気以上に走る傾向 / 近走上向き / 安定感
202630072806,2026-07-28,6,タケノクイーン,3.0,3.0,小川悠汰,52.0,7.0,7.0,11.0,門別,2歳未勝利(未勝利),12.0,10.0,門別,JRA認定競走フレッ(新馬)(2歳),,,,,,,,,,,,,289.7,11.0,,nar,2026-07-28,43.82,36.7,50.5,18.0,62.0,52.4,45,履歴少 / サンプル少
202645072806,2026-07-28,6,タツノスペシャル,1.0,1.0,佐野遥久,56.0,2.0,2.0,1.0,川崎,珠鷸賞(3歳),8.0,4.0,川崎,三光鳥賞(3歳),4.0,3.0,川崎,アウラー賞(3歳),4.0,4.0,川崎,黄連雀賞(3歳),4.0,7.0,川崎,雲雀賞(3歳),8.1,4.0,,nar,2026-07-28,60.05,72.9,41.7,75.1,68.0,57.0,45,履歴少 / 近走上向き / 安定感
202630072806,2026-07-28,6,チャイロサマー,11.0,8.0,松井伸也,55.0,10.0,7.0,9.0,門別,2歳牝馬未勝利(未勝利),7.0,5.0,門別,2歳未勝利(未勝利),6.0,8.0,門別,JRA認定競走フレッ(新馬)(2歳),,,,,,,,,264.0,10.0,,nar,2026-07-28,46.21,54.1,54.7,0.0,47.0,55.7,45,履歴少
202645072806,2026-07-28,6,デルニエエリオント,6.0,6.0,池谷匠翔,56.0,4.0,9.0,5.0,川崎,エメラルドフラワー賞(3歳),1.0,1.0,川崎,3歳6,1.0,1.0,川崎,3歳11,,,,,,,,,14.3,6.0,,nar,2026-07-28,48.1,74.1,38.7,44.7,2.0,57.0,45,履歴少 / 市場オッズ妙味
202635072806,2026-07-28,6,ナダッコ,9.0,7.0,菅原辰徳,56.0,3.0,3.0,3.0,盛岡,3歳C1一組,8.0,4.0,水沢,3歳C1二組,4.0,1.0,水沢,3歳B2三組,4.0,5.0,名古屋,メイドリーム戦(3歳),7.0,5.0,名古屋,春爛漫特別(3歳),12.1,5.0,,nar,2026-07-28,56.27,68.0,38.4,64.7,66.5,55.4,45,履歴少 / 近走上向き / 安定感 / 市場オッズ妙味
202648072806,2026-07-28,6,ナムラアダム,6.0,5.0,柿原翔,57.0,9.0,12.0,12.0,名古屋,C11組,9.0,9.0,名古屋,金シャチ最終戦(C),10.0,12.0,名古屋,C12組,8.0,10.0,名古屋,C18組,11.0,12.0,名古屋,C18組,213.7,12.0,,nar,2026-07-28,37.43,26.6,55.5,0.0,35.0,56.8,45,履歴少
202635072806,2026-07-28,6,ニケフェリーチェ,4.0,4.0,高松亮,54.0,2.0,1.0,3.0,盛岡,3歳C1三組,2.0,1.0,水沢,3歳C2二組,1.0,1.0,水沢,3歳C2二組,5.0,4.0,盛岡,3歳C2三組,13.0,15.0,3中山4,3歳未勝利,2.0,1.0,,nar,2026-07-28,67.98,83.4,52.9,89.7,75.5,54.3,45,履歴少 / 近走上向き / 安定感
202646072806,2026-07-28,6,ネモフィラ,6.0,6.0,松戸政也,55.0,9.0,1.0,1.0,金沢,C22,2.0,5.0,金沢,C24,4.0,9.0,金沢,スマホで投票!楽天競(C2),7.0,7.0,金沢,C24,3.0,7.0,金沢,えまちゃんが平井にな(C2),50.3,6.0,,nar,2026-07-28,70.79,84.6,65.0,85.4,68.0,61.3,45,履歴少 / 人気以上に走る傾向 / 近走上向き / 安定感
202630072806,2026-07-28,6,ハクアイボヌール,10.0,7.0,阿部龍,55.0,12.0,5.0,5.0,門別,JRA認定競走アタッ(未勝利)(2歳),7.0,7.0,門別,JRA認定競走アタッ(未勝利)(2歳),7.0,7.0,門別,JRA認定競走フレッ(新馬)(2歳),,,,,,,,,89.2,8.0,,nar,2026-07-28,51.45,58.5,50.0,30.4,62.0,53.5,45,履歴少
202648072806,2026-07-28,6,バレドラパン,10.0,7.0,細川智史,55.0,5.0,3.0,4.0,名古屋,C11組,8.0,1.0,名古屋,金シャチ最終戦(C),4.0,5.0,名古屋,C12組,6.0,10.0,名古屋,たつや&ともみ2周年(C),5.0,9.0,名古屋,C20組,6.0,2.0,,nar,2026-07-28,58.51,67.3,48.3,60.5,66.5,59.6,45,履歴少 / 近走上向き / 安定感
202648072806,2026-07-28,6,パウダースノウ,5.0,5.0,小笠原羚,52.0,2.0,10.0,11.0,名古屋,C10組,11.0,12.0,名古屋,金シャチ最終戦777(C),9.0,6.0,名古屋,C10組,4.0,9.0,名古屋,C11組,10.0,10.0,名古屋,C17組,11.3,6.0,,nar,2026-07-28,42.82,34.6,54.8,14.6,41.0,62.9,45,履歴少
202645072806,2026-07-28,6,ヒロキ,3.0,3.0,新原周馬,56.0,3.0,1.0,3.0,川崎,燕賞(3歳),7.0,1.0,川崎,郭公賞(3歳),1.0,2.0,浦和,3歳七,2.0,2.0,川崎,スパーキングデビュー(2歳),,,,,2.3,1.0,,nar,2026-07-28,61.71,85.4,44.6,64.7,64.0,51.1,45,履歴少 / 安定感
202630072806,2026-07-28,6,ピタゴラ,4.0,4.0,桑村真明,55.0,9.0,1.0,2.0,門別,2歳未勝利(未勝利),5.0,4.0,門別,2歳未勝利(未勝利),5.0,6.0,門別,2歳未勝利(未勝利),6.0,2.0,門別,JRA認定競走フレッ(新馬)(2歳),,,,,18.2,7.0,,nar,2026-07-28,64.09,77.5,47.4,75.1,76.0,59.8,45,履歴少 / 近走上向き / 安定感 / 市場オッズ妙味
202646072806,2026-07-28,6,ファーストフラワー,5.0,5.0,青柳正義,55.0,3.0,1.0,1.0,金沢,小川雅士さんお誕生日(C2),1.0,1.0,金沢,道嵩くん華奈ちゃん結(C2),1.0,1.0,金沢,第1回江崎記念(C2),11.0,9.0,大井,C2七　八九(C2八),10.0,9.0,大井,C2七　八九(C2八),2.2,2.0,,nar,2026-07-28,64.11,80.9,47.2,75.1,78.5,51.4,45,履歴少 / 近走上向き / 安定感
202646072806,2026-07-28,6,ブザービート,4.0,4.0,服部大地,57.0,10.0,10.0,9.0,金沢,C13,6.0,7.0,金沢,ダッシュダッシュいの(C1特別),9.0,10.0,金沢,C13,7.0,7.0,金沢,裕紀くん!寛太くん!(C1),4.0,7.0,金沢,母の日特別(C1),334.5,11.0,,nar,2026-07-28,42.72,46.0,53.2,10.3,29.0,56.1,45,履歴少
202646072806,2026-07-28,6,ブラックサウザー,11.0,8.0,吉田晃浩,57.0,11.0,8.0,8.0,園田,DASH観音寺特別A(A2B1),12.0,11.0,園田,アサヒスーパードライ(A1A2),9.0,9.0,園田,新茶特別A2,7.0,7.0,園田,A2B1,12.0,11.0,園田,若草特別A2B1,21.2,4.0,,nar,2026-07-28,40.09,32.3,47.5,0.0,62.0,55.0,45,履歴少 / 市場オッズ妙味
202648072806,2026-07-28,6,ブリッジジェイアイ,11.0,8.0,木之前葵,53.0,6.0,7.0,9.0,園田,C3三,10.0,9.0,園田,C3三,7.0,8.0,園田,C3三,5.0,9.0,園田,C3三,4.0,6.0,園田,C3四,26.0,8.0,,nar,2026-07-28,50.24,50.8,59.4,24.9,47.0,61.5,45,履歴少 / 市場オッズ妙味
202646072806,2026-07-28,6,ブレードダンシング,8.0,7.0,浅野登生,54.0,7.0,1.0,4.0,金沢,C24,6.0,5.0,金沢,小川雅士さんお誕生日(C2),4.0,4.0,金沢,幻のいちじく黒蜜姫杯(C2),3.0,5.0,金沢,スマホで投票!楽天競(C2),1.0,3.0,金沢,C29,42.5,5.0,,nar,2026-07-28,66.91,83.0,58.1,75.1,65.0,60.2,45,履歴少 / 近走上向き / 安定感 / 市場オッズ妙味
202646072806,2026-07-28,6,ベストイズアスク,3.0,3.0,兼子千央,55.0,4.0,9.0,10.0,金沢,C14,7.0,11.0,金沢,いのちゃん@36歳年(C1特別),7.0,9.0,金沢,C13,4.0,5.0,金沢,カポ峯生誕記念(C1),3.0,8.0,金沢,C14,257.5,10.0,,nar,2026-07-28,50.53,53.9,66.5,24.9,27.5,62.0,45,履歴少 / 人気以上に走る傾向
202630072806,2026-07-28,6,マインドエンジェル,6.0,5.0,小野楓馬,55.0,3.0,1.0,1.0,門別,2歳未勝利(未勝利),4.0,2.0,門別,JRA認定競走アタッ(未勝利)(2歳),2.0,5.0,門別,JRA認定競走フレッ(新馬)(2歳),,,,,,,,,3.2,2.0,,nar,2026-07-28,66.18,89.9,50.9,75.1,62.0,56.0,45,履歴少 / 安定感
202645072806,2026-07-28,6,マダムウィンディ,2.0,2.0,野畑凌,54.0,7.0,1.0,7.0,川崎,ランポ賞(3歳),7.0,3.0,川崎,3歳5,8.0,5.0,川崎,鶴鷸賞(3歳),6.0,3.0,川崎,ジングルベル賞(2歳),1.0,2.0,川崎,2歳6,13.0,5.0,,nar,2026-07-28,58.63,71.1,49.3,40.7,77.0,59.0,45,履歴少 / 近走上向き / 市場オッズ妙味
202630072806,2026-07-28,6,ミスターキレット,2.0,2.0,石川倭,55.0,2.0,1.0,1.0,門別,2歳未勝利(未勝利),2.0,2.0,門別,2歳未勝利(未勝利),6.0,2.0,門別,JRA認定競走フレッ(新馬)(2歳),,,,,,,,,4.9,3.0,,nar,2026-07-28,61.18,86.8,42.6,55.3,68.0,52.4,45,履歴少 / 近走上向き
202645072806,2026-07-28,6,ミスターベラミー,8.0,8.0,櫻井光輔,56.0,5.0,7.0,6.0,川崎,赤翡翠賞(3歳),5.0,7.0,川崎,三光鳥賞(3歳),1.0,5.0,川崎,3歳5,4.0,5.0,川崎,アルコンスィエル賞(3歳),2.0,2.0,浦和,3歳六,73.4,8.0,,nar,2026-07-28,58.38,73.1,57.9,69.6,26.0,57.4,45,履歴少 / 安定感
202648072806,2026-07-28,6,メイショウパンゲア,2.0,2.0,加藤誓二,55.0,12.0,11.0,10.0,名古屋,C9組,11.0,10.0,名古屋,C10組,8.0,10.0,名古屋,C11組,11.0,10.0,名古屋,C16組,3.0,11.0,名古屋,もちゃ5歳だねくぃー(C),32.5,10.0,,nar,2026-07-28,39.94,31.4,53.7,10.3,33.5,60.9,45,履歴少 / 市場オッズ妙味
202648072806,2026-07-28,6,メイショウミスイチ,9.0,7.0,今井貴大,55.0,7.0,8.0,6.0,名古屋,C11組,9.0,5.0,名古屋,金シャチ最終戦(C),6.0,3.0,名古屋,C12組,7.0,10.0,名古屋,C12組,7.0,8.0,名古屋,C19組,9.8,4.0,,nar,2026-07-28,40.29,47.2,38.4,0.0,45.5,56.5,45,履歴少
202635072806,2026-07-28,6,メロウアンバー,6.0,6.0,佐々木志,56.0,4.0,10.0,3.0,盛岡,3歳B2二組,3.0,2.0,水沢,3歳C1二組,2.0,2.0,盛岡,3歳B2二組,1.0,1.0,水沢,3歳C1一組,1.0,1.0,水沢,3歳C2二組,34.4,6.0,,nar,2026-07-28,48.39,72.5,33.4,69.6,0.5,51.1,45,履歴少 / 安定感 / 市場オッズ妙味
202648072806,2026-07-28,6,ヤタガラスマヒナ,7.0,6.0,加藤利征,57.0,10.0,12.0,5.0,名古屋,C20組,5.0,8.0,名古屋,C22組,4.0,8.0,名古屋,鶴寿賞(C),6.0,12.0,名古屋,昨日はカナの誕生日!(C),10.0,12.0,名古屋,大入川特別(C),16.3,7.0,,nar,2026-07-28,47.17,47.3,53.4,44.7,15.5,67.1,45,履歴少 / 過小評価傾向 / 市場オッズ妙味
202635072806,2026-07-28,6,ヤマショウセブン,1.0,1.0,山本聡紀,54.0,8.0,3.0,3.0,盛岡,3歳C1一組,5.0,6.0,盛岡,3歳C1一組,7.0,6.0,水沢,3歳C1二組,8.0,8.0,水沢,3歳B2三組,7.0,5.0,盛岡,3歳B2二組,39.3,7.0,,nar,2026-07-28,57.35,64.5,48.9,55.3,72.5,55.0,45,履歴少 / 近走上向き / 市場オッズ妙味
202635072806,2026-07-28,6,ヤマチョウミニヨン,3.0,3.0,岩本怜,54.0,5.0,8.0,5.0,盛岡,3歳B2二組,7.0,4.0,盛岡,ファインエステート賞(3歳B2),3.0,8.0,水沢,3歳C1一組,6.0,9.0,水沢,3歳B2二組,9.0,7.0,盛岡,3歳B2一組,54.0,10.0,,nar,2026-07-28,45.87,55.4,46.9,19.8,39.5,53.5,45,履歴少
202646072806,2026-07-28,6,リアンジュ,1.0,1.0,柴田勇真,57.0,6.0,7.0,5.0,金沢,C14,11.0,10.0,金沢,白山手取川ジオパーク(C1),2.0,3.0,金沢,孝明杯(C1),4.0,4.0,金沢,秀明くん生まれてきて(C1),5.0,3.0,金沢,C14,94.7,9.0,,nar,2026-07-28,48.44,57.1,43.9,44.7,41.0,50.9,45,履歴少
202645072806,2026-07-28,6,リッキーズラック,5.0,5.0,和田譲治,56.0,1.0,5.0,4.0,大井,はくたか特別競走(2歳),1.0,2.0,川崎,オオカマキリ賞(2歳),6.0,6.0,船橋,チバテレ盃(OP)(2歳),,,川崎,若武者(重賞),2.0,1.0,川崎,ギンヤンマ賞(2歳),3.4,2.0,,nar,2026-07-28,58.19,78.4,48.7,65.7,38.0,54.4,45,履歴少 / 安定感
202635072806,2026-07-28,6,リトゥリア,5.0,5.0,山本聡哉,54.0,1.0,2.0,1.0,盛岡,3歳C1二組,11.0,11.0,3阪神3,3歳未勝利,9.0,10.0,2阪神5,3歳未勝利,6.0,3.0,1中京5,3歳未勝利,14.0,11.0,1京都3,3歳未勝利,3.0,2.0,,nar,2026-07-28,51.25,48.8,44.0,30.4,98.0,50.8,45,履歴少 / 近走上向き
202635072806,2026-07-28,6,リュウノソウル,10.0,8.0,塚本涼人,56.0,9.0,5.0,8.0,盛岡,3歳B2二組,6.0,5.0,盛岡,ファインエステート賞(3歳B2),4.0,4.0,水沢,3歳C1一組,3.0,6.0,水沢,3歳B2二組,6.0,5.0,盛岡,3歳B2一組,11.4,4.0,,nar,2026-07-28,59.92,69.1,57.0,64.7,48.5,63.0,45,履歴少 / 安定感
202630072806,2026-07-28,6,リュウノマッスル,8.0,6.0,宮内勇樹,55.0,11.0,6.0,2.0,門別,JRA認定競走アタッ(未勝利)(2歳),1.0,1.0,門別,2歳未勝利(未勝利),2.0,2.0,門別,JRA認定競走アタッ(未勝利)(2歳),2.0,2.0,門別,JRA認定競走フレッ(新馬)(2歳),,,門別,JRA認定競走フレッ(新馬)(2歳),15.3,6.0,,nar,2026-07-28,55.73,83.4,40.5,59.3,24.0,58.4,45,履歴少 / 市場オッズ妙味
202630072806,2026-07-28,6,ルアシュエル,1.0,1.0,落合玄太,55.0,1.0,2.0,1.0,門別,JRA認定競走アタッ(未勝利)(2歳),1.0,3.0,門別,日高町の地酒「縁」と(未勝利)(2歳),3.0,2.0,門別,JRA認定競走フレッ(新馬)(2歳),,,,,,,,,2.3,1.0,,nar,2026-07-28,64.91,92.6,50.0,75.1,50.0,53.5,45,履歴少 / 安定感
202645072806,2026-07-28,6,ヴァルヴァラ,4.0,4.0,増田充宏,54.0,8.0,9.0,9.0,浦和,サマーライジングオー(OP)(3歳),4.0,5.0,浦和,3歳　未格付,7.0,7.0,川崎,ヴィントシュトース賞(3歳),2.0,10.0,浦和,浦和800ラウンド(3歳),13.0,11.0,川崎,アウラー賞(3歳),139.9,9.0,,nar,2026-07-28,50.72,54.0,58.5,39.5,35.0,58.1,45,履歴少
202645072807,2026-07-28,7,アイビージーニー,3.0,3.0,藤本現暉,56.0,9.0,3.0,3.0,川崎,コンコルディア賞(C2C3),9.0,4.0,川崎,ティール賞(C2),3.0,5.0,川崎,フローラ賞(C2C3),5.0,2.0,川崎,C2三　四,3.0,3.0,川崎,C2三　四,19.8,5.0,,nar,2026-07-28,58.47,69.7,41.0,75.1,62.0,58.3,45,履歴少 / 安定感 / 市場オッズ妙味
202645072807,2026-07-28,7,アヌマティチェコ,8.0,6.0,野畑凌,54.0,1.0,6.0,2.0,川崎,アルテミス賞(C2),5.0,6.0,川崎,ウルド賞(C1),,7.0,川崎,切通賞(C1),4.0,7.0,浦和,秋の夜特別(C1),,,川崎,ステンノー賞(C1),21.3,6.0,,nar,2026-07-28,51.31,66.2,44.7,39.5,41.0,56.3,45,履歴少 / 市場オッズ妙味
202645072807,2026-07-28,7,アースチャン,1.0,1.0,伊藤裕人,54.0,8.0,9.0,12.0,川崎,2026川崎ジョッキ(C2),7.0,10.0,川崎,C2一　二,12.0,7.0,浦和,ウマ娘トークショー開(C2),4.0,1.0,浦和,浦和ジョッキーズトラ(C2),3.0,5.0,浦和,ティータイムレディー(3歳),30.5,7.0,,nar,2026-07-28,45.21,46.0,53.1,24.9,35.0,56.3,45,履歴少 / 市場オッズ妙味
202635072807,2026-07-28,7,カリータフェリス,5.0,5.0,菅原辰徳,54.0,7.0,6.0,3.0,盛岡,ラビットイヤー賞(B2),3.0,6.0,盛岡,B2,8.0,9.0,水沢,チャイナアスタ賞(B2),2.0,4.0,盛岡,七折の滝賞(B2),6.0,4.0,盛岡,B1B2混合,7.8,4.0,,nar,2026-07-28,53.75,67.5,50.8,39.5,42.5,59.4,45,履歴少
202645072807,2026-07-28,7,キクノルタ,10.0,7.0,岡村裕基,54.0,3.0,4.0,7.0,川崎,アルテミス賞(C2),6.0,9.0,川崎,ティール賞(C2),5.0,4.0,川崎,ファイナルアンサー賞(C2),9.0,10.0,船橋,ラナンキュラス特別(C2),13.0,13.0,船橋,感謝!特別(C2),50.6,10.0,,nar,2026-07-28,58.32,57.2,61.3,50.2,75.5,57.4,45,履歴少 / 近走上向き
202635072807,2026-07-28,7,キタノブリッジ,3.0,3.0,塚本涼人,54.0,8.0,6.0,4.0,盛岡,B2,6.0,1.0,盛岡,B2,8.0,9.0,浦和,ラベンダー特別(C2),8.0,7.0,浦和,牡牛座特別(C2),10.0,5.0,浦和,福笑い特別(C2),28.1,7.0,,nar,2026-07-28,41.17,51.2,33.8,0.0,62.0,48.5,45,履歴少 / 市場オッズ妙味
202635072807,2026-07-28,7,キッカケ,9.0,8.0,大坪慎,54.0,5.0,1.0,4.0,盛岡,C1,1.0,4.0,水沢,C1六組,2.0,4.0,水沢,C2二組,2.0,4.0,水沢,C2三組,9.0,2.0,盛岡,C2二組,6.9,2.0,,nar,2026-07-28,71.59,90.6,61.4,89.7,65.0,60.2,45,履歴少 / 近走上向き / 安定感
202646072807,2026-07-28,7,ギンザターゲット,6.0,5.0,葛山晃平,55.0,9.0,4.0,10.0,金沢,C13,4.0,8.0,金沢,ダッシュダッシュいの(C1特別),7.0,7.0,金沢,C14,7.0,7.0,金沢,C13,5.0,7.0,金沢,C12,10.4,5.0,,nar,2026-07-28,64.95,66.9,71.2,65.7,60.5,67.8,45,履歴少 / 人気以上に走る傾向 / 安定感 / 過小評価傾向
202630072807,2026-07-28,7,クラプロスパー,2.0,2.0,石川倭,55.0,2.0,1.0,2.0,門別,ルビー特別(OP)(2歳),6.0,8.0,門別,栄冠賞〔H2〕(重賞),1.0,4.0,門別,JRA認定競走フレッ(新馬)(2歳),,,,,,,,,2.1,1.0,,nar,2026-07-28,66.07,86.7,63.0,50.2,65.0,59.7,45,履歴少 / 近走上向き
202645072807,2026-07-28,7,クリノフラッグ,4.0,4.0,古岡勇樹,54.0,10.0,14.0,9.0,川崎,ワルキューレ賞(C2),2.0,3.0,川崎,アスターテ賞(C2C3),4.0,12.0,川崎,ヒカリオーソ賞(C2C3),13.0,11.0,川崎,マイスターチャレンジ(C2),6.0,4.0,浦和,門松飾り特別(C2),72.7,11.0,,nar,2026-07-28,41.98,44.7,48.7,44.7,3.5,53.5,45,履歴少
202645072807,2026-07-28,7,ケイツーブル,11.0,8.0,西啓太,56.0,5.0,10.0,9.0,川崎,キャビア賞(C2),9.0,7.0,川崎,ソルスティツィオ賞(C2),11.0,10.0,川崎,ワルキューレ賞(C2),7.0,11.0,川崎,アルテミス賞(C2),5.0,2.0,川崎,アストレア賞(C2),110.6,12.0,,nar,2026-07-28,38.39,36.0,44.9,10.3,38.0,51.5,45,履歴少
202648072807,2026-07-28,7,コズミックコール,3.0,3.0,加藤利征,55.0,10.0,8.0,6.0,名古屋,C10組,3.0,5.0,名古屋,C10組,12.0,8.0,名古屋,金シャチ最終戦(C),3.0,4.0,名古屋,たつや&ともみ2周年(C),9.0,8.0,名古屋,C20組,115.4,10.0,,nar,2026-07-28,46.77,52.7,44.0,39.5,42.5,50.9,45,履歴少
202648072807,2026-07-28,7,コモモチャン,11.0,8.0,丸山真一,55.0,7.0,5.0,8.0,名古屋,C10組,2.0,2.0,名古屋,金シャチ最終戦(C),9.0,5.0,名古屋,たつや&ともみ2周年(C),8.0,10.0,名古屋,C20組,5.0,10.0,名古屋,C22組,92.3,9.0,,nar,2026-07-28,58.66,64.2,56.5,65.7,56.0,57.4,45,履歴少 / 安定感
202635072807,2026-07-28,7,サクラトップラン,4.0,4.0,高橋悠里,54.0,4.0,4.0,3.0,盛岡,B2,5.0,3.0,盛岡,B2,6.0,6.0,水沢,チャイナアスタ賞(B2),1.0,6.0,盛岡,B2,6.0,4.0,水沢,夏油賞(C1),14.5,6.0,,nar,2026-07-28,59.73,72.7,48.0,69.9,53.0,61.4,45,履歴少 / 安定感 / 市場オッズ妙味
202645072807,2026-07-28,7,サンディビーチ,9.0,7.0,池谷匠翔,56.0,11.0,7.0,11.0,川崎,キャビア賞(C2),8.0,11.0,川崎,神楽酒造盃くろうま賞(C1C2),11.0,9.0,船橋,タマシギ特別(C2),7.0,9.0,川崎,C2一　二,8.0,11.0,川崎,ブルーマウンテン賞(C1二),43.6,8.0,,nar,2026-07-28,48.02,42.9,65.2,0.0,59.0,62.8,45,履歴少 / 人気以上に走る傾向 / 市場オッズ妙味
202630072807,2026-07-28,7,シアンディオ,4.0,4.0,落合玄太,55.0,1.0,2.0,4.0,門別,ルビー特別(OP)(2歳),1.0,2.0,門別,JRA認定競走フレッ(新馬)(2歳),,,,,,,,,,,,,2.2,2.0,,nar,2026-07-28,54.93,70.6,51.5,48.4,42.2,53.1,45,履歴少 / サンプル少
202646072807,2026-07-28,7,シェルターベルト,5.0,5.0,栗原大河,55.0,7.0,8.0,7.0,金沢,C13,9.0,9.0,金沢,いのちゃん@36歳年(C1特別),8.0,8.0,金沢,おれたちのアキナゲッ(C1),2.0,4.0,金沢,カポ峯生誕記念(C1),7.0,6.0,金沢,C12,180.8,11.0,,nar,2026-07-28,44.42,49.8,49.2,14.6,41.0,53.5,45,履歴少
202646072807,2026-07-28,7,シナモンブルー,10.0,7.0,魚住謙心,55.0,8.0,5.0,2.0,金沢,さわやかさやか賞(C1),1.0,1.0,金沢,ろこ★お留守番ごめん(C2),1.0,1.0,金沢,マルゼンスキー生誕記(C2特別),,3.0,金沢,C28,7.0,8.0,金沢,兼六園スプリント(重賞),4.4,2.0,,nar,2026-07-28,59.32,82.8,43.4,75.1,38.0,54.7,45,履歴少 / 安定感
202645072807,2026-07-28,7,シュヴァルツナーガ,7.0,6.0,小杉亮,54.0,7.0,9.0,8.0,浦和,C2三　四,4.0,8.0,船橋,かに座特別(C2),8.0,7.0,浦和,カーネーション特別(C2),10.0,14.0,川崎,ワルキューレ賞(C2),9.0,10.0,浦和,芝桜特別(C2),49.5,9.0,,nar,2026-07-28,48.08,46.4,58.3,24.9,42.5,60.9,45,履歴少 / 市場オッズ妙味
202645072807,2026-07-28,7,ジーティーラピッド,5.0,5.0,笹川翼,56.0,12.0,2.0,1.0,川崎,アルテミス賞(C2),3.0,1.0,川崎,ティール賞(C2),7.0,1.0,船橋,タマシギ特別(C2),1.0,1.0,川崎,フローラ賞(C2C3),5.0,2.0,川崎,橘樹官衛賞(C2),1.5,1.0,,nar,2026-07-28,58.48,80.8,33.9,80.2,62.0,43.9,45,履歴少 / 安定感
202648072807,2026-07-28,7,スイートゥンビター,8.0,6.0,木之前葵,53.0,1.0,,2.0,名古屋,C12組,3.0,5.0,名古屋,C16組,2.0,2.0,名古屋,C17組,2.0,1.0,名古屋,C20組,2.0,4.0,名古屋,40周年、正美と啓子(C),6.5,3.0,,nar,2026-07-28,64.9,89.1,55.6,69.6,44.0,60.4,45,履歴少 / 安定感
202630072807,2026-07-28,7,スカイビュー,1.0,1.0,,,,5.0,4.0,門別,スフェーン特別(OP)(2歳),5.0,5.0,門別,ルビー特別(OP)(2歳),1.0,2.0,門別,JRA認定競走フレッ(新馬)(2歳),,,,,,,,,,,,nar,2026-07-28,58.23,76.4,49.0,75.1,38.0,50.0,45,履歴少 / 安定感
202635072807,2026-07-28,7,タイキモンストル,7.0,7.0,,,,6.0,5.0,盛岡,B2,7.0,5.0,盛岡,B2,6.0,5.0,水沢,シベリアンアイリス賞(B1B2),5.0,4.0,盛岡,B1三組,4.0,7.0,盛岡,B1二組B2一組混合(B1B2),,,,nar,2026-07-28,47.48,60.8,44.1,24.9,47.0,48.0,45,履歴少
202648072807,2026-07-28,7,チャコワールド,2.0,2.0,大畑慧悟,57.0,11.0,12.0,8.0,名古屋,C級6組,14.0,15.0,1新潟7,4歳以上1勝クラス,12.0,12.0,川崎,ノベンバースター賞(B2B3),16.0,16.0,3中山2,4歳以上1勝クラス,14.0,16.0,2中山2,4歳以上1勝クラス,83.8,8.0,,nar,2026-07-28,31.75,6.0,44.7,0.0,62.0,52.9,45,履歴少
202635072807,2026-07-28,7,ツルマルヴィオレ,2.0,2.0,山本聡哉,56.0,1.0,9.0,6.0,大井,C1三　四五(C1四),4.0,4.0,大井,ジン・ライム賞(C1四),8.0,3.0,大井,C1二　三四(C1三),8.0,3.0,大井,ツアリーヌ賞(C1四),6.0,1.0,大井,C1二　三四(C1三),1.5,1.0,,nar,2026-07-28,38.34,51.2,28.0,24.9,35.0,40.0,45,履歴少
202646072807,2026-07-28,7,デルマラメール,12.0,8.0,加藤翔馬,55.0,4.0,3.0,2.0,金沢,C14,5.0,5.0,金沢,C12,6.0,3.0,金沢,C13,2.0,2.0,金沢,C14,2.0,3.0,金沢,C16,5.5,3.0,,nar,2026-07-28,60.71,77.3,44.4,80.2,54.5,55.3,45,履歴少 / 安定感
202635072807,2026-07-28,7,ドナマギー,6.0,6.0,小林凌,54.0,2.0,9.0,5.0,盛岡,C1,1.0,7.0,水沢,B2,5.0,10.0,水沢,B2,9.0,4.0,盛岡,B2,8.0,10.0,盛岡,B2,129.1,8.0,,nar,2026-07-28,51.17,59.1,55.2,44.7,30.5,56.1,45,履歴少
202645072807,2026-07-28,7,ナリノボガート,2.0,2.0,町田直希,56.0,2.0,11.0,4.0,川崎,2026川崎ジョッキ(C2),5.0,2.0,川崎,ティール賞(C2),3.0,1.0,川崎,ワルキューレ賞(C2),2.0,3.0,川崎,アルテミス賞(C2),2.0,3.0,川崎,ヒカリオーソ賞(C2C3),4.9,2.0,,nar,2026-07-28,44.57,62.6,28.9,69.6,2.0,50.3,45,履歴少 / 安定感
202646072807,2026-07-28,7,ニューレトロ,9.0,7.0,甲賀弘隆,57.0,6.0,7.0,5.0,金沢,C13,5.0,7.0,金沢,白山手取川ジオパーク(C1),6.0,3.0,金沢,C13,1.0,3.0,金沢,楽天競馬で馬券を買お(C2),2.0,3.0,金沢,第5回祭りなら!俺の(C2),49.3,8.0,,nar,2026-07-28,52.57,68.7,47.9,49.8,29.0,56.3,45,履歴少 / 市場オッズ妙味
202648072807,2026-07-28,7,ノーザンピーク,7.0,6.0,丹羽克輝,57.0,12.0,11.0,12.0,名古屋,伊良湖疾風戦(C),10.0,10.0,名古屋,しゅんさや結婚記念(C),11.0,12.0,名古屋,C8組,10.0,10.0,名古屋,C11組,8.0,9.0,名古屋,C14組,272.6,12.0,,nar,2026-07-28,37.56,25.6,54.2,0.0,42.5,55.5,45,履歴少
202646072807,2026-07-28,7,ハットメリリー,7.0,6.0,松戸政也,55.0,1.0,2.0,2.0,金沢,七尾祇園祭特別(C1),2.0,2.0,金沢,C14,2.0,4.0,金沢,楽天競馬で馬券を買お(C2),2.0,1.0,金沢,C23,5.0,2.0,金沢,C22,2.4,1.0,,nar,2026-07-28,67.34,89.5,49.6,100.0,54.5,52.4,45,履歴少 / 安定感
202648072807,2026-07-28,7,ハルノート,4.0,4.0,渡辺竜也,57.0,9.0,3.0,8.0,名古屋,金シャチ最終戦777(C),7.0,4.0,名古屋,C9組,11.0,5.0,名古屋,C10組,7.0,3.0,名古屋,C14組,4.0,6.0,名古屋,C16組,11.6,4.0,,nar,2026-07-28,53.24,57.9,44.5,40.7,75.5,56.5,45,履歴少 / 近走上向き
202630072807,2026-07-28,7,ヒマラヤノエティ,6.0,6.0,藤田凌駕,55.0,4.0,8.0,8.0,門別,スフェーン特別(OP)(2歳),1.0,3.0,門別,JRA認定競走フレッ(新馬)(2歳),,,,,,,,,,,,,91.9,6.0,,nar,2026-07-28,45.78,56.1,49.0,31.7,22.4,52.4,45,履歴少 / サンプル少
202635072807,2026-07-28,7,ヒロシゲウェーブ,8.0,8.0,望月洵輝,56.0,3.0,3.0,4.0,盛岡,B2,7.0,9.0,盛岡,B2,4.0,2.0,水沢,猊鼻渓賞(B2),4.0,4.0,水沢,夢・希望未来へ前進(B2),7.0,8.0,盛岡,七折の滝賞(B2),11.5,5.0,,nar,2026-07-28,61.16,70.0,53.6,64.7,65.0,61.7,45,履歴少 / 近走上向き / 安定感
202645072807,2026-07-28,7,ファイヤーボール,12.0,8.0,新原周馬,56.0,6.0,13.0,10.0,川崎,猛虎特別(C1),2.0,5.0,川崎,アトロポス賞(C2C3),6.0,7.0,川崎,マイスターチャレンジ(C2),10.0,8.0,船橋,お年玉チャンス特別(C2),7.0,6.0,川崎,七福神特別(C1C2),8.2,3.0,,nar,2026-07-28,40.82,45.5,47.5,24.9,9.5,57.7,45,履歴少
202635072807,2026-07-28,7,フェズカズマ,1.0,1.0,高松亮,56.0,6.0,2.0,7.0,盛岡,ラビットイヤー賞(B2),12.0,5.0,盛岡,B2,3.0,10.0,水沢,チャイナアスタ賞(B2),6.0,3.0,水沢,B1B2混合,6.0,6.0,盛岡,七折の滝賞(B2),7.0,3.0,,nar,2026-07-28,58.99,62.5,55.0,50.2,78.5,59.6,45,履歴少 / 近走上向き
202648072807,2026-07-28,7,フルーツワゴン,5.0,5.0,丸野勝虎,55.0,6.0,7.0,7.0,名古屋,金シャチ最終戦777(C),7.0,7.0,名古屋,父の日のプレゼントな(C),6.0,8.0,名古屋,C13組,10.0,5.0,名古屋,C15組,2.0,5.0,名古屋,C15組,13.3,6.0,,nar,2026-07-28,46.88,54.2,49.8,10.3,45.5,61.0,45,履歴少 / 市場オッズ妙味
202648072807,2026-07-28,7,ブリッツシャッテン,9.0,7.0,近藤颯羽,54.0,5.0,4.0,3.0,名古屋,C10組,2.0,2.0,名古屋,ゆうま4歳誕生日記念(C),2.0,1.0,名古屋,C23組,1.0,6.0,名古屋,C26組,11.0,11.0,川崎,C3五　六,16.6,7.0,,nar,2026-07-28,65.23,80.9,51.6,89.7,50.0,63.9,45,履歴少 / 安定感 / 市場オッズ妙味
202646072807,2026-07-28,7,ベストタンゴ,2.0,2.0,青柳正義,55.0,3.0,2.0,6.0,金沢,ホップステップぴんみ(C1),4.0,6.0,金沢,C13,4.0,7.0,金沢,C16,5.0,3.0,金沢,C17,3.0,3.0,金沢,C17,9.9,4.0,,nar,2026-07-28,70.87,80.5,64.1,100.0,62.0,64.3,45,履歴少 / 安定感
202630072807,2026-07-28,7,ベラジオエイチャン,7.0,7.0,岩橋勇二,55.0,5.0,5.0,6.0,門別,JRA認定競走ウィナ(OP)(2歳),1.0,1.0,門別,JRA認定競走アタッ(未勝利)(2歳),5.0,5.0,門別,JRA認定競走フレッ(新馬)(2歳),,,,,,,,,28.0,5.0,,nar,2026-07-28,60.8,78.6,52.8,75.1,38.0,57.4,45,履歴少 / 安定感 / 市場オッズ妙味
202646072807,2026-07-28,7,ペダンクルアーチ,4.0,4.0,田知弘久,57.0,11.0,5.0,8.0,金沢,C13,5.0,4.0,金沢,ダッシュダッシュいの(C1特別),10.0,5.0,金沢,C13,3.0,3.0,金沢,カポ峯生誕記念(C1),6.0,8.0,金沢,C12,130.1,10.0,,nar,2026-07-28,56.06,61.6,49.2,69.9,56.0,52.9,45,履歴少 / 安定感
202648072807,2026-07-28,7,ホウオウブライツ,1.0,1.0,塚本征吾,57.0,4.0,1.0,2.0,名古屋,なお、いつもありがと(C),5.0,5.0,名古屋,C18組,3.0,4.0,名古屋,C15組,9.0,9.0,名古屋,仁王川特別(C),1.0,1.0,名古屋,大槻光枝店長役職定年(C),1.8,1.0,,nar,2026-07-28,65.91,79.5,53.5,85.4,71.0,53.8,45,履歴少 / 近走上向き / 安定感
202646072807,2026-07-28,7,ミスティックパワー,1.0,1.0,服部大地,57.0,10.0,6.0,6.0,金沢,C13,8.0,11.0,金沢,白山手取川ジオパーク(C1),5.0,7.0,金沢,C13,3.0,6.0,金沢,C13,5.0,8.0,金沢,志帆ちゃんお誕生日お(C1),202.8,12.0,,nar,2026-07-28,56.33,61.9,63.2,44.7,45.5,60.6,45,履歴少
202630072807,2026-07-28,7,ミヤビダイヤ,3.0,3.0,桑村真明,55.0,3.0,9.0,9.0,門別,栄冠賞〔H2〕(重賞),5.0,5.0,門別,JRA認定競走ウィナ(OP)(2歳),1.0,2.0,門別,JRA認定競走アタッ(未勝利)(2歳),2.0,1.0,門別,JRA認定競走フレッ(新馬)(2歳),,,,,6.3,3.0,,nar,2026-07-28,52.32,68.1,50.4,59.3,12.0,57.8,45,履歴少
202646072807,2026-07-28,7,ミュークレグルス,3.0,3.0,中島龍也,57.0,12.0,7.0,7.0,金沢,さわやかさやか賞(C1),10.0,1.0,金沢,いのちゃん@36歳年(C1特別),8.0,6.0,金沢,いっぱい食べよう海幸(B2特別),2.0,5.0,金沢,C12,6.0,3.0,金沢,メーデー特別(C1),83.0,9.0,,nar,2026-07-28,40.47,51.1,32.4,14.6,47.0,46.4,45,履歴少
202648072807,2026-07-28,7,メイショウクレピス,6.0,5.0,明星晴大,55.0,8.0,6.0,4.0,名古屋,金シャチ最終戦777(C),10.0,3.0,名古屋,C9組,8.0,2.0,名古屋,C10組,6.0,4.0,名古屋,金シャチ最終戦(C),4.0,3.0,名古屋,C17組,134.7,11.0,,nar,2026-07-28,37.85,50.5,22.5,10.3,56.0,41.8,45,履歴少
202648072807,2026-07-28,7,ユメミ,12.0,8.0,尾崎章生,55.0,3.0,4.0,8.0,名古屋,C8組,5.0,11.0,名古屋,C10組,11.0,14.0,川崎,フローラ賞(C2C3),11.0,12.0,川崎,C2七,12.0,10.0,川崎,2026川崎ジョッキ(C2),4.9,2.0,,nar,2026-07-28,61.25,48.2,72.7,55.3,84.5,64.6,45,履歴少 / 人気以上に走る傾向 / 近走上向き
202648072807,2026-07-28,7,リリアンファスト,10.0,7.0,細川智史,55.0,2.0,8.0,6.0,名古屋,C9組,4.0,7.0,名古屋,金シャチ最終戦(C),11.0,2.0,名古屋,C17組,2.0,2.0,名古屋,C21組,2.0,5.0,名古屋,C21組,12.7,5.0,,nar,2026-07-28,48.55,59.2,40.7,49.8,30.5,57.6,45,履歴少 / 市場オッズ妙味
202645072807,2026-07-28,7,ルージュメアート,6.0,5.0,中山遥人,53.0,4.0,3.0,3.0,浦和,両神山特別(C1C2),4.0,5.0,浦和,葉桜特別(C2),6.0,8.0,浦和,春暖特別(C2),11.0,7.0,川崎,錨草賞(C2),10.0,2.0,浦和,春陽特別(C1C2),11.6,4.0,,nar,2026-07-28,56.31,62.1,44.6,55.3,78.5,54.6,45,履歴少 / 近走上向き
202646072807,2026-07-28,7,ローレルランウェイ,8.0,6.0,浅野登生,52.0,2.0,9.0,2.0,金沢,C13,3.0,10.0,金沢,C12,5.0,4.0,金沢,C14,5.0,1.0,金沢,カポ峯生誕記念(C1),2.0,3.0,金沢,まめちゃんぴよぴよ記(C1),10.9,7.0,,nar,2026-07-28,51.48,64.7,42.6,69.6,18.5,57.6,45,履歴少 / 安定感
202630072807,2026-07-28,7,ワンサックショート,5.0,5.0,小野楓馬,55.0,6.0,1.0,7.0,門別,JRA認定競走フレッ(新馬)(2歳),,,,,,,,,,,,,,,,,7.8,4.0,,nar,2026-07-28,46.05,51.6,49.9,36.3,40.6,42.0,45,履歴少 / サンプル少
202646072807,2026-07-28,7,ヴィントシュティレ,11.0,8.0,柴田勇真,55.0,5.0,3.0,3.0,金沢,C13,10.0,10.0,川崎,スクルド賞(C1),9.0,10.0,浦和,エメラルド特別(C1),14.0,13.0,川崎,イーリス賞(C1),9.0,12.0,川崎,猛虎特別(C1),10.6,6.0,,nar,2026-07-28,52.97,43.3,52.5,30.4,95.0,62.0,45,履歴少 / 近走上向き
202630072808,2026-07-28,8,アミラジオネ,12.0,8.0,宮内勇樹,55.0,8.0,3.0,1.0,門別,ホクレンBB肥料賞(C4),8.0,6.0,船橋,C2四　五六　イ(C2五),5.0,4.0,船橋,馬い!淡路洲本農園し(C2八),8.0,5.0,船橋,C2六　七八　ウ(C2七),9.0,6.0,船橋,馬い!熊本菊池水田ご(C2五),3.0,2.0,,nar,2026-07-28,51.79,60.1,35.6,50.2,77.0,47.5,45,履歴少 / 近走上向き
202648072808,2026-07-28,8,アルカラス,12.0,8.0,加藤聡一,57.0,9.0,1.0,1.0,名古屋,B8組,1.0,1.0,名古屋,港北町特別(C),1.0,1.0,名古屋,C8組,3.0,6.0,名古屋,愛知県畜産特別(C),1.0,1.0,名古屋,C16組,3.9,2.0,,nar,2026-07-28,71.03,97.7,53.1,100.0,53.0,57.7,45,履歴少 / 安定感
202645072808,2026-07-28,8,イイクニアシェル,8.0,6.0,佐野遥久,56.0,12.0,9.0,7.0,川崎,疾風賞(C1),3.0,4.0,川崎,颯爽賞(C1),5.0,7.0,船橋,船橋酒場青空13周年(C1),5.0,4.0,川崎,青玉賞(C1),5.0,3.0,川崎,神速賞(C1),69.2,10.0,,nar,2026-07-28,51.82,62.3,47.8,69.6,23.0,52.2,45,履歴少 / 安定感
202648072808,2026-07-28,8,イノセンス,11.0,8.0,山田祥雄,55.0,5.0,7.0,7.0,名古屋,ラス・アルハゲ特別(B),4.0,3.0,名古屋,レサト賞(B),6.0,6.0,名古屋,B3組,12.0,8.0,名古屋,ポリマ特別(B),1.0,1.0,名古屋,B6組,29.7,8.0,,nar,2026-07-28,48.29,58.7,44.2,35.3,42.5,53.0,45,履歴少 / 市場オッズ妙味
202646072808,2026-07-28,8,インターシア,9.0,8.0,甲賀弘隆,57.0,4.0,8.0,10.0,金沢,やすくん&なおちゃん(B2),3.0,1.0,金沢,愛☆日本一のウマ男祝(C1特別),5.0,9.0,金沢,おれたちのアキナゲッ(C1),8.0,8.0,金沢,卯辰山特別(C1),8.0,8.0,金沢,加茂直樹!昇進バンザ(B2),25.4,4.0,,nar,2026-07-28,52.62,58.7,56.3,44.7,38.0,58.9,45,履歴少 / 市場オッズ妙味
202635072808,2026-07-28,8,ウインイルネージュ,9.0,7.0,石神深道,52.0,6.0,5.0,9.0,2福島4,3歳以上1勝クラス,10.0,14.0,1新潟5,石打特別(1勝クラス),8.0,9.0,1新潟1,4歳以上1勝クラス,8.0,13.0,1小倉5,戸畑特別(1勝クラス),11.0,16.0,1小倉3,4歳以上1勝クラス,8.5,4.0,,nar,2026-07-28,57.91,44.8,75.6,30.4,75.5,71.5,45,履歴少 / 人気以上に走る傾向 / 近走上向き / 過小評価傾向
202646072808,2026-07-28,8,ウインシャルマン,4.0,4.0,服部大地,57.0,7.0,9.0,9.0,金沢,七尾祇園祭特別(C1),9.0,9.0,金沢,としおゆうこ夫妻に感(B2),8.0,9.0,金沢,B26,10.0,8.0,金沢,第2回竹橋おきらく食(B2特別),11.0,12.0,金沢,B24,201.5,8.0,,nar,2026-07-28,40.1,34.8,50.1,0.0,53.0,53.5,45,履歴少
202635072808,2026-07-28,8,ウインヘリオドール,12.0,8.0,山本政聡,56.0,7.0,16.0,14.0,3阪神5,3歳以上1勝クラス,1.0,1.0,笠松,第10回ウマニティ杯(C),3.0,2.0,笠松,細貝優太新天地でも頑(C),3.0,2.0,笠松,野山の錦特別(C),1.0,1.0,笠松,橙理1歳おめでとう記(CC),42.7,9.0,,nar,2026-07-28,48.72,64.1,43.3,69.6,0.0,53.7,45,履歴少 / 安定感 / 市場オッズ妙味
202645072808,2026-07-28,8,エコロスヴァル,10.0,7.0,野畑凌,56.0,9.0,9.0,4.0,浦和,C1三　四,8.0,2.0,浦和,栗橋宿特別(C1),5.0,1.0,浦和,薫風特別(B3C1),3.0,1.0,浦和,暮の春特別(C1),2.0,1.0,浦和,C1三,9.5,4.0,,nar,2026-07-28,40.26,57.1,20.6,44.7,23.0,47.9,45,履歴少
202646072808,2026-07-28,8,エコロセブン,6.0,6.0,吉田晃浩,57.0,8.0,9.0,8.0,金沢,さわやかさやか賞(C1),5.0,4.0,金沢,愛☆日本一のウマ男祝(C1特別),9.0,7.0,金沢,おれたちのアキナゲッ(C1),8.0,9.0,金沢,B25,9.0,10.0,金沢,B25,90.8,6.0,,nar,2026-07-28,43.36,45.1,45.1,24.9,42.5,52.2,45,履歴少
202646072808,2026-07-28,8,オーデンオパール,1.0,1.0,魚住謙心,55.0,3.0,9.0,4.0,金沢,白山手取川ジオパーク(C1),3.0,5.0,金沢,おれたちのアキナゲッ(C1),4.0,5.0,金沢,裕紀くん!寛太くん!(C1),3.0,5.0,金沢,VLiver桜空まひ(C1),3.0,4.0,金沢,将勝くん爆誕☆33歳(C1),10.2,2.0,,nar,2026-07-28,53.46,67.8,47.0,69.6,15.5,60.5,45,履歴少 / 安定感
202630072808,2026-07-28,8,オーベール,5.0,5.0,黒澤愛斗,55.0,12.0,10.0,10.0,門別,3歳以上C4ー2,9.0,9.0,門別,3歳以上C4ー2,11.0,11.0,門別,とみくるマルシェ賞(C4),7.0,9.0,門別,3歳以上C4ー2,11.0,11.0,門別,3歳以上C4ー2,326.8,11.0,,nar,2026-07-28,39.01,31.1,52.0,0.0,47.0,54.8,45,履歴少
202646072808,2026-07-28,8,キャラハンテソーロ,3.0,3.0,加藤翔馬,57.0,5.0,8.0,8.0,金沢,としおゆうこ夫妻に感(B2),7.0,7.0,金沢,B26,9.0,6.0,金沢,第2回竹橋おきらく食(B2特別),9.0,5.0,金沢,B24,6.0,6.0,金沢,B24,39.8,5.0,,nar,2026-07-28,40.16,44.9,41.8,0.0,48.5,51.8,45,履歴少 / 市場オッズ妙味
202646072808,2026-07-28,8,キーチキング,7.0,7.0,,,,3.0,4.0,金沢,さわやかさやか賞(C1),6.0,8.0,金沢,白山手取川ジオパーク(C1),3.0,4.0,金沢,C13,4.0,4.0,金沢,C13,2.0,2.0,金沢,C13,,,,nar,2026-07-28,63.04,77.7,57.0,75.1,54.5,54.0,45,履歴少 / 安定感
202630072808,2026-07-28,8,クイーンサイド,2.0,2.0,岩橋勇二,55.0,11.0,1.0,3.0,門別,グランシャリオドリー(C4),7.0,8.0,門別,グランシャリオドリー(C4),4.0,7.0,門別,3歳以上C4ー3,6.0,12.0,門別,ゲッケイジュ特別(C4),8.0,11.0,門別,キショウブ特別(C4),147.9,10.0,,nar,2026-07-28,65.65,71.7,68.4,50.2,81.5,63.2,45,履歴少 / 人気以上に走る傾向 / 近走上向き
202630072808,2026-07-28,8,クイーンズパーク,10.0,7.0,石川倭,55.0,4.0,13.0,13.0,2東京10,3歳未勝利,,,,,,,,,,,,,,,,,2.8,1.0,,nar,2026-07-28,36.92,30.5,40.6,29.6,40.6,40.6,45,履歴少 / サンプル少
202645072808,2026-07-28,8,クレイスアバンティ,12.0,8.0,神尾香澄,51.0,4.0,6.0,8.0,川崎,疾風賞(C1),3.0,4.0,川崎,ヴィントシュトース賞(3歳),8.0,10.0,船橋,海風スプリント(3歳),8.0,7.0,船橋,ヤマブキスプリント(3歳未格),1.0,4.0,浦和,浦和800ラウンド(3歳),16.9,7.0,,nar,2026-07-28,55.81,64.6,59.9,35.3,44.0,66.6,45,履歴少 / 過小評価傾向 / 市場オッズ妙味
202645072808,2026-07-28,8,グランドマーメイド,11.0,8.0,増田充宏,53.0,1.0,1.0,1.0,川崎,ライトニング賞(3歳),1.0,3.0,川崎,ラファール賞(3歳),1.0,5.0,川崎,ゼフィール賞(3歳),,,,,,,,,3.8,2.0,,nar,2026-07-28,71.1,100.0,62.0,75.1,50.0,62.2,45,履歴少 / 安定感
202635072808,2026-07-28,8,グランプラネッタ,7.0,6.0,野中悠太,56.0,3.0,8.0,11.0,2福島5,3歳以上1勝クラス,10.0,11.0,3中山3,4歳以上1勝クラス,16.0,15.0,1中山4,4歳以上1勝クラス,18.0,16.0,4中山1,3歳未勝利,14.0,12.0,2新潟7,3歳未勝利,27.2,7.0,,nar,2026-07-28,41.45,20.4,53.3,0.0,89.0,55.6,45,履歴少 / 近走上向き / 市場オッズ妙味
202648072808,2026-07-28,8,グロリアスヒーロー,5.0,5.0,丸山真一,57.0,2.0,3.0,2.0,名古屋,B4組,4.0,2.0,名古屋,彦星大空戦(B),4.0,1.0,名古屋,B4組,2.0,4.0,名古屋,ヌサカン大空戦(B),14.0,13.0,1新潟1,4歳以上1勝クラス,10.2,4.0,,nar,2026-07-28,61.74,72.9,41.6,89.7,68.0,56.6,45,履歴少 / 近走上向き / 安定感
202645072808,2026-07-28,8,ケイツーユーロ,9.0,7.0,古岡勇樹,56.0,8.0,10.0,10.0,川崎,疾風賞(C1),11.0,10.0,川崎,駿逸賞(C1),12.0,8.0,浦和,春光特別(C1),10.0,5.0,川崎,進撃賞(C1),6.0,10.0,川崎,爆速賞(C1),277.0,12.0,,nar,2026-07-28,34.31,26.2,40.5,0.0,48.5,49.6,45,履歴少
202635072808,2026-07-28,8,コンヴァージョン,4.0,4.0,丸田恭介,56.0,4.0,15.0,16.0,3東京2,3歳以上1勝クラス,7.0,14.0,3中山6,4歳以上1勝クラス,1.0,1.0,名古屋,B6組,1.0,1.0,名古屋,B12組,2.0,2.0,名古屋,C2組,4.0,2.0,,nar,2026-07-28,49.77,56.8,64.3,44.7,0.0,61.1,45,履歴少
202648072808,2026-07-28,8,ゴラッソゴール,3.0,3.0,加藤利征,57.0,10.0,3.0,8.0,名古屋,ラス・アルハゲ特別(B),7.0,7.0,名古屋,風待月特別(A),6.0,7.0,名古屋,嘉祥特別(A),6.0,8.0,名古屋,五月雨特別(A),5.0,7.0,名古屋,薄暑大空特別(A),175.6,11.0,,nar,2026-07-28,60.19,66.1,65.5,40.7,68.0,60.0,45,履歴少 / 人気以上に走る傾向 / 近走上向き
202635072808,2026-07-28,8,サンカリプソ,3.0,3.0,坂井瑛音,53.0,9.0,2.0,4.0,盛岡,オーキッド賞(B1),6.0,2.0,盛岡,B1,3.0,7.0,水沢,B1,11.0,7.0,水沢,夢・希望未来へ前進(B1),3.0,9.0,水沢,夢・希望未来へ前進(B1),28.0,8.0,,nar,2026-07-28,61.35,71.1,53.1,60.5,72.5,58.9,45,履歴少 / 近走上向き / 安定感 / 市場オッズ妙味
202635072808,2026-07-28,8,シマサンブラック,5.0,5.0,井上瑛太,56.0,8.0,7.0,1.0,盛岡,せきれい賞(重賞),1.0,1.0,水沢,ジューンC(B2),1.0,1.0,盛岡,メイC(B2),5.0,1.0,盛岡,紫陽花賞(B1),,,水沢,エイプリルC(B2),7.5,3.0,,nar,2026-07-28,50.79,78.5,31.2,59.3,22.0,50.5,45,履歴少
202646072808,2026-07-28,8,ジーティーユウビ,5.0,5.0,栗原大河,55.0,1.0,1.0,1.0,金沢,小田島ゴールインカッ(C2),1.0,1.0,金沢,都凪リリーデビュー2(C2),1.0,1.0,金沢,C212,2.0,2.0,金沢,第1回江崎記念(C2),6.0,4.0,大井,C3六　七,1.0,1.0,,nar,2026-07-28,67.33,94.7,48.6,89.7,59.0,48.7,45,履歴少 / 安定感
202630072808,2026-07-28,8,スズオリーブ,7.0,6.0,藤田凌駕,53.0,10.0,4.0,10.0,門別,3歳以上C4ー2,13.0,13.0,門別,とみくるマルシェ賞(C4),11.0,12.0,門別,えんどう豆生まれドリ(C4),9.0,11.0,門別,グランシャリオドリー(C4),7.0,11.0,門別,3歳以上C4ー2,124.8,9.0,,nar,2026-07-28,54.55,38.7,69.1,30.4,86.0,62.0,45,履歴少 / 人気以上に走る傾向 / 近走上向き
202630072808,2026-07-28,8,ストーリータイム,4.0,4.0,服部茂史,57.0,5.0,1.0,1.0,門別,3歳以上C4ー3,2.0,3.0,門別,3歳以上C4ー3,3.0,3.0,門別,3歳以上C4ー3,3.0,3.0,門別,3歳以上C4ー3,3.0,5.0,門別,3歳以上C4ー3,12.8,6.0,,nar,2026-07-28,70.76,90.9,53.2,100.0,60.5,62.8,45,履歴少 / 安定感 / 市場オッズ妙味
202635072808,2026-07-28,8,スノーブリザード,8.0,6.0,高橋悠里,56.0,12.0,7.0,7.0,門別,フウリンソウ特別(B4),8.0,6.0,門別,アナベル特別(B2),11.0,5.0,門別,スワーヴリチャード・(B3),6.0,5.0,2福島4,3歳以上1勝クラス,13.0,7.0,1新潟3,荒川峡特別(1勝クラス),46.5,10.0,,nar,2026-07-28,37.87,39.9,32.9,0.0,65.0,46.5,45,履歴少 / 近走上向き / 市場オッズ妙味
202645072808,2026-07-28,8,スレヒトゥヴアルク,2.0,2.0,町田直希,54.0,5.0,1.0,3.0,川崎,稲魂賞(C2),5.0,5.0,川崎,颯爽賞(C1),6.0,8.0,川崎,紅玉賞(C1),9.0,6.0,川崎,金剛賞(C1),10.0,3.0,川崎,名越賞(C1),13.5,5.0,,nar,2026-07-28,60.41,67.3,48.9,55.3,89.0,57.2,45,履歴少 / 近走上向き / 市場オッズ妙味
202648072808,2026-07-28,8,ソリスルクス,7.0,6.0,丹羽克輝,57.0,3.0,4.0,5.0,名古屋,サビク賞(B),3.0,10.0,名古屋,半夏生特別(A),7.0,9.0,名古屋,嘉祥特別(A),9.0,12.0,園田,C1,7.0,10.0,園田,C1二,24.1,7.0,,nar,2026-07-28,63.82,64.9,72.3,55.3,65.0,66.7,45,履歴少 / 人気以上に走る傾向 / 近走上向き / 過小評価傾向
202648072808,2026-07-28,8,タイクーンバゴ,4.0,4.0,今井貴大,57.0,8.0,7.0,7.0,名古屋,八重霞特別(A),3.0,4.0,名古屋,知立特別(A),2.0,11.0,名古屋,パウンドケーキ特別(A),4.0,9.0,名古屋,金縷梅特別(A),10.0,10.0,名古屋,七草特別(A),46.6,9.0,,nar,2026-07-28,61.16,68.9,69.3,59.3,36.5,66.0,45,履歴少 / 人気以上に走る傾向 / 過小評価傾向 / 市場オッズ妙味
202648072808,2026-07-28,8,ディプタルアスール,10.0,7.0,渡辺竜也,57.0,12.0,3.0,3.0,名古屋,サビク賞(B),2.0,5.0,名古屋,B6組,3.0,5.0,名古屋,B6組,5.0,4.0,名古屋,B8組,6.0,2.0,名古屋,B6組,9.2,3.0,,nar,2026-07-28,66.01,81.2,54.1,89.7,56.0,59.4,45,履歴少 / 安定感
202630072808,2026-07-28,8,トモノタツミ,6.0,5.0,松井伸也,55.0,2.0,3.0,5.0,門別,3歳以上C4ー2,3.0,5.0,門別,3歳以上C4ー2,4.0,4.0,門別,沙流川温泉ひだか高原(C4),1.0,1.0,門別,3歳以上C4ー3,12.0,10.0,門別,フロイラインスプリン(重賞),8.4,4.0,,nar,2026-07-28,66.31,77.3,56.3,89.7,62.0,60.4,45,履歴少 / 安定感
202648072808,2026-07-28,8,トーアナタリー,6.0,5.0,加藤誓二,55.0,11.0,10.0,11.0,名古屋,ラス・アルハゲ特別(B),11.0,11.0,高知,ファイナルレース(C1),7.0,10.0,高知,C1ー6,12.0,8.0,高知,ファイナルレース(C1),11.0,11.0,高知,入野海岸特別(C1),331.2,12.0,,nar,2026-07-28,38.42,27.6,52.2,0.0,51.5,53.5,45,履歴少
202630072808,2026-07-28,8,トーケンアーサー,11.0,8.0,亀井洋司,55.0,6.0,6.0,3.0,門別,3歳以上C4ー2,2.0,4.0,門別,3歳以上C4ー2,3.0,3.0,門別,沙流川温泉ひだか高原(C4),4.0,2.0,門別,3歳以上C4ー2,3.0,9.0,門別,ウツギ特別(C4),33.4,7.0,,nar,2026-07-28,58.41,77.5,49.4,69.6,32.0,58.2,45,履歴少 / 安定感 / 市場オッズ妙味
202645072808,2026-07-28,8,ドナソレイ,3.0,3.0,藤田凌,53.0,6.0,4.0,5.0,川崎,疾風賞(C1),2.0,8.0,川崎,ヴィントシュトース賞(3歳),12.0,12.0,川崎,メイフラワー賞(3歳),9.0,5.0,浦和,さいたま市産ヨーロッ(3歳),4.0,7.0,川崎,レインボー賞(3歳),13.8,6.0,,nar,2026-07-28,61.25,61.5,60.7,65.7,66.5,65.1,45,履歴少 / 近走上向き / 安定感 / 過小評価傾向
202645072808,2026-07-28,8,ニャンモロー,7.0,6.0,本田正重,53.0,2.0,2.0,1.0,川崎,疾風賞(C1),1.0,2.0,川崎,ヴィントシュトース賞(3歳),7.0,6.0,川崎,メイフラワー賞(3歳),8.0,5.0,大井,3歳一　二三(3歳二),5.0,2.0,大井,3歳一　二三(3歳二),2.7,1.0,,nar,2026-07-28,59.44,76.6,43.0,65.7,69.5,49.7,45,履歴少 / 近走上向き / 安定感
202648072808,2026-07-28,8,ノブエイト,1.0,1.0,近藤颯羽,54.0,6.0,2.0,2.0,名古屋,B5組,2.0,3.0,名古屋,B5組,8.0,2.0,名古屋,ヌサカン大空戦(B),4.0,2.0,名古屋,B6組,2.0,2.0,名古屋,B8組,11.0,5.0,,nar,2026-07-28,61.75,80.2,41.4,80.2,62.0,55.7,45,履歴少 / 安定感
202645072808,2026-07-28,8,ハワイアンジュエル,5.0,5.0,西啓太,56.0,10.0,7.0,9.0,川崎,疾風賞(C1),5.0,9.0,浦和,蕨宿特別(C1),10.0,10.0,浦和,疾駆特別(C1),10.0,9.0,浦和,特選(C1),8.0,10.0,船橋,脱兎之勢ダッシュ(C1),41.5,8.0,,nar,2026-07-28,50.85,46.9,61.7,24.9,57.5,60.9,45,履歴少 / 市場オッズ妙味
202648072808,2026-07-28,8,パー,2.0,2.0,小笠原羚,52.0,7.0,4.0,10.0,名古屋,ラス・アルハゲ特別(B),11.0,7.0,名古屋,あすなろ杯(BC),2.0,3.0,名古屋,シャウラ疾風特別(B),7.0,10.0,名古屋,アルフェッカ特別(B),4.0,8.0,名古屋,レディス・アストライ(B),64.2,10.0,,nar,2026-07-28,60.03,61.7,63.1,60.5,62.0,60.0,45,履歴少 / 安定感
202635072808,2026-07-28,8,ファルヴォーレ,11.0,8.0,小林凌,56.0,10.0,10.0,8.0,盛岡,夢・希望未来へ前進(B1),12.0,6.0,盛岡,浜木綿賞(B1),7.0,4.0,水沢,朝顔賞(B1),1.0,4.0,盛岡,いわてくじ山形村短角(B1),5.0,6.0,水沢,夢・希望未来へ前進(B1),125.2,11.0,,nar,2026-07-28,38.17,43.4,34.9,24.9,27.5,49.0,45,履歴少
202635072808,2026-07-28,8,フェイトライン,2.0,2.0,山本聡哉,56.0,1.0,13.0,5.0,2福島6,障害3歳以上未勝利,10.0,5.0,3京都11,4歳以上1勝クラス,5.0,3.0,1阪神8,4歳以上1勝クラス,3.0,3.0,1阪神4,4歳以上1勝クラス,10.0,3.0,1小倉4,障害4歳以上未勝利,2.1,1.0,,nar,2026-07-28,29.98,36.8,16.4,34.3,14.0,38.9,45,履歴少
202630072808,2026-07-28,8,フレッシュノウエ,9.0,7.0,近藤翔月,54.0,9.0,9.0,8.0,門別,3歳以上C4ー2,12.0,9.0,門別,グランシャリオドリー(C4),6.0,8.0,門別,3歳以上C4ー2,9.0,5.0,門別,3歳以上C4ー2,9.0,3.0,佐賀,美味しいみかん「さが(C2),342.3,12.0,,nar,2026-07-28,35.51,34.8,37.0,0.0,50.0,45.7,45,履歴少
202645072808,2026-07-28,8,ポッドデューク,6.0,5.0,御神本訓,56.0,3.0,5.0,1.0,川崎,閃光賞(C1),1.0,1.0,川崎,紅玉賞(C1),5.0,1.0,川崎,光速賞(C1),1.0,1.0,川崎,雷鶏賞(C2),,,川崎,天雷賞(C2),4.1,3.0,,nar,2026-07-28,57.5,82.1,34.3,89.7,34.0,49.5,45,履歴少 / 安定感
202646072808,2026-07-28,8,ポッドボレット,8.0,8.0,沖静男,57.0,6.0,6.0,9.0,金沢,さわやかさやか賞(C1),7.0,7.0,金沢,としおゆうこ夫妻に感(B2),,,金沢,B26,7.0,9.0,金沢,リクム初競馬予想記念(B2特別),7.0,8.0,金沢,B25,109.9,7.0,,nar,2026-07-28,49.54,55.0,61.4,0.0,56.0,58.4,45,履歴少
202635072808,2026-07-28,8,マジカルワード,1.0,1.0,山本聡紀,54.0,11.0,4.0,3.0,盛岡,夢・希望未来へ前進(B1),3.0,2.0,盛岡,浜木綿賞(B1),4.0,3.0,水沢,夢・希望未来へ前進(B1),2.0,2.0,盛岡,夢・希望未来へ前進(B1),4.0,2.0,盛岡,いわてくじ山形村短角(B1),24.5,6.0,,nar,2026-07-28,62.27,80.3,43.3,100.0,45.5,53.0,45,履歴少 / 安定感 / 市場オッズ妙味
202635072808,2026-07-28,8,マリヨンヌ,6.0,5.0,大坪慎,54.0,5.0,9.0,9.0,盛岡,B1,11.0,11.0,水沢,ハヤテ特別(OP),12.0,12.0,盛岡,スプリント特別(OP),11.0,11.0,盛岡,ハヤテ特別(OP),9.0,9.0,水沢,ハヤテ特別(OP),153.1,12.0,,nar,2026-07-28,38.23,24.9,50.0,0.0,60.5,53.5,45,履歴少
202635072808,2026-07-28,8,ミズノミヤコ,10.0,7.0,原優介,54.0,2.0,14.0,8.0,1新潟2,3歳未勝利,15.0,5.0,1福島4,3歳未勝利,10.0,6.0,1東京5,3歳未勝利,2.0,15.0,1中山9,3歳新馬,,,,,8.6,5.0,,nar,2026-07-28,28.04,21.1,24.9,14.6,20.0,53.5,45,履歴少
202630072808,2026-07-28,8,メイショウカラクサ,3.0,3.0,渡辺準己,54.0,3.0,4.0,4.0,門別,3歳以上C4ー2,6.0,1.0,門別,DOセール賞(C4),1.0,1.0,門別,3歳以上C4ー3,9.0,3.0,門別,3歳以上C4ー3,7.0,1.0,門別,由仁町・栗山町由栗い(2歳),9.5,5.0,,nar,2026-07-28,51.13,68.4,30.8,50.2,60.5,48.5,45,履歴少
202630072808,2026-07-28,8,メチカブーラ,1.0,1.0,小川悠汰,52.0,1.0,6.0,7.0,門別,3歳以上C4ー2,5.0,3.0,門別,3歳以上C4ー2,5.0,5.0,門別,3歳以上C4ー2,9.0,12.0,門別,フロイラインスプリン(重賞),9.0,6.0,門別,3歳C440万円以下,33.7,8.0,,nar,2026-07-28,52.39,57.6,49.5,44.7,56.0,55.6,45,履歴少 / 市場オッズ妙味
202630072808,2026-07-28,8,モウフブキ,8.0,6.0,小野楓馬,55.0,7.0,2.0,4.0,門別,3歳以上C4ー2,2.0,3.0,門別,3歳以上C4ー2,3.0,4.0,門別,3歳以上C4ー2,4.0,5.0,門別,ウツギ特別(C4),3.0,4.0,門別,3歳以上C4ー2,5.4,3.0,,nar,2026-07-28,70.39,87.3,59.1,100.0,56.0,61.1,45,履歴少 / 安定感
202645072808,2026-07-28,8,ライヴペッパー,1.0,1.0,藤本現暉,56.0,7.0,7.0,5.0,川崎,閃光賞(C1),7.0,7.0,川崎,千軍万馬賞(B2B3),3.0,6.0,川崎,紅玉賞(C1),6.0,4.0,川崎,小手毬賞(C1),4.0,3.0,川崎,皆様に愛されて50年(C1),60.7,9.0,,nar,2026-07-28,48.64,62.0,47.1,30.1,38.0,52.2,45,履歴少
202648072808,2026-07-28,8,ラブリーセナ,8.0,6.0,塚本征吾,57.0,4.0,5.0,5.0,名古屋,へびつかい座特別(B),1.0,1.0,名古屋,B8組,5.0,2.0,名古屋,もさ11歳おめでとう(B),5.0,4.0,名古屋,ポリマ特別(B),2.0,5.0,名古屋,アジア・アジアパラ応(B),12.9,6.0,,nar,2026-07-28,62.92,78.5,47.0,100.0,39.5,60.2,45,履歴少 / 安定感 / 市場オッズ妙味
202645072808,2026-07-28,8,ラヴィンローゼス,4.0,4.0,本田紀忠,54.0,11.0,6.0,7.0,川崎,あやせオープンファク(C1),5.0,7.0,川崎,駿逸賞(C1),2.0,9.0,船橋,イナヅマダッシュ(C1),6.0,10.0,川崎,青玉賞(C1),9.0,8.0,川崎,神速賞(C1),69.4,11.0,,nar,2026-07-28,59.09,65.8,68.7,44.7,47.0,62.0,45,履歴少 / 人気以上に走る傾向
202646072808,2026-07-28,8,リュウノレッドアイ,2.0,2.0,葛山晃平,55.0,2.0,4.0,5.0,金沢,さわやかさやか賞(C1),4.0,3.0,金沢,白山手取川ジオパーク(C1),7.0,3.0,金沢,おれたちのアキナゲッ(C1),1.0,2.0,金沢,C19,3.0,3.0,金沢,C22,10.8,3.0,,nar,2026-07-28,60.27,75.6,45.9,80.2,48.5,58.2,45,履歴少 / 安定感
202648072808,2026-07-28,8,ロックマジェスティ,9.0,7.0,大畑慧悟,57.0,1.0,2.0,3.0,名古屋,さそり座大空特別(B),1.0,1.0,名古屋,ヌサカン大空戦(B),3.0,4.0,名古屋,ザニア賞(B),1.0,2.0,名古屋,B11組,5.0,1.0,名古屋,B13組,1.9,1.0,,nar,2026-07-28,68.05,91.1,51.6,100.0,53.0,52.1,45,履歴少 / 安定感
202648072809,2026-07-28,9,アオレレ,9.0,7.0,柿原翔,57.0,10.0,8.0,9.0,名古屋,へびつかい座特別(B),3.0,9.0,名古屋,あすなろ杯(BC),8.0,9.0,名古屋,さそり座大空特別(B),11.0,7.0,名古屋,かんむり座特別(B),3.0,12.0,名古屋,おとめ座大空特別(B),163.3,11.0,,nar,2026-07-28,53.37,54.6,66.4,35.3,39.5,62.0,45,履歴少 / 人気以上に走る傾向
202635072809,2026-07-28,9,アクロスザシーズ,6.0,6.0,望月洵輝,54.0,10.0,8.0,11.0,盛岡,B2,4.0,4.0,盛岡,B2,2.0,1.0,盛岡,C1,1.0,2.0,盛岡,楽天競馬×楽天モバイ(B2),5.0,1.0,盛岡,B2,25.5,7.0,,nar,2026-07-28,55.98,72.1,53.1,69.6,20.0,55.6,45,履歴少 / 安定感 / 市場オッズ妙味
202630072809,2026-07-28,9,アースカムイ,11.0,8.0,井上俊彦,57.0,12.0,6.0,6.0,門別,3歳以上C4ー2,7.0,9.0,門別,3歳以上C4ー2,8.0,7.0,門別,3歳以上C4ー2,8.0,7.0,門別,3歳以上C4ー2,8.0,12.0,門別,3歳以上C4ー2,225.8,10.0,,nar,2026-07-28,46.81,50.9,54.0,0.0,60.5,56.1,45,履歴少
202635072809,2026-07-28,9,インディーフィルム,1.0,1.0,山本聡哉,54.0,6.0,1.0,5.0,盛岡,B2,6.0,3.0,盛岡,ソウルラッシュ特別(B2),1.0,4.0,水沢,チャイナアスタ賞(B2),4.0,8.0,水沢,B2二組,2.0,6.0,盛岡,C1,1.4,1.0,,nar,2026-07-28,68.88,85.7,64.4,75.1,63.5,59.2,45,履歴少 / 安定感
202635072809,2026-07-28,9,ウインチャチャ,4.0,4.0,大坪慎,54.0,8.0,9.0,9.0,盛岡,B2,9.0,8.0,盛岡,ソウルラッシュ特別(B2),4.0,3.0,水沢,チャイナアスタ賞(B2),1.0,1.0,水沢,夢・希望未来へ前進(B2),3.0,7.0,盛岡,七折の滝賞(B2),82.3,9.0,,nar,2026-07-28,48.35,58.2,49.8,44.7,21.5,54.8,45,履歴少
202646072809,2026-07-28,9,ウインペルセ,2.0,2.0,吉田晃浩,57.0,9.0,9.0,10.0,金沢,B25,10.0,9.0,金沢,心星ひなまる永遠の5(B2),11.0,9.0,金沢,B25,7.0,4.0,金沢,第2回竹橋おきらく食(B2特別),9.0,8.0,金沢,B23,68.2,8.0,,nar,2026-07-28,37.43,33.2,43.8,0.0,51.5,49.6,45,履歴少
202648072809,2026-07-28,9,エピックナイト,8.0,6.0,大畑慧悟,57.0,1.0,4.0,7.0,名古屋,へびつかい座特別(B),6.0,5.0,名古屋,風待月特別(A),4.0,5.0,名古屋,嘉祥特別(A),3.0,3.0,名古屋,かんむり座特別(B),6.0,5.0,名古屋,ポリマ特別(B),25.3,8.0,,nar,2026-07-28,60.17,71.5,55.3,64.7,54.5,57.6,45,履歴少 / 安定感 / 市場オッズ妙味
202648072809,2026-07-28,9,オウケンボス,5.0,5.0,吉原寛人,57.0,6.0,9.0,8.0,名古屋,桧扇特別(A),6.0,6.0,名古屋,徒桜特別(A),12.0,8.0,名古屋,桶狭間特別(A),1.0,3.0,名古屋,初雲雀特別(A),8.0,2.0,名古屋,知立特別(A),20.9,7.0,,nar,2026-07-28,40.58,47.4,40.0,14.6,36.5,50.5,45,履歴少 / 市場オッズ妙味
202630072809,2026-07-28,9,オオイシサクラ,4.0,4.0,阿部龍,55.0,9.0,1.0,5.0,門別,3歳以上C4ー3,5.0,4.0,門別,3歳以上C4ー3,2.0,5.0,門別,3歳以上C4ー3,2.0,5.0,門別,3歳以上C4ー3,7.0,6.0,門別,3歳以上C4ー3,3.8,2.0,,nar,2026-07-28,70.73,84.3,63.3,89.7,68.0,60.9,45,履歴少 / 近走上向き / 安定感
202630072809,2026-07-28,9,オセロ,2.0,2.0,藤田凌駕,55.0,4.0,3.0,3.0,門別,3歳以上C4ー2,3.0,4.0,門別,3歳以上C4ー2,6.0,8.0,門別,3歳以上C4ー2,6.0,10.0,門別,ウツギ特別(C4),6.0,8.0,門別,3歳以上C4ー2,24.4,7.0,,nar,2026-07-28,62.39,73.3,60.0,55.3,63.5,62.1,45,履歴少 / 市場オッズ妙味
202646072809,2026-07-28,9,カルミネイション,3.0,3.0,浅野登生,52.0,10.0,12.0,12.0,金沢,やすくん&なおちゃん(B2),12.0,12.0,金沢,心星ひなまる永遠の5(B2),12.0,12.0,金沢,B25,9.0,9.0,金沢,もりもり食べよう加賀(B2特別),8.0,10.0,金沢,B24,441.9,11.0,,nar,2026-07-28,34.53,18.8,51.4,0.0,39.5,54.8,45,履歴少
202648072809,2026-07-28,9,カンタカナリート,2.0,2.0,渡辺竜也,57.0,9.0,1.0,1.0,名古屋,B6組,6.0,3.0,名古屋,B7組,3.0,1.0,名古屋,B9組,2.0,4.0,名古屋,B10組,2.0,2.0,名古屋,蘭ちゃん1歳バースデ(B),9.5,4.0,,nar,2026-07-28,63.53,84.9,44.0,75.1,63.5,57.6,45,履歴少 / 安定感
202648072809,2026-07-28,9,クルベリ,4.0,4.0,塚本征吾,57.0,3.0,1.0,2.0,名古屋,サビク賞(B),5.0,6.0,名古屋,半夏生特別(A),4.0,4.0,名古屋,アンタレス特別(B),7.0,4.0,名古屋,かんむり座特別(B),7.0,10.0,名古屋,ポリマ特別(B),6.8,3.0,,nar,2026-07-28,65.06,75.3,53.0,75.1,78.5,59.5,45,履歴少 / 近走上向き / 安定感
202646072809,2026-07-28,9,クレイプマートル,8.0,7.0,松戸政也,55.0,7.0,4.0,3.0,金沢,心星ひなまる永遠の5(B2),1.0,4.0,金沢,C17,2.0,2.0,金沢,Win5愛好へそきり(C2),2.0,2.0,金沢,久保&ゆりぽん結婚バ(C2),4.0,4.0,金沢,第5回祭りなら!俺の(C2),6.3,2.0,,nar,2026-07-28,66.76,87.5,53.1,100.0,39.5,59.1,45,履歴少 / 安定感
202648072809,2026-07-28,9,グラスビジョン,7.0,6.0,今井貴大,57.0,7.0,3.0,1.0,名古屋,彦星大空戦(B),1.0,2.0,名古屋,B7組,1.0,1.0,名古屋,新城特別(C),10.0,10.0,1新潟4,障害4歳以上未勝利,11.0,13.0,2中山8,4歳以上1勝クラス,3.8,2.0,,nar,2026-07-28,62.5,76.4,48.9,75.1,66.5,56.3,45,履歴少 / 近走上向き / 安定感
202635072809,2026-07-28,9,グラフィアスレディ,9.0,8.0,鈴木祐,54.0,5.0,6.0,10.0,盛岡,B2,4.0,3.0,盛岡,B2,10.0,8.0,水沢,B1,4.0,5.0,水沢,サクラコマチ賞(B1),6.0,3.0,水沢,B1,38.3,8.0,,nar,2026-07-28,52.52,60.0,52.9,39.5,50.0,55.6,45,履歴少 / 市場オッズ妙味
202630072809,2026-07-28,9,ゴールデンアイル,5.0,5.0,松井伸也,55.0,5.0,7.0,6.0,門別,道産子ポイントガード(C4),7.0,11.0,門別,門別温泉とねっこの湯(C4),8.0,11.0,門別,ゲラニウム特別(C4),7.0,12.0,門別,3歳以上C4ー2,10.0,12.0,門別,3歳以上C4ー2,171.8,9.0,,nar,2026-07-28,49.05,47.9,65.6,0.0,56.0,62.0,45,履歴少 / 人気以上に走る傾向
202645072809,2026-07-28,9,ササキントモゴロウ,10.0,8.0,町田直希,55.0,6.0,3.0,3.0,川崎,あやせオープンファク(C1),3.0,6.0,川崎,青葉木菟特別(3歳),9.0,9.0,船橋,海風スプリント(3歳),1.0,4.0,川崎,ブリーズ賞(3歳),8.0,4.0,浦和,ランチタイム(3歳),13.3,5.0,,nar,2026-07-28,62.89,72.7,55.4,69.9,63.5,62.3,45,履歴少 / 安定感 / 市場オッズ妙味
202648072809,2026-07-28,9,サラサラヘアー,11.0,8.0,村上弘樹,55.0,2.0,3.0,1.0,名古屋,へびつかい座特別(B),1.0,1.0,名古屋,B5組,17.0,16.0,3京都10,4歳以上1勝クラス,12.0,9.0,1新潟3,4歳以上1勝クラス,15.0,14.0,1福島6,4歳以上1勝クラス,2.2,1.0,,nar,2026-07-28,54.27,52.2,40.6,55.3,99.5,48.8,45,履歴少 / 近走上向き
202630072809,2026-07-28,9,サンヨウコイノボリ,7.0,6.0,服部茂史,55.0,8.0,5.0,2.0,門別,ホクレンBB肥料賞(C4),1.0,1.0,門別,3歳以上C4ー3,4.0,2.0,門別,3歳以上C4ー3,2.0,4.0,門別,3歳以上C4ー3,5.0,5.0,門別,キショウブ特別(C4),20.2,6.0,,nar,2026-07-28,61.66,81.1,42.9,100.0,38.0,54.3,45,履歴少 / 安定感 / 市場オッズ妙味
202648072809,2026-07-28,9,スターインパクト,12.0,8.0,加藤聡一,57.0,8.0,11.0,10.0,名古屋,へびつかい座特別(B),8.0,7.0,名古屋,星合特別(B),3.0,5.0,名古屋,レサト賞(B),5.0,8.0,名古屋,B3組,1.0,9.0,名古屋,B8組,109.2,10.0,,nar,2026-07-28,48.44,53.9,57.7,44.7,9.5,60.6,45,履歴少
202645072809,2026-07-28,9,タッカーバリアント,6.0,6.0,古岡勇樹,56.0,4.0,3.0,4.0,川崎,花菱草賞(C1),10.0,5.0,川崎,桜草賞(C1),5.0,10.0,浦和,ブラッドストーン特別(C1),12.0,5.0,川崎,鳴門賞(C1),8.0,11.0,4中山3,3歳未勝利,13.7,6.0,,nar,2026-07-28,54.45,52.2,45.3,50.2,84.5,59.2,45,履歴少 / 近走上向き / 市場オッズ妙味
202635072809,2026-07-28,9,テリオスソラ,7.0,7.0,菅原辰徳,54.0,7.0,7.0,10.0,盛岡,オーキッド賞(B1),10.0,10.0,盛岡,カッパ淵賞(B1),10.0,5.0,水沢,桜並木賞(B1),6.0,6.0,高知,フクジュソウ特別(C3),1.0,4.0,高知,竜虎相搏特別(C3),100.9,10.0,,nar,2026-07-28,44.81,47.4,51.6,10.3,48.5,54.1,45,履歴少
202648072809,2026-07-28,9,テリオスルナ,1.0,1.0,近藤颯羽,52.0,11.0,7.0,8.0,金沢,ゆいおうえんそうしん(B1),8.0,6.0,金沢,B14,1.0,8.0,金沢,B22,9.0,5.0,金沢,株式会社ミクスウェイ(B2),2.0,11.0,金沢,ガルガンチュア音楽祭(B2),176.5,12.0,,nar,2026-07-28,52.9,61.3,60.7,30.1,38.0,60.6,45,履歴少
202645072809,2026-07-28,9,トリル,8.0,7.0,池谷匠翔,55.0,7.0,5.0,4.0,川崎,仙人草賞(C1),2.0,3.0,川崎,青葉木菟特別(3歳),10.0,8.0,船橋,海風スプリント(3歳),2.0,4.0,川崎,大瑠璃賞(3歳),3.0,9.0,川崎,頬白賞(3歳),26.7,8.0,,nar,2026-07-28,60.74,71.2,53.2,80.2,45.5,60.2,45,履歴少 / 安定感 / 市場オッズ妙味
202648072809,2026-07-28,9,ドラゴステ,10.0,7.0,丹羽克輝,55.0,5.0,5.0,5.0,名古屋,夏越大空特別(A),6.0,11.0,名古屋,麦秋特別(A),6.0,3.0,名古屋,薄暑大空特別(A),4.0,6.0,名古屋,ネモフィラ特別(A),3.0,6.0,名古屋,アースデイ特別(A),12.6,5.0,,nar,2026-07-28,59.04,67.2,58.8,55.3,48.5,65.3,45,履歴少 / 過小評価傾向 / 市場オッズ妙味
202646072809,2026-07-28,9,ドンタカーミ,11.0,8.0,青柳正義,55.0,2.0,5.0,5.0,金沢,七尾祇園祭特別(C1),2.0,6.0,金沢,白山手取川ジオパーク(C1),3.0,5.0,金沢,C14,4.0,4.0,金沢,C15,3.0,4.0,金沢,まめちゃんぴよぴよ記(C1),16.9,4.0,,nar,2026-07-28,67.28,80.0,60.5,100.0,38.0,66.6,45,履歴少 / 安定感 / 過小評価傾向 / 市場オッズ妙味
202630072809,2026-07-28,9,ニシノエンデヴァー,3.0,3.0,宮内勇樹,57.0,3.0,2.0,2.0,門別,3歳以上C4ー2,5.0,2.0,門別,3歳以上C4ー2,5.0,2.0,門別,グランシャリオドリー(C4),4.0,7.0,門別,3歳以上C4ー2,5.0,3.0,門別,3歳以上C4ー2,6.1,3.0,,nar,2026-07-28,63.65,76.5,42.2,100.0,66.5,54.4,45,履歴少 / 近走上向き / 安定感
202635072809,2026-07-28,9,ネバーエバー,8.0,7.0,高橋悠里,56.0,2.0,4.0,8.0,盛岡,B2,6.0,2.0,盛岡,B2,2.0,4.0,水沢,B1,3.0,4.0,水沢,B1,5.0,1.0,水沢,B1,9.3,2.0,,nar,2026-07-28,61.47,75.5,52.4,75.1,50.0,58.8,45,履歴少 / 安定感
202630072809,2026-07-28,9,ノーマンズランド,6.0,5.0,石川倭,55.0,10.0,4.0,8.0,門別,3歳以上C4ー2,9.0,5.0,門別,3歳以上C4ー2,9.0,11.0,名古屋,福寿草賞(C),9.0,11.0,名古屋,C4組,12.0,5.0,名古屋,C3組,12.1,4.0,,nar,2026-07-28,51.6,45.7,51.3,30.4,84.5,58.7,45,履歴少 / 近走上向き / 市場オッズ妙味
202646072809,2026-07-28,9,ハガネ,9.0,7.0,葛山晃平,57.0,3.0,6.0,4.0,金沢,やすくん&なおちゃん(B2),7.0,5.0,金沢,心星ひなまる永遠の5(B2),7.0,7.0,金沢,B25,5.0,7.0,金沢,かなパスで生活を便利(B2特別),5.0,7.0,金沢,B25,9.7,3.0,,nar,2026-07-28,49.18,58.4,45.7,24.9,50.0,59.7,45,履歴少
202648072809,2026-07-28,9,ハヤブサアポチャン,6.0,5.0,明星晴大,55.0,12.0,8.0,5.0,名古屋,夕凪特別(A),1.0,1.0,川崎,ソルスティツィオ賞(C2),3.0,2.0,船橋,アマガエルスプリント(C2),2.0,2.0,浦和,C2三　四,1.0,1.0,川崎,C2五　六,14.4,6.0,,nar,2026-07-28,54.74,78.7,42.2,69.6,12.5,58.8,45,履歴少 / 安定感 / 市場オッズ妙味
202645072809,2026-07-28,9,ビービーシャーンス,2.0,2.0,菅原吏久,53.0,5.0,6.0,8.0,船橋,流汗淋漓2200(B2B3),1.0,4.0,川崎,スクルド賞(C1),4.0,7.0,船橋,ジョッキーズチャンピ(C1),8.0,7.0,浦和,C1四,6.0,7.0,船橋,イチゴ特別(C1),17.7,7.0,,nar,2026-07-28,59.43,70.8,63.3,44.7,42.5,67.4,45,履歴少 / 過小評価傾向 / 市場オッズ妙味
202630072809,2026-07-28,9,ピースオブライツ,12.0,8.0,坂下秀樹,55.0,11.0,11.0,11.0,門別,3歳以上C4ー2,8.0,9.0,門別,3歳以上C4ー2,8.0,3.0,盛岡,C2,6.0,5.0,盛岡,C2八組,6.0,3.0,水沢,C2八組,677.6,12.0,,nar,2026-07-28,35.77,40.7,41.6,0.0,26.0,48.3,45,履歴少
202635072809,2026-07-28,9,ファリア,3.0,3.0,井上瑛太,56.0,4.0,4.0,8.0,盛岡,ラビットイヤー賞(B2),5.0,12.0,水沢,B2,10.0,9.0,水沢,シベリアンアイリス賞(B1B2),8.0,12.0,盛岡,B1三組,10.0,9.0,盛岡,コスプレ&アニメfe(B1),10.7,5.0,,nar,2026-07-28,62.61,54.9,72.7,55.3,75.5,68.5,45,履歴少 / 人気以上に走る傾向 / 近走上向き / 過小評価傾向
202646072809,2026-07-28,9,フェスティヴカレン,7.0,6.0,加藤翔馬,55.0,5.0,9.0,3.0,金沢,やすくん&なおちゃん(B2),6.0,6.0,金沢,心星ひなまる永遠の5(B2),8.0,6.0,金沢,B25,3.0,4.0,金沢,B25,3.0,6.0,金沢,B26,31.9,6.0,,nar,2026-07-28,42.71,55.5,37.7,24.9,26.0,53.7,45,履歴少 / 市場オッズ妙味
202645072809,2026-07-28,9,フタバ,7.0,7.0,加藤雄真,52.0,10.0,9.0,9.0,川崎,仙人草賞(C1),14.0,12.0,川崎,ディセンバースター賞(B2B3),2.0,8.0,川崎,音楽のまち・かわさき(B3),12.0,13.0,1函館11,3歳以上1勝クラス,7.0,8.0,1函館9,3歳以上1勝クラス,76.3,10.0,,nar,2026-07-28,44.45,36.2,56.6,19.8,48.5,57.4,45,履歴少
202645072809,2026-07-28,9,フランキングライン,1.0,1.0,野畑凌,55.0,1.0,2.0,1.0,川崎,姫百合賞(C1),4.0,8.0,大井,優駿スプリントトライ(OP)(3歳),2.0,4.0,浦和,若駒特別(3歳),3.0,4.0,川崎,レインボー賞(3歳),10.0,2.0,川崎,羽根つき賞(3歳),2.5,1.0,,nar,2026-07-28,65.75,80.2,52.9,89.7,66.5,52.6,45,履歴少 / 近走上向き / 安定感
202630072809,2026-07-28,9,プチビーンズ,1.0,1.0,黒澤愛斗,55.0,6.0,4.0,4.0,門別,ホクレンBB肥料賞(C4),4.0,3.0,門別,日高山脈襟裳十勝国立(C4),4.0,6.0,門別,3歳以上C4ー2,5.0,4.0,門別,3歳以上C4ー2,4.0,7.0,門別,3歳以上C4ー2,33.8,8.0,,nar,2026-07-28,64.31,74.8,52.2,100.0,51.5,58.2,45,履歴少 / 安定感 / 市場オッズ妙味
202630072809,2026-07-28,9,ホープフルソング,10.0,7.0,岩橋勇二,55.0,2.0,4.0,8.0,門別,3歳以上C4ー2,6.0,10.0,門別,沙流川温泉ひだか高原(C4),7.0,9.0,門別,3歳以上C4ー2,12.0,11.0,門別,ウツギ特別(C4),11.0,12.0,門別,たきかわ菜の花まつり(C4),16.1,5.0,,nar,2026-07-28,58.22,52.1,68.0,30.4,80.0,68.3,45,履歴少 / 人気以上に走る傾向 / 近走上向き / 過小評価傾向
202645072809,2026-07-28,9,ポッドベッロ,3.0,3.0,本田正重,56.0,2.0,4.0,2.0,川崎,仙人草賞(C1),3.0,2.0,川崎,神楽酒造盃くろうま賞(C1C2),4.0,6.0,船橋,春玄鳥スプリント(C1),4.0,3.0,浦和,ブラッドストーン特別(C1),4.0,5.0,船橋,クロッカススプリント(C1),3.7,2.0,,nar,2026-07-28,63.0,78.0,46.5,100.0,48.5,54.9,45,履歴少 / 安定感
202645072809,2026-07-28,9,マイアミ,4.0,4.0,和田譲治,56.0,8.0,10.0,4.0,川崎,千両賞(C1),2.0,10.0,川崎,キリマンジャロ賞(C1二),11.0,7.0,川崎,バーボン賞(C1二),5.0,7.0,船橋,玄武特別(C1二),4.0,8.0,川崎,かわさきジャズ&かわ(C1二),32.3,9.0,,nar,2026-07-28,48.52,53.2,50.6,49.8,23.0,58.9,45,履歴少 / 市場オッズ妙味
202646072809,2026-07-28,9,マイネルトラオム,10.0,8.0,栗原大河,57.0,11.0,6.0,10.0,金沢,ガルガンチュア音楽祭(B2),5.0,7.0,金沢,健太と悠香の愛の単勝(B1),8.0,5.0,金沢,B13,,11.0,1小倉5,障害4歳以上未勝利,14.0,9.0,3福島5,障害3歳以上未勝利,26.4,5.0,,nar,2026-07-28,50.88,51.4,55.0,24.9,68.0,54.7,45,履歴少 / 近走上向き / 市場オッズ妙味
202646072809,2026-07-28,9,マイボーイ,6.0,6.0,田知弘久,57.0,6.0,7.0,11.0,金沢,やすくん&なおちゃん(B2),11.0,10.0,金沢,心星ひなまる永遠の5(B2),10.0,8.0,金沢,B25,2.0,4.0,金沢,裕紀くん!寛太くん!(C1),5.0,6.0,金沢,加茂直樹!昇進バンザ(B2),54.6,7.0,,nar,2026-07-28,48.06,46.8,56.8,24.9,50.0,56.1,45,履歴少
202635072809,2026-07-28,9,マナホクラニ,5.0,5.0,山本政聡,54.0,9.0,10.0,7.0,盛岡,B2,2.0,2.0,水沢,B1B2混合,1.0,1.0,盛岡,B2,5.0,1.0,水沢,B2,2.0,1.0,水沢,B2,10.5,4.0,,nar,2026-07-28,50.22,70.6,38.8,69.6,5.0,54.8,45,履歴少 / 安定感
202635072809,2026-07-28,9,マルーントリック,2.0,2.0,佐々木志,54.0,1.0,7.0,6.0,盛岡,ソウルラッシュ特別(B2),1.0,1.0,水沢,猊鼻渓賞(B2),3.0,1.0,水沢,B2,2.0,4.0,盛岡,B2,4.0,7.0,盛岡,B2三組,13.9,6.0,,nar,2026-07-28,58.21,78.6,49.3,69.6,23.0,62.5,45,履歴少 / 安定感 / 市場オッズ妙味
202645072809,2026-07-28,9,メイショウマチルダ,9.0,8.0,伊藤裕人,54.0,9.0,2.0,1.0,川崎,クラセアルタ賞(C1),,,川崎,桜草賞(C1),1.0,2.0,川崎,カラスミ賞(C2),1.0,2.0,川崎,C2二　三,3.0,2.0,川崎,独楽回し賞(C2),4.5,3.0,,nar,2026-07-28,65.5,94.6,49.4,75.1,48.0,56.4,45,履歴少 / 安定感
202630072809,2026-07-28,9,ユーキャンフライ,9.0,7.0,落合玄太,55.0,1.0,2.0,5.0,門別,3歳以上C4ー2,10.0,4.0,門別,グランシャリオドリー(C4),7.0,6.0,門別,3歳以上C4ー2,7.0,3.0,門別,3歳以上C4ー2,13.0,13.0,1阪神10,3歳未勝利,1.8,1.0,,nar,2026-07-28,50.6,53.2,40.4,30.4,93.5,47.3,45,履歴少 / 近走上向き
202635072809,2026-07-28,9,ラジエル,10.0,8.0,高松亮,54.0,3.0,7.0,8.0,名古屋,風待月特別(A),8.0,11.0,名古屋,嘉祥特別(A),10.0,8.0,名古屋,立夏特別(A),5.0,5.0,名古屋,こどもの日特別(A),6.0,6.0,名古屋,穀雨特別(A),9.6,3.0,,nar,2026-07-28,47.62,48.4,54.6,14.6,51.5,60.9,45,履歴少
202646072809,2026-07-28,9,リリーブライト,5.0,5.0,中島龍也,57.0,1.0,9.0,8.0,3阪神5,舞子特別(2勝クラス),9.0,10.0,3京都5,久御山特別(2勝クラス),7.0,9.0,2阪神1,ラジオ関西賞仲春特別(2勝クラス),5.0,9.0,1阪神2,天神橋特別(2勝クラス),11.0,15.0,5中京6,尾張特別(2勝クラス),1.2,1.0,,nar,2026-07-28,45.61,42.2,59.4,14.6,44.0,57.3,45,履歴少
202646072809,2026-07-28,9,リンクアームズ,1.0,1.0,柴田勇真,55.0,4.0,10.0,9.0,金沢,やすくん&なおちゃん(B2),8.0,11.0,金沢,心星ひなまる永遠の5(B2),5.0,10.0,金沢,B26,6.0,10.0,金沢,第2回竹橋おきらく食(B2特別),10.0,11.0,金沢,B24,75.7,9.0,,nar,2026-07-28,47.51,44.6,64.8,19.8,33.5,61.3,45,履歴少
202645072809,2026-07-28,9,ルトネール,5.0,5.0,笹川翼,53.0,3.0,9.0,9.0,名古屋,東海クイーンC(重賞),2.0,4.0,川崎,迦陵頻伽賞(3歳),8.0,6.0,浦和,URAWAなでしこオ(OP)(3歳),1.0,2.0,川崎,未勝利(2歳),5.0,1.0,川崎,シャイニングジュニア(2歳),12.3,4.0,,nar,2026-07-28,50.8,64.2,48.9,49.8,20.0,58.7,45,履歴少 / 市場オッズ妙味
202646072809,2026-07-28,9,ロケットバディー,4.0,4.0,沖静男,55.0,8.0,11.0,5.0,金沢,やすくん&なおちゃん(B2),2.0,3.0,金沢,ダッシュダッシュいの(C1特別),6.0,10.0,金沢,おれたちのアキナゲッ(C1),5.0,6.0,金沢,裕紀くん!寛太くん!(C1),6.0,11.0,金沢,加茂直樹!昇進バンザ(B2),96.1,10.0,,nar,2026-07-28,46.44,57.0,49.1,39.5,12.5,56.8,45,履歴少
202630072809,2026-07-28,9,ロザヴィータ,8.0,6.0,小川悠汰,52.0,7.0,9.0,10.0,門別,3歳以上C4ー2,11.0,11.0,門別,道産子ポイントガード(C4),9.0,12.0,門別,門別温泉とねっこの湯(C4),8.0,10.0,門別,3歳以上C4ー2,14.0,13.0,門別,グランシャリオドリー(C4),282.8,11.0,,nar,2026-07-28,41.6,29.5,57.6,0.0,59.0,56.8,45,履歴少
202648072809,2026-07-28,9,ワカギミ,3.0,3.0,丸野勝虎,57.0,4.0,7.0,6.0,名古屋,へびつかい座特別(B),2.0,2.0,名古屋,レサト賞(B),1.0,3.0,名古屋,B7組,1.0,3.0,名古屋,碧南特別(C),5.0,3.0,名古屋,城下町賞(C),25.7,9.0,,nar,2026-07-28,58.13,80.1,51.2,69.6,21.5,56.9,45,履歴少 / 安定感 / 市場オッズ妙味
202645072810,2026-07-28,10,アイアンピッチ,6.0,5.0,櫻井光輔,53.0,5.0,7.0,4.0,川崎,流星光底賞(B3),3.0,4.0,川崎,電光石火賞(B3),1.0,5.0,浦和,疾駆特別(C1),2.0,3.0,川崎,紅玉賞(C1),2.0,3.0,川崎,進撃賞(C1),57.7,11.0,,nar,2026-07-28,57.98,79.4,52.6,69.6,20.0,56.1,45,履歴少 / 安定感
202648072810,2026-07-28,10,アイガー,6.0,6.0,大畑慧悟,55.0,3.0,3.0,1.0,名古屋,ひまわりの日特別(A),4.0,3.0,名古屋,八仙花雨幻特別(A),1.0,2.0,名古屋,水無月疾風特別(A),1.0,1.0,名古屋,ネモフィラ特別(A),2.0,2.0,名古屋,アースデイ特別(A),6.7,4.0,,nar,2026-07-28,65.36,88.3,45.4,100.0,44.0,56.8,45,履歴少 / 安定感
202645072810,2026-07-28,10,アイビーヒメチャン,8.0,6.0,御神本訓,53.0,8.0,1.0,1.0,川崎,流星光底賞(B3),2.0,3.0,川崎,電光石火賞(B3),9.0,9.0,浦和,花吹雪特別(B2B3),11.0,6.0,船橋,皇帝ダリアダッシュ(B2B3),1.0,3.0,川崎,かながわ悪質商法被害(C1),7.4,4.0,,nar,2026-07-28,61.98,73.7,48.1,65.7,78.5,57.2,45,履歴少 / 近走上向き / 安定感
202645072810,2026-07-28,10,アイルプロテクト,5.0,5.0,笹川翼,55.0,10.0,9.0,1.0,川崎,千軍万馬賞(B2B3),2.0,1.0,船橋,パールスプリント(B3),1.0,6.0,川崎,明鏡止水賞(B3),8.0,7.0,浦和,花吹雪特別(B2B3),3.0,5.0,川崎,勇気凛凛賞(B3),4.9,3.0,,nar,2026-07-28,49.32,68.7,38.6,55.0,17.0,54.8,45,履歴少
202646072810,2026-07-28,10,アオイミモザ,5.0,5.0,葛山晃平,57.0,7.0,3.0,2.0,金沢,金沢サマーC(重賞),6.0,5.0,金沢,百万石賞(重賞),1.0,1.0,金沢,金沢競馬は楽天競馬で(A2),13.0,12.0,2阪神4,4歳以上2勝クラス,11.0,6.0,1阪神10,4歳以上2勝クラス,4.4,2.0,,nar,2026-07-28,54.66,62.9,41.5,50.2,78.5,51.1,45,履歴少 / 近走上向き
202648072810,2026-07-28,10,アルバーシャ,4.0,4.0,大畑雅章,57.0,8.0,4.0,1.0,名古屋,トルマリンOP(A),2.0,2.0,名古屋,クンツァイトOP(A),3.0,5.0,名古屋,名港盃(重賞),2.0,3.0,名古屋,ムーンストーンオープ(A),1.0,2.0,名古屋,ダイヤモンドOP(A),15.9,6.0,,nar,2026-07-28,65.54,86.4,48.1,100.0,38.0,62.4,45,履歴少 / 安定感 / 市場オッズ妙味
202630072810,2026-07-28,10,アルマロベイラ,10.0,8.0,井上俊彦,55.0,7.0,5.0,8.0,門別,グランシャリオドリー(C4),8.0,7.0,門別,グランシャリオドリー(C4),6.0,11.0,門別,日高サラブレッドサブ(C4),6.0,8.0,門別,ゲラニウム特別(C4),5.0,9.0,門別,3歳以上C4ー2,48.9,6.0,,nar,2026-07-28,57.91,59.3,66.5,40.7,57.5,64.8,45,履歴少 / 人気以上に走る傾向 / 市場オッズ妙味
202646072810,2026-07-28,10,イルミネーター,11.0,8.0,松戸政也,57.0,2.0,1.0,1.0,金沢,お家でネット投票!楽(A2),1.0,2.0,金沢,国造ゆず特別(B1),3.0,2.0,金沢,お家でネット投票!楽(A2),2.0,1.0,金沢,皐月特別(B1),2.0,2.0,金沢,金沢競馬は楽天競馬で(B1),42.9,5.0,,nar,2026-07-28,69.41,94.8,49.3,100.0,56.0,55.6,45,履歴少 / 安定感 / 市場オッズ妙味
202645072810,2026-07-28,10,エターナルセイバー,4.0,4.0,伊藤裕人,53.0,1.0,3.0,7.0,川崎,流星光底賞(B3),5.0,8.0,川崎,電光石火賞(B3),5.0,9.0,川崎,千変万化賞(B3),6.0,7.0,川崎,迅速果断賞(B3),4.0,6.0,川崎,福笑い賞(B3C1),41.9,9.0,,nar,2026-07-28,68.87,72.5,71.7,85.4,62.0,65.4,45,履歴少 / 人気以上に走る傾向 / 安定感 / 過小評価傾向
202648072810,2026-07-28,10,エバーシンス,3.0,3.0,細川智史,55.0,2.0,3.0,2.0,名古屋,アクアマリンOP(A),6.0,1.0,笠松,撫子争覇(重賞),2.0,5.0,名古屋,コスモ大空特別(A),5.0,2.0,名古屋,皐月疾風特別(A),2.0,5.0,名古屋,翡翠特別(A),8.2,5.0,,nar,2026-07-28,60.07,78.1,42.4,75.1,54.5,57.0,45,履歴少 / 安定感
202645072810,2026-07-28,10,カンノンアーニモ,2.0,2.0,古岡勇樹,55.0,4.0,,,川崎,流星光底賞(B3),3.0,4.0,川崎,千軍万馬賞(B2B3),2.0,2.0,川崎,明鏡止水賞(B3),4.0,1.0,川崎,勇気凛凛賞(B3),4.0,2.0,川崎,千変万化賞(B3),10.3,6.0,,nar,2026-07-28,61.43,83.4,46.0,69.6,52.0,56.7,45,履歴少 / 安定感
202630072810,2026-07-28,10,キボウハホウショウ,2.0,2.0,亀井洋司,57.0,1.0,3.0,3.0,門別,グランシャリオドリー(C4),7.0,2.0,門別,グランシャリオドリー(C4),1.0,5.0,門別,グランシャリオドリー(C4),4.0,3.0,門別,3歳以上C4ー3,5.0,2.0,門別,グランシャリオドリー(C4),8.8,4.0,,nar,2026-07-28,60.1,76.4,43.6,75.1,57.5,56.0,45,履歴少 / 安定感
202630072810,2026-07-28,10,キングズロア,6.0,6.0,藤田凌駕,55.0,5.0,2.0,2.0,門別,グランシャリオドリー(C4),2.0,5.0,門別,グランシャリオドリー(C4),3.0,6.0,門別,日高サラブレッドサブ(C4),5.0,4.0,門別,3歳以上C4ー2,8.0,5.0,門別,3歳以上C4ー2,2.3,1.0,,nar,2026-07-28,67.17,82.0,56.2,89.7,65.0,54.8,45,履歴少 / 近走上向き / 安定感
202630072810,2026-07-28,10,クールメゾン,7.0,6.0,服部茂史,55.0,6.0,5.0,11.0,門別,グランシャリオドリー(C4),12.0,5.0,門別,えんどう豆生まれドリ(C4),11.0,10.0,門別,3歳以上C4ー2,6.0,8.0,門別,3歳以上C4ー2,11.0,10.0,門別,3歳以上C4ー2,65.2,8.0,,nar,2026-07-28,48.02,38.4,50.5,30.4,80.0,52.9,45,履歴少 / 近走上向き
202645072810,2026-07-28,10,ゴールドモーニン,12.0,8.0,増田充宏,55.0,12.0,8.0,9.0,川崎,流星光底賞(B3),14.0,14.0,川崎,見返り美人特別(B3二),11.0,14.0,川崎,青葉空特別(B3二),11.0,10.0,川崎,ファイナルアンサー賞(B3),12.0,12.0,浦和,さいたまブロンコス特(B2B3),197.2,12.0,,nar,2026-07-28,40.42,21.5,55.3,0.0,74.0,55.5,45,履歴少 / 近走上向き
202646072810,2026-07-28,10,サクラトゥジュール,10.0,8.0,青柳正義,57.0,1.0,15.0,16.0,3東京2,安田記念(GI),13.0,13.0,1東京8,フェブラリーS(GI),9.0,14.0,1東京4,東京新聞杯(GIII),8.0,13.0,3東京2,安田記念(GI),15.0,4.0,1東京4,東京新聞杯(GIII),1.7,1.0,,nar,2026-07-28,32.67,14.5,56.2,0.0,27.5,52.3,45,履歴少
202635072810,2026-07-28,10,サトノバトラー,7.0,7.0,高橋悠里,56.0,2.0,4.0,5.0,盛岡,B1二組,5.0,5.0,盛岡,夢・希望未来へ前進(B1),3.0,7.0,水沢,夢・希望未来へ前進(B1),3.0,4.0,水沢,B1二組,6.0,4.0,水沢,パンジー賞(B1),4.3,4.0,,nar,2026-07-28,64.44,75.1,57.2,89.7,51.5,58.8,45,履歴少 / 安定感
202635072810,2026-07-28,10,サトノメドーサ,8.0,8.0,阿部英俊,54.0,8.0,7.0,7.0,園田,B1,9.0,10.0,園田,夏至特別A2B1,9.0,9.0,園田,兵庫馬事畜産特別B1,6.0,6.0,園田,B1,7.0,7.0,園田,B1,57.9,8.0,,nar,2026-07-28,43.92,46.0,51.7,0.0,54.5,54.1,45,履歴少
202646072810,2026-07-28,10,シスターアクト,3.0,3.0,甲賀弘隆,55.0,6.0,7.0,7.0,金沢,加賀友禅賞【読売レデ(重賞),8.0,10.0,金沢,金沢競馬は楽天競馬で(A2),7.0,7.0,金沢,来週は百万石祭楽しも(A1),7.0,9.0,金沢,利家盃【百万石賞トラ(重賞),5.0,7.0,金沢,楽天競馬で馬券を買お(A1),139.4,10.0,,nar,2026-07-28,47.74,51.7,57.0,10.3,48.5,57.4,45,履歴少
202630072810,2026-07-28,10,シルバーライダー,3.0,3.0,落合玄太,57.0,8.0,4.0,5.0,門別,3歳以上C4ー2,6.0,2.0,門別,3歳以上C4ー2,1.0,1.0,門別,3歳以上C4ー3,4.0,1.0,門別,ゲッケイジュ特別(C4),3.0,4.0,門別,グランシャリオドリー(C4),11.1,5.0,,nar,2026-07-28,59.12,77.6,42.8,75.1,47.0,57.0,45,履歴少 / 安定感
202630072810,2026-07-28,10,ジャスティンベニス,11.0,8.0,,,,9.0,4.0,門別,グランシャリオドリー(C4),4.0,4.0,門別,3歳以上C4ー2,1.0,1.0,門別,3歳以上C4ー3,3.0,3.0,門別,3歳以上C4ー3,,,門別,3歳以上C4ー2,,,,nar,2026-07-28,47.66,69.0,38.1,59.3,12.0,43.8,45,履歴少
202648072810,2026-07-28,10,ジャスパーノワール,5.0,5.0,渡辺竜也,57.0,9.0,3.0,8.0,名古屋,文月疾風特別(A),9.0,9.0,名古屋,小暑前特別(A),12.0,4.0,名古屋,七変化雨彩特別(A),18.0,16.0,3京都4,朱雀S(3勝クラス),13.0,11.0,2中山2,アクアマリンS(3勝クラス),55.2,8.0,,nar,2026-07-28,48.5,37.3,46.1,30.4,100.0,49.0,45,履歴少 / 近走上向き
202646072810,2026-07-28,10,ジューンノールック,1.0,1.0,米倉知,55.0,11.0,4.0,6.0,金沢,加賀友禅賞【読売レデ(重賞),5.0,7.0,金沢,スマホで投票!楽天競(A1),4.0,4.0,金沢,来週は百万石祭楽しも(A1),4.0,5.0,金沢,お松の方賞(重賞),1.0,3.0,金沢,お家でネット投票!楽(A2),45.9,6.0,,nar,2026-07-28,66.53,76.5,60.2,100.0,47.0,60.9,45,履歴少 / 安定感 / 市場オッズ妙味
202635072810,2026-07-28,10,スズカパンサー,9.0,8.0,望月洵輝,56.0,3.0,8.0,7.0,盛岡,ネモフィラ賞(B1),6.0,4.0,盛岡,レモンポップ特別(B1),4.0,2.0,水沢,オッズパーク賞(B1),4.0,5.0,盛岡,ピンクダイヤモンド賞(B1),1.0,1.0,盛岡,B1B2混合,3.4,1.0,,nar,2026-07-28,48.53,64.8,42.6,44.7,24.5,52.6,45,履歴少
202635072810,2026-07-28,10,スナイチゴールド,5.0,5.0,菅原辰徳,56.0,1.0,3.0,4.0,盛岡,B1二組,5.0,5.0,水沢,ムスカリ賞(B1),4.0,7.0,盛岡,ハイペリカム賞(B1),,,盛岡,いわてくじ山形村短角(B1),8.0,1.0,水沢,B1二組,3.5,2.0,,nar,2026-07-28,61.51,72.6,51.4,75.1,66.0,52.9,45,履歴少 / 近走上向き / 安定感
202648072810,2026-07-28,10,セットクルール,7.0,7.0,加藤聡一,55.0,1.0,1.0,2.0,名古屋,ひまわりの日特別(A),3.0,1.0,名古屋,桧扇特別(A),1.0,2.0,名古屋,黄金穹特別(A),2.0,1.0,名古屋,レディス・アストライ(B),2.0,1.0,名古屋,レディス・ショコラ特(B),2.2,1.0,,nar,2026-07-28,68.42,94.0,48.3,100.0,56.0,52.1,45,履歴少 / 安定感
202648072810,2026-07-28,10,ソーラレイ,2.0,2.0,塚本征吾,57.0,4.0,3.0,4.0,名古屋,ルビー・サンセットオ(A),2.0,4.0,名古屋,八仙花雨幻特別(A),6.0,3.0,名古屋,花菖蒲特別(A),3.0,3.0,名古屋,翡翠特別(A),2.0,2.0,名古屋,夜桜特別(A),3.8,2.0,,nar,2026-07-28,63.44,82.1,51.5,80.2,51.5,55.7,45,履歴少 / 安定感
202646072810,2026-07-28,10,タブラオ,7.0,6.0,中島龍也,57.0,4.0,3.0,4.0,金沢,日本海スプリント(重賞),5.0,4.0,金沢,百万石賞(重賞),1.0,1.0,金沢,スマホで投票!楽天競(A1),1.0,2.0,金沢,楽天競馬で馬券を買お(A1),8.0,3.0,川崎,ブルートシュタインチ(A2B1),5.3,3.0,,nar,2026-07-28,63.68,81.4,47.8,89.7,54.5,54.5,45,履歴少 / 安定感
202646072810,2026-07-28,10,デルマアートマン,9.0,7.0,鈴木太一,57.0,9.0,5.0,6.0,金沢,スマホで投票!楽天競(A1),3.0,5.0,金沢,スマホで投票!楽天競(A1),4.0,4.0,金沢,金沢競馬は楽天競馬で(A2),5.0,4.0,金沢,スマホで投票!楽天競(A1),3.0,3.0,金沢,楽天競馬で馬券を買お(A1),93.6,9.0,,nar,2026-07-28,63.44,75.2,54.6,100.0,42.5,54.8,45,履歴少 / 安定感
202645072810,2026-07-28,10,トニープリンス,7.0,6.0,野畑凌,57.0,9.0,8.0,5.0,川崎,うまさ鉄板!菜速あや(B1B2),,,川崎,一騎当千賞(B1B2),4.0,4.0,川崎,紫電一閃賞(B2),8.0,1.0,川崎,星雲疾駆賞(B2),1.0,2.0,川崎,抜山蓋世賞(B2),20.6,7.0,,nar,2026-07-28,43.07,60.1,32.9,30.1,28.0,49.0,45,履歴少 / 市場オッズ妙味
202646072810,2026-07-28,10,ハクサンツキミテイ,2.0,2.0,加藤翔馬,57.0,3.0,6.0,5.0,金沢,日本海スプリント(重賞),1.0,1.0,金沢,来週は百万石祭楽しも(A1),2.0,1.0,金沢,スマホで投票!楽天競(A1),2.0,1.0,金沢,楽天競馬で馬券を買お(A1),1.0,4.0,金沢,JBCイヤー記念【利(重賞),5.8,4.0,,nar,2026-07-28,58.92,85.1,47.6,69.6,23.0,57.5,45,履歴少 / 安定感
202648072810,2026-07-28,10,ハッピーミーク,8.0,8.0,木之前葵,53.0,6.0,2.0,3.0,名古屋,文月疾風特別(A),5.0,3.0,笠松,撫子争覇(重賞),4.0,3.0,名古屋,湾岸スターC(OP),2.0,1.0,名古屋,ナガバノイシモチソウ(A),3.0,10.0,名古屋,若草賞土古記念(重賞),5.9,3.0,,nar,2026-07-28,67.28,82.0,51.3,100.0,59.0,60.2,45,履歴少 / 安定感
202645072810,2026-07-28,10,ハーンドルフ,1.0,1.0,張田昂,55.0,2.0,8.0,4.0,川崎,一騎当千賞(B1B2),6.0,7.0,川崎,疾風迅雷賞(A2),3.0,4.0,川崎,クイック時計修理新春(B1B2),8.0,3.0,川崎,GREEN×EXPO(A2B1),11.0,1.0,川崎,柿生スプリント(OP)(3歳),3.0,1.0,,nar,2026-07-28,40.96,53.4,32.3,19.8,44.0,43.6,45,履歴少
202646072810,2026-07-28,10,バルミーウェザー,4.0,4.0,栗原大河,57.0,5.0,6.0,2.0,金沢,スマホで投票!楽天競(A1),2.0,2.0,金沢,お家でネット投票!楽(A2),2.0,1.0,金沢,お家でネット投票!楽(A2),1.0,1.0,金沢,お家でネット投票!楽(A2),4.0,2.0,金沢,金沢競馬は楽天競馬で(A2),54.7,7.0,,nar,2026-07-28,55.18,81.8,38.7,69.6,27.5,49.0,45,履歴少 / 安定感
202648072810,2026-07-28,10,パピタ,9.0,8.0,大原浩司,57.0,7.0,6.0,6.0,名古屋,アクアマリンOP(A),10.0,10.0,名古屋,ルビー・サンセットオ(A),12.0,10.0,名古屋,八仙花雨幻特別(A),8.0,9.0,名古屋,花菖蒲特別(A),,5.0,名古屋,スイートピー特別(A),136.0,9.0,,nar,2026-07-28,42.91,37.9,48.1,0.0,74.0,52.7,45,履歴少 / 近走上向き
202635072810,2026-07-28,10,ヒシタイカン,4.0,4.0,斉藤友香,52.0,6.0,4.0,3.0,金沢,としおゆうこ夫妻に感(B2),9.0,3.0,金沢,B26,5.0,1.0,金沢,第2回竹橋おきらく食(B2特別),14.0,12.0,大井,トーラス特別競走(C1),13.0,11.0,大井,北極星特別競走(C1),22.0,7.0,,nar,2026-07-28,47.21,45.9,28.4,50.2,87.5,46.5,45,履歴少 / 近走上向き / 市場オッズ妙味
202646072810,2026-07-28,10,フェイマスダンディ,6.0,6.0,吉田晃浩,57.0,10.0,9.0,6.0,金沢,スマホで投票!楽天競(A1),8.0,7.0,金沢,日本海スプリント(重賞),1.0,5.0,金沢,お家でネット投票!楽(A2),7.0,1.0,金沢,お家でネット投票!楽(A2),1.0,1.0,金沢,お家でネット投票!楽(A2),148.0,11.0,,nar,2026-07-28,44.23,59.6,41.3,30.1,21.5,49.6,45,履歴少
202648072810,2026-07-28,10,フリッパー,1.0,1.0,近藤颯羽,54.0,5.0,4.0,5.0,名古屋,アクアマリンOP(A),6.0,7.0,名古屋,ルビー・サンセットオ(A),7.0,8.0,名古屋,八仙花雨幻特別(A),9.0,8.0,名古屋,エメラルドOP(A),9.0,8.0,名古屋,翡翠特別(A),53.2,7.0,,nar,2026-07-28,53.32,57.3,53.5,30.4,72.5,54.1,45,履歴少 / 近走上向き
202630072810,2026-07-28,10,ブライトソール,1.0,1.0,宮内勇樹,57.0,10.0,8.0,8.0,門別,リョウブ特別(C4),11.0,12.0,門別,グランシャリオドリー(C4),14.0,14.0,門別,グランシャリオドリー(C4),10.0,12.0,門別,ウツギ特別(C4),11.0,12.0,門別,3歳以上C4ー2,528.6,10.0,,nar,2026-07-28,40.82,24.5,54.5,0.0,71.0,56.1,45,履歴少 / 近走上向き
202645072810,2026-07-28,10,ポッドレオ,3.0,3.0,菅原涼太,57.0,7.0,7.0,7.0,川崎,うまさ鉄板!菜速あや(B1B2),5.0,11.0,船橋,半夏生スプリント(B2),4.0,5.0,川崎,千軍万馬賞(B2B3),3.0,6.0,船橋,紫陽花スプリント(B2B3),6.0,12.0,川崎,紫電一閃賞(B2),23.0,8.0,,nar,2026-07-28,60.31,66.2,69.3,59.3,35.0,66.7,45,履歴少 / 人気以上に走る傾向 / 過小評価傾向 / 市場オッズ妙味
202635072810,2026-07-28,10,マイネルアストリア,3.0,3.0,関本玲花,54.0,4.0,2.0,6.0,盛岡,B1二組,6.0,6.0,盛岡,夢・希望未来へ前進(B1),6.0,8.0,水沢,タガノビューティー特(B1),3.0,10.0,水沢,ムスカリ賞(B1),10.0,8.0,盛岡,ハイペリカム賞(B1),4.3,3.0,,nar,2026-07-28,63.48,69.9,67.0,45.0,75.5,63.4,45,履歴少 / 人気以上に走る傾向 / 近走上向き
202635072810,2026-07-28,10,マチカゼ,2.0,2.0,木間塚龍,56.0,5.0,7.0,3.0,盛岡,B1二組,6.0,1.0,盛岡,カッパ淵賞(B1),4.0,3.0,水沢,B1,1.0,3.0,水沢,B1,6.0,2.0,水沢,岩手伝統工芸岩谷堂箪(B1B2),12.5,5.0,,nar,2026-07-28,46.02,66.6,30.5,34.3,33.5,52.9,45,履歴少 / 市場オッズ妙味
202630072810,2026-07-28,10,マナスカイ,5.0,5.0,桑村真明,57.0,3.0,6.0,1.0,門別,グランシャリオドリー(C4),3.0,3.0,門別,グランシャリオドリー(C4),5.0,4.0,門別,日高サラブレッドサブ(C4),5.0,4.0,門別,ゲラニウム特別(C4),1.0,2.0,門別,3歳以上C4ー3,4.9,3.0,,nar,2026-07-28,53.9,72.9,37.7,69.6,35.0,52.9,45,履歴少 / 安定感
202630072810,2026-07-28,10,マリノドゥードゥー,9.0,7.0,近藤翔月,54.0,2.0,4.0,5.0,門別,リョウブ特別(C4),2.0,8.0,門別,北海道野菜王国にった(C4),8.0,7.0,門別,とみくるマルシェ賞(C4),4.0,11.0,佐賀,エリダヌス座特選(C2),10.0,9.0,佐賀,こいぬ座特選(C2),2.8,2.0,,nar,2026-07-28,64.51,68.7,67.6,69.9,62.0,62.2,45,履歴少 / 人気以上に走る傾向 / 安定感
202646072810,2026-07-28,10,マンガン,8.0,7.0,柴田勇真,57.0,8.0,6.0,3.0,金沢,金沢サマーC(重賞),3.0,9.0,金沢,百万石賞(重賞),4.0,5.0,金沢,楽天競馬で馬券を買お(A1),6.0,6.0,金沢,JBCイヤー記念【利(重賞),11.0,10.0,笠松,白銀争覇(重賞),61.0,8.0,,nar,2026-07-28,54.97,65.0,54.7,44.7,50.0,55.5,45,履歴少
202630072810,2026-07-28,10,ミサトベレーザ,4.0,4.0,松井伸也,55.0,4.0,4.0,9.0,門別,グランシャリオドリー(C4),10.0,6.0,門別,グランシャリオドリー(C4),9.0,7.0,門別,日高サラブレッドサブ(C4),4.0,8.0,門別,3歳以上C4ー2,7.0,9.0,門別,3歳以上C4ー2,79.6,9.0,,nar,2026-07-28,54.93,53.7,56.4,45.0,71.0,56.8,45,履歴少 / 近走上向き
202645072810,2026-07-28,10,ミスフォルテ,10.0,7.0,本田正重,53.0,6.0,1.0,2.0,川崎,閃光賞(C1),1.0,3.0,川崎,駿逸賞(C1),9.0,2.0,船橋,馬い!佐賀小松レモン(C1三),3.0,4.0,川崎,菜の花賞(C1),2.0,6.0,船橋,馬い!大寒卵はサンサ(C1),8.5,5.0,,nar,2026-07-28,66.01,84.2,49.9,80.2,66.5,59.8,45,履歴少 / 近走上向き / 安定感
202630072810,2026-07-28,10,ミワクノホウショウ,8.0,7.0,黒澤愛斗,55.0,9.0,7.0,6.0,門別,3歳以上C4ー2,3.0,5.0,門別,3歳以上C4ー2,7.0,4.0,門別,3歳以上C4ー2,1.0,2.0,門別,3歳条件未勝利(未勝利),4.0,4.0,門別,3歳以上C4ー3,49.2,7.0,,nar,2026-07-28,52.96,69.5,48.2,49.8,30.5,55.6,45,履歴少 / 市場オッズ妙味
202645072810,2026-07-28,10,ムーランアルザン,9.0,7.0,加藤雄真,51.0,11.0,2.0,4.0,川崎,閃光賞(C1),6.0,7.0,川崎,電光石火賞(B3),2.0,3.0,川崎,青玉賞(C1),3.0,2.0,川崎,光速賞(C1),8.0,2.0,川崎,進撃賞(C1),53.9,10.0,,nar,2026-07-28,61.76,77.9,52.0,64.7,66.5,51.5,45,履歴少 / 近走上向き / 安定感
202645072810,2026-07-28,10,ラヴォミ,11.0,8.0,岡村健司,55.0,3.0,2.0,3.0,川崎,千軍万馬賞(B2B3),5.0,8.0,川崎,紫電一閃賞(B2),6.0,8.0,川崎,星雲疾駆賞(B2),6.0,6.0,川崎,抜山蓋世賞(B2),4.0,2.0,川崎,唯我独尊賞(B2),4.5,2.0,,nar,2026-07-28,63.61,73.4,58.7,65.7,69.5,59.0,45,履歴少 / 近走上向き / 安定感
202635072810,2026-07-28,10,ロッソ,1.0,1.0,小林凌,56.0,7.0,9.0,9.0,盛岡,B1二組,1.0,7.0,佐賀,ギガンテウム賞,6.0,6.0,佐賀,八十八夜賞(B),5.0,12.0,佐賀,スイートピー特別(B),9.0,8.0,佐賀,チューリップ特別(B),94.5,9.0,,nar,2026-07-28,54.36,61.4,66.9,39.5,27.5,61.3,45,履歴少 / 人気以上に走る傾向
202635072810,2026-07-28,10,ワイドカイゼリン,6.0,6.0,坂井瑛音,53.0,9.0,8.0,8.0,盛岡,B1二組,9.0,6.0,盛岡,カッパ淵賞(B1),10.0,4.0,水沢,B1,2.0,4.0,水沢,シベリアンアイリス賞(B1B2),9.0,6.0,盛岡,ハイペリカム賞(B1),16.1,6.0,,nar,2026-07-28,40.96,45.0,36.3,14.6,47.0,55.3,45,履歴少 / 市場オッズ妙味
202645072811,2026-07-28,11,アイリーズ,14.0,8.0,野畑凌,55.0,4.0,1.0,1.0,浦和,サマーライジングオー(OP)(3歳),7.0,11.0,大井,若竹賞競走(OP)(3歳),12.0,11.0,大井,羽田盃競走(JpnI),2.0,1.0,浦和,ダイヤモンド特別(3歳),9.0,5.0,大井,クラシックチャレンジ(OP)(3歳),3.3,1.0,,nar,2026-07-28,58.11,62.9,51.7,45.0,89.0,53.8,45,履歴少 / 近走上向き
202630072811,2026-07-28,11,アクアトレジャー,2.0,2.0,宮内勇樹,57.0,1.0,2.0,3.0,門別,リョウブ特別(C4),3.0,2.0,門別,アヤメ特別(C4),6.0,3.0,門別,グランシャリオドリー(C4),2.0,4.0,門別,グランシャリオドリー(C4),3.0,3.0,門別,3歳以上C4ー2,2.3,2.0,,nar,2026-07-28,63.4,82.9,48.3,80.2,59.0,52.9,45,履歴少 / 安定感
202635072811,2026-07-28,11,アーリーレッグ,6.0,6.0,鈴木祐,56.0,5.0,8.0,6.0,盛岡,夢・希望未来へ前進(B1),3.0,3.0,盛岡,夢・希望未来へ前進(B1),7.0,1.0,水沢,ムスカリ賞(B1),2.0,2.0,盛岡,ハイペリカム賞(B1),2.0,5.0,盛岡,いわてくじ山形村短角(B1),51.9,8.0,,nar,2026-07-28,48.69,67.5,39.6,49.8,23.0,50.2,45,履歴少
202635072811,2026-07-28,11,イサナ,5.0,5.0,高松亮,56.0,4.0,4.0,2.0,川崎,カペラ賞(B2B3),9.0,7.0,船橋,ニッコウキスゲ特別(B2B3),4.0,5.0,川崎,第39回開成町阿波お(B2B3),5.0,5.0,大井,ケンタウルス賞競走(B2),6.0,7.0,川崎,プロキオン賞(B2B3),3.3,2.0,,nar,2026-07-28,55.58,63.2,44.4,64.7,62.0,53.8,45,履歴少 / 安定感
202630072811,2026-07-28,11,イチリュウオー,5.0,5.0,藤田凌駕,55.0,7.0,7.0,9.0,門別,3歳以上C4ー2,9.0,8.0,門別,道産子ポイントガード(C4),8.0,10.0,門別,門別温泉とねっこの湯(C4),10.0,8.0,門別,ONーAIRDO賞(C4),9.0,5.0,門別,3歳以上C4ー2,122.3,9.0,,nar,2026-07-28,42.8,41.3,50.3,0.0,62.0,51.5,45,履歴少
202648072811,2026-07-28,11,ウィットビーアビー,10.0,7.0,今井貴大,57.0,2.0,6.0,1.0,名古屋,トリトン争覇(重賞),1.0,1.0,名古屋,グランプリ・プレリュ(A),1.0,1.0,名古屋,夜桜特別(A),1.0,1.0,名古屋,春茜特別(A),1.0,1.0,名古屋,フォンダンショコラ特(B),3.2,2.0,,nar,2026-07-28,56.53,87.8,39.4,69.6,20.0,51.7,45,履歴少 / 安定感
202645072811,2026-07-28,11,エスプリアキラサン,5.0,4.0,佐野遥久,55.0,9.0,4.0,3.0,川崎,アルタイル賞(B2B3),1.0,1.0,浦和,初夏特別(3歳),4.0,5.0,大井,東京ダービーチャレン(OP)(3歳),1.0,5.0,浦和,ダイヤモンド特別(3歳),3.0,4.0,川崎,鶴鷸賞(3歳),6.3,2.0,,nar,2026-07-28,66.93,86.3,54.1,100.0,39.5,61.1,45,履歴少 / 安定感
202645072811,2026-07-28,11,オリコウエルドラド,1.0,1.0,御神本訓,55.0,6.0,7.0,11.0,川崎,クラウンC(重賞),5.0,3.0,川崎,椿(OP)(3歳),1.0,2.0,川崎,青鵐特別(3歳),1.0,2.0,川崎,招福特別(3歳),2.0,2.0,川崎,ジングルベル賞(2歳),13.8,8.0,,nar,2026-07-28,59.89,76.6,57.4,69.6,21.5,65.9,45,履歴少 / 安定感 / 過小評価傾向 / 市場オッズ妙味
202645072811,2026-07-28,11,カナールゲイル,9.0,6.0,町田直希,55.0,8.0,2.0,4.0,川崎,要潤さん来場記念(B3二),1.0,1.0,川崎,青葉木菟特別(3歳),4.0,2.0,船橋,手賀沼特別(3歳),1.0,2.0,川崎,アウラー賞(3歳),2.0,2.0,川崎,鶴鷸賞(3歳),11.4,5.0,,nar,2026-07-28,69.4,92.0,52.5,100.0,50.0,61.0,45,履歴少 / 安定感
202648072811,2026-07-28,11,カワテンマックス,8.0,6.0,丸野勝虎,57.0,3.0,4.0,3.0,名古屋,トリトン争覇(重賞),2.0,1.0,名古屋,ウラヌス特別(A),2.0,1.0,名古屋,花菖蒲特別(A),1.0,2.0,名古屋,ポートメテオ特別(A),1.0,2.0,名古屋,八重霞特別(A),10.0,5.0,,nar,2026-07-28,65.1,89.1,46.5,100.0,35.0,59.1,45,履歴少 / 安定感
202648072811,2026-07-28,11,キャルベイクルーズ,6.0,5.0,大畑雅章,57.0,7.0,1.0,1.0,名古屋,アクアマリンOP(A),1.0,3.0,名古屋,桧扇特別(A),2.0,1.0,名古屋,麦秋特別(A),1.0,5.0,名古屋,五月雨特別(A),3.0,4.0,名古屋,ネモフィラ特別(A),71.4,9.0,,nar,2026-07-28,71.83,96.8,56.9,100.0,54.5,57.4,45,履歴少 / 安定感
202645072811,2026-07-28,11,クラウニングカップ,3.0,3.0,鷹見陸,55.0,3.0,1.0,3.0,船橋,手賀沼特別(3歳),3.0,7.0,船橋,たんぽぽ特別(3歳),10.0,8.0,大井,クラシックチャレンジ(OP)(3歳),4.0,1.0,船橋,3歳二　三,3.0,1.0,船橋,ナイキアディライト・(2歳),24.3,11.0,,nar,2026-07-28,65.21,76.6,54.0,80.2,74.0,55.6,45,履歴少 / 近走上向き / 安定感 / 市場オッズ妙味
202645072811,2026-07-28,11,クラムスコイ,10.0,6.0,笹川翼,55.0,1.0,2.0,3.0,船橋,流汗淋漓2200(B2B3),2.0,4.0,船橋,手賀沼特別(3歳),5.0,4.0,船橋,たんぽぽ特別(3歳),1.0,5.0,船橋,3歳二　三,7.0,5.0,船橋,インテリパワー・メモ(3歳),8.1,4.0,,nar,2026-07-28,68.38,84.3,56.9,89.7,60.5,61.5,45,履歴少 / 安定感
202645072811,2026-07-28,11,ゴールドアムレット,4.0,3.0,菅原涼太,53.0,14.0,5.0,2.0,浦和,3歳二,2.0,5.0,浦和,3歳四,6.0,7.0,浦和,3歳三,6.0,9.0,船橋,3歳二　三,7.0,7.0,浦和,浦和800ラウンド(3歳),173.0,14.0,,nar,2026-07-28,57.45,69.6,53.3,55.3,51.5,56.1,45,履歴少
202635072811,2026-07-28,11,サンエイブレーヴ,8.0,8.0,井上瑛太,56.0,7.0,5.0,4.0,盛岡,夢・希望未来へ前進(B1),5.0,7.0,盛岡,浜木綿賞(B1),2.0,7.0,水沢,夢・希望未来へ前進(B1),8.0,2.0,水沢,ムスカリ賞(B1),6.0,4.0,盛岡,夢・希望未来へ前進(B1),20.2,6.0,,nar,2026-07-28,58.71,68.4,50.7,75.1,51.5,55.0,45,履歴少 / 安定感 / 市場オッズ妙味
202648072811,2026-07-28,11,ザイツィンガー,4.0,4.0,村上弘樹,57.0,8.0,2.0,1.0,名古屋,ルビー・サンセットオ(A),3.0,6.0,名古屋,トリトン争覇(重賞),3.0,3.0,名古屋,名古屋CCネプチュー(A),8.0,11.0,2阪神5,大阪ーハンブルクC(OP),4.0,12.0,1小倉6,小倉日経賞(OP),11.1,6.0,,nar,2026-07-28,69.37,79.8,62.0,85.4,65.0,68.7,45,履歴少 / 近走上向き / 安定感 / 過小評価傾向
202630072811,2026-07-28,11,シラカワゴウ,10.0,8.0,井上俊彦,55.0,10.0,7.0,8.0,門別,ラベンダー特別(C4),8.0,7.0,門別,ゴールデンルーキー市(C4),7.0,9.0,船橋,ナイスビット特別(3歳未格),12.0,12.0,2東京1,3歳未勝利,12.0,12.0,2中山2,3歳未勝利,203.0,10.0,,nar,2026-07-28,44.12,40.0,53.1,0.0,66.5,54.8,45,履歴少 / 近走上向き
202635072811,2026-07-28,11,シルバースペード,4.0,4.0,高橋悠里,56.0,9.0,5.0,1.0,盛岡,B1二組,4.0,7.0,盛岡,夢・希望未来へ前進(B1),7.0,4.0,水沢,タガノビューティー特(B1),5.0,5.0,船橋,ディセンバー特別(B3),9.0,7.0,3京都4,障害3歳以上未勝利,16.5,5.0,,nar,2026-07-28,55.57,63.5,41.1,69.9,57.5,58.0,45,履歴少 / 安定感 / 市場オッズ妙味
202635072811,2026-07-28,11,スマートハンター,7.0,7.0,佐々木志,56.0,3.0,5.0,2.0,盛岡,B1,6.0,1.0,水沢,夢・希望未来へ前進(B1),3.0,2.0,水沢,麦秋特別(A),1.0,3.0,盛岡,株式会社カナンフーズ(B1),1.0,2.0,水沢,B1二組,13.6,4.0,,nar,2026-07-28,56.2,77.1,36.3,75.1,36.5,57.2,45,履歴少 / 安定感 / 市場オッズ妙味
202630072811,2026-07-28,11,スーパーチャージ,8.0,7.0,落合玄太,57.0,2.0,3.0,2.0,門別,リョウブ特別(C4),2.0,3.0,門別,アヤメ特別(C4),4.0,3.0,門別,日高サラブレッドサブ(C4),15.0,15.0,4中山3,3歳未勝利,12.0,11.0,2東京5,3歳未勝利,1.7,1.0,,nar,2026-07-28,59.95,64.7,47.5,75.1,81.5,51.0,45,履歴少 / 近走上向き / 安定感
202635072811,2026-07-28,11,タイセイストラーダ,3.0,3.0,山本政聡,56.0,1.0,1.0,2.0,盛岡,夢・希望未来へ前進(B1),1.0,2.0,盛岡,夢・希望未来へ前進(B1),2.0,2.0,水沢,タガノビューティー特(B1),2.0,3.0,水沢,朝顔賞(B1),3.0,5.0,盛岡,B1三組,2.1,1.0,,nar,2026-07-28,71.41,95.6,56.3,100.0,56.0,56.4,45,履歴少 / 安定感
202648072811,2026-07-28,11,タマモサイジョ,1.0,1.0,近藤颯羽,55.0,11.0,1.0,2.0,名古屋,あすなろ杯(BC),1.0,1.0,名古屋,B11組,4.0,3.0,名古屋,"1,700m戦三崎池(B)",4.0,1.0,名古屋,B10組,10.0,6.0,笠松,西濃OP(A),61.9,8.0,,nar,2026-07-28,65.17,84.3,44.8,89.7,72.5,49.0,45,履歴少 / 近走上向き / 安定感
202648072811,2026-07-28,11,ダグフォース,12.0,8.0,明星晴大,57.0,10.0,2.0,1.0,笠松,夏空特別(A),6.0,5.0,門別,ソフトカツゲン発売7(A3),6.0,5.0,門別,シャクヤク特別(A1),8.0,3.0,門別,スミレ特別(A3),7.0,6.0,姫路,白鷺賞(重賞),84.5,10.0,,nar,2026-07-28,52.22,66.6,38.9,30.4,78.5,47.7,45,履歴少 / 近走上向き
202630072811,2026-07-28,11,ツキヨザクラ,3.0,3.0,黒澤愛斗,55.0,3.0,6.0,7.0,門別,リョウブ特別(C4),7.0,9.0,門別,北海道野菜王国にった(C4),11.0,11.0,門別,グランシャリオドリー(C4),6.0,12.0,門別,グランシャリオドリー(C4),11.0,10.0,門別,3歳以上C4ー2,73.3,8.0,,nar,2026-07-28,48.21,46.0,61.0,0.0,66.5,58.7,45,履歴少 / 近走上向き
202645072811,2026-07-28,11,トップランカー,6.0,4.0,岡村健司,54.0,7.0,1.0,1.0,船橋,3歳二,2.0,2.0,船橋,3歳四,1.0,4.0,船橋,スズランデビュー(2歳),,,,,,,,,15.5,9.0,,nar,2026-07-28,69.83,97.3,55.5,75.1,53.0,67.0,45,履歴少 / 安定感 / 過小評価傾向 / 市場オッズ妙味
202630072811,2026-07-28,11,トーケンナナ,4.0,4.0,吉本隆記,55.0,8.0,7.0,7.0,門別,グランシャリオドリー(C4),4.0,10.0,門別,グランシャリオドリー(C4),10.0,12.0,門別,日高サラブレッドサブ(C4),7.0,12.0,門別,ゲラニウム特別(C4),8.0,4.0,門別,3歳以上C4ー2,32.7,6.0,,nar,2026-07-28,52.75,52.4,65.4,24.9,51.5,62.1,45,履歴少 / 人気以上に走る傾向 / 市場オッズ妙味
202648072811,2026-07-28,11,ドナギニー,11.0,8.0,吉原寛人,55.0,5.0,5.0,6.0,川崎,中原OP(OP)(3歳),8.0,8.0,船橋,皐月盃(OP)(4上),14.0,13.0,大井,ブリリアントカップ競(重賞),12.0,8.0,船橋,クイーン賞(JpnIII),7.0,3.0,川崎,川崎マイラーズ(重賞),17.3,7.0,,nar,2026-07-28,47.25,38.8,43.8,30.4,81.5,56.9,45,履歴少 / 近走上向き / 市場オッズ妙味
202645072811,2026-07-28,11,ハネダブライアン,13.0,8.0,本田正重,54.0,13.0,3.0,3.0,川崎,アンドロメダ賞(C1),5.0,7.0,船橋,平和賞(重賞),1.0,1.0,川崎,影武者賞(2歳),4.0,4.0,船橋,チバテレ盃(OP)(2歳),,,川崎,若武者(重賞),6.6,3.0,,nar,2026-07-28,65.68,81.8,53.9,89.7,52.0,59.7,45,履歴少 / 安定感
202645072811,2026-07-28,11,バレンタインギフト,12.0,7.0,張田昂,55.0,11.0,4.0,2.0,浦和,若駒特別(3歳),14.0,9.0,川崎,クラウンC(重賞),4.0,5.0,川崎,椿(OP)(3歳),1.0,4.0,川崎,初夢賞(3歳),3.0,3.0,川崎,影武者賞(2歳),119.1,13.0,,nar,2026-07-28,54.95,61.4,41.5,75.1,59.0,51.5,45,履歴少 / 安定感
202635072811,2026-07-28,11,ビクトリーサイト,2.0,2.0,関本玲花,54.0,2.0,2.0,11.0,盛岡,夢・希望未来へ前進(B1),9.0,9.0,盛岡,浜木綿賞(B1),9.0,10.0,水沢,夢・希望未来へ前進(B1),9.0,10.0,水沢,朝顔賞(B1),7.0,8.0,盛岡,夢・希望未来へ前進(B1),21.8,7.0,,nar,2026-07-28,60.46,54.7,72.3,30.4,89.0,64.1,45,履歴少 / 人気以上に走る傾向 / 近走上向き / 市場オッズ妙味
202630072811,2026-07-28,11,ブールヴァルディエ,1.0,1.0,亀井洋司,57.0,6.0,5.0,6.0,門別,ラベンダー特別(C4),6.0,7.0,門別,アヤメ特別(C4),7.0,9.0,門別,とみくるマルシェ賞(C4),5.0,10.0,門別,えんどう豆生まれドリ(C4),8.0,8.0,門別,3歳以上C4ー2,70.3,7.0,,nar,2026-07-28,57.01,60.4,61.7,45.0,59.0,59.4,45,履歴少
202645072811,2026-07-28,11,ベアアスムイ,11.0,7.0,増田充宏,53.0,10.0,1.0,10.0,川崎,手鞠花特別(B3二),2.0,3.0,川崎,カサブランカOP(3歳),3.0,5.0,川崎,鳥語花香賞(3歳),4.0,5.0,川崎,アクアマリンフラワー(3歳),3.0,6.0,川崎,シャイニングジュニア(2歳),18.4,10.0,,nar,2026-07-28,77.91,89.7,76.9,100.0,62.0,74.4,45,履歴少 / 人気以上に走る傾向 / 安定感 / 過小評価傾向
202648072811,2026-07-28,11,ベント,7.0,6.0,渡辺竜也,57.0,1.0,1.0,5.0,名古屋,トリトン争覇(重賞),1.0,4.0,名古屋,花菖蒲特別(A),5.0,2.0,名古屋,サンドクッキー特別(A),1.0,1.0,名古屋,風待草特別(A),1.0,1.0,名古屋,岡崎特別(A),3.2,1.0,,nar,2026-07-28,71.81,93.7,59.6,100.0,56.0,57.6,45,履歴少 / 安定感
202630072811,2026-07-28,11,ホウオウプラージュ,7.0,7.0,岩橋勇二,55.0,9.0,6.0,5.0,門別,ラベンダー特別(C4),4.0,6.0,門別,アヤメ特別(C4),8.0,9.0,門別,グランシャリオドリー(C4),8.0,7.0,門別,グランシャリオドリー(C4),6.0,5.0,門別,3歳以上C4ー2,23.9,5.0,,nar,2026-07-28,50.35,58.5,51.0,24.9,53.0,56.3,45,履歴少 / 市場オッズ妙味
202648072811,2026-07-28,11,ボックスオフィス,2.0,2.0,塚本征吾,57.0,4.0,1.0,3.0,名古屋,ルビー・サンセットオ(A),1.0,1.0,名古屋,七変化雨彩特別(A),5.0,1.0,名古屋,小満特別(A),2.0,2.0,名古屋,春茜特別(A),1.0,2.0,名古屋,女郎花特別(A),7.3,4.0,,nar,2026-07-28,69.26,92.5,49.4,100.0,57.5,57.8,45,履歴少 / 安定感
202648072811,2026-07-28,11,マッドルーレット,3.0,3.0,加藤聡一,57.0,6.0,5.0,2.0,名古屋,トリトン争覇(重賞),1.0,2.0,名古屋,ウラヌス特別(A),1.0,3.0,名古屋,東海菊花賞(重賞),2.0,2.0,名古屋,ゴールド争覇(重賞),5.0,1.0,名古屋,名港盃(重賞),5.0,3.0,,nar,2026-07-28,62.99,85.8,45.2,100.0,33.5,54.2,45,履歴少 / 安定感
202635072811,2026-07-28,11,ミライヘノシンゲキ,1.0,1.0,山本聡哉,56.0,6.0,3.0,1.0,盛岡,夢・希望未来へ前進(B1),2.0,1.0,盛岡,夢・希望未来へ前進(B1),3.0,1.0,水沢,タガノビューティー特(B1),1.0,2.0,盛岡,B1三組,1.0,2.0,盛岡,夢・希望未来へ前進(B2),4.5,3.0,,nar,2026-07-28,64.73,90.0,43.0,100.0,42.5,54.5,45,履歴少 / 安定感
202630072811,2026-07-28,11,ラブレガル,9.0,8.0,渡辺準己,54.0,4.0,4.0,2.0,門別,ラベンダー特別(C4),3.0,6.0,門別,北海道野菜王国にった(C4),3.0,7.0,門別,グランシャリオドリー(C4),5.0,6.0,門別,グランシャリオドリー(C4),3.0,6.0,門別,3歳以上C4ー2,12.4,3.0,,nar,2026-07-28,67.97,79.2,59.7,100.0,47.0,66.6,45,履歴少 / 安定感 / 過小評価傾向 / 市場オッズ妙味
202635072811,2026-07-28,11,リュウノハイル,9.0,8.0,塚本涼人,56.0,8.0,6.0,9.0,盛岡,夢・希望未来へ前進(B1),8.0,8.0,盛岡,浜木綿賞(B1),3.0,8.0,水沢,夢・希望未来へ前進(B1),2.0,4.0,水沢,ムスカリ賞(B1),5.0,9.0,盛岡,夢・希望未来へ前進(B1),56.7,9.0,,nar,2026-07-28,58.47,66.2,68.2,44.7,41.0,62.6,45,履歴少 / 人気以上に走る傾向
202645072811,2026-07-28,11,レジェンドマスター,8.0,5.0,藤本現暉,55.0,5.0,1.0,1.0,船橋,麻綿原特別(3歳),3.0,5.0,船橋,ナイスビット特別(3歳未格),4.0,3.0,船橋,ナイスサドル特別(3歳未格),4.0,1.0,船橋,花見月特別(3歳),2.0,7.0,船橋,如月賞(3歳),28.8,12.0,,nar,2026-07-28,68.87,86.9,52.7,100.0,63.5,55.5,45,履歴少 / 安定感
202630072811,2026-07-28,11,レヴァンターセ,6.0,6.0,小野楓馬,57.0,5.0,7.0,1.0,門別,ゴールデンルーキー市(C4),,,門別,3歳以上C4ー2,10.0,15.0,3京都9,3歳未勝利,9.0,10.0,1中京6,3歳未勝利,14.0,11.0,2京都5,3歳未勝利,12.8,4.0,,nar,2026-07-28,41.24,35.4,40.7,0.0,74.0,58.4,45,履歴少 / 近走上向き / 市場オッズ妙味
202648072811,2026-07-28,11,ロイヤルペガサス,5.0,5.0,柿原翔,57.0,9.0,10.0,9.0,大井,ジュライ賞競走(OP)(3上),8.0,8.0,川崎,川崎スパーキングスプ(重賞),15.0,15.0,大井,大井記念競走(重賞),11.0,9.0,大井,神田川オープン競走(OP)(4上),1.0,11.0,大井,エイプリル賞競走(A2B1),178.3,11.0,,nar,2026-07-28,40.87,32.7,53.1,10.3,42.5,58.1,45,履歴少
202645072811,2026-07-28,11,ロックシュガー,7.0,5.0,和田譲治,53.0,2.0,2.0,2.0,川崎,半夏生特別(B3二),4.0,4.0,川崎,手鞠花特別(B3二),3.0,4.0,浦和,ポピー特別(3歳),7.0,8.0,大井,東京プリンセス賞競走(重賞),1.0,3.0,川崎,鳥語花香賞(3歳),13.0,7.0,,nar,2026-07-28,66.62,81.4,53.9,85.4,60.5,63.5,45,履歴少 / 安定感 / 市場オッズ妙味
202645072811,2026-07-28,11,ロードレイジング,2.0,2.0,古岡勇樹,56.0,12.0,9.0,5.0,川崎,クラウンC(重賞),15.0,16.0,2中山6,フジTVスプリングS(GII),13.0,10.0,大井,雲取賞競走(JpnIII),4.0,2.0,浦和,ニューイヤーC(重賞),3.0,3.0,船橋,平和賞(重賞),13.0,6.0,,nar,2026-07-28,38.82,31.5,37.0,24.9,48.5,55.7,45,履歴少 / 市場オッズ妙味
202648072811,2026-07-28,11,ヴェルテックス,9.0,7.0,山田祥雄,57.0,12.0,7.0,7.0,金沢,百万石賞(重賞),,,金沢,利家盃【百万石賞トラ(重賞),4.0,2.0,金沢,金沢スプリングC(重賞),1.0,2.0,金沢,スプリング特別【金沢(4歳),2.0,2.0,金沢,スマホで投票!楽天競(A1),267.6,12.0,,nar,2026-07-28,51.8,73.1,47.7,44.7,22.0,52.7,45,履歴少
202645072812,2026-07-28,12,アイノシャンティー,5.0,5.0,鷹見陸,54.0,4.0,6.0,6.0,川崎,ブラックジャック賞(C1),4.0,3.0,川崎,スフィーダ賞(C1),10.0,9.0,船橋,ほたる特別(C1),1.0,6.0,川崎,オプレンシア賞(C1),9.0,5.0,川崎,C1一　二,8.6,5.0,,nar,2026-07-28,52.3,61.0,49.1,39.5,50.0,58.5,45,履歴少
202635072812,2026-07-28,12,アップタウン,9.0,6.0,塚本涼人,54.0,6.0,5.0,5.0,浦和,サマーライジングオー(OP)(3歳),13.0,11.0,川崎,関東オークス【指定交(JpnII),1.0,1.0,川崎,カサブランカOP(3歳),3.0,4.0,水沢,留守杯日高賞(重賞),4.0,4.0,船橋,チューリップ特別(3歳),24.5,8.0,,nar,2026-07-28,56.12,61.5,47.5,75.1,51.5,55.6,45,履歴少 / 安定感 / 市場オッズ妙味
202648072812,2026-07-28,12,アップメイヒメ,7.0,6.0,,,,9.0,7.0,名古屋,C10組,10.0,10.0,名古屋,金シャチ最終戦(C),2.0,8.0,名古屋,C12組,6.0,9.0,名古屋,C19組,5.0,9.0,名古屋,C21組,,,,nar,2026-07-28,49.24,51.9,60.0,30.1,30.5,61.0,45,履歴少
202645072812,2026-07-28,12,アマモト,8.0,8.0,古岡勇樹,56.0,7.0,3.0,5.0,川崎,仙人草賞(C1),8.0,4.0,川崎,C1一　二,2.0,7.0,川崎,開成町賞(C1),1.0,5.0,川崎,C1三,8.0,3.0,川崎,折鶴蘭賞(C1),4.5,2.0,,nar,2026-07-28,61.39,73.8,54.7,64.7,60.5,57.7,45,履歴少 / 安定感
202630072812,2026-07-28,12,アライグマパンチ,3.0,3.0,桑村真明,56.0,3.0,5.0,7.0,門別,星の降る里・芦別健夏(B1),4.0,3.0,門別,夕張メロン、味は特別(A4),1.0,4.0,船橋,イナヅマダッシュ(C1),4.0,1.0,浦和,上尾市観光協会「あっ(C1),1.0,1.0,浦和,あれ幸せ暮らしイイじ(C1C2),31.2,5.0,,nar,2026-07-28,64.16,80.8,53.6,100.0,35.0,56.9,45,履歴少 / 安定感 / 市場オッズ妙味
202630072812,2026-07-28,12,アンヘル,8.0,8.0,石川倭,55.0,1.0,1.0,1.0,門別,第54回アポイの火祭(B4),1.0,1.0,門別,キングサリ特別(B4),1.0,1.0,門別,rapora賞(C3),2.0,2.0,門別,グランシャリオドリー(C3),1.0,1.0,門別,3歳以上C4ー2,1.1,1.0,,nar,2026-07-28,69.41,98.8,50.0,100.0,51.5,50.4,45,履歴少 / 安定感
202645072812,2026-07-28,12,アーサ,2.0,2.0,新原周馬,56.0,6.0,10.0,6.0,川崎,仙人草賞(C1),12.0,9.0,川崎,末摘花特別(B3二),3.0,10.0,浦和,さいたま推奨土産品賞(B3),10.0,3.0,川崎,ファイナルアンサー賞(B3),6.0,7.0,浦和,浦和競馬×netke(B3),30.7,7.0,,nar,2026-07-28,38.82,38.4,39.5,19.8,36.5,52.4,45,履歴少 / 市場オッズ妙味
202630072812,2026-07-28,12,イイデマイヒメ,5.0,5.0,宮内勇樹,56.0,4.0,7.0,2.0,門別,星の降る里・芦別健夏(B1),2.0,3.0,門別,日高町建設協会特別(A4),1.0,4.0,門別,ラナンキュラス特別(B1),6.0,6.0,門別,エピファネイア・プレ(B2),9.0,7.0,門別,闘いの日々に喝采を特(A4),12.4,3.0,,nar,2026-07-28,52.67,71.0,43.8,44.7,35.0,58.8,45,履歴少 / 市場オッズ妙味
202645072812,2026-07-28,12,イルフロッタント,4.0,4.0,和田譲治,53.0,5.0,7.0,7.0,川崎,姫百合賞(C1),8.0,4.0,川崎,青葉木菟特別(3歳),4.0,2.0,川崎,カサブランカOP(3歳),8.0,8.0,名古屋,東海クイーンC(重賞),5.0,5.0,佐賀,フォーマルハウト賞(重賞),20.5,6.0,,nar,2026-07-28,46.03,55.2,40.3,30.1,45.5,52.4,45,履歴少 / 市場オッズ妙味
202648072812,2026-07-28,12,ウタカタ,3.0,3.0,木之前葵,53.0,8.0,10.0,7.0,名古屋,C10組,7.0,1.0,名古屋,金シャチ最終戦(C),11.0,6.0,名古屋,たつや&ともみ2周年(C),3.0,3.0,名古屋,星香20代最後の第4(C),5.0,4.0,名古屋,蘭ちゃん1歳お誕生日(C),9.3,5.0,,nar,2026-07-28,36.57,44.7,25.5,24.9,29.0,49.7,45,履歴少
202635072812,2026-07-28,12,エイシンリファイン,10.0,6.0,筒井勇介,54.0,8.0,2.0,2.0,笠松,付知川特別(3歳),6.0,5.0,笠松,新緑賞(重賞),3.0,7.0,笠松,クイーンC(重賞),4.0,1.0,笠松,姫街道特別(3歳),1.0,2.0,笠松,チャレンジ(OP)(2歳),48.5,10.0,,nar,2026-07-28,63.57,80.9,51.4,75.1,59.0,56.9,45,履歴少 / 安定感 / 市場オッズ妙味
202635072812,2026-07-28,12,カクメイショヤ,11.0,7.0,鈴木祐,54.0,14.0,12.0,10.0,盛岡,アンバー賞(3歳),11.0,10.0,盛岡,3歳B2二組,12.0,12.0,水沢,3歳B2一組,10.0,10.0,水沢,3歳B2二組,9.0,11.0,水沢,3歳B2一組,590.5,14.0,,nar,2026-07-28,32.99,18.8,45.4,0.0,41.0,52.9,45,履歴少
202635072812,2026-07-28,12,コロッセウム,2.0,2.0,山本政聡,56.0,9.0,3.0,3.0,盛岡,サファイア賞(重賞),1.0,2.0,水沢,3歳C1二組,12.0,9.0,2東京5,3歳未勝利,8.0,13.0,2東京1,3歳未勝利,7.0,10.0,3中山3,3歳未勝利,6.9,4.0,,nar,2026-07-28,59.98,64.6,54.9,55.3,74.0,62.1,45,履歴少 / 近走上向き
202635072812,2026-07-28,12,コンヨバンコク,1.0,1.0,木間塚龍,56.0,3.0,10.0,14.0,大井,優駿スプリント競走(重賞),13.0,16.0,大井,東京ダービー競走(JpnI),12.0,6.0,船橋,東京湾C(重賞),4.0,6.0,川崎,クラウンC(重賞),3.0,1.0,船橋,船橋フューチュリティ(3歳),5.2,3.0,,nar,2026-07-28,42.44,31.6,56.0,24.9,38.0,57.7,45,履歴少
202648072812,2026-07-28,12,サンルーナ,11.0,8.0,丹羽克輝,55.0,5.0,7.0,5.0,名古屋,C11組,3.0,6.0,名古屋,C23組,8.0,6.0,名古屋,蘭ちゃん1歳お誕生日(C),4.0,9.0,名古屋,C22組,8.0,10.0,名古屋,C27組,20.9,8.0,,nar,2026-07-28,53.01,61.1,54.8,39.5,42.5,60.2,45,履歴少 / 市場オッズ妙味
202648072812,2026-07-28,12,シグナトリー,10.0,7.0,近藤颯羽,52.0,9.0,11.0,9.0,名古屋,C10組,3.0,9.0,名古屋,金シャチ最終戦(C),7.0,8.0,名古屋,C11組,11.0,7.0,名古屋,C12組,4.0,3.0,名古屋,C19組,8.3,4.0,,nar,2026-07-28,45.7,48.1,52.8,35.3,21.5,59.0,45,履歴少
202648072812,2026-07-28,12,シャインモノリス,6.0,5.0,山田祥雄,57.0,1.0,6.0,8.0,名古屋,なお、いつもありがと(C),8.0,6.0,名古屋,金シャチ最終戦(C),8.0,5.0,名古屋,C14組,3.0,5.0,名古屋,C24組,6.0,7.0,名古屋,C25組,71.1,11.0,,nar,2026-07-28,47.55,56.4,49.4,14.6,51.5,53.5,45,履歴少
202635072812,2026-07-28,12,ジュエルレジーナ,7.0,5.0,小林凌,54.0,13.0,9.0,12.0,盛岡,サファイア賞(重賞),10.0,10.0,水沢,3歳C1一組,10.0,12.0,水沢,3歳B2二組,7.0,11.0,盛岡,3歳B2一組,6.0,11.0,盛岡,3歳B2二組,434.7,13.0,,nar,2026-07-28,45.2,37.2,66.9,0.0,45.5,62.6,45,履歴少 / 人気以上に走る傾向
202630072812,2026-07-28,12,ジョルジュ,7.0,7.0,岩橋勇二,57.0,8.0,9.0,7.0,門別,ステラヴェローチェ賞(A4),6.0,6.0,門別,コントレイル・プレミ(B1),5.0,3.0,門別,ラナンキュラス特別(B1),5.0,4.0,門別,ホクレンえん麦特別(A4),2.0,4.0,門別,門別なら4倍!SPA(B1),26.2,4.0,,nar,2026-07-28,47.1,58.8,43.4,44.7,23.0,54.3,45,履歴少 / 市場オッズ妙味
202635072812,2026-07-28,12,ソラーロ,4.0,3.0,高松亮,56.0,5.0,2.0,2.0,盛岡,サファイア賞(重賞),7.0,7.0,2東京7,3歳1勝クラス,9.0,8.0,1小倉7,あすなろ賞(1勝クラス),9.0,10.0,5阪神5,ポインセチアS(OP),1.0,4.0,4中京2,2歳新馬,3.2,1.0,,nar,2026-07-28,56.84,63.6,51.8,40.7,77.0,56.9,45,履歴少 / 近走上向き
202648072812,2026-07-28,12,タクティカ,9.0,7.0,加藤利征,55.0,10.0,9.0,9.0,名古屋,C8組,6.0,11.0,名古屋,金シャチ最終戦(C),8.0,11.0,名古屋,父の日のプレゼントな(C),2.0,7.0,名古屋,C16組,7.0,10.0,名古屋,C18組,7.3,3.0,,nar,2026-07-28,51.34,53.4,70.1,14.6,30.5,68.9,45,履歴少 / 人気以上に走る傾向 / 過小評価傾向
202645072812,2026-07-28,12,タケノロイヤル,3.0,3.0,野畑凌,54.0,3.0,4.0,3.0,川崎,姫百合賞(C1),13.0,12.0,川崎,手鞠花特別(B3二),5.0,3.0,川崎,開成町賞(C1),2.0,7.0,川崎,初詣賞(C1),8.0,1.0,川崎,ありがとう山崎誠士騎(C1),5.3,4.0,,nar,2026-07-28,53.83,55.5,43.4,64.7,68.0,53.2,45,履歴少 / 近走上向き / 安定感
202635072812,2026-07-28,12,ディオニス,6.0,4.0,山本聡哉,56.0,10.0,1.0,1.0,水沢,スプリングC(重賞),1.0,1.0,水沢,金杯(重賞),4.0,3.0,盛岡,南部駒賞(重賞),2.0,2.0,盛岡,ネクストスター盛岡(重賞),1.0,1.0,盛岡,2歳,4.1,2.0,,nar,2026-07-28,68.98,94.1,48.6,100.0,56.0,55.4,45,履歴少 / 安定感
202630072812,2026-07-28,12,バリジグリー,1.0,1.0,小川悠汰,53.0,6.0,10.0,9.0,門別,星の降る里・芦別健夏(B1),8.0,9.0,門別,コントレイル・プレミ(B1),11.0,9.0,門別,北海優駿〔H1〕(重賞),7.0,7.0,門別,ベロニカ特別(A1),6.0,6.0,園田,西日本クラシック(重賞),222.5,8.0,,nar,2026-07-28,38.03,37.2,46.9,0.0,38.0,52.2,45,履歴少
202630072812,2026-07-28,12,バンカブルスター,6.0,6.0,小野楓馬,56.0,7.0,6.0,9.0,門別,ステラヴェローチェ賞(A4),7.0,7.0,門別,コントレイル・プレミ(B1),5.0,1.0,門別,クレマチス特別(B2),2.0,4.0,門別,キタサンブラック・プ(B2),3.0,3.0,門別,キズナ・プレミアム(B2),33.2,6.0,,nar,2026-07-28,53.96,66.7,52.9,44.7,39.5,56.9,45,履歴少 / 市場オッズ妙味
202635072812,2026-07-28,12,ヒナタ,13.0,8.0,井上瑛太,54.0,4.0,1.0,1.0,盛岡,3歳B2二組,1.0,1.0,盛岡,3歳C1一組,1.0,1.0,水沢,3歳C1一組,1.0,1.0,盛岡,3歳C2一組,12.0,9.0,1中京6,3歳未勝利,8.2,5.0,,nar,2026-07-28,68.15,90.9,47.8,89.7,66.5,57.0,45,履歴少 / 近走上向き / 安定感
202648072812,2026-07-28,12,ビックピカンテ,8.0,6.0,小笠原羚,52.0,2.0,6.0,4.0,名古屋,C10組,9.0,2.0,名古屋,金シャチ最終戦(C),2.0,7.0,名古屋,たつや&ともみ2周年(C),4.0,6.0,名古屋,C20組,3.0,6.0,名古屋,C23組,2.2,1.0,,nar,2026-07-28,51.3,65.2,44.7,44.7,41.0,54.0,45,履歴少
202648072812,2026-07-28,12,フィロンドール,5.0,5.0,細川智史,55.0,4.0,10.0,11.0,名古屋,伊良湖疾風戦(C),9.0,8.0,名古屋,しゅんさや結婚記念(C),8.0,11.0,名古屋,C8組,6.0,9.0,名古屋,C11組,11.0,9.0,名古屋,せいなちゃんハーフ成(C),10.5,6.0,,nar,2026-07-28,42.02,37.0,56.1,0.0,41.0,62.6,45,履歴少
202648072812,2026-07-28,12,フェイントライト,1.0,1.0,丸野勝虎,55.0,7.0,6.0,10.0,名古屋,C9組,3.0,7.0,名古屋,C9組,8.0,7.0,名古屋,C9組,11.0,9.0,名古屋,金シャチ最終戦(C),4.0,8.0,名古屋,C16組,6.8,2.0,,nar,2026-07-28,56.06,58.6,65.0,35.3,53.0,64.0,45,履歴少
202645072812,2026-07-28,12,プレストマーヴェル,7.0,7.0,山中悠希,54.0,8.0,10.0,9.0,川崎,姫百合賞(C1),5.0,8.0,川崎,神楽酒造盃くろうま賞(C1C2),12.0,11.0,川崎,花菱草賞(C1),11.0,11.0,浦和,アクアマリン特別(C1),11.0,8.0,浦和,陸離の編纂者クロノ記(C1),61.8,8.0,,nar,2026-07-28,41.7,32.8,49.6,24.9,48.5,52.2,45,履歴少
202635072812,2026-07-28,12,ベアコルム,14.0,8.0,山本聡紀,54.0,7.0,5.0,2.0,盛岡,やまびこ賞(重賞),1.0,3.0,水沢,ウイナーC(重賞),1.0,1.0,水沢,3歳B1,1.0,1.0,盛岡,3歳B2一組,1.0,1.0,水沢,3歳B2一組,18.2,7.0,,nar,2026-07-28,64.83,90.3,47.1,100.0,26.0,61.6,45,履歴少 / 安定感 / 市場オッズ妙味
202648072812,2026-07-28,12,ベッラフロー,4.0,4.0,大畑雅章,55.0,,6.0,11.0,名古屋,C10組,12.0,10.0,名古屋,金シャチ最終戦(C),9.0,9.0,名古屋,C14組,5.0,3.0,名古屋,C23組,4.0,5.0,名古屋,C25組,44.4,10.0,,nar,2026-07-28,48.95,46.1,55.8,24.9,59.0,57.6,45,履歴少 / 市場オッズ妙味
202645072812,2026-07-28,12,ホウオウジュビリー,1.0,1.0,澤田龍哉,54.0,2.0,4.0,6.0,浦和,トワイライトマジック(C1),12.0,12.0,船橋,馬い!サンサンエッグ(B3),5.0,5.0,浦和,さいたま推奨土産品賞(B3),7.0,4.0,浦和,梅見月特別(B3),12.0,2.0,船橋,海神スプリント(B3),5.3,3.0,,nar,2026-07-28,51.2,48.4,44.0,50.2,80.0,49.9,45,履歴少 / 近走上向き
202635072812,2026-07-28,12,ムーンウォーリア,3.0,3.0,岩本怜,56.0,2.0,8.0,6.0,金沢,兼六園スプリント(重賞),18.0,16.0,3阪神2,3歳以上1勝クラス,1.0,1.0,笠松,まだまだ行くぞ!シン(3歳),1.0,1.0,笠松,若葉特別(3歳),2.0,2.0,笠松,梅花特別(3歳),94.3,11.0,,nar,2026-07-28,47.35,57.2,42.3,44.7,35.0,50.9,45,履歴少
202648072812,2026-07-28,12,メイショウウミカゼ,2.0,2.0,阪野学,57.0,6.0,7.0,9.0,名古屋,C9組,4.0,4.0,名古屋,C11組,7.0,10.0,名古屋,金シャチ最終戦(C),6.0,8.0,名古屋,C17組,5.0,3.0,名古屋,もちゃ5歳だねくぃー(C),27.0,9.0,,nar,2026-07-28,53.17,60.8,59.0,35.3,41.0,59.5,45,履歴少 / 市場オッズ妙味
202645072812,2026-07-28,12,ライヴドライバー,6.0,6.0,佐野遥久,56.0,1.0,1.0,6.0,川崎,あやせオープンファク(C1),10.0,6.0,川崎,C1一　二,14.0,15.0,2東京2,4歳以上1勝クラス,15.0,7.0,1福島4,4歳以上1勝クラス,14.0,13.0,3中山2,4歳以上1勝クラス,2.2,1.0,,nar,2026-07-28,48.52,37.4,46.1,30.4,100.0,48.8,45,履歴少 / 近走上向き
202630072812,2026-07-28,12,ラストボーン,2.0,2.0,近藤翔月,55.0,5.0,4.0,8.0,門別,星の降る里・芦別健夏(B1),5.0,5.0,門別,とままえメロン特別(B3),8.0,6.0,門別,胆振軽種馬農業協同組(B3),5.0,7.0,門別,スワーヴリチャード・(B3),10.0,4.0,門別,ノーザンホースパーク(B3),33.8,7.0,,nar,2026-07-28,58.81,61.6,53.4,69.9,68.0,55.0,45,履歴少 / 近走上向き / 安定感 / 市場オッズ妙味
202635072812,2026-07-28,12,ラミアメロディア,5.0,4.0,高橋悠里,54.0,11.0,6.0,4.0,川崎,フォーカード賞(C1),4.0,9.0,川崎,ジューンフラワー賞(3歳),7.0,3.0,川崎,花天月地賞(3歳),3.0,6.0,大井,’26桃花賞(OP)(3歳),5.0,4.0,川崎,シャイニングドリーム(OP)(2歳),14.1,6.0,,nar,2026-07-28,55.24,66.7,51.3,49.8,42.5,61.9,45,履歴少 / 市場オッズ妙味
202635072812,2026-07-28,12,レッツゴーファイト,12.0,7.0,南郷家全,56.0,12.0,8.0,11.0,盛岡,アンバー賞(3歳),6.0,11.0,盛岡,アメジスト賞(3歳),6.0,8.0,水沢,3歳C2一組,7.0,5.0,盛岡,3歳C2一組,5.0,4.0,盛岡,3歳C2二組,401.3,12.0,,nar,2026-07-28,49.4,54.8,65.1,10.3,38.0,58.1,45,履歴少 / 人気以上に走る傾向
202630072812,2026-07-28,12,レディパイロ,4.0,4.0,黒澤愛斗,54.0,2.0,3.0,1.0,門別,星の降る里・芦別健夏(B1),1.0,1.0,門別,とままえメロン特別(B3),2.0,5.0,門別,胆振軽種馬農業協同組(B3),2.0,3.0,門別,スワーヴリチャード・(B3),5.0,3.0,門別,ノーザンホースパーク(B3),6.7,2.0,,nar,2026-07-28,67.09,89.1,49.5,100.0,47.0,58.1,45,履歴少 / 安定感
202635072812,2026-07-28,12,ローザレイア,8.0,5.0,望月洵輝,54.0,1.0,4.0,7.0,名古屋,瑞駆特別(3歳),10.0,11.0,名古屋,東海優駿(重賞),7.0,5.0,名古屋,飛雲特別(3歳),,,笠松,まだまだ行くぞ!シン(3歳),7.0,10.0,名古屋,東海クイーンC(重賞),24.7,9.0,,nar,2026-07-28,54.59,53.5,58.8,30.4,74.0,60.4,45,履歴少 / 近走上向き / 市場オッズ妙味
202648072812,2026-07-28,12,ヴィヴィアンワン,12.0,8.0,大畑慧悟,55.0,3.0,6.0,8.0,名古屋,C11組,5.0,3.0,名古屋,C14組,7.0,4.0,名古屋,C14組,2.0,2.0,名古屋,C26組,4.0,3.0,名古屋,C23組,11.3,7.0,,nar,2026-07-28,53.18,66.7,45.9,49.8,41.0,57.7,45,履歴少
