race_id,日付,レース,馬名,馬番,枠,騎手,斤量,実着順,着順1,人気1,場1,レース名1,タイム1,着差1,馬場1,着順2,人気2,場2,レース名2,タイム2,着差2,馬場2,着順3,人気3,場3,レース名3,タイム3,着差3,馬場3,着順4,人気4,場4,レース名4,タイム4,着差4,馬場4,着順5,人気5,場5,レース名5,タイム5,着差5,馬場5,単勝オッズ,人気,オッズ更新日時,source,_date,AREru指数,因子_performance,因子_upset,因子_consistency,因子_trend,因子_value,因子_context,理由
202636090801,2026-09-08,1,アンニンドウフ,3.0,3.0,村上忍,56.0,,1.0,1.0,盛岡,C2六組,1:12.9,-0.8,雨,11.0,9.0,大井,ハーレーダビッドソン(C1),1:16.0,4.0,晴,11.0,12.0,大井,カイピリーニャ賞(C1四),1:29.5,2.3,曇,13.0,7.0,大井,印西市コスモス賞(C1四),1:15.3,2.8,曇,13.0,11.0,大井,C1二 三四(C1三),1:46.1,2.1,雨,1.6,1.0,,nar,2026-09-08,47.75,40.3,40.3,30.4,100.0,44.7,48.8,履歴少 / 近走上向き
202647090801,2026-09-08,1,アーチボールド,1.0,1.0,松本一心,57.0,,9.0,5.0,笠松,C級未勝利,1:36.8,3.7,晴,4.0,5.0,笠松,私の青春☆アクセル全(C),0:51.4,1.2,晴,5.0,4.0,笠松,C級未勝利,0:51.8,0.9,晴,9.0,5.0,笠松,C級未勝利,1:36.9,3.9,晴,2.0,1.0,笠松,C級未勝利,1:33.7,1.5,雨,13.5,4.0,,nar,2026-09-08,47.89,58.1,37.0,55.0,26.0,55.2,52.9,笠松実績 / 履歴少 / 市場オッズ妙味
202630090801,2026-09-08,1,イイヒタビダチ,4.0,4.0,金山昇馬,55.0,,6.0,6.0,門別,2歳未勝利,1:04.2,2.6,雨,4.0,9.0,門別,2歳未勝利,1:03.3,0.9,晴,6.0,9.0,門別,JRA認定競走アタッ(2歳),1:17.2,2.1,雨,8.0,10.0,門別,2歳未勝利,1:17.6,3.1,雨,6.0,9.0,門別,JRA認定競走フレッ(2歳),1:04.2,2.0,晴,33.5,9.0,,nar,2026-09-08,55.83,61.7,67.1,24.9,50.0,63.2,46.3,履歴少 / 人気以上に走る傾向 / 市場オッズ妙味
202646090801,2026-09-08,1,イクアンロー,5.0,5.0,甲賀弘隆,55.0,,8.0,7.0,金沢,☆祝30歳☆ゆきえり(C2),1:43.6,2.8,晴,7.0,7.0,金沢,おめでとう!拓也くん(C2),1:44.2,2.6,晴,12.0,9.0,金沢,スマホで投票!楽天競(C2),1:37.2,5.6,晴,9.0,9.0,金沢,オオタアキラ引退送別(C2),1:43.5,2.7,曇,5.0,4.0,金沢,C22,1:44.1,2.1,曇,13.3,7.0,,nar,2026-09-08,40.79,41.0,43.0,10.3,51.5,49.6,46.3,履歴少 / 市場オッズ妙味
202636090801,2026-09-08,1,ウィズホープ,11.0,8.0,菅原辰徳,54.0,,10.0,6.0,盛岡,大船渡市観光物産協会(C1),1:27.9,1.1,曇,7.0,9.0,盛岡,C1四組,1:27.5,1.0,曇,2.0,9.0,盛岡,C1五組,1:27.4,0.1,晴,7.0,9.0,盛岡,C1,1:28.4,2.1,曇,10.0,8.0,盛岡,C1,1:30.3,2.9,晴,47.8,11.0,,nar,2026-09-08,46.14,50.1,55.3,19.8,29.0,58.0,48.8,履歴少 / 市場オッズ妙味
202630090801,2026-09-08,1,エムティアイビー,7.0,6.0,石川倭,55.0,,3.0,5.0,門別,JRA認定競走フレッ(2歳),1:03.1,0.4,曇,,,,,,,,,,,,,,,,,,,,,,,,,,,,,3.0,1.0,,nar,2026-09-08,43.96,48.1,43.7,36.3,40.6,42.0,48.8,履歴少 / サンプル少
202647090801,2026-09-08,1,カレンヒロ,3.0,3.0,森島貴之,55.0,,5.0,5.0,笠松,C11組,1:34.2,2.5,晴,5.0,6.0,笠松,C11組,1:34.2,1.3,曇,4.0,8.0,笠松,C級サバイバル,1:34.1,1.2,晴,5.0,8.0,笠松,陽向バースデー記念(C),1:34.0,2.3,晴,7.0,8.0,笠松,和葉ちゃん4才おめで(C),1:34.5,1.6,曇,18.8,5.0,,nar,2026-09-08,65.77,67.9,61.1,89.7,51.5,68.1,56.2,笠松実績 / 履歴少 / 安定感 / 過小評価傾向
202647090801,2026-09-08,1,ガケップチー,7.0,7.0,赤津和希,55.0,,5.0,7.0,笠松,C級未勝利,1:34.9,1.8,晴,5.0,6.0,笠松,アンダーグラフ来場記(C),1:34.4,2.4,晴,6.0,6.0,笠松,加織・文行結婚記念(C),1:37.3,2.0,晴,6.0,8.0,笠松,C級未勝利,1:35.4,2.4,晴,11.0,8.0,笠松,浪江祐次お誕生日記念(C),1:35.9,4.2,晴,47.6,7.0,,nar,2026-09-08,57.39,60.3,55.9,55.3,62.0,57.6,49.6,履歴少 / 市場オッズ妙味
202630090801,2026-09-08,1,ガンバリナサイト,5.0,5.0,小川悠汰,52.0,,10.0,11.0,門別,2歳未勝利,1:05.2,3.3,曇,8.0,6.0,門別,JRA認定競走フレッ(2歳),1:06.3,3.3,晴,,,,,,,,,,,,,,,,,,,,,,124.6,10.0,,nar,2026-09-08,38.8,37.4,44.1,18.0,38.9,47.1,43.2,履歴少 / サンプル少
202630090801,2026-09-08,1,キューティーホープ,2.0,2.0,小野楓馬,55.0,,3.0,1.0,門別,2歳未勝利,1:03.3,1.4,曇,4.0,6.0,門別,2歳未勝利,1:09.9,0.8,曇,11.0,6.0,門別,2歳牝馬未勝利,1:12.7,3.3,晴,3.0,9.0,門別,2歳未勝利,1:02.0,1.0,曇,9.0,7.0,門別,JRA認定競走フレッ(2歳),1:05.0,3.6,曇,8.2,5.0,,nar,2026-09-08,59.85,64.4,47.0,69.9,72.5,58.3,52.9,門別実績 / 履歴少 / 近走上向き / 安定感
202630090801,2026-09-08,1,クラエンデバー,11.0,8.0,宮内勇樹,55.0,,10.0,7.0,門別,2歳未勝利,1:04.0,2.2,雨,7.0,5.0,門別,2歳未勝利,1:11.0,1.8,晴,2.0,3.0,門別,JRA認定競走フレッ(2歳),1:04.3,2.4,晴,,,,,,,,,,,,,,,14.3,7.0,,nar,2026-09-08,40.91,52.8,38.7,19.8,17.0,54.2,48.5,履歴少 / 市場オッズ妙味
202647090801,2026-09-08,1,クリノジルバ,5.0,5.0,阿部基嗣,54.0,,7.0,9.0,笠松,C級未勝利,1:35.1,2.0,晴,8.0,6.0,笠松,岡崎忠史祝五十歳人生(C),1:35.8,3.5,晴,4.0,6.0,笠松,C級未勝利,0:51.8,0.9,晴,8.0,9.0,笠松,C級未勝利,1:36.4,3.4,晴,7.0,6.0,笠松,好きです笠松競馬(C),1:35.0,2.9,曇,85.0,8.0,,nar,2026-09-08,48.29,53.6,53.8,19.8,48.5,53.9,46.3,履歴少
202636090801,2026-09-08,1,ゴールドクロス,12.0,8.0,山本聡哉,56.0,,9.0,10.0,盛岡,秋桜賞(B1),1:26.5,1.4,曇,4.0,6.0,盛岡,B2一組,1:39.9,0.5,曇,8.0,8.0,園田,B1,1:34.6,2.5,晴,5.0,6.0,園田,B1,1:22.8,2.5,雨,8.0,11.0,園田,B1,1:32.7,2.8,雨,18.2,5.0,,nar,2026-09-08,51.53,53.0,58.8,39.5,33.5,63.7,48.8,履歴少 / 市場オッズ妙味
202636090801,2026-09-08,1,サウンドノバ,6.0,5.0,塚本涼人,56.0,,1.0,1.0,盛岡,C2八組,1:13.7,-0.9,曇,4.0,8.0,佐賀,サガデーナイト競馬賞(B),1:31.6,1.2,晴,7.0,10.0,佐賀,サガデーナイト競馬賞(B),1:25.0,2.2,小雨,6.0,9.0,佐賀,アマリリス賞,1:31.1,0.8,曇,7.0,8.0,佐賀,ギガンテウム賞,1:31.4,0.8,晴,7.5,2.0,,nar,2026-09-08,66.54,73.7,64.9,55.3,80.0,65.7,48.8,履歴少 / 近走上向き / 過小評価傾向
202630090801,2026-09-08,1,サザンザバロン,10.0,7.0,服部茂史,55.0,,2.0,3.0,門別,2歳未勝利,1:02.2,0.4,雨,11.0,3.0,門別,2歳未勝利,1:05.4,3.0,晴,2.0,3.0,門別,ホクレンカタログギフ(2歳),1:02.5,0.1,曇,7.0,4.0,門別,2歳未勝利,1:04.3,1.5,曇,7.0,3.0,門別,2歳未勝利,1:03.5,1.8,曇,4.4,2.0,,nar,2026-09-08,53.19,64.1,33.6,50.2,78.5,47.9,50.5,近走上向き
202636090801,2026-09-08,1,ジュンハンス,7.0,6.0,山本政聡,56.0,,4.0,8.0,笠松,B3組,1:32.5,0.9,晴,6.0,7.0,笠松,あまのがわ特別(AB),1:32.2,1.9,曇,8.0,9.0,笠松,風待月特別(AB),1:33.0,1.4,晴,9.0,8.0,笠松,小瀬鵜飼特別(AB),1:31.6,2.4,曇,4.0,6.0,笠松,稲葉山特別(B),1:45.9,1.1,晴,21.4,6.0,,nar,2026-09-08,58.22,59.9,62.1,40.7,66.5,60.9,51.8,クラス条件好転 / 前走人気以上 / 履歴少 / 近走上向き
202636090801,2026-09-08,1,ジョードプル,10.0,7.0,岩本怜,56.0,,10.0,7.0,盛岡,C2六組,1:15.5,2.6,雨,2.0,6.0,盛岡,C2七組,1:14.6,0.8,曇,5.0,6.0,盛岡,C2七組,1:15.3,1.0,曇,8.0,8.0,盛岡,C2七組,1:14.3,1.6,曇,6.0,7.0,盛岡,C2七組,1:14.6,0.8,小雨,76.7,12.0,,nar,2026-09-08,49.45,57.5,52.7,44.7,21.5,55.5,50.0,前走人気以上
202630090801,2026-09-08,1,スタニングアロー,12.0,8.0,松井伸也,55.0,,6.0,6.0,門別,2歳未勝利,1:16.7,1.2,晴,5.0,4.0,門別,公認キャラビラッキー(2歳),1:03.2,0.8,晴,3.0,6.0,門別,2歳未勝利,1:03.8,1.1,曇,6.0,8.0,門別,2歳未勝利,1:03.7,1.0,曇,6.0,5.0,門別,JRA認定競走フレッ(2歳),1:04.8,3.9,雨,19.6,8.0,,nar,2026-09-08,56.41,66.7,53.7,44.7,44.0,66.0,49.6,履歴少 / 過小評価傾向 / 市場オッズ妙味
202647090801,2026-09-08,1,スマイリングキング,6.0,6.0,丸野勝虎,57.0,,6.0,6.0,笠松,C級未勝利,1:35.0,1.9,晴,7.0,5.0,笠松,岡崎忠史祝五十歳人生(C),1:35.8,3.5,晴,6.0,6.0,笠松,C18組,1:36.5,3.6,晴,9.0,5.0,笠松,音有お誕生日おめでと(C),1:36.1,3.9,曇,4.0,5.0,笠松,好きです笠松競馬(C),1:34.4,2.3,曇,32.9,6.0,,nar,2026-09-08,45.51,56.2,43.1,10.3,53.0,51.5,46.3,履歴少 / 市場オッズ妙味
202645090801,2026-09-08,1,セイレジェ,3.0,3.0,町田直希,54.0,,4.0,6.0,川崎,スパーキングデビュー(2歳),0:57.1,1.1,晴,,,,,,,,,,,,,,,,,,,,,,,,,,,,,3.8,3.0,,nar,2026-09-08,43.46,46.4,43.7,36.3,40.6,42.0,48.8,履歴少 / サンプル少
202645090801,2026-09-08,1,タイムオブリバー,6.0,6.0,池谷匠翔,54.0,,5.0,7.0,川崎,2歳5 ロ,1:35.8,1.6,晴,7.0,6.0,川崎,スミナガシ賞(2歳),1:37.4,2.6,曇,4.0,2.0,川崎,スパーキングデビュー(2歳),0:57.7,1.6,晴,,,,,,,,,,,,,,,10.0,6.0,,nar,2026-09-08,56.06,64.8,49.7,50.2,53.0,58.7,54.0,川崎実績 / 履歴少
202647090801,2026-09-08,1,タヤスソーレ,9.0,8.0,渡辺竜也,55.0,,3.0,3.0,笠松,C級未勝利,1:34.3,1.2,晴,5.0,2.0,笠松,C18組,1:34.9,0.9,曇,3.0,3.0,笠松,C22組,0:50.8,1.4,曇,8.0,3.0,笠松,C19組,1:37.0,3.1,雨,4.0,2.0,笠松,C22組,1:35.9,2.2,晴,1.5,1.0,,nar,2026-09-08,59.35,73.3,38.2,85.4,62.0,45.2,56.2,笠松実績 / 履歴少 / 安定感
202645090801,2026-09-08,1,ツェルマット,1.0,1.0,新原周馬,54.0,,5.0,8.0,川崎,2歳4 イ,1:36.6,3.6,晴,6.0,7.0,川崎,スミナガシ賞(2歳),1:36.5,1.7,曇,9.0,9.0,川崎,アゲハチョウ賞(2歳),1:38.6,4.4,曇,4.0,6.0,川崎,スパーキングデビュー(2歳),1:38.3,3.8,曇,,,,,,,,24.2,7.0,,nar,2026-09-08,57.57,60.0,61.3,45.0,58.0,61.2,51.2,川崎実績 / 前走人気以上 / 履歴少 / 市場オッズ妙味
202630090801,2026-09-08,1,ツムギノワンワン,1.0,1.0,亀井洋司,55.0,,9.0,8.0,門別,2歳未勝利,1:05.4,3.8,雨,5.0,10.0,門別,2歳未勝利,1:04.1,1.3,晴,12.0,11.0,門別,北海道きたやさい賞(2歳),1:05.7,4.8,雨,12.0,12.0,門別,2歳牝馬未勝利,1:05.8,2.2,曇,8.0,9.0,門別,JRA認定競走フレッ(2歳),1:05.7,3.2,曇,276.8,11.0,,nar,2026-09-08,44.95,36.6,55.9,24.9,51.5,53.5,46.3,履歴少
202636090801,2026-09-08,1,ティーライトニング,4.0,4.0,関本玲花,54.0,,8.0,3.0,盛岡,C2四組,1:28.9,1.8,曇,3.0,5.0,盛岡,C2五組,1:27.6,0.4,曇,4.0,5.0,盛岡,C2五組,1:14.5,2.0,晴,5.0,2.0,盛岡,C2四組,1:27.8,1.2,晴,6.0,4.0,盛岡,C2五組,1:14.4,0.8,曇,37.6,10.0,,nar,2026-09-08,50.57,65.4,39.7,59.3,29.0,51.8,48.8,履歴少 / 市場オッズ妙味
202647090801,2026-09-08,1,テクスチャー,4.0,4.0,高木健,55.0,,4.0,4.0,笠松,C級未勝利,1:34.7,1.6,晴,4.0,2.0,笠松,岡崎忠史祝五十歳人生(C),1:33.8,1.5,晴,2.0,5.0,笠松,C級未勝利,0:51.5,0.6,晴,6.0,2.0,笠松,C級サバイバル,1:36.4,1.7,晴,4.0,2.0,笠松,C23組,1:36.2,0.8,曇,5.2,3.0,,nar,2026-09-08,61.74,76.8,45.1,85.4,50.0,53.8,56.2,笠松実績 / 履歴少 / 安定感
202630090801,2026-09-08,1,テーオーベリー,3.0,3.0,岩橋勇二,55.0,,11.0,4.0,門別,2歳牝馬未勝利,1:12.8,2.6,曇,4.0,1.0,門別,JRA認定競走フレッ(2歳),1:04.8,1.1,曇,,,,,,,,,,,,,,,,,,,,,,6.4,4.0,,nar,2026-09-08,35.58,42.9,25.5,31.7,22.4,41.7,51.2,門別実績 / 履歴少 / サンプル少
202645090801,2026-09-08,1,デオウィザード,4.0,4.0,藤江渉,54.0,,3.0,7.0,川崎,未受賞(2歳),1:36.9,1.1,晴,7.0,6.0,川崎,スパーキングデビュー(2歳),1:37.1,4.8,曇,,,,,,,,,,,,,,,,,,,,,,10.0,5.0,,nar,2026-09-08,52.62,56.3,52.2,34.7,58.7,57.1,51.2,川崎実績 / 前走人気以上 / 履歴少 / サンプル少
202646090801,2026-09-08,1,トレヴィーテ,3.0,3.0,鈴木太一,55.0,,7.0,5.0,金沢,スマホで投票!楽天競(C2),1:43.3,2.8,晴,9.0,7.0,金沢,C16,1:43.8,2.4,曇,9.0,10.0,金沢,楽天競馬で馬券を買お(C1C2),0:58.2,1.9,曇,9.0,7.0,金沢,C16,1:44.6,4.0,曇,1.0,5.0,金沢,C25,1:41.8,-0.2,曇,7.6,4.0,,nar,2026-09-08,43.29,47.5,44.5,10.3,50.0,53.2,46.3,履歴少
202646090801,2026-09-08,1,ハーモニーレグルス,1.0,1.0,吉田晃浩,57.0,,10.0,3.0,金沢,C16,1:44.5,3.1,曇,8.0,1.0,金沢,C16,1:43.7,3.1,曇,11.0,10.0,川崎,末摘花特別(B3二),1:33.4,2.9,曇,13.0,10.0,川崎,新緑特別(B3二),1:40.5,5.3,晴,6.0,8.0,川崎,卯の花月特別(B3三),1:37.5,1.1,晴,2.4,1.0,,nar,2026-09-08,28.93,30.2,19.9,0.0,47.0,40.6,43.8,履歴少
202636090801,2026-09-08,1,バエル,9.0,7.0,小林凌,54.0,,2.0,12.0,盛岡,C2,1:00.4,1.1,晴,9.0,5.0,盛岡,C2,1:01.9,1.6,晴,2.0,2.0,盛岡,C2,1:01.2,0.2,晴,5.0,4.0,盛岡,C2,1:01.3,0.7,曇,9.0,4.0,盛岡,C2三組,1:28.4,1.1,曇,28.7,8.0,,nar,2026-09-08,63.16,68.8,59.7,64.7,75.5,56.3,48.8,前走人気以上 / 履歴少 / 近走上向き / 安定感
202647090801,2026-09-08,1,バンビチャン,2.0,2.0,筒井勇介,55.0,,2.0,2.0,笠松,C級未勝利,1:33.3,0.2,晴,2.0,3.0,笠松,岡崎忠史祝五十歳人生(C),1:33.4,1.1,晴,4.0,4.0,笠松,音有お誕生日おめでと(C),1:34.0,1.8,曇,5.0,2.0,笠松,好きです笠松競馬(C),1:34.5,2.4,曇,2.0,2.0,笠松,C13組,1:34.7,0.3,晴,4.9,2.0,,nar,2026-09-08,68.19,85.3,48.7,100.0,57.5,55.5,59.5,笠松実績 / 履歴少 / 安定感
202645090801,2026-09-08,1,ヒートロア,2.0,2.0,野畑凌,54.0,,4.0,7.0,川崎,スパーキングデビュー(2歳),1:34.8,3.3,晴,,,,,,,,,,,,,,,,,,,,,,,,,,,,,3.4,1.0,,nar,2026-09-08,43.83,46.4,45.3,36.3,40.6,42.0,48.8,前走人気以上 / 履歴少 / サンプル少
202636090801,2026-09-08,1,フクノバルトラン,2.0,2.0,山本聡紀,56.0,,4.0,2.0,盛岡,C2五組,1:13.7,0.5,晴,2.0,3.0,盛岡,C2六組,1:14.0,0.9,曇,2.0,1.0,盛岡,C2七組,1:13.8,0.0,小雨,3.0,1.0,盛岡,C2七組,1:14.1,0.1,雨,4.0,7.0,川崎,ファイナルアンサー賞(C2),1:40.1,0.6,曇,9.7,4.0,,nar,2026-09-08,64.94,84.3,46.2,100.0,42.5,59.0,48.8,履歴少 / 安定感
202630090801,2026-09-08,1,ヘルエッジロード,6.0,5.0,阿部龍,55.0,,4.0,4.0,門別,2歳未勝利,1:02.4,0.6,雨,6.0,2.0,門別,JRA認定競走フレッ(2歳),1:03.4,0.7,曇,,,,,,,,,,,,,,,,,,,,,,6.1,3.0,,nar,2026-09-08,47.33,55.8,38.6,34.7,52.1,49.3,51.2,門別実績 / 履歴少 / サンプル少
202646090801,2026-09-08,1,ペダンクルアーチ,6.0,6.0,中島龍也,57.0,,8.0,8.0,金沢,C13,1:41.7,1.9,晴,9.0,10.0,金沢,超光速微粒子の可能性(C1),1:44.2,4.5,雨,11.0,10.0,金沢,能登復興支援高爪山賞(B2),1:34.3,2.5,曇,5.0,8.0,金沢,C13,1:34.1,2.0,曇,5.0,4.0,金沢,ダッシュダッシュいの(C1特別),1:42.7,1.9,曇,5.8,2.0,,nar,2026-09-08,46.0,43.2,52.7,24.9,47.0,54.7,49.6,履歴少
202630090801,2026-09-08,1,ポコアポコ,8.0,6.0,望月洵輝,55.0,,6.0,6.0,門別,2歳未勝利,1:02.9,1.1,雨,5.0,5.0,門別,2歳未勝利,1:03.7,1.6,曇,5.0,4.0,門別,JRA認定競走フレッ(2歳),1:17.6,3.0,晴,,,門別,JRA認定競走フレッ(2歳),,,曇,,,,,,,,11.9,6.0,,nar,2026-09-08,53.97,64.8,48.2,44.7,44.0,59.5,53.1,門別実績
202636090801,2026-09-08,1,ポンテドラーゴ,5.0,5.0,大坪慎,56.0,,6.0,5.0,盛岡,C2三組,1:28.0,1.5,晴,4.0,3.0,盛岡,C2五組,1:27.6,0.4,曇,3.0,4.0,盛岡,C2六組,1:27.7,2.1,晴,4.0,4.0,盛岡,C2三組,1:27.9,1.0,曇,8.0,9.0,盛岡,ジュライC(B2),1:40.4,2.4,曇,27.7,7.0,,nar,2026-09-08,55.98,69.4,48.2,59.3,42.5,56.3,48.8,履歴少 / 市場オッズ妙味
202646090801,2026-09-08,1,マイネルクロンヌ,2.0,2.0,栗原大河,57.0,,9.0,8.0,金沢,☆祝30歳☆ゆきえり(C2),1:43.9,3.1,晴,9.0,9.0,金沢,C24,1:43.5,3.2,晴,8.0,10.0,金沢,能登復興支援福浦港賞(C2),1:36.0,2.1,晴,2.0,5.0,金沢,☆ひなの&はるかお誕(C2特別),1:36.2,1.0,晴,8.0,8.0,金沢,C25,1:35.9,2.9,晴,10.2,5.0,,nar,2026-09-08,44.68,46.6,53.7,14.6,36.5,57.0,46.3,履歴少
202645090801,2026-09-08,1,ミザリー,7.0,7.0,山林堂信,54.0,,8.0,7.0,川崎,2歳4 イ,1:38.4,5.4,晴,4.0,6.0,川崎,2歳5,1:36.6,2.9,曇,8.0,8.0,川崎,アゲハチョウ賞(2歳),1:38.3,4.1,曇,6.0,5.0,川崎,スパーキングデビュー(2歳),1:40.0,5.5,曇,,,,,,,,47.1,8.0,,nar,2026-09-08,47.55,55.5,50.4,24.9,38.0,54.7,47.1,履歴少 / 市場オッズ妙味
202647090801,2026-09-08,1,ミスフレンド,8.0,8.0,東川慎,55.0,,8.0,8.0,笠松,C級未勝利,1:36.4,3.3,晴,6.0,8.0,笠松,岡崎忠史祝五十歳人生(C),1:35.6,3.3,晴,7.0,7.0,笠松,C級未勝利,0:53.7,2.8,晴,10.0,10.0,笠松,C級未勝利,1:37.4,4.4,晴,9.0,8.0,笠松,好きです笠松競馬(C),1:37.3,5.2,曇,109.5,9.0,,nar,2026-09-08,43.35,46.4,52.8,0.0,50.0,52.2,43.8,履歴少
202646090801,2026-09-08,1,ミュークレグルス,8.0,8.0,浅野登生,54.0,,9.0,9.0,金沢,能登復興支援舳倉島特(C1C2),0:59.5,2.0,晴,10.0,9.0,金沢,最高の推し!真白生誕(B2),1:45.1,5.4,晴,12.0,9.0,金沢,能登復興支援高爪山賞(B2),1:34.7,2.9,曇,7.0,7.0,金沢,さわやかさやか賞(C1),1:42.3,3.5,曇,10.0,1.0,金沢,いのちゃん@36歳年(C1特別),1:43.4,2.4,曇,14.9,8.0,,nar,2026-09-08,35.09,30.8,37.6,0.0,54.5,45.1,46.0,クラス条件好転 / 履歴少 / 市場オッズ妙味
202646090801,2026-09-08,1,メイショウメイボク,7.0,7.0,青柳正義,55.0,,8.0,7.0,金沢,C16,1:36.8,3.4,晴,9.0,7.0,金沢,睦斗小学校入学&紬ほ(C1),1:38.4,5.2,曇,,,金沢,だいきち不動産設立記(C1),,,雨,10.0,9.0,金沢,ホップステップぴんみ(C1),1:43.0,3.5,曇,10.0,5.0,金沢,愛☆日本一のウマ男祝(C1特別),1:45.4,3.8,曇,11.6,6.0,,nar,2026-09-08,37.1,36.5,37.2,0.0,60.0,45.4,43.8,履歴少
202645090801,2026-09-08,1,モウエエワ,8.0,8.0,達城龍次,54.0,,4.0,2.0,川崎,未受賞(2歳),1:37.3,1.5,晴,6.0,3.0,川崎,スパーキングデビュー(2歳),0:58.1,2.5,晴,,,,,,,,,,,,,,,,,,,,,,6.6,4.0,,nar,2026-09-08,46.64,55.8,36.1,34.7,52.1,48.6,51.2,川崎実績 / 履歴少 / サンプル少
202636090801,2026-09-08,1,ユウユウコラソン,8.0,6.0,佐々木志,56.0,,6.0,7.0,水沢,初夏特別(A),1:41.3,3.5,雨,8.0,8.0,盛岡,青葉特別(A),1:39.2,1.8,晴,11.0,10.0,盛岡,皐月特別(A),1:40.9,3.0,曇,7.0,8.0,水沢,桃花特別(A),1:41.8,1.7,雨,11.0,12.0,水沢,弥生特別(A),1:48.6,2.8,晴,7.7,3.0,,nar,2026-09-08,45.03,42.8,52.5,0.0,69.5,55.2,43.8,履歴少 / 近走上向き
202646090801,2026-09-08,1,ヨドノワールド,4.0,4.0,服部大地,57.0,,9.0,9.0,金沢,とし21歳おめでとう(C2),1:36.7,4.5,晴,8.0,8.0,金沢,能登復興支援禄剛崎特(C2),1:36.3,2.8,晴,8.0,9.0,金沢,つばさ&ひかるバース(C1),1:35.6,2.6,曇,10.0,8.0,金沢,楽天競馬で馬券を買お(C2),1:37.7,4.5,曇,1.0,6.0,金沢,C26,1:35.2,-0.4,晴,17.1,9.0,,nar,2026-09-08,43.81,45.0,53.0,10.3,36.5,58.9,46.3,履歴少 / 市場オッズ妙味
202645090801,2026-09-08,1,ラリーバック,5.0,5.0,中山遥人,53.0,,6.0,2.0,川崎,2歳5 ロ,1:36.2,2.0,晴,4.0,5.0,川崎,2歳4,1:35.1,0.4,曇,5.0,5.0,川崎,スパーキングデビュー(2歳),0:59.9,4.3,晴,,,,,,,,,,,,,,,3.6,2.0,,nar,2026-09-08,51.7,67.4,41.0,44.7,41.0,52.2,54.0,川崎実績 / 履歴少
202630090801,2026-09-08,1,リックグールド,9.0,7.0,黒澤愛斗,55.0,,12.0,12.0,門別,2歳未勝利,1:06.3,4.5,雨,10.0,10.0,門別,2歳未勝利,1:07.6,5.6,晴,11.0,11.0,門別,2歳未勝利,1:06.3,3.8,晴,8.0,9.0,門別,JRA認定競走フレッ(2歳),1:07.2,3.9,曇,,,,,,,,336.2,12.0,,nar,2026-09-08,34.77,23.4,51.1,0.0,36.0,51.7,43.8,履歴少
202636090801,2026-09-08,1,リュウノアラス,1.0,1.0,鈴木祐,56.0,,9.0,9.0,盛岡,C2一組,1:27.2,1.0,曇,1.0,4.0,盛岡,C2四組,1:27.7,-0.2,曇,4.0,6.0,盛岡,C2四組,1:27.2,0.6,晴,7.0,5.0,盛岡,C2四組,1:15.4,1.6,曇,7.0,8.0,水沢,C1三組,1:46.3,1.3,曇,35.4,9.0,,nar,2026-09-08,52.9,63.8,56.7,44.7,24.5,58.9,48.8,履歴少 / 市場オッズ妙味
202646090801,2026-09-08,1,ロケットバディー,9.0,8.0,沖静男,55.0,,8.0,9.0,金沢,B25,1:35.3,3.0,晴,8.0,10.0,金沢,「葛山画伯」記念(B2),1:41.8,4.1,曇,11.0,5.0,金沢,やすくん&なおちゃん(B2),1:35.7,2.1,曇,2.0,3.0,金沢,ダッシュダッシュいの(C1特別),1:41.8,1.0,曇,6.0,10.0,金沢,おれたちのアキナゲッ(C1),1:41.0,1.2,曇,7.2,3.0,,nar,2026-09-08,44.9,47.9,51.2,14.6,42.5,55.1,46.3,履歴少
202647090802,2026-09-08,2,アイベット,4.0,4.0,赤津和希,55.0,,8.0,7.0,笠松,C12組,1:36.5,4.3,晴,7.0,8.0,笠松,アンダーグラフ来場記(C),1:34.6,2.6,晴,7.0,7.0,笠松,加織・文行結婚記念(C),1:37.7,2.4,晴,7.0,7.0,笠松,ここ!笠松!AZKi(C),1:35.9,3.4,曇,5.0,9.0,笠松,C10組,1:34.2,1.5,曇,91.2,8.0,,nar,2026-09-08,45.46,51.2,52.5,10.3,41.0,55.2,46.3,履歴少
202645090802,2026-09-08,2,アクアマナ,7.0,6.0,張田昂,54.0,,5.0,3.0,川崎,ギンヤンマ賞(2歳),1:36.1,2.2,晴,3.0,4.0,川崎,スパーキングデビュー(2歳),0:56.9,1.3,晴,,,,,,,,,,,,,,,,,,,,,,14.3,6.0,,nar,2026-09-08,51.42,59.4,43.0,48.4,38.9,57.5,59.5,川崎実績 / 履歴少 / サンプル少 / 市場オッズ妙味
202645090802,2026-09-08,2,アットリーチェ,3.0,3.0,増田充宏,54.0,,3.0,5.0,川崎,2歳5 ロ,1:35.7,1.5,晴,5.0,6.0,川崎,スパーキングデビュー(2歳),0:58.0,2.4,晴,,,,,,,,,,,,,,,,,,,,,,12.8,5.0,,nar,2026-09-08,55.71,60.2,51.5,48.4,52.1,60.6,59.5,川崎実績 / 履歴少 / サンプル少 / 市場オッズ妙味
202647090802,2026-09-08,2,アバンサユキ,2.0,2.0,阿部基嗣,54.0,,5.0,4.0,笠松,C級セレクション,1:34.9,0.5,曇,6.0,6.0,笠松,私の青春☆アクセル全(C),0:52.1,1.9,晴,6.0,6.0,笠松,C級セレクション,1:36.0,2.9,晴,4.0,5.0,笠松,ここ!笠松!AZKi(C),1:34.4,1.9,曇,7.0,7.0,笠松,C12組,0:51.9,2.2,曇,36.2,6.0,,nar,2026-09-08,54.42,63.9,48.9,45.0,54.5,56.3,49.6,履歴少 / 市場オッズ妙味
202646090802,2026-09-08,2,アリーワーク,4.0,4.0,田知弘久,55.0,,7.0,5.0,金沢,能登復興支援舳倉島特(C1C2),0:58.9,1.4,晴,8.0,7.0,金沢,C22,1:36.9,2.5,晴,8.0,5.0,金沢,葛山晃平騎手ラストデ(C1),1:44.2,4.6,曇,6.0,5.0,金沢,オオタアキラ引退送別(C2),1:42.3,1.5,曇,6.0,5.0,金沢,楽天競馬で馬券を買お(C2),1:34.8,1.1,曇,10.3,6.0,,nar,2026-09-08,40.96,50.4,38.1,0.0,50.0,52.2,43.8,履歴少
202630090802,2026-09-08,2,アルバミオ,3.0,3.0,望月洵輝,55.0,,9.0,8.0,門別,2歳未勝利,1:58.6,5.9,曇,8.0,8.0,門別,2歳未勝利,1:12.5,3.6,晴,8.0,10.0,門別,ホクレンカタログギフ(2歳),1:04.8,2.4,曇,,,門別,2歳未勝利,,,曇,8.0,7.0,門別,JRA認定競走アタッ(2歳),1:05.7,3.7,曇,41.5,10.0,,nar,2026-09-08,40.39,41.2,49.9,0.0,44.0,51.7,43.8,履歴少
202645090802,2026-09-08,2,アレグロボニータ,8.0,7.0,町田直希,54.0,,8.0,7.0,川崎,ギンヤンマ賞(2歳),1:36.9,3.0,晴,3.0,8.0,川崎,スパーキングデビュー(2歳),1:36.5,3.6,曇,,,,,,,,,,,,,,,,,,,,,,16.3,7.0,,nar,2026-09-08,47.83,52.1,52.1,31.7,29.0,59.6,51.2,川崎実績 / 履歴少 / サンプル少 / 市場オッズ妙味
202647090802,2026-09-08,2,ウィアザピープル,6.0,6.0,森島貴之,55.0,,4.0,6.0,笠松,C12組,1:33.1,0.9,晴,6.0,7.0,笠松,アンダーグラフ来場記(C),1:34.5,2.5,晴,7.0,8.0,笠松,C級セレクション,1:36.4,3.3,晴,5.0,8.0,笠松,ここ!笠松!AZKi(C),1:34.4,1.9,曇,8.0,7.0,笠松,C級サバイバル,1:35.4,2.9,曇,20.0,4.0,,nar,2026-09-08,58.5,62.8,59.7,45.0,65.0,60.2,49.6,履歴少 / 近走上向き / 市場オッズ妙味
202630090802,2026-09-08,2,ウィルマティック,2.0,2.0,亀井洋司,55.0,,4.0,5.0,門別,2歳未勝利,1:03.8,0.6,曇,5.0,5.0,門別,2歳未勝利,1:03.7,1.7,晴,7.0,8.0,門別,JRA認定競走フレッ(2歳),1:10.7,2.5,曇,,,,,,,,,,,,,,,8.5,5.0,,nar,2026-09-08,59.86,67.0,54.7,55.3,62.0,61.3,53.1,門別実績
202636090802,2026-09-08,2,エイシンチョンパ,12.0,8.0,菅原辰徳,56.0,,4.0,3.0,盛岡,B2,1:13.5,1.4,曇,8.0,9.0,園田,C1,0:51.0,1.3,曇,9.0,7.0,園田,C1一,0:51.6,1.3,晴,8.0,3.0,佐賀,JRA交流えびの特別,1:31.8,1.8,雨,6.0,5.0,園田,C1,1:21.9,1.0,晴,7.9,3.0,,nar,2026-09-08,49.45,53.8,41.0,30.4,72.5,51.4,50.0,近走上向き
202636090802,2026-09-08,2,エイシンツーリング,11.0,8.0,山本政聡,56.0,,10.0,11.0,佐賀,ネジバナ賞,1:34.1,4.6,曇,11.0,11.0,佐賀,あじさい特別(B),1:25.3,2.5,小雨,9.0,6.0,佐賀,カーネーション特別(B),1:25.1,2.2,晴,5.0,5.0,佐賀,あやめ賞(B),0:55.0,0.6,曇,11.0,8.0,佐賀,発明の日賞,1:30.1,2.1,曇,23.3,8.0,,nar,2026-09-08,39.1,32.6,45.8,14.6,44.0,48.4,51.8,クラス条件好転 / 履歴少
202630090802,2026-09-08,2,オザンナ,10.0,7.0,服部茂史,55.0,,5.0,5.0,門別,平取町馬事普及賞(2歳),1:03.9,1.6,晴,4.0,6.0,門別,JRA認定競走フレッ(2歳),1:11.3,2.4,曇,,,,,,,,,,,,,,,,,,,,,,8.9,6.0,,nar,2026-09-08,52.79,57.4,49.0,48.4,42.2,58.2,59.5,門別実績 / 履歴少 / サンプル少
202645090802,2026-09-08,2,オリーブオイル,11.0,8.0,伊藤裕人,54.0,,4.0,2.0,門別,日高山脈最高峰幌尻岳(2歳),1:03.0,0.7,晴,4.0,1.0,門別,2歳未勝利,1:03.2,0.7,晴,2.0,2.0,門別,2歳牝馬未勝利,1:09.5,0.1,晴,4.0,4.0,門別,JRA認定競走フレッ(2歳),1:02.9,0.7,曇,,,,,,,,2.9,1.0,,nar,2026-09-08,59.95,79.5,39.4,89.7,46.0,50.5,48.8,履歴少 / 安定感
202647090802,2026-09-08,2,オーケーサイン,8.0,8.0,藤原幹生,55.0,,6.0,8.0,笠松,C12組,1:35.1,2.9,晴,7.0,8.0,笠松,私の青春☆アクセル全(C),0:52.5,2.3,晴,5.0,5.0,笠松,C18組,1:36.1,3.2,晴,6.0,9.0,笠松,音有お誕生日おめでと(C),1:35.2,3.0,曇,6.0,9.0,笠松,好きです笠松競馬(C),1:35.0,2.9,曇,56.0,7.0,,nar,2026-09-08,52.57,59.6,61.2,19.8,50.0,58.5,46.3,履歴少
202630090802,2026-09-08,2,オーバーチュア,5.0,5.0,藤田凌駕,54.0,,8.0,10.0,門別,2歳未勝利,1:12.0,2.8,晴,9.0,7.0,門別,2歳未勝利,1:45.3,3.7,晴,11.0,12.0,門別,JRA認定競走フレッ(2歳),1:12.0,3.9,晴,,,,,,,,,,,,,,,50.2,11.0,,nar,2026-09-08,41.59,35.0,52.9,0.0,62.0,52.0,43.8,履歴少
202636090802,2026-09-08,2,カリスティア,5.0,5.0,関本玲花,52.0,,7.0,5.0,盛岡,C2七組,1:16.0,1.7,雨,5.0,7.0,盛岡,C2七組,1:14.9,1.2,晴,5.0,5.0,盛岡,C2八組,1:15.9,1.4,曇,5.0,6.0,盛岡,C2八組,1:14.7,1.6,小雨,5.0,9.0,盛岡,C2七組,1:16.0,1.7,曇,76.1,12.0,,nar,2026-09-08,56.29,63.1,53.1,69.6,38.0,56.8,50.0,前走人気以上 / 安定感
202645090802,2026-09-08,2,カンシャカンゲキ,4.0,4.0,藤江渉,54.0,,10.0,8.0,川崎,ギンヤンマ賞(2歳),1:38.9,5.0,晴,3.0,4.0,川崎,スパーキングデビュー(2歳),0:57.8,2.4,晴,,,,,,,,,,,,,,,,,,,,,,36.8,10.0,,nar,2026-09-08,42.04,47.3,43.0,31.7,22.4,49.0,51.2,川崎実績 / 履歴少 / サンプル少 / 市場オッズ妙味
202636090802,2026-09-08,2,カンフーダンス,2.0,2.0,鈴木祐,54.0,,9.0,7.0,盛岡,B2,1:14.3,2.2,曇,3.0,4.0,盛岡,釜淵の滝賞(B2),1:12.9,1.4,曇,6.0,6.0,盛岡,B2,1:14.0,1.7,晴,4.0,5.0,水沢,B1,0:50.9,0.0,晴,10.0,9.0,水沢,B1,1:33.1,3.2,晴,8.4,5.0,,nar,2026-09-08,49.01,57.7,47.8,39.5,30.5,56.1,51.2,水沢実績 / 履歴少
202646090802,2026-09-08,2,キャラハンテソーロ,7.0,7.0,加藤翔馬,57.0,,8.0,8.0,金沢,能登復興支援舳倉島特(C1C2),0:59.1,1.6,晴,9.0,8.0,金沢,B25,1:35.4,3.1,晴,5.0,5.0,金沢,咲き誇れ!みこち8周(B2),1:40.7,1.9,曇,8.0,8.0,金沢,としおゆうこ夫妻に感(B2),1:36.6,2.3,曇,7.0,7.0,金沢,B26,1:42.0,2.1,曇,11.0,7.0,,nar,2026-09-08,45.21,47.6,48.3,19.8,45.5,53.9,49.3,クラス条件好転 / 履歴少
202646090802,2026-09-08,2,ギンザターゲット,8.0,7.0,中島龍也,55.0,,9.0,7.0,金沢,C13,1:41.7,1.9,晴,,,金沢,超光速微粒子の可能性(C1),,,雨,9.0,5.0,金沢,能登復興支援高爪山賞(B2),1:33.8,2.0,曇,4.0,10.0,金沢,C13,1:34.0,1.9,曇,4.0,8.0,金沢,ダッシュダッシュいの(C1特別),1:42.7,1.9,曇,7.3,4.0,,nar,2026-09-08,45.55,49.3,49.0,24.9,30.0,57.1,54.2,金沢実績 / クラス条件好転 / 履歴少
202636090802,2026-09-08,2,クレーンパーディタ,1.0,1.0,塚本涼人,54.0,,5.0,6.0,盛岡,C2六組,1:14.8,1.9,雨,7.0,7.0,盛岡,C2六組,1:15.2,2.2,晴,9.0,6.0,盛岡,C2六組,1:15.5,2.3,曇,4.0,6.0,盛岡,C2六組,1:14.8,0.6,曇,7.0,7.0,水沢,C2五組,1:30.2,1.1,小雨,39.5,10.0,,nar,2026-09-08,53.44,57.2,50.0,45.0,60.5,56.3,48.8,履歴少 / 市場オッズ妙味
202636090802,2026-09-08,2,グレイスショコラ,9.0,7.0,岩本怜,54.0,,5.0,10.0,盛岡,C2三組,1:27.9,1.6,曇,4.0,5.0,盛岡,C2三組,1:28.2,2.7,曇,6.0,8.0,盛岡,C2二組,1:29.2,1.1,曇,7.0,7.0,盛岡,C2二組,1:28.4,2.5,曇,4.0,3.0,盛岡,C2二組,1:28.1,0.7,曇,60.1,11.0,,nar,2026-09-08,61.26,66.9,64.4,65.7,51.5,58.1,48.8,前走人気以上 / 履歴少 / 安定感
202645090802,2026-09-08,2,コスモノイヤール,10.0,8.0,加藤雄真,52.0,,3.0,5.0,川崎,スパーキングデビュー(2歳),1:34.0,2.5,晴,,,,,,,,,,,,,,,,,,,,,,,,,,,,,4.0,2.0,,nar,2026-09-08,43.96,48.1,43.7,36.3,40.6,42.0,48.8,履歴少 / サンプル少
202647090802,2026-09-08,2,コンチアフタヌーン,1.0,1.0,塚本征吾,55.0,,5.0,2.0,笠松,私の青春☆アクセル全(C),0:51.7,1.5,晴,2.0,2.0,笠松,C18組,1:34.8,1.9,晴,6.0,6.0,笠松,C12組,0:51.6,1.9,曇,7.0,7.0,笠松,第1回結婚記念杯(C),1:35.5,2.6,曇,7.0,3.0,笠松,C16組,1:36.4,3.2,晴,9.7,3.0,,nar,2026-09-08,54.6,68.4,40.7,55.3,53.0,55.1,49.6,履歴少
202645090802,2026-09-08,2,シナノマルス,1.0,1.0,池谷匠翔,54.0,,7.0,9.0,川崎,ギンヤンマ賞(2歳),1:36.9,3.0,晴,6.0,6.0,川崎,オオムラサキ特別(2歳),1:42.9,3.5,晴,3.0,4.0,川崎,スパーキングデビュー(2歳),0:57.5,1.4,晴,,,,,,,,,,,,,,,39.6,11.0,,nar,2026-09-08,51.3,63.1,57.5,19.8,35.0,58.0,51.5,クラス条件好転 / 履歴少 / 市場オッズ妙味
202636090802,2026-09-08,2,スターアドミラル,8.0,6.0,山本聡哉,56.0,,3.0,1.0,盛岡,C2三組,1:27.0,0.5,晴,5.0,6.0,川崎,早涼賞(C1),1:34.1,2.9,晴,12.0,10.0,川崎,ブラックジャック賞(C1),1:39.9,2.4,曇,6.0,11.0,川崎,C1一 二,1:32.7,1.9,曇,3.0,9.0,浦和,月見草特別(C1),1:38.3,1.1,曇,2.4,1.0,,nar,2026-09-08,59.96,62.3,54.2,65.7,71.0,58.9,48.8,履歴少 / 近走上向き / 安定感
202646090802,2026-09-08,2,スペシャルサンデー,10.0,8.0,青柳正義,57.0,,6.0,3.0,金沢,スマホで投票!楽天競(C2),1:42.7,2.2,晴,7.0,5.0,金沢,C16,1:42.7,1.3,曇,8.0,2.0,金沢,C15,1:39.3,6.6,雨,10.0,2.0,金沢,C16,1:47.6,7.0,曇,6.0,1.0,金沢,C13,1:36.5,3.0,曇,2.7,1.0,,nar,2026-09-08,35.76,50.2,20.0,0.0,60.5,37.6,43.8,履歴少
202646090802,2026-09-08,2,スマートアリオン,2.0,2.0,浅野登生,54.0,,8.0,9.0,金沢,C16,1:43.7,2.3,曇,,,金沢,C14,,,雨,6.0,10.0,金沢,C16,1:43.3,2.7,曇,10.0,11.0,金沢,孝明杯(C1),1:43.4,1.6,曇,8.0,9.0,金沢,C15,1:42.4,2.8,晴,25.2,9.0,,nar,2026-09-08,46.21,45.1,62.5,0.0,50.0,58.5,43.8,履歴少 / 市場オッズ妙味
202636090802,2026-09-08,2,ダブルスチール,7.0,6.0,斉藤友香,50.0,,9.0,2.0,盛岡,C2四組,1:14.9,1.7,曇,2.0,4.0,盛岡,C2五組,1:13.5,1.0,晴,4.0,3.0,盛岡,C2五組,1:28.6,1.2,晴,2.0,2.0,盛岡,C2六組,1:14.6,0.1,曇,5.0,3.0,盛岡,C2六組,1:15.2,1.0,曇,17.9,6.0,,nar,2026-09-08,51.2,69.3,35.8,69.6,15.5,57.0,50.0,安定感 / 市場オッズ妙味
202647090802,2026-09-08,2,チュッカ,7.0,7.0,細川智史,57.0,,2.0,3.0,笠松,私の青春☆アクセル全(C),0:50.5,0.3,晴,7.0,3.0,笠松,C18組,1:38.0,5.1,晴,7.0,3.0,笠松,音有お誕生日おめでと(C),1:35.6,3.4,曇,3.0,3.0,笠松,好きです笠松競馬(C),1:33.0,0.9,曇,5.0,4.0,笠松,C13組,1:35.6,1.2,晴,8.5,2.0,,nar,2026-09-08,57.06,70.5,38.9,55.3,71.0,53.9,52.9,笠松実績 / 履歴少 / 近走上向き
202647090802,2026-09-08,2,ドナドナ,3.0,3.0,松本一心,55.0,,2.0,3.0,笠松,C12組,1:32.7,0.5,晴,15.0,14.0,2中京7,3歳未勝利,1:15.6,4.6,小雨,9.0,12.0,3小倉6,3歳未勝利,0:59.6,1.9,雨,18.0,11.0,2阪神3,3歳未勝利,1:51.3,5.0,晴,,,,,,,,1.1,1.0,,nar,2026-09-08,49.34,39.1,47.1,30.4,100.0,46.9,48.8,履歴少 / 近走上向き
202647090802,2026-09-08,2,ハナノクロコ,5.0,5.0,深澤杏花,53.0,,7.0,4.0,笠松,C12組,1:35.9,3.7,晴,3.0,4.0,笠松,岡崎忠史祝五十歳人生(C),1:33.5,1.2,晴,6.0,4.0,笠松,シングレ笠松競馬コラ(C),1:37.8,4.9,晴,6.0,5.0,笠松,亜咲花さん誕生日おめ(C),1:36.5,2.1,曇,8.0,12.0,大井,C3六,1:17.2,1.9,曇,28.4,5.0,,nar,2026-09-08,48.37,61.9,44.5,24.9,42.5,54.1,47.1,履歴少 / 市場オッズ妙味
202636090802,2026-09-08,2,ピンクノバラ,4.0,4.0,坂井瑛音,53.0,,10.0,4.0,盛岡,B2,1:14.5,2.4,曇,4.0,7.0,盛岡,いわてくじ山形村短角(B2),1:00.8,0.4,晴,6.0,5.0,盛岡,釜淵の滝賞(B2),1:13.7,2.2,曇,10.0,8.0,盛岡,B2,1:00.5,1.3,雨,5.0,4.0,盛岡,B2,1:13.8,1.5,晴,18.5,7.0,,nar,2026-09-08,43.37,50.4,38.3,35.3,27.5,54.6,48.8,履歴少 / 市場オッズ妙味
202636090802,2026-09-08,2,フェズカズマ,3.0,3.0,高松亮,56.0,,11.0,5.0,盛岡,B2,1:27.6,1.7,曇,6.0,3.0,盛岡,B2,1:27.4,1.8,曇,2.0,7.0,盛岡,ラビットイヤー賞(B2),1:24.5,0.6,小雨,12.0,5.0,盛岡,B2,1:28.7,3.7,晴,3.0,10.0,水沢,チャイナアスタ賞(B2),1:28.8,0.5,晴,8.1,4.0,,nar,2026-09-08,40.64,49.6,36.8,30.1,18.5,51.4,48.8,履歴少
202630090802,2026-09-08,2,フォンミー,8.0,6.0,石川倭,55.0,,7.0,7.0,門別,2歳未勝利,1:04.8,3.2,雨,7.0,10.0,門別,2歳未勝利,1:03.5,1.1,晴,8.0,9.0,門別,北海道きたやさい賞(2歳),1:04.2,3.3,雨,10.0,8.0,門別,2歳牝馬未勝利,1:04.9,1.3,曇,8.0,4.0,門別,JRA認定競走フレッ(2歳),1:05.7,3.3,曇,25.6,8.0,,nar,2026-09-08,43.8,46.1,51.7,0.0,57.5,51.5,43.8,履歴少 / 市場オッズ妙味
202630090802,2026-09-08,2,ブラックレイシ,4.0,4.0,落合玄太,55.0,,8.0,8.0,門別,公認キャラビラッキー(2歳),1:04.7,2.3,晴,8.0,4.0,門別,JRA認定競走フレッ(2歳),1:14.2,6.0,曇,,,門別,JRA認定競走フレッ(2歳),,,晴,,,,,,,,,,,,,,,22.8,7.0,,nar,2026-09-08,39.68,42.2,38.6,18.0,45.5,46.3,45.0,サンプル少 / 市場オッズ妙味
202630090802,2026-09-08,2,ベストガーデン,7.0,6.0,桑村真明,55.0,,7.0,11.0,門別,2歳未勝利,1:11.5,1.9,曇,10.0,8.0,門別,2歳未勝利,1:18.5,3.0,曇,5.0,6.0,門別,2歳未勝利,1:50.3,2.0,晴,5.0,7.0,門別,JRA認定競走アタッ(2歳),1:11.0,1.7,曇,6.0,7.0,門別,JRA認定競走フレッ(2歳),1:11.4,3.6,曇,34.8,9.0,,nar,2026-09-08,51.78,52.3,59.2,34.3,47.0,58.6,49.6,前走人気以上 / 履歴少 / 市場オッズ妙味
202630090802,2026-09-08,2,ベストスカイ,9.0,7.0,小野楓馬,55.0,,3.0,3.0,門別,2歳未勝利,1:02.7,1.1,雨,2.0,9.0,門別,2歳未勝利,1:02.6,0.1,晴,8.0,5.0,門別,2歳未勝利,1:13.3,3.5,曇,8.0,4.0,門別,JRA認定競走フレッ(2歳),1:04.3,2.1,晴,,,,,,,,2.7,1.0,,nar,2026-09-08,60.43,70.9,54.4,55.3,68.0,54.2,51.2,門別実績 / 履歴少 / 近走上向き
202646090802,2026-09-08,2,ベルツリー,9.0,8.0,魚住謙心,55.0,,4.0,7.0,金沢,能登復興支援舳倉島特(C1C2),0:58.2,0.7,晴,10.0,7.0,金沢,楽天競馬で馬券を買お(C1C2),0:59.8,3.5,曇,10.0,5.0,金沢,C25,1:48.7,8.5,晴,7.0,3.0,金沢,楽天競馬で馬券を買お(C2),0:58.3,1.4,曇,3.0,4.0,金沢,楽天競馬で馬券を買お(C2),0:58.0,0.4,曇,7.0,3.0,,nar,2026-09-08,50.13,51.9,40.9,40.7,71.0,53.1,49.6,前走人気以上 / 履歴少 / 近走上向き
202646090802,2026-09-08,2,ボルサリーノ,1.0,1.0,柴田勇真,57.0,,6.0,7.0,金沢,とし21歳おめでとう(C2),1:34.6,2.4,晴,7.0,4.0,金沢,つばさ&ひかるバース(C1),1:34.9,1.9,曇,8.0,6.0,金沢,楽天競馬で馬券を買お(C2),1:36.0,2.8,曇,6.0,5.0,金沢,C14,1:36.3,3.0,曇,1.0,2.0,金沢,C26,1:41.4,0.0,曇,7.4,5.0,,nar,2026-09-08,46.07,59.0,43.8,10.3,47.0,53.8,46.3,履歴少
202646090802,2026-09-08,2,ミスティックパワー,5.0,5.0,服部大地,57.0,,5.0,9.0,金沢,C13,1:40.8,1.0,晴,8.0,8.0,金沢,楽天ポイントが貯まる(C1C2),0:58.0,1.1,雨,10.0,12.0,金沢,能登復興支援高爪山賞(B2),1:34.0,2.2,曇,6.0,6.0,金沢,C13,1:34.3,2.2,曇,8.0,11.0,金沢,白山手取川ジオパーク(C1),1:34.9,2.1,曇,15.2,8.0,,nar,2026-09-08,55.05,50.5,63.4,30.4,68.0,66.1,46.3,前走人気以上 / 履歴少 / 近走上向き / 過小評価傾向
202630090802,2026-09-08,2,ミライヘノヒロイン,12.0,8.0,岩橋勇二,55.0,,11.0,8.0,門別,2歳未勝利,1:12.5,2.9,曇,5.0,5.0,門別,JRA認定競走フレッ(2歳),1:04.2,1.2,晴,,,,,,,,,,,,,,,,,,,,,,7.2,4.0,,nar,2026-09-08,39.38,40.9,39.2,31.7,25.7,46.6,51.2,門別実績 / 履歴少 / サンプル少
202645090802,2026-09-08,2,モンゲーコール,9.0,7.0,佐野遥久,54.0,,3.0,4.0,川崎,スパーキングデビュー(2歳),1:38.2,3.7,曇,,,,,,,,,,,,,,,,,,,,,,,,,,,,,16.9,8.0,,nar,2026-09-08,43.55,48.1,42.2,36.3,40.6,41.7,48.8,履歴少 / サンプル少
202630090802,2026-09-08,2,モーニングスミレ,11.0,8.0,宮内勇樹,55.0,,5.0,5.0,門別,2歳牝馬未勝利,1:03.9,0.8,曇,3.0,5.0,門別,公認キャラビラッキー(2歳),1:03.2,0.8,晴,8.0,8.0,門別,2歳牝馬未勝利,1:03.8,2.6,晴,3.0,6.0,門別,2歳牝馬未勝利,1:03.9,0.3,曇,3.0,7.0,門別,JRA認定競走フレッ(2歳),1:04.4,2.5,晴,5.1,2.0,,nar,2026-09-08,63.71,71.2,59.4,80.2,45.5,62.8,56.2,門別実績 / 履歴少 / 安定感
202630090802,2026-09-08,2,ヤングゼネラル,6.0,5.0,阿部龍,55.0,,4.0,5.0,門別,2歳未勝利,1:09.5,1.4,晴,8.0,7.0,門別,2歳未勝利,1:17.6,1.0,晴,11.0,12.0,門別,2歳未勝利,1:57.4,3.9,曇,8.0,3.0,門別,2歳未勝利,1:53.0,4.7,晴,4.0,5.0,門別,2歳未勝利,1:42.7,1.1,晴,6.6,3.0,,nar,2026-09-08,52.41,52.3,47.4,40.7,72.5,56.1,49.6,履歴少 / 近走上向き
202645090802,2026-09-08,2,ユウユウアドニス,5.0,5.0,中越琉世,54.0,,3.0,3.0,川崎,スパーキングデビュー(2歳),0:56.9,0.9,晴,,,,,,,,,,,,,,,,,,,,,,,,,,,,,4.7,3.0,,nar,2026-09-08,43.03,48.1,40.6,36.3,40.6,40.6,48.8,履歴少 / サンプル少
202645090802,2026-09-08,2,ユウユウキール,6.0,6.0,古岡勇樹,54.0,,4.0,6.0,川崎,2歳5 ロ,1:35.8,1.6,晴,5.0,5.0,川崎,2歳5,1:36.8,3.1,曇,5.0,6.0,川崎,天衣無縫賞(2歳),1:39.5,2.8,曇,11.0,9.0,川崎,ホタル特別(2歳),1:39.9,6.1,曇,7.0,6.0,川崎,スパーキングデビュー(2歳),1:38.1,4.5,晴,36.3,9.0,,nar,2026-09-08,60.33,61.8,52.9,75.1,68.0,56.3,52.9,川崎実績 / 履歴少 / 近走上向き / 安定感
202646090802,2026-09-08,2,ユニコ,6.0,6.0,沖静男,55.0,,8.0,10.0,金沢,C23,1:36.1,2.8,晴,7.0,8.0,金沢,C22,1:36.2,1.8,晴,7.0,9.0,金沢,葛山晃平騎手ラストデ(C1),1:43.5,3.9,曇,10.0,8.0,金沢,小田島ゴールインカッ(C2),1:36.6,3.3,曇,9.0,11.0,金沢,ダッシュダッシュいの(C1特別),1:44.6,3.8,曇,48.1,10.0,,nar,2026-09-08,44.81,44.4,58.2,0.0,51.5,56.1,43.8,履歴少 / 市場オッズ妙味
202630090802,2026-09-08,2,ラッキーリップス,1.0,1.0,金山昇馬,55.0,,12.0,11.0,門別,2歳未勝利,1:13.3,4.7,曇,9.0,11.0,門別,2歳未勝利,1:05.5,2.7,晴,10.0,7.0,門別,2歳未勝利,1:05.0,2.9,曇,11.0,11.0,門別,2歳牝馬未勝利,1:05.2,2.2,曇,9.0,7.0,門別,JRA認定競走アタッ(2歳),1:12.6,4.1,曇,164.9,12.0,,nar,2026-09-08,33.45,24.8,45.8,0.0,36.5,48.3,43.8,履歴少
202645090802,2026-09-08,2,ラムールサンセール,2.0,2.0,櫻井光輔,54.0,,4.0,4.0,川崎,2歳4 イ,1:35.6,2.6,晴,4.0,5.0,川崎,スパーキングデビュー(2歳),0:57.9,2.5,晴,,,,,,,,,,,,,,,,,,,,,,10.7,4.0,,nar,2026-09-08,53.43,59.8,47.2,48.4,45.5,58.1,59.5,川崎実績 / 履歴少 / サンプル少
202636090802,2026-09-08,2,リュウノバデン,6.0,5.0,山本聡紀,56.0,,8.0,4.0,盛岡,C2五組,1:15.2,1.2,晴,6.0,1.0,水沢,C2四組,1:30.1,1.6,小雨,2.0,3.0,水沢,C2四組,1:29.3,0.7,雨,5.0,1.0,水沢,C2四組,1:25.5,0.8,晴,3.0,1.0,盛岡,C2五組,1:28.3,0.7,晴,26.0,9.0,,nar,2026-09-08,45.59,65.1,28.6,44.7,26.0,47.2,54.0,水沢実績 / 履歴少 / 市場オッズ妙味
202646090802,2026-09-08,2,リンクアームズ,3.0,3.0,吉田晃浩,55.0,,10.0,10.0,金沢,航ニ朗お誕生日おめで(B2),1:40.8,1.8,晴,9.0,7.0,金沢,津田さんお疲れ様杯(B2),1:35.5,2.1,晴,4.0,9.0,金沢,「葛山画伯」記念(B2),1:40.2,2.5,曇,10.0,9.0,金沢,やすくん&なおちゃん(B2),1:35.6,2.0,曇,8.0,11.0,金沢,心星ひなまる永遠の5(B2),1:35.9,2.9,曇,6.5,2.0,,nar,2026-09-08,43.74,41.1,54.6,19.8,36.5,55.3,46.3,履歴少
202636090802,2026-09-08,2,ワンダーブギ,10.0,7.0,高橋悠里,56.0,,3.0,7.0,盛岡,大船渡市観光物産協会(C1),1:27.2,0.4,曇,9.0,3.0,盛岡,C1五組,1:27.8,0.9,晴,3.0,4.0,盛岡,C1四組,1:27.1,0.4,晴,4.0,6.0,盛岡,C1四組,1:27.4,0.5,曇,2.0,8.0,盛岡,C1五組,1:27.3,0.6,曇,4.5,2.0,,nar,2026-09-08,62.97,71.7,55.8,75.1,59.0,61.0,48.8,前走人気以上 / 履歴少 / 安定感
202646090803,2026-09-08,3,アオボシ,1.0,1.0,中島龍也,55.0,,7.0,8.0,金沢,七尾祇園祭特別(C1),0:57.8,0.6,雨,8.0,10.0,金沢,ダッシュダッシュいの(C1特別),1:44.0,3.2,曇,6.0,8.0,金沢,九谷焼特別(C1),0:57.6,1.8,曇,9.0,8.0,金沢,C15,1:43.0,3.4,晴,5.0,4.0,金沢,C14,1:35.9,2.2,晴,8.3,4.0,,nar,2026-09-08,47.93,50.9,56.6,10.3,50.0,58.7,46.3,履歴少
202630090803,2026-09-08,3,アルフォンシーナ,8.0,7.0,小野楓馬,55.0,,3.0,4.0,門別,2歳牝馬未勝利,1:01.9,0.3,曇,3.0,3.0,門別,日高山脈最高峰幌尻岳(2歳),1:02.9,0.6,晴,3.0,6.0,門別,2歳牝馬未勝利,1:02.8,0.4,曇,5.0,1.0,門別,2歳牝馬未勝利,1:03.9,0.9,曇,5.0,6.0,門別,JRA認定競走フレッ(2歳),1:02.9,1.0,曇,7.7,4.0,,nar,2026-09-08,67.77,80.0,52.9,100.0,56.0,59.3,56.4,門別実績 / 前走人気以上 / 安定感
202636090803,2026-09-08,3,アレグロヴィーヴォ,2.0,2.0,塚本涼人,56.0,,10.0,11.0,盛岡,リギル賞(C1),1:28.2,1.8,曇,8.0,8.0,盛岡,C1,1:28.3,1.3,曇,5.0,9.0,盛岡,C1,1:27.2,1.1,晴,12.0,10.0,盛岡,ロス・トランキーロス(C1),1:28.9,3.6,曇,7.0,7.0,盛岡,C2一組,1:28.1,1.2,晴,44.3,9.0,,nar,2026-09-08,43.87,40.0,55.6,19.8,38.0,53.6,48.8,履歴少
202645090803,2026-09-08,3,アンジュラプソディ,9.0,7.0,佐野遥久,54.0,,4.0,2.0,川崎,クロマグロ賞(C3),0:56.5,0.5,晴,2.0,4.0,川崎,ヒラマサ賞(C3),0:56.7,0.4,晴,9.0,5.0,川崎,トビウオ賞(C3),0:56.9,1.7,晴,4.0,1.0,川崎,福袋賞(C3),0:56.9,0.8,晴,4.0,1.0,川崎,ヤマネ賞(C3),0:57.6,0.2,晴,3.7,2.0,,nar,2026-09-08,58.07,72.1,38.5,80.2,54.5,49.1,56.2,川崎実績 / 履歴少 / 安定感
202636090803,2026-09-08,3,アンテニトルス,7.0,6.0,斉藤友香,50.0,,3.0,2.0,盛岡,C2六組,1:13.8,0.9,雨,3.0,2.0,盛岡,C2七組,1:14.7,0.9,曇,2.0,2.0,盛岡,C2八組,1:14.5,0.0,曇,2.0,6.0,盛岡,C2八組,1:13.3,0.2,曇,8.0,6.0,盛岡,C2七組,1:16.3,2.0,曇,7.9,2.0,,nar,2026-09-08,65.37,82.6,48.8,89.7,54.5,58.8,50.0,安定感
202636090803,2026-09-08,3,イサナ,1.0,1.0,村上忍,56.0,,9.0,3.0,盛岡,夢・希望未来へ前進(B1),1:40.3,0.9,晴,4.0,2.0,盛岡,45周年Annive(B1),1:38.9,0.3,小雨,4.0,2.0,川崎,カペラ賞(B2B3),2:15.9,1.6,曇,9.0,7.0,船橋,ニッコウキスゲ特別(B2B3),1:59.5,2.8,曇,4.0,5.0,川崎,第39回開成町阿波お(B2B3),2:13.8,0.5,晴,1.6,1.0,,nar,2026-09-08,44.42,58.0,29.7,55.0,27.5,44.9,48.8,履歴少
202636090803,2026-09-08,3,ウワサノデコピン,3.0,3.0,大坪慎,56.0,,1.0,2.0,盛岡,リギル賞(C1),1:26.4,0.0,曇,5.0,6.0,盛岡,C1四組,1:27.0,0.5,曇,2.0,8.0,盛岡,C1,1:13.7,0.1,晴,10.0,11.0,盛岡,C1四組,1:28.2,1.3,曇,10.0,10.0,浦和,草加宿特別(C2),1:39.8,3.1,曇,10.2,4.0,,nar,2026-09-08,68.69,72.5,63.2,75.1,84.5,65.7,48.8,履歴少 / 近走上向き / 安定感 / 過小評価傾向
202636090803,2026-09-08,3,エバーアリエル,4.0,4.0,菅原辰徳,54.0,,9.0,7.0,盛岡,C2六組,1:15.4,1.6,曇,6.0,9.0,盛岡,C2六組,1:15.0,2.0,晴,7.0,8.0,盛岡,C2六組,1:28.8,3.2,晴,6.0,8.0,盛岡,C2六組,1:15.0,1.8,曇,8.0,7.0,盛岡,C2五組,1:14.2,1.7,曇,97.8,12.0,,nar,2026-09-08,43.48,49.5,53.7,0.0,36.5,53.5,48.8,履歴少
202630090803,2026-09-08,3,エムティグレース,9.0,7.0,宮内勇樹,55.0,,6.0,10.0,門別,JRA認定競走フレッ(2歳),1:11.4,2.9,曇,,,,,,,,,,,,,,,,,,,,,,,,,,,,,38.5,8.0,,nar,2026-09-08,42.42,42.8,46.8,29.6,40.6,42.0,48.8,前走人気以上 / 履歴少 / サンプル少
202630090803,2026-09-08,3,エンテンガビ,2.0,2.0,金山昇馬,55.0,,7.0,11.0,門別,JRA認定競走フレッ(2歳),1:11.7,3.2,曇,,,,,,,,,,,,,,,,,,,,,,,,,,,,,50.4,9.0,,nar,2026-09-08,41.92,41.1,46.8,29.6,40.6,42.0,48.8,前走人気以上 / 履歴少 / サンプル少
202636090803,2026-09-08,3,オウケンアマゾネス,12.0,8.0,岩本怜,54.0,,4.0,8.0,盛岡,C2一組,1:26.7,0.5,曇,4.0,3.0,盛岡,C2一組,1:27.3,1.2,曇,2.0,3.0,盛岡,C2二組,1:28.1,0.0,曇,6.0,8.0,盛岡,C2一組,1:27.6,1.4,曇,2.0,6.0,盛岡,C2二組,1:27.5,0.1,曇,14.7,6.0,,nar,2026-09-08,67.39,78.5,63.1,85.4,47.0,67.9,48.8,前走人気以上 / 履歴少 / 安定感 / 過小評価傾向
202645090803,2026-09-08,3,カナサンドー,1.0,1.0,本田紀忠,54.0,,8.0,8.0,川崎,クロカジキ賞(C3),0:57.4,1.2,晴,6.0,9.0,川崎,ヒラマサ賞(C3),0:57.0,0.7,晴,8.0,7.0,川崎,トウザヨリ賞(C3),0:57.6,1.4,晴,7.0,5.0,川崎,ハヤブサ賞(C3),0:57.3,0.9,曇,8.0,7.0,川崎,イヌワシ賞(C3),0:57.6,0.7,晴,111.5,11.0,,nar,2026-09-08,42.99,49.2,51.1,0.0,45.5,50.9,43.8,履歴少
202645090803,2026-09-08,3,カルストンオリビア,11.0,8.0,増田充宏,54.0,,7.0,9.0,川崎,C3一 二三(C3二),1:33.6,1.9,晴,3.0,6.0,川崎,ヒラマサ賞(C3),0:56.8,0.5,晴,6.0,4.0,川崎,ファイナルアンサー賞(C3),1:33.9,1.2,晴,7.0,8.0,川崎,ファイナルアンサー賞(C2),1:40.8,1.3,曇,13.0,8.0,川崎,ファイナルアンサー賞(C2),1:42.2,4.1,晴,9.8,5.0,,nar,2026-09-08,50.56,56.6,54.1,24.9,51.5,56.6,46.3,履歴少
202647090803,2026-09-08,3,カーボナード,8.0,8.0,大原浩司,57.0,,6.0,3.0,笠松,C級セレクション,1:35.0,0.6,曇,4.0,8.0,笠松,ヤクルトマーケティン(C),1:33.9,1.3,晴,6.0,5.0,笠松,ハルとダイチがきた!(C),1:35.8,2.3,晴,8.0,6.0,笠松,陽向バースデー記念(C),1:35.0,3.3,晴,5.0,2.0,笠松,C級サバイバル,1:34.6,2.1,曇,80.0,5.0,,nar,2026-09-08,50.22,62.5,45.0,35.3,48.5,49.4,49.6,履歴少
202630090803,2026-09-08,3,ギフトオブマジック,4.0,4.0,松井伸也,55.0,,,8.0,門別,2歳未勝利,,,曇,11.0,11.0,門別,2歳未勝利,1:44.4,4.9,曇,6.0,8.0,門別,JRA認定競走フレッ(2歳),1:11.7,2.8,曇,,,,,,,,,,,,,,,81.1,10.0,,nar,2026-09-08,39.51,38.7,48.9,18.0,29.0,49.8,43.2,履歴少 / サンプル少
202645090803,2026-09-08,3,クリナデシコ,2.0,2.0,岡村裕基,54.0,,12.0,11.0,川崎,クロカジキ賞(C3),0:59.8,3.6,晴,8.0,8.0,川崎,C3五,1:36.1,4.7,曇,9.0,8.0,川崎,C3五,1:36.9,3.6,晴,10.0,7.0,浦和,本庄宿賞(C3),1:35.6,4.0,曇,11.0,10.0,川崎,C3一 二,1:37.9,5.2,晴,139.7,12.0,,nar,2026-09-08,33.22,27.9,42.7,0.0,35.0,47.0,43.8,履歴少
202630090803,2026-09-08,3,コバシリデス,5.0,5.0,黒澤愛斗,55.0,,11.0,8.0,門別,2歳未勝利,1:05.2,3.3,曇,7.0,8.0,門別,2歳未勝利,1:04.5,1.7,晴,11.0,9.0,門別,ホクレンカタログギフ(2歳),1:05.0,2.6,曇,7.0,7.0,門別,JRA認定競走フレッ(2歳),1:07.5,3.8,曇,,,,,,,,364.9,11.0,,nar,2026-09-08,34.7,34.1,41.7,0.0,34.0,47.7,43.8,履歴少
202647090803,2026-09-08,3,コパノランサー,2.0,2.0,東川慎,57.0,,6.0,5.0,笠松,梅林賞(C),1:32.9,1.6,晴,1.0,3.0,笠松,竜也・萌結婚記念(C),1:31.3,0.0,晴,3.0,3.0,笠松,イチイの木賞(C),1:46.8,0.5,晴,5.0,5.0,笠松,アイスチューリップ賞(C),1:31.8,2.0,晴,7.0,7.0,笠松,平湯温泉特別(C),1:32.5,3.3,晴,8.1,3.0,,nar,2026-09-08,58.64,75.1,51.4,59.3,38.0,59.6,52.9,笠松実績 / 履歴少
202645090803,2026-09-08,3,コミックガール,5.0,5.0,櫻井光輔,54.0,,10.0,9.0,川崎,クロカジキ賞(C3),0:57.7,1.5,晴,6.0,6.0,川崎,C3一 二,1:35.8,3.7,曇,9.0,2.0,川崎,ファイナルアンサー賞(C3),1:35.2,2.5,晴,8.0,9.0,川崎,ファイナルアンサー賞(C2),1:41.2,1.7,曇,8.0,11.0,川崎,ファイナルアンサー賞(C2),1:40.8,2.7,晴,38.8,8.0,,nar,2026-09-08,37.19,41.5,41.4,0.0,36.5,49.1,43.8,履歴少
202630090803,2026-09-08,3,サンヨウトッパコウ,6.0,6.0,望月洵輝,55.0,,5.0,5.0,門別,2歳未勝利,1:02.9,1.1,雨,4.0,2.0,門別,優駿の里安平町夢民舎(2歳),1:03.5,0.4,晴,3.0,6.0,門別,JRA認定競走フレッ(2歳),1:03.2,0.8,曇,,,,,,,,,,,,,,,10.0,5.0,,nar,2026-09-08,61.57,74.9,50.9,75.1,41.0,60.9,59.5,門別実績 / 履歴少 / 安定感
202647090803,2026-09-08,3,シャトーホークビル,7.0,7.0,塚本征吾,57.0,,3.0,1.0,笠松,アンダーグラフ来場記(C),1:33.6,1.6,晴,1.0,1.0,笠松,音有お誕生日おめでと(C),1:32.2,-0.5,曇,13.0,14.0,3東京1,障害3歳以上未勝利,3:32.1,9.9,曇,11.0,12.0,1新潟4,障害4歳以上未勝利,3:20.6,9.3,晴,18.0,18.0,4新潟2,3歳以上1勝クラス,1:36.7,3.0,曇,3.5,2.0,,nar,2026-09-08,58.63,54.2,48.1,55.3,96.5,55.3,59.5,笠松実績 / 履歴少 / 近走上向き
202645090803,2026-09-08,3,セイウンヤタガラス,7.0,6.0,山林堂信,56.0,,5.0,8.0,川崎,クロマグロ賞(C3),0:56.6,0.6,晴,9.0,5.0,川崎,C3三 四,1:36.6,2.4,曇,11.0,10.0,川崎,トビウオ賞(C3),0:57.6,2.4,晴,12.0,4.0,川崎,C3一 二,1:38.5,5.6,晴,7.0,10.0,川崎,C3一 二,1:34.0,2.7,雨,48.8,10.0,,nar,2026-09-08,45.78,40.7,42.0,30.4,78.5,47.1,46.3,前走人気以上 / 履歴少 / 近走上向き
202645090803,2026-09-08,3,ダイナマイトブル,3.0,3.0,達城龍次,56.0,,6.0,4.0,川崎,クロマグロ賞(C3),0:56.6,0.6,晴,7.0,4.0,川崎,イヌワシ賞(C3),0:57.3,0.4,晴,4.0,2.0,川崎,スズメ賞(C3),0:56.3,0.5,晴,2.0,4.0,船橋,C3五,1:17.4,0.3,晴,4.0,1.0,川崎,フェネック賞(C3),0:55.8,0.4,曇,14.0,6.0,,nar,2026-09-08,50.99,67.5,37.6,44.7,39.5,56.0,51.2,川崎実績 / 履歴少 / 市場オッズ妙味
202636090803,2026-09-08,3,ティラージュ,8.0,6.0,小林凌,54.0,,9.0,10.0,盛岡,B2,1:39.6,1.3,雨,5.0,8.0,盛岡,C1,1:27.9,1.8,曇,10.0,11.0,盛岡,C1,1:29.4,3.2,晴,9.0,10.0,盛岡,C1,1:02.2,2.2,曇,9.0,7.0,盛岡,C1,1:15.6,2.0,晴,58.4,10.0,,nar,2026-09-08,46.78,42.4,58.3,24.9,45.5,54.2,48.8,履歴少
202630090803,2026-09-08,3,テンビーキャッスル,1.0,1.0,岩橋勇二,55.0,,5.0,5.0,門別,JRA認定競走フレッ(2歳),1:02.8,1.3,晴,,,,,,,,,,,,,,,,,,,,,,,,,,,,,19.3,7.0,,nar,2026-09-08,42.04,44.6,40.6,36.3,40.6,40.6,48.8,履歴少 / サンプル少
202636090803,2026-09-08,3,テーオールノワール,10.0,7.0,高松亮,56.0,,9.0,8.0,盛岡,B1,1:14.0,1.5,曇,8.0,9.0,高知,ファイナルレース(C2),1:33.3,1.1,晴,7.0,8.0,高知,C2ー5,1:49.4,2.5,曇,,,高知,C2ー4,,,雨,5.0,5.0,高知,C2ー4,1:34.8,1.4,雨,9.3,3.0,,nar,2026-09-08,43.28,45.9,51.2,10.3,36.0,55.1,48.8,履歴少
202630090803,2026-09-08,3,デンノウガール,10.0,8.0,石川倭,55.0,,2.0,1.0,門別,2歳未勝利,1:08.8,0.7,晴,10.0,8.0,門別,JRA認定競走アタッ(2歳),1:17.0,2.6,晴,3.0,2.0,門別,JRA認定競走アタッ(2歳),1:09.2,0.6,曇,2.0,1.0,門別,JRA認定競走アタッ(2歳),1:09.4,0.1,曇,2.0,1.0,門別,JRA認定競走アタッ(2歳),1:10.1,0.8,曇,1.9,1.0,,nar,2026-09-08,59.84,74.5,41.3,75.1,63.5,48.8,56.2,門別実績 / 履歴少 / 安定感
202645090803,2026-09-08,3,ドラマツルギー,10.0,7.0,野畑凌,54.0,,2.0,1.0,川崎,クロマグロ賞(C3),0:56.2,0.2,晴,5.0,1.0,川崎,ヒラマサ賞(C3),0:56.9,0.6,晴,3.0,2.0,川崎,トビウオ賞(C3),0:56.0,0.8,晴,9.0,3.0,川崎,C2五,1:34.3,2.7,曇,3.0,1.0,川崎,C3一 二,1:34.3,1.4,晴,3.3,1.0,,nar,2026-09-08,59.25,75.4,31.9,85.4,68.0,46.0,56.2,川崎実績 / 履歴少 / 近走上向き / 安定感
202636090803,2026-09-08,3,ドルチェヴィータ,5.0,5.0,関本玲花,52.0,,9.0,7.0,盛岡,C2四組,1:29.5,2.4,曇,1.0,5.0,盛岡,C2七組,1:13.7,-0.2,晴,6.0,7.0,盛岡,C2七組,1:13.9,1.2,曇,7.0,8.0,盛岡,C2七組,1:14.7,0.9,小雨,6.0,5.0,盛岡,C2六組,1:15.5,1.0,曇,42.9,8.0,,nar,2026-09-08,49.32,61.5,54.4,24.9,26.0,56.7,50.0,市場オッズ妙味
202647090803,2026-09-08,3,ドロップオブレイ,4.0,4.0,渡辺竜也,55.0,,3.0,1.0,笠松,C12組,1:32.7,0.5,晴,1.0,1.0,笠松,私の青春☆アクセル全(C),0:50.2,-0.3,晴,7.0,4.0,3中京7,3歳未勝利,1:20.6,0.8,晴,16.0,1.0,2京都8,3歳未勝利,1:12.3,2.9,晴,10.0,7.0,2中京4,3歳未勝利,1:22.7,0.8,晴,1.3,1.0,,nar,2026-09-08,51.21,63.6,24.1,55.3,83.0,36.2,59.5,笠松実績 / 履歴少 / 近走上向き
202647090803,2026-09-08,3,ヒルノエルニド,5.0,5.0,深澤杏花,53.0,,2.0,5.0,笠松,C級セレクション,1:34.5,0.1,曇,3.0,7.0,笠松,私の青春☆アクセル全(C),0:51.3,1.1,晴,5.0,4.0,笠松,加織・文行結婚記念(C),1:36.7,1.4,晴,5.0,7.0,笠松,音有お誕生日おめでと(C),1:34.2,2.0,曇,6.0,8.0,笠松,C級サバイバル,1:34.9,2.4,曇,41.7,4.0,,nar,2026-09-08,70.83,78.5,65.5,89.7,66.5,62.8,56.2,笠松実績 / 前走人気以上 / 履歴少 / 人気以上に走る傾向
202647090803,2026-09-08,3,ヒルノマース,6.0,6.0,藤原幹生,55.0,,7.0,8.0,笠松,C11組,1:34.3,2.6,晴,8.0,7.0,笠松,ヤクルトマーケティン(C),1:34.9,2.3,晴,4.0,3.0,笠松,加織・文行結婚記念(C),1:36.4,1.1,晴,8.0,7.0,笠松,C13組,1:36.5,4.5,晴,6.0,8.0,笠松,C10組,1:34.3,1.6,曇,144.6,7.0,,nar,2026-09-08,47.1,54.4,49.4,19.8,47.0,52.6,46.3,履歴少
202646090803,2026-09-08,3,ピエナパプリカ,4.0,4.0,魚住謙心,57.0,,4.0,5.0,金沢,能登復興支援禄剛崎特(C2),1:34.8,1.3,晴,7.0,4.0,金沢,C15,1:34.8,2.1,雨,8.0,10.0,金沢,いのちゃん@36歳年(C1特別),1:42.8,1.8,曇,6.0,4.0,金沢,C16,1:42.7,1.4,曇,4.0,4.0,金沢,C17,1:41.9,1.6,曇,9.0,5.0,,nar,2026-09-08,54.2,61.4,47.6,40.7,63.5,58.1,49.6,履歴少
202646090803,2026-09-08,3,ピースマッチング,6.0,6.0,松戸政也,57.0,,3.0,6.0,金沢,C15,1:32.9,1.3,晴,9.0,3.0,金沢,C13,1:42.5,3.3,雨,9.0,11.0,園田,小野ひまわり特別B1,1:34.3,2.8,曇,7.0,7.0,園田,兵庫馬事畜産特別B1,1:34.6,1.9,晴,8.0,11.0,園田,JーPLACEよかわ(B1),1:21.0,1.3,曇,3.1,1.0,,nar,2026-09-08,53.49,53.8,50.9,30.4,81.5,54.9,51.2,金沢実績 / 前走人気以上 / 履歴少 / 近走上向き
202646090803,2026-09-08,3,フォーユーランラン,7.0,7.0,吉田晃浩,55.0,,8.0,7.0,金沢,なつみちゃん誕生日お(C1),1:36.2,3.5,晴,5.0,10.0,金沢,C13,1:41.9,2.7,雨,,,金沢,だいきち不動産設立記(C1),,,雨,7.0,8.0,金沢,ホップステップぴんみ(C1),1:41.8,2.3,曇,6.0,8.0,金沢,愛☆日本一のウマ男祝(C1特別),1:43.2,1.6,曇,20.4,8.0,,nar,2026-09-08,50.82,55.0,61.3,24.9,38.0,60.4,47.1,履歴少 / 市場オッズ妙味
202636090803,2026-09-08,3,フジサンワイシーシ,9.0,7.0,坂井瑛音,55.0,,12.0,10.0,盛岡,C2四組,1:15.8,2.6,曇,5.0,4.0,盛岡,C2三組,1:30.4,1.6,曇,4.0,2.0,盛岡,C2三組,1:29.2,1.3,晴,5.0,6.0,盛岡,C2三組,1:27.9,1.0,曇,3.0,5.0,盛岡,C2三組,1:28.4,1.8,曇,78.2,11.0,,nar,2026-09-08,46.62,54.2,43.7,69.6,3.5,52.2,48.8,履歴少 / 安定感
202630090803,2026-09-08,3,フレイムフローラ,11.0,8.0,阿部龍,55.0,,4.0,3.0,門別,2歳牝馬未勝利,1:03.5,0.4,曇,3.0,1.0,門別,ホクレンカタログギフ(2歳),1:02.8,0.4,曇,2.0,2.0,門別,2歳牝馬未勝利,1:10.0,0.2,雨,5.0,7.0,門別,JRA認定競走アタッ(2歳),1:16.6,1.4,晴,5.0,2.0,門別,日高町の地酒「縁」と(2歳),1:03.3,1.3,晴,7.6,3.0,,nar,2026-09-08,64.4,79.2,44.3,100.0,48.5,56.0,59.5,門別実績 / 履歴少 / 安定感
202645090803,2026-09-08,3,フロレシミエント,6.0,5.0,高橋優,51.0,,3.0,6.0,川崎,クロマグロ賞(C3),0:56.5,0.5,晴,8.0,12.0,川崎,ヒラマサ賞(C3),0:57.5,1.2,晴,10.0,8.0,川崎,トビウオ賞(C3),0:57.1,1.9,晴,9.0,8.0,川崎,風神賞(C2),0:57.4,2.3,曇,12.0,6.0,川崎,ファイナルアンサー賞(C2),1:41.9,3.8,晴,22.4,7.0,,nar,2026-09-08,53.19,48.5,55.2,30.4,90.5,51.5,46.3,前走人気以上 / 履歴少 / 近走上向き / 市場オッズ妙味
202636090803,2026-09-08,3,プリモジョーカー,6.0,5.0,阿部英俊,54.0,,4.0,3.0,盛岡,C1,1:13.4,0.3,曇,1.0,3.0,盛岡,C1,0:59.3,-0.6,曇,8.0,3.0,盛岡,C1,1:14.4,0.8,晴,3.0,8.0,盛岡,C1,1:00.5,0.5,曇,6.0,4.0,盛岡,C1,1:15.2,1.6,晴,12.9,5.0,,nar,2026-09-08,60.65,75.2,48.1,69.9,53.0,60.2,48.8,履歴少 / 安定感 / 市場オッズ妙味
202647090803,2026-09-08,3,ベラジオガール,3.0,3.0,阿部基嗣,54.0,,6.0,6.0,笠松,C11組,1:34.2,2.5,晴,7.0,9.0,笠松,ヤクルトマーケティン(C),1:34.8,2.2,晴,7.0,6.0,笠松,ハルとダイチがきた!(C),1:36.6,3.1,晴,6.0,10.0,笠松,陽向バースデー記念(C),1:34.4,2.7,晴,5.0,9.0,笠松,和葉ちゃん4才おめで(C),1:34.3,1.4,曇,217.1,8.0,,nar,2026-09-08,50.45,57.3,59.1,10.3,51.5,58.5,46.3,履歴少
202647090803,2026-09-08,3,ペッシュプラット,1.0,1.0,細川智史,55.0,,4.0,7.0,笠松,C級セレクション,1:34.7,0.3,曇,8.0,5.0,笠松,アンダーグラフ来場記(C),1:38.2,6.2,晴,8.0,4.0,笠松,C級セレクション,1:38.0,4.9,晴,8.0,4.0,笠松,ここ!笠松!AZKi(C),1:37.4,4.9,曇,9.0,1.0,笠松,和葉ちゃん4才おめで(C),1:35.3,2.4,曇,111.3,6.0,,nar,2026-09-08,46.64,52.9,35.7,30.4,75.5,42.2,46.3,前走人気以上 / 履歴少 / 近走上向き
202645090803,2026-09-08,3,ボイド,4.0,4.0,神尾香澄,54.0,,11.0,1.0,川崎,クロカジキ賞(C3),0:58.1,1.9,晴,10.0,1.0,川崎,鳴雷賞(C2),0:57.3,0.7,曇,1.0,2.0,川崎,カピバラ賞(C3),0:55.7,-0.5,晴,2.0,2.0,川崎,お年玉賞(C3),0:56.7,0.4,晴,4.0,1.0,川崎,天雷賞(C2),0:56.3,1.2,晴,4.4,3.0,,nar,2026-09-08,35.84,54.1,12.2,44.7,9.5,42.7,52.9,川崎実績 / 履歴少
202646090803,2026-09-08,3,ポッドボレット,8.0,8.0,米倉知,57.0,,7.0,7.0,金沢,長江崚行爆誕2026(C1),1:44.1,5.3,晴,8.0,8.0,金沢,最高の推し!真白生誕(B2),1:43.6,3.9,晴,6.0,7.0,金沢,咲き誇れ!みこち8周(B2),1:41.3,2.5,曇,6.0,9.0,金沢,さわやかさやか賞(C1),1:42.0,3.2,曇,7.0,7.0,金沢,としおゆうこ夫妻に感(B2),1:36.3,2.0,曇,9.5,6.0,,nar,2026-09-08,46.63,52.8,54.4,0.0,48.5,59.8,46.0,クラス条件好転 / 履歴少
202645090803,2026-09-08,3,ポルタフェリーチェ,12.0,8.0,藤江渉,54.0,,7.0,10.0,川崎,クロカジキ賞(C3),0:57.3,1.1,晴,10.0,7.0,川崎,ヒラマサ賞(C3),0:57.5,1.2,晴,7.0,11.0,川崎,トビウオ賞(C3),0:56.5,1.3,晴,10.0,11.0,川崎,雲神賞(C2),0:56.7,1.9,曇,12.0,10.0,川崎,C2七,1:35.0,2.4,晴,43.9,9.0,,nar,2026-09-08,44.11,38.4,56.3,0.0,66.5,53.6,43.8,前走人気以上 / 履歴少 / 近走上向き
202636090803,2026-09-08,3,モンルネ,11.0,8.0,鈴木祐,54.0,,1.0,3.0,盛岡,C2七組,1:15.1,0.0,晴,2.0,8.0,盛岡,C2八組,1:13.4,1.2,小雨,9.0,7.0,水沢,C2八組,1:27.4,2.4,晴,7.0,2.0,水沢,C2七組,1:24.0,0.7,晴,3.0,5.0,水沢,C2八組,1:25.8,0.4,晴,16.8,7.0,,nar,2026-09-08,66.21,76.7,58.3,65.7,75.5,64.0,48.5,履歴少 / 近走上向き / 安定感 / 市場オッズ妙味
202630090803,2026-09-08,3,ラヴィアール,7.0,6.0,桑村真明,55.0,,3.0,6.0,門別,2歳牝馬未勝利,1:09.7,0.8,雨,6.0,3.0,門別,2歳牝馬未勝利,1:10.3,1.0,晴,2.0,8.0,門別,2歳牝馬未勝利,1:10.5,0.3,曇,6.0,7.0,門別,2歳牝馬未勝利,1:10.7,0.9,雨,3.0,7.0,門別,2歳未勝利,1:03.5,2.2,晴,10.6,6.0,,nar,2026-09-08,65.37,76.1,63.4,60.5,57.5,67.2,52.9,門別実績 / 前走人気以上 / 履歴少 / 安定感
202646090803,2026-09-08,3,ルビープリンセス,3.0,3.0,甲賀弘隆,55.0,,5.0,6.0,金沢,能登復興支援舳倉島特(C1C2),0:58.2,0.7,晴,6.0,4.0,金沢,能登復興支援禄剛崎特(C2),1:36.0,2.5,晴,9.0,8.0,金沢,つばさ&ひかるバース(C1),1:35.8,2.8,曇,3.0,1.0,金沢,第1回えみこた日和記(C2特別),1:36.3,0.5,晴,12.0,11.0,金沢,楽天競馬で馬券を買お(C2),1:37.6,3.9,曇,12.3,7.0,,nar,2026-09-08,52.62,56.2,44.5,45.0,65.0,57.4,49.6,履歴少 / 近走上向き / 市場オッズ妙味
202645090803,2026-09-08,3,ルリール,8.0,6.0,新原周馬,54.0,,4.0,3.0,川崎,クロカジキ賞(C3),0:56.9,0.7,晴,2.0,6.0,川崎,カマスサワラ賞(C3),0:56.2,0.5,晴,5.0,4.0,川崎,トビウオ賞(C3),0:56.2,1.0,晴,2.0,2.0,川崎,ハヤブサ賞(C3),0:56.8,0.4,曇,2.0,3.0,川崎,イヌワシ賞(C3),0:57.1,0.2,晴,6.9,4.0,,nar,2026-09-08,67.55,82.4,54.2,100.0,42.5,60.2,59.5,川崎実績 / 履歴少 / 安定感
202646090803,2026-09-08,3,ルルーディ,5.0,5.0,田知弘久,55.0,,4.0,6.0,金沢,C16,1:34.4,1.0,晴,7.0,9.0,金沢,睦斗小学校入学&紬ほ(C1),1:36.6,3.4,曇,,,金沢,C14,,,雨,9.0,5.0,金沢,ホップステップぴんみ(C1),1:42.9,3.4,曇,5.0,5.0,金沢,C13,1:36.3,2.8,曇,3.2,2.0,,nar,2026-09-08,55.83,60.2,54.6,40.7,68.0,55.0,51.2,金沢実績 / 履歴少 / 近走上向き
202630090803,2026-09-08,3,レディウォーリア,3.0,3.0,落合玄太,55.0,,7.0,2.0,門別,2歳未勝利,1:10.0,1.4,曇,2.0,4.0,門別,JRA認定競走フレッ(2歳),1:10.0,0.3,晴,,,,,,,,,,,,,,,,,,,,,,6.1,2.0,,nar,2026-09-08,44.47,56.5,38.4,31.7,29.0,50.2,51.2,門別実績 / 履歴少 / サンプル少
202646090803,2026-09-08,3,ロングサクセション,2.0,2.0,青柳正義,57.0,,8.0,7.0,金沢,航ニ朗お誕生日おめで(B2),1:40.6,1.6,晴,8.0,4.0,金沢,津田さんお疲れ様杯(B2),1:34.8,1.4,晴,5.0,7.0,金沢,やすくん&なおちゃん(B2),1:34.5,0.9,曇,9.0,8.0,金沢,心星ひなまる永遠の5(B2),1:36.1,3.1,曇,4.0,6.0,金沢,B26,1:41.3,1.4,曇,6.6,3.0,,nar,2026-09-08,45.98,50.9,44.1,30.1,41.0,54.7,49.6,履歴少
202636090804,2026-09-08,4,アイズ,11.0,8.0,高橋悠里,56.0,,6.0,7.0,大井,アメリカンアンバサダ(B2),1:42.2,1.6,晴,7.0,8.0,大井,オフト後楽園賞競走(B2),1:28.2,1.2,晴,12.0,11.0,大井,ゲンマ賞競走(B2),1:14.6,3.0,曇,3.0,8.0,大井,レグルス賞競走(B2),1:27.2,0.2,晴,6.0,7.0,大井,トルマリン賞競走(B2),1:14.0,1.8,曇,1.7,1.0,,nar,2026-09-08,49.78,52.0,58.3,14.6,56.0,56.2,48.8,履歴少
202647090804,2026-09-08,4,アデラパフューム,5.0,5.0,細川智史,55.0,,8.0,3.0,笠松,B3組,1:33.7,2.1,晴,2.0,2.0,笠松,B3組,1:44.7,0.0,晴,3.0,8.0,笠松,糸貫川特別(B),1:45.3,1.0,曇,9.0,8.0,笠松,水無月特別(B),1:48.0,2.6,晴,9.0,7.0,浦和,C2三 四,1:39.8,2.4,晴,6.0,3.0,,nar,2026-09-08,50.5,61.9,43.8,44.7,36.5,55.7,51.2,笠松実績 / 履歴少
202646090804,2026-09-08,4,アベニンマリア,3.0,3.0,浅野登生,52.0,,2.0,3.0,金沢,能登復興支援能登ヒバ(C2),1:33.6,0.7,晴,11.0,10.0,名古屋,C11組,1:45.2,6.9,晴,12.0,11.0,名古屋,C12組,1:41.3,3.3,雨,10.0,9.0,名古屋,C18組,1:43.8,4.6,曇,10.0,7.0,名古屋,もちゃ5歳だねくぃー(C),1:42.3,2.5,晴,6.2,2.0,,nar,2026-09-08,50.39,42.3,45.8,30.4,100.0,50.2,48.8,履歴少 / 近走上向き
202645090804,2026-09-08,4,イクノオリンピア,3.0,3.0,和田譲治,56.0,,6.0,4.0,川崎,C2三 四,1:34.0,1.6,晴,3.0,9.0,川崎,C2五 六,1:32.9,0.6,晴,6.0,6.0,川崎,橘樹官衛賞(C2),1:33.9,1.9,晴,4.0,5.0,川崎,C2五 六,1:33.1,0.4,晴,6.0,2.0,川崎,C2六 七,1:33.5,0.8,晴,7.8,4.0,,nar,2026-09-08,54.98,68.3,54.3,39.5,42.5,57.2,49.6,履歴少
202630090804,2026-09-08,4,イゼルトヴァルト,5.0,5.0,小野楓馬,55.0,,7.0,8.0,門別,2歳未勝利,1:03.0,1.2,雨,2.0,3.0,門別,2歳未勝利,1:03.9,1.1,晴,7.0,9.0,門別,2歳未勝利,1:04.1,2.0,曇,10.0,7.0,門別,2歳未勝利,1:04.8,1.8,曇,8.0,7.0,門別,JRA認定競走フレッ(2歳),1:05.0,2.8,晴,64.8,9.0,,nar,2026-09-08,49.63,57.6,52.9,24.9,48.5,52.6,46.3,履歴少
202645090804,2026-09-08,4,エコロジョイアー,2.0,2.0,木間塚龍,56.0,,9.0,5.0,川崎,C2五 六,1:34.5,1.9,晴,6.0,5.0,船橋,C2五 六,1:39.7,1.4,曇,6.0,6.0,浦和,C2五 六,1:38.8,0.9,曇,,,浦和,C1五,,,晴,,,浦和,浦和エイトチャレンジ(C1),,,晴,25.9,8.0,,nar,2026-09-08,38.42,50.3,36.3,0.0,32.0,49.3,48.8,履歴少 / 市場オッズ妙味
202630090804,2026-09-08,4,エリオラ,12.0,8.0,金山昇馬,55.0,,10.0,9.0,門別,2歳未勝利,1:20.6,5.1,晴,9.0,10.0,門別,道の駅あびらオリジナ(2歳),1:19.0,2.9,晴,9.0,9.0,門別,2歳牝馬未勝利,1:04.3,3.1,晴,9.0,9.0,門別,JRA認定競走フレッ(2歳),1:11.8,2.5,曇,,,,,,,,126.5,10.0,,nar,2026-09-08,38.01,33.3,49.6,0.0,44.0,50.9,43.8,履歴少
202645090804,2026-09-08,4,エリセイラ,9.0,7.0,岡村健司,54.0,,2.0,3.0,船橋,2026Jockey(C3),1:46.3,0.1,晴,4.0,4.0,船橋,2026Jockey(C3),2:01.5,0.5,曇,5.0,5.0,船橋,C2四 五,1:40.8,1.6,曇,8.0,6.0,川崎,インフィオラータ賞(C2),1:40.7,2.3,曇,5.0,2.0,船橋,御堂筋エンジ八咫烏記(C2),1:40.5,0.8,曇,21.0,7.0,,nar,2026-09-08,63.32,73.8,47.9,85.4,71.0,53.7,48.8,履歴少 / 近走上向き / 安定感 / 市場オッズ妙味
202645090804,2026-09-08,4,オトメノネガイ,1.0,1.0,岡村裕基,54.0,,9.0,12.0,川崎,蒼雷賞(C2),0:56.4,1.3,晴,11.0,11.0,川崎,C2三 四,1:34.9,3.0,晴,4.0,8.0,川崎,ファイナルアンサー賞(C3),1:33.8,1.1,晴,6.0,10.0,浦和,C2五 六,1:39.3,1.8,曇,11.0,11.0,浦和,C2五 六,1:40.8,2.4,曇,77.0,12.0,,nar,2026-09-08,48.16,41.8,66.0,19.8,44.0,58.1,48.5,前走人気以上 / 履歴少 / 人気以上に走る傾向
202647090804,2026-09-08,4,オレンタノ,4.0,4.0,深澤杏花,55.0,,8.0,8.0,笠松,B2組,1:33.0,2.1,晴,7.0,7.0,笠松,B2組,1:33.7,2.2,晴,5.0,6.0,笠松,あまのがわ特別(AB),1:32.1,1.8,曇,10.0,5.0,笠松,糸貫川特別(B),1:47.3,3.0,曇,6.0,8.0,笠松,ジュン特別(B),1:32.1,0.8,晴,46.2,9.0,,nar,2026-09-08,45.23,50.1,47.7,19.8,44.0,53.4,46.3,履歴少 / 市場オッズ妙味
202636090804,2026-09-08,4,オロスコピオ,5.0,5.0,山本聡紀,54.0,,12.0,11.0,盛岡,B2,1:27.7,1.8,曇,6.0,4.0,盛岡,チックウィード賞(B2),1:28.2,1.4,晴,5.0,10.0,盛岡,ラビットイヤー賞(B2),1:25.0,1.1,小雨,10.0,12.0,盛岡,ソウルラッシュ特別(B2),1:26.4,1.8,晴,8.0,11.0,水沢,B2,1:44.8,3.1,晴,25.1,7.0,,nar,2026-09-08,42.4,40.7,55.5,19.8,21.5,56.2,48.8,履歴少
202645090804,2026-09-08,4,オースター,7.0,6.0,西啓太,56.0,,10.0,9.0,川崎,C2三 四,1:34.3,1.9,晴,8.0,7.0,川崎,雷鳴賞(C2),0:56.2,1.4,晴,5.0,4.0,川崎,雲神賞(C2),0:56.4,1.6,曇,2.0,3.0,川崎,雷響賞(C2),0:55.6,1.0,晴,4.0,6.0,川崎,芍薬賞(C2),1:39.3,1.6,晴,30.4,9.0,,nar,2026-09-08,47.26,54.2,47.2,44.7,18.5,56.3,52.9,川崎実績 / 履歴少 / 市場オッズ妙味
202645090804,2026-09-08,4,カサミラ,12.0,8.0,神尾香澄,52.0,,9.0,7.0,川崎,C2三 四,1:33.9,2.1,晴,2.0,4.0,川崎,C3一 二,1:32.9,0.8,曇,5.0,7.0,川崎,ファイナルアンサー賞(C3),1:33.9,1.2,晴,8.0,10.0,川崎,C2五 六,1:34.7,2.0,晴,10.0,11.0,川崎,C2六 七,1:35.0,2.7,晴,33.6,10.0,,nar,2026-09-08,51.67,56.6,54.8,44.7,33.5,59.5,49.6,履歴少 / 市場オッズ妙味
202636090804,2026-09-08,4,カレンザブーケ,12.0,8.0,関本玲花,52.0,,10.0,11.0,盛岡,C2一組,1:27.4,1.2,曇,5.0,5.0,盛岡,C2二組,1:28.3,2.6,晴,6.0,4.0,盛岡,C1,1:28.3,2.2,曇,5.0,8.0,盛岡,C1四組,1:27.3,0.6,晴,11.0,10.0,盛岡,C1四組,1:28.5,1.6,曇,53.3,11.0,,nar,2026-09-08,46.8,49.3,51.7,39.5,30.5,52.2,48.8,履歴少
202645090804,2026-09-08,4,キタノチャンス,5.0,5.0,新原周馬,54.0,,2.0,2.0,川崎,C2三 四,1:32.7,0.3,晴,4.0,1.0,川崎,C2三 四,1:33.0,1.1,晴,1.0,1.0,川崎,C3三 四,1:32.7,-1.6,曇,3.0,1.0,川崎,C2五,1:32.5,0.9,曇,1.0,1.0,川崎,C3三 四,1:32.6,-0.6,晴,3.1,1.0,,nar,2026-09-08,66.59,89.3,42.7,100.0,51.5,51.6,59.5,川崎実績 / 履歴少 / 安定感
202646090804,2026-09-08,4,クイーンオブロード,7.0,7.0,甲賀弘隆,55.0,,6.0,6.0,金沢,☆祝30歳☆ゆきえり(C2),1:41.5,0.7,晴,3.0,2.0,金沢,C25,1:35.7,2.8,晴,5.0,8.0,金沢,すずしゅう20歳誕生(C2),1:42.1,1.5,晴,8.0,10.0,金沢,C25,1:42.9,2.7,晴,2.0,7.0,金沢,C26,1:35.6,0.4,晴,51.0,9.0,,nar,2026-09-08,58.24,68.5,58.1,55.0,41.0,59.4,52.9,金沢実績 / 履歴少
202646090804,2026-09-08,4,ゴールドリバース,8.0,8.0,柴田勇真,57.0,,4.0,3.0,金沢,C25,1:42.3,0.9,晴,6.0,1.0,金沢,すずしゅう20歳誕生(C2),1:42.5,1.9,晴,6.0,1.0,金沢,★Royz公大生誕記(C2),1:41.9,0.9,晴,2.0,1.0,金沢,C26,1:41.4,0.0,曇,2.0,4.0,金沢,C28,1:43.5,0.2,曇,8.0,3.0,,nar,2026-09-08,53.49,72.8,32.7,55.3,50.0,52.4,52.9,金沢実績 / 履歴少
202636090804,2026-09-08,4,サムズアップ,2.0,2.0,大坪慎,56.0,,2.0,9.0,盛岡,ハダル賞(B2),1:39.1,0.7,曇,4.0,10.0,盛岡,いわて北緯40度葛巻(B2),1:40.0,0.6,晴,6.0,6.0,盛岡,B2二組,1:40.1,0.7,曇,4.0,7.0,盛岡,ジュライC(B2),1:38.6,0.6,曇,3.0,8.0,盛岡,ドンフランキー特別(B2),1:39.1,0.3,晴,5.3,2.0,,nar,2026-09-08,73.71,78.5,82.0,80.2,63.5,70.7,48.8,前走人気以上 / 履歴少 / 人気以上に走る傾向 / 安定感
202647090804,2026-09-08,4,サンセットベリー,9.0,8.0,森島貴之,58.0,,9.0,7.0,名古屋,B6組,1:37.1,1.7,晴,8.0,5.0,名古屋,B6組,1:38.3,2.1,晴,7.0,3.0,名古屋,こと座流星群特別(B),1:52.1,1.6,晴,6.0,5.0,名古屋,桜月夜特別(B),2:14.1,0.7,晴,7.0,8.0,名古屋,若紫特別(A),0:56.5,1.1,曇,4.1,2.0,,nar,2026-09-08,37.28,46.3,34.7,0.0,38.0,46.9,48.8,履歴少
202630090804,2026-09-08,4,シセイフット,1.0,1.0,松井伸也,55.0,,5.0,3.0,門別,2歳未勝利,1:04.0,2.1,曇,4.0,8.0,門別,JRA認定競走フレッ(2歳),1:09.9,0.8,曇,,,,,,,,,,,,,,,,,,,,,,26.2,7.0,,nar,2026-09-08,52.18,57.4,48.2,48.4,42.2,55.2,59.5,門別実績 / 履歴少 / サンプル少 / 市場オッズ妙味
202647090804,2026-09-08,4,シャトーペリオット,8.0,8.0,塚本征吾,57.0,,7.0,2.0,笠松,サスケ来場記念(B),1:47.2,3.2,晴,4.0,4.0,笠松,あまのがわ特別(AB),1:30.8,0.5,曇,9.0,4.0,笠松,五六川特別(B),2:12.7,4.6,曇,1.0,2.0,笠松,B3組,1:46.2,-0.1,曇,3.0,5.0,笠松,猫スティン2周年&和(B),1:45.8,0.1,晴,3.0,1.0,,nar,2026-09-08,49.22,65.1,34.9,49.8,33.5,50.1,55.9,笠松実績 / クラス条件好転 / 履歴少
202646090804,2026-09-08,4,シャークシャイニー,2.0,2.0,田知弘久,57.0,,9.0,11.0,大井,サンパラソル賞(B3),1:29.1,3.1,曇,10.0,14.0,大井,六角坂賞競走(B3),1:13.8,1.4,晴,9.0,9.0,大井,B3六,1:14.5,2.2,曇,12.0,14.0,大井,団子坂賞競走(B3),1:14.6,1.7,曇,14.0,16.0,大井,丸の内坂賞競走(B3),1:29.4,2.2,雨,1.3,1.0,,nar,2026-09-08,43.48,26.8,64.7,0.0,63.5,56.8,48.8,履歴少
202630090804,2026-09-08,4,シレテヴェンティ,2.0,2.0,小川悠汰,52.0,,12.0,12.0,門別,2歳未勝利,1:08.5,6.9,雨,10.0,9.0,門別,2歳未勝利,1:15.3,6.1,晴,10.0,8.0,門別,JRA認定競走フレッ(2歳),1:15.1,6.1,雨,,,,,,,,,,,,,,,183.2,12.0,,nar,2026-09-08,32.2,21.5,44.0,0.0,38.0,47.7,43.8,履歴少
202645090804,2026-09-08,4,シングンアーメット,6.0,5.0,佐野遥久,56.0,,7.0,10.0,川崎,C2三 四,1:33.2,1.4,晴,8.0,9.0,川崎,C2三 四,1:33.8,1.9,晴,10.0,6.0,浦和,C2三 四,1:32.7,2.6,晴,9.0,6.0,川崎,C2三 四,1:33.5,1.2,晴,4.0,3.0,川崎,C2三 四,1:33.7,1.1,曇,42.5,11.0,,nar,2026-09-08,43.95,45.4,48.8,10.3,54.5,50.2,47.1,前走人気以上 / 履歴少 / 市場オッズ妙味
202646090804,2026-09-08,4,ジャッカルズサン,9.0,8.0,米倉知,57.0,,3.0,4.0,金沢,☆祝30歳☆ゆきえり(C2),1:41.1,0.3,晴,4.0,5.0,金沢,C24,1:41.8,1.5,晴,6.0,7.0,金沢,能登復興支援福浦港賞(C2),1:35.2,1.3,晴,6.0,8.0,金沢,C24,1:42.3,1.4,曇,5.0,4.0,金沢,小川雅士さんお誕生日(C2),1:35.4,2.1,曇,26.1,4.0,,nar,2026-09-08,62.8,72.1,56.6,65.7,63.5,58.9,52.9,金沢実績 / 履歴少 / 安定感 / 市場オッズ妙味
202647090804,2026-09-08,4,セルクルクルミ,7.0,7.0,高木健,55.0,,7.0,7.0,笠松,残暑特別(B),1:46.1,1.0,晴,2.0,7.0,笠松,サスケ来場記念(B),1:46.2,2.2,晴,6.0,7.0,笠松,B3組,1:32.7,1.1,晴,6.0,4.0,笠松,糸貫川特別(B),1:46.1,1.8,曇,7.0,9.0,笠松,水無月特別(B),1:47.7,2.3,晴,19.7,7.0,,nar,2026-09-08,53.59,64.7,59.5,24.9,39.5,63.1,46.3,履歴少 / 市場オッズ妙味
202645090804,2026-09-08,4,セレナス,11.0,8.0,櫻井光輔,54.0,,4.0,5.0,川崎,C2三 四,1:33.1,0.7,晴,6.0,7.0,川崎,C2三 四,1:33.2,1.3,晴,2.0,4.0,川崎,C3一 二,1:33.0,0.2,曇,8.0,10.0,川崎,C2三 四,1:33.1,0.9,晴,8.0,7.0,川崎,C2五 六,1:33.4,1.1,晴,13.6,5.0,,nar,2026-09-08,60.15,67.2,58.0,50.2,62.0,64.4,49.6,履歴少 / 市場オッズ妙味
202630090804,2026-09-08,4,タイセイアルーア,8.0,6.0,岩橋勇二,55.0,,3.0,1.0,門別,2歳未勝利,1:02.8,0.4,曇,2.0,2.0,門別,公認キャラビラッキー(2歳),1:02.8,0.4,晴,3.0,2.0,門別,2歳未勝利,1:02.8,0.3,晴,3.0,4.0,門別,JRA認定競走フレッ(2歳),1:03.9,0.6,曇,,,,,,,,6.8,4.0,,nar,2026-09-08,65.29,86.2,44.9,89.7,48.0,56.5,59.5,門別実績 / 履歴少 / 安定感
202646090804,2026-09-08,4,ティアップファイト,6.0,6.0,栗原大河,57.0,,7.0,6.0,金沢,C24,1:41.9,1.6,晴,10.0,3.0,金沢,能登復興支援福浦港賞(C2),1:37.0,3.1,晴,1.0,4.0,金沢,C29,1:41.4,-0.3,晴,2.0,2.0,金沢,C211,1:41.7,2.8,曇,3.0,10.0,金沢,祝!比嘉賢二還暦記念(C2特別),1:34.8,0.8,晴,28.8,5.0,,nar,2026-09-08,51.42,64.6,44.9,44.7,32.0,57.6,52.9,金沢実績 / 履歴少 / 市場オッズ妙味
202630090804,2026-09-08,4,ディアスプリンター,6.0,5.0,石川倭,55.0,,3.0,7.0,門別,2歳未勝利,1:09.1,0.5,曇,8.0,8.0,門別,2歳未勝利,1:55.6,2.0,晴,6.0,7.0,門別,JRA認定競走アタッ(2歳),1:54.1,1.8,晴,5.0,4.0,門別,2歳未勝利,1:16.8,2.0,晴,4.0,5.0,門別,JRA認定競走アタッ(2歳),1:02.5,1.1,曇,8.5,5.0,,nar,2026-09-08,61.41,66.1,59.6,55.3,66.5,62.4,52.5,門別実績 / 前走人気以上 / 近走上向き
202630090804,2026-09-08,4,ナナイロ,3.0,3.0,亀井洋司,55.0,,7.0,9.0,門別,2歳牝馬未勝利,1:03.4,1.8,曇,3.0,6.0,門別,JRA認定競走フレッ(2歳),1:03.7,1.3,晴,,,,,,,,,,,,,,,,,,,,,,23.1,6.0,,nar,2026-09-08,49.13,54.5,54.9,31.7,32.3,56.3,51.2,門別実績 / 履歴少 / サンプル少 / 市場オッズ妙味
202630090804,2026-09-08,4,バシュネル,11.0,8.0,桑村真明,55.0,,2.0,1.0,門別,2歳未勝利,1:02.4,0.0,晴,3.0,1.0,門別,2歳未勝利,1:15.3,0.0,曇,6.0,3.0,門別,JRA認定競走アタッ(2歳),1:55.4,1.3,曇,3.0,1.0,門別,JRA認定競走アタッ(2歳),1:55.1,0.9,曇,2.0,1.0,門別,JRA認定競走フレッ(2歳),1:16.0,0.1,雨,2.7,1.0,,nar,2026-09-08,61.2,82.5,37.5,80.2,59.0,48.4,56.2,門別実績 / 履歴少 / 安定感
202645090804,2026-09-08,4,パーティーキング,10.0,7.0,古岡勇樹,56.0,,1.0,2.0,川崎,C2五,1:31.6,-0.5,曇,1.0,1.0,川崎,スペアミント賞(C3),1:38.1,-1.5,晴,1.0,7.0,川崎,枡形山賞(C3),1:38.5,-0.4,晴,1.0,10.0,浦和,C3三 四,1:39.6,-0.5,曇,,6.0,川崎,ファイナルアンサー賞(C3),,,曇,3.2,2.0,,nar,2026-09-08,77.47,100.0,71.9,89.7,50.0,68.0,59.5,川崎実績 / 履歴少 / 人気以上に走る傾向 / 安定感
202636090804,2026-09-08,4,パーティーベル,4.0,4.0,佐々木志,56.0,,7.0,10.0,盛岡,OROターフ特別(OP),1:38.7,1.6,曇,3.0,3.0,盛岡,葉月特別(A),1:38.9,0.8,晴,3.0,3.0,盛岡,OROターフ特別(OP),1:37.3,0.4,曇,7.0,9.0,盛岡,いしがきマイラーズ(重賞),1:37.4,1.1,小雨,9.0,10.0,盛岡,小暑特別(A),1:39.2,0.9,曇,7.3,3.0,,nar,2026-09-08,56.31,64.6,59.1,44.7,41.0,62.4,50.0,前走人気以上
202630090804,2026-09-08,4,フォーエバーエデン,7.0,6.0,服部茂史,55.0,,4.0,8.0,門別,2歳牝馬未勝利,1:09.9,1.0,雨,7.0,10.0,門別,2歳牝馬未勝利,1:10.3,1.0,晴,10.0,7.0,門別,2歳牝馬未勝利,1:12.0,1.8,曇,7.0,7.0,門別,JRA認定競走フレッ(2歳),1:06.2,2.9,曇,,,,,,,,48.0,8.0,,nar,2026-09-08,55.28,54.8,60.7,30.4,74.0,58.0,47.1,前走人気以上 / 履歴少 / 近走上向き / 市場オッズ妙味
202636090804,2026-09-08,4,フオメンタ,6.0,5.0,塚本涼人,54.0,,9.0,2.0,盛岡,C1,1:29.1,1.7,晴,7.0,1.0,水沢,C1,1:29.9,1.6,小雨,2.0,2.0,水沢,C1四組,1:28.7,0.6,曇,8.0,1.0,盛岡,C1二組,1:28.1,1.3,曇,1.0,2.0,盛岡,C2四組,1:26.4,-1.0,晴,19.0,5.0,,nar,2026-09-08,38.89,58.8,18.2,30.1,23.0,46.8,51.2,水沢実績 / 履歴少 / 市場オッズ妙味
202636090804,2026-09-08,4,フークアーデル,7.0,6.0,鈴木祐,56.0,,11.0,11.0,盛岡,C2四組,1:29.7,2.6,曇,8.0,7.0,盛岡,C2四組,1:30.7,3.0,曇,6.0,5.0,盛岡,C2四組,1:28.4,1.8,晴,7.0,6.0,盛岡,C2三組,1:29.9,3.3,曇,8.0,8.0,盛岡,C2三組,1:30.2,3.1,晴,279.0,12.0,,nar,2026-09-08,37.52,41.0,45.9,0.0,27.5,49.0,48.8,履歴少
202630090804,2026-09-08,4,ブルーアルバム,4.0,4.0,藤田凌駕,54.0,,2.0,4.0,門別,2歳牝馬未勝利,1:09.2,0.3,雨,2.0,1.0,門別,優駿の里安平町夢民舎(2歳),1:03.2,0.1,晴,6.0,8.0,門別,2歳未勝利,1:16.7,2.2,雨,9.0,9.0,門別,JRA認定競走アタッ(2歳),1:20.2,5.2,曇,5.0,6.0,門別,JRA認定競走フレッ(2歳),1:17.7,1.8,雨,4.9,3.0,,nar,2026-09-08,64.44,75.0,56.0,65.7,71.0,59.4,52.9,門別実績 / 履歴少 / 近走上向き / 安定感
202636090804,2026-09-08,4,プリズムスペクトル,1.0,1.0,坂井瑛音,53.0,,3.0,7.0,盛岡,C2四組,1:14.2,1.0,曇,2.0,8.0,盛岡,C2五組,1:13.9,0.3,曇,1.0,9.0,盛岡,C2七組,1:14.0,-0.1,雨,6.0,10.0,盛岡,C2八組,1:15.1,0.7,晴,8.0,10.0,水沢,C2八組,1:24.2,2.6,雨,42.9,10.0,,nar,2026-09-08,74.21,81.5,85.6,75.1,57.5,71.9,48.8,前走人気以上 / 履歴少 / 人気以上に走る傾向 / 安定感
202636090804,2026-09-08,4,ポジティブスピン,9.0,7.0,菅原辰徳,54.0,,11.0,7.0,盛岡,秋桜賞(B1),1:27.0,1.9,曇,7.0,5.0,盛岡,B1,1:25.9,1.2,小雨,7.0,6.0,盛岡,ネモフィラ賞(B1),1:26.0,1.4,曇,9.0,4.0,盛岡,B1,1:14.3,1.7,晴,8.0,9.0,水沢,カジノフォンテン特別(B1),1:29.9,1.7,曇,29.3,8.0,,nar,2026-09-08,33.45,39.1,32.2,0.0,30.5,44.5,48.8,履歴少
202647090804,2026-09-08,4,マイネルウォーリア,3.0,3.0,筒井勇介,57.0,,5.0,5.0,笠松,B3組,1:31.9,0.7,晴,7.0,3.0,笠松,WEB特別番組配信中,1:32.8,3.1,曇,4.0,2.0,笠松,風待月特別(AB),1:32.6,1.0,晴,4.0,5.0,佐賀,フクシア賞(A2),1:30.5,1.7,晴,7.0,4.0,佐賀,サガデーナイト競馬賞(A2),1:29.1,1.6,雨,7.8,5.0,,nar,2026-09-08,54.94,65.1,39.1,64.7,53.0,53.5,57.0,笠松実績 / クラス条件好転 / 履歴少 / 安定感
202647090804,2026-09-08,4,マッティーナ,1.0,1.0,松本一心,58.0,,7.0,7.0,笠松,爽籟特別(A),1:32.6,2.7,曇,7.0,6.0,笠松,スマホで投票!楽天競(AB),1:31.9,0.9,晴,12.0,12.0,名古屋,へびつかい座特別(B),1:54.1,3.3,曇,10.0,8.0,名古屋,星合特別(B),1:38.3,3.0,小雨,10.0,9.0,名古屋,アンタレス特別(B),1:38.4,2.6,曇,23.0,8.0,,nar,2026-09-08,40.82,38.1,45.5,0.0,66.5,49.1,43.8,履歴少 / 近走上向き
202645090804,2026-09-08,4,マルゼンスキーツー,8.0,6.0,張田昂,56.0,,5.0,3.0,川崎,C2三 四,1:33.1,0.7,晴,2.0,5.0,川崎,C2三 四,1:32.5,0.2,晴,5.0,6.0,川崎,C2三 四,1:32.3,0.7,晴,7.0,6.0,川崎,C2三 四,1:33.1,0.9,晴,5.0,3.0,浦和,C2五 六,1:31.4,1.4,曇,6.0,3.0,,nar,2026-09-08,61.62,71.6,49.9,85.4,48.5,57.0,55.3,川崎実績 / 履歴少 / 安定感
202630090804,2026-09-08,4,モーニングヒカル,10.0,7.0,宮内勇樹,55.0,,8.0,8.0,門別,2歳未勝利,1:11.6,3.5,晴,7.0,5.0,門別,アイヌ文化のふるさと(2歳),1:12.9,3.8,晴,6.0,6.0,門別,JRA認定競走アタッ(2歳),1:04.4,2.9,晴,11.0,7.0,門別,2歳未勝利,1:06.1,3.4,曇,7.0,8.0,門別,JRA認定競走アタッ(2歳),1:04.6,2.6,曇,170.0,11.0,,nar,2026-09-08,40.33,46.5,43.1,0.0,48.5,48.3,43.8,履歴少
202630090804,2026-09-08,4,ヤマミアオカゼ,9.0,7.0,落合玄太,55.0,,4.0,1.0,門別,2歳未勝利,1:03.2,1.4,曇,3.0,1.0,門別,JRA認定競走フレッ(2歳),1:17.1,1.1,雨,,,,,,,,,,,,,,,,,,,,,,3.7,2.0,,nar,2026-09-08,49.43,61.8,35.7,48.4,42.2,48.2,59.5,門別実績 / 履歴少 / サンプル少
202647090804,2026-09-08,4,ユイノオトシアナ,2.0,2.0,加藤聡一,57.0,,4.0,5.0,笠松,B2組,1:31.1,0.2,晴,4.0,5.0,笠松,WEB特別番組配信中,1:30.8,1.1,曇,2.0,5.0,笠松,B4組,1:46.3,0.6,晴,7.0,7.0,笠松,B3組,1:46.9,2.2,晴,6.0,8.0,笠松,揖斐川特別(A),1:31.7,2.6,雨,10.2,6.0,,nar,2026-09-08,65.15,74.0,59.5,75.1,54.5,64.4,55.9,笠松実績 / クラス条件好転 / 履歴少 / 安定感
202646090804,2026-09-08,4,ユーバーウィンデン,5.0,5.0,吉田晃浩,57.0,,7.0,3.0,金沢,☆祝30歳☆ゆきえり(C2),1:42.4,1.6,晴,2.0,3.0,金沢,C25,1:35.3,2.4,晴,6.0,5.0,金沢,C24,1:42.2,1.7,晴,3.0,11.0,金沢,C26,1:35.6,1.9,晴,7.0,7.0,金沢,C25,1:35.8,2.8,晴,29.1,6.0,,nar,2026-09-08,53.03,68.2,50.0,39.5,35.0,57.3,49.6,履歴少 / 市場オッズ妙味
202647090804,2026-09-08,4,リュクスレオン,6.0,6.0,丸野勝虎,58.0,,9.0,9.0,川崎,法師蝉特別(B3二),1:49.7,4.9,晴,11.0,10.0,川崎,夏草特別(B3二),1:46.7,2.1,曇,11.0,11.0,川崎,半夏生特別(B3二),1:51.9,6.1,雨,13.0,9.0,川崎,見返り美人特別(B3二),1:49.2,4.4,晴,13.0,10.0,浦和,鈴蘭特別(B3),1:32.8,4.2,晴,6.1,4.0,,nar,2026-09-08,35.51,20.9,42.0,0.0,68.0,46.8,48.8,履歴少 / 近走上向き
202636090804,2026-09-08,4,リリアナフェアリー,3.0,3.0,山本政聡,54.0,,8.0,8.0,盛岡,C1,1:01.0,1.4,晴,7.0,9.0,盛岡,ストロベリーキャンド(C1),1:26.8,1.5,晴,11.0,5.0,盛岡,オッズパーク賞(C1),1:42.5,3.7,曇,5.0,9.0,盛岡,C1,1:26.9,1.1,曇,1.0,4.0,水沢,祝30周年!SPAT(C1),1:41.4,-0.1,雨,13.1,4.0,,nar,2026-09-08,47.35,50.5,51.4,24.9,38.0,60.2,48.8,履歴少 / 市場オッズ妙味
202636090804,2026-09-08,4,リリーピンシャー,10.0,7.0,阿部英俊,56.0,,7.0,10.0,盛岡,大船渡市観光物産協会(C1),1:27.3,0.5,曇,5.0,10.0,盛岡,C1五組,1:27.4,0.5,晴,3.0,4.0,盛岡,C1五組,1:27.6,0.3,晴,10.0,11.0,盛岡,スマホで投票!楽天競(C1),1:41.7,2.1,曇,8.0,8.0,盛岡,碁石海岸賞(C1),1:40.7,1.8,曇,24.0,6.0,,nar,2026-09-08,57.11,58.0,67.5,44.7,47.0,62.8,48.8,前走人気以上 / 履歴少 / 人気以上に走る傾向 / 市場オッズ妙味
202645090804,2026-09-08,4,レバット,4.0,4.0,室陽一朗,56.0,,7.0,3.0,船橋,馬い!淡路洲本農園玉(C3),1:40.8,2.8,曇,1.0,2.0,浦和,特選(C3),1:29.4,-0.8,曇,3.0,5.0,浦和,C3四 五,1:38.1,0.4,曇,10.0,1.0,浦和,ランチタイム(C2),1:34.1,4.3,曇,8.0,3.0,船橋,C2九 十,1:19.0,3.1,晴,18.3,6.0,,nar,2026-09-08,49.07,66.0,33.2,44.7,41.0,52.5,50.0,市場オッズ妙味
202636090804,2026-09-08,4,ロッサヴィール,8.0,6.0,小林凌,56.0,,2.0,2.0,水沢,C2五組,1:29.3,0.2,小雨,3.0,8.0,水沢,C2五組,1:24.8,0.2,曇,9.0,6.0,盛岡,C2四組,1:31.3,3.9,晴,9.0,4.0,盛岡,C2三組,1:30.3,3.2,晴,6.0,1.0,盛岡,C2二組,1:29.2,2.8,晴,32.4,9.0,,nar,2026-09-08,59.05,67.5,45.9,55.3,78.5,51.1,59.5,水沢実績 / 履歴少 / 近走上向き / 市場オッズ妙味
202646090804,2026-09-08,4,ワンダフルガイ,1.0,1.0,服部大地,57.0,,10.0,3.0,金沢,C23,1:36.7,3.4,晴,6.0,5.0,金沢,楽天ポイントが貯まる(C1C2),0:57.8,0.9,雨,2.0,2.0,金沢,能登復興支援福浦港賞(C2),1:34.4,0.5,晴,4.0,2.0,金沢,C25,1:42.2,2.0,晴,3.0,3.0,金沢,C25,1:34.6,1.6,晴,29.8,7.0,,nar,2026-09-08,43.83,61.4,31.3,44.7,12.5,49.8,52.9,金沢実績 / 履歴少 / 市場オッズ妙味
202646090804,2026-09-08,4,ワールドラブ,4.0,4.0,鈴木太一,57.0,,3.0,7.0,金沢,金沢競馬で目指せ初勝(C2),1:41.4,0.7,晴,5.0,3.0,金沢,金沢競馬で目指せ初勝(C2),1:36.0,1.4,晴,4.0,9.0,金沢,すずしゅう20歳誕生(C2),1:41.9,1.3,晴,3.0,8.0,金沢,☆ひなの&はるかお誕(C2特別),1:36.4,1.2,晴,6.0,9.0,金沢,C25,1:35.6,2.6,晴,46.2,8.0,,nar,2026-09-08,70.58,76.0,69.2,89.7,59.0,66.0,56.2,金沢実績 / 前走人気以上 / 履歴少 / 人気以上に走る傾向
202647090805,2026-09-08,5,アイオンザボール,5.0,5.0,松本一心,55.0,,12.0,6.0,浦和,「ハイキングのまち」(C2),1:41.2,5.0,雨,4.0,8.0,浦和,C2七 八九(C2八),1:32.1,1.7,晴,2.0,5.0,浦和,川越藩のお蔵米記念(C2),1:32.4,0.0,雨,2.0,5.0,大井,3歳十 1112(3歳11),1:15.3,0.2,晴,3.0,5.0,大井,3歳十 1112(3歳11),1:15.8,0.7,晴,5.7,2.0,,nar,2026-09-08,52.1,62.9,52.9,69.6,0.0,61.3,48.8,履歴少 / 安定感
202646090805,2026-09-08,5,アポロリリー,8.0,8.0,甲賀弘隆,55.0,,4.0,9.0,金沢,C23,1:34.4,1.1,晴,4.0,3.0,金沢,おめでとう!拓也くん(C2),1:42.2,0.6,晴,3.0,6.0,金沢,能登復興支援福浦港賞(C2),1:34.8,0.9,晴,3.0,3.0,金沢,C25,1:42.0,1.8,晴,4.0,5.0,金沢,★Royz公大生誕記(C2),1:41.6,0.6,晴,7.1,4.0,,nar,2026-09-08,69.84,78.7,63.8,100.0,47.0,63.5,59.5,金沢実績 / 前走人気以上 / 履歴少 / 安定感
202630090805,2026-09-08,5,アルカナベル,3.0,3.0,藤田凌駕,54.0,,7.0,6.0,門別,3歳以上C4ー3,1:04.5,1.1,曇,7.0,7.0,門別,3歳以上C4ー3,1:04.4,1.4,晴,8.0,9.0,門別,3歳以上C4ー3,1:04.6,1.9,晴,8.0,6.0,門別,グランシャリオドリー(C4),1:05.2,1.6,雨,9.0,9.0,門別,グランシャリオドリー(C4),1:04.9,1.0,曇,56.4,8.0,,nar,2026-09-08,42.8,47.6,47.2,0.0,56.0,50.3,43.8,履歴少
202630090805,2026-09-08,5,アンノウンヒーロー,6.0,6.0,宮内勇樹,57.0,,10.0,8.0,門別,3歳以上C4ー3,1:17.4,3.2,曇,5.0,7.0,門別,びらとり温泉ゆから賞(C4),1:17.4,0.8,晴,6.0,6.0,門別,3歳以上C4ー3,1:17.3,1.8,晴,8.0,9.0,門別,3歳以上C4ー3,1:17.6,1.1,曇,7.0,9.0,門別,3歳以上C4ー3,1:17.9,2.7,曇,88.5,10.0,,nar,2026-09-08,44.75,49.1,51.7,24.9,29.0,53.5,46.3,履歴少
202630090805,2026-09-08,5,アースウルフ,5.0,5.0,坂下秀樹,57.0,,6.0,6.0,門別,新ひだか町に新規就農(C4),1:48.3,1.5,雨,4.0,6.0,門別,3歳以上C4ー3,1:55.4,0.6,曇,6.0,5.0,門別,3歳以上C4ー3,1:48.6,2.0,晴,3.0,6.0,門別,3歳以上C4ー3,1:53.6,0.3,曇,4.0,6.0,門別,3歳以上C4ー3,1:48.6,0.6,曇,68.8,9.0,,nar,2026-09-08,56.99,69.1,56.6,49.8,39.5,57.4,52.9,門別実績 / 履歴少
202630090805,2026-09-08,5,アーススカイ,11.0,8.0,石川倭,57.0,,9.0,9.0,門別,3歳以上C4ー3,1:18.6,4.2,晴,9.0,9.0,門別,3歳以上C4ー3,1:17.5,1.5,晴,10.0,12.0,門別,ホクレン「くるるの杜(C4),1:17.7,2.2,雨,8.0,8.0,門別,3歳以上C4ー3,1:17.8,1.4,晴,7.0,8.0,門別,うらかわ馬フェスタ2(C4),1:18.6,2.4,曇,55.2,7.0,,nar,2026-09-08,40.68,37.2,53.5,0.0,47.0,52.9,43.8,履歴少
202647090805,2026-09-08,5,ウインポラリス,7.0,7.0,渡辺竜也,55.0,,8.0,1.0,笠松,仕掛け花火特別(C),1:49.6,2.7,晴,1.0,1.0,笠松,好きです笠松競馬(C),1:32.1,-0.4,曇,7.0,9.0,3新潟2,3歳未勝利,2:02.2,1.0,晴,10.0,6.0,2福島5,3歳未勝利,2:04.6,0.9,曇,5.0,8.0,1新潟8,3歳未勝利,2:07.6,0.7,小雨,1.1,1.0,,nar,2026-09-08,45.57,59.7,36.0,35.3,36.5,46.4,51.2,笠松実績 / 履歴少
202647090805,2026-09-08,5,オドントグロッサム,2.0,2.0,高木健,55.0,,3.0,3.0,笠松,C11組,1:33.7,2.0,晴,7.0,7.0,笠松,田中将太技師昇進記念(C),1:34.3,2.0,晴,8.0,6.0,笠松,木之前葵騎手お誕生日(C),1:33.9,1.2,晴,2.0,3.0,笠松,C級サバイバル,1:33.4,0.9,曇,6.0,5.0,笠松,好きです笠松競馬(C),1:35.3,1.6,晴,20.0,3.0,,nar,2026-09-08,56.15,66.8,47.5,45.0,66.5,55.0,49.6,履歴少 / 近走上向き / 市場オッズ妙味
202630090805,2026-09-08,5,カインドオブユー,10.0,8.0,松井伸也,57.0,,2.0,5.0,門別,3歳以上C4ー3,1:16.2,1.8,晴,2.0,5.0,門別,3歳以上C4ー3,1:16.1,0.1,晴,3.0,4.0,門別,3歳以上C4ー3,1:16.9,0.8,晴,3.0,3.0,門別,ゲッケイジュ特別(C4),1:16.6,0.9,曇,7.0,5.0,門別,グランシャリオドリー(C4),1:16.9,1.5,晴,3.0,2.0,,nar,2026-09-08,70.35,85.1,61.6,89.7,60.5,57.9,56.2,門別実績 / 前走人気以上 / 履歴少 / 安定感
202645090805,2026-09-08,5,キッドストン,9.0,7.0,櫻井光輔,56.0,,5.0,8.0,川崎,C2三 四,1:33.2,1.3,晴,6.0,6.0,川崎,C2三 四,1:33.8,1.8,曇,6.0,2.0,川崎,C2三 四,1:33.2,2.0,雨,6.0,2.0,川崎,C2四 五,1:33.8,1.2,晴,13.0,5.0,川崎,ペルセポネ賞(C2),2:23.6,3.8,曇,9.3,4.0,,nar,2026-09-08,48.76,56.6,41.0,30.4,66.5,48.7,46.3,前走人気以上 / 履歴少 / 近走上向き
202646090805,2026-09-08,5,クツワファミリー,1.0,1.0,魚住謙心,57.0,,7.0,8.0,金沢,とし21歳おめでとう(C2),1:34.8,2.6,晴,4.0,6.0,金沢,C22,1:35.5,1.1,晴,7.0,12.0,金沢,スマホで投票!楽天競(C2),1:34.6,3.0,晴,9.0,3.0,金沢,第1回えみこた日和記(C2特別),1:37.5,1.7,晴,9.0,10.0,金沢,楽天競馬で馬券を買お(C2),1:35.6,1.9,曇,25.0,9.0,,nar,2026-09-08,50.56,54.0,57.1,24.9,51.5,56.7,46.3,履歴少 / 市場オッズ妙味
202630090805,2026-09-08,5,コユキチャン,1.0,1.0,黒澤愛斗,55.0,,7.0,8.0,門別,3歳以上C4ー3,1:17.6,3.2,晴,8.0,7.0,門別,3歳以上C4ー3,1:17.3,1.3,晴,9.0,4.0,門別,ホクレン「くるるの杜(C4),1:17.7,2.2,雨,3.0,5.0,門別,3歳以上C4ー3,1:16.5,1.0,雨,3.0,6.0,門別,3歳以上C4ー3,1:17.7,0.9,晴,31.7,6.0,,nar,2026-09-08,47.5,54.8,47.7,24.9,42.5,54.7,49.6,履歴少 / 市場オッズ妙味
202645090805,2026-09-08,5,コンペティティブ,5.0,5.0,本橋孝太,56.0,,8.0,8.0,川崎,C2三 四,1:34.1,1.7,晴,1.0,1.0,川崎,C3三 四,1:34.4,-0.3,曇,2.0,4.0,川崎,レモングラス賞(C3),1:38.9,0.4,曇,9.0,5.0,川崎,C3一 二,1:34.2,2.9,雨,4.0,8.0,浦和,ランチタイムチャレン(3歳),1:35.7,1.8,晴,12.9,7.0,,nar,2026-09-08,55.41,69.6,51.6,55.0,26.0,62.2,51.2,川崎実績 / 履歴少 / 市場オッズ妙味
202647090805,2026-09-08,5,ゴールデンマーチ,1.0,1.0,加藤利征,55.0,,7.0,6.0,笠松,好きです笠松競馬(C),1:34.0,0.9,晴,3.0,3.0,笠松,ヤクルトマーケティン(C),1:33.7,1.1,晴,4.0,3.0,笠松,ハルとダイチがきた!(C),1:35.3,1.8,晴,10.0,5.0,笠松,束ねて折れない4つの(C),1:35.9,4.7,雨,6.0,11.0,名古屋,C11組,1:38.8,2.8,曇,87.8,7.0,,nar,2026-09-08,51.06,62.0,45.0,44.7,42.5,52.2,51.2,笠松実績 / 履歴少
202636090805,2026-09-08,5,シュネードリーム,7.0,7.0,鈴木祐,54.0,,1.0,3.0,盛岡,3歳C2四組,1:13.4,-0.3,曇,4.0,5.0,園田,JRA交流六甲山特別,1:31.8,0.5,晴,13.0,12.0,3阪神1,3歳未勝利,1:14.6,2.4,晴,6.0,8.0,1阪神9,3歳未勝利,1:14.9,1.6,晴,11.0,16.0,1阪神3,3歳未勝利,1:14.3,2.3,晴,1.9,2.0,,nar,2026-09-08,62.95,60.9,60.3,55.3,95.0,58.6,51.8,クラス条件好転 / 履歴少 / 近走上向き
202645090805,2026-09-08,5,シルヴァギンジ,3.0,3.0,伊藤裕人,56.0,,6.0,3.0,川崎,C2三 四,1:33.0,1.2,晴,1.0,2.0,川崎,C3一 二,1:32.1,-0.8,曇,5.0,3.0,川崎,C3一 二,1:34.5,1.7,曇,1.0,1.0,川崎,C3一 二,1:32.7,-0.3,晴,1.0,2.0,川崎,C3三 四,1:33.1,-0.7,晴,12.4,6.0,,nar,2026-09-08,58.54,81.5,43.3,69.6,26.0,58.8,56.2,川崎実績 / 履歴少 / 安定感 / 市場オッズ妙味
202636090805,2026-09-08,5,ジャージーテーラー,3.0,3.0,阿部英俊,54.0,,5.0,7.0,盛岡,3歳C2一組,1:27.0,0.4,雨,5.0,9.0,盛岡,3歳C2二組,1:26.7,2.8,晴,6.0,3.0,盛岡,3歳C2二組,1:27.0,1.3,曇,5.0,4.0,盛岡,紫波deエール5周年(3歳C2),1:27.8,0.9,曇,1.0,2.0,盛岡,3歳C2四組,1:14.5,0.0,晴,18.7,4.0,,nar,2026-09-08,62.23,69.7,56.8,80.2,45.5,64.2,50.0,安定感 / 市場オッズ妙味
202636090805,2026-09-08,5,ストームアイ,8.0,8.0,村上忍,54.0,,6.0,6.0,盛岡,3歳C2一組,1:27.3,0.7,雨,1.0,2.0,盛岡,3歳C2五組,1:14.1,-0.1,曇,2.0,2.0,盛岡,3歳C2七組,1:15.0,1.7,晴,16.0,17.0,2東京10,3歳未勝利,1:34.7,1.7,晴,13.0,16.0,1福島5,3歳未勝利,2:01.9,1.3,晴,1.8,1.0,,nar,2026-09-08,55.96,61.8,54.9,44.7,62.0,55.8,48.8,履歴少
202646090805,2026-09-08,5,スーパーナニー,2.0,2.0,松戸政也,55.0,,2.0,5.0,金沢,☆祝30歳☆ゆきえり(C2),1:40.9,0.1,晴,8.0,4.0,金沢,C24,1:43.3,3.0,晴,3.0,2.0,金沢,すずしゅう20歳誕生(C2),1:41.3,0.7,晴,5.0,7.0,金沢,C25,1:42.3,2.1,晴,4.0,5.0,金沢,C25,1:34.9,1.9,晴,10.5,5.0,,nar,2026-09-08,63.99,73.3,50.8,75.1,68.0,60.7,56.2,金沢実績 / 前走人気以上 / 履歴少 / 近走上向き
202630090805,2026-09-08,5,セイランクロフネ,2.0,2.0,小川悠汰,52.0,,4.0,6.0,門別,3歳以上C4ー3,1:16.7,2.3,晴,7.0,6.0,門別,3歳以上C4ー3,1:16.7,0.7,晴,3.0,5.0,門別,ほくれん丸賞(C4),1:03.1,1.0,雨,5.0,7.0,門別,3歳以上C4ー3,1:04.6,2.4,雨,4.0,6.0,門別,3歳以上C4ー3,1:17.2,0.9,晴,16.0,5.0,,nar,2026-09-08,64.28,70.4,58.8,75.1,54.5,66.4,56.2,門別実績 / 履歴少 / 安定感 / 過小評価傾向
202645090805,2026-09-08,5,テンロ,1.0,1.0,見越彬央,54.0,,3.0,7.0,浦和,C2五 六,1:30.7,0.7,晴,7.0,5.0,浦和,C2七 八九(C2八),1:40.2,1.9,晴,5.0,3.0,浦和,特選(C2),1:28.6,1.4,晴,9.0,3.0,浦和,特選(C2),1:31.4,1.7,晴,1.0,1.0,浦和,いこっか!くおっか!(C2),1:30.9,-0.3,晴,8.4,3.0,,nar,2026-09-08,57.63,67.5,46.1,60.5,65.0,55.2,48.8,前走人気以上 / 履歴少 / 近走上向き / 安定感
202645090805,2026-09-08,5,トゥインクルジャズ,2.0,2.0,新原周馬,54.0,,7.0,8.0,川崎,C2三 四,1:33.3,1.7,晴,1.0,6.0,川崎,三茄子賞(C2),1:33.1,0.0,晴,4.0,10.0,川崎,C2五 六七(C2六),1:33.9,1.3,晴,9.0,5.0,川崎,鶺鴒賞(3歳),1:35.5,2.5,晴,1.0,3.0,川崎,3歳9,1:34.5,-0.4,晴,18.0,9.0,,nar,2026-09-08,61.35,71.3,66.5,55.0,30.5,70.5,52.9,川崎実績 / 履歴少 / 人気以上に走る傾向 / 過小評価傾向
202646090805,2026-09-08,5,トーアエデン,3.0,3.0,服部大地,55.0,,10.0,7.0,金沢,葛山晃平騎手ラストデ(C1),1:49.9,10.3,曇,,,金沢,小田島ゴールインカッ(C2),,,曇,,,金沢,C14,,,曇,4.0,4.0,金沢,C18,1:41.8,2.7,雨,2.0,1.0,金沢,ダーチー&タナシー男(C2特別),1:34.9,0.3,晴,18.9,8.0,,nar,2026-09-08,40.86,52.6,37.2,24.9,8.0,56.2,54.0,金沢実績 / 履歴少 / 市場オッズ妙味
202647090805,2026-09-08,5,トーセンパッソ,6.0,6.0,井口裕貴,54.0,,3.0,2.0,笠松,C級セレクション,1:34.6,0.2,曇,6.0,4.0,笠松,ヤクルトマーケティン(C),1:34.2,1.6,晴,3.0,5.0,笠松,C級サバイバル,1:34.1,1.6,曇,5.0,7.0,笠松,好きです笠松競馬(C),1:35.1,1.4,晴,6.0,9.0,笠松,C級セレクション,1:34.6,1.3,曇,25.7,4.0,,nar,2026-09-08,61.57,73.2,51.4,64.7,62.0,58.9,52.9,笠松実績 / 履歴少 / 安定感 / 市場オッズ妙味
202645090805,2026-09-08,5,ナリノドリーム,11.0,8.0,町田直希,54.0,,1.0,1.0,川崎,C3一 二三(C3二),1:33.1,-0.3,晴,2.0,1.0,川崎,ペパーミント賞(C3),1:39.3,0.3,曇,2.0,3.0,川崎,コリアンダー賞(C3),1:38.5,0.7,曇,3.0,3.0,川崎,レモングラス賞(C3),1:38.9,0.4,曇,13.0,3.0,船橋,ジョッキーズチャンピ(C3),1:49.0,2.4,曇,2.3,1.0,,nar,2026-09-08,65.92,84.2,42.4,89.7,74.0,47.0,59.5,川崎実績 / 履歴少 / 近走上向き / 安定感
202647090805,2026-09-08,5,パーパスポイント,4.0,4.0,細川智史,57.0,,6.0,3.0,笠松,好きです笠松競馬(C),1:33.9,0.8,晴,6.0,3.0,笠松,カサマツ音頭を踊ろう(C),1:33.1,1.0,曇,5.0,7.0,笠松,祝50歳第二章開幕!(C),1:34.3,1.4,晴,9.0,6.0,笠松,C10組,1:34.8,2.1,曇,9.0,9.0,笠松,石橋和子さんもうすぐ(C),1:33.6,1.6,曇,48.7,5.0,,nar,2026-09-08,45.63,55.6,38.1,19.8,57.5,50.2,46.3,履歴少 / 市場オッズ妙味
202646090805,2026-09-08,5,ビーラブドウィッチ,4.0,4.0,沖静男,55.0,,9.0,8.0,金沢,C23,1:36.1,2.8,晴,3.0,5.0,金沢,おめでとう!拓也くん(C2),1:42.0,0.4,晴,2.0,4.0,金沢,すずしゅう20歳誕生(C2),1:41.2,0.6,晴,8.0,6.0,金沢,C24,1:43.7,2.8,曇,5.0,8.0,金沢,★Royz公大生誕記(C2),1:41.7,0.7,晴,11.7,7.0,,nar,2026-09-08,54.28,63.5,54.3,55.0,23.0,63.1,52.9,金沢実績 / 履歴少
202646090805,2026-09-08,5,フミマーズ,6.0,6.0,米倉知,55.0,,5.0,2.0,金沢,☆祝30歳☆ゆきえり(C2),1:41.4,0.6,晴,3.0,7.0,金沢,C24,1:41.2,0.9,晴,7.0,8.0,金沢,能登復興支援福浦港賞(C2),1:35.4,1.5,晴,7.0,5.0,金沢,C24,1:42.4,1.5,曇,1.0,3.0,金沢,C28,1:43.0,0.0,晴,6.1,2.0,,nar,2026-09-08,58.94,69.8,51.4,65.7,47.0,59.0,52.9,金沢実績 / 履歴少 / 安定感
202630090805,2026-09-08,5,フルボーグ,8.0,7.0,阿部龍,57.0,,3.0,2.0,門別,3歳以上C4ー3,1:16.5,2.1,晴,5.0,1.0,門別,3歳以上C4ー3,1:16.4,0.4,晴,2.0,1.0,門別,ホクレン「くるるの杜(C4),1:15.8,0.3,雨,2.0,2.0,門別,3歳以上C4ー3,1:16.2,0.7,雨,2.0,2.0,門別,3歳以上C4ー3,1:16.6,0.3,晴,3.8,3.0,,nar,2026-09-08,63.9,83.6,39.5,100.0,48.5,51.8,59.5,門別実績 / 履歴少 / 安定感
202646090805,2026-09-08,5,ブリックス,5.0,5.0,栗原大河,57.0,,8.0,5.0,金沢,とし21歳おめでとう(C2),1:35.5,3.3,晴,6.0,2.0,金沢,つばさ&ひかるバース(C1),1:34.6,1.6,曇,2.0,7.0,金沢,オオタアキラ引退送別(C2),1:41.3,0.5,曇,8.0,6.0,金沢,楽天競馬で馬券を買お(C2),1:35.5,1.8,曇,2.0,7.0,金沢,幻のいちじく黒蜜姫杯(C2),1:33.7,0.8,曇,10.7,6.0,,nar,2026-09-08,48.51,62.4,45.1,30.1,29.0,58.2,49.6,履歴少
202636090805,2026-09-08,5,ブリーゼプリマベラ,5.0,5.0,斉藤友香,50.0,,6.0,8.0,盛岡,3歳C2一組,1:27.3,1.1,晴,4.0,9.0,盛岡,3歳C2二組,1:26.3,0.6,曇,7.0,9.0,盛岡,紫波deエール5周年(3歳C2),1:27.9,1.0,曇,8.0,8.0,盛岡,3歳C1三組,1:29.9,3.0,曇,7.0,5.0,水沢,3歳C2二組,1:31.1,2.1,雨,18.5,3.0,,nar,2026-09-08,55.29,59.2,64.3,24.9,53.0,63.7,50.0,市場オッズ妙味
202646090805,2026-09-08,5,ブルートレーラー,9.0,8.0,青柳正義,55.0,,3.0,1.0,金沢,C23,1:34.3,1.0,晴,2.0,2.0,金沢,C24,1:41.0,0.7,晴,9.0,1.0,金沢,能登復興支援福浦港賞(C2),1:36.0,2.1,晴,2.0,3.0,金沢,C19,1:38.1,0.7,晴,4.0,3.0,金沢,C18,1:37.1,0.4,晴,2.3,1.0,,nar,2026-09-08,58.65,76.9,35.0,80.2,57.5,47.0,56.2,金沢実績 / 履歴少 / 安定感
202645090805,2026-09-08,5,ヘヴンリーゴール,6.0,5.0,矢野貴之,56.0,,3.0,6.0,川崎,C2三 四,1:33.0,0.6,晴,7.0,3.0,川崎,C2三 四,1:33.8,1.5,晴,1.0,4.0,川崎,C3一 二,1:33.7,-0.7,曇,5.0,4.0,川崎,C2五,1:32.6,1.0,曇,10.0,5.0,船橋,C2四 五六 ア(C2五),1:41.9,2.7,曇,5.9,2.0,,nar,2026-09-08,60.62,71.1,48.9,64.7,66.5,55.0,55.3,川崎実績 / 前走人気以上 / 履歴少 / 近走上向き
202647090805,2026-09-08,5,ペティトール,3.0,3.0,森島貴之,55.0,,7.0,6.0,笠松,C級セレクション,1:36.5,2.1,曇,5.0,6.0,笠松,ヤクルトマーケティン(C),1:34.2,1.6,晴,2.0,5.0,笠松,加織・文行結婚記念(C),1:35.7,0.4,晴,6.0,6.0,笠松,ここ!笠松!AZKi(C),1:34.9,2.4,曇,7.0,6.0,笠松,C級サバイバル,1:35.3,2.8,曇,105.8,8.0,,nar,2026-09-08,53.5,65.1,53.0,44.7,38.0,54.8,49.6,履歴少
202630090805,2026-09-08,5,ボブノップスターン,7.0,6.0,落合玄太,57.0,,8.0,3.0,門別,3歳以上C4ー3,1:17.7,3.3,晴,3.0,2.0,門別,3歳以上C4ー3,1:16.3,0.3,晴,,,,,,,,,,,,,,,,,,,,,,2.4,1.0,,nar,2026-09-08,41.2,52.1,33.2,31.7,29.0,44.5,51.2,門別実績 / 履歴少 / サンプル少
202646090805,2026-09-08,5,ミスキャサリン,7.0,7.0,浅野登生,52.0,,7.0,6.0,金沢,C23,1:35.4,2.1,晴,1.0,5.0,金沢,琴音ちゃん20歳おめ(C2),1:34.6,-0.2,曇,9.0,5.0,金沢,C26,1:39.0,4.4,晴,10.0,7.0,金沢,C27,1:38.1,4.1,晴,8.0,5.0,金沢,都凪リリーデビュー2(C2),1:44.6,4.7,晴,7.1,3.0,,nar,2026-09-08,47.25,56.5,44.1,24.9,50.0,51.7,46.3,履歴少
202636090805,2026-09-08,5,ミスメリッサ,2.0,2.0,関本玲花,52.0,,9.0,9.0,盛岡,3歳C2一組,1:28.3,1.7,雨,8.0,10.0,盛岡,3歳C2一組,1:28.3,2.1,晴,12.0,12.0,盛岡,3歳C2一組,1:28.0,1.8,曇,8.0,11.0,盛岡,22GARAGE賞(3歳C2),1:28.7,1.8,曇,7.0,10.0,盛岡,3歳C1二組,1:29.1,1.5,曇,76.7,8.0,,nar,2026-09-08,42.87,36.1,58.7,0.0,48.5,56.1,50.0,前走人気以上
202645090805,2026-09-08,5,モズノセイギ,12.0,8.0,和田譲治,56.0,,8.0,5.0,船橋,馬い!実況ありがとう(C2三),1:17.3,1.3,曇,2.0,2.0,川崎,初雷賞(C2),0:56.2,0.6,雨,2.0,3.0,船橋,馬い!熊本菊池水田ご(C2五),1:16.7,0.6,晴,3.0,5.0,川崎,雷鶏賞(C2),0:55.0,0.4,雨,6.0,5.0,川崎,C2六 七,1:32.9,0.6,晴,9.8,5.0,,nar,2026-09-08,54.9,72.9,46.3,59.3,21.5,59.1,54.0,川崎実績 / 履歴少
202630090805,2026-09-08,5,モーモーインディゴ,9.0,7.0,吉本隆記,57.0,,10.0,10.0,門別,3歳以上C4ー3,1:20.1,5.7,晴,8.0,8.0,門別,3歳以上C4ー3,1:05.8,2.7,晴,12.0,11.0,門別,ホクレン「くるるの杜(C4),1:20.2,4.7,雨,8.0,8.0,門別,3歳以上C4ー3,1:20.3,4.8,雨,10.0,10.0,門別,3歳以上C4ー3,1:19.7,3.4,晴,248.3,11.0,,nar,2026-09-08,37.45,31.2,48.6,0.0,47.0,50.3,43.8,履歴少
202630090805,2026-09-08,5,ヨキカナ,4.0,4.0,金山昇馬,55.0,,3.0,5.0,門別,びらとり温泉ゆから賞(C4),1:17.1,0.5,晴,6.0,7.0,門別,3歳以上C4ー3,1:55.4,1.7,晴,7.0,7.0,門別,3歳以上C4ー3,1:17.7,1.4,曇,8.0,4.0,門別,3歳以上C4ー3,1:05.2,2.9,曇,5.0,7.0,門別,3歳以上C4ー3,1:03.8,1.1,曇,13.3,4.0,,nar,2026-09-08,57.78,64.2,53.4,40.7,71.0,61.7,49.6,履歴少 / 近走上向き / 市場オッズ妙味
202636090805,2026-09-08,5,ラヴィッジ,1.0,1.0,岩本怜,56.0,,11.0,10.0,盛岡,3歳C2二組,1:29.4,3.7,曇,10.0,7.0,盛岡,22GARAGE賞(3歳C2),1:29.8,2.9,曇,6.0,7.0,川崎,3歳6,1:34.3,2.6,晴,4.0,6.0,川崎,3歳7,1:34.1,2.2,晴,3.0,5.0,川崎,3歳8,1:34.2,1.0,曇,47.8,6.0,,nar,2026-09-08,41.61,44.7,47.5,24.9,18.5,53.5,50.0,市場オッズ妙味
202636090805,2026-09-08,5,リケアリングイネ,4.0,4.0,小林凌,54.0,,11.0,11.0,盛岡,3歳C2一組,1:29.1,2.5,雨,11.0,9.0,盛岡,3歳C2一組,1:32.6,6.4,晴,12.0,12.0,盛岡,22GARAGE賞(3歳C2),1:29.9,3.0,曇,9.0,9.0,盛岡,3歳C1二組,1:29.6,2.0,曇,11.0,7.0,水沢,3歳C2一組,1:34.8,5.7,雨,61.9,7.0,,nar,2026-09-08,33.68,20.8,43.6,0.0,48.5,47.0,50.0,総合評価
202647090805,2026-09-08,5,リコネクト,8.0,8.0,深澤杏花,53.0,,4.0,7.0,笠松,C11組,1:34.0,2.3,晴,9.0,5.0,笠松,ヤクルトマーケティン(C),1:35.6,3.0,晴,5.0,5.0,笠松,C級セレクション,1:35.9,2.8,晴,9.0,5.0,笠松,陽向バースデー記念(C),1:35.1,3.4,晴,8.0,6.0,笠松,和葉ちゃん4才おめで(C),1:35.1,2.2,曇,65.4,6.0,,nar,2026-09-08,52.54,55.3,43.9,50.2,72.5,49.0,49.6,前走人気以上 / 履歴少 / 近走上向き
202645090805,2026-09-08,5,リコースチェッキン,10.0,7.0,藤田凌,54.0,,5.0,2.0,川崎,C3一 二三(C3二),1:34.3,1.2,晴,3.0,1.0,川崎,C3一 二,1:33.3,1.2,曇,5.0,2.0,川崎,C3一 二,1:35.2,1.5,曇,1.0,1.0,川崎,C3一 二,1:32.9,-0.3,晴,1.0,1.0,川崎,2026川崎ジョッキ(C3),1:33.0,-0.3,晴,17.8,8.0,,nar,2026-09-08,61.4,80.0,36.0,100.0,35.0,58.8,59.5,川崎実績 / 履歴少 / 安定感 / 市場オッズ妙味
202645090805,2026-09-08,5,ルゾフォニア,4.0,4.0,中山遥人,53.0,,11.0,12.0,川崎,C2三 四,1:34.0,2.4,晴,12.0,11.0,川崎,C2一 二,1:34.8,2.5,晴,8.0,8.0,川崎,C2一 二,1:34.3,2.4,曇,9.0,11.0,川崎,C2二 三,1:33.9,2.3,晴,7.0,14.0,川崎,熊手賞(C2),1:33.6,1.2,晴,102.1,12.0,,nar,2026-09-08,38.63,28.4,57.5,0.0,38.0,56.8,43.8,履歴少
202645090805,2026-09-08,5,レガシーオブエリザ,8.0,6.0,庄司大輔,54.0,,9.0,12.0,船橋,C2二 三四 ウ(C2三),1:16.8,1.9,晴,8.0,10.0,船橋,C2二 三,1:17.6,1.2,曇,8.0,9.0,浦和,AIウラワール賞(C2),0:48.9,1.0,晴,3.0,6.0,船橋,文月ダッシュ(C2),1:03.3,0.7,曇,6.0,6.0,浦和,C2 選抜馬イ,0:48.4,0.9,雨,53.9,11.0,,nar,2026-09-08,47.98,49.1,64.3,14.6,33.5,57.4,50.0,前走人気以上
202645090805,2026-09-08,5,ヴァルトビューネ,7.0,6.0,神尾香澄,54.0,,7.0,7.0,川崎,C2三 四,1:34.1,1.7,晴,9.0,9.0,川崎,紫電賞(C2),0:56.6,2.6,曇,7.0,5.0,川崎,C2二 三,1:34.6,1.1,晴,2.0,6.0,川崎,二人羽織賞(C2),1:33.4,0.2,晴,9.0,8.0,川崎,まつだ桜まつり賞(C1),1:34.9,2.8,晴,41.5,10.0,,nar,2026-09-08,46.71,52.2,50.6,14.6,48.5,55.4,46.3,履歴少 / 市場オッズ妙味
202636090805,2026-09-08,5,ヴァンクールナイト,6.0,6.0,高橋悠里,56.0,,10.0,8.0,盛岡,3歳C2一組,1:28.7,2.1,雨,9.0,9.0,盛岡,3歳C2一組,1:27.0,0.8,曇,4.0,5.0,佐賀,3歳ー8組,1:33.7,0.8,晴,5.0,3.0,佐賀,3歳ー7組,1:33.3,1.1,晴,1.0,3.0,佐賀,SAGAリベンジャー(3歳),1:32.9,-0.1,晴,37.2,5.0,,nar,2026-09-08,46.19,52.8,46.5,44.7,18.5,55.6,48.8,履歴少 / 市場オッズ妙味
202647090806,2026-09-08,6,アイヴカムバック,7.0,7.0,塚本征吾,55.0,,6.0,6.0,笠松,ソラ高校合格記念(C),1:33.9,1.8,晴,5.0,6.0,笠松,祝!67期独立乗務1(C),1:32.6,3.0,曇,3.0,4.0,笠松,C級サバイバル,1:34.0,1.1,晴,4.0,10.0,笠松,木之前葵騎手お誕生日(C),1:33.1,0.4,晴,8.0,7.0,笠松,束ねて折れない4つの(C),1:35.6,4.4,雨,15.5,4.0,,nar,2026-09-08,59.87,67.4,58.5,59.3,44.0,66.2,52.9,笠松実績 / 履歴少 / 過小評価傾向 / 市場オッズ妙味
202630090806,2026-09-08,6,エイシンフィデース,12.0,8.0,藤田凌駕,54.0,,10.0,4.0,門別,富良野ホップ炭酸水賞(C4),1:17.6,2.0,晴,1.0,1.0,門別,3歳以上C4ー3,1:03.6,-0.2,雨,3.0,6.0,門別,3歳以上C4ー3,1:03.3,0.2,晴,,,,,,,,,,,,,,,4.1,2.0,,nar,2026-09-08,46.21,66.6,38.5,44.7,2.0,52.8,53.1,門別実績 / 前走人気以上
202647090806,2026-09-08,6,エンシェントダンス,5.0,5.0,加藤聡一,55.0,,3.0,1.0,笠松,ソラ高校合格記念(C),1:32.6,0.5,晴,2.0,4.0,笠松,C11組,1:33.1,0.2,曇,6.0,3.0,笠松,田中将太技師昇進記念(C),1:34.2,1.9,晴,8.0,7.0,浦和,C2五 六,1:40.1,2.6,曇,6.0,10.0,浦和,C2五 六,1:39.8,1.4,曇,1.9,1.0,,nar,2026-09-08,58.91,72.9,47.0,55.3,65.0,52.7,54.0,笠松実績 / 履歴少 / 近走上向き
202630090806,2026-09-08,6,オオイシサクラ,9.0,7.0,阿部龍,55.0,,7.0,3.0,門別,3歳以上C4ー2,1:03.9,1.2,曇,9.0,2.0,門別,3歳以上C4ー2,1:03.9,2.0,曇,1.0,5.0,門別,3歳以上C4ー3,1:02.2,-1.1,雨,5.0,4.0,門別,3歳以上C4ー3,1:18.0,1.2,晴,2.0,5.0,門別,3歳以上C4ー3,1:16.4,1.4,曇,23.6,7.0,,nar,2026-09-08,48.64,64.0,36.0,44.7,33.5,53.0,52.9,門別実績 / 履歴少 / 市場オッズ妙味
202645090806,2026-09-08,6,カネトシフープ,5.0,5.0,野畑凌,54.0,,4.0,5.0,川崎,火竜賞(C1),0:54.8,0.8,晴,2.0,2.0,川崎,紫電賞(C2),0:55.3,1.3,曇,5.0,2.0,川崎,稲妻賞(C2),0:55.5,0.6,晴,2.0,2.0,川崎,颯爽賞(C1),0:55.1,0.2,晴,4.0,4.0,川崎,闘魂賞(C1),0:56.2,1.1,晴,4.5,2.0,,nar,2026-09-08,65.24,80.7,48.0,100.0,45.5,55.1,59.5,川崎実績 / 履歴少 / 安定感
202646090806,2026-09-08,6,カラーズリング,9.0,8.0,松戸政也,55.0,,3.0,6.0,金沢,とし21歳おめでとう(C2),1:33.9,1.7,晴,5.0,3.0,金沢,能登復興支援禄剛崎特(C2),1:35.9,2.4,晴,4.0,6.0,金沢,葛山晃平騎手ラストデ(C1),1:41.8,2.2,曇,7.0,4.0,金沢,オオタアキラ引退送別(C2),1:42.8,2.0,曇,11.0,2.0,金沢,楽天競馬で馬券を買お(C2),1:37.2,3.5,曇,5.7,4.0,,nar,2026-09-08,60.08,67.1,46.1,75.1,72.5,51.6,52.9,金沢実績 / 前走人気以上 / 履歴少 / 近走上向き
202647090806,2026-09-08,6,キャラメルソング,8.0,8.0,東川慎,55.0,,6.0,6.0,笠松,入道雲特別(C),1:48.8,2.1,曇,1.0,1.0,笠松,ヤクルトマーケティン(C),1:32.6,-1.0,晴,1.0,1.0,笠松,C級未勝利,0:50.9,-0.6,晴,8.0,5.0,笠松,C18組,1:35.0,2.1,晴,4.0,2.0,笠松,C17組,1:35.2,0.2,晴,3.9,2.0,,nar,2026-09-08,55.98,77.2,45.5,55.0,35.0,52.5,52.9,笠松実績 / 履歴少
202630090806,2026-09-08,6,クイーンサイド,7.0,6.0,小野楓馬,55.0,,12.0,12.0,門別,あと1年全共北海道2(C4),1:04.2,1.9,曇,9.0,10.0,門別,3歳以上C4ー2,1:03.2,1.4,晴,11.0,10.0,門別,3歳以上C4ー2,1:04.3,2.0,雨,1.0,3.0,門別,グランシャリオドリー(C4),1:04.0,-0.3,曇,7.0,8.0,門別,グランシャリオドリー(C4),1:04.6,1.3,晴,122.0,11.0,,nar,2026-09-08,39.38,36.5,53.1,14.6,20.0,52.9,48.5,総合評価
202647090806,2026-09-08,6,クイーンズグリーン,6.0,6.0,赤津和希,55.0,,5.0,8.0,笠松,ソラ高校合格記念(C),1:33.3,1.2,晴,7.0,2.0,笠松,カサマツ音頭を踊ろう(C),1:33.6,1.5,曇,2.0,6.0,笠松,田中将太技師昇進記念(C),1:33.4,1.1,晴,7.0,9.0,笠松,木之前葵騎手お誕生日(C),1:33.7,1.0,晴,6.0,3.0,笠松,和葉ちゃん4才おめで(C),1:34.5,1.6,曇,20.8,6.0,,nar,2026-09-08,56.41,65.6,53.1,50.2,53.0,56.9,49.6,前走人気以上 / 履歴少 / 市場オッズ妙味
202636090806,2026-09-08,6,ケイジ,6.0,6.0,村上忍,56.0,,6.0,2.0,盛岡,3歳C1三組,1:28.6,1.2,晴,2.0,5.0,盛岡,3歳C2一組,1:26.2,0.0,曇,4.0,2.0,盛岡,22GARAGE賞(3歳C2),1:27.7,0.8,曇,6.0,1.0,盛岡,3歳C1三組,1:28.0,1.1,曇,2.0,1.0,水沢,3歳C2三組,1:29.1,0.9,雨,7.5,4.0,,nar,2026-09-08,53.18,74.4,38.1,55.0,35.0,52.7,50.0,総合評価
202645090806,2026-09-08,6,コウユーミューミュ,11.0,8.0,和田譲治,54.0,,5.0,2.0,浦和,浦和×大井サマードリ(C1C2),0:47.5,0.8,曇,4.0,7.0,船橋,C1四 五六 イ(C1五),1:16.3,1.2,晴,4.0,6.0,浦和,FMNACK5FAV(C1C2),0:47.6,0.3,曇,3.0,5.0,川崎,稲光賞(C2),0:56.0,0.5,曇,6.0,8.0,浦和,C1四,1:29.2,0.9,雨,10.5,6.0,,nar,2026-09-08,63.86,73.1,55.1,89.7,45.5,63.9,50.0,安定感
202630090806,2026-09-08,6,シャンノヴァ,11.0,8.0,小川悠汰,52.0,,10.0,8.0,門別,3歳以上C4ー2,1:03.9,1.9,晴,1.0,2.0,門別,3歳以上C4ー3,1:03.1,-0.3,晴,3.0,4.0,門別,3歳以上C4ー3,1:03.6,0.2,曇,3.0,1.0,門別,グランシャリオドリー(C4),1:04.0,0.4,雨,6.0,8.0,門別,3歳以上C4ー3,1:04.0,0.3,曇,38.8,9.0,,nar,2026-09-08,52.18,68.5,48.3,59.3,9.5,56.3,52.9,門別実績 / 履歴少 / 市場オッズ妙味
202630090806,2026-09-08,6,シルバーライダー,1.0,1.0,落合玄太,57.0,,9.0,5.0,門別,日高建設協会賞(C4),1:17.5,2.3,曇,7.0,7.0,門別,テッポウユリ特別(C4),1:46.6,1.7,晴,8.0,5.0,門別,グランシャリオドリー(C4),1:40.4,2.2,曇,4.0,5.0,門別,3歳以上C4ー2,1:16.2,0.7,曇,6.0,2.0,門別,3歳以上C4ー2,1:17.3,1.6,曇,13.8,6.0,,nar,2026-09-08,39.97,49.9,35.5,14.6,33.5,48.5,49.3,クラス条件好転 / 履歴少 / 市場オッズ妙味
202645090806,2026-09-08,6,シンシアビューティ,7.0,6.0,新原周馬,54.0,,12.0,8.0,川崎,紅蓮賞(C1),0:56.7,2.1,晴,4.0,5.0,川崎,雷鳴賞(C2),0:55.9,1.1,晴,10.0,10.0,川崎,神速賞(C1),0:56.5,1.7,雨,11.0,9.0,川崎,音速賞(C1),0:57.8,2.4,曇,12.0,3.0,川崎,久遠賞(C1),0:57.4,1.9,晴,43.9,9.0,,nar,2026-09-08,34.96,32.3,34.7,24.9,33.5,42.6,46.3,履歴少
202630090806,2026-09-08,6,ストーリータイム,5.0,5.0,服部茂史,57.0,,2.0,5.0,門別,あと1年全共北海道2(C4),1:02.3,0.0,曇,4.0,3.0,門別,3歳以上C4ー2,1:03.3,1.3,晴,5.0,6.0,門別,3歳以上C4ー2,1:02.6,0.3,雨,1.0,1.0,門別,3歳以上C4ー3,1:03.1,-0.2,晴,2.0,3.0,門別,3歳以上C4ー3,1:02.6,0.4,晴,4.5,4.0,,nar,2026-09-08,69.88,84.4,56.7,100.0,56.0,59.0,56.4,門別実績 / 前走人気以上 / 安定感
202636090806,2026-09-08,6,セツナサ,3.0,3.0,高松亮,56.0,,3.0,2.0,盛岡,3歳C2一組,1:26.6,0.0,雨,2.0,2.0,盛岡,3歳C2三組,1:26.2,1.3,曇,16.0,5.0,2東京4,3歳未勝利,1:30.8,5.2,曇,10.0,2.0,3中山2,3歳未勝利,1:49.9,2.0,晴,5.0,2.0,2中山1,3歳未勝利,2:02.0,0.3,晴,7.3,3.0,,nar,2026-09-08,50.66,59.6,22.3,65.7,81.5,43.5,48.8,履歴少 / 近走上向き / 安定感
202645090806,2026-09-08,6,タイトルコール,4.0,4.0,中山遥人,53.0,,4.0,7.0,浦和,浦和×大井サマードリ(C1C2),0:47.4,0.7,曇,7.0,5.0,浦和,FMNACK5FAV(C1C2),0:48.5,1.2,曇,12.0,3.0,浦和,フリージア特別(C1),0:49.5,1.4,曇,4.0,3.0,川崎,光速賞(C1),0:55.7,0.2,晴,9.0,3.0,浦和,春光特別(C1),0:49.4,2.1,曇,32.1,8.0,,nar,2026-09-08,49.12,53.2,35.1,45.0,74.0,46.5,50.0,前走人気以上 / 近走上向き / 市場オッズ妙味
202645090806,2026-09-08,6,ダークンストーミー,1.0,1.0,池谷匠翔,56.0,,,,川崎,明鏡止水賞(B3),,,晴,10.0,9.0,浦和,さいたま推奨土産品賞(B3),1:37.7,1.2,曇,12.0,10.0,川崎,若草特別(B3三),1:33.0,2.2,晴,7.0,10.0,川崎,3月22日は「ばんえ(B3),1:33.8,0.8,曇,12.0,8.0,川崎,大寒特別(B3),1:33.9,3.7,晴,53.6,11.0,,nar,2026-09-08,35.33,26.1,43.8,0.0,52.0,47.7,46.0,クラス条件好転 / 履歴少
202630090806,2026-09-08,6,ティファニジェンヌ,10.0,7.0,亀井洋司,55.0,,5.0,7.0,門別,3歳以上C4ー2,1:02.7,0.9,曇,7.0,6.0,門別,ホクレンパールライス(C4),1:17.1,1.8,雨,9.0,7.0,門別,3歳以上C4ー2,1:16.5,1.0,晴,5.0,4.0,門別,道産子ポイントガード(C4),1:17.5,1.7,晴,3.0,3.0,門別,3歳以上C4ー2,1:16.0,1.2,晴,26.6,8.0,,nar,2026-09-08,54.62,59.3,48.7,55.3,56.0,55.0,52.5,門別実績 / 市場オッズ妙味
202630090806,2026-09-08,6,トモノタツミ,3.0,3.0,松井伸也,55.0,,2.0,1.0,門別,3歳以上C4ー2,1:02.3,0.3,晴,3.0,1.0,門別,3歳以上C4ー2,1:02.0,0.2,晴,2.0,4.0,門別,3歳以上C4ー2,1:02.4,0.1,雨,3.0,5.0,門別,3歳以上C4ー2,1:02.2,0.2,雨,3.0,5.0,門別,3歳以上C4ー2,1:02.9,0.6,晴,4.5,3.0,,nar,2026-09-08,69.45,88.0,50.6,100.0,54.5,58.4,59.5,門別実績 / 履歴少 / 安定感
202636090806,2026-09-08,6,ナズドゥラヴィ,8.0,8.0,高橋悠里,54.0,,4.0,1.0,盛岡,3歳C1三組,1:27.9,0.5,晴,2.0,4.0,盛岡,3歳C2二組,1:26.2,2.3,晴,1.0,2.0,盛岡,3歳C2五組,1:13.2,-0.7,晴,2.0,5.0,盛岡,3歳C2七組,1:14.6,0.0,曇,13.0,10.0,3東京1,3歳未勝利,2:02.2,2.6,晴,2.3,1.0,,nar,2026-09-08,63.64,79.6,49.4,89.7,53.0,53.5,48.8,履歴少 / 安定感
202646090806,2026-09-08,6,ナムラパール,7.0,7.0,浅野登生,52.0,,10.0,1.0,金沢,C15,1:35.9,1.7,曇,3.0,1.0,金沢,C15,1:33.6,0.9,雨,3.0,6.0,金沢,小田島ゴールインカッ(C2),1:34.6,1.3,曇,3.0,9.0,金沢,楽天競馬で馬券を買お(C2),1:34.0,0.3,曇,5.0,8.0,金沢,ろこ★お留守番ごめん(C2),1:40.7,0.5,曇,4.5,1.0,,nar,2026-09-08,51.12,65.3,39.8,69.6,11.0,57.1,56.2,金沢実績 / 履歴少 / 安定感
202630090806,2026-09-08,6,ニシノサーフ,4.0,4.0,望月洵輝,55.0,,5.0,5.0,門別,3歳以上C4ー2,1:02.8,0.8,晴,3.0,2.0,門別,3歳以上C4ー2,1:03.1,0.6,晴,5.0,3.0,門別,3歳以上C4ー2,1:02.4,0.4,曇,1.0,6.0,門別,グランシャリオドリー(C4),1:03.3,-0.4,晴,10.0,3.0,門別,渓流の女王ヤマベ賞(C4),1:04.9,2.1,晴,10.8,5.0,,nar,2026-09-08,61.39,72.5,45.5,89.7,48.5,56.9,56.2,門別実績 / 履歴少 / 安定感
202630090806,2026-09-08,6,ネクストトゥーユー,6.0,5.0,岩橋勇二,55.0,,12.0,12.0,門別,3歳以上C4ー2,1:04.6,2.6,晴,10.0,10.0,門別,カセンソウ特別(C4),1:03.7,1.4,晴,1.0,3.0,門別,3歳以上C4ー3,1:03.4,-0.1,曇,7.0,6.0,門別,3歳以上C4ー3,1:04.4,0.9,曇,4.0,6.0,門別,グランシャリオドリー(C4),1:04.2,0.3,曇,90.2,10.0,,nar,2026-09-08,43.28,45.8,53.2,30.1,11.0,53.5,52.6,クラス条件好転 / 履歴少
202636090806,2026-09-08,6,ノーブルブロウ,7.0,7.0,山本聡紀,54.0,,1.0,1.0,盛岡,3歳C2四組,1:13.5,-0.3,曇,2.0,4.0,盛岡,3歳C2五組,1:13.9,0.7,晴,3.0,2.0,盛岡,3歳C2七組,1:14.8,0.2,曇,10.0,14.0,3東京5,3歳未勝利,1:38.7,2.2,小雨,13.0,11.0,5中山2,2歳新馬,1:11.7,2.3,晴,3.1,2.0,,nar,2026-09-08,66.13,74.4,54.7,75.1,86.0,56.8,48.8,履歴少 / 近走上向き / 安定感
202630090806,2026-09-08,6,ノーマンズランド,2.0,2.0,金山昇馬,55.0,,9.0,11.0,門別,3歳以上C4ー2,1:03.7,1.7,晴,8.0,8.0,門別,3歳以上C4ー2,1:03.2,1.4,晴,10.0,4.0,門別,3歳以上C4ー2,1:04.3,2.4,曇,4.0,8.0,門別,3歳以上C4ー2,1:02.4,0.4,雨,9.0,5.0,門別,3歳以上C4ー2,1:18.9,2.6,曇,176.5,12.0,,nar,2026-09-08,41.48,42.2,47.1,14.6,42.5,49.0,46.3,履歴少
202645090806,2026-09-08,6,ハローマイラブリー,6.0,5.0,藤本現暉,54.0,,8.0,12.0,船橋,渓流ダッシュ(C1C2),1:02.7,2.4,曇,4.0,6.0,船橋,カンナダッシュ(C1),1:02.3,0.5,曇,9.0,5.0,川崎,電光石火賞(B3),0:56.7,1.3,曇,3.0,4.0,川崎,明鏡止水賞(B3),0:54.9,0.7,晴,11.0,7.0,浦和,七福神特別(B3C1),1:31.4,2.1,晴,19.6,7.0,,nar,2026-09-08,51.52,53.8,54.6,39.5,42.5,58.5,53.2,川崎実績 / 前走人気以上 / 履歴少 / 市場オッズ妙味
202646090806,2026-09-08,6,パープルヘイズ,8.0,7.0,鈴木太一,55.0,,7.0,6.0,金沢,能登復興支援禄剛崎特(C2),1:36.0,2.5,晴,3.0,8.0,金沢,葛山晃平騎手ラストデ(C1),1:41.3,1.7,曇,7.0,9.0,金沢,小田島ゴールインカッ(C2),1:35.8,2.5,曇,11.0,7.0,金沢,いのちゃん@36歳年(C1特別),1:44.1,3.1,曇,5.0,3.0,金沢,C18,1:42.0,2.9,雨,11.9,8.0,,nar,2026-09-08,52.02,57.0,53.8,35.3,47.0,59.5,49.6,履歴少
202647090806,2026-09-08,6,ヒルノヴィクトリア,4.0,4.0,向山牧,57.0,,4.0,7.0,笠松,好きです笠松競馬(C),1:33.6,0.5,晴,7.0,7.0,笠松,C11組,1:35.3,2.4,曇,9.0,9.0,笠松,C級サバイバル,1:36.9,4.0,晴,11.0,11.0,笠松,木之前葵騎手お誕生日(C),1:35.6,2.9,晴,10.0,10.0,笠松,C7組,1:36.5,4.2,雨,57.5,8.0,,nar,2026-09-08,52.8,49.0,56.4,30.4,81.5,53.5,46.3,前走人気以上 / 履歴少 / 近走上向き
202646090806,2026-09-08,6,ビアメントブラスト,2.0,2.0,吉田晃浩,55.0,,5.0,7.0,金沢,スマホで投票!楽天競(C2),1:41.7,1.2,晴,9.0,9.0,金沢,C15,1:35.8,1.6,曇,,,金沢,C14,,,雨,2.0,2.0,金沢,第1回えみこた日和記(C2特別),1:36.0,0.2,晴,10.0,6.0,金沢,ダッシュダッシュいの(C1特別),1:44.7,3.9,曇,11.9,7.0,,nar,2026-09-08,54.65,57.3,51.7,45.0,62.0,58.9,51.2,金沢実績 / 履歴少
202636090806,2026-09-08,6,ビースタニング,5.0,5.0,山本政聡,54.0,,1.0,2.0,盛岡,3歳C2三組,1:26.3,-0.6,雨,3.0,3.0,盛岡,3歳C2四組,1:13.8,0.3,曇,3.0,5.0,盛岡,3歳C2五組,1:13.9,0.7,晴,6.0,7.0,門別,アルキバ特別(C1),1:17.4,2.8,晴,10.0,14.0,1福島5,3歳未勝利,1:11.6,2.6,晴,10.6,5.0,,nar,2026-09-08,68.65,79.6,58.8,75.1,77.0,65.2,48.8,履歴少 / 近走上向き / 安定感 / 過小評価傾向
202645090806,2026-09-08,6,フラワーガールエス,8.0,6.0,櫻井光輔,53.0,,11.0,9.0,川崎,紅蓮賞(C1),0:56.3,1.7,晴,1.0,10.0,川崎,モルゲンロート賞(3歳),0:55.6,-0.2,曇,7.0,10.0,川崎,ライトニング賞(3歳),0:56.9,0.9,晴,9.0,10.0,川崎,ヴィントシュトース賞(3歳),0:57.1,2.5,曇,11.0,12.0,川崎,ブレッザ賞(3歳),0:56.6,1.8,晴,58.0,12.0,,nar,2026-09-08,48.82,48.6,67.3,24.9,26.0,59.4,46.3,履歴少 / 人気以上に走る傾向
202645090806,2026-09-08,6,プレストヴィーナス,12.0,8.0,張田昂,54.0,,4.0,6.0,川崎,紅蓮賞(C1),0:54.8,0.2,晴,3.0,5.0,川崎,迅速賞(C1),0:54.9,0.9,曇,4.0,3.0,川崎,閃光賞(C1),0:55.6,0.7,雨,2.0,1.0,川崎,駿逸賞(C1),0:55.2,0.0,曇,5.0,2.0,川崎,紅玉賞(C1),0:56.0,0.4,曇,4.5,3.0,,nar,2026-09-08,66.41,79.5,53.2,100.0,47.0,55.8,59.5,川崎実績 / 履歴少 / 安定感
202647090806,2026-09-08,6,ホウライショウ,1.0,1.0,深澤杏花,53.0,,6.0,6.0,笠松,カサブランカ特別(C),1:34.9,3.8,晴,1.0,1.0,笠松,C13組,1:32.0,0.0,晴,2.0,1.0,笠松,好きです笠松競馬(C),1:34.1,0.4,晴,2.0,2.0,笠松,ぐんさん誕生日おめで(C),1:32.6,1.4,曇,1.0,2.0,笠松,C20組,1:33.1,-1.3,晴,4.2,3.0,,nar,2026-09-08,60.25,85.1,49.3,69.6,23.0,56.1,56.2,笠松実績 / 履歴少 / 安定感
202645090806,2026-09-08,6,ポッドデューク,9.0,7.0,御神本訓,56.0,,6.0,4.0,川崎,紅蓮賞(C1),0:55.3,0.7,晴,3.0,3.0,川崎,烈火賞(C1),0:54.8,0.4,曇,5.0,1.0,川崎,閃光賞(C1),0:55.8,0.9,雨,1.0,1.0,川崎,紅玉賞(C1),0:55.6,-0.1,曇,5.0,1.0,川崎,光速賞(C1),0:55.9,0.4,晴,4.2,1.0,,nar,2026-09-08,54.85,74.2,37.3,69.6,35.0,49.6,56.2,川崎実績 / 履歴少 / 安定感
202646090806,2026-09-08,6,マオノブリージー,1.0,1.0,甲賀弘隆,55.0,,6.0,2.0,金沢,C15,1:34.6,0.4,曇,2.0,4.0,金沢,葛山晃平騎手ラストデ(C1),1:39.8,0.2,曇,4.0,6.0,金沢,オオタアキラ引退送別(C2),1:41.8,1.0,曇,4.0,3.0,金沢,C22,1:42.5,0.5,曇,8.0,5.0,金沢,ろこ★お留守番ごめん(C2),1:41.7,1.5,曇,7.8,5.0,,nar,2026-09-08,55.98,71.8,44.6,59.3,41.0,56.1,52.9,金沢実績 / 履歴少
202647090806,2026-09-08,6,マジョリー,2.0,2.0,松本一心,55.0,,5.0,5.0,笠松,好きです笠松競馬(C),1:33.8,0.7,晴,6.0,5.0,笠松,C11組,1:35.1,2.2,曇,5.0,5.0,笠松,田中将太技師昇進記念(C),1:33.9,1.6,晴,3.0,4.0,笠松,陽向バースデー記念(C),1:33.4,1.7,晴,6.0,9.0,笠松,束ねて折れない4つの(C),1:33.7,2.5,雨,17.3,5.0,,nar,2026-09-08,59.28,67.5,51.4,64.7,50.0,64.1,52.9,笠松実績 / 履歴少 / 安定感 / 市場オッズ妙味
202645090806,2026-09-08,6,マナコア,2.0,2.0,町田直希,54.0,,10.0,3.0,川崎,紅蓮賞(C1),0:56.1,1.5,晴,8.0,1.0,川崎,電光石火賞(B3),0:56.6,1.2,曇,1.0,1.0,川崎,青玉賞(C1),0:54.3,-0.6,晴,2.0,2.0,川崎,神速賞(C1),0:54.8,0.0,雨,7.0,3.0,門別,グランシャリオドリー(A4),1:16.2,1.5,曇,4.7,4.0,,nar,2026-09-08,38.69,58.0,20.0,34.3,17.0,43.2,54.2,川崎実績 / クラス条件好転 / 履歴少
202646090806,2026-09-08,6,マノンルージュ,5.0,5.0,魚住謙心,57.0,,6.0,8.0,金沢,C16,1:34.6,1.2,晴,5.0,10.0,金沢,C16,1:42.6,1.2,曇,,,金沢,C14,,,雨,7.0,8.0,金沢,C16,1:43.5,2.9,曇,7.0,7.0,金沢,C13,1:36.5,3.0,曇,28.8,9.0,,nar,2026-09-08,55.5,60.0,67.4,24.9,52.0,61.2,47.1,履歴少 / 人気以上に走る傾向 / 市場オッズ妙味
202636090806,2026-09-08,6,ミキノヒストリー,2.0,2.0,菅原辰徳,54.0,,4.0,2.0,盛岡,3歳C2一組,1:26.9,0.7,晴,1.0,1.0,盛岡,3歳C2四組,1:13.5,-0.7,晴,2.0,3.0,盛岡,うまレター賞(3歳C2),1:14.2,0.1,曇,3.0,4.0,盛岡,3歳C2五組,1:15.5,1.9,晴,18.0,18.0,3京都10,3歳未勝利,1:41.2,8.3,晴,19.9,7.0,,nar,2026-09-08,65.31,78.5,48.1,89.7,62.0,62.2,48.8,履歴少 / 安定感 / 市場オッズ妙味
202645090806,2026-09-08,6,ミヅルーラー,10.0,7.0,岡村健司,54.0,,3.0,8.0,浦和,浦和×大井サマードリ(C1C2),0:47.3,0.6,曇,5.0,4.0,浦和,FMNACK5FAV(C1C2),0:48.0,0.7,曇,5.0,3.0,浦和,大宮宿賞(C1),0:47.7,0.5,曇,5.0,2.0,浦和,上尾市観光協会「あっ(C1),0:48.4,1.0,曇,6.0,8.0,船橋,C1四 五,1:16.5,1.4,曇,10.4,5.0,,nar,2026-09-08,65.12,72.0,54.5,89.7,63.5,60.6,50.0,前走人気以上 / 安定感
202630090806,2026-09-08,6,メイショウカラクサ,8.0,6.0,渡辺準己,54.0,,2.0,1.0,門別,アルーダ日高西部賞(C4),1:02.4,0.0,晴,2.0,3.0,門別,3歳以上C4ー2,1:02.0,0.2,晴,3.0,5.0,門別,3歳以上C4ー2,1:02.5,0.2,雨,4.0,4.0,門別,3歳以上C4ー2,1:02.8,0.9,晴,6.0,1.0,門別,DOセール賞(C4),1:03.2,1.1,雨,3.8,1.0,,nar,2026-09-08,66.6,84.8,48.8,89.7,60.5,53.7,56.2,門別実績 / 履歴少 / 安定感
202646090806,2026-09-08,6,メッチャハットリ,4.0,4.0,兼子千央,55.0,,7.0,9.0,金沢,C16,1:35.5,2.1,晴,4.0,8.0,金沢,C16,1:42.5,1.1,曇,6.0,8.0,金沢,C15,1:34.0,1.3,雨,3.0,5.0,金沢,日本列島☆爆走!ツア(C2特別),1:35.3,1.2,晴,8.0,10.0,金沢,愛☆日本一のウマ男祝(C1特別),1:43.8,2.2,曇,32.5,10.0,,nar,2026-09-08,57.14,63.4,67.5,39.5,39.5,62.5,49.6,履歴少 / 人気以上に走る傾向 / 市場オッズ妙味
202636090806,2026-09-08,6,モーニングスズラン,9.0,8.0,大坪慎,54.0,,5.0,11.0,盛岡,3歳C2一組,1:27.2,1.0,晴,10.0,11.0,盛岡,3歳C2一組,1:27.3,1.1,曇,7.0,8.0,盛岡,22GARAGE賞(3歳C2),1:28.4,1.5,曇,2.0,5.0,盛岡,3歳C2一組,1:15.0,0.8,曇,4.0,7.0,水沢,3歳C2三組,1:30.2,2.0,雨,97.5,9.0,,nar,2026-09-08,60.59,59.2,71.1,55.3,54.5,62.6,50.0,前走人気以上 / 人気以上に走る傾向
202647090806,2026-09-08,6,ラインシュトラール,3.0,3.0,丸山真一,57.0,,7.0,6.0,笠松,佐藤大介生誕8歳記念(C),1:33.5,1.9,晴,7.0,9.0,笠松,仕掛け花火特別(C),1:49.2,2.3,晴,1.0,4.0,笠松,ハルとダイチがきた!(C),1:33.5,-1.1,晴,6.0,9.0,笠松,C13組,1:34.4,2.4,晴,8.0,9.0,笠松,幸さん所属おめでとう(C),1:34.3,1.9,雨,31.6,7.0,,nar,2026-09-08,52.15,61.8,59.3,19.8,41.0,59.9,49.3,クラス条件好転 / 履歴少 / 市場オッズ妙味
202636090806,2026-09-08,6,ラペイエ,1.0,1.0,小林凌,56.0,,9.0,6.0,盛岡,エメラルド賞(3歳),1:48.8,3.1,曇,3.0,3.0,盛岡,3歳C2一組,1:26.5,0.3,晴,4.0,4.0,盛岡,3歳C2一組,1:26.6,0.4,曇,2.0,5.0,盛岡,22GARAGE賞(3歳C2),1:26.9,0.0,曇,5.0,6.0,盛岡,3歳C1三組,1:27.7,0.8,曇,19.9,6.0,,nar,2026-09-08,54.43,67.3,47.4,69.6,17.0,62.9,50.0,前走人気以上 / 安定感 / 市場オッズ妙味
202646090806,2026-09-08,6,ラースアルアイン,3.0,3.0,田知弘久,57.0,,4.0,4.0,金沢,金沢競馬で目指せ初勝(C2),1:41.4,0.7,晴,7.0,10.0,金沢,C15,1:34.7,0.5,曇,,,金沢,C14,,,雨,6.0,10.0,金沢,ホップステップぴんみ(C1),1:41.8,2.3,曇,9.0,6.0,金沢,愛☆日本一のウマ男祝(C1特別),1:44.0,2.4,曇,11.8,6.0,,nar,2026-09-08,56.39,60.5,58.9,30.4,70.0,61.1,47.1,履歴少 / 近走上向き
202646090806,2026-09-08,6,リワードリュタン,10.0,8.0,平瀬城久,55.0,,6.0,5.0,金沢,C15,1:33.8,2.2,晴,2.0,5.0,金沢,つばさ&ひかるバース(C1),1:33.2,0.2,曇,9.0,10.0,金沢,楽天競馬で馬券を買お(C2),1:36.3,3.1,曇,2.0,6.0,金沢,C22,1:42.2,0.2,曇,6.0,8.0,金沢,楽天競馬で馬券を買お(C2),0:58.3,1.4,曇,4.7,2.0,,nar,2026-09-08,56.73,67.9,60.0,39.5,42.5,60.8,49.6,履歴少
202636090806,2026-09-08,6,リンクルリンク,4.0,4.0,関本玲花,52.0,,10.0,6.0,盛岡,3歳C2一組,1:29.7,3.5,晴,3.0,7.0,盛岡,3歳C2一組,1:26.4,0.2,曇,9.0,9.0,盛岡,22GARAGE賞(3歳C2),1:29.0,2.1,曇,10.0,8.0,盛岡,3歳C1二組,1:29.9,2.3,曇,5.0,6.0,水沢,3歳C2二組,1:30.3,1.3,雨,79.3,8.0,,nar,2026-09-08,44.68,47.7,47.1,35.3,30.5,50.9,50.0,総合評価
202645090806,2026-09-08,6,レジェス,3.0,3.0,七夕裕次,56.0,,6.0,8.0,浦和,夕凪特別(C1),0:47.7,1.1,雨,6.0,8.0,川崎,閃光賞(C1),0:56.1,1.2,雨,6.0,7.0,浦和,蕨宿特別(C1),0:48.6,1.5,曇,13.0,13.0,船橋,イナヅマダッシュ(C1),1:04.7,2.6,雨,9.0,7.0,浦和,疾駆特別(C1),0:48.7,1.2,曇,44.3,10.0,,nar,2026-09-08,48.13,49.3,57.7,0.0,65.0,54.8,50.0,近走上向き / 市場オッズ妙味
202646090806,2026-09-08,6,ワンモアチャンス,6.0,6.0,服部大地,55.0,,2.0,7.0,金沢,C23,1:33.9,0.6,晴,5.0,11.0,金沢,スマホで投票!楽天競(C2),1:34.3,2.7,晴,7.0,7.0,金沢,楽天競馬で馬券を買お(C2),1:35.4,1.7,曇,5.0,7.0,金沢,楽天競馬で馬券を買お(C2),0:57.6,0.7,曇,4.0,7.0,金沢,Win5愛好へそきり(C2),1:35.0,0.6,曇,5.2,3.0,,nar,2026-09-08,71.53,73.0,75.3,80.2,69.5,67.4,56.2,金沢実績 / 前走人気以上 / 履歴少 / 人気以上に走る傾向
202645090807,2026-09-08,7,アグネスブリッツ,10.0,7.0,Ｆ．ゴン,54.0,,14.0,11.0,3東京2,3歳未勝利,1:36.0,1.5,曇,6.0,9.0,1東京2,3歳新馬,1:36.6,0.9,晴,,,,,,,,,,,,,,,,,,,,,,5.1,3.0,,nar,2026-09-08,36.02,32.9,44.4,18.0,19.1,48.9,48.8,履歴少 / サンプル少
202630090807,2026-09-08,7,アミラジオネ,1.0,1.0,宮内勇樹,55.0,,3.0,4.0,門別,3歳以上C4ー2,1:02.3,0.3,晴,6.0,5.0,門別,3歳以上C4ー2,1:02.8,1.0,晴,8.0,2.0,門別,3歳以上C4ー2,1:03.4,1.1,雨,2.0,4.0,門別,3歳以上C4ー2,1:01.8,0.2,晴,3.0,1.0,門別,ホクレンBB肥料賞(C4),1:03.5,0.4,晴,17.4,5.0,,nar,2026-09-08,57.5,71.3,42.7,55.3,60.5,58.3,52.5,門別実績 / 市場オッズ妙味
202645090807,2026-09-08,7,アリアファブラ,5.0,5.0,野畑凌,54.0,,8.0,9.0,2新潟1,3歳未勝利,0:56.4,1.1,曇,13.0,13.0,2東京6,3歳未勝利,1:35.7,1.1,晴,17.0,8.0,2中山3,3歳未勝利,2:05.7,2.6,晴,5.0,5.0,1東京3,3歳新馬,1:50.0,0.5,小雪,,,,,,,,8.6,4.0,,nar,2026-09-08,38.52,27.1,38.5,14.6,72.0,45.9,48.8,履歴少 / 近走上向き
202630090807,2026-09-08,7,アースリンゴ,9.0,7.0,岩橋勇二,55.0,,3.0,10.0,門別,JAにいかっぷピーマ(C4),1:16.1,1.2,曇,6.0,10.0,門別,日高建設協会賞(C4),1:16.7,1.5,曇,5.0,7.0,門別,3歳以上C4ー2,1:03.3,1.3,晴,9.0,9.0,門別,3歳以上C4ー2,1:03.6,1.6,曇,4.0,7.0,門別,3歳以上C4ー2,1:03.3,0.8,曇,32.8,6.0,,nar,2026-09-08,67.25,67.0,76.8,60.5,68.0,66.7,52.9,門別実績 / 前走人気以上 / 履歴少 / 人気以上に走る傾向
202647090807,2026-09-08,7,エファルジェント,1.0,1.0,馬渕繁治,55.0,,5.0,7.0,笠松,佐藤大介生誕8歳記念(C),1:32.9,1.3,晴,6.0,5.0,笠松,祝!67期独立乗務1(C),1:33.0,3.4,曇,5.0,3.0,笠松,C13組,1:33.8,1.5,晴,1.0,3.0,笠松,C級未勝利,1:33.0,0.0,晴,4.0,5.0,笠松,C10組,1:34.2,1.5,曇,12.5,6.0,,nar,2026-09-08,61.22,71.5,52.5,75.1,44.0,62.0,56.2,笠松実績 / 履歴少 / 安定感 / 市場オッズ妙味
202630090807,2026-09-08,7,エンゲル,6.0,5.0,落合玄太,55.0,,1.0,1.0,門別,3歳以上C4ー3,1:03.4,-0.3,曇,3.0,5.0,門別,3歳以上C4ー3,1:03.2,0.2,晴,3.0,4.0,門別,3歳以上C4ー3,1:03.8,0.2,雨,10.0,7.0,門別,3歳以上C4ー3,1:05.7,2.2,曇,9.0,3.0,門別,浦臼町で新規就農しま(C4),1:05.5,2.3,曇,13.0,3.0,,nar,2026-09-08,64.66,75.7,47.5,75.1,81.5,57.0,52.9,門別実績 / 履歴少 / 近走上向き / 安定感
202646090807,2026-09-08,7,エーティータキオン,4.0,4.0,加藤翔馬,57.0,,16.0,16.0,2福島5,3歳以上1勝クラス,1:11.0,3.2,曇,,14.0,1新潟6,障害4歳以上未勝利,,,晴,15.0,15.0,1京都9,4歳以上1勝クラス,1:15.6,2.8,晴,15.0,16.0,5中京6,3歳以上1勝クラス,1:14.5,2.0,小雨,12.0,13.0,5中京1,3歳以上1勝クラス,1:15.2,3.3,晴,2.2,1.0,,nar,2026-09-08,29.93,1.7,52.3,0.0,38.0,52.5,50.0,総合評価
202630090807,2026-09-08,7,オーベール,3.0,3.0,黒澤愛斗,55.0,,7.0,11.0,門別,あと1年全共北海道2(C4),1:03.1,0.8,曇,5.0,7.0,門別,3歳以上C4ー2,1:03.8,1.3,晴,12.0,11.0,門別,3歳以上C4ー2,1:04.9,2.6,雨,10.0,10.0,門別,3歳以上C4ー2,1:19.3,3.8,曇,9.0,9.0,門別,3歳以上C4ー2,1:18.6,2.4,曇,293.6,12.0,,nar,2026-09-08,49.53,42.9,60.6,24.9,62.0,54.8,48.5,前走人気以上
202645090807,2026-09-08,7,カナールレイナ,7.0,6.0,伊藤裕人,54.0,,8.0,9.0,川崎,鶺鴒賞(3歳),1:39.3,2.1,雨,6.0,7.0,川崎,仏法僧賞(3歳),1:46.9,1.2,曇,8.0,8.0,川崎,ジュライフラワー賞(3歳C1),1:38.1,1.4,晴,5.0,7.0,川崎,ジューンフラワー賞(3歳),1:38.6,1.5,晴,5.0,8.0,川崎,メイフラワー賞(3歳),1:32.0,0.8,晴,22.3,8.0,,nar,2026-09-08,49.86,54.0,58.1,24.9,38.0,59.3,49.6,履歴少 / 市場オッズ妙味
202636090807,2026-09-08,7,キタノレクレドール,7.0,7.0,山本聡哉,54.0,,1.0,1.0,盛岡,3歳C2三組,1:25.8,-0.7,晴,1.0,1.0,盛岡,3歳C2七組,1:13.3,-1.7,晴,9.0,8.0,園田,JRA交流笠形山特別,1:32.7,1.8,雨,8.0,15.0,1新潟2,3歳未勝利,1:14.3,1.7,晴,13.0,16.0,2阪神4,3歳未勝利,1:14.1,3.1,晴,2.4,1.0,,nar,2026-09-08,64.01,69.3,57.9,55.3,90.5,59.6,48.8,履歴少 / 近走上向き
202645090807,2026-09-08,7,キチョウ,12.0,8.0,古岡勇樹,54.0,,8.0,7.0,川崎,翡翠賞(3歳),1:40.2,3.0,晴,8.0,7.0,川崎,赤翡翠賞(3歳),1:40.4,2.9,晴,5.0,6.0,川崎,小千鳥賞(3歳),1:40.8,1.0,曇,10.0,9.0,船橋,3歳二,1:17.9,2.3,晴,3.0,13.0,川崎,アウラー賞(3歳),1:38.2,0.7,晴,43.8,10.0,,nar,2026-09-08,49.09,50.5,53.7,30.1,41.0,59.9,51.2,川崎実績 / 履歴少 / 市場オッズ妙味
202647090807,2026-09-08,7,キミニメロメロ,7.0,7.0,井口裕貴,52.0,,2.0,3.0,笠松,ソラ高校合格記念(C),1:32.3,0.2,晴,5.0,4.0,笠松,カサマツ音頭を踊ろう(C),1:32.9,0.8,曇,7.0,5.0,笠松,祝50歳第二章開幕!(C),1:34.9,2.0,晴,10.0,4.0,笠松,木之前葵騎手お誕生日(C),1:34.5,1.8,晴,9.0,4.0,笠松,春荒賞(C),1:34.7,2.0,晴,12.3,5.0,,nar,2026-09-08,55.77,63.0,37.9,55.3,84.5,52.2,49.6,履歴少 / 近走上向き / 市場オッズ妙味
202645090807,2026-09-08,7,クリスタルタワー,2.0,2.0,今村聖奈,52.0,,10.0,11.0,2新潟5,3歳以上1勝クラス,1:33.5,1.1,晴,15.0,11.0,2小倉1,3歳未勝利,2:02.6,2.4,曇,9.0,13.0,3阪神6,3歳未勝利,1:35.1,1.0,晴,,,,,,,,,,,,,,,2.8,1.0,,nar,2026-09-08,37.67,20.8,50.9,0.0,62.0,52.2,48.8,履歴少
202646090807,2026-09-08,7,コンチマカロン,5.0,5.0,栗原大河,55.0,,7.0,4.0,金沢,C15,1:34.3,2.7,晴,5.0,3.0,金沢,C15,1:34.5,0.3,曇,,,金沢,C14,,,雨,4.0,7.0,金沢,七尾祇園祭特別(C1),0:57.4,0.2,雨,7.0,6.0,金沢,九谷焼特別(C1),0:57.7,1.9,曇,10.8,5.0,,nar,2026-09-08,49.31,61.3,40.6,39.5,40.0,55.2,51.2,金沢実績 / 履歴少
202646090807,2026-09-08,7,シェーンシュタット,1.0,1.0,青柳正義,57.0,,3.0,4.0,金沢,能登復興支援舳倉島特(C1C2),0:58.0,0.5,晴,8.0,7.0,金沢,C15,1:34.8,0.6,曇,5.0,5.0,金沢,C15,1:33.8,1.1,雨,4.0,9.0,金沢,楽天競馬で馬券を買お(C2),1:34.4,1.2,曇,7.0,7.0,金沢,C14,1:36.9,3.6,曇,17.8,8.0,,nar,2026-09-08,62.54,66.4,55.5,64.7,68.0,67.2,52.9,金沢実績 / 履歴少 / 近走上向き / 安定感
202645090807,2026-09-08,7,シノン,11.0,8.0,櫻井光輔,54.0,,8.0,11.0,川崎,ヴェルトラオム賞(3歳),0:56.2,1.5,晴,8.0,5.0,川崎,モルゲンロート賞(3歳),0:56.5,0.9,曇,6.0,5.0,川崎,ライトニング賞(3歳),0:56.8,0.8,晴,15.0,15.0,2中山6,3歳1勝クラス,1:09.9,2.6,晴,4.0,3.0,川崎,ガーネットフラワー賞(3歳),1:32.8,0.5,晴,30.8,9.0,,nar,2026-09-08,43.45,44.0,49.0,10.3,51.5,51.5,47.1,前走人気以上 / 履歴少 / 市場オッズ妙味
202636090807,2026-09-08,7,シュートザムーン,8.0,8.0,山本政聡,56.0,,11.0,9.0,盛岡,エメラルド賞(3歳),1:49.0,3.3,曇,1.0,3.0,盛岡,22GARAGE賞(3歳C2),1:26.9,0.0,曇,4.0,5.0,盛岡,3歳C1三組,1:27.7,0.8,曇,1.0,4.0,水沢,3歳C2一組,1:22.4,-0.2,小雨,4.0,9.0,盛岡,3歳C2二組,1:14.6,1.6,晴,8.6,4.0,,nar,2026-09-08,55.37,68.5,57.3,69.6,0.0,65.0,50.0,安定感 / 過小評価傾向
202630090807,2026-09-08,7,ジャックルージュ,12.0,8.0,若杉朝飛,57.0,,4.0,4.0,門別,アルーダ日高西部賞(C4),1:03.0,0.6,晴,4.0,11.0,門別,カセンソウ特別(C4),1:02.5,0.2,晴,8.0,9.0,門別,3歳以上C4ー2,1:02.9,0.9,曇,5.0,6.0,門別,3歳以上C4ー2,1:03.4,0.9,曇,7.0,8.0,門別,3歳以上C4ー2,1:04.4,1.4,晴,36.9,7.0,,nar,2026-09-08,64.22,66.0,65.3,69.9,62.0,62.8,54.3,門別実績 / クラス条件好転 / 人気以上に走る傾向 / 安定感
202645090807,2026-09-08,7,ジョイアミーア,8.0,6.0,笹川翼,54.0,,10.0,2.0,2新潟1,3歳未勝利,0:56.5,1.2,曇,4.0,2.0,1新潟5,3歳未勝利,0:55.8,0.9,晴,3.0,1.0,1新潟4,3歳未勝利,0:55.9,0.1,晴,10.0,3.0,1中山8,3歳未勝利,1:15.0,1.8,晴,4.0,1.0,4中山9,2歳新馬,1:13.4,0.8,晴,3.5,2.0,,nar,2026-09-08,39.65,56.0,17.4,55.0,21.5,41.0,48.8,履歴少
202630090807,2026-09-08,7,スティールアンバー,2.0,2.0,桑村真明,57.0,,3.0,1.0,門別,グランシャリオドリー(C4),1:16.0,0.3,晴,2.0,2.0,門別,3歳以上C4ー2,1:15.2,0.3,曇,3.0,1.0,門別,3歳以上C4ー2,1:01.9,0.3,晴,2.0,1.0,門別,3歳以上C4ー2,1:02.2,0.0,曇,1.0,1.0,門別,3歳条件未勝利,1:02.9,-0.3,晴,3.3,2.0,,nar,2026-09-08,65.12,88.8,42.0,100.0,44.0,51.8,56.4,門別実績 / 安定感
202636090807,2026-09-08,7,タイセイゴッシュ,1.0,1.0,高松亮,56.0,,2.0,1.0,1東京5,3歳未勝利,1:26.3,0.5,晴,2.0,5.0,1東京2,3歳未勝利,1:25.9,0.5,晴,3.0,6.0,4東京7,2歳未勝利,1:27.1,0.8,曇,6.0,12.0,4東京4,2歳未勝利,1:40.0,1.3,晴,14.0,16.0,4中山6,2歳新馬,1:36.4,1.6,曇,2.9,2.0,,nar,2026-09-08,68.67,76.2,64.8,75.1,75.5,63.0,48.8,履歴少 / 近走上向き / 安定感
202636090807,2026-09-08,7,タイセイパフューム,3.0,3.0,村上忍,54.0,,5.0,6.0,盛岡,3歳C1三組,1:28.1,0.7,晴,5.0,2.0,盛岡,ポイントたまる!楽天(3歳C1),1:29.9,1.3,晴,1.0,5.0,盛岡,3歳C2二組,1:25.7,-0.3,曇,3.0,4.0,盛岡,DCあーしゃんず3周(3歳C2),1:28.1,0.9,曇,4.0,3.0,盛岡,3歳C2二組,1:15.0,0.5,曇,17.4,6.0,,nar,2026-09-08,64.97,77.5,52.7,100.0,39.5,63.5,50.0,安定感 / 市場オッズ妙味
202630090807,2026-09-08,7,ツワ,5.0,5.0,石川倭,55.0,,7.0,11.0,門別,アルーダ日高西部賞(C4),1:03.6,1.2,晴,10.0,10.0,門別,グランシャリオドリー(C4),1:04.3,2.4,晴,6.0,5.0,門別,3歳以上C4ー2,1:03.7,1.2,曇,8.0,5.0,門別,3歳以上C4ー2,1:04.5,1.5,晴,4.0,8.0,門別,3歳以上C4ー2,1:03.3,2.1,晴,88.6,9.0,,nar,2026-09-08,47.04,48.9,57.0,10.3,50.0,54.2,48.5,前走人気以上
202647090807,2026-09-08,7,ドクターサクラ,3.0,3.0,赤津和希,55.0,,4.0,3.0,笠松,夢は叶う木下智史の決(C),1:31.9,0.5,晴,2.0,3.0,笠松,C10組,1:32.9,0.2,曇,9.0,6.0,笠松,C9組,1:35.0,1.2,晴,8.0,8.0,笠松,鵜鮎特別(C),1:33.2,1.9,曇,1.0,2.0,笠松,好きです笠松競馬(C),1:33.3,-0.4,晴,6.9,4.0,,nar,2026-09-08,58.51,69.9,46.2,65.7,56.0,56.9,52.9,笠松実績 / 履歴少 / 安定感
202645090807,2026-09-08,7,ドナエポナ,4.0,4.0,岡村健司,54.0,,7.0,11.0,川崎,鶫賞(3歳),1:39.5,1.3,晴,4.0,8.0,川崎,オーブ賞(3歳),1:39.2,1.2,曇,10.0,5.0,川崎,ランポ賞(3歳),1:35.1,2.6,曇,5.0,8.0,川崎,郭公賞(3歳),1:34.7,0.9,曇,3.0,8.0,川崎,3歳5,1:33.1,0.8,晴,68.8,12.0,,nar,2026-09-08,56.83,58.9,65.3,49.8,41.0,60.6,52.9,川崎実績 / 前走人気以上 / 履歴少 / 人気以上に走る傾向
202645090807,2026-09-08,7,ニシノゲッパク,6.0,5.0,山林堂信,54.0,,14.0,4.0,3中山3,3歳未勝利,1:16.3,4.2,雨,5.0,10.0,2中山6,3歳未勝利,1:12.8,1.1,晴,7.0,8.0,1東京1,3歳未勝利,1:28.2,1.7,晴,14.0,9.0,5東京8,2歳未勝利,1:29.0,2.2,晴,5.0,9.0,4東京11,2歳未勝利,1:25.7,1.7,晴,17.7,5.0,,nar,2026-09-08,35.98,34.2,36.6,35.3,12.5,50.0,48.8,履歴少 / 市場オッズ妙味
202636090807,2026-09-08,7,ノーブルガイザー,9.0,8.0,山本聡紀,56.0,,3.0,5.0,盛岡,3歳C1三組,1:27.8,0.4,晴,6.0,3.0,盛岡,ポイントたまる!楽天(3歳C1),1:30.0,1.4,晴,3.0,1.0,盛岡,22GARAGE賞(3歳C2),1:27.6,0.7,曇,3.0,4.0,盛岡,3歳C1三組,1:27.3,0.4,曇,1.0,2.0,水沢,3歳C2五組,1:22.4,0.0,小雨,5.5,3.0,,nar,2026-09-08,61.94,79.7,48.0,75.1,51.5,56.6,50.0,安定感
202647090807,2026-09-08,7,ビートウマザンマイ,8.0,8.0,明星晴大,55.0,,7.0,3.0,笠松,入道雲特別(C),1:48.9,2.2,曇,1.0,1.0,笠松,C級セレクション,1:33.1,-1.2,晴,2.0,2.0,笠松,ここ!笠松!AZKi(C),1:32.5,0.0,曇,3.0,2.0,笠松,C10・C13組(CC),1:34.0,0.7,晴,4.0,2.0,笠松,達也&愛里結婚記念(C),1:34.2,2.3,晴,2.6,1.0,,nar,2026-09-08,55.15,79.0,39.0,69.6,23.0,49.5,56.2,笠松実績 / 履歴少 / 安定感
202646090807,2026-09-08,7,ピアレイジレディ,3.0,3.0,甲賀弘隆,55.0,,5.0,5.0,金沢,C16,1:34.4,1.0,晴,3.0,6.0,金沢,C16,1:42.5,1.1,曇,5.0,6.0,金沢,つばさ&ひかるバース(C1),1:33.8,0.8,曇,5.0,7.0,金沢,小田島ゴールインカッ(C2),1:35.2,1.9,曇,9.0,9.0,園田,C3一,1:35.2,2.6,晴,14.3,6.0,,nar,2026-09-08,65.51,68.7,58.7,89.7,53.0,65.2,59.5,金沢実績 / 履歴少 / 安定感 / 過小評価傾向
202646090807,2026-09-08,7,ピナーカ,2.0,2.0,米倉知,57.0,,5.0,3.0,金沢,C15,1:33.7,2.1,晴,5.0,6.0,金沢,睦斗小学校入学&紬ほ(C1),1:34.5,1.3,曇,,,金沢,だいきち不動産設立記(C1),,,雨,6.0,8.0,金沢,いのちゃん@36歳年(C1特別),1:42.1,1.1,曇,5.0,6.0,金沢,孝明杯(C1),1:42.1,0.3,曇,9.0,3.0,,nar,2026-09-08,58.9,66.5,50.3,65.7,52.0,61.0,55.3,金沢実績 / 履歴少 / 安定感
202630090807,2026-09-08,7,フィールザクラウン,11.0,8.0,渡辺準己,54.0,,8.0,10.0,門別,あと1年全共北海道2(C4),1:03.3,1.0,曇,7.0,6.0,門別,3歳以上C4ー2,1:03.6,1.6,晴,6.0,5.0,門別,3歳以上C4ー2,1:03.6,1.1,曇,4.0,5.0,門別,3歳以上C4ー2,1:03.5,1.1,晴,1.0,4.0,門別,3歳以上C4ー3,1:03.8,-0.2,晴,121.8,10.0,,nar,2026-09-08,48.89,59.6,54.3,24.9,29.0,55.2,49.6,履歴少
202645090807,2026-09-08,7,フォーマイディア,9.0,7.0,加藤雄真,53.0,,5.0,11.0,川崎,鳳仙花賞(C1),1:31.6,0.6,晴,9.0,8.0,川崎,キリマンジェロ賞(C1),1:38.1,1.7,曇,6.0,11.0,川崎,ジュライフラワー賞(3歳C1),1:37.8,1.1,晴,6.0,7.0,川崎,青葉木菟特別(3歳),1:38.8,2.0,晴,6.0,3.0,船橋,3歳四,1:16.3,1.3,晴,20.1,7.0,,nar,2026-09-08,55.84,56.4,66.8,30.4,60.5,59.9,47.1,前走人気以上 / 履歴少 / 人気以上に走る傾向 / 市場オッズ妙味
202647090807,2026-09-08,7,フミフローレンス,5.0,5.0,東川慎,55.0,,4.0,4.0,笠松,佐藤大介生誕8歳記念(C),1:32.9,1.3,晴,3.0,4.0,笠松,祝!67期独立乗務1(C),1:32.0,2.4,曇,4.0,6.0,笠松,祝50歳第二章開幕!(C),1:34.1,1.2,晴,6.0,5.0,笠松,木之前葵騎手お誕生日(C),1:33.7,1.0,晴,5.0,7.0,笠松,C7組,1:49.4,1.1,晴,19.8,7.0,,nar,2026-09-08,65.44,74.8,54.9,85.4,53.0,64.8,56.2,笠松実績 / 履歴少 / 安定感 / 市場オッズ妙味
202630090807,2026-09-08,7,フレッシュノウエ,7.0,6.0,望月洵輝,55.0,,8.0,7.0,門別,3歳以上C4ー2,1:03.2,1.2,晴,2.0,6.0,門別,3歳以上C4ー2,1:02.9,0.4,晴,9.0,12.0,門別,3歳以上C4ー2,1:03.6,1.3,雨,9.0,8.0,門別,3歳以上C4ー2,1:18.2,2.7,曇,12.0,9.0,門別,グランシャリオドリー(C4),1:44.6,5.7,晴,37.3,8.0,,nar,2026-09-08,48.79,49.9,55.8,24.9,50.0,54.1,48.5,市場オッズ妙味
202646090807,2026-09-08,7,ブレードダンシング,8.0,8.0,浅野登生,54.0,,10.0,9.0,金沢,C13,1:42.9,3.7,雨,7.0,5.0,金沢,お家でネット投票!楽(C1),1:33.5,3.0,雨,1.0,4.0,金沢,C24,1:40.9,-0.3,曇,6.0,5.0,金沢,小川雅士さんお誕生日(C2),1:35.5,2.2,曇,4.0,4.0,金沢,幻のいちじく黒蜜姫杯(C2),1:34.1,1.2,曇,10.6,4.0,,nar,2026-09-08,46.17,57.8,47.5,30.1,17.0,56.9,49.6,履歴少
202647090807,2026-09-08,7,プリティパンク,6.0,6.0,渡辺竜也,55.0,,1.0,1.0,笠松,C級未勝利,1:33.1,-0.2,晴,2.0,2.0,笠松,アンダーグラフ来場記(C),1:32.6,0.6,晴,3.0,1.0,笠松,加織・文行結婚記念(C),1:36.1,0.8,晴,3.0,2.0,笠松,C級未勝利,1:33.7,0.7,晴,3.0,4.0,笠松,C級未勝利,0:51.4,1.1,晴,5.1,3.0,,nar,2026-09-08,69.7,90.9,46.9,100.0,60.5,55.6,59.5,笠松実績 / 履歴少 / 安定感
202646090807,2026-09-08,7,プレストバローズ,9.0,8.0,中島龍也,57.0,,6.0,4.0,金沢,なつみちゃん誕生日お(C1),1:34.6,1.9,晴,3.0,7.0,金沢,C13,1:41.0,1.8,雨,,,金沢,だいきち不動産設立記(C1),,,雨,8.0,3.0,金沢,C14,1:34.1,1.7,曇,8.0,8.0,金沢,C12,1:43.2,3.2,曇,3.8,2.0,,nar,2026-09-08,49.98,62.5,47.0,24.9,52.0,51.8,47.1,履歴少
202647090807,2026-09-08,7,ベルシエル,4.0,4.0,筒井勇介,55.0,,3.0,3.0,笠松,佐藤大介生誕8歳記念(C),1:32.7,1.1,晴,7.0,3.0,笠松,祝!67期独立乗務1(C),1:33.7,4.1,曇,8.0,5.0,名古屋,C10組,1:39.4,2.5,曇,7.0,5.0,名古屋,3歳4組,1:33.0,2.8,晴,4.0,2.0,名古屋,かずちゃん生誕49周(3歳),1:32.1,1.1,曇,3.6,2.0,,nar,2026-09-08,51.32,62.6,35.4,40.7,71.0,48.3,51.2,笠松実績 / 履歴少 / 近走上向き
202636090807,2026-09-08,7,ボグラーモデル,4.0,4.0,岩本怜,56.0,,8.0,9.0,盛岡,3歳C1三組,1:28.9,1.5,晴,7.0,10.0,盛岡,ポイントたまる!楽天(3歳C1),1:30.1,1.5,晴,8.0,7.0,盛岡,3歳C1二組,1:28.6,2.5,小雨,7.0,8.0,盛岡,3歳C1二組,1:28.1,1.0,曇,8.0,8.0,盛岡,3歳C1一組,1:28.7,3.3,晴,53.9,7.0,,nar,2026-09-08,44.98,47.2,57.0,0.0,47.0,54.2,48.8,履歴少
202636090807,2026-09-08,7,ボビネット,2.0,2.0,塚本涼人,54.0,,2.0,4.0,盛岡,3歳C1三組,1:27.4,0.0,晴,2.0,4.0,盛岡,3歳C2一組,1:26.5,0.3,晴,2.0,4.0,盛岡,3歳C2二組,1:26.0,0.3,曇,2.0,5.0,盛岡,DCあーしゃんず3周(3歳C2),1:27.9,0.7,曇,3.0,4.0,盛岡,3歳C2二組,1:14.9,0.4,曇,9.9,5.0,,nar,2026-09-08,73.42,91.2,64.3,100.0,51.5,66.3,50.0,前走人気以上 / 安定感 / 過小評価傾向
202636090807,2026-09-08,7,ポルテボヌール,5.0,5.0,佐々木志,54.0,,8.0,10.0,盛岡,3歳C1二組,1:28.2,1.7,曇,10.0,11.0,盛岡,オッズパーク賞(3歳C1),1:30.5,1.5,晴,8.0,8.0,盛岡,3歳C1一組,1:28.5,1.9,曇,10.0,11.0,盛岡,3歳C1一組,1:29.4,4.0,晴,12.0,10.0,水沢,3歳C1二組,1:36.4,6.3,晴,142.1,9.0,,nar,2026-09-08,42.59,34.4,55.6,0.0,62.0,52.2,48.8,履歴少
202645090807,2026-09-08,7,ミオサンダー,1.0,1.0,増田充宏,54.0,,9.0,8.0,川崎,鶺鴒賞(3歳),1:39.4,2.2,雨,3.0,5.0,川崎,翡翠賞(3歳),1:38.7,1.5,晴,3.0,5.0,川崎,珠鷸賞(3歳),1:39.5,1.0,晴,11.0,9.0,川崎,小千鳥賞(3歳),1:42.0,2.2,曇,7.0,9.0,川崎,シャイニングドリーム(OP)(2歳),1:48.0,2.9,晴,46.5,11.0,,nar,2026-09-08,51.06,56.8,53.5,44.7,32.0,58.2,49.6,履歴少 / 市場オッズ妙味
202646090807,2026-09-08,7,ミテクレコノアシ,7.0,7.0,松戸政也,57.0,,7.0,8.0,金沢,なつみちゃん誕生日お(C1),1:34.9,2.2,晴,8.0,8.0,金沢,超光速微粒子の可能性(C1),1:42.4,2.7,雨,2.0,6.0,金沢,C15,1:33.1,0.4,雨,5.0,1.0,金沢,☆ひなの&はるかお誕(C2特別),1:36.6,1.4,晴,4.0,7.0,金沢,愛☆日本一のウマ男祝(C1特別),1:42.6,1.0,曇,27.7,9.0,,nar,2026-09-08,54.22,62.7,55.7,44.7,36.5,58.9,52.9,金沢実績 / 履歴少 / 市場オッズ妙味
202647090807,2026-09-08,7,ヤマミウルフ,2.0,2.0,細川智史,57.0,,8.0,7.0,笠松,藤城氏金無いけど50(C),1:34.2,1.8,晴,10.0,10.0,笠松,夏の大三角特別(C),1:34.2,3.5,晴,1.0,7.0,笠松,和葉ちゃん4才おめで(C),1:32.9,-0.6,曇,12.0,10.0,笠松,浪江祐次お誕生日記念(C),1:36.4,4.7,晴,5.0,6.0,笠松,C14組,1:33.8,0.8,晴,29.1,8.0,,nar,2026-09-08,48.76,48.9,54.9,30.1,44.0,55.4,52.6,クラス条件好転 / 履歴少 / 市場オッズ妙味
202630090807,2026-09-08,7,ライトフライヤー,10.0,7.0,小野楓馬,57.0,,3.0,1.0,門別,日高建設協会賞(C4),1:15.4,0.2,曇,2.0,1.0,門別,3歳以上C4ー2,1:15.4,0.0,晴,6.0,6.0,5中京3,2歳未勝利,1:35.1,0.8,曇,4.0,6.0,3京都6,2歳未勝利,1:54.1,1.8,曇,12.0,5.0,3京都1,2歳新馬,2:04.6,2.3,小雨,1.6,1.0,,nar,2026-09-08,59.22,72.6,41.0,69.9,68.0,46.8,59.5,門別実績 / 履歴少 / 近走上向き / 安定感
202646090807,2026-09-08,7,ラシェンテ,6.0,6.0,兼子千央,55.0,,7.0,5.0,金沢,C13,1:41.1,1.3,晴,2.0,8.0,金沢,C15,1:34.4,0.2,曇,,,金沢,C14,,,雨,5.0,9.0,金沢,C16,1:43.0,2.4,曇,8.0,8.0,金沢,C13,1:39.5,6.0,曇,14.9,7.0,,nar,2026-09-08,57.19,66.3,62.8,39.5,38.0,65.1,51.2,金沢実績 / 履歴少 / 過小評価傾向 / 市場オッズ妙味
202636090807,2026-09-08,7,ラヴレインブーケ,6.0,6.0,大坪慎,54.0,,9.0,9.0,盛岡,3歳C1二組,1:28.5,2.0,曇,8.0,9.0,盛岡,ポイントたまる!楽天(3歳C1),1:30.4,1.8,晴,9.0,10.0,盛岡,3歳C1二組,1:28.6,2.5,小雨,8.0,7.0,盛岡,3歳C1二組,1:28.8,1.7,曇,7.0,9.0,盛岡,3歳C1一組,1:28.5,3.1,晴,92.3,8.0,,nar,2026-09-08,41.84,40.8,53.6,0.0,44.0,52.9,48.8,履歴少
202645090807,2026-09-08,7,リーゼントモニカ,3.0,3.0,石田拓郎,52.0,,15.0,15.0,2新潟6,3歳未勝利,1:35.8,2.1,晴,,,,,,,,,,,,,,,,,,,,,,,,,,,,,19.3,6.0,,nar,2026-09-08,37.05,29.6,40.6,29.6,40.6,40.6,48.8,履歴少 / サンプル少
202630090807,2026-09-08,7,レレリオーナ,8.0,6.0,坂下秀樹,55.0,,8.0,3.0,門別,アルーダ日高西部賞(C4),1:03.7,1.3,晴,12.0,15.0,2福島7,3歳未勝利,1:10.2,1.0,曇,11.0,15.0,1福島4,3歳未勝利,1:10.1,1.7,晴,,,,,,,,,,,,,,,14.2,4.0,,nar,2026-09-08,40.86,27.1,50.2,0.0,71.0,55.1,50.0,前走人気以上 / 近走上向き / 市場オッズ妙味
202630090807,2026-09-08,7,ロザヴィータ,4.0,4.0,小川悠汰,52.0,,9.0,8.0,門別,あと1年全共北海道2(C4),1:03.5,1.2,曇,3.0,9.0,門別,3歳以上C4ー2,1:03.0,1.0,晴,7.0,11.0,門別,3歳以上C4ー2,1:03.7,1.8,曇,9.0,10.0,門別,3歳以上C4ー2,1:03.3,1.3,雨,11.0,11.0,門別,道産子ポイントガード(C4),1:18.6,2.8,晴,155.8,11.0,,nar,2026-09-08,50.1,49.5,64.9,24.9,41.0,58.1,46.3,履歴少
202645090808,2026-09-08,8,アウェイクサード,4.0,4.0,古岡勇樹,57.0,,7.0,5.0,川崎,ポータルサイト「やま(C1),1:46.1,1.5,晴,3.0,10.0,川崎,ルビーフラワー賞(3歳C1),1:37.3,0.4,晴,5.0,10.0,川崎,ジュライフラワー賞(3歳C1),1:37.8,1.1,晴,6.0,6.0,浦和,藤右衛門川特別(3歳),2:13.9,1.4,曇,5.0,5.0,浦和,初夏特別(3歳),2:14.8,2.8,曇,17.5,7.0,,nar,2026-09-08,60.03,66.0,64.9,55.0,36.5,68.7,54.0,川崎実績 / 履歴少 / 過小評価傾向 / 市場オッズ妙味
202636090808,2026-09-08,8,アキミューミュー,8.0,8.0,菅原辰徳,54.0,,2.0,1.0,盛岡,C2二組,1:26.8,0.2,曇,2.0,2.0,盛岡,C2三組,1:26.5,1.0,曇,1.0,1.0,盛岡,C2六組,1:13.1,-0.9,曇,1.0,1.0,盛岡,C2九組,1:12.2,-0.6,曇,2.0,2.0,盛岡,C2九組,1:12.5,0.9,曇,2.4,1.0,,nar,2026-09-08,67.96,94.7,47.9,100.0,47.0,53.1,48.8,履歴少 / 安定感
202646090808,2026-09-08,8,アルマイナンナ,6.0,6.0,中島龍也,55.0,,6.0,3.0,金沢,B22,1:33.4,1.3,晴,3.0,6.0,金沢,能登復興支援木ノ浦海(B2),1:39.9,0.3,曇,2.0,3.0,金沢,油断大敵水分補給を忘(B2),1:41.2,1.2,晴,7.0,3.0,金沢,B25,1:33.9,1.7,曇,6.0,1.0,金沢,B24,1:42.6,2.1,曇,64.0,5.0,,nar,2026-09-08,52.13,71.1,42.5,44.7,41.0,48.3,49.6,履歴少
202630090808,2026-09-08,8,アルマロベイラ,9.0,8.0,亀井洋司,55.0,,5.0,9.0,門別,ネジバナ特別(C4),1:38.2,0.6,晴,9.0,10.0,門別,テッポウユリ特別(C4),1:47.4,2.5,晴,7.0,6.0,門別,グランシャリオドリー(C4),1:39.9,1.7,曇,5.0,8.0,門別,グランシャリオドリー(C4),1:46.4,0.7,曇,8.0,7.0,門別,グランシャリオドリー(C4),1:41.0,2.1,晴,63.5,9.0,,nar,2026-09-08,55.93,54.4,61.2,45.0,63.5,57.4,49.6,前走人気以上 / 履歴少
202630090808,2026-09-08,8,ウィルアルター,6.0,6.0,石川倭,57.0,,9.0,2.0,門別,グランシャリオドリー(C4),1:53.2,1.8,晴,8.0,1.0,門別,ネモフィラ特別(C4),2:03.0,3.2,晴,1.0,1.0,門別,3歳以上C4ー3,1:53.7,-0.5,晴,2.0,1.0,門別,グランシャリオドリー(C4),1:45.7,0.2,晴,3.0,1.0,門別,3歳以上C4ー3,1:53.6,0.5,晴,5.6,4.0,,nar,2026-09-08,42.23,63.8,20.4,44.7,17.0,46.3,55.9,門別実績 / クラス条件好転 / 履歴少
202647090808,2026-09-08,8,オータムメモリー,8.0,8.0,明星晴大,55.0,,5.0,8.0,笠松,入道雲特別(C),1:48.3,1.6,曇,1.0,2.0,笠松,C11組,1:32.9,-0.2,曇,3.0,4.0,笠松,田中将太技師昇進記念(C),1:33.5,1.2,晴,3.0,6.0,笠松,C13組,1:33.5,1.5,晴,,,笠松,C12組,,,曇,2.1,1.0,,nar,2026-09-08,67.75,83.0,64.0,89.7,34.0,59.7,59.5,笠松実績 / 前走人気以上 / 履歴少 / 安定感
202645090808,2026-09-08,8,カミカクシ,2.0,2.0,大野拓弥,54.0,,5.0,10.0,2新潟4,3歳未勝利,1:56.2,2.3,曇,4.0,5.0,川崎,ジュライフラワー賞(3歳C1),1:37.0,0.3,晴,11.0,5.0,3東京1,3歳未勝利,1:28.4,2.5,晴,9.0,11.0,1中京6,3歳未勝利,1:27.3,2.3,晴,,,,,,,,3.1,1.0,,nar,2026-09-08,56.46,54.4,56.8,55.3,68.0,56.4,48.8,前走人気以上 / 履歴少 / 近走上向き
202646090808,2026-09-08,8,カミノマジック,5.0,5.0,青柳正義,57.0,,8.0,7.0,金沢,B22,1:34.8,2.7,晴,6.0,5.0,金沢,能登復興支援須須神社(B1特別),1:41.3,2.5,曇,9.0,7.0,金沢,B22,1:34.8,3.1,晴,5.0,5.0,金沢,B22,1:34.9,1.3,晴,5.0,8.0,金沢,B22,1:33.1,1.7,曇,163.1,6.0,,nar,2026-09-08,45.86,52.4,45.5,24.9,39.5,52.0,52.6,クラス条件好転 / 履歴少
202646090808,2026-09-08,8,カンナギ,4.0,4.0,沖静男,55.0,,3.0,7.0,金沢,祝ジーケー工業株式会(B2),1:33.6,1.3,晴,8.0,10.0,川崎,クロート賞(C2C3),2:18.1,2.8,曇,7.0,7.0,川崎,コンコルディア賞(C2C3),2:21.2,2.9,晴,10.0,10.0,川崎,風神賞(C2),0:58.4,3.3,曇,10.0,12.0,船橋,馬い!スイートポテト(C2五),1:19.4,1.7,曇,41.8,4.0,,nar,2026-09-08,57.33,53.8,63.4,30.4,84.5,59.9,48.8,前走人気以上 / 履歴少 / 近走上向き / 市場オッズ妙味
202630090808,2026-09-08,8,クールメゾン,7.0,7.0,服部茂史,55.0,,3.0,6.0,門別,ネジバナ特別(C4),1:37.9,0.3,晴,6.0,8.0,門別,グランシャリオドリー(C4),1:39.8,1.6,曇,5.0,11.0,門別,グランシャリオドリー(C4),1:40.0,1.1,晴,12.0,5.0,門別,えんどう豆生まれドリ(C4),1:17.8,3.5,晴,11.0,10.0,門別,3歳以上C4ー2,2:03.8,5.2,曇,15.0,6.0,,nar,2026-09-08,60.46,57.7,60.3,50.2,83.0,63.5,49.6,前走人気以上 / 履歴少 / 近走上向き / 市場オッズ妙味
202645090808,2026-09-08,8,グランフィエスタ,6.0,6.0,矢野貴之,56.0,,8.0,13.0,2新潟4,3歳未勝利,1:56.5,2.6,曇,10.0,7.0,2東京1,3歳未勝利,2:15.5,2.7,曇,6.0,8.0,2中山4,3歳未勝利,1:58.8,2.6,晴,16.0,12.0,1東京8,3歳未勝利,1:50.3,2.6,晴,,,,,,,,5.6,3.0,,nar,2026-09-08,43.22,35.9,54.6,0.0,66.0,51.9,48.8,前走人気以上 / 履歴少 / 近走上向き
202630090808,2026-09-08,8,ケイトバローズ,1.0,1.0,小川悠汰,52.0,,5.0,11.0,門別,3歳以上C4ー2,1:16.6,0.8,曇,7.0,7.0,門別,富良野ホップ炭酸水賞(C4),1:16.9,1.3,晴,7.0,10.0,門別,3歳以上C4ー2,1:16.7,1.8,曇,8.0,7.0,門別,ラベンダー特別(C4),2:05.5,5.9,雨,8.0,7.0,門別,北海道野菜王国にった(C4),1:55.2,2.7,晴,66.3,10.0,,nar,2026-09-08,55.08,54.9,65.2,30.4,65.0,57.2,46.3,前走人気以上 / 履歴少 / 人気以上に走る傾向 / 近走上向き
202647090808,2026-09-08,8,ケルティックハーツ,3.0,3.0,加藤聡一,57.0,,2.0,1.0,笠松,佐藤大介生誕8歳記念(C),1:32.0,0.4,晴,4.0,1.0,笠松,祝!67期独立乗務1(C),1:32.3,2.7,曇,3.0,3.0,笠松,カサブランカ特別(C),1:31.7,0.6,晴,1.0,1.0,笠松,ここ!笠松!AZKi(C),1:32.5,0.0,曇,12.0,5.0,大井,C3三 四,1:16.7,2.3,曇,2.4,2.0,,nar,2026-09-08,62.62,79.3,37.6,89.7,68.0,46.6,59.5,笠松実績 / 履歴少 / 近走上向き / 安定感
202630090808,2026-09-08,8,サマーブライド,2.0,2.0,金山昇馬,55.0,,7.0,4.0,門別,ネジバナ特別(C4),1:39.2,1.6,晴,7.0,2.0,門別,平取町軽種馬生産振興(C4),1:16.8,1.7,晴,2.0,3.0,門別,3歳以上C4ー2,1:15.7,1.1,晴,3.0,2.0,門別,3歳以上C4ー2,1:15.8,0.3,曇,5.0,2.0,水沢,C2二組,1:29.7,1.5,曇,19.2,7.0,,nar,2026-09-08,48.7,66.2,33.1,44.7,33.5,55.1,51.2,門別実績 / 履歴少 / 市場オッズ妙味
202647090808,2026-09-08,8,サンカグヤヒメ,4.0,4.0,東川慎,55.0,,6.0,5.0,笠松,藤城氏金無いけど50(C),1:33.3,0.9,晴,6.0,7.0,笠松,高野龍真生誕記念杯(C),1:33.6,2.1,晴,7.0,6.0,笠松,久世良輔&GGG来場(C),1:34.5,2.2,晴,9.0,10.0,笠松,C7組,1:48.0,3.2,晴,10.0,9.0,笠松,板取川特別(C),1:33.6,2.4,雨,35.5,8.0,,nar,2026-09-08,45.49,51.6,48.5,0.0,62.0,54.1,43.8,履歴少 / 市場オッズ妙味
202636090808,2026-09-08,8,シャイニーメイン,5.0,5.0,岩本怜,54.0,,6.0,5.0,盛岡,C2三組,1:28.0,1.7,曇,3.0,3.0,盛岡,C2三組,1:27.4,1.9,曇,3.0,3.0,盛岡,C2三組,1:29.7,0.9,曇,3.0,4.0,盛岡,C2四組,1:14.0,0.2,曇,6.0,8.0,盛岡,C2二組,1:27.7,2.3,曇,13.8,8.0,,nar,2026-09-08,58.27,74.2,50.3,59.3,36.5,64.6,48.8,履歴少 / 市場オッズ妙味
202647090808,2026-09-08,8,スプリングカム,2.0,2.0,阿部基嗣,54.0,,6.0,8.0,笠松,ポポちゃん可愛すぎ記(C),1:50.0,2.8,曇,6.0,6.0,笠松,尾丸ポルカ活動6周年(C),1:48.2,2.4,晴,7.0,7.0,笠松,FC岐阜キックオフイ,1:34.1,1.7,晴,4.0,11.0,笠松,見田村千晴さん笠馬X(C),1:31.8,1.6,晴,8.0,12.0,笠松,板取川特別(C),1:32.7,1.5,雨,32.7,7.0,,nar,2026-09-08,53.38,59.1,64.3,14.6,51.5,63.2,46.3,履歴少 / 市場オッズ妙味
202646090808,2026-09-08,8,スリーオウギ,1.0,1.0,甲賀弘隆,57.0,,4.0,8.0,金沢,祝ジーケー工業株式会(B2),1:33.7,1.4,晴,3.0,7.0,金沢,智聡&夏生☆結婚半年(B2),1:40.4,1.9,曇,8.0,9.0,金沢,夏野菜でおいしく水分(B2),1:33.4,2.0,晴,8.0,11.0,金沢,B23,1:40.1,2.2,晴,8.0,9.0,金沢,B23,1:42.7,3.1,晴,166.5,7.0,,nar,2026-09-08,63.04,63.7,70.7,55.3,66.5,62.0,49.6,前走人気以上 / 履歴少 / 人気以上に走る傾向 / 近走上向き
202646090808,2026-09-08,8,タントゥーム,3.0,3.0,鈴木太一,55.0,,10.0,11.0,名古屋,ベイスプリント(重賞),0:57.2,3.2,晴,5.0,4.0,金沢,能登復興支援木ノ浦海(B2),1:40.1,0.5,曇,7.0,7.0,金沢,新鮮野菜がいっぱい金(B2),1:33.1,0.9,晴,1.0,4.0,金沢,七尾祇園祭特別(C1),0:57.2,-0.1,雨,5.0,4.0,金沢,卯辰山特別(C1),0:57.5,0.9,晴,26.5,3.0,,nar,2026-09-08,50.33,57.3,52.7,49.8,17.0,57.6,55.3,金沢実績 / 履歴少 / 市場オッズ妙味
202636090808,2026-09-08,8,ダイビングヘッド,1.0,1.0,小林凌,54.0,,8.0,4.0,水沢,ジューンC(B2),2:08.2,3.5,曇,2.0,9.0,水沢,B2二組,1:44.4,0.0,晴,5.0,5.0,盛岡,夢・希望未来へ前進(B2),1:41.3,1.6,晴,,,水沢,エイプリルC(B2),,,曇,2.0,6.0,水沢,B2二組,1:43.5,0.2,晴,12.7,6.0,,nar,2026-09-08,56.99,69.4,57.7,55.0,20.0,66.5,54.0,水沢実績 / 履歴少 / 過小評価傾向 / 市場オッズ妙味
202647090808,2026-09-08,8,デルマレッドスター,1.0,1.0,塚本征吾,55.0,,7.0,4.0,笠松,ポポちゃん可愛すぎ記(C),1:50.3,3.1,曇,5.0,5.0,笠松,高野龍真生誕記念杯(C),1:33.4,1.9,晴,7.0,8.0,笠松,C7組,1:35.2,2.9,雨,3.0,1.0,笠松,大衆焼肉道楽2周年記(C),1:34.2,0.5,晴,4.0,5.0,笠松,鵜鮎特別(C),1:32.8,1.5,曇,26.8,6.0,,nar,2026-09-08,51.42,63.1,43.7,49.8,36.5,54.3,52.9,笠松実績 / 履歴少 / 市場オッズ妙味
202630090808,2026-09-08,8,トーケンナナ,8.0,7.0,吉本隆記,55.0,,6.0,7.0,門別,ネジバナ特別(C4),1:38.4,0.8,晴,4.0,9.0,門別,テッポウユリ特別(C4),1:45.6,0.7,晴,8.0,6.0,門別,門別音頭祭り特別(C4),1:53.9,3.8,曇,7.0,7.0,門別,グランシャリオドリー(C4),1:46.6,0.9,曇,4.0,10.0,門別,グランシャリオドリー(C4),1:39.5,0.6,晴,34.1,8.0,,nar,2026-09-08,55.73,61.3,62.4,35.3,48.5,61.2,49.6,履歴少 / 市場オッズ妙味
202646090808,2026-09-08,8,ナギサノバルコニー,7.0,7.0,柴田勇真,55.0,,1.0,1.0,金沢,C13,1:39.8,-0.3,晴,2.0,3.0,金沢,睦斗小学校入学&紬ほ(C1),1:33.5,0.3,曇,7.0,3.0,金沢,楽天競馬で馬券を買お(C1C2),0:57.6,1.3,曇,2.0,5.0,金沢,小田島ゴールインカッ(C2),1:34.0,0.7,曇,4.0,8.0,金沢,楽天競馬で馬券を買お(C2),1:34.5,0.8,曇,22.0,2.0,,nar,2026-09-08,67.76,84.9,52.2,80.2,66.5,58.9,56.2,金沢実績 / 履歴少 / 近走上向き / 安定感
202647090808,2026-09-08,8,ニシノステディミキ,5.0,5.0,深澤杏花,53.0,,7.0,6.0,笠松,藤城氏金無いけど50(C),1:33.5,1.1,晴,5.0,6.0,笠松,C12組,1:49.6,1.7,晴,12.0,6.0,笠松,見田村千晴さん笠馬X(C),1:34.4,4.2,晴,1.0,1.0,笠松,C級サバイバル,1:32.5,-0.9,曇,4.0,5.0,笠松,浪江祐次お誕生日記念(C),1:34.2,2.5,晴,10.6,4.0,,nar,2026-09-08,50.35,57.6,42.0,49.8,41.0,56.8,52.9,笠松実績 / 履歴少
202636090808,2026-09-08,8,ニューウォーク,3.0,3.0,佐々木志,54.0,,4.0,6.0,盛岡,B1,1:13.1,0.8,曇,4.0,7.0,盛岡,明神崎賞(B1),1:26.7,0.9,曇,10.0,8.0,盛岡,オーキッド賞(B1),1:25.8,1.8,曇,4.0,8.0,盛岡,カッパ淵賞(B1),1:25.8,1.0,晴,10.0,8.0,水沢,チャイナアスタ賞(B2),1:30.3,2.0,晴,3.1,2.0,,nar,2026-09-08,61.04,61.6,59.4,69.9,68.0,58.1,48.8,履歴少 / 近走上向き / 安定感
202645090808,2026-09-08,8,バブリーヒーロー,3.0,3.0,秋元耕成,54.0,,10.0,9.0,船橋,アレキサンドライトカ(OP)(3歳),1:56.1,4.6,曇,10.0,13.0,船橋,西瓜特別(3歳),1:39.6,2.2,曇,5.0,10.0,浦和,浦和競馬公式ファンク(3歳),1:37.9,1.5,晴,8.0,5.0,船橋,3歳 418〜,1:39.9,2.2,晴,2.0,4.0,川崎,3歳5,1:34.4,0.1,曇,103.9,8.0,,nar,2026-09-08,46.25,44.9,58.4,30.1,27.5,55.5,50.0,前走人気以上
202630090808,2026-09-08,8,パリコトパナナ,3.0,3.0,宮内勇樹,55.0,,2.0,5.0,門別,ネジバナ特別(C4),1:37.8,0.2,晴,9.0,11.0,門別,王冠賞〔H2〕(重賞),1:58.3,2.4,曇,8.0,11.0,門別,星雲賞〔H3〕(重賞),1:15.8,1.9,雨,9.0,8.0,門別,フロイラインカップ〔(重賞),1:55.2,3.6,曇,8.0,13.0,門別,フロイラインスプリン(重賞),1:16.2,2.8,曇,4.4,2.0,,nar,2026-09-08,59.52,55.4,66.6,30.4,89.0,62.5,49.3,クラス条件好転 / 前走人気以上 / 履歴少 / 人気以上に走る傾向
202647090808,2026-09-08,8,ビービーラフター,7.0,7.0,丸野勝虎,57.0,,5.0,1.0,笠松,藤城氏金無いけど50(C),1:33.2,0.8,晴,4.0,2.0,笠松,高野龍真生誕記念杯(C),1:33.1,1.6,晴,2.0,2.0,笠松,祝50歳第二章開幕!(C),1:33.1,0.2,晴,3.0,2.0,笠松,木之前葵騎手お誕生日(C),1:32.7,0.0,晴,9.0,4.0,笠松,幸さん所属おめでとう(C),1:34.7,2.3,雨,10.3,3.0,,nar,2026-09-08,57.98,73.8,33.4,89.7,47.0,52.1,56.2,笠松実績 / 履歴少 / 安定感
202636090808,2026-09-08,8,フォルトリアン,2.0,2.0,山本聡紀,54.0,,5.0,6.0,盛岡,C2二組,1:27.7,1.1,曇,7.0,2.0,盛岡,C2二組,1:28.5,2.8,晴,6.0,3.0,盛岡,C1四組,1:27.3,0.6,晴,4.0,5.0,盛岡,C1五組,1:27.8,1.4,曇,8.0,4.0,盛岡,C1四組,1:28.6,1.5,曇,13.5,7.0,,nar,2026-09-08,50.9,61.1,37.4,45.0,57.5,54.6,48.8,履歴少 / 市場オッズ妙味
202630090808,2026-09-08,8,ベストリュイール,4.0,4.0,藤田凌駕,54.0,,1.0,2.0,門別,3歳以上C4ー3,1:54.8,-0.1,曇,5.0,3.0,門別,3歳以上C4ー3,1:53.7,0.4,曇,5.0,7.0,門別,3歳以上C4ー3,1:16.9,0.4,曇,7.0,12.0,門別,フロイラインカップ〔(重賞),1:54.7,3.1,曇,5.0,7.0,門別,3歳以上C4ー3,1:17.4,1.4,晴,11.2,5.0,,nar,2026-09-08,69.29,75.4,58.0,85.4,77.0,65.5,56.2,門別実績 / 履歴少 / 近走上向き / 安定感
202630090808,2026-09-08,8,ベラジオカイザー,10.0,8.0,岩橋勇二,55.0,,8.0,6.0,門別,3歳以上C4ー2,1:17.2,2.0,曇,6.0,2.0,門別,3歳以上C4ー2,1:16.2,0.8,晴,15.0,4.0,2東京7,3歳未勝利,1:22.3,2.0,晴,12.0,1.0,1東京5,3歳新馬,1:30.6,3.6,晴,,,,,,,,5.3,3.0,,nar,2026-09-08,27.92,33.5,8.0,0.0,68.0,29.1,43.8,履歴少 / 近走上向き
202645090808,2026-09-08,8,ボンセレンシス,5.0,5.0,町田直希,57.0,,1.0,2.0,川崎,鶺鴒賞(3歳),1:37.2,-0.2,雨,7.0,8.0,川崎,ルビーフラワー賞(3歳C1),1:37.7,0.8,晴,9.0,3.0,川崎,ジュライフラワー賞(3歳C1),1:38.4,1.7,晴,3.0,5.0,川崎,ジューンフラワー賞(3歳),1:37.4,0.3,晴,2.0,9.0,川崎,アウラー賞(3歳),1:38.2,0.7,晴,7.9,6.0,,nar,2026-09-08,62.54,72.2,52.7,55.3,75.5,62.0,52.9,川崎実績 / 履歴少 / 近走上向き
202636090808,2026-09-08,8,マサノビジョン,4.0,4.0,塚本涼人,56.0,,8.0,7.0,盛岡,いわてくじ山形村短角(C1),1:27.5,1.2,曇,2.0,8.0,盛岡,C1四組,1:26.8,0.3,曇,5.0,8.0,盛岡,C2一組,1:27.6,1.5,晴,7.0,6.0,盛岡,C2一組,1:27.9,1.7,曇,1.0,7.0,盛岡,C2二組,1:27.4,-0.1,曇,12.4,5.0,,nar,2026-09-08,58.84,67.7,65.8,55.0,24.5,69.2,48.8,履歴少 / 人気以上に走る傾向 / 過小評価傾向 / 市場オッズ妙味
202630090808,2026-09-08,8,マッスルチャミー,5.0,5.0,阿部龍,55.0,,2.0,2.0,門別,テッポウユリ特別(C4),1:44.9,0.0,晴,3.0,3.0,門別,ゲラニウム特別(C4),1:38.2,0.7,曇,2.0,1.0,門別,3歳以上C4ー2,1:46.0,0.2,曇,5.0,1.0,門別,3歳以上C4ー2,1:16.1,0.6,晴,1.0,3.0,門別,3歳C440万円以下,1:14.9,-0.3,曇,2.6,1.0,,nar,2026-09-08,67.27,87.3,46.0,100.0,54.5,52.1,59.5,門別実績 / 履歴少 / 安定感
202647090808,2026-09-08,8,ミスターヨッシャー,6.0,6.0,大原浩司,57.0,,3.0,8.0,笠松,藤城氏金無いけど50(C),1:32.7,0.3,晴,7.0,6.0,笠松,高野龍真生誕記念杯(C),1:34.4,2.9,晴,6.0,7.0,笠松,久世良輔&GGG来場(C),1:34.0,1.7,晴,8.0,12.0,笠松,見田村千晴さん笠馬X(C),1:32.9,2.7,晴,4.0,4.0,笠松,束ねて折れない4つの(C),1:33.3,2.1,雨,13.6,5.0,,nar,2026-09-08,61.1,64.6,64.4,40.7,69.5,67.0,49.6,前走人気以上 / 履歴少 / 近走上向き / 過小評価傾向
202636090808,2026-09-08,8,ラグドール,7.0,7.0,坂井瑛音,55.0,,6.0,3.0,盛岡,C2一組,1:26.9,0.7,曇,2.0,4.0,盛岡,C2一組,1:26.4,0.0,晴,4.0,1.0,盛岡,C1,1:27.4,1.3,曇,9.0,1.0,盛岡,C1四組,1:27.4,0.7,晴,5.0,1.0,盛岡,C1四組,1:27.4,0.5,曇,8.7,3.0,,nar,2026-09-08,50.41,68.5,31.9,55.0,44.0,48.8,48.8,履歴少
202646090808,2026-09-08,8,リプレット,2.0,2.0,魚住謙心,55.0,,7.0,8.0,金沢,B22,1:34.0,1.9,晴,8.0,9.0,金沢,能登復興支援木ノ浦海(B2),1:40.7,1.1,曇,10.0,10.0,金沢,B22,1:35.4,3.7,晴,7.0,8.0,金沢,B22,1:36.0,2.4,晴,10.0,10.0,金沢,B22,1:34.2,2.8,曇,434.3,8.0,,nar,2026-09-08,44.29,42.8,54.9,0.0,60.5,53.5,43.8,履歴少
202646090808,2026-09-08,8,ルーンファクター,8.0,8.0,松戸政也,57.0,,1.0,1.0,金沢,長江崚行爆誕2026(C1),1:38.8,-0.5,晴,1.0,1.0,金沢,スマホで投票!楽天競(C2),1:31.6,-0.5,晴,1.0,1.0,金沢,C28,1:40.0,-0.7,晴,,12.0,3京都2,障害4歳以上未勝利,,,晴,10.0,11.0,1小倉8,障害4歳以上未勝利,3:25.3,9.4,晴,1.0,1.0,,nar,2026-09-08,67.99,91.3,50.8,75.1,68.0,50.8,59.5,金沢実績 / 履歴少 / 近走上向き / 安定感
202645090808,2026-09-08,8,ロイヤルタイム,8.0,8.0,石神深道,54.0,,13.0,14.0,2新潟5,3歳未勝利,1:58.7,3.4,晴,9.0,9.0,2福島5,3歳未勝利,1:48.9,2.1,曇,5.0,12.0,3東京5,3歳未勝利,1:37.7,1.6,雨,6.0,9.0,3東京2,3歳未勝利,1:40.2,1.0,曇,8.0,10.0,2東京9,3歳未勝利,2:14.6,2.1,曇,4.5,2.0,,nar,2026-09-08,43.72,36.9,66.3,19.8,14.0,60.1,50.0,人気以上に走る傾向
202636090808,2026-09-08,8,ロッソ,6.0,6.0,鈴木祐,56.0,,9.0,9.0,盛岡,B1三組,1:41.5,2.2,曇,8.0,8.0,盛岡,いわて北緯40度八幡(B1),1:42.7,2.3,晴,7.0,9.0,盛岡,親子で学ぶ!味覚とテ(B1),1:41.0,2.0,小雨,9.0,9.0,盛岡,B1二組,1:41.1,2.3,曇,1.0,7.0,佐賀,ギガンテウム賞,1:30.6,0.0,晴,10.9,4.0,,nar,2026-09-08,45.58,47.8,57.1,10.3,33.5,59.8,48.8,履歴少
202645090808,2026-09-08,8,ヴィスクレス,7.0,7.0,野畑凌,56.0,,8.0,7.0,2新潟3,3歳未勝利,1:13.9,1.9,曇,4.0,3.0,3東京4,3歳未勝利,1:19.1,0.6,晴,4.0,2.0,3東京2,3歳未勝利,1:19.6,1.3,曇,2.0,6.0,2東京7,3歳未勝利,1:19.7,0.3,晴,8.0,3.0,2東京2,3歳未勝利,1:20.9,1.9,晴,6.1,5.0,,nar,2026-09-08,51.89,65.3,43.8,59.3,29.0,54.4,48.8,履歴少
202645090808,2026-09-08,8,ヴルールドロワ,1.0,1.0,見越彬央,56.0,,13.0,12.0,大井,黒潮盃競走(重賞),1:56.5,2.5,雨,2.0,1.0,浦和,浦和競馬プロモーショ(3歳),1:30.8,1.3,晴,3.0,12.0,5阪神1,2歳未勝利,1:54.4,0.7,晴,15.0,9.0,3福島3,2歳未勝利,2:02.5,1.4,晴,4.0,6.0,4中京4,2歳新馬,2:05.0,0.3,晴,5.8,4.0,,nar,2026-09-08,47.0,48.6,53.9,55.0,8.0,56.4,50.0,総合評価
202646090809,2026-09-08,9,アイオラナキラ,2.0,2.0,加藤翔馬,55.0,,2.0,5.0,金沢,祝ジーケー工業株式会(B2),1:33.3,1.0,晴,5.0,9.0,金沢,新鮮野菜がいっぱい金(B2),1:32.7,0.5,晴,5.0,4.0,金沢,B23,1:41.3,1.7,晴,4.0,7.0,金沢,あづ聖誕つにてんてん(B2),1:33.3,1.3,曇,5.0,7.0,金沢,もりもり食べよう加賀(B2特別),1:39.8,0.9,雨,8.0,4.0,,nar,2026-09-08,72.53,76.5,66.5,100.0,66.5,66.0,59.5,金沢実績 / 前走人気以上 / 履歴少 / 人気以上に走る傾向
202645090809,2026-09-08,9,アイグレース,1.0,1.0,張田昂,54.0,,1.0,9.0,浦和,涼風特別(B2B3),0:47.1,-0.1,晴,8.0,7.0,浦和,七夕月特別(B2B3),0:48.1,1.0,曇,2.0,3.0,浦和,グリーンチャンネル開(B2B3),0:47.4,0.1,晴,11.0,11.0,浦和,マルチヒーロー特別(B2B3),1:29.8,2.6,曇,12.0,12.0,浦和,葉月特別(B1B2),1:37.1,3.4,晴,7.7,4.0,,nar,2026-09-08,65.02,63.7,66.7,50.2,93.5,63.9,50.0,前走人気以上 / 人気以上に走る傾向 / 近走上向き
202647090809,2026-09-08,9,アバンチュリエ,1.0,1.0,大原浩司,57.0,,5.0,6.0,笠松,B2組,1:31.4,0.5,晴,3.0,6.0,笠松,サスケ来場記念(B),1:46.3,2.3,晴,6.0,5.0,笠松,B2組,1:32.6,1.1,晴,4.0,8.0,笠松,ひこぼし特別(B),1:31.6,1.3,曇,7.0,8.0,笠松,五六川特別(B),2:10.7,2.6,曇,21.1,7.0,,nar,2026-09-08,62.45,69.9,60.8,69.9,50.0,61.5,52.9,笠松実績 / 履歴少 / 安定感 / 市場オッズ妙味
202630090809,2026-09-08,9,アルタティール,9.0,7.0,金山昇馬,57.0,,14.0,13.0,1函館8,3歳未勝利,2:02.8,1.4,曇,11.0,11.0,1函館6,3歳未勝利,2:41.4,2.1,晴,11.0,12.0,1新潟1,3歳未勝利,2:18.9,1.9,晴,5.0,14.0,1福島1,3歳未勝利,2:41.2,0.9,晴,15.0,16.0,2中山1,3歳未勝利,2:02.6,0.9,晴,3.7,1.0,,nar,2026-09-08,37.83,18.9,59.2,14.6,29.0,58.0,50.0,総合評価
202636090809,2026-09-08,9,エスクマ,4.0,4.0,大坪慎,56.0,,2.0,3.0,盛岡,立秋特別(A),1:38.8,0.6,晴,4.0,5.0,盛岡,ハヤテ特別(OP),1:25.3,0.1,曇,7.0,9.0,盛岡,小暑特別(A),1:39.0,0.7,曇,6.0,7.0,水沢,水無月特別(A),1:41.1,1.5,小雨,11.0,9.0,水沢,早池峰賞(重賞),1:31.4,3.1,曇,2.8,2.0,,nar,2026-09-08,61.03,68.0,56.2,55.3,80.0,56.3,43.8,履歴少 / 近走上向き
202645090809,2026-09-08,9,エターナルセイバー,2.0,2.0,伊藤裕人,54.0,,1.0,1.0,川崎,追風逐電賞(B3),0:54.7,-0.4,晴,1.0,9.0,川崎,奔逸絶塵賞(B2B3),0:54.1,-0.5,曇,3.0,7.0,川崎,流星光底賞(B3),0:55.3,0.2,曇,5.0,8.0,川崎,電光石火賞(B3),0:56.1,0.7,曇,5.0,9.0,川崎,千変万化賞(B3),0:55.1,0.8,曇,5.1,3.0,,nar,2026-09-08,78.44,88.9,75.4,100.0,65.0,69.3,59.5,川崎実績 / 履歴少 / 人気以上に走る傾向 / 近走上向き
202647090809,2026-09-08,9,カジカライズ,9.0,8.0,丸野勝虎,57.0,,6.0,2.0,笠松,B2組,1:32.2,1.3,晴,5.0,3.0,笠松,アサガオ特別(B),1:32.1,1.2,晴,1.0,1.0,笠松,B3組,1:30.2,-0.7,曇,5.0,4.0,笠松,水無月特別(B),1:47.2,1.8,晴,1.0,2.0,笠松,B5組,1:30.9,0.0,晴,3.9,2.0,,nar,2026-09-08,55.48,75.2,37.7,69.6,32.0,51.9,59.2,笠松実績 / クラス条件好転 / 履歴少 / 安定感
202630090809,2026-09-08,9,キタサンスーザン,7.0,6.0,藤田凌駕,54.0,,4.0,5.0,門別,オニユリ特別(C4),2:01.2,2.0,晴,7.0,5.0,門別,ネモフィラ特別(C4),2:01.9,2.1,晴,2.0,4.0,門別,ラベンダー特別(C4),2:00.1,0.5,雨,5.0,8.0,門別,アヤメ特別(C4),1:53.4,1.0,晴,9.0,10.0,門別,グランシャリオドリー(C4),2:01.1,2.8,曇,23.2,9.0,,nar,2026-09-08,60.91,67.9,55.2,64.7,60.5,59.5,52.9,門別実績 / 履歴少 / 安定感 / 市場オッズ妙味
202647090809,2026-09-08,9,キングオブワールド,7.0,7.0,塚本征吾,57.0,,2.0,3.0,笠松,B2組,1:30.9,0.0,晴,2.0,2.0,笠松,B3組,1:31.7,0.1,晴,5.0,3.0,笠松,B3組,1:46.3,1.6,晴,3.0,1.0,笠松,B3組,1:45.9,0.0,晴,8.0,1.0,笠松,かがり火特別(B),1:31.8,1.4,曇,2.7,1.0,,nar,2026-09-08,63.72,81.1,42.3,89.7,65.0,47.7,56.2,笠松実績 / 履歴少 / 近走上向き / 安定感
202630090809,2026-09-08,9,クールカグラ,1.0,1.0,服部茂史,55.0,,5.0,3.0,門別,ネモフィラ特別(C4),2:01.0,1.2,晴,3.0,3.0,門別,ラベンダー特別(C4),2:00.4,0.8,雨,4.0,4.0,門別,北海道野菜王国にった(C4),1:53.7,1.2,晴,4.0,5.0,門別,グランシャリオドリー(C4),2:00.1,1.8,曇,1.0,2.0,門別,3歳以上C4ー3,1:53.1,-0.1,晴,13.6,7.0,,nar,2026-09-08,64.31,78.0,47.5,100.0,38.0,61.1,59.5,門別実績 / 履歴少 / 安定感 / 市場オッズ妙味
202630090809,2026-09-08,9,グラムエッジ,5.0,5.0,小野楓馬,57.0,,6.0,8.0,2新潟4,3歳未勝利,1:56.2,2.3,曇,6.0,5.0,2東京9,3歳未勝利,2:14.3,1.8,曇,7.0,5.0,2中山7,3歳未勝利,1:57.1,0.5,晴,12.0,8.0,1中山4,3歳新馬,1:59.8,3.9,晴,,,,,,,,5.0,2.0,,nar,2026-09-08,44.66,50.4,45.2,0.0,64.0,51.1,48.8,履歴少
202647090809,2026-09-08,9,サンセットカラー,5.0,5.0,深澤杏花,53.0,,8.0,6.0,笠松,残暑特別(B),1:46.9,1.8,晴,4.0,5.0,笠松,スマホで投票!楽天競(AB),1:31.2,0.2,晴,3.0,6.0,笠松,B2組,1:32.0,0.5,晴,5.0,7.0,笠松,ひこぼし特別(B),1:31.6,1.3,曇,7.0,6.0,笠松,花撫子特別(A),1:31.8,2.6,雨,18.6,6.0,,nar,2026-09-08,55.74,64.2,53.0,59.3,30.5,64.2,52.9,笠松実績 / 履歴少 / 市場オッズ妙味
202636090809,2026-09-08,9,シックザイン,5.0,5.0,村上忍,56.0,,3.0,1.0,盛岡,C2四組,1:28.3,0.6,曇,1.0,1.0,水沢,C1五組,1:26.7,-1.1,雨,1.0,1.0,水沢,C2四組,1:30.4,-1.3,晴,3.0,3.0,水沢,B2一組,1:42.5,0.1,曇,10.0,16.0,3福島5,福島放送賞(2勝クラス),1:10.0,1.3,晴,2.1,1.0,,nar,2026-09-08,66.98,85.4,50.1,89.7,54.5,55.8,59.5,水沢実績 / 履歴少 / 安定感
202647090809,2026-09-08,9,シュプリームアロー,8.0,8.0,筒井勇介,57.0,,6.0,2.0,笠松,スマホで投票!楽天競(AB),1:31.6,0.6,晴,2.0,3.0,笠松,B2組,1:31.6,0.1,晴,8.0,8.0,笠松,B2組,1:32.0,1.6,曇,3.0,4.0,笠松,風待月特別(AB),1:32.5,0.9,晴,2.0,1.0,笠松,B3組,1:46.3,0.1,曇,6.2,4.0,,nar,2026-09-08,54.27,71.6,43.5,49.8,36.5,55.8,55.9,笠松実績 / クラス条件好転 / 履歴少
202647090809,2026-09-08,9,ジョリーメモリー,2.0,2.0,馬渕繁治,57.0,,7.0,7.0,笠松,B2組,1:32.9,2.0,晴,8.0,4.0,笠松,スマホで投票!楽天競(AB),1:32.2,1.2,晴,4.0,4.0,笠松,B2組,1:32.0,0.5,晴,2.0,3.0,笠松,糸貫川特別(B),1:45.0,0.7,曇,7.0,7.0,笠松,風待月特別(AB),1:33.0,1.4,晴,21.2,8.0,,nar,2026-09-08,48.74,60.6,44.0,34.3,39.5,52.8,49.6,履歴少 / 市場オッズ妙味
202645090809,2026-09-08,9,スカイブルー,3.0,3.0,増田充宏,56.0,,8.0,6.0,川崎,神奈川の水がめ「やま(B1B2),0:56.1,2.0,晴,12.0,11.0,川崎,夏至光特別(B2),1:48.3,4.1,晴,9.0,6.0,川崎,要潤さん川崎競馬公式(B2),1:34.8,4.7,晴,12.0,7.0,1新潟8,4歳以上1勝クラス,1:10.8,0.7,曇,13.0,7.0,2阪神3,4歳以上1勝クラス,1:13.4,1.7,雨,132.5,10.0,,nar,2026-09-08,33.18,25.6,30.4,0.0,71.0,39.9,46.0,クラス条件好転 / 履歴少 / 近走上向き
202645090809,2026-09-08,9,タツノキングオー,8.0,7.0,佐野遥久,56.0,,9.0,2.0,船橋,松戸スプリント(B2),1:15.4,1.5,晴,3.0,3.0,船橋,スノードロップスプリ(B2),1:14.9,0.7,晴,2.0,3.0,船橋,ネリネスプリント(B3),1:13.7,0.6,晴,5.0,7.0,大井,優駿スプリント競走(重賞),1:12.8,0.5,晴,1.0,2.0,船橋,シトリンスプリント(B3),1:13.4,-1.0,晴,8.6,5.0,,nar,2026-09-08,51.84,70.3,39.3,69.6,12.5,57.2,48.8,履歴少 / 安定感
202645090809,2026-09-08,9,タツノマッハ,9.0,8.0,山林堂信,56.0,,7.0,7.0,川崎,神奈川の水がめ「やま(B1B2),0:55.9,1.8,晴,11.0,10.0,川崎,千軍万馬賞(B2B3),0:58.8,4.6,曇,8.0,9.0,川崎,かわさきジャズ202(B2B3),0:55.9,1.0,曇,7.0,8.0,川崎,山紫水明賞(B2),0:55.9,1.3,晴,8.0,11.0,川崎,一騎当千賞(B1B2),0:54.9,1.0,晴,120.5,9.0,,nar,2026-09-08,43.28,41.6,52.8,0.0,59.0,53.5,43.8,履歴少
202646090809,2026-09-08,9,タンジェントアーク,7.0,7.0,柴田勇真,57.0,,9.0,10.0,金沢,能登復興支援七ツ島特(B2),1:40.3,1.4,晴,5.0,6.0,金沢,高島美稀お誕生日記念(B1特別),1:39.7,1.0,曇,3.0,6.0,金沢,新鮮野菜がいっぱい金(B2),1:32.5,0.3,晴,10.0,3.0,金沢,B23,1:41.9,4.0,晴,2.0,2.0,金沢,B24,1:41.4,0.9,曇,15.8,7.0,,nar,2026-09-08,52.24,58.1,50.9,55.0,26.0,60.4,55.9,金沢実績 / クラス条件好転 / 履歴少 / 市場オッズ妙味
202636090809,2026-09-08,9,ディーヴァドリーム,6.0,6.0,山本聡紀,54.0,,1.0,1.0,盛岡,C2六組,1:13.0,-0.4,晴,4.0,2.0,盛岡,C2六組,1:27.8,2.2,晴,1.0,1.0,盛岡,C2七組,1:14.3,-0.9,曇,1.0,1.0,水沢,C2十組,1:23.2,-0.1,晴,3.0,9.0,大井,C2九 十11(C2十),1:45.0,1.4,曇,9.3,4.0,,nar,2026-09-08,70.66,92.4,50.9,100.0,57.5,62.1,50.0,安定感
202630090809,2026-09-08,9,トップオブザキング,8.0,6.0,小川悠汰,54.0,,7.0,2.0,門別,オニユリ特別(C4),2:01.8,2.6,晴,14.0,14.0,2福島3,3歳未勝利,2:41.9,2.7,曇,8.0,10.0,2東京11,3歳未勝利,2:26.2,1.6,晴,7.0,9.0,2東京3,3歳未勝利,2:01.4,1.1,晴,13.0,15.0,1福島5,3歳未勝利,1:50.2,3.5,晴,6.6,4.0,,nar,2026-09-08,40.95,32.5,45.6,0.0,71.0,52.8,50.0,近走上向き
202645090809,2026-09-08,9,トーセンヴィオラ,6.0,6.0,見越彬央,56.0,,7.0,4.0,船橋,オーガストダッシュ(B2B3),1:02.1,1.0,曇,5.0,7.0,浦和,涼風特別(B2B3),0:47.5,0.4,晴,6.0,9.0,大井,小石川賞競走(B1B2),1:42.6,1.5,曇,6.0,3.0,川崎,梅雨明かり特別(B2),1:46.3,2.9,晴,5.0,6.0,大井,レグルス賞競走(B2),1:27.3,0.3,晴,16.7,7.0,,nar,2026-09-08,51.23,60.4,48.9,35.3,41.0,59.0,51.8,クラス条件好転 / 履歴少 / 市場オッズ妙味
202630090809,2026-09-08,9,ニットウアイアン,10.0,7.0,黒澤愛斗,57.0,,5.0,9.0,門別,グランシャリオドリー(C4),1:52.3,0.9,晴,1.0,4.0,門別,3歳以上C4ー3,1:53.3,-0.2,曇,9.0,6.0,門別,3歳以上C4ー3,1:17.9,1.4,曇,5.0,6.0,門別,3歳以上C4ー3,1:54.9,1.2,晴,4.0,8.0,門別,3歳以上C4ー3,1:17.4,1.4,晴,56.0,12.0,,nar,2026-09-08,64.35,70.5,63.5,80.2,48.5,59.4,56.2,門別実績 / 前走人気以上 / 履歴少 / 安定感
202645090809,2026-09-08,9,バッファローライズ,10.0,8.0,町田直希,56.0,,6.0,4.0,川崎,スパーキングスプリン(OP)(4歳),0:54.5,1.6,晴,1.0,2.0,川崎,星雲疾駆賞(B2),0:53.8,-0.2,晴,3.0,1.0,川崎,抜山蓋世賞(B2),0:54.6,0.3,晴,5.0,1.0,川崎,唯我独尊賞(B2),0:55.6,1.0,晴,2.0,2.0,川崎,クイック時計修理新春(B1B2),0:54.5,0.1,晴,2.6,1.0,,nar,2026-09-08,56.49,79.2,40.6,69.6,30.5,49.5,56.2,川崎実績 / 履歴少 / 安定感
202646090809,2026-09-08,9,ピカピカピロコ,6.0,6.0,中島龍也,55.0,,6.0,4.0,金沢,石川門C(3歳),1:32.4,1.0,晴,4.0,5.0,金沢,金沢城鼠多門賞【サラ(重賞),2:08.6,1.3,晴,1.0,1.0,金沢,ダッシュダッシュいの(C1特別),1:40.8,-1.0,曇,7.0,5.0,金沢,石川優駿(重賞),2:18.3,2.9,曇,5.0,6.0,金沢,北日本新聞杯【石川優(重賞),1:56.2,1.9,晴,2.1,1.0,,nar,2026-09-08,55.14,71.6,46.2,55.0,39.5,51.9,54.3,金沢実績 / クラス条件好転
202645090809,2026-09-08,9,ピーエムナナ,4.0,4.0,本橋孝太,54.0,,9.0,8.0,川崎,涼風特別(B2),1:46.5,2.9,晴,3.0,4.0,川崎,夏紅特別(B3二),1:31.1,0.3,晴,5.0,9.0,川崎,川崎記念3連覇ホッコ(B2B3),1:37.6,0.7,晴,8.0,4.0,川崎,萌え野特別(B2),1:37.0,1.2,曇,11.0,4.0,川崎,湘南オリーブオイル杯(B2),1:32.6,2.4,晴,14.3,6.0,,nar,2026-09-08,48.75,53.8,46.0,44.7,36.5,56.8,49.6,履歴少 / 市場オッズ妙味
202636090809,2026-09-08,9,フイノマジワリ,3.0,3.0,高橋悠里,54.0,,7.0,7.0,盛岡,フェアリーC(重賞),1:53.9,0.7,曇,7.0,5.0,盛岡,夢・希望未来へ前進(B1),1:39.1,0.5,曇,7.0,3.0,盛岡,浜木綿賞(B1),1:39.2,1.2,晴,10.0,2.0,水沢,夢・希望未来へ前進(B1),1:44.5,1.7,晴,8.0,2.0,川崎,草笛特別(B2),1:36.4,1.3,晴,7.3,3.0,,nar,2026-09-08,37.49,47.7,28.5,0.0,56.0,40.8,48.8,履歴少
202646090809,2026-09-08,9,フェイマスグラース,5.0,5.0,吉田晃浩,55.0,,1.0,9.0,金沢,邑知潟特別(B2),1:34.7,-0.1,晴,8.0,6.0,金沢,3月22日はばんえい(B1),1:43.8,2.4,晴,11.0,7.0,金沢,B23,1:30.4,2.1,雨,5.0,4.0,金沢,楽天ポイントで馬券が(B2),1:29.9,1.1,晴,2.0,4.0,金沢,B24,1:30.3,1.3,雨,6.7,3.0,,nar,2026-09-08,62.44,64.7,58.4,55.3,83.0,60.0,52.9,金沢実績 / 前走人気以上 / 履歴少 / 近走上向き
202646090809,2026-09-08,9,フラッシュフリーズ,3.0,3.0,甲賀弘隆,55.0,,3.0,2.0,金沢,B22,1:32.4,0.3,晴,4.0,8.0,金沢,高橋家&西村家★結婚(B1特別),1:39.5,0.7,曇,4.0,9.0,金沢,B23,1:39.1,1.2,晴,4.0,5.0,金沢,B23,1:41.0,1.4,晴,6.0,10.0,金沢,シビル30周年記念杯(B2),1:33.5,1.1,曇,8.4,5.0,,nar,2026-09-08,70.47,76.8,65.7,89.7,59.0,67.5,59.2,金沢実績 / クラス条件好転 / 履歴少 / 人気以上に走る傾向
202630090809,2026-09-08,9,ベルケム,12.0,8.0,亀井洋司,57.0,,2.0,4.0,門別,オニユリ特別(C4),2:00.2,1.0,晴,3.0,4.0,門別,ネモフィラ特別(C4),2:00.7,0.9,晴,8.0,10.0,門別,王冠賞〔H2〕(重賞),1:58.3,2.4,曇,1.0,2.0,門別,3歳以上C4ー3,1:48.0,-0.3,曇,3.0,4.0,門別,3歳以上C4ー3,1:54.6,0.9,晴,7.2,5.0,,nar,2026-09-08,68.48,80.9,60.5,80.2,60.5,63.0,56.2,門別実績 / 履歴少 / 安定感
202630090809,2026-09-08,9,ホウオウプラージュ,6.0,5.0,岩橋勇二,55.0,,6.0,6.0,門別,オニユリ特別(C4),2:01.8,2.6,晴,6.0,7.0,門別,ネモフィラ特別(C4),2:01.8,2.0,晴,9.0,5.0,門別,門別音頭祭り特別(C4),1:54.6,4.5,曇,6.0,5.0,門別,ラベンダー特別(C4),2:04.2,4.6,雨,4.0,6.0,門別,アヤメ特別(C4),1:53.4,1.0,晴,38.2,11.0,,nar,2026-09-08,46.66,56.9,46.6,10.3,51.5,53.4,46.3,履歴少 / 市場オッズ妙味
202630090809,2026-09-08,9,ホウオウミンスター,2.0,2.0,落合玄太,57.0,,5.0,6.0,2京都2,3歳新馬,1:27.7,0.5,晴,,,,,,,,,,,,,,,,,,,,,,,,,,,,,6.6,3.0,,nar,2026-09-08,42.57,44.6,42.2,36.3,40.6,41.7,48.8,履歴少 / サンプル少
202645090809,2026-09-08,9,ポッドレオ,5.0,5.0,古岡勇樹,56.0,,5.0,5.0,川崎,神奈川の水がめ「やま(B1B2),0:54.8,0.7,晴,7.0,8.0,川崎,奔逸絶塵賞(B2B3),0:55.3,1.2,曇,7.0,7.0,川崎,うまさ鉄板!菜速あや(B1B2),0:55.1,0.8,晴,5.0,11.0,船橋,半夏生スプリント(B2),1:15.5,1.3,曇,4.0,5.0,川崎,千軍万馬賞(B2B3),0:54.8,0.6,曇,25.3,8.0,,nar,2026-09-08,58.24,61.7,58.6,55.3,54.5,61.5,51.2,川崎実績 / 履歴少 / 市場オッズ妙味
202647090809,2026-09-08,9,マイネルジュリアン,4.0,4.0,阿部基嗣,56.0,,9.0,9.0,笠松,残暑特別(B),1:47.9,2.8,晴,7.0,8.0,笠松,蛍光特別(B),1:32.5,2.7,晴,2.0,7.0,金沢,C14,1:33.3,0.9,曇,3.0,9.0,金沢,ダッシュダッシュいの(C1特別),1:42.3,1.5,曇,3.0,7.0,金沢,九谷焼特別(C1),0:57.6,1.8,曇,62.8,9.0,,nar,2026-09-08,54.79,63.0,67.7,44.7,18.5,63.9,43.8,履歴少 / 人気以上に走る傾向
202630090809,2026-09-08,9,マッキュラシオン,3.0,3.0,宮内勇樹,57.0,,2.0,7.0,門別,グランシャリオドリー(C4),1:52.1,0.7,晴,4.0,5.0,門別,富良野ホップ炭酸水賞(C4),1:16.2,0.6,晴,4.0,2.0,門別,グランシャリオドリー(C4),1:16.0,1.1,雨,7.0,4.0,門別,3歳以上C4ー2,1:16.3,0.8,晴,2.0,4.0,門別,3歳以上C4ー2,1:16.2,0.0,曇,16.2,8.0,,nar,2026-09-08,68.59,79.0,58.0,85.4,63.5,65.9,54.5,門別実績 / 前走人気以上 / 安定感 / 過小評価傾向
202647090809,2026-09-08,9,マルヨファーザ,3.0,3.0,東川慎,55.0,,4.0,8.0,笠松,処暑特別(B),1:30.9,0.3,晴,4.0,7.0,笠松,蛍光特別(B),1:31.2,1.4,晴,8.0,8.0,笠松,アサガオ特別(B),1:33.6,2.7,晴,9.0,4.0,笠松,ひこぼし特別(B),1:32.4,2.1,曇,5.0,4.0,笠松,花撫子特別(A),1:30.7,1.5,雨,10.6,5.0,,nar,2026-09-08,61.01,63.0,57.9,65.7,65.0,60.7,52.9,笠松実績 / 前走人気以上 / 履歴少 / 近走上向き
202630090809,2026-09-08,9,ミラコレジェンヌ,11.0,8.0,松井伸也,55.0,,7.0,6.0,門別,グランシャリオドリー(C4),1:16.4,0.7,晴,6.0,4.0,門別,3歳以上C4ー2,1:16.4,1.5,曇,6.0,2.0,門別,北海道野菜王国にった(C4),1:54.7,2.2,晴,4.0,9.0,大井,C3一 二三(C3二),1:15.0,0.4,晴,7.0,3.0,大井,C3一,2:01.3,2.2,曇,28.6,10.0,,nar,2026-09-08,44.74,59.1,41.1,14.6,42.5,50.8,43.8,履歴少 / 市場オッズ妙味
202646090809,2026-09-08,9,ミラコロヴァーグ,1.0,1.0,田知弘久,57.0,,2.0,6.0,金沢,B22,1:32.1,0.0,晴,6.0,8.0,金沢,能登復興支援木ノ浦海(B2),1:40.3,0.7,曇,6.0,8.0,金沢,B22,1:33.4,1.7,晴,1.0,2.0,金沢,愛☆日本一のウマ男祝(C1特別),1:41.6,-0.7,曇,5.0,4.0,金沢,九谷焼特別(C1),0:57.6,1.8,曇,4.7,2.0,,nar,2026-09-08,65.38,76.4,65.1,55.3,65.0,61.8,52.9,金沢実績 / 前走人気以上 / 履歴少 / 人気以上に走る傾向
202636090809,2026-09-08,9,モンサンイルベント,2.0,2.0,菅原辰徳,56.0,,6.0,10.0,盛岡,岩手ビッグブルズシー(C1),1:39.2,0.4,曇,3.0,10.0,盛岡,C1二組,1:39.9,0.4,曇,1.0,11.0,盛岡,C1四組,1:26.7,-0.4,晴,10.0,8.0,盛岡,ロス・トランキーロス(C1),1:28.2,2.9,曇,5.0,9.0,盛岡,C1四組,1:28.1,1.0,曇,31.6,8.0,,nar,2026-09-08,66.66,70.0,85.4,55.0,42.5,71.2,48.8,前走人気以上 / 履歴少 / 人気以上に走る傾向 / 過小評価傾向
202636090809,2026-09-08,9,ヤマノマタカ,8.0,8.0,坂井瑛音,55.0,,3.0,8.0,盛岡,リギル賞(C1),1:27.0,0.6,曇,5.0,6.0,盛岡,C1,1:27.6,0.6,曇,5.0,9.0,盛岡,C1二組,1:39.1,0.3,曇,4.0,6.0,盛岡,ロス・トランキーロス(C1),1:27.3,2.0,曇,4.0,5.0,盛岡,C2一組,1:27.1,0.2,晴,24.1,7.0,,nar,2026-09-08,70.94,74.9,70.7,100.0,59.0,64.8,48.8,前走人気以上 / 履歴少 / 人気以上に走る傾向 / 安定感
202647090809,2026-09-08,9,ヨーコマイラヴ,6.0,6.0,松本一心,55.0,,7.0,1.0,笠松,処暑特別(B),1:31.9,1.3,晴,1.0,4.0,笠松,WEB特別番組配信中,1:29.7,-0.8,曇,7.0,6.0,笠松,ひこぼし特別(B),1:31.7,1.4,曇,1.0,6.0,笠松,B5組,1:31.9,-0.1,晴,6.0,5.0,笠松,B5組,1:31.8,0.9,晴,5.0,3.0,,nar,2026-09-08,52.09,71.8,45.5,39.5,30.5,55.1,49.6,履歴少
202630090809,2026-09-08,9,ラブレガル,4.0,4.0,渡辺準己,54.0,,3.0,3.0,門別,オニユリ特別(C4),2:01.1,1.9,晴,2.0,6.0,門別,ネモフィラ特別(C4),2:00.5,0.7,晴,4.0,3.0,門別,門別音頭祭り特別(C4),1:52.3,2.2,曇,4.0,2.0,門別,ラベンダー特別(C4),2:00.4,0.8,雨,3.0,6.0,門別,北海道野菜王国にった(C4),1:53.5,1.0,晴,12.5,6.0,,nar,2026-09-08,69.68,83.2,55.7,100.0,51.5,63.3,59.5,門別実績 / 履歴少 / 安定感 / 市場オッズ妙味
202645090809,2026-09-08,9,ラヴォミ,7.0,7.0,岡村健司,54.0,,3.0,2.0,川崎,奔逸絶塵賞(B2B3),0:54.7,0.6,曇,2.0,3.0,川崎,千軍万馬賞(B2B3),0:54.7,0.5,曇,5.0,8.0,川崎,紫電一閃賞(B2),0:55.2,1.0,曇,6.0,8.0,川崎,星雲疾駆賞(B2),0:54.6,0.8,晴,6.0,6.0,川崎,抜山蓋世賞(B2),0:55.2,0.9,晴,4.2,2.0,,nar,2026-09-08,64.78,76.9,55.8,75.1,60.5,59.4,52.9,川崎実績 / 履歴少 / 安定感
202636090809,2026-09-08,9,ロンディネ,7.0,7.0,高松亮,54.0,,1.0,1.0,盛岡,C2七組,1:13.8,-0.8,曇,3.0,1.0,盛岡,C2七組,1:13.7,1.0,曇,1.0,1.0,盛岡,C2八組,1:14.3,-0.3,曇,12.0,8.0,川崎,C2五,1:36.4,4.8,曇,3.0,5.0,川崎,C3一 二,1:33.5,0.7,晴,20.4,6.0,,nar,2026-09-08,64.82,81.5,43.9,85.4,72.5,53.7,50.0,近走上向き / 安定感 / 市場オッズ妙味
202636090809,2026-09-08,9,ワイドカイゼリン,1.0,1.0,関本玲花,52.0,,7.0,8.0,盛岡,B1三組,1:40.3,1.0,曇,6.0,7.0,盛岡,いわて北緯40度八幡(B1),1:42.3,1.9,晴,9.0,6.0,盛岡,親子で学ぶ!味覚とテ(B1),1:41.7,2.7,小雨,8.0,8.0,盛岡,B1二組,1:41.0,2.2,曇,9.0,6.0,盛岡,カッパ淵賞(B1),1:26.9,2.1,晴,16.7,5.0,,nar,2026-09-08,43.84,48.0,47.6,0.0,56.0,52.8,48.8,履歴少 / 市場オッズ妙味
202646090809,2026-09-08,9,ヴィントシュティレ,4.0,4.0,栗原大河,55.0,,7.0,4.0,金沢,能登復興支援七ツ島特(B2),1:39.9,1.0,晴,1.0,4.0,金沢,最高の推し!真白生誕(B2),1:39.7,-0.2,晴,5.0,6.0,金沢,能登復興支援高爪山賞(B2),1:32.4,0.6,曇,3.0,3.0,金沢,C13,1:33.7,1.6,曇,10.0,10.0,川崎,スクルド賞(C1),2:18.6,3.1,曇,9.6,6.0,,nar,2026-09-08,56.93,69.3,50.2,59.3,36.5,60.3,55.3,金沢実績 / 履歴少
202647090810,2026-09-08,10,アンテナラスト,4.0,4.0,大原浩司,55.0,,4.0,3.0,笠松,残暑特別(B),1:45.5,0.4,晴,3.0,5.0,笠松,蛍光特別(B),1:30.9,1.1,晴,6.0,6.0,笠松,ヒルガオ特別(B),1:45.9,1.5,晴,8.0,3.0,笠松,ひこぼし特別(B),1:32.0,1.7,曇,2.0,7.0,笠松,濃姫特別(B),1:30.3,0.8,曇,18.1,9.0,,nar,2026-09-08,60.84,71.8,49.9,65.7,54.5,64.6,52.9,笠松実績 / 履歴少 / 安定感 / 市場オッズ妙味
202630090810,2026-09-08,10,イチリュウオー,9.0,7.0,藤田凌駕,56.0,,3.0,10.0,門別,グランシャリオドリー(C4),1:52.2,0.8,晴,4.0,9.0,門別,ネモフィラ特別(C4),2:00.8,1.0,晴,7.0,9.0,門別,門別音頭祭り特別(C4),1:53.2,3.1,曇,7.0,9.0,門別,3歳以上C4ー2,1:17.6,2.1,曇,9.0,8.0,門別,道産子ポイントガード(C4),1:17.9,2.1,晴,37.8,7.0,,nar,2026-09-08,66.96,66.1,77.7,55.3,72.5,66.0,52.3,クラス条件好転 / 前走人気以上 / 人気以上に走る傾向 / 近走上向き
202647090810,2026-09-08,10,エイシンタヴェルナ,8.0,7.0,筒井勇介,55.0,,1.0,2.0,笠松,B9・C2組(BC),1:31.6,-0.4,曇,2.0,2.0,笠松,C2組,1:29.4,0.6,晴,2.0,2.0,笠松,流研一セカンドライフ(C),1:30.8,0.2,晴,2.0,4.0,笠松,馬瀬川特別(C),1:45.1,0.1,晴,4.0,3.0,笠松,C3組,1:45.7,2.0,雨,4.9,3.0,,nar,2026-09-08,71.96,92.8,53.4,100.0,59.0,58.1,59.5,笠松実績 / 履歴少 / 安定感
202630090810,2026-09-08,10,エナジーイッセイ,1.0,1.0,阿部龍,55.0,,10.0,7.0,門別,3歳以上C4ー2,1:17.7,1.9,曇,8.0,3.0,門別,富良野ホップ炭酸水賞(C4),1:17.1,1.5,晴,6.0,7.0,船橋,ナティレイン特別(3歳未格),1:47.3,3.9,曇,14.0,12.0,3京都11,3歳未勝利,1:57.5,4.0,晴,7.0,5.0,1京都1,3歳新馬,1:57.9,2.7,晴,37.8,6.0,,nar,2026-09-08,33.86,36.7,32.8,0.0,42.5,44.5,43.8,履歴少
202636090810,2026-09-08,10,オムブラーヴ,4.0,4.0,高橋悠里,56.0,,8.0,7.0,盛岡,C1四組,1:27.6,1.1,曇,1.0,1.0,盛岡,C2三組,1:27.9,-0.2,晴,1.0,4.0,盛岡,C2五組,1:27.7,-0.3,曇,7.0,8.0,盛岡,C2三組,1:28.0,0.7,曇,9.0,4.0,盛岡,C2六組,1:15.6,1.4,曇,26.0,8.0,,nar,2026-09-08,52.7,69.4,49.4,44.7,29.0,55.0,48.8,履歴少 / 市場オッズ妙味
202645090810,2026-09-08,10,カズヤ,12.0,7.0,和田譲治,55.0,,2.0,3.0,川崎,日本刀賞(C1),1:36.5,0.2,晴,1.0,1.0,川崎,ファイナルアンサー賞(C1),1:37.0,-0.7,曇,10.0,9.0,川崎,ジュライフラワー賞(3歳C1),1:38.6,1.9,晴,7.0,2.0,川崎,青葉木菟特別(3歳),1:39.0,2.2,晴,13.0,8.0,川崎,椿(OP)(3歳),1:52.1,7.2,晴,15.3,7.0,,nar,2026-09-08,58.13,66.4,42.0,55.3,84.5,55.1,49.6,履歴少 / 近走上向き / 市場オッズ妙味
202646090810,2026-09-08,10,カノアレディー,1.0,1.0,柴田勇真,55.0,,1.0,1.0,金沢,航ニ朗お誕生日おめで(B2),1:39.0,-0.2,晴,1.0,1.0,金沢,能登復興支援禄剛崎特(C2),1:33.5,-0.3,晴,1.0,1.0,金沢,祝!雅也&里佳ブライ(C2),1:33.6,-1.6,晴,2.0,2.0,金沢,C28,1:40.7,0.7,晴,11.0,8.0,大井,C2九 十11(C2十),1:32.7,3.2,曇,4.4,2.0,,nar,2026-09-08,69.13,90.6,47.8,89.7,66.5,54.4,59.5,金沢実績 / 履歴少 / 近走上向き / 安定感
202645090810,2026-09-08,10,ガジュノリホワイト,5.0,4.0,Ｆ．ゴン,56.0,,1.0,2.0,名古屋,薄暑大空特別(A),2:12.5,-0.8,晴,4.0,5.0,名古屋,アースデイ特別(A),1:50.1,0.7,曇,5.0,4.0,名古屋,阿野一里塚特別(A),1:51.5,2.0,晴,2.0,2.0,名古屋,アルゲティ特別(B),1:51.7,0.2,曇,1.0,2.0,名古屋,幸福祈願賞(B),1:51.5,-0.3,晴,13.3,6.0,,nar,2026-09-08,70.04,86.5,53.2,100.0,62.0,62.3,48.8,履歴少 / 安定感 / 市場オッズ妙味
202636090810,2026-09-08,10,キッカケ,8.0,8.0,大坪慎,54.0,,4.0,7.0,盛岡,チックウィード賞(B2),1:27.7,0.9,晴,5.0,2.0,盛岡,B2,1:26.8,1.2,曇,1.0,4.0,盛岡,C1,1:26.9,-0.1,曇,1.0,4.0,水沢,C1六組,1:27.6,-0.6,曇,2.0,4.0,水沢,C2二組,1:28.3,0.1,曇,7.5,4.0,,nar,2026-09-08,69.46,83.9,59.8,100.0,39.5,63.8,59.5,水沢実績 / 前走人気以上 / 履歴少 / 安定感
202630090810,2026-09-08,10,クインズビオラ,8.0,6.0,小野楓馬,55.0,,1.0,1.0,門別,3歳以上C4ー3,1:01.9,-0.6,曇,,,,,,,,,,,,,,,,,,,,,,,,,,,,,2.7,2.0,,nar,2026-09-08,44.01,51.6,40.6,36.3,40.6,40.6,48.8,履歴少 / サンプル少
202646090810,2026-09-08,10,クマサンアリガトウ,6.0,6.0,栗原大河,55.0,,1.0,1.0,金沢,津田さんお疲れ様杯(B2),1:33.4,-0.6,晴,1.0,3.0,金沢,C15,1:32.7,-0.4,雨,6.0,5.0,金沢,楽天競馬で馬券を買お(C2),1:34.7,1.5,曇,5.0,11.0,笠松,浪江祐次お誕生日記念(C),1:34.7,3.0,晴,7.0,10.0,笠松,道子・穂波・知子頑張(C),1:34.7,2.9,曇,5.3,3.0,,nar,2026-09-08,68.98,82.5,60.4,69.9,72.5,63.6,54.0,金沢実績 / 履歴少 / 近走上向き / 安定感
202647090810,2026-09-08,10,コパノモナルカ,7.0,7.0,向山牧,55.0,,3.0,7.0,笠松,処暑特別(B),1:30.7,0.1,晴,5.0,3.0,笠松,蛍光特別(B),1:31.2,1.4,晴,7.0,4.0,笠松,ヒルガオ特別(B),1:46.2,1.8,晴,4.0,8.0,笠松,おりひめ特別(B),1:46.4,1.8,曇,4.0,5.0,笠松,花撫子特別(A),1:30.5,1.3,雨,15.5,8.0,,nar,2026-09-08,65.42,71.7,55.7,80.2,62.0,66.4,56.2,笠松実績 / 前走人気以上 / 履歴少 / 安定感
202647090810,2026-09-08,10,サトノラッシュ,2.0,2.0,塚本征吾,57.0,,1.0,2.0,笠松,昇平・伽奈結婚おめで(B),1:30.0,-0.1,晴,2.0,2.0,笠松,くろゆり賞抽選会実施(B),1:44.6,0.6,雨,2.0,5.0,笠松,B7組,1:46.0,0.0,晴,,,笠松,エイプリル特別(AB),,,曇,8.0,10.0,園田,忘れな草賞B1B2,0:51.6,1.9,曇,4.3,2.0,,nar,2026-09-08,70.77,89.0,59.0,75.1,68.0,61.1,59.5,笠松実績 / 履歴少 / 近走上向き / 安定感
202630090810,2026-09-08,10,シラカワゴウ,7.0,6.0,宮内勇樹,55.0,,8.0,8.0,門別,オニユリ特別(C4),2:02.1,2.9,晴,9.0,8.0,門別,ネモフィラ特別(C4),2:03.5,3.7,晴,10.0,10.0,門別,門別音頭祭り特別(C4),1:54.8,4.7,曇,7.0,8.0,門別,ラベンダー特別(C4),2:04.6,5.0,雨,8.0,7.0,門別,ゴールデンルーキー市(C4),1:19.1,4.1,晴,214.3,12.0,,nar,2026-09-08,40.63,40.0,48.6,0.0,53.0,50.3,43.8,履歴少
202645090810,2026-09-08,10,ジョセフィーナ,13.0,8.0,高橋利幸,54.0,,10.0,12.0,船橋,勇魚特別(B3),1:45.0,1.7,晴,1.0,9.0,浦和,秋風月特別(B3C1),1:35.2,-0.4,雨,7.0,7.0,船橋,盆踊り賞(B3),1:46.2,1.6,曇,2.0,8.0,船橋,トルコキキョウ特別(B3),1:44.4,0.2,小雨,6.0,11.0,川崎,ジューンスター賞(B2B3),1:36.8,0.9,晴,70.8,12.0,,nar,2026-09-08,57.02,63.3,78.0,39.5,14.0,66.3,48.8,履歴少 / 人気以上に走る傾向 / 過小評価傾向
202645090810,2026-09-08,10,スピナッチバイパー,9.0,6.0,伊藤裕人,54.0,,6.0,9.0,川崎,水源地域の特産品「や(B3二),1:37.6,1.1,晴,6.0,11.0,川崎,星河一天特別(B3二),1:37.9,1.0,晴,10.0,10.0,川崎,風花特別(B2B3),1:47.3,2.3,晴,7.0,7.0,川崎,時雨空特別(B2),1:31.7,1.5,晴,5.0,7.0,川崎,大磯まつり2025記(B2B3),1:36.8,0.8,曇,172.3,14.0,,nar,2026-09-08,52.07,53.3,66.6,10.3,56.0,59.1,49.3,クラス条件好転 / 前走人気以上 / 履歴少 / 人気以上に走る傾向
202647090810,2026-09-08,10,スマートテンペスト,6.0,6.0,加藤聡一,57.0,,2.0,8.0,笠松,残暑特別(B),1:45.3,0.2,晴,7.0,8.0,笠松,蛍火特別(B),1:45.4,2.4,晴,1.0,4.0,笠松,B3組,1:31.6,-0.1,晴,9.0,3.0,笠松,B2組,1:32.4,2.0,曇,4.0,4.0,笠松,小瀬鵜飼特別(AB),1:31.0,1.8,曇,8.4,5.0,,nar,2026-09-08,65.19,73.8,62.5,60.5,69.5,61.7,52.9,笠松実績 / 前走人気以上 / 履歴少 / 近走上向き
202646090810,2026-09-08,10,ソウルユニバンス,2.0,2.0,田知弘久,57.0,,4.0,8.0,金沢,能登復興支援七ツ島特(B2),1:39.6,0.7,晴,2.0,1.0,金沢,能登復興支援木ノ浦海(B2),1:39.7,0.1,曇,4.0,4.0,金沢,夏野菜でおいしく水分(B2),1:32.6,1.2,晴,3.0,8.0,金沢,B25,1:33.1,0.9,曇,5.0,7.0,金沢,心星ひなまる永遠の5(B2),1:34.5,1.5,曇,24.2,8.0,,nar,2026-09-08,70.07,80.3,63.3,100.0,47.0,62.8,59.5,金沢実績 / 前走人気以上 / 履歴少 / 安定感
202645090810,2026-09-08,10,ダテオトコ,14.0,8.0,野畑凌,55.0,,1.0,1.0,川崎,水引賞(C1),1:32.0,-0.3,晴,4.0,1.0,川崎,キリマンジェロ賞(C1),1:37.0,0.6,曇,1.0,1.0,川崎,赤翡翠賞(3歳),1:37.5,-0.9,晴,2.0,1.0,川崎,三光鳥賞(3歳),1:37.8,0.1,晴,1.0,2.0,川崎,ダイヤモンドフラワー(3歳),1:45.8,-0.3,曇,4.2,2.0,,nar,2026-09-08,68.92,92.9,44.5,100.0,56.0,54.2,59.5,川崎実績 / 履歴少 / 安定感
202630090810,2026-09-08,10,チャンピオンヤマト,2.0,2.0,石川倭,57.0,,5.0,1.0,門別,3歳以上C4ー2,1:16.5,1.3,曇,1.0,1.0,佐賀,C2ー8組,1:25.8,-0.4,晴,1.0,1.0,佐賀,C2ー12組,1:27.4,-0.6,晴,1.0,1.0,佐賀,SAGAリベンジャー(C2),1:34.2,-1.4,曇,2.0,1.0,佐賀,SAGAリベンジャー(C2),1:34.7,0.0,晴,14.4,4.0,,nar,2026-09-08,63.14,89.4,40.8,100.0,27.5,58.1,48.8,履歴少 / 安定感 / 市場オッズ妙味
202645090810,2026-09-08,10,トーセンジニアール,8.0,5.0,保園翔也,56.0,,7.0,6.0,浦和,武甲山特別(B2B3),2:09.5,2.7,雨,1.0,2.0,浦和,春の風特別(C1),2:13.1,0.0,晴,4.0,3.0,船橋,馬い!熊本菊池水田生(C1),1:17.0,1.2,雨,3.0,2.0,浦和,C1三,1:38.4,0.8,晴,1.0,1.0,浦和,福笑い特別(C2),1:37.5,0.0,晴,32.1,9.0,,nar,2026-09-08,56.77,78.3,47.2,69.6,21.5,55.0,48.8,履歴少 / 安定感 / 市場オッズ妙味
202646090810,2026-09-08,10,ドリームスパート,3.0,3.0,平瀬城久,57.0,,3.0,7.0,金沢,能登復興支援七ツ島特(B2),1:39.5,0.6,晴,2.0,4.0,金沢,新鮮野菜がいっぱい金(B2),1:32.5,0.3,晴,6.0,7.0,金沢,B23,1:39.9,2.0,晴,3.0,7.0,金沢,B23,1:40.5,0.9,晴,8.0,6.0,金沢,シビル30周年記念杯(B2),1:33.9,1.5,曇,14.0,7.0,,nar,2026-09-08,67.77,77.1,66.0,69.9,60.5,67.1,52.9,金沢実績 / 前走人気以上 / 履歴少 / 人気以上に走る傾向
202630090810,2026-09-08,10,ナイトセーリング,3.0,3.0,渡辺準己,54.0,,1.0,1.0,門別,3歳以上C4ー3,1:14.2,-2.2,曇,1.0,1.0,名古屋,飛耀特別(2歳),1:51.4,-0.8,小雨,2.0,1.0,名古屋,ディセンバーフューチ(2歳),1:37.3,0.2,晴,6.0,4.0,門別,2歳3組,1:15.9,0.9,晴,8.0,5.0,門別,道産牛乳飲んで健康に(2歳),1:16.9,1.1,晴,1.9,1.0,,nar,2026-09-08,64.29,86.8,44.4,75.1,69.5,48.8,51.5,クラス条件好転 / 履歴少 / 近走上向き / 安定感
202645090810,2026-09-08,10,ナートゥ,7.0,5.0,新原周馬,56.0,,7.0,7.0,浦和,桜月特別(B3),1:30.5,1.0,晴,1.0,3.0,川崎,西洋躑躅賞(C1),1:31.9,-0.5,曇,1.0,8.0,川崎,桜草賞(C1),1:32.5,0.0,晴,10.0,3.0,川崎,初詣賞(C1),1:33.7,1.3,晴,2.0,9.0,浦和,城下町岩槻鷹狩り行列(C1),1:27.2,0.1,晴,52.8,11.0,,nar,2026-09-08,59.19,74.1,61.1,55.0,29.0,59.4,54.0,川崎実績 / 履歴少
202630090810,2026-09-08,10,ニシノカルラ,12.0,8.0,桑村真明,57.0,,6.0,8.0,門別,グランシャリオドリー(C4),1:52.4,1.0,晴,7.0,1.0,門別,3歳以上C4ー2,1:04.1,1.6,晴,13.0,16.0,3東京6,3歳未勝利,1:36.8,1.7,曇,10.0,15.0,2中山8,3歳未勝利,1:35.2,1.5,晴,15.0,9.0,5中山6,2歳未勝利,1:58.6,4.7,曇,7.6,3.0,,nar,2026-09-08,43.08,36.1,48.7,0.0,81.5,51.0,43.8,履歴少 / 近走上向き
202636090810,2026-09-08,10,ハクシンマルペンサ,2.0,2.0,村上忍,54.0,,3.0,1.0,盛岡,C1二組,1:39.1,0.4,曇,2.0,3.0,盛岡,C1三組,1:25.4,0.0,曇,7.0,6.0,盛岡,C1二組,1:39.3,0.5,曇,3.0,9.0,盛岡,ロス・トランキーロス(C1),1:26.6,1.3,曇,9.0,6.0,盛岡,碁石海岸賞(C1),1:41.5,2.6,曇,5.6,3.0,,nar,2026-09-08,61.94,74.7,50.1,69.9,63.5,58.0,48.8,履歴少 / 安定感
202630090810,2026-09-08,10,ハッピーピンク,11.0,8.0,岩橋勇二,55.0,,3.0,7.0,門別,アルーダ日高西部賞(C4),1:02.6,0.2,晴,7.0,8.0,門別,3歳以上C4ー2,1:17.0,1.6,晴,9.0,7.0,門別,3歳以上C4ー2,1:17.2,2.3,曇,7.0,9.0,門別,3歳以上C4ー2,1:02.9,0.9,雨,7.0,7.0,門別,3歳以上C4ー2,1:03.6,1.3,晴,80.1,10.0,,nar,2026-09-08,56.02,58.6,59.5,30.4,77.0,55.9,46.3,前走人気以上 / 履歴少 / 近走上向き
202645090810,2026-09-08,10,ハネダブライアン,3.0,3.0,本田正重,55.0,,2.0,2.0,川崎,ポータルサイト「やま(C1),1:44.7,0.1,晴,13.0,3.0,川崎,芙蓉賞(OP)(3歳),2:16.1,3.3,曇,3.0,3.0,川崎,アンドロメダ賞(C1),2:17.0,0.8,晴,5.0,7.0,船橋,平和賞(重賞),1:44.4,0.9,曇,1.0,1.0,川崎,影武者賞(2歳),1:38.1,-0.9,曇,9.0,4.0,,nar,2026-09-08,57.68,65.8,34.6,75.1,71.0,54.2,58.3,川崎実績 / クラス条件好転 / 履歴少 / 近走上向き
202636090810,2026-09-08,10,バイアメ,6.0,6.0,鈴木祐,56.0,,2.0,9.0,盛岡,いわて北緯40度葛巻(B2),1:39.7,0.3,晴,5.0,7.0,盛岡,B2一組,1:39.9,0.5,曇,5.0,8.0,盛岡,ジュライC(B2),1:39.2,1.2,曇,5.0,7.0,盛岡,ドンフランキー特別(B2),1:39.9,1.1,晴,4.0,8.0,水沢,B2,1:43.8,2.1,晴,2.5,1.0,,nar,2026-09-08,73.95,76.1,77.5,100.0,66.5,65.6,48.8,前走人気以上 / 履歴少 / 人気以上に走る傾向 / 近走上向き
202645090810,2026-09-08,10,パイロデキセキ,1.0,1.0,西啓太,56.0,,4.0,4.0,川崎,水源地域の特産品「や(B3二),1:37.2,0.7,晴,2.0,3.0,川崎,星河一天特別(B3二),1:37.2,0.3,晴,4.0,6.0,川崎,要潤さん来場記念(B3二),1:36.7,1.6,晴,5.0,3.0,川崎,手鞠花特別(B3二),1:36.9,0.7,晴,3.0,6.0,川崎,新緑特別(B3二),1:36.7,1.5,晴,12.5,5.0,,nar,2026-09-08,68.17,79.6,54.6,100.0,47.0,63.3,62.5,川崎実績 / クラス条件好転 / 履歴少 / 安定感
202647090810,2026-09-08,10,ヒルノブリスベン,5.0,5.0,明星晴大,57.0,,5.0,1.0,笠松,B2組,1:32.1,0.6,晴,7.0,2.0,笠松,B2組,1:31.6,1.2,曇,2.0,3.0,笠松,水無月特別(B),1:46.6,1.2,晴,1.0,1.0,笠松,猫スティン2周年&和(B),1:45.7,0.0,晴,2.0,1.0,笠松,B6組,1:45.1,0.1,曇,8.1,4.0,,nar,2026-09-08,55.89,75.9,33.4,75.1,38.0,53.1,56.2,笠松実績 / 履歴少 / 安定感
202630090810,2026-09-08,10,ピエールエンジェル,10.0,7.0,服部茂史,55.0,,9.0,8.0,門別,ネジバナ特別(C4),1:39.9,2.3,晴,9.0,7.0,門別,グランシャリオドリー(C4),1:03.7,1.8,晴,9.0,6.0,門別,3歳以上C4ー2,1:02.9,0.9,曇,3.0,4.0,門別,3歳以上C4ー2,1:03.1,0.6,曇,1.0,5.0,門別,3歳以上C4ー3,1:03.7,-0.1,曇,61.1,9.0,,nar,2026-09-08,43.05,49.6,44.1,24.9,29.0,50.9,49.6,履歴少
202636090810,2026-09-08,10,ファームフレッシュ,1.0,1.0,関本玲花,52.0,,8.0,7.0,盛岡,B1,1:46.8,2.0,曇,8.0,11.0,盛岡,B1,1:38.8,2.0,晴,8.0,10.0,盛岡,B1,1:26.0,1.3,小雨,6.0,9.0,盛岡,オーキッド賞(B1),1:25.4,1.4,曇,7.0,9.0,盛岡,カッパ淵賞(B1),1:26.3,1.5,晴,25.1,7.0,,nar,2026-09-08,46.25,47.2,60.4,0.0,45.5,58.7,48.8,履歴少 / 市場オッズ妙味
202645090810,2026-09-08,10,フジュム,11.0,7.0,矢野貴之,56.0,,1.0,3.0,川崎,法師蝉特別(B3二),1:44.8,-0.2,晴,1.0,1.0,川崎,エベレスト賞(C1),1:45.7,0.0,晴,3.0,1.0,川崎,フォーカード賞(C1),1:46.5,0.2,雨,1.0,1.0,川崎,レッドカーペット賞(C2),1:36.4,0.0,晴,4.0,1.0,川崎,錨草賞(C2),1:38.7,0.3,晴,4.5,3.0,,nar,2026-09-08,70.73,94.4,49.3,100.0,57.5,54.5,59.5,川崎実績 / 履歴少 / 安定感
202646090810,2026-09-08,10,ブルーメリー,10.0,8.0,青柳正義,55.0,,6.0,5.0,金沢,神代れいん生誕祭20(B1),1:40.7,2.2,曇,10.0,9.0,金沢,高島美稀お誕生日記念(B1特別),1:42.2,3.5,曇,7.0,5.0,金沢,七尾港まつり特別(B2),1:34.5,2.0,晴,1.0,4.0,金沢,心星ひなまる永遠の5(B2),1:33.0,-1.0,曇,9.0,8.0,金沢,あづ聖誕つにてんてん(B2),1:34.8,2.8,曇,12.8,6.0,,nar,2026-09-08,47.21,53.8,45.7,14.6,54.5,56.8,49.3,クラス条件好転 / 履歴少 / 市場オッズ妙味
202645090810,2026-09-08,10,ブレイヴルーラー,6.0,4.0,室陽一朗,56.0,,8.0,9.0,浦和,納涼特別(B2B3),1:36.6,1.8,曇,3.0,8.0,浦和,晩涼特別(B3),1:28.9,0.3,晴,12.0,9.0,浦和,幸手宿特別(B2B3),1:29.6,3.3,雨,6.0,6.0,浦和,橘月特別(B2B3),1:36.9,0.6,晴,11.0,10.0,川崎,早苗月特別(B3二),1:32.4,2.8,曇,86.3,13.0,,nar,2026-09-08,48.0,47.5,56.0,24.9,50.0,52.9,48.8,履歴少
202645090810,2026-09-08,10,プリンスノット,2.0,2.0,御神本訓,56.0,,3.0,3.0,川崎,凌霄花特別(B3二),1:31.0,0.2,晴,8.0,1.0,川崎,星河一天特別(B3二),1:38.1,1.2,晴,9.0,13.0,3京都9,オーストラリアT(2勝クラス),1:24.6,0.7,曇,10.0,12.0,2阪神7,吹田特別(2勝クラス),1:24.6,1.4,晴,4.0,11.0,2阪神3,4歳以上2勝クラス,1:23.3,0.5,雨,3.1,1.0,,nar,2026-09-08,55.31,55.6,50.4,40.7,78.5,58.7,51.2,川崎実績 / 履歴少 / 近走上向き
202645090810,2026-09-08,10,プルーフリーダー,4.0,3.0,笹川翼,56.0,,10.0,8.0,川崎,水源地域の特産品「や(B3二),1:38.5,2.0,晴,4.0,5.0,川崎,星河一天特別(B3二),1:37.7,0.8,晴,1.0,3.0,川崎,フォーカード賞(C1),1:46.3,-0.2,雨,3.0,4.0,川崎,レーニョ賞(C1),1:45.7,1.0,曇,13.0,13.0,船橋,ほたる特別(C1),1:47.4,2.5,曇,31.1,8.0,,nar,2026-09-08,52.66,59.9,51.3,59.3,21.5,57.6,58.3,川崎実績 / クラス条件好転 / 履歴少 / 市場オッズ妙味
202636090810,2026-09-08,10,ベルベストランナー,7.0,7.0,菅原辰徳,56.0,,3.0,6.0,盛岡,岩手ビッグブルズシー(C1),1:39.0,0.2,曇,5.0,9.0,盛岡,ミルクティーローズ賞(C1),1:40.5,0.8,曇,1.0,4.0,盛岡,C1三組,1:26.1,-0.3,晴,4.0,8.0,盛岡,イグナイター特別(C1),1:27.1,0.2,曇,3.0,7.0,水沢,祝30周年!SPAT(C1),1:41.6,0.2,雨,4.6,2.0,,nar,2026-09-08,73.44,82.0,74.5,100.0,51.5,68.2,48.8,前走人気以上 / 履歴少 / 人気以上に走る傾向 / 安定感
202647090810,2026-09-08,10,ホーリーホック,1.0,1.0,高木健,55.0,,9.0,7.0,笠松,蛍火特別(B),1:45.8,2.8,晴,6.0,4.0,笠松,アサガオ特別(B),1:32.7,1.8,晴,9.0,2.0,笠松,おりひめ特別(B),1:47.9,3.3,曇,2.0,3.0,笠松,ジュン特別(B),1:31.4,0.1,晴,7.0,3.0,笠松,濃姫特別(B),1:30.8,1.3,曇,36.1,10.0,,nar,2026-09-08,38.48,51.8,30.7,14.6,32.0,45.6,46.3,履歴少 / 市場オッズ妙味
202646090810,2026-09-08,10,ボガトイーリ,7.0,7.0,甲賀弘隆,57.0,,8.0,1.0,金沢,B14,1:42.6,2.9,晴,1.0,4.0,金沢,あづ聖誕つにてんてん(B2),1:32.0,0.0,曇,1.0,2.0,金沢,カポ峯生誕記念(C1),1:33.4,-0.9,晴,6.0,5.0,金沢,母の日特別(C1),0:59.2,2.0,晴,1.0,3.0,金沢,第5回SANさんご生(C2),1:42.0,-1.1,晴,7.5,5.0,,nar,2026-09-08,53.48,77.1,42.1,55.0,15.5,57.3,52.9,金沢実績 / 履歴少
202646090810,2026-09-08,10,ボナセーラ,8.0,7.0,吉田晃浩,57.0,,5.0,7.0,金沢,神代れいん生誕祭20(B1),1:40.2,1.7,曇,8.0,7.0,金沢,高島美稀お誕生日記念(B1特別),1:41.0,2.3,曇,6.0,4.0,金沢,B14,1:40.3,1.3,晴,4.0,3.0,金沢,B14,1:33.5,0.3,曇,3.0,1.0,金沢,B14,1:34.4,0.5,雨,25.6,9.0,,nar,2026-09-08,54.98,63.3,47.3,55.3,51.5,53.7,55.9,金沢実績 / クラス条件好転 / 履歴少 / 市場オッズ妙味
202647090810,2026-09-08,10,ミエルシトロン,3.0,3.0,丸野勝虎,57.0,,1.0,1.0,笠松,B7組,1:46.9,-0.7,曇,2.0,2.0,笠松,カサブランカ特別(C),1:31.7,0.6,晴,3.0,5.0,笠松,夏の大三角特別(C),1:31.4,0.7,晴,1.0,1.0,笠松,絆アニバ杯(C),1:31.9,-0.8,雨,2.0,2.0,笠松,引退馬メイショウドト(C),1:31.6,0.1,晴,4.2,1.0,,nar,2026-09-08,71.99,94.0,52.8,100.0,56.0,57.4,62.5,笠松実績 / クラス条件好転 / 履歴少 / 安定感
202630090810,2026-09-08,10,ミサトベレーザ,6.0,5.0,松井伸也,55.0,,4.0,11.0,門別,グランシャリオドリー(C4),1:52.2,0.8,晴,10.0,8.0,門別,テッポウユリ特別(C4),1:47.6,2.7,晴,4.0,9.0,門別,グランシャリオドリー(C4),1:38.8,0.6,曇,4.0,9.0,門別,グランシャリオドリー(C4),1:46.2,0.5,曇,10.0,6.0,門別,グランシャリオドリー(C4),1:42.2,3.3,晴,96.1,11.0,,nar,2026-09-08,63.48,59.1,70.5,64.7,68.0,60.6,55.9,門別実績 / クラス条件好転 / 前走人気以上 / 履歴少
202630090810,2026-09-08,10,ミノベル,5.0,5.0,金山昇馬,57.0,,8.0,5.0,門別,グランシャリオドリー(C4),1:52.7,1.3,晴,6.0,6.0,門別,テッポウユリ特別(C4),1:46.4,1.5,晴,10.0,9.0,門別,王冠賞〔H2〕(重賞),1:59.7,3.8,曇,5.0,3.0,門別,北海道野菜王国にった(C4),1:54.2,1.7,晴,9.0,10.0,門別,北海優駿〔H1〕(重賞),2:12.6,4.0,晴,32.2,5.0,,nar,2026-09-08,42.38,47.5,40.9,14.6,47.0,49.6,49.3,クラス条件好転 / 履歴少 / 市場オッズ妙味
202636090810,2026-09-08,10,ミヤギシリウス,5.0,5.0,阿部英俊,54.0,,10.0,10.0,盛岡,納涼特別(A),1:40.9,1.4,曇,8.0,8.0,盛岡,ハヤテ特別(OP),1:26.2,1.0,曇,4.0,6.0,水沢,水無月特別(A),1:40.6,1.0,小雨,7.0,6.0,水沢,初夏特別(A),1:41.7,3.9,雨,9.0,9.0,盛岡,青葉特別(A),1:39.3,1.9,晴,8.4,6.0,,nar,2026-09-08,44.24,45.8,51.7,19.8,32.0,54.7,51.2,水沢実績 / 履歴少
202646090810,2026-09-08,10,ミラコロカナーレ,9.0,8.0,吉原寛人,57.0,,5.0,2.0,金沢,能登復興支援七ツ島特(B2),1:39.6,0.7,晴,5.0,12.0,金沢,金沢競馬B1プレミア,1:32.6,0.9,晴,3.0,2.0,金沢,B22,1:33.0,1.3,晴,4.0,3.0,金沢,B22,1:34.7,1.1,晴,1.0,2.0,金沢,C13,1:33.5,-0.1,晴,7.2,4.0,,nar,2026-09-08,65.31,75.6,54.1,100.0,39.5,60.4,59.5,金沢実績 / 履歴少 / 安定感
202646090810,2026-09-08,10,メイショウコウシ,5.0,5.0,松戸政也,57.0,,7.0,6.0,金沢,神代れいん生誕祭20(B1),1:41.5,3.0,曇,6.0,4.0,金沢,堀江舞アナ明日8月5(B1特別),1:35.5,2.6,晴,,,金沢,miCometビジネ(B1),,,晴,1.0,8.0,金沢,やすくん&なおちゃん(B2),1:33.6,-0.5,曇,5.0,6.0,金沢,としおゆうこ夫妻に感(B2),1:35.3,1.0,曇,59.5,10.0,,nar,2026-09-08,51.14,65.3,52.8,24.9,32.0,56.7,54.2,金沢実績 / クラス条件好転 / 履歴少
202636090810,2026-09-08,10,メイショウメイスイ,3.0,3.0,佐々木志,56.0,,11.0,8.0,盛岡,いわて北緯40度葛巻(B2),1:41.9,2.5,晴,8.0,5.0,盛岡,B2二組,1:41.3,1.9,曇,1.0,9.0,盛岡,プルメリア賞(C1),1:39.3,-0.6,曇,2.0,6.0,水沢,ディセントラ賞(C1),1:40.9,0.1,雨,2.0,5.0,水沢,ホワイトクローバー賞(C1),1:46.0,0.9,曇,8.1,5.0,,nar,2026-09-08,50.89,59.7,55.7,44.7,3.5,64.8,59.5,水沢実績 / 履歴少
202645090810,2026-09-08,10,ライヴドライバー,10.0,6.0,佐野遥久,56.0,,5.0,5.0,川崎,水源地域の特産品「や(B3二),1:37.4,0.9,晴,1.0,1.0,川崎,睡蓮賞(C1),1:31.8,-0.2,曇,1.0,6.0,川崎,あやせオープンファク(C1),1:31.4,-0.5,晴,10.0,6.0,川崎,C1一 二,1:33.6,2.4,曇,14.0,15.0,2東京2,4歳以上1勝クラス,1:40.5,3.6,晴,34.9,10.0,,nar,2026-09-08,61.98,69.4,53.6,75.1,59.0,57.6,55.3,川崎実績 / 履歴少 / 安定感 / 市場オッズ妙味
202647090810,2026-09-08,10,ラグーン,9.0,8.0,深澤杏花,53.0,,3.0,5.0,笠松,残暑特別(B),1:45.4,0.3,晴,5.0,7.0,笠松,ヒルガオ特別(B),1:45.9,1.5,晴,6.0,7.0,笠松,おりひめ特別(B),1:46.6,2.0,曇,4.0,6.0,笠松,B2組,1:31.0,0.6,曇,2.0,3.0,笠松,風待月特別(AB),1:32.2,0.6,晴,13.9,7.0,,nar,2026-09-08,67.28,74.9,61.9,80.2,57.5,66.4,56.2,笠松実績 / 履歴少 / 安定感 / 過小評価傾向
202630090810,2026-09-08,10,リコージュピター,4.0,4.0,落合玄太,55.0,,1.0,4.0,門別,3歳以上C4ー3,1:16.0,-0.1,晴,4.0,6.0,門別,ホクレン「くるるの杜(C4),1:16.3,0.8,雨,10.0,5.0,門別,3歳以上C4ー3,1:04.5,1.4,晴,5.0,6.0,門別,湧別サロマ湖関野剛平(C4),1:03.8,1.9,晴,8.0,7.0,門別,推しウマ探せ!おひさ(C4),1:04.7,2.7,晴,42.8,8.0,,nar,2026-09-08,63.85,69.3,53.3,69.9,84.5,56.3,52.5,門別実績 / 前走人気以上 / 近走上向き / 安定感
202646090810,2026-09-08,10,ルセルマンダムール,4.0,4.0,中島龍也,57.0,,6.0,3.0,金沢,金沢競馬B1プレミア,1:32.7,1.0,晴,1.0,1.0,金沢,B25,1:32.2,-0.7,曇,1.0,1.0,金沢,C14,1:33.3,-0.1,曇,2.0,3.0,船橋,豊四季賞(C1),1:59.8,0.1,雨,9.0,8.0,船橋,二十日正月賞(C1),1:58.4,1.3,曇,3.2,1.0,,nar,2026-09-08,56.91,80.1,43.9,59.3,33.5,53.0,54.0,金沢実績 / 履歴少
202647090810,2026-09-08,10,レクランスリール,10.0,8.0,松本一心,55.0,,6.0,4.0,笠松,残暑特別(B),1:46.0,0.9,晴,1.0,1.0,笠松,B級サバイバル,1:30.1,-0.4,晴,5.0,6.0,笠松,B3組,1:32.6,1.0,晴,10.0,10.0,川崎,スパーキングレディー(JpnIII),1:45.8,4.2,晴,6.0,7.0,笠松,花撫子特別(A),1:31.0,1.8,雨,9.0,6.0,,nar,2026-09-08,54.64,66.9,47.9,44.7,47.0,59.4,51.2,笠松実績 / 履歴少
202645090811,2026-09-08,11,アウグスト,2.0,2.0,秋元耕成,55.0,,5.0,8.0,金沢,海の日!夏バテ防止に(B1),1:33.2,1.0,晴,9.0,10.0,園田,ハナショウブ賞A1A(A1A2),1:35.1,5.1,曇,8.0,8.0,園田,A1A2,2:11.0,7.5,晴,9.0,8.0,園田,春暖特別A1A2,1:21.5,2.5,雨,5.0,3.0,園田,A1A2,1:34.4,3.7,晴,306.9,10.0,,nar,2026-09-08,53.15,50.6,55.7,40.7,66.5,54.1,51.8,クラス条件好転 / 前走人気以上 / 履歴少 / 近走上向き
202636090811,2026-09-08,11,アクロスザシーズ,8.0,8.0,佐々木志,54.0,,8.0,8.0,盛岡,チックウィード賞(B2),1:28.2,1.4,晴,10.0,7.0,盛岡,B2,1:27.8,2.1,雨,8.0,11.0,盛岡,B2,1:27.0,1.7,曇,4.0,4.0,盛岡,B2,1:27.9,1.9,晴,2.0,1.0,盛岡,C1,1:14.3,0.2,晴,41.5,8.0,,nar,2026-09-08,45.2,49.6,48.2,24.9,38.0,52.2,48.8,履歴少 / 市場オッズ妙味
202630090811,2026-09-08,11,アライグマパンチ,6.0,6.0,松井伸也,56.0,,9.0,9.0,門別,ダリア特別(A3),1:14.9,1.9,晴,3.0,5.0,門別,8月15日しかべ最大(B1),1:14.6,1.3,曇,5.0,7.0,門別,星の降る里・芦別健夏(B1),1:15.1,0.9,曇,4.0,3.0,門別,夕張メロン、味は特別(A4),1:02.7,1.1,晴,1.0,4.0,船橋,イナヅマダッシュ(C1),1:02.1,-0.4,雨,104.1,10.0,,nar,2026-09-08,56.45,66.7,57.4,69.6,15.5,57.4,57.4,門別実績 / 履歴少 / 安定感
202645090811,2026-09-08,11,アームズレイン,3.0,3.0,和田譲治,57.0,,7.0,6.0,川崎,幸OP(OP)(A14歳),1:34.8,2.1,晴,1.0,1.0,川崎,多摩川OP(OP)(A14歳),1:44.1,0.0,晴,5.0,4.0,川崎,川崎マイラーズ(重賞),1:43.4,2.8,晴,6.0,6.0,船橋,船橋記念(重賞),0:59.8,0.7,晴,12.0,8.0,大井,東京盃競走(JpnII),1:12.9,2.2,曇,2.9,1.0,,nar,2026-09-08,51.55,64.2,43.6,44.7,44.0,50.6,54.0,川崎実績 / 履歴少
202645090811,2026-09-08,11,イーグルノワール,10.0,8.0,篠谷葵,57.0,,5.0,15.0,大井,サンタアニタトロフィ(重賞),1:40.0,1.5,晴,9.0,8.0,船橋,フリオーソレジェンド(重賞),1:57.2,6.1,晴,6.0,5.0,大井,東京記念トライアル競(OP)(3上),2:38.6,2.1,晴,5.0,9.0,大井,サンタアニタトロフィ(重賞),1:41.1,1.3,曇,4.0,3.0,大井,ジュライ賞競走(OP)(3上),1:26.7,1.9,晴,4.2,2.0,,nar,2026-09-08,60.85,59.3,71.5,55.3,56.0,63.3,48.8,前走人気以上 / 履歴少 / 人気以上に走る傾向
202630090811,2026-09-08,11,エターナルルビー,11.0,8.0,若杉朝飛,55.0,,8.0,8.0,門別,ベゴニア特別(A3),1:03.0,2.8,晴,6.0,6.0,盛岡,C1,1:27.1,0.7,晴,8.0,7.0,盛岡,C1,1:26.9,2.0,曇,7.0,4.0,盛岡,C1,1:27.2,1.4,曇,2.0,6.0,水沢,種山高原賞(C1),1:27.9,0.4,小雨,193.2,11.0,,nar,2026-09-08,44.77,54.1,48.4,10.3,36.5,52.6,50.0,総合評価
202630090811,2026-09-08,11,キャストロポポ,1.0,1.0,小野楓馬,57.0,,6.0,7.0,門別,丸くなるな、星になれ(A1),1:14.1,1.1,晴,4.0,4.0,門別,ホクレン玉ねぎ「真白(A3),1:14.3,0.6,雨,7.0,9.0,門別,アルビレオ特別(A2),1:15.2,1.5,曇,4.0,3.0,門別,アメリカンペイトリオ(A3),1:15.1,1.1,晴,2.0,3.0,門別,JA門別馬舞米特別(A3),1:01.1,0.1,曇,55.2,8.0,,nar,2026-09-08,55.89,68.0,54.6,49.8,39.5,55.5,52.5,門別実績
202645090811,2026-09-08,11,グレートジャーニー,8.0,7.0,保園翔也,55.0,,11.0,12.0,川崎,スパーキングサマーカ(重賞),1:44.1,3.4,晴,8.0,7.0,大井,ウイングシート賞競走(A2B1),1:29.7,4.5,曇,6.0,7.0,船橋,ダイヤモンドスプリン(A2),1:16.4,2.6,晴,12.0,7.0,浦和,クリスマスイヴ特別(A2),1:36.8,2.4,曇,4.0,7.0,船橋,ハナキリンスプリント(A2B1),1:14.4,0.3,晴,57.7,9.0,,nar,2026-09-08,39.13,38.5,48.8,10.3,29.0,50.3,48.8,履歴少
202646090811,2026-09-08,11,ゴルティス,9.0,7.0,松戸政也,55.0,,1.0,4.0,金沢,智聡&夏生☆結婚半年(B2),1:38.5,-1.8,曇,8.0,1.0,金沢,新鮮野菜がいっぱい金(B2),1:33.5,1.3,晴,1.0,4.0,金沢,C13,1:32.1,-0.7,曇,6.0,3.0,金沢,裕紀くん!寛太くん!(C1),1:41.4,2.6,晴,4.0,2.0,金沢,C12,1:42.4,0.7,晴,9.5,5.0,,nar,2026-09-08,61.32,77.7,43.8,60.5,72.5,55.7,52.9,金沢実績 / 前走人気以上 / 履歴少 / 近走上向き
202645090811,2026-09-08,11,ゴールドホイヤー,1.0,1.0,古岡勇樹,57.0,,7.0,11.0,川崎,スパーキングサマーカ(重賞),1:42.8,2.1,晴,2.0,5.0,川崎,多摩川OP(OP)(A14歳),1:44.1,0.0,晴,8.0,9.0,川崎,川崎マイラーズ(重賞),1:44.3,3.7,晴,6.0,8.0,川崎,スパーキングマイラー(OP)(3歳),1:44.1,2.8,晴,3.0,4.0,川崎,幸OP(OP)(4上),1:43.2,1.0,曇,9.8,5.0,,nar,2026-09-08,57.05,64.9,67.9,35.3,36.5,64.4,49.6,前走人気以上 / 履歴少 / 人気以上に走る傾向
202636090811,2026-09-08,11,サンエイブレーヴ,2.0,2.0,阿部英俊,56.0,,2.0,4.0,盛岡,夢・希望未来へ前進(B1),1:38.9,0.3,曇,8.0,8.0,盛岡,夢・希望未来へ前進(B1),1:40.2,0.8,晴,7.0,6.0,盛岡,45周年Annive(B1),1:39.3,0.7,小雨,5.0,4.0,盛岡,夢・希望未来へ前進(B1),1:39.0,0.4,曇,5.0,7.0,盛岡,浜木綿賞(B1),1:38.8,0.8,晴,2.6,1.0,,nar,2026-09-08,59.64,66.2,53.3,55.3,75.5,55.4,48.8,履歴少 / 近走上向き
202630090811,2026-09-08,11,シシャモフレンド,8.0,7.0,岩橋勇二,55.0,,7.0,4.0,門別,グランシャリオドリー(A3),1:02.2,1.7,晴,1.0,2.0,門別,夕張メロン、味は特別(A4),1:01.6,-0.9,晴,7.0,1.0,門別,JA門別馬舞米特別(A3),1:02.5,1.5,曇,6.0,6.0,門別,ハルジオン特別(A3),1:01.5,0.8,晴,3.0,2.0,門別,シバザクラ特別(A1),1:01.3,0.2,晴,15.0,7.0,,nar,2026-09-08,48.48,68.4,36.3,35.3,33.5,52.8,49.6,履歴少 / 市場オッズ妙味
202630090811,2026-09-08,11,ジャイロ,5.0,5.0,藤田凌駕,57.0,,7.0,5.0,門別,サッポロビール150(A1),1:14.6,1.8,曇,1.0,1.0,門別,十勝軽種馬農業協同組(A1),1:00.7,-0.1,曇,2.0,2.0,門別,日高銀聖特別(A2),1:00.9,0.3,曇,1.0,2.0,門別,JA門別馬舞米特別(A3),1:01.0,-0.1,曇,4.0,1.0,門別,ラナンキュラス特別(B1),1:14.6,0.6,曇,7.2,6.0,,nar,2026-09-08,57.49,81.3,44.6,69.6,20.0,55.8,54.5,門別実績 / 安定感
202636090811,2026-09-08,11,スカーズ,7.0,7.0,関本玲花,54.0,,6.0,8.0,盛岡,B1二組,1:40.1,2.2,曇,10.0,2.0,盛岡,B1,1:38.8,2.0,晴,11.0,10.0,名古屋,宵波特別(A),1:54.9,3.8,曇,3.0,11.0,名古屋,夏越大空特別(A),2:13.8,1.5,曇,10.0,10.0,名古屋,七変化雨彩特別(A),1:52.2,3.7,晴,17.6,6.0,,nar,2026-09-08,45.99,44.3,47.1,14.6,65.0,56.1,48.8,履歴少 / 近走上向き / 市場オッズ妙味
202645090811,2026-09-08,11,スタンリーテソーロ,9.0,8.0,Ｆ．ゴン,55.0,,11.0,3.0,盛岡,岩手県知事杯OROカ(重賞),1:45.1,1.2,曇,5.0,2.0,浦和,’26トワイライトカ(OP)(3上),1:27.8,1.2,晴,1.0,1.0,浦和,甲武信ヶ岳特別(A2),1:34.8,-0.2,曇,1.0,2.0,浦和,五月特別(A2),1:34.8,-0.3,晴,6.0,6.0,3中山5,卯月S(3勝クラス),1:10.8,0.9,晴,5.2,3.0,,nar,2026-09-08,44.31,63.6,28.8,59.3,3.5,50.5,50.0,総合評価
202636090811,2026-09-08,11,スノーパトロール,5.0,5.0,山本聡紀,54.0,,12.0,9.0,盛岡,B1,1:39.4,2.6,晴,9.0,9.0,盛岡,フェアリーC(重賞),1:54.8,1.6,曇,10.0,11.0,盛岡,いしがきマイラーズ(重賞),1:38.1,1.8,小雨,11.0,10.0,盛岡,せきれい賞(重賞),2:34.5,2.5,曇,1.0,5.0,水沢,タガノビューティー特(B1),1:43.0,0.0,晴,25.4,7.0,,nar,2026-09-08,36.73,31.4,46.9,10.3,24.5,52.3,51.8,クラス条件好転
202646090811,2026-09-08,11,セブンメイクハピー,6.0,6.0,米倉知,57.0,,4.0,4.0,金沢,神代れいん生誕祭20(B1),1:39.5,1.0,曇,1.0,1.0,金沢,油断大敵水分補給を忘(B2),1:40.0,-1.2,晴,2.0,3.0,金沢,さわやかさやか賞(C1),1:40.2,1.4,曇,3.0,2.0,金沢,白山手取川ジオパーク(C1),1:34.0,1.2,曇,2.0,2.0,金沢,C14,1:33.4,1.5,曇,22.0,9.0,,nar,2026-09-08,67.11,88.0,50.4,100.0,38.0,56.3,59.5,金沢実績 / 履歴少 / 安定感 / 市場オッズ妙味
202630090811,2026-09-08,11,タケノルル,2.0,2.0,金山昇馬,53.0,,1.0,3.0,門別,一般社団法人東京馬主(B3),1:00.9,0.0,雨,4.0,2.0,門別,スイレン特別(B3),1:01.5,0.8,晴,1.0,2.0,門別,匠の味!ほべつメロン(B3),1:01.3,-0.5,雨,4.0,2.0,門別,門別でおトクなSPA(B3),1:01.5,0.3,晴,4.0,2.0,門別,グランシャリオドリー(B3),1:01.6,0.8,雨,7.2,5.0,,nar,2026-09-08,70.1,88.0,48.7,100.0,63.5,56.5,62.5,門別実績 / クラス条件好転 / 履歴少 / 安定感
202636090811,2026-09-08,11,タマモハヤブサ,6.0,6.0,塚本涼人,56.0,,4.0,2.0,盛岡,いわてくじ山形村短角(C1),1:27.2,0.9,曇,3.0,4.0,盛岡,C1四組,1:26.8,0.3,曇,5.0,2.0,盛岡,C1三組,1:26.9,0.8,晴,3.0,9.0,盛岡,C1四組,1:27.1,0.2,曇,1.0,2.0,盛岡,C2四組,1:28.0,-0.2,曇,12.3,5.0,,nar,2026-09-08,65.39,80.1,50.2,100.0,44.0,62.6,48.8,履歴少 / 安定感 / 市場オッズ妙味
202645090811,2026-09-08,11,タマモヴェナトル,6.0,6.0,櫻井光輔,53.0,,,,川崎,処暑特別(B1B2),,,晴,2.0,8.0,川崎,かなテクカレッジ記念(B1B2),1:35.3,0.0,曇,7.0,8.0,川崎,スパーキングサマーチ(OP)(3歳),1:43.6,2.2,晴,5.0,7.0,川崎,短夜特別(B1B2),1:36.7,0.9,曇,9.0,9.0,2東京4,4歳以上2勝クラス,1:18.5,1.1,曇,15.6,8.0,,nar,2026-09-08,65.15,67.3,70.0,39.5,80.0,67.7,57.0,川崎実績 / クラス条件好転 / 履歴少 / 人気以上に走る傾向
202636090811,2026-09-08,11,タワーリシチ,1.0,1.0,小林凌,56.0,,5.0,3.0,盛岡,C1二組,1:40.1,1.4,曇,10.0,5.0,盛岡,C1二組,1:41.5,2.0,曇,3.0,2.0,盛岡,C1一組,1:39.4,0.3,晴,10.0,2.0,盛岡,B2三組,1:41.0,1.6,晴,1.0,3.0,水沢,C2一組,1:29.3,-0.1,晴,4.2,3.0,,nar,2026-09-08,48.8,58.7,28.9,60.5,56.0,47.0,48.8,履歴少 / 安定感
202646090811,2026-09-08,11,トウショウクラウド,11.0,8.0,栗原大河,57.0,,8.0,3.0,金沢,B13,1:34.2,2.4,雨,1.0,1.0,金沢,いっぱい食べよう海幸(B2特別),1:39.7,-0.6,雨,4.0,1.0,金沢,B22,1:40.9,0.8,晴,3.0,2.0,金沢,B23,1:40.6,0.1,晴,2.0,2.0,金沢,B23,1:41.5,0.0,曇,15.2,6.0,,nar,2026-09-08,53.34,75.1,34.2,69.6,17.0,55.7,59.2,金沢実績 / クラス条件好転 / 履歴少 / 安定感
202630090811,2026-09-08,11,トレヴェナ,7.0,6.0,阿部龍,55.0,,2.0,1.0,門別,ベゴニア特別(A3),1:00.4,0.2,晴,2.0,3.0,門別,グランシャリオドリー(A3),1:00.6,0.1,晴,3.0,2.0,門別,ホクレン玉ねぎ「真白(A3),1:14.0,0.3,雨,1.0,5.0,門別,星の降る里・芦別健夏(B1),1:14.2,-0.3,曇,5.0,2.0,門別,日高町建設協会特別(A4),1:14.9,0.8,曇,6.5,4.0,,nar,2026-09-08,69.59,89.1,50.1,100.0,54.5,58.0,59.5,門別実績 / 履歴少 / 安定感
202646090811,2026-09-08,11,ノーブルジェネシス,3.0,3.0,魚住謙心,57.0,,4.0,3.0,金沢,能登復興支援皆月海岸(B1),1:32.6,0.7,曇,1.0,2.0,金沢,夏野菜でおいしく水分(B2),1:31.4,0.0,晴,2.0,2.0,金沢,やすくん&なおちゃん(B2),1:34.1,0.5,曇,6.0,2.0,金沢,B25,1:33.5,1.4,曇,7.0,2.0,金沢,いっぱい食べよう海幸(B2特別),1:41.0,1.3,雨,9.5,4.0,,nar,2026-09-08,60.37,80.3,41.9,75.1,50.0,53.7,52.9,金沢実績 / 履歴少 / 安定感
202646090811,2026-09-08,11,ハクサンサクヤヒメ,4.0,4.0,加藤翔馬,55.0,,2.0,3.0,金沢,神代れいん生誕祭20(B1),1:39.2,0.7,曇,3.0,1.0,金沢,ずまちゃんハッピーバ(B1特別),1:32.8,0.5,晴,2.0,4.0,金沢,B23,1:38.7,0.8,晴,4.0,4.0,金沢,シビル30周年記念杯(B2),1:33.0,0.6,曇,6.0,4.0,金沢,金沢競馬B2プレミア,1:40.2,1.3,雨,5.8,2.0,,nar,2026-09-08,67.51,84.4,50.0,89.7,60.5,56.8,59.2,金沢実績 / クラス条件好転 / 履歴少 / 安定感
202630090811,2026-09-08,11,バリジグリー,10.0,8.0,望月洵輝,55.0,,5.0,7.0,門別,ベゴニア特別(A3),1:01.4,1.2,晴,6.0,8.0,門別,8月15日しかべ最大(B1),1:15.1,1.8,曇,10.0,9.0,門別,星の降る里・芦別健夏(B1),1:18.6,4.4,曇,8.0,9.0,門別,コントレイル・プレミ(B1),2:01.1,2.6,曇,11.0,9.0,門別,北海優駿〔H1〕(重賞),2:22.6,14.0,晴,88.3,9.0,,nar,2026-09-08,51.7,49.6,55.9,30.4,72.5,52.9,46.3,履歴少 / 近走上向き
202645090811,2026-09-08,11,マテリアルガール,4.0,4.0,山中悠希,53.0,,9.0,4.0,大井,ディーヴァ賞競走(A2),1:43.6,2.5,曇,6.0,7.0,川崎,エンプレス杯キヨフジ(JpnII),2:18.7,2.6,晴,2.0,8.0,船橋,群青特別(A2B1),1:42.6,0.1,曇,7.0,3.0,笠松,ブルーリボンマイル(重賞),1:44.6,1.5,晴,5.0,2.0,川崎,多摩川OP(OP)(A14歳),1:44.7,0.6,晴,10.6,6.0,,nar,2026-09-08,46.54,58.7,43.1,30.1,26.0,54.3,54.2,川崎実績 / クラス条件好転 / 履歴少
202630090811,2026-09-08,11,マナアリイ,9.0,7.0,石川倭,55.0,,1.0,3.0,門別,スイレン特別(B3),1:00.7,-0.1,晴,3.0,5.0,門別,星雲賞〔H3〕(重賞),1:14.9,1.0,雨,7.0,6.0,門別,グランシャリオ門別ス(重賞),1:01.9,1.6,曇,5.0,5.0,門別,北斗盃〔H3〕(重賞),1:44.9,1.1,晴,2.0,1.0,門別,グランシャリオドリー(OP)(2歳),1:01.4,0.0,晴,2.9,1.0,,nar,2026-09-08,67.75,81.0,55.6,80.2,69.5,55.8,59.2,門別実績 / クラス条件好転 / 履歴少 / 近走上向き
202630090811,2026-09-08,11,ミッドナイトゲイル,3.0,3.0,桑村真明,56.0,,3.0,3.0,門別,ベゴニア特別(A3),1:00.4,0.2,晴,3.0,2.0,門別,グランシャリオドリー(A3),1:01.3,0.8,晴,1.0,4.0,門別,日高銀聖特別(A2),1:00.6,-0.3,曇,1.0,1.0,門別,門別でおトクなSPA(B3),1:01.2,-0.1,晴,3.0,3.0,門別,アドマイヤマーズ・プ(B3),1:01.0,0.6,晴,4.8,2.0,,nar,2026-09-08,68.68,89.5,52.4,100.0,44.0,58.0,56.4,門別実績 / 前走人気以上 / 安定感
202646090811,2026-09-08,11,ミヤギロード,8.0,7.0,田知弘久,57.0,,5.0,6.0,金沢,能登復興支援皆月海岸(B1),1:33.4,1.5,曇,8.0,3.0,金沢,高橋家&西村家★結婚(B1特別),1:40.2,1.4,曇,6.0,3.0,金沢,B14,1:40.9,1.2,晴,8.0,4.0,金沢,ゆいおうえんそうしん(B1),1:33.9,1.7,雨,2.0,5.0,金沢,能登復興支援宝達葛特(B2),1:38.6,0.8,曇,24.5,10.0,,nar,2026-09-08,49.62,59.4,37.3,40.7,56.0,51.1,52.6,クラス条件好転 / 履歴少 / 市場オッズ妙味
202636090811,2026-09-08,11,モズユイユイ,4.0,4.0,高橋悠里,56.0,,4.0,4.0,盛岡,B1二組,1:39.5,1.6,曇,10.0,6.0,盛岡,夢・希望未来へ前進(B1),1:40.6,1.2,晴,5.0,5.0,水沢,朝顔賞(B1),2:07.0,1.7,曇,1.0,5.0,盛岡,ハイペリカム賞(B1),1:38.9,-0.2,晴,6.0,5.0,盛岡,紫陽花賞(B1),1:53.9,0.9,小雨,8.8,4.0,,nar,2026-09-08,57.07,64.3,46.4,64.7,59.0,58.6,48.8,履歴少 / 安定感
202646090811,2026-09-08,11,ユイノコキュウ,2.0,2.0,柴田勇真,57.0,,1.0,8.0,金沢,B25,1:38.4,-0.4,晴,3.0,5.0,金沢,津田さんお疲れ様杯(B2),1:34.1,0.7,晴,8.0,8.0,金沢,油断大敵水分補給を忘(B2),1:41.9,1.9,晴,10.0,4.0,金沢,B25,1:35.2,3.0,曇,11.0,5.0,金沢,B24,1:44.4,3.9,曇,19.8,8.0,,nar,2026-09-08,63.75,66.2,57.9,55.3,92.0,62.0,49.6,前走人気以上 / 履歴少 / 近走上向き / 市場オッズ妙味
202646090811,2026-09-08,11,ユナパール,10.0,8.0,青柳正義,55.0,,6.0,2.0,金沢,能登復興支援皆月海岸(B1),1:33.4,1.5,曇,4.0,10.0,金沢,金沢競馬B1プレミア,1:32.5,0.8,晴,1.0,3.0,金沢,B24,1:39.9,0.0,曇,3.0,1.0,金沢,心星ひなまる永遠の5(B2),1:34.3,1.3,曇,1.0,1.0,金沢,C16,1:41.3,-0.2,曇,9.1,3.0,,nar,2026-09-08,60.68,79.5,52.7,69.6,27.5,60.7,56.2,金沢実績 / 履歴少 / 安定感
202646090811,2026-09-08,11,ラインポーチュラカ,5.0,5.0,沖静男,55.0,,9.0,9.0,金沢,能登復興支援皆月海岸(B1),1:34.2,2.3,曇,5.0,6.0,金沢,能登復興支援須須神社(B1特別),1:41.2,2.4,曇,4.0,8.0,金沢,B14,1:40.5,0.8,晴,9.0,9.0,金沢,七尾港まつり特別(B2),1:34.6,2.1,晴,6.0,8.0,金沢,B14,1:42.5,1.3,曇,167.9,11.0,,nar,2026-09-08,51.9,54.4,58.7,44.7,32.0,58.1,52.6,クラス条件好転 / 履歴少
202636090811,2026-09-08,11,ラヴェイ,3.0,3.0,山本政聡,56.0,,7.0,3.0,盛岡,B1B2混合,1:13.4,1.5,曇,1.0,1.0,盛岡,B2,1:12.4,-0.6,曇,4.0,1.0,盛岡,B2,1:39.0,0.3,曇,1.0,5.0,水沢,ディセントラ賞(C1),1:40.8,-0.1,雨,4.0,4.0,水沢,B2三組,1:44.7,1.2,晴,3.2,2.0,,nar,2026-09-08,56.32,78.2,41.4,69.6,23.0,53.0,59.5,水沢実績 / 履歴少 / 安定感
202630090811,2026-09-08,11,リオンダリーナ,4.0,4.0,落合玄太,56.0,,1.0,1.0,門別,グランシャリオドリー(A3),1:00.5,-0.1,晴,3.0,1.0,門別,日高銀聖特別(A2),1:01.0,0.4,曇,12.0,11.0,名古屋,若草賞土古記念(重賞),1:40.9,7.2,晴,9.0,4.0,名古屋,八橋昇竜戦(A),1:40.6,6.5,晴,12.0,8.0,園田,楠賞(重賞),1:33.8,4.8,晴,6.4,3.0,,nar,2026-09-08,56.82,60.2,37.1,55.3,98.0,50.1,56.4,門別実績 / 近走上向き
202646090811,2026-09-08,11,リュウノレッドアイ,7.0,6.0,鈴木太一,55.0,,1.0,2.0,金沢,B23,1:32.8,-0.2,曇,2.0,3.0,金沢,咲き誇れ!みこち8周(B2),1:39.0,0.2,曇,4.0,5.0,金沢,さわやかさやか賞(C1),1:40.9,2.1,曇,4.0,3.0,金沢,白山手取川ジオパーク(C1),1:34.1,1.3,曇,7.0,3.0,金沢,おれたちのアキナゲッ(C1),1:41.7,1.9,曇,17.4,7.0,,nar,2026-09-08,69.3,84.8,51.3,89.7,69.5,60.9,56.2,金沢実績 / 履歴少 / 近走上向き / 安定感
202646090811,2026-09-08,11,リリーブライト,1.0,1.0,中島龍也,57.0,,3.0,2.0,金沢,神代れいん生誕祭20(B1),1:39.4,0.9,曇,1.0,1.0,金沢,「葛山画伯」記念(B2),1:37.7,-1.1,曇,9.0,8.0,3阪神5,舞子特別(2勝クラス),1:51.6,16.1,雨,9.0,10.0,3京都5,久御山特別(2勝クラス),1:33.5,1.3,晴,7.0,9.0,2阪神1,ラジオ関西賞仲春特別(2勝クラス),1:20.4,0.6,晴,2.0,1.0,,nar,2026-09-08,59.45,68.2,49.0,55.3,71.0,53.6,59.5,金沢実績 / 履歴少 / 近走上向き
202645090811,2026-09-08,11,ロードレイジング,5.0,5.0,笹川翼,54.0,,12.0,7.0,川崎,芙蓉賞(OP)(3歳),2:14.6,1.8,曇,9.0,5.0,川崎,クラウンC(重賞),1:46.8,2.7,曇,15.0,16.0,2中山6,フジTVスプリングS(GII),1:48.4,2.4,晴,13.0,10.0,大井,雲取賞競走(JpnIII),1:57.2,3.2,晴,4.0,2.0,浦和,ニューイヤーC(重賞),1:37.0,0.4,曇,14.6,7.0,,nar,2026-09-08,29.73,21.1,29.3,10.3,39.5,44.5,46.0,クラス条件好転 / 履歴少 / 市場オッズ妙味
202645090811,2026-09-08,11,ヴィクトゥーラ,7.0,7.0,野畑凌,55.0,,8.0,10.0,川崎,スパーキングサマーカ(重賞),1:43.3,2.6,晴,5.0,3.0,川崎,スパーキングナイトチ(A2B1),1:44.4,1.4,晴,4.0,5.0,船橋,アンデルセン特別(A2),1:56.5,0.9,晴,2.0,2.0,船橋,ブラッドストーン賞(A2B1),1:50.8,0.1,雨,2.0,5.0,船橋,ハートビートレイン(A2B1),1:41.8,0.2,晴,8.1,4.0,,nar,2026-09-08,56.82,68.3,54.3,69.6,21.5,61.5,51.2,川崎実績 / 履歴少 / 安定感
202645090812,2026-09-08,12,アマビリティ,4.0,3.0,伊藤裕人,53.0,,8.0,11.0,川崎,カノープス賞(B3C1),2:16.3,2.5,晴,2.0,10.0,川崎,川崎青年会議所シニア(C1),2:16.0,1.2,晴,10.0,10.0,川崎,アンドロメダ賞(C1),2:18.1,1.9,晴,4.0,8.0,川崎,青葉木菟特別(3歳),1:38.4,1.6,晴,3.0,6.0,川崎,カサブランカOP(3歳),2:17.1,0.8,曇,31.1,8.0,,nar,2026-09-08,60.08,61.6,76.6,49.8,30.5,68.0,52.9,川崎実績 / 前走人気以上 / 履歴少 / 人気以上に走る傾向
202636090812,2026-09-08,12,アルカナエ,8.0,8.0,鈴木祐,56.0,,11.0,4.0,盛岡,ハダル賞(B2),1:41.0,2.6,曇,2.0,5.0,盛岡,B2二組,1:38.7,0.3,晴,6.0,3.0,水沢,ジューンC(B2),2:07.2,2.5,曇,3.0,1.0,水沢,B2二組,1:44.9,0.5,晴,1.0,1.0,盛岡,C1一組,1:39.6,0.0,晴,9.8,5.0,,nar,2026-09-08,44.85,63.5,34.1,49.8,2.0,53.9,51.2,水沢実績 / 履歴少
202630090812,2026-09-08,12,アンヘル,10.0,7.0,石川倭,55.0,,1.0,1.0,門別,サルビア特別(B3),1:13.4,-0.1,晴,1.0,1.0,門別,8月15日しかべ最大(B1),1:13.3,-1.1,曇,,,門別,ルピナス特別(B3),,,曇,1.0,1.0,門別,第54回アポイの火祭(B4),1:14.0,-0.3,曇,1.0,1.0,門別,キングサリ特別(B4),1:13.7,-0.5,晴,1.8,1.0,,nar,2026-09-08,68.93,100.0,50.0,80.2,50.0,52.5,59.5,門別実績 / 履歴少 / 安定感
202646090812,2026-09-08,12,イルミネーター,1.0,1.0,魚住謙心,57.0,,8.0,7.0,金沢,イヌワシ賞【白山大賞(重賞),2:14.0,2.4,晴,2.0,5.0,金沢,ありがとう!葛山晃平(A1),1:52.4,1.2,曇,1.0,1.0,金沢,お家でネット投票!楽(A2),1:32.8,0.0,雨,1.0,2.0,金沢,国造ゆず特別(B1),1:38.5,-0.2,曇,3.0,2.0,金沢,お家でネット投票!楽(A2),1:31.5,0.4,晴,21.0,4.0,,nar,2026-09-08,58.56,79.3,53.4,69.6,12.5,57.6,56.2,金沢実績 / 履歴少 / 安定感 / 市場オッズ妙味
202630090812,2026-09-08,12,ウィルオレオール,8.0,6.0,望月洵輝,57.0,,,,盛岡,岩手県知事杯OROカ(重賞),,,曇,7.0,11.0,1札幌1,TVh賞(3勝クラス),1:08.7,0.6,曇,12.0,16.0,1函館7,TVh杯(3勝クラス),1:08.3,0.5,晴,5.0,4.0,門別,デルフィニウム特別(A1),1:51.1,1.4,曇,5.0,4.0,門別,スミレ特別(A3),1:51.2,0.9,晴,9.1,4.0,,nar,2026-09-08,51.85,46.4,65.5,24.9,52.0,59.1,56.4,門別実績 / 前走人気以上 / 人気以上に走る傾向
202646090812,2026-09-08,12,カズロレアート,5.0,5.0,松戸政也,57.0,,1.0,8.0,金沢,金沢競馬は楽天競馬で(A2),1:53.3,0.0,晴,7.0,8.0,金沢,金沢競馬は楽天競馬で(A2),1:55.4,1.8,晴,7.0,7.0,金沢,金沢競馬は楽天競馬で(A2),1:54.4,0.9,曇,6.0,5.0,金沢,金沢競馬は楽天競馬で(A2),1:55.1,0.9,曇,2.0,2.0,金沢,金沢競馬は楽天競馬で(A2),1:54.5,1.0,曇,33.3,5.0,,nar,2026-09-08,63.48,71.9,65.6,40.7,77.0,60.9,49.6,前走人気以上 / 履歴少 / 人気以上に走る傾向 / 近走上向き
202645090812,2026-09-08,12,キクノルタ,8.0,5.0,岡村裕基,54.0,,1.0,5.0,川崎,ヴァルキリー賞(C2C3),2:16.3,-0.1,晴,3.0,10.0,川崎,ラケシス賞(C2),2:15.6,0.4,曇,4.0,7.0,川崎,アルテミス賞(C2),2:18.3,1.9,曇,6.0,9.0,川崎,ティール賞(C2),2:16.2,1.1,晴,5.0,4.0,川崎,ファイナルアンサー賞(C2),1:39.5,1.4,晴,14.1,5.0,,nar,2026-09-08,75.95,82.1,77.2,85.4,71.0,71.7,56.2,川崎実績 / 前走人気以上 / 履歴少 / 人気以上に走る傾向
202636090812,2026-09-08,12,クイーンカード,9.0,8.0,高松亮,54.0,,9.0,9.0,盛岡,OROターフ特別(OP),1:39.1,2.0,曇,2.0,7.0,盛岡,納涼特別(A),1:40.0,0.5,曇,10.0,4.0,盛岡,フェアリーC(重賞),1:55.1,1.9,曇,1.0,8.0,盛岡,ネモフィラ賞(B1),1:24.6,-0.4,曇,4.0,7.0,盛岡,レモンポップ特別(B1),1:25.7,1.0,晴,10.2,6.0,,nar,2026-09-08,54.3,61.8,59.7,49.8,21.5,65.7,48.8,履歴少 / 過小評価傾向
202630090812,2026-09-08,12,クラサーベル,12.0,8.0,阿部龍,57.0,,11.0,11.0,門別,ダリア特別(A3),1:15.5,2.5,晴,10.0,9.0,門別,グランシャリオドリー(A3),1:03.0,2.5,晴,5.0,5.0,門別,ホクレン玉ねぎ「真白(A3),1:15.5,1.8,雨,8.0,8.0,門別,日高銀聖特別(A2),1:03.7,3.1,曇,7.0,6.0,門別,日高町建設協会特別(A4),1:15.8,1.7,曇,421.8,12.0,,nar,2026-09-08,39.78,38.3,47.5,19.8,29.0,49.6,48.5,総合評価
202645090812,2026-09-08,12,クレーネ,1.0,1.0,神尾香澄,52.0,,12.0,12.0,川崎,カノープス賞(B3C1),2:16.9,3.1,晴,7.0,9.0,川崎,キリマンジェロ賞(C1),1:37.4,1.0,曇,10.0,8.0,川崎,フォーカード賞(C1),1:47.9,1.6,雨,10.0,6.0,川崎,スフィーダ賞(C1),1:39.7,3.1,曇,2.0,7.0,浦和,双子座特別(C1),1:29.9,0.1,曇,57.1,10.0,,nar,2026-09-08,37.48,35.7,50.3,10.3,21.5,51.6,43.8,履歴少
202630090812,2026-09-08,12,サンダーアラート,2.0,2.0,宮内勇樹,56.0,,7.0,1.0,3京都8,障害3歳以上OP,3:42.1,2.7,曇,2.0,1.0,3中京5,障害3歳以上OP,3:36.8,0.2,曇,1.0,2.0,3阪神2,障害3歳以上未勝利,3:20.8,-0.5,曇,2.0,1.0,1新潟3,障害4歳以上未勝利,3:12.2,0.8,曇,2.0,2.0,1小倉12,障害4歳以上未勝利,3:17.0,0.6,雨,17.9,6.0,,nar,2026-09-08,54.93,81.4,35.9,69.6,18.5,57.7,48.8,履歴少 / 安定感 / 市場オッズ妙味
202645090812,2026-09-08,12,サンディビーチ,5.0,4.0,張田昂,56.0,,1.0,8.0,川崎,令和8年熊本地震被災(C2C3),2:15.0,-0.5,晴,11.0,8.0,川崎,ラケシス賞(C2),2:19.0,3.8,曇,7.0,11.0,川崎,キャビア賞(C2),1:38.9,1.4,曇,8.0,11.0,川崎,神楽酒造盃くろうま賞(C1C2),1:47.7,1.8,曇,11.0,9.0,船橋,タマシギ特別(C2),1:47.4,3.2,晴,11.3,3.0,,nar,2026-09-08,60.39,54.1,66.8,30.4,99.5,63.6,47.1,前走人気以上 / 履歴少 / 人気以上に走る傾向 / 近走上向き
202630090812,2026-09-08,12,サンヨウテイオウ,9.0,7.0,藤田凌駕,56.0,,7.0,7.0,門別,ダリア特別(A3),1:13.9,0.9,晴,5.0,3.0,門別,旭岳賞〔H3〕(重賞),1:44.2,4.1,雨,7.0,4.0,門別,赤レンガ記念〔H3〕(重賞),2:13.1,5.8,曇,5.0,2.0,門別,ソフトカツゲン発売7(A3),1:57.5,0.7,曇,1.0,2.0,名古屋,東海優駿(重賞),2:19.2,-0.7,晴,37.2,8.0,,nar,2026-09-08,50.17,63.3,40.0,49.8,35.0,51.8,54.2,門別実績 / クラス条件好転 / 履歴少 / 市場オッズ妙味
202636090812,2026-09-08,12,シマサンブラック,1.0,1.0,村上忍,56.0,,3.0,1.0,盛岡,B1二組,1:39.0,1.1,曇,6.0,1.0,盛岡,B1,1:38.2,1.4,晴,8.0,3.0,盛岡,アンタレス賞(B1),1:46.1,1.1,小雨,7.0,1.0,盛岡,せきれい賞(重賞),2:33.2,1.2,曇,1.0,1.0,水沢,ジューンC(B2),2:04.7,-0.2,曇,8.9,4.0,,nar,2026-09-08,48.77,67.1,24.0,40.7,65.0,47.6,48.8,履歴少 / 近走上向き
202646090812,2026-09-08,12,ジューンノールック,6.0,6.0,米倉知,55.0,,11.0,6.0,金沢,ありがとう!葛山晃平(A1),1:55.7,4.5,曇,4.0,6.0,金沢,加賀友禅賞【読売レデ(重賞),1:38.3,1.4,曇,5.0,7.0,金沢,スマホで投票!楽天競(A1),1:31.7,2.6,曇,4.0,4.0,金沢,来週は百万石祭楽しも(A1),1:32.8,0.9,晴,4.0,5.0,金沢,お松の方賞(重賞),1:39.0,1.5,晴,36.8,7.0,,nar,2026-09-08,50.49,57.4,46.3,69.6,9.5,56.3,59.2,金沢実績 / クラス条件好転 / 履歴少 / 安定感
202645090812,2026-09-08,12,タキ,9.0,6.0,町田直希,56.0,,11.0,8.0,川崎,鳳仙花賞(C1),1:33.3,2.3,晴,4.0,7.0,川崎,ファイナルアンサー賞(C1),1:37.8,0.8,曇,7.0,10.0,川崎,あやせオープンファク(C1),1:32.5,1.1,晴,7.0,12.0,川崎,C1一 二,1:32.7,1.9,曇,12.0,11.0,川崎,開成町賞(C1),1:34.3,2.9,晴,43.2,9.0,,nar,2026-09-08,45.26,44.1,57.4,24.9,29.0,57.4,46.3,履歴少 / 市場オッズ妙味
202645090812,2026-09-08,12,ティナバローズ,3.0,3.0,和田譲治,54.0,,10.0,12.0,船橋,馬い!お米は魚沼でん(C1五),1:39.2,3.9,晴,6.0,10.0,船橋,スターマイン特別(C1),1:59.3,1.9,曇,10.0,10.0,船橋,スタープリンス特別(C1),2:00.2,2.8,曇,3.0,9.0,川崎,ウルド賞(C1),2:16.8,0.5,晴,9.0,14.0,船橋,ジョッキーズチャンピ(C1),2:31.0,2.2,小雨,28.2,6.0,,nar,2026-09-08,49.34,45.0,71.0,14.6,32.0,63.9,51.8,クラス条件好転 / 履歴少 / 人気以上に走る傾向 / 市場オッズ妙味
202630090812,2026-09-08,12,ディオスメッセージ,6.0,5.0,桑村真明,57.0,,4.0,4.0,門別,ダリア特別(A3),1:13.6,0.6,晴,2.0,1.0,門別,ホクレン玉ねぎ「真白(A3),1:13.9,0.2,雨,5.0,7.0,門別,アルビレオ特別(A2),1:14.6,0.9,曇,3.0,1.0,門別,アメリカンペイトリオ(A3),1:14.5,0.5,晴,4.0,8.0,門別,サラブレッドのまち日(A1),1:13.8,0.3,曇,14.6,5.0,,nar,2026-09-08,66.88,79.6,51.9,100.0,47.0,63.4,56.4,門別実績 / 安定感 / 市場オッズ妙味
202630090812,2026-09-08,12,トーアサジタリウス,3.0,3.0,小野楓馬,55.0,,10.0,13.0,1札幌8,小樽特別(1勝クラス),1:09.4,1.3,晴,2.0,4.0,門別,星の降る里・芦別健夏(B1),1:14.5,0.3,曇,10.0,12.0,1函館3,下北半島特別(1勝クラス),1:09.7,1.0,晴,11.0,7.0,門別,北斗盃〔H3〕(重賞),1:46.9,3.1,晴,5.0,4.0,門別,エピファネイア・プレ(B2),1:52.3,1.2,曇,8.1,3.0,,nar,2026-09-08,48.23,46.9,57.8,35.3,32.0,55.3,54.0,門別実績 / 前走人気以上 / 履歴少
202645090812,2026-09-08,12,ノッテストラータ,11.0,7.0,中越琉世,54.0,,14.0,14.0,川崎,カノープス賞(B3C1),2:17.5,3.7,晴,9.0,2.0,川崎,ファイナルアンサー賞(C1),1:38.7,1.7,曇,8.0,8.0,川崎,アンドロメダ賞(C1),2:17.8,1.6,晴,10.0,12.0,川崎,見返り美人特別(B3二),1:46.5,1.7,晴,6.0,10.0,川崎,青葉空特別(B3二),1:45.4,2.1,晴,99.2,13.0,,nar,2026-09-08,31.36,28.0,42.7,0.0,15.5,50.3,43.8,履歴少
202646090812,2026-09-08,12,ハクサンツキミテイ,2.0,2.0,加藤翔馬,57.0,,2.0,2.0,金沢,スマホで投票!楽天競(A1),1:38.2,0.3,晴,3.0,4.0,金沢,ありがとう!葛山晃平(A1),1:52.7,1.5,曇,6.0,5.0,金沢,日本海スプリント(重賞),1:31.8,1.5,曇,1.0,1.0,金沢,来週は百万石祭楽しも(A1),1:31.9,-0.5,晴,2.0,1.0,金沢,スマホで投票!楽天競(A1),1:38.6,0.7,晴,4.9,2.0,,nar,2026-09-08,65.49,84.9,49.6,80.2,56.0,56.1,56.2,金沢実績 / 履歴少 / 安定感
202636090812,2026-09-08,12,ハヤブサアポチャン,2.0,2.0,塚本涼人,54.0,,12.0,6.0,名古屋,夏の大三角特別(B),1:42.3,6.2,小雨,8.0,5.0,名古屋,夕凪特別(A),1:38.2,2.6,曇,1.0,1.0,川崎,ソルスティツィオ賞(C2),1:38.1,-0.1,晴,3.0,2.0,船橋,アマガエルスプリント(C2),1:16.7,1.0,雨,2.0,2.0,浦和,C2三 四,1:38.5,1.3,晴,26.7,8.0,,nar,2026-09-08,40.36,56.1,31.0,44.7,0.0,49.8,48.8,履歴少 / 市場オッズ妙味
202636090812,2026-09-08,12,パドメ,4.0,4.0,山本聡紀,54.0,,8.0,7.0,盛岡,B1三組,1:41.1,1.8,曇,6.0,6.0,盛岡,明神崎賞(B1),1:27.0,1.2,曇,9.0,2.0,園田,網干7ハロンC3一,1:33.9,2.3,晴,8.0,3.0,園田,C2一,1:34.2,3.1,曇,1.0,1.0,園田,C2二,1:33.7,-0.2,曇,118.7,9.0,,nar,2026-09-08,39.41,52.2,33.1,10.3,38.0,44.2,48.8,履歴少
202645090812,2026-09-08,12,ビルドラポール,6.0,4.0,加藤雄真,54.0,,11.0,11.0,川崎,ポータルサイト「やま(C1),1:46.8,2.2,晴,6.0,9.0,川崎,川崎青年会議所シニア(C1),2:16.9,2.1,晴,6.0,9.0,川崎,アンドロメダ賞(C1),2:17.6,1.4,晴,6.0,8.0,川崎,ウルド賞(C1),2:17.5,1.2,晴,6.0,7.0,浦和,月見草特別(C1),1:38.9,1.7,曇,116.2,14.0,,nar,2026-09-08,43.13,47.8,62.1,0.0,20.0,57.4,43.8,履歴少
202645090812,2026-09-08,12,ビービーシャーンス,14.0,8.0,菅原吏久,53.0,,10.0,8.0,船橋,夏の大三角賞(C1),1:59.1,2.2,晴,4.0,6.0,船橋,スターマイン特別(C1),1:59.0,1.6,曇,5.0,7.0,川崎,百日紅賞(C1),1:33.0,0.8,曇,6.0,8.0,船橋,流汗淋漓2200(B2B3),2:32.5,2.0,曇,1.0,4.0,川崎,スクルド賞(C1),2:15.5,-0.1,曇,28.5,7.0,,nar,2026-09-08,53.33,60.0,56.2,55.0,14.0,60.9,62.5,川崎実績 / クラス条件好転 / 履歴少 / 市場オッズ妙味
202636090812,2026-09-08,12,ブローヴェイス,5.0,5.0,山本聡哉,56.0,,6.0,5.0,盛岡,ハダル賞(B2),1:39.6,1.2,曇,3.0,3.0,盛岡,いわて北緯40度葛巻(B2),1:39.8,0.4,晴,2.0,2.0,盛岡,B2二組,1:39.7,0.3,曇,6.0,4.0,盛岡,ジュライC(B2),1:39.3,1.3,曇,2.0,1.0,盛岡,ドンフランキー特別(B2),1:38.9,0.1,晴,4.3,2.0,,nar,2026-09-08,55.0,75.6,45.1,55.0,33.5,53.6,48.8,履歴少
202645090812,2026-09-08,12,ボルドーダゲール,7.0,5.0,増田充宏,56.0,,9.0,8.0,川崎,ポータルサイト「やま(C1),1:46.7,2.1,晴,6.0,9.0,川崎,ファイナルアンサー賞(C1),1:38.0,1.0,曇,9.0,11.0,川崎,アンドロメダ賞(C1),2:17.8,1.6,晴,6.0,5.0,川崎,スクルド賞(C1),2:17.0,1.5,曇,7.0,11.0,船橋,ジョッキーズチャンピ(C1),2:30.5,1.7,小雨,86.9,12.0,,nar,2026-09-08,43.85,47.1,57.7,0.0,38.0,56.1,43.8,履歴少
202645090812,2026-09-08,12,マイカラー,13.0,8.0,野畑凌,55.0,,16.0,3.0,2中京5,3歳未勝利,2:06.5,4.5,晴,5.0,2.0,3阪神6,3歳未勝利,1:54.9,2.3,晴,2.0,7.0,3阪神3,3歳未勝利,2:07.7,0.2,晴,4.0,3.0,1新潟8,3歳未勝利,1:55.6,1.6,曇,4.0,3.0,2阪神4,3歳未勝利,1:53.6,0.8,晴,1.8,1.0,,nar,2026-09-08,39.88,54.1,22.3,69.6,0.0,44.1,48.8,履歴少 / 安定感
202630090812,2026-09-08,12,マスグラバイト,11.0,8.0,服部茂史,57.0,,5.0,5.0,門別,ビアパーティーAib(A1),1:52.0,3.1,雨,6.0,5.0,門別,クレオメ特別(A1),1:58.7,1.8,晴,5.0,7.0,門別,ミルクランド北海道特(A1),1:51.0,3.2,雨,6.0,8.0,門別,アルビレオ特別(A2),1:14.8,1.1,曇,2.0,4.0,門別,夕張メロン、味は特別(A4),1:02.5,0.9,晴,123.5,10.0,,nar,2026-09-08,58.2,67.3,54.5,60.5,48.5,56.8,52.5,門別実績 / 安定感
202636090812,2026-09-08,12,マチカゼ,3.0,3.0,菅原辰徳,56.0,,5.0,5.0,盛岡,B1,1:37.9,1.1,晴,5.0,5.0,盛岡,親子で学ぶ!味覚とテ(B1),1:40.6,1.6,小雨,7.0,3.0,盛岡,B1二組,1:40.7,1.9,曇,6.0,1.0,盛岡,カッパ淵賞(B1),1:25.9,1.1,晴,4.0,3.0,水沢,B1,1:28.9,0.7,曇,18.2,7.0,,nar,2026-09-08,54.25,64.5,38.6,65.7,53.0,55.8,48.8,履歴少 / 安定感 / 市場オッズ妙味
202646090812,2026-09-08,12,マニーヒーロー,7.0,7.0,中島龍也,57.0,,4.0,3.0,金沢,楽天ポイントが貯まる(A1),1:31.1,1.4,晴,2.0,4.0,金沢,金沢競馬は楽天競馬で(A2),1:53.4,0.0,晴,2.0,4.0,金沢,金沢競馬は楽天競馬で(A2),1:54.0,0.4,晴,1.0,7.0,金沢,金沢競馬は楽天競馬で(A2),1:54.2,-0.2,曇,3.0,3.0,金沢,金沢競馬は楽天競馬で(A2),1:55.2,1.7,曇,11.5,3.0,,nar,2026-09-08,70.74,87.5,60.3,100.0,38.0,66.2,59.5,金沢実績 / 履歴少 / 安定感 / 過小評価傾向
202636090812,2026-09-08,12,マルーントリック,6.0,6.0,佐々木志,54.0,,2.0,2.0,盛岡,B1三組,1:39.6,0.3,曇,8.0,5.0,盛岡,オーガストC(B2),1:26.7,1.2,晴,1.0,6.0,盛岡,B2,1:25.7,-0.4,雨,7.0,6.0,盛岡,ソウルラッシュ特別(B2),1:25.9,1.3,晴,1.0,1.0,水沢,猊鼻渓賞(B2),1:28.5,0.0,晴,8.1,3.0,,nar,2026-09-08,61.7,76.6,50.7,60.5,63.5,59.6,48.8,履歴少 / 安定感
202646090812,2026-09-08,12,マンガン,4.0,4.0,柴田勇真,57.0,,8.0,8.0,金沢,ありがとう!葛山晃平(A1),1:53.6,2.4,曇,6.0,3.0,金沢,金沢サマーC(重賞),1:55.3,3.2,曇,3.0,9.0,金沢,百万石賞(重賞),2:20.8,2.5,晴,4.0,5.0,金沢,楽天競馬で馬券を買お(A1),1:56.2,1.2,晴,6.0,6.0,金沢,JBCイヤー記念【利(重賞),1:58.6,1.7,晴,35.4,6.0,,nar,2026-09-08,51.46,62.2,54.1,34.3,30.5,57.3,52.6,クラス条件好転 / 履歴少 / 市場オッズ妙味
202636090812,2026-09-08,12,ミシロウェイ,7.0,7.0,高橋悠里,56.0,,3.0,1.0,盛岡,夢・希望未来へ前進(B1),1:39.1,0.5,曇,4.0,2.0,盛岡,夢・希望未来へ前進(B1),1:39.8,0.4,晴,1.0,1.0,盛岡,B2一組,1:39.4,-0.1,曇,1.0,2.0,盛岡,ジュライC(B2),1:38.0,-0.1,曇,1.0,4.0,盛岡,B2二組,1:38.4,-0.3,晴,2.1,1.0,,nar,2026-09-08,65.29,89.2,45.4,100.0,42.5,53.2,48.8,履歴少 / 安定感
202630090812,2026-09-08,12,ヤマニンパッセ,5.0,5.0,落合玄太,55.0,,2.0,2.0,門別,ダリア特別(A3),1:13.1,0.1,晴,5.0,2.0,門別,ポラリスサマースプリ(重賞),1:14.9,2.0,曇,2.0,2.0,門別,アルビレオ特別(A2),1:13.7,0.0,曇,1.0,1.0,門別,日高町建設協会特別(A4),1:14.1,-0.2,曇,1.0,1.0,門別,ホクレンえん麦特別(A4),1:00.2,-1.3,曇,4.2,2.0,,nar,2026-09-08,66.97,88.0,44.8,100.0,51.5,54.2,58.2,門別実績 / クラス条件好転 / 安定感
202630090812,2026-09-08,12,ラストボーン,1.0,1.0,渡辺準己,53.0,,6.0,5.0,門別,ベゴニア特別(A3),1:01.9,1.7,晴,5.0,8.0,門別,グランシャリオドリー(A3),1:01.6,1.1,晴,5.0,7.0,門別,8月15日しかべ最大(B1),1:14.9,1.6,曇,4.0,8.0,門別,星の降る里・芦別健夏(B1),1:15.0,0.8,曇,5.0,5.0,門別,とままえメロン特別(B3),1:15.3,0.8,曇,210.5,11.0,,nar,2026-09-08,60.36,66.7,60.0,69.6,42.5,58.7,56.2,門別実績 / 履歴少 / 安定感
202630090812,2026-09-08,12,リアルガー,4.0,4.0,松井伸也,56.0,,6.0,10.0,門別,ダリア特別(A3),1:13.8,0.8,晴,7.0,6.0,門別,グランシャリオドリー(B1),1:52.4,1.6,晴,6.0,3.0,門別,星の降る里・芦別健夏(B1),1:15.4,1.2,曇,3.0,2.0,門別,胆振軽種馬農業協同組(B3),1:14.3,1.2,晴,4.0,4.0,門別,スワーヴリチャード・(B3),1:14.8,0.5,曇,73.4,9.0,,nar,2026-09-08,50.57,63.2,51.6,24.9,44.0,52.0,49.6,前走人気以上 / 履歴少
202645090812,2026-09-08,12,リュウバター,12.0,7.0,山林堂信,56.0,,4.0,10.0,川崎,カノープス賞(B3C1),2:15.8,2.0,晴,4.0,4.0,川崎,川崎青年会議所シニア(C1),2:16.2,1.4,晴,1.0,3.0,川崎,アルテミス賞(C2),2:16.4,0.0,曇,2.0,6.0,川崎,スクルド賞(C1),2:15.6,0.1,曇,8.0,10.0,川崎,イーリス賞(C1),2:15.4,0.7,晴,12.4,4.0,,nar,2026-09-08,71.36,79.8,71.1,89.7,48.5,69.8,56.2,川崎実績 / 前走人気以上 / 履歴少 / 人気以上に走る傾向
202645090812,2026-09-08,12,リュクススティール,2.0,2.0,達城龍次,56.0,,10.0,9.0,川崎,ポータルサイト「やま(C1),1:46.8,2.2,晴,9.0,11.0,川崎,川崎青年会議所シニア(C1),2:17.6,2.8,晴,8.0,11.0,川崎,フォーカード賞(C1),1:47.6,1.3,雨,9.0,9.0,大井,芒種特別競走(C1),2:44.3,4.2,曇,12.0,14.0,大井,C1二 三四(C1三),1:45.4,1.4,雨,70.5,11.0,,nar,2026-09-08,40.51,32.7,57.0,0.0,47.0,54.8,43.8,履歴少
202646090812,2026-09-08,12,ルージュミラージュ,3.0,3.0,栗原大河,55.0,,7.0,4.0,金沢,読売レディス杯(重賞),1:38.6,2.7,曇,1.0,1.0,金沢,加賀友禅賞【読売レデ(重賞),1:36.9,-0.8,曇,1.0,1.0,金沢,スマホで投票!楽天競(A1),1:50.9,-0.7,曇,10.0,10.0,1新潟1,三条S(3勝クラス),1:55.6,2.7,晴,13.0,11.0,1小倉5,豊前S(3勝クラス),1:46.1,0.7,晴,1.2,1.0,,nar,2026-09-08,51.19,65.0,42.2,44.7,45.5,47.5,54.0,金沢実績 / 履歴少
202630090812,2026-09-08,12,レディパイロ,7.0,6.0,黒澤愛斗,54.0,,5.0,6.0,門別,ダリア特別(A3),1:13.8,0.8,晴,2.0,2.0,門別,8月15日しかべ最大(B1),1:14.4,1.1,曇,3.0,1.0,門別,星の降る里・芦別健夏(B1),1:14.7,0.5,曇,1.0,1.0,門別,とままえメロン特別(B3),1:14.5,-0.3,曇,2.0,5.0,門別,胆振軽種馬農業協同組(B3),1:13.7,0.6,晴,32.6,7.0,,nar,2026-09-08,65.82,84.3,51.5,100.0,32.0,57.6,59.5,門別実績 / 履歴少 / 安定感 / 市場オッズ妙味
202645090812,2026-09-08,12,ワタシデイイデスカ,10.0,6.0,藤本現暉,54.0,,13.0,3.0,川崎,カノープス賞(B3C1),2:17.4,3.6,晴,,,川崎,猛虎特別(C1),,,晴,1.0,1.0,金沢,金沢競馬は楽天競馬で(A2),1:48.0,-2.0,雨,1.0,1.0,金沢,ポイントで馬券を買お(A2),1:49.6,-0.1,曇,9.0,1.0,金沢,ポイントで馬券を買お(A2),1:31.2,2.7,雨,3.7,2.0,,nar,2026-09-08,32.83,52.3,14.0,34.3,0.0,39.6,51.8,クラス条件好転 / 履歴少
