race_id,日付,レース,馬名,馬番,枠,騎手,斤量,実着順,着順1,人気1,場1,レース名1,タイム1,着差1,馬場1,着順2,人気2,場2,レース名2,タイム2,着差2,馬場2,着順3,人気3,場3,レース名3,タイム3,着差3,馬場3,着順4,人気4,場4,レース名4,タイム4,着差4,馬場4,着順5,人気5,場5,レース名5,タイム5,着差5,馬場5,単勝オッズ,人気,オッズ更新日時,source,_date,AREru指数,因子_performance,因子_upset,因子_consistency,因子_trend,因子_value,因子_context,理由
202635090101,2026-09-01,1,アカイツメ,9.0,7.0,山本聡哉,54.0,,4.0,3.0,盛岡,C2二組,1:28.1,2.9,曇,7.0,4.0,盛岡,C2一組,1:29.2,3.1,晴,2.0,3.0,盛岡,C2一組,1:27.7,1.2,曇,4.0,2.0,盛岡,C2二組,1:28.4,0.5,晴,6.0,3.0,水沢,C2一組,1:28.8,1.9,曇,11.5,5.0,,nar,2026-09-01,57.15,71.5,39.8,64.7,54.5,55.2,55.3,盛岡実績 / 履歴少 / 安定感
202630090101,2026-09-01,1,アカネビヨリ,2.0,2.0,小川悠汰,52.0,,8.0,7.0,門別,2歳未勝利(未勝利),1:05.2,2.4,晴,8.0,7.0,門別,JRA認定競走フレッ(新馬)(2歳),1:06.3,3.9,曇,,,,,,,,,,,,,,,,,,,,,,31.8,6.0,,nar,2026-09-01,40.49,42.2,41.6,18.0,45.5,48.1,43.2,履歴少 / サンプル少 / 市場オッズ妙味
202635090101,2026-09-01,1,アキミューミュー,2.0,2.0,菅原辰徳,54.0,,2.0,2.0,盛岡,C2三組,1:26.5,1.0,曇,1.0,1.0,盛岡,C2六組,1:13.1,-0.9,曇,1.0,1.0,盛岡,C2九組,1:12.2,-0.6,曇,2.0,2.0,盛岡,C2九組,1:12.5,0.9,曇,9.0,7.0,園田,C1一,1:32.1,2.2,晴,2.7,1.0,,nar,2026-09-01,67.81,89.8,48.6,89.7,57.5,52.9,59.5,盛岡実績 / 履歴少 / 安定感
202648090101,2026-09-01,1,アジアアンプルール,2.0,2.0,大畑慧悟,57.0,,11.0,8.0,名古屋,盆明け疾風戦(3歳),1:00.2,3.1,晴,12.0,4.0,名古屋,名古屋モーニングフィ(3歳),1:44.3,4.6,晴,,,,,,,,,,,,,,,,,,,,,,35.3,7.0,,nar,2026-09-01,31.42,27.0,25.3,18.0,48.8,38.9,43.2,履歴少 / サンプル少
202630090101,2026-09-01,1,アノコロイチバン,7.0,7.0,望月洵輝,55.0,,6.0,8.0,門別,2歳未勝利(未勝利),1:04.0,0.8,曇,7.0,7.0,門別,公認キャラビラッキー(未勝利)(2歳),1:04.2,1.8,晴,7.0,7.0,門別,2歳未勝利(未勝利),1:50.7,2.4,晴,8.0,7.0,門別,JRA認定競走フレッ(新馬)(2歳),1:11.7,3.0,曇,,,,,,,,33.1,7.0,,nar,2026-09-01,46.93,53.4,53.6,0.0,58.0,55.5,43.8,履歴少 / 市場オッズ妙味
202648090101,2026-09-01,1,イントゥディープ,6.0,6.0,木之前葵,55.0,,7.0,12.0,名古屋,盆明け疾風戦(3歳),0:58.9,1.8,晴,11.0,12.0,名古屋,名古屋モーニングフィ(3歳),1:43.3,3.6,晴,12.0,12.0,名古屋,名古屋モーニングフィ(3歳),1:44.0,4.5,曇,9.0,11.0,名古屋,3歳13組,1:41.7,3.9,曇,9.0,10.0,名古屋,3歳15組,0:59.3,3.0,曇,94.4,10.0,,nar,2026-09-01,45.3,32.1,65.1,0.0,69.5,56.8,43.8,前走人気以上 / 履歴少 / 人気以上に走る傾向 / 近走上向き
202630090101,2026-09-01,1,ウィルアイガー,6.0,6.0,石川倭,55.0,,2.0,3.0,門別,2歳未勝利(未勝利),1:02.4,0.6,曇,4.0,1.0,門別,公認キャラビラッキー(未勝利)(2歳),1:03.2,0.8,晴,4.0,3.0,門別,JRA認定競走アタッ(未勝利)(2歳),1:03.0,1.5,晴,7.0,3.0,門別,JRA認定競走アタッ(未勝利)(2歳),1:57.9,3.7,曇,3.0,2.0,門別,JRA認定競走アタッ(未勝利)(2歳),1:10.0,1.5,曇,1.6,1.0,,nar,2026-09-01,61.88,78.2,40.7,85.4,65.0,46.8,56.2,門別実績 / 履歴少 / 近走上向き / 安定感
202630090101,2026-09-01,1,ウルトラマックス,9.0,8.0,若杉朝飛,55.0,,10.0,10.0,門別,2歳未勝利(未勝利),1:07.1,3.9,曇,12.0,10.0,門別,2歳未勝利(未勝利),1:07.0,4.9,曇,11.0,11.0,門別,2歳未勝利(未勝利),1:07.8,5.0,曇,9.0,10.0,門別,JRA認定競走フレッ(新馬)(2歳),1:06.9,5.0,晴,,,,,,,,250.9,10.0,,nar,2026-09-01,35.68,23.1,47.2,0.0,54.0,50.1,43.8,履歴少
202646090101,2026-09-01,1,オッスイレブン,3.0,3.0,浅野登生,52.0,,6.0,12.0,金沢,金沢競馬で目指せ初勝(C2),1:42.5,1.8,晴,10.0,10.0,金沢,C29,1:46.7,6.5,曇,9.0,6.0,金沢,かつののみや杯(C2),1:46.2,4.4,曇,7.0,9.0,金沢,日本列島☆爆走!ツア(C2特別),1:37.0,2.9,晴,11.0,11.0,金沢,C211,1:46.9,6.2,曇,7.1,4.0,,nar,2026-09-01,46.79,42.0,60.7,0.0,69.5,55.4,43.8,前走人気以上 / 履歴少 / 近走上向き
202635090101,2026-09-01,1,オンザバサラ,1.0,1.0,村上忍,56.0,,1.0,4.0,盛岡,C2五組,1:27.2,0.0,曇,5.0,1.0,盛岡,C2五組,1:28.6,1.2,晴,3.0,3.0,盛岡,C2三組,1:27.7,0.4,曇,3.0,6.0,盛岡,C2六組,1:13.8,0.5,晴,2.0,1.0,水沢,C2六組,1:24.3,1.3,曇,4.5,2.0,,nar,2026-09-01,69.97,85.7,51.7,100.0,63.5,57.1,59.5,盛岡実績 / 前走人気以上 / 履歴少 / 安定感
202635090101,2026-09-01,1,カガバベル,5.0,5.0,阿部英俊,56.0,,7.0,5.0,盛岡,C2一組,1:28.3,2.2,曇,10.0,2.0,盛岡,C1四組,1:27.5,0.8,晴,4.0,2.0,盛岡,C1,1:27.2,0.8,晴,7.0,2.0,水沢,C1一組,1:46.5,0.8,曇,3.0,1.0,水沢,B2,1:29.5,0.2,曇,9.8,4.0,,nar,2026-09-01,40.56,54.1,22.5,30.1,44.0,44.9,48.5,履歴少
202635090101,2026-09-01,1,キタノクーヴェル,6.0,6.0,岩本怜,56.0,,3.0,4.0,盛岡,C2二組,1:27.6,1.9,晴,4.0,5.0,盛岡,C2二組,1:28.9,0.8,曇,4.0,4.0,盛岡,C2二組,1:27.5,0.6,晴,5.0,4.0,盛岡,C2二組,1:27.7,1.8,曇,4.0,5.0,盛岡,C2二組,1:26.9,1.5,曇,18.2,9.0,,nar,2026-09-01,68.48,77.3,53.6,100.0,57.5,65.3,59.5,盛岡実績 / 履歴少 / 安定感 / 過小評価傾向
202646090101,2026-09-01,1,キラメキダンサー,6.0,6.0,甲賀弘隆,55.0,,12.0,10.0,金沢,金沢競馬で目指せ初勝(C2),1:46.8,6.1,晴,10.0,10.0,金沢,フィフスザ中村メシア(C2),1:46.5,5.9,曇,10.0,3.0,金沢,能登復興支援能登金剛(C2),1:45.9,4.3,曇,8.0,4.0,金沢,C29,1:46.3,7.4,晴,2.0,6.0,金沢,第2回又多風緑選手誕(C2),1:35.5,1.3,曇,4.7,3.0,,nar,2026-09-01,32.4,32.1,34.9,10.3,23.0,45.9,46.3,履歴少
202646090101,2026-09-01,1,クリノヒビキ,4.0,4.0,服部大地,57.0,,8.0,9.0,金沢,ばにちゃん&まいちゃ(C2),1:43.6,2.9,晴,8.0,8.0,金沢,フィフスザ中村メシア(C2),1:44.2,3.6,曇,5.0,5.0,金沢,能登復興支援能登金剛(C2),1:43.9,2.3,曇,10.0,10.0,金沢,C28,1:44.4,4.4,晴,5.0,5.0,金沢,第2回又多風緑選手誕(C2),1:36.5,2.3,曇,12.2,6.0,,nar,2026-09-01,47.81,48.9,52.1,30.1,44.0,55.4,49.6,履歴少 / 市場オッズ妙味
202648090101,2026-09-01,1,クロムブレイズ,4.0,4.0,友森翔太,55.0,,8.0,7.0,名古屋,盆明け疾風戦(3歳),0:59.1,2.0,晴,7.0,8.0,川崎,3歳8,1:34.2,2.5,曇,5.0,8.0,川崎,3歳8,1:35.7,2.1,曇,4.0,7.0,川崎,3歳9,1:37.3,5.5,晴,5.0,8.0,川崎,3歳9,1:35.8,1.0,晴,38.8,9.0,,nar,2026-09-01,53.33,57.9,59.0,44.7,33.5,62.1,48.8,履歴少 / 市場オッズ妙味
202635090101,2026-09-01,1,グディカンワル,8.0,7.0,小林凌,56.0,,6.0,7.0,盛岡,C2一組,1:27.8,1.7,曇,8.0,8.0,盛岡,うまレター賞(C2),1:31.0,2.7,晴,8.0,5.0,盛岡,C2一組,1:30.5,4.4,晴,1.0,1.0,盛岡,街を守る盛岡市消防団(C2),1:27.7,-0.4,曇,4.0,5.0,盛岡,C2五組,1:13.1,0.6,曇,32.5,11.0,,nar,2026-09-01,49.56,60.3,48.7,24.9,45.5,54.1,49.6,履歴少 / 市場オッズ妙味
202648090101,2026-09-01,1,ケイツータカ,7.0,7.0,大原浩司,55.0,,10.0,7.0,名古屋,金シャチ最終戦(3歳),1:41.5,2.8,晴,11.0,6.0,名古屋,3歳13組,1:45.7,7.7,曇,8.0,7.0,名古屋,3歳12組,1:40.7,2.5,曇,15.0,16.0,2東京8,3歳未勝利,1:31.3,5.1,晴,14.0,15.0,1中京1,3歳未勝利,1:16.1,2.9,晴,23.8,6.0,,nar,2026-09-01,33.09,22.2,35.3,0.0,62.0,47.1,43.8,履歴少
202644090101,2026-09-01,1,ゴッドモード,10.0,8.0,谷内貫太,55.0,,5.0,8.0,大井,C3三　四,1:45.1,0.9,雨,7.0,10.0,大井,C3四　五,1:44.6,1.8,晴,5.0,10.0,大井,C3四　五,1:45.0,0.5,晴,11.0,11.0,大井,C3四　五,1:45.4,1.6,曇,11.0,7.0,大井,C3五　六,1:47.0,1.7,晴,11.0,4.0,,nar,2026-09-01,58.89,52.0,65.6,50.2,71.0,64.8,49.6,前走人気以上 / 履歴少 / 人気以上に走る傾向 / 近走上向き
202630090101,2026-09-01,1,サオリ,10.0,8.0,黒澤愛斗,55.0,,7.0,8.0,門別,2歳未勝利(未勝利),1:03.6,1.8,曇,4.0,8.0,門別,JRA認定競走フレッ(新馬)(2歳),1:04.0,1.0,晴,,,,,,,,,,,,,,,,,,,,,,20.2,3.0,,nar,2026-09-01,48.88,52.5,54.6,31.7,35.6,56.3,51.2,門別実績 / 履歴少 / サンプル少 / 市場オッズ妙味
202648090101,2026-09-01,1,サノノスレーヴ,8.0,7.0,今井貴大,55.0,,2.0,1.0,名古屋,盆明け疾風戦(3歳),0:58.0,0.9,晴,,,,,,,,,,,,,,,,,,,,,,,,,,,,,1.3,1.0,,nar,2026-09-01,43.0,49.9,39.1,36.3,40.6,39.5,48.8,履歴少 / サンプル少
202630090101,2026-09-01,1,サノノレーザー,3.0,3.0,服部茂史,55.0,,8.0,7.0,門別,2歳未勝利(未勝利),1:04.6,2.2,曇,6.0,9.0,門別,平取町馬事普及賞(未勝利)(2歳),1:03.9,1.6,晴,12.0,10.0,門別,2歳未勝利(未勝利),1:11.4,2.3,曇,,,門別,北のハードワーカー菊(未勝利)(2歳),,,晴,5.0,9.0,門別,JRA認定競走フレッ(新馬)(2歳),1:04.8,2.4,曇,37.6,8.0,,nar,2026-09-01,44.84,44.2,53.8,10.3,48.0,56.1,47.1,履歴少 / 市場オッズ妙味
202648090101,2026-09-01,1,サンモリッツ,1.0,1.0,山田祥雄,55.0,,11.0,4.0,名古屋,金シャチ最終戦(3歳),1:41.5,2.8,晴,4.0,8.0,名古屋,名古屋モーニングフィ(3歳),1:41.4,1.9,曇,10.0,4.0,名古屋,3歳13組,1:41.8,4.0,曇,3.0,3.0,名古屋,深川靖誕生日記念(2歳),0:58.7,1.8,晴,,,,,,,,23.8,5.0,,nar,2026-09-01,39.43,47.7,31.9,39.5,18.0,45.5,51.2,名古屋実績 / 履歴少 / 市場オッズ妙味
202648090101,2026-09-01,1,シャインプレマ,5.0,5.0,丹羽克輝,55.0,,7.0,11.0,名古屋,金シャチ最終戦(3歳),1:41.3,2.6,晴,9.0,8.0,名古屋,名古屋モーニングフィ(3歳),1:41.0,1.3,晴,9.0,7.0,名古屋,名古屋モーニングフィ(3歳),1:42.0,2.5,曇,9.0,11.0,名古屋,3歳12組,1:40.4,3.0,曇,9.0,10.0,名古屋,3歳14組,1:40.0,2.8,曇,36.5,8.0,,nar,2026-09-01,44.48,40.9,56.8,0.0,62.0,54.3,43.8,前走人気以上 / 履歴少
202648090101,2026-09-01,1,シルヴァークラウン,9.0,8.0,近藤颯羽,52.0,,6.0,3.0,名古屋,金シャチ最終戦(3歳),1:40.5,1.8,晴,7.0,7.0,名古屋,3歳14組,1:41.4,2.0,曇,12.0,7.0,名古屋,3歳11組,1:40.6,3.3,曇,12.0,15.0,3京都3,3歳未勝利,1:21.9,1.5,晴,18.0,16.0,1小倉9,3歳未勝利,1:11.2,2.4,晴,10.6,3.0,,nar,2026-09-01,40.7,35.3,38.3,0.0,87.5,48.1,43.8,履歴少 / 近走上向き
202646090101,2026-09-01,1,ジェムストンパワー,5.0,5.0,松戸政也,57.0,,7.0,5.0,金沢,鳩村月麦3歳のお誕生(C2),1:43.7,3.1,晴,8.0,4.0,金沢,C29,1:44.7,4.5,曇,12.0,9.0,大井,C3五,1:18.3,3.2,曇,7.0,9.0,大井,C3五,1:16.9,1.7,曇,10.0,11.0,大井,C3四　五六(C3五),1:32.2,2.2,晴,4.5,2.0,,nar,2026-09-01,38.75,39.6,37.4,0.0,63.5,47.8,43.8,履歴少
202644090101,2026-09-01,1,ジコン,9.0,8.0,吉井章,56.0,,1.0,1.0,大井,C3五　六,1:44.5,-0.5,曇,4.0,2.0,大井,C3六　七,1:45.2,0.8,晴,11.0,4.0,大井,C2九　十11(C2十),1:45.9,2.7,晴,5.0,3.0,大井,C2七　八九(C2八),1:44.3,0.9,雨,2.0,2.0,大井,モヒート賞(C2),1:43.4,0.4,晴,2.1,1.0,,nar,2026-09-01,59.64,72.7,34.8,80.2,77.0,46.0,56.2,大井実績 / 履歴少 / 近走上向き / 安定感
202644090101,2026-09-01,1,ジャスミンカーラ,6.0,6.0,藤本現暉,54.0,,10.0,9.0,大井,C3三　四,1:46.0,1.8,雨,6.0,9.0,大井,C3四　五,1:44.4,1.6,晴,3.0,5.0,大井,C3三　四,1:45.2,1.0,雨,6.0,6.0,大井,C3三　四,1:47.1,0.9,曇,6.0,4.0,船橋,鯉のぼり賞(C3),1:40.9,2.0,晴,20.3,6.0,,nar,2026-09-01,45.97,55.0,54.4,19.8,21.5,56.0,47.1,履歴少 / 市場オッズ妙味
202646090101,2026-09-01,1,ジャスミンガール,2.0,2.0,沖静男,55.0,,8.0,8.0,金沢,鳩村月麦3歳のお誕生(C2),1:45.2,4.6,晴,9.0,8.0,金沢,金沢競馬で目指せ初勝(C2),1:39.1,4.5,晴,8.0,9.0,金沢,かつののみや杯(C2),1:45.6,3.8,曇,10.0,10.0,金沢,日本列島☆爆走!ツア(C2特別),1:39.7,5.6,晴,10.0,10.0,金沢,C211,1:46.1,5.4,曇,20.2,8.0,,nar,2026-09-01,41.07,38.0,49.6,0.0,57.5,51.7,43.8,履歴少
202648090101,2026-09-01,1,ジン,10.0,8.0,松本一心,55.0,,5.0,8.0,名古屋,金シャチ最終戦(3歳),1:40.2,1.5,晴,7.0,5.0,名古屋,名古屋モーニングフィ(3歳),1:41.9,2.4,曇,5.0,6.0,名古屋,3歳13組,1:40.2,2.4,曇,3.0,8.0,名古屋,3歳15組,0:57.8,1.5,曇,7.0,12.0,名古屋,3歳11組,1:34.3,2.6,曇,11.0,4.0,,nar,2026-09-01,62.17,64.7,63.0,64.7,53.0,68.0,52.9,名古屋実績 / 前走人気以上 / 履歴少 / 安定感
202644090101,2026-09-01,1,スモモモモモモモモ,8.0,7.0,田中洸多,54.0,,11.0,4.0,大井,C3三　四,1:47.0,2.8,雨,11.0,11.0,大井,C3四　五,1:45.5,2.7,晴,7.0,7.0,大井,C3三　四,1:16.6,1.7,曇,10.0,5.0,浦和,ランチタイム(C3),1:34.0,2.1,曇,4.0,6.0,浦和,C3七　八,1:32.7,0.4,晴,38.0,8.0,,nar,2026-09-01,32.64,33.3,31.4,10.3,32.0,45.2,43.8,履歴少
202630090101,2026-09-01,1,ゼロギア,5.0,5.0,松井伸也,55.0,,8.0,7.0,門別,2歳未勝利(未勝利),1:11.3,1.9,晴,4.0,4.0,門別,2歳未勝利(未勝利),1:11.0,1.2,曇,7.0,3.0,門別,JRA認定競走フレッ(新馬)(2歳),1:05.7,4.8,雨,,,,,,,,,,,,,,,26.9,4.0,,nar,2026-09-01,44.38,56.7,39.8,24.9,35.0,49.3,48.5,履歴少 / 市場オッズ妙味
202646090101,2026-09-01,1,ソルセルリ,8.0,8.0,栗原大河,55.0,,4.0,8.0,金沢,能登復興支援山伏山賞(C2),1:35.0,2.1,曇,9.0,8.0,金沢,C24,1:44.0,3.5,晴,8.0,4.0,金沢,C26,1:36.7,3.0,晴,9.0,4.0,金沢,C25,1:36.0,3.0,晴,2.0,4.0,金沢,C27,1:34.6,0.4,晴,2.6,1.0,,nar,2026-09-01,52.18,55.5,47.6,40.7,68.0,51.5,49.6,前走人気以上 / 履歴少 / 近走上向き
202646090101,2026-09-01,1,チアフルマノン,7.0,7.0,田知弘久,55.0,,6.0,9.0,金沢,鳩村月麦3歳のお誕生(C2),1:43.6,3.0,晴,9.0,9.0,金沢,C29,1:45.3,5.1,曇,,,金沢,C211,,,曇,8.0,8.0,金沢,C212,1:45.1,4.1,晴,6.0,10.0,金沢,C212,1:37.0,2.2,曇,15.9,7.0,,nar,2026-09-01,48.79,49.6,61.6,0.0,60.0,61.0,43.8,前走人気以上 / 履歴少 / 市場オッズ妙味
202630090101,2026-09-01,1,ティーズブロンシュ,8.0,7.0,小野楓馬,55.0,,9.0,7.0,門別,2歳未勝利(未勝利),1:04.7,2.9,曇,10.0,4.0,門別,優駿の里安平町夢民舎(未勝利)(2歳),1:04.8,1.7,晴,8.0,7.0,門別,JRA認定競走フレッ(新馬)(2歳),1:11.5,2.8,曇,,,,,,,,,,,,,,,28.9,5.0,,nar,2026-09-01,33.02,35.4,28.5,0.0,50.0,41.9,43.8,履歴少
202635090101,2026-09-01,1,ナムラゴロフキン,7.0,6.0,坂井瑛音,55.0,,6.0,7.0,盛岡,C2二組,1:28.4,2.7,晴,7.0,6.0,盛岡,C1,1:28.4,2.3,曇,8.0,11.0,盛岡,C1五組,1:29.0,1.7,晴,8.0,5.0,盛岡,C1,1:28.6,2.3,曇,4.0,4.0,盛岡,C1,1:28.0,0.6,晴,32.0,10.0,,nar,2026-09-01,47.59,54.2,51.5,10.3,54.5,54.7,46.3,履歴少 / 市場オッズ妙味
202648090101,2026-09-01,1,ニシキバーキン,3.0,3.0,大畑雅章,55.0,,3.0,2.0,名古屋,金シャチ最終戦(3歳),1:39.4,0.7,晴,4.0,9.0,名古屋,名古屋モーニングフィ(3歳),1:40.3,0.6,晴,12.0,9.0,名古屋,3歳13組,1:42.4,4.6,曇,7.0,4.0,名古屋,3歳15組,0:58.6,2.3,曇,12.0,11.0,名古屋,セレクトゴールド第2(2歳),1:43.3,4.5,晴,7.2,2.0,,nar,2026-09-01,56.91,55.7,48.7,55.3,84.5,56.5,49.6,履歴少 / 近走上向き
202635090101,2026-09-01,1,フォルトリアン,10.0,8.0,山本聡紀,54.0,,7.0,2.0,盛岡,C2二組,1:28.5,2.8,晴,6.0,3.0,盛岡,C1四組,1:27.3,0.6,晴,4.0,5.0,盛岡,C1五組,1:27.8,1.4,曇,8.0,4.0,盛岡,C1四組,1:28.6,1.5,曇,2.0,2.0,水沢,C1六組,1:28.2,0.6,曇,11.5,6.0,,nar,2026-09-01,44.79,61.7,31.4,30.1,38.0,50.6,47.1,履歴少
202644090101,2026-09-01,1,ブッコワース,3.0,3.0,江里口裕,56.0,,7.0,7.0,大井,C3三　四,1:45.3,1.1,雨,2.0,5.0,大井,C3六　七,1:44.8,0.4,晴,6.0,1.0,大井,C3三　四,1:45.9,1.7,雨,11.0,9.0,大井,C3一　二,1:45.3,1.1,晴,6.0,6.0,大井,C3一　二三(C3二),1:44.7,0.8,晴,21.0,7.0,,nar,2026-09-01,48.2,59.7,46.3,24.9,45.5,52.1,46.3,履歴少 / 市場オッズ妙味
202644090101,2026-09-01,1,ブラントンアロー,2.0,2.0,高橋優,53.0,,2.0,6.0,大井,C3五　六,1:45.0,0.5,曇,9.0,8.0,大井,C3六　七,1:45.7,1.3,晴,4.0,8.0,大井,C3三　四,1:45.3,1.1,雨,5.0,9.0,大井,C3三　四,1:47.0,0.8,曇,7.0,9.0,大井,C3四　五六(C3五),1:46.3,1.6,晴,12.2,5.0,,nar,2026-09-01,66.9,67.2,67.8,64.7,75.5,69.1,52.9,大井実績 / 前走人気以上 / 履歴少 / 人気以上に走る傾向
202644090101,2026-09-01,1,ポジターノ,7.0,7.0,遠藤健太,54.0,,6.0,11.0,大井,C3　選抜牝馬,1:32.1,3.4,雨,8.0,11.0,大井,C3一,2:00.1,3.3,晴,9.0,9.0,大井,夏至賞(C2),2:46.3,3.7,曇,10.0,10.0,大井,グラスホッパー賞(C213),1:46.6,2.6,曇,11.0,12.0,大井,C211　1213(C212),1:46.4,3.5,晴,88.3,9.0,,nar,2026-09-01,48.81,42.5,66.6,0.0,71.0,57.4,43.8,前走人気以上 / 履歴少 / 人気以上に走る傾向 / 近走上向き
202630090101,2026-09-01,1,マカイエンセ,4.0,4.0,岩橋勇二,55.0,,3.0,3.0,門別,2歳未勝利(未勝利),1:03.0,0.2,晴,2.0,3.0,門別,2歳未勝利(未勝利),1:03.1,1.0,曇,3.0,2.0,門別,2歳未勝利(未勝利),1:03.6,0.6,曇,6.0,4.0,門別,2歳牝馬未勝利(未勝利),1:10.6,1.2,晴,3.0,1.0,門別,JRA認定競走フレッ(新馬)(2歳),1:04.0,0.9,雨,2.5,2.0,,nar,2026-09-01,63.76,82.5,46.9,85.4,53.0,51.3,56.2,門別実績 / 履歴少 / 安定感
202644090101,2026-09-01,1,ミンナノブンモ,1.0,1.0,達城龍次,56.0,,4.0,6.0,大井,C3三　四,1:44.7,0.5,雨,10.0,7.0,大井,C3四　五,1:44.7,1.9,晴,10.0,10.0,大井,C3一　二,1:15.5,1.0,曇,10.0,11.0,大井,C3一　二,1:45.0,0.8,晴,1.0,4.0,大井,C3四　五六(C3五),1:30.0,-0.1,晴,6.9,3.0,,nar,2026-09-01,53.51,50.0,52.2,40.7,72.5,60.2,49.6,履歴少 / 近走上向き
202646090101,2026-09-01,1,ムーンライトアリア,1.0,1.0,兼子千央,55.0,,9.0,8.0,金沢,ばにちゃん&まいちゃ(C2),1:43.6,2.9,晴,9.0,11.0,金沢,フィフスザ中村メシア(C2),1:44.2,3.6,曇,7.0,7.0,金沢,能登復興支援能登金剛(C2),1:44.3,2.7,曇,8.0,9.0,金沢,C28,1:43.2,3.2,晴,3.0,9.0,金沢,第2回又多風緑選手誕(C2),1:35.7,1.5,曇,9.9,5.0,,nar,2026-09-01,44.88,45.3,56.7,10.3,36.5,59.6,46.3,履歴少
202644090101,2026-09-01,1,ラインストライカー,5.0,5.0,本村直樹,56.0,,12.0,13.0,大井,C3三　四,1:47.1,2.9,雨,12.0,15.0,大井,C3一,2:01.5,4.7,晴,12.0,13.0,大井,C3三　四,1:47.7,3.5,雨,13.0,12.0,大井,C3一　二,1:16.5,2.3,晴,14.0,13.0,大井,C3一　二三(C3二),1:17.3,2.7,晴,151.5,10.0,,nar,2026-09-01,34.69,9.6,57.0,0.0,54.5,52.9,43.8,履歴少
202644090101,2026-09-01,1,リュウグウノユメ,4.0,4.0,西優哉,51.0,,3.0,2.0,大井,C3五　六,1:45.0,0.5,曇,3.0,3.0,大井,C3六　七,1:44.8,0.4,晴,5.0,8.0,大井,C3一　二,1:44.8,1.6,曇,2.0,5.0,大井,C3三　四,1:46.5,0.3,曇,9.0,8.0,大井,C3四　五六(C3五),1:46.5,1.8,晴,3.2,2.0,,nar,2026-09-01,66.31,77.0,54.4,89.7,60.5,57.6,56.2,大井実績 / 履歴少 / 安定感
202635090101,2026-09-01,1,リーヴルワンダー,4.0,4.0,塚本涼人,56.0,,1.0,3.0,盛岡,C2五組,1:13.2,-0.2,晴,8.0,2.0,盛岡,C2,1:01.7,1.4,晴,2.0,1.0,盛岡,C2六組,1:13.6,0.4,曇,7.0,4.0,船橋,C2四　五,1:20.2,3.1,曇,9.0,9.0,船橋,馬い!スイートポテト(C2五),1:19.2,1.5,曇,13.0,7.0,,nar,2026-09-01,58.45,70.8,39.3,50.2,83.0,55.7,54.0,盛岡実績 / 履歴少 / 近走上向き / 市場オッズ妙味
202635090101,2026-09-01,1,ワイドマルガリータ,11.0,8.0,高橋悠里,54.0,,5.0,4.0,盛岡,C2一組,1:27.5,1.4,曇,5.0,2.0,盛岡,C1五組,1:27.8,0.5,晴,4.0,5.0,盛岡,C1四組,1:27.7,0.6,曇,6.0,3.0,水沢,ポタジェ特別(C1),1:28.2,1.3,曇,1.0,1.0,水沢,C2三組,1:30.8,-0.2,晴,7.6,3.0,,nar,2026-09-01,59.05,71.7,41.0,85.4,44.0,54.7,59.5,盛岡実績 / 履歴少 / 安定感
202630090101,2026-09-01,1,ヴィルボニータ,1.0,1.0,藤田凌駕,54.0,,8.0,6.0,門別,グランシャリオドリー(未勝利)(2歳),1:04.9,2.0,晴,7.0,7.0,門別,2歳未勝利(未勝利),1:05.2,3.2,晴,8.0,10.0,門別,グランシャリオドリー(未勝利)(2歳),1:03.9,0.7,曇,8.0,10.0,門別,2歳未勝利(未勝利),1:05.0,2.2,曇,12.0,12.0,門別,2歳未勝利(未勝利),1:05.6,2.9,曇,58.5,9.0,,nar,2026-09-01,42.41,42.7,50.6,0.0,54.5,52.9,43.8,履歴少
202635090101,2026-09-01,1,ヴェニーレ,3.0,3.0,関本玲花,54.0,,6.0,9.0,盛岡,C2一組,1:26.9,0.5,晴,3.0,2.0,盛岡,C2二組,1:27.3,2.1,曇,2.0,2.0,盛岡,C2三組,1:29.2,0.4,曇,2.0,3.0,盛岡,C2四組,1:26.8,0.2,晴,5.0,6.0,盛岡,C2五組,1:14.2,0.6,曇,17.6,8.0,,nar,2026-09-01,62.45,77.8,56.4,69.6,32.0,66.6,56.2,盛岡実績 / 前走人気以上 / 履歴少 / 安定感
202630090102,2026-09-01,2,アイリスベビー,8.0,6.0,桑村真明,55.0,,3.0,5.0,門別,2歳未勝利(未勝利),1:02.9,1.1,曇,3.0,3.0,門別,優駿の里安平町夢民舎(未勝利)(2歳),1:03.3,0.2,晴,2.0,2.0,門別,グランシャリオドリー(未勝利)(2歳),1:03.4,0.2,曇,9.0,10.0,門別,2歳未勝利(未勝利),1:17.6,1.8,曇,9.0,9.0,門別,2歳未勝利(未勝利),1:04.4,1.7,曇,4.0,2.0,,nar,2026-09-01,64.25,73.6,55.3,75.1,66.5,57.9,52.9,門別実績 / 履歴少 / 近走上向き / 安定感
202630090102,2026-09-01,2,アドミレリッチー,1.0,1.0,小川悠汰,52.0,,10.0,10.0,門別,2歳未勝利(未勝利),1:05.5,3.1,曇,9.0,12.0,門別,2歳未勝利(未勝利),1:05.0,2.9,曇,8.0,8.0,門別,JRA認定競走フレッ(新馬)(2歳),1:04.4,4.4,晴,,,,,,,,,,,,,,,100.2,11.0,,nar,2026-09-01,40.59,34.9,57.0,0.0,41.0,54.2,46.5,総合評価
202630090102,2026-09-01,2,アンビティオー,3.0,3.0,松井伸也,55.0,,,,門別,2歳未勝利(未勝利),,,曇,4.0,4.0,門別,2歳未勝利(未勝利),1:03.6,1.6,晴,5.0,10.0,門別,2歳未勝利(未勝利),1:03.5,0.7,曇,8.0,11.0,門別,2歳未勝利(未勝利),1:04.4,1.7,曇,11.0,9.0,門別,2歳未勝利(未勝利),1:11.8,3.2,晴,16.5,6.0,,nar,2026-09-01,60.12,58.7,62.3,44.7,74.0,66.8,51.5,門別実績 / 前走人気以上 / 近走上向き / 過小評価傾向
202644090102,2026-09-01,2,ウォーバックス,10.0,6.0,江里口裕,56.0,,10.0,11.0,大井,C3三　四,1:15.9,2.4,雨,10.0,8.0,大井,C3一,2:00.6,3.8,晴,9.0,10.0,大井,C3三　四,1:46.6,2.4,雨,8.0,12.0,大井,C3三　四,1:47.3,1.1,曇,10.0,4.0,大井,C3四　五六(C3五),1:46.9,2.2,晴,170.4,12.0,,nar,2026-09-01,37.67,31.9,49.8,0.0,45.5,49.6,43.8,履歴少
202644090102,2026-09-01,2,ウルフスタンド,7.0,5.0,鷹見陸,56.0,,8.0,6.0,大井,C3五　六,1:16.0,1.8,曇,2.0,12.0,大井,C3六　七,1:15.5,0.4,晴,10.0,8.0,大井,C3四　五,1:16.1,2.7,晴,11.0,4.0,大井,C3四　五,1:17.3,3.3,曇,4.0,10.0,大井,C3五　六,1:15.8,1.6,晴,31.8,9.0,,nar,2026-09-01,50.96,52.6,57.6,35.3,42.5,58.0,49.6,履歴少 / 市場オッズ妙味
202646090102,2026-09-01,2,エイシンセラフィム,3.0,3.0,田知弘久,57.0,,6.0,5.0,金沢,C25,1:42.9,1.5,晴,5.0,9.0,金沢,C24,1:42.2,1.7,晴,9.0,8.0,金沢,C25,1:43.4,3.2,晴,5.0,6.0,金沢,C25,1:35.4,2.4,晴,4.0,5.0,金沢,川村友音誕生日おめで(C2),1:35.0,0.5,曇,3.5,1.0,,nar,2026-09-01,55.27,60.1,55.2,49.8,48.5,57.9,52.9,金沢実績 / 履歴少
202648090102,2026-09-01,2,エンパイアサマー,11.0,8.0,明星晴大,55.0,,5.0,4.0,名古屋,ゴールデンデビュー名(2歳),0:59.9,5.1,晴,,,,,,,,,,,,,,,,,,,,,,,,,,,,,8.3,4.0,,nar,2026-09-01,41.52,44.6,39.1,36.3,40.6,39.5,48.8,履歴少 / サンプル少
202635090102,2026-09-01,2,オウケンアマゾネス,11.0,8.0,大坪慎,54.0,,4.0,3.0,盛岡,C2一組,1:27.3,1.2,曇,2.0,3.0,盛岡,C2二組,1:28.1,0.0,曇,6.0,8.0,盛岡,C2一組,1:27.6,1.4,曇,2.0,6.0,盛岡,C2二組,1:27.5,0.1,曇,10.0,6.0,盛岡,C2二組,1:28.9,1.0,晴,23.8,10.0,,nar,2026-09-01,62.09,74.2,53.6,69.9,56.0,57.6,52.9,盛岡実績 / 履歴少 / 安定感 / 市場オッズ妙味
202630090102,2026-09-01,2,オリコウブロアム,4.0,4.0,望月洵輝,55.0,,5.0,5.0,門別,ホクレンカタログギフ(未勝利)(2歳),1:03.5,1.1,曇,5.0,5.0,門別,2歳未勝利(未勝利),1:04.0,1.0,曇,11.0,5.0,門別,JRA認定競走フレッ(新馬)(2歳),1:13.9,5.2,曇,,,,,,,,,,,,,,,19.4,7.0,,nar,2026-09-01,52.85,55.4,38.9,55.3,68.0,55.8,54.0,門別実績 / 履歴少 / 近走上向き / 市場オッズ妙味
202644090102,2026-09-01,2,オルチャタ,11.0,7.0,西優哉,51.0,,7.0,12.0,大井,C3　選抜牝馬,1:32.2,3.5,雨,13.0,14.0,大井,C3四　五,1:45.7,2.9,晴,11.0,8.0,大井,C2十　1112(C211),1:36.2,7.9,晴,12.0,11.0,大井,C212　1314(C213),1:18.9,3.7,曇,12.0,8.0,大井,C211　1213(C212),1:17.8,3.8,晴,208.9,14.0,,nar,2026-09-01,40.61,23.7,54.3,0.0,80.0,49.6,43.8,前走人気以上 / 履歴少 / 近走上向き
202648090102,2026-09-01,2,オンディーヌ,5.0,5.0,渡辺竜也,55.0,,3.0,3.0,名古屋,ゴールデンデビュー名(2歳),0:57.2,2.4,晴,,,,,,,,,,,,,,,,,,,,,,,,,,,,,2.3,1.0,,nar,2026-09-01,43.03,48.1,40.6,36.3,40.6,40.6,48.8,履歴少 / サンプル少
202644090102,2026-09-01,2,カズノマリア,8.0,5.0,中山遥人,53.0,,1.0,9.0,大井,C3五　六,1:14.2,-0.4,曇,,,大井,C3七　八,,,晴,10.0,4.0,大井,C3六　七,1:47.8,1.3,晴,7.0,5.0,大井,C3六　七,1:47.6,0.8,晴,,,大井,C3八　九,,,晴,13.4,4.0,,nar,2026-09-01,61.35,67.2,60.3,30.4,95.0,58.3,48.5,前走人気以上 / 履歴少 / 近走上向き / 市場オッズ妙味
202635090102,2026-09-01,2,カレンザブーケ,4.0,4.0,関本玲花,52.0,,5.0,5.0,盛岡,C2二組,1:28.3,2.6,晴,6.0,4.0,盛岡,C1,1:28.3,2.2,曇,5.0,8.0,盛岡,C1四組,1:27.3,0.6,晴,11.0,10.0,盛岡,C1四組,1:28.5,1.6,曇,9.0,11.0,盛岡,C2一組,1:29.2,2.3,晴,39.2,11.0,,nar,2026-09-01,54.88,55.7,51.1,50.2,66.5,57.6,49.6,履歴少 / 近走上向き / 市場オッズ妙味
202644090102,2026-09-01,2,キタノファルコン,5.0,4.0,藤本現暉,56.0,,7.0,2.0,大井,C3三　四,1:15.5,2.0,雨,10.0,7.0,大井,C3四　五,1:15.3,1.1,晴,8.0,7.0,川崎,C2四　五六(C2五),1:40.8,3.0,晴,7.0,9.0,川崎,フォアグラ賞(C2二),1:38.9,2.0,晴,1.0,5.0,川崎,花菱草賞(C2四),1:40.7,-0.4,晴,11.8,2.0,,nar,2026-09-01,41.52,49.4,37.7,10.3,47.0,52.8,43.8,履歴少
202630090102,2026-09-01,2,キナコチャン,11.0,8.0,藤田凌駕,54.0,,6.0,9.0,門別,公認キャラビラッキー(未勝利)(2歳),1:04.2,1.8,晴,11.0,8.0,門別,2歳牝馬未勝利(未勝利),1:05.3,2.9,曇,8.0,4.0,門別,JRA認定競走フレッ(新馬)(2歳),1:04.9,3.0,晴,,,,,,,,,,,,,,,40.2,10.0,,nar,2026-09-01,42.47,42.5,44.2,0.0,71.0,48.5,46.5,前走人気以上 / 近走上向き / 市場オッズ妙味
202630090102,2026-09-01,2,キモサベ,7.0,6.0,小野楓馬,55.0,,3.0,2.0,門別,2歳牝馬未勝利(未勝利),1:03.1,0.0,曇,7.0,4.0,門別,北海道きたやさい賞(未勝利)(2歳),1:03.8,2.9,雨,5.0,1.0,門別,2歳牝馬未勝利(未勝利),1:04.1,0.5,曇,3.0,4.0,門別,日高町の地酒「縁」と(未勝利)(2歳),1:02.5,0.5,晴,4.0,7.0,門別,JRA認定競走フレッ(新馬)(2歳),1:03.7,2.8,雨,3.6,1.0,,nar,2026-09-01,59.13,72.0,40.3,75.1,60.5,52.9,56.2,門別実績 / 履歴少 / 安定感
202646090102,2026-09-01,2,クロシオカレント,2.0,2.0,服部大地,57.0,,8.0,11.0,金沢,金沢競馬で目指せ初勝(C2),1:42.9,2.2,晴,7.0,5.0,金沢,C29,1:44.5,4.3,曇,4.0,5.0,金沢,かつののみや杯(C2),1:43.8,2.0,曇,6.0,8.0,金沢,第1回えみこた日和記(C2特別),1:36.9,1.1,晴,6.0,7.0,金沢,C211,1:44.0,3.3,曇,13.0,7.0,,nar,2026-09-01,49.43,56.3,57.0,19.8,36.5,61.4,46.3,前走人気以上 / 履歴少 / 市場オッズ妙味
202630090102,2026-09-01,2,グリーズキャット,6.0,5.0,宮内勇樹,55.0,,9.0,8.0,門別,2歳未勝利(未勝利),1:05.1,2.7,曇,8.0,7.0,門別,平取町馬事普及賞(未勝利)(2歳),1:05.2,2.9,晴,6.0,5.0,門別,JRA認定競走フレッ(新馬)(2歳),1:12.4,2.5,曇,,,,,,,,,,,,,,,38.8,9.0,,nar,2026-09-01,38.79,45.0,43.0,0.0,38.0,49.6,43.8,履歴少 / 市場オッズ妙味
202635090102,2026-09-01,2,コスモベラエステラ,9.0,7.0,阿部英俊,56.0,,2.0,4.0,盛岡,C2二組,1:26.7,1.5,曇,5.0,4.0,盛岡,C2二組,1:29.0,0.9,曇,4.0,4.0,盛岡,C2一組,1:27.4,1.2,曇,3.0,1.0,盛岡,C2二組,1:27.8,0.4,曇,2.0,5.0,盛岡,C2三組,1:27.5,0.2,曇,11.0,5.0,,nar,2026-09-01,69.14,81.7,52.6,100.0,59.0,61.5,59.5,盛岡実績 / 履歴少 / 安定感
202648090102,2026-09-01,2,コママイス,8.0,7.0,木之前葵,53.0,,7.0,8.0,名古屋,2歳疾風戦,1:00.2,2.9,晴,8.0,8.0,名古屋,2歳2組,1:45.3,6.0,晴,7.0,7.0,名古屋,2歳疾風戦,0:59.8,2.0,晴,8.0,6.0,名古屋,名古屋モーニングフィ(2歳),0:58.9,2.4,曇,5.0,5.0,名古屋,ゴールデンデビュー名(2歳),0:58.7,2.9,曇,75.0,10.0,,nar,2026-09-01,45.53,50.5,50.1,10.3,50.0,52.0,48.5,総合評価
202644090102,2026-09-01,2,コーントップス,9.0,6.0,石川駿介,54.0,,5.0,4.0,大井,C3五　六,1:15.2,1.0,曇,7.0,12.0,大井,C3四　五,1:15.1,0.9,晴,8.0,12.0,大井,C3一　二,1:15.4,0.9,曇,5.0,12.0,大井,C3三　四,1:15.7,1.3,曇,11.0,10.0,大井,C3一　二三(C3二),1:30.2,1.7,晴,24.3,7.0,,nar,2026-09-01,59.15,54.3,68.6,45.0,66.5,65.4,49.6,履歴少 / 人気以上に走る傾向 / 近走上向き / 過小評価傾向
202648090102,2026-09-01,2,スカーヒップ,7.0,6.0,大原浩司,55.0,,8.0,5.0,名古屋,2歳疾風戦,1:01.8,4.5,晴,10.0,7.0,門別,2歳未勝利(未勝利),1:07.6,4.8,曇,10.0,3.0,門別,JRA認定競走フレッ(新馬)(2歳),1:12.4,3.1,曇,,,,,,,,,,,,,,,62.3,8.0,,nar,2026-09-01,32.32,34.5,21.6,0.0,62.0,36.8,48.8,履歴少
202635090102,2026-09-01,2,ストレート,10.0,8.0,高松亮,54.0,,4.0,3.0,盛岡,C2二組,1:28.2,2.5,晴,4.0,5.0,盛岡,うまレター賞(C2),1:29.0,0.7,晴,3.0,6.0,盛岡,C2二組,1:27.3,0.4,晴,4.0,8.0,盛岡,C2一組,1:27.9,1.4,曇,10.0,8.0,盛岡,C2一組,1:28.6,2.3,曇,20.5,8.0,,nar,2026-09-01,65.49,72.6,56.4,89.7,57.5,59.5,56.2,盛岡実績 / 履歴少 / 安定感 / 市場オッズ妙味
202648090102,2026-09-01,2,セカンドナッツ,9.0,7.0,加藤聡一,55.0,,6.0,3.0,名古屋,ゴールデンデビュー名(2歳),0:58.4,2.5,曇,,,,,,,,,,,,,,,,,,,,,,,,,,,,,19.0,7.0,,nar,2026-09-01,39.18,42.8,36.0,29.6,40.6,37.3,48.8,履歴少 / サンプル少
202630090102,2026-09-01,2,セブンスキメラ,2.0,2.0,黒澤愛斗,55.0,,8.0,12.0,門別,2歳牝馬未勝利(未勝利),1:04.5,2.5,晴,10.0,12.0,門別,北海道きたやさい賞(未勝利)(2歳),1:04.8,3.9,雨,8.0,8.0,門別,JRA認定競走アタッ(未勝利)(2歳),1:07.1,5.2,曇,9.0,8.0,門別,JRA認定競走フレッ(新馬)(2歳),1:05.8,3.4,曇,,,,,,,,237.1,12.0,,nar,2026-09-01,44.44,38.3,62.2,0.0,56.0,55.0,43.8,前走人気以上 / 履歴少
202648090102,2026-09-01,2,ダイユーホーク,1.0,1.0,加藤利征,56.0,,6.0,7.0,名古屋,2歳疾風戦,0:59.5,2.2,晴,9.0,10.0,名古屋,2歳2組,1:47.1,7.8,晴,6.0,6.0,名古屋,ゴールデンデビュー名(2歳),0:59.0,3.5,晴,,,,,,,,,,,,,,,99.8,11.0,,nar,2026-09-01,46.94,52.0,55.2,0.0,59.0,54.8,43.8,履歴少
202644090102,2026-09-01,2,デリッサ,4.0,3.0,安藤洋一,54.0,,1.0,1.0,大井,C2九　十,1:14.4,-0.1,曇,2.0,1.0,大井,C2十　11,1:14.5,0.7,晴,1.0,1.0,大井,C212　13,1:13.9,-0.2,晴,1.0,2.0,大井,C3四　五,1:13.0,-1.0,晴,6.0,1.0,大井,C3四　五,1:45.5,1.9,晴,1.4,1.0,,nar,2026-09-01,67.45,93.9,45.7,89.7,59.0,48.2,56.2,大井実績 / 履歴少 / 安定感
202646090102,2026-09-01,2,ナムラダリウス,5.0,5.0,甲賀弘隆,57.0,,6.0,9.0,金沢,祝!健二郎還暦おめで(C2),1:35.6,2.0,晴,6.0,9.0,金沢,琴音ちゃん20歳おめ(C2),1:37.4,2.8,曇,8.0,9.0,金沢,C26,1:38.5,3.9,晴,10.0,4.0,金沢,☆ひなの&はるかお誕(C2特別),1:37.3,2.1,晴,5.0,6.0,金沢,都凪リリーデビュー2(C2),1:42.4,2.5,晴,10.0,6.0,,nar,2026-09-01,49.64,53.0,57.6,10.3,57.5,58.7,46.3,前走人気以上 / 履歴少
202648090102,2026-09-01,2,ニシキマカヒキ,4.0,4.0,小笠原羚,53.0,,4.0,5.0,名古屋,ゴールデンデビュー名(2歳),0:59.3,4.5,晴,,,,,,,,,,,,,,,,,,,,,,,,,,,,,13.7,5.0,,nar,2026-09-01,43.06,46.4,42.2,36.3,40.6,41.7,48.8,履歴少 / サンプル少
202648090102,2026-09-01,2,ネイティブダンス,2.0,2.0,塚本征吾,56.0,,4.0,3.0,名古屋,2歳疾風戦,0:57.9,0.6,晴,8.0,2.0,名古屋,ゴールデンデビュー名(2歳),0:57.9,1.8,晴,,,,,,,,,,,,,,,,,,,,,,7.8,3.0,,nar,2026-09-01,45.4,51.9,33.0,34.7,58.7,47.4,51.2,名古屋実績 / 履歴少 / サンプル少
202648090102,2026-09-01,2,ノースバレリーナ,3.0,3.0,丹羽克輝,55.0,,10.0,4.0,名古屋,2歳2組,1:51.4,12.1,晴,10.0,8.0,門別,北のハードワーカー菊(未勝利)(2歳),1:06.3,3.9,晴,8.0,11.0,門別,2歳牝馬未勝利(未勝利),1:04.6,2.5,曇,8.0,7.0,門別,JRA認定競走アタッ(未勝利)(2歳),1:11.7,3.5,曇,8.0,8.0,門別,JRA認定競走フレッ(新馬)(2歳),1:07.0,5.6,晴,63.4,9.0,,nar,2026-09-01,35.07,35.1,36.9,0.0,41.0,47.0,48.8,履歴少
202644090102,2026-09-01,2,パンオショコラ,14.0,8.0,中村尚平,54.0,,6.0,5.0,大井,C3三　四,1:45.2,1.0,雨,8.0,4.0,大井,C3四　五,1:44.6,1.8,晴,1.0,4.0,大井,C3三　四,1:44.2,-0.8,雨,4.0,10.0,大井,C3三　四,1:15.5,1.1,曇,8.0,5.0,大井,C3四　五六(C3五),1:31.3,1.3,晴,21.8,6.0,,nar,2026-09-01,52.14,64.6,49.0,34.3,45.5,55.4,49.6,履歴少 / 市場オッズ妙味
202630090102,2026-09-01,2,ビッグホープルーフ,9.0,7.0,石川倭,55.0,,8.0,5.0,門別,JRA認定競走フレッ(新馬)(2歳),1:05.2,2.8,晴,,,,,,,,,,,,,,,,,,,,,,,,,,,,,12.9,5.0,,nar,2026-09-01,38.19,39.3,36.0,29.6,40.6,37.3,48.8,履歴少 / サンプル少
202635090102,2026-09-01,2,ビーナスライズ,7.0,6.0,岩本怜,54.0,,2.0,6.0,盛岡,C2一組,1:26.4,0.3,曇,8.0,6.0,盛岡,C1四組,1:27.3,0.6,晴,8.0,2.0,盛岡,C1四組,1:27.6,0.7,曇,2.0,6.0,盛岡,C2一組,1:26.9,0.0,晴,2.0,1.0,水沢,C2一組,1:27.7,0.8,曇,4.5,2.0,,nar,2026-09-01,59.5,70.6,50.1,55.3,68.0,55.8,51.2,盛岡実績 / 前走人気以上 / 履歴少 / 近走上向き
202646090102,2026-09-01,2,ビービービルダー,4.0,4.0,加藤翔馬,57.0,,4.0,6.0,金沢,能登復興支援能登ヒバ(C2),1:34.4,1.5,晴,9.0,6.0,金沢,能登復興支援山伏山賞(C2),1:35.8,2.9,曇,7.0,7.0,金沢,C24,1:42.5,2.0,晴,6.0,6.0,金沢,☆ひなの&はるかお誕(C2特別),1:36.6,1.4,晴,5.0,3.0,金沢,C26,1:36.0,0.8,晴,3.6,2.0,,nar,2026-09-01,53.01,58.1,47.6,40.7,66.5,53.5,49.6,履歴少 / 近走上向き
202644090102,2026-09-01,2,ファインスカート,3.0,3.0,小野俊斗,51.0,,9.0,9.0,大井,C3三　四,1:15.8,2.3,雨,6.0,14.0,大井,C3四　五,1:15.0,0.8,晴,13.0,11.0,大井,C3一　二,1:16.1,1.6,曇,9.0,8.0,大井,C3一　二,1:16.0,1.8,晴,7.0,11.0,大井,C3一　二三(C3二),1:15.4,0.8,晴,52.2,10.0,,nar,2026-09-01,43.73,37.3,63.1,0.0,48.5,56.8,43.8,履歴少
202635090102,2026-09-01,2,フェアリアルギフト,6.0,6.0,山本政聡,54.0,,1.0,1.0,盛岡,C2一組,1:26.1,-0.3,曇,5.0,1.0,盛岡,うまレター賞(C2),1:29.2,0.9,晴,2.0,2.0,盛岡,C2二組,1:26.3,0.4,曇,1.0,1.0,盛岡,C2五組,1:12.5,-0.1,曇,2.0,2.0,盛岡,C2六組,1:14.5,0.3,曇,3.1,1.0,,nar,2026-09-01,67.76,89.6,43.0,100.0,59.0,52.2,59.5,盛岡実績 / 履歴少 / 安定感
202644090102,2026-09-01,2,フェアリーマイア,1.0,1.0,高橋優,51.0,,3.0,8.0,大井,C3三　四,1:14.9,1.4,雨,9.0,9.0,大井,C3四　五,1:15.2,1.0,晴,1.0,6.0,大井,C3三　四,1:14.9,-0.7,曇,8.0,7.0,大井,C3三　四,1:15.9,1.5,曇,3.0,2.0,大井,C3四　五六(C3五),1:30.2,0.2,晴,14.4,5.0,,nar,2026-09-01,64.7,69.4,65.8,60.5,63.5,66.6,52.9,大井実績 / 前走人気以上 / 履歴少 / 人気以上に走る傾向
202648090102,2026-09-01,2,フラッテルン,10.0,8.0,近藤颯羽,52.0,,4.0,4.0,名古屋,ゴールデンデビュー名(2歳),0:57.5,1.7,晴,,,,,,,,,,,,,,,,,,,,,,,,,,,,,3.2,2.0,,nar,2026-09-01,42.54,46.4,40.6,36.3,40.6,40.6,48.8,履歴少 / サンプル少
202644090102,2026-09-01,2,フローラルロマンス,6.0,4.0,西啓太,54.0,,11.0,6.0,大井,C3三　四,1:16.0,2.5,雨,4.0,8.0,大井,C3四　五,1:14.8,0.6,晴,8.0,6.0,大井,C3一　二,1:45.2,2.0,曇,9.0,7.0,大井,C3一　二,1:45.0,0.8,晴,6.0,7.0,大井,C3一　二三(C3二),1:15.2,0.6,晴,27.4,8.0,,nar,2026-09-01,40.38,45.2,42.3,24.9,24.5,50.2,46.3,履歴少 / 市場オッズ妙味
202644090102,2026-09-01,2,ブライトフォース,2.0,2.0,杉山海波,53.0,,8.0,10.0,大井,C3三　四,1:15.5,2.0,雨,11.0,15.0,大井,C3四　五,1:15.4,1.2,晴,10.0,10.0,大井,C2十　1112(C211),1:16.5,2.8,晴,6.0,7.0,大井,C213　1415(C214),1:30.6,1.2,曇,6.0,9.0,大井,C215　16,1:15.9,1.2,晴,60.6,11.0,,nar,2026-09-01,44.94,38.8,64.4,0.0,51.5,57.4,43.8,履歴少
202635090102,2026-09-01,2,ブルーシャトー,3.0,3.0,斉藤友香,52.0,,3.0,5.0,盛岡,C2一組,1:26.5,0.1,晴,3.0,2.0,盛岡,C2一組,1:27.0,0.9,曇,2.0,2.0,盛岡,C2二組,1:27.0,0.1,晴,4.0,6.0,盛岡,C2二組,1:27.4,1.5,曇,11.0,12.0,園田,福甸7ハロンC2一,1:35.7,5.3,曇,21.3,9.0,,nar,2026-09-01,67.44,77.8,55.3,89.7,62.0,58.9,59.5,盛岡実績 / 履歴少 / 安定感 / 市場オッズ妙味
202644090102,2026-09-01,2,プレミアリッチ,12.0,7.0,本村直樹,54.0,,13.0,13.0,大井,C3三　四,1:17.6,4.1,雨,14.0,13.0,大井,C3四　五,1:46.7,3.9,晴,12.0,13.0,大井,C2十　1112(C211),1:17.0,3.3,晴,8.0,12.0,大井,C212　1314(C213),1:17.2,2.0,曇,13.0,13.0,大井,白百合特別競走(C2),1:17.7,3.8,雨,194.6,13.0,,nar,2026-09-01,32.78,10.4,53.7,0.0,42.5,53.5,43.8,履歴少
202635090102,2026-09-01,2,ベアビリーブ,1.0,1.0,菅原辰徳,54.0,,8.0,7.0,盛岡,C2一組,1:27.5,1.1,晴,2.0,5.0,盛岡,C1,1:26.6,0.5,曇,8.0,6.0,盛岡,C1,1:28.2,2.0,晴,4.0,3.0,盛岡,C1,1:28.1,1.8,曇,3.0,5.0,盛岡,C1,1:27.7,0.3,晴,17.0,7.0,,nar,2026-09-01,53.67,64.8,50.8,49.8,27.5,62.7,52.9,盛岡実績 / 履歴少 / 市場オッズ妙味
202630090102,2026-09-01,2,ベラジオゼウス,5.0,5.0,服部茂史,55.0,,7.0,1.0,門別,JRA認定競走フレッ(新馬)(2歳),1:13.9,4.5,晴,,,,,,,,,,,,,,,,,,,,,,,,,,,,,4.8,4.0,,nar,2026-09-01,37.11,41.1,31.4,29.6,40.6,34.0,48.8,履歴少 / サンプル少
202646090102,2026-09-01,2,マイネルトワイス,6.0,6.0,魚住謙心,57.0,,6.0,7.0,金沢,能登復興支援山伏山賞(C2),1:35.3,2.4,曇,5.0,6.0,金沢,祝!雅也&里佳ブライ(C2),1:36.2,2.6,晴,11.0,9.0,金沢,C26,1:37.7,4.0,晴,4.0,5.0,金沢,C26,1:35.9,0.7,晴,7.0,4.0,金沢,川村友音誕生日おめで(C2),1:35.9,1.4,曇,4.4,3.0,,nar,2026-09-01,51.28,55.6,50.0,39.5,54.5,53.4,49.6,履歴少
202635090102,2026-09-01,2,マグナドムス,8.0,7.0,鈴木祐,56.0,,1.0,6.0,盛岡,C2二組,1:25.2,-1.5,曇,8.0,9.0,盛岡,C2二組,1:30.4,2.3,曇,11.0,8.0,盛岡,C1五組,1:29.8,2.5,晴,11.0,10.0,盛岡,新緑賞(C1),1:42.7,3.3,晴,9.0,11.0,盛岡,C1一組,1:41.6,2.0,晴,6.4,4.0,,nar,2026-09-01,57.09,52.0,58.7,30.4,100.0,58.5,46.3,前走人気以上 / 履歴少 / 近走上向き
202644090102,2026-09-01,2,ミユンガー,13.0,8.0,藤田凌,56.0,,4.0,4.0,大井,C3三　四,1:15.3,1.8,雨,12.0,10.0,大井,C3四　五,1:15.5,1.3,晴,9.0,5.0,大井,C2十　1112(C211),1:16.3,2.6,晴,4.0,7.0,大井,C3一　二,1:15.1,0.9,晴,9.0,3.0,大井,C3二　三,1:15.9,1.8,曇,12.7,3.0,,nar,2026-09-01,49.66,48.0,39.7,45.0,77.0,50.6,49.6,履歴少 / 近走上向き / 市場オッズ妙味
202648090102,2026-09-01,2,メイジョウパナシェ,6.0,6.0,細川智史,55.0,,5.0,4.0,名古屋,2歳疾風戦,0:58.1,0.8,晴,5.0,10.0,名古屋,ゴールデンデビュー名(2歳),0:57.5,1.4,晴,,,,,,,,,,,,,,,,,,,,,,14.7,6.0,,nar,2026-09-01,53.92,55.4,52.1,48.4,45.5,62.1,59.5,名古屋実績 / 履歴少 / サンプル少 / 市場オッズ妙味
202630090102,2026-09-01,2,メンコイコイ,10.0,7.0,落合玄太,55.0,,3.0,2.0,門別,2歳未勝利(未勝利),1:03.2,0.0,曇,4.0,4.0,門別,アイヌ文化のふるさと(未勝利)(2歳),1:10.0,0.9,晴,10.0,5.0,門別,2歳未勝利(未勝利),1:42.2,2.7,曇,4.0,4.0,門別,2歳牝馬未勝利(未勝利),1:03.9,0.3,曇,2.0,8.0,門別,2歳牝馬未勝利(未勝利),1:03.1,0.1,曇,4.5,3.0,,nar,2026-09-01,61.22,70.6,45.3,80.2,62.0,56.4,56.2,門別実績 / 履歴少 / 安定感
202635090102,2026-09-01,2,ラグドール,2.0,2.0,塚本涼人,56.0,,2.0,4.0,盛岡,C2一組,1:26.4,0.0,晴,4.0,1.0,盛岡,C1,1:27.4,1.3,曇,9.0,1.0,盛岡,C1四組,1:27.4,0.7,晴,5.0,1.0,盛岡,C1四組,1:27.4,0.5,曇,3.0,2.0,盛岡,C2一組,1:27.0,0.1,晴,5.9,3.0,,nar,2026-09-01,58.66,72.6,33.1,80.2,69.5,48.5,56.2,盛岡実績 / 履歴少 / 近走上向き / 安定感
202630090102,2026-09-01,2,リコークックー,12.0,8.0,岩橋勇二,55.0,,9.0,10.0,門別,JRA認定競走フレッ(新馬)(2歳),1:03.8,2.3,晴,,,,,,,,,,,,,,,,,,,,,,,,,,,,,25.6,8.0,,nar,2026-09-01,39.79,37.6,42.2,29.6,40.6,41.7,48.8,履歴少 / サンプル少
202635090102,2026-09-01,2,リュウノアラス,5.0,5.0,山本聡紀,56.0,,1.0,4.0,盛岡,C2四組,1:27.7,-0.2,曇,4.0,6.0,盛岡,C2四組,1:27.2,0.6,晴,7.0,5.0,盛岡,C2四組,1:15.4,1.6,曇,7.0,8.0,水沢,C1三組,1:46.3,1.3,曇,9.0,12.0,水沢,岩手伝統工芸秀衡塗賞(C1),1:45.3,1.3,晴,14.2,6.0,,nar,2026-09-01,65.72,70.9,60.3,55.3,84.5,65.8,54.0,盛岡実績 / 前走人気以上 / 履歴少 / 近走上向き
202646090102,2026-09-01,2,ルビーリング,1.0,1.0,青柳正義,55.0,,8.0,4.0,金沢,祝!健二郎還暦おめで(C2),1:36.3,2.7,晴,7.0,7.0,金沢,琴音ちゃん20歳おめ(C2),1:37.6,3.0,曇,4.0,7.0,金沢,C26,1:36.2,1.6,晴,5.0,4.0,金沢,第1回えみこた日和記(C2特別),1:36.9,1.1,晴,5.0,8.0,金沢,C28,1:44.0,1.0,晴,6.1,4.0,,nar,2026-09-01,50.39,58.3,46.8,44.7,33.5,58.3,52.9,金沢実績 / 履歴少
202646090102,2026-09-01,2,ヴェリーヌ,7.0,7.0,平瀬城久,55.0,,10.0,10.0,金沢,ばにちゃん&まいちゃ(C2),1:45.9,5.2,晴,8.0,7.0,金沢,金沢競馬で目指せ初勝(C2),1:37.6,3.0,晴,3.0,4.0,金沢,かつののみや杯(C2),1:43.6,1.8,曇,5.0,9.0,金沢,C29,1:44.4,5.5,晴,9.0,4.0,金沢,C211,1:46.0,5.3,曇,8.7,5.0,,nar,2026-09-01,45.81,49.7,50.1,34.3,27.5,53.5,49.6,履歴少
202635090103,2026-09-01,3,アジャイブ,10.0,7.0,小林凌,54.0,,15.0,14.0,2新潟1,3歳未勝利,2:05.1,8.1,曇,8.0,15.0,1新潟7,3歳未勝利,1:58.3,2.3,晴,14.0,13.0,2東京4,3歳未勝利,1:41.7,3.0,曇,18.0,18.0,2中山3,3歳未勝利,2:06.0,2.9,晴,14.0,13.0,5中山3,2歳未勝利,1:35.8,2.0,曇,8.5,6.0,,nar,2026-09-01,34.48,11.0,58.0,0.0,41.0,55.0,48.8,履歴少
202635090103,2026-09-01,3,アズサ,9.0,7.0,佐々木志,54.0,,11.0,9.0,盛岡,3歳C2八組,1:16.9,4.3,曇,15.0,15.0,2福島3,3歳未勝利,2:04.5,4.5,晴,18.0,18.0,1小倉3,3歳未勝利,2:02.9,3.1,晴,15.0,14.0,5中山2,2歳未勝利,1:51.0,2.1,晴,17.0,15.0,4東京1,2歳新馬,1:52.4,4.1,曇,34.6,9.0,,nar,2026-09-01,33.65,6.1,43.3,0.0,81.5,48.4,50.0,近走上向き
202648090103,2026-09-01,3,アンコンケラブル,5.0,5.0,大畑雅章,57.0,,7.0,1.0,名古屋,3歳14組,1:40.1,5.5,晴,,,名古屋,あおちゃん24歳おめ(3歳),,,雨,7.0,8.0,2福島3,3歳未勝利,1:48.5,1.3,曇,9.0,12.0,3中山6,3歳未勝利,1:13.5,1.9,晴,11.0,13.0,2中山7,3歳未勝利,1:14.5,2.4,晴,5.9,4.0,,nar,2026-09-01,42.18,44.5,40.8,0.0,62.0,53.4,50.0,総合評価
202630090103,2026-09-01,3,ウワサノリクチャン,4.0,4.0,松井伸也,55.0,,10.0,8.0,門別,2歳未勝利(未勝利),1:04.9,2.5,晴,7.0,8.0,門別,2歳未勝利(未勝利),1:03.8,1.3,晴,11.0,10.0,門別,2歳未勝利(未勝利),1:06.0,4.7,晴,11.0,10.0,門別,JRA認定競走フレッ(新馬)(2歳),1:05.8,3.6,晴,,,,,,,,174.4,10.0,,nar,2026-09-01,36.46,31.6,44.5,0.0,48.0,48.5,43.8,履歴少
202644090103,2026-09-01,3,カシマリュウセイ,4.0,4.0,笹川翼,54.0,,,,,,,,,,,,,,,,,,,,,,,,,,,,,,,,,,,,,2.0,1.0,,nar,2026-09-01,36.0,35.0,35.0,35.0,35.0,35.0,45.0,履歴少
202635090103,2026-09-01,3,カミノテイオー,1.0,1.0,村上忍,56.0,,8.0,3.0,盛岡,3歳C2八組,1:14.7,2.1,曇,13.0,14.0,2福島7,3歳未勝利,1:49.4,2.4,曇,8.0,12.0,2福島2,3歳未勝利,1:48.0,2.0,晴,9.0,11.0,2東京5,3歳未勝利,2:19.3,3.2,晴,9.0,14.0,3中山8,3歳未勝利,1:56.5,3.0,晴,5.5,3.0,,nar,2026-09-01,41.69,32.0,52.3,0.0,60.5,56.5,50.0,総合評価
202635090103,2026-09-01,3,キタノアヤカ,7.0,6.0,岩本怜,54.0,,7.0,17.0,2新潟4,3歳未勝利,1:47.9,0.4,曇,13.0,13.0,2福島3,3歳未勝利,2:01.4,1.4,晴,8.0,11.0,3中山7,3歳未勝利,1:35.0,0.8,晴,10.0,10.0,3中山3,3歳未勝利,1:35.8,0.8,曇,6.0,15.0,1中山9,3歳未勝利,1:35.2,1.9,晴,4.3,1.0,,nar,2026-09-01,51.53,35.8,81.9,0.0,63.5,65.9,50.0,前走人気以上 / 人気以上に走る傾向 / 過小評価傾向
202646090103,2026-09-01,3,ギャクテンオー,8.0,8.0,浅野登生,54.0,,5.0,8.0,金沢,祝!健二郎還暦おめで(C2),1:35.4,1.8,晴,7.0,6.0,金沢,フィフスザ中村メシア(C2),1:44.2,3.6,曇,5.0,7.0,金沢,佐藤家&生頼家★結婚(C2),1:44.1,3.6,晴,7.0,5.0,金沢,第1回えみこた日和記(C2特別),1:37.0,1.2,晴,9.0,4.0,金沢,C29,1:37.1,2.2,曇,8.9,6.0,,nar,2026-09-01,55.21,58.4,51.7,50.2,62.0,57.4,49.6,前走人気以上 / 履歴少
202635090103,2026-09-01,3,ゲデヒトニス,11.0,8.0,坂井瑛音,53.0,,9.0,11.0,盛岡,3歳C2八組,1:15.0,2.4,曇,9.0,8.0,盛岡,3歳C2七組,1:17.3,4.0,晴,7.0,10.0,盛岡,3歳C2七組,1:17.4,2.8,曇,10.0,8.0,盛岡,3歳C2五組,1:17.6,4.0,晴,11.0,3.0,水沢,3歳C2二組,1:27.1,4.5,雨,280.4,12.0,,nar,2026-09-01,39.04,36.3,48.8,0.0,51.5,47.0,43.8,履歴少
202644090103,2026-09-01,3,コーズフォルテ,2.0,2.0,藤田凌,54.0,,,,,,,,,,,,,,,,,,,,,,,,,,,,,,,,,,,,,5.3,2.0,,nar,2026-09-01,36.0,35.0,35.0,35.0,35.0,35.0,45.0,履歴少
202646090103,2026-09-01,3,ゴールドアバンティ,7.0,7.0,加藤翔馬,57.0,,10.0,6.0,金沢,金沢競馬で目指せ初勝(C2),1:43.6,2.9,晴,3.0,5.0,金沢,金沢競馬で目指せ初勝(C2),1:35.3,0.7,晴,6.0,7.0,金沢,C28,1:42.9,2.9,晴,4.0,2.0,金沢,第2回又多風緑選手誕(C2),1:36.1,1.9,曇,4.0,7.0,金沢,C211,1:36.4,0.8,晴,7.5,5.0,,nar,2026-09-01,49.36,60.2,46.5,49.8,15.5,58.6,52.9,金沢実績 / 履歴少
202644090103,2026-09-01,3,サカベンスピード,6.0,6.0,中山遥人,53.0,,,,,,,,,,,,,,,,,,,,,,,,,,,,,,,,,,,,,7.7,5.0,,nar,2026-09-01,36.0,35.0,35.0,35.0,35.0,35.0,45.0,履歴少
202635090103,2026-09-01,3,サツキクローネ,8.0,6.0,塚本涼人,54.0,,6.0,10.0,盛岡,3歳C2七組,1:15.8,3.4,曇,10.0,9.0,盛岡,3歳C2七組,1:17.5,4.2,晴,9.0,7.0,盛岡,3歳C2七組,1:17.8,3.2,曇,8.0,9.0,盛岡,3歳C2四組,1:16.6,2.1,晴,9.0,8.0,水沢,3歳C2七組,1:25.7,3.0,曇,252.5,11.0,,nar,2026-09-01,44.77,42.5,54.3,0.0,68.0,52.2,43.8,前走人気以上 / 履歴少 / 近走上向き
202648090103,2026-09-01,3,サンライズマシュー,2.0,2.0,小笠原羚,54.0,,10.0,7.0,名古屋,3歳14組,1:41.6,7.0,晴,13.0,12.0,2小倉7,3歳未勝利,1:50.7,2.9,晴,15.0,16.0,1新潟7,3歳未勝利,1:24.8,1.5,晴,16.0,9.0,1京都5,3歳未勝利,2:03.5,9.2,晴,9.0,10.0,5中山5,2歳新馬,2:03.9,2.1,曇,16.8,6.0,,nar,2026-09-01,32.51,13.2,36.8,0.0,69.5,47.3,50.0,近走上向き / 市場オッズ妙味
202648090103,2026-09-01,3,シュトルムカイザー,4.0,4.0,今井貴大,57.0,,8.0,3.0,名古屋,ひろっちゃん85歳お(3歳),1:33.7,4.1,晴,,,名古屋,3歳14組,,,雨,6.0,13.0,1小倉6,3歳未勝利,1:49.2,1.7,曇,15.0,14.0,1京都1,3歳未勝利,1:15.1,1.9,晴,9.0,16.0,5阪神1,2歳未勝利,1:14.5,1.6,晴,3.9,2.0,,nar,2026-09-01,44.22,38.6,54.1,0.0,62.0,58.0,48.8,履歴少
202648090103,2026-09-01,3,ジェルソミーノ,7.0,7.0,丹羽克輝,55.0,,8.0,9.0,名古屋,金シャチ最終戦(3歳),1:41.4,2.7,晴,,,名古屋,3歳14組,,,雨,8.0,8.0,名古屋,3歳12組,1:41.4,2.8,曇,8.0,8.0,3阪神6,3歳以上1勝クラス,2:04.4,2.5,晴,15.0,15.0,3京都5,3歳未勝利,1:31.0,6.3,晴,15.3,5.0,,nar,2026-09-01,42.9,37.9,52.8,0.0,64.0,53.9,43.8,履歴少 / 市場オッズ妙味
202644090103,2026-09-01,3,ジャストコール,3.0,3.0,吉井章,54.0,,,,,,,,,,,,,,,,,,,,,,,,,,,,,,,,,,,,,6.8,4.0,,nar,2026-09-01,36.0,35.0,35.0,35.0,35.0,35.0,45.0,履歴少
202644090103,2026-09-01,3,ジャックセイネン,5.0,5.0,和田譲治,54.0,,,,,,,,,,,,,,,,,,,,,,,,,,,,,,,,,,,,,6.4,3.0,,nar,2026-09-01,36.0,35.0,35.0,35.0,35.0,35.0,45.0,履歴少
202646090103,2026-09-01,3,ジーマックス,3.0,3.0,中島龍也,57.0,,6.0,3.0,金沢,ばにちゃん&まいちゃ(C2),1:43.0,2.3,晴,5.0,3.0,金沢,フィフスザ中村メシア(C2),1:43.7,3.1,曇,4.0,8.0,金沢,能登復興支援能登金剛(C2),1:43.8,2.2,曇,4.0,6.0,金沢,第1回えみこた日和記(C2特別),1:36.8,1.0,晴,6.0,4.0,金沢,第2回又多風緑選手誕(C2),1:36.7,2.5,曇,5.6,3.0,,nar,2026-09-01,55.43,67.5,46.3,59.3,42.5,56.7,52.9,金沢実績 / 履歴少
202630090103,2026-09-01,3,スティールライズ,5.0,5.0,桑村真明,55.0,,5.0,3.0,門別,2歳未勝利(未勝利),1:03.6,1.2,曇,7.0,4.0,門別,2歳牝馬未勝利(未勝利),1:03.4,2.2,晴,3.0,3.0,門別,JRA認定競走アタッ(未勝利)(2歳),1:03.4,1.5,曇,3.0,7.0,門別,2歳牝馬未勝利(未勝利),1:03.9,0.9,曇,6.0,2.0,門別,2歳未勝利(未勝利),1:03.7,2.7,曇,5.2,3.0,,nar,2026-09-01,55.64,68.7,41.7,64.7,48.5,53.8,52.9,門別実績 / 履歴少 / 安定感
202630090103,2026-09-01,3,タケノクイーン,10.0,8.0,宮内勇樹,55.0,,4.0,8.0,門別,2歳牝馬未勝利(未勝利),1:10.3,1.0,晴,7.0,11.0,門別,JRA認定競走アタッ(未勝利)(2歳),1:17.4,2.3,雨,7.0,11.0,門別,2歳未勝利(未勝利),1:04.2,1.2,曇,12.0,10.0,門別,JRA認定競走フレッ(新馬)(2歳),1:14.4,5.7,曇,,,,,,,,15.1,5.0,,nar,2026-09-01,59.16,53.6,71.2,30.4,78.0,66.8,47.1,前走人気以上 / 履歴少 / 人気以上に走る傾向 / 近走上向き
202648090103,2026-09-01,3,チョコスコーン,6.0,6.0,木之前葵,53.0,,11.0,11.0,名古屋,ひろっちゃん85歳お(3歳),1:35.0,5.4,晴,16.0,15.0,2福島8,3歳未勝利,2:04.4,5.0,晴,13.0,13.0,1新潟6,3歳未勝利,2:07.4,11.8,晴,12.0,7.0,1新潟2,3歳未勝利,2:03.4,1.0,晴,9.0,15.0,2中山3,3歳未勝利,2:04.1,1.0,晴,78.4,10.0,,nar,2026-09-01,34.06,12.3,47.5,0.0,59.0,50.9,50.0,総合評価
202635090103,2026-09-01,3,デディカス,6.0,5.0,高橋悠里,56.0,,6.0,5.0,盛岡,3歳C2八組,1:14.6,2.0,曇,13.0,15.0,2東京11,3歳未勝利,1:29.1,2.2,晴,13.0,6.0,2東京8,3歳未勝利,1:29.2,3.0,晴,14.0,7.0,2中山3,3歳未勝利,2:01.6,6.7,晴,,,,,,,,5.7,4.0,,nar,2026-09-01,36.06,22.3,32.7,0.0,94.0,41.4,48.8,履歴少 / 近走上向き
202646090103,2026-09-01,3,デルマガーネット,5.0,5.0,柴田勇真,55.0,,7.0,8.0,金沢,能登復興支援能登ヒバ(C2),1:35.5,2.6,晴,7.0,9.0,金沢,能登復興支援山伏山賞(C2),1:35.4,2.5,曇,4.0,7.0,金沢,祝!雅也&里佳ブライ(C2),1:35.8,2.2,晴,5.0,4.0,金沢,日本列島☆爆走!ツア(C2特別),1:36.2,2.1,晴,7.0,8.0,金沢,C26,1:36.2,1.0,晴,9.2,7.0,,nar,2026-09-01,53.53,59.1,59.5,34.3,42.5,61.0,49.6,履歴少
202635090103,2026-09-01,3,トゥルパーニ,12.0,8.0,菅原辰徳,54.0,,10.0,10.0,盛岡,3歳C2八組,1:15.4,2.8,曇,7.0,6.0,盛岡,3歳C2七組,1:16.5,3.2,晴,9.0,9.0,盛岡,3歳C2六組,1:16.1,2.5,曇,7.0,7.0,盛岡,3歳C2五組,1:16.8,3.2,晴,14.0,10.0,3京都11,3歳未勝利,1:28.6,3.6,晴,204.9,10.0,,nar,2026-09-01,37.53,36.2,45.4,0.0,45.5,47.7,43.8,履歴少
202630090103,2026-09-01,3,トラストクイーン,8.0,7.0,望月洵輝,55.0,,8.0,11.0,門別,2歳牝馬未勝利(未勝利),1:04.5,1.4,曇,7.0,7.0,門別,JRA認定競走フレッ(新馬)(2歳),1:05.5,2.5,晴,,,,,,,,,,,,,,,,,,,,,,30.1,7.0,,nar,2026-09-01,43.73,44.2,51.8,18.0,42.2,52.6,43.2,前走人気以上 / 履歴少 / サンプル少 / 市場オッズ妙味
202630090103,2026-09-01,3,ドリームインハート,3.0,3.0,阿部龍,55.0,,6.0,10.0,門別,2歳未勝利(未勝利),1:11.3,1.7,曇,8.0,6.0,門別,2歳未勝利(未勝利),1:05.2,3.2,晴,8.0,4.0,門別,2歳未勝利(未勝利),1:04.9,2.4,晴,5.0,4.0,門別,2歳未勝利(未勝利),1:04.1,1.3,曇,4.0,8.0,門別,JRA認定競走フレッ(新馬)(2歳),1:04.4,2.5,晴,39.5,8.0,,nar,2026-09-01,49.8,55.7,51.4,24.9,51.5,55.4,49.6,前走人気以上 / 履歴少 / 市場オッズ妙味
202635090103,2026-09-01,3,ノボリスマイル,3.0,3.0,山本聡哉,54.0,,11.0,11.0,2小倉7,3歳未勝利,0:59.6,1.3,曇,14.0,14.0,3京都12,3歳未勝利,1:14.6,2.4,晴,,,,,,,,,,,,,,,,,,,,,,4.5,2.0,,nar,2026-09-01,38.29,24.0,45.5,18.0,55.4,48.8,50.0,サンプル少
202646090103,2026-09-01,3,ビッグタイマー,1.0,1.0,魚住謙心,57.0,,7.0,4.0,金沢,祝!健二郎還暦おめで(C2),1:36.2,2.6,晴,3.0,8.0,金沢,琴音ちゃん20歳おめ(C2),1:36.2,1.6,曇,9.0,8.0,金沢,C27,1:37.4,3.4,晴,2.0,6.0,金沢,C29,1:35.5,0.6,曇,7.0,6.0,金沢,C29,1:43.1,1.7,晴,6.6,4.0,,nar,2026-09-01,53.23,62.7,54.3,39.5,39.5,58.6,49.6,履歴少
202630090103,2026-09-01,3,ピエールパンドラ,9.0,8.0,服部茂史,55.0,,4.0,5.0,門別,グランシャリオドリー(未勝利)(2歳),1:03.8,0.9,晴,10.0,10.0,門別,公認キャラビラッキー(未勝利)(2歳),1:05.1,2.7,晴,9.0,9.0,門別,グランシャリオドリー(未勝利)(2歳),1:04.0,0.8,曇,9.0,9.0,門別,2歳牝馬未勝利(未勝利),1:04.9,1.3,曇,8.0,8.0,門別,JRA認定競走アタッ(未勝利)(2歳),1:12.2,2.9,曇,12.7,4.0,,nar,2026-09-01,51.32,47.0,52.1,30.4,80.0,55.5,46.3,履歴少 / 近走上向き / 市場オッズ妙味
202635090103,2026-09-01,3,ファンシーシェイプ,5.0,5.0,鈴木祐,54.0,,,8.0,2東京11,3歳未勝利,,,晴,10.0,10.0,2東京7,3歳未勝利,2:01.1,0.8,晴,10.0,12.0,2東京2,3歳未勝利,1:47.5,0.8,晴,6.0,15.0,1中京6,3歳未勝利,2:02.9,0.5,晴,12.0,16.0,2中山3,3歳未勝利,2:04.6,1.5,晴,7.0,5.0,,nar,2026-09-01,45.58,32.3,71.3,0.0,46.0,64.4,48.8,履歴少 / 人気以上に走る傾向
202648090103,2026-09-01,3,フチサンチャチャ,8.0,7.0,細川智史,57.0,,8.0,7.0,名古屋,3歳15組,1:38.8,2.4,晴,12.0,13.0,2小倉6,3歳未勝利,1:01.7,2.4,晴,11.0,13.0,3京都10,3歳未勝利,2:05.7,2.8,晴,12.0,11.0,3京都4,3歳未勝利,2:02.7,2.5,曇,11.0,14.0,2阪神6,3歳未勝利,1:55.3,2.4,晴,5.3,3.0,,nar,2026-09-01,40.56,24.1,53.5,0.0,71.0,54.5,48.1,近走上向き
202646090103,2026-09-01,3,プリティドヌーヴ,6.0,6.0,松戸政也,55.0,,3.0,7.0,金沢,祝!健二郎還暦おめで(C2),1:35.0,1.4,晴,6.0,6.0,金沢,C26,1:36.8,2.2,晴,7.0,6.0,金沢,C28,1:44.4,1.4,晴,6.0,4.0,金沢,C28,1:43.9,1.7,晴,6.0,7.0,金沢,信じてるよお馬ら杯(C2),1:42.6,2.4,曇,5.1,2.0,,nar,2026-09-01,56.32,65.7,55.8,30.4,69.5,56.5,46.3,前走人気以上 / 履歴少 / 近走上向き
202648090103,2026-09-01,3,ベイツリー,9.0,8.0,塚本征吾,57.0,,6.0,10.0,名古屋,3歳15組,1:38.5,2.1,晴,14.0,8.0,2福島7,3歳未勝利,1:50.4,3.4,曇,10.0,8.0,2福島1,3歳未勝利,2:00.5,0.9,晴,8.0,9.0,1中山1,3歳新馬,2:04.7,0.7,晴,,,,,,,,2.6,1.0,,nar,2026-09-01,41.6,33.7,45.9,0.0,78.0,48.6,50.0,前走人気以上 / 近走上向き
202646090103,2026-09-01,3,ベストベルシック,4.0,4.0,栗原大河,55.0,,8.0,5.0,金沢,能登復興支援山伏山賞(C2),1:35.4,2.5,曇,3.0,5.0,金沢,祝!雅也&里佳ブライ(C2),1:35.6,2.0,晴,6.0,6.0,金沢,C26,1:36.1,2.4,晴,4.0,7.0,金沢,C26,1:42.3,0.9,曇,8.0,7.0,金沢,C25,1:43.8,3.1,晴,3.6,1.0,,nar,2026-09-01,50.55,61.8,49.4,39.5,33.5,54.7,49.6,履歴少
202644090103,2026-09-01,3,ポコポッチ,1.0,1.0,江里口裕,54.0,,,,,,,,,,,,,,,,,,,,,,,,,,,,,,,,,,,,,8.5,6.0,,nar,2026-09-01,36.0,35.0,35.0,35.0,35.0,35.0,45.0,履歴少
202630090103,2026-09-01,3,ポップストリート,6.0,6.0,藤田凌駕,54.0,,9.0,6.0,門別,2歳牝馬未勝利(未勝利),1:04.6,1.5,曇,3.0,6.0,門別,平取町馬事普及賞(未勝利)(2歳),1:03.3,1.0,晴,5.0,7.0,門別,2歳未勝利(未勝利),1:03.7,1.2,晴,6.0,6.0,門別,JRA認定競走アタッ(未勝利)(2歳),1:04.5,2.6,曇,5.0,6.0,門別,JRA認定競走フレッ(新馬)(2歳),1:04.5,2.6,晴,23.8,6.0,,nar,2026-09-01,52.65,61.1,52.3,55.0,24.5,58.2,52.9,門別実績 / 履歴少 / 市場オッズ妙味
202646090103,2026-09-01,3,マイネルライゼン,2.0,2.0,沖静男,57.0,,5.0,3.0,金沢,かつののみや杯(C2),1:44.1,2.3,曇,6.0,5.0,金沢,C29,1:44.5,5.6,晴,5.0,5.0,金沢,C211,1:43.6,2.9,曇,4.0,3.0,金沢,C212,1:43.7,2.7,晴,5.0,6.0,金沢,第1回江崎記念(C2),1:36.4,3.1,曇,10.8,8.0,,nar,2026-09-01,58.36,67.2,43.7,75.1,50.0,60.3,56.2,金沢実績 / 履歴少 / 安定感
202648090103,2026-09-01,3,メイショウイサミ,1.0,1.0,尾崎章生,57.0,,7.0,12.0,名古屋,金シャチ最終戦(3歳),1:39.4,2.0,晴,,,名古屋,3歳14組,,,雨,6.0,9.0,名古屋,3歳13組,1:40.6,2.6,曇,6.0,9.0,名古屋,3歳10組,1:39.4,3.4,曇,14.0,15.0,3京都11,3歳未勝利,1:49.3,3.6,晴,28.5,8.0,,nar,2026-09-01,51.86,48.5,74.7,0.0,60.0,62.6,43.8,前走人気以上 / 履歴少 / 人気以上に走る傾向 / 市場オッズ妙味
202648090103,2026-09-01,3,メドウセージ,3.0,3.0,加藤聡一,55.0,,10.0,10.0,名古屋,ひろっちゃん85歳お(3歳),1:35.0,5.4,晴,,,名古屋,3歳14組,,,雨,18.0,15.0,2小倉3,3歳未勝利,1:14.1,4.8,雨,10.0,9.0,船橋,ナイスハルター特別(3歳未格),1:52.8,7.5,晴,17.0,11.0,1京都6,3歳未勝利,2:04.5,3.4,晴,33.4,9.0,,nar,2026-09-01,34.35,16.8,37.3,0.0,80.0,43.5,50.0,近走上向き
202630090103,2026-09-01,3,ヤマニンリゼット,2.0,2.0,小野楓馬,55.0,,4.0,3.0,門別,2歳牝馬未勝利(未勝利),1:02.7,0.7,晴,4.0,6.0,門別,2歳牝馬未勝利(未勝利),1:02.8,1.6,晴,4.0,5.0,門別,北のハードワーカー菊(未勝利)(2歳),1:03.6,1.2,晴,7.0,2.0,門別,2歳未勝利(未勝利),1:11.0,1.6,曇,2.0,2.0,門別,2歳未勝利(未勝利),1:03.5,1.7,曇,4.6,2.0,,nar,2026-09-01,61.88,74.2,47.6,85.4,51.5,54.5,56.2,門別実績 / 履歴少 / 安定感
202635090103,2026-09-01,3,ライトブルースカイ,4.0,4.0,山本聡紀,54.0,,16.0,15.0,5中山6,2歳未勝利,1:14.7,3.4,曇,16.0,14.0,5東京7,2歳新馬,1:30.9,5.0,晴,,,,,,,,,,,,,,,,,,,,,,9.4,7.0,,nar,2026-09-01,33.68,18.0,39.9,18.0,45.5,46.9,48.8,履歴少 / サンプル少
202630090103,2026-09-01,3,リコーシュターケン,1.0,1.0,金山昇馬,55.0,,10.0,9.0,門別,2歳牝馬未勝利(未勝利),1:04.9,1.8,曇,12.0,11.0,門別,優駿の里安平町早来か(未勝利)(2歳),1:52.9,5.8,晴,10.0,6.0,門別,2歳牝馬未勝利(未勝利),1:13.2,3.4,雨,7.0,5.0,門別,JRA認定競走フレッ(新馬)(2歳),1:04.7,2.8,晴,,,,,,,,72.5,9.0,,nar,2026-09-01,32.98,27.5,37.2,0.0,48.0,44.4,43.8,履歴少
202635090103,2026-09-01,3,リマーカブル,2.0,2.0,高松亮,56.0,,7.0,7.0,盛岡,3歳C2七組,1:15.8,3.4,曇,6.0,3.0,盛岡,3歳C2七組,1:16.5,3.2,晴,15.0,15.0,2福島1,3歳未勝利,1:51.9,5.5,晴,11.0,11.0,3中山7,3歳未勝利,1:59.9,5.1,曇,15.0,13.0,1中京5,3歳未勝利,1:28.4,3.5,晴,32.1,8.0,,nar,2026-09-01,40.4,33.7,43.3,0.0,78.5,48.4,43.8,履歴少 / 近走上向き
202648090103,2026-09-01,3,リヴァデラルナ,10.0,8.0,丸山真一,57.0,,11.0,12.0,名古屋,3歳15組,1:43.0,6.6,晴,,,名古屋,あおちゃん24歳おめ(3歳),,,雨,11.0,6.0,園田,JRA交流笠形山特別,1:34.2,3.3,雨,15.0,13.0,1阪神9,3歳未勝利,1:28.9,4.1,晴,10.0,11.0,1阪神4,3歳未勝利,1:27.6,1.5,晴,20.2,7.0,,nar,2026-09-01,33.43,17.2,41.9,0.0,56.0,47.6,51.8,クラス条件好転 / 履歴少
202630090103,2026-09-01,3,レディーココ,7.0,7.0,落合玄太,55.0,,2.0,4.0,門別,JRA認定競走フレッ(新馬)(2歳),1:02.6,0.2,晴,,,,,,,,,,,,,,,,,,,,,,,,,,,,,1.7,1.0,,nar,2026-09-01,44.45,49.9,43.7,36.3,40.6,42.0,48.8,履歴少 / サンプル少
202630090104,2026-09-01,4,アクアリウム,4.0,4.0,宮内勇樹,55.0,,4.0,4.0,門別,JRA認定競走フレッ(新馬)(2歳),1:09.8,1.1,曇,,,,,,,,,,,,,,,,,,,,,,,,,,,,,3.4,2.0,,nar,2026-09-01,42.54,46.4,40.6,36.3,40.6,40.6,48.8,履歴少 / サンプル少
202648090104,2026-09-01,4,イゲマジャ,1.0,1.0,阪野学,57.0,,9.0,9.0,名古屋,3歳12組,1:40.2,4.7,晴,13.0,16.0,2福島4,3歳未勝利,1:11.0,3.3,晴,16.0,13.0,2東京5,3歳未勝利,1:43.7,5.2,晴,11.0,15.0,2中山5,3歳未勝利,1:13.9,2.1,晴,10.0,15.0,1東京1,3歳新馬,1:29.4,1.7,晴,23.1,9.0,,nar,2026-09-01,40.65,17.8,58.8,0.0,71.0,57.5,50.0,前走人気以上 / 近走上向き
202646090104,2026-09-01,4,イーサンバーニング,6.0,6.0,加藤翔馬,57.0,,6.0,3.0,高知,C3ー8,1:33.3,1.8,晴,3.0,2.0,高知,C3ー7,1:48.5,1.9,晴,2.0,1.0,高知,C3ー12,1:43.1,0.1,曇,1.0,3.0,高知,C3ー12,1:30.1,-0.1,晴,10.0,12.0,1新潟2,障害4歳以上未勝利,3:14.5,5.5,晴,1.8,1.0,,nar,2026-09-01,55.44,74.8,44.0,59.3,38.0,51.9,50.0,総合評価
202648090104,2026-09-01,4,ウインビスタ,3.0,3.0,近藤颯羽,54.0,,7.0,7.0,名古屋,アジア・アジアパラ応(3歳),1:39.9,2.9,晴,11.0,14.0,2小倉6,3歳未勝利,2:01.8,2.0,晴,16.0,13.0,2京都1,3歳未勝利,1:38.8,3.7,晴,16.0,14.0,1京都3,3歳未勝利,2:30.4,3.2,晴,9.0,9.0,3京都9,2歳未勝利,2:04.1,1.6,曇,8.1,6.0,,nar,2026-09-01,40.91,24.5,49.0,0.0,86.0,51.0,48.1,前走人気以上 / 近走上向き
202646090104,2026-09-01,4,エイチエヌハーモニ,2.0,2.0,吉田晃浩,57.0,,2.0,1.0,金沢,ばにちゃん&まいちゃ(C2),1:41.4,0.7,晴,2.0,2.0,金沢,C29,1:41.5,1.3,曇,1.0,2.0,名古屋,えにいつもありがとう(C),1:37.2,0.0,晴,2.0,2.0,名古屋,C10組,1:31.7,0.7,曇,3.0,2.0,名古屋,久保田大登1歳の誕生(C),1:31.3,0.5,晴,3.6,2.0,,nar,2026-09-01,69.24,92.8,48.5,100.0,50.0,54.8,59.5,金沢実績 / 履歴少 / 安定感
202644090104,2026-09-01,4,オオイノオウマサン,5.0,5.0,高野誠毅,54.0,,,,,,,,,,,,,,,,,,,,,,,,,,,,,,,,,,,,,13.1,6.0,,nar,2026-09-01,36.0,35.0,35.0,35.0,35.0,35.0,45.0,履歴少
202635090104,2026-09-01,4,オンザギャラクシー,10.0,7.0,佐々木志,56.0,,11.0,4.0,盛岡,3歳C2七組,1:17.2,4.8,曇,16.0,15.0,3東京3,3歳未勝利,1:41.7,4.5,晴,13.0,10.0,1東京4,3歳未勝利,2:26.3,12.1,晴,9.0,12.0,1中山3,3歳新馬,2:04.3,2.1,晴,,,,,,,,40.3,8.0,,nar,2026-09-01,29.44,13.5,30.2,0.0,60.0,45.2,48.8,履歴少
202646090104,2026-09-01,4,カイザーレオン,7.0,7.0,柴田勇真,57.0,,,,金沢,祝!健二郎還暦おめで(C2),,,晴,1.0,1.0,金沢,かつののみや杯(C2),1:41.8,-1.2,曇,,,金沢,C29,,,晴,1.0,3.0,金沢,C23,1:30.2,-0.4,曇,5.0,5.0,金沢,ポイントでネット投票(A2),1:30.8,3.0,晴,4.1,3.0,,nar,2026-09-01,66.64,93.4,54.1,49.8,62.0,58.2,59.5,金沢実績 / 履歴少
202646090104,2026-09-01,4,カフェランデブー,8.0,8.0,鈴木太一,55.0,,1.0,2.0,金沢,鳩村月麦3歳のお誕生(C2),1:40.6,-1.1,晴,3.0,3.0,金沢,C29,1:41.6,1.4,曇,10.0,11.0,川崎,ファイナルアンサー賞(C2),1:41.2,1.7,曇,10.0,9.0,浦和,C2三　四,1:39.7,2.2,晴,6.0,10.0,川崎,C2三　四,1:33.1,0.8,晴,20.1,5.0,,nar,2026-09-01,63.52,67.1,55.4,55.3,87.5,59.5,59.5,金沢実績 / 履歴少 / 近走上向き / 市場オッズ妙味
202630090104,2026-09-01,4,カヴォート,1.0,1.0,金山昇馬,55.0,,9.0,9.0,門別,2歳未勝利(未勝利),1:17.7,1.1,晴,9.0,10.0,門別,2歳未勝利(未勝利),1:17.4,2.1,曇,4.0,9.0,門別,2歳未勝利(未勝利),1:16.7,2.2,雨,4.0,10.0,門別,2歳未勝利(未勝利),1:16.8,2.0,晴,11.0,12.0,門別,JRA認定競走アタッ(未勝利)(2歳),1:10.4,2.6,晴,37.0,8.0,,nar,2026-09-01,51.41,48.1,65.5,34.3,38.0,61.3,49.6,履歴少 / 人気以上に走る傾向 / 市場オッズ妙味
202630090104,2026-09-01,4,カームリン,3.0,3.0,桑村真明,55.0,,6.0,4.0,門別,2歳未勝利(未勝利),1:04.3,1.9,曇,4.0,3.0,門別,平取町馬事普及賞(未勝利)(2歳),1:03.9,1.6,晴,5.0,5.0,門別,2歳牝馬未勝利(未勝利),1:10.2,0.4,雨,8.0,5.0,門別,JRA認定競走フレッ(新馬)(2歳),1:04.2,1.4,晴,,,,,,,,25.6,6.0,,nar,2026-09-01,50.83,63.6,39.9,44.7,48.0,51.4,51.2,門別実績 / 履歴少 / 市場オッズ妙味
202648090104,2026-09-01,4,キタノタイキ,10.0,8.0,今井貴大,57.0,,6.0,9.0,名古屋,アジア・アジアパラ応(3歳),1:38.9,1.9,晴,,,名古屋,あおちゃん24歳おめ(3歳),,,雨,12.0,13.0,2福島1,3歳未勝利,1:50.1,3.7,晴,15.0,15.0,2東京4,3歳未勝利,1:51.1,3.6,曇,14.0,16.0,1福島2,3歳未勝利,1:50.6,1.1,晴,3.7,1.0,,nar,2026-09-01,46.91,27.4,62.3,0.0,96.0,56.3,48.8,前走人気以上 / 履歴少 / 近走上向き
202635090104,2026-09-01,4,キタノボニータ,2.0,2.0,塚本涼人,54.0,,15.0,16.0,3京都11,3歳未勝利,1:22.9,2.6,晴,,,,,,,,,,,,,,,,,,,,,,,,,,,,,7.0,5.0,,nar,2026-09-01,37.57,29.6,42.2,29.6,40.6,41.7,48.8,履歴少 / サンプル少
202646090104,2026-09-01,4,キトキト,9.0,8.0,魚住謙心,55.0,,5.0,5.0,金沢,金沢競馬で目指せ初勝(C2),1:41.7,1.0,晴,4.0,6.0,金沢,金沢競馬で目指せ初勝(C2),1:36.0,1.4,晴,6.0,3.0,金沢,佐藤家&生頼家★結婚(C2),1:44.5,4.0,晴,5.0,5.0,金沢,C28,1:42.5,2.5,晴,5.0,2.0,金沢,C29,1:36.3,1.4,曇,158.4,9.0,,nar,2026-09-01,58.85,68.4,47.2,80.2,50.0,50.9,56.2,金沢実績 / 履歴少 / 安定感
202635090104,2026-09-01,4,クロノレガリス,3.0,3.0,村上忍,54.0,,12.0,14.0,1札幌2,3歳未勝利,1:09.8,0.7,晴,16.0,6.0,1福島4,3歳未勝利,1:10.8,2.4,晴,8.0,7.0,2京都4,3歳未勝利,1:15.0,1.3,晴,6.0,11.0,5中山7,2歳新馬,1:35.5,0.4,曇,,,,,,,,6.2,4.0,,nar,2026-09-01,32.32,23.5,39.4,0.0,38.0,48.8,48.8,履歴少
202644090104,2026-09-01,4,コンニチヒヒーン,4.0,4.0,中村尚平,54.0,,,,,,,,,,,,,,,,,,,,,,,,,,,,,,,,,,,,,12.3,5.0,,nar,2026-09-01,36.0,35.0,35.0,35.0,35.0,35.0,45.0,履歴少
202635090104,2026-09-01,4,サクラボーベル,5.0,5.0,山本聡紀,54.0,,12.0,4.0,2福島7,3歳未勝利,1:11.1,1.6,曇,12.0,6.0,2東京9,3歳未勝利,1:39.8,1.5,曇,9.0,6.0,3中山4,3歳未勝利,1:56.2,1.7,曇,,,,,,,,,,,,,,,7.1,6.0,,nar,2026-09-01,21.66,18.3,7.9,0.0,41.0,33.8,50.0,総合評価
202646090104,2026-09-01,4,サノケン,5.0,5.0,中島龍也,57.0,,3.0,2.0,金沢,ばにちゃん&まいちゃ(C2),1:41.4,0.7,晴,4.0,6.0,金沢,C29,1:42.6,2.4,曇,6.0,4.0,金沢,能登復興支援能登金剛(C2),1:44.1,2.5,曇,4.0,7.0,金沢,C29,1:43.0,4.1,晴,4.0,3.0,金沢,C211,1:43.3,2.6,曇,67.1,7.0,,nar,2026-09-01,63.21,75.3,50.9,80.2,59.0,54.1,56.2,金沢実績 / 履歴少 / 安定感
202630090104,2026-09-01,4,ザーゲアバンティ,5.0,5.0,望月洵輝,55.0,,7.0,1.0,門別,2歳未勝利(未勝利),1:10.3,1.4,晴,4.0,4.0,門別,JRA認定競走フレッ(新馬)(2歳),1:03.1,0.4,曇,,,,,,,,,,,,,,,,,,,,,,6.9,3.0,,nar,2026-09-01,42.49,52.5,32.8,31.7,35.6,47.9,51.2,門別実績 / 履歴少 / サンプル少
202646090104,2026-09-01,4,シックスレター,4.0,4.0,栗原大河,55.0,,4.0,4.0,金沢,鳩村月麦3歳のお誕生(C2),1:43.0,2.4,晴,2.0,2.0,金沢,かつののみや杯(C2),1:43.0,1.2,曇,7.0,5.0,金沢,C212,1:37.1,2.3,曇,9.0,4.0,金沢,C211,1:43.5,3.9,晴,12.0,10.0,川崎,C3五　六,1:40.5,6.6,雨,58.2,6.0,,nar,2026-09-01,54.3,62.8,40.7,55.3,71.0,47.7,51.2,金沢実績 / 履歴少 / 近走上向き
202644090104,2026-09-01,4,シーマンホープ,2.0,2.0,野畑凌,54.0,,,,,,,,,,,,,,,,,,,,,,,,,,,,,,,,,,,,,4.4,4.0,,nar,2026-09-01,36.0,35.0,35.0,35.0,35.0,35.0,45.0,履歴少
202648090104,2026-09-01,4,ジューンミレニアム,2.0,2.0,尾崎章生,55.0,,12.0,12.0,名古屋,3歳14組,1:43.0,8.4,晴,,,名古屋,あおちゃん24歳おめ(3歳),,,雨,16.0,16.0,3東京6,3歳以上1勝クラス,1:41.9,6.6,曇,15.0,16.0,3東京3,3歳未勝利,1:41.1,4.3,晴,14.0,13.0,1福島6,3歳未勝利,1:13.4,4.7,晴,45.5,10.0,,nar,2026-09-01,34.02,4.9,50.4,0.0,68.0,51.7,51.8,クラス条件好転 / 履歴少 / 近走上向き
202630090104,2026-09-01,4,スティールゴールド,2.0,2.0,阿部龍,55.0,,7.0,5.0,門別,JRA認定競走フレッ(新馬)(2歳),1:13.3,4.3,雨,,,,,,,,,,,,,,,,,,,,,,,,,,,,,12.0,5.0,,nar,2026-09-01,39.21,41.1,37.6,29.6,40.6,38.4,48.8,履歴少 / サンプル少
202648090104,2026-09-01,4,テンバコウクウ,4.0,4.0,柿原翔,57.0,,6.0,4.0,名古屋,3歳12組,1:38.5,3.0,晴,12.0,13.0,1函館10,3歳未勝利,2:45.7,1.5,小雨,9.0,11.0,1函館1,3歳未勝利,2:41.0,1.4,曇,6.0,15.0,1新潟7,3歳未勝利,2:29.1,1.4,晴,6.0,15.0,1福島1,3歳未勝利,2:41.4,1.1,晴,5.5,3.0,,nar,2026-09-01,49.76,43.3,66.0,0.0,63.5,65.6,50.0,人気以上に走る傾向 / 過小評価傾向
202648090104,2026-09-01,4,テーオーシーザー,9.0,8.0,塚本征吾,57.0,,6.0,6.0,名古屋,3歳14組,1:40.1,5.5,晴,,,名古屋,あおちゃん24歳おめ(3歳),,,雨,14.0,16.0,3阪神6,3歳未勝利,1:29.9,5.5,晴,11.0,8.0,2京都6,3歳新馬,1:21.8,6.3,曇,,,,,,,,6.9,5.0,,nar,2026-09-01,43.74,32.7,49.5,0.0,89.0,51.1,48.8,履歴少 / 近走上向き
202648090104,2026-09-01,4,デプレ,8.0,7.0,丸野勝虎,57.0,,8.0,2.0,名古屋,アジア・アジアパラ応(3歳),1:40.3,3.3,晴,16.0,14.0,3阪神4,3歳未勝利,2:15.8,4.1,曇,14.0,12.0,1中京5,3歳未勝利,2:20.1,6.9,晴,17.0,11.0,5阪神8,2歳未勝利,1:48.7,2.5,晴,11.0,8.0,5阪神2,2歳新馬,1:37.0,0.8,晴,5.0,2.0,,nar,2026-09-01,30.84,15.4,22.7,0.0,89.0,39.4,48.8,履歴少 / 近走上向き
202644090104,2026-09-01,4,トレンドワン,3.0,3.0,笹川翼,54.0,,,,,,,,,,,,,,,,,,,,,,,,,,,,,,,,,,,,,2.9,1.0,,nar,2026-09-01,36.0,35.0,35.0,35.0,35.0,35.0,45.0,履歴少
202635090104,2026-09-01,4,ノボキセキ,8.0,6.0,鈴木祐,54.0,,9.0,6.0,盛岡,3歳C2七組,1:16.5,4.1,曇,4.0,5.0,盛岡,3歳C2七組,1:16.1,2.8,晴,6.0,6.0,盛岡,3歳C2七組,1:17.2,2.6,曇,,,,,,,,,,,,,,,151.3,9.0,,nar,2026-09-01,44.11,55.6,43.8,24.9,26.0,50.5,48.5,履歴少
202630090104,2026-09-01,4,ノーモアウォー,6.0,6.0,亀井洋司,55.0,,4.0,10.0,門別,2歳未勝利(未勝利),1:16.6,1.1,晴,7.0,6.0,門別,道の駅あびらオリジナ(未勝利)(2歳),1:17.0,0.9,晴,6.0,11.0,門別,2歳未勝利(未勝利),1:16.8,1.3,曇,10.0,8.0,門別,2歳未勝利(未勝利),1:17.7,1.9,曇,8.0,12.0,門別,2歳未勝利(未勝利),1:17.8,0.8,晴,41.8,9.0,,nar,2026-09-01,58.07,56.5,68.8,30.4,72.5,62.5,46.3,前走人気以上 / 履歴少 / 人気以上に走る傾向 / 近走上向き
202648090104,2026-09-01,4,ハクサンリング,5.0,5.0,細川智史,57.0,,8.0,7.0,名古屋,3歳11組,1:38.9,1.5,晴,11.0,12.0,2小倉6,3歳未勝利,1:01.0,1.7,晴,12.0,8.0,3京都1,3歳未勝利,1:58.3,4.3,晴,12.0,13.0,2阪神3,3歳未勝利,1:49.7,2.1,雨,7.0,10.0,1京都9,3歳新馬,1:36.6,0.7,晴,6.3,4.0,,nar,2026-09-01,39.04,27.9,47.3,0.0,65.0,52.1,48.1,近走上向き
202630090104,2026-09-01,4,ハナノコルンルン,7.0,7.0,藤田凌駕,54.0,,5.0,5.0,門別,2歳未勝利(未勝利),1:04.6,1.8,晴,8.0,7.0,門別,JRA認定競走フレッ(新馬)(2歳),1:05.2,2.4,晴,,,,,,,,,,,,,,,,,,,,,,35.8,7.0,,nar,2026-09-01,47.15,49.5,43.8,34.7,55.4,49.0,51.2,門別実績 / 履歴少 / サンプル少 / 市場オッズ妙味
202644090104,2026-09-01,4,バッチリ,6.0,6.0,和田譲治,54.0,,,,,,,,,,,,,,,,,,,,,,,,,,,,,,,,,,,,,3.8,2.0,,nar,2026-09-01,36.0,35.0,35.0,35.0,35.0,35.0,45.0,履歴少
202635090104,2026-09-01,4,パトリシア,1.0,1.0,山本聡哉,54.0,,5.0,1.0,盛岡,3歳C2八組,1:13.8,1.2,曇,11.0,13.0,1函館8,3歳未勝利,1:09.7,0.9,曇,17.0,12.0,1中京6,3歳未勝利,1:12.5,3.7,晴,7.0,11.0,1小倉3,3歳未勝利,1:09.0,0.5,晴,6.0,12.0,5中山4,2歳未勝利,1:11.0,0.9,雨,3.9,1.0,,nar,2026-09-01,48.11,39.4,46.5,30.4,81.5,53.5,50.0,近走上向き
202635090104,2026-09-01,4,ファインウーマン,12.0,8.0,関本玲花,52.0,,10.0,11.0,盛岡,3歳C2七組,1:16.7,4.3,曇,10.0,8.0,盛岡,3歳C2六組,1:19.0,6.3,晴,12.0,12.0,盛岡,3歳C2六組,1:18.5,4.9,曇,11.0,11.0,盛岡,3歳C2四組,1:18.0,3.5,晴,8.0,9.0,水沢,3歳C2六組,1:25.5,2.8,曇,641.9,12.0,,nar,2026-09-01,36.62,25.3,49.4,0.0,51.5,50.9,43.8,履歴少
202630090104,2026-09-01,4,フォアサイトゲイズ,8.0,8.0,落合玄太,55.0,,3.0,2.0,門別,2歳未勝利(未勝利),1:09.8,0.2,曇,4.0,1.0,門別,2歳未勝利(未勝利),1:09.3,0.9,曇,2.0,2.0,門別,2歳未勝利(未勝利),1:09.2,0.0,曇,5.0,1.0,門別,JRA認定競走フレッ(新馬)(2歳),1:58.3,3.7,曇,,,,,,,,2.0,1.0,,nar,2026-09-01,61.29,80.9,37.2,89.7,54.0,46.5,59.5,門別実績 / 履歴少 / 安定感
202635090104,2026-09-01,4,フジテンクウ,4.0,4.0,小林凌,54.0,,14.0,13.0,2新潟1,3歳未勝利,1:16.8,4.4,曇,16.0,13.0,2東京6,3歳未勝利,1:29.5,3.2,晴,16.0,11.0,3中山1,3歳未勝利,1:39.9,4.8,晴,17.0,14.0,5東京5,2歳未勝利,1:37.7,3.8,曇,8.0,9.0,3新潟1,2歳新馬,1:39.5,0.9,晴,13.0,7.0,,nar,2026-09-01,26.74,4.5,33.4,0.0,51.5,45.7,48.8,履歴少 / 市場オッズ妙味
202646090104,2026-09-01,4,ブラックエンペラー,3.0,3.0,沖静男,57.0,,3.0,3.0,金沢,鳩村月麦3歳のお誕生(C2),1:42.0,1.4,晴,10.0,8.0,船橋,C3五,1:19.4,2.5,曇,5.0,5.0,船橋,3歳三,1:18.1,2.1,晴,3.0,4.0,船橋,3歳四,1:18.0,2.5,曇,3.0,6.0,船橋,馬い!淡路玉ねぎイザ(3歳),1:18.0,2.4,曇,15.2,4.0,,nar,2026-09-01,60.96,66.9,49.7,75.1,63.5,62.9,48.8,履歴少 / 安定感 / 市場オッズ妙味
202630090104,2026-09-01,4,プリンセスジャス,9.0,8.0,石川倭,55.0,,5.0,4.0,門別,2歳未勝利(未勝利),1:03.3,1.5,曇,2.0,5.0,門別,JRA認定競走アタッ(未勝利)(2歳),1:03.4,1.5,曇,3.0,6.0,門別,JRA認定競走アタッ(未勝利)(2歳),1:03.2,1.2,曇,7.0,6.0,門別,JRA認定競走フレッ(新馬)(2歳),1:10.7,1.4,曇,,,,,,,,8.1,4.0,,nar,2026-09-01,63.36,75.6,57.0,75.1,44.0,62.2,55.3,門別実績 / 履歴少 / 安定感
202635090104,2026-09-01,4,ホウオウデンファレ,11.0,8.0,山本政聡,54.0,,4.0,4.0,盛岡,3歳C2八組,1:13.7,1.1,曇,12.0,11.0,3東京2,3歳未勝利,1:21.5,3.2,曇,10.0,7.0,2東京7,3歳未勝利,1:27.7,1.4,晴,,,,,,,,,,,,,,,4.2,2.0,,nar,2026-09-01,48.25,42.1,42.1,30.4,92.0,48.4,48.8,履歴少 / 近走上向き
202646090104,2026-09-01,4,マジックスクロール,1.0,1.0,浅野登生,54.0,,4.0,4.0,金沢,ばにちゃん&まいちゃ(C2),1:42.0,1.3,晴,6.0,4.0,金沢,金沢競馬で目指せ初勝(C2),1:36.2,1.6,晴,2.0,10.0,金沢,能登復興支援能登金剛(C2),1:43.3,1.7,曇,4.0,8.0,金沢,日本列島☆爆走!ツア(C2特別),1:36.2,2.1,晴,9.0,8.0,金沢,第2回又多風緑選手誕(C2),1:38.7,4.5,曇,137.0,8.0,,nar,2026-09-01,62.78,71.0,60.9,64.7,57.5,59.4,52.9,金沢実績 / 履歴少 / 安定感
202635090104,2026-09-01,4,ミノホタテ,9.0,7.0,大坪慎,56.0,,8.0,8.0,盛岡,3歳C2七組,1:15.8,3.4,曇,6.0,9.0,盛岡,3歳C2六組,1:16.6,3.9,晴,11.0,11.0,盛岡,3歳C2六組,1:17.3,3.7,曇,9.0,9.0,船橋,3歳八,1:20.1,1.9,曇,10.0,9.0,船橋,3歳　四組下,1:43.7,4.3,雨,289.3,11.0,,nar,2026-09-01,42.81,40.4,54.5,0.0,56.0,52.2,43.8,履歴少
202648090104,2026-09-01,4,メイショウツキヨ,7.0,7.0,木之前葵,53.0,,8.0,9.0,名古屋,3歳14組,1:40.2,5.6,晴,11.0,11.0,2小倉7,3歳未勝利,1:50.5,2.7,晴,10.0,15.0,2小倉1,3歳未勝利,1:48.6,1.4,曇,,,,,,,,,,,,,,,17.7,7.0,,nar,2026-09-01,44.96,31.8,62.0,0.0,65.0,59.7,50.0,近走上向き / 市場オッズ妙味
202648090104,2026-09-01,4,ラインクインビー,6.0,6.0,友森翔太,55.0,,11.0,5.0,名古屋,3歳14組,1:42.8,8.2,晴,,,名古屋,あおちゃん24歳おめ(3歳),,,雨,15.0,14.0,1函館3,3歳未勝利,2:02.6,3.1,曇,14.0,12.0,2東京9,3歳未勝利,2:02.3,1.7,曇,13.0,9.0,2東京4,3歳未勝利,1:48.9,1.4,曇,20.2,8.0,,nar,2026-09-01,27.11,8.6,24.6,0.0,68.0,41.1,48.8,履歴少 / 近走上向き
202644090104,2026-09-01,4,ラインホープ,1.0,1.0,藤本現暉,54.0,,,,,,,,,,,,,,,,,,,,,,,,,,,,,,,,,,,,,3.9,3.0,,nar,2026-09-01,36.0,35.0,35.0,35.0,35.0,35.0,45.0,履歴少
202635090104,2026-09-01,4,ララムーティエ,6.0,5.0,岩本怜,54.0,,5.0,9.0,盛岡,3歳C2七組,1:15.8,3.4,曇,8.0,10.0,盛岡,3歳C2七組,1:16.5,3.2,晴,8.0,8.0,盛岡,3歳C2七組,1:17.5,2.9,曇,9.0,10.0,盛岡,3歳C2五組,1:16.9,3.3,晴,15.0,16.0,2中山5,3歳未勝利,2:07.1,13.4,晴,217.0,10.0,,nar,2026-09-01,53.97,45.6,63.7,30.4,80.0,56.8,47.1,前走人気以上 / 履歴少 / 近走上向き
202635090104,2026-09-01,4,リトルコリンズ,7.0,6.0,坂井瑛音,55.0,,16.0,12.0,1函館8,3歳未勝利,2:04.1,2.7,曇,9.0,18.0,2東京9,3歳未勝利,1:34.6,0.9,曇,13.0,15.0,2東京4,3歳未勝利,1:28.4,2.8,曇,8.0,9.0,2中山3,3歳未勝利,1:13.8,2.8,晴,8.0,11.0,1中山8,3歳新馬,1:15.9,1.7,晴,5.3,3.0,,nar,2026-09-01,35.54,20.7,63.1,0.0,11.0,59.0,50.0,総合評価
202630090105,2026-09-01,5,アーススカーレット,9.0,7.0,坂下秀樹,57.0,,10.0,10.0,門別,3歳以上C4ー3,1:06.7,3.3,曇,10.0,12.0,門別,アグリアクション20(C4),1:06.9,2.9,曇,7.0,10.0,門別,3歳以上C4ー3,1:05.8,2.7,晴,8.0,8.0,門別,BTC賞(C4),1:06.1,2.8,晴,9.0,9.0,門別,ほくれん丸賞(C4),1:06.4,4.3,雨,116.5,11.0,,nar,2026-09-01,40.77,35.9,57.6,0.0,41.0,54.2,43.8,履歴少
202644090105,2026-09-01,5,ウインデイブレイク,5.0,5.0,野畑凌,56.0,,12.0,3.0,大井,3歳六　七八(3歳七),1:48.7,4.0,雨,4.0,1.0,大井,3歳八　九十(3歳九),1:45.0,1.5,晴,2.0,5.0,名古屋,牛兄、係長でも頑張れ(3歳),1:37.0,0.3,晴,7.0,7.0,名古屋,優駿DAYオープニン(3歳),1:51.4,1.3,晴,3.0,3.0,名古屋,3歳3組,1:37.0,0.2,曇,3.3,2.0,,nar,2026-09-01,41.97,57.0,29.8,55.0,2.0,49.2,51.2,大井実績 / 履歴少
202646090105,2026-09-01,5,エアミアーニ,4.0,4.0,鈴木太一,57.0,,2.0,1.0,金沢,祝!健二郎還暦おめで(C2),1:33.8,0.2,晴,2.0,2.0,金沢,フィフスザ中村メシア(C2),1:41.7,1.1,曇,10.0,15.0,2阪神4,心斎橋S(3勝クラス),1:20.9,1.2,晴,7.0,14.0,2中山5,幕張S(3勝クラス),1:32.7,0.4,晴,13.0,12.0,1京都4,新春S(3勝クラス),1:34.5,1.7,曇,2.0,1.0,,nar,2026-09-01,63.96,64.4,61.2,55.3,86.0,59.5,59.5,金沢実績 / 履歴少 / 近走上向き
202635090105,2026-09-01,5,エーデルムート,7.0,6.0,阿部英俊,54.0,,7.0,7.0,盛岡,C1,1:01.1,1.1,曇,7.0,8.0,盛岡,C1,1:13.1,1.3,曇,4.0,6.0,盛岡,C2,1:01.5,0.8,曇,2.0,3.0,盛岡,C2,1:00.1,0.1,小雨,4.0,2.0,盛岡,C2,1:01.5,0.4,曇,13.2,6.0,,nar,2026-09-01,54.59,65.1,54.1,44.7,33.5,62.3,52.9,盛岡実績 / 履歴少 / 市場オッズ妙味
202644090105,2026-09-01,5,カレックス,6.0,6.0,張田昂,56.0,,11.0,10.0,大井,3歳六　七八(3歳七),1:32.7,3.8,雨,4.0,3.0,大井,3歳八　九十(3歳九),1:30.6,3.5,晴,4.0,3.0,大井,3歳九　十,1:30.8,1.9,晴,4.0,7.0,大井,3歳12　13,1:31.3,0.6,曇,7.0,2.0,大井,3歳12　1314(3歳13),1:48.1,2.0,雨,8.9,4.0,,nar,2026-09-01,48.17,56.5,44.2,59.3,12.5,56.1,52.9,大井実績 / 履歴少
202648090105,2026-09-01,5,クィーンズウィンク,1.0,1.0,明星晴大,55.0,,15.0,10.0,2新潟6,3歳未勝利,1:59.9,5.8,曇,14.0,12.0,2小倉1,3歳未勝利,1:49.1,1.9,曇,11.0,8.0,1中京6,3歳未勝利,2:03.6,1.2,晴,,,,,,,,,,,,,,,16.5,8.0,,nar,2026-09-01,22.7,5.3,25.7,0.0,35.0,42.8,48.8,履歴少 / 市場オッズ妙味
202635090105,2026-09-01,5,クリノブリーゼ,6.0,6.0,坂井瑛音,53.0,,9.0,9.0,盛岡,C1,1:01.8,2.5,曇,10.0,10.0,盛岡,C1,1:16.3,2.7,晴,9.0,8.0,盛岡,C1,1:15.8,3.0,晴,9.0,7.0,水沢,C1,0:52.0,1.4,小雨,2.0,2.0,水沢,C1,0:50.7,0.2,曇,32.5,11.0,,nar,2026-09-01,39.82,39.8,46.6,10.3,41.0,49.7,43.8,履歴少
202648090105,2026-09-01,5,クリーンブーケ,9.0,7.0,加藤聡一,55.0,,9.0,10.0,1函館11,3歳未勝利,1:01.1,1.5,曇,11.0,14.0,1函館4,3歳未勝利,1:09.6,1.3,小雨,9.0,9.0,2京都4,3歳未勝利,1:15.4,1.7,晴,8.0,14.0,1京都8,3歳未勝利,1:23.1,1.1,晴,12.0,18.0,5阪神5,2歳新馬,1:36.4,0.9,晴,6.8,4.0,,nar,2026-09-01,45.35,30.7,67.8,0.0,56.0,62.5,50.0,人気以上に走る傾向
202630090105,2026-09-01,5,グリース,10.0,7.0,金山昇馬,55.0,,3.0,2.0,門別,3歳以上C4ー3,1:03.6,0.6,晴,3.0,5.0,門別,3歳以上C4ー3,1:03.9,1.2,晴,9.0,8.0,門別,3歳以上C4ー3,1:19.0,2.2,晴,8.0,3.0,門別,3歳以上C4ー3,1:19.1,3.1,晴,4.0,2.0,門別,3歳条件未勝利(未勝利),1:04.0,1.2,曇,6.6,3.0,,nar,2026-09-01,58.23,67.9,43.4,65.7,68.0,53.5,52.9,門別実績 / 履歴少 / 近走上向き / 安定感
202635090105,2026-09-01,5,グレコ,4.0,4.0,斉藤友香,50.0,,3.0,4.0,盛岡,C1,1:00.6,0.6,曇,7.0,6.0,盛岡,C1,1:14.3,0.7,晴,8.0,4.0,盛岡,純米ニトロ7周年記念(C1),1:01.3,1.8,曇,3.0,2.0,盛岡,C1,1:14.3,0.7,晴,2.0,4.0,水沢,C2,0:50.8,0.4,小雨,4.6,1.0,,nar,2026-09-01,57.04,68.9,45.3,55.3,62.0,54.5,51.5,盛岡実績
202644090105,2026-09-01,5,グレートロッタリー,9.0,8.0,高橋優,51.0,,5.0,5.0,大井,3歳八　九十(3歳九),1:46.0,2.5,晴,8.0,10.0,大井,3歳七　八,1:45.6,1.1,曇,10.0,11.0,大井,3歳六　七八(3歳七),1:32.1,3.1,晴,10.0,12.0,大井,3歳六　七,1:32.1,1.7,晴,8.0,12.0,大井,2歳三　四,1:46.0,2.3,晴,13.0,6.0,,nar,2026-09-01,52.84,45.8,59.8,30.4,74.0,60.8,46.3,履歴少 / 近走上向き / 市場オッズ妙味
202644090105,2026-09-01,5,ゴールドフリーザ,4.0,4.0,達城龍次,56.0,,7.0,5.0,大井,3歳六　七八(3歳七),1:47.0,2.3,雨,6.0,4.0,大井,3歳六　七,1:44.3,1.0,晴,3.0,5.0,大井,3歳七　八,1:44.7,0.2,曇,5.0,6.0,大井,3歳十　11,1:46.0,1.1,曇,4.0,10.0,大井,3歳九　十,1:31.4,1.3,晴,5.3,3.0,,nar,2026-09-01,53.63,65.1,50.4,44.7,35.0,60.3,52.9,大井実績 / 履歴少
202648090105,2026-09-01,5,シャンジュマン,6.0,6.0,大畑雅章,57.0,,9.0,6.0,名古屋,3歳11組,1:39.6,2.2,晴,13.0,16.0,2中京1,3歳未勝利,1:34.1,1.7,晴,12.0,15.0,3阪神6,3歳未勝利,1:28.7,4.3,晴,,,,,,,,,,,,,,,16.7,9.0,,nar,2026-09-01,39.66,19.1,54.0,0.0,71.0,56.9,48.8,履歴少 / 近走上向き / 市場オッズ妙味
202646090105,2026-09-01,5,シルバーニース,5.0,5.0,松戸政也,55.0,,5.0,3.0,高知,C3ー9,1:25.0,2.2,曇,4.0,2.0,高知,C3ー10,1:31.2,0.8,曇,3.0,3.0,高知,C3ー11,1:26.9,1.8,晴,4.0,3.0,高知,C3ー12,1:30.7,1.3,雨,5.0,3.0,高知,ファイナルレース(C3),1:25.0,0.5,晴,3.9,3.0,,nar,2026-09-01,59.69,74.3,39.8,100.0,44.0,51.2,48.8,履歴少 / 安定感
202630090105,2026-09-01,5,ジャスパーケイ,1.0,1.0,松井伸也,57.0,,7.0,8.0,門別,HWB門別競馬場厩舎(C4),1:04.9,2.1,曇,7.0,8.0,門別,3歳以上C4ー3,1:05.2,1.8,曇,9.0,9.0,門別,うらかわ馬フェスタ2(C4),1:18.9,2.7,曇,10.0,9.0,門別,浦臼町で新規就農しま(C4),1:05.6,2.4,曇,6.0,7.0,門別,3歳以上C4ー3,1:05.6,2.5,曇,54.6,10.0,,nar,2026-09-01,44.28,46.2,53.6,0.0,56.0,52.9,43.8,履歴少
202635090105,2026-09-01,5,ジュレヴァー,10.0,8.0,岩本怜,54.0,,10.0,9.0,盛岡,C1五組,1:28.3,1.4,晴,11.0,9.0,盛岡,C1,1:29.6,3.4,晴,7.0,9.0,盛岡,C1,1:28.9,2.0,曇,11.0,11.0,盛岡,べラジオオペラ特別(C1),1:28.4,2.1,晴,11.0,11.0,水沢,ローレルリバー特別(C1),1:30.3,3.2,小雨,31.7,10.0,,nar,2026-09-01,36.89,28.8,47.1,0.0,50.0,51.0,43.8,履歴少
202648090105,2026-09-01,5,スウィートラキ,10.0,8.0,今井貴大,55.0,,10.0,11.0,2新潟1,3歳未勝利,1:14.4,2.0,曇,10.0,12.0,3東京5,3歳未勝利,1:25.7,1.6,小雨,9.0,16.0,2東京10,3歳未勝利,1:26.9,1.5,曇,11.0,14.0,3中山3,3歳未勝利,1:14.0,2.0,雨,11.0,10.0,5中山3,2歳未勝利,1:15.3,1.8,曇,4.7,2.0,,nar,2026-09-01,43.35,27.6,67.6,0.0,51.5,59.5,48.8,履歴少 / 人気以上に走る傾向
202630090105,2026-09-01,5,タイセツオー,4.0,4.0,服部茂史,57.0,,3.0,6.0,門別,3歳以上C4ー3,1:03.9,0.7,曇,5.0,4.0,門別,グランシャリオドリー(C4),1:04.6,0.6,曇,9.0,7.0,門別,湧別サロマ湖関野剛平(C4),1:04.3,2.4,晴,5.0,7.0,門別,渓流の女王ヤマベ賞(C4),1:04.1,1.3,晴,6.0,8.0,門別,3歳以上C4ー3,1:04.4,2.2,晴,8.5,7.0,,nar,2026-09-01,62.3,65.7,55.4,69.9,69.5,61.7,52.5,門別実績 / 前走人気以上 / 近走上向き / 安定感
202648090105,2026-09-01,5,ダイナマイトメロン,7.0,6.0,友森翔太,55.0,,12.0,11.0,2福島8,3歳未勝利,2:01.9,2.5,晴,10.0,11.0,2東京5,3歳未勝利,2:27.9,1.8,晴,11.0,8.0,1福島5,3歳未勝利,2:01.8,1.2,晴,12.0,15.0,1東京1,3歳新馬,1:49.5,1.3,晴,,,,,,,,9.9,6.0,,nar,2026-09-01,34.34,18.2,48.4,0.0,44.0,52.6,50.0,総合評価
202646090105,2026-09-01,5,ダズリングスカイ,2.0,2.0,青柳正義,55.0,,5.0,2.0,金沢,能登復興支援能登ヒバ(C2),1:35.4,2.5,晴,5.0,3.0,金沢,能登復興支援山伏山賞(C2),1:35.2,2.3,曇,3.0,1.0,金沢,C26,1:35.5,0.9,晴,3.0,3.0,金沢,C28,1:42.1,2.1,晴,,,金沢,C28,,,晴,28.8,5.0,,nar,2026-09-01,58.21,74.1,35.9,89.7,42.0,50.6,59.5,金沢実績 / 履歴少 / 安定感 / 市場オッズ妙味
202635090105,2026-09-01,5,ダークファンタジー,2.0,2.0,菅原辰徳,54.0,,11.0,6.0,盛岡,C1五組,1:28.7,1.8,晴,11.0,7.0,盛岡,C1三組,1:29.0,2.9,晴,9.0,6.0,水沢,岩手伝統工芸浄法寺塗(B2),1:32.4,1.1,晴,5.0,6.0,水沢,B2,1:30.1,1.0,曇,8.0,9.0,水沢,B2,1:32.8,1.5,晴,13.6,7.0,,nar,2026-09-01,32.98,32.6,30.0,14.6,33.5,46.4,43.8,履歴少 / 市場オッズ妙味
202648090105,2026-09-01,5,チェリーブルーム,11.0,8.0,渡辺竜也,55.0,,6.0,2.0,名古屋,3歳12組,1:38.1,1.5,雨,10.0,14.0,1函館7,3歳未勝利,1:09.3,0.9,晴,8.0,11.0,1福島1,3歳未勝利,1:09.8,1.2,晴,13.0,15.0,1中山1,3歳未勝利,1:36.0,1.5,晴,10.0,11.0,4中山3,2歳未勝利,1:36.3,1.3,曇,6.3,3.0,,nar,2026-09-01,45.65,37.4,55.4,0.0,75.5,56.0,50.0,前走人気以上 / 近走上向き
202630090105,2026-09-01,5,テクノリバタリアン,8.0,6.0,小野楓馬,57.0,,7.0,3.0,門別,3歳以上C4ー3,1:04.8,1.6,曇,3.0,5.0,門別,BTC賞(C4),1:03.5,0.2,晴,10.0,9.0,門別,3歳以上C4ー3,1:05.4,3.1,曇,11.0,8.0,門別,グランシャリオドリー(C4),1:06.2,2.6,雨,8.0,10.0,門別,3歳以上C4ー3,1:17.9,2.7,曇,11.7,8.0,,nar,2026-09-01,45.77,49.7,42.0,24.9,56.0,53.1,46.3,履歴少
202648090105,2026-09-01,5,テルケンレンタッチ,3.0,3.0,塚本征吾,57.0,,14.0,12.0,2新潟4,3歳未勝利,1:58.0,4.1,曇,10.0,8.0,2福島7,3歳未勝利,1:10.6,1.1,曇,8.0,7.0,3東京4,3歳未勝利,1:20.1,1.6,晴,9.0,15.0,3中山5,3歳未勝利,1:12.5,1.6,晴,12.0,11.0,2中山8,3歳未勝利,1:14.7,2.9,晴,4.1,1.0,,nar,2026-09-01,32.47,22.2,46.3,0.0,24.5,51.6,50.0,総合評価
202635090105,2026-09-01,5,ディスクリプション,3.0,3.0,村上忍,54.0,,8.0,1.0,盛岡,C1五組,1:27.5,0.6,晴,1.0,1.0,盛岡,C2四組,1:26.6,-0.2,晴,3.0,7.0,盛岡,C2五組,1:14.0,0.4,曇,10.0,10.0,園田,C1一,1:36.0,4.5,晴,10.0,10.0,園田,C1一,1:35.0,5.1,晴,5.4,2.0,,nar,2026-09-01,50.13,61.9,40.6,44.7,38.0,55.2,54.0,盛岡実績 / 履歴少
202644090105,2026-09-01,5,デスピナ,7.0,7.0,藤本現暉,54.0,,5.0,6.0,大井,3歳九　十11(3歳十),1:49.9,2.6,曇,8.0,7.0,大井,3歳八　九十(3歳九),1:46.6,3.1,晴,6.0,9.0,大井,3歳九　十,1:31.6,2.7,晴,8.0,8.0,大井,3歳十　11,1:48.3,3.4,曇,10.0,12.0,大井,3歳九　十,1:32.2,2.1,晴,16.6,7.0,,nar,2026-09-01,53.36,52.8,56.0,30.4,68.0,62.2,46.3,履歴少 / 近走上向き / 市場オッズ妙味
202646090105,2026-09-01,5,トップキング,3.0,3.0,魚住謙心,57.0,,6.0,4.0,金沢,能登復興支援能登ヒバ(C2),1:35.4,2.5,晴,2.0,4.0,金沢,C26,1:35.3,0.7,晴,6.0,10.0,金沢,C27,1:35.6,1.6,晴,6.0,8.0,金沢,都凪リリーデビュー2(C2),1:43.6,3.7,晴,5.0,8.0,金沢,C28,1:43.2,1.0,晴,97.9,8.0,,nar,2026-09-01,55.89,68.8,59.0,35.3,42.5,58.5,49.6,履歴少
202630090105,2026-09-01,5,ハタノイチバンボシ,2.0,2.0,小川悠汰,54.0,,11.0,11.0,門別,アグリアクション20(C4),1:07.3,3.3,曇,10.0,8.0,門別,3歳以上C4ー3,1:07.4,4.4,晴,7.0,6.0,門別,平取中応援ファンファ(C4),1:06.0,2.5,晴,10.0,10.0,門別,3歳以上C4ー3,1:06.0,3.3,晴,12.0,11.0,門別,グランシャリオドリー(C4),1:06.4,2.8,雨,134.1,12.0,,nar,2026-09-01,34.92,28.7,44.4,0.0,42.5,48.3,43.8,履歴少
202630090105,2026-09-01,5,ハッピーモカ,6.0,5.0,桑村真明,55.0,,6.0,3.0,門別,HWB門別競馬場厩舎(C4),1:04.6,1.8,曇,3.0,2.0,門別,平取中応援ファンファ(C4),1:03.9,0.4,晴,4.0,8.0,門別,3歳以上C4ー3,1:04.0,1.3,晴,7.0,9.0,門別,グランシャリオドリー(C4),1:05.0,1.4,雨,8.0,10.0,門別,浦臼町で新規就農しま(C4),1:05.5,2.3,曇,7.1,5.0,,nar,2026-09-01,55.28,66.3,50.9,44.7,47.0,60.9,49.6,履歴少
202648090105,2026-09-01,5,バディーズライズ,2.0,2.0,近藤颯羽,54.0,,6.0,9.0,名古屋,3歳11組,1:38.6,1.2,晴,12.0,12.0,3中山5,3歳未勝利,1:13.3,2.4,晴,11.0,9.0,園田,JRA交流多紀連山特,2:09.8,6.2,晴,10.0,11.0,5東京6,2歳未勝利,1:41.3,4.2,晴,14.0,11.0,4東京3,2歳新馬,1:37.9,1.4,雨,10.4,7.0,,nar,2026-09-01,43.08,29.3,52.5,0.0,84.5,52.0,48.8,前走人気以上 / 履歴少 / 近走上向き
202646090105,2026-09-01,5,バーニングフレーム,7.0,7.0,沖静男,55.0,,16.0,17.0,2東京9,4歳以上1勝クラス,1:34.0,1.7,曇,16.0,16.0,1新潟6,飛竜特別(1勝クラス),0:56.5,1.2,晴,15.0,14.0,1福島1,4歳以上1勝クラス,1:51.0,5.3,晴,14.0,15.0,1中京5,4歳以上1勝クラス,1:35.9,1.5,晴,8.0,8.0,浦和,マルチヒーロー特別(B2B3),1:29.2,2.0,曇,2.9,2.0,,nar,2026-09-01,30.15,4.5,51.8,0.0,33.5,51.8,51.8,クラス条件好転 / 履歴少
202644090105,2026-09-01,5,ビハインドヘッド,3.0,3.0,木澤奨,53.0,,6.0,8.0,大井,3歳六　七八(3歳七),1:46.8,2.1,雨,3.0,6.0,大井,3歳八　九十(3歳九),1:44.5,1.0,晴,9.0,8.0,大井,3歳七　八,1:45.7,1.2,曇,6.0,8.0,大井,3歳七　八九(3歳八),1:46.3,2.2,晴,3.0,13.0,大井,3歳九　十,1:31.3,1.2,晴,11.4,5.0,,nar,2026-09-01,58.21,63.7,67.4,35.3,45.5,68.2,49.6,履歴少 / 人気以上に走る傾向 / 過小評価傾向
202646090105,2026-09-01,5,フェスティヴイリス,6.0,6.0,甲賀弘隆,55.0,,1.0,5.0,金沢,ばにちゃん&まいちゃ(C2),1:40.7,-0.7,晴,6.0,4.0,金沢,フィフスザ中村メシア(C2),1:44.0,3.4,曇,5.0,5.0,金沢,C211,1:36.6,1.0,晴,4.0,4.0,金沢,C211,1:42.3,3.4,曇,5.0,5.0,金沢,祝!比嘉賢二還暦記念(C2特別),1:35.4,1.4,晴,57.6,6.0,,nar,2026-09-01,65.92,76.9,55.0,75.1,74.0,54.8,56.2,金沢実績 / 前走人気以上 / 履歴少 / 近走上向き
202630090105,2026-09-01,5,ベルトモ,12.0,8.0,岩橋勇二,55.0,,2.0,4.0,門別,HWB門別競馬場厩舎(C4),1:03.3,0.5,曇,4.0,3.0,門別,びらとり温泉ゆから賞(C4),1:17.3,0.7,晴,3.0,4.0,門別,3歳以上C4ー3,1:17.0,0.6,晴,6.0,8.0,門別,3歳以上C4ー3,1:17.3,1.0,晴,7.0,4.0,門別,3歳以上C4ー3,1:18.8,2.8,晴,4.3,1.0,,nar,2026-09-01,65.06,77.6,53.8,75.1,68.0,56.9,52.9,門別実績 / 履歴少 / 近走上向き / 安定感
202648090105,2026-09-01,5,ホウオウバトラー,8.0,7.0,小笠原羚,54.0,,9.0,10.0,2新潟5,3歳未勝利,1:14.5,1.6,晴,11.0,11.0,1函館5,3歳未勝利,1:47.6,4.5,晴,8.0,12.0,1函館2,3歳未勝利,1:00.2,1.6,晴,10.0,12.0,1小倉12,3歳未勝利,1:00.1,2.3,晴,12.0,11.0,5東京2,2歳新馬,1:42.1,3.1,小雨,7.8,5.0,,nar,2026-09-01,42.18,29.9,59.0,0.0,57.5,56.2,48.8,履歴少
202630090105,2026-09-01,5,ポポロン,3.0,3.0,落合玄太,55.0,,8.0,5.0,門別,3歳以上C4ー3,1:57.9,3.1,曇,6.0,5.0,門別,チプサンケ賞(C4),1:17.9,1.6,晴,7.0,5.0,門別,ホクレン「くるるの杜(C4),1:17.4,1.9,雨,4.0,4.0,門別,3歳以上C4ー3,1:16.6,1.1,雨,7.0,3.0,門別,3歳以上C4ー3,1:18.6,1.8,晴,6.6,2.0,,nar,2026-09-01,41.98,55.1,36.2,14.6,38.0,49.5,46.3,履歴少
202644090105,2026-09-01,5,マイネルディザイア,2.0,2.0,東原悠善,56.0,,15.0,14.0,1函館7,3歳未勝利,1:49.4,1.2,晴,14.0,13.0,1函館4,3歳未勝利,1:49.6,1.3,小雨,8.0,8.0,1新潟7,3歳未勝利,1:23.7,0.4,晴,9.0,4.0,1小倉12,3歳未勝利,1:50.8,1.0,晴,17.0,8.0,5阪神5,2歳未勝利,1:35.4,1.8,晴,2.6,1.0,,nar,2026-09-01,26.72,13.9,34.5,0.0,32.0,40.7,50.0,総合評価
202630090105,2026-09-01,5,マドンナブルー,5.0,5.0,若杉朝飛,55.0,,2.0,3.0,門別,アグリアクション20(C4),1:04.3,0.3,曇,2.0,6.0,門別,優駿の里安平町SRK(C4),1:03.1,0.1,晴,5.0,4.0,門別,3歳以上C4ー3,1:04.0,1.3,晴,8.0,4.0,門別,3歳以上C4ー3,1:04.4,0.4,曇,3.0,8.0,門別,浦臼町で新規就農しま(C4),1:03.5,0.3,曇,6.7,4.0,,nar,2026-09-01,68.24,79.4,57.3,85.4,65.0,61.3,56.2,門別実績 / 履歴少 / 近走上向き / 安定感
202635090105,2026-09-01,5,マニフィックブリエ,5.0,5.0,南郷家全,54.0,,5.0,5.0,盛岡,C1,1:00.8,0.8,曇,5.0,9.0,盛岡,純米ニトロ7周年記念(C1),1:00.9,1.4,曇,6.0,9.0,盛岡,C1,1:15.0,1.4,曇,7.0,6.0,水沢,B2,0:52.5,0.7,曇,7.0,7.0,水沢,B2,0:53.2,1.0,晴,15.7,8.0,,nar,2026-09-01,60.24,62.4,60.1,55.3,57.5,67.7,53.1,盛岡実績 / 前走人気以上 / 過小評価傾向 / 市場オッズ妙味
202648090105,2026-09-01,5,ミツカネルナ,5.0,5.0,木之前葵,53.0,,8.0,9.0,船橋,ナティビット特別(3歳C1),1:45.5,1.8,曇,15.0,9.0,2東京12,3歳未勝利,1:41.7,2.7,曇,6.0,11.0,1東京1,3歳新馬,1:28.8,1.1,晴,,,,,,,,,,,,,,,30.5,10.0,,nar,2026-09-01,40.86,33.6,48.1,0.0,65.0,51.7,48.8,履歴少 / 近走上向き
202646090105,2026-09-01,5,メイショウロッキー,1.0,1.0,加藤翔馬,57.0,,7.0,3.0,金沢,金沢競馬で目指せ初勝(C2),1:42.6,1.9,晴,2.0,4.0,金沢,琴音ちゃん20歳おめ(C2),1:34.8,0.2,曇,5.0,3.0,金沢,C26,1:36.3,1.7,晴,8.0,3.0,金沢,C27,1:36.8,2.8,晴,3.0,1.0,金沢,C28,1:43.3,0.3,晴,64.3,7.0,,nar,2026-09-01,49.97,67.3,35.7,55.0,35.0,46.4,52.9,金沢実績 / 履歴少
202635090105,2026-09-01,5,メリア,11.0,8.0,高橋悠里,54.0,,9.0,3.0,盛岡,C1,1:29.3,2.3,曇,6.0,6.0,水沢,B2,1:29.2,1.0,晴,4.0,4.0,水沢,B2,1:31.0,0.7,晴,6.0,6.0,盛岡,B2,1:28.2,1.2,晴,6.0,4.0,盛岡,B2,1:26.2,0.8,小雨,5.6,5.0,,nar,2026-09-01,41.72,55.9,35.8,19.8,29.0,50.3,46.0,クラス条件好転 / 履歴少
202635090105,2026-09-01,5,ヤマショウシャイン,8.0,7.0,高松亮,54.0,,3.0,7.0,盛岡,C1,1:27.2,0.2,曇,5.0,7.0,盛岡,C1,1:14.1,0.5,晴,6.0,4.0,盛岡,C1,1:14.3,1.5,晴,4.0,9.0,水沢,ローレルリバー特別(C1),1:29.0,1.9,小雨,4.0,10.0,水沢,C1,1:31.7,0.8,曇,5.6,4.0,,nar,2026-09-01,68.68,73.3,68.7,80.2,60.5,67.1,54.0,盛岡実績 / 前走人気以上 / 履歴少 / 人気以上に走る傾向
202644090105,2026-09-01,5,ヤマジュンハッピ,8.0,7.0,中島良美,52.0,,11.0,13.0,大井,3歳六　七八(3歳七),1:48.4,3.7,雨,7.0,8.0,大井,3歳八　九十(3歳九),1:46.4,2.9,晴,8.0,10.0,大井,3歳七　八,1:16.1,1.7,曇,13.0,14.0,大井,3歳七　八九(3歳八),1:31.7,2.4,晴,14.0,12.0,大井,3歳六　七八(3歳七),1:33.5,3.6,雨,52.7,8.0,,nar,2026-09-01,39.44,28.3,58.3,0.0,47.0,53.5,43.8,履歴少
202630090105,2026-09-01,5,ヤマトノヒカリ,7.0,6.0,藤田凌駕,54.0,,,7.0,門別,HWB門別競馬場厩舎(C4),,,曇,4.0,4.0,門別,BTC賞(C4),1:03.8,0.5,晴,7.0,7.0,門別,3歳以上C4ー3,1:04.4,1.7,晴,9.0,8.0,門別,3歳以上C4ー3,1:04.7,0.7,曇,11.0,11.0,門別,グランシャリオドリー(C4),1:05.3,1.4,曇,16.8,9.0,,nar,2026-09-01,52.0,52.5,48.5,24.9,80.0,59.7,47.1,履歴少 / 近走上向き / 市場オッズ妙味
202635090105,2026-09-01,5,ユキノマツシマ,9.0,7.0,塚本涼人,56.0,,8.0,9.0,盛岡,C1,1:01.2,1.2,曇,9.0,9.0,盛岡,C1,1:14.6,1.0,晴,9.0,11.0,盛岡,純米ニトロ7周年記念(C1),1:01.7,2.2,曇,8.0,7.0,盛岡,C1,1:15.3,1.7,曇,4.0,5.0,水沢,B2,0:52.2,0.4,曇,27.2,9.0,,nar,2026-09-01,44.55,43.7,54.6,10.3,47.0,54.8,46.5,市場オッズ妙味
202644090105,2026-09-01,5,ヨバフウチ,10.0,8.0,千田洋,54.0,,11.0,15.0,大井,3歳六　七八(3歳七),1:18.3,2.2,雨,13.0,13.0,大井,3歳九　十,1:18.4,3.7,晴,12.0,12.0,大井,3歳七　八,1:48.1,3.2,晴,12.0,14.0,大井,3歳六　七八(3歳七),1:33.1,4.1,晴,8.0,11.0,大井,残堀川賞(3歳),1:17.4,2.0,晴,137.5,10.0,,nar,2026-09-01,37.97,15.7,62.7,0.0,51.5,56.8,43.8,前走人気以上 / 履歴少
202630090105,2026-09-01,5,リックスターク,11.0,8.0,黒澤愛斗,57.0,,4.0,5.0,門別,HWB門別競馬場厩舎(C4),1:04.1,1.3,曇,2.0,3.0,門別,平取中応援ファンファ(C4),1:03.7,0.2,晴,5.0,7.0,門別,3歳以上C4ー3,1:04.0,0.6,曇,8.0,9.0,門別,3歳以上C4ー3,1:04.6,1.1,曇,7.0,5.0,門別,3歳以上C4ー3,1:18.5,1.3,曇,7.8,6.0,,nar,2026-09-01,63.32,71.3,56.2,75.1,59.0,60.7,52.9,門別実績 / 履歴少 / 安定感
202644090105,2026-09-01,5,レッドスカイ,1.0,1.0,杉山海波,53.0,,11.0,9.0,大井,境川賞(3歳七),1:50.4,5.5,晴,9.0,10.0,大井,残堀川賞(3歳),1:17.4,2.0,晴,13.0,12.0,大井,3歳六　七,1:18.6,2.8,晴,10.0,10.0,大井,2歳三　四,1:17.7,2.5,晴,9.0,8.0,大井,SDGs未来都市しな(2歳三),1:32.4,3.8,晴,89.9,9.0,,nar,2026-09-01,34.21,23.6,45.4,0.0,45.5,49.0,43.8,履歴少
202635090105,2026-09-01,5,レーニス,1.0,1.0,山本聡哉,54.0,,6.0,1.0,盛岡,C1,1:01.0,1.7,曇,2.0,4.0,盛岡,C1,1:14.7,0.2,晴,10.0,10.0,佐賀,JRA交流霧島賞(重賞),1:32.5,3.8,曇,1.0,1.0,盛岡,C2,1:01.3,-0.2,曇,3.0,2.0,盛岡,C2,1:01.6,0.8,晴,5.5,3.0,,nar,2026-09-01,53.29,70.0,42.1,49.8,38.0,54.7,54.0,盛岡実績
202648090105,2026-09-01,5,ローズバラード,4.0,4.0,大畑慧悟,55.0,,11.0,12.0,名古屋,3歳11組,1:41.3,3.9,晴,14.0,15.0,2福島4,3歳未勝利,1:11.1,2.7,晴,18.0,18.0,2東京6,3歳未勝利,1:36.4,1.8,晴,13.0,11.0,1福島3,3歳未勝利,1:10.8,1.7,晴,,,,,,,,110.6,11.0,,nar,2026-09-01,35.58,7.4,52.0,0.0,74.0,50.9,50.0,近走上向き
202646090105,2026-09-01,5,ヴァルトバーデン,8.0,8.0,中島龍也,57.0,,9.0,1.0,金沢,琴音ちゃん20歳おめ(C2),1:41.3,6.7,曇,1.0,1.0,金沢,能登復興支援能登金剛(C2),1:41.6,-1.7,曇,3.0,3.0,金沢,C29,1:41.7,2.8,晴,2.0,1.0,金沢,C211,1:41.5,0.8,曇,,13.0,1新潟7,障害4歳以上未勝利,,,晴,14.8,4.0,,nar,2026-09-01,48.93,73.5,29.9,59.3,8.0,54.2,55.3,金沢実績 / 履歴少 / 市場オッズ妙味
202630090106,2026-09-01,6,アイリスト,2.0,2.0,小川悠汰,52.0,,8.0,8.0,門別,3歳以上C4ー3,1:05.3,3.1,雨,9.0,7.0,門別,3歳以上C4ー3,1:18.1,2.0,晴,11.0,11.0,門別,ゲッケイジュ特別(C4),1:18.0,2.3,曇,8.0,10.0,門別,グランシャリオドリー(C4),1:17.0,1.6,晴,5.0,8.0,門別,カタクリ特別(C4),1:17.6,0.8,晴,24.2,5.0,,nar,2026-09-01,42.85,39.7,50.7,10.3,51.5,53.6,46.3,履歴少
202644090106,2026-09-01,6,アズキング,4.0,4.0,千田洋,56.0,,9.0,13.0,大井,3歳六　七八(3歳七),1:32.2,3.3,雨,13.0,11.0,大井,3歳六　七,1:46.3,3.0,晴,7.0,7.0,大井,3歳七　八,1:45.2,0.7,曇,9.0,6.0,大井,3歳七　八九(3歳八),1:46.6,2.5,晴,4.0,8.0,大井,3歳六　七八(3歳七),1:31.3,1.4,雨,66.6,7.0,,nar,2026-09-01,41.78,35.3,54.9,10.3,45.5,52.9,46.3,前走人気以上 / 履歴少
202648090106,2026-09-01,6,アルヴァルディ,3.0,3.0,塚本征吾,57.0,,16.0,14.0,2中京6,3歳未勝利,2:06.4,11.7,曇,14.0,12.0,2阪神1,3歳未勝利,1:36.2,2.2,晴,8.0,14.0,1阪神1,3歳未勝利,1:34.9,0.7,晴,9.0,7.0,3中京8,2歳新馬,1:38.1,1.9,晴,,,,,,,,4.6,1.0,,nar,2026-09-01,29.99,15.6,48.3,0.0,16.0,51.7,48.8,履歴少
202646090106,2026-09-01,6,アロンジマンデ,3.0,3.0,青柳正義,55.0,,12.0,11.0,金沢,石川門C(3歳),1:35.4,4.0,晴,9.0,6.0,金沢,3歳A　3,1:35.6,2.3,晴,2.0,5.0,金沢,イエローダイヤモンド(3歳),0:57.7,1.4,晴,6.0,7.0,金沢,あかねこちゃんねる五(3歳),1:34.6,1.6,曇,2.0,4.0,金沢,祝!黒まめくん3回目(3歳6),1:34.8,0.4,曇,145.9,6.0,,nar,2026-09-01,42.4,49.1,49.3,30.1,6.5,52.9,50.5,前走人気以上
202648090106,2026-09-01,6,ウォーブレイク,9.0,7.0,大畑雅章,57.0,,14.0,13.0,2中京2,3歳未勝利,1:58.5,4.6,晴,,,,,,,,,,,,,,,,,,,,,,,,,,,,,14.7,9.0,,nar,2026-09-01,36.53,29.6,39.1,29.6,40.6,39.5,48.8,履歴少 / サンプル少
202646090106,2026-09-01,6,ウルダ,2.0,2.0,甲賀弘隆,55.0,,9.0,5.0,金沢,3歳A　3,1:41.5,3.4,曇,1.0,2.0,金沢,3歳B　3,1:41.5,-0.7,晴,1.0,1.0,金沢,帝統くんお誕生日おめ(3歳),1:33.4,-0.4,曇,2.0,1.0,金沢,3歳B　7,1:35.9,0.3,曇,13.0,15.0,3京都5,3歳未勝利,1:57.9,3.7,晴,26.3,4.0,,nar,2026-09-01,52.72,69.5,43.7,59.3,21.5,55.0,54.0,金沢実績 / 市場オッズ妙味
202646090106,2026-09-01,6,ウレシイゴサン,1.0,1.0,中島龍也,57.0,,4.0,4.0,金沢,3歳A　4,1:34.0,1.0,曇,4.0,2.0,金沢,3歳A　3,1:34.0,0.7,晴,1.0,2.0,金沢,イエローダイヤモンド(3歳),0:56.3,-1.4,晴,10.0,2.0,金沢,祝!ゆっきー支店長就(3歳),1:45.2,5.7,晴,13.0,11.0,2東京12,3歳1勝クラス,1:28.5,4.0,晴,38.7,5.0,,nar,2026-09-01,57.2,66.3,38.3,75.1,68.0,49.1,54.0,金沢実績 / 近走上向き / 安定感 / 市場オッズ妙味
202635090106,2026-09-01,6,エクセプション,6.0,6.0,菅原辰徳,56.0,,8.0,9.0,盛岡,タブの大島賞(C1),1:01.1,2.1,晴,5.0,7.0,盛岡,C1,1:12.8,1.0,曇,7.0,9.0,盛岡,C1,1:00.6,1.0,曇,2.0,6.0,盛岡,C1,1:14.1,0.5,曇,6.0,7.0,水沢,B2,0:52.5,0.7,曇,17.7,6.0,,nar,2026-09-01,54.95,60.2,63.2,39.5,32.0,65.7,51.5,盛岡実績 / 過小評価傾向 / 市場オッズ妙味
202644090106,2026-09-01,6,エトワールブルー,6.0,5.0,石川駿介,56.0,,10.0,12.0,1函館11,3歳未勝利,2:38.3,3.3,曇,11.0,9.0,1函館1,3歳未勝利,1:48.0,4.5,晴,5.0,7.0,1新潟7,3歳未勝利,1:56.1,2.7,晴,5.0,5.0,1新潟4,3歳未勝利,1:56.3,1.7,晴,5.0,6.0,3京都2,3歳未勝利,1:55.3,0.8,晴,8.0,4.0,,nar,2026-09-01,47.17,43.9,54.3,44.7,29.0,57.3,50.0,総合評価
202648090106,2026-09-01,6,オリエンタルガール,11.0,8.0,渡辺竜也,55.0,,8.0,13.0,2新潟1,3歳未勝利,1:58.8,1.8,曇,7.0,13.0,2福島4,3歳未勝利,1:49.3,2.0,晴,12.0,14.0,1福島2,3歳未勝利,1:50.4,2.7,晴,9.0,12.0,1中山2,3歳未勝利,1:59.4,2.8,晴,13.0,11.0,5中山2,2歳未勝利,1:15.0,2.1,晴,7.1,4.0,,nar,2026-09-01,48.94,34.4,75.5,0.0,63.5,61.3,50.0,前走人気以上 / 人気以上に走る傾向
202644090106,2026-09-01,6,オーシャンクロノス,2.0,2.0,田中洸多,54.0,,9.0,7.0,大井,3歳九　十11(3歳十),1:33.0,2.4,雨,6.0,4.0,大井,3歳八　九十(3歳九),1:30.6,3.5,晴,10.0,13.0,大井,3歳七　八,1:45.7,1.2,曇,8.0,11.0,大井,3歳七　八九(3歳八),1:46.4,2.3,晴,7.0,11.0,大井,3歳六　七八(3歳七),1:46.3,1.7,雨,87.2,10.0,,nar,2026-09-01,41.91,43.2,52.4,0.0,42.5,55.5,43.8,履歴少
202635090106,2026-09-01,6,カイトリヒト,11.0,8.0,高松亮,56.0,,3.0,8.0,盛岡,シェパーズパース賞(C1),1:26.9,0.2,曇,9.0,7.0,盛岡,C1,1:27.9,1.8,晴,7.0,5.0,盛岡,純米ニトロ7周年記念(C1),1:01.3,1.8,曇,5.0,3.0,盛岡,C1,1:14.8,1.2,曇,1.0,2.0,水沢,C1,0:50.9,-0.1,曇,8.0,4.0,,nar,2026-09-01,58.77,65.0,53.1,55.3,65.0,58.9,51.5,盛岡実績 / 前走人気以上 / 近走上向き
202630090106,2026-09-01,6,カネトシセレスト,4.0,4.0,黒澤愛斗,57.0,,8.0,4.0,門別,アグリアクション20(C4),1:05.0,1.0,曇,6.0,4.0,門別,優駿の里安平町SRK(C4),1:03.9,0.9,晴,2.0,5.0,門別,3歳以上C4ー3,1:03.5,1.2,曇,8.0,5.0,門別,湧別サロマ湖関野剛平(C4),1:04.0,2.1,晴,6.0,3.0,門別,3歳以上C4ー3,1:03.3,1.3,曇,9.0,3.0,,nar,2026-09-01,43.78,59.1,36.9,19.8,35.0,51.2,46.3,履歴少
202630090106,2026-09-01,6,キタノシュナイダー,10.0,8.0,金山昇馬,55.0,,9.0,7.0,門別,3歳以上C4ー3,1:05.1,2.1,晴,9.0,7.0,門別,3歳以上C4ー3,1:06.3,2.7,雨,10.0,9.0,門別,グランシャリオドリー(C4),1:07.3,3.3,曇,12.0,11.0,門別,グランシャリオドリー(C4),1:07.2,3.9,晴,12.0,8.0,門別,3歳以上C4ー3,1:07.1,5.2,晴,85.3,9.0,,nar,2026-09-01,34.96,28.4,37.0,0.0,60.5,44.4,46.5,総合評価
202646090106,2026-09-01,6,キトゥンズシルバー,5.0,5.0,米倉知,57.0,,3.0,5.0,金沢,3歳A　4,1:33.8,0.8,曇,2.0,2.0,金沢,3歳B　2,1:33.0,0.9,晴,2.0,1.0,金沢,3歳B　2,1:34.6,2.3,曇,1.0,2.0,金沢,3歳B　3,1:33.2,-0.2,雨,3.0,2.0,金沢,3歳B　6,1:40.4,0.4,曇,15.2,3.0,,nar,2026-09-01,69.57,89.9,53.2,100.0,44.0,62.2,56.4,金沢実績 / 安定感 / 市場オッズ妙味
202648090106,2026-09-01,6,キャリアビジョン,1.0,1.0,木之前葵,53.0,,11.0,11.0,2新潟2,3歳未勝利,1:36.0,0.8,雨,8.0,9.0,2東京12,3歳未勝利,1:34.8,1.0,晴,10.0,13.0,1福島3,3歳未勝利,2:00.9,1.2,晴,11.0,17.0,1中山6,3歳未勝利,2:01.3,0.6,晴,10.0,13.0,5東京5,2歳未勝利,1:48.3,1.1,曇,5.3,2.0,,nar,2026-09-01,41.77,28.4,64.2,0.0,42.5,60.3,48.8,履歴少
202644090106,2026-09-01,6,クォンタムビット,10.0,7.0,笹川翼,56.0,,2.0,1.0,大井,3歳九　十11(3歳十),1:30.8,0.2,雨,11.0,4.0,2東京5,3歳未勝利,2:29.8,3.7,晴,9.0,7.0,1東京8,3歳未勝利,1:49.1,1.4,晴,4.0,4.0,5中山4,2歳新馬,1:37.6,1.0,曇,,,,,,,,1.7,1.0,,nar,2026-09-01,50.17,57.0,30.9,45.0,86.0,44.1,48.8,履歴少 / 近走上向き
202648090106,2026-09-01,6,グランスプリント,6.0,6.0,阪野学,57.0,,15.0,15.0,2中京4,3歳未勝利,1:21.3,1.8,曇,11.0,13.0,2小倉6,3歳未勝利,1:49.4,2.1,晴,13.0,14.0,3京都11,3歳未勝利,1:22.1,1.8,晴,12.0,10.0,1中京2,3歳未勝利,1:22.0,0.9,晴,,,,,,,,9.1,6.0,,nar,2026-09-01,31.21,8.4,53.2,0.0,32.0,53.3,48.1,総合評価
202630090106,2026-09-01,6,コンチムサシ,6.0,6.0,小野楓馬,57.0,,3.0,2.0,門別,アグリアクション20(C4),1:04.6,0.6,曇,3.0,1.0,門別,優駿の里安平町SRK(C4),1:03.4,0.4,晴,2.0,1.0,門別,3歳以上C4ー3,1:03.5,0.8,晴,2.0,3.0,門別,3歳以上C4ー3,1:04.0,0.0,曇,3.0,4.0,門別,グランシャリオドリー(C4),1:04.1,0.2,曇,3.3,2.0,,nar,2026-09-01,66.14,86.7,44.7,100.0,47.0,53.8,59.5,門別実績 / 履歴少 / 安定感
202648090106,2026-09-01,6,サイモングリーマン,10.0,8.0,大原浩司,57.0,,10.0,15.0,2福島8,3歳未勝利,1:49.9,3.5,晴,13.0,14.0,2福島2,3歳未勝利,1:50.0,4.0,晴,8.0,10.0,川崎,ダイヤモンドフラワー(3歳),1:48.4,2.6,曇,9.0,9.0,2京都6,3歳未勝利,1:58.8,4.0,曇,8.0,9.0,2京都1,3歳未勝利,1:58.0,3.2,曇,36.7,11.0,,nar,2026-09-01,42.34,28.0,65.9,0.0,47.0,57.5,50.0,前走人気以上 / 人気以上に走る傾向
202630090106,2026-09-01,6,サクラゴールド,3.0,3.0,亀井洋司,57.0,,9.0,8.0,門別,3歳以上C4ー3,1:06.1,2.9,曇,9.0,9.0,門別,3歳以上C4ー3,1:22.3,6.8,晴,12.0,9.0,門別,3歳以上C4ー3,1:07.1,3.1,曇,9.0,9.0,門別,3歳以上C4ー3,1:19.1,1.9,曇,12.0,9.0,門別,3歳以上C4ー3,1:07.2,3.4,晴,89.2,10.0,,nar,2026-09-01,35.98,28.8,41.6,0.0,59.0,46.4,43.8,履歴少
202635090106,2026-09-01,6,サンピノン,4.0,4.0,小林凌,54.0,,2.0,3.0,盛岡,シェパーズパース賞(C1),1:26.8,0.1,曇,6.0,1.0,盛岡,C1,1:27.2,1.1,晴,9.0,6.0,大井,ラスティ・ネイル賞(C213),1:31.2,2.8,雨,4.0,4.0,大井,C213　1415(C214),1:30.4,1.0,曇,4.0,4.0,大井,C215　16,1:45.8,0.3,晴,5.8,3.0,,nar,2026-09-01,56.6,69.0,39.3,55.3,72.5,52.9,51.2,盛岡実績 / 履歴少 / 近走上向き
202646090106,2026-09-01,6,シャンパンスター,4.0,4.0,加藤翔馬,55.0,,8.0,6.0,2中京4,3歳以上1勝クラス,1:57.4,1.1,晴,7.0,2.0,2小倉1,3歳未勝利,1:45.3,0.8,曇,3.0,6.0,3京都12,3歳未勝利,1:54.1,0.6,晴,7.0,6.0,3京都7,3歳未勝利,1:26.5,1.5,晴,3.0,1.0,2阪神2,3歳未勝利,1:26.8,0.7,晴,1.3,1.0,,nar,2026-09-01,44.67,59.2,38.7,30.1,32.0,46.3,48.8,履歴少
202648090106,2026-09-01,6,ジャッキーバローズ,4.0,4.0,加藤誓二,57.0,,9.0,9.0,2中京3,3歳未勝利,1:59.1,4.5,晴,8.0,9.0,2阪神2,3歳未勝利,2:09.3,2.4,晴,13.0,10.0,1阪神6,3歳未勝利,1:59.6,3.7,曇,,,,,,,,,,,,,,,14.7,8.0,,nar,2026-09-01,38.85,30.2,46.8,0.0,59.0,51.4,48.8,履歴少 / 市場オッズ妙味
202644090106,2026-09-01,6,ジョテイ,8.0,6.0,木澤奨,51.0,,5.0,11.0,大井,3歳六　七八(3歳七),1:31.2,2.3,雨,6.0,4.0,大井,3歳八　九十(3歳九),1:46.2,2.7,晴,,,大井,3歳七　八,,,曇,4.0,5.0,大井,3歳十　11,1:45.8,0.9,曇,9.0,7.0,大井,3歳九　十,1:31.7,1.6,晴,48.4,5.0,,nar,2026-09-01,57.95,62.8,61.0,45.0,58.0,58.7,51.2,大井実績 / 前走人気以上 / 履歴少 / 市場オッズ妙味
202648090106,2026-09-01,6,ストラドーネ,8.0,7.0,丹羽克輝,57.0,,16.0,15.0,2中京6,3歳未勝利,2:02.6,2.7,晴,9.0,10.0,2中京2,3歳未勝利,2:13.3,1.8,晴,10.0,12.0,3京都2,3歳未勝利,2:01.5,1.1,晴,10.0,18.0,2阪神3,3歳未勝利,1:49.4,1.8,雨,13.0,9.0,5中京2,2歳未勝利,1:59.0,5.2,晴,5.7,3.0,,nar,2026-09-01,33.89,19.0,57.7,0.0,17.0,55.8,48.8,履歴少
202635090106,2026-09-01,6,セイブロッケン,2.0,2.0,岩本怜,56.0,,9.0,10.0,盛岡,タブの大島賞(C1),1:01.4,2.4,晴,10.0,9.0,盛岡,C1,1:14.3,2.5,曇,8.0,9.0,園田,C3,0:52.8,2.4,曇,7.0,10.0,園田,C3一,0:52.4,1.6,晴,8.0,11.0,園田,宅原ダッシュC3一,0:52.0,1.8,曇,126.2,11.0,,nar,2026-09-01,42.13,38.7,57.0,0.0,45.5,55.5,43.8,履歴少
202635090106,2026-09-01,6,タイコネン,1.0,1.0,関本玲花,52.0,,6.0,4.0,盛岡,タブの大島賞(C1),1:00.4,1.4,晴,9.0,8.0,盛岡,C1,1:13.9,1.4,曇,8.0,8.0,水沢,B2,0:52.9,1.9,晴,9.0,3.0,水沢,B2,0:51.5,1.2,曇,6.0,6.0,水沢,B1,0:52.7,1.3,晴,42.1,10.0,,nar,2026-09-01,40.75,47.4,37.9,0.0,62.0,47.0,43.8,履歴少 / 市場オッズ妙味
202630090106,2026-09-01,6,テンアリオン,7.0,7.0,宮内勇樹,55.0,,2.0,1.0,門別,3歳以上C4ー3,1:03.3,0.1,曇,3.0,4.0,門別,3歳以上C4ー3,1:03.1,0.2,曇,4.0,4.0,門別,3歳以上C4ー3,1:04.2,2.0,雨,4.0,3.0,門別,グランシャリオドリー(C4),1:03.9,0.6,晴,2.0,2.0,門別,3歳以上C4ー3,1:03.7,1.8,晴,1.6,1.0,,nar,2026-09-01,67.36,84.5,48.6,100.0,57.5,51.4,59.5,門別実績 / 履歴少 / 安定感
202630090106,2026-09-01,6,トンチャン,9.0,8.0,吉本隆記,55.0,,6.0,7.0,門別,3歳以上C4ー3,1:04.8,1.6,曇,4.0,4.0,門別,平取中応援ファンファ(C4),1:04.7,1.2,晴,8.0,8.0,門別,3歳以上C4ー3,1:18.8,3.3,晴,5.0,10.0,門別,3歳以上C4ー3,1:04.3,0.3,曇,10.0,10.0,門別,3歳以上C4ー3,1:19.4,2.2,曇,38.4,7.0,,nar,2026-09-01,54.62,58.7,57.2,39.5,54.5,58.6,49.6,履歴少 / 市場オッズ妙味
202646090106,2026-09-01,6,ドリーマーズ,6.0,6.0,魚住謙心,55.0,,1.0,2.0,金沢,3歳B　2,1:32.9,0.0,曇,2.0,2.0,金沢,3歳B　4,1:34.0,0.2,晴,7.0,14.0,2福島4,3歳未勝利,1:09.5,1.1,晴,11.0,9.0,1新潟4,3歳未勝利,0:57.2,1.4,晴,8.0,9.0,1小倉7,3歳未勝利,1:09.6,1.0,晴,3.0,2.0,,nar,2026-09-01,65.31,71.1,60.5,55.3,86.0,59.2,56.4,金沢実績 / 前走人気以上 / 近走上向き
202630090106,2026-09-01,6,ハッコウクィーン,8.0,7.0,松井伸也,55.0,,8.0,8.0,門別,3歳以上C4ー3,1:04.7,1.3,曇,5.0,8.0,門別,3歳以上C4ー3,1:04.2,1.2,晴,8.0,9.0,門別,優駿の里安平町SRK(C4),1:04.4,1.4,晴,6.0,8.0,門別,ほくれん丸賞(C4),1:04.6,2.5,雨,9.0,8.0,門別,グランシャリオドリー(C4),1:05.8,1.8,曇,25.6,6.0,,nar,2026-09-01,49.56,51.5,57.9,24.9,44.0,58.0,48.5,市場オッズ妙味
202635090106,2026-09-01,6,ハッピーダンス,10.0,8.0,高橋悠里,54.0,,6.0,9.0,水沢,B2,0:52.0,0.7,曇,12.0,5.0,水沢,B2二組,1:47.0,2.6,晴,9.0,10.0,佐賀,Aー5組(A2),1:24.9,3.6,雨,10.0,9.0,佐賀,スポーツ新聞の日賞,1:31.9,3.1,晴,8.0,8.0,佐賀,第10回エーエスピー(A2),1:31.7,2.8,曇,32.4,7.0,,nar,2026-09-01,41.48,37.0,44.5,0.0,72.5,49.1,48.8,前走人気以上 / 履歴少 / 近走上向き
202644090106,2026-09-01,6,ハッピーワイド,9.0,7.0,西優哉,53.0,,10.0,12.0,大井,3歳九　十11(3歳十),1:32.0,2.5,晴,6.0,14.0,大井,3歳九　十,1:17.2,2.5,晴,14.0,10.0,大井,3歳九　十,1:18.3,2.4,曇,9.0,11.0,大井,境川賞(3歳七),1:48.3,3.4,晴,7.0,10.0,大井,3歳八　九,1:17.0,1.1,晴,79.5,8.0,,nar,2026-09-01,43.39,34.1,66.9,0.0,44.0,58.1,43.8,履歴少 / 人気以上に走る傾向
202644090106,2026-09-01,6,バイソンバローズ,5.0,5.0,本田正重,56.0,,4.0,2.0,大井,3歳九　十11(3歳十),1:31.6,1.0,雨,3.0,4.0,大井,2歳　新馬(新馬),1:31.2,3.0,曇,,,,,,,,,,,,,,,,,,,,,,7.7,3.0,,nar,2026-09-01,52.12,61.8,43.0,48.4,42.2,54.9,59.5,大井実績 / 履歴少 / サンプル少
202644090106,2026-09-01,6,ファンキーヤンキー,12.0,8.0,野畑凌,56.0,,12.0,12.0,大井,3歳六　七八(3歳七),1:33.1,4.2,雨,12.0,14.0,大井,3歳六　七,1:46.1,2.8,晴,11.0,12.0,大井,3歳七　八,1:45.8,1.3,曇,6.0,13.0,大井,3歳七　八九(3歳八),1:30.6,1.3,晴,11.0,9.0,大井,3歳六　七八(3歳七),1:32.2,2.3,雨,109.8,11.0,,nar,2026-09-01,37.33,21.4,60.6,0.0,38.0,56.1,43.8,履歴少
202644090106,2026-09-01,6,フォーカス,11.0,8.0,東原悠善,56.0,,8.0,8.0,大井,3歳九　十11(3歳十),1:32.3,1.7,雨,8.0,13.0,大井,3歳八　九十(3歳九),1:31.0,3.9,晴,7.0,10.0,大井,3歳九　十,1:31.8,2.9,晴,13.0,13.0,大井,3歳六　七八(3歳七),1:33.4,3.5,雨,14.0,5.0,大井,3歳九　十11(3歳十),1:51.7,8.7,晴,165.3,12.0,,nar,2026-09-01,42.6,35.2,56.4,0.0,65.0,50.3,43.8,履歴少 / 近走上向き
202635090106,2026-09-01,6,フリムカナイデヨ,9.0,7.0,南郷家全,54.0,,9.0,8.0,盛岡,C1,1:01.2,1.2,曇,1.0,9.0,盛岡,C1,1:14.5,-0.2,晴,9.0,10.0,盛岡,C1,1:28.8,2.5,曇,8.0,7.0,盛岡,C1,1:28.9,1.5,晴,10.0,9.0,水沢,ポタジェ特別(C1),1:30.1,3.2,曇,33.3,8.0,,nar,2026-09-01,49.86,52.3,61.5,24.9,38.0,58.6,47.1,履歴少 / 市場オッズ妙味
202630090106,2026-09-01,6,ブルーポピー,5.0,5.0,藤田凌駕,56.0,,9.0,11.0,門別,3歳以上C4ー3,1:05.1,3.2,曇,4.0,7.0,門別,3歳以上C4ー3,1:04.4,1.3,晴,6.0,7.0,門別,平取中応援ファンファ(C4),1:06.0,2.5,晴,8.0,8.0,門別,3歳以上C4ー3,1:05.9,2.3,雨,9.0,9.0,門別,3歳以上C4ー3,1:06.0,3.8,雨,51.4,8.0,,nar,2026-09-01,49.05,51.9,60.9,24.9,36.5,56.5,46.3,履歴少
202648090106,2026-09-01,6,プロットシッケンズ,7.0,6.0,大畑慧悟,57.0,,10.0,8.0,2中京1,3歳未勝利,2:02.0,1.1,晴,9.0,7.0,2阪神2,3歳未勝利,2:02.6,2.2,晴,,,,,,,,,,,,,,,,,,,,,,8.4,5.0,,nar,2026-09-01,37.5,35.4,37.8,18.0,42.2,45.9,48.8,履歴少 / サンプル少
202648090106,2026-09-01,6,ホウオウパーソンズ,2.0,2.0,近藤颯羽,54.0,,15.0,8.0,2新潟4,3歳未勝利,1:22.9,1.7,晴,14.0,6.0,2東京2,3歳未勝利,1:46.6,7.1,晴,13.0,13.0,1東京3,3歳新馬,1:51.0,1.5,小雪,,,,,,,,,,,,,,,15.2,10.0,,nar,2026-09-01,18.09,1.1,11.6,0.0,41.0,37.3,48.8,履歴少 / 市場オッズ妙味
202644090106,2026-09-01,6,ポリループ,7.0,6.0,Ｆ．ゴン,56.0,,1.0,3.0,大井,3歳九　十11(3歳十),1:30.6,-0.2,雨,,,,,,,,,,,,,,,,,,,,,,,,,,,,,3.5,2.0,,nar,2026-09-01,44.94,51.6,43.7,36.3,40.6,42.0,48.8,履歴少 / サンプル少
202635090106,2026-09-01,6,ミハタタテナシ,5.0,5.0,山本政聡,56.0,,4.0,1.0,盛岡,C1,1:00.6,0.6,曇,1.0,1.0,水沢,C1,0:50.6,-0.3,曇,2.0,1.0,水沢,C1,0:50.6,0.1,曇,3.0,1.0,大井,C3一　二三(C3二),1:15.9,0.9,晴,1.0,2.0,大井,C3五　六,1:14.2,-0.1,晴,2.1,1.0,,nar,2026-09-01,62.92,88.8,40.9,100.0,36.5,49.9,48.8,履歴少 / 安定感
202644090106,2026-09-01,6,メガコウチャハイ,1.0,1.0,瀬川将輝,54.0,,7.0,14.0,大井,3歳六　七八(3歳七),1:31.5,2.6,雨,5.0,11.0,大井,3歳八　九十(3歳九),1:30.6,3.5,晴,9.0,8.0,大井,夏椿特別競走(3歳),1:31.3,4.5,曇,11.0,11.0,大井,3歳七　八九(3歳八),1:31.3,2.0,晴,14.0,11.0,大井,3歳六　七八(3歳七),1:17.9,2.7,雨,85.6,9.0,,nar,2026-09-01,52.85,42.8,71.8,24.9,66.5,57.4,46.3,前走人気以上 / 履歴少 / 人気以上に走る傾向 / 近走上向き
202635090106,2026-09-01,6,モーモーブラック,7.0,6.0,大坪慎,54.0,,10.0,1.0,盛岡,タブの大島賞(C1),1:01.5,2.5,晴,4.0,2.0,盛岡,C1,1:12.7,0.9,曇,2.0,1.0,盛岡,純米ニトロ7周年記念(C1),0:59.7,0.2,曇,2.0,5.0,盛岡,C1,1:13.3,0.5,晴,6.0,4.0,水沢,C1,0:51.1,0.5,小雨,5.0,2.0,,nar,2026-09-01,45.68,65.3,27.6,59.3,11.0,49.7,54.0,盛岡実績
202630090106,2026-09-01,6,ライズタワー,1.0,1.0,若杉朝飛,55.0,,4.0,4.0,門別,3歳以上C4ー3,1:04.4,1.2,曇,4.0,7.0,門別,優駿の里安平町SRK(C4),1:03.7,0.7,晴,6.0,5.0,門別,3歳以上C4ー3,1:04.8,1.2,雨,,,門別,グランシャリオドリー(C4),,,曇,6.0,10.0,門別,3歳以上C4ー3,1:18.3,1.5,晴,14.1,4.0,,nar,2026-09-01,61.58,70.4,57.9,55.3,58.0,66.1,51.2,門別実績 / 履歴少 / 過小評価傾向 / 市場オッズ妙味
202635090106,2026-09-01,6,ラミアヴィータ,3.0,3.0,佐々木志,54.0,,10.0,6.0,盛岡,C1,1:01.3,1.3,曇,12.0,10.0,盛岡,C1,1:01.1,1.5,曇,7.0,5.0,盛岡,C1,1:15.0,1.4,曇,1.0,1.0,水沢,C2,0:51.8,-0.2,曇,2.0,2.0,水沢,C2,0:52.1,0.3,小雨,41.2,9.0,,nar,2026-09-01,38.37,45.9,35.2,24.9,23.0,47.6,46.5,市場オッズ妙味
202635090106,2026-09-01,6,リースアンドリボン,8.0,7.0,鈴木祐,54.0,,10.0,11.0,盛岡,B2,1:47.3,2.2,曇,,5.0,盛岡,C1,,,曇,1.0,2.0,水沢,夏油賞(C1),1:30.7,-0.8,曇,1.0,3.0,水沢,C1,1:29.7,-0.1,晴,5.0,7.0,水沢,橋野鉄鉱山賞(C1),1:45.2,0.8,晴,10.1,5.0,,nar,2026-09-01,52.62,66.4,59.3,44.7,4.0,64.7,48.8,履歴少
202648090106,2026-09-01,6,レディリリス,5.0,5.0,友森翔太,55.0,,12.0,7.0,1函館11,3歳未勝利,1:02.2,2.6,曇,8.0,8.0,2新潟1,2歳新馬,1:22.6,1.3,晴,,,,,,,,,,,,,,,,,,,,,,14.1,7.0,,nar,2026-09-01,34.9,32.5,34.9,18.0,32.3,45.6,50.0,サンプル少 / 市場オッズ妙味
202644090106,2026-09-01,6,ヴェールジャルダン,3.0,3.0,杉山海波,51.0,,10.0,12.0,大井,3歳六　七八(3歳七),1:47.6,2.9,雨,3.0,8.0,大井,3歳八　九十(3歳九),1:30.5,3.4,晴,5.0,8.0,大井,3歳九　十,1:30.9,2.0,晴,5.0,9.0,大井,3歳十　11,1:17.8,2.1,曇,6.0,11.0,大井,3歳九　十,1:31.5,1.4,晴,60.8,6.0,,nar,2026-09-01,58.32,59.0,74.8,59.3,18.5,65.8,52.9,大井実績 / 履歴少 / 人気以上に走る傾向 / 過小評価傾向
202630090107,2026-09-01,7,アクアノート,6.0,6.0,松井伸也,55.0,,5.0,6.0,門別,世界へ羽ばたけ!ひだ(C4),1:16.5,0.6,曇,7.0,2.0,門別,グランシャリオドリー(C4),1:03.3,1.4,晴,3.0,8.0,門別,3歳以上C4ー2,1:15.8,1.2,晴,11.0,12.0,門別,星雲賞〔H3〕(重賞),1:16.1,2.2,雨,5.0,7.0,門別,3歳以上C4ー2,1:03.2,1.3,晴,18.7,6.0,,nar,2026-09-01,58.22,60.2,52.8,60.5,59.0,64.8,52.9,門別実績 / 履歴少 / 安定感 / 市場オッズ妙味
202646090107,2026-09-01,7,アクアマイスター,5.0,5.0,加藤翔馬,57.0,,3.0,5.0,金沢,3歳A　2,1:39.7,1.4,曇,9.0,4.0,金沢,3歳A　2,1:35.6,2.2,晴,3.0,2.0,金沢,3歳A　2,1:41.0,1.1,曇,2.0,4.0,金沢,3歳A　3,1:33.6,1.6,曇,7.0,2.0,金沢,3歳A　2,1:42.1,2.5,晴,23.5,6.0,,nar,2026-09-01,57.67,69.9,42.6,64.7,63.5,51.8,52.5,金沢実績 / 安定感 / 市場オッズ妙味
202630090107,2026-09-01,7,アースリンゴ,4.0,4.0,岩橋勇二,55.0,,6.0,10.0,門別,日高建設協会賞(C4),1:16.7,1.5,曇,5.0,7.0,門別,3歳以上C4ー2,1:03.3,1.3,晴,9.0,9.0,門別,3歳以上C4ー2,1:03.6,1.6,曇,4.0,7.0,門別,3歳以上C4ー2,1:03.3,0.8,曇,6.0,9.0,門別,道産子ポイントガード(C4),1:17.5,1.7,晴,48.0,9.0,,nar,2026-09-01,57.27,59.6,67.2,39.5,50.0,62.5,49.6,前走人気以上 / 履歴少 / 人気以上に走る傾向 / 市場オッズ妙味
202646090107,2026-09-01,7,イヌボウノユウヒ,1.0,1.0,魚住謙心,55.0,,6.0,7.0,金沢,3歳A　3,1:40.9,2.8,曇,7.0,7.0,金沢,加賀山中賞(未勝利)(3歳牝馬),1:41.1,3.9,晴,5.0,8.0,金沢,3歳A　2,1:34.4,1.0,晴,6.0,5.0,金沢,3歳A　3,1:34.5,0.6,雨,1.0,3.0,金沢,イエローダイヤモンド(3歳),1:40.3,-0.4,曇,100.2,11.0,,nar,2026-09-01,53.03,63.7,56.7,30.1,42.5,55.9,50.5,前走人気以上
202635090107,2026-09-01,7,ウィズホープ,10.0,8.0,塚本涼人,54.0,,7.0,9.0,盛岡,C1四組,1:27.5,1.0,曇,2.0,9.0,盛岡,C1五組,1:27.4,0.1,晴,7.0,9.0,盛岡,C1,1:28.4,2.1,曇,10.0,8.0,盛岡,C1,1:30.3,2.9,晴,,,水沢,C1,,,小雨,34.2,10.0,,nar,2026-09-01,55.09,59.2,69.2,24.9,46.0,62.0,47.1,履歴少 / 人気以上に走る傾向 / 市場オッズ妙味
202646090107,2026-09-01,7,ウェルックス,9.0,7.0,沖静男,57.0,,5.0,8.0,金沢,3歳A　3,1:40.5,2.4,曇,7.0,8.0,金沢,3歳A　3,1:34.7,1.4,晴,8.0,5.0,金沢,星奈ちゃん1歳お誕生(3歳),1:34.4,2.3,晴,4.0,6.0,金沢,3歳A　3,1:34.1,0.2,雨,5.0,4.0,金沢,3歳A　2,1:41.7,1.8,曇,73.6,10.0,,nar,2026-09-01,56.47,60.4,55.3,55.3,56.0,54.8,52.5,金沢実績 / 前走人気以上
202635090107,2026-09-01,7,エイシンヌチマシヌ,2.0,2.0,関本玲花,52.0,,7.0,5.0,盛岡,C1五組,1:27.4,0.5,晴,6.0,3.0,盛岡,C1三組,1:27.0,0.9,晴,2.0,1.0,盛岡,C1五組,1:27.2,0.8,曇,3.0,6.0,盛岡,C1四組,1:27.5,0.4,曇,5.0,4.0,水沢,C1五組,1:28.4,0.6,曇,11.3,6.0,,nar,2026-09-01,51.46,68.2,41.5,44.7,32.0,57.7,51.2,盛岡実績 / 履歴少
202644090107,2026-09-01,7,エスカティア,5.0,5.0,和田譲治,55.0,,9.0,4.0,浦和,’26ヴィーナスサマ(OP)(3上),1:29.4,3.0,雨,7.0,6.0,園田,兵庫サマークイーン賞(重賞),1:52.8,0.9,晴,7.0,2.0,浦和,甲武信ヶ岳特別(A2),1:35.7,0.9,曇,15.0,11.0,大井,東京シンデレラマイル(重賞),1:43.7,2.5,晴,2.0,1.0,川崎,ロジータ記念【地方交(重賞),2:19.8,0.1,晴,12.6,4.0,,nar,2026-09-01,36.18,43.7,25.9,10.3,42.5,44.5,51.8,クラス条件好転 / 履歴少 / 市場オッズ妙味
202635090107,2026-09-01,7,エールヴァーゲ,3.0,3.0,佐々木志,54.0,,4.0,11.0,盛岡,C1五組,1:27.1,0.2,晴,5.0,10.0,盛岡,C1,1:27.4,1.2,晴,5.0,8.0,盛岡,C1,1:28.1,1.8,曇,10.0,10.0,盛岡,べラジオオペラ特別(C1),1:28.4,2.1,晴,9.0,10.0,水沢,祝30周年!SPAT(C1),1:43.3,1.9,雨,33.4,9.0,,nar,2026-09-01,68.22,61.3,78.5,75.1,69.5,66.7,55.3,盛岡実績 / 前走人気以上 / 履歴少 / 人気以上に走る傾向
202635090107,2026-09-01,7,キタノインディ,1.0,1.0,菅原辰徳,56.0,,6.0,7.0,門別,旭岳賞〔H3〕(重賞),1:45.8,5.7,雨,7.0,7.0,門別,新冠町軽種馬生産振興(A1),1:15.6,2.9,晴,9.0,9.0,門別,ツキミソウ特別(A1),1:15.8,1.9,曇,8.0,9.0,門別,赤レンガ記念〔H3〕(重賞),2:14.2,6.9,曇,9.0,10.0,門別,グランシャリオ門別ス(重賞),1:02.6,2.3,曇,8.4,4.0,,nar,2026-09-01,46.96,48.4,53.9,0.0,63.5,56.0,50.0,総合評価
202630090107,2026-09-01,7,キョウエイフレアー,11.0,8.0,若杉朝飛,55.0,,3.0,12.0,門別,世界へ羽ばたけ!ひだ(C4),1:16.3,0.4,曇,,,門別,3歳以上C4ー2,,,曇,6.0,6.0,門別,3歳以上C4ー2,1:15.9,0.9,晴,5.0,8.0,門別,3歳以上C4ー2,1:16.8,0.6,曇,6.0,10.0,門別,とみくるマルシェ賞(C4),1:16.7,1.4,晴,64.5,10.0,,nar,2026-09-01,67.76,71.3,83.4,45.0,66.0,66.5,51.5,門別実績 / 前走人気以上 / 人気以上に走る傾向 / 近走上向き
202646090107,2026-09-01,7,クリムゾンバースト,11.0,8.0,青柳正義,57.0,,1.0,1.0,金沢,3歳A　4,1:33.0,0.0,曇,1.0,2.0,金沢,ちーたん生誕1周年記(3歳),1:39.1,-1.3,晴,1.0,1.0,金沢,3歳B　7,1:40.3,-0.9,晴,10.0,11.0,3阪神2,3歳未勝利,2:01.6,1.6,雨,11.0,11.0,1福島4,3歳未勝利,2:01.4,1.2,晴,2.3,2.0,,nar,2026-09-01,67.16,81.2,52.8,75.1,78.5,54.8,56.4,金沢実績 / 近走上向き / 安定感
202644090107,2026-09-01,7,ケテンドリーム,6.0,6.0,笹川翼,55.0,,4.0,3.0,金沢,読売レディス杯(重賞),1:36.7,0.8,曇,1.0,1.0,園田,兵庫サマークイーン賞(重賞),1:51.9,0.0,晴,2.0,2.0,大井,ウイングシート賞競走(A2B1),1:25.7,0.5,曇,5.0,6.0,大井,エメラルド賞競走(A2),1:40.0,0.4,晴,4.0,8.0,大井,東京シンデレラマイル(重賞),1:42.1,0.9,晴,1.8,1.0,,nar,2026-09-01,66.88,84.0,51.8,100.0,44.0,55.1,59.5,大井実績 / 履歴少 / 安定感
202644090107,2026-09-01,7,コアリオ,2.0,2.0,鷹見陸,53.0,,5.0,9.0,園田,兵庫サマークイーン賞(重賞),1:52.7,0.8,晴,4.0,6.0,浦和,’26ティアラC(A2),1:29.2,0.8,曇,7.0,3.0,大井,アメジスト賞競走(A2),1:44.4,1.5,晴,2.0,5.0,大井,スノーフレーク賞競走(B1B2),1:27.3,0.5,曇,2.0,16.0,大井,東京シンデレラマイル(重賞),1:41.9,0.7,晴,25.9,6.0,,nar,2026-09-01,66.84,72.8,69.7,80.2,42.5,68.7,54.0,大井実績 / 前走人気以上 / 履歴少 / 人気以上に走る傾向
202646090107,2026-09-01,7,ゴーゴーパワー,3.0,3.0,平瀬城久,57.0,,7.0,9.0,金沢,3歳A　3,1:41.0,2.9,曇,5.0,4.0,金沢,3歳A　3,1:34.0,0.7,晴,4.0,6.0,金沢,星奈ちゃん1歳お誕生(3歳),1:34.0,1.9,晴,3.0,5.0,金沢,3歳A　4,1:40.9,2.5,曇,2.0,2.0,金沢,イエローダイヤモンド(3歳),1:40.7,0.4,曇,68.3,9.0,,nar,2026-09-01,58.45,69.5,57.3,69.6,29.0,56.8,54.5,金沢実績 / 安定感
202648090107,2026-09-01,7,ゴールドサニーデイ,7.0,7.0,丹羽克輝,55.0,,10.0,9.0,名古屋,C14組,1:44.4,4.9,晴,12.0,11.0,名古屋,なお、いつもありがと(C),1:45.9,6.5,曇,11.0,9.0,名古屋,C11組,1:43.6,4.8,曇,9.0,9.0,名古屋,C14組,0:59.5,1.8,曇,11.0,11.0,名古屋,C15組,1:44.5,5.2,雨,159.5,10.0,,nar,2026-09-01,34.47,22.8,43.4,0.0,54.5,48.3,43.8,履歴少
202630090107,2026-09-01,7,サクラキングリー,2.0,2.0,亀井洋司,57.0,,2.0,7.0,門別,世界へ羽ばたけ!ひだ(C4),1:16.1,0.2,曇,5.0,8.0,門別,平取町軽種馬生産振興(C4),1:16.0,0.9,晴,4.0,7.0,門別,3歳以上C4ー2,1:16.1,1.5,晴,8.0,6.0,門別,3歳以上C4ー2,1:17.3,1.1,曇,3.0,2.0,門別,3歳以上C4ー2,1:16.7,0.4,曇,24.5,8.0,,nar,2026-09-01,69.79,75.0,67.3,85.4,68.0,61.5,56.2,門別実績 / 前走人気以上 / 履歴少 / 人気以上に走る傾向
202630090107,2026-09-01,7,シャンセレナーデ,8.0,7.0,金山昇馬,55.0,,9.0,11.0,門別,北海道日高管内商工会(C4),1:16.5,0.9,曇,9.0,7.0,名古屋,伊良湖疾風戦(C),0:58.1,1.2,曇,12.0,10.0,名古屋,金シャチ最終戦(C),1:38.8,1.5,晴,8.0,8.0,名古屋,まりな20代ラストイ(C),1:39.6,2.8,雨,8.0,12.0,名古屋,八曽山特別(C),1:54.9,2.8,小雨,112.5,11.0,,nar,2026-09-01,39.89,33.3,50.9,0.0,51.5,52.2,48.8,履歴少
202646090107,2026-09-01,7,シルヴァバローズ,4.0,4.0,松戸政也,55.0,,8.0,10.0,金沢,3歳A　3,1:41.0,2.9,曇,7.0,10.0,金沢,3歳A　2,1:35.4,2.0,晴,7.0,11.0,金沢,兼六園スプリント(重賞),1:40.7,3.2,雨,6.0,8.0,金沢,3歳A　2,1:42.3,2.4,曇,7.0,10.0,金沢,加賀九谷賞(未勝利)(3歳牝馬),1:41.8,3.1,曇,256.5,12.0,,nar,2026-09-01,49.22,50.7,69.2,0.0,42.5,61.7,46.5,前走人気以上 / 人気以上に走る傾向
202648090107,2026-09-01,7,シロイヤツ,10.0,8.0,尾崎章生,57.0,,4.0,7.0,名古屋,C14組,1:40.8,1.3,晴,5.0,9.0,名古屋,C11組,1:41.3,3.8,雨,7.0,12.0,名古屋,C11組,1:41.0,2.2,曇,10.0,12.0,名古屋,金シャチ最終戦(C),1:41.7,2.7,曇,9.0,9.0,名古屋,C15組,1:41.4,2.1,雨,26.1,6.0,,nar,2026-09-01,63.08,58.1,72.3,55.3,72.5,65.4,49.6,前走人気以上 / 履歴少 / 人気以上に走る傾向 / 近走上向き
202646090107,2026-09-01,7,ジェネチェン,6.0,5.0,米倉知,55.0,,3.0,6.0,金沢,3歳A　3,1:40.2,2.1,曇,6.0,6.0,金沢,3歳A　2,1:40.8,2.5,曇,10.0,5.0,金沢,3歳A　2,1:35.8,2.4,晴,1.0,2.0,金沢,バロックパール特別(3歳),0:56.5,-0.5,晴,6.0,1.0,金沢,イエローダイヤモンド(3歳),1:42.1,1.8,曇,29.8,8.0,,nar,2026-09-01,55.72,66.8,46.9,45.0,66.5,52.4,50.5,前走人気以上 / 近走上向き / 市場オッズ妙味
202646090107,2026-09-01,7,スズランクイーン,2.0,2.0,鈴木太一,55.0,,10.0,4.0,金沢,3歳A　3,1:42.0,3.9,曇,2.0,3.0,金沢,星奈ちゃん1歳お誕生(3歳),1:32.2,0.1,晴,2.0,3.0,金沢,3歳A　4,1:39.7,1.3,曇,4.0,4.0,金沢,あかねこちゃんねる五(3歳),1:33.9,0.9,曇,8.0,8.0,金沢,3歳A　3,1:34.1,2.1,曇,21.4,5.0,,nar,2026-09-01,49.52,65.3,40.4,59.3,14.0,53.7,52.5,金沢実績 / 市場オッズ妙味
202648090107,2026-09-01,7,ステイラッキー,3.0,3.0,今井貴大,55.0,,3.0,1.0,名古屋,C14組,1:40.4,0.9,晴,,,名古屋,LJS名古屋ラウンド(C),,,曇,2.0,5.0,名古屋,C28組,1:39.2,0.5,晴,13.0,13.0,3中山7,3歳未勝利,1:59.1,3.8,晴,10.0,15.0,2中京2,3歳未勝利,1:27.1,3.3,小雨,1.4,1.0,,nar,2026-09-01,60.41,62.9,54.7,50.2,82.0,56.3,59.5,名古屋実績 / 履歴少 / 近走上向き
202648090107,2026-09-01,7,スノーバンティング,4.0,4.0,加藤利征,57.0,,8.0,11.0,名古屋,金シャチ最終戦777(C),1:41.7,1.9,曇,5.0,7.0,名古屋,C11組,1:40.5,1.7,曇,,,名古屋,C15組,,,雨,6.0,6.0,名古屋,C24組,1:42.0,1.8,晴,10.0,5.0,名古屋,C26組,1:01.1,2.2,晴,57.4,9.0,,nar,2026-09-01,48.86,52.3,57.8,24.9,44.0,52.6,47.1,前走人気以上 / 履歴少
202630090107,2026-09-01,7,ダノンアクション,10.0,8.0,小野楓馬,57.0,,14.0,7.0,1函館11,3歳未勝利,1:49.2,2.9,小雨,11.0,4.0,1中山9,3歳新馬,2:04.4,1.0,晴,,,,,,,,,,,,,,,,,,,,,,4.7,3.0,,nar,2026-09-01,27.39,23.0,18.5,18.0,35.6,36.3,50.0,サンプル少
202635090107,2026-09-01,7,トキノワンカラット,4.0,4.0,斉藤友香,50.0,,7.0,1.0,盛岡,イグナイター特別(C1),1:27.6,0.7,曇,6.0,3.0,水沢,種山高原賞(C1),1:29.1,1.6,小雨,2.0,1.0,水沢,ハイドランジア賞(C1),1:28.0,0.1,雨,2.0,5.0,盛岡,C1一組,1:39.3,0.2,晴,3.0,6.0,盛岡,C2一組,1:26.7,0.4,晴,5.1,2.0,,nar,2026-09-01,50.16,71.0,35.9,44.7,27.5,54.3,54.0,盛岡実績 / 履歴少
202646090107,2026-09-01,7,ドライヴトウショウ,8.0,6.0,栗原大河,55.0,,1.0,5.0,金沢,3歳A　3,1:33.3,0.0,晴,3.0,3.0,金沢,イエローダイヤモンド(3歳),0:57.7,1.4,晴,1.0,1.0,金沢,3歳B　3,1:34.2,-0.1,曇,2.0,6.0,金沢,3歳B　5,1:42.7,0.7,曇,8.0,6.0,金沢,3歳B　3,1:37.4,4.2,雨,11.3,3.0,,nar,2026-09-01,72.61,89.1,61.1,89.7,65.0,64.2,54.5,金沢実績 / 前走人気以上 / 近走上向き / 安定感
202635090107,2026-09-01,7,ナンデフェスティヴ,6.0,6.0,小林凌,54.0,,4.0,6.0,高知,C2ー5,1:49.6,1.7,晴,5.0,11.0,高知,C2ー5,1:25.9,1.6,曇,7.0,7.0,高知,C2ー6,1:33.3,2.0,曇,6.0,11.0,高知,日曜市特別(C2),1:49.3,1.8,小雨,9.0,10.0,高知,ファイナルレース(C2),1:34.7,2.3,晴,22.6,8.0,,nar,2026-09-01,63.17,62.8,70.6,55.3,66.5,65.4,48.8,履歴少 / 人気以上に走る傾向 / 近走上向き / 過小評価傾向
202648090107,2026-09-01,7,ニシキホーク,5.0,5.0,大原浩司,57.0,,12.0,3.0,名古屋,C14組,1:44.9,5.4,晴,7.0,7.0,名古屋,3歳4組,1:36.7,2.1,曇,3.0,7.0,名古屋,3歳5組,1:37.5,0.5,晴,1.0,11.0,名古屋,3歳7組,1:29.3,-0.6,晴,3.0,11.0,名古屋,3歳8組,1:39.3,0.2,曇,4.5,2.0,,nar,2026-09-01,48.11,56.5,52.4,44.7,0.0,64.9,52.9,名古屋実績 / 履歴少
202635090107,2026-09-01,7,ビッグリュウオー,5.0,5.0,吉原寛人,56.0,,3.0,4.0,盛岡,C1五組,1:27.1,0.2,晴,4.0,7.0,盛岡,C1四組,1:27.2,0.5,晴,9.0,7.0,盛岡,C1四組,1:27.6,0.7,曇,3.0,4.0,水沢,ポタジェ特別(C1),1:27.6,0.7,曇,3.0,9.0,水沢,C1三組,1:29.1,1.1,曇,2.1,1.0,,nar,2026-09-01,65.24,72.5,60.0,80.2,60.5,59.0,54.0,盛岡実績 / 履歴少 / 安定感
202646090107,2026-09-01,7,ピアス,10.0,7.0,中島龍也,55.0,,4.0,3.0,金沢,3歳A　3,1:40.2,2.1,曇,1.0,1.0,金沢,3歳B　2,1:32.1,-0.9,晴,,,1函館2,3歳未勝利,,,晴,9.0,2.0,1新潟2,3歳未勝利,2:03.1,0.7,晴,5.0,1.0,1福島1,3歳未勝利,1:47.9,0.3,晴,2.2,1.0,,nar,2026-09-01,55.75,75.2,34.8,65.7,56.0,43.6,56.4,金沢実績 / 安定感
202648090107,2026-09-01,7,ファリナータ,1.0,1.0,小笠原羚,52.0,,9.0,5.0,名古屋,C14組,1:43.0,3.5,晴,3.0,10.0,名古屋,ここあ生誕1周年記念(C),0:58.9,0.9,晴,7.0,4.0,名古屋,C28組,0:59.6,0.8,晴,6.0,5.0,名古屋,C28組,1:34.0,1.3,晴,6.0,4.0,名古屋,みゆちゃんゆうしゅん(C),1:41.5,1.0,晴,29.7,7.0,,nar,2026-09-01,45.78,57.1,47.1,24.9,29.0,52.8,46.3,履歴少 / 市場オッズ妙味
202635090107,2026-09-01,7,ファンタズマ,8.0,7.0,村上忍,56.0,,6.0,9.0,盛岡,C1,1:27.6,0.6,曇,6.0,8.0,盛岡,C1,1:28.7,1.8,曇,9.0,4.0,盛岡,べラジオオペラ特別(C1),1:28.2,1.9,晴,5.0,7.0,水沢,C1,1:31.8,0.9,曇,8.0,7.0,盛岡,B2,1:28.5,1.5,晴,19.7,7.0,,nar,2026-09-01,49.59,54.8,54.3,14.6,56.0,59.8,43.8,前走人気以上 / 履歴少 / 市場オッズ妙味
202644090107,2026-09-01,7,フェルディナンド,1.0,1.0,安藤洋一,53.0,,6.0,6.0,大井,ロマンティックナイト(B1),1:27.6,1.1,曇,7.0,6.0,大井,ウイングシート賞競走(A2B1),1:28.5,3.3,曇,3.0,3.0,大井,マーチ賞競走(B1B2),1:27.6,1.2,晴,3.0,7.0,大井,スノーフレーク賞競走(B1B2),1:27.4,0.6,曇,7.0,9.0,大井,ウインターテール賞競(B1B2),1:27.9,0.8,晴,36.7,7.0,,nar,2026-09-01,54.0,65.4,53.8,34.3,44.0,58.0,52.6,クラス条件好転 / 履歴少 / 市場オッズ妙味
202630090107,2026-09-01,7,ブルーハーツ,3.0,3.0,阿部龍,57.0,,4.0,2.0,門別,世界へ羽ばたけ!ひだ(C4),1:16.5,0.6,曇,13.0,16.0,1函館9,3歳未勝利,1:10.6,1.5,曇,11.0,15.0,1函館3,3歳未勝利,1:09.3,0.7,曇,7.0,7.0,1福島5,3歳未勝利,1:09.8,1.1,晴,4.0,5.0,1福島2,3歳未勝利,1:09.8,0.5,晴,4.0,2.0,,nar,2026-09-01,53.26,43.5,57.2,40.7,78.5,57.4,50.0,前走人気以上 / 近走上向き
202644090107,2026-09-01,7,プリンセスアリー,10.0,8.0,張田昂,55.0,,5.0,8.0,浦和,’26ヴィーナスサマ(OP)(3上),1:27.5,1.1,雨,9.0,8.0,浦和,文月特別(A2B1),1:36.3,1.6,晴,7.0,10.0,浦和,’26ティアラC(A2),1:30.0,1.6,曇,8.0,7.0,大井,アメジスト賞競走(A2),1:44.9,2.0,晴,7.0,6.0,浦和,新春賞(A2),1:30.1,1.8,晴,51.1,8.0,,nar,2026-09-01,52.31,51.7,57.0,30.4,66.5,54.6,48.8,前走人気以上 / 履歴少 / 近走上向き
202646090107,2026-09-01,7,プロミスザムーン,7.0,6.0,柴田勇真,57.0,,8.0,7.0,金沢,石川門C(3歳),1:33.1,1.7,晴,2.0,3.0,金沢,3歳A　3,1:33.3,0.0,晴,5.0,4.0,金沢,星奈ちゃん1歳お誕生(3歳),1:34.1,2.0,晴,1.0,1.0,金沢,春夏秋冬サラ生誕記念(3歳),1:34.3,0.0,曇,3.0,2.0,金沢,3歳B　2,1:34.3,0.6,雨,25.9,7.0,,nar,2026-09-01,55.56,73.0,47.5,69.6,18.5,55.0,54.5,金沢実績 / 安定感 / 市場オッズ妙味
202630090107,2026-09-01,7,ベアブルージュ,7.0,6.0,石川倭,57.0,,4.0,4.0,門別,平取町軽種馬生産振興(C4),1:15.8,0.7,晴,,,門別,グランシャリオドリー(C4),,,雨,13.0,11.0,3東京5,3歳未勝利,1:38.5,2.4,雨,16.0,8.0,2東京12,3歳未勝利,1:42.6,3.5,晴,,,,,,,,2.7,1.0,,nar,2026-09-01,44.44,36.9,33.1,30.4,100.0,40.3,48.8,履歴少 / 近走上向き
202644090107,2026-09-01,7,マテリアルガール,8.0,7.0,本田正重,55.0,,6.0,7.0,川崎,エンプレス杯キヨフジ(JpnII),2:18.7,2.6,晴,2.0,8.0,船橋,群青特別(A2B1),1:42.6,0.1,曇,7.0,3.0,笠松,ブルーリボンマイル(重賞),1:44.6,1.5,晴,5.0,2.0,川崎,多摩川OP(OP)(A14歳),1:44.7,0.6,晴,2.0,4.0,船橋,鯛ノ浦特別(A2B1),1:56.9,0.2,晴,10.9,3.0,,nar,2026-09-01,57.17,70.9,55.4,49.8,38.0,61.5,48.8,履歴少
202648090107,2026-09-01,7,マリーラークスパー,2.0,2.0,細川智史,55.0,,9.0,2.0,名古屋,C11組,1:42.8,5.3,雨,9.0,6.0,大井,C3九,1:17.9,2.1,晴,6.0,10.0,大井,C3九,1:17.1,0.9,晴,8.0,16.0,大井,C3八　九,1:17.9,2.5,晴,,,大井,C3八　九,,,晴,11.8,3.0,,nar,2026-09-01,40.01,42.6,42.8,0.0,42.0,56.4,48.8,履歴少
202644090107,2026-09-01,7,マーブルマカロン,9.0,7.0,西優哉,52.0,,4.0,5.0,浦和,’26ヴィーナスサマ(OP)(3上),1:27.3,0.9,雨,7.0,8.0,川崎,スパーキングレディー(JpnIII),1:44.2,2.6,晴,10.0,6.0,浦和,しらさぎ賞[地方交流(重賞),1:29.4,1.1,曇,5.0,1.0,浦和,’26ティアラC(A2),1:29.2,0.8,曇,1.0,2.0,大井,アメジスト賞競走(A2),1:42.9,-0.4,晴,20.9,5.0,,nar,2026-09-01,54.61,61.8,45.0,55.3,60.5,53.0,51.8,クラス条件好転 / 履歴少 / 市場オッズ妙味
202644090107,2026-09-01,7,ミルニュイ,11.0,8.0,野畑凌,55.0,,8.0,7.0,浦和,’26ヴィーナスサマ(OP)(3上),1:28.1,1.7,雨,15.0,14.0,大井,クリスタルナイト賞競(A2),2:16.1,8.2,曇,10.0,9.0,大井,ブラッドストーン賞競(A2B1),1:43.0,3.3,晴,2.0,4.0,大井,アメジスト賞競走(A2),1:43.3,0.4,晴,4.0,7.0,大井,ジュエリーアイス賞競(A2B1),1:42.5,0.6,晴,58.6,10.0,,nar,2026-09-01,44.24,40.2,49.0,24.9,48.5,52.2,51.2,大井実績 / 履歴少
202644090107,2026-09-01,7,メランポジューム,3.0,3.0,岡村健司,51.0,,3.0,5.0,大井,オクトーバー賞競走(A2),2:12.4,1.3,曇,7.0,3.0,大井,スピネル賞競走(B1B2),1:29.4,3.7,曇,3.0,5.0,園田,兵庫サマークイーン賞(重賞),1:51.5,0.7,曇,4.0,3.0,船橋,きりん座特別(B1B2),1:43.6,0.5,晴,6.0,9.0,川崎,エンプレス杯キヨフジ(JpnII),2:19.0,3.8,晴,59.8,11.0,,nar,2026-09-01,60.55,72.4,51.2,64.7,62.0,54.8,51.2,大井実績 / 履歴少 / 安定感
202630090107,2026-09-01,7,モロノラピド,5.0,5.0,望月洵輝,57.0,,7.0,5.0,門別,世界へ羽ばたけ!ひだ(C4),1:16.7,0.8,曇,14.0,13.0,3東京6,3歳未勝利,1:40.0,4.2,曇,10.0,13.0,3中山8,3歳未勝利,1:13.2,2.2,晴,10.0,11.0,3中山6,3歳未勝利,1:14.0,1.9,晴,11.0,15.0,1中京5,3歳未勝利,1:27.5,2.6,晴,9.6,5.0,,nar,2026-09-01,41.94,27.5,52.1,0.0,75.5,55.8,48.8,履歴少 / 近走上向き
202646090107,2026-09-01,7,モーモークローム,12.0,8.0,田知弘久,55.0,,5.0,8.0,金沢,石川門C(3歳),1:32.4,1.0,晴,,,金沢,金沢城鼠多門賞【サラ(重賞),,,晴,3.0,2.0,金沢,3歳A　3,1:33.9,0.0,雨,5.0,5.0,金沢,3歳A　3,1:33.7,1.7,曇,1.0,3.0,金沢,バイオレットスターサ(3歳),1:33.9,-0.2,曇,16.2,4.0,,nar,2026-09-01,64.14,76.6,58.6,75.1,38.0,65.1,59.5,金沢実績 / 前走人気以上 / 履歴少 / 安定感
202648090107,2026-09-01,7,ヤタガラスマヒナ,6.0,6.0,大畑慧悟,57.0,,12.0,11.0,名古屋,C13組,1:41.8,4.1,晴,10.0,7.0,名古屋,C10組,1:43.1,3.9,雨,12.0,5.0,名古屋,C20組,1:40.7,2.7,晴,5.0,8.0,名古屋,C22組,1:33.4,1.2,曇,4.0,8.0,名古屋,鶴寿賞(C),1:39.5,2.2,曇,23.8,5.0,,nar,2026-09-01,35.71,30.8,38.9,24.9,24.5,49.1,49.6,履歴少
202648090107,2026-09-01,7,ユイノチョウシンキ,9.0,8.0,大畑雅章,57.0,,8.0,6.0,名古屋,C14組,1:42.3,2.8,晴,6.0,6.0,名古屋,C11組,1:41.4,3.9,雨,7.0,4.0,名古屋,なお、いつもありがと(C),1:42.4,3.0,曇,4.0,11.0,名古屋,金シャチ最終戦(C),1:40.0,1.0,曇,8.0,5.0,名古屋,C15組,1:41.4,2.1,雨,12.0,4.0,,nar,2026-09-01,45.5,54.2,46.6,14.6,39.5,57.3,46.3,履歴少 / 市場オッズ妙味
202630090107,2026-09-01,7,ヨシノアヴァンセ,1.0,1.0,落合玄太,55.0,,6.0,7.0,門別,北海道日高管内商工会(C4),1:16.2,0.6,曇,1.0,3.0,門別,チプサンケ賞(C4),1:16.3,0.0,晴,4.0,3.0,門別,3歳以上C4ー3,1:16.8,0.3,曇,2.0,2.0,門別,3歳以上C4ー3,1:17.2,0.0,曇,3.0,2.0,門別,3歳以上C4ー3,1:17.3,1.3,晴,19.2,7.0,,nar,2026-09-01,61.58,80.3,53.5,69.6,29.0,62.9,56.2,門別実績 / 履歴少 / 安定感 / 市場オッズ妙味
202630090107,2026-09-01,7,ラストシャイニー,9.0,7.0,宮内勇樹,55.0,,11.0,1.0,門別,世界へ羽ばたけ!ひだ(C4),1:19.3,3.4,曇,9.0,8.0,1札幌2,3歳未勝利,1:49.5,3.5,晴,14.0,11.0,1函館8,3歳未勝利,1:09.8,1.0,曇,8.0,3.0,1新潟3,3歳未勝利,1:15.1,2.2,晴,4.0,8.0,3中山5,3歳未勝利,1:11.7,0.8,晴,7.9,4.0,,nar,2026-09-01,29.74,29.3,20.6,10.3,36.5,42.6,50.0,総合評価
202635090107,2026-09-01,7,リリーピンシャー,7.0,7.0,阿部英俊,56.0,,5.0,10.0,盛岡,C1五組,1:27.4,0.5,晴,3.0,4.0,盛岡,C1五組,1:27.6,0.3,晴,10.0,11.0,盛岡,スマホで投票!楽天競(C1),1:41.7,2.1,曇,8.0,8.0,盛岡,碁石海岸賞(C1),1:40.7,1.8,曇,5.0,5.0,水沢,ポタジェ特別(C1),1:28.2,1.3,曇,11.2,5.0,,nar,2026-09-01,61.42,60.6,63.8,65.7,59.0,64.8,51.2,盛岡実績 / 前走人気以上 / 履歴少 / 安定感
202644090107,2026-09-01,7,リヴェルベロ,4.0,4.0,木間塚龍,53.0,,3.0,9.0,浦和,’26ヴィーナスサマ(OP)(3上),1:26.8,0.4,雨,6.0,7.0,川崎,かながわの水がめ宮ヶ(B1B2),1:38.4,2.7,曇,5.0,6.0,浦和,甲武信ヶ岳特別(A2),1:35.3,0.5,曇,6.0,5.0,大井,オフト京王閣賞競走(B1),1:29.5,2.1,晴,9.0,9.0,船橋,ブラッドストーン賞(A2B1),1:54.5,3.8,雨,54.3,9.0,,nar,2026-09-01,61.7,66.4,64.9,50.2,71.0,58.1,48.8,前走人気以上 / 履歴少 / 近走上向き
202648090107,2026-09-01,7,レディマジェスティ,8.0,7.0,加藤誓二,55.0,,5.0,11.0,名古屋,C14組,1:41.0,1.5,晴,10.0,7.0,名古屋,C11組,1:43.2,5.7,雨,12.0,10.0,名古屋,金シャチ最終戦(C),1:42.5,3.5,曇,6.0,5.0,名古屋,C14組,0:58.9,1.2,曇,9.0,10.0,名古屋,金シャチ最終戦(C),1:40.5,1.6,雨,44.9,8.0,,nar,2026-09-01,49.79,42.5,54.5,30.4,75.5,53.5,46.3,前走人気以上 / 履歴少 / 近走上向き / 市場オッズ妙味
202635090107,2026-09-01,7,ワンダーブギ,9.0,8.0,高橋悠里,56.0,,9.0,3.0,盛岡,C1五組,1:27.8,0.9,晴,3.0,4.0,盛岡,C1四組,1:27.1,0.4,晴,4.0,6.0,盛岡,C1四組,1:27.4,0.5,曇,2.0,8.0,盛岡,C1五組,1:27.3,0.6,曇,11.0,11.0,水沢,C1三組,1:30.9,2.9,曇,8.1,3.0,,nar,2026-09-01,53.24,62.4,47.9,59.3,26.0,60.9,55.3,盛岡実績 / 履歴少
202644090107,2026-09-01,7,ワールドエイム,7.0,6.0,Ｆ．ゴン,53.0,,2.0,1.0,大井,アメリカンアンバサダ(B2),1:41.3,0.7,晴,1.0,1.0,大井,プレアデス賞競走(B2B3),1:42.1,0.0,曇,2.0,1.0,大井,わかば賞競走(B2),1:26.7,0.0,晴,1.0,1.0,大井,ゴールデンステッキ賞(B3),1:12.8,-0.3,晴,2.0,1.0,大井,道玄坂賞競走(B3),1:27.8,0.1,晴,2.9,2.0,,nar,2026-09-01,68.58,95.2,45.8,100.0,47.0,52.6,59.5,大井実績 / 履歴少 / 安定感
202644090108,2026-09-01,8,アメージングヨシノ,13.0,7.0,安藤洋一,54.0,,8.0,6.0,大井,3歳六　七八(3歳七),1:17.9,1.8,雨,2.0,5.0,大井,3歳八　九十(3歳九),1:15.5,1.3,晴,3.0,8.0,大井,3歳11　12,1:15.2,1.6,曇,10.0,9.0,大井,2歳五　六,1:17.5,2.4,曇,5.0,2.0,大井,2歳五　六,1:33.0,2.5,曇,11.8,4.0,,nar,2026-09-01,55.43,64.0,54.7,55.0,32.0,61.8,52.9,大井実績 / 履歴少
202644090108,2026-09-01,8,アースフレンドリー,8.0,4.0,東原悠善,54.0,,7.0,10.0,大井,3歳六　七八(3歳七),1:17.2,1.1,雨,6.0,8.0,大井,3歳八　九十(3歳九),1:16.1,1.9,晴,7.0,9.0,大井,3歳七　八,1:16.0,1.6,曇,9.0,12.0,大井,3歳七　八九(3歳八),1:31.2,1.9,晴,9.0,10.0,大井,3歳六　七八(3歳七),1:17.0,1.8,雨,54.6,12.0,,nar,2026-09-01,49.23,50.0,66.4,0.0,54.5,59.8,43.8,前走人気以上 / 履歴少 / 人気以上に走る傾向
202646090108,2026-09-01,8,インカント,8.0,8.0,田知弘久,55.0,,8.0,8.0,金沢,3歳A　2,1:41.9,3.6,曇,8.0,9.0,金沢,3歳A　2,1:35.5,2.1,晴,8.0,7.0,金沢,3歳A　3,1:34.8,0.9,雨,6.0,7.0,金沢,加賀手取川賞(未勝利)(3歳),1:43.1,4.8,曇,9.0,8.0,金沢,加賀九谷賞(未勝利)(3歳牝馬),1:43.0,4.3,曇,475.7,9.0,,nar,2026-09-01,42.59,45.5,50.7,0.0,48.5,51.6,46.5,総合評価
202635090108,2026-09-01,8,ウイニングライブ,9.0,7.0,阿部英俊,56.0,,3.0,7.0,盛岡,いしがきマイラーズ(重賞),1:36.9,0.6,小雨,4.0,7.0,盛岡,せきれい賞(重賞),2:32.8,0.8,曇,2.0,7.0,水沢,麦秋特別(A),1:40.3,0.2,雨,2.0,7.0,盛岡,陽光特別(A),1:38.2,0.0,晴,8.0,7.0,水沢,晩春特別(A),1:44.6,2.0,曇,13.7,5.0,,nar,2026-09-01,73.72,80.6,75.0,89.7,56.0,71.5,56.4,盛岡実績 / 前走人気以上 / 人気以上に走る傾向 / 安定感
202635090108,2026-09-01,8,ウインオーディン,3.0,3.0,村上忍,56.0,,14.0,8.0,2福島7,阿武隈S(3勝クラス),1:47.7,1.5,曇,14.0,11.0,3東京6,多摩川S(3勝クラス),1:22.5,1.4,曇,12.0,8.0,2東京10,フリーウェイS(3勝クラス),1:21.8,0.8,曇,11.0,7.0,3中山8,サンシャインS(3勝クラス),2:11.3,0.6,晴,11.0,4.0,1東京8,JCベストレース記念(3勝クラス),1:59.6,1.0,晴,10.5,3.0,,nar,2026-09-01,20.96,7.4,17.3,0.0,38.0,37.0,50.0,総合評価
202648090108,2026-09-01,8,ウタカタ,2.0,2.0,木之前葵,53.0,,6.0,7.0,名古屋,C13組,1:39.8,2.1,晴,8.0,5.0,名古屋,金シャチ最終戦777(C),1:40.9,1.9,小雨,10.0,7.0,名古屋,C10組,1:39.8,3.1,曇,7.0,1.0,名古屋,金シャチ最終戦(C),1:40.6,1.6,曇,11.0,6.0,名古屋,たつや&ともみ2周年(C),1:40.8,2.8,雨,17.8,8.0,,nar,2026-09-01,39.31,44.4,33.0,0.0,68.0,45.9,43.8,履歴少 / 近走上向き / 市場オッズ妙味
202644090108,2026-09-01,8,エッジ,11.0,6.0,Ｆ．ゴン,56.0,,2.0,1.0,大井,3歳九　十,1:15.5,1.0,晴,2.0,2.0,大井,3歳11　12,1:15.1,0.0,晴,,,,,,,,,,,,,,,,,,,,,,2.2,1.0,,nar,2026-09-01,53.77,68.6,43.4,48.4,45.5,49.5,59.5,大井実績 / 履歴少 / サンプル少
202648090108,2026-09-01,8,オルトジュピター,1.0,1.0,渡辺竜也,55.0,,8.0,4.0,名古屋,C13組,1:40.3,2.6,晴,3.0,3.0,名古屋,C10組,1:40.0,0.8,雨,7.0,5.0,名古屋,金シャチ最終戦777(C),1:41.5,1.7,曇,3.0,5.0,名古屋,C11組,1:40.3,1.5,曇,10.0,6.0,名古屋,C14組,1:41.9,3.9,雨,8.9,3.0,,nar,2026-09-01,47.14,59.7,37.9,39.5,36.5,51.8,49.6,履歴少
202646090108,2026-09-01,8,オレンジケーキ,3.0,3.0,中島龍也,55.0,,3.0,3.0,金沢,石川門C(3歳),1:32.2,0.8,晴,1.0,1.0,金沢,3歳A　2,1:33.4,-0.5,晴,1.0,2.0,金沢,あかねこちゃんねる五(3歳),1:33.0,-0.4,曇,3.0,1.0,金沢,3歳A　3,1:33.0,0.2,晴,2.0,2.0,金沢,バイオレットスターサ(3歳),1:34.1,0.2,曇,8.3,4.0,,nar,2026-09-01,68.51,92.0,49.3,100.0,42.5,58.4,56.4,金沢実績 / 安定感
202646090108,2026-09-01,8,ガリバタ,4.0,4.0,浅野登生,52.0,,9.0,9.0,金沢,石川門C(3歳),1:33.6,2.2,晴,1.0,8.0,金沢,3歳A　3,1:33.9,0.0,雨,4.0,6.0,金沢,3歳A　2,1:41.5,1.6,曇,4.0,7.0,金沢,3歳A　2,1:41.5,1.9,晴,3.0,4.0,金沢,3歳A　2,1:35.9,1.4,曇,99.5,6.0,,nar,2026-09-01,60.61,70.7,68.8,69.6,14.0,62.0,56.2,金沢実績 / 履歴少 / 人気以上に走る傾向 / 安定感
202644090108,2026-09-01,8,ガリマド,12.0,6.0,藤本現暉,54.0,,13.0,13.0,大井,3歳六　七八(3歳七),1:19.6,3.5,雨,4.0,14.0,大井,3歳八　九十(3歳九),1:16.1,1.9,晴,10.0,13.0,大井,3歳九　十,1:17.8,2.0,晴,10.0,13.0,大井,3歳十　11,1:18.4,2.7,曇,11.0,9.0,大井,3歳六　七八(3歳七),1:50.9,6.3,雨,169.2,14.0,,nar,2026-09-01,45.45,31.8,73.2,24.9,24.5,60.0,46.3,履歴少 / 人気以上に走る傾向
202635090108,2026-09-01,8,キタノエクスプレス,1.0,1.0,山本政聡,56.0,,6.0,2.0,門別,十勝軽種馬農業協同組(A1),1:01.3,0.6,曇,8.0,1.0,門別,ツキミソウ特別(A1),1:15.6,1.7,曇,5.0,3.0,2小倉4,TV西日本北九州記念(GIII),1:08.0,0.2,晴,2.0,3.0,2京都7,鞍馬S(OP),1:08.8,0.1,晴,15.0,13.0,2中京6,高松宮記念(GI),1:09.4,1.5,晴,14.1,6.0,,nar,2026-09-01,44.94,56.1,26.1,34.3,59.0,49.3,48.8,履歴少 / 市場オッズ妙味
202630090108,2026-09-01,8,キタノオンザバス,12.0,8.0,石川倭,55.0,,4.0,6.0,門別,北海道日高管内商工会(C4),1:15.8,0.2,曇,4.0,3.0,門別,サマーセール平取産馬(C4),1:16.3,1.6,晴,2.0,3.0,門別,ハロー!Lexing(C4),1:16.5,0.3,晴,11.0,11.0,1函館2,3歳未勝利,1:48.2,2.7,晴,9.0,14.0,1新潟8,3歳未勝利,1:13.8,1.3,曇,3.8,2.0,,nar,2026-09-01,63.71,66.9,57.5,75.1,65.0,60.2,59.5,門別実績 / 履歴少 / 近走上向き / 安定感
202646090108,2026-09-01,8,キングボールダー,6.0,6.0,加藤翔馬,57.0,,1.0,1.0,金沢,星奈ちゃん1歳お誕生(3歳),1:32.1,-0.1,晴,1.0,1.0,金沢,祝!ゆっきー支店長就(3歳),1:39.5,-2.1,晴,1.0,1.0,金沢,3歳B　6,1:40.3,-0.5,曇,3.0,3.0,金沢,3歳B　4,1:39.5,0.1,曇,13.0,15.0,3京都5,3歳未勝利,1:22.7,2.4,晴,5.7,3.0,,nar,2026-09-01,70.06,87.7,51.4,89.7,71.0,58.7,56.4,金沢実績 / 近走上向き / 安定感
202635090108,2026-09-01,8,クイーンカード,10.0,8.0,南郷家全,54.0,,2.0,7.0,盛岡,納涼特別(A),1:40.0,0.5,曇,10.0,4.0,盛岡,フェアリーC(重賞),1:55.1,1.9,曇,1.0,8.0,盛岡,ネモフィラ賞(B1),1:24.6,-0.4,曇,4.0,7.0,盛岡,レモンポップ特別(B1),1:25.7,1.0,晴,1.0,5.0,水沢,夢・希望未来へ前進(B1),1:42.8,0.0,晴,27.8,9.0,,nar,2026-09-01,68.46,76.1,65.8,75.1,62.0,64.8,58.3,盛岡実績 / クラス条件好転 / 前走人気以上 / 履歴少
202648090108,2026-09-01,8,ケノファニース,10.0,8.0,大畑慧悟,55.0,,2.0,8.0,名古屋,C14組,1:40.0,0.5,晴,7.0,11.0,名古屋,C11組,1:42.4,4.9,雨,9.0,11.0,名古屋,C11組,1:41.8,3.3,曇,12.0,12.0,名古屋,C10組,1:41.3,4.6,曇,3.0,7.0,名古屋,C14組,0:58.5,0.8,曇,14.5,5.0,,nar,2026-09-01,64.5,58.5,75.4,40.7,84.5,71.8,49.6,前走人気以上 / 履歴少 / 人気以上に走る傾向 / 近走上向き
202635090108,2026-09-01,8,ゴールデンシロップ,6.0,6.0,菅原辰徳,56.0,,13.0,13.0,盛岡,岩手県知事杯OROカ(重賞),1:45.9,2.0,曇,8.0,7.0,盛岡,OROターフ特別(OP),1:40.2,3.3,曇,11.0,10.0,盛岡,いしがきマイラーズ(重賞),1:38.2,1.9,小雨,12.0,8.0,盛岡,せきれい賞(重賞),2:35.1,3.1,曇,10.0,10.0,水沢,スプリント特別(OP),0:51.7,2.3,曇,292.2,11.0,,nar,2026-09-01,31.34,20.8,42.8,0.0,33.5,47.0,46.5,総合評価
202644090108,2026-09-01,8,サイオウガウマ,7.0,4.0,小野俊斗,51.0,,6.0,4.0,佐賀,シャイニングスター特(3歳),1:31.7,0.7,晴,7.0,3.0,佐賀,佐賀城下スプリント(重賞),1:23.8,1.2,小雨,1.0,1.0,佐賀,JRA交流グリーンカ(3歳),1:31.0,-0.1,曇,1.0,1.0,佐賀,UMATENA望月琉(3歳),1:23.8,-0.3,晴,1.0,1.0,佐賀,3歳ー8組,1:23.7,-2.3,曇,16.5,8.0,,nar,2026-09-01,52.98,75.9,38.8,44.7,29.0,60.1,51.8,クラス条件好転 / 履歴少 / 市場オッズ妙味
202630090108,2026-09-01,8,サクラストリーム,3.0,3.0,渡辺準己,54.0,,5.0,9.0,門別,北海道日高管内商工会(C4),1:15.9,0.3,曇,7.0,10.0,門別,3歳以上C4ー2,1:17.0,2.4,晴,4.0,8.0,門別,3歳以上C4ー2,1:16.6,0.4,曇,6.0,6.0,門別,3歳以上C4ー2,1:17.3,1.0,曇,6.0,7.0,門別,3歳以上C4ー2,1:16.7,1.9,晴,98.3,12.0,,nar,2026-09-01,60.71,63.6,70.0,50.2,54.5,61.3,49.6,前走人気以上 / 履歴少 / 人気以上に走る傾向
202646090108,2026-09-01,8,サクラドール,1.0,1.0,青柳正義,57.0,,7.0,1.0,2新潟3,3歳未勝利,1:13.6,1.6,曇,2.0,1.0,3東京5,3歳未勝利,1:24.4,0.3,小雨,2.0,1.0,2東京11,3歳未勝利,1:26.9,0.0,晴,3.0,3.0,2東京6,3歳未勝利,1:26.5,0.2,晴,7.0,6.0,3中山7,3歳未勝利,1:55.7,0.9,曇,1.5,1.0,,nar,2026-09-01,50.77,74.5,33.4,59.3,29.0,45.9,48.8,履歴少
202644090108,2026-09-01,8,サリー,1.0,1.0,杉山海波,51.0,,5.0,5.0,大井,3歳九　十11(3歳十),1:31.9,1.3,雨,6.0,12.0,名古屋,若星特別(3歳),1:37.1,2.0,曇,5.0,7.0,名古屋,牛兄、係長でも頑張れ(3歳),1:38.1,1.4,晴,12.0,9.0,名古屋,優駿DAYオープニン(3歳),1:53.1,3.0,晴,8.0,6.0,名古屋,名古屋CCメロン賞(3歳),1:37.3,1.5,曇,16.4,7.0,,nar,2026-09-01,57.71,55.4,58.7,50.2,66.5,63.9,51.8,クラス条件好転 / 履歴少 / 近走上向き / 市場オッズ妙味
202648090108,2026-09-01,8,サンルーナ,7.0,7.0,大原浩司,55.0,,5.0,8.0,名古屋,金シャチ最終戦777(C),1:40.1,1.1,小雨,7.0,5.0,名古屋,C11組,1:41.2,2.7,曇,3.0,6.0,名古屋,C23組,1:40.6,0.5,晴,8.0,6.0,名古屋,蘭ちゃん1歳お誕生日(C),1:45.2,4.2,曇,4.0,9.0,名古屋,C22組,1:40.0,1.5,晴,17.2,7.0,,nar,2026-09-01,60.37,64.5,58.6,60.5,53.0,66.7,52.9,名古屋実績 / 前走人気以上 / 履歴少 / 安定感
202630090108,2026-09-01,8,ジャスパークロス,9.0,7.0,阿部龍,57.0,,9.0,2.0,門別,3歳以上C4ー2,1:18.0,1.8,曇,9.0,9.0,3東京4,2歳新馬,1:50.1,3.4,曇,,,,,,,,,,,,,,,,,,,,,,10.7,6.0,,nar,2026-09-01,36.53,37.8,30.7,18.0,45.5,43.5,48.8,履歴少 / サンプル少
202644090108,2026-09-01,8,ジーティークィーン,3.0,2.0,西優哉,51.0,,14.0,12.0,大井,3歳六　七八(3歳七),1:19.9,3.8,雨,10.0,10.0,大井,3歳六　七,1:16.3,2.3,晴,13.0,9.0,大井,3歳七　八,1:47.7,3.2,曇,7.0,4.0,大井,3歳七　八九(3歳八),1:16.1,1.5,晴,10.0,4.0,大井,3歳六　七八(3歳七),1:17.2,2.0,雨,54.1,11.0,,nar,2026-09-01,26.25,18.2,32.8,0.0,26.0,41.2,43.8,履歴少
202630090108,2026-09-01,8,スターゲイザー,5.0,5.0,若杉朝飛,57.0,,10.0,9.0,2中山1,3歳未勝利,1:58.7,6.1,晴,16.0,13.0,1中山3,3歳未勝利,2:00.9,4.5,晴,11.0,11.0,3新潟3,2歳未勝利,1:53.0,5.2,曇,11.0,11.0,2新潟8,2歳新馬,1:53.4,3.9,晴,,,,,,,,20.5,8.0,,nar,2026-09-01,34.4,17.2,41.8,0.0,66.0,48.4,48.8,履歴少 / 近走上向き
202648090108,2026-09-01,8,ストレンジャー,4.0,4.0,小笠原羚,54.0,,7.0,5.0,名古屋,C13組,1:39.9,2.2,晴,4.0,4.0,名古屋,C11組,1:40.9,3.4,雨,7.0,6.0,名古屋,C10組,1:39.4,2.7,曇,7.0,1.0,名古屋,金シャチ最終戦(C),1:40.0,1.1,雨,9.0,7.0,名古屋,C21組,1:41.1,3.1,晴,16.3,6.0,,nar,2026-09-01,45.29,56.3,36.8,24.9,48.5,51.8,46.3,履歴少 / 市場オッズ妙味
202630090108,2026-09-01,8,スマイリングスカイ,8.0,6.0,松井伸也,55.0,,11.0,8.0,門別,北海道日高管内商工会(C4),1:17.0,1.4,曇,17.0,16.0,2小倉8,3歳未勝利,1:10.0,2.0,晴,14.0,12.0,3阪神3,3歳未勝利,1:16.2,3.8,晴,16.0,5.0,2阪神1,3歳未勝利,1:15.4,3.3,晴,15.0,5.0,1京都3,3歳新馬,1:29.9,4.7,晴,28.3,9.0,,nar,2026-09-01,25.67,6.1,20.6,0.0,77.0,34.1,50.0,近走上向き
202630090108,2026-09-01,8,スーパーパーリー,10.0,7.0,黒澤愛斗,57.0,,2.0,3.0,門別,北海道日高管内商工会(C4),1:15.6,0.0,曇,2.0,7.0,門別,平取町軽種馬生産振興(C4),1:15.5,0.4,晴,3.0,3.0,門別,3歳以上C4ー2,1:16.4,0.7,曇,4.0,3.0,門別,ライラック特別(C4),1:15.4,0.3,曇,1.0,1.0,門別,グランシャリオドリー(C4),1:03.6,-0.2,曇,10.5,5.0,,nar,2026-09-01,72.42,88.9,59.8,100.0,53.0,63.3,59.5,門別実績 / 履歴少 / 安定感
202630090108,2026-09-01,8,ディアデムドール,11.0,8.0,小野楓馬,55.0,,12.0,13.0,2中京4,3歳未勝利,1:14.8,1.8,晴,5.0,9.0,2小倉7,3歳未勝利,0:59.1,0.8,曇,11.0,9.0,3京都10,3歳未勝利,1:57.5,3.1,晴,13.0,7.0,1福島1,3歳未勝利,1:49.3,1.7,晴,,,,,,,,5.4,3.0,,nar,2026-09-01,39.14,28.0,50.2,24.9,36.0,49.4,50.0,前走人気以上
202646090108,2026-09-01,8,ナックステート,9.0,8.0,甲賀弘隆,57.0,,7.0,4.0,金沢,3歳A　2,1:40.8,2.5,曇,3.0,6.0,金沢,3歳A　2,1:34.0,0.6,晴,2.0,3.0,金沢,3歳A　2,1:40.1,0.2,曇,9.0,7.0,金沢,3歳A　3,1:34.2,2.2,曇,3.0,5.0,金沢,3歳A　2,1:39.9,0.3,晴,52.9,5.0,,nar,2026-09-01,54.64,68.9,49.6,55.0,33.5,54.1,52.5,金沢実績 / 前走人気以上
202648090108,2026-09-01,8,ナムラアダム,5.0,5.0,柿原翔,57.0,,11.0,12.0,名古屋,C13組,1:41.7,4.0,晴,9.0,12.0,名古屋,C10組,1:42.6,3.4,雨,12.0,12.0,名古屋,C11組,1:44.1,5.6,曇,9.0,9.0,名古屋,金シャチ最終戦(C),1:41.6,2.6,曇,10.0,12.0,名古屋,C12組,1:40.7,2.7,雨,121.7,10.0,,nar,2026-09-01,38.61,25.6,58.8,0.0,44.0,54.8,43.8,履歴少
202648090108,2026-09-01,8,ニシキビブラビブレ,9.0,8.0,丹羽克輝,57.0,,3.0,9.0,名古屋,C13組,1:39.1,1.4,晴,,,名古屋,2026年ぽんまつり(C),,,晴,,,名古屋,C11組,,,晴,11.0,10.0,名古屋,C8組,1:34.0,3.0,晴,8.0,8.0,名古屋,C7組,1:41.8,4.9,曇,11.2,4.0,,nar,2026-09-01,61.81,59.6,71.2,30.4,89.0,63.1,48.5,前走人気以上 / 履歴少 / 人気以上に走る傾向 / 近走上向き
202635090108,2026-09-01,8,ハウゼ,5.0,5.0,鈴木祐,56.0,,6.0,7.0,盛岡,岩手県知事杯OROカ(重賞),1:44.3,0.4,曇,5.0,3.0,門別,夏秋どりいちごすずり(A1),1:59.5,3.3,曇,4.0,3.0,門別,富永啓生セレブレーシ(A1),1:51.5,1.4,晴,8.0,8.0,1函館10,五稜郭S(3勝クラス),1:50.1,0.7,曇,10.0,4.0,3中山4,美浦S(3勝クラス),2:00.5,1.8,晴,20.1,7.0,,nar,2026-09-01,51.02,59.5,42.9,44.7,54.5,51.1,50.0,市場オッズ妙味
202635090108,2026-09-01,8,パーティーベル,4.0,4.0,佐々木志,56.0,,3.0,3.0,盛岡,葉月特別(A),1:38.9,0.8,晴,3.0,3.0,盛岡,OROターフ特別(OP),1:37.3,0.4,曇,7.0,9.0,盛岡,いしがきマイラーズ(重賞),1:37.4,1.1,小雨,9.0,10.0,盛岡,小暑特別(A),1:39.2,0.9,曇,14.0,13.0,大井,サンタアニタトロフィ(A2),1:44.5,3.9,曇,21.9,8.0,,nar,2026-09-01,59.72,62.0,53.1,55.3,81.5,57.6,51.5,盛岡実績 / 近走上向き / 市場オッズ妙味
202630090108,2026-09-01,8,フォーチュンベル,2.0,2.0,服部茂史,55.0,,7.0,4.0,門別,北海道日高管内商工会(C4),1:16.3,0.7,曇,11.0,8.0,門別,王冠賞〔H2〕(重賞),2:01.6,5.7,曇,7.0,8.0,門別,星雲賞〔H3〕(重賞),1:15.7,1.8,雨,6.0,10.0,門別,フロイラインカップ〔(重賞),1:54.0,2.4,曇,7.0,7.0,門別,フロイラインスプリン(重賞),1:16.2,2.8,曇,14.6,7.0,,nar,2026-09-01,41.94,45.2,43.9,0.0,54.5,54.5,46.0,クラス条件好転 / 履歴少 / 市場オッズ妙味
202630090108,2026-09-01,8,フクノアンタレス,1.0,1.0,望月洵輝,55.0,,7.0,3.0,門別,3歳以上C4ー2,1:02.8,1.0,曇,14.0,11.0,1函館7,3歳未勝利,1:09.5,1.1,晴,14.0,5.0,1新潟3,3歳未勝利,1:11.5,1.3,晴,14.0,5.0,1中山7,3歳未勝利,1:35.7,1.5,晴,3.0,8.0,5中山7,2歳新馬,1:35.3,0.2,曇,8.8,4.0,,nar,2026-09-01,32.05,24.5,18.2,10.3,75.5,39.4,50.0,近走上向き
202644090108,2026-09-01,8,フリホコマンドール,15.0,8.0,中村尚平,56.0,,16.0,15.0,大井,3歳九　十11(3歳十),1:20.9,5.2,曇,14.0,10.0,大井,3歳八　九十(3歳九),1:36.3,9.2,晴,7.0,7.0,大井,3歳九　十,1:17.6,1.8,晴,14.0,2.0,大井,3歳七　八九(3歳八),1:32.2,2.9,晴,2.0,4.0,大井,3歳11　12,1:31.3,0.6,晴,149.1,13.0,,nar,2026-09-01,25.53,19.8,30.1,10.3,9.5,41.2,46.3,履歴少
202646090108,2026-09-01,8,ブエノスオプティマ,5.0,5.0,吉田晃浩,55.0,,2.0,2.0,金沢,3歳A　3,1:39.6,1.5,曇,1.0,1.0,金沢,スタールビー特別(3歳),0:57.2,-0.2,曇,10.0,9.0,1函館9,3歳未勝利,1:44.7,1.8,雨,3.0,6.0,1新潟6,3歳未勝利,1:55.7,0.1,晴,5.0,4.0,1福島4,3歳未勝利,1:48.3,2.2,晴,3.8,2.0,,nar,2026-09-01,65.31,77.7,51.0,80.2,66.5,56.3,58.2,金沢実績 / クラス条件好転 / 近走上向き / 安定感
202644090108,2026-09-01,8,プラヤデルカルメン,2.0,1.0,高橋昭平,54.0,,9.0,4.0,大井,3歳九　十11(3歳十),1:18.6,2.9,曇,7.0,2.0,大井,3歳八　九十(3歳九),1:16.7,2.5,晴,17.0,6.0,3京都11,3歳未勝利,1:23.3,3.0,晴,6.0,6.0,1小倉12,3歳未勝利,1:09.7,0.3,晴,5.0,7.0,5中京1,2歳未勝利,1:09.7,0.4,晴,17.2,9.0,,nar,2026-09-01,32.38,39.7,16.9,10.3,48.5,41.3,43.8,履歴少 / 市場オッズ妙味
202630090108,2026-09-01,8,ベラジオケンシロウ,7.0,6.0,宮内勇樹,57.0,,8.0,10.0,門別,北海道日高管内商工会(C4),1:16.3,0.7,曇,9.0,9.0,門別,平取町軽種馬生産振興(C4),1:17.0,1.9,晴,6.0,6.0,門別,ハロー!Lexing(C4),1:17.6,1.4,晴,6.0,7.0,門別,3歳以上C4ー2,1:17.2,1.7,曇,4.0,3.0,門別,3歳以上C4ー2,1:16.7,0.4,曇,70.2,11.0,,nar,2026-09-01,45.48,50.8,54.6,10.3,39.5,53.9,46.3,履歴少
202644090108,2026-09-01,8,ベルウッドモア,16.0,8.0,藤田凌,56.0,,3.0,1.0,大井,蛇崩川賞(3歳),1:17.1,0.6,晴,3.0,7.0,大井,2歳　新馬(新馬),1:15.8,0.5,雨,,,,,,,,,,,,,,,,,,,,,,8.6,3.0,,nar,2026-09-01,54.89,64.2,48.2,48.4,45.5,58.0,59.5,大井実績 / 履歴少 / サンプル少
202644090108,2026-09-01,8,ホーリーモミジ,5.0,3.0,達城龍次,56.0,,7.0,4.0,大井,3歳九　十11(3歳十),1:17.3,2.2,晴,6.0,2.0,大井,3歳九　十11(3歳十),1:31.8,2.3,晴,7.0,8.0,大井,3歳七　八,1:46.3,1.4,晴,3.0,3.0,大井,古川賞(3歳),1:17.1,1.8,晴,2.0,7.0,大井,3歳　新馬(新馬),1:16.8,0.6,晴,15.9,6.0,,nar,2026-09-01,47.87,62.8,41.6,24.9,35.0,58.2,49.6,履歴少 / 市場オッズ妙味
202644090108,2026-09-01,8,ポロリス,10.0,5.0,石川駿介,54.0,,7.0,11.0,大井,3歳九　十11(3歳十),1:32.0,1.4,雨,9.0,9.0,大井,3歳八　九十(3歳九),1:31.1,4.0,晴,10.0,12.0,大井,3歳九　十,1:32.5,3.6,晴,7.0,9.0,大井,3歳十　11,1:47.4,2.5,曇,8.0,7.0,大井,3歳九　十,1:17.4,2.9,晴,185.4,16.0,,nar,2026-09-01,46.22,42.4,62.6,0.0,59.0,56.1,43.8,前走人気以上 / 履歴少
202644090108,2026-09-01,8,マーロウ,9.0,5.0,中山遥人,55.0,,9.0,1.0,大井,3歳六　七八(3歳七),1:18.0,1.9,雨,5.0,4.0,門別,グランシャリオドリー(C3),1:16.2,1.0,曇,6.0,6.0,門別,グランシャリオドリー(C3),1:15.6,1.2,曇,1.0,2.0,門別,3歳以上C4ー2,1:15.8,-0.1,曇,5.0,4.0,門別,3歳以上C4ー2,2:00.4,1.8,曇,11.9,5.0,,nar,2026-09-01,45.84,61.4,31.5,49.8,21.5,54.7,48.8,履歴少
202648090108,2026-09-01,8,メイショウミスイチ,3.0,3.0,細川智史,55.0,,10.0,8.0,名古屋,C13組,1:41.1,3.4,晴,7.0,4.0,名古屋,C10組,1:41.1,1.9,雨,8.0,6.0,名古屋,C11組,1:41.5,3.0,曇,9.0,5.0,名古屋,金シャチ最終戦(C),1:40.8,1.8,曇,6.0,3.0,名古屋,C12組,1:40.0,0.7,曇,33.2,9.0,,nar,2026-09-01,33.75,41.6,31.5,0.0,35.0,42.6,43.8,履歴少
202648090108,2026-09-01,8,メイショウヨリキリ,6.0,6.0,近藤颯羽,54.0,,5.0,3.0,名古屋,C13組,1:39.2,1.5,晴,11.0,1.0,名古屋,C11組,1:42.3,3.8,曇,,2.0,名古屋,C18組,,,晴,8.0,1.0,名古屋,壮太郎進級おめでとう(C),1:34.2,1.9,晴,4.0,2.0,名古屋,迫口智也お疲れ様でし(C),1:39.6,1.1,晴,4.3,2.0,,nar,2026-09-01,39.93,49.8,12.2,40.7,66.0,36.7,51.2,名古屋実績 / 履歴少 / 近走上向き
202635090108,2026-09-01,8,メイテソーロ,8.0,7.0,吉原寛人,56.0,,8.0,5.0,盛岡,岩手県知事杯OROカ(重賞),1:44.4,0.5,曇,2.0,2.0,盛岡,いしがきマイラーズ(重賞),1:36.8,0.5,小雨,2.0,4.0,盛岡,せきれい賞(重賞),2:32.1,0.1,曇,7.0,6.0,門別,コデマリ特別(A1),1:15.1,2.8,曇,6.0,5.0,門別,サッポロ生ビール黒ラ(A1),1:15.4,2.0,晴,10.4,2.0,,nar,2026-09-01,51.93,68.3,44.6,44.7,27.5,58.0,53.1,盛岡実績
202635090108,2026-09-01,8,モズマーヴェリック,7.0,6.0,高松亮,56.0,,3.0,1.0,盛岡,岩手県知事杯OROカ(重賞),1:44.0,0.1,曇,1.0,1.0,盛岡,いしがきマイラーズ(重賞),1:36.3,-0.5,小雨,9.0,11.0,3阪神1,垂水S(3勝クラス),1:59.7,1.0,晴,11.0,13.0,2東京12,ARF杯薫風S(3勝クラス),1:38.0,2.7,晴,16.0,13.0,3中山8,サンシャインS(3勝クラス),2:11.7,1.0,晴,1.5,1.0,,nar,2026-09-01,58.48,60.5,48.4,55.3,87.5,51.1,56.4,盛岡実績 / 近走上向き
202646090108,2026-09-01,8,モリノカーニバル,2.0,2.0,栗原大河,57.0,,8.0,8.0,金沢,加賀山代賞(未勝利)(3歳),1:41.6,4.2,晴,5.0,7.0,金沢,3歳A　2,1:40.6,2.3,曇,6.0,7.0,金沢,3歳A　2,1:34.7,1.3,晴,9.0,5.0,金沢,加賀片山津賞(未勝利)(3歳),1:41.5,3.6,晴,8.0,9.0,高知,高知優駿(重賞),2:12.8,3.7,小雨,253.9,8.0,,nar,2026-09-01,47.46,52.0,51.5,24.9,44.0,52.6,49.0,総合評価
202630090108,2026-09-01,8,ヤマニンカナレット,6.0,5.0,金山昇馬,57.0,,5.0,6.0,門別,3歳以上C4ー2,1:16.0,0.6,晴,9.0,6.0,門別,3歳以上C4ー2,1:17.2,2.6,晴,7.0,3.0,門別,3歳以上C4ー2,1:17.5,1.3,曇,1.0,4.0,門別,日高沙流川オートキャ(C4),1:16.2,-0.1,晴,7.0,3.0,門別,3歳以上C4ー3,1:17.8,1.7,晴,48.3,10.0,,nar,2026-09-01,51.05,59.9,41.5,45.0,56.0,51.8,49.6,履歴少 / 市場オッズ妙味
202646090108,2026-09-01,8,リュウノタイタン,7.0,7.0,鈴木太一,57.0,,7.0,5.0,金沢,石川門C(3歳),1:32.6,1.2,晴,4.0,2.0,金沢,3歳A　2,1:39.9,1.6,曇,7.0,7.0,金沢,金沢城鼠多門賞【サラ(重賞),2:14.8,7.5,晴,11.0,10.0,金沢,兼六園スプリント(重賞),1:42.4,4.9,雨,12.0,6.0,金沢,石川優駿(重賞),2:21.6,6.2,曇,99.8,7.0,,nar,2026-09-01,43.77,49.2,36.9,24.9,59.0,44.4,48.5,総合評価
202644090108,2026-09-01,8,リュウノナナホシ,4.0,2.0,本村直樹,54.0,,12.0,13.0,大井,3歳九　十11(3歳十),1:33.7,3.1,雨,12.0,12.0,大井,3歳八　九十(3歳九),1:17.6,3.4,晴,11.0,11.0,大井,3歳九　十,1:32.9,4.0,晴,8.0,8.0,大井,3歳十　11,1:18.1,2.4,曇,10.0,14.0,大井,3歳六　七八(3歳七),1:32.2,2.3,雨,180.7,15.0,,nar,2026-09-01,35.48,19.9,55.0,0.0,39.5,54.2,43.8,履歴少
202630090108,2026-09-01,8,ルナノーヴァ,4.0,4.0,落合玄太,57.0,,3.0,2.0,門別,北海道日高管内商工会(C4),1:15.6,0.0,曇,10.0,12.0,1函館8,3歳未勝利,1:49.1,2.2,曇,13.0,12.0,1函館6,3歳未勝利,1:48.2,2.2,晴,13.0,11.0,1函館2,3歳未勝利,1:09.9,1.4,晴,6.0,7.0,2京都2,3歳未勝利,1:15.0,1.3,晴,3.3,1.0,,nar,2026-09-01,50.05,40.1,48.7,30.4,95.0,50.7,50.0,近走上向き
202644090108,2026-09-01,8,ルヴレアール,6.0,3.0,西啓太,56.0,,6.0,2.0,大井,3歳九　十11(3歳十),1:18.0,2.3,曇,16.0,12.0,2小倉1,3歳未勝利,1:53.1,8.6,曇,16.0,7.0,1福島5,3歳未勝利,1:13.4,4.4,晴,4.0,9.0,1阪神6,3歳未勝利,1:14.2,0.3,曇,3.0,4.0,笠松,御嶽宿特別(3歳),1:31.0,1.2,晴,20.2,10.0,,nar,2026-09-01,40.13,38.0,27.9,24.9,72.5,44.5,48.8,履歴少 / 近走上向き
202644090108,2026-09-01,8,レガリアーナ,14.0,7.0,木澤奨,51.0,,16.0,18.0,2小倉8,3歳未勝利,1:09.8,1.8,晴,15.0,14.0,3京都9,3歳未勝利,1:09.6,1.2,曇,13.0,8.0,1阪神10,3歳未勝利,1:16.7,3.8,晴,14.0,13.0,1小倉9,3歳未勝利,1:10.1,1.3,晴,7.0,6.0,3京都10,2歳未勝利,1:10.4,0.5,晴,6.5,2.0,,nar,2026-09-01,27.3,6.2,43.9,0.0,27.5,48.2,50.0,総合評価
202635090108,2026-09-01,8,ロジマンボ,2.0,2.0,高橋悠里,56.0,,5.0,3.0,高知,C3ー7,1:51.7,5.1,晴,11.0,16.0,2東京12,IFHA杯むらさき賞(3勝クラス),1:45.5,0.6,晴,12.0,18.0,1中山8,初富士S(3勝クラス),1:59.7,0.5,曇,15.0,14.0,5東京8,ウェルカムS(3勝クラス),2:00.2,2.6,晴,10.0,9.0,2福島7,阿武隈S(3勝クラス),1:50.8,1.2,晴,11.5,4.0,,nar,2026-09-01,51.19,30.9,61.0,30.4,92.0,57.3,51.8,クラス条件好転 / 近走上向き
202648090108,2026-09-01,8,ロッカフラダンサー,8.0,7.0,塚本征吾,57.0,,2.0,2.0,名古屋,C13組,1:38.4,0.7,晴,3.0,1.0,名古屋,なお、いつもありがと(C),1:40.3,0.9,曇,2.0,4.0,名古屋,大人の修学旅行記念(C),1:33.1,1.0,晴,4.0,3.0,名古屋,C15組,1:33.9,2.5,晴,8.0,1.0,名古屋,C13組,1:32.6,1.0,曇,1.9,1.0,,nar,2026-09-01,64.18,82.7,43.2,89.7,63.5,47.5,56.2,名古屋実績 / 履歴少 / 安定感
202635090108,2026-09-01,8,ヴァトレニ,11.0,8.0,山本聡哉,56.0,,12.0,9.0,盛岡,岩手県知事杯OROカ(重賞),1:45.4,1.5,曇,1.0,2.0,盛岡,OROターフ特別(OP),1:36.9,-0.1,曇,6.0,6.0,盛岡,いしがきマイラーズ(重賞),1:37.1,0.8,小雨,9.0,11.0,園田,盛夏特別A2B1,1:20.8,1.5,晴,7.0,11.0,園田,奈良県産はちみつ特別(A2),1:20.6,1.4,雨,29.2,10.0,,nar,2026-09-01,43.87,51.1,50.3,24.9,12.5,57.3,49.8,市場オッズ妙味
202644090109,2026-09-01,9,アクアジェット,6.0,4.0,小野俊斗,53.0,,10.0,2.0,大井,ブラック・ベルベット(C1),1:45.5,2.6,曇,4.0,2.0,大井,花月特別競走(C1),1:47.6,0.7,晴,3.0,1.0,大井,C1五　六,1:43.4,0.4,曇,4.0,3.0,大井,C1六　七,1:44.1,1.5,晴,2.0,1.0,大井,センリョウ賞(C1),1:43.7,0.0,晴,21.8,9.0,,nar,2026-09-01,46.11,64.6,25.0,69.6,9.5,47.2,59.2,大井実績 / クラス条件好転 / 履歴少 / 安定感
202644090109,2026-09-01,9,アジャイルブラック,12.0,7.0,安藤洋一,56.0,,2.0,1.0,門別,ソフトカツゲン発売7(A3),1:56.8,0.0,曇,3.0,1.0,門別,スミレ特別(A3),1:50.9,0.6,晴,4.0,1.0,門別,キバナコスモス特別(A2),1:57.5,0.9,曇,1.0,1.0,門別,ポッカサッポロ北海道(A3),1:43.5,-0.1,晴,1.0,1.0,門別,共和かかし祭特別(A4),1:50.3,-0.2,晴,3.0,1.0,,nar,2026-09-01,64.69,88.8,40.2,100.0,51.5,50.8,48.8,履歴少 / 安定感
202630090109,2026-09-01,9,アトニモサキニモ,3.0,3.0,岩橋勇二,57.0,,3.0,6.0,門別,グランシャリオドリー(B4),1:02.0,0.6,曇,1.0,3.0,門別,ホクレングリーンプラ(C3),1:01.9,-0.2,雨,2.0,3.0,門別,夏秋どりいちごすずあ(C3),1:02.7,0.5,曇,3.0,5.0,門別,レジェンド・折茂社長(C3),1:02.2,0.3,晴,7.0,10.0,門別,日高町水道協会特別(C3),1:02.5,0.6,曇,14.3,6.0,,nar,2026-09-01,71.84,86.3,65.5,89.7,51.5,68.5,54.5,門別実績 / 前走人気以上 / 人気以上に走る傾向 / 安定感
202644090109,2026-09-01,9,アルマヴィーナス,9.0,6.0,杉山海波,51.0,,13.0,5.0,大井,プランターズ・パンチ(C1),1:14.9,2.5,晴,4.0,2.0,大井,C1六　七,1:14.4,0.9,晴,3.0,4.0,大井,クレマチス特別競走(C1),1:13.9,0.5,晴,7.0,1.0,大井,C1六　七八(C1七),1:14.8,0.6,曇,1.0,4.0,大井,C2四　五六(C2五),1:14.4,-0.3,晴,31.4,12.0,,nar,2026-09-01,40.06,54.7,26.9,55.0,0.0,45.7,52.9,大井実績 / 履歴少
202646090109,2026-09-01,9,アンクローシュ,2.0,2.0,田知弘久,55.0,,8.0,5.0,金沢,B12,1:33.0,1.6,曇,7.0,6.0,金沢,B12,1:40.8,1.2,曇,2.0,4.0,金沢,B12,1:41.1,1.3,曇,5.0,4.0,金沢,金沢競馬は楽天競馬で(B1),1:43.0,1.6,曇,3.0,4.0,金沢,湖南賞(B1),1:57.6,0.7,晴,17.2,6.0,,nar,2026-09-01,50.78,63.1,44.3,44.7,27.5,60.8,52.9,金沢実績 / 履歴少 / 市場オッズ妙味
202630090109,2026-09-01,9,アースコーリング,7.0,7.0,落合玄太,57.0,,11.0,14.0,1札幌4,3歳以上1勝クラス,1:09.9,1.0,晴,2.0,3.0,門別,リナリア特別(B4),1:01.7,0.1,曇,6.0,5.0,門別,日高地区測量設計協会(C1),1:01.9,0.9,曇,11.0,14.0,1新潟7,はやぶさ賞(1勝クラス),0:56.8,0.8,晴,7.0,6.0,門別,25周年キレートレモ(OP)(3歳),1:16.0,1.8,曇,5.1,2.0,,nar,2026-09-01,46.73,49.2,59.1,24.9,23.0,56.4,51.5,クラス条件好転 / 前走人気以上 / 履歴少
202635090109,2026-09-01,9,インテンシーヴォ,8.0,8.0,高橋悠里,56.0,,12.0,12.0,川崎,星河一天特別(B3二),1:39.1,2.2,晴,10.0,11.0,浦和,晩涼特別(B3),1:29.9,1.3,晴,10.0,12.0,船橋,ジュライダッシュ(B3),1:03.3,1.7,曇,9.0,10.0,浦和,幸手宿特別(B2B3),1:28.9,2.6,雨,11.0,10.0,船橋,オオカミ座ダッシュ(B2B3),1:03.7,1.9,曇,80.4,9.0,,nar,2026-09-01,36.13,23.5,54.8,0.0,38.0,52.9,44.4,履歴少
202644090109,2026-09-01,9,ウィルデッドリフト,8.0,5.0,吉井章,55.0,,8.0,8.0,大井,ペルセウス座特別競走(C1),1:58.8,1.7,雨,5.0,7.0,大井,サルビア特別競走(3歳),1:51.8,2.4,晴,9.0,9.0,大井,はくたか特別競走(2歳),1:59.5,2.1,晴,2.0,2.0,大井,2歳一　二,1:29.4,0.2,晴,8.0,4.0,大井,つばめ特別競走(2歳),1:47.2,3.5,曇,25.1,10.0,,nar,2026-09-01,49.39,55.4,50.6,39.5,38.0,53.4,49.6,履歴少 / 市場オッズ妙味
202635090109,2026-09-01,9,ウインアルドーレ,9.0,8.0,高松亮,56.0,,8.0,10.0,2福島3,横手特別(2勝クラス),1:45.6,2.2,晴,14.0,14.0,2東京11,富嶽賞(2勝クラス),1:26.1,1.6,晴,9.0,6.0,3中山3,千葉日報杯(2勝クラス),1:54.4,1.0,雨,7.0,7.0,1阪神1,4歳以上2勝クラス,1:54.5,0.9,晴,11.0,7.0,2京都2,衣笠特別(2勝クラス),1:53.2,1.3,曇,8.3,4.0,,nar,2026-09-01,39.27,30.1,47.2,0.0,63.5,49.1,50.0,総合評価
202644090109,2026-09-01,9,エヌケイサイボウ,2.0,2.0,鷹見陸,55.0,,7.0,5.0,大井,3歳一　二三(3歳二),1:45.0,2.3,雨,7.0,6.0,大井,東京ダービーチャレン(OP)(3歳),2:12.1,3.0,晴,1.0,3.0,大井,3歳四　五,1:42.4,-0.4,雨,5.0,2.0,大井,3歳四　五,1:44.1,0.5,晴,6.0,2.0,大井,3歳四　五六(3歳五),1:45.9,1.7,曇,29.9,11.0,,nar,2026-09-01,48.59,64.6,40.8,34.3,36.5,49.5,52.6,クラス条件好転 / 履歴少 / 市場オッズ妙味
202648090109,2026-09-01,9,オイナリサン,7.0,7.0,丸山真一,57.0,,1.0,1.0,名古屋,もさ11歳おめでとう(B),1:36.5,-0.5,晴,2.0,2.0,名古屋,B11組,1:36.4,0.5,曇,5.0,2.0,名古屋,アジア・アジアパラ応(B),1:51.7,0.8,曇,4.0,2.0,名古屋,B12組,1:52.1,0.4,曇,2.0,1.0,名古屋,B11組,1:30.1,0.1,晴,10.9,3.0,,nar,2026-09-01,68.54,87.4,43.1,100.0,63.5,56.3,62.5,名古屋実績 / クラス条件好転 / 履歴少 / 安定感
202644090109,2026-09-01,9,カレンマウラー,1.0,1.0,新原周馬,56.0,,9.0,12.0,大井,ブラック・ベルベット(C1),1:45.5,2.6,曇,10.0,11.0,大井,ブランデー・フィック(C1),1:45.3,3.5,晴,11.0,11.0,大井,C1六　七,1:45.6,4.0,晴,10.0,12.0,大井,クォーター・デック賞(C1),1:45.3,3.6,晴,10.0,9.0,大井,C1二　三四(C1三),1:15.7,1.8,雨,208.5,14.0,,nar,2026-09-01,41.21,28.9,59.4,0.0,57.5,54.2,43.8,前走人気以上 / 履歴少
202648090109,2026-09-01,9,カンタカナリート,2.0,2.0,渡辺竜也,57.0,,9.0,7.0,名古屋,はくちょう座特別(B),1:51.3,2.2,晴,9.0,4.0,名古屋,夏の大三角特別(B),1:37.3,1.2,小雨,1.0,1.0,名古屋,B6組,1:36.0,-0.4,曇,6.0,3.0,名古屋,B7組,1:36.6,1.6,晴,3.0,1.0,名古屋,B9組,1:30.6,0.7,曇,14.3,5.0,,nar,2026-09-01,42.4,57.1,32.5,30.1,24.5,50.7,49.6,履歴少 / 市場オッズ妙味
202644090109,2026-09-01,9,キュアフローラ,10.0,6.0,藤田凌,54.0,,3.0,1.0,大井,ミッドサマー特別競走(C2),1:46.8,0.3,曇,2.0,3.0,大井,フロリダ賞(C1),1:43.1,1.0,晴,11.0,5.0,大井,C1八　九,1:44.4,1.5,曇,1.0,3.0,大井,C2三　四五(C2四),1:42.8,-0.3,曇,2.0,2.0,大井,C2五　六,1:43.7,0.4,曇,5.4,2.0,,nar,2026-09-01,60.84,76.5,41.2,80.2,56.0,53.9,56.2,大井実績 / 履歴少 / 安定感
202648090109,2026-09-01,9,クインタレッリ,8.0,7.0,小笠原羚,54.0,,4.0,6.0,名古屋,サドル賞(B),1:30.1,1.5,晴,11.0,7.0,名古屋,シェルビオン疾風戦(B),0:57.4,1.0,晴,6.0,12.0,名古屋,ラス・アルハゲ特別(B),1:37.5,0.9,曇,10.0,11.0,名古屋,桧扇特別(A),1:31.2,3.3,小雨,10.0,10.0,名古屋,水無月疾風特別(A),0:56.6,1.5,雨,48.6,9.0,,nar,2026-09-01,52.63,46.9,56.6,30.4,81.5,56.1,46.3,履歴少 / 近走上向き / 市場オッズ妙味
202644090109,2026-09-01,9,ケンオーシャン,4.0,3.0,和田譲治,56.0,,2.0,10.0,大井,立秋特別競走(C2),2:40.8,0.8,曇,8.0,9.0,大井,わし座特別競走(C2),2:11.3,1.6,晴,11.0,11.0,大井,START!賞競走(C1),1:59.1,2.2,曇,7.0,4.0,大井,C1二,2:12.6,1.4,晴,2.0,6.0,大井,おおぐま座特別競走(C2),2:11.0,0.3,晴,18.2,8.0,,nar,2026-09-01,62.57,60.0,68.6,40.7,80.0,70.5,49.6,前走人気以上 / 履歴少 / 人気以上に走る傾向 / 近走上向き
202635090109,2026-09-01,9,コスモマルーン,1.0,1.0,山本政聡,54.0,,8.0,7.0,2福島1,いわき特別(2勝クラス),1:45.7,1.4,晴,8.0,12.0,1福島6,尾瀬特別(2勝クラス),1:46.3,0.7,晴,5.0,16.0,3中山1,4歳以上2勝クラス,1:53.4,1.1,晴,9.0,8.0,1小倉10,和布刈特別(2勝クラス),1:46.9,1.2,晴,3.0,14.0,1小倉3,平尾台特別(2勝クラス),1:45.6,0.2,晴,22.7,6.0,,nar,2026-09-01,56.03,51.7,77.0,30.1,39.5,70.3,48.8,履歴少 / 人気以上に走る傾向 / 過小評価傾向 / 市場オッズ妙味
202648090109,2026-09-01,9,ゴラッソゴール,6.0,6.0,加藤利征,57.0,,11.0,10.0,名古屋,デネブ特別(B),1:38.2,2.6,晴,10.0,11.0,名古屋,ヴァルデナ特別(B),1:54.5,3.2,小雨,3.0,8.0,名古屋,ラス・アルハゲ特別(B),1:37.1,0.5,曇,7.0,7.0,名古屋,風待月特別(A),1:51.6,3.0,曇,6.0,7.0,名古屋,嘉祥特別(A),1:36.4,1.4,曇,210.4,10.0,,nar,2026-09-01,43.43,43.4,57.3,19.8,23.0,55.5,46.3,履歴少
202630090109,2026-09-01,9,ゴールデンシーカー,4.0,4.0,望月洵輝,57.0,,6.0,1.0,門別,グランシャリオドリー(B4),1:15.3,0.5,雨,2.0,4.0,門別,グランシャリオドリー(B4),1:14.3,0.4,曇,15.0,11.0,3中山8,4歳以上1勝クラス,1:14.0,2.3,曇,6.0,7.0,3中山2,4歳以上1勝クラス,1:12.9,0.6,晴,9.0,4.0,2中山1,4歳以上1勝クラス,1:13.6,1.1,晴,2.6,1.0,,nar,2026-09-01,45.33,53.6,34.7,24.9,62.0,45.9,51.2,門別実績 / 履歴少
202646090109,2026-09-01,9,ゴールドレコーダー,7.0,7.0,甲賀弘隆,55.0,,6.0,6.0,金沢,たいち&あやみ結婚記(B1),1:33.8,1.7,晴,9.0,10.0,金沢,高橋家&西村家★結婚(B1特別),1:40.6,1.8,曇,7.0,7.0,金沢,B12,1:34.7,2.7,晴,5.0,7.0,金沢,B12,1:40.4,2.0,曇,6.0,8.0,金沢,B12,1:34.3,1.7,曇,26.7,7.0,,nar,2026-09-01,49.6,53.6,55.2,14.6,54.5,58.0,49.3,クラス条件好転 / 履歴少 / 市場オッズ妙味
202648090109,2026-09-01,9,サトノパトス,10.0,8.0,今井貴大,57.0,,6.0,10.0,名古屋,サドル賞(B),1:30.2,1.6,晴,12.0,11.0,名古屋,シェルビオン疾風戦(B),0:58.1,1.7,晴,9.0,4.0,名古屋,ラス・アルハゲ特別(B),1:37.9,1.3,曇,3.0,3.0,名古屋,B5組,1:51.5,0.3,曇,3.0,4.0,名古屋,B5組,1:50.8,1.4,晴,33.6,8.0,,nar,2026-09-01,47.73,49.3,50.6,24.9,54.5,52.2,49.6,前走人気以上 / 履歴少 / 市場オッズ妙味
202648090109,2026-09-01,9,サヤヒメ,3.0,3.0,細川智史,55.0,,3.0,2.0,名古屋,サドル賞(B),1:29.7,1.1,晴,2.0,5.0,名古屋,B4組,1:37.0,0.1,晴,1.0,1.0,名古屋,B9組,1:36.1,-0.1,晴,2.0,1.0,名古屋,ちひろとはると付き合(B),1:37.1,0.2,曇,9.0,3.0,浦和,特選(C2),2:15.9,2.8,曇,7.4,2.0,,nar,2026-09-01,66.46,85.4,47.7,89.7,53.0,55.3,62.5,名古屋実績 / クラス条件好転 / 履歴少 / 安定感
202630090109,2026-09-01,9,サラメーガン,6.0,6.0,小野楓馬,55.0,,2.0,8.0,門別,うまどしひだか202(B4),1:01.7,0.2,曇,1.0,3.0,門別,3歳以上C3ー2C4,1:01.6,-0.1,曇,1.0,2.0,門別,3歳以上C4ー2,1:02.3,-0.4,晴,5.0,2.0,門別,3歳以上C4ー2,1:02.8,1.4,晴,1.0,2.0,門別,3歳以上C4ー3,1:01.9,-0.8,曇,6.4,5.0,,nar,2026-09-01,74.37,92.9,65.3,100.0,50.0,62.5,59.5,門別実績 / 前走人気以上 / 履歴少 / 人気以上に走る傾向
202635090109,2026-09-01,9,サンエイコンドル,6.0,6.0,小林凌,56.0,,5.0,3.0,盛岡,大暑特別(A),1:38.9,1.0,晴,2.0,3.0,盛岡,ハヤテ特別(OP),1:25.2,0.0,曇,1.0,7.0,盛岡,茉莉花特別(A),1:38.6,-0.3,曇,6.0,4.0,水沢,カジノフォンテン特別(B1),1:29.7,1.5,曇,1.0,6.0,水沢,朝顔賞(B1),2:05.3,-0.2,曇,10.0,5.0,,nar,2026-09-01,66.35,82.4,57.4,85.4,35.0,65.0,59.5,盛岡実績 / 履歴少 / 安定感 / 過小評価傾向
202635090109,2026-09-01,9,サンコンクエスト,5.0,5.0,太宰啓介,54.0,,16.0,10.0,2東京10,三峰山特別(2勝クラス),1:40.1,3.5,曇,10.0,4.0,1新潟2,咲花特別(2勝クラス),1:55.0,1.4,曇,5.0,2.0,2阪神8,4歳以上2勝クラス,1:53.8,1.9,曇,1.0,2.0,2京都4,4歳以上1勝クラス,1:56.7,0.0,晴,6.0,4.0,1京都1,4歳以上1勝クラス,1:54.4,0.9,曇,5.0,3.0,,nar,2026-09-01,31.66,41.2,22.2,34.3,0.0,41.4,48.8,履歴少
202630090109,2026-09-01,9,シラントロ,1.0,1.0,桑村真明,55.0,,2.0,3.0,門別,JAびらとりニシパの(B4),1:01.8,0.3,晴,9.0,4.0,門別,グランシャリオドリー(B4),1:03.0,1.3,晴,1.0,1.0,門別,3歳以上C3ー2C4,1:02.2,0.0,曇,2.0,1.0,門別,函館競馬場開設130(C3),1:01.7,0.1,晴,2.0,2.0,門別,グランシャリオドリー(C3),1:01.3,0.0,曇,5.3,3.0,,nar,2026-09-01,61.71,79.6,42.4,75.1,59.0,53.8,56.2,門別実績 / 履歴少 / 安定感
202648090109,2026-09-01,9,スターペスショウマ,5.0,5.0,塚本征吾,57.0,,1.0,1.0,名古屋,B6組,1:35.4,-0.7,晴,1.0,1.0,名古屋,真夏の中京競馬!熱く(B),1:36.1,-0.3,晴,16.0,18.0,3阪神5,3歳以上1勝クラス,1:37.3,1.6,雨,12.0,15.0,3京都11,4歳以上1勝クラス,1:34.4,1.1,晴,14.0,16.0,2阪神5,4歳以上1勝クラス,1:25.9,1.9,晴,1.4,1.0,,nar,2026-09-01,62.15,57.1,57.3,55.3,100.0,56.0,59.5,名古屋実績 / 履歴少 / 近走上向き
202646090109,2026-09-01,9,ソングフォーユー,5.0,5.0,青柳正義,55.0,,2.0,5.0,金沢,たいち&あやみ結婚記(B1),1:32.2,0.1,晴,5.0,2.0,金沢,高橋家&西村家★結婚(B1特別),1:39.8,1.0,曇,4.0,2.0,金沢,第21回生誕記念幸せ(B1),1:32.7,0.4,晴,4.0,2.0,金沢,B14,1:42.1,0.9,曇,8.0,3.0,金沢,B14,1:34.8,2.7,雨,5.5,3.0,,nar,2026-09-01,63.63,75.6,42.7,89.7,69.5,51.4,59.2,金沢実績 / クラス条件好転 / 前走人気以上 / 履歴少
202635090109,2026-09-01,9,チュウワチーフ,3.0,3.0,山本聡哉,56.0,,6.0,6.0,2中京1,四日市特別(2勝クラス),1:24.9,1.1,晴,4.0,2.0,1中京6,鈴鹿特別(2勝クラス),1:24.8,0.3,晴,2.0,2.0,1阪神6,4歳以上2勝クラス,1:24.6,1.5,晴,7.0,4.0,1東京5,4歳以上2勝クラス,1:38.1,0.8,晴,4.0,2.0,5東京5,3歳以上2勝クラス,1:38.9,0.4,曇,3.6,2.0,,nar,2026-09-01,53.25,70.8,42.0,55.0,39.5,50.9,48.8,履歴少
202644090109,2026-09-01,9,ディアモアー,11.0,7.0,達城龍次,53.0,,2.0,4.0,大井,月見草特別競走(3歳),1:43.8,0.5,晴,4.0,8.0,大井,3歳一　二三(3歳二),1:43.5,0.2,晴,5.0,6.0,大井,夏椿特別競走(3歳),1:28.9,2.1,曇,6.0,10.0,大井,3歳一　二三(3歳二),1:28.2,1.2,雨,2.0,5.0,大井,3歳四　五,1:43.5,0.5,曇,10.6,6.0,,nar,2026-09-01,71.71,78.6,68.9,85.4,63.5,69.1,56.2,大井実績 / 履歴少 / 人気以上に走る傾向 / 安定感
202648090109,2026-09-01,9,ディプタルアスール,9.0,8.0,村上弘樹,57.0,,10.0,9.0,名古屋,デネブ特別(B),1:37.2,1.6,晴,12.0,3.0,名古屋,ヴァルデナ特別(B),1:55.3,4.0,小雨,3.0,3.0,名古屋,サビク賞(B),1:30.1,0.7,晴,2.0,5.0,名古屋,B6組,1:50.3,0.0,晴,3.0,5.0,名古屋,B6組,1:51.5,0.5,晴,23.8,6.0,,nar,2026-09-01,43.34,50.2,36.7,44.7,20.0,53.0,52.9,名古屋実績 / 履歴少 / 市場オッズ妙味
202646090109,2026-09-01,9,トラジェクトワール,1.0,1.0,中島龍也,57.0,,3.0,2.0,金沢,たいち&あやみ結婚記(B1),1:32.6,0.5,晴,1.0,1.0,金沢,堀江舞アナ明日8月5(B1特別),1:32.9,-0.6,晴,3.0,2.0,金沢,B23,1:38.9,1.0,晴,3.0,1.0,金沢,あづ聖誕つにてんてん(B2),1:32.1,0.1,曇,3.0,3.0,金沢,金沢競馬B2プレミア,1:39.6,0.7,雨,1.8,1.0,,nar,2026-09-01,66.18,88.0,44.4,100.0,47.0,49.9,62.5,金沢実績 / クラス条件好転 / 履歴少 / 安定感
202635090109,2026-09-01,9,トレインザマインド,4.0,4.0,吉原寛人,56.0,,8.0,7.0,3東京3,日野特別(2勝クラス),2:11.7,1.8,晴,1.0,1.0,大井,アーバンステージ卯月(B2B3),1:56.2,-0.2,晴,3.0,4.0,1東京5,4歳以上1勝クラス,2:13.8,0.3,晴,2.0,1.0,船橋,フェイスフルブーツ特(B2B3),1:56.1,0.0,晴,5.0,10.0,4東京10,3歳以上1勝クラス,2:10.4,0.7,曇,2.3,1.0,,nar,2026-09-01,56.85,75.3,51.9,69.6,18.5,56.1,48.8,履歴少 / 安定感
202635090109,2026-09-01,9,トロピカルヒーロー,7.0,7.0,菅原辰徳,56.0,,15.0,16.0,2東京2,4歳以上2勝クラス,1:27.2,3.5,晴,13.0,13.0,3中山7,葛飾特別(2勝クラス),1:12.5,1.7,晴,16.0,15.0,2阪神2,4歳以上2勝クラス,1:14.7,3.3,晴,13.0,14.0,1東京6,4歳以上2勝クラス,1:34.7,2.1,晴,11.0,13.0,2京都1,長浜特別(2勝クラス),1:26.8,1.6,晴,39.4,8.0,,nar,2026-09-01,31.21,3.6,53.2,0.0,39.5,53.6,51.8,クラス条件好転 / 履歴少
202644090109,2026-09-01,9,トーアナカヨシ,13.0,8.0,町田直希,54.0,,2.0,5.0,大井,ミント・フラッペ賞(C2四),1:43.4,0.3,晴,4.0,8.0,大井,C2三　四五(C2四),1:42.9,1.1,晴,5.0,7.0,大井,C1八　九,1:14.4,1.3,晴,13.0,9.0,大井,C1八　九,1:44.9,2.0,曇,6.0,9.0,大井,アフター・ディナー賞(C1),1:43.1,0.9,晴,9.0,4.0,,nar,2026-09-01,67.14,67.1,64.2,75.1,80.0,64.6,52.9,大井実績 / 前走人気以上 / 履歴少 / 近走上向き
202644090109,2026-09-01,9,ハイアップグレード,7.0,5.0,千田洋,56.0,,7.0,9.0,大井,チチ賞(C1),1:44.7,1.5,曇,8.0,11.0,大井,ミントジュレップ賞(C1),1:43.6,2.9,晴,10.0,10.0,大井,C1三　四五(C1四),1:43.5,2.3,曇,11.0,13.0,大井,ジン・ライム賞(C1四),1:43.9,2.4,曇,10.0,9.0,大井,C1二　三四(C1三),1:30.3,2.6,雨,45.4,13.0,,nar,2026-09-01,45.3,38.1,60.8,0.0,66.5,54.8,43.8,履歴少 / 近走上向き
202648090109,2026-09-01,9,ビナカントー,4.0,4.0,近藤颯羽,52.0,,4.0,5.0,姫路,アングレカム賞B2一,1:35.6,0.9,晴,6.0,6.0,園田,プリムラ賞B2,1:32.5,2.2,晴,6.0,7.0,園田,B2,1:32.5,2.5,雨,6.0,5.0,園田,DASH福山駅前開設(B1),1:33.4,2.9,曇,5.0,6.0,園田,B1,1:31.5,2.7,晴,25.9,7.0,,nar,2026-09-01,56.25,65.7,53.2,40.7,60.5,57.6,48.8,履歴少 / 市場オッズ妙味
202648090109,2026-09-01,9,ピオニエーレ,1.0,1.0,友森翔太,57.0,,9.0,6.0,名古屋,デネブ特別(B),1:37.2,1.6,晴,5.0,1.0,名古屋,シェルビオン疾風戦(B),0:56.9,0.5,晴,12.0,12.0,2小倉3,3歳以上1勝クラス,0:59.0,1.9,曇,13.0,14.0,3京都7,4歳以上1勝クラス,1:14.0,1.4,晴,8.0,16.0,1新潟1,4歳以上1勝クラス,0:57.6,1.5,晴,11.6,4.0,,nar,2026-09-01,42.4,35.4,43.4,24.9,53.0,54.0,51.5,名古屋実績
202644090109,2026-09-01,9,フェスティヴハート,3.0,3.0,西啓太,53.0,,9.0,1.0,2福島8,3歳未勝利,1:49.2,2.3,晴,2.0,5.0,3東京5,3歳未勝利,1:37.3,0.8,小雨,3.0,14.0,2東京12,3歳未勝利,1:39.8,0.7,晴,14.0,11.0,2東京7,3歳未勝利,1:28.3,2.0,晴,5.0,1.0,川崎,アクアマリンフラワー(3歳),1:32.0,1.5,曇,7.5,3.0,,nar,2026-09-01,51.04,57.5,47.5,55.0,32.0,57.9,50.0,総合評価
202630090109,2026-09-01,9,プレイフルネス,10.0,8.0,坂下秀樹,55.0,,12.0,12.0,門別,うまどしひだか202(B4),1:03.6,2.1,曇,7.0,8.0,門別,平取町長杯「平取すず(B4),1:04.2,3.5,晴,11.0,11.0,門別,グランシャリオドリー(B4),1:04.6,2.9,晴,,,水沢,C1,,,曇,1.0,1.0,盛岡,C1,1:00.3,-0.1,曇,61.4,8.0,,nar,2026-09-01,37.4,36.2,52.0,10.3,16.0,51.7,43.8,履歴少
202630090109,2026-09-01,9,ベラジオヒダカボシ,9.0,8.0,亀井洋司,57.0,,6.0,6.0,門別,グランシャリオドリー(B4),1:02.9,0.8,曇,8.0,7.0,園田,姫路さぎ草特別3歳A,1:33.4,2.6,晴,5.0,4.0,園田,新緑特別3歳AB,1:21.0,1.7,曇,6.0,4.0,園田,陽炎特別3歳AB,1:31.8,0.8,曇,4.0,3.0,姫路,アーモンド賞3歳AB,0:51.4,0.8,晴,25.3,7.0,,nar,2026-09-01,48.99,59.2,44.1,30.1,48.5,51.5,51.8,クラス条件好転 / 履歴少 / 市場オッズ妙味
202644090109,2026-09-01,9,ボラボラフレイバー,14.0,8.0,野畑凌,56.0,,5.0,6.0,大井,ブラック・ベルベット(C1),1:43.5,0.6,曇,3.0,5.0,大井,C2三　四五(C2四),1:42.8,1.0,晴,3.0,7.0,大井,フロリダ賞(C1),1:43.1,1.0,晴,8.0,6.0,大井,C1八　九,1:44.0,1.1,曇,5.0,5.0,大井,アフター・ディナー賞(C1),1:42.4,0.2,晴,10.4,5.0,,nar,2026-09-01,64.78,71.6,59.1,85.4,48.5,63.2,56.2,大井実績 / 履歴少 / 安定感
202646090109,2026-09-01,9,マクギリス,6.0,6.0,浅野登生,54.0,,5.0,3.0,金沢,たいち&あやみ結婚記(B1),1:33.1,1.0,晴,4.0,5.0,金沢,ずまちゃんハッピーバ(B1特別),1:32.9,0.6,晴,4.0,6.0,金沢,早川LD昇進おめでと(B1),1:40.1,2.2,晴,2.0,7.0,金沢,ゆいおうえんそうしん(B1),1:32.5,0.3,雨,7.0,3.0,金沢,B14,1:42.6,1.4,曇,9.4,4.0,,nar,2026-09-01,63.81,73.4,52.5,89.7,45.5,60.8,59.2,金沢実績 / クラス条件好転 / 履歴少 / 安定感
202646090109,2026-09-01,9,マリアディオーサ,8.0,8.0,栗原大河,55.0,,7.0,6.0,金沢,金沢競馬B1プレミア,1:32.7,1.0,晴,2.0,2.0,金沢,早川LD昇進おめでと(B1),1:39.5,1.6,晴,1.0,1.0,金沢,B22,1:33.6,-0.7,晴,2.0,2.0,金沢,あづ聖誕つにてんてん(B2),1:32.0,0.0,曇,1.0,1.0,金沢,C15,1:39.6,-0.9,晴,4.1,2.0,,nar,2026-09-01,58.28,82.2,47.9,69.6,17.0,55.4,56.2,金沢実績 / 履歴少 / 安定感
202646090109,2026-09-01,9,マーキュリーセブン,4.0,4.0,鈴木太一,57.0,,7.0,10.0,金沢,B12,1:39.9,1.3,晴,7.0,11.0,金沢,高橋家&西村家★結婚(B1特別),1:40.1,1.3,曇,6.0,6.0,金沢,B12,1:33.3,1.3,晴,8.0,5.0,金沢,B12,1:41.3,2.9,曇,3.0,7.0,金沢,B12,1:33.6,1.0,曇,74.6,8.0,,nar,2026-09-01,50.31,55.7,63.2,10.3,44.0,57.8,49.3,クラス条件好転 / 前走人気以上 / 履歴少
202630090109,2026-09-01,9,メージャーテソーロ,8.0,7.0,渡辺準己,54.0,,9.0,10.0,門別,グランシャリオドリー(B4),1:03.4,2.0,曇,8.0,6.0,門別,平取町長杯「平取すず(B4),1:04.8,4.1,晴,5.0,8.0,門別,プルメリア特別(B4),1:02.2,1.3,晴,8.0,9.0,門別,比布駅改築10周年記(B4),1:04.1,2.2,曇,9.0,9.0,門別,キングサリ特別(B4),1:18.0,4.3,晴,163.4,10.0,,nar,2026-09-01,45.06,45.5,53.8,19.8,41.0,53.5,46.3,履歴少
202644090109,2026-09-01,9,ユウユウスターリー,5.0,4.0,西優哉,51.0,,12.0,3.0,大井,ブラック・ベルベット(C1),1:46.1,3.2,曇,3.0,7.0,大井,ブランデー・フィック(C1),1:42.7,0.9,晴,1.0,1.0,大井,C2三　四五(C2四),1:43.1,-0.4,曇,3.0,4.0,大井,C2六　七八(C2七),1:43.1,0.1,曇,9.0,7.0,大井,C2六　七八(C2七),1:44.3,2.3,晴,14.4,7.0,,nar,2026-09-01,46.55,60.3,37.4,59.3,2.0,57.5,52.9,大井実績 / 履歴少 / 市場オッズ妙味
202630090109,2026-09-01,9,ヨシノカムイ,5.0,5.0,金山昇馬,57.0,,11.0,9.0,門別,うまどしひだか202(B4),1:03.4,1.9,曇,8.0,7.0,門別,YJSトライアルラウ(B4),1:15.7,1.2,晴,3.0,9.0,門別,グランシャリオドリー(B4),1:02.0,0.3,晴,4.0,5.0,門別,グランシャリオドリー(B4),1:02.5,0.4,曇,6.0,5.0,門別,リナリア特別(B4),1:02.6,1.0,曇,87.5,9.0,,nar,2026-09-01,45.46,50.9,52.6,34.3,15.5,54.6,49.6,履歴少
202646090109,2026-09-01,9,ライズタイガ,3.0,3.0,魚住謙心,57.0,,8.0,9.0,金沢,B12,1:39.9,1.3,晴,3.0,2.0,金沢,B12,1:40.2,1.8,曇,3.0,6.0,金沢,B13,1:33.4,1.6,雨,7.0,2.0,金沢,B13,1:40.3,1.6,雨,4.0,3.0,金沢,ひな様2026年お誕(B1),1:34.4,0.8,曇,16.7,5.0,,nar,2026-09-01,53.86,66.3,48.7,55.0,27.5,60.0,52.9,金沢実績 / 履歴少 / 市場オッズ妙味
202635090109,2026-09-01,9,リュウノナポレオン,2.0,2.0,山本聡紀,56.0,,8.0,4.0,盛岡,納涼特別(A),1:40.2,0.7,曇,8.0,8.0,水沢,白嶺賞(重賞),1:29.3,1.4,晴,6.0,3.0,水沢,スプリント特別(OP),1:26.9,1.7,曇,2.0,6.0,水沢,スプリント特別(OP),1:28.3,0.3,曇,4.0,4.0,盛岡,山茶花特別(A),1:40.7,1.8,小雨,29.3,7.0,,nar,2026-09-01,45.68,57.5,41.4,24.9,32.0,52.8,54.2,盛岡実績 / クラス条件好転 / 履歴少 / 市場オッズ妙味
202630090109,2026-09-01,9,ロスカキック,2.0,2.0,石川倭,55.0,,7.0,8.0,門別,北海道スプリントカッ(JpnIII),1:14.8,2.9,晴,1.0,7.0,門別,リゲル特別(C1),1:14.7,-0.2,曇,10.0,6.0,門別,星雲賞〔H3〕(重賞),1:15.9,2.0,雨,1.0,1.0,門別,沙流川温泉ひだか高原(C4),1:02.1,-0.6,晴,13.0,4.0,門別,フロイラインスプリン(重賞),1:21.0,7.6,曇,5.7,4.0,,nar,2026-09-01,51.68,61.3,50.6,39.5,45.5,51.7,49.6,履歴少
202648090110,2026-09-01,10,アオレレ,3.0,3.0,村上弘樹,57.0,,7.0,11.0,名古屋,はくちょう座特別(B),1:51.0,1.9,晴,10.0,11.0,名古屋,夏の大三角特別(B),1:37.4,1.3,小雨,8.0,9.0,名古屋,へびつかい座特別(B),1:52.8,2.0,曇,3.0,9.0,名古屋,あすなろ杯(BC),1:50.1,1.7,雨,8.0,9.0,名古屋,さそり座大空特別(B),2:13.3,2.3,曇,48.0,8.0,,nar,2026-09-01,51.09,48.3,68.5,14.6,51.5,61.3,46.3,前走人気以上 / 履歴少 / 人気以上に走る傾向 / 市場オッズ妙味
202644090110,2026-09-01,10,アルピニスト,11.0,8.0,笹川翼,54.0,,8.0,9.0,大井,C1七　八,1:15.2,0.9,曇,6.0,11.0,大井,C1七　八,1:14.3,1.5,晴,7.0,16.0,大井,プランターズ・パンチ(C1),1:14.5,2.1,晴,7.0,13.0,大井,C1六　七,1:14.9,1.4,晴,6.0,9.0,大井,白秋特別競走(C1),1:44.5,1.7,雨,14.6,8.0,,nar,2026-09-01,54.15,52.4,81.6,0.0,41.0,75.7,43.8,履歴少 / 人気以上に走る傾向 / 過小評価傾向 / 市場オッズ妙味
202635090110,2026-09-01,10,イッテラッシャイ,2.0,2.0,戸崎圭太,56.0,,1.0,1.0,3京都11,鳳雛S(L),1:50.1,-0.1,晴,1.0,2.0,3中山8,3歳1勝クラス,1:50.8,-1.3,晴,4.0,5.0,3中山1,伏竜S(OP),1:51.7,0.8,晴,3.0,2.0,1東京8,ヒヤシンスS(L),1:37.1,0.4,晴,1.0,1.0,5中山3,2歳未勝利,1:55.5,-0.9,曇,2.2,1.0,,nar,2026-09-01,70.16,92.9,52.1,100.0,57.5,54.0,51.8,クラス条件好転 / 履歴少 / 安定感
202648090110,2026-09-01,10,イノセンス,5.0,5.0,山田祥雄,55.0,,12.0,10.0,名古屋,はくちょう座特別(B),1:52.8,3.7,晴,5.0,8.0,名古屋,ヴァルデナ特別(B),1:52.1,0.8,小雨,7.0,7.0,名古屋,ラス・アルハゲ特別(B),1:37.6,1.0,曇,4.0,3.0,名古屋,レサト賞(B),1:31.2,0.4,晴,6.0,6.0,名古屋,B3組,1:36.7,1.9,晴,60.5,9.0,,nar,2026-09-01,43.71,48.2,50.0,39.5,11.0,51.6,49.6,履歴少
202630090110,2026-09-01,10,イーデンテソーロ,2.0,2.0,金山昇馬,57.0,,11.0,7.0,門別,北海道はサッポロビー(B3),1:04.5,3.3,曇,4.0,5.0,佐賀,ハナカイドウ賞(B),1:30.6,1.9,晴,2.0,2.0,佐賀,SAGAリベンジャー(B),1:30.2,1.3,雨,3.0,3.0,佐賀,AIパッカル賞(B),1:31.0,0.9,曇,6.0,3.0,佐賀,オンシジウム賞(B),1:31.2,0.7,晴,41.8,8.0,,nar,2026-09-01,47.22,61.7,41.1,59.3,6.5,52.4,48.8,履歴少 / 市場オッズ妙味
202644090110,2026-09-01,10,エルフィダンス,3.0,3.0,高橋優,50.0,,11.0,9.0,大井,3歳一　二三(3歳二),1:15.2,2.8,曇,7.0,6.0,姫路,JRA交流鉢伏山特別,1:43.2,2.1,晴,8.0,4.0,姫路,兵庫クイーンセレクシ(重賞),1:35.9,1.2,晴,10.0,1.0,園田,日本軽種馬協会特別2(2歳),1:34.3,2.4,曇,2.0,2.0,船橋,サンストーン特別(2歳),1:38.5,0.3,曇,73.0,11.0,,nar,2026-09-01,33.63,41.3,29.3,10.3,24.5,40.5,51.8,クラス条件好転 / 履歴少
202644090110,2026-09-01,10,キタノホウセキ,4.0,4.0,西啓太,54.0,,3.0,2.0,大井,はくちょう座特別競走(C2),1:29.2,2.2,曇,12.0,1.0,大井,C1六　七,1:16.0,2.3,曇,2.0,1.0,大井,C1六　七八(C1七),1:28.2,0.4,晴,2.0,1.0,大井,C2二　三四(C2三),1:28.9,0.5,晴,5.0,5.0,2札幌6,3歳未勝利,1:46.8,0.9,曇,7.8,3.0,,nar,2026-09-01,54.22,67.1,26.3,75.1,63.5,49.6,55.3,大井実績 / 履歴少 / 安定感
202648090110,2026-09-01,10,グラスビジョン,10.0,8.0,大畑慧悟,57.0,,4.0,1.0,名古屋,デネブ特別(B),1:36.2,0.6,晴,7.0,2.0,名古屋,夏の大三角特別(B),1:37.1,1.0,小雨,3.0,1.0,名古屋,彦星大空戦(B),2:18.4,0.8,曇,1.0,2.0,名古屋,B7組,1:35.0,-0.1,晴,1.0,1.0,名古屋,新城特別(C),1:50.4,-0.5,曇,8.6,4.0,,nar,2026-09-01,57.05,77.6,33.1,75.1,44.0,53.3,56.2,名古屋実績 / 履歴少 / 安定感
202630090110,2026-09-01,10,グレートスティック,8.0,7.0,石川倭,58.0,,5.0,2.0,門別,うまどしひだか202(B4),1:02.1,0.6,曇,13.0,13.0,1札幌4,3歳以上1勝クラス,1:10.3,1.4,晴,1.0,3.0,門別,比布駅改築10周年記(B4),1:01.9,-0.3,曇,4.0,4.0,門別,グランシャリオドリー(B4),1:01.8,0.8,曇,5.0,1.0,門別,日高地区測量設計協会(C1),1:01.9,0.9,曇,4.2,2.0,,nar,2026-09-01,56.0,59.5,43.5,75.1,54.5,52.9,59.5,門別実績 / 履歴少 / 安定感
202646090110,2026-09-01,10,ケイバラード,8.0,8.0,米倉知,57.0,,4.0,5.0,金沢,堀江舞アナ明日8月5(B1特別),1:33.8,0.9,晴,6.0,6.0,金沢,海の日!夏バテ防止に(B1),1:33.4,1.2,晴,6.0,11.0,金沢,柴山潟特別(B1),1:39.9,1.7,曇,1.0,5.0,金沢,B14,1:41.2,-0.1,曇,4.0,9.0,金沢,能登復興支援宝達葛特(B2),1:39.2,1.4,曇,16.8,5.0,,nar,2026-09-01,64.43,72.4,66.7,55.3,51.5,71.8,52.9,金沢実績 / 履歴少 / 人気以上に走る傾向 / 過小評価傾向
202630090110,2026-09-01,10,サクセスビービー,3.0,3.0,望月洵輝,57.0,,6.0,4.0,門別,うまどしひだか202(B4),1:02.1,0.6,曇,1.0,3.0,門別,3歳以上C3ー2C4,1:01.2,0.0,曇,4.0,2.0,門別,3歳以上C3ー2C4,1:02.3,0.8,曇,1.0,1.0,門別,日高山脈襟裳十勝国立(C4),1:02.1,-0.7,曇,2.0,3.0,門別,3歳以上C4ー2,1:02.0,0.2,晴,5.8,5.0,,nar,2026-09-01,59.41,82.3,47.2,69.6,26.0,56.8,56.2,門別実績 / 履歴少 / 安定感
202635090110,2026-09-01,10,サスケベラ,8.0,7.0,菅原辰徳,54.0,,7.0,8.0,盛岡,ひまわり賞(重賞),1:55.9,1.6,曇,7.0,4.0,盛岡,やまびこ賞(重賞),1:54.8,3.7,小雨,1.0,4.0,水沢,3歳B1,1:42.7,0.0,晴,2.0,2.0,水沢,3歳B1,1:45.0,0.1,晴,2.0,7.0,盛岡,3歳B1一組,1:26.6,0.2,晴,264.0,11.0,,nar,2026-09-01,54.49,71.5,54.7,44.7,26.0,57.4,48.5,履歴少
202646090110,2026-09-01,10,サノノヒーロー,2.0,2.0,中島龍也,57.0,,5.0,8.0,金沢,B12,1:39.0,0.4,晴,12.0,11.0,金沢,金沢競馬B1プレミア,1:33.3,1.6,晴,1.0,2.0,金沢,miCometビジネ(B1),1:32.5,-0.6,晴,5.0,7.0,金沢,七尾港まつり特別(B2),1:33.8,1.3,晴,1.0,2.0,金沢,としおゆうこ夫妻に感(B2),1:34.3,-0.1,曇,21.3,6.0,,nar,2026-09-01,60.64,63.7,58.8,75.1,48.5,60.2,54.5,金沢実績 / 前走人気以上 / 安定感 / 市場オッズ妙味
202646090110,2026-09-01,10,サルジュ,7.0,7.0,栗原大河,57.0,,1.0,2.0,金沢,ずまちゃんハッピーバ(B1特別),1:32.3,-0.2,晴,3.0,4.0,金沢,七尾港まつり特別(B2),1:32.8,0.3,晴,4.0,2.0,金沢,氷室開き特別(B2),1:33.4,1.0,曇,3.0,3.0,金沢,B22,1:32.3,0.9,曇,4.0,2.0,金沢,もりもり食べよう加賀(B2特別),1:39.8,0.9,雨,5.9,4.0,,nar,2026-09-01,69.75,86.5,49.7,100.0,65.0,56.3,59.5,金沢実績 / 履歴少 / 近走上向き / 安定感
202646090110,2026-09-01,10,シントーツバキ,3.0,3.0,松戸政也,55.0,,9.0,6.0,金沢,B12,1:40.2,1.6,晴,9.0,4.0,金沢,海の日!夏バテ防止に(B1),1:34.0,1.8,晴,11.0,4.0,金沢,柴山潟特別(B1),1:41.5,3.3,曇,6.0,4.0,金沢,白山白川郷ホワイトロ(B1),1:40.0,1.1,曇,3.0,8.0,金沢,オッズパーク杯(B1),1:32.9,0.7,曇,33.6,7.0,,nar,2026-09-01,34.74,41.3,26.8,10.3,39.5,43.9,46.3,履歴少
202635090110,2026-09-01,10,シーズザスローン,7.0,6.0,武豊,56.0,,4.0,4.0,1札幌4,ポプラS(3勝クラス),1:45.7,1.1,晴,1.0,2.0,1函館12,駒場特別(2勝クラス),1:42.4,-0.1,晴,1.0,1.0,1函館7,3歳以上1勝クラス,1:45.5,-0.2,晴,2.0,1.0,1函館4,3歳以上1勝クラス,1:46.6,0.1,小雨,7.0,5.0,2阪神1,毎日杯(GIII),1:46.1,1.0,晴,9.7,4.0,,nar,2026-09-01,66.45,86.6,49.3,89.7,42.5,58.4,63.5,クラス条件好転 / n適性 / 函館実績 / 安定感
202648090110,2026-09-01,10,ジャスティンライズ,6.0,6.0,柿原翔,57.0,,6.0,2.0,名古屋,連続開催!第3回中京(B),1:52.5,1.7,晴,5.0,3.0,名古屋,伊勢湾特別(C),1:53.0,0.7,晴,12.0,12.0,2福島2,3歳以上1勝クラス,2:40.1,1.5,晴,12.0,13.0,1新潟4,荒川峡特別(1勝クラス),2:29.6,3.1,晴,8.0,9.0,2中山5,4歳以上1勝クラス,2:35.8,2.0,晴,8.4,3.0,,nar,2026-09-01,45.78,43.9,39.7,24.9,69.5,51.5,54.2,名古屋実績 / クラス条件好転 / 履歴少 / 近走上向き
202630090110,2026-09-01,10,ジャスパーロイヤル,4.0,4.0,松井伸也,57.0,,8.0,9.0,門別,グランシャリオドリー(B4),1:03.2,1.8,曇,6.0,7.0,門別,JAびらとりニシパの(B4),1:02.9,1.4,晴,9.0,9.0,門別,新冠町ふるさと納税特(B3),1:02.6,2.1,曇,5.0,7.0,門別,匠の味!ほべつメロン(B3),1:02.3,1.0,雨,9.0,10.0,門別,門別でおトクなSPA(B3),1:03.7,2.5,晴,74.5,9.0,,nar,2026-09-01,46.85,49.1,56.6,14.6,45.5,54.8,46.3,履歴少
202648090110,2026-09-01,10,スターインパクト,2.0,2.0,,,,7.0,11.0,名古屋,デネブ特別(B),1:37.0,1.4,晴,8.0,10.0,名古屋,夏の大三角特別(B),1:37.1,1.0,小雨,11.0,10.0,名古屋,へびつかい座特別(B),1:53.0,2.2,曇,8.0,7.0,名古屋,星合特別(B),1:37.5,2.2,小雨,3.0,5.0,名古屋,レサト賞(B),1:31.2,0.4,晴,,,,nar,2026-09-01,47.55,45.8,61.0,10.3,53.0,56.0,46.3,前走人気以上 / 履歴少
202648090110,2026-09-01,10,スフレ,8.0,7.0,渡辺竜也,55.0,,5.0,2.0,名古屋,デネブ特別(B),1:36.4,0.8,晴,6.0,4.0,名古屋,へびつかい座特別(B),1:52.3,1.5,曇,4.0,4.0,名古屋,あすなろ杯(BC),1:50.3,1.9,雨,1.0,4.0,名古屋,B9組,1:50.7,-0.1,晴,4.0,5.0,名古屋,もさ11歳おめでとう(B),1:37.4,0.9,晴,17.6,5.0,,nar,2026-09-01,59.35,73.1,43.9,75.1,42.5,61.6,56.2,名古屋実績 / 履歴少 / 安定感 / 市場オッズ妙味
202644090110,2026-09-01,10,スペイスフォース,5.0,5.0,藤田凌,56.0,,4.0,11.0,大井,ブラック・ベルベット(C1),1:43.4,0.5,曇,9.0,6.0,大井,ブランデー・フィック(C1),1:45.2,3.4,晴,5.0,5.0,大井,C1六　七,1:43.0,1.4,晴,9.0,5.0,大井,C1五　六七(C1六),1:43.4,0.9,晴,2.0,5.0,大井,コープス・リバイバー(C1),1:42.5,1.0,晴,14.0,7.0,,nar,2026-09-01,59.74,60.3,57.7,60.5,63.5,63.2,52.9,大井実績 / 前走人気以上 / 履歴少 / 安定感
202648090110,2026-09-01,10,テルケンレンジョイ,4.0,4.0,小笠原羚,54.0,,11.0,5.0,名古屋,さそり座大空特別(B),2:14.2,3.2,曇,5.0,4.0,名古屋,おとめ座大空特別(B),2:12.8,1.0,晴,8.0,4.0,名古屋,こと座流星群特別(B),1:52.1,1.6,晴,3.0,2.0,名古屋,桜月夜特別(B),2:13.4,0.0,晴,3.0,1.0,名古屋,"2,100m戦勅使池(B)",2:20.7,0.2,晴,31.7,6.0,,nar,2026-09-01,40.72,52.7,27.5,49.8,12.5,47.2,52.9,名古屋実績 / 履歴少 / 市場オッズ妙味
202630090110,2026-09-01,10,ディープレゼント,7.0,7.0,岩橋勇二,55.0,,7.0,8.0,門別,YJSトライアルラウ(B4),1:15.6,1.1,晴,8.0,7.0,門別,グランシャリオドリー(B4),1:15.2,1.3,曇,4.0,8.0,門別,比布駅改築10周年記(B4),1:02.5,0.6,曇,5.0,5.0,門別,スターチス特別(C1),1:02.0,1.4,曇,5.0,5.0,門別,ムスカリ特別(C1),1:02.5,0.8,曇,22.0,7.0,,nar,2026-09-01,53.68,58.7,55.9,44.7,41.0,58.9,52.9,門別実績 / 履歴少 / 市場オッズ妙味
202644090110,2026-09-01,10,デルマウチガケ,7.0,6.0,安藤洋一,54.0,,2.0,3.0,大井,はくちょう座特別競走(C2),1:29.0,2.0,曇,4.0,3.0,大井,U.S.ターキー賞(C2七),1:28.9,0.8,晴,3.0,4.0,大井,プルメリア特別競走(C2),1:42.8,1.1,晴,9.0,3.0,大井,萌黄特別競走(C2),1:45.3,1.4,晴,8.0,1.0,大井,C2　選抜牝馬,1:30.1,0.9,曇,6.5,2.0,,nar,2026-09-01,60.46,73.3,40.6,75.1,74.0,50.2,52.9,大井実績 / 履歴少 / 近走上向き / 安定感
202646090110,2026-09-01,10,デルマスソバライ,5.0,5.0,浅野登生,52.0,,1.0,1.0,金沢,能登復興支援皆月海岸(B1),1:31.9,0.0,曇,3.0,8.0,金沢,金沢競馬B1プレミア,1:32.3,0.6,晴,2.0,4.0,金沢,B22,1:31.8,0.1,晴,4.0,4.0,金沢,B22,1:32.8,1.4,曇,2.0,5.0,金沢,かなパスで生活を便利(B2特別),1:33.3,0.1,晴,4.3,2.0,,nar,2026-09-01,74.49,90.1,63.7,100.0,60.5,62.7,59.5,金沢実績 / 履歴少 / 安定感
202646090110,2026-09-01,10,ハイエストポイント,4.0,4.0,柴田勇真,57.0,,3.0,1.0,金沢,B12,1:38.7,0.1,晴,1.0,2.0,金沢,B14,1:39.0,-0.2,晴,2.0,1.0,金沢,立夏特別(B2),1:33.9,0.5,晴,1.0,2.0,金沢,B25,1:41.0,-0.3,晴,3.0,3.0,金沢,地方競馬の馬券はSP(B2),1:41.1,2.5,曇,5.0,3.0,,nar,2026-09-01,67.96,91.9,47.1,100.0,42.5,56.2,59.5,金沢実績 / 履歴少 / 安定感
202648090110,2026-09-01,10,ハンドフル,7.0,7.0,丸野勝虎,57.0,,1.0,1.0,名古屋,壮馬大空特別(3歳),2:10.2,-0.5,晴,3.0,1.0,名古屋,けやき杯(OP)(3歳),1:50.9,1.2,晴,1.0,1.0,名古屋,クラシックドリーム戦(3歳),2:18.3,-0.3,晴,3.0,3.0,名古屋,第65回駿蹄賞(重賞),2:12.4,1.4,晴,2.0,3.0,名古屋,春爛漫特別(3歳),1:35.3,0.1,小雨,1.4,1.0,,nar,2026-09-01,68.99,92.9,47.2,100.0,57.5,50.8,56.4,名古屋実績 / 安定感
202646090110,2026-09-01,10,パッションビート,1.0,1.0,青柳正義,54.0,,1.0,1.0,金沢,高島美稀お誕生日記念(B1特別),1:38.7,-0.3,曇,5.0,3.0,金沢,金沢城鼠多門賞【サラ(重賞),2:09.7,2.4,晴,2.0,8.0,金沢,兼六園スプリント(重賞),1:38.4,0.9,雨,6.0,11.0,金沢,石川優駿(重賞),2:18.2,2.8,曇,7.0,8.0,金沢,北日本新聞杯【石川優(重賞),1:56.3,2.0,晴,2.0,1.0,,nar,2026-09-01,68.49,79.6,60.6,75.1,74.0,59.5,54.3,金沢実績 / クラス条件好転 / 近走上向き / 安定感
202644090110,2026-09-01,10,ビリーヴアンドラン,10.0,8.0,御神本訓,56.0,,6.0,7.0,大井,ブラック・ベルベット(C1),1:44.0,1.1,曇,3.0,3.0,大井,C2三　四五(C2四),1:28.1,0.3,晴,12.0,4.0,大井,海王星特別競走(C1),1:48.5,2.9,曇,1.0,2.0,大井,C2三　四五(C2四),1:28.2,-0.5,曇,7.0,1.0,大井,C2二　三四(C2三),1:43.2,0.5,晴,8.5,5.0,,nar,2026-09-01,48.66,61.5,37.7,39.5,48.5,49.0,49.6,履歴少
202644090110,2026-09-01,10,ピンナダ,1.0,1.0,藤本現暉,56.0,,4.0,6.0,大井,立秋特別競走(C2),2:41.2,1.2,曇,7.0,7.0,大井,C2三　四五(C2四),1:43.3,1.5,晴,6.0,7.0,大井,赤坂見附特別競走(C1),1:57.0,1.2,曇,4.0,11.0,大井,小石川見附特別競走(C1),2:11.8,1.1,晴,8.0,3.0,大井,おうし座特別競走(C1),1:58.1,2.1,晴,10.4,6.0,,nar,2026-09-01,58.82,63.6,59.2,45.0,63.5,63.2,49.6,履歴少
202635090110,2026-09-01,10,フォースメン,3.0,3.0,吉原寛人,56.0,,10.0,8.0,大井,東京ダービー競走(JpnI),2:08.5,4.1,晴,1.0,3.0,盛岡,ダイヤモンドC(重賞),1:52.3,-0.6,晴,1.0,1.0,水沢,3歳A,1:43.5,-2.5,晴,1.0,1.0,水沢,3歳B2一組,1:27.9,-0.4,晴,1.0,4.0,船橋,花見月特別(3歳),1:39.2,-0.1,晴,132.0,8.0,,nar,2026-09-01,55.4,78.1,51.4,69.6,0.0,55.5,50.8,履歴少 / 安定感
202646090110,2026-09-01,10,ホウオウヴィーナス,6.0,6.0,魚住謙心,55.0,,8.0,7.0,金沢,能登復興支援総持寺特(B1),1:41.2,2.8,晴,2.0,8.0,金沢,能登復興支援須須神社(B1特別),1:39.7,0.9,曇,10.0,8.0,金沢,B12,1:41.7,3.3,曇,8.0,11.0,金沢,B12,1:34.9,2.3,曇,10.0,9.0,金沢,オッズパーク杯(B1),1:35.5,3.3,曇,58.6,8.0,,nar,2026-09-01,49.6,51.1,57.9,24.9,47.0,55.9,49.3,クラス条件好転 / 履歴少
202644090110,2026-09-01,10,マニス,9.0,7.0,杉山海波,51.0,,8.0,9.0,大井,ブラック・ベルベット(C1),1:45.5,2.6,曇,14.0,16.0,3東京6,3歳以上1勝クラス,1:35.5,1.7,曇,10.0,15.0,1東京5,4歳以上1勝クラス,1:34.6,1.0,晴,11.0,15.0,5中京1,3歳以上1勝クラス,1:34.0,1.0,晴,8.0,17.0,5東京6,3歳以上1勝クラス,1:32.9,0.9,晴,21.8,9.0,,nar,2026-09-01,47.23,26.4,73.1,0.0,66.5,65.3,51.8,クラス条件好転 / 履歴少 / 人気以上に走る傾向 / 近走上向き
202630090110,2026-09-01,10,ミソドレミ,5.0,5.0,阿部龍,56.0,,6.0,4.0,門別,平取町長杯「平取すず(B4),1:03.0,2.3,晴,3.0,1.0,門別,プルメリア特別(B4),1:01.9,1.0,晴,1.0,1.0,門別,グランシャリオドリー(B4),1:02.1,-0.1,曇,2.0,5.0,門別,グランシャリオドリー(B4),1:01.2,0.2,曇,1.0,2.0,門別,3歳以上C3ー2C4,1:01.4,-0.4,晴,5.2,3.0,,nar,2026-09-01,59.39,82.7,46.0,69.6,24.5,57.0,59.2,門別実績 / クラス条件好転 / 履歴少 / 安定感
202635090110,2026-09-01,10,ミッジーチャンプ,4.0,4.0,筒井勇介,56.0,,3.0,6.0,高知,黒潮菊花賞[地方交流(重賞),2:10.1,1.4,晴,4.0,9.0,佐賀,九州優駿栄城賞(重賞),2:13.1,0.7,晴,6.0,4.0,佐賀,佐賀皐月賞(重賞),1:59.2,1.7,雨,5.0,3.0,佐賀,佐賀桜花特別(B),1:56.0,1.7,曇,5.0,3.0,高知,ネクストスター西日本(重賞),1:33.2,1.1,雨,132.0,9.0,,nar,2026-09-01,64.26,73.3,58.9,80.2,62.0,54.8,48.8,前走人気以上 / 履歴少 / 安定感
202635090110,2026-09-01,10,メイショウコマチ,10.0,8.0,太宰啓介,54.0,,1.0,1.0,3阪神4,逆瀬川特別(2勝クラス),1:53.9,-0.5,曇,1.0,3.0,3京都6,3歳1勝クラス,1:51.6,-0.7,晴,9.0,2.0,1阪神6,3歳1勝クラス,1:55.4,1.0,曇,1.0,4.0,5阪神5,2歳新馬,1:54.9,-0.3,晴,,,,,,,,16.5,5.0,,nar,2026-09-01,64.84,85.9,46.5,69.9,66.0,60.3,48.8,履歴少 / 近走上向き / 安定感 / 市場オッズ妙味
202630090110,2026-09-01,10,ユーキャンフライ,6.0,6.0,落合玄太,55.0,,1.0,2.0,門別,社会貢献×門別うまレ(C3),1:01.2,-0.5,晴,1.0,1.0,門別,3歳以上C4ー2,1:01.9,-0.6,曇,2.0,5.0,門別,3歳以上C4ー2,1:15.7,0.2,晴,10.0,4.0,門別,グランシャリオドリー(C4),2:02.2,3.9,曇,7.0,6.0,門別,3歳以上C4ー2,1:46.8,1.0,曇,4.0,1.0,,nar,2026-09-01,65.78,83.0,49.4,75.1,74.0,54.0,52.5,門別実績 / 前走人気以上 / 近走上向き / 安定感
202644090110,2026-09-01,10,ラインガーラ,8.0,7.0,達城龍次,56.0,,3.0,5.0,大井,C1七　八,1:13.6,0.8,晴,6.0,6.0,大井,C1五　六,1:44.5,1.5,曇,2.0,2.0,大井,C1七　八,1:14.2,0.1,晴,5.0,3.0,大井,C1七　八九(C1八),1:28.5,0.5,晴,7.0,3.0,大井,C1五　六,1:44.4,1.1,曇,7.8,4.0,,nar,2026-09-01,60.9,74.0,49.3,64.7,62.0,56.1,52.9,大井実績 / 履歴少 / 安定感
202630090110,2026-09-01,10,ラグナキリア,9.0,8.0,桑村真明,57.0,,2.0,5.0,門別,グランシャリオドリー(B4),1:01.9,0.5,曇,4.0,5.0,門別,平取町長杯「平取すず(B4),1:02.6,1.9,晴,1.0,1.0,門別,夏秋どりいちごすずあ(C3),1:02.2,-0.5,曇,2.0,2.0,門別,レジェンド・折茂社長(C3),1:01.9,0.0,晴,5.0,6.0,門別,日高町水道協会特別(C3),1:02.5,0.6,曇,5.6,4.0,,nar,2026-09-01,71.36,87.1,58.9,100.0,56.0,60.6,56.4,門別実績 / 前走人気以上 / 安定感
202644090110,2026-09-01,10,ラバテラリュージュ,6.0,6.0,中山遥人,55.0,,9.0,9.0,大井,ミントジュレップ賞(C1),1:44.2,3.5,晴,7.0,11.0,大井,海王星特別競走(C1),1:46.7,1.1,曇,9.0,11.0,大井,てんびん座特別競走(C1四),1:28.5,1.8,曇,2.0,9.0,大井,C1五　六七(C1六),1:28.6,0.1,晴,8.0,13.0,大井,シャムロック賞(C1七),1:28.7,1.5,曇,36.6,10.0,,nar,2026-09-01,50.55,49.0,70.5,14.6,35.0,64.5,49.3,クラス条件好転 / 履歴少 / 人気以上に走る傾向 / 市場オッズ妙味
202635090110,2026-09-01,10,リアライズグリント,6.0,6.0,坂井瑠星,56.0,,3.0,4.0,大井,東京ダービー競走(JpnI),2:05.2,0.8,晴,4.0,2.0,大井,羽田盃競走(JpnI),1:53.5,0.8,曇,1.0,3.0,大井,雲取賞競走(JpnIII),1:54.0,0.0,晴,1.0,1.0,1京都6,3歳未勝利,1:54.5,-1.0,晴,2.0,1.0,1京都1,3歳未勝利,1:53.6,0.1,晴,2.4,2.0,,nar,2026-09-01,66.57,88.3,50.7,100.0,44.0,53.7,48.8,履歴少 / 安定感
202648090110,2026-09-01,10,リプリー,1.0,1.0,大畑雅章,55.0,,2.0,8.0,名古屋,土用特別(A),1:50.2,0.2,晴,1.0,7.0,名古屋,彦星大空戦(B),2:17.6,-0.5,曇,4.0,2.0,名古屋,B8組,1:36.9,1.5,晴,3.0,8.0,名古屋,ヌサカン大空戦(B),2:13.3,0.9,晴,7.0,7.0,名古屋,レディス・アストライ(B),1:36.8,1.8,曇,7.8,2.0,,nar,2026-09-01,75.31,85.5,75.6,89.7,60.5,68.5,56.2,名古屋実績 / 前走人気以上 / 履歴少 / 人気以上に走る傾向
202635090110,2026-09-01,10,レジェンドバローズ,5.0,5.0,山本聡哉,56.0,,1.0,1.0,盛岡,やまびこ賞(重賞),1:51.1,-1.5,小雨,1.0,2.0,水沢,東北優駿(重賞),2:10.5,-0.5,晴,5.0,2.0,盛岡,ダイヤモンドC(重賞),1:53.2,0.9,晴,1.0,1.0,盛岡,ビギナーズC(重賞),1:26.0,-1.2,晴,1.0,1.0,盛岡,岩手デビュー限定競走(2歳),1:27.8,-0.7,晴,17.6,6.0,,nar,2026-09-01,70.85,93.7,47.6,100.0,56.0,60.9,59.5,盛岡実績 / 履歴少 / 安定感 / 市場オッズ妙味
202635090110,2026-09-01,10,レノヴァティオ,11.0,8.0,大坪慎,56.0,,4.0,3.0,盛岡,3歳B1,1:39.2,0.6,小雨,2.0,6.0,盛岡,やまびこ賞(重賞),1:52.6,1.5,小雨,7.0,3.0,盛岡,3歳B1,1:40.8,1.3,晴,1.0,3.0,水沢,3歳B2,1:28.5,-0.2,曇,3.0,1.0,水沢,3歳B2一組,1:30.2,0.3,晴,37.7,7.0,,nar,2026-09-01,62.84,79.6,49.9,80.2,45.5,55.6,57.0,盛岡実績 / クラス条件好転 / 履歴少 / 安定感
202635090110,2026-09-01,10,ロジータサンライズ,1.0,1.0,鈴木祐,56.0,,7.0,7.0,盛岡,3歳B1,1:41.7,2.8,曇,5.0,8.0,盛岡,3歳B1,1:39.2,0.6,小雨,9.0,9.0,盛岡,やまびこ賞(重賞),1:55.5,4.4,小雨,6.0,7.0,水沢,ウイナーC(重賞),1:28.8,1.4,晴,6.0,9.0,水沢,東北優駿(重賞),2:14.7,4.2,晴,264.0,10.0,,nar,2026-09-01,50.85,54.8,58.4,24.9,47.0,57.2,48.5,履歴少
202635090110,2026-09-01,10,ロックターミガン,9.0,7.0,西村淳也,56.0,,4.0,3.0,大井,東京ダービー競走(JpnI),2:06.1,1.7,晴,2.0,1.0,大井,羽田盃競走(JpnI),1:53.3,0.6,曇,1.0,2.0,大井,京浜盃競走(JpnII),1:46.2,-0.6,雨,1.0,6.0,5阪神5,ポインセチアS(OP),1:52.6,-0.1,晴,10.0,5.0,4京都7,ラジオN杯京都2歳S(GIII),2:02.0,1.6,晴,7.3,3.0,,nar,2026-09-01,64.44,83.3,49.0,89.7,47.0,57.8,48.8,履歴少 / 安定感
202630090110,2026-09-01,10,ロビンバローズ,1.0,1.0,坂下秀樹,55.0,,8.0,9.0,門別,日高コズミック祭り特(B4),1:17.1,2.4,曇,9.0,10.0,門別,グランシャリオドリー(A3),1:02.9,2.4,晴,7.0,8.0,門別,JAびらとりニシパの(B4),1:03.2,1.7,晴,10.0,10.0,門別,グランシャリオドリー(B4),1:03.3,1.6,晴,8.0,11.0,門別,グランシャリオドリー(B4),1:03.3,1.2,曇,233.3,10.0,,nar,2026-09-01,43.96,41.3,57.4,0.0,53.0,54.8,46.0,クラス条件好転 / 履歴少
202630090110,2026-09-01,10,ワイルドタイタン,10.0,8.0,小川悠汰,52.0,,10.0,8.0,門別,エゾミソハギ特別(B4),1:17.4,2.1,曇,9.0,6.0,門別,JAびらとりニシパの(B4),1:03.7,2.2,晴,8.0,4.0,門別,プルメリア特別(B4),1:03.0,2.1,晴,9.0,2.0,門別,比布駅改築10周年記(B4),1:04.1,2.2,曇,1.0,2.0,門別,函館競馬場開設130(C3),1:01.6,-0.1,晴,7.6,6.0,,nar,2026-09-01,34.03,41.8,28.6,10.3,30.5,42.5,46.3,履歴少
202648090110,2026-09-01,10,ワカギミ,9.0,8.0,細川智史,57.0,,10.0,6.0,名古屋,はくちょう座特別(B),1:51.7,2.6,晴,4.0,9.0,名古屋,夏の大三角特別(B),1:36.5,0.4,小雨,7.0,6.0,名古屋,へびつかい座特別(B),1:52.6,1.8,曇,2.0,2.0,名古屋,レサト賞(B),1:30.9,0.1,晴,1.0,3.0,名古屋,B7組,1:35.8,-0.2,晴,44.2,7.0,,nar,2026-09-01,49.93,61.5,50.3,49.8,11.0,57.6,52.9,名古屋実績 / 履歴少 / 市場オッズ妙味
202644090110,2026-09-01,10,ヴァルチャースター,2.0,2.0,吉井章,56.0,,1.0,1.0,大井,フラミンゴ・レディ賞(C1),1:43.3,-0.2,晴,1.0,1.0,大井,C2七　八九(C2八),1:43.6,-0.2,雨,1.0,1.0,大井,C2十　11,1:44.1,-0.6,晴,1.0,1.0,大井,C216　17,1:44.1,-0.8,晴,1.0,1.0,大井,C3八　九,1:14.7,-1.2,晴,2.5,1.0,,nar,2026-09-01,71.49,100.0,50.0,100.0,50.0,53.9,59.5,大井実績 / 履歴少 / 安定感
202646090111,2026-09-01,11,アスターディンブラ,6.0,6.0,栗原大河,57.0,,8.0,8.0,金沢,お家でネット投票!楽(A2),1:33.6,2.0,曇,3.0,6.0,金沢,高橋家&西村家★結婚(B1特別),1:39.1,0.3,曇,8.0,7.0,金沢,お家でネット投票!楽(A2),1:33.8,1.7,晴,6.0,6.0,金沢,お家でネット投票!楽(A2),1:32.5,1.0,雨,3.0,5.0,金沢,白山白川郷ホワイトロ(B1),1:39.8,0.9,曇,18.2,7.0,,nar,2026-09-01,51.96,60.4,55.3,35.3,32.0,61.8,50.5,市場オッズ妙味
202635090111,2026-09-01,11,アユツリー,6.0,6.0,大坪慎,54.0,,2.0,9.0,名古屋,来週から開催!第2回(B),1:37.2,0.1,晴,10.0,7.0,名古屋,レサト賞(B),1:32.3,1.5,晴,5.0,8.0,名古屋,B6組,1:52.4,1.4,晴,4.0,8.0,名古屋,B8組,1:37.8,1.0,雨,7.0,9.0,名古屋,B8組,1:54.0,2.9,曇,19.0,8.0,,nar,2026-09-01,66.95,64.8,69.3,64.7,77.0,72.5,50.0,前走人気以上 / 人気以上に走る傾向 / 近走上向き / 安定感
202646090111,2026-09-01,11,アンクルサンダー,5.0,5.0,平瀬城久,57.0,,5.0,8.0,金沢,能登復興支援総持寺特(B1),1:39.9,1.5,晴,3.0,7.0,金沢,能登復興支援須須神社(B1特別),1:40.4,1.6,曇,7.0,11.0,金沢,海の日!夏バテ防止に(B1),1:33.5,1.3,晴,8.0,9.0,金沢,柴山潟特別(B1),1:40.6,2.4,曇,10.0,11.0,金沢,白山白川郷ホワイトロ(B1),1:40.6,1.7,曇,17.0,6.0,,nar,2026-09-01,63.29,61.2,70.6,55.3,62.0,70.5,52.6,クラス条件好転 / 前走人気以上 / 履歴少 / 人気以上に走る傾向
202648090111,2026-09-01,11,アーニャアザザマス,11.0,8.0,大畑慧悟,55.0,,9.0,9.0,名古屋,サドル賞(B),1:30.9,2.3,晴,1.0,3.0,名古屋,B8組,1:37.4,0.0,晴,9.0,8.0,名古屋,B6組,1:37.2,1.2,曇,6.0,3.0,名古屋,ヌサカン大空戦(B),2:14.0,1.6,晴,4.0,4.0,名古屋,B7組,1:37.4,1.6,雨,28.4,8.0,,nar,2026-09-01,48.24,59.6,49.0,35.3,26.0,53.4,49.6,履歴少 / 市場オッズ妙味
202646090111,2026-09-01,11,ウインバーテックス,1.0,1.0,兼子千央,57.0,,6.0,6.0,金沢,能登復興支援総持寺特(B1),1:40.0,1.6,晴,12.0,1.0,金沢,高橋家&西村家★結婚(B1特別),1:41.3,2.5,曇,6.0,7.0,笠松,B2組,1:31.3,0.9,曇,10.0,2.0,名古屋,B3組,1:38.0,3.2,晴,3.0,2.0,笠松,鵜飼賞(B),1:30.5,1.1,晴,10.4,3.0,,nar,2026-09-01,37.43,45.8,23.3,10.3,60.5,42.1,46.0,クラス条件好転 / 履歴少
202648090111,2026-09-01,11,エイシンマクルーベ,2.0,2.0,木之前葵,53.0,,3.0,7.0,名古屋,デネブ特別(B),1:36.1,0.5,晴,5.0,3.0,名古屋,ラス・アルハゲ特別(B),1:37.3,0.7,曇,8.0,3.0,名古屋,あすなろ杯(BC),1:51.3,2.9,雨,1.0,1.0,名古屋,B6組,1:51.0,-0.4,晴,1.0,1.0,名古屋,B14組,1:35.9,-1.3,晴,16.4,4.0,,nar,2026-09-01,63.03,76.1,48.1,80.2,54.5,60.0,56.2,名古屋実績 / 前走人気以上 / 履歴少 / 安定感
202644090111,2026-09-01,11,エイシンラセーヌ,10.0,6.0,田中洸多,54.0,,6.0,12.0,大井,サマートゥインクル賞(B2B3),1:13.9,0.9,雨,13.0,3.0,大井,臼田坂賞競走(B3),1:15.3,2.1,晴,1.0,3.0,大井,陽春特別競走(C1四),1:13.6,-0.4,曇,2.0,3.0,大井,大手門特別競走(C1三),1:13.6,0.2,晴,6.0,6.0,大井,C1三　四五(C1四),1:28.5,0.9,晴,27.6,8.0,,nar,2026-09-01,50.49,58.6,49.1,34.3,47.0,54.1,49.6,前走人気以上 / 履歴少 / 市場オッズ妙味
202648090111,2026-09-01,11,オッシレイション,6.0,5.0,塚本征吾,55.0,,,,名古屋,サドル賞(B),,,晴,1.0,1.0,名古屋,カササギ賞(B),1:28.4,-0.9,曇,1.0,1.0,名古屋,平原灯姫特別(C),1:30.1,-0.5,曇,8.0,10.0,1新潟5,4歳以上1勝クラス,1:13.9,1.9,晴,16.0,14.0,1中京2,4歳以上1勝クラス,1:26.7,2.8,晴,1.6,1.0,,nar,2026-09-01,62.93,73.4,50.9,44.7,94.0,52.0,62.5,名古屋実績 / クラス条件好転 / 履歴少 / 近走上向き
202648090111,2026-09-01,11,オレイニウタイマス,3.0,3.0,小笠原羚,52.0,,1.0,1.0,名古屋,秀哉&晏菜ガチガチ愛(B),1:36.5,-0.1,晴,1.0,4.0,名古屋,伊勢湾特別(C),1:52.3,-0.2,晴,1.0,4.0,名古屋,恋路ヶ浜賞(C),1:29.3,-0.3,曇,2.0,2.0,名古屋,C6組,1:36.9,1.3,曇,3.0,1.0,名古屋,C7組,1:37.5,0.1,晴,5.0,2.0,,nar,2026-09-01,74.23,97.2,57.9,100.0,54.5,59.4,62.5,名古屋実績 / クラス条件好転 / 履歴少 / 安定感
202644090111,2026-09-01,11,オーサムデアラー,14.0,8.0,東原悠善,56.0,,13.0,11.0,大井,サマーバケーション賞(B3),1:29.6,3.6,曇,14.0,10.0,3阪神2,障害3歳以上未勝利,3:37.6,14.1,雨,10.0,11.0,1東京6,4歳以上1勝クラス,1:26.3,1.7,晴,10.0,9.0,5東京8,3歳以上1勝クラス,1:26.3,1.5,晴,7.0,8.0,4東京5,3歳以上1勝クラス,1:20.1,0.9,晴,89.8,10.0,,nar,2026-09-01,29.67,16.2,39.9,0.0,33.5,47.7,48.8,履歴少
202630090111,2026-09-01,11,キタノパッション,4.0,4.0,小川悠汰,52.0,,10.0,9.0,門別,グランシャリオドリー(B4),1:18.6,3.8,雨,9.0,8.0,盛岡,C1,1:28.8,2.6,晴,8.0,3.0,盛岡,C1五組,1:28.7,2.3,曇,8.0,5.0,水沢,C1,1:30.1,1.7,雨,2.0,10.0,盛岡,C2,1:00.0,0.1,晴,17.0,5.0,,nar,2026-09-01,39.21,42.1,41.9,10.3,30.5,54.1,48.8,履歴少 / 市場オッズ妙味
202630090111,2026-09-01,11,キャリーアドリーム,6.0,6.0,松井伸也,55.0,,11.0,11.0,門別,グランシャリオドリー(B4),1:03.9,2.5,曇,8.0,9.0,門別,JAびらとりニシパの(B4),1:03.5,2.0,晴,10.0,9.0,門別,プルメリア特別(B4),1:03.8,2.9,晴,10.0,9.0,門別,グランシャリオドリー(B4),1:03.9,1.8,曇,10.0,11.0,門別,グランシャリオドリー(B4),1:03.6,2.6,曇,249.3,10.0,,nar,2026-09-01,36.72,29.6,50.1,0.0,41.0,50.9,43.8,履歴少
202630090111,2026-09-01,11,クアトロソバージュ,3.0,3.0,石川倭,58.0,,1.0,1.0,門別,平取町長杯「平取すず(B4),1:00.7,-1.2,晴,2.0,2.0,門別,グランシャリオドリー(B4),1:01.8,0.1,晴,3.0,3.0,門別,グランシャリオドリー(B4),1:02.4,0.3,曇,1.0,3.0,門別,ビアパーティーAib(C3),1:01.8,-0.1,曇,2.0,1.0,門別,オオデマリ特別(C3),1:02.4,0.1,曇,2.3,1.0,,nar,2026-09-01,70.9,94.0,51.3,100.0,56.0,54.2,59.5,門別実績 / 履歴少 / 安定感
202630090111,2026-09-01,11,クリイロ,5.0,5.0,黒澤愛斗,55.0,,5.0,7.0,門別,平取町長杯「平取すず(B4),1:02.7,2.0,晴,7.0,9.0,門別,トケイソウ特別(B4),1:39.7,2.7,曇,9.0,10.0,門別,ドウデュース・プレミ(B3),1:15.7,2.5,曇,7.0,8.0,門別,とままえメロン特別(B3),1:16.3,1.8,曇,10.0,10.0,門別,胆振軽種馬農業協同組(B3),1:15.7,2.6,晴,38.2,7.0,,nar,2026-09-01,53.9,51.2,60.1,30.4,69.5,58.6,49.3,クラス条件好転 / 履歴少 / 近走上向き / 市場オッズ妙味
202630090111,2026-09-01,11,グラストップロード,8.0,7.0,桑村真明,57.0,,7.0,8.0,門別,スイレン特別(B3),1:01.6,0.9,晴,6.0,5.0,門別,新冠町ふるさと納税特(B3),1:01.6,1.1,曇,7.0,7.0,門別,ドウデュース・プレミ(B3),1:15.4,2.2,曇,3.0,4.0,門別,とままえメロン特別(B3),1:15.1,0.6,曇,1.0,3.0,門別,日高地区測量設計協会(C1),1:01.0,-0.1,曇,8.2,4.0,,nar,2026-09-01,50.68,63.6,52.9,24.9,33.5,58.7,49.6,履歴少
202635090111,2026-09-01,11,グランクロワ,8.0,7.0,高橋悠里,56.0,,2.0,8.0,盛岡,C1五組,1:27.0,0.1,晴,4.0,7.0,盛岡,C2一組,1:27.3,1.2,晴,5.0,5.0,盛岡,C2一組,1:27.6,1.4,曇,3.0,4.0,盛岡,C2一組,1:27.8,1.3,曇,4.0,4.0,盛岡,C2一組,1:27.4,1.1,曇,19.4,9.0,,nar,2026-09-01,74.35,80.4,69.0,100.0,62.0,70.5,59.5,盛岡実績 / 前走人気以上 / 履歴少 / 人気以上に走る傾向
202646090111,2026-09-01,11,ケンロクシャルモン,4.0,4.0,柴田勇真,57.0,,1.0,1.0,金沢,たいち&あやみ結婚記(B1),1:32.1,-0.1,晴,2.0,4.0,金沢,金沢競馬B1プレミア,1:32.0,0.3,晴,2.0,2.0,金沢,七尾港まつり特別(B2),1:32.5,0.0,晴,1.0,1.0,金沢,スマホで投票!楽天競(B2),1:34.5,-0.1,晴,2.0,2.0,金沢,リオ&ユンケル結婚お(B2),1:34.3,0.1,晴,1.4,1.0,,nar,2026-09-01,71.48,95.6,53.5,100.0,54.5,52.7,59.5,金沢実績 / 履歴少 / 安定感
202635090111,2026-09-01,11,コスモエスメラルダ,3.0,3.0,高松亮,54.0,,8.0,5.0,盛岡,C1三組,1:27.7,2.3,曇,2.0,3.0,盛岡,C2一組,1:26.7,0.6,晴,1.0,1.0,盛岡,C2三組,1:26.6,-1.7,曇,4.0,2.0,盛岡,C2三組,1:27.9,0.6,曇,7.0,2.0,盛岡,C2三組,1:27.8,1.4,晴,8.8,2.0,,nar,2026-09-01,52.47,72.5,39.7,59.3,23.0,53.4,52.9,盛岡実績 / 履歴少
202630090111,2026-09-01,11,コンバットアンジュ,2.0,2.0,坂下秀樹,55.0,,9.0,8.0,門別,グランシャリオドリー(B4),1:16.7,1.9,雨,11.0,12.0,門別,YJSトライアルラウ(B4),1:55.3,4.3,晴,7.0,10.0,門別,プルメリア特別(B4),1:02.6,1.7,晴,11.0,11.0,門別,ドウデュース・プレミ(B3),1:18.7,5.5,曇,10.0,11.0,門別,とままえメロン特別(B3),1:18.0,3.5,曇,185.8,9.0,,nar,2026-09-01,40.45,32.0,54.5,0.0,54.5,53.5,43.8,履歴少
202644090111,2026-09-01,11,ゴールドカグヤヒメ,12.0,7.0,鷹見陸,53.0,,8.0,8.0,大井,サンパラソル賞(B3),1:29.0,3.0,曇,8.0,13.0,大井,六角坂賞競走(B3),1:13.5,1.1,晴,13.0,16.0,大井,優駿スプリント競走(重賞),1:13.7,2.7,晴,14.0,10.0,大井,リキラリアット賞競走(B3),1:16.7,4.5,晴,12.0,4.0,大井,3歳　選抜牝馬,1:31.2,3.4,雨,33.8,9.0,,nar,2026-09-01,40.05,26.4,53.0,0.0,72.5,49.1,43.8,履歴少 / 近走上向き
202646090111,2026-09-01,11,サクラサルーテ,2.0,2.0,青柳正義,55.0,,6.0,3.0,金沢,お家でネット投票!楽(A2),1:33.0,1.4,曇,9.0,7.0,金沢,金沢競馬B1プレミア,1:32.8,1.1,晴,1.0,1.0,金沢,B12,1:32.0,-0.6,晴,4.0,3.0,金沢,B12,1:40.2,1.8,曇,5.0,2.0,金沢,B12,1:34.2,1.6,曇,5.9,2.0,,nar,2026-09-01,50.08,65.1,36.9,44.7,42.5,51.7,52.9,金沢実績 / 履歴少
202644090111,2026-09-01,11,サムデイ,4.0,3.0,高橋優,51.0,,12.0,10.0,大井,江戸見坂賞競走(B3),1:15.3,1.3,晴,15.0,9.0,大井,ゴールデンステッキ賞(B3),1:16.2,3.4,晴,10.0,9.0,3京都9,3歳以上1勝クラス,1:25.3,1.9,曇,6.0,8.0,3京都5,3歳以上1勝クラス,1:12.5,1.1,晴,11.0,4.0,3中京3,3歳以上1勝クラス,1:26.4,1.9,晴,133.9,12.0,,nar,2026-09-01,28.16,20.0,30.9,0.0,41.0,41.8,43.8,履歴少
202630090111,2026-09-01,11,サンマルブーケ,7.0,7.0,若杉朝飛,55.0,,10.0,7.0,門別,グランシャリオドリー(B4),1:03.5,2.1,曇,11.0,5.0,高知,C3ー3,1:35.1,3.7,晴,15.0,13.0,2新潟8,3歳以上1勝クラス,1:15.1,4.0,晴,11.0,16.0,3中山2,4歳以上1勝クラス,1:13.1,0.8,晴,13.0,14.0,4中京4,3歳以上1勝クラス,1:14.2,1.7,晴,49.0,8.0,,nar,2026-09-01,32.85,16.8,36.2,0.0,65.0,48.4,48.8,履歴少 / 近走上向き
202644090111,2026-09-01,11,ショウナンカチドキ,9.0,5.0,本田正重,56.0,,1.0,2.0,大井,タイタン賞(C1四),1:12.6,-0.3,曇,1.0,3.0,大井,C1六　七,1:12.9,-0.6,雨,11.0,4.0,大井,C1六　七,1:16.0,2.2,晴,9.0,1.0,大井,C1五　六,1:15.2,1.1,晴,5.0,1.0,1中山2,3歳未勝利,1:13.0,0.5,曇,2.1,1.0,,nar,2026-09-01,57.35,71.6,34.9,65.7,83.0,42.8,51.2,大井実績 / 履歴少 / 近走上向き / 安定感
202644090111,2026-09-01,11,スノーキャンドル,11.0,6.0,御神本訓,54.0,,7.0,3.0,大井,六角坂賞競走(B3),1:13.5,1.1,晴,2.0,2.0,大井,紀伊国坂賞競走(B3),1:13.3,0.1,晴,1.0,1.0,大井,江戸見坂賞競走(B3),1:14.0,0.0,晴,1.0,1.0,大井,雪華特別競走(C1),1:13.9,0.0,雨,4.0,1.0,大井,フィフス・アベニュー(C1四),1:27.8,1.3,晴,3.5,2.0,,nar,2026-09-01,55.58,80.9,39.3,69.6,20.0,50.8,56.2,大井実績 / 履歴少 / 安定感
202635090111,2026-09-01,11,タマモハヤブサ,1.0,1.0,塚本涼人,56.0,,3.0,4.0,盛岡,C1四組,1:26.8,0.3,曇,5.0,2.0,盛岡,C1三組,1:26.9,0.8,晴,3.0,9.0,盛岡,C1四組,1:27.1,0.2,曇,1.0,2.0,盛岡,C2四組,1:28.0,-0.2,曇,4.0,6.0,盛岡,C2四組,1:13.6,1.1,晴,9.3,3.0,,nar,2026-09-01,69.76,81.5,57.7,100.0,51.5,64.0,59.5,盛岡実績 / 履歴少 / 安定感
202648090111,2026-09-01,11,テリオスルナ,12.0,8.0,大原浩司,55.0,,6.0,12.0,名古屋,はくちょう座特別(B),1:50.9,1.8,晴,11.0,12.0,名古屋,夏の大三角特別(B),1:38.0,1.9,小雨,7.0,8.0,金沢,ゆいおうえんそうしん(B1),1:33.8,1.6,雨,8.0,6.0,金沢,B14,1:42.6,1.4,曇,1.0,8.0,金沢,B22,1:40.1,0.0,晴,250.9,12.0,,nar,2026-09-01,51.32,50.2,68.9,10.3,54.5,61.1,43.8,前走人気以上 / 履歴少 / 人気以上に走る傾向
202648090111,2026-09-01,11,テーオーエメラルド,10.0,7.0,今井貴大,55.0,,5.0,8.0,名古屋,ゼウス疾風特別(B),0:56.0,0.7,晴,8.0,6.0,名古屋,ラス・アルハゲ特別(B),1:37.6,1.0,曇,5.0,9.0,名古屋,星合特別(B),1:36.4,1.1,小雨,5.0,5.0,名古屋,B4組,1:36.4,0.9,晴,2.0,7.0,名古屋,B6組,1:35.6,0.6,雨,18.7,6.0,,nar,2026-09-01,63.2,64.5,62.0,75.1,50.0,68.8,56.2,名古屋実績 / 前走人気以上 / 履歴少 / 安定感
202644090111,2026-09-01,11,ドナシェーン,8.0,5.0,藤田凌,53.0,,14.0,3.0,大井,サマートゥインクル賞(B2B3),1:15.6,2.6,雨,5.0,9.0,大井,東京スポーツ賞競走(B3),1:27.7,0.8,曇,12.0,11.0,大井,優駿スプリント競走(重賞),1:13.6,2.6,晴,,1.0,大井,マーガレット特別競走(3歳二),,,晴,3.0,2.0,大井,3歳一　二三(3歳二),1:12.5,0.1,晴,19.7,6.0,,nar,2026-09-01,32.47,32.8,28.3,35.3,6.0,45.9,51.2,大井実績 / 履歴少 / 市場オッズ妙味
202646090111,2026-09-01,11,ナインパワー,3.0,3.0,吉田晃浩,57.0,,5.0,4.0,金沢,ずまちゃんハッピーバ(B1特別),1:33.3,1.0,晴,1.0,7.0,金沢,B14,1:39.7,0.0,晴,9.0,9.0,金沢,B13,1:34.4,2.6,雨,5.0,7.0,金沢,B14,1:33.1,1.0,雨,5.0,7.0,金沢,B13,1:39.8,1.0,晴,11.0,4.0,,nar,2026-09-01,64.84,69.7,61.8,80.2,50.0,66.1,56.2,金沢実績 / 履歴少 / 安定感 / 過小評価傾向
202635090111,2026-09-01,11,ネイビス,2.0,2.0,岩本怜,56.0,,4.0,3.0,盛岡,C1四組,1:27.0,0.5,曇,1.0,2.0,盛岡,C2三組,1:26.9,-0.6,曇,3.0,3.0,盛岡,C2二組,1:26.7,1.3,曇,3.0,3.0,盛岡,C2四組,1:28.4,0.4,曇,3.0,3.0,水沢,C2四組,1:29.4,0.9,小雨,14.0,7.0,,nar,2026-09-01,67.3,85.6,49.6,100.0,41.0,61.2,59.5,盛岡実績 / 履歴少 / 安定感 / 市場オッズ妙味
202630090111,2026-09-01,11,ノアルパフェ,1.0,1.0,小野楓馬,56.0,,4.0,3.0,門別,グランシャリオドリー(B4),1:02.0,0.6,曇,2.0,2.0,門別,平取町長杯「平取すず(B4),1:01.9,1.2,晴,1.0,5.0,門別,グランシャリオドリー(B4),1:01.7,-0.1,晴,1.0,1.0,門別,レジェンド・折茂社長(C3),1:01.9,0.0,晴,2.0,4.0,門別,日高町水道協会特別(C3),1:02.2,0.3,曇,3.1,2.0,,nar,2026-09-01,68.61,89.9,54.9,100.0,35.0,58.1,59.5,門別実績 / 履歴少 / 安定感
202644090111,2026-09-01,11,バンボリーナ,1.0,1.0,吉井章,54.0,,9.0,9.0,大井,サマーバケーション賞(B3),1:28.7,2.7,曇,5.0,8.0,船橋,馬い!淡路イザナミ玉(B2B3),1:15.1,1.3,曇,5.0,9.0,浦和,メリークリスマス特別(B3),1:30.4,1.3,雨,5.0,11.0,船橋,ジャスミンスプリント(B3),1:14.9,1.3,晴,12.0,12.0,浦和,近いがうまい埼玉の牛(B2B3),1:31.9,2.5,晴,93.4,11.0,,nar,2026-09-01,55.79,52.5,66.9,59.3,36.5,62.0,48.8,履歴少 / 人気以上に走る傾向
202648090111,2026-09-01,11,パー,5.0,5.0,丸野勝虎,55.0,,2.0,5.0,名古屋,ゼウス疾風特別(B),0:55.4,0.1,晴,7.0,10.0,名古屋,ヴァルデナ特別(B),1:53.1,1.8,小雨,4.0,10.0,名古屋,ラス・アルハゲ特別(B),1:37.1,0.5,曇,11.0,7.0,名古屋,あすなろ杯(BC),1:54.2,5.8,雨,2.0,3.0,名古屋,シャウラ疾風特別(B),0:56.1,0.6,曇,62.0,11.0,,nar,2026-09-01,64.85,68.4,66.6,60.5,74.0,59.4,52.9,名古屋実績 / 前走人気以上 / 履歴少 / 人気以上に走る傾向
202635090111,2026-09-01,11,ビアンカ,11.0,8.0,佐々木志,54.0,,4.0,4.0,盛岡,C1三組,1:26.5,1.1,曇,3.0,5.0,盛岡,C1三組,1:26.6,0.5,晴,4.0,2.0,盛岡,C1,1:00.6,0.6,曇,4.0,6.0,盛岡,C1,1:14.1,1.3,晴,11.0,6.0,水沢,岩手県政150周年記(C1),1:43.9,2.1,雨,13.5,6.0,,nar,2026-09-01,64.08,72.2,49.1,89.7,59.0,59.1,59.5,盛岡実績 / 履歴少 / 安定感 / 市場オッズ妙味
202635090111,2026-09-01,11,ビッグサララルーフ,5.0,5.0,小林凌,54.0,,4.0,4.0,盛岡,C1,1:27.2,0.2,曇,4.0,9.0,盛岡,C1三組,1:26.7,0.6,晴,9.0,2.0,盛岡,ロス・トランキーロス(C1),1:28.0,2.7,曇,2.0,10.0,盛岡,C1四組,1:27.2,0.1,曇,9.0,7.0,水沢,ポタジェ特別(C1),1:29.0,2.1,曇,10.6,4.0,,nar,2026-09-01,62.08,66.3,55.8,69.9,62.0,62.6,55.3,盛岡実績 / 履歴少 / 安定感
202644090111,2026-09-01,11,フェスティヴルディ,7.0,4.0,西啓太,56.0,,9.0,7.0,大井,六角坂賞競走(B3),1:13.6,1.2,晴,3.0,7.0,大井,富士見坂賞競走(B3),1:12.8,0.4,晴,9.0,8.0,大井,リキラリアット賞競走(B3),1:14.8,2.6,晴,12.0,9.0,大井,紀伊国坂賞競走(B3),1:14.7,1.5,晴,8.0,2.0,大井,江戸見坂賞競走(B3),1:14.7,0.7,晴,8.7,3.0,,nar,2026-09-01,42.98,45.3,43.9,24.9,44.0,48.9,46.3,履歴少
202648090111,2026-09-01,11,ベストフラワー,4.0,4.0,加藤聡一,55.0,,7.0,4.0,名古屋,ゼウス疾風特別(B),0:56.1,0.8,晴,1.0,3.0,名古屋,シェルビオン疾風戦(B),0:56.4,-0.4,晴,2.0,4.0,名古屋,B6組,1:36.2,0.1,晴,8.0,10.0,名古屋,アンタレス特別(B),1:37.3,1.5,曇,11.0,7.0,名古屋,アルフェッカ特別(B),1:53.2,3.2,雨,16.5,5.0,,nar,2026-09-01,54.55,67.4,49.0,44.7,41.0,61.3,50.5,市場オッズ妙味
202648090111,2026-09-01,11,ベレーザフィン,1.0,1.0,丹羽克輝,55.0,,4.0,7.0,名古屋,ゼウス疾風特別(B),0:55.8,0.5,晴,4.0,8.0,名古屋,B4組,1:36.9,0.2,晴,6.0,9.0,名古屋,サビク賞(B),1:30.7,1.3,晴,4.0,4.0,名古屋,B5組,1:51.9,0.7,曇,7.0,6.0,名古屋,B5組,1:51.5,2.1,晴,49.4,10.0,,nar,2026-09-01,65.01,70.4,66.8,69.9,57.5,62.1,52.9,名古屋実績 / 前走人気以上 / 履歴少 / 人気以上に走る傾向
202630090111,2026-09-01,11,マイネルジーニアス,9.0,8.0,宮内勇樹,57.0,,5.0,5.0,門別,日高コズミック祭り特(B4),1:16.0,1.3,曇,5.0,5.0,門別,JAびらとりニシパの(B4),1:02.9,1.4,晴,5.0,6.0,門別,グランシャリオドリー(B4),1:02.6,0.9,晴,7.0,5.0,門別,比布駅改築10周年記(B4),1:02.7,0.8,曇,3.0,3.0,門別,ニリンソウ特別(C1),1:01.9,0.6,曇,5.3,3.0,,nar,2026-09-01,60.46,67.3,49.3,85.4,50.0,56.4,56.2,門別実績 / 履歴少 / 安定感
202635090111,2026-09-01,11,マサノビジョン,9.0,7.0,村上忍,56.0,,2.0,8.0,盛岡,C1四組,1:26.8,0.3,曇,5.0,8.0,盛岡,C2一組,1:27.6,1.5,晴,7.0,6.0,盛岡,C2一組,1:27.9,1.7,曇,1.0,7.0,盛岡,C2二組,1:27.4,-0.1,曇,10.0,7.0,盛岡,C1五組,1:29.5,2.8,曇,21.8,10.0,,nar,2026-09-01,68.54,72.7,70.6,69.9,72.5,63.4,52.9,盛岡実績 / 前走人気以上 / 履歴少 / 人気以上に走る傾向
202644090111,2026-09-01,11,モンゲーキララ,3.0,2.0,新原周馬,54.0,,12.0,14.0,大井,サマーバケーション賞(B3),1:29.4,3.4,曇,15.0,14.0,大井,東風賞競走(B2),1:16.2,4.2,雨,14.0,15.0,大井,わかば賞競走(B2),1:29.0,2.3,晴,12.0,12.0,大井,プリムラ賞競走(B2),1:14.9,1.6,晴,12.0,13.0,大井,ダイヤモンドダスト賞(B2),1:45.4,4.6,晴,464.5,14.0,,nar,2026-09-01,33.65,6.6,54.6,0.0,57.5,52.9,43.8,履歴少
202644090111,2026-09-01,11,モントーク,15.0,8.0,中山遥人,53.0,,4.0,10.0,大井,サマートゥインクル賞(B2B3),1:13.7,0.7,雨,5.0,5.0,大井,六角坂賞競走(B3),1:13.4,1.0,晴,11.0,8.0,大井,潮見坂賞競走(B3),1:29.1,1.9,曇,10.0,3.0,大井,紀伊国坂賞競走(B3),1:14.3,1.1,晴,2.0,3.0,大井,伝兵衛坂賞競走(B3),1:12.9,0.8,曇,20.7,7.0,,nar,2026-09-01,57.59,57.6,52.2,65.7,68.0,54.3,52.9,大井実績 / 前走人気以上 / 履歴少 / 近走上向き
202635090111,2026-09-01,11,ヤマニンバルトロ,4.0,4.0,山本聡紀,56.0,,9.0,10.0,盛岡,C1三組,1:28.7,3.3,曇,11.0,9.0,盛岡,B2,1:28.2,1.7,晴,6.0,12.0,盛岡,夢・希望未来へ前進(B2),1:41.6,1.9,晴,,,水沢,八重山吹賞(B2),,,曇,8.0,10.0,水沢,B2二組,1:44.4,1.1,晴,59.0,11.0,,nar,2026-09-01,43.0,37.9,59.8,0.0,46.0,56.6,46.0,クラス条件好転 / 履歴少
202644090111,2026-09-01,11,ユイノコミチ,13.0,7.0,岡村健司,56.0,,13.0,14.0,大井,トゥインクルバースデ(B3),1:46.6,4.8,曇,10.0,8.0,大井,ベガ賞競走(B2B3),1:48.1,3.3,晴,13.0,10.0,大井,潮見坂賞競走(B3),1:30.2,3.0,曇,3.0,6.0,盛岡,夢・希望未来へ前進(B1),1:39.8,2.0,晴,5.0,6.0,盛岡,いわてくじ山形村短角(B1),1:38.2,0.5,小雨,221.4,13.0,,nar,2026-09-01,36.22,28.3,48.3,24.9,18.5,50.9,43.8,履歴少
202630090111,2026-09-01,11,ラピルスイメル,10.0,8.0,阿部龍,55.0,,6.0,8.0,門別,グランシャリオドリー(B4),1:02.8,1.4,曇,12.0,7.0,川崎,颯爽賞(C1),0:57.2,2.3,晴,11.0,7.0,川崎,青玉賞(C1),0:56.7,2.4,晴,,,川崎,光速賞(C1),,,晴,11.0,5.0,川崎,西洋躑躅賞(C1),1:34.7,2.8,曇,17.9,6.0,,nar,2026-09-01,37.59,31.9,33.2,0.0,82.0,42.7,48.8,履歴少 / 近走上向き / 市場オッズ妙味
202648090111,2026-09-01,11,ランニングホット,7.0,6.0,大畑雅章,55.0,,8.0,8.0,名古屋,デネブ特別(B),1:37.1,1.5,晴,2.0,12.0,名古屋,シェルビオン疾風戦(B),0:56.8,0.4,晴,5.0,6.0,名古屋,サビク賞(B),1:30.5,1.1,晴,9.0,3.0,川崎,C1一　二,1:33.4,2.6,曇,2.0,2.0,川崎,花菱草賞(C1),1:31.9,0.2,晴,43.8,9.0,,nar,2026-09-01,56.92,64.5,62.7,55.0,29.0,59.5,54.0,名古屋実績 / 履歴少 / 市場オッズ妙味
202644090111,2026-09-01,11,リッキーフェイス,6.0,4.0,西優哉,51.0,,2.0,8.0,大井,団子坂賞競走(B3),1:13.3,0.4,曇,4.0,13.0,大井,紀伊国坂賞競走(B3),1:13.8,0.6,晴,6.0,7.0,大井,伝兵衛坂賞競走(B3),1:14.0,1.9,曇,6.0,11.0,大井,臼田坂賞競走(B3),1:14.2,1.0,晴,13.0,8.0,大井,江戸見坂賞競走(B3),1:15.5,1.5,晴,10.3,4.0,,nar,2026-09-01,69.76,67.9,81.3,55.3,81.5,70.3,49.6,前走人気以上 / 履歴少 / 人気以上に走る傾向 / 近走上向き
202644090111,2026-09-01,11,リック,5.0,3.0,張田昂,53.0,,4.0,2.0,大井,シューティングスター(B2B3),1:00.0,1.0,晴,9.0,5.0,大井,3歳一　二三(3歳二),1:14.6,2.2,晴,7.0,5.0,浦和,ユングフラウ賞(重賞),1:29.9,2.4,雨,3.0,2.0,大井,六花賞(2歳),1:30.1,0.4,晴,1.0,3.0,大井,しながわ水族館賞(2歳三),1:14.6,0.0,晴,16.3,5.0,,nar,2026-09-01,53.84,64.9,36.4,55.3,56.0,57.3,55.3,大井実績 / 履歴少 / 市場オッズ妙味
202648090111,2026-09-01,11,ルミナスピラー,8.0,6.0,近藤颯羽,52.0,,5.0,8.0,名古屋,はくちょう座特別(B),1:50.7,1.6,晴,1.0,3.0,名古屋,B5組,1:37.5,-0.1,晴,1.0,5.0,名古屋,B7組,1:36.7,0.0,晴,7.0,3.0,名古屋,カササギ賞(B),1:29.9,1.5,曇,2.0,5.0,名古屋,B9組,1:50.8,0.1,晴,9.7,3.0,,nar,2026-09-01,67.48,82.4,63.5,85.4,36.5,64.9,54.5,名古屋実績 / 前走人気以上 / 安定感
202646090111,2026-09-01,11,レギウス,7.0,7.0,松戸政也,57.0,,6.0,5.0,金沢,高橋家&西村家★結婚(B1特別),1:40.0,1.2,曇,4.0,10.0,金沢,海の日!夏バテ防止に(B1),1:33.2,1.0,晴,9.0,6.0,金沢,柴山潟特別(B1),1:40.7,2.5,曇,5.0,9.0,金沢,白山白川郷ホワイトロ(B1),1:40.0,1.1,曇,7.0,6.0,金沢,国造ゆず特別(B1),1:40.3,1.8,曇,16.6,5.0,,nar,2026-09-01,55.09,59.6,57.6,39.5,51.5,62.2,49.6,履歴少 / 市場オッズ妙味
202644090111,2026-09-01,11,レディメローラ,2.0,2.0,杉山海波,51.0,,14.0,13.0,大井,サマーバケーション賞(B3),1:30.8,4.8,曇,12.0,12.0,大井,淡路坂賞競走(B3),1:47.4,6.4,曇,11.0,13.0,大井,リキラリアット賞競走(B3),1:15.0,2.8,晴,14.0,15.0,大井,錦華坂賞競走(B3),1:29.5,2.4,曇,14.0,7.0,大井,臼田坂賞競走(B3),1:15.8,2.6,晴,672.8,15.0,,nar,2026-09-01,29.28,6.9,46.6,0.0,42.5,47.7,43.8,履歴少
202635090111,2026-09-01,11,ロストボール,7.0,6.0,関本玲花,54.0,,3.0,1.0,盛岡,C1三組,1:25.6,0.2,曇,1.0,1.0,盛岡,C2二組,1:25.9,-0.4,曇,1.0,1.0,盛岡,C2六組,1:14.2,-0.3,曇,1.0,1.0,水沢,C2九組,1:23.1,-0.2,晴,15.0,15.0,2東京7,4歳以上1勝クラス,1:40.7,2.8,晴,1.9,1.0,,nar,2026-09-01,65.71,84.8,45.7,89.7,59.0,51.4,59.5,盛岡実績 / 履歴少 / 安定感
202648090111,2026-09-01,11,ワンハート,9.0,7.0,細川智史,55.0,,1.0,10.0,名古屋,ゼウス疾風特別(B),0:55.3,-0.1,晴,4.0,6.0,名古屋,シェルビオン疾風戦(B),0:56.9,0.5,晴,10.0,9.0,名古屋,B5組,1:37.8,1.5,晴,3.0,3.0,名古屋,天の川疾風戦(B),0:56.1,1.5,小雨,7.0,5.0,名古屋,シャウラ疾風特別(B),0:56.7,1.2,曇,22.1,7.0,,nar,2026-09-01,68.9,72.5,69.8,69.9,80.0,61.5,52.5,名古屋実績 / 前走人気以上 / 人気以上に走る傾向 / 近走上向き
202635090111,2026-09-01,11,ヴィヴァムーン,10.0,8.0,山本政聡,56.0,,7.0,6.0,盛岡,C1三組,1:27.2,1.8,曇,10.0,4.0,盛岡,C1二組,1:40.4,1.6,曇,7.0,7.0,盛岡,スマホで投票!楽天競(C1),1:41.2,1.6,曇,3.0,2.0,盛岡,イグナイター特別(C1),1:27.1,0.2,曇,6.0,7.0,水沢,岩手県政150周年記(C1),1:42.9,1.1,雨,12.2,5.0,,nar,2026-09-01,42.91,51.5,37.1,14.6,47.0,53.4,47.1,履歴少 / 市場オッズ妙味
202648090112,2026-09-01,12,アイファーローレル,5.0,5.0,大畑慧悟,55.0,,9.0,12.0,名古屋,ひろっちゃん85歳お(3歳),1:35.0,5.4,晴,11.0,10.0,名古屋,3歳6組,1:44.9,4.8,晴,10.0,7.0,高知,室戸盃(3歳),1:36.3,5.8,晴,13.0,15.0,4東京3,2歳未勝利,1:23.0,2.9,雨,8.0,11.0,4中山5,2歳新馬,1:15.0,2.9,曇,86.5,12.0,,nar,2026-09-01,39.52,26.6,54.7,0.0,59.0,53.5,43.8,前走人気以上 / 履歴少
202630090112,2026-09-01,12,アドルナティック,11.0,8.0,宮内勇樹,57.0,,6.0,8.0,門別,グランシャリオドリー(B1),1:52.0,1.2,晴,4.0,5.0,門別,ロードカナロア・プレ(B1),1:43.8,0.9,晴,4.0,5.0,門別,ステラヴェローチェ賞(A4),1:51.3,0.7,曇,3.0,4.0,門別,アナベル特別(B2),1:50.7,0.2,曇,3.0,6.0,門別,クレマチス特別(B2),1:44.7,0.2,曇,16.5,6.0,,nar,2026-09-01,62.58,73.1,60.6,69.6,35.0,67.1,56.2,門別実績 / 履歴少 / 安定感 / 過小評価傾向
202648090112,2026-09-01,12,アルファリラエ,9.0,7.0,大原浩司,55.0,,10.0,8.0,名古屋,3歳15組,1:39.4,3.0,晴,14.0,14.0,2福島3,3歳未勝利,1:10.1,1.8,曇,14.0,13.0,1福島5,3歳未勝利,2:01.9,1.3,晴,7.0,9.0,5東京8,2歳新馬,1:49.0,2.0,晴,,,,,,,,11.6,6.0,,nar,2026-09-01,35.53,18.0,46.0,0.0,60.0,51.9,50.0,総合評価
202648090112,2026-09-01,12,アンパシオンス,3.0,3.0,丹羽克輝,55.0,,12.0,11.0,名古屋,3歳15組,1:43.1,6.7,晴,14.0,12.0,2福島2,3歳未勝利,1:14.1,5.7,晴,16.0,13.0,3中山3,3歳未勝利,1:22.6,10.5,雨,,,,,,,,,,,,,,,57.8,11.0,,nar,2026-09-01,29.49,4.9,37.0,0.0,68.0,44.4,48.8,履歴少 / 近走上向き
202644090112,2026-09-01,12,アンモニャイト,11.0,8.0,野畑凌,54.0,,5.0,8.0,大井,C1七　八,1:15.0,0.7,曇,5.0,10.0,大井,テネシー・クーラー賞(C1C2),1:00.7,0.6,曇,8.0,7.0,大井,C1六　七,1:43.6,2.0,晴,6.0,9.0,大井,クォーター・デック賞(C1),1:44.1,2.4,晴,8.0,9.0,大井,C1五　六七(C1六),1:43.4,0.9,晴,22.8,7.0,,nar,2026-09-01,60.63,59.6,67.5,55.3,60.5,63.4,49.6,前走人気以上 / 履歴少 / 人気以上に走る傾向 / 市場オッズ妙味
202635090112,2026-09-01,12,アーマルコライト,5.0,5.0,高松亮,56.0,,3.0,9.0,園田,晩夏特別A2B1,2:05.9,0.5,晴,7.0,6.0,園田,A1A2,1:53.8,1.8,晴,8.0,12.0,園田,大阪発刊45周年記念(A1A2),1:53.0,1.6,晴,8.0,8.0,園田,ハナショウブ賞A1A(A1A2),1:32.7,2.7,曇,8.0,5.0,園田,青葉特別A1,2:08.0,4.4,晴,35.0,7.0,,nar,2026-09-01,58.01,58.2,64.4,30.4,78.5,58.6,50.0,前走人気以上 / 近走上向き / 市場オッズ妙味
202644090112,2026-09-01,12,インサイダー,2.0,2.0,高野誠毅,56.0,,7.0,6.0,大井,ポート・フリップ賞(C1六),1:15.1,2.3,晴,8.0,14.0,大井,C1六　七八(C1七),1:14.8,0.6,曇,11.0,8.0,大井,C1六　七,1:45.9,2.7,曇,12.0,12.0,大井,C1五　六,1:15.3,0.8,曇,8.0,15.0,大井,C1六　七,1:15.0,1.2,晴,100.9,11.0,,nar,2026-09-01,44.89,37.0,59.3,0.0,66.5,56.8,43.8,履歴少 / 近走上向き
202646090112,2026-09-01,12,インペリアルモート,2.0,2.0,青柳正義,57.0,,1.0,6.0,金沢,お家でネット投票!楽(A2),1:31.6,-0.1,曇,6.0,9.0,金沢,金沢競馬は楽天競馬で(A2),1:54.6,1.2,晴,8.0,4.0,金沢,お家でネット投票!楽(A2),1:33.2,1.7,雨,2.0,3.0,金沢,お家でネット投票!楽(A2),1:32.8,0.0,雨,6.0,5.0,金沢,お家でネット投票!楽(A2),1:32.4,1.3,雨,6.8,3.0,,nar,2026-09-01,63.28,73.7,60.6,45.0,77.0,60.8,49.6,前走人気以上 / 履歴少 / 近走上向き
202644090112,2026-09-01,12,インペリオ,9.0,7.0,安藤洋一,56.0,,6.0,5.0,大井,C1七　八,1:15.1,0.8,曇,5.0,6.0,大井,ジン・フィズ賞(C2四),1:14.4,0.6,晴,1.0,3.0,大井,C2三　四五(C2四),1:14.1,-0.1,曇,1.0,7.0,大井,C2六　七八(C2七),1:14.4,-0.2,曇,6.0,2.0,大井,ポートサイド賞(C2七),1:15.3,1.0,晴,13.8,5.0,,nar,2026-09-01,59.9,75.7,55.6,59.3,33.5,63.8,52.9,大井実績 / 履歴少 / 市場オッズ妙味
202646090112,2026-09-01,12,ウイングランブルー,3.0,3.0,鈴木太一,57.0,,7.0,5.0,園田,B1B2,2:13.6,7.0,曇,8.0,4.0,園田,パンジー賞B2,1:35.3,4.3,晴,,,園田,DASH福山駅前13(B1B2),,,雨,9.0,10.0,1新潟7,障害4歳以上OP,3:41.1,5.6,晴,8.0,7.0,3中山5,障害4歳以上OP,3:40.9,1.7,晴,5.9,2.0,,nar,2026-09-01,40.12,45.6,36.4,0.0,58.0,48.5,48.8,履歴少
202630090112,2026-09-01,12,エイイチ,1.0,1.0,服部茂史,57.0,,4.0,1.0,門別,オオウバユリ特別(B3),1:58.3,0.6,晴,,,門別,グランシャリオドリー(B1),,,晴,2.0,2.0,門別,ステラヴェローチェ賞(A4),1:50.6,0.0,曇,1.0,1.0,門別,グランシャリオドリー(B4),1:50.7,-0.2,晴,2.0,2.0,門別,キタコブシ特別(B4),1:51.0,0.8,曇,4.4,3.0,,nar,2026-09-01,61.16,87.1,41.5,75.1,36.0,53.9,59.5,門別実績 / 履歴少 / 安定感
202646090112,2026-09-01,12,ガルムキャット,4.0,4.0,中島龍也,57.0,,3.0,5.0,金沢,金沢競馬は楽天競馬で(A2),1:53.4,0.1,晴,4.0,6.0,金沢,金沢競馬は楽天競馬で(A2),1:53.7,0.3,晴,6.0,10.0,金沢,金沢競馬は楽天競馬で(A2),1:54.9,1.3,晴,5.0,6.0,金沢,金沢競馬は楽天競馬で(A2),1:54.1,0.6,曇,4.0,6.0,金沢,金沢競馬は楽天競馬で(A2),1:54.8,0.6,曇,7.0,5.0,,nar,2026-09-01,68.19,74.1,65.7,80.2,60.5,65.4,56.2,金沢実績 / 履歴少 / 人気以上に走る傾向 / 安定感
202635090112,2026-09-01,12,キタノリューオー,10.0,8.0,山本政聡,56.0,,2.0,1.0,盛岡,大暑特別(A),1:38.4,0.5,晴,6.0,8.0,水沢,一條記念みちのく大賞(重賞),2:06.2,2.0,雨,7.0,5.0,盛岡,あすなろ賞(重賞),1:53.3,1.7,雨,2.0,1.0,盛岡,皐月特別(A),1:38.5,0.6,曇,10.0,8.0,大井,品川オープン競走(OP)(4上),1:56.1,1.9,曇,3.3,2.0,,nar,2026-09-01,58.04,69.5,46.1,45.0,75.5,52.5,57.0,盛岡実績 / クラス条件好転 / 履歴少 / 近走上向き
202635090112,2026-09-01,12,キャッスルトップ,9.0,8.0,南郷家全,56.0,,5.0,7.0,高知,アカメ特別(A),1:48.3,1.6,晴,7.0,8.0,高知,Aー3,1:29.4,1.6,曇,6.0,7.0,高知,AB混合,1:29.4,1.8,雨,7.0,9.0,高知,ショウガ特別(A),1:45.0,1.5,曇,8.0,8.0,高知,Aー3,1:32.2,2.8,晴,62.6,9.0,,nar,2026-09-01,54.27,57.6,59.4,30.4,62.0,56.5,48.8,履歴少
202648090112,2026-09-01,12,クインズサクラ,1.0,1.0,加藤利征,55.0,,9.0,11.0,名古屋,盆明け疾風戦(3歳),0:59.8,2.7,晴,,,名古屋,3歳14組,,,雨,11.0,10.0,名古屋,3歳12組,1:44.4,5.8,曇,18.0,18.0,2東京12,3歳未勝利,1:37.9,4.1,晴,16.0,15.0,1東京7,3歳新馬,1:44.1,5.0,晴,19.0,9.0,,nar,2026-09-01,40.45,19.8,52.9,0.0,86.0,53.7,43.8,履歴少 / 近走上向き / 市場オッズ妙味
202644090112,2026-09-01,12,クチャモザクワジャ,12.0,8.0,笹川翼,56.0,,7.0,2.0,大井,C1七　八,1:15.1,0.8,曇,1.0,2.0,大井,ジン・フィズ賞(C2四),1:13.8,-0.1,晴,4.0,3.0,大井,C1八　九,1:14.1,1.0,晴,2.0,3.0,大井,C2三　四五(C2四),1:13.4,0.1,晴,3.0,3.0,大井,ヘルメス賞(C2四),1:14.5,0.9,曇,4.8,2.0,,nar,2026-09-01,55.88,77.8,40.7,69.6,23.0,54.1,56.2,大井実績 / 履歴少 / 安定感
202644090112,2026-09-01,12,グラスコメット,10.0,7.0,張田昂,54.0,,10.0,13.0,大井,C1五　六,1:15.6,1.9,曇,6.0,11.0,大井,ハーレーダビッドソン(C1),1:13.9,1.9,晴,12.0,15.0,大井,タイタン賞(C1四),1:14.9,2.3,曇,10.0,14.0,大井,印西市コスモス賞(C1四),1:14.7,2.2,曇,9.0,11.0,大井,C1二　三四(C1三),1:15.1,1.2,雨,49.3,10.0,,nar,2026-09-01,45.99,33.6,74.8,0.0,45.5,62.7,43.8,前走人気以上 / 履歴少 / 人気以上に走る傾向
202630090112,2026-09-01,12,ケイアイブイスリー,2.0,2.0,小野楓馬,57.0,,9.0,4.0,門別,モーリス・プレミアム(B1),1:59.1,2.1,曇,1.0,2.0,門別,YJSトライアルラウ(B4),1:51.0,-0.5,晴,1.0,2.0,門別,フウリンソウ特別(B4),1:45.3,-0.4,曇,8.0,3.0,門別,キングサリ特別(B4),1:16.4,2.7,晴,2.0,3.0,門別,アガパンサス特別(C1),1:14.4,0.3,晴,17.0,7.0,,nar,2026-09-01,50.8,71.6,38.1,55.0,14.0,57.5,52.9,門別実績 / 履歴少 / 市場オッズ妙味
202630090112,2026-09-01,12,ゲームアップロード,3.0,3.0,桑村真明,58.0,,4.0,2.0,門別,モーリス・プレミアム(B1),1:57.6,0.6,曇,1.0,2.0,門別,グランシャリオドリー(B1),1:50.8,-0.2,晴,6.0,3.0,門別,ロードカナロア・プレ(B1),1:44.6,1.7,晴,1.0,1.0,門別,ハマナス特別(B4),1:58.6,-0.3,雨,4.0,4.0,門別,アスチルベ特別(B4),1:45.5,0.2,曇,7.7,4.0,,nar,2026-09-01,61.83,82.3,43.3,80.2,44.0,56.1,56.2,門別実績 / 履歴少 / 安定感
202648090112,2026-09-01,12,コスモゼーリエ,11.0,8.0,渡辺竜也,55.0,,8.0,11.0,名古屋,3歳12組,1:39.0,3.5,晴,11.0,8.0,浦和,ツインベスト特別(3歳),1:33.4,4.5,曇,15.0,14.0,1新潟4,3歳未勝利,1:54.6,5.5,晴,,,,,,,,,,,,,,,6.7,3.0,,nar,2026-09-01,40.7,24.5,49.7,0.0,80.0,51.0,51.8,クラス条件好転 / 前走人気以上 / 近走上向き
202630090112,2026-09-01,12,サイモンソーラン,9.0,7.0,金山昇馬,57.0,,8.0,10.0,門別,サルビア特別(B3),1:16.7,3.3,晴,9.0,10.0,門別,NORTHERNBR(B3),1:15.8,2.6,曇,,,門別,ルピナス特別(B3),,,曇,10.0,10.0,門別,ステラヴェローチェ賞(A4),1:55.2,4.6,曇,6.0,5.0,門別,クレマチス特別(B2),1:46.7,2.2,曇,285.8,11.0,,nar,2026-09-01,42.94,40.7,56.6,0.0,52.0,52.5,43.8,履歴少
202644090112,2026-09-01,12,サイレントブラック,8.0,6.0,瀬川将輝,56.0,,10.0,11.0,大井,チチ賞(C1),1:46.2,3.0,曇,11.0,10.0,大井,ミントジュレップ賞(C1),1:44.5,3.8,晴,15.0,12.0,大井,タイタン賞(C1四),1:17.1,4.5,曇,12.0,8.0,大井,印西市コスモス賞(C1四),1:15.2,2.7,曇,12.0,8.0,大井,C1二　三四(C1三),1:31.6,3.9,雨,246.4,12.0,,nar,2026-09-01,32.34,16.5,39.3,0.0,65.0,43.8,43.8,履歴少 / 近走上向き
202648090112,2026-09-01,12,サファイアプレミア,2.0,2.0,丸山真一,55.0,,7.0,9.0,名古屋,ひろっちゃん85歳お(3歳),1:32.6,3.0,晴,9.0,14.0,2福島5,3歳未勝利,1:48.7,1.2,曇,14.0,16.0,1新潟6,3歳未勝利,2:04.6,2.7,晴,16.0,16.0,3中山5,3歳未勝利,2:04.1,2.6,晴,11.0,11.0,1東京3,3歳新馬,1:50.7,1.2,小雪,8.5,4.0,,nar,2026-09-01,46.41,26.8,65.7,0.0,83.0,58.2,50.0,前走人気以上 / 人気以上に走る傾向 / 近走上向き
202648090112,2026-09-01,12,シシリアンマインド,10.0,7.0,近藤颯羽,52.0,,5.0,2.0,名古屋,盆明け疾風戦(3歳),0:58.4,1.3,晴,8.0,4.0,浦和,3歳六,1:32.2,3.1,曇,8.0,4.0,船橋,3歳六,1:18.8,2.9,曇,8.0,4.0,船橋,3歳六,1:18.7,1.6,曇,5.0,2.0,船橋,3歳六,1:18.4,3.0,曇,8.9,5.0,,nar,2026-09-01,45.19,53.8,24.9,40.7,63.5,47.6,50.0,総合評価
202646090112,2026-09-01,12,シスターアクト,7.0,7.0,甲賀弘隆,55.0,,5.0,6.0,金沢,金沢競馬は楽天競馬で(A2),1:53.8,0.5,晴,6.0,10.0,金沢,ありがとう!葛山晃平(A1),1:53.3,2.1,曇,7.0,7.0,金沢,加賀友禅賞【読売レデ(重賞),1:38.9,2.0,曇,8.0,10.0,金沢,金沢競馬は楽天競馬で(A2),1:55.4,1.2,曇,7.0,7.0,金沢,来週は百万石祭楽しも(A1),1:33.4,1.5,晴,21.9,8.0,,nar,2026-09-01,54.84,57.7,61.1,30.4,62.0,59.3,46.3,履歴少 / 市場オッズ妙味
202644090112,2026-09-01,12,シュルーズベリー,7.0,6.0,藤本現暉,54.0,,11.0,10.0,大井,クレマチス特別競走(C1),1:15.1,1.7,晴,7.0,6.0,大井,ツアリーヌ賞(C1四),1:29.2,1.8,曇,4.0,5.0,大井,デネボラ特別競走(C1),1:28.8,1.1,晴,4.0,6.0,大井,八丈島フリージア賞(C1四),1:13.8,0.5,晴,3.0,8.0,大井,C1六　七八(C1七),1:14.5,0.5,晴,38.0,8.0,,nar,2026-09-01,48.23,53.8,53.2,44.7,11.0,60.2,52.9,大井実績 / 履歴少 / 市場オッズ妙味
202646090112,2026-09-01,12,シンシーネ,6.0,6.0,吉田晃浩,55.0,,2.0,3.0,金沢,金沢競馬は楽天競馬で(A2),1:53.3,0.0,晴,5.0,6.0,金沢,金沢競馬は楽天競馬で(A2),1:54.8,1.2,晴,2.0,2.0,金沢,柴山潟特別(B1),1:38.7,0.5,曇,2.0,1.0,金沢,白山白川郷ホワイトロ(B1),1:39.6,0.7,曇,1.0,1.0,金沢,B14,1:32.1,-0.3,雨,2.9,1.0,,nar,2026-09-01,69.03,86.8,52.9,100.0,53.0,55.2,59.5,金沢実績 / 履歴少 / 安定感
202646090112,2026-09-01,12,スナドケイ,8.0,8.0,加藤翔馬,55.0,,1.0,4.0,金沢,B12,1:38.6,0.0,晴,2.0,3.0,金沢,B12,1:32.6,0.6,晴,3.0,1.0,金沢,第21回生誕記念幸せ(B1),1:32.6,0.3,晴,7.0,4.0,金沢,B13,1:34.1,2.3,雨,2.0,2.0,金沢,B14,1:32.4,0.3,雨,7.1,6.0,,nar,2026-09-01,68.66,87.0,52.3,85.4,65.0,57.7,56.2,金沢実績 / 前走人気以上 / 履歴少 / 近走上向き
202644090112,2026-09-01,12,スマイルケイ,6.0,5.0,達城龍次,54.0,,3.0,10.0,大井,C1七　八,1:14.6,0.3,曇,7.0,8.0,大井,C1七　八,1:14.5,1.7,晴,11.0,12.0,大井,プランターズ・パンチ(C1),1:14.8,2.4,晴,11.0,5.0,大井,クォーター・デック賞(C1),1:45.8,4.1,晴,5.0,8.0,大井,クレマチス特別競走(C1),1:14.3,0.9,晴,18.5,6.0,,nar,2026-09-01,59.11,52.4,64.1,40.7,83.0,66.1,49.6,前走人気以上 / 履歴少 / 近走上向き / 過小評価傾向
202648090112,2026-09-01,12,セイスイカルメン,12.0,8.0,塚本征吾,55.0,,7.0,9.0,名古屋,3歳15組,1:38.7,2.3,晴,12.0,12.0,2福島5,3歳未勝利,1:48.6,2.9,曇,14.0,15.0,2東京9,3歳未勝利,1:42.1,3.8,曇,,,,,,,,,,,,,,,4.0,2.0,,nar,2026-09-01,43.8,25.0,57.5,0.0,86.0,54.8,50.0,近走上向き
202635090112,2026-09-01,12,タイセイストラーダ,2.0,2.0,山本聡紀,56.0,,5.0,1.0,盛岡,納涼特別(A),1:40.1,0.6,曇,1.0,1.0,盛岡,45周年Annive(B1),1:38.6,-0.2,小雨,1.0,2.0,盛岡,夢・希望未来へ前進(B1),1:38.6,0.0,曇,1.0,2.0,盛岡,夢・希望未来へ前進(B1),1:38.3,-0.1,晴,2.0,2.0,水沢,タガノビューティー特(B1),1:43.0,0.0,晴,7.3,5.0,,nar,2026-09-01,64.83,89.4,43.9,100.0,27.5,57.2,59.5,盛岡実績 / 履歴少 / 安定感
202630090112,2026-09-01,12,タイセイスライブ,5.0,5.0,岩橋勇二,57.0,,8.0,1.0,門別,モーリス・プレミアム(B1),1:58.6,1.6,曇,3.0,5.0,門別,王冠賞〔H2〕(重賞),1:56.4,0.5,曇,1.0,2.0,門別,フェルカド特別(C1),1:51.1,-0.6,曇,4.0,4.0,門別,北海優駿〔H1〕(重賞),2:10.6,2.0,晴,2.0,2.0,門別,クンシラン特別(B4),1:44.4,0.9,晴,3.1,1.0,,nar,2026-09-01,54.12,74.7,40.0,69.6,17.0,52.2,59.2,門別実績 / クラス条件好転 / 履歴少 / 安定感
202635090112,2026-09-01,12,ダブルラッキー,6.0,6.0,坂井瑛音,55.0,,6.0,5.0,盛岡,立秋特別(A),1:39.9,1.7,晴,5.0,5.0,水沢,駒形賞(重賞),1:45.0,1.2,晴,3.0,3.0,水沢,2025ファイナル特(A),1:41.2,0.2,曇,,,水沢,トウケイニセイ記念(重賞),,,曇,3.0,4.0,盛岡,初冬特別(A),1:39.5,0.7,小雨,41.4,8.0,,nar,2026-09-01,55.65,70.8,48.4,55.0,36.0,56.3,54.2,盛岡実績 / クラス条件好転 / 履歴少 / 市場オッズ妙味
202648090112,2026-09-01,12,デルマツルギ,4.0,4.0,加藤誓二,55.0,,10.0,12.0,名古屋,3歳12組,1:40.3,4.8,晴,13.0,11.0,2福島4,3歳未勝利,1:53.3,6.0,晴,15.0,16.0,3中山7,3歳未勝利,1:36.3,2.1,晴,15.0,14.0,3中山3,3歳未勝利,1:36.7,1.7,曇,,,,,,,,29.3,10.0,,nar,2026-09-01,36.62,10.6,51.3,0.0,76.0,51.7,50.0,近走上向き
202635090112,2026-09-01,12,ハクシンパーソナル,7.0,7.0,高橋悠里,56.0,,1.0,4.0,盛岡,朝顔特別(A),1:38.1,-0.4,晴,8.0,6.0,盛岡,文月特別(A),1:39.4,1.0,曇,1.0,10.0,盛岡,浜木綿賞(B1),1:38.0,0.0,晴,7.0,6.0,水沢,夢・希望未来へ前進(B1),1:43.7,0.9,晴,7.0,8.0,水沢,麦秋特別(A),1:40.7,0.6,雨,6.0,4.0,,nar,2026-09-01,66.17,74.1,65.0,50.2,78.5,64.1,54.0,盛岡実績 / 前走人気以上 / 履歴少 / 人気以上に走る傾向
202630090112,2026-09-01,12,バンカブルスター,7.0,6.0,亀井洋司,57.0,,7.0,6.0,門別,8月15日しかべ最大(B1),1:15.3,2.0,曇,6.0,9.0,門別,ステラヴェローチェ賞(A4),1:52.1,1.5,曇,7.0,7.0,門別,コントレイル・プレミ(B1),2:00.4,1.9,曇,5.0,1.0,門別,クレマチス特別(B2),1:45.8,1.3,曇,2.0,4.0,門別,キタサンブラック・プ(B2),1:51.3,0.0,雨,57.0,10.0,,nar,2026-09-01,49.22,60.5,50.5,24.9,38.0,52.6,52.6,クラス条件好転 / 履歴少
202648090112,2026-09-01,12,パーフェクトスノー,6.0,5.0,加藤聡一,55.0,,9.0,5.0,名古屋,3歳15組,1:38.9,2.5,晴,13.0,13.0,2福島5,3歳未勝利,1:48.9,1.4,曇,12.0,17.0,3中山6,3歳未勝利,2:15.9,1.8,晴,9.0,8.0,1中京1,3歳未勝利,1:59.3,4.3,晴,9.0,11.0,5東京7,2歳新馬,1:36.7,1.4,晴,3.5,1.0,,nar,2026-09-01,37.88,23.3,48.8,0.0,60.5,52.7,50.0,総合評価
202630090112,2026-09-01,12,フォレストゲート,10.0,8.0,阿部龍,58.0,,8.0,3.0,門別,千軍万馬OP(OP)(一般),2:59.9,6.9,晴,8.0,3.0,門別,ステラヴェローチェ賞(A4),1:52.6,2.0,曇,1.0,1.0,門別,コントレイル・プレミ(B1),1:58.5,-0.2,曇,2.0,2.0,門別,アナベル特別(B2),1:50.7,0.2,曇,16.0,15.0,1新潟5,4歳以上1勝クラス,1:23.7,1.8,晴,20.4,9.0,,nar,2026-09-01,44.29,57.5,29.9,34.3,42.5,47.6,51.2,門別実績 / 履歴少 / 市場オッズ妙味
202648090112,2026-09-01,12,フォーアライター,8.0,6.0,今井貴大,55.0,,6.0,6.0,名古屋,盆明け疾風戦(3歳),0:58.5,1.4,晴,,,名古屋,3歳14組,,,雨,11.0,10.0,名古屋,3歳14組,1:44.6,5.2,曇,9.0,10.0,名古屋,3歳11組,1:40.3,3.0,曇,15.0,17.0,2東京9,3歳未勝利,2:02.6,2.0,曇,16.7,8.0,,nar,2026-09-01,44.78,36.6,51.4,0.0,84.0,55.3,43.8,履歴少 / 近走上向き / 市場オッズ妙味
202644090112,2026-09-01,12,フルグライト,4.0,4.0,鷹見陸,56.0,,12.0,1.0,大井,C1七　八,1:16.2,1.9,曇,1.0,1.0,大井,黎明賞(C1),1:14.3,-0.7,晴,1.0,1.0,大井,C2五　六,1:14.2,-0.3,晴,2.0,2.0,大井,C2九　十11(C2十),1:13.9,0.1,晴,7.0,11.0,2札幌4,3歳未勝利,0:59.6,1.0,曇,7.4,3.0,,nar,2026-09-01,46.08,67.1,29.5,59.3,0.0,54.0,55.3,大井実績 / 履歴少
202648090112,2026-09-01,12,フローラルアーチ,7.0,6.0,細川智史,55.0,,6.0,8.0,名古屋,ひろっちゃん85歳お(3歳),1:32.1,2.5,晴,11.0,6.0,名古屋,3歳9組,1:40.3,3.0,曇,6.0,9.0,川崎,エイプリルフラワー賞(3歳),1:39.7,2.1,曇,16.0,13.0,2中山2,3歳未勝利,2:09.6,14.4,晴,9.0,6.0,川崎,ガーネットフラワー賞(3歳),1:34.3,2.0,晴,13.1,7.0,,nar,2026-09-01,42.01,38.8,44.4,0.0,77.0,49.0,43.8,履歴少 / 近走上向き / 市場オッズ妙味
202635090112,2026-09-01,12,プリンスミノル,4.0,4.0,村上忍,56.0,,3.0,2.0,盛岡,大暑特別(A),1:38.8,0.9,晴,10.0,10.0,盛岡,マーキュリーC(JpnIII),2:07.1,4.8,曇,5.0,7.0,水沢,一條記念みちのく大賞(重賞),2:05.6,1.4,雨,3.0,4.0,盛岡,青葉特別(A),1:38.0,0.6,晴,8.0,6.0,盛岡,シアンモア記念(重賞),1:38.6,1.6,晴,4.8,3.0,,nar,2026-09-01,59.27,62.7,50.2,64.7,71.0,56.7,54.2,盛岡実績 / クラス条件好転 / 履歴少 / 近走上向き
202644090112,2026-09-01,12,ベネチアフレイバー,5.0,5.0,西啓太,54.0,,9.0,4.0,大井,C1五　六,1:15.3,1.6,曇,5.0,4.0,大井,ハーレーダビッドソン(C1),1:13.7,1.7,晴,10.0,4.0,大井,大手門特別競走(C1三),1:14.8,1.4,晴,9.0,4.0,大井,筋違見附特別競走(C1四),1:15.3,1.1,晴,13.0,5.0,大井,伊皿子坂賞競走(B3),1:15.3,3.1,曇,13.3,4.0,,nar,2026-09-01,34.29,39.1,18.4,24.9,51.5,36.6,46.3,履歴少 / 市場オッズ妙味
202646090112,2026-09-01,12,ボルネオ,5.0,5.0,魚住謙心,57.0,,4.0,4.0,金沢,金沢競馬は楽天競馬で(A2),1:53.8,0.5,晴,5.0,5.0,金沢,金沢競馬は楽天競馬で(A2),1:53.9,0.5,晴,4.0,2.0,金沢,金沢競馬は楽天競馬で(A2),1:54.6,1.0,晴,6.0,6.0,佐賀,小岱山賞,2:00.0,1.9,曇,5.0,5.0,佐賀,水無月特別(B),1:59.7,0.5,雨,8.3,7.0,,nar,2026-09-01,62.17,70.8,47.2,85.4,56.0,57.7,59.5,金沢実績 / 履歴少 / 安定感
202635090112,2026-09-01,12,マイネルイヴィンス,8.0,7.0,鈴木祐,56.0,,7.0,9.0,金沢,B12,1:40.8,2.4,曇,10.0,9.0,金沢,B12,1:35.8,3.2,曇,7.0,9.0,金沢,B12,1:32.7,1.3,曇,6.0,9.0,金沢,獅子吼高原特別(B1),1:40.9,1.4,曇,7.0,9.0,金沢,皐月特別(B1),1:41.9,2.0,曇,979.1,10.0,,nar,2026-09-01,46.74,47.2,59.8,0.0,53.0,56.8,48.8,履歴少
202644090112,2026-09-01,12,マジックエレガンス,3.0,3.0,和田譲治,53.0,,1.0,1.0,大井,3歳一　二三(3歳二),1:13.0,-0.6,曇,,,大井,3歳一　二三(3歳二),,,曇,4.0,2.0,大井,夏椿特別競走(3歳),1:27.8,1.0,曇,2.0,1.0,大井,3歳六　七八(3歳七),1:28.8,0.2,曇,1.0,1.0,大井,3歳14　15,1:14.2,-0.8,曇,1.7,1.0,,nar,2026-09-01,65.78,92.1,45.0,75.1,58.0,49.8,62.5,大井実績 / クラス条件好転 / 履歴少 / 安定感
202644090112,2026-09-01,12,マドモアゼルレンヌ,1.0,1.0,佐野遥久,54.0,,9.0,6.0,大井,C1七　八,1:15.5,1.2,曇,6.0,11.0,大井,テネシー・クーラー賞(C1C2),1:00.7,0.6,曇,9.0,14.0,大井,プランターズ・パンチ(C1),1:14.8,2.4,晴,13.0,9.0,大井,C1六　七,1:15.9,2.4,晴,6.0,5.0,大井,ポート・フリップ賞(C1六),1:14.3,1.5,晴,47.8,9.0,,nar,2026-09-01,41.64,39.8,54.4,0.0,47.0,53.0,43.8,履歴少
202630090112,2026-09-01,12,ミソタロ,4.0,4.0,石川倭,57.0,,5.0,5.0,門別,モーリス・プレミアム(B1),1:58.2,1.2,曇,3.0,5.0,門別,グランシャリオドリー(B1),1:51.0,0.2,晴,2.0,6.0,門別,ロードカナロア・プレ(B1),1:43.1,0.2,晴,7.0,6.0,門別,ステラヴェローチェ賞(A4),1:52.5,1.9,曇,4.0,1.0,門別,アナベル特別(B2),1:51.2,0.7,曇,15.3,5.0,,nar,2026-09-01,64.42,75.2,55.8,85.4,44.0,62.9,56.2,門別実績 / 履歴少 / 安定感 / 市場オッズ妙味
202646090112,2026-09-01,12,ミンナデガンバル,1.0,1.0,栗原大河,57.0,,7.0,1.0,金沢,金沢競馬は楽天競馬で(A2),1:54.1,0.8,晴,7.0,3.0,金沢,金沢競馬は楽天競馬で(A2),1:54.6,1.2,晴,3.0,3.0,金沢,金沢競馬は楽天競馬で(A2),1:54.0,0.4,晴,3.0,2.0,金沢,金沢競馬は楽天競馬で(A2),1:54.0,0.5,曇,1.0,1.0,金沢,オッズパーク杯(B1),1:32.2,-0.2,曇,7.0,4.0,,nar,2026-09-01,47.33,68.0,29.2,44.7,29.0,51.1,52.9,金沢実績 / 履歴少
202635090112,2026-09-01,12,ラティサワー,3.0,3.0,岩本怜,56.0,,4.0,4.0,盛岡,大暑特別(A),1:38.8,0.9,晴,4.0,5.0,盛岡,文月特別(A),1:38.8,0.4,曇,10.0,7.0,盛岡,小暑特別(A),1:39.6,1.3,曇,6.0,2.0,船橋,桜月特別(B1B2),1:45.0,0.5,晴,10.0,4.0,川崎,しずおか早春特別(B1B2),1:37.8,1.5,晴,21.3,6.0,,nar,2026-09-01,53.33,59.2,39.2,55.3,71.0,48.5,54.0,盛岡実績 / 履歴少 / 近走上向き / 市場オッズ妙味
202630090112,2026-09-01,12,リコーテリア,6.0,6.0,望月洵輝,55.0,,5.0,3.0,大井,御組坂賞競走(B3),1:27.5,0.7,晴,4.0,1.0,大井,めぐみ坂賞競走(B3),1:27.7,0.4,曇,1.0,4.0,大井,C1三　四五(C1四),1:27.6,-0.3,晴,9.0,1.0,大井,カシオペア座特別競走(C1),1:57.5,1.9,曇,9.0,9.0,川崎,関東オークス【指定交(JpnII),2:20.8,3.5,晴,3.8,2.0,,nar,2026-09-01,55.2,68.3,36.5,75.1,54.5,49.2,48.8,履歴少 / 安定感
202635090112,2026-09-01,12,リトルサムシング,1.0,1.0,山本聡哉,56.0,,1.0,5.0,盛岡,大暑特別(A),1:37.9,-0.5,晴,6.0,6.0,盛岡,スプリント特別(OP),1:26.4,1.7,曇,,9.0,盛岡,岩鷲賞(重賞),,,晴,7.0,9.0,水沢,一條記念みちのく大賞(重賞),2:06.9,2.7,雨,,,水沢,早池峰賞(重賞),,,曇,3.2,1.0,,nar,2026-09-01,63.98,75.7,65.1,30.4,83.0,60.2,51.2,盛岡実績 / 前走人気以上 / 履歴少 / 人気以上に走る傾向
202630090112,2026-09-01,12,ワチュゴナドゥ,8.0,7.0,落合玄太,57.0,,3.0,7.0,門別,モーリス・プレミアム(B1),1:57.3,0.3,曇,5.0,7.0,門別,グランシャリオドリー(B1),1:51.8,1.0,晴,5.0,2.0,門別,ロードカナロア・プレ(B1),1:43.9,1.0,晴,3.0,4.0,門別,コントレイル・プレミ(B1),1:58.7,0.2,曇,2.0,4.0,門別,クレマチス特別(B2),1:44.6,0.1,曇,17.1,8.0,,nar,2026-09-01,70.22,77.7,60.3,100.0,54.5,67.9,59.5,門別実績 / 前走人気以上 / 履歴少 / 安定感
