race_id,日付,レース,馬名,馬番,枠,騎手,斤量,実着順,着順1,人気1,場1,レース名1,タイム1,着差1,馬場1,着順2,人気2,場2,レース名2,タイム2,着差2,馬場2,着順3,人気3,場3,レース名3,タイム3,着差3,馬場3,着順4,人気4,場4,レース名4,タイム4,着差4,馬場4,着順5,人気5,場5,レース名5,タイム5,着差5,馬場5,単勝オッズ,人気,オッズ更新日時,source,_date,AREru指数,因子_performance,因子_upset,因子_consistency,因子_trend,因子_value,因子_context,理由
202647082501,2026-08-25,1,アイベット,7.0,7.0,阿部基嗣,54.0,,7.0,8.0,笠松,アンダーグラフ来場記(C),1:34.6,2.6,晴,7.0,7.0,笠松,加織・文行結婚記念(C),1:37.7,2.4,晴,7.0,7.0,笠松,ここ!笠松!AZKi(C),1:35.9,3.4,曇,5.0,9.0,笠松,C10組,1:34.2,1.5,曇,8.0,9.0,笠松,C10組,1:36.4,4.0,晴,178.1,7.0,,nar,2026-08-25,49.46,53.5,56.9,14.6,48.5,56.5,46.3,履歴少 / タイム大幅改善
202646082501,2026-08-25,1,アイルシャンス,9.0,8.0,沖静男,55.0,,4.0,5.0,金沢,C15,1:34.5,0.3,曇,,,金沢,C14,,,雨,1.0,6.0,金沢,★Royz公大生誕記(C2),1:41.0,0.0,晴,3.0,3.0,金沢,川村友音誕生日おめで(C2),1:34.6,0.1,曇,6.0,6.0,金沢,スマホで投票!楽天競(C2),1:35.0,1.7,曇,4.2,2.0,,nar,2026-08-25,66.45,81.7,62.0,64.7,46.0,61.0,55.3,金沢実績 / 履歴少 / タイム大幅改善 / 前走接戦好走
202630082501,2026-08-25,1,イコロ,7.0,6.0,小野楓馬,55.0,,2.0,2.0,門別,2歳未勝利(未勝利),1:03.0,1.0,晴,2.0,7.0,門別,2歳未勝利(未勝利),1:03.2,0.4,曇,5.0,7.0,門別,2歳未勝利(未勝利),1:03.6,0.9,曇,8.0,4.0,門別,JRA認定競走フレッ(新馬)(2歳),1:11.0,1.7,曇,,,,,,,,4.6,2.0,,nar,2026-08-25,67.44,78.9,58.3,75.1,68.0,58.9,54.0,門別実績 / 前走人気以上 / 着差タイト / 近走上向き
202630082501,2026-08-25,1,イゼルトヴァルト,1.0,1.0,石川倭,55.0,,2.0,3.0,門別,2歳未勝利(未勝利),1:03.9,1.1,晴,7.0,9.0,門別,2歳未勝利(未勝利),1:04.1,2.0,曇,10.0,7.0,門別,2歳未勝利(未勝利),1:04.8,1.8,曇,8.0,7.0,門別,JRA認定競走フレッ(新馬)(2歳),1:05.0,2.8,晴,,,,,,,,27.8,8.0,,nar,2026-08-25,55.1,59.0,50.5,30.4,88.0,53.9,47.1,履歴少 / 近走上向き / 市場オッズ妙味
202646082501,2026-08-25,1,インテンスフレイム,5.0,5.0,甲賀弘隆,57.0,,8.0,2.0,金沢,睦斗小学校入学&紬ほ(C1),1:37.0,3.8,曇,,,金沢,だいきち不動産設立記(C1),,,雨,3.0,2.0,金沢,楽天競馬で馬券を買お(C2),1:33.6,0.4,曇,2.0,3.0,金沢,楽天競馬で馬券を買お(C2),1:33.8,0.1,曇,1.0,1.0,金沢,C28,1:42.2,-0.4,晴,6.4,4.0,,nar,2026-08-25,48.47,71.6,32.5,44.7,14.0,53.0,55.3,金沢実績 / 履歴少 / 前走接戦好走
202647082501,2026-08-25,1,ウィアザピープル,1.0,1.0,森島貴之,55.0,,6.0,7.0,笠松,アンダーグラフ来場記(C),1:34.5,2.5,晴,7.0,8.0,笠松,C級セレクション,1:36.4,3.3,晴,5.0,8.0,笠松,ここ!笠松!AZKi(C),1:34.4,1.9,曇,8.0,7.0,笠松,C級サバイバル,1:35.4,2.9,曇,4.0,7.0,笠松,C13組,1:34.8,0.4,晴,168.7,6.0,,nar,2026-08-25,54.6,58.9,59.2,30.1,50.0,57.2,49.6,履歴少 / タイム大幅改善 / 前走接戦好走
202630082501,2026-08-25,1,エスペランサヘーザ,6.0,5.0,金山昇馬,55.0,,10.0,8.0,門別,平取町馬事普及賞(未勝利)(2歳),1:06.0,3.7,晴,11.0,11.0,門別,2歳未勝利(未勝利),1:06.2,3.4,曇,10.0,10.0,門別,JRA認定競走フレッ(新馬)(2歳),1:06.2,4.1,曇,,,,,,,,,,,,,,,218.6,11.0,,nar,2026-08-25,35.57,25.3,44.3,0.0,53.0,48.8,46.5,総合評価
202635082501,2026-08-25,1,エムティヒビキ,3.0,3.0,小林凌,56.0,,2.0,6.0,盛岡,C2四組,1:27.9,0.2,曇,4.0,5.0,盛岡,C2四組,1:14.6,1.6,晴,1.0,5.0,盛岡,C2八組,1:13.1,-1.0,小雨,7.0,10.0,盛岡,C2六組,1:15.6,1.1,曇,9.0,11.0,盛岡,C2六組,1:14.8,1.5,雨,14.2,8.0,,nar,2026-08-25,72.08,78.0,70.3,75.1,69.5,72.5,52.5,盛岡実績 / 前走人気以上 / 前走接戦好走 / 人気以上に走る傾向
202643082501,2026-08-25,1,エルモ,1.0,1.0,濱田達也,54.0,,5.0,6.0,船橋,ハイビスカスデビュー(2歳),1:20.1,3.6,晴,,,,,,,,,,,,,,,,,,,,,,,,,,,,,5.6,3.0,,nar,2026-08-25,42.63,44.6,42.2,36.3,40.6,41.7,48.8,履歴少 / サンプル少
202643082501,2026-08-25,1,エーオープリンス,3.0,3.0,笠野雄大,54.0,,5.0,6.0,船橋,ハイビスカスデビュー(2歳),1:47.3,7.5,曇,,,船橋,リアトリスデビュー(2歳),,,曇,,,,,,,,,,,,,,,,,,,,,,5.9,4.0,,nar,2026-08-25,42.63,44.6,42.2,36.3,40.6,41.7,48.8,履歴少 / サンプル少
202647082501,2026-08-25,1,オーケーサイン,4.0,4.0,丸山真一,55.0,,7.0,8.0,笠松,私の青春☆アクセル全(C),0:52.5,2.3,晴,5.0,5.0,笠松,C18組,1:36.1,3.2,晴,6.0,9.0,笠松,音有お誕生日おめでと(C),1:35.2,3.0,曇,6.0,9.0,笠松,好きです笠松競馬(C),1:35.0,2.9,曇,10.0,9.0,笠松,C13組,1:37.3,2.9,晴,278.6,8.0,,nar,2026-08-25,51.87,56.3,58.6,24.9,48.5,56.5,46.3,履歴少 / タイム大幅改善
202630082501,2026-08-25,1,カンヒザクラ,3.0,3.0,藤田凌駕,54.0,,6.0,6.0,門別,2歳未勝利(未勝利),1:04.2,1.4,晴,6.0,10.0,門別,2歳牝馬未勝利(未勝利),1:10.9,0.7,曇,8.0,9.0,門別,2歳未勝利(未勝利),1:04.3,1.3,曇,10.0,11.0,門別,2歳牝馬未勝利(未勝利),1:12.2,2.8,晴,8.0,8.0,門別,JRA認定競走フレッ(新馬)(2歳),1:05.8,3.2,晴,95.2,10.0,,nar,2026-08-25,49.33,50.5,59.4,0.0,62.0,56.5,43.8,履歴少 / タイム大幅改善 / 着差タイト
202643082501,2026-08-25,1,キャッスルソード,2.0,2.0,所蛍,53.0,,9.0,8.0,船橋,2歳三,1:21.2,3.5,曇,5.0,5.0,船橋,リアトリスデビュー(2歳),1:07.0,4.2,曇,,,,,,,,,,,,,,,,,,,,,,27.8,7.0,,nar,2026-08-25,42.88,45.7,43.4,31.7,32.3,49.0,51.2,船橋実績 / 履歴少 / サンプル少 / 市場オッズ妙味
202630082501,2026-08-25,1,クラエンデバー,12.0,8.0,宮内勇樹,55.0,,7.0,5.0,門別,2歳未勝利(未勝利),1:11.0,1.8,晴,2.0,3.0,門別,JRA認定競走フレッ(新馬)(2歳),1:04.3,2.4,晴,,,,,,,,,,,,,,,,,,,,,,5.9,3.0,,nar,2026-08-25,45.81,56.5,43.0,31.7,29.0,51.8,51.2,門別実績 / 履歴少 / サンプル少
202643082501,2026-08-25,1,クレイジーロッカー,7.0,7.0,木間塚龍,54.0,,5.0,4.0,船橋,ハイビスカスデビュー(2歳),1:03.5,2.2,晴,,,,,,,,,,,,,,,,,,,,,,,,,,,,,2.6,1.0,,nar,2026-08-25,41.58,44.6,39.1,36.3,40.6,39.5,48.8,履歴少 / サンプル少
202635082501,2026-08-25,1,グラスアラバニーユ,5.0,5.0,山本政聡,56.0,,11.0,13.0,川崎,デギュスタシオン賞(C2),1:39.5,2.2,晴,10.0,9.0,川崎,2026川崎ジョッキ(C2),1:38.5,0.8,晴,2.0,3.0,川崎,ファイナルアンサー賞(C2),1:39.8,0.3,曇,7.0,9.0,川崎,C2一　二,1:33.1,1.9,晴,7.0,10.0,浦和,牡牛座特別(C2),1:38.3,2.4,雨,8.3,4.0,,nar,2026-08-25,45.1,44.2,58.1,19.8,23.0,58.6,48.8,履歴少 / 着差タイト
202643082501,2026-08-25,1,ケイズブレイヴ,4.0,4.0,藤原幹生,54.0,,4.0,7.0,船橋,2歳三,1:19.4,1.7,曇,7.0,8.0,船橋,2歳二,1:20.0,2.3,曇,6.0,3.0,船橋,ライラックデビュー(2歳),1:07.8,4.7,曇,,,,,,,,,,,,,,,7.6,6.0,,nar,2026-08-25,55.83,63.8,55.3,30.4,65.0,57.6,48.5,前走人気以上 / 履歴少 / タイム改善 / 近走上向き
202635082501,2026-08-25,1,コウバイ,6.0,6.0,塚本涼人,54.0,,2.0,4.0,盛岡,C2,1:00.3,0.4,曇,3.0,7.0,盛岡,C2五組,1:13.8,1.3,晴,8.0,10.0,盛岡,C2,1:01.6,1.0,曇,8.0,9.0,盛岡,C2,1:01.9,1.2,曇,9.0,9.0,盛岡,C2,1:00.9,0.9,小雨,23.1,9.0,,nar,2026-08-25,65.71,67.7,65.0,55.3,80.0,62.1,49.6,履歴少 / タイム大幅改善 / 着差タイト / 人気以上に走る傾向
202647082501,2026-08-25,1,コランタ,2.0,2.0,東川慎,55.0,,1.0,1.0,笠松,岡崎忠史祝五十歳人生(C),1:32.3,-1.1,晴,6.0,2.0,笠松,C級未勝利,0:53.1,2.2,晴,2.0,1.0,笠松,C級未勝利,1:33.0,0.0,晴,2.0,7.0,笠松,好きです笠松競馬(C),1:32.5,0.4,曇,10.0,9.0,笠松,C級未勝利,0:54.1,3.8,晴,14.4,3.0,,nar,2026-08-25,64.47,79.8,46.0,64.7,74.0,60.7,52.9,笠松実績 / 履歴少 / 前走接戦好走 / 近走上向き
202635082501,2026-08-25,1,サクラカゼ,4.0,4.0,菅原辰徳,54.0,,2.0,3.0,盛岡,C2二組,1:28.0,0.1,晴,5.0,6.0,水沢,ジューンC(B2),2:06.7,2.0,曇,5.0,4.0,水沢,C2一組,1:28.3,0.9,曇,5.0,5.0,水沢,C2一組,1:31.4,0.4,晴,2.0,3.0,盛岡,C2二組,1:28.1,0.6,晴,13.0,6.0,,nar,2026-08-25,70.41,77.8,53.2,100.0,63.5,62.2,62.5,盛岡実績 / クラス条件好転 / 履歴少 / タイム大幅改善
202635082501,2026-08-25,1,サクラトップマンボ,2.0,2.0,坂井瑛音,55.0,,3.0,1.0,盛岡,C2二組,1:28.7,0.6,曇,1.0,2.0,盛岡,C2六組,1:13.2,-0.4,曇,1.0,5.0,盛岡,C2八組,1:13.2,-0.3,雨,3.0,8.0,水沢,C2四組,1:32.7,2.3,晴,4.0,8.0,盛岡,3歳C1二組,1:28.1,2.2,曇,9.4,5.0,,nar,2026-08-25,73.27,90.3,61.0,100.0,45.5,67.3,59.5,盛岡実績 / 履歴少 / 着差タイト / 安定感
202630082501,2026-08-25,1,サザンザバロン,11.0,8.0,落合玄太,55.0,,11.0,3.0,門別,2歳未勝利(未勝利),1:05.4,3.0,晴,2.0,3.0,門別,ホクレンカタログギフ(未勝利)(2歳),1:02.5,0.1,曇,7.0,4.0,門別,2歳未勝利(未勝利),1:04.3,1.5,曇,7.0,3.0,門別,2歳未勝利(未勝利),1:03.5,1.8,曇,5.0,7.0,門別,JRA認定競走アタッ(未勝利)(2歳),1:03.3,0.5,曇,7.9,5.0,,nar,2026-08-25,40.4,53.9,27.9,35.3,15.5,48.8,50.5,前走接戦好走
202630082501,2026-08-25,1,サンヨウトッパコウ,5.0,5.0,岩橋勇二,55.0,,4.0,2.0,門別,優駿の里安平町夢民舎(未勝利)(2歳),1:03.5,0.4,晴,3.0,6.0,門別,JRA認定競走フレッ(新馬)(2歳),1:03.2,0.8,曇,,,,,,,,,,,,,,,,,,,,,,6.5,4.0,,nar,2026-08-25,53.67,61.8,46.5,48.4,42.2,55.9,59.5,門別実績 / 履歴少 / 着差タイト / サンプル少
202647082501,2026-08-25,1,スイモアマイモ,5.0,5.0,明星晴大,55.0,,5.0,7.0,笠松,岡崎忠史祝五十歳人生(C),1:35.1,2.8,晴,4.0,7.0,笠松,C18組,1:35.7,2.8,晴,8.0,8.0,笠松,音有お誕生日おめでと(C),1:35.6,3.4,曇,9.0,9.0,笠松,C級サバイバル,1:36.3,3.8,曇,11.0,10.0,笠松,ぐんさん誕生日おめで(C),1:40.4,9.2,曇,158.9,5.0,,nar,2026-08-25,57.62,55.6,58.8,55.3,68.0,56.1,49.6,履歴少 / タイム改善 / 近走上向き
202635082501,2026-08-25,1,スターアドミラル,7.0,7.0,山本聡哉,56.0,,5.0,6.0,川崎,早涼賞(C1),1:34.1,2.9,晴,12.0,10.0,川崎,ブラックジャック賞(C1),1:39.9,2.4,曇,6.0,11.0,川崎,C1一　二,1:32.7,1.9,曇,3.0,9.0,浦和,月見草特別(C1),1:38.3,1.1,曇,10.0,6.0,川崎,花菱草賞(C1),1:32.6,0.9,晴,3.0,1.0,,nar,2026-08-25,55.95,50.7,58.8,45.0,66.5,58.6,48.8,履歴少 / タイム大幅改善 / 着差タイト / 近走上向き
202646082501,2026-08-25,1,ダフニス,7.0,7.0,加藤翔馬,57.0,,6.0,5.0,金沢,睦斗小学校入学&紬ほ(C1),1:34.5,1.3,曇,,,金沢,C14,,,雨,4.0,4.0,金沢,C16,1:42.2,1.6,曇,3.0,3.0,金沢,いのちゃん@36歳年(C1特別),1:41.3,0.3,曇,2.0,4.0,金沢,ろこ★お留守番ごめん(C2),1:40.5,0.3,曇,5.6,3.0,,nar,2026-08-25,56.51,73.3,49.1,44.7,32.0,58.1,55.3,金沢実績 / 履歴少 / タイム大幅改善 / 前走接戦好走
202630082501,2026-08-25,1,チェックレイズ,4.0,4.0,小川悠汰,52.0,,8.0,4.0,門別,2歳未勝利(未勝利),1:04.6,1.8,晴,5.0,5.0,門別,JRA認定競走アタッ(未勝利)(2歳),1:03.6,2.1,晴,9.0,9.0,門別,JRA認定競走アタッ(未勝利)(2歳),1:11.7,3.4,晴,10.0,11.0,門別,JRA認定競走フレッ(新馬)(2歳),1:11.7,3.6,晴,,,,,,,,79.0,9.0,,nar,2026-08-25,43.54,46.3,41.6,24.9,50.0,49.1,47.1,履歴少
202647082501,2026-08-25,1,ドナドナ,8.0,8.0,松本一心,55.0,,15.0,14.0,2中京7,3歳未勝利,1:15.6,4.6,小雨,9.0,12.0,3小倉6,3歳未勝利,0:59.6,1.9,雨,18.0,11.0,2阪神3,3歳未勝利,1:51.3,5.0,晴,,,,,,,,,,,,,,,4.1,2.0,,nar,2026-08-25,29.5,12.0,41.2,0.0,41.0,46.2,48.8,履歴少
202647082501,2026-08-25,1,ドロップオブレイ,3.0,3.0,加藤聡一,55.0,,1.0,1.0,笠松,私の青春☆アクセル全(C),0:50.2,-0.3,晴,7.0,4.0,3中京7,3歳未勝利,1:20.6,0.8,晴,16.0,1.0,2京都8,3歳未勝利,1:12.3,2.9,晴,10.0,7.0,2中京4,3歳未勝利,1:22.7,0.8,晴,,,,,,,,1.1,1.0,,nar,2026-08-25,45.42,52.9,17.6,30.4,100.0,33.2,48.8,履歴少 / タイム大幅改善 / 着差タイト / 近走上向き
202647082501,2026-08-25,1,ハナノクロコ,6.0,6.0,深澤杏花,53.0,,3.0,4.0,笠松,岡崎忠史祝五十歳人生(C),1:33.5,1.2,晴,6.0,4.0,笠松,シングレ笠松競馬コラ(C),1:37.8,4.9,晴,6.0,5.0,笠松,亜咲花さん誕生日おめ(C),1:36.5,2.1,曇,8.0,12.0,大井,C3六,1:17.2,1.9,曇,12.0,12.0,大井,C3五　六,1:48.8,4.2,晴,32.9,4.0,,nar,2026-08-25,55.76,60.0,51.3,30.4,80.0,56.0,48.5,履歴少 / タイム大幅改善 / 近走上向き / 市場オッズ妙味
202643082501,2026-08-25,1,バニラビーンズ,5.0,5.0,菅原吏久,51.0,,5.0,6.0,船橋,ハイビスカスデビュー(2歳),1:06.1,3.5,曇,,,,,,,,,,,,,,,,,,,,,,,,,,,,,6.8,5.0,,nar,2026-08-25,42.63,44.6,42.2,36.3,40.6,41.7,48.8,履歴少 / サンプル少
202635082501,2026-08-25,1,パルピタシオン,8.0,8.0,山本聡紀,54.0,,2.0,3.0,盛岡,C2四組,1:13.1,0.1,晴,,,盛岡,C2二組,,,曇,2.0,1.0,盛岡,C2四組,1:28.2,0.2,曇,1.0,2.0,水沢,C2八組,1:21.6,0.0,雨,7.0,4.0,水沢,C2二組,1:31.3,0.8,雨,3.4,2.0,,nar,2026-08-25,65.99,88.0,49.5,64.7,58.0,53.6,59.5,盛岡実績 / 履歴少 / タイム大幅改善 / 着差タイト
202643082501,2026-08-25,1,パームストリート,6.0,6.0,岡村健司,54.0,,5.0,6.0,船橋,ハイビスカスデビュー(2歳),1:05.5,2.9,曇,,,,,,,,,,,,,,,,,,,,,,,,,,,,,4.8,2.0,,nar,2026-08-25,42.63,44.6,42.2,36.3,40.6,41.7,48.8,履歴少 / サンプル少
202646082501,2026-08-25,1,ピアレイジレディ,3.0,3.0,米倉知,55.0,,3.0,6.0,金沢,C16,1:42.5,1.1,曇,5.0,6.0,金沢,つばさ&ひかるバース(C1),1:33.8,0.8,曇,5.0,7.0,金沢,小田島ゴールインカッ(C2),1:35.2,1.9,曇,9.0,9.0,園田,C3一,1:35.2,2.6,晴,12.0,12.0,園田,C2三,1:36.1,2.9,晴,6.5,5.0,,nar,2026-08-25,65.63,62.4,60.9,75.1,78.5,61.9,59.5,金沢実績 / 前走人気以上 / 履歴少 / 着差タイト
202630082501,2026-08-25,1,ブルームスター,10.0,7.0,服部茂史,55.0,,3.0,6.0,門別,JRA認定競走フレッ(新馬)(2歳),1:09.4,0.3,曇,,,,,,,,,,,,,,,,,,,,,,,,,,,,,3.4,1.0,,nar,2026-08-25,45.07,48.1,45.3,36.3,40.6,42.0,48.8,前走人気以上 / 履歴少 / 前走接戦好走 / サンプル少
202630082501,2026-08-25,1,ヘルエッジロード,9.0,7.0,阿部龍,55.0,,6.0,2.0,門別,JRA認定競走フレッ(新馬)(2歳),1:03.4,0.7,曇,,,,,,,,,,,,,,,,,,,,,,,,,,,,,8.5,6.0,,nar,2026-08-25,39.27,42.8,34.5,29.6,40.6,36.2,48.8,履歴少 / 着差タイト / サンプル少
202630082501,2026-08-25,1,ポコアポコ,8.0,6.0,望月洵輝,55.0,,5.0,5.0,門別,2歳未勝利(未勝利),1:03.7,1.6,曇,5.0,4.0,門別,JRA認定競走フレッ(新馬)(2歳),1:17.6,3.0,晴,,,門別,JRA認定競走フレッ(新馬)(2歳),,,曇,,,,,,,,,,,,,,,9.5,7.0,,nar,2026-08-25,51.72,55.4,43.8,48.4,45.5,55.8,59.3,門別実績 / タイム大幅改善 / サンプル少
202635082501,2026-08-25,1,ポンテドラーゴ,9.0,8.0,大坪慎,56.0,,4.0,3.0,盛岡,C2五組,1:27.6,0.4,曇,3.0,4.0,盛岡,C2六組,1:27.7,2.1,晴,4.0,4.0,盛岡,C2三組,1:27.9,1.0,曇,8.0,9.0,盛岡,ジュライC(B2),1:40.4,2.4,曇,10.0,12.0,盛岡,浜木綿賞(B1),1:39.7,1.7,晴,7.3,3.0,,nar,2026-08-25,62.58,68.4,52.1,75.1,63.5,60.4,52.9,盛岡実績 / 履歴少 / 着差タイト / 安定感
202646082501,2026-08-25,1,マノンルージュ,6.0,6.0,栗原大河,57.0,,5.0,10.0,金沢,C16,1:42.6,1.2,曇,,,金沢,C14,,,雨,7.0,8.0,金沢,C16,1:43.5,2.9,曇,7.0,7.0,金沢,C13,1:36.5,3.0,曇,6.0,2.0,金沢,孝明杯(C1),1:42.4,0.6,曇,18.8,7.0,,nar,2026-08-25,56.88,59.6,62.2,30.4,60.0,60.8,47.1,前走人気以上 / 履歴少 / タイム大幅改善 / 着差タイト
202646082501,2026-08-25,1,メイショウメイボク,2.0,2.0,青柳正義,55.0,,9.0,7.0,金沢,睦斗小学校入学&紬ほ(C1),1:38.4,5.2,曇,,,金沢,だいきち不動産設立記(C1),,,雨,10.0,9.0,金沢,ホップステップぴんみ(C1),1:43.0,3.5,曇,10.0,5.0,金沢,愛☆日本一のウマ男祝(C1特別),1:45.4,3.8,曇,11.0,8.0,金沢,孝明杯(C1),1:43.8,2.0,曇,24.9,8.0,,nar,2026-08-25,34.33,30.1,32.8,0.0,58.0,42.7,43.8,履歴少 / タイム大幅改善
202646082501,2026-08-25,1,メッチャハットリ,4.0,4.0,兼子千央,55.0,,4.0,8.0,金沢,C16,1:42.5,1.1,曇,6.0,8.0,金沢,C15,1:34.0,1.3,雨,3.0,5.0,金沢,日本列島☆爆走!ツア(C2特別),1:35.3,1.2,晴,8.0,10.0,金沢,愛☆日本一のウマ男祝(C1特別),1:43.8,2.2,曇,10.0,9.0,金沢,C16,1:44.8,3.5,曇,30.6,9.0,,nar,2026-08-25,61.43,64.0,66.1,50.2,66.5,62.1,49.6,前走人気以上 / 履歴少 / 人気以上に走る傾向 / 近走上向き
202646082501,2026-08-25,1,ラストヨンマル,8.0,8.0,魚住謙心,57.0,,2.0,2.0,金沢,能登復興支援禄剛崎特(C2),1:33.8,0.3,晴,3.0,2.0,金沢,オオタアキラ引退送別(C2),1:41.5,0.7,曇,5.0,4.0,金沢,楽天競馬で馬券を買お(C2),1:34.8,1.1,曇,3.0,1.0,金沢,幻のいちじく黒蜜姫杯(C2),1:33.8,0.9,曇,2.0,2.0,金沢,スマホで投票!楽天競(C2),1:33.8,0.5,曇,3.2,1.0,,nar,2026-08-25,67.73,84.1,44.8,100.0,57.5,52.4,59.5,金沢実績 / 履歴少 / タイム大幅改善 / 着差タイト
202630082501,2026-08-25,1,リックグールド,2.0,2.0,黒澤愛斗,55.0,,10.0,10.0,門別,2歳未勝利(未勝利),1:07.6,5.6,晴,11.0,11.0,門別,2歳未勝利(未勝利),1:06.3,3.8,晴,8.0,9.0,門別,JRA認定競走フレッ(新馬)(2歳),1:07.2,3.9,曇,,,,,,,,,,,,,,,385.0,12.0,,nar,2026-08-25,38.02,29.6,51.8,0.0,47.0,52.0,43.8,履歴少
202635082501,2026-08-25,1,リュッカクローナ,1.0,1.0,鈴木祐,56.0,,9.0,3.0,盛岡,C1五組,1:29.0,1.7,晴,5.0,4.0,盛岡,C1五組,1:28.2,1.8,曇,9.0,1.0,盛岡,C1四組,1:28.9,1.8,曇,7.0,8.0,水沢,ポタジェ特別(C1),1:28.6,1.7,曇,10.0,6.0,水沢,C2一組,1:29.1,1.7,曇,14.2,7.0,,nar,2026-08-25,37.16,45.5,22.6,24.9,42.5,43.4,48.5,履歴少 / 市場オッズ妙味
202646082501,2026-08-25,1,ルルーディ,1.0,1.0,田知弘久,55.0,,7.0,9.0,金沢,睦斗小学校入学&紬ほ(C1),1:36.6,3.4,曇,,,金沢,C14,,,雨,9.0,5.0,金沢,ホップステップぴんみ(C1),1:42.9,3.4,曇,5.0,5.0,金沢,C13,1:36.3,2.8,曇,1.0,1.0,金沢,来週は百万石祭にいき(C2),1:41.0,-0.6,曇,11.2,6.0,,nar,2026-08-25,48.92,57.5,48.3,24.9,38.0,56.1,51.2,金沢実績 / 履歴少 / タイム大幅改善
202630082502,2026-08-25,2,アイルドフルール,4.0,4.0,藤田凌駕,54.0,,7.0,7.0,1函館12,2歳未勝利,1:12.4,0.4,小雨,7.0,9.0,1函館8,2歳未勝利,1:10.8,1.0,曇,6.0,6.0,1函館6,2歳未勝利,1:11.3,1.1,晴,8.0,6.0,1函館1,2歳新馬,1:10.5,1.1,晴,,,,,,,,1.6,1.0,,nar,2026-08-25,45.66,52.5,51.6,0.0,50.0,51.5,48.1,着差タイト
202643082502,2026-08-25,2,アンサール,3.0,3.0,小杉亮,54.0,,3.0,5.0,船橋,ハイビスカスデビュー(2歳),1:04.2,1.6,曇,,,,,,,,,,,,,,,,,,,,,,,,,,,,,8.2,5.0,,nar,2026-08-25,44.02,48.1,43.7,36.3,40.6,42.0,48.8,履歴少 / サンプル少
202630082502,2026-08-25,2,イイヒタビダチ,6.0,5.0,落合玄太,55.0,,4.0,9.0,門別,2歳未勝利(未勝利),1:03.3,0.9,晴,6.0,9.0,門別,JRA認定競走アタッ(未勝利)(2歳),1:17.2,2.1,雨,8.0,10.0,門別,2歳未勝利(未勝利),1:17.6,3.1,雨,6.0,9.0,門別,JRA認定競走フレッ(新馬)(2歳),1:04.2,2.0,晴,,,,,,,,21.8,6.0,,nar,2026-08-25,61.76,61.9,74.2,30.4,66.0,65.3,47.1,前走人気以上 / 履歴少 / タイム大幅改善 / 着差タイト
202646082502,2026-08-25,2,イサムダイヤモンド,7.0,7.0,吉田晃浩,57.0,,7.0,5.0,金沢,C13,1:42.3,3.1,雨,6.0,3.0,金沢,C14,1:34.6,2.7,曇,2.0,1.0,金沢,秀明くん生まれてきて(C1),1:41.0,0.5,晴,5.0,2.0,金沢,まめちゃんぴよぴよ記(C1),1:43.8,2.6,晴,1.0,1.0,金沢,えまちゃんが平井にな(C2),1:42.1,-1.6,曇,49.9,4.0,,nar,2026-08-25,49.85,69.2,36.1,44.7,29.0,50.5,52.9,金沢実績 / 履歴少 / 前走接戦好走 / 市場オッズ妙味
202647082502,2026-08-25,2,オドントグロッサム,7.0,7.0,高木健,55.0,,7.0,7.0,笠松,田中将太技師昇進記念(C),1:34.3,2.0,晴,8.0,6.0,笠松,木之前葵騎手お誕生日(C),1:33.9,1.2,晴,2.0,3.0,笠松,C級サバイバル,1:33.4,0.9,曇,6.0,5.0,笠松,好きです笠松競馬(C),1:35.3,1.6,晴,4.0,3.0,笠松,C級セレクション,1:34.3,1.0,曇,20.6,3.0,,nar,2026-08-25,49.33,61.6,46.1,30.1,38.0,52.8,49.6,履歴少 / 着差タイト / 市場オッズ妙味
202635082502,2026-08-25,2,オメガジャスミン,5.0,5.0,塚本涼人,54.0,,10.0,7.0,盛岡,C1,1:16.3,1.8,晴,12.0,12.0,盛岡,C1四組,1:29.1,2.2,曇,11.0,9.0,盛岡,C2一組,1:29.5,2.6,晴,8.0,6.0,水沢,C2一組,1:29.2,2.3,曇,1.0,5.0,水沢,C2四組,1:23.0,-0.3,曇,92.5,9.0,,nar,2026-08-25,36.76,32.2,41.7,10.3,38.0,49.0,43.8,履歴少 / タイム大幅改善
202630082502,2026-08-25,2,カゾクノアイ,12.0,8.0,亀井洋司,55.0,,9.0,10.0,門別,平取町馬事普及賞(未勝利)(2歳),1:05.4,3.1,晴,8.0,5.0,門別,JRA認定競走フレッ(新馬)(2歳),1:07.7,4.0,曇,,,,,,,,,,,,,,,,,,,,,,117.6,9.0,,nar,2026-08-25,40.04,39.8,42.4,18.0,42.2,46.2,43.2,履歴少 / タイム大幅改善 / サンプル少
202635082502,2026-08-25,2,カレンザブーケ,9.0,8.0,関本玲花,52.0,,6.0,4.0,盛岡,C1,1:28.3,2.2,曇,5.0,8.0,盛岡,C1四組,1:27.3,0.6,晴,11.0,10.0,盛岡,C1四組,1:28.5,1.6,曇,9.0,11.0,盛岡,C2一組,1:29.2,2.3,晴,11.0,8.0,盛岡,C2一組,1:29.0,2.7,晴,37.1,5.0,,nar,2026-08-25,48.47,46.5,49.5,24.9,68.0,52.2,46.3,履歴少 / 着差タイト / 近走上向き / 市場オッズ妙味
202647082502,2026-08-25,2,カレンヒロ,1.0,1.0,森島貴之,55.0,,5.0,6.0,笠松,C11組,1:34.2,1.3,曇,4.0,8.0,笠松,C級サバイバル,1:34.1,1.2,晴,5.0,8.0,笠松,陽向バースデー記念(C),1:34.0,2.3,晴,7.0,8.0,笠松,和葉ちゃん4才おめで(C),1:34.5,1.6,曇,7.0,12.0,笠松,浪江祐次お誕生日記念(C),1:34.8,3.1,晴,43.6,5.0,,nar,2026-08-25,64.77,66.0,67.9,75.1,54.5,65.4,52.9,笠松実績 / 履歴少 / 人気以上に走る傾向 / 安定感
202635082502,2026-08-25,2,キタノクーヴェル,10.0,8.0,岩本怜,56.0,,4.0,5.0,盛岡,C2二組,1:28.9,0.8,曇,4.0,4.0,盛岡,C2二組,1:27.5,0.6,晴,5.0,4.0,盛岡,C2二組,1:27.7,1.8,曇,4.0,5.0,盛岡,C2二組,1:26.9,1.5,曇,3.0,2.0,盛岡,C2三組,1:28.4,1.3,晴,28.2,4.0,,nar,2026-08-25,65.65,75.2,51.0,100.0,50.0,56.3,59.5,盛岡実績 / 履歴少 / 着差タイト / 安定感
202643082502,2026-08-25,2,クシナダヒメ,9.0,8.0,野澤憲彦,54.0,,6.0,9.0,船橋,2歳三,1:20.1,2.4,曇,8.0,6.0,船橋,2歳二,1:20.2,2.5,曇,4.0,6.0,船橋,ライラックデビュー(2歳),1:06.2,3.1,曇,,,,,,,,,,,,,,,81.2,9.0,,nar,2026-08-25,51.34,58.9,57.5,19.8,50.0,55.9,48.5,前走人気以上 / 履歴少
202643082502,2026-08-25,2,グレースフルマナー,2.0,2.0,山本大翔,52.0,,4.0,2.0,船橋,ハイビスカスデビュー(2歳),1:04.4,1.8,曇,,,,,,,,,,,,,,,,,,,,,,,,,,,,,10.7,7.0,,nar,2026-08-25,41.55,46.4,37.6,36.3,40.6,38.4,48.8,履歴少 / サンプル少
202630082502,2026-08-25,2,コイスルキモチ,3.0,3.0,黒澤愛斗,55.0,,7.0,8.0,門別,JRA認定競走フレッ(新馬)(2歳),1:05.1,2.7,晴,,,,,,,,,,,,,,,,,,,,,,,,,,,,,52.8,7.0,,nar,2026-08-25,40.84,41.1,42.2,29.6,40.6,41.7,48.8,履歴少 / サンプル少
202647082502,2026-08-25,2,コンストラクション,8.0,8.0,筒井勇介,57.0,,4.0,5.0,笠松,仕掛け花火特別(C),1:48.0,1.1,晴,1.0,1.0,笠松,C18組,1:32.9,-1.9,晴,2.0,2.0,笠松,音有お誕生日おめでと(C),1:32.7,0.5,曇,11.0,10.0,1新潟6,4歳以上1勝クラス,1:15.1,2.8,晴,14.0,15.0,1福島1,3歳未勝利,1:52.4,4.1,曇,1.1,1.0,,nar,2026-08-25,62.69,69.1,51.8,75.1,68.0,51.1,59.5,笠松実績 / 履歴少 / 前走接戦好走 / 近走上向き
202646082502,2026-08-25,2,コンチマカロン,1.0,1.0,栗原大河,55.0,,5.0,3.0,金沢,C15,1:34.5,0.3,曇,,,金沢,C14,,,雨,4.0,7.0,金沢,七尾祇園祭特別(C1),0:57.4,0.2,雨,7.0,6.0,金沢,九谷焼特別(C1),0:57.7,1.9,曇,6.0,7.0,金沢,卯辰山特別(C1),0:57.7,1.1,晴,81.6,7.0,,nar,2026-08-25,56.48,65.9,49.5,50.2,54.0,54.3,54.2,金沢実績 / クラス条件好転 / 履歴少 / 前走接戦好走
202643082502,2026-08-25,2,コーズマーサ,5.0,5.0,川島正太,54.0,,4.0,2.0,船橋,ハイビスカスデビュー(2歳),1:02.8,1.5,晴,,,,,,,,,,,,,,,,,,,,,,,,,,,,,8.4,6.0,,nar,2026-08-25,41.55,46.4,37.6,36.3,40.6,38.4,48.8,履歴少 / サンプル少
202630082502,2026-08-25,2,シレテヴェンティ,7.0,6.0,小川悠汰,52.0,,10.0,9.0,門別,2歳未勝利(未勝利),1:15.3,6.1,晴,10.0,8.0,門別,JRA認定競走フレッ(新馬)(2歳),1:15.1,6.1,雨,,,,,,,,,,,,,,,,,,,,,,142.4,10.0,,nar,2026-08-25,37.22,33.4,39.9,18.0,45.5,45.3,43.2,履歴少 / サンプル少
202643082502,2026-08-25,2,ジャズジャイアント,4.0,4.0,和田譲治,54.0,,4.0,2.0,船橋,ハイビスカスデビュー(2歳),1:04.8,2.2,曇,,,,,,,,,,,,,,,,,,,,,,,,,,,,,5.9,4.0,,nar,2026-08-25,41.55,46.4,37.6,36.3,40.6,38.4,48.8,履歴少 / サンプル少
202646082502,2026-08-25,2,ジャンボリクイーン,8.0,8.0,青柳正義,55.0,,6.0,4.0,金沢,C13,1:41.9,2.7,雨,1.0,3.0,金沢,すずしゅう20歳誕生(C2),1:40.6,-0.6,晴,4.0,5.0,金沢,C14,1:44.8,2.1,晴,8.0,9.0,金沢,今年も能登復興支援シ(C1),1:36.7,2.0,晴,12.0,12.0,川崎,C2六　七,1:34.6,1.9,晴,58.4,5.0,,nar,2026-08-25,55.16,65.8,51.6,44.7,51.5,54.8,51.2,金沢実績 / 履歴少
202646082502,2026-08-25,2,ジューンサレンダー,3.0,3.0,魚住謙心,57.0,,3.0,6.0,金沢,C15,1:34.5,0.3,曇,4.0,7.0,金沢,C15,1:33.7,1.0,雨,11.0,2.0,金沢,ダッシュダッシュいの(C1特別),1:50.5,9.7,曇,9.0,5.0,金沢,C16,1:44.1,2.8,曇,8.0,5.0,金沢,秀明くん生まれてきて(C1),1:43.8,3.3,晴,111.3,9.0,,nar,2026-08-25,54.95,58.2,42.9,55.3,80.0,47.0,49.6,前走人気以上 / 履歴少 / 着差タイト / 近走上向き
202630082502,2026-08-25,2,スダレ,10.0,7.0,桑村真明,55.0,,2.0,5.0,門別,2歳未勝利(未勝利),1:02.9,0.1,晴,6.0,6.0,門別,2歳未勝利(未勝利),1:10.6,1.4,曇,10.0,6.0,門別,2歳未勝利(未勝利),1:04.6,1.9,曇,6.0,7.0,門別,JRA認定競走フレッ(新馬)(2歳),1:04.2,2.0,晴,,,,,,,,9.6,4.0,,nar,2026-08-25,57.9,63.8,52.1,30.4,82.0,57.2,47.1,前走人気以上 / 履歴少 / タイム大幅改善 / 前走接戦好走
202635082502,2026-08-25,2,ストレート,2.0,2.0,高松亮,54.0,,4.0,5.0,盛岡,うまレター賞(C2),1:29.0,0.7,晴,3.0,6.0,盛岡,C2二組,1:27.3,0.4,晴,4.0,8.0,盛岡,C2一組,1:27.9,1.4,曇,10.0,8.0,盛岡,C2一組,1:28.6,2.3,曇,7.0,1.0,盛岡,C1五組,1:28.6,1.9,曇,22.9,3.0,,nar,2026-08-25,62.93,68.5,56.5,75.1,62.0,56.3,52.9,盛岡実績 / 履歴少 / 着差タイト / 安定感
202646082502,2026-08-25,2,ダイユウボンバー,2.0,2.0,中島龍也,55.0,,4.0,4.0,金沢,睦斗小学校入学&紬ほ(C1),1:34.3,1.1,曇,1.0,2.0,金沢,C24,1:40.5,-0.1,晴,2.0,4.0,金沢,C27,1:34.0,0.0,晴,4.0,3.0,金沢,都凪リリーデビュー2(C2),1:42.2,2.3,晴,2.0,2.0,金沢,C29,1:41.7,0.3,晴,34.9,2.0,,nar,2026-08-25,69.22,86.8,53.5,100.0,39.5,57.6,59.5,金沢実績 / 履歴少 / タイム大幅改善 / 前走接戦好走
202630082502,2026-08-25,2,ツムギノワンワン,11.0,8.0,松井伸也,55.0,,5.0,10.0,門別,2歳未勝利(未勝利),1:04.1,1.3,晴,12.0,11.0,門別,北海道きたやさい賞(未勝利)(2歳),1:05.7,4.8,雨,12.0,12.0,門別,2歳牝馬未勝利(未勝利),1:05.8,2.2,曇,8.0,9.0,門別,JRA認定競走フレッ(新馬)(2歳),1:05.7,3.2,曇,,,,,,,,176.4,11.0,,nar,2026-08-25,51.62,36.2,61.1,30.4,84.0,55.0,47.1,前走人気以上 / 履歴少 / タイム大幅改善 / 近走上向き
202635082502,2026-08-25,2,トレベルフィーユ,4.0,4.0,山本聡紀,54.0,,6.0,7.0,盛岡,うまレター賞(C2),1:30.0,1.7,晴,6.0,6.0,盛岡,C2一組,1:27.7,1.6,晴,8.0,6.0,盛岡,C2一組,1:28.4,1.9,曇,1.0,4.0,盛岡,C2四組,1:13.2,-0.1,曇,3.0,8.0,盛岡,C2五組,1:14.6,0.6,晴,59.6,8.0,,nar,2026-08-25,53.07,65.2,56.0,24.9,41.0,57.2,49.6,履歴少 / 着差タイト
202630082502,2026-08-25,2,トーケンジンフィズ,5.0,5.0,岩橋勇二,55.0,,3.0,4.0,門別,JRA認定競走フレッ(新馬)(2歳),1:03.3,0.3,晴,,,,,,,,,,,,,,,,,,,,,,,,,,,,,6.4,3.0,,nar,2026-08-25,44.29,48.1,42.2,36.3,40.6,41.7,48.8,履歴少 / 前走接戦好走 / サンプル少
202635082502,2026-08-25,2,ナムラゴロフキン,8.0,7.0,坂井瑛音,55.0,,7.0,6.0,盛岡,C1,1:28.4,2.3,曇,8.0,11.0,盛岡,C1五組,1:29.0,1.7,晴,8.0,5.0,盛岡,C1,1:28.6,2.3,曇,4.0,4.0,盛岡,C1,1:28.0,0.6,晴,9.0,8.0,水沢,C1,1:30.3,2.0,小雨,41.1,6.0,,nar,2026-08-25,46.61,50.3,48.2,14.6,51.5,53.4,47.1,履歴少 / タイム改善 / 着差タイト / 市場オッズ妙味
202635082502,2026-08-25,2,ノースハマナス,3.0,3.0,高橋悠里,54.0,,7.0,9.0,盛岡,うまレター賞(C2),1:30.9,2.6,晴,7.0,10.0,盛岡,C1五組,1:29.0,1.7,晴,9.0,9.0,盛岡,C1五組,1:29.4,3.0,曇,6.0,9.0,盛岡,C1,1:28.3,0.9,晴,8.0,10.0,水沢,ポタジェ特別(C1),1:28.9,2.0,曇,44.3,7.0,,nar,2026-08-25,48.68,49.2,64.0,0.0,53.0,59.3,43.8,履歴少 / 着差タイト / 市場オッズ妙味
202630082502,2026-08-25,2,バイノバイノバイ,2.0,2.0,金山昇馬,55.0,,11.0,7.0,門別,2歳牝馬未勝利(未勝利),1:06.4,4.4,晴,8.0,7.0,門別,JRA認定競走フレッ(新馬)(2歳),1:05.7,3.6,曇,,,,,,,,,,,,,,,,,,,,,,349.0,12.0,,nar,2026-08-25,35.11,34.9,35.3,18.0,35.6,43.5,43.2,履歴少 / サンプル少
202647082502,2026-08-25,2,ヒルノマース,6.0,6.0,東川慎,55.0,,8.0,7.0,笠松,ヤクルトマーケティン(C),1:34.9,2.3,晴,4.0,3.0,笠松,加織・文行結婚記念(C),1:36.4,1.1,晴,8.0,7.0,笠松,C13組,1:36.5,4.5,晴,6.0,8.0,笠松,C10組,1:34.3,1.6,曇,10.0,11.0,笠松,C9組,1:35.1,1.3,晴,50.1,6.0,,nar,2026-08-25,47.11,52.7,47.5,24.9,44.0,52.6,46.3,履歴少 / タイム大幅改善
202646082502,2026-08-25,2,ピナーカ,4.0,4.0,米倉知,57.0,,5.0,6.0,金沢,睦斗小学校入学&紬ほ(C1),1:34.5,1.3,曇,,,金沢,だいきち不動産設立記(C1),,,雨,6.0,8.0,金沢,いのちゃん@36歳年(C1特別),1:42.1,1.1,曇,5.0,6.0,金沢,孝明杯(C1),1:42.1,0.3,曇,5.0,5.0,金沢,C15,1:41.6,2.0,晴,81.7,8.0,,nar,2026-08-25,60.33,65.9,57.9,55.3,52.0,56.8,58.3,金沢実績 / クラス条件好転 / 履歴少 / タイム大幅改善
202646082502,2026-08-25,2,ピースマッチング,9.0,8.0,松戸政也,57.0,,9.0,3.0,金沢,C13,1:42.5,3.3,雨,9.0,11.0,園田,小野ひまわり特別B1,1:34.3,2.8,曇,7.0,7.0,園田,兵庫馬事畜産特別B1,1:34.6,1.9,晴,8.0,11.0,園田,JーPLACEよかわ(B1),1:21.0,1.3,曇,9.0,10.0,園田,B1,1:33.6,1.8,曇,70.5,6.0,,nar,2026-08-25,39.74,40.3,44.5,0.0,45.5,50.9,51.8,クラス条件好転 / 履歴少
202630082502,2026-08-25,2,ピーヴイビクトリア,1.0,1.0,宮内勇樹,55.0,,5.0,2.0,門別,JRA認定競走フレッ(新馬)(2歳),1:10.0,0.9,曇,,,,,,,,,,,,,,,,,,,,,,,,,,,,,5.3,2.0,,nar,2026-08-25,41.09,44.6,36.0,36.3,40.6,37.3,48.8,履歴少 / 着差タイト / サンプル少
202635082502,2026-08-25,2,フォルトリアン,1.0,1.0,菅原辰徳,54.0,,6.0,3.0,盛岡,C1四組,1:27.3,0.6,晴,4.0,5.0,盛岡,C1五組,1:27.8,1.4,曇,8.0,4.0,盛岡,C1四組,1:28.6,1.5,曇,2.0,2.0,水沢,C1六組,1:28.2,0.6,曇,4.0,5.0,水沢,C1一組,1:42.8,0.2,雨,8.6,2.0,,nar,2026-08-25,52.99,67.1,40.6,49.8,41.0,55.9,48.5,履歴少 / タイム改善 / 着差タイト
202630082502,2026-08-25,2,フォンミー,8.0,6.0,石川倭,55.0,,7.0,10.0,門別,2歳未勝利(未勝利),1:03.5,1.1,晴,8.0,9.0,門別,北海道きたやさい賞(未勝利)(2歳),1:04.2,3.3,雨,10.0,8.0,門別,2歳牝馬未勝利(未勝利),1:04.9,1.3,曇,8.0,4.0,門別,JRA認定競走フレッ(新馬)(2歳),1:05.7,3.3,曇,,,,,,,,68.2,8.0,,nar,2026-08-25,43.34,43.2,51.4,0.0,60.0,50.0,43.8,前走人気以上 / 履歴少 / タイム改善
202643082502,2026-08-25,2,フレンドタワー,6.0,6.0,仲野光馬,54.0,,3.0,3.0,船橋,ハイビスカスデビュー(2歳),1:04.0,1.4,曇,,,,,,,,,,,,,,,,,,,,,,,,,,,,,4.5,3.0,,nar,2026-08-25,43.09,48.1,40.6,36.3,40.6,40.6,48.8,履歴少 / サンプル少
202643082502,2026-08-25,2,フレンドヤマト,1.0,1.0,臼井健太,54.0,,4.0,5.0,船橋,ハイビスカスデビュー(2歳),1:46.1,6.3,曇,,,,,,,,,,,,,,,,,,,,,,,,,,,,,30.4,8.0,,nar,2026-08-25,43.12,46.4,42.2,36.3,40.6,41.7,48.8,履歴少 / サンプル少
202635082502,2026-08-25,2,ブラックトルネード,6.0,6.0,阿部英俊,56.0,,1.0,1.0,盛岡,C2五組,1:12.5,-1.0,晴,11.0,11.0,1函館5,3歳以上1勝クラス,0:59.6,2.2,晴,15.0,16.0,3東京3,3歳以上1勝クラス,1:27.1,3.6,晴,15.0,14.0,1中京1,4歳以上1勝クラス,1:14.9,2.6,晴,10.0,12.0,1中山2,4歳以上1勝クラス,1:12.6,0.9,晴,1.1,1.0,,nar,2026-08-25,51.67,38.3,51.8,30.4,100.0,51.4,51.8,クラス条件好転 / 履歴少 / 着差タイト / 近走上向き
202630082502,2026-08-25,2,ベストスカイ,9.0,7.0,小野楓馬,55.0,,2.0,9.0,門別,2歳未勝利(未勝利),1:02.6,0.1,晴,8.0,5.0,門別,2歳未勝利(未勝利),1:13.3,3.5,曇,8.0,4.0,門別,JRA認定競走フレッ(新馬)(2歳),1:04.3,2.1,晴,,,,,,,,,,,,,,,12.0,5.0,,nar,2026-08-25,59.34,63.4,55.5,30.4,86.0,57.9,48.5,前走人気以上 / 履歴少 / タイム大幅改善 / 前走接戦好走
202647082502,2026-08-25,2,ベラジオガール,4.0,4.0,阿部基嗣,54.0,,7.0,9.0,笠松,ヤクルトマーケティン(C),1:34.8,2.2,晴,7.0,6.0,笠松,ハルとダイチがきた!(C),1:36.6,3.1,晴,6.0,10.0,笠松,陽向バースデー記念(C),1:34.4,2.7,晴,5.0,9.0,笠松,和葉ちゃん4才おめで(C),1:34.3,1.4,曇,10.0,7.0,笠松,浪江祐次お誕生日記念(C),1:34.9,3.2,晴,89.4,8.0,,nar,2026-08-25,50.34,53.4,60.0,14.6,50.0,56.5,46.3,履歴少 / タイム大幅改善
202643082502,2026-08-25,2,マルヒロデラックス,8.0,8.0,張田昂,54.0,,3.0,5.0,船橋,ハイビスカスデビュー(2歳),1:02.8,1.5,晴,,,,,,,,,,,,,,,,,,,,,,,,,,,,,4.0,1.0,,nar,2026-08-25,44.02,48.1,43.7,36.3,40.6,42.0,48.8,履歴少 / サンプル少
202646082502,2026-08-25,2,メイショウヒュウガ,5.0,5.0,加藤翔馬,57.0,,1.0,1.0,金沢,C25,1:32.9,-2.4,晴,1.0,1.0,金沢,佐藤家&生頼家★結婚(C2),1:40.5,-2.7,晴,1.0,1.0,金沢,C29,1:38.9,-0.8,晴,9.0,8.0,3阪神1,城崎特別(1勝クラス),1:47.0,1.5,晴,10.0,11.0,3京都8,4歳以上1勝クラス,2:00.2,1.3,晴,1.0,1.0,,nar,2026-08-25,66.95,83.2,49.7,75.1,75.5,50.0,59.5,金沢実績 / 履歴少 / タイム大幅改善 / 近走上向き
202647082502,2026-08-25,2,モリノリオン,5.0,5.0,細川智史,55.0,,4.0,7.0,笠松,C級セレクション,1:35.2,2.1,晴,7.0,9.0,笠松,陽向バースデー記念(C),1:34.7,3.0,晴,8.0,11.0,笠松,C9組,1:34.6,1.5,晴,8.0,8.0,笠松,どて煮食べ過ぎだよオ(C),1:52.0,4.4,曇,8.0,6.0,笠松,C11組,1:34.8,3.0,晴,28.6,4.0,,nar,2026-08-25,55.8,55.7,62.6,30.4,72.5,58.6,46.3,前走人気以上 / 履歴少 / 近走上向き / 市場オッズ妙味
202643082502,2026-08-25,2,ユウヤケノソラ,7.0,7.0,Ｆ．ゴン,54.0,,3.0,2.0,船橋,ハイビスカスデビュー(2歳),1:42.2,2.4,曇,,,,,,,,,,,,,,,,,,,,,,,,,,,,,4.4,2.0,,nar,2026-08-25,42.56,48.1,39.1,36.3,40.6,39.5,48.8,履歴少 / サンプル少
202647082502,2026-08-25,2,リコネクト,3.0,3.0,深澤杏花,53.0,,9.0,5.0,笠松,ヤクルトマーケティン(C),1:35.6,3.0,晴,5.0,5.0,笠松,C級セレクション,1:35.9,2.8,晴,9.0,5.0,笠松,陽向バースデー記念(C),1:35.1,3.4,晴,8.0,6.0,笠松,和葉ちゃん4才おめで(C),1:35.1,2.2,曇,3.0,6.0,笠松,好きです笠松競馬(C),1:34.2,0.5,晴,56.2,7.0,,nar,2026-08-25,43.59,50.1,36.1,35.3,33.5,48.1,49.6,履歴少 / タイム改善 / 前走接戦好走
202646082502,2026-08-25,2,リワードリュタン,6.0,6.0,平瀬城久,55.0,,2.0,5.0,金沢,つばさ&ひかるバース(C1),1:33.2,0.2,曇,9.0,10.0,金沢,楽天競馬で馬券を買お(C2),1:36.3,3.1,曇,2.0,6.0,金沢,C22,1:42.2,0.2,曇,6.0,8.0,金沢,楽天競馬で馬券を買お(C2),0:58.3,1.4,曇,6.0,5.0,金沢,C19,1:35.5,2.3,曇,42.6,3.0,,nar,2026-08-25,64.92,70.1,65.0,50.2,72.5,62.1,49.6,前走人気以上 / 履歴少 / タイム大幅改善 / 前走接戦好走
202635082502,2026-08-25,2,レイホープ,7.0,7.0,佐々木志,56.0,,8.0,4.0,盛岡,C1,1:01.2,1.9,曇,5.0,1.0,盛岡,C1,1:15.2,0.7,晴,11.0,10.0,門別,グランシャリオドリー(B4),1:04.8,2.7,曇,6.0,6.0,門別,夕張メロン、味は特別(A4),1:03.7,2.1,晴,11.0,10.0,門別,グランシャリオドリー(B4),1:04.8,3.8,曇,100.9,10.0,,nar,2026-08-25,42.21,45.1,32.4,24.9,51.5,45.1,51.2,盛岡実績 / 履歴少 / タイム大幅改善 / 着差タイト
202647082502,2026-08-25,2,ワンショートデイ,2.0,2.0,塚本征吾,55.0,,2.0,3.0,笠松,C級セレクション,1:34.3,1.2,晴,7.0,3.0,笠松,好きです笠松競馬(C),1:35.7,2.0,晴,5.0,4.0,笠松,第1回結婚記念杯(C),1:35.0,2.1,曇,3.0,3.0,笠松,C18組,1:33.7,0.8,晴,7.0,7.0,笠松,C17組,1:33.8,0.6,曇,6.4,2.0,,nar,2026-08-25,61.18,72.0,43.8,64.7,71.0,55.3,52.9,笠松実績 / 履歴少 / タイム大幅改善 / 着差タイト
202635082503,2026-08-25,3,アリダンジェロ,5.0,5.0,菅原辰徳,54.0,,1.0,1.0,盛岡,C2三組,1:28.8,-0.4,曇,1.0,2.0,盛岡,C2七組,1:12.7,-1.0,曇,9.0,10.0,大井,C2十　1112(C211),1:47.3,3.1,晴,11.0,9.0,大井,グラスホッパー賞(C213),1:46.7,2.7,曇,9.0,6.0,大井,C211　1213(C212),1:17.2,3.2,晴,5.7,2.0,,nar,2026-08-25,62.11,69.1,48.9,55.3,89.0,55.5,59.5,盛岡実績 / 履歴少 / 近走上向き
202630082503,2026-08-25,3,ウィルスパングル,8.0,6.0,石川倭,55.0,,8.0,9.0,門別,2歳牝馬未勝利(未勝利),1:11.2,1.9,晴,9.0,11.0,門別,2歳未勝利(未勝利),1:10.8,1.7,曇,8.0,9.0,門別,2歳牝馬未勝利(未勝利),1:11.0,1.6,晴,7.0,9.0,門別,JRA認定競走フレッ(新馬)(2歳),1:04.1,2.7,曇,,,,,,,,47.5,11.0,,nar,2026-08-25,44.94,43.1,60.1,0.0,50.0,57.7,43.8,履歴少 / 市場オッズ妙味
202635082503,2026-08-25,3,カラフルフレスコ,3.0,3.0,大坪慎,54.0,,1.0,6.0,盛岡,うまレター賞(C2),1:28.3,-0.2,晴,6.0,6.0,盛岡,C1五組,1:28.1,0.8,晴,10.0,11.0,門別,コントレイル・プレミ(B1),2:05.0,6.5,曇,7.0,8.0,門別,アナベル特別(B2),1:54.7,4.2,曇,8.0,8.0,門別,クレマチス特別(B2),1:50.3,5.8,曇,25.6,10.0,,nar,2026-08-25,61.21,63.0,63.0,30.4,90.5,59.3,51.2,盛岡実績 / 前走人気以上 / 履歴少 / 着差タイト
202643082503,2026-08-25,3,クラバエル,1.0,1.0,藤本現暉,56.0,,4.0,5.0,船橋,3歳四,1:18.7,0.6,曇,6.0,9.0,浦和,浦和競馬×netke(3歳),1:31.1,1.4,晴,9.0,9.0,船橋,3歳五,1:18.7,3.3,曇,5.0,12.0,川崎,3歳6,1:34.3,1.9,晴,9.0,7.0,船橋,3歳六,1:19.0,1.9,曇,18.4,6.0,,nar,2026-08-25,61.06,58.8,63.1,45.0,69.5,68.1,49.8,前走人気以上 / タイム大幅改善 / 着差タイト / 近走上向き
202647082503,2026-08-25,3,クリチャーシシー,1.0,1.0,筒井勇介,57.0,,3.0,1.0,笠松,C11組,1:33.4,0.5,曇,5.0,3.0,笠松,C級サバイバル,1:34.2,1.3,晴,4.0,4.0,笠松,C13組,1:33.7,1.7,晴,5.0,8.0,笠松,幸さん所属おめでとう(C),1:33.7,1.3,雨,12.0,8.0,笠松,C9組,1:37.4,3.6,晴,3.1,2.0,,nar,2026-08-25,62.49,68.7,42.4,89.7,71.0,51.6,56.2,笠松実績 / 履歴少 / タイム改善 / 前走接戦好走
202646082503,2026-08-25,3,クロユキ,5.0,5.0,栗原大河,55.0,,4.0,1.0,金沢,C13,1:41.2,2.0,雨,13.0,12.0,2小倉1,3歳以上1勝クラス,1:46.3,2.4,曇,11.0,13.0,1福島3,4歳以上1勝クラス,1:10.6,1.4,晴,17.0,13.0,1小倉11,4歳以上1勝クラス,1:11.1,1.1,晴,16.0,15.0,5中京3,3歳以上1勝クラス,1:27.3,2.8,曇,1.6,1.0,,nar,2026-08-25,45.37,28.0,39.8,30.4,100.0,46.0,51.8,クラス条件好転 / 履歴少 / タイム大幅改善 / 近走上向き
202643082503,2026-08-25,3,ゴッドブラウン,3.0,3.0,本田正重,54.0,,2.0,3.0,船橋,3歳四,1:18.1,0.0,曇,3.0,2.0,船橋,3歳七,1:19.2,1.1,曇,5.0,1.0,船橋,3歳八,1:19.6,0.8,曇,3.0,6.0,船橋,3歳九　未受賞,1:17.9,0.8,曇,6.0,6.0,船橋,ユーカリデビュー(2歳),1:04.6,3.7,曇,2.8,2.0,,nar,2026-08-25,66.84,80.8,47.9,89.7,63.5,53.7,56.2,船橋実績 / 履歴少 / タイム大幅改善 / 着差タイト
202647082503,2026-08-25,3,ゴールデンマーチ,2.0,2.0,加藤利征,55.0,,3.0,3.0,笠松,ヤクルトマーケティン(C),1:33.7,1.1,晴,4.0,3.0,笠松,ハルとダイチがきた!(C),1:35.3,1.8,晴,10.0,5.0,笠松,束ねて折れない4つの(C),1:35.9,4.7,雨,6.0,11.0,名古屋,C11組,1:38.8,2.8,曇,8.0,10.0,名古屋,C15組,1:40.1,1.7,曇,10.6,5.0,,nar,2026-08-25,59.33,63.3,47.9,55.3,74.0,60.7,54.0,笠松実績 / 履歴少 / タイム大幅改善 / 近走上向き
202643082503,2026-08-25,3,ゴーレム,4.0,4.0,野畑凌,56.0,,10.0,5.0,船橋,3歳三,1:19.3,1.5,曇,7.0,8.0,浦和,浦和競馬プロモーショ(3歳),1:31.8,2.3,晴,4.0,7.0,船橋,3歳五,1:17.4,2.0,曇,11.0,8.0,船橋,3歳五,1:18.1,2.2,曇,3.0,8.0,船橋,3歳五,1:17.5,1.0,曇,14.7,4.0,,nar,2026-08-25,45.53,48.1,45.8,30.1,27.5,55.8,51.5,船橋実績 / タイム大幅改善 / 着差タイト / 市場オッズ妙味
202647082503,2026-08-25,3,サノノダンサー,5.0,5.0,深澤杏花,53.0,,8.0,7.0,笠松,C級サバイバル,1:36.3,3.4,晴,9.0,9.0,笠松,絆アニバ杯(C),1:35.3,3.4,雨,10.0,9.0,笠松,藤田あずさ生誕記念(C),1:35.4,3.4,晴,10.0,9.0,笠松,東ファミリーメモリア(C),1:35.3,3.3,晴,9.0,7.0,笠松,C5組,1:35.8,3.6,雨,32.5,7.0,,nar,2026-08-25,38.79,35.7,44.0,0.0,59.0,48.4,43.8,履歴少
202630082503,2026-08-25,3,サンヨウイニシャル,11.0,8.0,松井伸也,55.0,,9.0,11.0,門別,2歳牝馬未勝利(未勝利),1:11.2,1.9,晴,6.0,10.0,門別,JRA認定競走フレッ(新馬)(2歳),1:13.0,4.0,雨,,,,,,,,,,,,,,,,,,,,,,42.6,10.0,,nar,2026-08-25,45.04,43.7,56.7,18.0,35.6,55.3,43.2,履歴少 / タイム大幅改善 / サンプル少 / 市場オッズ妙味
202647082503,2026-08-25,3,シバノテンテン,6.0,6.0,塚本征吾,55.0,,4.0,3.0,笠松,C11組,1:33.9,1.0,曇,5.0,5.0,笠松,C8組,1:34.1,1.5,曇,5.0,2.0,笠松,C10組,1:33.1,1.1,晴,3.0,3.0,笠松,デイジー賞(C),1:47.1,0.9,晴,6.0,3.0,笠松,根尾の滝特別(C),1:50.0,2.7,晴,2.3,1.0,,nar,2026-08-25,60.4,71.9,41.6,89.7,54.5,49.0,56.2,笠松実績 / 履歴少 / 着差タイト / 安定感
202635082503,2026-08-25,3,ターントゥベスト,2.0,2.0,村上忍,54.0,,1.0,2.0,盛岡,C2二組,1:28.1,0.0,曇,1.0,4.0,盛岡,C2五組,1:27.4,-0.6,晴,5.0,1.0,盛岡,C2五組,1:28.9,1.2,曇,2.0,2.0,盛岡,C2六組,1:13.4,0.1,雨,6.0,6.0,水沢,C2二組,1:34.3,1.4,晴,8.3,3.0,,nar,2026-08-25,70.58,88.4,51.8,89.7,65.0,59.0,59.5,盛岡実績 / 履歴少 / 前走接戦好走 / 近走上向き
202630082503,2026-08-25,3,ダスティミラー,6.0,5.0,小野楓馬,55.0,,2.0,2.0,門別,平取町馬事普及賞(未勝利)(2歳),1:03.3,1.0,晴,7.0,3.0,門別,2歳未勝利(未勝利),1:03.7,2.4,晴,4.0,6.0,門別,2歳未勝利(未勝利),1:01.9,0.2,曇,4.0,4.0,門別,JRA認定競走フレッ(新馬)(2歳),1:03.6,1.1,曇,,,,,,,,4.9,2.0,,nar,2026-08-25,61.89,74.8,45.3,64.7,68.0,55.1,55.3,門別実績 / 履歴少 / タイム改善 / 着差タイト
202646082503,2026-08-25,3,チョボナイノ,3.0,3.0,松戸政也,55.0,,3.0,8.0,金沢,睦斗小学校入学&紬ほ(C1),1:34.2,1.0,曇,,,金沢,だいきち不動産設立記(C1),,,雨,3.0,6.0,金沢,C16,1:41.5,0.9,曇,7.0,8.0,金沢,C16,1:43.0,1.7,曇,7.0,6.0,金沢,C15,1:42.4,2.8,晴,26.2,5.0,,nar,2026-08-25,66.42,73.4,70.1,50.2,66.0,62.8,51.2,金沢実績 / 前走人気以上 / 履歴少 / タイム大幅改善
202646082503,2026-08-25,3,ディヴァージオン,4.0,4.0,中島龍也,55.0,,2.0,1.0,金沢,C16,1:41.5,0.1,曇,2.0,2.0,金沢,スマホで投票!楽天競(C2),1:32.1,0.5,晴,1.0,1.0,金沢,C27,1:34.0,0.0,晴,10.0,11.0,高知,C3ー10,1:28.9,2.1,晴,10.0,9.0,高知,C3ー10,1:32.8,1.5,晴,2.7,2.0,,nar,2026-08-25,65.08,77.6,48.2,75.1,72.5,53.6,59.5,金沢実績 / 履歴少 / 前走接戦好走 / 近走上向き
202643082503,2026-08-25,3,ドジッコ,6.0,6.0,濱田達也,54.0,,6.0,7.0,船橋,3歳三,1:18.8,1.0,曇,7.0,8.0,船橋,3歳五,1:17.7,2.3,曇,12.0,9.0,船橋,3歳五,1:18.5,2.6,曇,5.0,4.0,船橋,3歳五,1:17.7,1.2,曇,7.0,8.0,船橋,3歳六,1:18.4,1.9,雨,14.9,5.0,,nar,2026-08-25,47.32,48.9,49.4,14.6,60.5,54.5,46.3,履歴少 / 着差タイト / 市場オッズ妙味
202630082503,2026-08-25,3,ドリームパラダイス,4.0,4.0,阿部龍,55.0,,3.0,4.0,門別,2歳未勝利(未勝利),1:04.1,1.3,晴,9.0,9.0,門別,2歳牝馬未勝利(未勝利),1:11.5,1.3,曇,8.0,5.0,門別,2歳未勝利(未勝利),1:04.4,1.6,曇,7.0,4.0,門別,JRA認定競走フレッ(新馬)(2歳),1:03.7,2.8,晴,,,,,,,,15.3,8.0,,nar,2026-08-25,53.22,56.6,44.3,30.4,80.0,56.2,49.0,タイム大幅改善 / 近走上向き / 市場オッズ妙味
202635082503,2026-08-25,3,ドルチアーリア,1.0,1.0,山本政聡,54.0,,3.0,3.0,盛岡,うまレター賞(C2),1:28.9,0.6,晴,1.0,1.0,盛岡,C2五組,1:13.6,-0.3,曇,3.0,2.0,盛岡,C2五組,1:13.1,0.6,曇,11.0,11.0,名古屋,レサト賞(B),1:32.9,2.1,晴,11.0,10.0,名古屋,B3組,1:38.6,3.8,晴,17.4,8.0,,nar,2026-08-25,64.42,72.0,47.9,75.1,71.0,62.7,59.5,盛岡実績 / 履歴少 / 着差タイト / 近走上向き
202646082503,2026-08-25,3,ハイムリヒカイザー,6.0,6.0,吉田晃浩,57.0,,1.0,4.0,金沢,おめでとう!拓也くん(C2),1:41.6,-0.4,晴,4.0,9.0,金沢,能登復興支援福浦港賞(C2),1:34.8,0.9,晴,9.0,8.0,金沢,小川雅士さんお誕生日(C2),1:37.9,4.6,曇,7.0,5.0,金沢,幻のいちじく黒蜜姫杯(C2),1:35.3,2.4,曇,3.0,5.0,金沢,来週は百万石祭にいき(C2),1:41.6,0.6,曇,26.5,6.0,,nar,2026-08-25,67.12,72.7,63.1,65.7,78.5,60.9,52.9,金沢実績 / 前走人気以上 / 履歴少 / 着差タイト
202635082503,2026-08-25,3,バスターショット,4.0,4.0,山本聡紀,56.0,,2.0,4.0,盛岡,うまレター賞(C2),1:28.5,0.2,晴,4.0,5.0,盛岡,C1五組,1:27.7,0.4,晴,3.0,6.0,盛岡,C1五組,1:27.6,1.2,曇,6.0,10.0,盛岡,C2一組,1:27.7,1.4,晴,1.0,6.0,水沢,C2五組,1:29.1,-0.2,小雨,8.8,5.0,,nar,2026-08-25,72.56,82.6,67.9,85.4,59.0,69.0,55.3,盛岡実績 / 履歴少 / 前走接戦好走 / 人気以上に走る傾向
202647082503,2026-08-25,3,パーパスポイント,7.0,7.0,細川智史,57.0,,6.0,3.0,笠松,カサマツ音頭を踊ろう(C),1:33.1,1.0,曇,5.0,7.0,笠松,祝50歳第二章開幕!(C),1:34.3,1.4,晴,9.0,6.0,笠松,C10組,1:34.8,2.1,曇,9.0,9.0,笠松,石橋和子さんもうすぐ(C),1:33.6,1.6,曇,6.0,8.0,笠松,C13組,1:49.0,2.8,晴,9.3,4.0,,nar,2026-08-25,49.24,53.8,44.4,24.9,57.5,55.8,46.3,履歴少 / タイム大幅改善 / 着差タイト
202630082503,2026-08-25,3,パーフェクトナイト,7.0,6.0,亀井洋司,55.0,,3.0,3.0,門別,2歳未勝利(未勝利),1:03.3,1.3,晴,3.0,4.0,門別,JRA認定競走フレッ(新馬)(2歳),1:02.8,2.8,晴,,,,,,,,,,,,,,,,,,,,,,5.2,3.0,,nar,2026-08-25,54.21,64.2,47.2,48.4,45.5,55.0,59.3,門別実績 / サンプル少
202647082503,2026-08-25,3,ヒルノヴィクトリア,8.0,8.0,向山牧,57.0,,7.0,7.0,笠松,C11組,1:35.3,2.4,曇,9.0,9.0,笠松,C級サバイバル,1:36.9,4.0,晴,11.0,11.0,笠松,木之前葵騎手お誕生日(C),1:35.6,2.9,晴,10.0,10.0,笠松,C7組,1:36.5,4.2,雨,10.0,10.0,笠松,C7組,1:52.2,3.9,晴,61.6,8.0,,nar,2026-08-25,42.37,35.7,50.0,0.0,68.0,50.9,43.8,履歴少 / タイム大幅改善 / 近走上向き
202630082503,2026-08-25,3,フォーエバーエデン,9.0,7.0,服部茂史,55.0,,7.0,10.0,門別,2歳牝馬未勝利(未勝利),1:10.3,1.0,晴,10.0,7.0,門別,2歳牝馬未勝利(未勝利),1:12.0,1.8,曇,7.0,7.0,門別,JRA認定競走フレッ(新馬)(2歳),1:06.2,2.9,曇,,,,,,,,,,,,,,,47.7,12.0,,nar,2026-08-25,44.58,44.0,51.5,0.0,59.0,51.6,43.8,前走人気以上 / 履歴少 / タイム大幅改善 / 着差タイト
202646082503,2026-08-25,3,フォーユーランラン,8.0,8.0,魚住謙心,55.0,,5.0,10.0,金沢,C13,1:41.9,2.7,雨,,,金沢,だいきち不動産設立記(C1),,,雨,7.0,8.0,金沢,ホップステップぴんみ(C1),1:41.8,2.3,曇,6.0,8.0,金沢,愛☆日本一のウマ男祝(C1特別),1:43.2,1.6,曇,8.0,8.0,金沢,C14,1:35.2,3.3,曇,118.2,8.0,,nar,2026-08-25,57.07,58.9,68.7,30.4,62.0,59.1,47.1,前走人気以上 / 履歴少 / 人気以上に走る傾向
202630082503,2026-08-25,3,ブエナポストゥーラ,3.0,3.0,望月洵輝,55.0,,5.0,2.0,門別,2歳未勝利(未勝利),1:10.2,0.8,晴,5.0,3.0,門別,JRA認定競走フレッ(新馬)(2歳),1:10.1,1.9,曇,,,,,,,,,,,,,,,,,,,,,,9.0,5.0,,nar,2026-08-25,49.05,55.4,35.7,48.4,45.5,52.0,59.3,門別実績 / 着差タイト / サンプル少
202643082503,2026-08-25,3,ブライティアメール,5.0,5.0,岡村健司,54.0,,1.0,1.0,船橋,3歳六,1:19.4,-0.8,晴,7.0,4.0,船橋,3歳八,1:20.3,1.4,曇,4.0,4.0,船橋,3歳九,1:21.1,2.6,曇,4.0,3.0,船橋,3歳　未出走(未出走),1:19.7,1.1,晴,9.0,5.0,船橋,2歳　29P,1:19.2,2.8,晴,5.7,3.0,,nar,2026-08-25,60.96,73.2,40.9,64.7,80.0,52.2,52.9,船橋実績 / 履歴少 / タイム大幅改善 / 近走上向き
202630082503,2026-08-25,3,ブルーアルバム,2.0,2.0,藤田凌駕,54.0,,2.0,1.0,門別,優駿の里安平町夢民舎(未勝利)(2歳),1:03.2,0.1,晴,6.0,8.0,門別,2歳未勝利(未勝利),1:16.7,2.2,雨,9.0,9.0,門別,JRA認定競走アタッ(未勝利)(2歳),1:20.2,5.2,曇,5.0,6.0,門別,JRA認定競走フレッ(新馬)(2歳),1:17.7,1.8,雨,,,,,,,,7.3,4.0,,nar,2026-08-25,60.98,66.9,52.7,45.0,78.0,60.1,51.2,門別実績 / 履歴少 / タイム大幅改善 / 前走接戦好走
202635082503,2026-08-25,3,ブルーシャトー,8.0,7.0,斉藤友香,52.0,,3.0,2.0,盛岡,C2一組,1:27.0,0.9,曇,2.0,2.0,盛岡,C2二組,1:27.0,0.1,晴,4.0,6.0,盛岡,C2二組,1:27.4,1.5,曇,11.0,12.0,園田,福甸7ハロンC2一,1:35.7,5.3,曇,10.0,10.0,園田,C2一,1:35.0,2.8,曇,23.8,9.0,,nar,2026-08-25,64.09,69.3,51.7,75.1,72.5,57.6,59.5,盛岡実績 / 履歴少 / 着差タイト / 近走上向き
202646082503,2026-08-25,3,プレストバローズ,1.0,1.0,柴田勇真,57.0,,3.0,7.0,金沢,C13,1:41.0,1.8,雨,,,金沢,だいきち不動産設立記(C1),,,雨,8.0,3.0,金沢,C14,1:34.1,1.7,曇,8.0,8.0,金沢,C12,1:43.2,3.2,曇,1.0,8.0,金沢,幻のいちじく黒蜜姫杯(C2),1:32.9,-0.8,曇,16.8,4.0,,nar,2026-08-25,60.44,67.9,58.9,40.7,66.0,66.9,51.2,金沢実績 / 前走人気以上 / 履歴少 / 近走上向き
202635082503,2026-08-25,3,ベアビリーブ,7.0,7.0,佐々木志,54.0,,2.0,5.0,盛岡,C1,1:26.6,0.5,曇,8.0,6.0,盛岡,C1,1:28.2,2.0,晴,4.0,3.0,盛岡,C1,1:28.1,1.8,曇,3.0,5.0,盛岡,C1,1:27.7,0.3,晴,4.0,10.0,水沢,C1六組,1:28.5,0.9,曇,10.5,6.0,,nar,2026-08-25,67.57,74.1,57.9,75.1,66.5,65.2,55.3,盛岡実績 / 前走人気以上 / 履歴少 / タイム大幅改善
202647082503,2026-08-25,3,マジョリー,4.0,4.0,松本一心,55.0,,6.0,5.0,笠松,C11組,1:35.1,2.2,曇,5.0,5.0,笠松,田中将太技師昇進記念(C),1:33.9,1.6,晴,3.0,4.0,笠松,陽向バースデー記念(C),1:33.4,1.7,晴,6.0,9.0,笠松,束ねて折れない4つの(C),1:33.7,2.5,雨,7.0,5.0,笠松,大衆焼肉道楽2周年記(C),1:35.0,1.3,晴,11.9,6.0,,nar,2026-08-25,55.01,65.9,50.9,44.7,45.5,61.2,49.6,履歴少
202643082503,2026-08-25,3,マリノレーヴェ,2.0,2.0,本橋孝太,54.0,,4.0,2.0,船橋,3歳三,1:18.5,0.7,曇,5.0,1.0,船橋,3歳六,1:18.1,1.0,曇,10.0,10.0,2東京2,3歳未勝利,1:27.8,1.8,晴,6.0,5.0,3中山1,3歳未勝利,1:12.7,1.2,曇,8.0,2.0,1中山1,3歳未勝利,1:14.3,1.6,晴,1.9,1.0,,nar,2026-08-25,52.13,58.9,33.4,55.3,69.5,44.3,59.5,船橋実績 / 履歴少 / 着差タイト / 近走上向き
202630082503,2026-08-25,3,マルホ,1.0,1.0,岩橋勇二,55.0,,5.0,4.0,門別,JRA認定競走フレッ(新馬)(2歳),1:11.5,2.5,雨,,,,,,,,,,,,,,,,,,,,,,,,,,,,,9.1,6.0,,nar,2026-08-25,41.58,44.6,39.1,36.3,40.6,39.5,48.8,履歴少 / サンプル少
202646082503,2026-08-25,3,ミテクレコノアシ,7.0,7.0,兼子千央,57.0,,8.0,8.0,金沢,超光速微粒子の可能性(C1),1:42.4,2.7,雨,2.0,6.0,金沢,C15,1:33.1,0.4,雨,5.0,1.0,金沢,☆ひなの&はるかお誕(C2特別),1:36.6,1.4,晴,4.0,7.0,金沢,愛☆日本一のウマ男祝(C1特別),1:42.6,1.0,曇,8.0,9.0,金沢,C17,1:35.6,2.3,雨,58.4,7.0,,nar,2026-08-25,56.04,65.4,55.2,59.3,30.5,56.1,52.9,金沢実績 / 履歴少 / 着差タイト
202635082503,2026-08-25,3,ラグドール,10.0,8.0,塚本涼人,56.0,,4.0,1.0,盛岡,C1,1:27.4,1.3,曇,9.0,1.0,盛岡,C1四組,1:27.4,0.7,晴,5.0,1.0,盛岡,C1四組,1:27.4,0.5,曇,3.0,2.0,盛岡,C2一組,1:27.0,0.1,晴,2.0,2.0,盛岡,C2二組,1:26.3,0.9,晴,8.3,4.0,,nar,2026-08-25,52.94,67.3,23.1,75.1,54.5,48.6,56.2,盛岡実績 / 履歴少 / 着差タイト / 安定感
202646082503,2026-08-25,3,ラッキードラゴン,2.0,2.0,青柳正義,57.0,,7.0,3.0,金沢,楽天ポイントが貯まる(C1C2),0:57.8,0.9,雨,1.0,5.0,金沢,能登復興支援福浦港賞(C2),1:33.9,-0.5,晴,12.0,12.0,名古屋,C11組,1:34.0,2.3,曇,10.0,5.0,名古屋,久保田大登1歳の誕生(C),1:33.2,2.4,晴,6.0,7.0,名古屋,福寿草賞(C),1:39.0,1.7,晴,9.5,3.0,,nar,2026-08-25,48.73,53.4,44.1,24.9,51.5,54.6,51.2,金沢実績 / 履歴少 / タイム大幅改善 / 着差タイト
202630082503,2026-08-25,3,ラヴィアール,5.0,5.0,桑村真明,55.0,,6.0,3.0,門別,2歳牝馬未勝利(未勝利),1:10.3,1.0,晴,2.0,8.0,門別,2歳牝馬未勝利(未勝利),1:10.5,0.3,曇,6.0,7.0,門別,2歳牝馬未勝利(未勝利),1:10.7,0.9,雨,3.0,7.0,門別,2歳未勝利(未勝利),1:03.5,2.2,晴,6.0,12.0,門別,日高町の地酒「縁」と(未勝利)(2歳),1:03.7,1.7,晴,10.2,7.0,,nar,2026-08-25,59.65,71.5,63.9,39.5,39.5,66.5,49.6,履歴少 / 着差タイト / 過小評価傾向
202630082503,2026-08-25,3,リヴァモアザン,12.0,8.0,黒澤愛斗,55.0,,2.0,4.0,門別,2歳牝馬未勝利(未勝利),1:09.4,0.1,晴,8.0,10.0,門別,2歳未勝利(未勝利),1:09.8,1.4,曇,3.0,7.0,門別,JRA認定競走フレッ(新馬)(2歳),1:11.1,2.2,曇,,,,,,,,,,,,,,,4.3,1.0,,nar,2026-08-25,66.94,74.0,67.7,50.2,71.0,64.9,54.0,門別実績 / 履歴少 / タイム改善 / 前走接戦好走
202647082503,2026-08-25,3,リート,3.0,3.0,森島貴之,55.0,,2.0,1.0,笠松,ハルとダイチがきた!(C),1:34.6,1.1,晴,5.0,4.0,笠松,C級未勝利,1:34.2,1.2,晴,4.0,6.0,笠松,C10組,1:33.9,1.5,晴,7.0,7.0,笠松,石橋和子さんもうすぐ(C),1:33.1,1.1,曇,3.0,8.0,笠松,ポルコチャンピオンシ(C),1:32.7,0.4,晴,6.5,3.0,,nar,2026-08-25,66.98,76.2,52.5,85.4,66.5,61.2,56.2,笠松実績 / 履歴少 / 前走接戦好走 / 近走上向き
202635082503,2026-08-25,3,ワナカ,9.0,8.0,高橋悠里,54.0,,1.0,1.0,盛岡,C2四組,1:13.0,-0.1,晴,9.0,8.0,浦和,浦和競馬×netke(C2),2:16.1,4.2,晴,6.0,6.0,浦和,上尾宿賞(C2),2:13.8,1.3,曇,8.0,8.0,浦和,C2五　六,1:40.0,1.6,曇,8.0,9.0,船橋,C2五　六,1:39.4,1.3,曇,2.5,1.0,,nar,2026-08-25,56.78,62.2,49.0,30.4,90.5,52.9,50.0,タイム大幅改善 / 近走上向き
202630082503,2026-08-25,3,ヴィーナスマインド,10.0,7.0,落合玄太,55.0,,4.0,8.0,門別,2歳未勝利(未勝利),1:04.1,1.3,晴,10.0,9.0,門別,2歳未勝利(未勝利),1:05.1,2.3,曇,,,門別,2歳牝馬未勝利(未勝利),,,曇,6.0,7.0,門別,JRA認定競走フレッ(新馬)(2歳),1:04.9,2.3,晴,,,,,,,,30.1,9.0,,nar,2026-08-25,56.71,55.5,61.1,30.4,74.0,59.1,49.8,前走人気以上 / タイム大幅改善 / 近走上向き / 市場オッズ妙味
202635082503,2026-08-25,3,ヴェニーレ,6.0,6.0,関本玲花,54.0,,3.0,2.0,盛岡,C2二組,1:27.3,2.1,曇,2.0,2.0,盛岡,C2三組,1:29.2,0.4,曇,2.0,3.0,盛岡,C2四組,1:26.8,0.2,晴,5.0,6.0,盛岡,C2五組,1:14.2,0.6,曇,6.0,10.0,盛岡,C2三組,1:27.9,0.6,曇,11.7,7.0,,nar,2026-08-25,69.06,82.8,53.2,89.7,54.5,63.7,56.2,盛岡実績 / 履歴少 / タイム大幅改善 / 着差タイト
202647082504,2026-08-25,4,アイヴカムバック,5.0,5.0,大原浩司,55.0,,5.0,6.0,笠松,祝!67期独立乗務1(C),1:32.6,3.0,曇,3.0,4.0,笠松,C級サバイバル,1:34.0,1.1,晴,4.0,10.0,笠松,木之前葵騎手お誕生日(C),1:33.1,0.4,晴,8.0,7.0,笠松,束ねて折れない4つの(C),1:35.6,4.4,雨,5.0,9.0,笠松,大衆焼肉道楽2周年記(C),1:34.5,0.8,晴,14.7,5.0,,nar,2026-08-25,67.73,70.1,64.0,85.4,50.0,68.6,56.2,笠松実績 / 履歴少 / タイム大幅改善 / 着差タイト
202630082504,2026-08-25,4,アオフガーベ,1.0,1.0,桑村真明,55.0,,2.0,2.0,門別,2歳未勝利(未勝利),1:10.1,0.9,晴,5.0,7.0,門別,JRA認定競走アタッ(未勝利)(2歳),1:53.7,1.4,曇,7.0,5.0,門別,JRA認定競走フレッ(新馬)(2歳),1:03.2,1.3,曇,,,,,,,,,,,,,,,2.3,1.0,,nar,2026-08-25,62.43,73.5,51.0,55.3,74.0,53.5,54.0,門別実績 / 履歴少 / タイム大幅改善 / 着差タイト
202643082504,2026-08-25,4,アドラマリク,12.0,8.0,Ｆ．ゴン,56.0,,9.0,2.0,船橋,C2二　三,1:40.1,1.8,曇,5.0,1.0,浦和,C2五,1:30.3,0.7,晴,9.0,4.0,船橋,かに座特別(C2),1:48.1,3.0,曇,9.0,3.0,船橋,タマシギ特別(C2),1:47.0,2.8,晴,1.0,6.0,船橋,C2五　六,1:38.1,-0.1,曇,13.1,6.0,,nar,2026-08-25,38.54,50.6,18.7,35.3,32.0,47.2,47.1,履歴少 / 着差タイト / 市場オッズ妙味
202646082504,2026-08-25,4,イーベンホルツ,6.0,6.0,平瀬城久,57.0,,5.0,9.0,金沢,超光速微粒子の可能性(C1),1:40.6,0.9,雨,8.0,8.0,金沢,お家でネット投票!楽(C1),1:34.0,3.5,雨,5.0,9.0,金沢,C14,1:33.6,1.2,曇,5.0,6.0,金沢,いのちゃん@36歳年(C1特別),1:42.0,1.0,曇,4.0,9.0,金沢,孝明杯(C1),1:42.0,0.2,曇,20.0,7.0,,nar,2026-08-25,64.77,62.8,68.7,75.1,53.0,65.4,56.2,金沢実績 / 前走人気以上 / 履歴少 / 着差タイト
202643082504,2026-08-25,4,ウェカピポ,4.0,4.0,岡村健司,56.0,,5.0,1.0,船橋,夏茜特別(C2),2:01.0,1.9,曇,2.0,1.0,船橋,馬い!菊池水田生ごぼ(C2),1:40.3,0.2,曇,6.0,4.0,船橋,C2四　五六　ア(C2五),1:40.3,1.1,曇,6.0,3.0,船橋,馬い!山武たがやす倶(C2),1:16.9,0.9,曇,5.0,3.0,船橋,C2四　五,1:39.8,1.3,雨,12.9,5.0,,nar,2026-08-25,54.72,71.2,32.5,65.7,48.5,53.1,52.9,船橋実績 / 履歴少 / 着差タイト / 安定感
202643082504,2026-08-25,4,エクレールスカイ,5.0,5.0,山口達弥,56.0,,6.0,10.0,船橋,C2二　三,1:39.8,1.5,曇,8.0,7.0,船橋,2026Jockey(C2),2:00.4,1.9,晴,8.0,8.0,船橋,C2四　五,1:40.5,2.0,雨,8.0,10.0,船橋,馬い!野菜はたがやす(C2),1:40.2,1.1,曇,11.0,8.0,船橋,C2二　三四　ア(C2三),1:40.0,2.7,晴,31.0,9.0,,nar,2026-08-25,47.22,46.4,56.6,0.0,66.5,54.1,43.8,前走人気以上 / 履歴少 / タイム大幅改善 / 近走上向き
202630082504,2026-08-25,4,エムティアドニス,4.0,4.0,服部茂史,55.0,,4.0,7.0,門別,JRA認定競走フレッ(新馬)(2歳),1:17.2,1.2,雨,,,,,,,,,,,,,,,,,,,,,,,,,,,,,8.7,4.0,,nar,2026-08-25,43.89,46.4,45.3,36.3,40.6,42.0,48.8,前走人気以上 / 履歴少 / サンプル少
202647082504,2026-08-25,4,エンシェントダンス,7.0,7.0,加藤聡一,55.0,,2.0,4.0,笠松,C11組,1:33.1,0.2,曇,6.0,3.0,笠松,田中将太技師昇進記念(C),1:34.2,1.9,晴,8.0,7.0,浦和,C2五　六,1:40.1,2.6,曇,6.0,10.0,浦和,C2五　六,1:39.8,1.4,曇,,,船橋,C2五　六,,,曇,2.0,1.0,,nar,2026-08-25,58.31,67.3,51.9,30.4,78.0,53.8,51.2,笠松実績 / 履歴少 / タイム大幅改善 / 前走接戦好走
202647082504,2026-08-25,4,オオイリブクロ,8.0,8.0,塚本征吾,57.0,,6.0,8.0,笠松,仕掛け花火特別(C),1:49.2,2.3,晴,1.0,2.0,笠松,加織・文行結婚記念(C),1:35.3,-0.4,晴,9.0,8.0,笠松,C13組,1:36.9,4.9,晴,9.0,8.0,笠松,C10組,1:36.6,4.2,晴,5.0,5.0,笠松,C級サバイバル,1:33.2,0.5,晴,5.7,3.0,,nar,2026-08-25,54.07,62.6,53.6,35.3,50.0,56.2,49.6,履歴少 / 前走接戦好走
202643082504,2026-08-25,4,オニムシャ,7.0,6.0,所蛍,55.0,,7.0,12.0,船橋,C2二　三,1:39.9,1.6,曇,12.0,12.0,船橋,2026Jockey(C2),2:07.1,6.3,曇,8.0,8.0,浦和,草加宿特別(C2),1:38.5,1.8,曇,12.0,12.0,浦和,特選(C2),2:16.8,3.7,曇,10.0,12.0,浦和,芝桜特別(C2),2:16.6,2.5,曇,161.4,12.0,,nar,2026-08-25,45.26,32.1,62.1,0.0,71.0,55.5,43.8,前走人気以上 / 履歴少 / タイム大幅改善 / 近走上向き
202643082504,2026-08-25,4,ガンバリキ,8.0,6.0,沖響主,51.0,,12.0,9.0,船橋,C2二　三,1:41.0,2.7,曇,,,船橋,馬い!菊池水田生ごぼ(C2),,,曇,4.0,4.0,船橋,C2二　三,1:39.0,1.0,曇,11.0,6.0,船橋,馬い!実況ありがとう(C2三),1:17.9,1.9,曇,5.0,4.0,船橋,馬い!八丈西浜レモン(C2),1:40.2,0.5,雨,20.2,7.0,,nar,2026-08-25,36.43,38.1,33.7,30.1,18.0,44.3,51.2,船橋実績 / 履歴少 / 着差タイト
202647082504,2026-08-25,4,キミニメロメロ,4.0,4.0,井口裕貴,52.0,,5.0,4.0,笠松,カサマツ音頭を踊ろう(C),1:32.9,0.8,曇,7.0,5.0,笠松,祝50歳第二章開幕!(C),1:34.9,2.0,晴,10.0,4.0,笠松,木之前葵騎手お誕生日(C),1:34.5,1.8,晴,9.0,4.0,笠松,春荒賞(C),1:34.7,2.0,晴,2.0,8.0,笠松,第20回ナコ生誕記念(C),1:33.7,0.8,晴,20.2,7.0,,nar,2026-08-25,49.22,53.9,35.3,40.7,62.0,51.1,49.6,履歴少 / タイム大幅改善 / 着差タイト / 市場オッズ妙味
202643082504,2026-08-25,4,キングブルズアイズ,10.0,7.0,山中悠希,56.0,,2.0,1.0,船橋,2026Jockey(C3),2:01.1,0.1,曇,4.0,1.0,船橋,C2四　五,1:17.9,0.8,曇,4.0,1.0,船橋,馬い!スイートポテト(C2五),1:18.2,0.5,曇,3.0,5.0,船橋,C2六　七八　イ(C2七),1:16.9,0.7,晴,,1.0,浦和,初笑い特別(C2),,,晴,10.2,3.0,,nar,2026-08-25,64.94,82.7,39.4,89.7,60.0,55.8,59.5,船橋実績 / 履歴少 / 着差タイト / 安定感
202646082504,2026-08-25,4,ギンザターゲット,3.0,3.0,鈴木太一,55.0,,,,金沢,超光速微粒子の可能性(C1),,,雨,9.0,5.0,金沢,能登復興支援高爪山賞(B2),1:33.8,2.0,曇,4.0,10.0,金沢,C13,1:34.0,1.9,曇,4.0,8.0,金沢,ダッシュダッシュいの(C1特別),1:42.7,1.9,曇,7.0,7.0,金沢,C14,1:34.9,3.0,曇,21.5,8.0,,nar,2026-08-25,50.84,58.1,57.8,34.3,26.0,59.6,51.2,金沢実績 / 履歴少 / 市場オッズ妙味
202647082504,2026-08-25,4,クイーンズグリーン,3.0,3.0,阿部基嗣,54.0,,7.0,2.0,笠松,カサマツ音頭を踊ろう(C),1:33.6,1.5,曇,2.0,6.0,笠松,田中将太技師昇進記念(C),1:33.4,1.1,晴,7.0,9.0,笠松,木之前葵騎手お誕生日(C),1:33.7,1.0,晴,6.0,3.0,笠松,和葉ちゃん4才おめで(C),1:34.5,1.6,曇,10.0,12.0,笠松,宮川特別(C),1:34.3,3.4,晴,16.5,6.0,,nar,2026-08-25,50.22,60.7,47.5,24.9,45.5,58.9,46.3,履歴少 / 着差タイト / 市場オッズ妙味
202635082504,2026-08-25,4,クリエ,7.0,7.0,阿部英俊,56.0,,11.0,8.0,盛岡,ポイントたまる!楽天(3歳C1),1:30.8,2.2,晴,6.0,8.0,盛岡,3歳C1二組,1:28.5,2.4,小雨,9.0,9.0,盛岡,3歳C1二組,1:29.2,2.1,曇,6.0,11.0,盛岡,3歳C1二組,1:29.0,1.4,曇,8.0,8.0,水沢,3歳C2一組,1:32.2,3.1,雨,219.8,10.0,,nar,2026-08-25,39.31,41.4,52.2,0.0,27.5,53.5,43.8,履歴少
202646082504,2026-08-25,4,グッドラックスター,1.0,1.0,浅野登生,52.0,,5.0,6.0,金沢,楽天ポイントが貯まる(C1C2),0:57.8,0.9,雨,5.0,7.0,金沢,お家でネット投票!楽(C1),1:32.8,2.3,雨,6.0,6.0,金沢,C14,1:33.7,1.3,曇,7.0,9.0,金沢,白山手取川ジオパーク(C1),1:34.8,2.0,曇,4.0,6.0,金沢,C14,1:33.9,2.0,曇,7.0,3.0,,nar,2026-08-25,61.89,64.9,59.1,65.7,53.0,62.8,52.9,金沢実績 / 履歴少 / タイム大幅改善 / 着差タイト
202647082504,2026-08-25,4,グロリアストップ,6.0,6.0,深澤杏花,53.0,,2.0,3.0,笠松,木之前葵騎手お誕生日(C),1:32.7,0.0,晴,2.0,4.0,笠松,和葉ちゃん4才おめで(C),1:33.5,0.6,曇,8.0,3.0,笠松,浪江祐次お誕生日記念(C),1:34.9,3.2,晴,2.0,1.0,笠松,C級セレクション,1:33.4,0.1,曇,4.0,7.0,笠松,C18組,1:33.7,0.8,晴,4.0,2.0,,nar,2026-08-25,66.0,80.9,49.9,80.2,62.0,55.9,56.2,笠松実績 / 履歴少 / タイム改善 / 着差タイト
202635082504,2026-08-25,4,ケイジ,3.0,3.0,村上忍,56.0,,2.0,5.0,盛岡,3歳C2一組,1:26.2,0.0,曇,4.0,2.0,盛岡,22GARAGE賞(3歳C2),1:27.7,0.8,曇,6.0,1.0,盛岡,3歳C1三組,1:28.0,1.1,曇,2.0,1.0,水沢,3歳C2三組,1:29.1,0.9,雨,1.0,1.0,水沢,3歳C2三組,1:21.8,-0.5,雨,5.4,2.0,,nar,2026-08-25,64.53,82.5,45.0,80.2,57.5,53.9,53.1,盛岡実績 / 前走人気以上 / タイム大幅改善 / 着差タイト
202646082504,2026-08-25,4,コウエツ,4.0,4.0,栗原大河,55.0,,1.0,2.0,金沢,金沢競馬で目指せ初勝(C2),1:34.6,-0.2,晴,9.0,10.0,金沢,スマホで投票!楽天競(C2),1:35.0,3.4,晴,5.0,7.0,金沢,C24,1:42.1,1.2,曇,4.0,6.0,金沢,小川雅士さんお誕生日(C2),1:35.3,2.0,曇,9.0,9.0,金沢,幻のいちじく黒蜜姫杯(C2),1:35.8,2.9,曇,7.4,4.0,,nar,2026-08-25,65.29,67.6,58.7,64.7,84.5,62.4,52.9,金沢実績 / 履歴少 / タイム改善 / 近走上向き
202647082504,2026-08-25,4,ココロエ,2.0,2.0,東川慎,55.0,,7.0,8.0,笠松,C級セレクション,1:47.6,2.1,曇,3.0,3.0,笠松,祝50歳第二章開幕!(C),1:34.0,1.1,晴,2.0,2.0,笠松,陽向バースデー記念(C),1:33.2,1.5,晴,4.0,5.0,笠松,和葉ちゃん4才おめで(C),1:33.9,1.0,曇,9.0,6.0,笠松,浪江祐次お誕生日記念(C),1:34.9,3.2,晴,9.8,4.0,,nar,2026-08-25,57.13,69.7,51.0,59.3,35.0,59.1,52.9,笠松実績 / 履歴少 / 着差タイト
202643082504,2026-08-25,4,サトノオリエンタル,6.0,5.0,笹川翼,54.0,,2.0,1.0,船橋,疾風迅雷スプリント(C2),1:16.1,0.7,晴,1.0,1.0,船橋,馬い!八幡平バイオレ(C2),1:16.7,-0.3,曇,1.0,1.0,船橋,C3二,1:16.8,-0.2,曇,3.0,13.0,1京都7,3歳新馬,1:28.3,0.9,晴,,,,,,,,1.8,1.0,,nar,2026-08-25,72.36,94.7,59.0,89.7,48.0,59.8,59.5,船橋実績 / 履歴少 / タイム改善 / 着差タイト
202643082504,2026-08-25,4,サージ,3.0,3.0,中山遥人,55.0,,4.0,4.0,船橋,C2二　三,1:39.1,0.8,曇,11.0,3.0,浦和,浦和競馬×netke(C2),2:17.5,5.6,晴,3.0,1.0,浦和,C2三　四,1:37.2,1.3,曇,1.0,5.0,船橋,御堂筋エンジ八咫烏記(C2),1:39.7,0.0,曇,3.0,4.0,浦和,C2九,1:32.0,0.8,曇,11.8,4.0,,nar,2026-08-25,58.4,68.0,38.1,75.1,53.0,57.3,56.4,船橋実績 / タイム大幅改善 / 着差タイト / 安定感
202635082504,2026-08-25,4,シスターブラック,6.0,6.0,斉藤友香,50.0,,9.0,7.0,盛岡,3歳C2一組,1:28.7,2.5,晴,7.0,8.0,盛岡,3歳C2一組,1:26.8,0.6,曇,6.0,6.0,盛岡,22GARAGE賞(3歳C2),1:28.4,1.5,曇,8.0,5.0,盛岡,3歳C1二組,1:29.2,1.6,曇,10.0,6.0,水沢,3歳C2一組,1:32.7,3.6,雨,88.6,9.0,,nar,2026-08-25,39.34,45.1,41.5,0.0,42.5,46.4,46.5,着差タイト
202635082504,2026-08-25,4,シャンペトルブーケ,5.0,5.0,山本政聡,54.0,,4.0,1.0,盛岡,ポイントたまる!楽天(3歳C1),1:29.7,1.1,晴,1.0,1.0,盛岡,DCあーしゃんず3周(3歳C2),1:27.2,-0.7,曇,16.0,9.0,1新潟7,3歳未勝利,1:26.0,2.7,晴,8.0,13.0,5阪神5,2歳未勝利,1:34.2,0.6,晴,14.0,4.0,3福島2,2歳未勝利,1:10.6,1.2,曇,7.5,4.0,,nar,2026-08-25,52.64,54.4,31.8,55.3,84.5,48.8,56.4,盛岡実績 / 着差タイト / 近走上向き
202643082504,2026-08-25,4,スカーレットクロス,11.0,8.0,仲野光馬,54.0,,2.0,3.0,船橋,C2二　三,1:38.6,0.3,曇,1.0,1.0,船橋,C2六　七,1:42.3,-1.1,曇,9.0,3.0,船橋,C2七　八九　ウ(C2八),1:17.4,1.6,曇,4.0,1.0,水沢,B2三組,1:42.3,0.5,曇,1.0,3.0,盛岡,イギリス海岸賞(C1),1:39.8,0.0,晴,5.0,2.0,,nar,2026-08-25,63.96,81.4,42.2,80.2,60.5,52.9,54.0,船橋実績 / 履歴少 / タイム大幅改善 / 前走接戦好走
202635082504,2026-08-25,4,タイセイパフューム,4.0,4.0,高松亮,54.0,,5.0,2.0,盛岡,ポイントたまる!楽天(3歳C1),1:29.9,1.3,晴,1.0,5.0,盛岡,3歳C2二組,1:25.7,-0.3,曇,3.0,4.0,盛岡,DCあーしゃんず3周(3歳C2),1:28.1,0.9,曇,4.0,3.0,盛岡,3歳C2二組,1:15.0,0.5,曇,3.0,2.0,水沢,3歳C2四組,1:22.5,0.2,小雨,19.2,7.0,,nar,2026-08-25,66.33,82.0,50.2,100.0,36.5,62.2,56.4,盛岡実績 / 着差タイト / 安定感 / 市場オッズ妙味
202630082504,2026-08-25,4,タッタータ,7.0,7.0,亀井洋司,55.0,,10.0,11.0,門別,JRA認定競走フレッ(新馬)(2歳),1:08.8,6.4,晴,,,,,,,,,,,,,,,,,,,,,,,,,,,,,127.6,10.0,,nar,2026-08-25,39.36,35.8,42.2,29.6,40.6,41.7,48.8,履歴少 / サンプル少
202630082504,2026-08-25,4,ダリサス,9.0,8.0,松井伸也,55.0,,10.0,9.0,門別,2歳未勝利(未勝利),1:05.7,2.9,晴,8.0,9.0,門別,JRA認定競走フレッ(新馬)(2歳),1:05.4,2.7,曇,,,,,,,,,,,,,,,,,,,,,,66.4,8.0,,nar,2026-08-25,39.16,37.4,45.1,18.0,38.9,48.0,43.2,履歴少 / サンプル少
202643082504,2026-08-25,4,テリオスボス,2.0,2.0,和田譲治,56.0,,10.0,8.0,船橋,C2二　三,1:40.3,2.0,曇,9.0,7.0,浦和,C2六,1:38.4,1.5,曇,2.0,3.0,船橋,C2四　五,1:39.7,0.5,曇,3.0,6.0,船橋,C2四　五六　ア(C2五),1:40.2,1.0,曇,7.0,2.0,浦和,C2七　八,1:39.2,0.8,曇,29.9,8.0,,nar,2026-08-25,45.03,53.3,43.1,34.3,21.5,51.5,53.1,船橋実績 / 着差タイト / 市場オッズ妙味
202647082504,2026-08-25,4,テーオーライラ,1.0,1.0,森島貴之,55.0,,4.0,7.0,笠松,カサマツ音頭を踊ろう(C),1:32.9,0.8,曇,6.0,6.0,笠松,C級サバイバル,1:35.0,2.1,晴,10.0,9.0,笠松,本日の旅費回収杯(C),1:49.5,4.2,晴,8.0,10.0,笠松,絆アニバ杯(C),1:34.6,2.7,雨,9.0,10.0,笠松,藤田あずさ生誕記念(C),1:34.3,2.3,晴,24.1,8.0,,nar,2026-08-25,55.56,53.7,57.8,30.4,75.5,58.0,46.3,前走人気以上 / 履歴少 / タイム大幅改善 / 着差タイト
202630082504,2026-08-25,4,デンノウガール,6.0,6.0,石川倭,55.0,,10.0,8.0,門別,JRA認定競走アタッ(未勝利)(2歳),1:17.0,2.6,晴,3.0,2.0,門別,JRA認定競走アタッ(未勝利)(2歳),1:09.2,0.6,曇,2.0,1.0,門別,JRA認定競走アタッ(未勝利)(2歳),1:09.4,0.1,曇,2.0,1.0,門別,JRA認定競走アタッ(未勝利)(2歳),1:10.1,0.8,曇,4.0,3.0,門別,JRA認定競走フレッ(新馬)(2歳),1:09.9,1.8,晴,2.9,2.0,,nar,2026-08-25,51.49,68.9,40.9,69.6,6.5,50.6,56.2,門別実績 / 履歴少 / 着差タイト / 安定感
202646082504,2026-08-25,4,ナイトアウェイ,5.0,5.0,中島龍也,57.0,,6.0,3.0,金沢,超光速微粒子の可能性(C1),1:41.8,2.1,雨,5.0,9.0,金沢,楽天競馬で馬券を買お(C1C2),0:57.3,1.0,曇,3.0,1.0,金沢,ホップステップぴんみ(C1),1:40.6,1.1,曇,4.0,7.0,金沢,C12,1:41.8,1.8,曇,3.0,3.0,金沢,C16,1:41.6,0.3,曇,4.1,2.0,,nar,2026-08-25,59.19,71.6,50.9,69.6,36.5,57.3,56.2,金沢実績 / 履歴少 / 着差タイト / 安定感
202646082504,2026-08-25,4,ナギサノバルコニー,7.0,7.0,柴田勇真,55.0,,2.0,3.0,金沢,睦斗小学校入学&紬ほ(C1),1:33.5,0.3,曇,7.0,3.0,金沢,楽天競馬で馬券を買お(C1C2),0:57.6,1.3,曇,2.0,5.0,金沢,小田島ゴールインカッ(C2),1:34.0,0.7,曇,4.0,8.0,金沢,楽天競馬で馬券を買お(C2),1:34.5,0.8,曇,2.0,7.0,金沢,楽天競馬で馬券を買お(C2),0:57.7,0.1,曇,2.2,1.0,,nar,2026-08-25,66.72,79.7,57.0,75.1,60.5,59.2,56.2,金沢実績 / 履歴少 / 着差タイト / 安定感
202635082504,2026-08-25,4,ナズドゥラヴィ,1.0,1.0,高橋悠里,54.0,,2.0,4.0,盛岡,3歳C2二組,1:26.2,2.3,晴,1.0,2.0,盛岡,3歳C2五組,1:13.2,-0.7,晴,2.0,5.0,盛岡,3歳C2七組,1:14.6,0.0,曇,13.0,10.0,3東京1,3歳未勝利,2:02.2,2.6,晴,11.0,9.0,1中山3,3歳新馬,2:03.9,4.8,晴,1.7,1.0,,nar,2026-08-25,65.78,73.7,55.6,75.1,78.5,52.9,59.5,盛岡実績 / 履歴少 / 近走上向き / 安定感
202635082504,2026-08-25,4,ノーブルガイザー,10.0,8.0,山本聡哉,56.0,,6.0,3.0,盛岡,ポイントたまる!楽天(3歳C1),1:30.0,1.4,晴,3.0,1.0,盛岡,22GARAGE賞(3歳C2),1:27.6,0.7,曇,3.0,4.0,盛岡,3歳C1三組,1:27.3,0.4,曇,1.0,2.0,水沢,3歳C2五組,1:22.4,0.0,小雨,2.0,2.0,水沢,3歳C2二組,1:22.7,0.1,雨,7.4,3.0,,nar,2026-08-25,58.04,79.9,42.5,69.6,27.5,56.6,53.1,盛岡実績 / 着差タイト / 安定感
202635082504,2026-08-25,4,ピッタンヌンムル,8.0,7.0,山本聡紀,54.0,,2.0,5.0,盛岡,ポイントたまる!楽天(3歳C1),1:29.2,0.6,晴,4.0,5.0,盛岡,3歳C1二組,1:27.7,1.6,小雨,6.0,3.0,盛岡,3歳C1二組,1:28.0,0.9,曇,3.0,3.0,盛岡,3歳C1二組,1:28.0,0.4,曇,3.0,2.0,水沢,3歳C2二組,1:29.2,0.2,雨,18.5,6.0,,nar,2026-08-25,66.96,79.7,53.3,80.2,62.0,62.2,55.3,盛岡実績 / 前走人気以上 / 履歴少 / 着差タイト
202643082504,2026-08-25,4,プリンセスサクラ,1.0,1.0,秋元耕成,54.0,,6.0,8.0,浦和,C2五,1:38.8,2.0,曇,6.0,11.0,浦和,C2五,1:31.0,1.4,晴,8.0,5.0,浦和,農業王国ふかや賞(C2),1:31.0,1.9,曇,8.0,4.0,浦和,C2三　四,1:39.7,2.3,晴,12.0,1.0,浦和,浦和ジョッキーズファ(C2),1:34.0,2.9,曇,32.9,10.0,,nar,2026-08-25,44.17,49.5,46.8,0.0,65.0,45.7,48.8,履歴少 / 近走上向き / 市場オッズ妙味
202630082504,2026-08-25,4,ベラジオファイト,10.0,8.0,落合玄太,55.0,,4.0,6.0,門別,2歳未勝利(未勝利),1:10.7,1.5,晴,12.0,6.0,門別,2歳未勝利(未勝利),1:19.5,5.0,雨,6.0,2.0,門別,JRA認定競走フレッ(新馬)(2歳),1:04.5,2.6,晴,,,,,,,,,,,,,,,11.0,5.0,,nar,2026-08-25,48.05,50.5,34.4,30.4,80.0,49.0,48.5,履歴少 / タイム大幅改善 / 近走上向き
202646082504,2026-08-25,4,ペダンクルアーチ,9.0,8.0,沖静男,57.0,,9.0,10.0,金沢,超光速微粒子の可能性(C1),1:44.2,4.5,雨,11.0,10.0,金沢,能登復興支援高爪山賞(B2),1:34.3,2.5,曇,5.0,8.0,金沢,C13,1:34.1,2.0,曇,5.0,4.0,金沢,ダッシュダッシュいの(C1特別),1:42.7,1.9,曇,10.0,5.0,金沢,C13,1:35.7,2.3,曇,18.4,6.0,,nar,2026-08-25,45.76,42.2,49.9,34.3,42.5,53.6,52.6,クラス条件好転 / 履歴少 / 市場オッズ妙味
202635082504,2026-08-25,4,ボグラーモデル,9.0,8.0,岩本怜,56.0,,7.0,10.0,盛岡,ポイントたまる!楽天(3歳C1),1:30.1,1.5,晴,8.0,7.0,盛岡,3歳C1二組,1:28.6,2.5,小雨,7.0,8.0,盛岡,3歳C1二組,1:28.1,1.0,曇,8.0,8.0,盛岡,3歳C1一組,1:28.7,3.3,晴,9.0,7.0,水沢,3歳C1二組,1:33.7,3.6,晴,59.5,8.0,,nar,2026-08-25,45.22,47.2,54.6,0.0,56.0,52.2,43.8,前走人気以上 / 履歴少 / 着差タイト
202635082504,2026-08-25,4,ボビネット,2.0,2.0,塚本涼人,54.0,,2.0,4.0,盛岡,3歳C2一組,1:26.5,0.3,晴,2.0,4.0,盛岡,3歳C2二組,1:26.0,0.3,曇,2.0,5.0,盛岡,DCあーしゃんず3周(3歳C2),1:27.9,0.7,曇,3.0,4.0,盛岡,3歳C2二組,1:14.9,0.4,曇,3.0,6.0,水沢,3歳C2四組,1:22.5,0.2,小雨,12.3,5.0,,nar,2026-08-25,74.91,90.0,65.1,100.0,53.0,67.8,56.4,盛岡実績 / 前走人気以上 / 着差タイト / 人気以上に走る傾向
202630082504,2026-08-25,4,マホウ,3.0,3.0,小野楓馬,55.0,,6.0,3.0,門別,JRA認定競走アタッ(未勝利)(2歳),1:10.1,1.7,晴,2.0,5.0,門別,JRA認定競走アタッ(未勝利)(2歳),1:09.0,0.4,曇,6.0,5.0,門別,2歳未勝利(未勝利),1:03.2,1.5,曇,6.0,6.0,門別,JRA認定競走フレッ(新馬)(2歳),1:10.3,2.3,曇,,,,,,,,7.2,3.0,,nar,2026-08-25,51.75,68.9,47.2,24.9,42.0,55.5,47.1,履歴少 / 前走接戦好走
202646082504,2026-08-25,4,ミスティックパワー,2.0,2.0,服部大地,57.0,,8.0,8.0,金沢,楽天ポイントが貯まる(C1C2),0:58.0,1.1,雨,10.0,12.0,金沢,能登復興支援高爪山賞(B2),1:34.0,2.2,曇,6.0,6.0,金沢,C13,1:34.3,2.2,曇,8.0,11.0,金沢,白山手取川ジオパーク(C1),1:34.9,2.1,曇,5.0,7.0,金沢,C13,1:34.6,1.2,曇,36.9,9.0,,nar,2026-08-25,47.06,45.7,58.0,10.3,45.5,57.4,49.3,クラス条件好転 / 履歴少 / タイム大幅改善 / 市場オッズ妙味
202630082504,2026-08-25,4,モーニングヒカル,2.0,2.0,宮内勇樹,55.0,,7.0,5.0,門別,アイヌ文化のふるさと(未勝利)(2歳),1:12.9,3.8,晴,6.0,6.0,門別,JRA認定競走アタッ(未勝利)(2歳),1:04.4,2.9,晴,11.0,7.0,門別,2歳未勝利(未勝利),1:06.1,3.4,曇,7.0,8.0,門別,JRA認定競走アタッ(未勝利)(2歳),1:04.6,2.6,曇,9.0,10.0,門別,2歳未勝利(未勝利),1:12.0,2.6,曇,69.4,9.0,,nar,2026-08-25,41.09,46.0,42.0,0.0,57.5,49.0,43.8,履歴少
202630082504,2026-08-25,4,ヤングゼネラル,8.0,7.0,望月洵輝,55.0,,8.0,7.0,門別,2歳未勝利(未勝利),1:17.6,1.0,晴,11.0,12.0,門別,2歳未勝利(未勝利),1:57.4,3.9,曇,8.0,3.0,門別,2歳未勝利(未勝利),1:53.0,4.7,晴,4.0,5.0,門別,2歳未勝利(未勝利),1:42.7,1.1,晴,5.0,7.0,門別,2歳未勝利(未勝利),1:02.1,0.4,曇,18.4,6.0,,nar,2026-08-25,45.57,45.2,45.2,24.9,44.0,54.2,49.6,履歴少 / タイム大幅改善 / 着差タイト / 市場オッズ妙味
202646082504,2026-08-25,4,ラシェンテ,8.0,8.0,兼子千央,55.0,,2.0,8.0,金沢,C15,1:34.4,0.2,曇,,,金沢,C14,,,雨,5.0,9.0,金沢,C16,1:43.0,2.4,曇,8.0,8.0,金沢,C13,1:39.5,6.0,曇,8.0,7.0,金沢,孝明杯(C1),1:43.0,1.2,曇,10.1,5.0,,nar,2026-08-25,68.62,69.7,73.4,50.2,80.0,67.2,51.2,金沢実績 / 前走人気以上 / 履歴少 / タイム大幅改善
202630082504,2026-08-25,4,リュウノソイジャー,5.0,5.0,藤田凌駕,54.0,,5.0,7.0,門別,2歳未勝利(未勝利),1:10.0,1.1,晴,8.0,10.0,門別,JRA認定競走アタッ(未勝利)(2歳),1:55.2,2.9,曇,8.0,10.0,門別,2歳未勝利(未勝利),1:11.8,4.4,晴,,,門別,2歳未勝利(未勝利),,,曇,7.0,6.0,門別,JRA認定競走フレッ(新馬)(2歳),1:17.8,3.6,晴,38.7,7.0,,nar,2026-08-25,55.13,53.5,61.5,30.4,66.0,58.8,49.0,タイム大幅改善 / 近走上向き / 市場オッズ妙味
202643082504,2026-08-25,4,ルナーサウスポール,9.0,7.0,臼井健太,56.0,,6.0,10.0,船橋,七福神特別(C2),1:46.1,2.2,曇,4.0,4.0,船橋,馬い!菊池水田生ごぼ(C2),1:41.2,1.1,曇,6.0,4.0,船橋,C2二　三四　ア(C2三),1:39.4,1.3,曇,6.0,3.0,船橋,馬い!八丈西浜レモン(C2),1:40.4,0.7,雨,2.0,4.0,船橋,C2四　五六　ア(C2五),1:38.6,0.9,晴,56.4,11.0,,nar,2026-08-25,53.9,67.3,54.1,35.3,41.0,53.3,49.6,前走人気以上 / 履歴少 / 着差タイト
202635082505,2026-08-25,5,アイビーキラリ,1.0,1.0,鈴木祐,54.0,,2.0,5.0,盛岡,オッズパーク賞(3歳C1),1:29.3,0.3,晴,10.0,3.0,盛岡,3歳C1一組,1:28.8,2.3,曇,2.0,2.0,盛岡,3歳C1二組,1:27.8,0.2,曇,3.0,1.0,水沢,3歳C2一組,1:29.8,0.7,雨,2.0,2.0,水沢,3歳C1一組,1:32.1,0.2,曇,8.7,2.0,,nar,2026-08-25,61.44,74.9,42.1,75.1,63.5,55.3,54.0,盛岡実績 / 前走人気以上 / 履歴少 / 着差タイト
202630082505,2026-08-25,5,アーススカイ,4.0,4.0,石川倭,57.0,,9.0,9.0,門別,3歳以上C4ー3,1:17.5,1.5,晴,10.0,12.0,門別,ホクレン「くるるの杜(C4),1:17.7,2.2,雨,8.0,8.0,門別,3歳以上C4ー3,1:17.8,1.4,晴,7.0,8.0,門別,うらかわ馬フェスタ2(C4),1:18.6,2.4,曇,9.0,7.0,門別,3歳以上C4ー3,1:18.0,2.8,曇,122.4,9.0,,nar,2026-08-25,40.59,37.9,53.1,0.0,47.0,51.6,43.8,履歴少
202630082505,2026-08-25,5,アースミラーレ,5.0,5.0,若杉朝飛,57.0,,9.0,10.0,門別,アグリアクション20(C4),1:05.2,1.2,曇,8.0,10.0,門別,3歳以上C4ー3,1:04.9,1.9,晴,11.0,12.0,門別,3歳以上C4ー3,1:05.5,3.2,曇,11.0,11.0,門別,3歳以上C4ー3,1:06.8,3.7,晴,10.0,12.0,門別,グランシャリオドリー(C4),1:05.2,1.9,晴,456.6,11.0,,nar,2026-08-25,41.94,31.7,58.4,0.0,56.0,54.8,46.5,総合評価
202643082505,2026-08-25,5,ウィルスカイ,3.0,3.0,山中悠希,56.0,,2.0,1.0,船橋,3歳三,1:18.0,0.2,曇,1.0,1.0,門別,3歳以上C4ー3,1:15.0,-1.4,曇,7.0,1.0,門別,3歳以上C4ー3,1:17.5,1.6,曇,2.0,2.0,門別,3歳以上C4ー3,1:15.9,0.7,晴,3.0,5.0,門別,3歳以上C4ー3,1:02.8,1.0,曇,2.4,1.0,,nar,2026-08-25,62.74,85.3,41.0,80.2,57.5,50.5,48.8,履歴少 / 着差タイト / 安定感
202646082505,2026-08-25,5,ウインシャルマン,6.0,6.0,服部大地,57.0,,7.0,10.0,金沢,最高の推し!真白生誕(B2),1:42.4,2.7,晴,7.0,8.0,金沢,咲き誇れ!みこち8周(B2),1:42.5,3.7,曇,9.0,9.0,金沢,七尾祇園祭特別(C1),0:58.2,1.0,雨,9.0,9.0,金沢,としおゆうこ夫妻に感(B2),1:36.7,2.4,曇,8.0,9.0,金沢,B26,1:42.3,2.4,曇,588.8,9.0,,nar,2026-08-25,46.37,45.7,58.9,0.0,57.5,54.8,43.8,前走人気以上 / 履歴少 / 着差タイト
202635082505,2026-08-25,5,ウチュウノハナ,4.0,4.0,南郷家全,54.0,,9.0,8.0,盛岡,オッズパーク賞(3歳C1),1:30.1,1.1,晴,11.0,8.0,盛岡,3歳C1一組,1:29.0,2.5,曇,6.0,1.0,盛岡,3歳C1一組,1:28.1,1.5,曇,2.0,5.0,盛岡,3歳C1一組,1:27.0,1.6,晴,5.0,4.0,水沢,3歳C2一組,1:30.2,1.1,雨,14.8,4.0,,nar,2026-08-25,41.27,48.2,38.1,24.9,32.0,50.6,47.1,履歴少 / 市場オッズ妙味
202635082505,2026-08-25,5,エイシンシームレス,7.0,7.0,関本玲花,52.0,,8.0,10.0,盛岡,オッズパーク賞(3歳C1),1:29.9,0.9,晴,9.0,11.0,大井,3歳八　九十(3歳九),1:47.3,3.8,晴,,,大井,3歳七　八,,,曇,13.0,13.0,大井,3歳七　八九(3歳八),1:18.0,3.4,晴,11.0,16.0,大井,3歳六　七八(3歳七),1:17.4,2.2,雨,119.8,10.0,,nar,2026-08-25,46.51,31.2,64.2,0.0,68.0,58.2,48.8,履歴少 / タイム大幅改善 / 着差タイト / 近走上向き
202646082505,2026-08-25,5,エコロセブン,1.0,1.0,吉田晃浩,57.0,,9.0,11.0,金沢,最高の推し!真白生誕(B2),1:44.2,4.5,晴,8.0,6.0,金沢,咲き誇れ!みこち8周(B2),1:43.4,4.6,曇,9.0,8.0,金沢,さわやかさやか賞(C1),1:45.8,7.0,曇,5.0,4.0,金沢,愛☆日本一のウマ男祝(C1特別),1:42.8,1.2,曇,9.0,7.0,金沢,おれたちのアキナゲッ(C1),1:44.0,4.2,曇,394.0,8.0,,nar,2026-08-25,41.54,42.7,46.9,14.6,42.5,49.0,46.3,履歴少
202643082505,2026-08-25,5,エターナルフィズ,12.0,8.0,Ｆ．ゴン,54.0,,3.0,4.0,浦和,3歳三,1:31.1,0.4,曇,8.0,5.0,川崎,オーブ賞(3歳),1:39.8,1.8,曇,2.0,6.0,浦和,浦和競馬×netke(3歳),1:30.0,0.3,晴,3.0,5.0,船橋,3歳五,1:17.4,2.0,曇,6.0,8.0,浦和,熊谷宿賞(3歳),1:31.3,0.6,曇,10.6,5.0,,nar,2026-08-25,64.17,73.1,55.9,64.7,60.5,63.9,50.0,前走人気以上 / タイム大幅改善 / 着差タイト / 安定感
202647082505,2026-08-25,5,エファルジェント,6.0,6.0,馬渕繁治,55.0,,6.0,5.0,笠松,祝!67期独立乗務1(C),1:33.0,3.4,曇,5.0,3.0,笠松,C13組,1:33.8,1.5,晴,1.0,3.0,笠松,C級未勝利,1:33.0,0.0,晴,4.0,5.0,笠松,C10組,1:34.2,1.5,曇,5.0,7.0,笠松,C10組,1:34.1,1.7,晴,17.3,5.0,,nar,2026-08-25,59.93,73.1,49.6,69.6,36.5,63.4,56.2,笠松実績 / 履歴少 / タイム改善 / 安定感
202643082505,2026-08-25,5,オパールグリーン,1.0,1.0,保園翔也,54.0,,8.0,8.0,浦和,3歳　未格付,0:49.3,1.9,晴,3.0,7.0,浦和,ランチタイム(3歳),0:49.0,0.8,雨,8.0,6.0,浦和,3歳　未格付,0:49.4,2.0,雨,2.0,4.0,浦和,浦和800ラウンド(3歳),0:49.7,0.6,晴,2.0,7.0,浦和,浦和800ラウンド(3歳),0:49.1,1.2,雨,49.9,11.0,,nar,2026-08-25,55.96,65.9,59.9,49.8,24.5,62.1,50.0,前走人気以上 / 着差タイト / 市場オッズ妙味
202630082505,2026-08-25,5,カインドオブユー,1.0,1.0,松井伸也,57.0,,2.0,5.0,門別,3歳以上C4ー3,1:16.1,0.1,晴,3.0,4.0,門別,3歳以上C4ー3,1:16.9,0.8,晴,3.0,3.0,門別,ゲッケイジュ特別(C4),1:16.6,0.9,曇,7.0,5.0,門別,グランシャリオドリー(C4),1:16.9,1.5,晴,2.0,5.0,門別,3歳以上C4ー3,1:16.1,1.1,曇,10.6,5.0,,nar,2026-08-25,70.34,82.6,58.3,85.4,60.5,63.3,56.2,門別実績 / 前走人気以上 / 履歴少 / タイム大幅改善
202635082505,2026-08-25,5,キングスペード,6.0,6.0,高松亮,56.0,,1.0,1.0,盛岡,3歳C2一組,1:26.2,0.0,曇,1.0,1.0,盛岡,安比高原夏休み賞(3歳C2),1:13.3,-1.0,曇,11.0,14.0,3阪神4,3歳未勝利,1:56.3,1.5,曇,10.0,7.0,1新潟8,3歳未勝利,1:57.5,3.5,曇,10.0,5.0,1阪神5,3歳未勝利,2:11.4,3.1,晴,1.2,1.0,,nar,2026-08-25,60.22,66.2,47.5,55.3,92.0,47.5,59.5,盛岡実績 / 履歴少 / 近走上向き
202635082505,2026-08-25,5,クラージュクリール,8.0,7.0,阿部英俊,56.0,,6.0,7.0,盛岡,オッズパーク賞(3歳C1),1:29.7,0.7,晴,6.0,11.0,盛岡,3歳C1一組,1:27.8,1.3,曇,5.0,5.0,盛岡,3歳C1一組,1:27.8,1.2,曇,4.0,10.0,盛岡,3歳C1一組,1:27.3,1.9,晴,6.0,9.0,水沢,3歳C1二組,1:31.7,1.6,晴,18.4,5.0,,nar,2026-08-25,59.35,63.9,69.1,34.3,45.5,68.9,51.2,盛岡実績 / 履歴少 / 着差タイト / 人気以上に走る傾向
202630082505,2026-08-25,5,クロームボーイ,2.0,2.0,岩橋勇二,57.0,,7.0,3.0,門別,3歳以上C4ー3,1:50.2,3.6,晴,3.0,1.0,門別,グランシャリオドリー(C4),1:03.7,0.4,晴,4.0,1.0,門別,渓流の女王ヤマベ賞(C4),1:03.4,0.6,晴,3.0,3.0,門別,3歳条件未勝利(未勝利),1:02.8,0.5,曇,2.0,3.0,門別,3歳条件未勝利(未勝利),1:03.2,0.3,晴,11.7,6.0,,nar,2026-08-25,54.3,73.5,34.6,69.6,26.0,55.3,56.2,門別実績 / 履歴少 / 着差タイト / 安定感
202647082505,2026-08-25,5,ケルティックハーツ,8.0,8.0,加藤聡一,57.0,,4.0,1.0,笠松,祝!67期独立乗務1(C),1:32.3,2.7,曇,3.0,3.0,笠松,カサブランカ特別(C),1:31.7,0.6,晴,1.0,1.0,笠松,ここ!笠松!AZKi(C),1:32.5,0.0,曇,12.0,5.0,大井,C3三　四,1:16.7,2.3,曇,6.0,1.0,大井,C3四　五六(C3五),1:46.0,1.3,晴,2.7,2.0,,nar,2026-08-25,57.04,71.7,32.9,75.1,59.0,44.5,62.5,笠松実績 / クラス条件好転 / 履歴少 / 着差タイト
202630082505,2026-08-25,5,コユキチャン,8.0,7.0,黒澤愛斗,55.0,,8.0,7.0,門別,3歳以上C4ー3,1:17.3,1.3,晴,9.0,4.0,門別,ホクレン「くるるの杜(C4),1:17.7,2.2,雨,3.0,5.0,門別,3歳以上C4ー3,1:16.5,1.0,雨,3.0,6.0,門別,3歳以上C4ー3,1:17.7,0.9,晴,5.0,7.0,門別,日高沙流川オートキャ(C4),1:17.1,0.9,晴,56.1,8.0,,nar,2026-08-25,50.36,58.2,46.4,44.7,32.0,54.1,52.9,門別実績 / 履歴少 / タイム改善 / 着差タイト
202646082505,2026-08-25,5,シナモンブルー,2.0,2.0,魚住謙心,55.0,,6.0,5.0,金沢,最高の推し!真白生誕(B2),1:40.7,1.0,晴,8.0,2.0,金沢,能登復興支援高爪山賞(B2),1:33.4,1.6,曇,5.0,2.0,金沢,さわやかさやか賞(C1),1:40.9,2.1,曇,1.0,1.0,金沢,ろこ★お留守番ごめん(C2),1:40.2,-0.3,曇,1.0,1.0,金沢,マルゼンスキー生誕記(C2特別),1:35.5,-0.6,晴,44.0,4.0,,nar,2026-08-25,49.4,67.6,33.3,44.7,36.5,49.8,52.9,金沢実績 / 履歴少 / 着差タイト / 市場オッズ妙味
202635082505,2026-08-25,5,シュガーストーン,5.0,5.0,山本聡哉,56.0,,5.0,2.0,盛岡,オッズパーク賞(3歳C1),1:29.6,0.6,晴,2.0,2.0,盛岡,3歳C1一組,1:26.7,0.1,曇,11.0,2.0,盛岡,3歳C1一組,1:29.6,4.2,晴,2.0,7.0,水沢,3歳B2三組,1:32.1,0.3,晴,5.0,3.0,水沢,3歳B2二組,1:34.6,3.4,晴,10.2,3.0,,nar,2026-08-25,56.58,68.0,34.8,80.2,50.0,54.0,54.0,盛岡実績 / 履歴少 / 着差タイト / 安定感
202635082505,2026-08-25,5,シーキングザバース,2.0,2.0,菅原辰徳,54.0,,11.0,4.0,盛岡,オッズパーク賞(3歳C1),1:30.6,1.6,晴,8.0,9.0,大井,3歳四　五,1:49.0,6.2,晴,10.0,11.0,大井,3歳一　二三(3歳二),1:15.9,2.6,曇,13.0,13.0,大井,3歳四　五六(3歳五),1:32.0,3.6,晴,12.0,12.0,大井,3歳一　二三(3歳二),1:16.5,2.6,曇,33.2,7.0,,nar,2026-08-25,34.18,24.4,38.2,0.0,48.5,48.4,48.8,履歴少 / タイム大幅改善
202643082505,2026-08-25,5,ジオパークムーン,8.0,6.0,沖響主,51.0,,8.0,4.0,船橋,3歳　331P,1:42.1,3.5,晴,4.0,4.0,船橋,3歳　303.,1:40.1,0.3,曇,6.0,7.0,船橋,菖蒲賞(3歳),1:17.5,1.3,晴,1.0,2.0,船橋,3歳九,1:18.6,-0.2,晴,3.0,4.0,船橋,ユーカリデビュー(2歳),1:03.2,1.3,曇,6.1,3.0,,nar,2026-08-25,52.24,67.4,44.6,49.8,23.0,57.0,52.9,船橋実績 / 履歴少 / 前走接戦好走
202630082505,2026-08-25,5,セイランクロフネ,10.0,8.0,小川悠汰,52.0,,7.0,6.0,門別,3歳以上C4ー3,1:16.7,0.7,晴,3.0,5.0,門別,ほくれん丸賞(C4),1:03.1,1.0,雨,5.0,7.0,門別,3歳以上C4ー3,1:04.6,2.4,雨,4.0,6.0,門別,3歳以上C4ー3,1:17.2,0.9,晴,6.0,6.0,門別,日高沙流川オートキャ(C4),1:17.1,0.9,晴,31.8,7.0,,nar,2026-08-25,57.81,67.5,56.2,59.3,35.0,59.5,52.9,門別実績 / 履歴少 / 着差タイト / 市場オッズ妙味
202643082505,2026-08-25,5,チョンチョロチョン,6.0,5.0,室陽一朗,54.0,,7.0,9.0,浦和,3歳三,1:38.5,2.1,曇,6.0,3.0,浦和,3歳四,1:32.2,2.9,曇,8.0,3.0,浦和,ウマ娘クリアカード配(3歳),1:40.4,2.2,晴,1.0,4.0,浦和,ドリームチャレンジ(2歳),1:32.5,-0.3,晴,,,,,,,,10.8,6.0,,nar,2026-08-25,46.49,60.3,44.6,14.6,38.0,55.2,48.8,履歴少
202646082505,2026-08-25,5,デルマラメール,7.0,7.0,浅野登生,52.0,,4.0,2.0,金沢,最高の推し!真白生誕(B2),1:40.1,0.4,晴,4.0,3.0,金沢,能登復興支援高爪山賞(B2),1:32.1,0.3,曇,3.0,2.0,金沢,C14,1:33.4,1.0,曇,5.0,5.0,金沢,C12,1:41.9,1.9,曇,6.0,3.0,金沢,C13,1:34.3,0.8,晴,22.8,2.0,,nar,2026-08-25,61.21,74.8,40.4,89.7,53.0,51.8,56.2,金沢実績 / 履歴少 / 着差タイト / 安定感
202643082505,2026-08-25,5,トーヤマノゴールド,9.0,7.0,岡村健司,56.0,,3.0,8.0,船橋,3歳三,1:18.2,0.4,曇,5.0,7.0,浦和,浦和競馬プロモーショ(3歳),1:31.4,1.9,晴,9.0,9.0,船橋,3歳四,1:19.5,3.6,曇,9.0,7.0,川崎,3歳5,1:37.2,2.9,曇,8.0,5.0,船橋,3歳五,1:17.9,2.0,曇,23.4,7.0,,nar,2026-08-25,61.45,59.4,59.9,55.3,78.5,57.6,49.8,前走人気以上 / タイム大幅改善 / 前走接戦好走 / 近走上向き
202643082505,2026-08-25,5,ナックナック,7.0,6.0,木間塚龍,54.0,,7.0,3.0,船橋,3歳二,1:20.9,3.6,晴,11.0,5.0,浦和,3歳　未格付,0:49.1,1.1,雨,2.0,6.0,船橋,3歳七,1:18.5,0.4,曇,2.0,8.0,浦和,ランチタイム(3歳),0:48.1,0.1,雨,11.0,11.0,船橋,3歳七,1:20.7,4.5,曇,35.6,9.0,,nar,2026-08-25,48.53,54.5,42.7,34.3,47.0,54.7,49.8,前走接戦好走 / 市場オッズ妙味
202647082505,2026-08-25,5,ハッピーノリクン,2.0,2.0,塚本征吾,57.0,,3.0,5.0,笠松,カサマツ音頭を踊ろう(C),1:32.7,0.6,曇,7.0,1.0,笠松,C級サバイバル,1:36.3,3.4,晴,7.0,3.0,笠松,本日の旅費回収杯(C),1:48.0,2.7,晴,4.0,6.0,笠松,幸さん所属おめでとう(C),1:33.4,1.0,雨,10.0,6.0,笠松,石橋和子さんもうすぐ(C),1:34.9,2.9,曇,15.8,4.0,,nar,2026-08-25,54.72,62.7,37.4,45.0,74.0,55.2,49.6,履歴少 / タイム大幅改善 / 着差タイト / 近走上向き
202643082505,2026-08-25,5,ハリッサ,11.0,8.0,中山遥人,53.0,,4.0,9.0,浦和,3歳三,1:31.4,0.7,曇,9.0,11.0,川崎,アーベントロート賞(3歳),0:56.8,1.6,曇,8.0,10.0,浦和,3歳三,1:38.8,2.4,曇,9.0,8.0,船橋,3歳　303.,1:43.6,3.8,曇,5.0,7.0,浦和,3歳四,1:31.3,2.0,曇,66.5,12.0,,nar,2026-08-25,58.38,53.0,67.3,40.7,72.5,60.0,48.8,前走人気以上 / 履歴少 / 着差タイト / 人気以上に走る傾向
202647082505,2026-08-25,5,フミフローレンス,5.0,5.0,東川慎,55.0,,3.0,4.0,笠松,祝!67期独立乗務1(C),1:32.0,2.4,曇,4.0,6.0,笠松,祝50歳第二章開幕!(C),1:34.1,1.2,晴,6.0,5.0,笠松,木之前葵騎手お誕生日(C),1:33.7,1.0,晴,5.0,7.0,笠松,C7組,1:49.4,1.1,晴,3.0,8.0,笠松,リクユウすっちーあり(C),1:33.3,1.1,晴,28.9,6.0,,nar,2026-08-25,67.59,74.9,59.9,80.2,59.0,62.1,56.2,笠松実績 / 履歴少 / タイム大幅改善 / 着差タイト
202630082505,2026-08-25,5,フルボーグ,11.0,8.0,阿部龍,57.0,,5.0,1.0,門別,3歳以上C4ー3,1:16.4,0.4,晴,2.0,1.0,門別,ホクレン「くるるの杜(C4),1:15.8,0.3,雨,2.0,2.0,門別,3歳以上C4ー3,1:16.2,0.7,雨,2.0,2.0,門別,3歳以上C4ー3,1:16.6,0.3,晴,3.0,2.0,門別,日高沙流川オートキャ(C4),1:16.7,0.5,晴,7.8,4.0,,nar,2026-08-25,63.08,83.9,39.0,100.0,33.5,54.8,59.5,門別実績 / 履歴少 / 着差タイト / 安定感
202646082505,2026-08-25,5,ベストイズアスク,5.0,5.0,兼子千央,55.0,,3.0,6.0,金沢,超光速微粒子の可能性(C1),1:40.1,0.4,雨,4.0,10.0,金沢,お家でネット投票!楽(C1),1:32.8,2.3,雨,9.0,10.0,金沢,C14,1:34.2,1.8,曇,7.0,11.0,金沢,いのちゃん@36歳年(C1特別),1:42.1,1.1,曇,7.0,9.0,金沢,C13,1:35.1,1.7,曇,129.0,6.0,,nar,2026-08-25,65.65,64.5,73.8,55.3,72.5,63.9,49.6,前走人気以上 / 履歴少 / 前走接戦好走 / 人気以上に走る傾向
202646082505,2026-08-25,5,ベストタンゴ,4.0,4.0,青柳正義,55.0,,5.0,3.0,金沢,最高の推し!真白生誕(B2),1:40.4,0.7,晴,3.0,4.0,金沢,能登復興支援高爪山賞(B2),1:32.0,0.2,曇,2.0,6.0,金沢,ホップステップぴんみ(C1),1:40.4,0.9,曇,4.0,6.0,金沢,C13,1:35.0,1.5,曇,4.0,7.0,金沢,C16,1:42.0,0.7,曇,40.4,3.0,,nar,2026-08-25,67.62,78.7,57.2,100.0,39.5,61.5,59.5,金沢実績 / 履歴少 / 着差タイト / 安定感
202647082505,2026-08-25,5,ベルシエル,7.0,7.0,筒井勇介,55.0,,7.0,3.0,笠松,祝!67期独立乗務1(C),1:33.7,4.1,曇,8.0,5.0,名古屋,C10組,1:39.4,2.5,曇,7.0,5.0,名古屋,3歳4組,1:33.0,2.8,晴,4.0,2.0,名古屋,かずちゃん生誕49周(3歳),1:32.1,1.1,曇,8.0,6.0,1函館10,3歳未勝利,1:49.1,3.5,晴,5.8,3.0,,nar,2026-08-25,41.7,52.7,30.0,14.6,48.5,47.2,48.8,履歴少 / タイム大幅改善
202630082505,2026-08-25,5,ボブノップスターン,9.0,7.0,宮内勇樹,57.0,,3.0,2.0,門別,3歳以上C4ー3,1:16.3,0.3,晴,,,,,,,,,,,,,,,,,,,,,,,,,,,,,2.5,1.0,,nar,2026-08-25,43.25,48.1,39.1,36.3,40.6,39.5,48.8,履歴少 / 前走接戦好走 / サンプル少
202646082505,2026-08-25,5,ポッドボレット,9.0,8.0,米倉知,57.0,,8.0,8.0,金沢,最高の推し!真白生誕(B2),1:43.6,3.9,晴,6.0,7.0,金沢,咲き誇れ!みこち8周(B2),1:41.3,2.5,曇,6.0,9.0,金沢,さわやかさやか賞(C1),1:42.0,3.2,曇,7.0,7.0,金沢,としおゆうこ夫妻に感(B2),1:36.3,2.0,曇,,,金沢,B26,,,曇,218.8,7.0,,nar,2026-08-25,45.5,53.3,56.6,0.0,40.0,55.9,43.8,履歴少
202635082505,2026-08-25,5,ポルテボヌール,9.0,8.0,佐々木志,54.0,,10.0,11.0,盛岡,オッズパーク賞(3歳C1),1:30.5,1.5,晴,8.0,8.0,盛岡,3歳C1一組,1:28.5,1.9,曇,10.0,11.0,盛岡,3歳C1一組,1:29.4,4.0,晴,12.0,10.0,水沢,3歳C1二組,1:36.4,6.3,晴,10.0,12.0,盛岡,3歳B2一組,1:30.1,3.2,晴,108.9,9.0,,nar,2026-08-25,38.69,29.7,52.9,0.0,50.0,52.2,43.8,履歴少
202647082505,2026-08-25,5,マイネルアットーレ,1.0,1.0,細川智史,57.0,,7.0,7.0,笠松,C13組,1:34.4,2.1,晴,8.0,10.0,笠松,夢は叶う木下智史の決(C),1:33.5,2.1,晴,10.0,11.0,笠松,ももこちゃん四捨五入(C),1:34.4,3.6,雨,10.0,10.0,笠松,喜寿おめでとう!山本(C),1:48.3,1.9,晴,6.0,7.0,笠松,C5組,1:32.7,1.1,晴,118.7,8.0,,nar,2026-08-25,44.31,42.6,55.6,0.0,59.0,54.2,43.8,履歴少
202643082505,2026-08-25,5,マサッキー,5.0,5.0,臼井健太,54.0,,6.0,6.0,船橋,3歳二,1:19.7,2.4,晴,9.0,8.0,浦和,3歳三,1:39.8,3.4,曇,8.0,12.0,川崎,ランポ賞(3歳),1:34.7,2.2,曇,8.0,7.0,船橋,3歳四,1:19.0,3.1,曇,8.0,8.0,船橋,3歳　447〜,1:43.1,4.4,晴,41.3,10.0,,nar,2026-08-25,46.06,46.9,52.8,0.0,63.5,54.1,43.8,履歴少 / タイム大幅改善 / 市場オッズ妙味
202635082505,2026-08-25,5,マムティタイム,10.0,8.0,高橋悠里,54.0,,7.0,9.0,盛岡,オッズパーク賞(3歳C1),1:29.8,0.8,晴,7.0,5.0,盛岡,3歳,1:14.3,2.7,小雨,4.0,6.0,盛岡,3歳C1一組,1:27.6,1.0,曇,6.0,7.0,盛岡,3歳C1一組,1:27.5,2.1,晴,4.0,8.0,水沢,3歳C1二組,1:31.5,1.4,晴,20.4,6.0,,nar,2026-08-25,52.56,60.4,57.4,30.1,39.5,59.3,47.1,履歴少 / 着差タイト / 市場オッズ妙味
202630082505,2026-08-25,5,ミスカノヤローザ,3.0,3.0,望月洵輝,55.0,,4.0,3.0,門別,3歳以上C4ー3,1:16.4,0.4,晴,3.0,3.0,門別,ホクレン「くるるの杜(C4),1:16.3,0.8,雨,,,,,,,,,,,,,,,,,,,,,,6.5,3.0,,nar,2026-08-25,52.68,61.8,43.4,48.4,42.2,54.1,59.5,門別実績 / 履歴少 / 着差タイト / サンプル少
202630082505,2026-08-25,5,モーモーインディゴ,7.0,6.0,吉本隆記,57.0,,8.0,8.0,門別,3歳以上C4ー3,1:05.8,2.7,晴,12.0,11.0,門別,ホクレン「くるるの杜(C4),1:20.2,4.7,雨,8.0,8.0,門別,3歳以上C4ー3,1:20.3,4.8,雨,10.0,10.0,門別,3歳以上C4ー3,1:19.7,3.4,晴,9.0,9.0,門別,3歳以上C4ー3,1:19.1,3.1,晴,451.4,10.0,,nar,2026-08-25,40.16,32.9,48.3,0.0,60.5,50.3,43.8,履歴少 / タイム大幅改善
202647082505,2026-08-25,5,ヤスケ,3.0,3.0,渡辺竜也,57.0,,2.0,1.0,笠松,カサマツ音頭を踊ろう(C),1:32.1,0.0,曇,2.0,1.0,笠松,C13組,1:32.1,0.4,晴,2.0,2.0,笠松,C16組,1:32.6,2.3,曇,1.0,1.0,笠松,C22組,0:49.4,-1.0,曇,10.0,2.0,笠松,粉雪特別(C),1:35.8,3.3,曇,1.9,1.0,,nar,2026-08-25,64.66,86.6,40.3,89.7,60.5,46.2,56.2,笠松実績 / 履歴少 / 前走接戦好走 / 安定感
202646082505,2026-08-25,5,ユメカナウケン,8.0,8.0,沖静男,55.0,,1.0,5.0,金沢,C22,1:34.4,0.0,晴,8.0,4.0,金沢,スマホで投票!楽天競(C2),1:34.7,3.1,晴,9.0,9.0,笠松,B4組,1:34.3,2.6,晴,6.0,6.0,笠松,A5・B3組(AB),1:32.3,1.3,曇,2.0,6.0,笠松,B4組,1:32.7,0.2,晴,56.5,5.0,,nar,2026-08-25,60.02,66.7,54.4,40.7,81.5,56.1,51.2,金沢実績 / 前走人気以上 / 履歴少 / 前走接戦好走
202630082505,2026-08-25,5,ユーダイモニア,6.0,6.0,藤田凌駕,56.0,,,,,,,,,,,,,,,,,,,,,,,,,,,,,,,,,,,,,3.0,2.0,,nar,2026-08-25,36.0,35.0,35.0,35.0,35.0,35.0,45.0,履歴少
202643082505,2026-08-25,5,ライトネス,2.0,2.0,及川烈,54.0,,7.0,5.0,浦和,3歳　未格付,0:49.0,1.6,晴,5.0,10.0,浦和,さいたま市産ヨーロッ(3歳),0:47.7,0.9,曇,4.0,3.0,浦和,3歳三,1:32.2,0.9,晴,7.0,9.0,浦和,ウマ娘クリアカード配(3歳),1:39.6,1.4,晴,3.0,9.0,船橋,3歳四,1:16.9,0.2,曇,7.2,4.0,,nar,2026-08-25,57.69,64.0,59.5,55.0,36.5,64.9,48.8,履歴少 / 着差タイト
202647082505,2026-08-25,5,ラインシュトラール,4.0,4.0,松本一心,57.0,,7.0,9.0,笠松,仕掛け花火特別(C),1:49.2,2.3,晴,1.0,4.0,笠松,ハルとダイチがきた!(C),1:33.5,-1.1,晴,6.0,9.0,笠松,C13組,1:34.4,2.4,晴,8.0,9.0,笠松,幸さん所属おめでとう(C),1:34.3,1.9,雨,11.0,12.0,笠松,C9組,1:35.3,1.5,晴,51.9,7.0,,nar,2026-08-25,54.33,61.1,65.4,24.9,47.0,59.1,46.3,履歴少 / 人気以上に走る傾向
202643082505,2026-08-25,5,ランドフスカ,10.0,7.0,和田譲治,54.0,,1.0,2.0,船橋,3歳四,1:18.1,0.0,曇,10.0,2.0,船橋,3歳五,1:19.4,4.0,曇,8.0,8.0,名古屋,3歳5組,1:38.7,2.4,晴,10.0,6.0,名古屋,ベリー賞(3歳),1:54.4,3.0,雨,8.0,7.0,名古屋,中京ペガスターC,2:23.8,7.7,晴,5.8,2.0,,nar,2026-08-25,51.25,54.7,33.4,30.4,98.0,47.8,51.2,船橋実績 / 履歴少 / タイム大幅改善 / 近走上向き
202643082505,2026-08-25,5,ラヴィエベル,4.0,4.0,所蛍,53.0,,5.0,4.0,船橋,3歳二,1:19.5,2.2,晴,1.0,7.0,船橋,3歳八,1:18.9,-0.6,曇,6.0,11.0,船橋,3歳八,1:19.7,1.1,曇,7.0,4.0,船橋,3歳九,1:21.0,1.9,晴,5.0,3.0,船橋,3歳八,1:19.2,1.5,晴,26.8,8.0,,nar,2026-08-25,62.08,72.1,60.7,65.7,48.5,59.5,52.9,船橋実績 / 履歴少 / 安定感 / 市場オッズ妙味
202635082505,2026-08-25,5,ラヴレインブーケ,3.0,3.0,大坪慎,54.0,,8.0,9.0,盛岡,ポイントたまる!楽天(3歳C1),1:30.4,1.8,晴,9.0,10.0,盛岡,3歳C1二組,1:28.6,2.5,小雨,8.0,7.0,盛岡,3歳C1二組,1:28.8,1.7,曇,7.0,9.0,盛岡,3歳C1一組,1:28.5,3.1,晴,2.0,9.0,水沢,3歳C2一組,1:29.4,0.3,雨,77.3,8.0,,nar,2026-08-25,47.08,48.1,59.6,10.3,41.0,58.1,43.8,履歴少 / 前走接戦好走
202646082505,2026-08-25,5,ルーンファクター,3.0,3.0,松戸政也,57.0,,1.0,1.0,金沢,スマホで投票!楽天競(C2),1:31.6,-0.5,晴,1.0,1.0,金沢,C28,1:40.0,-0.7,晴,,12.0,3京都2,障害4歳以上未勝利,,,晴,10.0,11.0,1小倉8,障害4歳以上未勝利,3:25.3,9.4,晴,16.0,16.0,4東京2,赤富士S(3勝クラス),1:38.4,2.1,曇,1.0,1.0,,nar,2026-08-25,65.82,74.0,51.3,55.3,98.0,50.8,59.5,金沢実績 / 履歴少 / タイム大幅改善 / 前走接戦好走
202643082506,2026-08-25,6,アトラクトラン,4.0,4.0,岡村健司,56.0,,2.0,1.0,船橋,C2二　三,1:16.6,0.2,曇,2.0,3.0,船橋,C2二　三,1:15.5,0.0,晴,1.0,1.0,船橋,C2七　八九　ウ(C2八),1:16.7,-0.2,曇,3.0,3.0,船橋,C3　選抜馬,1:16.4,0.9,晴,5.0,5.0,船橋,C3　選抜馬,1:17.2,0.9,晴,2.0,1.0,,nar,2026-08-25,69.54,89.9,49.6,100.0,54.5,53.0,59.5,船橋実績 / 履歴少 / 着差タイト / 安定感
202630082506,2026-08-25,6,アミラジオネ,3.0,3.0,宮内勇樹,55.0,,6.0,5.0,門別,3歳以上C4ー2,1:02.8,1.0,晴,8.0,2.0,門別,3歳以上C4ー2,1:03.4,1.1,雨,2.0,4.0,門別,3歳以上C4ー2,1:01.8,0.2,晴,3.0,1.0,門別,ホクレンBB肥料賞(C4),1:03.5,0.4,晴,8.0,6.0,船橋,C2四　五六　イ(C2五),1:18.3,1.6,曇,16.9,6.0,,nar,2026-08-25,49.87,64.2,36.7,34.3,45.5,53.2,51.5,門別実績 / タイム改善 / 着差タイト / 市場オッズ妙味
202646082506,2026-08-25,6,アリーワーク,9.0,8.0,田知弘久,55.0,,8.0,7.0,金沢,C22,1:36.9,2.5,晴,8.0,5.0,金沢,葛山晃平騎手ラストデ(C1),1:44.2,4.6,曇,6.0,5.0,金沢,オオタアキラ引退送別(C2),1:42.3,1.5,曇,6.0,5.0,金沢,楽天競馬で馬券を買お(C2),1:34.8,1.1,曇,1.0,1.0,金沢,C27,1:34.2,-0.4,晴,11.0,4.0,,nar,2026-08-25,43.25,55.3,40.2,10.3,33.5,53.8,46.3,履歴少 / タイム大幅改善
202643082506,2026-08-25,6,アンサーパスト,7.0,6.0,中山遥人,55.0,,1.0,2.0,船橋,雄風スプリント(C3),1:15.9,-0.2,晴,4.0,3.0,船橋,馬い!八幡平バイオレ(C2),1:18.0,1.3,曇,5.0,2.0,船橋,馬い!熊本菊池水田ご(C2),1:18.2,1.2,曇,1.0,3.0,船橋,C3　選抜馬,1:16.5,-0.3,曇,1.0,3.0,船橋,C3四,1:17.9,-0.1,雨,5.8,2.0,,nar,2026-08-25,70.53,87.7,49.7,100.0,60.5,58.1,59.5,船橋実績 / 履歴少 / タイム大幅改善 / 安定感
202635082506,2026-08-25,6,イネスティマブル,2.0,2.0,阿部英俊,54.0,,7.0,8.0,盛岡,3歳B2二組,1:28.2,1.6,晴,7.0,7.0,盛岡,3歳B2二組,1:26.8,1.4,小雨,9.0,7.0,盛岡,3歳B2二組,1:26.4,1.7,曇,3.0,6.0,盛岡,ファインエステート賞(3歳B2),1:27.2,0.2,晴,7.0,7.0,水沢,3歳C1一組,1:31.6,0.7,晴,42.6,9.0,,nar,2026-08-25,48.08,53.5,52.4,14.6,47.0,56.0,47.1,履歴少 / 着差タイト / 市場オッズ妙味
202630082506,2026-08-25,6,イントルーダー,12.0,8.0,岩橋勇二,57.0,,2.0,1.0,門別,グランシャリオドリー(C4),1:15.4,0.5,雨,5.0,1.0,門別,3歳以上C4ー2,1:02.4,0.4,雨,,,門別,3歳以上C4ー2,,,曇,4.0,3.0,門別,門別温泉とねっこの湯(C4),1:16.0,0.4,晴,4.0,3.0,門別,DOセール賞(C4),1:03.0,0.9,雨,4.6,2.0,,nar,2026-08-25,62.04,79.6,36.5,80.2,64.0,50.8,59.5,門別実績 / 履歴少 / 前走接戦好走 / 安定感
202643082506,2026-08-25,6,エスケイキャット,5.0,5.0,藤本現暉,54.0,,4.0,5.0,船橋,C2二　三,1:16.9,0.5,曇,4.0,5.0,船橋,C2二　三四　イ(C2三),1:16.3,1.3,曇,3.0,4.0,船橋,C2四　五,1:16.6,1.3,雨,2.0,5.0,船橋,C2四　五六　ウ(C2五),1:16.4,0.7,晴,2.0,2.0,船橋,馬い!唐津レモンと淡(C2),1:17.5,0.4,曇,6.8,3.0,,nar,2026-08-25,69.16,81.6,58.3,100.0,42.5,62.1,59.5,船橋実績 / 履歴少 / 着差タイト / 安定感
202646082506,2026-08-25,6,オルミラベル,5.0,5.0,吉原寛人,55.0,,4.0,1.0,金沢,楽天ポイントが貯まる(C1C2),0:57.7,0.8,雨,4.0,1.0,金沢,楽天競馬で馬券を買お(C1C2),0:57.0,0.7,曇,3.0,1.0,金沢,七尾祇園祭特別(C1),0:57.4,0.2,雨,1.0,1.0,金沢,楽天競馬で馬券を買お(C2),0:56.9,-0.1,曇,4.0,1.0,金沢,楽天競馬で馬券を買お(C2),0:58.1,0.5,曇,3.6,2.0,,nar,2026-08-25,61.27,81.1,33.4,100.0,44.0,48.3,59.5,金沢実績 / 履歴少 / 着差タイト / 安定感
202646082506,2026-08-25,6,キャラハンテソーロ,2.0,2.0,栗原大河,57.0,,9.0,8.0,金沢,B25,1:35.4,3.1,晴,5.0,5.0,金沢,咲き誇れ!みこち8周(B2),1:40.7,1.9,曇,8.0,8.0,金沢,としおゆうこ夫妻に感(B2),1:36.6,2.3,曇,7.0,7.0,金沢,B26,1:42.0,2.1,曇,9.0,6.0,金沢,第2回竹橋おきらく食(B2特別),1:35.5,2.1,晴,39.1,8.0,,nar,2026-08-25,44.47,47.9,45.7,24.9,39.5,50.2,46.3,履歴少 / タイム大幅改善 / 市場オッズ妙味
202635082506,2026-08-25,6,キララアリエス,3.0,3.0,佐々木志,54.0,,1.0,7.0,盛岡,ポイントたまる!楽天(3歳C1),1:28.6,-0.6,晴,7.0,9.0,盛岡,3歳C1一組,1:27.9,1.4,曇,4.0,5.0,盛岡,3歳C1二組,1:27.6,0.5,曇,4.0,7.0,盛岡,3歳C1二組,1:28.3,0.7,曇,4.0,10.0,水沢,3歳C2一組,1:29.9,0.8,雨,30.4,6.0,,nar,2026-08-25,72.97,77.3,75.0,75.1,72.5,68.0,55.3,盛岡実績 / 前走人気以上 / 履歴少 / 着差タイト
202630082506,2026-08-25,6,クイーンズパーク,8.0,6.0,石川倭,55.0,,3.0,1.0,門別,富良野ホップ炭酸水賞(C4),1:16.0,0.4,晴,4.0,1.0,門別,3歳以上C4ー2,1:02.6,0.3,雨,13.0,13.0,2東京10,3歳未勝利,1:34.4,1.4,晴,,,,,,,,,,,,,,,1.8,1.0,,nar,2026-08-25,55.62,60.3,37.4,55.3,83.0,47.1,59.5,門別実績 / 履歴少 / 前走接戦好走 / 近走上向き
202635082506,2026-08-25,6,コンバットキャモ,6.0,6.0,高橋悠里,54.0,,3.0,3.0,盛岡,3歳B2二組,1:27.5,0.9,晴,5.0,8.0,盛岡,3歳B2二組,1:25.8,0.4,小雨,3.0,6.0,水沢,3歳B2一組,1:33.6,1.8,晴,3.0,4.0,水沢,3歳B2一組,1:33.4,0.6,晴,8.0,6.0,水沢,3歳B2一組,1:33.2,1.8,晴,25.5,5.0,,nar,2026-08-25,68.25,75.9,59.0,89.7,60.5,59.5,59.5,盛岡実績 / 履歴少 / 着差タイト / 安定感
202647082506,2026-08-25,6,サンカグヤヒメ,5.0,5.0,東川慎,55.0,,6.0,7.0,笠松,高野龍真生誕記念杯(C),1:33.6,2.1,晴,7.0,6.0,笠松,久世良輔&GGG来場(C),1:34.5,2.2,晴,9.0,10.0,笠松,C7組,1:48.0,3.2,晴,10.0,9.0,笠松,板取川特別(C),1:33.6,2.4,雨,8.0,8.0,笠松,馬瀬川特別(C),1:47.2,2.2,晴,19.2,8.0,,nar,2026-08-25,46.08,46.9,50.7,0.0,65.0,56.3,43.8,履歴少 / タイム大幅改善 / 近走上向き / 市場オッズ妙味
202643082506,2026-08-25,6,サンスノーホワイト,6.0,5.0,篠谷葵,54.0,,3.0,5.0,船橋,獅子座ダッシュ(C2C3),1:03.3,0.9,晴,7.0,4.0,浦和,AIウラワール賞(C2),0:48.8,0.9,晴,4.0,2.0,船橋,文月ダッシュ(C2),1:03.3,0.7,曇,5.0,3.0,川崎,風神賞(C2),0:56.4,1.3,曇,4.0,2.0,船橋,ムササビダッシュ(C2C3),1:02.5,0.7,曇,17.4,7.0,,nar,2026-08-25,61.41,71.3,42.8,75.1,62.0,57.6,61.7,船橋実績 / ダ適性 / 着差タイト / 安定感
202643082506,2026-08-25,6,シェルヴァレイ,10.0,7.0,木間塚龍,56.0,,4.0,4.0,船橋,みずほスプリント(C3),1:17.1,1.0,晴,5.0,7.0,浦和,桶川宿賞(C2),1:31.4,0.7,曇,8.0,14.0,船橋,ジョッキーズチャンピ(C2),2:00.7,2.4,曇,8.0,8.0,船橋,馬い!山武たがやす倶(C2),1:17.6,1.6,曇,2.0,8.0,船橋,C2九　十,1:17.1,1.2,晴,16.1,6.0,,nar,2026-08-25,65.37,64.7,66.1,65.7,60.5,70.9,51.2,船橋実績 / 履歴少 / タイム大幅改善 / 着差タイト
202646082506,2026-08-25,6,シェーンシュタット,7.0,7.0,青柳正義,57.0,,8.0,7.0,金沢,C15,1:34.8,0.6,曇,5.0,5.0,金沢,C15,1:33.8,1.1,雨,4.0,9.0,金沢,楽天競馬で馬券を買お(C2),1:34.4,1.2,曇,7.0,7.0,金沢,C14,1:36.9,3.6,曇,1.0,6.0,金沢,楽天競馬で馬券を買お(C2),0:57.6,-0.1,曇,18.7,6.0,,nar,2026-08-25,56.96,63.3,58.4,55.0,27.5,68.1,52.9,金沢実績 / 履歴少 / 着差タイト / 過小評価傾向
202630082506,2026-08-25,6,シャンノヴァ,11.0,8.0,小川悠汰,52.0,,1.0,2.0,門別,3歳以上C4ー3,1:03.1,-0.3,晴,3.0,4.0,門別,3歳以上C4ー3,1:03.6,0.2,曇,3.0,1.0,門別,グランシャリオドリー(C4),1:04.0,0.4,雨,6.0,8.0,門別,3歳以上C4ー3,1:04.0,0.3,曇,6.0,7.0,門別,3歳以上C4ー3,1:04.8,1.8,晴,24.1,7.0,,nar,2026-08-25,68.07,82.9,53.9,75.1,71.0,58.2,52.9,門別実績 / 履歴少 / タイム改善 / 前走接戦好走
202630082506,2026-08-25,6,シルバーコムコム,10.0,7.0,服部茂史,55.0,,5.0,7.0,門別,3歳以上C4ー2,1:02.8,1.0,晴,8.0,5.0,門別,3歳以上C4ー2,1:03.4,1.4,曇,4.0,4.0,門別,3歳以上C4ー2,1:03.1,0.3,曇,4.0,7.0,門別,3歳以上C4ー2,1:03.9,0.9,晴,7.0,9.0,門別,DOセール賞(C4),1:03.5,1.4,雨,40.3,10.0,,nar,2026-08-25,59.2,63.1,53.5,64.7,54.5,58.9,52.5,門別実績 / 前走人気以上 / タイム改善 / 着差タイト
202635082506,2026-08-25,6,シンシア,1.0,1.0,山本政聡,54.0,,4.0,4.0,盛岡,3歳B2二組,1:27.5,0.9,晴,11.0,4.0,盛岡,3歳B2二組,1:30.5,5.1,小雨,3.0,4.0,盛岡,3歳B2二組,1:25.7,1.0,曇,5.0,3.0,盛岡,ファインエステート賞(3歳B2),1:27.3,0.3,晴,2.0,3.0,水沢,3歳C1二組,1:30.7,0.6,晴,16.5,4.0,,nar,2026-08-25,57.76,64.1,37.9,75.1,57.5,57.4,55.3,盛岡実績 / 履歴少 / タイム大幅改善 / 着差タイト
202643082506,2026-08-25,6,スターアイズ,8.0,6.0,沖響主,51.0,,8.0,10.0,船橋,C2四,1:18.8,1.2,曇,6.0,7.0,船橋,C2四　五,1:19.4,2.3,曇,10.0,4.0,浦和,C2五　六,1:40.8,3.3,曇,7.0,8.0,船橋,C2四　五六　イ(C2五),1:18.3,1.6,曇,9.0,7.0,船橋,馬い!山武たがやす倶(C2),1:17.6,1.6,曇,45.5,10.0,,nar,2026-08-25,41.74,45.2,47.3,0.0,50.0,50.2,43.8,履歴少 / タイム改善 / 市場オッズ妙味
202643082506,2026-08-25,6,スターガッツマン,9.0,7.0,川島正太,56.0,,5.0,5.0,船橋,C2四,1:18.2,0.6,曇,7.0,6.0,船橋,C2四　五,1:17.9,2.6,雨,4.0,8.0,船橋,C2四　五六　ウ(C2五),1:16.8,1.1,晴,2.0,2.0,船橋,C2六　七八　ウ(C2七),1:16.8,1.1,晴,6.0,5.0,船橋,C2二　三四　ウ(C2三),1:16.1,1.0,晴,11.6,5.0,,nar,2026-08-25,59.87,68.3,53.1,64.7,48.5,61.7,52.9,船橋実績 / 履歴少 / 着差タイト / 安定感
202630082506,2026-08-25,6,ダイメイイースター,4.0,4.0,桑村真明,55.0,,1.0,1.0,門別,3歳以上C4ー3,1:03.0,-0.6,晴,2.0,2.0,門別,ほくれん丸賞(C4),1:02.4,0.3,雨,4.0,7.0,門別,3歳以上C4ー3,1:03.8,0.7,晴,8.0,4.0,門別,3歳以上C4ー3,1:17.9,1.6,晴,4.0,5.0,門別,推しウマ探せ!おひさ(C4),1:02.8,0.8,晴,14.1,4.0,,nar,2026-08-25,68.66,82.6,50.8,85.4,71.0,61.3,54.5,門別実績 / 前走人気以上 / 着差タイト / 近走上向き
202635082506,2026-08-25,6,チェンドル,7.0,7.0,山本聡紀,54.0,,9.0,6.0,盛岡,3歳B2二組,1:28.5,1.9,晴,4.0,6.0,盛岡,3歳B2二組,1:25.8,1.1,曇,10.0,10.0,盛岡,サファイア賞(重賞),1:47.1,2.0,晴,11.0,6.0,水沢,3歳C1一組,1:33.2,2.3,晴,7.0,4.0,水沢,3歳B2二組,1:32.7,1.1,晴,40.3,7.0,,nar,2026-08-25,41.49,43.7,39.8,24.9,44.0,47.0,48.5,履歴少 / 市場オッズ妙味
202635082506,2026-08-25,6,トキノシャトー,10.0,8.0,高松亮,54.0,,4.0,5.0,盛岡,3歳B2二組,1:25.7,0.3,小雨,1.0,4.0,盛岡,3歳C1二組,1:27.1,-0.4,曇,1.0,7.0,盛岡,3歳C2一組,1:14.2,-0.8,曇,12.0,9.0,水沢,3歳C2二組,1:33.6,4.6,雨,10.0,8.0,水沢,3歳C1一組,1:35.0,4.6,晴,6.5,3.0,,nar,2026-08-25,67.25,72.4,61.1,75.1,62.0,61.2,59.5,盛岡実績 / 履歴少 / タイム大幅改善 / 前走接戦好走
202630082506,2026-08-25,6,トモノタツミ,2.0,2.0,松井伸也,55.0,,3.0,1.0,門別,3歳以上C4ー2,1:02.0,0.2,晴,2.0,4.0,門別,3歳以上C4ー2,1:02.4,0.1,雨,3.0,5.0,門別,3歳以上C4ー2,1:02.2,0.2,雨,3.0,5.0,門別,3歳以上C4ー2,1:02.9,0.6,晴,4.0,4.0,門別,沙流川温泉ひだか高原(C4),1:02.9,0.8,晴,6.8,3.0,,nar,2026-08-25,70.24,85.2,54.0,100.0,50.0,60.8,59.5,門別実績 / 履歴少 / タイム改善 / 前走接戦好走
202630082506,2026-08-25,6,トーケンアーサー,7.0,6.0,亀井洋司,55.0,,7.0,6.0,門別,3歳以上C4ー2,1:02.9,1.1,晴,6.0,7.0,門別,3歳以上C4ー2,1:02.8,0.5,雨,6.0,3.0,門別,3歳以上C4ー2,1:02.7,0.7,雨,2.0,4.0,門別,3歳以上C4ー2,1:02.7,0.4,晴,3.0,3.0,門別,沙流川温泉ひだか高原(C4),1:02.8,0.7,晴,38.7,9.0,,nar,2026-08-25,49.65,64.7,47.5,24.9,33.5,54.1,49.6,履歴少 / 着差タイト / 市場オッズ妙味
202643082506,2026-08-25,6,ナムラミック,3.0,3.0,見越彬央,56.0,,8.0,5.0,浦和,C2三　四,1:32.9,2.8,晴,10.0,6.0,浦和,C2五,1:32.9,3.3,晴,2.0,7.0,浦和,C2五　六,1:30.8,1.8,曇,10.0,7.0,船橋,C2二　三,1:18.1,2.3,曇,11.0,4.0,浦和,C2五　六,1:34.4,4.4,曇,33.0,9.0,,nar,2026-08-25,40.74,44.7,35.4,19.8,51.5,45.0,48.8,履歴少 / 市場オッズ妙味
202630082506,2026-08-25,6,ニシノサーフ,1.0,1.0,小野楓馬,55.0,,3.0,2.0,門別,3歳以上C4ー2,1:03.1,0.6,晴,5.0,3.0,門別,3歳以上C4ー2,1:02.4,0.4,曇,1.0,6.0,門別,グランシャリオドリー(C4),1:03.3,-0.4,晴,10.0,3.0,門別,渓流の女王ヤマベ賞(C4),1:04.9,2.1,晴,,,,,,,,16.9,5.0,,nar,2026-08-25,62.05,74.0,43.5,75.1,64.0,58.0,55.3,門別実績 / 履歴少 / 着差タイト / 安定感
202647082506,2026-08-25,6,ニシノステディミキ,1.0,1.0,深澤杏花,53.0,,5.0,6.0,笠松,C12組,1:49.6,1.7,晴,12.0,6.0,笠松,見田村千晴さん笠馬X(C),1:34.4,4.2,晴,1.0,1.0,笠松,C級サバイバル,1:32.5,-0.9,曇,4.0,5.0,笠松,浪江祐次お誕生日記念(C),1:34.2,2.5,晴,6.0,5.0,笠松,ポルコチャンピオンシ(C),1:33.1,0.8,晴,8.8,4.0,,nar,2026-08-25,55.01,60.7,42.0,64.7,54.5,56.0,52.9,笠松実績 / 履歴少 / 着差タイト / 安定感
202647082506,2026-08-25,6,ニホンピロベスパー,2.0,2.0,松本一心,55.0,,10.0,8.0,笠松,打上花火特別(C),1:33.6,4.5,晴,1.0,3.0,笠松,道子・穂波・知子頑張(C),1:31.8,-0.4,曇,9.0,7.0,笠松,C13組,1:38.0,6.3,晴,3.0,3.0,笠松,C15組,1:33.6,0.8,曇,5.0,2.0,笠松,C17組,1:33.8,1.4,雨,4.8,3.0,,nar,2026-08-25,48.68,59.8,44.3,49.8,17.0,53.4,52.9,笠松実績 / 履歴少 / 着差タイト
202630082506,2026-08-25,6,ネクストトゥーユー,6.0,5.0,藤田凌駕,54.0,,10.0,10.0,門別,カセンソウ特別(C4),1:03.7,1.4,晴,1.0,3.0,門別,3歳以上C4ー3,1:03.4,-0.1,曇,7.0,6.0,門別,3歳以上C4ー3,1:04.4,0.9,曇,4.0,6.0,門別,グランシャリオドリー(C4),1:04.2,0.3,曇,3.0,5.0,門別,3歳以上C4ー3,1:03.5,0.5,晴,63.4,11.0,,nar,2026-08-25,52.42,63.5,55.6,49.8,12.5,56.8,52.9,門別実績 / 履歴少 / 着差タイト
202630082506,2026-08-25,6,ノーマンズランド,9.0,7.0,金山昇馬,55.0,,8.0,8.0,門別,3歳以上C4ー2,1:03.2,1.4,晴,10.0,4.0,門別,3歳以上C4ー2,1:04.3,2.4,曇,4.0,8.0,門別,3歳以上C4ー2,1:02.4,0.4,雨,9.0,5.0,門別,3歳以上C4ー2,1:18.9,2.6,曇,9.0,11.0,名古屋,福寿草賞(C),1:40.5,3.2,晴,155.0,12.0,,nar,2026-08-25,43.86,44.3,42.4,19.8,50.0,49.0,47.1,履歴少 / タイム大幅改善 / 前走接戦好走
202635082506,2026-08-25,6,バオシェテンシ,8.0,7.0,村上忍,54.0,,1.0,1.0,盛岡,オッズパーク賞(3歳C1),1:29.0,-0.3,晴,8.0,8.0,盛岡,サファイア賞(重賞),1:46.9,1.8,晴,9.0,6.0,水沢,東北優駿(重賞),2:16.2,5.7,晴,1.0,1.0,盛岡,3歳C1一組,1:27.8,-0.4,小雨,1.0,1.0,盛岡,3歳C2一組,1:14.3,-0.4,曇,2.5,2.0,,nar,2026-08-25,60.7,73.4,45.9,55.3,72.5,51.9,58.3,盛岡実績 / クラス条件好転 / 履歴少 / タイム大幅改善
202643082506,2026-08-25,6,ヒロイックバイオ,11.0,8.0,山口達弥,56.0,,9.0,6.0,船橋,C2二　三,1:17.8,1.4,曇,7.0,6.0,船橋,C2二　三,1:17.0,1.5,晴,11.0,7.0,川崎,C2一　二,1:34.1,2.3,晴,4.0,5.0,船橋,C2二　三,1:16.0,0.2,曇,6.0,7.0,船橋,C2二　三四　イ(C2三),1:16.8,1.8,曇,29.4,8.0,,nar,2026-08-25,40.28,45.1,38.1,14.6,38.0,48.9,47.1,履歴少 / 前走接戦好走 / 市場オッズ妙味
202647082506,2026-08-25,6,ビービーラフター,8.0,8.0,丸野勝虎,57.0,,4.0,2.0,笠松,高野龍真生誕記念杯(C),1:33.1,1.6,晴,2.0,2.0,笠松,祝50歳第二章開幕!(C),1:33.1,0.2,晴,3.0,2.0,笠松,木之前葵騎手お誕生日(C),1:32.7,0.0,晴,9.0,4.0,笠松,幸さん所属おめでとう(C),1:34.7,2.3,雨,6.0,1.0,笠松,C9組,1:34.8,1.0,晴,4.7,2.0,,nar,2026-08-25,57.62,74.1,35.6,75.1,56.0,48.1,52.9,笠松実績 / 履歴少 / 着差タイト / 安定感
202630082506,2026-08-25,6,フレッシュノウエ,5.0,5.0,望月洵輝,55.0,,2.0,6.0,門別,3歳以上C4ー2,1:02.9,0.4,晴,9.0,12.0,門別,3歳以上C4ー2,1:03.6,1.3,雨,9.0,8.0,門別,3歳以上C4ー2,1:18.2,2.7,曇,12.0,9.0,門別,グランシャリオドリー(C4),1:44.6,5.7,晴,6.0,8.0,門別,3歳以上C4ー2,1:03.0,1.6,晴,24.9,8.0,,nar,2026-08-25,57.76,52.0,60.7,30.4,92.0,58.0,48.5,前走人気以上 / タイム改善 / 前走接戦好走 / 近走上向き
202647082506,2026-08-25,6,ブラボーキリシマ,4.0,4.0,筒井勇介,55.0,,6.0,1.0,笠松,C12組,1:50.8,2.9,晴,6.0,3.0,笠松,見田村千晴さん笠馬X(C),1:32.4,2.2,晴,3.0,5.0,笠松,吉田川特別(C),1:46.2,0.6,雨,1.0,3.0,笠松,第1回結婚記念杯(C),1:32.9,-0.1,曇,6.0,5.0,金沢,C210,1:37.5,3.0,曇,2.3,1.0,,nar,2026-08-25,50.16,70.6,38.2,34.3,38.0,49.4,51.2,笠松実績 / 履歴少 / 着差タイト
202646082506,2026-08-25,6,プロスペロ,8.0,8.0,加藤翔馬,57.0,,3.0,4.0,金沢,楽天ポイントが貯まる(C1C2),0:57.3,0.4,雨,6.0,8.0,金沢,楽天競馬で馬券を買お(C1C2),0:57.5,1.2,曇,7.0,4.0,金沢,楽天競馬で馬券を買お(C2),1:35.5,2.3,曇,8.0,2.0,金沢,九谷焼特別(C1),0:58.2,2.4,曇,4.0,1.0,金沢,卯辰山特別(C1),0:57.5,0.9,晴,4.8,3.0,,nar,2026-08-25,54.44,65.0,43.2,40.7,69.5,50.8,49.6,履歴少 / 着差タイト / 近走上向き
202647082506,2026-08-25,6,プロペラシャフト,3.0,3.0,加藤利征,57.0,,2.0,7.0,笠松,祝!67期独立乗務1(C),1:31.7,2.1,曇,8.0,8.0,笠松,本日の旅費回収杯(C),1:48.7,3.4,晴,9.0,10.0,笠松,揚げた中華まん最高で(C),1:49.6,2.9,雨,3.0,6.0,笠松,C7組,1:48.7,0.4,晴,10.0,10.0,笠松,BAROJI10周年(C),1:34.6,2.4,晴,13.5,6.0,,nar,2026-08-25,63.77,61.2,65.1,45.0,83.0,66.9,49.6,前走人気以上 / 履歴少 / タイム大幅改善 / 前走接戦好走
202646082506,2026-08-25,6,ベルツリー,1.0,1.0,魚住謙心,55.0,,10.0,7.0,金沢,楽天競馬で馬券を買お(C1C2),0:59.8,3.5,曇,10.0,5.0,金沢,C25,1:48.7,8.5,晴,7.0,3.0,金沢,楽天競馬で馬券を買お(C2),0:58.3,1.4,曇,3.0,4.0,金沢,楽天競馬で馬券を買お(C2),0:58.0,0.4,曇,9.0,4.0,金沢,C24,1:39.5,3.6,晴,32.4,7.0,,nar,2026-08-25,35.61,41.7,26.8,14.6,33.5,41.3,46.3,履歴少 / タイム大幅改善 / 前走接戦好走
202643082506,2026-08-25,6,マケタラアカン,1.0,1.0,笠野雄大,56.0,,10.0,8.0,船橋,C2四,1:19.3,1.7,曇,6.0,7.0,浦和,美里ブルーベリー賞(C2),1:30.2,1.7,曇,6.0,8.0,船橋,C2二　三,1:16.6,1.1,晴,8.0,5.0,浦和,C2五　六,1:32.0,3.0,曇,2.0,10.0,船橋,馬い!スイートポテト(C2五),1:17.8,0.1,曇,63.3,12.0,,nar,2026-08-25,45.29,51.2,53.0,10.3,23.0,56.5,49.8,タイム大幅改善 / 前走接戦好走
202643082506,2026-08-25,6,マジカルレインボー,12.0,8.0,山本大翔,52.0,,4.0,3.0,船橋,C2四,1:18.1,0.5,曇,3.0,3.0,浦和,朝顔特別(C3),1:29.9,0.3,雨,2.0,2.0,船橋,馬い!八幡平バイオレ(C2),1:17.0,0.3,曇,5.0,5.0,浦和,鴻巣宿賞(C2),1:38.4,0.7,曇,2.0,7.0,船橋,馬い!熊本菊池水田ご(C2),1:17.4,0.4,曇,9.0,4.0,,nar,2026-08-25,68.75,81.6,51.5,100.0,44.0,62.0,62.5,船橋実績 / クラス条件好転 / 履歴少 / タイム大幅改善
202647082506,2026-08-25,6,ミスターヨッシャー,6.0,6.0,大原浩司,57.0,,7.0,6.0,笠松,高野龍真生誕記念杯(C),1:34.4,2.9,晴,6.0,7.0,笠松,久世良輔&GGG来場(C),1:34.0,1.7,晴,8.0,12.0,笠松,見田村千晴さん笠馬X(C),1:32.9,2.7,晴,4.0,4.0,笠松,束ねて折れない4つの(C),1:33.3,2.1,雨,6.0,6.0,笠松,大衆焼肉道楽2周年記(C),1:34.9,1.2,晴,15.5,7.0,,nar,2026-08-25,49.37,56.7,55.1,14.6,44.0,61.3,46.3,履歴少 / 市場オッズ妙味
202646082506,2026-08-25,6,ミュークレグルス,6.0,6.0,鈴木太一,57.0,,10.0,9.0,金沢,最高の推し!真白生誕(B2),1:45.1,5.4,晴,12.0,9.0,金沢,能登復興支援高爪山賞(B2),1:34.7,2.9,曇,7.0,7.0,金沢,さわやかさやか賞(C1),1:42.3,3.5,曇,10.0,1.0,金沢,いのちゃん@36歳年(C1特別),1:43.4,2.4,曇,8.0,6.0,金沢,いっぱい食べよう海幸(B2特別),1:41.2,1.5,雨,67.3,9.0,,nar,2026-08-25,31.8,30.4,32.0,0.0,45.5,41.2,43.8,履歴少
202635082506,2026-08-25,6,ヤマチョウミニヨン,4.0,4.0,岩本怜,54.0,,8.0,11.0,盛岡,3歳B2二組,1:28.4,1.8,晴,5.0,10.0,盛岡,3歳C1一組,1:27.7,1.2,曇,8.0,5.0,盛岡,3歳B2二組,1:26.1,1.4,曇,7.0,4.0,盛岡,ファインエステート賞(3歳B2),1:27.8,0.8,晴,3.0,8.0,水沢,3歳C1一組,1:31.1,0.2,晴,58.3,10.0,,nar,2026-08-25,52.13,55.3,61.5,35.3,36.5,57.2,47.1,前走人気以上 / 履歴少 / 着差タイト
202647082506,2026-08-25,6,ヤマミウルフ,7.0,7.0,細川智史,57.0,,10.0,10.0,笠松,夏の大三角特別(C),1:34.2,3.5,晴,1.0,7.0,笠松,和葉ちゃん4才おめで(C),1:32.9,-0.6,曇,12.0,10.0,笠松,浪江祐次お誕生日記念(C),1:36.4,4.7,晴,5.0,6.0,笠松,C14組,1:33.8,0.8,晴,2.0,4.0,笠松,C15組,1:33.5,0.0,晴,10.6,5.0,,nar,2026-08-25,53.12,55.2,60.2,49.8,20.0,64.6,52.9,笠松実績 / 履歴少 / 着差タイト
202646082506,2026-08-25,6,ユリオプスイエロー,3.0,3.0,柴田勇真,55.0,,1.0,2.0,金沢,楽天ポイントが貯まる(C1C2),0:56.9,-0.2,雨,8.0,4.0,金沢,C24,1:43.1,2.6,晴,5.0,1.0,金沢,C26,1:36.0,2.3,晴,1.0,1.0,金沢,第2回又多風緑選手誕(C2),1:34.2,-1.3,曇,3.0,5.0,金沢,楽天競馬で馬券を買お(C2),0:57.2,0.3,曇,2.1,1.0,,nar,2026-08-25,63.0,78.1,41.1,75.1,69.5,49.9,56.2,金沢実績 / 履歴少 / タイム大幅改善 / 前走接戦好走
202635082506,2026-08-25,6,リトゥリア,9.0,8.0,山本聡哉,54.0,,5.0,1.0,盛岡,3歳B2二組,1:27.8,1.2,晴,1.0,2.0,盛岡,3歳C1一組,1:26.5,-0.2,曇,2.0,1.0,盛岡,3歳C1二組,1:27.5,0.4,曇,11.0,11.0,3阪神3,3歳未勝利,1:14.4,2.0,晴,9.0,10.0,2阪神5,3歳未勝利,1:55.1,1.8,晴,2.1,1.0,,nar,2026-08-25,59.23,70.4,42.6,75.1,54.5,51.2,59.5,盛岡実績 / 履歴少 / 前走接戦好走 / 安定感
202635082506,2026-08-25,6,リュウノソウル,5.0,5.0,塚本涼人,56.0,,6.0,9.0,盛岡,3歳B2二組,1:27.9,1.3,晴,9.0,4.0,盛岡,3歳C1一組,1:27.9,1.4,曇,5.0,8.0,盛岡,3歳B2二組,1:26.0,1.3,曇,6.0,5.0,盛岡,ファインエステート賞(3歳B2),1:27.6,0.6,晴,4.0,4.0,水沢,3歳C1一組,1:31.3,0.4,晴,40.8,8.0,,nar,2026-08-25,50.77,57.3,50.8,30.1,50.0,54.7,47.1,前走人気以上 / 履歴少 / 着差タイト / 市場オッズ妙味
202646082506,2026-08-25,6,ルビープリンセス,4.0,4.0,甲賀弘隆,55.0,,6.0,4.0,金沢,能登復興支援禄剛崎特(C2),1:36.0,2.5,晴,9.0,8.0,金沢,つばさ&ひかるバース(C1),1:35.8,2.8,曇,3.0,1.0,金沢,第1回えみこた日和記(C2特別),1:36.3,0.5,晴,12.0,11.0,金沢,楽天競馬で馬券を買お(C2),1:37.6,3.9,曇,7.0,5.0,金沢,C18,1:42.1,3.0,雨,15.3,5.0,,nar,2026-08-25,45.94,50.9,38.8,19.8,60.5,53.5,46.3,履歴少 / 前走接戦好走 / 市場オッズ妙味
202643082506,2026-08-25,6,レガシーオブエリザ,2.0,2.0,所蛍,53.0,,8.0,10.0,船橋,C2二　三,1:17.6,1.2,曇,8.0,9.0,浦和,AIウラワール賞(C2),0:48.9,1.0,晴,3.0,6.0,船橋,文月ダッシュ(C2),1:03.3,0.7,曇,6.0,6.0,浦和,C2　選抜馬イ,0:48.4,0.9,雨,10.0,13.0,船橋,ムササビダッシュ(C2C3),1:03.5,1.7,曇,61.0,11.0,,nar,2026-08-25,50.95,52.6,62.3,19.8,42.5,58.5,51.1,着差タイト
202630082507,2026-08-25,7,アクシズ,4.0,4.0,石川倭,57.0,,3.0,3.0,門別,平取町軽種馬生産振興(C4),1:15.7,0.6,晴,4.0,2.0,門別,3歳以上C4ー2,1:02.9,0.9,曇,,2.0,門別,3歳以上C4ー2,,,曇,2.0,1.0,門別,3歳以上C4ー2,1:03.1,0.1,晴,11.0,11.0,1新潟7,3歳未勝利,1:14.2,2.0,晴,4.9,3.0,,nar,2026-08-25,61.68,74.7,44.4,69.9,66.0,54.3,56.4,門別実績 / 着差タイト / 近走上向き / 安定感
202643082507,2026-08-25,7,アルセリア,6.0,5.0,篠谷葵,54.0,,6.0,6.0,船橋,C2四,1:18.4,0.8,曇,1.0,3.0,浦和,特選(C3),1:28.7,-0.6,曇,6.0,6.0,船橋,馬い!八幡平バイオレ(C2),1:18.5,1.8,曇,3.0,6.0,船橋,馬い!熊本菊池水田ご(C2),1:17.8,0.8,曇,8.0,7.0,船橋,C2七　八九　ア(C2八),1:39.5,2.5,曇,39.0,11.0,,nar,2026-08-25,57.3,71.8,55.8,39.5,41.0,57.3,49.0,タイム大幅改善 / 着差タイト / 市場オッズ妙味
202630082507,2026-08-25,7,アルマロベイラ,3.0,3.0,亀井洋司,55.0,,9.0,10.0,門別,テッポウユリ特別(C4),1:47.4,2.5,晴,7.0,6.0,門別,グランシャリオドリー(C4),1:39.9,1.7,曇,5.0,8.0,門別,グランシャリオドリー(C4),1:46.4,0.7,曇,8.0,7.0,門別,グランシャリオドリー(C4),1:41.0,2.1,晴,6.0,11.0,門別,日高サラブレッドサブ(C4),1:46.7,1.5,曇,129.0,9.0,,nar,2026-08-25,47.26,50.0,57.1,19.8,35.0,56.1,46.3,履歴少 / 着差タイト
202635082507,2026-08-25,7,アルミノダンク,10.0,8.0,菅原辰徳,54.0,,12.0,10.0,盛岡,2歳,1:19.0,3.5,晴,6.0,6.0,盛岡,2歳,1:17.6,2.6,曇,7.0,9.0,盛岡,ファーストステップ2(新馬)(2歳),1:01.0,1.3,晴,,,,,,,,,,,,,,,19.7,10.0,,nar,2026-08-25,36.23,38.5,48.0,0.0,17.0,53.7,43.8,履歴少 / 市場オッズ妙味
202647082507,2026-08-25,7,アンクロワヤブル,7.0,7.0,明星晴大,57.0,,2.0,6.0,笠松,亜咲花ミニライブ記念(B),1:29.9,0.8,曇,7.0,9.0,笠松,B3組,1:47.7,1.5,曇,6.0,4.0,笠松,猫スティン2周年&和(B),1:46.8,1.1,晴,6.0,5.0,笠松,春満月特別(B),2:05.3,4.7,晴,1.0,2.0,笠松,B6組,1:46.2,-0.3,曇,16.6,5.0,,nar,2026-08-25,62.81,71.9,58.9,40.7,68.0,64.6,52.6,クラス条件好転 / 前走人気以上 / 履歴少 / タイム大幅改善
202646082507,2026-08-25,7,インターシア,8.0,7.0,甲賀弘隆,57.0,,7.0,8.0,金沢,津田さんお疲れ様杯(B2),1:34.5,1.1,晴,4.0,4.0,金沢,咲き誇れ!みこち8周(B2),1:40.2,1.4,曇,8.0,10.0,金沢,やすくん&なおちゃん(B2),1:34.6,1.0,曇,3.0,1.0,金沢,愛☆日本一のウマ男祝(C1特別),1:42.4,0.8,曇,5.0,9.0,金沢,おれたちのアキナゲッ(C1),1:40.9,1.1,曇,41.0,9.0,,nar,2026-08-25,56.31,62.7,55.7,49.8,38.0,59.5,52.9,金沢実績 / 履歴少 / タイム大幅改善 / 着差タイト
202643082507,2026-08-25,7,イーオレイ,4.0,4.0,仲野光馬,56.0,,2.0,7.0,浦和,C2五,1:37.3,0.5,曇,7.0,9.0,船橋,C2二　三,1:17.5,1.1,曇,8.0,10.0,浦和,C2六,1:38.2,1.3,曇,9.0,9.0,船橋,C2二　三,1:17.5,2.0,晴,12.0,10.0,船橋,C2二　三,1:21.9,6.1,曇,25.2,7.0,,nar,2026-08-25,59.69,56.1,65.4,30.4,92.0,59.3,46.5,前走人気以上 / 前走接戦好走 / 人気以上に走る傾向 / 近走上向き
202643082507,2026-08-25,7,エウクレイア,11.0,8.0,山口達弥,54.0,,5.0,4.0,船橋,C2二　三,1:16.9,0.5,曇,8.0,3.0,船橋,かに座特別(C2),1:47.7,2.6,曇,1.0,2.0,船橋,C2四　五六　ア(C2五),1:39.2,-0.8,曇,2.0,3.0,船橋,C2七　八九　ア(C2八),1:38.5,1.5,曇,10.0,6.0,船橋,C2六　七八　ア(C2七),1:41.4,3.3,晴,9.2,4.0,,nar,2026-08-25,56.7,67.7,38.7,64.7,51.5,54.2,55.9,船橋実績 / クラス条件好転 / 履歴少 / タイム大幅改善
202646082507,2026-08-25,7,オーデンオパール,9.0,8.0,魚住謙心,55.0,,6.0,7.0,金沢,B25,1:34.3,2.0,晴,3.0,2.0,金沢,咲き誇れ!みこち8周(B2),1:40.1,1.3,曇,9.0,4.0,金沢,白山手取川ジオパーク(C1),1:35.0,2.2,曇,3.0,5.0,金沢,おれたちのアキナゲッ(C1),1:40.4,0.6,曇,4.0,5.0,金沢,裕紀くん!寛太くん!(C1),1:40.6,1.8,晴,25.3,8.0,,nar,2026-08-25,54.96,66.4,46.2,49.8,42.5,55.0,52.9,金沢実績 / 履歴少 / タイム大幅改善 / 着差タイト
202643082507,2026-08-25,7,オールトソリス,3.0,3.0,本田正重,56.0,,2.0,1.0,船橋,C2四,1:17.8,0.2,曇,1.0,1.0,船橋,入梅ダッシュ(C3),1:02.4,-0.9,曇,2.0,1.0,船橋,ダリア賞(C3),1:17.5,0.3,曇,3.0,1.0,船橋,C2十,1:16.0,0.3,晴,2.0,1.0,船橋,C3一　特選,1:15.9,0.0,晴,2.4,1.0,,nar,2026-08-25,69.01,92.8,43.7,100.0,50.0,50.5,68.2,船橋実績 / ダ適性 / 履歴少 / 前走接戦好走
202630082507,2026-08-25,7,オーヴァザトラブル,1.0,1.0,小野楓馬,57.0,,1.0,1.0,門別,びらとり温泉ゆから賞(C4),1:16.6,-0.1,晴,4.0,2.0,門別,3歳以上C4ー3,1:16.4,0.9,晴,4.0,1.0,門別,うらかわ馬フェスタ2(C4),1:17.2,1.0,曇,2.0,1.0,門別,日高沙流川オートキャ(C4),1:16.3,0.1,晴,3.0,1.0,門別,3歳以上C4ー3,1:53.0,0.8,曇,6.7,5.0,,nar,2026-08-25,67.3,86.5,39.9,100.0,63.5,52.9,59.5,門別実績 / 履歴少 / 着差タイト / 安定感
202635082507,2026-08-25,7,カシュタン,2.0,2.0,山本聡紀,55.0,,8.0,5.0,盛岡,2歳,1:17.7,2.2,晴,5.0,4.0,盛岡,2歳,1:17.4,2.3,曇,5.0,3.0,水沢,ファーストステップ2(新馬)(2歳),0:55.4,1.6,晴,,,,,,,,,,,,,,,16.7,9.0,,nar,2026-08-25,47.21,58.3,35.5,44.7,32.0,57.5,51.2,盛岡実績 / 履歴少 / 市場オッズ妙味
202646082507,2026-08-25,7,カノアレディー,7.0,7.0,柴田勇真,55.0,,1.0,1.0,金沢,能登復興支援禄剛崎特(C2),1:33.5,-0.3,晴,1.0,1.0,金沢,祝!雅也&里佳ブライ(C2),1:33.6,-1.6,晴,2.0,2.0,金沢,C28,1:40.7,0.7,晴,11.0,8.0,大井,C2九　十11(C2十),1:32.7,3.2,曇,12.0,8.0,大井,白百合特別競走(C2),1:16.6,2.7,雨,2.1,1.0,,nar,2026-08-25,64.54,77.7,44.0,75.1,83.0,48.6,59.5,金沢実績 / 履歴少 / 着差タイト / 近走上向き
202647082507,2026-08-25,7,カンナリリー,6.0,6.0,阿部基嗣,54.0,,5.0,6.0,笠松,WEB特別番組配信中,1:31.0,1.3,曇,7.0,4.0,笠松,B4組,1:48.5,2.8,晴,9.0,4.0,笠松,B3組,1:48.5,3.8,晴,2.0,8.0,笠松,B4組,1:44.1,0.3,雨,1.0,5.0,笠松,B級サバイバル,1:32.8,0.0,晴,72.7,8.0,,nar,2026-08-25,56.66,64.5,49.0,55.3,48.5,55.5,52.9,笠松実績 / 履歴少 / タイム大幅改善 / 前走接戦好走
202635082507,2026-08-25,7,カンパネルラ,7.0,7.0,小林凌,55.0,,10.0,9.0,盛岡,若鮎賞(重賞),1:46.5,6.2,小雨,5.0,7.0,盛岡,ファーストステップ2(新馬)(2歳),1:00.8,1.6,小雨,,,,,,,,,,,,,,,,,,,,,,11.5,7.0,,nar,2026-08-25,43.15,43.3,46.9,31.7,29.0,52.6,51.2,盛岡実績 / 履歴少 / サンプル少
202630082507,2026-08-25,7,クールメゾン,5.0,5.0,望月洵輝,55.0,,6.0,8.0,門別,グランシャリオドリー(C4),1:39.8,1.6,曇,5.0,11.0,門別,グランシャリオドリー(C4),1:40.0,1.1,晴,12.0,5.0,門別,えんどう豆生まれドリ(C4),1:17.8,3.5,晴,11.0,10.0,門別,3歳以上C4ー2,2:03.8,5.2,曇,6.0,8.0,門別,3歳以上C4ー2,2:03.1,2.6,曇,39.1,8.0,,nar,2026-08-25,49.38,46.7,55.5,24.9,65.0,54.1,46.3,履歴少 / 近走上向き / 市場オッズ妙味
202646082507,2026-08-25,7,グレイトムーン,1.0,1.0,中島龍也,57.0,,3.0,1.0,金沢,最高の推し!真白生誕(B2),1:40.0,0.3,晴,6.0,1.0,金沢,としおゆうこ夫妻に感(B2),1:35.7,1.4,曇,1.0,2.0,金沢,C18,1:39.1,-2.4,雨,3.0,1.0,金沢,Win5愛好へそきり(C2),1:34.9,0.5,曇,1.0,1.0,金沢,C27,1:33.3,-1.4,晴,4.0,2.0,,nar,2026-08-25,60.09,82.8,36.4,75.1,48.5,50.7,56.2,金沢実績 / 履歴少 / 前走接戦好走 / 安定感
202643082507,2026-08-25,7,コルネイユドール,1.0,1.0,西村栄喜,54.0,,4.0,8.0,船橋,獅子座ダッシュ(C2C3),1:03.4,1.0,晴,10.0,11.0,船橋,アヤメスプリント(C2),1:18.4,2.1,曇,9.0,9.0,浦和,C2五　六,1:40.4,2.9,曇,9.0,9.0,船橋,C2四　五六　イ(C2五),1:18.9,2.2,曇,7.0,11.0,船橋,馬い!山武たがやす倶(C2),1:17.6,1.6,曇,88.4,12.0,,nar,2026-08-25,55.57,47.8,63.1,30.4,78.5,57.4,47.1,前走人気以上 / 履歴少 / タイム大幅改善 / 着差タイト
202630082507,2026-08-25,7,サマーブライド,6.0,6.0,落合玄太,55.0,,7.0,2.0,門別,平取町軽種馬生産振興(C4),1:16.8,1.7,晴,2.0,3.0,門別,3歳以上C4ー2,1:15.7,1.1,晴,3.0,2.0,門別,3歳以上C4ー2,1:15.8,0.3,曇,5.0,2.0,水沢,C2二組,1:29.7,1.5,曇,4.0,1.0,盛岡,C2二組,1:28.1,1.5,曇,6.5,4.0,,nar,2026-08-25,53.72,73.1,34.5,69.6,29.0,50.8,54.0,門別実績 / 履歴少 / 前走接戦好走 / 安定感
202646082507,2026-08-25,7,シェルターベルト,2.0,2.0,栗原大河,55.0,,2.0,7.0,金沢,楽天ポイントが貯まる(C1C2),0:57.1,0.2,雨,7.0,11.0,金沢,能登復興支援高爪山賞(B2),1:33.2,1.4,曇,8.0,7.0,金沢,C13,1:35.1,3.0,曇,9.0,9.0,金沢,いのちゃん@36歳年(C1特別),1:43.0,2.0,曇,8.0,8.0,金沢,おれたちのアキナゲッ(C1),1:41.7,1.9,曇,19.3,6.0,,nar,2026-08-25,61.77,59.4,66.2,30.4,86.0,64.4,49.3,クラス条件好転 / 前走人気以上 / 履歴少 / タイム大幅改善
202647082507,2026-08-25,7,ジェバーダ,2.0,2.0,東川慎,55.0,,14.0,12.0,2小倉6,3歳以上1勝クラス,1:53.2,7.2,晴,16.0,15.0,4京都6,3歳以上1勝クラス,2:03.7,39.6,晴,8.0,9.0,3中京2,3歳以上1勝クラス,1:26.3,1.7,晴,1.0,2.0,2京都6,3歳未勝利,1:12.3,-0.2,晴,5.0,3.0,2京都1,3歳未勝利,1:25.5,1.0,晴,4.6,2.0,,nar,2026-08-25,37.54,30.3,45.0,24.9,11.0,49.8,57.9,小倉実績 / クラス条件好転 / タイム大幅改善 / 着差タイト
202643082507,2026-08-25,7,セキテイジュウオー,8.0,6.0,張田昂,56.0,,3.0,3.0,船橋,C2二　三,1:16.8,0.4,曇,7.0,4.0,浦和,C2六,1:38.2,1.3,曇,8.0,5.0,船橋,アヤメスプリント(C2),1:17.7,1.4,曇,6.0,3.0,船橋,C2二　三,1:16.6,0.8,曇,5.0,4.0,船橋,馬い!実況ありがとう(C2三),1:17.1,1.1,曇,13.3,5.0,,nar,2026-08-25,53.92,63.0,36.8,40.7,71.0,54.5,51.5,船橋実績 / タイム大幅改善 / 着差タイト / 近走上向き
202643082507,2026-08-25,7,ソーヴキプ,2.0,2.0,秋元耕成,54.0,,1.0,6.0,船橋,みずほスプリント(C3),1:16.1,-0.5,晴,9.0,10.0,浦和,朝顔特別(C3),1:30.8,1.2,雨,8.0,7.0,船橋,文月ダッシュ(C2),1:05.1,2.5,曇,10.0,9.0,船橋,馬い!山武たがやす倶(C2),1:17.8,1.8,曇,5.0,11.0,浦和,八潮市ハッピーこまち(C2),1:39.1,1.2,曇,34.5,10.0,,nar,2026-08-25,63.2,59.2,64.3,40.7,92.0,62.8,51.5,クラス条件好転 / 前走人気以上 / 履歴少 / タイム大幅改善
202647082507,2026-08-25,7,チュウワダイオウ,8.0,8.0,松本一心,57.0,,3.0,1.0,笠松,WEB特別番組配信中,1:30.6,0.9,曇,9.0,6.0,3京都11,4歳以上1勝クラス,1:53.6,1.2,晴,4.0,7.0,1新潟3,4歳以上1勝クラス,1:55.9,1.1,晴,4.0,11.0,4新潟2,3歳以上1勝クラス,1:53.7,1.0,曇,6.0,8.0,3京都1,3歳以上1勝クラス,1:51.9,1.2,雨,1.7,1.0,,nar,2026-08-25,61.27,66.8,53.3,64.7,66.5,56.8,48.8,履歴少 / タイム大幅改善 / 着差タイト / 近走上向き
202635082507,2026-08-25,7,テンシノウィンク,8.0,7.0,山本政聡,54.0,,7.0,4.0,盛岡,ファーストステップ2(新馬)(2歳),1:06.9,4.5,曇,,,,,,,,,,,,,,,,,,,,,,,,,,,,,13.1,8.0,,nar,2026-08-25,38.74,41.1,36.0,29.6,40.6,37.3,48.8,履歴少 / サンプル少
202635082507,2026-08-25,7,デイジーサンデー,3.0,3.0,山本聡哉,54.0,,4.0,3.0,盛岡,2歳,1:16.6,1.1,晴,7.0,5.0,門別,グランシャリオドリー(未勝利)(2歳),1:03.8,0.6,曇,9.0,9.0,門別,2歳未勝利(未勝利),1:11.9,2.7,曇,7.0,7.0,門別,2歳未勝利(未勝利),1:03.8,2.8,曇,9.0,8.0,門別,JRA認定競走フレッ(新馬)(2歳),1:11.3,2.3,曇,3.6,1.0,,nar,2026-08-25,50.85,54.5,43.7,30.4,74.0,51.5,48.8,履歴少 / 着差タイト / 近走上向き
202646082507,2026-08-25,7,トップタルマエ,6.0,6.0,松戸政也,57.0,,1.0,2.0,金沢,C16,1:41.4,-0.1,曇,4.0,3.0,金沢,つばさ&ひかるバース(C1),1:33.4,0.4,曇,4.0,3.0,金沢,小田島ゴールインカッ(C2),1:35.2,1.9,曇,3.0,3.0,金沢,ろこ★お留守番ごめん(C2),1:40.5,0.3,曇,5.0,5.0,金沢,Win5愛好へそきり(C2),1:35.4,1.0,曇,7.6,4.0,,nar,2026-08-25,69.99,83.6,49.0,100.0,68.0,58.0,59.5,金沢実績 / 履歴少 / 着差タイト / 近走上向き
202635082507,2026-08-25,7,トモノミラグレ,4.0,4.0,岩本怜,55.0,,7.0,2.0,盛岡,2歳,1:18.0,2.9,曇,3.0,7.0,盛岡,2歳,1:15.9,0.9,曇,9.0,8.0,盛岡,2歳,1:19.2,4.6,晴,6.0,9.0,水沢,ファーストステップ2(新馬)(2歳),0:53.8,2.3,晴,,,,,,,,10.5,6.0,,nar,2026-08-25,49.69,58.7,47.8,24.9,44.0,58.3,48.5,履歴少 / 着差タイト
202630082507,2026-08-25,7,トーケンナナ,9.0,8.0,吉本隆記,55.0,,4.0,9.0,門別,テッポウユリ特別(C4),1:45.6,0.7,晴,8.0,6.0,門別,門別音頭祭り特別(C4),1:53.9,3.8,曇,7.0,7.0,門別,グランシャリオドリー(C4),1:46.6,0.9,曇,4.0,10.0,門別,グランシャリオドリー(C4),1:39.5,0.6,晴,10.0,12.0,門別,日高サラブレッドサブ(C4),1:47.6,2.4,曇,35.7,7.0,,nar,2026-08-25,60.65,58.3,64.7,45.0,69.5,63.4,49.6,前走人気以上 / 履歴少 / タイム大幅改善 / 着差タイト
202647082507,2026-08-25,7,トーホウジェンマ,5.0,5.0,塚本征吾,55.0,,7.0,5.0,笠松,B3組,1:33.5,1.9,晴,4.0,7.0,笠松,五六川特別(B),2:08.9,0.8,曇,8.0,10.0,笠松,濃姫特別(B),1:31.0,1.5,曇,9.0,7.0,笠松,金華山特別(B),1:31.9,2.0,晴,9.0,4.0,笠松,春三日月特別(B),1:34.3,3.7,晴,30.6,7.0,,nar,2026-08-25,49.0,52.4,48.1,24.9,53.0,52.1,49.3,クラス条件好転 / 履歴少 / タイム大幅改善 / 着差タイト
202630082507,2026-08-25,7,ドントゥール,8.0,8.0,服部茂史,55.0,,15.0,16.0,2小倉5,3歳未勝利,2:02.9,1.9,晴,13.0,13.0,3京都9,3歳未勝利,2:16.1,1.8,曇,10.0,7.0,3京都6,3歳未勝利,1:57.2,3.9,晴,12.0,9.0,1阪神5,3歳未勝利,2:13.4,5.1,晴,5.0,5.0,2京都5,3歳未勝利,1:57.7,1.8,晴,2.4,1.0,,nar,2026-08-25,31.09,15.3,44.9,10.3,20.0,47.7,50.0,タイム大幅改善
202646082507,2026-08-25,7,ノエル,3.0,3.0,沖静男,57.0,,4.0,6.0,金沢,B25,1:33.9,1.6,晴,1.0,3.0,金沢,葛山晃平騎手ラストデ(C1),1:39.6,-0.2,曇,5.0,8.0,金沢,オオタアキラ引退送別(C2),1:42.1,1.3,曇,3.0,2.0,金沢,C22,1:42.5,0.5,曇,5.0,3.0,金沢,幻のいちじく黒蜜姫杯(C2),1:34.4,1.5,曇,17.1,5.0,,nar,2026-08-25,70.84,80.7,59.4,100.0,47.0,64.7,59.5,金沢実績 / 履歴少 / タイム大幅改善 / 前走接戦好走
202635082507,2026-08-25,7,ハッピーアフリート,6.0,6.0,佐々木志,54.0,,9.0,9.0,門別,2歳未勝利(未勝利),1:10.1,1.7,曇,4.0,9.0,門別,2歳未勝利(未勝利),1:09.4,2.0,晴,6.0,6.0,門別,2歳未勝利(未勝利),1:11.5,1.7,曇,7.0,10.0,門別,JRA認定競走フレッ(新馬)(2歳),1:04.9,2.3,晴,,,,,,,,4.8,2.0,,nar,2026-08-25,50.76,55.0,63.1,24.9,30.0,61.5,50.0,前走人気以上
202630082507,2026-08-25,7,パリコトパナナ,7.0,7.0,宮内勇樹,55.0,,9.0,11.0,門別,王冠賞〔H2〕(重賞),1:58.3,2.4,曇,8.0,11.0,門別,星雲賞〔H3〕(重賞),1:15.8,1.9,雨,9.0,8.0,門別,フロイラインカップ〔(重賞),1:55.2,3.6,曇,8.0,13.0,門別,フロイラインスプリン(重賞),1:16.2,2.8,曇,8.0,9.0,門別,3歳C440万円以下,1:17.2,2.3,曇,4.5,2.0,,nar,2026-08-25,44.53,40.0,63.9,0.0,45.5,58.2,43.8,履歴少
202630082507,2026-08-25,7,ピエールエンジェル,2.0,2.0,岩橋勇二,55.0,,9.0,7.0,門別,グランシャリオドリー(C4),1:03.7,1.8,晴,9.0,6.0,門別,3歳以上C4ー2,1:02.9,0.9,曇,3.0,4.0,門別,3歳以上C4ー2,1:03.1,0.6,曇,1.0,5.0,門別,3歳以上C4ー3,1:03.7,-0.1,曇,5.0,7.0,門別,3歳以上C4ー3,1:03.2,1.2,曇,24.8,6.0,,nar,2026-08-25,49.64,58.1,47.4,44.7,23.0,57.6,52.9,門別実績 / 履歴少 / 着差タイト / 市場オッズ妙味
202643082507,2026-08-25,7,フィオーレ,5.0,5.0,笠野雄大,54.0,,6.0,7.0,船橋,C2二　三,1:17.4,1.0,曇,1.0,3.0,船橋,C2四　五,1:17.1,-0.3,曇,6.0,7.0,船橋,馬い!スイートポテト(C2五),1:18.4,0.7,曇,4.0,6.0,船橋,馬い!淡路洲本農園し(C2八),1:17.0,1.0,曇,3.0,3.0,浦和,植月特別(C3),1:31.7,0.4,晴,16.3,6.0,,nar,2026-08-25,60.13,74.8,59.0,49.8,35.0,65.8,51.2,船橋実績 / 履歴少 / 着差タイト / 過小評価傾向
202635082507,2026-08-25,7,プロパティクシオン,9.0,8.0,大坪慎,55.0,,5.0,7.0,盛岡,2歳,1:16.8,1.3,晴,7.0,8.0,門別,2歳未勝利(未勝利),1:12.6,2.8,曇,9.0,8.0,門別,JRA認定競走フレッ(新馬)(2歳),1:06.5,4.0,曇,,,,,,,,,,,,,,,8.4,4.0,,nar,2026-08-25,53.61,54.3,56.1,30.4,68.0,59.0,48.8,履歴少 / 近走上向き
202647082507,2026-08-25,7,ベールドインパクト,4.0,4.0,馬渕繁治,57.0,,,10.0,2小倉4,障害3歳以上未勝利,,,雨,7.0,9.0,1新潟4,障害4歳以上未勝利,3:16.6,5.3,晴,11.0,6.0,4中山1,3歳未勝利,1:57.1,2.4,晴,2.0,3.0,盛岡,アンバー賞(3歳),1:45.5,0.6,晴,9.0,8.0,1函館11,3歳未勝利,1:09.6,1.3,晴,6.7,3.0,,nar,2026-08-25,45.16,48.9,45.5,14.6,52.0,51.2,48.8,履歴少 / 着差タイト
202647082507,2026-08-25,7,マイネルウォーリア,1.0,1.0,筒井勇介,57.0,,7.0,3.0,笠松,WEB特別番組配信中,1:32.8,3.1,曇,4.0,2.0,笠松,風待月特別(AB),1:32.6,1.0,晴,4.0,5.0,佐賀,フクシア賞(A2),1:30.5,1.7,晴,7.0,4.0,佐賀,サガデーナイト競馬賞(A2),1:29.1,1.6,雨,7.0,3.0,佐賀,発明の日賞,1:29.5,1.5,曇,26.1,6.0,,nar,2026-08-25,48.28,62.7,33.4,44.7,41.0,48.5,51.2,笠松実績 / 履歴少 / 着差タイト / 市場オッズ妙味
202647082507,2026-08-25,7,マウンテンピオニー,9.0,8.0,大原浩司,55.0,,8.0,7.0,笠松,B級サバイバル,1:32.5,2.4,晴,8.0,7.0,笠松,B2組,1:34.2,2.7,晴,7.0,8.0,笠松,あまのがわ特別(AB),1:33.2,2.9,曇,10.0,10.0,笠松,キキョウ特別(A),1:33.5,3.2,晴,8.0,8.0,笠松,岐阜城特別(AB),1:34.0,3.4,晴,144.7,9.0,,nar,2026-08-25,41.9,43.2,47.5,0.0,51.5,50.9,43.8,履歴少 / タイム大幅改善
202635082507,2026-08-25,7,マナラニアケア,1.0,1.0,高松亮,55.0,,8.0,10.0,門別,2歳未勝利(未勝利),1:04.6,2.5,曇,10.0,8.0,門別,2歳未勝利(未勝利),1:12.3,4.9,晴,5.0,9.0,門別,2歳未勝利(未勝利),1:11.2,1.4,曇,10.0,9.0,門別,日高町の地酒「縁」と(未勝利)(2歳),1:04.5,2.5,晴,9.0,9.0,門別,JRA認定競走フレッ(新馬)(2歳),1:12.1,4.1,曇,9.1,5.0,,nar,2026-08-25,46.96,41.6,55.3,19.8,53.0,54.4,50.0,タイム大幅改善
202643082507,2026-08-25,7,ミスターアルデ,10.0,7.0,山中悠希,56.0,,7.0,7.0,船橋,C2四,1:18.7,1.1,曇,8.0,11.0,船橋,C2二　三,1:17.2,1.4,曇,7.0,12.0,船橋,馬い!実況ありがとう(C2三),1:17.2,1.2,曇,8.0,8.0,船橋,C2二　三四　ウ(C2三),1:16.7,1.6,晴,8.0,7.0,船橋,C2四　五,1:18.0,2.3,晴,31.1,9.0,,nar,2026-08-25,47.14,48.0,61.4,0.0,54.5,57.4,43.8,履歴少 / 市場オッズ妙味
202643082507,2026-08-25,7,メタルハート,12.0,8.0,小杉亮,54.0,,6.0,8.0,船橋,蝉しぐれスプリント(C2),1:16.8,1.7,曇,9.0,5.0,川崎,C2一　二,1:33.6,2.1,曇,2.0,3.0,川崎,C2四　五,1:33.0,0.0,晴,4.0,4.0,川崎,二人羽織賞(C2),1:34.0,0.8,晴,4.0,10.0,川崎,ベルリン賞(C2),1:34.2,1.3,晴,29.5,8.0,,nar,2026-08-25,55.61,64.3,53.0,44.7,42.5,59.5,48.8,履歴少 / タイム大幅改善 / 着差タイト / 市場オッズ妙味
202647082507,2026-08-25,7,ラブフォルテッシモ,3.0,3.0,高木健,55.0,,2.0,2.0,笠松,WEB特別番組配信中,1:30.5,0.8,曇,2.0,5.0,笠松,第1回みなと杯(B),1:30.9,0.6,晴,4.0,5.0,笠松,ガンバロウ笠松競馬(B),1:30.3,0.7,晴,12.0,6.0,笠松,B4組,1:33.9,3.4,晴,4.0,3.0,笠松,B4組,1:31.6,0.6,晴,6.8,4.0,,nar,2026-08-25,66.18,75.5,49.8,85.4,71.0,56.2,56.2,笠松実績 / 履歴少 / タイム改善 / 着差タイト
202643082507,2026-08-25,7,リュウノマキロイ,9.0,7.0,野澤憲彦,56.0,,1.0,2.0,船橋,獅子座ダッシュ(C2C3),1:02.4,-0.3,晴,2.0,9.0,船橋,C3　選抜馬,1:16.7,0.4,晴,3.0,6.0,船橋,アズライトダッシュ(C2),1:02.6,0.1,晴,9.0,4.0,船橋,船橋ホースパーク賞(C2C3),1:03.3,1.6,晴,3.0,5.0,船橋,十倉ダッシュ(C2),1:02.4,0.6,曇,4.4,2.0,,nar,2026-08-25,74.02,83.9,64.8,85.4,69.5,61.5,65.0,船橋実績 / ダ適性 / 履歴少 / タイム大幅改善
202646082507,2026-08-25,7,リンクアームズ,5.0,5.0,吉田晃浩,55.0,,9.0,7.0,金沢,津田さんお疲れ様杯(B2),1:35.5,2.1,晴,4.0,9.0,金沢,「葛山画伯」記念(B2),1:40.2,2.5,曇,10.0,9.0,金沢,やすくん&なおちゃん(B2),1:35.6,2.0,曇,8.0,11.0,金沢,心星ひなまる永遠の5(B2),1:35.9,2.9,曇,5.0,10.0,金沢,B26,1:41.5,1.6,曇,43.4,10.0,,nar,2026-08-25,50.6,48.9,59.8,35.3,36.5,59.3,49.6,履歴少 / タイム大幅改善 / 市場オッズ妙味
202646082507,2026-08-25,7,ロングサクセション,10.0,8.0,青柳正義,57.0,,8.0,4.0,金沢,津田さんお疲れ様杯(B2),1:34.8,1.4,晴,5.0,7.0,金沢,やすくん&なおちゃん(B2),1:34.5,0.9,曇,9.0,8.0,金沢,心星ひなまる永遠の5(B2),1:36.1,3.1,曇,4.0,6.0,金沢,B26,1:41.3,1.4,曇,1.0,1.0,金沢,つるーたんとハラペー(C1),1:34.1,0.0,曇,19.7,7.0,,nar,2026-08-25,51.49,58.9,45.6,49.8,30.5,61.6,52.9,金沢実績 / 履歴少 / 着差タイト / 市場オッズ妙味
202646082507,2026-08-25,7,ローレルランウェイ,4.0,4.0,浅野登生,52.0,,5.0,5.0,金沢,B25,1:33.9,1.6,晴,2.0,7.0,金沢,能登復興支援高爪山賞(B2),1:32.0,0.2,曇,9.0,2.0,金沢,C13,1:35.3,3.2,曇,3.0,10.0,金沢,C12,1:41.0,1.0,曇,5.0,4.0,金沢,C14,1:34.5,2.6,曇,6.8,3.0,,nar,2026-08-25,63.05,70.0,55.5,80.2,48.5,60.8,56.2,金沢実績 / 履歴少 / 着差タイト / 安定感
202643082507,2026-08-25,7,ワールドクライシス,7.0,6.0,Ｆ．ゴン,56.0,,3.0,2.0,船橋,C2四,1:18.0,0.4,曇,,,船橋,C2二　三,,,晴,4.0,1.0,船橋,C2四　五六　イ(C2五),1:17.3,0.6,曇,1.0,1.0,船橋,馬い!淡路洲本農園し(C2八),1:16.0,-0.4,曇,4.0,3.0,船橋,C2九　十,1:40.4,1.8,晴,5.1,3.0,,nar,2026-08-25,62.18,83.9,40.7,75.1,50.0,52.9,59.5,船橋実績 / 履歴少 / 着差タイト / 安定感
202635082507,2026-08-25,7,ワールドルミエール,5.0,5.0,鈴木祐,54.0,,7.0,8.0,盛岡,2歳,1:17.0,1.5,晴,11.0,7.0,盛岡,若鮎賞(重賞),1:48.3,8.0,小雨,4.0,2.0,盛岡,2歳,1:17.3,2.3,曇,6.0,5.0,盛岡,ファーストステップ2(新馬)(2歳),1:00.6,0.9,晴,,,,,,,,6.1,3.0,,nar,2026-08-25,44.99,49.7,40.4,19.8,50.0,48.6,50.1,クラス条件好転 / 履歴少 / タイム大幅改善 / 着差タイト
202643082508,2026-08-25,8,アウフグース,2.0,2.0,山中悠希,55.0,,10.0,10.0,船橋,東京湾C(重賞),1:51.9,2.9,曇,1.0,6.0,浦和,’26アヴニールスプ(OP)(3歳),1:28.1,-0.2,晴,1.0,1.0,川崎,頬白賞(3歳),1:36.8,-1.0,晴,2.0,3.0,船橋,3歳二　三,1:38.9,0.2,晴,3.0,5.0,船橋,如月賞(3歳),1:38.7,0.4,晴,12.0,4.0,,nar,2026-08-25,59.42,75.3,61.2,69.6,0.5,65.8,54.0,船橋実績 / 履歴少 / 前走接戦好走 / 安定感
202643082508,2026-08-25,8,アトレーヴフェイス,10.0,7.0,張田昂,55.0,,1.0,1.0,船橋,サボテンスプリント(B3),1:14.8,-0.6,曇,11.0,9.0,大井,優駿スプリント競走(重賞),1:13.6,2.6,晴,3.0,1.0,船橋,ネクストスター東日本(重賞),1:15.0,0.4,晴,1.0,2.0,船橋,寒椿スプリント(3歳),1:15.7,-1.2,曇,2.0,1.0,船橋,若駒スプリント(3歳),1:14.6,0.1,曇,2.0,1.0,,nar,2026-08-25,63.15,76.1,44.0,75.1,69.5,50.4,62.5,船橋実績 / クラス条件好転 / 履歴少 / 前走接戦好走
202647082508,2026-08-25,8,アバンチュリエ,3.0,3.0,大原浩司,57.0,,3.0,6.0,笠松,サスケ来場記念(B),1:46.3,2.3,晴,6.0,5.0,笠松,B2組,1:32.6,1.1,晴,4.0,8.0,笠松,ひこぼし特別(B),1:31.6,1.3,曇,7.0,8.0,笠松,五六川特別(B),2:10.7,2.6,曇,6.0,10.0,笠松,水無月特別(B),1:47.7,2.3,晴,24.3,7.0,,nar,2026-08-25,62.92,69.3,64.1,50.2,66.5,63.4,52.6,クラス条件好転 / 前走人気以上 / 履歴少 / 近走上向き
202646082508,2026-08-25,8,ウェザーコック,5.0,5.0,平瀬城久,57.0,,7.0,8.0,金沢,能登復興祈念百万石か(重賞),1:31.9,1.2,曇,7.0,8.0,金沢,スマホで投票!楽天競(A1),1:39.3,2.7,晴,3.0,9.0,金沢,スマホで投票!楽天競(A1),1:31.3,2.2,曇,11.0,11.0,金沢,百万石賞(重賞),2:25.9,7.6,晴,5.0,4.0,金沢,スマホで投票!楽天競(A1),1:39.8,1.9,晴,50.8,7.0,,nar,2026-08-25,53.15,55.3,61.4,30.1,47.0,57.2,49.6,履歴少 / タイム大幅改善
202647082508,2026-08-25,8,エイシンヤタガラス,8.0,8.0,明星晴大,57.0,,2.0,1.0,笠松,蛍火特別(B),1:43.9,0.9,晴,1.0,1.0,笠松,第1回みなと杯(B),1:30.3,-0.6,晴,2.0,1.0,笠松,B3組,1:47.1,0.1,晴,2.0,2.0,笠松,B3組,1:45.0,0.0,雨,2.0,1.0,笠松,B4組,1:47.1,0.4,晴,1.8,1.0,,nar,2026-08-25,68.73,94.0,45.8,100.0,48.5,50.6,59.5,笠松実績 / 履歴少 / 着差タイト / 安定感
202643082508,2026-08-25,8,エムティワイザー,11.0,8.0,古岡勇樹,56.0,,1.0,2.0,川崎,夏紅特別(B3二),1:30.8,0.0,晴,3.0,3.0,川崎,江戸切子特別(B3二),1:31.1,0.3,晴,5.0,3.0,川崎,末摘花特別(B3二),1:31.6,1.1,曇,2.0,6.0,川崎,早苗月特別(B3二),1:29.9,0.3,曇,3.0,2.0,川崎,ファイナルアンサー賞(B3),1:37.6,0.4,雨,18.8,5.0,,nar,2026-08-25,71.0,86.9,52.7,100.0,63.5,63.5,48.8,履歴少 / 前走接戦好走 / 安定感 / 市場オッズ妙味
202635082508,2026-08-25,8,エルモドーロ,11.0,8.0,佐々木志,56.0,,5.0,3.0,盛岡,ストロベリーキャンド(C1),1:26.7,1.4,晴,2.0,6.0,盛岡,B2,1:25.5,0.0,雨,4.0,4.0,盛岡,B2,1:26.4,1.4,晴,1.0,3.0,水沢,ハイドランジア賞(C1),1:27.9,-0.1,雨,6.0,5.0,盛岡,C1,1:27.3,0.9,曇,11.6,5.0,,nar,2026-08-25,65.78,79.4,54.0,89.7,39.5,62.4,58.3,盛岡実績 / クラス条件好転 / 履歴少 / 着差タイト
202647082508,2026-08-25,8,オレンタノ,4.0,4.0,筒井勇介,57.0,,7.0,7.0,笠松,B2組,1:33.7,2.2,晴,5.0,6.0,笠松,あまのがわ特別(AB),1:32.1,1.8,曇,10.0,5.0,笠松,糸貫川特別(B),1:47.3,3.0,曇,6.0,8.0,笠松,ジュン特別(B),1:32.1,0.8,晴,9.0,4.0,笠松,かがり火特別(B),1:33.0,2.6,曇,36.9,8.0,,nar,2026-08-25,46.4,50.8,43.3,24.9,53.0,50.2,49.3,クラス条件好転 / 履歴少 / 着差タイト / 市場オッズ妙味
202635082508,2026-08-25,8,オロスコピオ,2.0,2.0,菅原辰徳,54.0,,6.0,4.0,盛岡,チックウィード賞(B2),1:28.2,1.4,晴,5.0,10.0,盛岡,ラビットイヤー賞(B2),1:25.0,1.1,小雨,10.0,12.0,盛岡,ソウルラッシュ特別(B2),1:26.4,1.8,晴,8.0,11.0,水沢,B2,1:44.8,3.1,晴,7.0,8.0,水沢,B1,1:31.5,1.6,晴,24.7,9.0,,nar,2026-08-25,52.75,52.5,61.0,24.9,59.0,60.6,48.5,履歴少 / 市場オッズ妙味
202647082508,2026-08-25,8,カジカライズ,6.0,6.0,塚本征吾,57.0,,5.0,3.0,笠松,アサガオ特別(B),1:32.1,1.2,晴,1.0,1.0,笠松,B3組,1:30.2,-0.7,曇,5.0,4.0,笠松,水無月特別(B),1:47.2,1.8,晴,1.0,2.0,笠松,B5組,1:30.9,0.0,晴,2.0,5.0,笠松,B7組,1:44.9,0.2,晴,4.3,2.0,,nar,2026-08-25,65.25,83.1,47.6,100.0,33.5,56.9,59.5,笠松実績 / 履歴少 / 前走接戦好走 / 安定感
202630082508,2026-08-25,8,キタサンスーザン,8.0,8.0,藤田凌駕,54.0,,7.0,5.0,門別,ネモフィラ特別(C4),2:01.9,2.1,晴,2.0,4.0,門別,ラベンダー特別(C4),2:00.1,0.5,雨,5.0,8.0,門別,アヤメ特別(C4),1:53.4,1.0,晴,9.0,10.0,門別,グランシャリオドリー(C4),2:01.1,2.8,曇,6.0,6.0,門別,3歳以上C4ー2,1:54.6,1.6,曇,16.2,5.0,,nar,2026-08-25,55.7,63.6,54.4,44.7,41.0,64.5,49.6,履歴少 / 着差タイト / 市場オッズ妙味
202643082508,2026-08-25,8,キャッスルシオン,7.0,6.0,和田譲治,54.0,,1.0,5.0,船橋,馬い!青レモンは佐賀(B3),1:16.0,0.0,曇,4.0,5.0,船橋,伏姫スプリント(B2B3),1:15.9,0.7,曇,8.0,7.0,船橋,紫陽花スプリント(B2B3),1:16.7,2.2,小雨,3.0,6.0,船橋,ネモフィラスプリント(B2B3),1:14.9,0.5,曇,5.0,9.0,船橋,クローバースプリント(B2B3),1:16.2,1.1,晴,41.2,9.0,,nar,2026-08-25,70.78,77.3,64.8,80.2,74.0,63.4,56.2,船橋実績 / 前走人気以上 / 履歴少 / 着差タイト
202635082508,2026-08-25,8,キラット,1.0,1.0,村上忍,54.0,,12.0,4.0,水沢,B2,1:39.7,9.0,晴,2.0,6.0,水沢,B2,1:28.7,0.4,曇,3.0,2.0,水沢,3月22日は帯広でば(B1),1:31.4,1.1,晴,10.0,7.0,浦和,浦和エイトチャレンジ(C1),1:32.7,2.4,晴,7.0,7.0,船橋,馬い!卵はサンサンエ(C1五),1:16.8,1.2,晴,27.8,10.0,,nar,2026-08-25,42.6,52.6,35.5,44.7,11.0,51.1,48.8,履歴少 / 前走接戦好走 / 市場オッズ妙味
202647082508,2026-08-25,8,キングオブワールド,5.0,5.0,渡辺竜也,57.0,,2.0,2.0,笠松,B3組,1:31.7,0.1,晴,5.0,3.0,笠松,B3組,1:46.3,1.6,晴,3.0,1.0,笠松,B3組,1:45.9,0.0,晴,8.0,1.0,笠松,かがり火特別(B),1:31.8,1.4,曇,1.0,1.0,笠松,B7組,1:44.7,-0.2,晴,4.9,3.0,,nar,2026-08-25,62.46,78.3,36.6,85.4,63.5,49.6,56.2,笠松実績 / 履歴少 / タイム大幅改善 / 前走接戦好走
202635082508,2026-08-25,8,グラフィアスレディ,3.0,3.0,鈴木祐,54.0,,5.0,8.0,盛岡,B2,1:26.7,1.0,雨,6.0,10.0,盛岡,B2,1:26.1,0.8,曇,4.0,3.0,盛岡,B2,1:13.4,1.1,晴,10.0,8.0,水沢,B1,1:31.4,3.0,曇,4.0,5.0,水沢,サクラコマチ賞(B1),1:31.1,0.8,曇,29.7,11.0,,nar,2026-08-25,60.3,62.6,60.7,60.5,56.0,59.5,54.0,盛岡実績 / 前走人気以上 / 履歴少 / 着差タイト
202630082508,2026-08-25,8,コーディアリティ,3.0,3.0,服部茂史,57.0,,12.0,10.0,2中京1,3歳未勝利,1:58.7,2.4,晴,8.0,7.0,1新潟5,3歳未勝利,1:56.4,1.8,晴,9.0,5.0,2東京3,3歳未勝利,1:39.0,2.7,晴,13.0,14.0,1福島4,3歳未勝利,2:02.5,2.3,晴,,,,,,,,2.2,1.0,,nar,2026-08-25,32.03,24.9,38.3,0.0,38.0,46.0,48.8,履歴少
202635082508,2026-08-25,8,ゴージャスレディ,5.0,5.0,南郷家全,54.0,,2.0,5.0,盛岡,いわてくじ山形村短角(B2),1:00.6,0.2,晴,10.0,6.0,笠松,おりひめ特別(B),1:50.1,5.5,曇,1.0,1.0,笠松,B7組,1:45.8,-0.8,雨,2.0,3.0,笠松,宮川特別(C),1:31.6,0.7,晴,1.0,2.0,笠松,C6組,1:32.0,-1.2,晴,18.0,8.0,,nar,2026-08-25,65.83,78.5,51.1,75.1,59.0,64.6,51.8,クラス条件好転 / 前走人気以上 / 履歴少 / タイム大幅改善
202635082508,2026-08-25,8,サクラトップラン,12.0,8.0,高橋悠里,54.0,,1.0,2.0,盛岡,チックウィード賞(B2),1:26.8,-0.2,晴,4.0,6.0,盛岡,B2,1:26.4,0.8,曇,4.0,3.0,盛岡,B2,1:26.0,0.5,雨,5.0,3.0,盛岡,B2,1:13.1,0.8,晴,6.0,6.0,水沢,チャイナアスタ賞(B2),1:29.4,1.1,晴,6.0,2.0,,nar,2026-08-25,69.08,80.5,52.2,89.7,72.5,57.6,59.5,盛岡実績 / 履歴少 / 着差タイト / 近走上向き
202643082508,2026-08-25,8,サンリコリス,8.0,6.0,本田正重,54.0,,7.0,6.0,船橋,馬い!洲本農園玉ねぎ(B2),1:15.3,0.9,曇,1.0,2.0,船橋,伏姫スプリント(B2B3),1:15.2,-0.2,曇,4.0,4.0,船橋,ジューンスプリント(B3),1:15.1,0.5,晴,10.0,5.0,川崎,若草特別(B3三),1:32.1,1.3,晴,8.0,6.0,川崎,啓蟄特別(B3二),1:32.9,1.0,曇,27.5,7.0,,nar,2026-08-25,52.01,64.4,43.1,44.7,42.5,51.8,54.0,船橋実績 / 履歴少 / 着差タイト / 市場オッズ妙味
202630082508,2026-08-25,8,シラカワゴウ,4.0,4.0,宮内勇樹,55.0,,9.0,8.0,門別,ネモフィラ特別(C4),2:03.5,3.7,晴,10.0,10.0,門別,門別音頭祭り特別(C4),1:54.8,4.7,曇,7.0,8.0,門別,ラベンダー特別(C4),2:04.6,5.0,雨,8.0,7.0,門別,ゴールデンルーキー市(C4),1:19.1,4.1,晴,7.0,9.0,船橋,ナイスビット特別(3歳未格),1:49.7,4.9,曇,95.6,8.0,,nar,2026-08-25,40.0,40.0,49.7,0.0,44.0,51.6,43.8,履歴少
202647082508,2026-08-25,8,ジョリーメモリー,7.0,7.0,馬渕繁治,57.0,,8.0,4.0,笠松,スマホで投票!楽天競(AB),1:32.2,1.2,晴,4.0,4.0,笠松,B2組,1:32.0,0.5,晴,2.0,3.0,笠松,糸貫川特別(B),1:45.0,0.7,曇,7.0,7.0,笠松,風待月特別(AB),1:33.0,1.4,晴,12.0,9.0,笠松,小瀬鵜飼特別(AB),1:32.2,3.0,曇,16.7,6.0,,nar,2026-08-25,50.44,59.3,40.7,44.7,39.5,58.1,52.6,クラス条件好転 / 履歴少 / 着差タイト / 市場オッズ妙味
202646082508,2026-08-25,8,タブラオ,6.0,6.0,中島龍也,57.0,,3.0,3.0,金沢,スマホで投票!楽天競(A1),1:38.2,0.3,晴,4.0,3.0,金沢,ありがとう!葛山晃平(A1),1:52.7,1.5,曇,3.0,4.0,金沢,日本海スプリント(重賞),1:31.2,0.9,曇,5.0,4.0,金沢,百万石賞(重賞),2:20.9,2.6,晴,1.0,1.0,金沢,スマホで投票!楽天競(A1),1:31.5,-1.1,晴,5.5,2.0,,nar,2026-08-25,67.76,81.3,48.6,100.0,51.5,56.6,59.5,金沢実績 / 履歴少 / タイム大幅改善 / 着差タイト
202643082508,2026-08-25,8,チェルカトローヴァ,9.0,7.0,木間塚龍,56.0,,3.0,3.0,船橋,馬い!山武たがやす倶(B2),1:14.3,1.6,晴,11.0,6.0,浦和,葉月特別(B1B2),1:36.2,2.5,晴,4.0,8.0,船橋,黒勾玉スプリント(B1B2),1:14.6,0.9,晴,4.0,6.0,浦和,海の日特別(B1B2),1:27.2,0.5,晴,4.0,6.0,船橋,モクレンスプリント(B2),1:15.2,0.4,晴,33.4,8.0,,nar,2026-08-25,62.8,64.5,50.3,75.1,66.5,58.2,62.5,船橋実績 / クラス条件好転 / 履歴少 / タイム大幅改善
202646082508,2026-08-25,8,トゥルーバローズ,1.0,1.0,吉原寛人,57.0,,4.0,3.0,金沢,能登復興祈念百万石か(重賞),1:31.1,0.4,曇,2.0,3.0,金沢,スマホで投票!楽天競(A1),1:38.0,1.4,晴,2.0,3.0,金沢,スマホで投票!楽天競(A1),1:29.9,0.8,曇,5.0,5.0,高知,Aー2,1:28.8,2.7,曇,11.0,5.0,高知,Aー2,1:48.2,6.0,曇,1.6,1.0,,nar,2026-08-25,64.05,76.2,46.7,89.7,56.0,48.8,59.5,金沢実績 / 履歴少 / タイム大幅改善 / 着差タイト
202630082508,2026-08-25,8,トップオブザキング,6.0,6.0,石川倭,57.0,,14.0,14.0,2福島3,3歳未勝利,2:41.9,2.7,曇,8.0,10.0,2東京11,3歳未勝利,2:26.2,1.6,晴,7.0,9.0,2東京3,3歳未勝利,2:01.4,1.1,晴,13.0,15.0,1福島5,3歳未勝利,1:50.2,3.5,晴,13.0,15.0,1東京3,3歳未勝利,1:42.4,2.9,曇,2.4,2.0,,nar,2026-08-25,36.73,22.2,59.7,0.0,27.5,56.2,50.0,総合評価
202647082508,2026-08-25,8,トレパーク,2.0,2.0,東川慎,55.0,,4.0,9.0,笠松,蛍火特別(B),1:44.8,1.8,晴,1.0,2.0,笠松,B4組,1:45.7,-0.6,晴,8.0,6.0,笠松,B3組,1:47.1,2.4,晴,6.0,6.0,笠松,風待月特別(AB),1:32.6,1.0,晴,2.0,9.0,笠松,B4組,1:31.4,0.4,晴,13.7,4.0,,nar,2026-08-25,66.69,75.0,64.7,65.7,51.5,68.3,52.9,笠松実績 / 前走人気以上 / 履歴少 / タイム大幅改善
202643082508,2026-08-25,8,トールハンマー,3.0,3.0,庄司大輔,56.0,,6.0,5.0,船橋,クチナシスプリント(B2),1:15.4,1.0,曇,,,船橋,クローバースプリント(B2B3),,,晴,7.0,4.0,船橋,マーチスプリント(B2),1:15.4,0.8,晴,1.0,1.0,船橋,海神スプリント(B3),1:15.5,0.0,晴,1.0,2.0,船橋,初鷹スプリント(B3),1:14.9,-0.3,晴,41.6,10.0,,nar,2026-08-25,49.93,71.2,42.6,24.9,32.0,52.3,51.2,船橋実績 / 履歴少 / 着差タイト / 市場オッズ妙味
202646082508,2026-08-25,8,ドライブアウェイ,2.0,2.0,青柳正義,55.0,,3.0,5.0,金沢,加賀友禅賞【読売レデ(重賞),1:38.0,1.1,曇,7.0,4.0,金沢,スマホで投票!楽天競(A1),1:32.2,3.1,曇,8.0,4.0,高知,スピカ特別,1:32.0,2.5,曇,12.0,5.0,高知,レジーナディンヴェル(重賞),2:14.1,4.3,曇,2.0,9.0,高知,ベラトリックス特別,1:31.4,0.1,晴,7.2,4.0,,nar,2026-08-25,53.72,58.4,41.4,40.7,75.5,55.2,51.2,金沢実績 / 履歴少 / 前走接戦好走 / 近走上向き
202646082508,2026-08-25,8,ネバレチュゴー,7.0,7.0,柴田勇真,57.0,,2.0,1.0,金沢,お家でネット投票!楽(A2),1:31.7,0.2,曇,2.0,2.0,金沢,お家でネット投票!楽(A2),1:31.7,0.2,雨,3.0,1.0,金沢,金沢競馬は楽天競馬で(A2),1:54.7,0.5,曇,1.0,2.0,金沢,恋路賞(B1),1:31.4,-0.4,曇,1.0,1.0,金沢,某ウマアプリに感謝を(B1),1:32.9,-0.8,雨,7.0,3.0,,nar,2026-08-25,69.32,92.4,46.1,100.0,48.5,57.0,59.5,金沢実績 / 履歴少 / 前走接戦好走 / 安定感
202646082508,2026-08-25,8,バルミーウェザー,3.0,3.0,栗原大河,57.0,,5.0,7.0,金沢,ありがとう!葛山晃平(A1),1:53.0,1.8,曇,6.0,2.0,金沢,スマホで投票!楽天競(A1),1:32.0,2.9,曇,2.0,2.0,金沢,お家でネット投票!楽(A2),1:31.8,0.7,雨,2.0,1.0,金沢,お家でネット投票!楽(A2),1:31.5,0.4,晴,1.0,1.0,金沢,お家でネット投票!楽(A2),1:32.4,-0.7,晴,17.3,6.0,,nar,2026-08-25,60.82,77.6,46.3,75.1,36.5,60.2,56.2,金沢実績 / 履歴少 / 着差タイト / 安定感
202635082508,2026-08-25,8,ヒロシゲウェーブ,9.0,7.0,小林凌,56.0,,5.0,5.0,盛岡,チックウィード賞(B2),1:27.7,0.9,晴,3.0,5.0,盛岡,B2,1:26.4,0.8,曇,3.0,4.0,盛岡,B2,1:25.9,0.4,雨,7.0,9.0,盛岡,B2,1:26.9,1.9,晴,4.0,2.0,水沢,猊鼻渓賞(B2),1:29.2,0.7,晴,14.3,7.0,,nar,2026-08-25,64.58,73.6,55.5,85.4,45.5,63.3,55.3,盛岡実績 / 履歴少 / 着差タイト / 安定感
202643082508,2026-08-25,8,ヒーローショー,4.0,4.0,臼井健太,56.0,,5.0,7.0,船橋,クチナシスプリント(B2),1:15.2,0.8,曇,5.0,10.0,船橋,鳥待月スプリント(B2),1:15.6,1.2,晴,8.0,9.0,船橋,アストロメリア賞(B2),1:53.9,3.3,曇,11.0,12.0,浦和,ウマ娘プリティーダー(B2),1:31.3,2.6,晴,13.0,9.0,船橋,桜梅桃李賞(B2),1:47.9,2.6,曇,111.9,12.0,,nar,2026-08-25,58.31,49.6,62.5,55.3,75.5,55.3,51.2,船橋実績 / 履歴少 / タイム改善 / 着差タイト
202643082508,2026-08-25,8,ファストレーン,5.0,5.0,Ｆ．ゴン,56.0,,4.0,1.0,船橋,馬い!洲本農園玉ねぎ(B2),1:15.0,0.6,曇,2.0,1.0,船橋,松戸スプリント(B2),1:14.4,0.5,晴,2.0,1.0,船橋,スノードロップスプリ(B2),1:14.4,0.2,晴,2.0,2.0,船橋,出雲流スプリント(B2),1:12.9,1.4,晴,2.0,2.0,船橋,ジーニアススプリント(B3),1:13.8,1.3,曇,3.7,2.0,,nar,2026-08-25,64.54,87.1,40.5,100.0,38.0,52.3,59.5,船橋実績 / 履歴少 / 着差タイト / 安定感
202635082508,2026-08-25,8,フェズカズマ,8.0,6.0,山本聡哉,56.0,,6.0,3.0,盛岡,B2,1:27.4,1.8,曇,2.0,7.0,盛岡,ラビットイヤー賞(B2),1:24.5,0.6,小雨,12.0,5.0,盛岡,B2,1:28.7,3.7,晴,3.0,10.0,水沢,チャイナアスタ賞(B2),1:28.8,0.5,晴,6.0,3.0,水沢,B1B2混合,1:31.0,0.7,晴,13.0,6.0,,nar,2026-08-25,52.8,62.0,47.6,39.5,48.5,57.5,48.5,履歴少 / 着差タイト / 市場オッズ妙味
202643082508,2026-08-25,8,フォースゲイト,1.0,1.0,西啓太,56.0,,7.0,6.0,川崎,夏至光特別(B2),1:45.3,1.1,晴,5.0,8.0,川崎,要潤さん川崎競馬公式(B2),1:31.4,1.3,晴,4.0,7.0,川崎,梅雨明かり特別(B2),1:44.5,1.1,晴,7.0,9.0,川崎,草笛特別(B2),1:36.0,0.9,晴,7.0,3.0,川崎,川崎記念3連覇ホッコ(B2B3),1:38.5,1.6,晴,45.3,11.0,,nar,2026-08-25,54.54,60.7,56.4,44.7,42.5,58.2,48.8,履歴少 / 着差タイト / 市場オッズ妙味
202635082508,2026-08-25,8,フタイテンホイール,4.0,4.0,斉藤友香,50.0,,3.0,3.0,盛岡,御所湖賞(C1),1:26.4,0.3,曇,3.0,6.0,盛岡,ストロベリーキャンド(C1),1:26.5,1.2,晴,1.0,3.0,盛岡,幽玄洞賞(C1),1:26.9,-0.2,曇,4.0,2.0,盛岡,C1,1:27.1,0.2,曇,2.0,6.0,水沢,ローレルリバー特別(C1),1:28.3,1.2,小雨,6.8,3.0,,nar,2026-08-25,71.13,86.8,58.9,100.0,47.0,62.7,56.4,盛岡実績 / 前走接戦好走 / 安定感
202643082508,2026-08-25,8,フークアンビション,12.0,8.0,藤原幹生,55.0,,6.0,4.0,船橋,馬い!洲本農園玉ねぎ(B2),1:15.3,0.9,曇,3.0,3.0,盛岡,ハヤテスプリント(重賞),1:11.6,0.2,晴,3.0,7.0,船橋,若潮スプリント(重賞),1:15.3,0.7,曇,3.0,2.0,船橋,ヤマブキスプリント(3歳未格),1:15.3,0.3,曇,6.0,7.0,浦和,’26アヴニールスプ(OP)(3歳),1:29.6,1.5,晴,6.6,3.0,,nar,2026-08-25,59.06,74.2,51.0,59.3,36.5,59.3,57.0,船橋実績 / クラス条件好転 / 履歴少 / 着差タイト
202635082508,2026-08-25,8,フークタオユエン,7.0,6.0,関本玲花,54.0,,7.0,9.0,名古屋,彦星大空戦(B),2:20.2,2.6,曇,9.0,8.0,園田,C2一,1:33.9,1.7,曇,7.0,5.0,園田,C2,1:57.5,1.2,曇,7.0,10.0,園田,C2一,1:33.4,1.5,曇,8.0,6.0,園田,C2一,1:35.8,2.1,晴,30.9,12.0,,nar,2026-08-25,44.17,47.2,51.4,0.0,54.5,51.6,48.8,履歴少
202635082508,2026-08-25,8,プリンスメーカー,10.0,7.0,高松亮,56.0,,9.0,8.0,船橋,ジューンスプリント(B3),1:16.4,1.8,晴,5.0,6.0,船橋,エメラルドマイル(B3),1:45.7,2.2,曇,5.0,7.0,船橋,花まつり特別(B3),1:45.2,0.7,晴,4.0,4.0,船橋,ハナズオウ特別(B3),1:46.1,1.1,晴,7.0,3.0,川崎,啓蟄特別(B3二),1:32.6,0.7,曇,9.3,4.0,,nar,2026-08-25,52.7,57.8,49.5,59.3,27.5,58.2,48.8,履歴少 / タイム大幅改善 / 着差タイト
202630082508,2026-08-25,8,ベルケム,1.0,1.0,亀井洋司,57.0,,3.0,4.0,門別,ネモフィラ特別(C4),2:00.7,0.9,晴,8.0,10.0,門別,王冠賞〔H2〕(重賞),1:58.3,2.4,曇,1.0,2.0,門別,3歳以上C4ー3,1:48.0,-0.3,曇,3.0,4.0,門別,3歳以上C4ー3,1:54.6,0.9,晴,10.0,11.0,門別,北海優駿〔H1〕(重賞),2:13.5,4.9,晴,8.5,4.0,,nar,2026-08-25,64.57,71.4,58.7,64.7,65.0,63.0,55.9,門別実績 / クラス条件好転 / 履歴少 / 着差タイト
202630082508,2026-08-25,8,ホウオウプラージュ,7.0,7.0,岩橋勇二,55.0,,6.0,7.0,門別,ネモフィラ特別(C4),2:01.8,2.0,晴,9.0,5.0,門別,門別音頭祭り特別(C4),1:54.6,4.5,曇,6.0,5.0,門別,ラベンダー特別(C4),2:04.2,4.6,雨,4.0,6.0,門別,アヤメ特別(C4),1:53.4,1.0,晴,8.0,9.0,門別,グランシャリオドリー(C4),2:01.0,2.7,曇,30.3,6.0,,nar,2026-08-25,47.48,54.7,46.5,14.6,54.5,54.1,46.3,履歴少 / 着差タイト / 市場オッズ妙味
202646082508,2026-08-25,8,マニーヒーロー,4.0,4.0,加藤翔馬,57.0,,2.0,4.0,金沢,金沢競馬は楽天競馬で(A2),1:53.4,0.0,晴,2.0,4.0,金沢,金沢競馬は楽天競馬で(A2),1:54.0,0.4,晴,1.0,7.0,金沢,金沢競馬は楽天競馬で(A2),1:54.2,-0.2,曇,3.0,3.0,金沢,金沢競馬は楽天競馬で(A2),1:55.2,1.7,曇,4.0,8.0,金沢,金沢競馬は楽天競馬で(A2),1:54.4,1.8,曇,12.0,5.0,,nar,2026-08-25,76.99,90.8,68.9,100.0,53.0,69.7,59.5,金沢実績 / 履歴少 / タイム改善 / 前走接戦好走
202643082508,2026-08-25,8,ヤギリドリーム,6.0,5.0,川島正太,56.0,,1.0,4.0,船橋,アキレアスプリント(B3),1:15.2,-0.4,曇,7.0,4.0,船橋,ラベンダースプリント(B2),1:16.7,1.4,曇,2.0,3.0,船橋,紫陽花スプリント(B2B3),1:15.0,0.5,小雨,5.0,3.0,船橋,馬い!サンサンエッグ(B3),1:15.4,0.8,晴,2.0,3.0,船橋,ハルジオンスプリント(B3),1:15.4,0.0,晴,19.9,6.0,,nar,2026-08-25,67.73,81.0,51.2,75.1,68.0,62.2,56.2,船橋実績 / 前走人気以上 / 履歴少 / タイム大幅改善
202647082508,2026-08-25,8,ユイノオトシアナ,1.0,1.0,松本一心,57.0,,4.0,5.0,笠松,WEB特別番組配信中,1:30.8,1.1,曇,2.0,5.0,笠松,B4組,1:46.3,0.6,晴,7.0,7.0,笠松,B3組,1:46.9,2.2,晴,6.0,8.0,笠松,揖斐川特別(A),1:31.7,2.6,雨,7.0,10.0,名古屋,薄暑大空特別(A),2:14.3,1.8,晴,16.3,5.0,,nar,2026-08-25,64.03,70.4,61.6,55.3,59.0,67.7,51.2,笠松実績 / 履歴少 / タイム大幅改善 / 着差タイト
202630082508,2026-08-25,8,ラブレガル,5.0,5.0,渡辺準己,54.0,,2.0,6.0,門別,ネモフィラ特別(C4),2:00.5,0.7,晴,4.0,3.0,門別,門別音頭祭り特別(C4),1:52.3,2.2,曇,4.0,2.0,門別,ラベンダー特別(C4),2:00.4,0.8,雨,3.0,6.0,門別,北海道野菜王国にった(C4),1:53.5,1.0,晴,3.0,7.0,門別,グランシャリオドリー(C4),1:59.9,1.6,曇,7.3,3.0,,nar,2026-08-25,72.03,82.9,60.0,100.0,59.0,63.7,59.5,門別実績 / 前走人気以上 / 履歴少 / 着差タイト
202635082508,2026-08-25,8,レーザースペックル,6.0,5.0,塚本涼人,56.0,,1.0,1.0,盛岡,C1二組,1:38.8,-0.2,曇,1.0,2.0,盛岡,C1五組,1:26.4,-0.8,曇,7.0,11.0,船橋,馬い!馬い!唐津小松(C1),1:45.9,1.2,晴,14.0,14.0,川崎,23rdゴールデンホ(C1C2),1:39.9,3.2,晴,14.0,14.0,川崎,やまなし畜産特別(B3C1),2:19.6,5.6,晴,2.5,1.0,,nar,2026-08-25,64.46,65.6,57.3,55.3,98.0,57.1,59.5,盛岡実績 / 履歴少 / 近走上向き
202630082508,2026-08-25,8,ヴェインズマン,2.0,2.0,松井伸也,57.0,,11.0,9.0,門別,リボンナポリン賞(C3),1:55.6,4.6,晴,6.0,4.0,名古屋,白雲賞(3歳),1:54.3,2.4,晴,15.0,16.0,3京都12,3歳未勝利,2:03.7,3.2,晴,11.0,10.0,3京都6,3歳未勝利,2:04.7,3.6,晴,5.0,6.0,高知,竜頭盃(3歳),2:07.8,1.7,曇,46.1,7.0,,nar,2026-08-25,36.89,31.0,43.3,10.3,39.5,49.7,48.8,履歴少
202635082509,2026-08-25,9,アルカイックスター,9.0,7.0,菅原辰徳,54.0,,6.0,8.0,盛岡,オニキス賞(3歳),1:46.1,1.3,晴,7.0,9.0,盛岡,アンバー賞(3歳),1:46.1,1.8,曇,4.0,11.0,盛岡,サファイア賞(重賞),1:45.9,0.8,晴,8.0,5.0,水沢,3歳B2二組,1:33.0,1.4,晴,5.0,4.0,盛岡,3歳B2一組,1:28.7,1.8,晴,24.6,8.0,,nar,2026-08-25,55.51,59.7,63.6,30.1,50.0,59.3,51.2,盛岡実績 / 履歴少 / 着差タイト / 市場オッズ妙味
202646082509,2026-08-25,9,アルドーレ,5.0,5.0,加藤翔馬,57.0,,5.0,4.0,高知,ペリドット特別(A),1:48.2,1.2,晴,5.0,11.0,高知,御畳瀬特別,2:01.5,1.1,曇,9.0,8.0,高知,ショウガ特別(A),1:45.1,1.6,曇,5.0,8.0,高知,二十四万石賞(重賞),2:04.9,1.6,晴,11.0,12.0,川崎,報知オールスターカッ(重賞),2:21.5,3.7,晴,51.3,6.0,,nar,2026-08-25,60.44,56.7,60.7,69.9,65.0,58.7,48.8,履歴少 / タイム大幅改善 / 近走上向き / 安定感
202647082509,2026-08-25,9,アンテナラスト,9.0,8.0,大原浩司,55.0,,3.0,5.0,笠松,蛍光特別(B),1:30.9,1.1,晴,6.0,6.0,笠松,ヒルガオ特別(B),1:45.9,1.5,晴,8.0,3.0,笠松,ひこぼし特別(B),1:32.0,1.7,曇,2.0,7.0,笠松,濃姫特別(B),1:30.3,0.8,曇,7.0,5.0,笠松,稲葉山特別(B),1:46.7,1.9,晴,21.0,5.0,,nar,2026-08-25,58.69,68.0,51.0,45.0,66.5,56.3,49.6,履歴少 / タイム大幅改善 / 着差タイト / 近走上向き
202646082509,2026-08-25,9,イルミネーター,1.0,1.0,魚住謙心,57.0,,2.0,5.0,金沢,ありがとう!葛山晃平(A1),1:52.4,1.2,曇,1.0,1.0,金沢,お家でネット投票!楽(A2),1:32.8,0.0,雨,1.0,2.0,金沢,国造ゆず特別(B1),1:38.5,-0.2,曇,3.0,2.0,金沢,お家でネット投票!楽(A2),1:31.5,0.4,晴,2.0,1.0,金沢,皐月特別(B1),1:40.7,0.8,曇,186.1,8.0,,nar,2026-08-25,71.89,94.4,56.0,100.0,48.5,54.8,59.5,金沢実績 / 前走人気以上 / 履歴少 / 着差タイト
202647082509,2026-08-25,9,ウィズフィリップ,3.0,3.0,塚本征吾,58.0,,1.0,3.0,笠松,ヒルガオ特別(B),1:44.4,-0.7,晴,2.0,4.0,笠松,ガンバロウ笠松競馬(B),1:29.9,0.3,晴,6.0,6.0,笠松,五六川特別(B),2:09.7,1.6,曇,1.0,4.0,笠松,祝30周年!SPAT(B),1:46.2,0.0,曇,6.0,3.0,笠松,B7組,1:33.0,1.8,曇,1.8,1.0,,nar,2026-08-25,68.15,86.0,58.6,69.9,66.5,55.1,52.9,笠松実績 / 履歴少 / 前走接戦好走 / 近走上向き
202643082509,2026-08-25,9,ウォールローゼ,1.0,1.0,達城龍次,56.0,,3.0,7.0,船橋,西瓜特別(3歳),1:38.3,0.9,曇,4.0,11.0,浦和,浦和競馬公式ファンク(3歳),1:37.3,0.9,晴,3.0,5.0,船橋,3歳　303.,1:39.9,0.1,曇,5.0,7.0,浦和,3歳三,1:38.3,1.8,曇,9.0,9.0,船橋,3歳　447〜,1:43.5,4.8,晴,19.9,9.0,,nar,2026-08-25,73.61,74.7,75.5,89.7,63.5,73.8,53.1,船橋実績 / 前走人気以上 / 着差タイト / 人気以上に走る傾向
202630082509,2026-08-25,9,エイシンキャノピー,6.0,5.0,坂下秀樹,55.0,,8.0,8.0,門別,3歳以上C4ー2,1:04.1,1.6,晴,12.0,12.0,門別,グランシャリオドリー(C4),1:05.5,3.6,晴,10.0,11.0,門別,3歳以上C4ー2,1:06.3,4.3,曇,12.0,12.0,門別,3歳以上C4ー2,1:04.4,2.8,晴,7.0,7.0,門別,3歳以上C4ー2,1:05.4,2.6,曇,362.9,12.0,,nar,2026-08-25,40.65,29.0,51.4,0.0,63.5,51.6,46.5,タイム大幅改善
202643082509,2026-08-25,9,エルアン,5.0,4.0,所蛍,55.0,,7.0,6.0,2新潟2,3歳未勝利,1:54.7,2.0,雨,9.0,6.0,3東京1,3歳未勝利,1:27.8,1.9,晴,3.0,11.0,2東京8,3歳未勝利,1:27.3,1.1,晴,10.0,9.0,2東京4,3歳未勝利,1:36.0,1.2,曇,9.0,6.0,1小倉9,3歳未勝利,1:50.1,3.2,晴,5.0,3.0,,nar,2026-08-25,47.11,49.2,50.5,19.8,54.5,53.1,48.8,履歴少
202643082509,2026-08-25,9,オオイシフジノハナ,6.0,5.0,藤本現暉,56.0,,8.0,11.0,浦和,若駒特別(3歳),1:38.6,1.9,曇,4.0,8.0,船橋,ナイスハルター特別(3歳未格),1:46.8,1.5,晴,5.0,8.0,船橋,花見月特別(3歳),1:40.0,0.8,晴,4.0,3.0,浦和,涙も花束にして賞(3歳),1:32.3,2.7,晴,3.0,6.0,船橋,3歳二　三,1:40.0,0.2,晴,46.3,12.0,,nar,2026-08-25,62.09,65.5,68.7,69.6,26.0,61.3,59.5,船橋実績 / 前走人気以上 / 履歴少 / タイム大幅改善
202643082509,2026-08-25,9,オスマンサス,13.0,8.0,笹川翼,56.0,,4.0,6.0,船橋,西瓜特別(3歳),1:38.3,0.9,曇,3.0,4.0,船橋,3歳　418〜,1:38.7,1.0,晴,3.0,4.0,船橋,3歳五,1:16.9,1.0,曇,4.0,2.0,船橋,HEARTBEATD(3歳),1:17.7,0.6,晴,6.0,2.0,船橋,3歳四,1:17.2,0.5,曇,7.3,4.0,,nar,2026-08-25,65.62,77.9,52.4,89.7,50.0,57.2,56.2,船橋実績 / 履歴少 / タイム改善 / 着差タイト
202646082509,2026-08-25,9,カイル,3.0,3.0,吉原寛人,57.0,,6.0,5.0,名古屋,東海桜花賞(重賞),2:17.3,1.1,晴,6.0,7.0,川崎,報知オールスターカッ(重賞),2:19.1,1.3,晴,4.0,10.0,大井,金盃競走(重賞),2:51.2,1.1,曇,2.0,11.0,金沢,北国王冠(重賞),2:50.4,0.2,雨,6.0,12.0,大井,東京記念競走(重賞),2:38.0,2.7,晴,10.3,4.0,,nar,2026-08-25,61.34,67.8,71.4,34.3,41.0,71.1,48.8,履歴少 / タイム大幅改善 / 前走接戦好走 / 人気以上に走る傾向
202635082509,2026-08-25,9,カクメイショヤ,5.0,5.0,鈴木祐,54.0,,12.0,10.0,盛岡,オニキス賞(3歳),1:50.0,5.2,晴,14.0,14.0,盛岡,オパールC(重賞),1:52.3,6.6,小雨,12.0,10.0,盛岡,アンバー賞(3歳),1:48.8,4.5,曇,11.0,10.0,盛岡,3歳B2二組,1:33.3,6.1,晴,12.0,12.0,水沢,3歳B2一組,1:36.9,5.1,晴,506.9,12.0,,nar,2026-08-25,31.07,10.2,42.0,0.0,51.5,47.7,46.0,クラス条件好転 / 履歴少 / タイム大幅改善
202643082509,2026-08-25,9,コマサ,3.0,3.0,御神本訓,56.0,,1.0,1.0,船橋,3歳　331P,1:38.6,-0.6,晴,7.0,4.0,船橋,ナティレイン特別(3歳未格),1:47.3,3.9,曇,2.0,1.0,船橋,3歳五,1:16.4,0.5,曇,1.0,3.0,船橋,3歳九　未受賞,1:17.1,-0.8,曇,,,,,,,,3.3,1.0,,nar,2026-08-25,64.64,84.9,44.9,64.7,64.0,53.5,58.3,船橋実績 / クラス条件好転 / 履歴少 / タイム大幅改善
202630082509,2026-08-25,9,コンバットイズモ,1.0,1.0,桑村真明,55.0,,1.0,1.0,門別,ほくれん丸賞(C4),1:02.1,-0.3,雨,2.0,3.0,門別,3歳以上C4ー3,1:03.3,0.2,晴,2.0,4.0,門別,グランシャリオドリー(C4),1:03.7,0.4,晴,5.0,4.0,門別,推しウマ探せ!おひさ(C4),1:03.1,1.1,晴,3.0,6.0,門別,3歳条件未勝利(未勝利),1:03.1,0.3,晴,5.0,3.0,,nar,2026-08-25,73.41,90.1,55.7,100.0,62.0,60.1,56.4,門別実績 / タイム大幅改善 / 前走接戦好走 / 安定感
202643082509,2026-08-25,9,サウンドコネクト,8.0,6.0,山中悠希,56.0,,2.0,3.0,船橋,西瓜特別(3歳),1:38.0,0.6,曇,4.0,1.0,船橋,3歳　447〜,1:39.1,0.4,晴,1.0,3.0,船橋,3歳　266P,1:38.9,-1.2,曇,8.0,7.0,名古屋,3月22日はばんえい(3歳),1:54.1,2.1,晴,5.0,6.0,名古屋,フェブラリードリーム(3歳),1:39.1,1.1,晴,4.7,2.0,,nar,2026-08-25,67.46,80.1,49.4,85.4,65.0,56.6,59.5,船橋実績 / 履歴少 / タイム大幅改善 / 着差タイト
202646082509,2026-08-25,9,サクラトゥジュール,8.0,7.0,青柳正義,57.0,,1.0,1.0,金沢,ありがとう!葛山晃平(A1),1:51.2,-1.2,曇,15.0,16.0,3東京2,安田記念(GI),1:33.3,1.2,曇,13.0,13.0,1東京8,フェブラリーS(GI),1:37.7,2.3,晴,9.0,14.0,1東京4,東京新聞杯(GIII),1:32.5,0.3,曇,8.0,13.0,3東京2,安田記念(GI),1:33.2,0.5,曇,3.1,2.0,,nar,2026-08-25,55.32,41.0,60.5,30.4,100.0,58.4,48.8,履歴少 / 前走接戦好走 / 近走上向き
202643082509,2026-08-25,9,サリーレチーマ,4.0,4.0,篠谷葵,56.0,,11.0,5.0,船橋,西瓜特別(3歳),1:39.8,2.4,曇,9.0,3.0,船橋,アサガオスプリント(3歳),1:17.6,2.2,曇,1.0,7.0,船橋,3歳四,1:15.0,-0.2,晴,1.0,1.0,船橋,3歳八,1:18.2,-0.6,曇,3.0,8.0,水沢,2歳,1:33.4,0.4,小雨,17.5,7.0,,nar,2026-08-25,45.87,58.1,38.7,44.7,5.0,61.5,51.2,船橋実績 / 履歴少 / 前走接戦好走 / 市場オッズ妙味
202647082509,2026-08-25,9,サンセットカラー,1.0,1.0,馬渕繁治,55.0,,4.0,5.0,笠松,スマホで投票!楽天競(AB),1:31.2,0.2,晴,3.0,6.0,笠松,B2組,1:32.0,0.5,晴,5.0,7.0,笠松,ひこぼし特別(B),1:31.6,1.3,曇,7.0,6.0,笠松,花撫子特別(A),1:31.8,2.6,雨,5.0,8.0,笠松,風待月特別(AB),1:32.6,1.0,晴,33.0,8.0,,nar,2026-08-25,67.31,72.1,61.3,85.4,56.0,61.5,59.2,笠松実績 / クラス条件好転 / 履歴少 / タイム改善
202635082509,2026-08-25,9,シュートザムーン,2.0,2.0,山本聡紀,56.0,,1.0,3.0,盛岡,22GARAGE賞(3歳C2),1:26.9,0.0,曇,4.0,5.0,盛岡,3歳C1三組,1:27.7,0.8,曇,1.0,4.0,水沢,3歳C2一組,1:22.4,-0.2,小雨,4.0,9.0,盛岡,3歳C2二組,1:14.6,1.6,晴,7.0,6.0,盛岡,3歳C2三組,1:16.8,1.6,晴,20.6,7.0,,nar,2026-08-25,73.39,85.6,64.5,89.7,68.0,62.8,54.0,盛岡実績 / タイム改善 / 着差タイト / 近走上向き
202630082509,2026-08-25,9,ジャックルージュ,4.0,4.0,若杉朝飛,57.0,,4.0,11.0,門別,カセンソウ特別(C4),1:02.5,0.2,晴,8.0,9.0,門別,3歳以上C4ー2,1:02.9,0.9,曇,5.0,6.0,門別,3歳以上C4ー2,1:03.4,0.9,曇,7.0,8.0,門別,3歳以上C4ー2,1:04.4,1.4,晴,6.0,8.0,門別,グランシャリオドリー(C4),1:02.8,1.5,曇,36.1,8.0,,nar,2026-08-25,62.8,61.3,70.5,50.2,65.0,64.1,50.5,前走人気以上 / タイム改善 / 着差タイト / 人気以上に走る傾向
202635082509,2026-08-25,9,ジュエルレジーナ,12.0,8.0,坂井瑛音,53.0,,11.0,12.0,盛岡,オニキス賞(3歳),1:47.3,2.5,晴,13.0,13.0,盛岡,オパールC(重賞),1:50.6,4.9,小雨,9.0,12.0,盛岡,サファイア賞(重賞),1:47.1,2.0,晴,10.0,10.0,水沢,3歳C1一組,1:32.9,2.0,晴,10.0,12.0,水沢,3歳B2二組,1:34.3,2.7,晴,168.4,11.0,,nar,2026-08-25,38.39,21.2,57.7,0.0,47.0,54.8,46.0,クラス条件好転 / 履歴少 / タイム大幅改善
202643082509,2026-08-25,9,ジュンピリカ,9.0,6.0,張田昂,56.0,,3.0,2.0,船橋,3歳　331P,1:39.6,1.0,晴,3.0,2.0,浦和,3歳三,1:37.0,0.6,曇,7.0,1.0,船橋,3歳四,1:18.1,2.2,曇,7.0,1.0,船橋,3歳四,1:16.4,1.4,晴,1.0,1.0,船橋,3歳七,1:16.1,-1.4,曇,13.6,5.0,,nar,2026-08-25,56.38,74.7,31.7,65.7,59.0,52.0,51.2,船橋実績 / 履歴少 / 着差タイト / 安定感
202647082509,2026-08-25,9,スマートテンペスト,7.0,7.0,森島貴之,57.0,,7.0,8.0,笠松,蛍火特別(B),1:45.4,2.4,晴,1.0,4.0,笠松,B3組,1:31.6,-0.1,晴,9.0,3.0,笠松,B2組,1:32.4,2.0,曇,4.0,4.0,笠松,小瀬鵜飼特別(AB),1:31.0,1.8,曇,2.0,3.0,笠松,鵜飼賞(B),1:30.3,0.9,晴,19.6,4.0,,nar,2026-08-25,55.35,68.4,49.8,49.8,32.0,61.6,52.9,笠松実績 / 履歴少 / 着差タイト / 市場オッズ妙味
202647082509,2026-08-25,9,セルクルクルミ,6.0,6.0,高木健,55.0,,2.0,7.0,笠松,サスケ来場記念(B),1:46.2,2.2,晴,6.0,7.0,笠松,B3組,1:32.7,1.1,晴,6.0,4.0,笠松,糸貫川特別(B),1:46.1,1.8,曇,7.0,9.0,笠松,水無月特別(B),1:47.7,2.3,晴,9.0,8.0,笠松,濃姫特別(B),1:31.2,1.7,曇,25.4,7.0,,nar,2026-08-25,59.42,66.1,60.9,30.4,80.0,58.0,49.3,クラス条件好転 / 前走人気以上 / 履歴少 / 近走上向き
202635082509,2026-08-25,9,タイセイネクサス,4.0,4.0,高松亮,56.0,,12.0,15.0,1函館8,3歳未勝利,2:02.7,1.3,曇,16.0,13.0,3東京5,3歳未勝利,1:49.5,2.7,小雨,,,,,,,,,,,,,,,,,,,,,,7.4,4.0,,nar,2026-08-25,38.36,21.6,46.6,18.0,58.7,49.3,50.0,前走人気以上 / サンプル少
202646082509,2026-08-25,9,ダンテバローズ,10.0,8.0,小牧太,57.0,,1.0,2.0,園田,六甲盃(重賞),2:02.5,-0.6,曇,1.0,1.0,園田,青葉特別A1,2:03.6,-0.2,晴,1.0,1.0,園田,ひめたんお誕生日記念(A1A2),1:53.4,-0.1,晴,11.0,8.0,5中山4,師走S(L),1:54.1,2.4,曇,2.0,1.0,3福島4,福島民友C(L),1:45.3,0.0,晴,2.1,1.0,,nar,2026-08-25,67.08,87.5,48.3,85.4,66.5,51.2,48.8,履歴少 / タイム大幅改善 / 近走上向き / 安定感
202630082509,2026-08-25,9,ツワ,2.0,2.0,落合玄太,55.0,,10.0,10.0,門別,グランシャリオドリー(C4),1:04.3,2.4,晴,6.0,5.0,門別,3歳以上C4ー2,1:03.7,1.2,曇,8.0,5.0,門別,3歳以上C4ー2,1:04.5,1.5,晴,4.0,8.0,門別,3歳以上C4ー2,1:03.3,2.1,晴,11.0,7.0,門別,DOセール賞(C4),1:04.7,2.6,雨,65.8,11.0,,nar,2026-08-25,41.04,45.3,45.3,14.6,33.5,49.0,48.5,総合評価
202646082509,2026-08-25,9,デルマアートマン,4.0,4.0,鈴木太一,57.0,,5.0,4.0,金沢,スマホで投票!楽天競(A1),1:39.1,1.2,晴,9.0,9.0,金沢,ありがとう!葛山晃平(A1),1:53.7,2.5,曇,5.0,6.0,金沢,スマホで投票!楽天競(A1),1:38.8,2.2,晴,3.0,5.0,金沢,スマホで投票!楽天競(A1),1:52.8,1.9,曇,4.0,4.0,金沢,金沢競馬は楽天競馬で(A2),1:55.2,1.5,曇,636.6,10.0,,nar,2026-08-25,59.18,63.2,51.3,75.1,51.5,54.8,56.2,金沢実績 / 履歴少 / タイム大幅改善 / 安定感
202630082509,2026-08-25,9,ドヴォルザーク,10.0,7.0,松井伸也,57.0,,6.0,3.0,笠松,C9組,1:33.8,2.1,晴,5.0,3.0,笠松,C4組,1:47.6,2.1,曇,11.0,11.0,門別,カンツバキ特別(C2),1:04.1,2.6,晴,10.0,10.0,門別,ローズマリー特別(C1),1:05.2,3.7,晴,12.0,11.0,門別,YJSトライアルラウ(C1),1:21.5,7.0,曇,36.1,9.0,,nar,2026-08-25,45.35,44.5,39.4,24.9,71.0,48.9,43.8,履歴少 / タイム大幅改善 / 近走上向き / 市場オッズ妙味
202643082509,2026-08-25,9,ナフセッド,10.0,7.0,川島正太,56.0,,5.0,8.0,船橋,西瓜特別(3歳),1:38.3,0.9,曇,6.0,2.0,船橋,3歳　418〜,1:39.6,1.9,晴,1.0,1.0,船橋,3歳　214P,1:40.3,-0.8,雨,3.0,1.0,船橋,3歳　266P,1:40.3,1.4,曇,4.0,6.0,名古屋,3月22日はばんえい(3歳),1:52.3,0.3,晴,15.2,6.0,,nar,2026-08-25,62.11,75.5,48.8,75.1,41.0,60.9,55.3,船橋実績 / 前走人気以上 / 履歴少 / タイム大幅改善
202630082509,2026-08-25,9,ハッピーピンク,11.0,8.0,金山昇馬,55.0,,7.0,8.0,門別,3歳以上C4ー2,1:17.0,1.6,晴,9.0,7.0,門別,3歳以上C4ー2,1:17.2,2.3,曇,7.0,9.0,門別,3歳以上C4ー2,1:02.9,0.9,雨,7.0,7.0,門別,3歳以上C4ー2,1:03.6,1.3,晴,10.0,7.0,門別,沙流川温泉ひだか高原(C4),1:03.2,1.1,晴,54.9,10.0,,nar,2026-08-25,43.39,45.5,49.2,0.0,57.5,50.3,43.8,履歴少 / 着差タイト
202635082509,2026-08-25,9,ファーザーアウェイ,6.0,5.0,丹内祐次,56.0,,13.0,8.0,1函館8,3歳未勝利,2:02.8,1.4,曇,16.0,3.0,3東京1,3歳未勝利,1:41.6,3.5,晴,4.0,3.0,3中山4,3歳未勝利,2:03.1,0.9,晴,5.0,10.0,1中山6,3歳未勝利,2:01.0,0.3,晴,3.0,2.0,4東京11,2歳未勝利,1:47.8,0.3,曇,2.8,1.0,,nar,2026-08-25,32.96,34.8,19.7,44.7,14.0,41.8,50.0,着差タイト
202630082509,2026-08-25,9,プチビーンズ,9.0,7.0,黒澤愛斗,55.0,,6.0,8.0,門別,3歳以上C4ー2,1:03.6,1.7,曇,10.0,5.0,門別,3歳以上C4ー2,1:03.2,1.6,晴,4.0,4.0,門別,ホクレンBB肥料賞(C4),1:03.6,0.5,晴,4.0,3.0,門別,日高山脈襟裳十勝国立(C4),1:03.2,1.1,曇,4.0,6.0,門別,3歳以上C4ー2,1:03.1,1.3,晴,32.1,7.0,,nar,2026-08-25,52.18,59.2,46.0,44.7,47.0,55.0,52.5,門別実績 / 前走接戦好走 / 市場オッズ妙味
202646082509,2026-08-25,9,プリフロオールイン,9.0,8.0,宮川実,57.0,,4.0,1.0,高知,福永洋一記念[地方交(重賞),1:42.7,1.4,曇,1.0,2.0,高知,二十四万石賞(重賞),2:03.3,-0.8,晴,1.0,1.0,高知,二十四万石賞(重賞),2:02.8,-0.8,晴,1.0,1.0,高知,ブラッドストーン特別(A),1:44.1,-0.1,晴,4.0,3.0,高知,だるま夕日賞(重賞),1:45.5,0.1,曇,3.7,3.0,,nar,2026-08-25,66.07,90.2,44.6,100.0,36.5,53.6,48.8,履歴少 / タイム大幅改善 / 前走接戦好走 / 安定感
202635082509,2026-08-25,9,ヘイマー,10.0,7.0,村上忍,56.0,,6.0,11.0,1函館8,3歳未勝利,1:48.3,1.4,曇,12.0,16.0,1函館5,3歳未勝利,1:48.8,0.8,晴,4.0,1.0,笠松,垂井宿特別(3歳),1:30.6,0.8,晴,6.0,7.0,3中山8,3歳1勝クラス,1:34.4,1.4,晴,6.0,7.0,3中山1,3歳1勝クラス,1:51.7,1.4,晴,5.4,3.0,,nar,2026-08-25,53.4,51.2,65.2,19.8,56.0,60.6,50.0,前走人気以上 / タイム改善 / 着差タイト / 人気以上に走る傾向
202635082509,2026-08-25,9,ヘヴンリーサイン,11.0,8.0,山本政聡,56.0,,13.0,13.0,1函館4,3歳未勝利,1:53.0,6.1,小雨,15.0,12.0,2東京12,3歳未勝利,1:42.4,3.3,晴,14.0,12.0,1中京6,3歳未勝利,2:03.8,1.4,晴,9.0,17.0,2中山6,3歳未勝利,2:01.6,1.3,晴,12.0,9.0,1小倉9,3歳未勝利,1:50.5,1.2,晴,8.2,5.0,,nar,2026-08-25,31.52,7.7,48.0,0.0,47.0,52.4,48.8,履歴少
202646082509,2026-08-25,9,ベアエンジェル,2.0,2.0,松戸政也,55.0,,5.0,7.0,金沢,読売レディス杯(重賞),1:37.6,1.7,曇,5.0,7.0,金沢,能登復興祈念百万石か(重賞),1:31.3,0.6,曇,5.0,4.0,金沢,加賀友禅賞【読売レデ(重賞),1:38.4,1.5,曇,4.0,5.0,金沢,金沢サマーC(重賞),1:54.1,2.0,曇,4.0,4.0,金沢,スマホで投票!楽天競(A1),1:53.1,2.2,曇,610.9,9.0,,nar,2026-08-25,65.32,70.0,57.4,100.0,47.0,56.1,59.5,金沢実績 / 履歴少 / 着差タイト / 安定感
202630082509,2026-08-25,9,ペンタフェリーチェ,8.0,6.0,宮内勇樹,55.0,,6.0,5.0,門別,3歳以上C4ー2,1:03.9,1.4,晴,8.0,11.0,門別,3歳以上C4ー2,1:17.2,2.6,晴,6.0,6.0,門別,ゴールデンルーキー市(C4),1:17.8,2.8,晴,7.0,5.0,門別,日高山脈襟裳十勝国立(C4),1:04.0,1.9,曇,1.0,1.0,門別,3歳条件未勝利(未勝利),1:02.8,-0.3,晴,10.8,5.0,,nar,2026-08-25,49.04,59.0,51.1,10.3,47.0,57.6,46.3,履歴少 / タイム大幅改善
202643082509,2026-08-25,9,ボーゲンモーント,2.0,2.0,山口達弥,56.0,,12.0,11.0,船橋,西瓜特別(3歳),1:40.7,3.3,曇,8.0,10.0,船橋,3歳二　三,1:40.3,1.6,晴,7.0,6.0,船橋,ベストビット特別(3歳未格),1:47.4,1.7,晴,9.0,9.0,船橋,如月賞(3歳),1:40.6,2.3,晴,6.0,7.0,船橋,インテリパワー・メモ(3歳),1:40.4,3.6,曇,105.3,13.0,,nar,2026-08-25,36.7,36.3,50.7,0.0,23.0,51.6,43.8,履歴少
202647082509,2026-08-25,9,マイネルジュリアン,8.0,8.0,阿部基嗣,56.0,,7.0,8.0,笠松,蛍光特別(B),1:32.5,2.7,晴,2.0,7.0,金沢,C14,1:33.3,0.9,曇,3.0,9.0,金沢,ダッシュダッシュいの(C1特別),1:42.3,1.5,曇,3.0,7.0,金沢,九谷焼特別(C1),0:57.6,1.8,曇,6.0,9.0,金沢,秀明くん生まれてきて(C1),1:43.0,2.5,晴,101.0,9.0,,nar,2026-08-25,64.28,73.8,75.4,59.3,29.0,65.8,48.8,履歴少 / タイム改善 / 着差タイト / 人気以上に走る傾向
202643082509,2026-08-25,9,マオノハイジ,12.0,8.0,藤原幹生,54.0,,2.0,6.0,船橋,3歳　331P,1:39.2,0.6,晴,6.0,8.0,船橋,3歳四,1:17.1,1.2,曇,6.0,11.0,船橋,3歳五,1:17.4,1.5,曇,9.0,6.0,船橋,HEARTBEATD(3歳),1:18.4,1.3,晴,2.0,12.0,船橋,3歳六,1:17.2,0.7,雨,23.3,10.0,,nar,2026-08-25,65.58,69.5,73.1,40.7,72.5,68.0,49.6,前走人気以上 / 履歴少 / 着差タイト / 人気以上に走る傾向
202630082509,2026-08-25,9,メイショウカラクサ,7.0,6.0,渡辺準己,54.0,,2.0,3.0,門別,3歳以上C4ー2,1:02.0,0.2,晴,3.0,5.0,門別,3歳以上C4ー2,1:02.5,0.2,雨,4.0,4.0,門別,3歳以上C4ー2,1:02.8,0.9,晴,6.0,1.0,門別,DOセール賞(C4),1:03.2,1.1,雨,1.0,1.0,門別,3歳以上C4ー3,1:03.0,-0.5,曇,3.7,2.0,,nar,2026-08-25,66.83,83.0,50.5,85.4,59.0,54.3,56.2,門別実績 / 履歴少 / タイム改善 / 着差タイト
202630082509,2026-08-25,9,モーニングアジサイ,5.0,5.0,小野楓馬,55.0,,,,門別,3歳以上C4ー2,,,曇,1.0,2.0,門別,優駿の里安平町SRK(C4),1:03.0,-0.1,晴,2.0,5.0,門別,3歳以上C4ー3,1:03.5,0.1,曇,4.0,2.0,門別,グランシャリオドリー(C4),1:04.2,0.6,雨,8.0,4.0,門別,3歳以上C4ー3,1:18.8,1.6,曇,12.2,6.0,,nar,2026-08-25,66.41,84.4,51.4,59.3,72.0,59.0,55.3,門別実績 / 履歴少 / タイム改善 / 着差タイト
202646082509,2026-08-25,9,ユアヒストリー,6.0,6.0,柴田勇真,57.0,,4.0,5.0,金沢,スマホで投票!楽天競(A1),1:31.5,2.4,曇,12.0,12.0,船橋,皐月盃(OP)(4上),2:28.5,3.6,曇,11.0,11.0,浦和,’26武蔵国OP(OP)(4上),2:11.1,3.8,雨,7.0,12.0,大井,金盃トライアル競走(OP)(3上),2:52.0,4.1,雨,5.0,5.0,川崎,富士見OP(OP)(3歳),2:20.1,2.0,晴,111.4,7.0,,nar,2026-08-25,53.96,44.7,57.2,40.7,78.5,56.0,48.8,履歴少 / タイム大幅改善 / 近走上向き
202635082509,2026-08-25,9,ライトアズフェザー,8.0,6.0,阿部英俊,54.0,,5.0,11.0,盛岡,オニキス賞(3歳),1:46.1,1.3,晴,11.0,10.0,盛岡,3歳C2一組,1:27.7,1.5,曇,5.0,9.0,金沢,3歳A　4,1:41.3,2.9,曇,5.0,8.0,金沢,イエローダイヤモンド(3歳),1:41.9,1.6,曇,5.0,3.0,金沢,3歳B　5特編(3歳5),1:36.6,2.8,曇,85.7,10.0,,nar,2026-08-25,61.66,56.0,68.2,75.1,59.0,60.0,51.2,盛岡実績 / 前走人気以上 / 履歴少 / 人気以上に走る傾向
202647082509,2026-08-25,9,ラグーン,2.0,2.0,深澤杏花,53.0,,5.0,7.0,笠松,ヒルガオ特別(B),1:45.9,1.5,晴,6.0,7.0,笠松,おりひめ特別(B),1:46.6,2.0,曇,4.0,6.0,笠松,B2組,1:31.0,0.6,曇,2.0,3.0,笠松,風待月特別(AB),1:32.2,0.6,晴,4.0,6.0,笠松,濃姫特別(B),1:30.4,0.9,曇,22.4,6.0,,nar,2026-08-25,64.19,71.9,61.2,75.1,44.0,61.5,56.2,笠松実績 / 履歴少 / タイム改善 / 着差タイト
202635082509,2026-08-25,9,ラペイエ,3.0,3.0,小林凌,56.0,,3.0,3.0,盛岡,3歳C2一組,1:26.5,0.3,晴,4.0,4.0,盛岡,3歳C2一組,1:26.6,0.4,曇,2.0,5.0,盛岡,22GARAGE賞(3歳C2),1:26.9,0.0,曇,5.0,6.0,盛岡,3歳C1三組,1:27.7,0.8,曇,3.0,3.0,水沢,3歳C1一組,1:30.9,0.5,晴,26.7,9.0,,nar,2026-08-25,68.83,81.3,55.2,100.0,53.0,58.9,56.4,盛岡実績 / 前走人気以上 / 着差タイト / 安定感
202643082509,2026-08-25,9,リプサリス,7.0,5.0,小杉亮,56.0,,13.0,12.0,船橋,西瓜特別(3歳),1:41.5,4.1,曇,,,浦和,サマーライジングオー(OP)(3歳),,,晴,2.0,3.0,船橋,3歳　303.,1:39.8,0.0,曇,7.0,7.0,船橋,3歳　447〜,1:39.6,0.9,晴,9.0,8.0,船橋,ハートは、震えている(3歳),1:41.3,1.9,晴,42.1,11.0,,nar,2026-08-25,38.64,40.9,48.0,19.8,8.0,50.8,47.1,履歴少 / 着差タイト
202647082509,2026-08-25,9,リョーマ,4.0,4.0,渡辺竜也,57.0,,3.0,2.0,笠松,ヒルガオ特別(B),1:45.5,1.1,晴,1.0,3.0,笠松,五六川特別(B),2:08.1,-0.3,曇,10.0,3.0,笠松,小瀬鵜飼特別(AB),1:31.7,2.5,曇,2.0,2.0,笠松,稲葉山特別(B),1:45.5,0.7,晴,2.0,2.0,笠松,B4組,1:30.4,0.2,雨,2.9,2.0,,nar,2026-08-25,62.24,78.9,41.7,80.2,54.5,50.6,56.2,笠松実績 / 履歴少 / タイム大幅改善 / 着差タイト
202630082509,2026-08-25,9,ルナティス,12.0,8.0,小川悠汰,52.0,,9.0,4.0,門別,3歳以上C4ー2,1:04.3,2.3,晴,3.0,7.0,門別,グランシャリオドリー(C4),1:15.9,1.0,雨,,2.0,名古屋,3歳5組,,,晴,,6.0,名古屋,エイプリルドリーム戦(3歳),,,曇,5.0,4.0,名古屋,3歳4組,1:40.1,2.3,晴,7.7,4.0,,nar,2026-08-25,47.56,59.3,43.3,35.3,20.0,54.3,51.2,門別実績 / 履歴少 / タイム大幅改善 / 着差タイト
202635082509,2026-08-25,9,ルージュアストレア,1.0,1.0,山本聡哉,54.0,,14.0,3.0,1函館5,3歳未勝利,1:11.1,1.9,晴,6.0,4.0,2東京1,3歳未勝利,1:22.0,0.7,晴,4.0,6.0,1東京7,3歳未勝利,1:34.8,0.7,晴,3.0,3.0,4東京7,2歳未勝利,1:35.0,0.6,曇,5.0,3.0,2新潟1,2歳新馬,1:35.2,0.6,晴,4.2,2.0,,nar,2026-08-25,37.42,49.3,24.4,44.7,0.0,45.2,48.8,履歴少 / タイム大幅改善 / 着差タイト
202635082509,2026-08-25,9,レイナエヴィータ,7.0,6.0,高橋悠里,54.0,,12.0,11.0,2福島6,3歳未勝利,2:02.4,1.9,小雨,,,,,,,,,,,,,,,,,,,,,,,,,,,,,14.1,6.0,,nar,2026-08-25,37.45,32.3,39.1,29.6,40.6,39.5,50.0,サンプル少
202643082509,2026-08-25,9,レオソルジャー,11.0,7.0,仲野光馬,56.0,,6.0,4.0,船橋,西瓜特別(3歳),1:38.4,1.0,曇,1.0,2.0,船橋,3歳　303.,1:39.8,0.0,曇,3.0,2.0,船橋,3歳　214P,1:41.4,1.1,雨,2.0,4.0,船橋,3歳六,1:17.0,1.6,曇,3.0,1.0,船橋,3歳九,1:19.0,0.4,晴,17.8,8.0,,nar,2026-08-25,61.44,81.9,46.7,69.6,27.5,62.7,56.2,船橋実績 / 履歴少 / タイム大幅改善 / 着差タイト
202647082509,2026-08-25,9,レクランスリール,5.0,5.0,松本一心,55.0,,1.0,1.0,笠松,B級サバイバル,1:30.1,-0.4,晴,5.0,6.0,笠松,B3組,1:32.6,1.0,晴,10.0,10.0,川崎,スパーキングレディー(JpnIII),1:45.8,4.2,晴,6.0,7.0,笠松,花撫子特別(A),1:31.0,1.8,雨,9.0,5.0,笠松,風待月特別(AB),1:33.6,2.0,晴,8.1,3.0,,nar,2026-08-25,61.98,65.3,49.9,55.3,89.0,57.6,51.2,笠松実績 / 履歴少 / タイム大幅改善 / 着差タイト
202630082509,2026-08-25,9,レレリオーナ,3.0,3.0,亀井洋司,55.0,,12.0,15.0,2福島7,3歳未勝利,1:10.2,1.0,曇,11.0,15.0,1福島4,3歳未勝利,1:10.1,1.7,晴,,,,,,,,,,,,,,,,,,,,,,2.9,1.0,,nar,2026-08-25,41.91,26.6,58.8,18.0,42.2,54.5,50.0,前走人気以上 / 着差タイト / サンプル少
202646082509,2026-08-25,9,ローズボウル,7.0,7.0,飛田愛斗,57.0,,3.0,4.0,高知,C1ー4,1:26.1,0.9,晴,2.0,6.0,高知,C1ー4,1:31.8,0.3,晴,4.0,3.0,高知,C1ー5,1:44.7,0.9,曇,10.0,9.0,高知,Bー2,1:32.5,2.7,晴,5.0,1.0,高知,Bー2,1:48.6,1.5,晴,28.5,5.0,,nar,2026-08-25,65.58,74.6,53.8,85.4,63.5,55.6,48.8,履歴少 / タイム大幅改善 / 着差タイト / 安定感
202630082510,2026-08-25,10,アースジェイソンテ,3.0,3.0,服部茂史,57.0,,1.0,1.0,門別,3歳以上C4ー3,1:46.6,-0.4,晴,6.0,3.0,門別,3歳以上C4ー3,1:17.0,1.5,雨,2.0,2.0,門別,3歳以上C4ー3,1:54.2,0.5,晴,3.0,3.0,門別,グランシャリオドリー(C4),1:45.8,0.3,晴,2.0,4.0,門別,3歳以上C4ー3,1:52.8,0.6,曇,14.4,5.0,,nar,2026-08-25,66.3,85.3,46.2,75.1,63.5,60.7,56.2,門別実績 / 履歴少 / 着差タイト / 安定感
202630082510,2026-08-25,10,イチリュウオー,6.0,6.0,藤田凌駕,56.0,,4.0,9.0,門別,ネモフィラ特別(C4),2:00.8,1.0,晴,7.0,9.0,門別,門別音頭祭り特別(C4),1:53.2,3.1,曇,7.0,9.0,門別,3歳以上C4ー2,1:17.6,2.1,曇,9.0,8.0,門別,道産子ポイントガード(C4),1:17.9,2.1,晴,8.0,10.0,門別,門別温泉とねっこの湯(C4),1:17.0,1.4,晴,41.7,10.0,,nar,2026-08-25,58.15,56.1,67.3,30.4,72.5,61.2,48.5,前走人気以上 / 着差タイト / 人気以上に走る傾向 / 近走上向き
202643082510,2026-08-25,10,イッシンフラン,6.0,5.0,澤田龍哉,54.0,,3.0,5.0,船橋,サボテンスプリント(B3),1:15.9,1.1,曇,1.0,5.0,船橋,あめんぼうスプリント(B3),1:15.0,-0.3,小雨,5.0,4.0,船橋,パールスプリント(B3),1:15.4,0.3,晴,3.0,1.0,船橋,端午の節句スプリント(C1),1:15.4,0.7,晴,3.0,2.0,船橋,春玄鳥スプリント(C1),1:15.9,0.8,雨,7.6,4.0,,nar,2026-08-25,70.34,84.8,57.1,100.0,50.0,59.9,59.5,船橋実績 / 履歴少 / 着差タイト / 安定感
202630082510,2026-08-25,10,ウィルアルター,1.0,1.0,落合玄太,57.0,,8.0,1.0,門別,ネモフィラ特別(C4),2:03.0,3.2,晴,1.0,1.0,門別,3歳以上C4ー3,1:53.7,-0.5,晴,2.0,1.0,門別,グランシャリオドリー(C4),1:45.7,0.2,晴,3.0,1.0,門別,3歳以上C4ー3,1:53.6,0.5,晴,6.0,6.0,門別,3歳以上C4ー3,1:47.3,0.9,曇,9.0,4.0,,nar,2026-08-25,51.41,74.9,31.7,59.3,20.0,52.9,52.9,門別実績 / 履歴少 / 前走接戦好走
202646082510,2026-08-25,10,カワキタオルゴ,9.0,7.0,浅野登生,52.0,,5.0,7.0,金沢,B23,1:33.6,0.8,曇,7.0,9.0,金沢,油断大敵水分補給を忘(B2),1:41.8,1.8,晴,9.0,10.0,金沢,B24,1:43.5,3.0,曇,10.0,10.0,金沢,あづ聖誕つにてんてん(B2),1:35.0,3.0,曇,2.0,3.0,金沢,第2回竹橋おきらく食(B2特別),1:33.6,0.2,晴,15.9,9.0,,nar,2026-08-25,57.62,54.3,59.9,40.7,62.0,67.8,49.6,履歴少 / タイム大幅改善 / 着差タイト / 過小評価傾向
202643082510,2026-08-25,10,キングペルレ,10.0,7.0,篠谷葵,55.0,,1.0,1.0,船橋,ナイアガラスプリント(C1),1:14.7,-0.6,晴,8.0,3.0,船橋,あめんぼうスプリント(B3),1:15.7,0.7,小雨,3.0,5.0,船橋,馬い!グリーングラス(B3),1:15.1,0.2,曇,8.0,5.0,船橋,たんぽぽ特別(3歳),1:39.1,2.6,曇,,2.0,浦和,新風特別(2歳),,,曇,5.9,3.0,,nar,2026-08-25,59.61,71.8,39.9,50.2,82.0,52.7,54.2,船橋実績 / クラス条件好転 / 履歴少 / タイム大幅改善
202643082510,2026-08-25,10,クラバルバトス,12.0,8.0,藤本現暉,54.0,,10.0,10.0,船橋,葉月ダッシュ(B2B3),1:03.6,2.8,晴,11.0,11.0,船橋,ジュライダッシュ(B3),1:03.4,1.8,曇,8.0,9.0,船橋,パールスプリント(B3),1:16.9,1.8,晴,6.0,14.0,船橋,潮干狩りダッシュ(B3),1:02.2,1.0,晴,9.0,10.0,船橋,ヒメジョオンスプリン(B3),1:17.4,2.2,晴,223.1,12.0,,nar,2026-08-25,41.73,34.7,60.3,0.0,41.0,57.4,41.0,履歴少 / 着差タイト
202646082510,2026-08-25,10,クレイプマートル,7.0,6.0,田知弘久,55.0,,4.0,2.0,金沢,津田さんお疲れ様杯(B2),1:34.1,0.7,晴,7.0,2.0,金沢,「葛山画伯」記念(B2),1:41.0,3.3,曇,4.0,3.0,金沢,心星ひなまる永遠の5(B2),1:34.3,1.3,曇,1.0,4.0,金沢,C17,1:33.3,0.0,雨,2.0,2.0,金沢,Win5愛好へそきり(C2),1:34.8,0.4,曇,7.6,4.0,,nar,2026-08-25,59.62,75.2,38.7,75.1,47.0,55.4,56.2,金沢実績 / 履歴少 / タイム大幅改善 / 着差タイト
202647082510,2026-08-25,10,ケンヴェンツェル,3.0,3.0,,,,1.0,1.0,笠松,亜咲花ミニライブ記念(B),1:29.1,-0.8,曇,7.0,2.0,笠松,第1回みなと杯(B),1:32.3,2.0,晴,3.0,3.0,笠松,ガンバロウ笠松競馬(B),1:30.1,0.5,晴,6.0,4.0,笠松,B4組,1:45.4,1.6,雨,10.0,5.0,笠松,水無月特別(B),1:48.0,2.6,晴,,,,nar,2026-08-25,56.18,71.6,35.6,50.2,83.0,38.0,49.6,履歴少 / タイム大幅改善 / 前走接戦好走 / 近走上向き
202643082510,2026-08-25,10,コスタデラルス,7.0,6.0,岡村健司,56.0,,5.0,7.0,船橋,馬い!青レモンは佐賀(B3),1:16.3,0.3,曇,1.0,6.0,浦和,ルビー特別(C1),1:28.8,0.0,曇,6.0,6.0,船橋,アガパンサススプリン(B3),1:16.1,1.0,曇,12.0,12.0,2東京10,国分寺特別(2勝クラス),1:49.0,2.9,曇,8.0,8.0,2東京5,4歳以上2勝クラス,2:03.4,4.5,晴,22.9,7.0,,nar,2026-08-25,61.98,63.7,63.0,55.3,60.5,60.9,53.3,船橋実績 / クラス条件好転 / 前走人気以上 / タイム大幅改善
202647082510,2026-08-25,10,コパノモナルカ,9.0,8.0,向山牧,55.0,,5.0,3.0,笠松,蛍光特別(B),1:31.2,1.4,晴,7.0,4.0,笠松,ヒルガオ特別(B),1:46.2,1.8,晴,4.0,8.0,笠松,おりひめ特別(B),1:46.4,1.8,曇,4.0,5.0,笠松,花撫子特別(A),1:30.5,1.3,雨,7.0,8.0,笠松,飛騨川特別(A),2:01.9,2.0,晴,13.8,8.0,,nar,2026-08-25,58.76,65.1,47.8,64.7,53.0,63.9,52.9,笠松実績 / 履歴少 / タイム大幅改善 / 安定感
202647082510,2026-08-25,10,コンヴェックス,1.0,1.0,丸野勝虎,55.0,,1.0,2.0,笠松,ふくたん地方競馬巡礼(B),1:30.9,-0.1,曇,1.0,1.0,笠松,カサブランカ特別(C),1:31.1,-0.6,晴,1.0,2.0,笠松,見田村千晴さん笠馬X(C),1:30.2,-1.1,晴,2.0,3.0,笠松,幸さん所属おめでとう(C),1:32.4,0.0,雨,5.0,3.0,笠松,C級セレクション,1:47.9,1.1,晴,4.2,1.0,,nar,2026-08-25,72.58,95.5,53.1,100.0,57.5,56.8,62.5,笠松実績 / クラス条件好転 / 履歴少 / 安定感
202646082510,2026-08-25,10,コーパスクリスティ,1.0,1.0,中島龍也,57.0,,2.0,7.0,金沢,最高の推し!真白生誕(B2),1:39.9,0.2,晴,8.0,6.0,金沢,さわやかさやか賞(C1),1:44.5,5.7,曇,10.0,4.0,金沢,B26,1:43.0,3.1,曇,9.0,8.0,金沢,金沢競馬B2プレミア,1:43.5,4.6,雨,2.0,2.0,金沢,母の日特別(C1),0:58.1,0.9,晴,5.0,3.0,,nar,2026-08-25,56.55,59.2,47.8,40.7,81.5,54.2,49.6,前走人気以上 / 履歴少 / タイム大幅改善 / 着差タイト
202635082510,2026-08-25,10,ゴールドモーション,3.0,3.0,山本聡紀,56.0,,7.0,3.0,盛岡,B2一組,1:40.3,0.9,曇,9.0,3.0,盛岡,ジュライC(B2),1:40.6,2.6,曇,1.0,2.0,盛岡,ドンフランキー特別(B2),1:38.8,-0.1,晴,8.0,6.0,水沢,シベリアンアイリス賞(B1B2),1:45.9,1.7,晴,2.0,7.0,盛岡,メイC(B2),1:39.8,0.3,晴,3.0,2.0,,nar,2026-08-25,45.89,60.5,34.0,30.1,38.0,49.6,51.2,盛岡実績 / 履歴少 / 着差タイト
202647082510,2026-08-25,10,サツキバラード,8.0,7.0,明星晴大,55.0,,1.0,2.0,笠松,佐伯伊織さん生誕記念(B),1:30.8,-0.4,晴,2.0,3.0,笠松,B6組,1:45.3,0.2,晴,1.0,2.0,笠松,C3組,1:31.5,-0.5,晴,2.0,9.0,笠松,C4組,1:31.8,0.2,晴,5.0,5.0,笠松,第5回ウマ娘シンデレ(C),1:33.9,1.0,曇,6.9,6.0,,nar,2026-08-25,76.58,93.5,62.4,100.0,59.0,64.7,59.5,笠松実績 / 履歴少 / タイム大幅改善 / 前走接戦好走
202647082510,2026-08-25,10,シュレディンガー,6.0,6.0,高木健,57.0,,5.0,10.0,笠松,蛍火特別(B),1:44.9,1.9,晴,4.0,8.0,笠松,ヒルガオ特別(B),1:45.9,1.5,晴,4.0,2.0,笠松,糸貫川特別(B),1:45.7,1.4,曇,8.0,9.0,笠松,ジュン特別(B),1:32.4,1.1,晴,7.0,6.0,笠松,かがり火特別(B),1:31.7,1.3,曇,18.8,9.0,,nar,2026-08-25,65.37,66.4,65.1,75.1,54.5,68.5,52.9,笠松実績 / 前走人気以上 / 履歴少 / タイム大幅改善
202643082510,2026-08-25,10,ズルタナイト,4.0,4.0,笹川翼,55.0,,10.0,5.0,船橋,若潮スプリント(重賞),1:17.6,3.0,曇,2.0,1.0,船橋,ヤマブキスプリント(3歳未格),1:15.2,0.2,曇,1.0,3.0,船橋,3歳二　三,1:14.6,-1.2,晴,10.0,4.0,船橋,如月賞(3歳),1:42.0,3.7,晴,4.0,5.0,船橋,若駒スプリント(3歳),1:15.6,1.1,曇,4.6,2.0,,nar,2026-08-25,47.54,63.1,35.0,55.0,15.5,50.6,52.9,船橋実績 / 履歴少 / 前走接戦好走
202643082510,2026-08-25,10,セイショウフジ,2.0,2.0,笠野雄大,56.0,,,,船橋,サボテンスプリント(B3),,,曇,5.0,4.0,船橋,紫陽花スプリント(B2B3),1:15.7,1.2,小雨,4.0,2.0,船橋,ネモフィラスプリント(B2B3),1:15.3,0.9,曇,3.0,3.0,船橋,クローバースプリント(B2B3),1:15.6,0.5,晴,7.0,4.0,船橋,馬い!淡路イザナミ玉(B2B3),1:15.5,1.7,曇,19.0,6.0,,nar,2026-08-25,56.65,71.2,40.4,59.3,48.0,57.4,55.3,船橋実績 / 履歴少 / 着差タイト / 市場オッズ妙味
202635082510,2026-08-25,10,ツルマルヴィオレ,2.0,2.0,村上忍,56.0,,7.0,2.0,盛岡,オーガストC(B2),1:26.4,0.9,晴,1.0,1.0,盛岡,B2,1:25.6,-0.7,曇,9.0,6.0,大井,C1三　四五(C1四),1:42.8,1.6,曇,4.0,4.0,大井,ジン・ライム賞(C1四),1:42.4,0.9,曇,8.0,3.0,大井,C1二　三四(C1三),1:44.9,0.9,雨,2.7,1.0,,nar,2026-08-25,46.91,63.5,31.6,39.5,41.0,44.7,51.2,盛岡実績 / 履歴少 / 着差タイト
202643082510,2026-08-25,10,デザーヴ,5.0,5.0,本田正重,56.0,,2.0,1.0,船橋,馬い!青レモンは佐賀(B3),1:16.0,0.0,曇,1.0,1.0,船橋,ヒメジョオンスプリン(B3),1:15.2,-0.1,晴,1.0,1.0,船橋,若葉スプリント(C1),1:15.2,-0.8,曇,1.0,1.0,船橋,鶯賞(C1五),1:37.9,-0.5,晴,2.0,1.0,船橋,ジャニュアリースプリ(C2),1:15.1,0.0,晴,2.2,1.0,,nar,2026-08-25,69.73,96.7,47.1,100.0,45.5,52.1,59.5,船橋実績 / 履歴少 / 前走接戦好走 / 安定感
202643082510,2026-08-25,10,デュアルロンド,3.0,3.0,Ｆ．ゴン,56.0,,7.0,7.0,船橋,葉月ダッシュ(B2B3),1:02.1,1.3,晴,7.0,9.0,浦和,七夕月特別(B2B3),0:48.1,1.0,曇,6.0,9.0,船橋,ジュライダッシュ(B3),1:02.6,1.0,曇,8.0,9.0,浦和,稲荷山特別(B2B3),0:48.1,1.2,曇,10.0,12.0,船橋,春蘭スプリント(B2B3),1:17.4,2.2,晴,60.0,10.0,,nar,2026-08-25,47.95,49.9,60.1,0.0,54.5,56.8,45.5,クラス条件好転 / 着差タイト
202646082510,2026-08-25,10,ドナデュボア,2.0,2.0,沖静男,55.0,,9.0,6.0,金沢,油断大敵水分補給を忘(B2),1:42.2,2.2,晴,9.0,9.0,金沢,B24,1:41.6,1.7,曇,2.0,4.0,金沢,としおゆうこ夫妻に感(B2),1:34.4,0.1,曇,4.0,3.0,金沢,九谷焼特別(C1),0:57.6,1.8,曇,9.0,3.0,金沢,B25,1:35.8,2.2,晴,20.7,11.0,,nar,2026-08-25,45.14,52.9,41.0,34.3,32.0,49.5,49.6,履歴少 / 前走接戦好走 / 市場オッズ妙味
202646082510,2026-08-25,10,ドンタカーミ,12.0,8.0,青柳正義,55.0,,2.0,4.0,金沢,「葛山画伯」記念(B2),1:38.8,1.1,曇,5.0,5.0,金沢,七尾祇園祭特別(C1),0:57.5,0.3,雨,2.0,6.0,金沢,白山手取川ジオパーク(C1),1:33.9,1.1,曇,3.0,5.0,金沢,C14,1:33.6,1.7,曇,4.0,4.0,金沢,C15,1:41.4,1.8,晴,4.6,1.0,,nar,2026-08-25,72.73,83.2,61.8,100.0,59.0,61.7,62.5,金沢実績 / クラス条件好転 / 履歴少 / 前走接戦好走
202630082510,2026-08-25,10,ニシノカルラ,2.0,2.0,桑村真明,57.0,,7.0,1.0,門別,3歳以上C4ー2,1:04.1,1.6,晴,13.0,16.0,3東京6,3歳未勝利,1:36.8,1.7,曇,10.0,15.0,2中山8,3歳未勝利,1:35.2,1.5,晴,15.0,9.0,5中山6,2歳未勝利,1:58.6,4.7,曇,7.0,7.0,4東京11,2歳未勝利,1:34.9,1.3,晴,5.8,3.0,,nar,2026-08-25,39.69,27.7,43.3,0.0,75.5,49.4,48.8,履歴少 / タイム大幅改善 / 近走上向き
202630082510,2026-08-25,10,ニットウアイアン,11.0,8.0,黒澤愛斗,57.0,,1.0,4.0,門別,3歳以上C4ー3,1:53.3,-0.2,曇,9.0,6.0,門別,3歳以上C4ー3,1:17.9,1.4,曇,5.0,6.0,門別,3歳以上C4ー3,1:54.9,1.2,晴,4.0,8.0,門別,3歳以上C4ー3,1:17.4,1.4,晴,8.0,8.0,門別,3歳以上C4ー3,1:55.7,3.5,曇,30.3,8.0,,nar,2026-08-25,64.1,68.4,56.6,64.7,83.0,59.5,52.9,門別実績 / 前走人気以上 / 履歴少 / 近走上向き
202646082510,2026-08-25,10,ハガネ,4.0,4.0,魚住謙心,57.0,,3.0,3.0,金沢,「葛山画伯」記念(B2),1:38.9,1.2,曇,6.0,4.0,金沢,やすくん&なおちゃん(B2),1:34.6,1.0,曇,7.0,5.0,金沢,心星ひなまる永遠の5(B2),1:35.5,2.5,曇,7.0,7.0,金沢,B25,1:33.5,1.4,曇,5.0,7.0,金沢,かなパスで生活を便利(B2特別),1:34.3,1.1,晴,14.6,8.0,,nar,2026-08-25,56.55,65.4,45.2,40.7,69.5,62.2,49.6,履歴少 / 着差タイト / 近走上向き / 市場オッズ妙味
202643082510,2026-08-25,10,ハーモニーロワ,8.0,6.0,高橋利幸,56.0,,2.0,8.0,浦和,納涼特別(B2B3),1:35.0,0.2,曇,4.0,6.0,浦和,晩涼特別(B3),1:28.9,0.3,晴,6.0,7.0,船橋,伏姫スプリント(B2B3),1:16.5,1.3,曇,1.0,2.0,浦和,暮の春特別(C1),1:29.8,-0.2,曇,5.0,5.0,船橋,馬い!熊本菊池水田生(C1),1:17.1,1.3,雨,23.9,8.0,,nar,2026-08-25,70.6,80.4,68.7,80.2,62.0,62.8,51.2,船橋実績 / 前走人気以上 / 履歴少 / 前走接戦好走
202635082510,2026-08-25,10,パドメ,8.0,8.0,高橋悠里,54.0,,6.0,6.0,盛岡,明神崎賞(B1),1:27.0,1.2,曇,9.0,2.0,園田,網干7ハロンC3一,1:33.9,2.3,晴,8.0,3.0,園田,C2一,1:34.2,3.1,曇,1.0,1.0,園田,C2二,1:33.7,-0.2,曇,2.0,1.0,姫路,汐見台7ハロンC2三,1:35.6,0.0,雨,23.2,7.0,,nar,2026-08-25,44.36,60.0,30.1,24.9,44.0,46.3,48.8,履歴少 / タイム大幅改善 / 市場オッズ妙味
202647082510,2026-08-25,10,ヒルノガリシア,7.0,7.0,渡辺竜也,57.0,,1.0,4.0,笠松,B7組,1:46.0,0.0,晴,5.0,2.0,笠松,おでん・ゆーちる結婚(B),1:32.2,1.4,雨,9.0,4.0,笠松,B6組,1:48.2,2.5,晴,7.0,2.0,笠松,B7組,1:46.7,2.0,晴,2.0,1.0,笠松,SKE48太田彩夏の(C),1:31.9,0.8,晴,5.7,4.0,,nar,2026-08-25,59.38,71.6,38.4,65.7,78.5,50.3,52.9,笠松実績 / 前走人気以上 / 履歴少 / 着差タイト
202646082510,2026-08-25,10,ビックゲート,8.0,6.0,加藤翔馬,57.0,,1.0,4.0,金沢,C15,1:34.2,-0.2,曇,5.0,7.0,金沢,楽天競馬で馬券を買お(C2),1:34.5,1.3,曇,4.0,6.0,金沢,C14,1:35.4,2.1,曇,3.0,6.0,金沢,C18,1:41.8,2.7,雨,6.0,2.0,金沢,つるーたんとハラペー(C1),1:35.7,1.6,曇,13.7,7.0,,nar,2026-08-25,71.71,80.8,62.8,89.7,71.0,65.0,56.2,金沢実績 / 前走人気以上 / 履歴少 / 近走上向き
202647082510,2026-08-25,10,ビナホイアン,10.0,8.0,細川智史,57.0,,2.0,4.0,笠松,蛍光特別(B),1:30.2,0.4,晴,8.0,5.0,笠松,ヒルガオ特別(B),1:47.3,2.9,晴,3.0,5.0,笠松,ひこぼし特別(B),1:31.4,1.1,曇,5.0,7.0,笠松,揖斐川特別(A),1:31.6,2.5,雨,3.0,6.0,笠松,小瀬鵜飼特別(AB),1:30.7,1.5,曇,7.6,7.0,,nar,2026-08-25,66.89,74.1,56.0,75.1,66.5,62.5,56.2,笠松実績 / 履歴少 / タイム大幅改善 / 前走接戦好走
202635082510,2026-08-25,10,フィリオアレグロ,9.0,8.0,小林凌,56.0,,5.0,7.0,笠松,長良川特別(A),1:45.2,2.0,雨,4.0,6.0,笠松,水無月特別(B),1:47.1,1.7,晴,8.0,8.0,笠松,灰雪特別(A),2:03.4,2.6,曇,3.0,4.0,笠松,オッズパーク2025(A),2:08.9,4.2,曇,9.0,7.0,笠松,雪の木曽路特別(A),1:31.1,3.8,雨,24.6,8.0,,nar,2026-08-25,60.59,64.3,57.3,69.9,56.0,58.2,48.8,履歴少 / タイム大幅改善 / 安定感 / 市場オッズ妙味
202646082510,2026-08-25,10,フェスティヴカレン,6.0,5.0,栗原大河,55.0,,5.0,3.0,金沢,津田さんお疲れ様杯(B2),1:34.2,0.8,晴,5.0,6.0,金沢,「葛山画伯」記念(B2),1:40.5,2.8,曇,9.0,3.0,金沢,やすくん&なおちゃん(B2),1:34.9,1.3,曇,6.0,6.0,金沢,心星ひなまる永遠の5(B2),1:34.6,1.6,曇,8.0,6.0,金沢,B25,1:33.6,1.5,曇,18.2,10.0,,nar,2026-08-25,53.69,58.0,37.7,55.3,62.0,58.1,49.6,履歴少 / タイム大幅改善 / 着差タイト / 市場オッズ妙味
202643082510,2026-08-25,10,フォースチルドレン,1.0,1.0,木間塚龍,56.0,,8.0,6.0,船橋,アキレアスプリント(B3),1:16.7,1.5,曇,6.0,4.0,船橋,あめんぼうスプリント(B3),1:15.5,0.5,小雨,4.0,7.0,船橋,馬い!グリーングラス(B3),1:15.1,0.2,曇,2.0,1.0,船橋,こどもの日スプリント(C1),1:15.5,0.6,晴,2.0,3.0,船橋,春玄鳥スプリント(C1),1:15.8,0.7,雨,28.2,9.0,,nar,2026-08-25,51.41,66.3,46.1,44.7,23.0,55.6,52.9,船橋実績 / 履歴少 / 着差タイト / 市場オッズ妙味
202646082510,2026-08-25,10,プライムライン,3.0,3.0,兼子千央,57.0,,1.0,1.0,金沢,睦斗小学校入学&紬ほ(C1),1:33.2,-0.3,曇,,,金沢,だいきち不動産設立記(C1),,,雨,5.0,4.0,金沢,ホップステップぴんみ(C1),1:40.8,1.3,曇,11.0,3.0,金沢,C12,1:44.0,4.0,曇,2.0,3.0,金沢,C17,1:33.3,0.0,雨,9.7,5.0,,nar,2026-08-25,60.7,74.9,38.2,60.5,80.0,53.2,55.3,金沢実績 / 履歴少 / タイム大幅改善 / 近走上向き
202630082510,2026-08-25,10,ペプチドエレノア,8.0,7.0,岩橋勇二,57.0,,8.0,7.0,1阪神4,3歳未勝利,2:03.5,1.5,晴,9.0,7.0,4京都7,2歳未勝利,1:58.5,4.9,晴,11.0,8.0,4京都6,2歳未勝利,2:02.9,2.5,晴,5.0,3.0,2札幌1,2歳未勝利,1:52.0,1.8,曇,4.0,4.0,1札幌5,2歳新馬,1:51.0,1.0,晴,4.3,2.0,,nar,2026-08-25,42.0,44.1,38.2,24.9,45.5,47.6,48.8,履歴少 / 着差タイト
202635082510,2026-08-25,10,ペルルセレスト,7.0,7.0,鈴木祐,54.0,,8.0,11.0,盛岡,フェアリーC(重賞),1:54.1,0.9,曇,9.0,5.0,盛岡,オーキッド賞(B1),1:25.8,1.8,曇,8.0,3.0,盛岡,カッパ淵賞(B1),1:26.6,1.8,晴,2.0,6.0,水沢,B1,1:28.7,0.5,曇,8.0,8.0,盛岡,ピンクダイヤモンド賞(B1),1:27.3,2.2,晴,11.4,5.0,,nar,2026-08-25,44.17,49.0,46.6,14.6,42.5,53.4,43.8,前走人気以上 / 履歴少 / 着差タイト
202635082510,2026-08-25,10,マイネルアストリア,4.0,4.0,関本玲花,54.0,,5.0,6.0,盛岡,いわて北緯40度八幡(B1),1:42.0,1.6,晴,4.0,4.0,盛岡,親子で学ぶ!味覚とテ(B1),1:40.3,1.3,小雨,2.0,6.0,盛岡,B1二組,1:39.2,0.4,曇,6.0,6.0,盛岡,夢・希望未来へ前進(B1),1:40.2,1.9,晴,6.0,8.0,水沢,タガノビューティー特(B1),1:44.1,1.1,晴,9.6,4.0,,nar,2026-08-25,64.35,72.7,59.1,75.1,47.0,64.2,55.3,盛岡実績 / 履歴少 / 前走接戦好走 / 安定感
202630082510,2026-08-25,10,マッキュラシオン,7.0,6.0,宮内勇樹,57.0,,4.0,5.0,門別,富良野ホップ炭酸水賞(C4),1:16.2,0.6,晴,4.0,2.0,門別,グランシャリオドリー(C4),1:16.0,1.1,雨,7.0,4.0,門別,3歳以上C4ー2,1:16.3,0.8,晴,2.0,4.0,門別,3歳以上C4ー2,1:16.2,0.0,曇,3.0,7.0,門別,門別温泉とねっこの湯(C4),1:15.8,0.2,晴,18.1,6.0,,nar,2026-08-25,63.22,74.4,49.4,80.2,50.0,63.5,54.5,門別実績 / 着差タイト / 安定感 / 市場オッズ妙味
202647082510,2026-08-25,10,マリアナジャズ,5.0,5.0,塚本征吾,57.0,,8.0,4.0,笠松,蛍火特別(B),1:45.8,2.8,晴,1.0,2.0,名古屋,B6組,1:36.1,-0.1,晴,7.0,3.0,名古屋,B6組,1:37.2,1.2,曇,2.0,7.0,名古屋,B8組,1:35.4,0.0,晴,8.0,7.0,名古屋,B7組,1:37.7,1.9,晴,4.6,2.0,,nar,2026-08-25,49.36,66.5,42.1,39.5,29.0,52.9,50.0,総合評価
202643082510,2026-08-25,10,マルヒロナイト,11.0,8.0,仲野光馬,56.0,,7.0,9.0,船橋,アキレアスプリント(B3),1:16.7,1.5,曇,8.0,5.0,船橋,アガパンサススプリン(B3),1:16.5,1.4,曇,9.0,7.0,船橋,パールスプリント(B3),1:17.2,2.1,晴,8.0,10.0,船橋,馬い!サンサンエッグ(B3),1:15.6,1.0,晴,1.0,8.0,船橋,馬い!熊本菊池水田生(C1),1:15.8,-0.5,雨,63.3,11.0,,nar,2026-08-25,46.97,50.6,53.4,10.3,47.0,56.5,46.3,履歴少 / 着差タイト
202647082510,2026-08-25,10,マルヨファーザ,4.0,4.0,東川慎,55.0,,4.0,7.0,笠松,蛍光特別(B),1:31.2,1.4,晴,8.0,8.0,笠松,アサガオ特別(B),1:33.6,2.7,晴,9.0,4.0,笠松,ひこぼし特別(B),1:32.4,2.1,曇,5.0,4.0,笠松,花撫子特別(A),1:30.7,1.5,雨,9.0,6.0,笠松,キキョウ特別(A),1:32.2,1.9,晴,21.0,10.0,,nar,2026-08-25,53.55,54.8,46.3,45.0,72.5,52.4,49.6,前走人気以上 / 履歴少 / タイム大幅改善 / 近走上向き
202635082510,2026-08-25,10,マルーントリック,5.0,5.0,佐々木志,54.0,,8.0,5.0,盛岡,オーガストC(B2),1:26.7,1.2,晴,1.0,6.0,盛岡,B2,1:25.7,-0.4,雨,7.0,6.0,盛岡,ソウルラッシュ特別(B2),1:25.9,1.3,晴,1.0,1.0,水沢,猊鼻渓賞(B2),1:28.5,0.0,晴,3.0,1.0,水沢,B2,1:30.7,0.4,晴,5.6,3.0,,nar,2026-08-25,53.79,71.8,49.5,49.8,20.0,56.7,48.5,履歴少 / 前走接戦好走
202630082510,2026-08-25,10,ミサトベレーザ,4.0,4.0,松井伸也,55.0,,10.0,8.0,門別,テッポウユリ特別(C4),1:47.6,2.7,晴,4.0,9.0,門別,グランシャリオドリー(C4),1:38.8,0.6,曇,4.0,9.0,門別,グランシャリオドリー(C4),1:46.2,0.5,曇,10.0,6.0,門別,グランシャリオドリー(C4),1:42.2,3.3,晴,9.0,7.0,門別,日高サラブレッドサブ(C4),1:47.4,2.2,曇,158.2,11.0,,nar,2026-08-25,49.7,50.3,55.9,44.7,30.5,54.8,49.6,履歴少 / 着差タイト
202630082510,2026-08-25,10,ミノベル,10.0,8.0,金山昇馬,57.0,,6.0,6.0,門別,テッポウユリ特別(C4),1:46.4,1.5,晴,10.0,9.0,門別,王冠賞〔H2〕(重賞),1:59.7,3.8,曇,5.0,3.0,門別,北海道野菜王国にった(C4),1:54.2,1.7,晴,9.0,10.0,門別,北海優駿〔H1〕(重賞),2:12.6,4.0,晴,4.0,3.0,門別,3歳以上C4ー2,1:59.9,1.3,曇,21.1,7.0,,nar,2026-08-25,49.16,51.8,45.8,30.1,56.0,52.8,52.6,クラス条件好転 / 履歴少 / タイム大幅改善 / 市場オッズ妙味
202646082510,2026-08-25,10,ミリアドタレント,11.0,8.0,松戸政也,55.0,,8.0,1.0,金沢,B23,1:34.4,1.6,曇,1.0,2.0,金沢,ホップステップぴんみ(C1),1:39.5,-0.9,曇,3.0,4.0,金沢,C13,1:34.4,0.9,曇,1.0,3.0,金沢,スマホで投票!楽天競(C2),1:33.3,-0.5,曇,5.0,2.0,金沢,C25,1:42.3,1.6,晴,4.9,2.0,,nar,2026-08-25,55.25,76.5,38.1,69.6,17.0,52.9,56.2,金沢実績 / 履歴少 / タイム大幅改善 / 着差タイト
202646082510,2026-08-25,10,ユイノコキュウ,10.0,7.0,柴田勇真,57.0,,3.0,5.0,金沢,津田さんお疲れ様杯(B2),1:34.1,0.7,晴,8.0,8.0,金沢,油断大敵水分補給を忘(B2),1:41.9,1.9,晴,10.0,4.0,金沢,B25,1:35.2,3.0,曇,11.0,5.0,金沢,B24,1:44.4,3.9,曇,4.0,10.0,金沢,B25,1:33.3,1.2,曇,12.8,6.0,,nar,2026-08-25,54.37,52.8,44.2,40.7,81.5,58.3,49.6,履歴少 / タイム大幅改善 / 着差タイト / 近走上向き
202646082510,2026-08-25,10,ユウトザイースト,5.0,5.0,服部大地,57.0,,7.0,8.0,金沢,B23,1:34.3,1.5,曇,10.0,10.0,金沢,夏野菜でおいしく水分(B2),1:34.8,3.4,晴,,,金沢,B24,,,曇,12.0,12.0,金沢,B24,1:45.1,4.6,曇,9.0,9.0,金沢,シビル30周年記念杯(B2),1:34.0,1.6,曇,115.7,12.0,,nar,2026-08-25,42.85,35.2,52.7,0.0,70.0,51.7,43.8,履歴少 / タイム改善 / 近走上向き
202647082510,2026-08-25,10,ヨーコマイラヴ,2.0,2.0,松本一心,55.0,,1.0,4.0,笠松,WEB特別番組配信中,1:29.7,-0.8,曇,7.0,6.0,笠松,ひこぼし特別(B),1:31.7,1.4,曇,1.0,6.0,笠松,B5組,1:31.9,-0.1,晴,6.0,5.0,笠松,B5組,1:31.8,0.9,晴,2.0,2.0,笠松,B級サバイバル,1:32.6,0.4,雨,5.9,5.0,,nar,2026-08-25,67.89,81.4,60.5,60.5,68.0,61.5,52.9,笠松実績 / 前走人気以上 / 履歴少 / タイム大幅改善
202630082510,2026-08-25,10,リアル,9.0,7.0,石川倭,55.0,,2.0,3.0,門別,グランシャリオドリー(C4),1:15.7,0.0,晴,10.0,9.0,1函館5,3歳未勝利,1:47.0,2.8,晴,11.0,7.0,1中京3,3歳未勝利,2:01.1,1.0,晴,3.0,12.0,1小倉1,3歳新馬,2:00.3,0.2,晴,,,,,,,,2.1,1.0,,nar,2026-08-25,58.93,57.0,54.5,45.0,86.0,57.2,48.8,履歴少 / タイム大幅改善 / 着差タイト / 近走上向き
202643082510,2026-08-25,10,リトルハバナ,9.0,7.0,中山遥人,54.0,,2.0,7.0,船橋,あめんぼうスプリント(B3),1:15.3,0.3,小雨,8.0,3.0,船橋,ジューンスプリント(B3),1:16.1,1.5,晴,7.0,6.0,船橋,たんぽぽ特別(3歳),1:38.1,1.6,曇,2.0,3.0,船橋,チューリップ特別(3歳),1:44.5,0.4,雨,2.0,2.0,船橋,花見月特別(3歳),1:39.3,0.1,晴,13.0,5.0,,nar,2026-08-25,61.97,72.1,51.6,55.3,66.5,60.9,52.9,船橋実績 / 前走人気以上 / 履歴少 / タイム改善
202630082510,2026-08-25,10,レヴァンターセ,5.0,5.0,小野楓馬,57.0,,5.0,4.0,門別,門別音頭祭り特別(C4),1:52.4,2.3,曇,7.0,5.0,門別,3歳以上C4ー2,1:16.4,1.4,晴,7.0,1.0,門別,ゴールデンルーキー市(C4),1:18.1,3.1,晴,,,門別,3歳以上C4ー2,,,晴,10.0,15.0,3京都9,3歳未勝利,1:13.0,1.2,曇,33.7,9.0,,nar,2026-08-25,48.44,54.8,37.9,30.4,68.0,51.5,49.8,近走上向き / 市場オッズ妙味
202635082510,2026-08-25,10,ロッソ,6.0,6.0,山本政聡,56.0,,8.0,8.0,盛岡,いわて北緯40度八幡(B1),1:42.7,2.3,晴,7.0,9.0,盛岡,親子で学ぶ!味覚とテ(B1),1:41.0,2.0,小雨,9.0,9.0,盛岡,B1二組,1:41.1,2.3,曇,1.0,7.0,佐賀,ギガンテウム賞,1:30.6,0.0,晴,6.0,6.0,佐賀,八十八夜賞(B),1:30.6,1.8,晴,26.6,9.0,,nar,2026-08-25,48.39,54.2,59.6,14.6,36.5,59.9,43.8,履歴少 / 市場オッズ妙味
202635082510,2026-08-25,10,ワイドカイゼリン,1.0,1.0,坂井瑛音,53.0,,6.0,7.0,盛岡,いわて北緯40度八幡(B1),1:42.3,1.9,晴,9.0,6.0,盛岡,親子で学ぶ!味覚とテ(B1),1:41.7,2.7,小雨,8.0,8.0,盛岡,B1二組,1:41.0,2.2,曇,9.0,6.0,盛岡,カッパ淵賞(B1),1:26.9,2.1,晴,10.0,4.0,水沢,B1,1:29.6,1.4,曇,20.9,6.0,,nar,2026-08-25,40.75,44.0,39.5,0.0,68.0,45.7,43.8,履歴少 / 近走上向き / 市場オッズ妙味
202643082511,2026-08-25,11,アダムスアップル,6.0,4.0,山本大翔,51.0,,1.0,1.0,船橋,盆踊り賞(B3),1:44.6,-0.3,曇,2.0,5.0,浦和,浦和競馬LIVE賞(B3),1:35.7,0.1,晴,9.0,2.0,船橋,あめんぼうスプリント(B3),1:16.2,1.2,小雨,3.0,5.0,船橋,パールスプリント(B3),1:15.2,0.1,晴,,,船橋,初夢特別(B3),,,晴,5.9,2.0,,nar,2026-08-25,64.86,81.1,47.3,69.9,72.0,55.9,53.1,船橋実績 / 前走人気以上 / 前走接戦好走 / 近走上向き
202630082511,2026-08-25,11,アマルフィー,8.0,8.0,小野楓馬,56.0,,6.0,7.0,門別,グランシャリオドリー(A3),1:01.8,1.3,晴,6.0,5.0,佐賀,ロベリア賞(A2),1:30.0,0.5,雨,6.0,7.0,佐賀,SAGAリベンジャー(A2),1:29.4,1.1,小雨,5.0,6.0,佐賀,FUJI4周年記念レ(A2),1:30.0,1.7,晴,2.0,1.0,佐賀,ギガンテウム賞,1:30.6,0.0,晴,19.8,5.0,,nar,2026-08-25,53.22,64.5,52.1,24.9,42.5,59.8,48.8,履歴少 / タイム大幅改善 / 前走接戦好走 / 市場オッズ妙味
202643082511,2026-08-25,11,アレスエルピーダ,10.0,6.0,和田譲治,57.0,,4.0,1.0,船橋,納涼特別(B2),1:44.6,0.9,曇,7.0,3.0,船橋,ハートビートナイター(B1B2),1:52.2,1.6,曇,4.0,4.0,大井,キャンサー賞競走(B2),1:41.1,0.5,曇,2.0,3.0,船橋,麦秋特別(B2B3),1:43.0,0.1,曇,2.0,2.0,大井,行人坂賞競走(B3),1:41.3,1.2,曇,3.3,1.0,,nar,2026-08-25,58.44,74.0,37.7,75.1,48.5,51.2,54.0,船橋実績 / 履歴少 / タイム大幅改善 / 着差タイト
202635082511,2026-08-25,11,インディーフィルム,8.0,6.0,阿部英俊,54.0,,10.0,8.0,盛岡,オーガストC(B2),1:27.3,1.8,晴,6.0,1.0,盛岡,B2,1:27.0,1.3,雨,1.0,5.0,盛岡,B2,1:25.3,0.0,曇,6.0,3.0,盛岡,ソウルラッシュ特別(B2),1:25.6,1.0,晴,1.0,4.0,水沢,チャイナアスタ賞(B2),1:28.3,-0.3,晴,9.2,4.0,,nar,2026-08-25,45.31,62.3,41.7,30.1,11.0,55.1,47.1,履歴少 / 着差タイト
202630082511,2026-08-25,11,エターナルルビー,1.0,1.0,若杉朝飛,55.0,,6.0,6.0,盛岡,C1,1:27.1,0.7,晴,8.0,7.0,盛岡,C1,1:26.9,2.0,曇,7.0,4.0,盛岡,C1,1:27.2,1.4,曇,2.0,6.0,水沢,種山高原賞(C1),1:27.9,0.4,小雨,6.0,4.0,水沢,C1,1:31.4,1.4,曇,63.5,8.0,,nar,2026-08-25,48.09,59.1,46.7,14.6,48.5,51.3,50.0,着差タイト
202643082511,2026-08-25,11,オンザスクエア,9.0,6.0,Ｆ．ゴン,53.0,,5.0,5.0,船橋,九十九里特別(B2B3),1:44.9,0.8,曇,7.0,4.0,浦和,幸手宿特別(B2B3),1:28.5,2.2,雨,7.0,4.0,船橋,麦秋特別(B2B3),1:45.2,2.3,曇,10.0,12.0,1東京6,4歳以上2勝クラス,1:26.1,1.4,晴,9.0,14.0,5東京8,アプローズ賞(2勝クラス),1:25.4,1.3,晴,9.2,4.0,,nar,2026-08-25,51.28,51.7,46.3,30.4,69.5,57.7,51.2,船橋実績 / 履歴少 / 着差タイト / 近走上向き
202643082511,2026-08-25,11,カレンタクト,3.0,3.0,川島正太,53.0,,8.0,8.0,船橋,ゴーゴーマイル(B2),1:44.5,1.4,晴,4.0,5.0,船橋,カシオペア座特別(B2B3),1:44.8,2.2,雨,2.0,4.0,川崎,早花咲月特別(B3二),1:44.1,0.0,雨,10.0,4.0,船橋,野島崎特別(B3),1:48.3,3.2,曇,4.0,5.0,船橋,笑門来福賞(B3),1:44.8,1.3,晴,18.8,8.0,,nar,2026-08-25,53.91,62.4,49.1,55.0,32.0,62.7,54.2,船橋実績 / クラス条件好転 / 履歴少 / 市場オッズ妙味
202643082511,2026-08-25,11,キングオブカズ,11.0,7.0,小杉亮,55.0,,7.0,9.0,船橋,スパイラルカーブ賞(B3),1:59.0,2.2,曇,10.0,8.0,川崎,夏草特別(B3二),1:46.2,1.6,曇,5.0,11.0,船橋,館山特別(B3),1:45.7,0.7,曇,8.0,8.0,船橋,水無月特別(B3),1:46.0,2.2,曇,5.0,4.0,浦和,橘月特別(B2B3),1:36.9,0.6,晴,63.8,14.0,,nar,2026-08-25,50.85,49.7,58.3,30.1,50.0,54.8,51.5,クラス条件好転 / 履歴少 / 着差タイト
202630082511,2026-08-25,11,ギャルソンマンキ,7.0,7.0,岩橋勇二,54.0,,1.0,3.0,門別,新冠町ふるさと納税特(B3),1:00.5,-0.1,曇,2.0,3.0,門別,匠の味!ほべつメロン(B3),1:01.8,0.5,雨,,,門別,グランシャリオドリー(B3),,,雨,9.0,1.0,門別,北海道はサッポロビー(B3),1:02.8,1.6,曇,1.0,2.0,門別,門別開幕!すぱっと4(B3),1:01.1,-0.4,曇,2.6,2.0,,nar,2026-08-25,65.63,85.9,48.2,65.7,68.0,50.8,55.3,門別実績 / 履歴少 / タイム大幅改善 / 前走接戦好走
202635082511,2026-08-25,11,サンカリプソ,7.0,6.0,坂井瑛音,53.0,,2.0,1.0,盛岡,明神崎賞(B1),1:25.9,0.1,曇,9.0,8.0,盛岡,アンタレス賞(B1),1:46.2,1.2,小雨,2.0,4.0,盛岡,オーキッド賞(B1),1:24.5,0.5,曇,6.0,2.0,盛岡,B1,1:13.9,1.3,晴,3.0,7.0,水沢,B1,1:28.8,0.6,曇,6.9,3.0,,nar,2026-08-25,61.74,72.5,47.7,60.5,68.0,58.2,51.2,盛岡実績 / 履歴少 / タイム大幅改善 / 着差タイト
202630082511,2026-08-25,11,ジャスパーイーグル,5.0,5.0,石川倭,57.0,,6.0,6.0,門別,日高銀聖特別(A2),1:01.6,1.0,曇,5.0,5.0,門別,アメリカンペイトリオ(A3),1:15.1,1.1,晴,6.0,3.0,門別,グランシャリオ門別ス(重賞),1:01.6,1.3,曇,2.0,3.0,門別,ハルジオン特別(A3),1:00.9,0.2,晴,2.0,3.0,門別,シバザクラ特別(A1),1:01.2,0.1,晴,12.7,4.0,,nar,2026-08-25,56.34,70.0,47.6,49.8,36.5,60.2,52.5,門別実績 / タイム大幅改善 / 着差タイト / 市場オッズ妙味
202635082511,2026-08-25,11,スターライトテール,3.0,3.0,塚本涼人,56.0,,11.0,8.0,盛岡,いわて北緯40度岩手(B2),1:01.2,1.3,晴,3.0,7.0,盛岡,B2,1:12.6,0.0,小雨,3.0,6.0,盛岡,B2,0:59.7,0.5,雨,4.0,4.0,盛岡,B2,1:12.7,0.3,晴,3.0,7.0,水沢,B1,0:50.9,0.0,晴,18.3,7.0,,nar,2026-08-25,56.66,63.4,57.6,69.6,3.5,67.5,55.3,盛岡実績 / 履歴少 / タイム大幅改善 / 前走接戦好走
202643082511,2026-08-25,11,セレクティオ,12.0,7.0,笹川翼,57.0,,5.0,6.0,船橋,麦秋特別(B2B3),1:44.5,1.6,曇,10.0,2.0,船橋,新緑特別(B2B3),2:30.5,4.6,小雨,2.0,1.0,浦和,夜桜特別(B2B3),2:11.6,1.0,晴,9.0,1.0,船橋,フレンドリービット特(B2B3),2:01.7,4.9,雨,2.0,3.0,船橋,ユキヤナギ賞(B3),1:58.0,0.1,晴,9.7,6.0,,nar,2026-08-25,51.18,60.6,29.3,60.5,54.5,49.9,51.2,船橋実績 / 履歴少 / タイム大幅改善 / 着差タイト
202635082511,2026-08-25,11,ソレア,5.0,5.0,高橋悠里,54.0,,8.0,6.0,園田,丹波篠山デカンショ特(B1),1:24.0,4.6,曇,7.0,7.0,園田,B1B2,0:50.5,1.2,晴,10.0,8.0,園田,ダリア賞B1B2,1:22.0,2.3,晴,5.0,6.0,園田,JーPLACEよかわ(B1),1:20.7,1.0,曇,5.0,5.0,園田,B1,0:50.8,0.5,晴,20.0,8.0,,nar,2026-08-25,45.01,48.8,44.0,24.9,42.5,50.9,50.0,着差タイト / 市場オッズ妙味
202635082511,2026-08-25,11,タイセイフェスタ,4.0,4.0,高松亮,56.0,,2.0,3.0,盛岡,B1,0:59.6,0.6,曇,2.0,2.0,盛岡,B1,1:12.5,0.0,曇,3.0,2.0,盛岡,オーキッド賞(B1),1:24.9,0.9,曇,6.0,2.0,水沢,B1,1:29.3,1.1,曇,3.0,4.0,水沢,オッズパーク賞(B1),1:29.3,0.1,晴,3.8,2.0,,nar,2026-08-25,67.2,84.9,47.4,85.4,59.0,53.7,59.5,盛岡実績 / 履歴少 / タイム大幅改善 / 着差タイト
202635082511,2026-08-25,11,タカマキスリー,12.0,8.0,小林凌,56.0,,10.0,10.0,盛岡,B1,1:14.2,2.0,曇,9.0,8.0,盛岡,B1,1:00.2,1.3,曇,11.0,6.0,盛岡,B1,1:15.0,2.4,晴,8.0,6.0,水沢,B1,0:51.7,0.8,晴,8.0,7.0,水沢,ほやこおねえさん賞(B1),1:31.3,1.9,晴,91.0,11.0,,nar,2026-08-25,34.8,32.4,38.6,0.0,44.0,45.1,43.8,履歴少 / 着差タイト
202635082511,2026-08-25,11,チハヤブルラン,11.0,8.0,関本玲花,52.0,,8.0,7.0,盛岡,B1,1:00.3,1.3,曇,5.0,9.0,盛岡,B1,1:13.1,0.9,曇,10.0,7.0,盛岡,B1,1:00.3,1.4,曇,8.0,12.0,盛岡,B1,1:14.2,1.6,晴,9.0,8.0,水沢,B1,0:51.8,0.9,晴,60.3,10.0,,nar,2026-08-25,48.25,46.0,54.1,24.9,50.0,53.5,47.1,履歴少 / タイム大幅改善 / 着差タイト
202630082511,2026-08-25,11,トレヴェナ,2.0,2.0,阿部龍,55.0,,2.0,3.0,門別,グランシャリオドリー(A3),1:00.6,0.1,晴,3.0,2.0,門別,ホクレン玉ねぎ「真白(A3),1:14.0,0.3,雨,1.0,5.0,門別,星の降る里・芦別健夏(B1),1:14.2,-0.3,曇,5.0,2.0,門別,日高町建設協会特別(A4),1:14.9,0.8,曇,3.0,2.0,門別,ラナンキュラス特別(B1),1:14.3,0.3,曇,4.3,3.0,,nar,2026-08-25,70.77,87.3,52.1,100.0,56.0,56.2,59.5,門別実績 / 履歴少 / タイム大幅改善 / 着差タイト
202635082511,2026-08-25,11,ニューウォーク,10.0,7.0,菅原辰徳,54.0,,4.0,7.0,盛岡,明神崎賞(B1),1:26.7,0.9,曇,10.0,8.0,盛岡,オーキッド賞(B1),1:25.8,1.8,曇,4.0,8.0,盛岡,カッパ淵賞(B1),1:25.8,1.0,晴,10.0,8.0,水沢,チャイナアスタ賞(B2),1:30.3,2.0,晴,1.0,6.0,水沢,B1B2混合,1:30.3,0.0,晴,16.2,6.0,,nar,2026-08-25,61.23,59.5,60.0,60.5,63.5,67.1,54.0,盛岡実績 / 前走人気以上 / 履歴少 / 着差タイト
202643082511,2026-08-25,11,ハセノガイセン,8.0,5.0,張田昂,54.0,,3.0,2.0,船橋,九十九里特別(B2B3),1:44.7,0.6,曇,8.0,2.0,船橋,アクアマリンC(3歳未格),1:54.2,2.6,曇,2.0,4.0,船橋,船橋フューチュリティ(3歳),1:44.4,0.0,晴,4.0,2.0,船橋,インテリパワー・メモ(3歳),1:38.9,2.1,曇,2.0,1.0,船橋,チバテレ盃(OP)(2歳),1:51.2,0.3,晴,5.9,3.0,,nar,2026-08-25,60.0,75.3,37.4,75.1,56.0,52.4,56.2,船橋実績 / 履歴少 / タイム大幅改善 / 着差タイト
202643082511,2026-08-25,11,ハニートースト,7.0,5.0,藤本現暉,57.0,,8.0,8.0,船橋,馬い!洲本農園玉ねぎ(B2),1:15.6,1.2,曇,8.0,9.0,大井,風待月賞競走(B2),2:09.6,3.1,晴,5.0,8.0,大井,夏木立賞競走(B2),1:54.7,0.7,曇,7.0,4.0,大井,ジン・トニック賞(B2),1:28.1,1.5,雨,7.0,9.0,大井,アーバンステージ卯月(B2B3),1:58.2,2.0,晴,9.5,5.0,,nar,2026-08-25,49.06,50.7,54.3,19.8,42.5,59.1,48.8,履歴少 / タイム大幅改善 / 着差タイト
202630082511,2026-08-25,11,バリジグリー,3.0,3.0,小川悠汰,52.0,,6.0,8.0,門別,8月15日しかべ最大(B1),1:15.1,1.8,曇,10.0,9.0,門別,星の降る里・芦別健夏(B1),1:18.6,4.4,曇,8.0,9.0,門別,コントレイル・プレミ(B1),2:01.1,2.6,曇,11.0,9.0,門別,北海優駿〔H1〕(重賞),2:22.6,14.0,晴,7.0,7.0,門別,ベロニカ特別(A1),1:59.5,4.2,曇,51.7,7.0,,nar,2026-08-25,44.72,42.2,51.9,0.0,68.0,51.6,43.8,履歴少 / タイム大幅改善 / 近走上向き
202643082511,2026-08-25,11,ピエフォール,14.0,8.0,本田正重,57.0,,8.0,10.0,船橋,明鐘岬特別(B1B2),1:57.7,1.4,曇,9.0,6.0,船橋,向暑特別(B2B3),1:46.8,3.0,曇,3.0,4.0,船橋,ニッコウキスゲ特別(B2B3),1:58.5,1.8,曇,5.0,5.0,船橋,天真爛漫賞(B2B3),1:44.1,0.5,曇,6.0,4.0,船橋,カシオペア座特別(B2B3),1:44.9,2.3,雨,29.4,10.0,,nar,2026-08-25,48.74,55.1,49.0,34.3,36.5,53.4,49.6,履歴少 / 前走接戦好走 / 市場オッズ妙味
202635082511,2026-08-25,11,ファルーク,6.0,5.0,佐々木志,56.0,,1.0,2.0,水沢,B2,0:51.3,-0.1,曇,1.0,4.0,水沢,B2,0:52.1,-0.2,晴,4.0,3.0,水沢,B2,0:52.5,1.5,晴,4.0,1.0,水沢,B2,0:50.8,0.5,曇,1.0,2.0,水沢,B2,0:52.1,-0.1,晴,20.9,9.0,,nar,2026-08-25,71.82,91.8,53.6,100.0,59.0,56.9,48.8,履歴少 / タイム大幅改善 / 前走接戦好走 / 安定感
202635082511,2026-08-25,11,フィルモアテソーロ,9.0,7.0,大坪慎,56.0,,10.0,9.0,盛岡,いわて北緯40度八幡(B1),1:43.6,3.2,晴,11.0,11.0,盛岡,B1,1:28.4,3.7,小雨,10.0,10.0,盛岡,ネモフィラ賞(B1),1:27.5,2.9,曇,9.0,9.0,盛岡,レモンポップ特別(B1),1:27.6,2.9,晴,12.0,12.0,水沢,カジノフォンテン特別(B1),1:31.5,3.3,曇,100.9,12.0,,nar,2026-08-25,36.41,25.5,47.9,0.0,53.0,50.3,43.8,履歴少
202643082511,2026-08-25,11,ブルーパッション,13.0,8.0,木間塚龍,55.0,,9.0,9.0,船橋,明鐘岬特別(B1B2),1:58.2,1.9,曇,6.0,7.0,浦和,涼月特別(B1),1:27.4,0.9,曇,3.0,8.0,船橋,向暑特別(B2B3),1:44.3,0.5,曇,7.0,6.0,船橋,アストロメリア賞(B2),1:53.8,3.2,曇,6.0,5.0,川崎,スプリングヒロインカ(A1),2:15.2,1.7,曇,24.4,9.0,,nar,2026-08-25,48.84,56.3,56.9,19.8,29.0,57.3,49.8,着差タイト / 市場オッズ妙味
202643082511,2026-08-25,11,ベルガラス,5.0,4.0,岡村健司,57.0,,3.0,7.0,浦和,盆の月特別(B2B3),2:09.0,0.3,雨,9.0,11.0,船橋,納涼特別(B2),1:45.4,1.7,曇,6.0,9.0,浦和,"ハロー,ウラワールド(B2B3)",2:10.0,2.1,晴,8.0,7.0,船橋,流汗淋漓2200(B2B3),2:33.1,2.6,曇,2.0,10.0,浦和,鎌北湖特別(B2),1:33.7,0.5,雨,51.3,12.0,,nar,2026-08-25,61.92,62.3,70.9,40.7,69.5,63.9,46.5,前走人気以上 / 前走接戦好走 / 人気以上に走る傾向 / 近走上向き
202630082511,2026-08-25,11,ミッドナイトゲイル,4.0,4.0,桑村真明,56.0,,3.0,2.0,門別,グランシャリオドリー(A3),1:01.3,0.8,晴,1.0,4.0,門別,日高銀聖特別(A2),1:00.6,-0.3,曇,1.0,1.0,門別,門別でおトクなSPA(B3),1:01.2,-0.1,晴,3.0,3.0,門別,アドマイヤマーズ・プ(B3),1:01.0,0.6,晴,4.0,1.0,門別,平取町すずらん鑑賞会(B3),1:02.4,1.2,曇,2.3,1.0,,nar,2026-08-25,68.53,90.3,50.9,100.0,45.5,52.9,56.4,門別実績 / 前走人気以上 / 着差タイト / 安定感
202643082511,2026-08-25,11,モズハッピーロード,1.0,1.0,七夕裕次,57.0,,9.0,11.0,浦和,涼月特別(B1),1:28.9,2.4,曇,8.0,10.0,船橋,スイートピー特別(B2B3),1:44.9,0.8,晴,6.0,10.0,浦和,睦月特別(B1B2),1:37.1,0.9,晴,4.0,4.0,浦和,ディセンバー特別(B2),1:37.7,1.0,晴,5.0,7.0,浦和,近いがうまい埼玉の牛(B2B3),1:29.9,0.5,晴,62.5,13.0,,nar,2026-08-25,51.19,51.9,64.7,24.9,30.5,59.1,50.0,タイム大幅改善 / 着差タイト
202630082511,2026-08-25,11,ラストボーン,6.0,6.0,渡辺準己,53.0,,5.0,8.0,門別,グランシャリオドリー(A3),1:01.6,1.1,晴,5.0,7.0,門別,8月15日しかべ最大(B1),1:14.9,1.6,曇,4.0,8.0,門別,星の降る里・芦別健夏(B1),1:15.0,0.8,曇,5.0,5.0,門別,とままえメロン特別(B3),1:15.3,0.8,曇,8.0,6.0,門別,胆振軽種馬農業協同組(B3),1:14.9,1.8,晴,34.1,6.0,,nar,2026-08-25,66.6,67.1,64.0,89.7,53.0,60.9,56.2,門別実績 / 前走人気以上 / 履歴少 / タイム大幅改善
202635082511,2026-08-25,11,リリードリーマー,2.0,2.0,岩本怜,54.0,,1.0,3.0,盛岡,明神崎賞(B1),1:25.8,-0.1,曇,5.0,5.0,盛岡,B1,1:13.2,0.7,曇,4.0,3.0,盛岡,オーキッド賞(B1),1:25.2,1.2,曇,6.0,1.0,水沢,B1,0:51.9,0.8,晴,9.0,3.0,盛岡,夢・希望未来へ前進(B1),1:41.0,3.2,晴,15.2,5.0,,nar,2026-08-25,63.73,74.8,43.4,75.1,80.0,55.1,55.3,盛岡実績 / 履歴少 / 着差タイト / 近走上向き
202643082511,2026-08-25,11,ルーラーオブダート,4.0,3.0,保園翔也,55.0,,2.0,7.0,船橋,九十九里特別(B2B3),1:44.1,0.0,曇,7.0,5.0,船橋,花まつり特別(B3),1:45.3,0.8,晴,5.0,3.0,船橋,ハナズオウ特別(B3),1:46.1,1.1,晴,8.0,5.0,船橋,野島崎特別(B3),1:47.8,2.7,曇,9.0,2.0,船橋,笑門来福賞(B3),1:45.2,1.7,晴,10.5,7.0,,nar,2026-08-25,58.7,64.5,46.3,50.2,81.5,54.2,49.6,前走人気以上 / 履歴少 / タイム大幅改善 / 着差タイト
202643082511,2026-08-25,11,レオスパーク,2.0,2.0,實川純一,55.0,,10.0,7.0,船橋,スパイラルカーブ賞(B3),2:00.5,3.7,曇,7.0,6.0,浦和,相月特別(B2B3),1:36.3,1.4,曇,8.0,6.0,川崎,梅雨明かり特別(B2),1:46.7,3.3,晴,3.0,5.0,浦和,橘月特別(B2B3),1:36.5,0.2,晴,7.0,7.0,船橋,ネモフィラスプリント(B2B3),1:15.5,1.1,曇,46.9,11.0,,nar,2026-08-25,40.57,47.8,41.1,14.6,27.5,50.2,46.0,クラス条件好転 / 履歴少 / 前走接戦好走 / 市場オッズ妙味
202635082511,2026-08-25,11,ロベルタカリーナ,1.0,1.0,村上忍,54.0,,6.0,2.0,盛岡,いわて北緯40度岩手(B2),1:00.6,0.7,晴,1.0,3.0,盛岡,B2,1:12.6,0.0,小雨,1.0,2.0,盛岡,B2,0:59.2,-0.4,雨,2.0,2.0,盛岡,B2,1:12.6,0.3,晴,7.0,3.0,水沢,B1,0:51.3,0.4,晴,2.4,1.0,,nar,2026-08-25,57.97,81.7,43.5,59.3,30.5,50.5,55.3,盛岡実績 / 履歴少 / タイム大幅改善 / 着差タイト
202630082512,2026-08-25,12,アライグマパンチ,4.0,4.0,金山昇馬,56.0,,3.0,5.0,門別,8月15日しかべ最大(B1),1:14.6,1.3,曇,5.0,7.0,門別,星の降る里・芦別健夏(B1),1:15.1,0.9,曇,4.0,3.0,門別,夕張メロン、味は特別(A4),1:02.7,1.1,晴,1.0,4.0,船橋,イナヅマダッシュ(C1),1:02.1,-0.4,雨,4.0,1.0,浦和,上尾市観光協会「あっ(C1),0:48.3,0.9,曇,81.1,10.0,,nar,2026-08-25,69.03,79.9,57.3,100.0,53.0,55.5,59.5,門別実績 / 履歴少 / タイム改善 / 着差タイト
202643082512,2026-08-25,12,アレグリアシチー,1.0,1.0,臼井健太,56.0,,7.0,10.0,船橋,40周年ありがとう株(C1),1:45.1,1.3,曇,10.0,10.0,浦和,トワイライトマジック(C1),1:37.8,2.5,晴,6.0,6.0,船橋,千葉港特別(C1),1:48.5,1.6,曇,5.0,6.0,浦和,粕壁宿特別(C1),1:30.6,0.3,曇,6.0,12.0,船橋,ほたる特別(C1),1:46.4,1.5,曇,256.4,14.0,,nar,2026-08-25,50.16,50.8,61.7,14.6,48.5,59.1,46.5,前走人気以上 / 前走接戦好走
202630082512,2026-08-25,12,イイデマイヒメ,5.0,5.0,望月洵輝,54.0,,4.0,3.0,門別,8月15日しかべ最大(B1),1:14.7,1.4,曇,7.0,2.0,門別,星の降る里・芦別健夏(B1),1:15.9,1.7,曇,2.0,3.0,門別,日高町建設協会特別(A4),1:14.3,0.2,曇,1.0,4.0,門別,ラナンキュラス特別(B1),1:14.0,-0.2,曇,6.0,6.0,門別,エピファネイア・プレ(B2),1:53.9,2.8,曇,20.3,7.0,,nar,2026-08-25,59.56,75.0,43.6,64.7,50.0,55.0,52.9,門別実績 / 履歴少 / タイム大幅改善 / 前走接戦好走
202630082512,2026-08-25,12,カミハマッテイル,3.0,3.0,岩橋勇二,55.0,,4.0,3.0,門別,星雲賞〔H3〕(重賞),1:14.9,1.0,雨,1.0,1.0,門別,胆振軽種馬農業協同組(B3),1:13.1,-0.6,晴,4.0,2.0,門別,乾杯をもっとおいしく(B3),1:14.8,0.4,晴,1.0,2.0,門別,25周年キレートレモ(OP)(3歳),1:14.2,-0.3,曇,11.0,6.0,門別,北海道2歳スプリント(OP),1:15.5,2.2,晴,5.8,3.0,,nar,2026-08-25,63.05,79.7,42.5,89.7,51.5,52.9,56.2,門別実績 / 履歴少 / 着差タイト / 安定感
202643082512,2026-08-25,12,キミオモウハナ,9.0,6.0,本橋孝太,54.0,,6.0,6.0,船橋,馬い!八幡平バイオレ(C1),1:46.6,2.8,曇,7.0,8.0,船橋,スタープリンス特別(C1),1:59.5,2.1,曇,11.0,9.0,船橋,ジョッキーズチャンピ(C1),2:31.6,2.8,小雨,11.0,6.0,船橋,五香特別(C1),1:47.8,2.8,曇,13.0,11.0,1小倉10,4歳以上1勝クラス,1:50.1,3.3,晴,44.6,9.0,,nar,2026-08-25,42.0,38.5,42.4,0.0,77.0,46.5,46.0,クラス条件好転 / 履歴少 / タイム大幅改善 / 近走上向き
202630082512,2026-08-25,12,クラサーベル,2.0,2.0,宮内勇樹,57.0,,10.0,9.0,門別,グランシャリオドリー(A3),1:03.0,2.5,晴,5.0,5.0,門別,ホクレン玉ねぎ「真白(A3),1:15.5,1.8,雨,8.0,8.0,門別,日高銀聖特別(A2),1:03.7,3.1,曇,7.0,6.0,門別,日高町建設協会特別(A4),1:15.8,1.7,曇,7.0,8.0,門別,登別地獄の谷の鬼花火(A3),1:15.3,1.3,曇,167.5,11.0,,nar,2026-08-25,43.94,47.1,47.6,24.9,30.5,50.9,48.5,タイム大幅改善
202635082512,2026-08-25,12,グアドループ,7.0,6.0,山本聡哉,56.0,,10.0,11.0,盛岡,スプリント特別(OP),1:00.5,1.9,晴,8.0,5.0,盛岡,スプリント特別(OP),1:00.2,1.1,曇,6.0,7.0,盛岡,ハヤテ特別(OP),1:13.2,0.6,晴,9.0,7.0,水沢,栗駒賞(重賞),1:29.9,2.0,曇,8.0,5.0,水沢,スプリント特別(OP),0:50.9,1.1,晴,25.5,9.0,,nar,2026-08-25,38.04,41.1,44.1,0.0,36.5,47.8,43.8,履歴少 / 着差タイト
202643082512,2026-08-25,12,グラツィオーソ,5.0,4.0,Ｆ．ゴン,54.0,,4.0,3.0,船橋,馬い!八幡平バイオレ(C1),1:45.7,1.9,曇,6.0,1.0,船橋,スタープリンス特別(C1),1:59.3,1.9,曇,2.0,1.0,船橋,ジョッキーズチャンピ(C1),2:29.0,0.2,小雨,1.0,2.0,船橋,C1四　五,1:37.8,-0.9,曇,11.0,12.0,1中京6,4歳以上1勝クラス,2:12.6,1.0,晴,11.4,4.0,,nar,2026-08-25,59.48,72.9,39.5,64.7,56.0,57.1,58.3,船橋実績 / クラス条件好転 / 履歴少 / タイム大幅改善
202635082512,2026-08-25,12,コパノマロン,12.0,8.0,高松亮,54.0,,1.0,2.0,盛岡,B1,1:25.1,-0.4,曇,6.0,1.0,盛岡,B1,1:25.6,0.9,小雨,,,盛岡,ネモフィラ賞(B1),,,曇,2.0,1.0,盛岡,浜木綿賞(B1),1:38.0,0.0,晴,1.0,1.0,水沢,B1,1:28.2,-0.5,曇,3.3,2.0,,nar,2026-08-25,61.36,86.1,40.5,55.3,62.0,51.0,54.0,盛岡実績 / 履歴少 / タイム改善 / 着差タイト
202635082512,2026-08-25,12,コンバットトーラス,2.0,2.0,大坪慎,56.0,,7.0,8.0,盛岡,B1,1:27.1,2.0,曇,10.0,9.0,盛岡,B1,1:27.0,2.3,小雨,8.0,10.0,盛岡,B1,1:00.1,1.2,曇,10.0,9.0,門別,グランシャリオドリー(B4),1:17.6,2.6,晴,8.0,6.0,門別,オケクラフト特別(C1),1:17.4,2.8,晴,414.6,12.0,,nar,2026-08-25,42.25,40.1,50.7,0.0,62.0,50.3,43.8,履歴少
202635082512,2026-08-25,12,ゴレイジョウ,8.0,6.0,南郷家全,54.0,,3.0,2.0,盛岡,B1,0:59.8,0.8,曇,1.0,1.0,水沢,B1,0:51.2,-0.1,晴,1.0,4.0,盛岡,B1,0:59.4,-0.5,晴,8.0,3.0,盛岡,B1,1:14.3,1.6,晴,1.0,1.0,水沢,B1,0:51.4,-0.5,晴,14.8,6.0,,nar,2026-08-25,66.0,87.0,46.9,85.4,48.5,59.5,54.0,盛岡実績 / 履歴少 / 着差タイト / 安定感
202635082512,2026-08-25,12,サティスファイア,6.0,5.0,岩本怜,54.0,,1.0,2.0,盛岡,B1,1:12.2,-0.2,曇,6.0,2.0,盛岡,B1,1:00.0,1.1,曇,4.0,4.0,盛岡,B1,1:12.6,0.5,晴,4.0,8.0,水沢,カジノフォンテン特別(B1),1:29.3,1.1,曇,4.0,6.0,水沢,ほやこおねえさん賞(B1),1:30.0,0.6,晴,6.7,3.0,,nar,2026-08-25,66.27,79.3,50.7,75.1,71.0,60.0,54.0,盛岡実績 / 履歴少 / 着差タイト / 近走上向き
202635082512,2026-08-25,12,サラサワン,3.0,3.0,村上忍,56.0,,5.0,3.0,水沢,白嶺賞(重賞),1:29.1,1.2,晴,1.0,4.0,水沢,スプリント特別(OP),1:25.2,-0.4,曇,8.0,8.0,水沢,白鳥特別(A),2:03.2,2.0,曇,5.0,5.0,佐賀,日向灘特別(A1),1:29.1,0.8,雨,6.0,4.0,佐賀,周防灘賞,1:24.1,1.9,晴,3.1,1.0,,nar,2026-08-25,58.95,70.4,49.5,69.9,50.0,54.2,48.8,履歴少 / 着差タイト / 安定感
202630082512,2026-08-25,12,サンヨウテイオウ,9.0,7.0,桑村真明,57.0,,5.0,3.0,門別,旭岳賞〔H3〕(重賞),1:44.2,4.1,雨,7.0,4.0,門別,赤レンガ記念〔H3〕(重賞),2:13.1,5.8,曇,5.0,2.0,門別,ソフトカツゲン発売7(A3),1:57.5,0.7,曇,1.0,2.0,名古屋,東海優駿(重賞),2:19.2,-0.7,晴,2.0,2.0,名古屋,駿蹄賞(重賞),2:13.9,0.0,晴,9.4,4.0,,nar,2026-08-25,57.31,71.2,37.4,75.1,42.5,55.0,54.0,門別実績 / 履歴少 / タイム大幅改善 / 着差タイト
202630082512,2026-08-25,12,スワッガー,7.0,6.0,服部茂史,56.0,,4.0,6.0,門別,グランシャリオドリー(A3),1:01.3,0.8,晴,8.0,6.0,門別,星の降る里・芦別健夏(B1),1:15.9,1.7,曇,3.0,1.0,門別,夕張メロン、味は特別(A4),1:02.5,0.9,晴,4.0,5.0,門別,日高町建設協会特別(A4),1:14.5,0.4,曇,2.0,5.0,門別,ラナンキュラス特別(B1),1:14.2,0.2,曇,43.6,9.0,,nar,2026-08-25,62.35,71.3,51.2,75.1,51.5,57.6,56.2,門別実績 / 履歴少 / タイム大幅改善 / 着差タイト
202643082512,2026-08-25,12,タカミノガコイ,13.0,8.0,川島正太,56.0,,2.0,7.0,船橋,馬い!八幡平バイオレ(C1),1:45.0,1.2,曇,2.0,8.0,船橋,馬い!淡路洲本農園玉(C1),1:45.6,1.1,曇,7.0,5.0,船橋,花柘榴賞(C1),1:45.9,2.6,曇,5.0,3.0,船橋,薫風賞(C1),1:45.0,0.5,曇,6.0,2.0,船橋,豊四季賞(C1),2:01.0,1.3,雨,9.5,3.0,,nar,2026-08-25,68.27,77.3,63.4,69.9,68.0,61.5,52.9,船橋実績 / 前走人気以上 / 履歴少 / タイム改善
202643082512,2026-08-25,12,ツインビスケッツ,7.0,5.0,藤本現暉,54.0,,8.0,9.0,船橋,40周年ありがとう株(C1),1:45.7,1.9,曇,5.0,11.0,川崎,姫百合賞(C1),1:32.5,1.1,晴,9.0,10.0,船橋,トルコキキョウ特別(B3),1:46.9,2.7,小雨,9.0,12.0,川崎,末摘花特別(B3二),1:32.8,2.3,曇,7.0,9.0,船橋,富里特別(B3),1:46.1,1.3,晴,148.3,13.0,,nar,2026-08-25,51.31,48.1,68.5,24.9,47.0,60.0,43.8,履歴少 / 人気以上に走る傾向
202630082512,2026-08-25,12,ディオスメッセージ,1.0,1.0,石川倭,57.0,,2.0,1.0,門別,ホクレン玉ねぎ「真白(A3),1:13.9,0.2,雨,5.0,7.0,門別,アルビレオ特別(A2),1:14.6,0.9,曇,3.0,1.0,門別,アメリカンペイトリオ(A3),1:14.5,0.5,晴,4.0,8.0,門別,サラブレッドのまち日(A1),1:13.8,0.3,曇,3.0,2.0,門別,登別地獄の谷の鬼花火(A3),1:14.2,0.2,曇,9.7,5.0,,nar,2026-08-25,69.59,81.3,52.0,100.0,60.5,61.0,56.4,門別実績 / タイム改善 / 着差タイト / 安定感
202643082512,2026-08-25,12,ニシノアヤカゼ,14.0,8.0,秋元耕成,54.0,,10.0,10.0,浦和,天の川特別(C1),2:13.8,3.9,晴,10.0,10.0,浦和,夏の夕特別(C1),2:12.5,3.2,曇,11.0,9.0,浦和,武甲山特別(B2B3),2:11.2,4.4,雨,10.0,9.0,浦和,水芭蕉特別(B2B3),2:15.3,4.7,晴,2.0,8.0,浦和,春の風特別(C1),2:13.1,0.0,晴,97.6,11.0,,nar,2026-08-25,39.64,33.0,50.6,10.3,39.5,52.9,48.8,履歴少
202643082512,2026-08-25,12,ノンスタンダルド,4.0,3.0,所蛍,53.0,,3.0,2.0,船橋,馬い!八幡平バイオレ(C1),1:45.6,1.8,曇,10.0,5.0,2東京7,4歳以上1勝クラス,1:39.6,2.0,晴,4.0,4.0,3中山1,4歳以上1勝クラス,1:55.2,2.3,晴,10.0,14.0,3福島5,3歳以上1勝クラス,1:59.3,1.0,晴,9.0,6.0,4東京3,3歳以上1勝クラス,1:39.0,1.3,雨,2.1,1.0,,nar,2026-08-25,53.81,55.3,41.1,50.2,81.5,49.9,51.8,クラス条件好転 / 履歴少 / 着差タイト / 近走上向き
202635082512,2026-08-25,12,パンセ,4.0,4.0,山本聡紀,56.0,,4.0,6.0,盛岡,B1,1:26.1,1.0,曇,3.0,7.0,盛岡,B1,1:12.5,0.3,曇,3.0,9.0,盛岡,B1,0:59.7,0.8,曇,7.0,6.0,盛岡,B1,1:13.4,1.3,晴,8.0,10.0,水沢,ハヤテ特別(OP),1:28.1,1.4,曇,19.4,8.0,,nar,2026-08-25,69.3,72.8,70.0,75.1,57.5,72.5,55.3,盛岡実績 / 履歴少 / 着差タイト / 人気以上に走る傾向
202643082512,2026-08-25,12,ビービーシャーンス,3.0,3.0,菅原吏久,53.0,,4.0,6.0,船橋,スターマイン特別(C1),1:59.0,1.6,曇,5.0,7.0,川崎,百日紅賞(C1),1:33.0,0.8,曇,6.0,8.0,船橋,流汗淋漓2200(B2B3),2:32.5,2.0,曇,1.0,4.0,川崎,スクルド賞(C1),2:15.5,-0.1,曇,4.0,7.0,船橋,ジョッキーズチャンピ(C1),2:29.6,0.8,小雨,42.8,8.0,,nar,2026-08-25,67.1,74.3,65.7,80.2,50.0,64.1,54.0,船橋実績 / 履歴少 / 着差タイト / 人気以上に走る傾向
202635082512,2026-08-25,12,ファイナルキング,9.0,7.0,小林凌,56.0,,6.0,4.0,盛岡,ハヤテ特別(OP),1:12.2,0.8,晴,7.0,3.0,水沢,ハヤテ特別(OP),1:27.4,0.7,曇,2.0,2.0,盛岡,スプリント特別(OP),0:59.3,0.2,曇,3.0,1.0,盛岡,ハヤテ特別(OP),1:12.8,0.2,晴,1.0,2.0,水沢,桜並木賞(B1),1:27.9,-0.1,晴,8.7,4.0,,nar,2026-08-25,52.81,72.0,37.4,44.7,33.5,54.7,54.0,盛岡実績 / 履歴少 / タイム大幅改善 / 着差タイト
202643082512,2026-08-25,12,フォートウィリアム,10.0,6.0,室陽一朗,56.0,,11.0,10.0,浦和,盆踊り特別(C1C2),2:13.3,2.9,晴,7.0,11.0,浦和,夏の空特別(C1C2),2:13.0,1.9,晴,4.0,11.0,船橋,スタープリンス特別(C1),1:58.5,1.1,曇,9.0,10.0,浦和,ふかや『ふっかちゃん(C1),2:14.1,2.4,曇,8.0,9.0,浦和,薄暑特別(C1),2:15.5,2.1,晴,105.9,12.0,,nar,2026-08-25,46.86,43.9,66.3,19.8,26.0,59.4,48.8,履歴少 / 人気以上に走る傾向
202643082512,2026-08-25,12,フリューゲルクー,11.0,7.0,野畑凌,56.0,,2.0,7.0,浦和,天の川特別(C1),2:10.0,0.1,晴,13.0,9.0,船橋,桜花爛漫特別(B3),2:02.4,7.1,雨,9.0,4.0,浦和,初見月特別(B3),1:38.2,2.2,晴,2.0,1.0,浦和,ファイナルドリーム特(C1),2:14.7,0.4,雨,3.0,1.0,川崎,大太刀賞(C1二),1:46.5,1.2,曇,14.8,6.0,,nar,2026-08-25,56.45,58.2,44.3,55.3,78.5,56.9,48.8,前走人気以上 / 履歴少 / 前走接戦好走 / 近走上向き
202635082512,2026-08-25,12,プリティキッス,10.0,7.0,佐々木志,54.0,,1.0,4.0,盛岡,B1,1:12.5,0.0,曇,4.0,4.0,盛岡,B2,0:59.8,0.6,雨,1.0,5.0,盛岡,B2,1:12.4,-0.2,晴,5.0,7.0,水沢,B1,0:51.8,0.7,晴,7.0,6.0,水沢,オッズパーク賞(B1),1:30.6,1.4,晴,9.1,5.0,,nar,2026-08-25,73.4,84.4,63.2,89.7,69.5,64.6,59.5,盛岡実績 / 前走人気以上 / 履歴少 / 着差タイト
202643082512,2026-08-25,12,マジックワーズ,6.0,4.0,澤田龍哉,56.0,,7.0,8.0,船橋,桜花爛漫特別(B3),1:58.4,3.1,雨,10.0,7.0,船橋,ユキヤナギ賞(B3),1:59.5,1.6,晴,3.0,2.0,船橋,アルデミラン特別(C1),1:58.8,0.1,曇,7.0,6.0,大井,冬野特別競走(C1),2:12.0,1.6,晴,7.0,3.0,船橋,聡明叡智賞(C1),1:58.1,1.8,晴,16.3,7.0,,nar,2026-08-25,46.39,52.3,41.6,19.8,48.5,53.7,47.1,履歴少 / タイム大幅改善 / 前走接戦好走 / 市場オッズ妙味
202643082512,2026-08-25,12,ムチャスエルテ,12.0,7.0,岡村健司,56.0,,7.0,5.0,船橋,スターマイン特別(C1),1:59.6,2.2,曇,3.0,3.0,船橋,スタープリンス特別(C1),1:58.5,1.1,曇,3.0,2.0,川崎,スクルド賞(C1),2:16.3,0.8,曇,6.0,3.0,船橋,ジョッキーズチャンピ(C1),2:30.4,1.6,小雨,1.0,3.0,浦和,門松飾り特別(C2),2:14.0,-0.3,曇,13.8,5.0,,nar,2026-08-25,53.99,72.4,42.7,55.0,27.5,58.6,48.5,履歴少 / 着差タイト / 市場オッズ妙味
202635082512,2026-08-25,12,メイストーム,5.0,5.0,鈴木祐,56.0,,7.0,6.0,盛岡,B1,1:00.3,1.3,曇,10.0,9.0,園田,C1一,0:51.8,1.5,晴,10.0,11.0,園田,B2,0:51.3,1.8,晴,9.0,9.0,園田,B1B2,0:51.3,1.6,曇,11.0,11.0,園田,第31回大日本プロレ(B1B2),0:51.4,1.5,晴,179.8,11.0,,nar,2026-08-25,41.58,35.6,47.5,0.0,68.0,50.3,50.0,近走上向き
202630082512,2026-08-25,12,ヤマニンパッセ,11.0,8.0,落合玄太,55.0,,5.0,2.0,門別,ポラリスサマースプリ(重賞),1:14.9,2.0,曇,2.0,2.0,門別,アルビレオ特別(A2),1:13.7,0.0,曇,1.0,1.0,門別,日高町建設協会特別(A4),1:14.1,-0.2,曇,1.0,1.0,門別,ホクレンえん麦特別(A4),1:00.2,-1.3,曇,2.0,1.0,門別,乾杯をもっとおいしく(B3),1:14.5,0.1,晴,3.8,2.0,,nar,2026-08-25,63.97,87.5,42.9,100.0,29.0,53.1,56.4,門別実績 / 前走接戦好走 / 安定感
202643082512,2026-08-25,12,ラファエラエンゼル,8.0,5.0,篠谷葵,54.0,,2.0,3.0,船橋,スターマイン特別(C1),1:58.3,0.9,曇,1.0,2.0,浦和,夏の空特別(C1C2),2:11.1,-0.5,晴,2.0,2.0,浦和,ふかや『ふっかちゃん(C1),2:12.4,0.7,曇,5.0,5.0,船橋,ジョッキーズチャンピ(C1),2:29.8,1.0,小雨,1.0,4.0,船橋,2026Jockey(C2),1:58.5,-0.2,晴,3.5,2.0,,nar,2026-08-25,72.59,91.3,56.0,100.0,51.5,58.6,59.5,船橋実績 / 履歴少 / タイム大幅改善 / 着差タイト
202630082512,2026-08-25,12,リアルガー,10.0,8.0,松井伸也,56.0,,7.0,6.0,門別,グランシャリオドリー(B1),1:52.4,1.6,晴,6.0,3.0,門別,星の降る里・芦別健夏(B1),1:15.4,1.2,曇,3.0,2.0,門別,胆振軽種馬農業協同組(B3),1:14.3,1.2,晴,4.0,4.0,門別,スワーヴリチャード・(B3),1:14.8,0.5,曇,1.0,1.0,大井,ほうおう座特別競走(C1),2:11.4,-0.1,晴,25.9,8.0,,nar,2026-08-25,51.18,68.8,41.3,44.7,29.0,53.0,51.2,門別実績 / 履歴少 / 前走接戦好走 / 市場オッズ妙味
202630082512,2026-08-25,12,リプレゼント,6.0,6.0,阿部龍,56.0,,1.0,1.0,門別,NORTHERNBR(B3),1:13.2,-0.3,曇,,,門別,ルピナス特別(B3),,,曇,1.0,3.0,門別,ドウデュース・プレミ(B3),1:13.2,-0.9,曇,2.0,1.0,門別,グランシャリオドリー(B4),1:15.3,0.3,晴,11.0,6.0,2東京3,4歳以上1勝クラス,1:26.8,1.8,晴,2.4,1.0,,nar,2026-08-25,65.94,87.4,47.5,64.7,72.0,50.5,59.5,門別実績 / 履歴少 / 前走接戦好走 / 近走上向き
202635082512,2026-08-25,12,リュウノメディナ,1.0,1.0,塚本涼人,56.0,,7.0,11.0,水沢,春分特別(A),1:43.6,0.5,曇,10.0,7.0,水沢,弥生特別(A),1:48.0,2.2,晴,4.0,4.0,水沢,ハヤテ特別(OP),1:27.2,0.5,曇,2.0,6.0,水沢,ハヤテ特別(OP),1:29.6,0.7,曇,6.0,9.0,盛岡,2025盛岡ファイナ(A),1:41.8,1.8,曇,50.0,10.0,,nar,2026-08-25,53.67,57.4,59.5,34.3,41.0,57.8,48.8,前走人気以上 / 履歴少 / タイム大幅改善 / 着差タイト
202635082512,2026-08-25,12,ルアル,11.0,8.0,阿部英俊,56.0,,4.0,5.0,盛岡,B1,1:13.1,0.9,曇,7.0,3.0,盛岡,B1,1:00.0,1.1,曇,2.0,1.0,盛岡,B1,1:12.7,0.1,晴,2.0,2.0,水沢,B1,0:50.9,0.0,晴,1.0,3.0,盛岡,B1,0:59.5,-0.4,晴,16.7,7.0,,nar,2026-08-25,61.58,78.0,45.2,75.1,44.0,60.7,55.3,盛岡実績 / 履歴少 / 着差タイト / 安定感
202643082512,2026-08-25,12,レッドゲート,2.0,2.0,七夕裕次,54.0,,8.0,5.0,浦和,盆踊り特別(C1C2),2:12.2,1.8,晴,6.0,6.0,浦和,夏の夕特別(C1),2:11.4,2.1,曇,7.0,10.0,名古屋,五月雨特別(A),1:29.7,1.8,雨,8.0,9.0,名古屋,薄暑大空特別(A),2:15.0,2.5,晴,10.0,10.0,名古屋,牡丹特別(A),1:52.8,3.0,小雨,61.6,10.0,,nar,2026-08-25,43.13,47.9,48.8,0.0,48.5,52.2,48.8,履歴少
202630082512,2026-08-25,12,レディパイロ,8.0,7.0,黒澤愛斗,54.0,,2.0,2.0,門別,8月15日しかべ最大(B1),1:14.4,1.1,曇,3.0,1.0,門別,星の降る里・芦別健夏(B1),1:14.7,0.5,曇,1.0,1.0,門別,とままえメロン特別(B3),1:14.5,-0.3,曇,2.0,5.0,門別,胆振軽種馬農業協同組(B3),1:13.7,0.6,晴,2.0,3.0,門別,スワーヴリチャード・(B3),1:14.5,0.2,曇,15.9,6.0,,nar,2026-08-25,71.08,91.6,50.3,100.0,50.0,63.1,59.5,門別実績 / 履歴少 / 着差タイト / 安定感
