race_id,日付,レース,馬名,馬番,枠,騎手,斤量,実着順,着順1,人気1,場1,レース名1,着順2,人気2,場2,レース名2,着順3,人気3,場3,レース名3,着順4,人気4,場4,レース名4,着順5,人気5,場5,レース名5,単勝オッズ,人気,オッズ更新日時,source,_date,AREru指数,因子_performance,因子_upset,因子_consistency,因子_trend,因子_value,因子_context,理由
202630072901,2026-07-29,1,アヤサンホープ,6.0,5.0,岩橋勇二,55.0,10.0,7.0,3.0,門別,JRA認定競走フレッ(新馬)(2歳),,,,,,,,,,,,,,,,,23.9,7.0,,nar,2026-07-29,37.78,41.1,34.5,29.6,40.6,36.2,45,履歴少 / サンプル少
202630072901,2026-07-29,1,アルバミオ,4.0,4.0,松井伸也,55.0,8.0,,,門別,2歳未勝利(未勝利),8.0,7.0,門別,JRA認定競走アタッ(未勝利)(2歳),4.0,8.0,門別,JRA認定競走フレッ(新馬)(2歳),,,,,,,,,370.7,10.0,,nar,2026-07-29,45.33,50.0,50.2,28.9,32.3,53.3,45,履歴少 / サンプル少
202648072901,2026-07-29,1,アンジェララヴ,12.0,8.0,東川慎,55.0,9.0,4.0,3.0,名古屋,C10組,2.0,4.0,名古屋,C12組,8.0,9.0,名古屋,C12組,2.0,10.0,名古屋,C21組,8.0,7.0,名古屋,C23組,15.7,5.0,,nar,2026-07-29,63.87,72.7,60.2,69.9,56.0,67.6,45,履歴少 / 安定感 / 過小評価傾向 / 市場オッズ妙味
202650072901,2026-07-29,1,エイシンリキュウ,6.0,6.0,小牧太,56.0,2.0,,,,,,,,,,,,,,,,,,,,,2.9,2.0,,nar,2026-07-29,36.0,35.0,35.0,35.0,35.0,35.0,45,履歴少
202630072901,2026-07-29,1,オリコウブロアム,1.0,1.0,石川倭,55.0,5.0,5.0,5.0,門別,2歳未勝利(未勝利),11.0,5.0,門別,JRA認定競走フレッ(新馬)(2歳),,,,,,,,,,,,,12.9,5.0,,nar,2026-07-29,44.47,43.5,35.1,34.7,65.3,52.6,45,履歴少 / サンプル少 / 近走上向き / 市場オッズ妙味
202648072901,2026-07-29,1,オーブラボー,2.0,2.0,柿原翔,57.0,11.0,12.0,11.0,名古屋,C8組,10.0,11.0,名古屋,C9組,12.0,10.0,名古屋,C10組,10.0,7.0,名古屋,C15組,1.0,1.0,名古屋,蘭ちゃん1歳お誕生日(C),257.7,12.0,,nar,2026-07-29,34.26,27.4,43.8,10.3,27.5,50.2,45,履歴少
202648072901,2026-07-29,1,キタノプレンティ,10.0,7.0,木之前葵,53.0,6.0,11.0,9.0,名古屋,金シャチ最終戦777(C),5.0,6.0,名古屋,C級6組,10.0,4.0,名古屋,C6組,10.0,2.0,名古屋,C6組,,,名古屋,C11組,8.3,2.0,,nar,2026-07-29,35.24,36.4,28.8,24.9,34.0,46.8,45,履歴少
202648072901,2026-07-29,1,クリノスピネル,6.0,5.0,阪野学,55.0,8.0,4.0,10.0,名古屋,金シャチ最終戦777(C),7.0,9.0,名古屋,しゅんさや結婚記念(C),7.0,8.0,名古屋,C8組,6.0,9.0,名古屋,まりな20代ラストイ(C),7.0,5.0,名古屋,C14組,12.4,4.0,,nar,2026-07-29,59.09,60.5,69.3,30.4,66.5,67.2,45,履歴少 / 人気以上に走る傾向 / 近走上向き / 過小評価傾向
202650072901,2026-07-29,1,クロスノット,10.0,8.0,田野豊三,56.0,4.0,5.0,6.0,園田,C3四,10.0,9.0,園田,阪神アーバンナイター(C2),7.0,6.0,園田,キャプテン渡辺&矢作(C2),8.0,9.0,園田,清荒神7ハロン3歳C(C2),8.0,10.0,園田,口銀谷ダッシュ3歳C(C1C2),12.0,4.0,,nar,2026-07-29,51.19,48.9,51.5,30.4,69.5,61.9,45,履歴少 / 近走上向き / 市場オッズ妙味
202648072901,2026-07-29,1,クワイエットエニフ,7.0,6.0,塚本征吾,55.0,10.0,11.0,7.0,名古屋,C9組,7.0,2.0,名古屋,C9組,1.0,2.0,名古屋,C14組,3.0,4.0,名古屋,C15組,3.0,1.0,名古屋,C26組,42.6,8.0,,nar,2026-07-29,42.34,59.7,33.7,44.7,5.0,50.5,45,履歴少 / 市場オッズ妙味
202650072901,2026-07-29,1,クールブリエ,2.0,2.0,高畑皓一,55.0,6.0,2.0,10.0,園田,C3二,10.0,8.0,園田,C3三,7.0,4.0,園田,C3二,7.0,6.0,園田,C3三,8.0,4.0,園田,C3四,37.3,6.0,,nar,2026-07-29,55.54,57.3,55.5,30.4,86.0,55.0,45,履歴少 / 近走上向き / 市場オッズ妙味
202645072901,2026-07-29,1,コトリノウタウウタ,5.0,5.0,七夕裕次,54.0,1.0,5.0,2.0,浦和,C3　選抜馬ア,2.0,2.0,浦和,C2　選抜馬イ,9.0,3.0,船橋,馬い!野菜たがやす倶(C2七),1.0,1.0,浦和,C3　4歳イ,3.0,2.0,浦和,C3　4歳イ,2.6,1.0,,nar,2026-07-29,54.91,74.0,34.6,80.2,42.5,47.6,45,履歴少 / 安定感
202630072901,2026-07-29,1,コバシリデス,8.0,6.0,黒澤愛斗,55.0,11.0,7.0,7.0,門別,JRA認定競走フレッ(新馬)(2歳),,,,,,,,,,,,,,,,,347.7,9.0,,nar,2026-07-29,39.88,41.1,40.6,29.6,40.6,40.6,45,履歴少 / サンプル少
202645072901,2026-07-29,1,コルティリオ,2.0,2.0,岡村裕基,56.0,8.0,4.0,8.0,川崎,トウザヨリ賞(C3),11.0,11.0,川崎,雷神賞(C2),7.0,9.0,川崎,雷電賞(C2),3.0,10.0,川崎,ツバメ賞(C3),6.0,9.0,川崎,フェネック賞(C3),71.3,9.0,,nar,2026-07-29,59.68,56.8,70.6,45.0,66.5,63.9,45,履歴少 / 人気以上に走る傾向 / 近走上向き
202630072901,2026-07-29,1,サザンザバロン,9.0,7.0,服部茂史,55.0,2.0,7.0,4.0,門別,2歳未勝利(未勝利),7.0,3.0,門別,2歳未勝利(未勝利),5.0,7.0,門別,JRA認定競走アタッ(未勝利)(2歳),5.0,5.0,門別,JRA認定競走フレッ(新馬)(2歳),,,,,12.0,3.0,,nar,2026-07-29,47.01,58.1,38.2,34.3,42.0,56.5,45,履歴少 / 市場オッズ妙味
202650072901,2026-07-29,1,シルエッタ,4.0,4.0,南部楓馬,52.0,9.0,9.0,11.0,園田,C3,9.0,11.0,園田,3歳C2,9.0,8.0,園田,3歳未勝利リミテッド,9.0,8.0,園田,3歳C2二,5.0,7.0,園田,3歳C2二,83.7,8.0,,nar,2026-07-29,43.51,39.3,56.8,10.3,44.0,56.1,45,履歴少
202648072901,2026-07-29,1,ジーティーネージュ,9.0,7.0,山田祥雄,55.0,5.0,5.0,4.0,名古屋,C9組,6.0,5.0,名古屋,C10組,9.0,11.0,名古屋,金シャチ最終戦(C),7.0,4.0,名古屋,C16組,2.0,6.0,名古屋,C20組,32.5,7.0,,nar,2026-07-29,52.53,59.8,48.7,40.7,56.0,56.9,45,履歴少 / 市場オッズ妙味
202630072901,2026-07-29,1,スターダストレディ,10.0,7.0,落合玄太,55.0,1.0,6.0,6.0,門別,2歳未勝利(未勝利),4.0,4.0,門別,JRA認定競走フレッ(新馬)(2歳),,,,,,,,,,,,,12.7,4.0,,nar,2026-07-29,47.39,55.0,45.5,31.7,38.9,57.9,45,履歴少 / サンプル少 / 市場オッズ妙味
202650072901,2026-07-29,1,ダズリングアイス,8.0,7.0,小谷哲平,54.0,8.0,9.0,6.0,園田,C3三,6.0,3.0,園田,C3二,4.0,2.0,園田,C3三,10.0,10.0,園田,C3二,8.0,4.0,園田,C3三,39.0,7.0,,nar,2026-07-29,39.95,49.5,32.7,19.8,38.0,48.5,45,履歴少 / 市場オッズ妙味
202650072901,2026-07-29,1,ティアラアスール,1.0,1.0,福原杏,55.0,10.0,9.0,9.0,盛岡,3歳C2一組,10.0,11.0,水沢,3歳C1二組,10.0,10.0,水沢,3歳C1二組,7.0,5.0,水沢,3歳C1二組,6.0,6.0,姫路,向陽台ダッシュ3歳C(C2),141.1,9.0,,nar,2026-07-29,39.71,37.2,49.7,0.0,45.5,52.9,45,履歴少
202650072901,2026-07-29,1,テイケイホロムア,5.0,5.0,竹村達也,56.0,1.0,,,,,,,,,,,,,,,,,,,,,1.6,1.0,,nar,2026-07-29,36.0,35.0,35.0,35.0,35.0,35.0,45,履歴少
202650072901,2026-07-29,1,テーオーモンブラン,7.0,7.0,永井孝典,55.0,3.0,7.0,10.0,園田,C3三,6.0,7.0,園田,C3二,3.0,4.0,園田,C3三,8.0,7.0,園田,C3三,4.0,6.0,園田,C3三,14.2,5.0,,nar,2026-07-29,53.62,61.6,59.9,30.1,39.5,65.2,45,履歴少 / 過小評価傾向 / 市場オッズ妙味
202630072901,2026-07-29,1,ドミネイト,7.0,6.0,近藤翔月,54.0,6.0,,,,,,,,,,,,,,,,,,,,,3.1,2.0,,nar,2026-07-29,36.0,35.0,35.0,35.0,35.0,35.0,45,履歴少
202645072901,2026-07-29,1,ナリノビスケッツ,11.0,8.0,佐藤翔馬,51.0,6.0,3.0,3.0,川崎,トウザヨリ賞(C3),8.0,5.0,川崎,雷神賞(C2),4.0,3.0,川崎,雷電賞(C2),5.0,1.0,浦和,さいたまスイーツ賞(C2),1.0,1.0,川崎,ツバメ賞(C3),8.6,5.0,,nar,2026-07-29,57.67,71.8,39.3,75.1,59.0,54.0,45,履歴少 / 安定感
202648072901,2026-07-29,1,ハズムリズム,11.0,8.0,大畑慧悟,57.0,12.0,11.0,11.0,名古屋,咲来、弥憂、お誕生日(C),12.0,11.0,名古屋,金シャチ最終戦777(C),11.0,11.0,名古屋,C15組,8.0,7.0,名古屋,C13組,1.0,8.0,名古屋,C25組,103.2,11.0,,nar,2026-07-29,38.41,29.8,52.3,10.3,32.0,56.8,45,履歴少
202645072901,2026-07-29,1,ハナサキポプラ,3.0,3.0,町田直希,54.0,3.0,1.0,5.0,川崎,トウザヨリ賞(C3),7.0,7.0,川崎,鏡餅賞(C3),6.0,2.0,川崎,ヤマネ賞(C3),3.0,3.0,川崎,ウォンバット賞(C3),5.0,1.0,川崎,笠懸賞(C3),5.8,3.0,,nar,2026-07-29,60.76,74.5,50.1,55.3,75.5,54.9,45,履歴少 / 近走上向き
202650072901,2026-07-29,1,バイアスペクター,9.0,8.0,長尾翼玖,55.0,7.0,6.0,7.0,園田,C3四,7.0,7.0,園田,C3三,9.0,10.0,園田,C3三,9.0,4.0,園田,C3三,7.0,4.0,園田,C3三,166.0,10.0,,nar,2026-07-29,43.68,48.9,46.2,0.0,62.0,49.6,45,履歴少
202648072901,2026-07-29,1,フクチャンフクメイ,3.0,3.0,尾崎章生,55.0,4.0,8.0,2.0,名古屋,金シャチ最終戦777(C),3.0,7.0,名古屋,C10組,1.0,9.0,名古屋,金シャチ最終戦(C),8.0,5.0,名古屋,C23組,7.0,2.0,名古屋,C25組,21.8,6.0,,nar,2026-07-29,51.33,65.9,48.6,44.7,30.5,55.0,45,履歴少 / 市場オッズ妙味
202645072901,2026-07-29,1,フライエフェクト,12.0,8.0,佐野遥久,54.0,4.0,4.0,7.0,川崎,トビウオ賞(C3),5.0,7.0,川崎,雷神賞(C2),3.0,8.0,川崎,雷電賞(C2),11.0,9.0,川崎,初雷賞(C2),12.0,3.0,川崎,鳴雷賞(C2),5.4,2.0,,nar,2026-07-29,61.12,60.8,58.2,75.1,72.5,56.5,45,履歴少 / 近走上向き / 安定感
202630072901,2026-07-29,1,フレイムフローラ,5.0,5.0,阿部龍,55.0,3.0,2.0,2.0,門別,2歳牝馬未勝利(未勝利),5.0,7.0,門別,JRA認定競走アタッ(未勝利)(2歳),5.0,2.0,門別,日高町の地酒「縁」と(未勝利)(2歳),4.0,5.0,門別,JRA認定競走フレッ(新馬)(2歳),,,,,1.8,1.0,,nar,2026-07-29,64.31,77.4,50.4,89.7,66.0,52.5,45,履歴少 / 近走上向き / 安定感
202630072901,2026-07-29,1,フレンドリーグリン,12.0,8.0,小野楓馬,55.0,12.0,,,,,,,,,,,,,,,,,,,,,31.0,8.0,,nar,2026-07-29,36.0,35.0,35.0,35.0,35.0,35.0,45,履歴少
202630072901,2026-07-29,1,フークプティット,11.0,8.0,小川悠汰,52.0,7.0,9.0,10.0,門別,2歳未勝利(未勝利),10.0,9.0,門別,JRA認定競走フレッ(新馬)(2歳),,,,,,,,,,,,,455.8,11.0,,nar,2026-07-29,40.64,35.8,45.9,18.0,48.8,50.6,45,履歴少 / サンプル少
202645072901,2026-07-29,1,ブルーグリッター,7.0,6.0,山本大翔,54.0,12.0,10.0,9.0,浦和,ランチタイム(C3),10.0,10.0,川崎,トウザヨリ賞(C3),6.0,4.0,船橋,入梅ダッシュ(C3),8.0,6.0,川崎,フェネック賞(C3),9.0,3.0,浦和,浦和800ラウンド(C3),125.4,11.0,,nar,2026-07-29,35.52,37.5,38.7,0.0,39.5,46.4,45,履歴少
202650072901,2026-07-29,1,プチフレーシュ,3.0,3.0,塩津璃菜,51.0,5.0,4.0,4.0,園田,C3二,5.0,2.0,園田,C3三,7.0,9.0,園田,香合新田ダッシュC3,8.0,6.0,園田,C3二,6.0,5.0,姫路,元禄橋町ダッシュC(C3),11.8,3.0,,nar,2026-07-29,55.41,62.9,44.8,55.3,65.0,57.9,45,履歴少 / 近走上向き
202648072901,2026-07-29,1,プリマベーラ,4.0,4.0,小笠原羚,52.0,3.0,8.0,3.0,金沢,☆ひなの&はるかお誕(C2特別),8.0,2.0,金沢,C26,5.0,3.0,金沢,C27,8.0,6.0,金沢,C26,9.0,4.0,金沢,蜜丸さくもYouTu(C2),67.5,9.0,,nar,2026-07-29,36.51,47.9,20.5,19.8,47.0,40.5,45,履歴少
202630072901,2026-07-29,1,プレアウィン,3.0,3.0,宮内勇樹,55.0,9.0,10.0,9.0,門別,2歳未勝利(未勝利),9.0,8.0,門別,2歳未勝利(未勝利),6.0,6.0,門別,2歳未勝利(未勝利),12.0,12.0,門別,JRA認定競走フレッ(新馬)(2歳),,,,,717.7,12.0,,nar,2026-07-29,37.71,34.7,45.7,0.0,44.0,51.9,45,履歴少
202645072901,2026-07-29,1,ホーススピリット,10.0,7.0,神尾香澄,54.0,5.0,6.0,1.0,川崎,ランポ賞(3歳),2.0,2.0,川崎,3歳6,9.0,1.0,名古屋,ゴールデンウィークド(3歳),2.0,4.0,名古屋,3歳3組,4.0,6.0,名古屋,3歳2組,7.5,4.0,,nar,2026-07-29,49.71,69.6,31.8,49.8,39.5,52.7,45,履歴少
202645072901,2026-07-29,1,マイリトルロマンス,4.0,4.0,高橋優,51.0,9.0,9.0,9.0,浦和,C2五　六,7.0,7.0,浦和,さいたまスイーツ賞(C2),5.0,7.0,浦和,浦和800ラウンド(C2),8.0,9.0,浦和,「ハイキングのまち」(C2),6.0,7.0,浦和,C2七　八九(C2八),26.6,8.0,,nar,2026-07-29,46.39,50.0,54.5,19.8,35.0,58.9,45,履歴少 / 市場オッズ妙味
202648072901,2026-07-29,1,マサハヤモーブ,1.0,1.0,大畑雅章,57.0,1.0,1.0,2.0,名古屋,C11組,7.0,7.0,名古屋,C18組,5.0,4.0,名古屋,C19組,2.0,5.0,名古屋,千歳賞(C),5.0,6.0,名古屋,C21組,1.3,1.0,,nar,2026-07-29,64.44,77.2,54.5,75.1,72.5,53.7,45,履歴少 / 近走上向き / 安定感
202630072901,2026-07-29,1,ミラヴィー,2.0,2.0,藤田凌駕,53.0,4.0,7.0,4.0,門別,2歳未勝利(未勝利),4.0,4.0,門別,JRA認定競走アタッ(未勝利)(2歳),6.0,7.0,門別,JRA認定競走アタッ(未勝利)(2歳),6.0,6.0,門別,JRA認定競走フレッ(新馬)(2歳),,,,,17.9,6.0,,nar,2026-07-29,48.73,61.7,44.4,24.9,40.0,60.6,45,履歴少 / 市場オッズ妙味
202648072901,2026-07-29,1,メイショウイッシン,8.0,6.0,丹羽克輝,57.0,2.0,6.0,8.0,名古屋,咲来、弥憂、お誕生日(C),6.0,10.0,名古屋,金シャチ最終戦777(C),6.0,10.0,名古屋,C5組,8.0,11.0,名古屋,C5組,7.0,10.0,名古屋,送迎バスの運転手さん(C),9.0,3.0,,nar,2026-07-29,54.0,56.8,72.0,0.0,54.5,69.8,45,履歴少 / 人気以上に走る傾向 / 過小評価傾向
202645072901,2026-07-29,1,ヤンキージャック,1.0,1.0,池谷匠翔,54.0,7.0,8.0,9.0,川崎,トビウオ賞(C3),10.0,11.0,川崎,C3一　二,11.0,9.0,川崎,C3一　二,10.0,10.0,川崎,C3三　四,9.0,9.0,川崎,C3一　二,75.0,10.0,,nar,2026-07-29,40.69,32.1,51.1,0.0,62.0,53.5,45,履歴少
202648072901,2026-07-29,1,ルミノーゾ,5.0,5.0,細川智史,57.0,7.0,5.0,11.0,名古屋,C9組,5.0,8.0,名古屋,C10組,9.0,7.0,名古屋,C11組,1.0,4.0,名古屋,C23組,6.0,5.0,名古屋,蘭ちゃん1歳お誕生日(C),83.6,10.0,,nar,2026-07-29,61.94,65.5,67.6,69.9,51.5,59.4,45,履歴少 / 人気以上に走る傾向 / 安定感
202645072901,2026-07-29,1,ルリール,6.0,5.0,新原周馬,54.0,2.0,5.0,4.0,川崎,トビウオ賞(C3),2.0,2.0,川崎,ハヤブサ賞(C3),2.0,3.0,川崎,イヌワシ賞(C3),2.0,3.0,川崎,ツバメ賞(C3),4.0,2.0,川崎,ミーアキャット賞(C3),10.1,6.0,,nar,2026-07-29,63.96,83.1,48.8,100.0,35.0,59.2,45,履歴少 / 安定感
202645072901,2026-07-29,1,レターフロムパリ,9.0,7.0,木間塚龍,54.0,11.0,9.0,6.0,川崎,トウザヨリ賞(C3),9.0,8.0,川崎,雲神賞(C2),11.0,7.0,川崎,雷響賞(C2),11.0,12.0,船橋,C2七　八九　ウ(C2八),10.0,9.0,川崎,界雷賞(C2),176.6,12.0,,nar,2026-07-29,35.26,29.7,36.6,0.0,57.5,48.3,45,履歴少
202645072901,2026-07-29,1,ロワン,8.0,6.0,櫻井光輔,54.0,10.0,6.0,3.0,川崎,トビウオ賞(C3),4.0,4.0,川崎,雷神賞(C2),1.0,6.0,川崎,イヌワシ賞(C3),3.0,6.0,川崎,スズメ賞(C3),5.0,4.0,川崎,ミーアキャット賞(C3),10.9,7.0,,nar,2026-07-29,59.69,76.2,52.9,69.6,33.5,62.8,45,履歴少 / 安定感
202645072902,2026-07-29,2,アメリカンサンデー,9.0,7.0,矢野貴之,56.0,11.0,5.0,2.0,川崎,珠鷸賞(3歳),1.0,1.0,川崎,3歳7,3.0,1.0,川崎,3歳8,2.0,5.0,川崎,3歳10,7.0,7.0,川崎,ストーム賞(3歳),4.4,2.0,,nar,2026-07-29,60.92,81.0,43.9,89.7,39.5,55.0,45,履歴少 / 安定感
202630072902,2026-07-29,2,エイシンスクルド,3.0,3.0,石川倭,55.0,1.0,2.0,1.0,門別,2歳牝馬未勝利(未勝利),4.0,3.0,門別,JRA認定競走アタッ(未勝利)(2歳),3.0,4.0,門別,JRA認定競走フレッ(新馬)(2歳),,,,,,,,,2.5,2.0,,nar,2026-07-29,62.87,84.6,46.7,75.1,59.0,52.8,45,履歴少 / 安定感
202648072902,2026-07-29,2,エコログロス,10.0,7.0,,,,1.0,1.0,名古屋,C10組,15.0,14.0,1新潟7,尖閣湾特別(1勝クラス),6.0,6.0,3新潟4,3歳未勝利,6.0,12.0,1札幌3,3歳未勝利,4.0,14.0,1函館9,3歳未勝利,,,,nar,2026-07-29,60.62,58.9,61.6,40.7,90.5,65.0,45,履歴少 / 近走上向き / 過小評価傾向
202630072902,2026-07-29,2,オカノメモリー,7.0,6.0,近藤翔月,54.0,6.0,8.0,12.0,門別,2歳牝馬未勝利(未勝利),7.0,9.0,門別,北のハードワーカー菊(未勝利)(2歳),7.0,7.0,門別,JRA認定競走フレッ(新馬)(2歳),,,,,,,,,189.9,8.0,,nar,2026-07-29,47.67,48.8,66.0,0.0,44.0,60.0,45,履歴少 / 人気以上に走る傾向
202630072902,2026-07-29,2,オギフシノネガイ,9.0,7.0,亀井洋司,55.0,4.0,11.0,11.0,門別,JRA認定競走アタッ(未勝利)(2歳),8.0,7.0,門別,JRA認定競走アタッ(未勝利)(2歳),5.0,6.0,門別,JRA認定競走フレッ(新馬)(2歳),,,,,,,,,105.8,7.0,,nar,2026-07-29,40.37,40.6,49.5,19.8,23.0,53.5,45,履歴少
202645072902,2026-07-29,2,オンナユメラク,6.0,5.0,古岡勇樹,54.0,9.0,3.0,2.0,川崎,ランポ賞(3歳),5.0,1.0,川崎,雲雀賞(3歳),1.0,1.0,川崎,3歳6,2.0,4.0,川崎,川崎デビュー新馬(3歳),,,,,2.9,1.0,,nar,2026-07-29,62.05,84.4,42.1,89.7,48.0,52.1,45,履歴少 / 安定感
202645072902,2026-07-29,2,オーバーユー,11.0,8.0,本田紀忠,56.0,12.0,8.0,7.0,川崎,燕賞(3歳),6.0,12.0,川崎,小千鳥賞(3歳),7.0,10.0,浦和,ランチタイム(3歳),10.0,14.0,川崎,アウラー賞(3歳),11.0,12.0,浦和,3歳二,269.7,12.0,,nar,2026-07-29,48.22,44.8,67.3,0.0,53.0,62.0,45,履歴少 / 人気以上に走る傾向
202648072902,2026-07-29,2,カフジキームン,4.0,4.0,大原浩司,55.0,11.0,9.0,12.0,名古屋,C7組,9.0,11.0,名古屋,恋路ヶ浜賞(C),10.0,11.0,名古屋,C5組,11.0,12.0,名古屋,C5組,11.0,11.0,名古屋,C6組,80.4,10.0,,nar,2026-07-29,42.99,30.4,62.3,0.0,57.5,58.1,45,履歴少
202650072902,2026-07-29,2,カラツノ,4.0,4.0,杉浦健太,57.0,5.0,6.0,3.0,園田,C3三,9.0,9.0,園田,C3一,7.0,8.0,姫路,C2三,10.0,6.0,姫路,C2三,7.0,10.0,姫路,C2三,24.5,8.0,,nar,2026-07-29,43.21,46.9,43.1,0.0,63.5,54.3,45,履歴少 / 市場オッズ妙味
202630072902,2026-07-29,2,キモサベ,8.0,6.0,小野楓馬,55.0,7.0,5.0,1.0,門別,2歳牝馬未勝利(未勝利),3.0,4.0,門別,日高町の地酒「縁」と(未勝利)(2歳),4.0,7.0,門別,JRA認定競走フレッ(新馬)(2歳),,,,,,,,,14.3,4.0,,nar,2026-07-29,59.29,75.4,46.5,75.1,41.0,61.3,45,履歴少 / 安定感 / 市場オッズ妙味
202650072902,2026-07-29,2,キンショーグローレ,6.0,6.0,廣瀬航,57.0,4.0,8.0,10.0,園田,C3二,5.0,4.0,園田,C3,7.0,5.0,園田,C3,10.0,8.0,園田,C3一,8.0,9.0,園田,榎列小榎列7ハロンC(C2),8.9,5.0,,nar,2026-07-29,46.66,49.2,48.4,24.9,47.0,58.0,45,履歴少
202645072902,2026-07-29,2,グラズヘイム,12.0,8.0,野畑凌,56.0,7.0,7.0,4.0,川崎,燕賞(3歳),4.0,4.0,川崎,郭公賞(3歳),12.0,3.0,川崎,尉鶲賞(3歳),1.0,2.0,川崎,2026幕開け賞(3歳),3.0,3.0,川崎,2歳6,26.9,9.0,,nar,2026-07-29,46.56,60.4,32.2,49.8,38.0,49.1,45,履歴少 / 市場オッズ妙味
202648072902,2026-07-29,2,グランリッジライン,6.0,5.0,小笠原羚,54.0,4.0,3.0,2.0,名古屋,C8組,2.0,4.0,名古屋,金シャチ最終戦(C),7.0,9.0,名古屋,碧南特別(C),6.0,3.0,名古屋,八曽山特別(C),3.0,7.0,名古屋,C16組,2.1,1.0,,nar,2026-07-29,61.54,76.2,54.0,65.7,59.0,55.8,45,履歴少 / 安定感
202650072902,2026-07-29,2,ゴールドプレミアム,3.0,3.0,南部楓馬,54.0,2.0,7.0,2.0,園田,C3一,2.0,3.0,園田,C3二,3.0,4.0,園田,C3三,5.0,2.0,園田,C3二,6.0,7.0,園田,C3一,3.7,2.0,,nar,2026-07-29,52.42,71.5,40.1,59.3,32.0,52.3,45,履歴少
202650072902,2026-07-29,2,シュタイナー,1.0,1.0,高畑皓一,57.0,9.0,9.0,10.0,園田,C3三,10.0,10.0,園田,C3一,6.0,4.0,園田,C3三,9.0,8.0,園田,C3二,4.0,6.0,園田,C3三,208.8,10.0,,nar,2026-07-29,41.93,42.9,49.8,10.3,39.5,53.5,45,履歴少
202650072902,2026-07-29,2,シュライフェ,2.0,2.0,長尾翼玖,55.0,1.0,3.0,7.0,園田,C3三,7.0,6.0,園田,C3二,7.0,10.0,園田,C3二,9.0,9.0,園田,C3一,9.0,8.0,園田,C3一,20.4,7.0,,nar,2026-07-29,56.7,57.7,60.2,30.4,80.0,59.5,45,履歴少 / 近走上向き / 市場オッズ妙味
202650072902,2026-07-29,2,シンプウコエド,8.0,7.0,新庄海誠,57.0,3.0,3.0,4.0,園田,C3三,3.0,6.0,園田,C3二,9.0,4.0,園田,C3二,4.0,9.0,園田,C3二,5.0,9.0,園田,C3二,5.0,3.0,,nar,2026-07-29,64.54,71.7,58.4,80.2,63.5,62.0,45,履歴少 / 安定感
202648072902,2026-07-29,2,ジャストハンマー,5.0,5.0,加藤誓二,55.0,7.0,9.0,7.0,名古屋,咲来、弥憂、お誕生日(C),12.0,7.0,名古屋,金シャチ最終戦777(C),4.0,10.0,名古屋,C6組,9.0,12.0,名古屋,C6組,10.0,10.0,名古屋,C9組,124.7,11.0,,nar,2026-07-29,42.36,37.1,48.4,19.8,48.5,54.8,45,履歴少
202650072902,2026-07-29,2,ジョウショータイプ,10.0,8.0,渡瀬和幸,55.0,10.0,6.0,5.0,園田,C3二,9.0,9.0,園田,C3一,10.0,9.0,園田,C3一,8.0,5.0,園田,C3一,5.0,5.0,園田,C2,3.1,1.0,,nar,2026-07-29,43.75,46.2,43.4,10.3,62.0,51.6,45,履歴少
202645072902,2026-07-29,2,ジーカンピオーネ,5.0,5.0,佐野遥久,54.0,4.0,9.0,10.0,川崎,アウラー賞(3歳),7.0,12.0,浦和,ツインメイト特別(3歳),7.0,5.0,川崎,黄連雀賞(3歳),7.0,10.0,川崎,アクアマリンフラワー(3歳),6.0,11.0,浦和,ツインホープ特別(3歳),23.1,8.0,,nar,2026-07-29,46.83,48.0,64.8,0.0,36.5,64.1,45,履歴少 / 市場オッズ妙味
202648072902,2026-07-29,2,スイングボーイ,11.0,8.0,大畑慧悟,57.0,2.0,9.0,5.0,名古屋,金シャチ最終戦777(C),5.0,8.0,名古屋,C6組,8.0,6.0,名古屋,C6組,8.0,7.0,名古屋,C8組,9.0,5.0,名古屋,C9組,10.9,5.0,,nar,2026-07-29,42.8,46.7,40.0,24.9,41.0,55.0,45,履歴少
202645072902,2026-07-29,2,スターバロン,1.0,1.0,木間塚龍,56.0,8.0,6.0,7.0,浦和,3歳　未格付,1.0,3.0,浦和,ランチタイム(3歳),,,浦和,浦和800ラウンド(3歳),9.0,9.0,浦和,3歳四,9.0,11.0,浦和,浦和800ラウンド(2歳),50.8,11.0,,nar,2026-07-29,54.09,65.0,58.8,24.9,52.0,57.6,45,履歴少
202630072902,2026-07-29,2,セブンスキメラ,5.0,5.0,松井伸也,55.0,10.0,8.0,8.0,門別,JRA認定競走アタッ(未勝利)(2歳),9.0,8.0,門別,JRA認定競走フレッ(新馬)(2歳),,,,,,,,,,,,,695.4,12.0,,nar,2026-07-29,41.24,40.2,43.8,18.0,48.8,49.7,45,履歴少 / サンプル少
202650072902,2026-07-29,2,タフトテソーロ,9.0,8.0,小谷周平,57.0,7.0,5.0,6.0,園田,C3,9.0,7.0,園田,粟生スプリントC3,7.0,6.0,園田,C3一,4.0,4.0,園田,C3,4.0,7.0,園田,笑原スプリントC3,6.4,4.0,,nar,2026-07-29,54.4,58.9,49.4,55.3,56.0,58.6,45,履歴少
202630072902,2026-07-29,2,ダブルデコイ,11.0,8.0,藤田凌駕,53.0,9.0,7.0,6.0,門別,2歳未勝利(未勝利),7.0,6.0,門別,日高町の地酒「縁」と(未勝利)(2歳),7.0,4.0,門別,JRA認定競走アタッ(未勝利)(2歳),5.0,4.0,門別,JRA認定競走フレッ(新馬)(2歳),,,,,350.8,10.0,,nar,2026-07-29,43.45,54.6,39.9,14.6,46.0,48.6,45,履歴少
202630072902,2026-07-29,2,ツムギノワンワン,2.0,2.0,黒澤愛斗,55.0,12.0,12.0,12.0,門別,2歳牝馬未勝利(未勝利),8.0,9.0,門別,JRA認定競走フレッ(新馬)(2歳),,,,,,,,,,,,,492.9,11.0,,nar,2026-07-29,38.19,32.5,47.2,18.0,32.3,51.5,45,履歴少 / サンプル少
202645072902,2026-07-29,2,テンノウズアイル,10.0,7.0,中山遥人,53.0,5.0,1.0,8.0,川崎,3歳6,9.0,5.0,川崎,3歳6,9.0,5.0,川崎,3歳6,2.0,3.0,川崎,3歳6,4.0,8.0,川崎,おみくじ賞(3歳),22.0,7.0,,nar,2026-07-29,61.47,67.8,56.3,55.3,80.0,58.9,45,履歴少 / 近走上向き / 市場オッズ妙味
202630072902,2026-07-29,2,ハクアイレーヴ,10.0,7.0,阿部龍,55.0,2.0,6.0,1.0,門別,北のハードワーカー菊(未勝利)(2歳),2.0,1.0,門別,日高町の地酒「縁」と(未勝利)(2歳),3.0,4.0,門別,JRA認定競走アタッ(未勝利)(2歳),2.0,4.0,門別,JRA認定競走アタッ(未勝利)(2歳),3.0,6.0,門別,JRA認定競走フレッ(新馬)(2歳),4.1,3.0,,nar,2026-07-29,56.91,79.9,43.2,69.6,29.0,56.0,45,履歴少 / 安定感
202645072902,2026-07-29,2,ヒマワリシャワー,4.0,4.0,新原周馬,56.0,1.0,4.0,8.0,川崎,燕賞(3歳),9.0,9.0,川崎,郭公賞(3歳),6.0,9.0,川崎,連翹賞(3歳),10.0,5.0,川崎,尉鶲賞(3歳),7.0,7.0,川崎,初夢賞(3歳),19.5,6.0,,nar,2026-07-29,54.69,53.4,57.6,30.4,74.0,63.5,45,履歴少 / 近走上向き / 市場オッズ妙味
202645072902,2026-07-29,2,ピエスポリード,2.0,2.0,町田直希,56.0,3.0,7.0,4.0,川崎,珠鷸賞(3歳),3.0,4.0,川崎,シャイニングトレジャ(2歳),5.0,7.0,川崎,シャイニングヒーロー(2歳),7.0,9.0,川崎,初陣(OP)(2歳),1.0,1.0,川崎,スパーキングデビュー(2歳),8.9,5.0,,nar,2026-07-29,54.53,68.1,50.2,55.0,32.0,60.6,45,履歴少
202630072902,2026-07-29,2,フォンミー,1.0,1.0,小川悠汰,52.0,8.0,10.0,8.0,門別,2歳牝馬未勝利(未勝利),8.0,4.0,門別,JRA認定競走フレッ(新馬)(2歳),,,,,,,,,,,,,248.0,9.0,,nar,2026-07-29,36.36,37.4,34.3,18.0,38.9,45.2,45,履歴少 / サンプル少
202648072902,2026-07-29,2,ブリリアントギフト,9.0,7.0,木之前葵,53.0,6.0,8.0,4.0,名古屋,咲来、弥憂、お誕生日(C),10.0,6.0,名古屋,金シャチ最終戦777(C),9.0,3.0,名古屋,C5組,4.0,8.0,名古屋,C8組,7.0,10.0,名古屋,C9組,33.8,7.0,,nar,2026-07-29,39.23,43.9,32.5,14.6,47.0,51.8,45,履歴少 / 市場オッズ妙味
202645072902,2026-07-29,2,ブルーオーシャン,3.0,3.0,藤田凌,56.0,2.0,5.0,3.0,川崎,ランポ賞(3歳),6.0,3.0,川崎,郭公賞(3歳),1.0,1.0,川崎,3歳7,6.0,6.0,川崎,スミナガシ賞(2歳),4.0,3.0,川崎,アゲハチョウ賞(2歳),5.1,3.0,,nar,2026-07-29,54.35,72.0,39.8,60.5,45.5,53.0,45,履歴少 / 安定感
202645072902,2026-07-29,2,マロンデプティ,7.0,6.0,和田譲治,54.0,10.0,3.0,1.0,川崎,ブリーズ賞(3歳),2.0,4.0,川崎,3歳6,3.0,4.0,浦和,3歳五,6.0,4.0,川崎,3歳7,6.0,8.0,川崎,迦陵頻伽賞(3歳),6.2,4.0,,nar,2026-07-29,63.0,80.0,50.0,75.1,57.5,58.4,45,履歴少 / 安定感
202648072902,2026-07-29,2,ミステンザン,12.0,8.0,近藤颯羽,52.0,3.0,11.0,7.0,名古屋,C8組,8.0,6.0,名古屋,しゅんさや結婚記念(C),4.0,3.0,名古屋,C10組,1.0,2.0,名古屋,星香20代最後の第4(C),2.0,1.0,名古屋,C25組,7.7,4.0,,nar,2026-07-29,42.8,56.2,36.9,44.7,6.5,54.1,45,履歴少
202648072902,2026-07-29,2,ミッシュマッシュ,3.0,3.0,渡辺竜也,55.0,5.0,4.0,6.0,名古屋,金シャチ最終戦777(C),7.0,6.0,名古屋,C8組,3.0,5.0,名古屋,C9組,10.0,5.0,名古屋,金シャチ最終戦(C),3.0,5.0,名古屋,C17組,6.5,3.0,,nar,2026-07-29,57.84,65.4,51.6,60.5,60.5,58.0,45,履歴少 / 安定感
202648072902,2026-07-29,2,メイショウトサンコ,2.0,2.0,今井貴大,57.0,10.0,11.0,8.0,名古屋,C7組,6.0,9.0,名古屋,金シャチ最終戦(C),6.0,3.0,名古屋,C6組,6.0,3.0,名古屋,C9組,3.0,6.0,名古屋,C12組,35.3,9.0,,nar,2026-07-29,39.81,50.3,43.8,10.3,15.5,54.3,45,履歴少 / 市場オッズ妙味
202650072902,2026-07-29,2,メイプルドレフォン,7.0,7.0,山田雄大,57.0,6.0,3.0,3.0,園田,C3四,8.0,5.0,園田,C3二,6.0,6.0,園田,C3二,3.0,1.0,園田,C3三,8.0,10.0,園田,榊町7ハロンC3二,12.2,6.0,,nar,2026-07-29,55.3,65.2,44.2,45.0,69.5,58.7,45,履歴少 / 近走上向き / 市場オッズ妙味
202650072902,2026-07-29,2,メルクーア,5.0,5.0,塩津璃菜,51.0,8.0,9.0,9.0,園田,C3二,2.0,2.0,園田,C3二,4.0,5.0,園田,C3二,8.0,5.0,園田,C3三,3.0,4.0,園田,C3三,37.3,9.0,,nar,2026-07-29,51.16,64.0,49.0,55.0,21.5,55.6,45,履歴少 / 市場オッズ妙味
202630072902,2026-07-29,2,モズプリーズゴー,4.0,4.0,岩橋勇二,55.0,5.0,6.0,3.0,門別,2歳牝馬未勝利(未勝利),2.0,4.0,門別,2歳牝馬未勝利(未勝利),4.0,3.0,門別,2歳未勝利(未勝利),7.0,7.0,門別,JRA認定競走フレッ(新馬)(2歳),,,,,35.4,6.0,,nar,2026-07-29,53.08,71.1,45.2,44.7,40.0,54.7,45,履歴少 / 市場オッズ妙味
202648072902,2026-07-29,2,モンサンフリージア,7.0,6.0,加藤聡一,55.0,1.0,3.0,3.0,名古屋,咲来、弥憂、お誕生日(C),3.0,3.0,名古屋,金シャチ最終戦(C),2.0,3.0,名古屋,C11組,4.0,5.0,名古屋,C18組,8.0,7.0,名古屋,C20組,3.8,2.0,,nar,2026-07-29,64.93,80.3,51.7,89.7,57.5,56.3,45,履歴少 / 安定感
202648072902,2026-07-29,2,ラブミーエール,1.0,1.0,丹羽克輝,55.0,8.0,8.0,11.0,名古屋,名古屋モーニングフィ(C),14.0,10.0,船橋,ジョッキーズチャンピ(C3),10.0,11.0,川崎,C3一　二,6.0,9.0,船橋,C3二,8.0,11.0,船橋,C3三,35.1,8.0,,nar,2026-07-29,42.47,32.2,56.0,0.0,59.0,60.2,45,履歴少 / 市場オッズ妙味
202648072902,2026-07-29,2,リコークルセーダー,8.0,6.0,細川智史,55.0,9.0,1.0,4.0,名古屋,金シャチ最終戦(C),8.0,7.0,名古屋,C12組,2.0,4.0,名古屋,金シャチ最終戦(C),9.0,4.0,名古屋,星香20代最後の第4(C),6.0,7.0,名古屋,C21組,22.6,6.0,,nar,2026-07-29,60.78,71.0,53.0,50.2,81.5,56.3,45,履歴少 / 近走上向き / 市場オッズ妙味
202645072902,2026-07-29,2,リュウノアーチスト,8.0,6.0,佐藤翔馬,51.0,6.0,9.0,5.0,川崎,燕賞(3歳),3.0,10.0,川崎,郭公賞(3歳),5.0,6.0,浦和,3歳四,6.0,7.0,川崎,3歳5,4.0,12.0,浦和,ランチタイム(3歳),49.3,10.0,,nar,2026-07-29,55.12,61.9,61.9,55.0,23.0,64.8,45,履歴少 / 市場オッズ妙味
202630072902,2026-07-29,2,ロックジール,6.0,5.0,桑村真明,55.0,11.0,5.0,5.0,門別,2歳牝馬未勝利(未勝利),4.0,6.0,門別,JRA認定競走フレッ(新馬)(2歳),,,門別,JRA認定競走フレッ(新馬)(2歳),,,,,,,,,14.6,5.0,,nar,2026-07-29,51.63,57.4,49.0,48.4,42.2,60.3,45,履歴少 / サンプル少 / 市場オッズ妙味
202630072902,2026-07-29,2,ローマンリープ,12.0,8.0,宮内勇樹,55.0,3.0,4.0,3.0,門別,JRA認定競走アタッ(未勝利)(2歳),2.0,1.0,門別,JRA認定競走フレッ(新馬)(2歳),,,,,,,,,,,,,2.3,1.0,,nar,2026-07-29,49.67,63.8,41.6,48.4,38.9,48.8,45,履歴少 / サンプル少
202648072903,2026-07-29,3,アオイアイ,6.0,5.0,塚本征吾,55.0,3.0,4.0,4.0,名古屋,C7組,1.0,1.0,名古屋,C19組,12.0,4.0,名古屋,八曽山特別(C),1.0,1.0,名古屋,C29組,10.0,6.0,名古屋,C18組,5.4,3.0,,nar,2026-07-29,54.9,67.9,36.0,69.9,62.0,49.4,45,履歴少 / 安定感
202648072903,2026-07-29,3,アスプロガイア,8.0,6.0,今井貴大,55.0,8.0,11.0,2.0,名古屋,C6組,3.0,2.0,名古屋,金シャチ最終戦(C),8.0,5.0,名古屋,C7組,9.0,3.0,名古屋,C11組,1.0,1.0,名古屋,C21組,40.4,6.0,,nar,2026-07-29,35.63,51.3,18.8,35.3,15.5,44.0,45,履歴少 / 市場オッズ妙味
202650072903,2026-07-29,3,アルファチューン,1.0,1.0,田野豊三,55.0,5.0,,,,,,,,,,,,,,,,,,,,,31.3,5.0,,nar,2026-07-29,36.0,35.0,35.0,35.0,35.0,35.0,45,履歴少
202630072903,2026-07-29,3,アーススカイ,1.0,1.0,小川悠汰,54.0,10.0,7.0,8.0,門別,うらかわ馬フェスタ2(C4),9.0,7.0,門別,3歳以上C4ー3,7.0,12.0,門別,グランシャリオドリー(C4),6.0,6.0,門別,3歳以上C4ー3,3.0,7.0,門別,3歳以上C4ー3,399.6,12.0,,nar,2026-07-29,48.14,52.5,58.4,10.3,45.5,58.7,45,履歴少
202645072903,2026-07-29,3,インフェルレーヴ,2.0,2.0,岡村裕基,56.0,6.0,6.0,8.0,川崎,赤翡翠賞(3歳),9.0,10.0,川崎,三光鳥賞(3歳),5.0,3.0,川崎,大瑠璃賞(3歳),4.0,7.0,浦和,3歳二,3.0,6.0,川崎,黄連雀賞(3歳),63.3,8.0,,nar,2026-07-29,54.4,60.4,58.5,44.7,45.5,58.1,45,履歴少
202648072903,2026-07-29,3,エストソール,4.0,4.0,加藤誓二,55.0,10.0,8.0,4.0,名古屋,金シャチ最終戦777(C),4.0,4.0,名古屋,伊良湖疾風戦(C),4.0,4.0,名古屋,しゅんさや結婚記念(C),10.0,5.0,名古屋,C8組,3.0,3.0,名古屋,C14組,45.5,7.0,,nar,2026-07-29,47.74,60.1,36.4,55.0,33.5,50.5,45,履歴少 / 市場オッズ妙味
202645072903,2026-07-29,3,エリンフレーム,6.0,6.0,野畑凌,54.0,1.0,3.0,2.0,川崎,燕賞(3歳),15.0,6.0,2東京11,3歳未勝利,12.0,4.0,2東京5,3歳未勝利,2.0,9.0,3中山8,3歳未勝利,5.0,7.0,2中山7,3歳未勝利,2.5,2.0,,nar,2026-07-29,48.49,48.4,29.7,55.3,83.0,48.0,45,履歴少 / 近走上向き
202630072903,2026-07-29,3,エンパイアドリーム,4.0,4.0,松井伸也,55.0,6.0,,,,,,,,,,,,,,,,,,,,,44.0,7.0,,nar,2026-07-29,36.0,35.0,35.0,35.0,35.0,35.0,45,履歴少
202645072903,2026-07-29,3,オーサムジェンヌ,3.0,3.0,藤本現暉,54.0,4.0,4.0,6.0,川崎,三光鳥賞(3歳),2.0,3.0,浦和,3歳三,10.0,5.0,船橋,3歳二,5.0,3.0,川崎,羽根つき賞(3歳),1.0,1.0,川崎,スパーキングデビュー(2歳),7.7,3.0,,nar,2026-07-29,59.74,71.8,47.0,80.2,53.0,56.1,45,履歴少 / 安定感
202645072903,2026-07-29,3,キチョウ,4.0,4.0,張田昂,54.0,8.0,8.0,7.0,川崎,赤翡翠賞(3歳),5.0,6.0,川崎,小千鳥賞(3歳),10.0,9.0,船橋,3歳二,3.0,13.0,川崎,アウラー賞(3歳),10.0,3.0,川崎,3歳5,43.6,7.0,,nar,2026-07-29,49.68,51.0,53.4,39.5,44.0,57.6,45,履歴少 / 市場オッズ妙味
202630072903,2026-07-29,3,クインズタンポポ,12.0,8.0,藤田凌駕,53.0,1.0,2.0,2.0,門別,3歳以上C4ー3,3.0,5.0,門別,3歳以上C4ー3,,,,,,,,,,,,,2.2,2.0,,nar,2026-07-29,53.88,66.6,49.0,48.4,48.8,52.2,45,履歴少 / サンプル少
202648072903,2026-07-29,3,クールマーロウ,10.0,7.0,丹羽克輝,57.0,5.0,1.0,7.0,名古屋,金シャチ最終戦777(C),5.0,8.0,名古屋,C10組,10.0,8.0,名古屋,C12組,2.0,10.0,名古屋,C14組,5.0,6.0,名古屋,星香20代最後の第4(C),76.0,8.0,,nar,2026-07-29,70.64,73.3,74.1,80.2,77.0,63.9,45,履歴少 / 人気以上に走る傾向 / 近走上向き / 安定感
202645072903,2026-07-29,3,グローバルサウス,1.0,1.0,古岡勇樹,56.0,5.0,10.0,10.0,川崎,赤翡翠賞(3歳),12.0,13.0,川崎,三光鳥賞(3歳),9.0,6.0,川崎,大瑠璃賞(3歳),10.0,8.0,川崎,初夢賞(3歳),1.0,2.0,川崎,スパイダー賞(2歳),91.5,9.0,,nar,2026-07-29,37.87,33.0,46.3,10.3,38.0,51.5,45,履歴少
202630072903,2026-07-29,3,コユキチャン,9.0,7.0,黒澤愛斗,55.0,9.0,3.0,5.0,門別,3歳以上C4ー3,3.0,6.0,門別,3歳以上C4ー3,5.0,7.0,門別,日高沙流川オートキャ(C4),4.0,8.0,門別,3歳以上C4ー3,10.0,8.0,門別,3歳以上C4ー3,14.6,4.0,,nar,2026-07-29,68.74,73.9,64.9,89.7,65.0,67.3,45,履歴少 / 近走上向き / 安定感 / 過小評価傾向
202645072903,2026-07-29,3,シージャムブルース,5.0,5.0,矢野貴之,56.0,2.0,2.0,1.0,川崎,燕賞(3歳),7.0,6.0,船橋,アクアマリンC(3歳未格),5.0,1.0,川崎,尉鶲賞(3歳),4.0,1.0,川崎,初夢賞(3歳),1.0,1.0,川崎,スパーキングデビュー(2歳),1.8,1.0,,nar,2026-07-29,57.89,75.8,37.5,75.1,63.5,46.7,45,履歴少 / 安定感
202648072903,2026-07-29,3,セルリアンドロップ,11.0,8.0,大畑雅章,57.0,4.0,3.0,5.0,名古屋,C7組,8.0,4.0,名古屋,弥紗ちゃん誕生日おめ(C),3.0,2.0,名古屋,桜湯賞(C),5.0,2.0,名古屋,C8組,2.0,2.0,名古屋,"1,700m戦中川運(C)",6.9,4.0,,nar,2026-07-29,58.78,72.5,42.8,75.1,59.0,54.3,45,履歴少 / 安定感
202648072903,2026-07-29,3,ダイユウハミルトン,3.0,3.0,細川智史,57.0,11.0,12.0,8.0,名古屋,田原特別(C),10.0,2.0,名古屋,三ヶ根山特別(C),15.0,14.0,1東京6,4歳以上1勝クラス,8.0,9.0,3新潟1,3歳以上1勝クラス,12.0,12.0,2新潟3,五頭連峰特別(1勝クラス),176.0,11.0,,nar,2026-07-29,28.0,18.3,27.2,0.0,45.5,45.7,45,履歴少
202650072903,2026-07-29,3,チャーミングナイト,2.0,2.0,杉浦健太,56.0,1.0,,,,,,,,,,,,,,,,,,,,,2.5,2.0,,nar,2026-07-29,36.0,35.0,35.0,35.0,35.0,35.0,45,履歴少
202648072903,2026-07-29,3,トッピゴー,12.0,8.0,山田祥雄,57.0,1.0,2.0,1.0,名古屋,みなみのうお座特別(B),2.0,1.0,名古屋,B3組,5.0,1.0,名古屋,B4組,14.0,6.0,2小倉4,3歳以上1勝クラス,5.0,7.0,3阪神3,3歳以上1勝クラス,1.7,1.0,,nar,2026-07-29,58.32,71.4,33.9,85.4,77.0,44.5,45,履歴少 / 近走上向き / 安定感
202650072903,2026-07-29,3,トレーサー,4.0,4.0,小牧太,55.0,3.0,,,,,,,,,,,,,,,,,,,,,4.6,3.0,,nar,2026-07-29,36.0,35.0,35.0,35.0,35.0,35.0,45,履歴少
202648072903,2026-07-29,3,ノヴァエスペランサ,7.0,6.0,渡辺竜也,57.0,2.0,5.0,7.0,名古屋,C7組,,,名古屋,金シャチ最終戦(C),11.0,6.0,名古屋,C3組,10.0,2.0,名古屋,C4組,6.0,1.0,名古屋,アジア・アジアパラ応(C),31.1,5.0,,nar,2026-07-29,43.49,46.5,30.8,30.4,74.0,43.3,45,履歴少 / 近走上向き / 市場オッズ妙味
202650072903,2026-07-29,3,ビバムチャチョ,5.0,5.0,笹田知宏,56.0,4.0,,,,,,,,,,,,,,,,,,,,,9.8,4.0,,nar,2026-07-29,36.0,35.0,35.0,35.0,35.0,35.0,45,履歴少
202645072903,2026-07-29,3,ピカレスクヒーロー,8.0,8.0,佐野遥久,56.0,7.0,5.0,9.0,川崎,赤翡翠賞(3歳),8.0,10.0,川崎,頬白賞(3歳),6.0,5.0,浦和,若草特別(3歳),7.0,3.0,川崎,連翹賞(3歳),2.0,6.0,川崎,尉鶲賞(3歳),25.6,6.0,,nar,2026-07-29,55.49,60.6,59.4,40.7,54.5,59.5,45,履歴少 / 市場オッズ妙味
202630072903,2026-07-29,3,フジノアルファ,11.0,8.0,渡辺準己,54.0,5.0,9.0,10.0,門別,3歳以上C4ー3,10.0,9.0,門別,湧別サロマ湖関野剛平(C4),7.0,10.0,門別,渓流の女王ヤマベ賞(C4),5.0,5.0,門別,3歳条件未勝利(未勝利),7.0,9.0,門別,3歳条件未勝利(未勝利),198.6,10.0,,nar,2026-07-29,44.55,43.5,56.0,14.6,39.5,56.8,45,履歴少
202648072903,2026-07-29,3,フランキンローズ,9.0,7.0,阪野学,55.0,9.0,10.0,9.0,名古屋,C6組,3.0,12.0,名古屋,金シャチ最終戦777(C),9.0,9.0,名古屋,C6組,11.0,10.0,名古屋,C6組,5.0,6.0,名古屋,C9組,176.0,12.0,,nar,2026-07-29,49.0,46.5,63.3,35.3,32.0,58.7,45,履歴少
202630072903,2026-07-29,3,フルボーグ,2.0,2.0,阿部龍,57.0,2.0,2.0,2.0,門別,3歳以上C4ー3,2.0,2.0,門別,3歳以上C4ー3,3.0,2.0,門別,日高沙流川オートキャ(C4),2.0,6.0,門別,3歳以上C4ー3,8.0,4.0,門別,ゲッケイジュ特別(C4),2.1,1.0,,nar,2026-07-29,65.75,85.5,49.8,89.7,60.5,52.5,45,履歴少 / 安定感
202630072903,2026-07-29,3,ベニノジェネラル,6.0,5.0,若杉朝飛,57.0,8.0,6.0,2.0,門別,グランシャリオドリー(C4),6.0,8.0,門別,湧別サロマ湖関野剛平(C4),7.0,9.0,門別,日高沙流川オートキャ(C4),3.0,9.0,門別,3歳以上C4ー3,7.0,7.0,門別,3歳以上C4ー3,172.6,9.0,,nar,2026-07-29,50.14,61.1,53.9,14.6,48.5,57.4,45,履歴少
202630072903,2026-07-29,3,ベルンホンディエ,5.0,5.0,小野楓馬,57.0,11.0,7.0,6.0,門別,3歳以上C4ー3,3.0,6.0,門別,3歳条件未勝利(未勝利),,,門別,3歳条件未勝利(未勝利),8.0,5.0,門別,2歳未勝利(未勝利),8.0,9.0,門別,2歳未勝利(未勝利),49.4,8.0,,nar,2026-07-29,49.77,59.5,51.0,24.9,46.0,56.3,45,履歴少 / 市場オッズ妙味
202630072903,2026-07-29,3,ポポロン,8.0,6.0,石川倭,55.0,7.0,4.0,4.0,門別,3歳以上C4ー3,7.0,3.0,門別,3歳以上C4ー3,8.0,3.0,門別,日高沙流川オートキャ(C4),3.0,2.0,門別,3歳条件未勝利(未勝利),3.0,3.0,門別,3歳条件未勝利(未勝利),15.1,5.0,,nar,2026-07-29,52.56,65.7,35.1,55.3,57.5,55.1,45,履歴少 / 市場オッズ妙味
202645072903,2026-07-29,3,マイボンド,9.0,8.0,佐藤翔馬,53.0,9.0,4.0,8.0,川崎,珠鷸賞(3歳),2.0,11.0,川崎,郭公賞(3歳),9.0,11.0,浦和,初夏特別(3歳),9.0,10.0,川崎,ブリーズ賞(3歳),8.0,8.0,川崎,招福特別(3歳),19.8,4.0,,nar,2026-07-29,65.81,62.9,78.0,55.3,68.0,72.6,45,履歴少 / 人気以上に走る傾向 / 近走上向き / 過小評価傾向
202645072903,2026-07-29,3,ミオサンダー,7.0,7.0,増田充宏,54.0,3.0,3.0,5.0,川崎,珠鷸賞(3歳),11.0,9.0,川崎,小千鳥賞(3歳),7.0,9.0,川崎,シャイニングドリーム(OP)(2歳),10.0,11.0,川崎,ローレル賞(重賞),6.0,10.0,浦和,デビュタント賞(2歳),22.0,5.0,,nar,2026-07-29,54.71,51.1,57.4,30.4,83.0,60.9,45,履歴少 / 近走上向き / 市場オッズ妙味
202630072903,2026-07-29,3,ミスカノヤローザ,7.0,6.0,岩橋勇二,55.0,3.0,,,,,,,,,,,,,,,,,,,,,10.8,3.0,,nar,2026-07-29,36.0,35.0,35.0,35.0,35.0,35.0,45,履歴少
202630072903,2026-07-29,3,モーモーインディゴ,3.0,3.0,吉本隆記,57.0,12.0,8.0,8.0,門別,3歳以上C4ー3,10.0,10.0,門別,3歳以上C4ー3,9.0,9.0,門別,3歳以上C4ー3,8.0,9.0,門別,3歳条件未勝利(未勝利),7.0,7.0,門別,3歳条件未勝利(未勝利),282.2,11.0,,nar,2026-07-29,41.68,39.3,51.0,0.0,53.0,54.1,45,履歴少
202630072903,2026-07-29,3,リコージュピター,10.0,7.0,落合玄太,55.0,4.0,10.0,5.0,門別,3歳以上C4ー3,5.0,6.0,門別,湧別サロマ湖関野剛平(C4),8.0,7.0,門別,推しウマ探せ!おひさ(C4),5.0,5.0,門別,3歳条件未勝利(未勝利),3.0,6.0,門別,3歳条件未勝利(未勝利),17.0,6.0,,nar,2026-07-29,46.39,52.8,41.9,49.8,21.5,60.8,45,履歴少 / 市場オッズ妙味
202648072903,2026-07-29,3,レイナティア,1.0,1.0,小笠原羚,54.0,6.0,2.0,1.0,名古屋,咲来、弥憂、お誕生日(C),2.0,3.0,名古屋,C8組,5.0,1.0,名古屋,C9組,7.0,6.0,名古屋,尾張名古屋杯(C),2.0,5.0,名古屋,C11組,4.2,2.0,,nar,2026-07-29,63.52,81.4,45.2,85.4,62.0,54.8,45,履歴少 / 安定感
202648072903,2026-07-29,3,レーヴエスポワール,2.0,2.0,加藤聡一,55.0,7.0,5.0,3.0,名古屋,C6組,5.0,10.0,名古屋,金シャチ最終戦(C),9.0,10.0,名古屋,C3組,8.0,9.0,名古屋,油ヶ淵賞(C),8.0,10.0,名古屋,C5組,76.5,9.0,,nar,2026-07-29,56.66,55.7,58.3,55.3,65.0,58.1,45,履歴少 / 近走上向き
202650072903,2026-07-29,3,ロックオンドーロ,3.0,3.0,吉村智洋,56.0,2.0,,,,,,,,,,,,,,,,,,,,,1.9,1.0,,nar,2026-07-29,36.0,35.0,35.0,35.0,35.0,35.0,45,履歴少
202648072903,2026-07-29,3,ローゼオ,5.0,5.0,柿原翔,57.0,12.0,5.0,11.0,名古屋,金シャチ最終戦777(C),8.0,12.0,名古屋,C級6組,10.0,11.0,名古屋,初蛍賞(C),11.0,8.0,名古屋,C7組,4.0,8.0,名古屋,C11組,148.4,10.0,,nar,2026-07-29,56.76,47.9,71.0,40.7,69.5,61.3,45,履歴少 / 人気以上に走る傾向 / 近走上向き
202645072904,2026-07-29,4,アイビーペネロペ,3.0,3.0,古岡勇樹,54.0,7.0,4.0,4.0,川崎,天衣無縫賞(2歳),4.0,4.0,川崎,スパーキングデビュー(2歳),,,,,,,,,,,,,129.4,7.0,,nar,2026-07-29,50.52,59.8,45.5,48.4,45.5,50.6,45,履歴少 / サンプル少
202650072904,2026-07-29,4,アルザード,4.0,4.0,塩津璃菜,53.0,9.0,7.0,3.0,園田,C3,11.0,12.0,園田,五郷海老済7ハロンC(C2),7.0,7.0,園田,C2,9.0,8.0,園田,C2,9.0,10.0,園田,C2二,373.9,9.0,,nar,2026-07-29,40.67,40.0,42.9,0.0,62.0,51.5,45,履歴少
202650072904,2026-07-29,4,アルマカン,3.0,3.0,吉村智洋,56.0,1.0,2.0,5.0,園田,C3二,2.0,2.0,園田,3歳C2,4.0,7.0,園田,3歳C2,6.0,2.0,園田,3歳C2,3.0,3.0,園田,NewBeginni(初出),2.0,1.0,,nar,2026-07-29,66.49,83.3,56.4,85.4,60.5,54.3,45,履歴少 / 安定感
202630072904,2026-07-29,4,アーススカーレット,4.0,4.0,坂下秀樹,57.0,9.0,11.0,12.0,門別,3歳以上C4ー3,12.0,12.0,門別,3歳以上C4ー3,11.0,12.0,門別,3歳以上C4ー3,8.0,8.0,門別,3歳以上C4ー3,10.0,11.0,門別,3歳以上C4ー3,329.9,9.0,,nar,2026-07-29,36.99,22.3,54.2,0.0,45.5,55.5,45,履歴少
202650072904,2026-07-29,4,イッシン,7.0,7.0,杉浦健太,57.0,4.0,4.0,4.0,園田,C3一,8.0,5.0,園田,郷瀬町7ハロンC2二,6.0,10.0,園田,C2二,7.0,5.0,園田,C2三,5.0,7.0,園田,C2二,61.2,7.0,,nar,2026-07-29,53.65,60.5,49.7,40.7,65.0,54.1,45,履歴少 / 近走上向き
202645072904,2026-07-29,4,エヴァルト,7.0,7.0,矢野貴之,54.0,2.0,2.0,2.0,川崎,スパーキングデビュー(2歳),,,,,,,,,,,,,,,,,1.6,1.0,,nar,2026-07-29,43.15,49.9,40.6,36.3,40.6,40.6,45,履歴少 / サンプル少
202650072904,2026-07-29,4,カムフラージュ,9.0,8.0,小谷哲平,54.0,8.0,7.0,10.0,姫路,祝30周年!SPAT(C2),9.0,5.0,姫路,C2二,5.0,1.0,園田,C2二,2.0,2.0,園田,C2三,1.0,1.0,園田,C3三,29.6,6.0,,nar,2026-07-29,49.19,62.0,43.9,44.7,33.5,53.0,45,履歴少 / 市場オッズ妙味
202630072904,2026-07-29,4,コンバットイズモ,7.0,7.0,近藤翔月,54.0,1.0,2.0,3.0,門別,3歳以上C4ー3,2.0,4.0,門別,グランシャリオドリー(C4),5.0,4.0,門別,推しウマ探せ!おひさ(C4),3.0,6.0,門別,3歳条件未勝利(未勝利),9.0,8.0,盛岡,3歳C1二組,1.8,1.0,,nar,2026-07-29,67.02,80.3,56.6,89.7,66.5,55.1,45,履歴少 / 近走上向き / 安定感
202645072904,2026-07-29,4,ゴールドサンデー,4.0,4.0,中越琉世,54.0,4.0,2.0,4.0,川崎,アゲハチョウ賞(2歳),7.0,7.0,川崎,ホタル特別(2歳),5.0,4.0,川崎,スパーキングデビュー(2歳),,,,,,,,,5.3,4.0,,nar,2026-07-29,60.74,72.4,53.8,50.2,74.0,58.2,45,履歴少 / 近走上向き
202645072904,2026-07-29,4,シナノマルス,5.0,5.0,加藤雄真,52.0,6.0,3.0,4.0,川崎,スパーキングデビュー(2歳),,,,,,,,,,,,,,,,,63.5,6.0,,nar,2026-07-29,43.18,48.1,42.2,36.3,40.6,41.7,45,履歴少 / サンプル少
202630072904,2026-07-29,4,ジェイスマイル,3.0,3.0,渡辺準己,54.0,7.0,8.0,10.0,門別,グランシャリオドリー(C4),11.0,11.0,門別,湧別サロマ湖関野剛平(C4),11.0,10.0,門別,推しウマ探せ!おひさ(C4),9.0,12.0,門別,3歳以上C4ー3,12.0,11.0,門別,3歳以上C4ー3,85.3,6.0,,nar,2026-07-29,41.56,28.8,55.2,0.0,66.5,55.5,45,履歴少 / 近走上向き
202630072904,2026-07-29,4,ジュビアデオロ,6.0,6.0,黒澤愛斗,55.0,8.0,11.0,11.0,門別,グランシャリオドリー(C4),12.0,12.0,門別,湧別サロマ湖関野剛平(C4),12.0,11.0,門別,渓流の女王ヤマベ賞(C4),8.0,7.0,門別,3歳条件未勝利(未勝利),8.0,8.0,門別,3歳条件未勝利(未勝利),267.1,7.0,,nar,2026-07-29,34.79,22.4,47.6,0.0,44.0,52.2,45,履歴少
202648072904,2026-07-29,4,ジーティーウンカイ,4.0,4.0,丸山真一,57.0,2.0,2.0,12.0,名古屋,3歳6組,9.0,8.0,名古屋,若芽賞(3歳),11.0,9.0,笠松,漁火特別(3歳),9.0,5.0,笠松,美江寺宿特別(3歳),6.0,2.0,笠松,萌芽特別(3歳),25.1,7.0,,nar,2026-07-29,55.8,52.3,59.8,30.4,90.5,55.6,45,履歴少 / 近走上向き / 市場オッズ妙味
202630072904,2026-07-29,4,スグレタモノガイナ,8.0,8.0,松井伸也,57.0,5.0,5.0,7.0,門別,グランシャリオドリー(C4),7.0,3.0,門別,3歳以上C4ー3,10.0,5.0,門別,ゲッケイジュ特別(C4),7.0,5.0,門別,3歳以上C4ー3,3.0,5.0,門別,グランシャリオドリー(C4),15.9,4.0,,nar,2026-07-29,49.72,55.4,39.8,40.7,60.5,57.2,45,履歴少 / 市場オッズ妙味
202648072904,2026-07-29,4,スターアライズ,6.0,5.0,加藤誓二,55.0,7.0,8.0,11.0,名古屋,名古屋モーニングフィ(3歳),10.0,10.0,名古屋,青嵐賞(3歳),10.0,8.0,名古屋,牛兄、係長でも頑張れ(3歳),11.0,5.0,名古屋,優駿DAYオープニン(3歳),1.0,4.0,名古屋,3歳6組,96.7,10.0,,nar,2026-07-29,41.92,39.1,49.7,10.3,50.0,52.2,45,履歴少
202650072904,2026-07-29,4,スパイウェア,10.0,8.0,永井孝典,57.0,3.0,3.0,2.0,園田,C3三,6.0,1.0,園田,C3,8.0,4.0,姫路,2026ひめじけいば(C2),5.0,1.0,姫路,西夢前台ダッシュC2,1.0,1.0,姫路,C2二,20.6,5.0,,nar,2026-07-29,51.72,69.4,29.5,55.3,62.0,47.2,45,履歴少 / 市場オッズ妙味
202630072904,2026-07-29,4,セイランクロフネ,9.0,8.0,小川悠汰,52.0,3.0,5.0,7.0,門別,3歳以上C4ー3,4.0,6.0,門別,3歳以上C4ー3,6.0,6.0,門別,日高沙流川オートキャ(C4),3.0,3.0,門別,3歳以上C4ー3,6.0,8.0,門別,3歳以上C4ー3,16.2,5.0,,nar,2026-07-29,61.7,69.9,59.2,69.9,48.5,65.8,45,履歴少 / 安定感 / 過小評価傾向 / 市場オッズ妙味
202650072904,2026-07-29,4,タスマンハイウェイ,8.0,7.0,土方颯太,57.0,10.0,10.0,9.0,園田,出雲7ハロンC3一,12.0,12.0,園田,五百蔵7ハロンC2二,12.0,12.0,園田,仁位7ハロンC2二,12.0,11.0,園田,C2二,7.0,7.0,園田,C2四,591.2,10.0,,nar,2026-07-29,35.47,21.0,46.9,0.0,54.5,52.2,45,履歴少
202650072904,2026-07-29,4,タンタンドル,2.0,2.0,小牧太,55.0,5.0,7.0,3.0,園田,C2一,3.0,2.0,園田,C2一,4.0,3.0,姫路,C2一,3.0,1.0,姫路,C2二,2.0,2.0,姫路,C2二,3.4,2.0,,nar,2026-07-29,52.28,73.5,36.3,69.6,26.0,50.0,45,履歴少 / 安定感
202630072904,2026-07-29,4,ダイメイイースター,2.0,2.0,岩橋勇二,55.0,2.0,4.0,7.0,門別,3歳以上C4ー3,8.0,4.0,門別,3歳以上C4ー3,4.0,5.0,門別,推しウマ探せ!おひさ(C4),3.0,3.0,門別,3歳以上C4ー3,6.0,5.0,門別,3歳以上C4ー3,3.3,2.0,,nar,2026-07-29,57.72,67.5,50.1,64.7,57.5,54.4,45,履歴少 / 安定感
202648072904,2026-07-29,4,デパーチャー,5.0,5.0,渡辺竜也,55.0,8.0,5.0,10.0,名古屋,名古屋モーニングフィ(3歳),5.0,9.0,名古屋,3歳4組,7.0,6.0,名古屋,3歳4組,1.0,5.0,名古屋,3歳7組,4.0,4.0,名古屋,3歳7組,6.1,4.0,,nar,2026-07-29,65.33,70.3,70.3,80.2,45.5,65.5,45,履歴少 / 人気以上に走る傾向 / 安定感 / 過小評価傾向
202648072904,2026-07-29,4,トンデトンデトンデ,3.0,3.0,塚本征吾,57.0,6.0,6.0,3.0,名古屋,3歳6組,1.0,1.0,名古屋,3歳11組,8.0,9.0,3京都8,3歳未勝利,16.0,9.0,1新潟3,3歳未勝利,6.0,15.0,1中京4,3歳未勝利,4.1,3.0,,nar,2026-07-29,49.49,58.1,44.4,24.9,60.5,56.0,45,履歴少
202648072904,2026-07-29,4,トントンビョウシ,12.0,8.0,細川智史,55.0,10.0,,,名古屋,青嵐賞(3歳),9.0,9.0,名古屋,牛兄、係長でも頑張れ(3歳),9.0,7.0,名古屋,若夏特別(3歳),12.0,4.0,名古屋,薫風賞(3歳),1.0,2.0,名古屋,3歳4組,21.8,6.0,,nar,2026-07-29,37.21,40.5,35.3,10.3,40.0,49.0,45,履歴少 / 市場オッズ妙味
202648072904,2026-07-29,4,ナムラキングダム,7.0,6.0,丸野勝虎,57.0,5.0,1.0,1.0,名古屋,3歳4組,2.0,2.0,名古屋,3歳5組,15.0,15.0,1阪神7,3歳未勝利,,,1阪神1,3歳未勝利,9.0,7.0,2京都6,3歳新馬,3.0,1.0,,nar,2026-07-29,60.38,66.8,48.3,55.3,96.0,53.1,45,履歴少 / 近走上向き
202648072904,2026-07-29,4,ナムラライラック,1.0,1.0,木之前葵,53.0,4.0,5.0,2.0,名古屋,青嵐賞(3歳),1.0,2.0,名古屋,3歳8組,2.0,3.0,名古屋,3歳9組,13.0,12.0,1新潟4,3歳未勝利,8.0,13.0,1小倉6,3歳未勝利,3.2,2.0,,nar,2026-07-29,59.33,68.9,49.3,75.1,56.0,56.9,45,履歴少 / 安定感
202630072904,2026-07-29,4,ハッコウクィーン,1.0,1.0,井上俊彦,55.0,6.0,9.0,8.0,門別,グランシャリオドリー(C4),11.0,11.0,門別,3歳以上C4ー3,9.0,8.0,門別,3歳以上C4ー3,9.0,11.0,門別,3歳以上C4ー3,8.0,9.0,門別,DOスカイオンデマン(C4),295.2,8.0,,nar,2026-07-29,39.28,32.8,49.3,0.0,51.5,54.1,45,履歴少
202648072904,2026-07-29,4,フィアマネラ,8.0,6.0,山田祥雄,57.0,3.0,4.0,6.0,名古屋,夏波賞(3歳),4.0,8.0,名古屋,3歳4組,7.0,9.0,名古屋,若芽賞(3歳),9.0,10.0,名古屋,3歳4組,8.0,10.0,名古屋,3歳3組,90.0,9.0,,nar,2026-07-29,61.13,62.1,66.5,55.3,68.0,60.6,45,履歴少 / 人気以上に走る傾向 / 近走上向き
202645072904,2026-07-29,4,ブラックリザード,1.0,1.0,野畑凌,54.0,1.0,3.0,1.0,川崎,スパーキングデビュー(2歳),,,,,,,,,,,,,,,,,4.7,2.0,,nar,2026-07-29,41.61,48.1,37.6,36.3,40.6,38.4,45,履歴少 / サンプル少
202648072904,2026-07-29,4,ブルージェネシス,9.0,7.0,柿原翔,57.0,1.0,5.0,4.0,名古屋,夏波賞(3歳),6.0,3.0,名古屋,3歳4組,13.0,11.0,2東京10,3歳未勝利,13.0,12.0,1福島1,3歳未勝利,8.0,13.0,1小倉8,3歳未勝利,13.0,5.0,,nar,2026-07-29,47.92,41.5,42.5,30.4,80.0,59.6,45,履歴少 / 近走上向き / 市場オッズ妙味
202648072904,2026-07-29,4,プラウドブルーベル,10.0,7.0,,,,6.0,7.0,名古屋,名古屋モーニングフィ(3歳),2.0,4.0,名古屋,若芽賞(3歳),5.0,8.0,名古屋,3歳5組,1.0,4.0,名古屋,3歳11組,11.0,4.0,名古屋,3歳6組,,,,nar,2026-07-29,57.81,71.3,57.8,59.3,42.5,52.0,45,履歴少
202648072904,2026-07-29,4,マジョリカ,2.0,2.0,東川慎,55.0,9.0,11.0,12.0,名古屋,名古屋モーニングフィ(3歳),5.0,9.0,名古屋,3歳4組,11.0,10.0,名古屋,3歳4組,9.0,9.0,名古屋,3歳3組,11.0,9.0,名古屋,薫風賞(3歳),196.4,11.0,,nar,2026-07-29,42.83,34.3,56.3,24.9,38.0,54.8,45,履歴少
202650072904,2026-07-29,4,ミラクルサーダ,1.0,1.0,山本屋太,55.0,7.0,2.0,8.0,園田,C3四,7.0,7.0,園田,C3二,6.0,6.0,園田,C3二,9.0,8.0,園田,C3二,6.0,8.0,園田,C3二,152.5,8.0,,nar,2026-07-29,59.03,64.2,63.2,30.4,80.0,58.1,45,履歴少 / 近走上向き
202630072904,2026-07-29,4,ヤマトノカゼ,5.0,5.0,小野楓馬,57.0,4.0,5.0,4.0,門別,3歳以上C4ー3,6.0,2.0,門別,グランシャリオドリー(C4),,,,,,,,,,,,,3.9,3.0,,nar,2026-07-29,45.0,53.4,36.4,34.7,48.8,48.4,45,履歴少 / サンプル少
202645072904,2026-07-29,4,ラウロカンピオーネ,2.0,2.0,町田直希,54.0,3.0,6.0,5.0,川崎,シャイニングスター賞(2歳),2.0,1.0,川崎,スパーキングデビュー(2歳),,,,,,,,,,,,,4.9,3.0,,nar,2026-07-29,45.96,58.9,41.6,31.7,32.3,52.1,45,履歴少 / サンプル少
202650072904,2026-07-29,4,ラクプエル,5.0,5.0,下原理,57.0,6.0,3.0,1.0,園田,C3二,5.0,2.0,園田,C3一,5.0,3.0,姫路,C2一,5.0,5.0,姫路,C2一,2.0,3.0,姫路,C2一,4.1,3.0,,nar,2026-07-29,61.02,75.3,38.5,100.0,57.5,52.1,45,履歴少 / 安定感
202650072904,2026-07-29,4,ラブユーサクラ,6.0,6.0,田野豊三,55.0,2.0,3.0,1.0,園田,C3三,2.0,2.0,園田,C3一,6.0,8.0,園田,C3一,4.0,4.0,園田,C3一,3.0,4.0,園田,C3一,8.7,4.0,,nar,2026-07-29,63.29,80.1,49.2,80.2,54.5,59.9,45,履歴少 / 安定感
202648072904,2026-07-29,4,レヨンドルミエール,11.0,8.0,明星晴大,57.0,11.0,12.0,9.0,名古屋,名古屋モーニングフィ(3歳),8.0,9.0,盛岡,イーハトーブマイル(重賞),8.0,10.0,盛岡,3歳B2一組,7.0,6.0,水沢,3歳B1,6.0,7.0,水沢,3歳B2一組,83.6,8.0,,nar,2026-07-29,36.44,37.1,47.8,0.0,21.5,53.5,45,履歴少
202645072904,2026-07-29,4,ヴェリココ,6.0,6.0,佐野遥久,54.0,5.0,3.0,4.0,川崎,スパーキングデビュー(2歳),,,,,,,,,,,,,,,,,32.6,5.0,,nar,2026-07-29,43.18,48.1,42.2,36.3,40.6,41.7,45,履歴少 / サンプル少
202645072905,2026-07-29,5,アスクアーバンシー,5.0,5.0,増田充宏,56.0,9.0,1.0,5.0,川崎,C3一　二,7.0,2.0,浦和,桶川宿賞(C2),6.0,5.0,川崎,インフィオラータ賞(C2),9.0,3.0,船橋,C2四　五六　ア(C2五),5.0,3.0,川崎,パティオ賞(C2),12.1,4.0,,nar,2026-07-29,55.8,67.5,40.8,40.7,84.5,54.1,45,履歴少 / 近走上向き / 市場オッズ妙味
202650072905,2026-07-29,5,アストリット,8.0,7.0,井上幹太,55.0,9.0,11.0,7.0,園田,C2三,1.0,2.0,園田,C3三,7.0,9.0,園田,C3二,,,園田,C3一,7.0,7.0,園田,C3二,82.0,8.0,,nar,2026-07-29,42.72,54.6,45.3,24.9,14.0,52.7,45,履歴少
202645072905,2026-07-29,5,アフロガル,4.0,4.0,野畑凌,56.0,1.0,3.0,1.0,川崎,C3一　二,3.0,2.0,川崎,C2三　四,3.0,2.0,川崎,C2五　六,4.0,3.0,川崎,C2八,4.0,1.0,川崎,三茄子賞(C2),5.4,2.0,,nar,2026-07-29,62.56,82.0,39.4,100.0,53.0,52.0,45,履歴少 / 安定感
202630072905,2026-07-29,5,ウェルカムランチ,6.0,6.0,藤田凌駕,53.0,3.0,,,門別,JRA認定競走フレッ(新馬)(2歳),,,,,,,,,,,,,,,,,23.1,7.0,,nar,2026-07-29,36.0,35.0,35.0,35.0,35.0,35.0,45,履歴少
202630072905,2026-07-29,5,エイシンスラッパー,3.0,3.0,服部茂史,55.0,9.0,,,,,,,,,,,,,,,,,,,,,89.9,9.0,,nar,2026-07-29,36.0,35.0,35.0,35.0,35.0,35.0,45,履歴少
202648072905,2026-07-29,5,エンドレスクライ,8.0,6.0,今井貴大,57.0,12.0,1.0,1.0,名古屋,夏波賞(3歳),10.0,3.0,名古屋,のあち27歳おめでと(3歳),2.0,5.0,名古屋,3歳8組,8.0,2.0,名古屋,3歳7組,9.0,1.0,名古屋,3歳6組,38.1,10.0,,nar,2026-07-29,52.86,65.7,30.0,50.2,87.5,44.6,45,履歴少 / 近走上向き / 市場オッズ妙味
202645072905,2026-07-29,5,オトメノネガイ,10.0,7.0,神尾香澄,52.0,11.0,4.0,8.0,川崎,ファイナルアンサー賞(C3),6.0,10.0,浦和,C2五　六,11.0,11.0,浦和,C2五　六,9.0,10.0,川崎,雷電賞(C2),12.0,12.0,川崎,初雷賞(C2),110.1,11.0,,nar,2026-07-29,55.96,48.5,66.5,30.4,83.0,59.4,45,履歴少 / 人気以上に走る傾向 / 近走上向き
202648072905,2026-07-29,5,オメガヒストリー,2.0,2.0,大畑慧悟,57.0,11.0,18.0,5.0,3阪神3,3歳未勝利,2.0,10.0,3阪神1,3歳未勝利,12.0,10.0,1阪神9,3歳未勝利,10.0,11.0,1阪神3,3歳未勝利,12.0,6.0,1阪神1,3歳未勝利,9.7,5.0,,nar,2026-07-29,30.58,30.6,30.2,24.9,0.0,51.9,45,履歴少
202648072905,2026-07-29,5,カデナボニータ,3.0,3.0,木之前葵,53.0,4.0,3.0,3.0,名古屋,3歳3組,14.0,9.0,3阪神3,3歳未勝利,10.0,6.0,3京都9,3歳未勝利,2.0,4.0,2札幌1,2歳未勝利,5.0,9.0,1札幌5,2歳新馬,5.6,3.0,,nar,2026-07-29,52.5,51.5,40.7,55.3,78.5,55.4,45,履歴少 / 近走上向き
202645072905,2026-07-29,5,キタノチャンス,7.0,6.0,新原周馬,54.0,4.0,1.0,1.0,川崎,C3三　四,3.0,1.0,川崎,C2五,1.0,1.0,川崎,C3三　四,1.0,5.0,水沢,C2一組,2.0,1.0,水沢,C2三組,1.8,1.0,,nar,2026-07-29,69.1,95.2,49.9,100.0,54.5,53.2,45,履歴少 / 安定感
202645072905,2026-07-29,5,キッドストン,9.0,7.0,櫻井光輔,56.0,5.0,6.0,6.0,川崎,C2三　四,6.0,2.0,川崎,C2三　四,6.0,2.0,川崎,C2四　五,13.0,5.0,川崎,ペルセポネ賞(C2),10.0,4.0,川崎,ナイル賞(C2),26.9,8.0,,nar,2026-07-29,37.94,48.5,25.0,0.0,66.5,42.0,45,履歴少 / 近走上向き / 市場オッズ妙味
202648072905,2026-07-29,5,キャメロン,5.0,5.0,大畑雅章,55.0,7.0,6.0,12.0,名古屋,3歳3組,10.0,10.0,名古屋,星路大空特別(3歳),8.0,8.0,名古屋,瑞駆特別(3歳),9.0,8.0,名古屋,クラシックドリーム戦(3歳),6.0,6.0,名古屋,飛雲特別(3歳),149.3,12.0,,nar,2026-07-29,47.59,45.4,61.7,0.0,63.5,56.8,45,履歴少
202650072905,2026-07-29,5,キークラシック,4.0,4.0,杉浦健太,57.0,3.0,7.0,6.0,園田,糺の森7ハロンC2二,5.0,2.0,園田,C2二,3.0,1.0,園田,C2三,2.0,2.0,園田,C3一,2.0,2.0,園田,C3一,11.8,5.0,,nar,2026-07-29,53.7,72.3,39.9,69.6,26.0,56.6,45,履歴少 / 安定感
202645072905,2026-07-29,5,クロスダイヤ,1.0,1.0,古岡勇樹,56.0,7.0,11.0,11.0,川崎,C2三　四,11.0,9.0,川崎,神楽酒造盃くろうま賞(C1C2),5.0,9.0,船橋,C2二　三,4.0,7.0,川崎,ファイナルアンサー賞(C2),12.0,12.0,川崎,C2三　四,229.6,12.0,,nar,2026-07-29,43.94,36.8,55.1,34.3,32.0,56.8,45,履歴少
202650072905,2026-07-29,5,グランテミス,1.0,1.0,小谷周平,55.0,8.0,1.0,2.0,園田,C3二,5.0,7.0,園田,C3二,7.0,4.0,園田,C3二,5.0,4.0,園田,C3二,5.0,2.0,園田,C3二,89.7,9.0,,nar,2026-07-29,62.96,74.6,48.3,80.2,77.0,50.9,45,履歴少 / 近走上向き / 安定感
202648072905,2026-07-29,5,ココアプローズ,1.0,1.0,加藤聡一,55.0,8.0,10.0,11.0,笠松,ぎふ清流C(重賞),1.0,1.0,名古屋,3歳5組,3.0,3.0,名古屋,3歳7組,3.0,2.0,名古屋,アジア・アジアパラ応(3歳),2.0,3.0,名古屋,3歳9組,20.0,8.0,,nar,2026-07-29,53.79,71.8,51.8,69.6,3.5,56.9,45,履歴少 / 安定感 / 市場オッズ妙味
202650072905,2026-07-29,5,ゴートゥーミジョカ,10.0,8.0,下原理,55.0,1.0,1.0,1.0,園田,C3一,2.0,6.0,姫路,C2一,2.0,6.0,姫路,C2一,2.0,2.0,姫路,C2一,4.0,5.0,園田,太田光代☆来場記念2(C2),2.6,2.0,,nar,2026-07-29,73.12,92.8,63.2,100.0,59.0,59.9,45,履歴少 / 安定感
202650072905,2026-07-29,5,サクラグラシュー,5.0,5.0,田野豊三,55.0,7.0,9.0,7.0,園田,西徳久7ハロンC2二,3.0,8.0,園田,五百蔵7ハロンC2二,8.0,11.0,園田,青木7ハロンC2二,6.0,9.0,園田,C2二,4.0,6.0,園田,榎列小榎列7ハロンC(C2),53.2,7.0,,nar,2026-07-29,51.68,57.2,63.1,35.3,27.5,60.6,45,履歴少
202630072905,2026-07-29,5,サンヨウイニシャル,5.0,5.0,松井伸也,55.0,6.0,,,,,,,,,,,,,,,,,,,,,359.7,10.0,,nar,2026-07-29,36.0,35.0,35.0,35.0,35.0,35.0,45,履歴少
202630072905,2026-07-29,5,シレテヴェンティ,2.0,2.0,小川悠汰,52.0,10.0,,,,,,,,,,,,,,,,,,,,,47.6,8.0,,nar,2026-07-29,36.0,35.0,35.0,35.0,35.0,35.0,45,履歴少
202645072905,2026-07-29,5,シングンアーメット,2.0,2.0,西啓太,56.0,8.0,10.0,6.0,浦和,C2三　四,9.0,6.0,川崎,C2三　四,4.0,3.0,川崎,C2三　四,8.0,9.0,船橋,C2四　五六　ウ(C2五),2.0,6.0,川崎,C2三　四,52.1,9.0,,nar,2026-07-29,41.14,48.4,38.8,30.1,24.5,51.5,45,履歴少
202630072905,2026-07-29,5,スティールゴールド,8.0,7.0,桑村真明,55.0,7.0,,,,,,,,,,,,,,,,,,,,,10.3,5.0,,nar,2026-07-29,36.0,35.0,35.0,35.0,35.0,35.0,45,履歴少
202645072905,2026-07-29,5,セレナス,11.0,8.0,鷹見陸,54.0,6.0,2.0,4.0,川崎,C3一　二,8.0,10.0,川崎,C2三　四,8.0,7.0,川崎,C2五　六,4.0,5.0,川崎,橘樹官衛賞(C2),4.0,6.0,川崎,C2五　六,21.4,7.0,,nar,2026-07-29,61.2,66.6,58.8,55.3,74.0,60.2,45,履歴少 / 近走上向き / 市場オッズ妙味
202645072905,2026-07-29,5,タツノキセキ,3.0,3.0,山中悠希,56.0,10.0,3.0,3.0,船橋,馬い!菊池水田生ごぼ(C2),5.0,5.0,川崎,C2三　四,13.0,7.0,船橋,ジョッキーズチャンピ(C2),5.0,5.0,船橋,C2五　六,5.0,4.0,川崎,アトロポス賞(C2C3),14.9,6.0,,nar,2026-07-29,57.68,60.2,41.0,80.2,74.0,56.9,45,履歴少 / 近走上向き / 安定感 / 市場オッズ妙味
202650072905,2026-07-29,5,ダイシチセイ,7.0,7.0,廣瀬航,57.0,5.0,1.0,4.0,園田,C3一,11.0,8.0,園田,C2一,9.0,7.0,園田,C2一,5.0,6.0,園田,オッズパーク杯C2一,10.0,10.0,園田,C2一,7.3,3.0,,nar,2026-07-29,56.91,55.3,49.4,45.0,96.5,57.8,45,履歴少 / 近走上向き
202648072905,2026-07-29,5,ツトムユニバース,9.0,7.0,塚本征吾,57.0,6.0,1.0,2.0,名古屋,のあち27歳おめでと(3歳),7.0,8.0,1新潟5,3歳未勝利,14.0,7.0,1小倉12,3歳未勝利,4.0,14.0,1小倉4,3歳未勝利,7.0,5.0,2新潟1,2歳未勝利,4.0,2.0,,nar,2026-07-29,58.5,59.8,53.0,45.0,92.0,57.9,45,履歴少 / 近走上向き
202648072905,2026-07-29,5,ナンヨーリクエスト,7.0,6.0,渡辺竜也,55.0,1.0,3.0,3.0,名古屋,名古屋モーニングフィ(3歳),2.0,6.0,名古屋,3歳5組,3.0,5.0,名古屋,3歳6組,2.0,4.0,名古屋,アジア・アジアパラ応(3歳),2.0,1.0,名古屋,3歳8組,10.1,6.0,,nar,2026-07-29,70.27,88.0,61.1,100.0,45.5,64.4,45,履歴少 / 安定感
202630072905,2026-07-29,5,ニューメロディー,1.0,1.0,小野楓馬,55.0,1.0,,,,,,,,,,,,,,,,,,,,,2.0,1.0,,nar,2026-07-29,36.0,35.0,35.0,35.0,35.0,35.0,45,履歴少
202630072905,2026-07-29,5,バリメイカー,10.0,8.0,宮内勇樹,55.0,8.0,,,,,,,,,,,,,,,,,,,,,16.1,6.0,,nar,2026-07-29,36.0,35.0,35.0,35.0,35.0,35.0,45,履歴少
202650072905,2026-07-29,5,ビッグロゴスルーフ,9.0,8.0,塩津璃菜,53.0,10.0,6.0,9.0,高知,C3ー5,7.0,7.0,高知,C3ー5,7.0,9.0,高知,C3ー6,8.0,6.0,高知,C3ー6,5.0,8.0,高知,C3ー6,150.8,10.0,,nar,2026-07-29,49.92,54.9,59.3,10.3,54.5,57.4,45,履歴少
202650072905,2026-07-29,5,ピンクブルー,3.0,3.0,小谷哲平,54.0,6.0,9.0,5.0,園田,C2二,1.0,1.0,園田,C3二,2.0,1.0,園田,C3二,4.0,3.0,園田,C3二,7.0,10.0,姫路,C3一,12.6,6.0,,nar,2026-07-29,51.53,70.5,41.3,59.3,17.0,58.8,45,履歴少 / 市場オッズ妙味
202650072905,2026-07-29,5,フィオリータ,2.0,2.0,吉村智洋,56.0,4.0,9.0,12.0,3東京6,3歳未勝利,9.0,10.0,1新潟8,3歳未勝利,,,,,,,,,,,,,2.3,1.0,,nar,2026-07-29,43.15,37.8,53.6,18.0,45.5,54.2,45,履歴少 / サンプル少
202648072905,2026-07-29,5,ブルーノザビーチ,10.0,7.0,阪野学,55.0,2.0,2.0,4.0,名古屋,名古屋モーニングフィ(3歳),4.0,4.0,名古屋,牛兄、係長でも頑張れ(3歳),1.0,3.0,名古屋,3歳6組,4.0,3.0,名古屋,アジア・アジアパラ応(3歳),2.0,7.0,名古屋,3歳10組,9.1,4.0,,nar,2026-07-29,70.82,87.3,59.6,100.0,54.5,64.6,45,履歴少 / 安定感
202648072905,2026-07-29,5,ベラケンタウロス,6.0,5.0,筒井勇介,57.0,3.0,1.0,1.0,名古屋,3歳7組,4.0,1.0,名古屋,3歳7組,2.0,3.0,名古屋,3歳7組,3.0,1.0,名古屋,3歳10組,9.0,9.0,2京都3,3歳未勝利,3.2,1.0,,nar,2026-07-29,65.07,83.5,44.1,89.7,71.0,52.4,45,履歴少 / 近走上向き / 安定感
202648072905,2026-07-29,5,ホワイトジェイド,11.0,8.0,加藤誓二,57.0,9.0,8.0,11.0,名古屋,星路大空特別(3歳),10.0,8.0,浦和,初夏特別(3歳),8.0,11.0,川崎,エメラルドフラワー賞(3歳),6.0,8.0,浦和,3歳二,11.0,12.0,船橋,ブルーバードC(JpnIII),60.3,11.0,,nar,2026-07-29,44.68,39.9,59.8,0.0,54.5,58.1,45,履歴少
202648072905,2026-07-29,5,マイネルメテオーラ,4.0,4.0,丸野勝虎,57.0,5.0,10.0,5.0,名古屋,名古屋モーニングフィ(3歳),2.0,6.0,名古屋,3歳4組,9.0,8.0,名古屋,3歳4組,7.0,5.0,名古屋,3歳3組,4.0,8.0,名古屋,薫風賞(3歳),31.8,9.0,,nar,2026-07-29,45.49,54.0,45.8,35.3,23.0,56.3,45,履歴少 / 市場オッズ妙味
202630072905,2026-07-29,5,マフイカ,9.0,8.0,岩橋勇二,55.0,4.0,,,,,,,,,,,,,,,,,,,,,5.0,3.0,,nar,2026-07-29,36.0,35.0,35.0,35.0,35.0,35.0,45,履歴少
202630072905,2026-07-29,5,マルホ,7.0,7.0,落合玄太,55.0,5.0,,,,,,,,,,,,,,,,,,,,,7.8,4.0,,nar,2026-07-29,36.0,35.0,35.0,35.0,35.0,35.0,45,履歴少
202645072905,2026-07-29,5,マロンルピナス,12.0,8.0,池谷匠翔,54.0,2.0,4.0,14.0,川崎,2026川崎ジョッキ(C2),10.0,12.0,川崎,C2一　二,4.0,3.0,浦和,C2三　四,5.0,4.0,川崎,C2五　六,1.0,4.0,浦和,八潮市ハッピーこまち(C2),14.7,5.0,,nar,2026-07-29,66.2,65.3,74.5,75.1,56.0,69.9,45,履歴少 / 人気以上に走る傾向 / 安定感 / 過小評価傾向
202645072905,2026-07-29,5,ムーンライトデイ,6.0,5.0,佐藤翔馬,51.0,3.0,4.0,5.0,川崎,C2三　四,9.0,5.0,川崎,C2一　二,3.0,1.0,川崎,C2三　四,6.0,4.0,川崎,イースター賞(C2),9.0,3.0,大井,上野の山で芸術満喫台(C2二),6.0,3.0,,nar,2026-07-29,51.14,61.1,36.0,50.2,66.5,49.2,45,履歴少 / 近走上向き
202650072905,2026-07-29,5,メイショウロンド,6.0,6.0,土方颯太,55.0,2.0,9.0,3.0,園田,C3一,2.0,2.0,園田,C3二,10.0,8.0,園田,かつみさゆり☆来場記(C3),6.0,7.0,園田,C3一,10.0,9.0,園田,C2二,10.6,4.0,,nar,2026-07-29,42.37,51.1,34.8,24.9,38.0,54.8,45,履歴少
202645072905,2026-07-29,5,ルクスリーベン,8.0,6.0,張田昂,54.0,12.0,8.0,5.0,浦和,美里ブルーベリー賞(C2),1.0,5.0,浦和,C2九　十,7.0,6.0,浦和,C2十,11.0,6.0,川崎,C2七,6.0,7.0,浦和,ランチタイム(C2),67.2,10.0,,nar,2026-07-29,46.27,57.7,44.8,24.9,39.5,50.9,45,履歴少
202648072905,2026-07-29,5,ルナーマンス,12.0,8.0,小笠原羚,52.0,10.0,3.0,2.0,船橋,ナティレイン特別(3歳未格),13.0,9.0,3京都9,3歳未勝利,9.0,5.0,2京都3,3歳未勝利,8.0,2.0,3京都5,2歳未勝利,3.0,3.0,4中京3,2歳新馬,12.3,7.0,,nar,2026-07-29,46.96,48.7,29.2,40.7,81.5,50.9,45,履歴少 / 近走上向き / 市場オッズ妙味
202630072905,2026-07-29,5,ヴィクトールキック,4.0,4.0,石川倭,55.0,2.0,,,,,,,,,,,,,,,,,,,,,4.8,2.0,,nar,2026-07-29,36.0,35.0,35.0,35.0,35.0,35.0,45,履歴少
202648072906,2026-07-29,6,アクティングエリア,1.0,1.0,木之前葵,53.0,12.0,12.0,11.0,名古屋,舞.みっちゃん祝誕生(3歳),9.0,8.0,佐賀,JRA交流えびの特別,9.0,8.0,佐賀,サガデーナイト競馬賞(B),9.0,3.0,佐賀,AIパッカル賞(B),14.0,14.0,1福島3,3歳未勝利,207.3,12.0,,nar,2026-07-29,32.17,25.0,38.6,0.0,39.5,47.7,45,履歴少
202630072906,2026-07-29,6,アストレイ,4.0,4.0,石川倭,55.0,5.0,,,,,,,,,,,,,,,,,,,,,7.0,2.0,,nar,2026-07-29,36.0,35.0,35.0,35.0,35.0,35.0,45,履歴少
202630072906,2026-07-29,6,エコーズオブハート,8.0,8.0,黒澤愛斗,55.0,8.0,,,,,,,,,,,,,,,,,,,,,137.2,8.0,,nar,2026-07-29,36.0,35.0,35.0,35.0,35.0,35.0,45,履歴少
202630072906,2026-07-29,6,エムティアドニス,1.0,1.0,服部茂史,55.0,4.0,,,,,,,,,,,,,,,,,,,,,37.7,7.0,,nar,2026-07-29,36.0,35.0,35.0,35.0,35.0,35.0,45,履歴少
202645072906,2026-07-29,6,オリエンタルマック,8.0,6.0,七夕裕次,56.0,6.0,10.0,10.0,船橋,2026Jockey(C2),4.0,7.0,浦和,C2三　四,9.0,12.0,船橋,C2二　三,8.0,10.0,浦和,C2三　四,10.0,10.0,浦和,C2三　四,189.2,10.0,,nar,2026-07-29,47.12,43.9,61.4,24.9,36.5,58.7,45,履歴少
202645072906,2026-07-29,6,カツコノヒヤザケ,7.0,6.0,岡村裕基,56.0,9.0,12.0,12.0,川崎,C2三　四,10.0,10.0,浦和,上尾宿賞(C2),13.0,12.0,川崎,ファイナルアンサー賞(C2),11.0,12.0,川崎,C2三　四,11.0,11.0,川崎,C2三　四,344.9,11.0,,nar,2026-07-29,33.96,16.4,49.6,0.0,45.5,53.5,45,履歴少
202650072906,2026-07-29,6,ガンバルフトシ,12.0,8.0,永井孝典,57.0,1.0,2.0,2.0,園田,C3二,6.0,4.0,園田,粟生スプリントC3,4.0,4.0,園田,唐櫃スプリントC3,6.0,6.0,園田,C3,4.0,4.0,園田,C3,4.0,3.0,,nar,2026-07-29,59.6,74.5,46.5,60.5,68.0,54.6,45,履歴少 / 近走上向き / 安定感
202650072906,2026-07-29,6,クラウンカイロス,5.0,5.0,土方颯太,56.0,11.0,10.0,12.0,園田,3歳C1,7.0,7.0,園田,3歳C1一,7.0,9.0,園田,3歳C1二,8.0,6.0,園田,3歳C1,8.0,5.0,園田,3歳BC1,248.8,11.0,,nar,2026-07-29,40.73,42.7,52.8,0.0,35.0,52.9,45,履歴少
202650072906,2026-07-29,6,クリノコウテイ,2.0,2.0,山本咲希,57.0,10.0,6.0,5.0,園田,C3二,4.0,3.0,園田,米地ダッシュC3,3.0,4.0,園田,C3二,6.0,1.0,園田,C3二,6.0,4.0,園田,おたまじゃくし中西☆(C3),35.4,7.0,,nar,2026-07-29,51.19,68.7,41.0,44.7,42.5,51.1,45,履歴少 / 市場オッズ妙味
202650072906,2026-07-29,6,クリノビックリバゴ,11.0,8.0,南部楓馬,54.0,7.0,5.0,5.0,姫路,C3三,6.0,3.0,姫路,C3三,9.0,1.0,園田,C3三,3.0,1.0,園田,C3四,6.0,5.0,園田,パカっと駆けろ!ディ(C3),92.1,9.0,,nar,2026-07-29,47.39,61.2,30.9,45.0,56.0,44.4,45,履歴少
202645072906,2026-07-29,6,クリノフローレンス,11.0,8.0,増田充宏,54.0,3.0,4.0,4.0,川崎,C2三　四,1.0,9.0,川崎,C2三　四,10.0,5.0,船橋,ふたご座スプリント(C2),6.0,5.0,川崎,C2五　六,4.0,7.0,船橋,C2七　八九　ウ(C2八),11.6,4.0,,nar,2026-07-29,61.81,70.2,58.2,65.7,57.5,63.7,45,履歴少 / 安定感
202630072906,2026-07-29,6,クレイファントム,5.0,5.0,宮内勇樹,55.0,2.0,,,,,,,,,,,,,,,,,,,,,19.0,5.0,,nar,2026-07-29,36.0,35.0,35.0,35.0,35.0,35.0,45,履歴少
202648072906,2026-07-29,6,グランドタルマエ,3.0,3.0,丸野勝虎,57.0,3.0,7.0,6.0,名古屋,けやき杯(OP)(3歳),1.0,3.0,名古屋,名古屋モーニングフィ(3歳),2.0,2.0,名古屋,3歳14組,7.0,8.0,名古屋,3歳9組,15.0,13.0,1福島4,3歳未勝利,14.6,7.0,,nar,2026-07-29,54.76,66.5,50.9,44.7,45.5,61.4,45,履歴少 / 市場オッズ妙味
202648072906,2026-07-29,6,グリグリグリュック,4.0,4.0,今井貴大,55.0,6.0,5.0,3.0,名古屋,東海クイーンC(重賞),2.0,4.0,名古屋,3月22日はばんえい(3歳),5.0,5.0,名古屋,スプリングC(重賞),1.0,2.0,名古屋,紅白梅特別(3歳),2.0,1.0,名古屋,ジャニュアリードリー(3歳),10.2,5.0,,nar,2026-07-29,63.69,81.1,49.5,100.0,35.0,59.9,45,履歴少 / 安定感
202648072906,2026-07-29,6,ゴールドレーン,5.0,5.0,大畑慧悟,55.0,8.0,11.0,2.0,名古屋,若星特別(3歳),7.0,6.0,笠松,新緑賞(重賞),1.0,3.0,名古屋,若夏特別(3歳),2.0,4.0,名古屋,若緑賞(3歳),3.0,4.0,名古屋,中京ペガスターC,24.2,8.0,,nar,2026-07-29,43.07,60.9,34.6,44.7,3.5,53.0,45,履歴少 / 市場オッズ妙味
202645072906,2026-07-29,6,サウスオブロンドン,6.0,5.0,佐藤翔馬,53.0,4.0,12.0,3.0,川崎,C2三　四,1.0,2.0,川崎,夢見ヶ崎賞(C2),2.0,8.0,川崎,C2五　六,9.0,6.0,川崎,C2六　七,3.0,7.0,川崎,二鷹賞(C2),24.7,6.0,,nar,2026-07-29,45.72,60.7,40.7,55.0,0.5,55.6,45,履歴少 / 市場オッズ妙味
202648072906,2026-07-29,6,サンテオレンジ,11.0,8.0,加藤聡一,57.0,4.0,5.0,3.0,名古屋,舞.みっちゃん祝誕生(3歳),2.0,5.0,名古屋,ゴールドウィング賞(重賞),1.0,7.0,名古屋,セレクトゴールド第1(2歳),3.0,2.0,名古屋,2歳特別,2.0,2.0,名古屋,2歳新馬,2.9,1.0,,nar,2026-07-29,66.33,85.1,58.3,100.0,32.0,58.4,45,履歴少 / 安定感
202645072906,2026-07-29,6,ザムト,4.0,4.0,新原周馬,54.0,11.0,10.0,10.0,川崎,C2三　四,10.0,7.0,川崎,C2三　四,7.0,5.0,浦和,C2五　六,1.0,3.0,川崎,C2七,3.0,2.0,川崎,C3一　二,35.6,7.0,,nar,2026-07-29,41.71,49.0,43.3,24.9,21.5,53.7,45,履歴少 / 市場オッズ妙味
202648072906,2026-07-29,6,ジャスパールビー,7.0,6.0,大畑雅章,55.0,7.0,12.0,7.0,名古屋,けやき杯(OP)(3歳),13.0,7.0,1函館2,3歳以上1勝クラス,14.0,14.0,1福島5,雪うさぎ賞(1勝クラス),13.0,11.0,2中山6,3歳1勝クラス,7.0,11.0,1小倉6,かささぎ賞(1勝クラス),53.2,10.0,,nar,2026-07-29,27.1,10.6,29.7,0.0,48.5,47.7,45,履歴少
202650072906,2026-07-29,6,ジャングルマリサ,6.0,5.0,山本屋太,55.0,5.0,5.0,9.0,園田,C2一,12.0,11.0,園田,ぎゅーっと愛のつまっ(C2),2.0,7.0,姫路,C2二,6.0,9.0,姫路,C2一,8.0,10.0,姫路,C2一,45.2,8.0,,nar,2026-07-29,58.83,55.1,68.2,50.2,62.0,64.8,45,履歴少 / 人気以上に走る傾向 / 市場オッズ妙味
202648072906,2026-07-29,6,ナラティヴハーピー,10.0,7.0,近藤颯羽,52.0,11.0,6.0,9.0,名古屋,舞.みっちゃん祝誕生(3歳),4.0,7.0,名古屋,若星特別(3歳),6.0,9.0,名古屋,駿芽疾風特別(3歳),11.0,9.0,名古屋,クラシックドリーム戦(3歳),5.0,8.0,名古屋,若夏特別(3歳),33.0,9.0,,nar,2026-07-29,56.21,59.0,65.9,35.3,53.0,62.8,45,履歴少 / 人気以上に走る傾向 / 市場オッズ妙味
202648072906,2026-07-29,6,ハチハチローズ,6.0,5.0,筒井勇介,55.0,10.0,10.0,12.0,名古屋,けやき杯(OP)(3歳),7.0,10.0,名古屋,若星特別(3歳),12.0,12.0,名古屋,東海優駿(重賞),4.0,7.0,名古屋,飛雲特別(3歳),11.0,10.0,名古屋,第65回駿蹄賞(重賞),156.0,11.0,,nar,2026-07-29,44.5,37.0,61.8,14.6,41.0,58.1,45,履歴少
202645072906,2026-07-29,6,ハナチャン,1.0,1.0,,,,9.0,9.0,川崎,C2三　四,6.0,6.0,川崎,ファイナルアンサー賞(C2),7.0,9.0,浦和,上尾串ぎょうざ賞(C2),6.0,6.0,川崎,雷響賞(C2),12.0,9.0,川崎,大黒天賞(C2),,,,nar,2026-07-29,41.53,46.2,50.6,0.0,42.5,49.0,45,履歴少
202648072906,2026-07-29,6,ビアリッツ,9.0,7.0,村上弘樹,55.0,1.0,5.0,8.0,名古屋,けやき杯(OP)(3歳),1.0,3.0,名古屋,若星特別(3歳),3.0,5.0,名古屋,瑞駆特別(3歳),7.0,3.0,名古屋,クラシックドリーム戦(3歳),2.0,1.0,名古屋,若夏特別(3歳),6.7,4.0,,nar,2026-07-29,63.88,79.3,57.8,85.4,39.5,59.4,45,履歴少 / 安定感
202645072906,2026-07-29,6,ビップジェシー,12.0,8.0,町田直希,54.0,1.0,3.0,5.0,川崎,C2三　四,5.0,9.0,川崎,C2三　四,5.0,12.0,川崎,C2五　六,11.0,13.0,川崎,アルテミス賞(C2),4.0,8.0,川崎,C2三　四,7.0,2.0,,nar,2026-07-29,69.85,66.7,75.9,85.4,69.5,70.6,45,履歴少 / 人気以上に走る傾向 / 近走上向き / 安定感
202645072906,2026-07-29,6,ビューティビースト,10.0,7.0,及川烈,54.0,10.0,5.0,6.0,浦和,美里ブルーベリー賞(C2),4.0,8.0,浦和,C2五　六,7.0,11.0,浦和,C2五　六,6.0,8.0,川崎,C2五　六,9.0,10.0,川崎,C2四　五,69.9,9.0,,nar,2026-07-29,60.44,62.4,67.4,55.3,59.0,61.3,45,履歴少 / 人気以上に走る傾向
202630072906,2026-07-29,6,プラウドホウショウ,2.0,2.0,桑村真明,55.0,7.0,,,,,,,,,,,,,,,,,,,,,10.8,3.0,,nar,2026-07-29,36.0,35.0,35.0,35.0,35.0,35.0,45,履歴少
202630072906,2026-07-29,6,プリマミー,7.0,7.0,高松亮,55.0,6.0,,,,,,,,,,,,,,,,,,,,,34.9,6.0,,nar,2026-07-29,36.0,35.0,35.0,35.0,35.0,35.0,45,履歴少
202650072906,2026-07-29,6,プロメトル,8.0,6.0,吉村智洋,55.0,3.0,2.0,3.0,園田,C3一,3.0,2.0,園田,C3,3.0,3.0,園田,C3,5.0,3.0,園田,C3一,7.0,5.0,園田,2026HUK☆GW(C3),3.4,2.0,,nar,2026-07-29,64.3,80.8,46.9,89.7,65.0,52.6,45,履歴少 / 近走上向き / 安定感
202650072906,2026-07-29,6,ヘルタースケルター,3.0,3.0,井上幹太,56.0,4.0,6.0,1.0,園田,C3一,2.0,4.0,園田,3歳C2,4.0,6.0,園田,奥海ダッシュ3歳C2,4.0,7.0,園田,追入ダッシュ3歳C2,11.0,5.0,園田,清荒神7ハロン3歳C(C2),21.6,5.0,,nar,2026-07-29,54.65,69.3,44.3,59.3,45.5,53.7,45,履歴少 / 市場オッズ妙味
202645072906,2026-07-29,6,ヘヴンリーゴール,3.0,3.0,野畑凌,56.0,7.0,1.0,4.0,川崎,C3一　二,5.0,4.0,川崎,C2五,10.0,5.0,船橋,C2四　五六　ア(C2五),10.0,2.0,川崎,C2五　六,2.0,2.0,川崎,C2七,7.5,3.0,,nar,2026-07-29,57.82,66.5,39.6,65.7,84.5,51.4,45,履歴少 / 近走上向き / 安定感
202630072906,2026-07-29,6,ベラジオエヴァンス,3.0,3.0,岩橋勇二,55.0,1.0,,,,,,,,,,,,,,,,,,,,,11.8,4.0,,nar,2026-07-29,36.0,35.0,35.0,35.0,35.0,35.0,45,履歴少
202650072906,2026-07-29,6,ホクザンシュシュ,9.0,7.0,廣瀬航,55.0,2.0,6.0,8.0,園田,C3一,2.0,7.0,園田,C3,10.0,8.0,姫路,C2三,7.0,10.0,姫路,佐方ダッシュC2二,11.0,11.0,姫路,カランコエ賞C2,2.7,1.0,,nar,2026-07-29,53.86,56.4,63.3,24.9,59.0,59.4,45,履歴少
202650072906,2026-07-29,6,マクラガレーヌ,7.0,6.0,福原杏,55.0,8.0,6.0,5.0,園田,C3二,11.0,9.0,園田,C3,9.0,8.0,園田,C3二,9.0,10.0,園田,ハナミズキ賞C3一,10.0,12.0,園田,つくし賞C3一,104.1,10.0,,nar,2026-07-29,42.29,38.5,45.5,0.0,72.5,52.9,45,履歴少 / 近走上向き
202650072906,2026-07-29,6,マダムレディバグ,1.0,1.0,塩津璃菜,51.0,9.0,5.0,3.0,園田,C3,2.0,3.0,園田,C3,2.0,2.0,園田,C3二,5.0,5.0,園田,斑鳩ダッシュC3二,10.0,7.0,園田,2026HUK☆GW(C3),5.2,4.0,,nar,2026-07-29,60.46,74.6,45.3,89.7,48.5,54.4,45,履歴少 / 安定感
202645072906,2026-07-29,6,マルゼンスキーツー,2.0,2.0,張田昂,56.0,2.0,5.0,6.0,川崎,C2三　四,7.0,6.0,川崎,C2三　四,5.0,3.0,浦和,C2五　六,7.0,4.0,川崎,C2五　六,2.0,3.0,川崎,橘樹官衛賞(C2),13.9,5.0,,nar,2026-07-29,54.97,64.2,45.3,60.5,51.5,58.6,45,履歴少 / 安定感 / 市場オッズ妙味
202648072906,2026-07-29,6,マンデーロウリュウ,2.0,2.0,細川智史,55.0,9.0,2.0,8.0,名古屋,若星特別(3歳),8.0,9.0,名古屋,スプリングC(重賞),,,名古屋,梅桜賞(OP)(3歳),,,笠松,ライデンリーダー記念(重賞),4.0,6.0,笠松,ラブミーチャン記念(重賞),4.5,2.0,,nar,2026-07-29,65.31,71.3,74.3,40.7,74.0,66.2,45,履歴少 / 人気以上に走る傾向 / 近走上向き / 過小評価傾向
202645072906,2026-07-29,6,ミュークフォルテ,9.0,7.0,加藤雄真,54.0,8.0,12.0,10.0,川崎,2026川崎ジョッキ(C2),7.0,9.0,川崎,C2一　二,2.0,4.0,川崎,C2三　四,3.0,9.0,川崎,C2三　四,10.0,8.0,川崎,C2四　五,47.8,8.0,,nar,2026-07-29,45.95,49.9,56.7,34.3,11.0,60.2,45,履歴少 / 市場オッズ妙味
202648072906,2026-07-29,6,ミラクルカイザー,8.0,6.0,丹羽克輝,57.0,2.0,2.0,6.0,名古屋,舞.みっちゃん祝誕生(3歳),1.0,8.0,名古屋,優駿DAYオープニン(3歳),,,名古屋,春爛漫特別(3歳),5.0,1.0,名古屋,本宮新橋特別(3歳),3.0,3.0,名古屋,フェブラリードリーム(3歳),5.3,3.0,,nar,2026-07-29,71.56,89.1,70.7,80.2,56.0,62.8,45,履歴少 / 人気以上に走る傾向 / 安定感
202650072906,2026-07-29,6,ヤマイチラブリー,10.0,7.0,長尾翼玖,55.0,6.0,4.0,4.0,園田,C3,9.0,9.0,園田,米地ダッシュC3,2.0,9.0,園田,C3二,12.0,10.0,園田,陸ダッシュC3一,11.0,10.0,園田,C3一,29.1,6.0,,nar,2026-07-29,56.8,54.1,56.9,50.2,77.0,58.9,45,履歴少 / 近走上向き / 市場オッズ妙味
202645072906,2026-07-29,6,ヤマニントレモロ,5.0,5.0,伊藤裕人,56.0,5.0,1.0,2.0,川崎,コリアンダー賞(C3),2.0,3.0,大井,C2二　三四(C2三),2.0,2.0,大井,C2六　七八(C2七),3.0,2.0,大井,C2八　九十(C2九),2.0,2.0,大井,C211　12,1.4,1.0,,nar,2026-07-29,69.49,93.3,52.9,100.0,57.5,52.1,45,履歴少 / 安定感
202630072906,2026-07-29,6,ヤマミアオカゼ,6.0,6.0,落合玄太,55.0,3.0,,,,,,,,,,,,,,,,,,,,,1.2,1.0,,nar,2026-07-29,36.0,35.0,35.0,35.0,35.0,35.0,45,履歴少
202648072906,2026-07-29,6,リトルリリイ,12.0,8.0,小笠原羚,52.0,5.0,5.0,5.0,名古屋,若星特別(3歳),4.0,4.0,名古屋,駿芽疾風特別(3歳),11.0,10.0,名古屋,東海優駿(重賞),7.0,6.0,笠松,クイーンC(重賞),9.0,8.0,金沢,ネクストスター中日本(重賞),11.5,6.0,,nar,2026-07-29,53.91,54.9,46.9,55.3,66.5,58.4,45,履歴少 / 近走上向き
202650072906,2026-07-29,6,ワンダーレイザー,4.0,4.0,高畑皓一,57.0,12.0,9.0,9.0,園田,C3一,12.0,11.0,園田,神影7ハロンC2二,10.0,8.0,園田,C2二,6.0,6.0,園田,C2三,1.0,6.0,園田,C3三,549.1,12.0,,nar,2026-07-29,40.73,38.6,49.1,10.3,39.5,54.8,45,履歴少
202645072907,2026-07-29,7,アウェイクサード,6.0,6.0,伊藤裕人,57.0,3.0,5.0,10.0,川崎,ジュライフラワー賞(3歳C1),6.0,6.0,浦和,藤右衛門川特別(3歳),5.0,5.0,浦和,初夏特別(3歳),10.0,11.0,川崎,椿(OP)(3歳),1.0,8.0,川崎,尉鶲賞(3歳),91.7,10.0,,nar,2026-07-29,60.58,63.5,66.7,60.5,53.0,62.0,45,履歴少 / 人気以上に走る傾向 / 安定感
202648072907,2026-07-29,7,アットザホップ,1.0,1.0,大畑慧悟,55.0,6.0,7.0,1.0,笠松,アサガオ特別(B),,,名古屋,アルフェッカ特別(B),1.0,2.0,名古屋,B12組,1.0,2.0,名古屋,C4組,1.0,1.0,名古屋,C11組,16.4,5.0,,nar,2026-07-29,51.0,80.6,36.2,44.7,14.0,58.7,45,履歴少 / 市場オッズ妙味
202630072907,2026-07-29,7,アトニモサキニモ,10.0,8.0,岩橋勇二,57.0,1.0,2.0,3.0,門別,夏秋どりいちごすずあ(C3),3.0,5.0,門別,レジェンド・折茂社長(C3),7.0,10.0,門別,日高町水道協会特別(C3),6.0,10.0,門別,バターが切れTENズ(C3),,,門別,グランシャリオドリー(C3),9.3,3.0,,nar,2026-07-29,65.92,75.8,65.4,55.3,70.0,67.6,45,履歴少 / 人気以上に走る傾向 / 近走上向き / 過小評価傾向
202648072907,2026-07-29,7,アフロビート,4.0,4.0,筒井勇介,57.0,3.0,8.0,6.0,名古屋,B4組,6.0,4.0,名古屋,彦星大空戦(B),3.0,4.0,名古屋,B4組,4.0,7.0,名古屋,B3組,5.0,7.0,名古屋,B4組,15.6,4.0,,nar,2026-07-29,51.37,63.0,48.1,44.7,29.0,63.0,45,履歴少 / 市場オッズ妙味
202648072907,2026-07-29,7,ウィッティングハム,3.0,3.0,木之前葵,53.0,5.0,5.0,8.0,名古屋,B5組,1.0,4.0,名古屋,邨松名古屋でも頑張れ(B),4.0,4.0,名古屋,ちひろとはると付き合(B),3.0,3.0,名古屋,金シャチ最終戦(C),2.0,2.0,名古屋,C3組,20.7,6.0,,nar,2026-07-29,66.98,82.4,61.6,100.0,35.0,60.2,45,履歴少 / 安定感 / 市場オッズ妙味
202630072907,2026-07-29,7,オガル,4.0,4.0,落合玄太,57.0,6.0,7.0,5.0,門別,水揚日本一苫小牧産ホ(C3),5.0,3.0,門別,大人になった内藤耀悠(C3),3.0,3.0,門別,3歳以上C3ー2C4,5.0,1.0,門別,ビアパーティーAib(C3),1.0,1.0,門別,3歳以上C4ー2,2.8,2.0,,nar,2026-07-29,51.87,69.6,38.2,69.6,29.0,49.2,45,履歴少 / 安定感
202648072907,2026-07-29,7,オーケーサンダー,8.0,6.0,村上弘樹,57.0,8.0,7.0,9.0,名古屋,B4組,10.0,10.0,名古屋,嘉祥特別(A),9.0,7.0,門別,クレマチス特別(B2),10.0,8.0,門別,コスモバルク記念〔H(重賞),7.0,5.0,門別,エピファネイア・プレ(B2),25.7,8.0,,nar,2026-07-29,42.0,39.4,48.0,0.0,62.0,53.7,45,履歴少 / 市場オッズ妙味
202645072907,2026-07-29,7,ガヴァルニー,5.0,5.0,矢野貴之,56.0,4.0,10.0,5.0,2東京7,3歳未勝利,13.0,8.0,4中山6,2歳新馬,,,,,,,,,,,,,11.1,5.0,,nar,2026-07-29,34.07,27.5,26.2,18.0,55.4,48.4,45,履歴少 / サンプル少
202645072907,2026-07-29,7,キタノローズ,1.0,1.0,本田正重,54.0,8.0,7.0,6.0,3東京2,3歳未勝利,5.0,10.0,2東京10,3歳未勝利,11.0,7.0,3中山5,3歳未勝利,7.0,9.0,1阪神10,3歳未勝利,9.0,11.0,2中山1,3歳未勝利,3.6,2.0,,nar,2026-07-29,48.87,48.0,54.6,24.9,56.0,58.1,45,履歴少
202630072907,2026-07-29,7,クラスヴァンクル,3.0,3.0,高松亮,57.0,5.0,3.0,2.0,門別,夏秋どりいちごすずあ(C3),2.0,5.0,門別,3歳以上C3ー2C4,3.0,4.0,門別,3歳以上C3ー2C4,6.0,8.0,門別,rapora賞(C3),7.0,8.0,門別,カーネーション特別(C3),13.2,5.0,,nar,2026-07-29,65.59,79.2,57.3,75.1,59.0,64.9,45,履歴少 / 安定感 / 市場オッズ妙味
202648072907,2026-07-29,7,クリノナイスガイ,5.0,5.0,細川智史,57.0,12.0,11.0,12.0,名古屋,B5組,10.0,12.0,名古屋,半夏生特別(A),9.0,12.0,名古屋,嘉祥特別(A),9.0,11.0,名古屋,薄暑大空特別(A),11.0,10.0,名古屋,こどもの日特別(A),171.7,12.0,,nar,2026-07-29,40.08,27.5,61.1,0.0,42.5,58.1,45,履歴少
202650072907,2026-07-29,7,グティ,7.0,7.0,井上幹太,57.0,10.0,5.0,3.0,園田,C2二,,,園田,ラベンダー賞C2二,4.0,4.0,園田,C2二,8.0,1.0,園田,C2二,3.0,3.0,園田,C2二,206.8,10.0,,nar,2026-07-29,51.52,67.6,34.8,60.5,50.0,46.2,45,履歴少 / 安定感
202648072907,2026-07-29,7,グラスチアー,7.0,6.0,加藤誓二,55.0,11.0,10.0,10.0,名古屋,B4組,1.0,2.0,名古屋,駆け上がれ!しゃちほ(B),4.0,9.0,名古屋,B14組,7.0,7.0,名古屋,君枝&翔結婚12周年(B),7.0,9.0,名古屋,B14組,131.2,11.0,,nar,2026-07-29,51.92,61.4,60.1,44.7,18.5,58.7,45,履歴少
202648072907,2026-07-29,7,サトノスフィア,12.0,8.0,塚本征吾,57.0,4.0,1.0,1.0,名古屋,来週から開催!第2回(B),3.0,1.0,名古屋,邨松名古屋でも頑張れ(B),2.0,4.0,名古屋,西尾大空特別(C),1.0,1.0,名古屋,C6組,1.0,3.0,名古屋,C16組,2.2,1.0,,nar,2026-07-29,69.31,94.4,50.7,100.0,54.5,54.7,45,履歴少 / 安定感
202650072907,2026-07-29,7,シェナスカイ,4.0,4.0,廣瀬航,56.0,4.0,3.0,4.0,園田,乃井野7ハロンC2一,2.0,2.0,園田,西脇市日本のへそ特別(BC1),6.0,6.0,園田,菖蒲賞,2.0,4.0,園田,3歳B,1.0,3.0,園田,3歳C1,6.7,2.0,,nar,2026-07-29,65.43,84.1,55.6,80.2,48.5,61.3,45,履歴少 / 安定感
202630072907,2026-07-29,7,シュヴィル,1.0,1.0,小川悠汰,54.0,9.0,4.0,9.0,門別,夏秋どりいちごすずあ(C3),6.0,8.0,門別,レジェンド・折茂社長(C3),13.0,11.0,門別,グランシャリオドリー(C3),11.0,12.0,門別,バターが切れTENズ(C3),7.0,8.0,門別,ヒナゲシ特別(C3),100.4,9.0,,nar,2026-07-29,54.4,47.1,63.1,30.4,81.5,58.1,45,履歴少 / 近走上向き
202645072907,2026-07-29,7,ステラゲイル,7.0,6.0,丸田恭介,56.0,11.0,13.0,15.0,3東京5,3歳未勝利,8.0,9.0,船橋,ナイスサドル特別(3歳未格),9.0,14.0,1中京5,3歳未勝利,8.0,10.0,1中山9,3歳未勝利,8.0,10.0,5中山4,2歳新馬,98.9,11.0,,nar,2026-07-29,40.07,30.3,66.4,0.0,21.5,61.3,45,履歴少 / 人気以上に走る傾向
202645072907,2026-07-29,7,タイヨウノユビワ,10.0,8.0,野中悠太,54.0,6.0,12.0,11.0,2東京12,3歳未勝利,15.0,15.0,5中山7,2歳新馬,,,,,,,,,,,,,63.5,9.0,,nar,2026-07-29,36.73,21.6,43.4,18.0,55.4,49.7,45,履歴少 / サンプル少
202650072907,2026-07-29,7,ツキムスビ,9.0,8.0,吉村智洋,55.0,6.0,2.0,4.0,園田,C2一,5.0,2.0,園田,C2一,2.0,2.0,園田,C2一,7.0,4.0,園田,クロッカス賞C1一,7.0,4.0,園田,チャンピオンジョッキ(B2),1.3,1.0,,nar,2026-07-29,60.17,76.0,43.8,75.1,69.5,46.6,45,履歴少 / 近走上向き / 安定感
202645072907,2026-07-29,7,テンカラットレター,2.0,2.0,新原周馬,56.0,5.0,7.0,10.0,2福島2,3歳未勝利,7.0,6.0,3東京4,3歳未勝利,3.0,16.0,2東京10,3歳未勝利,13.0,13.0,3中山3,3歳未勝利,9.0,10.0,川崎,マーチフラワー賞(3歳),9.8,4.0,,nar,2026-07-29,54.91,49.7,73.3,19.8,56.0,70.1,45,履歴少 / 人気以上に走る傾向 / 過小評価傾向
202630072907,2026-07-29,7,ドラゴンウィッシュ,2.0,2.0,坂下秀樹,57.0,10.0,10.0,10.0,門別,夏秋どりいちごすずあ(C3),7.0,9.0,門別,レジェンド・折茂社長(C3),12.0,9.0,門別,バターが切れTENズ(C3),10.0,8.0,水沢,C1,12.0,12.0,大井,C213　14,125.3,10.0,,nar,2026-07-29,37.42,29.2,47.3,0.0,51.5,51.5,45,履歴少
202630072907,2026-07-29,7,ドリームジャック,6.0,6.0,藤田凌駕,55.0,4.0,9.0,9.0,門別,水揚日本一苫小牧産ホ(C3),9.0,5.0,門別,道産子企業北海道競馬(C3),6.0,6.0,門別,グランシャリオドリー(C3),,,門別,ステラヴェローチェ賞(C3),6.0,4.0,門別,3歳以上C3ー2C4,81.4,8.0,,nar,2026-07-29,37.95,44.5,40.1,0.0,38.0,48.6,45,履歴少
202650072907,2026-07-29,7,ニンカリ,8.0,7.0,福原杏,55.0,7.0,4.0,7.0,園田,C2二,7.0,5.0,園田,神影7ハロンC2二,1.0,1.0,園田,C3二,7.0,8.0,園田,C3一,8.0,4.0,園田,C3一,140.8,8.0,,nar,2026-07-29,56.36,68.0,51.0,50.2,60.5,52.2,45,履歴少
202648072907,2026-07-29,7,ハクサンシャトル,2.0,2.0,今井貴大,57.0,7.0,4.0,7.0,名古屋,B6組,1.0,1.0,名古屋,B11組,1.0,2.0,名古屋,アジア・アジアパラ応(C),5.0,3.0,名古屋,弥紗ちゃん誕生日おめ(C),2.0,4.0,名古屋,C9組,22.9,7.0,,nar,2026-07-29,67.63,87.2,57.2,100.0,39.5,58.9,45,履歴少 / 安定感 / 市場オッズ妙味
202648072907,2026-07-29,7,ハルノウミ,6.0,5.0,深澤杏花,53.0,10.0,9.0,7.0,名古屋,サビク賞(B),2.0,4.0,名古屋,カササギ賞(B),4.0,2.0,名古屋,B9組,4.0,4.0,名古屋,B9組,2.0,2.0,名古屋,B13組,36.5,10.0,,nar,2026-07-29,52.84,69.5,46.5,69.6,14.0,55.0,45,履歴少 / 安定感 / 市場オッズ妙味
202630072907,2026-07-29,7,フィンガルスケーブ,7.0,7.0,小野楓馬,55.0,2.0,3.0,5.0,門別,3歳以上C3ー2C4,1.0,1.0,門別,3歳以上C4ー2,3.0,4.0,門別,3歳以上C4ー2,1.0,4.0,門別,キショウブ特別(C4),3.0,1.0,門別,3歳以上C4ー3,1.8,1.0,,nar,2026-07-29,68.53,90.3,57.3,100.0,44.0,55.1,45,履歴少 / 安定感
202645072907,2026-07-29,7,フォルナカリア,8.0,7.0,石神深道,54.0,2.0,6.0,6.0,3東京3,3歳未勝利,2.0,1.0,浦和,ツインゴールド特別(3歳),5.0,4.0,1東京1,3歳未勝利,7.0,2.0,4中山6,2歳新馬,,,,,2.5,1.0,,nar,2026-07-29,50.87,69.4,40.8,44.7,42.0,48.2,45,履歴少
202645072907,2026-07-29,7,フルミネビアンコ,4.0,4.0,櫻井光輔,56.0,9.0,1.0,1.0,川崎,3歳5,1.0,4.0,川崎,3歳9,6.0,6.0,川崎,2歳6,4.0,3.0,川崎,スパーキングデビュー(2歳),,,,,12.1,6.0,,nar,2026-07-29,67.09,87.3,54.7,69.9,66.0,62.2,45,履歴少 / 近走上向き / 安定感 / 市場オッズ妙味
202645072907,2026-07-29,7,フローレスカラーズ,11.0,8.0,佐藤翔馬,51.0,1.0,12.0,7.0,1函館3,3歳未勝利,3.0,11.0,2東京12,3歳未勝利,14.0,7.0,2中山5,3歳未勝利,6.0,2.0,1東京8,3歳新馬,,,,,12.8,7.0,,nar,2026-07-29,37.59,37.2,38.3,24.9,24.0,54.4,45,履歴少 / 市場オッズ妙味
202650072907,2026-07-29,7,ブザービーター,5.0,5.0,小牧太,56.0,2.0,10.0,7.0,1函館6,3歳未勝利,8.0,14.0,3東京3,3歳未勝利,14.0,9.0,2中山6,3歳未勝利,12.0,12.0,5中山8,2歳新馬,,,,,9.7,4.0,,nar,2026-07-29,37.46,23.7,46.8,0.0,58.0,58.0,45,履歴少
202650072907,2026-07-29,7,ブチエーコウネ,1.0,1.0,小谷哲平,54.0,8.0,9.0,8.0,園田,乃井野7ハロンC2一,5.0,5.0,園田,西脇市日本のへそ特別(BC1),2.0,3.0,園田,3歳B,11.0,12.0,園田,のじぎく賞(重賞),3.0,2.0,園田,3歳BC1,168.0,9.0,,nar,2026-07-29,49.93,57.7,49.6,55.0,27.5,53.5,45,履歴少
202645072907,2026-07-29,7,ブライトドリーム,3.0,3.0,藤田凌,57.0,10.0,2.0,2.0,川崎,ジューンフラワー賞(3歳),2.0,6.0,川崎,エメラルドフラワー賞(3歳),4.0,1.0,大井,3歳四　五,11.0,10.0,大井,クラシックチャレンジ(OP)(3歳),2.0,2.0,大井,3歳二　三,5.5,3.0,,nar,2026-07-29,65.11,78.3,51.8,85.4,66.5,57.3,45,履歴少 / 近走上向き / 安定感
202630072907,2026-07-29,7,ブライトホウショウ,5.0,5.0,亀井洋司,55.0,3.0,6.0,7.0,門別,3歳以上C3ー2C4,1.0,3.0,門別,3歳以上C4ー2,3.0,2.0,門別,3歳以上C4ー2,1.0,1.0,門別,3歳条件未勝利(未勝利),3.0,3.0,門別,3歳条件未勝利(未勝利),61.9,7.0,,nar,2026-07-29,59.91,83.0,54.2,69.6,26.0,54.8,45,履歴少 / 安定感
202650072907,2026-07-29,7,ブラックレイ,2.0,2.0,渡瀬和幸,57.0,1.0,9.0,4.0,4中京3,3歳未勝利,,4.0,4東京8,2歳新馬,,,,,,,,,,,,,13.0,5.0,,nar,2026-07-29,36.28,37.6,32.9,29.6,40.6,35.1,45,履歴少 / サンプル少
202630072907,2026-07-29,7,ベルテオドーラ,8.0,7.0,桑村真明,55.0,7.0,1.0,6.0,門別,3歳以上C4ー2,5.0,5.0,門別,3歳以上C4ー2,,,門別,3歳以上C4ー2,5.0,3.0,門別,3歳以上C4ー2,15.0,16.0,3中山8,3歳未勝利,9.8,4.0,,nar,2026-07-29,67.75,71.4,61.6,69.9,94.0,63.0,45,履歴少 / 近走上向き / 安定感
202645072907,2026-07-29,7,ボンセレンシス,9.0,7.0,町田直希,56.0,7.0,9.0,3.0,川崎,ジュライフラワー賞(3歳C1),3.0,5.0,川崎,ジューンフラワー賞(3歳),2.0,9.0,川崎,アウラー賞(3歳),10.0,6.0,川崎,鶴鷸賞(3歳),1.0,1.0,川崎,2歳4,42.1,8.0,,nar,2026-07-29,50.46,64.5,46.3,55.0,20.0,55.6,45,履歴少 / 市場オッズ妙味
202630072907,2026-07-29,7,ミラージュフルール,9.0,8.0,石川倭,55.0,8.0,6.0,5.0,門別,夏秋どりいちごすずあ(C3),1.0,3.0,門別,ホクレンBB肥料賞(C4),1.0,4.0,門別,渓流の女王ヤマベ賞(C4),2.0,6.0,門別,3歳以上C4ー3,9.0,7.0,門別,ゲッケイジュ特別(C4),35.2,6.0,,nar,2026-07-29,60.43,80.1,58.1,59.3,33.5,60.2,45,履歴少 / 市場オッズ妙味
202650072907,2026-07-29,7,メイショウマツリ,6.0,6.0,松木大地,57.0,9.0,5.0,3.0,園田,糺の森7ハロンC2二,6.0,3.0,園田,C2,2.0,3.0,園田,C2二,1.0,2.0,園田,C3一,2.0,3.0,園田,C3一,36.6,6.0,,nar,2026-07-29,57.87,77.9,43.6,75.1,36.5,55.0,45,履歴少 / 安定感 / 市場オッズ妙味
202648072907,2026-07-29,7,ラブリーサイン,9.0,7.0,渡辺竜也,55.0,2.0,3.0,6.0,名古屋,B5組,6.0,7.0,名古屋,半夏生特別(A),7.0,7.0,名古屋,アンタレス特別(B),8.0,4.0,名古屋,レディス・アストライ(B),9.0,6.0,名古屋,こと座流星群特別(B),3.3,2.0,,nar,2026-07-29,54.33,60.9,51.9,30.4,77.0,53.1,45,履歴少 / 近走上向き
202650072907,2026-07-29,7,リングベルガール,10.0,8.0,杉浦健太,55.0,5.0,7.0,6.0,園田,C2一,6.0,3.0,園田,C2一,1.0,5.0,園田,C2二,1.0,1.0,園田,C3二,4.0,3.0,園田,C3一,57.8,7.0,,nar,2026-07-29,52.2,73.0,47.4,44.7,26.0,52.9,45,履歴少
202648072907,2026-07-29,7,ルナフェイズ,10.0,7.0,丸山真一,55.0,9.0,11.0,3.0,名古屋,B4組,1.0,1.0,名古屋,B13組,1.0,1.0,名古屋,金シャチ最終戦(C),3.0,1.0,名古屋,油ヶ淵賞(C),1.0,4.0,名古屋,C12組,27.9,9.0,,nar,2026-07-29,48.58,73.3,33.1,69.6,0.0,51.8,45,履歴少 / 安定感 / 市場オッズ妙味
202648072907,2026-07-29,7,ルミナスピラー,11.0,8.0,近藤颯羽,52.0,1.0,1.0,5.0,名古屋,B7組,7.0,3.0,名古屋,カササギ賞(B),2.0,5.0,名古屋,B9組,,,名古屋,もさ11歳おめでとう(B),3.0,5.0,名古屋,B11組,5.5,3.0,,nar,2026-07-29,65.52,82.2,58.3,60.5,68.0,61.3,45,履歴少 / 近走上向き / 安定感
202650072907,2026-07-29,7,レディーペガサス,3.0,3.0,田野豊三,55.0,3.0,4.0,3.0,園田,乃井野7ハロンC2一,3.0,3.0,園田,C2一,4.0,4.0,園田,C2一,2.0,8.0,園田,C2一,2.0,4.0,園田,C2二,7.9,3.0,,nar,2026-07-29,66.73,82.0,55.4,100.0,42.5,63.3,45,履歴少 / 安定感
202648072908,2026-07-29,8,アオカミ,2.0,2.0,大畑慧悟,57.0,6.0,2.0,2.0,名古屋,B5組,12.0,2.0,名古屋,半夏生特別(A),11.0,13.0,2東京4,4歳以上2勝クラス,11.0,14.0,2中山8,鎌ケ谷特別(2勝クラス),9.0,16.0,1東京6,4歳以上2勝クラス,6.4,3.0,,nar,2026-07-29,50.5,41.5,43.4,30.4,100.0,59.2,45,履歴少 / 近走上向き
202645072908,2026-07-29,8,アトラスライズ,7.0,7.0,櫻井光輔,54.0,6.0,4.0,3.0,川崎,かながわ綾瀬のへそ祭(C1),7.0,8.0,川崎,C1一　二,3.0,12.0,川崎,開成町賞(C1),11.0,11.0,船橋,こどもの日スプリント(C1),7.0,8.0,大井,八丈島フリージア賞(C1四),14.1,4.0,,nar,2026-07-29,60.3,60.9,62.8,50.2,68.0,67.8,45,履歴少 / 近走上向き / 過小評価傾向 / 市場オッズ妙味
202645072908,2026-07-29,8,アムリタ,6.0,6.0,和田譲治,54.0,2.0,1.0,3.0,川崎,C2一　二,4.0,2.0,川崎,八幡平ウマッシュルー(C1),8.0,6.0,川崎,紫丁香花賞(C1),1.0,3.0,川崎,C2一　二,2.0,3.0,川崎,C2二　三,1.9,1.0,,nar,2026-07-29,64.76,82.1,50.8,80.2,66.5,53.4,45,履歴少 / 近走上向き / 安定感
202650072908,2026-07-29,8,アースジュエル,4.0,4.0,永井孝典,55.0,7.0,6.0,6.0,園田,C2二,12.0,12.0,川崎,ラファール賞(3歳),11.0,11.0,浦和,ツイントップ特別(3歳),11.0,6.0,川崎,リュフトヒエン賞(3歳),1.0,4.0,川崎,破魔矢賞(3歳),84.7,8.0,,nar,2026-07-29,43.08,38.4,47.1,10.3,66.5,52.2,45,履歴少 / 近走上向き
202648072908,2026-07-29,8,イットウショウグウ,4.0,4.0,近藤颯羽,52.0,12.0,8.0,4.0,浦和,上尾串ぎょうざ賞(C2),14.0,13.0,船橋,五月雨ダッシュ(C2),12.0,7.0,浦和,特選(C2),12.0,3.0,浦和,菜の花特別(C2),12.0,8.0,浦和,小春空特別(C2),114.6,11.0,,nar,2026-07-29,29.36,18.7,20.7,0.0,77.0,38.5,45,履歴少 / 近走上向き
202630072908,2026-07-29,8,イージーオンミー,7.0,7.0,阿部龍,55.0,7.0,3.0,1.0,門別,ヒダカソウカップ〔H(重賞),2.0,3.0,門別,コスモバルク記念〔H(重賞),10.0,13.0,1阪神4,伊丹S(3勝クラス),7.0,5.0,1中山6,アレキサンドライトS(3勝クラス),4.0,5.0,5中山2,市川S(3勝クラス),12.6,3.0,,nar,2026-07-29,60.48,69.4,50.3,65.7,66.5,61.4,45,履歴少 / 近走上向き / 安定感 / 市場オッズ妙味
202648072908,2026-07-29,8,カワテンティアラ,10.0,7.0,加藤聡一,55.0,5.0,1.0,1.0,名古屋,たいよう&えみ結婚お(B),2.0,1.0,名古屋,B14組,3.0,1.0,名古屋,君枝&翔結婚12周年(B),2.0,2.0,名古屋,犬山特別(C),1.0,1.0,名古屋,C10組,2.3,1.0,,nar,2026-07-29,67.59,93.7,45.5,100.0,56.0,51.6,45,履歴少 / 安定感
202650072908,2026-07-29,8,クレスコウェイ,1.0,1.0,塩津璃菜,53.0,9.0,3.0,2.0,園田,C2二,1.0,1.0,園田,C3,5.0,2.0,園田,C3三,2.0,1.0,園田,C3四,8.0,6.0,園田,一日両決!ダブル重賞(C3),10.8,3.0,,nar,2026-07-29,62.58,81.9,41.3,89.7,56.0,55.6,45,履歴少 / 安定感
202645072908,2026-07-29,8,ケイティキセキ,5.0,5.0,佐野遥久,56.0,3.0,6.0,7.0,川崎,仙人草賞(C1),5.0,4.0,川崎,西洋躑躅賞(C1),7.0,5.0,川崎,王者の眼差し賞(C1),4.0,8.0,川崎,門松特別(B3C1),4.0,4.0,川崎,迅速賞(C1),23.7,5.0,,nar,2026-07-29,54.27,64.4,51.7,49.8,44.0,57.6,45,履歴少 / 市場オッズ妙味
202648072908,2026-07-29,8,コパノデーヴィド,1.0,1.0,木之前葵,55.0,11.0,12.0,9.0,名古屋,ラス・アルハゲ特別(B),8.0,11.0,名古屋,半夏生特別(A),11.0,8.0,名古屋,嘉祥特別(A),9.0,8.0,名古屋,小満特別(A),3.0,7.0,名古屋,春の大三角特別(B),177.8,12.0,,nar,2026-07-29,36.45,32.5,46.6,10.3,24.5,53.5,45,履歴少
202650072908,2026-07-29,8,サンピラーゴールド,6.0,6.0,下原理,57.0,4.0,9.0,9.0,園田,キキョウ賞C2,10.0,6.0,園田,C2一,9.0,13.0,4中山1,3歳未勝利,5.0,3.0,川崎,オーガストフラワー賞(3歳C1),12.0,10.0,1函館5,3歳未勝利,43.4,6.0,,nar,2026-07-29,40.72,36.2,45.1,14.6,50.0,53.7,45,履歴少 / 市場オッズ妙味
202645072908,2026-07-29,8,シエルラビクトア,4.0,4.0,神尾香澄,52.0,4.0,11.0,9.0,川崎,レイノ賞(C1),6.0,4.0,浦和,特選(C1),3.0,6.0,川崎,C1一　二,7.0,1.0,浦和,桜のまち幸手賞(C1),1.0,2.0,川崎,2026川崎ジョッキ(C2),34.4,6.0,,nar,2026-07-29,41.98,55.6,41.0,30.1,9.5,52.4,45,履歴少 / 市場オッズ妙味
202630072908,2026-07-29,8,シルトプレ,4.0,4.0,石川倭,59.0,3.0,1.0,1.0,門別,富永啓生セレブレーシ(A1),1.0,1.0,門別,シャクヤク特別(A1),1.0,1.0,佐賀,九千部山特別,3.0,3.0,佐賀,はがくれ大賞典(重賞),6.0,4.0,佐賀,佐賀記念(JpnIII),1.3,1.0,,nar,2026-07-29,67.34,93.5,48.6,89.7,60.5,49.8,45,履歴少 / 安定感
202648072908,2026-07-29,8,シンコーマーチャン,12.0,8.0,小笠原羚,54.0,8.0,10.0,8.0,名古屋,あすなろ杯(BC),9.0,10.0,名古屋,さそり座大空特別(B),11.0,8.0,名古屋,おとめ座大空特別(B),5.0,7.0,名古屋,こと座流星群特別(B),4.0,6.0,名古屋,桜月夜特別(B),73.7,10.0,,nar,2026-07-29,41.22,39.2,46.8,24.9,33.5,53.5,45,履歴少
202650072908,2026-07-29,8,スノーデイ,5.0,5.0,杉浦健太,55.0,2.0,4.0,3.0,園田,C2,2.0,2.0,園田,C2一,2.0,5.0,園田,淡河スプリントC2,5.0,1.0,園田,C2三,1.0,1.0,園田,木間生スプリントC3,4.1,2.0,,nar,2026-07-29,64.23,84.5,47.9,100.0,41.0,54.7,45,履歴少 / 安定感
202630072908,2026-07-29,8,ソルジャーフィルド,2.0,2.0,落合玄太,57.0,1.0,4.0,3.0,門別,赤レンガ記念〔H3〕(重賞),4.0,2.0,門別,コスモバルク記念〔H(重賞),8.0,2.0,門別,道営記念〔H1〕(重賞),10.0,9.0,大井,ジャパンダートクラシ(JpnI),1.0,1.0,門別,グランシャリオドリー(A1),3.4,2.0,,nar,2026-07-29,53.12,65.2,35.1,65.7,60.5,48.7,45,履歴少 / 安定感
202645072908,2026-07-29,8,テルケンユミミヅキ,3.0,3.0,中越琉世,53.0,1.0,2.0,1.0,川崎,あやせオープンファク(C1),1.0,2.0,川崎,郭公賞(3歳),1.0,4.0,川崎,3歳9,3.0,5.0,川崎,3歳7,6.0,6.0,川崎,おみくじ賞(3歳),3.7,3.0,,nar,2026-07-29,68.94,91.1,55.8,89.7,54.5,58.8,45,履歴少 / 安定感
202648072908,2026-07-29,8,テーオーニルソン,6.0,5.0,大原浩司,55.0,7.0,5.0,7.0,名古屋,B4組,1.0,2.0,名古屋,健太まだ若いぞ!35(B),2.0,3.0,名古屋,B10組,6.0,6.0,名古屋,B12組,6.0,3.0,名古屋,B11組,40.6,9.0,,nar,2026-07-29,61.88,78.7,55.2,75.1,42.5,56.9,45,履歴少 / 安定感 / 市場オッズ妙味
202630072908,2026-07-29,8,ディーエスエール,3.0,3.0,岩橋勇二,56.0,4.0,3.0,2.0,門別,富永啓生セレブレーシ(A1),1.0,3.0,門別,ソフトカツゲン発売7(A3),3.0,5.0,門別,ベロニカ特別(A1),5.0,3.0,門別,シャクヤク特別(A1),2.0,6.0,門別,スミレ特別(A3),16.3,5.0,,nar,2026-07-29,68.85,86.5,55.0,100.0,48.5,65.1,45,履歴少 / 安定感 / 過小評価傾向 / 市場オッズ妙味
202650072908,2026-07-29,8,ドリームハーモニー,7.0,7.0,高橋洸佑,52.0,5.0,6.0,10.0,園田,C2,3.0,7.0,園田,3歳C1,2.0,4.0,園田,3歳C1二,14.0,13.0,3中山7,3歳未勝利,15.0,16.0,2阪神6,3歳未勝利,15.0,4.0,,nar,2026-07-29,59.55,57.3,68.0,44.7,65.0,68.0,45,履歴少 / 人気以上に走る傾向 / 近走上向き / 過小評価傾向
202650072908,2026-07-29,8,ハイライフ,2.0,2.0,小谷哲平,54.0,1.0,8.0,11.0,園田,C2,7.0,10.0,園田,C2二,4.0,6.0,園田,丹生地スプリントC2,6.0,5.0,園田,C2二,5.0,8.0,園田,C2一,93.4,9.0,,nar,2026-07-29,52.44,57.1,65.5,30.1,35.0,60.0,45,履歴少 / 人気以上に走る傾向
202648072908,2026-07-29,8,バイマイセルフ,9.0,7.0,塚本征吾,57.0,10.0,,,名古屋,天の川疾風戦(B),4.0,2.0,名古屋,B5組,2.0,3.0,名古屋,B6組,3.0,2.0,名古屋,B8組,1.0,1.0,名古屋,B14組,21.2,6.0,,nar,2026-07-29,60.01,85.8,45.5,69.6,38.0,54.7,45,履歴少 / 安定感 / 市場オッズ妙味
202648072908,2026-07-29,8,ピーチブロッサム,3.0,3.0,丸野勝虎,55.0,1.0,5.0,6.0,名古屋,風待月特別(A),5.0,6.0,名古屋,嘉祥特別(A),9.0,6.0,名古屋,五月雨特別(A),7.0,4.0,名古屋,こどもの日特別(A),5.0,5.0,浦和,蒲公英特別(B3),5.4,2.0,,nar,2026-07-29,54.91,59.3,46.7,65.7,59.0,54.6,45,履歴少 / 安定感
202645072908,2026-07-29,8,フィリグラン,8.0,8.0,本田正重,54.0,5.0,2.0,2.0,川崎,C2一　二,1.0,5.0,川崎,C2一　二,3.0,3.0,川崎,C2一　二,5.0,2.0,川崎,C2一　二,2.0,3.0,川崎,C2一　二,3.2,2.0,,nar,2026-07-29,68.92,88.9,54.6,100.0,54.5,56.3,45,履歴少 / 安定感
202645072908,2026-07-29,8,ブラックトルマリン,1.0,1.0,,,,2.0,2.0,川崎,かながわ綾瀬のへそ祭(C1),1.0,1.0,川崎,黄連雀賞(3歳),1.0,1.0,川崎,3歳8,2.0,1.0,川崎,スパーキングデビュー(2歳),,,,,,,,nar,2026-07-29,66.21,96.0,48.9,89.7,46.0,48.8,45,履歴少 / 安定感
202648072908,2026-07-29,8,ブルスケッタ,8.0,6.0,村上弘樹,55.0,9.0,10.0,1.0,名古屋,B5組,1.0,1.0,名古屋,B9組,1.0,1.0,名古屋,菖蒲月疾風特別(C),1.0,1.0,名古屋,C10組,15.0,15.0,1中京2,4歳以上1勝クラス,6.4,4.0,,nar,2026-07-29,47.32,67.8,30.9,59.3,17.0,52.1,45,履歴少
202630072908,2026-07-29,8,ブレイブアモーレ,6.0,6.0,服部茂史,56.0,2.0,2.0,4.0,門別,富永啓生セレブレーシ(A1),3.0,5.0,門別,デルフィニウム特別(A1),2.0,7.0,門別,シャクヤク特別(A1),4.0,8.0,門別,スミレ特別(A3),7.0,7.0,門別,ナダル・プレミアム(A1),14.7,4.0,,nar,2026-07-29,72.37,83.5,68.7,89.7,62.0,69.9,45,履歴少 / 人気以上に走る傾向 / 安定感 / 過小評価傾向
202630072908,2026-07-29,8,ベルグラシアス,5.0,5.0,小野楓馬,54.0,6.0,13.0,14.0,大井,ブリリアントカップ競(重賞),5.0,7.0,大井,ブリリアントカップト(A2),4.0,5.0,大井,アメジスト賞競走(A2),12.0,12.0,大井,金盃競走(重賞),12.0,15.0,大井,東京大賞典競走(GI),54.6,6.0,,nar,2026-07-29,44.9,36.2,59.2,44.7,21.5,58.1,45,履歴少
202648072908,2026-07-29,8,ベレーザフィン,7.0,6.0,丹羽克輝,55.0,4.0,6.0,9.0,名古屋,サビク賞(B),4.0,4.0,名古屋,B5組,7.0,6.0,名古屋,B5組,5.0,7.0,名古屋,B4組,3.0,6.0,名古屋,B6組,25.5,8.0,,nar,2026-07-29,56.81,66.1,59.2,49.8,42.5,60.9,45,履歴少 / 市場オッズ妙味
202650072908,2026-07-29,8,マイティスカイ,8.0,8.0,竹村達也,55.0,6.0,7.0,7.0,園田,C2二,1.0,3.0,園田,3歳C2,7.0,8.0,園田,奥海ダッシュ3歳C2,5.0,7.0,園田,3歳C2,9.0,12.0,園田,3歳C1,63.2,7.0,,nar,2026-07-29,54.66,64.6,59.1,39.5,41.0,58.7,45,履歴少
202630072908,2026-07-29,8,マスグラバイト,1.0,1.0,黒澤愛斗,55.0,5.0,6.0,8.0,門別,アルビレオ特別(A2),2.0,4.0,門別,夕張メロン、味は特別(A4),14.0,11.0,2東京3,4歳以上2勝クラス,15.0,9.0,1中京6,鈴鹿特別(2勝クラス),4.0,1.0,盛岡,東京カップけやき賞(A),101.1,7.0,,nar,2026-07-29,48.07,49.0,45.3,35.3,66.5,48.3,45,履歴少 / 近走上向き
202650072908,2026-07-29,8,ミルトメテオ,3.0,3.0,廣瀬航,56.0,3.0,2.0,1.0,園田,C2三,8.0,6.0,3阪神1,3歳未勝利,7.0,9.0,3京都2,3歳未勝利,14.0,11.0,1阪神3,3歳未勝利,12.0,8.0,2京都5,3歳未勝利,1.3,1.0,,nar,2026-07-29,50.53,50.4,41.2,30.4,99.5,45.9,45,履歴少 / 近走上向き
202650072908,2026-07-29,8,メイショウサザナミ,9.0,8.0,松木大地,55.0,8.0,16.0,14.0,3阪神4,3歳未勝利,10.0,13.0,3京都10,3歳未勝利,13.0,6.0,1新潟4,3歳未勝利,6.0,13.0,1福島5,3歳未勝利,13.0,11.0,2京都5,3歳新馬,36.4,5.0,,nar,2026-07-29,30.35,16.9,47.0,0.0,17.0,55.6,45,履歴少 / 市場オッズ妙味
202648072908,2026-07-29,8,ユアグローリー,5.0,5.0,細川智史,57.0,2.0,5.0,11.0,名古屋,あすなろ杯(BC),10.0,11.0,名古屋,さそり座大空特別(B),6.0,9.0,名古屋,かんむり座特別(B),5.0,6.0,名古屋,アークトゥルス特別(B),6.0,8.0,名古屋,こと座流星群特別(B),22.2,7.0,,nar,2026-07-29,58.87,55.6,71.1,45.0,60.5,64.8,45,履歴少 / 人気以上に走る傾向 / 市場オッズ妙味
202648072908,2026-07-29,8,ワウワウワウ,11.0,8.0,渡辺竜也,57.0,3.0,4.0,4.0,名古屋,B4組,4.0,6.0,名古屋,星合特別(B),7.0,7.0,名古屋,さそり座大空特別(B),10.0,9.0,名古屋,おとめ座大空特別(B),6.0,3.0,名古屋,アークトゥルス特別(B),6.8,5.0,,nar,2026-07-29,56.68,62.6,50.3,55.3,66.5,56.9,45,履歴少 / 近走上向き
202645072908,2026-07-29,8,ヴォラーレ,2.0,2.0,伊藤裕人,56.0,7.0,6.0,4.0,川崎,かながわ綾瀬のへそ祭(C1),6.0,12.0,川崎,C1一　二,16.0,16.0,2東京7,4歳以上1勝クラス,15.0,15.0,2東京4,4歳以上1勝クラス,16.0,16.0,1福島2,4歳以上1勝クラス,87.1,7.0,,nar,2026-07-29,46.36,33.2,56.2,0.0,93.5,56.1,45,履歴少 / 近走上向き
202645072909,2026-07-29,9,アルティメット,8.0,8.0,中越琉世,54.0,8.0,5.0,5.0,川崎,かながわ綾瀬のへそ祭(C1),10.0,10.0,川崎,C1一　二,4.0,10.0,川崎,花菱草賞(C1),,10.0,川崎,C1一　二,10.0,10.0,川崎,鳴門賞(C1),31.7,7.0,,nar,2026-07-29,56.51,53.3,59.7,50.2,68.0,61.2,45,履歴少 / 近走上向き / 市場オッズ妙味
202650072909,2026-07-29,9,アレナトーレ,2.0,2.0,小谷哲平,55.0,3.0,1.0,1.0,園田,C2二,1.0,1.0,園田,C3,3.0,1.0,園田,米地ダッシュC3,7.0,2.0,姫路,C2二,4.0,2.0,園田,パカやろう!睦月の蹄(C2),5.0,2.0,,nar,2026-07-29,64.09,87.4,40.7,85.4,66.5,51.0,45,履歴少 / 近走上向き / 安定感
202648072909,2026-07-29,9,ウィウィルウィン,7.0,6.0,丹羽克輝,57.0,9.0,2.0,8.0,名古屋,サビク賞(B),4.0,6.0,名古屋,シャウラ疾風特別(B),7.0,9.0,名古屋,皐月疾風特別(A),7.0,5.0,笠松,春鳥特別(B),1.0,3.0,笠松,B3組,8.6,4.0,,nar,2026-07-29,67.0,75.1,68.4,65.7,66.5,65.7,45,履歴少 / 人気以上に走る傾向 / 近走上向き / 安定感
202630072909,2026-07-29,9,ウマナミカイドウ,3.0,3.0,藤田凌駕,55.0,8.0,9.0,10.0,門別,3歳以上C4ー2,11.0,8.0,門別,日高サラブレッドサブ(C4),9.0,6.0,門別,ゲラニウム特別(C4),11.0,16.0,1福島5,3歳未勝利,12.0,16.0,1中山3,3歳未勝利,84.2,8.0,,nar,2026-07-29,39.41,27.2,50.7,0.0,60.5,56.1,45,履歴少
202645072909,2026-07-29,9,オオタニズスマイル,6.0,6.0,秋元耕成,56.0,6.0,6.0,7.0,浦和,蟹座特別(C1C2),10.0,10.0,名古屋,コスモ大空特別(A),7.0,11.0,名古屋,エメラルドOP(A),9.0,8.0,名古屋,グランプリ・プレリュ(A),5.0,4.0,名古屋,芝桜昇竜戦(A),14.8,5.0,,nar,2026-07-29,48.67,47.8,55.9,10.3,60.5,63.4,45,履歴少 / 市場オッズ妙味
202648072909,2026-07-29,9,オリオンハート,3.0,3.0,小笠原羚,52.0,7.0,7.0,1.0,名古屋,サビク賞(B),8.0,2.0,名古屋,五月雨特別(A),3.0,6.0,名古屋,目出鯛特別(A),8.0,3.0,名古屋,トラフグ特別(A),1.0,1.0,名古屋,豊田特別(A),3.4,2.0,,nar,2026-07-29,42.15,60.1,25.8,30.1,38.0,46.1,45,履歴少
202650072909,2026-07-29,9,ギャラン,1.0,1.0,塩津璃菜,53.0,8.0,7.0,8.0,園田,宍道スプリントC2,8.0,8.0,姫路,初コラボも全部まとめ(B2C1),11.0,11.0,姫路,C1,3.0,7.0,姫路,パンジー賞C1二,6.0,8.0,姫路,C1二,43.8,6.0,,nar,2026-07-29,48.38,49.2,57.7,14.6,50.0,60.9,45,履歴少 / 市場オッズ妙味
202648072909,2026-07-29,9,クインタレッリ,11.0,8.0,加藤利征,57.0,11.0,6.0,12.0,名古屋,ラス・アルハゲ特別(B),10.0,11.0,名古屋,桧扇特別(A),10.0,10.0,名古屋,水無月疾風特別(A),8.0,7.0,名古屋,ネモフィラ特別(A),11.0,9.0,名古屋,穀雨特別(A),14.4,7.0,,nar,2026-07-29,48.03,39.2,62.0,0.0,72.5,64.0,45,履歴少 / 近走上向き / 市場オッズ妙味
202648072909,2026-07-29,9,サトノパトス,4.0,4.0,村上弘樹,57.0,12.0,9.0,4.0,名古屋,ラス・アルハゲ特別(B),3.0,3.0,名古屋,B5組,3.0,4.0,名古屋,B5組,4.0,5.0,名古屋,ヌサカン大空戦(B),3.0,2.0,名古屋,B7組,64.3,11.0,,nar,2026-07-29,50.8,68.2,41.0,69.6,15.5,50.9,45,履歴少 / 安定感
202630072909,2026-07-29,9,シナモンデイジー,6.0,6.0,宮内勇樹,55.0,3.0,3.0,6.0,門別,3歳以上C4ー2,5.0,3.0,門別,3歳以上C4ー2,7.0,2.0,門別,沙流川温泉ひだか高原(C4),2.0,3.0,門別,3歳以上C4ー2,7.0,2.0,門別,ウツギ特別(C4),3.7,3.0,,nar,2026-07-29,58.01,71.6,43.4,69.9,63.5,50.4,45,履歴少 / 安定感
202645072909,2026-07-29,9,スターアドミラル,4.0,4.0,和田譲治,56.0,5.0,12.0,10.0,川崎,ブラックジャック賞(C1),6.0,11.0,川崎,C1一　二,3.0,9.0,浦和,月見草特別(C1),10.0,6.0,川崎,花菱草賞(C1),4.0,8.0,川崎,C1一　二,27.7,6.0,,nar,2026-07-29,46.29,47.1,61.6,30.1,12.5,62.1,45,履歴少 / 市場オッズ妙味
202648072909,2026-07-29,9,タイセイフォルテ,9.0,7.0,今井貴大,57.0,6.0,4.0,4.0,名古屋,天の川疾風戦(B),11.0,9.0,名古屋,シャウラ疾風特別(B),7.0,10.0,名古屋,B7組,10.0,9.0,名古屋,B9組,1.0,7.0,名古屋,デネボラ疾風戦(B),27.2,9.0,,nar,2026-07-29,53.89,52.8,54.0,40.7,69.5,60.2,45,履歴少 / 近走上向き / 市場オッズ妙味
202650072909,2026-07-29,9,タマゴ,6.0,6.0,吉村智洋,56.0,7.0,5.0,1.0,園田,C2一,2.0,3.0,2札幌1,3歳未勝利,6.0,2.0,1函館11,3歳未勝利,3.0,4.0,1函館8,3歳未勝利,8.0,6.0,1新潟8,3歳未勝利,1.4,1.0,,nar,2026-07-29,54.36,72.3,37.3,69.9,48.5,46.2,45,履歴少 / 安定感
202630072909,2026-07-29,9,ダイビングキャッチ,1.0,1.0,石川倭,57.0,4.0,2.0,2.0,門別,3歳以上C4ー2,2.0,4.0,門別,3歳以上C4ー2,10.0,2.0,門別,とみくるマルシェ賞(C4),5.0,4.0,門別,3歳以上C4ー2,16.0,11.0,3中山8,3歳未勝利,2.8,2.0,,nar,2026-07-29,57.56,66.3,37.8,69.9,87.5,46.6,45,履歴少 / 近走上向き / 安定感
202630072909,2026-07-29,9,ティファニジェンヌ,5.0,5.0,近藤翔月,54.0,7.0,9.0,7.0,門別,3歳以上C4ー2,5.0,4.0,門別,道産子ポイントガード(C4),3.0,3.0,門別,3歳以上C4ー2,1.0,9.0,門別,ゲッケイジュ特別(C4),6.0,2.0,門別,3歳以上C4ー3,18.3,6.0,,nar,2026-07-29,52.74,65.3,49.3,59.3,18.5,62.9,45,履歴少 / 市場オッズ妙味
202650072909,2026-07-29,9,テイケイリノ,8.0,8.0,廣瀬航,57.0,2.0,4.0,3.0,園田,宍道スプリントC2,4.0,3.0,園田,C2一,7.0,3.0,園田,ナデシコ賞C2一,1.0,1.0,園田,C2二,1.0,3.0,園田,興治スプリントC3,10.0,4.0,,nar,2026-07-29,59.31,77.2,42.0,80.2,45.5,57.2,45,履歴少 / 安定感
202645072909,2026-07-29,9,デルマニンフ,2.0,2.0,御神本訓,54.0,2.0,2.0,1.0,川崎,キャビア賞(C2),2.0,3.0,川崎,ソルスティツィオ賞(C2),8.0,9.0,川崎,軍配賞(C1二),3.0,2.0,川崎,C1三　四五(C1四),6.0,10.0,川崎,エベレスト賞(C1二),3.0,2.0,,nar,2026-07-29,63.43,78.0,52.9,69.9,66.5,57.3,45,履歴少 / 近走上向き / 安定感
202650072909,2026-07-29,9,ナチュラル,9.0,8.0,福原杏,55.0,5.0,6.0,9.0,園田,宍道スプリントC2,6.0,6.0,園田,C2一,1.0,5.0,園田,丹生地スプリントC2,5.0,3.0,園田,C2二,9.0,12.0,園田,売布ガ丘ダッシュC2,21.7,5.0,,nar,2026-07-29,56.23,66.6,62.0,34.3,45.5,61.5,45,履歴少 / 市場オッズ妙味
202645072909,2026-07-29,9,ノーブルウィスパー,5.0,5.0,岡村裕基,54.0,4.0,4.0,5.0,川崎,あやせオープンファク(C1),5.0,8.0,川崎,C1一　二,9.0,7.0,川崎,花菱草賞(C1),6.0,5.0,川崎,C1一　二,2.0,8.0,川崎,鳴門賞(C1),14.0,4.0,,nar,2026-07-29,60.89,65.4,57.9,65.7,59.0,65.8,45,履歴少 / 安定感 / 過小評価傾向 / 市場オッズ妙味
202648072909,2026-07-29,9,ハクサンクラーケン,10.0,7.0,柿原翔,57.0,8.0,12.0,10.0,名古屋,サビク賞(B),9.0,11.0,名古屋,黄金穹特別(A),6.0,8.0,名古屋,水無月疾風特別(A),9.0,7.0,名古屋,皐月疾風特別(A),5.0,9.0,名古屋,湾岸スターC(OP),22.1,8.0,,nar,2026-07-29,39.54,36.8,52.9,10.3,21.5,58.9,45,履歴少 / 市場オッズ妙味
202648072909,2026-07-29,9,ハクサンセレーネ,1.0,1.0,大畑慧悟,55.0,3.0,11.0,9.0,名古屋,黄金穹特別(A),12.0,11.0,船橋,オオカミ座ダッシュ(B2B3),13.0,3.0,船橋,潮干狩りダッシュ(B3),1.0,3.0,船橋,マックホルツダッシュ(C1),3.0,8.0,船橋,全力疾走ダッシュ(C1),44.6,10.0,,nar,2026-07-29,36.0,33.1,35.8,24.9,27.5,52.4,45,履歴少 / 市場オッズ妙味
202630072909,2026-07-29,9,バナナボール,8.0,8.0,松井伸也,55.0,2.0,6.0,8.0,門別,3歳以上C4ー2,5.0,5.0,門別,ゴールデンルーキー市(C4),,,3中山5,3歳未勝利,14.0,17.0,1中京2,3歳未勝利,,,,,7.4,4.0,,nar,2026-07-29,53.57,50.3,60.5,24.9,71.0,63.9,45,履歴少 / 近走上向き
202648072909,2026-07-29,9,ピオニエーレ,5.0,5.0,渡辺竜也,57.0,5.0,12.0,12.0,2小倉3,3歳以上1勝クラス,13.0,14.0,3京都7,4歳以上1勝クラス,8.0,16.0,1新潟1,4歳以上1勝クラス,14.0,15.0,1阪神1,4歳以上1勝クラス,10.0,1.0,川崎,かながわ悪質商法被害(C1),3.3,1.0,,nar,2026-07-29,36.06,16.2,57.3,0.0,45.5,55.7,45,履歴少
202630072909,2026-07-29,9,ピンクシャウラ,2.0,2.0,亀井洋司,57.0,6.0,6.0,7.0,門別,3歳以上C3ー2C4,3.0,11.0,門別,シュウカイドウ特別(C3),7.0,9.0,門別,3歳以上C3ー2C4,11.0,12.0,門別,グランシャリオドリー(C3),11.0,9.0,門別,新冠・新ひだか2デイ(C3),62.8,7.0,,nar,2026-07-29,54.99,54.4,68.4,24.9,62.0,60.0,45,履歴少 / 人気以上に走る傾向
202630072909,2026-07-29,9,フックセンチョウ,7.0,7.0,黒澤愛斗,57.0,5.0,4.0,8.0,門別,ゴールデンルーキー市(C4),10.0,8.0,門別,門別温泉とねっこの湯(C4),6.0,9.0,門別,えんどう豆生まれドリ(C4),10.0,9.0,門別,3歳以上C4ー2,3.0,5.0,門別,3歳以上C4ー2,18.0,5.0,,nar,2026-07-29,56.61,54.7,59.6,40.7,69.5,66.1,45,履歴少 / 近走上向き / 過小評価傾向 / 市場オッズ妙味
202650072909,2026-07-29,9,ブリオーニ,7.0,7.0,小牧太,56.0,1.0,10.0,6.0,園田,C2,3.0,1.0,園田,3歳AB,4.0,1.0,園田,3歳B,1.0,1.0,園田,スーパーマラドーナ☆(C1),7.0,14.0,2京都5,3歳未勝利,7.7,3.0,,nar,2026-07-29,48.53,64.4,38.9,59.3,12.5,57.4,45,履歴少
202648072909,2026-07-29,9,プレイアブルゲーム,2.0,2.0,阪野学,55.0,10.0,2.0,2.0,名古屋,邨松名古屋でも頑張れ(B),1.0,3.0,名古屋,アジア・アジアパラ応(C),4.0,3.0,名古屋,アジア・アジアパラ応(C),1.0,6.0,名古屋,C14組,4.0,5.0,名古屋,C16組,9.6,5.0,,nar,2026-07-29,71.05,90.3,57.9,100.0,53.0,64.2,45,履歴少 / 安定感
202648072909,2026-07-29,9,ベストフラワー,12.0,8.0,加藤聡一,55.0,1.0,2.0,4.0,名古屋,B6組,8.0,10.0,名古屋,アンタレス特別(B),11.0,7.0,名古屋,アルフェッカ特別(B),7.0,6.0,名古屋,桜雅駒(A),3.0,4.0,名古屋,レディス・ブロッサム(B),5.7,3.0,,nar,2026-07-29,56.23,59.1,51.9,40.7,81.5,57.4,45,履歴少 / 近走上向き
202645072909,2026-07-29,9,ボルドーティラミス,3.0,3.0,古岡勇樹,54.0,7.0,7.0,6.0,川崎,かながわ綾瀬のへそ祭(C1),11.0,9.0,川崎,C1一　二,7.0,5.0,浦和,双子座特別(C1),9.0,2.0,川崎,開成町賞(C1),4.0,8.0,川崎,C1一　二,96.8,8.0,,nar,2026-07-29,40.38,44.2,37.4,10.3,54.5,48.3,45,履歴少
202650072909,2026-07-29,9,マリーナサンライズ,3.0,3.0,永井孝典,55.0,4.0,7.0,8.0,園田,C1二,7.0,11.0,園田,C1,9.0,9.0,姫路,C1,7.0,5.0,姫路,初コラボも全部まとめ(B2C1),4.0,5.0,姫路,ニコニコ生放送「魁!(C1),50.1,8.0,,nar,2026-07-29,47.65,51.3,57.8,10.3,48.5,56.1,45,履歴少
202630072909,2026-07-29,9,マルティネーテ,4.0,4.0,小野楓馬,55.0,1.0,3.0,1.0,門別,3歳以上C4ー2,4.0,3.0,門別,とみくるマルシェ賞(C4),2.0,2.0,門別,えんどう豆生まれドリ(C4),3.0,8.0,門別,3歳以上C4ー2,8.0,6.0,門別,3歳以上C4ー2,2.7,1.0,,nar,2026-07-29,63.44,79.5,47.7,89.7,57.5,54.2,45,履歴少 / 安定感
202650072909,2026-07-29,9,ラムセスノムスメ,4.0,4.0,小谷周平,55.0,9.0,7.0,2.0,笠松,幸さん所属おめでとう(C),8.0,2.0,笠松,C級セレクション,2.0,3.0,笠松,石橋和子さんもうすぐ(C),3.0,3.0,笠松,C14組,3.0,1.0,笠松,C15組,59.7,9.0,,nar,2026-07-29,45.47,65.9,28.8,44.7,32.0,45.7,45,履歴少
202648072909,2026-07-29,9,ランニングホット,6.0,5.0,大畑雅章,55.0,2.0,5.0,6.0,名古屋,サビク賞(B),9.0,3.0,川崎,C1一　二,2.0,2.0,川崎,花菱草賞(C1),7.0,4.0,川崎,C1一　二,8.0,4.0,川崎,鳴門賞(C1),74.8,12.0,,nar,2026-07-29,49.35,60.0,35.7,50.2,59.0,45.7,45,履歴少
202650072909,2026-07-29,9,ルクスアンジュ,5.0,5.0,南部楓馬,52.0,6.0,9.0,7.0,金沢,3歳A　2,10.0,9.0,金沢,加賀九谷賞(未勝利)(3歳牝馬),8.0,6.0,金沢,3歳A　2,4.0,3.0,金沢,若い力特別(3歳),3.0,4.0,金沢,3歳A　2,46.7,7.0,,nar,2026-07-29,41.75,46.4,40.9,24.9,33.5,53.0,45,履歴少 / 市場オッズ妙味
202645072909,2026-07-29,9,ロクノレインボー,1.0,1.0,藤本現暉,55.0,3.0,5.0,5.0,浦和,ポピー特別(3歳),5.0,3.0,川崎,不如帰特別(3歳),7.0,5.0,川崎,エイプリルフラワー賞(3歳),1.0,2.0,浦和,3歳二,2.0,2.0,川崎,3歳4,8.2,3.0,,nar,2026-07-29,58.11,72.0,44.8,80.2,42.5,57.0,45,履歴少 / 安定感
202648072909,2026-07-29,9,ワンハート,8.0,6.0,細川智史,55.0,4.0,10.0,9.0,名古屋,B5組,3.0,3.0,名古屋,天の川疾風戦(B),7.0,5.0,名古屋,シャウラ疾風特別(B),2.0,6.0,名古屋,B8組,3.0,2.0,名古屋,デネボラ疾風戦(B),13.9,6.0,,nar,2026-07-29,49.49,61.8,48.5,49.8,12.5,61.2,45,履歴少 / 市場オッズ妙味
202645072909,2026-07-29,9,ヴィトーリアヘーザ,7.0,7.0,新原周馬,54.0,1.0,3.0,2.0,川崎,C1一　二,4.0,3.0,浦和,C1四,4.0,4.0,川崎,紫丁香花賞(C1),1.0,4.0,川崎,C2一　二,1.0,2.0,川崎,C2三　四,1.7,1.0,,nar,2026-07-29,65.25,84.4,49.9,100.0,47.0,53.6,45,履歴少 / 安定感
202648072910,2026-07-29,10,アレステソーロ,4.0,4.0,近藤颯羽,54.0,2.0,4.0,1.0,名古屋,3歳3組,2.0,4.0,名古屋,青嵐賞(3歳),1.0,2.0,名古屋,3歳7組,3.0,2.0,名古屋,3歳7組,13.0,7.0,3中山8,3歳未勝利,11.5,4.0,,nar,2026-07-29,61.94,78.5,43.1,89.7,54.5,55.8,45,履歴少 / 安定感
202650072910,2026-07-29,10,イザグリーンライト,1.0,1.0,小牧太,57.0,3.0,1.0,3.0,園田,DASH観音寺特別A(A2B1),6.0,6.0,園田,初夏特別A2B1,2.0,5.0,園田,A2B1,6.0,6.0,園田,若草特別A2B1,8.0,3.0,園田,椿鬼奴☆来場記念A2(A2B1),8.4,4.0,,nar,2026-07-29,62.69,76.8,54.8,50.2,77.0,59.1,45,履歴少 / 近走上向き
202645072910,2026-07-29,10,インテンシーヴォ,1.0,1.0,木間塚龍,56.0,12.0,10.0,11.0,浦和,晩涼特別(B3),10.0,12.0,船橋,ジュライダッシュ(B3),9.0,10.0,浦和,幸手宿特別(B2B3),11.0,10.0,船橋,オオカミ座ダッシュ(B2B3),7.0,10.0,船橋,潮干狩りダッシュ(B3),151.3,12.0,,nar,2026-07-29,40.6,30.9,58.1,0.0,45.5,57.4,45,履歴少
202648072910,2026-07-29,10,インディクイーン,9.0,7.0,丸野勝虎,55.0,11.0,11.0,16.0,3阪神1,3歳未勝利,11.0,11.0,3京都6,3歳未勝利,7.0,11.0,2阪神1,3歳未勝利,15.0,9.0,1京都5,3歳新馬,,,,,21.8,5.0,,nar,2026-07-29,40.07,23.8,61.2,0.0,50.0,58.7,45,履歴少 / 市場オッズ妙味
202630072910,2026-07-29,10,イントルーダー,10.0,8.0,岩橋勇二,57.0,2.0,5.0,1.0,門別,3歳以上C4ー2,,,門別,3歳以上C4ー2,4.0,3.0,門別,門別温泉とねっこの湯(C4),4.0,3.0,門別,DOセール賞(C4),3.0,1.0,門別,3歳以上C4ー2,2.5,1.0,,nar,2026-07-29,53.91,73.9,33.5,75.1,42.0,47.4,45,履歴少 / 安定感
202648072910,2026-07-29,10,エイシンピリオド,10.0,7.0,東川慎,55.0,5.0,2.0,3.0,名古屋,星路大空特別(3歳),12.0,9.0,名古屋,名古屋CCピーチ賞(3歳),3.0,4.0,名古屋,春駆特別(3歳),2.0,4.0,名古屋,エイプリルドリーム戦(3歳),3.0,6.0,名古屋,名古屋CCオレンジ賞(3歳),49.7,8.0,,nar,2026-07-29,62.02,69.7,52.5,75.1,68.0,58.9,45,履歴少 / 近走上向き / 安定感 / 市場オッズ妙味
202630072910,2026-07-29,10,カネショウラッシュ,2.0,2.0,宮内勇樹,57.0,5.0,4.0,5.0,門別,3歳以上C4ー2,5.0,8.0,門別,とみくるマルシェ賞(C4),7.0,10.0,門別,グランシャリオドリー(C4),7.0,7.0,門別,3歳以上C4ー2,11.0,8.0,川崎,2026川崎ジョッキ(C2),12.0,5.0,,nar,2026-07-29,59.54,60.0,59.3,55.3,71.0,63.2,45,履歴少 / 近走上向き / 市場オッズ妙味
202630072910,2026-07-29,10,カリンテラス,3.0,3.0,藤田凌駕,53.0,9.0,8.0,11.0,門別,3歳以上C4ー2,8.0,7.0,門別,3歳以上C4ー2,12.0,10.0,門別,日高サラブレッドサブ(C4),8.0,6.0,門別,DOセール賞(C4),6.0,7.0,門別,3歳以上C4ー2,155.4,10.0,,nar,2026-07-29,41.4,39.3,50.6,0.0,53.0,52.9,45,履歴少
202648072910,2026-07-29,10,クアラトレンガヌ,11.0,8.0,加藤聡一,57.0,6.0,6.0,9.0,3東京4,3歳未勝利,7.0,10.0,2東京9,3歳未勝利,7.0,10.0,3中山5,3歳未勝利,7.0,8.0,1中京6,3歳未勝利,7.0,15.0,2中山4,3歳未勝利,10.8,3.0,,nar,2026-07-29,53.93,54.4,72.6,0.0,56.0,71.8,45,履歴少 / 人気以上に走る傾向 / 過小評価傾向
202650072910,2026-07-29,10,ココキュンキュン,4.0,4.0,山本咲希,55.0,7.0,11.0,5.0,園田,夕凪特別A1A2,,,園田,菊水賞(重賞),11.0,7.0,大井,東京2歳優駿牝馬競走(重賞),5.0,1.0,園田,ステップアップ202(2歳),1.0,1.0,笠松,ラブミーチャン記念(重賞),14.5,5.0,,nar,2026-07-29,32.79,40.3,20.2,24.9,18.0,50.0,45,履歴少 / 市場オッズ妙味
202645072910,2026-07-29,10,サイレントヴォイス,7.0,5.0,,,,3.0,6.0,川崎,アルタイル賞(B2B3),3.0,5.0,川崎,カペラ賞(B2B3),9.0,6.0,川崎,第39回開成町阿波お(B2B3),12.0,4.0,川崎,初霜特別(B3),12.0,7.0,船橋,船橋ケイバ75周年!(B3),,,,nar,2026-07-29,53.3,56.6,43.9,55.3,86.0,39.0,45,履歴少 / 近走上向き
202645072910,2026-07-29,10,サダージ,6.0,4.0,藤本現暉,54.0,10.0,7.0,10.0,川崎,江戸切子特別(B3二),9.0,8.0,川崎,手鞠花特別(B3二),11.0,3.0,川崎,新緑特別(B3二),5.0,3.0,浦和,まるまるひがしにほん(B3),3.0,3.0,川崎,卯の花月特別(B3三),26.3,8.0,,nar,2026-07-29,43.87,47.3,41.5,24.9,50.0,51.1,45,履歴少 / 市場オッズ妙味
202645072910,2026-07-29,10,サラサエンペラー,10.0,6.0,池谷匠翔,56.0,7.0,2.0,3.0,川崎,流星光底賞(B3),1.0,9.0,川崎,電光石火賞(B3),3.0,2.0,川崎,青玉賞(C1),2.0,3.0,川崎,丸子の渡し賞(C1),9.0,7.0,浦和,ブラッドストーン特別(C1),31.9,9.0,,nar,2026-07-29,70.72,86.6,64.3,89.7,60.5,60.9,45,履歴少 / 安定感 / 市場オッズ妙味
202630072910,2026-07-29,10,ショウミーザマネー,5.0,5.0,井上俊彦,55.0,8.0,10.0,10.0,門別,3歳以上C4ー2,8.0,7.0,門別,道産子ポイントガード(C4),5.0,9.0,門別,沙流川温泉ひだか高原(C4),9.0,7.0,門別,えんどう豆生まれドリ(C4),5.0,10.0,門別,3歳以上C4ー2,147.2,9.0,,nar,2026-07-29,45.75,45.2,55.4,30.1,30.5,57.4,45,履歴少
202645072910,2026-07-29,10,スピナッチバイパー,3.0,3.0,伊藤裕人,54.0,6.0,10.0,10.0,川崎,風花特別(B2B3),7.0,7.0,川崎,時雨空特別(B2),5.0,7.0,川崎,大磯まつり2025記(B2B3),3.0,8.0,川崎,涼秋特別(B3),3.0,8.0,川崎,星河一天特別(B3),124.9,11.0,,nar,2026-07-29,50.88,55.8,61.5,44.7,17.0,61.3,45,履歴少
202630072910,2026-07-29,10,セイウンサクラサケ,4.0,4.0,松井伸也,55.0,10.0,11.0,6.0,門別,3歳以上C4ー2,12.0,15.0,2東京7,3歳未勝利,16.0,14.0,1福島4,3歳未勝利,13.0,12.0,2中山1,3歳未勝利,,,,,49.0,8.0,,nar,2026-07-29,32.29,10.8,39.7,0.0,66.0,52.2,45,履歴少 / 近走上向き / 市場オッズ妙味
202648072910,2026-07-29,10,ゼットクイン,12.0,8.0,今井貴大,55.0,10.0,15.0,18.0,3京都12,3歳未勝利,13.0,7.0,1阪神7,3歳未勝利,13.0,14.0,4京都5,2歳新馬,,,,,,,,,53.3,9.0,,nar,2026-07-29,28.05,2.4,46.4,0.0,38.0,51.3,45,履歴少
202630072910,2026-07-29,10,ダイヤノゴトク,9.0,7.0,落合玄太,55.0,6.0,4.0,5.0,門別,道産子ポイントガード(C4),5.0,5.0,門別,門別温泉とねっこの湯(C4),4.0,6.0,門別,えんどう豆生まれドリ(C4),8.0,5.0,門別,グランシャリオドリー(C4),3.0,6.0,門別,3歳以上C4ー2,5.0,3.0,,nar,2026-07-29,62.31,70.2,54.0,85.4,56.0,58.8,45,履歴少 / 安定感
202645072910,2026-07-29,10,トンボ,12.0,7.0,増田充宏,56.0,11.0,8.0,8.0,川崎,江戸切子特別(B3二),8.0,9.0,川崎,手鞠花特別(B3二),6.0,8.0,浦和,鈴蘭特別(B3),5.0,5.0,川崎,新緑特別(B3二),4.0,7.0,浦和,まるまるひがしにほん(B3),93.0,10.0,,nar,2026-07-29,48.62,54.0,56.7,24.9,36.5,57.4,45,履歴少
202630072910,2026-07-29,10,トーケンジンロック,1.0,1.0,亀井洋司,57.0,1.0,5.0,4.0,門別,リョウブ特別(C4),9.0,1.0,門別,アヤメ特別(C4),10.0,6.0,2中山8,3歳未勝利,4.0,13.0,2中山2,3歳未勝利,16.0,13.0,1東京3,3歳未勝利,14.0,6.0,,nar,2026-07-29,48.7,46.3,35.4,45.0,78.5,56.7,45,履歴少 / 近走上向き / 市場オッズ妙味
202650072910,2026-07-29,10,ドラゴンゴクウ,5.0,5.0,松木大地,57.0,6.0,8.0,11.0,園田,夕凪特別A1A2,6.0,7.0,園田,オッズパーク杯A1,5.0,6.0,園田,向暑特別A1,6.0,7.0,園田,青葉特別A1,8.0,6.0,園田,そのたんお誕生日記念(A1),35.9,7.0,,nar,2026-07-29,49.46,55.1,59.1,19.8,39.5,58.9,45,履歴少 / 市場オッズ妙味
202650072910,2026-07-29,10,ドンカポノ,7.0,7.0,下原理,57.0,2.0,3.0,6.0,園田,オッズパーク杯A1,5.0,6.0,園田,ハナショウブ賞A1A(A1A2),7.0,9.0,園田,兵庫大賞典(重賞),3.0,6.0,園田,大和牛特別A1,8.0,4.0,園田,加古川靴下特別A1A(A1A2),4.2,2.0,,nar,2026-07-29,63.31,69.6,61.1,69.9,66.5,59.4,45,履歴少 / 近走上向き / 安定感
202648072910,2026-07-29,10,ナチュラルブレイク,5.0,5.0,大原浩司,57.0,8.0,7.0,6.0,名古屋,3歳3組,1.0,3.0,名古屋,3歳4組,7.0,6.0,名古屋,3歳4組,2.0,5.0,名古屋,3歳5組,4.0,7.0,名古屋,3歳5組,98.9,11.0,,nar,2026-07-29,55.49,72.3,55.2,49.8,29.0,57.4,45,履歴少
202645072910,2026-07-29,10,ナリノエンブレム,13.0,8.0,町田直希,54.0,9.0,6.0,2.0,川崎,江戸切子特別(B3二),2.0,2.0,川崎,末摘花特別(B3二),1.0,2.0,浦和,薫風特別(B3C1),1.0,1.0,川崎,花菱草賞(C1),18.0,16.0,1中京1,4歳以上1勝クラス,5.4,2.0,,nar,2026-07-29,55.89,75.5,41.4,59.3,47.0,53.9,45,履歴少
202645072910,2026-07-29,10,ネライウチ,2.0,2.0,笠野雄大,56.0,5.0,5.0,8.0,浦和,浦和競馬LIVE賞(B3),6.0,6.0,浦和,夜桜特別(B2B3),3.0,5.0,川崎,昇竜特別(B3三),3.0,3.0,浦和,浦和競馬×netke(B3),5.0,5.0,浦和,梅見月特別(B3),11.1,4.0,,nar,2026-07-29,62.07,71.5,59.1,75.1,45.5,63.5,45,履歴少 / 安定感
202645072910,2026-07-29,10,ノイヤーヘルト,8.0,5.0,及川烈,56.0,13.0,12.0,12.0,浦和,"ハロー,ウラワールド(B2B3)",10.0,12.0,浦和,武甲山特別(B2B3),8.0,11.0,浦和,水芭蕉特別(B2B3),10.0,9.0,浦和,花の宴特別(B3),12.0,5.0,園田,山南町草部スプ(C1),434.2,13.0,,nar,2026-07-29,35.55,24.6,51.6,0.0,38.0,51.5,45,履歴少
202648072910,2026-07-29,10,ハッピーアシュレイ,2.0,2.0,木之前葵,53.0,3.0,9.0,8.0,名古屋,舞.みっちゃん祝誕生(3歳),7.0,4.0,名古屋,星路大空特別(3歳),4.0,7.0,名古屋,クラシックドリーム戦(3歳),1.0,5.0,名古屋,薫風賞(3歳),2.0,5.0,名古屋,ベリー賞(3歳),116.7,12.0,,nar,2026-07-29,50.31,63.0,53.0,44.7,17.0,57.4,45,履歴少
202645072910,2026-07-29,10,パイロデキセキ,4.0,3.0,矢野貴之,56.0,2.0,4.0,6.0,川崎,要潤さん来場記念(B3二),5.0,3.0,川崎,手鞠花特別(B3二),3.0,6.0,川崎,新緑特別(B3二),1.0,2.0,川崎,C1一　二,4.0,2.0,川崎,メッシーナ賞(C1),6.3,3.0,,nar,2026-07-29,65.46,79.1,54.5,100.0,45.5,59.1,45,履歴少 / 安定感
202630072910,2026-07-29,10,ビリーヴザウエスト,7.0,6.0,阿部龍,57.0,7.0,5.0,5.0,門別,3歳以上C4ー2,1.0,1.0,門別,3歳以上C4ー3,3.0,2.0,門別,渓流の女王ヤマベ賞(C4),2.0,2.0,門別,3歳条件未勝利(未勝利),2.0,4.0,門別,3歳条件未勝利(未勝利),7.1,4.0,,nar,2026-07-29,64.45,85.1,50.1,100.0,32.0,59.0,45,履歴少 / 安定感
202648072910,2026-07-29,10,ファーストボーイ,1.0,1.0,柿原翔,57.0,9.0,4.0,3.0,名古屋,スプリングC(重賞),2.0,5.0,名古屋,マカロン特別(3歳),1.0,1.0,名古屋,奥崎風太4月から一人(3歳),1.0,1.0,名古屋,笑門来福賞(3歳),2.0,8.0,名古屋,2歳6組,41.6,7.0,,nar,2026-07-29,68.26,89.9,57.4,100.0,35.0,61.5,45,履歴少 / 安定感 / 市場オッズ妙味
202645072910,2026-07-29,10,フィアマフルミネ,11.0,7.0,張田昂,54.0,1.0,9.0,5.0,川崎,江戸切子特別(B3二),5.0,4.0,川崎,百人一首特別(B2B3),4.0,1.0,川崎,SPAT4ならポイン(B3),2.0,3.0,川崎,「ご縁の国しまね」特(B3),3.0,1.0,川崎,天の川特別(B3),25.0,7.0,,nar,2026-07-29,48.6,65.0,35.2,69.6,17.0,50.5,45,履歴少 / 安定感 / 市場オッズ妙味
202648072910,2026-07-29,10,ブラッドムーン,7.0,6.0,塚本征吾,55.0,1.0,7.0,7.0,3阪神4,3歳未勝利,5.0,3.0,3京都10,3歳未勝利,7.0,8.0,1新潟1,3歳未勝利,8.0,11.0,1京都8,3歳未勝利,10.0,9.0,1京都2,3歳未勝利,3.5,2.0,,nar,2026-07-29,48.4,52.3,50.2,24.9,53.0,56.0,45,履歴少
202645072910,2026-07-29,10,プリンスノット,14.0,8.0,御神本訓,56.0,8.0,9.0,13.0,3京都9,オーストラリアT(2勝クラス),10.0,12.0,2阪神7,吹田特別(2勝クラス),4.0,11.0,2阪神3,4歳以上2勝クラス,9.0,11.0,1阪神2,4歳以上2勝クラス,6.0,10.0,2京都1,長浜特別(2勝クラス),1.8,1.0,,nar,2026-07-29,51.51,44.4,76.6,19.8,39.5,64.9,45,履歴少 / 人気以上に走る傾向
202645072910,2026-07-29,10,プルーフリーダー,9.0,6.0,笹川翼,56.0,4.0,1.0,3.0,川崎,フォーカード賞(C1),3.0,4.0,川崎,レーニョ賞(C1),13.0,13.0,船橋,ほたる特別(C1),13.0,2.0,川崎,レイノ賞(C1),2.0,6.0,川崎,小手毬賞(C1),12.0,5.0,,nar,2026-07-29,60.21,62.2,47.7,65.7,90.5,58.0,45,履歴少 / 近走上向き / 安定感 / 市場オッズ妙味
202630072910,2026-07-29,10,ベアブルージュ,11.0,8.0,,,,13.0,11.0,3東京5,3歳未勝利,16.0,8.0,2東京12,3歳未勝利,,,,,,,,,,,,,,,,nar,2026-07-29,29.71,19.2,27.4,18.0,55.4,31.8,45,履歴少 / サンプル少
202648072910,2026-07-29,10,マイネルモンブラン,6.0,5.0,山田祥雄,57.0,4.0,3.0,2.0,名古屋,舞.みっちゃん祝誕生(3歳),1.0,3.0,名古屋,青嵐賞(3歳),3.0,2.0,名古屋,3歳4組,3.0,3.0,名古屋,3歳4組,1.0,1.0,名古屋,3歳8組,23.7,6.0,,nar,2026-07-29,66.76,89.6,50.0,100.0,44.0,56.3,45,履歴少 / 安定感 / 市場オッズ妙味
202650072910,2026-07-29,10,マダムホーク,6.0,6.0,廣瀬航,54.0,5.0,4.0,5.0,園田,DASH観音寺特別A(A2B1),2.0,9.0,園田,初夏特別A2B1,5.0,4.0,園田,A2B1,6.0,5.0,園田,春風駘蕩特別A2B(A2B1),2.0,8.0,園田,椿鬼奴☆来場記念A2(A2B1),15.5,6.0,,nar,2026-07-29,67.96,77.7,66.3,85.4,48.5,69.5,45,履歴少 / 人気以上に走る傾向 / 安定感 / 過小評価傾向
202630072910,2026-07-29,10,マッキュラシオン,8.0,7.0,服部茂史,57.0,4.0,7.0,4.0,門別,3歳以上C4ー2,2.0,4.0,門別,3歳以上C4ー2,3.0,7.0,門別,門別温泉とねっこの湯(C4),10.0,5.0,門別,3歳以上C4ー2,6.0,14.0,門別,グランシャリオドリー(C4),3.2,2.0,,nar,2026-07-29,54.01,65.6,53.3,44.7,39.5,58.9,45,履歴少
202645072910,2026-07-29,10,ミスティライズ,5.0,4.0,新原周馬,53.0,3.0,9.0,4.0,川崎,アルタイル賞(B2B3),11.0,12.0,川崎,関東オークス【指定交(JpnII),8.0,2.0,園田,のじぎく賞(重賞),2.0,2.0,佐賀,ル・プランタン賞(重賞),1.0,1.0,川崎,花天月地賞(3歳),16.6,6.0,,nar,2026-07-29,40.15,48.4,32.8,24.9,29.0,55.5,45,履歴少 / 市場オッズ妙味
202650072910,2026-07-29,10,ミステリーボックス,3.0,3.0,田野豊三,57.0,4.0,5.0,4.0,園田,オッズパーク杯A1,2.0,5.0,園田,向暑特別A1,10.0,7.0,園田,兵庫大賞典(重賞),3.0,5.0,園田,そのたんお誕生日記念(A1),6.0,7.0,園田,近江米特別A1A2,4.7,3.0,,nar,2026-07-29,58.51,67.6,51.7,69.9,51.5,57.9,45,履歴少 / 安定感
202648072910,2026-07-29,10,メイショウライゴー,8.0,6.0,渡辺竜也,57.0,12.0,8.0,4.0,2阪神5,3歳未勝利,2.0,1.0,1中京4,3歳未勝利,4.0,8.0,1阪神4,3歳未勝利,15.0,6.0,2京都4,3歳未勝利,11.0,1.0,1京都8,3歳新馬,1.6,1.0,,nar,2026-07-29,43.19,53.4,28.9,44.7,50.0,39.0,45,履歴少
202648072910,2026-07-29,10,モンターニュドネガ,3.0,3.0,筒井勇介,55.0,7.0,10.0,12.0,1京都7,3歳未勝利,7.0,9.0,1京都2,3歳新馬,,,,,,,,,,,,,68.1,10.0,,nar,2026-07-29,42.3,39.3,53.2,18.0,35.6,54.1,45,履歴少 / サンプル少
202630072910,2026-07-29,10,ルナティス,6.0,6.0,若杉朝飛,55.0,3.0,,2.0,名古屋,3歳5組,,6.0,名古屋,エイプリルドリーム戦(3歳),5.0,4.0,名古屋,3歳4組,3.0,2.0,名古屋,3歳4組,3.0,2.0,名古屋,3歳3組,31.1,7.0,,nar,2026-07-29,53.71,76.9,43.0,44.7,38.0,53.0,45,履歴少 / 市場オッズ妙味
202650072910,2026-07-29,10,ヴィーリヤ,2.0,2.0,杉浦健太,55.0,1.0,10.0,5.0,園田,兵庫サマークイーン賞(重賞),5.0,5.0,園田,大阪発刊45周年記念(A1A2),2.0,5.0,佐賀,佐賀ヴィーナスC(重賞),4.0,3.0,姫路,大和牛特別A1,4.0,4.0,笠松,ブルーリボンマイル(重賞),1.9,1.0,,nar,2026-07-29,49.18,62.6,42.5,69.6,12.5,50.8,45,履歴少 / 安定感
202650072911,2026-07-29,11,アグネスシュウ,2.0,2.0,新庄海誠,57.0,6.0,8.0,8.0,園田,B1,6.0,6.0,園田,兵庫馬事畜産特別B1,5.0,5.0,園田,B1,7.0,7.0,園田,B1,7.0,7.0,園田,青馬ひすみ☆配信記念(B1B2),109.0,9.0,,nar,2026-07-29,46.42,54.7,50.0,19.8,39.5,53.5,45,履歴少
202650072911,2026-07-29,11,アシャカデュメ,4.0,4.0,川原正一,57.0,5.0,,,園田,小野ひまわり特別B1,3.0,3.0,園田,兵庫馬事畜産特別B1,2.0,2.0,園田,B1,2.0,1.0,園田,食べようひょうごの畜(B1),5.0,2.0,園田,香美町松葉ガニ特別A(A2B1),9.5,5.0,,nar,2026-07-29,61.6,85.6,45.4,69.6,50.0,56.3,45,履歴少 / 安定感
202650072911,2026-07-29,11,アストラッド,1.0,1.0,下原理,55.0,9.0,2.0,4.0,園田,小野ひまわり特別B1,,,園田,半夏生『明石だこ』特(B1),4.0,2.0,園田,兵庫馬事畜産特別B1,16.0,11.0,1小倉6,4歳以上1勝クラス,10.0,15.0,1小倉2,4歳以上1勝クラス,7.1,3.0,,nar,2026-07-29,59.55,61.1,50.0,50.2,98.0,58.3,45,履歴少 / 近走上向き
202650072911,2026-07-29,11,アドワン,8.0,7.0,田野豊三,55.0,3.0,3.0,1.0,園田,B1,2.0,1.0,園田,ダリア賞B1B2,6.0,6.0,園田,さつき特別AB,3.0,2.0,園田,B1,2.0,4.0,園田,A2B1,2.9,2.0,,nar,2026-07-29,61.41,82.1,44.4,80.2,51.5,53.2,45,履歴少 / 安定感
202648072911,2026-07-29,11,アメストリス,5.0,5.0,加藤聡一,55.0,7.0,10.0,6.0,名古屋,八仙花雨幻特別(A),7.0,2.0,名古屋,立夏特別(A),9.0,4.0,船橋,春和景明特別(B1B2),3.0,4.0,川崎,スプリングヒロインカ(A1),7.0,7.0,川崎,ロジータ記念【地方交(重賞),11.6,7.0,,nar,2026-07-29,36.4,46.2,26.9,14.6,29.0,52.0,45,履歴少
202650072911,2026-07-29,11,ウインオーブ,3.0,3.0,吉村智洋,57.0,2.0,6.0,4.0,園田,B1,1.0,4.0,笠松,キキョウ特別(A),5.0,1.0,笠松,岐阜城特別(AB),1.0,5.0,笠松,飛騨高山特別(B),1.0,2.0,笠松,B4組,9.4,4.0,,nar,2026-07-29,59.38,81.5,50.3,69.6,26.0,60.8,45,履歴少 / 安定感
202648072911,2026-07-29,11,エムティトップ,1.0,1.0,近藤颯羽,52.0,12.0,11.0,8.0,金沢,七尾港まつり特別(B2),9.0,8.0,金沢,氷室開き特別(B2),10.0,8.0,金沢,能登復興支援宝達葛特(B2),4.0,7.0,金沢,第2回竹橋おきらく食(B2特別),10.0,9.0,金沢,白山さん特別(B2),236.1,11.0,,nar,2026-07-29,37.02,34.6,41.4,14.6,33.5,50.9,45,履歴少
202630072911,2026-07-29,11,キャストロポポ,2.0,2.0,岩橋勇二,57.0,4.0,7.0,9.0,門別,アルビレオ特別(A2),4.0,3.0,門別,アメリカンペイトリオ(A3),2.0,3.0,門別,JA門別馬舞米特別(A3),2.0,6.0,門別,登別地獄の谷の鬼花火(A3),5.0,7.0,門別,ツツジ特別(A3),13.3,4.0,,nar,2026-07-29,60.23,73.4,59.4,69.6,27.5,66.2,45,履歴少 / 安定感 / 過小評価傾向 / 市場オッズ妙味
202630072911,2026-07-29,11,クラサーベル,1.0,1.0,宮内勇樹,56.0,5.0,8.0,8.0,門別,日高銀聖特別(A2),7.0,6.0,門別,日高町建設協会特別(A4),7.0,8.0,門別,登別地獄の谷の鬼花火(A3),3.0,5.0,門別,ホクレンえん麦特別(A4),5.0,7.0,門別,門別なら4倍!SPA(B1),78.0,5.0,,nar,2026-07-29,47.94,55.9,53.1,24.9,35.0,56.1,45,履歴少
202645072911,2026-07-29,11,ゲクウ,2.0,2.0,中山遥人,57.0,8.0,16.0,16.0,2福島1,さくらんぼ特別(2勝クラス),12.0,16.0,2阪神5,4歳以上2勝クラス,7.0,7.0,高知,はりまや盃(A),9.0,15.0,1中山9,4歳以上2勝クラス,1.0,5.0,笠松,馬籠宿特別(A),16.4,6.0,,nar,2026-07-29,39.6,28.9,66.0,10.3,0.0,71.0,45,履歴少 / 人気以上に走る傾向 / 過小評価傾向 / 市場オッズ妙味
202650072911,2026-07-29,11,コパノマデリン,10.0,8.0,永井孝典,55.0,10.0,7.0,5.0,園田,小野ひまわり特別B1,,,園田,半夏生『明石だこ』特(B1),7.0,9.0,大井,プレアデス賞競走(B2B3),7.0,11.0,大井,行人坂賞競走(B3),7.0,8.0,大井,木の芽坂賞競走(B3),57.8,8.0,,nar,2026-07-29,46.18,52.0,54.4,0.0,50.0,57.6,45,履歴少
202648072911,2026-07-29,11,サブリュウシン,10.0,7.0,大畑慧悟,57.0,9.0,11.0,10.0,名古屋,夕凪特別(A),7.0,8.0,名古屋,半夏生特別(A),5.0,6.0,名古屋,アンタレス特別(B),5.0,5.0,名古屋,かんむり座特別(B),8.0,11.0,名古屋,おとめ座大空特別(B),110.0,9.0,,nar,2026-07-29,44.96,46.9,53.2,34.3,21.5,56.1,45,履歴少
202645072911,2026-07-29,11,サンカルミア,9.0,8.0,笹川翼,57.0,3.0,4.0,5.0,3東京4,3歳以上2勝クラス,3.0,14.0,2東京10,三峰山特別(2勝クラス),7.0,5.0,1新潟4,五泉特別(2勝クラス),5.0,7.0,1中京1,中京スポーツ杯(2勝クラス),7.0,11.0,5東京7,3歳以上2勝クラス,1.8,1.0,,nar,2026-07-29,65.9,69.6,73.5,69.9,59.0,62.9,45,履歴少 / 人気以上に走る傾向 / 安定感
202650072911,2026-07-29,11,サンライズガッツ,9.0,8.0,小牧太,58.0,1.0,1.0,3.0,園田,小野ひまわり特別B1,,,園田,半夏生『明石だこ』特(B1),2.0,9.0,園田,青馬ひすみ☆配信記念(B1),7.0,3.0,園田,B1B2,5.0,1.0,園田,卯月特別B1B2,2.6,1.0,,nar,2026-07-29,65.87,84.2,59.3,60.5,72.0,54.9,45,履歴少 / 近走上向き / 安定感
202645072911,2026-07-29,11,ショウナンカブト,1.0,1.0,西啓太,57.0,9.0,8.0,7.0,大井,エメラルド賞競走(A2),1.0,1.0,大井,オフト京王閣賞競走(B1),4.0,4.0,大井,B1三　B2四(B1B2),11.0,11.0,5中山1,鹿島特別(2勝クラス),9.0,11.0,4京都6,3歳以上2勝クラス,9.7,4.0,,nar,2026-07-29,51.67,60.0,49.3,44.7,39.5,60.3,45,履歴少
202650072911,2026-07-29,11,ショートストップ,6.0,6.0,山本咲希,57.0,4.0,5.0,4.0,園田,福山競馬記念B1,1.0,6.0,園田,B2一,,,園田,クチナシ賞B2,3.0,7.0,園田,B2,5.0,5.0,園田,B2,11.3,6.0,,nar,2026-07-29,65.88,80.8,63.3,80.2,38.0,66.8,45,履歴少 / 安定感 / 過小評価傾向
202645072911,2026-07-29,11,シンメルーブス,3.0,3.0,篠谷葵,55.0,4.0,11.0,11.0,浦和,しらさぎ賞[地方交流(重賞),1.0,2.0,川崎,スプリングヒロインカ(A1),9.0,11.0,船橋,クイーン賞(JpnIII),3.0,5.0,船橋,クイーンズオーディシ(A2),1.0,6.0,門別,こんがりパン超盛特別(A1),24.7,7.0,,nar,2026-07-29,51.31,60.7,60.2,49.8,5.0,62.8,45,履歴少 / 市場オッズ妙味
202650072911,2026-07-29,11,タガノウィリアム,7.0,7.0,小谷哲平,56.0,7.0,4.0,5.0,園田,福山競馬記念B1,9.0,4.0,園田,兵庫馬事畜産特別A2(A2B1),1.0,2.0,姫路,弥生特別B1,3.0,4.0,姫路,B1,10.0,10.0,園田,ひょうごの至宝但馬牛(A1A2),16.3,7.0,,nar,2026-07-29,57.76,67.0,45.8,64.7,60.5,60.6,45,履歴少 / 安定感 / 市場オッズ妙味
202648072911,2026-07-29,11,ダイチラポール,7.0,6.0,渡辺竜也,57.0,1.0,5.0,3.0,名古屋,夕凪特別(A),6.0,3.0,名古屋,夏越大空特別(A),2.0,1.0,名古屋,黄金穹特別(A),2.0,4.0,名古屋,五月雨特別(A),14.0,11.0,1新潟2,4歳以上1勝クラス,5.8,4.0,,nar,2026-07-29,54.58,67.2,39.0,64.7,56.0,52.9,45,履歴少 / 安定感
202648072911,2026-07-29,11,テルケンレンスター,6.0,5.0,今井貴大,57.0,6.0,2.0,2.0,名古屋,へびつかい座特別(B),1.0,1.0,名古屋,B6組,1.0,1.0,名古屋,B10組,3.0,3.0,大井,C2二　三四(C2三),3.0,3.0,大井,C2四　五六(C2五),4.7,3.0,,nar,2026-07-29,68.62,93.6,50.0,100.0,50.0,56.6,45,履歴少 / 安定感
202630072911,2026-07-29,11,ディオスメッセージ,5.0,5.0,石川倭,56.0,2.0,5.0,7.0,門別,アルビレオ特別(A2),3.0,1.0,門別,アメリカンペイトリオ(A3),4.0,8.0,門別,サラブレッドのまち日(A1),3.0,2.0,門別,登別地獄の谷の鬼花火(A3),3.0,4.0,門別,ツツジ特別(A3),2.0,1.0,,nar,2026-07-29,64.17,77.6,56.0,100.0,39.5,55.6,45,履歴少 / 安定感
202630072911,2026-07-29,11,トレヴェナ,4.0,4.0,桑村真明,54.0,3.0,1.0,5.0,門別,星の降る里・芦別健夏(B1),5.0,2.0,門別,日高町建設協会特別(A4),3.0,2.0,門別,ラナンキュラス特別(B1),1.0,2.0,門別,ノーザンホースパーク(B3),3.0,4.0,門別,乾杯をもっとおいしく(B3),2.6,2.0,,nar,2026-07-29,68.98,87.2,53.6,100.0,62.0,55.4,45,履歴少 / 安定感
202645072911,2026-07-29,11,トーホウキザン,10.0,8.0,藤懸貴志,57.0,6.0,8.0,14.0,3東京2,小金井特別(2勝クラス),12.0,13.0,3中山1,4歳以上2勝クラス,3.0,8.0,船橋,ハートビートレイン(A2B1),7.0,9.0,1中山3,4歳以上2勝クラス,11.0,11.0,5東京3,三浦特別(2勝クラス),10.4,5.0,,nar,2026-07-29,52.28,42.6,73.5,19.8,51.5,69.1,45,履歴少 / 人気以上に走る傾向 / 過小評価傾向
202648072911,2026-07-29,11,ノボリユーミン,4.0,4.0,小笠原羚,52.0,5.0,1.0,3.0,名古屋,へびつかい座特別(B),2.0,3.0,名古屋,彦星大空戦(B),2.0,3.0,名古屋,B4組,2.0,3.0,名古屋,B7組,7.0,2.0,名古屋,大寒桜賞(B),4.0,1.0,,nar,2026-07-29,69.14,90.3,54.8,89.7,63.5,55.9,45,履歴少 / 安定感
202648072911,2026-07-29,11,ハビビ,9.0,7.0,筒井勇介,57.0,4.0,2.0,1.0,笠松,五六川特別(B),1.0,2.0,笠松,アジサイ特別(A),1.0,4.0,笠松,春満月特別(B),1.0,1.0,笠松,B10組,2.0,2.0,笠松,春嵐特別(C),9.1,6.0,,nar,2026-07-29,70.54,96.7,53.8,100.0,45.5,61.3,45,履歴少 / 安定感
202645072911,2026-07-29,11,ハリウッドブルース,4.0,4.0,野畑凌,57.0,1.0,9.0,8.0,3阪神2,洲本特別(2勝クラス),5.0,8.0,3京都9,オーストラリアT(2勝クラス),3.0,11.0,3京都6,4歳以上2勝クラス,8.0,11.0,1東京6,4歳以上2勝クラス,9.0,7.0,4京都3,深草特別(2勝クラス),4.6,2.0,,nar,2026-07-29,53.88,54.6,65.8,44.7,33.5,63.6,45,履歴少 / 人気以上に走る傾向
202648072911,2026-07-29,11,バードハズフロウン,3.0,3.0,加藤誓二,55.0,11.0,11.0,2.0,盛岡,碁石海岸賞(C1),6.0,4.0,水沢,ディセントラ賞(C1),2.0,3.0,水沢,C2一組,1.0,1.0,盛岡,C2一組,1.0,1.0,盛岡,C2五組,320.3,12.0,,nar,2026-07-29,41.3,64.1,28.7,44.7,0.0,47.0,45,履歴少
202650072911,2026-07-29,11,ブーヤカ,5.0,5.0,渡瀬和幸,57.0,8.0,10.0,9.0,園田,夏至特別A2B1,11.0,5.0,園田,ダリア賞B1B2,4.0,3.0,園田,B1,4.0,2.0,園田,食べようひょうごの畜(B1),7.0,8.0,大井,わかば賞競走(B2),191.9,10.0,,nar,2026-07-29,39.69,45.0,34.7,34.3,29.0,47.7,45,履歴少
202648072911,2026-07-29,11,ペップセ,8.0,6.0,山田祥雄,55.0,3.0,6.0,1.0,名古屋,夕凪特別(A),8.0,5.0,笠松,撫子争覇(重賞),7.0,6.0,名古屋,ウラヌス特別(A),2.0,1.0,名古屋,立夏特別(A),4.0,4.0,名古屋,牡丹特別(A),8.3,5.0,,nar,2026-07-29,44.93,60.8,31.7,24.9,45.5,52.5,45,履歴少
202645072911,2026-07-29,11,ペルマナント,5.0,5.0,達城龍次,57.0,7.0,8.0,14.0,川崎,スパーキングサマーチ(OP)(3歳),6.0,7.0,浦和,甲武信ヶ岳特別(A2),9.0,10.0,船橋,月白風清2200(A2B1),6.0,10.0,船橋,群青特別(A2B1),5.0,6.0,船橋,こぼれ桜特別(A2B1),115.3,10.0,,nar,2026-07-29,50.64,51.2,70.7,10.3,41.0,62.0,45,履歴少 / 人気以上に走る傾向
202645072911,2026-07-29,11,ホウオウサンデー,6.0,6.0,鷹見陸,57.0,10.0,,8.0,3京都2,障害4歳以上未勝利,12.0,11.0,1京都1,4歳以上2勝クラス,12.0,5.0,5阪神8,フォーチュンC(2勝クラス),6.0,5.0,3京都11,3歳以上2勝クラス,4.0,7.0,3京都3,宇治川特別(2勝クラス),31.5,8.0,,nar,2026-07-29,32.87,31.6,35.2,10.3,22.0,51.4,45,履歴少 / 市場オッズ妙味
202648072911,2026-07-29,11,ボル,2.0,2.0,塚本征吾,57.0,8.0,2.0,1.0,名古屋,星合特別(B),1.0,1.0,名古屋,B4組,1.0,5.0,名古屋,B10組,1.0,1.0,名古屋,桜湯賞(C),2.0,2.0,名古屋,隼弥、幼稚園卒業おめ(C),4.3,2.0,,nar,2026-07-29,70.01,96.7,53.4,100.0,45.5,58.2,45,履歴少 / 安定感
202645072911,2026-07-29,11,マーシヴィガラス,8.0,7.0,佐野遥久,57.0,2.0,16.0,7.0,5中京5,ヤングJSFR中京2(2勝クラス),13.0,12.0,5東京5,3歳以上2勝クラス,4.0,12.0,4東京11,清里特別(2勝クラス),14.0,15.0,4中山9,3歳以上2勝クラス,7.0,10.0,3新潟4,両津湾特別(2勝クラス),54.2,9.0,,nar,2026-07-29,32.26,21.4,43.4,19.8,11.0,54.8,45,履歴少
202630072911,2026-07-29,11,モーニングショー,3.0,3.0,,,,7.0,4.0,門別,アメリカンペイトリオ(A3),3.0,4.0,門別,日高町建設協会特別(A4),4.0,4.0,門別,登別地獄の谷の鬼花火(A3),2.0,3.0,門別,ホクレンえん麦特別(A4),4.0,1.0,門別,門別なら4倍!SPA(B1),,,,nar,2026-07-29,53.65,73.0,44.2,69.6,27.5,46.0,45,履歴少 / 安定感
202630072911,2026-07-29,11,リコシェ,6.0,6.0,井上俊彦,55.0,1.0,4.0,5.0,門別,日高銀聖特別(A2),4.0,4.0,門別,JA門別馬舞米特別(A3),4.0,8.0,門別,グランシャリオ門別ス(重賞),9.0,9.0,門別,ツツジ特別(A3),11.0,11.0,門別,ハルジオン特別(A3),3.2,3.0,,nar,2026-07-29,61.68,64.4,57.7,75.1,68.0,58.2,45,履歴少 / 近走上向き / 安定感
202648072911,2026-07-29,11,リプリー,12.0,8.0,大畑雅章,55.0,2.0,1.0,7.0,名古屋,彦星大空戦(B),4.0,2.0,名古屋,B8組,3.0,8.0,名古屋,ヌサカン大空戦(B),7.0,7.0,名古屋,レディス・アストライ(B),8.0,5.0,名古屋,B7組,19.6,8.0,,nar,2026-07-29,69.48,78.1,64.0,75.1,77.0,67.9,45,履歴少 / 近走上向き / 安定感 / 過小評価傾向
202648072911,2026-07-29,11,レッドサラマンダー,11.0,8.0,丸野勝虎,57.0,10.0,9.0,8.0,高知,C2ー5,11.0,9.0,高知,C2ー4,7.0,8.0,高知,C2ー5,9.0,11.0,川崎,ファイナルアンサー賞(B3),11.0,12.0,川崎,早花咲月特別(B3二),214.4,10.0,,nar,2026-07-29,39.47,33.5,48.5,0.0,53.0,54.1,45,履歴少
202645072911,2026-07-29,11,ヴィクトゥーラ,7.0,7.0,町田直希,57.0,5.0,4.0,5.0,船橋,アンデルセン特別(A2),2.0,2.0,船橋,ブラッドストーン賞(A2B1),2.0,5.0,船橋,ハートビートレイン(A2B1),4.0,8.0,川崎,川崎マイラーズ(重賞),8.0,5.0,船橋,好機到来特別(A2B1),7.1,3.0,,nar,2026-07-29,66.2,79.8,58.2,89.7,50.0,61.6,45,履歴少 / 安定感
202648072912,2026-07-29,12,アグネス,11.0,8.0,東川慎,55.0,6.0,4.0,5.0,名古屋,咲来、弥憂、お誕生日(C),10.0,6.0,名古屋,金シャチ最終戦777(C),2.0,2.0,名古屋,C11組,8.0,12.0,名古屋,金シャチ最終戦(C),3.0,1.0,名古屋,C18組,8.5,4.0,,nar,2026-07-29,56.41,63.4,47.8,60.5,60.5,58.5,45,履歴少 / 安定感
202645072912,2026-07-29,12,アマビリティ,5.0,4.0,加藤雄真,51.0,2.0,10.0,10.0,川崎,アンドロメダ賞(C1),4.0,8.0,川崎,青葉木菟特別(3歳),3.0,6.0,川崎,カサブランカOP(3歳),8.0,11.0,浦和,ツインメイト特別(3歳),6.0,11.0,川崎,頬白賞(3歳),46.0,10.0,,nar,2026-07-29,53.83,56.7,67.8,44.7,21.5,66.0,45,履歴少 / 人気以上に走る傾向 / 過小評価傾向 / 市場オッズ妙味
202650072912,2026-07-29,12,アンデルマット,3.0,3.0,塩津璃菜,51.0,5.0,5.0,7.0,園田,グラジオラス賞C1,3.0,3.0,園田,C1,6.0,8.0,園田,C1,6.0,5.0,園田,C1,5.0,6.0,園田,C1,53.6,8.0,,nar,2026-07-29,59.23,69.2,56.7,65.7,50.0,56.1,45,履歴少 / 安定感
202650072912,2026-07-29,12,イマジンレノン,9.0,7.0,廣瀬航,57.0,2.0,1.0,1.0,園田,C2,1.0,1.0,園田,C2二,1.0,1.0,園田,C3一,3.0,1.0,園田,C3一,5.0,2.0,姫路,C2一,2.5,1.0,,nar,2026-07-29,68.08,94.4,45.8,100.0,59.0,50.6,45,履歴少 / 安定感
202645072912,2026-07-29,12,ウインメラナイト,11.0,7.0,古岡勇樹,56.0,12.0,11.0,12.0,川崎,アンドロメダ賞(C1),11.0,12.0,川崎,レーニョ賞(C1),11.0,14.0,船橋,ほたる特別(C1),9.0,7.0,川崎,レイノ賞(C1),6.0,7.0,川崎,猛虎特別(C1),112.6,13.0,,nar,2026-07-29,38.11,26.5,56.7,0.0,39.5,56.1,45,履歴少
202630072912,2026-07-29,12,キタノインディ,4.0,4.0,松井伸也,57.0,6.0,9.0,9.0,門別,ツキミソウ特別(A1),8.0,9.0,門別,赤レンガ記念〔H3〕(重賞),9.0,10.0,門別,グランシャリオ門別ス(重賞),6.0,8.0,門別,コデマリ特別(A1),6.0,9.0,門別,コスモバルク記念〔H(重賞),180.3,7.0,,nar,2026-07-29,43.44,44.0,57.3,0.0,39.5,58.1,45,履歴少
202648072912,2026-07-29,12,キャヴァリアルティ,5.0,5.0,大原浩司,57.0,3.0,3.0,1.0,名古屋,C10組,6.0,5.0,名古屋,C8組,7.0,8.0,名古屋,金シャチ最終戦(C),3.0,6.0,名古屋,C10組,6.0,6.0,名古屋,C15組,50.8,12.0,,nar,2026-07-29,56.29,69.2,48.4,45.0,65.0,54.1,45,履歴少 / 近走上向き
202650072912,2026-07-29,12,ギャランドゥ,11.0,8.0,吉村智洋,57.0,1.0,3.0,1.0,園田,C1,1.0,1.0,姫路,飲んで応援!ひょうご(C1),2.0,3.0,姫路,C1,4.0,3.0,姫路,マーガレット賞C1,1.0,1.0,園田,LOSTRANQUI(C2),2.5,2.0,,nar,2026-07-29,65.42,90.1,46.1,100.0,44.0,52.6,45,履歴少 / 安定感
202648072912,2026-07-29,12,ギースバッハ,6.0,5.0,塚本征吾,55.0,8.0,7.0,3.0,名古屋,C7組,5.0,8.0,名古屋,C4組,7.0,9.0,名古屋,アジア・アジアパラ応(C),9.0,4.0,名古屋,油ヶ淵賞(C),6.0,2.0,名古屋,C7組,2.6,1.0,,nar,2026-07-29,45.36,54.5,41.5,24.9,48.5,48.9,45,履歴少
202630072912,2026-07-29,12,クルードラゴン,5.0,5.0,宮内勇樹,57.0,3.0,5.0,7.0,門別,富永啓生セレブレーシ(A1),5.0,6.0,門別,赤レンガ記念〔H3〕(重賞),4.0,6.0,門別,ベロニカ特別(A1),4.0,6.0,門別,シャクヤク特別(A1),4.0,7.0,門別,アネモネ特別(A1),43.9,4.0,,nar,2026-07-29,65.91,71.6,63.0,100.0,45.5,62.8,45,履歴少 / 安定感 / 市場オッズ妙味
202645072912,2026-07-29,12,コパノモンタナ,13.0,8.0,和田譲治,56.0,1.0,5.0,4.0,川崎,アンドロメダ賞(C1),1.0,3.0,川崎,ティール賞(C2),2.0,6.0,川崎,ワルキューレ賞(C2),3.0,4.0,川崎,アルテミス賞(C2),3.0,2.0,川崎,アトロポス賞(C2C3),5.4,3.0,,nar,2026-07-29,66.42,84.7,57.2,100.0,33.5,60.4,45,履歴少 / 安定感
202630072912,2026-07-29,12,サンヨウテイオウ,1.0,1.0,服部茂史,57.0,5.0,7.0,4.0,門別,赤レンガ記念〔H3〕(重賞),5.0,2.0,門別,ソフトカツゲン発売7(A3),1.0,2.0,名古屋,東海優駿(重賞),2.0,2.0,名古屋,駿蹄賞(重賞),1.0,1.0,名古屋,アークトゥルス特別(B),35.1,3.0,,nar,2026-07-29,53.76,76.3,39.8,69.6,21.5,53.0,45,履歴少 / 安定感 / 市場オッズ妙味
202650072912,2026-07-29,12,スマートエクシード,4.0,4.0,田野豊三,57.0,9.0,8.0,4.0,園田,C1,4.0,4.0,園田,C1,2.0,3.0,園田,SPAT4プレミアム(C1),5.0,3.0,園田,C1,2.0,4.0,姫路,飲んで応援!ひょうご(C1),20.6,5.0,,nar,2026-07-29,52.77,69.9,42.3,69.6,21.5,54.3,45,履歴少 / 安定感 / 市場オッズ妙味
202630072912,2026-07-29,12,ゼファーバローズ,7.0,7.0,藤田凌駕,57.0,7.0,8.0,5.0,門別,グランシャリオドリー(C3),10.0,12.0,門別,日高町水道協会特別(C3),7.0,8.0,門別,バターが切れTENズ(C3),,,門別,グランシャリオドリー(C3),6.0,12.0,門別,グランシャリオドリー(C3),120.8,6.0,,nar,2026-07-29,43.3,43.1,53.3,0.0,48.0,58.4,45,履歴少
202645072912,2026-07-29,12,ダイゴホマレリュウ,8.0,6.0,中越琉世,56.0,11.0,5.0,3.0,浦和,第78回小川町七夕ま(C1),5.0,7.0,川崎,ブラックジャック賞(C1),1.0,7.0,浦和,C1四,5.0,9.0,川崎,レーニョ賞(C1),11.0,6.0,船橋,馬い!卵はサンサンエ(C1),14.2,6.0,,nar,2026-07-29,64.0,69.4,58.0,89.7,53.0,64.5,45,履歴少 / 安定感 / 市場オッズ妙味
202645072912,2026-07-29,12,テンダリー,7.0,5.0,櫻井光輔,56.0,7.0,4.0,5.0,川崎,アンドロメダ賞(C1),4.0,1.0,川崎,ウルド賞(C1),2.0,6.0,川崎,イーリス賞(C1),1.0,2.0,川崎,マイスターチャレンジ(C2),3.0,5.0,川崎,獅子舞賞(C2),3.7,2.0,,nar,2026-07-29,66.21,83.5,54.9,100.0,41.0,58.8,45,履歴少 / 安定感
202650072912,2026-07-29,12,テーオーハリスン,7.0,6.0,山本咲希,56.0,7.0,6.0,6.0,園田,3歳AB,1.0,6.0,園田,西脇市日本のへそ特別(BC1),7.0,5.0,園田,菖蒲賞,2.0,7.0,園田,3歳BC1,8.0,7.0,姫路,PLAY!オッズパー(B),27.2,6.0,,nar,2026-07-29,57.16,71.4,60.3,39.5,41.0,60.9,45,履歴少 / 市場オッズ妙味
202648072912,2026-07-29,12,ディアマント,8.0,6.0,木之前葵,53.0,5.0,9.0,1.0,名古屋,C9組,1.0,2.0,名古屋,C11組,11.0,7.0,門別,ゲラニウム特別(C4),6.0,11.0,門別,3歳以上C4ー2,12.0,8.0,門別,3歳以上C4ー2,12.0,5.0,,nar,2026-07-29,41.47,49.8,31.4,24.9,41.0,54.1,45,履歴少 / 市場オッズ妙味
202645072912,2026-07-29,12,ディオスパーダ,6.0,5.0,野畑凌,56.0,3.0,7.0,1.0,川崎,アンドロメダ賞(C1),1.0,2.0,川崎,ウルド賞(C1),6.0,1.0,川崎,イーリス賞(C1),8.0,9.0,1京都4,五条坂特別(2勝クラス),13.0,13.0,5阪神8,3歳以上2勝クラス,2.8,1.0,,nar,2026-07-29,44.86,59.4,33.1,24.9,50.0,48.5,45,履歴少
202650072912,2026-07-29,12,デンタルフロス,5.0,5.0,山田雄大,55.0,3.0,6.0,7.0,園田,B1,12.0,12.0,姫路,たまご牧場まきば特別(B1B2),12.0,9.0,姫路,神戸ビーフ特別B1B(B1B2),11.0,11.0,園田,コウノトリ賞(重賞),5.0,5.0,園田,B1,82.8,9.0,,nar,2026-07-29,42.84,33.5,48.0,10.3,74.0,52.2,45,履歴少 / 近走上向き
202645072912,2026-07-29,12,デーレーハンサム,10.0,7.0,新原周馬,55.0,13.0,3.0,7.0,川崎,かながわ綾瀬のへそ祭(C1),13.0,9.0,川崎,三光鳥賞(3歳),4.0,6.0,川崎,頬白賞(3歳),3.0,7.0,川崎,連翹賞(3歳),1.0,6.0,川崎,3歳3,24.6,8.0,,nar,2026-07-29,62.85,64.1,62.0,75.1,63.5,63.4,45,履歴少 / 安定感 / 市場オッズ妙味
202630072912,2026-07-29,12,トーセンジャック,3.0,3.0,黒澤愛斗,57.0,4.0,5.0,8.0,門別,ステラヴェローチェ賞(A4),2.0,8.0,門別,コントレイル・プレミ(B1),5.0,5.0,門別,アナベル特別(B2),2.0,7.0,門別,キズナ・プレミアム(B2),8.0,14.0,門別,エトワール賞〔H3〕(重賞),74.9,5.0,,nar,2026-07-29,69.34,75.0,76.3,89.7,45.5,66.5,45,履歴少 / 人気以上に走る傾向 / 安定感 / 過小評価傾向
202648072912,2026-07-29,12,ネオアリシア,1.0,1.0,近藤颯羽,52.0,2.0,10.0,10.0,名古屋,C7組,2.0,5.0,名古屋,金シャチ最終戦777(C),6.0,11.0,名古屋,しゅんさや結婚記念(C),9.0,7.0,名古屋,C8組,5.0,10.0,名古屋,まりな20代ラストイ(C),25.0,9.0,,nar,2026-07-29,51.23,55.6,63.7,35.3,23.0,63.4,45,履歴少 / 市場オッズ妙味
202648072912,2026-07-29,12,ノース,12.0,8.0,丹羽克輝,57.0,10.0,9.0,7.0,名古屋,C6組,5.0,6.0,名古屋,金シャチ最終戦(C),6.0,7.0,名古屋,C7組,1.0,6.0,名古屋,C18組,4.0,8.0,名古屋,C21組,23.6,8.0,,nar,2026-07-29,52.64,62.2,56.9,49.8,20.0,62.1,45,履歴少 / 市場オッズ妙味
202648072912,2026-07-29,12,パキラスイート,3.0,3.0,大畑雅章,55.0,1.0,2.0,4.0,名古屋,C9組,8.0,4.0,名古屋,C12組,5.0,5.0,名古屋,C10組,7.0,1.0,名古屋,C12組,1.0,1.0,名古屋,C19組,4.2,2.0,,nar,2026-07-29,56.78,70.3,41.1,60.5,69.5,50.9,45,履歴少 / 近走上向き / 安定感
202650072912,2026-07-29,12,パーティーモード,2.0,2.0,松木大地,57.0,8.0,4.0,5.0,園田,C1,7.0,7.0,園田,C1,9.0,11.0,川崎,ワルキューレ賞(C2),5.0,12.0,川崎,アルテミス賞(C2),10.0,5.0,川崎,ヒカリオーソ賞(C2C3),174.3,11.0,,nar,2026-07-29,56.24,56.0,58.4,45.0,72.5,56.8,45,履歴少 / 近走上向き
202630072912,2026-07-29,12,ヒロシクン,2.0,2.0,高松亮,57.0,2.0,3.0,2.0,水沢,一條記念みちのく大賞(重賞),1.0,1.0,水沢,初夏特別(A),2.0,1.0,盛岡,シアンモア記念(重賞),1.0,1.0,水沢,赤松杯(重賞),5.0,2.0,水沢,桐花賞(重賞),4.0,2.0,,nar,2026-07-29,65.24,90.2,44.3,100.0,45.5,52.7,45,履歴少 / 安定感
202645072912,2026-07-29,12,ビルドラポール,2.0,2.0,神尾香澄,54.0,6.0,6.0,9.0,川崎,アンドロメダ賞(C1),6.0,8.0,川崎,ウルド賞(C1),6.0,7.0,浦和,月見草特別(C1),7.0,9.0,川崎,開成町賞(C1),5.0,6.0,川崎,猛虎特別(C1),36.9,9.0,,nar,2026-07-29,52.51,59.7,64.0,10.3,50.0,62.1,45,履歴少 / 市場オッズ妙味
202648072912,2026-07-29,12,ピーカンパイ,2.0,2.0,小笠原羚,52.0,12.0,2.0,1.0,名古屋,C9組,4.0,4.0,名古屋,C12組,5.0,4.0,名古屋,C19組,9.0,3.0,名古屋,C21組,,,名古屋,C22組,18.0,6.0,,nar,2026-07-29,60.1,73.2,39.3,75.1,74.0,55.8,45,履歴少 / 近走上向き / 安定感 / 市場オッズ妙味
202650072912,2026-07-29,12,フライトマジック,1.0,1.0,福原杏,56.0,11.0,1.0,6.0,園田,キキョウ賞C2,3.0,4.0,園田,西脇市日本のへそ特別(BC1),5.0,7.0,園田,菖蒲賞,8.0,7.0,園田,3歳B,5.0,2.0,園田,3歳AB,7.6,4.0,,nar,2026-07-29,69.15,78.2,62.0,85.4,75.5,61.2,45,履歴少 / 近走上向き / 安定感
202650072912,2026-07-29,12,ブライトローズ,8.0,7.0,笹田知宏,56.0,4.0,3.0,3.0,園田,3歳AB,3.0,5.0,園田,JRA交流三室山特別,3.0,4.0,園田,西日本クラシック(重賞),1.0,1.0,姫路,3歳BC1,3.0,2.0,姫路,3歳BC1,5.7,3.0,,nar,2026-07-29,67.53,86.3,54.1,100.0,47.0,58.7,45,履歴少 / 安定感
202648072912,2026-07-29,12,ブラックビート,9.0,7.0,村上弘樹,57.0,11.0,7.0,10.0,名古屋,C6組,7.0,8.0,名古屋,金シャチ最終戦777(C),7.0,9.0,名古屋,初蛍賞(C),1.0,8.0,名古屋,もちゃ5歳だねくぃー(C),9.0,11.0,名古屋,C16組,45.1,11.0,,nar,2026-07-29,53.51,57.3,69.5,14.6,44.0,66.0,45,履歴少 / 人気以上に走る傾向 / 過小評価傾向 / 市場オッズ妙味
202630072912,2026-07-29,12,ベルピット,6.0,6.0,桑村真明,57.0,1.0,1.0,1.0,門別,赤レンガ記念〔H3〕(重賞),1.0,1.0,門別,コスモバルク記念〔H(重賞),1.0,1.0,門別,アネモネ特別(A1),4.0,3.0,名古屋,名古屋大賞典(JpnIII),1.0,1.0,門別,道営記念〔H1〕(重賞),1.0,1.0,,nar,2026-07-29,68.72,96.5,49.0,100.0,54.5,49.4,45,履歴少 / 安定感
202648072912,2026-07-29,12,ベールドゥフィーユ,10.0,7.0,加藤聡一,55.0,4.0,3.0,5.0,名古屋,C9組,9.0,4.0,名古屋,金シャチ最終戦777(C),4.0,3.0,名古屋,C10組,12.0,7.0,名古屋,金シャチ最終戦(C),2.0,3.0,名古屋,C18組,18.4,7.0,,nar,2026-07-29,55.01,60.8,39.8,60.5,72.5,57.0,45,履歴少 / 近走上向き / 安定感 / 市場オッズ妙味
202650072912,2026-07-29,12,マツリダマスラオ,10.0,8.0,小谷哲平,56.0,10.0,7.0,7.0,園田,C1二,6.0,6.0,園田,C1,8.0,4.0,園田,大垣内7ハロンC1二,5.0,8.0,高知,C1ー4,7.0,10.0,高知,どろめ特別(C1),45.1,7.0,,nar,2026-07-29,47.21,54.7,49.7,14.6,47.0,57.6,45,履歴少 / 市場オッズ妙味
202645072912,2026-07-29,12,ミスサラワク,4.0,4.0,田中涼,54.0,8.0,8.0,8.0,川崎,猛虎特別(C1),6.0,3.0,川崎,プリマヴェーラ賞(C1),1.0,9.0,川崎,ヴィクトリア賞(C1),6.0,8.0,川崎,七福神特別(C1C2),8.0,9.0,門別,ステラヴェローチェ賞(B3),75.9,12.0,,nar,2026-07-29,50.36,61.4,58.6,19.8,33.5,58.7,45,履歴少
202645072912,2026-07-29,12,ヤマニンパルフェ,3.0,3.0,佐藤翔馬,51.0,10.0,5.0,9.0,川崎,フォーカード賞(C1),9.0,7.0,川崎,神楽酒造盃くろうま賞(C1C2),4.0,7.0,船橋,馬い!卵はサンサンエ(C1),11.0,12.0,川崎,花菱草賞(C1),6.0,5.0,川崎,ブルーマウンテン賞(C1二),13.5,5.0,,nar,2026-07-29,56.65,53.8,59.5,50.2,65.0,64.3,45,履歴少 / 近走上向き / 市場オッズ妙味
202645072912,2026-07-29,12,ユウユウスプレマン,1.0,1.0,伊藤裕人,56.0,5.0,3.0,7.0,川崎,2026川崎ジョッキ(C2),1.0,1.0,川崎,ファイナルアンサー賞(C2),6.0,7.0,川崎,レッドカーペット賞(C2),8.0,7.0,船橋,みどりの日特別(C2),6.0,3.0,川崎,錨草賞(C2),15.3,7.0,,nar,2026-07-29,62.06,74.9,56.7,55.3,63.5,62.3,45,履歴少 / 市場オッズ妙味
202648072912,2026-07-29,12,ラスブリサス,7.0,6.0,加藤利征,57.0,9.0,2.0,1.0,名古屋,C10組,5.0,6.0,名古屋,C18組,5.0,2.0,名古屋,C16組,12.0,1.0,名古屋,B4組,2.0,1.0,大井,テリハハマボウ特別競(C1),6.4,3.0,,nar,2026-07-29,57.9,69.6,33.5,85.4,74.0,48.2,45,履歴少 / 近走上向き / 安定感
202645072912,2026-07-29,12,リュウバター,12.0,8.0,岡村裕基,56.0,4.0,1.0,3.0,川崎,アルテミス賞(C2),2.0,6.0,川崎,スクルド賞(C1),8.0,10.0,川崎,イーリス賞(C1),4.0,6.0,浦和,牡牛座特別(C2),8.0,10.0,川崎,アルテミス賞(C2),9.0,4.0,,nar,2026-07-29,69.47,77.7,67.5,69.9,77.0,67.2,45,履歴少 / 人気以上に走る傾向 / 近走上向き / 安定感
202645072912,2026-07-29,12,リュクススティール,9.0,6.0,達城龍次,56.0,9.0,8.0,11.0,川崎,フォーカード賞(C1),9.0,9.0,大井,芒種特別競走(C1),12.0,14.0,大井,C1二　三四(C1三),12.0,9.0,大井,C1三　四五(C1四),11.0,5.0,大井,C1三　四五(C1四),69.4,11.0,,nar,2026-07-29,40.19,28.5,51.7,0.0,68.0,50.9,45,履歴少 / 近走上向き
202650072912,2026-07-29,12,ロードシャマール,6.0,6.0,土方颯太,57.0,6.0,3.0,10.0,園田,C1,10.0,11.0,園田,C1,9.0,10.0,園田,大垣内7ハロンC1二,6.0,8.0,園田,C1,6.0,11.0,園田,C1二,89.9,10.0,,nar,2026-07-29,59.48,54.6,73.7,30.4,78.5,63.9,45,履歴少 / 人気以上に走る傾向 / 近走上向き
202648072912,2026-07-29,12,ワカメチャン,4.0,4.0,阪野学,55.0,7.0,5.0,9.0,名古屋,咲来、弥憂、お誕生日(C),6.0,9.0,名古屋,伊良湖疾風戦(C),10.0,12.0,名古屋,金シャチ最終戦(C),9.0,9.0,名古屋,C7組,8.0,6.0,名古屋,C11組,25.0,10.0,,nar,2026-07-29,54.89,51.0,65.1,30.4,69.5,60.9,45,履歴少 / 人気以上に走る傾向 / 近走上向き / 市場オッズ妙味
