race_id,日付,レース,馬名,馬番,枠,騎手,斤量,実着順,着順1,人気1,場1,レース名1,着順2,人気2,場2,レース名2,着順3,人気3,場3,レース名3,着順4,人気4,場4,レース名4,着順5,人気5,場5,レース名5,単勝オッズ,人気,オッズ更新日時,source,_date,AREru指数,因子_performance,因子_upset,因子_consistency,因子_trend,因子_value,因子_context,理由
202601020201,2026-08-23,1,アイビーミャーオ,3.0,3.0,横山武,55.0,,2.0,2.0,1札幌1,3歳未勝利,11.0,4.0,1函館5,3歳未勝利,3.0,3.0,3京都12,3歳未勝利,4.0,6.0,3京都6,3歳未勝利,9.0,9.0,1阪神3,3歳未勝利,1.9,1.0,2026-08-22 23:55:05,jra,2026-08-23,56.57,64.4,39.8,64.7,78.5,49.5,48.8,履歴少 / 近走上向き / 安定感
202601020201,2026-08-23,1,アジーザム,11.0,8.0,▲和田陽,52.0,,10.0,11.0,1函館10,3歳未勝利,5.0,10.0,1函館6,3歳未勝利,9.0,15.0,3東京2,3歳未勝利,8.0,10.0,2中山7,3歳未勝利,15.0,12.0,1小倉2,3歳未勝利,67.5,12.0,2026-08-22 23:55:05,jra,2026-08-23,48.94,39.0,69.0,24.9,45.5,58.1,48.8,履歴少 / 人気以上に走る傾向
202601020201,2026-08-23,1,アッシュグレイス,2.0,2.0,◇古川奈,53.0,,14.0,9.0,2東京1,3歳未勝利,12.0,9.0,1福島2,3歳未勝利,,,,,,,,,,,,,26.5,10.0,2026-08-22 23:55:05,jra,2026-08-23,30.53,21.0,29.7,18.0,38.9,41.6,48.8,履歴少 / サンプル少
202601020201,2026-08-23,1,アーミル,1.0,1.0,小沢,55.0,,13.0,11.0,1函館10,3歳未勝利,15.0,11.0,1函館3,3歳未勝利,8.0,11.0,1中京3,3歳未勝利,11.0,8.0,1京都9,3歳新馬,,,,,15.9,8.0,2026-08-22 23:55:05,jra,2026-08-23,29.79,14.3,38.7,0.0,40.0,48.8,48.8,履歴少 / 市場オッズ妙味
202607030201,2026-08-23,1,ウインクローバー,6.0,6.0,田口,55.0,,5.0,10.0,2中京3,2歳新馬,,,,,,,,,,,,,,,,,13.1,6.0,2026-08-22 23:45:05,jra,2026-08-23,44.08,44.6,48.3,36.3,40.6,42.0,48.8,前走人気以上 / 履歴少 / サンプル少
202604030201,2026-08-23,1,クールストラッチン,7.0,6.0,大野,55.0,,5.0,2.0,2新潟3,2歳未勝利,9.0,7.0,1函館1,2歳新馬,,,,,,,,,,,,,23.9,4.0,2026-08-22 23:35:05,jra,2026-08-23,44.3,47.5,35.7,34.7,58.7,45.4,48.8,履歴少 / サンプル少 / 市場オッズ妙味
202604030201,2026-08-23,1,クールボビー,6.0,5.0,原,55.0,,5.0,9.0,2新潟5,2歳未勝利,8.0,8.0,2福島8,2歳新馬,,,,,,,,,,,,,8.0,2.0,2026-08-22 23:35:05,jra,2026-08-23,50.14,49.5,54.0,34.7,55.4,54.6,48.8,前走人気以上 / 履歴少 / サンプル少
202604030201,2026-08-23,1,コスモティタノ,5.0,5.0,嶋田,55.0,,9.0,7.0,2新潟2,2歳新馬,,,,,,,,,,,,,,,,,162.9,12.0,2026-08-22 23:35:05,jra,2026-08-23,38.22,37.6,37.6,29.6,40.6,38.4,48.8,履歴少 / サンプル少
202601020201,2026-08-23,1,シェイプオブユー,5.0,5.0,川又,55.0,,6.0,3.0,1函館4,3歳未勝利,4.0,2.0,1福島6,3歳未勝利,2.0,7.0,1福島1,3歳未勝利,5.0,5.0,3福島6,2歳未勝利,6.0,10.0,3京都6,2歳新馬,9.1,3.0,2026-08-22 23:55:05,jra,2026-08-23,57.41,71.5,49.9,59.3,39.5,62.0,48.8,履歴少
202604030201,2026-08-23,1,シュアシング,8.0,6.0,武藤,55.0,,12.0,11.0,2新潟5,2歳未勝利,7.0,7.0,3東京1,2歳新馬,,,,,,,,,,,,,79.3,10.0,2026-08-22 23:35:05,jra,2026-08-23,37.18,34.5,43.4,18.0,29.0,47.1,48.8,履歴少 / サンプル少
202604030201,2026-08-23,1,スノーキャップ,4.0,4.0,柴田大,55.0,,9.0,9.0,3東京3,2歳新馬,,,,,,,,,,,,,,,,,143.5,11.0,2026-08-22 23:35:05,jra,2026-08-23,39.27,37.6,40.6,29.6,40.6,40.6,48.8,履歴少 / サンプル少
202604030201,2026-08-23,1,セイウントレジャ,10.0,7.0,野中,55.0,,6.0,10.0,2福島1,2歳新馬,,,,,,,,,,,,,,,,,28.1,5.0,2026-08-22 23:35:05,jra,2026-08-23,42.42,42.8,46.8,29.6,40.6,42.0,48.8,前走人気以上 / 履歴少 / サンプル少
202604030201,2026-08-23,1,センカンナガト,11.0,8.0,▲佐藤,52.0,,11.0,10.0,2新潟4,2歳未勝利,7.0,11.0,2福島5,2歳新馬,,,,,,,,,,,,,66.9,9.0,2026-08-22 23:35:05,jra,2026-08-23,40.42,36.9,50.3,18.0,32.3,50.7,48.8,履歴少 / サンプル少
202604030201,2026-08-23,1,ソースウィート,1.0,1.0,小林脩,55.0,,6.0,7.0,2福島5,2歳新馬,,,,,,,,,,,,,,,,,31.2,6.0,2026-08-22 23:35:05,jra,2026-08-23,41.27,42.8,42.2,29.6,40.6,41.7,48.8,履歴少 / サンプル少
202604030201,2026-08-23,1,ディスペアーホープ,2.0,2.0,菊沢,55.0,,4.0,4.0,2福島5,2歳新馬,,,,,,,,,,,,,,,,,18.6,3.0,2026-08-22 23:35:05,jra,2026-08-23,42.54,46.4,40.6,36.3,40.6,40.6,48.8,履歴少 / サンプル少
202601020201,2026-08-23,1,トリアングルレディ,7.0,6.0,横山琉,55.0,,8.0,12.0,1函館10,3歳未勝利,10.0,11.0,1函館4,3歳未勝利,13.0,16.0,1小倉2,3歳未勝利,13.0,4.0,4東京4,2歳新馬,,,,,38.5,11.0,2026-08-22 23:55:05,jra,2026-08-23,41.05,24.2,55.8,0.0,74.0,50.8,48.8,前走人気以上 / 履歴少 / 近走上向き
202604030201,2026-08-23,1,ドッカイッチャッテ,3.0,3.0,木幡初,55.0,,8.0,8.0,2新潟6,2歳新馬,,,,,,,,,,,,,,,,,52.4,7.0,2026-08-22 23:35:05,jra,2026-08-23,39.76,39.3,40.6,29.6,40.6,40.6,48.8,履歴少 / サンプル少
202601020201,2026-08-23,1,ニシノギャルズ,6.0,5.0,吉村智,55.0,,6.0,10.0,1函館10,3歳未勝利,13.0,8.0,3東京2,3歳未勝利,7.0,4.0,3中山1,3歳未勝利,4.0,9.0,2中山3,3歳未勝利,14.0,11.0,5東京2,2歳未勝利,15.1,7.0,2026-08-22 23:55:05,jra,2026-08-23,45.41,40.6,48.6,14.6,71.0,51.7,48.8,前走人気以上 / 履歴少 / 近走上向き / 市場オッズ妙味
202604030201,2026-08-23,1,ノーセット,12.0,8.0,津村,55.0,,2.0,3.0,2新潟3,2歳新馬,,,,,,,,,,,,,,,,,1.1,1.0,2026-08-22 23:35:05,jra,2026-08-23,44.04,49.9,42.2,36.3,40.6,41.7,48.8,履歴少 / サンプル少
202607030201,2026-08-23,1,パストザクラウン,3.0,3.0,◇今村,53.0,,5.0,8.0,2新潟2,2歳未勝利,7.0,10.0,3東京5,2歳新馬,,,,,,,,,,,,,7.6,4.0,2026-08-22 23:45:05,jra,2026-08-23,51.63,51.4,57.0,34.7,52.1,58.9,48.8,前走人気以上 / 履歴少 / サンプル少
202607030201,2026-08-23,1,ビバームス,1.0,1.0,長岡,55.0,,3.0,5.0,2小倉6,2歳新馬,,,,,,,,,,,,,,,,,12.5,5.0,2026-08-22 23:45:05,jra,2026-08-23,43.96,48.1,43.7,36.3,40.6,42.0,48.8,履歴少 / サンプル少
202607030201,2026-08-23,1,プリンキピッサ,4.0,4.0,西村淳,55.0,,2.0,4.0,2小倉3,2歳新馬,,,,,,,,,,,,,,,,,3.4,2.0,2026-08-22 23:45:05,jra,2026-08-23,44.45,49.9,43.7,36.3,40.6,42.0,48.8,履歴少 / サンプル少
202607030201,2026-08-23,1,ベニバナ,5.0,5.0,☆田山,54.0,,3.0,4.0,2中京3,2歳新馬,,,,,,,,,,,,,,,,,1.9,1.0,2026-08-22 23:45:05,jra,2026-08-23,43.55,48.1,42.2,36.3,40.6,41.7,48.8,履歴少 / サンプル少
202601020201,2026-08-23,1,ベルグランボヌール,10.0,7.0,▲小林美,52.0,,10.0,5.0,5阪神3,2歳未勝利,5.0,3.0,2札幌5,2歳未勝利,6.0,2.0,1札幌6,2歳新馬,,,,,,,,,7.3,2.0,2026-08-22 23:55:05,jra,2026-08-23,36.12,49.7,23.8,24.9,23.0,41.9,48.8,履歴少
202601020201,2026-08-23,1,ペイシャクロス,9.0,7.0,☆長浜,54.0,,4.0,10.0,1札幌3,3歳未勝利,3.0,9.0,1函館11,3歳未勝利,8.0,6.0,1函館8,3歳未勝利,15.0,12.0,2東京10,3歳未勝利,7.0,10.0,1福島6,3歳未勝利,14.2,6.0,2026-08-22 23:55:05,jra,2026-08-23,63.03,58.1,69.6,55.3,75.5,67.8,48.8,前走人気以上 / 履歴少 / 人気以上に走る傾向 / 近走上向き
202601020201,2026-08-23,1,メイショウマドンナ,12.0,8.0,吉田隼,55.0,,3.0,5.0,1札幌6,3歳未勝利,4.0,4.0,2小倉7,3歳未勝利,2.0,9.0,2小倉1,3歳未勝利,12.0,9.0,3京都6,3歳未勝利,11.0,9.0,2阪神4,3歳未勝利,10.4,4.0,2026-08-22 23:55:05,jra,2026-08-23,64.58,66.5,59.4,75.1,75.5,62.6,48.8,履歴少 / 近走上向き / 安定感
202607030201,2026-08-23,1,ラインエレガント,2.0,2.0,吉村,55.0,,2.0,10.0,2中京1,2歳新馬,,,,,,,,,,,,,,,,,6.8,3.0,2026-08-22 23:45:05,jra,2026-08-23,46.35,49.9,51.6,36.3,40.6,42.0,48.8,前走人気以上 / 履歴少 / サンプル少
202601020201,2026-08-23,1,ルーチェコメット,4.0,4.0,松山,55.0,,8.0,8.0,1函館10,3歳未勝利,7.0,8.0,1函館8,3歳未勝利,6.0,15.0,1福島6,3歳未勝利,15.0,12.0,1京都9,3歳新馬,,,,,18.6,9.0,2026-08-22 23:55:05,jra,2026-08-23,47.42,42.6,62.4,0.0,58.0,62.0,48.8,履歴少 / 市場オッズ妙味
202604030201,2026-08-23,1,レオリアライズ,9.0,7.0,石橋脩,55.0,,8.0,7.0,3東京1,2歳新馬,,,,,,,,,,,,,,,,,56.3,8.0,2026-08-22 23:35:05,jra,2026-08-23,39.24,39.3,39.1,29.6,40.6,39.5,48.8,履歴少 / サンプル少
202607030201,2026-08-23,1,レットミーゴー,7.0,7.0,城戸,55.0,,6.0,7.0,2中京7,2歳新馬,,,,,,,,,,,,,,,,,48.1,7.0,2026-08-22 23:45:05,jra,2026-08-23,41.27,42.8,42.2,29.6,40.6,41.7,48.8,履歴少 / サンプル少
202601020201,2026-08-23,1,ロングフルスペック,8.0,6.0,古川吉,55.0,,4.0,6.0,1札幌6,3歳未勝利,4.0,4.0,1札幌1,3歳未勝利,6.0,10.0,1函館5,3歳未勝利,7.0,4.0,2阪神6,3歳未勝利,11.0,16.0,1阪神7,3歳未勝利,12.9,5.0,2026-08-22 23:55:05,jra,2026-08-23,61.2,63.6,60.3,55.3,68.0,66.1,48.8,履歴少 / 近走上向き / 過小評価傾向 / 市場オッズ妙味
202601020202,2026-08-23,2,アルデシンザン,9.0,7.0,丹内,55.0,,4.0,2.0,1札幌5,2歳未勝利,9.0,2.0,1函館10,2歳新馬,,,,,,,,,,,,,7.3,4.0,2026-08-23 00:26:45,jra,2026-08-23,43.44,49.9,29.1,34.7,62.0,42.8,48.8,履歴少 / サンプル少
202604030202,2026-08-23,2,アルバスタキヤ,6.0,6.0,武藤,55.0,,,,,,,,,,,,,,,,,,,,,,22.0,9.0,2026-08-23 00:05:55,jra,2026-08-23,36.0,35.0,35.0,35.0,35.0,35.0,45.0,履歴少
202601020202,2026-08-23,2,ウィルレーヴィア,10.0,7.0,横山琉,55.0,,4.0,7.0,1函館6,2歳未勝利,11.0,12.0,1函館1,2歳新馬,,,,,,,,,,,,,90.1,11.0,2026-08-23 00:26:45,jra,2026-08-23,50.3,45.9,53.6,34.7,68.6,52.2,48.8,前走人気以上 / 履歴少 / サンプル少 / 近走上向き
202607030202,2026-08-23,2,エトワールハマー,4.0,4.0,Ｍデムーロ,55.0,,,,,,,,,,,,,,,,,,,,,,6.0,3.0,2026-08-23 00:18:15,jra,2026-08-23,36.0,35.0,35.0,35.0,35.0,35.0,45.0,履歴少
202604030202,2026-08-23,2,オプティミスタ,1.0,1.0,石川,55.0,,,,,,,,,,,,,,,,,,,,,,15.9,7.0,2026-08-23 00:05:55,jra,2026-08-23,36.0,35.0,35.0,35.0,35.0,35.0,45.0,履歴少
202604030202,2026-08-23,2,オーロラトレイル,9.0,7.0,北村友,55.0,,,,,,,,,,,,,,,,,,,,,,11.9,5.0,2026-08-23 00:05:55,jra,2026-08-23,36.0,35.0,35.0,35.0,35.0,35.0,45.0,履歴少
202607030202,2026-08-23,2,キトゥンズクラフト,2.0,2.0,吉村,55.0,,,,,,,,,,,,,,,,,,,,,,2.6,1.0,2026-08-23 00:18:15,jra,2026-08-23,36.0,35.0,35.0,35.0,35.0,35.0,45.0,履歴少
202604030202,2026-08-23,2,グランドストーリー,4.0,4.0,菊沢,55.0,,,,,,,,,,,,,,,,,,,,,,18.1,8.0,2026-08-23 00:05:55,jra,2026-08-23,36.0,35.0,35.0,35.0,35.0,35.0,45.0,履歴少
202607030202,2026-08-23,2,ケイアイトリノ,6.0,6.0,藤懸,55.0,,,,,,,,,,,,,,,,,,,,,,8.4,6.0,2026-08-23 00:18:15,jra,2026-08-23,36.0,35.0,35.0,35.0,35.0,35.0,45.0,履歴少
202607030202,2026-08-23,2,コルソヴェローチェ,1.0,1.0,西村淳,55.0,,,,,,,,,,,,,,,,,,,,,,12.8,7.0,2026-08-23 00:18:15,jra,2026-08-23,36.0,35.0,35.0,35.0,35.0,35.0,45.0,履歴少
202601020202,2026-08-23,2,サンシルヴァリー,7.0,6.0,川又,55.0,,8.0,11.0,1札幌5,2歳未勝利,8.0,11.0,3阪神2,2歳新馬,,,,,,,,,,,,,94.1,12.0,2026-08-23 00:26:45,jra,2026-08-23,45.56,42.2,57.0,18.0,45.5,54.0,48.8,前走人気以上 / 履歴少 / サンプル少
202601020202,2026-08-23,2,サンレガート,8.0,6.0,浜中,55.0,,3.0,4.0,3東京3,2歳新馬,,,,,,,,,,,,,,,,,16.7,6.0,2026-08-23 00:26:45,jra,2026-08-23,43.55,48.1,42.2,36.3,40.6,41.7,48.8,履歴少 / サンプル少
202601020202,2026-08-23,2,シガレス,4.0,4.0,▲和田陽,52.0,,3.0,8.0,1札幌1,2歳未勝利,6.0,10.0,1函館9,2歳新馬,,,,,,,,,,,,,22.5,8.0,2026-08-23 00:26:45,jra,2026-08-23,55.5,58.3,63.0,34.7,55.4,59.8,48.8,前走人気以上 / 履歴少 / サンプル少 / 市場オッズ妙味
202601020202,2026-08-23,2,シークレットタワー,11.0,8.0,◇古川奈,53.0,,5.0,3.0,1函館6,2歳未勝利,3.0,1.0,1函館2,2歳新馬,,,,,,,,,,,,,36.3,10.0,2026-08-23 00:26:45,jra,2026-08-23,48.02,59.4,37.8,48.4,38.9,49.8,48.8,履歴少 / サンプル少 / 市場オッズ妙味
202604030202,2026-08-23,2,スロノス,8.0,7.0,石橋脩,55.0,,,,,,,,,,,,,,,,,,,,,,2.0,1.0,2026-08-23 00:05:55,jra,2026-08-23,36.0,35.0,35.0,35.0,35.0,35.0,45.0,履歴少
202601020202,2026-08-23,2,セールデュクール,6.0,5.0,▲小林美,52.0,,12.0,8.0,1札幌3,2歳新馬,,,,,,,,,,,,,,,,,22.7,9.0,2026-08-23 00:26:45,jra,2026-08-23,35.7,32.3,34.5,29.6,40.6,36.2,48.8,履歴少 / サンプル少
202604030202,2026-08-23,2,ゼラニウム,5.0,5.0,コレット,55.0,,,,,,,,,,,,,,,,,,,,,,12.7,6.0,2026-08-23 00:05:55,jra,2026-08-23,36.0,35.0,35.0,35.0,35.0,35.0,45.0,履歴少
202604030202,2026-08-23,2,タイヴァス,7.0,6.0,坂井,55.0,,,,,,,,,,,,,,,,,,,,,,11.5,3.0,2026-08-23 00:05:55,jra,2026-08-23,36.0,35.0,35.0,35.0,35.0,35.0,45.0,履歴少
202601020202,2026-08-23,2,ティアラード,5.0,5.0,横山武,55.0,,2.0,2.0,1札幌3,2歳新馬,,,,,,,,,,,,,,,,,3.3,1.0,2026-08-23 00:26:45,jra,2026-08-23,43.52,49.9,40.6,36.3,40.6,40.6,48.8,履歴少 / サンプル少
202601020202,2026-08-23,2,デザートスピリット,1.0,1.0,ルメール,55.0,,4.0,4.0,2新潟4,2歳未勝利,2.0,5.0,3東京3,2歳新馬,,,,,,,,,,,,,3.4,2.0,2026-08-23 00:26:45,jra,2026-08-23,53.07,63.8,50.7,48.4,38.9,55.0,48.8,履歴少 / サンプル少
202601020202,2026-08-23,2,トムクリオーザ,2.0,2.0,小沢,55.0,,8.0,5.0,1函館10,2歳新馬,,,,,,,,,,,,,,,,,9.4,5.0,2026-08-23 00:26:45,jra,2026-08-23,38.19,39.3,36.0,29.6,40.6,37.3,48.8,履歴少 / サンプル少
202604030202,2026-08-23,2,ノーブルフォース,2.0,2.0,吉田豊,55.0,,,,,,,,,,,,,,,,,,,,,,91.8,11.0,2026-08-23 00:05:55,jra,2026-08-23,36.0,35.0,35.0,35.0,35.0,35.0,45.0,履歴少
202607030202,2026-08-23,2,バヤールロック,3.0,3.0,幸,55.0,,,,,,,,,,,,,,,,,,,,,,7.6,5.0,2026-08-23 00:18:15,jra,2026-08-23,36.0,35.0,35.0,35.0,35.0,35.0,45.0,履歴少
202604030202,2026-08-23,2,フォルスラヴィ,11.0,8.0,田辺,55.0,,,,,,,,,,,,,,,,,,,,,,11.6,4.0,2026-08-23 00:05:55,jra,2026-08-23,36.0,35.0,35.0,35.0,35.0,35.0,45.0,履歴少
202604030202,2026-08-23,2,プロテウス,3.0,3.0,津村,55.0,,,,,,,,,,,,,,,,,,,,,,4.6,2.0,2026-08-23 00:05:55,jra,2026-08-23,36.0,35.0,35.0,35.0,35.0,35.0,45.0,履歴少
202607030202,2026-08-23,2,マスリュウオー,5.0,5.0,☆田山,54.0,,,,,,,,,,,,,,,,,,,,,,7.3,4.0,2026-08-23 00:18:15,jra,2026-08-23,36.0,35.0,35.0,35.0,35.0,35.0,45.0,履歴少
202607030202,2026-08-23,2,マンナット,7.0,7.0,渡辺竜,55.0,,,,,,,,,,,,,,,,,,,,,,5.9,2.0,2026-08-23 00:18:15,jra,2026-08-23,36.0,35.0,35.0,35.0,35.0,35.0,45.0,履歴少
202601020202,2026-08-23,2,ムッチリスタイル,12.0,8.0,岩田望,55.0,,7.0,1.0,1札幌5,2歳新馬,,,,,,,,,,,,,,,,,5.7,3.0,2026-08-23 00:26:45,jra,2026-08-23,37.11,41.1,31.4,29.6,40.6,34.0,48.8,履歴少 / サンプル少
202607030202,2026-08-23,2,リヴァイアサン,8.0,8.0,田口,55.0,,,,,,,,,,,,,,,,,,,,,,13.8,8.0,2026-08-23 00:18:15,jra,2026-08-23,36.0,35.0,35.0,35.0,35.0,35.0,45.0,履歴少
202601020202,2026-08-23,2,リーゼントエース,3.0,3.0,池添,55.0,,8.0,5.0,1函館12,2歳未勝利,4.0,3.0,1函館9,2歳新馬,,,,,,,,,,,,,19.4,7.0,2026-08-23 00:26:45,jra,2026-08-23,42.95,50.1,37.4,31.7,32.3,52.7,48.8,履歴少 / サンプル少 / 市場オッズ妙味
202604030202,2026-08-23,2,ロジグローリー,10.0,8.0,丸山,55.0,,,,,,,,,,,,,,,,,,,,,,30.2,10.0,2026-08-23 00:05:55,jra,2026-08-23,36.0,35.0,35.0,35.0,35.0,35.0,45.0,履歴少
202601020203,2026-08-23,3,アオイミズホ,11.0,7.0,横山和,57.0,,3.0,2.0,1札幌1,3歳未勝利,5.0,3.0,2福島1,3歳未勝利,5.0,1.0,3東京1,3歳未勝利,2.0,2.0,2東京7,3歳未勝利,3.0,4.0,3中山8,3歳未勝利,3.4,1.0,2026-08-22 23:58:15,jra,2026-08-23,61.94,78.0,39.6,100.0,54.5,51.3,48.8,履歴少 / 安定感
202601020203,2026-08-23,3,アメリカンダンス,14.0,8.0,ロイド,55.0,,12.0,5.0,1函館4,3歳未勝利,12.0,10.0,2阪神7,3歳未勝利,8.0,8.0,1中京6,3歳未勝利,,,,,,,,,25.1,10.0,2026-08-22 23:58:15,jra,2026-08-23,27.14,20.4,25.5,0.0,38.0,41.9,48.8,履歴少
202607030203,2026-08-23,3,エイダンバローズ,3.0,3.0,団野,55.0,,,,,,,,,,,,,,,,,,,,,,6.5,2.0,2026-08-22 23:45:55,jra,2026-08-23,36.0,35.0,35.0,35.0,35.0,35.0,45.0,履歴少
202601020203,2026-08-23,3,エクラドット,10.0,6.0,丹内,57.0,,4.0,6.0,1函館10,3歳未勝利,15.0,12.0,1函館6,3歳未勝利,5.0,8.0,1福島4,3歳未勝利,15.0,13.0,1中山8,3歳未勝利,11.0,5.0,3新潟2,2歳新馬,9.7,6.0,2026-08-22 23:58:15,jra,2026-08-23,51.26,38.6,46.8,50.2,95.0,49.5,48.8,履歴少 / 近走上向き
202604030203,2026-08-23,3,ガネット,7.0,6.0,丸山,55.0,,,,,,,,,,,,,,,,,,,,,,7.2,4.0,2026-08-23 00:35:10,jra,2026-08-23,36.0,35.0,35.0,35.0,35.0,35.0,45.0,履歴少
202607030203,2026-08-23,3,コトテーラー,5.0,5.0,☆田山,54.0,,,,,,,,,,,,,,,,,,,,,,26.3,9.0,2026-08-22 23:45:55,jra,2026-08-23,36.0,35.0,35.0,35.0,35.0,35.0,45.0,履歴少
202604030203,2026-08-23,3,コンセルノ,11.0,8.0,北村友,55.0,,,,,,,,,,,,,,,,,,,,,,4.8,2.0,2026-08-23 00:35:10,jra,2026-08-23,36.0,35.0,35.0,35.0,35.0,35.0,45.0,履歴少
202607030203,2026-08-23,3,サンクサンス,2.0,2.0,松若,55.0,,,,,,,,,,,,,,,,,,,,,,25.7,8.0,2026-08-22 23:45:55,jra,2026-08-23,36.0,35.0,35.0,35.0,35.0,35.0,45.0,履歴少
202601020203,2026-08-23,3,ジェイストリーク,7.0,5.0,岩田望,55.0,,3.0,4.0,1札幌5,3歳未勝利,5.0,2.0,3京都9,2歳未勝利,5.0,2.0,2新潟7,2歳未勝利,2.0,3.0,3阪神5,2歳新馬,,,,,7.5,5.0,2026-08-22 23:58:15,jra,2026-08-23,62.08,77.3,43.0,89.7,56.0,55.3,48.8,履歴少 / 安定感
202601020203,2026-08-23,3,ジェッディンデデン,9.0,6.0,黛,55.0,,7.0,8.0,1函館11,3歳未勝利,6.0,4.0,1函館8,3歳未勝利,8.0,16.0,3東京4,3歳未勝利,7.0,6.0,3中山1,3歳1勝クラス,12.0,12.0,1東京2,3歳新馬,91.5,13.0,2026-08-22 23:58:15,jra,2026-08-23,47.14,48.3,58.7,0.0,57.5,55.5,48.8,履歴少
202607030203,2026-08-23,3,スティルラブハー,7.0,7.0,西村淳,55.0,,,,,,,,,,,,,,,,,,,,,,10.1,3.0,2026-08-22 23:45:55,jra,2026-08-23,36.0,35.0,35.0,35.0,35.0,35.0,45.0,履歴少
202604030203,2026-08-23,3,セイウンシャラ,5.0,5.0,吉田豊,55.0,,,,,,,,,,,,,,,,,,,,,,34.2,10.0,2026-08-23 00:35:10,jra,2026-08-23,36.0,35.0,35.0,35.0,35.0,35.0,45.0,履歴少
202601020203,2026-08-23,3,セブンワンダーズ,6.0,4.0,横山琉,57.0,,5.0,5.0,1札幌3,3歳未勝利,13.0,4.0,2福島5,3歳未勝利,5.0,3.0,1新潟8,3歳未勝利,2.0,7.0,1新潟3,3歳未勝利,6.0,3.0,1福島5,3歳未勝利,12.9,7.0,2026-08-22 23:58:15,jra,2026-08-23,51.02,54.7,34.5,64.7,59.0,55.0,48.8,履歴少 / 安定感 / 市場オッズ妙味
202601020203,2026-08-23,3,セラサイト,5.0,4.0,横山武,55.0,,5.0,6.0,1札幌5,3歳未勝利,4.0,2.0,1札幌2,3歳未勝利,3.0,9.0,1函館10,3歳未勝利,10.0,7.0,1函館5,3歳未勝利,4.0,3.0,1函館2,3歳未勝利,6.8,2.0,2026-08-22 23:58:15,jra,2026-08-23,61.37,68.1,53.1,85.4,51.5,58.8,48.8,履歴少 / 安定感
202607030203,2026-08-23,3,セーズアマゾネス,6.0,6.0,◇今村,53.0,,,,,,,,,,,,,,,,,,,,,,11.6,4.0,2026-08-22 23:45:55,jra,2026-08-23,36.0,35.0,35.0,35.0,35.0,35.0,45.0,履歴少
202604030203,2026-08-23,3,ティシポネ,3.0,3.0,津村,55.0,,,,,,,,,,,,,,,,,,,,,,7.4,5.0,2026-08-23 00:35:10,jra,2026-08-23,36.0,35.0,35.0,35.0,35.0,35.0,45.0,履歴少
202604030203,2026-08-23,3,デススパイラル,1.0,1.0,コレット,55.0,,,,,,,,,,,,,,,,,,,,,,6.0,3.0,2026-08-23 00:35:10,jra,2026-08-23,36.0,35.0,35.0,35.0,35.0,35.0,45.0,履歴少
202604030203,2026-08-23,3,ドミナント,9.0,7.0,坂井,55.0,,,,,,,,,,,,,,,,,,,,,,3.8,1.0,2026-08-23 00:35:10,jra,2026-08-23,36.0,35.0,35.0,35.0,35.0,35.0,45.0,履歴少
202601020203,2026-08-23,3,ヒマラヤミュサ,12.0,7.0,荻野琢,55.0,,12.0,12.0,1札幌4,3歳未勝利,10.0,13.0,3京都7,3歳未勝利,,,,,,,,,,,,,120.8,14.0,2026-08-22 23:58:15,jra,2026-08-23,38.96,28.6,50.7,18.0,38.9,50.7,48.8,履歴少 / サンプル少
202604030203,2026-08-23,3,ヒーローシー,10.0,7.0,▲上里,52.0,,,,,,,,,,,,,,,,,,,,,,92.2,12.0,2026-08-23 00:35:10,jra,2026-08-23,36.0,35.0,35.0,35.0,35.0,35.0,45.0,履歴少
202601020203,2026-08-23,3,ファイアリービート,13.0,8.0,Ｒヘルナン,57.0,,3.0,4.0,2福島8,3歳未勝利,4.0,4.0,3東京6,3歳未勝利,5.0,5.0,2東京10,3歳未勝利,8.0,6.0,2東京5,3歳未勝利,8.0,5.0,1中山8,3歳未勝利,6.9,3.0,2026-08-22 23:58:15,jra,2026-08-23,60.8,68.9,47.9,75.1,69.5,55.6,48.8,履歴少 / 近走上向き / 安定感
202607030203,2026-08-23,3,ファミーリエ,4.0,4.0,吉村,55.0,,,,,,,,,,,,,,,,,,,,,,13.2,5.0,2026-08-22 23:45:55,jra,2026-08-23,36.0,35.0,35.0,35.0,35.0,35.0,45.0,履歴少
202601020203,2026-08-23,3,ブルーアンビエンス,3.0,3.0,★河原田,53.0,,8.0,10.0,1札幌3,3歳未勝利,7.0,10.0,3東京2,3歳未勝利,5.0,6.0,浦和,ツイントップ特別(3歳),12.0,6.0,3中山4,3歳未勝利,12.0,12.0,1小倉5,3歳未勝利,65.6,12.0,2026-08-22 23:58:15,jra,2026-08-23,43.49,37.1,54.2,11.5,56.0,50.9,48.8,履歴少
202601020203,2026-08-23,3,ブルーエ,1.0,1.0,☆長浜,54.0,,8.0,7.0,1札幌4,3歳未勝利,6.0,4.0,1函館8,3歳未勝利,3.0,3.0,1函館3,3歳未勝利,3.0,1.0,1福島6,3歳未勝利,2.0,6.0,1福島1,3歳未勝利,38.7,11.0,2026-08-22 23:58:15,jra,2026-08-23,50.32,66.7,45.2,44.7,23.0,55.6,48.8,履歴少 / 市場オッズ妙味
202601020203,2026-08-23,3,ホウオウファラオ,2.0,2.0,岩田康,57.0,,4.0,2.0,1札幌6,3歳未勝利,3.0,3.0,1函館12,3歳未勝利,3.0,5.0,1函館5,3歳未勝利,7.0,11.0,3東京1,3歳未勝利,8.0,9.0,3中山7,3歳未勝利,14.2,8.0,2026-08-22 23:58:15,jra,2026-08-23,63.29,72.8,53.3,75.1,57.5,66.6,48.8,履歴少 / 安定感 / 過小評価傾向 / 市場オッズ妙味
202607030203,2026-08-23,3,ポッドハンター,1.0,1.0,藤懸,55.0,,,,,,,,,,,,,,,,,,,,,,18.6,6.0,2026-08-22 23:45:55,jra,2026-08-23,36.0,35.0,35.0,35.0,35.0,35.0,45.0,履歴少
202601020203,2026-08-23,3,メイショウライゴー,8.0,5.0,▲小林美,54.0,,12.0,1.0,名古屋,名古屋CCマスカット(3歳),8.0,4.0,2阪神5,3歳未勝利,2.0,1.0,1中京4,3歳未勝利,4.0,8.0,1阪神4,3歳未勝利,15.0,6.0,2京都4,3歳未勝利,18.5,9.0,2026-08-22 23:58:15,jra,2026-08-23,35.79,41.9,28.7,34.3,21.5,40.0,48.8,履歴少 / 市場オッズ妙味
202604030203,2026-08-23,3,ランブリングガール,6.0,5.0,菊沢,55.0,,,,,,,,,,,,,,,,,,,,,,18.2,8.0,2026-08-23 00:35:10,jra,2026-08-23,36.0,35.0,35.0,35.0,35.0,35.0,45.0,履歴少
202604030203,2026-08-23,3,ルーチェルナーレ,8.0,6.0,△石神道,53.0,,,,,,,,,,,,,,,,,,,,,,46.4,11.0,2026-08-23 00:35:10,jra,2026-08-23,36.0,35.0,35.0,35.0,35.0,35.0,45.0,履歴少
202604030203,2026-08-23,3,レイヤードホワイト,4.0,4.0,嶋田,55.0,,,,,,,,,,,,,,,,,,,,,,32.4,9.0,2026-08-23 00:35:10,jra,2026-08-23,36.0,35.0,35.0,35.0,35.0,35.0,45.0,履歴少
202601020203,2026-08-23,3,レジオンポレール,4.0,3.0,レーン,57.0,,8.0,7.0,1函館2,3歳未勝利,,,,,,,,,,,,,,,,,7.4,4.0,2026-08-22 23:58:15,jra,2026-08-23,39.24,39.3,39.1,29.6,40.6,39.5,48.8,履歴少 / サンプル少
202604030203,2026-08-23,3,ヴァルブロッサ,12.0,8.0,田辺,55.0,,,,,,,,,,,,,,,,,,,,,,7.8,6.0,2026-08-23 00:35:10,jra,2026-08-23,36.0,35.0,35.0,35.0,35.0,35.0,45.0,履歴少
202607030203,2026-08-23,3,ヴァーヴイレヴン,9.0,8.0,鮫島駿,55.0,,,,,,,,,,,,,,,,,,,,,,1.5,1.0,2026-08-22 23:45:55,jra,2026-08-23,36.0,35.0,35.0,35.0,35.0,35.0,45.0,履歴少
202604030203,2026-08-23,3,ヴィゴーレテソーロ,2.0,2.0,原,55.0,,,,,,,,,,,,,,,,,,,,,,14.3,7.0,2026-08-23 00:35:10,jra,2026-08-23,36.0,35.0,35.0,35.0,35.0,35.0,45.0,履歴少
202607030203,2026-08-23,3,ヴィスタグロッサ,8.0,8.0,◇永島,53.0,,,,,,,,,,,,,,,,,,,,,,23.1,7.0,2026-08-22 23:45:55,jra,2026-08-23,36.0,35.0,35.0,35.0,35.0,35.0,45.0,履歴少
202607030204,2026-08-23,4,アクシュラ,3.0,2.0,☆田山,54.0,,9.0,3.0,3阪神4,3歳未勝利,4.0,6.0,1中京5,3歳未勝利,3.0,10.0,1阪神5,3歳未勝利,8.0,6.0,1小倉10,3歳未勝利,6.0,6.0,5中京4,2歳未勝利,32.4,12.0,2026-08-23 00:15:10,jra,2026-08-23,49.27,59.1,48.4,44.7,27.5,54.1,48.8,履歴少
202601020204,2026-08-23,4,アドマイヤパープル,16.0,8.0,岩田望,55.0,,10.0,5.0,3東京4,3歳未勝利,4.0,4.0,2東京9,3歳未勝利,7.0,11.0,2東京1,3歳未勝利,7.0,3.0,1東京3,3歳新馬,,,,,17.2,6.0,2026-08-23 00:27:30,jra,2026-08-23,42.38,50.5,39.7,24.9,26.0,55.0,48.8,履歴少 / 市場オッズ妙味
202607030204,2026-08-23,4,インドミタビリティ,12.0,7.0,亀田,57.0,,4.0,2.0,2中京5,3歳未勝利,4.0,4.0,3阪神4,3歳未勝利,4.0,2.0,2東京9,3歳未勝利,6.0,2.0,3中山8,3歳未勝利,2.0,3.0,1阪神4,3歳未勝利,5.9,2.0,2026-08-23 00:15:10,jra,2026-08-23,59.14,75.3,39.6,85.4,50.0,53.0,48.8,履歴少 / 安定感
202601020204,2026-08-23,4,ウォーターブビンガ,15.0,8.0,◇古川奈,55.0,,14.0,15.0,3阪神6,3歳未勝利,18.0,12.0,1中京2,3歳未勝利,12.0,9.0,5中京3,2歳未勝利,6.0,8.0,3京都9,2歳未勝利,5.0,12.0,3京都5,2歳未勝利,93.6,16.0,2026-08-23 00:27:30,jra,2026-08-23,32.43,18.2,44.6,10.3,27.5,51.6,48.8,履歴少
202607030204,2026-08-23,4,キタノハイテイル,9.0,5.0,城戸,57.0,,2.0,9.0,2中京5,3歳未勝利,6.0,15.0,3阪神3,3歳未勝利,5.0,8.0,1新潟8,3歳未勝利,7.0,11.0,3京都5,3歳未勝利,12.0,15.0,2京都3,3歳新馬,7.9,3.0,2026-08-23 00:15:10,jra,2026-08-23,71.54,65.2,91.0,50.2,83.0,75.7,48.8,前走人気以上 / 履歴少 / 人気以上に走る傾向 / 近走上向き
202607030204,2026-08-23,4,クリノリキオー,8.0,5.0,幸,57.0,,5.0,4.0,2中京5,3歳未勝利,7.0,5.0,3阪神3,3歳未勝利,5.0,2.0,3京都12,3歳未勝利,4.0,3.0,3京都4,3歳未勝利,6.0,3.0,2阪神7,3歳未勝利,11.1,6.0,2026-08-23 00:15:10,jra,2026-08-23,53.44,64.4,37.0,64.7,53.0,53.7,48.8,履歴少 / 安定感
202607030204,2026-08-23,4,グランワールド,10.0,6.0,吉村,57.0,,7.0,1.0,川崎,ジュライフラワー賞(3歳C1),8.0,1.0,3京都12,3歳未勝利,2.0,1.0,3京都10,3歳未勝利,3.0,6.0,3京都4,3歳未勝利,5.0,4.0,4阪神7,2歳未勝利,7.9,4.0,2026-08-23 00:15:10,jra,2026-08-23,45.05,55.5,33.0,44.7,35.0,51.0,48.8,履歴少
202607030204,2026-08-23,4,グリーンゴー,2.0,2.0,西村淳,57.0,,3.0,1.0,2小倉2,3歳未勝利,2.0,1.0,3京都2,3歳未勝利,3.0,1.0,2阪神3,3歳未勝利,2.0,2.0,1京都6,3歳未勝利,4.0,3.0,1京都2,3歳未勝利,3.4,1.0,2026-08-23 00:15:10,jra,2026-08-23,63.77,86.3,40.5,100.0,48.5,51.3,48.8,履歴少 / 安定感
202607030204,2026-08-23,4,グレートアゲイン,7.0,4.0,鮫島良,57.0,,5.0,16.0,2中京8,3歳未勝利,9.0,16.0,2小倉1,3歳未勝利,8.0,13.0,1福島1,3歳未勝利,13.0,11.0,1京都8,3歳未勝利,10.0,15.0,1京都1,3歳未勝利,23.5,9.0,2026-08-23 00:15:10,jra,2026-08-23,62.01,41.8,94.1,30.4,80.0,68.6,48.8,前走人気以上 / 履歴少 / 人気以上に走る傾向 / 近走上向き
202601020204,2026-08-23,4,ゲフィオン,13.0,7.0,フーリー,55.0,,13.0,9.0,1函館5,3歳未勝利,13.0,5.0,3京都1,3歳未勝利,7.0,3.0,5阪神6,2歳未勝利,3.0,2.0,4京都6,2歳新馬,,,,,72.4,15.0,2026-08-23 00:27:30,jra,2026-08-23,25.94,27.6,17.6,14.6,18.0,37.1,48.8,履歴少
202604030204,2026-08-23,4,サトミノアカリ,13.0,7.0,△石田,53.0,,8.0,6.0,船橋,ナティレイン特別(3歳未格),10.0,10.0,1中京6,3歳未勝利,8.0,12.0,1中山3,3歳未勝利,10.0,7.0,3福島6,2歳未勝利,6.0,2.0,4東京3,2歳未勝利,18.1,10.0,2026-08-23 00:06:40,jra,2026-08-23,39.04,33.7,47.1,0.0,53.0,50.4,48.8,履歴少 / 市場オッズ妙味
202604030204,2026-08-23,4,ジャガーライズ,4.0,3.0,菊沢,57.0,,6.0,5.0,2福島7,3歳未勝利,13.0,7.0,2東京5,3歳未勝利,6.0,4.0,2東京2,3歳未勝利,6.0,3.0,1中京5,3歳未勝利,5.0,3.0,1中京2,3歳未勝利,8.9,6.0,2026-08-23 00:06:40,jra,2026-08-23,39.86,46.9,30.1,10.3,59.0,45.1,48.8,履歴少
202604030204,2026-08-23,4,ジーティーニッツァ,10.0,6.0,▲上里,54.0,,2.0,10.0,2新潟3,3歳未勝利,4.0,9.0,1福島5,3歳未勝利,6.0,9.0,1東京6,3歳未勝利,4.0,14.0,1中山6,3歳未勝利,8.0,13.0,5中山6,2歳未勝利,8.2,4.0,2026-08-23 00:06:40,jra,2026-08-23,76.18,74.4,93.7,69.9,71.0,79.1,48.8,前走人気以上 / 履歴少 / 人気以上に走る傾向 / 近走上向き
202601020204,2026-08-23,4,スカイピア,4.0,2.0,▲小林美,52.0,,5.0,4.0,1札幌4,3歳未勝利,6.0,8.0,3京都7,3歳未勝利,2.0,11.0,1新潟1,3歳未勝利,11.0,14.0,2京都2,3歳未勝利,9.0,14.0,1京都4,3歳未勝利,15.8,5.0,2026-08-23 00:27:30,jra,2026-08-23,62.46,60.4,70.5,50.2,62.0,73.4,48.8,履歴少 / 人気以上に走る傾向 / 過小評価傾向 / 市場オッズ妙味
202604030204,2026-08-23,4,ゼフィリア,11.0,6.0,原,55.0,,10.0,7.0,2福島5,3歳未勝利,11.0,5.0,3東京3,3歳未勝利,5.0,12.0,2東京9,3歳未勝利,10.0,10.0,3中山4,3歳未勝利,6.0,9.0,1東京4,3歳未勝利,24.7,11.0,2026-08-23 00:06:40,jra,2026-08-23,40.35,37.2,45.0,19.8,38.0,52.3,48.8,履歴少
202607030204,2026-08-23,4,タイセイゼスティ,4.0,3.0,渡辺竜,57.0,,7.0,4.0,2中京6,3歳未勝利,5.0,8.0,2中京2,3歳未勝利,5.0,4.0,1阪神5,3歳未勝利,6.0,3.0,1阪神2,3歳未勝利,3.0,13.0,3京都10,2歳新馬,8.3,5.0,2026-08-23 00:15:10,jra,2026-08-23,54.87,63.6,51.6,55.0,36.5,62.9,48.8,履歴少
202604030204,2026-08-23,4,ダイユウレゾナンス,9.0,5.0,小崎,55.0,,12.0,16.0,3東京2,3歳未勝利,11.0,15.0,2東京6,3歳未勝利,13.0,15.0,3中山8,3歳未勝利,15.0,15.0,3中山1,3歳未勝利,,,,,57.3,13.0,2026-08-23 00:06:40,jra,2026-08-23,39.69,10.5,70.4,0.0,56.0,59.0,48.8,前走人気以上 / 履歴少 / 人気以上に走る傾向
202601020204,2026-08-23,4,チャーミングアイ,14.0,7.0,丹内,55.0,,15.0,10.0,1函館8,3歳未勝利,4.0,12.0,1函館4,3歳未勝利,5.0,8.0,1新潟8,3歳未勝利,5.0,13.0,1新潟5,3歳未勝利,13.0,13.0,1中山3,3歳未勝利,27.2,11.0,2026-08-23 00:27:30,jra,2026-08-23,48.56,42.7,65.6,59.3,0.5,62.9,48.8,履歴少 / 人気以上に走る傾向 / 市場オッズ妙味
202607030204,2026-08-23,4,チュウワヘネシー,11.0,6.0,加藤,57.0,,12.0,15.0,2中京5,3歳未勝利,12.0,12.0,3京都6,3歳未勝利,13.0,12.0,3京都1,3歳未勝利,,,,,,,,,102.3,15.0,2026-08-23 00:15:10,jra,2026-08-23,35.04,9.9,56.7,0.0,53.0,53.1,48.8,前走人気以上 / 履歴少
202601020204,2026-08-23,4,ドンレミラピュセル,1.0,1.0,▲大久保,52.0,,11.0,7.0,1函館5,3歳未勝利,9.0,8.0,3京都11,3歳未勝利,4.0,5.0,2京都4,3歳新馬,,,,,,,,,62.4,13.0,2026-08-23 00:27:30,jra,2026-08-23,36.91,40.0,38.2,19.8,23.0,46.6,48.8,履歴少
202607030204,2026-08-23,4,ニシノエビガタメ,6.0,4.0,Ｍデムーロ,57.0,,4.0,10.0,2中京3,3歳未勝利,11.0,5.0,3阪神1,3歳未勝利,4.0,5.0,3京都6,3歳未勝利,6.0,6.0,2阪神2,3歳未勝利,7.0,10.0,1阪神8,3歳未勝利,12.0,7.0,2026-08-23 00:15:10,jra,2026-08-23,57.33,57.2,55.9,50.2,68.0,63.2,48.8,前走人気以上 / 履歴少 / 近走上向き / 市場オッズ妙味
202601020204,2026-08-23,4,ニットウエース,11.0,6.0,Ｒヘルナン,57.0,,,,1札幌7,3歳未勝利,6.0,10.0,2福島2,3歳未勝利,16.0,15.0,1東京4,3歳新馬,,,,,,,,,68.0,14.0,2026-08-23 00:27:30,jra,2026-08-23,45.66,36.4,52.4,18.0,73.0,50.7,48.8,履歴少 / サンプル少 / 近走上向き
202604030204,2026-08-23,4,ノーブルスアーク,15.0,8.0,★谷原,51.0,,14.0,16.0,2福島3,3歳未勝利,11.0,12.0,1新潟6,3歳未勝利,8.0,13.0,3中山3,3歳未勝利,10.0,10.0,3中山2,3歳未勝利,17.0,14.0,1中山8,3歳未勝利,26.4,12.0,2026-08-23 00:06:40,jra,2026-08-23,36.21,17.8,60.7,0.0,35.0,54.2,48.8,履歴少
202604030204,2026-08-23,4,パッサージュワイズ,2.0,2.0,菅原隆,57.0,,16.0,14.0,3東京5,3歳未勝利,,,,,,,,,,,,,,,,,90.5,14.0,2026-08-23 00:06:40,jra,2026-08-23,36.0,29.6,37.6,29.6,40.6,38.4,48.8,履歴少 / サンプル少
202604030204,2026-08-23,4,ピクシーゲイル,3.0,2.0,木幡育,57.0,,15.0,16.0,3東京5,3歳未勝利,16.0,15.0,3東京2,3歳未勝利,14.0,14.0,3中山4,3歳未勝利,8.0,11.0,1阪神9,3歳未勝利,11.0,14.0,2中山3,3歳未勝利,104.2,15.0,2026-08-23 00:06:40,jra,2026-08-23,32.29,8.5,55.6,0.0,33.5,54.8,48.8,履歴少
202601020204,2026-08-23,4,ファイティンアスク,6.0,3.0,小沢,55.0,,6.0,6.0,2小倉4,3歳未勝利,,,,,,,,,,,,,,,,,20.1,9.0,2026-08-23 00:27:30,jra,2026-08-23,40.75,42.8,40.6,29.6,40.6,40.6,48.8,履歴少 / サンプル少
202604030204,2026-08-23,4,フランシスガリバー,5.0,3.0,北村友,55.0,,6.0,6.0,盛岡,アンバー賞(3歳),13.0,10.0,2東京9,3歳未勝利,13.0,5.0,3中山1,3歳未勝利,,,,,,,,,8.9,7.0,2026-08-23 00:06:40,jra,2026-08-23,32.11,13.3,28.3,0.0,92.0,40.5,48.8,履歴少 / 近走上向き
202604030204,2026-08-23,4,ブルーダイヤシチー,14.0,8.0,▲佐藤,54.0,,4.0,11.0,2新潟5,3歳未勝利,11.0,11.0,2福島4,3歳未勝利,,,,,,,,,,,,,7.6,3.0,2026-08-23 00:06:40,jra,2026-08-23,52.62,45.9,60.3,34.7,68.6,57.2,48.8,前走人気以上 / 履歴少 / サンプル少 / 近走上向き
202601020204,2026-08-23,4,ブレッティレディ,2.0,1.0,ロイド,55.0,,8.0,13.0,1函館3,3歳未勝利,5.0,9.0,1福島5,3歳未勝利,7.0,11.0,1小倉11,3歳未勝利,7.0,13.0,5阪神7,2歳未勝利,15.0,10.0,4京都4,2歳未勝利,19.3,7.0,2026-08-23 00:27:30,jra,2026-08-23,54.92,48.2,75.7,24.9,53.0,64.6,48.8,前走人気以上 / 履歴少 / 人気以上に走る傾向 / 市場オッズ妙味
202604030204,2026-08-23,4,ミエスタ,12.0,7.0,坂井,55.0,,7.0,1.0,2新潟2,3歳未勝利,4.0,2.0,2東京10,3歳未勝利,2.0,2.0,2東京3,3歳未勝利,3.0,10.0,1東京7,3歳未勝利,10.0,6.0,5東京3,2歳新馬,8.4,5.0,2026-08-23 00:06:40,jra,2026-08-23,52.36,68.1,38.0,59.3,36.5,55.8,48.8,履歴少
202604030204,2026-08-23,4,ミッキーサウザンド,1.0,1.0,津村,57.0,,8.0,3.0,3東京5,3歳未勝利,5.0,1.0,3中山6,3歳未勝利,2.0,2.0,5東京5,2歳新馬,,,,,,,,,4.9,1.0,2026-08-23 00:06:40,jra,2026-08-23,44.03,64.6,26.5,44.7,23.0,47.0,48.8,履歴少
202607030204,2026-08-23,4,ミニュイ,14.0,8.0,△柴田裕,55.0,,9.0,13.0,2小倉5,3歳未勝利,7.0,12.0,3京都2,3歳未勝利,9.0,11.0,2阪神3,3歳未勝利,10.0,11.0,1京都4,3歳未勝利,6.0,5.0,5中京4,2歳新馬,38.5,13.0,2026-08-23 00:15:10,jra,2026-08-23,46.72,41.3,70.3,0.0,44.0,58.1,48.8,前走人気以上 / 履歴少 / 人気以上に走る傾向
202607030204,2026-08-23,4,メイショウイッカク,1.0,1.0,中井,57.0,,7.0,11.0,1新潟8,3歳未勝利,8.0,9.0,1新潟4,3歳未勝利,7.0,8.0,2阪神3,3歳未勝利,5.0,10.0,1中京3,3歳未勝利,14.0,12.0,1小倉12,3歳未勝利,31.6,11.0,2026-08-23 00:15:10,jra,2026-08-23,50.74,47.0,65.3,14.6,59.0,58.7,48.8,前走人気以上 / 履歴少 / 人気以上に走る傾向 / 市場オッズ妙味
202607030204,2026-08-23,4,メイショウゴッホ,13.0,7.0,角田和,57.0,,9.0,12.0,2中京5,3歳未勝利,4.0,2.0,金沢,加賀手取川賞(未勝利)(3歳),8.0,8.0,1新潟7,3歳未勝利,4.0,8.0,3京都5,3歳未勝利,7.0,11.0,2阪神8,3歳未勝利,44.3,14.0,2026-08-23 00:15:10,jra,2026-08-23,47.0,44.6,61.8,25.8,30.5,57.4,48.8,前走人気以上 / 履歴少
202601020204,2026-08-23,4,メイショウテンジン,5.0,3.0,古川吉,57.0,,4.0,7.0,1札幌5,3歳未勝利,3.0,5.0,1札幌2,3歳未勝利,11.0,4.0,2小倉1,3歳未勝利,3.0,2.0,1福島1,3歳未勝利,4.0,1.0,1阪神10,3歳未勝利,23.4,10.0,2026-08-23 00:27:30,jra,2026-08-23,59.09,68.1,47.0,80.2,57.5,52.4,48.8,前走人気以上 / 履歴少 / 安定感 / 市場オッズ妙味
202604030204,2026-08-23,4,メビウスロマンス,7.0,4.0,嶋田,55.0,,2.0,2.0,3東京3,3歳未勝利,5.0,2.0,2中山3,3歳未勝利,2.0,1.0,1東京7,3歳未勝利,4.0,1.0,1東京1,3歳未勝利,2.0,5.0,4東京10,2歳新馬,13.0,8.0,2026-08-23 00:06:40,jra,2026-08-23,65.86,83.7,42.5,100.0,57.5,60.4,48.8,履歴少 / 安定感 / 市場オッズ妙味
202604030204,2026-08-23,4,ユイハホンキダゼ,6.0,4.0,大野,57.0,,2.0,5.0,2新潟5,3歳未勝利,7.0,12.0,1中京5,3歳未勝利,,,,,,,,,,,,,6.7,2.0,2026-08-23 00:06:40,jra,2026-08-23,55.88,58.7,60.5,34.7,62.0,60.3,48.8,前走人気以上 / 履歴少 / サンプル少
202601020204,2026-08-23,4,ユーベルジーク,7.0,4.0,▲和田陽,52.0,,6.0,10.0,1函館8,3歳以上1勝クラス,11.0,9.0,1函館4,3歳未勝利,11.0,10.0,2東京10,3歳未勝利,9.0,8.0,1福島2,3歳未勝利,,,,,48.3,12.0,2026-08-23 00:27:30,jra,2026-08-23,43.95,36.2,52.9,0.0,76.0,50.9,48.8,前走人気以上 / 履歴少 / 近走上向き
202601020204,2026-08-23,4,リアララ,8.0,4.0,川田,54.0,,5.0,2.0,3阪神1,3歳未勝利,,,,,,,,,,,,,,,,,2.0,1.0,2026-08-23 00:27:30,jra,2026-08-23,40.47,44.6,36.0,36.3,40.6,37.3,48.8,履歴少 / サンプル少
202601020204,2026-08-23,4,リネアベルタ,10.0,5.0,岩田康,55.0,,5.0,9.0,1札幌5,3歳未勝利,2.0,5.0,1函館12,3歳未勝利,5.0,5.0,1函館5,3歳未勝利,6.0,8.0,3京都2,3歳未勝利,9.0,3.0,1阪神1,3歳未勝利,11.6,4.0,2026-08-23 00:27:30,jra,2026-08-23,63.19,69.5,61.4,75.1,53.0,62.4,48.8,前走人気以上 / 履歴少 / 安定感
202601020204,2026-08-23,4,レッドアイスピア,12.0,6.0,★河原田,53.0,,2.0,11.0,1札幌5,3歳未勝利,2.0,7.0,1函館11,3歳未勝利,10.0,13.0,3京都3,3歳未勝利,13.0,6.0,1阪神8,3歳未勝利,11.0,10.0,1小倉10,3歳未勝利,9.9,3.0,2026-08-23 00:27:30,jra,2026-08-23,66.08,59.1,74.1,55.3,92.0,65.6,48.8,前走人気以上 / 履歴少 / 人気以上に走る傾向 / 近走上向き
202607030204,2026-08-23,4,レッドセドナ,5.0,3.0,▲川端,54.0,,9.0,6.0,1中京1,3歳未勝利,8.0,4.0,4京都4,2歳新馬,,,,,,,,,,,,,26.0,10.0,2026-08-23 00:15:10,jra,2026-08-23,36.92,39.8,32.2,18.0,42.2,42.5,48.8,履歴少 / サンプル少
202607030204,2026-08-23,4,レディトゥフライト,15.0,8.0,▲森田,54.0,,3.0,13.0,2中京5,3歳未勝利,13.0,9.0,3阪神3,3歳未勝利,12.0,4.0,3京都12,3歳未勝利,2.0,4.0,3京都6,3歳未勝利,6.0,6.0,2阪神1,3歳未勝利,20.0,8.0,2026-08-23 00:15:10,jra,2026-08-23,54.44,48.5,55.3,45.0,81.5,53.8,48.8,前走人気以上 / 履歴少 / 近走上向き / 市場オッズ妙味
202601020204,2026-08-23,4,ロジスカヤ,3.0,2.0,☆長浜,54.0,,4.0,7.0,1札幌2,3歳未勝利,4.0,6.0,2福島3,3歳未勝利,7.0,7.0,1福島6,3歳未勝利,3.0,8.0,1福島2,3歳未勝利,10.0,7.0,1中山9,3歳未勝利,20.1,8.0,2026-08-23 00:27:30,jra,2026-08-23,63.19,67.5,62.8,69.9,62.0,60.9,48.8,前走人気以上 / 履歴少 / 安定感 / 市場オッズ妙味
202604030204,2026-08-23,4,ヴェロシスタ,8.0,5.0,石川,57.0,,6.0,9.0,3東京2,3歳未勝利,5.0,10.0,1新潟5,3歳未勝利,7.0,7.0,1東京1,3歳新馬,,,,,,,,,17.2,9.0,2026-08-23 00:06:40,jra,2026-08-23,57.33,60.6,70.1,24.9,50.0,69.2,48.8,前走人気以上 / 履歴少 / 人気以上に走る傾向 / 過小評価傾向
202601020204,2026-08-23,4,ヴェンデボヌール,9.0,5.0,吉田隼,57.0,,11.0,4.0,1函館6,3歳未勝利,6.0,4.0,1函館2,3歳未勝利,14.0,7.0,1中京3,3歳未勝利,13.0,3.0,5東京6,2歳未勝利,2.0,1.0,4東京7,2歳未勝利,6.7,2.0,2026-08-23 00:27:30,jra,2026-08-23,26.69,31.1,11.0,10.3,36.5,34.6,48.8,履歴少
202601020205,2026-08-23,5,アオイゲート,2.0,2.0,丹内,55.0,,,,,,,,,,,,,,,,,,,,,,6.7,3.0,2026-08-23 00:15:30,jra,2026-08-23,36.0,35.0,35.0,35.0,35.0,35.0,45.0,履歴少
202604030205,2026-08-23,5,アオゾラランチ,7.0,4.0,吉田豊,55.0,,12.0,14.0,2新潟4,3歳未勝利,7.0,10.0,2福島8,3歳未勝利,10.0,12.0,1中山1,3歳新馬,,,,,,,,,72.7,17.0,2026-08-22 23:38:10,jra,2026-08-23,40.72,29.5,66.3,0.0,29.0,58.5,48.8,履歴少 / 人気以上に走る傾向
202607030205,2026-08-23,5,アグレイビューティ,7.0,6.0,角田和,53.0,,15.0,12.0,3阪神5,3歳以上1勝クラス,1.0,2.0,2阪神7,3歳未勝利,3.0,2.0,2阪神2,3歳未勝利,7.0,6.0,1京都6,3歳未勝利,7.0,9.0,5阪神5,2歳新馬,27.4,10.0,2026-08-22 23:46:40,jra,2026-08-23,43.85,54.5,44.4,44.7,0.0,55.0,48.8,履歴少 / 市場オッズ妙味
202604030205,2026-08-23,5,ウッケン,13.0,7.0,▲佐藤,52.0,,16.0,12.0,2福島6,3歳未勝利,6.0,16.0,2東京12,3歳未勝利,13.0,11.0,1福島6,3歳未勝利,12.0,17.0,1小倉4,3歳未勝利,12.0,11.0,4東京6,2歳新馬,153.5,18.0,2026-08-22 23:38:10,jra,2026-08-23,34.73,18.7,60.6,0.0,18.5,56.1,48.8,履歴少
202604030205,2026-08-23,5,ウラヌスリング,14.0,7.0,坂井,55.0,,5.0,8.0,2新潟3,3歳未勝利,,,,,,,,,,,,,,,,,4.5,2.0,2026-08-22 23:38:10,jra,2026-08-23,43.34,44.6,45.3,36.3,40.6,42.0,48.8,前走人気以上 / 履歴少 / サンプル少
202604030205,2026-08-23,5,エリオステモン,3.0,2.0,武藤,55.0,,13.0,12.0,2福島1,3歳未勝利,,,,,,,,,,,,,,,,,41.8,13.0,2026-08-22 23:38:10,jra,2026-08-23,36.77,30.5,39.1,29.6,40.6,39.5,48.8,履歴少 / サンプル少
202607030205,2026-08-23,5,エレガンシア,4.0,4.0,松若,56.0,,6.0,6.0,2小倉6,3歳以上1勝クラス,7.0,6.0,2小倉2,3歳以上1勝クラス,12.0,6.0,1新潟7,4歳以上1勝クラス,10.0,7.0,1中京6,4歳以上1勝クラス,4.0,2.0,1阪神6,4歳以上1勝クラス,12.3,6.0,2026-08-22 23:46:40,jra,2026-08-23,41.77,45.5,35.4,10.3,63.5,47.0,50.3,頭数減経験 / 市場オッズ妙味
202607030205,2026-08-23,5,オモイヲノセテ,8.0,7.0,幸,53.0,,8.0,6.0,2小倉4,3歳以上1勝クラス,1.0,5.0,1新潟2,3歳未勝利,7.0,13.0,1阪神8,3歳未勝利,4.0,8.0,1小倉6,3歳新馬,,,,,9.9,4.0,2026-08-22 23:46:40,jra,2026-08-23,56.8,66.5,66.8,39.5,26.0,67.1,48.8,履歴少 / 人気以上に走る傾向 / 過小評価傾向
202607030205,2026-08-23,5,カポレイラ,2.0,2.0,亀田,56.0,,6.0,9.0,2中京3,3歳以上1勝クラス,9.0,12.0,2東京8,4歳以上1勝クラス,8.0,13.0,1福島5,4歳以上1勝クラス,10.0,12.0,1東京3,4歳以上1勝クラス,13.0,16.0,5中京4,3歳以上1勝クラス,50.7,11.0,2026-08-22 23:46:40,jra,2026-08-23,51.11,40.4,72.7,0.0,74.0,61.3,48.8,前走人気以上 / 履歴少 / 人気以上に走る傾向 / 近走上向き
202604030205,2026-08-23,5,シェリーシュシュ,12.0,6.0,原,55.0,,8.0,11.0,2新潟8,3歳未勝利,7.0,5.0,2新潟1,3歳未勝利,10.0,7.0,3東京3,3歳未勝利,7.0,4.0,2東京7,3歳未勝利,8.0,5.0,1東京7,3歳未勝利,9.9,4.0,2026-08-22 23:38:10,jra,2026-08-23,40.52,44.0,43.5,0.0,50.0,49.2,48.8,前走人気以上 / 履歴少
202607030205,2026-08-23,5,シェーラ,9.0,7.0,☆田山,55.0,,5.0,7.0,2中京3,3歳以上1勝クラス,5.0,6.0,3京都6,4歳以上1勝クラス,7.0,7.0,1福島3,桑折特別(1勝クラス),4.0,13.0,1中京4,4歳以上1勝クラス,8.0,9.0,1京都4,4歳以上1勝クラス,16.1,8.0,2026-08-22 23:46:40,jra,2026-08-23,63.72,63.5,65.9,69.9,56.0,72.4,48.8,履歴少 / 人気以上に走る傾向 / 安定感 / 過小評価傾向
202607030205,2026-08-23,5,シルバーリム,11.0,8.0,国分優,53.0,,4.0,5.0,2中京3,3歳以上1勝クラス,7.0,10.0,3阪神5,3歳以上1勝クラス,8.0,11.0,2東京9,カーネーションC(1勝クラス),1.0,7.0,1阪神8,3歳未勝利,4.0,5.0,2京都6,3歳未勝利,6.7,3.0,2026-08-22 23:46:40,jra,2026-08-23,62.86,67.2,68.4,55.3,56.0,67.2,48.8,履歴少 / 人気以上に走る傾向 / 過小評価傾向
202604030205,2026-08-23,5,ジーナグレイス,9.0,5.0,菊沢,55.0,,2.0,16.0,2新潟4,3歳未勝利,12.0,14.0,2福島3,3歳未勝利,15.0,15.0,2東京2,3歳未勝利,9.0,13.0,3中山3,3歳未勝利,14.0,13.0,1中山1,3歳未勝利,12.0,6.0,2026-08-22 23:38:10,jra,2026-08-23,60.57,36.2,86.6,30.4,100.0,65.1,48.8,前走人気以上 / 履歴少 / 人気以上に走る傾向 / 近走上向き
202604030205,2026-08-23,5,スコアレジーナ,1.0,1.0,△石田,53.0,,13.0,9.0,2福島2,3歳未勝利,16.0,11.0,3中山3,3歳未勝利,,,,,,,,,,,,,26.3,11.0,2026-08-22 23:38:10,jra,2026-08-23,31.57,19.2,28.4,18.0,55.4,40.7,48.8,履歴少 / サンプル少
202604030205,2026-08-23,5,ソアサージュ,16.0,8.0,小林脩,55.0,,8.0,16.0,2福島6,3歳未勝利,11.0,13.0,2東京7,3歳未勝利,14.0,16.0,2中山8,3歳未勝利,,,,,,,,,57.5,15.0,2026-08-22 23:38:10,jra,2026-08-23,49.35,24.5,81.0,0.0,77.0,63.9,48.8,前走人気以上 / 履歴少 / 人気以上に走る傾向 / 近走上向き
202604030205,2026-08-23,5,ソフィア,8.0,4.0,北村友,55.0,,14.0,5.0,1新潟7,3歳未勝利,8.0,4.0,1新潟2,3歳未勝利,11.0,6.0,5中山8,2歳新馬,,,,,,,,,56.3,14.0,2026-08-22 23:38:10,jra,2026-08-23,19.03,19.9,6.0,0.0,23.0,31.4,48.8,履歴少
202601020205,2026-08-23,5,ソフィーサンライズ,5.0,5.0,吉田隼,55.0,,,,,,,,,,,,,,,,,,,,,,14.0,6.0,2026-08-23 00:15:30,jra,2026-08-23,36.0,35.0,35.0,35.0,35.0,35.0,45.0,履歴少
202604030205,2026-08-23,5,ソロンゴ,2.0,1.0,木幡育,55.0,,4.0,4.0,2新潟4,3歳未勝利,4.0,9.0,2福島4,3歳未勝利,7.0,12.0,3京都3,3歳未勝利,8.0,12.0,1阪神6,3歳未勝利,,,,,15.1,7.0,2026-08-22 23:38:10,jra,2026-08-23,65.02,65.5,72.0,55.3,64.0,72.9,48.8,履歴少 / 人気以上に走る傾向 / 過小評価傾向 / 市場オッズ妙味
202601020205,2026-08-23,5,バトルナイト,7.0,7.0,松山,55.0,,,,,,,,,,,,,,,,,,,,,,13.0,4.0,2026-08-23 00:15:30,jra,2026-08-23,36.0,35.0,35.0,35.0,35.0,35.0,45.0,履歴少
202604030205,2026-08-23,5,バンオンタイム,4.0,2.0,津村,55.0,,3.0,1.0,2新潟6,3歳未勝利,3.0,1.0,3東京2,3歳未勝利,2.0,1.0,1新潟5,3歳未勝利,4.0,1.0,1小倉8,3歳未勝利,3.0,1.0,1小倉3,3歳未勝利,3.7,1.0,2026-08-22 23:38:10,jra,2026-08-23,62.11,84.4,36.4,100.0,50.0,49.1,48.8,履歴少 / 安定感
202604030205,2026-08-23,5,ピコプリンセス,18.0,8.0,石橋脩,55.0,,10.0,18.0,2新潟6,3歳未勝利,14.0,9.0,1東京3,3歳新馬,,,,,,,,,,,,,35.8,12.0,2026-08-22 23:38:10,jra,2026-08-23,41.48,26.5,53.8,18.0,58.7,50.7,48.8,前走人気以上 / 履歴少 / サンプル少
202604030205,2026-08-23,5,フジサン,6.0,3.0,大野,55.0,,9.0,6.0,2新潟6,3歳未勝利,4.0,9.0,2福島8,3歳未勝利,4.0,4.0,3東京5,3歳未勝利,12.0,9.0,2東京6,3歳未勝利,,,,,24.8,10.0,2026-08-22 23:38:10,jra,2026-08-23,48.7,52.0,49.2,44.7,36.0,55.5,48.8,履歴少 / 市場オッズ妙味
202607030205,2026-08-23,5,ブルーミングローズ,3.0,3.0,西村淳,56.0,,13.0,8.0,3京都10,4歳以上1勝クラス,8.0,4.0,1中京1,4歳以上1勝クラス,13.0,9.0,4京都7,3歳以上1勝クラス,7.0,8.0,3京都3,3歳以上1勝クラス,4.0,7.0,2小倉7,3歳以上1勝クラス,11.7,5.0,2026-08-22 23:46:40,jra,2026-08-23,30.25,28.4,30.0,10.3,20.0,46.9,48.8,履歴少
202607030205,2026-08-23,5,ベルシュヴァル,1.0,1.0,渡辺竜,53.0,,4.0,4.0,3阪神6,3歳以上1勝クラス,1.0,6.0,2阪神8,3歳未勝利,3.0,6.0,1阪神8,3歳未勝利,10.0,8.0,1京都6,3歳未勝利,5.0,10.0,5中京5,2歳未勝利,13.9,7.0,2026-08-22 23:46:40,jra,2026-08-23,67.91,75.7,64.4,85.4,54.5,68.4,48.8,履歴少 / 安定感 / 過小評価傾向 / 市場オッズ妙味
202601020205,2026-08-23,5,ボディビルダー,4.0,4.0,岩田望,55.0,,,,,,,,,,,,,,,,,,,,,,13.1,5.0,2026-08-23 00:15:30,jra,2026-08-23,36.0,35.0,35.0,35.0,35.0,35.0,45.0,履歴少
202604030205,2026-08-23,5,ポポラヴィスタ,15.0,7.0,△石神道,53.0,,6.0,3.0,2新潟5,3歳未勝利,3.0,5.0,2福島5,3歳未勝利,2.0,11.0,2福島1,3歳未勝利,11.0,11.0,1小倉7,3歳未勝利,18.0,16.0,1小倉4,3歳未勝利,19.8,9.0,2026-08-22 23:38:10,jra,2026-08-23,58.36,60.3,58.1,44.7,65.0,67.9,48.8,履歴少 / 近走上向き / 過小評価傾向 / 市場オッズ妙味
202601020205,2026-08-23,5,マテンロウバモス,6.0,6.0,横山典,55.0,,,,,,,,,,,,,,,,,,,,,,2.4,1.0,2026-08-23 00:15:30,jra,2026-08-23,36.0,35.0,35.0,35.0,35.0,35.0,45.0,履歴少
202607030205,2026-08-23,5,マーゴットレジーナ,5.0,5.0,菱田,56.0,,7.0,8.0,2中京3,3歳以上1勝クラス,9.0,5.0,3京都3,4歳以上1勝クラス,6.0,4.0,1福島3,桑折特別(1勝クラス),3.0,2.0,1中京4,4歳以上1勝クラス,8.0,2.0,5中京4,3歳以上1勝クラス,25.9,9.0,2026-08-22 23:46:40,jra,2026-08-23,42.68,53.4,37.0,14.6,47.0,46.9,48.8,履歴少 / 市場オッズ妙味
202604030205,2026-08-23,5,メイショウコハル,5.0,3.0,石川,55.0,,10.0,4.0,2小倉4,3歳未勝利,3.0,5.0,1新潟4,3歳未勝利,,,,,,,,,,,,,10.2,5.0,2026-08-22 23:38:10,jra,2026-08-23,40.02,47.3,36.3,31.7,22.4,47.9,48.8,履歴少 / サンプル少
202607030205,2026-08-23,5,メイショウピリカ,10.0,8.0,◇今村,54.0,,4.0,4.0,2小倉6,3歳以上1勝クラス,2.0,3.0,2小倉2,3歳以上1勝クラス,2.0,5.0,3阪神6,3歳以上1勝クラス,9.0,5.0,1新潟7,4歳以上1勝クラス,6.0,9.0,1福島3,4歳以上1勝クラス,5.8,2.0,2026-08-22 23:46:40,jra,2026-08-23,63.5,75.7,54.0,75.1,54.5,59.4,54.5,小倉実績 / 安定感
202601020205,2026-08-23,5,リズムオブサンダー,1.0,1.0,横山武,55.0,,,,,,,,,,,,,,,,,,,,,,15.1,7.0,2026-08-23 00:15:30,jra,2026-08-23,36.0,35.0,35.0,35.0,35.0,35.0,45.0,履歴少
202604030205,2026-08-23,5,ルサフィール,17.0,8.0,野中,55.0,,14.0,14.0,2中山6,3歳未勝利,14.0,15.0,5中山5,2歳未勝利,8.0,8.0,4東京3,2歳未勝利,11.0,9.0,4中山7,2歳未勝利,11.0,7.0,2新潟4,2歳新馬,57.5,16.0,2026-08-22 23:38:10,jra,2026-08-23,30.45,13.7,46.8,0.0,32.0,47.7,48.8,履歴少
202604030205,2026-08-23,5,ロックユアライフ,11.0,6.0,小崎,55.0,,15.0,10.0,3東京6,3歳未勝利,,,,,,,,,,,,,,,,,19.0,8.0,2026-08-22 23:38:10,jra,2026-08-23,34.43,29.6,32.9,29.6,40.6,35.1,48.8,履歴少 / サンプル少
202604030205,2026-08-23,5,ワイズファミリア,10.0,5.0,丸田,55.0,,7.0,4.0,2新潟6,3歳未勝利,6.0,3.0,3東京2,3歳未勝利,4.0,3.0,1中山7,3歳未勝利,2.0,3.0,5中山6,2歳未勝利,3.0,2.0,5東京5,2歳未勝利,9.0,3.0,2026-08-22 23:38:10,jra,2026-08-23,49.53,67.9,37.3,44.7,30.5,54.8,48.8,履歴少
202601020205,2026-08-23,5,ヴァンドレスト,3.0,3.0,ルメール,55.0,,,,,,,,,,,,,,,,,,,,,,2.5,2.0,2026-08-23 00:15:30,jra,2026-08-23,36.0,35.0,35.0,35.0,35.0,35.0,45.0,履歴少
202607030205,2026-08-23,5,ヴィスコンテッサ,6.0,6.0,吉村,53.0,,2.0,6.0,2中京3,3歳以上1勝クラス,4.0,7.0,3京都3,矢車賞(1勝クラス),12.0,8.0,2中山7,フラワーC(GIII),14.0,9.0,1中山4,フェアリーS(GIII),1.0,4.0,4京都5,2歳未勝利,2.2,1.0,2026-08-22 23:46:40,jra,2026-08-23,60.41,59.6,55.3,65.7,84.5,54.0,48.8,前走人気以上 / 履歴少 / 近走上向き / 安定感
202607030206,2026-08-23,6,アイキャンドウイッ,6.0,4.0,田口,58.0,,11.0,8.0,4中山9,茨城新聞杯(2勝クラス),6.0,4.0,2福島4,白河特別(2勝クラス),4.0,3.0,3阪神6,高砂特別(2勝クラス),4.0,6.0,3中山3,4歳以上2勝クラス,10.0,12.0,1小倉12,別府特別(2勝クラス),28.7,12.0,2026-08-22 23:55:00,jra,2026-08-23,43.03,50.0,42.2,34.3,20.0,51.3,51.8,クラス条件好転 / 履歴少
202604030206,2026-08-23,6,アラレタバシル,14.0,8.0,丸山,58.0,,2.0,4.0,2新潟3,柳都S(3勝クラス),7.0,7.0,3京都1,観月橋S(3勝クラス),4.0,4.0,1中京6,伊勢S(3勝クラス),5.0,3.0,1阪神4,伊丹S(3勝クラス),5.0,2.0,1中山6,アレキサンドライトS(3勝クラス),4.4,1.0,2026-08-22 23:46:30,jra,2026-08-23,62.25,72.9,50.0,75.1,69.5,54.4,48.8,履歴少 / 近走上向き / 安定感
202607030206,2026-08-23,6,アロンソア,8.0,5.0,鮫島駿,55.0,,1.0,14.0,3阪神5,3歳以上1勝クラス,4.0,5.0,3中山1,3歳1勝クラス,6.0,9.0,1小倉7,あすなろ賞(1勝クラス),11.0,11.0,1京都8,若駒S(L),1.0,4.0,3福島5,2歳未勝利,16.0,8.0,2026-08-22 23:55:00,jra,2026-08-23,74.18,74.4,85.7,65.7,77.0,76.9,48.8,前走人気以上 / 履歴少 / 人気以上に走る傾向 / 近走上向き
202604030206,2026-08-23,6,アークドール,2.0,2.0,石川,58.0,,13.0,6.0,3阪神6,姫路S(3勝クラス),1.0,2.0,1新潟5,中ノ岳特別(2勝クラス),3.0,3.0,3京都2,4歳以上2勝クラス,1.0,2.0,2阪神3,4歳以上1勝クラス,2.0,3.0,1中京2,4歳以上1勝クラス,15.3,7.0,2026-08-22 23:46:30,jra,2026-08-23,49.77,66.8,38.6,69.6,0.0,59.0,51.8,クラス条件好転 / 履歴少 / 安定感 / 市場オッズ妙味
202604030206,2026-08-23,6,エスティメート,6.0,4.0,嶋田,58.0,,9.0,15.0,4中山7,内房S(3勝クラス),9.0,13.0,2福島2,鶴ヶ城S(3勝クラス),6.0,16.0,3中山7,下総S(3勝クラス),13.0,16.0,2中山7,韓国馬事会杯(3勝クラス),10.0,16.0,1中山6,アレキサンドライトS(3勝クラス),91.3,15.0,2026-08-22 23:46:30,jra,2026-08-23,52.71,35.2,91.0,0.0,53.0,69.8,48.8,前走人気以上 / 履歴少 / 人気以上に走る傾向 / 過小評価傾向
202604030206,2026-08-23,6,エンセリオ,3.0,2.0,北村友,56.0,,12.0,16.0,3東京3,夏至S(3勝クラス),11.0,15.0,2東京1,鎌倉S(3勝クラス),8.0,9.0,2新潟3,柳都S(3勝クラス),1.0,5.0,2東京10,三峰山特別(2勝クラス),4.0,9.0,1新潟2,咲花特別(2勝クラス),53.8,13.0,2026-08-22 23:46:30,jra,2026-08-23,47.35,39.8,74.6,24.9,14.0,62.6,48.8,前走人気以上 / 履歴少 / 人気以上に走る傾向
202607030206,2026-08-23,6,オックスアイ,9.0,6.0,斎藤,55.0,,1.0,3.0,2福島4,3歳以上1勝クラス,8.0,11.0,3京都9,メルボルンT(1勝クラス),1.0,7.0,3京都4,3歳未勝利,6.0,6.0,3中山6,3歳未勝利,7.0,2.0,1小倉12,3歳未勝利,21.7,11.0,2026-08-22 23:55:00,jra,2026-08-23,65.03,75.2,64.2,50.2,77.0,60.2,48.8,履歴少 / 近走上向き / 市場オッズ妙味
202604030206,2026-08-23,6,オンザライン,4.0,3.0,小崎,58.0,,3.0,8.0,2福島6,天の川S(3勝クラス),13.0,12.0,2東京6,立夏S(3勝クラス),3.0,13.0,3中山7,下総S(3勝クラス),6.0,9.0,2京都6,北山S(3勝クラス),13.0,10.0,1京都5,雅S(3勝クラス),24.5,12.0,2026-08-22 23:46:30,jra,2026-08-23,62.11,52.3,73.6,50.2,84.5,62.6,48.8,前走人気以上 / 履歴少 / 人気以上に走る傾向 / 近走上向き
202601020206,2026-08-23,6,オーケーダイナ,8.0,5.0,岩田望,56.0,,6.0,11.0,1札幌3,3歳以上1勝クラス,14.0,10.0,1新潟5,4歳以上1勝クラス,14.0,13.0,1阪神1,4歳以上1勝クラス,13.0,9.0,1小倉5,4歳以上1勝クラス,5.0,8.0,2札幌6,3歳以上1勝クラス,115.1,13.0,2026-08-22 23:47:00,jra,2026-08-23,42.44,25.8,50.4,10.3,83.0,50.3,48.8,前走人気以上 / 履歴少 / 近走上向き
202607030206,2026-08-23,6,ギフテッド,1.0,1.0,今村,56.0,,15.0,9.0,2新潟1,豊栄特別(2勝クラス),9.0,12.0,3東京5,相模湖特別(2勝クラス),7.0,7.0,4東京4,鷹巣山特別(2勝クラス),1.0,2.0,3新潟1,3歳以上1勝クラス,2.0,11.0,3東京6,3歳以上1勝クラス,16.2,9.0,2026-08-22 23:55:00,jra,2026-08-23,40.52,43.3,50.0,24.9,0.0,60.8,48.8,履歴少 / 市場オッズ妙味
202601020206,2026-08-23,6,クイーンズワーフ,3.0,3.0,ナレドゥ,56.0,,8.0,3.0,1札幌2,3歳以上1勝クラス,7.0,6.0,2福島6,織姫賞(1勝クラス),7.0,5.0,1新潟5,石打特別(1勝クラス),3.0,5.0,1福島5,4歳以上1勝クラス,2.0,7.0,1小倉9,4歳以上1勝クラス,25.0,6.0,2026-08-22 23:47:00,jra,2026-08-23,45.16,58.4,40.5,24.9,30.5,54.1,48.8,履歴少 / 市場オッズ妙味
202601020206,2026-08-23,6,クラインシュミット,13.0,8.0,横山琉,56.0,,1.0,1.0,水沢,オレンジプリンセス賞(C1),4.0,1.0,水沢,橋野鉄鉱山賞(C1),3.0,1.0,盛岡,C2一組,1.0,1.0,盛岡,C2四組,1.0,1.0,盛岡,C2八組,86.3,12.0,2026-08-22 23:47:00,jra,2026-08-23,42.26,34.8,46.4,38.3,48.8,47.7,42.8,地方実績を中央換算 / 地方実績中心 / 履歴少
202604030206,2026-08-23,6,クロニクル,1.0,1.0,田辺,58.0,,3.0,6.0,2新潟3,柳都S(3勝クラス),8.0,14.0,3京都4,東大路S(3勝クラス),9.0,9.0,3中山7,下総S(3勝クラス),13.0,5.0,1阪神4,伊丹S(3勝クラス),6.0,7.0,5阪神7,摩耶S(3勝クラス),13.7,6.0,2026-08-22 23:46:30,jra,2026-08-23,55.56,50.4,59.4,30.4,86.0,59.7,48.8,前走人気以上 / 履歴少 / 近走上向き / 市場オッズ妙味
202607030206,2026-08-23,6,コルドンブルー,11.0,7.0,吉村,56.0,,5.0,5.0,2新潟1,豊栄特別(2勝クラス),1.0,2.0,3京都7,4歳以上1勝クラス,3.0,1.0,3京都1,4歳以上1勝クラス,3.0,2.0,2阪神2,4歳以上1勝クラス,3.0,5.0,1中京6,紅梅S(L),8.9,4.0,2026-08-22 23:55:00,jra,2026-08-23,64.51,83.1,49.4,100.0,35.0,59.3,48.8,履歴少 / 安定感
202601020206,2026-08-23,6,ゴーゴーリチャード,1.0,1.0,ロイド,55.0,,16.0,3.0,1東京7,3歳1勝クラス,6.0,2.0,5阪神7,万両賞(1勝クラス),1.0,5.0,5中京2,2歳新馬,,,,,,,,,35.6,8.0,2026-08-22 23:47:00,jra,2026-08-23,28.31,46.2,11.2,19.8,0.0,38.8,48.8,履歴少 / 市場オッズ妙味
202601020206,2026-08-23,6,サンウリエル,9.0,6.0,川又,58.0,,7.0,9.0,1札幌5,3歳以上1勝クラス,6.0,8.0,1札幌2,3歳以上1勝クラス,13.0,9.0,1中京6,4歳以上1勝クラス,5.0,8.0,4京都3,3歳以上1勝クラス,4.0,12.0,3京都10,3歳以上1勝クラス,58.3,9.0,2026-08-22 23:47:00,jra,2026-08-23,50.55,49.3,61.1,24.9,50.0,58.7,48.8,履歴少
202601020206,2026-08-23,6,サンセットゴールド,12.0,7.0,小沢,55.0,,7.0,5.0,3阪神2,3歳以上1勝クラス,4.0,9.0,3京都10,3歳1勝クラス,9.0,9.0,2東京5,3歳1勝クラス,6.0,9.0,2札幌5,札幌2歳S(GIII),1.0,1.0,1札幌2,2歳新馬,69.0,11.0,2026-08-22 23:47:00,jra,2026-08-23,52.45,60.9,57.5,35.3,38.0,56.5,48.8,履歴少
202607030206,2026-08-23,6,サーディンラン,10.0,6.0,松若,55.0,,1.0,2.0,2中京3,3歳以上1勝クラス,6.0,1.0,3阪神5,3歳以上1勝クラス,5.0,12.0,2阪神3,チャーチルダウンズC(GIII),2.0,9.0,2中山4,3歳1勝クラス,7.0,7.0,4京都4,黄菊賞(1勝クラス),3.0,1.0,2026-08-22 23:55:00,jra,2026-08-23,66.27,77.6,60.2,64.7,74.0,61.2,48.8,履歴少 / 近走上向き / 安定感
202607030206,2026-08-23,6,ジーティーマン,3.0,3.0,西村淳,58.0,,2.0,4.0,2東京11,葉山特別(2勝クラス),4.0,2.0,2東京8,テレ玉杯(2勝クラス),6.0,1.0,2阪神4,4歳以上2勝クラス,2.0,3.0,2京都6,春日特別(2勝クラス),1.0,7.0,4京都7,3歳以上1勝クラス,8.3,3.0,2026-08-22 23:55:00,jra,2026-08-23,64.76,82.5,49.2,80.2,57.5,60.3,48.8,履歴少 / 安定感
202607030206,2026-08-23,6,セブンマイスター,7.0,5.0,団野,58.0,,8.0,3.0,3東京4,3歳以上2勝クラス,1.0,1.0,2東京2,4歳以上1勝クラス,2.0,1.0,1東京2,4歳以上1勝クラス,2.0,2.0,4東京9,3歳以上1勝クラス,2.0,4.0,2中京5,4歳以上1勝クラス,14.2,7.0,2026-08-22 23:55:00,jra,2026-08-23,54.64,79.4,39.4,69.6,12.5,58.7,48.8,履歴少 / 安定感 / 市場オッズ妙味
202607030206,2026-08-23,6,テーオーシュタイン,2.0,2.0,藤懸,58.0,,4.0,4.0,3阪神5,舞子特別(2勝クラス),6.0,7.0,3京都11,4歳以上2勝クラス,1.0,3.0,2阪神2,4歳以上1勝クラス,6.0,2.0,1阪神8,4歳以上1勝クラス,3.0,10.0,1阪神1,4歳以上1勝クラス,39.1,13.0,2026-08-22 23:55:00,jra,2026-08-23,60.56,75.2,55.5,60.5,50.0,57.4,48.8,履歴少 / 安定感
202604030206,2026-08-23,6,パフ,5.0,3.0,コレット,58.0,,8.0,5.0,2小倉1,薩摩S(3勝クラス),6.0,9.0,2東京6,立夏S(3勝クラス),1.0,2.0,1小倉6,由布院特別(2勝クラス),3.0,3.0,1小倉2,響灘特別(2勝クラス),3.0,6.0,3福島2,河北新報杯(2勝クラス),15.3,8.0,2026-08-22 23:46:30,jra,2026-08-23,54.0,69.0,52.4,44.7,21.5,66.3,48.8,履歴少 / 過小評価傾向 / 市場オッズ妙味
202607030206,2026-08-23,6,ビップディラン,5.0,4.0,Ｍデムーロ,58.0,,2.0,4.0,2中京5,納屋橋特別(2勝クラス),1.0,4.0,3京都11,4歳以上1勝クラス,3.0,6.0,3京都7,4歳以上1勝クラス,,,1中京6,4歳以上1勝クラス,10.0,4.0,3京都10,3歳以上1勝クラス,7.6,2.0,2026-08-22 23:55:00,jra,2026-08-23,68.58,84.7,60.9,75.1,66.0,60.3,48.8,履歴少 / 近走上向き / 安定感
202601020206,2026-08-23,6,ファニーバニー,10.0,6.0,▲小林美,50.0,,8.0,4.0,1函館5,長万部特別(1勝クラス),6.0,3.0,1函館4,3歳以上1勝クラス,3.0,7.0,3京都3,3歳1勝クラス,14.0,9.0,1阪神5,フィリーズレビュー(GII),8.0,15.0,1京都5,日刊スポシンザン記念(GIII),10.6,3.0,2026-08-22 23:47:00,jra,2026-08-23,44.48,49.5,41.7,19.8,48.5,53.9,48.8,履歴少
202601020206,2026-08-23,6,ブライトフレア,7.0,5.0,浜中,55.0,,9.0,10.0,1札幌5,3歳以上1勝クラス,9.0,9.0,3京都12,白百合S(L),15.0,10.0,3京都9,3歳1勝クラス,9.0,11.0,2京都5,こぶし賞(1勝クラス),12.0,9.0,1中山9,若竹賞(1勝クラス),59.0,10.0,2026-08-22 23:47:00,jra,2026-08-23,37.38,26.4,45.1,0.0,63.5,47.7,48.8,履歴少
202604030206,2026-08-23,6,ブレトワルダ,7.0,4.0,津村,58.0,,1.0,3.0,2新潟4,苗場特別(2勝クラス),3.0,8.0,1新潟5,中ノ岳特別(2勝クラス),1.0,3.0,2新潟6,3歳以上1勝クラス,4.0,2.0,2福島5,3歳以上1勝クラス,5.0,6.0,2東京11,3歳1勝クラス,5.3,3.0,2026-08-22 23:46:30,jra,2026-08-23,73.66,89.2,64.4,100.0,63.5,62.3,48.8,履歴少 / 安定感
202604030206,2026-08-23,6,プルートマスター,8.0,5.0,坂井,58.0,,2.0,6.0,1小倉9,小倉城S(3勝クラス),3.0,10.0,1小倉5,豊前S(3勝クラス),11.0,9.0,4京都6,LトレーナーC(3勝クラス),5.0,4.0,4阪神6,大阪スポーツ杯(3勝クラス),6.0,13.0,3中京4,桶狭間S(3勝クラス),9.9,4.0,2026-08-22 23:46:30,jra,2026-08-23,68.65,69.0,72.0,69.9,75.5,69.5,48.8,前走人気以上 / 履歴少 / 人気以上に走る傾向 / 近走上向き
202601020206,2026-08-23,6,ベアサナエチャン,14.0,8.0,松山,53.0,,4.0,6.0,1函館9,3歳以上1勝クラス,1.0,2.0,1函館4,3歳未勝利,3.0,4.0,2東京10,3歳未勝利,5.0,2.0,2東京4,3歳未勝利,4.0,5.0,3中山5,3歳未勝利,25.6,7.0,2026-08-22 23:47:00,jra,2026-08-23,66.68,82.4,55.0,100.0,45.5,57.6,48.8,履歴少 / 安定感 / 市場オッズ妙味
202601020206,2026-08-23,6,ホウオウペトリュス,11.0,7.0,横山和,56.0,,10.0,12.0,1函館11,湯浜特別(1勝クラス),12.0,4.0,2東京8,4歳以上1勝クラス,8.0,5.0,1中京4,4歳以上1勝クラス,2.0,7.0,1小倉11,4歳以上1勝クラス,3.0,5.0,1小倉9,4歳以上1勝クラス,132.0,14.0,2026-08-22 23:47:00,jra,2026-08-23,40.3,42.3,42.7,24.9,27.5,50.3,48.8,履歴少
202607030206,2026-08-23,6,ミッキースターダム,4.0,3.0,高杉,58.0,,7.0,8.0,2新潟1,豊栄特別(2勝クラス),3.0,5.0,2東京8,テレ玉杯(2勝クラス),1.0,6.0,3京都3,4歳以上1勝クラス,13.0,5.0,1阪神1,4歳以上1勝クラス,13.0,4.0,1小倉4,4歳以上1勝クラス,10.2,6.0,2026-08-22 23:55:00,jra,2026-08-23,51.74,57.5,47.9,44.7,53.0,54.0,48.8,履歴少
202607030206,2026-08-23,6,ムーンウォーリア,13.0,8.0,渡辺竜,55.0,,2.0,11.0,盛岡,オパールC(重賞),8.0,6.0,金沢,兼六園スプリント(重賞),18.0,16.0,3阪神2,3歳以上1勝クラス,1.0,1.0,笠松,まだまだ行くぞ!シン(3歳),1.0,1.0,笠松,若葉特別(3歳),70.2,14.0,2026-08-22 23:55:00,jra,2026-08-23,44.66,31.2,56.9,26.7,60.0,54.2,42.8,地方実績を中央換算 / 前走人気以上 / 地方実績中心 / 履歴少
202601020206,2026-08-23,6,モノポリオ,4.0,3.0,ルメール,55.0,,5.0,1.0,1京都5,日刊スポシンザン記念(GIII),3.0,3.0,4東京6,アイビーS(L),1.0,1.0,3東京5,2歳新馬,,,,,,,,,4.2,2.0,2026-08-22 23:47:00,jra,2026-08-23,57.14,81.7,38.7,75.1,32.0,51.8,48.8,履歴少 / 安定感
202604030206,2026-08-23,6,モモンウールー,15.0,8.0,原,56.0,,1.0,7.0,2新潟2,麒麟山特別(2勝クラス),6.0,8.0,3京都12,4歳以上2勝クラス,3.0,7.0,1新潟4,五泉特別(2勝クラス),11.0,8.0,2阪神4,4歳以上2勝クラス,3.0,5.0,1中京1,中京スポーツ杯(2勝クラス),17.4,9.0,2026-08-22 23:46:30,jra,2026-08-23,68.95,73.5,70.2,60.5,78.5,71.1,48.8,前走人気以上 / 履歴少 / 人気以上に走る傾向 / 近走上向き
202601020206,2026-08-23,6,モルニケ,6.0,4.0,横山武,53.0,,2.0,2.0,1札幌5,3歳以上1勝クラス,3.0,3.0,2中山7,3歳1勝クラス,5.0,9.0,1東京5,デイリー杯クイーンC(GIII),6.0,13.0,1中山4,フェアリーS(GIII),1.0,1.0,4東京10,2歳未勝利,11.7,4.0,2026-08-22 23:47:00,jra,2026-08-23,69.69,81.4,62.7,85.4,60.5,67.6,48.8,履歴少 / 安定感 / 過小評価傾向
202604030206,2026-08-23,6,ユキノロイヤル,9.0,5.0,石橋脩,58.0,,13.0,11.0,2東京12,ARF杯薫風S(3勝クラス),11.0,10.0,2中山5,幕張S(3勝クラス),12.0,9.0,1中山7,若潮S(3勝クラス),4.0,5.0,5中山3,常総S(3勝クラス),15.0,14.0,4中山8,秋風S(3勝クラス),68.5,14.0,2026-08-22 23:46:30,jra,2026-08-23,32.55,19.7,40.1,14.6,35.0,47.0,48.8,履歴少
202607030206,2026-08-23,6,リカントロポ,12.0,7.0,幸,58.0,,3.0,8.0,2新潟3,月岡温泉特別(2勝クラス),3.0,4.0,3京都1,4歳以上2勝クラス,4.0,3.0,1阪神10,皆生特別(2勝クラス),3.0,2.0,1阪神5,4歳以上2勝クラス,6.0,6.0,2京都6,春日特別(2勝クラス),9.9,5.0,2026-08-22 23:55:00,jra,2026-08-23,67.86,79.9,60.0,89.7,56.0,62.4,48.8,前走人気以上 / 履歴少 / 安定感
202604030206,2026-08-23,6,リバートゥルー,11.0,6.0,吉田豊,56.0,,4.0,8.0,2東京6,立夏S(3勝クラス),3.0,7.0,2中山7,韓国馬事会杯(3勝クラス),8.0,8.0,1中山6,アレキサンドライトS(3勝クラス),6.0,3.0,1中山1,招福S(3勝クラス),14.0,4.0,3京都6,トルマリンS(3勝クラス),11.4,5.0,2026-08-22 23:46:30,jra,2026-08-23,58.67,61.5,55.2,55.3,72.5,57.1,48.8,前走人気以上 / 履歴少 / 近走上向き
202601020206,2026-08-23,6,ルクスアドラー,5.0,4.0,横山典,58.0,,4.0,11.0,1札幌2,3歳以上1勝クラス,10.0,8.0,1函館12,3歳以上1勝クラス,12.0,14.0,2東京9,4歳以上1勝クラス,12.0,15.0,3京都1,4歳以上1勝クラス,14.0,12.0,1福島2,4歳以上1勝クラス,22.6,5.0,2026-08-22 23:47:00,jra,2026-08-23,53.61,34.2,65.8,30.4,98.0,56.9,48.8,前走人気以上 / 履歴少 / 人気以上に走る傾向 / 近走上向き
202604030206,2026-08-23,6,ルクスビッグスター,12.0,7.0,武藤,58.0,,10.0,12.0,3阪神6,姫路S(3勝クラス),11.0,16.0,1新潟6,弥彦S(3勝クラス),15.0,18.0,3京都2,センテニアルパークS(3勝クラス),10.0,15.0,3中山4,美浦S(3勝クラス),10.0,7.0,3中京1,関ケ原S(3勝クラス),23.3,11.0,2026-08-22 23:46:30,jra,2026-08-23,42.83,20.5,70.1,0.0,59.0,59.5,48.8,履歴少 / 人気以上に走る傾向
202601020206,2026-08-23,6,ルールザウェイヴ,2.0,2.0,武豊,53.0,,2.0,2.0,1札幌3,3歳以上1勝クラス,14.0,15.0,2阪神6,桜花賞(GI),2.0,12.0,2中山5,アネモネS(L),1.0,2.0,5中山7,2歳新馬,,,,,1.6,1.0,2026-08-22 23:47:00,jra,2026-08-23,65.34,67.7,68.5,64.7,72.0,61.8,48.8,履歴少 / 人気以上に走る傾向 / 近走上向き / 安定感
202604030206,2026-08-23,6,ロフティストーリー,13.0,7.0,大野,56.0,,5.0,8.0,3阪神6,姫路S(3勝クラス),8.0,5.0,2東京3,是政S(3勝クラス),5.0,3.0,2中山7,韓国馬事会杯(3勝クラス),2.0,3.0,2京都1,舞鶴S(3勝クラス),1.0,3.0,5東京3,三浦特別(2勝クラス),4.6,2.0,2026-08-22 23:46:30,jra,2026-08-23,58.64,68.8,50.9,75.1,44.0,57.1,48.8,前走人気以上 / 履歴少 / 安定感
202607030206,2026-08-23,6,ワンモアスマイル,14.0,8.0,菱田,58.0,,5.0,6.0,3阪神5,舞子特別(2勝クラス),12.0,9.0,1東京6,4歳以上2勝クラス,6.0,3.0,2京都2,4歳以上2勝クラス,11.0,3.0,1中山3,初凪賞(2勝クラス),4.0,4.0,4東京11,国立特別(2勝クラス),20.7,10.0,2026-08-22 23:55:00,jra,2026-08-23,45.71,46.3,34.6,40.7,69.5,45.3,48.8,履歴少 / 近走上向き / 市場オッズ妙味
202604030206,2026-08-23,6,ヴァナルガンド,10.0,6.0,菊沢,58.0,,7.0,7.0,2福島2,鶴ヶ城S(3勝クラス),7.0,13.0,2東京3,是政S(3勝クラス),15.0,2.0,1東京7,金蹄S(3勝クラス),9.0,4.0,5中山6,北総S(3勝クラス),1.0,2.0,5東京7,3歳以上2勝クラス,21.5,10.0,2026-08-22 23:46:30,jra,2026-08-23,40.8,44.4,38.1,10.3,56.0,45.7,48.8,履歴少 / 市場オッズ妙味
202604030207,2026-08-23,7,アイデアルカット,4.0,4.0,嶋田,55.0,,5.0,7.0,2福島7,2歳未勝利,7.0,7.0,2福島1,2歳新馬,,,,,,,,,,,,,88.0,10.0,2026-08-23 00:20:10,jra,2026-08-23,48.84,51.4,49.7,34.7,52.1,51.5,48.8,履歴少 / サンプル少
202601020207,2026-08-23,7,アスクガンバーレ,7.0,6.0,岩田康,58.0,,3.0,5.0,1札幌4,3歳以上1勝クラス,5.0,2.0,1函館4,3歳以上1勝クラス,7.0,3.0,2阪神6,4歳以上1勝クラス,2.0,1.0,1中京5,ロイヤルバンコク賞(1勝クラス),3.0,2.0,1京都7,4歳以上1勝クラス,3.5,1.0,2026-08-23 00:20:40,jra,2026-08-23,59.49,74.9,41.7,80.2,57.5,50.8,48.8,履歴少 / 安定感
202604030207,2026-08-23,7,インカルナータ,10.0,8.0,坂井,55.0,,1.0,4.0,3阪神4,2歳新馬,,,,,,,,,,,,,,,,,4.7,3.0,2026-08-23 00:20:10,jra,2026-08-23,45.31,51.6,45.3,36.3,40.6,42.0,48.8,前走人気以上 / 履歴少 / サンプル少
202604030207,2026-08-23,7,エレスレイプニル,5.0,5.0,木幡育,55.0,,8.0,12.0,2新潟4,2歳未勝利,10.0,11.0,2福島4,2歳新馬,,,,,,,,,,,,,62.4,8.0,2026-08-23 00:20:10,jra,2026-08-23,44.7,38.2,55.7,18.0,52.1,52.5,48.8,前走人気以上 / 履歴少 / サンプル少
202601020207,2026-08-23,7,シドニーホバート,2.0,2.0,吉村智,58.0,,9.0,9.0,1函館10,3歳以上1勝クラス,11.0,4.0,2東京5,4歳以上1勝クラス,8.0,4.0,1阪神6,4歳以上1勝クラス,9.0,4.0,1小倉8,4歳以上1勝クラス,3.0,3.0,1小倉1,4歳以上1勝クラス,54.6,11.0,2026-08-23 00:20:40,jra,2026-08-23,34.2,38.6,27.1,10.3,42.5,40.5,48.8,履歴少
202604030207,2026-08-23,7,シャンデヴァーグ,1.0,1.0,津村,55.0,,1.0,1.0,3東京3,2歳新馬,,,,,,,,,,,,,,,,,4.8,4.0,2026-08-23 00:20:10,jra,2026-08-23,44.01,51.6,40.6,36.3,40.6,40.6,48.8,履歴少 / サンプル少
202601020207,2026-08-23,7,シーリュウシー,1.0,1.0,小沢,58.0,,8.0,9.0,1札幌3,3歳以上1勝クラス,6.0,4.0,1函館10,3歳以上1勝クラス,2.0,11.0,3京都11,4歳以上1勝クラス,10.0,11.0,3京都9,4歳以上1勝クラス,4.0,7.0,1阪神6,4歳以上1勝クラス,28.2,10.0,2026-08-23 00:20:40,jra,2026-08-23,53.23,58.4,64.3,30.1,35.0,62.5,48.8,履歴少 / 市場オッズ妙味
202604030207,2026-08-23,7,スイートアリッサム,9.0,8.0,杉原,55.0,,4.0,8.0,2新潟1,2歳新馬,,,,,,,,,,,,,,,,,15.1,6.0,2026-08-23 00:20:10,jra,2026-08-23,44.2,46.4,46.8,36.3,40.6,42.0,48.8,前走人気以上 / 履歴少 / サンプル少
202601020207,2026-08-23,7,ステイアンビシャス,9.0,7.0,ロイド,58.0,,2.0,10.0,1札幌4,3歳以上1勝クラス,4.0,7.0,1函館10,3歳以上1勝クラス,10.0,5.0,3中山7,4歳以上1勝クラス,4.0,2.0,船橋,フレンドリービット特(B2B3),3.0,4.0,1中山2,4歳以上1勝クラス,8.8,4.0,2026-08-23 00:20:40,jra,2026-08-23,65.21,67.2,64.9,73.7,69.5,62.5,48.8,前走人気以上 / 履歴少 / 近走上向き / 安定感
202607030207,2026-08-23,7,スナークラファエロ,2.0,1.0,団野,56.0,,2.0,5.0,2小倉6,阿蘇S(OP),5.0,8.0,3東京5,スレイプニルS(OP),14.0,8.0,2東京11,アハルテケS(OP),3.0,3.0,1福島1,吾妻小富士S(OP),8.0,1.0,1小倉4,門司S(OP),6.5,3.0,2026-08-23 00:32:30,jra,2026-08-23,61.0,61.7,48.3,69.9,83.0,53.4,62.7,前走人気以上 / ダ適性 / 東京実績 / 距離適性
202601020207,2026-08-23,7,タイキフィアリーベ,3.0,3.0,Ｒヘルナン,58.0,,5.0,8.0,1札幌6,3歳以上1勝クラス,5.0,9.0,3東京4,3歳以上1勝クラス,4.0,11.0,3中山7,4歳以上1勝クラス,6.0,11.0,2中山7,4歳以上1勝クラス,1.0,2.0,名古屋,"2,000m戦梅に鶯(B)",15.9,8.0,2026-08-23 00:20:40,jra,2026-08-23,67.81,66.0,78.5,79.7,44.0,76.9,48.8,前走人気以上 / 履歴少 / 人気以上に走る傾向 / 安定感
202601020207,2026-08-23,7,ダイシンレアレア,10.0,8.0,丹内,58.0,,2.0,2.0,1函館10,3歳以上1勝クラス,3.0,3.0,3中山7,4歳以上1勝クラス,7.0,2.0,2中山7,4歳以上1勝クラス,2.0,10.0,1小倉8,4歳以上1勝クラス,7.0,6.0,1京都7,4歳以上1勝クラス,7.4,3.0,2026-08-23 00:20:40,jra,2026-08-23,63.58,78.0,50.5,69.9,66.5,59.8,48.8,履歴少 / 近走上向き / 安定感
202604030207,2026-08-23,7,トウシンマジック,7.0,7.0,コレット,55.0,,1.0,3.0,2新潟2,2歳新馬,,,,,,,,,,,,,,,,,3.8,2.0,2026-08-23 00:20:10,jra,2026-08-23,44.94,51.6,43.7,36.3,40.6,42.0,48.8,履歴少 / サンプル少
202604030207,2026-08-23,7,トップチェッカー,3.0,3.0,北村友,55.0,,1.0,1.0,3阪神6,2歳新馬,,,,,,,,,,,,,,,,,6.7,5.0,2026-08-23 00:20:10,jra,2026-08-23,44.01,51.6,40.6,36.3,40.6,40.6,48.8,履歴少 / サンプル少
202601020207,2026-08-23,7,トライゴーニック,6.0,6.0,ナレドゥ,58.0,,7.0,8.0,4東京5,3歳以上1勝クラス,1.0,3.0,3東京2,3歳未勝利,4.0,3.0,3中山4,3歳未勝利,14.0,7.0,1中山3,3歳新馬,,,,,3.8,2.0,2026-08-23 00:20:40,jra,2026-08-23,51.61,62.2,46.7,44.7,46.0,51.6,48.8,履歴少
202607030207,2026-08-23,7,トリポリタニア,1.0,1.0,西村淳,56.0,,7.0,2.0,1阪神3,仁川S(L),6.0,2.0,2京都3,アルデバランS(OP),1.0,1.0,4京都4,天橋立S(3勝クラス),1.0,1.0,4阪神1,出石特別(2勝クラス),12.0,4.0,2新潟6,レパードS(GIII),4.0,1.0,2026-08-23 00:32:30,jra,2026-08-23,44.89,66.3,26.6,34.3,38.0,43.4,51.8,クラス条件好転 / 履歴少
202601020207,2026-08-23,7,ニヒトツーゼーア,5.0,5.0,★河原田,54.0,,10.0,6.0,1札幌4,3歳以上1勝クラス,9.0,13.0,3阪神5,3歳以上1勝クラス,2.0,1.0,3中山7,4歳以上1勝クラス,3.0,3.0,1中京5,ロイヤルバンコク賞(1勝クラス),2.0,1.0,1阪神6,4歳以上1勝クラス,10.8,7.0,2026-08-23 00:20:40,jra,2026-08-23,47.36,57.4,46.4,44.7,14.0,58.8,48.8,履歴少
202607030207,2026-08-23,7,ハギノサステナブル,5.0,3.0,鮫島駿,56.0,,5.0,3.0,3阪神3,三宮S(OP),5.0,4.0,2東京4,ブリリアントS(L),4.0,7.0,1阪神10,レグルスS(OP),2.0,2.0,1小倉4,門司S(OP),4.0,2.0,1中山4,ポルックスS(OP),9.2,5.0,2026-08-23 00:32:30,jra,2026-08-23,62.02,73.9,46.7,100.0,42.5,58.1,48.8,履歴少 / 安定感
202607030207,2026-08-23,7,ハピ,13.0,7.0,幸,57.5,,4.0,7.0,3阪神3,三宮S(OP),7.0,10.0,2阪神7,アンタレスS(GIII),,,3中山2,マーチS(GIII),10.0,4.0,1阪神3,仁川S(L),6.0,9.0,1京都9,プロキオンS(GII),5.9,2.0,2026-08-23 00:32:30,jra,2026-08-23,55.76,57.8,59.5,30.4,72.0,58.1,48.8,前走人気以上 / 履歴少 / 近走上向き
202607030207,2026-08-23,7,ブルーサン,12.0,6.0,田口,56.0,,6.0,9.0,3福島6,福島民友C(L),8.0,5.0,2新潟4,レパードS(GIII),14.0,6.0,3小倉4,プロキオンS(GIII),2.0,4.0,3京都11,鳳雛S(L),8.0,2.0,大井,羽田盃競走(JpnI),46.7,12.0,2026-08-23 00:32:30,jra,2026-08-23,42.38,45.4,39.4,14.6,62.0,43.8,48.8,前走人気以上 / 履歴少
202601020207,2026-08-23,7,ブーケドグレイス,11.0,8.0,横山琉,56.0,,8.0,12.0,1札幌5,3歳以上1勝クラス,8.0,11.0,1函館12,3歳以上1勝クラス,7.0,13.0,1新潟7,4歳以上1勝クラス,3.0,6.0,1新潟3,4歳以上1勝クラス,5.0,8.0,1福島2,4歳以上1勝クラス,20.4,9.0,2026-08-23 00:20:40,jra,2026-08-23,55.27,53.9,77.3,24.9,36.5,67.1,48.8,前走人気以上 / 履歴少 / 人気以上に走る傾向 / 過小評価傾向
202607030207,2026-08-23,7,ペイシャモノノフ,7.0,4.0,高倉,55.0,,1.0,13.0,3阪神6,姫路S(3勝クラス),11.0,7.0,3中山4,アリエスS(3勝クラス),3.0,11.0,1阪神8,甲南S(3勝クラス),10.0,15.0,1京都8,下鴨S(3勝クラス),12.0,16.0,1京都2,門松S(3勝クラス),20.8,9.0,2026-08-23 00:32:30,jra,2026-08-23,69.88,57.3,87.6,50.2,98.0,72.5,48.8,前走人気以上 / 履歴少 / 人気以上に走る傾向 / 近走上向き
202604030207,2026-08-23,7,マイホームパパ,8.0,7.0,江田照,55.0,,12.0,12.0,2新潟6,2歳未勝利,6.0,9.0,2福島8,2歳新馬,,,,,,,,,,,,,81.9,9.0,2026-08-23 00:20:10,jra,2026-08-23,39.6,36.5,50.7,18.0,25.7,50.7,48.8,履歴少 / サンプル少
202604030207,2026-08-23,7,マインドフルネス,6.0,6.0,菊沢,55.0,,,,,,,,,,,,,,,,,,,,,,31.6,7.0,2026-08-23 00:20:10,jra,2026-08-23,36.0,35.0,35.0,35.0,35.0,35.0,45.0,履歴少
202607030207,2026-08-23,7,マリアナトレンチ,3.0,2.0,松若,55.0,,11.0,14.0,3阪神3,三宮S(OP),7.0,12.0,1福島1,吾妻小富士S(OP),13.0,12.0,1小倉4,門司S(OP),12.0,11.0,3福島4,福島民友C(L),4.0,13.0,3京都9,カノープスS(OP),34.8,11.0,2026-08-23 00:32:30,jra,2026-08-23,44.12,29.4,69.2,10.3,38.0,61.4,48.8,前走人気以上 / 履歴少 / 人気以上に走る傾向
202607030207,2026-08-23,7,マリオロード,11.0,6.0,国分優,56.0,,8.0,9.0,2中京4,名鉄杯(L),15.0,12.0,3東京5,スレイプニルS(OP),4.0,13.0,3京都6,平城京S(OP),16.0,16.0,1京都9,プロキオンS(GII),8.0,16.0,5阪神6,ベテルギウスS(L),58.0,15.0,2026-08-23 00:32:30,jra,2026-08-23,48.87,32.9,65.1,19.8,66.5,60.7,51.8,クラス条件好転 / 履歴少 / 人気以上に走る傾向 / 近走上向き
202607030207,2026-08-23,7,マンマリアーレ,8.0,4.0,柴田裕,52.0,,9.0,12.0,2東京6,メトロポリタンS(L),11.0,14.0,1福島2,福島民報杯(L),12.0,14.0,2中山4,総武S(OP),14.0,15.0,5阪神6,ベテルギウスS(L),5.0,7.0,4中山6,イサ殿下御来場記念(OP),49.1,13.0,2026-08-23 00:32:30,jra,2026-08-23,44.46,25.3,66.9,10.3,59.0,58.1,48.8,前走人気以上 / 履歴少 / 人気以上に走る傾向
202607030207,2026-08-23,7,マーズオデッセイ,9.0,5.0,吉村,56.0,,4.0,9.0,2東京11,アハルテケS(OP),1.0,8.0,2中山3,上総S(3勝クラス),5.0,7.0,1東京5,銀蹄S(3勝クラス),5.0,3.0,4東京11,秋嶺S(3勝クラス),1.0,5.0,4東京4,3歳以上2勝クラス,6.8,4.0,2026-08-23 00:32:30,jra,2026-08-23,72.99,81.7,76.5,100.0,44.0,68.6,48.8,前走人気以上 / 履歴少 / 人気以上に走る傾向 / 安定感
202601020207,2026-08-23,7,ミスターエメラルド,8.0,7.0,岩田望,55.0,,3.0,5.0,1函館10,3歳以上1勝クラス,15.0,8.0,3京都10,3歳1勝クラス,1.0,1.0,2阪神2,3歳未勝利,2.0,1.0,1中京1,3歳未勝利,7.0,4.0,1京都4,3歳未勝利,10.5,6.0,2026-08-23 00:20:40,jra,2026-08-23,55.83,64.1,38.9,64.7,69.5,54.2,48.8,履歴少 / 近走上向き / 安定感
202607030207,2026-08-23,7,ミッキークレスト,10.0,5.0,酒井,55.0,,14.0,10.0,3東京5,スレイプニルS(OP),9.0,4.0,1福島1,吾妻小富士S(OP),4.0,8.0,2京都3,アルデバランS(OP),13.0,4.0,4京都5,シトリンS(OP),1.0,2.0,1阪神2,伊丹S(3勝クラス),12.3,6.0,2026-08-23 00:32:30,jra,2026-08-23,32.41,34.9,29.8,30.1,6.5,44.4,48.8,履歴少 / 市場オッズ妙味
202607030207,2026-08-23,7,メイショウユズルハ,14.0,7.0,菱田,53.0,,16.0,13.0,3阪神3,三宮S(OP),10.0,15.0,2東京4,ブリリアントS(L),11.0,14.0,1阪神10,レグルスS(OP),5.0,16.0,2京都3,アルデバランS(OP),15.0,11.0,2京都6,平城京S(OP),56.1,14.0,2026-08-23 00:32:30,jra,2026-08-23,38.1,20.9,64.8,14.6,15.5,58.7,48.8,履歴少
202607030207,2026-08-23,7,ラインオブソウル,16.0,8.0,角田和,54.0,,13.0,10.0,3阪神3,三宮S(OP),7.0,15.0,1阪神10,レグルスS(OP),15.0,13.0,1中山4,ポルックスS(OP),12.0,11.0,4阪神8,シリウスS(GIII),10.0,5.0,3中京4,名鉄杯(L),65.5,16.0,2026-08-23 00:32:30,jra,2026-08-23,33.6,18.8,50.2,0.0,38.0,49.0,48.8,履歴少
202607030207,2026-08-23,7,リチュアル,6.0,3.0,長岡,56.0,,10.0,9.0,3阪神3,三宮S(OP),8.0,5.0,2中山4,総武S(OP),3.0,8.0,1中山4,ポルックスS(OP),7.0,6.0,4東京7,ブラジルC(L),2.0,6.0,4中京3,名古屋城S(OP),20.9,10.0,2026-08-23 00:32:30,jra,2026-08-23,46.14,53.2,51.4,30.1,20.0,57.3,48.8,履歴少 / 市場オッズ妙味
202601020207,2026-08-23,7,リバーソニック,4.0,4.0,松山,55.0,,1.0,3.0,1函館11,3歳未勝利,3.0,2.0,3阪神5,3歳未勝利,4.0,3.0,3阪神2,3歳未勝利,3.0,3.0,1中京4,3歳未勝利,2.0,9.0,1阪神3,3歳未勝利,9.4,5.0,2026-08-23 00:20:40,jra,2026-08-23,71.44,88.1,56.2,100.0,62.0,64.1,48.8,履歴少 / 安定感
202604030207,2026-08-23,7,レッチュベルク,2.0,2.0,田辺,55.0,,1.0,2.0,3東京5,2歳新馬,,,,,,,,,,,,,,,,,3.5,1.0,2026-08-23 00:20:10,jra,2026-08-23,44.54,51.6,42.2,36.3,40.6,41.7,48.8,履歴少 / サンプル少
202607030207,2026-08-23,7,レッドプロフェシー,15.0,8.0,田山,55.0,,8.0,6.0,3東京5,スレイプニルS(OP),2.0,9.0,2東京4,ブリリアントS(L),8.0,13.0,1阪神10,レグルスS(OP),1.0,3.0,1東京7,金蹄S(3勝クラス),5.0,11.0,5阪神7,摩耶S(3勝クラス),13.3,7.0,2026-08-23 00:32:30,jra,2026-08-23,59.91,66.6,71.3,49.8,26.0,72.7,48.8,履歴少 / 人気以上に走る傾向 / 過小評価傾向 / 市場オッズ妙味
202607030207,2026-08-23,7,ロードプレジール,4.0,2.0,斎藤,56.0,,3.0,11.0,3東京5,スレイプニルS(OP),6.0,10.0,2東京4,ブリリアントS(L),12.0,5.0,1阪神3,仁川S(L),2.0,10.0,2京都3,アルデバランS(OP),1.0,8.0,5阪神4,竹田城S(3勝クラス),17.2,8.0,2026-08-23 00:32:30,jra,2026-08-23,67.18,66.6,77.6,55.3,63.5,77.0,48.8,前走人気以上 / 履歴少 / 人気以上に走る傾向 / 過小評価傾向
202607030208,2026-08-23,8,アパレイユ,16.0,8.0,鮫島駿,54.0,,6.0,1.0,3阪神6,3歳以上1勝クラス,3.0,2.0,3京都12,3歳1勝クラス,1.0,1.0,1阪神5,3歳未勝利,2.0,2.0,2京都6,3歳未勝利,8.0,3.0,5中京2,2歳未勝利,3.9,1.0,2026-08-23 00:08:25,jra,2026-08-23,52.69,76.9,34.0,59.3,35.0,48.6,48.8,履歴少
202607030208,2026-08-23,8,オドラニャソンソン,6.0,3.0,川須,58.0,,14.0,17.0,3阪神2,3歳以上1勝クラス,7.0,11.0,1新潟1,4歳以上1勝クラス,8.0,13.0,1中京3,4歳以上1勝クラス,13.0,12.0,1小倉12,4歳以上1勝クラス,1.0,1.0,高知,C2ー8,46.9,14.0,2026-08-23 00:08:25,jra,2026-08-23,38.85,26.9,69.3,4.7,9.5,58.1,48.8,前走人気以上 / 履歴少 / 人気以上に走る傾向
202607030208,2026-08-23,8,オプティモ,3.0,2.0,吉村,56.0,,5.0,7.0,1阪神9,3歳1勝クラス,1.0,1.0,1阪神1,3歳未勝利,2.0,8.0,1京都1,3歳未勝利,5.0,3.0,5中京3,2歳未勝利,6.0,10.0,4京都7,2歳新馬,15.8,6.0,2026-08-23 00:08:25,jra,2026-08-23,67.7,79.9,63.4,89.7,41.0,68.2,48.8,履歴少 / 安定感 / 過小評価傾向 / 市場オッズ妙味
202607030208,2026-08-23,8,カフジキアッキエレ,15.0,8.0,幸,56.0,,7.0,12.0,1新潟4,4歳以上1勝クラス,8.0,6.0,1福島4,4歳以上1勝クラス,6.0,11.0,1小倉11,4歳以上1勝クラス,9.0,9.0,5中京6,3歳以上1勝クラス,11.0,8.0,3福島6,3歳以上1勝クラス,26.2,13.0,2026-08-23 00:08:25,jra,2026-08-23,47.35,45.9,61.9,0.0,59.0,54.8,48.8,前走人気以上 / 履歴少
202607030208,2026-08-23,8,カーリキュー,11.0,6.0,斎藤,54.0,,1.0,1.0,3京都12,3歳未勝利,2.0,3.0,3京都9,3歳未勝利,3.0,3.0,1中京6,3歳未勝利,5.0,2.0,1阪神3,3歳未勝利,6.0,2.0,2京都4,3歳未勝利,6.2,3.0,2026-08-23 00:08:25,jra,2026-08-23,66.42,86.0,45.8,89.7,68.0,53.9,48.8,履歴少 / 近走上向き / 安定感
202607030208,2026-08-23,8,ケイアイマウンガ,12.0,6.0,藤懸,58.0,,4.0,6.0,2中京3,3歳以上1勝クラス,6.0,2.0,1福島6,4歳以上1勝クラス,2.0,4.0,1福島1,4歳以上1勝クラス,12.0,2.0,1京都3,4歳以上1勝クラス,5.0,4.0,5中京5,3歳以上1勝クラス,12.5,5.0,2026-08-23 00:08:25,jra,2026-08-23,54.85,65.0,39.1,60.5,63.5,53.6,48.8,履歴少 / 安定感 / 市場オッズ妙味
202604030208,2026-08-23,8,ケイケイ,1.0,1.0,原,58.0,,4.0,14.0,2新潟1,豊栄特別(2勝クラス),9.0,9.0,2東京11,葉山特別(2勝クラス),5.0,9.0,2東京8,テレ玉杯(2勝クラス),10.0,6.0,3中山4,4歳以上2勝クラス,10.0,10.0,1東京6,4歳以上2勝クラス,21.3,8.0,2026-08-22 23:55:30,jra,2026-08-23,61.08,52.5,72.7,50.2,77.0,62.8,48.8,前走人気以上 / 履歴少 / 人気以上に走る傾向 / 近走上向き
202607030208,2026-08-23,8,コマチチャン,13.0,7.0,松若,54.0,,13.0,6.0,3阪神1,3歳以上1勝クラス,1.0,2.0,1阪神1,3歳未勝利,10.0,5.0,5阪神8,2歳未勝利,5.0,6.0,4京都2,2歳未勝利,4.0,5.0,3京都7,2歳未勝利,9.2,4.0,2026-08-23 00:08:25,jra,2026-08-23,39.52,49.4,31.7,49.8,2.0,49.8,48.8,履歴少
202604030208,2026-08-23,8,コンテネレッツア,2.0,2.0,杉原,56.0,,13.0,7.0,3東京5,相模湖特別(2勝クラス),2.0,5.0,2東京4,4歳以上2勝クラス,7.0,8.0,1東京6,4歳以上2勝クラス,15.0,3.0,5東京2,3歳以上2勝クラス,3.0,3.0,3東京5,相模湖特別(2勝クラス),19.0,7.0,2026-08-22 23:55:30,jra,2026-08-23,36.75,43.1,31.6,35.3,12.5,46.4,48.8,履歴少 / 市場オッズ妙味
202601020208,2026-08-23,8,ゴールドジェスター,10.0,8.0,黛,58.0,,11.0,12.0,1札幌8,3歳以上1勝クラス,4.0,7.0,1札幌3,3歳以上1勝クラス,9.0,9.0,1福島6,飯盛山特別(1勝クラス),8.0,9.0,1小倉8,4歳以上1勝クラス,3.0,12.0,1小倉5,戸畑特別(1勝クラス),178.5,11.0,2026-08-22 23:56:00,jra,2026-08-23,48.8,47.2,64.9,35.3,20.0,60.7,48.8,履歴少
202601020208,2026-08-23,8,サクラアドリア,2.0,2.0,武豊,58.0,,10.0,5.0,1小倉12,唐戸特別(1勝クラス),3.0,4.0,5中山4,3歳以上1勝クラス,4.0,5.0,3福島6,3歳以上1勝クラス,7.0,7.0,4中山6,3歳以上1勝クラス,12.0,5.0,1函館11,湯浜特別(1勝クラス),10.2,6.0,2026-08-22 23:56:00,jra,2026-08-23,45.09,53.3,37.4,44.7,29.0,53.4,48.8,履歴少
202607030208,2026-08-23,8,サンライズブレイク,5.0,3.0,団野,58.0,,9.0,3.0,2阪神7,4歳以上1勝クラス,5.0,3.0,1中京4,4歳以上1勝クラス,2.0,3.0,1阪神5,4歳以上1勝クラス,2.0,3.0,2京都5,4歳以上1勝クラス,6.0,4.0,4新潟3,3歳以上1勝クラス,16.0,7.0,2026-08-23 00:08:25,jra,2026-08-23,48.85,65.7,34.7,59.3,18.5,56.6,48.8,履歴少 / 市場オッズ妙味
202601020208,2026-08-23,8,シニャンガ,1.0,1.0,岩田望,53.0,,5.0,1.0,1札幌1,3歳以上1勝クラス,1.0,1.0,2東京1,3歳未勝利,2.0,1.0,1東京5,3歳未勝利,2.0,2.0,5東京3,2歳新馬,,,,,3.7,2.0,2026-08-22 23:56:00,jra,2026-08-23,59.9,86.1,39.0,89.7,30.0,51.5,48.8,履歴少 / 安定感
202601020208,2026-08-23,8,シャルムグリーン,4.0,4.0,吉村智,55.0,,6.0,3.0,1札幌7,3歳未勝利,5.0,2.0,2福島8,3歳未勝利,6.0,2.0,3東京6,3歳未勝利,2.0,1.0,1中山9,3歳未勝利,2.0,3.0,1中山3,3歳未勝利,30.3,8.0,2026-08-22 23:56:00,jra,2026-08-23,49.61,70.0,32.6,49.8,36.5,49.8,48.8,履歴少 / 市場オッズ妙味
202604030208,2026-08-23,8,シルバーレイン,5.0,5.0,大野,58.0,,9.0,3.0,2東京8,テレ玉杯(2勝クラス),10.0,8.0,2中山1,4歳以上2勝クラス,12.0,6.0,1中山3,初凪賞(2勝クラス),10.0,5.0,5東京2,3歳以上2勝クラス,6.0,2.0,4中山7,木更津特別(2勝クラス),12.5,6.0,2026-08-22 23:55:30,jra,2026-08-23,29.29,30.6,17.4,0.0,53.0,37.9,48.8,履歴少 / 市場オッズ妙味
202601020208,2026-08-23,8,ジェルブロア,7.0,6.0,松山,56.0,,8.0,3.0,1札幌1,3歳以上1勝クラス,2.0,4.0,2福島6,織姫賞(1勝クラス),6.0,6.0,1中京4,4歳以上1勝クラス,2.0,4.0,1阪神6,4歳以上1勝クラス,4.0,4.0,1小倉9,4歳以上1勝クラス,7.3,5.0,2026-08-22 23:56:00,jra,2026-08-23,51.93,69.4,44.9,49.8,23.0,57.8,48.8,履歴少
202604030208,2026-08-23,8,ジオパーククラウン,4.0,4.0,丸田,58.0,,11.0,13.0,3中山3,障害4歳以上未勝利,15.0,16.0,1東京8,4歳以上2勝クラス,15.0,12.0,4京都7,3歳以上2勝クラス,10.0,10.0,3京都3,宇治川特別(2勝クラス),7.0,8.0,4中京3,桑名特別(2勝クラス),70.0,10.0,2026-08-22 23:55:30,jra,2026-08-23,35.9,15.5,52.6,0.0,54.5,51.6,51.8,クラス条件好転 / 履歴少
202604030208,2026-08-23,8,ジッピーレーサー,10.0,7.0,石神道,58.0,,12.0,8.0,1東京7,4歳以上2勝クラス,4.0,9.0,1京都8,4歳以上2勝クラス,11.0,16.0,1京都6,4歳以上2勝クラス,10.0,10.0,3京都5,堀川特別(2勝クラス),9.0,11.0,4東京1,八ヶ岳特別(2勝クラス),149.6,12.0,2026-08-22 23:55:30,jra,2026-08-23,42.88,34.3,58.6,24.9,29.0,56.1,48.8,履歴少
202607030208,2026-08-23,8,ジャスパーノベル,14.0,7.0,渡辺竜,56.0,,7.0,8.0,1函館1,3歳以上1勝クラス,2.0,3.0,園田,JRA交流由良川特別,11.0,14.0,1阪神5,4歳以上1勝クラス,15.0,13.0,2京都3,4歳以上1勝クラス,2.0,4.0,笠松,馬籠宿特別(A),50.4,15.0,2026-08-23 00:08:25,jra,2026-08-23,44.77,35.5,56.1,18.8,53.0,54.2,51.8,地方実績を中央換算 / クラス条件好転 / 履歴少
202607030208,2026-08-23,8,ジャスパーメルチェ,7.0,4.0,中井,54.0,,11.0,5.0,1阪神10,3歳1勝クラス,,,2中山3,3歳1勝クラス,1.0,3.0,2京都2,3歳未勝利,17.0,11.0,1京都5,3歳未勝利,2.0,4.0,5阪神3,2歳未勝利,19.2,11.0,2026-08-23 00:08:25,jra,2026-08-23,38.83,47.1,30.4,30.1,24.0,49.8,48.8,履歴少 / 市場オッズ妙味
202607030208,2026-08-23,8,ゼンノフォトン,10.0,5.0,西村淳,56.0,,9.0,2.0,2阪神8,3歳1勝クラス,1.0,2.0,1阪神2,3歳未勝利,7.0,6.0,5中山7,2歳新馬,,,,,,,,,17.7,8.0,2026-08-23 00:08:25,jra,2026-08-23,42.24,61.5,30.6,24.9,20.0,52.9,48.8,履歴少 / 市場オッズ妙味
202601020208,2026-08-23,8,ソワンドヴィクター,11.0,8.0,☆長浜,52.0,,14.0,10.0,1札幌5,3歳未勝利,5.0,6.0,1函館12,3歳未勝利,3.0,5.0,1新潟8,3歳未勝利,4.0,12.0,1福島6,3歳未勝利,5.0,12.0,1福島1,3歳未勝利,95.2,9.0,2026-08-22 23:56:00,jra,2026-08-23,50.67,51.7,59.2,69.6,0.0,62.6,48.8,履歴少 / 安定感
202601020208,2026-08-23,8,ダノンプレサージュ,8.0,7.0,横山典,53.0,,4.0,3.0,1札幌3,3歳以上1勝クラス,1.0,1.0,3東京5,3歳未勝利,2.0,1.0,1福島4,3歳未勝利,2.0,1.0,1中京3,3歳未勝利,4.0,1.0,5中山3,2歳未勝利,6.2,3.0,2026-08-22 23:56:00,jra,2026-08-23,64.04,87.5,43.3,100.0,39.5,53.9,48.8,履歴少 / 安定感
202604030208,2026-08-23,8,ナルキッソス,6.0,5.0,コレット,55.0,,1.0,2.0,2中京2,3歳以上1勝クラス,6.0,6.0,3東京2,3歳以上1勝クラス,7.0,7.0,3京都9,メルボルンT(1勝クラス),11.0,8.0,1中京2,昇竜S(OP),1.0,1.0,2京都6,3歳未勝利,3.2,2.0,2026-08-22 23:55:30,jra,2026-08-23,58.11,68.9,49.1,40.7,81.5,53.7,48.8,履歴少 / 近走上向き
202604030208,2026-08-23,8,パワースナッチ,11.0,8.0,津村,58.0,,10.0,3.0,2東京9,高尾特別(2勝クラス),3.0,3.0,3中山4,4歳以上2勝クラス,2.0,3.0,2中山1,4歳以上2勝クラス,3.0,9.0,5中山6,3歳以上2勝クラス,17.0,3.0,4東京2,tvk賞(2勝クラス),8.1,3.0,2026-08-22 23:55:30,jra,2026-08-23,46.82,59.9,32.5,59.3,27.5,49.8,48.8,履歴少
202601020208,2026-08-23,8,ピティロディア,6.0,6.0,Ｒヘルナン,58.0,,7.0,9.0,1札幌6,3歳以上1勝クラス,5.0,5.0,1札幌2,厚岸特別(1勝クラス),5.0,8.0,1函館6,臥牛山特別(1勝クラス),6.0,10.0,1新潟3,粟島特別(1勝クラス),6.0,13.0,1福島6,飯盛山特別(1勝クラス),119.0,10.0,2026-08-22 23:56:00,jra,2026-08-23,57.74,61.1,67.6,44.7,41.0,63.9,51.8,クラス条件好転 / 履歴少 / 人気以上に走る傾向
202601020208,2026-08-23,8,ブランヴァンダイク,3.0,3.0,小沢,55.0,,7.0,8.0,1函館5,3歳以上1勝クラス,1.0,10.0,1函館2,3歳未勝利,12.0,7.0,2阪神6,3歳未勝利,8.0,3.0,1京都7,3歳未勝利,2.0,6.0,5阪神6,2歳新馬,6.6,4.0,2026-08-22 23:56:00,jra,2026-08-23,53.03,59.0,58.7,35.3,42.5,58.6,48.8,履歴少
202607030208,2026-08-23,8,ベルピルエット,9.0,5.0,田口,56.0,,11.0,16.0,3京都10,4歳以上1勝クラス,11.0,5.0,1阪神9,4歳以上1勝クラス,1.0,1.0,名古屋,いっき・えりか結婚1(3歳),1.0,1.0,名古屋,3歳16組,11.0,12.0,4中京1,3歳未勝利,25.9,12.0,2026-08-23 00:08:25,jra,2026-08-23,35.69,26.3,50.9,14.2,20.0,50.9,48.8,地方実績を中央換算 / 前走人気以上 / 履歴少
202604030208,2026-08-23,8,ホウオウシェリー,12.0,8.0,坂井,56.0,,3.0,3.0,2東京6,4歳以上2勝クラス,2.0,5.0,2東京2,4歳以上2勝クラス,11.0,6.0,2中山4,4歳以上2勝クラス,5.0,6.0,1東京6,4歳以上2勝クラス,4.0,7.0,5中京2,志摩特別(2勝クラス),9.6,5.0,2026-08-22 23:55:30,jra,2026-08-23,62.85,70.2,51.5,80.2,65.0,60.9,48.8,履歴少 / 近走上向き / 安定感
202601020208,2026-08-23,8,マイネルシンベリン,9.0,7.0,丹内,55.0,,3.0,2.0,1札幌6,石狩特別(1勝クラス),2.0,2.0,1函館11,湯浜特別(1勝クラス),5.0,6.0,2東京5,3歳1勝クラス,5.0,1.0,1福島3,ひめさゆり賞(1勝クラス),8.0,13.0,2中山6,フジTVスプリングS(GII),3.5,1.0,2026-08-22 23:56:00,jra,2026-08-23,64.0,76.4,48.8,89.7,62.0,56.0,48.8,履歴少 / 安定感
202604030208,2026-08-23,8,マンウォル,3.0,3.0,菊沢,56.0,,10.0,11.0,2福島4,郡山特別(2勝クラス),8.0,8.0,2東京8,テレ玉杯(2勝クラス),10.0,13.0,1東京8,4歳以上2勝クラス,13.0,9.0,5東京6,3歳以上2勝クラス,4.0,8.0,4東京9,三鷹特別(2勝クラス),80.2,11.0,2026-08-22 23:55:30,jra,2026-08-23,41.29,33.4,55.1,10.3,42.5,53.5,48.8,履歴少
202604030208,2026-08-23,8,ユキノエミリオ,9.0,7.0,木幡初,58.0,,14.0,13.0,3東京5,相模湖特別(2勝クラス),3.0,16.0,3東京1,テレビ山梨杯(2勝クラス),15.0,16.0,1阪神3,4歳以上2勝クラス,18.0,13.0,1京都6,4歳以上2勝クラス,15.0,11.0,5中山7,ベストウィッシュC(2勝クラス),24.9,9.0,2026-08-22 23:55:30,jra,2026-08-23,41.77,20.9,63.9,24.9,42.5,54.3,48.8,履歴少
202607030208,2026-08-23,8,ラッキーバック,8.0,4.0,亀田,56.0,,16.0,8.0,3阪神6,3歳以上1勝クラス,14.0,9.0,2阪神6,3歳1勝クラス,5.0,6.0,1阪神2,3歳1勝クラス,4.0,5.0,1京都4,3歳1勝クラス,1.0,1.0,4京都7,2歳未勝利,18.5,9.0,2026-08-23 00:08:25,jra,2026-08-23,33.08,34.9,26.7,44.7,0.0,47.8,48.8,履歴少 / 市場オッズ妙味
202604030208,2026-08-23,8,ラパンチュール,7.0,6.0,田辺,56.0,,5.0,2.0,2福島4,郡山特別(2勝クラス),5.0,1.0,1函館3,STV杯(2勝クラス),4.0,1.0,5東京2,3歳以上2勝クラス,4.0,1.0,1函館8,立待岬特別(2勝クラス),1.0,1.0,1函館1,3歳以上1勝クラス,2.8,1.0,2026-08-22 23:55:30,jra,2026-08-23,56.02,74.1,29.4,100.0,41.0,45.9,48.8,履歴少 / 安定感
202601020208,2026-08-23,8,ララオウ,5.0,5.0,▲小林美,50.0,,9.0,6.0,3京都3,矢車賞(1勝クラス),1.0,8.0,1福島3,3歳未勝利,,,,,,,,,,,,,10.4,7.0,2026-08-22 23:56:00,jra,2026-08-23,46.45,53.7,51.3,31.7,19.1,58.1,48.8,履歴少 / サンプル少
202607030208,2026-08-23,8,リトムテール,1.0,1.0,田山,56.0,,14.0,11.0,2阪神7,4歳以上1勝クラス,9.0,13.0,1京都8,4歳以上1勝クラス,1.0,1.0,門別,静内ロータリークラブ(C3),2.0,1.0,門別,優駿の里安平町あびら(C3),2.0,2.0,門別,リアトリス特別(C3),52.4,16.0,2026-08-23 00:08:25,jra,2026-08-23,35.78,27.1,50.1,19.7,20.0,50.9,42.8,地方実績を中央換算 / 地方実績中心 / 履歴少
202604030208,2026-08-23,8,レイククレセント,8.0,6.0,北村友,56.0,,3.0,9.0,3東京5,相模湖特別(2勝クラス),6.0,2.0,2東京2,4歳以上2勝クラス,13.0,2.0,2中山4,4歳以上2勝クラス,5.0,4.0,1東京8,4歳以上2勝クラス,3.0,3.0,5阪神5,3歳以上2勝クラス,9.5,4.0,2026-08-22 23:55:30,jra,2026-08-23,53.9,59.9,39.6,55.3,72.5,53.1,48.8,前走人気以上 / 履歴少 / 近走上向き
202607030208,2026-08-23,8,ワイルドブッター,4.0,2.0,高倉,58.0,,4.0,15.0,2中京6,3歳以上1勝クラス,10.0,15.0,2中京2,3歳以上1勝クラス,7.0,12.0,3京都7,4歳以上1勝クラス,15.0,13.0,1新潟1,4歳以上1勝クラス,14.0,13.0,1京都9,4歳以上1勝クラス,19.1,10.0,2026-08-23 00:08:25,jra,2026-08-23,61.08,40.4,86.3,30.4,95.0,65.4,48.8,前走人気以上 / 履歴少 / 人気以上に走る傾向 / 近走上向き
202607030208,2026-08-23,8,ヴェルジーネ,2.0,1.0,国分恭,54.0,,2.0,5.0,2中京3,3歳以上1勝クラス,1.0,5.0,1中京3,3歳未勝利,8.0,5.0,1京都7,3歳未勝利,6.0,7.0,5中京6,2歳新馬,,,,,5.7,2.0,2026-08-23 00:08:25,jra,2026-08-23,64.98,78.4,61.4,55.3,68.0,61.5,48.8,前走人気以上 / 履歴少 / 近走上向き
202601020209,2026-08-23,9,アドミラルシップ,1.0,1.0,レーン,58.0,,3.0,3.0,1札幌3,3歳以上1勝クラス,4.0,4.0,1函館11,湯浜特別(1勝クラス),4.0,6.0,3東京5,3歳以上1勝クラス,7.0,2.0,2東京8,4歳以上1勝クラス,11.0,2.0,1福島6,飯盛山特別(1勝クラス),6.7,4.0,2026-08-23 00:33:30,jra,2026-08-23,58.98,69.1,41.1,75.1,71.0,50.3,51.8,クラス条件好転 / 履歴少 / 近走上向き / 安定感
202607030209,2026-08-23,9,アルヴィア,3.0,3.0,上野,60.0,,3.0,1.0,3阪神2,障害3歳以上未勝利,2.0,1.0,1新潟6,障害4歳以上未勝利,5.0,10.0,3京都2,障害4歳以上未勝利,10.0,14.0,1東京8,4歳以上1勝クラス,8.0,17.0,5中京3,3歳以上1勝クラス,5.0,2.0,2026-08-22 23:43:45,jra,2026-08-23,66.06,70.5,61.5,75.1,69.5,66.6,48.8,履歴少 / 近走上向き / 安定感 / 過小評価傾向
202601020209,2026-08-23,9,エイシンインアウト,13.0,8.0,横山琉,55.0,,1.0,3.0,1函館8,3歳未勝利,4.0,4.0,1函館4,3歳未勝利,5.0,2.0,1阪神1,3歳未勝利,4.0,6.0,1小倉4,3歳未勝利,3.0,10.0,1京都5,3歳新馬,8.4,5.0,2026-08-23 00:33:30,jra,2026-08-23,70.87,82.5,57.2,100.0,68.0,64.3,48.8,履歴少 / 近走上向き / 安定感
202601020209,2026-08-23,9,エチゴドラゴン,5.0,4.0,武豊,55.0,,5.0,3.0,3京都7,あずさ賞(1勝クラス),3.0,2.0,2阪神7,3歳1勝クラス,5.0,8.0,1阪神9,若葉S(L),1.0,1.0,4阪神6,2歳未勝利,2.0,3.0,4中京3,2歳未勝利,4.2,2.0,2026-08-23 00:33:30,jra,2026-08-23,63.09,79.1,48.9,100.0,36.5,56.8,48.8,履歴少 / 安定感
202604030209,2026-08-23,9,エフエイト,14.0,8.0,丸山,58.0,,8.0,10.0,3東京6,3歳以上1勝クラス,8.0,5.0,3中山8,4歳以上1勝クラス,7.0,9.0,1阪神3,4歳以上1勝クラス,7.0,1.0,5中山8,3歳以上1勝クラス,2.0,6.0,5中山3,3歳以上1勝クラス,26.4,9.0,2026-08-23 00:33:00,jra,2026-08-23,44.38,51.7,48.6,10.3,38.0,54.1,48.8,履歴少 / 市場オッズ妙味
202604030209,2026-08-23,9,カサブランカキッド,3.0,2.0,坂井,58.0,,4.0,3.0,川崎,ジューンスター賞(B2B3),6.0,5.0,2東京6,4歳以上1勝クラス,4.0,10.0,3中山8,4歳以上1勝クラス,8.0,12.0,2京都5,4歳以上1勝クラス,4.0,8.0,川崎,フェブラリースター賞(B2B3),38.4,12.0,2026-08-23 00:33:00,jra,2026-08-23,53.34,49.1,61.1,38.8,59.0,59.4,48.8,地方実績を中央換算 / 履歴少
202604030209,2026-08-23,9,カセノアステリア,12.0,7.0,津村,54.0,,7.0,5.0,2東京12,3歳1勝クラス,13.0,3.0,1東京3,3歳1勝クラス,1.0,1.0,5東京3,2歳未勝利,2.0,3.0,4東京6,2歳未勝利,3.0,6.0,4東京2,2歳未勝利,6.4,3.0,2026-08-23 00:33:00,jra,2026-08-23,45.98,58.7,31.5,44.7,36.5,52.7,48.8,履歴少
202604030209,2026-08-23,9,カンレイスター,6.0,4.0,石川,54.0,,2.0,9.0,2新潟4,3歳以上1勝クラス,10.0,4.0,2福島4,3歳以上1勝クラス,6.0,5.0,3東京6,3歳以上1勝クラス,1.0,1.0,3中山3,3歳未勝利,2.0,2.0,2中山6,3歳未勝利,14.4,6.0,2026-08-23 00:33:00,jra,2026-08-23,60.66,70.9,53.0,55.3,66.5,61.4,48.8,前走人気以上 / 履歴少 / 近走上向き / 市場オッズ妙味
202607030209,2026-08-23,9,グラウンドビート,2.0,2.0,伴,60.0,,8.0,11.0,1東京5,銀蹄S(3勝クラス),4.0,10.0,5東京7,シャングリラS(3勝クラス),10.0,10.0,4東京2,赤富士S(3勝クラス),6.0,7.0,1札幌2,ポプラS(3勝クラス),6.0,8.0,2東京12,薫風S(3勝クラス),10.7,3.0,2026-08-22 23:43:45,jra,2026-08-23,53.36,52.8,69.3,24.9,41.0,65.4,48.8,前走人気以上 / 履歴少 / 人気以上に走る傾向 / 過小評価傾向
202601020209,2026-08-23,9,グランツローゼ,4.0,4.0,河原田,56.0,,9.0,10.0,1札幌6,3歳以上1勝クラス,6.0,12.0,1新潟5,石打特別(1勝クラス),5.0,12.0,1新潟2,4歳以上1勝クラス,11.0,14.0,1東京6,4歳以上1勝クラス,17.0,17.0,1中山5,4歳以上1勝クラス,28.8,11.0,2026-08-23 00:33:30,jra,2026-08-23,52.94,42.2,75.3,19.8,54.5,63.9,51.8,クラス条件好転 / 履歴少 / 人気以上に走る傾向 / 市場オッズ妙味
202601020209,2026-08-23,9,サイン,9.0,6.0,岩田望,55.0,,5.0,2.0,1函館9,北斗特別(1勝クラス),2.0,4.0,3阪神4,3歳以上1勝クラス,6.0,6.0,1福島3,ひめさゆり賞(1勝クラス),9.0,8.0,2京都1,3歳1勝クラス,6.0,8.0,1京都3,3歳1勝クラス,17.6,8.0,2026-08-23 00:33:30,jra,2026-08-23,57.15,66.9,47.5,55.3,54.5,64.0,48.8,履歴少 / 市場オッズ妙味
202607030209,2026-08-23,9,サトノドルチェ,1.0,1.0,大江圭,60.0,,8.0,10.0,2中京3,障害3歳以上未勝利,7.0,4.0,園田,C2一,3.0,6.0,姫路,C2一,4.0,2.0,姫路,C2一,2.0,3.0,姫路,C2一,22.7,7.0,2026-08-22 23:43:45,jra,2026-08-23,38.92,30.6,53.2,17.1,33.0,52.3,42.8,地方実績を中央換算 / 地方実績中心 / 履歴少
202604030209,2026-08-23,9,シルバードン,1.0,1.0,石橋脩,58.0,,11.0,15.0,2東京9,4歳以上1勝クラス,9.0,12.0,3中山4,4歳以上1勝クラス,10.0,10.0,2中山7,4歳以上1勝クラス,12.0,7.0,5東京6,3歳以上1勝クラス,6.0,3.0,3新潟2,3歳以上1勝クラス,93.3,15.0,2026-08-23 00:33:00,jra,2026-08-23,38.19,28.5,56.5,0.0,39.5,50.3,48.8,前走人気以上 / 履歴少
202607030209,2026-08-23,9,シークレットキー,7.0,7.0,小野寺,60.0,,8.0,8.0,2小倉3,障害3歳以上未勝利,9.0,6.0,1新潟1,障害4歳以上未勝利,6.0,9.0,1小倉5,障害4歳以上未勝利,15.0,14.0,5阪神6,御影S(3勝クラス),12.0,12.0,3京都8,長岡京S(3勝クラス),11.9,4.0,2026-08-22 23:43:45,jra,2026-08-23,41.39,35.4,47.9,0.0,65.0,52.1,48.8,履歴少 / 近走上向き
202601020209,2026-08-23,9,ジャケットポケット,8.0,6.0,岩田康,55.0,,1.0,4.0,1函館3,3歳未勝利,10.0,3.0,2東京9,3歳未勝利,6.0,2.0,1福島3,3歳未勝利,4.0,3.0,2中山8,3歳未勝利,3.0,5.0,5中山4,2歳未勝利,12.7,6.0,2026-08-23 00:33:30,jra,2026-08-23,57.51,69.0,39.1,55.3,78.5,56.3,48.8,前走人気以上 / 履歴少 / 近走上向き / 市場オッズ妙味
202604030209,2026-08-23,9,ダイユウファリーナ,10.0,6.0,▲佐藤,55.0,,12.0,15.0,4東京5,3歳以上1勝クラス,6.0,3.0,船橋,C2二　三,5.0,2.0,船橋,C2二　三,1.0,1.0,船橋,C2四　五六　ウ(C2五),2.0,1.0,船橋,C2四　五,87.1,14.0,2026-08-23 00:33:00,jra,2026-08-23,34.42,23.2,51.8,17.1,20.0,48.3,42.8,地方実績を中央換算 / 前走人気以上 / 地方実績中心 / 履歴少
202601020209,2026-08-23,9,ダノンシーホーク,12.0,8.0,松本,55.0,,4.0,5.0,2東京7,3歳1勝クラス,1.0,10.0,2阪神8,3歳未勝利,11.0,8.0,1小倉4,3歳未勝利,9.0,6.0,4京都5,2歳未勝利,,4.0,2小倉4,2歳新馬,28.0,10.0,2026-08-23 00:33:30,jra,2026-08-23,60.72,63.8,61.8,55.3,68.0,59.5,48.8,履歴少 / 近走上向き / 市場オッズ妙味
202604030209,2026-08-23,9,ティピティーナ,11.0,6.0,伊藤,56.0,,2.0,7.0,1新潟6,4歳以上1勝クラス,11.0,9.0,1新潟4,4歳以上1勝クラス,3.0,5.0,3中山2,4歳以上1勝クラス,14.0,6.0,1中京2,4歳以上1勝クラス,10.0,3.0,3福島2,3歳以上1勝クラス,18.8,7.0,2026-08-23 00:33:00,jra,2026-08-23,55.98,52.4,46.7,50.2,95.0,55.8,48.8,前走人気以上 / 履歴少 / 近走上向き / 市場オッズ妙味
202601020209,2026-08-23,9,デルシエロ,3.0,3.0,丹内,58.0,,4.0,3.0,1札幌6,3歳以上1勝クラス,4.0,2.0,1札幌2,厚岸特別(1勝クラス),2.0,4.0,1函館9,北斗特別(1勝クラス),3.0,8.0,2小倉1,八代特別(1勝クラス),5.0,5.0,2阪神4,4歳以上1勝クラス,15.6,7.0,2026-08-23 00:33:30,jra,2026-08-23,66.62,79.5,52.3,100.0,47.0,64.3,51.8,クラス条件好転 / 履歴少 / 安定感 / 市場オッズ妙味
202601020209,2026-08-23,9,ドーギッド,7.0,5.0,小沢,56.0,,5.0,8.0,1札幌6,石狩特別(1勝クラス),6.0,8.0,1札幌3,3歳以上1勝クラス,9.0,11.0,1新潟7,尖閣湾特別(1勝クラス),5.0,7.0,1新潟3,粟島特別(1勝クラス),6.0,6.0,3京都2,4歳以上1勝クラス,27.2,9.0,2026-08-23 00:33:30,jra,2026-08-23,58.06,58.9,64.7,45.0,59.0,62.1,48.8,前走人気以上 / 履歴少 / 市場オッズ妙味
202604030209,2026-08-23,9,ハヌル,4.0,3.0,江田照,56.0,,4.0,10.0,2新潟4,3歳以上1勝クラス,13.0,14.0,2東京1,4歳以上1勝クラス,8.0,10.0,3中山6,4歳以上1勝クラス,4.0,14.0,3中山2,4歳以上1勝クラス,11.0,11.0,2中山6,4歳以上1勝クラス,19.8,8.0,2026-08-23 00:33:00,jra,2026-08-23,61.24,45.9,77.5,45.0,80.0,70.8,48.8,前走人気以上 / 履歴少 / 人気以上に走る傾向 / 近走上向き
202601020209,2026-08-23,9,ハルフロンティア,2.0,2.0,松山,58.0,,1.0,8.0,1函館9,北斗特別(1勝クラス),7.0,6.0,1函館6,臥牛山特別(1勝クラス),3.0,2.0,3京都9,4歳以上1勝クラス,3.0,4.0,3京都2,4歳以上1勝クラス,6.0,4.0,2阪神4,4歳以上1勝クラス,6.4,3.0,2026-08-23 00:33:30,jra,2026-08-23,66.49,78.4,61.3,64.7,72.5,60.5,48.8,前走人気以上 / 履歴少 / 近走上向き / 安定感
202607030209,2026-08-23,9,バトラーズワーフ,6.0,6.0,△坂口,58.0,,10.0,11.0,5中京2,3歳以上1勝クラス,10.0,9.0,5東京4,3歳以上1勝クラス,11.0,2.0,2札幌3,3歳未勝利,14.0,3.0,1札幌3,3歳未勝利,2.0,5.0,1函館10,3歳未勝利,17.2,5.0,2026-08-22 23:43:45,jra,2026-08-23,32.51,28.9,28.9,10.3,45.5,42.1,48.8,履歴少 / 市場オッズ妙味
202604030209,2026-08-23,9,バルジール,13.0,7.0,田辺,58.0,,9.0,5.0,1新潟7,4歳以上1勝クラス,3.0,5.0,1新潟2,4歳以上1勝クラス,3.0,8.0,1福島1,4歳以上1勝クラス,14.0,2.0,1中山3,4歳以上1勝クラス,1.0,1.0,船橋,馬い!熊本菊池生ごぼ(C2),11.4,5.0,2026-08-23 00:33:00,jra,2026-08-23,46.11,53.1,39.6,49.3,27.5,54.5,48.8,履歴少
202607030209,2026-08-23,9,ブルーセルリアン,5.0,5.0,▲井上,57.0,,8.0,10.0,2小倉8,障害3歳以上未勝利,9.0,11.0,3京都10,障害3歳以上未勝利,14.0,15.0,4阪神4,3歳未勝利,13.0,13.0,3中京6,3歳未勝利,16.0,18.0,2京都1,3歳未勝利,26.4,8.0,2026-08-22 23:43:45,jra,2026-08-23,43.3,22.9,60.6,0.0,80.0,56.2,48.8,履歴少 / 近走上向き
202604030209,2026-08-23,9,ベルゼビュート,15.0,8.0,菊沢,56.0,,4.0,3.0,2新潟6,3歳以上1勝クラス,4.0,3.0,2福島7,3歳以上1勝クラス,4.0,2.0,2東京10,3歳1勝クラス,3.0,5.0,2東京4,3歳1勝クラス,1.0,6.0,1福島1,3歳未勝利,3.8,2.0,2026-08-23 00:33:00,jra,2026-08-23,64.29,79.6,49.0,100.0,44.0,57.6,48.8,履歴少 / 安定感
202604030209,2026-08-23,9,ホウオウルクソール,8.0,5.0,北村友,56.0,,5.0,3.0,2新潟3,3歳以上1勝クラス,14.0,4.0,2東京1,3歳1勝クラス,11.0,5.0,5中京6,寒椿賞(1勝クラス),5.0,4.0,5東京7,カトレアS(OP),1.0,2.0,4東京8,2歳新馬,3.6,1.0,2026-08-23 00:33:00,jra,2026-08-23,42.61,44.9,19.7,55.3,66.5,41.6,48.8,履歴少 / 近走上向き
202601020209,2026-08-23,9,マイネルマスター,6.0,5.0,ロイド,55.0,,9.0,5.0,1札幌3,3歳以上1勝クラス,5.0,3.0,2中山8,3歳1勝クラス,5.0,7.0,2中山1,水仙賞(1勝クラス),11.0,11.0,1中山9,若竹賞(1勝クラス),9.0,10.0,5中山1,葉牡丹賞(1勝クラス),29.7,12.0,2026-08-23 00:33:30,jra,2026-08-23,45.56,48.0,41.5,44.7,41.0,50.1,48.8,履歴少
202604030209,2026-08-23,9,マオノクラッシュ,9.0,5.0,コレット,56.0,,3.0,7.0,2新潟4,3歳以上1勝クラス,14.0,11.0,2東京1,4歳以上1勝クラス,11.0,2.0,3中山6,4歳以上1勝クラス,7.0,1.0,1小倉10,4歳以上1勝クラス,4.0,1.0,1小倉6,4歳以上1勝クラス,7.4,4.0,2026-08-23 00:33:00,jra,2026-08-23,46.64,44.9,32.5,40.7,86.0,44.1,48.8,前走人気以上 / 履歴少 / 近走上向き
202607030209,2026-08-23,9,メイショウゲキリン,4.0,4.0,小牧加,60.0,,8.0,1.0,3中山3,障害4歳以上未勝利,1.0,7.0,2京都2,八坂S(3勝クラス),5.0,7.0,1京都1,寿S(3勝クラス),9.0,11.0,5阪神4,オリオンS(3勝クラス),10.0,8.0,2京都6,烏丸S(3勝クラス),1.4,1.0,2026-08-22 23:43:45,jra,2026-08-23,51.08,59.9,48.9,44.7,39.5,52.1,51.8,クラス条件好転 / 履歴少
202601020209,2026-08-23,9,メイショウテンク,11.0,7.0,吉田隼,55.0,,2.0,1.0,1札幌6,3歳以上1勝クラス,10.0,3.0,1函館11,3歳以上1勝クラス,5.0,1.0,1函館5,3歳以上1勝クラス,5.0,12.0,3京都5,京都新聞杯(GII),4.0,3.0,2阪神7,3歳1勝クラス,4.1,1.0,2026-08-23 00:33:30,jra,2026-08-23,57.35,66.2,36.6,75.1,74.0,52.1,48.8,履歴少 / 近走上向き / 安定感
202607030209,2026-08-23,9,メイショウヘール,8.0,8.0,中村,60.0,,5.0,6.0,2中京4,障害3歳以上未勝利,9.0,15.0,2小倉2,西部日刊スポーツ杯(2勝クラス),6.0,3.0,1小倉9,障害4歳以上未勝利,4.0,6.0,1小倉4,障害4歳以上未勝利,12.0,11.0,5阪神3,赤穂特別(2勝クラス),17.6,6.0,2026-08-22 23:43:45,jra,2026-08-23,57.13,53.8,59.8,45.0,66.5,65.5,51.8,クラス条件好転 / 履歴少 / 近走上向き / 過小評価傾向
202601020209,2026-08-23,9,ユメシルベ,10.0,7.0,長浜,53.0,,12.0,13.0,2新潟4,五頭連峰特別(1勝クラス),11.0,8.0,2福島6,織姫賞(1勝クラス),5.0,6.0,3中山2,ミモザ賞(1勝クラス),4.0,7.0,2中山1,3歳1勝クラス,6.0,7.0,1中山9,若竹賞(1勝クラス),66.9,13.0,2026-08-23 00:33:30,jra,2026-08-23,41.95,39.4,52.1,34.3,17.0,52.9,48.8,履歴少
202604030209,2026-08-23,9,リアライズタキオン,2.0,2.0,嶋田,56.0,,12.0,8.0,2東京10,3歳1勝クラス,15.0,5.0,2東京1,3歳1勝クラス,1.0,4.0,1東京5,3歳未勝利,6.0,2.0,5東京7,2歳未勝利,2.0,3.0,4東京10,2歳未勝利,35.8,11.0,2026-08-23 00:33:00,jra,2026-08-23,33.75,41.7,24.8,30.1,14.0,42.6,48.8,履歴少
202604030209,2026-08-23,9,リッチハンター,7.0,4.0,△石田,56.0,,11.0,14.0,3東京2,3歳以上1勝クラス,11.0,13.0,1新潟3,4歳以上1勝クラス,12.0,12.0,3中山8,4歳以上1勝クラス,7.0,9.0,1中京1,4歳以上1勝クラス,11.0,11.0,1東京2,4歳以上1勝クラス,52.2,13.0,2026-08-23 00:33:00,jra,2026-08-23,39.42,23.1,61.9,0.0,45.5,55.5,48.8,前走人気以上 / 履歴少
202604030209,2026-08-23,9,ワンモメンタム,5.0,3.0,原,56.0,,13.0,7.0,2東京4,3歳1勝クラス,1.0,2.0,川崎,マーチフラワー賞(3歳),6.0,1.0,1札幌6,2歳未勝利,4.0,2.0,3東京5,2歳新馬,,,,,28.4,10.0,2026-08-23 00:33:00,jra,2026-08-23,31.28,39.5,26.6,25.8,0.0,41.9,48.8,履歴少
202601020210,2026-08-23,10,アオハルブルース,11.0,7.0,吉村智,56.0,,1.0,1.0,1函館8,3歳以上1勝クラス,3.0,1.0,1函館2,3歳以上1勝クラス,1.0,1.0,3中山3,3歳未勝利,2.0,2.0,2中山5,3歳未勝利,16.0,2.0,1中山5,3歳未勝利,7.7,5.0,2026-08-23 00:05:00,jra,2026-08-23,64.03,84.5,36.4,89.7,77.0,48.3,48.8,履歴少 / 近走上向き / 安定感
202607030210,2026-08-23,10,アビル,13.0,8.0,西村淳,57.0,,7.0,4.0,2阪神7,3歳未勝利,6.0,1.0,1阪神5,3歳未勝利,2.0,1.0,2京都3,3歳未勝利,2.0,2.0,5阪神5,2歳新馬,,,,,4.3,2.0,2026-08-23 00:17:25,jra,2026-08-23,46.04,69.5,31.6,34.3,28.0,47.3,48.8,履歴少
202607030210,2026-08-23,10,アルダ,3.0,3.0,鮫島駿,57.0,,10.0,8.0,2阪神5,3歳未勝利,11.0,7.0,1京都6,3歳未勝利,10.0,6.0,1京都2,3歳未勝利,14.0,2.0,3京都9,2歳新馬,,,,,9.2,4.0,2026-08-23 00:17:25,jra,2026-08-23,27.09,21.2,17.6,0.0,60.0,34.6,48.8,履歴少
202604030210,2026-08-23,10,イモータリス,11.0,8.0,嶋田,55.0,,3.0,3.0,2福島5,3歳以上1勝クラス,3.0,1.0,3中山3,山吹賞(1勝クラス),1.0,3.0,1中山2,3歳未勝利,2.0,3.0,5中山1,2歳新馬,,,,,13.9,8.0,2026-08-23 00:08:55,jra,2026-08-23,66.84,88.8,50.3,89.7,44.0,64.1,48.8,履歴少 / 安定感 / 市場オッズ妙味
202604030210,2026-08-23,10,ウィンスタンリー,7.0,6.0,コレット,58.0,,9.0,7.0,2東京10,4歳以上1勝クラス,8.0,3.0,1函館6,臥牛山特別(1勝クラス),1.0,1.0,2東京3,3歳未勝利,3.0,5.0,2中山3,3歳未勝利,8.0,1.0,5中山5,2歳未勝利,11.3,6.0,2026-08-23 00:08:55,jra,2026-08-23,43.94,58.5,34.0,34.3,26.0,49.9,51.8,クラス条件好転 / 履歴少
202601020210,2026-08-23,10,ウインハルモニア,14.0,8.0,横山典,56.0,,7.0,11.0,1札幌6,富良野特別(2勝クラス),10.0,10.0,2福島7,米沢特別(2勝クラス),1.0,1.0,笠松,金華山特別(B),1.0,1.0,笠松,春宵月特別(AB),2.0,1.0,笠松,B4組,24.4,11.0,2026-08-23 00:05:00,jra,2026-08-23,44.86,43.2,58.2,22.6,34.5,54.8,42.8,地方実績を中央換算 / 前走人気以上 / 地方実績中心 / 履歴少
202607030210,2026-08-23,10,エクスマウス,5.0,4.0,田口,55.0,,8.0,14.0,2小倉3,3歳未勝利,14.0,11.0,3京都3,3歳未勝利,13.0,9.0,2阪神3,3歳未勝利,9.0,8.0,5中山5,2歳新馬,,,,,13.6,7.0,2026-08-23 00:17:25,jra,2026-08-23,39.26,21.7,51.1,0.0,74.0,51.3,48.8,前走人気以上 / 履歴少 / 近走上向き / 市場オッズ妙味
202604030210,2026-08-23,10,オルグジェシダ,3.0,3.0,坂井,56.0,,2.0,2.0,2新潟1,3歳以上1勝クラス,11.0,3.0,3東京6,3歳以上1勝クラス,2.0,1.0,1東京1,4歳以上1勝クラス,2.0,3.0,5東京6,3歳以上1勝クラス,1.0,1.0,4中山5,3歳未勝利,6.5,3.0,2026-08-23 00:08:55,jra,2026-08-23,58.24,74.9,35.7,75.1,62.0,52.8,48.8,履歴少 / 安定感
202601020210,2026-08-23,10,オーロラアーク,5.0,4.0,Ｒヘルナン,56.0,,11.0,16.0,2東京10,三峰山特別(2勝クラス),15.0,16.0,2東京5,4歳以上2勝クラス,10.0,12.0,川崎,ブルートシュタインチ(A2B1),14.0,12.0,4新潟1,妙高特別(2勝クラス),10.0,12.0,4中山2,浦安特別(2勝クラス),96.9,14.0,2026-08-23 00:05:00,jra,2026-08-23,38.26,12.2,63.4,0.0,57.5,56.1,48.8,前走人気以上 / 履歴少
202601020210,2026-08-23,10,カスバートテソーロ,10.0,6.0,ナレドゥ,56.0,,3.0,8.0,1札幌3,大倉山特別(2勝クラス),11.0,9.0,1福島6,尾瀬特別(2勝クラス),1.0,4.0,1福島2,4歳以上1勝クラス,11.0,7.0,1東京1,4歳以上1勝クラス,10.0,3.0,1中山5,4歳以上1勝クラス,10.0,7.0,2026-08-23 00:05:00,jra,2026-08-23,56.81,56.1,52.1,50.2,81.5,56.5,48.8,前走人気以上 / 履歴少 / 近走上向き
202604030210,2026-08-23,10,キョウエイグッド,12.0,8.0,津村,58.0,,5.0,8.0,3東京4,3歳以上1勝クラス,6.0,7.0,2東京12,4歳以上1勝クラス,8.0,8.0,3京都9,4歳以上1勝クラス,13.0,4.0,1東京6,4歳以上1勝クラス,5.0,5.0,1中山6,4歳以上1勝クラス,23.6,10.0,2026-08-23 00:08:55,jra,2026-08-23,51.63,51.9,48.9,40.7,68.0,53.0,48.8,前走人気以上 / 履歴少 / 近走上向き / 市場オッズ妙味
202607030210,2026-08-23,10,ギレイ,2.0,2.0,☆田山,56.0,,6.0,6.0,2新潟8,3歳未勝利,12.0,6.0,3阪神5,3歳未勝利,8.0,11.0,2阪神7,3歳未勝利,5.0,4.0,2阪神2,3歳未勝利,6.0,8.0,1阪神6,3歳未勝利,19.3,9.0,2026-08-23 00:17:25,jra,2026-08-23,45.06,46.0,44.1,14.6,60.5,55.0,48.8,履歴少 / 市場オッズ妙味
202604030210,2026-08-23,10,クラウドセイル,2.0,2.0,▲佐藤,55.0,,9.0,9.0,1新潟2,4歳以上1勝クラス,10.0,10.0,1中京5,4歳以上1勝クラス,8.0,12.0,1中山5,4歳以上1勝クラス,3.0,15.0,5中京5,ヤングJSFR中京1(1勝クラス),10.0,11.0,4東京2,3歳以上1勝クラス,128.8,12.0,2026-08-23 00:08:55,jra,2026-08-23,48.54,41.8,68.5,14.6,42.5,62.0,48.8,履歴少 / 人気以上に走る傾向
202601020210,2026-08-23,10,クリノラピダス,2.0,2.0,Ｍヴェロン,58.0,,12.0,13.0,3京都5,4歳以上2勝クラス,13.0,14.0,2阪神7,吹田特別(2勝クラス),5.0,6.0,高知,はりまや盃(A),13.0,16.0,1阪神2,4歳以上2勝クラス,12.0,15.0,1小倉2,響灘特別(2勝クラス),45.1,12.0,2026-08-23 00:05:00,jra,2026-08-23,37.13,12.5,59.7,8.9,42.5,56.8,51.8,クラス条件好転 / 履歴少
202607030210,2026-08-23,10,グランセンチュリ,7.0,5.0,加藤,57.0,,15.0,11.0,2中京6,3歳未勝利,,,,,,,,,,,,,,,,,103.6,13.0,2026-08-23 00:17:25,jra,2026-08-23,34.96,29.6,34.5,29.6,40.6,36.2,48.8,履歴少 / サンプル少
202607030210,2026-08-23,10,サトノディヴァイン,4.0,3.0,菱田,57.0,,11.0,6.0,2中京8,3歳未勝利,7.0,14.0,3阪神5,3歳未勝利,,,,,,,,,,,,,16.9,8.0,2026-08-23 00:17:25,jra,2026-08-23,39.9,36.9,47.1,18.0,32.3,52.5,48.8,履歴少 / サンプル少 / 市場オッズ妙味
202607030210,2026-08-23,10,サラサキングスター,9.0,6.0,▲森田,54.0,,5.0,5.0,船橋,ナティビット特別(3歳C1),11.0,11.0,2小倉3,3歳未勝利,15.0,6.0,1中京5,3歳未勝利,,,,,,,,,103.6,14.0,2026-08-23 00:17:25,jra,2026-08-23,38.87,22.6,33.4,17.6,98.0,41.2,48.8,履歴少 / 近走上向き
202604030210,2026-08-23,10,スペードギニー,8.0,6.0,菊沢,58.0,,10.0,10.0,3東京5,3歳以上1勝クラス,6.0,11.0,1福島1,浄土平特別(1勝クラス),1.0,1.0,金沢,☆凛太郎くん☆1歳お(C1),1.0,1.0,金沢,天秤ひなみ6thAn(C1特別),2.0,2.0,盛岡,赤平金剛賞(C1),14.2,9.0,2026-08-23 00:08:55,jra,2026-08-23,43.24,41.5,58.7,20.2,22.5,56.8,44.6,地方実績を中央換算 / クラス条件好転 / 地方実績中心 / 履歴少
202601020210,2026-08-23,10,セイントホース,4.0,3.0,横山武,56.0,,1.0,6.0,1札幌4,3歳以上1勝クラス,4.0,6.0,1阪神4,3歳1勝クラス,7.0,11.0,2京都1,3歳1勝クラス,1.0,1.0,1京都3,3歳未勝利,4.0,3.0,5阪神6,2歳未勝利,12.1,8.0,2026-08-23 00:05:00,jra,2026-08-23,71.87,82.1,68.9,80.2,68.0,69.2,48.8,前走人気以上 / 履歴少 / 人気以上に走る傾向 / 近走上向き
202607030210,2026-08-23,10,セキゾウ,8.0,5.0,藤懸,57.0,,14.0,12.0,3阪神2,3歳未勝利,,,,,,,,,,,,,,,,,83.8,11.0,2026-08-23 00:17:25,jra,2026-08-23,36.0,29.6,37.6,29.6,40.6,38.4,48.8,履歴少 / サンプル少
202607030210,2026-08-23,10,ドリームゴーズオン,1.0,1.0,長岡,57.0,,8.0,12.0,1新潟8,3歳未勝利,8.0,15.0,3京都3,3歳未勝利,8.0,10.0,1京都6,3歳未勝利,16.0,15.0,5阪神8,2歳新馬,,,,,103.6,12.0,2026-08-23 00:17:25,jra,2026-08-23,49.62,36.8,75.1,0.0,66.0,60.7,48.8,前走人気以上 / 履歴少 / 人気以上に走る傾向 / 近走上向き
202601020210,2026-08-23,10,ハイクオリティ,3.0,3.0,フーリー,58.0,,5.0,3.0,1札幌1,桑園特別(2勝クラス),2.0,2.0,2福島1,いわき特別(2勝クラス),1.0,1.0,1新潟3,4歳以上1勝クラス,2.0,1.0,1福島3,4歳以上1勝クラス,4.0,2.0,1阪神3,4歳以上1勝クラス,8.0,6.0,2026-08-23 00:05:00,jra,2026-08-23,62.76,84.6,43.3,100.0,33.5,55.6,48.8,履歴少 / 安定感
202601020210,2026-08-23,10,ハヤブサオヒメサマ,8.0,5.0,松山,56.0,,4.0,4.0,1札幌3,大倉山特別(2勝クラス),1.0,9.0,1函館1,3歳以上1勝クラス,6.0,13.0,1福島5,4歳以上1勝クラス,9.0,10.0,1中京2,4歳以上1勝クラス,14.0,8.0,1京都5,4歳以上1勝クラス,7.4,4.0,2026-08-23 00:05:00,jra,2026-08-23,64.25,65.1,70.3,55.3,71.0,65.0,48.8,履歴少 / 人気以上に走る傾向 / 近走上向き / 過小評価傾向
202601020210,2026-08-23,10,ヒミノエトワール,9.0,6.0,ロイド,56.0,,1.0,1.0,1函館10,3歳以上1勝クラス,4.0,2.0,1函館6,3歳以上1勝クラス,7.0,2.0,3京都5,4歳以上1勝クラス,9.0,1.0,2阪神1,4歳以上1勝クラス,3.0,1.0,1中京2,4歳以上1勝クラス,15.6,9.0,2026-08-23 00:05:00,jra,2026-08-23,57.34,73.5,30.0,65.7,78.5,52.7,48.8,履歴少 / 近走上向き / 安定感 / 市場オッズ妙味
202601020210,2026-08-23,10,ヒルノピレネー,12.0,7.0,川田,58.0,,6.0,10.0,1札幌1,桑園特別(2勝クラス),12.0,7.0,1福島2,喜多方特別(2勝クラス),10.0,8.0,3京都4,円山特別(2勝クラス),5.0,10.0,4阪神8,3歳以上2勝クラス,10.0,12.0,2京都9,オーストラリアT(2勝クラス),22.7,10.0,2026-08-23 00:05:00,jra,2026-08-23,46.5,39.6,53.6,14.6,69.5,54.3,48.8,前走人気以上 / 履歴少 / 近走上向き
202607030210,2026-08-23,10,ブクブクー,14.0,8.0,渡辺竜,57.0,,6.0,12.0,2小倉3,3歳未勝利,7.0,7.0,1阪神10,3歳未勝利,6.0,7.0,1阪神6,3歳未勝利,6.0,10.0,1京都9,3歳未勝利,12.0,9.0,1京都4,3歳未勝利,22.8,10.0,2026-08-23 00:17:25,jra,2026-08-23,51.23,53.0,66.1,0.0,60.5,59.9,48.8,前走人気以上 / 履歴少 / 人気以上に走る傾向 / 市場オッズ妙味
202607030210,2026-08-23,10,ボクサークラブ,10.0,6.0,松若,57.0,,5.0,7.0,2中京1,3歳未勝利,8.0,4.0,3阪神2,3歳未勝利,7.0,2.0,2東京5,3歳未勝利,5.0,6.0,2阪神7,3歳未勝利,4.0,5.0,2阪神2,3歳未勝利,12.9,6.0,2026-08-23 00:17:25,jra,2026-08-23,53.12,59.7,42.1,55.3,56.0,57.6,48.8,履歴少 / 市場オッズ妙味
202604030210,2026-08-23,10,マイネルモメンタム,10.0,7.0,石川,58.0,,2.0,6.0,2福島5,3歳以上1勝クラス,8.0,6.0,1函館4,3歳以上1勝クラス,5.0,7.0,1函館1,奥尻特別(1勝クラス),4.0,8.0,1新潟7,尖閣湾特別(1勝クラス),12.0,10.0,1中京6,4歳以上1勝クラス,10.3,5.0,2026-08-23 00:08:55,jra,2026-08-23,63.98,64.7,60.4,64.7,81.5,63.8,48.8,前走人気以上 / 履歴少 / 近走上向き / 安定感
202601020210,2026-08-23,10,マーシヴィガラス,13.0,8.0,岩田望,58.0,,2.0,9.0,川崎,スパーキングナイトチ(A2B1),16.0,7.0,5中京5,ヤングJSFR中京2(2勝クラス),13.0,12.0,5東京5,3歳以上2勝クラス,4.0,12.0,4東京11,清里特別(2勝クラス),14.0,15.0,4中山9,3歳以上2勝クラス,56.9,13.0,2026-08-23 00:05:00,jra,2026-08-23,48.39,28.1,50.4,32.2,100.0,54.8,48.8,前走人気以上 / 履歴少 / 近走上向き
202607030210,2026-08-23,10,メイショウナナシロ,12.0,7.0,幸,57.0,,2.0,1.0,2中京3,3歳未勝利,2.0,1.0,5阪神4,2歳未勝利,3.0,8.0,4京都5,2歳未勝利,12.0,11.0,4京都2,2歳未勝利,8.0,7.0,4中京4,2歳新馬,2.9,1.0,2026-08-23 00:17:25,jra,2026-08-23,63.64,73.8,51.3,75.1,75.5,55.2,48.8,履歴少 / 近走上向き / 安定感
202604030210,2026-08-23,10,モウエエデショー,5.0,5.0,原,55.0,,8.0,4.0,2新潟3,燕特別(1勝クラス),4.0,4.0,2福島8,3歳以上1勝クラス,4.0,6.0,3中山3,山吹賞(1勝クラス),5.0,10.0,2中山4,報知弥生ディープ記念(GII),1.0,4.0,1小倉8,3歳未勝利,12.4,7.0,2026-08-23 00:08:55,jra,2026-08-23,56.33,67.6,51.5,69.6,23.0,64.6,48.8,履歴少 / 安定感 / 市場オッズ妙味
202604030210,2026-08-23,10,モルゲンゾンネ,1.0,1.0,▲上里,55.0,,1.0,1.0,金沢,さわやかさやか賞(C1),1.0,1.0,金沢,楽天競馬で馬券を買お(C2),1.0,1.0,金沢,信じてるよお馬ら杯(C2),6.0,1.0,大井,C3一,5.0,1.0,金沢,C15,110.4,11.0,2026-08-23 00:08:55,jra,2026-08-23,41.58,34.8,46.4,32.7,51.8,45.1,42.8,地方実績を中央換算 / 地方実績中心 / 履歴少
202601020210,2026-08-23,10,ユウェンタース,6.0,4.0,ルメール,56.0,,9.0,8.0,2小倉4,九州スポーツ杯(2勝クラス),2.0,5.0,3阪神4,逆瀬川特別(2勝クラス),6.0,8.0,2阪神8,4歳以上2勝クラス,11.0,10.0,1阪神3,4歳以上2勝クラス,6.0,5.0,1小倉3,平尾台特別(2勝クラス),5.9,2.0,2026-08-23 00:05:00,jra,2026-08-23,48.51,54.8,54.1,24.9,33.5,57.0,51.8,クラス条件好転 / 履歴少
202607030210,2026-08-23,10,ラミエルノムスコ,11.0,7.0,吉村,57.0,,7.0,6.0,2中京1,3歳未勝利,4.0,4.0,2小倉6,3歳未勝利,4.0,3.0,3京都4,3歳未勝利,3.0,4.0,1京都7,3歳未勝利,4.0,5.0,5阪神7,2歳未勝利,8.4,3.0,2026-08-23 00:17:25,jra,2026-08-23,58.19,69.9,48.2,69.6,30.5,59.1,67.2,芝適性 / 京都実績 / 距離適性 / 頭数減経験
202604030210,2026-08-23,10,ラヴィニール,9.0,7.0,北村友,53.0,,11.0,6.0,2東京3,スイートピーS(L),1.0,5.0,2阪神3,3歳未勝利,6.0,4.0,3京都5,2歳新馬,,,,,,,,,6.3,2.0,2026-08-23 00:08:55,jra,2026-08-23,41.76,57.1,41.4,24.9,5.0,52.6,48.8,履歴少
202604030210,2026-08-23,10,リポサンテ,4.0,4.0,田辺,56.0,,3.0,2.0,2新潟4,五頭連峰特別(1勝クラス),2.0,2.0,2東京3,4歳以上1勝クラス,2.0,1.0,3中山7,4歳以上1勝クラス,5.0,1.0,1中京3,4歳以上1勝クラス,6.0,6.0,1東京8,4歳以上1勝クラス,2.7,1.0,2026-08-23 00:08:55,jra,2026-08-23,62.57,82.8,42.4,89.7,54.5,50.3,48.8,履歴少 / 安定感
202604030210,2026-08-23,10,ルーリングクラス,6.0,5.0,丸山,55.0,,1.0,1.0,2東京10,3歳未勝利,2.0,3.0,1新潟2,3歳未勝利,11.0,8.0,1東京8,3歳未勝利,,,,,,,,,9.5,4.0,2026-08-23 00:08:55,jra,2026-08-23,62.1,76.3,46.8,55.3,83.0,57.4,48.8,履歴少 / 近走上向き
202601020210,2026-08-23,10,レッドライトニング,7.0,5.0,レーン,58.0,,11.0,8.0,1函館7,竜飛崎特別(2勝クラス),3.0,3.0,1函館4,檜山特別(2勝クラス),2.0,6.0,1福島3,ラジオ福島賞(2勝クラス),8.0,11.0,1東京6,4歳以上2勝クラス,3.0,7.0,1中山3,4歳以上2勝クラス,7.3,3.0,2026-08-23 00:05:00,jra,2026-08-23,51.46,60.3,55.1,55.0,8.0,63.7,48.8,履歴少
202601020210,2026-08-23,10,ローズマイスター,1.0,1.0,武豊,58.0,,1.0,2.0,1札幌6,3歳以上1勝クラス,,,3東京4,3歳以上1勝クラス,3.0,1.0,1新潟8,4歳以上1勝クラス,2.0,2.0,2東京5,4歳以上1勝クラス,2.0,3.0,1中京4,4歳以上1勝クラス,5.5,1.0,2026-08-23 00:05:00,jra,2026-08-23,66.96,93.1,50.1,75.1,58.0,57.3,48.8,履歴少 / 安定感
202607030210,2026-08-23,10,ロードファイター,6.0,4.0,団野,57.0,,6.0,9.0,2中京1,3歳未勝利,9.0,9.0,3阪神1,3歳未勝利,4.0,7.0,3京都9,3歳未勝利,5.0,7.0,3京都3,3歳未勝利,8.0,10.0,2阪神8,3歳未勝利,9.6,5.0,2026-08-23 00:17:25,jra,2026-08-23,55.52,56.7,64.0,34.3,53.0,63.7,48.8,前走人気以上 / 履歴少
202607030211,2026-08-23,11,アラビアンジョイ,7.0,4.0,吉村,53.0,,1.0,3.0,2中京4,3歳未勝利,3.0,3.0,3阪神6,3歳未勝利,2.0,5.0,3京都11,3歳未勝利,5.0,3.0,3京都7,3歳未勝利,3.0,10.0,3京都3,3歳未勝利,10.9,5.0,2026-08-22 23:48:55,jra,2026-08-23,73.24,88.1,61.4,100.0,63.5,66.7,48.8,履歴少 / 安定感 / 過小評価傾向
202604030211,2026-08-23,11,アルマグラース,5.0,3.0,嶋田,56.0,,14.0,15.0,1中京4,4歳以上1勝クラス,16.0,18.0,1小倉10,4歳以上1勝クラス,14.0,16.0,1小倉3,4歳以上1勝クラス,17.0,18.0,4東京2,3歳以上1勝クラス,9.0,9.0,2札幌6,3歳以上1勝クラス,127.7,17.0,2026-08-22 23:36:00,jra,2026-08-23,33.85,3.7,59.4,0.0,50.0,54.8,48.8,履歴少
202601020211,2026-08-23,11,イツモニコニコ,9.0,5.0,ナレドゥ,55.0,,10.0,13.0,2中京6,CBC賞(GIII),4.0,12.0,2小倉4,TV西日本北九州記念(GIII),13.0,10.0,3京都7,鞍馬S(OP),12.0,5.0,1福島6,モルガナイトS(OP),1.0,2.0,5阪神8,カウントダウンS(3勝クラス),51.7,13.0,2026-08-22 23:40:55,jra,2026-08-23,46.25,40.3,59.8,35.3,35.0,52.2,48.8,前走人気以上 / 履歴少
202601020211,2026-08-23,11,ウインカーネリアン,8.0,4.0,三浦,59.0,,3.0,7.0,1中京6,高松宮記念(GI),11.0,3.0,シャティン,香港スプリント(GI),1.0,11.0,4中山9,スプリンターズS(GI),5.0,1.0,2札幌2,キーンランドC(GIII),2.0,10.0,メイダン,アルクオーツスプリン(GI),9.0,3.0,2026-08-22 23:40:55,jra,2026-08-23,64.3,69.7,60.1,75.1,60.5,65.9,48.8,前走人気以上 / 履歴少 / 安定感 / 過小評価傾向
202601020211,2026-08-23,11,エイシンディード,15.0,8.0,川又,55.0,,6.0,2.0,3京都11,葵S(GIII),2.0,8.0,1中京3,中スポ賞ファルコンS(GIII),4.0,6.0,4京都3,デイリー杯2歳S(GII),1.0,9.0,1函館12,函館2歳S(GIII),1.0,5.0,門別,JRA認定競走アタッ(未勝利)(2歳),15.1,6.0,2026-08-22 23:40:55,jra,2026-08-23,62.26,75.4,64.2,63.9,26.0,72.0,48.8,履歴少 / 安定感 / 過小評価傾向 / 市場オッズ妙味
202607030211,2026-08-23,11,エルハーベン,4.0,2.0,☆田山,54.0,,,3.0,2東京11,3歳1勝クラス,2.0,5.0,2東京2,3歳1勝クラス,10.0,9.0,1京都8,若駒S(L),1.0,2.0,5阪神1,2歳新馬,,,,,6.6,3.0,2026-08-22 23:48:55,jra,2026-08-23,60.75,72.6,58.2,39.5,71.0,59.3,48.8,履歴少 / 近走上向き
202607030211,2026-08-23,11,エンヴェロップ,13.0,7.0,斎藤,53.0,,7.0,7.0,2中京2,3歳以上1勝クラス,1.0,6.0,1中京4,3歳未勝利,3.0,3.0,1小倉12,3歳未勝利,4.0,3.0,3中京3,2歳新馬,,,,,16.6,9.0,2026-08-22 23:48:55,jra,2026-08-23,59.71,76.3,58.6,59.3,24.0,67.2,48.8,履歴少 / 過小評価傾向 / 市場オッズ妙味
202601020211,2026-08-23,11,エーティーマクフィ,4.0,2.0,富田,57.0,,2.0,4.0,1函館1,函館スプリントS(GIII),8.0,5.0,1中京6,高松宮記念(GI),8.0,4.0,2京都2,シルクロードS(GIII),1.0,7.0,4京都8,京阪杯(GIII),7.0,7.0,2札幌2,キーンランドC(GIII),10.0,4.0,2026-08-22 23:40:55,jra,2026-08-23,58.45,67.6,49.6,45.0,74.0,60.4,48.8,履歴少 / 近走上向き
202604030211,2026-08-23,11,オレイア,11.0,6.0,▲水沼,53.0,,13.0,15.0,2新潟2,3歳以上1勝クラス,16.0,16.0,2福島1,3歳以上1勝クラス,15.0,13.0,1中京4,4歳以上1勝クラス,17.0,17.0,1小倉5,4歳以上1勝クラス,1.0,7.0,浦和,浦和800ラウンド(3歳),47.0,12.0,2026-08-22 23:36:00,jra,2026-08-23,33.04,5.9,53.4,4.7,45.5,54.8,48.8,履歴少
202607030211,2026-08-23,11,オンザマーチ,1.0,1.0,団野,53.0,,6.0,8.0,1小倉9,あざみ賞(1勝クラス),9.0,7.0,1小倉1,萌黄賞(1勝クラス),1.0,6.0,4京都8,2歳新馬,,,,,,,,,41.4,15.0,2026-08-22 23:48:55,jra,2026-08-23,52.62,62.6,60.2,19.8,44.0,58.0,48.8,履歴少
202607030211,2026-08-23,11,クインズセレネ,10.0,5.0,角田和,56.0,,11.0,13.0,2中京3,3歳以上1勝クラス,12.0,10.0,2小倉1,3歳以上1勝クラス,12.0,9.0,1中京2,4歳以上1勝クラス,5.0,4.0,1小倉7,4歳以上1勝クラス,2.0,11.0,1京都8,4歳以上1勝クラス,53.9,16.0,2026-08-22 23:48:55,jra,2026-08-23,40.26,30.9,52.1,24.9,30.5,54.2,48.8,履歴少
202604030211,2026-08-23,11,ココソラーレ,6.0,3.0,★谷原,50.0,,9.0,10.0,2新潟6,3歳未勝利,4.0,5.0,1函館11,3歳未勝利,2.0,6.0,1函館10,3歳以上1勝クラス,7.0,10.0,1函館7,3歳以上1勝クラス,16.0,13.0,1函館2,3歳未勝利,6.9,3.0,2026-08-22 23:36:00,jra,2026-08-23,53.73,55.6,60.3,44.7,39.5,62.1,48.8,履歴少
202601020211,2026-08-23,11,サウンドモリアーナ,14.0,7.0,武豊,55.0,,6.0,8.0,2小倉4,TV西日本北九州記念(GIII),1.0,3.0,1福島6,モルガナイトS(OP),1.0,7.0,3中山2,船橋S(3勝クラス),3.0,6.0,5阪神8,カウントダウンS(3勝クラス),9.0,8.0,4京都6,醍醐S(3勝クラス),17.5,7.0,2026-08-22 23:40:55,jra,2026-08-23,64.79,78.9,68.4,59.3,35.0,70.0,51.8,クラス条件好転 / 履歴少 / 人気以上に走る傾向 / 過小評価傾向
202604030211,2026-08-23,11,サツキレジーナ,16.0,8.0,柴田大,56.0,,5.0,15.0,2新潟5,3歳以上1勝クラス,7.0,8.0,1函館5,3歳以上1勝クラス,7.0,5.0,1小倉8,4歳以上1勝クラス,8.0,4.0,1小倉4,4歳以上1勝クラス,1.0,3.0,2札幌5,3歳未勝利,5.7,2.0,2026-08-22 23:36:00,jra,2026-08-23,58.19,60.7,67.6,40.7,54.5,62.0,48.8,前走人気以上 / 履歴少 / 人気以上に走る傾向
202604030211,2026-08-23,11,シャルマンナナ,12.0,6.0,丸山,54.0,,9.0,6.0,2新潟7,3歳未勝利,4.0,7.0,1小倉4,3歳新馬,,,,,,,,,,,,,19.8,8.0,2026-08-22 23:36:00,jra,2026-08-23,43.64,47.7,44.4,31.7,29.0,53.4,48.8,履歴少 / サンプル少 / 市場オッズ妙味
202604030211,2026-08-23,11,ジュエルドレーサー,3.0,2.0,石川,58.0,,4.0,14.0,2新潟5,3歳以上1勝クラス,1.0,1.0,笠松,ひこうき雲特別(C),1.0,1.0,笠松,C13組,7.0,1.0,名古屋,C17組,2.0,2.0,笠松,純烈・酒井一圭早寿記(C),8.8,4.0,2026-08-22 23:36:00,jra,2026-08-23,52.83,46.0,68.5,49.6,41.2,58.2,44.6,地方実績を中央換算 / クラス条件好転 / 前走人気以上 / 地方実績中心
202601020211,2026-08-23,11,ジョーメッドヴィン,6.0,3.0,吉村智,57.0,,8.0,10.0,1札幌6,UHB賞(OP),6.0,7.0,1函館5,青函S(OP),8.0,10.0,1函館1,函館スプリントS(GIII),3.0,7.0,1福島6,モルガナイトS(OP),10.0,3.0,3中山6,春雷S(L),112.2,14.0,2026-08-22 23:40:55,jra,2026-08-23,47.75,52.2,57.8,14.6,42.5,53.9,48.8,履歴少
202604030211,2026-08-23,11,スカイダイバー,2.0,1.0,△石田,54.0,,4.0,12.0,2新潟2,3歳以上1勝クラス,11.0,9.0,2福島4,3歳以上1勝クラス,6.0,10.0,1新潟1,4歳以上1勝クラス,5.0,14.0,1福島3,4歳以上1勝クラス,15.0,15.0,1小倉10,4歳以上1勝クラス,48.3,13.0,2026-08-22 23:36:00,jra,2026-08-23,61.82,49.9,78.3,45.0,81.5,64.5,48.8,前走人気以上 / 履歴少 / 人気以上に走る傾向 / 近走上向き
202604030211,2026-08-23,11,スペルビア,8.0,4.0,野中,58.0,,10.0,10.0,1函館1,3歳以上1勝クラス,8.0,14.0,1新潟7,4歳以上1勝クラス,8.0,4.0,園田,JRA交流藻川特別,8.0,11.0,5中山5,3歳以上1勝クラス,1.0,1.0,門別,コルチカム特別(B4),20.0,9.0,2026-08-22 23:36:00,jra,2026-08-23,40.51,34.0,60.3,5.5,27.5,54.9,48.8,地方実績を中央換算 / 履歴少
202601020211,2026-08-23,11,ゾンニッヒ,5.0,3.0,ロイド,57.0,,4.0,4.0,2福島5,安達太良S(OP),7.0,9.0,3中山3,ダービー卿チャレンジ(GIII),5.0,11.0,2中山6,東風S(L),11.0,9.0,1京都8,睦月S(OP),6.0,10.0,1中山5,ニューイヤーS(L),29.6,10.0,2026-08-22 23:40:55,jra,2026-08-23,59.47,58.6,62.6,50.2,69.5,62.8,48.8,履歴少 / 近走上向き / 市場オッズ妙味
202601020211,2026-08-23,11,ダノンマッキンリー,10.0,5.0,池添,57.0,,4.0,8.0,1札幌6,UHB賞(OP),4.0,8.0,1函館1,函館スプリントS(GIII),15.0,9.0,2東京3,京王杯スプリングC(GII),7.0,14.0,1中京6,高松宮記念(GI),15.0,8.0,2京都2,シルクロードS(GIII),12.8,5.0,2026-08-22 23:40:55,jra,2026-08-23,58.23,49.6,59.3,55.3,87.5,57.8,48.8,前走人気以上 / 履歴少 / 近走上向き / 市場オッズ妙味
202607030211,2026-08-23,11,ダンデノン,15.0,8.0,西村淳,53.0,,2.0,1.0,3阪神2,3歳以上1勝クラス,5.0,10.0,1阪神4,チューリップ賞(GII),1.0,7.0,1京都3,3歳未勝利,6.0,6.0,4東京6,2歳新馬,,,,,6.0,2.0,2026-08-22 23:48:55,jra,2026-08-23,69.44,81.9,66.6,75.1,62.0,65.8,48.8,履歴少 / 人気以上に走る傾向 / 安定感 / 過小評価傾向
202607030211,2026-08-23,11,チリーゴールド,14.0,7.0,菱田,56.0,,7.0,13.0,2中京2,3歳以上1勝クラス,14.0,15.0,3阪神3,3歳以上1勝クラス,13.0,9.0,3京都11,4歳以上1勝クラス,6.0,9.0,1中京5,4歳以上1勝クラス,1.0,1.0,佐賀,ふたご座特選(C2),34.0,12.0,2026-08-22 23:48:55,jra,2026-08-23,43.48,30.0,62.0,4.7,59.0,54.8,48.8,前走人気以上 / 履歴少
202604030211,2026-08-23,11,テンペストヒロイン,4.0,2.0,木幡初,56.0,,7.0,7.0,2新潟2,3歳以上1勝クラス,2.0,2.0,佐賀,C1ー6組,1.0,1.0,佐賀,うまかモン!熊本の酪(C1),2.0,1.0,佐賀,チャレンジシリーズ(C1),1.0,3.0,佐賀,C2ー4組,27.9,10.0,2026-08-22 23:36:00,jra,2026-08-23,41.14,38.8,50.2,26.6,28.5,52.3,42.8,地方実績を中央換算 / 地方実績中心 / 履歴少
202601020211,2026-08-23,11,ナムラクララ,1.0,1.0,浜中,55.0,,1.0,1.0,1札幌6,UHB賞(OP),2.0,3.0,1函館5,青函S(OP),12.0,5.0,3京都8,栗東S(L),8.0,6.0,1中京4,愛知杯(GIII),6.0,1.0,1小倉8,北九州短距離S(OP),18.1,8.0,2026-08-22 23:40:55,jra,2026-08-23,57.48,68.3,36.4,55.3,86.0,55.5,48.8,履歴少 / 近走上向き / 市場オッズ妙味
202607030211,2026-08-23,11,バーケンティン,2.0,1.0,幸,58.0,,15.0,13.0,2小倉8,3歳以上1勝クラス,11.0,6.0,3京都7,4歳以上1勝クラス,11.0,7.0,1福島5,4歳以上1勝クラス,8.0,5.0,1小倉11,4歳以上1勝クラス,3.0,7.0,1小倉8,4歳以上1勝クラス,36.1,14.0,2026-08-22 23:48:55,jra,2026-08-23,27.72,24.0,31.3,10.3,9.5,44.4,48.8,履歴少
202601020211,2026-08-23,11,パンジャタワー,3.0,2.0,松山,58.0,,5.0,4.0,3東京2,安田記念(GI),4.0,3.0,1中京6,高松宮記念(GI),5.0,2.0,キングアブドゥル,1351ターフスプリント(GII),5.0,3.0,ランドウィック,ゴールデンイーグル,1.0,2.0,2札幌2,キーンランドC(GIII),2.1,1.0,2026-08-22 23:40:55,jra,2026-08-23,59.15,73.3,40.7,100.0,42.5,49.3,48.8,履歴少 / 安定感
202604030211,2026-08-23,11,パーティーガール,15.0,8.0,菊沢,56.0,,6.0,12.0,2新潟5,3歳以上1勝クラス,6.0,9.0,1函館8,3歳以上1勝クラス,10.0,12.0,1函館4,3歳以上1勝クラス,10.0,12.0,1函館2,3歳以上1勝クラス,11.0,11.0,1新潟5,4歳以上1勝クラス,11.0,6.0,2026-08-22 23:36:00,jra,2026-08-23,52.08,44.9,72.8,0.0,69.5,63.0,48.8,前走人気以上 / 履歴少 / 人気以上に走る傾向 / 近走上向き
202607030211,2026-08-23,11,ベルサ,6.0,3.0,◇今村,54.0,,7.0,1.0,1新潟2,4歳以上1勝クラス,12.0,5.0,1中京1,4歳以上1勝クラス,11.0,1.0,1小倉5,4歳以上1勝クラス,9.0,2.0,5中京2,3歳以上1勝クラス,2.0,4.0,4京都2,3歳以上1勝クラス,11.4,6.0,2026-08-22 23:48:55,jra,2026-08-23,29.85,37.5,5.5,10.3,59.0,34.5,48.8,履歴少
202604030211,2026-08-23,11,ベルタソ,10.0,5.0,小崎,56.0,,12.0,5.0,2新潟5,3歳以上1勝クラス,4.0,7.0,1新潟6,飛竜特別(1勝クラス),2.0,2.0,1新潟1,4歳以上1勝クラス,9.0,8.0,1小倉11,4歳以上1勝クラス,2.0,12.0,1小倉7,4歳以上1勝クラス,13.6,7.0,2026-08-22 23:36:00,jra,2026-08-23,47.93,55.5,46.6,55.0,3.5,64.4,51.8,クラス条件好転 / 履歴少 / 市場オッズ妙味
202607030211,2026-08-23,11,ペアレンツギフト,11.0,6.0,中井,53.0,,10.0,1.0,2中京2,3歳以上1勝クラス,1.0,2.0,1中京3,3歳未勝利,10.0,1.0,5中京6,2歳未勝利,2.0,1.0,5東京6,2歳新馬,,,,,10.1,4.0,2026-08-22 23:48:55,jra,2026-08-23,37.62,58.4,15.6,39.5,16.0,42.8,48.8,履歴少
202607030211,2026-08-23,11,ペールノエル,5.0,3.0,国分優,58.0,,1.0,4.0,3京都10,4歳以上1勝クラス,6.0,2.0,3京都3,4歳以上1勝クラス,2.0,5.0,3京都1,4歳以上1勝クラス,3.0,4.0,1阪神8,4歳以上1勝クラス,5.0,7.0,2京都1,4歳以上1勝クラス,13.8,7.0,2026-08-22 23:48:55,jra,2026-08-23,67.69,82.8,56.0,75.1,68.0,64.4,48.8,前走人気以上 / 履歴少 / 近走上向き / 安定感
202607030211,2026-08-23,11,ホウオウドルーリー,16.0,8.0,渡辺竜,56.0,,12.0,7.0,3京都6,4歳以上1勝クラス,5.0,11.0,1福島1,4歳以上1勝クラス,15.0,9.0,1札幌6,3歳以上1勝クラス,3.0,14.0,1函館11,3歳以上1勝クラス,12.0,9.0,3阪神3,3歳以上1勝クラス,58.3,17.0,2026-08-22 23:48:55,jra,2026-08-23,42.37,34.1,50.6,39.5,30.5,52.9,48.8,履歴少
202604030211,2026-08-23,11,ポップグルーヴ,13.0,7.0,▲佐藤,53.0,,17.0,17.0,1小倉10,4歳以上1勝クラス,14.0,16.0,3福島3,3歳以上1勝クラス,11.0,17.0,2新潟7,3歳以上1勝クラス,12.0,14.0,2福島2,3歳以上1勝クラス,14.0,15.0,3中山2,3歳1勝クラス,119.2,16.0,2026-08-22 23:36:00,jra,2026-08-23,33.03,5.7,64.6,0.0,24.5,58.1,48.8,履歴少
202601020211,2026-08-23,11,マイネルジェロディ,7.0,4.0,Ｒヘルナン,57.0,,6.0,8.0,2福島5,安達太良S(OP),14.0,16.0,1阪神8,米子城S(OP),11.0,14.0,1小倉8,北九州短距離S(OP),18.0,18.0,3京都1,オパールS(L),11.0,13.0,1札幌6,UHB賞(OP),242.2,16.0,2026-08-22 23:40:55,jra,2026-08-23,46.22,24.3,63.3,0.0,95.0,56.8,48.8,履歴少 / 近走上向き
202604030211,2026-08-23,11,ミエノブラボー,7.0,4.0,丸田,56.0,,2.0,5.0,2新潟2,3歳以上1勝クラス,10.0,3.0,1新潟6,飛竜特別(1勝クラス),3.0,5.0,1福島5,4歳以上1勝クラス,9.0,6.0,1中京4,4歳以上1勝クラス,2.0,3.0,1小倉12,4歳以上1勝クラス,9.5,5.0,2026-08-22 23:36:00,jra,2026-08-23,58.56,66.3,44.6,60.5,74.0,57.0,51.8,クラス条件好転 / 前走人気以上 / 履歴少 / 近走上向き
202607030211,2026-08-23,11,メイクワンズデイ,9.0,5.0,松若,55.0,,3.0,3.0,2中京2,3歳以上1勝クラス,5.0,1.0,3京都10,3歳1勝クラス,5.0,3.0,2阪神5,3歳1勝クラス,11.0,6.0,1中京3,中スポ賞ファルコンS(GIII),2.0,1.0,5阪神7,万両賞(1勝クラス),4.1,1.0,2026-08-22 23:48:55,jra,2026-08-23,57.25,68.3,34.4,85.4,66.5,48.2,48.8,履歴少 / 近走上向き / 安定感
202604030211,2026-08-23,11,メイヨシュア,9.0,5.0,武藤,54.0,,8.0,10.0,1札幌6,3歳未勝利,15.0,18.0,3東京2,3歳未勝利,14.0,11.0,3中山2,3歳未勝利,,,,,,,,,111.8,15.0,2026-08-22 23:36:00,jra,2026-08-23,41.68,17.8,57.1,0.0,89.0,53.1,48.8,履歴少 / 近走上向き
202604030211,2026-08-23,11,ヨドノティアラ,17.0,8.0,津村,54.0,,5.0,2.0,2新潟2,3歳以上1勝クラス,8.0,5.0,2福島4,3歳以上1勝クラス,1.0,1.0,1福島4,3歳未勝利,4.0,2.0,2中山8,3歳未勝利,6.0,5.0,1東京5,3歳未勝利,3.3,1.0,2026-08-22 23:36:00,jra,2026-08-23,53.14,68.7,35.6,64.7,48.5,49.2,48.8,履歴少 / 安定感
202604030211,2026-08-23,11,リアアーテシアン,14.0,7.0,▲上里,51.0,,10.0,8.0,2新潟2,3歳以上1勝クラス,6.0,4.0,2福島2,3歳未勝利,6.0,4.0,1新潟4,3歳未勝利,3.0,5.0,1福島3,3歳未勝利,6.0,14.0,1小倉10,3歳未勝利,28.8,11.0,2026-08-22 23:36:00,jra,2026-08-23,43.64,53.8,47.3,14.6,21.5,57.3,48.8,履歴少 / 市場オッズ妙味
202607030211,2026-08-23,11,リアライズブラーヴ,17.0,8.0,Ｍデムーロ,55.0,,8.0,10.0,2中京2,3歳以上1勝クラス,13.0,5.0,2東京10,3歳1勝クラス,8.0,6.0,1中京4,フローラルウォーク賞(1勝クラス),11.0,5.0,1東京6,3歳1勝クラス,10.0,11.0,1京都5,日刊スポシンザン記念(GIII),30.7,11.0,2026-08-22 23:48:55,jra,2026-08-23,34.52,28.9,32.1,0.0,65.0,43.2,48.8,履歴少 / 近走上向き
202607030211,2026-08-23,11,リピ,3.0,2.0,鮫島駿,53.0,,3.0,3.0,2小倉1,3歳以上1勝クラス,6.0,7.0,3阪神2,3歳以上1勝クラス,7.0,9.0,1中京4,フローラルウォーク賞(1勝クラス),12.0,9.0,1小倉11,3歳1勝クラス,1.0,3.0,2京都4,3歳未勝利,30.0,10.0,2026-08-22 23:48:55,jra,2026-08-23,56.64,62.8,52.9,40.7,71.0,57.6,48.8,履歴少 / 近走上向き / 市場オッズ妙味
202601020211,2026-08-23,11,リラエンブレム,11.0,6.0,ルメール,57.0,,12.0,5.0,3東京3,ジューンS(OP),5.0,5.0,1阪神6,大阪城S(L),10.0,10.0,2東京12,東京優駿(GI),7.0,1.0,2阪神1,毎日杯(GIII),1.0,3.0,1中京5,日刊スポシンザン記念(GIII),40.6,11.0,2026-08-22 23:40:55,jra,2026-08-23,36.64,44.0,30.4,35.3,12.5,45.7,48.8,履歴少 / 市場オッズ妙味
202604030211,2026-08-23,11,ルクスコロン,1.0,1.0,杉原,56.0,,14.0,13.0,2福島1,3歳以上1勝クラス,14.0,14.0,1福島3,4歳以上1勝クラス,10.0,15.0,1小倉5,4歳以上1勝クラス,2.0,1.0,金沢,B27,1.0,1.0,金沢,C14,77.7,14.0,2026-08-22 23:36:00,jra,2026-08-23,31.99,16.2,54.2,11.7,6.5,52.9,48.8,地方実績を中央換算 / 履歴少
202607030211,2026-08-23,11,ルクスノア,12.0,6.0,藤懸,56.0,,9.0,8.0,2中京2,3歳以上1勝クラス,6.0,9.0,1中京4,4歳以上1勝クラス,9.0,12.0,3京都1,3歳以上1勝クラス,4.0,4.0,2京都8,4歳以上1勝クラス,6.0,8.0,1阪神2,4歳以上1勝クラス,14.1,8.0,2026-08-22 23:48:55,jra,2026-08-23,47.86,50.3,58.7,14.6,33.5,64.6,48.8,履歴少 / 市場オッズ妙味
202601020211,2026-08-23,11,ルシード,2.0,1.0,レーン,57.0,,2.0,3.0,1札幌6,UHB賞(OP),12.0,3.0,1函館1,函館スプリントS(GIII),1.0,1.0,3京都4,朱雀S(3勝クラス),2.0,3.0,2中山2,アクアマリンS(3勝クラス),1.0,1.0,2京都4,4歳以上2勝クラス,19.6,9.0,2026-08-22 23:40:55,jra,2026-08-23,59.49,74.5,37.4,75.1,62.0,59.4,48.8,履歴少 / 安定感 / 市場オッズ妙味
202601020211,2026-08-23,11,レッドアヴァンティ,12.0,6.0,岩田康,57.0,,5.0,1.0,2福島5,安達太良S(OP),2.0,11.0,1福島6,モルガナイトS(OP),4.0,15.0,1小倉8,北九州短距離S(OP),16.0,15.0,5阪神2,りんくうS(OP),12.0,12.0,3福島2,みちのくS(OP),146.9,15.0,2026-08-22 23:40:55,jra,2026-08-23,65.15,59.9,71.4,75.1,71.0,63.2,48.8,履歴少 / 人気以上に走る傾向 / 近走上向き / 安定感
202601020211,2026-08-23,11,ロジケープ,13.0,7.0,丹内,55.0,,1.0,1.0,1札幌1,TVh賞(3勝クラス),1.0,3.0,3東京1,テレビ山梨杯(2勝クラス),1.0,1.0,1福島5,雪うさぎ賞(1勝クラス),3.0,1.0,2中山6,3歳1勝クラス,1.0,2.0,1小倉10,3歳未勝利,6.6,2.0,2026-08-22 23:40:55,jra,2026-08-23,71.32,97.7,52.2,100.0,53.0,58.7,48.8,履歴少 / 安定感
202607030211,2026-08-23,11,ロンティケチャップ,8.0,4.0,▲森田,55.0,,9.0,14.0,3阪神2,3歳以上1勝クラス,11.0,6.0,2阪神2,4歳以上1勝クラス,4.0,7.0,1中京4,4歳以上1勝クラス,14.0,10.0,1京都2,4歳以上1勝クラス,8.0,8.0,4中京2,賢島特別(1勝クラス),34.8,13.0,2026-08-22 23:48:55,jra,2026-08-23,42.88,35.5,52.0,19.8,51.5,50.3,48.8,前走人気以上 / 履歴少
202601020211,2026-08-23,11,ロードフォアエース,16.0,8.0,岩田望,57.0,,5.0,5.0,1札幌6,UHB賞(OP),8.0,5.0,1函館5,青函S(OP),12.0,2.0,3中山6,春雷S(L),9.0,1.0,2京都2,シルクロードS(GIII),1.0,3.0,5中山2,ラピスラズリS(L),40.8,12.0,2026-08-22 23:40:55,jra,2026-08-23,42.82,49.6,24.2,40.7,65.0,39.8,48.8,履歴少 / 近走上向き
202607030212,2026-08-23,12,アスターエポワス,7.0,4.0,角田和,55.0,,5.0,5.0,2中京5,3歳未勝利,12.0,4.0,2阪神6,3歳未勝利,3.0,3.0,1京都5,3歳未勝利,2.0,3.0,4京都5,2歳未勝利,4.0,8.0,4京都2,2歳新馬,10.9,5.0,2026-08-23 00:18:10,jra,2026-08-23,55.03,61.5,40.0,75.1,51.5,58.2,48.8,履歴少 / 安定感
202607030212,2026-08-23,12,アルミラージ,13.0,7.0,団野,55.0,,6.0,9.0,2小倉4,3歳未勝利,8.0,5.0,2京都2,3歳新馬,,,,,,,,,,,,,3.3,1.0,2026-08-23 00:18:10,jra,2026-08-23,44.56,47.0,46.6,18.0,52.1,49.4,48.8,前走人気以上 / 履歴少 / サンプル少
202607030212,2026-08-23,12,イッタレイッタレ,15.0,8.0,▲森田,54.0,,4.0,4.0,2京都5,3歳未勝利,7.0,4.0,5阪神6,2歳未勝利,7.0,8.0,3京都10,2歳新馬,,,,,,,,,21.9,10.0,2026-08-23 00:18:10,jra,2026-08-23,52.09,61.7,44.9,30.4,68.0,52.6,48.8,履歴少 / 近走上向き / 市場オッズ妙味
202607030212,2026-08-23,12,イットガール,12.0,6.0,中井,55.0,,16.0,11.0,2小倉3,3歳未勝利,,,,,,,,,,,,,,,,,97.5,16.0,2026-08-23 00:18:10,jra,2026-08-23,34.43,29.6,32.9,29.6,40.6,35.1,48.8,履歴少 / サンプル少
202601020212,2026-08-23,12,ウインベラーノ,8.0,5.0,Ｒヘルナン,58.0,,2.0,6.0,1札幌3,釧路湿原特別(2勝クラス),1.0,5.0,1函館7,恵山特別(1勝クラス),4.0,4.0,1函館4,3歳以上1勝クラス,10.0,5.0,1小倉10,高千穂特別(1勝クラス),8.0,8.0,1小倉4,4歳以上1勝クラス,11.1,9.0,2026-08-23 00:18:25,jra,2026-08-23,67.51,76.5,60.4,75.1,72.5,64.3,48.8,前走人気以上 / 履歴少 / 近走上向き / 安定感
202607030212,2026-08-23,12,エバイダンス,4.0,2.0,☆田山,54.0,,2.0,1.0,2中京5,3歳未勝利,3.0,2.0,3阪神3,3歳未勝利,9.0,2.0,2阪神4,3歳未勝利,3.0,4.0,1阪神7,3歳未勝利,6.0,7.0,2京都6,3歳未勝利,5.4,2.0,2026-08-23 00:18:10,jra,2026-08-23,58.99,74.5,38.2,69.9,69.5,52.6,48.8,履歴少 / 近走上向き / 安定感
202604030212,2026-08-23,12,カズシ,5.0,5.0,原,57.0,,6.0,6.0,1新潟3,3歳未勝利,15.0,5.0,1中京1,3歳未勝利,6.0,6.0,1小倉10,3歳未勝利,7.0,4.0,1東京2,3歳未勝利,3.0,15.0,1中山1,3歳新馬,27.2,8.0,2026-08-23 00:05:15,jra,2026-08-23,42.82,46.4,38.2,10.3,60.5,52.2,48.8,履歴少 / 市場オッズ妙味
202604030212,2026-08-23,12,キチロクゴール,9.0,7.0,木幡育,57.0,,11.0,13.0,2東京2,3歳未勝利,10.0,13.0,3中山6,3歳未勝利,9.0,15.0,3中山2,3歳未勝利,15.0,14.0,2中山1,3歳未勝利,,,,,31.1,9.0,2026-08-23 00:05:15,jra,2026-08-23,42.27,22.5,68.7,0.0,52.0,59.8,48.8,履歴少 / 人気以上に走る傾向
202604030212,2026-08-23,12,クリムゾンリーフ,7.0,6.0,坂井,57.0,,2.0,1.0,2新潟6,3歳未勝利,2.0,1.0,2福島6,3歳未勝利,4.0,1.0,3東京6,3歳未勝利,3.0,3.0,3東京2,3歳未勝利,2.0,2.0,1新潟5,3歳未勝利,2.4,1.0,2026-08-23 00:05:15,jra,2026-08-23,65.1,87.7,42.0,100.0,54.5,50.5,48.8,履歴少 / 安定感
202601020212,2026-08-23,12,コスモスプモーニ,13.0,8.0,フーリー,58.0,,12.0,12.0,2新潟3,月岡温泉特別(2勝クラス),9.0,9.0,2東京1,石和特別(2勝クラス),10.0,11.0,2阪神4,4歳以上2勝クラス,,,2中山7,館山特別(2勝クラス),10.0,9.0,3東京4,芦ノ湖特別(2勝クラス),127.7,14.0,2026-08-23 00:18:25,jra,2026-08-23,35.41,24.6,50.8,0.0,36.0,50.9,48.8,履歴少
202607030212,2026-08-23,12,シャインゴーツ,9.0,5.0,◇今村,55.0,,5.0,3.0,3阪神5,3歳未勝利,4.0,4.0,3阪神1,3歳未勝利,3.0,7.0,3京都9,3歳未勝利,12.0,7.0,1小倉12,3歳未勝利,4.0,10.0,1小倉8,3歳未勝利,8.1,3.0,2026-08-23 00:18:10,jra,2026-08-23,60.73,65.8,50.5,85.4,54.5,60.9,48.8,履歴少 / 安定感
202601020212,2026-08-23,12,ショウナンヤッホー,11.0,7.0,吉村智,58.0,,9.0,8.0,1札幌1,桑園特別(2勝クラス),6.0,9.0,2福島1,いわき特別(2勝クラス),14.0,12.0,2東京8,青梅特別(2勝クラス),11.0,12.0,5東京8,アプローズ賞(2勝クラス),9.0,6.0,4東京2,3歳以上2勝クラス,56.3,13.0,2026-08-23 00:18:25,jra,2026-08-23,39.46,32.5,49.2,0.0,56.0,49.6,48.8,履歴少
202607030212,2026-08-23,12,スターペスアンナ,3.0,2.0,太宰,55.0,,8.0,14.0,2小倉4,3歳未勝利,10.0,15.0,1新潟3,3歳未勝利,11.0,9.0,2京都5,3歳未勝利,13.0,12.0,1小倉4,3歳新馬,,,,,70.3,14.0,2026-08-23 00:18:10,jra,2026-08-23,45.82,27.8,69.7,0.0,70.0,57.4,48.8,前走人気以上 / 履歴少 / 人気以上に走る傾向 / 近走上向き
202601020212,2026-08-23,12,ストームサンダー,4.0,3.0,ロイド,56.0,,14.0,8.0,1函館1,松前特別(2勝クラス),8.0,6.0,3京都6,橘S(L),7.0,11.0,2阪神3,チャーチルダウンズC(GIII),9.0,14.0,5阪神6,朝日フューチュリティ(GI),12.0,11.0,5東京6,東京スポーツ杯2歳S(GII),17.0,10.0,2026-08-23 00:18:25,jra,2026-08-23,33.03,27.7,43.7,0.0,20.0,53.7,48.8,履歴少 / 市場オッズ妙味
202604030212,2026-08-23,12,タニセンローマ,4.0,4.0,小林脩,57.0,,4.0,7.0,2新潟3,3歳未勝利,8.0,12.0,3東京1,3歳未勝利,8.0,7.0,2東京3,3歳未勝利,12.0,6.0,3中山1,3歳未勝利,3.0,7.0,2中山1,3歳未勝利,27.2,7.0,2026-08-23 00:05:15,jra,2026-08-23,55.7,53.2,58.7,40.7,72.5,58.9,48.8,前走人気以上 / 履歴少 / 近走上向き / 市場オッズ妙味
202604030212,2026-08-23,12,チャームドウイング,1.0,1.0,丸田,57.0,,,2.0,3新潟2,2歳新馬,,,2新潟3,2歳新馬,,,,,,,,,,,,,8.8,4.0,2026-08-23 00:05:15,jra,2026-08-23,36.0,35.0,35.0,35.0,35.0,35.0,45.0,履歴少
202601020212,2026-08-23,12,テルヒコウ,10.0,6.0,Ｍヴェロン,56.0,,6.0,2.0,1札幌3,釧路湿原特別(2勝クラス),2.0,2.0,1函館10,北海ハンデキャップ(2勝クラス),14.0,6.0,2東京1,テレビ東京杯青葉賞(GII),1.0,4.0,1中京6,大寒桜賞(1勝クラス),14.0,9.0,2中山6,フジTVスプリングS(GII),5.6,2.0,2026-08-23 00:18:25,jra,2026-08-23,46.15,55.8,29.9,39.5,60.5,46.4,48.8,履歴少
202604030212,2026-08-23,12,テンカラットレター,12.0,8.0,木幡初,57.0,,5.0,4.0,川崎,ルビーフラワー賞(3歳C1),7.0,10.0,2福島2,3歳未勝利,7.0,6.0,3東京4,3歳未勝利,3.0,16.0,2東京10,3歳未勝利,13.0,13.0,3中山3,3歳未勝利,12.4,5.0,2026-08-23 00:05:15,jra,2026-08-23,53.55,45.2,66.2,28.3,65.0,63.9,48.8,履歴少 / 人気以上に走る傾向 / 近走上向き / 市場オッズ妙味
202604030212,2026-08-23,12,トルネードアイル,8.0,6.0,北村友,57.0,,6.0,1.0,3東京5,3歳未勝利,2.0,1.0,2東京10,3歳未勝利,3.0,1.0,2東京5,3歳未勝利,2.0,1.0,2中山6,3歳未勝利,3.0,2.0,1東京5,3歳未勝利,3.6,2.0,2026-08-23 00:05:15,jra,2026-08-23,53.87,79.9,33.1,69.6,29.0,49.0,48.8,履歴少 / 安定感
202604030212,2026-08-23,12,ドロワ,6.0,5.0,△石田,55.0,,17.0,14.0,2東京9,3歳未勝利,10.0,10.0,2東京5,3歳未勝利,16.0,13.0,1中山7,3歳新馬,,,,,,,,,48.2,11.0,2026-08-23 00:05:15,jra,2026-08-23,25.55,9.3,36.0,0.0,26.0,45.2,48.8,履歴少
202601020212,2026-08-23,12,バセリーナ,3.0,3.0,武豊,58.0,,6.0,9.0,2福島8,猪苗代特別(2勝クラス),7.0,8.0,2福島4,白河特別(2勝クラス),7.0,10.0,2京都6,春日特別(2勝クラス),9.0,15.0,1中山3,初凪賞(2勝クラス),11.0,11.0,5中山4,霞ヶ浦特別(2勝クラス),10.0,6.0,2026-08-23 00:18:25,jra,2026-08-23,51.55,48.8,68.4,0.0,65.0,62.9,48.8,前走人気以上 / 履歴少 / 人気以上に走る傾向 / 近走上向き
202604030212,2026-08-23,12,パンパネイラ,10.0,7.0,菊沢,57.0,,13.0,13.0,3東京1,3歳未勝利,9.0,8.0,2東京5,3歳未勝利,5.0,6.0,2中山7,3歳未勝利,4.0,8.0,2中山1,3歳未勝利,10.0,12.0,1東京5,3歳未勝利,25.8,6.0,2026-08-23 00:05:15,jra,2026-08-23,42.22,37.6,55.2,34.3,14.0,55.6,48.8,履歴少
202607030212,2026-08-23,12,ヒッグスボソン,5.0,3.0,◇永島,55.0,,10.0,6.0,2小倉8,3歳未勝利,3.0,5.0,2小倉5,3歳未勝利,8.0,8.0,3京都9,3歳未勝利,,,1中京6,3歳未勝利,2.0,3.0,1小倉11,3歳未勝利,9.0,4.0,2026-08-23 00:18:10,jra,2026-08-23,45.31,55.8,45.0,35.3,16.0,56.2,48.8,履歴少
202607030212,2026-08-23,12,ファイアプレイス,11.0,6.0,西村淳,55.0,,11.0,2.0,2小倉4,3歳未勝利,2.0,13.0,3阪神3,3歳未勝利,13.0,10.0,2阪神6,3歳未勝利,,,,,,,,,16.8,9.0,2026-08-23 00:18:10,jra,2026-08-23,40.51,39.7,44.5,24.9,29.0,52.6,48.8,履歴少 / 市場オッズ妙味
202604030212,2026-08-23,12,フォンドルレール,3.0,3.0,吉田豊,57.0,,5.0,6.0,2新潟4,3歳未勝利,10.0,2.0,3東京6,3歳未勝利,5.0,6.0,2東京11,3歳未勝利,4.0,5.0,2東京5,3歳未勝利,6.0,8.0,3中山6,3歳未勝利,6.2,3.0,2026-08-23 00:05:15,jra,2026-08-23,53.79,58.4,42.0,64.7,57.5,55.8,48.8,履歴少 / 安定感
202607030212,2026-08-23,12,フルドフォルク,10.0,5.0,加藤,57.0,,8.0,10.0,2中京5,3歳未勝利,10.0,13.0,2小倉3,3歳未勝利,12.0,9.0,1中京2,3歳未勝利,5.0,10.0,1阪神1,3歳新馬,,,,,86.4,15.0,2026-08-23 00:18:10,jra,2026-08-23,46.26,36.4,61.7,14.6,56.0,56.6,48.8,履歴少
202604030212,2026-08-23,12,ブルーブロディ,2.0,2.0,▲上里,54.0,,11.0,9.0,2福島5,3歳未勝利,12.0,12.0,2東京5,3歳未勝利,12.0,13.0,1福島5,3歳未勝利,12.0,16.0,1東京7,3歳未勝利,16.0,13.0,4東京10,2歳新馬,35.6,10.0,2026-08-23 00:05:15,jra,2026-08-23,35.01,13.2,49.0,0.0,62.0,51.7,48.8,履歴少
202601020212,2026-08-23,12,ベネスピラ,7.0,5.0,ナレドゥ,58.0,,11.0,6.0,1函館1,松前特別(2勝クラス),1.0,1.0,1新潟6,4歳以上1勝クラス,4.0,2.0,3中山7,4歳以上1勝クラス,2.0,6.0,3中山3,4歳以上1勝クラス,12.0,7.0,1東京5,4歳以上1勝クラス,10.4,7.0,2026-08-23 00:18:25,jra,2026-08-23,47.04,60.7,37.1,59.3,12.5,54.8,48.8,履歴少
202601020212,2026-08-23,12,マイネルフォルツァ,2.0,2.0,レーン,58.0,,11.0,8.0,2中京5,納屋橋特別(2勝クラス),6.0,3.0,2福島4,白河特別(2勝クラス),7.0,7.0,2東京8,テレ玉杯(2勝クラス),6.0,8.0,2東京1,石和特別(2勝クラス),9.0,8.0,3中山4,4歳以上2勝クラス,18.9,11.0,2026-08-23 00:18:25,jra,2026-08-23,37.21,43.8,39.7,0.0,26.0,53.0,48.8,履歴少 / 市場オッズ妙味
202607030212,2026-08-23,12,マクアケ,14.0,7.0,松若,57.0,,4.0,5.0,2中京4,3歳未勝利,5.0,4.0,3京都8,3歳未勝利,4.0,7.0,3京都5,3歳未勝利,4.0,3.0,1福島3,3歳未勝利,3.0,3.0,1阪神10,3歳未勝利,13.3,7.0,2026-08-23 00:18:10,jra,2026-08-23,65.39,74.8,53.5,100.0,50.0,62.3,48.8,履歴少 / 安定感 / 市場オッズ妙味
202601020212,2026-08-23,12,マルカオペラ,6.0,4.0,松山,56.0,,12.0,6.0,1函館12,かもめ島特別(2勝クラス),4.0,5.0,3京都5,久御山特別(2勝クラス),4.0,6.0,2阪神6,4歳以上2勝クラス,7.0,5.0,1阪神10,皆生特別(2勝クラス),6.0,11.0,1中山3,初凪賞(2勝クラス),10.7,8.0,2026-08-23 00:18:25,jra,2026-08-23,44.87,51.4,43.3,44.7,9.5,62.2,48.8,履歴少
202601020212,2026-08-23,12,ミリオンクラウン,12.0,7.0,横山典,56.0,,1.0,4.0,1札幌3,3歳以上1勝クラス,7.0,11.0,3東京4,3歳以上1勝クラス,15.0,13.0,2東京5,青竜S(OP),10.0,15.0,3中山5,ニュージーランドT(GII),11.0,11.0,1阪神9,若葉S(L),8.4,4.0,2026-08-23 00:18:25,jra,2026-08-23,58.63,49.5,65.7,30.4,100.0,60.6,48.8,前走人気以上 / 履歴少 / 人気以上に走る傾向 / 近走上向き
202601020212,2026-08-23,12,ミーントゥビー,1.0,1.0,川田,56.0,,6.0,7.0,2新潟3,月岡温泉特別(2勝クラス),5.0,5.0,3東京4,芦ノ湖特別(2勝クラス),3.0,4.0,2東京7,調布特別(2勝クラス),4.0,4.0,3中山6,4歳以上2勝クラス,4.0,9.0,2中山7,館山特別(2勝クラス),9.7,5.0,2026-08-23 00:18:25,jra,2026-08-23,60.29,70.7,57.1,69.6,38.0,64.2,48.8,履歴少 / 安定感
202604030212,2026-08-23,12,メイショウソラル,11.0,8.0,小崎,57.0,,10.0,15.0,1新潟7,3歳未勝利,14.0,13.0,1中京6,3歳未勝利,11.0,11.0,2中山7,3歳未勝利,,,,,,,,,55.4,12.0,2026-08-23 00:05:15,jra,2026-08-23,39.9,16.6,61.8,0.0,65.0,55.3,48.8,前走人気以上 / 履歴少 / 近走上向き
202607030212,2026-08-23,12,ヤマニンコルザ,16.0,8.0,吉村,55.0,,4.0,2.0,2中京5,3歳未勝利,7.0,3.0,3阪神1,3歳未勝利,6.0,8.0,3京都4,3歳未勝利,,,,,,,,,11.0,6.0,2026-08-23 00:18:10,jra,2026-08-23,50.95,63.8,38.7,30.4,65.0,53.3,48.8,履歴少 / 近走上向き
202607030212,2026-08-23,12,ユウトザイシン,8.0,4.0,藤懸,57.0,,14.0,14.0,3京都10,3歳未勝利,13.0,12.0,3京都6,3歳未勝利,,,,,,,,,,,,,63.0,12.0,2026-08-23 00:18:10,jra,2026-08-23,34.51,19.0,43.8,18.0,42.2,47.1,48.8,履歴少 / サンプル少
202607030212,2026-08-23,12,ラッキーラグーン,2.0,1.0,亀田,57.0,,,,,,,,,,,,,,,,,,,,,,68.7,13.0,2026-08-23 00:18:10,jra,2026-08-23,36.0,35.0,35.0,35.0,35.0,35.0,45.0,履歴少
202601020212,2026-08-23,12,ルクスジニア,9.0,6.0,ルメール,56.0,,4.0,4.0,1札幌5,摩周湖特別(2勝クラス),6.0,4.0,3東京4,芦ノ湖特別(2勝クラス),5.0,2.0,2東京7,調布特別(2勝クラス),7.0,3.0,1小倉5,RKB賞(2勝クラス),6.0,2.0,1京都6,4歳以上2勝クラス,8.2,3.0,2026-08-23 00:18:25,jra,2026-08-23,52.17,65.3,35.4,50.2,62.0,50.5,48.8,履歴少
202607030212,2026-08-23,12,ルナフィオーレ,6.0,3.0,斎藤,55.0,,12.0,4.0,2中京5,3歳未勝利,3.0,2.0,2小倉8,3歳未勝利,3.0,3.0,2小倉2,3歳未勝利,7.0,6.0,3京都7,3歳未勝利,9.0,4.0,3京都3,3歳未勝利,14.1,8.0,2026-08-23 00:18:10,jra,2026-08-23,40.14,52.5,26.6,44.7,11.0,53.6,48.8,履歴少 / 市場オッズ妙味
202601020212,2026-08-23,12,レッセパッセ,5.0,4.0,横山武,56.0,,8.0,8.0,2福島8,猪苗代特別(2勝クラス),8.0,11.0,2福島2,松島特別(2勝クラス),8.0,9.0,2東京7,調布特別(2勝クラス),9.0,10.0,3中山8,野島崎特別(2勝クラス),10.0,11.0,2中山7,館山特別(2勝クラス),38.6,12.0,2026-08-23 00:18:25,jra,2026-08-23,44.63,41.2,58.4,0.0,54.5,54.8,48.8,履歴少
202607030212,2026-08-23,12,ロードフリューゲル,1.0,1.0,田口,57.0,,12.0,7.0,2小倉4,3歳未勝利,6.0,4.0,2阪神7,3歳未勝利,,,,,,,,,,,,,25.8,11.0,2026-08-23 00:18:10,jra,2026-08-23,33.83,36.5,31.5,18.0,25.7,42.5,48.8,履歴少 / サンプル少
202601020212,2026-08-23,12,ワザモノ,14.0,8.0,岩田望,58.0,,2.0,4.0,2福島4,白河特別(2勝クラス),7.0,13.0,1新潟6,信濃川特別(2勝クラス),8.0,9.0,3中山1,4歳以上2勝クラス,2.0,15.0,1小倉11,別府特別(2勝クラス),8.0,10.0,5中山4,霞ヶ浦特別(2勝クラス),5.2,1.0,2026-08-23 00:18:25,jra,2026-08-23,67.82,67.6,80.8,45.0,75.5,72.6,48.8,履歴少 / 人気以上に走る傾向 / 近走上向き / 過小評価傾向
202635082301,2026-08-23,1,ウェルドアヒード,3.0,3.0,山本政聡,55.0,,,,,,,,,,,,,,,,,,,,,,4.2,3.0,,nar,2026-08-23,36.0,35.0,35.0,35.0,35.0,35.0,45.0,履歴少
202646082301,2026-08-23,1,エムティモートン,5.0,5.0,中島龍也,56.0,,6.0,4.0,金沢,2歳新馬,,,,,,,,,,,,,,,,,11.4,5.0,,nar,2026-08-23,39.7,42.8,37.6,29.6,40.6,38.4,48.8,履歴少 / サンプル少
202665082301,2026-08-23,1,エンドワン,3.0,3.0,金田利貴,580.0,,,,,,,,,,,,,,,,,,,,,,,,,nar,2026-08-23,36.0,35.0,35.0,35.0,35.0,35.0,45.0,履歴少
202646082301,2026-08-23,1,エースキャット,4.0,4.0,兼子千央,55.0,,7.0,8.0,門別,JRA認定競走フレッ(新馬)(2歳),,,,,,,,,,,,,,,,,10.0,3.0,,nar,2026-08-23,40.78,41.1,42.2,29.6,40.6,41.7,48.8,履歴少 / サンプル少
202646082301,2026-08-23,1,オルッス,2.0,2.0,田知弘久,56.0,,12.0,10.0,2福島7,2歳未勝利,10.0,10.0,2福島1,2歳新馬,,,,,,,,,,,,,2.0,1.0,,nar,2026-08-23,36.05,28.6,41.3,18.0,38.9,46.1,48.8,履歴少 / サンプル少
202646082301,2026-08-23,1,オーロラクルーズ,3.0,3.0,柴田勇真,55.0,,8.0,5.0,金沢,2歳新馬,,,,,,,,,,,,,,,,,24.3,8.0,,nar,2026-08-23,38.19,39.3,36.0,29.6,40.6,37.3,48.8,履歴少 / サンプル少
202655082301,2026-08-23,1,カパラミプ,3.0,3.0,田中純,54.0,,2.0,9.0,佐賀,里帰りJC第2戦ウェ(C2),9.0,6.0,佐賀,C2ー7組,1.0,5.0,佐賀,C2ー13組,5.0,6.0,佐賀,C2ー13組,6.0,4.0,佐賀,C2ー14組,8.5,2.0,,nar,2026-08-23,66.24,72.8,64.8,64.7,69.5,63.7,52.9,佐賀実績 / 前走人気以上 / 履歴少 / 近走上向き
202635082301,2026-08-23,1,ガウディーマスター,2.0,2.0,高松亮,55.0,,,,,,,,,,,,,,,,,,,,,,6.4,4.0,,nar,2026-08-23,36.0,35.0,35.0,35.0,35.0,35.0,45.0,履歴少
202646082301,2026-08-23,1,キミトヒカレ,1.0,1.0,加藤翔馬,55.0,,3.0,2.0,金沢,2歳3,8.0,6.0,門別,2歳未勝利(未勝利),10.0,9.0,門別,2歳牝馬未勝利(未勝利),9.0,12.0,門別,2歳未勝利(未勝利),9.0,11.0,門別,JRA認定競走アタッ(未勝利)(2歳),3.3,2.0,,nar,2026-08-23,52.15,51.0,47.5,30.4,86.0,54.5,48.8,履歴少 / 近走上向き
202665082301,2026-08-23,1,キンノロナ,6.0,6.0,船山蔵人,580.0,,,,,,,,,,,,,,,,,,,,,,,,,nar,2026-08-23,36.0,35.0,35.0,35.0,35.0,35.0,45.0,履歴少
202665082301,2026-08-23,1,サクセストップ,10.0,8.0,臼杵龍美,570.0,,,,,,,,,,,,,,,,,,,,,,,,,nar,2026-08-23,36.0,35.0,35.0,35.0,35.0,35.0,45.0,履歴少
202635082301,2026-08-23,1,スイートキャンドル,6.0,6.0,大坪慎,54.0,,,,,,,,,,,,,,,,,,,,,,6.4,5.0,,nar,2026-08-23,36.0,35.0,35.0,35.0,35.0,35.0,45.0,履歴少
202646082301,2026-08-23,1,ステラリヴァイヴ,7.0,7.0,沖静男,56.0,,4.0,8.0,金沢,2歳新馬,,,,,,,,,,,,,,,,,10.5,4.0,,nar,2026-08-23,44.2,46.4,46.8,36.3,40.6,42.0,48.8,前走人気以上 / 履歴少 / サンプル少
202655082301,2026-08-23,1,ステレオプシス,5.0,5.0,竹吉徹,54.0,,9.0,8.0,佐賀,C2ー4組,6.0,9.0,佐賀,C2ー4組,4.0,10.0,佐賀,SAGAジョッキーズ(C2),9.0,7.0,佐賀,がんばらんば!長崎の(C2),7.0,7.0,佐賀,C2ー5組,34.9,9.0,,nar,2026-08-23,48.08,51.5,59.4,19.8,35.0,58.6,46.3,履歴少 / 市場オッズ妙味
202665082301,2026-08-23,1,タカノアイリス,4.0,4.0,吉田理人,570.0,,,,,,,,,,,,,,,,,,,,,,,,,nar,2026-08-23,36.0,35.0,35.0,35.0,35.0,35.0,45.0,履歴少
202665082301,2026-08-23,1,ツガルノキンヒメ,9.0,8.0,今井千尋,570.0,,,,,,,,,,,,,,,,,,,,,,,,,nar,2026-08-23,36.0,35.0,35.0,35.0,35.0,35.0,45.0,履歴少
202665082301,2026-08-23,1,トップオブグレイ,1.0,1.0,島津新,600.0,,,,,,,,,,,,,,,,,,,,,,,,,nar,2026-08-23,36.0,35.0,35.0,35.0,35.0,35.0,45.0,履歴少
202655082301,2026-08-23,1,ナンテヒダ,4.0,4.0,石川慎将,56.0,,8.0,6.0,佐賀,ニュースター特別(3歳),9.0,9.0,佐賀,竜門峡特別(3歳),4.0,5.0,佐賀,七ツ釜特別(3歳),8.0,7.0,佐賀,JRA交流ミヤマキリ(3歳),5.0,5.0,佐賀,ウインタースター特別(3歳),19.8,8.0,,nar,2026-08-23,47.07,50.8,46.1,30.1,41.0,59.2,49.6,履歴少 / 市場オッズ妙味
202655082301,2026-08-23,1,ノブノリオウ,7.0,7.0,山口勲,56.0,,1.0,1.0,佐賀,C2ー11組,11.0,11.0,名古屋,C4組,10.0,11.0,名古屋,アジア・アジアパラ応(C),10.0,10.0,名古屋,油ヶ淵賞(C),9.0,10.0,名古屋,継鹿尾山賞(C),1.4,1.0,,nar,2026-08-23,53.94,48.7,52.1,30.4,100.0,51.9,48.8,履歴少 / 近走上向き
202665082301,2026-08-23,1,ハゴロモソラリス,7.0,7.0,西謙一,600.0,,,,,,,,,,,,,,,,,,,,,,,,,nar,2026-08-23,36.0,35.0,35.0,35.0,35.0,35.0,45.0,履歴少
202655082301,2026-08-23,1,ハンデンローリエ,2.0,2.0,椿聡太,51.0,,7.0,7.0,園田,C2二,5.0,6.0,園田,C2三,8.0,8.0,園田,小部7ハロンC2二,1.0,1.0,園田,C3三,6.0,6.0,園田,木見スプリントC3,17.1,6.0,,nar,2026-08-23,52.38,62.2,51.7,39.5,38.0,59.7,48.8,履歴少 / 市場オッズ妙味
202635082301,2026-08-23,1,ヒルダズトルーパー,1.0,1.0,菅原辰徳,54.0,,,,,,,,,,,,,,,,,,,,,,3.7,2.0,,nar,2026-08-23,36.0,35.0,35.0,35.0,35.0,35.0,45.0,履歴少
202665082301,2026-08-23,1,フジベンケイ,5.0,5.0,村上章,600.0,,,,,,,,,,,,,,,,,,,,,,,,,nar,2026-08-23,36.0,35.0,35.0,35.0,35.0,35.0,45.0,履歴少
202635082301,2026-08-23,1,プラチナチケット,5.0,5.0,南郷家全,55.0,,,,,,,,,,,,,,,,,,,,,,9.7,6.0,,nar,2026-08-23,36.0,35.0,35.0,35.0,35.0,35.0,45.0,履歴少
202655082301,2026-08-23,1,ボーズマン,8.0,7.0,出水拓人,56.0,,10.0,3.0,佐賀,C2ー5組,6.0,4.0,佐賀,C2ー4組,6.0,3.0,佐賀,C2ー5組,5.0,7.0,笠松,B5組,7.0,5.0,笠松,B4組,15.6,5.0,,nar,2026-08-23,37.29,50.6,28.1,14.6,26.0,51.0,43.8,履歴少 / 市場オッズ妙味
202655082301,2026-08-23,1,マイチャージ,1.0,1.0,山下裕貴,54.0,,11.0,2.0,佐賀,C2ー5組,10.0,10.0,名古屋,C4組,11.0,10.0,名古屋,アジア・アジアパラ応(C),7.0,4.0,園田,ハナミズキ賞C3一,6.0,6.0,園田,C3一,15.4,4.0,,nar,2026-08-23,30.28,30.8,26.4,0.0,35.0,44.6,48.8,履歴少 / 市場オッズ妙味
202665082301,2026-08-23,1,マオノビクトリー,8.0,7.0,中村太陽,600.0,,,,,,,,,,,,,,,,,,,,,,,,,nar,2026-08-23,36.0,35.0,35.0,35.0,35.0,35.0,45.0,履歴少
202635082301,2026-08-23,1,マルケイライズ,4.0,4.0,村上忍,55.0,,,,,,,,,,,,,,,,,,,,,,3.0,1.0,,nar,2026-08-23,36.0,35.0,35.0,35.0,35.0,35.0,45.0,履歴少
202655082301,2026-08-23,1,ミシャベル,9.0,8.0,小松丈二,54.0,,5.0,5.0,佐賀,C2ー6組,8.0,4.0,佐賀,C2ー5組,7.0,7.0,佐賀,C2ー5組,4.0,5.0,佐賀,C2ー6組,3.0,4.0,佐賀,C2ー8組,17.3,7.0,,nar,2026-08-23,54.82,61.7,44.8,55.3,53.0,60.8,52.9,佐賀実績 / 履歴少 / 市場オッズ妙味
202646082301,2026-08-23,1,モーモーセオリー,8.0,8.0,吉田晃浩,56.0,,7.0,6.0,金沢,2歳新馬,,,,,,,,,,,,,,,,,15.0,6.0,,nar,2026-08-23,39.73,41.1,39.1,29.6,40.6,39.5,48.8,履歴少 / サンプル少
202665082301,2026-08-23,1,ユウマックス,2.0,2.0,菊池一樹,580.0,,,,,,,,,,,,,,,,,,,,,,,,,nar,2026-08-23,36.0,35.0,35.0,35.0,35.0,35.0,45.0,履歴少
202655082301,2026-08-23,1,ユールメイキット,10.0,8.0,青海大樹,53.0,,9.0,7.0,佐賀,C2ー11組,7.0,8.0,佐賀,C2ー10組,9.0,7.0,佐賀,C2ー12組,6.0,8.0,佐賀,C2ー11組,7.0,8.0,佐賀,はたさん来場記念(C2),105.5,10.0,,nar,2026-08-23,40.38,45.1,47.5,0.0,39.5,51.6,43.8,履歴少
202646082301,2026-08-23,1,リワードハンナ,6.0,6.0,平瀬城久,55.0,,5.0,5.0,金沢,猫月めいちゃん誕生日(2歳),10.0,8.0,金沢,2歳2,4.0,4.0,金沢,2歳新馬,,,,,,,,,21.2,7.0,,nar,2026-08-23,53.23,56.8,45.4,50.2,62.0,54.1,54.0,金沢実績 / 履歴少 / 市場オッズ妙味
202655082301,2026-08-23,1,ロイヤルキャピタル,6.0,6.0,長谷川蓮,54.0,,9.0,6.0,佐賀,C2ー5組,9.0,6.0,佐賀,C2ー4組,12.0,6.0,佐賀,C2ー5組,4.0,6.0,佐賀,C2ー5組,7.0,2.0,佐賀,C2ー6組,9.9,3.0,,nar,2026-08-23,35.34,38.7,28.5,14.6,44.0,42.8,46.3,履歴少
202655082302,2026-08-23,2,ウラチャチャ,9.0,7.0,川島拓,56.0,,5.0,5.0,佐賀,C2ー5組,4.0,5.0,佐賀,C2ー5組,7.0,1.0,佐賀,C2ー6組,6.0,2.0,佐賀,C2ー6組,1.0,3.0,佐賀,はたさん来場記念(C2),7.7,5.0,,nar,2026-08-23,55.49,69.0,40.8,65.7,47.0,54.1,52.9,佐賀実績 / 履歴少 / 安定感
202665082302,2026-08-23,2,エイコウクイン,3.0,3.0,菊池一樹,480.0,,,,,,,,,,,,,,,,,,,,,,,,,nar,2026-08-23,36.0,35.0,35.0,35.0,35.0,35.0,45.0,履歴少
202655082302,2026-08-23,2,エイヨーニニギ,1.0,1.0,山田義貴,56.0,,8.0,8.0,佐賀,JRA認定カペラ賞(重賞),7.0,4.0,佐賀,ベテルギウス特別(2歳),1.0,3.0,佐賀,2歳ー2組,2.0,3.0,佐賀,2歳ー2組,10.0,8.0,佐賀,JRA認定九州ジュニ(重賞),4.1,1.0,,nar,2026-08-23,49.15,62.4,47.1,34.3,32.0,53.2,49.6,履歴少
202655082302,2026-08-23,2,エスケーダンディ,11.0,8.0,長谷川蓮,56.0,,10.0,5.0,佐賀,C2ー4組,11.0,8.0,高知,ファイナルレース(C3),10.0,9.0,高知,ファイナルレース(C3),4.0,8.0,高知,ファイナルレース(C3),6.0,7.0,高知,C3ー11,6.3,3.0,,nar,2026-08-23,37.11,36.3,37.6,14.6,36.5,49.5,48.8,履歴少
202655082302,2026-08-23,2,エムズマン,10.0,8.0,田中直人,56.0,,8.0,7.0,佐賀,C2ー5組,5.0,8.0,佐賀,C2ー5組,5.0,8.0,佐賀,C2ー6組,7.0,4.0,佐賀,C2ー6組,4.0,5.0,佐賀,C2ー7組,22.7,9.0,,nar,2026-08-23,53.82,59.2,54.9,55.0,33.5,58.2,52.9,佐賀実績 / 履歴少 / 市場オッズ妙味
202655082302,2026-08-23,2,エルステッド,5.0,5.0,青海大樹,55.0,,10.0,9.0,佐賀,3歳ー2組,3.0,7.0,佐賀,3歳ー3組,7.0,11.0,佐賀,3歳ー4組,9.0,12.0,佐賀,パッカルくんのおとし(3歳),11.0,11.0,佐賀,パドックリニューアル(3歳),30.0,10.0,,nar,2026-08-23,48.52,47.0,63.4,24.9,35.0,59.3,46.3,履歴少 / 市場オッズ妙味
202655082302,2026-08-23,2,カナデルエア,7.0,6.0,小松丈二,54.0,,4.0,10.0,佐賀,C2ー5組,6.0,11.0,佐賀,C2ー5組,10.0,12.0,佐賀,C2ー5組,10.0,11.0,佐賀,C2ー4組,11.0,1.0,佐賀,C2ー5組,18.7,8.0,,nar,2026-08-23,56.56,49.7,68.0,30.4,81.5,58.9,46.3,前走人気以上 / 履歴少 / 人気以上に走る傾向 / 近走上向き
202646082302,2026-08-23,2,カメリアブラン,6.0,6.0,加藤翔馬,55.0,,2.0,2.0,金沢,けんご&あすか結婚記(2歳),4.0,4.0,金沢,2歳2,3.0,3.0,金沢,2歳新馬,,,,,,,,,3.7,3.0,,nar,2026-08-23,65.5,84.6,50.0,75.1,59.0,55.6,59.5,金沢実績 / 履歴少 / 安定感
202646082302,2026-08-23,2,カリーノソフィア,3.0,3.0,中島龍也,55.0,,1.0,1.0,金沢,猫月めいちゃん誕生日(2歳),5.0,2.0,金沢,2歳新馬,,,,,,,,,,,,,2.6,1.0,,nar,2026-08-23,53.48,65.1,40.3,48.4,58.7,48.5,59.5,金沢実績 / 履歴少 / サンプル少
202655082302,2026-08-23,2,コスモサンブライト,6.0,6.0,長田進仁,54.0,,6.0,7.0,笠松,幸さん所属おめでとう(C),5.0,4.0,笠松,C9組,3.0,4.0,笠松,C級サバイバル,7.0,7.0,笠松,C13組,7.0,3.0,笠松,第5回ウマ娘シンデレ(C),5.2,2.0,,nar,2026-08-23,53.44,64.7,48.9,44.7,47.0,55.1,48.8,履歴少
202665082302,2026-08-23,2,コトブキエルダー,9.0,8.0,西将太,500.0,,,,,,,,,,,,,,,,,,,,,,,,,nar,2026-08-23,36.0,35.0,35.0,35.0,35.0,35.0,45.0,履歴少
202635082302,2026-08-23,2,コンバットベラ,6.0,6.0,岩本怜,54.0,,9.0,8.0,門別,優駿の里安平町SRK(C4),12.0,9.0,門別,3歳以上C4ー3,9.0,10.0,門別,3歳以上C4ー3,8.0,12.0,門別,グランシャリオドリー(C4),10.0,8.0,門別,3歳以上C4ー3,5.0,3.0,,nar,2026-08-23,38.27,30.4,46.7,0.0,54.5,51.1,48.8,履歴少
202635082302,2026-08-23,2,サウンドノバ,5.0,5.0,塚本涼人,56.0,,4.0,8.0,佐賀,サガデーナイト競馬賞(B),7.0,10.0,佐賀,サガデーナイト競馬賞(B),6.0,9.0,佐賀,アマリリス賞,7.0,8.0,佐賀,ギガンテウム賞,6.0,8.0,佐賀,みどりの日賞(B),2.3,1.0,,nar,2026-08-23,59.04,61.7,70.4,30.4,65.0,61.1,48.8,前走人気以上 / 履歴少 / 人気以上に走る傾向 / 近走上向き
202635082302,2026-08-23,2,サクラトップスカイ,7.0,7.0,菅原辰徳,56.0,,7.0,5.0,盛岡,C2,3.0,9.0,盛岡,C2,7.0,10.0,盛岡,C2,10.0,5.0,盛岡,C2,11.0,6.0,水沢,C2八組,6.5,4.0,,nar,2026-08-23,49.08,53.2,51.6,24.9,54.5,54.0,47.1,履歴少
202665082302,2026-08-23,2,サンシルク,2.0,2.0,今井千尋,490.0,,,,,,,,,,,,,,,,,,,,,,,,,nar,2026-08-23,36.0,35.0,35.0,35.0,35.0,35.0,45.0,履歴少
202646082302,2026-08-23,2,ザケンロクエン,2.0,2.0,浅野登生,52.0,,7.0,7.0,金沢,優翔&香菜子結婚記念(2歳),5.0,5.0,金沢,けんご&あすか結婚記(2歳),5.0,10.0,金沢,2歳2,4.0,4.0,金沢,2歳新馬,,,,,56.5,7.0,,nar,2026-08-23,56.76,63.9,57.7,59.3,36.0,57.6,55.3,金沢実績 / 履歴少
202646082302,2026-08-23,2,ショウガドマンナカ,5.0,5.0,魚住謙心,55.0,,4.0,5.0,金沢,優翔&香菜子結婚記念(2歳),5.0,4.0,金沢,文月特別(2歳),2.0,2.0,金沢,2歳新馬,,,,,,,,,7.7,4.0,,nar,2026-08-23,62.95,77.6,50.5,75.1,47.0,58.7,62.5,金沢実績 / クラス条件好転 / 履歴少 / 安定感
202655082302,2026-08-23,2,タガノフレミング,4.0,4.0,田中純,54.0,,1.0,8.0,佐賀,C2ー10組,3.0,9.0,佐賀,C2ー10組,8.0,11.0,佐賀,C2ー12組,8.0,11.0,佐賀,C2ー11組,9.0,9.0,佐賀,はたさん来場記念(C2),8.8,7.0,,nar,2026-08-23,71.4,70.2,82.6,55.3,86.0,71.6,49.6,前走人気以上 / 履歴少 / 人気以上に走る傾向 / 近走上向き
202665082302,2026-08-23,2,ダイキチ,1.0,1.0,渡来心路,500.0,,,,,,,,,,,,,,,,,,,,,,,,,nar,2026-08-23,36.0,35.0,35.0,35.0,35.0,35.0,45.0,履歴少
202665082302,2026-08-23,2,ハゴロモジョイア,6.0,6.0,大友一馬,500.0,,,,,,,,,,,,,,,,,,,,,,,,,nar,2026-08-23,36.0,35.0,35.0,35.0,35.0,35.0,45.0,履歴少
202635082302,2026-08-23,2,ハッサク,8.0,8.0,関本玲花,54.0,,8.0,7.0,盛岡,C2八組,5.0,6.0,盛岡,C2九組,5.0,7.0,盛岡,C2八組,9.0,11.0,盛岡,C2,8.0,8.0,水沢,C2,15.7,6.0,,nar,2026-08-23,52.65,53.6,54.4,44.7,42.5,64.3,51.2,盛岡実績 / 履歴少 / 市場オッズ妙味
202646082302,2026-08-23,2,ハートサイン,1.0,1.0,青柳正義,55.0,,2.0,2.0,金沢,猫月めいちゃん誕生日(2歳),6.0,7.0,金沢,2歳2,5.0,5.0,金沢,2歳2,7.0,6.0,金沢,2歳新馬,,,,,15.6,5.0,,nar,2026-08-23,60.82,71.3,50.8,50.2,74.0,61.7,51.2,金沢実績 / 履歴少 / 近走上向き / 市場オッズ妙味
202655082302,2026-08-23,2,パウリノ,8.0,7.0,飛田愛斗,54.0,,7.0,10.0,佐賀,3歳ー2組,2.0,8.0,佐賀,3歳ー3組,8.0,10.0,佐賀,パッカルくんのおとし(3歳),9.0,10.0,佐賀,パドックリニューアル(3歳),6.0,10.0,佐賀,3歳ー3組,7.4,4.0,,nar,2026-08-23,56.56,58.9,73.5,24.9,45.5,66.8,46.3,前走人気以上 / 履歴少 / 人気以上に走る傾向 / 過小評価傾向
202665082302,2026-08-23,2,ファミリーノチカラ,4.0,4.0,赤塚健仁,480.0,,,,,,,,,,,,,,,,,,,,,,,,,nar,2026-08-23,36.0,35.0,35.0,35.0,35.0,35.0,45.0,履歴少
202665082302,2026-08-23,2,フジコノコ,7.0,7.0,村上章,480.0,,,,,,,,,,,,,,,,,,,,,,,,,nar,2026-08-23,36.0,35.0,35.0,35.0,35.0,35.0,45.0,履歴少
202635082302,2026-08-23,2,ポイントバック,3.0,3.0,南郷家全,56.0,,8.0,8.0,盛岡,C2九組,8.0,9.0,盛岡,C2八組,10.0,9.0,盛岡,C2八組,9.0,5.0,盛岡,C2九組,9.0,8.0,水沢,C2九組,19.4,7.0,,nar,2026-08-23,39.9,38.8,45.6,0.0,56.0,50.0,43.8,履歴少 / 市場オッズ妙味
202665082302,2026-08-23,2,ポップコーン,5.0,5.0,西謙一,480.0,,,,,,,,,,,,,,,,,,,,,,,,,nar,2026-08-23,36.0,35.0,35.0,35.0,35.0,35.0,45.0,履歴少
202655082302,2026-08-23,2,ポップサンダー,2.0,2.0,椿聡太,51.0,,3.0,10.0,佐賀,3歳ー3組,6.0,4.0,佐賀,3歳ー3組,3.0,6.0,佐賀,3歳ー4組,5.0,5.0,佐賀,3歳ー4組,5.0,5.0,佐賀,パドックリニューアル(3歳),8.8,6.0,,nar,2026-08-23,67.37,74.0,65.6,75.1,60.5,64.5,56.2,佐賀実績 / 前走人気以上 / 履歴少 / 人気以上に走る傾向
202665082302,2026-08-23,2,マルホンカヒア,10.0,8.0,金田利貴,480.0,,,,,,,,,,,,,,,,,,,,,,,,,nar,2026-08-23,36.0,35.0,35.0,35.0,35.0,35.0,45.0,履歴少
202635082302,2026-08-23,2,ミヤビノオウザ,2.0,2.0,佐々木志,56.0,,4.0,5.0,盛岡,C2八組,4.0,7.0,盛岡,C2九組,7.0,5.0,盛岡,C2九組,4.0,3.0,盛岡,C2九組,5.0,7.0,盛岡,C2八組,4.5,2.0,,nar,2026-08-23,63.06,70.4,55.0,80.2,56.0,58.4,56.2,盛岡実績 / 履歴少 / 安定感
202655082302,2026-08-23,2,ミラルージュ,3.0,3.0,中山蓮王,54.0,,6.0,11.0,佐賀,C2ー5組,12.0,10.0,佐賀,C2ー4組,5.0,8.0,佐賀,C2ー5組,9.0,9.0,佐賀,C2ー4組,5.0,8.0,佐賀,C2ー5組,31.5,11.0,,nar,2026-08-23,52.42,46.9,63.5,30.1,60.5,58.7,49.6,前走人気以上 / 履歴少 / 市場オッズ妙味
202635082302,2026-08-23,2,ユニークカラー,1.0,1.0,小林凌,56.0,,8.0,5.0,盛岡,C2九組,3.0,7.0,盛岡,C2八組,10.0,9.0,盛岡,C2八組,10.0,5.0,水沢,C2九組,7.0,5.0,水沢,C2九組,9.7,5.0,,nar,2026-08-23,44.49,49.3,42.7,24.9,47.0,49.8,48.5,履歴少
202635082302,2026-08-23,2,ラストパラダイス,4.0,4.0,鈴木祐,56.0,,8.0,8.0,盛岡,C2八組,9.0,9.0,盛岡,C2八組,9.0,9.0,盛岡,C2九組,9.0,8.0,盛岡,C2九組,9.0,8.0,盛岡,C2八組,33.6,8.0,,nar,2026-08-23,40.49,38.4,48.3,0.0,56.0,50.4,43.8,履歴少
202646082302,2026-08-23,2,リュウノガッパオ,7.0,7.0,鈴木太一,55.0,,4.0,3.0,金沢,2歳3,3.0,3.0,金沢,猫月めいちゃん誕生日(2歳),7.0,5.0,金沢,2歳2,6.0,4.0,金沢,2歳新馬,,,,,16.0,6.0,,nar,2026-08-23,56.64,70.3,42.3,55.3,58.0,57.7,51.2,金沢実績 / 履歴少 / 市場オッズ妙味
202646082302,2026-08-23,2,ルビーオーシャン,4.0,4.0,柴田勇真,56.0,,2.0,4.0,金沢,優翔&香菜子結婚記念(2歳),3.0,3.0,金沢,けんご&あすか結婚記(2歳),5.0,5.0,大井,2歳　新馬(新馬),,,,,,,,,3.1,2.0,,nar,2026-08-23,66.98,83.0,55.7,75.1,62.0,57.0,59.5,金沢実績 / 履歴少 / 安定感
202665082302,2026-08-23,2,ヴァンクール,8.0,7.0,鈴木恵介,500.0,,,,,,,,,,,,,,,,,,,,,,,,,nar,2026-08-23,36.0,35.0,35.0,35.0,35.0,35.0,45.0,履歴少
202635082303,2026-08-23,3,アステルグロリアス,5.0,5.0,山本聡紀,54.0,,10.0,10.0,盛岡,C2六組,7.0,9.0,盛岡,C2六組,7.0,9.0,盛岡,C2二組,9.0,6.0,盛岡,C2,1.0,5.0,水沢,C2六組,65.7,8.0,,nar,2026-08-23,43.13,47.3,56.1,10.3,26.0,54.8,43.8,履歴少
202635082303,2026-08-23,3,アルデムラータ,4.0,4.0,小林凌,54.0,,6.0,6.0,盛岡,C2六組,4.0,5.0,盛岡,C2七組,3.0,4.0,盛岡,C2八組,6.0,5.0,盛岡,C2七組,4.0,3.0,盛岡,C2七組,22.7,4.0,,nar,2026-08-23,56.55,70.4,51.4,55.0,39.5,56.3,52.9,盛岡実績 / 履歴少 / 市場オッズ妙味
202635082303,2026-08-23,3,アンテニトルス,3.0,3.0,斉藤友香,50.0,,2.0,2.0,盛岡,C2八組,2.0,6.0,盛岡,C2八組,8.0,6.0,盛岡,C2七組,8.0,4.0,盛岡,C2八組,2.0,6.0,盛岡,C2九組,3.5,2.0,,nar,2026-08-23,63.12,75.5,53.0,65.7,68.0,56.6,52.9,盛岡実績 / 履歴少 / 近走上向き / 安定感
202655082303,2026-08-23,3,ウインダンスタイム,6.0,6.0,青海大樹,53.0,,9.0,3.0,佐賀,C2ー10組,1.0,1.0,佐賀,SAGAリベンジャー(C2),7.0,6.0,佐賀,SAGAリベンジャー(C2),6.0,6.0,佐賀,SAGAリベンジャー(C2),3.0,4.0,佐賀,SAGAリベンジャー(C2),23.2,7.0,,nar,2026-08-23,45.46,63.6,36.6,35.3,21.5,50.8,49.6,履歴少 / 市場オッズ妙味
202655082303,2026-08-23,3,エスプラネード,7.0,7.0,石川慎将,54.0,,2.0,2.0,佐賀,C2ー6組,2.0,4.0,佐賀,C2ー7組,3.0,4.0,佐賀,SAGAリベンジャー(C2),4.0,2.0,佐賀,C2ー9組,2.0,1.0,佐賀,はたさん来場記念(C2),4.0,2.0,,nar,2026-08-23,69.48,88.1,52.1,100.0,54.5,55.9,59.5,佐賀実績 / 履歴少 / 安定感
202665082303,2026-08-23,3,オレノゴウリキ,7.0,7.0,中原蓮,500.0,,,,,,,,,,,,,,,,,,,,,,,,,nar,2026-08-23,36.0,35.0,35.0,35.0,35.0,35.0,45.0,履歴少
202655082303,2026-08-23,3,カオリチャン,5.0,5.0,竹吉徹,54.0,,6.0,8.0,佐賀,C2ー4組,12.0,7.0,佐賀,C2ー3組,2.0,7.0,佐賀,C2ー6組,8.0,4.0,佐賀,C2ー5組,5.0,8.0,佐賀,C2ー6組,28.3,8.0,,nar,2026-08-23,49.79,52.9,50.5,30.1,54.5,55.4,49.6,履歴少 / 市場オッズ妙味
202655082303,2026-08-23,3,カシノフロイデ,3.0,3.0,椿聡太,51.0,,3.0,4.0,佐賀,C2ー5組,7.0,5.0,佐賀,JRA交流大隅特別,3.0,4.0,佐賀,C2ー6組,1.0,5.0,佐賀,こだまさん来場記念(C2),5.0,7.0,佐賀,C2ー13組,10.1,4.0,,nar,2026-08-23,65.38,76.7,55.6,75.1,56.0,63.7,59.2,佐賀実績 / クラス条件好転 / 履歴少 / 安定感
202635082303,2026-08-23,3,カゼヨウビ,2.0,2.0,大坪慎,54.0,,8.0,9.0,盛岡,C2六組,9.0,4.0,盛岡,C2七組,2.0,1.0,盛岡,C2八組,4.0,5.0,盛岡,C2七組,5.0,6.0,盛岡,C2七組,54.8,7.0,,nar,2026-08-23,48.63,58.6,43.8,44.7,32.0,51.5,52.9,盛岡実績 / 履歴少
202646082303,2026-08-23,3,カネトシエルド,6.0,6.0,柴田勇真,56.0,,1.0,4.0,金沢,JRA認定競走スフェ(2歳),1.0,2.0,金沢,麦雨特別(2歳),2.0,3.0,金沢,紫陽花特別(2歳),3.0,5.0,金沢,スーパードリーム2歳,,,,,1.7,1.0,,nar,2026-08-23,73.71,95.6,62.9,89.7,56.0,57.9,62.5,金沢実績 / クラス条件好転 / 前走人気以上 / 履歴少
202665082303,2026-08-23,3,カラシレンコン,9.0,8.0,西将太,500.0,,,,,,,,,,,,,,,,,,,,,,,,,nar,2026-08-23,36.0,35.0,35.0,35.0,35.0,35.0,45.0,履歴少
202665082303,2026-08-23,3,キュータロウ,1.0,1.0,今井千尋,490.0,,,,,,,,,,,,,,,,,,,,,,,,,nar,2026-08-23,36.0,35.0,35.0,35.0,35.0,35.0,45.0,履歴少
202646082303,2026-08-23,3,サンエイヴェスタ,3.0,3.0,田知弘久,55.0,,7.0,3.0,金沢,くろゆり賞(2歳),1.0,3.0,金沢,2歳新馬,,,金沢,2歳新馬,,,,,,,,,30.4,5.0,,nar,2026-08-23,45.11,58.5,40.5,31.7,25.7,50.0,51.2,金沢実績 / 履歴少 / サンプル少 / 市場オッズ妙味
202635082303,2026-08-23,3,サンホワイトクリフ,1.0,1.0,坂井瑛音,55.0,,4.0,4.0,盛岡,C2八組,6.0,2.0,盛岡,C2八組,6.0,2.0,盛岡,C2五組,1.0,3.0,水沢,C2九組,6.0,4.0,水沢,C2八組,23.6,5.0,,nar,2026-08-23,52.88,70.7,38.1,45.0,54.5,51.1,48.5,履歴少 / 市場オッズ妙味
202665082303,2026-08-23,3,シャインクィーン,8.0,7.0,吉田理人,470.0,,,,,,,,,,,,,,,,,,,,,,,,,nar,2026-08-23,36.0,35.0,35.0,35.0,35.0,35.0,45.0,履歴少
202665082303,2026-08-23,3,ジェットクイーン,3.0,3.0,菊池一樹,480.0,,,,,,,,,,,,,,,,,,,,,,,,,nar,2026-08-23,36.0,35.0,35.0,35.0,35.0,35.0,45.0,履歴少
202635082303,2026-08-23,3,ジョードプル,8.0,8.0,岩本怜,56.0,,5.0,6.0,盛岡,C2七組,8.0,8.0,盛岡,C2七組,6.0,7.0,盛岡,C2七組,4.0,9.0,盛岡,C2六組,8.0,10.0,盛岡,C2六組,40.7,6.0,,nar,2026-08-23,57.11,59.1,60.1,45.0,59.0,62.1,49.6,履歴少 / 市場オッズ妙味
202646082303,2026-08-23,3,ジーティーエナジー,1.0,1.0,松戸政也,55.0,,1.0,1.0,金沢,けんご&あすか結婚記(2歳),3.0,3.0,金沢,2歳2,3.0,3.0,金沢,2歳2,3.0,7.0,金沢,2歳新馬,,,,,6.3,4.0,,nar,2026-08-23,70.83,89.4,54.6,89.7,62.0,61.1,59.5,金沢実績 / 履歴少 / 安定感
202655082303,2026-08-23,3,トゥーナアンディ,2.0,2.0,小松丈二,54.0,,7.0,7.0,佐賀,C2ー4組,7.0,11.0,佐賀,C2ー3組,5.0,8.0,佐賀,C2ー4組,5.0,10.0,佐賀,C2ー4組,8.0,7.0,佐賀,C2ー5組,35.2,9.0,,nar,2026-08-23,54.79,56.7,65.5,34.3,45.5,61.9,49.6,履歴少 / 人気以上に走る傾向 / 市場オッズ妙味
202665082303,2026-08-23,3,ニシキライデン,6.0,6.0,鈴木恵介,500.0,,,,,,,,,,,,,,,,,,,,,,,,,nar,2026-08-23,36.0,35.0,35.0,35.0,35.0,35.0,45.0,履歴少
202655082303,2026-08-23,3,ノイエムジーク,10.0,8.0,長田進仁,56.0,,7.0,4.0,佐賀,海の日特選(C2),1.0,2.0,佐賀,C2ー8組,9.0,8.0,名古屋,C3組,9.0,5.0,名古屋,祝45歳!キミとの未(C),5.0,8.0,名古屋,C4組,4.4,3.0,,nar,2026-08-23,48.86,60.1,42.1,35.3,44.0,52.1,51.2,佐賀実績 / 履歴少
202635082303,2026-08-23,3,バララララララ,7.0,7.0,山本政聡,54.0,,2.0,2.0,盛岡,C2八組,3.0,3.0,盛岡,C2八組,4.0,3.0,盛岡,C2九組,2.0,2.0,盛岡,C2八組,7.0,2.0,盛岡,C2八組,4.0,3.0,,nar,2026-08-23,65.06,82.7,45.0,89.7,62.0,52.0,56.2,盛岡実績 / 履歴少 / 安定感
202665082303,2026-08-23,3,パリスエンジェル,10.0,8.0,中村太陽,480.0,,,,,,,,,,,,,,,,,,,,,,,,,nar,2026-08-23,36.0,35.0,35.0,35.0,35.0,35.0,45.0,履歴少
202646082303,2026-08-23,3,ピカイチ,2.0,2.0,平瀬城久,56.0,,5.0,7.0,金沢,くろゆり賞(2歳),4.0,5.0,金沢,文月特別(2歳),5.0,5.0,金沢,麦雨特別(2歳),5.0,4.0,金沢,紫陽花特別(2歳),4.0,3.0,金沢,スーパードリーム2歳,62.9,6.0,,nar,2026-08-23,64.32,70.8,54.3,100.0,47.0,54.1,62.5,金沢実績 / クラス条件好転 / 履歴少 / 安定感
202655082303,2026-08-23,3,プリズムフィーユ,1.0,1.0,飛田愛斗,54.0,,8.0,8.0,佐賀,3歳ー2組,3.0,6.0,佐賀,3歳ー2組,9.0,7.0,佐賀,3歳ー4組,10.0,1.0,佐賀,パッカルくんのおとし(3歳),11.0,3.0,大井,3歳九　十11(3歳十),15.4,5.0,,nar,2026-08-23,42.48,47.6,37.5,24.9,51.5,44.8,47.1,履歴少 / 市場オッズ妙味
202655082303,2026-08-23,3,ヘラクレステソーロ,8.0,7.0,田中純,56.0,,1.0,7.0,佐賀,脳みそ夫さん来場記念(3歳),6.0,5.0,佐賀,3歳ー4組,4.0,4.0,佐賀,3歳ー4組,8.0,1.0,佐賀,よーらいさん来場記念(3歳),2.0,1.0,佐賀,パッカルくんのおとし(3歳),2.3,1.0,,nar,2026-08-23,62.77,76.3,53.1,60.5,74.0,51.6,52.9,佐賀実績 / 前走人気以上 / 履歴少 / 近走上向き
202655082303,2026-08-23,3,マヘアラニ,9.0,8.0,田中直人,54.0,,3.0,4.0,佐賀,C2ー11組,8.0,7.0,佐賀,C2ー11組,3.0,10.0,佐賀,C2ー11組,7.0,10.0,佐賀,こだまさん来場記念(C2),7.0,10.0,佐賀,C2ー13組,16.5,6.0,,nar,2026-08-23,63.34,66.1,65.3,50.2,69.5,70.4,49.6,履歴少 / 人気以上に走る傾向 / 近走上向き / 過小評価傾向
202665082303,2026-08-23,3,ミスアショロ,5.0,5.0,赤塚健仁,480.0,,,,,,,,,,,,,,,,,,,,,,,,,nar,2026-08-23,36.0,35.0,35.0,35.0,35.0,35.0,45.0,履歴少
202655082303,2026-08-23,3,メイショウワカタケ,4.0,4.0,出水拓人,56.0,,11.0,11.0,佐賀,C2ー10組,9.0,10.0,佐賀,C2ー9組,6.0,10.0,佐賀,C2ー10組,12.0,12.0,佐賀,SAGAリベンジャー(C2),8.0,11.0,佐賀,SAGAリベンジャー(C2),123.9,10.0,,nar,2026-08-23,40.18,33.2,59.4,0.0,36.5,56.1,43.8,履歴少
202646082303,2026-08-23,3,リュウノアメリカン,4.0,4.0,鈴木太一,56.0,,3.0,4.0,金沢,くろゆり賞(2歳),4.0,7.0,金沢,JRA認定競走スフェ(2歳),2.0,1.0,金沢,2歳2,2.0,1.0,金沢,2歳新馬,,,,,5.6,3.0,,nar,2026-08-23,67.8,84.8,55.5,89.7,48.0,59.0,59.5,金沢実績 / 履歴少 / 安定感
202665082303,2026-08-23,3,レオン,2.0,2.0,渡来心路,500.0,,,,,,,,,,,,,,,,,,,,,,,,,nar,2026-08-23,36.0,35.0,35.0,35.0,35.0,35.0,45.0,履歴少
202646082303,2026-08-23,3,レーヌノワール,5.0,5.0,吉原寛人,55.0,,7.0,1.0,金沢,JRA認定競走スフェ(2歳),2.0,3.0,金沢,文月特別(2歳),1.0,1.0,金沢,2歳新馬,,,,,,,,,3.9,2.0,,nar,2026-08-23,50.44,77.9,35.3,44.7,17.0,50.4,57.0,金沢実績 / クラス条件好転 / 履歴少
202635082303,2026-08-23,3,ロンディネ,6.0,6.0,高松亮,54.0,,3.0,1.0,盛岡,C2七組,1.0,1.0,盛岡,C2八組,12.0,8.0,川崎,C2五,3.0,5.0,川崎,C3一　二,7.0,7.0,川崎,C3一　二,1.8,1.0,,nar,2026-08-23,59.17,70.5,42.3,69.9,66.5,49.9,59.5,盛岡実績 / 履歴少 / 近走上向き / 安定感
202665082303,2026-08-23,3,ヴルールシュクセ,4.0,4.0,島津新,500.0,,,,,,,,,,,,,,,,,,,,,,,,,nar,2026-08-23,36.0,35.0,35.0,35.0,35.0,35.0,45.0,履歴少
202646082304,2026-08-23,4,アンザンタカヒロ,5.0,5.0,田知弘久,57.0,,5.0,8.0,金沢,C29,6.0,8.0,金沢,かつののみや杯(C2),10.0,10.0,金沢,第1回えみこた日和記(C2特別),7.0,9.0,金沢,C211,7.0,9.0,金沢,C212,119.8,6.0,,nar,2026-08-23,54.62,54.1,63.4,30.4,65.0,58.5,46.3,前走人気以上 / 履歴少 / 近走上向き
202665082304,2026-08-23,4,イワキボナール,5.0,5.0,船山蔵人,510.0,,,,,,,,,,,,,,,,,,,,,,,,,nar,2026-08-23,36.0,35.0,35.0,35.0,35.0,35.0,45.0,履歴少
202635082304,2026-08-23,4,エバーアリエル,8.0,8.0,村上忍,54.0,,6.0,9.0,盛岡,C2六組,7.0,8.0,盛岡,C2六組,6.0,8.0,盛岡,C2六組,8.0,7.0,盛岡,C2五組,7.0,4.0,盛岡,C2五組,32.5,7.0,,nar,2026-08-23,48.15,54.8,57.7,0.0,56.0,56.0,43.8,前走人気以上 / 履歴少 / 市場オッズ妙味
202655082304,2026-08-23,4,オンリーラヴ,2.0,2.0,椿聡太,51.0,,1.0,1.0,佐賀,C2ー14組,1.0,1.0,佐賀,C2ー13組,13.0,13.0,1福島6,4歳以上1勝クラス,12.0,14.0,1小倉4,4歳以上1勝クラス,5.0,6.0,金沢,加賀粟津賞(A2B1),1.9,1.0,,nar,2026-08-23,63.17,64.9,52.8,65.7,90.5,54.7,59.5,佐賀実績 / 履歴少 / 近走上向き / 安定感
202635082304,2026-08-23,4,カニフ,3.0,3.0,大坪慎,54.0,,2.0,3.0,盛岡,C2七組,3.0,2.0,盛岡,C2七組,6.0,2.0,盛岡,C2八組,2.0,2.0,盛岡,C2七組,2.0,3.0,盛岡,C2八組,4.8,2.0,,nar,2026-08-23,64.18,83.7,45.6,80.2,57.5,54.7,56.2,盛岡実績 / 履歴少 / 安定感
202646082304,2026-08-23,4,カフェランデブー,7.0,7.0,鈴木太一,55.0,,3.0,3.0,金沢,C29,10.0,11.0,川崎,ファイナルアンサー賞(C2),10.0,9.0,浦和,C2三　四,6.0,10.0,川崎,C2三　四,9.0,9.0,川崎,C2三　四,9.4,3.0,,nar,2026-08-23,54.24,50.5,54.4,30.4,84.5,59.8,48.8,履歴少 / 近走上向き
202646082304,2026-08-23,4,カルツァクライン,9.0,8.0,中島龍也,57.0,,14.0,15.0,2東京3,4歳以上1勝クラス,14.0,13.0,1福島4,4歳以上1勝クラス,15.0,13.0,1中京4,4歳以上1勝クラス,9.0,10.0,3新潟1,3歳以上1勝クラス,15.0,13.0,2東京11,4歳以上1勝クラス,1.1,1.0,,nar,2026-08-23,29.87,5.3,47.2,0.0,45.5,48.2,48.8,履歴少
202655082304,2026-08-23,4,キャラメルコード,10.0,8.0,小松丈二,54.0,,11.0,12.0,佐賀,ヘルクレス座特選(C2),,,佐賀,夏至賞(C2),9.0,10.0,佐賀,こぐま座特選(C2),7.0,10.0,佐賀,緑風賞(C2),5.0,10.0,佐賀,C2ー3組,191.3,11.0,,nar,2026-08-23,42.96,37.0,63.6,10.3,26.0,59.0,47.1,履歴少
202665082304,2026-08-23,4,キラキラトレイン,3.0,3.0,西将太,510.0,,,,,,,,,,,,,,,,,,,,,,,,,nar,2026-08-23,36.0,35.0,35.0,35.0,35.0,35.0,45.0,履歴少
202635082304,2026-08-23,4,クレストライン,2.0,2.0,小林凌,54.0,,5.0,5.0,盛岡,C2六組,5.0,6.0,盛岡,C2六組,3.0,7.0,盛岡,C2六組,5.0,4.0,盛岡,C2六組,6.0,8.0,盛岡,C2六組,34.4,8.0,,nar,2026-08-23,64.17,70.3,57.7,89.7,48.5,60.2,56.2,盛岡実績 / 履歴少 / 安定感 / 市場オッズ妙味
202655082304,2026-08-23,4,サーマル,7.0,6.0,長田進仁,56.0,,4.0,6.0,佐賀,C2ー4組,10.0,10.0,佐賀,C2ー3組,8.0,9.0,佐賀,C2ー3組,10.0,8.0,佐賀,ケンタウルス座特選(C2),7.0,7.0,佐賀,小満特選(C2),69.9,10.0,,nar,2026-08-23,51.37,48.2,53.6,30.4,78.5,52.2,46.3,履歴少 / 近走上向き
202646082304,2026-08-23,4,シックスレター,8.0,8.0,栗原大河,55.0,,2.0,2.0,金沢,かつののみや杯(C2),7.0,5.0,金沢,C212,9.0,4.0,金沢,C211,12.0,10.0,川崎,C3五　六,12.0,12.0,浦和,特選(C3),7.6,2.0,,nar,2026-08-23,50.64,51.0,37.6,30.4,98.0,50.6,48.5,履歴少 / 近走上向き
202655082304,2026-08-23,4,シルバークラフト,5.0,5.0,飛田愛斗,54.0,,9.0,1.0,佐賀,3歳ー2組,1.0,1.0,佐賀,3歳ー4組,1.0,1.0,佐賀,3歳ー6組,1.0,1.0,佐賀,3歳ー8組,2.0,1.0,佐賀,3歳ー8組,5.1,3.0,,nar,2026-08-23,51.6,79.7,32.3,69.6,3.5,51.1,56.2,佐賀実績 / 履歴少 / 安定感
202646082304,2026-08-23,4,ジェムストンパワー,4.0,4.0,松戸政也,57.0,,8.0,4.0,金沢,C29,12.0,9.0,大井,C3五,7.0,9.0,大井,C3五,10.0,11.0,大井,C3四　五六(C3五),10.0,13.0,大井,C3六　七,51.8,5.0,,nar,2026-08-23,38.72,33.6,42.2,0.0,60.5,50.3,48.8,履歴少
202655082304,2026-08-23,4,ジェンダアネモス,6.0,6.0,竹吉徹,54.0,,3.0,4.0,佐賀,ヘルクレス座特選(C2),12.0,2.0,佐賀,しし座特選(C2),4.0,5.0,佐賀,C2ー5組,10.0,12.0,浦和,さいたまオーガニック(C2),10.0,10.0,川崎,C2一　二,36.8,8.0,,nar,2026-08-23,52.36,50.5,38.1,50.2,86.0,52.4,54.0,佐賀実績 / 履歴少 / 近走上向き / 市場オッズ妙味
202646082304,2026-08-23,4,ジャスミンガール,6.0,6.0,服部大地,55.0,,9.0,8.0,金沢,金沢競馬で目指せ初勝(C2),8.0,9.0,金沢,かつののみや杯(C2),10.0,10.0,金沢,日本列島☆爆走!ツア(C2特別),10.0,10.0,金沢,C211,10.0,10.0,金沢,C212,293.8,9.0,,nar,2026-08-23,39.41,34.4,49.6,0.0,53.0,50.9,43.8,履歴少
202646082304,2026-08-23,4,チアフルマノン,2.0,2.0,柴田勇真,55.0,,9.0,9.0,金沢,C29,,,金沢,C211,8.0,8.0,金沢,C212,6.0,10.0,金沢,C212,8.0,12.0,金沢,祝!比嘉賢二還暦記念(C2特別),234.4,8.0,,nar,2026-08-23,43.82,43.9,59.3,0.0,40.0,58.1,43.8,履歴少
202655082304,2026-08-23,4,テイエムテンジン,3.0,3.0,中山蓮王,56.0,,6.0,4.0,佐賀,3歳ー2組,7.0,5.0,佐賀,スターマイン特別(3歳),1.0,2.0,佐賀,パドックリニューアル(3歳),1.0,1.0,佐賀,3歳ー5組,2.0,2.0,佐賀,3歳ー5組,26.8,6.0,,nar,2026-08-23,53.71,75.1,43.6,44.7,30.5,54.3,55.9,佐賀実績 / クラス条件好転 / 履歴少 / 市場オッズ妙味
202665082304,2026-08-23,4,トウメイクイン,7.0,7.0,長澤幸太,490.0,,,,,,,,,,,,,,,,,,,,,,,,,nar,2026-08-23,36.0,35.0,35.0,35.0,35.0,35.0,45.0,履歴少
202665082304,2026-08-23,4,トト,2.0,2.0,金田利貴,510.0,,,,,,,,,,,,,,,,,,,,,,,,,nar,2026-08-23,36.0,35.0,35.0,35.0,35.0,35.0,45.0,履歴少
202655082304,2026-08-23,4,ドリフトウッド,9.0,7.0,石川慎将,56.0,,5.0,3.0,佐賀,C2ー3組,4.0,2.0,佐賀,C2ー4組,3.0,4.0,佐賀,C2ー5組,3.0,7.0,佐賀,C2ー6組,2.0,10.0,佐賀,C2ー9組,32.3,7.0,,nar,2026-08-23,65.88,78.0,53.5,100.0,38.0,62.1,59.5,佐賀実績 / 履歴少 / 安定感 / 市場オッズ妙味
202665082304,2026-08-23,4,ナカサンボルト,8.0,7.0,赤塚健仁,510.0,,,,,,,,,,,,,,,,,,,,,,,,,nar,2026-08-23,36.0,35.0,35.0,35.0,35.0,35.0,45.0,履歴少
202665082304,2026-08-23,4,ハゴロモトレジャー,1.0,1.0,鈴木恵介,510.0,,,,,,,,,,,,,,,,,,,,,,,,,nar,2026-08-23,36.0,35.0,35.0,35.0,35.0,35.0,45.0,履歴少
202665082304,2026-08-23,4,ヒロインミコ,6.0,6.0,渡来心路,490.0,,,,,,,,,,,,,,,,,,,,,,,,,nar,2026-08-23,36.0,35.0,35.0,35.0,35.0,35.0,45.0,履歴少
202655082304,2026-08-23,4,ビザンティーノ,8.0,7.0,長谷川蓮,56.0,,1.0,3.0,佐賀,SAGAリベンジャー(C2),2.0,2.0,佐賀,C2ー10組,3.0,3.0,佐賀,C2ー12組,5.0,2.0,佐賀,C2ー12組,2.0,1.0,佐賀,C2ー15組,10.4,4.0,,nar,2026-08-23,70.73,89.3,50.5,100.0,62.0,58.7,59.5,佐賀実績 / 履歴少 / 安定感
202635082304,2026-08-23,4,ファイストス,5.0,5.0,菅原辰徳,54.0,,,,盛岡,C2五組,7.0,2.0,盛岡,C2五組,1.0,4.0,大井,C3五,2.0,12.0,大井,C3四　五六(C3五),11.0,3.0,大井,C3六　七,7.0,5.0,,nar,2026-08-23,52.53,69.3,49.8,34.3,36.0,56.2,48.8,履歴少
202665082304,2026-08-23,4,フジゴーリキ,10.0,8.0,中原蓮,510.0,,,,,,,,,,,,,,,,,,,,,,,,,nar,2026-08-23,36.0,35.0,35.0,35.0,35.0,35.0,45.0,履歴少
202646082304,2026-08-23,4,ブラックエンペラー,3.0,3.0,沖静男,57.0,,10.0,8.0,船橋,C3五,5.0,5.0,船橋,3歳三,3.0,4.0,船橋,3歳四,3.0,6.0,船橋,馬い!淡路玉ねぎイザ(3歳),5.0,3.0,船橋,ハイビスカスデビュー(2歳),10.5,4.0,,nar,2026-08-23,52.18,61.3,48.7,69.6,14.0,60.0,48.8,履歴少 / 安定感
202635082304,2026-08-23,4,ヘクトプリンセス,4.0,4.0,坂井瑛音,53.0,,8.0,9.0,大井,マーメイド特別競走(C1),9.0,11.0,大井,B3五,6.0,10.0,大井,B3六,8.0,13.0,大井,丸の内坂賞競走(B3),10.0,15.0,大井,伝兵衛坂賞競走(B3),7.0,4.0,,nar,2026-08-23,49.08,43.5,69.9,0.0,51.5,64.8,48.8,履歴少 / 人気以上に走る傾向
202665082304,2026-08-23,4,マオノジュピター,4.0,4.0,西謙一,510.0,,,,,,,,,,,,,,,,,,,,,,,,,nar,2026-08-23,36.0,35.0,35.0,35.0,35.0,35.0,45.0,履歴少
202665082304,2026-08-23,4,マオノソレイユ,9.0,8.0,阿部優哉,510.0,,,,,,,,,,,,,,,,,,,,,,,,,nar,2026-08-23,36.0,35.0,35.0,35.0,35.0,35.0,45.0,履歴少
202655082304,2026-08-23,4,マジョレル,4.0,4.0,山下裕貴,54.0,,4.0,5.0,佐賀,C2ー3組,6.0,9.0,佐賀,C2ー3組,7.0,7.0,佐賀,C2ー3組,2.0,5.0,佐賀,C2ー5組,9.0,2.0,佐賀,C2ー5組,65.1,9.0,,nar,2026-08-23,56.9,65.5,55.4,45.0,62.0,53.5,49.6,履歴少
202635082304,2026-08-23,4,マーゴットミトス,6.0,6.0,塚本涼人,56.0,,1.0,4.0,盛岡,C2八組,7.0,1.0,盛岡,C2六組,4.0,6.0,水沢,C2五組,3.0,8.0,水沢,C2六組,6.0,5.0,水沢,走れ!オッズパーク賞(C2),2.3,1.0,,nar,2026-08-23,63.79,76.8,53.1,64.7,74.0,55.5,51.2,盛岡実績 / 前走人気以上 / 履歴少 / 近走上向き
202635082304,2026-08-23,4,ミエノシリウス,9.0,8.0,高橋悠里,56.0,,8.0,2.0,水沢,C2四組,1.0,1.0,水沢,C2八組,5.0,2.0,盛岡,C2七組,8.0,1.0,盛岡,C2六組,4.0,1.0,水沢,C2三組,10.8,6.0,,nar,2026-08-23,46.08,66.0,23.8,55.0,29.0,47.8,51.2,盛岡実績 / 履歴少
202655082304,2026-08-23,4,メロディセーラ,11.0,8.0,出水拓人,54.0,,1.0,7.0,佐賀,3歳ー3組,4.0,2.0,佐賀,3歳ー3組,2.0,5.0,佐賀,パッカルくんのおとし(3歳),3.0,11.0,佐賀,3歳ー5組,5.0,4.0,佐賀,3歳ー6組,20.6,5.0,,nar,2026-08-23,76.22,86.8,70.9,100.0,65.0,65.4,59.5,佐賀実績 / 前走人気以上 / 履歴少 / 人気以上に走る傾向
202655082304,2026-08-23,4,モズノシアワセ,1.0,1.0,山田義貴,54.0,,2.0,3.0,佐賀,3歳ー2組,1.0,1.0,佐賀,パッカルくんのおとし(3歳),1.0,1.0,佐賀,3歳ー7組,1.0,1.0,佐賀,3歳ー9組,2.0,2.0,佐賀,SAGAリベンジャー(3歳),4.0,2.0,,nar,2026-08-23,70.92,96.7,52.1,100.0,45.5,56.6,59.5,佐賀実績 / 履歴少 / 安定感
202635082304,2026-08-23,4,ユーアーマイソウル,7.0,7.0,阿部英俊,56.0,,4.0,3.0,盛岡,C2六組,2.0,3.0,盛岡,C2七組,6.0,3.0,盛岡,C2六組,2.0,5.0,盛岡,C2五組,4.0,3.0,盛岡,C2七組,6.8,3.0,,nar,2026-08-23,62.58,79.2,47.8,80.2,47.0,57.5,56.2,盛岡実績 / 履歴少 / 安定感
202646082304,2026-08-23,4,ランフォーリリーズ,1.0,1.0,魚住謙心,55.0,,7.0,9.0,金沢,金沢競馬で目指せ初勝(C2),7.0,7.0,金沢,かつののみや杯(C2),7.0,8.0,金沢,C29,8.0,8.0,金沢,C211,6.0,5.0,金沢,C212,202.7,7.0,,nar,2026-08-23,45.57,51.7,54.9,0.0,50.0,53.9,43.8,履歴少
202635082304,2026-08-23,4,ローガンマウンテン,1.0,1.0,佐々木志,54.0,,9.0,8.0,盛岡,C2,8.0,6.0,盛岡,C2,8.0,10.0,盛岡,C1,8.0,9.0,水沢,C1,8.0,5.0,水沢,C1,69.4,9.0,,nar,2026-08-23,39.19,41.6,46.0,0.0,44.0,49.0,43.8,履歴少
202655082305,2026-08-23,5,アテナパルテノス,2.0,2.0,椿聡太,51.0,,10.0,6.0,佐賀,海の日特選(C2),9.0,9.0,佐賀,しし座特選(C2),4.0,7.0,佐賀,こぐま座特選(C2),9.0,4.0,佐賀,ケンタウルス座特選(C2),9.0,5.0,佐賀,小満特選(C2),21.2,8.0,,nar,2026-08-23,38.34,41.5,37.6,19.8,36.5,45.2,46.3,履歴少
202635082305,2026-08-23,5,アルヴィエンヌ,6.0,6.0,塚本涼人,54.0,,11.0,12.0,盛岡,B1,6.0,8.0,盛岡,OROターフ特別(OP),10.0,10.0,盛岡,B1二組,8.0,10.0,盛岡,夢・希望未来へ前進(B1),11.0,12.0,名古屋,五月雨特別(A),61.9,9.0,,nar,2026-08-23,40.48,35.1,58.4,0.0,36.5,54.8,46.0,クラス条件好転 / 履歴少
202635082305,2026-08-23,5,アンドローゼス,1.0,1.0,山本聡哉,54.0,,8.0,8.0,門別,トケイソウ特別(B4),8.0,5.0,門別,ハマナス特別(B4),11.0,3.0,門別,アスチルベ特別(B4),12.0,7.0,1新潟6,4歳以上1勝クラス,11.0,7.0,1新潟2,4歳以上1勝クラス,14.9,5.0,,nar,2026-08-23,33.44,32.1,25.7,0.0,65.0,40.0,48.8,履歴少 / 近走上向き / 市場オッズ妙味
202646082305,2026-08-23,5,エイチエヌハーモニ,6.0,6.0,吉田晃浩,57.0,,2.0,2.0,金沢,C29,1.0,2.0,名古屋,えにいつもありがとう(C),2.0,2.0,名古屋,C10組,3.0,2.0,名古屋,久保田大登1歳の誕生(C),,,金沢,C26,1.0,1.0,,nar,2026-08-23,66.85,92.9,50.8,89.7,50.0,50.0,48.8,履歴少 / 安定感
202635082305,2026-08-23,5,エマリオンレイ,5.0,5.0,佐々木志,54.0,,7.0,6.0,盛岡,B2,5.0,4.0,盛岡,OROターフ特別(OP),10.0,7.0,盛岡,C1,10.0,11.0,盛岡,碁石海岸賞(C1),10.0,8.0,盛岡,B2,33.2,6.0,,nar,2026-08-23,44.68,45.3,41.6,24.9,60.5,48.9,49.3,クラス条件好転 / 履歴少 / 市場オッズ妙味
202635082305,2026-08-23,5,オレンジダンサー,8.0,7.0,村上忍,54.0,,11.0,11.0,盛岡,夢・希望未来へ前進(B2),8.0,9.0,金沢,B23,7.0,9.0,金沢,B22,9.0,9.0,金沢,3月22日はばんえい(B1),9.0,7.0,金沢,B24,63.7,10.0,,nar,2026-08-23,39.01,36.3,53.1,0.0,33.5,51.6,48.8,履歴少
202655082305,2026-08-23,5,オールニッポン,3.0,3.0,山口勲,54.0,,7.0,5.0,浦和,上尾宿賞(C2),7.0,8.0,船橋,C2二　三,5.0,4.0,川崎,フローラ賞(C2C3),6.0,6.0,川崎,アルテミス賞(C2),4.0,10.0,川崎,アトロポス賞(C2C3),4.7,2.0,,nar,2026-08-23,50.04,58.8,50.4,30.1,41.0,57.5,48.8,履歴少
202665082305,2026-08-23,5,クマモトイヤサカ,1.0,1.0,竹ヶ原茉,590.0,,,,,,,,,,,,,,,,,,,,,,,,,nar,2026-08-23,36.0,35.0,35.0,35.0,35.0,35.0,45.0,履歴少
202646082305,2026-08-23,5,クリノヒビキ,4.0,4.0,服部大地,57.0,,8.0,8.0,金沢,フィフスザ中村メシア(C2),5.0,5.0,金沢,能登復興支援能登金剛(C2),10.0,10.0,金沢,C28,5.0,5.0,金沢,第2回又多風緑選手誕(C2),6.0,5.0,金沢,道嵩くん華奈ちゃん結(C2),80.2,9.0,,nar,2026-08-23,48.28,52.0,49.3,39.5,41.0,52.0,49.6,履歴少
202655082305,2026-08-23,5,グレナマディー,8.0,7.0,田中直人,54.0,,7.0,8.0,佐賀,C2ー3組,,,佐賀,夏至賞(C2),7.0,11.0,佐賀,芒種賞(C2),10.0,9.0,佐賀,緑風賞(C2),9.0,8.0,佐賀,C2ー3組,67.3,11.0,,nar,2026-08-23,45.67,45.1,57.9,0.0,60.0,54.0,43.8,履歴少
202646082305,2026-08-23,5,コロラマ,8.0,7.0,栗原大河,57.0,,3.0,9.0,金沢,能登復興支援能登金剛(C2),9.0,10.0,金沢,☆ひなの&はるかお誕(C2特別),8.0,4.0,金沢,C211,3.0,7.0,金沢,C212,9.0,5.0,金沢,C210,28.0,5.0,,nar,2026-08-23,58.88,59.2,60.2,45.0,75.5,58.2,52.6,クラス条件好転 / 前走人気以上 / 履歴少 / 近走上向き
202646082305,2026-08-23,5,サノケン,1.0,1.0,中島龍也,57.0,,4.0,6.0,金沢,C29,6.0,4.0,金沢,能登復興支援能登金剛(C2),4.0,7.0,金沢,C29,4.0,3.0,金沢,C211,2.0,2.0,金沢,C212,20.4,2.0,,nar,2026-08-23,62.25,73.7,53.9,75.1,50.0,57.6,56.2,金沢実績 / 履歴少 / 安定感 / 市場オッズ妙味
202635082305,2026-08-23,5,シルバースペード,10.0,8.0,高橋悠里,56.0,,1.0,4.0,盛岡,B1,9.0,5.0,盛岡,45周年Annive(B1),5.0,1.0,盛岡,B1二組,4.0,7.0,盛岡,夢・希望未来へ前進(B1),7.0,4.0,水沢,タガノビューティー特(B1),2.5,2.0,,nar,2026-08-23,60.31,69.3,44.8,64.7,81.5,50.6,55.3,盛岡実績 / 前走人気以上 / 履歴少 / 近走上向き
202646082305,2026-08-23,5,ジーマックス,10.0,8.0,柴田勇真,57.0,,5.0,3.0,金沢,フィフスザ中村メシア(C2),4.0,8.0,金沢,能登復興支援能登金剛(C2),4.0,6.0,金沢,第1回えみこた日和記(C2特別),6.0,4.0,金沢,第2回又多風緑選手誕(C2),10.0,3.0,金沢,C211,25.0,3.0,,nar,2026-08-23,58.61,66.3,48.4,75.1,56.0,53.0,52.9,金沢実績 / 履歴少 / 安定感 / 市場オッズ妙味
202665082305,2026-08-23,5,ストロングモモ,5.0,5.0,船山蔵人,580.0,,,,,,,,,,,,,,,,,,,,,,,,,nar,2026-08-23,36.0,35.0,35.0,35.0,35.0,35.0,45.0,履歴少
202655082305,2026-08-23,5,スマートロベール,9.0,7.0,小松丈二,54.0,,6.0,5.0,佐賀,しし座特選(C2),12.0,2.0,佐賀,ケンタウルス座特選(C2),4.0,3.0,佐賀,かに座特選(C2),6.0,4.0,佐賀,おとめ座特選(C2),5.0,1.0,佐賀,C2ー3組,20.2,7.0,,nar,2026-08-23,41.48,52.0,24.1,30.1,54.5,43.0,49.6,履歴少 / 市場オッズ妙味
202646082305,2026-08-23,5,ズッシーノ,5.0,5.0,魚住謙心,57.0,,7.0,4.0,金沢,佐藤家&生頼家★結婚(C2),6.0,3.0,金沢,C29,5.0,6.0,金沢,道嵩くん華奈ちゃん結(C2),6.0,8.0,金沢,C29,5.0,5.0,金沢,C210,67.9,8.0,,nar,2026-08-23,47.41,60.0,41.8,30.1,41.0,50.7,49.6,履歴少
202655082305,2026-08-23,5,セルリアンロケット,11.0,8.0,青海大樹,55.0,,10.0,6.0,佐賀,SAGAリベンジャー(C2),9.0,7.0,佐賀,C2ー8組,4.0,3.0,佐賀,C2ー10組,3.0,9.0,佐賀,SAGAリベンジャー(C2),4.0,7.0,佐賀,はたさん来場記念(C2),51.1,9.0,,nar,2026-08-23,46.23,52.6,44.9,44.7,20.0,54.8,52.9,佐賀実績 / 履歴少
202655082305,2026-08-23,5,ダイメイアイ,10.0,8.0,石川慎将,54.0,,5.0,6.0,佐賀,3歳ー2組,6.0,7.0,佐賀,清水の滝特別(3歳),3.0,4.0,佐賀,3歳ー3組,6.0,7.0,佐賀,鯱の門特別(3歳),3.0,5.0,佐賀,パッカルくんのおとし(3歳),9.6,4.0,,nar,2026-08-23,60.74,69.7,57.7,60.5,47.0,63.5,55.9,佐賀実績 / クラス条件好転 / 履歴少 / 安定感
202665082305,2026-08-23,5,ツカサコタロウ,6.0,6.0,渡来心路,600.0,,,,,,,,,,,,,,,,,,,,,,,,,nar,2026-08-23,36.0,35.0,35.0,35.0,35.0,35.0,45.0,履歴少
202665082305,2026-08-23,5,テツオ,3.0,3.0,今井千尋,590.0,,,,,,,,,,,,,,,,,,,,,,,,,nar,2026-08-23,36.0,35.0,35.0,35.0,35.0,35.0,45.0,履歴少
202665082305,2026-08-23,5,トウマオー,9.0,8.0,長澤幸太,600.0,,,,,,,,,,,,,,,,,,,,,,,,,nar,2026-08-23,36.0,35.0,35.0,35.0,35.0,35.0,45.0,履歴少
202655082305,2026-08-23,5,トール,6.0,6.0,石川倭,56.0,,1.0,1.0,佐賀,3歳ー3組,5.0,2.0,佐賀,3歳ー4組,2.0,2.0,佐賀,3歳ー4組,2.0,2.0,佐賀,よーらいさん来場記念(3歳),1.0,2.0,佐賀,3歳ー7組,2.0,1.0,,nar,2026-08-23,68.17,89.3,45.5,100.0,59.0,51.7,59.5,佐賀実績 / 履歴少 / 安定感
202665082305,2026-08-23,5,ヒメトラマリア,2.0,2.0,阿部武臣,580.0,,,,,,,,,,,,,,,,,,,,,,,,,nar,2026-08-23,36.0,35.0,35.0,35.0,35.0,35.0,45.0,履歴少
202635082305,2026-08-23,5,ファルヴォーレ,3.0,3.0,小林凌,56.0,,7.0,10.0,盛岡,B1,10.0,11.0,盛岡,アンタレス賞(B1),10.0,8.0,盛岡,夢・希望未来へ前進(B1),12.0,6.0,盛岡,浜木綿賞(B1),7.0,4.0,水沢,朝顔賞(B1),37.3,7.0,,nar,2026-08-23,40.17,35.4,47.1,0.0,66.5,47.1,43.8,前走人気以上 / 履歴少 / 近走上向き
202635082305,2026-08-23,5,ファームフレッシュ,11.0,8.0,関本玲花,52.0,,8.0,11.0,盛岡,B1,8.0,10.0,盛岡,B1,6.0,9.0,盛岡,オーキッド賞(B1),7.0,9.0,盛岡,カッパ淵賞(B1),5.0,7.0,水沢,タガノビューティー特(B1),66.4,11.0,,nar,2026-08-23,49.43,50.8,67.5,10.3,41.0,60.4,43.8,前走人気以上 / 履歴少 / 人気以上に走る傾向
202646082305,2026-08-23,5,フェスティヴイリス,3.0,3.0,甲賀弘隆,55.0,,6.0,4.0,金沢,フィフスザ中村メシア(C2),5.0,5.0,金沢,C211,4.0,4.0,金沢,C211,5.0,5.0,金沢,祝!比嘉賢二還暦記念(C2特別),6.0,7.0,金沢,井上&幕谷卒業記念(C2),40.2,6.0,,nar,2026-08-23,55.19,66.3,46.5,59.3,44.0,55.6,52.9,金沢実績 / 履歴少 / 市場オッズ妙味
202635082305,2026-08-23,5,プレシャスアセット,4.0,4.0,山本政聡,54.0,,2.0,3.0,盛岡,B1,11.0,8.0,盛岡,フェアリーC(重賞),6.0,9.0,盛岡,せきれい賞(重賞),8.0,10.0,水沢,タガノビューティー特(B1),10.0,8.0,水沢,ムスカリ賞(B1),2.3,1.0,,nar,2026-08-23,54.66,54.1,51.6,30.4,90.5,53.3,51.5,クラス条件好転 / 履歴少 / 近走上向き
202665082305,2026-08-23,5,ベリーグッドマン,4.0,4.0,鈴木恵介,600.0,,,,,,,,,,,,,,,,,,,,,,,,,nar,2026-08-23,36.0,35.0,35.0,35.0,35.0,35.0,45.0,履歴少
202655082305,2026-08-23,5,ホスマニエン,1.0,1.0,飛田愛斗,56.0,,8.0,10.0,佐賀,海の日特選(C2),,,佐賀,夏至賞(C2),5.0,2.0,佐賀,芒種賞(C2),4.0,5.0,佐賀,C2ー3組,3.0,4.0,佐賀,C2ー5組,15.6,5.0,,nar,2026-08-23,52.73,62.0,52.5,44.7,26.0,62.5,55.3,佐賀実績 / 履歴少 / 市場オッズ妙味
202665082305,2026-08-23,5,ホリセンダイヤ,7.0,7.0,金田利貴,600.0,,,,,,,,,,,,,,,,,,,,,,,,,nar,2026-08-23,36.0,35.0,35.0,35.0,35.0,35.0,45.0,履歴少
202635082305,2026-08-23,5,ホリーアン,7.0,6.0,鈴木祐,54.0,,12.0,4.0,盛岡,B2,5.0,2.0,盛岡,幽玄洞賞(C1),15.0,13.0,1新潟5,4歳以上1勝クラス,8.0,12.0,1福島5,4歳以上1勝クラス,12.0,15.0,1福島3,4歳以上1勝クラス,43.2,8.0,,nar,2026-08-23,34.77,28.3,31.2,24.9,38.0,47.8,51.2,盛岡実績 / 履歴少
202635082305,2026-08-23,5,マジカルワード,2.0,2.0,山本聡紀,54.0,,3.0,7.0,盛岡,B1,11.0,6.0,盛岡,アンタレス賞(B1),4.0,3.0,盛岡,夢・希望未来へ前進(B1),3.0,2.0,盛岡,浜木綿賞(B1),4.0,3.0,水沢,夢・希望未来へ前進(B1),11.4,4.0,,nar,2026-08-23,60.01,65.6,46.7,75.1,65.0,57.8,55.3,盛岡実績 / 前走人気以上 / 履歴少 / 近走上向き
202646082305,2026-08-23,5,マジックスクロール,7.0,7.0,浅野登生,54.0,,6.0,4.0,金沢,金沢競馬で目指せ初勝(C2),2.0,10.0,金沢,能登復興支援能登金剛(C2),4.0,8.0,金沢,日本列島☆爆走!ツア(C2特別),9.0,8.0,金沢,第2回又多風緑選手誕(C2),7.0,9.0,金沢,C211,25.7,4.0,,nar,2026-08-23,59.31,66.8,65.7,44.7,47.0,63.4,49.6,履歴少 / 人気以上に走る傾向 / 市場オッズ妙味
202635082305,2026-08-23,5,マリヨンヌ,9.0,7.0,大坪慎,54.0,,4.0,6.0,盛岡,B1,5.0,12.0,盛岡,アンタレス賞(B1),9.0,12.0,盛岡,いしがきマイラーズ(重賞),9.0,9.0,盛岡,B1,11.0,11.0,水沢,ハヤテ特別(OP),7.4,3.0,,nar,2026-08-23,62.49,54.5,70.6,55.3,77.0,66.3,51.2,盛岡実績 / 履歴少 / 人気以上に走る傾向 / 近走上向き
202646082305,2026-08-23,5,ムーンライトアリア,2.0,2.0,兼子千央,55.0,,9.0,11.0,金沢,フィフスザ中村メシア(C2),7.0,7.0,金沢,能登復興支援能登金剛(C2),8.0,9.0,金沢,C28,3.0,9.0,金沢,第2回又多風緑選手誕(C2),6.0,10.0,金沢,C211,102.8,10.0,,nar,2026-08-23,48.58,51.1,64.7,14.6,32.0,61.1,46.3,履歴少
202655082305,2026-08-23,5,メニー,7.0,6.0,山田義貴,56.0,,5.0,10.0,佐賀,ヘルクレス座特選(C2),5.0,6.0,佐賀,C2ー3組,4.0,3.0,佐賀,C2ー4組,3.0,3.0,佐賀,C2ー5組,3.0,3.0,佐賀,C2ー7組,19.2,6.0,,nar,2026-08-23,67.46,73.6,61.0,100.0,42.5,65.5,59.5,佐賀実績 / 前走人気以上 / 履歴少 / 安定感
202655082305,2026-08-23,5,ユウヤケコヤケ,5.0,5.0,竹吉徹,54.0,,10.0,12.0,佐賀,JRA交流サマーカッ(3歳),8.0,8.0,佐賀,清水の滝特別(3歳),6.0,8.0,浦和,3歳六,10.0,9.0,川崎,3歳6,4.0,5.0,浦和,3歳四,56.2,10.0,,nar,2026-08-23,42.99,43.3,56.7,10.3,32.0,54.2,46.0,クラス条件好転 / 履歴少
202655082305,2026-08-23,5,ラスエル,4.0,4.0,山下裕貴,54.0,,4.0,5.0,佐賀,3歳ー2組,6.0,3.0,佐賀,3歳ー2組,6.0,4.0,佐賀,スターマイン特別(3歳),4.0,6.0,佐賀,鯱の門特別(3歳),6.0,1.0,佐賀,パッカルくんのおとし(3歳),5.9,3.0,,nar,2026-08-23,53.88,67.2,42.6,45.0,59.0,53.0,49.6,履歴少
202665082305,2026-08-23,5,レディームキムキ,8.0,8.0,大友一馬,580.0,,,,,,,,,,,,,,,,,,,,,,,,,nar,2026-08-23,36.0,35.0,35.0,35.0,35.0,35.0,45.0,履歴少
202646082305,2026-08-23,5,ヴェリーヌ,9.0,8.0,平瀬城久,55.0,,8.0,7.0,金沢,金沢競馬で目指せ初勝(C2),3.0,4.0,金沢,かつののみや杯(C2),5.0,9.0,金沢,C29,9.0,4.0,金沢,C211,3.0,6.0,金沢,C212,53.4,7.0,,nar,2026-08-23,53.2,61.7,52.2,55.0,32.0,54.8,52.9,金沢実績 / 履歴少
202655082306,2026-08-23,6,アイフィロス,4.0,4.0,椿聡太,51.0,,6.0,8.0,佐賀,AIパッカル賞(C1),7.0,6.0,佐賀,シルクジャスミン賞(C1),8.0,8.0,佐賀,C1ー9組,6.0,5.0,佐賀,AIパッカル賞(C1),10.0,10.0,佐賀,C1ー7組,62.8,8.0,,nar,2026-08-23,45.79,51.5,51.5,0.0,60.5,52.6,43.8,履歴少
202646082306,2026-08-23,6,ウインドアリエル,8.0,7.0,服部大地,55.0,,3.0,5.0,金沢,フィフスザ中村メシア(C2),4.0,8.0,金沢,C28,3.0,7.0,金沢,C29,9.0,7.0,金沢,道嵩くん華奈ちゃん結(C2),5.0,6.0,金沢,和司☆咲希結婚記念(C2),58.2,6.0,,nar,2026-08-23,68.04,73.3,65.4,85.4,63.5,59.4,56.2,金沢実績 / 履歴少 / 人気以上に走る傾向 / 安定感
202646082306,2026-08-23,6,エアミアーニ,7.0,7.0,鈴木太一,57.0,,2.0,2.0,金沢,フィフスザ中村メシア(C2),10.0,15.0,2阪神4,心斎橋S(3勝クラス),7.0,14.0,2中山5,幕張S(3勝クラス),13.0,12.0,1京都4,新春S(3勝クラス),7.0,12.0,3京都4,三年坂S(3勝クラス),2.5,2.0,,nar,2026-08-23,60.28,51.2,71.0,30.4,93.5,63.3,51.8,クラス条件好転 / 履歴少 / 人気以上に走る傾向 / 近走上向き
202635082306,2026-08-23,6,エイシンチョンパ,6.0,5.0,菅原辰徳,56.0,,8.0,9.0,園田,C1,9.0,7.0,園田,C1一,8.0,3.0,佐賀,JRA交流えびの特別,6.0,5.0,園田,C1,2.0,11.0,園田,いちか馬ちかオッズパ(C1),18.5,5.0,,nar,2026-08-23,43.94,49.3,47.2,10.3,39.5,56.8,48.8,履歴少 / 市場オッズ妙味
202646082306,2026-08-23,6,カイザーレオン,4.0,4.0,吉田晃浩,57.0,,1.0,1.0,金沢,かつののみや杯(C2),,,金沢,C29,1.0,3.0,金沢,C23,5.0,5.0,金沢,ポイントでネット投票(A2),7.0,3.0,金沢,粘りが強い加賀れんこ(A2),1.5,1.0,,nar,2026-08-23,65.09,87.2,49.8,64.7,70.0,50.1,55.3,金沢実績 / 履歴少 / 近走上向き / 安定感
202665082306,2026-08-23,6,カブトファイター,7.0,7.0,船山蔵人,620.0,,,,,,,,,,,,,,,,,,,,,,,,,nar,2026-08-23,36.0,35.0,35.0,35.0,35.0,35.0,45.0,履歴少
202635082306,2026-08-23,6,カンフーダンス,11.0,8.0,高松亮,54.0,,3.0,4.0,盛岡,釜淵の滝賞(B2),6.0,6.0,盛岡,B2,4.0,5.0,水沢,B1,10.0,9.0,水沢,B1,11.0,6.0,盛岡,B1,8.9,3.0,,nar,2026-08-23,57.22,61.7,48.9,50.2,78.5,56.7,48.5,履歴少 / 近走上向き
202646082306,2026-08-23,6,ギャクテンオー,5.0,5.0,浅野登生,54.0,,7.0,6.0,金沢,フィフスザ中村メシア(C2),5.0,7.0,金沢,佐藤家&生頼家★結婚(C2),7.0,5.0,金沢,第1回えみこた日和記(C2特別),9.0,4.0,金沢,C29,6.0,10.0,金沢,C29,105.8,9.0,,nar,2026-08-23,47.01,54.5,46.4,24.9,48.5,51.3,46.3,履歴少
202655082306,2026-08-23,6,グラスフラッグ,5.0,5.0,田中純,56.0,,8.0,9.0,園田,C1二,7.0,6.0,園田,C1一,7.0,9.0,園田,C1一,6.0,8.0,園田,アジサイ賞C1,6.0,5.0,園田,いちか馬ちかオッズパ(C1),10.2,4.0,,nar,2026-08-23,45.62,51.6,54.5,0.0,41.0,59.4,48.8,履歴少
202665082306,2026-08-23,6,コトブキ,1.0,1.0,菊池一樹,620.0,,,,,,,,,,,,,,,,,,,,,,,,,nar,2026-08-23,36.0,35.0,35.0,35.0,35.0,35.0,45.0,履歴少
202655082306,2026-08-23,6,コノハナサクヤヒメ,9.0,7.0,田中直人,54.0,,9.0,7.0,佐賀,C1ー14組,8.0,9.0,佐賀,AIパッカル賞(C1),9.0,6.0,佐賀,KYUSHUDREA(C1),6.0,9.0,佐賀,チャレンジシリーズ(C1),9.0,7.0,佐賀,探梅賞(C1),44.7,6.0,,nar,2026-08-23,39.03,41.5,45.0,0.0,44.0,49.7,43.8,履歴少
202635082306,2026-08-23,6,ゴープラチナム,4.0,4.0,村上忍,54.0,,6.0,9.0,盛岡,B2,6.0,7.0,盛岡,C1,7.0,10.0,盛岡,C1,1.0,4.0,水沢,B2,6.0,6.0,水沢,B2,23.9,8.0,,nar,2026-08-23,53.65,64.3,65.3,14.6,44.0,61.2,43.8,前走人気以上 / 履歴少 / 人気以上に走る傾向 / 市場オッズ妙味
202655082306,2026-08-23,6,ゴールドシリカ,10.0,8.0,中山蓮王,54.0,,12.0,12.0,佐賀,里帰りJC第1戦ホー(C1),7.0,8.0,佐賀,父の日賞(C1),7.0,6.0,佐賀,C1ー8組,4.0,6.0,佐賀,AIパッカル賞(C1),8.0,7.0,佐賀,長田進仁騎手2000(C1),123.0,11.0,,nar,2026-08-23,40.04,42.5,51.7,14.6,17.0,52.2,46.3,履歴少
202665082306,2026-08-23,6,シュゲンドウ,9.0,8.0,長澤幸太,620.0,,,,,,,,,,,,,,,,,,,,,,,,,nar,2026-08-23,36.0,35.0,35.0,35.0,35.0,35.0,45.0,履歴少
202665082306,2026-08-23,6,ジェイキングダム,2.0,2.0,赤塚健仁,610.0,,,,,,,,,,,,,,,,,,,,,,,,,nar,2026-08-23,36.0,35.0,35.0,35.0,35.0,35.0,45.0,履歴少
202655082306,2026-08-23,6,ジェイデン,2.0,2.0,出水拓人,56.0,,11.0,8.0,佐賀,C1ー14組,11.0,7.0,佐賀,C1ー15組,3.0,9.0,佐賀,ケンタウルス座特選(C2),10.0,9.0,佐賀,小満特選(C2),10.0,10.0,園田,C2二,74.7,9.0,,nar,2026-08-23,38.47,34.6,43.9,19.8,35.0,49.6,47.1,履歴少
202655082306,2026-08-23,6,ジーティージン,3.0,3.0,飛田愛斗,56.0,,1.0,1.0,佐賀,C1ー14組,2.0,2.0,佐賀,C2ー3組,2.0,2.0,佐賀,C2ー5組,2.0,1.0,佐賀,C2ー7組,2.0,1.0,佐賀,C2ー8組,1.9,1.0,,nar,2026-08-23,69.89,94.4,48.3,100.0,56.0,51.4,59.5,佐賀実績 / 履歴少 / 安定感
202635082306,2026-08-23,6,スカイルーク,1.0,1.0,鈴木祐,56.0,,5.0,6.0,盛岡,いわてくじ山形村短角(B2),2.0,4.0,盛岡,B2,10.0,6.0,盛岡,C1,1.0,5.0,盛岡,C1,7.0,3.0,水沢,C1,21.8,7.0,,nar,2026-08-23,59.37,69.1,51.3,69.9,50.0,55.6,55.3,盛岡実績 / 履歴少 / 安定感 / 市場オッズ妙味
202665082306,2026-08-23,6,スナノブルボン,4.0,4.0,中原蓮,620.0,,,,,,,,,,,,,,,,,,,,,,,,,nar,2026-08-23,36.0,35.0,35.0,35.0,35.0,35.0,45.0,履歴少
202635082306,2026-08-23,6,スピードスター,2.0,2.0,山本聡紀,54.0,,9.0,8.0,盛岡,いわてくじ山形村短角(B2),7.0,6.0,盛岡,釜淵の滝賞(B2),8.0,9.0,盛岡,B2,8.0,2.0,水沢,B1,4.0,4.0,水沢,B1,79.9,12.0,,nar,2026-08-23,39.64,46.9,41.4,10.3,36.5,47.0,43.8,履歴少
202646082306,2026-08-23,6,ソルトチャンス,2.0,2.0,沖静男,55.0,,7.0,3.0,金沢,祝!雅也&里佳ブライ(C2),7.0,2.0,金沢,C27,8.0,4.0,名古屋,金シャチ最終戦(C),4.0,6.0,名古屋,C7組,4.0,6.0,名古屋,まりな20代ラストイ(C),34.4,4.0,,nar,2026-08-23,42.48,56.4,30.7,24.9,42.5,48.9,43.8,履歴少 / 市場オッズ妙味
202655082306,2026-08-23,6,ダイメイヒロイン,6.0,6.0,青海大樹,53.0,,6.0,7.0,佐賀,シルクジャスミン賞(C1),7.0,5.0,佐賀,C1ー9組,5.0,6.0,佐賀,C1ー8組,3.0,6.0,佐賀,C1ー9組,10.0,7.0,佐賀,C1ー9組,49.7,7.0,,nar,2026-08-23,51.88,59.8,50.9,34.3,51.5,54.7,49.6,履歴少 / 市場オッズ妙味
202665082306,2026-08-23,6,ツガルノニセイ,10.0,8.0,吉田理人,600.0,,,,,,,,,,,,,,,,,,,,,,,,,nar,2026-08-23,36.0,35.0,35.0,35.0,35.0,35.0,45.0,履歴少
202665082306,2026-08-23,6,ディオネダイヤ,5.0,5.0,西謙一,590.0,,,,,,,,,,,,,,,,,,,,,,,,,nar,2026-08-23,36.0,35.0,35.0,35.0,35.0,35.0,45.0,履歴少
202655082306,2026-08-23,6,ナックオリオン,11.0,8.0,長田進仁,56.0,,4.0,4.0,佐賀,KYUSHUDREA(C1),,,佐賀,マラカイト賞(C1),2.0,4.0,佐賀,C1ー12組,12.0,11.0,大井,C1九　十,12.0,11.0,大井,C1八　九,6.3,3.0,,nar,2026-08-23,58.26,59.0,51.4,50.2,78.0,57.8,59.5,佐賀実績 / 履歴少 / 近走上向き
202646082306,2026-08-23,6,ナムラダリウス,10.0,8.0,甲賀弘隆,57.0,,6.0,9.0,金沢,琴音ちゃん20歳おめ(C2),8.0,9.0,金沢,C26,10.0,4.0,金沢,☆ひなの&はるかお誕(C2特別),5.0,6.0,金沢,都凪リリーデビュー2(C2),7.0,9.0,金沢,C27,193.6,10.0,,nar,2026-08-23,47.48,50.0,52.3,14.6,59.0,53.3,46.3,前走人気以上 / 履歴少
202635082306,2026-08-23,6,バトルクリーク,7.0,6.0,岩本怜,56.0,,11.0,2.0,盛岡,いわてくじ山形村短角(B2),10.0,8.0,船橋,C1二　三,11.0,9.0,川崎,C1一　二,9.0,4.0,船橋,馬い!洲本農園新玉ね(C1),5.0,3.0,船橋,馬い!熊本不知火オレ(C1),27.1,9.0,,nar,2026-08-23,28.44,29.3,18.0,10.3,36.5,38.7,48.8,履歴少
202655082306,2026-08-23,6,バロックパール,1.0,1.0,長谷川蓮,54.0,,8.0,2.0,佐賀,里帰りJC第1戦ホー(C1),11.0,1.0,佐賀,父の日賞(C1),1.0,2.0,佐賀,SAGAリベンジャー(C1),1.0,3.0,佐賀,C2ー4組,7.0,9.0,浦和,特選(C2),11.1,5.0,,nar,2026-08-23,42.34,58.1,24.7,34.3,32.0,50.5,51.2,佐賀実績 / 履歴少
202655082306,2026-08-23,6,パンツタイショウ,7.0,6.0,石川倭,56.0,,2.0,7.0,佐賀,ポーチュラカ賞(C1),,,佐賀,マラカイト賞(C1),1.0,3.0,佐賀,芒種賞(C2),10.0,6.0,金沢,☆ホットスタッフ竹内(C2),3.0,2.0,金沢,C23,3.5,2.0,,nar,2026-08-23,66.41,80.6,61.4,60.5,66.0,57.0,59.5,佐賀実績 / 前走人気以上 / 履歴少 / 近走上向き
202646082306,2026-08-23,6,ビッグタイマー,9.0,8.0,魚住謙心,57.0,,3.0,8.0,金沢,琴音ちゃん20歳おめ(C2),9.0,8.0,金沢,C27,2.0,6.0,金沢,C29,7.0,6.0,金沢,C29,4.0,5.0,金沢,C29,43.8,5.0,,nar,2026-08-23,63.42,68.1,64.1,60.5,65.0,61.5,52.9,金沢実績 / 前走人気以上 / 履歴少 / 近走上向き
202635082306,2026-08-23,6,ビップレジアス,9.0,7.0,塚本涼人,54.0,,11.0,11.0,名古屋,伊勢湾特別(C),10.0,10.0,名古屋,南知多特別(C),9.0,9.0,名古屋,天の川疾風戦(B),9.0,9.0,名古屋,レサト賞(B),9.0,10.0,名古屋,B6組,19.5,6.0,,nar,2026-08-23,37.49,29.1,50.7,0.0,39.5,53.9,48.8,履歴少 / 市場オッズ妙味
202635082306,2026-08-23,6,ピンクノバラ,3.0,3.0,坂井瑛音,53.0,,4.0,7.0,盛岡,いわてくじ山形村短角(B2),6.0,5.0,盛岡,釜淵の滝賞(B2),10.0,8.0,盛岡,B2,5.0,4.0,盛岡,B2,6.0,1.0,水沢,B1,37.4,10.0,,nar,2026-08-23,53.89,59.7,47.2,45.0,66.5,52.4,51.2,盛岡実績 / 前走人気以上 / 履歴少 / 近走上向き
202646082306,2026-08-23,6,プリティドヌーヴ,1.0,1.0,栗原大河,55.0,,6.0,6.0,金沢,C26,7.0,6.0,金沢,C28,6.0,4.0,金沢,C28,6.0,7.0,金沢,信じてるよお馬ら杯(C2),5.0,6.0,金沢,C27,94.5,8.0,,nar,2026-08-23,46.95,58.8,47.2,10.3,50.0,52.0,46.3,履歴少
202635082306,2026-08-23,6,プリンセスナイト,12.0,8.0,山本聡哉,54.0,,1.0,1.0,盛岡,C1,1.0,1.0,盛岡,C1,8.0,9.0,盛岡,べラジオオペラ特別(C1),10.0,11.0,水沢,祝30周年!SPAT(C1),8.0,8.0,水沢,ハイドランジア賞(C1),1.5,1.0,,nar,2026-08-23,62.52,72.6,52.4,55.3,84.5,53.0,54.0,盛岡実績 / 履歴少 / 近走上向き
202635082306,2026-08-23,6,ベラジオホープ,5.0,5.0,大坪慎,56.0,,12.0,9.0,盛岡,いわて北緯40度岩手(B2),7.0,6.0,盛岡,B2,10.0,9.0,盛岡,夢・希望未来へ前進(B1),10.0,9.0,水沢,タガノビューティー特(B1),9.0,7.0,水沢,ムスカリ賞(B1),72.0,11.0,,nar,2026-08-23,32.13,29.9,38.0,0.0,32.0,45.7,43.8,履歴少
202635082306,2026-08-23,6,ペプチドクレマチス,10.0,7.0,山本政聡,54.0,,10.0,1.0,盛岡,いわて北緯40度岩手(B2),15.0,14.0,2福島6,彦星賞(2勝クラス),12.0,9.0,3京都3,京極特別(2勝クラス),18.0,11.0,1小倉8,大濠特別(2勝クラス),14.0,9.0,1京都2,4歳以上2勝クラス,8.5,2.0,,nar,2026-08-23,26.11,10.9,14.2,0.0,78.5,36.1,51.8,クラス条件好転 / 履歴少 / 近走上向き
202646082306,2026-08-23,6,ポジティブガール,3.0,3.0,柴田勇真,55.0,,4.0,2.0,金沢,琴音ちゃん20歳おめ(C2),2.0,2.0,金沢,佐藤家&生頼家★結婚(C2),9.0,6.0,金沢,C28,9.0,4.0,高知,C3ー3,7.0,4.0,高知,C3ー3,13.8,3.0,,nar,2026-08-23,53.49,63.8,34.3,55.3,66.5,52.7,54.0,金沢実績 / 履歴少 / 近走上向き / 市場オッズ妙味
202665082306,2026-08-23,6,マスタークィン,3.0,3.0,島津新,590.0,,,,,,,,,,,,,,,,,,,,,,,,,nar,2026-08-23,36.0,35.0,35.0,35.0,35.0,35.0,45.0,履歴少
202655082306,2026-08-23,6,ムメ,8.0,7.0,川島拓,54.0,,9.0,9.0,佐賀,AIパッカル賞(C1),9.0,11.0,佐賀,父の日賞(C1),5.0,6.0,佐賀,C1ー9組,9.0,8.0,佐賀,AIパッカル賞(C1),10.0,10.0,佐賀,C1ー8組,82.2,10.0,,nar,2026-08-23,44.31,41.5,53.9,19.8,45.5,52.2,46.3,履歴少
202665082306,2026-08-23,6,ヤマノリュウ,6.0,6.0,中村太陽,610.0,,,,,,,,,,,,,,,,,,,,,,,,,nar,2026-08-23,36.0,35.0,35.0,35.0,35.0,35.0,45.0,履歴少
202665082306,2026-08-23,6,ユウマイチバンボシ,8.0,7.0,大友一馬,620.0,,,,,,,,,,,,,,,,,,,,,,,,,nar,2026-08-23,36.0,35.0,35.0,35.0,35.0,35.0,45.0,履歴少
202635082306,2026-08-23,6,ラヴアンドホープ,8.0,6.0,高橋悠里,54.0,,8.0,5.0,盛岡,いわて北緯40度岩手(B2),9.0,8.0,盛岡,夢・希望未来へ前進(B2),1.0,9.0,盛岡,B2,9.0,8.0,笠松,おでん・ゆーちる結婚(B),11.0,7.0,笠松,ジュン特別(B),17.2,4.0,,nar,2026-08-23,46.13,49.4,49.0,19.8,47.0,54.8,48.5,履歴少 / 市場オッズ妙味
202646082306,2026-08-23,6,ルビーリング,6.0,6.0,青柳正義,55.0,,7.0,7.0,金沢,琴音ちゃん20歳おめ(C2),4.0,7.0,金沢,C26,5.0,4.0,金沢,第1回えみこた日和記(C2特別),5.0,8.0,金沢,C28,9.0,9.0,金沢,C29,70.2,7.0,,nar,2026-08-23,56.42,61.8,56.9,59.3,42.5,56.8,52.9,金沢実績 / 履歴少
202665082307,2026-08-23,7,アアモンドラヴリー,2.0,2.0,中原蓮,610.0,,,,,,,,,,,,,,,,,,,,,,,,,nar,2026-08-23,36.0,35.0,35.0,35.0,35.0,35.0,45.0,履歴少
202655082307,2026-08-23,7,アクラシア,2.0,2.0,竹吉徹,56.0,,3.0,3.0,佐賀,阿蘇山賞(A1),5.0,4.0,佐賀,小岱山賞,4.0,6.0,佐賀,佐賀王冠賞(重賞),7.0,10.0,佐賀,佐賀スプリングC(重賞),3.0,2.0,佐賀,高千穂峰賞(A1),0.0,2.0,,nar,2026-08-23,64.01,73.8,53.4,85.4,60.5,53.0,56.2,佐賀実績 / 履歴少 / 安定感
202635082307,2026-08-23,7,アステローペ,4.0,4.0,佐々木志,55.0,,9.0,8.0,水沢,B1,10.0,10.0,盛岡,株式会社カナンフーズ(B1),10.0,8.0,水沢,夢・希望未来へ前進(B1),5.0,7.0,水沢,桜並木賞(B1),6.0,8.0,水沢,夢・希望未来へ前進(B1),209.8,11.0,,nar,2026-08-23,41.69,39.6,48.6,14.6,42.5,51.6,48.8,履歴少
202646082307,2026-08-23,7,アベニンマリア,3.0,3.0,浅野登生,52.0,,11.0,10.0,名古屋,C11組,12.0,11.0,名古屋,C12組,10.0,9.0,名古屋,C18組,10.0,7.0,名古屋,もちゃ5歳だねくぃー(C),12.0,5.0,名古屋,C16組,33.6,5.0,,nar,2026-08-23,31.29,19.9,36.6,0.0,50.0,43.2,48.8,履歴少
202635082307,2026-08-23,7,アースアワー,3.0,3.0,高松亮,54.0,,7.0,3.0,盛岡,いわて北緯40度岩手(B2),4.0,5.0,盛岡,B2,5.0,1.0,盛岡,B2,1.0,4.0,盛岡,B2,4.0,4.0,水沢,B2,40.6,10.0,,nar,2026-08-23,54.44,70.6,40.8,69.6,29.0,53.7,55.3,盛岡実績 / 履歴少 / 安定感 / 市場オッズ妙味
202665082307,2026-08-23,7,イッポンマツ,3.0,3.0,西謙一,620.0,,,,,,,,,,,,,,,,,,,,,,,,,nar,2026-08-23,36.0,35.0,35.0,35.0,35.0,35.0,45.0,履歴少
202665082307,2026-08-23,7,イワキダイフク,10.0,8.0,中村太陽,620.0,,,,,,,,,,,,,,,,,,,,,,,,,nar,2026-08-23,36.0,35.0,35.0,35.0,35.0,35.0,45.0,履歴少
202655082307,2026-08-23,7,ウルトラノホシ,8.0,6.0,石川慎将,56.0,,1.0,1.0,佐賀,菊池川賞,1.0,1.0,佐賀,九州クラウン(重賞),1.0,1.0,佐賀,松浦川賞,2.0,2.0,佐賀,中島記念(重賞),2.0,1.0,佐賀,韓国岳特別,95.2,11.0,,nar,2026-08-23,71.27,98.0,49.3,100.0,53.0,52.9,62.5,佐賀実績 / クラス条件好転 / 履歴少 / 安定感
202655082307,2026-08-23,7,エイシンアンヴァル,5.0,5.0,長谷川蓮,56.0,,1.0,1.0,佐賀,小岱山賞,2.0,4.0,佐賀,佐賀王冠賞(重賞),4.0,5.0,佐賀,佐賀スプリングC(重賞),2.0,2.0,佐賀,錦江湾特別,3.0,7.0,佐賀,佐賀がばいスプリント(重賞),0.0,4.0,,nar,2026-08-23,72.68,90.4,57.8,100.0,60.5,57.0,62.5,佐賀実績 / クラス条件好転 / 履歴少 / 安定感
202646082307,2026-08-23,7,エムティラヴ,2.0,2.0,吉田晃浩,55.0,,5.0,3.0,金沢,琴音ちゃん20歳おめ(C2),8.0,9.0,川崎,ファイナルアンサー賞(C3),9.0,13.0,川崎,ファイナルアンサー賞(C2),11.0,11.0,船橋,ふたご座スプリント(C2),11.0,12.0,川崎,ファイナルアンサー賞(C2),16.7,2.0,,nar,2026-08-23,51.21,43.7,53.7,30.4,78.5,58.0,48.8,履歴少 / 近走上向き / 市場オッズ妙味
202665082307,2026-08-23,7,オシャレワアシモト,5.0,5.0,長澤幸太,600.0,,,,,,,,,,,,,,,,,,,,,,,,,nar,2026-08-23,36.0,35.0,35.0,35.0,35.0,35.0,45.0,履歴少
202635082307,2026-08-23,7,キッスミーアイ,6.0,6.0,坂井瑛音,54.0,,3.0,3.0,盛岡,B1,7.0,2.0,盛岡,B2,3.0,2.0,盛岡,ソウルラッシュ特別(B2),2.0,1.0,水沢,チャイナアスタ賞(B2),1.0,4.0,盛岡,C1,7.4,3.0,,nar,2026-08-23,60.48,78.8,41.0,75.1,51.5,55.9,55.3,盛岡実績 / 履歴少 / 安定感
202635082307,2026-08-23,7,キッズファイナル,1.0,1.0,山本聡哉,54.0,,3.0,6.0,盛岡,いわて北緯40度岩手(B2),2.0,2.0,盛岡,釜淵の滝賞(B2),7.0,5.0,盛岡,B2,4.0,3.0,水沢,B1,3.0,1.0,水沢,B1,12.8,5.0,,nar,2026-08-23,64.34,78.5,51.1,80.2,56.0,59.6,54.0,盛岡実績 / 前走人気以上 / 履歴少 / 安定感
202665082307,2026-08-23,7,クレインテイオウ,1.0,1.0,渡来心路,610.0,,,,,,,,,,,,,,,,,,,,,,,,,nar,2026-08-23,36.0,35.0,35.0,35.0,35.0,35.0,45.0,履歴少
202655082307,2026-08-23,7,ケイアイアンタレス,12.0,8.0,飛田愛斗,56.0,,1.0,1.0,佐賀,オーシャン賞,1.0,1.0,佐賀,SAGAリベンジャー(A2),1.0,1.0,佐賀,FUJI4周年記念レ(A2),2.0,2.0,佐賀,フクシア賞(A2),1.0,1.0,佐賀,若葉特別(B),1.0,7.0,,nar,2026-08-23,71.1,98.8,50.0,100.0,51.5,50.0,62.5,佐賀実績 / クラス条件好転 / 履歴少 / 安定感
202665082307,2026-08-23,7,サカノウンカイ,9.0,8.0,船山蔵人,620.0,,,,,,,,,,,,,,,,,,,,,,,,,nar,2026-08-23,36.0,35.0,35.0,35.0,35.0,35.0,45.0,履歴少
202665082307,2026-08-23,7,サカノキヨマル,6.0,6.0,菅原響希,610.0,,,,,,,,,,,,,,,,,,,,,,,,,nar,2026-08-23,36.0,35.0,35.0,35.0,35.0,35.0,45.0,履歴少
202635082307,2026-08-23,7,サクラサンティエ,5.0,5.0,山本聡紀,54.0,,1.0,3.0,盛岡,いわてくじ山形村短角(B2),3.0,3.0,盛岡,B2,9.0,3.0,盛岡,B2,2.0,7.0,盛岡,B2,12.0,10.0,水沢,お食事処「山水」賞(B1B2),11.2,4.0,,nar,2026-08-23,64.61,73.1,49.6,69.9,83.0,59.6,55.3,盛岡実績 / 履歴少 / 近走上向き / 安定感
202655082307,2026-08-23,7,サヨノグローリー,6.0,5.0,山田義貴,56.0,,,,佐賀,小岱山賞,8.0,11.0,浦和,プラチナC(重賞),6.0,9.0,浦和,’26武蔵国OP(OP)(4上),9.0,8.0,川崎,幸OP(OP)(A14歳),7.0,10.0,浦和,梅花賞(OP)(4上),0.0,5.0,,nar,2026-08-23,47.88,48.1,65.1,0.0,46.0,60.0,48.8,履歴少 / 人気以上に走る傾向
202635082307,2026-08-23,7,シャトーボビー,11.0,8.0,大坪慎,56.0,,2.0,12.0,盛岡,いわて北緯40度岩手(B2),11.0,9.0,盛岡,B2,10.0,7.0,盛岡,B2,4.0,9.0,水沢,B1,8.0,9.0,水沢,オッズパーク賞(B1),39.4,9.0,,nar,2026-08-23,61.45,54.1,69.5,45.0,87.5,63.4,48.5,前走人気以上 / 履歴少 / 人気以上に走る傾向 / 近走上向き
202655082307,2026-08-23,7,スターオブフェイス,4.0,4.0,川島拓,56.0,,1.0,2.0,佐賀,阿蘇山賞(A1),,,佐賀,モントブレチア賞,7.0,11.0,船橋,20時50分にビッグ(B1),6.0,6.0,船橋,春和景明特別(B1B2),5.0,1.0,船橋,桜月特別(B1B2),63.4,10.0,,nar,2026-08-23,61.54,75.2,56.3,40.7,80.0,54.3,48.8,履歴少 / 近走上向き
202635082307,2026-08-23,7,ソルデベラーノ,7.0,6.0,高橋悠里,57.0,,4.0,10.0,盛岡,いわて北緯40度岩手(B2),8.0,9.0,盛岡,B2一組,9.0,7.0,盛岡,B1,4.0,4.0,盛岡,B1,10.0,12.0,盛岡,夢・希望未来へ前進(B1),32.0,7.0,,nar,2026-08-23,58.19,55.2,63.2,45.0,72.5,60.9,49.6,前走人気以上 / 履歴少 / 近走上向き / 市場オッズ妙味
202646082307,2026-08-23,7,ダズリングスカイ,4.0,4.0,青柳正義,55.0,,5.0,3.0,金沢,能登復興支援山伏山賞(C2),3.0,1.0,金沢,C26,3.0,3.0,金沢,C28,,,金沢,C28,5.0,1.0,金沢,C29,22.0,3.0,,nar,2026-08-23,58.6,76.4,37.5,85.4,42.0,49.8,59.5,金沢実績 / 履歴少 / 安定感 / 市場オッズ妙味
202655082307,2026-08-23,7,ダノンターキッシュ,3.0,3.0,出水拓人,56.0,,6.0,6.0,佐賀,阿蘇山賞(A1),8.0,7.0,佐賀,佐賀王冠賞(重賞),8.0,8.0,佐賀,佐賀スプリングC(重賞),4.0,3.0,佐賀,高千穂峰賞(A1),7.0,8.0,佐賀,はがくれ大賞典(重賞),0.0,3.0,,nar,2026-08-23,46.81,54.4,48.0,14.6,54.5,49.0,49.3,クラス条件好転 / 履歴少
202646082307,2026-08-23,7,デルマガーネット,1.0,1.0,田知弘久,55.0,,7.0,9.0,金沢,能登復興支援山伏山賞(C2),4.0,7.0,金沢,祝!雅也&里佳ブライ(C2),5.0,4.0,金沢,日本列島☆爆走!ツア(C2特別),7.0,8.0,金沢,C26,8.0,7.0,金沢,C27,105.6,7.0,,nar,2026-08-23,54.36,60.3,58.4,44.7,44.0,56.1,49.6,履歴少
202646082307,2026-08-23,7,トップキング,6.0,6.0,魚住謙心,57.0,,2.0,4.0,金沢,C26,6.0,10.0,金沢,C27,6.0,8.0,金沢,都凪リリーデビュー2(C2),5.0,8.0,金沢,C28,7.0,9.0,金沢,信じてるよお馬ら杯(C2),29.7,4.0,,nar,2026-08-23,64.36,70.1,68.5,45.0,74.0,64.8,49.6,履歴少 / 人気以上に走る傾向 / 近走上向き / 市場オッズ妙味
202635082307,2026-08-23,7,ナナドリーム,9.0,7.0,小林凌,57.0,,2.0,5.0,水沢,B1,7.0,6.0,水沢,B1,5.0,7.0,水沢,B1,9.0,8.0,盛岡,B1,10.0,2.0,盛岡,スカパー!地方競馬ナ(B1),32.0,8.0,,nar,2026-08-23,57.61,62.5,50.6,50.2,84.5,53.0,43.8,前走人気以上 / 履歴少 / 近走上向き / 市場オッズ妙味
202635082307,2026-08-23,7,ネクストレベル,8.0,7.0,斉藤友香,50.0,,1.0,11.0,盛岡,いわて北緯40度岩手(B2),5.0,7.0,盛岡,釜淵の滝賞(B2),6.0,9.0,盛岡,B1,11.0,10.0,盛岡,B2,12.0,11.0,水沢,B1,18.8,6.0,,nar,2026-08-23,69.32,63.4,77.2,55.3,95.0,70.7,51.2,盛岡実績 / 前走人気以上 / 履歴少 / 人気以上に走る傾向
202655082307,2026-08-23,7,ハディア,7.0,6.0,田中直人,56.0,,3.0,8.0,佐賀,小岱山賞,7.0,8.0,佐賀,佐賀王冠賞(重賞),11.0,9.0,佐賀,佐賀スプリングC(重賞),2.0,4.0,佐賀,高千穂峰賞(A1),10.0,6.0,佐賀,九千部山賞,19.0,8.0,,nar,2026-08-23,59.59,58.8,58.8,45.0,77.0,65.3,52.6,クラス条件好転 / 前走人気以上 / 履歴少 / 近走上向き
202655082307,2026-08-23,7,ビキニボーイ,11.0,8.0,山口勲,56.0,,2.0,1.0,佐賀,阿蘇山賞(A1),1.0,1.0,佐賀,佐賀王冠賞(重賞),1.0,1.0,佐賀,佐賀スプリングC(重賞),3.0,1.0,佐賀,九千部山賞,6.0,5.0,佐賀,はがくれ大賞典(重賞),38.0,9.0,,nar,2026-08-23,67.07,91.1,45.1,89.7,54.5,53.7,59.2,佐賀実績 / クラス条件好転 / 履歴少 / 安定感
202646082307,2026-08-23,7,ビービービルダー,7.0,7.0,加藤翔馬,57.0,,9.0,6.0,金沢,能登復興支援山伏山賞(C2),7.0,7.0,金沢,C24,6.0,6.0,金沢,☆ひなの&はるかお誕(C2特別),5.0,3.0,金沢,C26,8.0,6.0,金沢,川村友音誕生日おめで(C2),86.1,6.0,,nar,2026-08-23,41.0,50.2,40.1,14.6,35.0,48.1,46.3,履歴少
202655082307,2026-08-23,7,フォードテソーロ,1.0,1.0,石川倭,56.0,,4.0,4.0,高知,Aー2,1.0,2.0,高知,Aー3,4.0,5.0,高知,Aー3,7.0,3.0,高知,Aー2,4.0,6.0,高知,二十四万石賞(重賞),0.0,1.0,,nar,2026-08-23,62.22,78.5,50.5,85.4,50.0,50.0,48.8,履歴少 / 安定感
202655082307,2026-08-23,7,フレイムソード,10.0,7.0,青海大樹,56.0,,10.0,6.0,佐賀,ブルーベル賞,5.0,5.0,佐賀,Aー4組(A2),4.0,5.0,佐賀,ホワイトデー賞,4.0,7.0,佐賀,ゲッケイジュ賞(A2),4.0,4.0,佐賀,バレンタインドリーム,190.4,12.0,,nar,2026-08-23,51.28,59.4,45.9,69.6,15.5,53.5,59.2,佐賀実績 / クラス条件好転 / 履歴少 / 安定感
202655082307,2026-08-23,7,ブリッグオドーン,9.0,7.0,椿聡太,56.0,,5.0,4.0,佐賀,阿蘇山賞(A1),,,佐賀,有明海賞,4.0,2.0,佐賀,国見岳特別(OP),6.0,5.0,船橋,ひまわり賞(OP)(3上),7.0,8.0,船橋,短夜賞(OP)(3上),0.0,6.0,,nar,2026-08-23,53.84,66.3,43.1,50.2,54.0,46.2,59.5,佐賀実績 / 履歴少
202635082307,2026-08-23,7,プロヴァー,10.0,8.0,菅原辰徳,57.0,,1.0,1.0,盛岡,釜淵の滝賞(B2),3.0,1.0,盛岡,ラビットイヤー賞(B2),2.0,2.0,盛岡,B2,2.0,1.0,水沢,C1,1.0,1.0,盛岡,C1,1.8,1.0,,nar,2026-08-23,68.78,93.3,45.5,100.0,56.0,50.6,59.5,盛岡実績 / 履歴少 / 安定感
202646082307,2026-08-23,7,ヘリオシース,5.0,5.0,服部大地,55.0,,7.0,7.0,金沢,C26,6.0,1.0,金沢,C26,3.0,6.0,金沢,C27,9.0,5.0,金沢,信じてるよお馬ら杯(C2),7.0,9.0,金沢,蜜丸さくもYouTu(C2),108.3,8.0,,nar,2026-08-23,45.97,58.0,42.8,19.8,45.5,50.0,46.3,履歴少
202665082307,2026-08-23,7,ホクセイダイジン,8.0,7.0,鈴木恵介,610.0,,,,,,,,,,,,,,,,,,,,,,,,,nar,2026-08-23,36.0,35.0,35.0,35.0,35.0,35.0,45.0,履歴少
202646082307,2026-08-23,7,メイショウオオミネ,8.0,8.0,栗原大河,57.0,,1.0,1.0,金沢,C29,7.0,8.0,2小倉1,3歳以上1勝クラス,14.0,14.0,1小倉9,4歳以上1勝クラス,15.0,17.0,3京都4,3歳以上1勝クラス,12.0,14.0,4阪神3,3歳以上1勝クラス,1.0,1.0,,nar,2026-08-23,54.02,44.6,55.2,30.4,100.0,53.2,51.8,クラス条件好転 / 履歴少 / 近走上向き
202635082307,2026-08-23,7,ラヴェイ,2.0,2.0,山本政聡,57.0,,1.0,1.0,盛岡,B2,4.0,1.0,盛岡,B2,1.0,5.0,水沢,ディセントラ賞(C1),4.0,4.0,水沢,B2三組,7.0,2.0,盛岡,B2,4.5,2.0,,nar,2026-08-23,67.01,85.6,46.7,89.7,68.0,53.8,54.0,盛岡実績 / 履歴少 / 近走上向き / 安定感
202665082307,2026-08-23,7,リュウセイ,4.0,4.0,西将太,620.0,,,,,,,,,,,,,,,,,,,,,,,,,nar,2026-08-23,36.0,35.0,35.0,35.0,35.0,35.0,45.0,履歴少
202665082307,2026-08-23,7,ワンパク,7.0,7.0,村上章,620.0,,,,,,,,,,,,,,,,,,,,,,,,,nar,2026-08-23,36.0,35.0,35.0,35.0,35.0,35.0,45.0,履歴少
202665082308,2026-08-23,8,アクセルアララ,10.0,8.0,赤塚健仁,500.0,,,,,,,,,,,,,,,,,,,,,,,,,nar,2026-08-23,36.0,35.0,35.0,35.0,35.0,35.0,45.0,履歴少
202665082308,2026-08-23,8,アクワイヤ,6.0,6.0,阿部優哉,520.0,,,,,,,,,,,,,,,,,,,,,,,,,nar,2026-08-23,36.0,35.0,35.0,35.0,35.0,35.0,45.0,履歴少
202635082308,2026-08-23,8,アルヴェルナ,4.0,4.0,菅原辰徳,54.0,,3.0,5.0,盛岡,フューチャーステップ(2歳),3.0,10.0,盛岡,若鮎賞(重賞),10.0,9.0,盛岡,岩手デビュー限定競走(2歳),3.0,6.0,水沢,2歳,6.0,5.0,水沢,2歳,24.2,6.0,,nar,2026-08-23,66.59,70.5,67.4,69.9,65.0,62.8,57.0,盛岡実績 / クラス条件好転 / 履歴少 / 人気以上に走る傾向
202646082308,2026-08-23,8,オッスイレブン,4.0,4.0,甲賀弘隆,55.0,,10.0,10.0,金沢,C29,9.0,6.0,金沢,かつののみや杯(C2),7.0,9.0,金沢,日本列島☆爆走!ツア(C2特別),11.0,11.0,金沢,C211,11.0,11.0,金沢,C212,224.8,12.0,,nar,2026-08-23,37.63,32.7,47.5,0.0,47.0,50.3,43.8,履歴少
202635082308,2026-08-23,8,カンベイ,10.0,7.0,高松亮,55.0,,9.0,8.0,門別,JRA認定競走ターフ(OP)(2歳),1.0,2.0,門別,JRA認定競走フレッ(新馬)(2歳),,,,,,,,,,,,,11.5,4.0,,nar,2026-08-23,44.51,53.7,45.1,31.7,19.1,54.9,48.8,履歴少 / サンプル少
202646082308,2026-08-23,8,キクノサヴィ,9.0,7.0,青柳正義,57.0,,6.0,7.0,金沢,C29,8.0,2.0,金沢,能登復興支援能登金剛(C2),3.0,6.0,金沢,C211,5.0,4.0,金沢,C212,10.0,9.0,姫路,C3三,25.3,7.0,,nar,2026-08-23,49.89,58.6,44.1,34.3,53.0,52.1,51.2,金沢実績 / 履歴少 / 市場オッズ妙味
202646082308,2026-08-23,8,キトキト,1.0,1.0,吉原寛人,55.0,,4.0,6.0,金沢,金沢競馬で目指せ初勝(C2),6.0,3.0,金沢,佐藤家&生頼家★結婚(C2),5.0,5.0,金沢,C28,5.0,2.0,金沢,C29,2.0,6.0,金沢,C211,11.1,4.0,,nar,2026-08-23,61.0,70.9,48.9,75.1,53.0,60.2,56.2,金沢実績 / 履歴少 / 安定感
202646082308,2026-08-23,8,キラメキダンサー,2.0,2.0,平瀬城久,55.0,,10.0,10.0,金沢,フィフスザ中村メシア(C2),10.0,3.0,金沢,能登復興支援能登金剛(C2),8.0,4.0,金沢,C29,2.0,6.0,金沢,第2回又多風緑選手誕(C2),9.0,2.0,金沢,C211,43.2,9.0,,nar,2026-08-23,35.43,41.3,31.3,14.6,33.5,42.6,46.3,履歴少
202655082308,2026-08-23,8,キーナイス,10.0,8.0,長田進仁,54.0,,8.0,9.0,佐賀,UMATENA賞(C1),9.0,10.0,佐賀,C1ー6組,9.0,9.0,佐賀,サガデーナイト競馬賞(C1),9.0,8.0,佐賀,C1ー6組,10.0,11.0,佐賀,おっちゃんの山記念(C1),156.2,11.0,,nar,2026-08-23,41.98,37.6,53.6,0.0,57.5,52.2,43.8,履歴少
202665082308,2026-08-23,8,クリスタルパール,9.0,8.0,金田利貴,500.0,,,,,,,,,,,,,,,,,,,,,,,,,nar,2026-08-23,36.0,35.0,35.0,35.0,35.0,35.0,45.0,履歴少
202646082308,2026-08-23,8,クロシオカレント,6.0,5.0,服部大地,57.0,,7.0,5.0,金沢,C29,4.0,5.0,金沢,かつののみや杯(C2),6.0,8.0,金沢,第1回えみこた日和記(C2特別),6.0,7.0,金沢,C211,9.0,7.0,金沢,C212,77.1,10.0,,nar,2026-08-23,48.95,59.1,49.8,24.9,45.5,52.6,46.3,履歴少
202635082308,2026-08-23,8,グレーヌドスタール,7.0,6.0,西啓太,55.0,,5.0,4.0,川崎,初陣賞(OP)(2歳),3.0,4.0,大井,2歳一,3.0,1.0,大井,2歳一,1.0,2.0,大井,2歳　新馬(新馬),,,,,11.8,5.0,,nar,2026-08-23,62.23,81.2,47.6,89.7,34.0,59.7,48.8,履歴少 / 安定感
202665082308,2026-08-23,8,グローリア,5.0,5.0,島津新,520.0,,,,,,,,,,,,,,,,,,,,,,,,,nar,2026-08-23,36.0,35.0,35.0,35.0,35.0,35.0,45.0,履歴少
202665082308,2026-08-23,8,コハクヒメ,2.0,2.0,西謙一,500.0,,,,,,,,,,,,,,,,,,,,,,,,,nar,2026-08-23,36.0,35.0,35.0,35.0,35.0,35.0,45.0,履歴少
202635082308,2026-08-23,8,コパノエビス,2.0,2.0,岩本怜,55.0,,6.0,9.0,盛岡,2歳,6.0,7.0,盛岡,2歳,5.0,5.0,盛岡,2歳,6.0,4.0,水沢,2歳,4.0,2.0,水沢,2歳,258.8,11.0,,nar,2026-08-23,52.1,63.2,54.6,30.1,45.5,52.6,48.5,前走人気以上 / 履歴少
202635082308,2026-08-23,8,コパノブリックス,3.0,3.0,山本聡紀,55.0,,5.0,6.0,盛岡,フューチャーステップ(2歳),5.0,4.0,盛岡,若鮎賞(重賞),4.0,1.0,盛岡,2歳,1.0,1.0,水沢,ファーストステップ2(新馬)(2歳),,,,,40.5,9.0,,nar,2026-08-23,61.33,75.0,45.8,89.7,40.0,53.9,62.5,盛岡実績 / クラス条件好転 / 履歴少 / 安定感
202646082308,2026-08-23,8,ゴールドアバンティ,8.0,6.0,加藤翔馬,57.0,,3.0,5.0,金沢,金沢競馬で目指せ初勝(C2),6.0,7.0,金沢,C28,4.0,2.0,金沢,第2回又多風緑選手誕(C2),4.0,7.0,金沢,C211,6.0,4.0,金沢,マルゼンスキー生誕記(C2特別),17.8,5.0,,nar,2026-08-23,62.94,72.8,54.9,64.7,62.0,63.5,52.9,金沢実績 / 履歴少 / 安定感 / 市場オッズ妙味
202646082308,2026-08-23,8,サヴォーカ,5.0,5.0,柴田勇真,55.0,,2.0,1.0,金沢,金沢競馬で目指せ初勝(C2),2.0,3.0,金沢,C26,2.0,4.0,金沢,都凪リリーデビュー2(C2),3.0,5.0,金沢,C29,7.0,1.0,金沢,C28,2.0,1.0,,nar,2026-08-23,66.98,86.7,50.1,89.7,59.0,51.7,56.2,金沢実績 / 履歴少 / 安定感
202646082308,2026-08-23,8,シュンレツ,7.0,6.0,魚住謙心,57.0,,11.0,7.0,金沢,フィフスザ中村メシア(C2),4.0,8.0,金沢,佐藤家&生頼家★結婚(C2),10.0,7.0,金沢,C29,5.0,6.0,金沢,C29,9.0,8.0,金沢,C28,80.1,11.0,,nar,2026-08-23,42.85,44.2,44.6,39.5,26.0,49.6,49.6,履歴少
202665082308,2026-08-23,8,シンバクシンオー,1.0,1.0,鈴木恵介,520.0,,,,,,,,,,,,,,,,,,,,,,,,,nar,2026-08-23,36.0,35.0,35.0,35.0,35.0,35.0,45.0,履歴少
202655082308,2026-08-23,8,シーザサンライズ,3.0,3.0,田中直人,54.0,,3.0,3.0,佐賀,AIパッカル賞(C1),4.0,4.0,佐賀,C1ー9組,8.0,3.0,佐賀,C1ー9組,2.0,3.0,佐賀,C1ー10組,1.0,2.0,佐賀,C2ー3組,12.2,6.0,,nar,2026-08-23,62.3,76.9,44.8,80.2,54.5,58.7,56.2,佐賀実績 / 履歴少 / 安定感 / 市場オッズ妙味
202635082308,2026-08-23,8,セイカールトン,1.0,1.0,山本聡哉,55.0,,1.0,1.0,盛岡,若鮎賞(重賞),1.0,1.0,盛岡,2歳,2.0,2.0,水沢,ファーストステップ2(新馬)(2歳),,,,,,,,,1.5,1.0,,nar,2026-08-23,67.97,97.9,50.0,75.1,53.0,51.7,59.5,盛岡実績 / 履歴少 / 安定感
202665082308,2026-08-23,8,セリュヴァニア,8.0,7.0,西将太,500.0,,,,,,,,,,,,,,,,,,,,,,,,,nar,2026-08-23,36.0,35.0,35.0,35.0,35.0,35.0,45.0,履歴少
202635082308,2026-08-23,8,タカマキエイト,12.0,8.0,村上忍,55.0,,8.0,8.0,盛岡,岩手デビュー限定競走(2歳),3.0,4.0,盛岡,2歳,3.0,5.0,盛岡,2歳,2.0,1.0,水沢,ファーストステップ2(新馬)(2歳),,,,,38.4,7.0,,nar,2026-08-23,55.8,71.7,53.9,59.3,18.0,57.9,54.0,盛岡実績 / 履歴少 / 市場オッズ妙味
202646082308,2026-08-23,8,ドゥフトブリューテ,10.0,7.0,栗原大河,57.0,,2.0,4.0,金沢,能登復興支援山伏山賞(C2),3.0,5.0,金沢,C27,3.0,2.0,金沢,C28,2.0,1.0,金沢,C29,5.0,6.0,金沢,C29,4.0,2.0,,nar,2026-08-23,70.47,85.9,56.1,100.0,57.5,57.9,59.5,金沢実績 / 履歴少 / 安定感
202665082308,2026-08-23,8,ハオリブル,4.0,4.0,今井千尋,490.0,,,,,,,,,,,,,,,,,,,,,,,,,nar,2026-08-23,36.0,35.0,35.0,35.0,35.0,35.0,45.0,履歴少
202655082308,2026-08-23,8,ビレッジルミエール,6.0,6.0,田中純,54.0,,5.0,7.0,佐賀,AIパッカル賞(C1),12.0,9.0,佐賀,父の日賞(C1),7.0,6.0,佐賀,AIパッカル賞(C1),6.0,7.0,佐賀,C1ー7組,,7.0,佐賀,AIパッカル賞(C1),56.0,10.0,,nar,2026-08-23,48.84,47.6,48.5,30.4,70.0,50.8,47.1,履歴少 / 近走上向き
202655082308,2026-08-23,8,ビーアイブラック,11.0,8.0,山田義貴,54.0,,5.0,5.0,佐賀,コーラル賞(C1),4.0,7.0,佐賀,AIパッカル賞(C1),7.0,6.0,佐賀,C1ー14組,7.0,8.0,佐賀,サガデーナイト競馬賞(C1),6.0,5.0,佐賀,UMATENA賞(C1),19.1,7.0,,nar,2026-08-23,58.04,63.7,54.1,55.3,56.0,63.5,49.6,履歴少 / 市場オッズ妙味
202665082308,2026-08-23,8,フジノモンスター,7.0,7.0,菊池一樹,520.0,,,,,,,,,,,,,,,,,,,,,,,,,nar,2026-08-23,36.0,35.0,35.0,35.0,35.0,35.0,45.0,履歴少
202635082308,2026-08-23,8,ブライティアセレブ,6.0,5.0,塚本涼人,54.0,,7.0,7.0,盛岡,フューチャーステップ(2歳),4.0,6.0,盛岡,2歳,7.0,3.0,盛岡,2歳,5.0,8.0,盛岡,ファーストステップ2(新馬)(2歳),,,,,318.7,12.0,,nar,2026-08-23,51.58,61.3,51.1,39.5,40.0,53.4,51.2,盛岡実績 / 履歴少
202635082308,2026-08-23,8,ベストプラージュ,8.0,6.0,山本政聡,54.0,,1.0,3.0,盛岡,フューチャーステップ(2歳),2.0,6.0,盛岡,若鮎賞(重賞),6.0,8.0,盛岡,岩手デビュー限定競走(2歳),4.0,9.0,盛岡,2歳,6.0,6.0,水沢,2歳,5.1,2.0,,nar,2026-08-23,71.57,82.5,69.1,69.9,71.0,65.4,58.3,盛岡実績 / クラス条件好転 / 履歴少 / 人気以上に走る傾向
202655082308,2026-08-23,8,ベンデュガ,1.0,1.0,出水拓人,56.0,,6.0,6.0,佐賀,バーベナ賞(C1),3.0,2.0,佐賀,C1ー14組,7.0,2.0,佐賀,C1ー13組,2.0,2.0,佐賀,かに座特選(C2),9.0,2.0,佐賀,清明特選(C2),20.2,8.0,,nar,2026-08-23,48.99,66.6,36.3,39.5,45.5,46.3,49.6,履歴少 / 市場オッズ妙味
202665082308,2026-08-23,8,ホクセイロイヤル,3.0,3.0,阿部武臣,520.0,,,,,,,,,,,,,,,,,,,,,,,,,nar,2026-08-23,36.0,35.0,35.0,35.0,35.0,35.0,45.0,履歴少
202655082308,2026-08-23,8,マリエッティ,2.0,2.0,長谷川蓮,54.0,,4.0,11.0,佐賀,里帰りJC第1戦ホー(C1),1.0,5.0,佐賀,AIパッカル賞(C1),2.0,5.0,佐賀,芒種賞(C2),6.0,5.0,佐賀,緑風賞(C2),6.0,10.0,佐賀,小満特選(C2),23.5,9.0,,nar,2026-08-23,70.96,81.2,77.9,75.1,48.5,67.3,52.9,佐賀実績 / 前走人気以上 / 履歴少 / 人気以上に走る傾向
202655082308,2026-08-23,8,ミッキージェントル,9.0,7.0,山口勲,56.0,,9.0,1.0,佐賀,里帰りJC第1戦ホー(C1),1.0,1.0,佐賀,ムーンストーン賞(C1),2.0,4.0,佐賀,こぐま座特選(C2),2.0,4.0,佐賀,大寒特選(C2),1.0,2.0,佐賀,C2ー8組,3.2,2.0,,nar,2026-08-23,53.02,77.8,38.5,69.6,5.0,53.0,56.2,佐賀実績 / 履歴少 / 安定感
202635082308,2026-08-23,8,ミッションフェロー,9.0,7.0,高橋悠里,55.0,,7.0,9.0,門別,JRA認定競走ウィナ(OP)(2歳),1.0,4.0,門別,JRA認定競走アタッ(未勝利)(2歳),2.0,5.0,門別,JRA認定競走アタッ(未勝利)(2歳),3.0,8.0,門別,JRA認定競走アタッ(未勝利)(2歳),7.0,7.0,門別,JRA認定競走アタッ(未勝利)(2歳),10.1,3.0,,nar,2026-08-23,62.78,76.5,68.7,59.3,27.5,68.3,48.8,履歴少 / 人気以上に走る傾向 / 過小評価傾向
202646082308,2026-08-23,8,メイショウロッキー,3.0,3.0,中島龍也,57.0,,2.0,4.0,金沢,琴音ちゃん20歳おめ(C2),5.0,3.0,金沢,C26,8.0,3.0,金沢,C27,3.0,1.0,金沢,C28,2.0,3.0,金沢,道嵩くん華奈ちゃん結(C2),5.9,3.0,,nar,2026-08-23,61.87,75.4,42.5,80.2,65.0,53.7,56.2,金沢実績 / 履歴少 / 近走上向き / 安定感
202655082308,2026-08-23,8,モズオラージュ,8.0,7.0,椿聡太,53.0,,1.0,1.0,佐賀,コーラル賞(C1),5.0,4.0,園田,C1二,4.0,11.0,園田,C1,7.0,7.0,園田,ムーディ勝山☆来場記(C1),7.0,11.0,園田,モクレン賞C1,2.8,1.0,,nar,2026-08-23,67.52,75.3,60.8,75.1,78.5,60.9,48.8,履歴少 / 近走上向き / 安定感
202635082308,2026-08-23,8,ユウユウジュレップ,5.0,5.0,佐々木志,54.0,,3.0,5.0,盛岡,2歳,3.0,4.0,盛岡,2歳,6.0,6.0,盛岡,2歳,8.0,7.0,水沢,2歳,3.0,5.0,盛岡,2歳,86.8,10.0,,nar,2026-08-23,62.81,73.4,56.4,65.7,62.0,56.1,55.3,盛岡実績 / 履歴少 / 安定感
202646082308,2026-08-23,8,ラースアルアイン,11.0,8.0,田知弘久,57.0,,7.0,10.0,金沢,C15,,,金沢,C14,6.0,10.0,金沢,ホップステップぴんみ(C1),9.0,6.0,金沢,愛☆日本一のウマ男祝(C1特別),9.0,10.0,金沢,孝明杯(C1),39.0,8.0,,nar,2026-08-23,47.79,48.8,62.8,0.0,56.0,56.9,43.8,前走人気以上 / 履歴少 / 市場オッズ妙味
202655082308,2026-08-23,8,リヴァイデント,4.0,4.0,山下裕貴,54.0,,7.0,7.0,佐賀,里帰りJC第1戦ホー(C1),2.0,3.0,佐賀,シルクジャスミン賞(C1),3.0,2.0,佐賀,C1ー9組,4.0,3.0,佐賀,アイリス賞(C1),1.0,2.0,佐賀,サンライズ賞(C2),10.3,4.0,,nar,2026-08-23,58.63,76.8,50.1,69.6,23.0,59.9,56.2,佐賀実績 / 履歴少 / 安定感
202655082308,2026-08-23,8,ルミナスフラックス,7.0,6.0,石川慎将,56.0,,4.0,2.0,佐賀,C1ー14組,6.0,2.0,佐賀,AIパッカル賞(C1),3.0,2.0,佐賀,こぐま座特選(C2),1.0,1.0,佐賀,C2ー8組,2.0,2.0,佐賀,パドックリニューアル(C2),7.2,3.0,,nar,2026-08-23,58.47,78.7,37.4,75.1,44.0,53.9,56.2,佐賀実績 / 履歴少 / 安定感
202655082308,2026-08-23,8,レジェンド,5.0,5.0,飛田愛斗,56.0,,11.0,6.0,佐賀,里帰りJC第1戦ホー(C1),3.0,2.0,佐賀,シルクジャスミン賞(C1),1.0,3.0,佐賀,C1ー15組,7.0,8.0,船橋,C2七　八九　ウ(C2八),12.0,6.0,船橋,C2九　十,10.8,5.0,,nar,2026-08-23,45.04,55.6,37.1,44.7,18.5,54.3,54.0,佐賀実績 / 履歴少
202635082308,2026-08-23,8,レディーショコラ,11.0,8.0,鈴木祐,54.0,,4.0,3.0,盛岡,2歳,2.0,2.0,盛岡,ファーストステップ2(新馬)(2歳),,,,,,,,,,,,,38.7,8.0,,nar,2026-08-23,52.04,63.8,43.4,48.4,38.9,52.5,59.5,盛岡実績 / 履歴少 / サンプル少 / 市場オッズ妙味
202646082308,2026-08-23,8,ワールドラブ,12.0,8.0,鈴木太一,57.0,,5.0,3.0,金沢,金沢競馬で目指せ初勝(C2),4.0,9.0,金沢,すずしゅう20歳誕生(C2),3.0,8.0,金沢,☆ひなの&はるかお誕(C2特別),6.0,9.0,金沢,C25,6.0,7.0,金沢,C25,18.9,6.0,,nar,2026-08-23,65.49,71.2,65.2,75.1,48.5,70.0,52.9,金沢実績 / 履歴少 / 人気以上に走る傾向 / 安定感
202665082309,2026-08-23,9,アソノリキ,3.0,3.0,金田利貴,630.0,,,,,,,,,,,,,,,,,,,,,,,,,nar,2026-08-23,36.0,35.0,35.0,35.0,35.0,35.0,45.0,履歴少
202635082309,2026-08-23,9,イタズラベガ,4.0,4.0,岩本怜,54.0,,1.0,4.0,盛岡,3歳B1,6.0,4.0,盛岡,サファイア賞(重賞),6.0,2.0,水沢,3歳B1,2.0,4.0,盛岡,イーハトーブマイル(重賞),2.0,8.0,盛岡,3歳B1一組,3.2,3.0,,nar,2026-08-23,64.12,80.1,53.7,55.3,68.0,58.2,58.3,盛岡実績 / クラス条件好転 / 前走人気以上 / 履歴少
202655082309,2026-08-23,9,エイシンパルサー,2.0,2.0,小松丈二,56.0,,5.0,1.0,佐賀,ポーチュラカ賞(C1),2.0,2.0,佐賀,C1ー12組,1.0,1.0,佐賀,C2ー5組,9.0,6.0,園田,C1,1.0,2.0,園田,C2二,11.3,5.0,,nar,2026-08-23,60.34,78.9,39.1,85.4,39.5,56.4,59.5,佐賀実績 / 履歴少 / 安定感
202655082309,2026-08-23,9,オスマン,6.0,5.0,川島拓,56.0,,2.0,9.0,佐賀,C2ー5組,8.0,12.0,佐賀,C2ー4組,10.0,7.0,佐賀,C2ー4組,6.0,8.0,佐賀,C2ー4組,9.0,7.0,佐賀,C2ー4組,51.3,10.0,,nar,2026-08-23,59.21,56.9,68.3,30.4,87.5,57.8,46.3,前走人気以上 / 履歴少 / 人気以上に走る傾向 / 近走上向き
202635082309,2026-08-23,9,キララカ,5.0,5.0,阿部英俊,54.0,,10.0,11.0,盛岡,ひまわり賞(重賞),8.0,9.0,盛岡,3歳B1,8.0,8.0,盛岡,3歳B1,9.0,8.0,盛岡,3歳B1,7.0,9.0,水沢,3歳B1,100.1,8.0,,nar,2026-08-23,40.23,38.8,54.3,0.0,38.0,52.9,43.8,履歴少
202635082309,2026-08-23,9,クイーンオメガ,9.0,8.0,鈴木祐,54.0,,11.0,10.0,盛岡,ひまわり賞(重賞),10.0,7.0,盛岡,アンバー賞(3歳),4.0,7.0,盛岡,3歳B1,5.0,11.0,水沢,3歳B1,11.0,7.0,盛岡,3歳B1一組,51.7,6.0,,nar,2026-08-23,42.75,40.1,50.0,34.3,29.0,51.6,47.1,履歴少
202665082309,2026-08-23,9,クニキヨタイショウ,9.0,8.0,菊池一樹,630.0,,,,,,,,,,,,,,,,,,,,,,,,,nar,2026-08-23,36.0,35.0,35.0,35.0,35.0,35.0,45.0,履歴少
202655082309,2026-08-23,9,クリノオリオン,1.0,1.0,中山蓮王,54.0,,9.0,10.0,高知,C1ー6,7.0,8.0,高知,C1ー7,8.0,9.0,高知,C1ー6,10.0,10.0,高知,C1ー7,8.0,8.0,高知,キビナゴ特別(C1),26.4,8.0,,nar,2026-08-23,42.64,41.2,55.3,0.0,45.5,53.6,48.8,履歴少
202655082309,2026-08-23,9,グレイトミッション,3.0,3.0,出水拓人,54.0,,3.0,4.0,佐賀,C2ー3組,2.0,10.0,佐賀,C2ー5組,11.0,10.0,佐賀,C2ー5組,10.0,8.0,佐賀,C2ー5組,4.0,7.0,佐賀,C2ー6組,40.0,9.0,,nar,2026-08-23,64.14,64.4,64.8,65.7,72.5,62.1,52.9,佐賀実績 / 履歴少 / 近走上向き / 安定感
202635082309,2026-08-23,9,グローラヴェンコ,7.0,7.0,山本聡紀,56.0,,2.0,2.0,盛岡,3歳B1,1.0,1.0,盛岡,3歳B2一組,6.0,5.0,盛岡,やまびこ賞(重賞),2.0,1.0,盛岡,3歳B1,7.0,5.0,水沢,ウイナーC(重賞),2.6,2.0,,nar,2026-08-23,63.04,83.5,46.1,69.9,62.0,51.5,55.3,盛岡実績 / 履歴少 / 安定感
202665082309,2026-08-23,9,ケンチャン,1.0,1.0,赤塚健仁,630.0,,,,,,,,,,,,,,,,,,,,,,,,,nar,2026-08-23,36.0,35.0,35.0,35.0,35.0,35.0,45.0,履歴少
202665082309,2026-08-23,9,コトブキラベンダー,7.0,7.0,西将太,600.0,,,,,,,,,,,,,,,,,,,,,,,,,nar,2026-08-23,36.0,35.0,35.0,35.0,35.0,35.0,45.0,履歴少
202665082309,2026-08-23,9,サカノトウカイ,2.0,2.0,松本秀克,630.0,,,,,,,,,,,,,,,,,,,,,,,,,nar,2026-08-23,36.0,35.0,35.0,35.0,35.0,35.0,45.0,履歴少
202635082309,2026-08-23,9,ササキントサブロウ,6.0,6.0,小林凌,56.0,,8.0,9.0,水沢,ウイナーC(重賞),8.0,10.0,水沢,東北優駿(重賞),8.0,9.0,盛岡,ダイヤモンドC(重賞),5.0,6.0,水沢,ネクストスター北日本(重賞),4.0,6.0,水沢,スプリングC(重賞),63.2,7.0,,nar,2026-08-23,49.11,50.8,59.5,24.9,39.5,57.2,48.8,履歴少
202655082309,2026-08-23,9,シュライバー,4.0,4.0,山田義貴,56.0,,3.0,3.0,佐賀,グリーンアパタイト賞(C1),2.0,3.0,佐賀,C1ー15組,9.0,14.0,川崎,ファイナルアンサー賞(C2),10.0,10.0,川崎,C2三　四,10.0,10.0,川崎,C2三　四,10.6,4.0,,nar,2026-08-23,62.55,62.6,58.7,55.3,78.5,63.9,59.5,佐賀実績 / 履歴少 / 近走上向き
202665082309,2026-08-23,9,ジェイサンダー,5.0,5.0,阿部武臣,630.0,,,,,,,,,,,,,,,,,,,,,,,,,nar,2026-08-23,36.0,35.0,35.0,35.0,35.0,35.0,45.0,履歴少
202635082309,2026-08-23,9,セローム,2.0,2.0,菅原辰徳,54.0,,10.0,10.0,盛岡,やまびこ賞(重賞),12.0,6.0,盛岡,サファイア賞(重賞),9.0,6.0,水沢,ウイナーC(重賞),4.0,6.0,盛岡,イーハトーブマイル(重賞),8.0,9.0,水沢,留守杯日高賞(重賞),30.7,4.0,,nar,2026-08-23,36.77,34.2,38.1,14.6,39.5,47.8,48.5,履歴少
202635082309,2026-08-23,9,ソラーロ,1.0,1.0,村上忍,56.0,,1.0,3.0,盛岡,3歳B1,5.0,1.0,盛岡,オパールC(重賞),2.0,2.0,盛岡,サファイア賞(重賞),7.0,7.0,2東京7,3歳1勝クラス,9.0,8.0,1小倉7,あすなろ賞(1勝クラス),2.2,1.0,,nar,2026-08-23,64.56,76.8,46.6,75.1,78.5,51.4,62.5,盛岡実績 / クラス条件好転 / 履歴少 / 近走上向き
202655082309,2026-08-23,9,ニシノイッキサス,7.0,6.0,椿聡太,53.0,,1.0,8.0,佐賀,海の日特選(C2),,,佐賀,夏至賞(C2),8.0,3.0,佐賀,こぐま座特選(C2),3.0,4.0,佐賀,緑風賞(C2),1.0,7.0,佐賀,C2ー9組,12.6,6.0,,nar,2026-08-23,69.13,82.2,67.8,55.3,68.0,68.1,55.3,佐賀実績 / 前走人気以上 / 履歴少 / 人気以上に走る傾向
202655082309,2026-08-23,9,ノースグロリア,8.0,6.0,飛田愛斗,56.0,,2.0,1.0,佐賀,グリーンアパタイト賞(C1),9.0,4.0,園田,敏馬7ハロンC2一,6.0,4.0,園田,C2一,3.0,3.0,園田,C2一,7.0,1.0,園田,C2一,4.7,2.0,,nar,2026-08-23,52.27,66.4,32.0,45.0,75.5,47.5,48.8,履歴少 / 近走上向き
202665082309,2026-08-23,9,ハゴロモファルコン,4.0,4.0,西謙一,630.0,,,,,,,,,,,,,,,,,,,,,,,,,nar,2026-08-23,36.0,35.0,35.0,35.0,35.0,35.0,45.0,履歴少
202635082309,2026-08-23,9,ハチスケ,8.0,8.0,大坪慎,56.0,,9.0,9.0,盛岡,3歳C2六組,10.0,11.0,盛岡,3歳C2五組,7.0,8.0,盛岡,うまレター賞(3歳C2),10.0,12.0,盛岡,アメジスト賞(3歳),7.0,6.0,水沢,3歳C2一組,213.8,9.0,,nar,2026-08-23,41.03,37.7,54.4,0.0,47.0,52.9,43.8,履歴少
202655082309,2026-08-23,9,ハネガハエテマス,9.0,7.0,田中直人,56.0,,9.0,3.0,佐賀,KYUSHUDREA(C1),12.0,8.0,大井,ストーン・フェンス賞(C2七),12.0,6.0,大井,ポートサイド賞(C2七),10.0,5.0,大井,C2五　六,12.0,4.0,大井,イエロー・パロット賞(C2),25.8,7.0,,nar,2026-08-23,25.98,21.6,11.1,0.0,65.0,32.8,48.8,履歴少 / 近走上向き
202665082309,2026-08-23,9,ハヤブサリュウ,8.0,8.0,長澤幸太,630.0,,,,,,,,,,,,,,,,,,,,,,,,,nar,2026-08-23,36.0,35.0,35.0,35.0,35.0,35.0,45.0,履歴少
202655082309,2026-08-23,9,ハルヨコイ,12.0,8.0,竹吉徹,54.0,,10.0,6.0,佐賀,AIパッカル賞(C1),3.0,5.0,佐賀,C1ー11組,8.0,8.0,佐賀,C1ー10組,4.0,7.0,佐賀,C1ー10組,4.0,5.0,佐賀,C1ー11組,73.2,12.0,,nar,2026-08-23,48.85,57.1,48.8,49.8,18.5,54.8,52.9,佐賀実績 / 履歴少
202655082309,2026-08-23,9,ポークテソーロ,5.0,5.0,山口勲,56.0,,2.0,1.0,佐賀,バーベナ賞(C1),5.0,2.0,3中山3,4歳以上1勝クラス,4.0,1.0,2中京2,4歳以上1勝クラス,5.0,7.0,1東京6,4歳以上1勝クラス,1.0,1.0,佐賀,さがけいば無料ネット(C2),1.9,1.0,,nar,2026-08-23,64.61,80.2,40.5,100.0,60.5,49.5,62.5,佐賀実績 / クラス条件好転 / 履歴少 / 安定感
202665082309,2026-08-23,9,ミナミジュウジセイ,6.0,6.0,大友一馬,630.0,,,,,,,,,,,,,,,,,,,,,,,,,nar,2026-08-23,36.0,35.0,35.0,35.0,35.0,35.0,45.0,履歴少
202635082309,2026-08-23,9,ライクシュガー,3.0,3.0,佐々木志,54.0,,,,盛岡,ひまわり賞(重賞),9.0,7.0,盛岡,3歳B1,4.0,2.0,盛岡,3歳B1,9.0,9.0,金沢,石川優駿(重賞),6.0,9.0,金沢,北日本新聞杯【石川優(重賞),49.9,5.0,,nar,2026-08-23,43.97,50.9,44.1,19.8,34.0,53.9,51.2,盛岡実績 / 履歴少 / 市場オッズ妙味
202655082309,2026-08-23,9,ラフト,10.0,7.0,長田進仁,56.0,,3.0,10.0,佐賀,C2ー4組,8.0,8.0,佐賀,C2ー3組,10.0,8.0,佐賀,C2ー3組,7.0,3.0,佐賀,C2ー3組,3.0,6.0,佐賀,C2ー4組,58.6,11.0,,nar,2026-08-23,57.35,58.3,60.2,40.7,74.0,56.1,49.6,前走人気以上 / 履歴少 / 近走上向き
202655082309,2026-08-23,9,レジェンダイズ,11.0,8.0,長谷川蓮,56.0,,4.0,2.0,佐賀,ポーチュラカ賞(C1),2.0,2.0,佐賀,ムーンストーン賞(C1),3.0,5.0,佐賀,C1ー15組,10.0,7.0,佐賀,C1ー13組,5.0,6.0,佐賀,KYUSHUDREA(C1),9.9,3.0,,nar,2026-08-23,62.5,73.7,46.2,85.4,56.0,58.5,56.2,佐賀実績 / 履歴少 / 安定感
202665082310,2026-08-23,10,アシュラダイマオー,1.0,1.0,西将太,640.0,,,,,,,,,,,,,,,,,,,,,,,,,nar,2026-08-23,36.0,35.0,35.0,35.0,35.0,35.0,45.0,履歴少
202655082310,2026-08-23,10,アルデツヨシ,6.0,5.0,木村直輝,56.0,,7.0,6.0,高知,C3ー2,7.0,4.0,高知,C3ー2,3.0,3.0,高知,C3ー3,5.0,2.0,高知,C3ー3,6.0,2.0,高知,C3ー3,15.0,9.0,,nar,2026-08-23,47.19,61.5,36.7,34.3,39.5,53.1,48.8,履歴少 / 市場オッズ妙味
202665082310,2026-08-23,10,エクレール,4.0,4.0,阿部武臣,630.0,,,,,,,,,,,,,,,,,,,,,,,,,nar,2026-08-23,36.0,35.0,35.0,35.0,35.0,35.0,45.0,履歴少
202655082310,2026-08-23,10,カシノメンコチャン,7.0,6.0,田中純,54.0,,2.0,4.0,佐賀,里帰りJC第1戦ホー(C1),3.0,7.0,佐賀,父の日賞(C1),3.0,3.0,佐賀,C1ー9組,3.0,4.0,佐賀,C1ー10組,2.0,2.0,佐賀,C1ー11組,16.6,11.0,,nar,2026-08-23,73.46,87.3,62.3,100.0,54.5,68.5,59.5,佐賀実績 / 履歴少 / 安定感 / 過小評価傾向
202655082310,2026-08-23,10,カズヴィトシャ,9.0,7.0,竹吉徹,56.0,,2.0,5.0,佐賀,KYUSHUDREA(C1),,,佐賀,マラカイト賞(C1),5.0,4.0,佐賀,C1ー10組,2.0,2.0,佐賀,KYUSHUDREA(C1),2.0,7.0,佐賀,KYUSHUDREA(C1),15.6,10.0,,nar,2026-08-23,70.15,85.7,61.5,75.1,56.0,69.5,59.5,佐賀実績 / 前走人気以上 / 履歴少 / 安定感
202665082310,2026-08-23,10,カワノブレーザー,3.0,3.0,中原蓮,630.0,,,,,,,,,,,,,,,,,,,,,,,,,nar,2026-08-23,36.0,35.0,35.0,35.0,35.0,35.0,45.0,履歴少
202655082310,2026-08-23,10,ケンブリッジナイト,4.0,4.0,石川慎将,56.0,,2.0,1.0,佐賀,AIパッカル賞(C1),2.0,2.0,佐賀,C1ー11組,2.0,1.0,佐賀,C1ー14組,2.0,3.0,佐賀,ケンタウルス座特選(C2),2.0,3.0,佐賀,C2ー4組,5.0,2.0,,nar,2026-08-23,69.24,92.0,48.2,100.0,50.0,56.8,59.5,佐賀実績 / 履歴少 / 安定感
202635082310,2026-08-23,10,シマサンブラック,2.0,2.0,村上忍,56.0,,6.0,1.0,盛岡,B1,8.0,3.0,盛岡,アンタレス賞(B1),7.0,1.0,盛岡,せきれい賞(重賞),1.0,1.0,水沢,ジューンC(B2),1.0,1.0,盛岡,メイC(B2),5.2,3.0,,nar,2026-08-23,42.12,64.4,22.3,24.9,39.5,44.9,47.1,履歴少
202665082310,2026-08-23,10,ジェイマキシマム,6.0,6.0,鈴木恵介,630.0,,,,,,,,,,,,,,,,,,,,,,,,,nar,2026-08-23,36.0,35.0,35.0,35.0,35.0,35.0,45.0,履歴少
202665082310,2026-08-23,10,ジェイマーシー,8.0,7.0,長澤幸太,640.0,,,,,,,,,,,,,,,,,,,,,,,,,nar,2026-08-23,36.0,35.0,35.0,35.0,35.0,35.0,45.0,履歴少
202655082310,2026-08-23,10,ジェットブレイク,8.0,6.0,西森将司,56.0,,3.0,3.0,高知,C3ー3,8.0,3.0,高知,C3ー2,5.0,7.0,船橋,乗馬クラブクレイン千(B3),8.0,10.0,浦和,HBA日高軽種馬農業(B3),10.0,9.0,川崎,夏紅特別(B3),8.9,3.0,,nar,2026-08-23,55.91,59.2,45.4,50.2,78.5,58.0,48.8,履歴少 / 近走上向き
202635082310,2026-08-23,10,スカーズ,6.0,6.0,菅原辰徳,56.0,,10.0,2.0,盛岡,B1,11.0,10.0,名古屋,宵波特別(A),3.0,11.0,名古屋,夏越大空特別(A),10.0,10.0,名古屋,七変化雨彩特別(A),6.0,4.0,名古屋,小満特別(A),23.6,6.0,,nar,2026-08-23,39.81,40.4,40.9,19.8,35.0,49.7,51.8,クラス条件好転 / 履歴少
202635082310,2026-08-23,10,スズカパンサー,8.0,8.0,塚本涼人,56.0,,3.0,4.0,盛岡,いわて北緯40度八幡(B1),3.0,1.0,盛岡,親子で学ぶ!味覚とテ(B1),8.0,7.0,盛岡,ネモフィラ賞(B1),6.0,4.0,盛岡,レモンポップ特別(B1),4.0,2.0,水沢,オッズパーク賞(B1),10.0,5.0,,nar,2026-08-23,59.05,71.8,43.8,65.7,63.5,55.9,51.2,盛岡実績 / 履歴少 / 安定感
202655082310,2026-08-23,10,スティルザワン,11.0,8.0,山田義貴,56.0,,3.0,5.0,佐賀,UMATENA有村の(C1),3.0,6.0,佐賀,C1ー7組,5.0,2.0,佐賀,KYUSHUDREA(C1),6.0,5.0,佐賀,エメラルド特選(C1),4.0,4.0,佐賀,メイ特選(C1),11.8,7.0,,nar,2026-08-23,65.97,76.5,54.3,85.4,59.0,61.2,56.2,佐賀実績 / 履歴少 / 安定感
202655082310,2026-08-23,10,セイスカーレット,5.0,5.0,飛田愛斗,54.0,,6.0,2.0,佐賀,UMATENA有村の(C1),2.0,1.0,佐賀,C1ー7組,3.0,3.0,佐賀,C1ー8組,2.0,1.0,佐賀,C1ー9組,3.0,4.0,佐賀,C1ー9組,10.0,5.0,,nar,2026-08-23,57.2,79.9,39.4,69.6,29.0,56.5,56.2,佐賀実績 / 履歴少 / 安定感
202635082310,2026-08-23,10,ソルエストレーラ,3.0,3.0,関本玲花,52.0,,1.0,1.0,盛岡,オーガストC(B2),1.0,1.0,盛岡,C1,2.0,1.0,盛岡,C1,1.0,1.0,水沢,種山高原賞(C1),1.0,1.0,盛岡,C1,2.2,1.0,,nar,2026-08-23,70.73,98.4,48.6,100.0,51.5,52.7,59.5,盛岡実績 / 履歴少 / 安定感
202665082310,2026-08-23,10,タイガ,9.0,8.0,西謙一,640.0,,,,,,,,,,,,,,,,,,,,,,,,,nar,2026-08-23,36.0,35.0,35.0,35.0,35.0,35.0,45.0,履歴少
202665082310,2026-08-23,10,タカシオ,5.0,5.0,大友一馬,630.0,,,,,,,,,,,,,,,,,,,,,,,,,nar,2026-08-23,36.0,35.0,35.0,35.0,35.0,35.0,45.0,履歴少
202635082310,2026-08-23,10,ヒシタイカン,7.0,7.0,斉藤友香,52.0,,9.0,8.0,盛岡,B1,6.0,7.0,盛岡,親子で学ぶ!味覚とテ(B1),4.0,3.0,金沢,としおゆうこ夫妻に感(B2),9.0,3.0,金沢,B26,5.0,1.0,金沢,第2回竹橋おきらく食(B2特別),54.4,8.0,,nar,2026-08-23,42.5,53.2,39.2,30.1,32.0,45.5,43.8,履歴少
202665082310,2026-08-23,10,ビッグシラヌイ,2.0,2.0,島津新,640.0,,,,,,,,,,,,,,,,,,,,,,,,,nar,2026-08-23,36.0,35.0,35.0,35.0,35.0,35.0,45.0,履歴少
202635082310,2026-08-23,10,ビッグタマテルーフ,1.0,1.0,小林凌,54.0,,4.0,2.0,盛岡,いわて北緯40度八幡(B1),3.0,3.0,盛岡,B1,2.0,5.0,盛岡,ジュライC(B2),2.0,4.0,盛岡,ソウルラッシュ特別(B2),5.0,5.0,水沢,B1,7.6,4.0,,nar,2026-08-23,67.32,82.7,51.9,100.0,44.0,60.6,59.5,盛岡実績 / 履歴少 / 安定感
202635082310,2026-08-23,10,ブレイクバウンズ,4.0,4.0,高松亮,56.0,,2.0,1.0,盛岡,いわて北緯40度八幡(B1),1.0,2.0,水沢,B2,4.0,1.0,水沢,シベリアンアイリス賞(B1B2),4.0,1.0,盛岡,B1三組,2.0,2.0,盛岡,B1二組B2一組混合(B1B2),3.7,2.0,,nar,2026-08-23,66.68,88.5,42.4,100.0,54.5,51.7,59.5,盛岡実績 / 履歴少 / 安定感
202665082310,2026-08-23,10,ホクセイレクサス,10.0,8.0,菊池一樹,640.0,,,,,,,,,,,,,,,,,,,,,,,,,nar,2026-08-23,36.0,35.0,35.0,35.0,35.0,35.0,45.0,履歴少
202655082310,2026-08-23,10,ポートタウランガ,12.0,8.0,山口勲,54.0,,3.0,1.0,笠松,馬瀬川特別(C),3.0,2.0,笠松,B7組,2.0,2.0,笠松,B8・C3組(BC),5.0,2.0,笠松,年の瀬賞(C),2.0,3.0,笠松,冬の稲妻特別(C),3.8,1.0,,nar,2026-08-23,63.75,84.1,41.7,100.0,50.0,52.4,48.8,履歴少 / 安定感
202655082310,2026-08-23,10,ミコノオンガエシ,1.0,1.0,長谷川蓮,54.0,,3.0,5.0,佐賀,C1ー14組,3.0,4.0,佐賀,しし座特選(C2),2.0,3.0,佐賀,C2ー3組,2.0,1.0,佐賀,C2ー6組,3.0,4.0,佐賀,中京馬主協会来場記念(C2),14.1,8.0,,nar,2026-08-23,70.81,86.7,57.1,100.0,47.0,66.0,59.5,佐賀実績 / 履歴少 / 安定感 / 過小評価傾向
202655082310,2026-08-23,10,ミスレモン,3.0,3.0,川島拓,54.0,,11.0,1.0,佐賀,ジュライ特選(C1),2.0,2.0,佐賀,C1ー6組,2.0,5.0,佐賀,C1ー8組,2.0,1.0,佐賀,C1ー8組,1.0,1.0,佐賀,薫風特選(C2),11.7,6.0,,nar,2026-08-23,49.22,70.9,31.9,69.6,0.0,55.3,56.2,佐賀実績 / 履歴少 / 安定感
202665082310,2026-08-23,10,ミヤビハヤブサ,7.0,7.0,村上章,630.0,,,,,,,,,,,,,,,,,,,,,,,,,nar,2026-08-23,36.0,35.0,35.0,35.0,35.0,35.0,45.0,履歴少
202655082310,2026-08-23,10,メリトーリアス,10.0,7.0,長田進仁,56.0,,5.0,4.0,佐賀,UMATENA賞(C1),7.0,10.0,名古屋,B13組,9.0,10.0,名古屋,B11組,7.0,9.0,名古屋,B13組,10.0,11.0,名古屋,B12組,26.1,12.0,,nar,2026-08-23,53.16,51.2,57.3,30.4,69.5,56.5,51.8,クラス条件好転 / 履歴少 / 近走上向き
202635082310,2026-08-23,10,モズユイユイ,5.0,5.0,高橋悠里,56.0,,10.0,6.0,盛岡,夢・希望未来へ前進(B1),5.0,5.0,水沢,朝顔賞(B1),1.0,5.0,盛岡,ハイペリカム賞(B1),6.0,5.0,盛岡,紫陽花賞(B1),3.0,2.0,水沢,B1二組,24.2,7.0,,nar,2026-08-23,49.06,62.7,45.3,55.0,12.5,55.0,48.5,履歴少 / 市場オッズ妙味
202655082310,2026-08-23,10,ワイドレッド,2.0,2.0,山下裕貴,54.0,,3.0,2.0,佐賀,KYUSHUDREA(C1),4.0,3.0,佐賀,C1ー11組,3.0,2.0,佐賀,C1ー12組,1.0,2.0,高知,C3ー9,7.0,7.0,高知,C3ー9,9.3,4.0,,nar,2026-08-23,65.07,81.0,45.8,89.7,54.5,58.2,59.5,佐賀実績 / 履歴少 / 安定感
202665082311,2026-08-23,11,インカン,5.0,5.0,中村太陽,660.0,,,,,,,,,,,,,,,,,,,,,,,,,nar,2026-08-23,36.0,35.0,35.0,35.0,35.0,35.0,45.0,履歴少
202665082311,2026-08-23,11,ウンカイダイマオー,9.0,8.0,金田利貴,700.0,,,,,,,,,,,,,,,,,,,,,,,,,nar,2026-08-23,36.0,35.0,35.0,35.0,35.0,35.0,45.0,履歴少
202665082311,2026-08-23,11,キョウエイエース,4.0,4.0,菊池一樹,710.0,,,,,,,,,,,,,,,,,,,,,,,,,nar,2026-08-23,36.0,35.0,35.0,35.0,35.0,35.0,45.0,履歴少
202635082311,2026-08-23,11,クリコマ,5.0,5.0,塚本涼人,56.0,,11.0,10.0,盛岡,夢・希望未来へ前進(B1),7.0,4.0,盛岡,夢・希望未来へ前進(B1),5.0,6.0,水沢,陽春特別(A),4.0,8.0,水沢,春分特別(A),8.0,10.0,水沢,浅春特別(A),45.3,7.0,,nar,2026-08-23,43.93,48.1,49.6,34.3,20.0,54.8,43.8,履歴少 / 市場オッズ妙味
202635082311,2026-08-23,11,グッデーサイレンス,6.0,6.0,佐々木志,56.0,,6.0,1.0,盛岡,B1,1.0,4.0,盛岡,B1,5.0,5.0,盛岡,レモンポップ特別(B1),5.0,3.0,水沢,カジノフォンテン特別(B1),1.0,1.0,水沢,オッズパーク賞(B1),10.2,4.0,,nar,2026-08-23,57.34,76.9,42.6,69.6,32.0,57.3,54.0,盛岡実績 / 履歴少 / 安定感
202665082311,2026-08-23,11,ココロノニダイメ,3.0,3.0,島津新,680.0,,,,,,,,,,,,,,,,,,,,,,,,,nar,2026-08-23,36.0,35.0,35.0,35.0,35.0,35.0,45.0,履歴少
202635082311,2026-08-23,11,ゴールドモーニン,1.0,1.0,鈴木祐,56.0,,12.0,12.0,川崎,奔逸絶塵賞(B2B3),8.0,9.0,川崎,流星光底賞(B3),14.0,14.0,川崎,見返り美人特別(B3二),11.0,14.0,川崎,青葉空特別(B3二),11.0,10.0,川崎,ファイナルアンサー賞(B3),40.3,6.0,,nar,2026-08-23,36.13,19.6,54.1,0.0,44.0,53.6,48.8,履歴少
202635082311,2026-08-23,11,サトノバトラー,8.0,8.0,村上忍,56.0,,1.0,3.0,盛岡,いわて北緯40度八幡(B1),2.0,3.0,盛岡,親子で学ぶ!味覚とテ(B1),4.0,5.0,盛岡,B1二組,5.0,5.0,盛岡,夢・希望未来へ前進(B1),3.0,7.0,水沢,夢・希望未来へ前進(B1),2.9,2.0,,nar,2026-08-23,72.92,86.9,60.3,100.0,65.0,59.7,59.5,盛岡実績 / 履歴少 / 近走上向き / 安定感
202635082311,2026-08-23,11,サンエイブレーヴ,4.0,4.0,阿部英俊,56.0,,8.0,8.0,盛岡,夢・希望未来へ前進(B1),7.0,6.0,盛岡,45周年Annive(B1),5.0,4.0,盛岡,夢・希望未来へ前進(B1),5.0,7.0,盛岡,浜木綿賞(B1),2.0,7.0,水沢,夢・希望未来へ前進(B1),25.9,5.0,,nar,2026-08-23,51.66,59.2,52.5,44.7,30.5,59.5,51.2,盛岡実績 / 履歴少 / 市場オッズ妙味
202665082311,2026-08-23,11,スターノチカラ,8.0,7.0,長澤幸太,670.0,,,,,,,,,,,,,,,,,,,,,,,,,nar,2026-08-23,36.0,35.0,35.0,35.0,35.0,35.0,45.0,履歴少
202665082311,2026-08-23,11,スーパーシン,2.0,2.0,鈴木恵介,710.0,,,,,,,,,,,,,,,,,,,,,,,,,nar,2026-08-23,36.0,35.0,35.0,35.0,35.0,35.0,45.0,履歴少
202635082311,2026-08-23,11,ビクトリーサイト,2.0,2.0,関本玲花,54.0,,2.0,5.0,盛岡,夢・希望未来へ前進(B1),2.0,7.0,盛岡,45周年Annive(B1),2.0,11.0,盛岡,夢・希望未来へ前進(B1),9.0,9.0,盛岡,浜木綿賞(B1),9.0,10.0,水沢,夢・希望未来へ前進(B1),3.4,3.0,,nar,2026-08-23,73.07,78.0,78.3,75.1,71.0,66.9,55.3,盛岡実績 / 前走人気以上 / 履歴少 / 人気以上に走る傾向
202635082311,2026-08-23,11,ベルドラゴ,3.0,3.0,菅原辰徳,56.0,,10.0,10.0,高知,AB混合,12.0,12.0,高知,四万十川特別,7.0,11.0,高知,Bー2,10.0,10.0,高知,奈半利川特別(B),4.0,8.0,高知,Bー2,50.9,8.0,,nar,2026-08-23,42.47,33.7,58.4,10.3,39.5,56.1,51.8,クラス条件好転 / 履歴少
202665082311,2026-08-23,11,ホクセイイワキヤマ,7.0,7.0,阿部優哉,680.0,,,,,,,,,,,,,,,,,,,,,,,,,nar,2026-08-23,36.0,35.0,35.0,35.0,35.0,35.0,45.0,履歴少
202635082311,2026-08-23,11,ミシロウェイ,7.0,7.0,高橋悠里,56.0,,4.0,2.0,盛岡,夢・希望未来へ前進(B1),1.0,1.0,盛岡,B2一組,1.0,2.0,盛岡,ジュライC(B2),1.0,4.0,盛岡,B2二組,3.0,5.0,水沢,ジューンC(B2),2.5,1.0,,nar,2026-08-23,67.95,91.1,51.6,100.0,35.0,56.5,59.5,盛岡実績 / 履歴少 / 安定感
202665082311,2026-08-23,11,ヤマノブラウン,6.0,6.0,中原蓮,650.0,,,,,,,,,,,,,,,,,,,,,,,,,nar,2026-08-23,36.0,35.0,35.0,35.0,35.0,35.0,45.0,履歴少
202665082311,2026-08-23,11,ラポピージュニア,10.0,8.0,西将太,700.0,,,,,,,,,,,,,,,,,,,,,,,,,nar,2026-08-23,36.0,35.0,35.0,35.0,35.0,35.0,45.0,履歴少
202665082311,2026-08-23,11,レッドウンカイ,1.0,1.0,渡来心路,670.0,,,,,,,,,,,,,,,,,,,,,,,,,nar,2026-08-23,36.0,35.0,35.0,35.0,35.0,35.0,45.0,履歴少
202665082312,2026-08-23,12,キタノボブサップ,7.0,7.0,船山蔵人,650.0,,,,,,,,,,,,,,,,,,,,,,,,,nar,2026-08-23,36.0,35.0,35.0,35.0,35.0,35.0,45.0,履歴少
202665082312,2026-08-23,12,クロコトブキ,5.0,5.0,今井千尋,640.0,,,,,,,,,,,,,,,,,,,,,,,,,nar,2026-08-23,36.0,35.0,35.0,35.0,35.0,35.0,45.0,履歴少
202665082312,2026-08-23,12,グリフィス,8.0,7.0,金田利貴,650.0,,,,,,,,,,,,,,,,,,,,,,,,,nar,2026-08-23,36.0,35.0,35.0,35.0,35.0,35.0,45.0,履歴少
202665082312,2026-08-23,12,ゴールデンペガサス,1.0,1.0,赤塚健仁,650.0,,,,,,,,,,,,,,,,,,,,,,,,,nar,2026-08-23,36.0,35.0,35.0,35.0,35.0,35.0,45.0,履歴少
202665082312,2026-08-23,12,サクラジョージ,3.0,3.0,臼杵龍美,640.0,,,,,,,,,,,,,,,,,,,,,,,,,nar,2026-08-23,36.0,35.0,35.0,35.0,35.0,35.0,45.0,履歴少
202665082312,2026-08-23,12,サダノブラボー,4.0,4.0,松本秀克,650.0,,,,,,,,,,,,,,,,,,,,,,,,,nar,2026-08-23,36.0,35.0,35.0,35.0,35.0,35.0,45.0,履歴少
202665082312,2026-08-23,12,タンジロウ,2.0,2.0,長澤幸太,650.0,,,,,,,,,,,,,,,,,,,,,,,,,nar,2026-08-23,36.0,35.0,35.0,35.0,35.0,35.0,45.0,履歴少
202665082312,2026-08-23,12,ホクショウレディー,10.0,8.0,阿部武臣,630.0,,,,,,,,,,,,,,,,,,,,,,,,,nar,2026-08-23,36.0,35.0,35.0,35.0,35.0,35.0,45.0,履歴少
202665082312,2026-08-23,12,ホクセイタケタカラ,6.0,6.0,島津新,650.0,,,,,,,,,,,,,,,,,,,,,,,,,nar,2026-08-23,36.0,35.0,35.0,35.0,35.0,35.0,45.0,履歴少
202665082312,2026-08-23,12,レジェンドボス,9.0,8.0,阿部優哉,650.0,,,,,,,,,,,,,,,,,,,,,,,,,nar,2026-08-23,36.0,35.0,35.0,35.0,35.0,35.0,45.0,履歴少
