race_id,日付,レース,馬名,馬番,枠,騎手,斤量,実着順,着順1,人気1,場1,レース名1,着順2,人気2,場2,レース名2,着順3,人気3,場3,レース名3,着順4,人気4,場4,レース名4,着順5,人気5,場5,レース名5,単勝オッズ,人気,オッズ更新日時,source,_date,AREru指数,因子_performance,因子_upset,因子_consistency,因子_trend,因子_value,因子_context,理由
202650082001,2026-08-20,1,アイサマン,8.0,7.0,永井孝典,55.0,,3.0,5.0,園田,C3三,7.0,6.0,園田,榊町7ハロンC3二,8.0,10.0,園田,C3一,8.0,9.0,園田,C3一,7.0,7.0,姫路,C3一,5.0,2.0,,nar,2026-08-20,55.74,59.0,56.3,30.4,77.0,59.4,45.0,履歴少 / 近走上向き
202648082001,2026-08-20,1,アウトリュコス,7.0,6.0,望月洵輝,57.0,,6.0,3.0,名古屋,名古屋モーニングフィ(3歳),1.0,3.0,名古屋,3歳12組,16.0,8.0,3阪神5,3歳未勝利,,,2阪神4,3歳未勝利,15.0,9.0,2京都6,3歳未勝利,16.6,6.0,,nar,2026-08-20,44.83,50.5,28.6,24.9,78.0,49.8,45.0,履歴少 / 近走上向き / 市場オッズ妙味
202650082001,2026-08-20,1,アタックチャンス,5.0,5.0,田野豊三,55.0,,5.0,3.0,園田,C3四,6.0,8.0,園田,C3二,11.0,9.0,園田,C3,9.0,7.0,園田,C3,6.0,5.0,園田,C3二,33.5,8.0,,nar,2026-08-20,48.51,51.0,43.7,30.4,68.0,53.0,45.0,履歴少 / 近走上向き / 市場オッズ妙味
202630082001,2026-08-20,1,アヤサンカンバック,3.0,3.0,落合玄太,55.0,,5.0,3.0,門別,優駿の里安平町早来か(未勝利)(2歳),5.0,2.0,門別,2歳未勝利(未勝利),3.0,2.0,門別,2歳未勝利(未勝利),6.0,4.0,門別,JRA認定競走アタッ(未勝利)(2歳),5.0,6.0,門別,JRA認定競走フレッ(新馬)(2歳),5.9,3.0,,nar,2026-08-20,56.66,70.0,37.8,85.4,48.5,53.0,45.0,履歴少 / 安定感
202645082001,2026-08-20,1,アンジェラカフェ,12.0,8.0,藤江渉,54.0,,7.0,9.0,川崎,ペパーミント賞(C3),8.0,7.0,川崎,コリアンダー賞(C3),8.0,10.0,川崎,ヴェルザンディ賞(C2C3),9.0,11.0,浦和,桶川べに花まつり賞(C3),9.0,9.0,川崎,スペアミント賞(C3),56.0,11.0,,nar,2026-08-20,45.72,44.4,57.3,0.0,59.0,56.8,45.0,履歴少
202648082001,2026-08-20,1,ウインマデイラ,3.0,3.0,大原浩司,57.0,,3.0,3.0,名古屋,りょう&とうこ結婚お(3歳),6.0,3.0,名古屋,名古屋モーニングフィ(3歳),2.0,3.0,名古屋,3歳9組,5.0,4.0,名古屋,3歳7組,3.0,8.0,名古屋,3歳10組,13.4,5.0,,nar,2026-08-20,62.29,77.3,48.7,75.1,56.0,62.3,45.0,履歴少 / 安定感 / 市場オッズ妙味
202630082001,2026-08-20,1,エイシンフンボルト,1.0,1.0,阿部龍,55.0,,5.0,6.0,門別,アイヌ文化のふるさと(未勝利)(2歳),5.0,8.0,門別,2歳未勝利(未勝利),6.0,5.0,門別,JRA認定競走フレッ(新馬)(2歳),,,,,,,,,22.6,6.0,,nar,2026-08-20,58.2,65.9,58.0,55.3,53.0,59.5,45.0,履歴少 / 市場オッズ妙味
202650082001,2026-08-20,1,オーシンボンバー,10.0,8.0,小牧太,56.0,,4.0,1.0,園田,C3三,3.0,1.0,園田,C3四,4.0,7.0,園田,蒲江7ハロン3歳C2,5.0,6.0,園田,3歳C2二,,,,,1.4,1.0,,nar,2026-08-20,60.63,76.9,44.8,89.7,50.0,50.6,45.0,履歴少 / 安定感
202630082001,2026-08-20,1,オーバークラウド,8.0,8.0,服部茂史,55.0,,3.0,5.0,門別,優駿の里安平町早来か(未勝利)(2歳),5.0,3.0,門別,JRA認定競走フレッ(新馬)(2歳),,,,,,,,,,,,,3.4,2.0,,nar,2026-08-20,51.85,60.2,46.3,48.4,52.1,52.3,45.0,履歴少 / サンプル少
202648082001,2026-08-20,1,カイトアザリー,1.0,1.0,尾崎章生,55.0,,6.0,11.0,名古屋,3歳7組,4.0,8.0,名古屋,のあち27歳おめでと(3歳),4.0,11.0,名古屋,3歳8組,7.0,10.0,名古屋,アジア・アジアパラ応(3歳),10.0,9.0,名古屋,3歳5組,135.6,10.0,,nar,2026-08-20,61.83,62.7,79.6,44.7,51.5,65.2,45.0,履歴少 / 人気以上に走る傾向 / 過小評価傾向
202645082001,2026-08-20,1,カラルナ,9.0,7.0,池谷匠翔,54.0,,7.0,7.0,川崎,C3五,11.0,4.0,浦和,C3七,9.0,5.0,川崎,C3五,2.0,5.0,浦和,C3七　八,5.0,9.0,川崎,C3五　六,39.5,10.0,,nar,2026-08-20,43.54,48.4,38.2,24.9,48.5,53.7,45.0,履歴少 / 市場オッズ妙味
202650082001,2026-08-20,1,ガラデレオン,3.0,3.0,竹村達也,57.0,,6.0,7.0,園田,烏帽子7ハロンC3二,9.0,8.0,園田,C3二,7.0,9.0,園田,C3二,8.0,6.0,園田,C3一,9.0,6.0,園田,C3一,27.4,7.0,,nar,2026-08-20,44.81,47.6,48.9,0.0,63.5,54.3,45.0,履歴少 / 市場オッズ妙味
202650082001,2026-08-20,1,ガロ,4.0,4.0,南部楓馬,52.0,,4.0,8.0,園田,C3二,7.0,7.0,園田,C3四,10.0,4.0,園田,C3三,7.0,8.0,園田,C3二,7.0,5.0,園田,C3三,23.3,5.0,,nar,2026-08-20,51.68,54.6,49.8,30.4,72.5,54.3,45.0,履歴少 / 近走上向き / 市場オッズ妙味
202645082001,2026-08-20,1,クラダイリン,5.0,5.0,及川烈,54.0,,4.0,5.0,浦和,ランチタイム(C3),4.0,3.0,浦和,ランチタイム(C3),3.0,5.0,浦和,埼玉シリーズ開幕賞(C3),6.0,7.0,浦和,C3七,5.0,9.0,川崎,C3五,11.1,7.0,,nar,2026-08-20,64.71,74.4,57.1,85.4,53.0,64.8,45.0,履歴少 / 安定感
202648082001,2026-08-20,1,クロムハーツガール,4.0,4.0,東川慎,55.0,,12.0,12.0,名古屋,りょう&とうこ結婚お(3歳),12.0,9.0,名古屋,名古屋モーニングフィ(3歳),11.0,12.0,名古屋,のあち27歳おめでと(3歳),11.0,11.0,名古屋,3歳7組,11.0,9.0,名古屋,3歳6組,659.1,11.0,,nar,2026-08-20,32.18,15.6,44.7,0.0,45.5,50.9,45.0,履歴少
202650082001,2026-08-20,1,ケイツーレオン,1.0,1.0,渡瀬和幸,57.0,,10.0,12.0,園田,C3三,9.0,9.0,園田,C3三,8.0,6.0,園田,C3二,2.0,6.0,園田,C3三,10.0,10.0,園田,C3三,64.8,9.0,,nar,2026-08-20,43.36,42.5,55.6,14.6,33.5,56.1,45.0,履歴少
202645082001,2026-08-20,1,コーリングヘニー,8.0,6.0,神尾香澄,54.0,,7.0,2.0,川崎,ヒラマサ賞(C3),7.0,1.0,大井,C3四　五六(C3五),2.0,2.0,大井,C3六　七,3.0,3.0,大井,C3六　七,10.0,5.0,大井,C3六,5.2,3.0,,nar,2026-08-20,43.52,62.1,25.3,34.3,41.0,46.6,45.0,履歴少
202645082001,2026-08-20,1,ゴームズ,4.0,4.0,藤本現暉,54.0,,6.0,3.0,川崎,C3五,2.0,3.0,川崎,C3三　四,8.0,3.0,川崎,ミーアキャット賞(C3),2.0,3.0,佐賀,C2ー14組,4.0,4.0,佐賀,チャレンジシリーズ(C2),4.8,2.0,,nar,2026-08-20,51.82,71.1,39.5,49.8,38.0,52.8,45.0,履歴少
202650082001,2026-08-20,1,シュタイナー,7.0,7.0,高畑皓一,57.0,,9.0,10.0,園田,C3二,9.0,10.0,園田,C3三,10.0,10.0,園田,C3一,6.0,4.0,園田,C3三,9.0,8.0,園田,C3二,129.4,10.0,,nar,2026-08-20,40.42,37.9,51.1,0.0,47.0,52.9,45.0,履歴少
202648082001,2026-08-20,1,ジューンスマッシュ,5.0,5.0,近藤颯羽,54.0,,4.0,4.0,名古屋,名古屋モーニングフィ(3歳),14.0,14.0,3京都6,3歳未勝利,12.0,11.0,1福島5,3歳未勝利,12.0,15.0,1京都5,3歳未勝利,5.0,8.0,5阪神6,2歳新馬,17.8,7.0,,nar,2026-08-20,51.93,34.2,53.9,40.7,90.5,65.5,45.0,履歴少 / 近走上向き / 過小評価傾向 / 市場オッズ妙味
202650082001,2026-08-20,1,スカリーワグ,9.0,8.0,山本屋太,57.0,,10.0,4.0,園田,C3二,8.0,3.0,園田,C3一,7.0,8.0,姫路,C2一,11.0,8.0,姫路,ストロベリーキャンド(C1),10.0,10.0,姫路,アネモネ賞C1一,8.0,3.0,,nar,2026-08-20,33.23,35.6,26.8,0.0,44.0,50.4,45.0,履歴少
202650082001,2026-08-20,1,タイキクロニクル,2.0,2.0,新庄海誠,57.0,,3.0,3.0,園田,C3三,9.0,10.0,園田,C3二,9.0,10.0,園田,C3二,5.0,7.0,園田,C3二,8.0,9.0,園田,C3二,20.9,4.0,,nar,2026-08-20,56.77,56.1,55.9,45.0,78.5,59.5,45.0,履歴少 / 近走上向き / 市場オッズ妙味
202648082001,2026-08-20,1,チェリカキング,11.0,8.0,加藤聡一,57.0,,11.0,2.0,名古屋,りょう&とうこ結婚お(3歳),1.0,1.0,名古屋,3歳13組,4.0,1.0,名古屋,3歳11組,6.0,8.0,門別,2歳未勝利(未勝利),7.0,6.0,門別,2歳未勝利(未勝利),22.2,8.0,,nar,2026-08-20,41.63,60.1,28.0,44.7,11.0,49.1,45.0,履歴少 / 市場オッズ妙味
202630082001,2026-08-20,1,ティルマン,5.0,5.0,桑村真明,55.0,,9.0,12.0,門別,優駿の里安平町早来か(未勝利)(2歳),9.0,10.0,門別,2歳未勝利(未勝利),9.0,10.0,門別,JRA認定競走フレッ(新馬)(2歳),,,,,,,,,67.2,8.0,,nar,2026-08-20,43.87,36.0,62.7,0.0,50.0,58.9,45.0,履歴少
202645082001,2026-08-20,1,トリニタリアニズム,7.0,6.0,西啓太,56.0,,2.0,3.0,浦和,ランチタイム(C3),4.0,2.0,浦和,C3六,4.0,4.0,浦和,ランチタイムチャレン(C3),2.0,6.0,浦和,C3四,8.0,6.0,浦和,C3四,4.7,1.0,,nar,2026-08-20,65.75,79.9,51.3,89.7,65.0,57.2,45.0,履歴少 / 近走上向き / 安定感
202650082001,2026-08-20,1,ドリームチェイサー,6.0,6.0,小谷哲平,54.0,,8.0,3.0,園田,C3三,4.0,6.0,園田,C3三,5.0,8.0,園田,C3二,4.0,9.0,園田,C3二,9.0,9.0,園田,C3二,27.3,6.0,,nar,2026-08-20,53.61,60.6,52.1,59.3,35.0,59.5,45.0,履歴少 / 市場オッズ妙味
202630082001,2026-08-20,1,ナガイアイダ,7.0,7.0,金山昇馬,55.0,,6.0,7.0,門別,優駿の里安平町早来か(未勝利)(2歳),7.0,8.0,門別,2歳未勝利(未勝利),3.0,9.0,門別,2歳未勝利(未勝利),10.0,9.0,門別,2歳未勝利(未勝利),9.0,9.0,門別,2歳未勝利(未勝利),31.7,7.0,,nar,2026-08-20,52.53,55.6,61.1,19.8,57.5,60.9,45.0,履歴少 / 市場オッズ妙味
202648082001,2026-08-20,1,ナンヨーロイヤル,2.0,2.0,今井貴大,57.0,,8.0,7.0,名古屋,りょう&とうこ結婚お(3歳),5.0,1.0,名古屋,名古屋モーニングフィ(3歳),9.0,8.0,3東京2,3歳未勝利,7.0,15.0,2東京10,3歳未勝利,7.0,4.0,川崎,エメラルドフラワー賞(3歳),12.8,4.0,,nar,2026-08-20,46.23,50.4,45.5,24.9,44.0,60.2,45.0,履歴少 / 市場オッズ妙味
202645082001,2026-08-20,1,ニシノテンカフブ,6.0,5.0,吉留孝司,56.0,,6.0,9.0,浦和,C3六　七,11.0,11.0,浦和,C3八　九,6.0,2.0,浦和,本庄宿賞(C3),1.0,5.0,浦和,C3七,5.0,7.0,浦和,C3七　八,15.6,8.0,,nar,2026-08-20,52.1,56.7,56.4,24.9,48.5,67.0,45.0,履歴少 / 過小評価傾向 / 市場オッズ妙味
202645082001,2026-08-20,1,ハイウィルヘーズ,1.0,1.0,岡村裕基,54.0,,4.0,7.0,川崎,C3三　四,11.0,4.0,川崎,C3三　四,3.0,8.0,川崎,C3三,3.0,7.0,船橋,C3四,10.0,9.0,川崎,2026川崎ジョッキ(C3),23.7,9.0,,nar,2026-08-20,58.31,59.8,54.4,64.7,66.5,58.9,45.0,履歴少 / 近走上向き / 安定感 / 市場オッズ妙味
202648082001,2026-08-20,1,ハクノセブン,8.0,7.0,細川智史,57.0,,8.0,10.0,名古屋,3歳7組,7.0,10.0,高知,3歳ー5,5.0,8.0,高知,3歳ー4,7.0,4.0,高知,3歳ー4,4.0,4.0,高知,3歳ー6,101.1,9.0,,nar,2026-08-20,50.43,55.2,60.6,30.1,36.5,56.8,45.0,履歴少
202645082001,2026-08-20,1,バーサズバラード,11.0,8.0,伊藤裕人,54.0,,9.0,9.0,川崎,C3五,10.0,10.0,川崎,ファイナルアンサー賞(C3),12.0,12.0,川崎,C3三,9.0,11.0,浦和,C3七,12.0,12.0,川崎,C3五,222.2,12.0,,nar,2026-08-20,39.42,26.8,52.0,0.0,60.5,54.8,45.0,履歴少
202645082001,2026-08-20,1,ピュアリヤン,2.0,2.0,新原周馬,56.0,,15.0,8.0,大井,C3六　七,10.0,3.0,大井,C3五,3.0,5.0,大井,C3九,8.0,2.0,大井,C3九,9.0,1.0,大井,3歳五　六,10.0,6.0,,nar,2026-08-20,26.22,33.7,13.7,19.8,5.0,42.9,45.0,履歴少
202645082001,2026-08-20,1,ブルーラジカル,10.0,7.0,町田直希,56.0,,8.0,4.0,川崎,C3一　二,6.0,1.0,川崎,めんこ賞(C3),,,川崎,3歳2,1.0,2.0,金沢,翔ちゃん萌香ちゃん結(C1),2.0,1.0,金沢,新潟県畜産協会長賞(C1),5.5,4.0,,nar,2026-08-20,42.11,65.3,28.9,24.9,20.0,49.9,45.0,履歴少
202630082001,2026-08-20,1,ベラジオアヴァロン,2.0,2.0,宮内勇樹,55.0,,8.0,4.0,門別,道の駅あびらオリジナ(未勝利)(2歳),8.0,5.0,門別,2歳未勝利(未勝利),11.0,6.0,門別,2歳未勝利(未勝利),6.0,6.0,門別,2歳未勝利(未勝利),4.0,4.0,門別,2歳未勝利(未勝利),11.8,4.0,,nar,2026-08-20,38.19,44.9,29.3,10.3,45.5,52.7,45.0,履歴少
202630082001,2026-08-20,1,ベラジオミラッジオ,6.0,6.0,岩橋勇二,55.0,,5.0,2.0,門別,道の駅あびらオリジナ(未勝利)(2歳),3.0,1.0,門別,2歳未勝利(未勝利),2.0,8.0,門別,JRA認定競走アタッ(未勝利)(2歳),3.0,4.0,門別,JRA認定競走フレッ(新馬)(2歳),,,,,1.8,1.0,,nar,2026-08-20,61.5,80.3,49.4,89.7,36.0,54.1,45.0,履歴少 / 安定感
202645082001,2026-08-20,1,マイアイガー,3.0,3.0,田中涼,56.0,,2.0,4.0,川崎,C3五,4.0,5.0,川崎,C3五,5.0,8.0,川崎,ヴェルザンディ賞(C2C3),6.0,6.0,浦和,桶川べに花まつり賞(C3),4.0,5.0,浦和,さいたま市Urban(C3),8.8,5.0,,nar,2026-08-20,67.82,76.9,60.9,85.4,66.5,63.8,45.0,履歴少 / 近走上向き / 安定感
202630082001,2026-08-20,1,ミラヴィー,4.0,4.0,藤田凌駕,53.0,,4.0,6.0,門別,ホクレンカタログギフ(未勝利)(2歳),7.0,4.0,門別,2歳未勝利(未勝利),4.0,4.0,門別,JRA認定競走アタッ(未勝利)(2歳),6.0,7.0,門別,JRA認定競走アタッ(未勝利)(2歳),6.0,6.0,門別,JRA認定競走フレッ(新馬)(2歳),14.3,5.0,,nar,2026-08-20,56.86,66.0,50.0,50.2,60.5,61.3,45.0,履歴少 / 市場オッズ妙味
202648082001,2026-08-20,1,メイナンファスト,6.0,6.0,渡辺竜也,57.0,,5.0,6.0,名古屋,りょう&とうこ結婚お(3歳),9.0,9.0,名古屋,けやき杯(OP)(3歳),1.0,3.0,名古屋,2歳2組,6.0,8.0,名古屋,セレクトゴールド第2(2歳),3.0,4.0,名古屋,セプテンバーフューチ(2歳),9.1,3.0,,nar,2026-08-20,58.99,66.8,57.7,60.5,48.5,63.3,45.0,履歴少 / 安定感
202648082001,2026-08-20,1,メーテルリンク,9.0,7.0,木之前葵,53.0,,14.0,13.0,1札幌2,3歳未勝利,9.0,12.0,1函館3,3歳未勝利,8.0,11.0,1福島4,3歳未勝利,12.0,16.0,1小倉7,3歳未勝利,10.0,14.0,5東京4,2歳未勝利,4.8,2.0,,nar,2026-08-20,38.22,22.3,64.2,0.0,24.5,65.1,45.0,履歴少 / 過小評価傾向
202648082001,2026-08-20,1,ヴェロシア,10.0,8.0,塚本征吾,57.0,,1.0,1.0,名古屋,3歳12組,12.0,7.0,2小倉1,3歳未勝利,8.0,10.0,2阪神1,3歳未勝利,11.0,5.0,1阪神8,3歳未勝利,13.0,5.0,4阪神6,2歳新馬,1.7,1.0,,nar,2026-08-20,46.34,45.4,32.1,30.4,100.0,41.2,45.0,履歴少 / 近走上向き
202648082002,2026-08-20,2,アイオロステソーロ,2.0,2.0,深澤杏花,55.0,,7.0,5.0,名古屋,ハンブルグ疾風戦(3歳),3.0,8.0,名古屋,夏波賞(3歳),9.0,11.0,名古屋,3歳6組,10.0,10.0,名古屋,3歳5組,11.0,11.0,名古屋,3歳5組,164.2,12.0,,nar,2026-08-20,50.07,50.0,57.2,24.9,57.5,56.8,45.0,履歴少
202648082002,2026-08-20,2,アーデントアイ,8.0,6.0,加藤聡一,57.0,,2.0,1.0,名古屋,りょう&とうこ結婚お(3歳),3.0,3.0,笠松,落合宿特別(3歳),9.0,7.0,2東京4,3歳未勝利,13.0,5.0,3中山6,3歳未勝利,5.0,5.0,3京都5,2歳未勝利,1.9,1.0,,nar,2026-08-20,55.4,63.6,36.9,65.7,83.0,45.6,45.0,履歴少 / 近走上向き / 安定感
202650082002,2026-08-20,2,インタールード,3.0,3.0,下原理,55.0,,4.0,3.0,園田,C3,7.0,4.0,園田,C3,9.0,4.0,園田,C3一,3.0,5.0,園田,C2一,1.0,3.0,園田,C2二,2.4,1.0,,nar,2026-08-20,52.75,65.8,39.2,55.3,56.0,50.5,45.0,履歴少
202648082002,2026-08-20,2,ウインモアナ,3.0,3.0,小笠原羚,52.0,,9.0,11.0,名古屋,名古屋から世界へ!馬(3歳),11.0,9.0,名古屋,3歳6組,7.0,7.0,名古屋,3歳4組,11.0,7.0,名古屋,若芽賞(3歳),1.0,12.0,名古屋,3歳9組,121.9,11.0,,nar,2026-08-20,42.95,39.5,54.6,10.3,41.0,58.1,45.0,履歴少
202648082002,2026-08-20,2,ウエスタンオレンジ,12.0,8.0,塚本征吾,55.0,,11.0,3.0,名古屋,貴臣生誕50周年記念(3歳),5.0,3.0,名古屋,ベリー賞(3歳),1.0,1.0,名古屋,3歳6組,13.0,14.0,1阪神3,3歳未勝利,11.0,9.0,2京都5,3歳未勝利,24.3,6.0,,nar,2026-08-20,39.92,45.4,29.1,44.7,29.0,49.1,45.0,履歴少 / 市場オッズ妙味
202648082002,2026-08-20,2,エバーウインド,11.0,8.0,筒井勇介,55.0,,5.0,7.0,名古屋,名古屋から世界へ!馬(3歳),8.0,3.0,名古屋,3歳5組,1.0,3.0,名古屋,3歳12組,12.0,11.0,1新潟7,3歳未勝利,15.0,13.0,3京都6,3歳未勝利,16.0,5.0,,nar,2026-08-20,53.57,53.1,45.8,50.2,74.0,59.2,45.0,履歴少 / 近走上向き / 市場オッズ妙味
202645082002,2026-08-20,2,エポナシャンス,8.0,8.0,山林堂信,54.0,,7.0,7.0,川崎,スパーキングデビュー(2歳),,,,,,,,,,,,,,,,,10.6,6.0,,nar,2026-08-20,39.88,41.1,40.6,29.6,40.6,40.6,45.0,履歴少 / サンプル少
202630082002,2026-08-20,2,エリオラ,2.0,2.0,阿部龍,55.0,,9.0,10.0,門別,道の駅あびらオリジナ(未勝利)(2歳),9.0,9.0,門別,2歳牝馬未勝利(未勝利),9.0,9.0,門別,JRA認定競走フレッ(新馬)(2歳),,,,,,,,,109.6,10.0,,nar,2026-08-20,40.9,36.0,52.8,0.0,50.0,54.6,45.0,履歴少
202650082002,2026-08-20,2,カツ,7.0,7.0,吉村智洋,56.0,,8.0,7.0,園田,C3一,4.0,6.0,園田,C3,6.0,3.0,園田,熊内町スプリント3歳(C2),3.0,7.0,園田,弦谷スプリント3歳C(C2),9.0,6.0,園田,生琉里町7ハロン3歳(C2),3.7,3.0,,nar,2026-08-20,49.76,60.1,49.1,39.5,35.0,54.9,45.0,履歴少
202650082002,2026-08-20,2,キョウワグロリア,1.0,1.0,大山真吾,57.0,,4.0,5.0,園田,C3二,7.0,6.0,園田,C3二,6.0,9.0,園田,C3二,10.0,8.0,園田,C3二,7.0,5.0,園田,C3二,29.5,5.0,,nar,2026-08-20,52.77,57.4,51.0,30.4,71.0,55.6,45.0,履歴少 / 近走上向き / 市場オッズ妙味
202648082002,2026-08-20,2,クツシタオトシタ,6.0,5.0,細川智史,55.0,,10.0,9.0,川崎,3歳5,6.0,8.0,川崎,3歳5,11.0,2.0,川崎,3歳6,5.0,7.0,船橋,3歳五,2.0,4.0,川崎,3歳7,70.1,9.0,,nar,2026-08-20,41.03,46.8,42.4,24.9,26.0,50.9,45.0,履歴少
202648082002,2026-08-20,2,クモンリュウ,1.0,1.0,大畑雅章,57.0,,7.0,11.0,名古屋,名古屋モーニングフィ(3歳),9.0,8.0,名古屋,3歳7組,1.0,2.0,名古屋,3歳15組,6.0,3.0,名古屋,3歳11組,9.0,3.0,名古屋,3歳10組,36.0,7.0,,nar,2026-08-20,47.9,57.0,50.7,19.8,45.5,53.0,45.0,履歴少 / 市場オッズ妙味
202645082002,2026-08-20,2,クラリスマインド,3.0,3.0,佐野遥久,54.0,,6.0,7.0,川崎,スパーキングデビュー(2歳),,,,,,,,,,,,,,,,,5.2,2.0,,nar,2026-08-20,40.9,42.8,42.2,29.6,40.6,41.7,45.0,履歴少 / サンプル少
202648082002,2026-08-20,2,ケイツークルサード,4.0,4.0,近藤颯羽,54.0,,1.0,1.0,名古屋,名古屋モーニングフィ(3歳),4.0,5.0,名古屋,3歳10組,14.0,16.0,1小倉4,3歳未勝利,16.0,9.0,5中山3,2歳未勝利,8.0,8.0,3福島4,2歳新馬,3.1,2.0,,nar,2026-08-20,56.9,53.9,47.4,55.3,100.0,52.2,45.0,履歴少 / 近走上向き
202645082002,2026-08-20,2,ココカコニコ,6.0,6.0,本田紀忠,54.0,,6.0,6.0,川崎,スパーキングデビュー(2歳),,,,,,,,,,,,,,,,,19.0,9.0,,nar,2026-08-20,40.37,42.8,40.6,29.6,40.6,40.6,45.0,履歴少 / サンプル少
202650082002,2026-08-20,2,コンチバンケット,5.0,5.0,高畑皓一,55.0,,10.0,12.0,園田,平城山スプリントC3,9.0,10.0,園田,3歳C1二,8.0,8.0,園田,3歳C1一,10.0,9.0,園田,3歳C1一,8.0,6.0,園田,スーパーマラドーナ☆(C1),94.8,6.0,,nar,2026-08-20,39.68,34.8,53.5,0.0,42.5,53.5,45.0,履歴少
202648082002,2026-08-20,2,ゴッドシュアウイン,10.0,7.0,今井貴大,57.0,,7.0,4.0,名古屋,名古屋から世界へ!馬(3歳),1.0,6.0,名古屋,名古屋モーニングフィ(3歳),5.0,3.0,名古屋,3歳13組,15.0,14.0,3京都3,3歳未勝利,11.0,15.0,2阪神7,3歳未勝利,13.9,4.0,,nar,2026-08-20,53.51,56.2,51.4,44.7,56.0,63.2,45.0,履歴少 / 市場オッズ妙味
202630082002,2026-08-20,2,サスラオウ,1.0,1.0,服部茂史,55.0,,4.0,10.0,門別,2歳未勝利(未勝利),12.0,11.0,門別,2歳未勝利(未勝利),4.0,6.0,門別,JRA認定競走フレッ(新馬)(2歳),,,,,,,,,15.5,6.0,,nar,2026-08-20,60.83,54.8,68.4,50.2,74.0,69.2,45.0,履歴少 / 人気以上に走る傾向 / 近走上向き / 過小評価傾向
202630082002,2026-08-20,2,サンヨウゴージャス,10.0,8.0,藤田凌駕,53.0,,,,門別,2歳未勝利(未勝利),6.0,6.0,門別,2歳未勝利(未勝利),9.0,11.0,門別,JRA認定競走フレッ(新馬)(2歳),,,,,,,,,19.8,7.0,,nar,2026-08-20,46.25,45.2,48.9,18.0,55.4,61.1,45.0,履歴少 / サンプル少 / 市場オッズ妙味
202645082002,2026-08-20,2,シェナシャングリラ,2.0,2.0,櫻井光輔,54.0,,6.0,2.0,川崎,2歳5,6.0,6.0,川崎,スパーキングデビュー(2歳),,,,,,,,,,,,,6.4,4.0,,nar,2026-08-20,42.49,51.0,37.0,18.0,45.5,51.4,45.0,履歴少 / サンプル少
202648082002,2026-08-20,2,シンクシビリティ,7.0,6.0,渡辺竜也,55.0,,3.0,4.0,名古屋,名古屋モーニングフィ(3歳),2.0,5.0,名古屋,名古屋モーニングフィ(3歳),7.0,5.0,名古屋,のあち27歳おめでと(3歳),15.0,17.0,2東京12,3歳未勝利,8.0,15.0,1新潟7,3歳未勝利,8.4,3.0,,nar,2026-08-20,62.54,63.3,61.7,55.3,80.0,66.2,45.0,履歴少 / 近走上向き / 過小評価傾向
202648082002,2026-08-20,2,スエ,5.0,5.0,丸野勝虎,55.0,,9.0,6.0,名古屋,名古屋モーニングフィ(3歳),5.0,11.0,名古屋,3歳5組,8.0,8.0,名古屋,貴臣生誕50周年記念(3歳),1.0,2.0,名古屋,3歳7組,7.0,2.0,名古屋,3歳8組,54.8,8.0,,nar,2026-08-20,48.13,56.5,51.5,39.5,27.5,52.9,45.0,履歴少
202630082002,2026-08-20,2,スタニングアロー,3.0,3.0,松井伸也,55.0,,5.0,4.0,門別,公認キャラビラッキー(未勝利)(2歳),3.0,6.0,門別,2歳未勝利(未勝利),6.0,8.0,門別,2歳未勝利(未勝利),6.0,5.0,門別,JRA認定競走フレッ(新馬)(2歳),,,,,39.7,8.0,,nar,2026-08-20,58.09,69.4,55.4,55.3,50.0,58.7,45.0,履歴少 / 市場オッズ妙味
202650082002,2026-08-20,2,チョウモーレツ,6.0,6.0,新庄海誠,55.0,,10.0,10.0,園田,C3,9.0,11.0,園田,海内スプリントC3,7.0,10.0,園田,熊内町スプリント3歳(C2),11.0,11.0,園田,3歳C2,8.0,10.0,園田,3歳C2一,132.9,8.0,,nar,2026-08-20,41.77,35.2,59.1,0.0,42.5,58.1,45.0,履歴少
202645082002,2026-08-20,2,テルケンユミツバキ,4.0,4.0,中越琉世,54.0,,8.0,8.0,川崎,スパーキングデビュー(2歳),,,,,,,,,,,,,,,,,17.4,8.0,,nar,2026-08-20,39.39,39.3,40.6,29.6,40.6,40.6,45.0,履歴少 / サンプル少
202645082002,2026-08-20,2,デイデイト,9.0,8.0,池谷匠翔,54.0,,6.0,7.0,川崎,スパーキングデビュー(2歳),,,,,,,,,,,,,,,,,5.9,3.0,,nar,2026-08-20,40.9,42.8,42.2,29.6,40.6,41.7,45.0,履歴少 / サンプル少
202645082002,2026-08-20,2,デオウィザード,5.0,5.0,伊藤裕人,54.0,,7.0,6.0,川崎,スパーキングデビュー(2歳),,,,,,,,,,,,,,,,,14.4,7.0,,nar,2026-08-20,39.36,41.1,39.1,29.6,40.6,39.5,45.0,履歴少 / サンプル少
202630082002,2026-08-20,2,ナインファースト,8.0,7.0,金山昇馬,55.0,,4.0,5.0,門別,道の駅あびらオリジナ(未勝利)(2歳),9.0,4.0,門別,2歳未勝利(未勝利),5.0,6.0,門別,JRA認定競走アタッ(未勝利)(2歳),8.0,3.0,門別,JRA認定競走フレッ(新馬)(2歳),,,,,8.4,3.0,,nar,2026-08-20,51.73,57.9,38.5,50.2,70.0,52.6,45.0,履歴少 / 近走上向き
202630082002,2026-08-20,2,ニューハーピー,9.0,8.0,落合玄太,55.0,,2.0,3.0,門別,2歳未勝利(未勝利),3.0,2.0,門別,2歳未勝利(未勝利),2.0,1.0,門別,2歳未勝利(未勝利),2.0,1.0,門別,JRA認定競走フレッ(新馬)(2歳),,,門別,JRA認定競走フレッ(新馬)(2歳),1.7,1.0,,nar,2026-08-20,65.18,89.8,47.7,89.7,52.0,50.6,45.0,履歴少 / 安定感
202630082002,2026-08-20,2,ノーモアウォー,4.0,4.0,亀井洋司,55.0,,7.0,6.0,門別,道の駅あびらオリジナ(未勝利)(2歳),6.0,11.0,門別,2歳未勝利(未勝利),10.0,8.0,門別,2歳未勝利(未勝利),8.0,12.0,門別,2歳未勝利(未勝利),11.0,10.0,門別,2歳未勝利(未勝利),102.5,9.0,,nar,2026-08-20,45.97,44.8,57.2,0.0,60.5,56.8,45.0,履歴少
202630082002,2026-08-20,2,フロアガリノビール,6.0,6.0,小野楓馬,55.0,,7.0,4.0,門別,優駿の里安平町早来か(未勝利)(2歳),6.0,3.0,門別,2歳未勝利(未勝利),4.0,5.0,門別,2歳未勝利(未勝利),4.0,3.0,門別,2歳未勝利(未勝利),4.0,8.0,門別,2歳未勝利(未勝利),13.1,5.0,,nar,2026-08-20,50.53,64.7,41.6,44.7,35.0,59.6,45.0,履歴少 / 市場オッズ妙味
202630082002,2026-08-20,2,マフイカ,5.0,5.0,山本聡哉,55.0,,4.0,3.0,門別,JRA認定競走フレッ(新馬)(2歳),,,,,,,,,,,,,,,,,4.6,2.0,,nar,2026-08-20,41.64,46.4,39.1,36.3,40.6,39.5,45.0,履歴少 / サンプル少
202650082002,2026-08-20,2,マンゲタック,4.0,4.0,高橋洸佑,52.0,,5.0,3.0,園田,C3,10.0,4.0,園田,阿成スプリントC3,4.0,5.0,園田,C3,8.0,4.0,園田,C3,12.0,4.0,園田,パカやろう!神無月の(C2),6.2,4.0,,nar,2026-08-20,45.92,50.3,26.8,50.2,71.0,45.4,45.0,履歴少 / 近走上向き
202645082002,2026-08-20,2,メガアイマシタネ,7.0,7.0,和田譲治,54.0,,7.0,6.0,川崎,スパーキングデビュー(2歳),,,,,,,,,,,,,,,,,7.8,5.0,,nar,2026-08-20,39.36,41.1,39.1,29.6,40.6,39.5,45.0,履歴少 / サンプル少
202645082002,2026-08-20,2,モウエエワ,1.0,1.0,本田正重,54.0,,6.0,3.0,川崎,スパーキングデビュー(2歳),,,,,,,,,,,,,,,,,3.0,1.0,,nar,2026-08-20,38.8,42.8,36.0,29.6,40.6,37.3,45.0,履歴少 / サンプル少
202650082002,2026-08-20,2,ラブリーローラー,8.0,8.0,土方颯太,55.0,,8.0,5.0,園田,阿成スプリントC3,5.0,3.0,園田,C3,2.0,2.0,園田,熊内町スプリント3歳(C2),4.0,3.0,園田,弦谷スプリント3歳C(C2),4.0,4.0,園田,生琉里町7ハロン3歳(C2),3.0,2.0,,nar,2026-08-20,51.17,67.4,39.1,69.6,24.5,50.8,45.0,履歴少 / 安定感
202650082002,2026-08-20,2,リクノインパクト,2.0,2.0,板野央,55.0,,8.0,8.0,園田,C3二,7.0,8.0,園田,C3二,8.0,8.0,園田,C3三,6.0,9.0,園田,3歳C2,12.0,10.0,園田,3歳C2,109.2,7.0,,nar,2026-08-20,43.76,45.0,53.4,0.0,51.5,54.8,45.0,履歴少
202630082002,2026-08-20,2,リコーゴータ,7.0,7.0,岩橋勇二,55.0,,7.0,3.0,門別,JRA認定競走アタッ(未勝利)(2歳),5.0,5.0,門別,JRA認定競走アタッ(未勝利)(2歳),4.0,3.0,門別,JRA認定競走フレッ(新馬)(2歳),,,,,,,,,10.8,4.0,,nar,2026-08-20,48.37,63.6,36.8,44.7,35.0,54.7,45.0,履歴少
202648082002,2026-08-20,2,ルクスプロフェシー,9.0,7.0,加藤誓二,57.0,,5.0,4.0,笠松,3歳4組,5.0,3.0,笠松,3歳4組,4.0,1.0,笠松,北の単勝プリンセス熊(3歳),1.0,1.0,笠松,3歳5組,11.0,16.0,2阪神8,3歳未勝利,70.7,10.0,,nar,2026-08-20,58.76,69.3,43.9,89.7,51.5,52.9,45.0,履歴少 / 安定感
202648082003,2026-08-20,3,アウラニ,8.0,6.0,山田祥雄,55.0,,1.0,1.0,名古屋,アジア・アジアパラ応(3歳),2.0,2.0,名古屋,3歳13組,12.0,12.0,3阪神5,3歳未勝利,13.0,12.0,3京都11,3歳未勝利,6.0,8.0,3京都7,3歳未勝利,2.0,1.0,,nar,2026-08-20,59.46,62.5,50.4,55.3,93.5,53.6,45.0,履歴少 / 近走上向き
202650082003,2026-08-20,3,アラジャイ,7.0,7.0,杉浦健太,57.0,,11.0,8.0,園田,平城山スプリントC3,10.0,6.0,園田,C3,8.0,6.0,園田,粟生スプリントC3,9.0,8.0,園田,唐櫃スプリントC3,2.0,7.0,園田,木見スプリントC3,32.2,6.0,,nar,2026-08-20,35.44,36.5,36.5,10.3,27.5,53.0,45.0,履歴少 / 市場オッズ妙味
202645082003,2026-08-20,3,アンジュベル,3.0,3.0,西啓太,55.0,,3.0,3.0,川崎,アーベントロート賞(3歳),9.0,3.0,川崎,珠鷸賞(3歳),9.0,2.0,川崎,小千鳥賞(3歳),2.0,2.0,川崎,3歳5,9.0,10.0,姫路,兵庫クイーンセレクシ(重賞),13.7,6.0,,nar,2026-08-20,50.22,58.8,30.6,45.0,75.5,53.3,45.0,履歴少 / 近走上向き / 市場オッズ妙味
202648082003,2026-08-20,3,インサラータ,10.0,7.0,近藤颯羽,52.0,,1.0,5.0,名古屋,きょうかちゃん生誕記(3歳),8.0,4.0,名古屋,名古屋モーニングフィ(3歳),2.0,2.0,名古屋,3歳12組,11.0,10.0,2東京8,3歳未勝利,15.0,11.0,2東京1,3歳未勝利,4.5,3.0,,nar,2026-08-20,58.64,62.5,47.6,50.2,98.0,53.2,45.0,履歴少 / 近走上向き
202630082003,2026-08-20,3,ウインギャラン,3.0,3.0,服部茂史,57.0,,2.0,1.0,門別,優駿の里安平町アサヒ(C3),3.0,2.0,門別,3歳以上C3ー2C4,2.0,2.0,門別,3歳以上C3ー2C4,3.0,3.0,門別,3歳以上C3ー2C4,4.0,4.0,門別,函館競馬場開設130(C3),12.3,5.0,,nar,2026-08-20,67.02,87.2,46.1,100.0,56.0,59.4,45.0,履歴少 / 安定感 / 市場オッズ妙味
202650082003,2026-08-20,3,エイシンオキクルミ,6.0,6.0,永井孝典,57.0,,3.0,4.0,園田,C3,6.0,7.0,園田,C3,,3.0,園田,C2二,6.0,11.0,園田,淡河スプリントC2,5.0,4.0,園田,芦毛集結!enjoy(C2C3),3.6,2.0,,nar,2026-08-20,59.86,70.1,60.3,40.7,66.0,60.3,45.0,履歴少 / 近走上向き
202630082003,2026-08-20,3,オギフシノチカイ,6.0,6.0,小野楓馬,55.0,,2.0,2.0,門別,3歳以上C3ー2C4,1.0,3.0,門別,グランシャリオドリー(C4),1.0,1.0,門別,3歳条件未勝利(未勝利),2.0,2.0,門別,3歳条件未勝利(未勝利),3.0,5.0,門別,2歳牝馬未勝利(未勝利),4.0,2.0,,nar,2026-08-20,70.22,94.7,54.9,100.0,48.5,58.5,45.0,履歴少 / 安定感
202630082003,2026-08-20,3,カツノトゥウェルヴ,8.0,7.0,阿部龍,55.0,,2.0,2.0,門別,優駿の里安平町谷川農(C3),2.0,1.0,門別,3歳以上C3ー2C4,1.0,1.0,門別,3歳以上C4ー2,2.0,1.0,門別,グランシャリオドリー(C4),7.0,2.0,門別,3歳以上C4ー2,5.1,3.0,,nar,2026-08-20,64.83,89.4,43.6,89.7,56.0,52.4,45.0,履歴少 / 安定感
202648082003,2026-08-20,3,キタカラキタマアヤ,6.0,5.0,小笠原羚,52.0,,11.0,12.0,名古屋,名古屋から世界へ!馬(3歳),12.0,10.0,名古屋,夏波賞(3歳),5.0,10.0,名古屋,若芽賞(3歳),11.0,11.0,名古屋,3歳4組,7.0,8.0,名古屋,今年も馬ッチリ駆け巡(3歳),218.3,12.0,,nar,2026-08-20,41.33,30.8,56.3,19.8,36.5,56.8,45.0,履歴少
202645082003,2026-08-20,3,キングスケヨー,2.0,2.0,古岡勇樹,57.0,,6.0,4.0,川崎,モルゲンロート賞(3歳),2.0,3.0,川崎,ライトニング賞(3歳),4.0,2.0,川崎,ラファール賞(3歳),8.0,11.0,船橋,3歳二,,,川崎,リュフトヒエン賞(3歳),14.3,7.0,,nar,2026-08-20,54.44,69.8,47.5,44.7,42.0,61.3,45.0,履歴少 / 市場オッズ妙味
202630082003,2026-08-20,3,グランマズドリーム,7.0,7.0,落合玄太,55.0,,2.0,1.0,門別,ヒマワリ特別(C3),1.0,1.0,門別,3歳以上C4ー2,16.0,13.0,1函館3,3歳未勝利,8.0,9.0,2東京2,3歳未勝利,6.0,4.0,3中山4,3歳未勝利,1.9,1.0,,nar,2026-08-20,56.94,65.5,43.3,55.3,84.5,49.5,45.0,履歴少 / 近走上向き
202648082003,2026-08-20,3,グレーターグレイ,4.0,4.0,木之前葵,53.0,,8.0,10.0,名古屋,名古屋から世界へ!馬(3歳),10.0,10.0,名古屋,3歳6組,10.0,6.0,名古屋,若芽賞(3歳),6.0,8.0,名古屋,3歳3組,1.0,6.0,名古屋,3歳8組,115.9,10.0,,nar,2026-08-20,44.43,45.0,54.4,10.3,42.5,56.8,45.0,履歴少
202648082003,2026-08-20,3,ケイズシャーロット,7.0,6.0,加藤聡一,55.0,,4.0,1.0,名古屋,ハンブルグ疾風戦(3歳),2.0,5.0,名古屋,夏波賞(3歳),11.0,8.0,名古屋,3歳5組,5.0,6.0,名古屋,3歳7組,8.0,6.0,名古屋,3歳6組,25.2,5.0,,nar,2026-08-20,56.88,64.4,44.3,69.9,65.0,53.7,45.0,履歴少 / 近走上向き / 安定感 / 市場オッズ妙味
202648082003,2026-08-20,3,コスモギオン,9.0,7.0,丸野勝虎,57.0,,12.0,9.0,名古屋,名古屋から世界へ!馬(3歳),7.0,11.0,名古屋,3歳6組,4.0,12.0,名古屋,3歳5組,8.0,11.0,名古屋,若芽賞(3歳),8.0,11.0,名古屋,3歳5組,90.7,9.0,,nar,2026-08-20,45.93,42.6,66.9,19.8,18.5,63.2,45.0,履歴少 / 人気以上に走る傾向
202648082003,2026-08-20,3,ゴーゴーマンゴー,12.0,8.0,塚本征吾,55.0,,1.0,1.0,名古屋,アジア・アジアパラ応(3歳),3.0,2.0,名古屋,3歳10組,9.0,13.0,2東京8,3歳未勝利,11.0,9.0,3中山1,3歳未勝利,15.0,11.0,5中山1,2歳新馬,2.9,2.0,,nar,2026-08-20,59.41,61.4,48.9,55.3,100.0,52.6,45.0,履歴少 / 近走上向き
202645082003,2026-08-20,3,ゴーゴーメロディ,4.0,4.0,杉山海波,52.0,,4.0,3.0,浦和,3歳　未格付,3.0,2.0,浦和,3歳　未格付,2.0,3.0,浦和,3歳　未格付,13.0,8.0,大井,3歳四　五,7.0,4.0,大井,3歳六　七八(3歳七),11.1,4.0,,nar,2026-08-20,57.49,68.2,40.2,75.1,63.5,54.4,45.0,履歴少 / 安定感
202645082003,2026-08-20,3,サウンドプリモ,1.0,1.0,矢野貴之,55.0,,2.0,1.0,川崎,モルゲンロート賞(3歳),1.0,2.0,川崎,エクレール賞(3歳),3.0,1.0,川崎,ラファール賞(3歳),2.0,1.0,川崎,ゼフィール賞(3歳),14.0,11.0,5阪神3,2歳未勝利,3.1,1.0,,nar,2026-08-20,64.24,82.9,43.7,89.7,68.0,50.9,45.0,履歴少 / 近走上向き / 安定感
202645082003,2026-08-20,3,シノン,8.0,7.0,櫻井光輔,55.0,,8.0,5.0,川崎,モルゲンロート賞(3歳),6.0,5.0,川崎,ライトニング賞(3歳),15.0,15.0,2中山6,3歳1勝クラス,4.0,3.0,川崎,ガーネットフラワー賞(3歳),4.0,8.0,川崎,羽根つき賞(3歳),28.3,10.0,,nar,2026-08-20,44.48,47.3,43.7,24.9,45.5,55.6,45.0,履歴少 / 市場オッズ妙味
202645082003,2026-08-20,3,ジーベローチェ,6.0,6.0,和田譲治,55.0,,5.0,8.0,川崎,モルゲンロート賞(3歳),6.0,6.0,川崎,珠鷸賞(3歳),13.0,12.0,川崎,頬白賞(3歳),5.0,7.0,船橋,千葉の酪農応援賞(3歳),8.0,6.0,川崎,花天月地賞(3歳),16.3,8.0,,nar,2026-08-20,54.79,50.9,55.6,45.0,68.0,65.3,45.0,履歴少 / 近走上向き / 過小評価傾向 / 市場オッズ妙味
202648082003,2026-08-20,3,スピネルテソーロ,11.0,8.0,渡辺竜也,55.0,,7.0,5.0,佐賀,3歳ー6組,3.0,7.0,佐賀,3歳ー6組,10.0,6.0,佐賀,3歳ー7組,10.0,1.0,佐賀,3歳ー7組,2.0,6.0,佐賀,3歳ー6組,66.7,8.0,,nar,2026-08-20,46.5,55.9,40.9,35.3,45.5,49.0,45.0,履歴少
202648082003,2026-08-20,3,スージーハルワ,5.0,5.0,柿原翔,57.0,,7.0,8.0,名古屋,名古屋モーニングフィ(3歳),7.0,7.0,名古屋,青嵐賞(3歳),3.0,2.0,名古屋,若芽賞(3歳),1.0,1.0,名古屋,3歳8組,4.0,4.0,名古屋,3歳9組,36.7,6.0,,nar,2026-08-20,52.57,67.8,50.7,44.7,30.5,56.3,45.0,履歴少 / 市場オッズ妙味
202648082003,2026-08-20,3,デスヨッテニ,1.0,1.0,,,,8.0,10.0,名古屋,ハンブルグ疾風戦(3歳),10.0,5.0,笠松,ガンバロウ笠松競馬(3歳),3.0,6.0,笠松,黒神様に感謝!大阪で(3歳),3.0,5.0,笠松,3歳2組,,,笠松,葛島兄弟生誕38周年(3歳),,,,nar,2026-08-20,47.88,54.9,51.9,34.3,34.0,52.5,45.0,履歴少
202650082003,2026-08-20,3,トレジャーブルー,5.0,5.0,南部楓馬,54.0,,2.0,2.0,園田,阿成スプリントC3,7.0,3.0,園田,粟生スプリントC3,2.0,7.0,園田,唐櫃スプリントC3,2.0,3.0,園田,C3二,7.0,5.0,園田,C3一,4.2,3.0,,nar,2026-08-20,61.62,77.9,49.5,64.7,65.0,56.1,45.0,履歴少 / 近走上向き / 安定感
202648082003,2026-08-20,3,ニキータ,3.0,3.0,望月洵輝,55.0,,9.0,5.0,名古屋,3歳6組,1.0,3.0,名古屋,白雲賞(3歳),3.0,1.0,名古屋,3歳12組,15.0,11.0,3京都3,3歳未勝利,12.0,13.0,1阪神5,3歳未勝利,16.0,4.0,,nar,2026-08-20,47.34,53.7,38.9,44.7,42.5,57.3,45.0,履歴少 / 市場オッズ妙味
202630082003,2026-08-20,3,ニシノココ,4.0,4.0,小川悠汰,52.0,,3.0,6.0,門別,優駿の里安平町アサヒ(C3),5.0,7.0,門別,3歳以上C3ー2C4,6.0,8.0,門別,3歳以上C3ー2C4,5.0,6.0,門別,3歳以上C3ー2C4,6.0,6.0,門別,3歳以上C3ー2C4,82.3,8.0,,nar,2026-08-20,63.91,70.5,63.7,69.9,65.0,58.7,45.0,履歴少 / 近走上向き / 安定感
202650082003,2026-08-20,3,ヌーヴォルミエール,1.0,1.0,吉村智洋,57.0,,8.0,6.0,園田,平城山スプリントC3,7.0,3.0,園田,阿成スプリントC3,3.0,6.0,園田,C3,6.0,5.0,園田,C2二,6.0,7.0,園田,C2二,5.1,4.0,,nar,2026-08-20,45.2,57.9,42.6,19.8,35.0,55.0,45.0,履歴少
202630082003,2026-08-20,3,ハーティーアイズ,1.0,1.0,岩橋勇二,55.0,,8.0,4.0,門別,優駿の里安平町谷川農(C3),1.0,1.0,門別,3歳以上C4ー2,2.0,3.0,門別,3歳以上C4ー2,6.0,2.0,門別,3歳以上C4ー2,2.0,3.0,門別,3歳以上C4ー2,41.9,6.0,,nar,2026-08-20,51.07,74.7,39.5,55.0,18.5,52.4,45.0,履歴少 / 市場オッズ妙味
202650082003,2026-08-20,3,バークエム,8.0,8.0,小谷周平,55.0,,4.0,11.0,園田,平城山スプリントC3,12.0,9.0,園田,網干7ハロンC3一,5.0,8.0,園田,C3一,8.0,8.0,園田,C2一,8.0,12.0,園田,C2,26.4,5.0,,nar,2026-08-20,58.61,50.5,66.7,50.2,75.5,63.4,45.0,履歴少 / 人気以上に走る傾向 / 近走上向き / 市場オッズ妙味
202645082003,2026-08-20,3,パッツンドレス,11.0,8.0,町田直希,54.0,,10.0,2.0,川崎,ライトニング賞(3歳),8.0,3.0,川崎,ヴィントシュトース賞(3歳),3.0,3.0,浦和,浦和800ラウンド(3歳),3.0,4.0,川崎,テンポラーレ賞(3歳),8.0,2.0,大井,ひばり特別競走(2歳),12.8,5.0,,nar,2026-08-20,38.09,52.9,20.9,34.3,23.0,49.2,45.0,履歴少 / 市場オッズ妙味
202645082003,2026-08-20,3,ピエスポリード,10.0,8.0,新原周馬,57.0,,3.0,5.0,川崎,アウローラ賞(3歳),7.0,4.0,川崎,珠鷸賞(3歳),3.0,4.0,川崎,シャイニングトレジャ(2歳),5.0,7.0,川崎,シャイニングヒーロー(2歳),7.0,9.0,川崎,初陣(OP)(2歳),4.6,3.0,,nar,2026-08-20,60.98,70.4,53.9,64.7,65.0,59.1,45.0,履歴少 / 近走上向き / 安定感
202650082003,2026-08-20,3,ホンキートンク,3.0,3.0,長尾翼玖,55.0,,3.0,12.0,園田,阿成スプリントC3,9.0,10.0,園田,C3二,9.0,12.0,園田,3歳C1,8.0,9.0,園田,3歳C1一,5.0,7.0,園田,スーパーマラドーナ☆(C1),34.0,7.0,,nar,2026-08-20,62.17,55.1,77.5,40.7,78.5,66.7,45.0,履歴少 / 人気以上に走る傾向 / 近走上向き / 過小評価傾向
202630082003,2026-08-20,3,ミラージュフルール,9.0,8.0,松井伸也,55.0,,8.0,6.0,門別,ホクレングリーンプラ(C3),6.0,5.0,門別,夏秋どりいちごすずあ(C3),1.0,3.0,門別,ホクレンBB肥料賞(C4),1.0,4.0,門別,渓流の女王ヤマベ賞(C4),2.0,6.0,門別,3歳以上C4ー3,98.1,10.0,,nar,2026-08-20,52.8,72.2,52.7,44.7,17.0,57.4,45.0,履歴少
202645082003,2026-08-20,3,ミリオンフライト,9.0,7.0,中山遥人,54.0,,4.0,2.0,川崎,モルゲンロート賞(3歳),3.0,6.0,川崎,ライトニング賞(3歳),1.0,2.0,浦和,浦和800ラウンド(3歳),9.0,7.0,川崎,3歳5,8.0,9.0,川崎,テンポラーレ賞(3歳),19.8,9.0,,nar,2026-08-20,62.32,73.6,51.0,75.1,57.5,64.6,45.0,履歴少 / 安定感 / 市場オッズ妙味
202630082003,2026-08-20,3,メイショウクツカケ,2.0,2.0,渡辺準己,54.0,,4.0,4.0,門別,グランシャリオドリー(C2),4.0,2.0,門別,グランシャリオドリー(C2),1.0,1.0,門別,ホクレンパールライス(C3),1.0,1.0,門別,3歳以上C4ー3,1.0,1.0,門別,3歳以上C4ー4,8.3,4.0,,nar,2026-08-20,64.4,86.7,46.5,100.0,36.5,57.7,45.0,履歴少 / 安定感
202650082003,2026-08-20,3,メタルメタリカ,2.0,2.0,高畑皓一,57.0,,5.0,8.0,園田,C3二,7.0,11.0,園田,C3一,4.0,9.0,園田,C3三,9.0,5.0,園田,C3一,2.0,5.0,園田,C3二,80.7,8.0,,nar,2026-08-20,60.77,63.4,68.4,60.5,53.0,60.6,45.0,履歴少 / 人気以上に走る傾向 / 安定感
202645082003,2026-08-20,3,モンゲータイム,5.0,5.0,佐野遥久,56.0,,9.0,6.0,川崎,モルゲンロート賞(3歳),5.0,8.0,川崎,ライトニング賞(3歳),12.0,10.0,川崎,小千鳥賞(3歳),5.0,10.0,浦和,3歳三,12.0,8.0,川崎,アウラー賞(3歳),42.0,11.0,,nar,2026-08-20,45.86,41.4,48.3,39.5,47.0,55.6,45.0,履歴少 / 市場オッズ妙味
202630082003,2026-08-20,3,ヤマノプリティー,10.0,8.0,宮内勇樹,55.0,,5.0,7.0,門別,優駿の里安平町谷川農(C3),7.0,6.0,門別,3歳以上C3ー2C4,7.0,5.0,門別,3歳以上C3ー2C4,7.0,6.0,門別,3歳以上C3ー2C4,5.0,5.0,門別,函館競馬場開設130(C3),84.5,9.0,,nar,2026-08-20,51.85,58.5,48.7,40.7,59.0,52.2,45.0,履歴少
202648082003,2026-08-20,3,ユイノレジスタンス,2.0,2.0,今井貴大,57.0,,1.0,3.0,名古屋,ハンブルグ疾風戦(3歳),4.0,6.0,名古屋,3歳12組,12.0,8.0,名古屋,3歳10組,6.0,6.0,名古屋,3歳11組,11.0,6.0,名古屋,3歳8組,55.4,7.0,,nar,2026-08-20,58.56,62.5,48.6,55.3,93.5,50.2,45.0,履歴少 / 近走上向き
202630082003,2026-08-20,3,ルナエルフ,5.0,5.0,藤田凌駕,53.0,,4.0,5.0,門別,優駿の里安平町谷川農(C3),6.0,4.0,門別,3歳以上C3ー2C4,5.0,3.0,門別,3歳以上C3ー2C4,3.0,7.0,門別,日高町水道協会特別(C3),8.0,5.0,門別,バターが切れTENズ(C3),52.5,7.0,,nar,2026-08-20,57.25,68.3,47.8,64.7,59.0,52.2,45.0,履歴少 / 安定感
202645082003,2026-08-20,3,ロックマイソウル,7.0,6.0,野畑凌,57.0,,1.0,2.0,川崎,アーベントロート賞(3歳),3.0,3.0,川崎,リュフトヒエン賞(3歳),6.0,4.0,笠松,3歳3組,8.0,6.0,笠松,マメザクラ特別(3歳),2.0,4.0,笠松,3歳4組,4.4,2.0,,nar,2026-08-20,62.73,79.1,48.8,65.7,72.5,55.7,45.0,履歴少 / 近走上向き / 安定感
202650082003,2026-08-20,3,ワンダーアンジェ,4.0,4.0,佐々木世,53.0,,3.0,3.0,園田,平城山スプリントC3,2.0,3.0,園田,C3一,3.0,3.0,園田,C3一,2.0,4.0,姫路,C3一,7.0,6.0,園田,C2二,2.3,1.0,,nar,2026-08-20,65.51,83.9,53.1,89.7,53.0,54.8,45.0,履歴少 / 安定感
202630082004,2026-08-20,4,アイガイッパイ,5.0,5.0,宮内勇樹,55.0,,4.0,3.0,門別,優駿の里安平町アサヒ(C3),4.0,4.0,門別,3歳以上C3ー2C4,3.0,4.0,門別,3歳以上C3ー2C4,4.0,3.0,門別,3歳以上C3ー2C4,3.0,6.0,門別,グランシャリオドリー(C3),3.9,2.0,,nar,2026-08-20,64.18,78.4,50.4,100.0,47.0,57.1,45.0,履歴少 / 安定感
202630082004,2026-08-20,4,イイデスカイハイ,4.0,4.0,服部茂史,55.0,,3.0,3.0,門別,優駿の里安平町谷川農(C3),1.0,1.0,門別,3歳以上C4ー2,3.0,3.0,門別,3歳以上C4ー2,3.0,5.0,門別,グランシャリオドリー(C4),13.0,8.0,門別,グランシャリオドリー(C4),3.0,1.0,,nar,2026-08-20,64.03,79.7,48.4,89.7,62.0,52.7,45.0,履歴少 / 安定感
202648082004,2026-08-20,4,ウインクリンゲル,7.0,6.0,丹羽克輝,57.0,,3.0,3.0,名古屋,名古屋から世界へ!馬(3歳),11.0,10.0,名古屋,けやき杯(OP)(3歳),3.0,2.0,名古屋,3歳5組,2.0,5.0,名古屋,3歳7組,7.0,2.0,名古屋,3歳6組,14.6,8.0,,nar,2026-08-20,58.35,65.9,46.3,64.7,66.5,60.9,45.0,履歴少 / 近走上向き / 安定感 / 市場オッズ妙味
202650082004,2026-08-20,4,エイシンバーマン,6.0,6.0,長尾翼玖,55.0,,2.0,8.0,園田,C3二,6.0,6.0,園田,C3三,7.0,7.0,園田,C3四,8.0,8.0,園田,C3二,6.0,5.0,園田,C3二,42.5,9.0,,nar,2026-08-20,59.22,65.8,62.0,30.4,78.5,59.5,45.0,履歴少 / 近走上向き / 市場オッズ妙味
202630082004,2026-08-20,4,クラスヴァンクル,7.0,7.0,小野楓馬,57.0,,5.0,5.0,門別,ホクレングリーンプラ(C3),3.0,2.0,門別,夏秋どりいちごすずあ(C3),2.0,5.0,門別,3歳以上C3ー2C4,3.0,4.0,門別,3歳以上C3ー2C4,6.0,8.0,門別,rapora賞(C3),7.5,5.0,,nar,2026-08-20,63.91,78.2,54.9,89.7,41.0,61.8,45.0,履歴少 / 安定感
202645082004,2026-08-20,4,クリスタルシー,3.0,3.0,櫻井光輔,54.0,,2.0,2.0,川崎,スパーキングデビュー(2歳),,,,,,,,,,,,,,,,,3.9,1.0,,nar,2026-08-20,43.15,49.9,40.6,36.3,40.6,40.6,45.0,履歴少 / サンプル少
202645082004,2026-08-20,4,コーズブルー,5.0,5.0,西啓太,54.0,,3.0,1.0,川崎,アゲハチョウ賞(2歳),3.0,3.0,川崎,スパーキングデビュー(2歳),,,,,,,,,,,,,8.1,6.0,,nar,2026-08-20,51.24,64.2,41.3,48.4,45.5,54.2,45.0,履歴少 / サンプル少
202645082004,2026-08-20,4,ゴールドサンデー,2.0,2.0,中越琉世,54.0,,4.0,4.0,川崎,オオムラサキ特別(2歳),2.0,4.0,川崎,アゲハチョウ賞(2歳),7.0,7.0,川崎,ホタル特別(2歳),5.0,4.0,川崎,スパーキングデビュー(2歳),,,,,36.7,9.0,,nar,2026-08-20,60.71,73.9,52.8,69.9,54.0,57.1,45.0,履歴少 / 安定感 / 市場オッズ妙味
202630082004,2026-08-20,4,サクラカレント,6.0,6.0,亀井洋司,55.0,,5.0,5.0,門別,優駿の里安平町アサヒ(C3),4.0,5.0,門別,3歳以上C3ー2C4,5.0,6.0,門別,3歳以上C3ー2C4,5.0,3.0,門別,3歳以上C3ー2C4,,,門別,函館競馬場開設130(C3),21.7,7.0,,nar,2026-08-20,60.85,70.2,51.2,89.7,48.0,56.3,45.0,履歴少 / 安定感 / 市場オッズ妙味
202645082004,2026-08-20,4,サンドリヨン,1.0,1.0,矢野貴之,54.0,,3.0,1.0,川崎,スミナガシ賞(2歳),3.0,2.0,門別,JRA認定競走フレッ(新馬)(2歳),,,,,,,,,,,,,6.4,4.0,,nar,2026-08-20,50.56,64.2,39.5,48.4,45.5,52.3,45.0,履歴少 / サンプル少
202645082004,2026-08-20,4,シガ,4.0,4.0,町田直希,54.0,,5.0,2.0,川崎,未勝利(2歳),2.0,4.0,川崎,スパーキングデビュー(2歳),,,,,,,,,,,,,4.0,2.0,,nar,2026-08-20,49.28,61.3,42.6,48.4,35.6,52.1,45.0,履歴少 / サンプル少
202650082004,2026-08-20,4,シマノダイヤモンド,4.0,4.0,塩津璃菜,53.0,,5.0,7.0,園田,守道7ハロンC3一,4.0,6.0,園田,C3二,6.0,8.0,園田,C3二,8.0,8.0,園田,C3一,5.0,10.0,園田,C3一,19.4,8.0,,nar,2026-08-20,62.45,64.9,64.1,65.7,54.5,71.1,45.0,履歴少 / 安定感 / 過小評価傾向 / 市場オッズ妙味
202645082004,2026-08-20,4,シュンプタイト,10.0,8.0,加藤雄真,52.0,,2.0,4.0,川崎,2歳4,5.0,6.0,川崎,スパーキングデビュー(2歳),,,,,,,,,,,,,24.4,8.0,,nar,2026-08-20,54.7,62.7,51.5,48.4,55.4,56.1,45.0,履歴少 / サンプル少 / 市場オッズ妙味
202645082004,2026-08-20,4,シンメウィル,6.0,6.0,新原周馬,54.0,,2.0,3.0,川崎,スパーキングデビュー(2歳),,,,,,,,,,,,,,,,,13.1,7.0,,nar,2026-08-20,43.67,49.9,42.2,36.3,40.6,41.7,45.0,履歴少 / サンプル少
202648082004,2026-08-20,4,スターアライズ,5.0,5.0,加藤誓二,55.0,,7.0,10.0,名古屋,オットネル賞(3歳),8.0,11.0,名古屋,名古屋モーニングフィ(3歳),10.0,10.0,名古屋,青嵐賞(3歳),10.0,8.0,名古屋,牛兄、係長でも頑張れ(3歳),11.0,5.0,名古屋,優駿DAYオープニン(3歳),125.0,11.0,,nar,2026-08-20,43.81,38.5,55.2,0.0,66.5,52.2,45.0,履歴少 / 近走上向き
202630082004,2026-08-20,4,スティールスピネル,9.0,8.0,阿部龍,55.0,,4.0,4.0,門別,3歳以上C3ー2C4,7.0,4.0,門別,3歳以上C3ー2C4,4.0,1.0,門別,3歳以上C3ー2C4,1.0,1.0,門別,3歳以上C4ー2,1.0,1.0,門別,3歳条件未勝利(未勝利),4.4,3.0,,nar,2026-08-20,57.33,76.0,40.6,75.1,45.5,52.4,45.0,履歴少 / 安定感
202650082004,2026-08-20,4,スマートクイーン,2.0,2.0,山本屋太,55.0,,4.0,4.0,園田,C3二,2.0,3.0,園田,C3二,6.0,8.0,園田,C3二,5.0,10.0,園田,C3二,7.0,10.0,園田,C3二,7.6,4.0,,nar,2026-08-20,64.14,73.2,61.8,69.9,56.0,65.8,45.0,履歴少 / 安定感 / 過小評価傾向
202630082004,2026-08-20,4,ゼファーバローズ,8.0,8.0,金山昇馬,57.0,,7.0,8.0,門別,優駿の里安平町谷川農(C3),7.0,6.0,門別,旭岳賞〔H3〕(重賞),7.0,6.0,門別,3歳以上C3ー2C4,8.0,5.0,門別,グランシャリオドリー(C3),10.0,12.0,門別,日高町水道協会特別(C3),44.3,8.0,,nar,2026-08-20,43.83,48.4,47.4,0.0,56.0,55.0,45.0,履歴少 / 市場オッズ妙味
202650082004,2026-08-20,4,タフトテソーロ,1.0,1.0,小谷周平,57.0,,7.0,4.0,園田,C3二,5.0,6.0,園田,C3,9.0,7.0,園田,粟生スプリントC3,7.0,6.0,園田,C3一,4.0,4.0,園田,C3,18.8,7.0,,nar,2026-08-20,47.91,55.3,41.6,35.3,45.5,59.0,45.0,履歴少 / 市場オッズ妙味
202648082004,2026-08-20,4,ツトムユニバース,12.0,8.0,渡辺竜也,57.0,,6.0,2.0,名古屋,3歳3組,1.0,2.0,名古屋,のあち27歳おめでと(3歳),7.0,8.0,1新潟5,3歳未勝利,14.0,7.0,1小倉12,3歳未勝利,4.0,14.0,1小倉4,3歳未勝利,4.6,2.0,,nar,2026-08-20,50.98,61.3,44.7,35.3,53.0,57.1,45.0,履歴少
202630082004,2026-08-20,4,テナチュール,1.0,1.0,若杉朝飛,55.0,,6.0,6.0,門別,優駿の里安平町谷川農(C3),1.0,1.0,門別,3歳以上C4ー2,3.0,4.0,門別,3歳以上C4ー2,2.0,3.0,門別,3歳以上C4ー2,5.0,3.0,門別,3歳以上C4ー2,21.3,6.0,,nar,2026-08-20,59.08,80.2,51.0,69.6,30.5,56.3,45.0,履歴少 / 安定感 / 市場オッズ妙味
202650082004,2026-08-20,4,テルモピュライ,8.0,7.0,南部楓馬,54.0,,6.0,1.0,園田,C3二,3.0,4.0,園田,C3一,7.0,3.0,園田,C3,2.0,6.0,園田,C3一,3.0,3.0,園田,C3一,3.7,3.0,,nar,2026-08-20,51.83,71.6,39.7,49.8,36.5,53.0,45.0,履歴少
202630082004,2026-08-20,4,ディアレストゥラヴ,3.0,3.0,黒澤愛斗,55.0,,7.0,8.0,門別,優駿の里安平町アサヒ(C3),8.0,8.0,門別,3歳以上C3ー2C4,8.0,7.0,門別,3歳以上C3ー2C4,7.0,7.0,門別,3歳以上C3ー2C4,7.0,7.0,門別,3歳以上C3ー2C4,271.7,9.0,,nar,2026-08-20,44.09,48.4,50.7,0.0,53.0,53.5,45.0,履歴少
202645082004,2026-08-20,4,デイトリッパー,9.0,8.0,野畑凌,54.0,,2.0,2.0,川崎,スパーキングデビュー(2歳),,,,,,,,,,,,,,,,,5.9,3.0,,nar,2026-08-20,43.15,49.9,40.6,36.3,40.6,40.6,45.0,履歴少 / サンプル少
202648082004,2026-08-20,4,デパーチャー,10.0,7.0,望月洵輝,55.0,,8.0,4.0,名古屋,オットネル賞(3歳),5.0,10.0,名古屋,名古屋モーニングフィ(3歳),5.0,9.0,名古屋,3歳4組,7.0,6.0,名古屋,3歳4組,1.0,5.0,名古屋,3歳7組,30.9,9.0,,nar,2026-08-20,54.29,61.7,57.6,55.0,29.0,61.5,45.0,履歴少 / 市場オッズ妙味
202648082004,2026-08-20,4,トントンビョウシ,1.0,1.0,細川智史,55.0,,10.0,6.0,名古屋,オットネル賞(3歳),,,名古屋,青嵐賞(3歳),9.0,9.0,名古屋,牛兄、係長でも頑張れ(3歳),9.0,7.0,名古屋,若夏特別(3歳),12.0,4.0,名古屋,薫風賞(3歳),61.3,10.0,,nar,2026-08-20,31.42,29.5,28.2,0.0,50.0,42.1,45.0,履歴少
202645082004,2026-08-20,4,ナットワン,8.0,7.0,古岡勇樹,54.0,,7.0,7.0,川崎,未勝利(2歳),2.0,2.0,川崎,スパーキングデビュー(2歳),,,,,,,,,,,,,47.5,10.0,,nar,2026-08-20,46.0,56.5,45.5,31.7,29.0,53.4,45.0,履歴少 / サンプル少 / 市場オッズ妙味
202648082004,2026-08-20,4,ナムラキングダム,4.0,4.0,塚本征吾,57.0,,5.0,1.0,名古屋,オットネル賞(3歳),1.0,1.0,名古屋,3歳4組,2.0,2.0,名古屋,3歳5組,15.0,15.0,1阪神7,3歳未勝利,,,1阪神1,3歳未勝利,5.9,3.0,,nar,2026-08-20,57.47,71.1,40.5,75.1,56.0,54.3,45.0,履歴少 / 安定感
202650082004,2026-08-20,4,ナムラダニー,10.0,8.0,下原理,57.0,,9.0,5.0,園田,C3二,4.0,4.0,園田,C3二,3.0,6.0,園田,C3二,7.0,5.0,園田,C3一,8.0,7.0,園田,C3一,3.6,2.0,,nar,2026-08-20,47.44,58.6,42.9,44.7,29.0,52.9,45.0,履歴少
202650082004,2026-08-20,4,ニューアスラーダ,9.0,8.0,竹村達也,55.0,,5.0,7.0,園田,C3二,11.0,6.0,園田,熊内町スプリント3歳(C2),10.0,7.0,園田,奥海ダッシュ3歳C2,8.0,11.0,園田,金会スプリント3歳C(C1C2),9.0,10.0,姫路,市島町勅使ダッ(C1),61.9,10.0,,nar,2026-08-20,47.11,41.3,45.2,30.4,77.0,52.2,45.0,履歴少 / 近走上向き
202650082004,2026-08-20,4,バイオサファイア,7.0,7.0,廣瀬航,55.0,,2.0,1.0,園田,C3三,7.0,4.0,園田,C3三,5.0,2.0,園田,C3二,7.0,7.0,園田,C3,5.0,6.0,園田,興治スプリントC3,13.5,5.0,,nar,2026-08-20,57.37,69.0,39.2,60.5,74.0,57.2,45.0,履歴少 / 近走上向き / 安定感 / 市場オッズ妙味
202648082004,2026-08-20,4,ビップジョワ,11.0,8.0,近藤颯羽,52.0,,10.0,9.0,1札幌1,3歳未勝利,5.0,12.0,1函館10,3歳未勝利,16.0,15.0,1函館6,3歳未勝利,11.0,10.0,1函館2,3歳未勝利,7.0,7.0,1新潟3,3歳未勝利,5.9,4.0,,nar,2026-08-20,45.03,33.8,57.7,24.9,48.5,60.2,45.0,履歴少
202650082004,2026-08-20,4,フッカツラヴ,3.0,3.0,井上幹太,55.0,,2.0,2.0,園田,C3三,5.0,2.0,園田,C3二,4.0,2.0,園田,かつみさゆり☆来場記(C3),6.0,2.0,園田,C3二,4.0,5.0,園田,C2一,3.4,1.0,,nar,2026-08-20,60.43,76.5,38.6,85.4,66.5,50.0,45.0,履歴少 / 近走上向き / 安定感
202648082004,2026-08-20,4,ベベペッパー,9.0,7.0,今井貴大,55.0,,2.0,1.0,名古屋,名古屋から世界へ!馬(3歳),5.0,2.0,名古屋,3歳6組,1.0,3.0,名古屋,3歳10組,4.0,1.0,名古屋,3歳9組,9.0,5.0,1新潟4,3歳未勝利,4.4,1.0,,nar,2026-08-20,62.02,79.5,39.4,89.7,66.5,50.5,45.0,履歴少 / 近走上向き / 安定感
202648082004,2026-08-20,4,ペプチドプラタ,3.0,3.0,加藤聡一,55.0,,1.0,8.0,名古屋,りょう&とうこ結婚お(3歳),2.0,2.0,名古屋,名古屋モーニングフィ(3歳),4.0,3.0,名古屋,3歳11組,6.0,11.0,3京都8,3歳未勝利,9.0,10.0,1阪神7,3歳未勝利,10.5,7.0,,nar,2026-08-20,71.33,80.8,69.3,75.1,75.5,67.8,45.0,履歴少 / 人気以上に走る傾向 / 近走上向き / 安定感
202648082004,2026-08-20,4,マイネルスラーヴァ,6.0,5.0,柿原翔,57.0,,1.0,1.0,名古屋,3歳9組,5.0,4.0,名古屋,きょうかちゃん生誕記(3歳),15.0,16.0,3東京2,3歳未勝利,12.0,15.0,2中山5,3歳未勝利,9.0,7.0,1東京8,3歳未勝利,8.2,5.0,,nar,2026-08-20,58.57,52.8,51.3,55.3,100.0,59.6,45.0,履歴少 / 近走上向き
202648082004,2026-08-20,4,マイネルラジェム,8.0,6.0,村上弘樹,57.0,,4.0,1.0,名古屋,名古屋モーニングフィ(3歳),3.0,1.0,名古屋,3歳4組,2.0,4.0,名古屋,3歳6組,2.0,5.0,名古屋,3歳6組,3.0,3.0,名古屋,3歳7組,8.4,6.0,,nar,2026-08-20,64.33,84.3,46.0,100.0,41.0,59.1,45.0,履歴少 / 安定感
202648082004,2026-08-20,4,マジョリカ,2.0,2.0,東川慎,55.0,,9.0,11.0,名古屋,オットネル賞(3歳),11.0,12.0,名古屋,名古屋モーニングフィ(3歳),5.0,9.0,名古屋,3歳4組,11.0,10.0,名古屋,3歳4組,9.0,9.0,名古屋,3歳3組,144.2,12.0,,nar,2026-08-20,45.51,36.0,60.5,19.8,50.0,57.4,45.0,履歴少
202645082004,2026-08-20,4,ミーリイ,7.0,7.0,御神本訓,54.0,,2.0,2.0,川崎,スパーキングデビュー(2歳),,,,,,,,,,,,,,,,,7.4,5.0,,nar,2026-08-20,43.15,49.9,40.6,36.3,40.6,40.6,45.0,履歴少 / サンプル少
202630082004,2026-08-20,4,メチカブーラ,2.0,2.0,小川悠汰,52.0,,1.0,8.0,門別,3歳以上C4ー2,6.0,7.0,門別,3歳以上C4ー2,5.0,3.0,門別,3歳以上C4ー2,5.0,5.0,門別,3歳以上C4ー2,9.0,12.0,門別,フロイラインスプリン(重賞),5.7,4.0,,nar,2026-08-20,67.03,72.4,66.0,64.7,81.5,63.3,45.0,履歴少 / 人気以上に走る傾向 / 近走上向き / 安定感
202650082004,2026-08-20,4,ランボシ,5.0,5.0,田野豊三,57.0,,4.0,9.0,園田,C3二,6.0,10.0,園田,C3三,9.0,9.0,園田,C3一,10.0,10.0,園田,C3一,10.0,10.0,園田,榎列小榎列7ハロンC(C2),18.0,6.0,,nar,2026-08-20,57.93,52.1,67.6,30.4,78.5,68.1,45.0,履歴少 / 人気以上に走る傾向 / 近走上向き / 過小評価傾向
202648082005,2026-08-20,5,アスプロガイア,4.0,4.0,塚本征吾,55.0,,8.0,6.0,名古屋,りんご2歳のお誕生日(C),11.0,2.0,名古屋,C6組,3.0,2.0,名古屋,金シャチ最終戦(C),8.0,5.0,名古屋,C7組,9.0,3.0,名古屋,C11組,7.0,3.0,,nar,2026-08-20,36.67,45.1,21.3,19.8,48.5,44.6,45.0,履歴少
202630082005,2026-08-20,5,エレシュトゥ,2.0,2.0,山本聡哉,55.0,,1.0,1.0,門別,2歳未勝利(未勝利),4.0,3.0,門別,JRA認定競走フレッ(新馬)(2歳),,,,,,,,,,,,,4.6,2.0,,nar,2026-08-20,53.61,67.1,43.8,48.4,55.4,52.7,45.0,履歴少 / サンプル少
202650082005,2026-08-20,5,エーピーポエティス,6.0,6.0,吉村智洋,55.0,,2.0,2.0,園田,C2,4.0,5.0,園田,C2,5.0,5.0,姫路,C2一,3.0,5.0,姫路,C2一,1.0,1.0,姫路,C2三,3.2,1.0,,nar,2026-08-20,67.5,82.9,53.8,100.0,57.5,56.9,45.0,履歴少 / 安定感
202650082005,2026-08-20,5,カイラシ,9.0,8.0,佐々木世,53.0,,2.0,2.0,園田,遠方7ハロンC3一,4.0,2.0,園田,C3二,11.0,8.0,園田,青馬ひすみ☆モヤシか(C2),5.0,7.0,園田,C2一,6.0,7.0,園田,C2一,5.7,3.0,,nar,2026-08-20,59.57,67.0,45.1,69.9,77.0,56.1,45.0,履歴少 / 近走上向き / 安定感
202648082005,2026-08-20,5,カムイパパイヤ,7.0,6.0,深澤杏花,53.0,,8.0,5.0,名古屋,金シャチ最終戦777(C),4.0,5.0,名古屋,C6組,11.0,8.0,名古屋,名古屋モーニングフィ(C),6.0,4.0,名古屋,金シャチ最終戦(C),8.0,7.0,名古屋,C3組,11.0,6.0,,nar,2026-08-20,43.76,49.6,38.4,24.9,45.5,55.0,45.0,履歴少
202650082005,2026-08-20,5,カムフラージュ,10.0,8.0,笹田知宏,55.0,,8.0,6.0,園田,網掛7ハロンC3一,7.0,10.0,姫路,祝30周年!SPAT(C2),9.0,5.0,姫路,C2二,5.0,1.0,園田,C2二,2.0,2.0,園田,C2三,31.6,9.0,,nar,2026-08-20,43.85,52.9,41.4,24.9,36.5,51.8,45.0,履歴少 / 市場オッズ妙味
202648082005,2026-08-20,5,クールマーロウ,8.0,7.0,丹羽克輝,57.0,,5.0,8.0,名古屋,りんご2歳のお誕生日(C),1.0,7.0,名古屋,金シャチ最終戦777(C),5.0,8.0,名古屋,C10組,10.0,8.0,名古屋,C12組,2.0,10.0,名古屋,C14組,11.5,7.0,,nar,2026-08-20,68.75,72.6,74.7,85.4,47.0,72.1,45.0,履歴少 / 人気以上に走る傾向 / 安定感 / 過小評価傾向
202645082005,2026-08-20,5,ケイツーブル,6.0,6.0,西啓太,57.0,,5.0,12.0,川崎,ラケシス賞(C2),10.0,9.0,川崎,キャビア賞(C2),9.0,7.0,川崎,ソルスティツィオ賞(C2),11.0,10.0,川崎,ワルキューレ賞(C2),7.0,11.0,川崎,アルテミス賞(C2),22.8,9.0,,nar,2026-08-20,52.72,43.1,62.3,30.4,75.5,60.9,45.0,履歴少 / 近走上向き / 市場オッズ妙味
202645082005,2026-08-20,5,サンディビーチ,5.0,5.0,張田昂,57.0,,11.0,8.0,川崎,ラケシス賞(C2),7.0,11.0,川崎,キャビア賞(C2),8.0,11.0,川崎,神楽酒造盃くろうま賞(C1C2),11.0,9.0,船橋,タマシギ特別(C2),7.0,9.0,川崎,C2一　二,21.9,7.0,,nar,2026-08-20,39.85,36.0,54.1,0.0,33.5,58.9,45.0,履歴少 / 市場オッズ妙味
202650082005,2026-08-20,5,シェナキング,8.0,7.0,南部楓馬,54.0,,2.0,8.0,園田,烏帽子7ハロンC3二,7.0,7.0,園田,C3三,10.0,6.0,園田,C3一,2.0,4.0,園田,C3二,9.0,10.0,園田,黍田町8.5ハロンC(C3),24.0,8.0,,nar,2026-08-20,60.04,63.6,60.0,45.0,80.0,59.5,45.0,履歴少 / 近走上向き / 市場オッズ妙味
202630082005,2026-08-20,5,シリントーン,5.0,5.0,金山昇馬,55.0,,5.0,5.0,門別,JRA認定競走アタッ(未勝利)(2歳),5.0,7.0,門別,JRA認定競走アタッ(未勝利)(2歳),5.0,4.0,門別,JRA認定競走アタッ(未勝利)(2歳),1.0,3.0,門別,2歳未勝利(未勝利),4.0,8.0,門別,JRA認定競走フレッ(新馬)(2歳),16.0,9.0,,nar,2026-08-20,65.45,73.5,57.0,100.0,42.5,68.5,45.0,履歴少 / 安定感 / 過小評価傾向 / 市場オッズ妙味
202650082005,2026-08-20,5,スカイアクセル,4.0,4.0,松木大地,55.0,,6.0,3.0,園田,C3一,7.0,3.0,園田,C3一,1.0,3.0,姫路,C2二,2.0,2.0,姫路,C2三,1.0,2.0,姫路,C3一,8.8,6.0,,nar,2026-08-20,52.0,74.7,40.1,44.7,30.5,56.7,45.0,履歴少
202650082005,2026-08-20,5,スパイウェア,2.0,2.0,永井孝典,57.0,,3.0,5.0,園田,網掛7ハロンC3一,3.0,2.0,園田,C3三,6.0,1.0,園田,C3,8.0,4.0,姫路,2026ひめじけいば(C2),5.0,1.0,姫路,西夢前台ダッシュC2,11.5,7.0,,nar,2026-08-20,56.91,71.8,38.6,65.7,65.0,52.6,45.0,履歴少 / 近走上向き / 安定感
202630082005,2026-08-20,5,スペシャルプリンス,6.0,6.0,落合玄太,55.0,,1.0,1.0,門別,2歳未勝利(未勝利),6.0,1.0,門別,JRA認定競走フレッ(新馬)(2歳),,,,,,,,,,,,,5.0,3.0,,nar,2026-08-20,49.53,63.1,36.8,34.7,62.0,49.5,45.0,履歴少 / サンプル少
202645082005,2026-08-20,5,スマイルフェリス,7.0,6.0,町田直希,53.0,,3.0,1.0,川崎,ヴェルザンディ賞(C2C3),4.0,8.0,川崎,フローラ賞(C2C3),5.0,3.0,川崎,C2七,6.0,7.0,川崎,独楽回し賞(C2),2.0,1.0,川崎,C2五　六七(C2六),5.7,3.0,,nar,2026-08-20,63.08,76.2,50.3,85.4,57.5,57.4,45.0,履歴少 / 安定感
202645082005,2026-08-20,5,スマイルポピー,10.0,8.0,吉留孝司,53.0,,8.0,7.0,浦和,夏の風物詩花火特別(C2C3),6.0,7.0,浦和,ウインドベル特別(C3),7.0,8.0,浦和,草加せんべいパリポリ(C2),5.0,8.0,浦和,特選(C2),5.0,12.0,川崎,C2七,30.1,10.0,,nar,2026-08-20,50.5,55.6,59.1,24.9,36.5,63.4,45.0,履歴少 / 市場オッズ妙味
202648082005,2026-08-20,5,スマートヌーメン,9.0,7.0,山田祥雄,55.0,,6.0,6.0,名古屋,C6組,10.0,10.0,名古屋,田原特別(C),,,名古屋,土古公園賞(B),10.0,8.0,名古屋,B8組,8.0,11.0,名古屋,B7組,16.7,9.0,,nar,2026-08-20,45.82,42.2,50.2,0.0,70.0,64.8,45.0,履歴少 / 近走上向き / 市場オッズ妙味
202648082005,2026-08-20,5,ソダチザカリ,3.0,3.0,木之前葵,53.0,,,,名古屋,南陽賞(C),8.0,2.0,名古屋,恋路ヶ浜賞(C),2.0,1.0,名古屋,C8組,2.0,1.0,名古屋,C14組,4.0,10.0,名古屋,八曽山特別(C),2.8,1.0,,nar,2026-08-20,48.75,72.4,37.7,44.7,18.0,52.8,45.0,履歴少
202650082005,2026-08-20,5,タンタンドル,5.0,5.0,小牧太,55.0,,5.0,2.0,園田,網掛7ハロンC3一,7.0,3.0,園田,C2一,3.0,2.0,園田,C2一,4.0,3.0,姫路,C2一,3.0,1.0,姫路,C2二,6.1,4.0,,nar,2026-08-20,53.51,70.0,32.8,75.1,45.5,50.5,45.0,履歴少 / 安定感
202645082005,2026-08-20,5,タヴァネスタン,11.0,8.0,和田譲治,57.0,,1.0,1.0,川崎,クロート賞(C2C3),7.0,6.0,川崎,2026川崎ジョッキ(C2),4.0,3.0,川崎,インフィオラータ賞(C2),8.0,4.0,川崎,レッドカーペット賞(C2),2.0,2.0,川崎,イースター賞(C2),2.6,1.0,,nar,2026-08-20,58.91,74.3,42.8,60.5,75.5,50.2,45.0,履歴少 / 近走上向き / 安定感
202648082005,2026-08-20,5,ダイユウハミルトン,1.0,1.0,大畑雅章,57.0,,11.0,11.0,名古屋,りんご2歳のお誕生日(C),12.0,8.0,名古屋,田原特別(C),10.0,2.0,名古屋,三ヶ根山特別(C),15.0,14.0,1東京6,4歳以上1勝クラス,8.0,9.0,3新潟1,3歳以上1勝クラス,52.9,10.0,,nar,2026-08-20,30.04,19.1,31.7,0.0,51.5,45.7,45.0,履歴少
202645082005,2026-08-20,5,デルマツリダシ,4.0,4.0,古岡勇樹,57.0,,8.0,10.0,川崎,C2一　二,6.0,7.0,川崎,C2一　二,5.0,3.0,浦和,浦和エイトチャレンジ(C2),5.0,6.0,川崎,C2一　二,5.0,6.0,川崎,C2二　三,21.6,6.0,,nar,2026-08-20,51.67,58.7,55.0,44.7,33.5,58.2,45.0,履歴少 / 市場オッズ妙味
202648082005,2026-08-20,5,ネオアリシア,11.0,8.0,近藤颯羽,52.0,,2.0,9.0,名古屋,金シャチ最終戦777(C),10.0,10.0,名古屋,C7組,2.0,5.0,名古屋,金シャチ最終戦777(C),6.0,11.0,名古屋,しゅんさや結婚記念(C),9.0,7.0,名古屋,C8組,3.5,2.0,,nar,2026-08-20,64.68,65.6,72.7,50.2,78.5,63.8,45.0,履歴少 / 人気以上に走る傾向 / 近走上向き
202645082005,2026-08-20,5,パルメニデス,9.0,7.0,杉山海波,52.0,,7.0,5.0,浦和,夕涼み特別(C3),4.0,7.0,浦和,特選(C3),4.0,9.0,浦和,宝登山特別(C3),8.0,7.0,浦和,桶川べに花まつり賞(C3),10.0,9.0,浦和,C3四　五,77.3,11.0,,nar,2026-08-20,53.37,59.1,56.1,44.7,47.0,56.1,45.0,履歴少
202630082005,2026-08-20,5,ピカンチチェリー,10.0,8.0,松井伸也,55.0,,8.0,7.0,門別,JRA認定競走アタッ(未勝利)(2歳),5.0,7.0,門別,JRA認定競走アタッ(未勝利)(2歳),5.0,3.0,門別,JRA認定競走フレッ(新馬)(2歳),,,,,,,,,106.7,10.0,,nar,2026-08-20,48.91,58.3,48.1,44.7,32.0,52.4,45.0,履歴少
202645082005,2026-08-20,5,ファイヤーボール,8.0,7.0,新原周馬,57.0,,6.0,3.0,川崎,ラケシス賞(C2),13.0,10.0,川崎,猛虎特別(C1),2.0,5.0,川崎,アトロポス賞(C2C3),6.0,7.0,川崎,マイスターチャレンジ(C2),10.0,8.0,船橋,お年玉チャンス特別(C2),13.6,5.0,,nar,2026-08-20,46.16,49.1,42.1,19.8,60.5,58.5,45.0,履歴少 / 市場オッズ妙味
202648082005,2026-08-20,5,プロメッサ,2.0,2.0,大原浩司,55.0,,1.0,5.0,名古屋,C10組,8.0,3.0,名古屋,伊良湖疾風戦(C),6.0,9.0,名古屋,C8組,11.0,9.0,名古屋,美人梅賞(C),9.0,10.0,名古屋,C4組,10.0,5.0,,nar,2026-08-20,57.4,59.9,52.6,30.4,95.0,60.4,45.0,履歴少 / 近走上向き
202630082005,2026-08-20,5,ベラジオパルーザ,7.0,7.0,井上俊彦,55.0,,1.0,4.0,門別,2歳未勝利(未勝利),6.0,6.0,門別,JRA認定競走アタッ(未勝利)(2歳),4.0,5.0,門別,JRA認定競走アタッ(未勝利)(2歳),3.0,6.0,門別,JRA認定競走アタッ(未勝利)(2歳),7.0,10.0,門別,JRA認定競走フレッ(新馬)(2歳),12.1,5.0,,nar,2026-08-20,67.5,78.0,63.0,64.7,74.0,67.1,45.0,履歴少 / 近走上向き / 安定感 / 過小評価傾向
202630082005,2026-08-20,5,マインドエンジェル,1.0,1.0,小野楓馬,55.0,,3.0,2.0,門別,JRA認定競走アタッ(未勝利)(2歳),1.0,1.0,門別,2歳未勝利(未勝利),4.0,2.0,門別,JRA認定競走アタッ(未勝利)(2歳),2.0,5.0,門別,JRA認定競走フレッ(新馬)(2歳),,,,,2.7,1.0,,nar,2026-08-20,64.52,88.0,48.0,89.7,46.0,54.2,45.0,履歴少 / 安定感
202645082005,2026-08-20,5,ミストラ,1.0,1.0,池谷匠翔,57.0,,,,川崎,アルテミス賞(C2),2.0,6.0,川崎,ティール賞(C2),1.0,10.0,浦和,特選(C2),10.0,6.0,川崎,フローラ賞(C2C3),9.0,8.0,浦和,5月1日ヌゥハッピー(C2),3.8,2.0,,nar,2026-08-20,65.28,72.5,71.0,44.7,78.0,62.2,45.0,履歴少 / 人気以上に走る傾向 / 近走上向き
202650082005,2026-08-20,5,ムーンセット,3.0,3.0,杉浦健太,55.0,,9.0,8.0,園田,C3一,10.0,10.0,園田,神影7ハロンC2二,5.0,7.0,園田,C2二,7.0,10.0,園田,県守7ハロンC2二,6.0,10.0,園田,C2三,74.1,10.0,,nar,2026-08-20,45.87,45.1,56.6,19.8,38.0,58.7,45.0,履歴少
202648082005,2026-08-20,5,メイショウキタダケ,5.0,5.0,,,,6.0,9.0,名古屋,C5組,4.0,7.0,名古屋,C5組,10.0,10.0,名古屋,金シャチ最終戦(C),7.0,8.0,名古屋,C5組,9.0,7.0,名古屋,C6組,,,,nar,2026-08-20,52.08,54.0,61.2,24.9,59.0,55.0,45.0,履歴少
202645082005,2026-08-20,5,モナークスラッガー,3.0,3.0,加藤雄真,55.0,,6.0,5.0,川崎,クロート賞(C2C3),2.0,6.0,川崎,C3一　二,4.0,4.0,浦和,草加せんべいパリポリ(C2),4.0,7.0,川崎,ヴェルザンディ賞(C2C3),4.0,4.0,浦和,特選(C2),22.6,8.0,,nar,2026-08-20,60.42,75.1,57.9,69.6,35.0,60.2,45.0,履歴少 / 安定感 / 市場オッズ妙味
202648082005,2026-08-20,5,モランゴ,6.0,6.0,丸山真一,55.0,,8.0,12.0,名古屋,C6組,11.0,12.0,名古屋,田原特別(C),11.0,8.0,名古屋,金シャチ最終戦(C),11.0,11.0,名古屋,四谷の千枚田特別(C),9.0,7.0,名古屋,犬山特別(C),55.0,11.0,,nar,2026-08-20,41.01,28.9,54.7,0.0,65.0,53.5,45.0,履歴少 / 近走上向き
202630082005,2026-08-20,5,ライトビーンズ,4.0,4.0,黒澤愛斗,55.0,,2.0,4.0,門別,JRA認定競走アタッ(未勝利)(2歳),3.0,4.0,門別,2歳未勝利(未勝利),8.0,6.0,門別,JRA認定競走アタッ(未勝利)(2歳),4.0,6.0,門別,JRA認定競走アタッ(未勝利)(2歳),4.0,6.0,門別,JRA認定競走アタッ(未勝利)(2歳),14.0,6.0,,nar,2026-08-20,66.18,76.5,56.7,80.2,66.5,64.5,45.0,履歴少 / 近走上向き / 安定感 / 市場オッズ妙味
202650082005,2026-08-20,5,ラブユーサクラ,1.0,1.0,田野豊三,55.0,,2.0,4.0,園田,網掛7ハロンC3一,3.0,1.0,園田,C3三,2.0,2.0,園田,C3一,6.0,8.0,園田,C3一,4.0,4.0,園田,C3一,8.3,5.0,,nar,2026-08-20,66.56,83.7,52.8,85.4,60.5,60.3,45.0,履歴少 / 安定感
202650082005,2026-08-20,5,リゴートゥー,7.0,7.0,廣瀬航,57.0,,3.0,1.0,園田,遠方7ハロンC3一,2.0,2.0,園田,C3二,5.0,5.0,園田,C3一,4.0,7.0,園田,C3一,3.0,2.0,園田,C3一,5.2,2.0,,nar,2026-08-20,65.25,81.7,48.1,100.0,53.0,57.0,45.0,履歴少 / 安定感
202630082005,2026-08-20,5,レギュム,8.0,7.0,桑村真明,55.0,,1.0,3.0,門別,2歳牝馬未勝利(未勝利),4.0,3.0,門別,2歳牝馬未勝利(未勝利),3.0,5.0,門別,2歳牝馬未勝利(未勝利),5.0,7.0,門別,JRA認定競走フレッ(新馬)(2歳),,,,,9.9,4.0,,nar,2026-08-20,70.0,84.6,58.2,89.7,68.0,63.8,45.0,履歴少 / 近走上向き / 安定感
202630082005,2026-08-20,5,レディオガール,3.0,3.0,石川倭,55.0,,4.0,6.0,門別,JRA認定競走アタッ(未勝利)(2歳),5.0,4.0,門別,2歳未勝利(未勝利),8.0,3.0,門別,2歳未勝利(未勝利),4.0,8.0,門別,JRA認定競走フレッ(新馬)(2歳),,,,,16.0,8.0,,nar,2026-08-20,59.63,66.7,49.6,69.9,60.0,63.9,45.0,履歴少 / 安定感 / 市場オッズ妙味
202630082005,2026-08-20,5,レディニキータ,9.0,8.0,宮内勇樹,55.0,,7.0,8.0,門別,JRA認定競走アタッ(未勝利)(2歳),1.0,3.0,門別,グランシャリオドリー(未勝利)(2歳),7.0,6.0,門別,JRA認定競走アタッ(未勝利)(2歳),10.0,4.0,門別,2歳牝馬未勝利(未勝利),6.0,5.0,門別,2歳牝馬未勝利(未勝利),14.9,7.0,,nar,2026-08-20,49.46,61.3,47.4,24.9,44.0,58.2,45.0,履歴少 / 市場オッズ妙味
202648082005,2026-08-20,5,ロジスクリーン,10.0,8.0,細川智史,55.0,,9.0,11.0,名古屋,C5組,9.0,7.0,名古屋,C5組,,,名古屋,C5組,4.0,5.0,名古屋,C5組,11.0,9.0,名古屋,金シャチ最終戦(C),11.6,8.0,,nar,2026-08-20,43.81,41.2,50.4,14.6,44.0,61.7,45.0,履歴少
202645082005,2026-08-20,5,ヴァッツマン,2.0,2.0,佐野遥久,57.0,,3.0,4.0,川崎,クロート賞(C2C3),6.0,7.0,川崎,キャビア賞(C2),4.0,6.0,川崎,ソルスティツィオ賞(C2),4.0,10.0,船橋,タマシギ特別(C2),13.0,12.0,川崎,ワルキューレ賞(C2),7.6,4.0,,nar,2026-08-20,63.65,67.0,62.0,64.7,72.5,64.5,45.0,履歴少 / 近走上向き / 安定感
202650082006,2026-08-20,6,アースジュエル,2.0,2.0,永井孝典,55.0,,7.0,8.0,園田,C2二,6.0,6.0,園田,C2二,12.0,12.0,川崎,ラファール賞(3歳),11.0,11.0,浦和,ツイントップ特別(3歳),11.0,6.0,川崎,リュフトヒエン賞(3歳),42.4,10.0,,nar,2026-08-20,42.49,38.1,48.5,0.0,68.0,53.7,45.0,履歴少 / 近走上向き / 市場オッズ妙味
202645082006,2026-08-20,6,ウインレアリゼ,6.0,5.0,岡村健司,54.0,,10.0,4.0,川崎,迅速賞(C1),8.0,3.0,川崎,仙人草賞(C1),10.0,11.0,1新潟4,4歳以上1勝クラス,12.0,12.0,1中京4,4歳以上1勝クラス,16.0,12.0,1阪神3,4歳以上1勝クラス,34.4,9.0,,nar,2026-08-20,32.16,26.8,27.0,0.0,59.0,47.2,45.0,履歴少 / 市場オッズ妙味
202650082006,2026-08-20,6,ウエルカムキリシマ,7.0,7.0,塩津璃菜,51.0,,1.0,4.0,園田,C3,3.0,5.0,園田,C3,4.0,3.0,園田,C3一,7.0,6.0,園田,C3一,6.0,7.0,園田,出水ダッシュC2二,4.3,2.0,,nar,2026-08-20,67.03,80.1,58.2,75.1,74.0,58.8,45.0,履歴少 / 近走上向き / 安定感
202648082006,2026-08-20,6,エイシンハトホル,1.0,1.0,大畑慧悟,55.0,,11.0,9.0,名古屋,金シャチ最終戦777(C),7.0,5.0,名古屋,C5組,5.0,6.0,名古屋,金シャチ最終戦(C),6.0,9.0,名古屋,C5組,1.0,1.0,名古屋,C17組,71.5,10.0,,nar,2026-08-20,42.75,51.6,46.7,30.1,12.5,53.5,45.0,履歴少
202650082006,2026-08-20,6,エイシンリール,3.0,3.0,大山真吾,55.0,,9.0,7.0,園田,3歳C1C2,8.0,4.0,園田,3歳C1,1.0,1.0,園田,3歳C2,8.0,3.0,園田,3歳C2二,2.0,2.0,園田,京都美山の牛乳ようけ(C1C2),18.2,7.0,,nar,2026-08-20,42.97,57.6,33.7,30.1,24.5,55.1,45.0,履歴少 / 市場オッズ妙味
202650082006,2026-08-20,6,エイラク,6.0,6.0,小牧太,55.0,,6.0,4.0,園田,C2一,5.0,6.0,園田,C2一,2.0,3.0,園田,C2二,1.0,2.0,園田,米地ダッシュC3,2.0,1.0,園田,C3一,3.0,1.0,,nar,2026-08-20,57.48,77.5,49.2,69.6,29.0,54.7,45.0,履歴少 / 安定感
202630082006,2026-08-20,6,エコロラグナ,11.0,8.0,小野楓馬,55.0,,,,,,,,,,,,,,,,,,,,,,5.7,1.0,,nar,2026-08-20,36.0,35.0,35.0,35.0,35.0,35.0,45.0,履歴少
202645082006,2026-08-20,6,エスジースパークル,7.0,5.0,神尾香澄,52.0,,2.0,6.0,川崎,ファイナルアンサー賞(C1),7.0,10.0,川崎,仙人草賞(C1),12.0,10.0,川崎,C1一　二,6.0,9.0,川崎,花菱草賞(C1),10.0,12.0,川崎,C1一　二,26.8,8.0,,nar,2026-08-20,58.9,54.9,65.5,30.4,90.5,62.8,45.0,履歴少 / 人気以上に走る傾向 / 近走上向き / 市場オッズ妙味
202630082006,2026-08-20,6,カンノンロイヤル,8.0,6.0,松井伸也,55.0,,,,,,,,,,,,,,,,,,,,,,19.2,12.0,,nar,2026-08-20,36.0,35.0,35.0,35.0,35.0,35.0,45.0,履歴少
202630082006,2026-08-20,6,キジルクーム,3.0,3.0,藤田凌駕,53.0,,,,,,,,,,,,,,,,,,,,,,11.3,8.0,,nar,2026-08-20,36.0,35.0,35.0,35.0,35.0,35.0,45.0,履歴少
202630082006,2026-08-20,6,クィーンズファミリ,1.0,1.0,石川倭,55.0,,,,,,,,,,,,,,,,,,,,,,9.7,5.0,,nar,2026-08-20,36.0,35.0,35.0,35.0,35.0,35.0,45.0,履歴少
202650082006,2026-08-20,6,クレスコハルカ,5.0,5.0,杉浦健太,55.0,,10.0,11.0,園田,C2二,1.0,6.0,園田,C3二,7.0,6.0,園田,弦谷スプリント3歳C(C2),7.0,3.0,園田,3歳C2,7.0,7.0,園田,栢野ダッシュ3歳C1(C1C2),18.3,8.0,,nar,2026-08-20,48.46,56.7,55.4,24.9,23.0,64.6,45.0,履歴少 / 市場オッズ妙味
202645082006,2026-08-20,6,クレバス,9.0,6.0,佐野遥久,54.0,,8.0,8.0,川崎,迅速賞(C1),8.0,5.0,川崎,桜草賞(C1),7.0,6.0,川崎,千両賞(C1),1.0,4.0,川崎,ありがとう山崎誠士騎(C1),5.0,3.0,川崎,C1三　四五(C1四),25.8,7.0,,nar,2026-08-20,45.66,56.2,45.0,24.9,33.5,54.3,45.0,履歴少 / 市場オッズ妙味
202648082006,2026-08-20,6,ザボドフスキー,6.0,5.0,加藤誓二,57.0,,6.0,9.0,名古屋,C5組,8.0,12.0,名古屋,渥美半島特別(C),6.0,11.0,船橋,馬い!熊本菊池水田ご(C2),11.0,11.0,船橋,C2七　八九　ア(C2八),10.0,12.0,船橋,C2九　十,59.9,9.0,,nar,2026-08-20,51.58,46.9,71.7,0.0,66.5,62.6,45.0,履歴少 / 人気以上に走る傾向 / 近走上向き
202648082006,2026-08-20,6,シャンドネージュ,9.0,7.0,丹羽克輝,55.0,,3.0,4.0,名古屋,C6組,3.0,6.0,名古屋,伊良湖疾風戦(C),1.0,3.0,名古屋,金シャチ最終戦(C),10.0,9.0,名古屋,たつや&ともみ2周年(C),8.0,6.0,名古屋,C19組,14.4,5.0,,nar,2026-08-20,64.97,74.9,57.7,75.1,65.0,63.3,45.0,履歴少 / 近走上向き / 安定感 / 市場オッズ妙味
202648082006,2026-08-20,6,シヴァールバーニ,11.0,8.0,塚本征吾,57.0,,14.0,16.0,2小倉5,3歳以上1勝クラス,10.0,10.0,3京都6,4歳以上1勝クラス,13.0,15.0,1福島5,4歳以上1勝クラス,1.0,1.0,笠松,かとくに&かれしちゃ(C),3.0,2.0,笠松,平湯温泉特別(C),1.5,1.0,,nar,2026-08-20,37.99,31.0,56.3,24.9,6.5,53.7,45.0,履歴少
202648082006,2026-08-20,6,スイートゥンビター,5.0,5.0,木之前葵,53.0,,1.0,3.0,名古屋,C9組,,2.0,名古屋,C12組,3.0,5.0,名古屋,C16組,2.0,2.0,名古屋,C17組,2.0,1.0,名古屋,C20組,8.0,2.0,,nar,2026-08-20,69.14,93.1,58.4,75.1,58.0,61.3,45.0,履歴少 / 安定感
202650082006,2026-08-20,6,スカイライズ,1.0,1.0,田野豊三,55.0,,1.0,1.0,園田,C3二,5.0,3.0,園田,C3二,6.0,1.0,園田,3歳C2,3.0,4.0,園田,奥海ダッシュ3歳C2,3.0,4.0,園田,3歳C2,12.1,6.0,,nar,2026-08-20,62.86,80.1,41.3,80.2,69.5,57.4,45.0,履歴少 / 近走上向き / 安定感 / 市場オッズ妙味
202648082006,2026-08-20,6,セブンスプリングス,2.0,2.0,筒井勇介,57.0,,4.0,3.0,名古屋,C5組,7.0,5.0,名古屋,C5組,1.0,5.0,名古屋,金シャチ最終戦(C),3.0,3.0,名古屋,C12組,,,名古屋,C20組,10.5,4.0,,nar,2026-08-20,59.78,75.9,49.9,64.7,48.0,60.8,45.0,履歴少 / 安定感
202645082006,2026-08-20,6,ダテオトコ,4.0,4.0,矢野貴之,55.0,,4.0,1.0,川崎,キリマンジェロ賞(C1),1.0,1.0,川崎,赤翡翠賞(3歳),2.0,1.0,川崎,三光鳥賞(3歳),1.0,2.0,川崎,ダイヤモンドフラワー(3歳),6.0,6.0,2京都5,3歳未勝利,2.4,1.0,,nar,2026-08-20,62.17,87.0,43.3,89.7,41.0,51.8,45.0,履歴少 / 安定感
202645082006,2026-08-20,6,ダンタリオン,11.0,7.0,御神本訓,56.0,,6.0,10.0,大井,C1三　四五(C1四),7.0,4.0,大井,C1三　四五(C1四),6.0,4.0,大井,パリジャン賞(C1四),6.0,10.0,大井,がんばれ!関東の酪農(C1四),5.0,4.0,大井,C1三　四五(C1四),8.9,4.0,,nar,2026-08-20,49.63,58.8,53.9,10.3,50.0,60.6,45.0,履歴少
202630082006,2026-08-20,6,テンビーキャッスル,7.0,6.0,岩橋勇二,55.0,,,,,,,,,,,,,,,,,,,,,,11.6,9.0,,nar,2026-08-20,36.0,35.0,35.0,35.0,35.0,35.0,45.0,履歴少
202648082006,2026-08-20,6,デルマガニメデ,10.0,7.0,大畑雅章,57.0,,,5.0,名古屋,C5組,2.0,2.0,名古屋,金シャチ最終戦777(C),6.0,4.0,名古屋,C5組,2.0,5.0,名古屋,金シャチ最終戦(C),5.0,6.0,名古屋,C8組,9.1,3.0,,nar,2026-08-20,61.28,79.4,51.5,49.8,64.0,61.0,45.0,履歴少
202648082006,2026-08-20,6,トークダウン,7.0,6.0,友森翔太,57.0,,12.0,12.0,名古屋,金シャチ最終戦777(C),11.0,12.0,名古屋,C5組,5.0,11.0,名古屋,金シャチ最終戦777(C),7.0,8.0,名古屋,C5組,5.0,8.0,名古屋,C6組,122.9,11.0,,nar,2026-08-20,44.45,36.7,63.2,30.1,20.0,60.6,45.0,履歴少
202630082006,2026-08-20,6,トーケンリッキー,12.0,8.0,亀井洋司,55.0,,,,,,,,,,,,,,,,,,,,,,9.6,4.0,,nar,2026-08-20,36.0,35.0,35.0,35.0,35.0,35.0,45.0,履歴少
202650082006,2026-08-20,6,ニシノミニョンヌ,8.0,7.0,廣瀬航,55.0,,11.0,10.0,園田,C2二,5.0,4.0,園田,C2二,6.0,4.0,園田,C2,1.0,1.0,園田,C3三,5.0,1.0,園田,C3二,7.1,4.0,,nar,2026-08-20,44.59,56.5,40.5,49.8,9.5,53.1,45.0,履歴少
202648082006,2026-08-20,6,ノイアーターク,3.0,3.0,細川智史,57.0,,10.0,11.0,名古屋,金シャチ最終戦777(C),9.0,11.0,名古屋,田原特別(C),8.0,10.0,名古屋,三ヶ根山特別(C),4.0,8.0,名古屋,C3組,8.0,9.0,名古屋,C3組,128.4,12.0,,nar,2026-08-20,45.54,41.8,63.2,14.6,33.5,60.0,45.0,履歴少
202648082006,2026-08-20,6,ノヴァエスペランサ,12.0,8.0,渡辺竜也,57.0,,2.0,5.0,名古屋,りんご2歳のお誕生日(C),5.0,7.0,名古屋,C7組,,,名古屋,金シャチ最終戦(C),11.0,6.0,名古屋,C3組,10.0,2.0,名古屋,C4組,17.0,7.0,,nar,2026-08-20,59.11,63.2,48.7,55.3,90.0,55.6,45.0,履歴少 / 近走上向き / 市場オッズ妙味
202648082006,2026-08-20,6,パープルルージュ,8.0,6.0,丸野勝虎,55.0,,6.0,4.0,名古屋,南陽賞(C),2.0,8.0,名古屋,C6組,11.0,10.0,名古屋,恋路ヶ浜賞(C),9.0,8.0,名古屋,金シャチ最終戦(C),3.0,4.0,名古屋,C6組,16.3,6.0,,nar,2026-08-20,53.47,59.1,54.5,35.3,51.5,63.8,45.0,履歴少 / 市場オッズ妙味
202648082006,2026-08-20,6,ヒダサワヤカ,4.0,4.0,小笠原羚,52.0,,7.0,4.0,名古屋,金シャチ最終戦777(C),7.0,9.0,名古屋,田原特別(C),12.0,6.0,名古屋,平原灯姫特別(C),4.0,7.0,名古屋,C3組,4.0,9.0,名古屋,アジア・アジアパラ応(C),37.6,8.0,,nar,2026-08-20,46.22,50.1,45.5,24.9,48.5,56.9,45.0,履歴少 / 市場オッズ妙味
202650082006,2026-08-20,6,フークホワリエン,10.0,8.0,高橋洸佑,52.0,,9.0,5.0,園田,C2二,4.0,3.0,園田,3歳C1C2,4.0,3.0,園田,3歳C1,4.0,6.0,園田,3歳C1二,1.0,1.0,園田,追入ダッシュ3歳C2,8.6,5.0,,nar,2026-08-20,50.9,66.3,40.4,69.6,15.5,56.6,45.0,履歴少 / 安定感
202645082006,2026-08-20,6,ブラックトルマリン,12.0,8.0,野畑凌,55.0,,,,川崎,納涼賞(C1),2.0,2.0,川崎,かながわ綾瀬のへそ祭(C1),1.0,1.0,川崎,黄連雀賞(3歳),1.0,1.0,川崎,3歳8,2.0,1.0,川崎,スパーキングデビュー(2歳),3.4,2.0,,nar,2026-08-20,64.6,95.9,49.0,69.6,46.0,54.4,45.0,履歴少 / 安定感
202645082006,2026-08-20,6,ブルムーンストーン,1.0,1.0,古岡勇樹,55.0,,11.0,10.0,川崎,エベレスト賞(C1),10.0,8.0,川崎,ブラックジャック賞(C1),5.0,5.0,川崎,青葉木菟特別(3歳),1.0,9.0,川崎,大瑠璃賞(3歳),11.0,13.0,川崎,頬白賞(3歳),44.8,10.0,,nar,2026-08-20,45.12,43.1,54.0,34.3,24.5,60.9,45.0,履歴少 / 市場オッズ妙味
202630082006,2026-08-20,6,プロメッサヘーザ,2.0,2.0,金山昇馬,55.0,,,,,,,,,,,,,,,,,,,,,,14.2,11.0,,nar,2026-08-20,36.0,35.0,35.0,35.0,35.0,35.0,45.0,履歴少
202630082006,2026-08-20,6,ベストカーラ,6.0,5.0,落合玄太,55.0,,,,,,,,,,,,,,,,,,,,,,8.6,3.0,,nar,2026-08-20,36.0,35.0,35.0,35.0,35.0,35.0,45.0,履歴少
202645082006,2026-08-20,6,ペータース,10.0,7.0,西啓太,54.0,,9.0,4.0,川崎,エベレスト賞(C1),3.0,5.0,川崎,ブラックジャック賞(C1),6.0,10.0,川崎,スフィーダ賞(C1),7.0,3.0,浦和,月見草特別(C1),9.0,7.0,川崎,イーリス賞(C1),18.9,5.0,,nar,2026-08-20,45.47,55.0,42.9,24.9,33.5,59.0,45.0,履歴少 / 市場オッズ妙味
202645082006,2026-08-20,6,ホシニネガイヲ,8.0,6.0,伊藤裕人,54.0,,7.0,8.0,川崎,ファイナルアンサー賞(C1),11.0,9.0,浦和,第78回小川町七夕ま(C1),7.0,9.0,浦和,栗橋宿特別(C1),11.0,9.0,船橋,サムライスプリント(C1),10.0,8.0,浦和,薫風特別(B3C1),45.4,11.0,,nar,2026-08-20,41.91,36.9,47.9,0.0,66.5,54.3,45.0,履歴少 / 近走上向き / 市場オッズ妙味
202645082006,2026-08-20,6,マイアミ,3.0,3.0,和田譲治,56.0,,8.0,9.0,川崎,百日紅賞(C1),10.0,4.0,川崎,千両賞(C1),2.0,10.0,川崎,キリマンジャロ賞(C1二),11.0,7.0,川崎,バーボン賞(C1二),5.0,7.0,船橋,玄武特別(C1二),22.9,6.0,,nar,2026-08-20,46.96,48.5,50.1,30.1,44.0,56.9,45.0,履歴少 / 市場オッズ妙味
202650082006,2026-08-20,6,マイティスカイ,4.0,4.0,竹村達也,55.0,,6.0,7.0,園田,C2二,7.0,7.0,園田,C2二,1.0,3.0,園田,3歳C2,7.0,8.0,園田,奥海ダッシュ3歳C2,5.0,7.0,園田,3歳C2,21.6,9.0,,nar,2026-08-20,53.94,65.6,57.4,30.1,44.0,60.2,45.0,履歴少 / 市場オッズ妙味
202630082006,2026-08-20,6,ミスプランセス,10.0,7.0,桑村真明,55.0,,,,,,,,,,,,,,,,,,,,,,10.2,7.0,,nar,2026-08-20,36.0,35.0,35.0,35.0,35.0,35.0,45.0,履歴少
202650082006,2026-08-20,6,メッチャエエヤン,9.0,8.0,山本咲希,56.0,,8.0,2.0,園田,C2二,5.0,2.0,笠松,垂井宿特別(3歳),9.0,7.0,2阪神7,3歳未勝利,8.0,7.0,1阪神6,3歳未勝利,9.0,7.0,1小倉5,3歳未勝利,5.8,3.0,,nar,2026-08-20,39.83,47.6,26.8,24.9,48.5,48.4,45.0,履歴少
202630082006,2026-08-20,6,メローニ,4.0,4.0,山本聡哉,55.0,,,,,,,,,,,,,,,,,,,,,,5.8,2.0,,nar,2026-08-20,36.0,35.0,35.0,35.0,35.0,35.0,45.0,履歴少
202645082006,2026-08-20,6,ライヴペッパー,5.0,4.0,藤本現暉,56.0,,7.0,9.0,川崎,烈火賞(C1),7.0,5.0,川崎,閃光賞(C1),7.0,7.0,川崎,千軍万馬賞(B2B3),3.0,6.0,川崎,紅玉賞(C1),6.0,4.0,川崎,小手毬賞(C1),54.6,12.0,,nar,2026-08-20,47.6,57.5,52.4,14.6,42.5,54.1,45.0,履歴少
202630082006,2026-08-20,6,リコークックー,9.0,7.0,服部茂史,55.0,,,,,,,,,,,,,,,,,,,,,,12.1,10.0,,nar,2026-08-20,36.0,35.0,35.0,35.0,35.0,35.0,45.0,履歴少
202630082006,2026-08-20,6,レディタマ,5.0,5.0,宮内勇樹,55.0,,,,,,,,,,,,,,,,,,,,,,10.1,6.0,,nar,2026-08-20,36.0,35.0,35.0,35.0,35.0,35.0,45.0,履歴少
202645082006,2026-08-20,6,ロクノレインボー,2.0,2.0,町田直希,55.0,,3.0,3.0,川崎,早涼賞(C1),5.0,5.0,浦和,ポピー特別(3歳),5.0,3.0,川崎,不如帰特別(3歳),7.0,5.0,川崎,エイプリルフラワー賞(3歳),1.0,2.0,浦和,3歳二,6.9,3.0,,nar,2026-08-20,61.4,73.8,45.9,85.4,59.0,56.3,45.0,履歴少 / 安定感
202645082006,2026-08-20,6,ヴォラーレ,13.0,8.0,池谷匠翔,56.0,,7.0,7.0,川崎,納涼賞(C1),6.0,4.0,川崎,かながわ綾瀬のへそ祭(C1),6.0,12.0,川崎,C1一　二,16.0,16.0,2東京7,4歳以上1勝クラス,15.0,15.0,2東京4,4歳以上1勝クラス,88.9,13.0,,nar,2026-08-20,46.14,42.6,54.8,0.0,72.5,56.1,45.0,履歴少 / 近走上向き
202650082007,2026-08-20,7,アイムアクイーン,9.0,8.0,下原理,55.0,,1.0,1.0,園田,守道7ハロンC3一,2.0,2.0,園田,莇野7ハロンC3一,1.0,4.0,姫路,C2一,2.0,2.0,姫路,C2一,3.0,4.0,姫路,C2一,1.8,1.0,,nar,2026-08-20,70.76,95.2,54.9,100.0,56.0,55.1,45.0,履歴少 / 安定感
202645082007,2026-08-20,7,アトラスライズ,2.0,2.0,張田昂,54.0,,6.0,4.0,川崎,納涼賞(C1),4.0,3.0,川崎,かながわ綾瀬のへそ祭(C1),7.0,8.0,川崎,C1一　二,3.0,12.0,川崎,開成町賞(C1),11.0,11.0,船橋,こどもの日スプリント(C1),14.7,7.0,,nar,2026-08-20,55.06,61.8,54.6,39.5,51.5,66.0,45.0,履歴少 / 過小評価傾向 / 市場オッズ妙味
202645082007,2026-08-20,7,アルティメット,5.0,5.0,中越琉世,54.0,,8.0,7.0,川崎,早涼賞(C1),5.0,5.0,川崎,かながわ綾瀬のへそ祭(C1),10.0,10.0,川崎,C1一　二,4.0,10.0,川崎,花菱草賞(C1),,10.0,川崎,C1一　二,73.3,11.0,,nar,2026-08-20,49.83,52.4,54.5,39.5,40.0,57.6,45.0,履歴少
202630082007,2026-08-20,7,アンジュマロン,3.0,3.0,小野楓馬,55.0,,12.0,3.0,浦和,C2六,3.0,5.0,浦和,C2五　六,6.0,6.0,浦和,ティータイムレディー(3歳),5.0,1.0,浦和,3歳四,1.0,2.0,浦和,3歳七,16.6,3.0,,nar,2026-08-20,41.61,56.7,31.0,49.8,0.5,55.5,45.0,履歴少 / 市場オッズ妙味
202650082007,2026-08-20,7,イザベラサンライズ,1.0,1.0,新庄海誠,55.0,,6.0,7.0,金沢,3歳A　3,6.0,8.0,金沢,星奈ちゃん1歳お誕生(3歳),10.0,9.0,金沢,3歳A　3,7.0,5.0,金沢,3歳A　2,1.0,2.0,金沢,3歳B　5特編(3歳5),154.5,10.0,,nar,2026-08-20,47.88,56.6,52.9,10.3,50.0,54.1,45.0,履歴少
202645082007,2026-08-20,7,イルフロッタント,8.0,7.0,和田譲治,53.0,,5.0,6.0,川崎,睡蓮賞(C1),7.0,7.0,川崎,姫百合賞(C1),8.0,4.0,川崎,青葉木菟特別(3歳),4.0,2.0,川崎,カサブランカOP(3歳),8.0,8.0,名古屋,東海クイーンC(重賞),10.7,6.0,,nar,2026-08-20,52.04,58.0,44.6,45.0,60.5,56.8,45.0,履歴少
202648082007,2026-08-20,7,ウィルマッチ,11.0,8.0,加藤聡一,55.0,,10.0,8.0,名古屋,C4組,1.0,3.0,名古屋,金シャチ最終戦777(C),4.0,8.0,名古屋,C9組,8.0,7.0,名古屋,C10組,7.0,8.0,名古屋,C15組,22.2,6.0,,nar,2026-08-20,50.45,60.2,54.5,44.7,20.0,58.9,45.0,履歴少 / 市場オッズ妙味
202648082007,2026-08-20,7,オールオンフリーク,2.0,2.0,望月洵輝,55.0,,8.0,10.0,名古屋,南陽賞(C),11.0,10.0,名古屋,C4組,9.0,10.0,名古屋,駆け上がれ!しゃちほ(B),10.0,9.0,名古屋,君枝&翔結婚12周年(B),8.0,7.0,名古屋,祝奥村部長還暦(B),62.2,10.0,,nar,2026-08-20,41.13,34.1,52.1,0.0,59.0,53.5,45.0,履歴少
202630082007,2026-08-20,7,オールスパイス,2.0,2.0,黒澤愛斗,55.0,,10.0,10.0,門別,社会貢献×門別うまレ(C3),8.0,7.0,門別,3歳以上C3ー2C4,7.0,8.0,門別,3歳以上C3ー2C4,6.0,7.0,門別,3歳以上C3ー2C4,7.0,6.0,門別,グランシャリオドリー(C3),404.1,9.0,,nar,2026-08-20,40.1,43.9,49.9,0.0,32.0,53.5,45.0,履歴少
202630082007,2026-08-20,7,キミノナハオリョウ,6.0,6.0,服部茂史,55.0,,1.0,1.0,門別,平取町軽種馬生産振興(C4),9.0,8.0,1函館7,3歳以上1勝クラス,9.0,9.0,1函館4,3歳未勝利,7.0,11.0,1小倉10,3歳未勝利,13.0,9.0,5阪神5,2歳未勝利,1.3,1.0,,nar,2026-08-20,54.33,54.5,49.4,30.4,100.0,50.5,45.0,履歴少 / 近走上向き
202650082007,2026-08-20,7,クレスコウェイ,4.0,4.0,杉浦健太,57.0,,9.0,3.0,園田,C2二,3.0,2.0,園田,C2二,1.0,1.0,園田,C3,5.0,2.0,園田,C3三,2.0,1.0,園田,C3四,21.3,7.0,,nar,2026-08-20,48.74,71.1,31.7,69.6,12.5,49.1,45.0,履歴少 / 安定感 / 市場オッズ妙味
202645082007,2026-08-20,7,ササキントモゴロウ,1.0,1.0,町田直希,55.0,,6.0,5.0,川崎,百日紅賞(C1),3.0,3.0,川崎,あやせオープンファク(C1),3.0,6.0,川崎,青葉木菟特別(3歳),9.0,9.0,船橋,海風スプリント(3歳),1.0,4.0,川崎,ブリーズ賞(3歳),5.1,2.0,,nar,2026-08-20,57.07,71.4,54.2,55.0,38.0,60.2,45.0,履歴少
202648082007,2026-08-20,7,サンフローリス,4.0,4.0,大原浩司,55.0,,9.0,10.0,名古屋,金シャチ最終戦777(C),6.0,11.0,名古屋,C4組,7.0,9.0,名古屋,ちひろとはると付き合(B),5.0,8.0,名古屋,碧南特別(C),7.0,9.0,名古屋,犬山特別(C),78.4,11.0,,nar,2026-08-20,49.7,51.5,68.1,14.6,33.5,62.0,45.0,履歴少 / 人気以上に走る傾向
202648082007,2026-08-20,7,シャイニングウェイ,10.0,7.0,友森翔太,55.0,,5.0,10.0,名古屋,C5組,11.0,10.0,名古屋,渥美半島特別(C),8.0,6.0,名古屋,金シャチ最終戦(C),7.0,9.0,名古屋,四谷の千枚田特別(C),10.0,10.0,名古屋,高浜特別(C),28.7,7.0,,nar,2026-08-20,51.79,44.8,58.2,30.4,74.0,58.9,45.0,履歴少 / 近走上向き / 市場オッズ妙味
202650082007,2026-08-20,7,シャンクスレガシー,3.0,3.0,佐々木世,53.0,,12.0,8.0,園田,C2,9.0,2.0,園田,春哉7ハロンC2三,12.0,9.0,3京都11,3歳未勝利,2.0,3.0,名古屋,名古屋CCメロン賞(3歳),12.0,13.0,1阪神4,3歳未勝利,11.1,4.0,,nar,2026-08-20,32.01,29.7,26.9,14.6,30.5,52.4,45.0,履歴少
202630082007,2026-08-20,7,スタンピー,8.0,8.0,落合玄太,55.0,,14.0,14.0,1函館12,3歳以上1勝クラス,8.0,8.0,1函館8,3歳以上1勝クラス,9.0,7.0,1中京3,4歳以上1勝クラス,9.0,8.0,1中京1,4歳以上1勝クラス,13.0,4.0,5中京3,3歳以上1勝クラス,4.1,2.0,,nar,2026-08-20,30.37,23.7,39.7,0.0,24.5,48.2,45.0,履歴少
202648082007,2026-08-20,7,スターロード,7.0,6.0,加藤利征,57.0,,5.0,8.0,名古屋,金シャチ最終戦777(C),10.0,12.0,名古屋,西尾大空特別(C),8.0,11.0,名古屋,金シャチ最終戦(C),5.0,9.0,名古屋,菖蒲月疾風特別(C),8.0,8.0,名古屋,C3組,42.6,8.0,,nar,2026-08-20,57.42,50.8,68.1,45.0,66.5,64.1,45.0,履歴少 / 人気以上に走る傾向 / 近走上向き / 市場オッズ妙味
202648082007,2026-08-20,7,セイスイミリオン,9.0,7.0,大畑慧悟,57.0,,4.0,4.0,名古屋,C5組,1.0,1.0,名古屋,梅之郷賞(C),2.0,1.0,名古屋,C9組,4.0,3.0,名古屋,白のアイドル生誕6周(C),9.0,7.0,3新潟4,3歳未勝利,2.8,1.0,,nar,2026-08-20,62.27,81.0,46.1,89.7,50.0,51.8,45.0,履歴少 / 安定感
202648082007,2026-08-20,7,ソブリンルーラー,6.0,5.0,山田祥雄,57.0,,9.0,11.0,名古屋,南陽賞(C),12.0,12.0,名古屋,C4組,12.0,12.0,名古屋,駆け上がれ!しゃちほ(B),10.0,10.0,名古屋,ちひろとはると付き合(B),12.0,12.0,名古屋,君枝&翔結婚12周年(B),155.1,12.0,,nar,2026-08-20,39.05,21.6,54.3,0.0,65.0,54.8,45.0,履歴少 / 近走上向き
202645082007,2026-08-20,7,タケノロイヤル,3.0,3.0,鷹見陸,54.0,,3.0,3.0,川崎,睡蓮賞(C1),4.0,3.0,川崎,姫百合賞(C1),13.0,12.0,川崎,手鞠花特別(B3二),5.0,3.0,川崎,開成町賞(C1),2.0,7.0,川崎,初詣賞(C1),7.0,4.0,,nar,2026-08-20,60.28,64.7,48.4,80.2,68.0,58.9,45.0,履歴少 / 近走上向き / 安定感
202645082007,2026-08-20,7,タッカーバリアント,11.0,8.0,古岡勇樹,56.0,,4.0,6.0,川崎,百日紅賞(C1),3.0,4.0,川崎,花菱草賞(C1),10.0,5.0,川崎,桜草賞(C1),5.0,10.0,浦和,ブラッドストーン特別(C1),12.0,5.0,川崎,鳴門賞(C1),5.9,3.0,,nar,2026-08-20,57.9,60.7,49.1,69.9,71.0,55.0,45.0,履歴少 / 近走上向き / 安定感
202650082007,2026-08-20,7,トモココア,5.0,5.0,渡瀬和幸,55.0,,7.0,6.0,園田,C2二,1.0,2.0,園田,C3三,7.0,7.0,園田,C3一,3.0,7.0,姫路,C3一,2.0,6.0,姫路,C3二,108.1,9.0,,nar,2026-08-20,55.96,72.8,56.6,49.8,27.5,58.7,45.0,履歴少
202650082007,2026-08-20,7,ナムラオットー,10.0,8.0,塩津璃菜,52.0,,15.0,12.0,2小倉4,3歳未勝利,9.0,8.0,2阪神2,3歳未勝利,9.0,6.0,1中京1,3歳未勝利,4.0,10.0,1阪神2,3歳未勝利,5.0,13.0,2京都4,3歳未勝利,6.2,3.0,,nar,2026-08-20,37.76,34.2,49.6,24.9,0.5,62.3,45.0,履歴少
202648082007,2026-08-20,7,ナムラフィクサー,8.0,6.0,今井貴大,57.0,,1.0,3.0,名古屋,C9組,9.0,2.0,名古屋,C級6組,7.0,7.0,名古屋,セプテンバードリーム(3歳),1.0,1.0,名古屋,3歳3組,5.0,2.0,名古屋,亀島さん還暦おめでと(3歳),6.5,4.0,,nar,2026-08-20,57.29,71.3,39.9,55.3,77.0,52.8,45.0,履歴少 / 近走上向き
202650082007,2026-08-20,7,ナリタゲッコウ,6.0,6.0,井上幹太,55.0,,9.0,5.0,園田,古森7ハロンC2二,1.0,1.0,園田,C3四,3.0,2.0,園田,蒲江7ハロン3歳C2,2.0,4.0,園田,3歳C2二,,,,,22.3,8.0,,nar,2026-08-20,50.59,73.5,41.2,59.3,8.0,53.9,45.0,履歴少 / 市場オッズ妙味
202645082007,2026-08-20,7,ノーブルウィスパー,7.0,6.0,岡村裕基,54.0,,4.0,4.0,川崎,早涼賞(C1),4.0,5.0,川崎,あやせオープンファク(C1),5.0,8.0,川崎,C1一　二,9.0,7.0,川崎,花菱草賞(C1),6.0,5.0,川崎,C1一　二,15.4,8.0,,nar,2026-08-20,61.45,66.9,53.1,75.1,62.0,64.4,45.0,履歴少 / 安定感 / 市場オッズ妙味
202645082007,2026-08-20,7,フェイティアン,6.0,6.0,藤江渉,55.0,,4.0,8.0,川崎,エメラルドフラワー賞(3歳),6.0,9.0,船橋,ヤマブキスプリント(3歳未格),13.0,13.0,川崎,クラウンC(重賞),3.0,3.0,浦和,若草特別(3歳),1.0,3.0,川崎,雲雀賞(3歳),9.5,5.0,,nar,2026-08-20,60.41,61.4,65.2,55.3,60.5,65.4,45.0,履歴少 / 人気以上に走る傾向 / 過小評価傾向
202630082007,2026-08-20,7,フロンテアブライト,1.0,1.0,宮内勇樹,57.0,,4.0,8.0,門別,ヒマワリ特別(C3),8.0,6.0,門別,3歳以上C3ー2C4,3.0,6.0,門別,アポイ岳世界ジオパー(C3),1.0,4.0,門別,3歳以上C4ー2,6.0,3.0,門別,3歳以上C4ー2,18.1,4.0,,nar,2026-08-20,62.22,71.5,60.1,64.7,53.0,65.5,45.0,履歴少 / 安定感 / 過小評価傾向 / 市場オッズ妙味
202630082007,2026-08-20,7,ベリープラウド,4.0,4.0,阿部龍,55.0,,8.0,7.0,門別,ヒマワリ特別(C3),7.0,3.0,門別,3歳以上C3ー2C4,1.0,1.0,門別,3歳以上C4ー2,4.0,1.0,門別,3歳以上C4ー2,2.0,2.0,門別,3歳以上C4ー2,34.5,6.0,,nar,2026-08-20,47.53,66.7,37.8,44.7,23.0,51.1,45.0,履歴少 / 市場オッズ妙味
202645082007,2026-08-20,7,ボルドーティラミス,9.0,7.0,伊藤裕人,54.0,,7.0,8.0,川崎,早涼賞(C1),7.0,6.0,川崎,かながわ綾瀬のへそ祭(C1),11.0,9.0,川崎,C1一　二,7.0,5.0,浦和,双子座特別(C1),9.0,2.0,川崎,開成町賞(C1),65.0,10.0,,nar,2026-08-20,40.12,44.0,40.5,0.0,59.0,46.4,45.0,履歴少
202648082007,2026-08-20,7,マサハヤモーブ,3.0,3.0,大畑雅章,57.0,,1.0,1.0,名古屋,名古屋モーニングフィ(C),1.0,2.0,名古屋,C11組,7.0,7.0,名古屋,C18組,5.0,4.0,名古屋,C19組,2.0,5.0,名古屋,千歳賞(C),3.7,2.0,,nar,2026-08-20,66.66,85.0,52.9,80.2,66.5,57.5,45.0,履歴少 / 近走上向き / 安定感
202650082007,2026-08-20,7,マットーネロッソ,2.0,2.0,田野豊三,55.0,,6.0,7.0,園田,C2一,8.0,2.0,園田,C2,4.0,3.0,園田,C2一,3.0,3.0,園田,C2二,3.0,3.0,園田,C2一,16.7,5.0,,nar,2026-08-20,50.82,65.2,40.3,44.7,41.0,58.1,45.0,履歴少 / 市場オッズ妙味
202645082007,2026-08-20,7,マルモリアクティブ,4.0,4.0,野畑凌,54.0,,4.0,1.0,浦和,第78回小川町七夕ま(C1),7.0,1.0,川崎,桜草賞(C1),1.0,1.0,浦和,C1四,5.0,2.0,川崎,皆様に愛されて50年(C1),2.0,1.0,川崎,菜の花賞(C1),2.8,1.0,,nar,2026-08-20,53.88,75.2,29.4,75.1,48.5,45.9,45.0,履歴少 / 安定感
202648082007,2026-08-20,7,ミキノオーボエ,1.0,1.0,阪野学,55.0,,7.0,9.0,名古屋,南陽賞(C),10.0,8.0,名古屋,金シャチ最終戦777(C),10.0,5.0,名古屋,駆け上がれ!しゃちほ(B),9.0,6.0,名古屋,B13組,12.0,9.0,名古屋,B11組,46.8,9.0,,nar,2026-08-20,38.74,34.8,38.6,0.0,69.5,49.1,45.0,履歴少 / 近走上向き / 市場オッズ妙味
202648082007,2026-08-20,7,ミステンザン,5.0,5.0,加藤誓二,55.0,,3.0,1.0,笠松,秘密結社フローリス杯(C),3.0,4.0,名古屋,C7組,1.0,1.0,笠松,祝50歳第二章開幕!(C),11.0,7.0,名古屋,C8組,8.0,6.0,名古屋,しゅんさや結婚記念(C),16.1,5.0,,nar,2026-08-20,60.21,73.7,42.0,75.1,66.5,57.3,45.0,履歴少 / 近走上向き / 安定感 / 市場オッズ妙味
202630082007,2026-08-20,7,ミッションアイズ,9.0,8.0,金山昇馬,57.0,,9.0,10.0,門別,ヒマワリ特別(C3),11.0,12.0,門別,3歳以上C3ー2C4,7.0,9.0,門別,アポイ岳世界ジオパー(C3),4.0,5.0,門別,3歳以上C3ー2C4,6.0,9.0,名古屋,C6組,191.4,8.0,,nar,2026-08-20,45.56,43.5,59.8,14.6,38.0,58.7,45.0,履歴少
202650082007,2026-08-20,7,ミライチケット,8.0,7.0,廣瀬航,55.0,,6.0,5.0,園田,C2一,10.0,3.0,園田,C2二,2.0,4.0,園田,3歳C1二,11.0,13.0,3京都11,3歳未勝利,15.0,10.0,2阪神2,3歳未勝利,18.0,6.0,,nar,2026-08-20,45.1,46.3,36.9,19.8,71.0,56.4,45.0,履歴少 / 近走上向き / 市場オッズ妙味
202648082007,2026-08-20,7,メイショウイチモン,12.0,8.0,近藤颯羽,54.0,,4.0,2.0,名古屋,南陽賞(C),3.0,3.0,名古屋,C5組,12.0,2.0,名古屋,西尾大空特別(C),2.0,2.0,名古屋,勢マスターお誕生日(C),1.0,1.0,名古屋,福寿草賞(C),4.2,3.0,,nar,2026-08-20,54.56,70.2,31.9,80.2,53.0,48.3,45.0,履歴少 / 安定感
202630082007,2026-08-20,7,メレサンク,5.0,5.0,石川倭,55.0,,5.0,5.0,門別,ヒマワリ特別(C3),4.0,4.0,門別,アポイ岳世界ジオパー(C3),7.0,5.0,門別,ヤマボウシ特別(C3),10.0,4.0,門別,グランシャリオドリー(C3),,,門別,ステラヴェローチェ賞(C3),19.5,5.0,,nar,2026-08-20,52.86,60.2,40.1,55.3,62.0,55.8,45.0,履歴少 / 市場オッズ妙味
202650082007,2026-08-20,7,モイスチャー,7.0,7.0,吉村智洋,57.0,,1.0,1.0,園田,C3,4.0,1.0,園田,C3,3.0,7.0,園田,C2一,12.0,9.0,園田,淡河スプリントC2,7.0,7.0,園田,ガーベラ賞C2,4.4,2.0,,nar,2026-08-20,62.96,73.1,47.2,75.1,83.0,55.0,45.0,履歴少 / 近走上向き / 安定感
202645082007,2026-08-20,7,ラヴィンローゼス,10.0,8.0,櫻井光輔,54.0,,11.0,11.0,川崎,烈火賞(C1),6.0,7.0,川崎,あやせオープンファク(C1),5.0,7.0,川崎,駿逸賞(C1),2.0,9.0,船橋,イナヅマダッシュ(C1),6.0,10.0,川崎,青玉賞(C1),40.8,9.0,,nar,2026-08-20,49.92,54.1,64.6,34.3,12.5,65.4,45.0,履歴少 / 過小評価傾向 / 市場オッズ妙味
202630082007,2026-08-20,7,ヴィクターアーク,7.0,7.0,松井伸也,55.0,,8.0,7.0,門別,優駿の里安平町アサヒ(C3),6.0,6.0,門別,函館競馬場開設130(C3),9.0,9.0,門別,ビアパーティーAib(C3),9.0,10.0,門別,オオデマリ特別(C3),11.0,11.0,門別,ミズバショウ特別(C3),191.4,7.0,,nar,2026-08-20,42.24,42.8,48.9,0.0,54.5,53.5,45.0,履歴少
202645082008,2026-08-20,8,アイノシャンティー,3.0,3.0,鷹見陸,54.0,,4.0,5.0,川崎,睡蓮賞(C1),6.0,6.0,川崎,ブラックジャック賞(C1),4.0,3.0,川崎,スフィーダ賞(C1),10.0,9.0,船橋,ほたる特別(C1),1.0,6.0,川崎,オプレンシア賞(C1),17.9,8.0,,nar,2026-08-20,59.68,67.5,53.3,60.5,57.5,66.6,45.0,履歴少 / 安定感 / 過小評価傾向 / 市場オッズ妙味
202650082008,2026-08-20,8,アシャカデュメ,7.0,7.0,川原正一,57.0,,5.0,5.0,園田,丹波篠山牛特別B1,,,園田,小野ひまわり特別B1,3.0,3.0,園田,兵庫馬事畜産特別B1,2.0,2.0,園田,B1,2.0,1.0,園田,食べようひょうごの畜(B1),4.9,4.0,,nar,2026-08-20,59.64,80.2,49.0,75.1,34.0,56.0,45.0,履歴少 / 安定感
202630082008,2026-08-20,8,アステロイドメア,2.0,2.0,山本聡哉,55.0,,2.0,3.0,門別,グランシャリオドリー(B4),3.0,2.0,門別,トケイソウ特別(B4),2.0,1.0,門別,フウリンソウ特別(B4),3.0,5.0,門別,アスチルベ特別(B4),7.0,3.0,門別,キタサンブラック・プ(B2),4.8,3.0,,nar,2026-08-20,65.45,84.7,48.1,89.7,60.5,54.7,45.0,履歴少 / 安定感
202650082008,2026-08-20,8,アドワン,4.0,4.0,田野豊三,55.0,,3.0,2.0,園田,丹波篠山牛特別B1,3.0,1.0,園田,B1,2.0,1.0,園田,ダリア賞B1B2,6.0,6.0,園田,さつき特別AB,3.0,2.0,園田,B1,2.8,1.0,,nar,2026-08-20,61.4,82.1,42.3,85.4,53.0,51.1,45.0,履歴少 / 安定感
202645082008,2026-08-20,8,アリハッピー,6.0,5.0,岡村裕基,54.0,,1.0,6.0,川崎,デギュスタシオン賞(C2),6.0,5.0,川崎,2026川崎ジョッキ(C2),7.0,6.0,川崎,八幡平ウマッシュルー(C1),6.0,8.0,川崎,紫丁香花賞(C1),8.0,12.0,川崎,桜草賞(C1),15.8,7.0,,nar,2026-08-20,62.04,68.9,62.4,30.4,84.5,67.6,45.0,履歴少 / 近走上向き / 過小評価傾向 / 市場オッズ妙味
202650082008,2026-08-20,8,ウインオーブ,1.0,1.0,吉村智洋,57.0,,2.0,4.0,園田,丹波篠山牛特別B1,6.0,4.0,園田,B1,1.0,4.0,笠松,キキョウ特別(A),5.0,1.0,笠松,岐阜城特別(AB),1.0,5.0,笠松,飛騨高山特別(B),2.9,2.0,,nar,2026-08-20,64.43,82.9,53.7,75.1,57.5,56.5,45.0,履歴少 / 安定感
202630082008,2026-08-20,8,ウフフトルンナ,5.0,5.0,小野楓馬,55.0,,1.0,3.0,門別,北海道日高乳業ヨーグ(C3),3.0,2.0,門別,3歳以上C3ー2C4,7.0,1.0,門別,3歳以上C3ー2C4,1.0,1.0,佐賀,KYUSHUDREA(C1),1.0,1.0,佐賀,C2ー4組,5.2,4.0,,nar,2026-08-20,63.94,86.5,44.2,80.2,62.0,53.8,45.0,履歴少 / 安定感
202645082008,2026-08-20,8,エイシントゥラン,12.0,8.0,池谷匠翔,54.0,,3.0,5.0,川崎,ファイナルアンサー賞(C1),11.0,5.0,川崎,フォーカード賞(C1),8.0,11.0,川崎,見返り美人特別(B3二),6.0,6.0,川崎,ファイナルアンサー賞(B3),6.0,5.0,川崎,3月22日は「ばんえ(B3),26.8,9.0,,nar,2026-08-20,51.76,54.2,47.2,30.4,78.5,55.0,45.0,履歴少 / 近走上向き / 市場オッズ妙味
202648082008,2026-08-20,8,エクメノポリス,10.0,8.0,丹羽克輝,57.0,,12.0,12.0,名古屋,B7組,11.0,5.0,名古屋,B6組,5.0,6.0,名古屋,たいよう&えみ結婚お(B),3.0,9.0,名古屋,B10組,1.0,4.0,名古屋,C3組,17.6,6.0,,nar,2026-08-20,44.21,44.7,49.2,44.7,8.0,64.8,45.0,履歴少 / 市場オッズ妙味
202645082008,2026-08-20,8,エリンフレーム,5.0,4.0,野畑凌,53.0,,1.0,2.0,川崎,翡翠賞(3歳),3.0,2.0,川崎,燕賞(3歳),15.0,6.0,2東京11,3歳未勝利,12.0,4.0,2東京5,3歳未勝利,2.0,9.0,3中山8,3歳未勝利,7.3,4.0,,nar,2026-08-20,56.58,62.6,34.8,65.7,92.0,52.0,45.0,履歴少 / 近走上向き / 安定感
202645082008,2026-08-20,8,オルペラー,9.0,6.0,本田正重,56.0,,2.0,4.0,川崎,キリマンジェロ賞(C1),9.0,2.0,川崎,ブラックジャック賞(C1),2.0,1.0,川崎,神楽酒造盃くろうま賞(C1C2),2.0,5.0,浦和,C1四,5.0,3.0,川崎,紫丁香花賞(C1),3.7,1.0,,nar,2026-08-20,59.94,75.6,42.3,75.1,65.0,52.3,45.0,履歴少 / 近走上向き / 安定感
202645082008,2026-08-20,8,カズヤ,7.0,5.0,矢野貴之,55.0,,1.0,1.0,川崎,ファイナルアンサー賞(C1),10.0,9.0,川崎,ジュライフラワー賞(3歳C1),7.0,2.0,川崎,青葉木菟特別(3歳),13.0,8.0,川崎,椿(OP)(3歳),2.0,4.0,川崎,青鵐特別(3歳),6.4,3.0,,nar,2026-08-20,52.92,57.7,37.7,40.7,92.0,52.1,45.0,履歴少 / 近走上向き
202630082008,2026-08-20,8,キングプリンス,1.0,1.0,金山昇馬,57.0,,9.0,12.0,門別,優駿の里安平町あびら(B4),11.0,11.0,門別,グランシャリオドリー(B4),11.0,11.0,門別,第54回アポイの火祭(B4),7.0,7.0,門別,グランシャリオドリー(B4),10.0,11.0,水沢,沈丁花特別(A),119.2,7.0,,nar,2026-08-20,41.1,30.4,57.1,0.0,54.5,56.1,45.0,履歴少
202650082008,2026-08-20,8,コパノマデリン,2.0,2.0,長尾翼玖,55.0,,10.0,8.0,園田,丹波篠山牛特別B1,7.0,5.0,園田,小野ひまわり特別B1,,,園田,半夏生『明石だこ』特(B1),7.0,9.0,大井,プレアデス賞競走(B2B3),7.0,11.0,大井,行人坂賞競走(B3),29.4,6.0,,nar,2026-08-20,39.62,42.9,46.5,0.0,32.0,57.9,45.0,履歴少 / 市場オッズ妙味
202648082008,2026-08-20,8,サンマイメ,4.0,4.0,木之前葵,55.0,,7.0,11.0,名古屋,B7組,8.0,12.0,名古屋,サビク賞(B),7.0,7.0,名古屋,天の川疾風戦(B),10.0,6.0,名古屋,B4組,3.0,5.0,名古屋,B5組,34.3,9.0,,nar,2026-08-20,49.2,49.8,62.9,10.3,50.0,60.2,45.0,履歴少 / 市場オッズ妙味
202650082008,2026-08-20,8,ショートストップ,5.0,5.0,山本咲希,57.0,,4.0,6.0,園田,丹波篠山牛特別B1,5.0,4.0,園田,福山競馬記念B1,1.0,6.0,園田,B2一,,,園田,クチナシ賞B2,3.0,7.0,園田,B2,4.6,3.0,,nar,2026-08-20,66.99,80.2,64.4,85.4,44.0,64.6,45.0,履歴少 / 安定感
202645082008,2026-08-20,8,ジュンフカリ,2.0,2.0,神尾香澄,54.0,,9.0,10.0,川崎,迅速賞(C1),7.0,10.0,船橋,C1二　三,10.0,12.0,船橋,馬い!洲本農園新玉ね(C1),9.0,11.0,船橋,馬い!熊本不知火オレ(C1),7.0,9.0,船橋,C1二　三四　ウ(C1三),143.7,13.0,,nar,2026-08-20,44.85,40.1,63.6,0.0,45.5,60.0,45.0,履歴少
202630082008,2026-08-20,8,スターオブムーラン,9.0,8.0,石川倭,55.0,,3.0,2.0,門別,グランシャリオドリー(B4),2.0,3.0,門別,トケイソウ特別(B4),1.0,1.0,門別,ヤマボウシ特別(C3),1.0,1.0,門別,えんどう豆生まれドリ(C4),2.0,4.0,門別,3歳以上C4ー2,2.2,1.0,,nar,2026-08-20,67.18,92.3,51.1,100.0,41.0,54.7,45.0,履歴少 / 安定感
202630082008,2026-08-20,8,タイセイルーマー,4.0,4.0,岩橋勇二,55.0,,3.0,6.0,門別,YJSトライアルラウ(B4),7.0,7.0,門別,グランシャリオドリー(B4),6.0,6.0,門別,比布駅改築10周年記(B4),5.0,4.0,門別,グランシャリオドリー(B4),6.0,2.0,門別,アガパンサス特別(C1),18.0,6.0,,nar,2026-08-20,57.79,66.5,52.5,45.0,68.0,61.0,45.0,履歴少 / 近走上向き / 市場オッズ妙味
202650082008,2026-08-20,8,タガノウィリアム,3.0,3.0,下原理,57.0,,7.0,7.0,園田,丹波篠山牛特別B1,4.0,5.0,園田,福山競馬記念B1,9.0,4.0,園田,兵庫馬事畜産特別A2(A2B1),1.0,2.0,姫路,弥生特別B1,3.0,4.0,姫路,B1,10.7,5.0,,nar,2026-08-20,52.15,65.1,46.6,49.8,33.5,58.8,45.0,履歴少
202648082008,2026-08-20,8,タベザカリ,5.0,5.0,大畑雅章,57.0,,3.0,3.0,名古屋,B7組,2.0,1.0,名古屋,駆け上がれ!しゃちほ(B),4.0,3.0,名古屋,B13組,5.0,3.0,名古屋,君枝&翔結婚12周年(B),6.0,2.0,名古屋,B14組,5.2,3.0,,nar,2026-08-20,61.77,79.6,41.9,89.7,57.5,51.8,45.0,履歴少 / 安定感
202630082008,2026-08-20,8,ダイヤキララ,7.0,7.0,藤田凌駕,53.0,,8.0,8.0,門別,グランシャリオドリー(B4),9.0,8.0,門別,やきとりフェスin室(B4),11.0,11.0,門別,グランシャリオドリー(B4),7.0,7.0,門別,オケクラフト特別(C1),7.0,9.0,門別,石狩灯台134歳おめ(C1),139.3,8.0,,nar,2026-08-20,41.36,39.3,49.7,0.0,53.0,54.1,45.0,履歴少
202648082008,2026-08-20,8,デトネイター,7.0,6.0,近藤颯羽,52.0,,2.0,5.0,名古屋,B8組,5.0,8.0,名古屋,来週から開催!第2回(B),4.0,7.0,名古屋,たいよう&えみ結婚お(B),4.0,6.0,名古屋,健太まだ若いぞ!35(B),6.0,11.0,名古屋,B9組,5.2,4.0,,nar,2026-08-20,71.44,77.2,71.4,89.7,66.5,67.4,45.0,履歴少 / 人気以上に走る傾向 / 近走上向き / 安定感
202630082008,2026-08-20,8,デュアルアップ,8.0,8.0,宮内勇樹,55.0,,7.0,6.0,門別,グランシャリオドリー(B4),6.0,6.0,門別,やきとりフェスin室(B4),10.0,4.0,門別,第54回アポイの火祭(B4),16.0,15.0,1新潟2,4歳以上1勝クラス,16.0,15.0,1福島4,須賀川特別(1勝クラス),10.0,5.0,,nar,2026-08-20,40.89,36.3,37.8,0.0,80.0,54.0,45.0,履歴少 / 近走上向き
202645082008,2026-08-20,8,デルマニンフ,13.0,8.0,櫻井光輔,54.0,,2.0,2.0,川崎,早涼賞(C1),2.0,1.0,川崎,キャビア賞(C2),2.0,3.0,川崎,ソルスティツィオ賞(C2),8.0,9.0,川崎,軍配賞(C1二),3.0,2.0,川崎,C1三　四五(C1四),5.4,2.0,,nar,2026-08-20,65.57,84.2,49.9,85.4,60.5,57.2,45.0,履歴少 / 安定感
202645082008,2026-08-20,8,デーレーハンサム,8.0,6.0,新原周馬,55.0,,13.0,8.0,川崎,川崎青年会議所シニア(C1),3.0,7.0,川崎,かながわ綾瀬のへそ祭(C1),13.0,9.0,川崎,三光鳥賞(3歳),4.0,6.0,川崎,頬白賞(3歳),3.0,7.0,川崎,連翹賞(3歳),48.1,12.0,,nar,2026-08-20,41.78,42.7,45.7,49.8,6.5,54.1,45.0,履歴少
202648082008,2026-08-20,8,フクノジョヴァンニ,8.0,7.0,丸野勝虎,55.0,,2.0,3.0,名古屋,B12組,2.0,2.0,名古屋,B14組,1.0,2.0,名古屋,C7組,3.0,2.0,名古屋,晃暉君珠奈さんご結婚(C),2.0,3.0,名古屋,梅之郷賞(C),3.4,1.0,,nar,2026-08-20,69.06,92.4,53.2,100.0,50.0,56.5,45.0,履歴少 / 安定感
202650082008,2026-08-20,8,フラッシングレート,6.0,6.0,高橋洸佑,52.0,,10.0,10.0,園田,近畿畜産特別B2,9.0,9.0,園田,B2,10.0,11.0,園田,DASH福山駅前13(B1B2),12.0,11.0,園田,ダリア賞B1B2,5.0,4.0,園田,B1,160.7,7.0,,nar,2026-08-20,39.23,31.8,49.6,10.3,44.0,52.9,45.0,履歴少
202645082008,2026-08-20,8,ベリーク,1.0,1.0,町田直希,56.0,,5.0,5.0,川崎,キリマンジェロ賞(C1),3.0,3.0,川崎,キャビア賞(C2),6.0,6.0,川崎,レーニョ賞(C1),4.0,4.0,浦和,うどんとこいのぼりの(C1),3.0,7.0,川崎,オプレンシア賞(C1),7.7,5.0,,nar,2026-08-20,61.19,73.2,52.9,80.2,44.0,61.3,45.0,履歴少 / 安定感
202648082008,2026-08-20,8,ホウオウシーザー,1.0,1.0,細川智史,57.0,,2.0,4.0,名古屋,B9組,6.0,4.0,名古屋,来週から開催!第2回(B),1.0,6.0,名古屋,名古屋モーニングフィ(C),4.0,5.0,名古屋,アジア・アジアパラ応(C),1.0,2.0,名古屋,金シャチ最終戦(C),3.7,2.0,,nar,2026-08-20,66.46,84.1,59.4,75.1,56.0,60.1,45.0,履歴少 / 安定感
202630082008,2026-08-20,8,ホウヨウムーン,3.0,3.0,黒澤愛斗,55.0,,7.0,4.0,門別,YJSトライアルラウ(B4),1.0,5.0,川崎,キャビア賞(C2),4.0,4.0,川崎,神楽酒造盃くろうま賞(C1C2),5.0,5.0,川崎,レッドカーペット賞(C2),5.0,1.0,船橋,2026Jockey(C2),4.4,2.0,,nar,2026-08-20,55.92,72.7,47.7,69.6,30.5,54.4,45.0,履歴少 / 安定感
202648082008,2026-08-20,8,メイショウマクジキ,2.0,2.0,加藤利征,57.0,,10.0,6.0,名古屋,B7組,6.0,8.0,名古屋,B6組,6.0,11.0,名古屋,星合特別(B),11.0,7.0,名古屋,B4組,3.0,8.0,名古屋,B4組,45.8,11.0,,nar,2026-08-20,42.95,46.9,51.4,10.3,29.0,58.9,45.0,履歴少 / 市場オッズ妙味
202645082008,2026-08-20,8,メイショウマチルダ,4.0,4.0,山林堂信,54.0,,9.0,3.0,川崎,百日紅賞(C1),2.0,1.0,川崎,クラセアルタ賞(C1),,,川崎,桜草賞(C1),1.0,2.0,川崎,カラスミ賞(C2),1.0,2.0,川崎,C2二　三,7.7,6.0,,nar,2026-08-20,47.31,73.3,34.1,49.8,4.0,54.6,45.0,履歴少
202630082008,2026-08-20,8,メビウス,6.0,6.0,小川悠汰,52.0,,10.0,11.0,門別,YJSトライアルラウ(B4),9.0,7.0,門別,トケイソウ特別(B4),10.0,9.0,門別,グランシャリオドリー(B4),11.0,12.0,名古屋,C15組,8.0,4.0,名古屋,あやちぇまる初競馬記(C),142.7,9.0,,nar,2026-08-20,36.6,30.5,45.4,0.0,47.0,50.2,45.0,履歴少
202648082008,2026-08-20,8,モアサナイト,3.0,3.0,望月洵輝,55.0,,11.0,9.0,名古屋,B7組,10.0,11.0,名古屋,B6組,6.0,8.0,名古屋,B5組,12.0,11.0,名古屋,B4組,6.0,2.0,名古屋,B5組,38.0,10.0,,nar,2026-08-20,36.54,32.9,46.3,0.0,35.0,53.7,45.0,履歴少 / 市場オッズ妙味
202645082008,2026-08-20,8,ユイノオールイン,11.0,7.0,赤津和希,56.0,,3.0,6.0,浦和,白岡美人で元気100(C1),6.0,10.0,川崎,キリマンジェロ賞(C1),8.0,12.0,川崎,ブラックジャック賞(C1),8.0,11.0,川崎,スフィーダ賞(C1),5.0,12.0,浦和,月見草特別(C1),41.4,11.0,,nar,2026-08-20,63.9,62.6,77.0,40.7,72.5,69.9,45.0,履歴少 / 人気以上に走る傾向 / 近走上向き / 過小評価傾向
202645082008,2026-08-20,8,ラウレア,10.0,7.0,中越琉世,54.0,,7.0,5.0,川崎,イーリス賞(C1),2.0,6.0,川崎,桜草賞(C1),2.0,6.0,船橋,雲外蒼天賞(C2),3.0,8.0,川崎,C2一　二,5.0,10.0,川崎,獅子舞賞(C2),27.6,10.0,,nar,2026-08-20,62.72,76.2,67.0,69.6,26.0,66.7,45.0,履歴少 / 人気以上に走る傾向 / 安定感 / 過小評価傾向
202648082008,2026-08-20,8,ラントリサント,6.0,6.0,筒井勇介,55.0,,5.0,8.0,名古屋,B7組,5.0,11.0,名古屋,B7組,7.0,10.0,名古屋,レサト賞(B),9.0,11.0,名古屋,B3組,10.0,11.0,名古屋,レディス・アストライ(B),27.8,8.0,,nar,2026-08-20,61.76,56.0,73.8,55.3,66.5,66.0,45.0,履歴少 / 人気以上に走る傾向 / 近走上向き / 過小評価傾向
202648082008,2026-08-20,8,リョウライライ,11.0,8.0,柿原翔,57.0,,4.0,9.0,名古屋,B6組,7.0,10.0,名古屋,星合特別(B),8.0,10.0,名古屋,シャウラ疾風特別(B),10.0,11.0,名古屋,かんむり座特別(B),8.0,12.0,名古屋,ポリマ特別(B),11.3,5.0,,nar,2026-08-20,59.38,53.4,72.6,30.4,75.5,70.1,45.0,履歴少 / 人気以上に走る傾向 / 近走上向き / 過小評価傾向
202648082008,2026-08-20,8,レースノワエ,9.0,7.0,渡辺竜也,55.0,,6.0,5.0,名古屋,B7組,5.0,6.0,名古屋,B6組,12.0,8.0,名古屋,彦星大空戦(B),7.0,10.0,名古屋,B4組,8.0,8.0,名古屋,ザニア賞(B),21.4,7.0,,nar,2026-08-20,47.95,49.7,47.1,24.9,62.0,55.6,45.0,履歴少 / 市場オッズ妙味
202645082009,2026-08-20,9,アイアンピッチ,3.0,3.0,櫻井光輔,54.0,,5.0,11.0,川崎,奔逸絶塵賞(B2B3),7.0,4.0,川崎,流星光底賞(B3),3.0,4.0,川崎,電光石火賞(B3),1.0,5.0,浦和,疾駆特別(C1),2.0,3.0,川崎,紅玉賞(C1),14.9,6.0,,nar,2026-08-20,63.78,74.3,63.7,75.1,39.5,67.3,45.0,履歴少 / 安定感 / 過小評価傾向 / 市場オッズ妙味
202645082009,2026-08-20,9,アイルプロテクト,4.0,4.0,矢野貴之,56.0,,10.0,3.0,川崎,奔逸絶塵賞(B2B3),9.0,1.0,川崎,千軍万馬賞(B2B3),2.0,1.0,船橋,パールスプリント(B3),1.0,6.0,川崎,明鏡止水賞(B3),8.0,7.0,浦和,花吹雪特別(B2B3),6.0,4.0,,nar,2026-08-20,39.14,54.8,24.1,34.3,20.0,49.8,45.0,履歴少
202650082009,2026-08-20,9,アルカイック,5.0,5.0,高橋洸佑,53.0,,1.0,5.0,園田,C2四,1.0,3.0,園田,3歳C2,2.0,2.0,園田,3歳C2二,4.0,1.0,園田,3歳C2二,4.0,6.0,園田,清荒神7ハロン3歳C(C2),8.5,5.0,,nar,2026-08-20,72.86,92.4,60.4,100.0,60.5,62.4,45.0,履歴少 / 安定感
202630082009,2026-08-20,9,エイイチ,7.0,7.0,服部茂史,57.0,,,,門別,グランシャリオドリー(B1),2.0,2.0,門別,ステラヴェローチェ賞(A4),1.0,1.0,門別,グランシャリオドリー(B4),2.0,2.0,門別,キタコブシ特別(B4),3.0,1.0,門別,クンシラン特別(B4),3.8,2.0,,nar,2026-08-20,63.98,93.1,47.9,69.6,50.0,54.1,45.0,履歴少 / 安定感
202645082009,2026-08-20,9,エターナルセイバー,2.0,2.0,伊藤裕人,54.0,,1.0,9.0,川崎,奔逸絶塵賞(B2B3),3.0,7.0,川崎,流星光底賞(B3),5.0,8.0,川崎,電光石火賞(B3),5.0,9.0,川崎,千変万化賞(B3),6.0,7.0,川崎,迅速果断賞(B3),6.2,5.0,,nar,2026-08-20,76.43,80.9,83.0,89.7,72.5,70.8,45.0,履歴少 / 人気以上に走る傾向 / 近走上向き / 安定感
202630082009,2026-08-20,9,カネトシエテルノ,5.0,5.0,岩橋勇二,55.0,,1.0,1.0,門別,グランシャリオドリー(C3),2.0,3.0,門別,日高町商工会賞(C3),1.0,2.0,門別,3歳以上C4ー2,3.0,5.0,門別,3歳以上C4ー2,2.0,5.0,門別,3歳以上C3ー2C4,3.9,3.0,,nar,2026-08-20,71.99,94.8,57.3,100.0,56.0,60.3,45.0,履歴少 / 安定感
202648082009,2026-08-20,9,キャルベイクルーズ,5.0,5.0,望月洵輝,57.0,,7.0,9.0,名古屋,名港盃(重賞),1.0,1.0,名古屋,アクアマリンOP(A),1.0,3.0,名古屋,桧扇特別(A),2.0,1.0,名古屋,麦秋特別(A),1.0,5.0,名古屋,五月雨特別(A),1.8,1.0,,nar,2026-08-20,60.42,84.2,58.9,69.6,15.5,57.1,45.0,履歴少 / 安定感
202630082009,2026-08-20,9,キングリーエアー,1.0,1.0,宮内勇樹,57.0,,6.0,7.0,門別,YJSトライアルラウ(B4),5.0,6.0,門別,トケイソウ特別(B4),6.0,7.0,門別,グランシャリオドリー(B4),5.0,4.0,門別,オケクラフト特別(C1),9.0,1.0,門別,グランシャリオドリー(C1),20.2,5.0,,nar,2026-08-20,51.38,60.7,48.4,39.5,51.5,52.4,45.0,履歴少 / 市場オッズ妙味
202630082009,2026-08-20,9,クラウォー,4.0,4.0,阿部龍,57.0,,9.0,10.0,門別,YJSトライアルラウ(B4),6.0,4.0,門別,ハマナス特別(B4),6.0,10.0,門別,アスチルベ特別(B4),5.0,6.0,門別,グランシャリオドリー(B4),6.0,6.0,門別,「北海道の翼」AIR(B4),141.2,8.0,,nar,2026-08-20,46.09,53.9,55.2,14.6,30.5,56.1,45.0,履歴少
202650082009,2026-08-20,9,サイモンエクセラー,9.0,8.0,佐々木世,54.0,,3.0,6.0,高知,3歳ー7,7.0,6.0,高知,3歳ー4,8.0,9.0,高知,3歳ー6,7.0,6.0,高知,3歳ー7,5.0,4.0,高知,3歳ー7,30.4,10.0,,nar,2026-08-20,56.39,61.8,54.3,40.7,72.5,56.9,45.0,履歴少 / 近走上向き / 市場オッズ妙味
202645082009,2026-08-20,9,サラサエンペラー,8.0,7.0,池谷匠翔,56.0,,7.0,9.0,川崎,星河一天特別(B3二),2.0,3.0,川崎,流星光底賞(B3),1.0,9.0,川崎,電光石火賞(B3),3.0,2.0,川崎,青玉賞(C1),2.0,3.0,川崎,丸子の渡し賞(C1),5.6,3.0,,nar,2026-08-20,62.78,80.3,66.8,69.6,20.0,64.5,45.0,履歴少 / 人気以上に走る傾向 / 安定感
202648082009,2026-08-20,9,ジェイエルバルカー,2.0,2.0,木之前葵,55.0,,9.0,8.0,名古屋,蝉時雨特別(A),7.0,10.0,名古屋,文月疾風特別(A),12.0,9.0,名古屋,桧扇特別(A),10.0,10.0,名古屋,黄金穹特別(A),3.0,5.0,名古屋,皐月疾風特別(A),108.4,6.0,,nar,2026-08-20,41.63,39.0,50.4,10.3,44.0,54.1,45.0,履歴少
202648082009,2026-08-20,9,ジャスパーノワール,1.0,1.0,細川智史,57.0,,9.0,8.0,名古屋,ガントリーハーバー特(A),3.0,8.0,名古屋,文月疾風特別(A),9.0,9.0,名古屋,小暑前特別(A),12.0,4.0,名古屋,七変化雨彩特別(A),18.0,16.0,3京都4,朱雀S(3勝クラス),42.4,5.0,,nar,2026-08-20,44.59,40.7,47.0,24.9,59.0,52.4,45.0,履歴少 / 市場オッズ妙味
202645082009,2026-08-20,9,スプリンガフォート,10.0,8.0,古岡勇樹,53.0,,5.0,5.0,水沢,留守杯日高賞(重賞),4.0,4.0,川崎,花天月地賞(3歳),5.0,1.0,川崎,迦陵頻伽賞(3歳),13.0,14.0,大井,東京2歳優駿牝馬競走(重賞),11.0,7.0,川崎,ローレル賞(重賞),20.3,8.0,,nar,2026-08-20,54.91,55.7,42.6,75.1,69.5,51.8,45.0,履歴少 / 近走上向き / 安定感 / 市場オッズ妙味
202648082009,2026-08-20,9,セットクルール,6.0,6.0,加藤聡一,55.0,,1.0,1.0,名古屋,ガントリーハーバー特(A),1.0,2.0,名古屋,ひまわりの日特別(A),3.0,1.0,名古屋,桧扇特別(A),1.0,2.0,名古屋,黄金穹特別(A),2.0,1.0,名古屋,レディス・アストライ(B),2.0,2.0,,nar,2026-08-20,69.07,96.0,49.3,100.0,54.5,52.3,45.0,履歴少 / 安定感
202630082009,2026-08-20,9,セブンスウェイ,8.0,8.0,小野楓馬,58.0,,1.0,4.0,門別,キリンソウ特別(B4),3.0,2.0,船橋,馬い!卵はサンサンエ(C1),12.0,2.0,船橋,ジョッキーズチャンピ(C1),2.0,1.0,船橋,みどりの日特別(C2),2.0,4.0,船橋,カイヤナイト特別(C2),5.9,4.0,,nar,2026-08-20,61.6,76.6,41.2,80.2,72.5,53.0,45.0,履歴少 / 近走上向き / 安定感
202645082009,2026-08-20,9,タイセイフランク,5.0,5.0,新原周馬,56.0,,11.0,10.0,川崎,夏紅特別(B3二),4.0,5.0,川崎,流星光底賞(B3),9.0,3.0,川崎,明鏡止水賞(B3),2.0,6.0,川崎,勇気凛凛賞(B3),7.0,6.0,船橋,ヒメジョオンスプリン(B3),28.8,10.0,,nar,2026-08-20,43.87,50.9,44.7,39.5,17.0,54.3,45.0,履歴少 / 市場オッズ妙味
202650082009,2026-08-20,9,チョウウマクイク,10.0,8.0,新庄海誠,55.0,,2.0,2.0,園田,C2一,2.0,5.0,園田,乃井野7ハロンC2一,2.0,2.0,園田,C2一,5.0,5.0,園田,C2一,4.0,5.0,園田,上筱見7ハロンC2一,4.8,2.0,,nar,2026-08-20,69.45,86.8,56.0,100.0,57.5,59.3,45.0,履歴少 / 安定感
202650082009,2026-08-20,9,ビガーサンライズ,2.0,2.0,塩津璃菜,51.0,,3.0,4.0,園田,C2一,3.0,3.0,園田,西徳久7ハロンC2二,3.0,8.0,園田,神影7ハロンC2二,6.0,10.0,園田,C2二,5.0,7.0,園田,C2三,23.6,9.0,,nar,2026-08-20,68.2,78.8,64.6,85.4,57.5,64.1,45.0,履歴少 / 安定感 / 市場オッズ妙味
202630082009,2026-08-20,9,ビービーエリス,6.0,6.0,桑村真明,57.0,,1.0,2.0,門別,グランシャリオドリー(C3),2.0,2.0,門別,グランシャリオドリー(C3),1.0,2.0,門別,グランシャリオドリー(C4),1.0,2.0,門別,3歳以上C4ー3,5.0,5.0,門別,3歳以上C4ー3,2.2,1.0,,nar,2026-08-20,70.75,94.7,54.5,100.0,57.5,55.3,45.0,履歴少 / 安定感
202645082009,2026-08-20,9,ファイアトーチ,7.0,7.0,中山遥人,53.0,,9.0,3.0,園田,C2一,2.0,2.0,園田,C2二,2.0,2.0,園田,陸ダッシュC3一,2.0,2.0,園田,C3一,2.0,3.0,姫路,C3一,24.5,9.0,,nar,2026-08-20,51.34,75.0,38.0,69.6,8.0,53.0,45.0,履歴少 / 安定感 / 市場オッズ妙味
202630082009,2026-08-20,9,ファーマシャイン,3.0,3.0,石川倭,55.0,,8.0,5.0,門別,YJSトライアルラウ(B4),6.0,3.0,門別,キリンソウ特別(B4),5.0,2.0,門別,ハマナス特別(B4),9.0,9.0,1新潟5,4歳以上1勝クラス,14.0,15.0,1新潟3,4歳以上1勝クラス,33.1,6.0,,nar,2026-08-20,41.94,47.0,35.0,19.8,53.0,51.1,45.0,履歴少 / 市場オッズ妙味
202648082009,2026-08-20,9,ブライテン,4.0,4.0,塚本征吾,55.0,,4.0,5.0,名古屋,蝉時雨特別(A),7.0,6.0,名古屋,宵波特別(A),5.0,6.0,名古屋,桧扇特別(A),5.0,8.0,名古屋,麦秋特別(A),4.0,3.0,名古屋,五月雨特別(A),14.1,4.0,,nar,2026-08-20,61.08,67.3,54.1,75.1,57.5,63.2,45.0,履歴少 / 安定感 / 市場オッズ妙味
202650082009,2026-08-20,9,ベラジオラオウ,3.0,3.0,吉村智洋,57.0,,4.0,1.0,園田,C2一,2.0,1.0,園田,C2一,,,園田,バラ賞C2一,5.0,3.0,園田,能見篤史☆来場記念C(C1),2.0,4.0,園田,ポインセチア賞C1一,2.8,1.0,,nar,2026-08-20,58.8,81.6,39.1,80.2,44.0,51.1,45.0,履歴少 / 安定感
202645082009,2026-08-20,9,ミスフォルテ,6.0,6.0,本田正重,54.0,,6.0,5.0,川崎,奔逸絶塵賞(B2B3),1.0,2.0,川崎,閃光賞(C1),1.0,3.0,川崎,駿逸賞(C1),9.0,2.0,船橋,馬い!佐賀小松レモン(C1三),3.0,4.0,川崎,菜の花賞(C1),4.6,2.0,,nar,2026-08-20,55.4,76.9,46.0,55.0,35.0,53.9,45.0,履歴少
202645082009,2026-08-20,9,ムーランアルザン,1.0,1.0,佐野遥久,54.0,,11.0,10.0,川崎,奔逸絶塵賞(B2B3),2.0,4.0,川崎,閃光賞(C1),6.0,7.0,川崎,電光石火賞(B3),2.0,3.0,川崎,青玉賞(C1),3.0,2.0,川崎,光速賞(C1),17.1,7.0,,nar,2026-08-20,50.14,63.0,53.0,49.8,3.5,63.4,45.0,履歴少 / 市場オッズ妙味
202650082009,2026-08-20,9,メイショウシュート,8.0,7.0,南部楓馬,55.0,,1.0,3.0,園田,古森7ハロンC2二,1.0,1.0,園田,C3三,3.0,3.0,園田,C3二,5.0,2.0,園田,C3一,2.0,1.0,姫路,C3二,6.6,3.0,,nar,2026-08-20,69.39,91.3,50.5,100.0,60.5,56.7,45.0,履歴少 / 安定感
202645082009,2026-08-20,9,モズアンドモズ,9.0,8.0,野畑凌,54.0,,2.0,1.0,船橋,カンナダッシュ(C1),8.0,3.0,川崎,疾風賞(C1),1.0,1.0,川崎,神速賞(C1),1.0,1.0,川崎,音速賞(C1),1.0,1.0,川崎,初雷賞(C2),3.6,1.0,,nar,2026-08-20,60.07,83.6,39.1,75.1,54.5,51.6,45.0,履歴少 / 安定感
202648082009,2026-08-20,9,ラブラブフォー,3.0,3.0,今井貴大,55.0,,4.0,3.0,園田,葉月特別B1B2,1.0,4.0,園田,大暑特別B1B2,3.0,3.0,園田,B2,4.0,2.0,園田,B1B2,3.0,3.0,園田,第31回大日本プロレ(B1B2),13.7,3.0,,nar,2026-08-20,66.04,84.4,51.1,100.0,42.5,61.1,45.0,履歴少 / 安定感 / 市場オッズ妙味
202650082009,2026-08-20,9,リザレクティア,7.0,7.0,福原杏,55.0,,14.0,15.0,2中京1,3歳未勝利,13.0,11.0,2小倉6,3歳未勝利,12.0,16.0,3阪神4,3歳未勝利,14.0,14.0,3京都5,3歳未勝利,,,,,15.3,7.0,,nar,2026-08-20,32.64,3.8,54.7,0.0,44.0,64.0,42.3,前走人気以上 / 市場オッズ妙味
202650082009,2026-08-20,9,リングベルガール,6.0,6.0,小牧太,55.0,,5.0,7.0,園田,C2一,7.0,6.0,園田,C2一,6.0,3.0,園田,C2一,1.0,5.0,園田,C2二,1.0,1.0,園田,C3二,17.9,8.0,,nar,2026-08-20,57.68,70.4,52.4,55.3,42.5,65.3,45.0,履歴少 / 過小評価傾向 / 市場オッズ妙味
202630082009,2026-08-20,9,ルクスシュナイダー,2.0,2.0,金山昇馬,57.0,,5.0,7.0,門別,グランシャリオドリー(B4),6.0,5.0,門別,トケイソウ特別(B4),3.0,6.0,門別,ハマナス特別(B4),4.0,8.0,門別,グランシャリオドリー(B4),10.0,11.0,門別,スワーヴリチャード・(B3),59.4,7.0,,nar,2026-08-20,60.41,66.2,61.5,64.7,54.5,59.4,45.0,履歴少 / 安定感
202650082009,2026-08-20,9,ワンダーデュエル,1.0,1.0,小谷哲平,56.0,,5.0,3.0,園田,C2一,3.0,2.0,園田,プルメリア賞C2一,2.0,6.0,園田,大沢7ハロンC2一,5.0,5.0,園田,C2一,3.0,2.0,園田,スミレ賞C2一,10.1,6.0,,nar,2026-08-20,63.28,78.4,48.8,100.0,39.5,59.8,45.0,履歴少 / 安定感
202650082009,2026-08-20,9,ワンダーブレス,4.0,4.0,小谷周平,57.0,,4.0,3.0,園田,C2,2.0,3.0,園田,C2一,3.0,5.0,園田,青馬ひすみ☆モヤシか(C2),1.0,4.0,園田,C2二,2.0,1.0,園田,C3一,8.0,4.0,,nar,2026-08-20,67.08,86.7,54.7,100.0,38.0,61.5,45.0,履歴少 / 安定感
202650082010,2026-08-20,10,アイアンオバーカム,8.0,7.0,永井孝典,56.0,,1.0,3.0,園田,C2二,4.0,2.0,園田,C2二,8.0,4.0,園田,仁位7ハロンC2二,1.0,2.0,園田,C3一,4.0,6.0,園田,ハナミズキ賞C3一,5.0,3.0,,nar,2026-08-20,64.32,80.5,47.7,80.2,69.5,56.2,45.0,履歴少 / 近走上向き / 安定感
202650082010,2026-08-20,10,イレブンアップ,10.0,8.0,杉浦健太,56.0,,2.0,8.0,園田,C2一,7.0,8.0,園田,C2一,2.0,4.0,園田,3歳C1C2,2.0,8.0,園田,3歳C1,3.0,8.0,園田,金会スプリント3歳C(C1C2),5.5,4.0,,nar,2026-08-20,71.65,81.2,77.0,75.1,59.0,70.3,45.0,履歴少 / 人気以上に走る傾向 / 安定感 / 過小評価傾向
202648082010,2026-08-20,10,エンジェルナンバー,8.0,7.0,大畑雅章,55.0,,1.0,1.0,名古屋,B9組,3.0,2.0,名古屋,B5組,1.0,1.0,名古屋,アジア・アジアパラ応(B),1.0,1.0,名古屋,蘇芳梅賞(C),1.0,1.0,名古屋,千両賞(C),3.8,2.0,,nar,2026-08-20,69.03,96.0,48.3,100.0,53.0,55.0,45.0,履歴少 / 安定感
202645082010,2026-08-20,10,カナールショウヘイ,5.0,5.0,藤本現暉,56.0,,5.0,4.0,川崎,夏草特別(B3二),3.0,6.0,川崎,半夏生特別(B3二),8.0,7.0,船橋,向暑特別(B2B3),7.0,7.0,川崎,手鞠花特別(B3二),4.0,4.0,船橋,水無月特別(B3),14.9,5.0,,nar,2026-08-20,58.26,65.7,51.7,65.7,53.0,62.1,45.0,履歴少 / 安定感 / 市場オッズ妙味
202650082010,2026-08-20,10,カネトシクラッチ,4.0,4.0,小谷哲平,55.0,,12.0,11.0,園田,C2一,3.0,5.0,園田,3歳C1C2,7.0,5.0,園田,3歳未勝利リミテッド,10.0,12.0,園田,吉滝7ハロン3歳未勝,5.0,7.0,園田,久々知スプリント2歳,65.8,9.0,,nar,2026-08-20,43.73,46.0,52.1,35.3,15.5,55.5,45.0,履歴少
202630082010,2026-08-20,10,ガミラスマリアナ,8.0,7.0,宮内勇樹,55.0,,10.0,10.0,門別,日高山脈最高峰幌尻岳(未勝利)(2歳),7.0,7.0,門別,JRA認定競走アタッ(未勝利)(2歳),12.0,12.0,門別,2歳未勝利(未勝利),9.0,9.0,門別,JRA認定競走アタッ(未勝利)(2歳),11.0,10.0,門別,2歳牝馬未勝利(未勝利),19.6,9.0,,nar,2026-08-20,39.74,31.2,49.3,0.0,48.5,63.3,45.0,履歴少 / 市場オッズ妙味
202645082010,2026-08-20,10,グレイスカリヨン,2.0,2.0,野畑凌,54.0,,2.0,1.0,浦和,雁来月特別(B3),1.0,1.0,浦和,円良田湖特別(B3),1.0,1.0,浦和,月見草特別(C1),1.0,2.0,浦和,牡牛座特別(C2),1.0,1.0,浦和,近いがうまい埼玉のた(C1),2.0,1.0,,nar,2026-08-20,68.25,97.6,48.9,100.0,44.0,53.0,45.0,履歴少 / 安定感
202630082010,2026-08-20,10,ケリーグランメイ,1.0,1.0,井上俊彦,55.0,,10.0,9.0,門別,道の駅あびらオリジナ(未勝利)(2歳),11.0,11.0,門別,グランシャリオドリー(未勝利)(2歳),8.0,10.0,門別,北のハードワーカー菊(未勝利)(2歳),11.0,11.0,門別,2歳未勝利(未勝利),10.0,10.0,門別,JRA認定競走フレッ(新馬)(2歳),22.2,10.0,,nar,2026-08-20,38.47,28.0,50.6,0.0,50.0,56.9,45.0,履歴少 / 市場オッズ妙味
202648082010,2026-08-20,10,コスモナッシュビル,4.0,4.0,今井貴大,57.0,,2.0,1.0,名古屋,B7組,1.0,1.0,名古屋,三ヶ根山特別(C),2.0,2.0,名古屋,アジア・アジアパラ応(C),3.0,4.0,名古屋,残月梅特別(C),5.0,3.0,名古屋,ほとけのざ特別(C),6.5,3.0,,nar,2026-08-20,67.66,90.3,47.4,100.0,54.5,56.7,45.0,履歴少 / 安定感
202650082010,2026-08-20,10,コモリボルダー,9.0,8.0,南部楓馬,53.0,,5.0,10.0,園田,C2一,10.0,7.0,園田,C2一,7.0,8.0,園田,3歳B,9.0,8.0,園田,3歳AB,8.0,9.0,園田,薫風特別3歳AB,28.8,8.0,,nar,2026-08-20,51.74,47.7,56.5,30.4,71.0,58.2,45.0,履歴少 / 近走上向き / 市場オッズ妙味
202645082010,2026-08-20,10,サドル,8.0,8.0,佐野遥久,56.0,,10.0,6.0,船橋,九十九里特別(B2B3),9.0,7.0,川崎,半夏生特別(B3二),12.0,6.0,川崎,見返り美人特別(B3二),1.0,4.0,船橋,富里特別(B3),4.0,5.0,川崎,レイノ賞(C1),49.7,7.0,,nar,2026-08-20,38.01,42.3,33.5,24.9,29.0,51.1,45.0,履歴少 / 市場オッズ妙味
202648082010,2026-08-20,10,サンセットベリー,6.0,6.0,塚本征吾,57.0,,8.0,5.0,名古屋,B6組,7.0,3.0,名古屋,こと座流星群特別(B),6.0,5.0,名古屋,桜月夜特別(B),7.0,8.0,名古屋,若紫特別(A),10.0,9.0,名古屋,名古屋CCミネルヴァ(A),49.6,9.0,,nar,2026-08-20,39.45,48.7,35.6,0.0,47.0,51.1,45.0,履歴少 / 市場オッズ妙味
202630082010,2026-08-20,10,ジャムリスチール,10.0,8.0,石川倭,55.0,,7.0,7.0,門別,優駿の里安平町夢民舎(未勝利)(2歳),10.0,8.0,門別,グランシャリオドリー(未勝利)(2歳),9.0,8.0,門別,2歳未勝利(未勝利),9.0,11.0,門別,2歳未勝利(未勝利),12.0,11.0,門別,2歳未勝利(未勝利),5.3,3.0,,nar,2026-08-20,41.81,36.4,46.4,0.0,68.0,55.8,45.0,履歴少 / 近走上向き
202648082010,2026-08-20,10,スターペスショウマ,11.0,8.0,望月洵輝,57.0,,1.0,1.0,名古屋,真夏の中京競馬!熱く(B),16.0,18.0,3阪神5,3歳以上1勝クラス,12.0,15.0,3京都11,4歳以上1勝クラス,14.0,16.0,2阪神5,4歳以上1勝クラス,14.0,15.0,1阪神7,4歳以上1勝クラス,2.2,1.0,,nar,2026-08-20,52.02,32.8,60.4,30.4,100.0,58.6,45.0,履歴少 / 近走上向き
202645082010,2026-08-20,10,スティールウィル,4.0,4.0,和田譲治,56.0,,5.0,2.0,川崎,エベレスト賞(C1),5.0,4.0,川崎,見返り美人特別(B3二),4.0,1.0,船橋,富里特別(B3),1.0,4.0,川崎,レイノ賞(C1),2.0,1.0,浦和,特選(C1),13.1,4.0,,nar,2026-08-20,60.24,76.7,40.1,100.0,38.0,57.7,45.0,履歴少 / 安定感 / 市場オッズ妙味
202650082010,2026-08-20,10,スマッシュヒット,2.0,2.0,高橋洸佑,54.0,,12.0,7.0,園田,ココリコ遠藤☆来場記(C1),1.0,1.0,姫路,B2,1.0,5.0,姫路,C1,1.0,4.0,園田,C1,9.0,3.0,園田,C1,5.0,2.0,,nar,2026-08-20,48.33,66.6,43.6,59.3,0.0,54.2,45.0,履歴少
202648082010,2026-08-20,10,セイウンピカイチ,1.0,1.0,村上弘樹,57.0,,3.0,4.0,名古屋,B7組,8.0,1.0,名古屋,B6組,2.0,3.0,名古屋,B11組,2.0,4.0,名古屋,君枝&翔結婚12周年(B),2.0,5.0,名古屋,高浜特別(C),17.4,7.0,,nar,2026-08-20,61.22,77.6,45.5,75.1,53.0,62.2,45.0,履歴少 / 安定感 / 市場オッズ妙味
202648082010,2026-08-20,10,タイセイフォルテ,10.0,8.0,加藤翔馬,57.0,,6.0,9.0,名古屋,シェルビオン疾風戦(B),4.0,4.0,名古屋,天の川疾風戦(B),11.0,9.0,名古屋,シャウラ疾風特別(B),7.0,10.0,名古屋,B7組,10.0,9.0,名古屋,B9組,50.4,10.0,,nar,2026-08-20,50.57,51.6,56.0,24.9,62.0,55.5,45.0,履歴少
202645082010,2026-08-20,10,ダートレイジング,9.0,8.0,古岡勇樹,56.0,,6.0,7.0,川崎,夏草特別(B3二),6.0,8.0,川崎,半夏生特別(B3二),8.0,8.0,川崎,カペラ賞(B2B3),3.0,11.0,船橋,水無月特別(B3),9.0,9.0,川崎,青葉空特別(B3二),57.3,8.0,,nar,2026-08-20,52.61,57.9,63.8,14.6,53.0,60.6,45.0,履歴少
202648082010,2026-08-20,10,トップパワー,9.0,7.0,東川慎,57.0,,6.0,2.0,名古屋,B6組,2.0,1.0,名古屋,B7組,1.0,1.0,名古屋,田原特別(C),2.0,1.0,名古屋,C4組,3.0,1.0,名古屋,C5組,16.7,5.0,,nar,2026-08-20,56.12,83.0,37.3,69.6,26.0,56.8,45.0,履歴少 / 安定感 / 市場オッズ妙味
202650082010,2026-08-20,10,トランペシア,5.0,5.0,塩津璃菜,51.0,,7.0,8.0,園田,C2二,7.0,9.0,園田,C2二,12.0,12.0,園田,C2,6.0,9.0,園田,3歳C1一,3.0,6.0,園田,3歳C1一,71.8,10.0,,nar,2026-08-20,48.25,48.6,60.9,10.3,50.0,59.4,45.0,履歴少
202648082010,2026-08-20,10,ハクサンフラッシュ,5.0,5.0,大畑慧悟,55.0,,1.0,1.0,名古屋,南知多特別(C),2.0,7.0,名古屋,B13組,7.0,8.0,名古屋,B11組,10.0,10.0,名古屋,B13組,10.0,11.0,名古屋,デネボラ疾風戦(B),16.8,6.0,,nar,2026-08-20,65.32,70.6,60.8,55.3,87.5,66.6,45.0,履歴少 / 近走上向き / 過小評価傾向 / 市場オッズ妙味
202648082010,2026-08-20,10,バイアンドホールド,7.0,6.0,細川智史,57.0,,10.0,7.0,名古屋,B6組,5.0,7.0,名古屋,カササギ賞(B),6.0,6.0,名古屋,B7組,6.0,6.0,名古屋,B9組,4.0,3.0,名古屋,アルファルド賞(B),63.0,11.0,,nar,2026-08-20,44.85,53.9,46.4,35.3,21.5,52.2,45.0,履歴少
202630082010,2026-08-20,10,バンシイハーピー,2.0,2.0,桑村真明,55.0,,10.0,8.0,門別,優駿の里安平町早来か(未勝利)(2歳),8.0,10.0,門別,2歳未勝利(未勝利),9.0,5.0,門別,2歳未勝利(未勝利),6.0,5.0,門別,JRA認定競走フレッ(新馬)(2歳),,,,,5.0,2.0,,nar,2026-08-20,37.29,39.4,41.8,0.0,36.0,52.8,45.0,履歴少
202630082010,2026-08-20,10,ピエールパンドラ,5.0,5.0,服部茂史,55.0,,10.0,10.0,門別,公認キャラビラッキー(未勝利)(2歳),9.0,9.0,門別,グランシャリオドリー(未勝利)(2歳),9.0,9.0,門別,2歳牝馬未勝利(未勝利),8.0,8.0,門別,JRA認定競走アタッ(未勝利)(2歳),9.0,12.0,門別,2歳牝馬未勝利(未勝利),13.0,7.0,,nar,2026-08-20,40.65,34.7,52.2,0.0,42.5,62.9,45.0,履歴少 / 市場オッズ妙味
202650082010,2026-08-20,10,フェアリータイザン,1.0,1.0,田野豊三,55.0,,3.0,4.0,園田,C2一,10.0,6.0,園田,C1,5.0,4.0,園田,ユリ賞C1,12.0,8.0,園田,C1,9.0,4.0,園田,フリージア賞C1一,7.9,5.0,,nar,2026-08-20,50.94,51.4,36.1,50.2,86.0,50.3,45.0,履歴少 / 近走上向き
202645082010,2026-08-20,10,フジュム,1.0,1.0,矢野貴之,56.0,,1.0,1.0,川崎,エベレスト賞(C1),3.0,1.0,川崎,フォーカード賞(C1),1.0,1.0,川崎,レッドカーペット賞(C2),4.0,1.0,川崎,錨草賞(C2),1.0,1.0,川崎,このわた賞(C2),3.2,2.0,,nar,2026-08-20,66.97,92.5,43.4,100.0,57.5,51.7,45.0,履歴少 / 安定感
202630082010,2026-08-20,10,フークプティット,6.0,6.0,金山昇馬,55.0,,8.0,11.0,門別,2歳未勝利(未勝利),7.0,11.0,門別,ホクレンカタログギフ(未勝利)(2歳),9.0,10.0,門別,2歳未勝利(未勝利),10.0,9.0,門別,JRA認定競走フレッ(新馬)(2歳),,,,,25.2,11.0,,nar,2026-08-20,47.05,41.9,65.3,0.0,54.0,62.0,45.0,履歴少 / 人気以上に走る傾向 / 市場オッズ妙味
202650082010,2026-08-20,10,ブリスディーシャ,6.0,6.0,松木大地,55.0,,9.0,6.0,園田,C2二,12.0,9.0,高知,ファイナルレース(C3),9.0,4.0,高知,C3ー9,3.0,6.0,高知,C3ー12,7.0,4.0,高知,C3ー11,27.4,7.0,,nar,2026-08-20,36.83,38.7,32.4,14.6,42.5,49.1,45.0,履歴少 / 市場オッズ妙味
202648082010,2026-08-20,10,ブルロッソ,2.0,2.0,渡辺竜也,55.0,,1.0,1.0,名古屋,飛島特別(C),4.0,6.0,名古屋,渥美半島特別(C),2.0,4.0,名古屋,アジア・アジアパラ応(C),3.0,4.0,名古屋,アジア・アジアパラ応(C),6.0,6.0,名古屋,油ヶ淵賞(C),8.5,4.0,,nar,2026-08-20,69.79,86.0,57.3,89.7,66.5,62.4,45.0,履歴少 / 近走上向き / 安定感
202630082010,2026-08-20,10,プレアウィン,4.0,4.0,藤田凌駕,53.0,,9.0,9.0,門別,2歳未勝利(未勝利),9.0,12.0,門別,ホクレンカタログギフ(未勝利)(2歳),10.0,9.0,門別,2歳未勝利(未勝利),9.0,8.0,門別,2歳未勝利(未勝利),6.0,6.0,門別,2歳未勝利(未勝利),15.9,8.0,,nar,2026-08-20,42.18,36.9,52.8,0.0,47.0,64.5,45.0,履歴少 / 市場オッズ妙味
202645082010,2026-08-20,10,ベアアスムイ,6.0,6.0,増田充宏,53.0,,10.0,10.0,川崎,芙蓉賞(OP)(3歳),1.0,10.0,川崎,手鞠花特別(B3二),2.0,3.0,川崎,カサブランカOP(3歳),3.0,5.0,川崎,鳥語花香賞(3歳),4.0,5.0,川崎,アクアマリンフラワー(3歳),5.5,3.0,,nar,2026-08-20,59.5,71.7,69.9,69.6,5.0,65.7,45.0,履歴少 / 人気以上に走る傾向 / 安定感 / 過小評価傾向
202650082010,2026-08-20,10,ベラジオアブロード,7.0,7.0,山本咲希,56.0,,4.0,1.0,園田,C2一,1.0,1.0,園田,3歳C1C2,2.0,1.0,園田,3歳C1一,2.0,1.0,園田,金会スプリント3歳C(C1C2),2.0,5.0,園田,3歳C1,3.1,1.0,,nar,2026-08-20,63.74,89.1,43.4,100.0,36.5,53.5,45.0,履歴少 / 安定感
202630082010,2026-08-20,10,マダムアイ,7.0,6.0,松井伸也,55.0,,12.0,11.0,門別,2歳未勝利(未勝利),6.0,8.0,門別,2歳未勝利(未勝利),7.0,8.0,門別,2歳未勝利(未勝利),9.0,9.0,門別,JRA認定競走フレッ(新馬)(2歳),,,,,12.1,6.0,,nar,2026-08-20,39.24,38.1,53.1,0.0,22.0,62.2,45.0,履歴少 / 市場オッズ妙味
202650082010,2026-08-20,10,ミスターエヌ,3.0,3.0,佐々木世,55.0,,1.0,9.0,園田,C2一,10.0,11.0,園田,3歳B,8.0,9.0,園田,3歳AB,12.0,8.0,園田,3歳B,1.0,10.0,園田,3歳C1,8.7,6.0,,nar,2026-08-20,63.6,58.2,72.6,40.7,90.5,69.0,45.0,履歴少 / 人気以上に走る傾向 / 近走上向き / 過小評価傾向
202648082010,2026-08-20,10,メイクン,3.0,3.0,丸野勝虎,57.0,,11.0,3.0,名古屋,B6組,1.0,1.0,名古屋,祝奥村部長還暦(B),3.0,5.0,名古屋,城下町賞(C),5.0,3.0,名古屋,金城ふ頭特別(C),7.0,3.0,名古屋,B10組,35.5,8.0,,nar,2026-08-20,44.37,62.9,30.8,59.3,8.0,48.5,45.0,履歴少 / 市場オッズ妙味
202645082010,2026-08-20,10,ユメドリーム,7.0,7.0,櫻井光輔,56.0,,3.0,5.0,川崎,夏草特別(B3二),5.0,5.0,川崎,半夏生特別(B3二),4.0,8.0,川崎,見返り美人特別(B3二),5.0,7.0,川崎,早花咲月特別(B3二),4.0,5.0,川崎,雪化粧特別(B3),14.9,6.0,,nar,2026-08-20,69.1,75.3,62.6,100.0,59.0,67.3,45.0,履歴少 / 安定感 / 過小評価傾向 / 市場オッズ妙味
202630082010,2026-08-20,10,リックベッラ,3.0,3.0,黒澤愛斗,55.0,,6.0,7.0,門別,道の駅あびらオリジナ(未勝利)(2歳),8.0,9.0,門別,2歳未勝利(未勝利),6.0,7.0,門別,JRA認定競走アタッ(未勝利)(2歳),7.0,11.0,門別,JRA認定競走フレッ(新馬)(2歳),,,,,3.7,1.0,,nar,2026-08-20,49.49,54.3,60.4,0.0,56.0,61.3,45.0,履歴少
202645082010,2026-08-20,10,リュクスレオン,3.0,3.0,藤原幹生,56.0,,11.0,10.0,川崎,夏草特別(B3二),11.0,11.0,川崎,半夏生特別(B3二),13.0,9.0,川崎,見返り美人特別(B3二),13.0,10.0,浦和,鈴蘭特別(B3),4.0,11.0,川崎,新緑特別(B3二),170.0,9.0,,nar,2026-08-20,34.92,20.3,44.3,10.3,45.5,52.9,45.0,履歴少
202630082010,2026-08-20,10,レラノア,9.0,7.0,落合玄太,55.0,,11.0,11.0,門別,2歳未勝利(未勝利),11.0,9.0,門別,2歳未勝利(未勝利),7.0,8.0,門別,JRA認定競走アタッ(未勝利)(2歳),12.0,9.0,門別,JRA認定競走フレッ(新馬)(2歳),,,,,7.0,4.0,,nar,2026-08-20,35.31,25.7,44.2,0.0,44.0,55.0,45.0,履歴少
202630082010,2026-08-20,10,ヴィルボニータ,11.0,8.0,小川悠汰,52.0,,7.0,7.0,門別,2歳未勝利(未勝利),8.0,10.0,門別,グランシャリオドリー(未勝利)(2歳),8.0,10.0,門別,2歳未勝利(未勝利),12.0,12.0,門別,2歳未勝利(未勝利),12.0,12.0,門別,JRA認定競走フレッ(新馬)(2歳),11.4,5.0,,nar,2026-08-20,45.74,38.5,56.3,0.0,68.0,63.0,45.0,履歴少 / 近走上向き
202630082011,2026-08-20,11,アンヘル,9.0,7.0,山本聡哉,58.0,,1.0,1.0,門別,8月15日しかべ最大(B1),,,門別,ルピナス特別(B3),1.0,1.0,門別,第54回アポイの火祭(B4),1.0,1.0,門別,キングサリ特別(B4),1.0,1.0,門別,rapora賞(C3),2.0,1.0,,nar,2026-08-20,66.92,100.0,50.0,75.1,50.0,53.0,45.0,履歴少 / 安定感
202645082011,2026-08-20,11,エクロジャイト,13.0,8.0,御神本訓,57.0,,1.0,3.0,川崎,かながわの水がめ宮ヶ(B1B2),9.0,2.0,3中山4,障害4歳以上未勝利,7.0,1.0,1小倉4,障害4歳以上未勝利,6.0,4.0,4中山2,障害3歳以上未勝利,16.0,14.0,2東京9,欅S(OP),2.3,1.0,,nar,2026-08-20,49.89,58.4,30.3,30.4,100.0,43.8,45.0,履歴少 / 近走上向き
202650082011,2026-08-20,11,エコロボルト,6.0,6.0,吉村智洋,57.0,,12.0,9.0,3京都12,3歳1勝クラス,1.0,3.0,1新潟2,3歳未勝利,2.0,2.0,3中山6,3歳未勝利,5.0,7.0,1中京4,3歳未勝利,15.0,6.0,4京都2,2歳未勝利,4.4,1.0,,nar,2026-08-20,46.37,56.7,42.6,59.3,12.5,51.1,45.0,履歴少
202650082011,2026-08-20,11,エルモサカスターノ,2.0,2.0,廣瀬航,55.0,,11.0,14.0,3京都12,3歳1勝クラス,1.0,4.0,笠松,美江寺宿特別(3歳),13.0,15.0,4京都5,2歳新馬,,,,,,,,,8.1,6.0,,nar,2026-08-20,48.53,42.3,69.2,24.9,26.0,67.6,45.0,履歴少 / 人気以上に走る傾向 / 過小評価傾向
202645082011,2026-08-20,11,オーウェル,11.0,7.0,藤本現暉,57.0,,1.0,8.0,浦和,葉月特別(B1B2),3.0,5.0,浦和,ウマ娘プリティーダー(B2),7.0,3.0,浦和,シラコバト賞(A2),2.0,2.0,浦和,葉月特別(B1B2),6.0,2.0,川崎,かなテクカレッジ記念(B1B2),6.5,3.0,,nar,2026-08-20,66.75,81.2,60.0,69.9,71.0,58.6,45.0,履歴少 / 近走上向き / 安定感
202645082011,2026-08-20,11,オーシンスキャット,8.0,5.0,保園翔也,57.0,,8.0,7.0,浦和,山の日特別(A2B1),10.0,9.0,船橋,群青特別(A2B1),8.0,1.0,浦和,如月特別(B1),4.0,4.0,浦和,新春賞(A2),1.0,3.0,船橋,トパーズ特別(B1B2),37.6,10.0,,nar,2026-08-20,42.34,50.5,37.9,24.9,36.5,51.8,45.0,履歴少 / 市場オッズ妙味
202630082011,2026-08-20,11,クインズメレンゲ,3.0,3.0,藤田凌駕,53.0,,1.0,1.0,門別,YJSトライアルラウ(B4),4.0,4.0,門別,トケイソウ特別(B4),11.0,10.0,3京都7,4歳以上1勝クラス,9.0,8.0,1新潟2,4歳以上1勝クラス,10.0,12.0,1阪神4,4歳以上1勝クラス,6.1,3.0,,nar,2026-08-20,59.59,61.4,49.0,55.3,95.0,57.7,45.0,履歴少 / 近走上向き
202648082011,2026-08-20,11,コパカツ,1.0,1.0,今井貴大,57.0,,11.0,6.0,名古屋,文月疾風特別(A),10.0,10.0,名古屋,トリトン争覇(重賞),2.0,4.0,名古屋,皐月疾風特別(A),6.0,9.0,名古屋,翡翠特別(A),3.0,7.0,名古屋,湾岸スターC(OP),14.5,7.0,,nar,2026-08-20,44.1,48.7,48.1,30.1,15.5,64.0,45.0,履歴少 / 市場オッズ妙味
202648082011,2026-08-20,11,ゴールデンリング,12.0,8.0,加藤聡一,53.0,,1.0,1.0,名古屋,文月疾風特別(A),1.0,1.0,名古屋,天の川疾風戦(B),5.0,4.0,笠松,新緑賞(重賞),3.0,1.0,笠松,若鮎特別(3歳),1.0,1.0,名古屋,若萌特別(3歳),1.9,1.0,,nar,2026-08-20,67.44,91.3,46.6,100.0,59.0,50.8,45.0,履歴少 / 安定感
202650082011,2026-08-20,11,ゴールデンロンドン,11.0,8.0,竹村達也,57.0,,7.0,7.0,園田,C2,5.0,10.0,園田,C2,3.0,7.0,園田,キキョウ賞C2,5.0,5.0,園田,C2,2.0,4.0,園田,C2,163.6,9.0,,nar,2026-08-20,60.03,68.8,65.7,69.6,30.5,60.6,45.0,履歴少 / 人気以上に走る傾向 / 安定感
202630082011,2026-08-20,11,サイモンソーラン,8.0,7.0,岩橋勇二,57.0,,9.0,10.0,門別,NORTHERNBR(B3),,,門別,ルピナス特別(B3),10.0,10.0,門別,ステラヴェローチェ賞(A4),6.0,5.0,門別,クレマチス特別(B2),5.0,5.0,門別,キタサンブラック・プ(B2),434.3,10.0,,nar,2026-08-20,42.17,43.0,51.5,10.3,38.0,53.5,45.0,履歴少
202645082011,2026-08-20,11,サザンカ,1.0,1.0,西啓太,53.0,,8.0,13.0,川崎,夏至光特別(B2),7.0,9.0,川崎,要潤さん川崎競馬公式(B2),9.0,11.0,川崎,短夜特別(B1B2),10.0,3.0,川崎,湘南オリーブオイル杯(B2),8.0,7.0,船橋,クイーンズオーディシ(A2),259.5,13.0,,nar,2026-08-20,44.39,42.1,59.0,0.0,53.0,54.1,45.0,履歴少
202630082011,2026-08-20,11,サヨナキドリ,1.0,1.0,落合玄太,57.0,,2.0,2.0,門別,NORTHERNBR(B3),,,門別,ルピナス特別(B3),5.0,2.0,盛岡,ハヤテスプリント(重賞),1.0,1.0,門別,スワーヴリチャード・(B3),6.0,3.0,門別,北斗盃〔H3〕(重賞),2.2,2.0,,nar,2026-08-20,59.67,82.8,41.6,64.7,62.0,48.5,45.0,履歴少 / 安定感
202645082011,2026-08-20,11,サヨノフィールド,6.0,4.0,矢野貴之,57.0,,5.0,7.0,川崎,かなテクカレッジ記念(B1B2),4.0,6.0,川崎,かながわの水がめ宮ヶ(B1B2),8.0,9.0,川崎,中原OP(OP)(3歳),5.0,9.0,川崎,第39回開成町あじさ(B1B2),7.0,8.0,川崎,桜吹雪特別(B1B2),15.4,6.0,,nar,2026-08-20,62.3,63.6,63.9,69.9,56.0,68.1,45.0,履歴少 / 安定感 / 過小評価傾向 / 市場オッズ妙味
202645082011,2026-08-20,11,シャンパンファイト,10.0,6.0,新原周馬,57.0,,4.0,5.0,川崎,かなテクカレッジ記念(B1B2),5.0,4.0,川崎,かながわの水がめ宮ヶ(B1B2),1.0,8.0,川崎,短夜特別(B1B2),4.0,3.0,浦和,初富士特別(B2B3),8.0,9.0,大井,ブルージルコン賞競走(B1B2),15.7,7.0,,nar,2026-08-20,66.36,75.4,59.8,89.7,53.0,66.3,45.0,履歴少 / 安定感 / 過小評価傾向 / 市場オッズ妙味
202648082011,2026-08-20,11,ショウガマッタナシ,9.0,7.0,魚住謙心,55.0,,10.0,10.0,笠松,サマーC(重賞),5.0,11.0,金沢,日本海スプリント(重賞),9.0,11.0,金沢,お松の方賞(重賞),6.0,7.0,金沢,スマホで投票!楽天競(A1),8.0,7.0,金沢,金沢スプリングC(重賞),134.7,10.0,,nar,2026-08-20,47.64,45.9,63.5,24.9,32.0,58.7,45.0,履歴少
202630082011,2026-08-20,11,ジャスパードリーム,5.0,5.0,桑村真明,57.0,,8.0,7.0,門別,ロードカナロア・プレ(B1),11.0,5.0,門別,コントレイル・プレミ(B1),7.0,3.0,門別,クレマチス特別(B2),1.0,7.0,門別,キタサンブラック・プ(B2),7.0,9.0,門別,道の駅石狩・あいろー(B3),105.8,7.0,,nar,2026-08-20,41.46,48.6,39.4,14.6,41.0,51.5,45.0,履歴少
202648082011,2026-08-20,11,ジュンフィレンツェ,2.0,2.0,筒井勇介,57.0,,5.0,3.0,名古屋,アクアマリンOP(A),2.0,5.0,名古屋,小暑前特別(A),3.0,5.0,名古屋,八仙花雨幻特別(A),5.0,4.0,名古屋,ウラヌス特別(A),3.0,7.0,名古屋,花菖蒲特別(A),14.1,6.0,,nar,2026-08-20,65.77,78.8,55.6,100.0,39.5,65.2,45.0,履歴少 / 安定感 / 過小評価傾向 / 市場オッズ妙味
202645082011,2026-08-20,11,スターグリップ,5.0,4.0,本田正重,57.0,,3.0,2.0,川崎,かなテクカレッジ記念(B1B2),3.0,2.0,川崎,かながわの水がめ宮ヶ(B1B2),4.0,1.0,川崎,入梅特別(A2B1),3.0,1.0,川崎,第39回開成町あじさ(B1B2),4.0,5.0,大井,エイプリル賞競走(A2B1),4.2,2.0,,nar,2026-08-20,62.77,81.6,40.7,100.0,53.0,52.2,45.0,履歴少 / 安定感
202648082011,2026-08-20,11,スティールアクター,3.0,3.0,丸野勝虎,57.0,,8.0,5.0,名古屋,文月疾風特別(A),4.0,6.0,名古屋,小暑前特別(A),8.0,12.0,名古屋,トリトン争覇(重賞),10.0,8.0,笠松,オグリキャップ記念(重賞),1.0,1.0,名古屋,皐月疾風特別(A),9.9,4.0,,nar,2026-08-20,49.23,55.4,50.6,35.3,36.5,60.4,45.0,履歴少
202650082011,2026-08-20,11,セイウンダマシイ,5.0,5.0,山本屋太,57.0,,9.0,12.0,園田,B2,12.0,12.0,園田,大暑特別B1B2,8.0,11.0,園田,兵庫馬事畜産特別B2,8.0,11.0,園田,B1B2,10.0,10.0,園田,カサブランカ賞B2,531.4,10.0,,nar,2026-08-20,43.37,31.9,63.6,0.0,53.0,59.4,45.0,履歴少
202650082011,2026-08-20,11,ゼットスパンキー,9.0,7.0,森田誠也,54.0,,7.0,7.0,1新潟8,4歳以上1勝クラス,3.0,4.0,1新潟3,4歳以上1勝クラス,6.0,2.0,2阪神3,4歳以上1勝クラス,2.0,4.0,1阪神9,4歳以上1勝クラス,8.0,8.0,1京都6,4歳以上1勝クラス,8.7,7.0,,nar,2026-08-20,52.04,66.6,48.3,39.5,36.5,58.6,45.0,履歴少
202645082011,2026-08-20,11,タマモヴェナトル,9.0,6.0,櫻井光輔,57.0,,2.0,8.0,川崎,かなテクカレッジ記念(B1B2),7.0,8.0,川崎,スパーキングサマーチ(OP)(3歳),5.0,7.0,川崎,短夜特別(B1B2),9.0,9.0,2東京4,4歳以上2勝クラス,7.0,13.0,1東京1,4歳以上2勝クラス,11.8,4.0,,nar,2026-08-20,65.34,65.0,71.6,50.2,80.0,70.3,45.0,履歴少 / 人気以上に走る傾向 / 近走上向き / 過小評価傾向
202648082011,2026-08-20,11,タントゥーム,6.0,5.0,鈴木太一,55.0,,5.0,4.0,金沢,能登復興支援木ノ浦海(B2),7.0,7.0,金沢,新鮮野菜がいっぱい金(B2),1.0,4.0,金沢,七尾祇園祭特別(C1),5.0,4.0,金沢,卯辰山特別(C1),8.0,4.0,金沢,C12,152.6,11.0,,nar,2026-08-20,56.21,67.9,48.1,64.7,51.5,51.5,45.0,履歴少 / 安定感
202630082011,2026-08-20,11,デーモンスレイヤー,6.0,6.0,小野楓馬,57.0,,8.0,5.0,門別,スイレン特別(B3),5.0,2.0,門別,新冠町ふるさと納税特(B3),8.0,3.0,園田,大沢7ハロンC2一,10.0,2.0,園田,C2一,2.0,1.0,園田,C2二,135.0,8.0,,nar,2026-08-20,39.29,52.6,22.6,35.3,39.5,40.5,45.0,履歴少
202650082011,2026-08-20,11,トウタツ,4.0,4.0,田山旺佑,56.0,,10.0,5.0,2東京3,4歳以上1勝クラス,6.0,3.0,3中山8,4歳以上1勝クラス,3.0,9.0,4中山5,3歳以上1勝クラス,12.0,9.0,2新潟3,3歳以上1勝クラス,13.0,7.0,1中京4,3歳1勝クラス,5.0,3.0,,nar,2026-08-20,38.98,42.2,35.0,19.8,41.0,49.7,45.0,履歴少
202650082011,2026-08-20,11,ドラゴンゴクウ,8.0,7.0,小牧太,57.0,,6.0,7.0,園田,A1A2,8.0,11.0,園田,夕凪特別A1A2,6.0,7.0,園田,オッズパーク杯A1,5.0,6.0,園田,向暑特別A1,6.0,7.0,園田,青葉特別A1,25.5,8.0,,nar,2026-08-20,51.48,57.2,60.5,14.6,51.5,60.9,45.0,履歴少 / 市場オッズ妙味
202650082011,2026-08-20,11,ドンカポノ,7.0,6.0,杉浦健太,57.0,,2.0,2.0,園田,A1A2,3.0,6.0,園田,オッズパーク杯A1,5.0,6.0,園田,ハナショウブ賞A1A(A1A2),7.0,9.0,園田,兵庫大賞典(重賞),3.0,6.0,園田,大和牛特別A1,6.1,4.0,,nar,2026-08-20,68.05,78.6,60.8,85.4,65.0,63.5,45.0,履歴少 / 近走上向き / 安定感
202650082011,2026-08-20,11,ニシノグラシアス,1.0,1.0,新庄海誠,55.0,,6.0,7.0,園田,C2二,9.0,7.0,園田,JRA交流六甲山特別,11.0,9.0,園田,C2,5.0,5.0,園田,3歳C1,2.0,3.0,園田,3歳C1一,561.3,11.0,,nar,2026-08-20,46.69,50.6,46.6,24.9,54.5,52.2,45.0,履歴少
202648082011,2026-08-20,11,ハクサンバード,10.0,7.0,加藤翔馬,57.0,,3.0,2.0,金沢,スマホで投票!楽天競(A1),4.0,6.0,金沢,日本海スプリント(重賞),2.0,1.0,金沢,スプリング特別【金沢(4歳),2.0,1.0,金沢,楽天競馬で馬券を買お(A1),14.0,14.0,1京都8,睦月S(OP),25.4,8.0,,nar,2026-08-20,63.9,76.1,49.0,89.7,65.0,55.6,45.0,履歴少 / 近走上向き / 安定感 / 市場オッズ妙味
202648082011,2026-08-20,11,ハクサンパイオニア,5.0,5.0,吉原寛人,57.0,,1.0,2.0,金沢,能登復興祈念百万石か(重賞),4.0,2.0,金沢,スマホで投票!楽天競(A1),3.0,4.0,金沢,金沢スプリングC(重賞),4.0,4.0,金沢,スプリング特別【金沢(4歳),4.0,5.0,金沢,楽天競馬で馬券を買お(A1),11.6,5.0,,nar,2026-08-20,68.98,84.9,50.7,100.0,66.5,61.1,45.0,履歴少 / 近走上向き / 安定感
202648082011,2026-08-20,11,ハッピーミーク,7.0,6.0,望月洵輝,55.0,,6.0,3.0,名古屋,ガントリーハーバー特(A),2.0,3.0,名古屋,文月疾風特別(A),5.0,3.0,笠松,撫子争覇(重賞),4.0,3.0,名古屋,湾岸スターC(OP),2.0,1.0,名古屋,ナガバノイシモチソウ(A),7.1,3.0,,nar,2026-08-20,55.35,75.2,40.9,69.6,33.5,54.4,45.0,履歴少 / 安定感
202630082011,2026-08-20,11,ハニーベリー,4.0,4.0,松井伸也,55.0,,1.0,8.0,門別,優駿の里安平町あびら(B4),5.0,6.0,門別,グランシャリオドリー(B4),9.0,5.0,門別,グランシャリオドリー(B4),3.0,3.0,門別,オケクラフト特別(C1),2.0,4.0,門別,石狩灯台134歳おめ(C1),46.3,5.0,,nar,2026-08-20,67.61,76.2,62.6,80.2,72.5,60.2,45.0,履歴少 / 近走上向き / 安定感 / 市場オッズ妙味
202645082011,2026-08-20,11,バックビート,4.0,3.0,加藤雄真,53.0,,10.0,10.0,川崎,夏至光特別(B2),8.0,3.0,川崎,要潤さん川崎競馬公式(B2),1.0,1.0,川崎,末摘花特別(B3二),3.0,5.0,川崎,早苗月特別(B3二),3.0,5.0,船橋,牡牛座スプリント(B3),109.7,12.0,,nar,2026-08-20,46.35,60.2,44.8,44.7,12.5,52.9,45.0,履歴少
202645082011,2026-08-20,11,バリアントバイオ,7.0,5.0,和田譲治,57.0,,12.0,16.0,3中山4,アリエスS(3勝クラス),17.0,15.0,1小倉12,関門橋S(3勝クラス),15.0,16.0,5東京6,晩秋S(3勝クラス),10.0,13.0,4阪神9,堺S(3勝クラス),8.0,16.0,4中京4,白川郷S(3勝クラス),13.9,5.0,,nar,2026-08-20,39.8,12.3,65.3,0.0,53.0,70.3,45.0,履歴少 / 人気以上に走る傾向 / 過小評価傾向 / 市場オッズ妙味
202648082011,2026-08-20,11,パピタ,11.0,8.0,大畑慧悟,57.0,,7.0,9.0,名古屋,ガントリーハーバー特(A),6.0,6.0,名古屋,アクアマリンOP(A),10.0,10.0,名古屋,ルビー・サンセットオ(A),12.0,10.0,名古屋,八仙花雨幻特別(A),8.0,9.0,名古屋,花菖蒲特別(A),97.7,9.0,,nar,2026-08-20,44.15,42.6,52.9,0.0,62.0,54.1,45.0,履歴少
202630082011,2026-08-20,11,ファインキック,11.0,8.0,石川倭,57.0,,5.0,1.0,水沢,2歳,5.0,7.0,門別,北海道2歳スプリント(OP),12.0,7.0,門別,ネクストスター門別〔(重賞),3.0,2.0,門別,JRA認定競走ウィナ(OP)(2歳),5.0,6.0,門別,サッポロクラシックカ(重賞),13.6,4.0,,nar,2026-08-20,54.61,59.3,37.8,80.2,57.5,56.6,45.0,履歴少 / 安定感 / 市場オッズ妙味
202648082011,2026-08-20,11,ブライトファントム,8.0,6.0,村上弘樹,57.0,,9.0,2.0,名古屋,文月疾風特別(A),1.0,1.0,名古屋,東錦特別(A),1.0,1.0,名古屋,ツワブキ特別(A),1.0,2.0,名古屋,山茶花特別(A),4.0,3.0,名古屋,地金特別(A),5.5,2.0,,nar,2026-08-20,51.37,78.1,35.4,69.6,6.5,52.7,45.0,履歴少 / 安定感
202630082011,2026-08-20,11,マジカルレイズ,2.0,2.0,坂下秀樹,57.0,,12.0,11.0,門別,スイレン特別(B3),9.0,5.0,川崎,オプレンシア賞(C1),6.0,4.0,川崎,C1一　二,3.0,2.0,川崎,西洋躑躅賞(C1),4.0,6.0,川崎,菜の花賞(C1),228.7,9.0,,nar,2026-08-20,37.49,44.6,38.6,24.9,11.0,49.6,45.0,履歴少
202630082011,2026-08-20,11,マノレア,10.0,8.0,小川悠汰,52.0,,7.0,8.0,門別,NORTHERNBR(B3),4.0,8.0,門別,ドウデュース・プレミ(B3),8.0,7.0,門別,とままえメロン特別(B3),7.0,9.0,門別,胆振軽種馬農業協同組(B3),7.0,6.0,門別,スワーヴリチャード・(B3),76.7,6.0,,nar,2026-08-20,51.04,56.4,59.0,24.9,47.0,56.8,45.0,履歴少
202645082011,2026-08-20,11,ミスティライズ,2.0,2.0,鷹見陸,52.0,,3.0,6.0,川崎,星河一天特別(B3二),9.0,4.0,川崎,アルタイル賞(B2B3),11.0,12.0,川崎,関東オークス【指定交(JpnII),8.0,2.0,園田,のじぎく賞(重賞),2.0,2.0,佐賀,ル・プランタン賞(重賞),36.4,9.0,,nar,2026-08-20,51.4,54.4,42.9,40.7,77.0,51.8,45.0,履歴少 / 近走上向き / 市場オッズ妙味
202645082011,2026-08-20,11,モンタナアゲート,3.0,3.0,古岡勇樹,57.0,,10.0,12.0,川崎,かなテクカレッジ記念(B1B2),8.0,8.0,川崎,かながわの水がめ宮ヶ(B1B2),,,川崎,処暑特別(B1B2),13.0,14.0,2福島5,3歳以上2勝クラス,12.0,10.0,3東京4,3歳以上2勝クラス,307.7,14.0,,nar,2026-08-20,39.4,26.5,54.8,0.0,56.0,54.3,45.0,履歴少
202648082011,2026-08-20,11,ラブミーテキーラ,4.0,4.0,友森翔太,55.0,,7.0,6.0,名古屋,蝉時雨特別(A),5.0,11.0,名古屋,文月疾風特別(A),10.0,11.0,名古屋,小暑前特別(A),6.0,6.0,姫路,DASH観音寺開設1(B1B2),7.0,8.0,園田,スイセン賞B1,157.5,12.0,,nar,2026-08-20,50.8,52.4,60.4,24.9,50.0,58.1,45.0,履歴少
202645082011,2026-08-20,11,ラムテリオス,12.0,7.0,藤田凌,53.0,,6.0,5.0,川崎,夏至光特別(B2),1.0,6.0,川崎,江戸切子特別(B3二),5.0,8.0,川崎,梅雨明かり特別(B2),4.0,4.0,川崎,早苗月特別(B3二),6.0,5.0,浦和,馬トク報知杯特別(B2B3),38.2,11.0,,nar,2026-08-20,59.69,73.9,60.0,59.3,38.0,60.2,45.0,履歴少 / 市場オッズ妙味
202650082011,2026-08-20,11,レイフロレット,10.0,8.0,秋山稔樹,55.0,,13.0,15.0,3東京1,3歳以上1勝クラス,9.0,11.0,1福島6,4歳以上1勝クラス,14.0,11.0,1小倉8,4歳以上1勝クラス,11.0,3.0,5中京1,3歳以上1勝クラス,3.0,10.0,3福島2,3歳以上1勝クラス,6.4,5.0,,nar,2026-08-20,35.36,21.8,50.5,10.3,27.5,57.9,45.0,履歴少
202645082011,2026-08-20,11,レグノ,14.0,8.0,杉山海波,52.0,,9.0,6.0,川崎,かなテクカレッジ記念(B1B2),1.0,4.0,川崎,要潤さん川崎競馬公式(B2),5.0,8.0,川崎,ジューンスター賞(B2B3),9.0,6.0,浦和,早苗月特別(B1B2),5.0,7.0,川崎,草笛特別(B2),30.0,8.0,,nar,2026-08-20,51.86,61.6,51.4,55.0,26.0,57.6,45.0,履歴少 / 市場オッズ妙味
202650082011,2026-08-20,11,ワンウェイトゥヘル,3.0,3.0,下原理,57.0,,4.0,5.0,1新潟6,4歳以上1勝クラス,5.0,4.0,1新潟2,4歳以上1勝クラス,5.0,11.0,2阪神3,4歳以上1勝クラス,8.0,3.0,1中京1,4歳以上1勝クラス,6.0,6.0,5中京4,3歳以上1勝クラス,4.7,2.0,,nar,2026-08-20,60.33,66.1,53.6,75.1,62.0,57.2,45.0,履歴少 / 安定感
202630082011,2026-08-20,11,ワールドウィスラー,7.0,6.0,吉本隆記,57.0,,,11.0,門別,NORTHERNBR(B3),10.0,11.0,門別,新冠町ふるさと納税特(B3),11.0,11.0,名古屋,B6組,8.0,10.0,名古屋,B7組,12.0,11.0,名古屋,B6組,999.9,11.0,,nar,2026-08-20,38.99,26.7,54.4,0.0,52.0,55.1,45.0,履歴少
202650082012,2026-08-20,12,アサメシマエ,7.0,6.0,佐々木世,54.0,,4.0,6.0,園田,C2一,8.0,5.0,園田,C2一,1.0,4.0,園田,西徳久7ハロンC2二,11.0,11.0,園田,3歳C1,4.0,2.0,園田,3歳未勝利リミテッド,93.4,10.0,,nar,2026-08-20,57.19,64.6,51.7,60.5,62.0,53.5,45.0,履歴少 / 安定感
202645082012,2026-08-20,12,アメリカンサンデー,8.0,6.0,中越琉世,56.0,,11.0,2.0,川崎,アウローラ賞(3歳),5.0,2.0,川崎,珠鷸賞(3歳),1.0,1.0,川崎,3歳7,3.0,1.0,川崎,3歳8,2.0,5.0,川崎,3歳10,19.4,9.0,,nar,2026-08-20,45.12,64.5,25.7,69.6,0.5,56.8,45.0,履歴少 / 安定感 / 市場オッズ妙味
202650082012,2026-08-20,12,アラン,12.0,8.0,小牧太,56.0,,1.0,1.0,園田,C2一,2.0,1.0,園田,3歳AB,4.0,1.0,園田,菖蒲賞,1.0,1.0,園田,3歳C1,1.0,1.0,園田,葛尾7ハロン3歳C2,1.9,1.0,,nar,2026-08-20,66.94,93.3,44.1,100.0,56.0,50.1,45.0,履歴少 / 安定感
202630082012,2026-08-20,12,アンサラー,3.0,3.0,桑村真明,55.0,,6.0,2.0,門別,JRA認定競走ウィナ(OP)(2歳),2.0,4.0,門別,JRA認定競走ターフ(OP)(2歳),1.0,2.0,門別,JRA認定競走アタッ(未勝利)(2歳),3.0,1.0,門別,JRA認定競走アタッ(未勝利)(2歳),2.0,3.0,門別,JRA認定競走フレッ(新馬)(2歳),10.7,6.0,,nar,2026-08-20,58.17,82.7,45.0,69.6,26.0,58.8,45.0,履歴少 / 安定感
202648082012,2026-08-20,12,アンファール,1.0,1.0,小笠原羚,52.0,,4.0,5.0,名古屋,名古屋から世界へ!馬(3歳),2.0,9.0,名古屋,3歳7組,5.0,6.0,名古屋,のあち27歳おめでと(3歳),6.0,9.0,名古屋,3歳7組,5.0,7.0,名古屋,3歳6組,20.1,9.0,,nar,2026-08-20,68.19,75.2,70.2,85.4,53.0,65.4,45.0,履歴少 / 人気以上に走る傾向 / 安定感 / 過小評価傾向
202650082012,2026-08-20,12,イスラアズール,10.0,7.0,大山真吾,57.0,,10.0,6.0,園田,C1二,6.0,7.0,園田,ベゴニア賞C1,10.0,7.0,園田,C1二,2.0,3.0,園田,C1一,5.0,4.0,園田,アジサイ賞C1,87.6,9.0,,nar,2026-08-20,40.67,49.4,39.4,24.9,24.5,49.6,45.0,履歴少
202645082012,2026-08-20,12,オンナユメラク,4.0,4.0,矢野貴之,54.0,,9.0,1.0,川崎,アウローラ賞(3歳),3.0,2.0,川崎,ランポ賞(3歳),5.0,1.0,川崎,雲雀賞(3歳),1.0,1.0,川崎,3歳6,2.0,4.0,川崎,川崎デビュー新馬(3歳),4.5,2.0,,nar,2026-08-20,47.2,69.4,27.1,69.6,12.5,49.3,45.0,履歴少 / 安定感
202645082012,2026-08-20,12,オーバーユー,12.0,8.0,本田紀忠,56.0,,12.0,12.0,川崎,アウローラ賞(3歳),8.0,7.0,川崎,燕賞(3歳),6.0,12.0,川崎,小千鳥賞(3歳),7.0,10.0,浦和,ランチタイム(3歳),10.0,14.0,川崎,アウラー賞(3歳),118.0,13.0,,nar,2026-08-20,41.37,36.9,62.5,0.0,24.5,61.3,45.0,履歴少
202648082012,2026-08-20,12,キーサーバー,3.0,3.0,阪野学,57.0,,5.0,5.0,名古屋,3歳7組,6.0,7.0,名古屋,3歳5組,1.0,4.0,名古屋,3歳13組,14.0,12.0,2東京8,3歳未勝利,10.0,11.0,1中京6,3歳未勝利,21.0,10.0,,nar,2026-08-20,56.07,58.3,54.6,50.2,66.5,58.2,45.0,履歴少 / 近走上向き / 市場オッズ妙味
202648082012,2026-08-20,12,クリコメリー,11.0,8.0,村上弘樹,55.0,,6.0,9.0,名古屋,ハンブルグ疾風戦(3歳),4.0,7.0,名古屋,3歳6組,1.0,4.0,名古屋,アジア・アジアパラ応(3歳),4.0,7.0,名古屋,3歳13組,9.0,11.0,3京都6,3歳未勝利,13.4,7.0,,nar,2026-08-20,63.31,71.7,70.3,59.3,41.0,70.1,45.0,履歴少 / 人気以上に走る傾向 / 過小評価傾向 / 市場オッズ妙味
202650082012,2026-08-20,12,クリノクーチャン,11.0,8.0,長尾翼玖,57.0,,3.0,10.0,園田,ベゴニア賞C1,8.0,5.0,園田,C1二,7.0,7.0,園田,アジサイ賞C1,7.0,3.0,園田,C1,3.0,3.0,園田,C1二,46.4,8.0,,nar,2026-08-20,56.6,63.0,55.6,40.7,69.5,56.3,45.0,履歴少 / 近走上向き / 市場オッズ妙味
202645082012,2026-08-20,12,グラズヘイム,6.0,5.0,野畑凌,56.0,,7.0,9.0,川崎,アウローラ賞(3歳),7.0,4.0,川崎,燕賞(3歳),4.0,4.0,川崎,郭公賞(3歳),12.0,3.0,川崎,尉鶲賞(3歳),1.0,2.0,川崎,2026幕開け賞(3歳),18.3,8.0,,nar,2026-08-20,46.91,55.9,40.6,30.1,44.0,58.1,45.0,履歴少 / 市場オッズ妙味
202650082012,2026-08-20,12,グランマイース,6.0,5.0,田野豊三,56.0,,4.0,3.0,園田,C1,1.0,3.0,園田,C2一,1.0,4.0,園田,3歳C1,3.0,1.0,園田,3歳C1一,11.0,12.0,園田,兵庫優駿(重賞),12.9,6.0,,nar,2026-08-20,66.05,82.1,54.2,89.7,50.0,62.8,45.0,履歴少 / 安定感 / 市場オッズ妙味
202630082012,2026-08-20,12,ゴーゴーミツヒコ,2.0,2.0,山本聡哉,55.0,,5.0,4.0,門別,JRA認定競走ウィナ(OP)(2歳),1.0,3.0,門別,JRA認定競走フレッ(新馬)(2歳),,,,,,,,,,,,,25.6,9.0,,nar,2026-08-20,50.76,63.3,46.9,48.4,32.3,54.3,45.0,履歴少 / サンプル少 / 市場オッズ妙味
202650082012,2026-08-20,12,サチノメグミ,9.0,7.0,杉浦健太,55.0,,10.0,3.0,園田,C1,1.0,2.0,園田,C1,1.0,3.0,園田,3歳B,1.0,2.0,園田,3歳C1一,2.0,5.0,園田,3歳AB,12.4,5.0,,nar,2026-08-20,53.27,77.3,42.8,69.6,0.0,60.7,45.0,履歴少 / 安定感 / 市場オッズ妙味
202630082012,2026-08-20,12,シフトチェンジ,4.0,4.0,服部茂史,55.0,,3.0,1.0,門別,JRA認定競走ターフ(OP)(2歳),1.0,1.0,門別,JRA認定競走フレッ(新馬)(2歳),,,,,,,,,,,,,5.6,2.0,,nar,2026-08-20,51.34,68.2,41.3,48.4,38.9,52.6,45.0,履歴少 / サンプル少
202630082012,2026-08-20,12,シャディアラ,7.0,7.0,亀井洋司,55.0,,4.0,7.0,門別,JRA認定競走ウィナ(OP)(2歳),1.0,6.0,門別,JRA認定競走アタッ(未勝利)(2歳),3.0,8.0,門別,JRA認定競走フレッ(新馬)(2歳),,,,,,,,,23.5,8.0,,nar,2026-08-20,71.06,86.1,79.3,75.1,38.0,70.4,45.0,履歴少 / 人気以上に走る傾向 / 安定感 / 過小評価傾向
202645082012,2026-08-20,12,ジーカンピオーネ,13.0,8.0,西啓太,54.0,,4.0,8.0,川崎,アウローラ賞(3歳),9.0,10.0,川崎,アウラー賞(3歳),7.0,12.0,浦和,ツインメイト特別(3歳),7.0,5.0,川崎,黄連雀賞(3歳),7.0,10.0,川崎,アクアマリンフラワー(3歳),9.8,4.0,,nar,2026-08-20,57.67,55.3,67.3,30.4,71.0,66.9,45.0,履歴少 / 人気以上に走る傾向 / 近走上向き / 過小評価傾向
202630082012,2026-08-20,12,ソルデイスター,8.0,7.0,阿部龍,55.0,,2.0,1.0,門別,JRA認定競走ウィナ(OP)(2歳),1.0,2.0,門別,JRA認定競走フレッ(新馬)(2歳),,,,,,,,,,,,,2.6,1.0,,nar,2026-08-20,53.13,70.6,45.1,48.4,42.2,51.1,45.0,履歴少 / サンプル少
202630082012,2026-08-20,12,タルマエドン,5.0,5.0,岩橋勇二,55.0,,1.0,6.0,門別,JRA認定競走ウィナ(OP)(2歳),4.0,1.0,門別,ルビー特別(OP)(2歳),1.0,1.0,門別,JRA認定競走アタッ(未勝利)(2歳),2.0,2.0,門別,JRA認定競走フレッ(新馬)(2歳),,,,,6.9,3.0,,nar,2026-08-20,69.81,92.0,56.0,89.7,58.0,59.8,45.0,履歴少 / 安定感
202650082012,2026-08-20,12,テイケイウル,2.0,2.0,南部楓馬,52.0,,8.0,12.0,園田,C1,10.0,9.0,園田,C1,10.0,12.0,園田,ハナモモ賞B2,9.0,8.0,姫路,B2,9.0,8.0,姫路,カンザクラ賞B2,257.7,11.0,,nar,2026-08-20,42.97,34.9,57.8,0.0,59.0,55.5,45.0,履歴少
202645082012,2026-08-20,12,テセラグラディウス,1.0,1.0,佐野遥久,54.0,,2.0,3.0,川崎,オーブ賞(3歳),7.0,1.0,川崎,ランポ賞(3歳),1.0,1.0,川崎,3歳8,1.0,1.0,佐賀,3歳ー8組,1.0,1.0,佐賀,SAGAリベンジャー(3歳),3.3,1.0,,nar,2026-08-20,61.09,85.6,41.7,75.1,53.0,51.8,45.0,履歴少 / 安定感
202645082012,2026-08-20,12,テンノウズアイル,9.0,6.0,中山遥人,53.0,,5.0,7.0,川崎,アウローラ賞(3歳),1.0,8.0,川崎,3歳6,9.0,5.0,川崎,3歳6,9.0,5.0,川崎,3歳6,2.0,3.0,川崎,3歳6,19.5,10.0,,nar,2026-08-20,60.41,67.5,57.6,65.7,51.5,65.3,45.0,履歴少 / 安定感 / 過小評価傾向 / 市場オッズ妙味
202650082012,2026-08-20,12,トップリーチ,3.0,3.0,塩津璃菜,53.0,,9.0,10.0,園田,C1,10.0,10.0,園田,C1一,10.0,10.0,園田,B2二,8.0,7.0,園田,青馬ひすみ☆配信記念(B2),9.0,8.0,園田,カサブランカ賞B2,999.9,12.0,,nar,2026-08-20,39.58,33.6,50.4,0.0,51.5,52.9,45.0,履歴少
202648082012,2026-08-20,12,トンデトンデトンデ,9.0,7.0,塚本征吾,57.0,,6.0,3.0,名古屋,オットネル賞(3歳),6.0,3.0,名古屋,3歳6組,1.0,1.0,名古屋,3歳11組,8.0,9.0,3京都8,3歳未勝利,16.0,9.0,1新潟3,3歳未勝利,6.4,3.0,,nar,2026-08-20,46.01,59.4,34.3,19.8,60.5,50.1,45.0,履歴少
202645082012,2026-08-20,12,ドナエポナ,2.0,2.0,岡村健司,54.0,,4.0,8.0,川崎,オーブ賞(3歳),10.0,5.0,川崎,ランポ賞(3歳),5.0,8.0,川崎,郭公賞(3歳),3.0,8.0,川崎,3歳5,11.0,10.0,船橋,3歳五,30.6,12.0,,nar,2026-08-20,58.84,57.8,58.3,64.7,69.5,57.4,45.0,履歴少 / 近走上向き / 安定感
202630082012,2026-08-20,12,ニュースタンダード,1.0,1.0,小野楓馬,55.0,,1.0,6.0,門別,JRA認定競走ターフ(OP)(2歳),1.0,2.0,門別,JRA認定競走アタッ(未勝利)(2歳),3.0,2.0,門別,2歳未勝利(未勝利),2.0,3.0,門別,JRA認定競走フレッ(新馬)(2歳),,,,,7.5,4.0,,nar,2026-08-20,72.73,95.2,63.4,89.7,56.0,63.5,45.0,履歴少 / 安定感
202648082012,2026-08-20,12,ハタノグランクリュ,5.0,5.0,望月洵輝,57.0,,5.0,2.0,名古屋,名古屋モーニングフィ(3歳),1.0,1.0,名古屋,3歳13組,11.0,14.0,3東京2,3歳未勝利,9.0,13.0,2東京7,3歳未勝利,11.0,6.0,3中山8,3歳未勝利,3.0,1.0,,nar,2026-08-20,54.36,56.9,48.2,55.3,68.0,54.0,45.0,履歴少 / 近走上向き
202650082012,2026-08-20,12,パイラタナー,5.0,5.0,廣瀬航,55.0,,2.0,2.0,園田,C2一,1.0,5.0,園田,プルメリア賞C2一,2.0,2.0,園田,C2二,3.0,4.0,園田,C2二,1.0,1.0,園田,C3一,14.4,7.0,,nar,2026-08-20,71.51,93.7,58.0,100.0,48.5,64.6,45.0,履歴少 / 安定感 / 市場オッズ妙味
202650082012,2026-08-20,12,パリッドキャリア,1.0,1.0,吉村智洋,57.0,,6.0,1.0,園田,ハナモモ賞B2,4.0,5.0,4阪神1,3歳以上1勝クラス,1.0,1.0,水沢,C2二組,1.0,1.0,水沢,C2五組,1.0,1.0,水沢,がんばれ!宮城県の酪(C2),8.8,3.0,,nar,2026-08-20,56.51,81.9,41.1,69.6,24.5,56.7,45.0,履歴少 / 安定感
202645082012,2026-08-20,12,ビクトリアリリー,5.0,4.0,藤本現暉,54.0,,9.0,6.0,浦和,3歳二,9.0,1.0,浦和,涙も花束にして賞(3歳),10.0,4.0,大井,’26桃花賞(OP)(3歳),3.0,7.0,川崎,小町(2歳),3.0,3.0,浦和,スイートアリッサム賞(2歳),18.0,7.0,,nar,2026-08-20,38.14,46.4,25.4,24.9,33.5,53.8,45.0,履歴少 / 市場オッズ妙味
202645082012,2026-08-20,12,ピカレスクヒーロー,11.0,7.0,和田譲治,56.0,,7.0,6.0,川崎,翡翠賞(3歳),5.0,9.0,川崎,赤翡翠賞(3歳),8.0,10.0,川崎,頬白賞(3歳),6.0,5.0,浦和,若草特別(3歳),7.0,3.0,川崎,連翹賞(3歳),13.2,6.0,,nar,2026-08-20,50.12,55.6,53.7,24.9,47.0,61.0,45.0,履歴少 / 市場オッズ妙味
202648082012,2026-08-20,12,ピコレーヴ,6.0,5.0,今井貴大,55.0,,4.0,4.0,名古屋,りょう&とうこ結婚お(3歳),9.0,2.0,名古屋,名古屋モーニングフィ(3歳),5.0,1.0,名古屋,名古屋モーニングフィ(3歳),2.0,2.0,名古屋,3歳11組,16.0,9.0,2東京10,3歳未勝利,9.2,4.0,,nar,2026-08-20,50.86,58.9,27.2,64.7,74.0,47.7,45.0,履歴少 / 近走上向き / 安定感
202648082012,2026-08-20,12,フローラルウェイ,2.0,2.0,加藤聡一,55.0,,4.0,10.0,名古屋,名古屋モーニングフィ(3歳),1.0,2.0,名古屋,3歳14組,8.0,1.0,名古屋,3歳14組,6.0,4.0,名古屋,3歳9組,11.0,11.0,1新潟4,3歳未勝利,16.3,8.0,,nar,2026-08-20,59.29,67.5,52.8,55.3,65.0,62.7,45.0,履歴少 / 近走上向き / 市場オッズ妙味
202650082012,2026-08-20,12,ブラックレイ,8.0,6.0,渡瀬和幸,57.0,,1.0,5.0,園田,C2一,9.0,4.0,4中京3,3歳未勝利,,4.0,4東京8,2歳新馬,,,,,,,,,4.3,2.0,,nar,2026-08-20,51.5,57.1,45.3,34.7,71.9,52.4,45.0,履歴少 / サンプル少 / 近走上向き
202648082012,2026-08-20,12,ブルーアンバー,4.0,4.0,渡辺竜也,55.0,,5.0,2.0,名古屋,ハンブルグ疾風戦(3歳),10.0,4.0,名古屋,3歳7組,2.0,4.0,名古屋,のあち27歳おめでと(3歳),7.0,4.0,名古屋,3歳7組,3.0,1.0,名古屋,3歳6組,13.1,6.0,,nar,2026-08-20,50.48,62.1,31.4,60.5,53.0,53.1,45.0,履歴少 / 安定感 / 市場オッズ妙味
202645082012,2026-08-20,12,ブルーオーシャン,3.0,3.0,藤田凌,56.0,,2.0,3.0,川崎,アウローラ賞(3歳),5.0,3.0,川崎,ランポ賞(3歳),6.0,3.0,川崎,郭公賞(3歳),1.0,1.0,川崎,3歳7,6.0,6.0,川崎,スミナガシ賞(2歳),6.6,3.0,,nar,2026-08-20,60.84,77.6,44.5,69.9,65.0,55.4,45.0,履歴少 / 近走上向き / 安定感
202648082012,2026-08-20,12,ブロンディ,8.0,6.0,大畑慧悟,55.0,,2.0,4.0,名古屋,3歳9組,4.0,9.0,名古屋,名古屋モーニングフィ(3歳),8.0,6.0,名古屋,白雲賞(3歳),3.0,6.0,名古屋,3歳10組,11.0,15.0,1福島6,3歳未勝利,21.9,11.0,,nar,2026-08-20,66.56,69.9,66.2,69.9,77.0,64.1,45.0,履歴少 / 人気以上に走る傾向 / 近走上向き / 安定感
202630082012,2026-08-20,12,プライベートセクタ,10.0,8.0,宮内勇樹,55.0,,3.0,3.0,門別,JRA認定競走ウィナ(OP)(2歳),4.0,3.0,門別,JRA認定競走ターフ(OP)(2歳),1.0,1.0,門別,JRA認定競走フレッ(新馬)(2歳),,,,,,,,,7.9,5.0,,nar,2026-08-20,62.63,85.6,47.7,75.1,47.0,57.7,45.0,履歴少 / 安定感
202648082012,2026-08-20,12,ヘヴンリースカイ,7.0,6.0,大畑雅章,55.0,,2.0,5.0,名古屋,名古屋モーニングフィ(3歳),3.0,7.0,名古屋,3歳7組,8.0,2.0,名古屋,3歳6組,5.0,1.0,名古屋,3歳5組,2.0,2.0,名古屋,3歳4組,10.5,5.0,,nar,2026-08-20,63.86,77.0,51.0,80.2,65.0,58.1,45.0,履歴少 / 近走上向き / 安定感
202648082012,2026-08-20,12,ホレキタヤレキタ,12.0,8.0,近藤颯羽,54.0,,6.0,6.0,名古屋,名古屋から世界へ!馬(3歳),8.0,4.0,名古屋,3歳4組,4.0,5.0,名古屋,若芽賞(3歳),2.0,10.0,名古屋,3歳5組,6.0,10.0,名古屋,3歳5組,22.1,12.0,,nar,2026-08-20,53.4,63.8,55.5,34.3,44.0,59.4,45.0,履歴少
202650082012,2026-08-20,12,マテンロウタイム,4.0,4.0,竹村達也,57.0,,1.0,1.0,園田,C2一,3.0,3.0,園田,C1,2.0,1.0,園田,C1一,3.0,1.0,園田,香川県オリーブ三畜特(C1),3.0,1.0,姫路,C1一,10.1,4.0,,nar,2026-08-20,67.84,90.4,45.1,100.0,60.5,56.6,45.0,履歴少 / 安定感
202645082012,2026-08-20,12,マロンデプティ,10.0,7.0,町田直希,54.0,,10.0,4.0,川崎,アウローラ賞(3歳),3.0,1.0,川崎,ブリーズ賞(3歳),2.0,4.0,川崎,3歳6,3.0,4.0,浦和,3歳五,6.0,4.0,川崎,3歳7,10.4,5.0,,nar,2026-08-20,47.85,66.1,36.1,59.3,11.0,55.4,45.0,履歴少
202645082012,2026-08-20,12,マーベラスティアラ,7.0,5.0,池谷匠翔,54.0,,7.0,10.0,川崎,ブレッザ賞(3歳),8.0,5.0,船橋,3歳二,1.0,2.0,川崎,アルコンスィエル賞(3歳),8.0,3.0,門別,2歳3組,3.0,2.0,門別,2歳3組,19.7,11.0,,nar,2026-08-20,49.64,61.6,46.7,30.1,38.0,60.8,45.0,履歴少 / 市場オッズ妙味
202648082012,2026-08-20,12,ユイバイハウス,10.0,7.0,丸野勝虎,57.0,,7.0,3.0,名古屋,3歳7組,2.0,6.0,名古屋,名古屋モーニングフィ(3歳),5.0,1.0,名古屋,3歳8組,2.0,2.0,名古屋,3歳10組,12.0,10.0,1新潟4,3歳未勝利,6.3,2.0,,nar,2026-08-20,52.57,66.8,41.5,59.3,39.5,53.9,45.0,履歴少
202630082012,2026-08-20,12,リガンド,6.0,6.0,石川倭,55.0,,1.0,1.0,門別,JRA認定競走アタッ(未勝利)(2歳),2.0,1.0,門別,2歳未勝利(未勝利),5.0,2.0,門別,JRA認定競走アタッ(未勝利)(2歳),2.0,1.0,門別,JRA認定競走アタッ(未勝利)(2歳),2.0,4.0,門別,JRA認定競走フレッ(新馬)(2歳),11.0,7.0,,nar,2026-08-20,67.72,89.7,44.5,100.0,60.5,58.3,45.0,履歴少 / 安定感
202630082012,2026-08-20,12,リュウノジェット,9.0,8.0,落合玄太,55.0,,8.0,10.0,門別,JRA認定競走ウィナ(OP)(2歳),8.0,8.0,門別,JRA認定競走ターフ(OP)(2歳),1.0,2.0,門別,JRA認定競走アタッ(未勝利)(2歳),4.0,5.0,門別,JRA認定競走フレッ(新馬)(2歳),,,,,83.4,10.0,,nar,2026-08-20,50.94,61.5,57.4,34.3,28.0,56.8,45.0,履歴少
