race_id,日付,レース,馬名,馬番,枠,騎手,斤量,実着順,着順1,人気1,場1,レース名1,タイム1,着差1,馬場1,着順2,人気2,場2,レース名2,タイム2,着差2,馬場2,着順3,人気3,場3,レース名3,タイム3,着差3,馬場3,着順4,人気4,場4,レース名4,タイム4,着差4,馬場4,着順5,人気5,場5,レース名5,タイム5,着差5,馬場5,単勝オッズ,人気,オッズ更新日時,source,_date,AREru指数,因子_performance,因子_upset,因子_consistency,因子_trend,因子_value,因子_context,理由
202601020401,2026-08-30,1,ウォータースパウト,11.0,7.0,吉田隼,55.0,,2.0,5.0,1札幌8,3歳未勝利,1:46.6,0.1,晴,,3.0,1函館9,3歳未勝利,,,雨,3.0,4.0,1函館7,3歳未勝利,1:47.1,0.4,晴,3.0,6.0,1函館3,3歳未勝利,1:46.8,0.1,曇,9.0,6.0,2東京4,3歳未勝利,1:40.1,1.4,曇,10.2,5.0,2026-08-30 02:55:04,jra,2026-08-30,67.11,80.6,61.5,64.7,68.0,63.1,50.0,前走人気以上 / 近走上向き / 安定感
202604030401,2026-08-30,1,エポカスピーガ,6.0,5.0,▲井上,57.0,,6.0,3.0,2福島6,障害3歳以上未勝利,3:06.8,3.0,小雨,6.0,14.0,1新潟6,障害4歳以上未勝利,3:12.4,1.2,晴,15.0,15.0,1中京5,4歳以上1勝クラス,1:26.7,2.6,晴,13.0,6.0,5中山1,3歳以上1勝クラス,1:13.5,2.3,曇,11.0,15.0,3福島4,3歳以上1勝クラス,1:10.2,0.7,晴,16.4,8.0,2026-08-30 02:35:04,jra,2026-08-30,45.31,35.8,53.3,0.0,81.5,55.0,50.0,近走上向き / 市場オッズ妙味
202601020401,2026-08-30,1,エリカビアリッツ,7.0,5.0,鮫島駿,55.0,,4.0,2.0,1函館5,3歳未勝利,1:44.6,0.4,晴,2.0,1.0,2東京12,3歳未勝利,1:39.2,0.2,曇,2.0,1.0,2東京1,3歳未勝利,1:39.3,0.3,曇,2.0,1.0,2札幌3,2歳未勝利,1:32.2,0.3,小雨,3.0,1.0,1札幌6,2歳新馬,1:31.3,0.2,曇,5.1,2.0,2026-08-30 02:55:04,jra,2026-08-30,62.75,86.3,40.1,100.0,39.5,52.4,48.8,履歴少 / 安定感
202604030401,2026-08-30,1,オーサムストローク,9.0,6.0,草野,60.0,,4.0,4.0,2新潟2,障害3歳以上未勝利,3:08.7,1.5,雨,3.0,2.0,2福島1,障害3歳以上未勝利,3:01.2,1.0,晴,6.0,6.0,1新潟6,障害4歳以上未勝利,3:13.3,2.4,晴,16.0,15.0,1東京5,銀蹄S(3勝クラス),1:27.8,4.4,晴,13.0,14.0,5東京3,奥多摩S(3勝クラス),1:21.7,1.2,晴,8.5,3.0,2026-08-30 02:35:04,jra,2026-08-30,56.93,56.3,48.0,55.3,83.0,58.5,48.8,履歴少 / 近走上向き
202601020401,2026-08-30,1,コイバナ,14.0,8.0,浜中,55.0,,3.0,5.0,1札幌7,3歳未勝利,2:35.9,0.9,晴,8.0,11.0,1函館9,3歳未勝利,1:44.4,1.5,雨,6.0,5.0,3阪神1,3歳未勝利,1:26.4,1.9,晴,5.0,8.0,1中京4,3歳未勝利,1:56.3,1.3,晴,7.0,5.0,1阪神5,3歳未勝利,1:57.9,1.2,晴,26.5,10.0,2026-08-30 02:55:04,jra,2026-08-30,59.41,63.6,59.7,45.0,71.0,59.5,50.0,前走人気以上 / 近走上向き / 市場オッズ妙味
202607030401,2026-08-30,1,コジアン,4.0,4.0,吉村,55.0,,6.0,6.0,1札幌5,2歳新馬,1:52.1,0.8,曇,,,,,,,,,,,,,,,,,,,,,,,,,,,,,20.3,7.0,2026-08-30 02:45:04,jra,2026-08-30,40.75,42.8,40.6,29.6,40.6,40.6,48.8,履歴少 / サンプル少
202607030401,2026-08-30,1,コスモルミナ,5.0,5.0,団野,55.0,,4.0,3.0,2新潟5,2歳未勝利,1:22.1,0.4,晴,5.0,5.0,2中京1,2歳新馬,1:23.1,0.6,晴,,,,,,,,,,,,,,,,,,,,,,8.3,4.0,2026-08-30 02:45:04,jra,2026-08-30,50.87,57.8,43.4,48.4,48.8,55.2,48.8,履歴少 / サンプル少
202601020401,2026-08-30,1,ゴーゴーエイミー,3.0,3.0,斎藤,55.0,,8.0,9.0,4京都4,2歳未勝利,1:14.6,1.9,晴,8.0,6.0,4新潟3,2歳未勝利,1:14.6,2.5,晴,8.0,7.0,2小倉2,2歳新馬,1:11.1,1.4,晴,,,,,,,,,,,,,,,62.5,12.0,2026-08-30 02:55:04,jra,2026-08-30,41.23,44.0,46.3,0.0,50.0,49.4,48.8,履歴少
202604030401,2026-08-30,1,ゴールデンステップ,13.0,8.0,高田,58.0,,2.0,1.0,2中京4,障害3歳以上未勝利,3:16.9,0.1,曇,2.0,1.0,3東京6,障害3歳以上未勝利,3:27.1,0.9,曇,3.0,2.0,1新潟7,障害4歳以上未勝利,3:12.0,0.6,晴,9.0,3.0,3中山3,障害4歳以上未勝利,3:21.9,3.5,雨,2.0,8.0,1中山7,障害4歳以上未勝利,3:14.0,0.4,晴,2.9,1.0,2026-08-30 02:35:04,jra,2026-08-30,63.27,82.2,43.0,85.4,62.0,52.6,48.8,履歴少 / 安定感
202601020401,2026-08-30,1,サンセリテ,5.0,4.0,武豊,55.0,,6.0,6.0,1札幌1,3歳未勝利,1:28.8,0.9,曇,10.0,3.0,2東京6,3歳未勝利,1:35.3,0.7,晴,9.0,2.0,1中山7,3歳未勝利,1:35.1,0.9,晴,6.0,1.0,4東京8,2歳未勝利,1:35.8,0.9,小雨,2.0,1.0,4中山3,2歳新馬,1:36.0,0.0,曇,12.8,6.0,2026-08-30 02:55:04,jra,2026-08-30,38.49,50.6,22.3,10.3,54.5,45.1,48.8,履歴少 / 市場オッズ妙味
202601020401,2026-08-30,1,ジーティービキニ,13.0,8.0,▲小林美,52.0,,4.0,2.0,1札幌5,3歳未勝利,1:47.6,1.7,曇,4.0,1.0,1函館9,3歳未勝利,1:43.7,0.8,雨,6.0,2.0,3京都4,3歳未勝利,1:54.6,0.9,曇,3.0,1.0,2阪神7,3歳未勝利,1:54.8,0.1,晴,4.0,1.0,2京都2,3歳未勝利,1:56.5,0.6,晴,6.8,3.0,2026-08-30 02:55:04,jra,2026-08-30,55.78,74.0,30.8,80.2,51.5,49.1,50.0,安定感
202607030401,2026-08-30,1,スターオブザイヤー,9.0,8.0,松若,55.0,,2.0,5.0,2中京5,2歳新馬,1:22.5,0.5,晴,,,,,,,,,,,,,,,,,,,,,,,,,,,,,5.2,2.0,2026-08-30 02:45:04,jra,2026-08-30,44.82,49.9,45.3,36.3,40.6,42.0,48.8,前走人気以上 / 履歴少 / サンプル少
202604030401,2026-08-30,1,スノーリン,12.0,8.0,江田勇,60.0,,10.0,14.0,2福島6,障害3歳以上未勝利,3:07.6,3.8,小雨,8.0,13.0,1新潟8,障害4歳以上未勝利,3:15.9,4.4,曇,11.0,14.0,3京都2,障害4歳以上未勝利,3:29.9,9.9,晴,13.0,14.0,1阪神8,障害4歳以上未勝利,3:32.0,6.8,曇,9.0,7.0,2福島8,3歳未勝利,1:52.6,1.6,晴,147.0,13.0,2026-08-30 02:35:04,jra,2026-08-30,44.1,27.7,71.0,0.0,51.5,58.1,50.0,前走人気以上 / 人気以上に走る傾向
202607030401,2026-08-30,1,スピーディスピン,3.0,3.0,☆田山,54.0,,10.0,4.0,2中京7,2歳未勝利,1:27.8,1.7,晴,4.0,5.0,2中京2,2歳未勝利,1:21.1,0.4,曇,5.0,8.0,3阪神2,2歳新馬,1:22.7,0.8,雨,,,,,,,,,,,,,,,6.9,3.0,2026-08-30 02:45:04,jra,2026-08-30,45.18,54.5,40.8,44.7,17.0,56.1,48.8,履歴少
202601020401,2026-08-30,1,セントピュアベース,9.0,6.0,荻野琢,55.0,,5.0,6.0,1札幌8,3歳未勝利,1:47.5,1.0,晴,10.0,7.0,2小倉3,3歳未勝利,1:47.0,2.4,曇,5.0,8.0,3阪神4,3歳未勝利,1:56.3,0.4,曇,6.0,7.0,3京都10,3歳未勝利,1:55.9,1.5,晴,8.0,11.0,3京都4,3歳未勝利,1:54.9,1.2,曇,128.5,13.0,2026-08-30 02:55:04,jra,2026-08-30,54.83,54.4,54.2,50.2,63.5,56.8,50.0,総合評価
202601020401,2026-08-30,1,タガノシルフィー,1.0,1.0,横山和,55.0,,2.0,1.0,1札幌4,3歳未勝利,1:46.7,0.9,晴,2.0,2.0,1函館9,3歳未勝利,1:43.1,0.2,雨,5.0,1.0,1函館3,3歳未勝利,1:47.3,0.6,曇,6.0,3.0,3京都7,3歳未勝利,1:26.5,1.5,晴,,,3京都4,3歳未勝利,,,曇,7.0,4.0,2026-08-30 02:55:04,jra,2026-08-30,60.89,81.5,38.0,75.1,64.0,51.8,50.0,安定感
202601020401,2026-08-30,1,タガノラヴズワン,8.0,5.0,▲和田陽,52.0,,10.0,5.0,2小倉5,3歳未勝利,1:48.4,1.5,晴,2.0,6.0,3阪神4,3歳未勝利,1:56.0,0.1,曇,2.0,10.0,1中京1,3歳未勝利,1:56.0,1.0,晴,11.0,11.0,1小倉10,3歳未勝利,1:49.9,1.5,晴,8.0,12.0,4京都7,2歳新馬,1:36.1,0.7,晴,24.2,9.0,2026-08-30 02:55:04,jra,2026-08-30,52.64,57.1,60.3,44.7,24.5,63.4,50.0,市場オッズ妙味
202607030401,2026-08-30,1,ダイメイアゲイン,6.0,6.0,川須,55.0,,7.0,7.0,2中京5,2歳新馬,1:23.7,1.7,晴,,,,,,,,,,,,,,,,,,,,,,,,,,,,,142.6,9.0,2026-08-30 02:45:04,jra,2026-08-30,40.25,41.1,40.6,29.6,40.6,40.6,48.8,履歴少 / サンプル少
202601020401,2026-08-30,1,テンレッドサン,4.0,3.0,横山武,55.0,,4.0,3.0,1札幌8,3歳未勝利,1:47.3,0.8,晴,3.0,1.0,1函館6,3歳未勝利,1:46.5,0.5,晴,3.0,1.0,1函館1,3歳未勝利,1:45.9,0.5,雨,2.0,6.0,1小倉11,3歳未勝利,1:45.7,0.5,曇,7.0,7.0,4京都5,2歳未勝利,1:54.9,2.2,晴,13.8,7.0,2026-08-30 02:55:04,jra,2026-08-30,63.14,79.4,45.7,89.7,48.5,60.5,48.8,履歴少 / 安定感 / 市場オッズ妙味
202604030401,2026-08-30,1,トラマンダーレ,11.0,7.0,△坂口,58.0,,,6.0,2福島1,障害3歳以上未勝利,,,晴,12.0,13.0,2東京4,府中S(3勝クラス),1:58.2,1.1,晴,13.0,9.0,5中山3,常総S(3勝クラス),1:48.0,0.7,曇,8.0,7.0,4東京7,甲斐路S(3勝クラス),1:46.2,0.8,小雨,4.0,5.0,3新潟2,長岡S(3勝クラス),1:32.8,0.3,晴,9.1,4.0,2026-08-30 02:35:04,jra,2026-08-30,34.33,25.9,44.1,10.3,28.0,50.0,48.8,履歴少
202607030401,2026-08-30,1,ナポリ,2.0,2.0,▲川端,52.0,,11.0,10.0,3阪神3,2歳新馬,1:12.0,3.8,晴,,,,,,,,,,,,,,,,,,,,,,,,,,,,,27.2,8.0,2026-08-30 02:45:04,jra,2026-08-30,37.76,34.0,39.1,29.6,40.6,39.5,48.8,履歴少 / サンプル少
202604030401,2026-08-30,1,ニシノインヴィクタ,2.0,2.0,伴,60.0,,11.0,9.0,2福島2,障害3歳以上未勝利,3:01.4,2.6,晴,11.0,12.0,1新潟1,障害4歳以上未勝利,3:19.6,6.9,晴,15.0,15.0,1中山5,4歳以上1勝クラス,2:01.0,1.8,晴,14.0,8.0,5中京4,3歳以上1勝クラス,1:36.4,0.8,晴,7.0,11.0,5東京6,3歳以上1勝クラス,1:32.8,0.8,晴,31.0,10.0,2026-08-30 02:35:04,jra,2026-08-30,33.6,16.4,44.3,0.0,54.5,49.7,48.8,履歴少
202604030401,2026-08-30,1,ニシノクードクール,3.0,3.0,▲水沼,57.0,,7.0,5.0,2小倉8,障害3歳以上未勝利,3:14.6,3.0,晴,15.0,15.0,1中京5,フィリピンT(2勝クラス),1:22.2,1.2,晴,14.0,15.0,1東京5,4歳以上2勝クラス,1:39.3,2.0,晴,8.0,9.0,5東京2,3歳以上2勝クラス,1:18.7,1.2,小雨,5.0,13.0,4東京4,3歳以上2勝クラス,1:18.8,1.1,曇,27.4,9.0,2026-08-30 02:35:04,jra,2026-08-30,44.03,29.3,53.9,10.3,71.0,56.9,51.8,クラス条件好転 / 近走上向き
202604030401,2026-08-30,1,バトンロード,7.0,5.0,▲小林凌,57.0,,16.0,15.0,3東京4,3歳以上1勝クラス,1:40.6,3.8,曇,14.0,15.0,2阪神3,4歳以上1勝クラス,1:13.6,1.9,雨,12.0,15.0,1阪神9,4歳以上1勝クラス,1:13.4,1.2,晴,14.0,14.0,1小倉12,4歳以上1勝クラス,1:47.6,3.1,晴,15.0,16.0,5中京3,3歳以上1勝クラス,1:26.5,2.0,曇,74.2,12.0,2026-08-30 02:35:04,jra,2026-08-30,30.49,2.4,54.5,0.0,36.5,53.5,48.8,履歴少
202607030401,2026-08-30,1,ビップルーチェ,1.0,1.0,◇永島,53.0,,9.0,9.0,2中京6,2歳新馬,1:37.5,2.7,曇,,,,,,,,,,,,,,,,,,,,,,,,,,,,,14.6,5.0,2026-08-30 02:45:04,jra,2026-08-30,39.27,37.6,40.6,29.6,40.6,40.6,48.8,履歴少 / サンプル少
202601020401,2026-08-30,1,ビレッジルイーザ,6.0,4.0,丹内,55.0,,3.0,6.0,1札幌5,3歳未勝利,1:47.6,1.4,小雨,5.0,2.0,1札幌2,3歳未勝利,1:47.9,1.9,晴,2.0,4.0,2福島5,3歳未勝利,1:46.4,0.7,曇,8.0,5.0,3東京1,3歳未勝利,1:40.4,1.7,曇,2.0,5.0,2東京8,3歳未勝利,1:39.8,1.1,晴,30.7,11.0,2026-08-30 02:55:04,jra,2026-08-30,64.38,76.6,53.0,85.4,57.5,57.6,50.0,前走人気以上 / 安定感 / 市場オッズ妙味
202604030401,2026-08-30,1,フレイムジョーカー,1.0,1.0,大江圭,60.0,,7.0,6.0,2福島2,障害3歳以上未勝利,3:00.4,1.6,晴,6.0,4.0,1新潟4,障害4歳以上未勝利,3:14.2,2.9,晴,14.0,14.0,5中京4,3歳以上1勝クラス,1:27.3,2.2,晴,13.0,10.0,4東京11,3歳以上1勝クラス,1:26.3,2.7,曇,5.0,9.0,4東京3,3歳以上1勝クラス,1:26.1,1.3,小雨,13.2,7.0,2026-08-30 02:35:04,jra,2026-08-30,42.49,38.4,44.2,10.3,65.0,51.6,48.8,履歴少 / 近走上向き / 市場オッズ妙味
202601020401,2026-08-30,1,ブライトエンジェル,12.0,7.0,川又,55.0,,2.0,6.0,1札幌8,3歳未勝利,1:46.4,0.1,晴,12.0,4.0,2小倉6,3歳未勝利,1:09.3,1.2,晴,14.0,8.0,3阪神6,3歳未勝利,1:36.5,2.4,晴,3.0,2.0,1小倉9,3歳未勝利,1:09.1,0.3,晴,3.0,4.0,1小倉4,3歳新馬,1:09.1,0.5,曇,3.0,1.0,2026-08-30 02:55:04,jra,2026-08-30,52.43,51.9,36.0,55.3,86.0,48.2,55.7,前走人気以上 / 小倉実績 / 近走上向き
202604030401,2026-08-30,1,ブラックシールド,8.0,6.0,小牧加,60.0,,9.0,5.0,3東京1,障害3歳以上未勝利,3:25.7,3.5,曇,14.0,14.0,3京都6,平城京S(OP),1:52.7,3.6,晴,9.0,13.0,1阪神6,大阪城S(L),1:45.1,1.1,晴,10.0,12.0,2京都5,洛陽S(L),1:34.7,0.7,晴,6.0,12.0,5阪神1,鳴尾記念(GIII),1:44.2,0.5,晴,9.4,5.0,2026-08-30 02:35:04,jra,2026-08-30,40.55,28.3,53.4,0.0,54.5,57.7,51.8,クラス条件好転 / 履歴少
202604030401,2026-08-30,1,マルディランダ,5.0,4.0,上野,60.0,,2.0,2.0,2中京3,障害3歳以上未勝利,3:18.0,0.0,晴,5.0,4.0,2東京11,障害4歳以上未勝利,3:26.7,1.7,晴,16.0,16.0,1東京6,バレンタインS(OP),1:26.1,3.1,晴,16.0,10.0,3福島2,みちのくS(OP),1:10.2,1.9,小雨,6.0,8.0,3新潟2,朱鷺S(L),1:20.9,0.4,晴,3.8,2.0,2026-08-30 02:35:04,jra,2026-08-30,55.62,51.1,43.6,55.3,100.0,52.4,48.8,履歴少 / 近走上向き
202601020401,2026-08-30,1,マーゴットクリュグ,2.0,2.0,松本,55.0,,2.0,5.0,1札幌5,3歳未勝利,1:46.8,0.9,曇,5.0,8.0,1函館9,3歳未勝利,1:43.7,0.8,雨,2.0,9.0,1函館3,3歳未勝利,1:46.8,0.1,曇,8.0,6.0,3京都4,3歳未勝利,1:25.6,1.6,曇,10.0,11.0,1小倉11,3歳未勝利,1:47.9,2.7,曇,19.4,8.0,2026-08-30 02:55:04,jra,2026-08-30,70.19,72.4,70.0,75.1,75.5,71.8,50.0,前走人気以上 / 人気以上に走る傾向 / 近走上向き / 安定感
202604030401,2026-08-30,1,メイショウブレゲ,4.0,4.0,中村,60.0,,8.0,6.0,2小倉4,障害3歳以上未勝利,3:15.2,2.4,雨,9.0,2.0,1新潟3,障害4歳以上未勝利,3:17.3,7.3,晴,8.0,9.0,1阪神10,阪神大賞典(GII),3:03.9,1.9,曇,11.0,12.0,2京都6,京都記念(GII),2:14.3,1.6,曇,7.0,4.0,1京都2,万葉S(OP),3:08.8,1.3,晴,12.4,6.0,2026-08-30 02:35:04,jra,2026-08-30,37.14,39.3,33.8,0.0,54.5,46.3,50.0,市場オッズ妙味
202601020401,2026-08-30,1,モンテパステル,10.0,6.0,古川吉,55.0,,13.0,8.0,2小倉3,3歳未勝利,1:48.2,3.6,曇,,,,,,,,,,,,,,,,,,,,,,,,,,,,,128.5,14.0,2026-08-30 02:55:04,jra,2026-08-30,34.8,30.5,32.9,29.6,40.6,35.1,50.0,サンプル少
202607030401,2026-08-30,1,ヤマトデュノール,10.0,8.0,▲森田,52.0,,10.0,10.0,2中京8,2歳未勝利,1:10.5,2.1,晴,13.0,13.0,2中京1,2歳新馬,1:25.4,2.9,晴,,,,,,,,,,,,,,,,,,,,,,170.2,10.0,2026-08-30 02:45:04,jra,2026-08-30,39.01,27.5,45.5,18.0,55.4,48.0,48.8,履歴少 / サンプル少
202604030401,2026-08-30,1,ヨシノヤッタルデー,10.0,7.0,黒岩,60.0,,7.0,9.0,2中京6,障害3歳以上未勝利,3:23.8,6.2,晴,12.0,11.0,1新潟7,障害4歳以上未勝利,3:16.8,5.4,晴,11.0,14.0,2阪神5,4歳以上2勝クラス,1:11.6,0.9,晴,13.0,14.0,2京都4,4歳以上2勝クラス,1:14.1,1.6,曇,10.0,9.0,5阪神4,3歳以上2勝クラス,1:12.4,1.3,晴,64.4,11.0,2026-08-30 02:35:04,jra,2026-08-30,42.62,26.2,57.0,0.0,77.0,53.5,48.8,履歴少 / 近走上向き
202607030401,2026-08-30,1,ロンリーマン,7.0,7.0,太宰,55.0,,5.0,5.0,2中京5,2歳未勝利,1:35.2,0.8,晴,9.0,6.0,2中京1,2歳新馬,1:23.5,1.0,晴,,,,,,,,,,,,,,,,,,,,,,19.6,6.0,2026-08-30 02:45:04,jra,2026-08-30,46.03,47.5,40.3,34.7,58.7,49.9,48.8,履歴少 / サンプル少 / 市場オッズ妙味
202607030401,2026-08-30,1,ヴィヴェローネ,8.0,7.0,松山,55.0,,3.0,3.0,3阪神6,2歳新馬,1:37.3,0.2,晴,,,,,,,,,,,,,,,,,,,,,,,,,,,,,1.7,1.0,2026-08-30 02:45:04,jra,2026-08-30,43.03,48.1,40.6,36.3,40.6,40.6,48.8,履歴少 / サンプル少
202601020402,2026-08-30,2,アスコットペスカ,10.0,6.0,▲和田陽,52.0,,11.0,13.0,1札幌6,2歳新馬,1:31.8,2.6,晴,,,,,,,,,,,,,,,,,,,,,,,,,,,,,156.5,13.0,2026-08-30 02:26:39,jra,2026-08-30,39.21,34.0,43.7,29.6,40.6,42.0,48.8,履歴少 / サンプル少
202601020402,2026-08-30,2,アルテクィーン,8.0,5.0,鮫島駿,55.0,,8.0,10.0,1函館12,函館2歳S(GIII),1:11.3,0.9,晴,2.0,1.0,1函館7,2歳未勝利,1:08.8,0.0,晴,2.0,4.0,1函館1,2歳新馬,1:09.7,0.3,晴,,,,,,,,,,,,,,,7.2,3.0,2026-08-30 02:26:39,jra,2026-08-30,55.24,72.6,57.0,44.7,14.0,61.7,55.7,函館実績
202601020402,2026-08-30,2,アワードリームス,1.0,1.0,石川倭,55.0,,9.0,5.0,1札幌3,2歳新馬,1:33.5,3.1,曇,,,,,,,,,,,,,,,,,,,,,,,,,,,,,89.6,10.0,2026-08-30 02:26:39,jra,2026-08-30,37.17,37.6,34.5,29.6,40.6,36.2,48.8,履歴少 / サンプル少
202601020402,2026-08-30,2,インサイドストーム,11.0,7.0,古川吉,55.0,,9.0,12.0,1札幌6,2歳新馬,1:31.1,1.9,晴,,,,,,,,,,,,,,,,,,,,,,,,,,,,,167.9,14.0,2026-08-30 02:26:39,jra,2026-08-30,40.57,37.6,45.3,29.6,40.6,42.0,48.8,前走人気以上 / 履歴少 / サンプル少
202604030402,2026-08-30,2,ウィザードシチー,8.0,6.0,亀田,55.0,,,,,,,,,,,,,,,,,,,,,,,,,,,,,,,,,,,,,16.5,8.0,2026-08-30 03:11:14,jra,2026-08-30,36.0,35.0,35.0,35.0,35.0,35.0,45.0,履歴少
202604030402,2026-08-30,2,ウラノグラフィア,3.0,3.0,岩田望,55.0,,,,,,,,,,,,,,,,,,,,,,,,,,,,,,,,,,,,,3.1,1.0,2026-08-30 03:11:14,jra,2026-08-30,36.0,35.0,35.0,35.0,35.0,35.0,45.0,履歴少
202604030402,2026-08-30,2,エコロゲラン,12.0,8.0,菊沢,55.0,,,,,,,,,,,,,,,,,,,,,,,,,,,,,,,,,,,,,21.2,10.0,2026-08-30 03:11:14,jra,2026-08-30,36.0,35.0,35.0,35.0,35.0,35.0,45.0,履歴少
202607030402,2026-08-30,2,カフジポポー,10.0,8.0,☆田山,54.0,,,,,,,,,,,,,,,,,,,,,,,,,,,,,,,,,,,,,24.3,9.0,2026-08-30 03:24:09,jra,2026-08-30,36.0,35.0,35.0,35.0,35.0,35.0,45.0,履歴少
202601020402,2026-08-30,2,キャンドル,6.0,4.0,横山琉,55.0,,10.0,3.0,1札幌7,2歳新馬,1:12.3,1.8,晴,,,,,,,,,,,,,,,,,,,,,,,,,,,,,135.8,12.0,2026-08-30 02:26:39,jra,2026-08-30,35.11,35.8,29.9,29.6,40.6,32.9,48.8,履歴少 / サンプル少
202604030402,2026-08-30,2,ギガントシュラーク,11.0,7.0,丸山,55.0,,,,,,,,,,,,,,,,,,,,,,,,,,,,,,,,,,,,,80.5,13.0,2026-08-30 03:11:14,jra,2026-08-30,36.0,35.0,35.0,35.0,35.0,35.0,45.0,履歴少
202601020402,2026-08-30,2,ギャルズマインド,13.0,8.0,浜中,55.0,,3.0,3.0,1札幌3,2歳新馬,1:31.0,0.6,曇,,,,,,,,,,,,,,,,,,,,,,,,,,,,,7.4,4.0,2026-08-30 02:26:39,jra,2026-08-30,43.03,48.1,40.6,36.3,40.6,40.6,48.8,履歴少 / サンプル少
202601020402,2026-08-30,2,ゲームチェンジャー,7.0,5.0,原田和,55.0,,8.0,12.0,1札幌7,2歳新馬,1:12.2,1.7,晴,,,,,,,,,,,,,,,,,,,,,,,,,,,,,123.1,11.0,2026-08-30 02:26:39,jra,2026-08-30,41.43,39.3,46.8,29.6,40.6,42.0,48.8,前走人気以上 / 履歴少 / サンプル少
202607030402,2026-08-30,2,コスモクラウン,4.0,4.0,松山,55.0,,,,,,,,,,,,,,,,,,,,,,,,,,,,,,,,,,,,,3.0,2.0,2026-08-30 03:24:09,jra,2026-08-30,36.0,35.0,35.0,35.0,35.0,35.0,45.0,履歴少
202604030402,2026-08-30,2,ゴルトシェーン,2.0,2.0,◇今村,53.0,,,,,,,,,,,,,,,,,,,,,,,,,,,,,,,,,,,,,9.2,4.0,2026-08-30 03:11:14,jra,2026-08-30,36.0,35.0,35.0,35.0,35.0,35.0,45.0,履歴少
202604030402,2026-08-30,2,ゴールドバーニング,1.0,1.0,△石神道,53.0,,,,,,,,,,,,,,,,,,,,,,,,,,,,,,,,,,,,,36.7,12.0,2026-08-30 03:11:14,jra,2026-08-30,36.0,35.0,35.0,35.0,35.0,35.0,45.0,履歴少
202607030402,2026-08-30,2,サトノボルテクス,1.0,1.0,幸,55.0,,,,,,,,,,,,,,,,,,,,,,,,,,,,,,,,,,,,,15.5,7.0,2026-08-30 03:24:09,jra,2026-08-30,36.0,35.0,35.0,35.0,35.0,35.0,45.0,履歴少
202607030402,2026-08-30,2,シャトンダンス,5.0,5.0,吉村,55.0,,,,,,,,,,,,,,,,,,,,,,,,,,,,,,,,,,,,,16.0,8.0,2026-08-30 03:24:09,jra,2026-08-30,36.0,35.0,35.0,35.0,35.0,35.0,45.0,履歴少
202601020402,2026-08-30,2,ショパンコンクール,3.0,3.0,丹内,55.0,,11.0,4.0,1札幌5,2歳未勝利,1:31.2,1.1,小雨,5.0,4.0,1函館12,2歳未勝利,1:12.3,0.3,小雨,2.0,2.0,1函館6,2歳新馬,1:10.3,1.0,晴,,,,,,,,,,,,,,,44.1,9.0,2026-08-30 02:26:39,jra,2026-08-30,39.68,54.9,27.8,44.7,5.0,47.6,50.0,市場オッズ妙味
202607030402,2026-08-30,2,シーラーステート,2.0,2.0,坂井,55.0,,,,,,,,,,,,,,,,,,,,,,,,,,,,,,,,,,,,,2.7,1.0,2026-08-30 03:24:09,jra,2026-08-30,36.0,35.0,35.0,35.0,35.0,35.0,45.0,履歴少
202604030402,2026-08-30,2,スタレネルヴェント,10.0,7.0,原,55.0,,,,,,,,,,,,,,,,,,,,,,,,,,,,,,,,,,,,,12.3,5.0,2026-08-30 03:11:14,jra,2026-08-30,36.0,35.0,35.0,35.0,35.0,35.0,45.0,履歴少
202601020402,2026-08-30,2,ソニックアイル,12.0,7.0,横山武,55.0,,2.0,2.0,1函館3,2歳新馬,1:09.2,0.2,晴,,,,,,,,,,,,,,,,,,,,,,,,,,,,,1.6,1.0,2026-08-30 02:26:39,jra,2026-08-30,43.52,49.9,40.6,36.3,40.6,40.6,48.8,履歴少 / サンプル少
202604030402,2026-08-30,2,タイセイリッター,13.0,8.0,△石田,53.0,,,,,,,,,,,,,,,,,,,,,,,,,,,,,,,,,,,,,13.9,6.0,2026-08-30 03:11:14,jra,2026-08-30,36.0,35.0,35.0,35.0,35.0,35.0,45.0,履歴少
202601020402,2026-08-30,2,トスカ,4.0,3.0,小沢,55.0,,4.0,8.0,1札幌7,2歳新馬,1:11.7,1.2,晴,,,,,,,,,,,,,,,,,,,,,,,,,,,,,42.1,8.0,2026-08-30 02:26:39,jra,2026-08-30,44.2,46.4,46.8,36.3,40.6,42.0,48.8,前走人気以上 / 履歴少 / サンプル少
202601020402,2026-08-30,2,トーセンルルド,14.0,8.0,武豊,55.0,,2.0,4.0,1札幌1,2歳未勝利,1:10.0,0.0,曇,3.0,4.0,1函館7,2歳未勝利,1:09.2,0.4,晴,5.0,7.0,1函館4,2歳新馬,1:10.4,0.9,小雨,,,,,,,,,,,,,,,6.4,2.0,2026-08-30 02:26:39,jra,2026-08-30,68.36,83.0,61.7,75.1,62.0,63.3,50.0,安定感
202607030402,2026-08-30,2,ナイトインチュニス,6.0,6.0,団野,55.0,,,,,,,,,,,,,,,,,,,,,,,,,,,,,,,,,,,,,7.7,3.0,2026-08-30 03:24:09,jra,2026-08-30,36.0,35.0,35.0,35.0,35.0,35.0,45.0,履歴少
202604030402,2026-08-30,2,ニシノマキロイ,6.0,5.0,野中,55.0,,,,,,,,,,,,,,,,,,,,,,,,,,,,,,,,,,,,,29.3,11.0,2026-08-30 03:11:14,jra,2026-08-30,36.0,35.0,35.0,35.0,35.0,35.0,45.0,履歴少
202601020402,2026-08-30,2,パーフェクトゲーム,9.0,6.0,横山和,55.0,,2.0,2.0,1札幌7,2歳新馬,1:11.1,0.6,晴,,,,,,,,,,,,,,,,,,,,,,,,,,,,,26.3,7.0,2026-08-30 02:26:39,jra,2026-08-30,43.52,49.9,40.6,36.3,40.6,40.6,48.8,履歴少 / サンプル少
202604030402,2026-08-30,2,ピーエムリンダ,7.0,5.0,武藤,55.0,,,,,,,,,,,,,,,,,,,,,,,,,,,,,,,,,,,,,16.1,7.0,2026-08-30 03:11:14,jra,2026-08-30,36.0,35.0,35.0,35.0,35.0,35.0,45.0,履歴少
202607030402,2026-08-30,2,ベラジオセブン,3.0,3.0,国分恭,55.0,,,,,,,,,,,,,,,,,,,,,,,,,,,,,,,,,,,,,15.0,6.0,2026-08-30 03:24:09,jra,2026-08-30,36.0,35.0,35.0,35.0,35.0,35.0,45.0,履歴少
202604030402,2026-08-30,2,マイトレーヤー,4.0,4.0,津村,55.0,,,,,,,,,,,,,,,,,,,,,,,,,,,,,,,,,,,,,20.3,9.0,2026-08-30 03:11:14,jra,2026-08-30,36.0,35.0,35.0,35.0,35.0,35.0,45.0,履歴少
202604030402,2026-08-30,2,ミシェルバローズ,5.0,4.0,三浦,55.0,,,,,,,,,,,,,,,,,,,,,,,,,,,,,,,,,,,,,8.2,3.0,2026-08-30 03:11:14,jra,2026-08-30,36.0,35.0,35.0,35.0,35.0,35.0,45.0,履歴少
202601020402,2026-08-30,2,ミハテヌユメ,5.0,4.0,▲小林美,52.0,,7.0,4.0,1函館5,2歳新馬,1:11.2,1.4,晴,,,,,,,,,,,,,,,,,,,,,,,,,,,,,20.3,6.0,2026-08-30 02:26:39,jra,2026-08-30,38.68,41.1,36.0,29.6,40.6,37.3,48.8,履歴少 / サンプル少
202607030402,2026-08-30,2,メイショウスパーク,9.0,8.0,太宰,55.0,,,,,,,,,,,,,,,,,,,,,,,,,,,,,,,,,,,,,40.0,10.0,2026-08-30 03:24:09,jra,2026-08-30,36.0,35.0,35.0,35.0,35.0,35.0,45.0,履歴少
202607030402,2026-08-30,2,メイショウセイクウ,8.0,7.0,松若,55.0,,,,,,,,,,,,,,,,,,,,,,,,,,,,,,,,,,,,,14.2,5.0,2026-08-30 03:24:09,jra,2026-08-30,36.0,35.0,35.0,35.0,35.0,35.0,45.0,履歴少
202607030402,2026-08-30,2,ラガッタレアーレ,7.0,7.0,北村友,55.0,,,,,,,,,,,,,,,,,,,,,,,,,,,,,,,,,,,,,10.7,4.0,2026-08-30 03:24:09,jra,2026-08-30,36.0,35.0,35.0,35.0,35.0,35.0,45.0,履歴少
202604030402,2026-08-30,2,レッドマウロア,9.0,6.0,川田,55.0,,,,,,,,,,,,,,,,,,,,,,,,,,,,,,,,,,,,,3.8,2.0,2026-08-30 03:11:14,jra,2026-08-30,36.0,35.0,35.0,35.0,35.0,35.0,45.0,履歴少
202601020402,2026-08-30,2,ヴィヴィアンリーチ,2.0,2.0,斎藤,55.0,,6.0,3.0,1札幌1,2歳未勝利,1:10.4,0.4,曇,4.0,5.0,1函館1,2歳新馬,1:09.8,0.4,晴,,,,,,,,,,,,,,,,,,,,,,19.1,5.0,2026-08-30 02:26:39,jra,2026-08-30,46.18,55.0,40.9,31.7,38.9,54.5,48.8,履歴少 / サンプル少 / 市場オッズ妙味
202607030403,2026-08-30,3,アモロロプーロ,6.0,6.0,◇永島,53.0,,,,,,,,,,,,,,,,,,,,,,,,,,,,,,,,,,,,,17.3,9.0,2026-08-30 02:51:14,jra,2026-08-30,36.0,35.0,35.0,35.0,35.0,35.0,45.0,履歴少
202604030403,2026-08-30,3,イカルステソーロ,3.0,3.0,岩田望,55.0,,4.0,7.0,2新潟7,2歳新馬,1:48.7,0.7,晴,,,,,,,,,,,,,,,,,,,,,,,,,,,,,4.3,2.0,2026-08-30 02:42:44,jra,2026-08-30,43.83,46.4,45.3,36.3,40.6,42.0,48.8,前走人気以上 / 履歴少 / サンプル少
202604030403,2026-08-30,3,ウイニングレイ,6.0,6.0,岩田康,55.0,,8.0,7.0,2福島7,2歳新馬,1:50.6,1.2,曇,,,,,,,,,,,,,,,,,,,,,,,,,,,,,7.8,4.0,2026-08-30 02:42:44,jra,2026-08-30,39.36,39.3,39.1,29.6,40.6,39.5,50.0,サンプル少
202604030403,2026-08-30,3,エクスマキナ,5.0,5.0,津村,55.0,,4.0,5.0,2新潟6,2歳未勝利,2:01.1,1.1,曇,3.0,8.0,2福島6,2歳新馬,1:51.1,1.2,小雨,,,,,,,,,,,,,,,,,,,,,,2.2,1.0,2026-08-30 02:42:44,jra,2026-08-30,54.49,61.8,56.3,48.4,42.2,55.8,50.0,前走人気以上 / サンプル少
202607030403,2026-08-30,3,エーテルワーム,8.0,7.0,吉村,55.0,,,,,,,,,,,,,,,,,,,,,,,,,,,,,,,,,,,,,12.0,8.0,2026-08-30 02:51:14,jra,2026-08-30,36.0,35.0,35.0,35.0,35.0,35.0,45.0,履歴少
202601020403,2026-08-30,3,クリコイーコ,12.0,7.0,吉田隼,55.0,,11.0,15.0,1札幌5,3歳未勝利,1:10.1,0.6,曇,5.0,5.0,1札幌1,3歳未勝利,1:00.2,1.5,曇,7.0,8.0,1函館10,3歳未勝利,0:59.0,0.5,小雨,7.0,9.0,3京都12,3歳未勝利,1:13.6,1.4,晴,9.0,8.0,3京都1,3歳未勝利,1:26.8,2.1,晴,52.1,14.0,2026-08-30 02:55:54,jra,2026-08-30,46.06,44.6,61.2,24.9,26.0,55.5,50.0,前走人気以上
202604030403,2026-08-30,3,ケイジャーダ,1.0,1.0,柴田大,55.0,,9.0,12.0,2新潟7,2歳新馬,1:49.4,1.4,晴,,,,,,,,,,,,,,,,,,,,,,,,,,,,,15.5,7.0,2026-08-30 02:42:44,jra,2026-08-30,40.57,37.6,45.3,29.6,40.6,42.0,48.8,前走人気以上 / 履歴少 / サンプル少
202607030403,2026-08-30,3,コルキス,5.0,5.0,西村淳,55.0,,,,,,,,,,,,,,,,,,,,,,,,,,,,,,,,,,,,,7.6,5.0,2026-08-30 02:51:14,jra,2026-08-30,36.0,35.0,35.0,35.0,35.0,35.0,45.0,履歴少
202607030403,2026-08-30,3,ゴーイントゥノヴァ,7.0,6.0,坂井,55.0,,,,,,,,,,,,,,,,,,,,,,,,,,,,,,,,,,,,,6.6,4.0,2026-08-30 02:51:14,jra,2026-08-30,36.0,35.0,35.0,35.0,35.0,35.0,45.0,履歴少
202607030403,2026-08-30,3,サイモンジェセル,1.0,1.0,松山,55.0,,,,,,,,,,,,,,,,,,,,,,,,,,,,,,,,,,,,,26.4,11.0,2026-08-30 02:51:14,jra,2026-08-30,36.0,35.0,35.0,35.0,35.0,35.0,45.0,履歴少
202601020403,2026-08-30,3,サクセスブルー,2.0,2.0,丹内,57.0,,3.0,7.0,1札幌6,3歳未勝利,1:48.0,0.5,晴,4.0,7.0,1函館9,3歳未勝利,1:45.8,1.5,曇,10.0,7.0,1函館5,3歳未勝利,1:45.6,2.5,晴,13.0,9.0,1函館1,3歳未勝利,2:43.1,3.5,曇,8.0,9.0,2東京10,3歳未勝利,1:39.4,1.5,晴,20.1,10.0,2026-08-30 02:55:54,jra,2026-08-30,58.69,55.1,56.2,55.3,84.5,56.9,50.0,前走人気以上 / 近走上向き / 市場オッズ妙味
202601020403,2026-08-30,3,サンエンジェルス,8.0,5.0,浜中,55.0,,6.0,8.0,1札幌5,3歳未勝利,1:47.8,1.9,曇,5.0,5.0,1札幌1,3歳未勝利,1:28.6,0.7,曇,5.0,4.0,1函館5,3歳未勝利,1:44.7,0.5,晴,7.0,3.0,1函館2,3歳未勝利,1:09.2,0.7,晴,6.0,9.0,2阪神3,3歳未勝利,1:22.1,0.5,小雨,14.4,7.0,2026-08-30 02:55:54,jra,2026-08-30,54.35,62.4,51.0,44.7,48.5,61.4,48.8,履歴少 / 市場オッズ妙味
202607030403,2026-08-30,3,ジェントル,3.0,3.0,団野,55.0,,,,,,,,,,,,,,,,,,,,,,,,,,,,,,,,,,,,,7.7,6.0,2026-08-30 02:51:14,jra,2026-08-30,36.0,35.0,35.0,35.0,35.0,35.0,45.0,履歴少
202601020403,2026-08-30,3,ジャストグレース,13.0,8.0,古川吉,57.0,,3.0,10.0,1札幌7,3歳未勝利,1:48.0,0.4,晴,8.0,8.0,1函館11,3歳未勝利,2:37.3,2.3,曇,5.0,5.0,1函館8,3歳未勝利,1:48.1,1.2,曇,3.0,8.0,1函館4,3歳未勝利,2:37.2,0.5,小雨,5.0,11.0,3京都8,3歳未勝利,2:02.5,1.3,晴,10.5,5.0,2026-08-30 02:55:54,jra,2026-08-30,69.46,69.2,74.3,75.1,63.5,71.7,55.7,前走人気以上 / 函館実績 / 人気以上に走る傾向 / 安定感
202604030403,2026-08-30,3,タイセイソアリング,4.0,4.0,菊沢,55.0,,5.0,12.0,2福島4,2歳新馬,2:03.6,0.4,晴,,,,,,,,,,,,,,,,,,,,,,,,,,,,,5.0,3.0,2026-08-30 02:42:44,jra,2026-08-30,44.94,44.6,51.4,36.3,40.6,42.0,50.0,前走人気以上 / サンプル少
202601020403,2026-08-30,3,ダンツアラーム,11.0,7.0,黛,55.0,,10.0,13.0,1札幌5,3歳未勝利,2:02.4,1.6,曇,6.0,6.0,1札幌1,3歳未勝利,1:48.4,1.8,曇,8.0,5.0,1函館10,3歳未勝利,2:04.2,1.8,小雨,8.0,12.0,1函館5,3歳未勝利,1:48.4,0.4,晴,5.0,8.0,1函館2,3歳未勝利,1:46.8,1.3,晴,38.4,12.0,2026-08-30 02:55:54,jra,2026-08-30,44.56,45.6,58.5,10.3,30.5,56.1,50.0,前走人気以上
202601020403,2026-08-30,3,チャーチルデュース,7.0,5.0,武豊,57.0,,11.0,5.0,1函館11,3歳未勝利,1:48.3,2.0,小雨,5.0,4.0,1函館7,3歳未勝利,1:46.9,0.8,晴,5.0,3.0,1函館4,3歳未勝利,1:48.2,1.3,小雨,7.0,5.0,2阪神3,3歳未勝利,1:26.2,2.5,小雨,5.0,3.0,1京都5,3歳新馬,1:55.9,1.2,晴,4.6,2.0,2026-08-30 02:55:54,jra,2026-08-30,42.25,51.1,29.2,55.0,17.0,48.0,55.7,函館実績
202601020403,2026-08-30,3,デルマテイネ,5.0,4.0,的場,57.0,,10.0,17.0,2新潟2,3歳未勝利,1:35.8,0.6,雨,11.0,17.0,3東京2,3歳未勝利,1:35.3,0.8,曇,13.0,16.0,3中山3,3歳未勝利,1:36.2,1.2,曇,,,,,,,,,,,,,,,44.9,13.0,2026-08-30 02:55:54,jra,2026-08-30,48.63,19.0,89.3,0.0,62.0,68.3,48.8,前走人気以上 / 履歴少 / 人気以上に走る傾向 / 過小評価傾向
202604030403,2026-08-30,3,ニシノリリックス,2.0,2.0,石橋脩,55.0,,8.0,12.0,2新潟5,2歳新馬,1:49.4,2.2,晴,,,,,,,,,,,,,,,,,,,,,,,,,,,,,14.4,6.0,2026-08-30 02:42:44,jra,2026-08-30,41.43,39.3,46.8,29.6,40.6,42.0,48.8,前走人気以上 / 履歴少 / サンプル少
202604030403,2026-08-30,3,ハンデンブレイズ,7.0,7.0,小崎,55.0,,6.0,11.0,2福島3,2歳新馬,1:49.9,0.9,晴,,,,,,,,,,,,,,,,,,,,,,,,,,,,,11.8,5.0,2026-08-30 02:42:44,jra,2026-08-30,42.91,42.8,48.3,29.6,40.6,42.0,50.0,前走人気以上 / サンプル少
202607030403,2026-08-30,3,ブレイズフォート,2.0,2.0,北村友,55.0,,,,,,,,,,,,,,,,,,,,,,,,,,,,,,,,,,,,,6.0,2.0,2026-08-30 02:51:14,jra,2026-08-30,36.0,35.0,35.0,35.0,35.0,35.0,45.0,履歴少
202601020403,2026-08-30,3,ペガサスウィンド,1.0,1.0,鮫島駿,55.0,,3.0,2.0,1札幌8,3歳未勝利,1:47.0,0.7,晴,4.0,4.0,1函館11,3歳未勝利,1:47.6,1.3,小雨,9.0,2.0,1函館7,3歳未勝利,1:49.8,3.1,晴,2.0,6.0,1函館2,3歳未勝利,1:45.8,0.3,晴,5.0,4.0,2阪神7,3歳未勝利,1:55.9,1.2,晴,11.7,6.0,2026-08-30 02:55:54,jra,2026-08-30,60.79,72.0,41.6,80.2,62.0,57.2,55.7,函館実績 / 安定感
202601020403,2026-08-30,3,ホウオウファラオ,14.0,8.0,横山武,57.0,,4.0,6.0,2札幌2,3歳未勝利,1:47.4,1.0,晴,4.0,2.0,1札幌6,3歳未勝利,1:48.4,0.9,晴,3.0,3.0,1函館12,3歳未勝利,1:44.8,0.3,小雨,3.0,5.0,1函館5,3歳未勝利,1:44.4,1.3,晴,7.0,11.0,3東京1,3歳未勝利,1:39.5,1.4,晴,5.7,3.0,2026-08-30 02:55:54,jra,2026-08-30,65.25,76.3,55.7,89.7,51.5,61.3,50.0,安定感
202607030403,2026-08-30,3,ポカポカヨウキ,4.0,4.0,松若,55.0,,,,,,,,,,,,,,,,,,,,,,,,,,,,,,,,,,,,,4.7,1.0,2026-08-30 02:51:14,jra,2026-08-30,36.0,35.0,35.0,35.0,35.0,35.0,45.0,履歴少
202601020403,2026-08-30,3,ポップアップ,4.0,3.0,★河原田,53.0,,2.0,2.0,1札幌7,3歳未勝利,2:35.6,0.6,晴,3.0,1.0,1函館11,3歳未勝利,2:35.7,0.7,曇,2.0,2.0,1函館4,3歳未勝利,2:36.9,0.2,小雨,5.0,7.0,3京都4,3歳未勝利,2:00.8,0.6,曇,9.0,8.0,2阪神7,3歳未勝利,2:08.2,1.2,晴,4.2,1.0,2026-08-30 02:55:54,jra,2026-08-30,65.58,80.7,47.8,89.7,66.5,55.5,50.0,近走上向き / 安定感
202601020403,2026-08-30,3,ミアエッテ,10.0,6.0,横山琉,57.0,,12.0,11.0,1札幌4,3歳未勝利,1:31.0,1.7,晴,16.0,12.0,2東京4,3歳未勝利,1:36.5,1.7,曇,12.0,6.0,1中山2,3歳未勝利,2:01.3,5.4,晴,7.0,7.0,5中山3,2歳未勝利,1:34.8,1.0,曇,11.0,7.0,5東京6,2歳未勝利,1:22.8,1.5,晴,19.3,9.0,2026-08-30 02:55:54,jra,2026-08-30,28.18,15.7,29.7,0.0,47.0,43.9,48.8,履歴少 / 市場オッズ妙味
202601020403,2026-08-30,3,モンテール,9.0,6.0,斎藤,57.0,,13.0,6.0,1札幌4,3歳未勝利,1:31.0,1.7,晴,6.0,12.0,1新潟1,3歳未勝利,1:23.9,0.3,晴,11.0,7.0,5中山6,2歳未勝利,1:36.9,2.3,曇,12.0,1.0,4東京1,2歳新馬,1:24.9,1.5,曇,,,,,,,,8.5,4.0,2026-08-30 02:55:54,jra,2026-08-30,27.15,24.4,26.4,0.0,30.0,39.4,48.8,履歴少
202601020403,2026-08-30,3,ヨドノサファイア,6.0,4.0,石川倭,55.0,,6.0,9.0,1札幌4,3歳未勝利,1:47.0,1.2,晴,16.0,9.0,1函館11,3歳未勝利,1:11.5,2.9,曇,6.0,6.0,1函館1,3歳未勝利,1:09.3,0.8,雨,5.0,7.0,5中山8,2歳未勝利,1:09.6,0.5,晴,11.0,5.0,5東京2,2歳未勝利,1:36.0,1.1,小雨,27.2,11.0,2026-08-30 02:55:54,jra,2026-08-30,43.77,42.1,41.9,14.6,71.0,47.6,50.0,前走人気以上 / 近走上向き / 市場オッズ妙味
202601020403,2026-08-30,3,ラスターヴァース,3.0,3.0,☆長浜,54.0,,9.0,11.0,2新潟3,3歳未勝利,2:01.9,1.2,曇,10.0,10.0,2東京8,3歳未勝利,2:26.5,2.2,晴,11.0,12.0,3中山6,3歳未勝利,2:15.8,1.7,晴,18.0,9.0,2中山3,3歳未勝利,2:19.1,3.5,晴,6.0,9.0,1東京4,3歳未勝利,2:27.3,0.8,晴,18.3,8.0,2026-08-30 02:55:54,jra,2026-08-30,39.27,28.1,48.6,0.0,63.5,51.7,48.8,履歴少 / 市場オッズ妙味
202607030403,2026-08-30,3,ルクスアルカード,10.0,8.0,富田,55.0,,,,,,,,,,,,,,,,,,,,,,,,,,,,,,,,,,,,,11.7,7.0,2026-08-30 02:51:14,jra,2026-08-30,36.0,35.0,35.0,35.0,35.0,35.0,45.0,履歴少
202604030403,2026-08-30,3,ルークスイテルム,8.0,8.0,△石神道,53.0,,11.0,11.0,2新潟7,2歳新馬,1:51.3,3.3,晴,,,,,,,,,,,,,,,,,,,,,,,,,,,,,24.5,8.0,2026-08-30 02:42:44,jra,2026-08-30,38.28,34.0,40.6,29.6,40.6,40.6,48.8,履歴少 / サンプル少
202607030403,2026-08-30,3,ロードフローリス,9.0,7.0,田口,55.0,,,,,,,,,,,,,,,,,,,,,,,,,,,,,,,,,,,,,6.5,3.0,2026-08-30 02:51:14,jra,2026-08-30,36.0,35.0,35.0,35.0,35.0,35.0,45.0,履歴少
202607030403,2026-08-30,3,ワンダーラヴグッド,11.0,8.0,酒井,55.0,,,,,,,,,,,,,,,,,,,,,,,,,,,,,,,,,,,,,22.1,10.0,2026-08-30 02:51:14,jra,2026-08-30,36.0,35.0,35.0,35.0,35.0,35.0,45.0,履歴少
202601020404,2026-08-30,4,アート,11.0,6.0,鮫島駿,57.0,,6.0,4.0,1札幌1,3歳未勝利,1:48.7,0.8,曇,6.0,9.0,1函館6,3歳未勝利,2:01.0,0.2,晴,7.0,8.0,1函館2,3歳未勝利,1:49.1,0.5,晴,5.0,7.0,1新潟5,3歳未勝利,1:49.1,1.0,晴,3.0,12.0,1福島6,3歳未勝利,1:47.0,0.2,晴,28.1,12.0,2026-08-30 02:27:24,jra,2026-08-30,53.87,62.1,60.9,24.9,45.5,61.1,48.8,履歴少
202601020404,2026-08-30,4,イデアジュアンイハ,5.0,3.0,▲遠藤,52.0,,9.0,9.0,2福島7,3歳未勝利,1:10.4,0.9,曇,8.0,14.0,2東京11,3歳未勝利,1:27.9,1.0,晴,5.0,12.0,2東京8,3歳未勝利,1:27.4,1.2,晴,8.0,15.0,1中京6,3歳未勝利,1:27.0,2.0,晴,11.0,16.0,1中京2,3歳未勝利,1:27.0,2.0,晴,122.1,16.0,2026-08-30 02:27:24,jra,2026-08-30,53.84,43.8,80.9,19.8,44.0,67.8,50.0,人気以上に走る傾向 / 過小評価傾向
202601020404,2026-08-30,4,インテンスゲイズ,14.0,7.0,斎藤,55.0,,4.0,12.0,1札幌5,3歳未勝利,2:01.6,0.8,曇,11.0,10.0,3中山5,3歳未勝利,2:02.3,0.8,晴,11.0,8.0,5中京1,2歳未勝利,2:02.9,1.6,晴,7.0,9.0,5東京5,2歳未勝利,1:48.1,0.9,曇,6.0,8.0,5東京1,2歳新馬,1:48.1,1.4,曇,13.5,9.0,2026-08-30 02:27:24,jra,2026-08-30,54.84,45.8,64.6,30.4,78.5,61.1,48.8,前走人気以上 / 履歴少 / 近走上向き / 市場オッズ妙味
202607030404,2026-08-30,4,ウェンロック,14.0,7.0,☆田山,56.0,,,,,,,,,,,,,,,,,,,,,,,,,,,,,,,,,,,,,16.3,6.0,2026-08-30 03:20:29,jra,2026-08-30,36.0,35.0,35.0,35.0,35.0,35.0,45.0,履歴少
202601020404,2026-08-30,4,エイシンリーガル,15.0,8.0,松本,57.0,,5.0,12.0,1札幌6,3歳未勝利,2:02.4,0.8,晴,7.0,7.0,1函館11,3歳未勝利,1:49.1,1.2,小雨,5.0,12.0,1函館7,3歳未勝利,1:48.5,0.3,晴,6.0,11.0,3阪神3,3歳未勝利,1:46.5,0.6,晴,9.0,13.0,3京都10,3歳未勝利,1:33.8,0.9,晴,37.1,14.0,2026-08-30 02:27:24,jra,2026-08-30,64.92,59.5,82.6,50.2,60.5,68.5,55.7,前走人気以上 / 函館実績 / 人気以上に走る傾向 / 過小評価傾向
202604030404,2026-08-30,4,オオルリ,5.0,5.0,原,55.0,,,,,,,,,,,,,,,,,,,,,,,,,,,,,,,,,,,,,36.8,9.0,2026-08-30 03:11:59,jra,2026-08-30,36.0,35.0,35.0,35.0,35.0,35.0,45.0,履歴少
202607030404,2026-08-30,4,オーロラボレアリス,3.0,2.0,北村友,55.0,,5.0,4.0,2新潟5,3歳未勝利,1:56.6,1.3,晴,7.0,5.0,2小倉1,3歳未勝利,1:48.3,1.1,曇,6.0,6.0,3京都8,3歳未勝利,1:33.8,0.4,晴,11.0,6.0,3京都3,3歳未勝利,1:34.6,0.6,晴,8.0,7.0,1阪神3,3歳未勝利,1:47.3,1.6,晴,17.5,7.0,2026-08-30 03:20:29,jra,2026-08-30,48.22,52.9,38.6,30.4,68.0,53.3,48.8,履歴少 / 近走上向き / 市場オッズ妙味
202607030404,2026-08-30,4,カツラコマチ,4.0,2.0,国分恭,55.0,,8.0,14.0,2中京2,3歳未勝利,1:56.5,2.6,晴,14.0,9.0,2小倉5,3歳未勝利,1:49.6,2.7,晴,8.0,11.0,3京都7,3歳未勝利,1:26.9,1.9,晴,,,,,,,,,,,,,,,82.8,13.0,2026-08-30 03:20:29,jra,2026-08-30,43.74,29.4,60.9,0.0,68.0,55.3,50.0,前走人気以上 / 近走上向き
202601020404,2026-08-30,4,カリドーラ,12.0,6.0,小沢,55.0,,5.0,10.0,1札幌5,3歳未勝利,2:01.7,0.9,曇,4.0,8.0,1函館11,3歳未勝利,1:48.9,1.0,小雨,14.0,8.0,1新潟5,3歳未勝利,2:00.4,6.1,晴,11.0,6.0,2東京2,3歳未勝利,1:47.6,0.9,晴,13.0,5.0,2中山4,3歳未勝利,2:00.6,2.7,晴,21.3,10.0,2026-08-30 02:27:24,jra,2026-08-30,51.86,42.9,48.4,55.3,83.0,47.3,50.0,前走人気以上 / 近走上向き / 市場オッズ妙味
202604030404,2026-08-30,4,ガヤーズサムライ,3.0,3.0,田辺,55.0,,,,,,,,,,,,,,,,,,,,,,,,,,,,,,,,,,,,,23.6,6.0,2026-08-30 03:11:59,jra,2026-08-30,36.0,35.0,35.0,35.0,35.0,35.0,45.0,履歴少
202604030404,2026-08-30,4,キャッチアップ,4.0,4.0,菊沢,55.0,,,,,,,,,,,,,,,,,,,,,,,,,,,,,,,,,,,,,36.5,8.0,2026-08-30 03:11:59,jra,2026-08-30,36.0,35.0,35.0,35.0,35.0,35.0,45.0,履歴少
202607030404,2026-08-30,4,キングズテイル,1.0,1.0,松山,57.0,,4.0,5.0,2中京8,3歳未勝利,1:25.3,1.0,晴,2.0,3.0,2小倉7,3歳未勝利,1:46.4,0.9,晴,3.0,6.0,2小倉3,3歳未勝利,1:43.1,1.6,曇,4.0,3.0,3阪神5,3歳未勝利,1:54.8,1.0,小雨,4.0,3.0,1阪神9,3歳未勝利,2:08.3,1.0,晴,6.0,2.0,2026-08-30 03:20:29,jra,2026-08-30,68.32,81.6,56.3,100.0,45.5,59.6,61.7,n適性 / 小倉実績 / 安定感
202601020404,2026-08-30,4,ギオンバヤシ,6.0,3.0,武豊,57.0,,2.0,2.0,2札幌1,3歳未勝利,2:41.8,0.4,晴,4.0,3.0,1札幌6,3歳未勝利,2:43.8,0.3,晴,4.0,1.0,1函館12,3歳未勝利,2:04.2,0.9,小雨,2.0,2.0,1函館8,3歳未勝利,2:01.6,0.2,曇,2.0,2.0,1函館3,3歳未勝利,1:59.6,0.1,曇,3.6,1.0,2026-08-30 02:27:24,jra,2026-08-30,66.63,84.9,44.1,100.0,56.0,52.9,61.7,n適性 / 函館実績 / 安定感
202607030404,2026-08-30,4,グランブリーゼ,6.0,3.0,加藤,55.0,,13.0,15.0,2中京2,3歳未勝利,1:10.7,2.9,晴,15.0,11.0,3京都9,3歳未勝利,1:15.4,3.6,曇,,,,,,,,,,,,,,,,,,,,,,157.0,16.0,2026-08-30 03:20:29,jra,2026-08-30,35.4,19.2,42.8,18.0,52.1,46.2,48.8,履歴少 / サンプル少
202601020404,2026-08-30,4,コスモクラシック,9.0,5.0,横山武,57.0,,2.0,6.0,1札幌3,3歳未勝利,1:48.8,0.1,曇,3.0,9.0,1函館11,3歳未勝利,1:48.3,0.4,小雨,11.0,8.0,1函館9,3歳未勝利,1:48.5,1.0,曇,3.0,9.0,1函館4,3歳未勝利,1:48.4,0.1,小雨,15.0,3.0,1福島2,3歳未勝利,1:50.9,1.4,晴,11.5,5.0,2026-08-30 02:27:24,jra,2026-08-30,66.0,65.1,62.3,69.9,86.0,61.0,55.7,前走人気以上 / 函館実績 / 近走上向き / 安定感
202601020404,2026-08-30,4,コスモヘリアンサス,3.0,2.0,丹内,57.0,,10.0,12.0,3東京5,3歳未勝利,1:48.1,1.3,小雨,7.0,14.0,4東京2,2歳新馬,2:02.0,1.2,晴,,,,,,,,,,,,,,,,,,,,,,22.5,11.0,2026-08-30 02:27:24,jra,2026-08-30,45.12,39.3,61.9,18.0,35.6,56.8,48.8,履歴少 / サンプル少
202607030404,2026-08-30,4,サウンドヴィヴァン,12.0,6.0,▲森田,54.0,,13.0,11.0,2小倉4,3歳未勝利,1:11.1,1.4,曇,,,,,,,,,,,,,,,,,,,,,,,,,,,,,76.5,12.0,2026-08-30 03:20:29,jra,2026-08-30,36.38,30.5,37.6,29.6,40.6,38.4,50.0,サンプル少
202607030404,2026-08-30,4,サカトクフェイス,13.0,7.0,長岡,57.0,,10.0,12.0,2小倉8,3歳未勝利,1:49.7,2.0,晴,8.0,13.0,2小倉1,3歳未勝利,1:46.2,1.7,曇,13.0,17.0,3阪神6,3歳未勝利,1:22.8,2.0,晴,15.0,8.0,1福島4,3歳未勝利,1:10.8,2.4,晴,,,,,,,,149.2,15.0,2026-08-30 03:20:29,jra,2026-08-30,41.39,22.6,62.7,0.0,62.0,54.2,50.0,総合評価
202607030404,2026-08-30,4,サンロンブル,15.0,8.0,Ｍデムーロ,57.0,,5.0,5.0,佐賀,JRA交流サマーカッ(3歳),2:03.4,1.5,曇,11.0,2.0,3京都7,3歳未勝利,1:56.8,3.4,晴,,,,,,,,,,,,,,,,,,,,,,37.0,10.0,2026-08-30 03:20:29,jra,2026-08-30,37.53,32.2,29.9,25.5,65.3,40.7,47.5,地方実績中心 / サンプル少 / 近走上向き
202601020404,2026-08-30,4,ジリアート,2.0,1.0,吉田隼,55.0,,9.0,4.0,2小倉7,3歳未勝利,1:49.8,2.0,晴,3.0,8.0,2小倉1,3歳未勝利,1:47.6,0.4,曇,5.0,10.0,3京都11,3歳未勝利,1:46.9,1.2,晴,14.0,14.0,3京都8,3歳未勝利,1:34.8,1.4,晴,12.0,7.0,1阪神5,3歳未勝利,1:36.4,2.1,晴,6.9,2.0,2026-08-30 02:27:24,jra,2026-08-30,49.06,46.6,51.4,44.7,47.0,54.9,50.0,総合評価
202607030404,2026-08-30,4,セッシュウ,7.0,4.0,団野,57.0,,2.0,3.0,2中京8,3歳未勝利,1:24.5,0.2,晴,3.0,1.0,2中京2,3歳未勝利,1:26.0,1.3,晴,2.0,1.0,1中京5,3歳未勝利,1:25.1,0.2,晴,2.0,2.0,1阪神5,3歳未勝利,1:24.9,0.1,晴,3.0,14.0,1京都3,3歳新馬,1:25.5,0.3,晴,1.7,1.0,2026-08-30 03:20:29,jra,2026-08-30,69.59,89.2,55.2,100.0,53.0,58.1,48.8,履歴少 / 安定感
202601020404,2026-08-30,4,ダイシンパルス,1.0,1.0,横山琉,57.0,,8.0,13.0,2福島4,3歳未勝利,1:49.4,1.0,晴,16.0,10.0,1東京7,3歳未勝利,1:38.0,3.9,晴,5.0,11.0,1京都9,3歳新馬,1:36.4,0.5,晴,,,,,,,,,,,,,,,49.8,15.0,2026-08-30 02:27:24,jra,2026-08-30,47.76,35.7,61.3,19.8,65.0,56.3,50.0,前走人気以上 / 近走上向き
202604030404,2026-08-30,4,ダディーズレガリア,8.0,7.0,岩田望,55.0,,,,,,,,,,,,,,,,,,,,,,,,,,,,,,,,,,,,,8.8,3.0,2026-08-30 03:11:59,jra,2026-08-30,36.0,35.0,35.0,35.0,35.0,35.0,45.0,履歴少
202604030404,2026-08-30,4,チェスティーノ,2.0,2.0,ルメール,55.0,,,,,,,,,,,,,,,,,,,,,,,,,,,,,,,,,,,,,1.5,1.0,2026-08-30 03:11:59,jra,2026-08-30,36.0,35.0,35.0,35.0,35.0,35.0,45.0,履歴少
202604030404,2026-08-30,4,テキサス,9.0,7.0,津村,55.0,,,,,,,,,,,,,,,,,,,,,,,,,,,,,,,,,,,,,10.5,4.0,2026-08-30 03:11:59,jra,2026-08-30,36.0,35.0,35.0,35.0,35.0,35.0,45.0,履歴少
202607030404,2026-08-30,4,デュードロップ,9.0,5.0,◇永島,53.0,,14.0,9.0,2小倉3,3歳未勝利,1:10.5,1.2,雨,14.0,12.0,3京都1,3歳未勝利,1:49.0,3.4,晴,9.0,8.0,1中京1,3歳未勝利,1:35.2,1.0,晴,15.0,11.0,5阪神5,2歳新馬,1:36.9,1.4,晴,,,,,,,,14.5,4.0,2026-08-30 03:20:29,jra,2026-08-30,25.07,7.9,28.1,0.0,42.0,43.2,50.0,市場オッズ妙味
202601020404,2026-08-30,4,デルマフジ,4.0,2.0,浜中,57.0,,2.0,2.0,1札幌6,3歳未勝利,2:02.0,0.4,晴,7.0,3.0,1函館1,3歳未勝利,2:40.5,0.9,曇,3.0,1.0,2阪神4,3歳未勝利,2:27.2,0.8,晴,2.0,3.0,1阪神5,3歳未勝利,2:30.3,0.1,晴,4.0,5.0,1阪神2,3歳未勝利,2:01.1,1.0,晴,8.3,3.0,2026-08-30 02:27:24,jra,2026-08-30,61.36,78.8,42.0,75.1,62.0,56.4,48.8,履歴少 / 安定感
202601020404,2026-08-30,4,ネクストドア,8.0,4.0,古川吉,57.0,,10.0,8.0,2新潟2,3歳未勝利,1:55.4,2.7,雨,8.0,5.0,5中山6,2歳未勝利,1:35.8,1.2,曇,5.0,11.0,5東京8,2歳新馬,1:48.2,1.2,晴,,,,,,,,,,,,,,,29.0,13.0,2026-08-30 02:27:24,jra,2026-08-30,41.99,43.8,48.4,19.8,29.0,52.7,48.8,履歴少
202607030404,2026-08-30,4,ハツアカネ,5.0,3.0,松若,55.0,,10.0,11.0,2小倉8,3歳未勝利,1:49.1,2.4,晴,7.0,2.0,園田,JRA交流三室山特別,2:07.6,2.4,曇,8.0,3.0,1小倉7,3歳未勝利,1:48.9,0.9,晴,4.0,5.0,1中山9,3歳新馬,1:59.3,0.7,晴,,,,,,,,28.5,9.0,2026-08-30 03:20:29,jra,2026-08-30,37.43,39.9,40.2,14.6,28.0,45.2,51.8,クラス条件好転
202604030404,2026-08-30,4,ヒズストーリー,1.0,1.0,嶋田,55.0,,,,,,,,,,,,,,,,,,,,,,,,,,,,,,,,,,,,,79.7,11.0,2026-08-30 03:11:59,jra,2026-08-30,36.0,35.0,35.0,35.0,35.0,35.0,45.0,履歴少
202607030404,2026-08-30,4,プペアンビスキュイ,2.0,1.0,坂井,55.0,,7.0,6.0,3阪神6,3歳未勝利,1:21.9,1.1,晴,,,,,,,,,,,,,,,,,,,,,,,,,,,,,14.7,5.0,2026-08-30 03:20:29,jra,2026-08-30,39.73,41.1,39.1,29.6,40.6,39.5,48.8,履歴少 / サンプル少
202604030404,2026-08-30,4,ペントザリス,6.0,6.0,岩田康,55.0,,,,,,,,,,,,,,,,,,,,,,,,,,,,,,,,,,,,,5.8,2.0,2026-08-30 03:11:59,jra,2026-08-30,36.0,35.0,35.0,35.0,35.0,35.0,45.0,履歴少
202604030404,2026-08-30,4,マイネルウルカヌス,7.0,6.0,柴田大,55.0,,,,,,,,,,,,,,,,,,,,,,,,,,,,,,,,,,,,,30.5,7.0,2026-08-30 03:11:59,jra,2026-08-30,36.0,35.0,35.0,35.0,35.0,35.0,45.0,履歴少
202607030404,2026-08-30,4,メイショウケンゴウ,16.0,8.0,太宰,57.0,,7.0,13.0,2中京2,3歳未勝利,1:26.9,2.2,晴,12.0,10.0,2阪神7,3歳未勝利,1:47.2,1.4,晴,7.0,5.0,1中京4,3歳未勝利,2:01.2,0.9,晴,7.0,14.0,1京都2,3歳未勝利,1:35.8,0.5,晴,10.0,9.0,5中京6,2歳未勝利,1:58.0,2.8,小雨,72.7,11.0,2026-08-30 03:20:29,jra,2026-08-30,46.35,39.6,62.9,0.0,62.0,56.1,48.8,前走人気以上 / 履歴少
202607030404,2026-08-30,4,メイショウドキョウ,11.0,6.0,富田,57.0,,14.0,14.0,2中京2,3歳未勝利,1:31.7,7.0,晴,,,,,,,,,,,,,,,,,,,,,,,,,,,,,110.5,14.0,2026-08-30 03:20:29,jra,2026-08-30,37.05,29.6,40.6,29.6,40.6,40.6,48.8,履歴少 / サンプル少
202607030404,2026-08-30,4,メイショウヒタカミ,8.0,4.0,角田和,57.0,,5.0,6.0,2中京6,3歳未勝利,1:55.5,0.8,曇,3.0,3.0,3京都3,3歳未勝利,1:53.9,1.3,晴,3.0,6.0,2阪神5,3歳未勝利,1:53.1,1.3,晴,9.0,4.0,1中京3,3歳未勝利,2:03.5,2.1,晴,8.0,8.0,4京都5,2歳未勝利,1:48.3,1.4,晴,20.6,8.0,2026-08-30 03:20:29,jra,2026-08-30,59.54,68.0,51.2,75.1,54.5,55.6,48.8,履歴少 / 安定感 / 市場オッズ妙味
202601020404,2026-08-30,4,メイショウライガ,10.0,5.0,▲和田陽,54.0,,3.0,9.0,1札幌8,3歳未勝利,2:01.0,0.6,晴,7.0,11.0,1函館4,3歳未勝利,1:48.9,2.0,小雨,5.0,10.0,1函館1,3歳未勝利,1:46.5,3.0,晴,12.0,6.0,3京都1,3歳未勝利,1:27.3,2.6,晴,17.0,4.0,1阪神7,3歳未勝利,1:22.5,1.5,晴,13.1,7.0,2026-08-30 02:27:24,jra,2026-08-30,59.98,53.7,61.1,50.2,93.5,58.3,48.8,前走人気以上 / 履歴少 / 近走上向き / 市場オッズ妙味
202601020404,2026-08-30,4,メイショウローゼ,16.0,8.0,藤懸,55.0,,3.0,3.0,1札幌6,3歳未勝利,2:02.3,0.7,晴,2.0,2.0,1札幌4,3歳未勝利,2:01.3,0.6,晴,12.0,3.0,1函館7,3歳未勝利,1:49.1,0.9,晴,2.0,3.0,1函館3,3歳未勝利,1:47.5,0.3,晴,7.0,7.0,3京都6,3歳未勝利,1:33.6,0.5,晴,9.0,4.0,2026-08-30 02:27:24,jra,2026-08-30,57.7,69.6,38.6,69.9,66.5,54.2,50.0,近走上向き / 安定感
202604030404,2026-08-30,4,ライヴテキーラ,11.0,8.0,杉原,55.0,,,,,,,,,,,,,,,,,,,,,,,,,,,,,,,,,,,,,53.0,10.0,2026-08-30 03:11:59,jra,2026-08-30,36.0,35.0,35.0,35.0,35.0,35.0,45.0,履歴少
202607030404,2026-08-30,4,ラッキーヴォーグ,10.0,5.0,西村淳,57.0,,6.0,6.0,2小倉5,3歳未勝利,1:48.2,1.3,晴,4.0,5.0,2小倉1,3歳未勝利,1:44.9,0.4,曇,8.0,1.0,3京都9,3歳未勝利,1:12.8,1.0,曇,4.0,5.0,3京都8,3歳未勝利,1:25.4,0.5,晴,7.0,12.0,2阪神3,3歳未勝利,1:22.3,0.7,小雨,10.6,3.0,2026-08-30 03:20:29,jra,2026-08-30,52.28,62.3,46.7,39.5,48.5,57.5,50.0,総合評価
202604030404,2026-08-30,4,リアスハート,10.0,8.0,武藤,55.0,,,,,,,,,,,,,,,,,,,,,,,,,,,,,,,,,,,,,12.3,5.0,2026-08-30 03:11:59,jra,2026-08-30,36.0,35.0,35.0,35.0,35.0,35.0,45.0,履歴少
202601020404,2026-08-30,4,ロックフラワー,13.0,7.0,石川倭,55.0,,9.0,12.0,1札幌4,3歳未勝利,1:30.4,1.1,晴,,,,,,,,,,,,,,,,,,,,,,,,,,,,,13.1,8.0,2026-08-30 02:27:24,jra,2026-08-30,40.57,37.6,45.3,29.6,40.6,42.0,48.8,前走人気以上 / 履歴少 / サンプル少
202601020404,2026-08-30,4,ワダツミ,7.0,4.0,▲小林美,52.0,,5.0,4.0,1札幌4,3歳未勝利,2:01.4,0.7,晴,8.0,6.0,1函館12,3歳未勝利,2:04.7,1.4,小雨,9.0,8.0,1函館7,3歳未勝利,1:48.8,0.6,晴,5.0,10.0,1函館4,3歳未勝利,1:48.5,0.2,小雨,10.0,16.0,3京都8,3歳未勝利,1:33.9,0.5,晴,13.1,6.0,2026-08-30 02:27:24,jra,2026-08-30,54.56,51.6,52.4,45.0,68.0,65.5,48.1,近走上向き / 過小評価傾向 / 市場オッズ妙味
202601020405,2026-08-30,5,アイアムイガイニモ,2.0,2.0,古川吉,55.0,,,,,,,,,,,,,,,,,,,,,,,,,,,,,,,,,,,,,19.9,7.0,2026-08-30 03:16:59,jra,2026-08-30,36.0,35.0,35.0,35.0,35.0,35.0,45.0,履歴少
202607030405,2026-08-30,5,アトモス,10.0,7.0,角田和,55.0,,11.0,5.0,1阪神10,3歳1勝クラス,1:55.2,1.8,曇,6.0,1.0,1小倉11,3歳1勝クラス,1:44.3,1.5,晴,3.0,5.0,1京都6,3歳1勝クラス,1:54.2,0.6,晴,1.0,2.0,3福島1,2歳未勝利,1:46.5,-0.2,晴,8.0,7.0,3東京5,2歳新馬,1:50.1,2.3,晴,4.9,2.0,2026-08-30 02:51:59,jra,2026-08-30,40.68,56.8,31.6,34.3,11.0,49.2,48.8,履歴少
202604030405,2026-08-30,5,アリアス,9.0,5.0,三浦,55.0,,6.0,6.0,1函館5,3歳未勝利,1:09.9,0.7,晴,5.0,8.0,2東京1,3歳未勝利,1:22.0,0.7,晴,4.0,7.0,3中山3,3歳未勝利,1:35.2,0.2,曇,4.0,9.0,1中京2,3歳未勝利,1:21.4,0.3,晴,5.0,6.0,5中山4,2歳未勝利,1:10.8,0.7,雨,23.6,9.0,2026-08-30 02:43:29,jra,2026-08-30,61.9,68.3,65.2,69.6,41.0,64.1,48.8,履歴少 / 人気以上に走る傾向 / 安定感 / 市場オッズ妙味
202601020405,2026-08-30,5,イルリサット,6.0,6.0,横山武,55.0,,,,,,,,,,,,,,,,,,,,,,,,,,,,,,,,,,,,,2.0,1.0,2026-08-30 03:16:59,jra,2026-08-30,36.0,35.0,35.0,35.0,35.0,35.0,45.0,履歴少
202604030405,2026-08-30,5,ウインテラジーナ,13.0,7.0,津村,55.0,,3.0,2.0,2新潟4,3歳未勝利,1:21.6,0.4,晴,5.0,1.0,2福島5,3歳未勝利,1:48.2,0.7,曇,2.0,3.0,3東京6,3歳未勝利,1:35.5,0.4,曇,5.0,8.0,2東京10,3歳未勝利,1:33.2,0.2,晴,,,,,,,,6.0,2.0,2026-08-30 02:43:29,jra,2026-08-30,63.23,78.7,44.8,89.7,56.0,56.8,50.0,安定感
202604030405,2026-08-30,5,エイシンイクサボシ,17.0,8.0,木幡初,55.0,,5.0,10.0,2新潟4,3歳未勝利,1:21.6,0.4,晴,12.0,6.0,2東京7,3歳未勝利,1:22.2,1.9,晴,3.0,13.0,3中山7,3歳未勝利,1:34.3,0.1,晴,11.0,11.0,2京都6,3歳未勝利,2:04.6,2.5,曇,9.0,8.0,1中山7,3歳未勝利,1:59.9,2.5,晴,21.9,7.0,2026-08-30 02:43:29,jra,2026-08-30,56.17,46.9,63.3,50.2,72.5,59.0,48.8,前走人気以上 / 履歴少 / 近走上向き / 市場オッズ妙味
202604030405,2026-08-30,5,エナノムスメ,5.0,3.0,丸田,55.0,,13.0,10.0,3東京2,3歳未勝利,1:36.0,1.5,曇,7.0,6.0,1東京4,3歳新馬,1:35.9,0.8,晴,,,,,,,,,,,,,,,,,,,,,,64.9,14.0,2026-08-30 02:43:29,jra,2026-08-30,34.3,32.1,37.4,18.0,25.7,44.4,48.8,履歴少 / サンプル少
202604030405,2026-08-30,5,エフティヴェント,7.0,4.0,△石神道,55.0,,9.0,15.0,1函館5,3歳未勝利,1:10.1,0.9,晴,16.0,9.0,3中山5,3歳未勝利,1:14.8,3.9,晴,12.0,10.0,1中京4,3歳未勝利,1:35.3,1.4,晴,7.0,12.0,1中山3,3歳未勝利,1:34.9,0.9,晴,4.0,7.0,4東京9,2歳未勝利,1:36.0,1.9,小雨,188.3,18.0,2026-08-30 02:43:29,jra,2026-08-30,41.51,28.8,55.1,10.3,54.5,54.2,48.8,前走人気以上 / 履歴少
202604030405,2026-08-30,5,オンナキュヌヴィ,11.0,6.0,田辺,55.0,,5.0,2.0,2新潟6,3歳未勝利,1:09.0,0.2,晴,2.0,6.0,2福島7,3歳未勝利,1:09.3,0.1,曇,3.0,5.0,1福島6,3歳未勝利,1:09.7,0.3,晴,9.0,7.0,1東京7,3歳未勝利,1:35.3,1.2,晴,,,,,,,,7.2,3.0,2026-08-30 02:43:29,jra,2026-08-30,60.85,73.0,51.5,75.1,48.0,59.2,50.0,前走人気以上 / 安定感
202607030405,2026-08-30,5,オーレアミスト,6.0,5.0,幸,58.0,,6.0,13.0,2中京7,3歳以上1勝クラス,1:54.3,0.7,晴,8.0,9.0,2中京4,3歳以上1勝クラス,2:02.1,1.2,曇,15.0,11.0,3阪神5,3歳以上1勝クラス,2:31.1,5.3,雨,10.0,7.0,3阪神2,3歳以上1勝クラス,1:53.9,2.6,小雨,7.0,2.0,1阪神10,4歳以上1勝クラス,1:55.3,1.0,曇,16.5,8.0,2026-08-30 02:51:59,jra,2026-08-30,44.79,38.7,54.4,0.0,74.0,51.1,48.8,前走人気以上 / 履歴少 / 近走上向き / 市場オッズ妙味
202604030405,2026-08-30,5,カラーオブサクセス,8.0,4.0,小崎,55.0,,8.0,9.0,2福島3,3歳未勝利,1:09.6,1.3,曇,11.0,8.0,1福島6,3歳未勝利,1:10.2,1.0,晴,10.0,4.0,4新潟4,2歳未勝利,1:24.5,1.3,小雨,3.0,2.0,4東京2,2歳未勝利,1:21.8,0.2,晴,12.0,1.0,4中山4,2歳未勝利,1:14.9,2.3,曇,45.3,13.0,2026-08-30 02:43:29,jra,2026-08-30,36.36,37.4,29.6,14.6,56.0,37.9,50.0,総合評価
202607030405,2026-08-30,5,クラックショット,4.0,4.0,北村友,55.0,,9.0,14.0,3京都4,3歳1勝クラス,1:24.4,0.7,曇,10.0,7.0,1小倉11,3歳1勝クラス,1:45.9,3.1,晴,7.0,9.0,1京都3,3歳1勝クラス,1:54.8,1.0,晴,1.0,2.0,4京都6,2歳未勝利,1:54.0,-1.0,晴,6.0,5.0,4中京4,2歳新馬,1:35.9,1.7,晴,12.4,6.0,2026-08-30 02:51:59,jra,2026-08-30,46.25,49.0,58.5,14.6,32.0,57.4,48.8,前走人気以上 / 履歴少 / 市場オッズ妙味
202601020405,2026-08-30,5,コスモノーチラス,1.0,1.0,丹内,55.0,,,,,,,,,,,,,,,,,,,,,,,,,,,,,,,,,,,,,12.4,4.0,2026-08-30 03:16:59,jra,2026-08-30,36.0,35.0,35.0,35.0,35.0,35.0,45.0,履歴少
202601020405,2026-08-30,5,コーズウルルン,4.0,4.0,石川倭,55.0,,,,,,,,,,,,,,,,,,,,,,,,,,,,,,,,,,,,,25.4,8.0,2026-08-30 03:16:59,jra,2026-08-30,36.0,35.0,35.0,35.0,35.0,35.0,45.0,履歴少
202604030405,2026-08-30,5,ゴッドレイ,3.0,2.0,△石田,53.0,,4.0,3.0,2新潟4,3歳未勝利,1:21.6,0.4,晴,13.0,8.0,3京都10,3歳未勝利,1:34.3,1.4,晴,6.0,12.0,1阪神7,3歳未勝利,1:21.6,0.6,晴,16.0,1.0,1小倉2,3歳未勝利,1:10.0,2.0,晴,2.0,4.0,4京都1,2歳新馬,1:22.8,0.1,晴,23.2,8.0,2026-08-30 02:43:29,jra,2026-08-30,46.68,45.5,33.6,40.7,81.5,45.3,48.8,履歴少 / 近走上向き / 市場オッズ妙味
202601020405,2026-08-30,5,ゴルタン,7.0,7.0,吉田隼,55.0,,,,,,,,,,,,,,,,,,,,,,,,,,,,,,,,,,,,,18.7,5.0,2026-08-30 03:16:59,jra,2026-08-30,36.0,35.0,35.0,35.0,35.0,35.0,45.0,履歴少
202607030405,2026-08-30,5,シンギタイ,13.0,8.0,田口,58.0,,15.0,10.0,2中京6,3歳以上1勝クラス,1:14.2,2.0,晴,13.0,13.0,3阪神6,3歳以上1勝クラス,1:26.5,2.8,晴,1.0,1.0,名古屋,名古屋CCラズベリー(3歳),1:34.6,-0.8,晴,7.0,4.0,3阪神1,3歳未勝利,1:14.2,1.5,曇,3.0,5.0,1阪神1,3歳未勝利,1:13.9,0.2,曇,63.0,13.0,2026-08-30 02:51:59,jra,2026-08-30,30.15,26.2,37.7,19.2,0.0,47.0,48.8,履歴少
202607030405,2026-08-30,5,スコーピオンイメル,2.0,2.0,高倉,58.0,,9.0,6.0,1福島1,4歳以上1勝クラス,1:47.3,1.6,晴,7.0,3.0,2阪神2,4歳以上1勝クラス,1:54.3,2.1,晴,3.0,4.0,1中京4,4歳以上1勝クラス,1:54.6,0.3,曇,6.0,8.0,2京都1,4歳以上1勝クラス,2:01.3,0.8,曇,7.0,11.0,1京都5,4歳以上1勝クラス,2:01.3,1.0,晴,21.7,9.0,2026-08-30 02:51:59,jra,2026-08-30,44.17,54.6,43.0,19.8,30.5,54.7,48.8,履歴少 / 市場オッズ妙味
202607030405,2026-08-30,5,ステイクオール,11.0,7.0,富田,58.0,,4.0,6.0,2中京1,3歳以上1勝クラス,1:55.4,0.8,晴,6.0,1.0,3京都5,4歳以上1勝クラス,2:00.0,0.9,晴,3.0,6.0,2阪神8,4歳以上1勝クラス,1:52.6,0.4,曇,6.0,4.0,1阪神3,4歳以上1勝クラス,1:55.1,1.3,晴,13.0,3.0,1京都2,4歳以上1勝クラス,1:55.8,3.8,晴,11.6,5.0,2026-08-30 02:51:59,jra,2026-08-30,53.99,63.8,40.4,50.2,68.0,52.6,48.8,履歴少 / 近走上向き
202604030405,2026-08-30,5,ステキサプライズ,4.0,2.0,今村聖奈,55.0,,5.0,12.0,2新潟3,3歳以上1勝クラス,1:08.6,0.4,曇,10.0,10.0,2中京2,3歳未勝利,1:09.0,1.2,晴,12.0,12.0,1函館7,3歳未勝利,1:49.9,3.8,晴,7.0,10.0,1函館4,3歳未勝利,1:00.5,1.3,小雨,12.0,8.0,3中山8,3歳未勝利,1:13.3,2.3,晴,12.6,6.0,2026-08-30 02:43:29,jra,2026-08-30,52.86,38.8,65.1,30.4,81.5,56.7,50.0,前走人気以上 / 人気以上に走る傾向 / 近走上向き / 市場オッズ妙味
202604030405,2026-08-30,5,セリエンクーニゲン,1.0,1.0,川田,55.0,,2.0,4.0,2新潟6,3歳未勝利,1:08.9,0.1,晴,4.0,3.0,2東京12,3歳未勝利,1:34.4,0.6,晴,3.0,5.0,2東京6,3歳未勝利,1:34.8,0.2,晴,6.0,4.0,1小倉6,3歳未勝利,1:50.6,0.8,曇,9.0,2.0,5中京2,2歳新馬,1:22.6,0.8,晴,11.7,5.0,2026-08-30 02:43:29,jra,2026-08-30,63.16,76.0,48.2,75.1,71.0,56.6,48.8,履歴少 / 近走上向き / 安定感
202604030405,2026-08-30,5,ソルティアーラ,10.0,5.0,ミシェル,55.0,,10.0,4.0,3福島1,2歳新馬,1:10.8,1.6,晴,,,,,,,,,,,,,,,,,,,,,,,,,,,,,8.7,4.0,2026-08-30 02:43:29,jra,2026-08-30,35.63,35.8,31.4,29.6,40.6,34.0,48.8,履歴少 / サンプル少
202607030405,2026-08-30,5,タリスマン,5.0,4.0,伊藤,58.0,,3.0,15.0,2中京7,3歳以上1勝クラス,1:53.8,0.2,晴,7.0,11.0,3東京6,3歳以上1勝クラス,1:24.3,1.5,曇,10.0,8.0,1中京5,4歳以上1勝クラス,1:25.3,1.2,晴,5.0,16.0,1中京3,4歳以上1勝クラス,1:24.8,0.5,晴,8.0,15.0,1中山3,4歳以上1勝クラス,1:55.4,1.1,晴,14.0,7.0,2026-08-30 02:51:59,jra,2026-08-30,70.43,58.5,96.0,45.0,77.0,82.0,48.8,前走人気以上 / 履歴少 / 人気以上に走る傾向 / 近走上向き
202604030405,2026-08-30,5,チョコブラウニー,2.0,1.0,原,55.0,,15.0,13.0,1福島1,3歳未勝利,1:11.1,2.5,晴,,,,,,,,,,,,,,,,,,,,,,,,,,,,,70.4,15.0,2026-08-30 02:43:29,jra,2026-08-30,36.0,29.6,37.6,29.6,40.6,38.4,48.8,履歴少 / サンプル少
202607030405,2026-08-30,5,トワイライトサイト,7.0,5.0,菱田,55.0,,10.0,13.0,2福島7,3歳以上1勝クラス,1:09.1,0.8,曇,12.0,9.0,3中山5,3歳1勝クラス,1:13.1,3.0,晴,9.0,8.0,2中山3,3歳1勝クラス,1:12.0,1.6,晴,1.0,1.0,5中山1,2歳新馬,1:13.1,-0.4,晴,,,,,,,,24.5,10.0,2026-08-30 02:51:59,jra,2026-08-30,40.25,37.0,49.7,14.6,34.0,50.8,50.0,前走人気以上
202601020405,2026-08-30,5,トワイライトローズ,8.0,8.0,浜中,55.0,,,,,,,,,,,,,,,,,,,,,,,,,,,,,,,,,,,,,10.0,3.0,2026-08-30 03:16:59,jra,2026-08-30,36.0,35.0,35.0,35.0,35.0,35.0,45.0,履歴少
202601020405,2026-08-30,5,トーセンイルン,5.0,5.0,☆長浜,54.0,,,,,,,,,,,,,,,,,,,,,,,,,,,,,,,,,,,,,19.6,6.0,2026-08-30 03:16:59,jra,2026-08-30,36.0,35.0,35.0,35.0,35.0,35.0,45.0,履歴少
202604030405,2026-08-30,5,ネオアンボウ,12.0,6.0,野中,57.0,,10.0,12.0,2福島4,3歳未勝利,1:09.7,1.3,晴,13.0,15.0,3中山6,3歳未勝利,2:16.1,2.0,晴,6.0,5.0,金沢,能登千里浜賞(未勝利)(3歳),1:44.1,4.2,晴,12.0,13.0,1東京8,3歳未勝利,1:28.2,2.0,晴,13.0,12.0,5中山8,2歳新馬,2:03.7,8.0,晴,33.4,12.0,2026-08-30 02:43:29,jra,2026-08-30,37.66,17.0,57.4,0.0,56.0,52.9,50.0,総合評価
202607030405,2026-08-30,5,ビービーバザーク,8.0,6.0,西村淳,58.0,,5.0,5.0,1札幌7,3歳以上1勝クラス,1:46.5,0.9,晴,4.0,6.0,1札幌1,3歳以上1勝クラス,1:46.0,2.1,曇,11.0,11.0,1函館11,湯浜特別(1勝クラス),1:49.1,1.5,小雨,8.0,3.0,2東京7,4歳以上1勝クラス,1:38.5,0.6,晴,4.0,3.0,2東京4,4歳以上1勝クラス,1:38.5,0.5,晴,8.9,4.0,2026-08-30 02:51:59,jra,2026-08-30,55.71,57.8,47.7,65.7,60.5,56.7,50.0,安定感
202607030405,2026-08-30,5,ブームバップビート,3.0,3.0,坂井,55.0,,3.0,4.0,2中京4,3歳以上1勝クラス,2:01.4,0.5,曇,3.0,4.0,1阪神4,3歳1勝クラス,1:54.2,0.9,晴,5.0,6.0,1京都6,3歳1勝クラス,1:55.2,1.6,晴,1.0,1.0,4京都3,2歳未勝利,1:53.6,-0.6,晴,3.0,4.0,3京都6,2歳未勝利,1:53.9,1.6,曇,3.0,1.0,2026-08-30 02:51:59,jra,2026-08-30,67.62,83.2,56.0,100.0,50.0,57.3,48.8,履歴少 / 安定感
202604030405,2026-08-30,5,ペルウィクトール,16.0,8.0,岩田望,57.0,,6.0,1.0,3中山7,3歳未勝利,1:34.8,0.6,晴,2.0,1.0,1東京1,3歳未勝利,1:33.9,0.5,晴,3.0,1.0,2新潟2,2歳新馬,1:37.3,0.2,晴,,,,,,,,,,,,,,,2.8,1.0,2026-08-30 02:43:29,jra,2026-08-30,48.82,76.9,29.8,44.7,29.0,45.7,48.8,履歴少
202607030405,2026-08-30,5,マジックブルー,1.0,1.0,太宰,58.0,,7.0,6.0,2阪神3,4歳以上1勝クラス,1:53.8,1.3,雨,6.0,6.0,1阪神10,4歳以上1勝クラス,1:55.3,1.0,曇,13.0,8.0,4京都3,3歳以上1勝クラス,1:53.9,2.0,晴,9.0,4.0,3京都8,3歳以上1勝クラス,1:54.1,1.4,曇,2.0,5.0,3京都1,3歳以上1勝クラス,1:51.2,0.5,雨,28.2,11.0,2026-08-30 02:51:59,jra,2026-08-30,41.24,46.3,38.0,10.3,53.0,47.6,48.8,履歴少 / 市場オッズ妙味
202604030405,2026-08-30,5,ミクロスギガース,18.0,8.0,杉原,55.0,,5.0,12.0,2新潟6,3歳未勝利,1:09.0,0.2,晴,9.0,9.0,3東京4,3歳未勝利,1:22.2,0.6,曇,3.0,13.0,2東京11,3歳未勝利,1:21.3,0.3,晴,9.0,13.0,3中山2,3歳未勝利,1:49.6,1.7,晴,10.0,6.0,1中山8,3歳新馬,1:16.1,1.9,晴,25.8,10.0,2026-08-30 02:43:29,jra,2026-08-30,62.71,54.4,79.9,50.2,66.5,67.3,48.8,前走人気以上 / 履歴少 / 人気以上に走る傾向 / 近走上向き
202607030405,2026-08-30,5,メイショウマドロス,9.0,6.0,団野,58.0,,7.0,3.0,2中京7,3歳以上1勝クラス,1:54.9,1.3,晴,1.0,1.0,4京都3,3歳未勝利,1:52.6,-1.9,晴,5.0,6.0,2小倉4,3歳未勝利,2:01.2,0.5,晴,5.0,8.0,2京都2,3歳新馬,2:04.2,0.6,晴,,,,,,,,6.4,3.0,2026-08-30 02:51:59,jra,2026-08-30,54.62,71.5,45.5,59.3,30.0,57.9,48.8,履歴少
202604030405,2026-08-30,5,ラウンドヒル,6.0,3.0,菊沢,55.0,,3.0,1.0,2新潟7,3歳未勝利,0:56.2,0.3,晴,4.0,5.0,2福島7,3歳未勝利,1:09.7,0.5,曇,3.0,8.0,2福島3,3歳未勝利,1:08.6,0.3,曇,9.0,2.0,4中山7,2歳未勝利,1:14.6,1.3,晴,5.0,16.0,3新潟3,2歳新馬,1:23.7,0.6,曇,28.1,11.0,2026-08-30 02:43:29,jra,2026-08-30,66.44,73.3,55.2,85.4,63.5,61.5,61.7,n適性 / 福島実績 / 安定感 / 市場オッズ妙味
202607030405,2026-08-30,5,ルシタニア,12.0,8.0,▲森田,55.0,,10.0,14.0,2中京7,3歳以上1勝クラス,1:55.2,1.6,晴,5.0,8.0,3福島3,3歳以上1勝クラス,2:35.7,1.1,晴,4.0,4.0,4新潟2,3歳以上1勝クラス,2:43.4,1.6,曇,4.0,5.0,2札幌1,3歳以上1勝クラス,2:35.6,1.0,晴,7.0,8.0,1函館5,3歳以上1勝クラス,1:46.2,1.1,晴,48.6,12.0,2026-08-30 02:51:59,jra,2026-08-30,54.36,56.9,65.5,59.3,20.0,59.4,48.8,前走人気以上 / 履歴少 / 人気以上に走る傾向
202604030405,2026-08-30,5,ルディドゥゲンジ,15.0,7.0,嶋田,55.0,,4.0,4.0,2新潟7,3歳未勝利,0:56.4,0.5,晴,3.0,13.0,2新潟1,3歳未勝利,0:56.0,0.7,曇,7.0,16.0,1新潟4,3歳未勝利,0:56.5,0.7,晴,11.0,11.0,4東京2,2歳未勝利,1:49.6,3.6,曇,13.0,15.0,4中山9,2歳未勝利,1:10.2,1.5,晴,99.1,16.0,2026-08-30 02:43:29,jra,2026-08-30,65.82,57.6,81.3,55.3,77.0,67.2,48.8,履歴少 / 人気以上に走る傾向 / 近走上向き / 過小評価傾向
202604030405,2026-08-30,5,ワインレッドハート,14.0,7.0,▲上里,52.0,,12.0,8.0,3中山8,3歳未勝利,2:00.1,5.2,晴,,,,,,,,,,,,,,,,,,,,,,,,,,,,,100.4,17.0,2026-08-30 02:43:29,jra,2026-08-30,35.7,32.3,34.5,29.6,40.6,36.2,48.8,履歴少 / サンプル少
202601020405,2026-08-30,5,ヴァンクライ,3.0,3.0,武豊,55.0,,,,,,,,,,,,,,,,,,,,,,,,,,,,,,,,,,,,,2.5,2.0,2026-08-30 03:16:59,jra,2026-08-30,36.0,35.0,35.0,35.0,35.0,35.0,45.0,履歴少
202604030406,2026-08-30,6,アルベリック,6.0,4.0,三浦,58.0,,6.0,9.0,3京都2,比良山特別(2勝クラス),2:12.2,0.8,晴,5.0,7.0,2阪神5,明石特別(2勝クラス),2:28.1,0.7,晴,6.0,8.0,2京都2,衣笠特別(2勝クラス),1:52.6,0.7,曇,7.0,11.0,1京都7,大津特別(2勝クラス),1:54.2,0.6,晴,11.0,10.0,4京都6,3歳以上2勝クラス,1:54.1,1.9,晴,36.3,10.0,2026-08-30 02:31:29,jra,2026-08-30,55.05,56.7,66.0,24.9,57.5,61.2,48.8,前走人気以上 / 履歴少 / 人気以上に走る傾向 / 市場オッズ妙味
202607030406,2026-08-30,6,インザモーメント,8.0,4.0,田山,56.0,,4.0,6.0,2中京5,三河S(3勝クラス),1:53.3,0.2,晴,6.0,13.0,2小倉8,宮崎S(3勝クラス),1:45.7,0.8,晴,9.0,5.0,1京都1,寿S(3勝クラス),2:01.8,0.7,曇,14.0,6.0,4京都5,比叡S(3勝クラス),2:27.0,2.1,晴,7.0,5.0,2京都11,桃山S(3勝クラス),1:59.0,1.3,曇,27.5,10.0,2026-08-30 02:56:29,jra,2026-08-30,51.92,50.5,51.3,30.4,80.0,51.5,50.0,前走人気以上 / 近走上向き / 市場オッズ妙味
202607030406,2026-08-30,6,インジケーター,10.0,5.0,酒井,53.0,,16.0,16.0,3阪神5,ストークS(3勝クラス),2:15.6,1.4,雨,5.0,14.0,2東京10,丹沢S(3勝クラス),2:12.0,0.8,曇,1.0,7.0,3中山6,印西特別(2勝クラス),2:34.3,-0.2,晴,8.0,8.0,2中山6,阿見特別(2勝クラス),2:37.0,2.0,晴,13.0,12.0,1中山5,成田特別(2勝クラス),2:37.6,1.8,晴,51.1,12.0,2026-08-30 02:56:29,jra,2026-08-30,48.58,43.5,73.3,44.7,0.0,61.2,48.8,履歴少 / 人気以上に走る傾向
202601020406,2026-08-30,6,ウィンターガーデン,9.0,7.0,小沢,56.0,,4.0,9.0,1函館10,3歳以上1勝クラス,1:44.8,0.1,雨,7.0,7.0,1函館6,3歳以上1勝クラス,1:46.0,1.1,晴,7.0,6.0,2阪神5,4歳以上1勝クラス,1:53.1,0.9,晴,3.0,4.0,1阪神9,4歳以上1勝クラス,1:54.5,0.6,晴,12.0,6.0,1小倉6,4歳以上1勝クラス,1:48.9,2.0,曇,17.8,7.0,2026-08-30 02:48:29,jra,2026-08-30,57.54,59.8,55.9,45.0,69.5,61.6,50.0,前走人気以上 / 近走上向き / 市場オッズ妙味
202604030406,2026-08-30,6,オクトーバーナイン,3.0,2.0,戸崎圭,55.0,,1.0,2.0,3東京5,3歳以上1勝クラス,1:35.6,-0.4,雨,4.0,3.0,2東京11,3歳1勝クラス,1:38.2,1.0,晴,9.0,9.0,2中山5,3歳1勝クラス,1:54.6,1.2,晴,9.0,8.0,5中京6,寒椿賞(1勝クラス),1:25.5,1.0,雨,1.0,7.0,5東京7,2歳新馬,1:25.9,-1.1,晴,8.1,4.0,2026-08-30 02:31:29,jra,2026-08-30,63.93,72.0,53.7,65.7,78.5,62.2,48.8,履歴少 / 近走上向き / 安定感
202607030406,2026-08-30,6,キーチパルフェ,15.0,8.0,松若,56.0,,1.0,3.0,1京都4,五条坂特別(2勝クラス),1:59.2,-0.2,晴,3.0,3.0,4京都6,3歳以上2勝クラス,1:52.8,0.6,晴,1.0,3.0,4阪神3,3歳以上1勝クラス,1:51.8,-0.3,曇,6.0,3.0,2小倉8,3歳以上1勝クラス,1:50.5,1.0,晴,4.0,6.0,2小倉2,青島特別(1勝クラス),1:47.8,0.3,晴,16.0,7.0,2026-08-30 02:56:29,jra,2026-08-30,69.7,87.7,55.4,85.4,65.0,63.8,48.8,履歴少 / 近走上向き / 安定感 / 市場オッズ妙味
202607030406,2026-08-30,6,クァンタムウェーブ,12.0,6.0,幸,56.0,,6.0,3.0,2中京5,三河S(3勝クラス),1:53.9,0.8,晴,14.0,3.0,2東京12,ARF杯薫風S(3勝クラス),1:38.7,3.4,晴,4.0,1.0,5阪神7,摩耶S(3勝クラス),1:53.1,0.3,晴,13.0,5.0,4京都4,天橋立S(3勝クラス),1:51.6,2.2,晴,2.0,1.0,船橋,ブルーバードC(JpnIII),1:53.7,0.4,晴,13.6,3.0,2026-08-30 02:56:29,jra,2026-08-30,34.6,39.7,11.7,26.2,63.5,36.0,48.8,履歴少 / 市場オッズ妙味
202604030406,2026-08-30,6,クロドラバール,13.0,7.0,池添,58.0,,9.0,8.0,2福島3,横手特別(2勝クラス),1:46.2,2.8,晴,9.0,9.0,3東京4,3歳以上2勝クラス,1:37.8,2.1,曇,7.0,12.0,2中山1,4歳以上2勝クラス,1:53.8,1.1,晴,8.0,13.0,4阪神8,3歳以上2勝クラス,1:12.3,1.7,晴,8.0,6.0,4阪神5,新涼特別(2勝クラス),1:13.2,2.0,晴,62.1,13.0,2026-08-30 02:31:29,jra,2026-08-30,43.6,41.2,58.4,0.0,44.0,55.5,50.0,総合評価
202601020406,2026-08-30,6,クロミ,1.0,1.0,藤懸,53.0,,12.0,13.0,2札幌1,3歳未勝利,2:03.4,3.1,晴,13.0,10.0,5阪神8,2歳新馬,1:36.3,0.9,晴,,,,,,,,,,,,,,,,,,,,,,64.6,11.0,2026-08-30 02:48:29,jra,2026-08-30,35.87,22.6,42.4,18.0,48.8,46.2,48.8,履歴少 / サンプル少
202604030406,2026-08-30,6,コスモコンフェルマ,14.0,8.0,柴田大,58.0,,2.0,5.0,2新潟8,瀬波温泉特別(2勝クラス),1:52.4,0.0,晴,11.0,5.0,2東京11,4歳以上2勝クラス,2:14.6,2.8,晴,15.0,11.0,1中京4,弥富特別(2勝クラス),2:01.9,2.4,曇,2.0,10.0,1阪神1,4歳以上2勝クラス,1:53.7,0.1,晴,11.0,11.0,1中山5,成田特別(2勝クラス),2:37.5,1.7,晴,11.1,5.0,2026-08-30 02:31:29,jra,2026-08-30,55.02,48.4,48.6,45.0,96.5,56.8,48.8,前走人気以上 / 履歴少 / 近走上向き
202604030406,2026-08-30,6,コパノエビータ,5.0,3.0,嶋田,56.0,,5.0,7.0,1函館6,渡島特別(2勝クラス),1:46.2,1.3,晴,14.0,15.0,3東京2,小金井特別(2勝クラス),1:38.9,2.6,曇,10.0,15.0,2東京8,青梅特別(2勝クラス),1:38.1,1.0,晴,13.0,14.0,2中山8,4歳以上2勝クラス,1:56.4,3.1,曇,14.0,13.0,1新潟4,五泉特別(2勝クラス),1:55.6,1.9,曇,77.1,15.0,2026-08-30 02:31:29,jra,2026-08-30,50.63,26.8,63.2,30.4,96.5,56.1,48.8,履歴少 / 近走上向き
202607030406,2026-08-30,6,ゴッドエスパーダ,16.0,8.0,角田和,55.0,,1.0,1.0,3京都12,與杼特別(2勝クラス),1:51.1,-0.3,晴,2.0,1.0,3京都8,4歳以上2勝クラス,1:57.9,0.0,晴,5.0,2.0,1京都4,五条坂特別(2勝クラス),1:59.8,0.6,晴,2.0,1.0,5阪神3,赤穂特別(2勝クラス),2:05.3,0.3,晴,2.0,1.0,4阪神6,3歳以上2勝クラス,1:52.6,0.5,曇,13.9,4.0,2026-08-30 02:56:29,jra,2026-08-30,67.44,89.7,42.4,100.0,60.5,57.3,48.8,履歴少 / 安定感 / 市場オッズ妙味
202601020406,2026-08-30,6,サイモンイロハニー,4.0,4.0,★河原田,52.0,,12.0,11.0,1札幌7,積丹特別(1勝クラス),2:43.6,2.9,晴,8.0,7.0,1札幌4,3歳以上1勝クラス,2:41.4,2.1,晴,3.0,6.0,1函館7,3歳以上1勝クラス,2:40.2,2.6,晴,7.0,8.0,1函館3,駒ケ岳特別(1勝クラス),2:44.4,0.7,曇,13.0,16.0,1小倉6,4歳以上1勝クラス,1:49.3,1.3,曇,28.4,8.0,2026-08-30 02:48:29,jra,2026-08-30,41.81,39.2,53.5,19.8,24.5,54.9,50.0,前走人気以上
202601020406,2026-08-30,6,サマースプラッシュ,5.0,5.0,▲和田陽,50.0,,8.0,10.0,1札幌8,3歳以上1勝クラス,1:48.2,2.6,晴,8.0,12.0,1札幌5,3歳未勝利,1:48.5,2.6,曇,6.0,7.0,1札幌2,3歳未勝利,1:48.3,2.3,晴,9.0,13.0,1函館9,3歳未勝利,1:44.6,1.7,雨,8.0,12.0,3東京5,3歳未勝利,1:38.5,2.0,小雨,118.9,12.0,2026-08-30 02:48:29,jra,2026-08-30,48.99,46.0,69.6,0.0,48.5,61.3,50.0,前走人気以上 / 人気以上に走る傾向
202607030406,2026-08-30,6,サンセットブライト,1.0,1.0,秋山稔,52.0,,8.0,12.0,2新潟3,柳都S(3勝クラス),1:54.2,1.2,曇,16.0,16.0,2東京10,丹沢S(3勝クラス),2:13.1,1.9,曇,6.0,12.0,1新潟1,三条S(3勝クラス),1:54.5,1.6,晴,9.0,13.0,2中山3,上総S(3勝クラス),1:53.6,1.8,晴,11.0,13.0,1小倉5,豊前S(3勝クラス),1:45.9,0.5,晴,101.8,15.0,2026-08-30 02:56:29,jra,2026-08-30,47.73,32.5,72.3,0.0,65.0,61.3,48.8,前走人気以上 / 履歴少 / 人気以上に走る傾向 / 近走上向き
202607030406,2026-08-30,6,シャルクハフト,5.0,3.0,吉村,54.0,,17.0,18.0,3阪神5,ストークS(3勝クラス),2:16.1,1.9,雨,11.0,14.0,3京都7,上賀茂S(3勝クラス),1:59.4,0.8,晴,13.0,11.0,2阪神6,梅田S(3勝クラス),2:06.0,1.4,晴,9.0,8.0,2京都6,北山S(3勝クラス),1:56.2,3.0,曇,5.0,9.0,1京都8,下鴨S(3勝クラス),1:59.6,0.4,晴,86.2,13.0,2026-08-30 02:56:29,jra,2026-08-30,32.91,18.1,56.5,10.3,5.0,54.2,48.8,履歴少
202604030406,2026-08-30,6,ジェーケーボンバー,11.0,6.0,菊沢,58.0,,6.0,7.0,大井,風待月賞競走(B2),2:08.8,2.3,晴,1.0,1.0,門別,共済ホール特別(B4),1:57.2,-1.6,晴,,,門別,千軍万馬OP(OP)(一般),,,晴,2.0,4.0,門別,王冠賞〔H2〕(重賞),1:56.9,0.2,晴,3.0,6.0,門別,北海優駿〔H1〕(重賞),2:10.2,0.9,曇,37.5,11.0,2026-08-30 02:31:29,jra,2026-08-30,43.84,40.5,54.7,25.4,33.0,56.5,44.6,地方実績を中央換算 / クラス条件好転 / 地方実績中心 / 履歴少
202604030406,2026-08-30,6,スターシップ,8.0,5.0,川田,55.0,,1.0,1.0,2中京4,3歳以上1勝クラス,2:00.9,-0.2,曇,4.0,6.0,3京都11,鳳雛S(L),1:51.2,1.1,晴,2.0,16.0,2東京6,3歳1勝クラス,2:12.6,0.5,晴,13.0,9.0,1阪神10,3歳1勝クラス,1:59.1,5.7,曇,6.0,7.0,門別,JBC2歳優駿(JpnIII),1:56.2,0.7,晴,7.0,2.0,2026-08-30 02:31:29,jra,2026-08-30,69.76,71.9,69.2,75.1,81.5,66.7,48.8,履歴少 / 人気以上に走る傾向 / 近走上向き / 安定感
202601020406,2026-08-30,6,スリーケイ,11.0,8.0,斎藤,53.0,,3.0,7.0,1札幌5,3歳以上1勝クラス,1:47.4,0.2,小雨,1.0,6.0,1札幌2,3歳未勝利,1:46.0,0.0,晴,6.0,8.0,1函館10,3歳未勝利,1:45.6,1.3,曇,6.0,7.0,3阪神2,3歳未勝利,1:55.5,1.3,雨,10.0,8.0,2阪神8,3歳未勝利,1:55.5,2.2,晴,13.3,6.0,2026-08-30 02:48:29,jra,2026-08-30,66.48,74.0,69.6,55.3,66.5,67.5,50.0,前走人気以上 / 人気以上に走る傾向 / 近走上向き / 過小評価傾向
202607030406,2026-08-30,6,タイセイカイザー,7.0,4.0,団野,55.0,,1.0,1.0,2東京11,4歳以上2勝クラス,2:11.8,-0.2,晴,2.0,1.0,2東京6,日吉特別(2勝クラス),2:11.6,0.1,晴,3.0,3.0,2阪神1,4歳以上2勝クラス,2:05.6,0.3,晴,1.0,3.0,1阪神6,4歳以上1勝クラス,2:07.3,-0.3,晴,9.0,5.0,5中京1,3歳以上1勝クラス,2:01.8,1.6,晴,34.9,11.0,2026-08-30 02:56:29,jra,2026-08-30,67.61,88.2,47.4,89.7,66.5,54.3,51.8,クラス条件好転 / 履歴少 / 近走上向き / 安定感
202601020406,2026-08-30,6,タイセイルビー,7.0,6.0,▲小林美,50.0,,6.0,6.0,1札幌8,3歳以上1勝クラス,1:48.0,2.4,晴,1.0,5.0,1札幌2,3歳未勝利,1:46.4,-0.1,晴,8.0,13.0,1函館7,3歳未勝利,1:48.6,0.4,晴,6.0,7.0,1函館3,3歳未勝利,1:47.5,0.8,曇,5.0,3.0,3東京1,3歳未勝利,1:40.0,1.3,曇,9.4,3.0,2026-08-30 02:48:29,jra,2026-08-30,57.41,67.6,63.5,35.3,44.0,62.4,50.0,前走人気以上
202607030406,2026-08-30,6,ダンツシタン,3.0,2.0,太宰,54.0,,1.0,1.0,2中京2,遠州灘特別(2勝クラス),1:53.9,-0.4,晴,1.0,6.0,3阪神3,3歳以上1勝クラス,1:52.7,-0.1,晴,9.0,3.0,1中京1,3歳1勝クラス,1:55.1,2.4,晴,2.0,2.0,1阪神4,3歳1勝クラス,1:54.0,0.7,晴,3.0,5.0,2京都1,3歳1勝クラス,1:53.0,0.2,曇,14.1,5.0,2026-08-30 02:56:29,jra,2026-08-30,67.27,84.5,51.9,80.2,66.5,61.9,48.8,履歴少 / 近走上向き / 安定感 / 市場オッズ妙味
202601020406,2026-08-30,6,デルマサクラサク,6.0,5.0,横山和,56.0,,5.0,4.0,1札幌5,3歳以上1勝クラス,1:47.6,0.4,小雨,2.0,2.0,1函館10,3歳以上1勝クラス,1:44.7,0.0,雨,8.0,2.0,3京都9,4歳以上1勝クラス,1:54.4,1.7,曇,3.0,4.0,3京都3,4歳以上1勝クラス,1:52.6,0.3,晴,3.0,4.0,2阪神5,4歳以上1勝クラス,1:52.5,0.3,晴,12.0,5.0,2026-08-30 02:48:29,jra,2026-08-30,58.36,73.2,41.3,80.2,44.0,57.3,50.0,安定感 / 市場オッズ妙味
202604030406,2026-08-30,6,トゥーザムーン,7.0,4.0,岩田康,56.0,,5.0,5.0,2福島3,横手特別(2勝クラス),1:45.2,1.8,晴,9.0,4.0,5阪神6,3歳以上2勝クラス,1:51.6,1.2,雨,3.0,4.0,5東京1,神奈川新聞杯(2勝クラス),2:11.4,1.4,晴,5.0,2.0,4中山3,松戸特別(2勝クラス),2:36.7,0.6,曇,1.0,9.0,3東京4,3歳以上1勝クラス,2:09.3,-0.3,曇,14.4,6.0,2026-08-30 02:31:29,jra,2026-08-30,57.84,66.5,45.4,75.1,47.0,62.0,50.0,安定感 / 市場オッズ妙味
202604030406,2026-08-30,6,ニシノケンタマン,4.0,3.0,今村,58.0,,4.0,8.0,2新潟4,苗場特別(2勝クラス),1:52.9,0.5,曇,1.0,4.0,1新潟8,4歳以上1勝クラス,1:53.8,-0.1,曇,5.0,2.0,3中山3,4歳以上1勝クラス,1:54.0,0.5,雨,2.0,4.0,2中山6,4歳以上1勝クラス,1:54.1,0.6,晴,13.0,14.0,1東京7,4歳以上1勝クラス,1:38.0,0.8,晴,7.7,3.0,2026-08-30 02:31:29,jra,2026-08-30,67.44,75.3,62.4,89.7,57.5,63.2,48.8,前走人気以上 / 履歴少 / 安定感
202604030406,2026-08-30,6,ノルドヴェスト,15.0,8.0,原,58.0,,16.0,9.0,2東京11,富嶽賞(2勝クラス),1:26.3,1.8,晴,7.0,8.0,4東京2,3歳以上2勝クラス,1:38.4,0.9,曇,5.0,3.0,2福島5,3歳以上2勝クラス,1:47.1,1.0,曇,1.0,1.0,2東京12,4歳以上1勝クラス,1:23.3,-0.5,晴,4.0,1.0,2東京3,4歳以上1勝クラス,1:24.0,0.6,晴,58.9,12.0,2026-08-30 02:31:29,jra,2026-08-30,37.86,48.8,31.9,44.7,0.0,45.0,48.8,履歴少
202607030406,2026-08-30,6,ビップスコーピオン,4.0,2.0,Ｍデムーロ,55.0,,7.0,15.0,2東京10,丹沢S(3勝クラス),2:12.4,1.2,曇,10.0,16.0,2東京3,是政S(3勝クラス),2:10.9,1.6,晴,,14.0,2中山3,上総S(3勝クラス),,,晴,11.0,12.0,1阪神4,伊丹S(3勝クラス),1:53.5,0.8,晴,4.0,12.0,1京都5,雅S(3勝クラス),1:52.3,0.6,晴,87.6,14.0,2026-08-30 02:56:29,jra,2026-08-30,56.79,41.8,92.7,10.3,58.0,69.6,48.8,前走人気以上 / 履歴少 / 人気以上に走る傾向 / 過小評価傾向
202604030406,2026-08-30,6,ビービーアジャイル,2.0,2.0,ルメール,55.0,,3.0,1.0,3東京3,日野特別(2勝クラス),2:10.2,0.3,晴,1.0,1.0,2東京6,3歳1勝クラス,2:12.1,-0.5,晴,1.0,1.0,2中山7,3歳未勝利,1:55.5,-0.8,晴,2.0,2.0,1東京8,3歳未勝利,2:14.2,0.2,晴,3.0,2.0,5中山7,2歳未勝利,1:54.8,0.2,曇,2.3,1.0,2026-08-30 02:31:29,jra,2026-08-30,65.85,92.3,45.0,100.0,42.5,51.6,48.8,履歴少 / 安定感
202607030406,2026-08-30,6,ビービークローサー,6.0,3.0,坂井,55.0,,1.0,1.0,2中京3,日進特別(2勝クラス),1:52.3,-0.2,晴,2.0,2.0,3京都11,鳳雛S(L),1:50.2,0.1,晴,1.0,1.0,2東京1,3歳1勝クラス,1:36.8,-0.1,晴,2.0,7.0,2阪神4,バイオレットS(OP),1:22.6,0.1,晴,2.0,4.0,1東京1,3歳1勝クラス,1:37.8,0.3,晴,1.7,1.0,2026-08-30 02:56:29,jra,2026-08-30,71.82,96.0,56.6,100.0,54.5,56.8,48.8,履歴少 / 安定感
202604030406,2026-08-30,6,ピコシー,1.0,1.0,内田博,58.0,,5.0,5.0,2福島7,米沢特別(2勝クラス),1:45.6,1.3,曇,6.0,5.0,3中山8,利根川特別(2勝クラス),1:53.8,0.8,晴,3.0,4.0,3中山3,千葉日報杯(2勝クラス),1:53.5,0.1,雨,4.0,5.0,1中山3,4歳以上2勝クラス,1:54.4,0.7,晴,6.0,11.0,5中山3,3歳以上2勝クラス,1:54.8,0.5,曇,17.3,8.0,2026-08-30 02:31:29,jra,2026-08-30,60.58,69.5,54.3,64.7,48.5,67.9,50.0,安定感 / 過小評価傾向 / 市場オッズ妙味
202604030406,2026-08-30,6,フラッシング,10.0,6.0,丸田,58.0,,7.0,9.0,3阪神6,3歳以上2勝クラス,1:53.7,1.7,晴,8.0,9.0,3京都10,4歳以上2勝クラス,1:54.0,1.1,晴,6.0,9.0,1新潟4,五泉特別(2勝クラス),1:53.1,1.0,晴,5.0,11.0,1阪神8,4歳以上2勝クラス,1:53.7,1.0,曇,10.0,14.0,1阪神2,4歳以上2勝クラス,1:25.4,1.1,曇,26.5,9.0,2026-08-30 02:31:29,jra,2026-08-30,52.93,51.4,69.2,14.6,51.5,65.1,48.8,履歴少 / 人気以上に走る傾向 / 過小評価傾向 / 市場オッズ妙味
202607030406,2026-08-30,6,フームスムート,11.0,6.0,菱田,53.0,,13.0,13.0,2新潟3,柳都S(3勝クラス),1:54.9,1.9,曇,6.0,9.0,2福島5,障害3歳以上OP,3:45.9,1.7,晴,5.0,6.0,3京都12,障害4歳以上OP,3:36.1,2.4,晴,5.0,7.0,3京都1,障害4歳以上OP,3:39.0,3.5,晴,7.0,9.0,1京都3,牛若丸ジャンプS(OP),3:38.5,3.1,晴,184.4,16.0,2026-08-30 02:56:29,jra,2026-08-30,44.85,44.9,60.1,34.3,6.5,56.8,50.0,前走人気以上
202607030406,2026-08-30,6,ペンナヴェローチェ,2.0,1.0,北村友,57.0,,5.0,1.0,2新潟3,柳都S(3勝クラス),1:53.7,0.7,曇,7.0,2.0,3京都11,桃山S(3勝クラス),1:52.6,1.2,晴,2.0,3.0,3京都7,上賀茂S(3勝クラス),1:58.8,0.2,晴,3.0,4.0,3京都1,観月橋S(3勝クラス),1:51.2,0.4,晴,3.0,2.0,2阪神6,梅田S(3勝クラス),2:05.0,0.4,晴,23.5,8.0,2026-08-30 02:56:29,jra,2026-08-30,54.77,72.7,34.4,75.1,42.5,51.1,48.8,履歴少 / 安定感 / 市場オッズ妙味
202604030406,2026-08-30,6,マハナ,12.0,7.0,石橋脩,56.0,,10.0,6.0,3京都10,4歳以上2勝クラス,1:54.2,1.3,晴,8.0,9.0,1新潟2,咲花特別(2勝クラス),1:54.7,1.1,曇,9.0,10.0,1阪神9,4歳以上2勝クラス,1:53.0,1.1,晴,9.0,9.0,1阪神3,4歳以上2勝クラス,1:54.5,1.5,曇,1.0,1.0,5阪神4,3歳以上1勝クラス,1:54.6,-0.1,晴,68.8,14.0,2026-08-30 02:31:29,jra,2026-08-30,39.63,42.2,44.6,10.3,30.5,50.3,51.8,クラス条件好転 / 履歴少
202607030406,2026-08-30,6,メイショウシナノ,13.0,7.0,田口,56.0,,3.0,5.0,2中京5,三河S(3勝クラス),1:53.2,0.1,晴,4.0,9.0,2小倉8,宮崎S(3勝クラス),1:45.5,0.6,晴,9.0,11.0,3阪神6,姫路S(3勝クラス),1:52.6,1.9,晴,7.0,12.0,3京都7,上賀茂S(3勝クラス),1:59.3,0.7,晴,4.0,6.0,1阪神8,甲南S(3勝クラス),1:52.3,1.0,曇,26.0,9.0,2026-08-30 02:56:29,jra,2026-08-30,66.5,67.0,72.3,65.7,68.0,66.7,50.0,前走人気以上 / 人気以上に走る傾向 / 近走上向き / 安定感
202601020406,2026-08-30,6,ヤマヤロード,8.0,6.0,◇古川奈,51.0,,12.0,13.0,1札幌7,3歳未勝利,1:31.5,2.5,晴,5.0,8.0,名古屋,名古屋CCピーチ賞(3歳),1:36.8,1.0,晴,12.0,13.0,2阪神8,3歳未勝利,2:02.3,1.2,晴,16.0,13.0,5中山5,2歳未勝利,1:59.5,4.9,小雨,8.0,9.0,4東京9,2歳新馬,1:24.2,0.9,小雨,53.9,10.0,2026-08-30 02:48:29,jra,2026-08-30,36.3,18.2,53.5,11.2,39.5,52.9,48.8,履歴少
202601020406,2026-08-30,6,ライラックデューン,3.0,3.0,古川吉,56.0,,6.0,13.0,1函館12,3歳以上1勝クラス,1:44.5,1.4,曇,7.0,15.0,2小倉2,3歳以上1勝クラス,1:46.9,1.5,晴,10.0,14.0,1小倉7,4歳以上1勝クラス,1:47.8,1.7,曇,10.0,11.0,1小倉4,4歳以上1勝クラス,1:47.9,1.2,曇,1.0,4.0,2札幌5,3歳未勝利,1:46.7,-0.1,晴,43.2,9.0,2026-08-30 02:48:29,jra,2026-08-30,58.05,51.1,87.6,10.3,56.0,69.7,50.0,前走人気以上 / 人気以上に走る傾向 / 過小評価傾向 / 市場オッズ妙味
202607030406,2026-08-30,6,リューデスハイム,9.0,5.0,西村淳,55.0,,6.0,5.0,3京都7,上賀茂S(3勝クラス),1:59.2,0.6,晴,4.0,4.0,2阪神6,梅田S(3勝クラス),2:05.0,0.4,晴,7.0,6.0,1京都8,下鴨S(3勝クラス),1:59.8,0.6,晴,2.0,6.0,5阪神4,竹田城S(3勝クラス),2:04.8,0.2,晴,13.0,4.0,4東京6,伊勢佐木S(3勝クラス),2:14.6,2.6,曇,7.8,2.0,2026-08-30 02:56:29,jra,2026-08-30,50.99,61.3,44.1,39.5,53.0,52.0,48.8,履歴少
202601020406,2026-08-30,6,ルージュボニート,12.0,8.0,横山武,53.0,,1.0,1.0,1札幌5,3歳未勝利,1:45.9,-0.9,曇,2.0,4.0,1札幌2,3歳未勝利,1:46.0,0.0,晴,5.0,5.0,1函館7,3歳未勝利,1:47.7,1.0,晴,8.0,8.0,3東京3,3歳未勝利,1:38.7,1.9,晴,,,,,,,,3.2,2.0,2026-08-30 02:48:29,jra,2026-08-30,66.6,81.6,53.9,75.1,74.0,56.6,50.0,近走上向き / 安定感
202601020406,2026-08-30,6,ルージュリヴィエラ,2.0,2.0,▲佐藤,50.0,,7.0,1.0,1札幌8,3歳未勝利,1:47.9,1.4,晴,2.0,4.0,1函館12,3歳未勝利,1:44.5,0.0,小雨,2.0,8.0,1函館7,3歳未勝利,1:46.8,0.1,晴,8.0,8.0,2東京10,3歳未勝利,1:26.0,0.6,曇,6.0,4.0,2東京2,3歳未勝利,1:27.2,1.2,晴,10.5,4.0,2026-08-30 02:48:29,jra,2026-08-30,55.02,69.5,47.6,44.7,35.0,60.0,61.7,n適性 / 函館実績
202607030406,2026-08-30,6,レヴァンテシチー,14.0,7.0,松山,55.0,,5.0,1.0,2小倉8,宮崎S(3勝クラス),1:45.6,0.7,晴,7.0,2.0,3阪神6,姫路S(3勝クラス),1:51.9,1.2,晴,1.0,2.0,3京都4,六波羅特別(2勝クラス),1:50.8,-0.1,曇,1.0,2.0,2阪神8,4歳以上1勝クラス,1:52.2,-0.1,曇,4.0,1.0,1中京4,4歳以上1勝クラス,1:54.7,0.4,曇,14.8,6.0,2026-08-30 02:56:29,jra,2026-08-30,55.6,75.8,33.0,75.1,39.5,55.0,50.0,安定感 / 市場オッズ妙味
202604030406,2026-08-30,6,ヴァイヴァーイ,9.0,5.0,小崎,53.0,,1.0,9.0,2中京8,3歳以上1勝クラス,1:53.6,-0.4,晴,10.0,14.0,3京都10,3歳1勝クラス,2:00.8,2.0,晴,1.0,1.0,1新潟4,3歳未勝利,1:56.9,-0.2,晴,3.0,4.0,1中京5,3歳未勝利,1:55.7,0.5,晴,4.0,6.0,1中京4,3歳未勝利,1:55.9,0.9,晴,17.2,7.0,2026-08-30 02:31:29,jra,2026-08-30,72.44,77.2,76.5,75.1,71.0,71.9,48.8,前走人気以上 / 履歴少 / 人気以上に走る傾向 / 近走上向き
202601020406,2026-08-30,6,ヴェールミューズ,10.0,7.0,鮫島駿,53.0,,6.0,6.0,1札幌5,3歳以上1勝クラス,1:47.7,0.5,小雨,4.0,5.0,1札幌2,3歳以上1勝クラス,1:46.0,1.0,晴,13.0,10.0,2阪神7,3歳1勝クラス,1:56.3,4.1,晴,1.0,1.0,1中京1,3歳未勝利,1:55.0,-1.0,晴,2.0,6.0,1阪神4,3歳未勝利,1:55.6,1.2,晴,2.3,1.0,2026-08-30 02:48:29,jra,2026-08-30,53.31,62.1,50.5,49.8,44.0,54.8,48.8,履歴少
202601020407,2026-08-30,7,アスコットアイ,4.0,4.0,古川吉,56.0,,7.0,6.0,1札幌3,3歳以上1勝クラス,0:59.9,1.6,曇,9.0,11.0,2小倉3,3歳以上1勝クラス,0:58.3,1.2,曇,11.0,8.0,1小倉11,4歳以上1勝クラス,0:59.3,1.5,曇,16.0,7.0,5中京6,3歳以上1勝クラス,1:13.5,1.8,雨,5.0,4.0,5中京2,3歳以上1勝クラス,1:12.8,0.9,晴,16.7,6.0,2026-08-30 03:17:44,jra,2026-08-30,39.89,35.8,37.3,10.3,69.5,45.3,50.0,近走上向き / 市場オッズ妙味
202604030407,2026-08-30,7,ウインデイジー,2.0,2.0,岩田康,56.0,,8.0,4.0,2中京1,関ケ原S(3勝クラス),2:11.2,0.7,晴,3.0,8.0,3阪神5,ストークS(3勝クラス),2:14.2,0.0,雨,11.0,5.0,3京都6,烏丸S(3勝クラス),2:24.2,0.9,晴,1.0,5.0,1阪神9,淡路特別(2勝クラス),2:39.6,0.0,晴,5.0,7.0,1小倉9,皿倉山特別(2勝クラス),2:39.6,0.5,晴,9.4,6.0,2026-08-30 03:05:09,jra,2026-08-30,51.28,59.9,47.4,49.8,32.0,60.2,48.8,履歴少
202604030407,2026-08-30,7,オストラヴァ,7.0,6.0,津村,58.0,,2.0,2.0,3東京4,江の島S(3勝クラス),2:23.7,0.4,曇,1.0,1.0,3中山4,安房特別(2勝クラス),2:34.1,-0.3,曇,2.0,4.0,1中山7,4歳以上2勝クラス,2:14.7,0.2,晴,3.0,4.0,5中山8,グッドラックH(2勝クラス),2:33.9,0.3,晴,1.0,1.0,2福島1,3歳以上1勝クラス,2:40.9,-0.1,晴,5.6,2.0,2026-08-30 03:05:09,jra,2026-08-30,70.43,93.7,53.8,100.0,48.5,59.3,51.8,クラス条件好転 / 履歴少 / 安定感
202601020407,2026-08-30,7,カップッチョ,2.0,2.0,黛,58.0,,12.0,11.0,2札幌1,3歳以上1勝クラス,1:00.8,1.8,晴,7.0,11.0,1札幌5,3歳以上1勝クラス,1:01.1,1.5,曇,7.0,8.0,1函館8,3歳以上1勝クラス,1:00.1,1.5,曇,10.0,12.0,1函館3,3歳以上1勝クラス,1:00.5,2.2,晴,12.0,14.0,1小倉8,4歳以上1勝クラス,1:00.1,3.0,晴,37.6,10.0,2026-08-30 03:17:44,jra,2026-08-30,40.15,32.2,59.7,0.0,32.0,56.9,50.0,総合評価
202604030407,2026-08-30,7,クリニクラウン,12.0,8.0,菊沢,56.0,,8.0,10.0,2新潟6,佐渡S(3勝クラス),1:45.6,0.8,晴,12.0,11.0,2東京12,IFHA杯むらさき賞(3勝クラス),1:45.6,0.7,晴,15.0,8.0,1中京5,マレーシアC(3勝クラス),1:34.0,1.8,晴,8.0,6.0,1東京4,初音S(3勝クラス),1:46.5,0.8,曇,2.0,7.0,5東京4,ユートピアS(3勝クラス),1:46.6,0.1,晴,34.1,9.0,2026-08-30 03:05:09,jra,2026-08-30,39.67,32.3,44.4,10.3,57.5,49.7,48.8,履歴少
202604030407,2026-08-30,7,サダムオプシス,5.0,5.0,ルメール,58.0,,2.0,5.0,2中京1,関ケ原S(3勝クラス),2:10.5,0.0,晴,4.0,6.0,3阪神5,ストークS(3勝クラス),2:14.4,0.2,雨,5.0,9.0,3京都6,烏丸S(3勝クラス),2:23.7,0.4,晴,8.0,8.0,1小倉2,壇之浦S(3勝クラス),1:46.0,0.6,晴,9.0,9.0,5東京8,ウェルカムS(3勝クラス),1:58.5,0.9,晴,7.4,4.0,2026-08-30 03:05:09,jra,2026-08-30,67.57,70.5,65.4,75.1,77.0,64.4,48.8,前走人気以上 / 履歴少 / 人気以上に走る傾向 / 近走上向き
202604030407,2026-08-30,7,サトノパトリオット,10.0,7.0,川田,58.0,,1.0,4.0,2東京12,青嵐賞(2勝クラス),2:24.1,0.0,晴,1.0,1.0,5東京7,3歳以上1勝クラス,2:23.5,-0.1,曇,2.0,2.0,3新潟4,瓢湖特別(1勝クラス),2:13.7,0.1,晴,2.0,2.0,3東京1,稲城特別(1勝クラス),2:25.1,0.8,晴,5.0,3.0,2中山1,水仙賞(1勝クラス),2:17.0,0.5,晴,9.1,5.0,2026-08-30 03:05:09,jra,2026-08-30,71.85,93.9,54.9,100.0,59.0,60.0,48.8,前走人気以上 / 履歴少 / 安定感
202607030407,2026-08-30,7,サンタンジェロ,3.0,3.0,西村淳,55.0,,1.0,4.0,2中京2,2歳未勝利,1:20.7,-0.3,曇,6.0,2.0,3阪神5,2歳新馬,1:22.9,0.5,雨,,,,,,,,,,,,,,,,,,,,,,5.4,3.0,2026-08-30 02:32:24,jra,2026-08-30,52.14,63.1,44.9,34.7,62.0,51.6,48.8,前走人気以上 / 履歴少 / サンプル少
202607030407,2026-08-30,7,シスキンブルーム,4.0,4.0,団野,55.0,,1.0,1.0,2小倉1,2歳未勝利,1:09.0,-0.6,曇,2.0,3.0,3阪神2,2歳新馬,1:22.1,0.2,雨,,,,,,,,,,,,,,,,,,,,,,10.5,4.0,2026-08-30 02:32:24,jra,2026-08-30,55.88,71.0,47.2,48.4,48.8,58.0,48.8,履歴少 / サンプル少
202604030407,2026-08-30,7,シャドウメテオ,1.0,1.0,三浦,56.0,,3.0,8.0,3東京4,江の島S(3勝クラス),2:23.8,0.5,曇,3.0,5.0,3京都9,シドニーT(3勝クラス),1:59.6,0.2,曇,2.0,4.0,3中山4,美浦S(3勝クラス),2:01.5,0.0,曇,10.0,1.0,1中山8,初富士S(3勝クラス),1:59.6,0.4,曇,1.0,1.0,5中山6,チバテレ杯(2勝クラス),2:00.8,-0.1,曇,7.2,3.0,2026-08-30 03:05:09,jra,2026-08-30,66.01,79.1,57.7,85.4,56.0,58.4,48.8,前走人気以上 / 履歴少 / 安定感
202604030407,2026-08-30,7,シュバルツマサムネ,4.0,4.0,高田,58.0,,13.0,5.0,3阪神5,ストークS(3勝クラス),2:15.3,1.1,雨,8.0,7.0,3京都6,烏丸S(3勝クラス),2:23.8,0.5,晴,4.0,7.0,2阪神2,御堂筋S(3勝クラス),2:23.9,0.7,晴,5.0,4.0,2京都2,八坂S(3勝クラス),2:14.2,0.7,曇,1.0,3.0,5阪神5,境港特別(2勝クラス),2:26.7,0.0,晴,50.2,10.0,2026-08-30 03:05:09,jra,2026-08-30,38.96,47.5,35.8,44.7,0.0,48.8,48.8,履歴少
202607030407,2026-08-30,7,ジャスパートレノ,6.0,6.0,中井,55.0,,1.0,1.0,2新潟5,2歳新馬,1:13.1,-0.2,晴,,,,,,,,,,,,,,,,,,,,,,,,,,,,,21.8,7.0,2026-08-30 02:32:24,jra,2026-08-30,44.01,51.6,40.6,36.3,40.6,40.6,48.8,履歴少 / サンプル少
202607030407,2026-08-30,7,ジーティーマイカ,9.0,8.0,松山,55.0,,1.0,1.0,2福島2,2歳新馬,1:08.4,-1.1,晴,,,,,,,,,,,,,,,,,,,,,,,,,,,,,1.9,1.0,2026-08-30 02:32:24,jra,2026-08-30,44.01,51.6,40.6,36.3,40.6,40.6,48.8,履歴少 / サンプル少
202601020407,2026-08-30,7,ステラノヴァ,7.0,6.0,☆長浜,57.0,,9.0,7.0,1札幌5,3歳以上1勝クラス,1:01.3,1.7,曇,6.0,7.0,1函館1,3歳以上1勝クラス,0:59.3,1.5,晴,16.0,11.0,1中京3,4歳以上1勝クラス,1:26.6,2.3,晴,1.0,1.0,姫路,ロウバイ賞B2一,1:34.9,-0.2,曇,2.0,2.0,園田,シンビジウム賞B2,1:31.5,0.3,曇,43.0,11.0,2026-08-30 03:17:44,jra,2026-08-30,36.92,36.0,40.6,12.6,33.5,47.8,48.8,地方実績を中央換算 / 履歴少
202601020407,2026-08-30,7,スパークルジョイ,10.0,7.0,小沢,56.0,,12.0,8.0,1札幌8,3歳以上1勝クラス,1:01.3,2.0,晴,8.0,4.0,1函館9,3歳以上1勝クラス,0:59.0,0.9,曇,4.0,7.0,1函館5,3歳以上1勝クラス,0:58.4,1.0,晴,7.0,6.0,1函館2,3歳以上1勝クラス,0:59.1,1.0,晴,9.0,13.0,1阪神9,4歳以上1勝クラス,1:13.1,0.9,晴,29.2,9.0,2026-08-30 03:17:44,jra,2026-08-30,38.01,40.9,40.5,19.8,20.0,50.4,50.0,総合評価
202601020407,2026-08-30,7,セイウンバジリスク,6.0,5.0,▲和田陽,53.0,,5.0,6.0,2札幌1,3歳以上1勝クラス,0:59.6,0.6,晴,11.0,15.0,3京都5,3歳1勝クラス,1:12.7,1.2,晴,10.0,7.0,3京都2,3歳1勝クラス,1:27.5,3.3,晴,1.0,3.0,1阪神8,3歳未勝利,1:12.8,-0.1,曇,6.0,9.0,1阪神4,3歳未勝利,1:26.8,0.7,晴,13.1,4.0,2026-08-30 03:17:44,jra,2026-08-30,55.64,52.0,59.2,45.0,62.0,65.5,48.8,履歴少 / 過小評価傾向 / 市場オッズ妙味
202601020407,2026-08-30,7,セイルロケット,9.0,7.0,大野,58.0,,,9.0,1札幌5,3歳以上1勝クラス,,,曇,10.0,10.0,1函館5,3歳以上1勝クラス,0:59.3,1.9,晴,8.0,7.0,1函館3,3歳以上1勝クラス,1:00.4,2.1,晴,16.0,12.0,1阪神5,4歳以上1勝クラス,1:14.2,2.2,晴,11.0,4.0,1小倉2,4歳以上1勝クラス,1:01.4,2.5,晴,16.9,7.0,2026-08-30 03:17:44,jra,2026-08-30,33.66,25.5,34.9,0.0,60.0,43.4,48.8,履歴少 / 市場オッズ妙味
202604030407,2026-08-30,7,タイセイフェリーク,9.0,7.0,小崎,56.0,,10.0,7.0,2中京1,関ケ原S(3勝クラス),2:12.0,1.5,晴,5.0,13.0,3阪神5,ストークS(3勝クラス),2:14.5,0.3,雨,7.0,15.0,3京都9,シドニーT(3勝クラス),1:59.7,0.3,曇,8.0,12.0,4京都5,比叡S(3勝クラス),2:25.6,0.7,晴,5.0,3.0,3京都11,古都S(3勝クラス),3:04.5,0.7,晴,28.4,8.0,2026-08-30 03:05:09,jra,2026-08-30,52.04,49.2,71.3,35.3,27.5,62.6,48.8,履歴少 / 人気以上に走る傾向 / 市場オッズ妙味
202604030407,2026-08-30,7,チャリングクロス,3.0,3.0,戸崎圭,55.0,,1.0,2.0,3東京5,町田特別(2勝クラス),2:26.9,-0.3,雨,1.0,2.0,3中山5,山藤賞(1勝クラス),2:01.2,-0.2,晴,5.0,1.0,1東京7,フリージア賞(1勝クラス),1:59.4,0.7,晴,3.0,3.0,1中山2,3歳1勝クラス,2:01.3,0.2,晴,1.0,4.0,4東京4,2歳未勝利,2:00.0,-0.2,曇,2.4,1.0,2026-08-30 03:05:09,jra,2026-08-30,69.27,91.3,50.5,100.0,59.0,54.4,48.8,履歴少 / 安定感
202604030407,2026-08-30,7,ナムラフッカー,6.0,5.0,原,58.0,,7.0,8.0,2中京1,関ケ原S(3勝クラス),2:11.1,0.6,晴,18.0,11.0,3阪神5,ストークS(3勝クラス),2:16.1,1.9,雨,4.0,10.0,3京都6,烏丸S(3勝クラス),2:23.6,0.3,晴,8.0,10.0,2阪神2,御堂筋S(3勝クラス),2:24.1,0.9,晴,9.0,10.0,1阪神7,難波S(3勝クラス),1:45.7,0.8,晴,53.9,11.0,2026-08-30 03:05:09,jra,2026-08-30,46.33,41.0,51.0,19.8,66.5,52.9,48.8,履歴少 / 近走上向き
202607030407,2026-08-30,7,バクソウシャチョウ,2.0,2.0,松若,55.0,,2.0,3.0,2中京8,2歳未勝利,1:08.4,0.0,晴,2.0,3.0,2小倉5,2歳未勝利,1:08.8,0.2,晴,6.0,4.0,3阪神6,2歳新馬,1:37.8,0.7,晴,,,,,,,,,,,,,,,17.4,6.0,2026-08-30 02:32:24,jra,2026-08-30,63.54,83.6,51.5,55.3,62.0,62.2,50.0,市場オッズ妙味
202607030407,2026-08-30,7,ビスケットサンド,7.0,7.0,北村友,55.0,,1.0,4.0,3阪神2,2歳新馬,1:21.9,-0.2,雨,,,,,,,,,,,,,,,,,,,,,,,,,,,,,4.3,2.0,2026-08-30 02:32:24,jra,2026-08-30,45.31,51.6,45.3,36.3,40.6,42.0,48.8,前走人気以上 / 履歴少 / サンプル少
202607030407,2026-08-30,7,ピコキング,1.0,1.0,田口,55.0,,7.0,3.0,2中京7,2歳新馬,1:11.8,3.2,曇,,,,,,,,,,,,,,,,,,,,,,,,,,,,,82.1,9.0,2026-08-30 02:32:24,jra,2026-08-30,38.16,41.1,34.5,29.6,40.6,36.2,48.8,履歴少 / サンプル少
202607030407,2026-08-30,7,ピコジャック,8.0,8.0,吉村,55.0,,8.0,3.0,2中京8,2歳新馬,1:28.5,2.6,晴,,,,,,,,,,,,,,,,,,,,,,,,,,,,,45.1,8.0,2026-08-30 02:32:24,jra,2026-08-30,37.14,39.3,32.9,29.6,40.6,35.1,48.8,履歴少 / サンプル少
202601020407,2026-08-30,7,ブライアーヒル,1.0,1.0,▲大久保,53.0,,14.0,14.0,1札幌8,小樽特別(1勝クラス),1:10.0,1.9,晴,10.0,10.0,1札幌4,3歳以上1勝クラス,1:09.9,1.0,晴,6.0,8.0,1函館5,長万部特別(1勝クラス),1:09.2,0.7,晴,7.0,7.0,1函館1,3歳以上1勝クラス,1:08.6,0.7,晴,17.0,16.0,1中京2,4歳以上1勝クラス,1:09.7,2.2,晴,53.5,12.0,2026-08-30 03:17:44,jra,2026-08-30,35.1,26.4,52.0,0.0,26.0,51.6,48.8,履歴少
202601020407,2026-08-30,7,プルミエールパス,11.0,8.0,川又,56.0,,10.0,5.0,2小倉8,3歳以上1勝クラス,0:59.6,1.3,晴,3.0,8.0,2小倉3,3歳以上1勝クラス,0:57.3,0.2,曇,12.0,7.0,1新潟4,4歳以上1勝クラス,1:13.5,1.5,晴,3.0,4.0,1福島3,4歳以上1勝クラス,1:09.2,0.0,晴,4.0,5.0,1中京1,4歳以上1勝クラス,1:12.7,0.4,晴,21.8,8.0,2026-08-30 03:17:44,jra,2026-08-30,46.76,51.9,42.9,49.8,23.0,54.3,55.7,小倉実績 / 市場オッズ妙味
202604030407,2026-08-30,7,ベンサレム,8.0,6.0,岩田望,58.0,,13.0,10.0,3東京4,江の島S(3勝クラス),2:25.8,2.5,曇,7.0,6.0,2東京7,六社S(3勝クラス),2:23.6,0.5,晴,8.0,7.0,1阪神3,松籟S(3勝クラス),3:08.3,1.4,曇,1.0,1.0,4東京8,本栖湖特別(2勝クラス),2:27.7,-0.4,曇,1.0,1.0,3新潟7,瓢湖特別(1勝クラス),2:15.6,-0.4,雨,13.4,7.0,2026-08-30 03:05:09,jra,2026-08-30,38.21,47.8,40.5,24.9,0.0,51.7,48.8,履歴少 / 市場オッズ妙味
202607030407,2026-08-30,7,マルモリムソウ,5.0,5.0,泉谷,55.0,,1.0,3.0,2小倉6,2歳新馬,1:09.4,-0.3,晴,,,,,,,,,,,,,,,,,,,,,,,,,,,,,11.2,5.0,2026-08-30 02:32:24,jra,2026-08-30,45.07,51.6,43.7,36.3,40.6,42.0,50.0,サンプル少
202601020407,2026-08-30,7,メイショウハッブル,12.0,8.0,◇古川奈,56.0,,6.0,9.0,2札幌1,3歳以上1勝クラス,0:59.8,0.8,晴,7.0,8.0,1函館12,3歳以上1勝クラス,0:58.7,0.7,曇,4.0,6.0,1函館9,3歳以上1勝クラス,0:58.4,0.3,曇,12.0,9.0,2阪神7,4歳以上1勝クラス,1:12.9,1.5,曇,4.0,13.0,2阪神3,4歳以上1勝クラス,1:12.5,0.8,雨,11.8,3.0,2026-08-30 03:17:44,jra,2026-08-30,55.98,55.8,64.3,30.1,54.5,65.7,55.7,前走人気以上 / 函館実績 / 過小評価傾向
202601020407,2026-08-30,7,ヨドノゴールド,3.0,3.0,石川倭,58.0,,3.0,2.0,1札幌8,3歳以上1勝クラス,0:59.4,0.1,晴,2.0,10.0,1札幌5,3歳以上1勝クラス,0:59.7,0.1,曇,6.0,11.0,2小倉8,3歳以上1勝クラス,0:59.2,0.9,晴,5.0,6.0,2小倉2,3歳以上1勝クラス,0:58.9,0.9,晴,9.0,5.0,1新潟4,4歳以上1勝クラス,1:12.8,1.2,晴,3.9,2.0,2026-08-30 03:17:44,jra,2026-08-30,66.58,74.0,66.9,69.9,65.0,61.6,50.0,前走人気以上 / 人気以上に走る傾向 / 近走上向き / 安定感
202601020407,2026-08-30,7,ラスベガスサイン,5.0,5.0,横山琉,54.0,,13.0,11.0,1札幌8,小樽特別(1勝クラス),1:10.0,1.9,晴,11.0,7.0,1小倉6,かささぎ賞(1勝クラス),1:10.8,1.6,曇,6.0,6.0,5中京3,つわぶき賞(1勝クラス),1:20.5,0.6,曇,1.0,2.0,2札幌5,2歳未勝利,1:09.7,-0.9,晴,2.0,3.0,2札幌4,2歳未勝利,1:11.0,0.1,曇,16.5,5.0,2026-08-30 03:17:44,jra,2026-08-30,37.02,42.2,40.5,24.9,2.0,52.8,48.8,履歴少 / 市場オッズ妙味
202604030407,2026-08-30,7,リンフレスカンテ,11.0,8.0,石橋脩,58.0,,5.0,11.0,2中京1,関ケ原S(3勝クラス),2:11.0,0.5,晴,10.0,13.0,2東京7,六社S(3勝クラス),2:24.2,1.1,晴,7.0,11.0,2阪神2,御堂筋S(3勝クラス),2:24.1,0.9,晴,13.0,14.0,2中山4,湾岸S(3勝クラス),2:34.0,1.9,晴,9.0,10.0,1阪神8,阪神大賞典(GII),3:06.5,3.2,晴,86.5,12.0,2026-08-30 03:05:09,jra,2026-08-30,56.42,42.2,75.3,30.4,78.5,61.3,48.8,前走人気以上 / 履歴少 / 人気以上に走る傾向 / 近走上向き
202601020407,2026-08-30,7,ワイドデコラシオン,8.0,6.0,横山武,58.0,,6.0,2.0,1札幌5,3歳以上1勝クラス,1:00.7,1.1,曇,2.0,2.0,1函館12,3歳以上1勝クラス,0:58.1,0.1,曇,2.0,2.0,1函館9,3歳以上1勝クラス,0:58.1,0.0,曇,6.0,6.0,1新潟4,4歳以上1勝クラス,1:12.2,0.6,晴,9.0,9.0,2阪神5,4歳以上1勝クラス,1:24.9,0.9,晴,1.9,1.0,2026-08-30 03:17:44,jra,2026-08-30,53.72,71.8,41.5,44.7,42.5,50.1,61.7,n適性 / 函館実績
202604030408,2026-08-30,8,アーバンシック,9.0,7.0,三浦,59.0,,14.0,7.0,1中京2,東海テレビ杯金鯱賞(GII),1:59.1,1.0,晴,10.0,2.0,シャティン,香港ヴァーズ(GI),,,,5.0,11.0,4東京11,天皇賞(秋)(GI),1:58.8,0.2,曇,14.0,6.0,3阪神4,宝塚記念(GI),2:13.5,2.4,晴,3.0,1.0,3中山1,日経賞(GII),2:36.2,0.1,曇,13.8,7.0,2026-08-30 02:40:29,jra,2026-08-30,28.75,29.1,19.8,30.1,14.0,40.6,48.8,履歴少 / 市場オッズ妙味
202607030408,2026-08-30,8,オルトパラティウム,13.0,7.0,田山,58.0,,3.0,6.0,2福島5,信夫山特別(2勝クラス),2:37.5,0.1,曇,10.0,5.0,1中京5,TAインディア賞(2勝クラス),2:16.2,0.9,晴,12.0,7.0,1京都5,琵琶湖特別(2勝クラス),2:27.2,2.5,晴,8.0,2.0,5中京4,一宮特別(2勝クラス),2:15.6,1.6,晴,3.0,2.0,1小倉2,海の中道特別(2勝クラス),2:39.9,0.2,晴,19.6,11.0,2026-08-30 03:05:29,jra,2026-08-30,48.7,50.0,33.9,40.7,81.5,49.3,50.0,前走人気以上 / 近走上向き / 市場オッズ妙味
202607030408,2026-08-30,8,カフジエメンタール,7.0,4.0,坂井,55.0,,1.0,1.0,3阪神1,城崎特別(1勝クラス),1:45.5,-0.2,晴,9.0,11.0,3京都5,京都新聞杯(GII),2:10.8,0.9,晴,3.0,2.0,2阪神1,毎日杯(GIII),1:45.7,0.6,晴,1.0,2.0,1阪神6,アルメリア賞(1勝クラス),1:45.2,-0.6,晴,3.0,2.0,5阪神5,2歳未勝利,2:01.2,0.5,晴,7.4,3.0,2026-08-30 03:05:29,jra,2026-08-30,65.09,79.2,52.4,75.1,68.0,59.2,48.8,履歴少 / 近走上向き / 安定感
202601020408,2026-08-30,8,クラウンアールシー,4.0,3.0,石川倭,58.0,,12.0,11.0,1札幌6,3歳以上1勝クラス,1:48.5,1.9,晴,1.0,1.0,門別,キタコブシ特別(B4),1:50.2,-0.8,曇,1.0,4.0,門別,クンシラン特別(B4),1:43.5,-0.9,晴,7.0,1.0,門別,グランシャリオドリー(C1),1:59.8,1.1,晴,1.0,2.0,門別,ネリネ特別(C2),1:51.2,-0.4,晴,29.3,11.0,2026-08-30 02:45:24,jra,2026-08-30,37.85,33.1,47.9,27.1,20.0,49.7,44.6,地方実績を中央換算 / クラス条件好転 / 地方実績中心 / 履歴少
202607030408,2026-08-30,8,サガルマータ,2.0,2.0,松山,55.0,,1.0,1.0,3阪神5,3歳以上1勝クラス,2:25.8,-0.3,雨,6.0,7.0,2東京1,テレビ東京杯青葉賞(GII),2:24.1,1.1,晴,1.0,3.0,1阪神1,3歳未勝利,2:26.9,-0.4,晴,3.0,3.0,5阪神3,2歳新馬,1:49.2,0.3,晴,,,,,,,,4.5,1.0,2026-08-30 03:05:29,jra,2026-08-30,65.93,86.3,55.0,64.7,64.0,58.8,48.8,履歴少 / 安定感
202604030408,2026-08-30,8,サヴォーナ,2.0,2.0,池添,57.0,,10.0,3.0,2福島6,七夕賞(GIII),1:59.7,1.8,曇,1.0,5.0,1福島2,福島民報杯(L),1:58.4,-0.3,晴,8.0,2.0,5東京2,アルゼンチン共和国杯(GII),2:29.7,0.7,晴,4.0,3.0,4中山7,産経賞オールカマー(GII),2:12.0,0.2,曇,4.0,1.0,1函館12,函館記念(GIII),1:59.9,0.7,晴,27.4,8.0,2026-08-30 02:40:29,jra,2026-08-30,43.98,61.1,30.6,49.8,15.5,47.8,50.0,市場オッズ妙味
202601020408,2026-08-30,8,シェーンルスカ,13.0,8.0,▲遠藤,53.0,,9.0,12.0,2札幌1,3歳以上1勝クラス,1:00.0,1.0,晴,5.0,12.0,1札幌5,3歳以上1勝クラス,1:00.7,1.1,曇,9.0,9.0,1札幌3,3歳以上1勝クラス,1:00.4,2.1,曇,13.0,14.0,1函館11,3歳以上1勝クラス,1:49.8,4.5,小雨,15.0,15.0,1福島2,4歳以上1勝クラス,2:01.4,2.5,晴,56.6,13.0,2026-08-30 02:45:24,jra,2026-08-30,49.87,35.6,69.6,24.9,59.0,58.1,50.0,前走人気以上 / 人気以上に走る傾向
202607030408,2026-08-30,8,シャドウマスター,10.0,6.0,北村友,55.0,,8.0,10.0,2東京1,テレビ東京杯青葉賞(GII),2:24.6,1.6,晴,1.0,1.0,1阪神8,ゆきやなぎ賞(1勝クラス),2:26.5,0.0,曇,5.0,5.0,1京都1,3歳1勝クラス,2:01.3,0.4,曇,1.0,2.0,3京都10,2歳新馬,2:02.3,0.0,晴,,,,,,,,18.1,10.0,2026-08-30 03:05:29,jra,2026-08-30,57.63,74.0,55.9,59.3,16.0,66.4,51.8,クラス条件好転 / 履歴少 / 過小評価傾向 / 市場オッズ妙味
202607030408,2026-08-30,8,ショウナンハウル,4.0,3.0,富田,58.0,,7.0,7.0,2中京6,浜名湖特別(2勝クラス),2:01.3,0.8,曇,11.0,9.0,2小倉6,西部スポニチ賞(2勝クラス),2:01.7,1.8,晴,8.0,7.0,1阪神5,千里山特別(2勝クラス),2:03.1,2.1,曇,7.0,7.0,2京都3,4歳以上2勝クラス,2:01.9,1.1,曇,10.0,10.0,1京都6,稲荷特別(2勝クラス),2:02.5,1.5,晴,92.1,15.0,2026-08-30 03:05:29,jra,2026-08-30,41.11,40.0,45.1,0.0,62.0,49.0,48.0,クラス条件好転
202607030408,2026-08-30,8,ジェットブレード,9.0,5.0,田口,58.0,,10.0,7.0,2福島8,猪苗代特別(2勝クラス),2:01.8,1.6,晴,6.0,12.0,1新潟6,信濃川特別(2勝クラス),2:01.3,0.6,晴,10.0,6.0,3京都2,比良山特別(2勝クラス),2:12.6,1.2,晴,4.0,6.0,1中京5,TAインディア賞(2勝クラス),2:15.6,0.3,晴,5.0,6.0,1中京1,茶臼山高原特別(2勝クラス),1:59.4,0.5,晴,90.7,14.0,2026-08-30 03:05:29,jra,2026-08-30,44.2,47.1,51.3,24.9,27.5,52.9,50.0,総合評価
202604030408,2026-08-30,8,ジュンブロッサム,7.0,6.0,杉原,58.0,,9.0,7.0,2新潟5,関越S(OP),1:45.4,0.4,晴,9.0,7.0,2東京5,エプソムC(GIII),1:45.8,0.5,晴,11.0,12.0,3中山3,ダービー卿チャレンジ(GIII),1:34.5,1.1,曇,7.0,1.0,5東京7,キャピタルS(L),1:32.2,0.3,晴,4.0,9.0,4東京6,富士S(GII),1:32.1,0.4,曇,40.1,10.0,2026-08-30 02:40:29,jra,2026-08-30,38.96,39.3,41.1,10.3,42.5,49.1,48.8,履歴少
202607030408,2026-08-30,8,ジュンライデン,14.0,8.0,Ｍデムーロ,58.0,,1.0,6.0,2新潟8,3歳以上1勝クラス,2:28.8,-0.1,晴,4.0,7.0,2小倉5,英彦山特別(1勝クラス),2:40.0,0.3,晴,6.0,3.0,1阪神10,4歳以上1勝クラス,2:28.0,0.9,曇,9.0,4.0,1小倉11,脊振山特別(1勝クラス),2:42.9,1.5,晴,6.0,3.0,3福島2,3歳以上1勝クラス,2:43.0,0.5,曇,15.7,9.0,2026-08-30 03:05:29,jra,2026-08-30,63.67,72.6,54.4,55.3,81.5,61.9,51.8,クラス条件好転 / 前走人気以上 / 近走上向き / 市場オッズ妙味
202607030408,2026-08-30,8,スイートオレンジ,12.0,7.0,秋山稔,56.0,,1.0,3.0,2新潟3,燕特別(1勝クラス),2:13.2,-0.1,曇,2.0,7.0,2福島8,3歳以上1勝クラス,1:47.1,0.2,晴,7.0,5.0,1新潟4,荒川峡特別(1勝クラス),2:28.2,1.7,晴,5.0,2.0,1福島3,桑折特別(1勝クラス),1:59.1,0.6,晴,6.0,3.0,1中京1,鶴舞特別(1勝クラス),2:12.4,1.0,晴,12.0,7.0,2026-08-30 03:05:29,jra,2026-08-30,66.18,79.7,55.0,69.9,74.0,59.9,50.0,前走人気以上 / 近走上向き / 安定感 / 市場オッズ妙味
202601020408,2026-08-30,8,スタードメイソン,10.0,6.0,▲和田陽,53.0,,8.0,13.0,1札幌5,3歳以上1勝クラス,1:28.9,1.0,曇,9.0,9.0,1函館7,恵山特別(1勝クラス),1:50.0,1.4,晴,10.0,10.0,1函館4,3歳以上1勝クラス,1:48.5,1.5,小雨,13.0,10.0,1福島2,燧ヶ岳特別(1勝クラス),2:46.5,6.5,晴,14.0,8.0,1小倉6,4歳以上1勝クラス,1:49.3,1.3,曇,20.5,6.0,2026-08-30 02:45:24,jra,2026-08-30,41.31,28.5,53.2,0.0,71.0,49.1,51.8,クラス条件好転 / 前走人気以上 / 近走上向き
202604030408,2026-08-30,8,ステレンボッシュ,11.0,8.0,戸崎圭,56.0,,10.0,5.0,3東京2,安田記念(GI),1:32.9,0.8,曇,2.0,5.0,2東京5,エプソムC(GIII),1:45.3,0.0,晴,7.0,9.0,2中山3,中山牝馬S(GIII),1:47.7,0.6,晴,10.0,6.0,4京都4,エリザベス女王杯(GI),2:12.0,1.0,晴,15.0,3.0,1札幌8,札幌記念(GII),2:03.4,1.9,曇,12.1,5.0,2026-08-30 02:40:29,jra,2026-08-30,40.13,45.8,34.6,24.9,41.0,44.4,48.8,履歴少 / 市場オッズ妙味
202607030408,2026-08-30,8,ソルパッサーレ,5.0,3.0,団野,53.0,,13.0,15.0,2東京10,優駿牝馬(GI),2:26.8,1.2,曇,10.0,2.0,2阪神6,忘れな草賞(L),2:00.5,1.4,晴,12.0,3.0,1阪神4,チューリップ賞(GII),1:35.0,0.7,晴,1.0,2.0,1京都9,河津桜賞(1勝クラス),1:33.7,-0.1,晴,1.0,4.0,4京都3,2歳未勝利,2:01.6,-1.0,晴,11.9,6.0,2026-08-30 03:05:29,jra,2026-08-30,32.6,35.5,31.0,24.9,8.0,45.6,48.8,履歴少
202604030408,2026-08-30,8,ゾロアストロ,5.0,5.0,岩田望,55.0,,12.0,11.0,3中山8,皐月賞(GI),1:57.5,1.0,晴,1.0,1.0,2京都4,きさらぎ賞(GIII),1:48.0,0.0,曇,2.0,5.0,5東京6,東京スポーツ杯2歳S(GII),1:46.0,0.0,晴,3.0,1.0,4東京3,サウジアラビアRC(GIII),1:34.1,0.3,小雨,1.0,1.0,2新潟2,2歳未勝利,1:47.4,-0.4,晴,3.5,1.0,2026-08-30 02:40:29,jra,2026-08-30,52.38,69.3,50.0,69.6,0.0,55.3,48.8,履歴少 / 安定感
202604030408,2026-08-30,8,ダノンシーマ,8.0,7.0,川田,57.0,,3.0,2.0,2東京12,目黒記念(GII),2:29.8,0.0,晴,3.0,2.0,1阪神10,阪神大賞典(GII),3:02.7,0.7,曇,1.0,2.0,1東京1,白富士S(L),1:57.0,-0.1,晴,1.0,1.0,4京都5,比叡S(3勝クラス),2:24.9,-0.4,晴,1.0,1.0,4阪神9,兵庫特別(2勝クラス),2:25.8,-0.1,曇,3.6,2.0,2026-08-30 02:40:29,jra,2026-08-30,66.39,91.1,47.5,100.0,41.0,54.8,48.8,履歴少 / 安定感
202604030408,2026-08-30,8,チェルヴィニア,6.0,6.0,津村,56.0,,16.0,6.0,2東京8,ヴィクトリアマイル(GI),1:32.0,1.1,晴,5.0,5.0,2中山2,中山記念(GII),1:45.5,0.4,晴,10.0,8.0,4京都6,マイルチャンピオンS(GI),1:32.2,0.9,晴,7.0,3.0,4東京2,毎日王冠(GII),1:44.7,0.7,曇,2.0,1.0,3阪神6,しらさぎS(GIII),1:33.2,0.2,晴,12.5,6.0,2026-08-30 02:40:29,jra,2026-08-30,31.11,39.6,21.1,35.3,0.0,41.8,48.8,履歴少 / 市場オッズ妙味
202601020408,2026-08-30,8,テンユウ,7.0,5.0,丹内,55.0,,9.0,4.0,1函館11,3歳未勝利,1:49.5,1.6,小雨,6.0,3.0,1函館9,3歳未勝利,1:09.8,0.7,曇,3.0,5.0,1函館1,3歳未勝利,1:09.0,0.5,雨,7.0,4.0,3中山5,3歳未勝利,1:35.4,0.8,晴,7.0,3.0,1東京3,3歳未勝利,1:35.2,0.3,雪,5.9,4.0,2026-08-30 02:45:24,jra,2026-08-30,40.4,55.5,30.9,19.8,30.5,47.2,48.1,総合評価
202601020408,2026-08-30,8,トクシージェネラル,8.0,5.0,横山琉,58.0,,13.0,14.0,1札幌8,3歳以上1勝クラス,1:49.6,2.7,晴,9.0,8.0,2東京12,4歳以上1勝クラス,1:46.8,1.7,晴,12.0,10.0,1福島5,4歳以上1勝クラス,1:48.1,2.8,晴,9.0,8.0,1小倉8,4歳以上1勝クラス,1:48.1,1.7,晴,15.0,10.0,1小倉3,4歳以上1勝クラス,1:48.6,3.4,晴,22.5,8.0,2026-08-30 02:45:24,jra,2026-08-30,31.42,17.8,43.0,0.0,39.5,46.5,48.8,履歴少
202601020408,2026-08-30,8,トリスティ,3.0,3.0,▲佐藤,50.0,,15.0,10.0,2福島7,3歳以上1勝クラス,1:10.2,1.9,曇,13.0,13.0,3中山4,3歳1勝クラス,1:10.3,1.5,晴,11.0,11.0,2中山4,3歳1勝クラス,1:34.6,1.1,晴,10.0,10.0,1東京8,3歳1勝クラス,1:35.4,2.2,晴,6.0,7.0,1中山6,菜の花賞(1勝クラス),1:34.9,0.5,晴,43.9,12.0,2026-08-30 02:45:24,jra,2026-08-30,28.05,15.2,40.1,0.0,20.0,48.3,50.0,総合評価
202604030408,2026-08-30,8,ドゥレッツァ,4.0,4.0,田辺,59.0,,,,5東京8,ジャパンC(GI),,,晴,8.0,4.0,3京都2,京都大賞典(GII),2:24.5,0.6,曇,9.0,4.0,3阪神4,宝塚記念(GI),2:12.4,1.3,晴,3.0,5.0,メイダン,ドバイシーマクラシッ(GI),,,,2.0,7.0,5東京8,ジャパンC(GI),2:25.5,0.0,晴,8.2,4.0,2026-08-30 02:40:29,jra,2026-08-30,44.37,57.2,38.2,24.9,30.0,55.1,48.8,履歴少
202601020408,2026-08-30,8,ドラリズム,11.0,7.0,黛,55.0,,7.0,4.0,1函館10,3歳未勝利,1:10.7,0.4,雨,13.0,7.0,3東京4,3歳未勝利,1:22.5,0.9,曇,3.0,4.0,1新潟5,3歳未勝利,1:34.9,0.1,晴,4.0,8.0,3中山7,3歳未勝利,1:34.4,0.2,晴,10.0,6.0,1中京5,3歳未勝利,1:27.1,2.2,晴,21.9,7.0,2026-08-30 02:45:24,jra,2026-08-30,43.99,47.4,35.7,34.3,53.0,47.6,50.0,市場オッズ妙味
202607030408,2026-08-30,8,ニュークレド,6.0,4.0,松若,58.0,,4.0,3.0,2小倉2,帆柱山特別(2勝クラス),2:44.0,0.7,晴,5.0,4.0,3京都2,比良山特別(2勝クラス),2:11.8,0.4,晴,7.0,2.0,1中京5,TAインディア賞(2勝クラス),2:15.8,0.5,晴,1.0,2.0,1中京1,鶴舞特別(1勝クラス),2:11.4,-0.4,晴,7.0,4.0,4京都7,3歳以上1勝クラス,1:46.8,0.5,晴,12.4,8.0,2026-08-30 03:05:29,jra,2026-08-30,56.77,70.3,38.1,69.9,56.0,57.0,48.8,履歴少 / 安定感 / 市場オッズ妙味
202601020408,2026-08-30,8,ネッタイヤライ,12.0,7.0,横山武,55.0,,4.0,7.0,1札幌5,3歳以上1勝クラス,1:28.3,0.4,曇,6.0,4.0,1函館6,臥牛山特別(1勝クラス),1:47.7,0.8,晴,7.0,2.0,1函館4,3歳以上1勝クラス,1:47.7,0.7,小雨,4.0,5.0,1中京4,フローラルウォーク賞(1勝クラス),1:34.2,0.5,曇,3.0,2.0,1阪神4,3歳1勝クラス,2:01.1,1.0,晴,5.3,2.0,2026-08-30 02:45:24,jra,2026-08-30,56.34,68.1,46.3,55.3,56.0,54.5,51.8,クラス条件好転 / 前走人気以上 / 履歴少
202607030408,2026-08-30,8,ノチェセラーダ,3.0,2.0,西村淳,55.0,,6.0,2.0,3阪神3,三田特別(2勝クラス),2:11.5,0.5,晴,4.0,8.0,2東京1,テレビ東京杯青葉賞(GII),2:23.7,0.7,晴,3.0,5.0,1阪神1,すみれS(L),2:12.8,0.4,晴,10.0,10.0,5中山7,ホープフルS(GI),2:01.8,0.8,曇,1.0,6.0,4京都4,黄菊賞(1勝クラス),2:01.3,0.0,晴,7.7,4.0,2026-08-30 03:05:29,jra,2026-08-30,57.51,68.2,54.9,55.0,41.0,63.2,48.8,履歴少
202601020408,2026-08-30,8,ハネマン,1.0,1.0,原田和,53.0,,10.0,9.0,1函館12,3歳未勝利,1:00.3,1.6,小雨,15.0,11.0,1函館10,3歳未勝利,1:11.7,1.4,雨,8.0,14.0,2東京1,3歳未勝利,1:22.3,1.0,晴,6.0,15.0,1小倉6,かささぎ賞(1勝クラス),1:10.2,1.0,曇,18.0,9.0,1小倉4,3歳未勝利,1:10.6,2.8,曇,85.0,14.0,2026-08-30 02:45:24,jra,2026-08-30,39.0,26.0,51.9,0.0,60.5,51.6,48.1,総合評価
202604030408,2026-08-30,8,バレエマスター,10.0,8.0,菊沢,57.0,,6.0,10.0,3東京3,ジューンS(OP),1:46.5,0.5,晴,2.0,12.0,1新潟5,新潟大賞典(GIII),1:59.0,0.1,晴,7.0,8.0,1福島2,福島民報杯(L),1:58.9,0.5,晴,8.0,12.0,2阪神2,六甲S(L),1:32.8,0.8,晴,13.0,13.0,1京都8,睦月S(OP),1:35.0,0.9,晴,27.4,9.0,2026-08-30 02:40:29,jra,2026-08-30,60.2,58.3,81.4,24.9,59.0,67.1,48.8,前走人気以上 / 履歴少 / 人気以上に走る傾向 / 過小評価傾向
202607030408,2026-08-30,8,ビップチェイス,11.0,6.0,菱田,58.0,,6.0,12.0,2新潟7,阿賀野川特別(2勝クラス),2:10.6,1.3,晴,6.0,13.0,2東京12,青嵐賞(2勝クラス),2:24.5,0.4,晴,7.0,7.0,3京都8,白川特別(2勝クラス),2:24.1,1.9,晴,7.0,6.0,1福島4,奥の細道特別(2勝クラス),2:38.4,0.8,晴,1.0,6.0,1福島2,燧ヶ岳特別(1勝クラス),2:40.0,-0.2,晴,57.6,13.0,2026-08-30 03:05:29,jra,2026-08-30,56.3,61.4,77.6,10.3,45.5,63.7,48.8,前走人気以上 / 履歴少 / 人気以上に走る傾向
202601020408,2026-08-30,8,ファンクション,6.0,4.0,斎藤,53.0,,11.0,6.0,2東京9,カーネーションC(1勝クラス),1:47.5,1.1,曇,14.0,10.0,2阪神3,チャーチルダウンズC(GIII),1:36.1,2.0,雨,4.0,5.0,2中山5,アネモネS(L),1:33.4,0.7,晴,2.0,5.0,1中山6,菜の花賞(1勝クラス),1:34.4,0.0,晴,1.0,7.0,3福島6,2歳新馬,1:50.6,-0.1,晴,3.5,1.0,2026-08-30 02:45:24,jra,2026-08-30,42.07,44.9,41.2,44.7,15.5,53.8,48.8,履歴少
202607030408,2026-08-30,8,ブレットパス,1.0,1.0,吉村,55.0,,2.0,1.0,3阪神3,三田特別(2勝クラス),2:11.1,0.1,晴,1.0,1.0,3京都1,あやめ賞(1勝クラス),1:45.1,0.0,晴,2.0,1.0,2中山1,水仙賞(1勝クラス),2:12.9,0.2,晴,2.0,1.0,1東京2,セントポーリア賞(1勝クラス),1:46.8,0.1,晴,1.0,1.0,5阪神1,2歳未勝利,1:48.4,0.0,晴,5.3,2.0,2026-08-30 03:05:29,jra,2026-08-30,67.7,94.8,45.5,100.0,47.0,55.1,48.8,履歴少 / 安定感
202604030408,2026-08-30,8,ボーンディスウェイ,1.0,1.0,丸山,57.0,,5.0,14.0,2福島6,七夕賞(GIII),1:58.7,0.8,曇,11.0,13.0,2東京12,目黒記念(GII),2:30.4,0.6,晴,6.0,6.0,2阪神5,大阪ーハンブルクC(OP),2:37.8,0.9,晴,9.0,10.0,1東京7,ダイヤモンドS(GIII),3:33.1,1.1,晴,8.0,12.0,5東京2,アルゼンチン共和国杯(GII),2:30.4,0.2,曇,57.2,11.0,2026-08-30 02:40:29,jra,2026-08-30,57.46,47.3,76.6,30.4,71.0,62.0,50.0,前走人気以上 / 人気以上に走る傾向 / 近走上向き
202607030408,2026-08-30,8,メイショウナルカミ,15.0,8.0,幸,55.0,,1.0,3.0,2中京4,3歳以上1勝クラス,2:17.5,-0.1,曇,7.0,2.0,1中京6,大寒桜賞(1勝クラス),2:20.2,6.1,晴,1.0,2.0,1中京2,3歳未勝利,2:12.5,0.0,晴,2.0,2.0,1小倉10,3歳未勝利,2:01.0,0.5,晴,2.0,2.0,4阪神1,2歳未勝利,2:01.6,0.7,晴,11.4,5.0,2026-08-30 03:05:29,jra,2026-08-30,64.94,86.0,46.9,75.1,62.0,59.1,48.8,履歴少 / 安定感
202601020408,2026-08-30,8,メイショウホダワラ,9.0,6.0,吉田隼,56.0,,8.0,10.0,1札幌8,3歳以上1勝クラス,1:00.6,1.3,晴,16.0,6.0,1中京4,4歳以上1勝クラス,1:15.4,3.2,曇,10.0,2.0,1小倉11,4歳以上1勝クラス,0:59.1,1.3,曇,10.0,6.0,1函館8,3歳以上1勝クラス,0:59.5,1.2,曇,1.0,1.0,1函館3,3歳未勝利,0:59.3,-0.3,曇,23.4,9.0,2026-08-30 02:45:24,jra,2026-08-30,32.96,33.3,21.7,10.3,57.5,38.7,48.8,履歴少
202601020408,2026-08-30,8,メメボス,2.0,2.0,古川吉,53.0,,8.0,5.0,1函館11,3歳未勝利,1:00.6,1.0,曇,8.0,11.0,1函館9,3歳未勝利,1:48.2,0.7,曇,12.0,6.0,1函館3,3歳未勝利,1:48.6,1.4,晴,7.0,8.0,1中京1,3歳未勝利,1:14.2,1.0,晴,13.0,12.0,1阪神1,3歳未勝利,1:35.2,1.0,晴,27.7,10.0,2026-08-30 02:45:24,jra,2026-08-30,38.46,34.7,40.9,0.0,62.0,47.8,48.1,総合評価
202607030408,2026-08-30,8,ヤマニンループ,8.0,5.0,太宰,58.0,,6.0,5.0,2中京6,浜名湖特別(2勝クラス),2:01.0,0.5,曇,4.0,6.0,2小倉8,不知火特別(2勝クラス),1:49.7,0.5,晴,4.0,5.0,2阪神8,蓬莱峡特別(2勝クラス),2:00.0,0.4,曇,9.0,7.0,3中山1,4歳以上2勝クラス,2:00.5,1.4,晴,7.0,8.0,1小倉11,別府特別(2勝クラス),2:01.8,0.9,晴,29.8,12.0,2026-08-30 03:05:29,jra,2026-08-30,53.87,62.8,51.4,44.7,50.0,54.1,50.0,総合評価
202601020408,2026-08-30,8,ユーティジャーニー,5.0,4.0,☆長浜,55.0,,6.0,4.0,1札幌8,小樽特別(1勝クラス),1:09.1,1.0,晴,8.0,6.0,1札幌3,3歳以上1勝クラス,1:29.9,0.9,曇,8.0,6.0,3中山6,4歳以上1勝クラス,1:33.4,0.6,晴,11.0,6.0,1中京6,4歳以上1勝クラス,1:34.5,0.8,晴,4.0,10.0,2中山3,4歳以上1勝クラス,1:34.2,0.2,曇,7.8,5.0,2026-08-30 02:45:24,jra,2026-08-30,43.39,48.7,38.7,10.3,60.5,50.7,48.8,履歴少
202601020408,2026-08-30,8,ルクスアドラー,14.0,8.0,横山典,58.0,,3.0,7.0,2札幌2,3歳以上1勝クラス,1:28.3,0.5,晴,4.0,11.0,1札幌2,3歳以上1勝クラス,1:28.1,0.2,晴,10.0,8.0,1函館12,3歳以上1勝クラス,1:11.2,0.9,晴,12.0,14.0,2東京9,4歳以上1勝クラス,1:33.7,1.4,曇,12.0,15.0,3京都1,4歳以上1勝クラス,1:21.0,0.8,晴,5.4,3.0,2026-08-30 02:45:24,jra,2026-08-30,63.76,53.0,72.2,55.3,89.0,66.3,50.0,前走人気以上 / 人気以上に走る傾向 / 近走上向き / 過小評価傾向
202604030408,2026-08-30,8,ロデオドライブ,3.0,3.0,ルメール,57.0,,1.0,1.0,2東京6,NHKマイルC(GI),1:31.5,0.0,晴,2.0,1.0,3中山5,ニュージーランドT(GII),1:33.3,0.0,晴,1.0,2.0,2中山2,3歳1勝クラス,1:32.1,-0.5,晴,1.0,5.0,5中山6,2歳新馬,1:35.1,-0.2,曇,,,,,,,,4.3,3.0,2026-08-30 02:40:29,jra,2026-08-30,70.57,97.8,54.2,89.7,52.0,59.5,48.8,履歴少 / 安定感
202607030409,2026-08-30,9,アキノビューティー,10.0,6.0,鮫島良,55.0,,2.0,2.0,2中京7,3歳未勝利,1:55.4,0.2,曇,7.0,3.0,2小倉3,3歳未勝利,1:46.0,1.4,曇,4.0,5.0,3阪神5,3歳未勝利,1:55.0,0.2,曇,2.0,2.0,1阪神2,3歳未勝利,1:55.8,0.9,晴,3.0,8.0,2京都3,3歳新馬,1:55.3,1.5,曇,5.6,1.0,2026-08-30 02:41:24,jra,2026-08-30,63.03,78.0,48.0,75.1,62.0,58.6,50.0,安定感
202607030409,2026-08-30,9,アンヌグロース,8.0,5.0,◇永島,53.0,,10.0,8.0,1新潟4,3歳未勝利,1:59.7,2.8,晴,11.0,14.0,2阪神7,3歳未勝利,1:56.9,2.2,晴,6.0,13.0,2京都5,3歳未勝利,1:58.0,2.1,晴,16.0,13.0,2京都2,3歳新馬,1:30.2,3.0,晴,,,,,,,,16.7,9.0,2026-08-30 02:41:24,jra,2026-08-30,41.63,28.3,58.5,0.0,56.0,57.7,48.8,履歴少 / 市場オッズ妙味
202601020409,2026-08-30,9,イサギ,7.0,6.0,小沢,55.0,,9.0,10.0,1函館11,3歳以上1勝クラス,1:47.0,1.7,小雨,5.0,7.0,1函館7,3歳以上1勝クラス,1:46.8,1.3,晴,6.0,8.0,1函館4,3歳以上1勝クラス,1:47.0,0.5,小雨,12.0,11.0,1中京1,3歳1勝クラス,1:56.0,3.3,晴,1.0,8.0,1小倉6,3歳未勝利,1:47.5,-0.7,曇,18.2,7.0,2026-08-30 03:18:29,jra,2026-08-30,52.42,51.8,62.4,35.3,32.0,66.3,55.7,函館実績 / 過小評価傾向 / 市場オッズ妙味
202601020409,2026-08-30,9,ウヌボレヤサン,2.0,2.0,☆長浜,57.0,,11.0,13.0,2中山1,4歳以上1勝クラス,1:56.4,3.3,晴,12.0,14.0,1東京2,4歳以上1勝クラス,1:39.7,2.6,晴,15.0,11.0,5中京5,3歳以上1勝クラス,1:56.6,2.7,曇,6.0,12.0,5中京1,3歳以上1勝クラス,1:54.9,1.2,晴,14.0,14.0,3福島4,3歳以上1勝クラス,1:48.5,2.5,晴,40.8,10.0,2026-08-30 03:18:29,jra,2026-08-30,38.18,17.8,58.3,0.0,54.5,55.6,48.8,履歴少
202604030409,2026-08-30,9,エリカカリーナ,6.0,3.0,原,56.0,,15.0,7.0,2福島4,郡山特別(2勝クラス),1:09.5,2.0,曇,15.0,4.0,3中山5,4歳以上2勝クラス,1:14.0,3.5,晴,13.0,9.0,1東京8,4歳以上2勝クラス,1:22.0,1.1,晴,3.0,4.0,5中山1,3歳以上2勝クラス,1:07.7,0.2,晴,3.0,7.0,5東京2,3歳以上2勝クラス,1:21.5,0.1,曇,15.9,8.0,2026-08-30 03:22:24,jra,2026-08-30,24.19,21.7,12.2,24.9,11.0,41.9,50.0,市場オッズ妙味
202607030409,2026-08-30,9,オーブフレッシュ,4.0,3.0,長岡,55.0,,11.0,7.0,2中京5,3歳未勝利,1:27.1,1.9,晴,9.0,6.0,2阪神6,3歳未勝利,1:26.7,1.5,晴,3.0,5.0,1京都8,3歳未勝利,1:56.3,0.4,晴,3.0,6.0,1京都1,3歳新馬,1:51.0,0.5,曇,,,,,,,,14.7,8.0,2026-08-30 02:41:24,jra,2026-08-30,41.89,49.0,41.2,34.3,14.0,54.5,48.8,履歴少 / 市場オッズ妙味
202604030409,2026-08-30,9,カレンデュラ,1.0,1.0,嶋田,54.0,,3.0,6.0,2新潟6,驀進特別(2勝クラス),0:54.7,0.1,晴,1.0,1.0,1新潟7,はやぶさ賞(1勝クラス),0:56.0,-0.1,晴,1.0,2.0,1福島6,3歳未勝利,1:09.2,-0.1,晴,4.0,1.0,3福島6,2歳未勝利,1:09.3,0.3,晴,3.0,1.0,3福島3,2歳未勝利,1:09.0,0.1,晴,16.2,9.0,2026-08-30 03:22:24,jra,2026-08-30,69.17,90.0,53.3,100.0,45.5,63.3,48.8,前走人気以上 / 履歴少 / 安定感 / 市場オッズ妙味
202607030409,2026-08-30,9,キミガスキダ,3.0,2.0,吉村,55.0,,3.0,7.0,2中京7,3歳未勝利,1:55.7,0.5,曇,2.0,14.0,2中京3,3歳未勝利,1:56.5,0.1,晴,6.0,13.0,2小倉2,3歳未勝利,1:48.4,1.6,晴,9.0,13.0,3京都4,3歳未勝利,1:25.8,1.8,曇,16.0,16.0,1京都4,3歳未勝利,1:52.5,3.3,晴,8.1,5.0,2026-08-30 02:41:24,jra,2026-08-30,72.73,65.6,93.2,55.3,81.5,76.5,48.8,前走人気以上 / 履歴少 / 人気以上に走る傾向 / 近走上向き
202604030409,2026-08-30,9,キントラダンサー,10.0,5.0,野中,56.0,,11.0,5.0,2新潟6,驀進特別(2勝クラス),0:55.2,0.6,晴,6.0,6.0,2阪神3,4歳以上2勝クラス,1:09.6,1.0,雨,10.0,8.0,2阪神1,ラジオ関西賞仲春特別(2勝クラス),1:21.4,1.6,晴,11.0,10.0,1阪神7,讃岐特別(2勝クラス),1:08.9,0.7,晴,17.0,11.0,5中京6,尾張特別(2勝クラス),1:23.3,1.4,曇,47.3,16.0,2026-08-30 03:22:24,jra,2026-08-30,31.88,29.5,29.1,0.0,50.0,41.2,48.8,履歴少
202604030409,2026-08-30,9,ケンキョ,14.0,7.0,丸田,58.0,,10.0,9.0,2東京2,4歳以上2勝クラス,1:25.5,1.8,晴,10.0,9.0,3中山7,葛飾特別(2勝クラス),1:12.0,1.2,晴,8.0,8.0,2中山5,4歳以上2勝クラス,1:11.5,0.7,晴,7.0,7.0,5東京8,アプローズ賞(2勝クラス),1:25.0,0.9,晴,3.0,4.0,5東京2,3歳以上2勝クラス,1:17.9,0.4,小雨,46.2,15.0,2026-08-30 03:22:24,jra,2026-08-30,39.86,40.4,46.9,10.3,32.0,50.3,51.8,クラス条件好転 / 履歴少
202604030409,2026-08-30,9,サトノアルペジオ,2.0,1.0,ミシェル,58.0,,15.0,14.0,2新潟6,驀進特別(2勝クラス),0:55.8,1.2,晴,10.0,13.0,2東京11,富嶽賞(2勝クラス),1:25.7,1.2,晴,10.0,11.0,1中京6,鈴鹿特別(2勝クラス),1:25.4,0.9,晴,11.0,11.0,1東京1,4歳以上2勝クラス,1:26.1,1.4,晴,13.0,10.0,5東京8,アプローズ賞(2勝クラス),1:26.3,2.2,晴,27.5,11.0,2026-08-30 03:22:24,jra,2026-08-30,32.22,15.8,52.3,0.0,26.0,51.7,48.8,履歴少
202601020409,2026-08-30,9,サマーナイト,8.0,7.0,★河原田,54.0,,3.0,2.0,2札幌1,ニセコ特別(1勝クラス),1:46.6,0.4,晴,3.0,5.0,1札幌3,3歳以上1勝クラス,1:45.0,0.5,曇,6.0,7.0,3阪神1,3歳以上1勝クラス,1:25.1,1.0,晴,4.0,7.0,3京都9,4歳以上1勝クラス,1:53.8,1.1,曇,7.0,4.0,3京都2,4歳以上1勝クラス,1:53.2,1.5,晴,3.7,2.0,2026-08-30 03:18:29,jra,2026-08-30,62.48,74.8,53.6,69.9,62.0,56.9,48.8,履歴少 / 安定感
202601020409,2026-08-30,9,シックスパック,11.0,8.0,◇古川奈,56.0,,14.0,7.0,2東京9,4歳以上1勝クラス,1:26.0,1.3,曇,1.0,1.0,笠松,平湯温泉特別(C),1:29.2,-0.9,晴,1.0,1.0,笠松,C19組,1:30.5,-0.8,曇,9.0,12.0,4阪神2,3歳未勝利,2:00.0,1.5,晴,11.0,4.0,1函館8,3歳未勝利,2:05.3,2.7,曇,20.1,8.0,2026-08-30 03:18:29,jra,2026-08-30,29.83,28.2,33.1,21.5,0.0,44.5,51.8,地方実績を中央換算 / クラス条件好転 / 履歴少
202601020409,2026-08-30,9,ステラデルークス,4.0,4.0,横山武,55.0,,8.0,4.0,1札幌4,3歳以上1勝クラス,1:46.3,1.2,晴,7.0,6.0,2東京1,3歳1勝クラス,1:37.8,1.0,晴,12.0,2.0,2中山5,3歳1勝クラス,1:55.0,1.6,晴,1.0,1.0,1東京4,3歳新馬,1:39.7,-0.8,晴,,,,,,,,6.1,3.0,2026-08-30 03:18:29,jra,2026-08-30,36.52,48.3,23.1,14.6,42.0,41.3,48.8,履歴少
202607030409,2026-08-30,9,スプレンドーレ,2.0,2.0,国分優,55.0,,12.0,11.0,3中京1,3歳未勝利,1:27.7,2.5,晴,,,,,,,,,,,,,,,,,,,,,,,,,,,,,37.0,15.0,2026-08-30 02:41:24,jra,2026-08-30,37.27,32.3,39.1,29.6,40.6,39.5,48.8,履歴少 / サンプル少
202604030409,2026-08-30,9,スペルキャスター,16.0,8.0,石橋脩,56.0,,4.0,12.0,2新潟6,驀進特別(2勝クラス),0:54.8,0.2,晴,11.0,11.0,2小倉4,障害3歳以上未勝利,3:26.3,13.5,雨,15.0,16.0,1新潟7,大日岳特別(2勝クラス),1:10.6,1.4,晴,5.0,4.0,1新潟2,邁進特別(2勝クラス),0:55.0,0.5,曇,11.0,13.0,2京都4,4歳以上2勝クラス,1:09.4,1.1,曇,5.6,3.0,2026-08-30 03:22:24,jra,2026-08-30,57.09,40.1,68.8,45.0,89.0,59.1,50.0,前走人気以上 / 人気以上に走る傾向 / 近走上向き
202607030409,2026-08-30,9,スマイルガーデン,9.0,5.0,西村淳,55.0,,12.0,6.0,2小倉8,3歳未勝利,1:50.0,3.3,晴,8.0,4.0,3京都6,3歳未勝利,1:56.6,3.3,晴,3.0,3.0,1新潟1,3歳未勝利,1:55.8,1.0,晴,9.0,3.0,1小倉11,3歳未勝利,1:47.0,1.8,曇,3.0,2.0,4京都1,2歳未勝利,1:55.0,1.7,晴,11.9,7.0,2026-08-30 02:41:24,jra,2026-08-30,34.49,45.1,23.4,30.1,12.5,43.7,50.0,総合評価
202607030409,2026-08-30,9,スマートエトワール,11.0,6.0,▲川端,52.0,,8.0,9.0,2中京3,3歳未勝利,1:57.2,0.8,晴,7.0,9.0,1新潟6,3歳未勝利,1:56.5,0.9,晴,13.0,9.0,1京都8,3歳新馬,1:58.7,1.6,晴,,,,,,,,,,,,,,,18.0,10.0,2026-08-30 02:41:24,jra,2026-08-30,41.82,36.1,50.1,0.0,62.0,52.6,48.8,履歴少 / 市場オッズ妙味
202604030409,2026-08-30,9,ゼンダンタカ,3.0,2.0,杉原,56.0,,5.0,13.0,2新潟6,驀進特別(2勝クラス),0:54.8,0.2,晴,16.0,15.0,2福島4,郡山特別(2勝クラス),1:09.6,2.1,曇,18.0,17.0,1小倉12,西日本新聞杯(2勝クラス),1:10.4,2.0,晴,15.0,10.0,3福島5,福島放送賞(2勝クラス),1:11.0,2.3,晴,8.0,12.0,4新潟2,飛翼特別(2勝クラス),0:56.0,1.0,曇,23.5,10.0,2026-08-30 03:22:24,jra,2026-08-30,50.2,25.2,61.7,30.4,100.0,54.9,50.0,前走人気以上 / 近走上向き
202607030409,2026-08-30,9,タガノアルテミス,6.0,4.0,松山,55.0,,3.0,8.0,2中京3,3歳未勝利,1:56.6,0.2,晴,2.0,5.0,1新潟7,3歳未勝利,1:56.4,0.4,晴,7.0,5.0,1中京5,3歳未勝利,1:56.6,1.4,晴,2.0,1.0,笠松,関ヶ原宿特別(3歳),1:29.3,0.0,雨,5.0,10.0,1京都2,3歳未勝利,1:54.7,1.2,晴,7.1,3.0,2026-08-30 02:41:24,jra,2026-08-30,66.03,73.5,66.1,74.1,56.0,64.8,48.8,前走人気以上 / 履歴少 / 人気以上に走る傾向 / 安定感
202607030409,2026-08-30,9,タマモパルファン,5.0,3.0,△柴田裕,53.0,,10.0,9.0,1札幌7,3歳未勝利,1:30.9,1.9,晴,11.0,10.0,3阪神1,3歳未勝利,1:09.6,1.1,晴,,,,,,,,,,,,,,,,,,,,,,28.8,13.0,2026-08-30 02:41:24,jra,2026-08-30,38.15,31.4,41.6,18.0,48.8,46.2,48.8,履歴少 / サンプル少
202607030409,2026-08-30,9,ダノンプレリュード,7.0,4.0,角田和,55.0,,13.0,12.0,2小倉2,3歳未勝利,1:49.3,2.1,曇,17.0,7.0,3京都3,3歳未勝利,1:24.1,3.7,晴,12.0,5.0,1中京2,3歳未勝利,1:36.1,1.2,晴,4.0,2.0,5東京7,2歳未勝利,1:48.3,0.4,晴,9.0,3.0,4京都3,2歳新馬,1:36.5,0.8,晴,24.3,12.0,2026-08-30 02:41:24,jra,2026-08-30,24.19,18.4,14.4,14.6,35.0,34.0,48.8,履歴少
202601020409,2026-08-30,9,チェイサー,9.0,7.0,▲佐藤,52.0,,1.0,1.0,2福島8,3歳未勝利,1:46.4,-0.7,晴,2.0,5.0,2福島2,3歳未勝利,1:46.0,0.0,晴,12.0,11.0,1新潟3,3歳未勝利,2:07.2,0.7,晴,5.0,11.0,1福島3,3歳未勝利,1:48.7,1.4,晴,9.0,8.0,1東京8,3歳未勝利,1:27.8,1.6,晴,7.7,4.0,2026-08-30 03:18:29,jra,2026-08-30,66.2,69.3,59.3,69.9,86.0,63.2,50.0,近走上向き / 安定感
202601020409,2026-08-30,9,デルマホダカ,6.0,6.0,▲遠藤,50.0,,9.0,11.0,1札幌3,3歳以上1勝クラス,1:47.4,2.9,曇,6.0,9.0,3京都3,矢車賞(1勝クラス),2:13.2,1.2,晴,14.0,14.0,2中山5,3歳1勝クラス,1:55.5,2.1,晴,1.0,7.0,1中山7,3歳未勝利,1:57.4,-0.1,晴,8.0,17.0,5中山8,2歳新馬,2:04.5,0.9,晴,52.9,11.0,2026-08-30 03:18:29,jra,2026-08-30,50.33,45.0,72.1,14.6,39.5,64.6,48.8,履歴少 / 人気以上に走る傾向
202604030409,2026-08-30,9,ハニーローリエ,8.0,4.0,菊沢,56.0,,2.0,1.0,2新潟6,驀進特別(2勝クラス),0:54.7,0.1,晴,2.0,2.0,1新潟7,大日岳特別(2勝クラス),1:09.3,0.1,晴,2.0,3.0,1新潟2,邁進特別(2勝クラス),0:54.7,0.2,曇,3.0,7.0,1福島1,花見山特別(2勝クラス),1:08.2,0.5,晴,6.0,2.0,1小倉3,有田特別(2勝クラス),0:59.4,0.2,晴,4.3,1.0,2026-08-30 03:22:24,jra,2026-08-30,67.02,87.5,50.4,89.7,57.5,56.2,48.8,履歴少 / 安定感
202607030409,2026-08-30,9,バトルセレーネ,13.0,7.0,田口,55.0,,13.0,15.0,3阪神6,3歳未勝利,1:36.5,2.4,晴,12.0,12.0,3京都5,3歳未勝利,2:02.4,2.1,晴,,,,,,,,,,,,,,,,,,,,,,7.9,4.0,2026-08-30 02:41:24,jra,2026-08-30,37.41,22.2,49.7,18.0,42.2,51.2,48.8,履歴少 / サンプル少
202604030409,2026-08-30,9,バンディート,9.0,5.0,小崎,58.0,,13.0,9.0,3阪神4,武庫川特別(2勝クラス),1:09.6,1.5,曇,14.0,14.0,1新潟8,火打山特別(2勝クラス),1:13.8,2.5,曇,15.0,9.0,2阪神2,4歳以上2勝クラス,1:13.6,2.2,晴,15.0,4.0,1小倉8,大濠特別(2勝クラス),1:10.5,1.7,晴,1.0,4.0,3福島2,3歳以上1勝クラス,1:09.1,-0.3,小雨,15.1,7.0,2026-08-30 03:22:24,jra,2026-08-30,25.67,11.6,24.1,10.3,39.5,41.3,48.8,履歴少 / 市場オッズ妙味
202604030409,2026-08-30,9,ビップムーラン,11.0,6.0,丸山,54.0,,1.0,1.0,1函館9,3歳以上1勝クラス,0:58.1,0.0,曇,2.0,1.0,1函館1,3歳以上1勝クラス,0:58.0,0.2,晴,15.0,8.0,3京都5,3歳1勝クラス,1:13.2,1.7,晴,2.0,7.0,3中山5,3歳1勝クラス,1:11.1,1.0,晴,3.0,11.0,2中山8,3歳1勝クラス,1:11.5,1.1,晴,11.3,4.0,2026-08-30 03:22:24,jra,2026-08-30,65.76,75.4,49.5,80.2,77.0,63.6,50.0,近走上向き / 安定感
202604030409,2026-08-30,9,ビーアイフォルテ,13.0,7.0,江田照,56.0,,10.0,13.0,1小倉7,伊万里特別(2勝クラス),0:59.0,1.0,曇,1.0,12.0,3福島5,3歳以上1勝クラス,1:09.6,-0.2,晴,17.0,9.0,3中京8,3歳以上1勝クラス,1:09.8,1.3,晴,11.0,15.0,3中京4,3歳以上1勝クラス,1:13.6,2.2,晴,1.0,3.0,3中山5,3歳未勝利,1:11.9,-0.4,晴,52.6,17.0,2026-08-30 03:22:24,jra,2026-08-30,51.5,46.7,70.0,35.3,35.0,59.4,48.8,前走人気以上 / 履歴少 / 人気以上に走る傾向
202604030409,2026-08-30,9,ファイツオン,5.0,3.0,三浦,58.0,,3.0,9.0,2中京7,知多特別(2勝クラス),1:07.4,0.1,晴,17.0,14.0,2小倉5,耶馬渓特別(2勝クラス),1:08.9,1.3,晴,8.0,8.0,1新潟1,障害4歳以上未勝利,3:17.0,4.3,晴,9.0,7.0,1小倉1,障害4歳以上未勝利,3:26.0,11.6,曇,14.0,4.0,5阪神5,3歳以上2勝クラス,1:09.6,1.4,曇,42.5,13.0,2026-08-30 03:22:24,jra,2026-08-30,49.59,39.5,48.3,30.4,100.0,45.1,50.0,前走人気以上 / 近走上向き
202601020409,2026-08-30,9,フクシマブリルハム,3.0,3.0,横山琉,55.0,,11.0,16.0,3京都8,3歳1勝クラス,1:53.7,1.9,晴,9.0,12.0,2東京1,3歳1勝クラス,1:38.6,1.8,晴,1.0,6.0,1東京3,3歳未勝利,1:39.5,-0.1,曇,10.0,14.0,1京都9,3歳未勝利,2:03.6,1.2,晴,,,,,,,,28.2,9.0,2026-08-30 03:18:29,jra,2026-08-30,50.79,43.4,80.0,19.8,24.0,66.6,48.8,前走人気以上 / 履歴少 / 人気以上に走る傾向 / 過小評価傾向
202604030409,2026-08-30,9,フレッシュラン,4.0,2.0,石田,56.0,,13.0,13.0,1函館9,HTB杯(2勝クラス),1:10.6,1.8,曇,14.0,13.0,2東京2,4歳以上2勝クラス,1:26.9,3.2,晴,16.0,14.0,1福島2,喜多方特別(2勝クラス),1:11.8,3.1,晴,12.0,10.0,1小倉3,有田特別(2勝クラス),0:59.9,0.7,晴,11.0,5.0,3京都6,3歳以上2勝クラス,1:25.9,2.8,曇,108.2,18.0,2026-08-30 03:22:24,jra,2026-08-30,28.1,5.0,39.1,0.0,51.5,43.8,50.0,総合評価
202601020409,2026-08-30,9,ブリオメンテ,10.0,8.0,武豊,58.0,,2.0,7.0,2札幌1,ニセコ特別(1勝クラス),1:46.2,0.0,晴,9.0,7.0,1札幌6,3歳以上1勝クラス,1:47.8,1.2,晴,15.0,7.0,3阪神3,3歳以上1勝クラス,1:57.8,5.1,晴,7.0,2.0,2京都6,4歳以上1勝クラス,1:54.7,1.8,曇,2.0,4.0,1京都8,4歳以上1勝クラス,1:54.3,0.0,晴,3.1,1.0,2026-08-30 03:18:29,jra,2026-08-30,52.52,54.0,42.4,40.7,87.5,49.6,48.8,前走人気以上 / 履歴少 / 近走上向き
202607030409,2026-08-30,9,ベリベリハッピー,1.0,1.0,国分恭,55.0,,4.0,6.0,金沢,加賀山中賞(未勝利)(3歳牝馬),1:39.3,2.1,晴,11.0,15.0,3京都12,3歳未勝利,1:56.1,2.6,晴,12.0,12.0,2阪神3,3歳未勝利,1:58.1,3.9,小雨,,,,,,,,,,,,,,,35.4,14.0,2026-08-30 02:41:24,jra,2026-08-30,47.42,23.6,61.8,13.7,95.0,57.4,48.8,履歴少 / 近走上向き
202601020409,2026-08-30,9,ホウオウバローロ,5.0,5.0,石川倭,58.0,,6.0,9.0,1札幌6,3歳以上1勝クラス,1:47.1,0.5,晴,8.0,5.0,1函館11,3歳以上1勝クラス,1:47.0,1.7,小雨,4.0,6.0,1函館4,3歳以上1勝クラス,1:46.8,0.3,小雨,8.0,5.0,1函館1,3歳以上1勝クラス,1:46.3,1.0,晴,8.0,6.0,3京都2,4歳以上1勝クラス,1:53.5,1.8,晴,12.1,6.0,2026-08-30 03:18:29,jra,2026-08-30,49.24,55.2,49.4,19.8,56.0,56.0,50.0,前走人気以上 / 市場オッズ妙味
202601020409,2026-08-30,9,マテンロウカナロア,1.0,1.0,横山和,58.0,,9.0,1.0,1札幌4,3歳以上1勝クラス,1:46.6,1.5,晴,4.0,1.0,1函館9,3歳以上1勝クラス,1:43.8,0.3,曇,9.0,4.0,1福島5,4歳以上1勝クラス,1:47.5,2.2,晴,2.0,1.0,1福島2,4歳以上1勝クラス,1:46.7,0.1,晴,5.0,1.0,1小倉10,4歳以上1勝クラス,1:47.8,1.0,晴,9.6,5.0,2026-08-30 03:18:29,jra,2026-08-30,40.68,57.4,16.9,49.8,26.0,46.0,50.0,総合評価
202604030409,2026-08-30,9,ミスエル,15.0,7.0,武藤,58.0,,7.0,16.0,2新潟6,驀進特別(2勝クラス),0:55.0,0.4,晴,10.0,11.0,3東京2,八王子特別(2勝クラス),1:25.9,1.7,曇,4.0,9.0,1新潟8,火打山特別(2勝クラス),1:12.2,0.9,曇,10.0,12.0,1中京2,伊良湖特別(2勝クラス),1:13.7,1.3,晴,10.0,5.0,5中京5,ヤングJSFR中京2(2勝クラス),1:26.2,0.9,小雨,14.0,6.0,2026-08-30 03:22:24,jra,2026-08-30,53.96,44.8,76.2,19.8,59.0,62.9,48.8,前走人気以上 / 履歴少 / 人気以上に走る傾向 / 市場オッズ妙味
202604030409,2026-08-30,9,ラトルシェ,17.0,8.0,岩田康,56.0,,13.0,10.0,2新潟6,驀進特別(2勝クラス),0:55.3,0.7,晴,13.0,14.0,1新潟7,大日岳特別(2勝クラス),1:10.2,1.0,晴,4.0,6.0,1新潟2,邁進特別(2勝クラス),0:54.9,0.4,曇,15.0,11.0,1福島1,花見山特別(2勝クラス),1:09.4,1.7,晴,,,5中山1,3歳以上2勝クラス,,,晴,35.9,12.0,2026-08-30 03:22:24,jra,2026-08-30,34.02,19.2,43.4,19.8,36.0,47.7,48.8,履歴少
202607030409,2026-08-30,9,ラミアスペランツァ,15.0,8.0,北村友,55.0,,11.0,4.0,2中京3,3歳未勝利,1:57.8,1.4,晴,3.0,5.0,3阪神4,3歳未勝利,1:56.1,0.2,曇,4.0,4.0,1新潟7,3歳未勝利,1:56.7,0.7,晴,10.0,4.0,1中京3,3歳未勝利,1:22.0,0.9,晴,,,,,,,,18.5,11.0,2026-08-30 02:41:24,jra,2026-08-30,41.81,51.4,30.4,44.7,18.0,55.1,48.8,履歴少 / 市場オッズ妙味
202604030409,2026-08-30,9,リュウノタブーク,7.0,4.0,上里,56.0,,10.0,13.0,2新潟8,稲妻S(3勝クラス),0:55.5,1.5,晴,12.0,17.0,2新潟6,驀進特別(2勝クラス),0:55.3,0.7,晴,12.0,11.0,2東京8,テレ玉杯(2勝クラス),1:35.8,3.0,晴,8.0,11.0,2東京2,4歳以上2勝クラス,1:20.9,0.2,晴,11.0,13.0,1東京6,4歳以上2勝クラス,1:34.1,1.5,晴,43.8,14.0,2026-08-30 03:22:24,jra,2026-08-30,42.57,22.4,68.2,0.0,54.5,58.7,51.8,クラス条件好転 / 前走人気以上 / 履歴少 / 人気以上に走る傾向
202607030409,2026-08-30,9,レウコテア,14.0,8.0,富田,55.0,,6.0,8.0,3阪神1,3歳未勝利,1:56.6,2.0,晴,5.0,1.0,川崎,エメラルドフラワー賞(3歳),1:37.0,0.8,晴,10.0,5.0,1阪神8,3歳未勝利,1:27.6,1.9,曇,3.0,4.0,1東京5,3歳新馬,1:27.6,0.6,晴,,,,,,,,11.3,6.0,2026-08-30 02:41:24,jra,2026-08-30,45.29,48.7,44.7,25.8,50.0,49.8,48.8,履歴少
202604030409,2026-08-30,9,レジーナローズ,12.0,6.0,津村,56.0,,9.0,4.0,2新潟6,驀進特別(2勝クラス),0:55.1,0.5,晴,1.0,3.0,1新潟1,4歳以上1勝クラス,0:56.1,-0.3,晴,7.0,7.0,2中山2,4歳以上1勝クラス,1:12.1,0.8,晴,8.0,4.0,3福島1,3歳以上1勝クラス,1:08.6,0.6,晴,4.0,1.0,4新潟3,稲光特別(1勝クラス),0:55.2,0.2,曇,11.5,5.0,2026-08-30 03:22:24,jra,2026-08-30,45.11,60.4,36.6,35.3,26.0,51.3,48.8,履歴少
202607030409,2026-08-30,9,ローズラフィネ,12.0,7.0,坂井,55.0,,3.0,4.0,2中京6,3歳未勝利,1:33.9,0.2,晴,10.0,4.0,3阪神6,3歳未勝利,1:35.2,1.1,晴,9.0,4.0,1京都6,3歳未勝利,2:01.7,0.6,晴,2.0,3.0,5阪神7,2歳新馬,2:02.9,0.3,晴,,,,,,,,6.9,2.0,2026-08-30 02:41:24,jra,2026-08-30,51.04,59.2,34.1,45.0,74.0,50.9,48.8,履歴少 / 近走上向き
202604030409,2026-08-30,9,ヴェントゥーラ,18.0,8.0,岩田望,56.0,,11.0,4.0,2福島8,南相馬特別(2勝クラス),1:09.4,1.1,晴,5.0,1.0,1福島5,医王寺特別(2勝クラス),1:07.9,0.2,晴,1.0,1.0,1中京2,4歳以上1勝クラス,1:07.5,-0.2,晴,4.0,2.0,1小倉12,4歳以上1勝クラス,1:08.8,0.4,晴,1.0,10.0,1小倉7,3歳未勝利,1:08.0,-0.5,晴,5.4,2.0,2026-08-30 03:22:24,jra,2026-08-30,46.85,64.2,32.6,69.6,0.5,54.6,50.0,安定感
202604030410,2026-08-30,10,アーティキュレート,3.0,2.0,内田博,57.0,,6.0,4.0,2福島6,3歳未勝利,1:47.8,1.7,小雨,3.0,8.0,2福島1,3歳未勝利,1:47.0,0.6,晴,9.0,5.0,2東京1,3歳未勝利,2:15.5,2.7,曇,4.0,4.0,2中山1,3歳未勝利,1:56.6,4.0,晴,14.0,11.0,5中山8,2歳新馬,2:05.7,2.1,晴,10.0,5.0,2026-08-30 02:57:44,jra,2026-08-30,51.78,57.4,46.8,39.5,59.0,54.8,50.0,総合評価
202604030410,2026-08-30,10,ウモラダエピカ,9.0,5.0,△石神道,53.0,,,,,,,,,,,,,,,,,,,,,,,,,,,,,,,,,,,,,10.1,6.0,2026-08-30 02:57:44,jra,2026-08-30,36.0,35.0,35.0,35.0,35.0,35.0,45.0,履歴少
202604030410,2026-08-30,10,エイシンキーウィ,13.0,7.0,江田照,55.0,,,,,,,,,,,,,,,,,,,,,,,,,,,,,,,,,,,,,29.4,13.0,2026-08-30 02:57:44,jra,2026-08-30,36.0,35.0,35.0,35.0,35.0,35.0,45.0,履歴少
202607030410,2026-08-30,10,エテルノレガーメ,2.0,2.0,富田,58.0,,4.0,7.0,1阪神2,4歳以上1勝クラス,2:25.4,0.5,晴,9.0,3.0,2京都1,4歳以上1勝クラス,2:02.3,1.8,曇,9.0,1.0,5中京4,大須特別(1勝クラス),1:56.5,2.3,晴,6.0,7.0,4京都3,3歳以上1勝クラス,1:52.7,0.8,晴,1.0,2.0,3阪神5,3歳未勝利,1:54.4,-0.4,晴,3.1,1.0,2026-08-30 03:10:39,jra,2026-08-30,49.34,58.3,36.6,40.7,63.5,49.0,48.8,前走人気以上 / 履歴少
202601020410,2026-08-30,10,カガラプンツェル,1.0,1.0,原田和,52.0,,1.0,1.0,2新潟3,3歳以上1勝クラス,1:08.2,-0.2,曇,6.0,5.0,2福島3,3歳以上1勝クラス,1:08.8,0.3,晴,1.0,5.0,1函館2,3歳未勝利,1:08.5,-0.2,晴,5.0,15.0,2東京7,3歳未勝利,1:21.2,0.9,晴,13.0,10.0,1阪神6,3歳未勝利,1:15.4,1.5,曇,22.6,10.0,2026-08-30 02:46:09,jra,2026-08-30,67.3,75.4,61.8,64.7,81.5,62.8,50.0,近走上向き / 安定感 / 市場オッズ妙味
202604030410,2026-08-30,10,カノープス,7.0,4.0,△石田,53.0,,7.0,11.0,3新潟1,3歳未勝利,1:55.8,1.1,晴,8.0,11.0,2新潟6,3歳未勝利,1:55.9,1.8,曇,14.0,15.0,1函館6,3歳未勝利,2:41.7,2.4,晴,14.0,12.0,2東京11,3歳未勝利,2:02.3,1.4,晴,,,,,,,,33.6,14.0,2026-08-30 02:57:44,jra,2026-08-30,46.15,29.9,64.6,0.0,80.0,55.8,48.8,前走人気以上 / 履歴少 / 近走上向き
202604030410,2026-08-30,10,カフェプラウド,15.0,8.0,▲水沼,54.0,,12.0,12.0,2新潟7,3歳未勝利,1:14.2,2.6,晴,11.0,7.0,3東京2,3歳未勝利,1:21.0,2.7,曇,9.0,11.0,1新潟5,3歳未勝利,1:14.6,1.6,晴,,,,,,,,,,,,,,,126.7,15.0,2026-08-30 02:57:44,jra,2026-08-30,32.79,21.0,44.4,0.0,38.0,48.8,48.8,履歴少
202604030410,2026-08-30,10,カーボフリオ,1.0,1.0,ミシェル,55.0,,5.0,3.0,2新潟8,3歳未勝利,1:55.8,1.1,晴,3.0,1.0,2新潟1,3歳未勝利,1:57.3,0.3,曇,6.0,1.0,3東京2,3歳未勝利,1:26.7,0.9,曇,2.0,4.0,2東京7,3歳未勝利,1:26.7,0.4,晴,4.0,8.0,2東京2,3歳未勝利,1:26.7,0.7,晴,4.6,1.0,2026-08-30 02:57:44,jra,2026-08-30,57.83,74.7,40.3,80.2,42.5,54.5,48.8,履歴少 / 安定感
202604030410,2026-08-30,10,クライングナウ,5.0,3.0,岩田望,57.0,,3.0,10.0,2新潟5,3歳未勝利,1:55.5,0.2,晴,10.0,7.0,2新潟2,3歳未勝利,2:05.8,1.9,曇,6.0,9.0,2福島3,3歳未勝利,2:39.9,0.7,曇,5.0,9.0,2東京2,3歳未勝利,2:26.5,0.8,晴,13.0,11.0,1福島1,3歳未勝利,2:02.2,2.2,晴,13.6,8.0,2026-08-30 02:57:44,jra,2026-08-30,61.29,54.7,66.4,45.0,83.0,69.1,50.0,前走人気以上 / 人気以上に走る傾向 / 近走上向き / 過小評価傾向
202601020410,2026-08-30,10,コックオーヴァン,6.0,3.0,遠藤,51.0,,9.0,5.0,1札幌7,知床特別(2勝クラス),1:10.0,0.7,晴,1.0,4.0,2福島7,3歳以上1勝クラス,1:09.3,-0.1,曇,4.0,11.0,2福島1,3歳以上1勝クラス,1:08.2,0.3,晴,11.0,11.0,1中山5,3歳1勝クラス,1:09.3,1.1,晴,7.0,12.0,5中山3,黒松賞(1勝クラス),1:08.9,0.7,曇,47.6,15.0,2026-08-30 02:46:09,jra,2026-08-30,53.49,59.2,60.0,44.7,30.5,60.6,50.0,前走人気以上
202607030410,2026-08-30,10,サイモンノーブル,3.0,3.0,▲森田,55.0,,1.0,2.0,盛岡,夢・希望未来へ前進(B2),1:38.5,-0.2,曇,3.0,3.0,盛岡,B2,1:25.4,0.1,曇,4.0,1.0,盛岡,ソウルラッシュ特別(B2),1:25.2,0.6,晴,2.0,5.0,盛岡,B1B2混合,1:26.0,0.3,晴,5.0,2.0,水沢,B2,1:31.6,0.9,晴,16.1,6.0,2026-08-30 03:10:39,jra,2026-08-30,46.93,41.0,49.3,47.3,52.5,52.8,42.8,地方実績を中央換算 / 地方実績中心 / 履歴少 / 市場オッズ妙味
202601020410,2026-08-30,10,サトノワーグナー,16.0,8.0,横山武,54.0,,1.0,2.0,1札幌4,3歳以上1勝クラス,1:08.9,-0.3,晴,1.0,2.0,2福島2,3歳未勝利,1:08.6,-0.2,晴,3.0,2.0,3東京1,3歳未勝利,1:26.7,0.8,晴,6.0,3.0,2東京5,3歳未勝利,1:39.5,1.0,晴,4.0,1.0,1福島4,3歳未勝利,1:47.4,1.1,晴,3.9,1.0,2026-08-30 02:46:09,jra,2026-08-30,66.41,88.5,47.3,85.4,65.0,52.5,48.8,履歴少 / 近走上向き / 安定感
202604030410,2026-08-30,10,サングラント,10.0,6.0,三浦,57.0,,2.0,3.0,2新潟4,3歳未勝利,1:54.8,0.9,曇,5.0,2.0,2福島6,3歳未勝利,1:47.5,1.4,小雨,4.0,2.0,3東京3,3歳未勝利,1:38.1,0.9,晴,6.0,3.0,2東京7,3歳未勝利,1:40.1,0.7,晴,,,,,,,,6.0,2.0,2026-08-30 02:57:44,jra,2026-08-30,60.5,76.6,40.0,75.1,68.0,51.9,50.0,近走上向き / 安定感
202604030410,2026-08-30,10,サンタピア,12.0,7.0,菊沢,57.0,,4.0,6.0,2新潟7,3歳未勝利,1:55.9,1.6,晴,3.0,12.0,2福島7,3歳未勝利,1:47.1,0.1,曇,9.0,11.0,2東京7,3歳未勝利,1:40.9,1.5,晴,12.0,14.0,1中山8,3歳未勝利,1:58.0,2.6,晴,7.0,12.0,1中山2,3歳未勝利,1:58.4,2.5,晴,21.9,11.0,2026-08-30 02:57:44,jra,2026-08-30,65.17,58.3,78.4,55.3,72.5,69.3,50.0,前走人気以上 / 人気以上に走る傾向 / 近走上向き / 過小評価傾向
202604030410,2026-08-30,10,ザンテソーロ,8.0,5.0,柴田大,57.0,,6.0,3.0,1札幌7,3歳未勝利,2:38.1,3.1,晴,4.0,4.0,1函館11,3歳未勝利,2:35.8,0.8,曇,5.0,3.0,3東京6,3歳未勝利,2:11.5,0.3,曇,2.0,6.0,3東京4,3歳未勝利,2:13.3,0.8,曇,4.0,5.0,1新潟8,3歳未勝利,1:55.5,1.2,曇,12.8,7.0,2026-08-30 02:57:44,jra,2026-08-30,57.34,71.9,45.7,69.6,36.5,60.9,50.0,安定感 / 市場オッズ妙味
202607030410,2026-08-30,10,シュエットアムール,7.0,7.0,角田和,56.0,,6.0,11.0,2小倉8,障害3歳以上未勝利,3:14.5,2.9,晴,12.0,11.0,2小倉3,障害3歳以上未勝利,3:22.5,7.0,雨,12.0,13.0,1新潟3,障害4歳以上未勝利,3:19.3,9.3,晴,12.0,16.0,3福島2,二本松特別(1勝クラス),1:48.8,1.1,小雨,14.0,13.0,4新潟2,松浜特別(1勝クラス),2:01.9,2.5,曇,45.3,10.0,2026-08-30 03:10:39,jra,2026-08-30,45.82,25.3,63.6,0.0,89.0,56.9,48.1,前走人気以上 / 近走上向き
202601020410,2026-08-30,10,ショウナンカリス,2.0,1.0,吉田隼,52.0,,9.0,4.0,1札幌2,羊ヶ丘特別(2勝クラス),1:29.2,1.3,晴,5.0,2.0,1函館8,立待岬特別(2勝クラス),1:08.8,0.3,曇,10.0,9.0,3京都11,葵S(GIII),1:08.3,0.7,晴,10.0,17.0,2阪神6,桜花賞(GI),1:32.6,1.1,晴,8.0,1.0,1阪神5,フィリーズレビュー(GII),1:21.2,0.6,晴,11.6,6.0,2026-08-30 02:46:09,jra,2026-08-30,40.42,42.1,34.8,24.9,45.5,48.8,50.0,総合評価
202601020410,2026-08-30,10,シーグルロス,15.0,8.0,小林美,52.0,,4.0,4.0,1函館6,湯の川温泉特別(2勝クラス),1:09.2,0.1,晴,1.0,3.0,1函館2,3歳以上1勝クラス,1:07.7,-0.1,晴,5.0,4.0,1新潟7,はやぶさ賞(1勝クラス),0:56.4,0.4,晴,7.0,10.0,3中山4,3歳1勝クラス,1:09.7,0.9,晴,16.0,15.0,1中山4,3歳1勝クラス,1:16.2,4.1,晴,10.0,5.0,2026-08-30 02:46:09,jra,2026-08-30,63.27,69.0,54.4,75.1,69.5,61.8,48.8,履歴少 / 近走上向き / 安定感
202601020410,2026-08-30,10,スイミーユニバンス,5.0,3.0,鮫島駿,53.0,,7.0,9.0,1札幌4,苫小牧特別(2勝クラス),1:09.6,0.3,晴,7.0,14.0,1函館8,立待岬特別(2勝クラス),1:08.9,0.4,曇,15.0,15.0,1函館3,STV杯(2勝クラス),1:09.3,1.3,曇,16.0,9.0,1中京5,フィリピンT(2勝クラス),1:22.2,1.2,晴,6.0,9.0,1阪神3,4歳以上2勝クラス,1:21.9,0.4,曇,30.7,13.0,2026-08-30 02:46:09,jra,2026-08-30,46.01,35.0,61.5,0.0,74.0,54.2,50.0,前走人気以上 / 近走上向き
202601020410,2026-08-30,10,セイウンデセオ,7.0,4.0,武豊,54.0,,2.0,6.0,2福島8,南相馬特別(2勝クラス),1:08.6,0.3,晴,4.0,6.0,2福島4,郡山特別(2勝クラス),1:08.1,0.6,曇,7.0,6.0,1福島5,医王寺特別(2勝クラス),1:07.9,0.2,晴,7.0,3.0,1小倉12,西日本新聞杯(2勝クラス),1:09.0,0.6,晴,1.0,5.0,1小倉4,4歳以上1勝クラス,1:07.3,-0.1,曇,6.3,2.0,2026-08-30 02:46:09,jra,2026-08-30,65.87,75.1,59.4,65.7,66.5,61.1,61.7,前走人気以上 / n適性 / 福島実績 / 近走上向き
202607030410,2026-08-30,10,ゼンノインヴォーク,8.0,7.0,幸,58.0,,3.0,3.0,2中京5,3歳以上1勝クラス,2:00.8,0.1,晴,3.0,2.0,2小倉8,不知火特別(2勝クラス),1:49.5,0.3,晴,6.0,2.0,2小倉1,八代特別(1勝クラス),2:00.2,0.3,曇,2.0,6.0,1福島6,飯盛山特別(1勝クラス),1:59.0,0.1,晴,3.0,6.0,1小倉12,唐戸特別(1勝クラス),2:02.8,0.0,晴,3.5,2.0,2026-08-30 03:10:39,jra,2026-08-30,63.37,80.4,49.0,80.2,53.0,56.6,51.8,クラス条件好転 / 安定感
202604030410,2026-08-30,10,ソナタムーンライト,2.0,2.0,原,57.0,,9.0,11.0,3東京4,3歳未勝利,2:15.6,3.1,曇,12.0,14.0,2東京11,3歳未勝利,2:27.0,2.4,晴,13.0,13.0,2東京9,3歳未勝利,2:02.0,1.4,曇,,,,,,,,,,,,,,,17.6,9.0,2026-08-30 02:57:44,jra,2026-08-30,41.48,19.6,60.3,0.0,71.0,58.0,48.8,履歴少 / 近走上向き / 市場オッズ妙味
202601020410,2026-08-30,10,デンプシー,12.0,6.0,横山和,55.0,,2.0,1.0,1札幌4,苫小牧特別(2勝クラス),1:09.3,0.0,晴,1.0,1.0,2福島6,3歳以上1勝クラス,1:09.3,-0.1,曇,2.0,6.0,1新潟3,ゆきつばき賞(1勝クラス),1:09.8,0.0,晴,1.0,1.0,1福島1,3歳未勝利,1:08.6,-0.2,晴,3.0,6.0,1中京2,3歳未勝利,1:21.4,0.3,晴,7.6,3.0,2026-08-30 02:46:09,jra,2026-08-30,71.33,94.3,55.6,100.0,48.5,62.5,50.0,安定感
202601020410,2026-08-30,10,バシレウスシチー,3.0,2.0,小沢,56.0,,3.0,13.0,1札幌4,苫小牧特別(2勝クラス),1:09.4,0.1,晴,4.0,8.0,1函館11,潮騒特別(2勝クラス),1:09.3,1.0,小雨,12.0,7.0,3阪神4,武庫川特別(2勝クラス),1:09.6,1.5,曇,7.0,10.0,1新潟7,大日岳特別(2勝クラス),1:09.7,0.5,晴,4.0,11.0,3京都4,御池特別(2勝クラス),1:07.9,0.1,曇,26.1,12.0,2026-08-30 02:46:09,jra,2026-08-30,67.31,62.3,79.5,65.7,72.5,65.8,50.0,前走人気以上 / 人気以上に走る傾向 / 近走上向き / 安定感
202607030410,2026-08-30,10,バークシャーシチー,5.0,5.0,松若,55.0,,8.0,8.0,3京都12,白百合S(L),1:48.1,1.0,晴,9.0,7.0,1東京2,セントポーリア賞(1勝クラス),1:47.6,0.9,晴,1.0,8.0,4阪神7,2歳新馬,1:47.2,-0.1,晴,,,,,,,,,,,,,,,7.1,4.0,2026-08-30 03:10:39,jra,2026-08-30,49.7,56.1,58.2,19.8,32.0,61.7,51.8,クラス条件好転 / 履歴少
202607030410,2026-08-30,10,バーバラップ,4.0,4.0,☆田山,54.0,,7.0,10.0,3中京1,3歳未勝利,1:59.5,0.6,晴,9.0,10.0,3阪神2,3歳未勝利,1:56.4,2.2,雨,12.0,11.0,1新潟2,3歳未勝利,1:50.9,0.7,晴,,,,,,,,,,,,,,,26.1,9.0,2026-08-30 03:10:39,jra,2026-08-30,45.36,36.2,59.0,0.0,71.0,54.9,48.8,前走人気以上 / 履歴少 / 近走上向き
202604030410,2026-08-30,10,パワポケウォーズ,4.0,3.0,▲上里,54.0,,3.0,10.0,2新潟8,3歳未勝利,1:55.3,0.2,晴,9.0,12.0,2新潟5,3歳未勝利,1:57.4,2.1,晴,4.0,12.0,2新潟2,3歳未勝利,1:53.8,1.1,雨,12.0,15.0,2福島5,3歳未勝利,1:49.3,2.5,曇,10.0,11.0,3中山5,3歳未勝利,1:57.1,2.5,晴,27.4,12.0,2026-08-30 02:57:44,jra,2026-08-30,66.21,54.2,85.0,50.2,84.5,67.8,50.0,前走人気以上 / 人気以上に走る傾向 / 近走上向き / 過小評価傾向
202601020410,2026-08-30,10,ファビュラススター,11.0,6.0,丹内,56.0,,7.0,8.0,2福島8,南相馬特別(2勝クラス),1:09.1,0.8,晴,11.0,1.0,5中山1,3歳以上2勝クラス,1:08.2,0.7,晴,4.0,6.0,4中山8,勝浦特別(2勝クラス),1:07.9,0.3,晴,3.0,2.0,2福島6,彦星賞(2勝クラス),1:10.6,0.3,晴,4.0,4.0,3東京4,芦ノ湖特別(2勝クラス),1:35.0,0.5,曇,23.4,11.0,2026-08-30 02:46:09,jra,2026-08-30,46.83,55.9,36.4,44.7,41.0,51.1,50.0,市場オッズ妙味
202601020410,2026-08-30,10,フミサウンド,13.0,7.0,大野,55.0,,9.0,5.0,1函館11,潮騒特別(2勝クラス),1:09.7,1.4,小雨,7.0,11.0,1函館2,函館日刊スポーツ杯(2勝クラス),1:08.5,0.3,晴,6.0,13.0,2東京9,高尾特別(2勝クラス),1:21.6,0.3,曇,14.0,12.0,1福島5,医王寺特別(2勝クラス),1:08.2,0.5,晴,12.0,9.0,1東京6,4歳以上2勝クラス,1:26.1,1.4,晴,38.8,14.0,2026-08-30 02:46:09,jra,2026-08-30,42.15,37.0,53.9,0.0,54.5,52.2,50.0,総合評価
202601020410,2026-08-30,10,プレセピオ,9.0,5.0,川又,52.0,,16.0,18.0,2阪神6,桜花賞(GI),1:33.6,2.1,晴,5.0,7.0,1阪神5,フィリーズレビュー(GII),1:21.0,0.4,晴,8.0,4.0,1京都6,紅梅S(L),1:23.3,2.6,晴,1.0,8.0,5中京3,つわぶき賞(1勝クラス),1:19.9,-0.1,曇,7.0,8.0,4京都8,白菊賞(1勝クラス),1:35.0,1.4,晴,16.8,9.0,2026-08-30 02:46:09,jra,2026-08-30,45.42,45.6,60.1,39.5,0.0,61.5,48.8,履歴少 / 市場オッズ妙味
202601020410,2026-08-30,10,ホウオウブースター,14.0,7.0,石川倭,55.0,,7.0,13.0,2福島4,郡山特別(2勝クラス),1:08.2,0.7,曇,11.0,11.0,2東京9,高尾特別(2勝クラス),1:22.0,0.7,曇,5.0,4.0,1福島1,花見山特別(2勝クラス),1:08.4,0.7,晴,8.0,13.0,1中山6,4歳以上2勝クラス,1:08.4,0.4,晴,1.0,9.0,3福島2,3歳以上1勝クラス,1:09.1,-0.2,曇,8.4,4.0,2026-08-30 02:46:09,jra,2026-08-30,55.28,51.0,72.3,30.1,45.5,68.5,50.0,前走人気以上 / 人気以上に走る傾向 / 過小評価傾向
202604030410,2026-08-30,10,マジギレカレン,14.0,8.0,野中,55.0,,9.0,9.0,2新潟7,3歳未勝利,1:14.0,2.4,晴,,,,,,,,,,,,,,,,,,,,,,,,,,,,,9.5,4.0,2026-08-30 02:57:44,jra,2026-08-30,39.27,37.6,40.6,29.6,40.6,40.6,48.8,履歴少 / サンプル少
202601020410,2026-08-30,10,ムチャスグラシアス,8.0,4.0,佐藤,52.0,,12.0,14.0,1札幌7,知床特別(2勝クラス),1:10.2,0.9,晴,8.0,9.0,1函館11,潮騒特別(2勝クラス),1:09.6,1.3,小雨,6.0,14.0,1函館9,HTB杯(2勝クラス),1:09.3,0.5,曇,16.0,13.0,1函館2,函館日刊スポーツ杯(2勝クラス),1:09.0,0.8,晴,12.0,10.0,1福島1,花見山特別(2勝クラス),1:09.1,1.4,晴,130.2,16.0,2026-08-30 02:46:09,jra,2026-08-30,40.17,27.7,62.6,0.0,41.0,54.8,48.1,総合評価
202601020410,2026-08-30,10,ララバニュルス,10.0,5.0,藤懸,56.0,,1.0,1.0,1函館8,3歳以上1勝クラス,1:08.9,-0.1,曇,2.0,1.0,1函館5,長万部特別(1勝クラス),1:08.9,0.4,晴,2.0,4.0,1福島4,須賀川特別(1勝クラス),1:07.9,0.2,晴,10.0,2.0,1小倉9,4歳以上1勝クラス,1:08.7,0.6,晴,1.0,2.0,1函館8,3歳未勝利,1:09.6,-0.3,曇,13.9,7.0,2026-08-30 02:46:09,jra,2026-08-30,65.95,85.9,43.6,85.4,66.5,57.3,51.8,クラス条件好転 / 近走上向き / 安定感 / 市場オッズ妙味
202607030410,2026-08-30,10,リアルセンター,1.0,1.0,団野,56.0,,6.0,11.0,2新潟1,3歳以上1勝クラス,1:45.6,0.6,曇,7.0,9.0,2福島5,3歳以上1勝クラス,1:59.7,1.4,曇,13.0,11.0,1新潟5,石打特別(1勝クラス),1:48.2,1.3,晴,9.0,11.0,1福島5,4歳以上1勝クラス,1:48.0,1.1,晴,13.0,11.0,1福島2,4歳以上1勝クラス,2:00.4,1.5,晴,22.5,8.0,2026-08-30 03:10:39,jra,2026-08-30,47.34,37.7,62.0,0.0,77.0,54.9,50.0,前走人気以上 / 近走上向き
202601020410,2026-08-30,10,ルージュベルベット,4.0,2.0,浜中,53.0,,1.0,5.0,1札幌6,3歳以上1勝クラス,1:08.7,-0.1,晴,2.0,7.0,1函館11,3歳以上1勝クラス,1:09.5,0.1,小雨,3.0,1.0,1新潟8,4歳以上1勝クラス,1:10.4,0.3,曇,2.0,11.0,1新潟2,4歳以上1勝クラス,1:22.1,0.3,曇,9.0,10.0,2中山6,4歳以上1勝クラス,1:12.8,1.6,晴,15.8,8.0,2026-08-30 02:46:09,jra,2026-08-30,76.64,87.1,74.4,89.7,68.0,74.9,50.0,前走人気以上 / 人気以上に走る傾向 / 近走上向き / 安定感
202607030410,2026-08-30,10,レッドヴァリアート,6.0,6.0,西村淳,58.0,,4.0,2.0,2中京4,3歳以上1勝クラス,2:17.6,0.1,曇,3.0,4.0,2小倉5,英彦山特別(1勝クラス),2:39.9,0.2,晴,5.0,1.0,1新潟4,荒川峡特別(1勝クラス),2:27.9,1.4,晴,3.0,2.0,2阪神7,4歳以上1勝クラス,2:27.6,0.1,晴,5.0,9.0,1中京6,4歳以上1勝クラス,2:12.1,0.5,晴,7.8,5.0,2026-08-30 03:10:39,jra,2026-08-30,63.23,76.8,43.8,100.0,50.0,57.4,51.8,クラス条件好転 / 安定感
202604030410,2026-08-30,10,ロジキセキ,6.0,4.0,戸崎圭,57.0,,2.0,1.0,2新潟8,3歳未勝利,1:55.2,0.1,晴,2.0,4.0,2新潟2,3歳未勝利,1:53.4,0.7,雨,5.0,9.0,2福島2,3歳未勝利,1:47.3,1.3,晴,13.0,10.0,3東京2,3歳未勝利,2:16.8,4.1,曇,5.0,14.0,1新潟5,3歳未勝利,1:54.9,0.6,晴,6.4,3.0,2026-08-30 02:57:44,jra,2026-08-30,67.92,71.9,60.3,85.4,75.5,65.1,48.8,履歴少 / 近走上向き / 安定感 / 過小評価傾向
202607030410,2026-08-30,10,ロードスタニング,10.0,8.0,坂井,55.0,,10.0,3.0,3阪神5,3歳以上1勝クラス,2:28.0,2.2,雨,1.0,1.0,3京都3,3歳未勝利,2:01.4,-0.1,晴,2.0,1.0,1阪神7,3歳未勝利,1:46.1,0.3,晴,2.0,1.0,1京都7,3歳新馬,2:03.7,0.2,晴,,,,,,,,6.0,3.0,2026-08-30 03:10:39,jra,2026-08-30,46.71,72.5,30.7,59.3,0.0,50.3,48.8,履歴少
202607030410,2026-08-30,10,ロードメルヴェイユ,9.0,8.0,吉村,55.0,,1.0,2.0,5中京5,2歳未勝利,2:02.5,0.0,曇,4.0,5.0,3福島1,2歳未勝利,1:48.4,0.8,晴,4.0,6.0,3中京2,2歳新馬,2:02.7,1.2,晴,,,,,,,,,,,,,,,19.9,7.0,2026-08-30 03:10:39,jra,2026-08-30,69.49,85.7,58.8,75.1,68.0,66.6,48.8,履歴少 / 近走上向き / 安定感 / 過小評価傾向
202604030410,2026-08-30,10,ヴァルク,11.0,6.0,木幡初,57.0,,7.0,6.0,川崎,ジューンフラワー賞(3歳),1:39.2,2.1,晴,8.0,8.0,1新潟6,3歳未勝利,1:57.4,2.5,晴,8.0,12.0,2中山8,3歳未勝利,1:58.5,3.1,晴,7.0,13.0,2中山1,3歳未勝利,1:57.0,4.4,晴,12.0,13.0,5中山1,2歳新馬,1:15.7,2.6,晴,20.0,10.0,2026-08-30 02:57:44,jra,2026-08-30,44.99,35.6,61.4,0.0,60.5,58.2,48.8,履歴少
202604030411,2026-08-30,11,アオイハルカ,14.0,8.0,◇今村,51.0,,1.0,8.0,2小倉4,3歳未勝利,2:01.9,-0.3,曇,12.0,5.0,2阪神7,3歳未勝利,1:56.9,2.2,晴,12.0,5.0,2京都1,3歳未勝利,1:36.5,1.4,晴,6.0,8.0,1京都3,3歳未勝利,1:35.8,0.6,晴,13.0,3.0,3京都2,2歳新馬,1:50.5,1.7,小雨,3.8,2.0,2026-08-30 02:25:24,jra,2026-08-30,48.29,44.9,37.8,30.4,100.0,42.8,50.0,前走人気以上 / 近走上向き
202601020411,2026-08-30,11,アンビバレント,1.0,1.0,丹内,58.0,,7.0,6.0,3京都4,朱雀S(3勝クラス),1:07.7,0.9,曇,9.0,4.0,3中山2,船橋S(3勝クラス),1:08.4,0.6,晴,9.0,6.0,2中山2,アクアマリンS(3勝クラス),1:07.6,0.7,晴,3.0,2.0,1中山2,サンライズS(3勝クラス),1:08.3,0.1,晴,1.0,7.0,5中山7,ベストウィッシュC(2勝クラス),1:07.8,-0.7,曇,26.1,12.0,2026-08-30 02:21:29,jra,2026-08-30,44.24,54.5,38.3,24.9,41.0,50.0,48.8,履歴少
202607030411,2026-08-30,11,エコロディアン,18.0,8.0,Ｍデムーロ,55.0,,2.0,2.0,2中京5,3歳未勝利,1:20.0,0.2,曇,6.0,1.0,1福島5,3歳未勝利,2:01.3,0.7,晴,3.0,3.0,1福島1,3歳未勝利,1:47.8,0.2,晴,,,,,,,,,,,,,,,7.8,3.0,2026-08-30 02:42:09,jra,2026-08-30,57.57,79.3,38.4,50.2,65.0,53.3,48.8,履歴少 / 近走上向き
202601020411,2026-08-30,11,エフォートレス,4.0,3.0,横山和,58.0,,8.0,7.0,3東京6,多摩川S(3勝クラス),1:21.7,0.6,曇,1.0,4.0,1東京6,4歳以上2勝クラス,1:32.6,-0.1,晴,5.0,9.0,5東京3,3歳以上2勝クラス,1:34.1,0.7,晴,12.0,4.0,4東京8,精進湖特別(2勝クラス),1:22.0,0.6,雨,1.0,1.0,2札幌1,3歳以上1勝クラス,1:28.7,-0.5,晴,9.4,6.0,2026-08-30 02:21:29,jra,2026-08-30,53.27,63.8,50.5,55.0,30.5,58.2,48.8,履歴少
202601020411,2026-08-30,11,エマヌエーレ,6.0,4.0,浜中,58.0,,3.0,5.0,2新潟1,新潟日報賞(3勝クラス),1:19.5,0.1,曇,3.0,7.0,3京都12,渡月橋S(3勝クラス),1:20.6,0.5,晴,4.0,4.0,2阪神4,心斎橋S(3勝クラス),1:20.2,0.5,晴,5.0,3.0,1小倉7,下関S(3勝クラス),1:08.1,0.9,曇,5.0,4.0,5阪神8,カウントダウンS(3勝クラス),1:08.7,0.3,晴,7.9,4.0,2026-08-30 02:21:29,jra,2026-08-30,68.27,78.4,58.5,100.0,57.5,60.7,48.8,履歴少 / 安定感
202601020411,2026-08-30,11,エルマーゴ,10.0,6.0,鮫島駿,58.0,,1.0,1.0,2東京8,テレ玉杯(2勝クラス),1:32.8,-0.3,晴,1.0,4.0,1東京5,4歳以上1勝クラス,1:33.6,-0.3,晴,5.0,4.0,5東京1,3歳以上1勝クラス,1:34.0,0.5,晴,2.0,13.0,4東京5,3歳以上1勝クラス,1:33.3,0.2,曇,12.0,10.0,3東京6,3歳以上1勝クラス,1:34.9,1.0,晴,8.2,5.0,2026-08-30 02:21:29,jra,2026-08-30,72.4,83.4,63.6,89.7,74.0,66.1,48.8,履歴少 / 近走上向き / 安定感 / 過小評価傾向
202607030411,2026-08-30,11,カルロット,17.0,8.0,坂井,57.0,,6.0,1.0,2小倉8,3歳未勝利,1:08.8,0.8,晴,2.0,2.0,3阪神6,3歳未勝利,1:21.1,0.3,晴,3.0,4.0,3阪神1,3歳未勝利,1:08.6,0.1,晴,2.0,4.0,3京都9,3歳未勝利,1:08.5,0.1,曇,16.0,1.0,1阪神4,3歳未勝利,1:29.3,3.2,晴,7.3,2.0,2026-08-30 02:42:09,jra,2026-08-30,52.17,71.2,31.9,59.3,48.5,47.4,50.0,総合評価
202604030411,2026-08-30,11,カンティーナ,5.0,4.0,原,53.0,,1.0,1.0,2東京7,3歳未勝利,2:00.3,0.0,晴,2.0,3.0,2東京1,3歳未勝利,1:47.6,0.0,曇,8.0,3.0,2中山4,3歳未勝利,1:49.5,2.5,晴,3.0,6.0,1東京6,3歳未勝利,1:48.0,0.2,晴,11.0,7.0,5東京4,2歳未勝利,1:48.2,1.9,晴,17.4,8.0,2026-08-30 02:25:24,jra,2026-08-30,63.54,76.3,45.0,69.9,80.0,60.8,48.8,履歴少 / 近走上向き / 安定感 / 市場オッズ妙味
202604030411,2026-08-30,11,ケイツールピア,9.0,6.0,▲上里,53.0,,12.0,12.0,2新潟8,3歳以上1勝クラス,1:48.1,1.3,晴,11.0,10.0,2新潟1,3歳以上1勝クラス,1:46.3,1.3,曇,9.0,14.0,5中山4,3歳以上1勝クラス,1:49.6,0.6,曇,4.0,14.0,4新潟2,松浜特別(1勝クラス),2:00.1,0.7,曇,8.0,16.0,4中山6,3歳以上1勝クラス,2:01.3,0.8,曇,127.7,13.0,2026-08-30 02:25:24,jra,2026-08-30,44.74,31.4,71.2,14.6,26.0,65.2,48.8,履歴少 / 人気以上に走る傾向 / 過小評価傾向
202604030411,2026-08-30,11,ココソラーレ,13.0,8.0,武藤雅,53.0,,7.0,9.0,3新潟2,3歳以上1勝クラス,0:56.0,0.5,晴,9.0,10.0,2新潟6,3歳未勝利,1:09.3,0.5,晴,4.0,5.0,1函館11,3歳未勝利,1:09.9,1.3,曇,2.0,6.0,1函館10,3歳以上1勝クラス,1:10.1,0.0,曇,7.0,10.0,1函館7,3歳以上1勝クラス,1:09.0,0.7,晴,50.2,12.0,2026-08-30 02:25:24,jra,2026-08-30,54.86,58.6,63.6,34.3,41.0,59.8,57.7,n適性 / 函館実績
202601020411,2026-08-30,11,サクセスアイ,7.0,5.0,藤懸,56.0,,9.0,15.0,3京都12,渡月橋S(3勝クラス),1:20.9,0.8,晴,8.0,8.0,2阪神4,心斎橋S(3勝クラス),1:20.8,1.1,晴,6.0,8.0,1京都9,山城S(3勝クラス),1:22.1,0.2,晴,7.0,6.0,3京都8,長岡京S(3勝クラス),1:20.5,0.3,曇,8.0,7.0,4阪神4,仲秋S(3勝クラス),1:32.9,0.7,曇,45.3,13.0,2026-08-30 02:21:29,jra,2026-08-30,45.54,45.9,63.8,0.0,39.5,55.5,48.8,前走人気以上 / 履歴少
202601020411,2026-08-30,11,サンタアニタ,11.0,7.0,斎藤,56.0,,1.0,4.0,1函館8,立待岬特別(2勝クラス),1:08.5,-0.1,曇,4.0,8.0,3東京1,テレビ山梨杯(2勝クラス),1:20.3,0.2,晴,1.0,3.0,1新潟5,4歳以上1勝クラス,1:21.9,-0.2,晴,2.0,5.0,5中京5,3歳以上1勝クラス,1:20.8,0.0,小雨,3.0,3.0,5東京6,3歳以上1勝クラス,1:25.0,0.5,晴,24.1,10.0,2026-08-30 02:21:29,jra,2026-08-30,75.2,91.2,69.2,100.0,59.0,64.1,50.0,前走人気以上 / 人気以上に走る傾向 / 安定感 / 市場オッズ妙味
202604030411,2026-08-30,11,シアブリス,2.0,2.0,三浦,56.0,,5.0,10.0,2新潟4,五頭連峰特別(1勝クラス),1:46.0,0.3,晴,2.0,10.0,1新潟8,二王子特別(1勝クラス),1:48.1,0.3,曇,5.0,14.0,1福島1,浄土平特別(1勝クラス),1:47.7,0.7,晴,14.0,10.0,1中山4,4歳以上1勝クラス,1:35.3,3.2,晴,6.0,6.0,1札幌3,3歳以上1勝クラス,1:48.2,1.6,晴,12.3,4.0,2026-08-30 02:25:24,jra,2026-08-30,68.89,63.2,83.0,75.1,60.5,72.4,48.8,前走人気以上 / 履歴少 / 人気以上に走る傾向 / 安定感
202604030411,2026-08-30,11,シェーンシュティア,11.0,7.0,杉原,56.0,,3.0,2.0,2東京12,4歳以上1勝クラス,1:45.9,0.8,晴,2.0,4.0,1新潟5,石打特別(1勝クラス),1:47.1,0.2,晴,7.0,9.0,1中京4,4歳以上1勝クラス,2:00.2,0.7,曇,6.0,8.0,3福島5,3歳以上1勝クラス,1:59.0,0.7,晴,5.0,4.0,4新潟4,3歳以上1勝クラス,1:49.7,0.4,雨,13.9,5.0,2026-08-30 02:25:24,jra,2026-08-30,63.6,74.5,55.4,65.7,62.0,63.8,51.8,クラス条件好転 / 履歴少 / 安定感 / 市場オッズ妙味
202607030411,2026-08-30,11,シャンデリュイーズ,3.0,2.0,富田,55.0,,10.0,6.0,2小倉6,3歳未勝利,1:09.3,1.2,晴,3.0,7.0,2小倉3,3歳未勝利,1:09.9,0.6,雨,12.0,9.0,3京都5,3歳未勝利,1:22.5,2.2,晴,15.0,7.0,1小倉5,3歳未勝利,1:10.5,1.6,小雨,13.0,2.0,5阪神2,2歳未勝利,1:22.0,1.8,晴,23.3,12.0,2026-08-30 02:42:09,jra,2026-08-30,35.54,32.2,28.2,24.9,54.5,36.6,51.0,総合評価
202607030411,2026-08-30,11,スイートポメロ,8.0,4.0,川須,55.0,,3.0,8.0,3中京1,3歳未勝利,1:08.2,0.3,晴,13.0,7.0,2小倉2,3歳未勝利,1:10.2,1.0,晴,4.0,7.0,3阪神1,3歳未勝利,1:08.7,0.2,晴,4.0,8.0,1新潟3,3歳未勝利,1:10.7,0.5,晴,3.0,14.0,1福島4,3歳未勝利,1:08.7,0.3,晴,33.7,14.0,2026-08-30 02:42:09,jra,2026-08-30,64.18,61.3,66.4,75.1,68.0,64.6,48.8,前走人気以上 / 履歴少 / 人気以上に走る傾向 / 近走上向き
202604030411,2026-08-30,11,スカイダンスタイム,3.0,3.0,△石神道,54.0,,5.0,5.0,名古屋,鶯宿梅特別(A),1:30.4,0.8,晴,2.0,5.0,名古屋,レディス・ユニコーン(B),1:30.5,0.6,曇,8.0,6.0,名古屋,新春盃(BC),2:14.3,2.2,曇,6.0,3.0,名古屋,エリダヌス座特別(B),1:37.9,1.1,晴,3.0,2.0,名古屋,ペルセウス座特別(B),1:52.5,0.1,晴,223.5,14.0,2026-08-30 02:25:24,jra,2026-08-30,40.38,30.9,48.9,29.6,44.2,49.0,42.8,地方実績を中央換算 / 地方実績中心 / 履歴少
202604030411,2026-08-30,11,タッセルノット,10.0,6.0,戸崎圭,53.0,,3.0,2.0,3東京5,3歳以上1勝クラス,1:46.8,0.3,雨,3.0,1.0,3中山7,3歳1勝クラス,1:49.9,0.5,晴,1.0,1.0,4東京11,2歳未勝利,1:47.5,-0.1,曇,2.0,2.0,3新潟4,2歳新馬,1:49.9,0.1,晴,,,,,,,,3.1,1.0,2026-08-30 02:25:24,jra,2026-08-30,63.62,88.8,43.7,89.7,44.0,52.4,48.8,履歴少 / 安定感
202601020411,2026-08-30,11,ダノンミッション,9.0,6.0,石川倭,58.0,,1.0,1.0,2東京1,石和特別(2勝クラス),1:45.1,0.0,晴,2.0,3.0,2中山6,4歳以上2勝クラス,1:32.1,0.1,晴,2.0,2.0,1東京7,4歳以上2勝クラス,1:46.6,0.0,晴,2.0,2.0,1中山3,初凪賞(2勝クラス),1:33.9,0.1,晴,1.0,1.0,2札幌5,3歳以上1勝クラス,1:29.4,-0.1,晴,6.2,2.0,2026-08-30 02:21:29,jra,2026-08-30,70.68,95.3,51.7,100.0,54.5,58.4,48.8,履歴少 / 安定感
202604030411,2026-08-30,11,ダーリングハースト,8.0,5.0,岩田望,53.0,,7.0,4.0,3東京5,3歳以上1勝クラス,1:47.1,0.6,雨,9.0,1.0,2阪神6,忘れな草賞(L),2:00.4,1.3,晴,1.0,2.0,1東京5,3歳未勝利,1:47.4,-0.4,晴,3.0,1.0,3東京6,2歳新馬,1:35.3,0.7,晴,,,,,,,,5.1,3.0,2026-08-30 02:25:24,jra,2026-08-30,43.55,63.3,26.6,34.3,34.0,45.5,48.8,履歴少
202607030411,2026-08-30,11,デルニエジョイ,9.0,5.0,田口,57.0,,5.0,5.0,2中京7,3歳未勝利,1:20.3,0.5,曇,7.0,7.0,3阪神1,3歳未勝利,1:12.9,0.7,晴,5.0,6.0,3京都9,3歳未勝利,1:12.6,0.8,曇,6.0,3.0,1阪神9,3歳未勝利,1:26.4,1.6,晴,3.0,6.0,1阪神4,3歳未勝利,1:26.4,0.3,晴,13.4,8.0,2026-08-30 02:42:09,jra,2026-08-30,57.42,64.5,50.5,60.5,51.5,63.8,48.8,履歴少 / 安定感 / 市場オッズ妙味
202607030411,2026-08-30,11,トウカイジーク,2.0,1.0,菱田,57.0,,2.0,4.0,2中京7,3歳未勝利,1:20.1,0.3,曇,13.0,5.0,2小倉8,3歳未勝利,1:09.3,1.3,晴,3.0,3.0,2小倉4,3歳未勝利,1:10.2,0.5,曇,8.0,2.0,3京都1,3歳未勝利,1:33.3,1.0,晴,6.0,8.0,1中京3,3歳未勝利,1:21.8,0.7,晴,27.6,13.0,2026-08-30 02:42:09,jra,2026-08-30,52.96,58.2,35.6,50.2,83.0,47.0,55.7,小倉実績 / 近走上向き
202601020411,2026-08-30,11,トラペジスト,8.0,5.0,吉田隼,58.0,,14.0,16.0,3京都12,渡月橋S(3勝クラス),1:21.1,1.0,晴,12.0,10.0,3京都4,東大路S(3勝クラス),1:24.8,2.1,小雨,8.0,4.0,1阪神2,戎橋S(3勝クラス),1:21.5,1.1,晴,3.0,7.0,1京都9,山城S(3勝クラス),1:21.9,0.0,晴,8.0,7.0,4京都7,東山S(3勝クラス),1:22.7,0.4,晴,91.3,14.0,2026-08-30 02:21:29,jra,2026-08-30,34.8,28.5,48.6,14.6,12.5,50.3,48.8,履歴少
202604030411,2026-08-30,11,ナックホワイト,4.0,3.0,野中,53.0,,12.0,5.0,2東京11,3歳1勝クラス,1:43.6,6.4,晴,11.0,7.0,2東京5,3歳1勝クラス,1:47.7,2.3,晴,8.0,15.0,2中山7,フラワーC(GIII),1:48.5,0.2,晴,1.0,3.0,1東京6,3歳未勝利,1:47.8,-0.2,晴,4.0,3.0,1東京2,3歳未勝利,1:47.4,0.6,晴,16.4,6.0,2026-08-30 02:25:24,jra,2026-08-30,37.24,39.8,39.1,24.9,14.0,51.2,48.8,履歴少 / 市場オッズ妙味
202607030411,2026-08-30,11,ナデシコザクラ,12.0,6.0,秋山稔,55.0,,5.0,8.0,2小倉8,3歳未勝利,1:08.6,0.6,晴,2.0,12.0,2小倉3,3歳未勝利,1:09.6,0.3,雨,15.0,10.0,1新潟3,3歳未勝利,1:11.7,1.5,晴,3.0,8.0,1福島5,3歳未勝利,1:09.4,0.7,晴,12.0,13.0,1阪神1,3歳未勝利,1:15.4,1.2,晴,56.8,17.0,2026-08-30 02:42:09,jra,2026-08-30,64.93,57.1,72.7,69.9,68.0,62.6,61.7,前走人気以上 / n適性 / 小倉実績 / 人気以上に走る傾向
202604030411,2026-08-30,11,ニシノコマチムスメ,6.0,4.0,菊沢,56.0,,11.0,12.0,2新潟4,五頭連峰特別(1勝クラス),1:46.3,0.6,晴,3.0,14.0,2福島6,織姫賞(1勝クラス),1:48.0,0.6,曇,10.0,9.0,1福島5,4歳以上1勝クラス,1:48.0,1.1,晴,10.0,6.0,1小倉9,4歳以上1勝クラス,1:47.9,0.9,晴,6.0,12.0,1小倉5,4歳以上1勝クラス,2:01.7,0.4,曇,19.8,9.0,2026-08-30 02:25:24,jra,2026-08-30,49.2,42.8,70.2,24.9,27.5,64.8,50.0,前走人気以上 / 人気以上に走る傾向 / 市場オッズ妙味
202604030411,2026-08-30,11,ハニーオーケストラ,7.0,5.0,小崎,53.0,,12.0,13.0,3東京6,3歳以上1勝クラス,1:37.8,2.5,曇,10.0,13.0,3中山5,3歳1勝クラス,1:12.5,2.4,晴,8.0,10.0,1東京7,3歳1勝クラス,1:26.6,1.3,晴,1.0,4.0,5中山1,2歳未勝利,1:56.4,-0.1,晴,4.0,12.0,5東京4,2歳新馬,1:41.1,0.6,晴,42.1,11.0,2026-08-30 02:25:24,jra,2026-08-30,46.39,41.8,69.0,24.9,12.5,62.7,48.8,履歴少 / 人気以上に走る傾向
202607030411,2026-08-30,11,ハピネスサンライズ,7.0,4.0,松山,55.0,,4.0,7.0,2中京7,3歳未勝利,1:19.9,0.1,曇,8.0,6.0,2中京4,3歳未勝利,1:20.5,1.0,曇,16.0,4.0,3阪神4,3歳未勝利,1:33.9,8.5,曇,13.0,6.0,2阪神3,3歳未勝利,1:23.0,1.4,小雨,3.0,3.0,1中京3,3歳未勝利,1:21.3,0.2,晴,18.4,11.0,2026-08-30 02:42:09,jra,2026-08-30,45.75,43.3,29.1,40.7,86.0,46.7,48.8,前走人気以上 / 履歴少 / 近走上向き / 市場オッズ妙味
202607030411,2026-08-30,11,バルフルール,5.0,3.0,角田和,55.0,,3.0,12.0,2中京5,3歳未勝利,1:20.1,0.3,曇,12.0,8.0,3京都8,3歳未勝利,1:34.0,0.6,晴,8.0,8.0,3京都3,3歳未勝利,1:21.5,1.1,晴,,,,,,,,,,,,,,,17.4,9.0,2026-08-30 02:42:09,jra,2026-08-30,57.97,49.6,66.2,30.4,92.0,61.7,48.8,前走人気以上 / 履歴少 / 人気以上に走る傾向 / 近走上向き
202607030411,2026-08-30,11,パトローナス,13.0,7.0,吉村,57.0,,2.0,2.0,2中京7,3歳未勝利,1:19.8,0.0,曇,16.0,1.0,2小倉4,3歳未勝利,1:13.5,3.8,曇,6.0,2.0,1新潟7,3歳未勝利,1:23.5,0.2,晴,4.0,1.0,4京都1,2歳未勝利,1:21.3,0.4,晴,3.0,4.0,3京都5,2歳未勝利,1:21.2,0.3,晴,8.3,4.0,2026-08-30 02:42:09,jra,2026-08-30,48.28,59.6,16.0,55.3,81.5,45.4,50.0,近走上向き
202601020411,2026-08-30,11,パワーホール,12.0,7.0,古川吉,58.0,,8.0,6.0,2東京5,分倍河原S(3勝クラス),1:33.1,0.9,晴,7.0,7.0,2阪神8,立雲峡S(3勝クラス),1:32.4,0.8,曇,15.0,6.0,1小倉12,関門橋S(3勝クラス),2:02.6,2.3,晴,5.0,4.0,1中山7,若潮S(3勝クラス),1:32.2,0.5,晴,8.0,4.0,5東京5,秋色S(3勝クラス),1:32.5,0.6,晴,22.0,9.0,2026-08-30 02:21:29,jra,2026-08-30,37.42,40.8,29.4,14.6,54.5,41.3,48.8,履歴少
202604030411,2026-08-30,11,ブルバンビーナ,1.0,1.0,△石田,54.0,,14.0,17.0,2新潟1,3歳以上1勝クラス,1:21.1,0.8,晴,15.0,9.0,1新潟5,石打特別(1勝クラス),1:49.4,2.5,晴,5.0,8.0,1新潟1,4歳以上1勝クラス,1:36.0,0.4,晴,7.0,10.0,1小倉9,4歳以上1勝クラス,1:47.7,0.7,晴,5.0,12.0,1小倉7,4歳以上1勝クラス,1:48.8,0.4,雨,25.8,10.0,2026-08-30 02:25:24,jra,2026-08-30,40.43,28.0,58.2,30.1,14.0,58.2,51.8,クラス条件好転 / 前走人気以上 / 履歴少
202607030411,2026-08-30,11,プリモマーレ,1.0,1.0,中井,55.0,,,,,,,,,,,,,,,,,,,,,,,,,,,,,,,,,,,,,10.4,6.0,2026-08-30 02:42:09,jra,2026-08-30,36.0,35.0,35.0,35.0,35.0,35.0,45.0,履歴少
202607030411,2026-08-30,11,プリュスエクラ,10.0,5.0,団野,55.0,,5.0,7.0,2中京6,3歳未勝利,1:34.0,0.3,晴,8.0,7.0,1函館8,3歳未勝利,1:09.3,0.5,曇,6.0,5.0,3阪神1,3歳未勝利,1:09.0,0.5,晴,4.0,8.0,3京都5,3歳未勝利,1:20.7,0.4,晴,14.0,9.0,1阪神8,3歳未勝利,1:28.3,2.6,曇,11.3,7.0,2026-08-30 02:42:09,jra,2026-08-30,54.58,54.6,51.6,45.0,68.0,59.7,50.0,近走上向き
202607030411,2026-08-30,11,ボールドペイト,16.0,8.0,松若,57.0,,5.0,14.0,3中京1,3歳未勝利,1:08.3,0.4,晴,13.0,16.0,3阪神6,3歳未勝利,2:30.3,2.7,晴,12.0,15.0,3阪神3,3歳未勝利,1:35.5,1.3,晴,16.0,9.0,2阪神4,3歳未勝利,1:15.4,4.4,晴,11.0,8.0,4阪神9,2歳新馬,1:25.1,0.8,晴,51.5,15.0,2026-08-30 02:42:09,jra,2026-08-30,51.79,26.1,69.2,30.4,98.0,54.2,48.8,前走人気以上 / 履歴少 / 人気以上に走る傾向 / 近走上向き
202601020411,2026-08-30,11,マジックローズ,3.0,3.0,武豊,56.0,,1.0,1.0,2小倉4,九州スポーツ杯(2勝クラス),1:42.2,-0.9,曇,2.0,4.0,2東京9,4歳以上2勝クラス,1:36.7,0.0,曇,10.0,4.0,1京都7,小倉山特別(2勝クラス),1:25.5,0.9,晴,1.0,3.0,5中京3,3歳以上1勝クラス,1:24.5,-0.3,曇,1.0,1.0,高知,C3ー14,1:22.1,-2.3,晴,4.9,1.0,2026-08-30 02:21:29,jra,2026-08-30,62.72,78.1,47.2,74.6,65.0,55.5,50.0,近走上向き / 安定感
202601020411,2026-08-30,11,マテンロウサン,14.0,8.0,横山典,58.0,,1.0,2.0,1札幌4,苫小牧特別(2勝クラス),1:09.3,0.0,晴,7.0,2.0,4東京8,精進湖特別(2勝クラス),1:21.7,0.3,雨,3.0,2.0,2京都6,橘S(L),1:21.9,0.1,曇,1.0,1.0,2阪神8,3歳1勝クラス,1:34.3,-0.1,曇,7.0,5.0,6京都2,もちの木賞(1勝クラス),1:54.0,2.4,晴,11.5,8.0,2026-08-30 02:21:29,jra,2026-08-30,61.39,79.9,40.6,64.7,71.0,57.9,48.8,履歴少 / 近走上向き / 安定感
202607030411,2026-08-30,11,ミッキーラヴィータ,15.0,7.0,西村淳,55.0,,3.0,2.0,2中京4,3歳未勝利,1:19.5,0.0,曇,8.0,1.0,2中京1,3歳未勝利,1:33.2,0.8,晴,3.0,1.0,5阪神1,2歳未勝利,1:33.9,0.3,晴,2.0,1.0,3京都2,2歳未勝利,1:33.9,0.0,曇,3.0,2.0,3中京5,2歳新馬,1:22.6,0.3,曇,6.0,1.0,2026-08-30 02:42:09,jra,2026-08-30,56.11,75.2,31.1,75.1,56.0,49.8,48.8,履歴少 / 安定感
202607030411,2026-08-30,11,メイショウトライオ,4.0,2.0,太宰,55.0,,,,,,,,,,,,,,,,,,,,,,,,,,,,,,,,,,,,,63.5,18.0,2026-08-30 02:42:09,jra,2026-08-30,36.0,35.0,35.0,35.0,35.0,35.0,45.0,履歴少
202607030411,2026-08-30,11,モカプウイング,14.0,7.0,☆田山,54.0,,4.0,6.0,2中京7,3歳未勝利,1:20.3,0.5,曇,5.0,7.0,2中京4,3歳未勝利,1:20.0,0.5,曇,11.0,3.0,園田,JRA交流氷ノ山特別,1:36.3,6.2,曇,7.0,10.0,1阪神9,3歳未勝利,1:35.1,0.5,晴,5.0,1.0,姫路,JRA交流書写山特別,1:44.3,1.5,晴,18.0,10.0,2026-08-30 02:42:09,jra,2026-08-30,54.09,49.7,52.7,56.4,68.0,55.1,48.8,地方実績を中央換算 / 履歴少 / 近走上向き / 市場オッズ妙味
202601020411,2026-08-30,11,モンドデラモーレ,13.0,8.0,大野,58.0,,4.0,3.0,3東京6,多摩川S(3勝クラス),1:21.5,0.4,曇,2.0,3.0,2東京2,湘南S(3勝クラス),1:20.1,0.0,晴,6.0,4.0,1東京6,雲雀S(3勝クラス),1:34.4,0.4,晴,8.0,3.0,5東京1,錦秋S(3勝クラス),1:37.1,1.3,晴,3.0,1.0,2札幌4,日高S(3勝クラス),1:29.9,0.4,曇,6.3,3.0,2026-08-30 02:21:29,jra,2026-08-30,56.68,73.0,40.3,65.7,54.5,52.0,48.8,履歴少 / 安定感
202601020411,2026-08-30,11,リゾートアイランド,5.0,4.0,横山武,55.0,,16.0,18.0,2東京6,NHKマイルC(GI),1:33.4,1.9,晴,9.0,4.0,2阪神3,チャーチルダウンズC(GIII),1:35.4,1.3,雨,1.0,1.0,1中山1,ジュニアC(L),1:34.8,0.0,晴,2.0,3.0,5中山5,ひいらぎ賞(1勝クラス),1:33.3,0.4,曇,1.0,1.0,4東京9,2歳未勝利,1:34.1,-0.4,小雨,24.3,11.0,2026-08-30 02:21:29,jra,2026-08-30,43.81,52.5,46.6,44.7,0.0,55.0,48.8,履歴少 / 市場オッズ妙味
202607030411,2026-08-30,11,リントゥラウル,11.0,6.0,幸,57.0,,3.0,4.0,2中京7,3歳未勝利,1:19.9,0.1,曇,4.0,8.0,2中京4,3歳未勝利,1:19.7,0.2,曇,11.0,6.0,2小倉5,3歳未勝利,1:09.4,1.1,晴,5.0,11.0,3阪神6,3歳未勝利,1:21.4,0.6,晴,12.0,9.0,2阪神8,3歳未勝利,1:56.0,2.7,晴,10.2,5.0,2026-08-30 02:42:09,jra,2026-08-30,61.81,59.6,56.1,69.9,80.0,61.8,50.0,近走上向き / 安定感
202607030411,2026-08-30,11,ルーセントムーン,6.0,3.0,▲森田,54.0,,7.0,15.0,2小倉8,3歳未勝利,1:08.8,0.8,晴,7.0,3.0,金沢,加賀医王山賞(未勝利)(3歳),1:41.7,2.7,曇,16.0,11.0,1阪神9,3歳未勝利,1:36.0,1.4,晴,15.0,11.0,1京都1,3歳未勝利,1:30.0,3.4,晴,7.0,9.0,2札幌2,2歳未勝利,1:30.6,0.8,晴,54.4,16.0,2026-08-30 02:42:09,jra,2026-08-30,41.52,27.0,54.3,0.0,75.5,49.0,50.0,前走人気以上 / 近走上向き
202601020411,2026-08-30,11,ワタシマツワ,2.0,2.0,小林美,56.0,,1.0,5.0,1札幌2,羊ヶ丘特別(2勝クラス),1:27.9,-0.2,晴,14.0,12.0,1中山3,初凪賞(2勝クラス),1:35.3,1.5,晴,14.0,8.0,5中京6,尾張特別(2勝クラス),1:22.8,0.9,曇,1.0,7.0,4新潟3,3歳以上1勝クラス,1:21.3,-0.2,曇,1.0,1.0,1札幌7,3歳未勝利,1:28.0,-0.4,晴,10.9,7.0,2026-08-30 02:21:29,jra,2026-08-30,58.97,55.3,52.9,55.3,89.0,61.5,48.8,前走人気以上 / 履歴少 / 近走上向き
202604030411,2026-08-30,11,ヴァリスマリネリス,12.0,7.0,津村,53.0,,9.0,4.0,2新潟1,3歳以上1勝クラス,1:45.9,0.9,曇,4.0,5.0,2東京9,カーネーションC(1勝クラス),1:46.6,0.2,曇,11.0,8.0,2中山5,アネモネS(L),1:34.0,1.3,晴,9.0,6.0,1中山4,フェアリーS(GIII),1:34.3,0.7,晴,1.0,2.0,4東京9,2歳新馬,1:49.6,-0.1,小雨,16.4,7.0,2026-08-30 02:25:24,jra,2026-08-30,42.2,49.4,34.6,35.3,33.5,49.5,48.8,履歴少 / 市場オッズ妙味
202604030412,2026-08-30,12,アイファージェット,2.0,2.0,木幡育,58.0,,2.0,1.0,名古屋,B10組,1:37.4,1.0,晴,1.0,1.0,名古屋,日光川大橋賞(C),1:37.0,0.0,晴,2.0,1.0,名古屋,C8組,1:37.4,0.1,曇,1.0,2.0,名古屋,茂樹・愛弓結婚記念日(C),1:36.1,0.0,曇,4.0,1.0,名古屋,C18組,1:39.3,0.5,晴,110.1,15.0,2026-08-30 03:02:54,jra,2026-08-30,42.54,35.8,47.9,38.3,45.0,48.3,42.8,地方実績を中央換算 / 地方実績中心 / 履歴少
202607030412,2026-08-30,12,アーガイルショア,3.0,3.0,北村友,54.0,,5.0,5.0,2中京7,3歳以上1勝クラス,1:24.9,0.8,晴,4.0,5.0,2中京2,3歳以上1勝クラス,1:24.9,0.4,晴,1.0,2.0,1新潟8,3歳未勝利,1:12.5,0.0,曇,5.0,2.0,3京都5,3歳未勝利,1:25.2,0.5,晴,2.0,1.0,1阪神3,3歳未勝利,1:25.9,0.3,晴,8.8,4.0,2026-08-30 03:11:24,jra,2026-08-30,63.45,78.8,49.3,100.0,38.0,58.0,48.8,履歴少 / 安定感
202604030412,2026-08-30,12,エテオクロス,4.0,3.0,杉原,58.0,,5.0,6.0,2新潟2,3歳以上1勝クラス,1:11.9,0.9,雨,3.0,8.0,1新潟7,4歳以上1勝クラス,1:12.4,0.4,晴,3.0,9.0,1新潟4,4歳以上1勝クラス,1:12.1,0.5,晴,13.0,13.0,1中京3,4歳以上1勝クラス,1:25.4,1.1,晴,16.0,11.0,1中山3,4歳以上1勝クラス,1:17.6,5.1,晴,23.8,9.0,2026-08-30 03:02:54,jra,2026-08-30,63.29,58.8,65.5,75.1,72.5,60.9,48.8,履歴少 / 人気以上に走る傾向 / 近走上向き / 安定感
202607030412,2026-08-30,12,オンザノアール,2.0,2.0,幸,54.0,,10.0,4.0,2中京6,3歳以上1勝クラス,1:26.1,1.5,曇,1.0,3.0,1京都7,3歳未勝利,1:13.5,-0.4,晴,3.0,2.0,5阪神1,2歳未勝利,1:13.5,0.6,晴,3.0,2.0,4京都4,2歳未勝利,1:13.4,0.7,晴,9.0,1.0,4中京3,2歳新馬,1:23.0,1.3,晴,7.4,3.0,2026-08-30 03:11:24,jra,2026-08-30,46.88,66.0,32.5,59.3,14.0,49.4,48.8,履歴少
202604030412,2026-08-30,12,ガルディーノ,1.0,1.0,△石田,54.0,,2.0,8.0,2新潟3,3歳以上1勝クラス,1:12.4,0.3,曇,1.0,14.0,3中山2,3歳未勝利,1:12.2,-0.2,晴,16.0,16.0,1中山3,3歳未勝利,1:17.1,4.4,晴,10.0,12.0,5中山4,2歳未勝利,1:14.3,1.4,雨,12.0,13.0,4新潟3,2歳未勝利,1:16.0,3.9,晴,11.3,5.0,2026-08-30 03:02:54,jra,2026-08-30,71.01,58.2,88.2,55.3,96.5,74.6,48.8,前走人気以上 / 履歴少 / 人気以上に走る傾向 / 近走上向き
202604030412,2026-08-30,12,ガンバレベアー,10.0,6.0,野中,56.0,,8.0,8.0,2新潟2,3歳以上1勝クラス,1:12.4,1.4,雨,9.0,11.0,3東京2,3歳以上1勝クラス,1:26.5,1.6,曇,11.0,11.0,2東京6,4歳以上1勝クラス,1:20.1,1.4,晴,10.0,6.0,3中山4,4歳以上1勝クラス,1:12.3,1.5,晴,1.0,2.0,姫路,ストロベリーキャンド(C1),1:33.5,-0.3,曇,30.4,10.0,2026-08-30 03:02:54,jra,2026-08-30,40.14,35.0,49.7,4.7,48.5,51.0,48.8,履歴少
202601020412,2026-08-30,12,クオンタムスター,4.0,3.0,鮫島駿,55.0,,2.0,1.0,1札幌4,3歳以上1勝クラス,2:39.7,0.4,晴,1.0,2.0,1函館1,3歳未勝利,2:39.6,-0.6,曇,4.0,6.0,1中山2,3歳未勝利,2:01.6,0.5,晴,3.0,4.0,5東京2,2歳新馬,2:01.1,0.3,小雨,,,,,,,,3.3,1.0,2026-08-30 02:55:09,jra,2026-08-30,68.11,89.4,53.8,89.7,54.0,57.5,48.8,履歴少 / 安定感
202604030412,2026-08-30,12,クラウンフリード,7.0,4.0,▲上里,55.0,,15.0,15.0,2福島1,3歳以上1勝クラス,1:49.7,4.2,晴,2.0,2.0,佐賀,KYUSHUDREA(C1),1:30.5,0.2,小雨,4.0,2.0,佐賀,C1ー7組,1:30.4,1.1,曇,1.0,3.0,佐賀,イベリス賞(C1),1:30.8,-0.5,曇,2.0,5.0,佐賀,きりん座特選(C2),1:31.0,0.7,晴,98.5,14.0,2026-08-30 03:02:54,jra,2026-08-30,36.07,23.7,50.7,26.6,20.0,52.9,42.8,地方実績を中央換算 / 地方実績中心 / 履歴少
202607030412,2026-08-30,12,グラスゴー,10.0,6.0,☆田山,53.0,,6.0,10.0,3阪神4,3歳以上1勝クラス,1:12.8,0.5,曇,10.0,14.0,2京都2,3歳1勝クラス,1:26.5,1.0,晴,1.0,3.0,1京都6,3歳未勝利,1:13.7,0.0,晴,11.0,5.0,3京都10,2歳未勝利,1:11.0,1.1,晴,3.0,5.0,3京都3,2歳未勝利,1:13.3,0.4,曇,11.5,6.0,2026-08-30 03:11:24,jra,2026-08-30,54.4,56.6,63.6,30.1,51.5,61.7,48.8,前走人気以上 / 履歴少
202604030412,2026-08-30,12,コンパクトファイト,13.0,7.0,菅原隆,58.0,,1.0,7.0,4中山1,3歳未勝利,1:54.7,-0.4,晴,6.0,8.0,3新潟1,3歳未勝利,1:12.6,1.7,晴,4.0,5.0,2新潟1,3歳未勝利,1:13.2,0.9,晴,5.0,6.0,2福島4,3歳未勝利,1:47.9,1.1,晴,7.0,7.0,2東京6,3歳未勝利,1:25.6,1.7,晴,48.0,11.0,2026-08-30 03:02:54,jra,2026-08-30,68.34,75.7,68.7,64.7,77.0,62.8,48.8,前走人気以上 / 履歴少 / 人気以上に走る傾向 / 近走上向き
202604030412,2026-08-30,12,ゴーゴーパンチ,5.0,3.0,△石神道,54.0,,10.0,3.0,2福島3,3歳以上1勝クラス,1:46.7,1.8,晴,4.0,6.0,3東京3,3歳以上1勝クラス,1:23.8,0.3,晴,3.0,9.0,2東京12,3歳1勝クラス,1:25.2,0.7,晴,9.0,12.0,3中山5,3歳1勝クラス,1:12.3,2.2,晴,1.0,3.0,1中京1,3歳未勝利,1:13.2,0.0,晴,4.7,3.0,2026-08-30 03:02:54,jra,2026-08-30,50.96,59.6,51.4,55.0,15.5,60.5,50.0,総合評価
202604030412,2026-08-30,12,サトノエスケープ,8.0,5.0,田辺,56.0,,2.0,5.0,2新潟6,3歳以上1勝クラス,1:12.1,0.1,曇,4.0,4.0,3中山5,3歳1勝クラス,1:11.2,1.1,晴,1.0,1.0,1中山9,3歳未勝利,1:12.9,-0.5,晴,2.0,1.0,1中山2,3歳未勝利,1:12.5,0.1,晴,4.0,2.0,5中山2,2歳未勝利,1:13.4,0.5,晴,4.2,2.0,2026-08-30 03:02:54,jra,2026-08-30,68.83,87.9,53.9,100.0,54.5,56.1,48.8,前走人気以上 / 履歴少 / 安定感
202607030412,2026-08-30,12,サヨノパララックス,4.0,3.0,川須,56.0,,11.0,11.0,2中京6,3歳以上1勝クラス,1:13.3,1.1,晴,8.0,7.0,2中京1,3歳以上1勝クラス,1:08.5,0.9,晴,10.0,12.0,2阪神5,3歳1勝クラス,1:09.3,0.9,晴,5.0,8.0,1阪神10,3歳1勝クラス,1:08.7,0.4,曇,11.0,11.0,2京都3,3歳1勝クラス,1:27.4,2.1,曇,55.6,13.0,2026-08-30 03:11:24,jra,2026-08-30,40.98,34.6,54.1,14.6,35.0,53.5,48.8,履歴少
202601020412,2026-08-30,12,シーンオブドリーム,9.0,6.0,和田陽,55.0,,11.0,8.0,1札幌6,3歳未勝利,1:51.5,4.0,晴,14.0,5.0,1新潟2,3歳未勝利,2:01.8,6.7,晴,,,,,,,,,,,,,,,,,,,,,,58.3,11.0,2026-08-30 02:55:09,jra,2026-08-30,31.28,24.0,23.5,18.0,55.4,37.3,48.8,履歴少 / サンプル少
202604030412,2026-08-30,12,ジェイエルライナー,15.0,8.0,小林脩,56.0,,9.0,6.0,1函館8,3歳以上1勝クラス,1:00.9,2.3,曇,15.0,15.0,2福島1,3歳以上1勝クラス,1:09.4,1.5,晴,1.0,1.0,水沢,C2三組,1:28.9,-0.1,曇,2.0,1.0,水沢,C2四組,1:31.1,0.5,晴,1.0,1.0,盛岡,C2七組,1:13.9,-0.1,晴,61.4,13.0,2026-08-30 03:02:54,jra,2026-08-30,35.62,28.1,43.2,18.5,32.2,48.3,45.5,地方実績を中央換算 / 地方実績中心
202604030412,2026-08-30,12,ジャックナダル,6.0,4.0,川田,56.0,,9.0,12.0,2阪神4,バイオレットS(OP),1:23.5,1.0,晴,1.0,1.0,1東京6,3歳未勝利,1:18.1,-1.0,晴,2.0,1.0,1中山9,3歳未勝利,1:13.2,0.3,晴,9.0,4.0,5東京2,2歳未勝利,1:40.1,2.5,小雨,2.0,6.0,4新潟1,2歳新馬,1:13.3,0.2,曇,3.7,1.0,2026-08-30 03:02:54,jra,2026-08-30,53.32,68.8,52.8,55.0,17.0,56.2,48.8,前走人気以上 / 履歴少
202604030412,2026-08-30,12,スマートブル,9.0,5.0,内田博,58.0,,11.0,10.0,1函館1,3歳以上1勝クラス,1:47.2,1.9,晴,13.0,13.0,2東京7,4歳以上1勝クラス,1:39.3,1.4,晴,10.0,9.0,2東京4,4歳以上1勝クラス,1:39.2,1.2,晴,15.0,9.0,1小倉8,4歳以上1勝クラス,2:49.6,16.0,晴,9.0,8.0,1小倉3,4歳以上1勝クラス,1:46.4,1.2,晴,17.1,7.0,2026-08-30 03:02:54,jra,2026-08-30,32.13,16.3,39.6,0.0,54.5,47.3,48.8,履歴少 / 市場オッズ妙味
202604030412,2026-08-30,12,スリーコーズ,3.0,2.0,岩田望,56.0,,3.0,6.0,2新潟6,3歳以上1勝クラス,1:12.3,0.3,曇,13.0,12.0,2阪神8,3歳1勝クラス,1:12.9,1.3,曇,7.0,4.0,3中山2,3歳1勝クラス,1:12.4,0.6,晴,5.0,9.0,2中山3,3歳1勝クラス,1:11.6,1.2,晴,1.0,1.0,2京都4,3歳未勝利,1:13.7,-0.1,晴,10.7,4.0,2026-08-30 03:02:54,jra,2026-08-30,57.79,57.1,54.6,55.3,71.0,62.0,48.8,前走人気以上 / 履歴少 / 近走上向き
202607030412,2026-08-30,12,タイセイブロウ,13.0,8.0,田口,58.0,,9.0,10.0,2中京3,3歳以上1勝クラス,1:13.3,2.2,晴,6.0,4.0,1阪神5,4歳以上1勝クラス,1:12.6,0.6,晴,5.0,3.0,2京都3,4歳以上1勝クラス,1:12.8,0.5,曇,5.0,4.0,1京都3,4歳以上1勝クラス,1:13.0,0.5,晴,2.0,8.0,5中京6,3歳以上1勝クラス,1:11.7,0.0,雨,19.5,7.0,2026-08-30 03:11:24,jra,2026-08-30,50.15,58.8,49.2,44.7,23.0,63.5,48.8,履歴少 / 市場オッズ妙味
202601020412,2026-08-30,12,タケルフォーカス,13.0,8.0,古川吉,55.0,,3.0,4.0,1札幌7,積丹特別(1勝クラス),2:41.2,0.5,晴,3.0,3.0,1札幌4,3歳以上1勝クラス,2:40.4,1.1,晴,1.0,2.0,1函館10,3歳未勝利,2:44.2,0.0,小雨,5.0,6.0,3阪神5,3歳未勝利,1:48.0,0.7,雨,2.0,8.0,1新潟1,3歳未勝利,2:17.6,0.6,晴,4.8,2.0,2026-08-30 02:55:09,jra,2026-08-30,69.69,85.7,58.9,100.0,48.5,62.5,50.0,安定感
202601020412,2026-08-30,12,タビニュ,8.0,5.0,松本,55.0,,6.0,4.0,2札幌1,3歳未勝利,2:43.4,2.0,晴,3.0,5.0,1札幌6,3歳未勝利,2:43.7,0.2,晴,3.0,3.0,1函館6,3歳未勝利,2:40.1,0.8,晴,4.0,7.0,1函館1,3歳未勝利,2:40.4,0.8,曇,9.0,7.0,1新潟7,3歳未勝利,2:29.6,1.9,晴,41.5,10.0,2026-08-30 02:55:09,jra,2026-08-30,57.03,70.6,50.9,59.3,42.5,56.9,48.8,履歴少 / 市場オッズ妙味
202607030412,2026-08-30,12,ダノンステート,6.0,4.0,角田和,56.0,,7.0,2.0,3中京1,3歳未勝利,1:08.4,0.5,晴,2.0,7.0,2中京2,3歳未勝利,1:08.0,0.2,晴,11.0,10.0,3京都9,3歳未勝利,1:09.2,0.8,曇,6.0,5.0,1阪神9,3歳未勝利,1:35.0,0.4,晴,4.0,3.0,5阪神4,2歳新馬,2:04.3,0.5,晴,26.4,10.0,2026-08-30 03:11:24,jra,2026-08-30,48.99,59.3,45.0,35.3,42.5,52.8,48.8,履歴少 / 市場オッズ妙味
202601020412,2026-08-30,12,テイクザクラウン,12.0,7.0,吉田隼,58.0,,5.0,6.0,1札幌7,積丹特別(1勝クラス),2:42.3,1.6,晴,6.0,5.0,1札幌4,3歳以上1勝クラス,2:40.8,1.5,晴,6.0,5.0,1函館11,3歳以上1勝クラス,2:42.3,1.6,曇,5.0,8.0,3阪神5,3歳以上1勝クラス,2:26.2,0.4,雨,2.0,5.0,1福島2,燧ヶ岳特別(1勝クラス),2:40.2,0.2,晴,33.7,9.0,2026-08-30 02:55:09,jra,2026-08-30,57.55,66.9,54.2,55.3,48.5,59.5,50.0,市場オッズ妙味
202601020412,2026-08-30,12,ディベルティスマン,11.0,7.0,横山典,58.0,,1.0,4.0,2福島1,障害3歳以上未勝利,3:00.2,-0.8,晴,4.0,1.0,1新潟1,障害4歳以上未勝利,3:13.8,1.1,晴,4.0,2.0,3中山3,障害4歳以上未勝利,3:20.5,2.1,雨,2.0,2.0,1小倉7,障害4歳以上未勝利,3:17.9,0.0,曇,5.0,6.0,5中山2,障害3歳以上未勝利,3:21.7,1.4,晴,13.7,8.0,2026-08-30 02:55:09,jra,2026-08-30,69.15,84.8,49.1,100.0,66.5,62.6,48.8,前走人気以上 / 履歴少 / 近走上向き / 安定感
202601020412,2026-08-30,12,ディーリライズ,5.0,4.0,浜中,55.0,,6.0,5.0,1札幌6,石狩特別(1勝クラス),1:49.9,0.3,晴,5.0,3.0,1函館11,湯浜特別(1勝クラス),1:47.8,0.2,小雨,3.0,6.0,1函館5,3歳以上1勝クラス,1:59.8,0.2,晴,8.0,9.0,1函館1,奥尻特別(1勝クラス),2:00.4,0.6,晴,7.0,8.0,1京都2,3歳1勝クラス,1:54.3,1.9,晴,9.6,6.0,2026-08-30 02:55:09,jra,2026-08-30,54.58,63.6,50.3,44.7,48.5,60.9,50.0,総合評価
202601020412,2026-08-30,12,ドンテスタマスター,14.0,8.0,斎藤,55.0,,1.0,2.0,1札幌6,3歳未勝利,2:43.5,-0.2,晴,2.0,2.0,3京都11,3歳未勝利,2:25.7,0.4,晴,3.0,1.0,3京都7,3歳未勝利,2:25.8,0.1,晴,5.0,2.0,2阪神3,3歳未勝利,1:55.7,1.3,小雨,3.0,1.0,1阪神9,3歳未勝利,2:08.2,0.9,晴,9.5,5.0,2026-08-30 02:55:09,jra,2026-08-30,67.84,88.5,44.9,100.0,63.5,55.7,48.8,履歴少 / 安定感
202604030412,2026-08-30,12,ナインオブレター,12.0,7.0,原,58.0,,8.0,14.0,2福島7,3歳以上1勝クラス,1:08.9,0.6,曇,11.0,14.0,1新潟8,4歳以上1勝クラス,1:12.8,1.4,曇,12.0,7.0,1福島1,4歳以上1勝クラス,1:48.4,2.7,晴,8.0,6.0,2中山5,4歳以上1勝クラス,1:12.0,0.7,晴,13.0,9.0,5中山3,3歳以上1勝クラス,1:13.5,1.2,曇,49.2,12.0,2026-08-30 03:02:54,jra,2026-08-30,41.3,27.6,56.1,0.0,68.0,49.6,50.0,前走人気以上 / 近走上向き
202601020412,2026-08-30,12,ニューアライブ,7.0,5.0,石川倭,55.0,,4.0,5.0,門別,千軍万馬OP(OP)(一般),2:56.5,3.5,晴,6.0,7.0,門別,王冠賞〔H2〕(重賞),1:57.7,1.8,曇,6.0,7.0,1函館7,3歳以上1勝クラス,2:41.0,3.4,晴,7.0,5.0,門別,北海優駿〔H1〕(重賞),2:11.5,2.9,晴,5.0,3.0,門別,キタコブシ特別(B4),1:51.8,1.6,曇,119.8,14.0,2026-08-30 02:55:09,jra,2026-08-30,42.99,36.8,51.6,20.1,51.0,50.3,47.3,地方実績を中央換算 / クラス条件好転 / 地方実績中心
202601020412,2026-08-30,12,ノリマル,1.0,1.0,丹内,55.0,,2.0,2.0,2福島7,開成山特別(1勝クラス),2:41.9,0.3,曇,1.0,7.0,1函館6,3歳未勝利,2:39.3,-0.2,晴,3.0,5.0,1函館1,3歳未勝利,2:40.4,0.8,曇,4.0,5.0,1新潟7,3歳未勝利,2:28.2,0.5,晴,7.0,1.0,1小倉7,3歳未勝利,2:01.7,1.0,曇,7.1,3.0,2026-08-30 02:55:09,jra,2026-08-30,69.91,85.9,59.9,89.7,60.5,60.3,50.0,安定感
202601020412,2026-08-30,12,ハバタクジユウニ,2.0,2.0,川又,53.0,,9.0,14.0,1札幌6,3歳未勝利,2:44.2,0.7,晴,15.0,8.0,2阪神5,3歳未勝利,1:56.3,3.0,晴,7.0,4.0,4京都8,2歳新馬,2:04.2,1.9,晴,,,,,,,,,,,,,,,105.2,13.0,2026-08-30 02:55:09,jra,2026-08-30,36.77,28.3,42.4,0.0,62.0,45.5,48.8,前走人気以上 / 履歴少
202607030412,2026-08-30,12,パワポケビー,14.0,8.0,中井,56.0,,12.0,11.0,4阪神9,障害3歳以上未勝利,3:31.9,7.1,晴,11.0,14.0,3阪神3,3歳以上1勝クラス,1:11.3,1.1,雨,14.0,12.0,2京都3,4歳以上1勝クラス,1:14.6,3.0,晴,8.0,3.0,園田,JRA交流藻川特別,1:36.9,5.8,曇,7.0,3.0,4中京1,3歳以上1勝クラス,1:13.3,1.0,曇,98.1,14.0,2026-08-30 03:11:24,jra,2026-08-30,31.69,17.7,44.5,0.0,38.0,45.1,51.8,クラス条件好転 / 履歴少
202607030412,2026-08-30,12,ヒルノプーリア,11.0,7.0,秋山稔,54.0,,2.0,1.0,1阪神9,3歳1勝クラス,1:23.9,0.1,晴,2.0,7.0,1阪神2,3歳1勝クラス,1:24.2,0.0,晴,3.0,5.0,2京都2,3歳1勝クラス,1:25.9,0.4,晴,11.0,12.0,5東京7,カトレアS(OP),1:40.2,2.8,曇,1.0,4.0,4京都2,2歳新馬,1:24.9,-0.4,雨,3.0,1.0,2026-08-30 03:11:24,jra,2026-08-30,68.93,80.7,62.6,85.4,63.5,61.2,48.8,履歴少 / 安定感
202604030412,2026-08-30,12,マルターズドン,11.0,6.0,嶋田,56.0,,17.0,11.0,3東京3,3歳以上1勝クラス,1:22.8,2.1,晴,14.0,6.0,3中山5,3歳1勝クラス,1:13.5,3.4,晴,1.0,2.0,2中山7,3歳未勝利,1:12.1,-0.3,晴,2.0,6.0,1東京8,3歳未勝利,1:26.4,0.2,晴,11.0,7.0,5中山5,2歳未勝利,1:58.4,3.1,曇,17.1,8.0,2026-08-30 03:02:54,jra,2026-08-30,31.4,35.2,25.9,34.3,0.0,45.2,48.8,履歴少 / 市場オッズ妙味
202607030412,2026-08-30,12,ミスヘンリー,7.0,5.0,△柴田裕,52.0,,9.0,10.0,2中京1,3歳以上1勝クラス,1:26.2,1.9,晴,13.0,14.0,3京都5,3歳1勝クラス,1:12.9,1.4,晴,1.0,2.0,2阪神6,3歳未勝利,1:12.4,-0.2,晴,4.0,7.0,1阪神8,3歳未勝利,1:13.3,0.5,曇,3.0,5.0,2京都5,3歳未勝利,1:14.4,1.8,晴,22.7,8.0,2026-08-30 03:11:24,jra,2026-08-30,50.9,51.5,59.8,44.7,27.5,61.5,48.8,履歴少 / 市場オッズ妙味
202601020412,2026-08-30,12,ミッドタウンナイト,6.0,4.0,荻野琢,56.0,,9.0,7.0,1札幌7,積丹特別(1勝クラス),2:43.0,2.3,晴,5.0,9.0,2小倉5,英彦山特別(1勝クラス),2:41.1,1.4,晴,7.0,9.0,3阪神1,3歳以上1勝クラス,2:13.9,0.9,晴,11.0,6.0,1新潟5,石打特別(1勝クラス),1:48.1,1.2,晴,13.0,7.0,1小倉8,4歳以上1勝クラス,2:03.1,2.0,晴,73.1,12.0,2026-08-30 02:55:09,jra,2026-08-30,43.15,41.5,46.0,24.9,50.0,46.4,50.0,前走人気以上
202607030412,2026-08-30,12,メラヴィリオーザ,9.0,6.0,▲川端,53.0,,12.0,14.0,1札幌6,3歳以上1勝クラス,1:10.3,1.6,晴,6.0,12.0,1函館11,3歳以上1勝クラス,1:09.8,0.4,小雨,7.0,13.0,3京都10,4歳以上1勝クラス,1:21.2,0.9,晴,9.0,9.0,3京都7,4歳以上1勝クラス,1:13.3,0.7,晴,7.0,8.0,2阪神1,4歳以上1勝クラス,1:25.5,1.1,晴,45.5,12.0,2026-08-30 03:11:24,jra,2026-08-30,44.83,39.5,73.7,0.0,21.5,60.7,50.0,前走人気以上 / 人気以上に走る傾向
202607030412,2026-08-30,12,モノノケ,5.0,4.0,酒井,54.0,,6.0,8.0,1札幌5,3歳未勝利,1:09.9,0.4,曇,2.0,12.0,1札幌2,3歳未勝利,1:09.2,0.1,晴,11.0,14.0,1函館6,3歳未勝利,1:47.9,1.9,晴,8.0,10.0,1函館1,3歳未勝利,0:59.5,1.7,曇,9.0,10.0,2阪神6,3歳未勝利,1:14.1,1.7,晴,23.3,9.0,2026-08-30 03:11:24,jra,2026-08-30,58.59,55.3,78.6,24.9,59.0,66.4,48.8,履歴少 / 人気以上に走る傾向 / 過小評価傾向 / 市場オッズ妙味
202601020412,2026-08-30,12,モルビド,3.0,3.0,小沢,56.0,,6.0,5.0,1函館9,北斗特別(1勝クラス),2:01.4,1.4,曇,3.0,10.0,1函館4,遊楽部特別(1勝クラス),2:00.0,0.3,小雨,7.0,7.0,1福島4,4歳以上1勝クラス,2:00.4,1.1,晴,12.0,11.0,1小倉2,4歳以上1勝クラス,2:01.2,1.2,晴,10.0,7.0,2札幌1,3歳以上1勝クラス,1:50.7,1.1,晴,12.0,7.0,2026-08-30 02:55:09,jra,2026-08-30,52.52,54.1,56.9,24.9,62.0,59.2,50.0,市場オッズ妙味
202604030412,2026-08-30,12,ラベンダーヘイズ,14.0,8.0,小崎,56.0,,14.0,10.0,3東京3,3歳以上1勝クラス,1:22.1,1.4,晴,7.0,17.0,2東京3,3歳1勝クラス,1:21.8,0.6,晴,1.0,7.0,3中山5,3歳未勝利,1:10.9,-0.4,晴,11.0,12.0,1東京7,3歳未勝利,1:36.0,1.9,晴,7.0,13.0,5東京2,2歳未勝利,1:22.4,0.9,小雨,11.6,6.0,2026-08-30 03:02:54,jra,2026-08-30,45.86,41.0,72.6,19.8,5.0,65.1,48.8,履歴少 / 人気以上に走る傾向 / 過小評価傾向
202607030412,2026-08-30,12,ラヴネヴァーダイズ,12.0,7.0,松山,56.0,,3.0,1.0,2中京6,3歳以上1勝クラス,1:12.3,0.1,晴,3.0,7.0,3阪神4,3歳以上1勝クラス,1:12.4,0.1,曇,1.0,1.0,1阪神9,3歳未勝利,1:13.3,-0.2,晴,2.0,1.0,1阪神2,3歳未勝利,1:13.2,0.7,晴,4.0,1.0,1京都8,3歳未勝利,1:14.6,0.5,晴,4.2,2.0,2026-08-30 03:11:24,jra,2026-08-30,66.58,87.5,49.5,100.0,47.0,54.8,48.8,履歴少 / 安定感
202607030412,2026-08-30,12,レジェンダリーデイ,8.0,5.0,菱田,58.0,,3.0,8.0,1福島6,4歳以上1勝クラス,1:09.6,0.1,晴,4.0,3.0,園田,JRA交流藻川特別,1:30.8,0.7,曇,12.0,2.0,2京都5,4歳以上1勝クラス,1:14.1,1.4,晴,9.0,3.0,1小倉4,4歳以上1勝クラス,0:59.7,1.0,曇,2.0,9.0,3福島3,3歳以上1勝クラス,1:09.1,0.1,晴,27.9,11.0,2026-08-30 03:11:24,jra,2026-08-30,53.68,53.6,44.7,55.2,72.5,53.0,51.8,クラス条件好転 / 前走人気以上 / 履歴少 / 近走上向き
202601020412,2026-08-30,12,ワンダフルデイズ,10.0,6.0,横山武,55.0,,4.0,2.0,1札幌4,3歳以上1勝クラス,2:40.7,1.4,晴,2.0,4.0,1函館11,3歳以上1勝クラス,2:40.9,0.2,曇,6.0,2.0,3阪神1,3歳以上1勝クラス,2:13.9,0.9,晴,3.0,7.0,3京都7,あずさ賞(1勝クラス),1:58.0,0.1,晴,9.0,6.0,2阪神5,3歳1勝クラス,1:52.2,2.2,晴,7.1,4.0,2026-08-30 02:55:09,jra,2026-08-30,59.63,73.9,45.6,69.9,56.0,56.4,50.0,安定感
202607030412,2026-08-30,12,ヴォンドゥ,1.0,1.0,▲森田,51.0,,5.0,3.0,2中京6,3歳以上1勝クラス,1:12.4,0.2,晴,4.0,8.0,2阪神8,3歳1勝クラス,1:11.9,0.3,曇,1.0,5.0,1阪神10,3歳未勝利,1:12.9,-0.3,晴,9.0,3.0,1小倉3,3歳未勝利,1:00.1,1.2,晴,2.0,3.0,1中山5,3歳新馬,1:13.9,0.0,晴,11.4,5.0,2026-08-30 03:11:24,jra,2026-08-30,62.39,74.1,52.9,85.4,44.0,61.0,48.8,履歴少 / 安定感
202635083001,2026-08-30,1,アドマイヤハイジ,9.0,8.0,大坪慎,54.0,,5.0,6.0,盛岡,C2八組,1:16.4,2.0,晴,7.0,8.0,盛岡,C2九組,1:15.3,3.1,曇,6.0,6.0,盛岡,C2八組,1:17.2,2.9,曇,9.0,8.0,盛岡,C2八組,1:18.5,4.2,曇,10.0,10.0,水沢,C2,0:56.2,3.3,曇,57.2,7.0,,nar,2026-08-30,51.87,53.6,52.9,30.4,68.0,53.3,49.0,近走上向き
202665083001,2026-08-30,1,イワキミハル,9.0,8.0,中村太陽,590.0,,,,,,,,,,,,,,,,,,,,,,,,,,,,,,,,,,,,,,,,nar,2026-08-30,36.18,35.0,35.0,35.0,35.0,35.0,46.8,履歴少
202655083001,2026-08-30,1,ウィザードオブマリ,2.0,2.0,長谷川蓮,54.0,,2.0,2.0,佐賀,SAGAリベンジャー(C2),0:57.0,0.2,晴,9.0,3.0,佐賀,SAGAリベンジャー(3歳),1:35.0,3.4,晴,15.0,14.0,2東京6,3歳未勝利,1:29.4,3.1,晴,8.0,15.0,3中山7,3歳未勝利,1:13.6,1.5,曇,9.0,16.0,3中山3,3歳未勝利,1:14.7,2.6,雨,9.9,5.0,,nar,2026-08-30,54.26,47.1,50.4,30.4,99.5,58.9,51.5,佐賀実績 / 近走上向き
202655083001,2026-08-30,1,エクスプロウド,1.0,1.0,石川慎将,56.0,,2.0,2.0,佐賀,C2ー30組,1:32.4,0.6,晴,17.0,18.0,3阪神6,3歳未勝利,1:24.5,3.7,晴,13.0,13.0,1中京3,3歳未勝利,1:22.4,1.3,晴,14.0,9.0,5阪神1,2歳未勝利,1:16.2,3.3,晴,11.0,10.0,4阪神8,2歳未勝利,1:10.7,1.6,晴,2.3,1.0,,nar,2026-08-30,46.85,30.8,45.9,30.4,100.0,47.7,48.8,履歴少 / 近走上向き
202655083001,2026-08-30,1,オグナ,10.0,8.0,川島拓,56.0,,12.0,7.0,高知,ファイナルレース(3歳),1:28.5,2.7,晴,4.0,3.0,高知,3歳ー4,1:49.0,0.4,晴,8.0,4.0,高知,3歳ー5,1:33.3,1.3,曇,3.0,8.0,高知,3歳ー7,1:25.4,0.0,晴,9.0,2.0,高知,3歳ー7,1:33.8,2.8,雨,10.5,6.0,,nar,2026-08-30,38.9,47.3,32.1,39.5,14.0,46.7,50.0,総合評価
202655083001,2026-08-30,1,オーケーグリット,3.0,3.0,山口勲,56.0,,7.0,1.0,佐賀,C2ー23組,1:28.1,2.2,曇,12.0,11.0,2福島3,3歳未勝利,2:41.4,2.2,曇,11.0,11.0,1新潟7,3歳未勝利,2:30.3,2.6,晴,5.0,10.0,2東京5,3歳未勝利,2:27.0,0.9,晴,11.0,10.0,1福島4,3歳未勝利,1:50.0,3.7,晴,9.1,4.0,,nar,2026-08-30,41.1,34.7,39.9,14.6,66.5,50.5,50.0,近走上向き
202635083001,2026-08-30,1,カットビホッキマン,6.0,6.0,小林凌,56.0,,3.0,4.0,盛岡,C2八組,1:15.5,1.1,晴,3.0,6.0,盛岡,C2九組,1:14.5,2.3,曇,7.0,7.0,盛岡,C2七組,1:16.3,2.0,曇,6.0,7.0,盛岡,C2八組,1:16.3,2.0,曇,8.0,7.0,水沢,C2,0:52.9,1.9,雨,9.6,4.0,,nar,2026-08-30,62.11,70.0,57.7,55.3,68.0,62.2,51.5,盛岡実績 / 近走上向き
202635083001,2026-08-30,1,カリスティア,3.0,3.0,関本玲花,52.0,,5.0,7.0,盛岡,C2七組,1:14.9,1.2,晴,5.0,5.0,盛岡,C2八組,1:15.9,1.4,曇,5.0,6.0,盛岡,C2八組,1:14.7,1.6,小雨,5.0,9.0,盛岡,C2七組,1:16.0,1.7,曇,8.0,10.0,盛岡,C2七組,1:16.2,1.1,曇,11.3,6.0,,nar,2026-08-30,65.04,65.5,61.2,89.7,54.5,66.2,54.5,盛岡実績 / 前走人気以上 / 安定感 / 過小評価傾向
202665083001,2026-08-30,1,クリスタルクロリス,2.0,2.0,長澤幸太,590.0,,,,,,,,,,,,,,,,,,,,,,,,,,,,,,,,,,,,,,,,nar,2026-08-30,36.0,35.0,35.0,35.0,35.0,35.0,45.0,履歴少
202635083001,2026-08-30,1,グレースアイリス,4.0,4.0,塚本涼人,54.0,,7.0,7.0,盛岡,C2八組,1:17.0,2.6,晴,7.0,8.0,盛岡,C2八組,1:16.7,2.2,曇,6.0,7.0,盛岡,C2九組,1:16.5,4.9,曇,5.0,4.0,盛岡,C2八組,1:16.6,2.3,曇,7.0,5.0,盛岡,C2八組,1:17.1,2.8,曇,76.6,10.0,,nar,2026-08-30,47.15,55.9,50.7,14.6,45.5,52.0,48.5,総合評価
202665083001,2026-08-30,1,ゴールドダイ,8.0,8.0,赤塚健仁,610.0,,,,,,,,,,,,,,,,,,,,,,,,,,,,,,,,,,,,,,,,nar,2026-08-30,36.0,35.0,35.0,35.0,35.0,35.0,45.0,履歴少
202635083001,2026-08-30,1,サクラトップスカイ,1.0,1.0,菅原辰徳,56.0,,2.0,2.0,盛岡,C2八組,1:14.6,0.9,曇,7.0,5.0,盛岡,C2,1:02.1,2.0,晴,3.0,9.0,盛岡,C2,1:01.4,0.7,曇,7.0,10.0,盛岡,C2,1:02.0,2.5,曇,10.0,5.0,盛岡,C2,1:02.8,2.0,晴,5.5,3.0,,nar,2026-08-30,60.65,68.0,54.3,50.2,78.5,58.6,49.6,履歴少 / 近走上向き
202665083001,2026-08-30,1,ジュエリービーチ,4.0,4.0,臼杵龍美,600.0,,,,,,,,,,,,,,,,,,,,,,,,,,,,,,,,,,,,,,,,nar,2026-08-30,36.18,35.0,35.0,35.0,35.0,35.0,46.8,履歴少
202655083001,2026-08-30,1,ダイメイハマダ,7.0,6.0,出水拓人,56.0,,2.0,6.0,佐賀,C2ー28組,1:34.9,0.9,晴,9.0,11.0,佐賀,C2ー14組,1:28.3,2.7,曇,10.0,7.0,門別,3歳以上C4ー3,1:04.8,2.6,晴,6.0,11.0,門別,3歳以上C4ー3,1:03.6,1.7,曇,11.0,13.0,門別,グランシャリオドリー(C4),1:18.6,3.2,晴,50.0,8.0,,nar,2026-08-30,58.47,53.3,64.4,30.4,92.0,59.1,51.2,佐賀実績 / 前走人気以上 / 履歴少 / 近走上向き
202655083001,2026-08-30,1,ツーエムルーイー,6.0,6.0,後藤武蔵,51.0,,3.0,1.0,佐賀,C2ー25組,1:28.1,1.0,曇,3.0,6.0,佐賀,C2ー14組,1:26.6,1.0,曇,9.0,9.0,浦和,特選(C3),1:41.5,2.5,晴,7.0,11.0,川崎,C3一　二,1:34.3,1.5,晴,9.0,9.0,浦和,毎月19日は地産地消(C3),1:40.1,3.0,曇,22.7,7.0,,nar,2026-08-30,61.19,64.9,55.1,55.3,74.0,59.5,59.5,佐賀実績 / 履歴少 / 近走上向き / 市場オッズ妙味
202655083001,2026-08-30,1,テーオーレックス,11.0,8.0,山田義貴,56.0,,14.0,13.0,2小倉8,3歳未勝利,1:55.8,8.1,晴,13.0,9.0,3京都11,2歳未勝利,1:57.8,4.2,晴,5.0,6.0,3京都3,2歳未勝利,1:50.0,2.0,曇,12.0,12.0,4阪神6,2歳新馬,1:37.2,2.1,曇,,,2札幌5,2歳新馬,,,晴,6.8,3.0,,nar,2026-08-30,32.32,18.0,41.4,19.8,26.0,48.9,50.0,総合評価
202635083001,2026-08-30,1,ディーファンクス,7.0,7.0,斉藤友香,52.0,,6.0,3.0,盛岡,C2八組,1:16.4,2.0,晴,4.0,8.0,盛岡,C2八組,1:13.6,0.5,曇,6.0,8.0,盛岡,C2七組,1:16.2,1.9,曇,4.0,6.0,盛岡,C2八組,1:16.1,1.8,曇,8.0,6.0,水沢,C2九組,1:24.7,1.6,雨,10.7,5.0,,nar,2026-08-30,54.92,64.7,54.0,39.5,47.0,59.5,51.5,盛岡実績
202635083001,2026-08-30,1,トリクロマティック,10.0,8.0,阿部英俊,56.0,,7.0,2.0,水沢,C2五組,1:23.6,0.7,晴,2.0,1.0,水沢,C2六組,1:25.4,0.2,晴,6.0,2.0,水沢,C2四組,1:31.3,1.7,曇,1.0,2.0,水沢,3歳C2四組,1:22.9,-0.2,晴,2.0,4.0,盛岡,3歳C2五組,1:13.9,0.1,曇,2.3,1.0,,nar,2026-08-30,49.86,74.7,34.6,49.8,24.5,49.0,48.8,履歴少
202665083001,2026-08-30,1,ハゴロモコスモス,7.0,7.0,西将太,610.0,,,,,,,,,,,,,,,,,,,,,,,,,,,,,,,,,,,,,,,,nar,2026-08-30,36.0,35.0,35.0,35.0,35.0,35.0,45.0,履歴少
202665083001,2026-08-30,1,ハゴロモリュウセイ,5.0,5.0,西謙一,590.0,,,,,,,,,,,,,,,,,,,,,,,,,,,,,,,,,,,,,,,,nar,2026-08-30,36.18,35.0,35.0,35.0,35.0,35.0,46.8,履歴少
202635083001,2026-08-30,1,バララララララ,8.0,7.0,山本政聡,54.0,,6.0,3.0,盛岡,C2七組,1:15.4,1.6,曇,2.0,2.0,盛岡,C2八組,1:14.7,0.3,晴,3.0,3.0,盛岡,C2八組,1:15.5,1.0,曇,4.0,3.0,盛岡,C2九組,1:14.2,2.6,曇,2.0,2.0,盛岡,C2八組,1:14.6,0.3,曇,3.5,2.0,,nar,2026-08-30,57.0,78.4,42.6,69.6,30.5,52.7,54.5,盛岡実績 / 安定感
202665083001,2026-08-30,1,ヒロインカレン,1.0,1.0,村上章,590.0,,,,,,,,,,,,,,,,,,,,,,,,,,,,,,,,,,,,,,,,nar,2026-08-30,36.18,35.0,35.0,35.0,35.0,35.0,46.8,履歴少 / 前走人気以上
202665083001,2026-08-30,1,ビックストーン,3.0,3.0,船山蔵人,610.0,,,,,,,,,,,,,,,,,,,,,,,,,,,,,,,,,,,,,,,,nar,2026-08-30,36.0,35.0,35.0,35.0,35.0,35.0,45.0,履歴少
202655083001,2026-08-30,1,ブラダマンテ,8.0,7.0,山下裕貴,54.0,,4.0,5.0,佐賀,C2ー24組,1:27.7,1.4,曇,10.0,7.0,佐賀,3歳ー9組,1:36.4,5.8,晴,6.0,4.0,佐賀,3歳ー9組,1:27.1,1.7,曇,4.0,2.0,佐賀,3歳ー8組,1:26.3,0.5,晴,5.0,4.0,佐賀,SAGAリベンジャー(3歳),1:33.4,2.6,小雨,73.7,10.0,,nar,2026-08-30,53.1,60.0,41.4,55.3,63.5,49.0,52.5,佐賀実績
202655083001,2026-08-30,1,ヘルメステソーロ,4.0,4.0,田中純,56.0,,4.0,3.0,佐賀,C2ー25組,1:28.2,1.1,曇,11.0,6.0,佐賀,3歳ー9組,1:36.4,5.8,晴,7.0,2.0,佐賀,3歳ー10組,1:27.3,2.8,晴,2.0,3.0,佐賀,SAGAリベンジャー(3歳),1:25.7,0.0,曇,,,,,,,,55.6,9.0,,nar,2026-08-30,48.51,57.7,31.3,45.0,66.0,45.4,51.5,佐賀実績 / 近走上向き
202635083001,2026-08-30,1,ポイントバック,5.0,5.0,南郷家全,56.0,,7.0,8.0,盛岡,C2八組,1:17.4,3.7,曇,8.0,8.0,盛岡,C2九組,1:17.0,5.4,曇,8.0,9.0,盛岡,C2八組,1:17.5,3.2,曇,10.0,9.0,盛岡,C2八組,1:16.7,3.5,雨,9.0,5.0,盛岡,C2九組,1:17.5,3.5,晴,66.5,8.0,,nar,2026-08-30,42.88,43.3,49.6,0.0,60.5,49.6,46.5,総合評価
202665083001,2026-08-30,1,マオ,6.0,6.0,今井千尋,580.0,,,,,,,,,,,,,,,,,,,,,,,,,,,,,,,,,,,,,,,,nar,2026-08-30,36.18,35.0,35.0,35.0,35.0,35.0,46.8,履歴少
202655083001,2026-08-30,1,ユレマー,5.0,5.0,椿聡太,51.0,,6.0,6.0,佐賀,C2ー23組,1:28.0,2.1,曇,9.0,5.0,佐賀,SAGAリベンジャー(C2),1:37.6,3.2,曇,3.0,2.0,佐賀,SAGAリベンジャー(C2),2:04.5,1.4,晴,3.0,6.0,佐賀,SAGAリベンジャー(C2),1:35.9,1.7,曇,11.0,9.0,佐賀,SAGAリベンジャー(C2),1:36.0,2.3,晴,259.0,11.0,,nar,2026-08-30,49.1,58.1,43.3,34.3,53.0,50.0,49.6,履歴少
202635083001,2026-08-30,1,ラストパラダイス,2.0,2.0,鈴木祐,56.0,,8.0,7.0,盛岡,C2八組,1:18.2,4.5,曇,8.0,8.0,盛岡,C2八組,1:18.6,4.2,晴,9.0,9.0,盛岡,C2八組,1:18.7,4.2,曇,9.0,9.0,盛岡,C2九組,1:18.4,6.2,曇,9.0,8.0,盛岡,C2九組,1:17.2,5.6,曇,69.0,9.0,,nar,2026-08-30,40.78,40.4,47.1,0.0,54.5,49.6,46.5,総合評価
202655083001,2026-08-30,1,ルプルミエラムール,9.0,7.0,竹吉徹,54.0,,2.0,1.0,佐賀,SAGAリベンジャー(C2),1:33.8,0.6,曇,11.0,12.0,2福島1,3歳未勝利,1:49.9,3.5,晴,11.0,14.0,2東京8,3歳未勝利,1:41.2,2.5,晴,15.0,10.0,2中山1,3歳未勝利,1:14.9,3.1,晴,14.0,4.0,5中山2,2歳新馬,1:12.1,2.7,晴,3.9,2.0,,nar,2026-08-30,46.92,36.9,41.4,30.4,100.0,43.7,48.8,履歴少 / 近走上向き
202655083002,2026-08-30,2,アシャカルー,8.0,6.0,川島拓,56.0,,5.0,7.0,佐賀,SAGAリベンジャー(3歳),0:56.6,1.1,晴,10.0,7.0,佐賀,パッカルくんのおとし(3歳),1:37.8,4.6,曇,,,佐賀,SAGAリベンジャー(3歳),,,雨,13.0,14.0,1阪神4,3歳未勝利,1:28.3,2.2,晴,9.0,12.0,2京都1,3歳未勝利,1:28.3,2.7,曇,31.4,8.0,,nar,2026-08-30,50.23,39.8,52.8,30.4,84.0,54.1,51.2,佐賀実績 / 履歴少 / 近走上向き
202635083002,2026-08-30,2,アルデムラータ,1.0,1.0,小林凌,54.0,,5.0,4.0,盛岡,C2七組,1:14.9,1.1,曇,6.0,6.0,盛岡,C2六組,1:15.1,2.0,曇,4.0,5.0,盛岡,C2七組,1:13.8,1.1,曇,3.0,4.0,盛岡,C2八組,1:14.2,1.1,小雨,6.0,5.0,盛岡,C2七組,1:14.5,0.5,雨,23.1,9.0,,nar,2026-08-30,58.0,69.1,49.6,64.7,48.5,56.3,52.9,盛岡実績 / 履歴少 / 安定感 / 市場オッズ妙味
202635083002,2026-08-30,2,アンテニトルス,9.0,8.0,斉藤友香,50.0,,3.0,2.0,盛岡,C2七組,1:14.7,0.9,曇,2.0,2.0,盛岡,C2八組,1:14.5,0.0,曇,2.0,6.0,盛岡,C2八組,1:13.3,0.2,曇,8.0,6.0,盛岡,C2七組,1:16.3,2.0,曇,8.0,4.0,盛岡,C2八組,1:15.3,2.1,雨,2.5,1.0,,nar,2026-08-30,62.33,77.6,48.5,75.1,62.0,51.9,52.5,盛岡実績 / 安定感
202635083002,2026-08-30,2,アンニンドウフ,6.0,6.0,佐々木志,56.0,,11.0,9.0,大井,ハーレーダビッドソン(C1),1:16.0,4.0,晴,11.0,12.0,大井,カイピリーニャ賞(C1四),1:29.5,2.3,曇,13.0,7.0,大井,印西市コスモス賞(C1四),1:15.3,2.8,曇,13.0,11.0,大井,C1二　三四(C1三),1:46.1,2.1,雨,11.0,10.0,大井,トーラス特別競走(C1),1:49.2,3.3,曇,3.5,2.0,,nar,2026-08-30,30.68,14.5,36.4,0.0,56.0,44.9,48.8,履歴少
202655083002,2026-08-30,2,イケノエナガチャン,12.0,8.0,飛田愛斗,54.0,,5.0,8.0,佐賀,SAGAリベンジャー(C2),1:34.3,1.1,曇,8.0,6.0,園田,3歳C2,1:37.2,2.8,雨,6.0,8.0,園田,3歳C2,1:34.8,2.8,晴,9.0,3.0,園田,3歳C2二,1:37.6,3.1,晴,,,,,,,,16.5,7.0,,nar,2026-08-30,51.45,54.4,49.5,30.4,66.0,56.5,48.8,前走人気以上 / 履歴少 / 近走上向き / 市場オッズ妙味
202665083002,2026-08-30,2,イワキニセイ,10.0,8.0,吉田理人,490.0,,,,,,,,,,,,,,,,,,,,,,,,,,,,,,,,,,,,,,,,nar,2026-08-30,36.0,35.0,35.0,35.0,35.0,35.0,45.0,履歴少
202635083002,2026-08-30,2,カゼヨウビ,8.0,7.0,大坪慎,54.0,,7.0,7.0,盛岡,C2七組,1:15.6,1.8,曇,8.0,9.0,盛岡,C2六組,1:15.6,2.5,曇,9.0,4.0,盛岡,C2七組,1:14.4,1.7,曇,2.0,1.0,盛岡,C2八組,1:14.1,1.0,小雨,4.0,5.0,盛岡,C2七組,1:15.7,1.4,曇,37.6,10.0,,nar,2026-08-30,46.57,55.2,44.5,24.9,42.5,52.1,50.5,市場オッズ妙味
202665083002,2026-08-30,2,キタサカエルイ,8.0,7.0,今井千尋,470.0,,,,,,,,,,,,,,,,,,,,,,,,,,,,,,,,,,,,,,,,nar,2026-08-30,36.18,35.0,35.0,35.0,35.0,35.0,46.8,履歴少
202655083002,2026-08-30,2,キタノガイヤール,5.0,5.0,山口勲,54.0,,5.0,7.0,佐賀,C2ー28組,1:35.5,1.5,晴,15.0,15.0,3阪神5,3歳未勝利,1:16.5,3.8,曇,,,,,,,,,,,,,,,,,,,,,,9.0,6.0,,nar,2026-08-30,47.71,38.5,49.7,34.7,73.0,51.3,48.8,履歴少 / サンプル少 / 近走上向き
202655083002,2026-08-30,2,キャッチミークライ,2.0,2.0,出水拓人,54.0,,4.0,6.0,佐賀,SAGAリベンジャー(C2),1:34.1,0.9,曇,17.0,14.0,2小倉2,3歳未勝利,1:11.3,2.3,曇,12.0,12.0,1福島3,3歳未勝利,1:10.2,1.1,晴,,,,,,,,,,,,,,,4.2,2.0,,nar,2026-08-30,48.78,33.9,48.7,30.4,100.0,50.5,48.8,履歴少 / 近走上向き
202635083002,2026-08-30,2,クインズミラ,10.0,8.0,鈴木祐,54.0,,6.0,4.0,盛岡,C2七組,1:15.0,1.3,晴,7.0,3.0,盛岡,C2八組,1:14.0,0.9,曇,3.0,3.0,盛岡,C2七組,1:15.3,1.0,曇,4.0,5.0,盛岡,C2五組,1:28.4,1.3,曇,6.0,3.0,水沢,C2六組,1:29.7,0.9,小雨,8.6,3.0,,nar,2026-08-30,49.03,65.1,37.6,34.3,44.0,51.7,51.5,盛岡実績
202635083002,2026-08-30,2,クレーンパーディタ,4.0,4.0,菅原辰徳,54.0,,7.0,7.0,盛岡,C2六組,1:15.2,2.2,晴,9.0,6.0,盛岡,C2六組,1:15.5,2.3,曇,4.0,6.0,盛岡,C2六組,1:14.8,0.6,曇,7.0,7.0,水沢,C2五組,1:30.2,1.1,小雨,10.0,6.0,水沢,C2五組,1:25.9,1.3,曇,15.9,7.0,,nar,2026-08-30,46.15,50.3,44.6,19.8,53.0,55.6,48.5,履歴少 / 市場オッズ妙味
202655083002,2026-08-30,2,ケイツーコルーニ,6.0,5.0,青海大樹,53.0,,5.0,5.0,佐賀,C2ー27組,1:29.4,2.2,晴,6.0,7.0,佐賀,C2ー17組,1:34.3,1.4,晴,10.0,12.0,佐賀,C2ー14組,1:29.1,3.5,曇,7.0,4.0,佐賀,C2ー13組,1:28.3,4.4,晴,8.0,8.0,笠松,道子・穂波・知子頑張(C),1:35.0,3.2,曇,87.8,11.0,,nar,2026-08-30,51.16,53.3,51.4,30.4,66.5,52.6,49.0,近走上向き
202655083002,2026-08-30,2,ケイツースクード,3.0,3.0,中山蓮王,56.0,,5.0,7.0,佐賀,SAGAリベンジャー(C2),0:58.2,1.4,晴,7.0,4.0,佐賀,SAGAリベンジャー(3歳),0:57.1,1.6,晴,7.0,5.0,佐賀,パッカルくんのおとし(3歳),1:35.7,2.5,曇,,,佐賀,SAGAリベンジャー(3歳),,,雨,16.0,17.0,2東京8,3歳未勝利,1:48.9,1.8,晴,48.6,10.0,,nar,2026-08-30,51.07,51.4,46.5,30.4,80.0,53.1,48.5,履歴少 / 近走上向き / 市場オッズ妙味
202665083002,2026-08-30,2,コマサンブロッサム,3.0,3.0,中原蓮,480.0,,,,,,,,,,,,,,,,,,,,,,,,,,,,,,,,,,,,,,,,nar,2026-08-30,36.0,35.0,35.0,35.0,35.0,35.0,45.0,履歴少
202635083002,2026-08-30,2,ジョードプル,5.0,5.0,岩本怜,56.0,,2.0,6.0,盛岡,C2七組,1:14.6,0.8,曇,5.0,6.0,盛岡,C2七組,1:15.3,1.0,曇,8.0,8.0,盛岡,C2七組,1:14.3,1.6,曇,6.0,7.0,盛岡,C2七組,1:14.6,0.8,小雨,4.0,9.0,盛岡,C2六組,1:15.1,0.6,曇,9.6,4.0,,nar,2026-08-30,66.41,70.2,64.9,65.7,72.5,66.8,52.5,盛岡実績 / 前走人気以上 / 近走上向き / 安定感
202655083002,2026-08-30,2,ジョーマゴス,7.0,6.0,石川慎将,54.0,,4.0,1.0,佐賀,SAGAリベンジャー(C2),0:57.5,0.7,晴,6.0,12.0,佐賀,SAGAリベンジャー(3歳),1:33.9,2.3,晴,12.0,15.0,3京都10,3歳未勝利,1:59.5,5.1,晴,7.0,6.0,笠松,関ヶ原宿特別(3歳),1:32.6,3.3,雨,13.0,13.0,5阪神3,2歳新馬,1:29.8,3.2,晴,8.6,5.0,,nar,2026-08-30,54.08,48.4,57.2,30.4,83.0,57.4,51.5,佐賀実績 / 前走人気以上 / 近走上向き
202665083002,2026-08-30,2,ディーエフアレス,1.0,1.0,島津新,500.0,,,,,,,,,,,,,,,,,,,,,,,,,,,,,,,,,,,,,,,,nar,2026-08-30,36.0,35.0,35.0,35.0,35.0,35.0,45.0,履歴少
202665083002,2026-08-30,2,トカチキャップ,7.0,7.0,西謙一,480.0,,,,,,,,,,,,,,,,,,,,,,,,,,,,,,,,,,,,,,,,nar,2026-08-30,36.0,35.0,35.0,35.0,35.0,35.0,45.0,履歴少
202655083002,2026-08-30,2,トルマリンテソーロ,10.0,7.0,田中直人,54.0,,4.0,1.0,佐賀,C2ー28組,1:35.4,1.4,晴,13.0,12.0,2東京3,3歳未勝利,1:26.7,2.0,晴,13.0,13.0,3中山4,3歳未勝利,1:57.6,3.1,曇,,,,,,,,,,,,,,,3.7,1.0,,nar,2026-08-30,45.8,33.1,39.2,30.4,100.0,47.1,48.8,履歴少 / 近走上向き
202665083002,2026-08-30,2,ナカゼンミハル,6.0,6.0,西将太,480.0,,,,,,,,,,,,,,,,,,,,,,,,,,,,,,,,,,,,,,,,nar,2026-08-30,36.0,35.0,35.0,35.0,35.0,35.0,45.0,履歴少
202655083002,2026-08-30,2,ハミングディスト,4.0,4.0,椿聡太,51.0,,4.0,5.0,佐賀,C2ー30組,1:33.8,2.0,晴,15.0,13.0,2福島2,3歳未勝利,1:12.5,3.9,晴,15.0,14.0,1福島6,3歳未勝利,1:13.5,4.8,晴,11.0,9.0,2中山1,3歳未勝利,1:13.8,2.0,晴,18.0,14.0,2新潟6,2歳未勝利,1:24.7,2.6,雨,4.6,3.0,,nar,2026-08-30,44.47,26.0,42.3,30.4,100.0,46.5,48.8,履歴少 / 近走上向き
202655083002,2026-08-30,2,パークヒルシューズ,1.0,1.0,山田義貴,54.0,,7.0,2.0,佐賀,C2ー26組,1:29.0,1.2,晴,5.0,3.0,佐賀,3歳ー10組,1:33.3,0.8,晴,5.0,9.0,園田,3歳C1二,1:35.0,2.9,晴,12.0,10.0,園田,金会スプリント3歳C(C1C2),1:25.3,3.2,曇,10.0,9.0,高知,足摺盃(3歳),1:36.3,2.8,曇,39.6,9.0,,nar,2026-08-30,48.05,50.8,38.6,44.7,56.0,52.4,51.2,佐賀実績 / 履歴少 / 市場オッズ妙味
202665083002,2026-08-30,2,ヒノクニファラオ,5.0,5.0,赤塚健仁,500.0,,,,,,,,,,,,,,,,,,,,,,,,,,,,,,,,,,,,,,,,nar,2026-08-30,36.0,35.0,35.0,35.0,35.0,35.0,45.0,履歴少
202655083002,2026-08-30,2,ブライトライツ,11.0,8.0,田中純,56.0,,5.0,6.0,佐賀,C2ー30組,1:34.4,2.6,晴,,12.0,2福島2,障害3歳以上未勝利,,,晴,12.0,13.0,3京都2,障害4歳以上未勝利,3:30.5,10.5,晴,17.0,18.0,4中山1,3歳未勝利,2:01.8,2.2,晴,15.0,16.0,1小倉11,3歳未勝利,2:04.5,1.8,曇,6.9,4.0,,nar,2026-08-30,50.55,30.7,57.0,30.4,100.0,55.4,48.8,履歴少 / 近走上向き
202635083002,2026-08-30,2,ブレウディエス,3.0,3.0,山本聡紀,54.0,,7.0,1.0,盛岡,C2七組,1:15.3,1.6,晴,3.0,1.0,盛岡,C2八組,1:13.5,0.4,曇,7.0,4.0,水沢,C2四組,1:34.3,2.0,曇,6.0,1.0,水沢,C1五組,1:32.7,1.6,晴,7.0,2.0,水沢,C1六組,1:30.5,2.1,雨,10.2,5.0,,nar,2026-08-30,41.47,61.1,20.9,24.9,42.5,43.8,51.2,盛岡実績 / 履歴少
202635083002,2026-08-30,2,ポケットフルコイン,2.0,2.0,野畑凌,54.0,,9.0,11.0,川崎,雷光賞(C2),0:56.8,1.7,曇,12.0,10.0,川崎,稲魂賞(C2),0:57.6,2.1,曇,11.0,8.0,浦和,作付面積日本一深谷ブ(C2),0:49.1,2.0,雨,7.0,8.0,川崎,雷神賞(C2),0:56.5,1.6,晴,14.0,13.0,川崎,熊手賞(C2),1:38.1,5.7,晴,15.8,6.0,,nar,2026-08-30,37.87,25.5,46.9,0.0,62.0,51.1,48.8,履歴少 / 市場オッズ妙味
202655083002,2026-08-30,2,マイネルガンナー,9.0,7.0,小松丈二,56.0,,11.0,12.0,佐賀,C2ー26組,1:30.5,2.7,晴,10.0,9.0,佐賀,C2ー13組,1:29.9,4.5,曇,10.0,10.0,佐賀,C2ー13組,1:28.8,4.9,晴,8.0,9.0,佐賀,C2ー14組,1:28.9,2.9,曇,9.0,9.0,佐賀,C2ー14組,1:36.0,2.8,晴,280.4,12.0,,nar,2026-08-30,36.72,28.7,51.4,0.0,39.5,51.6,43.8,履歴少
202665083002,2026-08-30,2,マルモロングラン,2.0,2.0,村上章,500.0,,,,,,,,,,,,,,,,,,,,,,,,,,,,,,,,,,,,,,,,nar,2026-08-30,36.18,35.0,35.0,35.0,35.0,35.0,46.8,履歴少 / 前走人気以上
202665083002,2026-08-30,2,ユウキリンリン,9.0,8.0,臼杵龍美,470.0,,,,,,,,,,,,,,,,,,,,,,,,,,,,,,,,,,,,,,,,nar,2026-08-30,36.0,35.0,35.0,35.0,35.0,35.0,45.0,履歴少
202665083002,2026-08-30,2,ライデンファンタジ,4.0,4.0,鈴木恵介,500.0,,,,,,,,,,,,,,,,,,,,,,,,,,,,,,,,,,,,,,,,nar,2026-08-30,36.0,35.0,35.0,35.0,35.0,35.0,45.0,履歴少
202635083002,2026-08-30,2,ルレット,7.0,7.0,塚本涼人,54.0,,4.0,6.0,盛岡,C2七組,1:14.3,0.6,晴,6.0,8.0,盛岡,C2七組,1:15.5,1.2,曇,4.0,7.0,盛岡,C2八組,1:14.7,1.6,小雨,9.0,7.0,盛岡,C2六組,1:15.9,1.4,曇,8.0,8.0,盛岡,C2七組,1:14.8,0.8,雨,18.6,8.0,,nar,2026-08-30,60.43,62.9,59.9,50.2,66.5,67.2,50.5,近走上向き / 過小評価傾向 / 市場オッズ妙味
202655083003,2026-08-30,3,アオイサンギュリエ,5.0,5.0,椿聡太,51.0,,7.0,8.0,佐賀,3歳ー9組,1:33.8,3.2,晴,3.0,2.0,佐賀,SAGAリベンジャー(3歳),1:27.2,0.3,曇,4.0,4.0,佐賀,SAGAリベンジャー(3歳),1:26.1,1.1,晴,,,,,,,,,,,,,,,56.9,9.0,,nar,2026-08-30,53.07,68.9,50.5,44.7,29.0,53.5,53.1,佐賀実績
202635083003,2026-08-30,3,アストラン,6.0,6.0,菅原辰徳,56.0,,3.0,1.0,盛岡,C2五組,1:13.5,0.3,晴,2.0,2.0,盛岡,C2六組,1:13.4,0.4,晴,10.0,9.0,大井,C3六　七,1:45.8,1.4,晴,10.0,3.0,大井,C3三　四,1:46.7,2.5,雨,10.0,3.0,大井,C3三　四,1:47.4,1.2,曇,7.4,3.0,,nar,2026-08-30,53.62,61.0,32.1,55.3,80.0,47.5,59.5,盛岡実績 / 履歴少 / 近走上向き
202655083003,2026-08-30,3,アメリカンロマン,10.0,7.0,青海大樹,55.0,,7.0,8.0,佐賀,C2ー25組,1:29.7,2.6,曇,9.0,4.0,佐賀,3歳ー10組,1:35.9,3.4,晴,6.0,10.0,佐賀,3歳ー9組,1:27.8,2.4,曇,7.0,4.0,佐賀,UMATENA青木ひ(3歳),1:34.2,1.5,雨,2.0,3.0,佐賀,SAGAリベンジャー(3歳),1:33.1,0.7,曇,192.5,11.0,,nar,2026-08-30,44.56,53.7,46.6,10.3,44.0,51.3,46.3,履歴少
202665083003,2026-08-30,3,イワキソルシエール,4.0,4.0,島津新,490.0,,,,,,,,,,,,,,,,,,,,,,,,,,,,,,,,,,,,,,,,nar,2026-08-30,36.18,35.0,35.0,35.0,35.0,35.0,46.8,履歴少
202655083003,2026-08-30,3,エバーステイ,12.0,8.0,長谷川蓮,54.0,,4.0,3.0,佐賀,C2ー27組,1:28.4,1.2,晴,5.0,3.0,佐賀,C2ー17組,1:33.7,0.8,晴,5.0,2.0,佐賀,C2ー14組,1:27.8,2.2,曇,4.0,1.0,金沢,父省吾☆退職「お疲れ(C2),1:44.5,1.2,曇,12.0,13.0,3福島3,3歳以上1勝クラス,2:42.6,2.0,晴,38.6,7.0,,nar,2026-08-30,58.88,65.8,37.9,89.7,65.0,51.1,56.4,佐賀実績 / 近走上向き / 安定感 / 市場オッズ妙味
202635083003,2026-08-30,3,カニフ,10.0,8.0,大坪慎,54.0,,3.0,3.0,盛岡,C2六組,1:14.3,0.5,曇,2.0,3.0,盛岡,C2七組,1:13.9,0.2,晴,3.0,2.0,盛岡,C2七組,1:15.1,0.8,曇,6.0,2.0,盛岡,C2八組,1:14.0,0.9,曇,2.0,2.0,盛岡,C2七組,1:15.2,0.9,曇,7.6,4.0,,nar,2026-08-30,64.15,83.3,46.3,85.4,51.5,56.0,54.5,盛岡実績 / 安定感
202655083003,2026-08-30,3,キタノローマン,8.0,6.0,川島拓,54.0,,3.0,4.0,佐賀,C2ー27組,1:28.1,0.9,晴,8.0,8.0,佐賀,C2ー14組,1:27.9,2.3,曇,,,名古屋,C15組,,,晴,11.0,11.0,名古屋,ドキドキしゃちうまく(C),1:40.9,2.6,曇,11.0,7.0,名古屋,C14組,1:41.5,3.6,晴,54.8,8.0,,nar,2026-08-30,53.08,51.7,49.0,30.4,92.0,50.2,51.2,佐賀実績 / 履歴少 / 近走上向き
202665083003,2026-08-30,3,キョウエイムサシ,9.0,8.0,中村太陽,510.0,,,,,,,,,,,,,,,,,,,,,,,,,,,,,,,,,,,,,,,,nar,2026-08-30,36.0,35.0,35.0,35.0,35.0,35.0,45.0,履歴少
202665083003,2026-08-30,3,キングジョー,10.0,8.0,西謙一,510.0,,,,,,,,,,,,,,,,,,,,,,,,,,,,,,,,,,,,,,,,nar,2026-08-30,36.0,35.0,35.0,35.0,35.0,35.0,45.0,履歴少
202635083003,2026-08-30,3,クレストライン,3.0,3.0,小林凌,54.0,,4.0,8.0,盛岡,C2六組,1:14.4,0.6,曇,5.0,5.0,盛岡,C2六組,1:14.9,1.9,晴,5.0,6.0,盛岡,C2六組,1:27.9,2.3,晴,3.0,7.0,盛岡,C2六組,1:14.6,1.4,曇,5.0,4.0,盛岡,C2六組,1:15.4,0.9,曇,37.2,7.0,,nar,2026-08-30,68.17,72.8,63.3,100.0,53.0,61.5,56.4,盛岡実績 / 前走人気以上 / 安定感 / 市場オッズ妙味
202635083003,2026-08-30,3,ゴダルティチェコ,9.0,7.0,鈴木祐,54.0,,7.0,9.0,盛岡,C2,1:02.2,1.2,晴,10.0,8.0,盛岡,C2,1:02.6,1.6,曇,9.0,2.0,盛岡,C2,1:02.8,1.5,曇,8.0,2.0,水沢,C2,0:51.9,0.9,小雨,10.0,7.0,水沢,C1,1:33.8,2.1,曇,75.9,11.0,,nar,2026-08-30,36.52,39.2,32.8,0.0,63.5,40.5,43.8,履歴少
202665083003,2026-08-30,3,サカノブラック,1.0,1.0,西将太,510.0,,,,,,,,,,,,,,,,,,,,,,,,,,,,,,,,,,,,,,,,nar,2026-08-30,36.18,35.0,35.0,35.0,35.0,35.0,46.8,履歴少
202635083003,2026-08-30,3,シトラスダル,5.0,5.0,岩本怜,54.0,,8.0,6.0,盛岡,C2六組,1:16.6,3.6,晴,8.0,5.0,盛岡,C2五組,1:29.5,2.1,晴,7.0,3.0,盛岡,街を守る盛岡市消防団(C2),1:29.6,1.9,曇,5.0,7.0,盛岡,C2五組,1:28.7,1.6,曇,10.0,5.0,盛岡,C2五組,1:15.2,1.2,晴,41.1,8.0,,nar,2026-08-30,39.62,47.4,33.4,14.6,47.0,45.0,46.3,履歴少 / 市場オッズ妙味
202635083003,2026-08-30,3,セラトーン,7.0,6.0,坂井瑛音,55.0,,7.0,7.0,盛岡,C2五組,1:28.3,1.1,曇,6.0,6.0,盛岡,C2五組,1:28.7,1.3,晴,4.0,6.0,盛岡,C2五組,1:28.6,0.9,曇,7.0,9.0,盛岡,C2四組,1:14.5,1.3,曇,9.0,9.0,盛岡,C2五組,1:15.2,1.2,晴,42.0,9.0,,nar,2026-08-30,49.8,57.1,54.8,19.8,47.0,57.3,46.3,履歴少 / 市場オッズ妙味
202635083003,2026-08-30,3,チヨノフォーエヴァ,1.0,1.0,村上忍,54.0,,3.0,4.0,盛岡,C2六組,1:14.1,1.1,晴,9.0,8.0,盛岡,C2六組,1:16.0,2.9,曇,8.0,4.0,盛岡,C2六組,1:15.2,2.0,曇,2.0,2.0,水沢,C2三組,1:33.6,0.9,晴,8.0,9.0,水沢,C2一組,1:31.0,1.9,曇,14.9,6.0,,nar,2026-08-30,55.35,61.2,45.6,45.0,72.5,59.5,48.5,履歴少 / 近走上向き / 市場オッズ妙味
202665083003,2026-08-30,3,トップラン,8.0,7.0,村上章,510.0,,,,,,,,,,,,,,,,,,,,,,,,,,,,,,,,,,,,,,,,nar,2026-08-30,36.0,35.0,35.0,35.0,35.0,35.0,45.0,履歴少
202635083003,2026-08-30,3,バイオレットモーヴ,2.0,2.0,高橋悠里,54.0,,9.0,8.0,盛岡,C2五組,1:14.8,1.6,晴,5.0,6.0,盛岡,C2五組,1:27.7,0.5,曇,5.0,9.0,盛岡,C2五組,1:14.8,2.3,晴,7.0,8.0,盛岡,C2五組,1:28.8,1.4,晴,7.0,9.0,盛岡,C2五組,1:14.6,1.0,曇,60.8,10.0,,nar,2026-08-30,51.31,54.3,57.6,44.7,32.0,58.1,49.6,履歴少
202665083003,2026-08-30,3,ヒメトラルビー,5.0,5.0,大友一馬,490.0,,,,,,,,,,,,,,,,,,,,,,,,,,,,,,,,,,,,,,,,nar,2026-08-30,36.0,35.0,35.0,35.0,35.0,35.0,45.0,履歴少
202655083003,2026-08-30,3,ピコパープル,2.0,2.0,石川慎将,54.0,,3.0,5.0,佐賀,SAGAリベンジャー(C2),0:57.5,0.7,晴,10.0,6.0,佐賀,SAGAリベンジャー(3歳),1:35.8,4.2,晴,14.0,16.0,1新潟5,3歳未勝利,1:37.2,2.4,晴,18.0,18.0,2中山1,3歳未勝利,2:03.0,1.3,晴,12.0,12.0,5中山1,2歳未勝利,1:36.3,0.9,晴,11.8,5.0,,nar,2026-08-30,49.64,33.8,50.0,30.4,100.0,52.8,51.5,佐賀実績 / 近走上向き
202635083003,2026-08-30,3,フリットフライ,8.0,7.0,高松亮,56.0,,1.0,1.0,盛岡,C2八組,1:14.4,-0.3,晴,1.0,1.0,盛岡,C2八組,1:14.5,0.0,曇,2.0,2.0,盛岡,C2九組,1:12.8,0.6,曇,3.0,4.0,盛岡,C2九組,1:13.5,1.9,曇,8.0,9.0,門別,アヤメ特別(C4),1:56.6,4.2,晴,2.0,1.0,,nar,2026-08-30,69.8,90.3,51.7,89.7,65.0,54.3,59.5,盛岡実績 / 履歴少 / 近走上向き / 安定感
202655083003,2026-08-30,3,フリーリターン,9.0,7.0,山下裕貴,54.0,,5.0,4.0,佐賀,C2ー26組,1:28.4,0.6,晴,4.0,2.0,佐賀,3歳ー10組,1:33.2,0.7,晴,15.0,16.0,2東京11,3歳未勝利,2:02.4,1.5,晴,14.0,15.0,3中山3,3歳未勝利,1:36.5,1.5,曇,,,,,,,,15.9,6.0,,nar,2026-08-30,54.29,44.2,46.4,55.3,86.0,56.3,59.5,佐賀実績 / 履歴少 / 近走上向き / 市場オッズ妙味
202655083003,2026-08-30,3,ペリドットテソーロ,3.0,3.0,山口勲,54.0,,3.0,2.0,佐賀,C2ー28組,1:35.3,1.3,晴,8.0,11.0,1東京4,3歳新馬,1:42.5,2.8,晴,,,,,,,,,,,,,,,,,,,,,,4.5,3.0,,nar,2026-08-30,50.86,54.3,48.6,34.7,62.0,53.7,48.8,履歴少 / サンプル少
202665083003,2026-08-30,3,ホクショウシャルル,7.0,7.0,阿部優哉,490.0,,,,,,,,,,,,,,,,,,,,,,,,,,,,,,,,,,,,,,,,nar,2026-08-30,36.18,35.0,35.0,35.0,35.0,35.0,46.8,履歴少 / 前走人気以上
202665083003,2026-08-30,3,ホクセイキンボシ,2.0,2.0,阿部武臣,510.0,,,,,,,,,,,,,,,,,,,,,,,,,,,,,,,,,,,,,,,,nar,2026-08-30,36.18,35.0,35.0,35.0,35.0,35.0,46.8,履歴少 / 前走人気以上
202635083003,2026-08-30,3,マーゴットミトス,4.0,4.0,塚本涼人,56.0,,2.0,2.0,盛岡,C2六組,1:14.3,0.5,曇,1.0,4.0,盛岡,C2八組,1:13.1,-0.2,曇,7.0,1.0,盛岡,C2六組,1:29.7,2.1,晴,4.0,6.0,水沢,C2五組,1:31.6,1.4,晴,3.0,8.0,水沢,C2六組,1:23.7,0.4,曇,4.4,2.0,,nar,2026-08-30,66.38,82.9,52.6,80.2,60.5,58.9,54.0,盛岡実績 / 履歴少 / 安定感
202655083003,2026-08-30,3,ミスキュウシュウ,11.0,8.0,中山蓮王,54.0,,9.0,9.0,佐賀,C2ー25組,1:31.1,4.0,曇,9.0,11.0,佐賀,C2ー13組,1:29.8,4.4,曇,11.0,12.0,佐賀,C2ー12組,1:31.6,4.2,晴,9.0,10.0,佐賀,C2ー13組,1:28.6,3.2,晴,11.0,9.0,佐賀,C2ー14組,1:29.6,4.8,晴,638.9,12.0,,nar,2026-08-30,40.21,31.2,54.4,0.0,56.0,52.2,43.8,履歴少
202655083003,2026-08-30,3,メイショウシュハリ,4.0,4.0,竹吉徹,54.0,,3.0,3.0,佐賀,C2ー30組,1:33.2,1.4,晴,9.0,14.0,2小倉3,3歳未勝利,2:47.2,6.1,曇,14.0,10.0,1福島1,3歳未勝利,2:44.3,4.0,晴,8.0,12.0,1小倉12,3歳未勝利,2:04.3,0.8,晴,10.0,12.0,1小倉3,3歳未勝利,1:47.8,1.0,晴,4.0,2.0,,nar,2026-08-30,54.24,43.8,58.7,30.4,93.5,57.2,50.0,前走人気以上 / 近走上向き
202635083003,2026-08-30,3,メイショウユフイン,11.0,8.0,斉藤友香,50.0,,3.0,7.0,盛岡,C2五組,1:28.1,0.7,晴,5.0,8.0,水沢,C2三組,1:31.9,1.1,晴,2.0,8.0,盛岡,C2五組,1:28.1,0.5,晴,4.0,7.0,盛岡,C2四組,1:28.5,2.1,晴,8.0,6.0,水沢,C2四組,1:34.8,2.5,曇,13.1,5.0,,nar,2026-08-30,72.81,76.3,73.7,89.7,60.5,70.0,59.5,盛岡実績 / 前走人気以上 / 履歴少 / 人気以上に走る傾向
202665083003,2026-08-30,3,リオンハート,3.0,3.0,今井千尋,480.0,,,,,,,,,,,,,,,,,,,,,,,,,,,,,,,,,,,,,,,,nar,2026-08-30,36.0,35.0,35.0,35.0,35.0,35.0,45.0,履歴少
202655083003,2026-08-30,3,レイナロハルンバ,7.0,6.0,後藤武蔵,51.0,,6.0,7.0,佐賀,C2ー25組,1:28.6,1.5,曇,8.0,10.0,佐賀,3歳ー9組,1:34.8,4.2,晴,4.0,4.0,笠松,3歳未勝利,1:35.5,0.6,晴,8.0,8.0,笠松,思い出のinstal(3歳),1:34.4,2.5,晴,5.0,7.0,笠松,3歳5組,1:33.2,2.7,曇,119.2,10.0,,nar,2026-08-30,52.11,57.7,57.1,30.1,51.5,55.9,46.5,総合評価
202665083003,2026-08-30,3,ワシノオ,6.0,6.0,赤塚健仁,510.0,,,,,,,,,,,,,,,,,,,,,,,,,,,,,,,,,,,,,,,,nar,2026-08-30,36.18,35.0,35.0,35.0,35.0,35.0,46.8,履歴少
202655083003,2026-08-30,3,ヴァンロゼ,1.0,1.0,出水拓人,54.0,,8.0,4.0,佐賀,一発逆転ファイナルレ,1:34.1,3.0,晴,2.0,1.0,佐賀,SAGAリベンジャー(3歳),1:32.7,1.1,晴,11.0,11.0,3阪神2,3歳未勝利,1:27.4,2.5,雨,12.0,15.0,2阪神2,3歳未勝利,1:27.8,1.7,晴,11.0,13.0,1阪神8,3歳未勝利,1:27.6,1.9,曇,9.7,4.0,,nar,2026-08-30,45.43,44.1,44.3,24.9,56.0,54.4,51.5,佐賀実績
202655083003,2026-08-30,3,ヴェロシオン,6.0,5.0,飛田愛斗,54.0,,3.0,4.0,佐賀,SAGAリベンジャー(C2),1:33.9,0.7,曇,12.0,14.0,2小倉3,3歳未勝利,1:47.8,3.2,曇,14.0,13.0,3京都1,3歳未勝利,1:33.9,1.6,晴,14.0,9.0,1福島1,3歳未勝利,1:49.7,2.1,晴,,,,,,,,2.2,1.0,,nar,2026-08-30,48.1,31.8,49.0,30.4,100.0,48.4,50.0,近走上向き
202665083004,2026-08-30,4,アアモンドカイト,4.0,4.0,菊池一樹,520.0,,,,,,,,,,,,,,,,,,,,,,,,,,,,,,,,,,,,,,,,nar,2026-08-30,36.0,35.0,35.0,35.0,35.0,35.0,45.0,履歴少
202655083004,2026-08-30,4,アユツリムスメ,4.0,4.0,田中純,54.0,,6.0,6.0,佐賀,C2ー24組,1:28.5,2.2,曇,11.0,4.0,佐賀,SAGAリベンジャー(C2),1:29.7,5.1,雨,5.0,4.0,佐賀,C2ー12組,1:28.4,1.0,晴,3.0,10.0,佐賀,SAGAリベンジャー(C2),1:26.3,0.8,晴,8.0,8.0,佐賀,C2ー14組,1:35.8,2.6,晴,22.7,4.0,,nar,2026-08-30,48.61,53.5,43.6,34.3,54.5,54.1,49.6,履歴少 / 市場オッズ妙味
202655083004,2026-08-30,4,アルクノワール,6.0,6.0,飛田愛斗,54.0,,3.0,6.0,佐賀,C2ー26組,1:28.0,0.2,晴,6.0,5.0,盛岡,3歳C2六組,1:15.4,1.8,曇,4.0,6.0,盛岡,3歳C2五組,1:15.6,2.0,晴,8.0,9.0,水沢,3歳C2七組,1:23.8,1.1,曇,8.0,11.0,水沢,3歳C2二組,1:24.6,2.0,雨,1.6,1.0,,nar,2026-08-30,60.58,66.5,60.6,50.2,71.0,57.2,48.8,前走人気以上 / 履歴少 / 近走上向き
202655083004,2026-08-30,4,アーバンキング,3.0,3.0,山田義貴,56.0,,6.0,3.0,園田,C3二,1:34.9,2.8,晴,4.0,3.0,園田,C3三,1:34.9,0.9,晴,4.0,5.0,園田,C3二,1:34.1,0.7,晴,5.0,5.0,園田,C3二,1:34.1,0.7,曇,8.0,7.0,園田,C3一,1:36.3,3.5,雨,3.5,2.0,,nar,2026-08-30,53.7,66.7,42.5,59.3,45.5,52.7,48.8,履歴少
202665083004,2026-08-30,4,イワキボナール,1.0,1.0,船山蔵人,520.0,,,,,,,,,,,,,,,,,,,,,,,,,,,,,,,,,,,,,,,,nar,2026-08-30,36.0,35.0,35.0,35.0,35.0,35.0,45.0,履歴少
202655083004,2026-08-30,4,ウイングラフトン,1.0,1.0,長田進仁,56.0,,9.0,8.0,佐賀,C2ー23組,1:29.3,3.4,曇,7.0,7.0,佐賀,C2ー16組,1:34.4,3.4,晴,5.0,8.0,佐賀,C2ー13組,1:27.7,2.3,曇,8.0,10.0,佐賀,C2ー12組,1:28.6,1.2,晴,7.0,5.0,佐賀,C2ー14組,1:28.2,2.2,曇,76.5,11.0,,nar,2026-08-30,45.39,49.1,52.6,19.8,36.5,52.9,48.5,総合評価
202655083004,2026-08-30,4,ウサギ,8.0,7.0,出水拓人,54.0,,8.0,6.0,佐賀,C2ー25組,1:30.3,3.2,曇,12.0,9.0,佐賀,SAGAリベンジャー(C2),1:30.1,5.5,雨,10.0,9.0,佐賀,C2ー12組,1:30.0,2.6,晴,10.0,9.0,佐賀,C2ー13組,1:31.3,5.9,晴,10.0,10.0,佐賀,C2ー14組,1:29.4,4.6,晴,64.9,10.0,,nar,2026-08-30,35.9,28.9,38.1,0.0,65.0,46.4,43.8,履歴少 / 近走上向き
202655083004,2026-08-30,4,ウルトラリオ,9.0,7.0,椿聡太,53.0,,5.0,4.0,佐賀,C2ー25組,1:28.3,1.2,曇,6.0,9.0,佐賀,3歳ー10組,1:33.4,0.9,晴,7.0,9.0,佐賀,3歳ー9組,1:27.9,2.5,曇,9.0,8.0,佐賀,3歳ー10組,1:28.7,4.2,晴,8.0,8.0,佐賀,SAGAリベンジャー(3歳),1:27.8,3.5,曇,32.4,7.0,,nar,2026-08-30,52.77,55.7,54.9,30.4,65.0,56.7,46.3,履歴少 / 近走上向き / 市場オッズ妙味
202635083004,2026-08-30,4,エイシンティズナウ,2.0,2.0,関本玲花,52.0,,12.0,9.0,盛岡,3歳C2四組,1:16.0,2.5,曇,11.0,8.0,盛岡,DCあーしゃんず3周(3歳C2),1:30.2,3.0,曇,9.0,3.0,盛岡,3歳C2一組,1:16.8,2.6,曇,5.0,7.0,園田,生琉里町7ハロン3歳(C2),1:34.4,1.6,雨,5.0,4.0,園田,追入ダッシュ3歳C2,0:52.4,1.3,晴,124.6,10.0,,nar,2026-08-30,33.22,32.7,31.4,24.9,23.0,43.8,46.5,総合評価
202635083004,2026-08-30,4,エメラルドテソーロ,8.0,7.0,岩本怜,54.0,,2.0,5.0,盛岡,3歳C2五組,1:14.2,0.1,曇,4.0,6.0,盛岡,3歳C2五組,1:14.2,1.0,晴,9.0,2.0,盛岡,うまレター賞(3歳C2),1:16.9,2.8,曇,5.0,6.0,盛岡,3歳C2三組,1:14.6,1.0,曇,3.0,4.0,水沢,3歳C2七組,1:23.2,0.5,曇,6.9,4.0,,nar,2026-08-30,64.45,72.6,51.9,80.2,69.5,58.2,55.3,盛岡実績 / 前走人気以上 / 履歴少 / 近走上向き
202655083004,2026-08-30,4,キタノヴァルカン,11.0,8.0,中山蓮王,56.0,,8.0,9.0,佐賀,C2ー24組,1:28.7,2.4,曇,10.0,3.0,佐賀,SAGAリベンジャー(C2),1:28.5,3.9,雨,3.0,3.0,佐賀,C2ー12組,1:28.3,0.9,晴,6.0,2.0,佐賀,C2ー14組,1:28.0,2.0,曇,2.0,3.0,佐賀,SAGAリベンジャー(C2),1:33.8,0.1,晴,27.3,5.0,,nar,2026-08-30,43.66,55.2,36.6,30.1,33.5,48.9,49.6,履歴少 / 市場オッズ妙味
202635083004,2026-08-30,4,グラッドキングダム,1.0,1.0,坂井瑛音,55.0,,10.0,11.0,盛岡,3歳C2四組,1:15.6,2.1,曇,8.0,8.0,盛岡,3歳C2三組,1:27.2,2.3,曇,10.0,10.0,盛岡,DCあーしゃんず3周(3歳C2),1:30.1,2.9,曇,6.0,9.0,盛岡,3歳C2一組,1:15.9,1.7,曇,8.0,6.0,水沢,3歳C2三組,1:31.4,3.2,雨,116.0,9.0,,nar,2026-08-30,40.15,38.3,53.7,0.0,38.0,52.2,46.5,総合評価
202665083004,2026-08-30,4,ゴブリン,6.0,6.0,西将太,520.0,,,,,,,,,,,,,,,,,,,,,,,,,,,,,,,,,,,,,,,,nar,2026-08-30,36.18,35.0,35.0,35.0,35.0,35.0,46.8,履歴少
202635083004,2026-08-30,4,ジョイグリーン,11.0,8.0,高橋悠里,56.0,,3.0,2.0,笠松,大井宿特別(3歳),1:30.6,1.2,晴,10.0,12.0,3東京4,3歳未勝利,2:15.9,3.4,曇,4.0,2.0,船橋,ナイスビット特別(3歳未格),1:45.4,0.6,曇,7.0,6.0,3中山7,3歳未勝利,1:56.5,1.7,晴,5.0,8.0,3中山2,3歳未勝利,1:56.9,2.2,晴,1.8,1.0,,nar,2026-08-30,57.43,62.1,49.7,60.5,71.0,53.2,48.8,履歴少 / 近走上向き / 安定感
202635083004,2026-08-30,4,スタープレイン,3.0,3.0,南郷家全,56.0,,3.0,6.0,名古屋,ハンブルグ疾風戦(3歳),0:57.3,0.1,晴,9.0,8.0,名古屋,名古屋モーニングフィ(3歳),1:38.1,1.8,曇,10.0,8.0,名古屋,3歳8組,1:39.2,3.0,晴,9.0,8.0,名古屋,3歳6組,1:38.8,2.2,小雨,5.0,7.0,名古屋,3歳7組,1:39.4,1.7,曇,11.6,5.0,,nar,2026-08-30,55.29,52.3,52.3,40.7,81.5,61.1,48.8,前走人気以上 / 履歴少 / 近走上向き
202655083004,2026-08-30,4,タイショウロマン,7.0,6.0,川島拓,54.0,,9.0,7.0,佐賀,C2ー24組,1:28.8,2.5,曇,8.0,5.0,佐賀,SAGAリベンジャー(C2),1:28.3,3.7,雨,10.0,3.0,佐賀,C2ー11組,1:35.2,3.2,小雨,6.0,4.0,佐賀,C2ー13組,1:27.8,1.1,曇,3.0,4.0,佐賀,C2ー13組,1:26.8,1.4,晴,29.5,6.0,,nar,2026-08-30,36.11,44.9,29.5,10.3,36.5,44.4,46.3,履歴少 / 市場オッズ妙味
202635083004,2026-08-30,4,タカマキセブン,4.0,4.0,野畑凌,54.0,,11.0,10.0,盛岡,3歳C2四組,1:15.7,2.2,曇,8.0,8.0,盛岡,3歳,1:14.3,2.7,小雨,9.0,7.0,盛岡,DCあーしゃんず3周(3歳C2),1:29.6,2.4,曇,10.0,8.0,盛岡,3歳C2一組,1:17.1,2.9,曇,7.0,9.0,水沢,3歳C2三組,1:30.8,2.6,雨,129.1,11.0,,nar,2026-08-30,35.8,33.6,44.5,0.0,35.0,49.0,46.5,総合評価
202665083004,2026-08-30,4,ツカサロイヤル,9.0,8.0,西謙一,500.0,,,,,,,,,,,,,,,,,,,,,,,,,,,,,,,,,,,,,,,,nar,2026-08-30,36.0,35.0,35.0,35.0,35.0,35.0,45.0,履歴少
202665083004,2026-08-30,4,トウメイクイン,7.0,7.0,長澤幸太,500.0,,,,,,,,,,,,,,,,,,,,,,,,,,,,,,,,,,,,,,,,nar,2026-08-30,36.0,35.0,35.0,35.0,35.0,35.0,45.0,履歴少
202635083004,2026-08-30,4,ビップブレット,10.0,8.0,小林凌,56.0,,9.0,5.0,盛岡,3歳C2四組,1:15.0,1.5,曇,4.0,2.0,盛岡,DCあーしゃんず3周(3歳C2),1:28.3,1.1,曇,2.0,4.0,盛岡,3歳C2三組,1:13.9,0.3,曇,4.0,5.0,水沢,3歳C2五組,1:23.1,0.7,小雨,3.0,6.0,水沢,3歳C2三組,1:22.4,0.6,雨,5.2,2.0,,nar,2026-08-30,53.05,67.8,44.0,69.6,15.5,57.0,53.1,盛岡実績 / 安定感
202635083004,2026-08-30,4,ビースタニング,9.0,7.0,山本政聡,54.0,,3.0,3.0,盛岡,3歳C2四組,1:13.8,0.3,曇,3.0,5.0,盛岡,3歳C2五組,1:13.9,0.7,晴,6.0,7.0,門別,アルキバ特別(C1),1:17.4,2.8,晴,10.0,14.0,1福島5,3歳未勝利,1:11.6,2.6,晴,8.0,7.0,川崎,ガーネットフラワー賞(3歳),1:33.8,1.5,晴,5.8,3.0,,nar,2026-08-30,62.6,67.0,58.2,55.3,72.5,61.4,59.5,盛岡実績 / 履歴少 / 近走上向き
202635083004,2026-08-30,4,ピルスナー,5.0,5.0,山本聡紀,54.0,,8.0,7.0,盛岡,3歳C2四組,1:14.8,1.3,曇,3.0,10.0,盛岡,3歳C2四組,1:14.5,1.0,晴,8.0,8.0,盛岡,安比高原夏休み賞(3歳C2),1:16.5,3.2,曇,6.0,10.0,盛岡,3歳C2二組,1:16.1,1.6,曇,9.0,7.0,水沢,3歳C2四組,1:25.4,3.1,小雨,42.7,6.0,,nar,2026-08-30,51.6,55.5,62.7,24.9,41.0,59.9,47.1,履歴少 / 市場オッズ妙味
202665083004,2026-08-30,4,ファーストココロノ,3.0,3.0,金田利貴,520.0,,,,,,,,,,,,,,,,,,,,,,,,,,,,,,,,,,,,,,,,nar,2026-08-30,36.0,35.0,35.0,35.0,35.0,35.0,45.0,履歴少
202665083004,2026-08-30,4,ホクセイスズタロウ,5.0,5.0,渡来心路,520.0,,,,,,,,,,,,,,,,,,,,,,,,,,,,,,,,,,,,,,,,nar,2026-08-30,36.0,35.0,35.0,35.0,35.0,35.0,45.0,履歴少
202665083004,2026-08-30,4,マオノジュピター,8.0,7.0,阿部優哉,520.0,,,,,,,,,,,,,,,,,,,,,,,,,,,,,,,,,,,,,,,,nar,2026-08-30,36.18,35.0,35.0,35.0,35.0,35.0,46.8,履歴少
202635083004,2026-08-30,4,モンサンジャスミン,7.0,6.0,塚本涼人,54.0,,5.0,10.0,盛岡,3歳C2三組,1:26.5,1.6,曇,9.0,12.0,盛岡,アンバー賞(3歳),1:47.6,3.3,曇,7.0,8.0,盛岡,3歳C2二組,1:16.1,1.6,曇,11.0,12.0,水沢,3歳C1二組,1:34.8,2.8,曇,7.0,10.0,盛岡,3歳C1三組,1:30.9,1.6,小雨,56.3,7.0,,nar,2026-08-30,55.69,48.2,70.4,30.4,71.0,60.0,47.1,前走人気以上 / 履歴少 / 人気以上に走る傾向 / 近走上向き
202655083004,2026-08-30,4,ルコビューティー,10.0,8.0,後藤武蔵,51.0,,7.0,10.0,佐賀,C2ー24組,1:28.6,2.3,曇,6.0,11.0,佐賀,SAGAリベンジャー(C2),1:28.0,3.4,雨,7.0,11.0,佐賀,C2ー12組,1:28.5,1.1,晴,12.0,12.0,佐賀,C2ー13組,1:29.2,2.5,曇,4.0,11.0,佐賀,C2ー14組,1:27.1,2.3,晴,35.7,8.0,,nar,2026-08-30,53.79,50.6,75.7,10.3,51.5,67.1,46.3,前走人気以上 / 履歴少 / 人気以上に走る傾向 / 過小評価傾向
202655083004,2026-08-30,4,レインボーカロル,2.0,2.0,青海大樹,53.0,,11.0,8.0,佐賀,C2ー24組,1:29.7,3.4,曇,7.0,6.0,佐賀,SAGAリベンジャー(C2),1:28.0,3.4,雨,6.0,8.0,佐賀,C2ー12組,1:28.4,1.0,晴,9.0,7.0,佐賀,C2ー13組,1:28.1,1.4,曇,3.0,7.0,佐賀,C2ー14組,1:34.9,1.7,晴,52.5,9.0,,nar,2026-08-30,39.14,44.8,45.5,10.3,21.5,51.6,46.3,履歴少
202665083004,2026-08-30,4,ロイヤルウンカイ,10.0,8.0,鈴木恵介,520.0,,,,,,,,,,,,,,,,,,,,,,,,,,,,,,,,,,,,,,,,nar,2026-08-30,36.0,35.0,35.0,35.0,35.0,35.0,45.0,履歴少
202665083004,2026-08-30,4,ロイヤルノチカラ,2.0,2.0,大友一馬,520.0,,,,,,,,,,,,,,,,,,,,,,,,,,,,,,,,,,,,,,,,nar,2026-08-30,36.0,35.0,35.0,35.0,35.0,35.0,45.0,履歴少
202655083004,2026-08-30,4,ロードゴスペル,5.0,5.0,山口勲,56.0,,4.0,9.0,佐賀,C2ー26組,1:28.1,0.3,晴,7.0,7.0,佐賀,3歳ー10組,1:34.5,2.0,晴,10.0,7.0,佐賀,3歳ー9組,1:28.8,3.4,曇,5.0,3.0,佐賀,SAGAリベンジャー(3歳),1:26.6,1.6,晴,4.0,1.0,佐賀,SAGAリベンジャー(3歳),1:26.4,0.7,曇,7.2,3.0,,nar,2026-08-30,56.8,59.4,52.3,55.3,65.0,56.5,52.9,佐賀実績 / 前走人気以上 / 履歴少 / 近走上向き
202635083004,2026-08-30,4,ワイルドグレイス,6.0,6.0,佐々木志,54.0,,6.0,8.0,盛岡,3歳C2三組,1:28.1,2.3,晴,6.0,7.0,盛岡,3歳,1:14.0,2.4,小雨,6.0,9.0,盛岡,DCあーしゃんず3周(3歳C2),1:28.9,1.7,曇,7.0,10.0,盛岡,3歳C2一組,1:16.1,1.9,曇,5.0,10.0,水沢,3歳C2三組,1:30.6,2.4,雨,56.9,8.0,,nar,2026-08-30,53.28,59.7,66.8,10.3,50.0,61.7,46.5,前走人気以上 / 人気以上に走る傾向
202635083005,2026-08-30,5,アルマサーガ,7.0,6.0,坂井瑛音,53.0,,4.0,3.0,盛岡,3歳C2三組,1:27.4,1.6,晴,2.0,4.0,盛岡,3歳C2四組,1:14.2,0.7,晴,2.0,4.0,盛岡,3歳C2六組,1:14.5,0.9,曇,4.0,8.0,盛岡,3歳C2四組,1:15.6,1.1,晴,7.0,5.0,水沢,3歳C2七組,1:23.7,1.0,曇,107.2,8.0,,nar,2026-08-30,66.68,80.7,56.8,89.7,48.5,56.8,59.5,盛岡実績 / 履歴少 / 安定感
202665083005,2026-08-30,5,ウル,9.0,8.0,臼杵龍美,600.0,,,,,,,,,,,,,,,,,,,,,,,,,,,,,,,,,,,,,,,,nar,2026-08-30,36.0,35.0,35.0,35.0,35.0,35.0,45.0,履歴少
202655083005,2026-08-30,5,エッグハント,9.0,8.0,飛田愛斗,56.0,,1.0,1.0,佐賀,盆送り火賞(C1),1:30.6,-0.8,曇,1.0,2.0,佐賀,AIパッカル賞(C1),1:30.7,-0.4,晴,4.0,5.0,高知,C3ー3,1:25.2,1.1,晴,3.0,7.0,高知,C3ー4,1:34.1,1.4,晴,6.0,4.0,高知,C3ー5,1:49.7,2.9,晴,1.6,1.0,,nar,2026-08-30,70.4,88.8,55.8,89.7,65.0,54.6,59.5,佐賀実績 / 履歴少 / 近走上向き / 安定感
202635083005,2026-08-30,5,エルドラド,3.0,3.0,山本政聡,56.0,,7.0,8.0,盛岡,3歳C2二組,1:27.3,3.4,晴,3.0,4.0,盛岡,3歳C2三組,1:26.2,1.3,曇,7.0,3.0,盛岡,DCあーしゃんず3周(3歳C2),1:29.1,1.9,曇,2.0,2.0,盛岡,3歳C2二組,1:14.7,0.2,曇,3.0,3.0,水沢,3歳C2五組,1:22.5,0.1,小雨,68.4,5.0,,nar,2026-08-30,53.05,69.1,48.3,49.8,30.5,52.2,51.5,盛岡実績
202665083005,2026-08-30,5,カネノキセキ,5.0,5.0,阿部武臣,610.0,,,,,,,,,,,,,,,,,,,,,,,,,,,,,,,,,,,,,,,,nar,2026-08-30,36.18,35.0,35.0,35.0,35.0,35.0,46.8,履歴少
202665083005,2026-08-30,5,キンノキセキ,6.0,6.0,島津新,610.0,,,,,,,,,,,,,,,,,,,,,,,,,,,,,,,,,,,,,,,,nar,2026-08-30,36.18,35.0,35.0,35.0,35.0,35.0,46.8,履歴少
202655083005,2026-08-30,5,クレドール,3.0,3.0,山田義貴,54.0,,3.0,1.0,佐賀,長崎街道轟木宿特選(C1),0:55.2,0.8,曇,1.0,1.0,佐賀,カーネリアン賞(C1),1:31.1,-0.1,曇,1.0,2.0,佐賀,C1ー9組,1:30.0,-0.5,曇,1.0,2.0,佐賀,SAGAリベンジャー(C1),1:24.9,-0.4,晴,1.0,1.0,佐賀,C2ー4組,1:22.9,-0.2,曇,2.9,2.0,,nar,2026-08-30,68.34,95.1,48.1,100.0,38.0,54.5,59.5,佐賀実績 / 履歴少 / 安定感
202635083005,2026-08-30,5,ゴールドフリーダム,9.0,7.0,山本聡哉,56.0,,1.0,1.0,盛岡,3歳C2六組,1:12.7,-0.7,晴,9.0,7.0,2福島2,3歳未勝利,1:48.1,2.1,晴,9.0,11.0,2東京12,3歳未勝利,1:34.8,1.0,晴,8.0,13.0,1新潟6,3歳未勝利,2:02.9,1.0,晴,8.0,10.0,1中京6,3歳未勝利,2:03.4,1.0,晴,2.1,1.0,,nar,2026-08-30,57.38,57.4,55.8,30.4,95.0,56.9,48.8,履歴少 / 近走上向き
202665083005,2026-08-30,5,ザッチカラ,4.0,4.0,赤塚健仁,610.0,,,,,,,,,,,,,,,,,,,,,,,,,,,,,,,,,,,,,,,,nar,2026-08-30,36.18,35.0,35.0,35.0,35.0,35.0,46.8,履歴少
202655083005,2026-08-30,5,ジーティースピカ,10.0,8.0,竹吉徹,54.0,,11.0,8.0,佐賀,長崎街道轟木宿特選(C1),0:56.2,1.8,曇,2.0,7.0,佐賀,ジュライ特選(C1),1:57.7,0.3,晴,5.0,5.0,佐賀,ジェイド特選(C1),1:57.5,1.7,曇,4.0,5.0,佐賀,ジューン特選(C1),1:59.3,0.5,曇,4.0,4.0,佐賀,サガデーナイト競馬賞(C1),1:31.0,0.8,晴,19.0,5.0,,nar,2026-08-30,53.73,61.4,53.4,69.6,6.5,64.2,56.2,佐賀実績 / 履歴少 / 安定感 / 市場オッズ妙味
202635083005,2026-08-30,5,ジーティーヒラリ,8.0,7.0,大坪慎,54.0,,1.0,2.0,盛岡,3歳C2八組,1:12.6,-0.5,曇,6.0,8.0,2福島8,3歳未勝利,1:47.4,0.5,晴,8.0,15.0,3東京6,3歳未勝利,1:36.3,1.2,曇,12.0,11.0,1阪神2,3歳未勝利,1:15.0,2.5,晴,9.0,14.0,1東京1,3歳新馬,1:29.3,1.6,晴,6.0,3.0,,nar,2026-08-30,62.26,59.5,67.9,30.4,96.5,64.8,50.0,人気以上に走る傾向 / 近走上向き
202655083005,2026-08-30,5,タイガーミノル,1.0,1.0,椿聡太,53.0,,11.0,11.0,佐賀,ルビー特選(C1),2:00.0,3.5,曇,11.0,12.0,佐賀,長崎街道田代宿特選(C1),1:26.7,1.8,曇,11.0,6.0,佐賀,ジェイド特選(C1),1:58.7,2.9,曇,11.0,11.0,高知,C2ー3,1:29.8,4.4,晴,10.0,6.0,高知,C2ー3,1:35.9,4.6,晴,241.4,9.0,,nar,2026-08-30,32.5,20.8,41.9,0.0,48.5,45.7,43.8,履歴少
202665083005,2026-08-30,5,タカノアイリス,2.0,2.0,吉田理人,580.0,,,,,,,,,,,,,,,,,,,,,,,,,,,,,,,,,,,,,,,,nar,2026-08-30,36.0,35.0,35.0,35.0,35.0,35.0,45.0,履歴少
202635083005,2026-08-30,5,ダズルオーロラ,11.0,8.0,村上忍,54.0,,7.0,6.0,盛岡,3歳C2三組,1:28.2,2.4,晴,9.0,5.0,盛岡,3歳C2三組,1:27.3,2.4,曇,9.0,6.0,盛岡,紫波deエール5周年(3歳C2),1:28.7,1.8,曇,1.0,6.0,水沢,3歳C2七組,1:22.7,-0.2,曇,10.0,7.0,水沢,3歳C2三組,1:26.2,4.4,雨,71.0,6.0,,nar,2026-08-30,42.61,49.4,39.7,14.6,51.5,47.7,46.5,総合評価
202665083005,2026-08-30,5,トウマオー,3.0,3.0,長澤幸太,610.0,,,,,,,,,,,,,,,,,,,,,,,,,,,,,,,,,,,,,,,,nar,2026-08-30,36.18,35.0,35.0,35.0,35.0,35.0,46.8,履歴少
202635083005,2026-08-30,5,トモエナゲ,10.0,8.0,鈴木祐,56.0,,3.0,4.0,盛岡,3歳C2三組,1:27.4,1.6,晴,4.0,6.0,盛岡,3歳C2三組,1:26.4,1.5,曇,5.0,6.0,盛岡,DCあーしゃんず3周(3歳C2),1:28.5,1.3,曇,5.0,7.0,盛岡,3歳C2二組,1:15.2,0.7,曇,7.0,5.0,水沢,3歳C2四組,1:24.5,2.2,小雨,95.0,7.0,,nar,2026-08-30,66.2,73.2,57.6,89.7,63.5,56.1,56.4,盛岡実績 / 安定感
202655083005,2026-08-30,5,ドラゴンバスター,4.0,4.0,出水拓人,56.0,,3.0,5.0,佐賀,ルビー特選(C1),1:57.4,0.9,曇,5.0,3.0,佐賀,ジュライ特選(C1),1:58.3,0.9,晴,3.0,3.0,佐賀,ジェイド特選(C1),1:57.1,1.3,曇,3.0,2.0,佐賀,ジューン特選(C1),1:59.1,0.3,曇,5.0,1.0,佐賀,エメラルド特選(C1),2:00.7,0.6,晴,14.6,4.0,,nar,2026-08-30,65.99,78.4,46.9,100.0,56.0,58.2,59.5,佐賀実績 / 履歴少 / 安定感 / 市場オッズ妙味
202635083005,2026-08-30,5,ナムラドガ,6.0,6.0,小林凌,56.0,,1.0,1.0,盛岡,3歳C2七組,1:12.4,-0.9,曇,12.0,9.0,2福島7,3歳未勝利,1:49.0,2.0,曇,8.0,13.0,3東京2,3歳未勝利,1:40.4,1.2,曇,,,,,,,,,,,,,,,2.4,2.0,,nar,2026-08-30,56.57,56.0,52.2,30.4,100.0,55.0,50.0,近走上向き
202655083005,2026-08-30,5,ニューホライゾン,6.0,6.0,小松丈二,54.0,,7.0,10.0,佐賀,C1ー3組,1:34.0,2.5,曇,8.0,11.0,佐賀,サガデーナイト競馬賞(C1),1:34.1,3.6,曇,9.0,11.0,佐賀,サガデーナイトフィー(C1),1:34.0,2.5,晴,8.0,11.0,佐賀,AIパッカル賞(C1),1:32.7,2.7,曇,9.0,11.0,佐賀,サガデーナイト競馬賞(C1),1:32.9,2.7,晴,345.2,10.0,,nar,2026-08-30,48.72,44.0,68.9,0.0,59.0,60.0,43.8,前走人気以上 / 履歴少 / 人気以上に走る傾向
202635083005,2026-08-30,5,ハミッツキャンディ,2.0,2.0,高橋悠里,56.0,,9.0,3.0,水沢,3歳C2三組,1:32.2,4.0,雨,4.0,5.0,水沢,3歳C1二組,1:33.0,1.0,曇,7.0,5.0,盛岡,3歳C1二組,1:29.3,2.3,小雨,2.0,3.0,門別,産声に喝采を特別(未勝利)(2歳),1:03.9,0.3,晴,6.0,6.0,門別,2歳未勝利(未勝利),1:12.4,1.7,晴,314.2,10.0,,nar,2026-08-30,45.05,59.8,37.2,39.5,24.5,48.7,48.8,履歴少
202655083005,2026-08-30,5,バウンドトゥウィン,5.0,5.0,青海大樹,53.0,,3.0,1.0,佐賀,C1ー3組,1:32.0,0.5,曇,6.0,5.0,佐賀,長崎街道田代宿特選(C1),1:25.6,0.7,曇,1.0,3.0,佐賀,サンスベリア賞(C1),1:23.6,-0.1,小雨,6.0,5.0,佐賀,C1ー4組,1:32.0,1.7,曇,8.0,8.0,佐賀,C1ー4組,1:32.1,0.8,晴,27.3,6.0,,nar,2026-08-30,57.87,73.5,45.7,50.2,63.5,55.0,49.6,履歴少 / 市場オッズ妙味
202635083005,2026-08-30,5,ファイヤサラマンダ,1.0,1.0,菅原辰徳,56.0,,5.0,5.0,盛岡,3歳C2三組,1:27.5,1.7,晴,11.0,8.0,園田,C3,1:23.0,2.6,晴,2.0,5.0,園田,柞田7ハロン3歳C2,1:34.2,0.7,曇,7.0,6.0,園田,蒲江7ハロン3歳C2,1:33.7,0.9,晴,5.0,7.0,園田,3歳C2一,1:35.1,1.1,晴,133.6,9.0,,nar,2026-08-30,54.82,58.4,49.3,60.5,57.5,54.1,48.8,履歴少 / 安定感
202655083005,2026-08-30,5,フクノエヴリー,7.0,7.0,田中直人,56.0,,5.0,4.0,佐賀,C1ー3組,1:33.5,2.0,曇,8.0,4.0,佐賀,カーネリアン賞(C1),1:32.9,1.8,曇,4.0,7.0,金沢,金沢競馬B2プレミア,1:39.8,0.9,雨,7.0,2.0,金沢,立夏特別(B2),1:35.1,1.7,晴,1.0,2.0,金沢,結翔入学おめでとう!(B2),1:34.6,-0.2,晴,67.6,8.0,,nar,2026-08-30,53.16,64.6,40.7,60.5,50.0,49.6,51.2,佐賀実績 / 履歴少 / 安定感
202665083005,2026-08-30,5,ホクセイコウヘイ,1.0,1.0,渡来心路,610.0,,,,,,,,,,,,,,,,,,,,,,,,,,,,,,,,,,,,,,,,nar,2026-08-30,36.18,35.0,35.0,35.0,35.0,35.0,46.8,履歴少
202665083005,2026-08-30,5,ホクセイジュリア,7.0,7.0,中村太陽,590.0,,,,,,,,,,,,,,,,,,,,,,,,,,,,,,,,,,,,,,,,nar,2026-08-30,36.0,35.0,35.0,35.0,35.0,35.0,45.0,履歴少
202655083005,2026-08-30,5,ポッピンベリー,8.0,7.0,山下裕貴,54.0,,7.0,6.0,佐賀,一発逆転ファイナルレ,1:32.7,2.7,曇,6.0,10.0,佐賀,ラグーン賞(B),1:30.7,0.8,晴,8.0,8.0,佐賀,Bー6組,1:32.0,2.4,曇,7.0,9.0,佐賀,AIパッカル賞(B),1:31.0,1.6,晴,7.0,6.0,佐賀,ヘリオトロープ賞(B),1:31.4,1.4,曇,57.1,7.0,,nar,2026-08-30,46.27,52.4,56.2,0.0,50.0,55.2,43.8,履歴少
202635083005,2026-08-30,5,マツリダシリウス,4.0,4.0,野畑凌,56.0,,2.0,2.0,盛岡,3歳C2四組,1:13.8,0.3,曇,9.0,9.0,1函館8,3歳未勝利,1:49.0,2.1,曇,12.0,11.0,1函館3,3歳未勝利,1:48.2,1.5,曇,11.0,10.0,3中山3,3歳未勝利,1:56.8,2.9,雨,8.0,8.0,1中山6,3歳未勝利,1:58.5,3.0,晴,8.5,4.0,,nar,2026-08-30,52.32,46.8,47.6,30.4,98.0,52.8,50.0,近走上向き
202665083005,2026-08-30,5,ヤマトリキ,8.0,8.0,金田利貴,610.0,,,,,,,,,,,,,,,,,,,,,,,,,,,,,,,,,,,,,,,,nar,2026-08-30,36.18,35.0,35.0,35.0,35.0,35.0,46.8,履歴少
202635083005,2026-08-30,5,ユキノレックス,5.0,5.0,高松亮,56.0,,9.0,9.0,盛岡,3歳C2三組,1:29.7,3.9,晴,10.0,9.0,盛岡,3歳C2三組,1:28.3,3.4,曇,10.0,11.0,盛岡,紫波deエール5周年(3歳C2),1:29.7,2.8,曇,8.0,6.0,盛岡,3歳C2一組,1:16.4,2.2,曇,6.0,8.0,水沢,3歳C2三組,1:30.7,2.5,雨,603.9,11.0,,nar,2026-08-30,39.29,36.1,49.0,0.0,47.0,50.9,46.5,総合評価
202655083005,2026-08-30,5,ルーメン,2.0,2.0,石川慎将,54.0,,8.0,5.0,佐賀,長崎街道轟木宿特選(C1),0:55.6,1.2,曇,1.0,3.0,佐賀,サガデーナイト競馬賞(C1),1:30.5,-0.2,曇,10.0,7.0,佐賀,ジェイド特選(C1),1:58.5,2.7,曇,3.0,4.0,佐賀,AIパッカル賞(C1),1:31.5,1.5,曇,3.0,1.0,佐賀,C1ー4組,1:31.6,0.3,晴,12.0,3.0,,nar,2026-08-30,50.94,64.8,42.5,49.8,27.5,57.3,52.9,佐賀実績 / 履歴少 / 市場オッズ妙味
202665083006,2026-08-30,6,アアモンドクリン,2.0,2.0,阿部優哉,600.0,,,,,,,,,,,,,,,,,,,,,,,,,,,,,,,,,,,,,,,,nar,2026-08-30,36.18,35.0,35.0,35.0,35.0,35.0,46.8,履歴少
202635083006,2026-08-30,6,エコロアビス,10.0,8.0,山本政聡,54.0,,9.0,6.0,盛岡,3歳C2二組,1:27.7,3.8,晴,3.0,1.0,盛岡,3歳C2二組,1:26.2,0.5,曇,9.0,4.0,1函館5,3歳未勝利,1:45.6,2.5,晴,8.0,6.0,1函館4,3歳未勝利,1:09.1,0.8,小雨,7.0,4.0,1福島1,3歳未勝利,1:10.5,1.1,晴,5.4,4.0,,nar,2026-08-30,40.06,50.8,29.0,24.9,36.5,45.6,51.2,盛岡実績 / 履歴少
202655083006,2026-08-30,6,コスモコンクエスト,7.0,7.0,長田進仁,56.0,,10.0,7.0,佐賀,葉月賞(B),1:59.6,3.6,晴,8.0,3.0,佐賀,サガデーナイト競馬賞(B),1:32.4,2.0,晴,8.0,8.0,大井,C1二　三四(C1三),1:29.6,1.5,晴,2.0,8.0,大井,ビジュー賞(C1六),1:43.1,0.0,晴,4.0,9.0,大井,シャンゼリゼ賞(C1),1:43.4,0.8,曇,23.9,5.0,,nar,2026-08-30,42.36,49.4,44.6,24.9,23.0,54.8,43.8,履歴少 / 市場オッズ妙味
202665083006,2026-08-30,6,コトブキクィーン,1.0,1.0,鈴木恵介,600.0,,,,,,,,,,,,,,,,,,,,,,,,,,,,,,,,,,,,,,,,nar,2026-08-30,36.0,35.0,35.0,35.0,35.0,35.0,45.0,履歴少
202655083006,2026-08-30,6,コワン,2.0,2.0,出水拓人,54.0,,9.0,7.0,佐賀,あさがお賞(B),1:32.6,2.4,曇,2.0,7.0,佐賀,ネジバナ賞,1:30.8,1.3,曇,4.0,6.0,佐賀,サガデーナイト競馬賞(B),1:23.6,0.8,小雨,9.0,7.0,佐賀,オッズパーク杯(B),1:33.8,4.3,晴,10.0,7.0,佐賀,カーネーション特別(B),1:25.5,2.6,晴,45.7,8.0,,nar,2026-08-30,50.92,57.0,53.0,44.7,33.5,56.3,49.6,履歴少 / 市場オッズ妙味
202655083006,2026-08-30,6,サムシンググレート,4.0,4.0,川島拓,56.0,,5.0,6.0,佐賀,クレオメ賞(B),1:32.8,1.5,晴,8.0,3.0,佐賀,ラベンダー特別(B),1:31.9,1.2,曇,5.0,1.0,佐賀,サガデーナイト競馬賞(B),1:23.8,1.0,小雨,1.0,2.0,佐賀,サガデーナイト競馬賞(B),1:30.3,-0.1,晴,1.0,8.0,佐賀,長崎街道飯塚宿特選(C1),1:30.8,-0.1,晴,26.1,6.0,,nar,2026-08-30,58.06,70.0,44.0,75.1,42.5,56.3,59.2,佐賀実績 / クラス条件好転 / 履歴少 / 安定感
202655083006,2026-08-30,6,ジャズダンス,10.0,8.0,後藤武蔵,53.0,,8.0,9.0,佐賀,葉月賞(B),1:59.4,3.4,晴,6.0,6.0,佐賀,文月特別(B),1:58.3,4.2,雨,1.0,5.0,佐賀,サガデーナイト競馬賞(B),1:22.8,-0.3,小雨,8.0,10.0,佐賀,水無月特別(B),2:00.6,1.4,雨,5.0,2.0,佐賀,サガデーナイト競馬賞(B),1:31.6,0.9,晴,31.0,7.0,,nar,2026-08-30,51.77,61.5,57.5,30.1,32.0,57.3,52.6,クラス条件好転 / 履歴少 / 市場オッズ妙味
202635083006,2026-08-30,6,ジャージーテーラー,1.0,1.0,阿部英俊,54.0,,5.0,9.0,盛岡,3歳C2二組,1:26.7,2.8,晴,6.0,3.0,盛岡,3歳C2二組,1:27.0,1.3,曇,5.0,4.0,盛岡,紫波deエール5周年(3歳C2),1:27.8,0.9,曇,1.0,2.0,盛岡,3歳C2四組,1:14.5,0.0,晴,5.0,2.0,水沢,3歳C2七組,1:23.5,0.8,曇,43.4,6.0,,nar,2026-08-30,59.53,70.7,50.7,75.1,45.5,55.0,54.0,盛岡実績 / 前走人気以上 / 安定感 / 市場オッズ妙味
202635083006,2026-08-30,6,ストームアイ,8.0,7.0,村上忍,54.0,,1.0,2.0,盛岡,3歳C2五組,1:14.1,-0.1,曇,2.0,2.0,盛岡,3歳C2七組,1:15.0,1.7,晴,16.0,17.0,2東京10,3歳未勝利,1:34.7,1.7,晴,13.0,16.0,1福島5,3歳未勝利,2:01.9,1.3,晴,10.0,13.0,5中京1,2歳未勝利,2:02.8,1.5,晴,2.3,1.0,,nar,2026-08-30,62.81,56.8,58.7,55.3,100.0,58.7,59.5,盛岡実績 / 履歴少 / 近走上向き
202665083006,2026-08-30,6,スーパーサンセイ,8.0,7.0,臼杵龍美,610.0,,,,,,,,,,,,,,,,,,,,,,,,,,,,,,,,,,,,,,,,nar,2026-08-30,36.0,35.0,35.0,35.0,35.0,35.0,45.0,履歴少
202665083006,2026-08-30,6,スーパーハリアー,6.0,6.0,中村太陽,620.0,,,,,,,,,,,,,,,,,,,,,,,,,,,,,,,,,,,,,,,,nar,2026-08-30,36.0,35.0,35.0,35.0,35.0,35.0,45.0,履歴少
202635083006,2026-08-30,6,セツナサ,5.0,5.0,高松亮,56.0,,2.0,2.0,盛岡,3歳C2三組,1:26.2,1.3,曇,16.0,5.0,2東京4,3歳未勝利,1:30.8,5.2,曇,10.0,2.0,3中山2,3歳未勝利,1:49.9,2.0,晴,5.0,2.0,2中山1,3歳未勝利,2:02.0,0.3,晴,3.0,2.0,5中山3,2歳新馬,1:49.0,0.5,晴,5.4,3.0,,nar,2026-08-30,46.52,52.1,16.0,55.3,89.0,42.2,48.8,履歴少 / 近走上向き
202635083006,2026-08-30,6,ゼットナッキー,2.0,2.0,塚本涼人,54.0,,10.0,10.0,盛岡,3歳C2二組,1:28.6,4.7,晴,7.0,8.0,盛岡,3歳C2二組,1:27.4,1.7,曇,6.0,5.0,盛岡,紫波deエール5周年(3歳C2),1:27.9,1.0,曇,7.0,10.0,盛岡,3歳C1三組,1:28.4,1.5,曇,9.0,8.0,水沢,3歳C2二組,1:31.3,2.3,雨,135.8,9.0,,nar,2026-08-30,41.22,44.6,52.7,0.0,33.5,52.9,46.5,総合評価
202655083006,2026-08-30,6,タケノオーカン,1.0,1.0,山田義貴,56.0,,1.0,4.0,佐賀,長崎街道轟木宿特選(C1),0:54.4,-0.6,曇,4.0,6.0,佐賀,ラグーン賞(B),1:30.5,0.6,晴,2.0,4.0,佐賀,長崎街道原田宿特選(C1),1:31.3,0.9,晴,1.0,1.0,佐賀,C1ー4組,1:30.3,-0.4,曇,1.0,4.0,佐賀,C1ー9組,1:30.2,-0.8,晴,5.7,3.0,,nar,2026-08-30,75.05,92.4,64.8,100.0,56.0,63.9,59.5,佐賀実績 / 前走人気以上 / 履歴少 / 安定感
202655083006,2026-08-30,6,ダノンリュラ,8.0,7.0,長谷川蓮,54.0,,15.0,12.0,2福島5,3歳以上1勝クラス,1:10.1,2.3,曇,18.0,9.0,4新潟2,3歳以上1勝クラス,1:11.3,1.5,曇,4.0,5.0,4中山6,3歳以上1勝クラス,1:12.2,0.8,曇,9.0,5.0,2札幌3,3歳以上1勝クラス,1:11.1,0.9,曇,3.0,3.0,2東京3,3歳1勝クラス,1:21.5,0.3,晴,3.2,2.0,,nar,2026-08-30,29.9,28.9,25.2,30.1,11.0,41.5,50.0,総合評価
202655083006,2026-08-30,6,テーオースミス,9.0,8.0,椿聡太,53.0,,9.0,3.0,佐賀,葉月賞(B),1:59.5,3.5,晴,1.0,1.0,佐賀,サガデーナイト競馬賞(B),1:30.4,-0.5,晴,1.0,4.0,佐賀,Bー6組,1:29.6,-1.6,曇,4.0,4.0,佐賀,AIパッカル賞(B),1:30.2,0.8,晴,2.0,3.0,佐賀,エメラルド特選(C1),2:00.5,0.4,晴,7.8,4.0,,nar,2026-08-30,54.42,76.2,42.1,69.6,8.0,57.4,56.2,佐賀実績 / 履歴少 / 安定感
202635083006,2026-08-30,6,ハッピーカーン,9.0,7.0,大坪慎,56.0,,1.0,4.0,盛岡,3歳C2六組,1:13.5,-0.1,曇,14.0,13.0,2福島3,3歳未勝利,1:49.8,2.6,曇,8.0,8.0,1中山4,3歳未勝利,1:58.4,2.9,曇,5.0,6.0,5中山8,2歳未勝利,1:58.0,1.1,晴,7.0,6.0,5東京7,2歳新馬,1:28.2,2.3,晴,3.9,2.0,,nar,2026-08-30,58.2,54.4,54.9,45.0,95.0,57.1,50.0,前走人気以上 / 近走上向き
202665083006,2026-08-30,6,ヒメトラマリア,9.0,8.0,大友一馬,600.0,,,,,,,,,,,,,,,,,,,,,,,,,,,,,,,,,,,,,,,,nar,2026-08-30,36.18,35.0,35.0,35.0,35.0,35.0,46.8,履歴少
202655083006,2026-08-30,6,ファイナルソード,3.0,3.0,竹吉徹,56.0,,4.0,7.0,佐賀,クレオメ賞(B),1:32.5,1.2,晴,7.0,7.0,佐賀,ラグーン賞(B),1:31.1,1.2,晴,4.0,9.0,佐賀,Bー6組,1:31.5,1.9,曇,8.0,6.0,佐賀,AIパッカル賞(B),1:31.6,2.2,晴,6.0,3.0,佐賀,ヘリオトロープ賞(B),1:31.0,1.0,曇,63.0,10.0,,nar,2026-08-30,58.37,63.7,59.1,50.2,63.5,55.5,49.6,前走人気以上 / 履歴少
202655083006,2026-08-30,6,フランシナテソーロ,5.0,5.0,飛田愛斗,54.0,,3.0,1.0,佐賀,葉月賞(B),1:57.4,1.4,晴,1.0,1.0,佐賀,文月特別(B),1:54.1,-1.2,雨,1.0,1.0,佐賀,Bー4組,1:29.3,-1.0,曇,2.0,1.0,佐賀,オッズパーク杯(B),1:30.0,0.5,晴,2.0,2.0,佐賀,AIパッカル賞(B),1:23.2,0.4,曇,2.1,1.0,,nar,2026-08-30,67.15,93.1,44.7,100.0,41.0,51.2,62.5,佐賀実績 / クラス条件好転 / 履歴少 / 安定感
202635083006,2026-08-30,6,ベネファクター,4.0,4.0,山本聡紀,56.0,,6.0,7.0,盛岡,3歳C2二組,1:27.2,3.3,晴,5.0,2.0,盛岡,3歳C2二組,1:26.5,0.8,曇,1.0,2.0,盛岡,3歳C2六組,1:13.6,-0.9,曇,5.0,1.0,盛岡,3歳C2五組,1:15.8,2.2,晴,10.0,11.0,2東京12,3歳未勝利,1:40.9,1.8,晴,49.2,7.0,,nar,2026-08-30,55.38,67.8,44.9,59.3,45.5,53.7,55.3,盛岡実績 / 履歴少 / 市場オッズ妙味
202665083006,2026-08-30,6,ホクショウラナ,3.0,3.0,阿部武臣,600.0,,,,,,,,,,,,,,,,,,,,,,,,,,,,,,,,,,,,,,,,nar,2026-08-30,36.0,35.0,35.0,35.0,35.0,35.0,45.0,履歴少
202665083006,2026-08-30,6,ホクセイシンノスケ,4.0,4.0,島津新,620.0,,,,,,,,,,,,,,,,,,,,,,,,,,,,,,,,,,,,,,,,nar,2026-08-30,36.0,35.0,35.0,35.0,35.0,35.0,45.0,履歴少
202665083006,2026-08-30,6,ホクセイソウリ,5.0,5.0,中原蓮,620.0,,,,,,,,,,,,,,,,,,,,,,,,,,,,,,,,,,,,,,,,nar,2026-08-30,36.0,35.0,35.0,35.0,35.0,35.0,45.0,履歴少
202665083006,2026-08-30,6,ホクセイミドリコ,10.0,8.0,船山蔵人,600.0,,,,,,,,,,,,,,,,,,,,,,,,,,,,,,,,,,,,,,,,nar,2026-08-30,36.0,35.0,35.0,35.0,35.0,35.0,45.0,履歴少
202665083006,2026-08-30,6,ミオリブロッサム,7.0,7.0,今井千尋,590.0,,,,,,,,,,,,,,,,,,,,,,,,,,,,,,,,,,,,,,,,nar,2026-08-30,36.0,35.0,35.0,35.0,35.0,35.0,45.0,履歴少
202635083006,2026-08-30,6,ミスメリッサ,11.0,8.0,関本玲花,52.0,,8.0,10.0,盛岡,3歳C2一組,1:28.3,2.1,晴,12.0,12.0,盛岡,3歳C2一組,1:28.0,1.8,曇,8.0,11.0,盛岡,22GARAGE賞(3歳C2),1:28.7,1.8,曇,7.0,10.0,盛岡,3歳C1二組,1:29.1,1.5,曇,6.0,10.0,水沢,3歳C2一組,1:31.1,2.0,雨,148.9,10.0,,nar,2026-08-30,45.38,38.8,64.4,0.0,51.5,58.7,46.5,前走人気以上
202635083006,2026-08-30,6,リオンアンサー,7.0,6.0,佐々木志,54.0,,2.0,2.0,盛岡,3歳C2三組,1:26.5,0.7,晴,6.0,3.0,盛岡,3歳C2三組,1:26.6,1.7,曇,1.0,3.0,盛岡,3歳C2七組,1:14.6,0.0,曇,11.0,15.0,3東京4,3歳未勝利,1:21.0,2.5,晴,12.0,14.0,1新潟7,3歳未勝利,1:14.4,2.2,晴,9.1,5.0,,nar,2026-08-30,61.6,66.8,53.1,50.2,83.0,62.6,54.0,盛岡実績 / 履歴少 / 近走上向き
202635083006,2026-08-30,6,リケアリングイネ,3.0,3.0,小林凌,54.0,,11.0,9.0,盛岡,3歳C2一組,1:32.6,6.4,晴,12.0,12.0,盛岡,22GARAGE賞(3歳C2),1:29.9,3.0,曇,9.0,9.0,盛岡,3歳C1二組,1:29.6,2.0,曇,11.0,7.0,水沢,3歳C2一組,1:34.8,5.7,雨,11.0,8.0,水沢,3歳C1一組,1:36.9,5.0,曇,185.6,11.0,,nar,2026-08-30,32.19,21.2,39.5,0.0,48.5,45.1,46.5,総合評価
202655083006,2026-08-30,6,ワールドペコ,6.0,6.0,中山蓮王,54.0,,8.0,4.0,佐賀,オレンジサファイア賞(B),1:33.0,2.0,曇,1.0,1.0,園田,C3二,0:51.1,0.0,晴,6.0,2.0,園田,C3,0:52.1,0.6,晴,5.0,7.0,園田,米地ダッシュC3,0:52.2,0.5,晴,7.0,5.0,園田,C3二,0:51.9,0.3,晴,61.7,9.0,,nar,2026-08-30,47.14,65.4,36.6,39.5,30.5,47.4,50.0,総合評価
202635083006,2026-08-30,6,ヴァンクールナイト,6.0,6.0,高橋悠里,56.0,,9.0,9.0,盛岡,3歳C2一組,1:27.0,0.8,曇,4.0,5.0,佐賀,3歳ー8組,1:33.7,0.8,晴,5.0,3.0,佐賀,3歳ー7組,1:33.3,1.1,晴,1.0,3.0,佐賀,SAGAリベンジャー(3歳),1:32.9,-0.1,晴,3.0,4.0,佐賀,SAGAリベンジャー(3歳),1:33.7,0.3,晴,66.9,8.0,,nar,2026-08-30,53.82,66.6,51.7,69.6,15.5,54.8,48.8,履歴少 / 安定感
202655083007,2026-08-30,7,アッシュアール,6.0,6.0,青海大樹,55.0,,1.0,1.0,佐賀,九州馬主協会☆結☆佐,1:33.3,0.0,晴,4.0,7.0,佐賀,佐賀ユーススプリント(重賞),1:29.2,1.2,雨,2.0,4.0,佐賀,サガデーナイト競馬賞(B),1:23.1,0.3,小雨,7.0,10.0,佐賀,九州優駿栄城賞(重賞),2:13.8,1.4,晴,7.0,8.0,佐賀,佐賀かささぎスプリン(重賞),1:24.3,1.2,晴,2.7,2.0,,nar,2026-08-30,69.25,80.5,61.8,75.1,74.0,60.1,55.9,佐賀実績 / クラス条件好転 / 履歴少 / 近走上向き
202655083007,2026-08-30,7,アナザーヴィータ,8.0,8.0,中山蓮王,56.0,,10.0,12.0,佐賀,一発逆転ファイナルレ,1:33.2,3.2,曇,6.0,8.0,佐賀,UMATENA賞(C1),1:31.9,2.6,雨,8.0,7.0,佐賀,C1ー7組,1:31.8,2.1,小雨,4.0,8.0,佐賀,KYUSHUDREA(C1),1:31.1,0.3,雨,5.0,7.0,佐賀,AIパッカル賞(C1),1:32.4,0.9,晴,102.4,8.0,,nar,2026-08-30,48.01,50.3,61.9,24.9,24.5,58.5,49.6,履歴少
202635083007,2026-08-30,7,アニマルクィーン,4.0,4.0,山本政聡,54.0,,2.0,2.0,盛岡,C1,1:27.2,0.2,曇,2.0,5.0,盛岡,C1,1:27.0,0.8,晴,6.0,7.0,盛岡,イグナイター特別(C1),1:27.6,0.7,曇,3.0,8.0,水沢,ローレルリバー特別(C1),1:28.8,1.7,小雨,9.0,7.0,水沢,ホワイトクローバー賞(C1),1:47.2,2.1,曇,5.6,4.0,,nar,2026-08-30,67.12,78.7,60.3,69.9,68.0,61.9,54.0,盛岡実績 / 履歴少 / 近走上向き / 安定感
202655083007,2026-08-30,7,アニラ,3.0,3.0,小松丈二,54.0,,5.0,4.0,佐賀,C1ー4組,1:31.8,1.5,曇,1.0,3.0,佐賀,里帰りJC第1戦ホー(C1),1:31.4,-0.8,晴,5.0,2.0,佐賀,父の日賞(C1),1:30.7,0.9,曇,1.0,1.0,佐賀,C1ー13組,1:24.1,-0.2,曇,3.0,2.0,佐賀,KYUSHUDREA(C1),1:24.4,0.5,晴,8.9,3.0,,nar,2026-08-30,64.38,82.3,46.5,100.0,35.0,57.4,59.5,佐賀実績 / 履歴少 / 安定感
202635083007,2026-08-30,7,インセプション,3.0,3.0,山本聡紀,56.0,,6.0,4.0,盛岡,シェパーズパース賞(C1),1:27.6,0.9,曇,10.0,10.0,水沢,B2,1:31.3,3.0,曇,12.0,12.0,水沢,B2,1:34.2,3.8,晴,1.0,12.0,水沢,B2,1:31.8,-0.3,晴,11.0,8.0,水沢,C1,1:32.7,3.5,曇,35.5,9.0,,nar,2026-08-30,48.21,44.2,54.8,14.6,65.0,56.7,51.8,クラス条件好転 / 履歴少 / 近走上向き / 市場オッズ妙味
202635083007,2026-08-30,7,エムティリラ,7.0,7.0,佐々木志,54.0,,11.0,11.0,盛岡,C1二組,1:42.7,3.2,曇,10.0,8.0,浦和,朝顔特別(C3),1:31.3,1.7,雨,6.0,5.0,浦和,C2九,1:33.5,2.3,曇,11.0,6.0,浦和,八潮市ハッピーこまち(C2),1:41.3,3.4,曇,7.0,3.0,浦和,幸手権現堂桜堤賞(C2),1:33.4,2.7,曇,54.4,10.0,,nar,2026-08-30,33.62,33.2,37.1,0.0,35.0,43.1,51.8,クラス条件好転 / 履歴少
202665083007,2026-08-30,7,エレジー,10.0,8.0,中原蓮,600.0,,,,,,,,,,,,,,,,,,,,,,,,,,,,,,,,,,,,,,,,nar,2026-08-30,36.0,35.0,35.0,35.0,35.0,35.0,45.0,履歴少
202665083007,2026-08-30,7,キョウエイハンター,8.0,7.0,菅原響希,620.0,,,,,,,,,,,,,,,,,,,,,,,,,,,,,,,,,,,,,,,,nar,2026-08-30,36.0,35.0,35.0,35.0,35.0,35.0,45.0,履歴少
202635083007,2026-08-30,7,キープオントップ,2.0,2.0,山本聡哉,56.0,,10.0,7.0,盛岡,夢・希望未来へ前進(B2),1:40.8,2.3,曇,4.0,4.0,盛岡,C1,1:26.2,1.3,曇,4.0,6.0,盛岡,C1,1:26.8,1.0,曇,1.0,3.0,水沢,C1,1:28.4,-0.1,雨,6.0,4.0,盛岡,C1一組,1:41.1,1.5,晴,4.9,2.0,,nar,2026-08-30,50.6,63.3,47.0,59.3,12.5,56.1,51.5,盛岡実績
202635083007,2026-08-30,7,ギオンプリンセス,9.0,8.0,斉藤友香,50.0,,9.0,1.0,盛岡,シェパーズパース賞(C1),1:28.1,1.4,曇,9.0,2.0,盛岡,C1,1:27.5,1.1,晴,1.0,3.0,盛岡,C1,1:27.4,-0.1,晴,4.0,1.0,水沢,C1五組,1:28.2,0.4,曇,1.0,2.0,水沢,C2四組,1:28.6,-0.7,雨,10.0,6.0,,nar,2026-08-30,41.63,61.1,21.2,44.7,18.5,50.0,48.5,履歴少
202635083007,2026-08-30,7,コンバットスプーン,8.0,7.0,高橋悠里,54.0,,6.0,3.0,盛岡,C1,1:13.0,1.2,曇,4.0,1.0,盛岡,幽玄洞賞(C1),1:27.4,0.5,曇,3.0,4.0,水沢,種山高原賞(C1),1:28.0,0.5,小雨,2.0,5.0,水沢,C1,1:31.0,0.1,曇,7.0,2.0,盛岡,C1,1:27.3,0.9,曇,5.0,3.0,,nar,2026-08-30,53.71,72.6,39.2,59.3,38.0,52.3,49.8,総合評価
202655083007,2026-08-30,7,ゴルトツィーゲル,5.0,5.0,川島拓,56.0,,12.0,11.0,佐賀,長崎街道田代宿特選(C1),1:29.8,4.9,曇,4.0,9.0,佐賀,サガデーナイトフィー(C1),1:32.5,1.0,晴,9.0,7.0,佐賀,AIパッカル賞(C1),1:32.9,2.9,曇,6.0,8.0,佐賀,サガデーナイト競馬賞(C1),1:31.8,1.6,晴,7.0,11.0,佐賀,長崎街道木屋瀬宿特選(C1),1:31.2,1.8,晴,133.8,9.0,,nar,2026-08-30,43.98,43.8,58.8,24.9,17.0,56.8,46.3,履歴少
202665083007,2026-08-30,7,サトノプリンス,4.0,4.0,金田利貴,620.0,,,,,,,,,,,,,,,,,,,,,,,,,,,,,,,,,,,,,,,,nar,2026-08-30,36.18,35.0,35.0,35.0,35.0,35.0,46.8,履歴少
202665083007,2026-08-30,7,ジェイノミキ,2.0,2.0,臼杵龍美,590.0,,,,,,,,,,,,,,,,,,,,,,,,,,,,,,,,,,,,,,,,nar,2026-08-30,36.0,35.0,35.0,35.0,35.0,35.0,45.0,履歴少
202655083007,2026-08-30,7,ジューンナデシコ,1.0,1.0,飛田愛斗,54.0,,4.0,5.0,佐賀,盆送り火賞(C1),1:31.7,1.1,曇,8.0,5.0,笠松,佐伯伊織さん生誕記念(B),1:32.4,1.6,晴,7.0,5.0,笠松,B5組,1:31.8,1.3,晴,4.0,3.0,笠松,B3組,1:31.4,1.2,曇,4.0,6.0,笠松,B3組,1:46.4,0.5,晴,14.8,5.0,,nar,2026-08-30,55.52,63.3,44.6,55.3,60.5,59.5,48.8,履歴少 / 市場オッズ妙味
202655083007,2026-08-30,7,ジーティーレイナ,2.0,2.0,椿聡太,51.0,,1.0,1.0,佐賀,C1ー7組,1:31.4,-1.5,晴,1.0,2.0,佐賀,バーベナ賞(C1),1:30.3,-1.2,晴,3.0,1.0,佐賀,C1ー12組,1:23.9,0.4,雨,2.0,2.0,佐賀,C1ー15組,1:30.7,0.1,晴,1.0,1.0,佐賀,C2ー7組,1:31.0,-1.2,晴,1.9,1.0,,nar,2026-08-30,70.02,95.7,49.0,100.0,54.5,52.1,56.4,佐賀実績 / 安定感
202665083007,2026-08-30,7,スズカゼ,6.0,6.0,吉田理人,610.0,,,,,,,,,,,,,,,,,,,,,,,,,,,,,,,,,,,,,,,,nar,2026-08-30,36.0,35.0,35.0,35.0,35.0,35.0,45.0,履歴少
202635083007,2026-08-30,7,スパローズ,1.0,1.0,阿部英俊,56.0,,7.0,7.0,盛岡,御所湖賞(C1),1:27.0,0.9,曇,2.0,4.0,盛岡,C1,1:26.9,0.8,晴,11.0,3.0,盛岡,スマホで投票!楽天競(C1),1:42.0,2.4,曇,1.0,3.0,盛岡,C2一組,1:26.9,0.0,晴,3.0,4.0,盛岡,C2一組,1:26.8,0.5,晴,7.2,5.0,,nar,2026-08-30,52.51,66.0,45.2,49.8,33.5,56.5,52.9,盛岡実績 / 履歴少
202665083007,2026-08-30,7,ツガルケッパレフジ,5.0,5.0,鈴木恵介,620.0,,,,,,,,,,,,,,,,,,,,,,,,,,,,,,,,,,,,,,,,nar,2026-08-30,36.0,35.0,35.0,35.0,35.0,35.0,45.0,履歴少
202635083007,2026-08-30,7,テーオーカバリエ,10.0,8.0,塚本涼人,54.0,,4.0,9.0,盛岡,シェパーズパース賞(C1),1:27.1,0.4,曇,5.0,9.0,盛岡,C1,1:26.9,0.5,晴,10.0,8.0,盛岡,C1,1:27.8,2.9,曇,5.0,7.0,盛岡,C1,1:27.8,0.9,曇,8.0,9.0,水沢,ディセントラ賞(C1),1:42.7,1.9,雨,13.0,7.0,,nar,2026-08-30,64.43,60.0,67.6,69.9,68.0,67.4,54.0,盛岡実績 / 前走人気以上 / 人気以上に走る傾向 / 近走上向き
202665083007,2026-08-30,7,トモコ,7.0,7.0,西将太,600.0,,,,,,,,,,,,,,,,,,,,,,,,,,,,,,,,,,,,,,,,nar,2026-08-30,36.0,35.0,35.0,35.0,35.0,35.0,45.0,履歴少
202665083007,2026-08-30,7,ナナイロ,9.0,8.0,西謙一,620.0,,,,,,,,,,,,,,,,,,,,,,,,,,,,,,,,,,,,,,,,nar,2026-08-30,36.0,35.0,35.0,35.0,35.0,35.0,45.0,履歴少
202635083007,2026-08-30,7,ハツナギ,5.0,5.0,鈴木祐,56.0,,4.0,1.0,盛岡,プルメリア賞(C1),1:40.2,0.9,曇,5.0,1.0,水沢,ディセントラ賞(C1),1:41.4,0.6,雨,1.0,1.0,水沢,C1三組,1:28.0,-1.0,曇,5.0,4.0,園田,ポピー賞C1一,1:33.2,0.3,晴,3.0,3.0,園田,C1二,1:31.9,0.2,雨,4.3,1.0,,nar,2026-08-30,60.16,78.4,35.6,100.0,47.0,51.0,48.8,履歴少 / 安定感
202665083007,2026-08-30,7,フェスタクィーン,1.0,1.0,今井千尋,590.0,,,,,,,,,,,,,,,,,,,,,,,,,,,,,,,,,,,,,,,,nar,2026-08-30,36.0,35.0,35.0,35.0,35.0,35.0,45.0,履歴少
202655083007,2026-08-30,7,ベラジオボッキーニ,7.0,7.0,出水拓人,56.0,,8.0,5.0,佐賀,C1ー4組,1:33.5,3.2,曇,4.0,2.0,佐賀,C1ー7組,1:30.3,0.6,小雨,2.0,1.0,佐賀,C1ー9組,1:30.5,0.5,曇,1.0,1.0,佐賀,C1ー14組,1:24.0,-0.2,曇,2.0,2.0,佐賀,小満特選(C2),1:57.0,0.2,晴,10.8,4.0,,nar,2026-08-30,53.89,74.6,38.7,69.6,15.5,56.2,56.2,佐賀実績 / 履歴少 / 安定感
202655083007,2026-08-30,7,ポムヴェルト,9.0,8.0,田中直人,54.0,,5.0,10.0,佐賀,盆送り火賞(C1),1:32.0,1.4,曇,10.0,9.0,佐賀,サガデーナイト競馬賞(C1),1:34.4,3.9,曇,8.0,3.0,佐賀,サガデーナイトフィー(C1),1:33.8,2.3,晴,11.0,10.0,佐賀,長崎街道内野宿特選(C1),1:33.7,4.6,晴,9.0,9.0,佐賀,長崎街道飯塚宿特選(C1),1:32.1,1.3,晴,47.7,7.0,,nar,2026-08-30,48.99,43.0,51.0,30.4,77.0,51.5,46.3,前走人気以上 / 履歴少 / 近走上向き / 市場オッズ妙味
202635083007,2026-08-30,7,マカベウス,6.0,6.0,野畑凌,56.0,,8.0,6.0,盛岡,シェパーズパース賞(C1),1:27.7,1.0,曇,4.0,8.0,盛岡,C1,1:26.6,0.2,晴,8.0,9.0,盛岡,オッズパーク賞(C1),1:41.9,3.1,曇,1.0,8.0,盛岡,C1四組,1:27.1,-0.1,曇,7.0,8.0,水沢,不動の滝賞(C1),1:46.9,1.3,曇,13.6,8.0,,nar,2026-08-30,55.04,61.0,62.0,39.5,32.0,67.1,51.2,盛岡実績 / 履歴少 / 過小評価傾向 / 市場オッズ妙味
202665083007,2026-08-30,7,ヤマノトップ,3.0,3.0,中村太陽,620.0,,,,,,,,,,,,,,,,,,,,,,,,,,,,,,,,,,,,,,,,nar,2026-08-30,36.0,35.0,35.0,35.0,35.0,35.0,45.0,履歴少
202655083007,2026-08-30,7,ロードアライアンス,4.0,4.0,長田進仁,56.0,,3.0,9.0,佐賀,盆送り火賞(C1),1:31.7,1.1,曇,4.0,5.0,佐賀,AIパッカル賞(C1),1:32.4,1.7,晴,1.0,8.0,佐賀,C1ー15組,1:32.0,0.0,曇,7.0,4.0,佐賀,C1ー15組,1:32.7,2.1,晴,5.0,2.0,佐賀,緑風賞(C2),1:32.4,1.2,曇,44.2,6.0,,nar,2026-08-30,70.0,78.8,69.0,85.4,57.5,61.5,56.2,佐賀実績 / 前走人気以上 / 履歴少 / 人気以上に走る傾向
202655083008,2026-08-30,8,ウマナミカイドウ,1.0,1.0,小松丈二,56.0,,8.0,8.0,門別,ホクレンパールライス(C4),1:17.3,2.0,雨,9.0,10.0,門別,3歳以上C4ー2,1:17.8,2.3,曇,11.0,8.0,門別,日高サラブレッドサブ(C4),1:49.2,4.0,曇,9.0,6.0,門別,ゲラニウム特別(C4),1:40.9,3.4,曇,11.0,16.0,1福島5,3歳未勝利,2:01.8,1.4,晴,36.0,10.0,,nar,2026-08-30,40.52,33.6,48.1,0.0,62.0,51.7,48.8,履歴少
202665083008,2026-08-30,8,クラウンワン,1.0,1.0,鈴木恵介,530.0,,,,,,,,,,,,,,,,,,,,,,,,,,,,,,,,,,,,,,,,nar,2026-08-30,36.18,35.0,35.0,35.0,35.0,35.0,46.8,履歴少
202665083008,2026-08-30,8,クリスタルオリオン,8.0,7.0,西謙一,530.0,,,,,,,,,,,,,,,,,,,,,,,,,,,,,,,,,,,,,,,,nar,2026-08-30,36.0,35.0,35.0,35.0,35.0,35.0,45.0,履歴少
202655083008,2026-08-30,8,グランブーケ,3.0,3.0,椿聡太,51.0,,13.0,12.0,2小倉4,3歳未勝利,2:04.2,2.3,曇,8.0,10.0,3阪神3,3歳未勝利,1:35.2,1.0,晴,18.0,13.0,1中京1,3歳未勝利,2:02.8,2.4,晴,,,,,,,,,,,,,,,8.7,6.0,,nar,2026-08-30,32.5,16.2,42.6,0.0,50.0,48.1,50.0,総合評価
202635083008,2026-08-30,8,コスモスミッチー,4.0,4.0,村上忍,54.0,,8.0,11.0,川崎,夏草特別(B3二),1:45.8,1.2,曇,10.0,10.0,川崎,要潤さん来場記念(B3二),1:41.5,6.4,晴,14.0,14.0,川崎,手鞠花特別(B3二),1:39.4,3.2,晴,14.0,11.0,川崎,青葉空特別(B3二),1:46.9,3.6,晴,4.0,9.0,川崎,ファイナルアンサー賞(B3),1:37.7,0.5,雨,6.7,3.0,,nar,2026-08-30,43.23,28.2,56.9,10.3,65.0,55.4,48.8,前走人気以上 / 履歴少 / 近走上向き
202635083008,2026-08-30,8,コルヴィーナ,7.0,7.0,菅原辰徳,54.0,,1.0,2.0,盛岡,C1,1:26.1,-0.5,曇,3.0,7.0,盛岡,C1,1:27.3,1.1,晴,6.0,6.0,盛岡,C1,1:28.3,2.0,曇,10.0,3.0,盛岡,C1四組,1:29.2,2.1,曇,4.0,4.0,水沢,C1,1:28.9,0.6,小雨,12.7,6.0,,nar,2026-08-30,64.26,75.1,52.0,65.7,78.5,59.5,51.2,盛岡実績 / 履歴少 / 近走上向き / 安定感
202665083008,2026-08-30,8,ゴールドタカラ,10.0,8.0,島津新,530.0,,,,,,,,,,,,,,,,,,,,,,,,,,,,,,,,,,,,,,,,nar,2026-08-30,36.0,35.0,35.0,35.0,35.0,35.0,45.0,履歴少
202635083008,2026-08-30,8,シュンプウ,3.0,3.0,坂井瑛音,55.0,,10.0,10.0,盛岡,C1,1:01.4,1.8,晴,1.0,6.0,金沢,楽天競馬で馬券を買お(C2),0:57.6,0.0,雨,5.0,6.0,金沢,C22,1:38.3,2.1,晴,7.0,8.0,金沢,C15,1:44.6,2.3,晴,10.0,5.0,金沢,今年も能登復興支援シ(C1),1:37.1,2.4,晴,218.1,10.0,,nar,2026-08-30,50.71,57.3,57.5,44.7,24.5,54.8,48.8,履歴少
202635083008,2026-08-30,8,ステップ,6.0,6.0,高松亮,54.0,,5.0,2.0,盛岡,C1二組,1:40.2,0.7,曇,1.0,1.0,盛岡,C1,1:26.2,-0.8,晴,6.0,1.0,盛岡,べラジオオペラ特別(C1),1:27.2,0.9,晴,5.0,2.0,水沢,ローレルリバー特別(C1),1:29.1,2.0,小雨,2.0,1.0,水沢,C1,1:28.5,0.1,雨,6.7,4.0,,nar,2026-08-30,56.41,76.9,32.9,80.2,41.0,50.3,54.0,盛岡実績 / 履歴少 / 安定感
202655083008,2026-08-30,8,ゼットクイン,8.0,7.0,川島拓,54.0,,10.0,9.0,名古屋,名古屋CCマスカット(3歳),1:39.3,3.2,晴,15.0,18.0,3京都12,3歳未勝利,1:35.2,1.7,晴,13.0,7.0,1阪神7,3歳未勝利,2:01.7,5.4,晴,13.0,14.0,4京都5,2歳新馬,1:36.1,1.7,晴,,,,,,,,26.2,9.0,,nar,2026-08-30,34.38,11.0,45.3,0.0,72.0,49.2,48.8,履歴少 / 近走上向き
202655083008,2026-08-30,8,ダイメイミラクル,10.0,8.0,石川慎将,56.0,,12.0,11.0,2小倉7,3歳未勝利,1:56.0,10.5,晴,9.0,10.0,3京都3,3歳未勝利,1:54.8,2.2,晴,15.0,5.0,3中山6,3歳未勝利,1:14.8,3.2,晴,7.0,8.0,1中京3,3歳未勝利,1:57.7,2.0,晴,18.0,12.0,4新潟4,2歳新馬,1:42.9,5.2,雨,3.3,1.0,,nar,2026-08-30,30.45,20.2,32.5,0.0,51.5,41.6,50.0,総合評価
202655083008,2026-08-30,8,ダノンクラウディア,9.0,8.0,出水拓人,56.0,,15.0,12.0,2福島6,3歳未勝利,1:14.8,4.6,曇,15.0,6.0,1新潟5,3歳未勝利,2:09.5,15.2,晴,13.0,5.0,4東京10,2歳新馬,1:39.0,2.1,晴,,,,,,,,,,,,,,,20.6,8.0,,nar,2026-08-30,16.18,1.1,5.8,0.0,44.0,30.0,50.0,総合評価
202655083008,2026-08-30,8,ダンツカレン,2.0,2.0,飛田愛斗,54.0,,18.0,11.0,2中京4,3歳未勝利,2:03.2,3.5,晴,8.0,12.0,2小倉3,3歳未勝利,1:46.1,1.5,曇,12.0,14.0,2阪神5,3歳未勝利,2:02.3,1.1,晴,14.0,9.0,2阪神2,3歳未勝利,1:28.1,2.0,晴,8.0,5.0,1阪神7,3歳未勝利,1:58.6,2.3,晴,6.2,3.0,,nar,2026-08-30,26.09,17.9,37.6,0.0,5.0,46.2,50.0,前走人気以上
202665083008,2026-08-30,8,ツカサエンゼル,6.0,6.0,阿部優哉,510.0,,,,,,,,,,,,,,,,,,,,,,,,,,,,,,,,,,,,,,,,nar,2026-08-30,36.0,35.0,35.0,35.0,35.0,35.0,45.0,履歴少
202635083008,2026-08-30,8,トチノヒーロー,9.0,8.0,塚本涼人,56.0,,2.0,2.0,盛岡,ストロベリーキャンド(C1),1:25.6,0.3,晴,5.0,2.0,盛岡,B2二組,1:39.3,0.9,晴,2.0,2.0,水沢,B2三組,1:44.5,1.0,晴,2.0,3.0,盛岡,B2三組,1:39.6,0.2,晴,2.0,1.0,水沢,C2一組,1:29.4,0.1,晴,2.7,1.0,,nar,2026-08-30,67.01,86.0,45.1,100.0,54.5,52.3,62.5,盛岡実績 / クラス条件好転 / 履歴少 / 安定感
202665083008,2026-08-30,8,トマランサーレンカ,9.0,8.0,今井千尋,500.0,,,,,,,,,,,,,,,,,,,,,,,,,,,,,,,,,,,,,,,,nar,2026-08-30,36.0,35.0,35.0,35.0,35.0,35.0,45.0,履歴少
202665083008,2026-08-30,8,ヒロインミコ,4.0,4.0,渡来心路,510.0,,,,,,,,,,,,,,,,,,,,,,,,,,,,,,,,,,,,,,,,nar,2026-08-30,36.0,35.0,35.0,35.0,35.0,35.0,45.0,履歴少
202635083008,2026-08-30,8,ファルシオン,2.0,2.0,山本政聡,54.0,,1.0,1.0,盛岡,C1四組,1:26.5,-0.3,曇,7.0,2.0,水沢,C1,1:31.5,1.5,曇,5.0,1.0,盛岡,C1,1:00.6,0.2,曇,1.0,1.0,盛岡,C1三組,1:26.8,-0.7,曇,2.0,2.0,水沢,C1,1:31.1,0.1,小雨,4.8,2.0,,nar,2026-08-30,61.28,80.9,35.7,75.1,66.5,50.8,59.5,盛岡実績 / 履歴少 / 近走上向き / 安定感
202635083008,2026-08-30,8,フエルテテソーロ,5.0,5.0,斉藤友香,50.0,,3.0,1.0,水沢,B2,0:52.5,0.3,晴,2.0,9.0,盛岡,B2,1:00.9,0.7,晴,5.0,4.0,盛岡,B2,1:14.7,2.2,晴,7.0,4.0,水沢,B2,0:52.8,1.1,晴,7.0,6.0,水沢,B2,0:53.8,1.3,晴,31.3,9.0,,nar,2026-08-30,64.09,74.9,52.8,75.1,63.5,56.3,59.5,盛岡実績 / 履歴少 / 安定感 / 市場オッズ妙味
202665083008,2026-08-30,8,フジノモンスター,5.0,5.0,菊池一樹,530.0,,,,,,,,,,,,,,,,,,,,,,,,,,,,,,,,,,,,,,,,nar,2026-08-30,36.0,35.0,35.0,35.0,35.0,35.0,45.0,履歴少
202665083008,2026-08-30,8,ホクセイスピカ,2.0,2.0,西将太,510.0,,,,,,,,,,,,,,,,,,,,,,,,,,,,,,,,,,,,,,,,nar,2026-08-30,36.0,35.0,35.0,35.0,35.0,35.0,45.0,履歴少
202665083008,2026-08-30,8,ホクセイヤマト,3.0,3.0,長澤幸太,530.0,,,,,,,,,,,,,,,,,,,,,,,,,,,,,,,,,,,,,,,,nar,2026-08-30,36.18,35.0,35.0,35.0,35.0,35.0,46.8,履歴少
202665083008,2026-08-30,8,ホクセイワッショイ,7.0,7.0,阿部武臣,530.0,,,,,,,,,,,,,,,,,,,,,,,,,,,,,,,,,,,,,,,,nar,2026-08-30,36.0,35.0,35.0,35.0,35.0,35.0,45.0,履歴少
202635083008,2026-08-30,8,ミヤコプレジール,8.0,7.0,山本聡哉,56.0,,10.0,8.0,盛岡,ミルクティーローズ賞(C1),1:41.5,1.8,曇,7.0,2.0,盛岡,B2,1:26.5,1.0,雨,1.0,8.0,水沢,C1,1:30.0,-0.7,曇,4.0,5.0,盛岡,B2,1:27.8,0.8,晴,7.0,10.0,盛岡,B2三組,1:40.3,0.9,晴,7.9,5.0,,nar,2026-08-30,47.77,57.7,49.9,34.3,18.5,59.2,50.1,クラス条件好転 / 履歴少
202655083008,2026-08-30,8,ミヤノラングリー,4.0,4.0,山口勲,56.0,,13.0,16.0,2小倉3,3歳未勝利,1:10.5,1.2,雨,,7.0,3阪神6,3歳未勝利,,,晴,11.0,8.0,1阪神7,3歳未勝利,1:27.6,2.1,晴,,,,,,,,,,,,,,,4.3,2.0,,nar,2026-08-30,36.78,23.7,48.0,18.0,38.9,48.7,50.0,前走人気以上 / サンプル少
202655083008,2026-08-30,8,ユイノササヤキ,5.0,5.0,山下裕貴,56.0,,11.0,8.0,2新潟1,3歳未勝利,0:56.8,1.5,曇,,5.0,船橋,ベストサドル特別(3歳未格),,,晴,11.0,13.0,5中山7,2歳新馬,1:36.3,1.2,曇,,,,,,,,,,,,,,,7.3,4.0,,nar,2026-08-30,37.36,29.0,41.5,18.0,45.5,48.4,48.8,履歴少 / サンプル少
202655083008,2026-08-30,8,ラヴィングチャンプ,6.0,6.0,長田進仁,54.0,,11.0,9.0,3阪神4,3歳未勝利,1:58.1,2.2,曇,11.0,16.0,3京都9,3歳未勝利,1:47.4,1.2,曇,12.0,8.0,3京都6,2歳新馬,1:37.5,2.7,小雨,,,,,,,,,,,,,,,7.6,5.0,,nar,2026-08-30,35.07,17.9,48.6,0.0,53.0,51.2,48.8,履歴少
202635083008,2026-08-30,8,ロードアブソルート,10.0,8.0,山本聡紀,56.0,,1.0,5.0,盛岡,C1,1:27.0,-0.2,曇,10.0,8.0,盛岡,C1三組,1:27.5,1.4,晴,4.0,5.0,盛岡,C1,1:27.8,0.9,曇,7.0,6.0,盛岡,べラジオオペラ特別(C1),1:27.5,1.2,晴,12.0,4.0,水沢,ローレルリバー特別(C1),1:30.5,3.4,小雨,15.8,8.0,,nar,2026-08-30,59.8,61.2,49.6,50.2,93.5,59.9,51.2,盛岡実績 / 前走人気以上 / 履歴少 / 近走上向き
202655083008,2026-08-30,8,ワカワカ,7.0,7.0,山田義貴,54.0,,10.0,13.0,2小倉7,3歳未勝利,0:59.5,1.2,曇,10.0,8.0,園田,JRA交流氷ノ山特別,1:33.7,3.6,曇,12.0,15.0,2阪神1,3歳未勝利,1:14.3,2.2,晴,,,,,,,,,,,,,,,18.5,7.0,,nar,2026-08-30,40.87,23.8,59.4,0.0,56.0,57.5,51.8,クラス条件好転 / 前走人気以上 / 市場オッズ妙味
202635083008,2026-08-30,8,ヴィグルズマン,1.0,1.0,佐々木志,56.0,,5.0,4.0,盛岡,御所湖賞(C1),1:26.8,0.7,曇,8.0,8.0,盛岡,ストロベリーキャンド(C1),1:27.1,1.8,晴,6.0,10.0,盛岡,オッズパーク賞(C1),1:41.0,2.2,曇,3.0,7.0,盛岡,C1,1:26.4,0.6,曇,8.0,7.0,水沢,猊鼻渓賞(B2),1:30.0,1.5,晴,15.7,7.0,,nar,2026-08-30,57.11,60.3,56.8,45.0,57.5,65.6,51.2,盛岡実績 / 履歴少 / 過小評価傾向 / 市場オッズ妙味
202665083009,2026-08-30,9,アアモンドオーザン,8.0,8.0,大友一馬,640.0,,,,,,,,,,,,,,,,,,,,,,,,,,,,,,,,,,,,,,,,nar,2026-08-30,36.18,35.0,35.0,35.0,35.0,35.0,46.8,履歴少
202665083009,2026-08-30,9,アアモンドノサップ,4.0,4.0,阿部優哉,640.0,,,,,,,,,,,,,,,,,,,,,,,,,,,,,,,,,,,,,,,,nar,2026-08-30,36.18,35.0,35.0,35.0,35.0,35.0,46.8,履歴少
202635083009,2026-08-30,9,アイスボウル,8.0,7.0,関本玲花,54.0,,4.0,5.0,盛岡,御所湖賞(C1),1:26.5,0.4,曇,2.0,4.0,盛岡,C1,1:26.5,0.1,晴,2.0,7.0,盛岡,幽玄洞賞(C1),1:27.1,0.2,曇,6.0,7.0,盛岡,碁石海岸賞(C1),1:40.4,1.5,曇,5.0,8.0,水沢,種山高原賞(C1),1:28.6,1.1,小雨,9.2,5.0,,nar,2026-08-30,69.05,80.0,65.7,85.4,48.5,67.2,54.0,盛岡実績 / 前走人気以上 / 人気以上に走る傾向 / 安定感
202635083009,2026-08-30,9,アイディアリスト,3.0,3.0,高松亮,56.0,,2.0,3.0,盛岡,チックウィード賞(B2),1:27.0,0.2,晴,6.0,6.0,船橋,ふたご座スプリント(C2),1:16.9,1.2,雨,9.0,8.0,船橋,みどりの日特別(C2),1:46.7,1.8,曇,7.0,5.0,浦和,春暖特別(C2),1:31.0,0.8,晴,12.0,7.0,船橋,カイヤナイト特別(C2),1:48.6,2.4,晴,6.0,4.0,,nar,2026-08-30,53.67,58.9,45.1,30.4,89.0,51.2,48.8,履歴少 / 近走上向き
202665083009,2026-08-30,9,アオノオサムライ,7.0,7.0,臼杵龍美,630.0,,,,,,,,,,,,,,,,,,,,,,,,,,,,,,,,,,,,,,,,nar,2026-08-30,36.18,35.0,35.0,35.0,35.0,35.0,46.8,履歴少
202635083009,2026-08-30,9,アドマイヤルプス,6.0,6.0,斉藤友香,52.0,,11.0,3.0,水沢,B1三組,1:50.9,6.3,晴,6.0,1.0,水沢,B1二組,1:44.0,1.0,曇,2.0,3.0,水沢,B1三組,1:45.4,0.2,曇,1.0,2.0,水沢,C1一組,1:41.5,0.0,曇,2.0,3.0,水沢,社台スタリオンステー(C1),1:44.0,0.1,曇,22.5,8.0,,nar,2026-08-30,41.57,63.3,27.4,44.7,0.5,49.8,48.8,履歴少 / 市場オッズ妙味
202655083009,2026-08-30,9,エミネンスローズ,5.0,5.0,川島拓,54.0,,2.0,3.0,佐賀,C1ー3組,1:31.6,0.1,曇,10.0,7.0,佐賀,長崎街道田代宿特選(C1),1:25.9,1.0,曇,2.0,2.0,佐賀,サガデーナイトフィー(C1),1:32.2,0.7,晴,7.0,8.0,佐賀,長崎街道内野宿特選(C1),1:31.3,2.2,晴,7.0,9.0,佐賀,エメラルド特選(C1),2:01.0,0.9,晴,15.5,7.0,,nar,2026-08-30,59.29,66.1,49.4,50.2,77.0,62.3,49.6,履歴少 / 近走上向き / 市場オッズ妙味
202635083009,2026-08-30,9,オビディアント,9.0,8.0,小林凌,54.0,,7.0,3.0,園田,C3三,1:34.6,1.0,晴,7.0,7.0,園田,C3一,1:33.4,1.7,晴,3.0,4.0,園田,C3一,1:34.8,1.6,曇,4.0,4.0,園田,C3二,1:34.8,0.7,晴,9.0,9.0,園田,かつみさゆり☆来場記(C3),1:36.3,3.0,曇,83.1,10.0,,nar,2026-08-30,48.33,60.2,42.9,34.3,42.5,50.7,48.8,履歴少
202665083009,2026-08-30,9,キンプク,9.0,8.0,渡来心路,640.0,,,,,,,,,,,,,,,,,,,,,,,,,,,,,,,,,,,,,,,,nar,2026-08-30,36.18,35.0,35.0,35.0,35.0,35.0,46.8,履歴少
202655083009,2026-08-30,9,クライミーアリバー,12.0,8.0,長谷川蓮,54.0,,2.0,8.0,佐賀,一発逆転ファイナルレ,1:30.7,0.7,曇,5.0,3.0,佐賀,カーネリアン賞(C1),1:32.0,0.9,曇,5.0,4.0,佐賀,C1ー4組,1:31.9,0.6,晴,5.0,2.0,佐賀,C1ー4組,1:31.0,1.1,晴,3.0,3.0,佐賀,地図の日賞(C1),1:30.6,0.0,小雨,8.5,4.0,,nar,2026-08-30,68.73,76.9,54.8,100.0,65.0,59.1,59.5,佐賀実績 / 前走人気以上 / 履歴少 / 近走上向き
202655083009,2026-08-30,9,コスモバラタ,6.0,5.0,山下裕貴,56.0,,6.0,8.0,佐賀,ルビー特選(C1),1:57.5,1.0,曇,10.0,6.0,佐賀,ジュライ特選(C1),1:59.3,1.9,晴,7.0,4.0,高知,C3ー11,1:47.7,0.8,曇,6.0,5.0,高知,C3ー13,1:27.0,2.2,晴,5.0,3.0,高知,C3ー14,1:32.8,1.3,雨,45.9,11.0,,nar,2026-08-30,43.39,51.3,40.7,10.3,56.0,49.5,43.8,履歴少 / 市場オッズ妙味
202635083009,2026-08-30,9,ゴットリープ,1.0,1.0,南郷家全,56.0,,3.0,10.0,盛岡,B2,1:45.7,0.6,曇,6.0,5.0,盛岡,ストロベリーキャンド(C1),1:26.8,1.5,晴,5.0,7.0,盛岡,オッズパーク賞(C1),1:40.2,1.4,曇,8.0,12.0,盛岡,せきれい賞(重賞),2:34.0,2.0,曇,10.0,6.0,水沢,B2,1:45.5,3.8,晴,38.6,9.0,,nar,2026-08-30,62.62,63.2,67.1,50.2,75.5,61.5,51.2,盛岡実績 / 前走人気以上 / 履歴少 / 人気以上に走る傾向
202655083009,2026-08-30,9,サンサンタイヨウ,8.0,6.0,長田進仁,54.0,,2.0,6.0,佐賀,長崎街道轟木宿特選(C1),0:55.0,0.6,曇,4.0,8.0,佐賀,UMATENA有村の(C1),1:31.0,0.7,雨,7.0,8.0,佐賀,C1ー6組,1:31.8,1.9,小雨,7.0,6.0,佐賀,UMATENA桜衣か(C1),1:31.9,2.0,晴,11.0,11.0,佐賀,C1ー5組,1:32.5,1.7,晴,29.1,9.0,,nar,2026-08-30,64.5,66.8,65.9,55.3,81.5,61.5,49.6,前走人気以上 / 履歴少 / 人気以上に走る傾向 / 近走上向き
202665083009,2026-08-30,9,シンエイハリアー,6.0,6.0,吉田理人,610.0,,,,,,,,,,,,,,,,,,,,,,,,,,,,,,,,,,,,,,,,nar,2026-08-30,36.0,35.0,35.0,35.0,35.0,35.0,45.0,履歴少
202655083009,2026-08-30,9,スレイラー,4.0,4.0,飛田愛斗,54.0,,3.0,3.0,高知,3歳ー2,1:26.9,0.7,晴,6.0,3.0,高知,魚梁瀬杉特別(3歳),1:25.1,1.4,曇,6.0,1.0,高知,3歳ー2,1:34.3,1.9,晴,1.0,1.0,高知,3歳ー1,1:22.4,-0.9,雨,1.0,2.0,高知,3歳ー3,1:30.9,-0.6,晴,2.5,1.0,,nar,2026-08-30,55.97,77.3,38.6,55.3,53.0,49.3,51.8,クラス条件好転 / 履歴少
202635083009,2026-08-30,9,セイシークエンス,5.0,5.0,菅原辰徳,54.0,,8.0,10.0,盛岡,ミルクティーローズ賞(C1),1:41.3,1.6,曇,4.0,4.0,盛岡,ストロベリーキャンド(C1),1:26.6,1.3,晴,1.0,1.0,盛岡,C1,1:26.9,-0.2,曇,3.0,3.0,盛岡,べラジオオペラ特別(C1),1:26.7,0.4,晴,2.0,10.0,水沢,C1五組,1:28.1,0.3,曇,12.3,6.0,,nar,2026-08-30,60.42,73.8,60.0,69.6,17.0,67.2,55.3,盛岡実績 / 履歴少 / 安定感 / 過小評価傾向
202665083009,2026-08-30,9,ソラチ,1.0,1.0,赤塚健仁,640.0,,,,,,,,,,,,,,,,,,,,,,,,,,,,,,,,,,,,,,,,nar,2026-08-30,36.18,35.0,35.0,35.0,35.0,35.0,46.8,履歴少
202665083009,2026-08-30,9,トマランサカミカゼ,2.0,2.0,今井千尋,630.0,,,,,,,,,,,,,,,,,,,,,,,,,,,,,,,,,,,,,,,,nar,2026-08-30,36.0,35.0,35.0,35.0,35.0,35.0,45.0,履歴少
202635083009,2026-08-30,9,ハナカホノカ,2.0,2.0,阿部英俊,54.0,,1.0,2.0,盛岡,C1三組,1:25.4,0.0,曇,2.0,1.0,盛岡,C1三組,1:26.4,0.3,晴,2.0,3.0,盛岡,C1四組,1:27.0,0.1,曇,1.0,8.0,盛岡,C2四組,1:12.5,-0.8,晴,10.0,7.0,水沢,C2三組,1:31.3,3.3,曇,2.6,1.0,,nar,2026-08-30,71.25,89.0,56.7,89.7,66.5,57.3,59.5,盛岡実績 / 履歴少 / 近走上向き / 安定感
202655083009,2026-08-30,9,ハリーフラッグ,11.0,8.0,椿聡太,51.0,,6.0,7.0,佐賀,C1ー4組,1:32.5,2.2,曇,5.0,2.0,佐賀,サガデーナイト競馬賞(C1),1:33.5,3.0,曇,2.0,1.0,佐賀,C1ー4組,1:32.0,0.3,晴,1.0,1.0,佐賀,C1ー10組,1:23.5,-0.6,曇,2.0,2.0,佐賀,C1ー10組,1:23.7,0.3,曇,15.1,6.0,,nar,2026-08-30,58.41,77.5,45.5,69.6,29.0,59.6,56.2,佐賀実績 / 履歴少 / 安定感 / 市場オッズ妙味
202655083009,2026-08-30,9,フォレストターキン,1.0,1.0,出水拓人,54.0,,5.0,9.0,高知,3歳ー2,1:26.9,0.7,晴,4.0,4.0,高知,3歳ー5,0:50.3,1.1,晴,5.0,8.0,高知,第8回SOOUP優駿(3歳),1:31.1,0.7,雨,7.0,8.0,高知,3歳ー1,1:31.7,1.5,曇,8.0,7.0,高知,3歳ー2,1:24.6,1.4,曇,6.4,3.0,,nar,2026-08-30,62.83,65.2,63.0,75.1,56.0,62.5,50.0,前走人気以上 / 安定感
202655083009,2026-08-30,9,ペイシャプレイ,2.0,2.0,山田義貴,54.0,,9.0,5.0,高知,C3ー8,1:33.9,2.4,晴,2.0,1.0,高知,第8回SOOUP優駿(3歳),1:30.4,0.0,雨,6.0,1.0,高知,3歳ー2,1:25.7,1.2,雨,1.0,1.0,高知,3歳ー1,1:30.2,-0.2,曇,13.0,12.0,3京都3,3歳未勝利,1:14.5,3.0,晴,4.7,2.0,,nar,2026-08-30,44.5,60.7,32.1,39.5,29.0,47.8,48.8,履歴少
202655083009,2026-08-30,9,マジックステラ,3.0,3.0,田中純,56.0,,10.0,9.0,高知,3歳ー6,1:29.1,4.5,晴,8.0,8.0,高知,3歳ー7,0:52.5,2.8,晴,4.0,9.0,高知,ファイナルレース(3歳),1:32.9,0.7,曇,11.0,6.0,高知,3歳ー6,1:28.9,4.4,晴,5.0,9.0,高知,3歳ー6,1:32.7,2.8,雨,51.0,12.0,,nar,2026-08-30,45.0,44.4,52.6,30.1,32.0,53.5,50.0,総合評価
202635083009,2026-08-30,9,マルケイフォルテ,4.0,4.0,山本聡哉,56.0,,1.0,2.0,盛岡,シェパーズパース賞(C1),1:26.7,-0.1,曇,2.0,3.0,盛岡,C1,1:27.1,0.2,曇,5.0,4.0,盛岡,イグナイター特別(C1),1:27.5,0.6,曇,5.0,5.0,水沢,岩手県政150周年記(C1),1:42.7,0.9,雨,1.0,1.0,水沢,C1,1:28.0,-0.2,曇,4.8,2.0,,nar,2026-08-30,70.55,87.0,52.5,100.0,63.5,57.3,59.5,盛岡実績 / 履歴少 / 安定感
202665083009,2026-08-30,9,マルホンジュセ,5.0,5.0,長澤幸太,640.0,,,,,,,,,,,,,,,,,,,,,,,,,,,,,,,,,,,,,,,,nar,2026-08-30,36.0,35.0,35.0,35.0,35.0,35.0,45.0,履歴少
202655083009,2026-08-30,9,ミアソレイユ,10.0,7.0,濱尚美,52.0,,4.0,6.0,高知,ファイナルレース(3歳),1:26.6,0.8,晴,4.0,6.0,高知,3歳ー6,0:50.1,0.7,晴,6.0,8.0,高知,3歳ー3,1:27.5,1.0,雨,7.0,9.0,高知,3歳ー3,1:33.1,1.7,曇,8.0,8.0,高知,3歳ー4,1:26.3,2.9,曇,11.6,5.0,,nar,2026-08-30,61.95,66.0,62.6,55.3,63.5,65.6,50.0,過小評価傾向
202635083009,2026-08-30,9,ヤマショウクイーン,10.0,8.0,坂井瑛音,53.0,,2.0,7.0,盛岡,タブの大島賞(C1),1:00.0,1.0,晴,3.0,3.0,盛岡,C1,1:26.6,0.2,晴,6.0,9.0,盛岡,C1,1:26.8,1.9,曇,10.0,8.0,盛岡,C1,1:29.2,3.4,曇,1.0,2.0,水沢,C1,1:28.3,-0.3,小雨,18.4,7.0,,nar,2026-08-30,66.82,75.2,63.5,65.7,68.0,66.8,51.5,盛岡実績 / 前走人気以上 / 近走上向き / 安定感
202665083009,2026-08-30,9,ヤマノドラゴン,3.0,3.0,菊池一樹,630.0,,,,,,,,,,,,,,,,,,,,,,,,,,,,,,,,,,,,,,,,nar,2026-08-30,36.0,35.0,35.0,35.0,35.0,35.0,45.0,履歴少
202635083009,2026-08-30,9,リベルテ,7.0,7.0,野畑凌,56.0,,1.0,6.0,盛岡,御所湖賞(C1),1:26.1,0.0,曇,9.0,7.0,盛岡,ストロベリーキャンド(C1),1:27.4,2.1,晴,7.0,2.0,盛岡,C1,1:26.9,2.0,曇,1.0,5.0,盛岡,べラジオオペラ特別(C1),1:26.3,-0.2,晴,8.0,7.0,水沢,ローレルリバー特別(C1),1:29.6,2.5,小雨,5.9,3.0,,nar,2026-08-30,60.6,68.8,53.6,45.0,81.5,58.2,51.5,盛岡実績 / 前走人気以上 / 近走上向き
202655083009,2026-08-30,9,ロジサビアーレ,7.0,6.0,青海大樹,55.0,,10.0,7.0,佐賀,Bー5組,1:31.9,1.3,曇,4.0,4.0,佐賀,サガデーナイト競馬賞(B),1:30.6,0.3,晴,6.0,10.0,佐賀,AIパッカル賞(B),1:24.2,1.4,曇,9.0,7.0,佐賀,AIパッカル賞(B),1:30.7,2.1,晴,4.0,6.0,佐賀,サガデーナイト競馬賞(B),1:23.5,1.5,曇,34.4,10.0,,nar,2026-08-30,46.21,52.4,48.6,35.3,24.5,55.4,49.6,履歴少 / 市場オッズ妙味
202655083009,2026-08-30,9,ヴィルアヴァンセ,9.0,7.0,竹吉徹,56.0,,9.0,10.0,高知,3歳ー4,1:30.3,3.2,晴,10.0,7.0,高知,ファイナルレース(3歳),0:51.5,2.1,晴,8.0,6.0,高知,3歳ー3,1:33.4,2.3,曇,4.0,8.0,高知,3歳ー4,1:26.1,0.9,晴,9.0,6.0,高知,3歳ー4,1:34.9,3.1,曇,27.6,8.0,,nar,2026-08-30,41.46,41.4,46.0,14.6,42.5,49.7,50.0,総合評価
202635083010,2026-08-30,10,エスシーヤマト,10.0,8.0,野畑凌,54.0,,7.0,9.0,盛岡,C1二組,1:40.4,0.9,曇,9.0,11.0,盛岡,C1一組,1:39.1,1.5,曇,9.0,8.0,盛岡,オッズパーク賞(C1),1:41.9,3.1,曇,6.0,7.0,佐賀,初夏賞(B),1:58.1,2.4,晴,10.0,8.0,佐賀,水無月特別(B),2:02.3,3.1,雨,58.7,10.0,,nar,2026-08-30,44.48,43.5,55.9,0.0,59.0,52.9,43.8,履歴少
202635083010,2026-08-30,10,オーヴァーザトップ,5.0,5.0,山本政聡,56.0,,13.0,10.0,大井,C2九　十,1:46.6,3.7,晴,6.0,7.0,大井,C2三　四五(C2四),1:45.2,2.1,曇,10.0,9.0,大井,C2三　四五(C2四),1:15.2,1.9,晴,10.0,11.0,大井,ヘルメス賞(C2四),1:15.9,2.3,曇,8.0,5.0,大井,ジン・バック賞(C2三),1:16.6,2.8,晴,7.2,5.0,,nar,2026-08-30,33.26,30.3,42.8,0.0,23.0,49.0,48.8,履歴少
202665083010,2026-08-30,10,キタノボブサップ,10.0,8.0,船山蔵人,660.0,,,,,,,,,,,,,,,,,,,,,,,,,,,,,,,,,,,,,,,,nar,2026-08-30,36.18,35.0,35.0,35.0,35.0,35.0,46.8,履歴少
202665083010,2026-08-30,10,グリフィス,9.0,8.0,金田利貴,660.0,,,,,,,,,,,,,,,,,,,,,,,,,,,,,,,,,,,,,,,,nar,2026-08-30,36.0,35.0,35.0,35.0,35.0,35.0,45.0,履歴少
202665083010,2026-08-30,10,コーワレックス,8.0,7.0,西謙一,660.0,,,,,,,,,,,,,,,,,,,,,,,,,,,,,,,,,,,,,,,,nar,2026-08-30,36.18,35.0,35.0,35.0,35.0,35.0,46.8,履歴少
202635083010,2026-08-30,10,ゴールドオリス,1.0,1.0,阿部英俊,56.0,,6.0,8.0,盛岡,C1二組,1:40.3,0.8,曇,4.0,5.0,盛岡,C1二組,1:39.1,0.3,曇,4.0,12.0,盛岡,スマホで投票!楽天競(C1),1:40.0,0.4,曇,9.0,11.0,水沢,ディセントラ賞(C1),1:42.7,1.9,雨,7.0,11.0,水沢,B2二組,1:45.5,1.1,晴,12.6,7.0,,nar,2026-08-30,61.69,62.8,72.0,44.7,50.0,71.8,54.0,盛岡実績 / 履歴少 / 人気以上に走る傾向 / 過小評価傾向
202665083010,2026-08-30,10,ショウリノホシ,3.0,3.0,村上章,660.0,,,,,,,,,,,,,,,,,,,,,,,,,,,,,,,,,,,,,,,,nar,2026-08-30,36.18,35.0,35.0,35.0,35.0,35.0,46.8,履歴少 / 前走人気以上
202635083010,2026-08-30,10,タワーリシチ,7.0,7.0,小林凌,56.0,,10.0,5.0,盛岡,C1二組,1:41.5,2.0,曇,3.0,2.0,盛岡,C1一組,1:39.4,0.3,晴,10.0,2.0,盛岡,B2三組,1:41.0,1.6,晴,1.0,3.0,水沢,C2一組,1:29.3,-0.1,晴,1.0,2.0,水沢,C2一組,1:29.3,-0.2,雨,3.8,1.0,,nar,2026-08-30,42.93,59.9,29.3,49.8,12.5,48.5,48.5,履歴少
202665083010,2026-08-30,10,ツガルフジ,7.0,7.0,渡来心路,660.0,,,,,,,,,,,,,,,,,,,,,,,,,,,,,,,,,,,,,,,,nar,2026-08-30,36.18,35.0,35.0,35.0,35.0,35.0,46.8,履歴少
202635083010,2026-08-30,10,ディフューズ,8.0,7.0,坂井瑛音,53.0,,2.0,10.0,盛岡,C1,1:00.4,0.4,曇,9.0,10.0,盛岡,C1,1:13.9,2.1,曇,10.0,7.0,盛岡,純米ニトロ7周年記念(C1),1:01.7,2.2,曇,10.0,10.0,盛岡,プルメリア賞(C1),1:41.3,2.0,曇,8.0,9.0,水沢,B2,1:29.7,1.5,晴,20.5,8.0,,nar,2026-08-30,58.06,51.1,65.3,30.4,93.5,59.3,49.0,前走人気以上 / 人気以上に走る傾向 / 近走上向き / 市場オッズ妙味
202635083010,2026-08-30,10,ノクターナリティ,4.0,4.0,塚本涼人,56.0,,1.0,2.0,盛岡,C1五組,1:26.9,-0.1,晴,1.0,2.0,盛岡,C2四組,1:13.8,-0.1,曇,12.0,11.0,名古屋,たいよう&えみ結婚お(B),1:39.3,4.6,曇,9.0,7.0,名古屋,B10組,1:38.4,2.0,曇,8.0,9.0,名古屋,アルファルド賞(B),1:31.7,2.2,晴,6.1,4.0,,nar,2026-08-30,62.52,67.5,51.2,55.3,89.0,57.7,59.5,盛岡実績 / 履歴少 / 近走上向き
202635083010,2026-08-30,10,ハクシンマルペンサ,2.0,2.0,村上忍,54.0,,2.0,3.0,盛岡,C1三組,1:25.4,0.0,曇,7.0,6.0,盛岡,C1二組,1:39.3,0.5,曇,3.0,9.0,盛岡,ロス・トランキーロス(C1),1:26.6,1.3,曇,9.0,6.0,盛岡,碁石海岸賞(C1),1:41.5,2.6,曇,3.0,4.0,水沢,岩手県政150周年記(C1),1:42.2,0.4,雨,4.6,2.0,,nar,2026-08-30,62.7,71.5,56.3,60.5,71.0,59.1,51.2,盛岡実績 / 履歴少 / 近走上向き / 安定感
202665083010,2026-08-30,10,パワフルクィーン,1.0,1.0,長澤幸太,630.0,,,,,,,,,,,,,,,,,,,,,,,,,,,,,,,,,,,,,,,,nar,2026-08-30,36.18,35.0,35.0,35.0,35.0,35.0,46.8,履歴少
202635083010,2026-08-30,10,フィアレスハート,6.0,6.0,西啓太,56.0,,8.0,4.0,盛岡,C1二組,1:40.4,0.9,曇,3.0,8.0,盛岡,C1二組,1:39.0,0.2,曇,9.0,9.0,盛岡,スマホで投票!楽天競(C1),1:41.6,2.0,曇,8.0,8.0,盛岡,プルメリア賞(C1),1:40.7,1.4,曇,1.0,2.0,水沢,C1五組,1:27.8,-0.3,曇,9.5,6.0,,nar,2026-08-30,49.66,58.2,50.9,35.3,33.5,58.5,47.1,履歴少
202665083010,2026-08-30,10,ホクショウレディー,5.0,5.0,阿部優哉,640.0,,,,,,,,,,,,,,,,,,,,,,,,,,,,,,,,,,,,,,,,nar,2026-08-30,36.18,35.0,35.0,35.0,35.0,35.0,46.8,履歴少
202665083010,2026-08-30,10,ホクセイタケタカラ,6.0,6.0,島津新,660.0,,,,,,,,,,,,,,,,,,,,,,,,,,,,,,,,,,,,,,,,nar,2026-08-30,36.18,35.0,35.0,35.0,35.0,35.0,46.8,履歴少
202665083010,2026-08-30,10,ホクセイヒラリ,2.0,2.0,鈴木恵介,630.0,,,,,,,,,,,,,,,,,,,,,,,,,,,,,,,,,,,,,,,,nar,2026-08-30,36.18,35.0,35.0,35.0,35.0,35.0,46.8,履歴少
202635083010,2026-08-30,10,ボンジュルネ,3.0,3.0,斉藤友香,52.0,,4.0,7.0,盛岡,C1二組,1:40.0,0.5,曇,6.0,3.0,盛岡,C1二組,1:39.2,0.4,曇,4.0,4.0,盛岡,碁石海岸賞(C1),1:40.0,1.1,曇,4.0,3.0,水沢,祝30周年!SPAT(C1),1:41.9,0.5,雨,2.0,3.0,水沢,不動の滝賞(C1),1:45.7,0.1,曇,5.5,3.0,,nar,2026-08-30,61.25,73.7,50.9,75.1,50.0,57.3,54.0,盛岡実績 / 前走人気以上 / 履歴少 / 安定感
202635083010,2026-08-30,10,ミッキーハッスル,9.0,8.0,高松亮,56.0,,5.0,8.0,盛岡,C1三組,1:26.9,1.5,曇,7.0,7.0,水沢,ジューンC(B2),2:08.0,3.3,曇,8.0,10.0,水沢,B2二組,1:45.8,1.4,晴,10.0,8.0,盛岡,メイC(B2),1:41.9,2.4,晴,4.0,6.0,盛岡,夢・希望未来へ前進(B2),1:41.2,1.5,晴,31.1,9.0,,nar,2026-08-30,55.79,54.3,58.6,40.7,63.5,59.5,57.0,盛岡実績 / クラス条件好転 / 前走人気以上 / 履歴少
202665083010,2026-08-30,10,ヤマノキング,4.0,4.0,中村太陽,660.0,,,,,,,,,,,,,,,,,,,,,,,,,,,,,,,,,,,,,,,,nar,2026-08-30,36.18,35.0,35.0,35.0,35.0,35.0,46.8,履歴少 / 前走人気以上
202665083011,2026-08-30,11,アサゾラ,5.0,5.0,金田利貴,700.0,,,,,,,,,,,,,,,,,,,,,,,,,,,,,,,,,,,,,,,,nar,2026-08-30,36.0,35.0,35.0,35.0,35.0,35.0,45.0,履歴少
202665083011,2026-08-30,11,アヤノダイマオー,1.0,1.0,大友一馬,700.0,,,,,,,,,,,,,,,,,,,,,,,,,,,,,,,,,,,,,,,,nar,2026-08-30,36.0,35.0,35.0,35.0,35.0,35.0,45.0,履歴少
202635083011,2026-08-30,11,ウインペルセ,1.0,1.0,鈴木祐,56.0,,9.0,8.0,金沢,「葛山画伯」記念(B2),1:42.2,4.5,曇,9.0,10.0,金沢,B25,1:34.9,2.7,曇,10.0,9.0,金沢,心星ひなまる永遠の5(B2),1:36.1,3.1,曇,11.0,9.0,金沢,B25,1:35.0,2.9,曇,7.0,4.0,金沢,第2回竹橋おきらく食(B2特別),1:34.9,1.5,晴,404.8,11.0,,nar,2026-08-30,37.65,33.7,44.0,0.0,51.5,47.0,48.8,履歴少
202665083011,2026-08-30,11,オレノコクオウ,8.0,8.0,鈴木恵介,690.0,,,,,,,,,,,,,,,,,,,,,,,,,,,,,,,,,,,,,,,,nar,2026-08-30,36.0,35.0,35.0,35.0,35.0,35.0,45.0,履歴少
202665083011,2026-08-30,11,カイセドクター,4.0,4.0,阿部武臣,700.0,,,,,,,,,,,,,,,,,,,,,,,,,,,,,,,,,,,,,,,,nar,2026-08-30,36.0,35.0,35.0,35.0,35.0,35.0,45.0,履歴少
202635083011,2026-08-30,11,カラフルピーチ,6.0,6.0,佐々木志,54.0,,1.0,2.0,盛岡,C1,1:00.0,-0.4,曇,3.0,8.0,盛岡,純米ニトロ7周年記念(C1),1:00.1,0.6,曇,7.0,6.0,盛岡,C1,1:28.5,1.6,曇,10.0,8.0,水沢,ディセントラ賞(C1),1:43.0,2.2,雨,6.0,8.0,浦和,ラベンダー特別(C2),1:30.9,2.0,曇,47.1,10.0,,nar,2026-08-30,64.51,71.9,58.9,55.3,83.0,59.5,53.1,盛岡実績 / 前走人気以上 / 近走上向き / 市場オッズ妙味
202665083011,2026-08-30,11,コウシュハメジャー,3.0,3.0,渡来心路,705.0,,,,,,,,,,,,,,,,,,,,,,,,,,,,,,,,,,,,,,,,nar,2026-08-30,36.18,35.0,35.0,35.0,35.0,35.0,46.8,履歴少
202635083011,2026-08-30,11,コスモパンドラ,9.0,7.0,山本聡哉,54.0,,9.0,12.0,浦和,C1五,1:38.9,1.6,曇,9.0,12.0,浦和,越生町のマスコット「(C1),1:39.0,2.5,雨,9.0,14.0,船橋,馬い!馬い!唐津小松(C1),1:47.0,2.3,晴,9.0,10.0,浦和,初春特別(C1),2:15.3,3.3,晴,9.0,11.0,浦和,ファイナルドリーム特(C1),2:16.3,2.0,雨,35.7,8.0,,nar,2026-08-30,46.5,36.0,71.0,0.0,50.0,60.8,48.8,前走人気以上 / 履歴少 / 人気以上に走る傾向
202635083011,2026-08-30,11,ゴッドヴァレー,2.0,2.0,村上忍,56.0,,4.0,1.0,盛岡,ミルクティーローズ賞(C1),1:40.2,0.5,曇,1.0,1.0,盛岡,碁石海岸賞(C1),1:38.9,-0.7,曇,9.0,7.0,3京都8,4歳以上1勝クラス,2:00.0,1.1,晴,8.0,5.0,1新潟2,4歳以上1勝クラス,1:55.2,1.9,晴,9.0,9.0,1小倉9,4歳以上1勝クラス,1:47.5,0.8,晴,2.6,1.0,,nar,2026-08-30,54.75,65.3,37.8,55.3,66.5,48.9,59.5,盛岡実績 / 履歴少 / 近走上向き
202635083011,2026-08-30,11,サクラマウ,4.0,4.0,大坪慎,54.0,,2.0,7.0,盛岡,ミルクティーローズ賞(C1),1:40.0,0.3,曇,5.0,2.0,盛岡,B2,1:39.0,0.3,曇,5.0,3.0,盛岡,B2,1:26.6,1.6,晴,8.0,9.0,盛岡,B1二組B2一組混合(B1B2),1:39.0,2.6,曇,,,水沢,八重山吹賞(B2),,,曇,10.9,5.0,,nar,2026-08-30,65.47,72.2,54.1,75.1,74.0,61.0,58.3,盛岡実績 / クラス条件好転 / 前走人気以上 / 履歴少
202665083011,2026-08-30,11,シルバーアロイ,6.0,6.0,長澤幸太,705.0,,,,,,,,,,,,,,,,,,,,,,,,,,,,,,,,,,,,,,,,nar,2026-08-30,36.0,35.0,35.0,35.0,35.0,35.0,45.0,履歴少
202665083011,2026-08-30,11,ジェイヒーロー,9.0,8.0,西将太,700.0,,,,,,,,,,,,,,,,,,,,,,,,,,,,,,,,,,,,,,,,nar,2026-08-30,36.0,35.0,35.0,35.0,35.0,35.0,45.0,履歴少
202665083011,2026-08-30,11,ジャパントップ,2.0,2.0,阿部優哉,700.0,,,,,,,,,,,,,,,,,,,,,,,,,,,,,,,,,,,,,,,,nar,2026-08-30,36.0,35.0,35.0,35.0,35.0,35.0,45.0,履歴少
202635083011,2026-08-30,11,ダイセンルージュ,10.0,8.0,山本聡紀,54.0,,1.0,3.0,盛岡,C1二組,1:39.5,-0.2,曇,2.0,2.0,盛岡,C1二組,1:39.0,0.2,曇,5.0,5.0,盛岡,スマホで投票!楽天競(C1),1:40.3,0.7,曇,2.0,3.0,盛岡,イグナイター特別(C1),1:27.1,0.2,曇,9.0,2.0,水沢,岩手県政150周年記(C1),1:43.1,1.3,雨,9.2,4.0,,nar,2026-08-30,68.73,83.9,50.2,89.7,71.0,56.8,59.5,盛岡実績 / 履歴少 / 近走上向き / 安定感
202635083011,2026-08-30,11,トリプルバレル,5.0,5.0,山本政聡,56.0,,3.0,2.0,盛岡,ミルクティーローズ賞(C1),1:40.2,0.5,曇,1.0,1.0,盛岡,C2一組,1:26.1,-0.6,晴,1.0,1.0,盛岡,C2一組,1:26.5,-1.2,曇,1.0,1.0,盛岡,C2五組,1:27.1,-0.5,曇,2.0,1.0,盛岡,C2七組,1:12.0,0.2,晴,5.0,3.0,,nar,2026-08-30,68.19,94.3,47.1,100.0,39.5,55.5,59.5,盛岡実績 / 履歴少 / 安定感
202635083011,2026-08-30,11,ビッグシシールーフ,3.0,3.0,小林凌,54.0,,7.0,5.0,盛岡,ミルクティーローズ賞(C1),1:40.9,1.2,曇,4.0,8.0,盛岡,B2二組,1:39.2,0.8,晴,5.0,5.0,水沢,猊鼻渓賞(B2),1:29.4,0.9,晴,3.0,11.0,水沢,夢・希望未来へ前進(B2),1:30.2,0.6,晴,11.0,10.0,盛岡,メイC(B2),1:42.1,2.6,晴,22.9,6.0,,nar,2026-08-30,58.0,62.5,60.2,59.3,42.5,62.1,51.5,クラス条件好転 / 履歴少 / 市場オッズ妙味
202635083011,2026-08-30,11,ピュアマケナ,8.0,7.0,高松亮,56.0,,1.0,4.0,盛岡,ミルクティーローズ賞(C1),1:39.7,-0.3,曇,2.0,6.0,盛岡,C1一組,1:37.8,0.2,曇,2.0,3.0,盛岡,オッズパーク賞(C1),1:40.0,1.2,曇,6.0,4.0,盛岡,プルメリア賞(C1),1:40.4,1.1,曇,1.0,1.0,水沢,ポタジェ特別(C1),1:26.9,-0.1,曇,3.2,2.0,,nar,2026-08-30,71.7,90.6,62.7,85.4,60.5,58.9,55.3,盛岡実績 / 前走人気以上 / 履歴少 / 安定感
202635083011,2026-08-30,11,ベルベストランナー,7.0,6.0,菅原辰徳,56.0,,5.0,9.0,盛岡,ミルクティーローズ賞(C1),1:40.5,0.8,曇,1.0,4.0,盛岡,C1三組,1:26.1,-0.3,晴,4.0,8.0,盛岡,イグナイター特別(C1),1:27.1,0.2,曇,3.0,7.0,水沢,祝30周年!SPAT(C1),1:41.6,0.2,雨,11.0,8.0,水沢,ホワイトクローバー賞(C1),1:47.9,2.8,曇,28.4,7.0,,nar,2026-08-30,69.57,74.9,71.2,89.7,48.5,64.1,59.5,盛岡実績 / 前走人気以上 / 履歴少 / 人気以上に走る傾向
202665083011,2026-08-30,11,マルホントーマス,7.0,7.0,島津新,700.0,,,,,,,,,,,,,,,,,,,,,,,,,,,,,,,,,,,,,,,,nar,2026-08-30,36.0,35.0,35.0,35.0,35.0,35.0,45.0,履歴少
202635083011,2026-08-30,11,モンサンイルベント,11.0,8.0,高橋悠里,56.0,,3.0,10.0,盛岡,C1二組,1:39.9,0.4,曇,1.0,11.0,盛岡,C1四組,1:26.7,-0.4,晴,10.0,8.0,盛岡,ロス・トランキーロス(C1),1:28.2,2.9,曇,5.0,9.0,盛岡,C1四組,1:28.1,1.0,曇,7.0,6.0,水沢,祝30周年!SPAT(C1),1:42.9,1.5,雨,41.3,9.0,,nar,2026-08-30,71.29,71.3,82.9,69.9,66.5,68.0,55.3,盛岡実績 / 前走人気以上 / 履歴少 / 人気以上に走る傾向
202665083012,2026-08-30,12,アスノチカラ,9.0,8.0,長澤幸太,640.0,,,,,,,,,,,,,,,,,,,,,,,,,,,,,,,,,,,,,,,,nar,2026-08-30,36.0,35.0,35.0,35.0,35.0,35.0,45.0,履歴少
202665083012,2026-08-30,12,オニヨリツヨイ,2.0,2.0,菊池一樹,640.0,,,,,,,,,,,,,,,,,,,,,,,,,,,,,,,,,,,,,,,,nar,2026-08-30,36.18,35.0,35.0,35.0,35.0,35.0,46.8,履歴少
202665083012,2026-08-30,12,オレニマカセロ,1.0,1.0,松本秀克,630.0,,,,,,,,,,,,,,,,,,,,,,,,,,,,,,,,,,,,,,,,nar,2026-08-30,36.0,35.0,35.0,35.0,35.0,35.0,45.0,履歴少
202635083012,2026-08-30,12,キタノブライド,9.0,8.0,山本政聡,55.0,,1.0,3.0,盛岡,フェアリーC(重賞),1:53.2,-0.1,曇,8.0,3.0,盛岡,いしがきマイラーズ(重賞),1:37.4,1.1,小雨,2.0,2.0,水沢,水無月特別(A),1:39.8,0.2,小雨,5.0,5.0,水沢,初夏特別(A),1:40.6,2.8,雨,4.0,6.0,盛岡,青葉特別(A),1:38.7,1.3,晴,10.7,4.0,,nar,2026-08-30,64.27,77.3,47.0,75.1,72.5,59.4,53.1,盛岡実績 / 近走上向き / 安定感
202635083012,2026-08-30,12,シンメルーブス,1.0,1.0,篠谷葵,55.0,,4.0,7.0,川崎,スパーキングナイトチ(A2B1),1:43.9,0.9,晴,11.0,11.0,浦和,しらさぎ賞[地方交流(重賞),1:30.5,2.2,曇,1.0,2.0,川崎,スプリングヒロインカ(A1),2:13.5,-0.2,曇,9.0,11.0,船橋,クイーン賞(JpnIII),1:58.4,3.6,曇,3.0,5.0,船橋,クイーンズオーディシ(A2),1:43.4,0.8,晴,12.2,5.0,,nar,2026-08-30,61.09,61.8,61.3,60.5,62.0,65.8,51.8,クラス条件好転 / 前走人気以上 / 履歴少 / 安定感
202665083012,2026-08-30,12,ジェイオージョ,6.0,6.0,今井千尋,600.0,,,,,,,,,,,,,,,,,,,,,,,,,,,,,,,,,,,,,,,,nar,2026-08-30,36.18,35.0,35.0,35.0,35.0,35.0,46.8,履歴少
202665083012,2026-08-30,12,タカシマフクマツ,4.0,4.0,鈴木恵介,640.0,,,,,,,,,,,,,,,,,,,,,,,,,,,,,,,,,,,,,,,,nar,2026-08-30,36.18,35.0,35.0,35.0,35.0,35.0,46.8,履歴少 / 前走人気以上
202635083012,2026-08-30,12,チャチャハツゴウ,2.0,2.0,吉原寛人,55.0,,1.0,5.0,門別,ノースクイーンC(重賞),1:56.5,-0.1,晴,3.0,4.0,川崎,梅雨明かり特別(B2),1:44.4,1.0,晴,3.0,5.0,船橋,麦秋特別(B2B3),1:43.9,1.0,曇,12.0,6.0,川崎,草笛特別(B2),1:37.2,2.1,晴,11.0,1.0,川崎,湯河原梅林「梅の宴」(B1B2),1:38.9,3.3,晴,3.2,1.0,,nar,2026-08-30,63.39,71.7,49.7,75.1,87.5,49.1,50.0,前走人気以上 / 近走上向き / 安定感
202635083012,2026-08-30,12,ツアーモデル,8.0,7.0,大坪慎,55.0,,5.0,10.0,盛岡,フェアリーC(重賞),1:53.7,0.5,曇,6.0,7.0,盛岡,B1二組,1:40.0,1.2,曇,6.0,9.0,水沢,夢・希望未来へ前進(B1),1:42.8,0.8,曇,5.0,8.0,水沢,パンジー賞(B1),1:45.8,0.6,晴,5.0,10.0,水沢,雪柳賞(B1),1:44.1,0.7,晴,154.1,10.0,,nar,2026-08-30,62.77,64.4,73.2,55.3,53.0,64.6,51.2,盛岡実績 / 前走人気以上 / 履歴少 / 人気以上に走る傾向
202665083012,2026-08-30,12,ツルイテンカ,5.0,5.0,渡来心路,640.0,,,,,,,,,,,,,,,,,,,,,,,,,,,,,,,,,,,,,,,,nar,2026-08-30,36.0,35.0,35.0,35.0,35.0,35.0,45.0,履歴少
202635083012,2026-08-30,12,ツーシャドー,7.0,7.0,和田譲治,55.0,,1.0,2.0,浦和,’26ヴィーナスサマ(OP)(3上),1:26.4,-0.2,雨,8.0,9.0,川崎,スパーキングレディー(JpnIII),1:44.7,3.1,晴,7.0,9.0,浦和,プラチナC(重賞),1:28.1,1.3,曇,1.0,4.0,浦和,しらさぎ賞[地方交流(重賞),1:28.3,-0.1,曇,6.0,2.0,浦和,梅花賞(OP)(4上),1:27.6,0.9,曇,4.2,3.0,,nar,2026-08-30,61.85,72.4,56.8,45.0,77.0,58.1,51.8,クラス条件好転 / 履歴少 / 近走上向き
202665083012,2026-08-30,12,ハゴロモビクトリー,8.0,7.0,西謙一,640.0,,,,,,,,,,,,,,,,,,,,,,,,,,,,,,,,,,,,,,,,nar,2026-08-30,36.0,35.0,35.0,35.0,35.0,35.0,45.0,履歴少
202635083012,2026-08-30,12,ビップアクア,4.0,4.0,渡辺竜也,55.0,,4.0,6.0,盛岡,フェアリーC(重賞),1:53.6,0.4,曇,5.0,4.0,盛岡,ハヤテ特別(OP),1:25.3,0.1,曇,2.0,5.0,盛岡,茉莉花特別(A),1:38.9,0.3,曇,6.0,5.0,水沢,千日草特別(A),1:41.2,0.6,小雨,3.0,7.0,水沢,ハヤテ特別(OP),1:26.9,0.2,曇,17.4,9.0,,nar,2026-08-30,67.03,75.7,58.5,85.4,50.0,68.5,59.5,盛岡実績 / 履歴少 / 安定感 / 過小評価傾向
202635083012,2026-08-30,12,ヘニータイフーン,5.0,5.0,吉村智洋,55.0,,8.0,3.0,船橋,短夜賞(OP)(3上),1:49.7,2.6,曇,6.0,3.0,浦和,しらさぎ賞[地方交流(重賞),1:28.8,0.5,曇,3.0,2.0,大井,東京シンデレラマイル(重賞),1:41.9,0.7,晴,12.0,8.0,船橋,JBCレディスクラシ(JpnI),1:57.4,4.1,晴,1.0,4.0,船橋,千葉ダートマイル(OP)(3上),1:39.1,-0.1,曇,4.0,2.0,,nar,2026-08-30,43.06,57.0,30.8,30.1,35.0,47.9,51.8,クラス条件好転 / 履歴少
202665083012,2026-08-30,12,ホクセイマリン,7.0,7.0,中村太陽,610.0,,,,,,,,,,,,,,,,,,,,,,,,,,,,,,,,,,,,,,,,nar,2026-08-30,36.0,35.0,35.0,35.0,35.0,35.0,45.0,履歴少
202665083012,2026-08-30,12,マサノスパークル,3.0,3.0,臼杵龍美,630.0,,,,,,,,,,,,,,,,,,,,,,,,,,,,,,,,,,,,,,,,nar,2026-08-30,36.0,35.0,35.0,35.0,35.0,35.0,45.0,履歴少
202665083012,2026-08-30,12,ライズビクトリー,10.0,8.0,金田利貴,640.0,,,,,,,,,,,,,,,,,,,,,,,,,,,,,,,,,,,,,,,,nar,2026-08-30,36.18,35.0,35.0,35.0,35.0,35.0,46.8,履歴少 / 前走人気以上
202635083012,2026-08-30,12,ライトピラー,6.0,6.0,田野豊三,55.0,,1.0,1.0,園田,晩夏特別A2B1,2:05.4,-0.2,晴,4.0,7.0,園田,兵庫サマークイーン賞(重賞),1:52.6,0.7,晴,4.0,2.0,園田,初夏特別A2B1,2:06.3,0.8,晴,1.0,1.0,園田,B1B2,1:54.1,-0.3,晴,1.0,1.0,姫路,カモミール賞B1B2,2:17.2,-0.1,晴,14.0,7.0,,nar,2026-08-30,70.51,89.3,52.5,100.0,59.0,61.9,51.8,クラス条件好転 / 履歴少 / 安定感 / 市場オッズ妙味
202635083012,2026-08-30,12,ラブラブパイロ,3.0,3.0,西啓太,55.0,,3.0,3.0,門別,ノースクイーンC(重賞),1:57.2,0.7,晴,8.0,8.0,船橋,月白風清2200(A2B1),2:29.5,2.7,曇,8.0,3.0,大井,クリスタルナイト賞競(A2),2:09.5,1.6,曇,10.0,12.0,船橋,JBCレディスクラシ(JpnI),1:56.4,3.1,晴,7.0,8.0,大井,レディスプレリュード(JpnII),1:54.6,1.7,曇,15.8,8.0,,nar,2026-08-30,53.01,54.7,45.9,30.4,81.5,59.1,50.0,近走上向き / 市場オッズ妙味
202635083012,2026-08-30,12,ローリエフレイバー,10.0,8.0,野畑凌,55.0,,10.0,1.0,佐賀,佐賀ヴィーナスC(重賞),1:58.2,4.2,雨,1.0,2.0,高知,レジーナディンヴェル(重賞),2:09.8,-0.1,曇,12.0,12.0,大井,東京シンデレラマイル(重賞),1:43.3,2.1,晴,11.0,11.0,船橋,JBCレディスクラシ(JpnI),1:57.3,4.0,晴,10.0,9.0,大井,レディスプレリュード(JpnII),1:55.7,2.8,曇,13.2,6.0,,nar,2026-08-30,38.67,41.6,31.9,24.9,41.0,47.0,48.8,履歴少 / 市場オッズ妙味
