race_id,日付,レース,馬名,馬番,枠,騎手,斤量,実着順,着順1,人気1,場1,レース名1,タイム1,着差1,馬場1,着順2,人気2,場2,レース名2,タイム2,着差2,馬場2,着順3,人気3,場3,レース名3,タイム3,着差3,馬場3,着順4,人気4,場4,レース名4,タイム4,着差4,馬場4,着順5,人気5,場5,レース名5,タイム5,着差5,馬場5,単勝オッズ,人気,オッズ更新日時,source,_date,AREru指数,因子_performance,因子_upset,因子_consistency,因子_trend,因子_value,因子_context,理由
202609040701,2026-09-21,1,エコロラーダ,8.0,8.0,坂井,55.0,,3.0,5.0,3阪神1,2歳新馬,1:37.5,1.2,晴,,,,,,,,,,,,,,,,,,,,,,,,,,,,,3.5,2.0,2026-09-21 02:55:10,jra,2026-09-21,43.96,48.1,43.7,36.3,40.6,42.0,48.8,履歴少 / サンプル少
202609040701,2026-09-21,1,ガヤーズサムライ,5.0,5.0,幸,55.0,,6.0,6.0,3新潟4,2歳新馬,1:51.5,2.5,曇,,,,,,,,,,,,,,,,,,,,,,,,,,,,,9.1,4.0,2026-09-21 02:55:10,jra,2026-09-21,40.75,42.8,40.6,29.6,40.6,40.6,48.8,履歴少 / サンプル少
202609040701,2026-09-21,1,ゴルディアス,7.0,7.0,☆田山,54.0,,7.0,6.0,4阪神4,2歳未勝利,1:36.7,2.2,晴,11.0,10.0,3中京3,2歳未勝利,2:03.0,3.4,曇,10.0,5.0,2小倉4,2歳新馬,1:53.7,1.7,曇,,,,,,,,,,,,,,,29.1,7.0,2026-09-21 02:55:10,jra,2026-09-21,38.06,35.1,35.6,0.0,71.0,44.1,50.0,近走上向き
202609040701,2026-09-21,1,ハイネスプラウド,1.0,1.0,★河原田,51.0,,10.0,8.0,2札幌3,2歳新馬,1:50.0,1.9,晴,,,,,,,,,,,,,,,,,,,,,,,,,,,,,20.1,6.0,2026-09-21 02:55:10,jra,2026-09-21,37.73,35.8,37.6,29.6,40.6,38.4,48.8,履歴少 / サンプル少
202609040701,2026-09-21,1,ポカポカヨウキ,3.0,3.0,松若,55.0,,3.0,2.0,3中京4,2歳新馬,2:02.3,0.8,晴,,,,,,,,,,,,,,,,,,,,,,,,,,,,,1.7,1.0,2026-09-21 02:55:10,jra,2026-09-21,42.5,48.1,39.1,36.3,40.6,39.5,48.8,履歴少 / サンプル少
202609040701,2026-09-21,1,マコトブリッツ,2.0,2.0,富田,55.0,,9.0,4.0,2中京8,2歳新馬,1:29.5,3.6,晴,,,,,,,,,,,,,,,,,,,,,,,,,,,,,15.7,5.0,2026-09-21 02:55:10,jra,2026-09-21,36.65,37.6,32.9,29.6,40.6,35.1,48.8,履歴少 / サンプル少
202609040701,2026-09-21,1,ランズエンド,6.0,6.0,◇今村,53.0,,9.0,4.0,2新潟1,2歳新馬,1:14.9,1.9,曇,,,,,,,,,,,,,,,,,,,,,,,,,,,,,8.4,3.0,2026-09-21 02:55:10,jra,2026-09-21,36.65,37.6,32.9,29.6,40.6,35.1,48.8,履歴少 / サンプル少
202609040701,2026-09-21,1,ワンダーラヴグッド,4.0,4.0,酒井,55.0,,8.0,11.0,3中京4,2歳新馬,2:03.7,2.2,晴,,,,,,,,,,,,,,,,,,,,,,,,,,,,,34.4,8.0,2026-09-21 02:55:10,jra,2026-09-21,41.06,39.3,45.3,29.6,40.6,42.0,48.8,前走人気以上 / 履歴少 / サンプル少
202609040702,2026-09-21,2,イテルム,7.0,7.0,松山,55.0,,2.0,9.0,2小倉5,2歳新馬,1:49.8,0.3,晴,,,,,,,,,,,,,,,,,,,,,,,,,,,,,9.2,6.0,2026-09-21 02:30:00,jra,2026-09-21,46.42,49.9,51.4,36.3,40.6,42.0,50.0,前走人気以上 / サンプル少
202609040702,2026-09-21,2,ジーティーハルカゼ,2.0,2.0,西村淳,55.0,,6.0,6.0,3中京3,2歳新馬,1:23.6,0.2,曇,,,,,,,,,,,,,,,,,,,,,,,,,,,,,24.1,7.0,2026-09-21 02:30:00,jra,2026-09-21,40.75,42.8,40.6,29.6,40.6,40.6,48.8,履歴少 / サンプル少
202609040702,2026-09-21,2,スターリーデー,10.0,8.0,吉村,55.0,,8.0,3.0,2新潟8,2歳未勝利,1:35.0,0.9,晴,6.0,5.0,3東京5,2歳新馬,1:23.7,1.4,小雨,,,,,,,,,,,,,,,,,,,,,,33.9,9.0,2026-09-21 02:30:00,jra,2026-09-21,38.83,46.2,33.2,18.0,38.9,44.5,48.8,履歴少 / サンプル少 / 市場オッズ妙味
202609040702,2026-09-21,2,ドリームリボン,4.0,4.0,▲和田陽,52.0,,9.0,8.0,3中京3,2歳新馬,1:24.3,0.9,曇,,,,,,,,,,,,,,,,,,,,,,,,,,,,,98.4,10.0,2026-09-21 02:30:00,jra,2026-09-21,38.75,37.6,39.1,29.6,40.6,39.5,48.8,履歴少 / サンプル少
202609040702,2026-09-21,2,ハマナスノサクコロ,3.0,3.0,ルメール,55.0,,2.0,2.0,2小倉7,2歳新馬,1:09.5,0.2,晴,,,,,,,,,,,,,,,,,,,,,,,,,,,,,4.0,1.0,2026-09-21 02:30:00,jra,2026-09-21,43.65,49.9,40.6,36.3,40.6,40.6,50.0,サンプル少
202609040702,2026-09-21,2,パルフェクシオン,8.0,7.0,☆田山,54.0,,5.0,1.0,3中京3,2歳新馬,1:23.6,0.2,曇,,,,,,,,,,,,,,,,,,,,,,,,,,,,,7.3,5.0,2026-09-21 02:30:00,jra,2026-09-21,39.95,44.6,34.5,36.3,40.6,36.2,48.8,履歴少 / サンプル少
202609040702,2026-09-21,2,マリアンデール,1.0,1.0,岩田望,55.0,,3.0,6.0,2新潟1,2歳新馬,1:36.8,0.1,曇,,,,,,,,,,,,,,,,,,,,,,,,,,,,,4.3,2.0,2026-09-21 02:30:00,jra,2026-09-21,44.33,48.1,45.3,36.3,40.6,42.0,48.8,前走人気以上 / 履歴少 / サンプル少
202609040702,2026-09-21,2,ラガッタレアーレ,9.0,8.0,北村友,55.0,,2.0,4.0,3中京4,2歳新馬,1:34.6,0.0,晴,,,,,,,,,,,,,,,,,,,,,,,,,,,,,5.3,4.0,2026-09-21 02:30:00,jra,2026-09-21,44.45,49.9,43.7,36.3,40.6,42.0,48.8,履歴少 / サンプル少
202609040702,2026-09-21,2,リアンフィニ,5.0,5.0,川田,55.0,,2.0,1.0,2中京6,2歳新馬,1:34.9,0.1,曇,,,,,,,,,,,,,,,,,,,,,,,,,,,,,4.4,3.0,2026-09-21 02:30:00,jra,2026-09-21,43.0,49.9,39.1,36.3,40.6,39.5,48.8,履歴少 / サンプル少
202609040702,2026-09-21,2,ルージュムーサ,6.0,6.0,◇今村,53.0,,8.0,8.0,4阪神2,2歳新馬,1:50.2,1.5,曇,,,,,,,,,,,,,,,,,,,,,,,,,,,,,30.3,8.0,2026-09-21 02:30:00,jra,2026-09-21,39.76,39.3,40.6,29.6,40.6,40.6,48.8,履歴少 / サンプル少
202609040703,2026-09-21,3,アトランタ,1.0,1.0,松山,55.0,,6.0,2.0,2小倉6,2歳新馬,1:10.7,1.3,晴,,,,,,,,,,,,,,,,,,,,,,,,,,,,,17.1,7.0,2026-09-21 03:00:20,jra,2026-09-21,38.78,42.8,34.5,29.6,40.6,36.2,50.0,サンプル少
202609040703,2026-09-21,3,エルダークローネ,4.0,4.0,☆田山,54.0,,4.0,1.0,2中京1,2歳未勝利,1:15.1,1.5,晴,2.0,3.0,2小倉2,2歳新馬,1:09.9,0.4,晴,,,,,,,,,,,,,,,,,,,,,,7.3,3.0,2026-09-21 03:00:20,jra,2026-09-21,50.55,63.8,40.9,48.4,38.9,53.7,48.8,履歴少 / サンプル少
202609040703,2026-09-21,3,カツダルマ,9.0,6.0,幸,55.0,,3.0,1.0,2中京8,2歳未勝利,1:08.4,0.0,晴,5.0,4.0,3阪神5,2歳新馬,1:22.7,0.3,雨,,,,,,,,,,,,,,,,,,,,,,2.3,1.0,2026-09-21 03:00:20,jra,2026-09-21,50.0,60.2,39.5,48.4,52.1,47.9,48.8,履歴少 / サンプル少
202609040703,2026-09-21,3,カフジポポー,7.0,5.0,松若,55.0,,10.0,8.0,3中京4,2歳新馬,1:36.8,2.2,晴,,,,,,,,,,,,,,,,,,,,,,,,,,,,,28.8,9.0,2026-09-21 03:00:20,jra,2026-09-21,37.73,35.8,37.6,29.6,40.6,38.4,48.8,履歴少 / サンプル少
202609040703,2026-09-21,3,キャンドル,8.0,6.0,横山琉,55.0,,5.0,10.0,2札幌4,2歳未勝利,1:10.7,0.6,晴,10.0,3.0,1札幌7,2歳新馬,1:12.3,1.8,晴,,,,,,,,,,,,,,,,,,,,,,36.3,12.0,2026-09-21 03:00:20,jra,2026-09-21,46.32,45.5,43.9,34.7,62.0,46.9,48.8,前走人気以上 / 履歴少 / サンプル少
202609040703,2026-09-21,3,ケンシロウワールド,5.0,4.0,▲和田陽,52.0,,9.0,3.0,2福島8,2歳未勝利,1:13.6,4.0,晴,13.0,3.0,3東京4,2歳新馬,1:29.8,5.2,曇,,,,,,,,,,,,,,,,,,,,,,11.3,5.0,2026-09-21 03:00:20,jra,2026-09-21,31.86,29.9,18.0,18.0,58.7,35.5,50.0,サンプル少
202609040703,2026-09-21,3,ココモフィーバー,13.0,8.0,池添,55.0,,4.0,3.0,2小倉3,2歳新馬,1:10.4,0.6,曇,,,,,,,,,,,,,,,,,,,,,,,,,,,,,11.4,6.0,2026-09-21 03:00:20,jra,2026-09-21,42.14,46.4,39.1,36.3,40.6,39.5,50.0,サンプル少
202609040703,2026-09-21,3,コジアン,3.0,3.0,吉村,55.0,,3.0,5.0,3中京4,2歳未勝利,1:21.1,0.5,晴,6.0,6.0,1札幌5,2歳新馬,1:52.1,0.8,曇,,,,,,,,,,,,,,,,,,,,,,8.9,4.0,2026-09-21 03:00:20,jra,2026-09-21,51.75,58.3,49.7,34.7,55.4,55.8,48.8,履歴少 / サンプル少
202609040703,2026-09-21,3,コメットサン,11.0,7.0,鮫島駿,55.0,,14.0,4.0,3新潟3,2歳新馬,1:25.7,2.6,小雨,,,,,,,,,,,,,,,,,,,,,,,,,,,,,29.2,10.0,2026-09-21 03:00:20,jra,2026-09-21,32.87,29.6,29.6,29.6,40.6,29.6,48.8,履歴少 / サンプル少
202609040703,2026-09-21,3,ノヴァーリス,6.0,5.0,岩田望,55.0,,6.0,6.0,2中京3,2歳新馬,1:20.9,0.9,晴,,,,,,,,,,,,,,,,,,,,,,,,,,,,,6.8,2.0,2026-09-21 03:00:20,jra,2026-09-21,40.75,42.8,40.6,29.6,40.6,40.6,48.8,履歴少 / サンプル少
202609040703,2026-09-21,3,ミライノシャチョウ,12.0,8.0,松本,55.0,,6.0,5.0,2新潟7,2歳未勝利,1:48.0,1.4,晴,5.0,6.0,2中京4,2歳新馬,1:34.8,0.6,晴,,,,,,,,,,,,,,,,,,,,,,21.5,8.0,2026-09-21 03:00:20,jra,2026-09-21,46.66,53.0,45.1,31.7,42.2,51.8,48.8,履歴少 / サンプル少 / 市場オッズ妙味
202609040703,2026-09-21,3,メイショウスパーク,10.0,7.0,太宰,55.0,,7.0,10.0,3中京4,2歳新馬,1:35.7,1.1,晴,,,,,,,,,,,,,,,,,,,,,,,,,,,,,52.0,13.0,2026-09-21 03:00:20,jra,2026-09-21,41.55,41.1,45.3,29.6,40.6,42.0,48.8,前走人気以上 / 履歴少 / サンプル少
202609040703,2026-09-21,3,メイショウレイナ,2.0,2.0,◇永島,53.0,,11.0,10.0,4阪神1,2歳新馬,1:24.5,2.9,晴,,,,,,,,,,,,,,,,,,,,,,,,,,,,,29.5,11.0,2026-09-21 03:00:20,jra,2026-09-21,37.76,34.0,39.1,29.6,40.6,39.5,48.8,履歴少 / サンプル少
202609040704,2026-09-21,4,アプリコットスカイ,14.0,8.0,幸,55.0,,,,,,,,,,,,,,,,,,,,,,,,,,,,,,,,,,,,,40.6,14.0,2026-09-21 02:30:15,jra,2026-09-21,36.0,35.0,35.0,35.0,35.0,35.0,45.0,履歴少
202609040704,2026-09-21,4,エイントノーウェイ,1.0,1.0,川田,55.0,,,,,,,,,,,,,,,,,,,,,,,,,,,,,,,,,,,,,4.9,1.0,2026-09-21 02:30:15,jra,2026-09-21,36.0,35.0,35.0,35.0,35.0,35.0,45.0,履歴少
202609040704,2026-09-21,4,キミチャン,6.0,4.0,鮫島駿,55.0,,,,,,,,,,,,,,,,,,,,,,,,,,,,,,,,,,,,,20.0,10.0,2026-09-21 02:30:15,jra,2026-09-21,36.0,35.0,35.0,35.0,35.0,35.0,45.0,履歴少
202609040704,2026-09-21,4,サノノマリーナ,12.0,7.0,坂井,55.0,,,,,,,,,,,,,,,,,,,,,,,,,,,,,,,,,,,,,8.5,5.0,2026-09-21 02:30:15,jra,2026-09-21,36.0,35.0,35.0,35.0,35.0,35.0,45.0,履歴少
202609040704,2026-09-21,4,ジェルメーヌ,4.0,3.0,田口,55.0,,,,,,,,,,,,,,,,,,,,,,,,,,,,,,,,,,,,,18.9,8.0,2026-09-21 02:30:15,jra,2026-09-21,36.0,35.0,35.0,35.0,35.0,35.0,45.0,履歴少
202609040704,2026-09-21,4,ジョイザモーメント,11.0,6.0,岩田望,55.0,,,,,,,,,,,,,,,,,,,,,,,,,,,,,,,,,,,,,7.2,4.0,2026-09-21 02:30:15,jra,2026-09-21,36.0,35.0,35.0,35.0,35.0,35.0,45.0,履歴少
202609040704,2026-09-21,4,スウィートライト,3.0,2.0,松山,55.0,,,,,,,,,,,,,,,,,,,,,,,,,,,,,,,,,,,,,5.3,2.0,2026-09-21 02:30:15,jra,2026-09-21,36.0,35.0,35.0,35.0,35.0,35.0,45.0,履歴少
202609040704,2026-09-21,4,テーオーローズ,7.0,4.0,菱田,55.0,,,,,,,,,,,,,,,,,,,,,,,,,,,,,,,,,,,,,19.3,9.0,2026-09-21 02:30:15,jra,2026-09-21,36.0,35.0,35.0,35.0,35.0,35.0,45.0,履歴少
202609040704,2026-09-21,4,ナイスウーマン,9.0,5.0,▲和田陽,52.0,,,,,,,,,,,,,,,,,,,,,,,,,,,,,,,,,,,,,28.6,12.0,2026-09-21 02:30:15,jra,2026-09-21,36.0,35.0,35.0,35.0,35.0,35.0,45.0,履歴少
202609040704,2026-09-21,4,パクスフェリーチェ,13.0,7.0,西村淳,55.0,,,,,,,,,,,,,,,,,,,,,,,,,,,,,,,,,,,,,16.1,7.0,2026-09-21 02:30:15,jra,2026-09-21,36.0,35.0,35.0,35.0,35.0,35.0,45.0,履歴少
202609040704,2026-09-21,4,マヒナピハ,8.0,5.0,小沢,55.0,,,,,,,,,,,,,,,,,,,,,,,,,,,,,,,,,,,,,71.0,15.0,2026-09-21 02:30:15,jra,2026-09-21,36.0,35.0,35.0,35.0,35.0,35.0,45.0,履歴少
202609040704,2026-09-21,4,リケアワルツ,10.0,6.0,吉村,55.0,,,,,,,,,,,,,,,,,,,,,,,,,,,,,,,,,,,,,12.3,6.0,2026-09-21 02:30:15,jra,2026-09-21,36.0,35.0,35.0,35.0,35.0,35.0,45.0,履歴少
202609040704,2026-09-21,4,レジェンディーヴァ,5.0,3.0,長岡,55.0,,,,,,,,,,,,,,,,,,,,,,,,,,,,,,,,,,,,,29.2,13.0,2026-09-21 02:30:15,jra,2026-09-21,36.0,35.0,35.0,35.0,35.0,35.0,45.0,履歴少
202609040704,2026-09-21,4,ワインオクロック,2.0,2.0,北村友,55.0,,,,,,,,,,,,,,,,,,,,,,,,,,,,,,,,,,,,,22.6,11.0,2026-09-21 02:30:15,jra,2026-09-21,36.0,35.0,35.0,35.0,35.0,35.0,45.0,履歴少
202609040704,2026-09-21,4,ワンスフォーユー,15.0,8.0,☆田山,54.0,,,,,,,,,,,,,,,,,,,,,,,,,,,,,,,,,,,,,6.4,3.0,2026-09-21 02:30:15,jra,2026-09-21,36.0,35.0,35.0,35.0,35.0,35.0,45.0,履歴少
202609040705,2026-09-21,5,アヴァロン,4.0,4.0,吉村,55.0,,,,,,,,,,,,,,,,,,,,,,,,,,,,,,,,,,,,,11.4,5.0,2026-09-21 02:20:45,jra,2026-09-21,36.0,35.0,35.0,35.0,35.0,35.0,45.0,履歴少
202609040705,2026-09-21,5,キミアドーネ,9.0,8.0,武豊,55.0,,,,,,,,,,,,,,,,,,,,,,,,,,,,,,,,,,,,,14.6,6.0,2026-09-21 02:20:45,jra,2026-09-21,36.0,35.0,35.0,35.0,35.0,35.0,45.0,履歴少
202609040705,2026-09-21,5,キングリア,7.0,7.0,川田,55.0,,,,,,,,,,,,,,,,,,,,,,,,,,,,,,,,,,,,,3.0,2.0,2026-09-21 02:20:45,jra,2026-09-21,36.0,35.0,35.0,35.0,35.0,35.0,45.0,履歴少
202609040705,2026-09-21,5,シホノノービレ,6.0,6.0,岩田望,55.0,,,,,,,,,,,,,,,,,,,,,,,,,,,,,,,,,,,,,2.6,1.0,2026-09-21 02:20:45,jra,2026-09-21,36.0,35.0,35.0,35.0,35.0,35.0,45.0,履歴少
202609040705,2026-09-21,5,シンゼンジュウベエ,2.0,2.0,富田,55.0,,,,,,,,,,,,,,,,,,,,,,,,,,,,,,,,,,,,,80.7,10.0,2026-09-21 02:20:45,jra,2026-09-21,36.0,35.0,35.0,35.0,35.0,35.0,45.0,履歴少
202609040705,2026-09-21,5,セブンサークル,5.0,5.0,藤懸,55.0,,,,,,,,,,,,,,,,,,,,,,,,,,,,,,,,,,,,,40.3,9.0,2026-09-21 02:20:45,jra,2026-09-21,36.0,35.0,35.0,35.0,35.0,35.0,45.0,履歴少
202609040705,2026-09-21,5,ニューイントリーグ,3.0,3.0,ルメール,55.0,,,,,,,,,,,,,,,,,,,,,,,,,,,,,,,,,,,,,8.3,4.0,2026-09-21 02:20:45,jra,2026-09-21,36.0,35.0,35.0,35.0,35.0,35.0,45.0,履歴少
202609040705,2026-09-21,5,ハナナ,10.0,8.0,坂井,55.0,,,,,,,,,,,,,,,,,,,,,,,,,,,,,,,,,,,,,6.1,3.0,2026-09-21 02:20:45,jra,2026-09-21,36.0,35.0,35.0,35.0,35.0,35.0,45.0,履歴少
202609040705,2026-09-21,5,フリーレイン,8.0,7.0,西村淳,55.0,,,,,,,,,,,,,,,,,,,,,,,,,,,,,,,,,,,,,20.0,7.0,2026-09-21 02:20:45,jra,2026-09-21,36.0,35.0,35.0,35.0,35.0,35.0,45.0,履歴少
202609040705,2026-09-21,5,ルジェドリール,1.0,1.0,田口,55.0,,,,,,,,,,,,,,,,,,,,,,,,,,,,,,,,,,,,,39.5,8.0,2026-09-21 02:20:45,jra,2026-09-21,36.0,35.0,35.0,35.0,35.0,35.0,45.0,履歴少
202609040706,2026-09-21,6,エイユーファイヤー,6.0,4.0,松山,58.0,,7.0,11.0,4阪神2,3歳以上1勝クラス,1:53.9,0.9,曇,5.0,6.0,2中京5,恵那特別(1勝クラス),1:54.7,1.1,晴,11.0,11.0,3阪神3,3歳以上1勝クラス,1:54.9,2.2,晴,5.0,2.0,3京都2,4歳以上1勝クラス,1:53.1,1.4,晴,3.0,1.0,2阪神3,4歳以上1勝クラス,1:52.9,0.4,雨,10.4,6.0,2026-09-21 02:51:05,jra,2026-09-21,53.7,55.3,55.7,49.8,44.0,60.0,51.8,クラス条件好転 / 前走人気以上 / 履歴少
202609040706,2026-09-21,6,カイラーサ,13.0,7.0,鮫島良,55.0,,2.0,14.0,2中京4,3歳以上1勝クラス,2:01.1,0.2,曇,11.0,13.0,3京都10,3歳1勝クラス,2:01.1,2.3,晴,1.0,7.0,3京都6,3歳未勝利,2:01.1,-0.2,晴,14.0,12.0,1京都3,3歳未勝利,2:06.4,3.8,晴,4.0,10.0,5阪神8,2歳未勝利,1:58.3,3.0,晴,9.4,3.0,2026-09-21 02:51:05,jra,2026-09-21,71.08,60.6,89.6,60.5,83.0,75.1,48.8,前走人気以上 / 履歴少 / 人気以上に走る傾向 / 近走上向き
202609040706,2026-09-21,6,クイノールト,7.0,4.0,鮫島駿,55.0,,13.0,9.0,2小倉2,3歳以上1勝クラス,1:48.5,3.1,晴,11.0,11.0,2阪神4,3歳1勝クラス,1:52.1,1.9,晴,8.0,2.0,1京都6,3歳1勝クラス,1:56.4,2.8,晴,1.0,3.0,5阪神2,2歳新馬,1:54.0,-0.3,晴,,,,,,,,13.5,8.0,2026-09-21 02:51:05,jra,2026-09-21,31.89,32.9,33.5,14.6,12.0,47.0,48.8,履歴少 / 市場オッズ妙味
202609040706,2026-09-21,6,クラッチスラッガー,15.0,8.0,松若,55.0,,10.0,3.0,3中京1,瀬戸特別(1勝クラス),2:04.8,4.4,晴,12.0,9.0,2阪神5,3歳1勝クラス,2:05.0,15.0,晴,1.0,2.0,1阪神9,3歳未勝利,2:07.3,-0.3,晴,2.0,9.0,1阪神4,3歳未勝利,2:07.9,0.1,晴,5.0,4.0,1京都6,3歳未勝利,1:56.9,2.4,晴,14.3,9.0,2026-09-21 02:51:05,jra,2026-09-21,44.76,51.7,37.7,44.7,20.0,61.5,48.8,履歴少 / 市場オッズ妙味
202609040706,2026-09-21,6,ゴールドコット,4.0,3.0,角田和,55.0,,1.0,7.0,3京都7,3歳未勝利,1:53.4,-0.1,晴,5.0,8.0,3京都6,3歳未勝利,2:01.7,0.6,晴,11.0,11.0,3京都2,3歳未勝利,1:56.8,2.3,晴,,,,,,,,,,,,,,,9.5,4.0,2026-09-21 02:51:05,jra,2026-09-21,69.14,68.3,74.0,55.3,92.0,69.3,48.8,前走人気以上 / 履歴少 / 人気以上に走る傾向 / 近走上向き
202609040706,2026-09-21,6,ジーティーアメリカ,5.0,3.0,北村友,58.0,,14.0,10.0,3阪神5,3歳以上1勝クラス,1:55.0,3.8,雨,4.0,3.0,3京都2,4歳以上1勝クラス,1:53.0,1.3,晴,2.0,3.0,2阪神3,4歳以上1勝クラス,1:52.6,0.1,雨,3.0,5.0,2京都6,4歳以上1勝クラス,1:54.1,1.2,曇,8.0,6.0,1小倉1,4歳以上1勝クラス,1:47.1,1.4,晴,12.5,7.0,2026-09-21 02:51:05,jra,2026-09-21,45.24,53.9,41.7,59.3,0.0,58.1,48.8,履歴少 / 市場オッズ妙味
202609040706,2026-09-21,6,スコーピオンイメル,2.0,2.0,高倉,58.0,,11.0,9.0,3中京4,3歳以上1勝クラス,1:54.9,3.3,曇,9.0,6.0,1福島1,4歳以上1勝クラス,1:47.3,1.6,晴,7.0,3.0,2阪神2,4歳以上1勝クラス,1:54.3,2.1,晴,3.0,4.0,1中京4,4歳以上1勝クラス,1:54.6,0.3,曇,6.0,8.0,2京都1,4歳以上1勝クラス,2:01.3,0.8,曇,42.6,13.0,2026-09-21 02:51:05,jra,2026-09-21,37.13,43.8,37.4,14.6,21.5,47.7,48.8,履歴少
202609040706,2026-09-21,6,ディープサミット,12.0,7.0,太宰,58.0,,7.0,7.0,3中京1,3歳以上1勝クラス,2:10.9,0.8,晴,8.0,8.0,4阪神9,3歳以上1勝クラス,1:25.7,1.1,晴,15.0,9.0,2京都10,3歳1勝クラス,1:53.4,3.8,曇,1.0,3.0,1阪神2,3歳未勝利,1:57.3,0.0,小雨,4.0,1.0,1京都1,3歳未勝利,2:02.5,1.1,晴,16.7,11.0,2026-09-21 02:51:05,jra,2026-09-21,44.87,49.2,41.6,24.9,50.0,51.8,48.8,履歴少 / 市場オッズ妙味
202609040706,2026-09-21,6,ドメイン,3.0,2.0,田口,55.0,,11.0,10.0,4阪神2,3歳以上1勝クラス,1:55.1,2.1,曇,5.0,8.0,2中京4,3歳以上1勝クラス,2:02.0,1.1,曇,9.0,8.0,3京都1,3歳1勝クラス,1:53.8,1.5,晴,7.0,12.0,2阪神4,3歳1勝クラス,1:51.5,1.3,晴,1.0,3.0,1京都9,3歳未勝利,2:02.4,-0.1,晴,19.6,12.0,2026-09-21 02:51:05,jra,2026-09-21,46.54,48.1,58.3,35.3,17.0,56.8,48.8,履歴少
202609040706,2026-09-21,6,ビゾー,1.0,1.0,亀田,58.0,,14.0,15.0,3阪神5,3歳以上1勝クラス,2:29.2,3.4,雨,8.0,3.0,1阪神6,4歳以上1勝クラス,2:02.6,1.5,晴,1.0,2.0,1中京9,3歳未勝利,2:15.5,0.0,晴,6.0,2.0,1中山3,3歳新馬,2:04.6,0.5,晴,,,,,,,,49.7,14.0,2026-09-21 02:51:05,jra,2026-09-21,35.51,44.0,39.6,19.8,0.0,45.9,48.8,履歴少
202609040706,2026-09-21,6,フィサブロス,14.0,8.0,☆田山,54.0,,12.0,10.0,3阪神3,3歳以上1勝クラス,1:55.3,2.6,晴,1.0,2.0,2阪神7,3歳未勝利,2:07.0,-0.4,晴,2.0,4.0,1阪神9,3歳未勝利,2:07.6,0.3,晴,3.0,3.0,1京都6,3歳未勝利,2:02.7,0.6,晴,4.0,8.0,1京都2,3歳未勝利,2:01.7,0.8,晴,9.9,5.0,2026-09-21 02:51:05,jra,2026-09-21,53.52,66.9,53.1,69.6,0.0,63.0,48.8,履歴少 / 安定感
202609040706,2026-09-21,6,マジックブルー,9.0,5.0,▲森田,55.0,,10.0,11.0,3中京4,3歳以上1勝クラス,1:54.5,2.9,曇,7.0,6.0,2阪神3,4歳以上1勝クラス,1:53.8,1.3,雨,6.0,6.0,1阪神10,4歳以上1勝クラス,1:55.3,1.0,曇,13.0,8.0,4京都3,3歳以上1勝クラス,1:53.9,2.0,晴,9.0,4.0,3京都8,3歳以上1勝クラス,1:54.1,1.4,曇,54.7,15.0,2026-09-21 02:51:05,jra,2026-09-21,36.73,37.6,41.7,0.0,42.5,44.4,48.8,履歴少
202609040706,2026-09-21,6,メイショウジンライ,11.0,6.0,岩田望,55.0,,1.0,1.0,3阪神3,3歳未勝利,2:07.5,-0.2,晴,2.0,3.0,3京都12,3歳未勝利,2:00.7,0.2,晴,3.0,2.0,1中京3,3歳未勝利,2:03.1,0.7,晴,6.0,5.0,1阪神4,3歳未勝利,2:08.3,0.5,晴,6.0,7.0,5東京5,2歳新馬,2:02.9,0.8,曇,3.9,1.0,2026-09-21 02:51:05,jra,2026-09-21,65.82,84.9,50.1,75.1,69.5,55.8,48.8,履歴少 / 近走上向き / 安定感
202609040706,2026-09-21,6,ルシタニア,8.0,5.0,◇今村,56.0,,2.0,12.0,3中京4,3歳以上1勝クラス,1:52.3,0.7,曇,10.0,14.0,2中京7,3歳以上1勝クラス,1:55.2,1.6,晴,5.0,8.0,3福島3,3歳以上1勝クラス,2:35.7,1.1,晴,4.0,4.0,4新潟2,3歳以上1勝クラス,2:43.4,1.6,曇,4.0,5.0,2札幌1,3歳以上1勝クラス,2:35.6,1.0,晴,7.4,2.0,2026-09-21 02:51:05,jra,2026-09-21,71.21,67.3,83.1,75.1,72.5,70.2,48.8,前走人気以上 / 履歴少 / 人気以上に走る傾向 / 近走上向き
202609040706,2026-09-21,6,ロットブラータ,10.0,6.0,幸,58.0,,8.0,2.0,3京都12,4歳以上1勝クラス,2:27.8,4.1,晴,9.0,2.0,3京都6,4歳以上1勝クラス,2:12.1,0.9,晴,4.0,3.0,1福島1,浄土平特別(1勝クラス),1:47.6,0.6,晴,7.0,2.0,1阪神2,4歳以上1勝クラス,2:25.6,0.7,晴,3.0,1.0,1小倉4,足立山特別(1勝クラス),2:37.2,0.7,曇,16.1,10.0,2026-09-21 02:51:05,jra,2026-09-21,38.53,53.6,17.1,30.1,36.5,46.8,48.8,履歴少 / 市場オッズ妙味
202609040707,2026-09-21,7,アイスヴィレッジ,14.0,7.0,◇永島,56.0,,1.0,1.0,笠松,祝雄大新婚記念ジルコ(C),1:44.9,-0.9,晴,6.0,1.0,名古屋,C7組,1:39.1,1.9,晴,1.0,1.0,名古屋,C15組,1:37.0,-0.4,晴,2.0,1.0,名古屋,小山記念(C),1:35.9,0.7,晴,11.0,6.0,名古屋,ハロウィン・ナイト特(C),1:54.1,3.4,雨,28.3,12.0,2026-09-21 02:21:00,jra,2026-09-21,39.4,30.8,44.0,24.8,57.0,43.8,42.8,地方実績を中央換算 / 地方実績中心 / 履歴少
202609040707,2026-09-21,7,オーケーダイナ,15.0,7.0,小沢,56.0,,11.0,10.0,2札幌2,3歳以上1勝クラス,1:29.0,1.2,晴,6.0,11.0,1札幌3,3歳以上1勝クラス,1:29.7,0.7,曇,14.0,10.0,1新潟5,4歳以上1勝クラス,1:23.1,1.2,晴,14.0,13.0,1阪神1,4歳以上1勝クラス,1:34.4,1.0,晴,13.0,9.0,1小倉5,4歳以上1勝クラス,1:09.7,1.0,晴,102.1,17.0,2026-09-21 02:21:00,jra,2026-09-21,35.41,21.4,47.1,0.0,54.5,47.7,48.8,履歴少
202609040707,2026-09-21,7,ケールハイム,12.0,6.0,ルメール,54.0,,2.0,2.0,2中京1,3歳以上1勝クラス,1:07.8,0.2,晴,6.0,3.0,3京都6,橘S(L),1:20.8,1.1,晴,4.0,5.0,1阪神3,マーガレットS(L),1:08.3,0.3,曇,1.0,6.0,1京都5,3歳未勝利,1:22.2,0.0,晴,3.0,3.0,4京都8,2歳新馬,1:10.8,0.9,晴,5.2,1.0,2026-09-21 02:21:00,jra,2026-09-21,64.26,81.2,51.3,75.1,59.0,59.0,48.8,履歴少 / 安定感
202609040707,2026-09-21,7,シャインベック,8.0,4.0,亀田,58.0,,9.0,12.0,2小倉6,3歳以上1勝クラス,1:08.6,1.4,晴,12.0,12.0,2阪神7,4歳以上1勝クラス,1:35.1,1.2,晴,9.0,12.0,2阪神2,4歳以上1勝クラス,1:21.2,1.0,晴,7.0,11.0,4阪神3,3歳以上1勝クラス,1:20.8,0.5,曇,5.0,4.0,2京都6,3歳1勝クラス,1:35.7,1.4,曇,74.5,16.0,2026-09-21 02:21:00,jra,2026-09-21,45.37,35.7,63.9,10.3,45.5,56.8,54.0,前走人気以上 / クラス条件好転
202609040707,2026-09-21,7,ダンデノン,2.0,1.0,北村友,54.0,,4.0,1.0,3中京2,3歳以上1勝クラス,1:19.5,0.4,晴,2.0,1.0,3阪神2,3歳以上1勝クラス,1:20.7,0.2,雨,5.0,10.0,1阪神4,チューリップ賞(GII),1:34.4,0.1,晴,1.0,7.0,1京都3,3歳未勝利,1:35.2,-0.2,晴,6.0,6.0,4東京6,2歳新馬,1:34.8,0.7,晴,5.4,2.0,2026-09-21 02:21:00,jra,2026-09-21,65.57,80.3,54.9,89.7,47.0,61.7,48.8,履歴少 / 安定感
202609040707,2026-09-21,7,バーケンティン,18.0,8.0,幸,58.0,,9.0,16.0,3中京2,3歳以上1勝クラス,1:19.7,0.6,晴,15.0,13.0,2小倉8,3歳以上1勝クラス,1:09.7,1.5,晴,11.0,6.0,3京都7,4歳以上1勝クラス,1:13.5,0.9,晴,11.0,7.0,1福島5,4歳以上1勝クラス,1:09.2,1.1,晴,8.0,5.0,1小倉11,4歳以上1勝クラス,0:58.7,0.9,曇,28.9,13.0,2026-09-21 02:21:00,jra,2026-09-21,36.95,22.4,48.2,0.0,63.5,46.4,50.0,前走人気以上
202609040707,2026-09-21,7,ブルーカミング,7.0,4.0,★河原田,54.0,,12.0,16.0,2小倉2,3歳以上1勝クラス,1:48.1,2.7,晴,9.0,8.0,1福島2,4歳以上1勝クラス,1:48.2,1.6,晴,7.0,15.0,5阪神3,3歳以上1勝クラス,1:25.4,1.4,晴,10.0,11.0,3福島6,3歳以上1勝クラス,1:48.4,1.5,晴,8.0,9.0,1函館12,3歳以上1勝クラス,1:46.5,0.9,晴,45.2,15.0,2026-09-21 02:21:00,jra,2026-09-21,42.19,31.5,69.6,0.0,29.0,59.4,48.8,前走人気以上 / 履歴少 / 人気以上に走る傾向
202609040707,2026-09-21,7,ベルサ,11.0,6.0,◇今村,54.0,,2.0,8.0,3中京2,3歳以上1勝クラス,1:19.3,0.2,晴,7.0,1.0,1新潟2,4歳以上1勝クラス,1:22.5,0.7,曇,12.0,5.0,1中京1,4歳以上1勝クラス,1:34.6,1.1,晴,11.0,1.0,1小倉5,4歳以上1勝クラス,1:09.6,0.9,晴,9.0,2.0,5中京2,3歳以上1勝クラス,1:20.8,0.4,晴,10.4,6.0,2026-09-21 02:21:00,jra,2026-09-21,46.09,49.9,27.3,30.4,96.5,38.9,48.8,前走人気以上 / 履歴少 / 近走上向き
202609040707,2026-09-21,7,ベルサンローラン,5.0,3.0,☆田山,53.0,,11.0,7.0,3阪神3,3歳以上1勝クラス,1:34.2,0.8,晴,8.0,9.0,2東京3,スイートピーS(L),1:46.8,1.2,晴,6.0,6.0,2中山5,アネモネS(L),1:33.6,0.9,晴,2.0,7.0,2京都3,エルフィンS(L),1:33.1,0.1,曇,5.0,8.0,1京都9,河津桜賞(1勝クラス),1:34.4,0.7,晴,12.3,7.0,2026-09-21 02:21:00,jra,2026-09-21,43.79,49.3,50.5,24.9,15.5,58.1,48.8,履歴少 / 市場オッズ妙味
202609040707,2026-09-21,7,ベルセクレト,3.0,2.0,岩田望,54.0,,1.0,4.0,2中京2,3歳未勝利,1:07.8,-0.2,晴,7.0,3.0,2小倉6,3歳未勝利,1:09.1,1.0,晴,5.0,15.0,2小倉2,3歳未勝利,1:09.5,0.5,曇,,,,,,,,,,,,,,,15.9,9.0,2026-09-21 02:21:00,jra,2026-09-21,68.9,75.6,67.6,50.2,80.0,73.6,55.7,前走人気以上 / 小倉実績 / 人気以上に走る傾向 / 近走上向き
202609040707,2026-09-21,7,ペールノエル,10.0,5.0,西村淳,58.0,,6.0,6.0,3中京2,3歳以上1勝クラス,1:19.6,0.5,晴,1.0,4.0,3京都10,4歳以上1勝クラス,1:20.3,0.0,晴,6.0,2.0,3京都3,4歳以上1勝クラス,1:33.5,0.7,曇,2.0,5.0,3京都1,4歳以上1勝クラス,1:20.6,0.4,晴,3.0,4.0,1阪神8,4歳以上1勝クラス,1:33.0,0.2,曇,9.5,5.0,2026-09-21 02:21:00,jra,2026-09-21,57.74,77.1,53.5,49.8,32.0,61.5,48.8,履歴少
202609040707,2026-09-21,7,マダムカマラード,9.0,5.0,長岡,54.0,,14.0,5.0,3中京3,3歳以上1勝クラス,1:25.8,1.5,曇,1.0,1.0,笠松,落合宿特別(3歳),1:28.3,-1.0,曇,11.0,7.0,3京都7,3歳未勝利,1:27.0,2.0,晴,10.0,7.0,1京都8,3歳新馬,1:58.2,1.1,晴,,,,,,,,43.4,14.0,2026-09-21 02:21:00,jra,2026-09-21,25.02,25.1,19.1,14.5,10.0,37.9,51.8,クラス条件好転 / 履歴少
202609040707,2026-09-21,7,ムーンライトダイヤ,16.0,8.0,秋山稔,54.0,,1.0,5.0,2中京1,3歳未勝利,1:32.4,-0.1,晴,4.0,5.0,3阪神6,3歳未勝利,1:34.6,0.5,晴,3.0,11.0,3京都12,3歳未勝利,1:33.6,0.1,晴,8.0,14.0,2阪神3,3歳未勝利,1:22.4,0.8,小雨,,,,,,,,15.1,8.0,2026-09-21 02:21:00,jra,2026-09-21,75.78,80.7,80.6,75.1,74.0,79.1,48.8,前走人気以上 / 履歴少 / 人気以上に走る傾向 / 近走上向き
202609040707,2026-09-21,7,メイクワンズデイ,17.0,8.0,松若,56.0,,3.0,2.0,3中京2,3歳以上1勝クラス,1:19.4,0.3,晴,3.0,3.0,2中京2,3歳以上1勝クラス,1:19.4,0.1,晴,5.0,1.0,3京都10,3歳1勝クラス,1:08.2,0.3,晴,5.0,3.0,2阪神5,3歳1勝クラス,1:09.0,0.6,晴,11.0,6.0,1中京3,中スポ賞ファルコンS(GIII),1:20.8,1.0,晴,8.2,3.0,2026-09-21 02:21:00,jra,2026-09-21,59.89,71.9,36.7,89.7,68.0,51.2,48.8,履歴少 / 近走上向き / 安定感
202609040707,2026-09-21,7,リピ,4.0,2.0,鮫島駿,54.0,,5.0,10.0,3中京2,3歳以上1勝クラス,1:19.6,0.5,晴,3.0,3.0,2小倉1,3歳以上1勝クラス,1:09.0,0.8,曇,6.0,7.0,3阪神2,3歳以上1勝クラス,1:21.2,0.7,雨,7.0,9.0,1中京4,フローラルウォーク賞(1勝クラス),1:34.8,1.1,曇,12.0,9.0,1小倉11,3歳1勝クラス,1:46.7,3.9,晴,20.2,10.0,2026-09-21 02:21:00,jra,2026-09-21,59.58,62.3,61.9,55.3,62.0,59.5,48.8,前走人気以上 / 履歴少 / 市場オッズ妙味
202609040707,2026-09-21,7,ルクスノア,1.0,1.0,荻野琢,56.0,,10.0,11.0,3中京2,3歳以上1勝クラス,1:19.9,0.8,晴,9.0,8.0,2中京2,3歳以上1勝クラス,1:20.1,0.8,晴,6.0,9.0,1中京4,4歳以上1勝クラス,1:20.7,0.4,曇,9.0,12.0,3京都1,3歳以上1勝クラス,1:08.6,0.6,曇,4.0,4.0,2京都8,4歳以上1勝クラス,1:09.2,0.4,晴,27.3,11.0,2026-09-21 02:21:00,jra,2026-09-21,43.61,42.4,57.6,10.3,32.0,56.7,48.8,履歴少 / 市場オッズ妙味
202609040707,2026-09-21,7,ルディシャ,13.0,7.0,▲森田,55.0,,9.0,10.0,2小倉2,3歳以上1勝クラス,1:00.9,2.9,晴,9.0,13.0,3京都3,4歳以上1勝クラス,1:26.9,2.5,晴,1.0,4.0,笠松,冬の稲妻特別(C),1:30.7,-0.1,晴,1.0,1.0,笠松,枡谷佳幸・真紀銀婚式(C),1:29.8,-0.3,晴,3.0,1.0,笠松,れま祝20歳おめでと(C),1:47.0,1.1,曇,117.3,18.0,2026-09-21 02:21:00,jra,2026-09-21,43.26,38.5,60.9,20.9,28.5,54.8,42.8,地方実績を中央換算 / 地方実績中心 / 履歴少
202609040707,2026-09-21,7,ヴァージル,6.0,3.0,Ｍデムーロ,58.0,,3.0,4.0,2中京8,3歳以上1勝クラス,1:19.4,0.0,晴,3.0,4.0,3阪神3,3歳以上1勝クラス,1:08.5,0.2,晴,7.0,7.0,2阪神7,4歳以上1勝クラス,1:34.4,0.5,晴,6.0,4.0,2阪神2,4歳以上1勝クラス,1:20.7,0.5,晴,7.0,2.0,1小倉6,4歳以上1勝クラス,1:09.4,0.3,曇,8.8,4.0,2026-09-21 02:21:00,jra,2026-09-21,58.75,70.9,48.2,55.3,66.5,56.0,48.8,履歴少 / 近走上向き
202609040708,2026-09-21,8,アメリカンバー,4.0,4.0,富田,58.0,,1.0,1.0,4阪神5,3歳未勝利,1:53.8,-0.1,晴,3.0,3.0,4中京3,3歳未勝利,1:53.9,0.8,晴,6.0,1.0,3阪神4,3歳未勝利,1:54.6,3.0,曇,3.0,1.0,2京都10,3歳未勝利,1:59.4,0.9,曇,4.0,1.0,2中京2,3歳未勝利,1:59.6,1.1,曇,12.0,5.0,2026-09-21 02:50:00,jra,2026-09-21,62.89,83.3,38.9,80.2,68.0,54.1,48.8,履歴少 / 近走上向き / 安定感 / 市場オッズ妙味
202609040708,2026-09-21,8,エアフォースワン,10.0,7.0,菱田,58.0,,4.0,6.0,3中京1,瀬戸特別(1勝クラス),2:01.9,1.5,晴,7.0,7.0,2中京4,3歳以上1勝クラス,2:02.0,1.1,曇,10.0,7.0,2小倉6,3歳以上1勝クラス,1:48.0,2.0,晴,3.0,4.0,1中京7,4歳以上1勝クラス,1:53.2,0.4,晴,3.0,6.0,5京都1,3歳以上1勝クラス,1:53.4,0.4,晴,41.7,10.0,2026-09-21 02:50:00,jra,2026-09-21,58.59,62.5,53.3,55.3,60.5,58.2,62.4,n適性 / 小倉実績 / クラス条件好転 / 市場オッズ妙味
202609040708,2026-09-21,8,オーレアミスト,8.0,6.0,幸,58.0,,7.0,8.0,3中京4,3歳以上1勝クラス,1:53.7,2.1,曇,6.0,13.0,2中京7,3歳以上1勝クラス,1:54.3,0.7,晴,8.0,9.0,2中京4,3歳以上1勝クラス,2:02.1,1.2,曇,15.0,11.0,3阪神5,3歳以上1勝クラス,2:31.1,5.3,雨,10.0,7.0,3阪神2,3歳以上1勝クラス,1:53.9,2.6,小雨,19.3,7.0,2026-09-21 02:50:00,jra,2026-09-21,46.94,42.3,59.5,0.0,66.5,56.8,48.8,履歴少 / 近走上向き / 市場オッズ妙味
202609040708,2026-09-21,8,キタノサワヤカ,1.0,1.0,☆田山,57.0,,7.0,3.0,名古屋,名古屋CCヴェスタ賞(A),2:13.7,3.0,曇,13.0,7.0,5中京5,3歳以上1勝クラス,1:55.7,1.8,曇,12.0,5.0,3京都7,3歳以上1勝クラス,1:54.9,2.4,曇,5.0,4.0,3京都1,3歳以上1勝クラス,1:51.8,1.1,雨,9.0,10.0,3阪神5,3歳以上1勝クラス,1:54.5,1.5,晴,56.2,11.0,2026-09-21 02:50:00,jra,2026-09-21,33.42,24.1,25.7,14.6,66.5,39.9,51.8,クラス条件好転 / 履歴少 / 近走上向き
202609040708,2026-09-21,8,クレスコドルフィン,9.0,7.0,中井,58.0,,8.0,10.0,3中京1,瀬戸特別(1勝クラス),2:02.9,2.5,晴,11.0,10.0,2中京5,恵那特別(1勝クラス),1:56.3,2.7,晴,13.0,15.0,3京都2,4歳以上1勝クラス,1:54.3,2.6,晴,8.0,5.0,2阪神6,4歳以上1勝クラス,1:53.0,1.2,晴,4.0,4.0,1阪神10,4歳以上1勝クラス,1:54.7,0.4,曇,100.6,12.0,2026-09-21 02:50:00,jra,2026-09-21,41.85,33.4,52.2,10.3,56.0,50.9,48.8,履歴少
202609040708,2026-09-21,8,ディニテ,6.0,5.0,岩田望,58.0,,8.0,12.0,3阪神3,3歳以上1勝クラス,1:54.3,1.6,晴,3.0,3.0,3京都11,4歳以上1勝クラス,1:53.1,0.7,晴,8.0,2.0,1小倉9,4歳以上1勝クラス,1:47.5,0.8,晴,4.0,2.0,2京都1,4歳以上1勝クラス,2:00.9,0.4,曇,3.0,1.0,1京都5,4歳以上1勝クラス,2:00.5,0.2,晴,2.9,1.0,2026-09-21 02:50:00,jra,2026-09-21,50.21,62.8,46.7,49.8,29.0,50.6,48.8,前走人気以上 / 履歴少
202609040708,2026-09-21,8,メイショウカスガイ,5.0,5.0,角田和,58.0,,13.0,10.0,2小倉4,3歳以上1勝クラス,1:45.5,3.1,小雨,14.0,13.0,3阪神3,3歳以上1勝クラス,1:57.1,4.4,晴,11.0,5.0,2阪神8,4歳以上1勝クラス,2:05.5,13.3,曇,1.0,7.0,1阪神10,4歳以上1勝クラス,1:54.3,-0.2,曇,6.0,6.0,3中京2,3歳未勝利,1:54.9,0.8,晴,13.5,6.0,2026-09-21 02:50:00,jra,2026-09-21,32.99,26.0,39.7,14.6,20.0,50.3,50.0,市場オッズ妙味
202609040708,2026-09-21,8,ラテライト,11.0,8.0,田口,56.0,,4.0,5.0,3中京3,3歳以上1勝クラス,1:54.7,0.2,曇,7.0,8.0,3中京1,3歳以上1勝クラス,1:55.6,1.1,晴,5.0,7.0,1新潟6,4歳以上1勝クラス,1:55.3,0.9,晴,10.0,8.0,3京都3,4歳以上1勝クラス,1:54.3,2.0,晴,4.0,3.0,1阪神9,4歳以上1勝クラス,1:54.5,0.6,晴,11.4,4.0,2026-09-21 02:50:00,jra,2026-09-21,58.61,61.4,53.9,60.5,65.0,61.0,48.8,履歴少 / 近走上向き / 安定感
202609040708,2026-09-21,8,リリーサンダー,12.0,8.0,小沢,55.0,,3.0,3.0,大井,フォーチュネイトむく(C13歳),1:56.1,0.8,曇,16.0,5.0,2中京3,3歳未勝利,2:10.6,16.0,晴,2.0,3.0,2小倉8,3歳未勝利,1:47.8,0.1,晴,8.0,4.0,3阪神1,3歳未勝利,1:56.3,2.1,晴,4.0,3.0,3京都7,3歳未勝利,1:54.3,0.9,晴,37.8,9.0,2026-09-21 02:50:00,jra,2026-09-21,44.53,43.9,27.4,43.8,77.0,44.0,50.0,近走上向き / 市場オッズ妙味
202609040708,2026-09-21,8,レッドフレーザー,7.0,6.0,坂井,55.0,,1.0,2.0,4阪神1,3歳未勝利,1:54.3,-0.7,晴,3.0,7.0,2中京6,3歳未勝利,1:55.4,0.7,曇,3.0,8.0,2小倉8,3歳未勝利,1:48.5,0.8,晴,15.0,5.0,3阪神6,3歳未勝利,2:31.0,3.4,晴,7.0,8.0,3阪神3,3歳未勝利,1:46.9,1.0,晴,3.6,2.0,2026-09-21 02:50:00,jra,2026-09-21,66.28,73.3,56.5,75.1,86.0,56.1,50.0,前走人気以上 / 近走上向き / 安定感
202609040708,2026-09-21,8,レーンアジリティ,2.0,2.0,高倉,58.0,,8.0,14.0,4阪神2,3歳以上1勝クラス,1:53.9,0.9,曇,10.0,7.0,2中京5,恵那特別(1勝クラス),1:56.0,2.4,晴,12.0,10.0,2小倉7,3歳以上1勝クラス,1:46.8,2.3,晴,5.0,8.0,2阪神8,4歳以上1勝クラス,1:52.9,0.7,曇,2.0,5.0,1阪神10,4歳以上1勝クラス,1:54.5,0.2,曇,23.0,8.0,2026-09-21 02:50:00,jra,2026-09-21,47.87,42.2,60.0,24.9,45.5,57.4,51.8,クラス条件好転 / 前走人気以上 / 市場オッズ妙味
202609040708,2026-09-21,8,ロードアルディート,3.0,3.0,ルメール,58.0,,4.0,3.0,2札幌3,3歳以上1勝クラス,1:45.6,0.2,晴,3.0,5.0,1札幌8,3歳以上1勝クラス,1:46.2,0.6,晴,3.0,4.0,1函館1,3歳以上1勝クラス,1:45.6,0.3,晴,5.0,2.0,2阪神6,4歳以上1勝クラス,1:52.3,0.5,晴,5.0,2.0,1中京4,4歳以上1勝クラス,1:54.8,0.5,曇,4.4,3.0,2026-09-21 02:50:00,jra,2026-09-21,63.52,77.6,47.5,100.0,50.0,53.7,48.8,履歴少 / 安定感
202609040709,2026-09-21,9,アンビシャスヨシノ,13.0,7.0,角田和,58.0,,7.0,4.0,2中京8,大垣特別(2勝クラス),1:24.9,0.8,晴,1.0,2.0,4京都8,3歳以上1勝クラス,1:25.2,-0.3,晴,1.0,11.0,3京都9,3歳以上1勝クラス,1:23.4,-0.3,曇,4.0,3.0,1函館11,3歳未勝利,1:09.1,0.8,晴,5.0,3.0,1函館6,3歳未勝利,1:09.6,0.5,曇,14.6,8.0,2026-09-21 02:22:35,jra,2026-09-21,61.14,78.6,56.7,69.6,24.5,66.8,48.8,履歴少 / 安定感 / 過小評価傾向 / 市場オッズ妙味
202609040709,2026-09-21,9,オコタンペ,11.0,6.0,富田,58.0,,8.0,7.0,3中京3,清洲特別(2勝クラス),1:12.6,1.0,曇,4.0,14.0,2中京8,大垣特別(2勝クラス),1:24.6,0.5,晴,9.0,9.0,3京都7,4歳以上2勝クラス,1:12.4,0.5,晴,6.0,7.0,2東京4,4歳以上2勝クラス,1:18.2,0.8,曇,8.0,10.0,1福島3,ラジオ福島賞(2勝クラス),1:46.4,1.3,晴,53.1,12.0,2026-09-21 02:22:35,jra,2026-09-21,52.46,52.7,67.8,24.9,42.5,60.4,48.8,履歴少 / 人気以上に走る傾向
202609040709,2026-09-21,9,コロナドブリッジ,6.0,3.0,西村淳,56.0,,15.0,12.0,2福島2,ラジオNIKKEI賞(GIII),1:46.3,1.1,晴,7.0,4.0,3京都3,ユニコーンS(GIII),1:58.6,1.1,晴,8.0,5.0,1阪神9,若葉S(L),1:59.6,1.1,晴,1.0,4.0,5阪神3,エリカ賞(1勝クラス),2:01.9,-0.1,晴,1.0,2.0,4阪神5,2歳未勝利,2:03.6,0.0,晴,10.5,7.0,2026-09-21 02:22:35,jra,2026-09-21,37.21,46.6,38.0,24.9,0.0,51.3,48.8,履歴少
202609040709,2026-09-21,9,サンコンクエスト,5.0,3.0,太宰,56.0,,4.0,3.0,盛岡,東京カップけやき賞(A),1:37.8,1.3,曇,16.0,10.0,2東京10,三峰山特別(2勝クラス),1:40.1,3.5,曇,10.0,4.0,1新潟2,咲花特別(2勝クラス),1:55.0,1.4,曇,5.0,2.0,2阪神8,4歳以上2勝クラス,1:53.8,1.9,曇,1.0,2.0,2京都4,4歳以上1勝クラス,1:56.7,0.0,晴,66.7,16.0,2026-09-21 02:22:35,jra,2026-09-21,41.29,36.2,27.9,38.6,74.0,41.2,51.8,クラス条件好転 / 履歴少 / 近走上向き
202609040709,2026-09-21,9,シーニックビュー,15.0,8.0,吉田隼,58.0,,10.0,11.0,2新潟4,苗場特別(2勝クラス),1:54.2,1.8,曇,12.0,8.0,3東京4,3歳以上2勝クラス,1:39.5,3.8,曇,6.0,11.0,1福島3,ラジオ福島賞(2勝クラス),1:46.1,1.0,晴,6.0,8.0,1東京6,4歳以上2勝クラス,1:25.3,0.6,晴,6.0,14.0,5東京5,3歳以上2勝クラス,1:39.0,0.5,曇,21.7,9.0,2026-09-21 02:22:35,jra,2026-09-21,42.5,38.3,59.9,0.0,35.0,59.5,48.8,履歴少
202609040709,2026-09-21,9,スターオブロンドン,9.0,5.0,古川奈,56.0,,9.0,7.0,2札幌6,旭川特別(2勝クラス),1:45.7,1.7,晴,1.0,5.0,2札幌3,3歳以上1勝クラス,1:45.4,-0.1,晴,9.0,3.0,2阪神6,3歳1勝クラス,1:24.6,0.8,晴,4.0,5.0,1阪神9,3歳1勝クラス,1:24.6,0.8,晴,6.0,4.0,1東京3,3歳1勝クラス,1:25.7,1.5,雪,38.1,11.0,2026-09-21 02:22:35,jra,2026-09-21,47.38,60.3,44.0,39.5,26.0,51.5,48.8,履歴少 / 市場オッズ妙味
202609040709,2026-09-21,9,ダイシンリンク,4.0,2.0,中井,58.0,,4.0,6.0,4阪神2,3歳以上2勝クラス,1:24.7,0.2,小雨,6.0,5.0,2東京11,富嶽賞(2勝クラス),1:24.9,0.4,晴,6.0,7.0,1阪神10,4歳以上2勝クラス,1:24.7,1.1,曇,4.0,5.0,1阪神2,4歳以上2勝クラス,1:24.7,0.4,曇,8.0,5.0,1京都4,4歳以上2勝クラス,1:26.2,0.7,小雪,10.0,6.0,2026-09-21 02:22:35,jra,2026-09-21,57.1,65.5,52.7,45.0,62.0,59.8,48.8,履歴少
202609040709,2026-09-21,9,ピカラ,12.0,6.0,戸崎圭,54.0,,2.0,1.0,4阪神2,3歳以上2勝クラス,1:24.5,0.0,小雨,1.0,1.0,3京都12,3歳1勝クラス,1:23.7,-0.1,晴,1.0,2.0,3京都4,3歳未勝利,1:24.0,-0.7,曇,2.0,16.0,3京都8,2歳新馬,1:25.8,0.2,曇,,,,,,,,5.0,2.0,2026-09-21 02:22:35,jra,2026-09-21,73.21,96.0,65.1,89.7,46.0,68.2,48.8,履歴少 / 人気以上に走る傾向 / 安定感 / 過小評価傾向
202609040709,2026-09-21,9,プチプラージュ,7.0,4.0,幸,56.0,,10.0,11.0,3京都5,久御山特別(2勝クラス),1:33.5,1.3,晴,10.0,16.0,1中京5,フィリピンT(2勝クラス),1:21.6,0.6,晴,11.0,17.0,1阪神3,4歳以上2勝クラス,1:22.2,0.7,曇,8.0,10.0,5阪神4,甲東特別(2勝クラス),1:35.2,0.8,晴,11.0,17.0,4東京2,tvk賞(2勝クラス),1:20.4,0.6,曇,58.3,15.0,2026-09-21 02:22:35,jra,2026-09-21,46.28,27.9,77.3,0.0,50.0,64.6,48.8,履歴少 / 人気以上に走る傾向
202609040709,2026-09-21,9,ポートデラメール,3.0,2.0,ルメール,56.0,,5.0,3.0,2中京1,四日市特別(2勝クラス),1:24.8,1.0,晴,2.0,1.0,2阪神3,4歳以上2勝クラス,1:22.9,0.1,雨,7.0,1.0,1京都7,小倉山特別(2勝クラス),1:25.3,0.7,晴,2.0,1.0,4京都1,亀岡特別(2勝クラス),1:23.5,0.2,晴,1.0,4.0,4阪神2,3歳以上1勝クラス,1:24.0,-0.4,晴,3.9,1.0,2026-09-21 02:22:35,jra,2026-09-21,56.82,77.6,36.9,80.2,38.0,51.2,48.8,履歴少 / 安定感
202609040709,2026-09-21,9,モズタチアガレ,2.0,1.0,Ｍデムーロ,58.0,,3.0,8.0,4阪神2,3歳以上2勝クラス,1:24.6,0.1,小雨,9.0,14.0,2中京1,四日市特別(2勝クラス),1:25.4,1.6,晴,8.0,5.0,2阪神3,4歳以上2勝クラス,1:23.7,0.9,雨,3.0,6.0,1阪神6,4歳以上2勝クラス,1:24.6,1.5,晴,1.0,3.0,2京都5,4歳以上1勝クラス,1:26.2,0.0,晴,9.9,5.0,2026-09-21 02:22:35,jra,2026-09-21,64.05,65.8,69.7,55.3,63.5,67.6,51.8,クラス条件好転 / 前走人気以上 / 履歴少 / 人気以上に走る傾向
202609040709,2026-09-21,9,ヤマニンバロネス,14.0,7.0,武豊,56.0,,12.0,9.0,2中京1,四日市特別(2勝クラス),1:25.6,1.8,晴,8.0,3.0,1阪神8,4歳以上2勝クラス,1:25.0,0.5,晴,14.0,7.0,1東京8,大島特別(2勝クラス),1:25.9,1.7,晴,3.0,2.0,1京都7,小倉山特別(2勝クラス),1:24.9,0.3,晴,6.0,5.0,3京都9,嵯峨野特別(2勝クラス),1:23.4,0.6,曇,8.6,4.0,2026-09-21 02:22:35,jra,2026-09-21,30.25,33.1,23.5,14.6,24.5,41.4,48.8,履歴少
202609040709,2026-09-21,9,ライトオブヌカタ,16.0,8.0,岩田望,56.0,,8.0,13.0,3東京6,甲州街道特別(2勝クラス),1:23.1,0.5,曇,10.0,5.0,1中京2,昇竜S(OP),1:25.4,1.4,晴,1.0,1.0,1京都4,3歳1勝クラス,1:27.0,-0.1,晴,4.0,9.0,5阪神5,ポインセチアS(OP),1:53.5,0.9,晴,1.0,4.0,3京都5,2歳未勝利,1:25.4,-0.3,晴,8.4,3.0,2026-09-21 02:22:35,jra,2026-09-21,53.79,61.5,59.2,44.7,26.0,64.3,48.8,前走人気以上 / 履歴少
202609040709,2026-09-21,9,ラピダリア,10.0,5.0,池添,56.0,,10.0,15.0,2中京8,大垣特別(2勝クラス),1:25.2,1.1,晴,8.0,13.0,3京都6,4歳以上2勝クラス,1:24.6,0.8,晴,12.0,10.0,2東京2,4歳以上2勝クラス,1:26.2,2.5,晴,1.0,12.0,2阪神1,4歳以上1勝クラス,1:24.4,-0.2,晴,13.0,14.0,1阪神7,4歳以上1勝クラス,1:25.8,1.9,晴,56.3,13.0,2026-09-21 02:22:35,jra,2026-09-21,49.67,36.9,78.6,14.6,41.0,63.9,48.8,前走人気以上 / 履歴少 / 人気以上に走る傾向
202609040709,2026-09-21,9,ロードオルデン,1.0,1.0,吉村,58.0,,14.0,11.0,3阪神2,洲本特別(2勝クラス),1:24.8,1.4,雨,6.0,8.0,3京都6,4歳以上2勝クラス,1:24.3,0.5,晴,7.0,9.0,2阪神3,4歳以上2勝クラス,1:23.6,0.8,雨,5.0,4.0,5中京5,ヤングJSFR中京2(2勝クラス),1:25.7,0.4,小雨,12.0,14.0,5阪神1,3歳以上2勝クラス,1:24.9,1.0,晴,56.8,14.0,2026-09-21 02:22:35,jra,2026-09-21,37.52,36.4,50.3,14.6,11.0,52.2,48.8,履歴少
202609040709,2026-09-21,9,ワーズワース,8.0,4.0,浜中,58.0,,7.0,14.0,3東京6,甲州街道特別(2勝クラス),1:23.0,0.4,曇,,,1阪神6,4歳以上2勝クラス,,,晴,6.0,5.0,5阪神1,3歳以上2勝クラス,1:24.5,0.6,晴,4.0,3.0,4東京8,3歳以上2勝クラス,1:24.5,0.4,雨,3.0,7.0,3京都2,3歳以上2勝クラス,1:22.9,0.3,曇,23.2,10.0,2026-09-21 02:22:35,jra,2026-09-21,55.24,63.2,70.5,24.9,34.0,62.0,48.8,前走人気以上 / 履歴少 / 人気以上に走る傾向 / 市場オッズ妙味
202609040710,2026-09-21,10,アルマデオロ,8.0,4.0,武豊,57.0,,2.0,1.0,1札幌3,STV賞(3勝クラス),2:00.2,0.0,曇,1.0,1.0,1函館8,横津岳特別(2勝クラス),2:40.1,-0.2,曇,3.0,4.0,2東京3,4歳以上2勝クラス,2:23.3,0.4,晴,3.0,2.0,2阪神5,明石特別(2勝クラス),2:27.7,0.3,晴,6.0,2.0,4京都2,3歳以上2勝クラス,2:29.3,0.7,雨,3.8,1.0,2026-09-21 03:01:15,jra,2026-09-21,65.69,87.9,45.3,89.7,57.5,52.4,51.8,クラス条件好転 / 安定感
202609040710,2026-09-21,10,キタサンハナビラ,1.0,1.0,藤懸,51.0,,3.0,2.0,2阪神2,四国新聞杯(2勝クラス),2:00.3,0.1,晴,4.0,4.0,1京都9,4歳以上2勝クラス,2:01.4,0.7,晴,8.0,5.0,1京都5,琵琶湖特別(2勝クラス),2:25.6,0.9,晴,11.0,2.0,3京都10,北野特別(2勝クラス),2:00.6,1.1,晴,1.0,2.0,3中京5,香嵐渓特別(1勝クラス),1:58.9,-0.3,晴,8.9,4.0,2026-09-21 03:01:15,jra,2026-09-21,55.18,66.4,35.3,65.7,68.0,51.5,48.8,履歴少 / 近走上向き / 安定感
202609040710,2026-09-21,10,サトノクローク,14.0,7.0,池添,55.0,,6.0,6.0,2中京1,関ケ原S(3勝クラス),2:11.0,0.5,晴,10.0,10.0,3阪神5,ストークS(3勝クラス),2:14.7,0.5,雨,2.0,12.0,3京都6,烏丸S(3勝クラス),2:23.3,0.0,晴,13.0,15.0,2阪神6,京橋S(3勝クラス),2:00.8,1.2,晴,6.0,14.0,1小倉12,関門橋S(3勝クラス),2:01.1,0.8,晴,39.2,12.0,2026-09-21 03:01:15,jra,2026-09-21,54.94,50.2,71.7,19.8,60.5,65.6,48.8,履歴少 / 人気以上に走る傾向 / 過小評価傾向
202609040710,2026-09-21,10,サークルオブジョイ,12.0,6.0,西村淳,56.0,,6.0,4.0,3阪神5,ストークS(3勝クラス),2:14.6,0.4,雨,6.0,8.0,3京都6,烏丸S(3勝クラス),2:23.8,0.5,晴,5.0,3.0,1阪神3,松籟S(3勝クラス),3:07.7,0.8,曇,8.0,5.0,5中山7,グレイトフルS(3勝クラス),2:36.3,0.8,曇,1.0,3.0,4京都2,3歳以上2勝クラス,2:28.6,-0.3,雨,51.7,15.0,2026-09-21 03:01:15,jra,2026-09-21,49.37,63.4,44.9,30.1,44.0,50.7,48.8,履歴少
202609040710,2026-09-21,10,シンゼンカガ,6.0,3.0,吉田隼,55.0,,5.0,6.0,4阪神1,西宮S(3勝クラス),1:48.3,0.8,曇,6.0,3.0,2中京7,高山S(3勝クラス),1:58.8,1.0,晴,1.0,4.0,1中京1,茶臼山高原特別(2勝クラス),1:58.9,-0.2,晴,4.0,4.0,1小倉11,別府特別(2勝クラス),2:01.4,0.5,晴,1.0,1.0,1小倉7,4歳以上1勝クラス,1:48.4,-0.3,雨,43.9,14.0,2026-09-21 03:01:15,jra,2026-09-21,59.78,76.8,51.0,75.1,38.0,54.1,48.8,履歴少 / 安定感
202609040710,2026-09-21,10,ジョイボーイ,11.0,6.0,松山,56.0,,4.0,6.0,3東京4,江の島S(3勝クラス),2:23.8,0.5,曇,1.0,1.0,3京都6,清滝特別(2勝クラス),2:13.7,-0.1,曇,8.0,5.0,4阪神7,神戸新聞杯(GII),2:27.3,0.9,曇,1.0,1.0,2小倉5,英彦山特別(1勝クラス),2:43.5,-0.2,晴,1.0,1.0,2京都12,3歳未勝利,2:27.6,-0.2,晴,13.4,8.0,2026-09-21 03:01:15,jra,2026-09-21,63.54,81.6,50.1,80.2,42.5,62.5,51.8,クラス条件好転 / 履歴少 / 安定感 / 市場オッズ妙味
202609040710,2026-09-21,10,スパークリシャール,5.0,3.0,ルメール,55.0,,2.0,12.0,2札幌1,オールスターJ第2戦(3勝クラス),1:59.9,0.0,晴,16.0,15.0,2東京12,IFHA杯むらさき賞(3勝クラス),1:45.8,0.9,晴,17.0,10.0,2東京4,府中S(3勝クラス),1:59.4,2.3,晴,13.0,7.0,3中山4,美浦S(3勝クラス),2:02.5,1.0,曇,8.0,14.0,2中山2,中山記念(GII),1:45.7,0.6,晴,13.3,7.0,2026-09-21 03:01:15,jra,2026-09-21,51.31,33.1,58.1,30.4,100.0,54.2,48.8,前走人気以上 / 履歴少 / 近走上向き / 市場オッズ妙味
202609040710,2026-09-21,10,タイセイフェリーク,13.0,7.0,松若,54.0,,8.0,9.0,3新潟4,日本海S(3勝クラス),2:14.9,0.9,曇,10.0,7.0,2中京1,関ケ原S(3勝クラス),2:12.0,1.5,晴,5.0,13.0,3阪神5,ストークS(3勝クラス),2:14.5,0.3,雨,7.0,15.0,3京都9,シドニーT(3勝クラス),1:59.7,0.3,曇,8.0,12.0,4京都5,比叡S(3勝クラス),2:25.6,0.7,晴,67.2,16.0,2026-09-21 03:01:15,jra,2026-09-21,51.17,45.9,69.0,19.8,47.0,63.3,48.8,履歴少 / 人気以上に走る傾向
202609040710,2026-09-21,10,チルカーノ,7.0,4.0,北村友,53.0,,12.0,10.0,2札幌1,オールスターJ第2戦(3勝クラス),2:02.5,2.6,晴,5.0,11.0,1札幌3,STV賞(3勝クラス),2:00.8,0.6,曇,15.0,11.0,2東京4,府中S(3勝クラス),1:58.3,1.2,晴,5.0,8.0,2阪神6,京橋S(3勝クラス),1:59.8,0.2,晴,8.0,6.0,2京都2,八坂S(3勝クラス),2:14.8,1.3,曇,40.8,13.0,2026-09-21 03:01:15,jra,2026-09-21,42.51,35.1,52.3,39.5,27.5,51.6,48.8,履歴少
202609040710,2026-09-21,10,テーオーダグラス,2.0,1.0,鮫島駿,55.0,,4.0,5.0,4阪神1,西宮S(3勝クラス),1:48.2,0.7,曇,7.0,7.0,2札幌1,オールスターJ第2戦(3勝クラス),2:00.8,0.9,晴,4.0,7.0,2福島1,バーデンバーデンC(3勝クラス),1:57.5,0.8,晴,8.0,13.0,2東京12,IFHA杯むらさき賞(3勝クラス),1:45.4,0.5,晴,12.0,17.0,3京都2,センテニアルパークS(3勝クラス),1:44.4,0.7,曇,37.8,11.0,2026-09-21 03:01:15,jra,2026-09-21,60.8,58.7,65.0,50.2,72.5,65.4,48.8,履歴少 / 人気以上に走る傾向 / 近走上向き / 過小評価傾向
202609040710,2026-09-21,10,ナリタエスペランサ,10.0,5.0,川田,54.0,,1.0,1.0,2小倉2,帆柱山特別(2勝クラス),2:43.3,-0.5,晴,1.0,3.0,3阪神4,3歳以上1勝クラス,2:00.4,-0.4,曇,7.0,4.0,1阪神1,すみれS(L),2:13.3,0.9,晴,1.0,1.0,1京都4,3歳未勝利,1:49.2,-0.2,晴,3.0,6.0,5阪神8,2歳未勝利,1:46.3,0.1,晴,5.9,2.0,2026-09-21 03:01:15,jra,2026-09-21,67.43,88.9,51.5,80.2,62.0,58.9,48.8,履歴少 / 安定感
202609040710,2026-09-21,10,ファームツエンティ,9.0,5.0,酒井,55.0,,7.0,3.0,3阪神5,ストークS(3勝クラス),2:14.6,0.4,雨,1.0,3.0,2阪神5,明石特別(2勝クラス),2:27.4,0.0,晴,3.0,2.0,1阪神9,淡路特別(2勝クラス),2:39.6,0.0,晴,1.0,3.0,1阪神2,4歳以上1勝クラス,2:24.9,0.0,晴,4.0,4.0,2京都3,4歳以上1勝クラス,2:28.2,0.5,曇,18.6,10.0,2026-09-21 03:01:15,jra,2026-09-21,58.27,79.8,45.6,69.6,21.5,63.3,51.8,クラス条件好転 / 履歴少 / 安定感 / 市場オッズ妙味
202609040710,2026-09-21,10,ベトルス,15.0,8.0,岩田望,57.0,,6.0,1.0,3東京4,江の島S(3勝クラス),2:24.2,0.9,曇,3.0,2.0,3京都6,烏丸S(3勝クラス),2:23.5,0.2,晴,2.0,2.0,2阪神2,御堂筋S(3勝クラス),2:23.5,0.3,晴,1.0,1.0,2小倉4,九州スポーツ杯(2勝クラス),2:39.5,-0.9,晴,1.0,1.0,2京都9,4歳以上1勝クラス,2:26.4,0.0,雨,10.2,5.0,2026-09-21 03:01:15,jra,2026-09-21,56.07,82.3,37.6,69.6,24.5,56.0,48.8,履歴少 / 安定感
202609040710,2026-09-21,10,ミスタージーティー,4.0,2.0,坂井,56.0,,9.0,6.0,2東京12,IFHA杯むらさき賞(3勝クラス),1:45.4,0.5,晴,9.0,3.0,3京都6,烏丸S(3勝クラス),2:23.9,0.6,晴,3.0,11.0,3京都2,センテニアルパークS(3勝クラス),1:44.1,0.4,曇,10.0,3.0,5東京2,イクイノックスM(3勝クラス),1:59.9,1.3,小雨,12.0,1.0,3東京4,江の島S(3勝クラス),2:30.2,3.1,曇,12.5,6.0,2026-09-21 03:01:15,jra,2026-09-21,37.25,41.8,29.1,19.8,47.0,40.5,48.8,履歴少 / 市場オッズ妙味
202609040710,2026-09-21,10,レジェンドシップ,3.0,2.0,浜中,55.0,,1.0,5.0,2札幌3,札幌日刊スポーツ杯(2勝クラス),2:02.2,-0.2,晴,1.0,2.0,1札幌6,3歳以上1勝クラス,2:01.4,-0.1,晴,3.0,3.0,3京都12,4歳以上1勝クラス,2:24.0,0.3,晴,3.0,5.0,3京都6,4歳以上1勝クラス,2:11.4,0.2,晴,7.0,3.0,1小倉11,脊振山特別(1勝クラス),2:42.8,1.4,晴,7.4,3.0,2026-09-21 03:01:15,jra,2026-09-21,71.23,89.5,59.4,89.7,65.0,60.5,48.8,前走人気以上 / 履歴少 / 近走上向き / 安定感
202609040710,2026-09-21,10,ロードガレリア,16.0,8.0,吉村,56.0,,1.0,3.0,3阪神6,高砂特別(2勝クラス),2:00.4,-0.2,晴,1.0,1.0,3京都12,4歳以上1勝クラス,2:23.7,0.0,晴,3.0,4.0,1中京6,4歳以上1勝クラス,2:11.9,0.3,晴,5.0,1.0,1中京1,鶴舞特別(1勝クラス),2:12.3,0.9,晴,3.0,1.0,1阪神2,4歳以上1勝クラス,2:25.2,0.3,晴,17.0,9.0,2026-09-21 03:01:15,jra,2026-09-21,70.37,90.5,50.1,100.0,62.0,62.0,48.8,履歴少 / 安定感 / 市場オッズ妙味
202609040711,2026-09-21,11,アルトラムス,4.0,4.0,岩田望,57.0,,6.0,16.0,2東京12,東京優駿(GI),2:23.1,0.4,晴,18.0,13.0,3中山8,皐月賞(GI),1:58.8,2.3,晴,1.0,1.0,2阪神1,毎日杯(GIII),1:45.1,-0.1,晴,3.0,3.0,1京都5,日刊スポシンザン記念(GIII),1:33.6,0.2,晴,1.0,1.0,4京都5,2歳新馬,1:34.4,-0.5,晴,14.3,5.0,2026-09-21 02:40:45,jra,2026-09-21,57.07,60.6,62.6,44.7,48.5,64.6,48.8,前走人気以上 / 履歴少 / 市場オッズ妙味
202609040711,2026-09-21,11,エイシンインアウト,2.0,2.0,横山琉,57.0,,1.0,3.0,2札幌2,ルスツ特別(1勝クラス),1:59.8,-0.8,晴,1.0,3.0,1函館8,3歳未勝利,2:01.4,-0.2,曇,4.0,4.0,1函館4,3歳未勝利,1:48.5,0.2,小雨,5.0,2.0,1阪神1,3歳未勝利,1:56.1,1.3,晴,4.0,6.0,1小倉4,3歳未勝利,1:48.2,1.1,曇,14.5,6.0,2026-09-21 02:40:45,jra,2026-09-21,71.81,88.1,56.1,100.0,65.0,63.3,50.0,近走上向き / 安定感 / 市場オッズ妙味
202609040711,2026-09-21,11,エムズビギン,6.0,6.0,武豊,57.0,,14.0,15.0,2東京12,東京優駿(GI),2:23.7,1.0,晴,7.0,2.0,3京都5,京都新聞杯(GII),2:10.6,0.7,晴,2.0,2.0,2京都4,きさらぎ賞(GIII),1:48.0,0.0,曇,1.0,1.0,5東京6,2歳未勝利,2:00.1,-0.4,晴,2.0,1.0,3京都9,2歳新馬,1:50.9,0.4,曇,29.1,8.0,2026-09-21 02:40:45,jra,2026-09-21,43.37,55.2,42.7,44.7,0.0,53.0,48.8,履歴少 / 市場オッズ妙味
202609040711,2026-09-21,11,カフジエメンタール,10.0,8.0,坂井,57.0,,1.0,3.0,3中京4,熊野特別(2勝クラス),2:12.0,-0.1,晴,1.0,1.0,3阪神1,城崎特別(1勝クラス),1:45.5,-0.2,晴,9.0,11.0,3京都5,京都新聞杯(GII),2:10.8,0.9,晴,3.0,2.0,2阪神1,毎日杯(GIII),1:45.7,0.6,晴,1.0,2.0,1阪神6,アルメリア賞(1勝クラス),1:45.2,-0.6,晴,34.0,9.0,2026-09-21 02:40:45,jra,2026-09-21,67.97,85.0,56.7,80.2,65.0,58.9,48.8,履歴少 / 近走上向き / 安定感 / 市場オッズ妙味
202609040711,2026-09-21,11,カムアップローゼス,5.0,5.0,北村友,57.0,,1.0,1.0,1函館6,臥牛山特別(1勝クラス),1:46.9,-0.2,晴,4.0,1.0,1函館1,奥尻特別(1勝クラス),2:00.1,0.3,晴,6.0,10.0,3京都5,京都新聞杯(GII),2:10.4,0.5,晴,3.0,5.0,1東京7,フリージア賞(1勝クラス),1:58.9,0.2,晴,6.0,7.0,2京都1,3歳1勝クラス,1:53.3,0.5,曇,49.9,10.0,2026-09-21 02:40:45,jra,2026-09-21,65.25,79.6,53.1,69.9,72.5,58.9,48.8,履歴少 / 近走上向き / 安定感 / 市場オッズ妙味
202609040711,2026-09-21,11,グリーンエナジー,9.0,7.0,戸崎圭,57.0,,16.0,10.0,2東京12,東京優駿(GI),2:24.2,1.5,晴,7.0,2.0,3中山8,皐月賞(GI),1:57.0,0.5,晴,1.0,2.0,1中山7,京成杯(GIII),1:59.3,0.0,晴,1.0,1.0,5東京1,2歳未勝利,2:01.2,-0.5,曇,3.0,3.0,3東京2,2歳新馬,1:47.7,0.9,曇,7.9,2.0,2026-09-21 02:40:45,jra,2026-09-21,40.41,56.0,29.9,44.7,0.0,52.3,48.8,履歴少
202609040711,2026-09-21,11,コンジェスタス,7.0,6.0,西村淳,57.0,,9.0,6.0,2東京12,東京優駿(GI),2:23.1,0.4,晴,1.0,6.0,3京都5,京都新聞杯(GII),2:09.9,0.0,晴,1.0,1.0,1阪神4,3歳1勝クラス,2:00.1,-0.6,晴,1.0,4.0,5中山8,2歳新馬,2:03.6,-0.1,晴,,,,,,,,12.3,4.0,2026-09-21 02:40:45,jra,2026-09-21,56.66,78.3,56.0,59.3,2.0,64.7,48.8,履歴少 / 市場オッズ妙味
202609040711,2026-09-21,11,ゴーラッキー,3.0,3.0,ルメール,57.0,,1.0,1.0,3東京2,香港ジョッキーCT(2勝クラス),1:57.9,-0.4,曇,6.0,2.0,3中山5,ニュージーランドT(GII),1:34.0,0.7,晴,1.0,1.0,1東京8,3歳1勝クラス,1:33.2,-0.6,晴,1.0,2.0,5東京8,2歳新馬,1:47.0,-0.1,晴,,,,,,,,11.1,3.0,2026-09-21 02:40:45,jra,2026-09-21,63.23,88.9,43.4,64.7,60.0,57.8,48.8,履歴少 / 安定感
202609040711,2026-09-21,11,ショウナンハヤナミ,11.0,8.0,池添,57.0,,1.0,2.0,1京都8,若駒S(L),2:01.2,-0.2,晴,1.0,2.0,5阪神7,2歳新馬,2:02.6,-0.3,晴,,,,,,,,,,,,,,,,,,,,,,25.5,7.0,2026-09-21 02:40:45,jra,2026-09-21,56.15,73.0,49.4,48.4,45.5,55.2,48.8,履歴少 / サンプル少 / 市場オッズ妙味
202609040711,2026-09-21,11,シートゥサミット,8.0,7.0,酒井,57.0,,2.0,4.0,3阪神5,3歳以上1勝クラス,2:26.1,0.3,雨,1.0,1.0,3京都11,3歳未勝利,2:25.3,-0.4,晴,2.0,6.0,3京都4,3歳未勝利,2:25.6,0.2,曇,7.0,8.0,2阪神7,3歳未勝利,1:46.3,0.5,晴,7.0,6.0,2京都5,3歳未勝利,1:48.1,1.4,晴,80.1,11.0,2026-09-21 02:40:45,jra,2026-09-21,67.49,84.0,60.1,75.1,63.5,57.4,48.8,履歴少 / 安定感
202609040711,2026-09-21,11,ロブチェン,1.0,1.0,松山,57.0,,1.0,1.0,2東京12,東京優駿(GI),2:22.7,0.0,晴,1.0,1.0,3中山8,皐月賞(GI),1:56.5,-0.2,晴,3.0,3.0,1東京6,共同通信杯(GIII),1:45.5,0.0,晴,1.0,7.0,5中山7,ホープフルS(GI),2:01.0,-0.1,曇,1.0,2.0,4京都2,2歳新馬,2:04.5,-0.5,雨,1.4,1.0,2026-09-21 02:40:45,jra,2026-09-21,71.83,96.8,56.9,100.0,53.0,56.0,48.8,履歴少 / 安定感
202609040712,2026-09-21,12,エイシンティザー,9.0,5.0,岩田望,56.0,,2.0,2.0,4阪神1,3歳以上1勝クラス,1:24.7,0.2,曇,4.0,1.0,2中京7,3歳以上1勝クラス,1:53.9,0.3,晴,3.0,3.0,3阪神1,城崎特別(1勝クラス),1:45.7,0.2,晴,3.0,2.0,3京都9,メルボルンT(1勝クラス),1:33.0,0.1,曇,11.0,8.0,2阪神3,チャーチルダウンズC(GIII),1:35.7,1.6,雨,3.3,1.0,2026-09-21 02:25:45,jra,2026-09-21,62.82,77.8,41.6,89.7,69.5,50.5,48.8,履歴少 / 近走上向き / 安定感
202609040712,2026-09-21,12,クリノセーラーマン,12.0,7.0,田口,56.0,,7.0,10.0,4阪神1,3歳以上1勝クラス,1:25.3,0.8,曇,14.0,15.0,3京都9,3歳1勝クラス,1:25.5,1.5,曇,8.0,11.0,3京都2,3歳1勝クラス,1:25.8,1.6,晴,1.0,3.0,笠松,太田宿特別(3歳),1:30.2,-0.1,晴,15.0,6.0,5阪神1,2歳未勝利,1:16.7,3.8,晴,52.2,14.0,2026-09-21 02:25:45,jra,2026-09-21,43.72,33.0,57.0,8.5,65.0,50.9,48.8,前走人気以上 / 履歴少 / 近走上向き
202609040712,2026-09-21,12,ゴーゴーパンチ,4.0,3.0,◇永島,54.0,,6.0,6.0,3新潟4,3歳以上1勝クラス,1:12.0,0.6,曇,10.0,3.0,2福島3,3歳以上1勝クラス,1:46.7,1.8,晴,4.0,6.0,3東京3,3歳以上1勝クラス,1:23.8,0.3,晴,3.0,9.0,2東京12,3歳1勝クラス,1:25.2,0.7,晴,9.0,12.0,3中山5,3歳1勝クラス,1:12.3,2.2,晴,8.4,5.0,2026-09-21 02:25:45,jra,2026-09-21,51.26,56.2,48.9,34.3,53.0,59.4,50.0,総合評価
202609040712,2026-09-21,12,シャープインサイト,2.0,2.0,菱田,56.0,,7.0,12.0,4阪神4,3歳以上1勝クラス,1:26.3,1.9,晴,13.0,12.0,2中京2,3歳以上1勝クラス,1:27.5,3.0,晴,1.0,6.0,2阪神2,3歳未勝利,1:26.1,-0.5,晴,8.0,11.0,1阪神7,3歳未勝利,1:26.4,0.9,晴,11.0,13.0,1小倉12,3歳未勝利,1:47.3,1.2,晴,65.6,15.0,2026-09-21 02:25:45,jra,2026-09-21,52.13,45.0,70.3,19.8,57.5,60.7,48.8,前走人気以上 / 履歴少 / 人気以上に走る傾向
202609040712,2026-09-21,12,シュネーグロッケン,1.0,1.0,吉村,58.0,,8.0,13.0,2中京6,3歳以上1勝クラス,1:12.7,0.5,晴,17.0,11.0,3阪神2,3歳以上1勝クラス,1:22.2,1.7,雨,8.0,7.0,1新潟2,4歳以上1勝クラス,1:12.4,0.7,曇,7.0,8.0,2阪神3,4歳以上1勝クラス,1:12.7,1.0,雨,10.0,7.0,2京都1,4歳以上1勝クラス,2:04.0,3.5,曇,26.4,10.0,2026-09-21 02:25:45,jra,2026-09-21,40.09,32.5,47.6,0.0,65.0,49.1,48.8,前走人気以上 / 履歴少 / 近走上向き
202609040712,2026-09-21,12,ジャカルタバオ,6.0,4.0,浜中,56.0,,1.0,3.0,3京都8,3歳未勝利,1:24.9,-0.3,晴,3.0,6.0,2阪神8,3歳未勝利,1:25.1,0.1,晴,5.0,4.0,1中京5,3歳未勝利,1:25.8,0.9,晴,4.0,8.0,1中京2,3歳未勝利,1:26.2,1.2,晴,11.0,8.0,5中京3,2歳未勝利,1:57.6,2.2,曇,7.6,4.0,2026-09-21 02:25:45,jra,2026-09-21,69.94,77.9,60.0,89.7,78.5,61.9,48.8,履歴少 / 近走上向き / 安定感
202609040712,2026-09-21,12,テイクイットオール,13.0,7.0,△柴田裕,56.0,,6.0,11.0,2小倉4,3歳以上1勝クラス,1:44.2,1.8,小雨,11.0,9.0,2阪神7,4歳以上1勝クラス,1:34.9,1.0,晴,16.0,11.0,1小倉9,4歳以上1勝クラス,1:09.5,1.4,晴,6.0,14.0,4京都3,3歳以上1勝クラス,1:33.6,0.3,晴,12.0,13.0,3京都10,3歳以上1勝クラス,1:34.3,0.6,晴,29.8,11.0,2026-09-21 02:25:45,jra,2026-09-21,46.14,33.2,59.1,0.0,81.5,56.2,50.0,前走人気以上 / 近走上向き
202609040712,2026-09-21,12,ディーエストッキー,7.0,4.0,小沢,58.0,,5.0,5.0,4阪神1,3歳以上1勝クラス,1:25.0,0.5,曇,4.0,9.0,3阪神4,3歳以上1勝クラス,1:12.5,0.2,曇,4.0,10.0,1新潟8,4歳以上1勝クラス,1:11.8,0.4,曇,5.0,10.0,1新潟4,4歳以上1勝クラス,1:12.1,0.5,晴,7.0,6.0,1阪神9,4歳以上1勝クラス,1:12.9,0.7,晴,14.0,7.0,2026-09-21 02:25:45,jra,2026-09-21,68.29,69.9,71.4,89.7,50.0,71.0,48.8,履歴少 / 人気以上に走る傾向 / 安定感 / 過小評価傾向
202609040712,2026-09-21,12,ファイブタンゴ,14.0,8.0,西村淳,56.0,,4.0,6.0,1京都7,3歳1勝クラス,1:12.9,0.2,晴,1.0,3.0,5阪神7,2歳未勝利,1:12.8,-0.3,晴,7.0,5.0,3京都6,2歳未勝利,1:54.6,2.3,曇,4.0,4.0,4阪神8,2歳未勝利,1:56.7,2.1,晴,4.0,6.0,4阪神2,2歳未勝利,1:56.6,1.6,晴,13.0,6.0,2026-09-21 02:25:45,jra,2026-09-21,64.57,77.2,56.4,80.2,50.0,63.5,48.8,履歴少 / 安定感 / 市場オッズ妙味
202609040712,2026-09-21,12,フリッシュ,8.0,5.0,藤懸,56.0,,11.0,8.0,2小倉7,3歳以上1勝クラス,1:46.4,1.9,晴,9.0,11.0,3京都9,3歳1勝クラス,1:24.6,0.6,曇,7.0,10.0,3京都4,3歳1勝クラス,1:24.3,0.6,曇,1.0,4.0,2京都3,3歳未勝利,1:26.0,-0.1,曇,6.0,5.0,1京都9,3歳未勝利,1:28.5,0.9,晴,25.0,9.0,2026-09-21 02:25:45,jra,2026-09-21,42.51,46.1,53.6,14.6,18.5,55.4,50.0,市場オッズ妙味
202609040712,2026-09-21,12,プラチナムディスク,15.0,8.0,横山琉,54.0,,3.0,2.0,金沢,加賀山中賞(3歳牝馬),1:38.3,1.1,晴,11.0,5.0,1新潟8,3歳未勝利,1:14.3,1.8,曇,3.0,5.0,1新潟3,3歳未勝利,1:14.1,1.2,晴,3.0,3.0,3中山6,3歳未勝利,1:12.7,1.1,晴,7.0,4.0,2中山6,3歳未勝利,1:13.1,1.4,晴,51.1,13.0,2026-09-21 02:25:45,jra,2026-09-21,49.16,50.7,39.2,48.0,68.0,48.3,48.8,履歴少 / 近走上向き
202609040712,2026-09-21,12,ホットシート,5.0,3.0,川田,56.0,,4.0,2.0,2京都3,3歳1勝クラス,1:25.7,0.4,曇,1.0,1.0,4京都6,2歳未勝利,1:25.0,-0.6,晴,2.0,1.0,4京都2,2歳新馬,1:25.3,0.4,雨,,,,,,,,,,,,,,,6.6,3.0,2026-09-21 02:25:45,jra,2026-09-21,60.64,88.2,42.5,75.1,35.0,54.8,48.8,履歴少 / 安定感
202609040712,2026-09-21,12,メイショウサトノヒ,3.0,2.0,幸,58.0,,7.0,14.0,3中京3,3歳以上1勝クラス,1:24.8,0.5,曇,9.0,10.0,3阪神1,3歳以上1勝クラス,1:25.6,1.5,晴,5.0,8.0,1新潟8,4歳以上1勝クラス,1:11.8,0.4,曇,7.0,10.0,1中京3,4歳以上1勝クラス,1:24.9,0.6,晴,7.0,13.0,1京都5,4歳以上1勝クラス,1:25.7,0.6,晴,17.8,8.0,2026-09-21 02:25:45,jra,2026-09-21,56.63,51.2,78.2,19.8,50.0,73.5,48.8,前走人気以上 / 履歴少 / 人気以上に走る傾向 / 過小評価傾向
202609040712,2026-09-21,12,ユキノサイエンス,11.0,6.0,中井,54.0,,6.0,9.0,2新潟3,3歳未勝利,1:13.2,1.2,曇,8.0,3.0,3東京5,3歳未勝利,1:24.9,1.2,雨,2.0,10.0,3東京2,3歳未勝利,1:26.2,0.4,曇,6.0,10.0,2中山1,3歳未勝利,1:12.1,1.2,晴,8.0,7.0,1中山4,3歳未勝利,1:15.4,1.5,曇,50.9,12.0,2026-09-21 02:25:45,jra,2026-09-21,53.32,60.7,62.1,19.8,50.0,58.5,48.8,前走人気以上 / 履歴少
202609040712,2026-09-21,12,リン,10.0,6.0,松山,56.0,,1.0,1.0,2札幌1,3歳未勝利,1:46.3,-0.3,晴,2.0,4.0,1札幌5,3歳未勝利,1:47.0,0.8,小雨,9.0,3.0,3阪神3,3歳未勝利,1:35.2,1.0,晴,2.0,6.0,3京都10,3歳未勝利,1:33.3,0.4,晴,8.0,1.0,3京都4,3歳未勝利,1:46.9,0.8,曇,6.0,2.0,2026-09-21 02:25:45,jra,2026-09-21,62.32,78.4,44.2,69.9,75.5,53.1,48.8,履歴少 / 近走上向き / 安定感
202665092101,2026-09-21,1,アルバノチエチャン,4.0,4.0,船山蔵人,590.0,,,,,,,,,,,,,,,,,,,,,,,,,,,,,,,,,,,,,,,,nar,2026-09-21,36.0,35.0,35.0,35.0,35.0,35.0,45.0,履歴少
202646092101,2026-09-21,1,インターシア,5.0,5.0,甲賀弘隆,57.0,,6.0,8.0,金沢,芝柏42期生!朝の教(C1),1:33.9,0.3,曇,7.0,9.0,金沢,航ニ朗お誕生日おめで(B2),1:40.5,1.5,晴,7.0,8.0,金沢,津田さんお疲れ様杯(B2),1:34.5,1.1,晴,4.0,4.0,金沢,咲き誇れ!みこち8周(B2),1:40.2,1.4,曇,8.0,10.0,金沢,やすくん&なおちゃん(B2),1:34.6,1.0,曇,77.4,11.0,,nar,2026-09-21,51.57,57.1,60.6,14.6,53.0,57.2,49.3,クラス条件好転 / 履歴少
202646092101,2026-09-21,1,ウイングスオブラヴ,1.0,1.0,柴田勇真,57.0,,1.0,1.0,金沢,楽天競馬で馬券を買お(C2),1:33.2,-0.1,曇,1.0,1.0,金沢,C25,1:33.0,-1.6,晴,1.0,1.0,金沢,C211,1:38.9,-2.8,曇,1.0,1.0,金沢,C211,1:39.6,-2.0,晴,13.0,14.0,1福島2,4歳以上1勝クラス,1:48.8,2.2,晴,2.4,1.0,,nar,2026-09-21,69.88,90.1,50.7,89.7,68.0,54.4,59.5,金沢実績 / 履歴少 / 近走上向き / 安定感
202646092101,2026-09-21,1,エクレア,8.0,6.0,松戸政也,55.0,,4.0,4.0,名古屋,B5組,1:36.5,0.2,曇,6.0,9.0,名古屋,B6組,1:37.9,1.1,小雨,6.0,3.0,笠松,前田さん20年お疲れ(B),1:31.0,1.7,晴,5.0,1.0,笠松,瀧の村、大山に梶の葉(B),1:31.9,0.7,曇,,,笠松,秋日和特別(3歳),,,曇,6.6,3.0,,nar,2026-09-21,55.02,66.7,46.7,45.0,60.0,54.8,48.8,履歴少
202655092101,2026-09-21,1,エスケンスナイパー,1.0,1.0,竹吉徹,55.0,,6.0,6.0,佐賀,地方競馬教養センター(2歳),1:28.1,1.3,曇,10.0,12.0,佐賀,JRA上級認定アルタ(2歳),1:27.3,2.5,曇,5.0,7.0,佐賀,2歳ー1組,1:27.7,1.5,晴,6.0,8.0,佐賀,2歳ー1組,1:28.0,1.9,曇,5.0,4.0,佐賀,2歳ー1組,1:27.8,1.5,晴,29.1,6.0,,nar,2026-09-21,52.1,54.4,57.6,30.1,53.0,58.0,49.6,履歴少 / 市場オッズ妙味
202636092101,2026-09-21,1,エムティワルツ,2.0,2.0,阿部英俊,54.0,,8.0,4.0,水沢,C2七組,1:24.1,2.4,雨,5.0,8.0,盛岡,タブの大島賞(C1),1:00.4,1.4,晴,10.0,7.0,盛岡,C1,1:13.9,1.4,曇,5.0,10.0,盛岡,C1,1:26.3,1.4,曇,9.0,7.0,盛岡,C1,1:16.0,2.2,曇,8.3,3.0,,nar,2026-09-21,47.63,49.5,46.2,39.5,45.5,53.4,50.0,前走人気以上
202665092101,2026-09-21,1,オオゾラダイヤ,3.0,3.0,赤塚健仁,610.0,,,,,,,,,,,,,,,,,,,,,,,,,,,,,,,,,,,,,,,,nar,2026-09-21,36.0,35.0,35.0,35.0,35.0,35.0,45.0,履歴少
202646092101,2026-09-21,1,オブラマエストラ,2.0,2.0,中島龍也,57.0,,2.0,2.0,金沢,おれたちのアキナゲッ(C1),1:40.1,0.3,曇,1.0,1.0,金沢,C17,1:34.2,-0.8,晴,2.0,1.0,金沢,C17,1:40.8,0.7,雨,5.0,3.0,川崎,C2三 四,1:33.6,1.6,曇,5.0,2.0,川崎,C2五 六,1:33.7,1.0,晴,7.3,4.0,,nar,2026-09-21,67.79,88.0,44.4,100.0,57.5,54.6,59.5,金沢実績 / 履歴少 / 安定感
202636092101,2026-09-21,1,オーケースマイル,6.0,6.0,坂井瑛音,53.0,,4.0,10.0,水沢,B2,0:52.3,1.1,曇,12.0,4.0,盛岡,B2,1:40.4,2.1,雨,8.0,9.0,盛岡,B2,1:46.9,1.8,曇,5.0,10.0,盛岡,夢・希望未来へ前進(B2),1:39.7,1.2,曇,10.0,10.0,盛岡,B2,1:41.4,2.7,曇,11.6,4.0,,nar,2026-09-21,54.53,47.6,55.3,45.0,78.5,58.9,48.8,前走人気以上 / 履歴少 / 近走上向き
202636092101,2026-09-21,1,キタクイン,7.0,7.0,斉藤友香,50.0,,9.0,9.0,水沢,C2,0:55.5,3.6,晴,11.0,9.0,盛岡,C2,1:03.1,2.3,晴,6.0,6.0,水沢,C2,0:52.9,1.0,晴,4.0,8.0,水沢,C2,0:54.1,1.2,曇,9.0,9.0,水沢,C2,0:54.4,1.8,晴,49.8,10.0,,nar,2026-09-21,43.03,42.6,50.6,14.6,41.0,54.1,47.1,履歴少 / 市場オッズ妙味
202646092101,2026-09-21,1,クロユキ,11.0,8.0,栗原大河,55.0,,2.0,1.0,金沢,なつみちゃん誕生日お(C1),1:33.1,0.4,晴,4.0,1.0,金沢,C13,1:41.2,2.0,雨,13.0,12.0,2小倉1,3歳以上1勝クラス,1:46.3,2.4,曇,11.0,13.0,1福島3,4歳以上1勝クラス,1:10.6,1.4,晴,17.0,13.0,1小倉11,4歳以上1勝クラス,1:11.1,1.1,晴,2.8,2.0,,nar,2026-09-21,55.43,50.6,40.4,55.3,100.0,49.8,59.5,金沢実績 / 履歴少 / 近走上向き
202646092101,2026-09-21,1,グッドラックスター,12.0,8.0,浅野登生,52.0,,4.0,6.0,金沢,芝柏42期生!朝の教(C1),1:33.7,0.1,曇,3.0,3.0,金沢,C13,1:40.2,0.4,晴,5.0,6.0,金沢,楽天ポイントが貯まる(C1C2),0:57.8,0.9,雨,5.0,7.0,金沢,お家でネット投票!楽(C1),1:32.8,2.3,雨,6.0,6.0,金沢,C14,1:33.7,1.3,曇,48.7,9.0,,nar,2026-09-21,65.7,73.6,57.7,89.7,54.5,59.5,56.2,金沢実績 / 履歴少 / 安定感 / 市場オッズ妙味
202646092101,2026-09-21,1,コウエツ,6.0,5.0,青柳正義,55.0,,5.0,4.0,金沢,このたん末脚爆裂記念(C1),1:42.0,3.2,曇,4.0,6.0,金沢,C13,1:40.3,0.5,晴,1.0,2.0,金沢,金沢競馬で目指せ初勝(C2),1:34.6,-0.2,晴,9.0,10.0,金沢,スマホで投票!楽天競(C2),1:35.0,3.4,晴,5.0,7.0,金沢,C24,1:42.1,1.2,曇,33.8,7.0,,nar,2026-09-21,63.34,71.6,55.2,85.4,48.5,59.5,56.2,金沢実績 / 履歴少 / 安定感 / 市場オッズ妙味
202665092101,2026-09-21,1,サクセストップ,6.0,6.0,吉田理人,580.0,,,,,,,,,,,,,,,,,,,,,,,,,,,,,,,,,,,,,,,,nar,2026-09-21,36.0,35.0,35.0,35.0,35.0,35.0,45.0,履歴少
202665092101,2026-09-21,1,サクラキンショウ,7.0,7.0,菊池一樹,590.0,,,,,,,,,,,,,,,,,,,,,,,,,,,,,,,,,,,,,,,,nar,2026-09-21,36.0,35.0,35.0,35.0,35.0,35.0,45.0,履歴少
202665092101,2026-09-21,1,ジェイノアオイ,2.0,2.0,中原蓮,590.0,,,,,,,,,,,,,,,,,,,,,,,,,,,,,,,,,,,,,,,,nar,2026-09-21,36.0,35.0,35.0,35.0,35.0,35.0,45.0,履歴少
202655092101,2026-09-21,1,ジュエリーアイ,8.0,8.0,石川慎将,54.0,,4.0,5.0,佐賀,パッカルくんのおとし(2歳),1:28.0,0.6,晴,2.0,3.0,佐賀,ホープフルデビュー2(2歳),0:57.9,2.3,曇,,,,,,,,,,,,,,,,,,,,,,6.6,3.0,,nar,2026-09-21,54.09,63.8,49.4,48.4,38.9,56.9,59.5,佐賀実績 / 履歴少 / サンプル少
202655092101,2026-09-21,1,スターオブタワー,5.0,5.0,椿聡太,51.0,,9.0,4.0,佐賀,地方競馬教養センター(2歳),1:29.8,3.0,曇,11.0,5.0,佐賀,2歳ー2組,1:30.4,3.8,曇,6.0,4.0,佐賀,2歳ー1組,1:27.7,1.5,晴,2.0,2.0,佐賀,スーパーホープフルデ(2歳),0:56.3,0.7,晴,,,,,,,,14.3,5.0,,nar,2026-09-21,35.25,46.0,23.4,14.6,34.0,44.5,47.1,履歴少 / 市場オッズ妙味
202655092101,2026-09-21,1,セーズノヴァ,7.0,7.0,加茂飛翔,54.0,,8.0,10.0,佐賀,地方競馬教養センター(2歳),1:28.9,2.1,曇,7.0,9.0,佐賀,2歳ー2組,1:28.0,1.4,曇,7.0,6.0,佐賀,2歳ー1組,1:27.7,1.5,晴,7.0,7.0,佐賀,2歳ー1組,1:28.4,2.3,曇,1.0,1.0,佐賀,2歳ー2組,1:29.1,-0.1,晴,46.1,8.0,,nar,2026-09-21,46.8,54.5,56.4,10.3,35.0,56.7,46.3,履歴少 / 市場オッズ妙味
202646092101,2026-09-21,1,ソラリゼーション,4.0,4.0,服部大地,55.0,,,,金沢,楽天競馬で馬券を買お(C1),,,曇,7.0,4.0,金沢,B25,1:35.2,2.9,晴,2.0,5.0,金沢,楽天競馬で馬券を買お(C1C2),0:56.8,0.5,曇,1.0,1.0,金沢,オオタアキラ引退送別(C2),1:40.8,-0.5,曇,2.0,2.0,金沢,★Royz公大生誕記(C2),1:41.0,0.0,晴,48.5,8.0,,nar,2026-09-21,54.78,79.4,48.4,44.7,18.0,56.3,55.3,金沢実績 / 履歴少 / 市場オッズ妙味
202636092101,2026-09-21,1,タマモオペラ,9.0,8.0,南郷家全,54.0,,7.0,6.0,水沢,C2,0:54.2,2.3,晴,11.0,8.0,盛岡,C2,1:01.9,1.9,曇,4.0,6.0,盛岡,C2,1:01.0,1.7,曇,4.0,7.0,盛岡,C2,1:01.2,0.9,晴,7.0,11.0,盛岡,C2,1:01.3,1.7,晴,38.8,9.0,,nar,2026-09-21,49.71,52.3,51.4,34.3,47.0,58.0,48.8,履歴少 / 市場オッズ妙味
202655092101,2026-09-21,1,ダイメイサンシ,3.0,3.0,飛田愛斗,55.0,,5.0,1.0,佐賀,2歳ー2組,1:27.5,0.9,曇,2.0,1.0,佐賀,2歳ー2組,1:26.0,0.1,晴,3.0,2.0,佐賀,スーパーホープフルデ(2歳),0:56.2,0.4,曇,,,,,,,,,,,,,,,2.2,1.0,,nar,2026-09-21,56.45,80.2,34.5,75.1,35.0,46.9,59.5,佐賀実績 / 履歴少 / 安定感
202636092101,2026-09-21,1,ティルナノーグ,1.0,1.0,関本玲花,54.0,,6.0,5.0,水沢,C2,0:53.5,1.6,晴,8.0,2.0,水沢,C2,0:53.7,1.0,曇,4.0,6.0,盛岡,C2,1:01.7,0.6,曇,3.0,8.0,盛岡,C2,1:01.0,0.9,晴,8.0,9.0,盛岡,C2,1:02.2,2.1,晴,21.7,6.0,,nar,2026-09-21,50.2,61.0,46.0,34.3,48.5,55.4,43.8,履歴少 / 市場オッズ妙味
202665092101,2026-09-21,1,トップオブグレイ,8.0,8.0,島津新,610.0,,,,,,,,,,,,,,,,,,,,,,,,,,,,,,,,,,,,,,,,nar,2026-09-21,36.18,35.0,35.0,35.0,35.0,35.0,46.8,履歴少
202646092101,2026-09-21,1,ナイトアウェイ,10.0,7.0,望月洵輝,57.0,,5.0,3.0,金沢,芝柏42期生!朝の教(C1),1:33.8,0.2,曇,2.0,2.0,金沢,C13,1:40.1,0.3,晴,6.0,3.0,金沢,超光速微粒子の可能性(C1),1:41.8,2.1,雨,5.0,9.0,金沢,楽天競馬で馬券を買お(C1C2),0:57.3,1.0,曇,3.0,1.0,金沢,ホップステップぴんみ(C1),1:40.6,1.1,曇,25.2,5.0,,nar,2026-09-21,59.49,74.1,44.2,80.2,44.0,54.3,56.2,金沢実績 / 履歴少 / 安定感 / 市場オッズ妙味
202665092101,2026-09-21,1,ハゴロモソラリス,1.0,1.0,西謙一,610.0,,,,,,,,,,,,,,,,,,,,,,,,,,,,,,,,,,,,,,,,nar,2026-09-21,36.0,35.0,35.0,35.0,35.0,35.0,45.0,履歴少
202636092101,2026-09-21,1,ビップレジアス,4.0,4.0,塚本涼人,54.0,,3.0,1.0,水沢,C2,0:52.9,1.0,晴,6.0,9.0,盛岡,B2,1:14.1,2.0,曇,11.0,11.0,名古屋,伊勢湾特別(C),1:55.5,3.2,晴,10.0,10.0,名古屋,南知多特別(C),1:40.3,2.5,晴,9.0,9.0,名古屋,天の川疾風戦(B),0:57.0,2.4,小雨,1.7,1.0,,nar,2026-09-21,53.34,52.2,51.0,30.4,86.0,52.3,51.8,クラス条件好転 / 近走上向き
202636092101,2026-09-21,1,ピースオブライツ,5.0,5.0,佐々木志,54.0,,2.0,6.0,水沢,C2九組,1:24.6,0.0,晴,8.0,10.0,門別,3歳以上C4ー2,1:03.8,1.8,晴,11.0,12.0,門別,3歳以上C4ー2,1:04.3,2.4,曇,11.0,11.0,門別,3歳以上C4ー2,1:04.1,2.1,雨,8.0,9.0,門別,3歳以上C4ー2,1:04.5,2.2,晴,4.8,2.0,,nar,2026-09-21,57.83,50.3,64.1,30.4,95.0,60.2,48.8,前走人気以上 / 履歴少 / 近走上向き
202665092101,2026-09-21,1,ファイトボーイ,9.0,8.0,阿部武臣,610.0,,,,,,,,,,,,,,,,,,,,,,,,,,,,,,,,,,,,,,,,nar,2026-09-21,36.18,35.0,35.0,35.0,35.0,35.0,46.8,履歴少
202636092101,2026-09-21,1,ブラウオリゾン,8.0,7.0,小林凌,56.0,,9.0,3.0,水沢,C2,0:54.1,1.4,曇,8.0,9.0,盛岡,C2,1:02.2,1.1,曇,5.0,7.0,盛岡,C2,1:01.8,1.9,曇,7.0,9.0,盛岡,C2,1:01.7,1.4,晴,7.0,11.0,盛岡,C2,1:01.5,0.9,曇,28.7,7.0,,nar,2026-09-21,44.02,48.3,46.7,19.8,36.5,54.8,48.8,履歴少 / 市場オッズ妙味
202655092101,2026-09-21,1,プレアボンド,6.0,6.0,田中純,55.0,,7.0,9.0,佐賀,地方競馬教養センター(2歳),1:28.2,1.4,曇,3.0,10.0,佐賀,2歳ー2組,1:27.1,0.5,曇,5.0,6.0,佐賀,2歳ー2組,1:28.6,2.7,晴,2.0,3.0,佐賀,2歳ー2組,1:28.8,2.4,曇,7.0,7.0,佐賀,2歳ー1組,1:29.5,3.2,晴,33.9,7.0,,nar,2026-09-21,61.14,69.0,68.9,59.3,33.5,63.4,52.9,佐賀実績 / 履歴少 / 人気以上に走る傾向 / 市場オッズ妙味
202646092101,2026-09-21,1,ベストイズアスク,3.0,3.0,兼子千央,55.0,,7.0,4.0,金沢,芝柏42期生!朝の教(C1),1:34.4,0.8,曇,4.0,6.0,金沢,長江崚行爆誕2026(C1),1:39.5,0.7,晴,3.0,6.0,金沢,超光速微粒子の可能性(C1),1:40.1,0.4,雨,4.0,10.0,金沢,お家でネット投票!楽(C1),1:32.8,2.3,雨,9.0,10.0,金沢,C14,1:34.2,1.8,曇,161.4,12.0,,nar,2026-09-21,57.74,66.2,58.1,59.3,38.0,59.4,52.9,金沢実績 / 履歴少
202636092101,2026-09-21,1,ポンドレイディ,10.0,8.0,岩本怜,54.0,,3.0,9.0,水沢,C2,0:53.4,0.7,曇,12.0,12.0,盛岡,C2,1:03.8,2.7,曇,12.0,12.0,盛岡,C2,1:03.1,2.5,晴,10.0,10.0,盛岡,C2,1:02.5,2.6,曇,12.0,12.0,盛岡,C2,1:03.3,3.0,晴,12.6,5.0,,nar,2026-09-21,53.67,36.2,62.8,30.4,100.0,56.7,48.8,前走人気以上 / 履歴少 / 近走上向き / 市場オッズ妙味
202665092101,2026-09-21,1,ユウマックス,5.0,5.0,村上章,590.0,,,,,,,,,,,,,,,,,,,,,,,,,,,,,,,,,,,,,,,,nar,2026-09-21,36.18,35.0,35.0,35.0,35.0,35.0,46.8,履歴少 / 前走人気以上
202646092101,2026-09-21,1,ユメカナウケン,9.0,7.0,沖静男,55.0,,3.0,5.0,金沢,このたん末脚爆裂記念(C1),1:40.7,1.9,曇,5.0,5.0,金沢,長江崚行爆誕2026(C1),1:40.2,1.4,晴,1.0,5.0,金沢,C22,1:34.4,0.0,晴,8.0,4.0,金沢,スマホで投票!楽天競(C2),1:34.7,3.1,晴,9.0,9.0,笠松,B4組,1:34.3,2.6,晴,55.5,10.0,,nar,2026-09-21,63.83,72.4,55.7,75.1,66.5,54.8,55.3,金沢実績 / 履歴少 / 近走上向き / 安定感
202646092101,2026-09-21,1,ラストヨンマル,7.0,6.0,魚住謙心,57.0,,2.0,7.0,金沢,楽天競馬で馬券を買お(C1),1:40.1,0.6,曇,2.0,1.0,金沢,C16,1:33.7,0.3,晴,2.0,2.0,金沢,能登復興支援禄剛崎特(C2),1:33.8,0.3,晴,3.0,2.0,金沢,オオタアキラ引退送別(C2),1:41.5,0.7,曇,5.0,4.0,金沢,楽天競馬で馬券を買お(C2),1:34.8,1.1,曇,29.0,6.0,,nar,2026-09-21,71.19,88.4,57.1,100.0,56.0,57.6,59.5,金沢実績 / 前走人気以上 / 履歴少 / 安定感
202655092101,2026-09-21,1,ラッピングフィルム,2.0,2.0,山田義貴,54.0,,10.0,3.0,佐賀,地方競馬教養センター(2歳),1:30.6,3.8,曇,1.0,1.0,佐賀,2歳ー4組,1:27.8,-2.0,晴,6.0,3.0,佐賀,スーパーホープフルデ(2歳),0:58.1,2.4,晴,,,,,,,,,,,,,,,9.5,4.0,,nar,2026-09-21,38.59,60.3,24.6,24.9,11.0,46.4,49.8,総合評価
202636092101,2026-09-21,1,リスクテイカー,3.0,3.0,菅原辰徳,54.0,,5.0,6.0,水沢,C2,0:53.5,0.8,曇,6.0,11.0,盛岡,C2,1:01.9,0.8,曇,7.0,10.0,盛岡,C2,1:02.2,1.6,晴,5.0,7.0,盛岡,C2,1:01.5,1.4,晴,4.0,11.0,盛岡,C2,1:01.5,1.4,晴,33.9,8.0,,nar,2026-09-21,62.53,63.7,72.1,55.3,53.0,68.0,48.8,履歴少 / 人気以上に走る傾向 / 過小評価傾向 / 市場オッズ妙味
202655092101,2026-09-21,1,ルミナスブーケ,4.0,4.0,山口勲,54.0,,2.0,2.0,佐賀,パッカルくんのおとし(2歳),1:27.5,0.1,晴,2.0,2.0,佐賀,パッカルくんのおとし(2歳),1:29.1,0.8,晴,4.0,1.0,佐賀,スーパーホープフルデ(2歳),0:57.9,2.2,晴,,,,,,,,,,,,,,,2.6,2.0,,nar,2026-09-21,63.74,87.8,44.5,75.1,56.0,50.8,56.4,佐賀実績 / 安定感
202655092102,2026-09-21,2,アメアメフレフレ,9.0,7.0,山田義貴,54.0,,4.0,6.0,佐賀,第5回BAOO優駿(C2),1:27.3,0.6,小雨,4.0,4.0,佐賀,C2ー20組,1:32.6,1.3,曇,3.0,4.0,佐賀,SAGAリベンジャー(3歳),1:33.0,1.3,曇,7.0,5.0,佐賀,SAGAリベンジャー(3歳),1:26.9,1.9,曇,3.0,1.0,佐賀,3歳ー9組,1:33.3,1.0,晴,44.0,5.0,,nar,2026-09-21,63.16,74.9,52.1,85.4,51.5,55.6,54.5,佐賀実績 / 安定感 / 市場オッズ妙味
202665092102,2026-09-21,2,アーススノーパール,1.0,1.0,阿部優哉,500.0,,,,,,,,,,,,,,,,,,,,,,,,,,,,,,,,,,,,,,,,nar,2026-09-21,36.0,35.0,35.0,35.0,35.0,35.0,45.0,履歴少
202655092102,2026-09-21,2,イズジョーレイナス,6.0,5.0,後藤武蔵,51.0,,6.0,9.0,佐賀,SAGAリベンジャー(C2),1:35.1,2.4,曇,7.0,8.0,佐賀,サガデーナイト競馬賞(C2),1:34.4,1.1,曇,7.0,5.0,佐賀,SAGAリベンジャー(C2),1:34.2,1.7,晴,5.0,4.0,佐賀,C2ー9組,1:33.2,1.5,小雨,4.0,5.0,佐賀,C2ー11組,1:33.0,1.6,晴,132.0,11.0,,nar,2026-09-21,51.12,59.2,55.1,24.9,48.5,53.9,49.6,前走人気以上 / 履歴少
202636092102,2026-09-21,2,エスシーヤマト,3.0,3.0,坂井瑛音,53.0,,7.0,6.0,水沢,C2八組,1:25.9,2.1,晴,8.0,3.0,水沢,C2九組,1:24.5,1.9,曇,8.0,4.0,盛岡,C1二組,1:40.5,1.8,曇,7.0,9.0,盛岡,C1二組,1:40.4,0.9,曇,9.0,11.0,盛岡,C1一組,1:39.1,1.5,曇,14.0,6.0,,nar,2026-09-21,40.26,46.8,37.1,0.0,56.0,51.2,43.8,履歴少 / 市場オッズ妙味
202636092102,2026-09-21,2,エムティトップ,4.0,4.0,斉藤友香,50.0,,6.0,5.0,水沢,C2十組,1:24.1,2.1,曇,12.0,11.0,名古屋,土用特別(A),1:56.4,6.4,晴,11.0,8.0,金沢,七尾港まつり特別(B2),1:34.9,2.4,晴,9.0,8.0,金沢,氷室開き特別(B2),1:35.6,3.2,曇,10.0,8.0,金沢,能登復興支援宝達葛特(B2),1:41.2,3.4,曇,12.2,5.0,,nar,2026-09-21,39.89,33.3,39.5,0.0,77.0,47.6,51.8,クラス条件好転 / 履歴少 / 近走上向き
202655092102,2026-09-21,2,エレノアサンライズ,8.0,6.0,飛田愛斗,54.0,,2.0,3.0,佐賀,C2ー23組,1:34.8,1.1,小雨,8.0,8.0,佐賀,一発逆転ファイナルレ,1:33.4,3.4,曇,2.0,3.0,佐賀,3歳ー8組,1:32.5,0.4,晴,15.0,10.0,3京都12,3歳未勝利,1:57.3,3.8,晴,5.0,10.0,3京都6,3歳未勝利,1:54.9,1.6,晴,3.2,2.0,,nar,2026-09-21,60.85,64.1,52.0,60.5,83.0,56.3,53.1,佐賀実績 / 近走上向き / 安定感
202646092102,2026-09-21,2,オーデンオパール,7.0,6.0,魚住謙心,55.0,,2.0,6.0,金沢,航ニ朗お誕生日おめで(B2),1:39.2,0.2,晴,6.0,7.0,金沢,B25,1:34.3,2.0,晴,3.0,2.0,金沢,咲き誇れ!みこち8周(B2),1:40.1,1.3,曇,9.0,4.0,金沢,白山手取川ジオパーク(C1),1:35.0,2.2,曇,3.0,5.0,金沢,おれたちのアキナゲッ(C1),1:40.4,0.6,曇,12.8,7.0,,nar,2026-09-21,63.31,73.4,55.2,60.5,69.5,61.5,52.9,金沢実績 / 前走人気以上 / 履歴少 / 近走上向き
202646092102,2026-09-21,2,ガールズヒロイン,1.0,1.0,中島龍也,55.0,,2.0,1.0,金沢,ラジオ放送第69回記(C1),1:39.8,0.4,曇,1.0,2.0,金沢,C23,1:33.3,-0.6,晴,5.0,2.0,金沢,おめでとう!拓也くん(C2),1:42.5,0.9,晴,10.0,6.0,金沢,スマホで投票!楽天競(C2),1:35.2,3.6,晴,2.0,1.0,金沢,C24,1:41.2,0.3,曇,3.7,1.0,,nar,2026-09-21,62.85,79.9,40.7,85.4,65.0,50.4,56.2,金沢実績 / 履歴少 / 近走上向き / 安定感
202646092102,2026-09-21,2,キャラハンテソーロ,2.0,2.0,望月洵輝,57.0,,2.0,4.0,金沢,☆祝三十路☆小山光生(C1),1:40.5,0.1,雨,8.0,8.0,金沢,能登復興支援舳倉島特(C1C2),0:59.1,1.6,晴,9.0,8.0,金沢,B25,1:35.4,3.1,晴,5.0,5.0,金沢,咲き誇れ!みこち8周(B2),1:40.7,1.9,曇,8.0,8.0,金沢,としおゆうこ夫妻に感(B2),1:36.6,2.3,曇,13.1,8.0,,nar,2026-09-21,58.87,60.5,52.9,45.0,83.0,63.7,49.6,履歴少 / 近走上向き / 市場オッズ妙味
202655092102,2026-09-21,2,クラウンプレゼンタ,5.0,5.0,加茂飛翔,56.0,,1.0,8.0,佐賀,SAGAリベンジャー(C2),1:34.9,0.0,晴,,11.0,佐賀,SAGAリベンジャー(C2),0:58.1,1.3,晴,11.0,11.0,佐賀,SAGAリベンジャー(3歳),0:57.5,2.0,晴,8.0,7.0,佐賀,SAGAリベンジャー(3歳),1:28.8,1.9,曇,8.0,10.0,佐賀,SAGAリベンジャー(3歳),1:27.8,2.8,晴,45.3,6.0,,nar,2026-09-21,62.49,60.4,70.4,30.4,98.0,61.2,47.1,前走人気以上 / 履歴少 / 人気以上に走る傾向 / 近走上向き
202655092102,2026-09-21,2,クロゴウ,10.0,7.0,竹吉徹,54.0,,8.0,8.0,佐賀,C2ー19組,1:27.0,3.0,曇,8.0,5.0,佐賀,サガデーナイト競馬賞(C2),1:34.6,1.3,曇,6.0,4.0,佐賀,SAGAリベンジャー(C2),1:33.9,1.4,晴,7.0,3.0,佐賀,C2ー8組,1:26.4,0.5,曇,5.0,3.0,佐賀,SAGAリベンジャー(C2),1:32.7,0.8,曇,103.8,10.0,,nar,2026-09-21,40.13,50.8,36.5,10.3,41.0,45.5,46.3,履歴少
202655092102,2026-09-21,2,グランブーケ,12.0,8.0,椿聡太,51.0,,1.0,4.0,佐賀,SAGAリベンジャー(C2),1:31.3,-1.4,晴,13.0,12.0,2小倉4,3歳未勝利,2:04.2,2.3,曇,8.0,10.0,3阪神3,3歳未勝利,1:35.2,1.0,晴,18.0,13.0,1中京1,3歳未勝利,2:02.8,2.4,晴,,,,,,,,1.4,1.0,,nar,2026-09-21,52.76,44.7,52.6,30.4,100.0,49.8,50.0,前走人気以上 / 近走上向き
202665092102,2026-09-21,2,コウバイヒメ,4.0,4.0,長澤幸太,480.0,,,,,,,,,,,,,,,,,,,,,,,,,,,,,,,,,,,,,,,,nar,2026-09-21,36.0,35.0,35.0,35.0,35.0,35.0,45.0,履歴少
202665092102,2026-09-21,2,コマサンブロッサム,7.0,7.0,金田利貴,480.0,,,,,,,,,,,,,,,,,,,,,,,,,,,,,,,,,,,,,,,,nar,2026-09-21,36.0,35.0,35.0,35.0,35.0,35.0,45.0,履歴少
202636092102,2026-09-21,2,コンバットベラ,11.0,8.0,大坪慎,54.0,,5.0,7.0,水沢,C2,0:53.4,1.5,晴,6.0,5.0,水沢,C2,0:53.6,0.9,曇,6.0,4.0,盛岡,C2八組,1:16.9,3.2,曇,9.0,8.0,門別,優駿の里安平町SRK(C4),1:05.6,2.6,晴,12.0,9.0,門別,3歳以上C4ー3,1:05.5,3.2,曇,16.6,7.0,,nar,2026-09-21,51.19,54.0,46.6,30.4,69.5,55.7,51.2,水沢実績 / 履歴少 / 近走上向き / 市場オッズ妙味
202636092102,2026-09-21,2,サトノメドーサ,7.0,6.0,阿部英俊,54.0,,4.0,2.0,水沢,C2九組,1:25.5,0.9,晴,5.0,8.0,水沢,C2十組,1:24.1,2.1,曇,7.0,10.0,盛岡,いわて北緯40度八幡(B1),1:42.5,2.1,晴,8.0,8.0,盛岡,親子で学ぶ!味覚とテ(B1),1:41.5,2.5,小雨,7.0,7.0,園田,B1,1:34.2,3.4,晴,9.5,4.0,,nar,2026-09-21,59.89,62.1,55.1,55.3,66.5,62.2,59.5,水沢実績 / 履歴少 / 近走上向き
202646092102,2026-09-21,2,サノノサルバドール,8.0,7.0,鈴木太一,57.0,,6.0,2.0,金沢,B23,1:41.5,1.9,晴,7.0,7.0,金沢,シビル30周年記念杯(B2),1:33.9,1.5,曇,6.0,2.0,金沢,リクム初競馬予想記念(B2特別),1:34.5,1.6,晴,6.0,2.0,金沢,B22,1:41.1,1.0,晴,2.0,5.0,金沢,B23,1:40.5,0.0,晴,12.2,6.0,,nar,2026-09-21,43.96,61.3,34.0,10.3,45.5,52.1,46.3,履歴少 / 市場オッズ妙味
202665092102,2026-09-21,2,ジェイカイン,9.0,8.0,鈴木恵介,500.0,,,,,,,,,,,,,,,,,,,,,,,,,,,,,,,,,,,,,,,,nar,2026-09-21,36.18,35.0,35.0,35.0,35.0,35.0,46.8,履歴少
202636092102,2026-09-21,2,スティールシャトル,6.0,6.0,佐々木志,54.0,,11.0,12.0,名古屋,B5組,1:55.1,3.9,曇,9.0,8.0,名古屋,B6組,1:53.4,3.1,晴,12.0,12.0,名古屋,ヌサカン大空戦(B),2:16.5,4.1,晴,9.0,9.0,名古屋,B5組,1:40.6,4.3,曇,12.0,12.0,名古屋,B6組,1:40.2,3.4,小雨,4.0,2.0,,nar,2026-09-21,36.52,23.9,50.4,0.0,47.0,51.5,48.8,履歴少
202665092102,2026-09-21,2,ストラヴィン,6.0,6.0,赤塚健仁,500.0,,,,,,,,,,,,,,,,,,,,,,,,,,,,,,,,,,,,,,,,nar,2026-09-21,36.18,35.0,35.0,35.0,35.0,35.0,46.8,履歴少 / 前走人気以上
202636092102,2026-09-21,2,ダンシングラブリー,2.0,2.0,岩本怜,54.0,,6.0,7.0,水沢,C2九組,1:27.2,2.6,晴,9.0,9.0,名古屋,アジア・アジアパラ応(B),1:45.7,8.3,晴,9.0,10.0,名古屋,庄内新川橋賞(B),1:33.6,2.4,晴,10.0,10.0,名古屋,いがまんじゅう賞(B),1:39.5,2.4,曇,10.0,10.0,名古屋,B9組,1:40.7,3.3,晴,23.4,9.0,,nar,2026-09-21,45.22,41.3,53.5,0.0,71.0,53.0,48.8,履歴少 / 近走上向き
202646092102,2026-09-21,2,トップタルマエ,4.0,4.0,松戸政也,57.0,,5.0,6.0,金沢,熊本地震被災者支援雲(B2),1:39.7,0.7,曇,5.0,5.0,金沢,航ニ朗お誕生日おめで(B2),1:40.1,1.1,晴,1.0,2.0,金沢,C16,1:41.4,-0.1,曇,4.0,3.0,金沢,つばさ&ひかるバース(C1),1:33.4,0.4,曇,4.0,3.0,金沢,小田島ゴールインカッ(C2),1:35.2,1.9,曇,10.2,5.0,,nar,2026-09-21,65.04,76.3,51.8,100.0,41.0,59.9,59.5,金沢実績 / 履歴少 / 安定感
202636092102,2026-09-21,2,トリフォーリオ,5.0,5.0,菅原辰徳,54.0,,9.0,8.0,水沢,C2八組,1:26.4,2.6,晴,10.0,4.0,盛岡,C2,1:02.4,1.3,曇,4.0,2.0,盛岡,C2,1:01.4,1.3,晴,7.0,4.0,盛岡,C2六組,1:15.1,2.0,曇,4.0,5.0,盛岡,C2七組,1:14.0,0.2,小雨,18.1,8.0,,nar,2026-09-21,40.68,48.4,32.3,30.1,33.5,49.1,48.8,履歴少 / 市場オッズ妙味
202665092102,2026-09-21,2,ナカゼンミハル,5.0,5.0,吉田理人,470.0,,,,,,,,,,,,,,,,,,,,,,,,,,,,,,,,,,,,,,,,nar,2026-09-21,36.0,35.0,35.0,35.0,35.0,35.0,45.0,履歴少
202655092102,2026-09-21,2,ネオディヤマンテ,2.0,2.0,長谷川蓮,56.0,,9.0,7.0,佐賀,C2ー19組,1:27.3,3.3,曇,1.0,1.0,佐賀,C2ー27組,1:27.2,0.0,晴,10.0,9.0,名古屋,C18組,1:41.6,3.5,晴,4.0,2.0,名古屋,C17組,1:39.1,0.1,晴,3.0,4.0,名古屋,C22組,1:39.2,0.6,晴,37.3,4.0,,nar,2026-09-21,48.84,61.2,43.0,49.8,23.0,53.7,51.2,佐賀実績 / 履歴少 / 市場オッズ妙味
202646092102,2026-09-21,2,ハガネ,9.0,7.0,沖静男,57.0,,6.0,4.0,金沢,熊本地震被災者支援雲(B2),1:40.2,1.2,曇,3.0,3.0,金沢,B25,1:39.0,0.6,晴,3.0,3.0,金沢,「葛山画伯」記念(B2),1:38.9,1.2,曇,6.0,4.0,金沢,やすくん&なおちゃん(B2),1:34.6,1.0,曇,7.0,5.0,金沢,心星ひなまる永遠の5(B2),1:35.5,2.5,曇,17.0,10.0,,nar,2026-09-21,53.55,69.9,42.3,44.7,42.5,60.1,49.6,履歴少 / 市場オッズ妙味
202646092102,2026-09-21,2,ビックゲート,5.0,5.0,加藤翔馬,57.0,,4.0,4.0,金沢,ラジオ放送第69回記(C1),1:41.1,1.7,曇,9.0,9.0,金沢,B25,1:40.9,2.5,晴,1.0,4.0,金沢,C15,1:34.2,-0.2,曇,5.0,7.0,金沢,楽天競馬で馬券を買お(C2),1:34.5,1.3,曇,4.0,6.0,金沢,C14,1:35.4,2.1,曇,24.7,11.0,,nar,2026-09-21,63.31,69.6,57.6,75.1,54.5,60.9,59.2,金沢実績 / クラス条件好転 / 履歴少 / 安定感
202636092102,2026-09-21,2,ファンタズマ,8.0,7.0,村上忍,56.0,,5.0,5.0,水沢,C2九組,1:23.9,1.3,曇,5.0,4.0,盛岡,大船渡市観光物産協会(C1),1:27.2,0.4,曇,6.0,9.0,盛岡,C1,1:27.6,0.6,曇,6.0,8.0,盛岡,C1,1:28.7,1.8,曇,9.0,4.0,盛岡,べラジオオペラ特別(C1),1:28.2,1.9,晴,2.5,1.0,,nar,2026-09-21,55.59,61.9,50.8,55.3,59.0,53.2,48.8,履歴少
202665092102,2026-09-21,2,フジノメグミ,3.0,3.0,今井千尋,470.0,,,,,,,,,,,,,,,,,,,,,,,,,,,,,,,,,,,,,,,,nar,2026-09-21,36.0,35.0,35.0,35.0,35.0,35.0,45.0,履歴少
202636092102,2026-09-21,2,ポイントバック,9.0,7.0,南郷家全,56.0,,7.0,9.0,水沢,C2九組,1:27.3,2.7,晴,9.0,7.0,水沢,C2十組,1:26.5,4.5,曇,8.0,9.0,盛岡,C2七組,1:16.8,2.5,雨,7.0,8.0,盛岡,C2八組,1:17.4,3.7,曇,8.0,8.0,盛岡,C2九組,1:17.0,5.4,曇,45.7,10.0,,nar,2026-09-21,44.48,45.6,53.2,0.0,56.0,54.1,46.5,市場オッズ妙味
202636092102,2026-09-21,2,ミッキーハッスル,10.0,8.0,高松亮,56.0,,6.0,3.0,水沢,C2八組,1:25.5,1.7,晴,10.0,10.0,盛岡,C1二組,1:41.1,2.4,曇,5.0,8.0,盛岡,C1三組,1:26.9,1.5,曇,7.0,7.0,水沢,ジューンC(B2),2:08.0,3.3,曇,8.0,10.0,水沢,B2二組,1:45.8,1.4,晴,6.8,3.0,,nar,2026-09-21,47.9,50.8,49.2,19.8,59.0,57.4,43.8,履歴少
202646092102,2026-09-21,2,メイショウゴルシ,10.0,8.0,柴田勇真,57.0,,4.0,5.0,金沢,熊本地震被災者支援雲(B2),1:39.4,0.4,曇,6.0,3.0,金沢,B24,1:41.7,2.3,晴,6.0,4.0,金沢,B23,1:34.1,1.3,曇,9.0,5.0,金沢,夏野菜でおいしく水分(B2),1:33.6,2.2,晴,5.0,5.0,金沢,B24,1:40.3,0.4,曇,5.4,3.0,,nar,2026-09-21,51.94,62.2,40.0,40.7,65.0,52.0,49.6,履歴少 / 近走上向き
202655092102,2026-09-21,2,メイショウルビー,1.0,1.0,長田進仁,54.0,,9.0,7.0,佐賀,SAGAリベンジャー(C2),1:36.1,3.4,曇,1.0,8.0,佐賀,SAGAリベンジャー(C2),0:56.8,-0.2,晴,8.0,9.0,佐賀,SAGAリベンジャー(3歳),0:57.2,1.7,晴,8.0,10.0,佐賀,パッカルくんのおとし(3歳),1:36.2,3.0,曇,,,佐賀,SAGAリベンジャー(3歳),,,雨,158.0,12.0,,nar,2026-09-21,50.54,56.9,62.7,24.9,30.0,59.1,47.1,履歴少
202665092102,2026-09-21,2,メオトテンザン,8.0,7.0,西謙一,500.0,,,,,,,,,,,,,,,,,,,,,,,,,,,,,,,,,,,,,,,,nar,2026-09-21,36.0,35.0,35.0,35.0,35.0,35.0,45.0,履歴少
202655092102,2026-09-21,2,モラール,11.0,8.0,石川慎将,54.0,,2.0,5.0,佐賀,C2ー21組,1:33.2,1.0,曇,12.0,3.0,佐賀,SAGAリベンジャー(3歳),1:35.1,3.4,曇,1.0,1.0,佐賀,SAGAリベンジャー(3歳),1:26.9,-0.2,曇,4.0,8.0,佐賀,SAGAリベンジャー(3歳),1:24.8,1.1,晴,12.0,15.0,1福島6,3歳未勝利,1:50.3,3.9,晴,13.4,3.0,,nar,2026-09-21,60.5,63.0,46.9,64.7,81.5,61.7,54.0,佐賀実績 / 前走人気以上 / 近走上向き / 安定感
202665092102,2026-09-21,2,ヨシノフジ,10.0,8.0,西将太,500.0,,,,,,,,,,,,,,,,,,,,,,,,,,,,,,,,,,,,,,,,nar,2026-09-21,36.18,35.0,35.0,35.0,35.0,35.0,46.8,履歴少 / 前走人気以上
202665092102,2026-09-21,2,ライデンファンタジ,2.0,2.0,島津新,500.0,,,,,,,,,,,,,,,,,,,,,,,,,,,,,,,,,,,,,,,,nar,2026-09-21,36.0,35.0,35.0,35.0,35.0,35.0,45.0,履歴少
202636092102,2026-09-21,2,ラストパラダイス,1.0,1.0,鈴木祐,56.0,,9.0,8.0,水沢,C2九組,1:28.0,3.4,晴,7.0,9.0,水沢,C2十組,1:26.3,4.3,曇,10.0,8.0,盛岡,C2七組,1:17.1,2.8,雨,8.0,7.0,盛岡,C2八組,1:18.2,4.5,曇,8.0,8.0,盛岡,C2八組,1:18.6,4.2,晴,88.3,11.0,,nar,2026-09-21,39.79,40.4,47.6,0.0,45.5,49.6,46.5,総合評価
202646092102,2026-09-21,2,ラッキードラゴン,3.0,3.0,栗原大河,57.0,,2.0,2.0,金沢,このたん末脚爆裂記念(C1),1:40.5,1.7,曇,3.0,3.0,金沢,なつみちゃん誕生日お(C1),1:33.2,0.5,晴,7.0,3.0,金沢,楽天ポイントが貯まる(C1C2),0:57.8,0.9,雨,1.0,5.0,金沢,能登復興支援福浦港賞(C2),1:33.9,-0.5,晴,12.0,12.0,名古屋,C11組,1:34.0,2.3,曇,5.3,2.0,,nar,2026-09-21,63.27,75.0,48.6,69.9,72.5,57.1,55.3,金沢実績 / 履歴少 / 近走上向き / 安定感
202655092102,2026-09-21,2,リュウノシャモニー,4.0,4.0,中山蓮王,54.0,,3.0,2.0,佐賀,UMATENA賞(C2),1:28.4,0.1,小雨,4.0,3.0,佐賀,C2ー21組,1:34.4,2.2,曇,3.0,8.0,佐賀,SAGAリベンジャー(C2),1:26.4,1.8,雨,4.0,2.0,佐賀,C2ー12組,1:28.4,1.0,晴,5.0,7.0,佐賀,C2ー14組,1:27.8,1.8,曇,90.5,8.0,,nar,2026-09-21,67.19,79.2,52.4,100.0,56.0,55.5,59.5,佐賀実績 / 履歴少 / 安定感
202655092102,2026-09-21,2,リュウノプティ,7.0,6.0,青海大樹,53.0,,7.0,6.0,佐賀,SAGAリベンジャー(C2),1:35.8,3.1,曇,3.0,8.0,佐賀,C2ー19組,1:33.8,2.2,曇,5.0,7.0,佐賀,SAGAリベンジャー(3歳),1:33.4,1.7,曇,3.0,8.0,佐賀,SAGAリベンジャー(3歳),1:26.0,1.0,曇,4.0,7.0,佐賀,3歳ー9組,1:34.0,1.7,晴,99.8,9.0,,nar,2026-09-21,61.9,70.3,66.6,69.6,30.5,62.6,54.5,佐賀実績 / 人気以上に走る傾向 / 安定感
202646092102,2026-09-21,2,ロングサクセション,6.0,6.0,青柳正義,57.0,,3.0,2.0,金沢,友朗&杏奈ハッピーウ(C1),1:40.9,0.1,雨,8.0,7.0,金沢,航ニ朗お誕生日おめで(B2),1:40.6,1.6,晴,8.0,4.0,金沢,津田さんお疲れ様杯(B2),1:34.8,1.4,晴,5.0,7.0,金沢,やすくん&なおちゃん(B2),1:34.5,0.9,曇,9.0,8.0,金沢,心星ひなまる永遠の5(B2),1:36.1,3.1,曇,14.0,9.0,,nar,2026-09-21,54.84,58.8,41.9,45.0,77.0,60.1,52.6,クラス条件好転 / 履歴少 / 近走上向き / 市場オッズ妙味
202646092102,2026-09-21,2,ワンモアチャンス,11.0,8.0,服部大地,55.0,,1.0,4.0,金沢,C16,1:33.4,-0.3,雨,2.0,7.0,金沢,C23,1:33.9,0.6,晴,5.0,11.0,金沢,スマホで投票!楽天競(C2),1:34.3,2.7,晴,7.0,7.0,金沢,楽天競馬で馬券を買お(C2),1:35.4,1.7,曇,5.0,7.0,金沢,楽天競馬で馬券を買お(C2),0:57.6,0.7,曇,10.0,4.0,,nar,2026-09-21,75.14,81.4,74.9,85.4,72.5,70.2,56.2,金沢実績 / 前走人気以上 / 履歴少 / 人気以上に走る傾向
202655092102,2026-09-21,2,ヴァレスカ,3.0,3.0,田中直人,54.0,,5.0,4.0,佐賀,第5回BAOO優駿(C2),1:27.8,1.1,小雨,2.0,3.0,佐賀,C2ー22組,1:34.0,0.2,曇,1.0,1.0,佐賀,SAGAリベンジャー(C2),1:28.2,-1.2,晴,6.0,4.0,佐賀,SAGAリベンジャー(C2),1:27.5,2.2,小雨,8.0,8.0,姫路,福を呼び込め!パカや(C3),0:52.8,1.6,晴,59.7,7.0,,nar,2026-09-21,60.19,76.7,47.6,75.1,45.5,52.2,55.3,佐賀実績 / 履歴少 / 安定感
202646092103,2026-09-21,3,アエノコト,3.0,3.0,吉田晃浩,55.0,,6.0,8.0,金沢,2歳新馬,1:38.9,4.7,曇,,,,,,,,,,,,,,,,,,,,,,,,,,,,,19.7,7.0,,nar,2026-09-21,41.68,42.8,43.7,29.6,40.6,42.0,48.8,履歴少 / サンプル少
202655092103,2026-09-21,3,アポロンテソーロ,5.0,5.0,山口勲,56.0,,3.0,3.0,佐賀,SAGAリベンジャー(C2),1:33.7,1.0,曇,2.0,3.0,佐賀,3歳ー4組,1:32.3,0.1,晴,4.0,1.0,佐賀,3歳ー5組,1:34.0,1.6,晴,1.0,3.0,佐賀,2歳ー7組,1:25.8,-0.2,曇,12.0,8.0,4京都1,2歳未勝利,2:03.1,9.4,晴,2.7,2.0,,nar,2026-09-21,64.62,79.3,46.7,89.7,60.5,51.6,59.5,佐賀実績 / 履歴少 / 安定感
202636092103,2026-09-21,3,アルヴィエンヌ,5.0,5.0,塚本涼人,54.0,,7.0,6.0,水沢,C2八組,1:25.6,2.8,曇,10.0,11.0,盛岡,B1,1:47.9,3.1,曇,11.0,12.0,盛岡,B1,1:39.2,2.4,晴,6.0,8.0,盛岡,OROターフ特別(OP),1:39.5,2.6,曇,10.0,10.0,盛岡,B1二組,1:42.0,3.2,曇,52.9,7.0,,nar,2026-09-21,43.67,38.4,53.0,0.0,63.5,52.9,51.8,クラス条件好転 / 履歴少
202646092103,2026-09-21,3,エムティモートン,2.0,2.0,中島龍也,56.0,,7.0,5.0,金沢,2歳3,1:38.7,3.7,晴,6.0,4.0,金沢,2歳新馬,1:39.4,5.1,曇,,,,,,,,,,,,,,,,,,,,,,16.3,5.0,,nar,2026-09-21,41.06,48.6,37.8,18.0,42.2,48.8,43.2,履歴少 / サンプル少 / 市場オッズ妙味
202646092103,2026-09-21,3,エースキャット,7.0,7.0,兼子千央,55.0,,8.0,9.0,金沢,熊本地震被災者支援ク(2歳),1:37.2,2.7,曇,8.0,6.0,金沢,2歳3,1:39.2,4.2,晴,7.0,8.0,門別,JRA認定競走フレッ(2歳),1:13.5,4.8,曇,,,,,,,,,,,,,,,52.6,8.0,,nar,2026-09-21,42.16,46.1,50.0,0.0,47.0,51.6,43.8,履歴少
202646092103,2026-09-21,3,カガノクローム,1.0,1.0,魚住謙心,56.0,,,,,,,,,,,,,,,,,,,,,,,,,,,,,,,,,,,,,3.2,2.0,,nar,2026-09-21,36.0,35.0,35.0,35.0,35.0,35.0,45.0,履歴少
202665092103,2026-09-21,3,カラシレンコン,3.0,3.0,西将太,500.0,,,,,,,,,,,,,,,,,,,,,,,,,,,,,,,,,,,,,,,,nar,2026-09-21,36.0,35.0,35.0,35.0,35.0,35.0,45.0,履歴少
202665092103,2026-09-21,3,キタデタイショウ,10.0,8.0,菊池一樹,500.0,,,,,,,,,,,,,,,,,,,,,,,,,,,,,,,,,,,,,,,,nar,2026-09-21,36.18,35.0,35.0,35.0,35.0,35.0,46.8,履歴少
202655092103,2026-09-21,3,キンキラキン,4.0,4.0,椿聡太,51.0,,11.0,12.0,佐賀,C2ー19組,1:29.2,5.2,曇,10.0,11.0,佐賀,サガデーナイト競馬賞(C2),1:35.5,2.2,曇,8.0,5.0,佐賀,C2ー17組,1:35.4,2.5,晴,11.0,5.0,佐賀,C2ー14組,1:29.2,3.6,曇,2.0,3.0,佐賀,SAGAリベンジャー(C2),1:35.6,1.4,曇,142.6,12.0,,nar,2026-09-21,36.54,34.2,44.3,10.3,30.5,47.0,48.5,総合評価
202655092103,2026-09-21,3,クロスアヴァンセ,1.0,1.0,後藤武蔵,51.0,,7.0,8.0,佐賀,C2ー18組,1:35.3,2.6,曇,8.0,6.0,佐賀,SAGAリベンジャー(C2),1:34.8,3.4,曇,6.0,6.0,佐賀,C2ー8組,1:26.5,0.7,晴,3.0,3.0,佐賀,C2ー9組,1:32.7,1.0,小雨,5.0,4.0,佐賀,C2ー10組,1:32.7,0.9,晴,43.2,10.0,,nar,2026-09-21,48.06,57.9,47.9,24.9,41.0,53.4,49.6,履歴少 / 市場オッズ妙味
202636092103,2026-09-21,3,グレースアイリス,1.0,1.0,山本政聡,54.0,,9.0,9.0,水沢,C2九組,1:26.7,4.1,曇,9.0,7.0,盛岡,C2七組,1:17.0,2.7,雨,7.0,7.0,盛岡,C2八組,1:17.0,2.6,晴,7.0,8.0,盛岡,C2八組,1:16.7,2.2,曇,6.0,7.0,盛岡,C2九組,1:16.5,4.9,曇,100.3,11.0,,nar,2026-09-21,40.85,44.0,48.3,0.0,39.5,51.6,50.0,総合評価
202665092103,2026-09-21,3,ケンハヤチ,6.0,6.0,赤塚健仁,500.0,,,,,,,,,,,,,,,,,,,,,,,,,,,,,,,,,,,,,,,,nar,2026-09-21,36.18,35.0,35.0,35.0,35.0,35.0,46.8,履歴少
202655092103,2026-09-21,3,サスペンスクィーン,8.0,6.0,山下裕貴,54.0,,7.0,10.0,佐賀,C2ー19組,1:27.0,3.0,曇,4.0,3.0,佐賀,C2ー19組,1:34.5,2.9,曇,12.0,12.0,名古屋,金シャチ最終戦777(C),1:40.4,4.3,晴,11.0,7.0,名古屋,平原灯姫特別(C),1:32.7,2.6,曇,10.0,2.0,名古屋,四谷の千枚田特別(C),1:38.5,1.9,曇,22.5,6.0,,nar,2026-09-21,44.98,42.9,44.8,24.9,63.5,46.3,51.2,佐賀実績 / 前走人気以上 / 履歴少 / 市場オッズ妙味
202636092103,2026-09-21,3,サトノアヴァロン,11.0,8.0,坂井瑛音,55.0,,7.0,9.0,水沢,C2七組,1:25.4,1.7,曇,6.0,10.0,水沢,C2八組,1:25.1,2.3,曇,8.0,8.0,盛岡,御所湖賞(C1),1:28.0,1.9,曇,10.0,10.0,盛岡,C1,1:28.5,2.1,晴,8.0,9.0,盛岡,B2,1:26.7,1.2,雨,58.0,8.0,,nar,2026-09-21,47.29,48.1,62.0,0.0,56.0,56.1,43.8,履歴少
202665092103,2026-09-21,3,シュガーベリー,1.0,1.0,長澤幸太,500.0,,,,,,,,,,,,,,,,,,,,,,,,,,,,,,,,,,,,,,,,nar,2026-09-21,36.0,35.0,35.0,35.0,35.0,35.0,45.0,履歴少
202665092103,2026-09-21,3,ジェイクリス,9.0,8.0,鈴木恵介,500.0,,,,,,,,,,,,,,,,,,,,,,,,,,,,,,,,,,,,,,,,nar,2026-09-21,36.0,35.0,35.0,35.0,35.0,35.0,45.0,履歴少
202665092103,2026-09-21,3,ジェイマット,8.0,7.0,中村太陽,500.0,,,,,,,,,,,,,,,,,,,,,,,,,,,,,,,,,,,,,,,,nar,2026-09-21,36.0,35.0,35.0,35.0,35.0,35.0,45.0,履歴少
202655092103,2026-09-21,3,ジーティーカメリア,12.0,8.0,加茂飛翔,54.0,,8.0,11.0,佐賀,C2ー18組,1:35.6,2.9,曇,7.0,8.0,佐賀,SAGAリベンジャー(C2),1:34.0,2.6,曇,2.0,10.0,佐賀,C2ー10組,1:33.3,0.2,雨,8.0,8.0,佐賀,C2ー9組,1:34.5,2.8,小雨,7.0,10.0,佐賀,C2ー11組,1:34.0,2.6,晴,62.4,11.0,,nar,2026-09-21,53.18,56.3,71.4,19.8,38.0,62.4,46.3,前走人気以上 / 履歴少 / 人気以上に走る傾向
202636092103,2026-09-21,3,スペキュレーター,7.0,6.0,阿部英俊,56.0,,8.0,4.0,笠松,私の青春☆アクセル全(C),0:53.5,3.3,晴,3.0,6.0,笠松,音有お誕生日おめでと(C),1:33.6,1.4,曇,6.0,10.0,笠松,C13組,1:35.9,1.5,晴,8.0,6.0,笠松,第1回結婚記念杯(C),1:36.3,3.4,曇,7.0,5.0,笠松,C18組,1:35.3,1.3,曇,24.5,6.0,,nar,2026-09-21,47.93,58.0,48.8,24.9,38.0,54.1,48.8,履歴少 / 市場オッズ妙味
202655092103,2026-09-21,3,スマートアリスター,11.0,8.0,田中純,54.0,,10.0,9.0,佐賀,C2ー19組,1:27.6,3.6,曇,6.0,6.0,佐賀,サガデーナイト競馬賞(C2),1:34.3,1.0,曇,10.0,3.0,佐賀,C2ー8組,1:28.0,2.2,晴,8.0,7.0,高知,C3ー10,1:32.6,2.2,曇,11.0,3.0,高知,ファイナルレース(C3),1:29.2,2.8,晴,21.0,5.0,,nar,2026-09-21,33.19,37.5,31.4,0.0,42.5,40.6,43.8,履歴少
202655092103,2026-09-21,3,タンタンリーライズ,6.0,5.0,小松丈二,54.0,,10.0,6.0,佐賀,3歳ー5組,1:37.1,4.7,小雨,1.0,4.0,佐賀,3歳ー9組,1:32.3,-0.7,晴,3.0,6.0,佐賀,3歳ー9組,1:33.3,1.6,晴,5.0,7.0,佐賀,3歳ー10組,1:33.0,1.2,晴,7.0,6.0,佐賀,3歳ー8組,1:27.2,3.1,曇,23.8,7.0,,nar,2026-09-21,53.05,65.3,52.2,59.3,14.0,58.2,52.9,佐賀実績 / 履歴少 / 市場オッズ妙味
202655092103,2026-09-21,3,ダイコクヤタエモン,3.0,3.0,飛田愛斗,56.0,,3.0,5.0,佐賀,第5回BAOO優駿(C2),1:27.1,0.4,小雨,3.0,2.0,佐賀,C2ー21組,1:33.6,1.4,曇,1.0,1.0,佐賀,SAGAリベンジャー(3歳),0:55.5,-0.3,晴,4.0,3.0,佐賀,パッカルくんのおとし(3歳),1:34.4,1.2,曇,,,佐賀,SAGAリベンジャー(3歳),,,雨,5.5,3.0,,nar,2026-09-21,67.02,86.2,51.7,89.7,48.0,57.3,59.5,佐賀実績 / 履歴少 / 安定感
202655092103,2026-09-21,3,ディスタービア,10.0,7.0,山田義貴,54.0,,2.0,8.0,佐賀,UMATENA賞(C2),1:28.3,0.0,小雨,8.0,10.0,佐賀,C2ー20組,1:34.5,3.2,曇,7.0,7.0,佐賀,C2ー10組,1:34.5,1.4,雨,8.0,6.0,佐賀,C2ー10組,1:27.2,1.4,小雨,9.0,11.0,佐賀,C2ー11組,1:34.8,3.4,晴,37.5,8.0,,nar,2026-09-21,59.36,59.3,65.7,30.4,86.0,59.9,46.3,前走人気以上 / 履歴少 / 人気以上に走る傾向 / 近走上向き
202636092103,2026-09-21,3,ハッサク,4.0,4.0,岩本怜,56.0,,9.0,7.0,水沢,C2八組,1:26.4,3.6,曇,4.0,5.0,盛岡,C2八組,1:16.2,2.5,曇,8.0,7.0,盛岡,C2八組,1:18.0,3.5,曇,5.0,6.0,盛岡,C2九組,1:16.4,4.8,曇,5.0,7.0,盛岡,C2八組,1:15.1,1.9,雨,82.7,10.0,,nar,2026-09-21,49.12,55.5,48.6,49.8,29.0,54.1,48.8,履歴少
202665092103,2026-09-21,3,パリスエンジェル,2.0,2.0,中原蓮,480.0,,,,,,,,,,,,,,,,,,,,,,,,,,,,,,,,,,,,,,,,nar,2026-09-21,36.0,35.0,35.0,35.0,35.0,35.0,45.0,履歴少
202665092103,2026-09-21,3,ヒノクニレディー,4.0,4.0,金田利貴,480.0,,,,,,,,,,,,,,,,,,,,,,,,,,,,,,,,,,,,,,,,nar,2026-09-21,36.0,35.0,35.0,35.0,35.0,35.0,45.0,履歴少
202646092103,2026-09-21,3,フェイマスポッケ,4.0,4.0,田知弘久,56.0,,4.0,5.0,金沢,2歳新馬,1:37.4,3.2,曇,,,,,,,,,,,,,,,,,,,,,,,,,,,,,5.0,4.0,,nar,2026-09-21,43.06,46.4,42.2,36.3,40.6,41.7,48.8,履歴少 / サンプル少
202646092103,2026-09-21,3,フレンドリーグリン,6.0,6.0,甲賀弘隆,56.0,,9.0,7.0,門別,2歳未勝利,1:12.1,2.9,晴,12.0,8.0,門別,ホクレンカタログギフ(2歳),1:05.1,2.7,曇,7.0,5.0,門別,JRA認定競走フレッ(2歳),1:04.3,4.3,晴,,,,,,,,,,,,,,,4.6,3.0,,nar,2026-09-21,33.94,32.2,31.4,0.0,53.0,43.0,50.0,総合評価
202655092103,2026-09-21,3,ブライトライツ,2.0,2.0,川島拓,56.0,,1.0,5.0,佐賀,祝初競馬平山詩嫣ビギ(C2),1:26.6,0.0,晴,5.0,6.0,佐賀,C2ー30組,1:34.4,2.6,晴,,12.0,2福島2,障害3歳以上未勝利,,,晴,12.0,13.0,3京都2,障害4歳以上未勝利,3:30.5,10.5,晴,17.0,18.0,4中山1,3歳未勝利,2:01.8,2.2,晴,2.4,1.0,,nar,2026-09-21,65.62,61.2,65.0,55.3,100.0,59.4,59.5,佐賀実績 / 前走人気以上 / 履歴少 / 近走上向き
202636092103,2026-09-21,3,ホウオウルバン,6.0,6.0,菅原辰徳,56.0,,5.0,1.0,水沢,C2八組,1:25.4,1.6,晴,8.0,8.0,盛岡,B2,1:13.5,0.9,小雨,6.0,9.0,高知,C3ー2,1:34.8,1.5,晴,11.0,4.0,高知,ファイナルレース(C3),1:49.1,3.7,雨,6.0,3.0,高知,ファイナルレース(C3),1:33.2,0.9,曇,9.2,4.0,,nar,2026-09-21,47.24,52.6,36.3,30.4,66.5,49.9,51.8,クラス条件好転 / 履歴少 / 近走上向き
202636092103,2026-09-21,3,マルケイアロー,8.0,7.0,山本聡紀,56.0,,3.0,4.0,水沢,C2十組,1:23.9,1.9,曇,12.0,11.0,盛岡,いわて北緯40度葛巻(B2),1:43.2,3.8,晴,9.0,9.0,盛岡,ラビットイヤー賞(B2),1:26.5,2.6,小雨,11.0,11.0,盛岡,ソウルラッシュ特別(B2),1:26.4,1.8,晴,7.0,10.0,盛岡,B1三組,1:40.3,2.2,晴,3.4,2.0,,nar,2026-09-21,52.2,43.9,52.6,30.4,90.5,54.3,51.8,クラス条件好転 / 履歴少 / 近走上向き
202665092103,2026-09-21,3,ミスアショロ,5.0,5.0,村上章,480.0,,,,,,,,,,,,,,,,,,,,,,,,,,,,,,,,,,,,,,,,nar,2026-09-21,36.0,35.0,35.0,35.0,35.0,35.0,45.0,履歴少
202655092103,2026-09-21,3,メジャーラッシュ,7.0,6.0,田中直人,54.0,,10.0,9.0,佐賀,C2ー18組,1:36.5,3.8,曇,10.0,7.0,佐賀,SAGAリベンジャー(C2),1:35.3,3.9,曇,11.0,2.0,佐賀,C2ー8組,1:28.7,2.9,晴,7.0,3.0,佐賀,C2ー7組,1:26.8,1.4,曇,2.0,3.0,佐賀,C2ー11組,1:31.6,0.2,晴,39.1,9.0,,nar,2026-09-21,32.51,36.5,26.8,10.3,35.0,41.3,46.3,履歴少
202636092103,2026-09-21,3,モズゴールドメダル,3.0,3.0,山本聡哉,54.0,,2.0,1.0,水沢,C2十組,1:22.6,0.6,曇,12.0,12.0,高知,AB混合,1:34.3,2.8,晴,9.0,11.0,高知,スピカ特別,1:32.3,2.8,曇,7.0,7.0,高知,Aー3,1:47.5,3.7,晴,10.0,10.0,高知,祝30周年!SPAT,1:34.0,2.8,晴,2.4,1.0,,nar,2026-09-21,52.99,48.5,50.6,30.4,95.0,52.3,48.8,履歴少 / 近走上向き
202636092103,2026-09-21,3,ユニークカラー,2.0,2.0,鈴木祐,56.0,,5.0,8.0,水沢,C2八組,1:25.0,2.2,曇,3.0,6.0,盛岡,C2八組,1:15.6,1.9,曇,8.0,5.0,盛岡,C2九組,1:16.4,4.2,曇,3.0,7.0,盛岡,C2八組,1:16.5,2.2,曇,10.0,9.0,盛岡,C2八組,1:18.7,4.4,曇,71.5,9.0,,nar,2026-09-21,61.07,65.4,60.8,69.9,56.0,57.4,50.0,前走人気以上 / 安定感
202655092103,2026-09-21,3,ライトニングラン,9.0,7.0,中山蓮王,54.0,,1.0,1.0,佐賀,C2ー29組,1:26.0,-1.1,晴,6.0,7.0,佐賀,C2ー26組,1:28.4,0.6,晴,8.0,3.0,佐賀,C2ー13組,1:28.6,3.2,曇,7.0,7.0,金沢,C28,1:43.9,1.7,晴,9.0,2.0,金沢,C28,1:38.3,4.6,曇,17.7,4.0,,nar,2026-09-21,54.3,65.3,39.8,30.4,89.0,52.0,48.5,履歴少 / 近走上向き / 市場オッズ妙味
202636092103,2026-09-21,3,ラスダシャン,9.0,7.0,関本玲花,52.0,,4.0,4.0,水沢,C2九組,1:23.8,1.2,曇,7.0,5.0,盛岡,C1,1:14.2,1.1,曇,11.0,11.0,盛岡,ミルクティーローズ賞(C1),1:42.0,2.3,曇,5.0,5.0,盛岡,C1,1:12.8,0.3,曇,5.0,5.0,盛岡,B2,0:59.6,0.5,雨,11.3,5.0,,nar,2026-09-21,55.05,57.0,46.5,55.3,68.0,59.0,48.8,履歴少 / 近走上向き
202646092103,2026-09-21,3,レインボーツリー,5.0,5.0,栗原大河,55.0,,4.0,4.0,金沢,2歳新馬,0:58.3,0.9,曇,,,,,,,,,,,,,,,,,,,,,,,,,,,,,3.0,1.0,,nar,2026-09-21,42.54,46.4,40.6,36.3,40.6,40.6,48.8,履歴少 / サンプル少
202646092103,2026-09-21,3,ロイヤルラン,8.0,8.0,服部大地,55.0,,7.0,6.0,金沢,2歳新馬,1:39.0,4.8,曇,,,,,,,,,,,,,,,,,,,,,,,,,,,,,19.4,6.0,,nar,2026-09-21,39.73,41.1,39.1,29.6,40.6,39.5,48.8,履歴少 / サンプル少
202636092103,2026-09-21,3,ロッキータイタン,10.0,8.0,高橋悠里,56.0,,3.0,7.0,水沢,C2八組,1:24.1,0.3,晴,3.0,6.0,盛岡,C2四組,1:28.4,1.3,曇,6.0,11.0,盛岡,C2四組,1:14.4,1.2,曇,9.0,8.0,盛岡,C2四組,1:17.4,4.4,晴,8.0,8.0,盛岡,C2四組,1:15.6,1.8,曇,4.2,3.0,,nar,2026-09-21,64.68,68.1,69.6,55.3,71.0,63.3,48.8,前走人気以上 / 履歴少 / 人気以上に走る傾向 / 近走上向き
202665092103,2026-09-21,3,ヴルールシュクセ,7.0,7.0,島津新,500.0,,,,,,,,,,,,,,,,,,,,,,,,,,,,,,,,,,,,,,,,nar,2026-09-21,36.0,35.0,35.0,35.0,35.0,35.0,45.0,履歴少
202646092104,2026-09-21,4,ウエスウィン,6.0,6.0,沖静男,55.0,,2.0,2.0,金沢,熊本地震被災者支援ク(2歳),1:34.9,0.4,曇,3.0,3.0,金沢,2歳新馬,1:35.2,0.9,曇,,,,,,,,,,,,,,,,,,,,,,7.5,4.0,,nar,2026-09-21,54.98,66.6,45.5,48.4,48.8,55.7,59.5,金沢実績 / 履歴少 / サンプル少
202646092104,2026-09-21,4,ウマデスカイ,10.0,8.0,柴田勇真,55.0,,11.0,9.0,門別,優駿の里安平町早来か(2歳),1:52.8,5.7,晴,9.0,8.0,門別,2歳牝馬未勝利,1:12.9,3.1,雨,6.0,5.0,門別,JRA認定競走アタッ(2歳),1:11.0,1.7,曇,6.0,4.0,門別,JRA認定競走アタッ(2歳),1:11.5,3.0,曇,7.0,5.0,門別,JRA認定競走アタッ(2歳),1:05.2,3.1,曇,13.2,5.0,,nar,2026-09-21,35.55,41.0,39.1,0.0,26.0,47.7,48.8,履歴少 / 市場オッズ妙味
202636092104,2026-09-21,4,オブジェダート,9.0,7.0,菅原辰徳,56.0,,7.0,8.0,水沢,C2七組,1:24.1,2.4,雨,5.0,6.0,盛岡,C2三組,1:28.2,2.7,曇,6.0,7.0,盛岡,C1五組,1:28.5,2.1,曇,4.0,9.0,盛岡,C1五組,1:28.3,1.6,曇,10.0,7.0,水沢,C1五組,1:30.2,2.4,曇,11.7,6.0,,nar,2026-09-21,53.51,58.6,58.2,39.5,45.5,61.1,43.8,履歴少
202646092104,2026-09-21,4,オルッス,5.0,5.0,望月洵輝,56.0,,3.0,3.0,金沢,熊本地震被災者支援ク(2歳),1:35.3,0.8,曇,5.0,1.0,金沢,2歳3,1:38.0,3.0,晴,12.0,10.0,2福島7,2歳未勝利,1:12.4,2.8,曇,10.0,10.0,2福島1,2歳新馬,1:13.9,4.9,晴,,,,,,,,16.5,7.0,,nar,2026-09-21,55.26,54.6,39.1,55.3,86.0,57.1,56.4,金沢実績 / 近走上向き / 市場オッズ妙味
202665092104,2026-09-21,4,オレノゴウリキ,3.0,3.0,鈴木恵介,510.0,,,,,,,,,,,,,,,,,,,,,,,,,,,,,,,,,,,,,,,,nar,2026-09-21,36.0,35.0,35.0,35.0,35.0,35.0,45.0,履歴少
202655092104,2026-09-21,4,カガカプチーノ,2.0,2.0,椿聡太,53.0,,9.0,7.0,佐賀,サルスベリ賞,1:32.6,2.9,晴,5.0,8.0,佐賀,あさがお賞(B),1:31.3,1.1,曇,11.0,10.0,佐賀,ラベンダー特別(B),1:32.5,1.8,曇,8.0,5.0,佐賀,あじさい特別(B),1:24.5,1.7,小雨,3.0,4.0,佐賀,アマリリス賞,1:30.7,0.4,曇,206.4,9.0,,nar,2026-09-21,45.09,46.9,47.3,35.3,36.5,50.3,49.6,履歴少
202636092104,2026-09-21,4,カゼヨウビ,1.0,1.0,南郷家全,54.0,,9.0,9.0,水沢,C2六組,1:25.2,4.0,雨,9.0,10.0,盛岡,C2六組,1:15.5,2.6,雨,7.0,7.0,盛岡,C2七組,1:15.6,1.8,曇,8.0,9.0,盛岡,C2六組,1:15.6,2.5,曇,9.0,4.0,盛岡,C2七組,1:14.4,1.7,曇,101.1,11.0,,nar,2026-09-21,40.4,40.3,49.1,0.0,45.5,49.0,50.0,総合評価
202665092104,2026-09-21,4,キタサカエリュウ,8.0,7.0,中村太陽,510.0,,,,,,,,,,,,,,,,,,,,,,,,,,,,,,,,,,,,,,,,nar,2026-09-21,36.0,35.0,35.0,35.0,35.0,35.0,45.0,履歴少
202665092104,2026-09-21,4,キョウエイブラック,1.0,1.0,菊池一樹,510.0,,,,,,,,,,,,,,,,,,,,,,,,,,,,,,,,,,,,,,,,nar,2026-09-21,36.0,35.0,35.0,35.0,35.0,35.0,45.0,履歴少
202665092104,2026-09-21,4,キョウエイローズ,5.0,5.0,菅原響希,480.0,,,,,,,,,,,,,,,,,,,,,,,,,,,,,,,,,,,,,,,,nar,2026-09-21,36.0,35.0,35.0,35.0,35.0,35.0,45.0,履歴少
202646092104,2026-09-21,4,キングオブミラクル,1.0,1.0,中島龍也,56.0,,6.0,4.0,門別,2歳未勝利,1:55.0,1.4,晴,6.0,4.0,門別,2歳未勝利,1:54.6,1.1,曇,3.0,1.0,門別,JRA認定競走フレッ(2歳),1:17.5,2.0,曇,,,,,,,,,,,,,,,2.4,1.0,,nar,2026-09-21,45.86,66.3,36.0,19.8,41.0,46.3,48.8,履歴少
202636092104,2026-09-21,4,グラスアラバニーユ,11.0,8.0,山本政聡,56.0,,6.0,3.0,水沢,C2七組,1:23.1,1.4,雨,4.0,4.0,盛岡,C2三組,1:27.3,0.8,晴,11.0,13.0,川崎,デギュスタシオン賞(C2),1:39.5,2.2,晴,10.0,9.0,川崎,2026川崎ジョッキ(C2),1:38.5,0.8,晴,2.0,3.0,川崎,ファイナルアンサー賞(C2),1:39.8,0.3,曇,3.6,2.0,,nar,2026-09-21,49.51,54.7,46.1,35.3,54.5,53.4,48.8,履歴少
202646092104,2026-09-21,4,コンヤザカ,2.0,2.0,魚住謙心,55.0,,6.0,5.0,金沢,熊本地震被災者支援ク(2歳),1:35.7,1.2,曇,2.0,4.0,金沢,2歳3,1:36.5,1.1,曇,4.0,4.0,金沢,猫月めいちゃん誕生日(2歳),1:37.0,0.8,曇,6.0,5.0,金沢,2歳新馬,1:01.4,4.0,曇,,,,,,,,28.5,8.0,,nar,2026-09-21,55.3,72.4,50.4,44.7,38.0,56.3,51.2,金沢実績 / 履歴少 / 市場オッズ妙味
202655092104,2026-09-21,4,ゴイゴイスー,7.0,7.0,石川慎将,56.0,,2.0,1.0,佐賀,ラベンダー特別(B),1:30.7,0.0,曇,2.0,1.0,佐賀,あじさい特別(B),1:22.8,0.0,小雨,13.0,13.0,3京都7,4歳以上2勝クラス,1:12.5,0.6,晴,9.0,10.0,3京都3,京極特別(2勝クラス),1:12.3,0.8,晴,10.0,11.0,2小倉6,障害3歳以上未勝利,3:21.2,6.6,曇,7.5,2.0,,nar,2026-09-21,59.71,59.8,47.9,55.3,89.0,58.6,59.5,佐賀実績 / 履歴少 / 近走上向き
202636092104,2026-09-21,4,ゴールドジャンパー,4.0,4.0,佐々木志,54.0,,2.0,2.0,水沢,C2九組,1:22.8,0.2,曇,9.0,8.0,盛岡,B2,1:47.3,2.2,曇,8.0,5.0,盛岡,夢・希望未来へ前進(B2),1:39.8,1.3,曇,9.0,12.0,盛岡,B2,1:00.5,1.3,雨,12.0,9.0,水沢,B2,1:46.6,4.9,晴,9.3,4.0,,nar,2026-09-21,53.5,52.1,45.0,30.4,95.0,54.5,54.2,水沢実績 / クラス条件好転 / 履歴少 / 近走上向き
202655092104,2026-09-21,4,サムシンググレート,9.0,8.0,飛田愛斗,56.0,,3.0,5.0,佐賀,向日葵特別(B),0:54.5,0.4,晴,5.0,6.0,佐賀,クレオメ賞(B),1:32.8,1.5,晴,8.0,3.0,佐賀,ラベンダー特別(B),1:31.9,1.2,曇,5.0,1.0,佐賀,サガデーナイト競馬賞(B),1:23.8,1.0,小雨,1.0,2.0,佐賀,サガデーナイト競馬賞(B),1:30.3,-0.1,晴,51.9,6.0,,nar,2026-09-21,60.52,71.4,45.7,80.2,60.5,50.2,56.2,佐賀実績 / 履歴少 / 安定感
202646092104,2026-09-21,4,ザケンロクエン,3.0,3.0,青柳正義,55.0,,7.0,8.0,金沢,熊本地震被災者支援ク(2歳),1:36.5,2.0,曇,7.0,7.0,金沢,2歳2,1:37.9,3.2,晴,7.0,7.0,金沢,優翔&香菜子結婚記念(2歳),1:37.7,2.6,曇,5.0,5.0,金沢,けんご&あすか結婚記(2歳),1:37.8,2.3,曇,5.0,10.0,金沢,2歳2,1:37.5,2.3,曇,115.7,10.0,,nar,2026-09-21,50.2,56.0,55.7,24.9,44.0,56.5,49.6,履歴少
202665092104,2026-09-21,4,シャインクィーン,2.0,2.0,赤塚健仁,490.0,,,,,,,,,,,,,,,,,,,,,,,,,,,,,,,,,,,,,,,,nar,2026-09-21,36.0,35.0,35.0,35.0,35.0,35.0,45.0,履歴少
202665092104,2026-09-21,4,ショウライトモモ,6.0,6.0,今井千尋,480.0,,,,,,,,,,,,,,,,,,,,,,,,,,,,,,,,,,,,,,,,nar,2026-09-21,36.0,35.0,35.0,35.0,35.0,35.0,45.0,履歴少
202655092104,2026-09-21,4,ジャズダンス,8.0,8.0,後藤武蔵,53.0,,5.0,8.0,佐賀,向日葵特別(B),0:55.2,1.1,晴,8.0,9.0,佐賀,葉月賞(B),1:59.4,3.4,晴,6.0,6.0,佐賀,文月特別(B),1:58.3,4.2,雨,1.0,5.0,佐賀,サガデーナイト競馬賞(B),1:22.8,-0.3,小雨,8.0,10.0,佐賀,水無月特別(B),2:00.6,1.4,雨,59.9,7.0,,nar,2026-09-21,58.11,62.6,63.7,45.0,54.5,60.0,49.6,前走人気以上 / 履歴少
202636092104,2026-09-21,4,ジーティービート,8.0,7.0,小林凌,56.0,,9.0,9.0,水沢,C2七組,1:25.2,3.5,雨,8.0,8.0,盛岡,C2七組,1:15.5,1.8,晴,6.0,6.0,盛岡,C2八組,1:16.1,1.6,曇,8.0,9.0,盛岡,C2八組,1:15.8,2.7,曇,8.0,9.0,盛岡,C2八組,1:15.3,2.2,小雨,75.8,10.0,,nar,2026-09-21,42.14,44.7,51.7,0.0,41.0,52.9,48.8,履歴少
202655092104,2026-09-21,4,タケノオーカン,4.0,4.0,長谷川蓮,56.0,,2.0,3.0,佐賀,向日葵特別(B),0:54.5,0.4,晴,1.0,4.0,佐賀,長崎街道轟木宿特選(C1),0:54.4,-0.6,曇,4.0,6.0,佐賀,ラグーン賞(B),1:30.5,0.6,晴,2.0,4.0,佐賀,長崎街道原田宿特選(C1),1:31.3,0.9,晴,1.0,1.0,佐賀,C1ー4組,1:30.3,-0.4,曇,28.3,5.0,,nar,2026-09-21,73.14,91.7,62.2,100.0,50.0,61.5,59.5,佐賀実績 / 履歴少 / 安定感 / 市場オッズ妙味
202665092104,2026-09-21,4,ダイキチ,10.0,8.0,渡来心路,510.0,,,,,,,,,,,,,,,,,,,,,,,,,,,,,,,,,,,,,,,,nar,2026-09-21,36.0,35.0,35.0,35.0,35.0,35.0,45.0,履歴少
202665092104,2026-09-21,4,ダリア,7.0,7.0,島津新,490.0,,,,,,,,,,,,,,,,,,,,,,,,,,,,,,,,,,,,,,,,nar,2026-09-21,36.0,35.0,35.0,35.0,35.0,35.0,45.0,履歴少
202655092104,2026-09-21,4,チャールストン,6.0,6.0,出水拓人,56.0,,6.0,8.0,佐賀,サルスベリ賞,1:30.9,1.2,晴,8.0,5.0,佐賀,あさがお賞(B),1:32.3,2.1,曇,3.0,7.0,佐賀,ラベンダー特別(B),1:30.7,0.0,曇,7.0,8.0,佐賀,あじさい特別(B),1:24.3,1.5,小雨,3.0,4.0,佐賀,すずらん賞(B),1:30.3,0.8,晴,115.6,8.0,,nar,2026-09-21,52.74,62.1,56.3,30.1,45.5,55.9,49.6,履歴少
202636092104,2026-09-21,4,ツインビスケッツ,6.0,6.0,高松亮,54.0,,4.0,12.0,船橋,夏の大三角賞(C1),1:57.9,1.0,晴,8.0,9.0,船橋,40周年ありがとう株(C1),1:45.7,1.9,曇,5.0,11.0,川崎,姫百合賞(C1),1:32.5,1.1,晴,9.0,10.0,船橋,トルコキキョウ特別(B3),1:46.9,2.7,小雨,9.0,12.0,川崎,末摘花特別(B3二),1:32.8,2.3,曇,2.9,1.0,,nar,2026-09-21,64.03,56.5,80.3,50.2,72.5,66.9,48.8,前走人気以上 / 履歴少 / 人気以上に走る傾向 / 近走上向き
202665092104,2026-09-21,4,ツカサドジャース,4.0,4.0,中原蓮,510.0,,,,,,,,,,,,,,,,,,,,,,,,,,,,,,,,,,,,,,,,nar,2026-09-21,36.18,35.0,35.0,35.0,35.0,35.0,46.8,履歴少
202655092104,2026-09-21,4,テイエムタワードン,3.0,3.0,山口勲,56.0,,5.0,3.0,佐賀,ネジバナ賞,1:31.2,1.7,曇,2.0,2.0,佐賀,Bー4組,1:30.3,1.0,曇,1.0,1.0,佐賀,ヘリオトロープ賞(B),1:30.0,-0.1,曇,1.0,1.0,佐賀,AIパッカル賞(C1),1:29.1,-0.8,晴,1.0,1.0,佐賀,AIパッカル賞(C1),1:30.3,-0.1,晴,9.6,3.0,,nar,2026-09-21,65.11,88.3,45.7,100.0,27.5,58.3,59.5,佐賀実績 / 履歴少 / 安定感
202655092104,2026-09-21,4,テーオースミス,1.0,1.0,加茂飛翔,56.0,,9.0,4.0,佐賀,向日葵特別(B),0:55.7,1.6,晴,9.0,3.0,佐賀,葉月賞(B),1:59.5,3.5,晴,1.0,1.0,佐賀,サガデーナイト競馬賞(B),1:30.4,-0.5,晴,1.0,4.0,佐賀,Bー6組,1:29.6,-1.6,曇,4.0,4.0,佐賀,AIパッカル賞(B),1:30.2,0.8,晴,26.2,4.0,,nar,2026-09-21,45.09,62.1,32.0,44.7,18.5,51.1,52.9,佐賀実績 / 履歴少 / 市場オッズ妙味
202636092104,2026-09-21,4,ノースハマナス,2.0,2.0,高橋悠里,54.0,,3.0,6.0,水沢,C2九組,1:23.3,0.7,曇,2.0,8.0,盛岡,C2二組,1:27.5,1.8,晴,7.0,9.0,盛岡,うまレター賞(C2),1:30.9,2.6,晴,7.0,10.0,盛岡,C1五組,1:29.0,1.7,晴,9.0,9.0,盛岡,C1五組,1:29.4,3.0,曇,5.3,3.0,,nar,2026-09-21,66.18,70.0,72.7,55.3,69.5,66.2,48.8,前走人気以上 / 履歴少 / 人気以上に走る傾向 / 近走上向き
202636092104,2026-09-21,4,バイオレットモーヴ,10.0,8.0,阿部英俊,54.0,,9.0,8.0,水沢,C2七組,1:26.9,3.2,曇,4.0,9.0,盛岡,C2五組,1:14.2,1.1,雨,9.0,8.0,盛岡,C2五組,1:14.8,1.6,晴,5.0,6.0,盛岡,C2五組,1:27.7,0.5,曇,5.0,9.0,盛岡,C2五組,1:14.8,2.3,晴,61.7,9.0,,nar,2026-09-21,52.03,53.9,59.1,49.8,30.5,58.7,48.8,履歴少
202636092104,2026-09-21,4,ポンテドラーゴ,5.0,5.0,大坪慎,56.0,,8.0,11.0,水沢,C2四組,1:29.6,2.6,晴,6.0,5.0,盛岡,C2三組,1:28.0,1.5,晴,4.0,3.0,盛岡,C2五組,1:27.6,0.4,曇,3.0,4.0,盛岡,C2六組,1:27.7,2.1,晴,4.0,4.0,盛岡,C2三組,1:27.9,1.0,曇,23.6,8.0,,nar,2026-09-21,52.39,63.5,54.3,44.7,27.5,57.6,48.8,前走人気以上 / 履歴少 / 市場オッズ妙味
202646092104,2026-09-21,4,ミナム,7.0,7.0,田知弘久,56.0,,3.0,2.0,金沢,2歳新馬,1:36.2,2.0,曇,,,,,,,,,,,,,,,,,,,,,,,,,,,,,6.0,3.0,,nar,2026-09-21,42.5,48.1,39.1,36.3,40.6,39.5,48.8,履歴少 / サンプル少
202646092104,2026-09-21,4,モーモーセオリー,9.0,8.0,吉田晃浩,56.0,,4.0,4.0,金沢,熊本地震被災者支援ク(2歳),1:35.4,0.9,曇,2.0,3.0,金沢,2歳3,1:35.2,0.2,晴,7.0,6.0,金沢,2歳新馬,1:39.6,5.3,曇,,,,,,,,,,,,,,,13.6,6.0,,nar,2026-09-21,60.07,75.0,50.5,55.3,53.0,61.1,54.0,金沢実績 / 履歴少 / 市場オッズ妙味
202636092104,2026-09-21,4,ヤマニンバルトロ,7.0,6.0,山本聡紀,56.0,,6.0,7.0,水沢,C2七組,1:25.1,1.4,曇,10.0,11.0,盛岡,いわてくじ山形村短角(C1),1:28.2,1.9,曇,9.0,10.0,盛岡,C1三組,1:28.7,3.3,曇,11.0,9.0,盛岡,B2,1:28.2,1.7,晴,6.0,12.0,盛岡,夢・希望未来へ前進(B2),1:41.6,1.9,晴,11.2,5.0,,nar,2026-09-21,46.47,41.4,57.6,0.0,68.0,57.2,48.8,履歴少 / 近走上向き
202636092104,2026-09-21,4,ラスターカノン,3.0,3.0,村上忍,54.0,,10.0,11.0,門別,世界へ羽ばたけ!ひだ(C4),1:17.5,1.6,曇,6.0,6.0,門別,サマーセール平取産馬(C4),1:17.4,2.7,晴,7.0,5.0,門別,ハロー!Lexing(C4),1:18.1,1.9,晴,5.0,3.0,門別,3歳以上C4ー2,1:03.7,1.2,曇,7.0,8.0,門別,3歳以上C4ー2,1:03.7,1.8,晴,14.8,7.0,,nar,2026-09-21,42.73,49.0,48.0,14.6,27.5,53.9,48.8,履歴少 / 市場オッズ妙味
202646092104,2026-09-21,4,ラブシックブルース,4.0,4.0,栗原大河,55.0,,2.0,3.0,金沢,2歳新馬,1:36.0,1.8,曇,,,,,,,,,,,,,,,,,,,,,,,,,,,,,3.8,2.0,,nar,2026-09-21,44.04,49.9,42.2,36.3,40.6,41.7,48.8,履歴少 / サンプル少
202646092104,2026-09-21,4,リュウノガッパオ,8.0,7.0,鈴木太一,55.0,,9.0,6.0,金沢,熊本地震被災者支援ク(2歳),1:37.4,2.9,曇,6.0,6.0,金沢,2歳2,1:36.6,1.9,晴,4.0,3.0,金沢,2歳3,1:37.2,1.8,曇,3.0,3.0,金沢,猫月めいちゃん誕生日(2歳),1:36.6,0.4,曇,7.0,5.0,金沢,2歳2,1:38.6,3.4,曇,71.8,9.0,,nar,2026-09-21,45.2,58.5,40.8,34.3,26.0,48.7,49.6,履歴少
202655092104,2026-09-21,4,ルクスメンデス,5.0,5.0,竹吉徹,56.0,,1.0,1.0,佐賀,サルスベリ賞,1:29.7,-0.7,晴,1.0,1.0,佐賀,クレオメ賞(B),1:31.3,-0.4,晴,9.0,10.0,2福島1,いわき特別(2勝クラス),1:46.3,2.0,晴,1.0,9.0,川崎,ジューンスター賞(B2B3),1:35.9,-0.2,晴,,10.0,1小倉12,障害4歳以上未勝利,,,晴,1.1,1.0,,nar,2026-09-21,68.95,85.9,60.7,69.9,66.0,57.7,59.5,佐賀実績 / 履歴少 / 近走上向き / 安定感
202665092104,2026-09-21,4,レガシーブラック,9.0,8.0,西謙一,510.0,,,,,,,,,,,,,,,,,,,,,,,,,,,,,,,,,,,,,,,,nar,2026-09-21,36.0,35.0,35.0,35.0,35.0,35.0,45.0,履歴少
202655092105,2026-09-21,5,オーロクリューソス,6.0,6.0,石川慎将,54.0,,4.0,5.0,佐賀,C2ー19組,1:26.3,2.3,曇,1.0,4.0,佐賀,C2ー28組,1:34.0,-0.9,晴,6.0,7.0,金沢,加賀九谷賞(3歳牝馬),1:41.7,3.0,曇,12.0,13.0,1新潟3,3歳未勝利,1:15.6,2.7,晴,,,,,,,,18.0,6.0,,nar,2026-09-21,63.52,68.7,60.9,55.3,64.0,67.1,59.5,佐賀実績 / 履歴少 / 過小評価傾向 / 市場オッズ妙味
202646092105,2026-09-21,5,カガノジュエル,8.0,7.0,望月洵輝,55.0,,4.0,5.0,金沢,熊本地震被災者支援竜(2歳),1:34.3,0.5,曇,6.0,2.0,金沢,優翔&香菜子結婚記念(2歳),1:37.1,2.0,曇,2.0,1.0,金沢,スーパードリーム2歳,0:58.8,0.9,曇,,,,,,,,,,,,,,,48.9,6.0,,nar,2026-09-21,55.67,74.9,41.7,50.2,50.0,52.0,54.0,金沢実績 / 履歴少 / 市場オッズ妙味
202655092105,2026-09-21,5,カドバンダッシュツ,9.0,7.0,後藤武蔵,53.0,,12.0,9.0,佐賀,C2ー17組,1:37.8,4.7,曇,11.0,6.0,佐賀,C2ー16組,1:36.4,4.4,曇,8.0,3.0,佐賀,3歳ー5組,1:34.5,1.4,晴,4.0,4.0,佐賀,3歳ー5組,1:32.8,0.4,小雨,6.0,3.0,佐賀,UMATENA賞(3歳),1:26.4,1.3,晴,149.7,10.0,,nar,2026-09-21,30.52,34.6,25.8,14.6,21.5,40.5,46.3,履歴少
202655092105,2026-09-21,5,カフジマリボー,4.0,4.0,山田義貴,56.0,,3.0,4.0,佐賀,C2ー19組,1:26.2,2.2,曇,9.0,13.0,2小倉8,3歳未勝利,2:02.7,1.8,晴,8.0,14.0,3阪神6,3歳未勝利,1:55.2,2.6,晴,9.0,4.0,1新潟6,3歳未勝利,1:58.1,3.2,晴,4.0,15.0,3京都1,3歳未勝利,1:55.1,1.1,晴,2.1,1.0,,nar,2026-09-21,60.74,56.3,70.3,40.7,77.0,64.2,50.0,前走人気以上 / 人気以上に走る傾向 / 近走上向き
202646092105,2026-09-21,5,カメリアブラン,4.0,4.0,中島龍也,55.0,,6.0,3.0,金沢,熊本地震被災者支援竜(2歳),1:34.6,0.8,曇,2.0,2.0,金沢,2歳2,1:35.0,0.3,晴,2.0,2.0,金沢,けんご&あすか結婚記(2歳),1:35.8,0.3,曇,4.0,4.0,金沢,2歳2,1:36.8,1.6,曇,3.0,3.0,金沢,2歳新馬,0:59.8,2.1,曇,56.8,7.0,,nar,2026-09-21,57.47,79.1,43.6,69.6,30.5,51.5,56.2,金沢実績 / 履歴少 / 安定感
202646092105,2026-09-21,5,キミトヒカレ,5.0,5.0,加藤翔馬,55.0,,3.0,2.0,金沢,熊本地震被災者支援竜(2歳),1:34.3,0.5,曇,1.0,2.0,金沢,2歳3,1:35.0,-0.2,晴,3.0,2.0,金沢,2歳3,1:36.9,1.5,曇,8.0,6.0,門別,2歳未勝利,1:44.4,2.8,晴,10.0,9.0,門別,2歳牝馬未勝利,1:04.9,2.8,曇,35.7,4.0,,nar,2026-09-21,62.57,76.4,45.5,75.1,65.0,53.7,59.5,金沢実績 / 履歴少 / 近走上向き / 安定感
202636092105,2026-09-21,5,キミノスキナアイス,7.0,7.0,山本政聡,54.0,,1.0,1.0,盛岡,2歳,1:29.5,-0.1,曇,4.0,3.0,盛岡,2歳,1:30.2,0.5,晴,9.0,3.0,盛岡,若鮎賞(重賞),1:44.3,4.0,小雨,7.0,6.0,盛岡,岩手デビュー限定競走(2歳),1:43.1,2.6,小雨,3.0,3.0,盛岡,ファーストステップ2(2歳),0:59.8,0.1,晴,2.7,2.0,,nar,2026-09-21,58.74,72.7,38.9,65.7,78.5,49.0,48.8,履歴少 / 近走上向き / 安定感
202655092105,2026-09-21,5,クインズヒマワリ,10.0,8.0,山口勲,54.0,,6.0,3.0,佐賀,C2ー18組,1:34.8,2.1,曇,1.0,1.0,佐賀,C2ー26組,1:27.8,-0.1,晴,3.0,8.0,佐賀,SAGAリベンジャー(3歳),1:33.4,1.8,晴,15.0,16.0,3東京1,3歳未勝利,1:29.8,3.9,晴,14.0,16.0,1福島4,3歳未勝利,1:10.8,1.8,晴,7.0,3.0,,nar,2026-09-21,56.36,59.8,53.0,44.7,63.5,61.5,53.1,佐賀実績 / 前走人気以上
202665092105,2026-09-21,5,サカノダンスクイン,2.0,2.0,船山蔵人,500.0,,,,,,,,,,,,,,,,,,,,,,,,,,,,,,,,,,,,,,,,nar,2026-09-21,36.18,35.0,35.0,35.0,35.0,35.0,46.8,履歴少
202636092105,2026-09-21,5,サザンオーヴィル,2.0,2.0,鈴木祐,55.0,,5.0,7.0,盛岡,2歳,1:28.8,1.4,晴,4.0,5.0,水沢,2歳,1:26.5,1.7,晴,4.0,3.0,水沢,2歳,1:27.1,1.5,晴,2.0,5.0,盛岡,ファーストステップ2(2歳),1:01.4,0.4,晴,,,,,,,,34.1,8.0,,nar,2026-09-21,65.26,75.9,58.6,89.7,40.0,60.4,59.5,水沢実績 / 履歴少 / 安定感 / 市場オッズ妙味
202655092105,2026-09-21,5,サンマルヴァレー,2.0,2.0,椿聡太,51.0,,9.0,4.0,佐賀,SAGAリベンジャー(C2),1:35.3,3.9,曇,1.0,1.0,佐賀,C2ー17組,1:32.9,-0.4,晴,4.0,3.0,佐賀,C2ー14組,1:26.7,1.1,曇,18.0,18.0,2東京9,4歳以上1勝クラス,1:34.6,2.3,曇,15.0,18.0,1小倉12,4歳以上1勝クラス,1:10.4,2.0,晴,15.5,5.0,,nar,2026-09-21,49.28,50.9,40.1,44.7,53.0,59.7,53.1,佐賀実績 / 市場オッズ妙味
202646092105,2026-09-21,5,ショウガドマンナカ,7.0,7.0,魚住謙心,55.0,,5.0,6.0,金沢,熊本地震被災者支援竜(2歳),1:34.5,0.7,曇,3.0,1.0,金沢,2歳2,1:35.2,0.5,晴,4.0,5.0,金沢,優翔&香菜子結婚記念(2歳),1:35.9,0.8,曇,5.0,4.0,金沢,文月特別(2歳),1:38.1,2.8,曇,2.0,2.0,金沢,2歳新馬,0:57.9,0.2,曇,60.0,8.0,,nar,2026-09-21,63.32,76.0,49.0,100.0,41.0,52.9,59.5,金沢実績 / 履歴少 / 安定感
202665092105,2026-09-21,5,シンザンミハル,9.0,8.0,阿部武臣,500.0,,,,,,,,,,,,,,,,,,,,,,,,,,,,,,,,,,,,,,,,nar,2026-09-21,36.0,35.0,35.0,35.0,35.0,35.0,45.0,履歴少
202665092105,2026-09-21,5,ジェットクイーン,5.0,5.0,菊池一樹,500.0,,,,,,,,,,,,,,,,,,,,,,,,,,,,,,,,,,,,,,,,nar,2026-09-21,36.0,35.0,35.0,35.0,35.0,35.0,45.0,履歴少
202646092105,2026-09-21,5,スターワンフジサン,1.0,1.0,浅野登生,53.0,,3.0,2.0,金沢,紫陽花特別(2歳),1:36.5,1.9,曇,4.0,4.0,金沢,スーパードリーム2歳,0:59.0,2.3,曇,,,,,,,,,,,,,,,,,,,,,,82.7,9.0,,nar,2026-09-21,52.4,62.2,43.4,48.4,48.8,49.7,59.5,金沢実績 / 履歴少 / サンプル少
202636092105,2026-09-21,5,ソルシート,8.0,8.0,小林凌,54.0,,1.0,4.0,水沢,2歳,1:30.5,-0.8,雨,9.0,9.0,盛岡,2歳,1:31.8,2.1,晴,6.0,5.0,盛岡,2歳,1:30.2,1.6,曇,6.0,3.0,盛岡,2歳,1:16.7,2.1,晴,3.0,4.0,水沢,ファーストステップ2(2歳),0:51.9,0.6,晴,12.1,5.0,,nar,2026-09-21,60.78,68.7,52.7,40.7,80.0,60.6,59.5,水沢実績 / 前走人気以上 / 履歴少 / 近走上向き
202646092105,2026-09-21,5,タムタミ,9.0,8.0,栗原大河,55.0,,7.0,1.0,金沢,熊本地震被災者支援竜(2歳),1:35.4,1.6,曇,1.0,1.0,金沢,2歳3,1:35.4,-1.1,曇,3.0,1.0,金沢,2歳新馬,0:57.7,0.3,曇,,,,,,,,,,,,,,,11.5,3.0,,nar,2026-09-21,48.82,76.4,29.3,44.7,20.0,51.7,54.0,金沢実績 / 履歴少
202655092105,2026-09-21,5,ダノンポセイドン,1.0,1.0,青海大樹,55.0,,4.0,5.0,佐賀,SAGAリベンジャー(C2),1:34.1,1.4,曇,9.0,2.0,佐賀,サガデーナイト競馬賞(C2),1:34.8,1.5,曇,2.0,3.0,佐賀,C2ー11組,1:31.6,0.0,雨,5.0,7.0,佐賀,C2ー11組,1:33.3,1.3,小雨,11.0,3.0,佐賀,C2ー11組,1:41.1,7.9,晴,50.9,8.0,,nar,2026-09-21,53.96,62.2,37.6,64.7,66.5,46.4,52.9,佐賀実績 / 履歴少 / 近走上向き / 安定感
202665092105,2026-09-21,5,トト,7.0,7.0,長澤幸太,520.0,,,,,,,,,,,,,,,,,,,,,,,,,,,,,,,,,,,,,,,,nar,2026-09-21,36.0,35.0,35.0,35.0,35.0,35.0,45.0,履歴少
202655092105,2026-09-21,5,ノーブルホライズン,5.0,5.0,山下裕貴,56.0,,9.0,4.0,佐賀,C2ー18組,1:36.3,3.6,曇,1.0,2.0,佐賀,C2ー25組,1:27.1,-0.6,曇,6.0,5.0,佐賀,3歳ー9組,1:33.7,3.1,晴,2.0,4.0,佐賀,SAGAリベンジャー(3歳),1:27.1,0.2,曇,8.0,2.0,佐賀,SAGAリベンジャー(3歳),1:34.4,2.4,晴,31.9,7.0,,nar,2026-09-21,46.59,65.7,37.4,39.5,21.5,48.9,50.5,市場オッズ妙味
202655092105,2026-09-21,5,ハクアイライジン,8.0,7.0,竹吉徹,56.0,,11.0,10.0,佐賀,C2ー18組,1:37.5,4.8,曇,11.0,10.0,佐賀,SAGAリベンジャー(C2),1:35.9,4.5,曇,10.0,10.0,佐賀,古伊万里特別(3歳),2:00.2,3.4,晴,5.0,9.0,佐賀,3歳ー4組,1:32.6,1.0,雨,9.0,5.0,佐賀,パッカルくんのおとし(3歳),1:27.0,1.9,晴,107.5,9.0,,nar,2026-09-21,37.53,30.2,47.3,14.6,36.5,49.6,46.3,履歴少
202665092105,2026-09-21,5,ハゴロモトレジャー,10.0,8.0,鈴木恵介,520.0,,,,,,,,,,,,,,,,,,,,,,,,,,,,,,,,,,,,,,,,nar,2026-09-21,36.0,35.0,35.0,35.0,35.0,35.0,45.0,履歴少
202646092105,2026-09-21,5,ビーザファースト,2.0,2.0,青柳正義,55.0,,1.0,1.0,金沢,2歳新馬,1:34.2,-1.8,曇,,,,,,,,,,,,,,,,,,,,,,,,,,,,,1.7,1.0,,nar,2026-09-21,44.01,51.6,40.6,36.3,40.6,40.6,48.8,履歴少 / サンプル少
202646092105,2026-09-21,5,ピカイチ,10.0,8.0,平瀬城久,56.0,,8.0,9.0,金沢,熊本地震被災者支援竜(2歳),1:35.5,1.7,曇,6.0,6.0,金沢,楽天競馬で馬券を買お(2歳),1:36.9,3.8,晴,5.0,7.0,金沢,くろゆり賞(2歳),1:37.2,3.9,曇,4.0,5.0,金沢,文月特別(2歳),1:37.4,2.1,曇,5.0,5.0,金沢,麦雨特別(2歳),1:37.4,2.4,曇,325.8,10.0,,nar,2026-09-21,52.53,59.9,55.9,44.7,32.0,56.1,52.9,金沢実績 / 履歴少
202636092105,2026-09-21,5,ファイトレーヴ,3.0,3.0,山本聡哉,57.0,,6.0,1.0,盛岡,2歳,1:30.2,1.7,曇,10.0,8.0,門別,JRA認定競走ウィナ(OP)(2歳),1:56.5,5.0,曇,6.0,1.0,門別,スフェーン特別(OP)(2歳),1:16.3,1.3,曇,1.0,1.0,門別,JRA認定競走フレッ(2歳),1:08.1,-0.9,晴,,,門別,JRA認定競走フレッ(2歳),,,晴,2.5,1.0,,nar,2026-09-21,41.23,57.6,26.5,14.6,48.0,43.2,51.8,クラス条件好転 / 履歴少
202636092105,2026-09-21,5,フミタツアクション,9.0,8.0,阿部英俊,55.0,,5.0,3.0,水沢,2歳,1:32.2,2.1,曇,3.0,4.0,盛岡,2歳,1:28.8,0.3,曇,2.0,6.0,盛岡,2歳,1:29.8,0.1,晴,3.0,4.0,盛岡,2歳,1:29.1,0.5,曇,4.0,6.0,水沢,ファーストステップ2(2歳),0:52.0,0.7,晴,19.9,6.0,,nar,2026-09-21,67.46,79.9,55.5,100.0,38.0,66.1,59.5,水沢実績 / 履歴少 / 安定感 / 過小評価傾向
202655092105,2026-09-21,5,フランシーヌ,7.0,6.0,川島拓,54.0,,2.0,3.0,佐賀,第5回BAOO優駿(C2),1:26.7,0.0,小雨,7.0,10.0,佐賀,一発逆転ファイナルレ,1:33.1,3.1,曇,2.0,2.0,佐賀,SAGAリベンジャー(3歳),1:32.9,1.2,曇,3.0,3.0,佐賀,3歳ー8組,1:24.7,0.4,雨,2.0,6.0,佐賀,3歳ー10組,1:24.7,0.2,晴,8.8,4.0,,nar,2026-09-21,67.66,80.9,60.3,75.1,59.0,64.5,54.5,佐賀実績 / 安定感
202636092105,2026-09-21,5,マイマホウジン,4.0,4.0,村上忍,55.0,,6.0,7.0,水沢,2歳,1:33.3,3.2,曇,4.0,9.0,盛岡,2歳,1:29.0,0.5,曇,10.0,11.0,盛岡,岩手デビュー限定競走(2歳),1:30.8,3.2,晴,6.0,6.0,盛岡,2歳,1:31.3,4.6,曇,6.0,7.0,盛岡,2歳,1:29.0,2.0,曇,44.8,9.0,,nar,2026-09-21,53.87,57.7,63.0,24.9,53.0,59.9,48.8,履歴少 / 市場オッズ妙味
202665092105,2026-09-21,5,マオノソレイユ,8.0,7.0,阿部優哉,520.0,,,,,,,,,,,,,,,,,,,,,,,,,,,,,,,,,,,,,,,,nar,2026-09-21,36.0,35.0,35.0,35.0,35.0,35.0,45.0,履歴少
202636092105,2026-09-21,5,マナラニアケア,5.0,5.0,高松亮,55.0,,1.0,1.0,水沢,2歳,1:24.9,-0.9,雨,3.0,5.0,盛岡,2歳,1:15.2,0.2,曇,8.0,10.0,門別,2歳未勝利,1:04.6,2.5,曇,10.0,8.0,門別,2歳未勝利,1:12.3,4.9,晴,5.0,9.0,門別,2歳未勝利,1:11.2,1.4,曇,8.7,4.0,,nar,2026-09-21,65.3,71.1,57.1,65.7,83.0,63.1,50.0,近走上向き / 安定感
202646092105,2026-09-21,5,ムーンオブグリット,3.0,3.0,松戸政也,56.0,,1.0,1.0,門別,JRA認定競走アタッ(2歳),1:08.6,-0.4,曇,2.0,1.0,門別,JRA認定競走フレッ(2歳),1:09.3,0.4,曇,,,,,,,,,,,,,,,,,,,,,,2.2,2.0,,nar,2026-09-21,53.87,71.0,43.8,48.4,48.8,49.5,48.8,履歴少 / サンプル少
202665092105,2026-09-21,5,メオトコトブキ,1.0,1.0,西将太,520.0,,,,,,,,,,,,,,,,,,,,,,,,,,,,,,,,,,,,,,,,nar,2026-09-21,36.18,35.0,35.0,35.0,35.0,35.0,46.8,履歴少 / 前走人気以上
202665092105,2026-09-21,5,ヤマトリュウ,6.0,6.0,今井千尋,500.0,,,,,,,,,,,,,,,,,,,,,,,,,,,,,,,,,,,,,,,,nar,2026-09-21,36.18,35.0,35.0,35.0,35.0,35.0,46.8,履歴少
202636092105,2026-09-21,5,ユウユウジュレップ,6.0,6.0,佐々木志,54.0,,3.0,5.0,水沢,2歳,1:31.6,2.0,雨,10.0,10.0,盛岡,ジュニアグランプリ(重賞),1:42.5,2.0,曇,3.0,5.0,盛岡,2歳,1:30.1,0.4,晴,3.0,4.0,盛岡,2歳,1:28.5,1.5,曇,6.0,6.0,盛岡,2歳,1:28.9,1.5,晴,22.6,7.0,,nar,2026-09-21,61.93,67.6,58.0,64.7,65.0,59.5,51.8,クラス条件好転 / 履歴少 / 近走上向き / 安定感
202665092105,2026-09-21,5,ヨーコ,3.0,3.0,中村太陽,500.0,,,,,,,,,,,,,,,,,,,,,,,,,,,,,,,,,,,,,,,,nar,2026-09-21,36.0,35.0,35.0,35.0,35.0,35.0,45.0,履歴少
202636092105,2026-09-21,5,リュウノジェット,1.0,1.0,塚本涼人,57.0,,6.0,10.0,門別,ブリーダーズゴールド(重賞),1:52.3,1.9,晴,8.0,10.0,門別,JRA認定競走ウィナ(OP)(2歳),1:53.6,2.1,曇,8.0,8.0,門別,JRA認定競走ターフ(OP)(2歳),1:56.7,3.5,曇,1.0,2.0,門別,JRA認定競走アタッ(2歳),1:54.2,-0.6,曇,4.0,5.0,門別,JRA認定競走フレッ(2歳),1:16.8,0.9,雨,7.7,3.0,,nar,2026-09-21,54.16,60.3,63.7,24.9,45.5,61.7,48.8,前走人気以上 / 履歴少
202646092105,2026-09-21,5,ルビーオーシャン,6.0,6.0,田知弘久,56.0,,2.0,7.0,金沢,熊本地震被災者支援竜(2歳),1:34.1,0.3,曇,5.0,4.0,金沢,2歳2,1:35.6,0.9,晴,2.0,4.0,金沢,優翔&香菜子結婚記念(2歳),1:35.8,0.7,曇,3.0,3.0,金沢,けんご&あすか結婚記(2歳),1:36.9,1.4,曇,5.0,5.0,大井,2歳 新馬,1:18.5,4.8,曇,38.2,5.0,,nar,2026-09-21,71.5,82.4,61.7,100.0,60.5,60.2,59.5,金沢実績 / 前走人気以上 / 履歴少 / 安定感
202655092105,2026-09-21,5,レインボーサークル,11.0,8.0,長谷川蓮,56.0,,10.0,10.0,佐賀,C2ー17組,1:37.0,3.9,曇,7.0,4.0,佐賀,C2ー16組,1:33.8,1.8,曇,8.0,10.0,佐賀,C2ー8組,1:27.5,1.7,晴,8.0,7.0,佐賀,C2ー7組,1:27.1,1.7,曇,7.0,4.0,佐賀,C2ー8組,1:27.2,1.7,曇,160.8,11.0,,nar,2026-09-21,37.64,42.0,44.3,0.0,35.0,47.7,43.8,履歴少
202665092105,2026-09-21,5,ロキノクラン,4.0,4.0,大友一馬,500.0,,,,,,,,,,,,,,,,,,,,,,,,,,,,,,,,,,,,,,,,nar,2026-09-21,36.0,35.0,35.0,35.0,35.0,35.0,45.0,履歴少
202655092105,2026-09-21,5,ヴァンロゼ,3.0,3.0,出水拓人,54.0,,1.0,3.0,佐賀,リベンジ西村弥菜美今(C2),1:32.4,-0.4,晴,8.0,4.0,佐賀,一発逆転ファイナルレ,1:34.1,3.0,晴,2.0,1.0,佐賀,SAGAリベンジャー(3歳),1:32.7,1.1,晴,11.0,11.0,3阪神2,3歳未勝利,1:27.4,2.5,雨,12.0,15.0,2阪神2,3歳未勝利,1:27.8,1.7,晴,3.0,2.0,,nar,2026-09-21,59.58,63.7,48.1,50.2,93.5,54.7,53.1,佐賀実績 / 近走上向き
202655092106,2026-09-21,6,アラバンサ,11.0,8.0,竹吉徹,56.0,,3.0,2.0,金沢,B25,1:33.5,1.2,晴,1.0,1.0,金沢,つばさ&ひかるバース(C1),1:33.0,-0.2,曇,1.0,2.0,金沢,C26,1:33.7,-0.5,晴,3.0,2.0,金沢,都凪リリーデビュー2(C2),1:40.7,0.8,晴,2.0,1.0,金沢,大杉拓也遥結婚記念レ(C2),1:43.4,0.4,晴,4.1,2.0,,nar,2026-09-21,66.79,92.0,47.5,100.0,42.5,54.7,48.8,履歴少 / 安定感
202655092106,2026-09-21,6,アーバンキング,3.0,3.0,山田義貴,56.0,,1.0,2.0,佐賀,1月9日はさがけいば(C2),1:33.4,-0.3,晴,6.0,3.0,園田,C3二,1:34.9,2.8,晴,4.0,3.0,園田,C3三,1:34.9,0.9,晴,4.0,5.0,園田,C3二,1:34.1,0.7,晴,5.0,5.0,園田,C3二,1:34.1,0.7,曇,4.5,4.0,,nar,2026-09-21,63.44,78.5,46.5,75.1,72.5,55.1,48.8,履歴少 / 近走上向き / 安定感
202665092106,2026-09-21,6,イワキハルヒメ,1.0,1.0,赤塚健仁,590.0,,,,,,,,,,,,,,,,,,,,,,,,,,,,,,,,,,,,,,,,nar,2026-09-21,36.18,35.0,35.0,35.0,35.0,35.0,46.8,履歴少
202665092106,2026-09-21,6,イワキロマン,9.0,8.0,菊池一樹,590.0,,,,,,,,,,,,,,,,,,,,,,,,,,,,,,,,,,,,,,,,nar,2026-09-21,36.18,35.0,35.0,35.0,35.0,35.0,46.8,履歴少
202655092106,2026-09-21,6,キラリチャン,5.0,5.0,椿聡太,51.0,,7.0,4.0,佐賀,C2ー17組,1:35.5,2.4,曇,4.0,9.0,佐賀,SAGAリベンジャー(C2),1:32.9,1.5,曇,6.0,5.0,佐賀,3歳ー5組,1:34.2,1.1,晴,9.0,7.0,名古屋,3歳8組,1:39.1,2.9,晴,6.0,10.0,名古屋,3歳6組,1:38.2,1.6,小雨,22.6,6.0,,nar,2026-09-21,49.92,58.1,51.8,24.9,45.5,56.7,48.5,履歴少 / 市場オッズ妙味
202655092106,2026-09-21,6,キリシマコトブキ,1.0,1.0,小松丈二,54.0,,8.0,12.0,佐賀,C2ー17組,1:36.4,3.3,曇,10.0,11.0,佐賀,C2ー16組,1:35.4,3.4,曇,6.0,6.0,佐賀,C2ー16組,1:34.3,3.3,晴,6.0,5.0,佐賀,C2ー13組,1:28.0,2.6,曇,5.0,6.0,佐賀,C2ー13組,1:27.5,3.6,晴,235.8,12.0,,nar,2026-09-21,46.69,48.0,60.0,10.3,42.5,54.8,48.5,前走人気以上
202655092106,2026-09-21,6,クラウンマカナ,12.0,8.0,長谷川蓮,56.0,,5.0,7.0,佐賀,C2ー18組,1:34.6,1.9,曇,5.0,7.0,佐賀,サガデーナイト競馬賞(C2),1:34.3,1.0,曇,8.0,7.0,佐賀,SAGAリベンジャー(C2),1:34.2,1.7,晴,5.0,4.0,佐賀,C2ー8組,1:26.2,0.3,曇,8.0,5.0,佐賀,SAGAリベンジャー(C2),1:33.4,1.5,曇,19.7,5.0,,nar,2026-09-21,59.16,60.8,53.2,69.9,59.0,61.6,52.9,佐賀実績 / 履歴少 / 安定感 / 市場オッズ妙味
202655092106,2026-09-21,6,クーレスト,7.0,6.0,川島拓,56.0,,11.0,5.0,佐賀,C2ー17組,1:37.3,4.2,曇,8.0,3.0,佐賀,C2ー16組,1:34.5,2.5,曇,2.0,4.0,佐賀,3歳ー5組,1:33.7,0.6,晴,2.0,2.0,佐賀,3歳ー6組,1:33.1,0.7,小雨,3.0,4.0,佐賀,3歳ー7組,1:33.6,1.0,曇,41.7,8.0,,nar,2026-09-21,42.31,57.3,32.0,44.7,6.5,51.1,52.9,佐賀実績 / 履歴少 / 市場オッズ妙味
202636092106,2026-09-21,6,グランヴァルール,9.0,8.0,山本聡哉,54.0,,8.0,5.0,水沢,C1,0:51.9,1.2,曇,6.0,7.0,金沢,油断大敵水分補給を忘(B2),1:41.6,1.6,晴,8.0,5.0,金沢,B25,1:34.4,2.2,曇,5.0,4.0,金沢,B24,1:34.6,2.2,晴,4.0,2.0,金沢,B24,1:36.0,1.6,晴,9.2,4.0,,nar,2026-09-21,44.45,54.8,38.7,24.9,36.5,51.9,51.8,クラス条件好転 / 履歴少
202636092106,2026-09-21,6,グレコ,7.0,7.0,関本玲花,52.0,,7.0,7.0,水沢,C1,0:52.0,1.1,小雨,2.0,3.0,盛岡,いつでもどこでも!楽(C1),1:14.0,0.0,曇,3.0,4.0,盛岡,C1,1:00.6,0.6,曇,7.0,6.0,盛岡,C1,1:14.3,0.7,晴,8.0,4.0,盛岡,純米ニトロ7周年記念(C1),1:01.3,1.8,曇,12.7,9.0,,nar,2026-09-21,54.16,67.5,49.2,44.7,38.0,61.0,50.0,市場オッズ妙味
202646092106,2026-09-21,6,ケーズグロリア,2.0,2.0,青柳正義,56.0,,6.0,7.0,金沢,石川テレビ杯【ネクス(重賞),1:34.0,2.0,曇,4.0,1.0,金沢,くろゆり賞(2歳),1:35.5,2.2,曇,2.0,6.0,金沢,JRA認定競走スフェ(2歳),1:34.4,0.3,曇,1.0,2.0,金沢,2歳2,1:35.2,-0.1,曇,3.0,2.0,金沢,2歳新馬,0:57.7,0.5,曇,11.2,2.0,,nar,2026-09-21,60.74,78.6,52.7,69.6,29.0,61.6,56.2,金沢実績 / 履歴少 / 安定感
202655092106,2026-09-21,6,コンバットパリス,6.0,5.0,出水拓人,56.0,,9.0,11.0,佐賀,C2ー17組,1:36.5,3.4,曇,9.0,10.0,佐賀,C2ー16組,1:34.6,2.6,曇,5.0,7.0,佐賀,3歳ー5組,1:34.0,0.9,晴,8.0,9.0,佐賀,3歳ー5組,1:34.2,1.8,小雨,5.0,7.0,佐賀,UMATENA賞(3歳),1:26.4,1.3,晴,142.8,11.0,,nar,2026-09-21,48.7,46.8,61.2,30.1,36.5,56.8,49.6,履歴少
202646092106,2026-09-21,6,サンエイヴェスタ,4.0,4.0,田知弘久,55.0,,4.0,5.0,金沢,楽天競馬で馬券を買お(2歳),1:35.4,2.3,晴,7.0,3.0,金沢,くろゆり賞(2歳),1:39.2,5.9,曇,1.0,3.0,金沢,2歳新馬,0:57.4,-0.1,曇,,,金沢,2歳新馬,,,曇,,,,,,,,33.1,5.0,,nar,2026-09-21,57.3,74.3,47.2,50.2,50.0,55.2,54.0,金沢実績 / 履歴少 / 市場オッズ妙味
202636092106,2026-09-21,6,サンマルセレッソ,6.0,6.0,高橋悠里,54.0,,12.0,10.0,盛岡,B2,1:01.0,1.8,雨,10.0,7.0,盛岡,B2,1:14.9,2.6,晴,5.0,6.0,水沢,B2,0:51.7,0.4,曇,1.0,5.0,水沢,B2,0:52.2,-0.1,晴,6.0,8.0,盛岡,B2,1:00.7,0.5,晴,9.7,5.0,,nar,2026-09-21,43.12,44.9,47.4,34.3,11.0,55.7,59.5,水沢実績 / 履歴少
202665092106,2026-09-21,6,ザッチカラ,6.0,6.0,島津新,610.0,,,,,,,,,,,,,,,,,,,,,,,,,,,,,,,,,,,,,,,,nar,2026-09-21,36.18,35.0,35.0,35.0,35.0,35.0,46.8,履歴少
202665092106,2026-09-21,6,シオン,10.0,8.0,西謙一,590.0,,,,,,,,,,,,,,,,,,,,,,,,,,,,,,,,,,,,,,,,nar,2026-09-21,36.0,35.0,35.0,35.0,35.0,35.0,45.0,履歴少
202636092106,2026-09-21,6,ショウリュウテン,10.0,8.0,村上忍,56.0,,8.0,6.0,水沢,C2,0:52.0,1.4,雨,2.0,7.0,盛岡,C2,1:00.9,0.9,曇,4.0,1.0,盛岡,C2,1:01.4,1.5,曇,5.0,10.0,盛岡,C2,1:01.2,0.9,晴,11.0,6.0,盛岡,C2,1:02.5,1.9,曇,10.8,6.0,,nar,2026-09-21,54.77,63.3,51.8,59.3,35.0,60.1,48.8,履歴少
202646092106,2026-09-21,6,ジーティーエナジー,1.0,1.0,松戸政也,55.0,,7.0,9.0,金沢,石川テレビ杯【ネクス(重賞),1:34.2,2.2,曇,3.0,4.0,金沢,楽天競馬で馬券を買お(2歳),1:34.4,1.3,晴,1.0,1.0,金沢,けんご&あすか結婚記(2歳),1:35.5,-0.3,曇,3.0,3.0,金沢,2歳2,1:35.5,0.3,曇,3.0,3.0,金沢,2歳2,1:37.0,1.8,曇,23.0,3.0,,nar,2026-09-21,60.01,77.4,56.0,69.6,23.0,58.2,56.2,金沢実績 / 履歴少 / 安定感 / 市場オッズ妙味
202636092106,2026-09-21,6,スリアント,3.0,3.0,山本聡紀,54.0,,9.0,2.0,水沢,C2,0:52.0,1.4,雨,2.0,4.0,水沢,C1,0:51.0,0.1,曇,8.0,4.0,水沢,C1,0:51.5,1.0,曇,6.0,2.0,盛岡,C1,1:01.6,0.7,小雨,10.0,5.0,盛岡,C1,1:16.5,3.2,曇,5.0,3.0,,nar,2026-09-21,39.39,54.2,25.4,24.9,35.0,43.4,48.5,履歴少
202636092106,2026-09-21,6,タイセイフェスタ,5.0,5.0,高松亮,56.0,,4.0,7.0,水沢,B1,0:50.8,0.9,雨,9.0,1.0,盛岡,B1,1:13.7,1.4,曇,2.0,3.0,盛岡,B1,0:59.6,0.6,曇,2.0,2.0,盛岡,B1,1:12.5,0.0,曇,3.0,2.0,盛岡,オーキッド賞(B1),1:24.9,0.9,曇,4.0,1.0,,nar,2026-09-21,57.85,72.4,43.1,75.1,50.0,52.7,48.8,前走人気以上 / 履歴少 / 安定感
202665092106,2026-09-21,6,ツガルファイター,5.0,5.0,鈴木恵介,590.0,,,,,,,,,,,,,,,,,,,,,,,,,,,,,,,,,,,,,,,,nar,2026-09-21,36.0,35.0,35.0,35.0,35.0,35.0,45.0,履歴少
202665092106,2026-09-21,6,テツオ,8.0,7.0,今井千尋,600.0,,,,,,,,,,,,,,,,,,,,,,,,,,,,,,,,,,,,,,,,nar,2026-09-21,36.0,35.0,35.0,35.0,35.0,35.0,45.0,履歴少
202665092106,2026-09-21,6,ディースピード,3.0,3.0,長澤幸太,610.0,,,,,,,,,,,,,,,,,,,,,,,,,,,,,,,,,,,,,,,,nar,2026-09-21,36.0,35.0,35.0,35.0,35.0,35.0,45.0,履歴少
202636092106,2026-09-21,6,ネクストレベル,4.0,4.0,斉藤友香,50.0,,8.0,4.0,水沢,B2,0:53.1,1.9,曇,9.0,8.0,盛岡,B1B2混合,1:14.2,2.3,曇,1.0,11.0,盛岡,いわて北緯40度岩手(B2),0:59.9,-0.4,晴,5.0,7.0,盛岡,釜淵の滝賞(B2),1:13.5,2.0,曇,6.0,9.0,盛岡,B1,1:00.5,1.4,曇,12.0,7.0,,nar,2026-09-21,52.21,58.2,57.8,34.3,33.5,64.4,48.8,履歴少 / 市場オッズ妙味
202665092106,2026-09-21,6,ハートエース,2.0,2.0,阿部優哉,610.0,,,,,,,,,,,,,,,,,,,,,,,,,,,,,,,,,,,,,,,,nar,2026-09-21,36.0,35.0,35.0,35.0,35.0,35.0,45.0,履歴少
202646092106,2026-09-21,6,ハートサイン,6.0,6.0,鈴木太一,55.0,,9.0,10.0,金沢,石川テレビ杯【ネクス(重賞),1:34.4,2.4,曇,1.0,5.0,金沢,2歳2,1:34.7,-0.3,晴,2.0,2.0,金沢,猫月めいちゃん誕生日(2歳),1:36.2,0.0,曇,6.0,7.0,金沢,2歳2,1:37.8,2.6,曇,5.0,5.0,金沢,2歳2,1:38.8,3.6,曇,89.8,6.0,,nar,2026-09-21,55.95,69.8,60.1,55.0,17.0,57.4,52.9,金沢実績 / 履歴少
202636092106,2026-09-21,6,ヒガシブレーヴ,1.0,1.0,小林凌,56.0,,2.0,5.0,水沢,C2,0:51.5,0.9,雨,12.0,6.0,盛岡,C2,1:01.5,2.2,晴,1.0,6.0,盛岡,C2,1:00.3,-0.1,晴,4.0,9.0,盛岡,C2,1:01.0,0.4,曇,11.0,7.0,盛岡,C2,1:01.6,1.6,小雨,4.9,2.0,,nar,2026-09-21,61.56,63.9,55.0,64.7,80.0,58.7,48.8,前走人気以上 / 履歴少 / 近走上向き / 安定感
202636092106,2026-09-21,6,フェリアフローレス,2.0,2.0,塚本涼人,54.0,,4.0,9.0,水沢,C1,0:51.2,0.5,曇,9.0,9.0,盛岡,C1,1:14.5,1.4,曇,7.0,10.0,盛岡,いわてくじ山形村短角(B2),1:01.4,1.0,晴,7.0,5.0,盛岡,B2,1:13.7,1.3,曇,10.0,10.0,名古屋,B9組,1:38.5,2.4,晴,12.1,8.0,,nar,2026-09-21,56.31,52.8,62.7,30.4,75.5,63.4,48.8,前走人気以上 / 履歴少 / 近走上向き / 市場オッズ妙味
202655092106,2026-09-21,6,ブキティンギ,10.0,7.0,青海大樹,53.0,,9.0,8.0,笠松,3歳5組,1:35.8,4.9,晴,9.0,10.0,笠松,大衆居酒屋ようちゃん(3歳),1:34.3,2.3,曇,5.0,9.0,笠松,3歳3組,1:33.4,1.2,曇,7.0,6.0,笠松,葛島兄弟生誕38周年(3歳),1:34.6,3.9,晴,8.0,8.0,笠松,鵜沼宿特別(3歳),1:36.0,5.3,雨,65.7,9.0,,nar,2026-09-21,45.21,45.5,54.1,19.8,39.5,53.5,48.8,履歴少
202665092106,2026-09-21,6,ブラックシンバ,7.0,7.0,船山蔵人,610.0,,,,,,,,,,,,,,,,,,,,,,,,,,,,,,,,,,,,,,,,nar,2026-09-21,36.0,35.0,35.0,35.0,35.0,35.0,45.0,履歴少
202646092106,2026-09-21,6,ベラジオクロエ,5.0,5.0,吉原寛人,56.0,,11.0,10.0,門別,フルールカップ〔H3(重賞),1:16.1,2.5,雨,3.0,7.0,門別,スフェーン特別(OP)(2歳),1:15.9,0.9,曇,1.0,2.0,門別,JRA認定競走アタッ(2歳),1:09.3,-0.8,曇,8.0,3.0,門別,JRA認定競走アタッ(2歳),1:10.2,1.3,晴,2.0,3.0,門別,JRA認定競走フレッ(2歳),1:02.2,0.1,曇,1.0,1.0,,nar,2026-09-21,49.08,62.7,51.9,55.0,5.0,50.0,48.8,履歴少
202665092106,2026-09-21,6,ホクセイセンショー,4.0,4.0,金田利貴,610.0,,,,,,,,,,,,,,,,,,,,,,,,,,,,,,,,,,,,,,,,nar,2026-09-21,36.18,35.0,35.0,35.0,35.0,35.0,46.8,履歴少 / 前走人気以上
202655092106,2026-09-21,6,ユクサキタ,4.0,4.0,山下裕貴,54.0,,5.0,7.0,佐賀,C2ー17組,1:35.0,1.9,曇,6.0,8.0,佐賀,C2ー16組,1:33.7,1.7,曇,3.0,6.0,佐賀,C2ー17組,1:33.5,0.6,晴,3.0,6.0,佐賀,SAGAリベンジャー(C2),1:35.6,1.2,曇,4.0,3.0,佐賀,SAGAリベンジャー(C2),2:04.9,1.8,晴,69.9,10.0,,nar,2026-09-21,63.71,72.3,64.2,75.1,44.0,59.4,54.5,佐賀実績 / 前走人気以上 / 安定感
202636092106,2026-09-21,6,ラミアヴィータ,8.0,7.0,坂井瑛音,53.0,,7.0,10.0,水沢,C1,0:51.7,1.0,曇,9.0,10.0,盛岡,オッズパーク賞(C1),1:14.9,1.3,曇,10.0,6.0,盛岡,C1,1:01.3,1.3,曇,12.0,10.0,盛岡,C1,1:01.1,1.5,曇,7.0,5.0,盛岡,C1,1:15.0,1.4,曇,20.1,10.0,,nar,2026-09-21,41.93,37.4,49.1,0.0,65.0,49.1,50.0,前走人気以上 / 近走上向き
202655092106,2026-09-21,6,ラヴェスターレ,8.0,6.0,中山蓮王,54.0,,6.0,6.0,佐賀,C2ー17組,1:35.3,2.2,曇,3.0,6.0,佐賀,3歳ー5組,1:33.8,0.7,晴,3.0,7.0,佐賀,3歳ー5組,1:32.5,0.1,小雨,10.0,9.0,佐賀,3歳ー5組,1:34.8,2.6,晴,3.0,6.0,佐賀,3歳ー6組,1:32.8,1.2,晴,26.5,7.0,,nar,2026-09-21,59.74,68.5,61.9,55.0,42.5,62.1,52.9,佐賀実績 / 履歴少 / 市場オッズ妙味
202646092106,2026-09-21,6,ワタシセナヨ,3.0,3.0,栗原大河,55.0,,8.0,6.0,金沢,石川テレビ杯【ネクス(重賞),1:34.4,2.4,曇,3.0,3.0,金沢,JRA認定競走スフェ(2歳),1:35.3,1.2,曇,1.0,3.0,金沢,2歳新馬,0:57.2,-0.3,曇,,,,,,,,,,,,,,,23.5,4.0,,nar,2026-09-21,52.01,72.0,48.0,44.7,14.0,56.3,54.0,金沢実績 / 履歴少 / 市場オッズ妙味
202655092106,2026-09-21,6,ヴァスキアン,9.0,7.0,加茂飛翔,56.0,,8.0,3.0,名古屋,矢梨賞(C),1:31.9,1.0,晴,7.0,3.0,名古屋,金シャチ最終戦777(C),1:39.5,1.7,晴,8.0,7.0,名古屋,田原特別(C),1:53.1,1.4,晴,7.0,8.0,名古屋,三ヶ根山特別(C),1:38.5,1.8,曇,10.0,8.0,名古屋,"1,400m戦ブラウ(B)",1:32.2,2.0,曇,4.4,3.0,,nar,2026-09-21,37.35,45.5,30.6,0.0,50.0,45.7,48.8,履歴少
202655092106,2026-09-21,6,ヴィジュイイジャン,2.0,2.0,石川慎将,56.0,,2.0,4.0,佐賀,SAGAリベンジャー(C2),1:32.7,0.0,曇,4.0,8.0,佐賀,九州馬主協会☆結☆佐,1:33.8,0.5,晴,9.0,7.0,佐賀,JRA交流大隅特別,1:31.7,3.0,雨,5.0,5.0,佐賀,JRA交流ミヤマキリ(3歳),1:32.0,1.0,曇,1.0,1.0,佐賀,たんぽぽ賞チャレンジ(3歳),1:34.8,-0.2,晴,2.8,1.0,,nar,2026-09-21,66.03,74.3,58.5,80.2,66.5,57.0,56.2,佐賀実績 / 履歴少 / 近走上向き / 安定感
202655092107,2026-09-21,7,アイアムルンルン,1.0,1.0,青海大樹,53.0,,3.0,8.0,佐賀,オッズパーク杯(C1),1:33.1,1.7,小雨,5.0,9.0,佐賀,AIパッカル賞(C1),1:33.1,1.1,晴,9.0,8.0,佐賀,カーネリアン賞(C1),1:33.2,2.1,曇,9.0,8.0,佐賀,サンスベリア賞(C1),1:25.7,2.1,小雨,8.0,6.0,佐賀,C1ー4組,1:33.0,2.7,曇,64.2,6.0,,nar,2026-09-21,60.89,59.4,63.8,55.3,78.5,56.8,49.6,前走人気以上 / 履歴少 / 近走上向き
202665092107,2026-09-21,7,アサヒパレス,3.0,3.0,中村太陽,620.0,,,,,,,,,,,,,,,,,,,,,,,,,,,,,,,,,,,,,,,,nar,2026-09-21,36.18,35.0,35.0,35.0,35.0,35.0,46.8,履歴少
202636092107,2026-09-21,7,アルピナセブン,2.0,2.0,阿部英俊,54.0,,3.0,3.0,盛岡,C1,1:13.0,0.1,曇,3.0,3.0,盛岡,C1,1:00.1,0.5,晴,1.0,2.0,盛岡,C1,1:13.6,-0.1,晴,2.0,3.0,盛岡,C1,1:00.0,0.0,曇,5.0,3.0,盛岡,C1,1:14.6,1.0,晴,8.7,5.0,,nar,2026-09-21,67.48,86.7,51.0,100.0,48.5,59.2,48.8,履歴少 / 安定感
202646092107,2026-09-21,7,カクシン,3.0,3.0,平瀬城久,57.0,,5.0,9.0,金沢,祝ジーケー工業株式会(B2),1:34.4,2.1,晴,4.0,8.0,金沢,智聡&夏生☆結婚半年(B2),1:40.6,2.1,曇,6.0,8.0,金沢,夏野菜でおいしく水分(B2),1:33.3,1.9,晴,10.0,7.0,金沢,B24,1:41.6,1.7,曇,7.0,8.0,金沢,B23,1:42.1,2.5,晴,81.9,9.0,,nar,2026-09-21,59.95,60.9,65.9,55.3,60.5,58.7,49.6,前走人気以上 / 履歴少 / 人気以上に走る傾向
202655092107,2026-09-21,7,カッサンドラ,8.0,7.0,石川慎将,54.0,,6.0,3.0,1札幌6,3歳未勝利,1:00.6,1.6,晴,3.0,1.0,1札幌1,3歳未勝利,0:59.0,0.3,曇,2.0,2.0,1函館8,3歳未勝利,1:00.3,0.7,曇,2.0,7.0,1函館4,3歳未勝利,0:59.5,0.3,小雨,6.0,4.0,1福島6,3歳未勝利,1:11.5,2.8,晴,4.1,2.0,,nar,2026-09-21,55.85,77.0,43.8,59.3,33.5,54.7,50.0,総合評価
202646092107,2026-09-21,7,クリニエールグラス,1.0,1.0,加藤翔馬,55.0,,5.0,7.0,園田,立秋特別A2B1,1:20.9,2.0,晴,7.0,11.0,園田,京都畜産特別A2B1,1:20.2,0.8,晴,7.0,10.0,園田,盛夏特別A2B1,1:20.4,1.1,晴,10.0,4.0,園田,奈良県産はちみつ特別(A2),1:21.1,1.9,雨,18.0,16.0,2新潟6,驀進特別(2勝クラス),0:58.5,2.3,雨,1.9,1.0,,nar,2026-09-21,53.06,48.0,57.8,30.4,83.0,51.9,48.8,履歴少 / 近走上向き
202655092107,2026-09-21,7,ケンタッキーダンス,2.0,2.0,後藤武蔵,51.0,,12.0,9.0,佐賀,一発逆転ファイナルレ,1:36.5,6.5,曇,3.0,12.0,佐賀,カーネリアン賞(C1),1:31.8,0.7,曇,6.0,6.0,佐賀,C1ー4組,1:33.4,1.7,晴,5.0,7.0,佐賀,C1ー4組,1:32.0,1.7,曇,7.0,10.0,佐賀,C1ー4組,1:31.9,0.6,晴,102.4,7.0,,nar,2026-09-21,48.94,51.7,63.5,39.5,9.5,59.8,49.6,履歴少
202665092107,2026-09-21,7,ゲキリンドトウ,5.0,5.0,菅原響希,590.0,,,,,,,,,,,,,,,,,,,,,,,,,,,,,,,,,,,,,,,,nar,2026-09-21,36.18,35.0,35.0,35.0,35.0,35.0,46.8,履歴少
202636092107,2026-09-21,7,ゴージャスレディ,4.0,4.0,南郷家全,54.0,,2.0,2.0,水沢,B2,0:51.7,0.5,曇,8.0,7.0,盛岡,B2,1:27.1,1.2,曇,2.0,5.0,盛岡,いわてくじ山形村短角(B2),1:00.6,0.2,晴,10.0,6.0,笠松,おりひめ特別(B),1:50.1,5.5,曇,1.0,1.0,笠松,B7組,1:45.8,-0.8,雨,11.3,6.0,,nar,2026-09-21,60.36,71.5,48.3,60.5,69.5,59.0,48.8,履歴少 / 近走上向き / 安定感
202665092107,2026-09-21,7,サクセスオーショウ,1.0,1.0,金田利貴,620.0,,,,,,,,,,,,,,,,,,,,,,,,,,,,,,,,,,,,,,,,nar,2026-09-21,36.18,35.0,35.0,35.0,35.0,35.0,46.8,履歴少 / 前走人気以上
202636092107,2026-09-21,7,スカイルーク,8.0,7.0,鈴木祐,57.0,,9.0,8.0,水沢,B2,0:53.1,1.9,曇,5.0,8.0,盛岡,B2,1:13.9,1.8,曇,5.0,6.0,盛岡,いわてくじ山形村短角(B2),1:01.0,0.6,晴,2.0,4.0,盛岡,B2,1:13.0,0.6,曇,10.0,6.0,盛岡,C1,1:00.8,1.2,曇,86.5,10.0,,nar,2026-09-21,52.19,57.6,53.6,59.3,29.0,54.1,50.0,総合評価
202665092107,2026-09-21,7,スズノチカラ,9.0,8.0,長澤幸太,600.0,,,,,,,,,,,,,,,,,,,,,,,,,,,,,,,,,,,,,,,,nar,2026-09-21,36.0,35.0,35.0,35.0,35.0,35.0,45.0,履歴少
202655092107,2026-09-21,7,スマイルフォレスト,5.0,5.0,山口勲,56.0,,5.0,7.0,佐賀,オッズパーク杯(C1),1:33.6,2.2,小雨,,,佐賀,C1ー3組,,,晴,10.0,2.0,佐賀,C1ー4組,1:33.1,2.1,曇,1.0,1.0,佐賀,AIパッカル賞(C1),1:31.2,-0.3,晴,4.0,4.0,佐賀,さがけいば×焼肉ウエ(C1),1:31.8,1.0,晴,20.1,4.0,,nar,2026-09-21,53.34,64.8,40.9,55.3,50.0,51.4,55.3,佐賀実績 / 履歴少 / 市場オッズ妙味
202665092107,2026-09-21,7,スーパーサンセイ,4.0,4.0,鈴木恵介,620.0,,,,,,,,,,,,,,,,,,,,,,,,,,,,,,,,,,,,,,,,nar,2026-09-21,36.0,35.0,35.0,35.0,35.0,35.0,45.0,履歴少
202665092107,2026-09-21,7,ソウゾウノツバサ,6.0,6.0,西将太,620.0,,,,,,,,,,,,,,,,,,,,,,,,,,,,,,,,,,,,,,,,nar,2026-09-21,36.0,35.0,35.0,35.0,35.0,35.0,45.0,履歴少
202636092107,2026-09-21,7,タカマキスリー,5.0,5.0,菅原辰徳,57.0,,12.0,11.0,盛岡,B1,1:15.0,2.7,曇,10.0,10.0,盛岡,B1,1:14.2,2.0,曇,9.0,8.0,盛岡,B1,1:00.2,1.3,曇,11.0,6.0,盛岡,B1,1:15.0,2.4,晴,8.0,6.0,水沢,B1,0:51.7,0.8,晴,65.8,9.0,,nar,2026-09-21,32.03,25.2,39.9,0.0,35.0,45.1,48.8,履歴少
202636092107,2026-09-21,7,タカマキフォー,10.0,8.0,佐々木志,55.0,,1.0,1.0,盛岡,C1,1:13.6,-0.5,曇,2.0,3.0,水沢,B2,0:51.8,0.0,曇,9.0,7.0,盛岡,C1,1:28.9,3.0,曇,2.0,4.0,盛岡,C1,1:13.5,0.3,曇,2.0,10.0,水沢,C1,0:52.2,0.0,曇,7.7,4.0,,nar,2026-09-21,69.87,83.4,56.8,80.2,66.5,64.5,62.5,水沢実績 / クラス条件好転 / 履歴少 / 近走上向き
202636092107,2026-09-21,7,ダンジュカリユシ,9.0,8.0,高松亮,57.0,,2.0,4.0,水沢,C1,0:50.9,0.2,曇,8.0,7.0,盛岡,C1,1:14.4,1.3,曇,7.0,3.0,盛岡,タブの大島賞(C1),1:01.0,2.0,晴,4.0,2.0,盛岡,C1,1:13.9,0.6,曇,1.0,1.0,盛岡,C2,1:00.8,-0.2,曇,2.8,1.0,,nar,2026-09-21,57.39,70.6,44.9,55.3,68.0,51.1,48.8,履歴少 / 近走上向き
202655092107,2026-09-21,7,ドゥエルセーラ,6.0,6.0,加茂飛翔,56.0,,4.0,10.0,佐賀,オッズパーク杯(C1),1:33.4,2.0,小雨,7.0,5.0,佐賀,AIパッカル賞(C1),1:33.4,1.4,晴,11.0,10.0,佐賀,カーネリアン賞(C1),1:33.2,2.1,曇,5.0,6.0,佐賀,サンスベリア賞(C1),1:24.4,0.8,小雨,3.0,8.0,佐賀,UMATENA桜衣か(C1),1:31.3,1.4,晴,113.0,9.0,,nar,2026-09-21,59.45,58.6,62.5,55.3,65.0,59.4,52.9,佐賀実績 / 前走人気以上 / 履歴少 / 近走上向き
202655092107,2026-09-21,7,ナムラカメジロー,4.0,4.0,出水拓人,56.0,,2.0,3.0,佐賀,楽天ポイントが貯まる(C1),1:32.8,0.4,小雨,4.0,3.0,佐賀,C1ー7組,1:33.0,1.6,晴,7.0,2.0,佐賀,UMATENA賞(C1),1:32.4,3.1,雨,2.0,5.0,佐賀,父の日賞(C1),1:30.3,0.5,曇,1.0,4.0,佐賀,C1ー14組,1:31.2,-0.2,晴,21.1,5.0,,nar,2026-09-21,64.65,80.9,48.7,80.2,59.0,56.9,56.2,佐賀実績 / 履歴少 / 安定感 / 市場オッズ妙味
202646092107,2026-09-21,7,ノブトモ,7.0,7.0,魚住謙心,57.0,,2.0,2.0,金沢,熊本地震被災者支援雲(B2),1:39.1,0.1,曇,1.0,1.0,金沢,スマホで投票!楽天競(C2),1:40.5,-0.1,晴,1.0,1.0,金沢,能登復興支援山伏山賞(C2),1:32.9,-0.9,曇,7.0,8.0,金沢,一里野温泉特別(B2),1:30.7,1.2,晴,5.0,4.0,金沢,能登寒ブリ賞(B2),1:37.2,1.8,曇,2.8,2.0,,nar,2026-09-21,67.06,87.3,50.3,85.4,59.0,54.4,56.2,金沢実績 / 履歴少 / 安定感
202646092107,2026-09-21,7,ハクサンアンタレス,4.0,4.0,栗原大河,57.0,,3.0,5.0,金沢,B24,1:40.8,1.4,晴,4.0,3.0,金沢,B23,1:33.5,0.7,曇,4.0,2.0,金沢,油断大敵水分補給を忘(B2),1:41.4,1.4,晴,3.0,1.0,金沢,やすくん&なおちゃん(B2),1:34.4,0.8,曇,2.0,2.0,金沢,C13,1:34.1,0.7,曇,11.4,4.0,,nar,2026-09-21,66.5,81.3,47.7,100.0,51.5,58.4,59.5,金沢実績 / 履歴少 / 安定感
202636092107,2026-09-21,7,ハナカホノカ,6.0,6.0,斉藤友香,51.0,,5.0,3.0,水沢,クラスペディア賞(C1),1:29.4,1.7,曇,2.0,1.0,盛岡,C1,1:26.1,0.8,小雨,1.0,2.0,盛岡,C1三組,1:25.4,0.0,曇,2.0,1.0,盛岡,C1三組,1:26.4,0.3,晴,2.0,3.0,盛岡,C1四組,1:27.0,0.1,曇,4.0,2.0,,nar,2026-09-21,63.16,86.3,45.1,100.0,30.5,54.6,48.8,履歴少 / 安定感
202646092107,2026-09-21,7,パインピーチ,9.0,8.0,望月洵輝,55.0,,8.0,8.0,金沢,熊本地震被災者支援車(B2),1:42.4,2.2,曇,5.0,9.0,金沢,智聡&夏生☆結婚半年(B2),1:40.6,2.1,曇,9.0,10.0,金沢,新鮮野菜がいっぱい金(B2),1:34.2,2.0,晴,11.0,10.0,金沢,B23,1:42.3,4.4,晴,8.0,6.0,金沢,B22,1:36.4,2.8,晴,52.6,8.0,,nar,2026-09-21,47.19,44.9,55.9,24.9,51.5,52.9,46.3,履歴少
202665092107,2026-09-21,7,パワーシンデレラ,7.0,7.0,今井千尋,590.0,,,,,,,,,,,,,,,,,,,,,,,,,,,,,,,,,,,,,,,,nar,2026-09-21,36.18,35.0,35.0,35.0,35.0,35.0,46.8,履歴少
202665092107,2026-09-21,7,ヒメトラマリア,2.0,2.0,大友一馬,600.0,,,,,,,,,,,,,,,,,,,,,,,,,,,,,,,,,,,,,,,,nar,2026-09-21,36.18,35.0,35.0,35.0,35.0,35.0,46.8,履歴少
202636092107,2026-09-21,7,ビッグヤシチルーフ,1.0,1.0,塚本涼人,56.0,,9.0,7.0,水沢,C1,0:52.1,1.4,曇,1.0,4.0,盛岡,C1,1:13.1,-0.1,曇,4.0,6.0,盛岡,タブの大島賞(C1),1:00.4,1.4,晴,3.0,6.0,盛岡,C1,1:12.4,0.6,曇,5.0,8.0,盛岡,C1,1:00.6,1.0,曇,40.5,8.0,,nar,2026-09-21,57.71,70.2,59.0,69.6,15.5,62.1,50.0,前走人気以上 / 安定感 / 市場オッズ妙味
202636092107,2026-09-21,7,ビーバリスタ,3.0,3.0,山本政聡,56.0,,6.0,3.0,水沢,B1,0:52.2,1.1,晴,3.0,4.0,盛岡,B1,1:00.5,0.4,晴,9.0,5.0,盛岡,B1,1:14.5,1.4,晴,5.0,6.0,水沢,B1,0:52.3,0.3,晴,4.0,2.0,水沢,B1,0:52.3,0.3,晴,20.7,7.0,,nar,2026-09-21,51.48,64.1,39.4,49.8,45.5,51.8,54.0,水沢実績 / 履歴少 / 市場オッズ妙味
202655092107,2026-09-21,7,ブライトカラー,7.0,7.0,椿聡太,53.0,,4.0,4.0,園田,C1一,1:20.6,0.9,晴,5.0,5.0,園田,ホオズキ賞C1一,1:19.8,0.7,晴,3.0,8.0,園田,C1,1:20.4,0.1,晴,,,園田,C1,,,雨,5.0,6.0,園田,いちか馬ちかオッズパ(C1),1:20.9,1.7,晴,6.8,3.0,,nar,2026-09-21,65.21,74.5,58.9,85.4,52.0,63.0,48.8,履歴少 / 安定感
202646092107,2026-09-21,7,プレストバローズ,10.0,8.0,中島龍也,57.0,,1.0,2.0,金沢,C15,1:30.9,-2.2,雨,6.0,4.0,金沢,なつみちゃん誕生日お(C1),1:34.6,1.9,晴,3.0,7.0,金沢,C13,1:41.0,1.8,雨,,,金沢,だいきち不動産設立記(C1),,,雨,8.0,3.0,金沢,C14,1:34.1,1.7,曇,10.0,3.0,,nar,2026-09-21,62.6,77.9,50.6,50.2,78.0,58.2,51.2,金沢実績 / 履歴少 / 近走上向き
202646092107,2026-09-21,7,ベルアーブル,6.0,6.0,浅野登生,52.0,,7.0,7.0,金沢,熊本地震被災者支援車(B2),1:41.7,1.5,曇,6.0,4.0,金沢,祝ジーケー工業株式会(B2),1:34.4,2.1,晴,9.0,5.0,金沢,能登復興支援木ノ浦海(B2),1:40.9,1.3,曇,3.0,7.0,金沢,夏野菜でおいしく水分(B2),1:32.4,1.0,晴,8.0,8.0,金沢,B24,1:41.4,1.5,曇,22.1,6.0,,nar,2026-09-21,45.62,54.7,45.1,14.6,47.0,53.4,46.3,履歴少 / 市場オッズ妙味
202665092107,2026-09-21,7,ホクセイタケコ,8.0,8.0,中原蓮,600.0,,,,,,,,,,,,,,,,,,,,,,,,,,,,,,,,,,,,,,,,nar,2026-09-21,36.18,35.0,35.0,35.0,35.0,35.0,46.8,履歴少 / 前走人気以上
202655092107,2026-09-21,7,マリノバレリーナ,9.0,8.0,山下裕貴,54.0,,8.0,12.0,佐賀,オッズパーク杯(C1),1:33.8,2.4,小雨,9.0,8.0,佐賀,盆送り火賞(C1),1:33.9,3.3,曇,10.0,6.0,佐賀,カーネリアン賞(C1),1:33.2,2.1,曇,5.0,5.0,佐賀,C1ー4組,1:32.9,1.2,晴,4.0,4.0,佐賀,C1ー4組,1:31.8,1.5,曇,146.6,10.0,,nar,2026-09-21,45.44,45.7,51.2,24.9,44.0,50.9,49.6,前走人気以上 / 履歴少
202646092107,2026-09-21,7,マークオブゾロ,2.0,2.0,甲賀弘隆,57.0,,4.0,5.0,金沢,熊本地震被災者支援車(B2),1:41.1,0.9,曇,5.0,6.0,金沢,B24,1:41.5,2.1,晴,6.0,6.0,金沢,智聡&夏生☆結婚半年(B2),1:40.7,2.2,曇,7.0,3.0,金沢,夏野菜でおいしく水分(B2),1:33.3,1.9,晴,6.0,2.0,金沢,B24,1:40.5,0.6,曇,14.0,5.0,,nar,2026-09-21,56.71,65.7,46.9,55.3,62.0,57.3,49.6,履歴少 / 市場オッズ妙味
202636092107,2026-09-21,7,ミハタタテナシ,7.0,7.0,岩本怜,56.0,,8.0,1.0,盛岡,オッズパーク賞(C1),1:14.6,1.0,曇,4.0,1.0,盛岡,C1,1:00.6,0.6,曇,1.0,1.0,水沢,C1,0:50.6,-0.3,曇,2.0,1.0,水沢,C1,0:50.6,0.1,曇,3.0,1.0,大井,C3一 二三(C3二),1:15.9,0.9,晴,4.9,3.0,,nar,2026-09-21,50.45,74.2,27.4,69.6,17.0,48.3,59.5,水沢実績 / 履歴少 / 安定感
202655092107,2026-09-21,7,ムタビリス,3.0,3.0,田中純,54.0,,11.0,7.0,佐賀,盆送り火賞(C1),1:35.0,4.4,曇,9.0,5.0,佐賀,サガデーナイト競馬賞(C1),1:34.2,3.7,曇,6.0,6.0,佐賀,長崎街道内野宿特選(C1),1:30.9,1.8,晴,5.0,5.0,佐賀,サガデーナイト競馬賞(C1),1:31.3,1.1,晴,6.0,5.0,高知,C2ー4,1:48.5,1.9,曇,111.4,8.0,,nar,2026-09-21,35.78,43.0,33.8,14.6,23.0,45.7,47.1,履歴少
202646092107,2026-09-21,7,ヤルキゲンキユウキ,5.0,5.0,柴田勇真,55.0,,6.0,6.0,金沢,熊本地震被災者支援車(B2),1:41.4,1.2,曇,7.0,6.0,金沢,祝ジーケー工業株式会(B2),1:35.0,2.7,晴,8.0,8.0,門別,3歳以上C3ー2C4,1:16.8,1.8,晴,12.0,12.0,門別,グランシャリオドリー(C3),1:18.1,3.3,曇,12.0,13.0,門別,グランシャリオドリー(C3),1:16.9,1.2,晴,41.0,7.0,,nar,2026-09-21,44.24,42.9,49.0,0.0,72.5,52.8,43.8,履歴少 / 近走上向き / 市場オッズ妙味
202655092107,2026-09-21,7,ラブミーナッソー,10.0,8.0,長谷川蓮,54.0,,15.0,15.0,2中京7,3歳以上1勝クラス,1:26.8,2.7,晴,5.0,2.0,園田,JRA交流由良川特別,1:30.9,0.4,雨,7.0,10.0,5中京3,3歳以上1勝クラス,1:25.3,0.8,曇,10.0,8.0,2札幌6,3歳以上1勝クラス,1:00.1,1.2,曇,5.0,6.0,2札幌2,3歳以上1勝クラス,1:00.3,0.9,晴,1.4,1.0,,nar,2026-09-21,38.58,38.3,47.6,35.3,0.5,49.7,51.8,クラス条件好転 / 履歴少
202646092107,2026-09-21,7,リプレット,8.0,7.0,鈴木太一,55.0,,8.0,7.0,金沢,B24,1:35.0,2.5,雨,7.0,8.0,金沢,B22,1:34.0,1.9,晴,8.0,9.0,金沢,能登復興支援木ノ浦海(B2),1:40.7,1.1,曇,10.0,10.0,金沢,B22,1:35.4,3.7,晴,7.0,8.0,金沢,B22,1:36.0,2.4,晴,163.5,10.0,,nar,2026-09-21,42.65,44.5,51.7,0.0,50.0,52.9,43.8,履歴少
202665092108,2026-09-21,8,アアモンドラヴリー,3.0,3.0,中原蓮,620.0,,,,,,,,,,,,,,,,,,,,,,,,,,,,,,,,,,,,,,,,nar,2026-09-21,36.18,35.0,35.0,35.0,35.0,35.0,46.8,履歴少
202655092108,2026-09-21,8,アナザーヴィータ,10.0,7.0,青海大樹,55.0,,5.0,8.0,佐賀,アキノキリンソウ賞(C1),1:32.2,2.8,晴,10.0,12.0,佐賀,一発逆転ファイナルレ,1:33.2,3.2,曇,6.0,8.0,佐賀,UMATENA賞(C1),1:31.9,2.6,雨,8.0,7.0,佐賀,C1ー7組,1:31.8,2.1,小雨,4.0,8.0,佐賀,KYUSHUDREA(C1),1:31.1,0.3,雨,98.1,10.0,,nar,2026-09-21,56.22,53.8,64.5,40.7,62.0,60.0,49.6,前走人気以上 / 履歴少
202646092108,2026-09-21,8,アルマイナンナ,11.0,8.0,中島龍也,55.0,,6.0,5.0,金沢,B24,1:34.5,2.0,雨,6.0,3.0,金沢,B22,1:33.4,1.3,晴,3.0,6.0,金沢,能登復興支援木ノ浦海(B2),1:39.9,0.3,曇,2.0,3.0,金沢,油断大敵水分補給を忘(B2),1:41.2,1.2,晴,7.0,3.0,金沢,B25,1:33.9,1.7,曇,17.2,3.0,,nar,2026-09-21,51.89,68.6,44.9,34.3,41.0,56.5,49.6,履歴少 / 市場オッズ妙味
202636092108,2026-09-21,8,エイシンブイクール,6.0,6.0,山本聡紀,54.0,,1.0,5.0,盛岡,2歳,1:28.5,-0.2,曇,5.0,7.0,盛岡,2歳,1:30.4,0.7,晴,5.0,7.0,盛岡,2歳,1:29.5,0.9,曇,7.0,6.0,盛岡,2歳,1:17.7,3.1,晴,3.0,7.0,水沢,ファーストステップ2(2歳),0:53.4,1.9,晴,33.3,9.0,,nar,2026-09-21,70.45,77.0,66.6,85.4,74.0,63.4,48.8,前走人気以上 / 履歴少 / 人気以上に走る傾向 / 近走上向き
202636092108,2026-09-21,8,エマーブル,4.0,4.0,菅原辰徳,54.0,,3.0,5.0,盛岡,岩手デビュー限定競走(2歳),1:27.3,1.3,曇,4.0,4.0,盛岡,フューチャーステップ(2歳),1:40.7,1.2,曇,1.0,1.0,盛岡,2歳,1:28.6,-0.1,曇,2.0,5.0,盛岡,2歳,1:14.7,0.1,晴,4.0,5.0,水沢,ファーストステップ2(2歳),0:52.8,2.1,晴,8.1,5.0,,nar,2026-09-21,69.36,85.5,58.0,100.0,48.5,62.8,48.8,履歴少 / 安定感
202665092108,2026-09-21,8,エレジー,5.0,5.0,金田利貴,600.0,,,,,,,,,,,,,,,,,,,,,,,,,,,,,,,,,,,,,,,,nar,2026-09-21,36.0,35.0,35.0,35.0,35.0,35.0,45.0,履歴少
202655092108,2026-09-21,8,オールズフェア,1.0,1.0,長谷川蓮,56.0,,5.0,7.0,佐賀,C1ー5組,1:32.7,1.5,小雨,8.0,6.0,佐賀,盆送り火賞(C1),1:33.4,2.8,曇,10.0,9.0,佐賀,里帰りJC第1戦ホー(C1),1:33.6,2.2,晴,4.0,4.0,佐賀,シルクジャスミン賞(C1),1:31.6,0.9,曇,4.0,5.0,佐賀,C1ー10組,1:24.5,1.0,曇,55.7,8.0,,nar,2026-09-21,54.23,56.1,50.1,55.3,59.0,53.5,52.9,佐賀実績 / 履歴少
202646092108,2026-09-21,8,カドバンソコヂカラ,3.0,3.0,加藤翔馬,57.0,,4.0,5.0,金沢,B22,1:33.0,0.9,晴,2.0,5.0,金沢,B23,1:33.0,0.2,曇,4.0,7.0,金沢,B25,1:33.1,0.9,曇,10.0,4.0,金沢,B24,1:44.0,3.5,曇,11.0,6.0,金沢,あづ聖誕つにてんてん(B2),1:35.7,3.7,曇,20.3,4.0,,nar,2026-09-21,61.03,67.2,51.8,75.1,66.5,53.7,52.9,金沢実績 / 履歴少 / 近走上向き / 安定感
202646092108,2026-09-21,8,カミノマジック,7.0,6.0,鈴木太一,57.0,,7.0,8.0,金沢,B24,1:34.8,2.3,雨,8.0,7.0,金沢,B22,1:34.8,2.7,晴,6.0,5.0,金沢,能登復興支援須須神社(B1特別),1:41.3,2.5,曇,9.0,7.0,金沢,B22,1:34.8,3.1,晴,5.0,5.0,金沢,B22,1:34.9,1.3,晴,165.4,12.0,,nar,2026-09-21,44.49,50.9,47.0,10.3,50.0,50.7,46.3,履歴少
202646092108,2026-09-21,8,カンナギ,2.0,2.0,沖静男,55.0,,4.0,3.0,金沢,B24,1:33.5,1.0,雨,3.0,7.0,金沢,祝ジーケー工業株式会(B2),1:33.6,1.3,晴,8.0,10.0,川崎,クロート賞(C2C3),2:18.1,2.8,曇,7.0,7.0,川崎,コンコルディア賞(C2C3),2:21.2,2.9,晴,10.0,10.0,川崎,風神賞(C2),0:58.4,3.3,曇,30.8,8.0,,nar,2026-09-21,60.61,63.2,57.6,55.3,68.0,59.5,59.5,金沢実績 / 履歴少 / 近走上向き / 市場オッズ妙味
202646092108,2026-09-21,8,キタノダイヤ,6.0,5.0,青柳正義,55.0,,1.0,1.0,金沢,このたん末脚爆裂記念(C1),1:38.8,-1.7,曇,1.0,3.0,金沢,とし21歳おめでとう(C2),1:32.2,-0.6,晴,3.0,1.0,金沢,C22,1:34.5,0.1,晴,9.0,2.0,金沢,葛山晃平騎手ラストデ(C1),1:46.2,6.6,曇,8.0,2.0,金沢,小田島ゴールインカッ(C2),1:35.8,2.5,曇,1.3,1.0,,nar,2026-09-21,61.63,81.7,39.2,75.1,75.5,42.7,52.9,金沢実績 / 履歴少 / 近走上向き / 安定感
202655092108,2026-09-21,8,ケンブリッジナイト,3.0,3.0,石川慎将,56.0,,1.0,2.0,佐賀,一発逆転ファイナルレ,1:29.8,-0.9,晴,2.0,1.0,佐賀,AIパッカル賞(C1),1:31.1,0.4,晴,2.0,2.0,佐賀,C1ー11組,1:22.9,0.4,雨,2.0,1.0,佐賀,C1ー14組,1:31.4,0.2,晴,2.0,3.0,佐賀,ケンタウルス座特選(C2),1:31.3,0.3,曇,1.6,1.0,,nar,2026-09-21,70.41,94.4,50.1,100.0,56.0,52.0,59.5,佐賀実績 / 履歴少 / 安定感
202655092108,2026-09-21,8,ゴルトツィーゲル,2.0,2.0,川島拓,56.0,,7.0,9.0,佐賀,アキノキリンソウ賞(C1),1:32.8,3.4,晴,12.0,11.0,佐賀,長崎街道田代宿特選(C1),1:29.8,4.9,曇,4.0,9.0,佐賀,サガデーナイトフィー(C1),1:32.5,1.0,晴,9.0,7.0,佐賀,AIパッカル賞(C1),1:32.9,2.9,曇,6.0,8.0,佐賀,サガデーナイト競馬賞(C1),1:31.8,1.6,晴,238.6,12.0,,nar,2026-09-21,48.1,45.3,58.8,19.8,54.5,55.5,46.3,履歴少
202636092108,2026-09-21,8,ササキンライラック,5.0,5.0,小林凌,54.0,,7.0,9.0,水沢,ビギナーズC(重賞),1:32.7,2.6,曇,11.0,2.0,盛岡,岩手デビュー限定競走(2歳),1:30.3,4.3,曇,1.0,1.0,盛岡,ファーストステップ2(2歳),1:00.5,-1.6,晴,,,,,,,,,,,,,,,22.1,8.0,,nar,2026-09-21,42.59,54.0,34.8,19.8,44.0,47.1,48.8,履歴少 / 市場オッズ妙味
202636092108,2026-09-21,8,サンエイチェリー,11.0,8.0,塚本涼人,54.0,,7.0,9.0,盛岡,岩手デビュー限定競走(2歳),1:28.9,2.9,曇,4.0,7.0,盛岡,岩手デビュー限定競走(2歳),1:28.6,1.0,晴,4.0,6.0,盛岡,2歳,1:28.1,1.1,曇,1.0,1.0,水沢,2歳,1:26.8,-0.6,晴,5.0,1.0,盛岡,ファーストステップ2(2歳),1:02.6,1.6,晴,44.2,11.0,,nar,2026-09-21,59.1,71.4,59.4,69.6,29.0,58.2,48.8,履歴少 / 安定感 / 市場オッズ妙味
202655092108,2026-09-21,8,サーリアル,9.0,7.0,椿聡太,51.0,,7.0,5.0,佐賀,一発逆転ファイナルレ,1:31.7,2.4,晴,2.0,2.0,佐賀,盆送り火賞(C1),1:31.4,0.8,曇,2.0,1.0,佐賀,UMATENA有村の(C1),1:30.6,0.3,雨,4.0,1.0,佐賀,C1ー6組,1:31.0,1.1,小雨,1.0,1.0,佐賀,C1ー11組,1:30.8,-1.0,曇,15.8,5.0,,nar,2026-09-21,56.49,78.3,41.3,69.6,21.5,57.8,56.2,佐賀実績 / 履歴少 / 安定感 / 市場オッズ妙味
202655092108,2026-09-21,8,シーザサンライズ,11.0,8.0,田中直人,54.0,,1.0,3.0,佐賀,14頭立てレース来週(C1),1:24.6,-0.7,曇,5.0,6.0,佐賀,サガデーナイト競馬賞(C1),1:32.2,0.6,晴,3.0,3.0,佐賀,AIパッカル賞(C1),1:31.9,1.2,晴,4.0,4.0,佐賀,C1ー9組,1:31.8,1.8,曇,8.0,3.0,佐賀,C1ー9組,1:33.1,2.9,晴,13.9,4.0,,nar,2026-09-21,68.5,79.6,52.4,89.7,74.0,59.9,56.2,佐賀実績 / 履歴少 / 近走上向き / 安定感
202646092108,2026-09-21,8,スリーオウギ,4.0,4.0,甲賀弘隆,57.0,,5.0,6.0,金沢,B24,1:33.8,1.3,雨,4.0,8.0,金沢,祝ジーケー工業株式会(B2),1:33.7,1.4,晴,3.0,7.0,金沢,智聡&夏生☆結婚半年(B2),1:40.4,1.9,曇,8.0,9.0,金沢,夏野菜でおいしく水分(B2),1:33.4,2.0,晴,8.0,11.0,金沢,B23,1:40.1,2.2,晴,46.9,11.0,,nar,2026-09-21,64.99,67.2,67.8,75.1,54.5,64.8,52.9,金沢実績 / 履歴少 / 人気以上に走る傾向 / 安定感
202636092108,2026-09-21,8,セイテイサウザー,2.0,2.0,高橋悠里,55.0,,5.0,5.0,水沢,ビギナーズC(重賞),1:31.6,1.5,曇,4.0,1.0,盛岡,岩手デビュー限定競走(2歳),1:42.0,1.5,小雨,2.0,3.0,盛岡,2歳,1:27.4,0.0,晴,1.0,4.0,盛岡,ファーストステップ2(2歳),1:01.0,-0.4,晴,,,,,,,,8.0,4.0,,nar,2026-09-21,62.46,80.7,49.1,89.7,34.0,59.7,48.8,履歴少 / 安定感
202636092108,2026-09-21,8,タカマキエイト,8.0,7.0,岩本怜,55.0,,1.0,1.0,水沢,2歳,1:30.1,-1.5,曇,4.0,7.0,盛岡,ジュニアグランプリ(重賞),1:40.9,0.4,曇,8.0,8.0,盛岡,岩手デビュー限定競走(2歳),1:29.7,2.1,晴,3.0,4.0,盛岡,2歳,1:29.0,2.3,曇,3.0,5.0,盛岡,2歳,1:28.0,1.0,曇,4.6,2.0,,nar,2026-09-21,67.74,79.0,57.7,80.2,71.0,60.4,51.8,クラス条件好転 / 履歴少 / 近走上向き / 安定感
202636092108,2026-09-21,8,タカマキナイン,1.0,1.0,佐々木志,54.0,,4.0,4.0,盛岡,岩手デビュー限定競走(2歳),1:27.4,1.4,曇,1.0,6.0,盛岡,岩手デビュー限定競走(2歳),1:27.6,0.0,晴,7.0,8.0,盛岡,若鮎賞(重賞),1:43.8,3.5,小雨,9.0,7.0,盛岡,岩手デビュー限定競走(2歳),1:43.6,3.1,小雨,7.0,1.0,水沢,2歳,1:27.5,2.7,晴,18.9,6.0,,nar,2026-09-21,59.68,68.9,53.7,55.3,62.0,61.0,48.8,履歴少 / 市場オッズ妙味
202665092108,2026-09-21,8,ツルイコトカゼ,4.0,4.0,渡来心路,620.0,,,,,,,,,,,,,,,,,,,,,,,,,,,,,,,,,,,,,,,,nar,2026-09-21,36.0,35.0,35.0,35.0,35.0,35.0,45.0,履歴少
202665092108,2026-09-21,8,トカチリキ,7.0,7.0,西将太,630.0,,,,,,,,,,,,,,,,,,,,,,,,,,,,,,,,,,,,,,,,nar,2026-09-21,36.18,35.0,35.0,35.0,35.0,35.0,46.8,履歴少
202646092108,2026-09-21,8,ドンタカーミ,10.0,7.0,魚住謙心,55.0,,2.0,2.0,金沢,熊本地震被災者支援車(B2),1:40.5,0.3,曇,4.0,1.0,金沢,B25,1:40.0,1.6,晴,2.0,4.0,金沢,「葛山画伯」記念(B2),1:38.8,1.1,曇,5.0,5.0,金沢,七尾祇園祭特別(C1),0:57.5,0.3,雨,2.0,6.0,金沢,白山手取川ジオパーク(C1),1:33.9,1.1,曇,27.5,7.0,,nar,2026-09-21,68.77,84.5,50.4,100.0,57.5,58.2,59.5,金沢実績 / 履歴少 / 安定感 / 市場オッズ妙味
202646092108,2026-09-21,8,ナギサノバルコニー,9.0,7.0,望月洵輝,55.0,,3.0,2.0,金沢,B24,1:33.5,1.0,雨,1.0,1.0,金沢,C13,1:39.8,-0.3,晴,2.0,3.0,金沢,睦斗小学校入学&紬ほ(C1),1:33.5,0.3,曇,7.0,3.0,金沢,楽天競馬で馬券を買お(C1C2),0:57.6,1.3,曇,2.0,5.0,金沢,小田島ゴールインカッ(C2),1:34.0,0.7,曇,6.0,2.0,,nar,2026-09-21,65.21,85.7,47.3,85.4,50.0,57.0,56.2,金沢実績 / 履歴少 / 安定感
202665092108,2026-09-21,8,ニジイロアオゾラ,8.0,7.0,島津新,610.0,,,,,,,,,,,,,,,,,,,,,,,,,,,,,,,,,,,,,,,,nar,2026-09-21,36.18,35.0,35.0,35.0,35.0,35.0,46.8,履歴少
202636092108,2026-09-21,8,ニムロッド,3.0,3.0,山本政聡,54.0,,4.0,5.0,水沢,2歳,1:31.7,1.6,曇,1.0,1.0,盛岡,ファーストステップ2(2歳),0:59.7,-0.1,晴,,,,,,,,,,,,,,,,,,,,,,6.9,3.0,,nar,2026-09-21,52.66,65.7,47.6,48.4,35.6,56.2,48.8,履歴少 / サンプル少
202655092108,2026-09-21,8,ハッピールンナ,7.0,6.0,出水拓人,54.0,,9.0,6.0,佐賀,長崎街道嬉野宿特選(C1),1:25.4,1.4,曇,11.0,2.0,佐賀,長崎街道塩田宿特選(C1),1:32.3,1.3,晴,3.0,1.0,佐賀,迎春さがけいば賞(C1),1:31.6,0.2,曇,9.0,3.0,佐賀,ディセンバー特選(C1),1:59.1,2.1,曇,3.0,2.0,佐賀,トパーズ特選(C1),2:00.0,0.6,晴,49.9,6.0,,nar,2026-09-21,35.65,46.5,18.3,30.1,35.0,39.2,49.6,履歴少 / 市場オッズ妙味
202646092108,2026-09-21,8,ハートロック,8.0,6.0,米倉知,57.0,,4.0,5.0,金沢,新鮮野菜がいっぱい金(B2),1:32.5,0.3,晴,5.0,6.0,金沢,B23,1:39.8,1.9,晴,2.0,2.0,金沢,心星ひなまる永遠の5(B2),1:34.0,1.0,曇,7.0,3.0,金沢,あづ聖誕つにてんてん(B2),1:33.4,1.4,曇,2.0,5.0,金沢,卯辰山特別(C1),0:57.1,0.5,晴,34.4,9.0,,nar,2026-09-21,63.4,75.3,52.0,85.4,50.0,56.9,56.2,金沢実績 / 履歴少 / 安定感 / 市場オッズ妙味
202665092108,2026-09-21,8,フクノハレルヤ,9.0,8.0,今井千尋,590.0,,,,,,,,,,,,,,,,,,,,,,,,,,,,,,,,,,,,,,,,nar,2026-09-21,36.0,35.0,35.0,35.0,35.0,35.0,45.0,履歴少
202646092108,2026-09-21,8,ブレイブゼウス,5.0,5.0,浅野登生,54.0,,10.0,9.0,金沢,能登復興支援七ツ島特(B2),1:40.4,1.5,晴,2.0,3.0,金沢,智聡&夏生☆結婚半年(B2),1:40.3,1.8,曇,6.0,2.0,金沢,新鮮野菜がいっぱい金(B2),1:33.0,0.8,晴,2.0,2.0,金沢,B25,1:32.9,0.7,曇,1.0,2.0,金沢,C13,1:33.5,-0.6,曇,24.8,5.0,,nar,2026-09-21,49.19,67.1,44.8,49.8,6.5,54.3,52.9,金沢実績 / 履歴少 / 市場オッズ妙味
202665092108,2026-09-21,8,ホクショウゴールド,2.0,2.0,村上章,630.0,,,,,,,,,,,,,,,,,,,,,,,,,,,,,,,,,,,,,,,,nar,2026-09-21,36.0,35.0,35.0,35.0,35.0,35.0,45.0,履歴少
202655092108,2026-09-21,8,ポムヴェルト,5.0,5.0,山下裕貴,54.0,,9.0,7.0,佐賀,アキノキリンソウ賞(C1),1:33.7,4.3,晴,5.0,10.0,佐賀,盆送り火賞(C1),1:32.0,1.4,曇,10.0,9.0,佐賀,サガデーナイト競馬賞(C1),1:34.4,3.9,曇,8.0,3.0,佐賀,サガデーナイトフィー(C1),1:33.8,2.3,晴,11.0,10.0,佐賀,長崎街道内野宿特選(C1),1:33.7,4.6,晴,102.0,11.0,,nar,2026-09-21,43.1,41.9,47.3,24.9,47.0,48.3,46.3,履歴少
202646092108,2026-09-21,8,マイボーイ,12.0,8.0,田知弘久,57.0,,3.0,3.0,金沢,熊本地震被災者支援車(B2),1:41.1,0.9,曇,4.0,7.0,金沢,B24,1:41.1,1.7,晴,2.0,9.0,金沢,津田さんお疲れ様杯(B2),1:34.0,0.6,晴,6.0,7.0,金沢,「葛山画伯」記念(B2),1:40.7,3.0,曇,7.0,11.0,金沢,やすくん&なおちゃん(B2),1:34.6,1.0,曇,26.1,6.0,,nar,2026-09-21,68.82,76.8,68.8,75.1,60.5,66.0,52.9,金沢実績 / 履歴少 / 人気以上に走る傾向 / 安定感
202636092108,2026-09-21,8,マツリダゲンキマン,9.0,7.0,山本聡哉,55.0,,2.0,1.0,盛岡,岩手デビュー限定競走(2歳),1:26.0,0.0,曇,2.0,1.0,盛岡,岩手デビュー限定競走(2歳),1:27.6,0.0,晴,1.0,1.0,盛岡,2歳,1:27.0,-0.3,曇,3.0,4.0,盛岡,2歳,1:27.8,0.4,晴,2.0,2.0,水沢,2歳,1:25.7,0.1,晴,2.4,1.0,,nar,2026-09-21,67.5,92.4,47.1,100.0,50.0,53.1,48.8,履歴少 / 安定感
202665092108,2026-09-21,8,ミストレンタ,1.0,1.0,菊池一樹,600.0,,,,,,,,,,,,,,,,,,,,,,,,,,,,,,,,,,,,,,,,nar,2026-09-21,36.0,35.0,35.0,35.0,35.0,35.0,45.0,履歴少
202655092108,2026-09-21,8,ミスレモン,4.0,4.0,飛田愛斗,54.0,,2.0,2.0,佐賀,オッズパーク杯(C1),1:33.0,1.6,小雨,5.0,7.0,佐賀,一発逆転ファイナルレ,1:31.9,2.1,晴,11.0,1.0,佐賀,ジュライ特選(C1),1:59.9,2.5,晴,2.0,2.0,佐賀,C1ー6組,1:30.4,0.5,小雨,2.0,5.0,佐賀,C1ー8組,1:30.0,0.2,曇,8.0,3.0,,nar,2026-09-21,61.33,71.8,41.8,80.2,68.0,55.6,56.2,佐賀実績 / 履歴少 / 近走上向き / 安定感
202636092108,2026-09-21,8,ミズサンアモン,10.0,8.0,坂井瑛音,53.0,,2.0,6.0,水沢,2歳,1:31.6,1.5,曇,7.0,9.0,盛岡,岩手デビュー限定競走(2歳),1:29.3,1.7,晴,8.0,4.0,盛岡,2歳,1:29.2,2.2,曇,7.0,5.0,盛岡,2歳,1:30.0,2.6,晴,1.0,6.0,水沢,ファーストステップ2(2歳),0:51.5,-0.1,晴,34.2,10.0,,nar,2026-09-21,60.71,67.5,58.0,40.7,72.5,59.5,59.5,水沢実績 / 前走人気以上 / 履歴少 / 近走上向き
202636092108,2026-09-21,8,ミズサンウィズダム,7.0,6.0,村上忍,55.0,,3.0,2.0,水沢,2歳,1:31.7,1.6,曇,3.0,2.0,水沢,2歳,1:25.1,0.3,晴,1.0,2.0,盛岡,2歳,1:16.4,-0.5,晴,2.0,4.0,盛岡,ファーストステップ2(2歳),1:01.5,0.5,曇,,,,,,,,21.2,7.0,,nar,2026-09-21,66.74,88.8,49.5,89.7,44.0,57.1,59.5,水沢実績 / 履歴少 / 安定感 / 市場オッズ妙味
202655092108,2026-09-21,8,ミッキージェントル,12.0,8.0,山口勲,56.0,,3.0,3.0,佐賀,C1ー5組,1:31.8,0.6,小雨,1.0,2.0,佐賀,サガデーナイト競馬賞(C1),1:31.6,-0.1,晴,9.0,1.0,佐賀,里帰りJC第1戦ホー(C1),1:33.5,2.1,晴,1.0,1.0,佐賀,ムーンストーン賞(C1),1:30.6,-0.5,曇,2.0,4.0,佐賀,こぐま座特選(C2),1:30.7,0.1,晴,3.7,2.0,,nar,2026-09-21,61.73,81.7,42.1,80.2,51.5,52.3,56.2,佐賀実績 / 履歴少 / 安定感
202665092108,2026-09-21,8,ヤマノリュウ,10.0,8.0,中村太陽,620.0,,,,,,,,,,,,,,,,,,,,,,,,,,,,,,,,,,,,,,,,nar,2026-09-21,36.0,35.0,35.0,35.0,35.0,35.0,45.0,履歴少
202646092108,2026-09-21,8,ランスオブビーナス,1.0,1.0,栗原大河,55.0,,5.0,9.0,金沢,熊本地震被災者支援車(B2),1:41.3,1.1,曇,8.0,2.0,金沢,祝ジーケー工業株式会(B2),1:36.3,4.0,晴,7.0,7.0,金沢,能登復興支援木ノ浦海(B2),1:40.5,0.9,曇,12.0,11.0,笠松,濃姫特別(B),1:32.9,3.4,曇,7.0,2.0,笠松,岐阜城特別(AB),1:33.2,2.6,晴,44.2,10.0,,nar,2026-09-21,47.83,49.0,43.4,30.4,71.0,47.6,48.5,前走人気以上 / 履歴少 / 近走上向き / 市場オッズ妙味
202655092108,2026-09-21,8,ロイヤルデバイサー,8.0,6.0,竹吉徹,56.0,,6.0,6.0,佐賀,C1ー5組,1:34.0,2.8,小雨,2.0,7.0,佐賀,AIパッカル賞(C1),1:32.6,0.6,晴,5.0,9.0,佐賀,UMATENA有村の(C1),1:31.5,1.2,雨,6.0,4.0,佐賀,サンスベリア賞(C1),1:24.6,1.0,小雨,5.0,5.0,佐賀,UMATENA桜衣か(C1),1:31.4,1.5,晴,52.1,7.0,,nar,2026-09-21,59.57,70.4,62.2,55.0,41.0,58.1,52.9,佐賀実績 / 履歴少
202655092108,2026-09-21,8,ロードアライアンス,6.0,5.0,長田進仁,56.0,,6.0,6.0,佐賀,アキノキリンソウ賞(C1),1:32.4,3.0,晴,3.0,9.0,佐賀,盆送り火賞(C1),1:31.7,1.1,曇,4.0,5.0,佐賀,AIパッカル賞(C1),1:32.4,1.7,晴,1.0,8.0,佐賀,C1ー15組,1:32.0,0.0,曇,7.0,4.0,佐賀,C1ー15組,1:32.7,2.1,晴,92.7,9.0,,nar,2026-09-21,62.07,74.2,66.8,59.3,36.5,60.6,52.9,佐賀実績 / 履歴少 / 人気以上に走る傾向
202665092108,2026-09-21,8,ワンパク,6.0,6.0,船山蔵人,630.0,,,,,,,,,,,,,,,,,,,,,,,,,,,,,,,,,,,,,,,,nar,2026-09-21,36.18,35.0,35.0,35.0,35.0,35.0,46.8,履歴少
202636092109,2026-09-21,9,アウトザロー,2.0,2.0,村上忍,56.0,,4.0,1.0,水沢,ウイナーC(重賞),1:28.0,0.6,晴,4.0,3.0,水沢,東北優駿(重賞),2:12.5,2.0,晴,4.0,4.0,盛岡,ダイヤモンドC(重賞),1:53.2,0.9,晴,1.0,1.0,水沢,3歳B2二組,1:28.4,-1.1,晴,1.0,1.0,水沢,3歳B2二組,1:31.2,-1.1,晴,2.4,1.0,,nar,2026-09-21,63.03,82.0,41.9,100.0,41.0,51.1,59.5,水沢実績 / 履歴少 / 安定感
202636092109,2026-09-21,9,アドレニコル,10.0,8.0,山本聡紀,54.0,,5.0,5.0,水沢,豊間根川源流賞(3歳B1),1:30.8,2.8,曇,5.0,9.0,盛岡,3歳B2一組,1:26.0,1.8,曇,8.0,6.0,盛岡,3歳B1,1:41.7,2.8,曇,3.0,5.0,盛岡,3歳B2一組,1:25.4,0.5,小雨,3.0,5.0,盛岡,3歳B1,1:39.4,0.6,雨,55.6,9.0,,nar,2026-09-21,61.04,67.2,57.7,80.2,48.5,57.4,48.8,履歴少 / 安定感
202636092109,2026-09-21,9,アムールピスケス,11.0,8.0,山本聡哉,56.0,,12.0,6.0,水沢,弘南鉄道乗りにいきま(3歳A),1:45.6,3.1,曇,4.0,1.0,盛岡,3歳B1,1:40.1,1.2,曇,1.0,1.0,盛岡,3歳,1:11.6,-0.1,小雨,4.0,6.0,盛岡,ハヤテスプリント(重賞),1:11.9,0.5,晴,8.0,9.0,船橋,若潮スプリント(重賞),1:16.8,2.2,曇,3.6,3.0,,nar,2026-09-21,44.5,58.0,34.8,59.3,3.5,51.6,51.8,クラス条件好転 / 履歴少
202655092109,2026-09-21,9,アラウズ,12.0,7.0,竹吉徹,56.0,,2.0,7.0,佐賀,C2ー24組,1:35.0,2.0,小雨,5.0,5.0,佐賀,C2ー23組,1:27.8,1.9,曇,8.0,5.0,笠松,C7組,1:35.5,3.2,雨,9.0,7.0,笠松,C級セレクション,1:51.5,4.7,晴,5.0,1.0,笠松,リクユウすっちーあり(C),1:33.5,1.3,晴,18.0,4.0,,nar,2026-09-21,62.42,65.9,51.6,65.7,78.5,59.6,59.5,佐賀実績 / 前走人気以上 / 履歴少 / 近走上向き
202655092109,2026-09-21,9,エイシンソロモン,3.0,3.0,青海大樹,55.0,,4.0,8.0,笠松,C3組,1:48.2,1.5,曇,8.0,5.0,笠松,C4組,1:50.5,5.5,晴,4.0,3.0,笠松,C6組,1:49.7,1.6,晴,4.0,8.0,笠松,マックル賞(C),1:31.9,1.2,晴,3.0,7.0,笠松,めろんぱん誕生日記念(C),1:46.6,1.4,雨,22.7,6.0,,nar,2026-09-21,62.44,68.9,58.9,75.1,54.5,61.5,48.8,前走人気以上 / 履歴少 / 安定感 / 市場オッズ妙味
202655092109,2026-09-21,9,オニタイジ,2.0,2.0,山下裕貴,56.0,,5.0,4.0,佐賀,UMATENA賞(C2),1:28.5,0.2,小雨,6.0,6.0,佐賀,C2ー20組,1:33.9,2.6,曇,11.0,6.0,佐賀,SAGAリベンジャー(3歳),1:34.9,3.2,曇,9.0,3.0,佐賀,SAGAリベンジャー(3歳),1:28.2,3.2,曇,2.0,3.0,佐賀,3歳ー9組,1:33.0,0.7,晴,42.1,9.0,,nar,2026-09-21,48.0,54.3,35.6,40.7,62.0,49.1,50.5,市場オッズ妙味
202665092109,2026-09-21,9,オレノトウコン,9.0,8.0,中村太陽,640.0,,,,,,,,,,,,,,,,,,,,,,,,,,,,,,,,,,,,,,,,nar,2026-09-21,36.0,35.0,35.0,35.0,35.0,35.0,45.0,履歴少
202665092109,2026-09-21,9,オーカンペガサス,5.0,5.0,村上章,640.0,,,,,,,,,,,,,,,,,,,,,,,,,,,,,,,,,,,,,,,,nar,2026-09-21,36.0,35.0,35.0,35.0,35.0,35.0,45.0,履歴少
202665092109,2026-09-21,9,カイセキングオー,2.0,2.0,阿部優哉,640.0,,,,,,,,,,,,,,,,,,,,,,,,,,,,,,,,,,,,,,,,nar,2026-09-21,36.0,35.0,35.0,35.0,35.0,35.0,45.0,履歴少
202665092109,2026-09-21,9,カミホロナデシコ,3.0,3.0,西将太,620.0,,,,,,,,,,,,,,,,,,,,,,,,,,,,,,,,,,,,,,,,nar,2026-09-21,36.18,35.0,35.0,35.0,35.0,35.0,46.8,履歴少
202665092109,2026-09-21,9,キメツノココロ,7.0,7.0,赤塚健仁,640.0,,,,,,,,,,,,,,,,,,,,,,,,,,,,,,,,,,,,,,,,nar,2026-09-21,36.0,35.0,35.0,35.0,35.0,35.0,45.0,履歴少
202646092109,2026-09-21,9,キュムロンニンバス,5.0,5.0,望月洵輝,57.0,,1.0,3.0,金沢,日本海スプリント(重賞),1:30.3,-0.1,曇,2.0,1.0,金沢,金沢スプリングC(重賞),1:31.9,0.2,晴,1.0,1.0,金沢,楽天競馬で馬券を買お(A1),1:40.3,-0.4,曇,1.0,2.0,金沢,お家でネット投票!楽(A2),1:32.5,-0.6,晴,16.0,16.0,1阪神1,鳴門S(3勝クラス),1:25.4,1.8,晴,5.4,2.0,,nar,2026-09-21,71.17,87.7,53.5,89.7,74.0,58.5,59.5,金沢実績 / 履歴少 / 近走上向き / 安定感
202665092109,2026-09-21,9,キンプク,1.0,1.0,長澤幸太,640.0,,,,,,,,,,,,,,,,,,,,,,,,,,,,,,,,,,,,,,,,nar,2026-09-21,36.18,35.0,35.0,35.0,35.0,35.0,46.8,履歴少
202665092109,2026-09-21,9,クレインテイオウ,10.0,8.0,渡来心路,630.0,,,,,,,,,,,,,,,,,,,,,,,,,,,,,,,,,,,,,,,,nar,2026-09-21,36.18,35.0,35.0,35.0,35.0,35.0,46.8,履歴少
202665092109,2026-09-21,9,サクラジェームス,8.0,7.0,今井千尋,620.0,,,,,,,,,,,,,,,,,,,,,,,,,,,,,,,,,,,,,,,,nar,2026-09-21,36.0,35.0,35.0,35.0,35.0,35.0,45.0,履歴少
202646092109,2026-09-21,9,サクラトゥジュール,7.0,7.0,青柳正義,57.0,,6.0,2.0,金沢,イヌワシ賞【白山大賞(重賞),2:13.3,1.7,晴,1.0,1.0,金沢,ありがとう!葛山晃平(A1),1:51.2,-1.2,曇,15.0,16.0,3東京2,安田記念(GI),1:33.3,1.2,曇,13.0,13.0,1東京8,フェブラリーS(GI),1:37.7,2.3,晴,9.0,14.0,1東京4,東京新聞杯(GIII),1:32.5,0.3,曇,1.6,1.0,,nar,2026-09-21,48.39,47.5,46.5,24.9,71.0,52.2,51.2,金沢実績 / 履歴少 / 近走上向き
202636092109,2026-09-21,9,ササキントサブロウ,3.0,3.0,小林凌,56.0,,9.0,11.0,水沢,弘南鉄道乗りにいきま(3歳A),1:45.2,2.7,曇,6.0,4.0,盛岡,3歳B1,1:41.3,2.0,曇,8.0,9.0,水沢,ウイナーC(重賞),1:29.3,1.9,晴,8.0,10.0,水沢,東北優駿(重賞),2:14.9,4.4,晴,8.0,9.0,盛岡,ダイヤモンドC(重賞),1:54.8,2.5,晴,55.9,10.0,,nar,2026-09-21,43.04,45.6,54.9,0.0,41.0,54.2,46.0,クラス条件好転 / 履歴少
202636092109,2026-09-21,9,サンエイウォリアー,8.0,7.0,坂井瑛音,55.0,,1.0,3.0,水沢,豊間根川源流賞(3歳B1),1:28.0,0.0,曇,4.0,6.0,盛岡,3歳B2一組,1:25.8,1.6,曇,9.0,9.0,盛岡,3歳B1,1:42.0,3.1,曇,4.0,7.0,盛岡,3歳B2一組,1:25.8,0.9,小雨,5.0,10.0,盛岡,3歳B1,1:40.6,1.1,晴,19.2,4.0,,nar,2026-09-21,69.89,74.6,64.4,80.2,77.0,70.0,48.8,履歴少 / 近走上向き / 安定感 / 過小評価傾向
202655092109,2026-09-21,9,サンレンブイ,14.0,8.0,小松丈二,54.0,,4.0,5.0,佐賀,C2ー23組,1:35.4,1.7,小雨,5.0,4.0,佐賀,C2ー22組,1:35.0,1.2,曇,3.0,5.0,佐賀,C2ー16組,1:32.9,1.9,晴,4.0,6.0,佐賀,C2ー13組,1:26.8,1.4,曇,4.0,7.0,佐賀,C2ー13組,1:26.9,3.0,晴,46.4,10.0,,nar,2026-09-21,67.09,75.6,57.4,100.0,50.0,60.9,56.4,佐賀実績 / 安定感 / 市場オッズ妙味
202655092109,2026-09-21,9,シエルルビー,11.0,7.0,長田進仁,54.0,,9.0,9.0,佐賀,第5回BAOO優駿(C2),1:28.8,2.1,小雨,5.0,7.0,佐賀,C2ー20組,1:33.8,2.5,曇,6.0,5.0,佐賀,C2ー10組,1:34.3,1.2,雨,4.0,4.0,佐賀,C2ー11組,1:33.3,1.3,小雨,2.0,6.0,佐賀,C2ー14組,1:26.7,0.7,曇,134.3,12.0,,nar,2026-09-21,51.89,60.3,55.0,49.8,21.5,56.8,52.9,佐賀実績 / 履歴少
202646092109,2026-09-21,9,ショウガマッタナシ,6.0,6.0,魚住謙心,55.0,,5.0,8.0,金沢,熊本地震被災者支援特(A1),1:32.0,1.6,曇,9.0,7.0,名古屋,ベイスプリント(重賞),0:57.0,3.0,晴,10.0,10.0,笠松,サマーC(重賞),1:31.3,2.9,晴,5.0,11.0,金沢,日本海スプリント(重賞),1:31.8,1.5,曇,9.0,11.0,金沢,お松の方賞(重賞),1:40.0,2.5,晴,50.4,7.0,,nar,2026-09-21,55.73,48.8,60.5,45.0,69.5,58.0,57.0,金沢実績 / クラス条件好転 / 前走人気以上 / 履歴少
202655092109,2026-09-21,9,ソルプレーザ,6.0,4.0,田中直人,56.0,,2.0,2.0,佐賀,C2ー23組,1:26.0,0.1,曇,4.0,4.0,佐賀,3歳ー9組,1:32.9,2.3,晴,3.0,3.0,佐賀,3歳ー9組,1:26.4,1.0,曇,2.0,1.0,佐賀,SAGAリベンジャー(3歳),1:25.3,0.3,晴,5.0,5.0,佐賀,SAGAリベンジャー(3歳),1:25.7,1.4,曇,6.5,2.0,,nar,2026-09-21,68.01,84.0,49.0,100.0,59.0,57.3,56.4,佐賀実績 / 安定感
202665092109,2026-09-21,9,タイヨウ,4.0,4.0,菊池一樹,640.0,,,,,,,,,,,,,,,,,,,,,,,,,,,,,,,,,,,,,,,,nar,2026-09-21,36.18,35.0,35.0,35.0,35.0,35.0,46.8,履歴少
202636092109,2026-09-21,9,ダンストンセリュー,7.0,6.0,鈴木祐,54.0,,9.0,4.0,水沢,豊間根川源流賞(3歳B1),1:33.1,5.1,曇,10.0,4.0,盛岡,3歳B2一組,1:28.0,3.8,曇,2.0,3.0,盛岡,3歳B2一組,1:25.0,0.1,小雨,1.0,1.0,盛岡,3歳B2一組,1:26.0,-0.1,曇,5.0,2.0,盛岡,3歳B2一組,1:27.1,0.9,晴,77.7,11.0,,nar,2026-09-21,42.21,57.7,28.1,44.7,23.0,45.0,48.8,履歴少
202646092109,2026-09-21,9,トゥルーバローズ,3.0,3.0,加藤翔馬,57.0,,3.0,3.0,金沢,熊本地震被災者支援特(A1),1:31.1,0.7,曇,3.0,1.0,金沢,楽天ポイントが貯まる(A1),1:31.0,1.3,晴,4.0,3.0,金沢,能登復興祈念百万石か(重賞),1:31.1,0.4,曇,2.0,3.0,金沢,スマホで投票!楽天競(A1),1:38.0,1.4,晴,2.0,3.0,金沢,スマホで投票!楽天競(A1),1:29.9,0.8,曇,14.4,5.0,,nar,2026-09-21,67.15,84.4,46.9,100.0,48.5,60.7,59.5,金沢実績 / 履歴少 / 安定感 / 市場オッズ妙味
202636092109,2026-09-21,9,トレモロ,4.0,4.0,山本政聡,56.0,,6.0,8.0,水沢,弘南鉄道乗りにいきま(3歳A),1:44.0,1.5,曇,5.0,5.0,盛岡,3歳B1,1:40.2,1.3,曇,3.0,6.0,盛岡,3歳B1,1:38.9,0.3,小雨,8.0,7.0,盛岡,やまびこ賞(重賞),1:55.3,4.2,小雨,10.0,3.0,水沢,3歳B1,1:45.1,2.4,晴,51.8,8.0,,nar,2026-09-21,53.2,61.1,52.3,44.7,53.0,51.5,46.0,クラス条件好転 / 履歴少
202665092109,2026-09-21,9,ドウナンカツユウホ,6.0,6.0,鈴木恵介,640.0,,,,,,,,,,,,,,,,,,,,,,,,,,,,,,,,,,,,,,,,nar,2026-09-21,36.0,35.0,35.0,35.0,35.0,35.0,45.0,履歴少
202646092109,2026-09-21,9,ドライブアウェイ,9.0,8.0,栗原大河,55.0,,7.0,5.0,金沢,熊本地震被災者支援特(A1),1:32.2,1.8,曇,5.0,4.0,金沢,楽天ポイントが貯まる(A1),1:31.6,1.9,晴,3.0,5.0,金沢,加賀友禅賞【読売レデ(重賞),1:38.0,1.1,曇,7.0,4.0,金沢,スマホで投票!楽天競(A1),1:32.2,3.1,曇,8.0,4.0,高知,スピカ特別,1:32.0,2.5,曇,82.6,8.0,,nar,2026-09-21,49.36,61.5,40.8,44.7,42.5,48.3,51.2,金沢実績 / 履歴少
202636092109,2026-09-21,9,ナッツナッツ,5.0,5.0,高松亮,56.0,,7.0,8.0,水沢,豊間根川源流賞(3歳B1),1:31.1,3.1,曇,6.0,8.0,盛岡,3歳B1,1:41.5,2.6,曇,8.0,6.0,盛岡,3歳B2一組,1:26.5,1.6,小雨,5.0,1.0,盛岡,3歳B1,1:39.8,1.0,雨,1.0,7.0,盛岡,3歳B2一組,1:26.2,-0.5,晴,34.2,6.0,,nar,2026-09-21,49.82,59.7,53.1,24.9,38.0,56.7,48.8,履歴少 / 市場オッズ妙味
202646092109,2026-09-21,9,ハクサンアルタイル,10.0,8.0,鈴木太一,57.0,,4.0,6.0,金沢,熊本地震被災者支援特(A1),1:31.7,1.3,曇,4.0,5.0,金沢,スマホで投票!楽天競(A1),1:39.1,1.2,晴,9.0,6.0,金沢,能登復興祈念百万石か(重賞),1:32.9,2.2,曇,4.0,7.0,金沢,スマホで投票!楽天競(A1),1:38.6,2.0,晴,7.0,10.0,金沢,日本海スプリント(重賞),1:31.9,1.6,曇,160.8,9.0,,nar,2026-09-21,61.23,65.6,57.1,69.9,62.0,57.4,52.9,金沢実績 / 履歴少 / 安定感
202646092109,2026-09-21,9,ハクサンバード,4.0,4.0,田知弘久,57.0,,7.0,4.0,名古屋,ベイスプリント(重賞),0:55.8,1.8,晴,3.0,2.0,金沢,スマホで投票!楽天競(A1),1:38.1,1.5,晴,4.0,6.0,金沢,日本海スプリント(重賞),1:31.4,1.1,曇,2.0,1.0,金沢,スプリング特別【金沢(4歳),1:33.1,0.5,曇,2.0,1.0,金沢,楽天競馬で馬券を買お(A1),1:33.1,0.6,雨,16.4,6.0,,nar,2026-09-21,56.75,74.7,42.9,69.6,24.5,59.3,59.5,金沢実績 / 履歴少 / 安定感 / 市場オッズ妙味
202646092109,2026-09-21,9,ハクサンパイオニア,1.0,1.0,吉原寛人,57.0,,2.0,2.0,名古屋,ベイスプリント(重賞),0:55.0,1.0,晴,1.0,2.0,金沢,能登復興祈念百万石か(重賞),1:30.7,-0.1,曇,4.0,2.0,金沢,スマホで投票!楽天競(A1),1:32.9,1.4,晴,3.0,4.0,金沢,金沢スプリングC(重賞),1:32.2,0.5,晴,4.0,4.0,金沢,スプリング特別【金沢(4歳),1:34.0,1.4,曇,5.7,3.0,,nar,2026-09-21,69.35,88.0,50.0,100.0,56.0,57.4,59.5,金沢実績 / 履歴少 / 安定感
202655092109,2026-09-21,9,ハートニヒヲツケテ,9.0,6.0,山田義貴,54.0,,8.0,2.0,佐賀,SAGAリベンジャー(C2),1:36.0,3.3,曇,6.0,9.0,5東京7,2歳未勝利,1:22.3,0.6,晴,4.0,6.0,5東京4,2歳未勝利,1:22.5,0.4,晴,6.0,10.0,4新潟1,2歳未勝利,1:34.7,0.8,曇,5.0,5.0,2新潟8,2歳未勝利,1:36.4,0.6,晴,9.6,3.0,,nar,2026-09-21,49.18,59.1,49.3,30.1,33.5,59.2,48.8,履歴少
202646092109,2026-09-21,9,パンテレリア,2.0,2.0,中島龍也,57.0,,1.0,1.0,金沢,金沢競馬は楽天競馬で(A2),1:53.4,0.0,晴,1.0,1.0,金沢,金沢競馬は楽天競馬で(A2),1:53.6,-0.4,晴,1.0,3.0,金沢,柴山潟特別(B1),1:38.2,-0.5,曇,1.0,1.0,金沢,B12,1:32.6,-0.8,曇,1.0,2.0,金沢,B22,1:31.4,-0.1,曇,13.6,4.0,,nar,2026-09-21,73.61,100.0,53.5,100.0,50.0,63.1,59.5,金沢実績 / 履歴少 / 安定感 / 市場オッズ妙味
202655092109,2026-09-21,9,フライトブルー,5.0,4.0,中山蓮王,54.0,,10.0,10.0,佐賀,第5回BAOO優駿(C2),1:29.4,2.7,小雨,12.0,9.0,佐賀,C2ー10組,1:39.4,6.3,雨,10.0,9.0,佐賀,C2ー9組,1:35.4,3.7,小雨,10.0,9.0,佐賀,C2ー10組,1:28.6,4.5,曇,11.0,7.0,佐賀,第11回沖縄まーさん(C2),1:36.3,3.9,曇,157.8,14.0,,nar,2026-09-21,33.19,23.2,39.5,0.0,54.5,45.1,43.8,履歴少
202655092109,2026-09-21,9,ブリックヤード,8.0,5.0,椿聡太,53.0,,7.0,7.0,佐賀,第5回BAOO優駿(C2),1:28.6,1.9,小雨,9.0,9.0,佐賀,C2ー19組,1:36.0,4.4,曇,6.0,10.0,佐賀,3歳ー6組,1:33.6,1.6,晴,8.0,5.0,佐賀,3歳ー6組,1:35.2,2.8,小雨,9.0,7.0,佐賀,3歳ー7組,1:36.2,3.6,曇,142.2,13.0,,nar,2026-09-21,43.57,46.8,51.0,0.0,56.0,50.9,43.8,履歴少
202655092109,2026-09-21,9,ブレイブシュガー,4.0,3.0,長谷川蓮,56.0,,7.0,4.0,2新潟5,3歳未勝利,1:14.4,1.5,晴,7.0,8.0,3東京5,3歳未勝利,1:25.3,1.2,小雨,9.0,9.0,2東京12,3歳未勝利,1:40.7,1.6,晴,5.0,9.0,2東京5,3歳未勝利,1:21.3,1.6,晴,5.0,9.0,3中山6,3歳未勝利,1:13.1,1.5,晴,1.4,1.0,,nar,2026-09-21,48.56,52.8,52.3,24.9,47.0,55.0,48.8,履歴少
202655092109,2026-09-21,9,ボンスヴニール,13.0,8.0,出水拓人,54.0,,8.0,8.0,佐賀,第5回BAOO優駿(C2),1:28.8,2.1,小雨,8.0,5.0,佐賀,C2ー19組,1:35.2,3.6,曇,6.0,10.0,佐賀,SAGAリベンジャー(3歳),1:33.5,1.8,曇,7.0,8.0,佐賀,3歳ー6組,1:35.2,2.8,小雨,6.0,8.0,佐賀,3歳ー7組,1:35.9,3.3,曇,90.5,11.0,,nar,2026-09-21,44.0,50.0,52.8,0.0,42.5,54.2,46.5,前走人気以上
202646092109,2026-09-21,9,メイショウコウシ,8.0,7.0,松戸政也,57.0,,10.0,10.0,金沢,B22,1:40.7,2.5,雨,7.0,6.0,金沢,神代れいん生誕祭20(B1),1:41.5,3.0,曇,6.0,4.0,金沢,堀江舞アナ明日8月5(B1特別),1:35.5,2.6,晴,,,金沢,miCometビジネ(B1),,,晴,1.0,8.0,金沢,やすくん&なおちゃん(B2),1:33.6,-0.5,曇,457.1,10.0,,nar,2026-09-21,42.4,51.1,50.6,10.3,18.0,55.9,47.1,履歴少
202655092109,2026-09-21,9,メガクローム,1.0,1.0,加茂飛翔,56.0,,8.0,1.0,佐賀,UMATENA賞(C2),1:28.8,0.5,小雨,8.0,6.0,高知,3歳ー6,1:29.0,4.4,晴,7.0,6.0,高知,3歳ー3,1:51.0,3.4,晴,12.0,5.0,高知,3歳ー6,1:30.8,6.3,晴,,,高知,3歳ー5,,,雨,41.7,8.0,,nar,2026-09-21,33.17,40.6,20.0,0.0,56.0,37.8,50.0,総合評価
202636092109,2026-09-21,9,ライクシュガー,1.0,1.0,佐々木志,54.0,,4.0,7.0,水沢,豊間根川源流賞(3歳B1),1:30.6,2.6,曇,5.0,8.0,盛岡,3歳B1,1:41.0,1.7,曇,,,盛岡,ひまわり賞(重賞),,,曇,9.0,7.0,盛岡,3歳B1,1:41.4,2.8,小雨,4.0,2.0,盛岡,3歳B1,1:39.7,0.9,雨,50.8,7.0,,nar,2026-09-21,60.89,66.2,60.1,65.7,62.0,55.1,48.8,前走人気以上 / 履歴少 / 安定感
202655092109,2026-09-21,9,ラリュンヌ,7.0,5.0,後藤武蔵,51.0,,3.0,9.0,佐賀,C2ー23組,1:34.9,1.2,小雨,10.0,4.0,佐賀,C2ー21組,1:36.0,3.8,曇,4.0,6.0,佐賀,3歳ー8組,1:33.1,1.0,晴,4.0,6.0,佐賀,3歳ー8組,1:24.9,0.6,雨,6.0,10.0,佐賀,3歳ー9組,1:34.3,2.0,晴,20.2,5.0,,nar,2026-09-21,62.33,64.8,60.0,64.7,68.0,61.5,52.5,佐賀実績 / 前走人気以上 / 近走上向き / 安定感
202636092109,2026-09-21,9,リアルライン,9.0,7.0,高橋悠里,56.0,,11.0,2.0,水沢,弘南鉄道乗りにいきま(3歳A),1:45.3,2.8,曇,3.0,2.0,水沢,ウイナーC(重賞),1:27.9,0.5,晴,1.0,2.0,盛岡,イーハトーブマイル(重賞),1:39.2,-0.3,晴,1.0,2.0,盛岡,3歳B1一組,1:25.1,-0.1,晴,1.0,2.0,水沢,3歳B1,1:43.4,-0.2,曇,3.0,2.0,,nar,2026-09-21,48.88,71.7,32.2,69.6,0.0,50.1,57.0,水沢実績 / クラス条件好転 / 履歴少 / 安定感
202655092109,2026-09-21,9,レネガード,10.0,6.0,川島拓,56.0,,4.0,3.0,佐賀,UMATENA賞(C2),1:28.5,0.2,小雨,3.0,5.0,佐賀,C2ー22組,1:34.3,0.5,曇,4.0,7.0,佐賀,SAGAリベンジャー(C2),1:26.4,1.8,雨,7.0,5.0,佐賀,C2ー11組,1:33.7,1.7,小雨,4.0,4.0,佐賀,C2ー14組,1:27.6,1.6,曇,25.9,7.0,,nar,2026-09-21,63.98,74.5,53.5,85.4,53.0,57.6,56.2,佐賀実績 / 履歴少 / 安定感 / 市場オッズ妙味
202636092109,2026-09-21,9,レノヴァティオ,6.0,6.0,大坪慎,56.0,,11.0,9.0,盛岡,不来方賞(JpnII),2:11.9,11.0,曇,4.0,3.0,盛岡,3歳B1,1:39.2,0.6,小雨,2.0,6.0,盛岡,やまびこ賞(重賞),1:52.6,1.5,小雨,7.0,3.0,盛岡,3歳B1,1:40.8,1.3,晴,1.0,3.0,水沢,3歳B2,1:28.5,-0.2,曇,19.9,5.0,,nar,2026-09-21,49.07,61.1,46.9,55.0,5.0,61.6,48.8,履歴少 / 市場オッズ妙味
202636092110,2026-09-21,10,アオイノユメ,9.0,8.0,坂井瑛音,54.0,,4.0,5.0,盛岡,OROターフ特別(OP),1:38.7,1.8,曇,12.0,8.0,盛岡,いしがきマイラーズ(重賞),1:39.7,3.4,小雨,7.0,7.0,佐賀,水無月特別(B),2:00.5,1.3,雨,7.0,4.0,佐賀,青葉特別(B),1:57.5,2.8,晴,6.0,10.0,佐賀,佐賀ヴィーナスC(重賞),1:55.3,1.3,雨,19.1,9.0,,nar,2026-09-21,50.83,50.2,45.0,30.4,74.0,59.2,51.8,クラス条件好転 / 近走上向き / 市場オッズ妙味
202636092110,2026-09-21,10,アキミューミュー,5.0,5.0,菅原辰徳,54.0,,1.0,1.0,水沢,B2三組,1:42.6,0.0,曇,2.0,1.0,盛岡,C2二組,1:26.8,0.2,曇,2.0,2.0,盛岡,C2三組,1:26.5,1.0,曇,1.0,1.0,盛岡,C2六組,1:13.1,-0.9,曇,1.0,1.0,盛岡,C2九組,1:12.2,-0.6,曇,4.3,2.0,,nar,2026-09-21,69.59,96.4,48.3,100.0,53.0,55.6,48.8,履歴少 / 安定感
202646092110,2026-09-21,10,エーティータキオン,6.0,6.0,栗原大河,57.0,,7.0,1.0,金沢,C15,1:34.3,3.4,雨,16.0,16.0,2福島5,3歳以上1勝クラス,1:11.0,3.2,曇,,14.0,1新潟6,障害4歳以上未勝利,,,晴,15.0,15.0,1京都9,4歳以上1勝クラス,1:15.6,2.8,晴,15.0,16.0,5中京6,3歳以上1勝クラス,1:14.5,2.0,小雨,24.5,3.0,,nar,2026-09-21,37.76,19.7,35.0,0.0,100.0,47.6,51.8,クラス条件好転 / 近走上向き
202665092110,2026-09-21,10,エーデルシュタイン,1.0,1.0,金田利貴,640.0,,,,,,,,,,,,,,,,,,,,,,,,,,,,,,,,,,,,,,,,nar,2026-09-21,36.18,35.0,35.0,35.0,35.0,35.0,46.8,履歴少
202636092110,2026-09-21,10,オプティクス,8.0,7.0,山本聡哉,57.0,,4.0,3.0,水沢,B2,1:28.7,1.7,雨,7.0,3.0,盛岡,ハダル賞(B2),1:39.7,1.3,曇,1.0,1.0,盛岡,ストロベリーキャンド(C1),1:25.3,-0.3,晴,2.0,3.0,盛岡,C1,1:26.1,1.2,曇,6.0,3.0,盛岡,C1,1:26.9,1.1,曇,8.9,5.0,,nar,2026-09-21,57.1,75.4,39.7,64.7,50.0,54.8,50.0,安定感
202636092110,2026-09-21,10,クラキンカ,7.0,7.0,小林凌,57.0,,2.0,5.0,盛岡,リギル賞(C1),1:26.4,0.0,曇,6.0,5.0,盛岡,C1四組,1:27.4,0.9,曇,2.0,5.0,盛岡,C1四組,1:27.1,0.4,晴,7.0,8.0,盛岡,C1四組,1:27.5,0.6,曇,8.0,10.0,盛岡,イグナイター特別(C1),1:27.8,0.9,曇,14.7,7.0,,nar,2026-09-21,64.13,73.2,61.3,50.2,72.5,66.6,48.8,前走人気以上 / 履歴少 / 近走上向き / 過小評価傾向
202646092110,2026-09-21,10,クレイプマートル,2.0,2.0,望月洵輝,55.0,,3.0,2.0,金沢,芝柏42期生!朝の教(C1),1:33.7,0.1,曇,6.0,6.0,金沢,B25,1:40.1,1.7,晴,4.0,2.0,金沢,津田さんお疲れ様杯(B2),1:34.1,0.7,晴,7.0,2.0,金沢,「葛山画伯」記念(B2),1:41.0,3.3,曇,4.0,3.0,金沢,心星ひなまる永遠の5(B2),1:34.3,1.3,曇,22.6,2.0,,nar,2026-09-21,56.82,70.9,39.3,60.5,63.5,50.5,55.9,金沢実績 / クラス条件好転 / 履歴少 / 安定感
202665092110,2026-09-21,10,サカノカイリキ,8.0,8.0,中山直樹,640.0,,,,,,,,,,,,,,,,,,,,,,,,,,,,,,,,,,,,,,,,nar,2026-09-21,36.0,35.0,35.0,35.0,35.0,35.0,45.0,履歴少
202646092110,2026-09-21,10,シェーンシュタット,1.0,1.0,青柳正義,57.0,,8.0,8.0,金沢,C15,1:34.7,3.8,雨,3.0,4.0,金沢,能登復興支援舳倉島特(C1C2),0:58.0,0.5,晴,8.0,7.0,金沢,C15,1:34.8,0.6,曇,5.0,5.0,金沢,C15,1:33.8,1.1,雨,4.0,9.0,金沢,楽天競馬で馬券を買お(C2),1:34.4,1.2,曇,51.6,6.0,,nar,2026-09-21,53.03,60.8,54.0,49.8,32.0,56.8,52.9,金沢実績 / 履歴少
202665092110,2026-09-21,10,スタージャガー,3.0,3.0,阿部武臣,630.0,,,,,,,,,,,,,,,,,,,,,,,,,,,,,,,,,,,,,,,,nar,2026-09-21,36.0,35.0,35.0,35.0,35.0,35.0,45.0,履歴少
202636092110,2026-09-21,10,ソルデベラーノ,6.0,6.0,高橋悠里,56.0,,1.0,5.0,水沢,B1,1:29.2,0.0,曇,3.0,4.0,盛岡,B1B2混合,1:12.5,0.6,曇,4.0,10.0,盛岡,いわて北緯40度岩手(B2),1:00.4,0.5,晴,8.0,9.0,盛岡,B2一組,1:40.6,1.2,曇,9.0,7.0,盛岡,B1,1:00.8,1.3,晴,13.2,6.0,,nar,2026-09-21,70.7,76.5,68.1,75.1,80.0,67.5,48.8,前走人気以上 / 履歴少 / 人気以上に走る傾向 / 近走上向き
202646092110,2026-09-21,10,ダフニス,3.0,3.0,甲賀弘隆,57.0,,3.0,8.0,金沢,熊本地震被災者支援雲(B2),1:39.3,0.3,曇,1.0,2.0,金沢,C16,1:33.4,-0.3,晴,6.0,5.0,金沢,睦斗小学校入学&紬ほ(C1),1:34.5,1.3,曇,,,金沢,C14,,0.0,雨,4.0,4.0,金沢,C16,1:42.2,1.6,曇,26.8,4.0,,nar,2026-09-21,66.44,82.1,62.9,65.7,54.0,60.4,55.3,金沢実績 / 前走人気以上 / 履歴少 / 安定感
202665092110,2026-09-21,10,トマランサカミカゼ,6.0,6.0,今井千尋,630.0,,,,,,,,,,,,,,,,,,,,,,,,,,,,,,,,,,,,,,,,nar,2026-09-21,36.0,35.0,35.0,35.0,35.0,35.0,45.0,履歴少
202636092110,2026-09-21,10,トリプルバレル,2.0,2.0,山本政聡,56.0,,2.0,2.0,水沢,ポルックス賞(C1),1:28.2,0.0,曇,4.0,3.0,盛岡,岩手ビッグブルズシー(C1),1:39.2,0.4,曇,3.0,2.0,盛岡,ミルクティーローズ賞(C1),1:40.2,0.5,曇,1.0,1.0,盛岡,C2一組,1:26.1,-0.6,晴,1.0,1.0,盛岡,C2一組,1:26.5,-1.2,曇,3.7,1.0,,nar,2026-09-21,66.66,88.4,46.9,100.0,51.5,54.3,48.8,履歴少 / 安定感
202646092110,2026-09-21,10,トレヴィーテ,7.0,7.0,鈴木太一,55.0,,7.0,4.0,金沢,登志雄さん70歳お誕(C1),1:43.6,2.8,雨,7.0,5.0,金沢,スマホで投票!楽天競(C2),1:43.3,2.8,晴,9.0,7.0,金沢,C16,1:43.8,2.4,曇,9.0,10.0,金沢,楽天競馬で馬券を買お(C1C2),0:58.2,1.9,曇,9.0,7.0,金沢,C16,1:44.6,4.0,曇,118.5,7.0,,nar,2026-09-21,39.37,44.9,36.9,0.0,59.0,46.4,43.8,履歴少
202665092110,2026-09-21,10,ヒカリファイヤー,9.0,8.0,松本秀克,640.0,,,,,,,,,,,,,,,,,,,,,,,,,,,,,,,,,,,,,,,,nar,2026-09-21,36.0,35.0,35.0,35.0,35.0,35.0,45.0,履歴少
202636092110,2026-09-21,10,ビアンカ,3.0,3.0,佐々木志,54.0,,8.0,7.0,水沢,ポルックス賞(C1),1:30.6,2.4,曇,2.0,5.0,盛岡,いわてくじ山形村短角(C1),1:26.5,0.2,曇,4.0,4.0,盛岡,C1三組,1:26.5,1.1,曇,3.0,5.0,盛岡,C1三組,1:26.6,0.5,晴,4.0,2.0,盛岡,C1,1:00.6,0.6,曇,32.7,10.0,,nar,2026-09-21,56.76,71.4,53.7,69.6,21.5,57.6,48.8,履歴少 / 安定感 / 市場オッズ妙味
202636092110,2026-09-21,10,プリティキッス,1.0,1.0,高松亮,55.0,,8.0,10.0,水沢,B1,0:51.5,1.6,雨,10.0,5.0,盛岡,ポーチュラカ賞(B1),1:12.6,1.8,雨,1.0,4.0,盛岡,B1,1:12.5,0.0,曇,4.0,4.0,盛岡,B2,0:59.8,0.6,雨,1.0,5.0,盛岡,B2,1:12.4,-0.2,晴,15.8,8.0,,nar,2026-09-21,52.51,61.5,52.6,44.7,26.0,66.4,48.8,履歴少 / 過小評価傾向 / 市場オッズ妙味
202636092110,2026-09-21,10,ミヤギシリウス,4.0,4.0,阿部英俊,54.0,,2.0,3.0,水沢,B2一組,1:42.0,0.8,曇,10.0,10.0,盛岡,納涼特別(A),1:40.9,1.4,曇,8.0,8.0,盛岡,ハヤテ特別(OP),1:26.2,1.0,曇,4.0,6.0,水沢,水無月特別(A),1:40.6,1.0,小雨,7.0,6.0,水沢,初夏特別(A),1:41.7,3.9,雨,5.0,3.0,,nar,2026-09-21,58.67,60.1,53.4,45.0,81.5,58.1,57.0,水沢実績 / クラス条件好転 / 履歴少 / 近走上向き
202665092110,2026-09-21,10,ミントエース,2.0,2.0,西将太,640.0,,,,,,,,,,,,,,,,,,,,,,,,,,,,,,,,,,,,,,,,nar,2026-09-21,36.0,35.0,35.0,35.0,35.0,35.0,45.0,履歴少
202665092110,2026-09-21,10,ミンナノユメヲノセ,5.0,5.0,大友一馬,640.0,,,,,,,,,,,,,,,,,,,,,,,,,,,,,,,,,,,,,,,,nar,2026-09-21,36.0,35.0,35.0,35.0,35.0,35.0,45.0,履歴少
202646092110,2026-09-21,10,メイショウヒュウガ,4.0,4.0,加藤翔馬,57.0,,1.0,1.0,金沢,C15,1:31.6,-0.4,晴,1.0,1.0,金沢,C25,1:32.9,-2.4,晴,1.0,1.0,金沢,佐藤家&生頼家★結婚(C2),1:40.5,-2.7,晴,1.0,1.0,金沢,C29,1:38.9,-0.8,晴,9.0,8.0,3阪神1,城崎特別(1勝クラス),1:47.0,1.5,晴,1.0,1.0,,nar,2026-09-21,69.03,93.4,49.3,89.7,62.0,49.4,59.5,金沢実績 / 履歴少 / 安定感
202665092110,2026-09-21,10,ヨシノヒーロー,7.0,7.0,船山蔵人,640.0,,,,,,,,,,,,,,,,,,,,,,,,,,,,,,,,,,,,,,,,nar,2026-09-21,36.18,35.0,35.0,35.0,35.0,35.0,46.8,履歴少
202665092110,2026-09-21,10,リアンドノール,4.0,4.0,西謙一,640.0,,,,,,,,,,,,,,,,,,,,,,,,,,,,,,,,,,,,,,,,nar,2026-09-21,36.0,35.0,35.0,35.0,35.0,35.0,45.0,履歴少
202646092110,2026-09-21,10,ルビープリンセス,5.0,5.0,魚住謙心,55.0,,6.0,7.0,金沢,友朗&杏奈ハッピーウ(C1),1:41.1,0.3,雨,5.0,6.0,金沢,能登復興支援舳倉島特(C1C2),0:58.2,0.7,晴,6.0,4.0,金沢,能登復興支援禄剛崎特(C2),1:36.0,2.5,晴,9.0,8.0,金沢,つばさ&ひかるバース(C1),1:35.8,2.8,曇,3.0,1.0,金沢,第1回えみこた日和記(C2特別),1:36.3,0.5,晴,33.6,5.0,,nar,2026-09-21,51.14,61.0,48.6,35.3,48.5,52.8,49.6,履歴少 / 市場オッズ妙味
202636092110,2026-09-21,10,レーザースペックル,10.0,8.0,塚本涼人,56.0,,2.0,2.0,水沢,B2,1:28.4,1.4,雨,1.0,2.0,盛岡,B2,1:25.9,-0.3,曇,1.0,1.0,盛岡,C1二組,1:38.8,-0.2,曇,1.0,2.0,盛岡,C1五組,1:26.4,-0.8,曇,7.0,11.0,船橋,馬い!馬い!唐津小松(C1),1:45.9,1.2,晴,6.8,4.0,,nar,2026-09-21,69.97,92.6,55.7,89.7,53.0,62.1,48.8,履歴少 / 安定感
202665092111,2026-09-21,11,アオノソルテ,7.0,7.0,赤塚健仁,700.0,,,,,,,,,,,,,,,,,,,,,,,,,,,,,,,,,,,,,,,,nar,2026-09-21,36.0,35.0,35.0,35.0,35.0,35.0,45.0,履歴少
202665092111,2026-09-21,11,アサゾラ,3.0,3.0,金田利貴,705.0,,,,,,,,,,,,,,,,,,,,,,,,,,,,,,,,,,,,,,,,nar,2026-09-21,36.0,35.0,35.0,35.0,35.0,35.0,45.0,履歴少
202665092111,2026-09-21,11,アヤノダイマオー,9.0,8.0,大友一馬,700.0,,,,,,,,,,,,,,,,,,,,,,,,,,,,,,,,,,,,,,,,nar,2026-09-21,36.0,35.0,35.0,35.0,35.0,35.0,45.0,履歴少
202636092111,2026-09-21,11,インディーフィルム,2.0,2.0,阿部英俊,54.0,,5.0,9.0,水沢,B1,1:30.0,1.1,曇,8.0,8.0,盛岡,B1,1:13.4,1.1,曇,10.0,8.0,盛岡,オーガストC(B2),1:27.3,1.8,晴,6.0,1.0,盛岡,B2,1:27.0,1.3,雨,1.0,5.0,盛岡,B2,1:25.3,0.0,曇,25.4,11.0,,nar,2026-09-21,53.23,56.3,53.5,40.7,57.5,56.9,48.8,前走人気以上 / 履歴少 / 市場オッズ妙味
202636092111,2026-09-21,11,ウワサノハルカ,8.0,6.0,高橋悠里,54.0,,6.0,6.0,水沢,C1,0:51.6,0.9,曇,1.0,4.0,盛岡,C1,1:12.9,0.0,曇,2.0,2.0,盛岡,C2,1:00.3,1.0,曇,2.0,1.0,盛岡,C2,1:00.4,0.1,晴,1.0,2.0,盛岡,C2,1:00.6,-0.2,曇,22.5,10.0,,nar,2026-09-21,61.15,85.1,54.9,69.6,23.0,58.2,48.8,履歴少 / 安定感 / 市場オッズ妙味
202665092111,2026-09-21,11,エムタカラ,5.0,5.0,長澤幸太,700.0,,,,,,,,,,,,,,,,,,,,,,,,,,,,,,,,,,,,,,,,nar,2026-09-21,36.0,35.0,35.0,35.0,35.0,35.0,45.0,履歴少
202665092111,2026-09-21,11,カイセドクター,4.0,4.0,阿部優哉,700.0,,,,,,,,,,,,,,,,,,,,,,,,,,,,,,,,,,,,,,,,nar,2026-09-21,36.0,35.0,35.0,35.0,35.0,35.0,45.0,履歴少
202636092111,2026-09-21,11,キャピタルプレイン,11.0,8.0,菅原辰徳,54.0,,3.0,4.0,水沢,B2,1:28.5,1.5,雨,4.0,2.0,盛岡,B2,1:38.6,0.3,雨,6.0,1.0,盛岡,B2,1:46.0,0.9,曇,3.0,4.0,盛岡,夢・希望未来へ前進(B2),1:38.8,0.3,曇,8.0,9.0,盛岡,ソウルラッシュ特別(B2),1:26.2,1.6,晴,10.5,6.0,,nar,2026-09-21,59.83,73.1,43.5,69.9,63.5,57.4,48.8,履歴少 / 安定感
202665092111,2026-09-21,11,クリスタルイプセ,6.0,6.0,島津新,680.0,,,,,,,,,,,,,,,,,,,,,,,,,,,,,,,,,,,,,,,,nar,2026-09-21,36.18,35.0,35.0,35.0,35.0,35.0,46.8,履歴少
202665092111,2026-09-21,11,コウシュハメジャー,1.0,1.0,渡来心路,705.0,,,,,,,,,,,,,,,,,,,,,,,,,,,,,,,,,,,,,,,,nar,2026-09-21,36.18,35.0,35.0,35.0,35.0,35.0,46.8,履歴少
202636092111,2026-09-21,11,ゴールドクレスト,5.0,5.0,斉藤友香,52.0,,6.0,9.0,水沢,B2,1:29.3,2.3,雨,9.0,5.0,盛岡,いわて北緯40度葛巻(B2),1:41.3,1.9,晴,6.0,4.0,盛岡,B2一組,1:40.0,0.6,曇,1.0,4.0,盛岡,B2,1:38.7,0.0,曇,1.0,9.0,盛岡,イグナイター特別(C1),1:26.9,-0.2,曇,20.4,9.0,,nar,2026-09-21,52.23,64.0,55.5,24.9,39.5,59.9,48.8,前走人気以上 / 履歴少 / 市場オッズ妙味
202636092111,2026-09-21,11,サティスファイア,12.0,8.0,岩本怜,54.0,,4.0,2.0,水沢,B1,1:29.7,0.5,曇,8.0,3.0,盛岡,ポーチュラカ賞(B1),1:12.1,1.3,雨,1.0,2.0,盛岡,B1,1:12.2,-0.2,曇,6.0,2.0,盛岡,B1,1:00.0,1.1,曇,4.0,4.0,盛岡,B1,1:12.6,0.5,晴,5.3,2.0,,nar,2026-09-21,53.71,70.4,34.3,60.5,54.5,50.6,48.8,履歴少 / 安定感
202636092111,2026-09-21,11,サンピノン,10.0,7.0,小林凌,54.0,,1.0,2.0,盛岡,オッズパーク賞(C1),1:13.6,-0.2,曇,2.0,3.0,盛岡,シェパーズパース賞(C1),1:26.8,0.1,曇,6.0,1.0,盛岡,C1,1:27.2,1.1,晴,9.0,6.0,大井,ラスティ・ネイル賞(C213),1:31.2,2.8,雨,4.0,4.0,大井,C213 1415(C214),1:30.4,1.0,曇,11.0,7.0,,nar,2026-09-21,62.15,78.3,43.9,65.7,75.5,56.3,48.8,履歴少 / 近走上向き / 安定感
202665092111,2026-09-21,11,ジェイヒーロー,8.0,7.0,西将太,700.0,,,,,,,,,,,,,,,,,,,,,,,,,,,,,,,,,,,,,,,,nar,2026-09-21,36.0,35.0,35.0,35.0,35.0,35.0,45.0,履歴少
202636092111,2026-09-21,11,ハツナギ,4.0,4.0,塚本涼人,56.0,,7.0,2.0,盛岡,C1,1:27.5,1.9,小雨,4.0,1.0,盛岡,プルメリア賞(C1),1:40.2,0.9,曇,5.0,1.0,水沢,ディセントラ賞(C1),1:41.4,0.6,雨,1.0,1.0,水沢,C1三組,1:28.0,-1.0,曇,5.0,4.0,園田,ポピー賞C1一,1:33.2,0.3,晴,5.2,1.0,,nar,2026-09-21,50.99,69.8,27.9,69.6,30.5,48.6,59.5,水沢実績 / 履歴少 / 安定感
202636092111,2026-09-21,11,ファルシオン,6.0,5.0,山本政聡,54.0,,4.0,4.0,水沢,クラスペディア賞(C1),1:28.4,0.7,曇,7.0,3.0,盛岡,オランダ島賞(C1),1:27.0,2.1,小雨,1.0,1.0,盛岡,C1四組,1:26.5,-0.3,曇,7.0,2.0,水沢,C1,1:31.5,1.5,曇,5.0,1.0,盛岡,C1,1:00.6,0.2,曇,12.6,8.0,,nar,2026-09-21,54.85,70.4,35.0,60.5,56.0,54.4,51.2,水沢実績 / 履歴少 / 安定感 / 市場オッズ妙味
202636092111,2026-09-21,11,ペルルセレスト,3.0,3.0,鈴木祐,54.0,,2.0,4.0,水沢,B1,1:29.2,0.0,曇,3.0,5.0,盛岡,B1三組,1:39.8,0.5,曇,8.0,11.0,盛岡,フェアリーC(重賞),1:54.1,0.9,曇,9.0,5.0,盛岡,オーキッド賞(B1),1:25.8,1.8,曇,8.0,3.0,盛岡,カッパ淵賞(B1),1:26.6,1.8,晴,7.0,5.0,,nar,2026-09-21,60.97,67.4,54.2,55.3,80.0,57.0,48.8,履歴少 / 近走上向き
202636092111,2026-09-21,11,マルーントリック,7.0,6.0,佐々木志,54.0,,9.0,4.0,水沢,カウスアウストラリス(B1),1:45.1,2.7,曇,2.0,2.0,盛岡,B1三組,1:39.6,0.3,曇,8.0,5.0,盛岡,オーガストC(B2),1:26.7,1.2,晴,1.0,6.0,盛岡,B2,1:25.7,-0.4,雨,7.0,6.0,盛岡,ソウルラッシュ特別(B2),1:25.9,1.3,晴,6.5,4.0,,nar,2026-09-21,46.86,62.5,39.6,39.5,23.0,53.4,48.8,履歴少
202665092111,2026-09-21,11,ヤマトタイコー,2.0,2.0,西謙一,700.0,,,,,,,,,,,,,,,,,,,,,,,,,,,,,,,,,,,,,,,,nar,2026-09-21,36.0,35.0,35.0,35.0,35.0,35.0,45.0,履歴少
202636092111,2026-09-21,11,ヤマニンリーリオ,1.0,1.0,山本聡哉,54.0,,6.0,5.0,水沢,B1,0:51.1,1.2,雨,2.0,2.0,盛岡,秋桜賞(B1),1:25.3,0.2,曇,2.0,7.0,盛岡,オーガストC(B2),1:25.9,0.4,晴,1.0,4.0,盛岡,B2二組,1:39.4,-0.3,曇,2.0,7.0,盛岡,B2,1:38.7,0.0,曇,6.1,3.0,,nar,2026-09-21,63.45,83.4,61.5,69.6,24.5,65.5,48.8,履歴少 / 安定感 / 過小評価傾向
202665092111,2026-09-21,11,ユーフォリア,10.0,8.0,中村太陽,700.0,,,,,,,,,,,,,,,,,,,,,,,,,,,,,,,,,,,,,,,,nar,2026-09-21,36.0,35.0,35.0,35.0,35.0,35.0,45.0,履歴少
202636092111,2026-09-21,11,ロードアブソルート,9.0,7.0,山本聡紀,56.0,,10.0,9.0,水沢,クラスペディア賞(C1),1:30.1,2.4,曇,8.0,9.0,盛岡,オランダ島賞(C1),1:27.5,2.6,小雨,1.0,5.0,盛岡,C1,1:27.0,-0.2,曇,10.0,8.0,盛岡,C1三組,1:27.5,1.4,晴,4.0,5.0,盛岡,C1,1:27.8,0.9,曇,81.6,12.0,,nar,2026-09-21,46.31,51.2,53.8,30.1,24.5,54.6,48.8,履歴少
202665092112,2026-09-21,12,エクレール,1.0,1.0,阿部武臣,640.0,,,,,,,,,,,,,,,,,,,,,,,,,,,,,,,,,,,,,,,,nar,2026-09-21,36.0,35.0,35.0,35.0,35.0,35.0,45.0,履歴少
202636092112,2026-09-21,12,キララカ,7.0,6.0,阿部英俊,54.0,,10.0,12.0,水沢,弘南鉄道乗りにいきま(3歳A),1:45.2,2.7,曇,7.0,9.0,盛岡,3歳B1,1:42.2,2.9,曇,10.0,11.0,盛岡,ひまわり賞(重賞),1:57.1,2.8,曇,8.0,9.0,盛岡,3歳B1,1:39.9,1.3,小雨,8.0,8.0,盛岡,3歳B1,1:40.3,1.5,雨,566.8,12.0,,nar,2026-09-21,42.66,38.0,60.1,0.0,39.5,54.8,51.8,クラス条件好転 / 履歴少
202636092112,2026-09-21,12,クイーンオメガ,5.0,5.0,鈴木祐,54.0,,5.0,10.0,水沢,弘南鉄道乗りにいきま(3歳A),1:44.0,1.5,曇,9.0,5.0,盛岡,3歳B1,1:46.1,6.8,曇,11.0,10.0,盛岡,ひまわり賞(重賞),1:57.1,2.8,曇,10.0,7.0,盛岡,アンバー賞(3歳),1:47.7,3.4,曇,4.0,7.0,盛岡,3歳B1,1:40.4,0.9,晴,139.6,9.0,,nar,2026-09-21,50.96,45.5,51.4,40.7,71.0,52.1,51.8,クラス条件好転 / 前走人気以上 / 履歴少 / 近走上向き
202636092112,2026-09-21,12,コンバットキャモ,8.0,6.0,大坪慎,54.0,,1.0,1.0,水沢,3歳B2二組,1:28.5,-0.6,曇,8.0,2.0,盛岡,3歳C1一組,1:27.4,1.3,曇,3.0,3.0,盛岡,3歳B2二組,1:27.5,0.9,晴,5.0,8.0,盛岡,3歳B2二組,1:25.8,0.4,小雨,3.0,6.0,水沢,3歳B2一組,1:33.6,1.8,晴,191.5,10.0,,nar,2026-09-21,63.33,76.6,44.8,75.1,72.5,53.5,59.5,水沢実績 / 履歴少 / 近走上向き / 安定感
202665092112,2026-09-21,12,サカノハマナカ,6.0,6.0,船山蔵人,650.0,,,,,,,,,,,,,,,,,,,,,,,,,,,,,,,,,,,,,,,,nar,2026-09-21,36.18,35.0,35.0,35.0,35.0,35.0,46.8,履歴少
202636092112,2026-09-21,12,サスケベラ,9.0,7.0,菅原辰徳,54.0,,9.0,10.0,盛岡,不来方賞(JpnII),2:08.5,7.6,曇,7.0,8.0,盛岡,ひまわり賞(重賞),1:55.9,1.6,曇,7.0,4.0,盛岡,やまびこ賞(重賞),1:54.8,3.7,小雨,1.0,4.0,水沢,3歳B1,1:42.7,0.0,晴,2.0,2.0,水沢,3歳B1,1:45.0,0.1,晴,106.1,8.0,,nar,2026-09-21,48.05,58.3,52.8,24.9,21.5,53.9,59.5,水沢実績 / 履歴少
202665092112,2026-09-21,12,ジェイマーシー,7.0,7.0,長澤幸太,650.0,,,,,,,,,,,,,,,,,,,,,,,,,,,,,,,,,,,,,,,,nar,2026-09-21,36.0,35.0,35.0,35.0,35.0,35.0,45.0,履歴少
202636092112,2026-09-21,12,スカルラッティ,4.0,4.0,高橋悠里,54.0,,4.0,6.0,盛岡,ひまわり賞(重賞),1:55.2,0.9,曇,3.0,3.0,盛岡,3歳C1二組,1:26.8,0.7,小雨,1.0,1.0,盛岡,3歳C2二組,1:14.5,-0.2,曇,2.0,1.0,水沢,3歳C2五組,1:22.4,0.0,小雨,2.0,3.0,水沢,3歳C2三組,1:22.3,0.5,雨,40.3,6.0,,nar,2026-09-21,67.8,86.7,54.0,100.0,38.0,57.6,59.5,水沢実績 / 履歴少 / 安定感 / 市場オッズ妙味
202636092112,2026-09-21,12,セイクリスティーナ,11.0,8.0,山本聡哉,54.0,,1.0,1.0,盛岡,ひまわり賞(重賞),1:54.3,-0.4,曇,1.0,1.0,盛岡,サファイア賞(重賞),1:45.1,-0.5,晴,2.0,1.0,水沢,東北優駿(重賞),2:11.0,0.5,晴,1.0,1.0,水沢,留守杯日高賞(重賞),1:43.1,0.0,晴,1.0,1.0,水沢,あやめ賞(重賞),1:30.4,-0.8,晴,1.6,1.0,,nar,2026-09-21,70.54,98.4,48.6,100.0,51.5,51.4,59.5,水沢実績 / 履歴少 / 安定感
202636092112,2026-09-21,12,セローム,1.0,1.0,塚本涼人,54.0,,7.0,9.0,水沢,弘南鉄道乗りにいきま(3歳A),1:44.2,1.7,曇,4.0,6.0,盛岡,3歳B1,1:40.6,1.3,曇,10.0,10.0,盛岡,やまびこ賞(重賞),1:55.8,4.7,小雨,12.0,6.0,盛岡,サファイア賞(重賞),1:47.7,2.6,晴,9.0,6.0,水沢,ウイナーC(重賞),1:29.4,2.0,晴,204.5,11.0,,nar,2026-09-21,46.29,45.8,49.4,24.9,60.5,48.3,46.0,クラス条件好転 / 履歴少
202665092112,2026-09-21,12,タイトルボス,5.0,5.0,阿部優哉,650.0,,,,,,,,,,,,,,,,,,,,,,,,,,,,,,,,,,,,,,,,nar,2026-09-21,36.0,35.0,35.0,35.0,35.0,35.0,45.0,履歴少
202665092112,2026-09-21,12,タカシオ,4.0,4.0,鈴木恵介,640.0,,,,,,,,,,,,,,,,,,,,,,,,,,,,,,,,,,,,,,,,nar,2026-09-21,36.0,35.0,35.0,35.0,35.0,35.0,45.0,履歴少
202665092112,2026-09-21,12,ツカサセンター,9.0,8.0,大友一馬,650.0,,,,,,,,,,,,,,,,,,,,,,,,,,,,,,,,,,,,,,,,nar,2026-09-21,36.18,35.0,35.0,35.0,35.0,35.0,46.8,履歴少
202665092112,2026-09-21,12,ツカサファースト,8.0,8.0,西謙一,650.0,,,,,,,,,,,,,,,,,,,,,,,,,,,,,,,,,,,,,,,,nar,2026-09-21,36.0,35.0,35.0,35.0,35.0,35.0,45.0,履歴少
202636092112,2026-09-21,12,トサノデイジー,6.0,5.0,高松亮,54.0,,9.0,8.0,高知,黒潮菊花賞[地方交流(重賞),2:11.7,3.0,晴,5.0,4.0,高知,魚梁瀬杉特別(3歳),1:25.0,1.3,曇,4.0,5.0,高知,高知優駿(重賞),2:11.3,2.2,小雨,4.0,4.0,高知,山桃特別(3歳),2:06.1,2.1,晴,5.0,6.0,高知,黒潮皐月賞(重賞),1:29.7,1.7,雨,32.8,5.0,,nar,2026-09-21,52.53,61.0,48.2,69.6,23.0,56.3,48.8,履歴少 / 安定感 / 市場オッズ妙味
202665092112,2026-09-21,12,ハリケーン,3.0,3.0,菊池一樹,650.0,,,,,,,,,,,,,,,,,,,,,,,,,,,,,,,,,,,,,,,,nar,2026-09-21,36.0,35.0,35.0,35.0,35.0,35.0,45.0,履歴少
202636092112,2026-09-21,12,ヒナタ,2.0,2.0,村上忍,54.0,,1.0,1.0,盛岡,3歳B2一組,1:24.2,-0.1,曇,6.0,3.0,盛岡,ひまわり賞(重賞),1:55.3,1.0,曇,4.0,5.0,盛岡,オパールC(重賞),1:46.1,0.4,小雨,1.0,1.0,盛岡,3歳B2二組,1:24.7,-0.8,曇,1.0,1.0,盛岡,3歳C1一組,1:25.4,-1.6,晴,5.8,3.0,,nar,2026-09-21,64.45,85.3,46.1,75.1,62.0,56.2,51.8,クラス条件好転 / 履歴少 / 安定感
202665092112,2026-09-21,12,ホクトヒーロー,2.0,2.0,村上章,650.0,,,,,,,,,,,,,,,,,,,,,,,,,,,,,,,,,,,,,,,,nar,2026-09-21,36.18,35.0,35.0,35.0,35.0,35.0,46.8,履歴少 / 前走人気以上
202636092112,2026-09-21,12,ムルーデ,12.0,8.0,岩本怜,54.0,,3.0,1.0,水沢,豊間根川源流賞(3歳B1),1:29.3,1.3,曇,2.0,5.0,盛岡,ひまわり賞(重賞),1:54.7,0.4,曇,1.0,2.0,盛岡,3歳C1二組,1:26.1,-0.4,小雨,2.0,2.0,盛岡,3歳C1三組,1:27.1,0.2,曇,1.0,1.0,水沢,3歳C2四組,1:22.3,-0.1,小雨,21.8,4.0,,nar,2026-09-21,69.55,92.0,52.4,100.0,41.0,57.6,62.5,水沢実績 / クラス条件好転 / 履歴少 / 安定感
202636092112,2026-09-21,12,モズホンマデッカ,10.0,7.0,小林凌,54.0,,9.0,7.0,盛岡,ひまわり賞(重賞),1:56.5,2.2,曇,5.0,2.0,盛岡,3歳B2一組,1:25.8,0.9,小雨,2.0,3.0,盛岡,3歳B1,1:39.0,0.2,雨,1.0,2.0,盛岡,3歳B1二組,1:26.4,0.0,晴,6.0,4.0,盛岡,3歳B2一組,1:27.1,0.7,晴,69.2,7.0,,nar,2026-09-21,49.73,66.9,41.5,59.3,17.0,50.2,48.8,履歴少
202636092112,2026-09-21,12,リケアマカロニ,3.0,3.0,笹川翼,54.0,,1.0,1.0,盛岡,3歳B2二組,1:26.2,-0.3,曇,5.0,2.0,盛岡,ひまわり賞(重賞),1:55.2,0.9,曇,7.0,9.0,3東京6,3歳以上1勝クラス,1:37.1,1.8,曇,10.0,8.0,3東京1,3歳以上1勝クラス,1:38.5,0.6,晴,1.0,3.0,2東京1,3歳未勝利,1:39.0,-0.3,曇,3.2,2.0,,nar,2026-09-21,61.51,72.0,46.9,65.7,78.5,54.3,51.8,クラス条件好転 / 履歴少 / 近走上向き / 安定感
