race_id,日付,レース,馬名,馬番,枠,騎手,斤量,実着順,着順1,人気1,場1,レース名1,タイム1,着差1,馬場1,着順2,人気2,場2,レース名2,タイム2,着差2,馬場2,着順3,人気3,場3,レース名3,タイム3,着差3,馬場3,着順4,人気4,場4,レース名4,タイム4,着差4,馬場4,着順5,人気5,場5,レース名5,タイム5,着差5,馬場5,単勝オッズ,人気,オッズ更新日時,source,_date,AREru指数,因子_performance,因子_upset,因子_consistency,因子_trend,因子_value,因子_context,理由
202648092901,2026-09-29,1,アイアン,6.0,5.0,木之前葵,55.0,,7.0,3.0,名古屋,祝!娘ちゃん愛知初上(3歳),1:38.9,2.4,曇,12.0,8.0,2中京7,3歳未勝利,1:14.2,2.4,晴,7.0,5.0,2小倉8,3歳未勝利,1:49.5,1.8,晴,8.0,8.0,3阪神6,3歳未勝利,1:26.8,2.4,晴,,,,,,,,14.4,5.0,,nar,2026-09-29,36.92,39.6,29.6,0.0,62.0,44.9,50.0,市場オッズ妙味
202648092901,2026-09-29,1,アイゼンハイム,2.0,2.0,加藤誓二,57.0,,8.0,9.0,名古屋,3歳16組,1:40.8,3.6,曇,12.0,10.0,2中京6,3歳未勝利,1:58.3,3.6,曇,6.0,10.0,1新潟1,3歳未勝利,2:18.6,1.6,晴,7.0,7.0,2阪神4,3歳未勝利,2:28.7,2.3,晴,,,,,,,,42.2,9.0,,nar,2026-09-29,42.98,39.9,54.7,0.0,52.0,54.1,48.8,履歴少
202630092901,2026-09-29,1,アイルドフルール,11.0,8.0,小川悠汰,52.0,,9.0,6.0,門別,2歳未勝利,1:10.9,2.8,晴,5.0,1.0,門別,2歳未勝利,1:03.6,2.0,雨,7.0,7.0,1函館12,2歳未勝利,1:12.4,0.4,小雨,7.0,9.0,1函館8,2歳未勝利,1:10.8,1.0,曇,6.0,6.0,1函館6,2歳未勝利,1:11.3,1.1,晴,2.1,1.0,,nar,2026-09-29,42.77,52.0,38.7,24.9,33.5,49.1,50.5,門別実績
202643092901,2026-09-29,1,アオイヒビキ,2.0,2.0,所蛍,55.0,,3.0,1.0,船橋,C3四,1:18.3,1.7,曇,8.0,4.0,船橋,C3二,1:19.6,2.8,曇,1.0,3.0,船橋,C3五,1:18.3,-0.4,晴,5.0,3.0,船橋,C3六,1:18.5,1.3,曇,2.0,4.0,船橋,3歳四,1:18.2,2.3,晴,9.0,3.0,,nar,2026-09-29,60.31,75.7,40.9,75.1,56.0,56.8,56.2,船橋実績 / 履歴少 / 安定感
202648092901,2026-09-29,1,アンパシオンス,5.0,5.0,加藤利征,55.0,,11.0,10.0,名古屋,金シャチ最終戦(3歳),1:49.4,10.7,曇,12.0,11.0,名古屋,3歳15組,1:43.1,6.7,晴,14.0,12.0,2福島2,3歳未勝利,1:14.1,5.7,晴,16.0,13.0,3中山3,3歳未勝利,1:22.6,10.5,雨,,,,,,,,181.0,12.0,,nar,2026-09-29,31.11,10.1,39.2,0.0,68.0,45.2,43.8,履歴少 / 近走上向き
202648092901,2026-09-29,1,イゲマジャ,8.0,6.0,阪野学,57.0,,6.0,7.0,名古屋,3歳17組,1:41.0,1.5,曇,9.0,9.0,名古屋,3歳12組,1:40.2,4.7,晴,13.0,16.0,2福島4,3歳未勝利,1:11.0,3.3,晴,16.0,13.0,2東京5,3歳未勝利,1:43.7,5.2,晴,11.0,15.0,2中山5,3歳未勝利,1:13.9,2.1,晴,18.4,7.0,,nar,2026-09-29,44.94,30.1,56.1,0.0,87.5,56.5,46.5,前走人気以上 / 近走上向き / 市場オッズ妙味
202636092901,2026-09-29,1,イヌボウノシオカゼ,3.0,3.0,高橋悠里,54.0,,11.0,6.0,水沢,3歳C2七組,1:27.5,5.2,小雨,14.0,14.0,1札幌1,3歳未勝利,1:33.4,5.5,曇,15.0,6.0,1新潟5,3歳未勝利,0:57.6,2.7,晴,13.0,5.0,1東京8,3歳新馬,1:32.6,5.0,晴,,,,,,,,11.1,6.0,,nar,2026-09-29,23.62,7.4,15.1,0.0,68.0,34.8,48.8,履歴少 / 近走上向き
202643092901,2026-09-29,1,イマキュレイト,11.0,8.0,張田昂,56.0,,6.0,3.0,川崎,ちくさんフードフェア(C3),1:36.3,2.7,曇,2.0,2.0,船橋,C3四,1:17.0,0.4,曇,3.0,4.0,船橋,C3五,1:19.0,0.5,晴,9.0,6.0,船橋,C3二,1:19.3,2.7,晴,9.0,11.0,船橋,C3五,1:18.6,1.7,曇,12.4,8.0,,nar,2026-09-29,53.92,66.7,43.4,44.7,48.5,60.9,51.2,船橋実績 / 履歴少 / 市場オッズ妙味
202630092901,2026-09-29,1,ウィルスパングル,2.0,2.0,石川倭,55.0,,11.0,10.0,門別,2歳牝馬未勝利,1:07.6,5.4,晴,9.0,10.0,門別,2歳牝馬未勝利,1:10.9,2.0,雨,8.0,9.0,門別,2歳牝馬未勝利,1:11.2,1.9,晴,9.0,11.0,門別,2歳未勝利,1:10.8,1.7,曇,8.0,9.0,門別,2歳牝馬未勝利,1:11.0,1.6,晴,39.0,6.0,,nar,2026-09-29,38.47,33.5,53.8,0.0,35.0,54.3,43.8,履歴少
202648092901,2026-09-29,1,オリエンタルガール,10.0,7.0,渡辺竜也,55.0,,8.0,3.0,名古屋,あゆみ誕生日おめでと(3歳),1:40.0,2.5,曇,8.0,13.0,2新潟1,3歳未勝利,1:58.8,1.8,曇,7.0,13.0,2福島4,3歳未勝利,1:49.3,2.0,晴,12.0,14.0,1福島2,3歳未勝利,1:50.4,2.7,晴,9.0,12.0,1中山2,3歳未勝利,1:59.4,2.8,晴,6.0,3.0,,nar,2026-09-29,45.77,40.1,60.6,0.0,56.0,59.2,50.0,前走人気以上
202643092901,2026-09-29,1,オーデンルビー,1.0,1.0,小杉亮,54.0,,6.0,9.0,船橋,C3二,1:18.0,1.6,曇,1.0,5.0,船橋,C3五,1:18.5,-0.5,晴,6.0,7.0,川崎,C3五,1:34.2,0.9,晴,7.0,9.0,船橋,C3三,1:19.6,1.0,雨,6.0,12.0,船橋,ハートは、高鳴ってい(C3),1:18.6,1.1,晴,32.4,10.0,,nar,2026-09-29,58.43,68.8,71.1,24.9,44.0,65.1,47.1,前走人気以上 / 履歴少 / 人気以上に走る傾向 / 過小評価傾向
202630092901,2026-09-29,1,カゾクノアイ,10.0,8.0,松井伸也,55.0,,8.0,8.0,門別,CONSAOLDS賞(2歳),1:05.0,2.5,晴,11.0,10.0,門別,2歳未勝利,1:06.8,5.2,雨,9.0,10.0,門別,平取町馬事普及賞(2歳),1:05.4,3.1,晴,8.0,5.0,門別,JRA認定競走フレッ(2歳),1:07.7,4.0,曇,,,,,,,,75.5,9.0,,nar,2026-09-29,39.17,35.6,46.2,0.0,58.0,48.5,43.8,履歴少
202643092901,2026-09-29,1,カナーリオ,10.0,7.0,仲野光馬,54.0,,2.0,6.0,船橋,C3三,1:17.1,0.6,曇,6.0,7.0,船橋,虹色スプリント(C3),1:19.3,2.5,晴,7.0,7.0,船橋,C3二,1:19.1,2.5,晴,7.0,10.0,船橋,C3二,1:19.2,2.4,曇,11.0,6.0,船橋,C3二 三,1:20.0,4.5,晴,31.8,9.0,,nar,2026-09-29,58.27,62.8,59.7,30.4,84.5,56.7,46.3,前走人気以上 / 履歴少 / 近走上向き / 市場オッズ妙味
202630092901,2026-09-29,1,ガミラスマリアナ,5.0,5.0,藤田凌駕,54.0,,8.0,8.0,門別,赤黒の勇者賞(2歳),1:05.7,3.0,晴,10.0,10.0,門別,みついし産米トキノミ(2歳),1:07.3,4.1,雨,10.0,11.0,門別,グランシャリオドリー(2歳),1:05.5,2.6,晴,10.0,10.0,門別,日高山脈最高峰幌尻岳(2歳),1:06.8,4.5,晴,7.0,7.0,門別,JRA認定競走アタッ(2歳),1:05.8,4.3,晴,103.7,11.0,,nar,2026-09-29,40.73,35.3,51.4,0.0,57.5,51.6,43.8,履歴少
202646092901,2026-09-29,1,キュールエサクラコ,7.0,7.0,浅野登生,52.0,,1.0,1.0,金沢,3歳B 6,1:36.9,-0.8,雨,7.0,12.0,2中京7,3歳未勝利,1:20.9,1.1,曇,,,,,,,,,,,,,,,,,,,,,,1.4,1.0,,nar,2026-09-29,54.35,61.1,54.2,34.7,65.3,52.6,48.8,履歴少 / サンプル少 / 近走上向き
202643092901,2026-09-29,1,グラフィティウォー,8.0,6.0,篠谷葵,56.0,,2.0,2.0,船橋,C3二,1:16.7,0.3,曇,1.0,1.0,船橋,C3四,1:18.0,-0.7,曇,4.0,2.0,船橋,C3二,1:17.5,0.9,晴,2.0,3.0,船橋,馬い!野菜たがやす倶(C2九),1:15.8,0.1,曇,2.0,2.0,船橋,C3 選抜馬,1:17.5,0.7,曇,2.3,1.0,,nar,2026-09-29,68.55,90.8,48.3,100.0,51.5,52.9,59.5,船橋実績 / 履歴少 / 安定感
202630092901,2026-09-29,1,コンバットギネビア,8.0,7.0,岩橋勇二,55.0,,11.0,9.0,門別,2歳新馬,1:06.0,3.8,雨,,,,,,,,,,,,,,,,,,,,,,,,,,,,,40.4,7.0,,nar,2026-09-29,37.24,34.0,37.6,29.6,40.6,38.4,48.8,履歴少 / サンプル少
202648092901,2026-09-29,1,サノノスレーヴ,11.0,8.0,今井貴大,55.0,,2.0,1.0,名古屋,3歳19組,1:40.3,0.0,曇,2.0,1.0,名古屋,盆明け疾風戦(3歳),0:58.0,0.9,晴,,,,,,,,,,,,,,,,,,,,,,2.2,1.0,,nar,2026-09-29,53.23,68.6,41.6,48.4,45.5,48.6,59.5,名古屋実績 / 履歴少 / サンプル少
202646092901,2026-09-29,1,ジェムストンパワー,2.0,2.0,松戸政也,57.0,,10.0,4.0,金沢,C25,1:43.8,3.5,曇,2.0,2.0,金沢,熊谷登まだまだ現役記(C2),1:35.3,0.1,晴,7.0,5.0,金沢,鳩村月麦3歳のお誕生(C2),1:43.7,3.1,晴,8.0,4.0,金沢,C29,1:44.7,4.5,曇,12.0,9.0,大井,C3五,1:18.3,3.2,曇,297.5,7.0,,nar,2026-09-29,38.17,49.4,28.2,24.9,33.5,41.8,47.1,履歴少
202648092901,2026-09-29,1,ジン,9.0,7.0,松本一心,55.0,,10.0,6.0,名古屋,3歳19組,1:41.9,4.6,曇,10.0,3.0,名古屋,3歳19組,1:44.3,4.0,曇,5.0,8.0,名古屋,金シャチ最終戦(3歳),1:40.2,1.5,晴,7.0,5.0,名古屋,名古屋モーニングフィ(3歳),1:41.9,2.4,曇,5.0,6.0,名古屋,3歳13組,1:40.2,2.4,曇,75.0,10.0,,nar,2026-09-29,38.53,43.5,32.1,30.1,30.5,45.7,49.6,履歴少
202646092901,2026-09-29,1,スカイプレリュード,4.0,4.0,加藤翔馬,57.0,,2.0,1.0,金沢,3歳B 3特編(3歳3),1:39.2,0.4,雨,2.0,2.0,金沢,りょうあすWeddi(3歳),1:41.3,2.1,晴,13.0,16.0,1函館12,3歳未勝利,1:12.6,1.9,曇,15.0,12.0,1函館7,3歳未勝利,1:09.6,1.2,晴,9.0,6.0,1新潟3,3歳未勝利,1:11.0,0.8,晴,4.9,3.0,,nar,2026-09-29,58.42,55.4,46.8,55.3,96.5,54.2,58.8,金沢実績 / 前走人気以上 / 近走上向き
202636092901,2026-09-29,1,スカーレットジーン,2.0,2.0,高松亮,54.0,,13.0,10.0,2新潟5,3歳未勝利,2:01.8,3.2,晴,9.0,12.0,1新潟6,3歳未勝利,2:02.9,1.0,晴,9.0,16.0,1福島3,3歳未勝利,2:00.9,1.2,晴,9.0,16.0,1東京5,3歳未勝利,1:49.2,1.8,晴,17.0,18.0,5中山4,2歳未勝利,2:06.2,3.2,雨,3.5,1.0,,nar,2026-09-29,40.25,22.6,66.4,0.0,38.0,61.1,48.8,履歴少 / 人気以上に走る傾向
202630092901,2026-09-29,1,セブンスキメラ,3.0,3.0,黒澤愛斗,55.0,,2.0,3.0,門別,赤黒の勇者賞(2歳),1:02.9,0.2,晴,3.0,12.0,門別,優駿の里サラブレッド(2歳),1:03.2,0.9,曇,8.0,12.0,門別,2歳牝馬未勝利,1:04.5,2.5,晴,10.0,12.0,門別,北海道きたやさい賞(2歳),1:04.8,3.9,雨,8.0,8.0,門別,JRA認定競走アタッ(2歳),1:07.1,5.2,曇,5.6,4.0,,nar,2026-09-29,67.5,66.2,75.4,55.3,81.5,67.7,49.6,履歴少 / 人気以上に走る傾向 / 近走上向き / 過小評価傾向
202630092901,2026-09-29,1,タケノクイーン,4.0,4.0,宮内勇樹,55.0,,4.0,5.0,門別,CONSAOLDS賞(2歳),1:03.2,0.7,晴,5.0,4.0,門別,新冠富士賞(2歳),1:03.6,0.7,曇,4.0,8.0,門別,2歳牝馬未勝利,1:10.3,1.0,晴,7.0,11.0,門別,JRA認定競走アタッ(2歳),1:17.4,2.3,雨,7.0,11.0,門別,2歳未勝利,1:04.2,1.2,曇,5.5,3.0,,nar,2026-09-29,64.81,68.0,62.9,75.1,60.5,65.1,52.9,門別実績 / 履歴少 / 安定感 / 過小評価傾向
202648092901,2026-09-29,1,チョコブラウニー,12.0,8.0,塚本征吾,55.0,,16.0,17.0,3新潟4,3歳未勝利,1:23.6,1.4,曇,15.0,13.0,1福島1,3歳未勝利,1:11.1,2.5,晴,,,,,,,,,,,,,,,,,,,,,,4.6,2.0,,nar,2026-09-29,34.44,18.0,44.1,18.0,42.2,47.9,48.8,履歴少 / サンプル少
202636092901,2026-09-29,1,ティアラティアレ,7.0,7.0,山本聡紀,54.0,,8.0,11.0,水沢,3歳C2七組,1:25.9,3.6,小雨,9.0,6.0,金沢,東西回胴連12周年記(3歳),1:42.0,9.4,晴,,,金沢,3歳B 9,,,晴,8.0,3.0,金沢,海月雲ろあ1周年記念(3歳),1:47.1,5.8,晴,17.0,18.0,3京都3,3歳未勝利,1:36.1,2.1,晴,46.6,9.0,,nar,2026-09-29,41.12,35.8,46.0,0.0,70.0,48.4,48.8,前走人気以上 / 履歴少 / 近走上向き
202636092901,2026-09-29,1,トゥルパーニ,5.0,5.0,佐々木志,54.0,,7.0,10.0,盛岡,3歳C2八組,1:15.6,2.0,曇,10.0,10.0,盛岡,3歳C2八組,1:15.4,2.8,曇,7.0,6.0,盛岡,3歳C2七組,1:16.5,3.2,晴,9.0,9.0,盛岡,3歳C2六組,1:16.1,2.5,曇,7.0,7.0,盛岡,3歳C2五組,1:16.8,3.2,晴,49.5,10.0,,nar,2026-09-29,44.79,43.7,55.0,0.0,57.5,54.1,48.8,前走人気以上 / 履歴少 / 市場オッズ妙味
202630092901,2026-09-29,1,ピエールパンドラ,1.0,1.0,亀井洋司,55.0,,5.0,7.0,門別,コンサドールズ賞(2歳),1:03.3,1.6,晴,9.0,6.0,門別,新冠富士賞(2歳),1:05.4,2.5,曇,4.0,5.0,門別,グランシャリオドリー(2歳),1:03.8,0.9,晴,10.0,10.0,門別,公認キャラビラッキー(2歳),1:05.1,2.7,晴,9.0,9.0,門別,グランシャリオドリー(2歳),1:04.0,0.8,曇,12.5,5.0,,nar,2026-09-29,54.43,52.5,50.4,50.2,68.0,60.7,49.6,履歴少 / 近走上向き / 市場オッズ妙味
202636092901,2026-09-29,1,フィレルレーヴ,10.0,8.0,菅原辰徳,54.0,,10.0,10.0,3新潟1,3歳未勝利,1:14.8,2.4,晴,16.0,14.0,3東京6,3歳未勝利,1:39.1,4.0,曇,12.0,4.0,4東京9,2歳新馬,1:24.7,1.4,小雨,,,,,,,,,,,,,,,4.7,2.0,,nar,2026-09-29,30.89,14.5,30.6,0.0,74.0,40.9,48.8,履歴少 / 近走上向き
202636092901,2026-09-29,1,フッカツノジャンボ,8.0,7.0,小林凌,56.0,,,,2新潟3,3歳未勝利,,,曇,15.0,11.0,2福島5,3歳未勝利,1:50.5,3.7,曇,14.0,10.0,2東京3,3歳未勝利,1:42.1,5.8,晴,,,,,,,,,,,,,,,4.9,3.0,,nar,2026-09-29,30.33,18.0,30.1,18.0,42.2,41.7,50.0,サンプル少
202636092901,2026-09-29,1,ブライトベリル,1.0,1.0,塚本涼人,54.0,,6.0,4.0,水沢,3歳C2七組,1:24.3,2.0,小雨,15.0,12.0,2小倉8,3歳未勝利,1:50.6,3.9,晴,10.0,7.0,2阪神3,3歳未勝利,1:57.5,3.3,小雨,,,,,,,,,,,,,,,5.3,4.0,,nar,2026-09-29,38.23,31.7,31.8,0.0,89.0,43.2,50.0,近走上向き
202646092901,2026-09-29,1,ブラックエンペラー,8.0,8.0,沖静男,57.0,,8.0,3.0,金沢,C25,1:43.5,3.2,曇,8.0,6.0,金沢,C22,1:45.0,7.3,晴,3.0,3.0,金沢,鳩村月麦3歳のお誕生(C2),1:42.0,1.4,晴,10.0,8.0,船橋,C3五,1:19.4,2.5,曇,5.0,5.0,船橋,3歳三,1:18.1,2.1,晴,90.8,5.0,,nar,2026-09-29,42.62,52.0,33.8,30.1,41.0,46.8,48.5,履歴少
202643092901,2026-09-29,1,ブラックムート,12.0,8.0,西村栄喜,56.0,,,,船橋,C3四,,,曇,9.0,9.0,船橋,C3四,1:21.2,3.2,曇,11.0,11.0,浦和,浦和800ラウンド(C3),0:50.4,1.9,雨,10.0,9.0,船橋,C3四,1:20.2,2.8,晴,11.0,10.0,船橋,C3四,1:19.7,4.3,曇,200.7,12.0,,nar,2026-09-29,37.55,27.4,47.5,0.0,60.0,49.3,43.8,履歴少
202643092901,2026-09-29,1,ブロードファイラム,5.0,5.0,木間塚龍,54.0,,5.0,3.0,船橋,C3三,1:18.2,1.7,曇,2.0,1.0,船橋,C3五,1:19.0,0.5,晴,3.0,6.0,船橋,C3三,1:17.0,0.6,曇,4.0,3.0,船橋,C3四,1:18.2,1.4,晴,4.0,4.0,船橋,C3四,1:17.9,1.0,晴,10.7,5.0,,nar,2026-09-29,64.48,79.1,47.1,100.0,39.5,59.4,59.5,船橋実績 / 履歴少 / 安定感
202630092901,2026-09-29,1,ベビーギャング,6.0,6.0,金山昇馬,55.0,,12.0,12.0,門別,2歳未勝利,1:12.2,4.1,晴,9.0,9.0,門別,2歳未勝利,1:05.9,2.7,曇,9.0,9.0,門別,日高山脈最高峰幌尻岳(2歳),1:06.8,4.5,晴,10.0,10.0,門別,2歳牝馬未勝利,1:04.4,3.2,晴,6.0,6.0,門別,JRA認定競走フレッ(2歳),1:05.7,2.0,曇,103.6,10.0,,nar,2026-09-29,35.39,30.0,50.0,0.0,29.0,50.9,43.8,履歴少
202646092901,2026-09-29,1,マイネルイグザルト,3.0,3.0,栗原大河,57.0,,1.0,1.0,金沢,C25,1:40.3,-1.3,曇,8.0,8.0,園田,厩橋7ハロンC2一,1:35.8,4.7,晴,6.0,3.0,園田,C2一,1:34.6,2.2,晴,10.0,9.0,1函館6,臥牛山特別(1勝クラス),1:48.1,1.2,晴,10.0,12.0,3中山3,4歳以上1勝クラス,2:03.7,1.7,雨,3.6,2.0,,nar,2026-09-29,55.27,60.2,46.3,30.4,95.0,52.8,48.8,履歴少 / 近走上向き
202643092901,2026-09-29,1,マッドリボンガール,4.0,4.0,沖響主,51.0,,6.0,5.0,船橋,C3三,1:18.3,1.8,曇,7.0,2.0,船橋,虹色スプリント(C3),1:19.4,2.6,晴,1.0,7.0,船橋,C3三,1:16.4,-0.4,曇,2.0,6.0,船橋,C3四,1:17.7,0.9,晴,6.0,5.0,船橋,C3四,1:18.2,1.3,晴,10.8,6.0,,nar,2026-09-29,53.93,70.6,50.8,34.3,38.0,59.5,49.6,履歴少
202648092901,2026-09-29,1,ミツカネルナ,7.0,6.0,大畑慧悟,55.0,,6.0,8.0,名古屋,金シャチ最終戦(3歳),1:39.9,2.0,曇,8.0,7.0,名古屋,3歳16組,1:41.3,4.0,曇,8.0,9.0,船橋,ナティビット特別(3歳C1),1:45.5,1.8,曇,15.0,9.0,2東京12,3歳未勝利,1:41.7,2.7,曇,6.0,11.0,1東京1,3歳新馬,1:28.8,1.1,晴,17.8,6.0,,nar,2026-09-29,45.26,44.1,51.4,0.0,69.5,56.2,43.8,履歴少 / 近走上向き / 市場オッズ妙味
202643092901,2026-09-29,1,ミリオンヒット,3.0,3.0,庄司大輔,54.0,,12.0,10.0,船橋,C3三,1:20.7,4.2,曇,7.0,7.0,船橋,C3四,1:20.1,2.1,曇,,,船橋,ダリア賞(C3),,,曇,12.0,12.0,浦和,浦和800ラウンド(C3),0:50.9,2.5,曇,8.0,12.0,浦和,浦和800ラウンド(C2C3),0:51.0,1.9,晴,152.4,11.0,,nar,2026-09-29,35.16,28.5,48.3,0.0,32.0,52.5,43.8,履歴少
202648092901,2026-09-29,1,メイショウツキヨ,1.0,1.0,小笠原羚,52.0,,11.0,9.0,名古屋,金シャチ最終戦(3歳),1:41.2,3.3,曇,7.0,8.0,名古屋,3歳17組,1:41.5,2.0,曇,8.0,9.0,名古屋,3歳14組,1:40.2,5.6,晴,11.0,11.0,2小倉7,3歳未勝利,1:50.5,2.7,晴,10.0,15.0,2小倉1,3歳未勝利,1:48.6,1.4,曇,97.1,11.0,,nar,2026-09-29,38.79,33.5,52.5,0.0,38.0,54.2,46.5,総合評価
202648092901,2026-09-29,1,メイショウハネウマ,3.0,3.0,近藤颯羽,53.0,,9.0,10.0,名古屋,祝!娘ちゃん愛知初上(3歳),1:39.4,2.9,曇,13.0,12.0,3中京1,3歳未勝利,1:27.8,2.6,晴,16.0,14.0,3京都5,3歳未勝利,1:27.0,6.7,晴,13.0,13.0,1中京6,3歳未勝利,1:10.4,1.6,晴,,,,,,,,20.7,8.0,,nar,2026-09-29,36.75,14.0,47.3,0.0,80.0,50.0,48.8,履歴少 / 近走上向き
202646092901,2026-09-29,1,モルトカリーナ,1.0,1.0,柴田勇真,55.0,,3.0,8.0,金沢,酒井敏希爆裂誕生記念(3歳9),1:34.5,2.3,雨,9.0,7.0,金沢,9月6日俺の誕生日っ(3歳),1:36.0,2.5,晴,7.0,9.0,金沢,3歳B 5,1:43.8,1.9,曇,9.0,10.0,金沢,能登復興支援狼煙賞(3歳),1:43.2,2.7,晴,10.0,4.0,金沢,3歳B 5,1:39.6,6.3,晴,163.7,6.0,,nar,2026-09-29,54.18,52.9,56.6,30.4,84.5,52.6,46.3,前走人気以上 / 履歴少 / 近走上向き
202636092901,2026-09-29,1,ヤマニンジェンナ,4.0,4.0,岩本怜,54.0,,8.0,11.0,水沢,3歳C2七組,1:25.8,3.4,小雨,18.0,17.0,2新潟3,3歳未勝利,2:04.0,3.3,曇,16.0,13.0,2東京12,3歳未勝利,1:42.8,3.8,曇,,,,,,,,,,,,,,,26.2,8.0,,nar,2026-09-29,41.1,17.8,50.7,0.0,100.0,50.6,48.8,前走人気以上 / 履歴少 / 近走上向き
202630092901,2026-09-29,1,ヨシノトップラン,7.0,6.0,服部茂史,55.0,,4.0,4.0,門別,コンサドールズ賞(2歳),1:02.8,1.1,晴,3.0,3.0,門別,みついし産米トキノミ(2歳),1:04.5,1.3,雨,7.0,4.0,門別,平取町馬事普及賞(2歳),1:04.1,1.8,晴,6.0,3.0,門別,2歳未勝利,1:03.7,1.2,晴,4.0,2.0,門別,2歳未勝利,1:04.6,1.9,曇,4.2,2.0,,nar,2026-09-29,56.79,70.9,41.3,65.7,56.0,50.9,52.9,門別実績 / 履歴少 / 安定感
202643092901,2026-09-29,1,ラッキー,9.0,7.0,笠野雄大,54.0,,6.0,5.0,船橋,C3 選抜馬,1:02.7,0.8,晴,2.0,2.0,船橋,C3四,1:18.7,0.7,曇,6.0,9.0,大井,C3三 四,1:16.4,1.5,曇,11.0,10.0,大井,C3一 二,1:16.4,2.2,晴,11.0,10.0,大井,C3一 二三(C3二),1:16.0,1.4,晴,9.4,4.0,,nar,2026-09-29,51.5,58.0,50.3,24.9,59.0,57.2,51.2,船橋実績 / 履歴少
202648092901,2026-09-29,1,ラブラドール,4.0,4.0,加藤聡一,55.0,,,,,,,,,,,,,,,,,,,,,,,,,,,,,,,,,,,,,7.9,4.0,,nar,2026-09-29,36.0,35.0,35.0,35.0,35.0,35.0,45.0,履歴少
202636092901,2026-09-29,1,リマーカブル,9.0,8.0,阿部英俊,56.0,,10.0,9.0,盛岡,3歳C2八組,1:15.9,2.3,曇,7.0,7.0,盛岡,3歳C2七組,1:15.8,3.4,曇,6.0,3.0,盛岡,3歳C2七組,1:16.5,3.2,晴,15.0,15.0,2福島1,3歳未勝利,1:51.9,5.5,晴,11.0,11.0,3中山7,3歳未勝利,1:59.9,5.1,曇,13.8,7.0,,nar,2026-09-29,38.14,35.4,43.7,0.0,48.5,50.3,48.8,履歴少 / 市場オッズ妙味
202636092901,2026-09-29,1,リュウゴピュア,6.0,6.0,坂井瑛音,55.0,,11.0,11.0,1新潟5,3歳未勝利,2:00.3,5.7,晴,7.0,13.0,1新潟2,3歳未勝利,1:57.2,2.1,晴,10.0,5.0,5中山8,2歳新馬,2:01.2,5.5,晴,,,,,,,,,,,,,,,8.8,5.0,,nar,2026-09-29,38.87,32.7,54.7,0.0,35.0,53.5,48.8,履歴少
202646092901,2026-09-29,1,リュシエル,6.0,6.0,鈴木太一,55.0,,7.0,7.0,金沢,酒井敏希爆裂誕生記念(3歳9),1:36.0,3.8,雨,11.0,10.0,金沢,3歳B 4,1:43.4,4.1,晴,9.0,7.0,金沢,3歳B 4,1:43.7,2.6,曇,6.0,6.0,金沢,スタールビー特別(3歳),0:58.6,1.4,曇,8.0,9.0,金沢,イエローダイヤモンド(3歳),0:58.7,2.4,晴,304.6,8.0,,nar,2026-09-29,41.31,41.2,46.2,0.0,59.0,49.6,46.5,総合評価
202630092901,2026-09-29,1,ロジャールンディー,9.0,7.0,若杉朝飛,55.0,,7.0,9.0,門別,CONSAOLDS賞(2歳),1:04.9,2.4,晴,12.0,12.0,門別,2歳未勝利,1:05.9,4.0,曇,12.0,11.0,門別,2歳牝馬未勝利,1:06.5,4.5,晴,12.0,11.0,門別,2歳牝馬未勝利,1:05.6,3.2,曇,8.0,9.0,門別,2歳未勝利,1:03.8,2.1,曇,73.5,8.0,,nar,2026-09-29,41.06,27.5,52.6,0.0,74.0,51.6,46.5,近走上向き
202646092901,2026-09-29,1,ロージーキャンドル,5.0,5.0,吉田晃浩,55.0,,6.0,7.0,金沢,YJSトライアルラウ(3歳),1:40.8,2.4,雨,3.0,3.0,金沢,9月6日俺の誕生日っ(3歳),1:34.1,0.6,晴,2.0,1.0,金沢,3歳B 5,1:42.3,0.4,曇,9.0,12.0,2小倉6,3歳未勝利,1:09.2,1.1,晴,3.0,4.0,金沢,加賀医王山賞(3歳),1:40.2,1.2,曇,37.9,4.0,,nar,2026-09-29,57.91,71.3,54.5,55.0,39.5,58.9,52.8,金沢実績 / 前走人気以上 / 市場オッズ妙味
202643092901,2026-09-29,1,ワンダフルグレイス,7.0,6.0,菅原吏久,51.0,,10.0,2.0,川崎,C3三,1:37.7,4.3,曇,4.0,6.0,浦和,C3三 四,1:38.5,0.7,曇,5.0,8.0,船橋,C3一,1:17.3,0.7,晴,9.0,4.0,川崎,バジル賞(C3),1:33.7,1.5,晴,1.0,2.0,川崎,ローズマリー賞(C3),1:33.2,-0.5,晴,11.3,7.0,,nar,2026-09-29,46.01,56.5,36.2,55.0,18.5,55.8,48.8,履歴少
202643092901,2026-09-29,1,ヴェルダリオ,6.0,5.0,山中悠希,56.0,,9.0,4.0,船橋,C3 二組下,1:40.7,2.2,曇,11.0,1.0,船橋,立夏賞(C3),2:05.0,4.3,曇,1.0,1.0,船橋,選抜馬(C3),1:41.0,-0.5,雨,9.0,8.0,3新潟3,3歳未勝利,1:56.3,2.6,曇,2.0,2.0,川崎,オーガストフラワー賞(3歳C1),1:37.2,0.0,晴,6.0,2.0,,nar,2026-09-29,37.6,50.4,20.9,30.1,30.5,45.3,48.5,履歴少
202636092902,2026-09-29,2,アズサ,4.0,4.0,鈴木祐,54.0,,10.0,10.0,水沢,3歳C2七組,1:27.0,4.7,小雨,11.0,8.0,盛岡,3歳C2八組,1:17.0,3.4,曇,11.0,9.0,盛岡,3歳C2八組,1:16.9,4.3,曇,15.0,15.0,2福島3,3歳未勝利,2:04.5,4.5,晴,18.0,18.0,1小倉3,3歳未勝利,2:02.9,3.1,晴,48.5,10.0,,nar,2026-09-29,35.44,17.4,42.0,0.0,72.5,48.4,50.0,近走上向き
202648092902,2026-09-29,2,アメジストブリエ,11.0,8.0,小笠原羚,52.0,,15.0,12.0,3中京3,3歳未勝利,2:13.4,3.0,曇,8.0,11.0,2中京1,3歳未勝利,2:01.8,0.9,晴,14.0,12.0,2小倉5,3歳未勝利,2:02.8,1.8,晴,7.0,8.0,3京都10,3歳未勝利,2:01.3,2.0,晴,9.0,10.0,1新潟1,3歳未勝利,1:57.9,3.1,晴,10.3,7.0,,nar,2026-09-29,32.12,22.3,47.8,0.0,17.0,52.6,50.0,総合評価
202648092902,2026-09-29,2,アルダ,2.0,2.0,友森翔太,57.0,,12.0,6.0,3中京2,3歳未勝利,2:00.8,5.5,晴,10.0,8.0,2阪神5,3歳未勝利,2:02.2,1.0,晴,11.0,7.0,1京都6,3歳未勝利,2:04.7,2.6,晴,10.0,6.0,1京都2,3歳未勝利,2:03.1,2.2,晴,14.0,2.0,3京都9,2歳新馬,1:58.8,6.9,曇,10.8,8.0,,nar,2026-09-29,24.17,18.7,15.4,0.0,45.5,35.0,48.8,履歴少
202648092902,2026-09-29,2,アンヌグロース,8.0,6.0,大畑慧悟,55.0,,13.0,14.0,3中京4,3歳未勝利,1:58.1,3.8,晴,10.0,8.0,1新潟4,3歳未勝利,1:59.7,2.8,晴,11.0,14.0,2阪神7,3歳未勝利,1:56.9,2.2,晴,6.0,13.0,2京都5,3歳未勝利,1:58.0,2.1,晴,16.0,13.0,2京都2,3歳新馬,1:30.2,3.0,晴,9.6,5.0,,nar,2026-09-29,36.87,20.9,57.8,0.0,36.5,56.4,48.8,履歴少
202636092902,2026-09-29,2,イケイケルノワール,7.0,7.0,菅原辰徳,56.0,,9.0,8.0,名古屋,名古屋CCラズベリー(3歳),1:37.7,2.4,晴,14.0,12.0,2福島5,3歳未勝利,1:50.1,3.3,曇,15.0,15.0,4東京10,2歳新馬,1:28.7,4.2,晴,,,,,,,,,,,,,,,10.1,6.0,,nar,2026-09-29,36.15,14.6,42.5,0.0,83.0,49.3,50.0,近走上向き
202648092902,2026-09-29,2,イベリスアマラ,7.0,6.0,村上弘樹,57.0,,9.0,12.0,3新潟3,3歳未勝利,2:03.2,0.6,曇,11.0,12.0,3東京3,3歳未勝利,2:27.6,1.4,晴,6.0,13.0,2中山8,3歳未勝利,2:00.6,1.1,晴,13.0,12.0,1中山8,3歳未勝利,1:58.4,3.0,晴,11.0,9.0,5東京2,2歳新馬,1:41.7,2.7,小雨,6.2,2.0,,nar,2026-09-29,43.99,30.4,65.3,0.0,57.5,57.2,48.8,前走人気以上 / 履歴少 / 人気以上に走る傾向
202643092902,2026-09-29,2,ウィルスカイ,11.0,8.0,山中悠希,56.0,,5.0,1.0,船橋,3歳三,1:17.2,1.1,晴,2.0,1.0,船橋,3歳三,1:18.0,0.2,曇,1.0,1.0,門別,3歳以上C4ー3,1:15.0,-1.4,曇,7.0,1.0,門別,3歳以上C4ー3,1:17.5,1.6,曇,2.0,2.0,門別,3歳以上C4ー3,1:15.9,0.7,晴,4.4,2.0,,nar,2026-09-29,58.23,80.4,33.6,85.4,38.0,49.2,59.5,船橋実績 / 履歴少 / 安定感
202643092902,2026-09-29,2,エガリテアリエル,3.0,3.0,所蛍,53.0,,5.0,6.0,船橋,3歳四,1:16.8,0.9,曇,9.0,6.0,船橋,3歳四,1:16.9,1.9,晴,7.0,1.0,浦和,3歳三,1:39.8,1.0,晴,2.0,3.0,船橋,HEARTBEATD(3歳),1:17.4,0.3,晴,2.0,1.0,船橋,3歳八,1:18.7,0.3,雨,30.5,9.0,,nar,2026-09-29,52.26,62.8,38.9,55.3,50.0,51.1,55.3,船橋実績 / 履歴少 / 市場オッズ妙味
202648092902,2026-09-29,2,エコロゼルダ,10.0,7.0,渡辺竜也,55.0,,10.0,8.0,2札幌3,3歳以上1勝クラス,1:47.6,2.2,晴,10.0,12.0,1札幌6,3歳未勝利,2:44.4,0.9,晴,9.0,13.0,2小倉1,3歳未勝利,1:48.4,1.2,曇,13.0,10.0,1福島3,3歳未勝利,2:01.4,1.7,晴,,,,,,,,8.9,4.0,,nar,2026-09-29,38.51,25.9,51.9,0.0,54.0,53.3,48.8,履歴少
202643092902,2026-09-29,2,エターナルフィズ,12.0,8.0,Ｆ．ゴン,54.0,,3.0,2.0,船橋,3歳三,1:16.8,0.7,晴,3.0,4.0,浦和,3歳三,1:31.1,0.4,曇,8.0,5.0,川崎,オーブ賞(3歳),1:39.8,1.8,曇,2.0,6.0,浦和,浦和競馬×netke(3歳),1:30.0,0.3,晴,3.0,5.0,船橋,3歳五,1:17.4,2.0,曇,13.4,5.0,,nar,2026-09-29,64.69,77.3,51.0,80.2,56.0,63.0,56.4,船橋実績 / 前走人気以上 / 安定感 / 市場オッズ妙味
202643092902,2026-09-29,2,エッグスクランブル,5.0,5.0,仲野光馬,56.0,,3.0,5.0,船橋,3歳四,1:16.7,0.8,曇,3.0,2.0,船橋,3歳二 三,1:39.7,1.2,晴,2.0,4.0,船橋,3歳五,1:16.8,0.9,曇,2.0,5.0,船橋,3歳六,1:17.2,0.2,曇,4.0,4.0,船橋,ILOVEMILKい(2歳),1:18.9,1.3,晴,12.6,4.0,,nar,2026-09-29,70.88,85.9,58.3,100.0,48.5,64.7,59.5,船橋実績 / 履歴少 / 安定感 / 市場オッズ妙味
202630092902,2026-09-29,2,オリコウブロアム,8.0,7.0,石川倭,56.0,,3.0,2.0,門別,コンサドールズ賞(2歳),1:02.2,0.5,晴,2.0,5.0,門別,優駿の里サラブレッド(2歳),1:02.6,0.3,曇,5.0,5.0,門別,ホクレンカタログギフ(2歳),1:03.5,1.1,曇,5.0,5.0,門別,2歳未勝利,1:04.0,1.0,曇,11.0,5.0,門別,JRA認定競走フレッ(2歳),1:13.9,5.2,曇,2.3,1.0,,nar,2026-09-29,63.88,73.9,48.8,89.7,66.5,50.9,56.2,門別実績 / 履歴少 / 近走上向き / 安定感
202630092902,2026-09-29,2,オーロラヒメアオイ,3.0,3.0,松井伸也,55.0,,8.0,9.0,門別,みついし産米トキノミ(2歳),1:05.8,2.6,雨,9.0,9.0,門別,JRA認定競走フレッ(2歳),1:08.1,5.7,晴,,,,,,,,,,,,,,,,,,,,,,78.3,8.0,,nar,2026-09-29,41.87,40.2,47.6,18.0,48.8,48.9,43.2,履歴少 / サンプル少
202648092902,2026-09-29,2,カイキアス,5.0,5.0,塚本征吾,57.0,,8.0,12.0,1京都5,3歳未勝利,1:56.6,2.3,晴,12.0,7.0,5中京4,2歳未勝利,2:05.4,3.4,曇,12.0,4.0,3福島3,2歳新馬,2:04.0,1.1,晴,,,,,,,,,,,,,,,7.5,3.0,,nar,2026-09-29,35.09,25.0,35.0,0.0,74.0,42.5,48.8,前走人気以上 / 履歴少 / 近走上向き
202630092902,2026-09-29,2,カプリチオテソーロ,7.0,7.0,黒澤愛斗,55.0,,12.0,9.0,門別,コンサドールズ賞(2歳),1:06.0,4.3,晴,11.0,10.0,門別,涼夏少雪の郷「新ひだ(2歳),1:08.3,5.2,雨,8.0,7.0,門別,2歳未勝利,1:05.2,2.0,曇,9.0,9.0,門別,2歳未勝利,1:06.5,4.5,晴,8.0,7.0,門別,JRA認定競走アタッ(2歳),1:07.9,6.4,晴,115.8,10.0,,nar,2026-09-29,31.94,27.1,39.8,0.0,32.0,47.0,43.8,履歴少
202648092902,2026-09-29,2,グリニッジローズ,1.0,1.0,深澤杏花,53.0,,14.0,13.0,2札幌3,3歳未勝利,1:36.6,7.3,晴,12.0,10.0,1函館5,3歳未勝利,1:10.4,1.2,晴,13.0,12.0,1中京1,3歳未勝利,1:15.8,2.6,晴,16.0,9.0,1東京8,3歳新馬,1:34.8,7.2,晴,,,,,,,,19.2,12.0,,nar,2026-09-29,25.91,4.2,34.2,0.0,48.0,42.0,48.8,履歴少
202643092902,2026-09-29,2,グリンネル,2.0,2.0,菅原吏久,53.0,,11.0,11.0,船橋,3歳二,1:18.4,3.2,晴,8.0,11.0,浦和,3歳二,1:38.8,2.3,曇,3.0,7.0,船橋,3歳二,1:19.2,1.9,晴,8.0,10.0,浦和,3歳二,1:30.8,1.6,曇,9.0,8.0,船橋,3歳三,1:18.4,2.9,曇,134.7,11.0,,nar,2026-09-29,45.45,43.8,62.1,19.8,26.0,56.8,48.5,履歴少
202630092902,2026-09-29,2,グリーズキャット,10.0,8.0,宮内勇樹,55.0,,5.0,6.0,門別,赤黒の勇者賞(2歳),1:04.1,1.4,晴,12.0,10.0,門別,優駿の里サラブレッド(2歳),1:04.7,2.4,曇,9.0,8.0,門別,2歳未勝利,1:05.1,2.7,曇,8.0,7.0,門別,平取町馬事普及賞(2歳),1:05.2,2.9,晴,6.0,5.0,門別,JRA認定競走フレッ(2歳),1:12.4,2.5,曇,24.5,7.0,,nar,2026-09-29,47.08,43.4,45.5,30.4,72.5,50.2,46.3,履歴少 / 近走上向き / 市場オッズ妙味
202636092902,2026-09-29,2,コスモメイウェザー,3.0,3.0,山本聡紀,56.0,,6.0,5.0,水沢,3歳C2七組,1:24.3,1.9,小雨,16.0,15.0,2新潟8,3歳未勝利,2:32.0,6.6,晴,12.0,11.0,2新潟2,3歳未勝利,1:56.7,4.0,雨,12.0,10.0,2福島2,2歳新馬,1:52.6,3.1,晴,,,,,,,,9.6,5.0,,nar,2026-09-29,39.97,24.9,41.9,0.0,94.0,48.5,48.8,履歴少 / 近走上向き
202630092902,2026-09-29,2,サージェントペパー,5.0,5.0,服部茂史,56.0,,6.0,5.0,門別,コンサドールズ賞(2歳),1:03.3,1.6,晴,8.0,1.0,門別,涼夏少雪の郷「新ひだ(2歳),1:04.8,1.7,雨,2.0,4.0,門別,2歳未勝利,1:03.2,0.0,曇,5.0,8.0,門別,JRA認定競走アタッ(2歳),1:03.1,1.7,晴,9.0,8.0,門別,2歳未勝利,1:05.0,2.2,曇,6.0,3.0,,nar,2026-09-29,49.48,61.0,40.8,34.3,50.0,53.1,50.5,総合評価
202646092902,2026-09-29,2,シックスレター,5.0,5.0,栗原大河,55.0,,9.0,7.0,金沢,C22,1:51.3,13.6,晴,4.0,4.0,金沢,鳩村月麦3歳のお誕生(C2),1:43.0,2.4,晴,2.0,2.0,金沢,かつののみや杯(C2),1:43.0,1.2,曇,7.0,5.0,金沢,C212,1:37.1,2.3,曇,9.0,4.0,金沢,C211,1:43.5,3.9,晴,62.4,7.0,,nar,2026-09-29,46.71,59.4,40.1,44.7,29.0,47.7,49.6,履歴少
202646092902,2026-09-29,2,シャインヴィーラ,3.0,3.0,甲賀弘隆,57.0,,4.0,7.0,金沢,3歳B 4,1:33.4,2.7,雨,6.0,5.0,金沢,3歳B 4,1:40.9,1.6,晴,3.0,6.0,金沢,3歳B 4,1:41.8,0.7,曇,6.0,5.0,金沢,能登復興支援狼煙賞(3歳),1:42.6,2.1,晴,3.0,3.0,金沢,しーあきちゃん結婚お(3歳),1:35.0,1.0,晴,12.0,3.0,,nar,2026-09-29,61.8,72.1,57.8,60.5,53.0,63.2,52.9,金沢実績 / 前走人気以上 / 履歴少 / 安定感
202643092902,2026-09-29,2,ジオパークムーン,1.0,1.0,沖響主,51.0,,4.0,7.0,船橋,3歳三,1:16.9,0.8,晴,8.0,4.0,船橋,3歳 331P,1:42.1,3.5,晴,4.0,4.0,船橋,3歳 303.,1:40.1,0.3,曇,6.0,7.0,船橋,菖蒲賞(3歳),1:17.5,1.3,晴,1.0,2.0,船橋,3歳九,1:18.6,-0.2,晴,17.1,7.0,,nar,2026-09-29,59.23,68.2,51.1,60.5,54.5,62.7,52.9,船橋実績 / 前走人気以上 / 履歴少 / 安定感
202630092902,2026-09-29,2,ジグザグチェイス,9.0,8.0,落合玄太,56.0,,5.0,3.0,門別,30周年賞(2歳),1:09.5,1.1,晴,11.0,6.0,門別,2歳未勝利,1:17.3,2.3,雨,4.0,7.0,門別,2歳未勝利,1:16.2,0.7,曇,6.0,5.0,門別,JRA認定競走フレッ(2歳),1:18.8,3.3,曇,,,,,,,,3.7,2.0,,nar,2026-09-29,50.59,55.1,39.0,50.2,62.0,51.5,51.2,門別実績 / 履歴少
202636092902,2026-09-29,2,ジュンレイ,9.0,8.0,佐々木志,56.0,,9.0,9.0,水沢,3歳C2七組,1:26.1,3.7,小雨,15.0,14.0,1東京4,3歳新馬,1:43.9,4.2,晴,,,,,,,,,,,,,,,,,,,,,,29.5,7.0,,nar,2026-09-29,40.16,28.9,43.8,18.0,65.3,47.8,48.8,履歴少 / サンプル少 / 近走上向き
202646092902,2026-09-29,2,スギノダイナミック,7.0,7.0,兼子千央,57.0,,7.0,11.0,金沢,YJSトライアルラウ(3歳7),1:34.7,1.0,雨,8.0,8.0,金沢,3歳B 4,1:42.0,2.7,晴,7.0,9.0,金沢,だいちくんゆりなさん(3歳),1:35.5,1.8,曇,5.0,6.0,金沢,能登復興支援狼煙賞(3歳),1:42.6,2.1,晴,6.0,9.0,金沢,ちーたん生誕1周年記(3歳),1:42.4,3.3,晴,43.2,5.0,,nar,2026-09-29,51.17,53.2,64.5,14.6,47.0,61.2,48.5,前走人気以上 / 市場オッズ妙味
202630092902,2026-09-29,2,ゼニスアスラーダ,6.0,6.0,金山昇馬,55.0,,8.0,8.0,門別,コンサドールズ賞(2歳),1:05.6,3.9,晴,12.0,12.0,門別,2歳牝馬未勝利,1:08.5,5.4,曇,9.0,8.0,門別,JRA認定競走フレッ(2歳),1:08.1,5.4,曇,,,,,,,,,,,,,,,115.6,9.0,,nar,2026-09-29,39.47,31.3,48.2,0.0,65.0,49.8,43.8,履歴少 / 近走上向き
202643092902,2026-09-29,2,ソルヴェイ,7.0,6.0,川島正太,54.0,,9.0,10.0,船橋,3歳二,1:18.0,2.8,晴,4.0,5.0,船橋,3歳二,1:19.2,1.9,晴,10.0,9.0,浦和,3歳二,1:31.6,2.4,曇,6.0,9.0,船橋,3歳三,1:17.9,2.4,曇,8.0,10.0,船橋,3歳三,1:18.4,2.0,晴,76.9,10.0,,nar,2026-09-29,47.35,48.7,57.0,24.9,38.0,55.5,47.1,履歴少
202643092902,2026-09-29,2,タイセイグローバル,10.0,7.0,笹川翼,56.0,,11.0,11.0,3中京3,3歳未勝利,2:12.1,1.7,曇,5.0,11.0,2中京8,3歳未勝利,2:13.6,0.9,晴,5.0,8.0,2中京2,3歳未勝利,2:12.5,1.0,晴,10.0,9.0,3京都9,3歳未勝利,1:56.5,2.3,曇,13.0,10.0,3京都7,3歳未勝利,1:47.9,2.7,晴,2.4,1.0,,nar,2026-09-29,48.11,41.0,61.4,44.7,33.5,54.6,48.8,履歴少
202646092902,2026-09-29,2,タマリスペクト,2.0,2.0,服部大地,57.0,,8.0,6.0,金沢,おまおじ35歳生誕杯(3歳8),1:36.5,3.0,雨,10.0,6.0,金沢,3歳B 4,1:43.1,3.8,晴,7.0,8.0,金沢,3歳B 2,1:35.6,2.7,曇,6.0,4.0,金沢,3歳B 3,1:43.3,1.8,晴,6.0,8.0,金沢,祝!ゆっきー支店長就(3歳),1:42.6,3.1,晴,172.7,9.0,,nar,2026-09-29,39.13,45.6,39.6,0.0,45.5,48.3,46.5,総合評価
202630092902,2026-09-29,2,ティーズブロンシュ,2.0,2.0,小野楓馬,55.0,,3.0,1.0,門別,赤黒の勇者賞(2歳),1:03.5,0.8,晴,4.0,8.0,門別,日高山脈襟裳十勝国立(2歳),1:03.7,0.7,曇,9.0,7.0,門別,2歳未勝利,1:04.7,2.9,曇,10.0,4.0,門別,優駿の里安平町夢民舎(2歳),1:04.8,1.7,晴,8.0,7.0,門別,JRA認定競走フレッ(2歳),1:11.5,2.8,曇,6.6,4.0,,nar,2026-09-29,55.71,60.2,43.1,55.3,78.5,53.5,49.6,履歴少 / 近走上向き
202643092902,2026-09-29,2,テルケンユミトケン,4.0,4.0,實川純一,54.0,,7.0,4.0,船橋,若駒スプリント(3歳),1:16.5,2.0,曇,1.0,1.0,船橋,奥久慈が誇る至高の地(2歳),1:14.4,-0.8,晴,2.0,4.0,船橋,ユーカリデビュー(2歳),1:15.7,0.0,晴,,,,,,,,,,,,,,,4.5,3.0,,nar,2026-09-29,53.36,78.5,45.2,44.7,17.0,55.3,54.0,船橋実績 / 履歴少
202648092902,2026-09-29,2,ヌビアン,9.0,7.0,加藤聡一,57.0,,15.0,11.0,3新潟3,3歳未勝利,2:00.3,5.4,小雨,7.0,13.0,2新潟6,3歳未勝利,1:55.8,1.7,曇,11.0,11.0,2福島7,3歳未勝利,1:11.0,1.5,曇,12.0,10.0,3東京4,3歳未勝利,1:21.1,2.6,晴,,,,,,,,9.6,6.0,,nar,2026-09-29,32.56,20.8,49.9,0.0,20.0,52.5,50.0,総合評価
202648092902,2026-09-29,2,ネオシューマン,12.0,8.0,望月洵輝,57.0,,7.0,10.0,船橋,ナティブーツ特別(3歳C1),1:45.2,2.6,晴,11.0,13.0,1函館10,3歳未勝利,1:11.4,1.1,雨,14.0,7.0,2東京4,3歳未勝利,1:29.2,3.6,曇,11.0,7.0,3中山5,3歳未勝利,1:57.1,2.5,晴,,,,,,,,17.2,11.0,,nar,2026-09-29,39.79,26.4,45.7,0.0,80.0,48.8,50.0,前走人気以上 / 近走上向き / 市場オッズ妙味
202648092902,2026-09-29,2,ピースビート,3.0,3.0,柿原翔,57.0,,13.0,16.0,2中京6,3歳未勝利,1:58.4,3.7,曇,6.0,11.0,3阪神6,3歳未勝利,1:54.9,2.3,晴,9.0,9.0,3京都11,3歳未勝利,1:55.5,2.0,晴,10.0,13.0,2阪神7,3歳未勝利,2:08.8,1.8,晴,6.0,7.0,1中京3,3歳未勝利,2:03.8,1.4,晴,11.0,9.0,,nar,2026-09-29,41.57,33.6,68.9,0.0,18.5,61.0,48.8,前走人気以上 / 履歴少 / 人気以上に走る傾向
202646092902,2026-09-29,2,ファインブルー,4.0,4.0,松戸政也,55.0,,4.0,9.0,金沢,YJSトライアルラウ(3歳7),1:34.5,0.8,雨,5.0,8.0,金沢,9月6日俺の誕生日っ(3歳),1:34.8,1.3,晴,8.0,9.0,金沢,3歳B 4,1:43.5,2.4,曇,7.0,8.0,金沢,能登復興支援狼煙賞(3歳),1:42.7,2.2,晴,8.0,5.0,金沢,3歳B 5,1:36.6,3.3,晴,29.8,4.0,,nar,2026-09-29,61.19,60.9,66.1,55.3,68.0,60.9,49.6,前走人気以上 / 履歴少 / 人気以上に走る傾向 / 近走上向き
202646092902,2026-09-29,2,ファントムグレース,1.0,1.0,吉原寛人,55.0,,4.0,4.0,金沢,菊池君結婚式おめでと(3歳2),1:39.6,1.5,雨,4.0,2.0,金沢,3歳B 4,1:40.6,1.3,晴,1.0,1.0,金沢,3歳B 8,1:33.0,-0.2,晴,11.0,14.0,1函館10,3歳未勝利,1:46.7,2.4,曇,9.0,11.0,1函館5,3歳未勝利,1:46.3,2.1,晴,1.8,1.0,,nar,2026-09-29,61.3,68.4,51.0,75.1,63.5,54.5,56.4,金沢実績 / 前走人気以上 / 安定感
202646092902,2026-09-29,2,フクノアルズ,8.0,8.0,吉田晃浩,57.0,,5.0,9.0,金沢,C211,1:37.6,1.7,晴,8.0,9.0,金沢,C211,1:48.1,4.9,曇,8.0,7.0,金沢,守史&由香里☆結婚1(C2),1:52.0,8.7,雨,10.0,8.0,金沢,C25,1:40.9,4.6,晴,8.0,8.0,園田,ニッカン菊園特別A1(A1A2),1:36.9,6.0,雨,48.2,6.0,,nar,2026-09-29,51.8,49.0,56.8,30.4,71.0,54.1,47.1,前走人気以上 / 履歴少 / 近走上向き / 市場オッズ妙味
202636092902,2026-09-29,2,ブルークレスト,10.0,8.0,山本聡哉,56.0,,10.0,15.0,2中京7,3歳未勝利,1:14.0,2.2,晴,13.0,13.0,3阪神4,3歳未勝利,1:29.6,4.2,曇,,,,,,,,,,,,,,,,,,,,,,4.4,3.0,,nar,2026-09-29,42.28,27.5,56.1,18.0,55.4,53.2,48.8,前走人気以上 / 履歴少 / サンプル少
202630092902,2026-09-29,2,ポップストリート,1.0,1.0,小川悠汰,52.0,,6.0,6.0,門別,CONSAOLDS賞(2歳),1:03.7,1.2,晴,,,門別,新冠富士賞(2歳),,,曇,9.0,6.0,門別,2歳牝馬未勝利,1:04.6,1.5,曇,3.0,6.0,門別,平取町馬事普及賞(2歳),1:03.3,1.0,晴,5.0,7.0,門別,2歳未勝利,1:03.7,1.2,晴,9.3,5.0,,nar,2026-09-29,50.86,59.4,50.5,24.9,48.0,58.7,51.2,門別実績 / 履歴少
202643092902,2026-09-29,2,マーベラスティアラ,6.0,5.0,池谷匠翔,54.0,,7.0,5.0,川崎,スピア賞(3歳),0:57.2,1.2,曇,13.0,7.0,川崎,鶫賞(3歳),1:41.8,3.6,晴,7.0,10.0,川崎,ブレッザ賞(3歳),0:56.0,1.2,晴,8.0,5.0,船橋,3歳二,1:18.0,2.1,晴,1.0,2.0,川崎,アルコンスィエル賞(3歳),0:55.6,0.0,晴,22.8,8.0,,nar,2026-09-29,40.23,43.8,37.1,10.3,51.5,48.3,48.8,履歴少 / 市場オッズ妙味
202648092902,2026-09-29,2,メイショウケンゴウ,6.0,5.0,阿部基嗣,56.0,,12.0,13.0,3中京4,3歳未勝利,1:26.9,2.0,晴,7.0,13.0,2中京2,3歳未勝利,1:26.9,2.2,晴,12.0,10.0,2阪神7,3歳未勝利,1:47.2,1.4,晴,7.0,5.0,1中京4,3歳未勝利,2:01.2,0.9,晴,7.0,14.0,1京都2,3歳未勝利,1:35.8,0.5,晴,6.1,1.0,,nar,2026-09-29,40.4,31.9,62.9,0.0,27.5,58.5,48.8,履歴少
202636092902,2026-09-29,2,メイヨシュア,8.0,7.0,高橋悠里,54.0,,6.0,14.0,3新潟2,3歳以上1勝クラス,0:55.9,0.4,晴,8.0,10.0,1札幌6,3歳未勝利,1:01.1,2.1,晴,15.0,18.0,3東京2,3歳未勝利,1:36.4,1.9,曇,14.0,11.0,3中山2,3歳未勝利,1:50.6,2.7,晴,,,,,,,,3.7,2.0,,nar,2026-09-29,50.68,32.6,74.1,0.0,88.0,59.6,48.8,前走人気以上 / 履歴少 / 人気以上に走る傾向 / 近走上向き
202636092902,2026-09-29,2,メインテーマ,6.0,6.0,山本政聡,54.0,,6.0,5.0,2新潟7,3歳未勝利,0:56.6,0.7,晴,,,2福島4,3歳未勝利,,,晴,10.0,7.0,1福島6,3歳未勝利,1:11.7,3.0,晴,9.0,8.0,1中山1,3歳未勝利,1:14.4,1.7,晴,6.0,4.0,5中山5,2歳未勝利,1:13.7,1.2,曇,3.6,1.0,,nar,2026-09-29,41.44,46.9,38.4,0.0,64.0,46.8,48.8,履歴少
202636092902,2026-09-29,2,ユウアイ,2.0,2.0,村上忍,54.0,,9.0,9.0,盛岡,3歳C2三組,1:16.5,2.7,晴,16.0,16.0,1福島2,3歳未勝利,1:14.5,5.3,晴,,,,,,,,,,,,,,,,,,,,,,48.5,9.0,,nar,2026-09-29,41.1,28.9,45.5,18.0,68.6,48.7,48.8,履歴少 / サンプル少 / 近走上向き
202636092902,2026-09-29,2,ユニベールクイーン,5.0,5.0,関本玲花,52.0,,11.0,6.0,水沢,3歳C2七組,1:26.7,4.3,小雨,18.0,16.0,2新潟1,3歳未勝利,0:58.0,2.7,曇,11.0,13.0,1新潟8,3歳未勝利,1:11.8,1.2,小雨,16.0,16.0,1東京3,3歳未勝利,1:44.0,4.5,曇,14.0,9.0,1中山9,3歳未勝利,2:02.7,4.8,晴,29.9,8.0,,nar,2026-09-29,31.11,10.0,35.0,0.0,72.5,45.2,48.8,履歴少 / 近走上向き
202643092902,2026-09-29,2,ヨドノハニー,8.0,6.0,張田昂,54.0,,10.0,10.0,船橋,3歳三,1:20.7,5.2,曇,11.0,9.0,船橋,3歳三,1:19.7,3.3,晴,10.0,11.0,船橋,菖蒲賞(3歳),1:18.0,1.8,晴,9.0,10.0,川崎,レインボー賞(3歳),0:56.2,1.7,晴,11.0,8.0,船橋,3歳四,1:19.3,2.7,晴,149.1,12.0,,nar,2026-09-29,36.01,26.3,46.7,0.0,51.5,49.0,43.8,履歴少
202636092902,2026-09-29,2,ライブリピュア,1.0,1.0,小林凌,54.0,,14.0,14.0,2福島7,3歳未勝利,1:11.3,1.8,曇,11.0,12.0,1新潟6,3歳未勝利,1:14.2,1.5,晴,10.0,13.0,2中山6,3歳未勝利,1:58.0,2.5,晴,12.0,13.0,1中山7,3歳未勝利,2:00.6,3.2,晴,11.0,14.0,1中山2,3歳未勝利,1:59.7,3.1,晴,6.1,4.0,,nar,2026-09-29,35.04,14.3,59.1,0.0,32.0,57.2,50.0,総合評価
202643092902,2026-09-29,2,ランドフスカ,9.0,7.0,和田譲治,54.0,,6.0,3.0,船橋,3歳三,1:17.8,1.7,晴,1.0,2.0,船橋,3歳四,1:18.1,0.0,曇,10.0,2.0,船橋,3歳五,1:19.4,4.0,曇,8.0,8.0,名古屋,3歳5組,1:38.7,2.4,晴,10.0,6.0,名古屋,ベリー賞(3歳),1:54.4,3.0,雨,16.7,6.0,,nar,2026-09-29,45.5,58.0,31.4,24.9,57.5,49.9,48.5,履歴少 / 市場オッズ妙味
202646092902,2026-09-29,2,リナシタ,6.0,6.0,加藤翔馬,55.0,,14.0,8.0,2新潟7,3歳未勝利,0:57.5,1.6,晴,7.0,9.0,2福島6,3歳未勝利,1:10.6,0.4,曇,8.0,3.0,1新潟4,3歳未勝利,0:56.5,0.7,晴,5.0,3.0,1福島2,3歳未勝利,1:10.7,1.5,晴,10.0,7.0,1中山7,3歳未勝利,1:15.0,1.9,晴,2.0,2.0,,nar,2026-09-29,30.66,34.5,29.6,14.6,11.0,41.7,50.0,総合評価
202630092902,2026-09-29,2,リメンバーマインド,4.0,4.0,桑村真明,56.0,,10.0,12.0,門別,2歳未勝利,1:42.5,3.0,晴,5.0,8.0,門別,2歳新馬,1:04.2,2.0,雨,,,,,,,,,,,,,,,,,,,,,,22.4,6.0,,nar,2026-09-29,45.33,43.3,54.9,31.7,29.0,54.4,51.2,門別実績 / 履歴少 / サンプル少 / 市場オッズ妙味
202648092902,2026-09-29,2,ヴィータリッカ,4.0,4.0,近藤颯羽,53.0,,10.0,9.0,3阪神1,3歳未勝利,1:28.0,3.5,晴,,,,,,,,,,,,,,,,,,,,,,,,,,,,,12.8,10.0,,nar,2026-09-29,38.25,35.8,39.1,29.6,40.6,39.5,48.8,履歴少 / サンプル少
202646092902,2026-09-29,2,ヴェリーヌ,9.0,8.0,平瀬城久,55.0,,6.0,9.0,金沢,C25,1:42.9,2.6,曇,6.0,6.0,金沢,江川小林ウエディング(C2),1:36.8,2.7,晴,10.0,10.0,金沢,ばにちゃん&まいちゃ(C2),1:45.9,5.2,晴,8.0,7.0,金沢,金沢競馬で目指せ初勝(C2),1:37.6,3.0,晴,3.0,4.0,金沢,かつののみや杯(C2),1:43.6,1.8,曇,64.5,8.0,,nar,2026-09-29,48.58,53.8,56.1,10.3,54.5,54.6,46.3,前走人気以上 / 履歴少
202648092903,2026-09-29,3,アオゾラランチ,9.0,7.0,今井貴大,55.0,,11.0,13.0,3新潟2,3歳未勝利,1:48.2,0.9,曇,12.0,14.0,2新潟4,3歳未勝利,1:48.4,0.9,曇,7.0,10.0,2福島8,3歳未勝利,2:01.0,1.6,晴,10.0,12.0,1中山1,3歳新馬,2:04.7,0.7,晴,,,,,,,,7.2,2.0,,nar,2026-09-29,41.42,26.1,65.5,0.0,42.0,59.5,50.0,前走人気以上 / 人気以上に走る傾向
202648092903,2026-09-29,3,アクトサージ,1.0,1.0,近藤颯羽,55.0,,,,名古屋,3歳7組,,,晴,13.0,9.0,2中山7,3歳未勝利,2:19.0,5.4,晴,,,,,,,,,,,,,,,,,,,,,,10.8,7.0,,nar,2026-09-29,35.2,30.5,34.5,29.6,40.6,36.2,48.8,履歴少 / サンプル少
202630092903,2026-09-29,3,アスフィート,8.0,7.0,岩橋勇二,55.0,,,,門別,2歳牝馬未勝利,,,曇,3.0,4.0,門別,2歳牝馬未勝利,1:02.7,0.7,晴,5.0,3.0,門別,2歳牝馬未勝利,1:03.0,1.8,晴,2.0,8.0,門別,JRA認定競走フレッ(2歳),1:04.1,0.4,曇,,,,,,,,8.9,4.0,,nar,2026-09-29,65.13,80.6,58.6,59.3,53.0,64.7,59.5,門別実績 / 履歴少
202630092903,2026-09-29,3,アドミレリッチー,3.0,3.0,藤田凌駕,54.0,,6.0,7.0,門別,赤黒の勇者賞(2歳),1:04.4,1.7,晴,10.0,11.0,門別,優駿の里サラブレッド(2歳),1:04.6,2.3,曇,10.0,10.0,門別,2歳未勝利,1:05.5,3.1,曇,9.0,12.0,門別,2歳未勝利,1:05.0,2.9,曇,8.0,8.0,門別,JRA認定競走フレッ(2歳),1:04.4,4.4,晴,136.5,10.0,,nar,2026-09-29,45.59,40.5,56.9,0.0,69.5,54.2,46.5,近走上向き
202643092903,2026-09-29,3,アメリカンサンデー,9.0,7.0,中越琉世,56.0,,9.0,11.0,川崎,梟賞(3歳),1:42.0,2.6,曇,11.0,12.0,川崎,鶫賞(3歳),1:40.2,2.0,晴,11.0,2.0,川崎,アウローラ賞(3歳),1:35.4,2.4,晴,5.0,2.0,川崎,珠鷸賞(3歳),1:40.0,1.5,晴,1.0,1.0,川崎,3歳7,1:33.4,-1.3,曇,75.4,11.0,,nar,2026-09-29,39.69,40.1,40.5,24.9,38.0,45.1,48.8,履歴少
202648092903,2026-09-29,3,アージェンタイド,4.0,4.0,大原浩司,57.0,,17.0,18.0,3新潟3,3歳未勝利,2:19.9,3.6,小雨,17.0,14.0,3新潟1,3歳未勝利,1:35.6,1.9,晴,15.0,14.0,1東京7,3歳未勝利,1:43.1,4.3,晴,15.0,10.0,5中山1,2歳未勝利,1:37.8,2.4,晴,10.0,8.0,4東京7,2歳未勝利,1:29.0,2.7,曇,14.7,11.0,,nar,2026-09-29,25.64,2.9,39.0,0.0,33.5,47.1,48.8,履歴少 / 市場オッズ妙味
202643092903,2026-09-29,3,イニシエート,8.0,6.0,笠野雄大,54.0,,2.0,2.0,船橋,3歳二,1:16.2,1.0,晴,2.0,1.0,船橋,3歳二,1:17.5,0.2,晴,7.0,3.0,船橋,3歳三,1:18.0,2.5,曇,6.0,3.0,船橋,3歳三,1:17.2,0.8,晴,12.0,2.0,船橋,菖蒲賞(3歳),1:19.0,2.8,晴,7.1,4.0,,nar,2026-09-29,55.25,71.2,32.4,55.3,78.5,46.6,49.6,履歴少 / 近走上向き
202630092903,2026-09-29,3,イーアルサンダー,2.0,2.0,落合玄太,56.0,,2.0,1.0,門別,コンサドールズ賞(2歳),1:02.1,0.4,晴,2.0,1.0,門別,2歳未勝利,1:09.0,0.4,曇,2.0,1.0,門別,JRA認定競走フレッ(2歳),1:09.3,0.2,曇,,,,,,,,,,,,,,,1.4,1.0,,nar,2026-09-29,63.78,92.0,43.0,75.1,50.0,48.2,59.5,門別実績 / 履歴少 / 安定感
202636092903,2026-09-29,3,エイシンウィゾール,3.0,3.0,山本聡紀,54.0,,11.0,7.0,1東京3,3歳未勝利,1:29.6,2.9,曇,13.0,4.0,3福島3,2歳未勝利,1:10.2,1.3,晴,6.0,7.0,3新潟4,2歳未勝利,1:23.3,0.8,晴,8.0,6.0,2新潟1,2歳新馬,1:35.5,0.9,晴,,,,,,,,4.9,3.0,,nar,2026-09-29,28.35,28.3,22.3,0.0,38.0,40.4,48.8,履歴少
202643092903,2026-09-29,3,エイシンジンジャー,2.0,2.0,野畑凌,56.0,,5.0,8.0,川崎,啄木鳥賞(3歳),1:40.8,3.6,雨,3.0,8.0,船橋,3歳二,1:16.5,1.3,晴,7.0,7.0,船橋,ウミネコスプリント(3歳),1:17.0,2.4,晴,11.0,9.0,浦和,浦和競馬公式ファンク(3歳),1:38.9,2.5,晴,2.0,6.0,船橋,3歳三,1:16.3,0.8,曇,17.0,8.0,,nar,2026-09-29,63.44,64.3,66.0,65.7,54.5,70.5,53.1,船橋実績 / 前走人気以上 / 人気以上に走る傾向 / 安定感
202636092903,2026-09-29,3,エイチエヌライ,2.0,2.0,菅原辰徳,56.0,,9.0,9.0,水沢,3歳C2七組,1:26.1,3.8,小雨,7.0,9.0,金沢,東西回胴連12周年記(3歳),1:36.6,4.0,晴,9.0,9.0,金沢,3歳B 9,1:45.3,4.2,晴,7.0,8.0,金沢,海月雲ろあ1周年記念(3歳),1:46.0,4.7,晴,9.0,9.0,金沢,3歳B 7,1:47.7,7.4,晴,399.5,10.0,,nar,2026-09-29,42.58,42.3,54.5,0.0,44.0,53.5,48.8,履歴少
202648092903,2026-09-29,3,エコロガルダ,12.0,8.0,望月洵輝,57.0,,11.0,17.0,3中京1,3歳未勝利,1:09.0,1.1,晴,10.0,4.0,笠松,落合宿特別(3歳),1:33.2,4.9,曇,14.0,4.0,3京都8,2歳未勝利,1:30.0,3.7,曇,10.0,3.0,3中京5,2歳新馬,1:23.7,1.4,曇,,,,,,,,17.9,12.0,,nar,2026-09-29,28.96,19.1,29.2,0.0,52.0,37.1,51.8,クラス条件好転 / 前走人気以上 / 履歴少
202630092903,2026-09-29,3,エムティベリー,1.0,1.0,宮内勇樹,55.0,,7.0,8.0,門別,2歳未勝利,1:03.5,1.1,晴,12.0,11.0,門別,2歳未勝利,1:21.2,6.2,雨,10.0,7.0,門別,2歳牝馬未勝利,1:11.6,2.3,晴,10.0,5.0,門別,2歳未勝利,1:05.2,2.7,晴,6.0,5.0,門別,2歳牝馬未勝利,1:04.7,1.1,曇,100.5,8.0,,nar,2026-09-29,37.88,34.6,40.4,0.0,65.0,45.1,43.8,履歴少 / 近走上向き
202636092903,2026-09-29,3,オンザギャラクシー,10.0,8.0,高橋悠里,56.0,,11.0,9.0,盛岡,うまレター賞(3歳C2),1:16.8,2.8,曇,11.0,4.0,盛岡,3歳C2七組,1:17.2,4.8,曇,16.0,15.0,3東京3,3歳未勝利,1:41.7,4.5,晴,13.0,10.0,1東京4,3歳未勝利,2:26.3,12.1,晴,9.0,12.0,1中山3,3歳新馬,2:04.3,2.1,晴,14.3,7.0,,nar,2026-09-29,30.09,15.4,31.3,0.0,57.5,46.5,48.8,履歴少 / 市場オッズ妙味
202630092903,2026-09-29,3,オーバーチュア,4.0,4.0,亀井洋司,56.0,,6.0,12.0,門別,2歳未勝利,1:03.5,1.2,晴,8.0,10.0,門別,2歳未勝利,1:12.0,2.8,晴,9.0,7.0,門別,2歳未勝利,1:45.3,3.7,晴,11.0,12.0,門別,JRA認定競走フレッ(2歳),1:12.0,3.9,晴,,,,,,,,125.5,9.0,,nar,2026-09-29,48.93,43.8,66.2,0.0,70.0,57.3,43.8,前走人気以上 / 履歴少 / 人気以上に走る傾向 / 近走上向き
202636092903,2026-09-29,3,カンフーヒーロー,1.0,1.0,鈴木祐,56.0,,14.0,14.0,2新潟2,3歳未勝利,1:57.2,4.5,雨,13.0,14.0,2福島1,3歳未勝利,1:50.5,4.1,晴,15.0,16.0,3東京2,3歳未勝利,1:42.1,2.9,曇,6.0,9.0,1新潟6,3歳未勝利,1:56.7,1.8,晴,14.0,14.0,1福島6,3歳未勝利,1:50.5,4.1,晴,5.7,4.0,,nar,2026-09-29,33.38,9.8,56.2,0.0,38.0,55.2,48.8,履歴少
202643092903,2026-09-29,3,キチョウ,3.0,3.0,西啓太,54.0,,10.0,11.0,川崎,サファイアフラワー賞(3歳C1),1:34.7,3.2,曇,8.0,7.0,川崎,翡翠賞(3歳),1:40.2,3.0,晴,8.0,7.0,川崎,赤翡翠賞(3歳),1:40.4,2.9,晴,5.0,6.0,川崎,小千鳥賞(3歳),1:40.8,1.0,曇,10.0,9.0,船橋,3歳二,1:17.9,2.3,晴,45.5,10.0,,nar,2026-09-29,41.45,41.0,49.3,14.6,36.5,51.0,48.8,履歴少
202643092903,2026-09-29,3,ギガントマキア,7.0,6.0,古岡勇樹,56.0,,6.0,6.0,川崎,スピア賞(3歳),0:56.9,0.9,曇,3.0,2.0,川崎,コスモス賞(3歳),0:56.0,0.3,晴,7.0,3.0,川崎,モルゲンロート賞(3歳),0:56.2,0.6,曇,2.0,1.0,川崎,エクレール賞(3歳),0:56.7,0.0,曇,2.0,4.0,川崎,ラファール賞(3歳),0:55.5,0.4,曇,20.6,9.0,,nar,2026-09-29,53.2,72.4,43.1,49.8,35.0,53.7,48.8,履歴少 / 市場オッズ妙味
202646092903,2026-09-29,3,クィーンコッチャン,4.0,4.0,魚住謙心,55.0,,4.0,3.0,金沢,3歳B 3,1:35.1,2.6,晴,9.0,6.0,金沢,祝!ゆっきー支店長就(3歳),1:44.6,5.1,晴,5.0,4.0,金沢,3歳B 2,1:35.8,3.5,曇,1.0,2.0,金沢,祝!黒まめくん3回目(3歳6),1:34.4,-0.4,曇,7.0,3.0,金沢,りゅうとくん24ちゃ(3歳),1:45.0,4.2,曇,33.9,5.0,,nar,2026-09-29,55.07,65.5,39.4,64.7,59.0,51.1,52.9,金沢実績 / 履歴少 / 安定感 / 市場オッズ妙味
202648092903,2026-09-29,3,クリノゴージャス,2.0,2.0,塚本征吾,55.0,,14.0,14.0,2中京7,3歳未勝利,1:15.3,3.5,晴,18.0,17.0,2小倉8,3歳未勝利,1:10.3,2.3,晴,,,,,,,,,,,,,,,,,,,,,,10.7,5.0,,nar,2026-09-29,36.58,18.0,43.8,18.0,58.7,48.8,50.0,サンプル少
202648092903,2026-09-29,3,グラスアロー,8.0,6.0,木之前葵,55.0,,13.0,15.0,4中山2,3歳未勝利,1:12.5,1.6,雨,11.0,16.0,2福島6,3歳未勝利,1:10.7,1.4,小雨,8.0,14.0,2東京8,3歳未勝利,1:28.0,1.8,晴,15.0,14.0,2中山6,3歳未勝利,2:00.2,5.8,晴,12.0,15.0,1東京2,3歳未勝利,1:28.3,2.9,晴,9.6,4.0,,nar,2026-09-29,40.54,16.1,72.4,0.0,41.0,62.3,50.0,前走人気以上 / 人気以上に走る傾向
202646092903,2026-09-29,3,ケイアイギルス,8.0,8.0,兼子千央,57.0,,1.0,6.0,金沢,3歳B 3特編(3歳3),1:38.8,-0.4,雨,4.0,4.0,金沢,3歳B 8,1:42.0,0.9,晴,3.0,7.0,金沢,東西回胴連12周年記(3歳),1:34.6,2.0,晴,16.0,15.0,2福島5,3歳未勝利,1:49.6,2.1,曇,15.0,14.0,5中山4,2歳新馬,1:24.8,11.6,曇,5.6,2.0,,nar,2026-09-29,69.24,65.9,64.4,75.1,100.0,61.9,56.4,金沢実績 / 前走人気以上 / 近走上向き / 安定感
202648092903,2026-09-29,3,ゴールドアベニュー,11.0,8.0,小笠原羚,52.0,,9.0,16.0,2中京8,3歳未勝利,2:14.2,1.5,晴,8.0,12.0,2中京3,3歳未勝利,2:00.5,1.1,晴,13.0,11.0,2小倉5,3歳未勝利,2:02.6,1.6,晴,7.0,6.0,1新潟1,3歳未勝利,2:18.7,1.7,晴,6.0,12.0,1福島1,3歳未勝利,1:48.0,0.4,晴,12.3,9.0,,nar,2026-09-29,46.98,36.5,72.4,0.0,47.0,62.5,50.0,前走人気以上 / 人気以上に走る傾向 / 市場オッズ妙味
202630092903,2026-09-29,3,サオリ,7.0,6.0,黒澤愛斗,55.0,,2.0,3.0,門別,CONSAOLDS賞(2歳),1:02.6,0.1,晴,3.0,3.0,門別,日高山脈襟裳十勝国立(2歳),1:03.5,0.5,曇,7.0,8.0,門別,2歳未勝利,1:03.6,1.8,曇,4.0,8.0,門別,JRA認定競走フレッ(2歳),1:04.0,1.0,晴,,,,,,,,5.9,2.0,,nar,2026-09-29,66.56,78.4,58.5,69.9,66.0,62.4,55.3,門別実績 / 履歴少 / 近走上向き / 安定感
202636092903,2026-09-29,3,サツキクローネ,5.0,5.0,塚本涼人,54.0,,12.0,12.0,盛岡,3歳C2八組,1:17.5,3.9,曇,6.0,10.0,盛岡,3歳C2七組,1:15.8,3.4,曇,10.0,9.0,盛岡,3歳C2七組,1:17.5,4.2,晴,9.0,7.0,盛岡,3歳C2七組,1:17.8,3.2,曇,8.0,9.0,盛岡,3歳C2四組,1:16.6,2.1,晴,138.3,9.0,,nar,2026-09-29,38.01,33.9,54.3,0.0,27.5,52.2,48.8,履歴少
202630092903,2026-09-29,3,シレテヴェンティ,11.0,8.0,小川悠汰,53.0,,12.0,11.0,門別,2歳未勝利,1:14.2,5.9,曇,12.0,12.0,門別,2歳未勝利,1:08.5,6.9,雨,10.0,9.0,門別,2歳未勝利,1:15.3,6.1,晴,10.0,8.0,門別,JRA認定競走フレッ(2歳),1:15.1,6.1,雨,,,,,,,,213.7,11.0,,nar,2026-09-29,31.68,18.1,43.8,0.0,42.0,47.7,43.8,履歴少
202646092903,2026-09-29,3,ストロボエッジ,5.0,5.0,甲賀弘隆,57.0,,5.0,4.0,金沢,YJSトライアルラウ(3歳7),1:34.5,0.8,雨,8.0,10.0,金沢,3歳B 3,1:41.6,2.6,晴,4.0,10.0,金沢,だいちくんゆりなさん(3歳),1:34.4,0.7,曇,6.0,5.0,金沢,3歳B 4,1:35.0,1.2,晴,7.0,4.0,金沢,ちーたん生誕1周年記(3歳),1:42.4,3.3,晴,20.8,4.0,,nar,2026-09-29,56.69,60.8,56.5,50.2,57.5,58.2,50.5,市場オッズ妙味
202643092903,2026-09-29,3,スマイルフレイヤ,10.0,7.0,山本大翔,52.0,,6.0,8.0,船橋,入道雲特別(3歳),1:16.1,0.7,雨,1.0,2.0,船橋,3歳二,1:17.3,-0.2,晴,9.0,11.0,名古屋,若星特別(3歳),1:37.9,2.8,曇,3.0,7.0,名古屋,駿芽疾風特別(3歳),0:55.8,1.0,晴,12.0,12.0,名古屋,クラシックドリーム戦(3歳),2:23.4,5.1,晴,8.1,5.0,,nar,2026-09-29,57.74,63.8,62.9,39.5,51.5,62.5,51.2,船橋実績 / 履歴少
202636092903,2026-09-29,3,スレイクイーン,8.0,7.0,山本聡哉,54.0,,7.0,11.0,2中京8,3歳未勝利,1:59.0,1.3,晴,13.0,11.0,2中京1,3歳未勝利,1:34.3,1.8,晴,,,,,,,,,,,,,,,,,,,,,,4.4,2.0,,nar,2026-09-29,43.78,34.7,50.5,18.0,65.3,50.5,48.8,前走人気以上 / 履歴少 / サンプル少 / 近走上向き
202648092903,2026-09-29,3,タマモパルファン,6.0,5.0,友森翔太,55.0,,14.0,13.0,3中京4,3歳未勝利,2:01.3,7.0,晴,10.0,9.0,1札幌7,3歳未勝利,1:30.9,1.9,晴,11.0,10.0,3阪神1,3歳未勝利,1:09.6,1.1,晴,,,,,,,,,,,,,,,4.6,1.0,,nar,2026-09-29,29.54,14.6,43.0,0.0,29.0,48.5,48.8,履歴少
202646092903,2026-09-29,3,ダイユウアドバンス,2.0,2.0,青柳正義,55.0,,11.0,2.0,金沢,YJSトライアルラウ(3歳),1:43.7,5.3,雨,2.0,1.0,金沢,3歳B 4,1:39.5,0.2,晴,1.0,1.0,金沢,東西回胴連12周年記(3歳),1:32.6,-1.8,晴,13.0,12.0,1函館12,3歳未勝利,1:47.3,2.8,小雨,15.0,14.0,1函館1,3歳未勝利,2:45.7,6.1,曇,1.2,1.0,,nar,2026-09-29,40.69,49.3,27.4,44.7,30.5,42.7,53.1,金沢実績
202646092903,2026-09-29,3,ダズリングゲーム,6.0,6.0,田知弘久,55.0,,6.0,7.0,金沢,3歳B 3特編(3歳3),1:40.6,1.8,雨,,,金沢,3歳B 2,,,曇,3.0,4.0,金沢,3歳B 4,1:34.1,0.3,晴,3.0,3.0,金沢,3歳B 5,1:34.9,1.6,晴,5.0,4.0,金沢,3歳B 3,1:35.4,1.2,曇,46.7,7.0,,nar,2026-09-29,56.29,72.1,53.7,44.7,36.0,57.1,55.3,金沢実績 / 履歴少 / 市場オッズ妙味
202643092903,2026-09-29,3,テセラグラディウス,1.0,1.0,佐野遥久,54.0,,10.0,3.0,川崎,啄木鳥賞(3歳),1:41.9,4.7,雨,3.0,1.0,川崎,鶫賞(3歳),1:38.8,0.6,晴,2.0,3.0,川崎,オーブ賞(3歳),1:38.5,0.5,曇,7.0,1.0,川崎,ランポ賞(3歳),1:34.6,2.1,曇,1.0,1.0,川崎,3歳8,1:32.6,-1.9,晴,13.2,7.0,,nar,2026-09-29,44.68,65.5,26.9,55.0,9.5,51.9,48.8,履歴少 / 市場オッズ妙味
202630092903,2026-09-29,3,ドウヤラファミリー,6.0,6.0,石川倭,56.0,,6.0,2.0,門別,JRA認定競走フレッ(2歳),1:04.4,3.0,晴,,,,,,,,,,,,,,,,,,,,,,,,,,,,,15.6,5.0,,nar,2026-09-29,38.65,42.8,34.5,29.6,40.6,36.2,48.8,履歴少 / サンプル少
202648092903,2026-09-29,3,ネオアンボウ,3.0,3.0,大畑雅章,57.0,,17.0,13.0,3新潟4,3歳未勝利,1:23.7,1.5,曇,10.0,12.0,2福島4,3歳未勝利,1:09.7,1.3,晴,13.0,15.0,3中山6,3歳未勝利,2:16.1,2.0,晴,6.0,5.0,金沢,能登千里浜賞(3歳),1:44.1,4.2,晴,12.0,13.0,1東京8,3歳未勝利,1:28.2,2.0,晴,10.9,8.0,,nar,2026-09-29,29.95,17.8,47.4,0.0,9.5,53.2,50.0,総合評価
202630092903,2026-09-29,3,バウマイオール,5.0,5.0,桑村真明,56.0,,12.0,7.0,門別,30周年賞(2歳),1:12.1,3.7,晴,8.0,5.0,門別,JRA認定競走フレッ(2歳),1:12.2,3.3,曇,,,,,,,,,,,,,,,,,,,,,,60.1,7.0,,nar,2026-09-29,32.32,32.5,29.7,18.0,32.3,40.8,43.2,履歴少 / サンプル少
202636092903,2026-09-29,3,パノラマステージ,7.0,7.0,高松亮,54.0,,6.0,14.0,2中京7,3歳未勝利,1:20.4,0.6,曇,12.0,16.0,3阪神6,3歳未勝利,1:35.7,1.6,晴,12.0,6.0,1福島6,3歳未勝利,1:48.2,1.4,晴,7.0,7.0,1小倉10,3歳未勝利,1:49.4,1.0,晴,7.0,6.0,3福島5,2歳未勝利,1:49.9,2.0,晴,3.6,1.0,,nar,2026-09-29,46.88,36.6,65.0,0.0,71.0,54.7,48.8,前走人気以上 / 履歴少 / 近走上向き
202630092903,2026-09-29,3,パンチャギ,9.0,7.0,金山昇馬,56.0,,5.0,3.0,門別,グランシャリオドリー(2歳),1:04.0,1.0,晴,9.0,9.0,門別,静内産馬カーニバル賞(2歳),1:10.9,2.5,雨,6.0,8.0,門別,2歳未勝利,1:11.0,1.8,晴,11.0,10.0,門別,2歳未勝利,1:18.5,3.0,曇,10.0,8.0,門別,2歳未勝利,1:12.2,3.0,曇,53.8,6.0,,nar,2026-09-29,48.4,47.3,46.0,30.4,74.0,49.6,46.3,履歴少 / 近走上向き
202646092903,2026-09-29,3,ピースオブザスカイ,3.0,3.0,鈴木太一,55.0,,5.0,10.0,金沢,酒井敏希爆裂誕生記念(3歳9),1:35.3,3.1,雨,9.0,11.0,金沢,3歳B 4,1:42.7,3.4,晴,9.0,7.0,金沢,だいちくんゆりなさん(3歳),1:36.4,2.7,曇,7.0,7.0,金沢,3歳B 3,1:38.8,6.3,晴,8.0,8.0,金沢,3歳B 3,1:44.4,2.9,晴,124.0,8.0,,nar,2026-09-29,52.93,48.9,61.4,30.4,69.5,54.8,48.5,前走人気以上 / 近走上向き
202636092903,2026-09-29,3,フジテンクウ,4.0,4.0,小林凌,54.0,,7.0,8.0,水沢,3歳C2七組,1:24.5,2.2,小雨,6.0,7.0,盛岡,うまレター賞(3歳C2),1:15.4,1.4,曇,14.0,13.0,2新潟1,3歳未勝利,1:16.8,4.4,曇,16.0,13.0,2東京6,3歳未勝利,1:29.5,3.2,晴,16.0,11.0,3中山1,3歳未勝利,1:39.9,4.8,晴,20.0,8.0,,nar,2026-09-29,41.4,30.8,45.8,0.0,86.0,47.1,48.8,履歴少 / 近走上向き
202648092903,2026-09-29,3,フラワーフェアリー,7.0,6.0,加藤聡一,55.0,,11.0,14.0,1札幌7,3歳未勝利,1:31.2,2.2,晴,13.0,8.0,5東京8,2歳未勝利,1:37.3,2.6,晴,14.0,7.0,5東京3,2歳新馬,1:38.8,4.0,晴,,,,,,,,,,,,,,,10.7,6.0,,nar,2026-09-29,29.48,9.4,34.0,0.0,65.0,42.9,48.8,前走人気以上 / 履歴少 / 近走上向き
202648092903,2026-09-29,3,ブラックゲイル,10.0,7.0,大畑慧悟,57.0,,14.0,13.0,2札幌5,3歳未勝利,1:54.3,9.6,晴,14.0,14.0,3東京4,3歳未勝利,1:21.7,3.2,晴,11.0,14.0,1福島1,3歳未勝利,1:11.6,2.2,晴,15.0,14.0,1中山5,3歳新馬,1:17.7,3.8,晴,,,,,,,,13.0,10.0,,nar,2026-09-29,31.49,4.4,51.1,0.0,46.0,54.2,48.8,履歴少 / 市場オッズ妙味
202636092903,2026-09-29,3,ブロッコロ,9.0,8.0,坂井瑛音,53.0,,15.0,13.0,2新潟8,3歳未勝利,1:58.7,3.6,晴,16.0,16.0,2新潟4,3歳未勝利,1:22.9,1.7,晴,6.0,9.0,1中山1,3歳新馬,1:15.6,2.4,晴,,,,,,,,,,,,,,,13.6,6.0,,nar,2026-09-29,31.94,15.8,49.9,0.0,26.0,54.0,48.8,履歴少 / 市場オッズ妙味
202643092903,2026-09-29,3,ボンシャンス,6.0,5.0,沖響主,53.0,,6.0,7.0,船橋,3歳二,1:17.3,2.1,晴,1.0,3.0,船橋,3歳三,1:17.8,-0.2,曇,2.0,5.0,船橋,3歳六,1:16.7,0.8,曇,5.0,8.0,船橋,3歳七,1:18.4,2.2,曇,5.0,5.0,船橋,3歳八,1:19.2,1.3,晴,10.4,6.0,,nar,2026-09-29,64.2,78.3,62.8,69.6,33.5,65.8,56.2,船橋実績 / 履歴少 / 安定感 / 過小評価傾向
202646092903,2026-09-29,3,ボンダイビーチ,1.0,1.0,沖静男,55.0,,11.0,3.0,金沢,YJSトライアルラウ(3歳7),1:34.9,1.2,雨,7.0,8.0,金沢,3歳B 3,1:41.3,2.3,晴,6.0,5.0,金沢,3歳B 2,1:35.2,2.3,曇,5.0,3.0,金沢,3歳B 4,1:34.8,1.0,晴,1.0,4.0,金沢,3歳B 7,1:41.4,-0.1,晴,35.5,6.0,,nar,2026-09-29,38.83,51.1,33.5,24.9,12.5,50.2,49.6,履歴少 / 市場オッズ妙味
202646092903,2026-09-29,3,マイネルエトルタ,7.0,7.0,栗原大河,57.0,,3.0,4.0,金沢,3歳B 4,1:40.3,1.0,晴,2.0,2.0,金沢,3歳B 4,1:41.6,0.5,曇,2.0,4.0,金沢,3歳B 6,1:41.4,0.4,晴,4.0,6.0,金沢,3歳B 4,1:33.2,1.3,曇,5.0,5.0,金沢,3歳B 6,1:42.3,2.0,曇,9.2,3.0,,nar,2026-09-29,70.3,84.8,56.9,100.0,51.5,62.7,59.5,金沢実績 / 履歴少 / 安定感
202643092903,2026-09-29,3,マリノレーヴェ,11.0,8.0,本橋孝太,54.0,,1.0,2.0,船橋,3歳四,1:16.6,0.0,晴,4.0,2.0,船橋,3歳三,1:18.5,0.7,曇,5.0,1.0,船橋,3歳六,1:18.1,1.0,曇,10.0,10.0,2東京2,3歳未勝利,1:27.8,1.8,晴,6.0,5.0,3中山1,3歳未勝利,1:12.7,1.2,曇,4.6,2.0,,nar,2026-09-29,62.73,73.1,42.4,75.1,81.5,52.6,59.5,船橋実績 / 履歴少 / 近走上向き / 安定感
202643092903,2026-09-29,3,ミコディパーチャ,12.0,8.0,笹川翼,54.0,,1.0,1.0,浦和,3歳 未格付,0:47.4,-0.6,晴,11.0,8.0,船橋,ジュニアスプリント(2歳),1:16.9,2.3,晴,4.0,2.0,船橋,シーサイドアイドル特(2歳),1:16.8,1.1,晴,7.0,1.0,船橋,フューチュリティスプ(2歳),1:18.3,2.3,曇,1.0,3.0,船橋,プルメリアデビュー(2歳),1:00.9,-0.6,晴,3.9,1.0,,nar,2026-09-29,56.88,68.3,37.3,60.5,78.5,49.9,51.2,船橋実績 / 履歴少 / 近走上向き / 安定感
202636092903,2026-09-29,3,モリガン,6.0,6.0,佐々木志,54.0,,14.0,14.0,3新潟1,3歳未勝利,1:16.0,3.6,晴,13.0,11.0,2福島2,3歳未勝利,1:11.3,2.7,晴,,,,,,,,,,,,,,,,,,,,,,6.3,5.0,,nar,2026-09-29,34.13,19.0,42.0,18.0,42.2,47.3,48.8,履歴少 / サンプル少
202643092903,2026-09-29,3,モーニンジェーピー,4.0,4.0,菅原吏久,51.0,,12.0,12.0,船橋,入道雲特別(3歳),1:18.3,2.9,雨,5.0,6.0,浦和,3歳 未格付,0:48.2,0.8,晴,4.0,12.0,浦和,3歳 未格付,0:48.2,0.2,雨,11.0,11.0,船橋,アサガオスプリント(3歳),1:18.8,3.4,曇,7.0,6.0,浦和,3歳 未格付,0:48.1,1.8,曇,82.4,12.0,,nar,2026-09-29,47.45,43.9,62.1,44.7,18.5,57.3,46.5,前走人気以上
202630092903,2026-09-29,3,レジェンドヴァーサ,10.0,8.0,松井伸也,56.0,,11.0,12.0,1札幌2,2歳未勝利,1:02.1,2.5,晴,11.0,11.0,1函館9,2歳新馬,1:12.3,3.0,曇,,,,,,,,,,,,,,,,,,,,,,6.8,3.0,,nar,2026-09-29,39.18,29.0,47.6,18.0,45.5,50.1,50.0,サンプル少
202648092903,2026-09-29,3,ロックユアライフ,5.0,5.0,丸野勝虎,55.0,,17.0,11.0,3新潟2,3歳未勝利,1:49.4,2.1,曇,15.0,10.0,3東京6,3歳未勝利,1:36.9,1.8,曇,,,,,,,,,,,,,,,,,,,,,,7.4,3.0,,nar,2026-09-29,28.06,18.0,24.1,18.0,38.9,39.5,48.8,履歴少 / サンプル少
202643092903,2026-09-29,3,ワンダージャーニー,5.0,5.0,篠谷葵,56.0,,9.0,4.0,船橋,入道雲特別(3歳),1:17.4,2.0,雨,1.0,1.0,船橋,3歳五,1:16.8,-0.4,雨,1.0,1.0,船橋,3歳九,1:17.0,-1.9,晴,4.0,1.0,船橋,カトレアデビュー(2歳),1:03.7,0.7,晴,,,,,,,,5.3,3.0,,nar,2026-09-29,49.86,74.4,34.7,59.3,8.0,50.6,55.3,船橋実績 / 履歴少
202648092904,2026-09-29,4,アイムマウイ,7.0,6.0,赤津和希,56.0,,9.0,9.0,名古屋,名古屋モーニングフィ(2歳),1:01.2,4.7,曇,10.0,9.0,名古屋,ゴールデンデビュー名(2歳),1:03.9,8.0,曇,,,,,,,,,,,,,,,,,,,,,,108.5,10.0,,nar,2026-09-29,39.47,35.8,43.8,18.0,48.8,47.1,43.2,履歴少 / サンプル少
202630092904,2026-09-29,4,アノコロイチバン,4.0,4.0,石川倭,55.0,,2.0,1.0,門別,グランシャリオドリー(2歳),1:03.2,0.2,晴,6.0,4.0,門別,日高山脈襟裳十勝国立(2歳),1:03.9,0.9,曇,6.0,8.0,門別,2歳未勝利,1:04.0,0.8,曇,7.0,7.0,門別,公認キャラビラッキー(2歳),1:04.2,1.8,晴,7.0,7.0,門別,2歳未勝利,1:50.7,2.4,晴,12.1,6.0,,nar,2026-09-29,55.82,67.7,47.1,30.4,77.0,57.3,46.3,履歴少 / 近走上向き / 市場オッズ妙味
202648092904,2026-09-29,4,アノヒノヤクソク,4.0,4.0,丸野勝虎,55.0,,6.0,5.0,名古屋,ゴールデンデビュー名(2歳),0:57.1,2.9,晴,,,,,,,,,,,,,,,,,,,,,,,,,,,,,14.9,6.0,,nar,2026-09-29,40.22,42.8,39.1,29.6,40.6,39.5,48.8,履歴少 / サンプル少
202636092904,2026-09-29,4,アレグロヴィーヴォ,2.0,2.0,阿部英俊,56.0,,8.0,8.0,水沢,C2二組,1:31.5,2.8,晴,5.0,4.0,水沢,C2二組,1:30.7,1.1,小雨,6.0,8.0,水沢,C2二組,1:29.4,1.3,晴,10.0,11.0,盛岡,リギル賞(C1),1:28.2,1.8,曇,8.0,8.0,盛岡,C1,1:28.3,1.3,曇,23.4,6.0,,nar,2026-09-29,47.86,50.8,52.0,24.9,45.5,56.0,48.5,履歴少 / 市場オッズ妙味
202636092904,2026-09-29,4,エムティヒビキ,3.0,3.0,岩本怜,56.0,,9.0,12.0,水沢,C2三組,1:33.7,4.2,晴,7.0,8.0,水沢,C2二組,1:31.5,1.9,小雨,10.0,8.0,盛岡,C2三組,1:28.4,2.1,曇,9.0,8.0,盛岡,C2三組,1:29.2,2.7,晴,2.0,6.0,盛岡,C2四組,1:27.9,0.2,曇,78.6,9.0,,nar,2026-09-29,44.24,44.2,57.2,10.3,38.0,54.8,46.5,前走人気以上
202648092904,2026-09-29,4,オンディーヌ,10.0,7.0,渡辺竜也,55.0,,5.0,1.0,名古屋,2歳疾風戦,0:59.0,2.1,曇,3.0,3.0,名古屋,ゴールデンデビュー名(2歳),0:57.2,2.4,晴,,,,,,,,,,,,,,,,,,,,,,4.6,3.0,,nar,2026-09-29,48.94,59.4,37.0,48.4,38.9,50.0,59.5,名古屋実績 / 履歴少 / サンプル少
202636092904,2026-09-29,4,カレンザブーケ,8.0,8.0,大坪慎,54.0,,9.0,10.0,水沢,C2二組,1:32.5,3.8,晴,9.0,5.0,水沢,C2二組,1:31.8,2.2,小雨,11.0,10.0,水沢,C2一組,1:31.7,3.6,晴,10.0,11.0,盛岡,C2一組,1:27.4,1.2,曇,5.0,5.0,盛岡,C2二組,1:28.3,2.6,晴,34.8,7.0,,nar,2026-09-29,38.94,35.0,44.8,10.3,48.5,49.7,43.8,履歴少
202643092904,2026-09-29,4,キタノマヒロ,12.0,8.0,和田譲治,54.0,,5.0,5.0,船橋,3歳 281P,1:40.3,2.9,晴,5.0,9.0,船橋,3歳 331P,1:40.3,1.7,晴,5.0,4.0,船橋,3歳五,1:17.4,2.0,曇,3.0,8.0,船橋,3歳六,1:17.6,0.5,曇,7.0,10.0,船橋,3歳五,1:17.9,1.4,曇,81.8,8.0,,nar,2026-09-29,65.19,68.7,62.9,89.7,50.0,60.6,56.2,船橋実績 / 履歴少 / 安定感
202646092904,2026-09-29,4,クリノヒビキ,4.0,4.0,服部大地,57.0,,8.0,11.0,金沢,敬馬賞(B級),1:34.0,2.0,晴,5.0,6.0,金沢,熊谷登まだまだ現役記(C2),1:36.0,0.8,晴,8.0,9.0,金沢,ばにちゃん&まいちゃ(C2),1:43.6,2.9,晴,8.0,8.0,金沢,フィフスザ中村メシア(C2),1:44.2,3.6,曇,5.0,5.0,金沢,能登復興支援能登金剛(C2),1:43.9,2.3,曇,95.8,6.0,,nar,2026-09-29,50.9,52.5,59.5,35.3,41.0,55.9,49.6,前走人気以上 / 履歴少
202643092904,2026-09-29,4,グリンフォンテン,10.0,7.0,小杉亮,56.0,,4.0,7.0,船橋,3歳 281P,1:40.1,2.7,晴,5.0,11.0,船橋,3歳三,1:18.6,0.8,曇,1.0,6.0,船橋,3歳九 未受賞,1:18.6,-0.5,曇,9.0,10.0,船橋,2歳六 未受賞,1:22.3,4.6,曇,6.0,6.0,船橋,2歳六,1:20.9,3.0,晴,111.6,10.0,,nar,2026-09-29,67.95,71.3,74.8,75.1,57.5,63.2,52.9,船橋実績 / 前走人気以上 / 履歴少 / 人気以上に走る傾向
202648092904,2026-09-29,4,コママイス,2.0,2.0,阪野学,55.0,,8.0,9.0,名古屋,2歳疾風戦,1:00.2,2.8,曇,7.0,10.0,名古屋,2歳疾風戦,0:59.7,2.8,曇,7.0,8.0,名古屋,2歳疾風戦,1:00.2,2.9,晴,8.0,8.0,名古屋,2歳2組,1:45.3,6.0,晴,7.0,7.0,名古屋,2歳疾風戦,0:59.8,2.0,晴,185.3,12.0,,nar,2026-09-29,45.44,48.4,58.7,0.0,45.5,54.8,46.5,総合評価
202636092904,2026-09-29,4,ゴールドクロス,4.0,4.0,山本聡哉,56.0,,2.0,5.0,水沢,C2四組,1:28.9,0.7,曇,3.0,3.0,水沢,C2四組,1:28.6,1.6,晴,9.0,10.0,盛岡,秋桜賞(B1),1:26.5,1.4,曇,4.0,6.0,盛岡,B2一組,1:39.9,0.5,曇,8.0,8.0,園田,B1,1:34.6,2.5,晴,2.9,2.0,,nar,2026-09-29,65.81,71.6,59.8,69.9,74.0,58.4,59.5,水沢実績 / 前走人気以上 / 履歴少 / 近走上向き
202643092904,2026-09-29,4,ゴーレム,11.0,8.0,野畑凌,56.0,,6.0,3.0,船橋,3歳四,1:17.8,1.2,晴,10.0,5.0,船橋,3歳三,1:19.3,1.5,曇,7.0,8.0,浦和,浦和競馬プロモーショ(3歳),1:31.8,2.3,晴,4.0,7.0,船橋,3歳五,1:17.4,2.0,曇,11.0,8.0,船橋,3歳五,1:18.1,2.2,曇,89.8,9.0,,nar,2026-09-29,43.22,48.6,37.2,14.6,62.0,47.0,49.0,総合評価
202636092904,2026-09-29,4,サウンドノバ,5.0,5.0,塚本涼人,56.0,,2.0,4.0,水沢,C2三組,1:28.2,0.1,小雨,4.0,5.0,水沢,C2四組,1:28.6,1.6,晴,1.0,1.0,盛岡,C2八組,1:13.7,-0.9,曇,4.0,8.0,佐賀,サガデーナイト競馬賞(B),1:31.6,1.2,晴,7.0,10.0,佐賀,サガデーナイト競馬賞(B),1:25.0,2.2,小雨,2.7,1.0,,nar,2026-09-29,70.87,83.1,62.3,89.7,62.0,60.7,59.5,水沢実績 / 履歴少 / 安定感
202646092904,2026-09-29,4,サルタラリンダ,5.0,5.0,栗原大河,55.0,,,,3中京1,3歳未勝利,,,晴,5.0,1.0,2阪神1,3歳未勝利,1:13.5,1.4,晴,5.0,3.0,2京都1,3歳未勝利,1:13.9,1.1,曇,8.0,4.0,1京都5,3歳未勝利,1:22.8,0.6,晴,3.0,2.0,5阪神6,2歳新馬,1:10.8,0.3,雨,1.9,2.0,,nar,2026-09-29,49.13,65.3,29.1,55.0,52.0,43.8,48.8,履歴少
202630092904,2026-09-29,4,シセイフット,6.0,6.0,松井伸也,56.0,,10.0,8.0,門別,2歳未勝利,1:10.3,2.0,曇,5.0,3.0,門別,2歳未勝利,1:04.0,2.1,曇,4.0,8.0,門別,JRA認定競走フレッ(2歳),1:09.9,0.8,曇,,,,,,,,,,,,,,,36.8,7.0,,nar,2026-09-29,47.07,53.9,47.1,44.7,17.0,56.3,54.0,門別実績 / 履歴少 / 市場オッズ妙味
202643092904,2026-09-29,4,スコーレブロー,5.0,5.0,山中悠希,54.0,,3.0,3.0,船橋,3歳 281P,1:38.7,1.3,晴,4.0,5.0,船橋,3歳 331P,1:39.9,1.3,晴,5.0,7.0,船橋,3歳 303.,1:40.4,0.6,曇,6.0,4.0,船橋,3歳七,1:18.7,2.5,曇,,,船橋,2歳 250P,,,曇,52.2,7.0,,nar,2026-09-29,63.07,74.3,52.8,75.1,62.0,54.3,55.3,船橋実績 / 履歴少 / 安定感
202646092904,2026-09-29,4,ストライプブルー,6.0,6.0,浅野登生,54.0,,5.0,8.0,金沢,3歳B 4,1:33.6,2.9,雨,5.0,9.0,金沢,3歳B 4,1:40.8,1.5,晴,6.0,5.0,金沢,だいちくんゆりなさん(3歳),1:34.9,1.2,曇,5.0,5.0,金沢,ちーたん生誕1周年記(3歳),1:42.3,3.2,晴,11.0,8.0,名古屋,青嵐賞(3歳),1:31.6,3.3,小雨,31.3,5.0,,nar,2026-09-29,60.76,61.5,59.8,69.9,60.5,58.2,54.0,金沢実績 / 前走人気以上 / 安定感 / 市場オッズ妙味
202646092904,2026-09-29,4,ズッシーノ,1.0,1.0,吉田晃浩,57.0,,10.0,10.0,金沢,C24,1:44.1,4.7,曇,7.0,6.0,金沢,ばにちゃん&まいちゃ(C2),1:43.6,2.9,晴,7.0,4.0,金沢,佐藤家&生頼家★結婚(C2),1:45.3,4.8,晴,6.0,3.0,金沢,C29,1:36.8,1.9,曇,5.0,6.0,金沢,道嵩くん華奈ちゃん結(C2),1:35.7,3.2,晴,321.5,7.0,,nar,2026-09-29,39.17,47.5,41.8,10.3,27.5,47.7,46.3,履歴少
202648092904,2026-09-29,4,ダイユーホーク,8.0,6.0,加藤利征,56.0,,7.0,7.0,名古屋,2歳疾風戦,0:59.5,2.1,曇,10.0,9.0,名古屋,2歳疾風戦,1:00.2,3.3,曇,6.0,7.0,名古屋,2歳疾風戦,0:59.5,2.2,晴,9.0,10.0,名古屋,2歳2組,1:47.1,7.8,晴,6.0,6.0,名古屋,ゴールデンデビュー名(2歳),0:59.0,3.5,晴,151.5,11.0,,nar,2026-09-29,43.29,46.1,50.7,0.0,54.5,52.2,43.8,履歴少
202646092904,2026-09-29,4,ナムラステラ,3.0,3.0,青柳正義,55.0,,1.0,1.0,金沢,3歳B 6,1:41.0,-0.4,晴,13.0,12.0,2小倉4,3歳未勝利,1:00.3,2.4,曇,12.0,11.0,3阪神1,3歳未勝利,1:14.2,2.0,晴,9.0,6.0,1新潟2,3歳未勝利,1:14.3,1.7,晴,4.0,6.0,2阪神7,3歳未勝利,1:13.6,2.0,晴,1.9,1.0,,nar,2026-09-29,52.83,46.9,45.3,40.7,100.0,49.7,50.0,近走上向き
202648092904,2026-09-29,4,ニシキマカヒキ,3.0,3.0,小笠原羚,53.0,,6.0,6.0,名古屋,2歳疾風戦,0:59.4,2.0,曇,8.0,6.0,名古屋,2歳疾風戦,0:59.9,3.0,曇,4.0,5.0,名古屋,ゴールデンデビュー名(2歳),0:59.3,4.5,晴,,,,,,,,,,,,,,,55.2,8.0,,nar,2026-09-29,48.25,58.9,47.2,19.8,50.0,51.5,48.5,履歴少
202648092904,2026-09-29,4,ネイティブダンス,1.0,1.0,細川智史,56.0,,4.0,3.0,名古屋,2歳疾風戦,0:59.0,2.1,曇,4.0,3.0,名古屋,2歳疾風戦,0:57.9,0.6,晴,8.0,2.0,名古屋,ゴールデンデビュー名(2歳),0:57.9,1.8,晴,,,,,,,,,,,,,,,12.2,5.0,,nar,2026-09-29,53.78,67.6,33.8,55.3,62.0,52.0,54.0,名古屋実績 / 履歴少 / 市場オッズ妙味
202648092904,2026-09-29,4,ノースバレリーナ,11.0,8.0,丹羽克輝,55.0,,5.0,8.0,名古屋,2歳疾風戦,0:59.3,1.9,曇,9.0,7.0,名古屋,2歳疾風戦,1:00.2,3.3,曇,10.0,4.0,名古屋,2歳2組,1:51.4,12.1,晴,10.0,8.0,門別,北のハードワーカー菊(2歳),1:06.3,3.9,晴,8.0,11.0,門別,2歳牝馬未勝利,1:04.6,2.5,曇,57.3,9.0,,nar,2026-09-29,47.41,43.8,44.7,30.4,75.5,49.0,48.5,前走人気以上 / 履歴少 / 近走上向き
202630092904,2026-09-29,4,ハイシエラ,1.0,1.0,岩橋勇二,56.0,,11.0,10.0,門別,2歳未勝利,1:04.8,2.1,曇,12.0,8.0,門別,JRA認定競走アタッ(2歳),1:19.7,5.2,曇,8.0,5.0,門別,JRA認定競走フレッ(2歳),1:59.6,7.7,曇,,,,,,,,,,,,,,,104.9,9.0,,nar,2026-09-29,29.96,23.7,32.3,0.0,44.0,42.3,43.8,履歴少
202630092904,2026-09-29,4,バトラーヴァル,8.0,8.0,桑村真明,55.0,,11.0,2.0,門別,2歳牝馬未勝利,1:12.3,3.0,晴,4.0,1.0,門別,2歳牝馬未勝利,1:10.5,0.3,曇,,,門別,JRA認定競走アタッ(2歳),,,曇,5.0,1.0,門別,JRA認定競走フレッ(2歳),1:03.5,0.7,晴,,,,,,,,4.6,2.0,,nar,2026-09-29,32.66,50.0,9.3,39.5,11.0,35.6,54.0,門別実績 / 履歴少
202648092904,2026-09-29,4,ビーギフテッド,5.0,5.0,加藤聡一,55.0,,5.0,1.0,名古屋,ゴールデンデビュー名(2歳),0:55.8,1.6,晴,,,,,,,,,,,,,,,,,,,,,,,,,,,,,4.2,2.0,,nar,2026-09-29,39.95,44.6,34.5,36.3,40.6,36.2,48.8,履歴少 / サンプル少
202636092904,2026-09-29,4,ピンクノバラ,7.0,7.0,坂井瑛音,53.0,,4.0,5.0,水沢,C2三組,1:30.4,0.9,晴,4.0,6.0,水沢,C2三組,1:29.5,1.4,小雨,4.0,5.0,水沢,C2三組,1:29.3,0.7,晴,10.0,4.0,盛岡,B2,1:14.5,2.4,曇,4.0,7.0,盛岡,いわてくじ山形村短角(B2),1:00.8,0.4,晴,6.4,4.0,,nar,2026-09-29,63.52,69.0,53.0,85.4,59.0,58.6,59.5,水沢実績 / 履歴少 / 安定感
202648092904,2026-09-29,4,フィリアアスティ,9.0,7.0,塚本征吾,55.0,,3.0,4.0,名古屋,ゴールデンデビュー名(2歳),0:55.1,0.9,晴,,,,,,,,,,,,,,,,,,,,,,,,,,,,,2.7,1.0,,nar,2026-09-29,43.55,48.1,42.2,36.3,40.6,41.7,48.8,履歴少 / サンプル少
202636092904,2026-09-29,4,フジサンワイシーシ,6.0,6.0,村上忍,56.0,,10.0,9.0,水沢,C2二組,1:32.0,2.4,小雨,9.0,12.0,水沢,C2二組,1:30.7,2.6,晴,12.0,10.0,盛岡,C2四組,1:15.8,2.6,曇,5.0,4.0,盛岡,C2三組,1:30.4,1.6,曇,4.0,2.0,盛岡,C2三組,1:29.2,1.3,晴,43.5,8.0,,nar,2026-09-29,40.55,37.6,47.9,24.9,35.0,49.7,43.8,履歴少
202630092904,2026-09-29,4,フークプティット,5.0,5.0,金山昇馬,55.0,,10.0,10.0,門別,30周年賞(2歳),1:11.2,2.8,晴,5.0,6.0,門別,みついし産米トキノミ(2歳),1:04.6,1.4,雨,5.0,8.0,門別,グランシャリオドリー(2歳),1:04.2,1.3,晴,8.0,11.0,門別,2歳未勝利,1:04.4,2.0,晴,7.0,11.0,門別,ホクレンカタログギフ(2歳),1:04.6,2.2,曇,81.2,8.0,,nar,2026-09-29,51.15,50.7,61.9,44.7,27.5,60.6,49.6,履歴少
202648092904,2026-09-29,4,ブライティアバニー,12.0,8.0,加藤誓二,55.0,,9.0,4.0,名古屋,2歳疾風戦,1:01.1,3.7,曇,11.0,10.0,門別,2歳牝馬未勝利,1:05.1,3.5,曇,6.0,8.0,門別,2歳未勝利,1:04.5,2.5,晴,7.0,3.0,門別,JRA認定競走フレッ(2歳),1:05.0,2.6,曇,,,,,,,,48.7,7.0,,nar,2026-09-29,35.85,39.4,34.7,0.0,44.0,45.2,48.8,履歴少
202630092904,2026-09-29,4,ブルーアルバム,9.0,8.0,藤田凌駕,54.0,,4.0,3.0,門別,2歳未勝利,1:09.6,1.3,曇,2.0,4.0,門別,2歳牝馬未勝利,1:09.2,0.3,雨,2.0,1.0,門別,優駿の里安平町夢民舎(2歳),1:03.2,0.1,晴,6.0,8.0,門別,2歳未勝利,1:16.7,2.2,雨,9.0,9.0,門別,JRA認定競走アタッ(2歳),1:20.2,5.2,曇,4.9,3.0,,nar,2026-09-29,62.92,76.7,52.0,75.1,54.5,58.1,52.9,門別実績 / 履歴少 / 安定感
202643092904,2026-09-29,4,プラネタリーアワー,1.0,1.0,本田正重,54.0,,6.0,8.0,2新潟4,3歳未勝利,1:47.9,0.4,曇,4.0,12.0,2福島4,3歳未勝利,1:48.7,0.3,晴,11.0,8.0,2東京5,3歳未勝利,1:22.1,1.0,晴,13.0,5.0,1東京5,3歳未勝利,1:28.7,2.9,晴,8.0,4.0,5東京7,2歳未勝利,1:22.6,0.9,晴,6.0,2.0,,nar,2026-09-29,48.85,46.3,53.0,24.9,68.0,50.2,50.0,前走人気以上 / 近走上向き
202643092904,2026-09-29,4,ベイビーメイビー,9.0,7.0,笠野雄大,54.0,,1.0,2.0,名古屋,名古屋から世界へ!馬(3歳),1:37.2,-0.2,晴,4.0,2.0,名古屋,3歳7組,1:38.6,1.9,晴,1.0,1.0,名古屋,3歳12組,1:37.4,-0.7,曇,11.0,11.0,1阪神3,3歳未勝利,1:59.1,3.4,晴,10.0,6.0,5中京3,2歳未勝利,1:57.6,2.2,曇,11.7,6.0,,nar,2026-09-29,63.81,74.9,45.7,75.1,83.0,57.2,48.8,履歴少 / 近走上向き / 安定感
202630092904,2026-09-29,4,ベラジオマルティン,7.0,7.0,宮内勇樹,56.0,,3.0,6.0,門別,30周年賞(2歳),1:09.1,0.7,晴,6.0,4.0,門別,2歳未勝利,1:10.1,1.0,曇,4.0,7.0,門別,2歳未勝利,1:10.2,1.0,曇,10.0,9.0,門別,JRA認定競走フレッ(2歳),1:13.5,4.8,曇,,,,,,,,5.4,4.0,,nar,2026-09-29,60.35,66.5,56.7,50.2,72.0,59.6,51.2,門別実績 / 前走人気以上 / 履歴少 / 近走上向き
202636092904,2026-09-29,4,ミスターアルデ,1.0,1.0,鈴木祐,56.0,,7.0,7.0,水沢,C2二組,1:31.0,2.3,晴,12.0,11.0,船橋,馬い!たまごはサンサ(C2三),1:17.9,2.4,晴,7.0,7.0,船橋,C2四,1:18.7,1.1,曇,8.0,11.0,船橋,C2二 三,1:17.2,1.4,曇,7.0,12.0,船橋,馬い!実況ありがとう(C2三),1:17.2,1.2,曇,10.5,5.0,,nar,2026-09-29,44.59,40.9,54.9,0.0,59.0,57.2,48.8,履歴少
202643092904,2026-09-29,4,ミラクルガイ,6.0,5.0,張田昂,56.0,,11.0,8.0,川崎,3歳4,1:37.7,4.0,曇,9.0,9.0,川崎,3歳4,1:34.4,1.9,晴,6.0,4.0,川崎,3歳5,1:33.2,0.8,曇,7.0,4.0,川崎,3歳5,1:35.7,1.7,晴,2.0,2.0,川崎,3歳7,1:35.0,0.1,曇,161.8,11.0,,nar,2026-09-29,36.4,44.0,37.8,10.3,20.0,46.4,48.8,履歴少
202643092904,2026-09-29,4,ミーサーク,8.0,6.0,所蛍,55.0,,13.0,7.0,2中京8,3歳未勝利,1:59.4,1.7,晴,6.0,3.0,2東京5,3歳未勝利,2:17.1,1.0,晴,5.0,4.0,2阪神8,3歳未勝利,1:54.4,1.1,晴,3.0,2.0,2京都3,3歳未勝利,2:03.3,1.3,曇,6.0,3.0,5阪神6,2歳新馬,1:48.9,0.3,雨,10.0,5.0,,nar,2026-09-29,35.62,48.1,27.4,34.3,2.0,45.3,48.8,履歴少
202643092904,2026-09-29,4,モリインビクタス,3.0,3.0,藤本現暉,56.0,,2.0,2.0,船橋,3歳五,1:15.3,0.9,曇,2.0,2.0,船橋,3歳五,1:17.8,1.1,晴,2.0,5.0,名古屋,3歳4組,1:37.0,0.3,晴,6.0,4.0,名古屋,3歳4組,1:38.6,2.2,小雨,6.0,8.0,名古屋,名古屋CCメロン賞(3歳),1:37.1,1.3,曇,6.6,3.0,,nar,2026-09-29,67.17,84.0,53.6,75.1,62.0,60.0,59.5,船橋実績 / 履歴少 / 安定感
202643092904,2026-09-29,4,モンドシュピーゲル,2.0,2.0,笹川翼,56.0,,2.0,2.0,船橋,3歳 281P,1:38.3,0.9,晴,14.0,13.0,2福島7,3歳未勝利,2:02.6,2.2,曇,9.0,8.0,3東京1,3歳未勝利,2:00.3,0.7,晴,3.0,4.0,3中京4,2歳未勝利,2:04.5,1.2,晴,9.0,10.0,2福島7,2歳新馬,1:54.8,1.6,晴,1.8,1.0,,nar,2026-09-29,54.57,51.1,48.6,45.0,90.5,52.5,50.0,近走上向き
202646092904,2026-09-29,4,モーモーインディゴ,7.0,7.0,平瀬城久,57.0,,11.0,11.0,門別,3歳以上C4ー3,1:19.8,3.7,曇,10.0,10.0,門別,3歳以上C4ー3,1:20.1,5.7,晴,8.0,8.0,門別,3歳以上C4ー3,1:05.8,2.7,晴,12.0,11.0,門別,ホクレン「くるるの杜(C4),1:20.2,4.7,雨,8.0,8.0,門別,3歳以上C4ー3,1:20.3,4.8,雨,22.3,4.0,,nar,2026-09-29,36.54,28.0,49.0,0.0,41.0,51.0,48.8,履歴少
202630092904,2026-09-29,4,ヤマミアオカゼ,2.0,2.0,落合玄太,56.0,,3.0,4.0,門別,2歳未勝利,1:09.4,1.1,曇,4.0,1.0,門別,2歳未勝利,1:03.2,1.4,曇,3.0,1.0,門別,JRA認定競走フレッ(2歳),1:17.1,1.1,雨,,,,,,,,,,,,,,,3.0,1.0,,nar,2026-09-29,61.26,81.3,42.2,75.1,53.0,50.3,59.5,門別実績 / 履歴少 / 安定感
202646092904,2026-09-29,4,ラルクアンレーヴ,2.0,2.0,魚住謙心,57.0,,5.0,3.0,金沢,YJSトライアルラウ(3歳),1:40.4,2.0,雨,3.0,2.0,金沢,だいちくんゆりなさん(3歳),1:33.8,0.1,曇,1.0,1.0,金沢,3歳B 8,1:34.2,-1.1,晴,3.0,3.0,金沢,3歳B 7,1:41.4,1.1,晴,14.0,9.0,3京都11,3歳未勝利,2:27.8,2.5,晴,10.1,3.0,,nar,2026-09-29,60.84,73.6,40.4,89.7,51.5,54.6,59.5,金沢実績 / 履歴少 / 安定感
202643092904,2026-09-29,4,リバテイー,4.0,4.0,菅原吏久,51.0,,10.0,11.0,浦和,3歳三,1:32.0,2.6,晴,9.0,8.0,浦和,3歳四,1:31.6,2.7,曇,7.0,7.0,大井,3歳四 五六(3歳五),1:46.6,3.4,曇,6.0,7.0,大井,3歳四 五六(3歳五),1:45.8,1.0,晴,9.0,5.0,大井,3歳四 五,1:15.8,1.2,晴,218.3,12.0,,nar,2026-09-29,39.02,40.2,48.5,0.0,36.5,49.0,48.8,履歴少
202648092904,2026-09-29,4,ルナプレーナ,6.0,5.0,近藤颯羽,53.0,,4.0,6.0,名古屋,ゴールデンデビュー名(2歳),0:55.8,1.6,晴,,,,,,,,,,,,,,,,,,,,,,,,,,,,,5.1,4.0,,nar,2026-09-29,43.46,46.4,43.7,36.3,40.6,42.0,48.8,履歴少 / サンプル少
202636092904,2026-09-29,4,ロッサヴィール,9.0,8.0,小林凌,56.0,,6.0,6.0,水沢,C2二組,1:30.8,1.2,小雨,12.0,8.0,水沢,C2一組,1:32.4,4.3,晴,2.0,2.0,水沢,C2五組,1:29.3,0.2,小雨,3.0,8.0,水沢,C2五組,1:24.8,0.2,曇,9.0,6.0,盛岡,C2四組,1:31.3,3.9,晴,5.7,3.0,,nar,2026-09-29,49.74,55.4,46.0,34.3,53.0,54.3,51.2,水沢実績 / 履歴少
202643092904,2026-09-29,4,ローレルクラウン,7.0,6.0,山口達弥,56.0,,7.0,12.0,3新潟1,3歳未勝利,1:34.0,0.3,晴,14.0,8.0,3東京4,3歳未勝利,1:22.6,1.0,曇,3.0,11.0,2東京9,3歳未勝利,1:33.9,0.2,曇,7.0,14.0,3中山8,3歳未勝利,2:01.4,1.0,晴,10.0,12.0,2中山7,3歳未勝利,1:14.5,2.4,晴,8.2,4.0,,nar,2026-09-29,52.11,42.9,69.8,19.8,59.0,64.4,48.8,前走人気以上 / 履歴少 / 人気以上に走る傾向
202630092904,2026-09-29,4,ヴェントチェーロ,3.0,3.0,服部茂史,56.0,,6.0,4.0,門別,30周年賞(2歳),1:09.7,1.3,晴,4.0,4.0,門別,静内産馬カーニバル賞(2歳),1:09.6,1.2,雨,3.0,3.0,門別,2歳未勝利,1:10.8,2.0,曇,3.0,3.0,門別,アイヌ文化のふるさと(2歳),1:10.0,0.9,晴,5.0,3.0,門別,2歳未勝利,1:10.0,0.9,曇,5.5,5.0,,nar,2026-09-29,57.09,73.1,44.3,69.6,36.5,54.7,56.2,門別実績 / 履歴少 / 安定感
202636092905,2026-09-29,5,アステローペ,7.0,7.0,高橋悠里,54.0,,2.0,2.0,水沢,C2四組,1:22.3,0.2,晴,1.0,2.0,水沢,C2八組,1:22.8,-0.8,曇,8.0,10.0,盛岡,B1B2混合,1:14.0,2.1,曇,9.0,8.0,水沢,B1,0:52.9,1.8,晴,10.0,10.0,盛岡,株式会社カナンフーズ(B1),1:26.9,2.2,晴,4.4,3.0,,nar,2026-09-29,62.06,69.7,53.5,55.3,80.0,57.6,54.0,水沢実績 / 履歴少 / 近走上向き
202630092905,2026-09-29,5,アワソング,2.0,2.0,宮内勇樹,55.0,,3.0,6.0,門別,ドーレくん賞(C4),1:03.4,0.5,晴,,,,,,,,,,,,,,,,,,,,,,,,,,,,,3.4,2.0,,nar,2026-09-29,44.33,48.1,45.3,36.3,40.6,42.0,48.8,前走人気以上 / 履歴少 / サンプル少
202630092905,2026-09-29,5,アークメディナ,1.0,1.0,小野楓馬,55.0,,4.0,1.0,門別,3歳以上C4ー3,1:03.9,0.5,曇,4.0,5.0,門別,3歳以上C4ー3,1:03.9,0.4,曇,10.0,8.0,門別,グランシャリオドリー(C4),1:18.1,2.7,晴,8.0,2.0,門別,カタクリ特別(C4),1:19.5,2.7,晴,6.0,9.0,川崎,3歳6,1:34.1,2.0,雨,6.1,4.0,,nar,2026-09-29,53.49,60.2,38.6,55.3,68.0,53.1,51.2,門別実績 / 履歴少 / 近走上向き
202630092905,2026-09-29,5,アーススカーレット,3.0,3.0,坂下秀樹,57.0,,11.0,11.0,門別,ドーレくん賞(C4),1:06.2,3.3,晴,11.0,9.0,門別,新冠産駒応援賞(C4),1:06.8,3.7,曇,10.0,10.0,門別,3歳以上C4ー3,1:06.7,3.3,曇,10.0,12.0,門別,アグリアクション20(C4),1:06.9,2.9,曇,7.0,10.0,門別,3歳以上C4ー3,1:05.8,2.7,晴,201.7,11.0,,nar,2026-09-29,36.17,26.1,50.7,0.0,41.0,52.9,43.8,履歴少
202643092905,2026-09-29,5,ウィズラブ,11.0,8.0,川島正太,54.0,,1.0,2.0,船橋,ライラックデビュー(2歳),1:03.1,-0.3,曇,,,,,,,,,,,,,,,,,,,,,,,,,,,,,11.0,6.0,,nar,2026-09-29,44.54,51.6,42.2,36.3,40.6,41.7,48.8,履歴少 / サンプル少
202648092905,2026-09-29,5,ウインビスタ,5.0,5.0,村上弘樹,57.0,,5.0,6.0,名古屋,3歳17組,1:40.9,1.4,曇,7.0,7.0,名古屋,アジア・アジアパラ応(3歳),1:39.9,2.9,晴,11.0,14.0,2小倉6,3歳未勝利,2:01.8,2.0,晴,16.0,13.0,2京都1,3歳未勝利,1:38.8,3.7,晴,16.0,14.0,1京都3,3歳未勝利,2:30.4,3.2,晴,16.2,7.0,,nar,2026-09-29,50.39,37.6,51.8,30.4,95.0,52.5,50.5,名古屋実績 / 前走人気以上 / 近走上向き / 市場オッズ妙味
202636092905,2026-09-29,5,エスカペード,3.0,3.0,坂井瑛音,53.0,,10.0,6.0,水沢,C2二組,1:32.6,3.9,晴,,,水沢,C2一組,,,小雨,10.0,10.0,盛岡,C2四組,1:29.6,2.5,曇,9.0,11.0,盛岡,C2一組,1:28.3,2.0,曇,8.0,5.0,盛岡,C1五組,1:29.1,2.4,曇,64.8,9.0,,nar,2026-09-29,34.85,31.8,38.5,0.0,44.0,46.9,48.8,履歴少
202636092905,2026-09-29,5,エバーアリエル,6.0,6.0,岩本怜,54.0,,4.0,10.0,水沢,C2二組,1:30.6,1.0,小雨,8.0,10.0,水沢,C2二組,1:30.2,2.1,晴,9.0,7.0,盛岡,C2六組,1:15.4,1.6,曇,6.0,9.0,盛岡,C2六組,1:15.0,2.0,晴,7.0,8.0,盛岡,C2六組,1:28.8,3.2,晴,51.5,8.0,,nar,2026-09-29,57.2,55.3,67.3,30.4,71.0,59.1,51.2,水沢実績 / 前走人気以上 / 履歴少 / 人気以上に走る傾向
202643092905,2026-09-29,5,オドゥーラ,10.0,8.0,西啓太,54.0,,2.0,1.0,船橋,2歳三,1:15.9,0.8,晴,1.0,1.0,門別,2歳未勝利,1:02.7,-0.6,曇,3.0,2.0,門別,JRA認定競走フレッ(2歳),1:03.0,0.2,晴,,,,,,,,,,,,,,,6.1,3.0,,nar,2026-09-29,64.45,92.6,45.3,75.1,50.0,55.5,48.8,履歴少 / 安定感
202646092905,2026-09-29,5,オニギリ,2.0,2.0,魚住謙心,57.0,,7.0,2.0,園田,杉井流スプリントC2,1:23.6,1.1,曇,5.0,1.0,園田,C2四,1:33.4,1.5,晴,1.0,1.0,園田,柞田7ハロン3歳C2,1:33.5,-0.7,曇,3.0,4.0,園田,3歳C2,1:32.4,0.4,晴,2.0,5.0,園田,阪神アーバンナイター(C2),1:33.1,0.6,晴,3.6,2.0,,nar,2026-09-29,52.81,74.3,35.6,69.6,24.5,52.2,48.8,履歴少 / 安定感
202630092905,2026-09-29,5,オルチャン,9.0,7.0,金山昇馬,55.0,,9.0,7.0,門別,3歳以上C4ー3,1:06.2,2.5,晴,7.0,5.0,門別,アグリアクション20(C4),1:05.0,1.0,曇,8.0,2.0,門別,3歳以上C4ー3,1:04.2,1.3,曇,5.0,2.0,門別,3歳以上C4ー3,1:04.1,0.6,曇,3.0,4.0,門別,3歳以上C4ー3,1:03.8,0.1,曇,33.0,5.0,,nar,2026-09-29,40.1,51.2,31.6,24.9,30.5,46.9,49.6,履歴少 / 市場オッズ妙味
202630092905,2026-09-29,5,カイノミチシルベ,10.0,8.0,石川倭,55.0,,2.0,2.0,門別,ドーレくん賞(C4),1:03.3,0.4,晴,10.0,10.0,水沢,3歳B2一組,1:31.2,3.3,晴,10.0,10.0,水沢,3歳B1,1:36.1,4.1,晴,10.0,4.0,水沢,3歳B2一組,1:33.8,2.4,晴,5.0,3.0,水沢,2歳,1:30.6,1.8,曇,2.0,1.0,,nar,2026-09-29,52.23,51.6,42.4,40.7,90.5,47.8,51.8,クラス条件好転 / 履歴少 / 近走上向き
202646092905,2026-09-29,5,カシスピーチ,1.0,1.0,松戸政也,55.0,,6.0,8.0,金沢,菊池君結婚式おめでと(3歳2),1:39.9,1.8,雨,3.0,6.0,金沢,3歳B 3,1:40.6,1.6,晴,1.0,5.0,金沢,3歳B 5,1:41.9,-0.4,曇,8.0,6.0,金沢,3歳B 6,1:43.5,2.5,晴,7.0,7.0,金沢,しーあきちゃん結婚お(3歳),1:36.0,2.0,晴,18.7,4.0,,nar,2026-09-29,59.69,70.7,63.0,44.7,42.5,66.8,49.6,履歴少 / 過小評価傾向 / 市場オッズ妙味
202643092905,2026-09-29,5,クレイジーロッカー,2.0,2.0,木間塚龍,54.0,,1.0,1.0,船橋,2歳五,1:15.9,-1.9,晴,5.0,4.0,船橋,ハイビスカスデビュー(2歳),1:03.5,2.2,晴,,,,,,,,,,,,,,,,,,,,,,12.1,7.0,,nar,2026-09-29,55.48,65.1,43.8,48.4,58.7,56.8,59.5,船橋実績 / 履歴少 / サンプル少 / 市場オッズ妙味
202630092905,2026-09-29,5,クワイエットゼロ,8.0,7.0,藤田凌駕,54.0,,8.0,8.0,門別,ドーレくん賞(C4),1:04.4,1.5,晴,6.0,3.0,門別,3歳以上C4ー3,1:04.3,1.3,晴,4.0,2.0,門別,3歳以上C4ー3,1:03.8,0.2,雨,3.0,1.0,門別,グランシャリオドリー(C4),1:04.5,0.5,曇,8.0,7.0,門別,3歳以上C4ー3,1:18.9,2.1,晴,34.1,6.0,,nar,2026-09-29,46.38,60.1,39.2,34.3,33.5,49.5,50.5,市場オッズ妙味
202630092905,2026-09-29,5,グランハート,11.0,8.0,黒澤愛斗,57.0,,,,大井,2歳五 六,,,晴,5.0,5.0,大井,2歳五 六,1:31.9,1.7,曇,9.0,4.0,大井,2歳 新馬,1:35.1,4.0,曇,,,,,,,,,,,,,,,5.5,3.0,,nar,2026-09-29,44.36,47.6,37.0,31.7,58.7,45.9,48.8,履歴少 / サンプル少
202636092905,2026-09-29,5,コスモスミッチー,2.0,2.0,村上忍,54.0,,3.0,2.0,水沢,C2三組,1:28.4,0.3,小雨,1.0,2.0,盛岡,オランダ島賞(C1),1:24.9,-0.2,小雨,8.0,11.0,川崎,夏草特別(B3二),1:45.8,1.2,曇,10.0,10.0,川崎,要潤さん来場記念(B3二),1:41.5,6.4,晴,14.0,14.0,川崎,手鞠花特別(B3二),1:39.4,3.2,晴,2.5,1.0,,nar,2026-09-29,59.72,63.2,53.8,55.3,81.5,55.8,48.8,履歴少 / 近走上向き
202643092905,2026-09-29,5,コパノベリーズ,5.0,5.0,小杉亮,54.0,,4.0,6.0,川崎,のぞみ賞(2歳),0:56.5,0.8,雨,3.0,6.0,船橋,2歳二,1:17.3,1.2,晴,5.0,6.0,船橋,リバーサイドアイドル(2歳),1:19.6,2.7,晴,5.0,4.0,船橋,ツワブキ特別(2歳),1:22.4,6.8,曇,6.0,5.0,浦和,特選(2歳),1:34.8,3.8,曇,129.2,9.0,,nar,2026-09-29,65.9,73.6,59.1,89.7,54.5,56.1,59.5,船橋実績 / 履歴少 / 安定感
202643092905,2026-09-29,5,コーズマーサ,9.0,7.0,矢野貴之,54.0,,1.0,3.0,船橋,2歳四,1:16.6,-0.3,晴,4.0,2.0,船橋,ハイビスカスデビュー(2歳),1:02.8,1.5,晴,,,,,,,,,,,,,,,,,,,,,,9.1,5.0,,nar,2026-09-29,56.19,67.1,46.3,48.4,55.4,56.5,59.5,船橋実績 / 履歴少 / サンプル少
202646092905,2026-09-29,5,ゴールドアバンティ,5.0,5.0,加藤翔馬,57.0,,4.0,6.0,金沢,春日部「おれん家」1(C2),1:34.6,1.3,晴,10.0,6.0,金沢,金沢競馬で目指せ初勝(C2),1:43.6,2.9,晴,3.0,5.0,金沢,金沢競馬で目指せ初勝(C2),1:35.3,0.7,晴,6.0,7.0,金沢,C28,1:42.9,2.9,晴,4.0,2.0,金沢,第2回又多風緑選手誕(C2),1:36.1,1.9,曇,87.8,9.0,,nar,2026-09-29,56.83,63.3,49.6,60.5,60.5,52.9,52.9,金沢実績 / 履歴少 / 安定感
202630092905,2026-09-29,5,サクラゴールド,7.0,6.0,吉本隆記,57.0,,12.0,11.0,門別,クラブコンサドーレ賞(C4),1:05.7,3.0,晴,10.0,10.0,門別,新冠産米「判官伝説」(C4),1:05.6,2.0,曇,9.0,8.0,門別,3歳以上C4ー3,1:06.1,2.9,曇,9.0,9.0,門別,3歳以上C4ー3,1:22.3,6.8,晴,12.0,9.0,門別,3歳以上C4ー3,1:07.1,3.1,曇,188.7,10.0,,nar,2026-09-29,33.03,24.2,44.3,0.0,38.0,47.7,43.8,履歴少
202648092905,2026-09-29,5,サンマルマニック,7.0,6.0,大畑慧悟,55.0,,7.0,13.0,2小倉7,3歳未勝利,1:49.0,3.5,晴,13.0,14.0,3京都3,3歳未勝利,1:22.0,1.6,晴,11.0,13.0,5中京2,2歳新馬,1:23.1,1.3,晴,,,,,,,,,,,,,,,4.6,2.0,,nar,2026-09-29,48.47,27.6,73.0,0.0,80.0,61.5,50.0,前走人気以上 / 人気以上に走る傾向 / 近走上向き
202643092905,2026-09-29,5,シェナシャングリラ,4.0,4.0,櫻井光輔,54.0,,6.0,7.0,川崎,シャイニングトレジャ(2歳),1:45.4,5.5,曇,1.0,3.0,川崎,未受賞(2歳),1:35.8,-0.2,晴,6.0,2.0,川崎,2歳5,1:37.7,4.0,曇,6.0,6.0,川崎,スパーキングデビュー(2歳),1:37.8,3.5,晴,,,,,,,,177.5,10.0,,nar,2026-09-29,51.86,71.1,50.1,24.9,40.0,51.8,48.8,履歴少
202636092905,2026-09-29,5,シャトーボビー,4.0,4.0,塚本涼人,56.0,,11.0,4.0,水沢,C2一組,1:32.6,3.7,晴,1.0,1.0,水沢,C2六組,1:21.2,-0.2,雨,5.0,11.0,盛岡,B1B2混合,1:13.1,1.2,曇,2.0,12.0,盛岡,いわて北緯40度岩手(B2),1:00.3,0.4,晴,11.0,9.0,盛岡,B2,1:00.7,1.5,雨,8.4,5.0,,nar,2026-09-29,51.94,59.9,52.2,59.3,12.5,63.6,51.2,水沢実績 / 履歴少
202646092905,2026-09-29,5,シンデレラヒメ,4.0,4.0,沖静男,55.0,,6.0,5.0,金沢,3歳B 4,1:33.8,3.1,雨,4.0,7.0,金沢,3歳B 3,1:40.7,1.7,晴,5.0,6.0,金沢,3歳B 2,1:34.4,1.5,曇,4.0,6.0,金沢,3歳B 4,1:34.2,0.4,晴,4.0,7.0,金沢,ちーたん生誕1周年記(3歳),1:42.0,2.9,晴,36.7,5.0,,nar,2026-09-29,60.71,69.6,58.7,69.6,39.5,61.5,54.5,金沢実績 / 前走人気以上 / 安定感 / 市場オッズ妙味
202630092905,2026-09-29,5,ジャスパーケイ,5.0,5.0,松井伸也,57.0,,10.0,10.0,門別,新冠産駒応援賞(C4),1:05.3,2.2,曇,7.0,8.0,門別,HWB門別競馬場厩舎(C4),1:04.9,2.1,曇,7.0,8.0,門別,3歳以上C4ー3,1:05.2,1.8,曇,9.0,9.0,門別,うらかわ馬フェスタ2(C4),1:18.9,2.7,曇,10.0,9.0,門別,浦臼町で新規就農しま(C4),1:05.6,2.4,曇,118.8,9.0,,nar,2026-09-29,40.08,39.9,52.4,0.0,39.5,51.6,43.8,履歴少
202643092905,2026-09-29,5,ジョリージャイヴ,8.0,7.0,野畑凌,54.0,,2.0,1.0,川崎,のぞみ賞(2歳),0:56.1,0.4,雨,1.0,2.0,川崎,スパーキングデビュー(2歳),0:55.4,-1.8,晴,,,川崎,スパーキングデビュー(2歳),,,晴,,,,,,,,,,,,,,,7.3,4.0,,nar,2026-09-29,54.12,70.6,45.1,48.4,42.2,55.5,48.8,履歴少 / サンプル少
202646092905,2026-09-29,5,ジーマックス,3.0,3.0,田知弘久,57.0,,5.0,7.0,金沢,C24,1:42.1,2.7,曇,7.0,4.0,金沢,春日部「おれん家」1(C2),1:36.0,2.7,晴,6.0,3.0,金沢,ばにちゃん&まいちゃ(C2),1:43.0,2.3,晴,5.0,3.0,金沢,フィフスザ中村メシア(C2),1:43.7,3.1,曇,4.0,8.0,金沢,能登復興支援能登金剛(C2),1:43.8,2.2,曇,82.4,8.0,,nar,2026-09-29,54.28,63.3,45.7,55.3,53.0,52.2,52.9,金沢実績 / 履歴少
202646092905,2026-09-29,5,スズノグレイス,7.0,7.0,栗原大河,57.0,,2.0,7.0,金沢,菊池君結婚式おめでと(3歳2),1:39.5,1.4,雨,2.0,4.0,金沢,9月6日俺の誕生日っ(3歳),1:33.6,0.1,晴,4.0,3.0,金沢,3歳B 4,1:42.0,0.9,曇,4.0,3.0,金沢,3歳B 6,1:41.8,0.8,晴,3.0,3.0,金沢,3歳B 7,1:41.5,0.1,晴,5.8,3.0,,nar,2026-09-29,72.15,85.7,61.7,100.0,57.5,60.7,59.5,金沢実績 / 前走人気以上 / 履歴少 / 安定感
202643092905,2026-09-29,5,ステルスハンター,6.0,6.0,岡村健司,55.0,,8.0,4.0,船橋,トーシンブリザードメ(2歳),1:39.4,2.6,雨,1.0,2.0,船橋,リバーサイドアイドル(2歳),1:16.9,-0.9,晴,1.0,1.0,船橋,リアトリスデビュー(2歳),1:02.8,-0.1,曇,,,,,,,,,,,,,,,5.1,2.0,,nar,2026-09-29,50.72,77.3,41.0,44.7,8.0,53.7,54.0,船橋実績 / 履歴少
202648092905,2026-09-29,5,セルリアンライオン,12.0,8.0,近藤颯羽,55.0,,16.0,10.0,3京都8,3歳未勝利,1:33.9,9.0,晴,13.0,10.0,1中京5,3歳未勝利,2:00.0,5.9,晴,,,,,,,,,,,,,,,,,,,,,,9.1,6.0,,nar,2026-09-29,29.06,19.0,27.6,18.0,35.6,41.5,48.8,履歴少 / サンプル少
202646092905,2026-09-29,5,チャリティチャリス,9.0,8.0,青柳正義,57.0,,2.0,4.0,金沢,YJSトライアルラウ(3歳),1:39.7,1.3,雨,1.0,1.0,金沢,3歳B 8,1:41.1,-0.1,晴,9.0,14.0,2新潟4,3歳未勝利,1:56.6,2.7,曇,12.0,6.0,2東京8,3歳未勝利,2:20.0,5.0,晴,5.0,11.0,2東京1,3歳未勝利,2:14.5,1.7,曇,1.5,1.0,,nar,2026-09-29,64.63,68.8,59.4,65.7,78.5,56.3,59.5,金沢実績 / 履歴少 / 近走上向き / 安定感
202648092905,2026-09-29,5,テルレーヌ,11.0,8.0,明星晴大,55.0,,8.0,10.0,名古屋,3歳15組,1:39.2,2.9,曇,9.0,9.0,名古屋,3歳14組,1:40.4,1.5,曇,4.0,6.0,名古屋,金シャチ最終戦(3歳),1:39.9,1.2,晴,8.0,5.0,名古屋,名古屋モーニングフィ(3歳),1:40.9,1.2,晴,5.0,2.0,名古屋,名古屋モーニングフィ(3歳),1:41.6,2.1,曇,89.5,11.0,,nar,2026-09-29,47.33,50.8,51.8,30.1,41.0,51.3,49.6,履歴少
202648092905,2026-09-29,5,デルマテイネ,6.0,5.0,加藤聡一,57.0,,12.0,13.0,2札幌4,3歳未勝利,1:51.9,5.9,曇,10.0,17.0,2新潟2,3歳未勝利,1:35.8,0.6,雨,11.0,17.0,3東京2,3歳未勝利,1:35.3,0.8,曇,13.0,16.0,3中山3,3歳未勝利,1:36.2,1.2,曇,,,,,,,,4.1,1.0,,nar,2026-09-29,43.16,16.9,78.7,0.0,46.0,65.4,48.8,履歴少 / 人気以上に走る傾向 / 過小評価傾向
202630092905,2026-09-29,5,トンチャン,4.0,4.0,若杉朝飛,55.0,,10.0,10.0,門別,クラブコンサドーレ賞(C4),1:04.9,2.2,晴,5.0,9.0,門別,新冠産米「判官伝説」(C4),1:04.6,1.0,曇,6.0,7.0,門別,3歳以上C4ー3,1:04.8,1.6,曇,4.0,4.0,門別,平取中応援ファンファ(C4),1:04.7,1.2,晴,8.0,8.0,門別,3歳以上C4ー3,1:18.8,3.3,晴,97.2,8.0,,nar,2026-09-29,49.29,52.9,58.4,39.5,24.5,55.9,49.6,履歴少
202636092905,2026-09-29,5,トントンプー,8.0,8.0,大坪慎,56.0,,5.0,6.0,水沢,C1,1:30.0,1.3,小雨,8.0,4.0,盛岡,リギル賞(C1),1:28.0,1.6,曇,7.0,5.0,盛岡,シェパーズパース賞(C1),1:27.6,0.9,曇,8.0,7.0,盛岡,C1二組,1:39.3,0.5,曇,8.0,8.0,盛岡,スマホで投票!楽天競(C1),1:41.5,1.9,曇,13.5,6.0,,nar,2026-09-29,48.85,52.9,41.4,30.4,66.5,54.4,48.8,履歴少 / 近走上向き / 市場オッズ妙味
202630092905,2026-09-29,5,ハッコウクィーン,6.0,6.0,亀井洋司,55.0,,6.0,12.0,門別,クラブコンサドーレ賞(C4),1:04.3,1.6,晴,8.0,7.0,門別,新冠産米「判官伝説」(C4),1:05.3,1.7,曇,8.0,8.0,門別,3歳以上C4ー3,1:04.7,1.3,曇,5.0,8.0,門別,3歳以上C4ー3,1:04.2,1.2,晴,8.0,9.0,門別,優駿の里安平町SRK(C4),1:04.4,1.4,晴,64.7,7.0,,nar,2026-09-29,51.9,52.4,64.8,14.6,57.5,58.5,48.5,前走人気以上
202643092905,2026-09-29,5,ハッピーフェイス,3.0,3.0,本田正重,54.0,,4.0,1.0,船橋,ジャスパー賞(2歳),1:40.7,1.3,曇,2.0,1.0,船橋,スイカズラ特別(2歳),1:16.7,0.2,曇,2.0,1.0,船橋,スズランデビュー(2歳),1:02.9,0.2,曇,,,,,,,,,,,,,,,12.6,8.0,,nar,2026-09-29,60.77,85.5,37.3,75.1,38.0,57.5,62.5,船橋実績 / クラス条件好転 / 履歴少 / 安定感
202648092905,2026-09-29,5,バトルセレーネ,4.0,4.0,今井貴大,55.0,,8.0,9.0,3中京4,3歳未勝利,1:56.5,2.2,晴,13.0,15.0,3阪神6,3歳未勝利,1:36.5,2.4,晴,12.0,12.0,3京都5,3歳未勝利,2:02.4,2.1,晴,,,,,,,,,,,,,,,5.6,4.0,,nar,2026-09-29,41.88,22.3,57.5,0.0,77.0,55.2,48.8,履歴少 / 近走上向き
202648092905,2026-09-29,5,ビーチェ,8.0,6.0,阪野学,55.0,,10.0,11.0,名古屋,3歳15組,1:40.1,3.8,曇,8.0,8.0,名古屋,3歳14組,1:40.4,1.5,曇,6.0,10.0,名古屋,金シャチ最終戦(3歳),1:39.4,2.0,晴,5.0,4.0,名古屋,3歳14組,1:41.3,1.9,曇,8.0,12.0,名古屋,3歳11組,1:39.2,1.9,曇,101.8,12.0,,nar,2026-09-29,45.1,45.8,59.5,14.6,30.5,56.8,46.3,履歴少
202648092905,2026-09-29,5,ファーヴニル,9.0,7.0,丸野勝虎,55.0,,11.0,16.0,2中京7,3歳未勝利,1:14.0,2.2,晴,11.0,15.0,3阪神5,3歳未勝利,1:56.8,2.0,曇,10.0,11.0,3京都2,3歳未勝利,1:14.3,2.4,晴,13.0,18.0,1小倉2,3歳新馬,1:10.5,2.1,晴,,,,,,,,7.6,5.0,,nar,2026-09-29,43.96,19.2,76.9,0.0,52.0,64.5,48.8,前走人気以上 / 履歴少 / 人気以上に走る傾向
202646092905,2026-09-29,5,フィーユポワソン,6.0,6.0,柴田勇真,55.0,,2.0,11.0,金沢,C25,1:41.6,1.3,曇,7.0,7.0,金沢,和司☆咲希結婚記念(C2),1:44.1,4.7,曇,7.0,11.0,金沢,祝!比嘉賢二還暦記念(C2特別),1:36.2,2.2,晴,8.0,10.0,金沢,C210,1:45.8,3.1,晴,7.0,8.0,金沢,C211,1:46.4,3.2,曇,63.9,7.0,,nar,2026-09-29,63.1,63.0,77.4,30.4,81.5,63.0,46.3,前走人気以上 / 履歴少 / 人気以上に走る傾向 / 近走上向き
202636092905,2026-09-29,5,フークタオユエン,5.0,5.0,関本玲花,54.0,,4.0,4.0,水沢,C2二組,1:30.0,1.3,晴,1.0,4.0,水沢,C2七組,1:23.7,-0.1,曇,4.0,5.0,水沢,C2七組,1:22.8,1.1,雨,10.0,12.0,盛岡,B2,1:27.2,1.3,曇,7.0,9.0,名古屋,彦星大空戦(B),2:20.2,2.6,曇,8.2,4.0,,nar,2026-09-29,65.74,72.5,60.1,75.1,59.0,64.2,59.5,水沢実績 / 履歴少 / 安定感
202643092905,2026-09-29,5,ブロードヒーロー,1.0,1.0,岡村裕基,54.0,,8.0,7.0,川崎,スズムシ賞(2歳),1:36.4,3.5,曇,3.0,5.0,川崎,2歳4 イ,1:34.8,1.8,晴,5.0,3.0,川崎,2歳4,1:35.6,0.9,曇,6.0,7.0,川崎,アゲハチョウ賞(2歳),1:36.3,2.1,曇,5.0,4.0,川崎,スパーキングデビュー(2歳),1:36.3,4.6,曇,364.5,11.0,,nar,2026-09-29,52.06,63.5,48.9,55.0,30.5,52.9,48.8,履歴少
202648092905,2026-09-29,5,ボンボンブーケ,1.0,1.0,望月洵輝,55.0,,5.0,4.0,名古屋,3歳19組,1:40.3,3.0,曇,12.0,7.0,名古屋,ひろっちゃん85歳お(3歳),1:35.3,5.7,晴,9.0,9.0,名古屋,3歳12組,1:42.3,3.7,曇,15.0,16.0,3阪神1,3歳未勝利,1:30.6,6.1,晴,16.0,12.0,1中京6,3歳未勝利,1:30.0,5.0,晴,46.2,10.0,,nar,2026-09-29,44.23,30.8,37.3,30.4,98.0,45.8,48.5,履歴少 / 近走上向き
202636092905,2026-09-29,5,マイネルアストリア,1.0,1.0,山本聡哉,56.0,,9.0,5.0,水沢,C2一組,1:32.1,3.8,小雨,4.0,4.0,盛岡,B1三組,1:39.8,0.5,曇,5.0,6.0,盛岡,いわて北緯40度八幡(B1),1:42.0,1.6,晴,4.0,4.0,盛岡,親子で学ぶ!味覚とテ(B1),1:40.3,1.3,小雨,2.0,6.0,盛岡,B1二組,1:39.2,0.4,曇,4.1,2.0,,nar,2026-09-29,52.56,63.9,45.8,69.6,18.5,56.7,51.8,クラス条件好転 / 履歴少 / 安定感
202646092905,2026-09-29,5,マジックスクロール,8.0,8.0,浅野登生,54.0,,6.0,8.0,金沢,C24,1:42.3,2.9,曇,7.0,8.0,金沢,C22,1:42.8,5.1,晴,4.0,4.0,金沢,ばにちゃん&まいちゃ(C2),1:42.0,1.3,晴,6.0,4.0,金沢,金沢競馬で目指せ初勝(C2),1:36.2,1.6,晴,2.0,10.0,金沢,能登復興支援能登金剛(C2),1:43.3,1.7,曇,47.9,6.0,,nar,2026-09-29,54.54,64.5,59.7,30.1,42.5,60.6,49.6,履歴少 / 市場オッズ妙味
202648092905,2026-09-29,5,ミダレセツゲツカ,2.0,2.0,赤津和希,55.0,,7.0,6.0,名古屋,金シャチ最終戦(3歳),1:40.6,1.1,雨,7.0,7.0,名古屋,3歳14組,1:40.3,1.4,曇,5.0,5.0,名古屋,金シャチ最終戦(3歳),1:39.4,2.0,晴,9.0,8.0,名古屋,3歳12組,1:39.7,3.1,雨,10.0,16.0,2福島1,3歳未勝利,1:49.2,1.3,晴,44.4,9.0,,nar,2026-09-29,48.03,50.3,51.2,19.8,54.5,57.3,47.1,履歴少 / 市場オッズ妙味
202648092905,2026-09-29,5,ミヤザキムスメ,10.0,7.0,木之前葵,53.0,,6.0,1.0,名古屋,金シャチ最終戦(3歳),1:40.4,0.9,雨,5.0,4.0,名古屋,3歳14組,1:39.8,0.9,曇,16.0,18.0,2新潟1,3歳未勝利,0:57.3,2.0,曇,14.0,12.0,1新潟3,3歳未勝利,1:16.5,3.6,晴,13.0,16.0,1中山8,3歳新馬,1:16.8,2.6,晴,21.1,8.0,,nar,2026-09-29,45.08,35.6,40.5,24.9,86.0,49.7,51.2,名古屋実績 / 履歴少 / 近走上向き
202643092905,2026-09-29,5,モリケン,7.0,6.0,山中悠希,55.0,,5.0,2.0,浦和,ルーキーズサマーカッ(重賞),1:29.8,2.1,曇,1.0,1.0,船橋,ツワブキ特別(2歳),1:15.6,-2.9,曇,1.0,2.0,船橋,スイカズラ特別(2歳),1:16.5,-0.2,曇,1.0,2.0,船橋,スズランデビュー(2歳),1:02.7,-0.2,曇,,,,,,,,2.7,1.0,,nar,2026-09-29,63.2,89.2,45.6,89.7,26.0,53.4,59.5,船橋実績 / 履歴少 / 安定感
202636092905,2026-09-29,5,リリーピンシャー,9.0,8.0,阿部英俊,56.0,,6.0,9.0,水沢,C2二組,1:30.8,2.1,晴,6.0,8.0,水沢,C2一組,1:30.0,1.7,小雨,8.0,11.0,水沢,C2一組,1:30.9,2.8,晴,7.0,10.0,盛岡,大船渡市観光物産協会(C1),1:27.3,0.5,曇,5.0,10.0,盛岡,C1五組,1:27.4,0.5,晴,35.7,7.0,,nar,2026-09-29,53.88,56.5,70.7,10.3,53.0,65.1,43.8,前走人気以上 / 履歴少 / 人気以上に走る傾向 / 過小評価傾向
202648092905,2026-09-29,5,ルミナスレイナ,3.0,3.0,大畑雅章,55.0,,12.0,14.0,3新潟3,3歳未勝利,2:17.7,1.4,小雨,12.0,14.0,3東京5,3歳未勝利,1:48.4,1.6,小雨,8.0,13.0,2東京4,3歳未勝利,1:48.5,1.0,曇,12.0,14.0,3中山5,3歳未勝利,1:35.7,1.1,晴,14.0,11.0,1東京6,3歳新馬,1:42.9,3.1,晴,5.3,3.0,,nar,2026-09-29,38.77,17.1,64.5,0.0,47.0,57.1,48.8,履歴少
202636092906,2026-09-29,6,アンテニトルス,2.0,2.0,斉藤友香,50.0,,7.0,8.0,水沢,C2一組,1:30.8,1.9,晴,1.0,7.0,水沢,C2二組,1:29.6,-0.2,小雨,11.0,5.0,水沢,C2二組,1:31.4,3.3,晴,3.0,2.0,盛岡,C2六組,1:13.8,0.9,雨,3.0,2.0,盛岡,C2七組,1:14.7,0.9,曇,73.4,8.0,,nar,2026-09-29,53.55,65.6,52.6,49.8,35.0,52.9,49.8,総合評価
202636092906,2026-09-29,6,アンニンドウフ,10.0,8.0,村上忍,56.0,,1.0,1.0,水沢,C2一組,1:28.3,-0.2,小雨,1.0,1.0,水沢,C2四組,1:27.0,-0.6,晴,1.0,1.0,盛岡,C2六組,1:12.9,-0.8,雨,11.0,9.0,大井,ハーレーダビッドソン(C1),1:16.0,4.0,晴,11.0,12.0,大井,カイピリーニャ賞(C1四),1:29.5,2.3,曇,2.4,1.0,,nar,2026-09-29,66.09,80.1,48.7,75.1,80.0,53.1,59.5,水沢実績 / 履歴少 / 近走上向き / 安定感
202630092906,2026-09-29,6,アーススカイ,11.0,8.0,小川悠汰,54.0,,7.0,7.0,門別,3歳以上C4ー3,1:17.3,1.8,晴,6.0,7.0,門別,3歳以上C4ー3,1:17.3,1.2,曇,9.0,9.0,門別,3歳以上C4ー3,1:18.6,4.2,晴,9.0,9.0,門別,3歳以上C4ー3,1:17.5,1.5,晴,10.0,12.0,門別,ホクレン「くるるの杜(C4),1:17.7,2.2,雨,23.9,9.0,,nar,2026-09-29,44.78,46.0,53.2,0.0,59.0,54.8,43.8,履歴少 / 市場オッズ妙味
202643092906,2026-09-29,6,イッシンフラン,8.0,6.0,澤田龍哉,54.0,,4.0,4.0,船橋,ユウガオスプリント(B3),1:15.0,0.9,晴,3.0,5.0,船橋,サボテンスプリント(B3),1:15.9,1.1,曇,1.0,5.0,船橋,あめんぼうスプリント(B3),1:15.0,-0.3,小雨,5.0,4.0,船橋,パールスプリント(B3),1:15.4,0.3,晴,3.0,1.0,船橋,端午の節句スプリント(C1),1:15.4,0.7,晴,7.1,4.0,,nar,2026-09-29,68.31,82.4,56.6,100.0,44.0,60.3,59.5,船橋実績 / 履歴少 / 安定感
202646092906,2026-09-29,6,ウインアイルグロウ,1.0,1.0,服部大地,57.0,,3.0,9.0,金沢,菊池君結婚式おめでと(3歳2),1:39.6,1.5,雨,5.0,4.0,金沢,3歳B 3,1:41.0,2.0,晴,4.0,3.0,金沢,3歳B 2,1:33.4,0.5,曇,1.0,1.0,金沢,3歳B 7,1:34.9,-0.2,晴,2.0,6.0,金沢,海月雲ろあ1周年記念(3歳),1:42.1,0.8,晴,11.5,3.0,,nar,2026-09-29,70.98,81.6,62.5,100.0,50.0,65.6,59.5,金沢実績 / 前走人気以上 / 履歴少 / 安定感
202636092906,2026-09-29,6,ウワサノデコピン,8.0,7.0,岩本怜,56.0,,3.0,3.0,水沢,C2一組,1:29.8,0.9,晴,3.0,3.0,水沢,C2一組,1:29.2,0.9,小雨,1.0,2.0,水沢,C2二組,1:28.1,-0.1,晴,1.0,2.0,盛岡,リギル賞(C1),1:26.4,0.0,曇,5.0,6.0,盛岡,C1四組,1:27.0,0.5,曇,20.6,6.0,,nar,2026-09-29,69.09,87.8,53.1,100.0,47.0,58.2,59.5,水沢実績 / 履歴少 / 安定感 / 市場オッズ妙味
202630092906,2026-09-29,6,エウテューモス,6.0,5.0,黒澤愛斗,55.0,,7.0,9.0,門別,ドーレくん賞(C4),1:03.8,0.9,晴,6.0,7.0,門別,3歳以上C4ー3,1:04.5,1.1,曇,8.0,6.0,門別,3歳以上C4ー3,1:05.1,2.1,晴,5.0,6.0,門別,3歳以上C4ー3,1:04.2,1.9,曇,5.0,10.0,門別,グランシャリオドリー(C4),1:04.4,0.8,雨,66.4,11.0,,nar,2026-09-29,50.91,56.4,57.9,24.9,44.0,57.2,49.6,履歴少
202643092906,2026-09-29,6,エコロカディス,10.0,7.0,本田正重,56.0,,11.0,1.0,船橋,モルセラスプリント(B3),1:16.6,2.4,晴,12.0,7.0,2福島7,3歳以上1勝クラス,1:09.4,1.1,曇,7.0,4.0,2東京6,4歳以上1勝クラス,1:19.6,0.9,晴,4.0,4.0,1福島6,4歳以上1勝クラス,1:09.7,0.2,晴,4.0,3.0,3中山4,4歳以上1勝クラス,1:11.3,0.5,晴,5.3,3.0,,nar,2026-09-29,30.81,38.3,15.1,24.9,24.5,39.5,50.0,総合評価
202630092906,2026-09-29,6,オグリヨンセイ,4.0,4.0,落合玄太,57.0,,11.0,8.0,門別,クラブコンサドーレ賞(C4),1:04.9,2.2,晴,8.0,8.0,門別,3歳以上C4ー3,1:04.4,2.5,曇,5.0,3.0,門別,3歳以上C4ー3,1:04.6,1.5,晴,7.0,6.0,門別,3歳以上C4ー3,1:04.8,1.2,雨,7.0,7.0,門別,グランシャリオドリー(C4),1:05.3,1.3,曇,53.4,10.0,,nar,2026-09-29,38.56,43.4,39.8,19.8,24.5,47.7,48.5,総合評価
202636092906,2026-09-29,6,オロスコピオ,9.0,8.0,菅原辰徳,54.0,,8.0,9.0,水沢,C2一組,1:30.9,2.0,晴,4.0,5.0,水沢,C2一組,1:29.1,1.0,晴,12.0,11.0,盛岡,B2,1:27.7,1.8,曇,6.0,4.0,盛岡,チックウィード賞(B2),1:28.2,1.4,晴,5.0,10.0,盛岡,ラビットイヤー賞(B2),1:25.0,1.1,小雨,123.1,10.0,,nar,2026-09-29,49.29,50.5,54.1,35.3,42.5,55.2,51.2,水沢実績 / 履歴少
202636092906,2026-09-29,6,オーヴァーザトップ,3.0,3.0,山本政聡,56.0,,1.0,3.0,水沢,C2四組,1:28.2,-0.7,曇,2.0,5.0,盛岡,C1二組,1:38.9,0.2,曇,13.0,10.0,大井,C2九 十,1:46.6,3.7,晴,6.0,7.0,大井,C2三 四五(C2四),1:45.2,2.1,曇,10.0,9.0,大井,C2三 四五(C2四),1:15.2,1.9,晴,9.4,5.0,,nar,2026-09-29,62.66,65.8,55.6,55.3,90.5,60.8,48.8,履歴少 / 近走上向き
202646092906,2026-09-29,6,キトキト,2.0,2.0,吉原寛人,55.0,,7.0,3.0,金沢,C24,1:42.9,3.5,曇,4.0,9.0,金沢,C22,1:40.9,3.2,晴,5.0,5.0,金沢,金沢競馬で目指せ初勝(C2),1:41.7,1.0,晴,4.0,6.0,金沢,金沢競馬で目指せ初勝(C2),1:36.0,1.4,晴,6.0,3.0,金沢,佐藤家&生頼家★結婚(C2),1:44.5,4.0,晴,30.3,6.0,,nar,2026-09-29,55.01,65.5,50.1,59.3,36.5,56.3,52.9,金沢実績 / 履歴少 / 市場オッズ妙味
202646092906,2026-09-29,6,キミガイチバンイイ,5.0,5.0,青柳正義,57.0,,8.0,3.0,金沢,3歳B 3特編(3歳3),1:41.4,2.6,雨,5.0,4.0,金沢,祝新太郎&千紘結婚し(3歳),1:34.0,1.2,晴,2.0,4.0,金沢,3歳B 2,1:32.9,0.0,曇,7.0,7.0,金沢,3歳B 3,1:43.7,2.2,晴,6.0,3.0,金沢,バロックパール特別(3歳),0:58.8,2.3,晴,23.4,5.0,,nar,2026-09-29,48.11,62.3,38.2,44.7,32.0,51.8,50.5,市場オッズ妙味
202643092906,2026-09-29,6,キングペルレ,12.0,8.0,篠谷葵,55.0,,3.0,1.0,船橋,ユウガオスプリント(B3),1:14.8,0.7,晴,1.0,1.0,船橋,ナイアガラスプリント(C1),1:14.7,-0.6,晴,8.0,3.0,船橋,あめんぼうスプリント(B3),1:15.7,0.7,小雨,3.0,5.0,船橋,馬い!グリーングラス(B3),1:15.1,0.2,曇,8.0,5.0,船橋,たんぽぽ特別(3歳),1:39.1,2.6,曇,4.1,1.0,,nar,2026-09-29,58.78,76.0,38.7,69.9,62.0,50.8,52.9,船橋実績 / 履歴少 / 安定感
202646092906,2026-09-29,6,ギャクテンオー,7.0,7.0,甲賀弘隆,57.0,,8.0,9.0,金沢,C24,1:43.6,4.2,曇,5.0,7.0,金沢,春日部「おれん家」1(C2),1:35.5,2.2,晴,5.0,8.0,金沢,祝!健二郎還暦おめで(C2),1:35.4,1.8,晴,7.0,6.0,金沢,フィフスザ中村メシア(C2),1:44.2,3.6,曇,5.0,7.0,金沢,佐藤家&生頼家★結婚(C2),1:44.1,3.6,晴,153.4,7.0,,nar,2026-09-29,55.01,58.4,60.2,55.0,35.0,58.1,52.9,金沢実績 / 履歴少
202630092906,2026-09-29,6,グレートシューター,12.0,8.0,服部茂史,57.0,,4.0,6.0,門別,3歳以上C4ー3,1:16.8,1.3,晴,5.0,6.0,門別,新ひだか町静内地酒・(C4),1:17.3,2.1,雨,7.0,10.0,門別,3歳以上C4ー3,1:17.0,2.8,曇,5.0,7.0,門別,チプサンケ賞(C4),1:17.9,1.6,晴,6.0,7.0,門別,3歳以上C4ー3,1:17.5,1.1,晴,11.6,6.0,,nar,2026-09-29,63.92,66.4,62.9,69.9,60.5,66.3,52.9,門別実績 / 履歴少 / 安定感 / 過小評価傾向
202630092906,2026-09-29,6,コパノバートン,2.0,2.0,桑村真明,57.0,,9.0,3.0,門別,ドーレくん賞(C4),1:04.8,1.9,晴,3.0,3.0,門別,3歳条件未勝利,1:03.6,1.8,曇,,,,,,,,,,,,,,,,,,,,,,5.2,3.0,,nar,2026-09-29,40.08,49.7,32.8,31.7,25.7,44.9,51.2,門別実績 / 履歴少 / サンプル少
202648092906,2026-09-29,6,ゴールドサニーデイ,11.0,8.0,加藤利征,55.0,,10.0,9.0,名古屋,C12組,1:44.3,4.8,曇,7.0,10.0,名古屋,C14組,1:44.0,4.1,曇,10.0,9.0,名古屋,C14組,1:44.4,4.9,晴,12.0,11.0,名古屋,なお、いつもありがと(C),1:45.9,6.5,曇,11.0,9.0,名古屋,C11組,1:43.6,4.8,曇,368.4,12.0,,nar,2026-09-29,37.78,30.8,49.3,0.0,50.0,49.6,43.8,履歴少
202630092906,2026-09-29,6,シアワセカプチーノ,1.0,1.0,岩橋勇二,55.0,,7.0,2.0,門別,3歳以上C4ー3,1:05.2,1.5,晴,4.0,1.0,門別,アグリアクション20(C4),1:04.7,0.7,曇,5.0,1.0,笠松,3歳3組,1:35.0,2.4,曇,6.0,2.0,笠松,中津川宿特別(3歳),1:34.3,4.1,曇,1.0,4.0,笠松,影艶P全競馬場来場踏(2歳),1:32.1,-0.1,曇,6.5,4.0,,nar,2026-09-29,47.74,67.3,26.7,55.0,32.0,49.5,51.2,門別実績 / 履歴少
202646092906,2026-09-29,6,シュンレツ,6.0,6.0,魚住謙心,57.0,,4.0,6.0,金沢,C24,1:41.5,2.1,曇,9.0,9.0,金沢,金沢競馬で目指せ初勝(C2),1:43.0,2.3,晴,11.0,7.0,金沢,フィフスザ中村メシア(C2),1:46.5,5.9,曇,4.0,8.0,金沢,佐藤家&生頼家★結婚(C2),1:43.9,3.4,晴,10.0,7.0,金沢,C29,1:47.8,6.4,晴,195.5,8.0,,nar,2026-09-29,53.15,50.0,50.6,45.0,77.0,52.9,49.6,履歴少 / 近走上向き
202648092906,2026-09-29,6,シロイヤツ,9.0,7.0,尾崎章生,57.0,,8.0,7.0,名古屋,C12組,1:42.8,3.3,曇,5.0,5.0,名古屋,C14組,1:41.9,2.0,曇,4.0,7.0,名古屋,C14組,1:40.8,1.3,晴,5.0,9.0,名古屋,C11組,1:41.3,3.8,雨,7.0,12.0,名古屋,C11組,1:41.0,2.2,曇,81.3,8.0,,nar,2026-09-29,56.22,60.6,59.7,59.3,33.5,60.6,52.9,名古屋実績 / 履歴少
202648092906,2026-09-29,6,スノーバンティング,8.0,6.0,近藤颯羽,55.0,,9.0,10.0,名古屋,C12組,1:44.1,4.6,曇,9.0,9.0,名古屋,C14組,1:45.0,5.1,曇,8.0,11.0,名古屋,金シャチ最終戦777(C),1:41.7,1.9,曇,5.0,7.0,名古屋,C11組,1:40.5,1.7,曇,,,名古屋,C15組,,,雨,83.7,9.0,,nar,2026-09-29,45.42,43.0,59.3,14.6,40.0,56.5,47.1,履歴少
202643092906,2026-09-29,6,セレナエフォール,3.0,3.0,岡村健司,54.0,,4.0,7.0,船橋,おとめ座スプリント(B3),1:14.5,1.0,晴,5.0,5.0,船橋,アキレアスプリント(B3),1:16.3,1.1,曇,4.0,3.0,船橋,アガパンサススプリン(B3),1:15.8,0.7,曇,7.0,3.0,船橋,馬い!グリーングラス(B3),1:15.4,0.5,曇,3.0,9.0,船橋,馬い!サンサンエッグ(B3),1:15.0,0.4,晴,13.1,7.0,,nar,2026-09-29,64.54,71.3,55.3,85.4,54.5,63.5,56.2,船橋実績 / 前走人気以上 / 履歴少 / 安定感
202636092906,2026-09-29,6,タイセイアダマス,4.0,4.0,高松亮,56.0,,1.0,1.0,水沢,C2二組,1:28.7,-0.1,晴,1.0,1.0,水沢,C2六組,1:28.5,-0.4,曇,2.0,4.0,水沢,C2八組,1:23.6,0.8,曇,10.0,12.0,盛岡,いわて北緯40度葛巻(B2),1:41.3,1.9,晴,9.0,8.0,盛岡,B2一組,1:40.7,1.3,曇,3.8,2.0,,nar,2026-09-29,68.01,81.3,54.1,75.1,77.0,57.6,59.5,水沢実績 / 履歴少 / 近走上向き / 安定感
202643092906,2026-09-29,6,タイセイフランク,7.0,6.0,笹川翼,56.0,,9.0,12.0,川崎,花鳥風月賞(B3),0:56.3,2.0,雨,8.0,8.0,川崎,追風逐電賞(B3),0:55.9,1.2,晴,11.0,10.0,川崎,夏紅特別(B3二),1:33.9,3.1,晴,4.0,5.0,川崎,流星光底賞(B3),0:55.5,0.4,曇,9.0,3.0,川崎,明鏡止水賞(B3),0:55.4,1.2,晴,29.0,11.0,,nar,2026-09-29,42.65,40.7,51.7,14.6,44.0,49.7,48.8,前走人気以上 / 履歴少
202643092906,2026-09-29,6,タッカーバリアント,1.0,1.0,古岡勇樹,56.0,,8.0,11.0,川崎,日和風特別(B3二),1:33.8,3.3,雨,1.0,3.0,川崎,朝顔賞(C1),1:31.7,0.0,晴,4.0,6.0,川崎,百日紅賞(C1),1:32.8,0.6,曇,3.0,4.0,川崎,花菱草賞(C1),1:31.9,0.2,晴,10.0,5.0,川崎,桜草賞(C1),1:40.2,2.0,曇,40.1,12.0,,nar,2026-09-29,56.81,68.5,60.0,59.3,29.0,55.5,48.8,前走人気以上 / 履歴少
202648092906,2026-09-29,6,タマモサウルス,12.0,8.0,小笠原羚,54.0,,6.0,4.0,名古屋,C11組,1:40.9,1.6,雨,9.0,10.0,名古屋,C13組,1:40.6,2.9,晴,3.0,3.0,名古屋,C11組,1:40.3,2.8,雨,11.0,9.0,名古屋,C10組,1:40.1,3.4,曇,8.0,7.0,名古屋,ゆうま4歳誕生日記念(C),1:41.5,2.5,曇,21.3,6.0,,nar,2026-09-29,46.65,51.3,44.7,19.8,60.5,52.1,46.3,履歴少 / 市場オッズ妙味
202630092906,2026-09-29,6,テクノリバタリアン,8.0,6.0,小野楓馬,57.0,,2.0,3.0,門別,クラブコンサドーレ賞(C4),1:03.4,0.7,晴,3.0,6.0,門別,新冠産駒応援賞(C4),1:03.6,0.5,曇,7.0,3.0,門別,3歳以上C4ー3,1:04.8,1.6,曇,3.0,5.0,門別,BTC賞(C4),1:03.5,0.2,晴,10.0,9.0,門別,3歳以上C4ー3,1:05.4,3.1,曇,3.3,1.0,,nar,2026-09-29,63.74,74.3,53.1,69.9,72.5,55.7,52.9,門別実績 / 履歴少 / 近走上向き / 安定感
202636092906,2026-09-29,6,テーオールノワール,7.0,7.0,関本玲花,54.0,,6.0,11.0,水沢,C2一組,1:30.6,1.7,晴,3.0,1.0,水沢,C2二組,1:30.2,0.6,小雨,4.0,6.0,水沢,C2二組,1:29.4,1.3,晴,9.0,8.0,盛岡,B1,1:14.0,1.5,曇,8.0,9.0,高知,ファイナルレース(C2),1:33.3,1.1,晴,91.0,9.0,,nar,2026-09-29,56.93,64.0,59.6,44.7,50.0,56.8,54.0,水沢実績 / 前走人気以上 / 履歴少
202646092906,2026-09-29,6,トランセンコ,4.0,4.0,栗原大河,55.0,,1.0,1.0,金沢,YJSトライアルラウ(3歳),1:38.4,-1.3,雨,2.0,3.0,金沢,3歳B 6,1:32.4,1.1,晴,3.0,2.0,金沢,3歳B 6,1:40.2,2.0,晴,7.0,11.0,2福島6,3歳未勝利,1:48.4,2.3,小雨,9.0,9.0,3東京3,3歳未勝利,1:38.9,2.1,晴,1.1,1.0,,nar,2026-09-29,66.94,81.2,54.4,75.1,75.5,53.0,56.4,金沢実績 / 前走人気以上 / 近走上向き / 安定感
202648092906,2026-09-29,6,トリプルアイ,10.0,7.0,深澤杏花,53.0,,10.0,9.0,名古屋,緒川城址疾風特(C),0:59.3,3.6,曇,7.0,10.0,名古屋,C14組,1:42.3,2.8,晴,8.0,10.0,名古屋,C11組,1:42.8,5.3,雨,12.0,12.0,名古屋,金シャチ最終戦777(C),1:45.2,5.4,曇,9.0,9.0,名古屋,C11組,1:41.3,2.5,曇,112.8,10.0,,nar,2026-09-29,40.54,35.6,55.9,0.0,44.0,53.5,43.8,履歴少
202648092906,2026-09-29,6,ナムラアダム,1.0,1.0,柿原翔,57.0,,7.0,10.0,名古屋,C11組,1:41.7,2.4,雨,9.0,10.0,名古屋,C13組,1:43.2,3.7,曇,11.0,12.0,名古屋,C13組,1:41.7,4.0,晴,9.0,12.0,名古屋,C10組,1:42.6,3.4,雨,12.0,12.0,名古屋,C11組,1:44.1,5.6,曇,124.5,11.0,,nar,2026-09-29,45.46,35.2,62.6,0.0,69.5,56.1,43.8,前走人気以上 / 履歴少 / 近走上向き
202648092906,2026-09-29,6,ニシキホーク,6.0,5.0,大原浩司,57.0,,6.0,6.0,名古屋,C12組,1:42.3,2.8,曇,10.0,2.0,名古屋,C14組,1:45.1,5.2,曇,12.0,3.0,名古屋,C14組,1:44.9,5.4,晴,7.0,7.0,名古屋,3歳4組,1:36.7,2.1,曇,3.0,7.0,名古屋,3歳5組,1:37.5,0.5,晴,7.8,3.0,,nar,2026-09-29,38.31,43.9,26.5,10.3,62.0,45.5,46.3,履歴少
202630092906,2026-09-29,6,ハッピーモカ,3.0,3.0,松井伸也,55.0,,4.0,5.0,門別,クラブコンサドーレ賞(C4),1:03.7,1.0,晴,8.0,8.0,門別,新冠産駒応援賞(C4),1:04.6,1.5,曇,6.0,3.0,門別,HWB門別競馬場厩舎(C4),1:04.6,1.8,曇,3.0,2.0,門別,平取中応援ファンファ(C4),1:03.9,0.4,晴,4.0,8.0,門別,3歳以上C4ー3,1:04.0,1.3,晴,16.2,7.0,,nar,2026-09-29,58.03,66.0,49.9,55.3,57.5,62.5,52.9,門別実績 / 履歴少 / 市場オッズ妙味
202636092906,2026-09-29,6,パーティーベル,6.0,6.0,佐々木志,56.0,,1.0,1.0,水沢,C2一組,1:28.9,-0.5,晴,1.0,2.0,水沢,C2一組,1:28.1,-0.2,晴,7.0,10.0,盛岡,OROターフ特別(OP),1:38.7,1.6,曇,3.0,3.0,盛岡,葉月特別(A),1:38.9,0.8,晴,3.0,3.0,盛岡,OROターフ特別(OP),1:37.3,0.4,曇,4.3,3.0,,nar,2026-09-29,68.95,86.5,55.9,80.2,65.0,58.8,56.4,水沢実績 / 近走上向き / 安定感
202643092906,2026-09-29,6,ピコダイアル,4.0,4.0,Ｆ．ゴン,56.0,,2.0,4.0,船橋,おとめ座スプリント(B3),1:14.5,1.0,晴,6.0,2.0,船橋,パールスプリント(B3),1:15.7,0.6,晴,1.0,5.0,船橋,春玄鳥スプリント(C1),1:15.1,-0.7,雨,9.0,4.0,船橋,エーデルワイス特別(C1),1:16.1,0.7,晴,4.0,3.0,船橋,スターベリルスプリン(C1),1:15.8,0.2,晴,4.5,2.0,,nar,2026-09-29,60.73,75.8,47.0,60.5,68.0,53.8,52.9,船橋実績 / 履歴少 / 近走上向き / 安定感
202643092906,2026-09-29,6,フィレタン,6.0,5.0,山口達弥,56.0,,7.0,7.0,船橋,モルセラスプリント(B3),1:15.6,1.4,晴,6.0,7.0,船橋,サボテンスプリント(B3),1:16.5,1.7,曇,2.0,4.0,船橋,アガパンサススプリン(B3),1:15.3,0.2,曇,2.0,6.0,船橋,馬い!熊本菊池水田生(C1),1:16.3,0.5,雨,10.0,10.0,船橋,エーデルワイス特別(C1),1:16.8,1.4,晴,14.7,8.0,,nar,2026-09-29,55.03,65.3,58.6,34.3,38.0,64.7,49.6,履歴少 / 市場オッズ妙味
202648092906,2026-09-29,6,フクチャンダイオウ,2.0,2.0,加藤聡一,57.0,,8.0,13.0,3新潟3,3歳未勝利,1:56.2,2.5,曇,10.0,13.0,2福島8,3歳未勝利,1:49.1,1.9,晴,16.0,12.0,2中山8,3歳未勝利,1:37.3,2.9,晴,,,,,,,,,,,,,,,1.6,1.0,,nar,2026-09-29,45.05,27.1,63.8,0.0,80.0,54.9,48.8,前走人気以上 / 履歴少 / 近走上向き
202636092906,2026-09-29,6,ブルーシャトー,5.0,5.0,山本聡哉,56.0,,4.0,5.0,水沢,C2一組,1:30.3,1.4,晴,1.0,2.0,水沢,C2五組,1:29.2,0.0,曇,3.0,4.0,盛岡,C2一組,1:26.5,0.3,曇,3.0,5.0,盛岡,C2一組,1:26.5,0.1,晴,3.0,2.0,盛岡,C2一組,1:27.0,0.9,曇,21.4,7.0,,nar,2026-09-29,68.65,85.6,56.6,100.0,41.0,58.9,59.5,水沢実績 / 履歴少 / 安定感 / 市場オッズ妙味
202630092906,2026-09-29,6,ブルーポピー,5.0,5.0,吉本隆記,57.0,,8.0,9.0,門別,クラブコンサドーレ賞(C4),1:04.5,1.8,晴,6.0,5.0,門別,新冠産米「判官伝説」(C4),1:04.7,1.1,曇,9.0,11.0,門別,3歳以上C4ー3,1:05.1,3.2,曇,4.0,7.0,門別,3歳以上C4ー3,1:04.4,1.3,晴,6.0,7.0,門別,平取中応援ファンファ(C4),1:06.0,2.5,晴,97.3,12.0,,nar,2026-09-29,47.46,52.7,56.9,14.6,39.5,56.5,46.3,履歴少
202643092906,2026-09-29,6,ベルトネ,2.0,2.0,所蛍,53.0,,10.0,2.0,浦和,浦和競馬LIVE賞(B3),1:37.5,1.9,晴,1.0,1.0,川崎,C1一 二,1:31.2,-1.0,曇,6.0,3.0,船橋,エーデルワイス特別(C1),1:15.9,0.5,晴,3.0,7.0,大井,カウントダウン202(C1五),1:27.8,0.1,晴,13.0,5.0,3新潟1,3歳未勝利,1:13.4,2.5,晴,12.2,6.0,,nar,2026-09-29,42.17,58.0,27.1,39.5,24.5,48.2,50.0,市場オッズ妙味
202643092906,2026-09-29,6,ポッドベッロ,11.0,8.0,實川純一,56.0,,6.0,2.0,船橋,ナイアガラスプリント(C1),1:15.7,1.0,晴,2.0,2.0,川崎,百日紅賞(C1),1:32.4,0.2,曇,4.0,2.0,川崎,仙人草賞(C1),1:31.8,0.1,晴,3.0,2.0,川崎,神楽酒造盃くろうま賞(C1C2),1:46.5,0.6,曇,4.0,6.0,船橋,春玄鳥スプリント(C1),1:15.9,0.8,雨,26.5,10.0,,nar,2026-09-29,55.68,76.3,39.1,69.6,33.5,53.0,51.2,船橋実績 / 履歴少 / 安定感 / 市場オッズ妙味
202648092906,2026-09-29,6,マッサーノ,5.0,5.0,丸山真一,55.0,,6.0,5.0,名古屋,C10組,1:41.1,2.0,小雨,4.0,5.0,名古屋,C12組,1:39.7,1.1,曇,4.0,6.0,名古屋,C13組,1:39.1,1.4,晴,2.0,5.0,名古屋,C11組,1:39.9,2.4,雨,5.0,6.0,名古屋,なお、いつもありがと(C),1:42.0,2.6,曇,19.8,5.0,,nar,2026-09-29,61.43,72.6,56.2,69.6,36.5,66.1,56.2,名古屋実績 / 履歴少 / 安定感 / 過小評価傾向
202630092906,2026-09-29,6,マドンナブルー,7.0,6.0,若杉朝飛,55.0,,4.0,5.0,門別,ドーレくん賞(C4),1:03.6,0.7,晴,4.0,2.0,門別,新冠産駒応援賞(C4),1:03.7,0.6,曇,2.0,3.0,門別,アグリアクション20(C4),1:04.3,0.3,曇,2.0,6.0,門別,優駿の里安平町SRK(C4),1:03.1,0.1,晴,5.0,4.0,門別,3歳以上C4ー3,1:04.0,1.3,晴,8.9,5.0,,nar,2026-09-29,67.38,80.7,53.4,100.0,45.5,61.3,59.5,門別実績 / 履歴少 / 安定感
202646092906,2026-09-29,6,マルモズイルバア,8.0,8.0,浅野登生,52.0,,8.0,5.0,金沢,YJSトライアルラウ(3歳),1:41.4,3.0,雨,2.0,3.0,金沢,3歳B 3,1:40.4,1.4,晴,2.0,3.0,金沢,だいちくんゆりなさん(3歳),1:33.8,0.1,曇,1.0,5.0,金沢,3歳B 9,1:41.1,-0.7,晴,15.0,17.0,2小倉6,3歳未勝利,1:09.4,1.3,晴,7.5,2.0,,nar,2026-09-29,56.96,69.1,52.3,59.3,32.0,61.8,54.7,金沢実績
202630092906,2026-09-29,6,ミスカノヤローザ,9.0,7.0,金山昇馬,55.0,,5.0,4.0,門別,3歳以上C4ー3,1:16.9,1.4,晴,2.0,4.0,門別,新ひだか町静内地酒・(C4),1:15.9,0.7,雨,6.0,4.0,門別,3歳以上C4ー3,1:17.3,2.9,晴,4.0,3.0,門別,3歳以上C4ー3,1:16.4,0.4,晴,3.0,3.0,門別,ホクレン「くるるの杜(C4),1:16.3,0.8,雨,4.8,2.0,,nar,2026-09-29,60.58,75.2,47.6,80.2,42.5,55.4,56.2,門別実績 / 履歴少 / 安定感
202648092906,2026-09-29,6,メイショウヨリキリ,7.0,6.0,望月洵輝,57.0,,2.0,2.0,名古屋,C11組,1:39.9,0.6,雨,6.0,2.0,名古屋,C13組,1:40.5,1.0,曇,5.0,3.0,名古屋,C13組,1:39.2,1.5,晴,11.0,1.0,名古屋,C11組,1:42.3,3.8,曇,,2.0,名古屋,C18組,,,晴,4.2,2.0,,nar,2026-09-29,52.18,66.1,27.7,50.2,82.0,43.1,51.2,名古屋実績 / 履歴少 / 近走上向き
202648092906,2026-09-29,6,ユイノチョウシンキ,4.0,4.0,大畑雅章,57.0,,4.0,3.0,名古屋,C12組,1:41.9,2.4,曇,3.0,8.0,名古屋,C14組,1:41.6,1.7,曇,8.0,6.0,名古屋,C14組,1:42.3,2.8,晴,6.0,6.0,名古屋,C11組,1:41.4,3.9,雨,7.0,4.0,名古屋,なお、いつもありがと(C),1:42.4,3.0,曇,13.4,4.0,,nar,2026-09-29,58.61,66.9,51.7,55.3,62.0,60.4,49.6,履歴少 / 市場オッズ妙味
202630092906,2026-09-29,6,ライズタワー,10.0,7.0,亀井洋司,55.0,,6.0,7.0,門別,ドーレくん賞(C4),1:03.7,0.8,晴,4.0,4.0,門別,新冠産米「判官伝説」(C4),1:04.5,0.9,曇,4.0,4.0,門別,3歳以上C4ー3,1:04.4,1.2,曇,4.0,7.0,門別,優駿の里安平町SRK(C4),1:03.7,0.7,晴,6.0,5.0,門別,3歳以上C4ー3,1:04.8,1.2,雨,20.2,8.0,,nar,2026-09-29,58.0,69.5,54.5,59.3,41.0,58.2,52.9,門別実績 / 履歴少 / 市場オッズ妙味
202636092906,2026-09-29,6,ラッキーストーリー,1.0,1.0,鈴木祐,56.0,,1.0,1.0,水沢,C2三組,1:28.1,-0.1,小雨,3.0,7.0,盛岡,ハヤテ特別(OP),1:12.3,1.3,曇,9.0,11.0,盛岡,納涼特別(A),1:40.8,1.3,曇,9.0,10.0,門別,星の降る里・芦別健夏(B1),1:16.3,2.1,曇,5.0,5.0,門別,夕張メロン、味は特別(A4),1:03.4,1.8,晴,9.4,4.0,,nar,2026-09-29,66.37,70.7,60.8,65.7,83.0,64.1,51.8,クラス条件好転 / 履歴少 / 近走上向き / 安定感
202646092906,2026-09-29,6,ラブソング,3.0,3.0,松戸政也,55.0,,4.0,9.0,金沢,YJSトライアルラウ(3歳),1:40.2,1.8,雨,9.0,2.0,金沢,3歳B 3,1:42.3,3.3,晴,12.0,15.0,2新潟3,3歳以上1勝クラス,1:08.9,0.7,曇,6.0,11.0,2新潟2,3歳以上1勝クラス,0:58.0,0.7,雨,15.0,11.0,1函館5,3歳未勝利,1:11.2,2.0,晴,14.2,4.0,,nar,2026-09-29,52.59,43.2,54.8,30.4,89.0,56.4,51.2,金沢実績 / 前走人気以上 / 履歴少 / 近走上向き
202643092906,2026-09-29,6,ルナフォルトゥーナ,9.0,7.0,西啓太,56.0,,10.0,9.0,浦和,秋彼岸特別(B3),1:38.3,2.7,晴,7.0,7.0,川崎,夕月夜特別(B3二),1:47.1,2.0,曇,6.0,8.0,浦和,雁来月特別(B3),1:29.1,1.2,晴,8.0,3.0,浦和,晩涼特別(B3),1:29.3,0.7,晴,2.0,8.0,浦和,幸手宿特別(B2B3),1:26.8,0.5,雨,11.9,5.0,,nar,2026-09-29,42.66,49.3,49.9,10.3,24.5,56.0,48.8,履歴少
202648092906,2026-09-29,6,レディマジェスティ,3.0,3.0,加藤誓二,55.0,,5.0,4.0,名古屋,C12組,1:42.2,2.7,曇,2.0,7.0,名古屋,C14組,1:41.1,1.2,曇,5.0,11.0,名古屋,C14組,1:41.0,1.5,晴,10.0,7.0,名古屋,C11組,1:43.2,5.7,雨,12.0,10.0,名古屋,金シャチ最終戦(C),1:42.5,3.5,曇,38.6,7.0,,nar,2026-09-29,62.21,62.4,60.4,75.1,63.5,59.5,52.9,名古屋実績 / 履歴少 / 安定感 / 市場オッズ妙味
202643092906,2026-09-29,6,ワイルドゴーア,5.0,5.0,櫻井光輔,56.0,,6.0,7.0,浦和,祝月特別(B3),1:29.4,1.1,晴,10.0,6.0,浦和,鳳仙花特別(B3C1),0:49.4,1.7,曇,7.0,8.0,1函館3,3歳以上1勝クラス,1:00.3,2.0,晴,12.0,7.0,1新潟1,4歳以上1勝クラス,0:58.0,1.9,晴,8.0,3.0,1新潟7,はやぶさ賞(1勝クラス),0:55.9,0.6,小雨,22.2,9.0,,nar,2026-09-29,40.13,41.8,37.8,0.0,69.5,43.9,48.8,履歴少 / 近走上向き
202643092907,2026-09-29,7,アマゴ,8.0,5.0,見越彬央,54.0,,9.0,7.0,浦和,C3 選抜馬イ,0:49.6,1.1,晴,7.0,4.0,浦和,ランチタイム(C3),0:51.0,2.8,曇,2.0,5.0,船橋,虹色スプリント(C3),1:17.1,0.3,晴,7.0,10.0,浦和,ランチタイム(C3),0:49.8,1.5,晴,6.0,10.0,川崎,C3三 四,1:35.6,2.9,曇,58.0,14.0,,nar,2026-09-29,46.34,55.9,50.6,19.8,29.0,55.9,48.8,履歴少
202630092907,2026-09-29,7,アリアーネ,1.0,1.0,阿部龍,55.0,,6.0,1.0,門別,3歳以上C4ー2,1:03.4,2.2,晴,6.0,15.0,3新潟1,3歳未勝利,1:13.8,1.4,晴,12.0,16.0,2福島2,3歳未勝利,1:11.2,2.6,晴,10.0,16.0,2中山3,3歳未勝利,1:13.6,2.3,晴,,,,,,,,20.6,7.0,,nar,2026-09-29,51.12,44.2,68.7,0.0,70.0,64.2,48.8,履歴少 / 人気以上に走る傾向 / 近走上向き / 市場オッズ妙味
202630092907,2026-09-29,7,アースリンゴ,4.0,4.0,小川悠汰,52.0,,6.0,9.0,門別,松山光プロジェクト賞(C4),1:16.6,0.7,晴,8.0,10.0,門別,3歳以上C4ー2,1:03.4,1.1,曇,3.0,10.0,門別,JAにいかっぷピーマ(C4),1:16.1,1.2,曇,6.0,10.0,門別,日高建設協会賞(C4),1:16.7,1.5,曇,5.0,7.0,門別,3歳以上C4ー2,1:03.3,1.3,晴,103.2,11.0,,nar,2026-09-29,58.48,61.6,75.1,30.1,47.0,64.3,49.6,前走人気以上 / 履歴少 / 人気以上に走る傾向
202643092907,2026-09-29,7,イスラデルノルテ,12.0,7.0,Ｆ．ゴン,56.0,,5.0,2.0,船橋,C3 選抜馬,1:02.4,0.5,晴,4.0,3.0,船橋,雄風スプリント(C3),1:16.8,0.9,晴,2.0,1.0,浦和,HUBトラック賞(C3),1:29.8,0.0,晴,2.0,3.0,船橋,C3二,1:17.0,0.2,曇,2.0,3.0,船橋,C3二,1:17.0,0.1,曇,5.1,3.0,,nar,2026-09-29,62.28,80.7,42.2,100.0,35.0,55.0,56.4,船橋実績 / 安定感
202630092907,2026-09-29,7,イズントイット,9.0,7.0,石川倭,55.0,,12.0,14.0,1札幌3,3歳以上1勝クラス,1:30.7,1.7,曇,6.0,6.0,1函館11,3歳未勝利,1:10.2,1.6,曇,14.0,12.0,2阪神5,3歳未勝利,2:02.8,1.6,晴,11.0,14.0,1阪神7,3歳未勝利,1:22.1,1.1,晴,11.0,8.0,1京都4,3歳未勝利,1:28.9,2.8,曇,6.5,3.0,,nar,2026-09-29,36.39,23.6,52.4,0.0,41.0,52.1,50.0,総合評価
202630092907,2026-09-29,7,イセッセイ,3.0,3.0,藤田凌駕,54.0,,9.0,14.0,2札幌6,3歳未勝利,1:47.3,2.7,晴,10.0,13.0,1札幌8,3歳未勝利,1:49.8,3.3,晴,13.0,13.0,2福島5,3歳未勝利,1:48.9,3.2,曇,9.0,16.0,2東京6,3歳未勝利,1:41.2,1.3,晴,4.0,7.0,笠松,鵜沼宿特別(3歳),1:31.3,0.6,雨,22.1,8.0,,nar,2026-09-29,48.06,31.8,75.2,10.3,50.0,63.4,50.0,前走人気以上 / 人気以上に走る傾向
202630092907,2026-09-29,7,ウインディナナコ,11.0,8.0,松井伸也,55.0,,8.0,4.0,2福島6,3歳未勝利,1:10.7,0.5,曇,4.0,8.0,2福島2,3歳未勝利,1:09.0,0.6,晴,11.0,11.0,2中山3,3歳未勝利,1:14.4,3.1,晴,,,,,,,,,,,,,,,9.7,5.0,,nar,2026-09-29,46.28,48.3,48.0,24.9,47.0,54.4,50.0,総合評価
202646092907,2026-09-29,7,ウインドアリエル,1.0,1.0,柴田勇真,55.0,,7.0,9.0,金沢,運命のエキスパートは(C2),1:35.8,3.0,曇,4.0,6.0,金沢,祝!健二郎還暦おめで(C2),1:35.2,1.6,晴,3.0,5.0,金沢,フィフスザ中村メシア(C2),1:43.1,2.5,曇,4.0,8.0,金沢,C28,1:42.3,2.3,晴,3.0,7.0,金沢,C29,1:35.8,0.9,曇,65.6,7.0,,nar,2026-09-29,62.32,71.1,67.5,69.6,29.0,62.6,56.2,金沢実績 / 履歴少 / 人気以上に走る傾向 / 安定感
202646092907,2026-09-29,7,ウインルナロッサ,7.0,7.0,青柳正義,57.0,,6.0,3.0,金沢,祝新太郎&千紘結婚し(3歳),1:34.4,1.6,晴,1.0,1.0,金沢,3歳B 4,1:41.1,-0.5,曇,3.0,1.0,金沢,能登復興支援狼煙賞(3歳),1:40.7,0.2,晴,2.0,2.0,金沢,しーあきちゃん結婚お(3歳),1:34.3,0.3,晴,4.0,2.0,金沢,帝統くんお誕生日おめ(3歳),1:34.1,0.7,曇,4.7,3.0,,nar,2026-09-29,56.88,81.0,39.4,69.6,29.0,52.0,56.2,金沢実績 / 履歴少 / 安定感
202636092907,2026-09-29,7,エイカイソフィア,2.0,2.0,斉藤友香,50.0,,5.0,2.0,水沢,C1,0:51.6,0.7,小雨,6.0,1.0,盛岡,C1,1:13.7,0.6,曇,2.0,4.0,盛岡,C1,1:12.2,0.4,曇,4.0,6.0,盛岡,純米ニトロ7周年記念(C1),1:00.4,0.9,曇,3.0,4.0,盛岡,C1,1:14.4,0.8,曇,4.9,2.0,,nar,2026-09-29,57.08,73.6,40.4,75.1,42.5,54.8,50.0,安定感
202646092907,2026-09-29,7,カイザーレオン,5.0,5.0,吉田晃浩,57.0,,3.0,3.0,金沢,C22,1:39.9,2.2,晴,,,金沢,祝!健二郎還暦おめで(C2),,,晴,1.0,1.0,金沢,かつののみや杯(C2),1:41.8,-1.2,曇,,,金沢,C29,,,晴,1.0,3.0,金沢,C23,1:30.2,-0.4,曇,1.6,1.0,,nar,2026-09-29,63.67,92.0,52.4,60.5,38.0,54.2,59.5,金沢実績 / 履歴少 / 安定感
202643092907,2026-09-29,7,カナサンドー,14.0,8.0,本田紀忠,54.0,,1.0,11.0,川崎,ワラビー賞(C3),0:56.5,-0.1,曇,8.0,8.0,川崎,クロカジキ賞(C3),0:57.4,1.2,晴,6.0,9.0,川崎,ヒラマサ賞(C3),0:57.0,0.7,晴,8.0,7.0,川崎,トウザヨリ賞(C3),0:57.6,1.4,晴,7.0,5.0,川崎,ハヤブサ賞(C3),0:57.3,0.9,曇,29.3,10.0,,nar,2026-09-29,63.31,65.0,73.0,30.4,87.5,61.2,48.8,前走人気以上 / 履歴少 / 人気以上に走る傾向 / 近走上向き
202643092907,2026-09-29,7,カルストンオリビア,7.0,5.0,増田充宏,54.0,,4.0,5.0,川崎,ワラビー賞(C3),0:56.8,0.3,曇,7.0,9.0,川崎,C3一 二三(C3二),1:33.6,1.9,晴,3.0,6.0,川崎,ヒラマサ賞(C3),0:56.8,0.5,晴,6.0,4.0,川崎,ファイナルアンサー賞(C3),1:33.9,1.2,晴,7.0,8.0,川崎,ファイナルアンサー賞(C2),1:40.8,1.3,曇,14.9,5.0,,nar,2026-09-29,59.94,66.8,58.4,50.2,60.5,64.7,48.8,履歴少 / 市場オッズ妙味
202648092907,2026-09-29,7,ガムピーリング,5.0,5.0,山田祥雄,57.0,,7.0,8.0,名古屋,C10組,1:42.0,2.9,小雨,11.0,10.0,名古屋,C12組,1:42.3,3.7,曇,11.0,7.0,名古屋,C11組,1:41.2,1.9,晴,4.0,9.0,名古屋,C10組,1:40.0,0.8,雨,5.0,7.0,名古屋,C11組,1:41.0,2.5,曇,39.2,10.0,,nar,2026-09-29,46.5,42.9,51.4,24.9,54.5,54.8,49.6,履歴少 / 市場オッズ妙味
202636092907,2026-09-29,7,キタノフローラ,4.0,4.0,小林凌,54.0,,6.0,4.0,水沢,C2,0:52.1,0.9,曇,1.0,1.0,盛岡,C2,1:01.1,-0.2,曇,2.0,1.0,盛岡,C2,1:00.2,0.1,晴,3.0,3.0,盛岡,C2,1:01.2,0.2,晴,6.0,3.0,盛岡,C2,1:01.6,0.9,曇,8.3,6.0,,nar,2026-09-29,56.01,79.8,42.2,59.3,32.0,55.1,48.8,履歴少
202636092907,2026-09-29,7,ギフテッドアベリア,10.0,8.0,山本政聡,54.0,,6.0,5.0,盛岡,C2五組,1:14.7,1.5,晴,3.0,3.0,盛岡,C2,1:01.4,1.3,晴,6.0,2.0,盛岡,C2,1:01.6,0.9,晴,1.0,1.0,水沢,C2,0:52.6,-0.2,曇,3.0,1.0,水沢,C2,0:52.6,0.2,晴,5.1,3.0,,nar,2026-09-29,53.9,74.3,40.9,49.8,33.5,52.4,59.5,水沢実績 / 履歴少
202630092907,2026-09-29,7,クリアーゲイル,7.0,6.0,宮内勇樹,57.0,,9.0,4.0,2新潟3,3歳未勝利,1:58.1,1.7,曇,11.0,5.0,2東京10,3歳未勝利,1:49.3,1.5,曇,8.0,6.0,2東京6,3歳未勝利,2:04.3,0.8,晴,7.0,10.0,3中山2,3歳未勝利,1:49.4,1.5,晴,,,,,,,,7.2,4.0,,nar,2026-09-29,33.29,35.9,26.8,0.0,48.0,44.1,48.8,履歴少
202636092907,2026-09-29,7,クーラント,5.0,5.0,高橋悠里,54.0,,4.0,4.0,水沢,C2,0:51.6,1.0,雨,1.0,1.0,盛岡,C2,1:00.6,-0.6,晴,3.0,3.0,盛岡,C2,1:00.4,0.5,曇,5.0,5.0,盛岡,C1,1:14.7,0.4,晴,8.0,5.0,水沢,C1,0:53.2,1.0,曇,5.4,4.0,,nar,2026-09-29,63.42,79.1,47.8,89.7,51.5,55.2,51.2,水沢実績 / 履歴少 / 安定感
202630092907,2026-09-29,7,サクラキングリー,5.0,5.0,亀井洋司,57.0,,7.0,5.0,門別,松山光プロジェクト賞(C4),1:16.9,1.0,晴,4.0,6.0,門別,JAにいかっぷピーマ(C4),1:16.3,1.4,曇,2.0,7.0,門別,世界へ羽ばたけ!ひだ(C4),1:16.1,0.2,曇,5.0,8.0,門別,平取町軽種馬生産振興(C4),1:16.0,0.9,晴,4.0,7.0,門別,3歳以上C4ー2,1:16.1,1.5,晴,57.7,10.0,,nar,2026-09-29,60.65,70.7,61.4,69.6,30.5,60.6,56.2,門別実績 / 履歴少 / 安定感
202643092907,2026-09-29,7,サチノマーシー,2.0,2.0,高橋利幸,56.0,,8.0,6.0,船橋,C3二,1:18.4,2.0,曇,5.0,7.0,船橋,雄風スプリント(C3),1:17.3,1.4,晴,4.0,5.0,船橋,入梅ダッシュ(C3),1:04.7,2.3,曇,9.0,11.0,船橋,馬い!ダッシュ!ニコ(C2),1:18.6,2.3,晴,11.0,9.0,船橋,C2二 三,1:18.6,1.7,雨,30.4,11.0,,nar,2026-09-29,50.99,52.7,51.2,44.7,45.5,56.9,51.6,履歴少 / 市場オッズ妙味
202646092907,2026-09-29,7,サノノサンダー,2.0,2.0,栗原大河,57.0,,2.0,3.0,金沢,酒井敏希爆裂誕生記念(3歳9),1:34.4,2.2,雨,10.0,5.0,金沢,3歳B 3,1:42.7,3.7,晴,9.0,7.0,金沢,3歳B 2,1:36.7,3.8,曇,8.0,4.0,金沢,3歳B 2,1:36.5,3.1,晴,3.0,3.0,金沢,3歳B 3,1:42.4,0.9,晴,12.2,4.0,,nar,2026-09-29,52.25,57.2,36.6,40.7,83.0,54.1,50.5,近走上向き / 市場オッズ妙味
202648092907,2026-09-29,7,サンコルテス,9.0,7.0,友森翔太,55.0,,8.0,10.0,名古屋,C10組,1:42.2,3.1,小雨,12.0,8.0,名古屋,C12組,1:42.5,3.9,曇,12.0,10.0,名古屋,C12組,1:41.7,3.4,晴,11.0,5.0,名古屋,C10組,1:43.2,4.0,雨,4.0,6.0,名古屋,金シャチ最終戦777(C),1:41.2,1.4,曇,47.8,11.0,,nar,2026-09-29,37.45,29.5,39.8,10.3,60.5,46.5,46.3,履歴少
202648092907,2026-09-29,7,サンルーナ,11.0,8.0,丹羽克輝,55.0,,4.0,5.0,名古屋,C11組,1:40.2,0.9,雨,3.0,7.0,名古屋,C13組,1:39.7,0.2,曇,5.0,8.0,名古屋,金シャチ最終戦777(C),1:40.1,1.1,小雨,7.0,5.0,名古屋,C11組,1:41.2,2.7,曇,3.0,6.0,名古屋,C23組,1:40.6,0.5,晴,8.4,4.0,,nar,2026-09-29,67.17,73.7,63.4,85.4,53.0,64.9,56.2,名古屋実績 / 履歴少 / 安定感
202630092907,2026-09-29,7,ザンシュトーム,12.0,8.0,落合玄太,55.0,,5.0,1.0,門別,松山光プロジェクト賞(C4),1:16.5,0.6,晴,10.0,4.0,1札幌4,3歳未勝利,1:48.5,2.7,晴,5.0,5.0,2福島3,3歳未勝利,1:47.8,0.6,曇,,,,,,,,,,,,,,,5.2,2.0,,nar,2026-09-29,46.54,54.7,24.7,50.2,65.0,46.2,50.0,近走上向き
202636092907,2026-09-29,7,シェリーアモール,1.0,1.0,坂井瑛音,53.0,,5.0,6.0,水沢,C2,0:52.0,0.8,曇,7.0,5.0,盛岡,C2,1:01.7,1.7,曇,8.0,4.0,盛岡,C2,1:01.3,2.0,曇,5.0,4.0,盛岡,C2,1:01.0,1.4,晴,5.0,5.0,盛岡,C2,1:00.4,0.4,小雨,22.7,8.0,,nar,2026-09-29,52.45,59.3,42.1,55.3,57.5,52.4,48.8,履歴少 / 市場オッズ妙味
202648092907,2026-09-29,7,シグナトリー,7.0,6.0,深澤杏花,53.0,,10.0,10.0,名古屋,三河於大の方特別(C),1:34.4,5.3,小雨,10.0,11.0,名古屋,矢梨賞(C),1:33.3,2.4,晴,9.0,4.0,名古屋,金シャチ最終戦777(C),1:40.9,1.9,小雨,11.0,9.0,名古屋,C10組,1:42.9,2.8,曇,3.0,9.0,名古屋,金シャチ最終戦(C),1:39.7,0.7,曇,38.6,9.0,,nar,2026-09-29,38.73,34.2,47.1,10.3,39.5,51.7,46.3,履歴少
202643092907,2026-09-29,7,シュヴァルツボーイ,5.0,4.0,水沼元輝,53.0,,12.0,10.0,船橋,C3 二組下,1:44.4,5.9,曇,8.0,3.0,船橋,C3五,1:21.0,2.5,晴,5.0,5.0,大井,C3十,1:18.2,4.0,晴,6.0,7.0,大井,3歳五,1:17.5,4.0,晴,13.0,9.0,大井,3歳四 五,1:19.3,5.7,晴,24.3,9.0,,nar,2026-09-29,35.05,37.2,35.1,19.8,26.0,45.2,43.8,履歴少
202636092907,2026-09-29,7,スピードスター,3.0,3.0,塚本涼人,54.0,,10.0,7.0,水沢,B2,0:53.1,1.9,曇,8.0,12.0,盛岡,B2,1:14.2,2.1,曇,9.0,8.0,盛岡,いわてくじ山形村短角(B2),1:02.0,1.6,晴,7.0,6.0,盛岡,釜淵の滝賞(B2),1:13.8,2.3,曇,8.0,9.0,盛岡,B2,1:14.4,2.0,晴,16.7,7.0,,nar,2026-09-29,39.46,38.7,48.9,0.0,38.0,53.1,48.8,履歴少 / 市場オッズ妙味
202648092907,2026-09-29,7,スマートエラブル,6.0,5.0,加藤利征,55.0,,2.0,6.0,名古屋,C10組,1:40.1,1.0,小雨,5.0,7.0,名古屋,C12組,1:40.0,1.4,曇,6.0,6.0,名古屋,C12組,1:40.2,1.9,晴,7.0,10.0,名古屋,C10組,1:41.6,1.5,曇,4.0,8.0,名古屋,金シャチ最終戦(C),1:39.9,0.9,曇,8.0,3.0,,nar,2026-09-29,67.64,72.2,68.0,65.7,71.0,67.3,52.9,名古屋実績 / 前走人気以上 / 履歴少 / 人気以上に走る傾向
202646092907,2026-09-29,7,ゼルノードゥス,3.0,3.0,加藤翔馬,55.0,,3.0,11.0,金沢,YJSトライアルラウ(3歳),1:39.7,1.3,雨,1.0,2.0,金沢,9月6日俺の誕生日っ(3歳),1:33.5,-0.1,晴,5.0,5.0,金沢,3歳B 4,1:42.1,1.0,曇,3.0,2.0,金沢,3歳B 6,1:41.4,0.4,晴,4.0,2.0,金沢,3歳B 7,1:41.9,0.5,晴,4.2,2.0,,nar,2026-09-29,71.96,84.0,66.3,100.0,51.5,60.0,59.5,金沢実績 / 前走人気以上 / 履歴少 / 人気以上に走る傾向
202636092907,2026-09-29,7,タイコネン,7.0,7.0,関本玲花,52.0,,4.0,5.0,水沢,C1,0:51.3,0.4,小雨,7.0,7.0,盛岡,オッズパーク賞(C1),1:14.6,1.0,曇,6.0,4.0,盛岡,タブの大島賞(C1),1:00.4,1.4,晴,9.0,8.0,盛岡,C1,1:13.9,1.4,曇,8.0,8.0,水沢,B2,0:52.9,1.9,晴,8.1,5.0,,nar,2026-09-29,52.8,57.7,48.3,30.4,71.0,55.4,51.2,水沢実績 / 履歴少 / 近走上向き
202643092907,2026-09-29,7,タケデンプリンセス,11.0,7.0,野澤憲彦,54.0,,5.0,7.0,船橋,C3二,1:17.9,1.5,曇,4.0,6.0,船橋,虹色スプリント(C3),1:18.0,1.2,晴,6.0,9.0,船橋,C3 選抜馬,1:19.4,1.5,曇,12.0,12.0,船橋,C3 選抜馬,1:20.5,5.0,晴,12.0,11.0,船橋,C3 選抜馬,1:18.5,2.2,晴,18.6,6.0,,nar,2026-09-29,59.31,54.5,61.2,55.3,71.0,66.1,49.6,履歴少 / 近走上向き / 過小評価傾向 / 市場オッズ妙味
202636092907,2026-09-29,7,ダンストンローザ,9.0,8.0,高松亮,54.0,,7.0,10.0,水沢,C2,0:51.9,1.3,雨,2.0,8.0,盛岡,C2,1:01.3,0.2,曇,6.0,8.0,盛岡,C2,1:01.9,1.3,晴,6.0,6.0,盛岡,C2,1:01.6,1.5,晴,5.0,4.0,盛岡,C2,1:01.9,0.9,晴,22.9,9.0,,nar,2026-09-29,57.18,66.4,68.9,35.3,36.5,61.2,48.8,前走人気以上 / 履歴少 / 人気以上に走る傾向 / 市場オッズ妙味
202636092907,2026-09-29,7,トレベルフィーユ,6.0,6.0,山本聡紀,54.0,,9.0,12.0,水沢,四十八坂賞(C1),1:32.8,3.2,曇,8.0,6.0,盛岡,C2二組,1:29.4,3.7,晴,6.0,7.0,盛岡,うまレター賞(C2),1:30.0,1.7,晴,6.0,6.0,盛岡,C2一組,1:27.7,1.6,晴,8.0,6.0,盛岡,C2一組,1:28.4,1.9,曇,66.5,10.0,,nar,2026-09-29,42.51,47.1,52.8,0.0,38.0,51.6,48.8,前走人気以上 / 履歴少
202643092907,2026-09-29,7,ハーモニーホクト,13.0,8.0,木間塚龍,56.0,,3.0,4.0,船橋,C3 選抜馬,1:02.2,0.3,晴,6.0,1.0,船橋,雄風スプリント(C3),1:17.6,1.7,晴,2.0,3.0,船橋,C3二,1:17.1,0.5,晴,5.0,2.0,船橋,C3二,1:18.1,1.3,曇,10.0,2.0,浦和,特選(C3),1:41.2,2.7,晴,2.9,1.0,,nar,2026-09-29,56.28,71.5,35.9,64.7,66.5,45.4,55.3,船橋実績 / 履歴少 / 近走上向き / 安定感
202648092907,2026-09-29,7,バレドラパン,2.0,2.0,木之前葵,53.0,,9.0,7.0,名古屋,亀崎疾風戦(C),0:59.2,1.1,小雨,8.0,4.0,名古屋,C11組,1:40.5,1.7,曇,3.0,4.0,名古屋,C12組,1:38.6,0.3,晴,5.0,2.0,名古屋,C10組,1:40.2,1.0,雨,3.0,4.0,名古屋,C11組,1:40.6,2.1,曇,24.3,7.0,,nar,2026-09-29,45.9,57.1,37.8,44.7,24.5,51.8,52.9,名古屋実績 / 履歴少 / 市場オッズ妙味
202643092907,2026-09-29,7,パイソン,3.0,3.0,室陽一朗,54.0,,3.0,5.0,浦和,特選(C2C3),0:47.9,0.9,晴,4.0,3.0,浦和,C3 選抜馬ア,0:48.2,1.2,晴,3.0,1.0,浦和,C2 選抜馬イ,0:47.9,0.4,雨,1.0,3.0,浦和,浦和800ラウンド(C3),0:47.8,-0.1,曇,8.0,6.0,浦和,特選(C3),1:33.6,3.8,曇,4.5,2.0,,nar,2026-09-29,64.7,80.2,50.3,89.7,56.0,55.8,48.8,履歴少 / 安定感
202646092907,2026-09-29,7,ビッグタイマー,6.0,6.0,魚住謙心,57.0,,9.0,5.0,金沢,C24,1:43.6,4.2,曇,6.0,5.0,金沢,春日部「おれん家」1(C2),1:35.7,2.4,晴,7.0,4.0,金沢,祝!健二郎還暦おめで(C2),1:36.2,2.6,晴,3.0,8.0,金沢,琴音ちゃん20歳おめ(C2),1:36.2,1.6,曇,9.0,8.0,金沢,C27,1:37.4,3.4,晴,43.3,6.0,,nar,2026-09-29,41.89,52.1,40.0,14.6,33.5,52.1,46.3,履歴少 / 市場オッズ妙味
202648092907,2026-09-29,7,フィロンドール,12.0,8.0,望月洵輝,55.0,,8.0,11.0,名古屋,亀崎疾風戦(C),0:59.2,1.1,小雨,12.0,10.0,名古屋,C11組,1:40.7,1.9,曇,4.0,6.0,名古屋,金シャチ最終戦777(C),1:40.1,1.1,小雨,10.0,11.0,名古屋,伊良湖疾風戦(C),0:58.3,1.4,曇,9.0,8.0,名古屋,しゅんさや結婚記念(C),1:38.8,2.4,晴,8.5,5.0,,nar,2026-09-29,45.55,39.2,56.0,19.8,54.5,54.3,46.3,前走人気以上 / 履歴少
202630092907,2026-09-29,7,フォーチュンベル,8.0,6.0,服部茂史,55.0,,4.0,6.0,門別,宮の沢白い恋人サッカ(C4),1:16.7,2.9,晴,3.0,5.0,門別,新冠で新規就農の夢叶(C4),1:16.3,0.5,曇,7.0,4.0,門別,北海道日高管内商工会(C4),1:16.3,0.7,曇,11.0,8.0,門別,王冠賞〔H2〕(重賞),2:01.6,5.7,曇,7.0,8.0,門別,星雲賞〔H3〕(重賞),1:15.7,1.8,雨,23.4,9.0,,nar,2026-09-29,57.38,62.6,51.3,55.3,68.0,55.6,49.6,履歴少 / 近走上向き / 市場オッズ妙味
202648092907,2026-09-29,7,フラッシュドロー,4.0,4.0,小笠原羚,52.0,,4.0,3.0,名古屋,C10組,1:40.7,1.6,小雨,3.0,3.0,名古屋,C12組,1:39.4,0.8,曇,5.0,7.0,名古屋,C12組,1:39.8,1.5,晴,4.0,9.0,名古屋,C11組,1:40.8,2.3,曇,6.0,6.0,名古屋,金シャチ最終戦(C),1:40.1,1.1,曇,9.3,6.0,,nar,2026-09-29,65.92,74.8,55.7,89.7,53.0,63.4,56.2,名古屋実績 / 履歴少 / 安定感
202643092907,2026-09-29,7,フロレシミエント,10.0,6.0,高橋優,51.0,,3.0,7.0,川崎,ワラビー賞(C3),0:56.8,0.3,曇,3.0,6.0,川崎,クロマグロ賞(C3),0:56.5,0.5,晴,8.0,12.0,川崎,ヒラマサ賞(C3),0:57.5,1.2,晴,10.0,8.0,川崎,トビウオ賞(C3),0:57.1,1.9,晴,9.0,8.0,川崎,風神賞(C2),0:57.4,2.3,曇,20.4,8.0,,nar,2026-09-29,62.96,63.0,66.5,55.3,77.0,61.5,48.8,前走人気以上 / 履歴少 / 人気以上に走る傾向 / 近走上向き
202643092907,2026-09-29,7,ブルーグリッター,9.0,6.0,沖響主,53.0,,,,船橋,C3 選抜馬,,,晴,9.0,7.0,川崎,クロカジキ賞(C3),0:57.6,1.4,晴,2.0,7.0,浦和,ランチタイム(C3),0:49.8,1.6,曇,12.0,11.0,川崎,カマスサワラ賞(C3),0:58.5,2.8,晴,10.0,9.0,浦和,ランチタイム(C3),0:50.3,2.0,晴,19.4,7.0,,nar,2026-09-29,45.78,45.7,52.4,19.8,44.0,56.3,48.8,履歴少 / 市場オッズ妙味
202646092907,2026-09-29,7,ヘリオシース,4.0,4.0,服部大地,55.0,,8.0,12.0,金沢,運命のエキスパートは(C2),1:36.1,3.3,曇,8.0,7.0,金沢,能登復興支援能登ヒバ(C2),1:35.6,2.7,晴,7.0,7.0,金沢,C26,1:36.5,2.8,晴,6.0,1.0,金沢,C26,1:36.0,0.8,晴,3.0,6.0,金沢,C27,1:34.9,0.7,晴,141.1,8.0,,nar,2026-09-29,45.38,52.0,53.8,10.3,38.0,53.3,46.3,前走人気以上 / 履歴少
202643092907,2026-09-29,7,マイアイガー,6.0,4.0,田中涼,56.0,,6.0,6.0,川崎,C3五,1:34.9,1.0,雨,7.0,4.0,川崎,C3四,1:34.9,1.7,晴,2.0,4.0,川崎,C3五,1:33.5,2.1,曇,4.0,5.0,川崎,C3五,1:33.7,0.4,晴,5.0,8.0,川崎,ヴェルザンディ賞(C2C3),2:18.9,2.9,曇,31.3,12.0,,nar,2026-09-29,53.99,67.5,50.7,44.7,41.0,55.5,48.8,履歴少
202630092907,2026-09-29,7,マナモアナ,6.0,5.0,桑村真明,55.0,,8.0,2.0,門別,松山光プロジェクト賞(C4),1:16.9,1.0,晴,1.0,2.0,門別,新ひだか町静内地酒・(C4),1:15.2,-0.7,雨,6.0,2.0,門別,3歳以上C4ー3,1:16.8,2.6,曇,2.0,1.0,門別,チプサンケ賞(C4),1:16.3,0.0,晴,2.0,3.0,門別,3歳以上C4ー3,1:16.0,0.5,晴,20.2,6.0,,nar,2026-09-29,48.97,73.1,33.1,49.8,18.5,50.5,52.9,門別実績 / 履歴少 / 市場オッズ妙味
202648092907,2026-09-29,7,メイショウウミカゼ,8.0,6.0,阪野学,57.0,,6.0,8.0,名古屋,亀崎疾風戦(C),0:58.9,0.8,小雨,9.0,12.0,名古屋,C11組,1:40.6,1.8,曇,7.0,10.0,名古屋,C10組,1:40.1,2.9,晴,6.0,9.0,名古屋,金シャチ最終戦777(C),1:40.1,1.1,小雨,7.0,9.0,名古屋,C9組,1:41.0,2.4,晴,27.4,8.0,,nar,2026-09-29,50.93,51.6,68.1,0.0,57.5,63.2,43.8,履歴少 / 人気以上に走る傾向 / 市場オッズ妙味
202630092907,2026-09-29,7,メカニックバレエ,10.0,7.0,小野楓馬,55.0,,2.0,2.0,門別,宮の沢白い恋人サッカ(C4),1:14.2,0.4,晴,8.0,11.0,1札幌8,3歳未勝利,1:48.5,2.2,晴,9.0,10.0,1函館11,3歳未勝利,1:10.3,1.7,曇,12.0,6.0,1小倉9,3歳未勝利,1:10.0,1.2,晴,3.0,6.0,5阪神4,2歳新馬,1:22.4,0.4,晴,2.3,1.0,,nar,2026-09-29,56.25,56.5,52.7,40.7,86.0,54.2,50.0,近走上向き
202636092907,2026-09-29,7,モーモーブラック,8.0,7.0,鈴木祐,54.0,,11.0,3.0,盛岡,オッズパーク賞(C1),1:17.0,3.4,曇,10.0,1.0,盛岡,タブの大島賞(C1),1:01.5,2.5,晴,4.0,2.0,盛岡,C1,1:12.7,0.9,曇,2.0,1.0,盛岡,純米ニトロ7周年記念(C1),0:59.7,0.2,曇,2.0,5.0,盛岡,C1,1:13.3,0.5,晴,3.9,1.0,,nar,2026-09-29,35.98,51.0,15.7,44.7,11.0,44.7,50.0,総合評価
202630092907,2026-09-29,7,ヨシノアヴァンセ,2.0,2.0,金山昇馬,55.0,,7.0,8.0,門別,宮の沢白い恋人サッカ(C4),1:17.0,3.2,晴,7.0,5.0,門別,JAにいかっぷピーマ(C4),1:16.9,2.0,曇,6.0,7.0,門別,北海道日高管内商工会(C4),1:16.2,0.6,曇,1.0,3.0,門別,チプサンケ賞(C4),1:16.3,0.0,晴,4.0,3.0,門別,3歳以上C4ー3,1:16.8,0.3,曇,164.8,12.0,,nar,2026-09-29,49.59,63.1,51.3,24.9,35.0,53.3,49.6,履歴少
202648092907,2026-09-29,7,ラブウェイ,3.0,3.0,尾崎章生,55.0,,10.0,7.0,名古屋,C10組,1:42.6,3.5,小雨,8.0,6.0,名古屋,C12組,1:41.5,2.9,曇,10.0,3.0,名古屋,C12組,1:41.4,3.1,晴,2.0,9.0,名古屋,金シャチ最終戦777(C),1:40.0,0.2,曇,2.0,6.0,名古屋,C11組,1:40.1,1.3,曇,67.7,12.0,,nar,2026-09-29,40.98,47.9,40.5,24.9,23.0,50.9,49.6,履歴少
202643092907,2026-09-29,7,リバーフロント,1.0,1.0,西啓太,54.0,,6.0,4.0,浦和,C3 選抜馬イ,0:49.3,0.8,晴,9.0,12.0,船橋,C3 選抜馬,1:03.4,1.5,晴,7.0,10.0,浦和,特選(C2C3),0:49.6,1.8,曇,10.0,9.0,浦和,C3 選抜馬ア,0:49.2,2.2,晴,10.0,8.0,浦和,C2 選抜馬イ,0:49.0,1.5,雨,32.1,13.0,,nar,2026-09-29,45.43,44.5,52.7,0.0,68.0,52.2,48.8,履歴少 / 近走上向き
202646092907,2026-09-29,7,ルビーリング,8.0,8.0,浅野登生,52.0,,9.0,11.0,金沢,運命のエキスパートは(C2),1:36.2,3.4,曇,5.0,4.0,金沢,江川小林ウエディング(C2),1:36.3,2.2,晴,8.0,4.0,金沢,祝!健二郎還暦おめで(C2),1:36.3,2.7,晴,7.0,7.0,金沢,琴音ちゃん20歳おめ(C2),1:37.6,3.0,曇,4.0,7.0,金沢,C26,1:36.2,1.6,晴,39.7,5.0,,nar,2026-09-29,47.05,52.0,49.1,35.3,32.0,54.7,49.6,履歴少 / 市場オッズ妙味
202643092907,2026-09-29,7,ルリール,4.0,3.0,藤本現暉,54.0,,6.0,3.0,川崎,ワラビー賞(C3),0:56.9,0.4,曇,4.0,3.0,川崎,クロカジキ賞(C3),0:56.9,0.7,晴,2.0,6.0,川崎,カマスサワラ賞(C3),0:56.2,0.5,晴,5.0,4.0,川崎,トビウオ賞(C3),0:56.2,1.0,晴,2.0,2.0,川崎,ハヤブサ賞(C3),0:56.8,0.4,曇,12.8,4.0,,nar,2026-09-29,57.75,74.8,46.4,69.6,33.5,60.2,48.8,履歴少 / 安定感 / 市場オッズ妙味
202648092907,2026-09-29,7,ロッカフラダンサー,10.0,7.0,大畑慧悟,57.0,,3.0,2.0,名古屋,C10組,1:40.2,1.1,小雨,2.0,1.0,名古屋,C13組,1:39.5,0.0,曇,2.0,2.0,名古屋,C13組,1:38.4,0.7,晴,3.0,1.0,名古屋,なお、いつもありがと(C),1:40.3,0.9,曇,2.0,4.0,名古屋,大人の修学旅行記念(C),1:33.1,1.0,晴,2.3,1.0,,nar,2026-09-29,66.4,88.4,45.5,100.0,45.5,52.2,59.5,名古屋実績 / 履歴少 / 安定感
202648092907,2026-09-29,7,ヴィヴィアンワン,1.0,1.0,阿部基嗣,54.0,,2.0,2.0,名古屋,C12組,1:39.3,0.7,曇,4.0,9.0,名古屋,C12組,1:39.5,1.2,晴,3.0,7.0,名古屋,金シャチ最終戦777(C),1:39.8,0.8,小雨,6.0,8.0,名古屋,C11組,1:41.0,2.5,曇,5.0,3.0,名古屋,C14組,0:58.8,1.1,曇,5.6,2.0,,nar,2026-09-29,70.28,79.3,64.9,85.4,65.0,63.2,56.2,名古屋実績 / 履歴少 / 近走上向き / 安定感
202630092908,2026-09-29,8,アイリーノリチャン,7.0,6.0,岩橋勇二,55.0,,16.0,14.0,3東京3,3歳未勝利,1:41.3,4.5,晴,10.0,10.0,3中山7,3歳未勝利,1:14.1,2.0,曇,12.0,7.0,1福島1,3歳未勝利,1:10.4,1.8,晴,,,,,,,,,,,,,,,10.4,6.0,,nar,2026-09-29,25.5,12.5,35.1,0.0,20.0,45.0,48.8,履歴少
202643092908,2026-09-29,8,アズベリー,12.0,7.0,石神深道,54.0,,8.0,8.0,川崎,C2一 二,1:33.9,1.4,雨,12.0,9.0,船橋,七福神特別(C2),1:47.9,4.0,曇,13.0,7.0,川崎,早涼賞(C1),1:39.7,2.2,晴,10.0,9.0,船橋,文月スプリント(C1),1:15.8,1.1,晴,11.0,2.0,川崎,レーニョ賞(C1二),1:47.2,2.2,晴,6.9,3.0,,nar,2026-09-29,32.16,23.3,28.9,0.0,71.0,39.8,46.0,クラス条件好転 / 履歴少 / 近走上向き
202648092908,2026-09-29,8,アドバンスオーセン,2.0,2.0,明星晴大,57.0,,11.0,9.0,名古屋,C8組,1:41.7,2.5,雨,9.0,8.0,名古屋,C10組,1:41.3,2.4,曇,11.0,6.0,名古屋,C10組,1:40.9,3.7,晴,9.0,7.0,名古屋,金シャチ最終戦777(C),1:40.0,2.2,晴,7.0,2.0,名古屋,伊良湖疾風戦(C),0:57.7,0.8,曇,16.6,11.0,,nar,2026-09-29,30.93,29.6,31.4,0.0,38.0,43.9,43.8,履歴少 / 市場オッズ妙味
202648092908,2026-09-29,8,アンジェララヴ,7.0,6.0,松本一心,55.0,,5.0,4.0,名古屋,亀崎疾風戦(C),0:58.9,0.8,小雨,8.0,10.0,名古屋,C10組,1:41.1,2.2,曇,10.0,9.0,名古屋,C10組,1:40.6,3.4,晴,9.0,5.0,名古屋,名古屋モーニングフィ(C),1:40.6,2.3,晴,4.0,3.0,名古屋,C10組,1:40.6,0.5,曇,15.6,10.0,,nar,2026-09-29,51.22,50.3,45.2,40.7,66.5,60.5,49.6,履歴少 / 近走上向き / 市場オッズ妙味
202636092908,2026-09-29,8,エクササイズ,5.0,5.0,小林凌,56.0,,1.0,1.0,水沢,C1,1:28.7,-0.4,小雨,1.0,5.0,水沢,ローレルリバー特別(C1),1:27.1,-1.2,小雨,4.0,3.0,水沢,C1,0:51.2,0.9,曇,4.0,3.0,盛岡,C1,1:00.4,0.0,曇,5.0,10.0,盛岡,C1一組,1:40.5,0.9,晴,2.4,1.0,,nar,2026-09-29,72.94,88.4,58.2,100.0,65.0,58.3,62.5,水沢実績 / クラス条件好転 / 履歴少 / 近走上向き
202636092908,2026-09-29,8,エコセーズ,3.0,3.0,鈴木祐,54.0,,10.0,4.0,水沢,C1四組,1:30.3,2.2,曇,8.0,4.0,盛岡,C2一組,1:28.3,2.0,晴,1.0,1.0,水沢,C2四組,1:32.3,-0.2,曇,6.0,1.0,水沢,C2二組,1:31.4,0.7,晴,1.0,1.0,水沢,C2七組,1:31.4,-0.4,曇,19.1,7.0,,nar,2026-09-29,39.7,58.3,25.1,30.1,14.0,49.4,51.2,水沢実績 / 履歴少 / 市場オッズ妙味
202648092908,2026-09-29,8,エムズオルフェ,10.0,7.0,丹羽克輝,55.0,,8.0,8.0,名古屋,C8組,1:40.6,1.4,雨,11.0,7.0,名古屋,C10組,1:42.0,3.1,曇,2.0,9.0,名古屋,C11組,1:39.4,0.1,晴,10.0,8.0,名古屋,金シャチ最終戦777(C),1:43.3,3.5,曇,6.0,6.0,名古屋,C9組,1:40.2,1.0,小雨,9.8,7.0,,nar,2026-09-29,45.43,46.8,50.7,19.8,45.5,55.0,46.3,履歴少
202643092908,2026-09-29,8,エムリエール,6.0,4.0,佐野遥久,56.0,,5.0,6.0,浦和,C2五,1:38.2,1.4,曇,4.0,9.0,浦和,C2六,1:37.6,0.7,曇,11.0,8.0,船橋,2026Jockey(C2),2:04.0,3.2,曇,10.0,11.0,浦和,両神山特別(C1C2),2:14.3,1.8,曇,7.0,8.0,浦和,浦和800ラウンド(C2),0:49.4,1.7,曇,13.8,6.0,,nar,2026-09-29,57.69,53.0,58.4,55.3,68.0,64.4,50.0,前走人気以上 / 近走上向き / 市場オッズ妙味
202643092908,2026-09-29,8,エリセイラ,2.0,2.0,小野俊斗,54.0,,9.0,8.0,川崎,C2三 四,1:35.0,2.3,曇,2.0,3.0,船橋,2026Jockey(C3),1:46.3,0.1,晴,4.0,4.0,船橋,2026Jockey(C3),2:01.5,0.5,曇,5.0,5.0,船橋,C2四 五,1:40.8,1.6,曇,8.0,6.0,川崎,インフィオラータ賞(C2),1:40.7,2.3,曇,17.8,10.0,,nar,2026-09-29,54.08,63.4,48.2,59.3,24.5,62.7,59.5,船橋実績 / 履歴少 / 市場オッズ妙味
202646092908,2026-09-29,8,エレクトロン,1.0,1.0,柴田勇真,57.0,,2.0,2.0,金沢,3歳B 4,1:31.4,0.7,雨,11.0,9.0,2新潟7,3歳未勝利,0:57.0,1.1,晴,9.0,18.0,2東京11,3歳未勝利,1:21.8,0.8,晴,15.0,17.0,1中京3,3歳未勝利,1:22.7,1.6,晴,12.0,12.0,5中山5,ひいらぎ賞(1勝クラス),1:37.2,4.3,曇,2.0,2.0,,nar,2026-09-29,54.65,41.3,61.0,30.4,100.0,56.6,48.8,履歴少 / 近走上向き
202646092908,2026-09-29,8,エンブルーシャ,6.0,6.0,米倉知,55.0,,1.0,1.0,金沢,菊池君結婚式おめでと(3歳2),1:38.1,-1.4,雨,1.0,1.0,金沢,3歳B 9,1:32.0,-1.6,晴,16.0,6.0,2小倉2,3歳未勝利,1:11.2,2.2,曇,13.0,8.0,2阪神2,3歳未勝利,1:59.9,4.2,晴,10.0,8.0,1中京2,3歳未勝利,1:35.8,0.9,晴,1.8,1.0,,nar,2026-09-29,53.96,58.8,29.6,55.3,100.0,41.5,59.5,金沢実績 / 履歴少 / 近走上向き
202643092908,2026-09-29,8,エースオーディン,1.0,1.0,長浜鴻緒,56.0,,6.0,4.0,高知,C2ー8,1:50.2,2.3,曇,8.0,8.0,高知,C2ー7,1:33.3,2.1,晴,8.0,2.0,高知,C2ー8,1:27.5,4.7,晴,2.0,4.0,高知,C3ー2,1:44.8,1.9,雨,3.0,7.0,高知,C3ー2,1:31.7,0.8,曇,8.2,4.0,,nar,2026-09-29,48.06,60.0,42.4,24.9,45.5,55.4,48.8,履歴少
202643092908,2026-09-29,8,オリエンタルマック,3.0,3.0,加藤雄真,56.0,,6.0,9.0,浦和,秋晴特別(C2),1:37.6,0.4,晴,12.0,10.0,船橋,2026Jockey(C2),2:01.5,2.8,曇,2.0,8.0,浦和,C2三 四,1:30.3,0.2,晴,6.0,10.0,川崎,C2三 四,1:33.7,1.4,晴,10.0,11.0,浦和,C2六,1:38.4,1.5,曇,21.4,11.0,,nar,2026-09-29,53.34,51.1,66.0,19.8,59.0,62.5,50.0,前走人気以上 / 人気以上に走る傾向 / 市場オッズ妙味
202648092908,2026-09-29,8,オーブラボー,3.0,3.0,柿原翔,57.0,,9.0,11.0,名古屋,C8組,1:40.8,1.6,雨,7.0,11.0,名古屋,C10組,1:41.1,2.2,曇,8.0,12.0,名古屋,C10組,1:40.6,3.4,晴,11.0,12.0,名古屋,名古屋モーニングフィ(C),1:42.1,3.8,晴,12.0,11.0,名古屋,C8組,1:39.8,2.7,小雨,49.4,12.0,,nar,2026-09-29,45.16,36.8,67.1,0.0,53.0,57.4,43.8,履歴少 / 人気以上に走る傾向
202630092908,2026-09-29,8,キタノオンザバス,6.0,5.0,落合玄太,55.0,,6.0,4.0,門別,新冠で新規就農の夢叶(C4),1:16.8,1.0,曇,4.0,6.0,門別,北海道日高管内商工会(C4),1:15.8,0.2,曇,4.0,3.0,門別,サマーセール平取産馬(C4),1:16.3,1.6,晴,2.0,3.0,門別,ハロー!Lexing(C4),1:16.5,0.3,晴,11.0,11.0,1函館2,3歳未勝利,1:48.2,2.7,晴,7.5,3.0,,nar,2026-09-29,56.99,67.7,48.9,59.3,45.5,58.6,55.3,門別実績 / 履歴少
202630092908,2026-09-29,8,キョウエイフレアー,1.0,1.0,若杉朝飛,55.0,,5.0,9.0,門別,宮の沢白い恋人サッカ(C4),1:16.9,3.1,晴,6.0,9.0,門別,JAにいかっぷピーマ(C4),1:16.8,1.9,曇,3.0,12.0,門別,世界へ羽ばたけ!ひだ(C4),1:16.3,0.4,曇,,,門別,3歳以上C4ー2,,,曇,6.0,6.0,門別,3歳以上C4ー2,1:15.9,0.9,晴,144.2,12.0,,nar,2026-09-29,64.99,68.4,80.7,50.2,50.0,66.5,51.5,門別実績 / 前走人気以上 / 人気以上に走る傾向 / 過小評価傾向
202646092908,2026-09-29,8,クレバーキュート,2.0,2.0,青柳正義,57.0,,9.0,8.0,金沢,YJSトライアルラウ(3歳),1:42.1,3.7,雨,1.0,4.0,金沢,だいちくんゆりなさん(3歳),1:33.7,-0.1,曇,2.0,2.0,金沢,能登復興支援狼煙賞(3歳),1:40.7,0.2,晴,2.0,1.0,金沢,3歳B 7,1:41.5,0.1,晴,2.0,2.0,金沢,3歳B 7,1:41.2,0.9,晴,29.8,5.0,,nar,2026-09-29,56.78,77.0,52.1,69.6,6.5,56.9,56.2,金沢実績 / 履歴少 / 安定感 / 市場オッズ妙味
202646092908,2026-09-29,8,グスタフ,5.0,5.0,加藤翔馬,57.0,,10.0,10.0,金沢,YJSトライアルラウ(3歳),1:42.6,4.2,雨,2.0,2.0,金沢,ピンクダイヤモンド特(3歳),0:57.4,1.5,曇,2.0,2.0,金沢,スタールビー特別(3歳),0:57.4,0.2,曇,4.0,8.0,金沢,イエローダイヤモンド(3歳),0:57.7,1.4,晴,7.0,9.0,金沢,3歳B 2,1:36.5,4.2,曇,95.0,7.0,,nar,2026-09-29,54.25,66.1,55.5,59.3,12.5,57.4,57.7,金沢実績 / ダ適性 / 前走人気以上
202643092908,2026-09-29,8,グッドインディード,7.0,5.0,石田拓郎,54.0,,7.0,10.0,川崎,C2一 二,1:33.8,1.3,雨,10.0,10.0,船橋,ユウゼンギクスプリン(C2),1:17.4,2.2,晴,9.0,7.0,船橋,蝉しぐれスプリント(C2),1:18.5,3.4,曇,7.0,5.0,浦和,特選(C2),1:31.2,1.9,曇,9.0,7.0,浦和,花のまち『ふかや』賞(C1),1:38.5,4.5,雨,17.6,9.0,,nar,2026-09-29,42.72,41.2,50.1,0.0,60.5,51.7,46.5,前走人気以上 / 市場オッズ妙味
202648092908,2026-09-29,8,コモモチャン,1.0,1.0,丸山真一,55.0,,2.0,5.0,名古屋,亀崎疾風戦(C),0:58.2,0.1,小雨,7.0,11.0,名古屋,C11組,1:40.5,1.7,曇,11.0,10.0,名古屋,金シャチ最終戦(C),1:40.1,1.9,晴,7.0,9.0,名古屋,C9組,1:40.6,2.5,雨,5.0,8.0,名古屋,C10組,1:40.6,0.5,曇,12.9,9.0,,nar,2026-09-29,62.17,59.5,66.2,40.7,83.0,70.1,49.6,前走人気以上 / 履歴少 / 人気以上に走る傾向 / 近走上向き
202646092908,2026-09-29,8,サバイバルトゥルー,9.0,8.0,栗原大河,55.0,,1.0,1.0,金沢,酒井敏希爆裂誕生記念(3歳9),1:32.2,-2.2,雨,7.0,7.0,金沢,3歳B 4,1:41.6,2.3,晴,8.0,6.0,金沢,だいちくんゆりなさん(3歳),1:36.2,2.5,曇,10.0,12.0,名古屋,夏波賞(3歳),0:59.6,3.2,晴,10.0,10.0,名古屋,3歳4組,1:39.3,4.4,曇,28.1,4.0,,nar,2026-09-29,56.09,59.0,49.3,30.4,96.5,54.7,48.5,履歴少 / 近走上向き / 市場オッズ妙味
202636092908,2026-09-29,8,シノブデスティーノ,6.0,6.0,関本玲花,52.0,,4.0,7.0,水沢,C2,0:51.8,0.6,曇,6.0,7.0,水沢,C2,0:51.8,1.2,雨,10.0,9.0,盛岡,C2,1:01.4,2.1,曇,3.0,9.0,盛岡,C2,1:00.8,1.2,晴,6.0,6.0,盛岡,C1,1:01.7,1.8,曇,41.9,9.0,,nar,2026-09-29,59.3,62.0,62.9,45.0,63.5,62.1,51.2,水沢実績 / 前走人気以上 / 履歴少 / 市場オッズ妙味
202643092908,2026-09-29,8,シュヴァルツナーガ,14.0,8.0,所蛍,54.0,,7.0,8.0,船橋,2026Jockey(C2),1:59.6,0.9,曇,8.0,14.0,船橋,七福神特別(C2),1:46.7,2.8,曇,7.0,9.0,川崎,ラケシス賞(C2),2:16.7,1.5,曇,9.0,8.0,浦和,C2三 四,1:38.4,2.7,曇,4.0,8.0,船橋,かに座特別(C2),1:45.7,0.6,曇,14.7,7.0,,nar,2026-09-29,51.86,50.2,67.2,10.3,50.0,66.4,51.5,クラス条件好転 / 履歴少 / 人気以上に走る傾向 / 過小評価傾向
202630092908,2026-09-29,8,ジョブックボー,4.0,4.0,服部茂史,55.0,,3.0,3.0,門別,松山光プロジェクト賞(C4),1:16.2,0.3,晴,11.0,5.0,1札幌5,3歳未勝利,2:02.6,1.8,曇,4.0,12.0,2福島5,3歳未勝利,1:48.1,0.6,曇,8.0,11.0,2中山8,3歳未勝利,1:35.1,1.4,晴,,,,,,,,3.5,1.0,,nar,2026-09-29,57.9,57.9,54.1,50.2,78.0,59.4,50.0,前走人気以上 / 近走上向き
202648092908,2026-09-29,8,ジーティーネージュ,4.0,4.0,山田祥雄,55.0,,10.0,10.0,名古屋,壮太郎6歳お誕生日お(C),1:39.7,2.8,雨,7.0,6.0,名古屋,C9組,1:40.0,0.9,雨,3.0,11.0,名古屋,金シャチ最終戦(C),1:38.4,0.2,晴,5.0,7.0,名古屋,名古屋モーニングフィ(C),1:39.7,1.4,晴,5.0,4.0,名古屋,C9組,1:39.9,0.7,小雨,8.7,5.0,,nar,2026-09-29,52.02,55.0,60.6,44.7,20.0,64.4,52.9,名古屋実績 / 履歴少
202630092908,2026-09-29,8,スーパーパーリー,10.0,7.0,金山昇馬,57.0,,6.0,5.0,門別,宮の沢白い恋人サッカ(C4),1:16.9,3.1,晴,7.0,3.0,門別,新冠で新規就農の夢叶(C4),1:17.0,1.2,曇,2.0,3.0,門別,北海道日高管内商工会(C4),1:15.6,0.0,曇,2.0,7.0,門別,平取町軽種馬生産振興(C4),1:15.5,0.4,晴,3.0,3.0,門別,3歳以上C4ー2,1:16.4,0.7,曇,41.4,10.0,,nar,2026-09-29,54.21,71.5,47.4,44.7,35.0,56.9,52.9,門別実績 / 履歴少 / 市場オッズ妙味
202643092908,2026-09-29,8,セクシーウィドー,11.0,7.0,山本大翔,54.0,,8.0,9.0,川崎,C2一 二,1:33.6,2.4,晴,13.0,11.0,川崎,デギュスタシオン賞(C2),1:40.3,3.0,晴,7.0,6.0,川崎,アルテミス賞(C2),2:19.7,3.3,曇,3.0,5.0,川崎,ソルスティツィオ賞(C2),1:38.9,0.8,晴,9.0,7.0,浦和,ラベンダー特別(C2),1:32.4,3.5,曇,21.9,12.0,,nar,2026-09-29,42.43,40.6,47.9,14.6,50.0,49.6,48.8,履歴少
202643092908,2026-09-29,8,セレニティ,9.0,6.0,中山遥人,54.0,,6.0,7.0,船橋,ユウゼンギクスプリン(C2),1:16.6,1.4,晴,4.0,6.0,船橋,疾風迅雷スプリント(C2),1:16.8,1.4,晴,8.0,8.0,船橋,かんむり座スプリント(C2),1:18.1,2.4,晴,9.0,9.0,船橋,ふたご座スプリント(C2),1:17.9,2.2,雨,5.0,8.0,浦和,福笑い特別(C2),1:38.3,0.8,晴,23.0,13.0,,nar,2026-09-29,53.37,58.2,57.8,35.3,53.0,56.5,47.1,履歴少
202648092908,2026-09-29,8,タクティカ,12.0,8.0,小笠原羚,52.0,,10.0,10.0,名古屋,亀崎疾風戦(C),0:59.3,1.2,小雨,5.0,9.0,名古屋,C11組,1:40.2,1.4,曇,6.0,10.0,名古屋,C11組,1:39.8,0.5,晴,10.0,3.0,名古屋,金シャチ最終戦777(C),1:41.0,2.0,小雨,9.0,9.0,名古屋,C8組,1:39.4,2.3,小雨,8.3,4.0,,nar,2026-09-29,45.4,45.1,55.4,24.9,35.0,54.7,46.3,履歴少
202636092908,2026-09-29,8,ターントゥベスト,9.0,8.0,村上忍,54.0,,11.0,11.0,水沢,C1,1:33.1,3.4,小雨,9.0,6.0,盛岡,C2一組,1:27.6,1.2,晴,1.0,2.0,盛岡,C2二組,1:28.1,0.0,曇,1.0,4.0,盛岡,C2五組,1:27.4,-0.6,晴,5.0,1.0,盛岡,C2五組,1:28.9,1.2,曇,33.9,8.0,,nar,2026-09-29,45.72,56.4,46.3,44.7,8.0,54.3,48.8,履歴少 / 市場オッズ妙味
202630092908,2026-09-29,8,チャンピオンロード,11.0,8.0,阿部龍,57.0,,13.0,12.0,3中京3,3歳以上1勝クラス,1:34.4,2.3,雨,9.0,3.0,2中京7,3歳未勝利,1:21.1,1.3,曇,,,,,,,,,,,,,,,,,,,,,,8.9,4.0,,nar,2026-09-29,32.76,28.1,33.0,18.0,32.3,43.3,48.8,履歴少 / サンプル少
202643092908,2026-09-29,8,テリオスボス,13.0,8.0,上里直汰,56.0,,3.0,9.0,船橋,C2二 三四 ア(C2三),1:38.3,0.8,晴,10.0,8.0,船橋,C2二 三,1:40.3,2.0,曇,9.0,7.0,浦和,C2六,1:38.4,1.5,曇,2.0,3.0,船橋,C2四 五,1:39.7,0.5,曇,3.0,6.0,船橋,C2四 五六 ア(C2五),1:40.2,1.0,曇,8.7,5.0,,nar,2026-09-29,60.64,61.7,59.7,55.3,68.0,63.1,54.0,船橋実績 / 前走人気以上 / 近走上向き
202630092908,2026-09-29,8,ディアデムドール,5.0,5.0,小野楓馬,55.0,,4.0,6.0,門別,松山光プロジェクト賞(C4),1:16.5,0.6,晴,10.0,2.0,門別,新冠で新規就農の夢叶(C4),1:17.4,1.6,曇,12.0,13.0,2中京4,3歳未勝利,1:14.8,1.8,晴,5.0,9.0,2小倉7,3歳未勝利,0:59.1,0.8,曇,11.0,9.0,3京都10,3歳未勝利,1:57.5,3.1,晴,14.6,9.0,,nar,2026-09-29,51.45,44.4,44.3,45.0,83.0,56.2,51.5,門別実績 / 前走人気以上 / 近走上向き / 市場オッズ妙味
202630092908,2026-09-29,8,デルマハルナ,8.0,6.0,桑村真明,55.0,,6.0,1.0,門別,3歳以上C4ー2,1:03.4,0.6,晴,12.0,12.0,1札幌7,3歳未勝利,1:01.8,2.4,晴,3.0,8.0,1函館12,3歳未勝利,0:59.5,0.8,小雨,9.0,12.0,1函館8,3歳未勝利,1:01.0,1.4,曇,15.0,14.0,1函館1,3歳未勝利,1:11.5,3.0,雨,11.1,8.0,,nar,2026-09-29,48.33,43.1,48.6,19.8,72.5,56.9,55.7,函館実績 / 前走人気以上 / 近走上向き
202646092908,2026-09-29,8,トップキング,8.0,8.0,魚住謙心,57.0,,11.0,6.0,金沢,運命のエキスパートは(C2),1:36.6,3.8,曇,8.0,8.0,金沢,今日は防災の日特別(C2),1:42.7,2.1,晴,6.0,4.0,金沢,能登復興支援能登ヒバ(C2),1:35.4,2.5,晴,2.0,4.0,金沢,C26,1:35.3,0.7,晴,6.0,10.0,金沢,C27,1:35.6,1.6,晴,191.2,8.0,,nar,2026-09-29,39.4,48.5,41.5,14.6,17.0,50.9,49.3,クラス条件好転 / 履歴少
202630092908,2026-09-29,8,トーレス,3.0,3.0,石川倭,57.0,,12.0,15.0,1札幌8,3歳未勝利,2:02.9,2.5,晴,9.0,14.0,1函館12,3歳未勝利,1:46.6,2.1,小雨,8.0,12.0,1函館5,3歳未勝利,1:45.5,2.4,晴,8.0,12.0,1函館1,3歳未勝利,1:46.7,3.2,晴,6.0,10.0,2阪神1,3歳未勝利,1:56.6,3.3,晴,4.6,2.0,,nar,2026-09-29,45.13,33.9,77.6,0.0,24.5,64.7,50.0,前走人気以上 / 人気以上に走る傾向
202646092908,2026-09-29,8,ナムラダリウス,7.0,7.0,甲賀弘隆,57.0,,10.0,7.0,金沢,運命のエキスパートは(C2),1:36.5,3.7,曇,2.0,5.0,金沢,江川小林ウエディング(C2),1:35.5,1.4,晴,6.0,9.0,金沢,祝!健二郎還暦おめで(C2),1:35.6,2.0,晴,6.0,9.0,金沢,琴音ちゃん20歳おめ(C2),1:37.4,2.8,曇,8.0,9.0,金沢,C26,1:38.5,3.9,晴,222.7,9.0,,nar,2026-09-29,47.86,56.6,56.8,24.9,23.0,57.2,46.3,履歴少
202643092908,2026-09-29,8,ニシノシャイニング,8.0,5.0,椿聡太,56.0,,6.0,13.0,船橋,2026Jockey(C2),1:59.5,0.8,曇,8.0,9.0,船橋,夏茜特別(C2),2:02.1,3.0,曇,8.0,11.0,浦和,夏帽子特別(C2),2:13.1,2.0,曇,8.0,6.0,船橋,2026Jockey(C2),2:02.5,1.7,曇,8.0,8.0,川崎,ティール賞(C2),2:16.7,1.6,晴,37.3,14.0,,nar,2026-09-29,50.49,48.9,68.7,0.0,62.0,57.4,48.3,クラス条件好転 / 前走人気以上 / 人気以上に走る傾向
202636092908,2026-09-29,8,ノースプリマ,8.0,7.0,山本聡紀,54.0,,5.0,1.0,水沢,C1一組,1:44.4,1.4,曇,6.0,5.0,盛岡,ハヤテ特別(OP),1:12.7,1.7,曇,3.0,8.0,盛岡,納涼特別(A),1:40.1,0.6,曇,9.0,9.0,盛岡,スプリント特別(OP),1:00.2,1.6,晴,6.0,9.0,盛岡,ハヤテ特別(OP),1:25.5,0.3,曇,9.6,5.0,,nar,2026-09-29,56.08,63.7,48.8,50.2,56.0,61.6,51.8,クラス条件好転 / 履歴少
202636092908,2026-09-29,8,ハイプボーイ,7.0,7.0,大坪慎,56.0,,3.0,3.0,水沢,C1,0:51.2,0.3,小雨,4.0,5.0,盛岡,C1,1:13.0,0.1,曇,4.0,5.0,盛岡,C1,1:00.4,0.8,晴,3.0,4.0,盛岡,C1,1:12.6,0.1,曇,11.0,3.0,盛岡,C1,1:00.8,1.2,曇,12.7,6.0,,nar,2026-09-29,63.89,73.8,48.4,89.7,65.0,57.6,50.0,近走上向き / 安定感 / 市場オッズ妙味
202646092908,2026-09-29,8,バランソワール,4.0,4.0,吉原寛人,55.0,,7.0,6.0,金沢,YJSトライアルラウ(3歳),1:40.9,2.5,雨,5.0,2.0,金沢,3歳A 4,1:34.1,1.1,曇,11.0,7.0,2福島7,3歳未勝利,1:10.1,0.9,曇,8.0,3.0,1福島6,3歳未勝利,1:09.7,0.5,晴,7.0,3.0,1小倉6,3歳未勝利,1:09.6,0.7,曇,12.6,3.0,,nar,2026-09-29,41.38,48.5,29.1,24.9,54.5,43.8,51.5,金沢実績 / 市場オッズ妙味
202643092908,2026-09-29,8,ファイヤーボール,5.0,4.0,土田真翔,56.0,,13.0,5.0,川崎,ペルセポネ賞(C2C3),2:22.3,4.6,雨,6.0,2.0,川崎,令和8年熊本地震被災(C2C3),2:16.7,1.7,晴,6.0,3.0,川崎,ラケシス賞(C2),2:16.5,1.3,曇,13.0,10.0,川崎,猛虎特別(C1),2:21.7,5.6,晴,2.0,5.0,川崎,アトロポス賞(C2C3),2:17.1,0.6,晴,15.2,8.0,,nar,2026-09-29,29.46,38.1,21.0,10.3,12.5,43.8,48.8,履歴少 / 市場オッズ妙味
202648092908,2026-09-29,8,フェイントライト,6.0,5.0,木之前葵,53.0,,10.0,3.0,名古屋,C8組,1:41.1,1.9,雨,6.0,6.0,名古屋,C10組,1:40.4,1.5,曇,3.0,3.0,名古屋,C11組,1:39.4,0.1,晴,7.0,2.0,名古屋,金シャチ最終戦777(C),1:40.6,1.6,小雨,6.0,10.0,名古屋,C9組,1:40.9,2.3,晴,9.8,6.0,,nar,2026-09-29,40.02,53.8,32.9,19.8,23.0,52.1,46.3,履歴少
202648092908,2026-09-29,8,フクチャンフクメイ,11.0,8.0,尾崎章生,55.0,,6.0,5.0,名古屋,C8組,1:40.4,1.2,雨,8.0,8.0,名古屋,C9組,1:40.3,1.2,雨,6.0,8.0,名古屋,金シャチ最終戦(C),1:38.8,0.6,晴,4.0,6.0,名古屋,名古屋モーニングフィ(C),1:39.2,0.9,晴,8.0,2.0,名古屋,金シャチ最終戦777(C),1:39.0,0.8,雨,10.7,8.0,,nar,2026-09-29,48.22,56.7,48.3,14.6,53.0,57.2,46.3,履歴少
202648092908,2026-09-29,8,ブリリアントギフト,5.0,5.0,望月洵輝,55.0,,6.0,8.0,名古屋,壮太郎6歳お誕生日お(C),1:39.1,2.2,雨,8.0,8.0,名古屋,C9組,1:38.7,1.1,晴,6.0,7.0,名古屋,C7組,1:39.6,1.5,晴,8.0,4.0,名古屋,咲来、弥憂、お誕生日(C),1:39.9,1.7,晴,10.0,6.0,名古屋,金シャチ最終戦777(C),1:38.9,1.5,曇,5.5,1.0,,nar,2026-09-29,44.91,50.4,48.7,0.0,62.0,52.2,43.8,履歴少
202630092908,2026-09-29,8,ベラジオケンシロウ,9.0,7.0,亀井洋司,57.0,,7.0,6.0,門別,ウポポイオータムスプ(重賞),1:17.1,4.4,晴,9.0,12.0,門別,新冠で新規就農の夢叶(C4),1:17.3,1.5,曇,8.0,10.0,門別,北海道日高管内商工会(C4),1:16.3,0.7,曇,9.0,9.0,門別,平取町軽種馬生産振興(C4),1:17.0,1.9,晴,6.0,6.0,門別,ハロー!Lexing(C4),1:17.6,1.4,晴,96.0,11.0,,nar,2026-09-29,44.67,44.9,55.9,0.0,56.0,54.2,43.8,履歴少
202643092908,2026-09-29,8,ボニファシオ,10.0,6.0,水沼元輝,56.0,,9.0,5.0,船橋,2026Jockey(C2),1:59.8,1.1,曇,1.0,5.0,船橋,2026Jockey(C3),2:01.0,-0.1,曇,7.0,11.0,船橋,2026Jockey(C2),2:02.3,1.5,曇,11.0,11.0,船橋,ジョッキーズチャンピ(C2),2:01.1,2.8,曇,7.0,11.0,船橋,C2五 六,1:39.2,1.1,曇,6.2,2.0,,nar,2026-09-29,49.26,54.4,56.9,24.9,35.0,61.0,46.3,履歴少
202636092908,2026-09-29,8,マコトダイトウレン,2.0,2.0,山本政聡,54.0,,5.0,4.0,盛岡,いわて北緯40度岩手(B2),1:00.6,0.7,晴,6.0,2.0,盛岡,B2,1:13.3,0.7,小雨,3.0,1.0,盛岡,B2,1:12.6,0.2,晴,3.0,1.0,水沢,B2,0:51.6,0.3,曇,2.0,3.0,水沢,B2,0:52.3,0.2,晴,5.3,2.0,,nar,2026-09-29,56.69,74.0,36.8,75.1,41.0,51.9,59.5,水沢実績 / 履歴少 / 安定感
202636092908,2026-09-29,8,メイショウミザオ,4.0,4.0,塚本涼人,56.0,,2.0,1.0,水沢,C1,0:51.0,0.1,小雨,6.0,3.0,盛岡,C1,1:00.8,0.8,曇,8.0,11.0,盛岡,C1,1:00.6,1.0,曇,5.0,6.0,水沢,C1,0:50.7,0.1,小雨,1.0,1.0,水沢,C1,0:50.5,-0.2,曇,5.3,3.0,,nar,2026-09-29,60.03,71.9,47.8,55.3,68.0,57.1,56.4,水沢実績 / 前走人気以上 / 近走上向き
202648092908,2026-09-29,8,メイショウミスイチ,9.0,7.0,細川智史,55.0,,7.0,7.0,名古屋,C8組,1:40.4,1.2,雨,1.0,9.0,名古屋,C13組,1:39.5,0.0,曇,10.0,8.0,名古屋,C13組,1:41.1,3.4,晴,7.0,4.0,名古屋,C10組,1:41.1,1.9,雨,8.0,6.0,名古屋,C11組,1:41.5,3.0,曇,6.0,2.0,,nar,2026-09-29,51.1,58.4,56.7,24.9,47.0,56.4,46.3,履歴少
202630092908,2026-09-29,8,ヤマヤロード,12.0,8.0,松井伸也,55.0,,11.0,11.0,2札幌4,3歳以上1勝クラス,1:50.8,4.5,晴,12.0,13.0,1札幌7,3歳未勝利,1:31.5,2.5,晴,5.0,8.0,名古屋,名古屋CCピーチ賞(3歳),1:36.8,1.0,晴,12.0,13.0,2阪神8,3歳未勝利,2:02.3,1.2,晴,16.0,13.0,5中山5,2歳未勝利,1:59.5,4.9,小雨,10.5,7.0,,nar,2026-09-29,40.91,24.3,54.7,19.8,51.5,53.9,48.8,履歴少
202630092908,2026-09-29,8,ラストシャイニー,2.0,2.0,宮内勇樹,55.0,,2.0,8.0,門別,松山光プロジェクト賞(C4),1:16.0,0.1,晴,5.0,8.0,門別,JAにいかっぷピーマ(C4),1:16.7,1.8,曇,11.0,1.0,門別,世界へ羽ばたけ!ひだ(C4),1:19.3,3.4,曇,9.0,8.0,1札幌2,3歳未勝利,1:49.5,3.5,晴,14.0,11.0,1函館8,3歳未勝利,1:09.8,1.0,曇,9.3,5.0,,nar,2026-09-29,58.79,54.1,51.0,55.3,96.5,56.2,53.1,門別実績 / 前走人気以上 / 近走上向き
202648092908,2026-09-29,8,ラスブリサス,8.0,6.0,加藤利征,57.0,,12.0,3.0,名古屋,C10組,1:42.1,3.2,曇,9.0,3.0,名古屋,金シャチ最終戦777(C),1:40.2,2.5,晴,2.0,1.0,名古屋,C10組,1:38.7,0.1,晴,5.0,6.0,名古屋,C18組,1:38.9,0.8,晴,5.0,2.0,名古屋,C16組,1:38.5,1.3,曇,6.9,3.0,,nar,2026-09-29,35.49,47.7,17.9,44.7,9.5,43.2,52.9,名古屋実績 / 履歴少
202636092908,2026-09-29,8,レーニス,10.0,8.0,菅原辰徳,54.0,,9.0,9.0,水沢,C1,0:52.2,1.3,小雨,8.0,4.0,盛岡,いつでもどこでも!楽(C1),1:15.1,1.1,曇,6.0,1.0,盛岡,C1,1:01.0,1.7,曇,2.0,4.0,盛岡,C1,1:14.7,0.2,晴,10.0,10.0,佐賀,JRA交流霧島賞(重賞),1:32.5,3.8,曇,88.7,10.0,,nar,2026-09-29,40.86,50.1,38.1,14.6,35.0,48.1,50.0,総合評価
202636092908,2026-09-29,8,ロードトワイライト,1.0,1.0,佐々木志,56.0,,1.0,4.0,水沢,C1,0:50.9,-0.1,小雨,5.0,8.0,盛岡,C1,1:13.4,0.3,曇,6.0,4.0,盛岡,C1,1:00.6,1.0,晴,1.0,6.0,盛岡,C1,1:00.0,0.0,曇,7.0,9.0,盛岡,C1,1:14.5,1.7,晴,6.5,4.0,,nar,2026-09-29,68.94,79.2,65.4,69.9,72.5,65.1,48.8,前走人気以上 / 履歴少 / 人気以上に走る傾向 / 近走上向き
202643092908,2026-09-29,8,ヴァッツマン,4.0,3.0,杉山海波,56.0,,3.0,4.0,川崎,ペルセポネ賞(C2C3),2:18.3,0.6,雨,2.0,5.0,川崎,令和8年熊本地震被災(C2C3),2:15.5,0.5,晴,3.0,4.0,川崎,クロート賞(C2C3),2:16.4,1.1,曇,6.0,7.0,川崎,キャビア賞(C2),1:38.9,1.4,曇,4.0,6.0,川崎,ソルスティツィオ賞(C2),1:39.2,1.1,晴,4.4,1.0,,nar,2026-09-29,67.83,81.7,61.2,85.4,54.5,61.5,48.8,履歴少 / 安定感
202646092908,2026-09-29,8,ヴァルトバーデン,3.0,3.0,田知弘久,57.0,,5.0,5.0,金沢,運命のエキスパートは(C2),1:34.9,2.1,曇,6.0,4.0,金沢,今日は防災の日特別(C2),1:41.7,1.1,晴,9.0,1.0,金沢,琴音ちゃん20歳おめ(C2),1:41.3,6.7,曇,1.0,1.0,金沢,能登復興支援能登金剛(C2),1:41.6,-1.7,曇,3.0,3.0,金沢,C29,1:41.7,2.8,晴,50.4,6.0,,nar,2026-09-29,51.61,66.0,35.4,55.3,48.5,47.0,55.9,金沢実績 / クラス条件好転 / 履歴少
202630092909,2026-09-29,9,アイガイッパイ,5.0,5.0,宮内勇樹,55.0,,1.0,1.0,門別,3歳以上C3ー2C4,1:01.8,0.0,晴,4.0,6.0,門別,キレートレモンMUK(C3),1:01.6,0.0,曇,3.0,3.0,門別,3歳以上C3ー2C4,1:02.2,0.5,晴,4.0,3.0,門別,優駿の里安平町アサヒ(C3),1:02.3,0.4,曇,4.0,4.0,門別,3歳以上C3ー2C4,1:02.6,0.5,曇,14.6,5.0,,nar,2026-09-29,70.97,84.9,52.5,100.0,66.5,62.1,59.5,門別実績 / 履歴少 / 近走上向き / 安定感
202636092909,2026-09-29,9,アイスボウル,8.0,6.0,関本玲花,54.0,,3.0,6.0,水沢,C1二組,1:42.6,0.7,小雨,6.0,6.0,盛岡,C1,1:26.6,1.3,小雨,4.0,5.0,盛岡,御所湖賞(C1),1:26.5,0.4,曇,2.0,4.0,盛岡,C1,1:26.5,0.1,晴,2.0,7.0,盛岡,幽玄洞賞(C1),1:27.1,0.2,曇,7.1,3.0,,nar,2026-09-29,66.72,78.4,63.4,75.1,53.0,65.5,50.0,前走人気以上 / 安定感 / 過小評価傾向
202646092909,2026-09-29,9,アクイローネ,2.0,2.0,吉田晃浩,57.0,,5.0,1.0,金沢,お家でネット投票!楽(A2),1:32.1,0.8,晴,1.0,1.0,金沢,金沢競馬B1プレミア,1:31.7,-0.3,晴,1.0,1.0,金沢,B22,1:31.7,-0.1,晴,12.0,12.0,1新潟5,4歳以上1勝クラス,1:23.0,1.1,晴,15.0,18.0,1小倉12,唐戸特別(1勝クラス),2:03.5,0.7,晴,2.5,1.0,,nar,2026-09-29,59.3,67.1,43.7,75.1,63.5,53.2,59.5,金沢実績 / 履歴少 / 安定感
202646092909,2026-09-29,9,アスターディンブラ,3.0,3.0,柴田勇真,57.0,,8.0,9.0,金沢,金沢競馬は楽天競馬で(B1),1:32.4,1.8,雨,5.0,3.0,金沢,能登復興支援増穂浦特(B1),1:32.5,1.2,曇,8.0,8.0,金沢,お家でネット投票!楽(A2),1:33.6,2.0,曇,3.0,6.0,金沢,高橋家&西村家★結婚(B1特別),1:39.1,0.3,曇,8.0,7.0,金沢,お家でネット投票!楽(A2),1:33.8,1.7,晴,96.0,11.0,,nar,2026-09-29,49.67,55.8,51.0,39.5,38.0,53.3,50.5,総合評価
202636092909,2026-09-29,9,アビレ,11.0,8.0,山本聡紀,54.0,,3.0,6.0,盛岡,C1,1:13.3,0.2,曇,3.0,5.0,盛岡,タブの大島賞(C1),1:00.2,1.2,晴,3.0,4.0,盛岡,C1,1:13.7,0.1,晴,5.0,2.0,盛岡,C2,1:01.6,0.9,曇,1.0,4.0,盛岡,C2,1:00.0,-0.1,小雨,9.5,4.0,,nar,2026-09-29,69.58,83.3,60.4,100.0,50.0,63.5,48.8,前走人気以上 / 履歴少 / 安定感
202643092909,2026-09-29,9,イサチルクイーン,3.0,3.0,Ｆ．ゴン,54.0,,10.0,3.0,4中山2,3歳未勝利,1:55.1,2.1,雨,4.0,5.0,2新潟8,3歳未勝利,1:55.8,1.1,晴,5.0,1.0,1中山7,3歳未勝利,1:58.8,1.4,晴,2.0,2.0,1中山2,3歳未勝利,1:57.2,0.6,晴,3.0,7.0,5中山1,2歳未勝利,1:56.6,0.2,晴,12.8,7.0,,nar,2026-09-29,48.37,63.0,34.2,69.6,11.0,57.0,48.8,履歴少 / 安定感 / 市場オッズ妙味
202648092909,2026-09-29,9,イノセンス,3.0,3.0,望月洵輝,55.0,,9.0,9.0,名古屋,アルフェラッツ大空特(B),2:16.8,4.9,曇,12.0,10.0,名古屋,はくちょう座特別(B),1:52.8,3.7,晴,5.0,8.0,名古屋,ヴァルデナ特別(B),1:52.1,0.8,小雨,7.0,7.0,名古屋,ラス・アルハゲ特別(B),1:37.6,1.0,曇,4.0,3.0,名古屋,レサト賞(B),1:31.2,0.4,晴,19.5,5.0,,nar,2026-09-29,45.17,42.8,49.9,30.1,38.0,55.5,52.6,クラス条件好転 / 履歴少 / 市場オッズ妙味
202646092909,2026-09-29,9,イモータルソウル,5.0,5.0,沖静男,57.0,,1.0,3.0,金沢,やりめん七年目記念杯(B1),1:37.6,-1.1,曇,2.0,1.0,金沢,能登復興支援機具岩賞(B1),1:39.4,0.0,晴,3.0,4.0,金沢,能登復興支援皆月海岸(B1),1:32.5,0.6,曇,2.0,9.0,金沢,高橋家&西村家★結婚(B1特別),1:38.9,0.1,曇,4.0,6.0,金沢,七尾港まつり特別(B2),1:33.1,0.6,晴,7.3,5.0,,nar,2026-09-29,74.93,91.2,62.5,100.0,60.5,65.6,59.5,金沢実績 / 履歴少 / 安定感 / 過小評価傾向
202643092909,2026-09-29,9,エーヴベリー,2.0,2.0,七夕裕次,55.0,,10.0,10.0,浦和,月見特別(B2B3),2:13.3,4.0,晴,9.0,11.0,浦和,武甲山特別(B2B3),2:11.1,4.3,雨,10.0,9.0,船橋,麦秋特別(B2B3),1:46.2,3.3,曇,7.0,10.0,浦和,水芭蕉特別(B2B3),2:12.9,2.3,晴,7.0,11.0,川崎,第39回開成町阿波お(B2B3),2:14.8,1.5,晴,422.9,12.0,,nar,2026-09-29,41.48,36.0,58.1,0.0,39.5,56.1,48.8,履歴少
202643092909,2026-09-29,9,カイトキング,11.0,8.0,福原杏,57.0,,8.0,7.0,浦和,月見特別(B2B3),2:12.4,3.1,晴,9.0,7.0,浦和,納涼特別(B2B3),1:37.7,2.9,曇,5.0,8.0,浦和,相月特別(B2B3),1:36.1,1.2,曇,8.0,6.0,浦和,鎌北湖特別(B2),1:34.8,1.6,雨,2.0,4.0,浦和,ありがとう!またね!(B2B3),1:37.1,0.7,晴,42.3,10.0,,nar,2026-09-29,46.69,51.7,47.9,30.1,38.0,54.7,48.8,履歴少 / 市場オッズ妙味
202636092909,2026-09-29,9,キャッスルバジオウ,2.0,2.0,大坪慎,56.0,,8.0,8.0,水沢,C1一組,1:44.7,1.7,曇,2.0,5.0,盛岡,C2四組,1:14.0,0.8,曇,2.0,6.0,高知,ファイナルレース(C3),1:35.2,0.3,晴,6.0,7.0,高知,C3ー7,1:51.8,5.2,晴,7.0,8.0,高知,C3ー10,1:51.9,3.4,雨,58.1,10.0,,nar,2026-09-29,56.18,68.6,62.5,44.7,27.5,59.4,50.0,総合評価
202643092909,2026-09-29,9,クレシューズ,4.0,4.0,笠野雄大,57.0,,10.0,4.0,川崎,第39回開成町阿波お(B2B3),2:15.4,2.1,晴,2.0,3.0,川崎,プロキオン賞(B2B3),2:15.4,0.6,曇,5.0,6.0,船橋,フレンドリービット特(B2B3),1:58.5,1.7,雨,3.0,3.0,船橋,アケビ特別(B2B3),1:44.7,0.4,晴,5.0,5.0,船橋,冬夏青青特別(B2B3),1:59.0,1.6,晴,60.5,11.0,,nar,2026-09-29,50.58,64.2,40.4,69.6,12.5,50.9,59.5,船橋実績 / 履歴少 / 安定感
202636092909,2026-09-29,9,クレナイノヒメ,6.0,5.0,佐々木志,54.0,,11.0,10.0,水沢,C1二組,1:46.8,4.9,小雨,5.0,4.0,盛岡,C2四組,1:14.4,1.2,曇,6.0,4.0,盛岡,C2三組,1:28.2,2.7,曇,5.0,7.0,盛岡,C2二組,1:27.8,0.9,晴,2.0,4.0,盛岡,C2三組,1:28.3,1.7,曇,135.9,12.0,,nar,2026-09-29,46.12,54.3,46.9,49.8,11.0,53.5,48.8,履歴少
202630092909,2026-09-29,9,グッドヴァイブス,8.0,7.0,岩橋勇二,57.0,,4.0,1.0,門別,グランシャリオドリー(B4),1:01.7,0.1,晴,13.0,12.0,2新潟3,3歳以上1勝クラス,1:14.5,2.4,曇,7.0,9.0,1福島4,4歳以上1勝クラス,1:09.2,0.8,晴,8.0,6.0,1福島1,4歳以上1勝クラス,1:10.6,1.6,晴,10.0,6.0,1小倉6,4歳以上1勝クラス,1:01.0,1.3,曇,1.9,1.0,,nar,2026-09-29,46.69,43.7,39.7,30.4,83.0,46.0,48.8,履歴少 / 近走上向き
202643092909,2026-09-29,9,コスモフレディ,12.0,8.0,丹内祐次,57.0,,8.0,10.0,1新潟1,4歳以上1勝クラス,1:56.8,1.6,晴,4.0,4.0,大井,アーバンステージ卯月(B2B3),1:57.2,1.0,晴,3.0,5.0,船橋,フレンドリービット特(B2B3),1:57.8,1.0,雨,8.0,10.0,1小倉5,4歳以上1勝クラス,1:46.4,1.2,曇,7.0,9.0,1中山9,4歳以上1勝クラス,1:56.7,1.4,晴,6.8,4.0,,nar,2026-09-29,54.83,60.7,60.5,44.7,35.0,63.4,48.8,履歴少
202648092909,2026-09-29,9,コスモベルツリー,5.0,5.0,大原浩司,55.0,,2.0,3.0,名古屋,B3組,1:36.3,0.0,雨,5.0,4.0,名古屋,シャウラ疾風特別(B),0:56.6,1.1,曇,3.0,3.0,名古屋,B3組,1:35.6,0.8,晴,4.0,6.0,名古屋,ザニア賞(B),1:36.1,1.4,曇,2.0,3.0,名古屋,B6組,1:37.0,0.2,小雨,4.1,2.0,,nar,2026-09-29,69.19,82.1,53.1,100.0,59.0,58.0,62.5,名古屋実績 / クラス条件好転 / 履歴少 / 安定感
202648092909,2026-09-29,9,ゴラッソゴール,7.0,7.0,加藤利征,57.0,,9.0,10.0,名古屋,アルマシェリブ特別(B),1:53.1,2.6,雨,4.0,9.0,名古屋,ミラク特別(B),1:53.5,1.8,曇,11.0,10.0,名古屋,デネブ特別(B),1:38.2,2.6,晴,10.0,11.0,名古屋,ヴァルデナ特別(B),1:54.5,3.2,小雨,3.0,8.0,名古屋,ラス・アルハゲ特別(B),1:37.1,0.5,曇,96.6,10.0,,nar,2026-09-29,50.4,46.6,64.1,35.3,38.0,58.7,49.6,履歴少
202646092909,2026-09-29,9,サクラサルーテ,9.0,7.0,青柳正義,55.0,,7.0,6.0,金沢,金沢競馬は楽天競馬で(B1),1:32.2,1.6,雨,3.0,2.0,金沢,能登復興支援増穂浦特(B1),1:31.7,0.4,曇,6.0,3.0,金沢,お家でネット投票!楽(A2),1:33.0,1.4,曇,9.0,7.0,金沢,金沢競馬B1プレミア,1:32.8,1.1,晴,1.0,1.0,金沢,B12,1:32.0,-0.6,晴,22.4,6.0,,nar,2026-09-29,48.15,64.2,39.9,35.3,36.5,50.2,49.6,履歴少 / 市場オッズ妙味
202646092909,2026-09-29,9,ジャックオレンジ,4.0,4.0,吉原寛人,57.0,,4.0,7.0,川崎,明鏡止水賞(A2B1),0:55.0,0.4,曇,3.0,4.0,船橋,新涼スプリント(A2B1),1:14.8,0.3,曇,6.0,8.0,船橋,馬い!八肥の会グリー(A2B1),1:14.7,0.6,晴,10.0,10.0,船橋,千葉日報賞スプリント(OP)(4上),1:15.0,1.8,曇,4.0,4.0,金沢,金沢スプリントC(重賞),1:28.5,1.7,雨,3.8,2.0,,nar,2026-09-29,61.96,67.8,60.9,65.7,60.5,59.6,48.8,前走人気以上 / 履歴少 / 安定感
202648092909,2026-09-29,9,スターインパクト,10.0,8.0,加藤誓二,57.0,,,,名古屋,アルフェラッツ大空特(B),,,曇,7.0,11.0,名古屋,デネブ特別(B),1:37.0,1.4,晴,8.0,10.0,名古屋,夏の大三角特別(B),1:37.1,1.0,小雨,11.0,10.0,名古屋,へびつかい座特別(B),1:53.0,2.2,曇,8.0,7.0,名古屋,星合特別(B),1:37.5,2.2,小雨,61.3,9.0,,nar,2026-09-29,45.87,41.8,61.5,0.0,62.0,54.2,43.8,履歴少
202630092909,2026-09-29,9,スティルアローン,4.0,4.0,石川倭,57.0,,5.0,3.0,門別,グランシャリオドリー(B4),1:02.2,0.6,晴,7.0,5.0,門別,うまどしひだか202(B4),1:02.3,0.8,曇,3.0,1.0,門別,JAびらとりニシパの(B4),1:01.9,0.4,晴,5.0,9.0,門別,第54回アポイの火祭(B4),1:14.9,0.9,曇,7.0,6.0,門別,キングサリ特別(B4),1:16.1,2.4,晴,6.5,4.0,,nar,2026-09-29,55.89,65.5,42.9,64.7,53.0,56.0,52.9,門別実績 / 履歴少 / 安定感
202630092909,2026-09-29,9,セイランマクフィ,9.0,8.0,落合玄太,55.0,,4.0,2.0,門別,ポッカレモン100特(B4),1:02.1,0.4,晴,4.0,3.0,門別,うまどしひだか202(B4),1:02.1,0.6,曇,6.0,1.0,門別,グランシャリオドリー(B4),1:02.7,1.0,晴,1.0,3.0,門別,3歳以上C3ー2C4,1:01.5,-0.6,曇,1.0,1.0,門別,3歳以上C4ー2,1:01.4,-1.0,晴,4.5,2.0,,nar,2026-09-29,59.34,78.8,39.1,80.2,44.0,52.5,56.2,門別実績 / 履歴少 / 安定感
202643092909,2026-09-29,9,セレクティオ,8.0,6.0,笹川翼,57.0,,7.0,4.0,船橋,威風堂々特別(B2B3),1:44.0,1.4,晴,5.0,6.0,船橋,麦秋特別(B2B3),1:44.5,1.6,曇,10.0,2.0,船橋,新緑特別(B2B3),2:30.5,4.6,小雨,2.0,1.0,浦和,夜桜特別(B2B3),2:11.6,1.0,晴,9.0,1.0,船橋,フレンドリービット特(B2B3),2:01.7,4.9,雨,17.3,8.0,,nar,2026-09-29,43.95,55.4,27.5,39.5,47.0,48.2,47.1,履歴少 / 市場オッズ妙味
202643092909,2026-09-29,9,タイセイデクスター,7.0,6.0,佐藤翔馬,54.0,,3.0,12.0,1函館11,3歳以上1勝クラス,1:45.8,0.5,小雨,3.0,10.0,川崎,ジューンスター賞(B2B3),1:36.2,0.3,晴,12.0,12.0,2新潟6,3歳以上1勝クラス,1:54.5,1.9,雨,12.0,8.0,3東京4,3歳以上1勝クラス,2:10.9,1.6,曇,10.0,7.0,3中山4,3歳1勝クラス,1:55.0,1.7,小雨,6.5,3.0,,nar,2026-09-29,64.07,53.5,75.1,55.3,87.5,63.8,50.0,前走人気以上 / 人気以上に走る傾向 / 近走上向き
202648092909,2026-09-29,9,テーオーエメラルド,2.0,2.0,小笠原羚,52.0,,6.0,5.0,名古屋,アルマシェリブ特別(B),1:51.1,0.6,雨,5.0,9.0,名古屋,レディス・アンドロメ(B),1:37.6,0.9,曇,5.0,8.0,名古屋,ゼウス疾風特別(B),0:56.0,0.7,晴,8.0,6.0,名古屋,ラス・アルハゲ特別(B),1:37.6,1.0,曇,5.0,9.0,名古屋,星合特別(B),1:36.4,1.1,小雨,15.6,4.0,,nar,2026-09-29,58.82,62.1,59.9,55.0,48.5,66.9,52.9,名古屋実績 / 履歴少 / 過小評価傾向 / 市場オッズ妙味
202646092909,2026-09-29,9,トーアカフウ,1.0,1.0,米倉知,55.0,,1.0,2.0,金沢,B13,1:38.3,-0.3,雨,4.0,3.0,金沢,B12,1:38.8,0.2,晴,2.0,3.0,金沢,ずまちゃんハッピーバ(B1特別),1:32.5,0.2,晴,2.0,4.0,金沢,B14,1:39.7,0.0,晴,2.0,7.0,金沢,氷室開き特別(B2),1:33.0,0.6,曇,29.6,7.0,,nar,2026-09-29,72.74,90.4,57.4,100.0,59.0,61.5,59.5,金沢実績 / 履歴少 / 安定感 / 市場オッズ妙味
202630092909,2026-09-29,9,トーケンマコット,6.0,6.0,亀井洋司,55.0,,8.0,9.0,門別,雪印北海道100特別(B4),1:03.0,1.6,晴,8.0,10.0,門別,グランシャリオドリー(B4),1:16.0,1.2,雨,10.0,12.0,門別,YJSトライアルラウ(B4),1:16.7,2.2,晴,6.0,7.0,門別,プルメリア特別(B4),1:02.4,1.5,晴,9.0,7.0,門別,グランシャリオドリー(B4),1:03.5,1.4,曇,283.3,10.0,,nar,2026-09-29,43.91,42.3,58.0,0.0,51.5,54.2,43.8,履歴少
202646092909,2026-09-29,9,ナインパワー,8.0,7.0,栗原大河,57.0,,5.0,7.0,金沢,金沢競馬は楽天競馬で(B1),1:31.4,0.8,雨,2.0,4.0,金沢,能登復興支援増穂浦特(B1),1:31.7,0.4,曇,5.0,4.0,金沢,ずまちゃんハッピーバ(B1特別),1:33.3,1.0,晴,1.0,7.0,金沢,B14,1:39.7,0.0,晴,9.0,9.0,金沢,B13,1:34.4,2.6,雨,36.3,8.0,,nar,2026-09-29,66.63,75.3,62.5,89.7,45.5,62.1,56.2,金沢実績 / 履歴少 / 安定感 / 市場オッズ妙味
202636092909,2026-09-29,9,ノクターナリティ,4.0,4.0,高松亮,56.0,,7.0,5.0,水沢,C1二組,1:44.3,2.4,小雨,7.0,2.0,盛岡,C1二組,1:40.4,1.7,曇,1.0,2.0,盛岡,C1五組,1:26.9,-0.1,晴,1.0,2.0,盛岡,C2四組,1:13.8,-0.1,曇,12.0,11.0,名古屋,たいよう&えみ結婚お(B),1:39.3,4.6,曇,29.6,8.0,,nar,2026-09-29,48.16,64.4,38.7,34.3,39.5,50.8,48.8,履歴少 / 市場オッズ妙味
202636092909,2026-09-29,9,ハチャトリアン,10.0,7.0,小林凌,56.0,,4.0,3.0,水沢,C1二組,1:43.2,1.3,小雨,6.0,6.0,盛岡,ミルクティーローズ賞(C1),1:40.7,1.0,曇,3.0,5.0,盛岡,C1一組,1:37.8,0.2,曇,2.0,1.0,盛岡,スマホで投票!楽天競(C1),1:39.9,0.3,曇,2.0,5.0,盛岡,碁石海岸賞(C1),1:39.6,0.7,曇,3.7,2.0,,nar,2026-09-29,61.55,77.6,51.8,75.1,45.5,57.5,48.8,履歴少 / 安定感
202648092909,2026-09-29,9,パー,9.0,8.0,丸野勝虎,55.0,,6.0,5.0,名古屋,ペガスス座特別(B),1:31.5,1.9,曇,7.0,6.0,名古屋,レディス・アンドロメ(B),1:38.1,1.4,曇,2.0,5.0,名古屋,ゼウス疾風特別(B),0:55.4,0.1,晴,7.0,10.0,名古屋,ヴァルデナ特別(B),1:53.1,1.8,小雨,4.0,10.0,名古屋,ラス・アルハゲ特別(B),1:37.1,0.5,曇,20.3,6.0,,nar,2026-09-29,54.41,64.8,57.7,30.1,44.0,61.2,49.6,履歴少 / 市場オッズ妙味
202648092909,2026-09-29,9,パーソナルレコード,8.0,7.0,村上弘樹,57.0,,4.0,1.0,名古屋,アルマシェリブ特別(B),1:50.8,0.3,雨,1.0,2.0,名古屋,B6組,1:35.7,-0.3,雨,1.0,1.0,名古屋,B11組,1:36.8,-0.1,晴,3.0,3.0,名古屋,飛島特別(C),1:37.1,0.5,晴,6.0,4.0,名古屋,渥美半島特別(C),1:36.6,1.4,晴,1.5,1.0,,nar,2026-09-29,63.04,86.2,43.9,89.7,42.5,49.1,56.2,名古屋実績 / 履歴少 / 安定感
202648092909,2026-09-29,9,ビナカントー,1.0,1.0,近藤颯羽,53.0,,4.0,7.0,名古屋,ペガスス座特別(B),1:31.2,1.6,曇,9.0,7.0,名古屋,ミラク特別(B),1:55.1,3.4,曇,4.0,5.0,姫路,アングレカム賞B2一,1:35.6,0.9,晴,6.0,6.0,園田,プリムラ賞B2,1:32.5,2.2,晴,6.0,7.0,園田,B2,1:32.5,2.5,雨,21.1,7.0,,nar,2026-09-29,57.49,62.0,55.0,50.2,63.5,58.2,51.2,名古屋実績 / 前走人気以上 / 履歴少 / 市場オッズ妙味
202648092909,2026-09-29,9,ビナハイフォン,4.0,4.0,阿部基嗣,54.0,,12.0,8.0,浦和,月見草特別(C1),1:42.0,4.8,曇,6.0,9.0,浦和,雛芥子特別(C1),1:38.0,1.6,雨,9.0,9.0,川崎,丸子の渡し賞(C1),0:56.6,1.7,晴,6.0,6.0,浦和,C1三,1:39.4,1.8,晴,10.0,8.0,浦和,まだまだ盛り上がろう(C1),1:37.9,1.3,曇,53.5,8.0,,nar,2026-09-29,36.0,37.4,45.3,0.0,24.5,49.0,48.8,履歴少
202643092909,2026-09-29,9,ファミーユウルーズ,1.0,1.0,御神本訓,57.0,,7.0,9.0,1札幌8,3歳以上1勝クラス,1:48.0,2.4,晴,11.0,14.0,1札幌6,3歳以上1勝クラス,1:48.5,1.9,晴,2.0,2.0,川崎,フェブラリースター賞(B2B3),1:45.6,0.1,晴,8.0,5.0,1中山2,4歳以上1勝クラス,2:40.1,3.1,晴,11.0,15.0,4東京10,3歳以上1勝クラス,2:11.1,1.4,曇,6.9,5.0,,nar,2026-09-29,49.55,47.5,59.3,19.8,56.0,57.6,48.8,履歴少
202643092909,2026-09-29,9,フィフティズ,9.0,7.0,川島正太,57.0,,4.0,2.0,船橋,流汗淋漓2200(B2B3),2:31.4,0.9,曇,12.0,5.0,船橋,ニッコウキスゲ特別(B2B3),2:00.4,3.7,曇,1.0,5.0,船橋,新緑特別(B2B3),2:25.9,-0.9,小雨,12.0,4.0,船橋,桜花爛漫特別(B3),2:01.5,6.2,雨,1.0,6.0,船橋,ユキヤナギ賞(B3),1:57.9,-0.1,晴,20.3,9.0,,nar,2026-09-29,52.3,57.9,34.5,60.5,65.0,51.1,55.9,船橋実績 / クラス条件好転 / 履歴少 / 近走上向き
202630092909,2026-09-29,9,フィンガルスケーブ,3.0,3.0,小野楓馬,55.0,,1.0,1.0,門別,新冠町軽種馬生産振興(C3),1:01.8,-0.3,晴,2.0,2.0,門別,JAさっぽろとれのさ(C3),1:01.7,0.0,曇,3.0,4.0,門別,社会貢献×門別うまレ(C3),1:02.1,0.9,晴,2.0,1.0,門別,ホクレングリーンプラ(C3),1:02.1,0.2,雨,3.0,5.0,門別,3歳以上C3ー2C4,1:02.1,0.6,曇,5.1,3.0,,nar,2026-09-29,71.38,92.0,51.8,100.0,59.0,58.2,59.5,門別実績 / 履歴少 / 安定感
202630092909,2026-09-29,9,プレイフルネス,10.0,8.0,坂下秀樹,55.0,,9.0,9.0,門別,グランシャリオドリー(B4),1:03.6,2.0,晴,9.0,10.0,門別,新冠・新ひだか2デイ(B4),1:03.7,2.1,雨,12.0,12.0,門別,うまどしひだか202(B4),1:03.6,2.1,曇,7.0,8.0,門別,平取町長杯「平取すず(B4),1:04.2,3.5,晴,11.0,11.0,門別,グランシャリオドリー(B4),1:04.6,2.9,晴,274.3,9.0,,nar,2026-09-29,39.84,31.9,52.8,0.0,54.5,52.2,43.8,履歴少
202636092909,2026-09-29,9,ベアビリーブ,5.0,5.0,菅原辰徳,54.0,,8.0,11.0,水沢,C1二組,1:44.5,2.6,小雨,11.0,7.0,盛岡,C2一組,1:27.9,1.7,曇,8.0,7.0,盛岡,C2一組,1:27.5,1.1,晴,2.0,5.0,盛岡,C1,1:26.6,0.5,曇,8.0,6.0,盛岡,C1,1:28.2,2.0,晴,80.8,11.0,,nar,2026-09-29,43.73,45.0,49.6,14.6,45.5,50.9,48.8,前走人気以上 / 履歴少
202646092909,2026-09-29,9,ベラジオスパーク,6.0,6.0,加藤翔馬,56.0,,8.0,7.0,金沢,サラブレッド大賞典(重賞),2:14.9,2.4,曇,3.0,4.0,金沢,金沢城鼠多門賞【サラ(重賞),2:08.2,0.9,晴,3.0,8.0,金沢,石川優駿(重賞),2:17.0,1.6,曇,4.0,7.0,金沢,北日本新聞杯【石川優(重賞),1:56.2,1.9,晴,3.0,5.0,金沢,金沢競馬は楽天競馬で(B1),1:42.1,0.7,曇,38.8,9.0,,nar,2026-09-29,59.61,70.7,61.0,69.6,21.5,62.8,54.5,金沢実績 / 安定感 / 市場オッズ妙味
202646092909,2026-09-29,9,ペガサスターボ,7.0,6.0,鈴木太一,57.0,,9.0,4.0,金沢,B12,1:39.6,2.4,雨,9.0,7.0,金沢,金沢競馬は楽天競馬で(A2),1:54.7,1.4,晴,11.0,5.0,金沢,金沢競馬B1プレミア,1:33.2,1.5,晴,5.0,4.0,金沢,金沢サマーC(重賞),1:54.8,2.7,曇,2.0,1.0,金沢,国造ゆず特別(B1),1:38.7,0.2,曇,90.5,10.0,,nar,2026-09-29,36.81,43.3,25.8,24.9,36.5,41.8,52.6,クラス条件好転 / 履歴少
202643092909,2026-09-29,9,ホールドミーワンス,10.0,7.0,野畑凌,54.0,,12.0,12.0,4中山6,3歳以上1勝クラス,1:54.2,1.7,雨,10.0,10.0,2中京5,3歳以上1勝クラス,1:34.3,1.4,曇,1.0,1.0,浦和,ツイントップ特別(3歳),1:29.9,-0.4,曇,7.0,6.0,1福島3,3歳未勝利,1:48.1,0.9,晴,12.0,2.0,1小倉5,3歳未勝利,1:50.6,2.3,小雨,5.2,2.0,,nar,2026-09-29,37.26,39.2,41.7,19.8,23.0,44.7,48.8,履歴少
202636092909,2026-09-29,9,マグナドムス,7.0,6.0,鈴木祐,56.0,,10.0,1.0,水沢,C1,1:32.5,2.8,小雨,2.0,2.0,盛岡,C2一組,1:26.4,0.2,曇,1.0,6.0,盛岡,C2二組,1:25.2,-1.5,曇,8.0,9.0,盛岡,C2二組,1:30.4,2.3,曇,11.0,8.0,盛岡,C1五組,1:29.8,2.5,晴,18.6,5.0,,nar,2026-09-29,46.67,59.7,36.6,44.7,23.0,58.3,48.8,履歴少 / 市場オッズ妙味
202643092909,2026-09-29,9,メイショウコウベ,5.0,5.0,大野拓弥,57.0,,7.0,5.0,2東京5,4歳以上1勝クラス,2:13.8,1.4,晴,9.0,9.0,1中京2,4歳以上1勝クラス,1:54.5,1.1,晴,6.0,13.0,1東京5,4歳以上1勝クラス,2:13.9,0.4,晴,14.0,9.0,5中京6,3歳以上1勝クラス,1:56.4,3.3,雨,1.0,3.0,3新潟2,3歳未勝利,1:54.2,-0.1,晴,3.8,1.0,,nar,2026-09-29,45.59,47.0,51.8,10.3,53.0,53.9,48.8,履歴少
202630092909,2026-09-29,9,メビウス,7.0,7.0,小川悠汰,52.0,,10.0,10.0,門別,ヘメロカリス特別(B3),1:54.3,4.4,晴,11.0,11.0,門別,キレートレモンクエン(B3),1:53.3,4.7,雨,6.0,9.0,門別,タチギボウシ特別(B3),1:46.6,2.9,晴,10.0,11.0,門別,YJSトライアルラウ(B4),1:53.8,2.8,晴,9.0,7.0,門別,トケイソウ特別(B4),1:40.5,3.5,曇,155.3,8.0,,nar,2026-09-29,39.15,33.2,53.7,0.0,44.0,52.2,43.8,履歴少
202643092909,2026-09-29,9,メランポジューム,6.0,5.0,本田正重,55.0,,5.0,9.0,大井,ディーヴァ賞競走(A2),1:42.0,0.9,曇,3.0,5.0,大井,オクトーバー賞競走(A2),2:12.4,1.3,曇,7.0,3.0,大井,スピネル賞競走(B1B2),1:29.4,3.7,曇,3.0,5.0,園田,兵庫サマークイーン賞(重賞),1:51.5,0.7,曇,4.0,3.0,船橋,きりん座特別(B1B2),1:43.6,0.5,晴,8.1,6.0,,nar,2026-09-29,62.51,72.0,57.8,80.2,45.5,60.9,48.8,前走人気以上 / 履歴少 / 安定感
202630092909,2026-09-29,9,ラグナキリア,1.0,1.0,桑村真明,57.0,,5.0,5.0,門別,雪印北海道100特別(B4),1:02.2,0.8,晴,4.0,5.0,門別,グランシャリオドリー(B4),1:02.2,1.0,雨,2.0,5.0,門別,グランシャリオドリー(B4),1:01.9,0.5,曇,4.0,5.0,門別,平取町長杯「平取すず(B4),1:02.6,1.9,晴,1.0,1.0,門別,夏秋どりいちごすずあ(C3),1:02.2,-0.5,曇,21.0,6.0,,nar,2026-09-29,66.2,79.2,56.9,100.0,36.5,59.5,56.4,門別実績 / 安定感 / 市場オッズ妙味
202630092909,2026-09-29,9,ラピルスイメル,2.0,2.0,阿部龍,55.0,,3.0,6.0,門別,ポッカレモン100特(B4),1:02.1,0.4,晴,5.0,4.0,門別,新冠ライオンズクラブ(B4),1:02.3,1.5,雨,6.0,8.0,門別,グランシャリオドリー(B4),1:02.8,1.4,曇,12.0,7.0,川崎,颯爽賞(C1),0:57.2,2.3,晴,11.0,7.0,川崎,青玉賞(C1),0:56.7,2.4,晴,27.7,7.0,,nar,2026-09-29,57.56,58.2,49.4,55.3,83.0,53.0,54.0,門別実績 / 前走人気以上 / 履歴少 / 近走上向き
202636092909,2026-09-29,9,リアルモハメド,12.0,8.0,山本政聡,56.0,,4.0,3.0,水沢,四十八坂賞(C1),1:31.1,1.5,曇,13.0,9.0,大井,大暑特別競走(C1),2:45.1,7.8,晴,9.0,11.0,大井,B3四,2:10.2,1.7,晴,11.0,12.0,大井,BSイレブン賞競走(B3),1:43.1,2.7,晴,11.0,10.0,大井,赤坂賞競走(B3),1:58.2,2.9,晴,2.0,1.0,,nar,2026-09-29,47.38,36.2,44.0,30.4,92.0,48.8,51.8,クラス条件好転 / 履歴少 / 近走上向き
202646092909,2026-09-29,9,レイオーバー,11.0,8.0,松戸政也,57.0,,2.0,2.0,金沢,B12,1:38.2,1.0,雨,1.0,2.0,金沢,能登復興支援機具岩賞(B1),1:39.4,0.0,晴,2.0,3.0,金沢,みんなを笑顔に幸福に(B2),1:37.1,0.1,曇,4.0,3.0,金沢,競走馬の写真家VOD(C1),1:39.8,2.5,晴,2.0,1.0,金沢,早川実穂誕生日記念(C1),1:38.8,1.8,晴,7.1,4.0,,nar,2026-09-29,70.29,91.7,51.4,100.0,51.5,58.3,59.5,金沢実績 / 履歴少 / 安定感
202646092909,2026-09-29,9,レグナム,10.0,8.0,田知弘久,57.0,,11.0,6.0,高知,Bー3,1:27.3,1.7,晴,8.0,3.0,高知,Bー3,1:54.6,7.6,晴,4.0,7.0,高知,安居川特別(B),1:31.0,1.8,晴,3.0,2.0,高知,Bー3,1:32.3,0.9,晴,4.0,2.0,高知,Bー3,1:32.4,1.0,晴,6.5,3.0,,nar,2026-09-29,41.43,52.2,32.3,44.7,12.5,51.5,50.0,総合評価
202636092909,2026-09-29,9,レベチアミーゴ,1.0,1.0,南郷家全,56.0,,6.0,8.0,水沢,C1二組,1:43.6,1.7,小雨,8.0,3.0,盛岡,C2四組,1:14.6,1.4,曇,2.0,2.0,盛岡,C2五組,1:27.2,0.0,曇,2.0,2.0,盛岡,C2五組,1:28.0,0.6,晴,3.0,3.0,盛岡,C2五組,1:28.3,0.6,曇,27.3,7.0,,nar,2026-09-29,52.61,69.5,45.5,44.7,36.5,54.3,48.8,履歴少 / 市場オッズ妙味
202636092909,2026-09-29,9,ワイドマルガリータ,9.0,7.0,高橋悠里,54.0,,7.0,10.0,水沢,C1一組,1:44.6,1.6,曇,3.0,5.0,盛岡,C2二組,1:27.0,0.4,曇,5.0,4.0,盛岡,C2一組,1:27.5,1.4,曇,5.0,2.0,盛岡,C1五組,1:27.8,0.5,晴,4.0,5.0,盛岡,C1四組,1:27.7,0.6,曇,19.6,6.0,,nar,2026-09-29,58.65,68.0,56.1,69.6,33.5,63.5,48.8,前走人気以上 / 履歴少 / 安定感 / 市場オッズ妙味
202648092909,2026-09-29,9,ヴァルドグラース,6.0,6.0,木之前葵,53.0,,8.0,7.0,名古屋,アルマシェリブ特別(B),1:52.2,1.7,雨,1.0,4.0,名古屋,B5組,1:37.8,0.0,曇,8.0,4.0,名古屋,B4組,1:38.2,1.3,晴,2.0,4.0,名古屋,B6組,1:37.4,1.2,晴,3.0,3.0,名古屋,B6組,1:36.7,0.6,晴,13.4,3.0,,nar,2026-09-29,53.79,69.1,49.6,49.8,23.0,61.0,52.5,名古屋実績 / 市場オッズ妙味
202636092909,2026-09-29,9,ヴェニーレ,3.0,3.0,斉藤友香,52.0,,9.0,9.0,水沢,C1二組,1:44.6,2.7,小雨,4.0,4.0,盛岡,C2二組,1:27.3,0.7,曇,6.0,9.0,盛岡,C2一組,1:26.9,0.5,晴,3.0,2.0,盛岡,C2二組,1:27.3,2.1,曇,2.0,2.0,盛岡,C2三組,1:29.2,0.4,曇,53.7,9.0,,nar,2026-09-29,51.28,63.5,53.1,49.8,18.5,54.8,48.8,履歴少
202630092910,2026-09-29,10,アトニモサキニモ,2.0,2.0,岩橋勇二,57.0,,4.0,6.0,門別,雪印北海道100特別(B4),1:01.9,0.5,晴,5.0,6.0,門別,新冠・新ひだか2デイ(B4),1:02.4,0.8,雨,3.0,6.0,門別,グランシャリオドリー(B4),1:02.0,0.6,曇,1.0,3.0,門別,ホクレングリーンプラ(C3),1:01.9,-0.2,雨,2.0,3.0,門別,夏秋どりいちごすずあ(C3),1:02.7,0.5,曇,25.5,8.0,,nar,2026-09-29,69.15,80.7,62.9,100.0,42.5,62.1,56.4,門別実績 / 安定感 / 市場オッズ妙味
202643092910,2026-09-29,10,アマビリティ,1.0,1.0,高橋優,54.0,,13.0,9.0,川崎,ステンノー賞(C1),2:21.5,5.3,曇,8.0,11.0,川崎,カノープス賞(B3C1),2:16.3,2.5,晴,2.0,10.0,川崎,川崎青年会議所シニア(C1),2:16.0,1.2,晴,10.0,10.0,川崎,アンドロメダ賞(C1),2:18.1,1.9,晴,4.0,8.0,川崎,青葉木菟特別(3歳),1:38.4,1.6,晴,58.1,13.0,,nar,2026-09-29,44.37,42.3,60.7,30.1,8.0,58.7,51.8,クラス条件好転 / 履歴少
202648092910,2026-09-29,10,アミアン,7.0,6.0,塚本征吾,55.0,,1.0,2.0,名古屋,B9組,1:36.7,-0.5,晴,7.0,6.0,名古屋,増田の一発逆転(B),1:38.6,1.4,小雨,2.0,7.0,名古屋,B11組,1:36.9,0.1,晴,1.0,6.0,名古屋,南陽賞(C),1:31.2,0.0,晴,9.0,5.0,名古屋,金シャチ最終戦777(C),1:39.9,2.5,晴,9.1,6.0,,nar,2026-09-29,67.22,79.8,59.5,64.7,72.5,63.3,52.5,名古屋実績 / 近走上向き / 安定感
202636092910,2026-09-29,10,アーリーレッグ,4.0,4.0,山本政聡,56.0,,3.0,2.0,水沢,C1一組,1:43.1,0.1,曇,7.0,7.0,盛岡,夢・希望未来へ前進(B1),1:40.2,0.8,晴,5.0,8.0,盛岡,45周年Annive(B1),1:39.0,0.4,小雨,8.0,6.0,盛岡,夢・希望未来へ前進(B1),1:39.1,0.5,曇,3.0,3.0,盛岡,夢・希望未来へ前進(B1),1:38.8,0.5,晴,2.2,1.0,,nar,2026-09-29,58.65,67.0,50.0,60.5,66.5,53.4,51.8,クラス条件好転 / 履歴少 / 近走上向き / 安定感
202648092910,2026-09-29,10,インジェニアス,2.0,2.0,大畑雅章,57.0,,3.0,6.0,名古屋,ペガスス座特別(B),1:30.1,0.5,曇,2.0,7.0,名古屋,アルマク疾風戦(B),0:56.5,0.6,曇,4.0,8.0,名古屋,B4組,1:37.2,0.3,晴,9.0,11.0,名古屋,へびつかい座特別(B),1:52.8,2.0,曇,9.0,10.0,名古屋,あすなろ杯(BC),1:51.4,3.0,雨,20.3,9.0,,nar,2026-09-29,69.61,72.4,73.4,75.1,68.0,66.0,52.9,名古屋実績 / 前走人気以上 / 履歴少 / 人気以上に走る傾向
202630092910,2026-09-29,10,イーデンテソーロ,3.0,3.0,金山昇馬,57.0,,9.0,7.0,門別,雪印北海道100特別(B4),1:03.5,2.1,晴,8.0,8.0,門別,グランシャリオドリー(B4),1:02.9,1.7,雨,11.0,7.0,門別,北海道はサッポロビー(B3),1:04.5,3.3,曇,4.0,5.0,佐賀,ハナカイドウ賞(B),1:30.6,1.9,晴,2.0,2.0,佐賀,SAGAリベンジャー(B),1:30.2,1.3,雨,207.0,11.0,,nar,2026-09-29,41.06,46.5,41.2,24.9,33.5,48.3,43.8,履歴少
202648092910,2026-09-29,10,ウィッティングハム,8.0,7.0,木之前葵,53.0,,5.0,7.0,名古屋,秋の大四辺形特別(B),1:37.3,2.3,雨,1.0,3.0,名古屋,B4組,1:36.9,-0.1,晴,5.0,6.0,名古屋,B5組,1:38.2,0.7,晴,5.0,8.0,名古屋,B5組,1:37.1,0.8,晴,1.0,4.0,名古屋,邨松名古屋でも頑張れ(B),1:36.2,0.0,晴,18.5,8.0,,nar,2026-09-29,69.81,79.3,64.4,100.0,38.0,71.1,56.4,名古屋実績 / 前走人気以上 / 安定感 / 過小評価傾向
202646092910,2026-09-29,10,ウメタロウ,4.0,4.0,田知弘久,57.0,,9.0,5.0,金沢,金沢競馬は楽天競馬で(B1),1:32.9,2.3,雨,4.0,2.0,金沢,お家でネット投票!楽(A2),1:32.0,0.7,晴,3.0,2.0,金沢,お家でネット投票!楽(A2),1:32.1,0.5,曇,10.0,9.0,金沢,金沢競馬は楽天競馬で(A2),1:58.2,4.6,晴,11.0,9.0,金沢,金沢競馬は楽天競馬で(A2),1:57.9,3.7,曇,58.8,11.0,,nar,2026-09-29,44.69,52.6,34.1,44.7,38.0,47.0,52.6,クラス条件好転 / 履歴少
202636092910,2026-09-29,10,エイシンヌチマシヌ,7.0,6.0,関本玲花,52.0,,11.0,7.0,水沢,C1一組,1:45.8,2.8,曇,4.0,8.0,盛岡,大船渡市観光物産協会(C1),1:27.2,0.4,曇,7.0,5.0,盛岡,C1五組,1:27.4,0.5,晴,6.0,3.0,盛岡,C1三組,1:27.0,0.9,晴,2.0,1.0,盛岡,C1五組,1:27.2,0.8,曇,69.3,11.0,,nar,2026-09-29,42.48,53.6,41.9,35.3,12.5,48.7,48.8,履歴少
202643092910,2026-09-29,10,エクメディノキセキ,7.0,5.0,長浜鴻緒,56.0,,5.0,7.0,船橋,馬い!お米は魚沼でん(C1五),1:37.6,2.3,晴,8.0,8.0,船橋,C1四 五六 ア(C1五),1:39.8,1.9,曇,4.0,6.0,浦和,蟹座特別(C1C2),1:28.4,0.7,雨,9.0,4.0,船橋,馬い!卵はサンサンエ(C1),1:39.6,1.4,曇,6.0,2.0,船橋,馬い!卵はサンサンエ(C1),1:39.2,0.7,晴,16.8,7.0,,nar,2026-09-29,54.44,58.1,49.0,50.2,60.5,58.8,49.0,市場オッズ妙味
202646092910,2026-09-29,10,エルオレンス,2.0,2.0,栗原大河,57.0,,3.0,1.0,金沢,金沢競馬は楽天競馬で(B1),1:31.0,0.4,雨,2.0,1.0,金沢,お家でネット投票!楽(A2),1:32.4,0.3,晴,1.0,1.0,金沢,B12,1:38.4,-1.4,曇,1.0,1.0,金沢,能登復興支援宝達葛特(B2),1:37.8,-0.8,曇,8.0,11.0,2東京3,4歳以上1勝クラス,1:26.1,1.1,晴,4.9,2.0,,nar,2026-09-29,66.07,87.4,46.2,89.7,50.0,56.8,58.2,金沢実績 / クラス条件好転 / 安定感
202643092910,2026-09-29,10,オンクラウドナイン,13.0,8.0,杉山海波,56.0,,9.0,9.0,2中京4,障害3歳以上未勝利,3:35.6,18.8,曇,6.0,6.0,1新潟6,4歳以上1勝クラス,1:55.9,1.5,晴,,,3中山4,障害4歳以上未勝利,,,晴,6.0,3.0,2札幌3,3歳未勝利,1:46.5,1.4,小雨,3.0,7.0,1札幌5,3歳未勝利,1:46.4,2.0,晴,3.5,2.0,,nar,2026-09-29,44.28,54.0,49.8,10.3,26.0,54.8,51.8,クラス条件好転 / 履歴少
202636092910,2026-09-29,10,カラフルピーチ,10.0,7.0,佐々木志,54.0,,3.0,5.0,水沢,C1,1:29.9,0.2,小雨,9.0,7.0,盛岡,岩手ビッグブルズシー(C1),1:40.1,1.3,曇,1.0,2.0,盛岡,C1,1:00.0,-0.4,曇,3.0,8.0,盛岡,純米ニトロ7周年記念(C1),1:00.1,0.6,曇,7.0,6.0,盛岡,C1,1:28.5,1.6,曇,27.8,7.0,,nar,2026-09-29,62.24,71.9,56.5,64.7,62.0,59.5,50.0,前走人気以上 / 安定感 / 市場オッズ妙味
202630092910,2026-09-29,10,キタノパッション,7.0,6.0,小川悠汰,52.0,,10.0,10.0,門別,雪印北海道100特別(B4),1:03.5,2.1,晴,8.0,7.0,門別,新冠ライオンズクラブ(B4),1:03.3,2.5,雨,10.0,9.0,門別,グランシャリオドリー(B4),1:18.6,3.8,雨,9.0,8.0,盛岡,C1,1:28.8,2.6,晴,8.0,3.0,盛岡,C1五組,1:28.7,2.3,曇,157.9,10.0,,nar,2026-09-29,35.76,34.8,42.2,0.0,42.5,45.7,43.8,履歴少
202646092910,2026-09-29,10,キャンドルベリー,9.0,7.0,吉田晃浩,55.0,,2.0,8.0,金沢,お家でネット投票!楽(A2),1:31.7,0.4,晴,7.0,7.0,金沢,お家でネット投票!楽(A2),1:33.0,1.4,曇,8.0,8.0,金沢,読売レディス杯(重賞),1:39.3,3.4,曇,6.0,8.0,金沢,お家でネット投票!楽(A2),1:32.9,0.8,晴,,,金沢,加賀友禅賞【読売レデ(重賞),,,曇,28.8,10.0,,nar,2026-09-29,60.91,65.1,66.5,30.4,80.0,61.2,49.0,前走人気以上 / 人気以上に走る傾向 / 近走上向き / 市場オッズ妙味
202636092910,2026-09-29,10,ギフテッドブラック,11.0,8.0,鈴木祐,56.0,,1.0,6.0,水沢,ダンデライオン賞(C1),1:31.8,-0.3,晴,5.0,6.0,水沢,C2,0:51.2,0.9,曇,5.0,5.0,水沢,C2二組,1:29.5,1.1,曇,5.0,4.0,水沢,C2二組,1:31.4,1.3,曇,7.0,1.0,盛岡,C1六組,1:29.9,1.3,曇,37.0,9.0,,nar,2026-09-29,68.72,76.1,57.0,89.7,77.0,55.6,59.5,水沢実績 / 前走人気以上 / 履歴少 / 近走上向き
202636092910,2026-09-29,10,グランクロワ,9.0,7.0,阿部英俊,56.0,,1.0,9.0,水沢,C1四組,1:30.8,0.0,曇,5.0,9.0,盛岡,いわてくじ山形村短角(C1),1:27.4,1.1,曇,2.0,8.0,盛岡,C1五組,1:27.0,0.1,晴,4.0,7.0,盛岡,C2一組,1:27.3,1.2,晴,5.0,5.0,盛岡,C2一組,1:27.6,1.4,曇,29.1,8.0,,nar,2026-09-29,78.73,83.6,85.4,100.0,68.0,69.9,48.8,前走人気以上 / 履歴少 / 人気以上に走る傾向 / 近走上向き
202648092910,2026-09-29,10,グランドネビュラ,11.0,8.0,渡辺竜也,57.0,,1.0,4.0,名古屋,仲田院長生誕51周年(B),1:35.9,-0.2,晴,5.0,3.0,名古屋,B8組,1:37.8,0.7,小雨,3.0,6.0,名古屋,増田家結婚1周年記念(B),1:37.0,0.5,晴,8.0,5.0,名古屋,来週から開催!第2回(B),1:38.2,1.1,晴,3.0,4.0,名古屋,B8組,1:36.8,1.4,晴,7.8,5.0,,nar,2026-09-29,68.06,79.0,54.7,85.4,72.5,60.0,54.5,名古屋実績 / 前走人気以上 / 近走上向き / 安定感
202646092910,2026-09-29,10,ケンロクシャルモン,1.0,1.0,柴田勇真,57.0,,1.0,1.0,金沢,能登復興支援増穂浦特(B1),1:31.3,-0.4,曇,1.0,1.0,金沢,たいち&あやみ結婚記(B1),1:32.1,-0.1,晴,2.0,4.0,金沢,金沢競馬B1プレミア,1:32.0,0.3,晴,2.0,2.0,金沢,七尾港まつり特別(B2),1:32.5,0.0,晴,1.0,1.0,金沢,スマホで投票!楽天競(B2),1:34.5,-0.1,晴,7.1,3.0,,nar,2026-09-29,72.55,97.3,52.8,100.0,53.0,59.6,59.5,金沢実績 / 履歴少 / 安定感
202643092910,2026-09-29,10,コスモグッドラック,11.0,7.0,土田真翔,56.0,,10.0,4.0,船橋,C1二 三,1:47.4,3.2,晴,6.0,2.0,浦和,天の川特別(C1),2:11.3,1.4,晴,11.0,5.0,船橋,スタープリンス特別(C1),2:00.7,3.3,曇,4.0,1.0,船橋,豊四季賞(C1),2:00.2,0.5,雨,3.0,1.0,船橋,弥生賞(C1),2:01.0,0.4,曇,11.1,4.0,,nar,2026-09-29,34.67,47.2,17.4,24.9,26.0,41.0,54.2,船橋実績 / クラス条件好転 / 履歴少
202648092910,2026-09-29,10,コスモナッシュビル,4.0,4.0,今井貴大,57.0,,1.0,1.0,名古屋,B4組,1:30.7,-0.3,曇,2.0,4.0,名古屋,B6組,1:36.1,0.7,晴,2.0,1.0,名古屋,B7組,1:37.4,0.3,晴,1.0,1.0,名古屋,三ヶ根山特別(C),1:36.7,-0.1,曇,2.0,2.0,名古屋,アジア・アジアパラ応(C),1:36.5,0.1,曇,4.0,1.0,,nar,2026-09-29,71.68,95.6,52.1,100.0,54.5,56.6,59.5,名古屋実績 / 履歴少 / 安定感
202630092910,2026-09-29,10,ゴールデンシーカー,9.0,7.0,渡辺準己,54.0,,8.0,3.0,門別,ポッカレモン100特(B4),1:02.8,1.1,晴,3.0,2.0,門別,新冠・新ひだか2デイ(B4),1:02.3,0.7,雨,6.0,1.0,門別,グランシャリオドリー(B4),1:15.3,0.5,雨,2.0,4.0,門別,グランシャリオドリー(B4),1:14.3,0.4,曇,15.0,11.0,3中山8,4歳以上1勝クラス,1:14.0,2.3,曇,10.6,3.0,,nar,2026-09-29,45.5,59.6,29.9,39.5,41.0,49.1,51.2,門別実績 / 履歴少
202636092910,2026-09-29,10,サクラカゼ,12.0,8.0,村上忍,54.0,,4.0,9.0,水沢,C1一組,1:43.5,0.5,曇,3.0,4.0,盛岡,C2三組,1:27.3,1.0,曇,5.0,6.0,盛岡,C2三組,1:27.4,0.9,晴,2.0,3.0,盛岡,C2二組,1:28.0,0.1,晴,5.0,6.0,水沢,ジューンC(B2),2:06.7,2.0,曇,18.3,5.0,,nar,2026-09-29,70.84,77.9,65.5,100.0,48.5,68.1,59.5,水沢実績 / 前走人気以上 / 履歴少 / 人気以上に走る傾向
202630092910,2026-09-29,10,サラメーガン,11.0,8.0,小野楓馬,55.0,,4.0,3.0,門別,新冠・新ひだか2デイ(B4),1:02.4,0.8,雨,2.0,8.0,門別,うまどしひだか202(B4),1:01.7,0.2,曇,1.0,3.0,門別,3歳以上C3ー2C4,1:01.6,-0.1,曇,1.0,2.0,門別,3歳以上C4ー2,1:02.3,-0.4,晴,5.0,2.0,門別,3歳以上C4ー2,1:02.8,1.4,晴,15.2,6.0,,nar,2026-09-29,70.63,87.4,60.0,100.0,39.5,64.8,59.5,門別実績 / 履歴少 / 安定感 / 市場オッズ妙味
202648092910,2026-09-29,10,サンマイメ,6.0,6.0,加藤聡一,57.0,,1.0,10.0,名古屋,B7組,1:37.2,0.0,晴,4.0,9.0,名古屋,B8組,1:37.7,0.6,小雨,11.0,8.0,名古屋,B7組,1:38.9,2.8,晴,7.0,11.0,名古屋,B7組,1:38.3,1.2,晴,8.0,12.0,名古屋,サビク賞(B),1:31.1,1.7,晴,21.3,10.0,,nar,2026-09-29,69.57,65.4,80.7,55.3,89.0,68.7,49.6,前走人気以上 / 履歴少 / 人気以上に走る傾向 / 近走上向き
202630092910,2026-09-29,10,シラントロ,10.0,7.0,阿部龍,55.0,,2.0,4.0,門別,雪印北海道100特別(B4),1:01.5,0.1,晴,7.0,5.0,門別,新冠・新ひだか2デイ(B4),1:02.4,0.8,雨,2.0,3.0,門別,JAびらとりニシパの(B4),1:01.8,0.3,晴,9.0,4.0,門別,グランシャリオドリー(B4),1:03.0,1.3,晴,1.0,1.0,門別,3歳以上C3ー2C4,1:02.2,0.0,曇,13.1,5.0,,nar,2026-09-29,60.9,74.7,47.0,60.5,66.5,58.3,52.9,門別実績 / 履歴少 / 近走上向き / 安定感
202643092910,2026-09-29,10,ジオヴィグラス,3.0,3.0,小野俊斗,56.0,,10.0,10.0,浦和,秋分の日特別(B3C1),2:13.0,3.0,雨,9.0,10.0,船橋,C1二 三,1:47.3,3.1,晴,7.0,10.0,浦和,甘さいっぱい梨の郷蓮(C1),1:37.2,1.6,晴,11.0,11.0,浦和,夏の夕特別(C1),2:13.3,4.0,曇,7.0,9.0,浦和,ふかや『ふっかちゃん(C1),2:14.0,2.3,曇,87.9,14.0,,nar,2026-09-29,41.32,36.0,57.3,0.0,41.0,54.8,48.8,履歴少
202630092910,2026-09-29,10,スティールファイン,8.0,6.0,桑村真明,56.0,,1.0,4.0,門別,ポッカレモン100特(B4),1:01.7,-0.3,晴,9.0,7.0,門別,うまどしひだか202(B4),1:02.6,1.1,曇,3.0,4.0,門別,比布駅改築10周年記(B4),1:02.4,0.5,曇,1.0,3.0,門別,日高町水道協会特別(C3),1:01.9,-0.3,曇,1.0,6.0,門別,3歳以上C4ー2,1:01.9,-0.3,曇,10.1,2.0,,nar,2026-09-29,68.66,80.9,59.9,75.1,65.0,65.7,56.2,門別実績 / 前走人気以上 / 履歴少 / 近走上向き
202636092910,2026-09-29,10,ストレート,6.0,5.0,高松亮,54.0,,10.0,6.0,水沢,C1一組,1:45.5,2.5,曇,5.0,10.0,盛岡,C2一組,1:26.8,0.6,曇,4.0,3.0,盛岡,C2二組,1:28.2,2.5,晴,4.0,5.0,盛岡,うまレター賞(C2),1:29.0,0.7,晴,3.0,6.0,盛岡,C2二組,1:27.3,0.4,晴,81.3,12.0,,nar,2026-09-29,52.11,60.2,52.0,69.6,14.0,56.1,48.8,履歴少 / 安定感
202646092910,2026-09-29,10,スナドケイ,5.0,5.0,青柳正義,55.0,,1.0,3.0,金沢,金沢競馬は楽天競馬で(B1),1:30.6,-0.1,雨,5.0,3.0,金沢,金沢競馬は楽天競馬で(A2),1:53.4,1.2,曇,1.0,4.0,金沢,B12,1:38.6,0.0,晴,2.0,3.0,金沢,B12,1:32.6,0.6,晴,3.0,1.0,金沢,第21回生誕記念幸せ(B1),1:32.6,0.3,晴,11.6,5.0,,nar,2026-09-29,72.2,89.2,54.5,100.0,60.5,61.7,62.5,金沢実績 / クラス条件好転 / 履歴少 / 安定感
202630092910,2026-09-29,10,セイルロケット,12.0,8.0,落合玄太,57.0,,10.0,7.0,2札幌4,3歳以上1勝クラス,1:00.9,1.5,晴,,9.0,1札幌5,3歳以上1勝クラス,,,曇,10.0,10.0,1函館5,3歳以上1勝クラス,0:59.3,1.9,晴,8.0,7.0,1函館3,3歳以上1勝クラス,1:00.4,2.1,晴,16.0,12.0,1阪神5,4歳以上1勝クラス,1:14.2,2.2,晴,1.4,1.0,,nar,2026-09-29,34.32,27.3,36.3,0.0,58.0,43.9,48.8,履歴少
202643092910,2026-09-29,10,ゼンソレイユ,6.0,4.0,椿聡太,54.0,,7.0,7.0,川崎,旗印賞(C1),1:48.5,2.5,曇,8.0,7.0,船橋,C1四 五六 イ(C1五),1:16.7,1.2,晴,5.0,7.0,船橋,馬い!卵はサンサンエ(C1五),1:17.1,0.6,曇,8.0,7.0,船橋,馬い!洲本農園新玉ね(C1),1:17.6,1.6,曇,4.0,3.0,浦和,双子座特別(C1),1:30.2,0.4,曇,48.9,12.0,,nar,2026-09-29,48.28,54.5,49.3,30.1,45.5,52.0,48.5,履歴少
202646092910,2026-09-29,10,タルバン,7.0,6.0,沖静男,57.0,,4.0,4.0,金沢,金沢競馬は楽天競馬で(B1),1:31.1,0.5,雨,7.0,10.0,金沢,お家でネット投票!楽(A2),1:32.4,1.1,晴,,,金沢,お家でネット投票!楽(A2),,,曇,6.0,7.0,金沢,お家でネット投票!楽(A2),1:32.7,1.2,曇,7.0,6.0,金沢,お家でネット投票!楽(A2),1:33.7,1.6,晴,23.6,8.0,,nar,2026-09-29,55.82,62.5,56.9,30.4,66.0,57.2,50.8,クラス条件好転 / 近走上向き / 市場オッズ妙味
202636092910,2026-09-29,10,ダンスショウ,3.0,3.0,菅原辰徳,56.0,,8.0,9.0,水沢,B1,1:31.3,2.1,曇,11.0,6.0,高知,ファイナルレース(C3),1:38.4,4.6,晴,9.0,6.0,高知,C3ー4,1:55.8,6.8,晴,,7.0,高知,C3ー2,,,晴,5.0,5.0,高知,C3ー2,1:44.8,1.6,曇,25.8,6.0,,nar,2026-09-29,38.43,38.0,37.4,10.3,52.0,46.0,48.8,履歴少
202643092910,2026-09-29,10,ティナバローズ,12.0,7.0,佐野遥久,54.0,,4.0,8.0,川崎,ステンノー賞(C1),2:17.6,1.4,曇,10.0,12.0,船橋,馬い!お米は魚沼でん(C1五),1:39.2,3.9,晴,6.0,10.0,船橋,スターマイン特別(C1),1:59.3,1.9,曇,10.0,10.0,船橋,スタープリンス特別(C1),2:00.2,2.8,曇,3.0,9.0,川崎,ウルド賞(C1),2:16.8,0.5,晴,17.7,8.0,,nar,2026-09-29,60.59,54.7,71.9,40.7,69.5,74.4,43.8,前走人気以上 / 履歴少 / 人気以上に走る傾向 / 近走上向き
202648092910,2026-09-29,10,テリオスルナ,3.0,3.0,大原浩司,55.0,,8.0,10.0,名古屋,秋の大四辺形特別(B),1:37.8,2.8,雨,4.0,11.0,名古屋,レディス・アンドロメ(B),1:37.6,0.9,曇,6.0,12.0,名古屋,はくちょう座特別(B),1:50.9,1.8,晴,11.0,12.0,名古屋,夏の大三角特別(B),1:38.0,1.9,小雨,7.0,8.0,金沢,ゆいおうえんそうしん(B1),1:33.8,1.6,雨,238.9,11.0,,nar,2026-09-29,54.95,52.5,76.5,24.9,44.0,63.7,47.1,履歴少 / 人気以上に走る傾向
202636092910,2026-09-29,10,テーオーカバリエ,2.0,2.0,塚本涼人,54.0,,7.0,9.0,水沢,C1,1:30.4,0.7,小雨,8.0,8.0,盛岡,C1,1:27.5,1.9,小雨,4.0,9.0,盛岡,シェパーズパース賞(C1),1:27.1,0.4,曇,5.0,9.0,盛岡,C1,1:26.9,0.5,晴,10.0,8.0,盛岡,C1,1:27.8,2.9,曇,68.0,10.0,,nar,2026-09-29,53.73,54.6,63.8,34.3,48.5,58.5,50.0,総合評価
202648092910,2026-09-29,10,テーオーリップマン,9.0,7.0,望月洵輝,57.0,,1.0,1.0,名古屋,B4組,1:36.9,-0.1,雨,3.0,5.0,名古屋,B5組,1:38.0,0.2,曇,,,名古屋,B6組,,,晴,6.0,3.0,名古屋,B5組,1:37.1,0.8,晴,4.0,4.0,名古屋,B7組,1:36.6,1.6,晴,4.8,2.0,,nar,2026-09-29,65.33,84.7,50.5,65.7,70.0,55.9,54.0,名古屋実績 / 近走上向き / 安定感
202643092910,2026-09-29,10,ドルチアーリア,9.0,6.0,所蛍,54.0,,10.0,7.0,浦和,秋桜特別(B3C1),1:30.6,2.2,晴,1.0,2.0,盛岡,C2一組,1:26.4,0.0,晴,3.0,3.0,盛岡,うまレター賞(C2),1:28.9,0.6,晴,1.0,1.0,盛岡,C2五組,1:13.6,-0.3,曇,3.0,2.0,盛岡,C2五組,1:13.1,0.6,曇,17.8,9.0,,nar,2026-09-29,53.39,73.3,44.6,69.6,2.0,62.0,48.8,履歴少 / 安定感 / 市場オッズ妙味
202646092910,2026-09-29,10,ネオネオモッズ,8.0,7.0,松戸政也,57.0,,6.0,4.0,金沢,お家でネット投票!楽(A2),1:38.3,0.5,曇,4.0,6.0,盛岡,ハダル賞(B2),1:39.3,0.9,曇,8.0,4.0,盛岡,いわて北緯40度葛巻(B2),1:41.0,1.6,晴,4.0,7.0,盛岡,B2二組,1:39.9,0.5,曇,,,盛岡,ジュライC(B2),,,曇,22.2,7.0,,nar,2026-09-29,51.61,63.5,46.4,39.5,46.0,53.9,48.8,履歴少 / 市場オッズ妙味
202643092910,2026-09-29,10,ノンスタンダルド,2.0,2.0,上里直汰,54.0,,7.0,2.0,川崎,軍配賞(C1),1:39.0,1.2,雨,7.0,3.0,船橋,夏の大三角賞(C1),1:58.3,1.4,晴,3.0,2.0,船橋,馬い!八幡平バイオレ(C1),1:45.6,1.8,曇,10.0,5.0,2東京7,4歳以上1勝クラス,1:39.6,2.0,晴,4.0,4.0,3中山1,4歳以上1勝クラス,1:55.2,2.3,晴,2.9,1.0,,nar,2026-09-29,42.38,57.3,25.9,30.1,44.0,43.6,51.2,船橋実績 / 履歴少
202643092910,2026-09-29,10,ハイエストコード,8.0,5.0,水沼元輝,56.0,,12.0,9.0,船橋,スタープリンス特別(C1),2:01.1,3.7,曇,11.0,8.0,浦和,雲取山特別(C1),2:12.6,1.9,曇,8.0,6.0,船橋,ジョッキーズチャンピ(C1),2:30.6,1.8,小雨,4.0,4.0,船橋,イチゴ特別(C1),1:58.9,1.3,曇,12.0,4.0,船橋,豊四季賞(C1),2:02.4,2.7,雨,24.6,11.0,,nar,2026-09-29,31.36,29.7,29.8,14.6,30.5,41.3,47.1,履歴少
202646092910,2026-09-29,10,ハクサンハナビ,3.0,3.0,吉原寛人,55.0,,2.0,2.0,金沢,金沢競馬は楽天競馬で(B1),1:30.7,0.1,雨,6.0,4.0,金沢,お家でネット投票!楽(A2),1:32.4,1.1,晴,2.0,2.0,金沢,能登復興支援総持寺特(B1),1:39.3,0.9,晴,7.0,1.0,金沢,柴山潟特別(B1),1:40.0,1.8,曇,1.0,1.0,金沢,B13,1:38.7,-0.6,雨,7.6,4.0,,nar,2026-09-29,59.58,79.0,40.4,60.5,62.0,53.4,55.9,金沢実績 / クラス条件好転 / 履歴少 / 安定感
202630092910,2026-09-29,10,バイデント,5.0,5.0,宮内勇樹,57.0,,8.0,9.0,門別,プレセペ特別(C1),1:17.5,1.9,晴,7.0,1.0,門別,グランシャリオドリー(B4),1:02.9,1.5,曇,1.0,1.0,門別,優駿の里安平町谷川農(C3),1:01.3,-0.6,曇,3.0,1.0,門別,3歳以上C3ー2C4,1:01.5,0.3,曇,2.0,1.0,門別,3歳以上C3ー2C4,1:02.1,0.6,曇,16.4,7.0,,nar,2026-09-29,49.5,67.9,38.9,44.7,21.5,56.7,52.9,門別実績 / 履歴少 / 市場オッズ妙味
202643092910,2026-09-29,10,バジルフレイバー,5.0,4.0,石神深道,54.0,,6.0,10.0,船橋,馬い!お米は魚沼でん(C1五),1:37.9,2.6,晴,4.0,9.0,大井,ブランデー・フィック(C1),1:43.1,1.3,晴,10.0,13.0,大井,フロリダ賞(C1),1:44.6,2.5,晴,9.0,11.0,大井,C1八 九,1:44.1,1.2,曇,7.0,12.0,大井,アフター・ディナー賞(C1),1:43.3,1.1,晴,21.5,10.0,,nar,2026-09-29,57.76,53.3,77.0,24.9,59.0,67.1,48.8,前走人気以上 / 履歴少 / 人気以上に走る傾向 / 過小評価傾向
202648092910,2026-09-29,10,バヤシーフェイス,10.0,8.0,丸野勝虎,57.0,,6.0,4.0,名古屋,秋の大四辺形特別(B),1:37.4,2.4,雨,8.0,4.0,名古屋,はくちょう座特別(B),1:51.2,2.1,晴,1.0,1.0,名古屋,B4組,1:36.9,-0.1,晴,2.0,5.0,名古屋,B7組,1:35.1,0.1,晴,2.0,4.0,名古屋,B7組,1:36.0,0.2,晴,6.0,4.0,,nar,2026-09-29,53.16,71.9,43.3,44.7,33.5,57.0,52.9,名古屋実績 / 履歴少
202636092910,2026-09-29,10,ヘクトプリンセス,8.0,6.0,坂井瑛音,53.0,,1.0,2.0,水沢,四十八坂賞(C1),1:29.6,-0.2,曇,1.0,1.0,盛岡,C2三組,1:26.3,-0.9,曇,1.0,1.0,盛岡,C2六組,1:13.8,-0.5,曇,8.0,9.0,大井,マーメイド特別競走(C1),1:28.6,1.5,晴,9.0,11.0,大井,B3五,1:29.1,2.4,曇,3.6,2.0,,nar,2026-09-29,67.67,85.2,54.6,75.1,72.5,58.1,48.8,履歴少 / 近走上向き / 安定感
202648092910,2026-09-29,10,ベレーザフィン,1.0,1.0,丹羽克輝,55.0,,2.0,4.0,名古屋,アルマシェリブ特別(B),1:50.7,0.2,雨,10.0,7.0,名古屋,レディス・アンドロメ(B),1:38.7,2.0,曇,4.0,7.0,名古屋,ゼウス疾風特別(B),0:55.8,0.5,晴,4.0,8.0,名古屋,B4組,1:36.9,0.2,晴,6.0,9.0,名古屋,サビク賞(B),1:30.7,1.3,晴,16.5,7.0,,nar,2026-09-29,64.52,67.2,59.4,64.7,74.0,67.8,52.9,名古屋実績 / 履歴少 / 近走上向き / 安定感
202636092910,2026-09-29,10,ボンジュルネ,5.0,5.0,斉藤友香,52.0,,,,水沢,C1一組,,,曇,4.0,8.0,盛岡,C1二組,1:39.4,0.7,曇,4.0,7.0,盛岡,C1二組,1:40.0,0.5,曇,6.0,3.0,盛岡,C1二組,1:39.2,0.4,曇,4.0,4.0,盛岡,碁石海岸賞(C1),1:40.0,1.1,曇,6.4,3.0,,nar,2026-09-29,61.64,72.6,61.6,55.0,54.0,61.2,48.8,履歴少
202630092910,2026-09-29,10,マカラス,1.0,1.0,石川倭,57.0,,1.0,2.0,門別,3歳以上C3ー2C4,1:01.9,-0.2,晴,5.0,4.0,門別,キレートレモンMUK(C3),1:01.7,0.1,曇,1.0,2.0,門別,3歳以上C4ー2,1:02.7,-0.6,曇,9.0,2.0,門別,3歳以上C4ー2,1:19.9,4.5,晴,3.0,2.0,門別,3歳以上C4ー2,1:15.7,1.1,曇,10.7,4.0,,nar,2026-09-29,65.39,81.0,43.9,85.4,71.0,55.5,56.2,門別実績 / 履歴少 / 近走上向き / 安定感
202643092910,2026-09-29,10,マクマード,10.0,6.0,中山遥人,56.0,,5.0,8.0,船橋,熊本地震被災地復興支(C1),1:45.0,0.6,曇,5.0,4.0,船橋,馬い!八幡平バイオレ(C1),1:46.5,2.7,曇,4.0,4.0,船橋,千葉港特別(C1),1:47.6,0.7,曇,3.0,3.0,船橋,ほたる特別(C1),1:45.2,0.3,曇,7.0,3.0,浦和,薫風特別(B3C1),1:30.5,1.0,晴,15.4,5.0,,nar,2026-09-29,63.07,70.3,51.7,89.7,48.5,60.3,59.5,船橋実績 / 前走人気以上 / 履歴少 / 安定感
202646092910,2026-09-29,10,マッスルバック,10.0,8.0,加藤翔馬,57.0,,8.0,11.0,1札幌1,桑園特別(2勝クラス),1:46.8,1.4,曇,8.0,13.0,1函館7,竜飛崎特別(2勝クラス),1:46.2,0.7,晴,11.0,13.0,2阪神7,吹田特別(2勝クラス),1:24.7,1.5,晴,7.0,6.0,1阪神6,4歳以上2勝クラス,1:56.3,1.4,晴,7.0,7.0,1京都9,4歳以上2勝クラス,1:55.4,0.8,晴,2.2,1.0,,nar,2026-09-29,46.72,41.3,66.9,0.0,51.5,56.7,50.0,前走人気以上 / 人気以上に走る傾向
202643092910,2026-09-29,10,ミッドナイトホーク,4.0,3.0,石田拓郎,56.0,,4.0,10.0,船橋,熊本地震被災地復興支(C1),1:44.8,0.4,曇,6.0,8.0,船橋,40周年ありがとう株(C1),1:45.0,1.2,曇,6.0,4.0,川崎,姫百合賞(C1),1:32.9,1.5,晴,8.0,6.0,船橋,トルコキキョウ特別(B3),1:45.6,1.4,小雨,6.0,5.0,船橋,富里特別(B3),1:45.9,1.1,晴,16.2,6.0,,nar,2026-09-29,56.76,62.5,60.7,30.4,65.0,60.8,47.1,前走人気以上 / 履歴少 / 近走上向き / 市場オッズ妙味
202648092910,2026-09-29,10,ミヤイグアス,5.0,5.0,細川智史,55.0,,1.0,5.0,名古屋,B3組,1:36.3,0.0,雨,1.0,8.0,名古屋,B8組,1:37.1,-0.1,小雨,7.0,8.0,名古屋,連続開催!第3回中京(B),1:52.5,1.7,晴,9.0,7.0,名古屋,B7組,1:38.9,1.8,晴,11.0,4.0,名古屋,B7組,1:40.1,3.4,晴,5.9,3.0,,nar,2026-09-29,66.35,72.9,65.0,55.3,86.0,59.5,50.5,前走人気以上 / 人気以上に走る傾向 / 近走上向き
202646092910,2026-09-29,10,ミンナデガンバル,11.0,8.0,甲賀弘隆,57.0,,2.0,4.0,金沢,金沢競馬は楽天競馬で(A2),1:52.3,0.1,曇,7.0,1.0,金沢,金沢競馬は楽天競馬で(A2),1:54.1,0.8,晴,7.0,3.0,金沢,金沢競馬は楽天競馬で(A2),1:54.6,1.2,晴,3.0,3.0,金沢,金沢競馬は楽天競馬で(A2),1:54.0,0.4,晴,3.0,2.0,金沢,金沢競馬は楽天競馬で(A2),1:54.0,0.5,曇,15.2,6.0,,nar,2026-09-29,57.09,72.1,37.5,55.3,68.0,55.7,52.9,金沢実績 / 履歴少 / 近走上向き / 市場オッズ妙味
202643092910,2026-09-29,10,ラゴディアイ,14.0,8.0,山本大翔,56.0,,4.0,8.0,船橋,馬い!お米は魚沼でん(C1五),1:37.4,2.1,晴,7.0,5.0,船橋,C1四 五六 ア(C1五),1:39.4,1.5,曇,1.0,1.0,浦和,3歳二,1:29.2,-0.4,曇,4.0,7.0,船橋,3歳 418〜,1:38.9,1.2,晴,4.0,5.0,船橋,3歳四,1:15.9,0.9,晴,10.6,3.0,,nar,2026-09-29,64.54,74.8,58.8,75.1,50.0,63.9,55.3,船橋実績 / 前走人気以上 / 履歴少 / 安定感
202630092910,2026-09-29,10,ロビンバローズ,4.0,4.0,坂下秀樹,55.0,,9.0,9.0,門別,ウポポイオータムスプ(重賞),1:19.9,7.2,晴,10.0,10.0,門別,グランシャリオドリー(B4),1:04.2,3.0,雨,8.0,9.0,門別,日高コズミック祭り特(B4),1:17.1,2.4,曇,9.0,10.0,門別,グランシャリオドリー(A3),1:02.9,2.4,晴,7.0,8.0,門別,JAびらとりニシパの(B4),1:03.2,1.7,晴,256.8,12.0,,nar,2026-09-29,40.6,37.2,53.1,0.0,47.0,52.9,43.8,履歴少
202630092910,2026-09-29,10,ワインチャン,6.0,5.0,松井伸也,55.0,,8.0,8.0,門別,静内ライオンズクラブ(B4),1:16.7,3.6,雨,9.0,6.0,門別,日高コズミック祭り特(B4),1:17.3,2.6,曇,11.0,9.0,門別,YJSトライアルラウ(B4),1:16.7,2.2,晴,8.0,9.0,門別,リゲル特別(C1),1:16.9,2.2,曇,9.0,10.0,門別,第54回アポイの火祭(B4),1:16.0,2.0,曇,96.9,9.0,,nar,2026-09-29,38.84,36.4,43.7,0.0,57.5,49.0,43.8,履歴少
202636092910,2026-09-29,10,ワナカ,1.0,1.0,高橋悠里,54.0,,1.0,1.0,水沢,C1五組,1:31.3,-0.1,曇,5.0,1.0,盛岡,C2一組,1:26.9,0.5,晴,1.0,1.0,盛岡,C2四組,1:13.0,-0.1,晴,9.0,8.0,浦和,浦和競馬×netke(C2),2:16.1,4.2,晴,6.0,6.0,浦和,上尾宿賞(C2),2:13.8,1.3,曇,7.1,4.0,,nar,2026-09-29,62.86,78.6,42.0,75.1,75.5,55.1,50.0,近走上向き / 安定感
202646092910,2026-09-29,10,ワーキングアセット,6.0,6.0,魚住謙心,57.0,,10.0,8.0,園田,C1,1:33.6,2.2,雨,6.0,8.0,園田,C1二,1:32.3,1.2,晴,7.0,3.0,園田,C1,1:33.4,2.6,晴,2.0,3.0,園田,カンナ賞C2一,1:33.3,0.7,晴,1.0,4.0,園田,C2三,1:32.2,0.0,晴,27.5,9.0,,nar,2026-09-29,44.56,57.5,46.9,24.9,14.0,54.7,48.8,履歴少 / 市場オッズ妙味
202648092911,2026-09-29,11,アークボルト,7.0,6.0,丸山真一,57.0,,9.0,8.0,名古屋,白露特別(A),1:31.3,2.8,曇,3.0,5.0,笠松,A5・B3組(AB),1:31.5,0.5,曇,5.0,7.0,高知,C1ー4,1:32.8,1.3,晴,4.0,6.0,高知,C1ー5,1:32.2,0.6,晴,5.0,4.0,高知,C1ー6,1:48.9,0.9,晴,30.8,8.0,,nar,2026-09-29,55.12,63.4,55.4,69.6,21.5,58.9,48.8,履歴少 / 安定感 / 市場オッズ妙味
202630092911,2026-09-29,11,イイデスカイハイ,7.0,7.0,服部茂史,55.0,,8.0,4.0,門別,グランシャリオドリー(B4),1:03.0,1.4,晴,1.0,2.0,門別,3歳以上C3ー2C4,1:01.7,-0.2,晴,3.0,3.0,門別,優駿の里安平町谷川農(C3),1:02.0,0.7,曇,1.0,1.0,門別,3歳以上C4ー2,1:02.5,-0.4,曇,3.0,3.0,門別,3歳以上C4ー2,1:02.7,0.8,晴,21.2,6.0,,nar,2026-09-29,55.52,78.2,43.2,69.6,14.0,54.3,56.2,門別実績 / 履歴少 / 安定感 / 市場オッズ妙味
202648092911,2026-09-29,11,ウインレアリゼ,2.0,2.0,大原浩司,55.0,,12.0,6.0,川崎,水引賞(C1),1:34.5,2.5,晴,10.0,4.0,川崎,迅速賞(C1),0:56.4,2.4,曇,8.0,3.0,川崎,仙人草賞(C1),1:33.4,1.7,晴,10.0,11.0,1新潟4,4歳以上1勝クラス,1:12.8,1.2,晴,12.0,12.0,1中京4,4歳以上1勝クラス,1:14.1,1.9,曇,18.4,7.0,,nar,2026-09-29,27.34,24.6,20.9,0.0,38.0,42.8,48.8,履歴少 / 市場オッズ妙味
202646092911,2026-09-29,11,ウェザーコック,6.0,6.0,平瀬城久,57.0,,7.0,7.0,金沢,楽天ポイントが貯まる(A1),1:32.8,3.1,晴,7.0,8.0,金沢,能登復興祈念百万石か(重賞),1:31.9,1.2,曇,7.0,8.0,金沢,スマホで投票!楽天競(A1),1:39.3,2.7,晴,3.0,9.0,金沢,スマホで投票!楽天競(A1),1:31.3,2.2,曇,11.0,11.0,金沢,百万石賞(重賞),2:25.9,7.6,晴,25.8,7.0,,nar,2026-09-29,50.23,53.4,59.3,14.6,50.0,59.9,49.3,クラス条件好転 / 履歴少 / 市場オッズ妙味
202636092911,2026-09-29,11,エアロストリーム,2.0,2.0,高松亮,56.0,,3.0,5.0,水沢,スプリント特別(OP),0:49.7,0.3,曇,4.0,6.0,盛岡,スプリント特別(OP),0:59.6,0.5,曇,10.0,7.0,盛岡,スプリント特別(OP),1:14.4,2.6,晴,11.0,5.0,水沢,卯月特別(A),1:47.5,5.4,晴,2.0,5.0,大井,ウインターテール賞競(B1B2),1:27.2,0.2,晴,13.9,4.0,,nar,2026-09-29,59.48,62.4,49.6,65.7,72.5,59.9,51.2,水沢実績 / 履歴少 / 近走上向き / 安定感
202643092911,2026-09-29,11,オールフラッグ,10.0,8.0,西村栄喜,57.0,,11.0,10.0,川崎,日高軽種馬農業協同組(B1B2),1:34.8,3.7,雨,9.0,8.0,船橋,ツクシスプリント(B1),1:16.0,1.8,晴,4.0,8.0,船橋,雪男スプリント(B1),1:14.5,0.1,晴,4.0,5.0,船橋,房総スプリント(B1B2),1:15.0,0.8,晴,10.0,5.0,船橋,十余二スプリント(B1B2),1:15.9,2.2,晴,87.5,9.0,,nar,2026-09-29,43.33,44.0,49.1,34.3,24.5,50.3,51.2,船橋実績 / 履歴少
202646092911,2026-09-29,11,カズロレアート,5.0,5.0,米倉知,57.0,,3.0,6.0,金沢,スマホで投票!楽天競(A1),1:52.6,0.8,雨,1.0,8.0,金沢,金沢競馬は楽天競馬で(A2),1:53.3,0.0,晴,7.0,8.0,金沢,金沢競馬は楽天競馬で(A2),1:55.4,1.8,晴,7.0,7.0,金沢,金沢競馬は楽天競馬で(A2),1:54.4,0.9,曇,6.0,5.0,金沢,金沢競馬は楽天競馬で(A2),1:55.1,0.9,曇,6.5,4.0,,nar,2026-09-29,65.73,74.5,69.3,55.3,63.5,64.5,49.6,前走人気以上 / 履歴少 / 人気以上に走る傾向
202630092911,2026-09-29,11,カツノトゥウェルヴ,2.0,2.0,阿部龍,55.0,,1.0,1.0,門別,北広島市制30周年記(C3),1:00.6,-0.9,曇,2.0,4.0,門別,3歳以上C3ー2C4,1:01.5,0.1,晴,2.0,2.0,門別,優駿の里安平町谷川農(C3),1:01.9,0.6,曇,2.0,1.0,門別,3歳以上C3ー2C4,1:01.7,0.1,曇,1.0,1.0,門別,3歳以上C4ー2,1:01.9,-0.4,晴,5.4,2.0,,nar,2026-09-29,71.85,95.3,52.5,100.0,54.5,57.8,59.5,門別実績 / 履歴少 / 安定感
202646092911,2026-09-29,11,ガルムキャット,8.0,8.0,加藤翔馬,57.0,,2.0,2.0,金沢,お家でネット投票!楽(A2),1:37.9,0.1,曇,4.0,2.0,金沢,金沢競馬は楽天競馬で(A2),1:52.7,0.5,曇,3.0,5.0,金沢,金沢競馬は楽天競馬で(A2),1:53.4,0.1,晴,4.0,6.0,金沢,金沢競馬は楽天競馬で(A2),1:53.7,0.3,晴,6.0,10.0,金沢,金沢競馬は楽天競馬で(A2),1:54.9,1.3,晴,3.9,2.0,,nar,2026-09-29,67.99,80.8,54.2,89.7,63.5,59.7,56.2,金沢実績 / 履歴少 / 安定感
202643092911,2026-09-29,11,キングスバリー,9.0,8.0,矢野貴之,57.0,,2.0,1.0,船橋,獅子奮迅スプリント(B1B2),1:13.4,0.0,晴,2.0,1.0,船橋,黒勾玉スプリント(B1B2),1:14.2,0.1,曇,6.0,4.0,船橋,モクレンスプリント(B1),1:14.6,0.6,曇,1.0,1.0,船橋,みずがめ座スプリント(B2),1:14.0,-0.2,晴,1.0,4.0,船橋,スノードロップスプリ(B2),1:14.2,-0.2,晴,2.6,1.0,,nar,2026-09-29,64.56,87.7,45.5,80.2,53.0,53.4,56.2,船橋実績 / 履歴少 / 安定感
202643092911,2026-09-29,11,クオレス,3.0,3.0,池谷匠翔,55.0,,10.0,11.0,川崎,明鏡止水賞(A2B1),0:55.9,1.3,曇,6.0,8.0,川崎,神奈川の水がめ「やま(B1B2),0:55.1,1.0,晴,7.0,7.0,川崎,星火燎原賞(A2B1),0:55.0,1.7,曇,9.0,9.0,川崎,うまさ鉄板!菜速あや(B1B2),0:55.5,1.2,晴,9.0,11.0,川崎,一騎当千賞(B1B2),0:55.6,1.7,晴,271.3,10.0,,nar,2026-09-29,42.58,42.7,57.1,0.0,36.5,54.8,48.8,履歴少
202630092911,2026-09-29,11,クリイロ,3.0,3.0,黒澤愛斗,55.0,,7.0,8.0,門別,ポッカレモン100特(B4),1:02.6,0.9,晴,10.0,8.0,門別,新冠ライオンズクラブ(B4),1:03.6,2.8,雨,5.0,7.0,門別,平取町長杯「平取すず(B4),1:02.7,2.0,晴,7.0,9.0,門別,トケイソウ特別(B4),1:39.7,2.7,曇,9.0,10.0,門別,ドウデュース・プレミ(B3),1:15.7,2.5,曇,145.6,9.0,,nar,2026-09-29,47.43,47.5,54.2,19.8,54.5,54.2,46.3,履歴少
202636092911,2026-09-29,11,グアドループ,7.0,6.0,菅原辰徳,56.0,,2.0,2.0,水沢,B1,0:50.2,0.3,雨,1.0,8.0,盛岡,ポーチュラカ賞(B1),1:10.8,-0.4,雨,10.0,11.0,盛岡,スプリント特別(OP),1:00.5,1.9,晴,8.0,5.0,盛岡,スプリント特別(OP),1:00.2,1.1,曇,6.0,7.0,盛岡,ハヤテ特別(OP),1:13.2,0.6,晴,13.9,5.0,,nar,2026-09-29,64.28,71.0,61.3,55.3,75.5,65.1,48.8,履歴少 / 近走上向き / 過小評価傾向 / 市場オッズ妙味
202636092911,2026-09-29,11,グッデーサイレンス,10.0,8.0,佐々木志,56.0,,5.0,8.0,水沢,白露特別(A),1:44.1,2.8,曇,1.0,5.0,盛岡,夢・希望未来へ前進(B1),1:38.6,-0.3,曇,6.0,1.0,盛岡,B1,1:26.9,1.8,曇,1.0,4.0,盛岡,B1,1:24.7,-0.1,小雨,5.0,5.0,盛岡,レモンポップ特別(B1),1:25.8,1.1,晴,16.9,7.0,,nar,2026-09-29,64.8,79.1,59.5,80.2,39.5,65.3,48.8,前走人気以上 / 履歴少 / 安定感 / 過小評価傾向
202648092911,2026-09-29,11,グラスビジョン,6.0,5.0,大畑慧悟,57.0,,4.0,6.0,名古屋,秋の大四辺形特別(B),1:36.5,1.5,雨,5.0,3.0,名古屋,アルフェラッツ大空特(B),2:14.5,2.6,曇,4.0,1.0,名古屋,デネブ特別(B),1:36.2,0.6,晴,7.0,2.0,名古屋,夏の大三角特別(B),1:37.1,1.0,小雨,3.0,1.0,名古屋,彦星大空戦(B),2:18.4,0.8,曇,8.2,3.0,,nar,2026-09-29,59.34,71.3,40.1,85.4,54.5,52.5,56.2,名古屋実績 / 履歴少 / 安定感
202630092911,2026-09-29,11,グランマズドリーム,8.0,8.0,石川倭,55.0,,1.0,1.0,門別,キレートレモンMUK(C3),1:01.6,0.0,曇,3.0,1.0,門別,3歳以上C3ー2C4,1:02.0,0.6,晴,2.0,1.0,門別,ヒマワリ特別(C3),1:15.0,0.0,晴,1.0,1.0,門別,3歳以上C4ー2,1:14.6,-1.1,晴,16.0,13.0,1函館3,3歳未勝利,1:50.2,3.0,晴,1.7,1.0,,nar,2026-09-29,66.57,84.1,43.0,89.7,77.0,48.4,59.5,門別実績 / 履歴少 / 近走上向き / 安定感
202648092911,2026-09-29,11,ケイアイマゴラ,8.0,6.0,近藤颯羽,55.0,,8.0,9.0,川崎,竜胆賞(C1),1:34.0,1.3,雨,8.0,10.0,浦和,鳳仙花特別(B3C1),0:48.7,1.0,曇,8.0,10.0,浦和,第78回小川町七夕ま(C1),1:30.1,1.2,晴,4.0,3.0,浦和,粕壁宿特別(C1),1:30.5,0.2,曇,8.0,9.0,浦和,疾駆特別(C1),0:48.7,1.2,曇,13.7,5.0,,nar,2026-09-29,47.93,48.7,58.1,14.6,44.0,58.3,51.8,クラス条件好転 / 履歴少 / 市場オッズ妙味
202643092911,2026-09-29,11,ケイズブラン,8.0,7.0,篠谷葵,55.0,,3.0,4.0,船橋,獅子奮迅スプリント(B1B2),1:13.5,0.1,晴,2.0,3.0,船橋,馬い!洲本農園玉ねぎ(B2),1:14.7,0.3,曇,1.0,5.0,船橋,ラベンダースプリント(B2),1:15.3,-0.2,曇,4.0,2.0,船橋,風待ち月スプリント(B2),1:15.6,1.2,曇,2.0,4.0,船橋,ネモフィラスプリント(B2B3),1:14.7,0.3,曇,6.8,4.0,,nar,2026-09-29,71.08,88.8,58.8,100.0,45.5,62.1,59.5,船橋実績 / 履歴少 / 安定感
202636092911,2026-09-29,11,コパノマロン,3.0,3.0,村上忍,54.0,,4.0,4.0,水沢,B1,1:29.3,0.4,曇,7.0,2.0,盛岡,ポーチュラカ賞(B1),1:12.0,1.2,雨,1.0,2.0,盛岡,B1,1:25.1,-0.4,曇,6.0,1.0,盛岡,B1,1:25.6,0.9,小雨,,,盛岡,ネモフィラ賞(B1),,,曇,17.4,8.0,,nar,2026-09-29,54.14,72.0,36.1,50.2,54.0,56.7,48.8,履歴少 / 市場オッズ妙味
202648092911,2026-09-29,11,サノプリ,1.0,1.0,大畑雅章,55.0,,10.0,7.0,名古屋,初秋特別(A),1:40.6,4.8,雨,9.0,10.0,金沢,お家でネット投票!楽(A2),1:35.3,3.7,曇,,,金沢,お家でネット投票!楽(A2),,,曇,9.0,9.0,金沢,お家でネット投票!楽(A2),1:34.0,1.9,晴,4.0,7.0,金沢,お家でネット投票!楽(A2),1:32.3,0.8,雨,77.8,9.0,,nar,2026-09-29,39.5,38.1,46.9,10.3,34.0,51.7,50.0,総合評価
202648092911,2026-09-29,11,シャッフルガール,10.0,7.0,加藤聡一,55.0,,1.0,3.0,名古屋,ペガスス座特別(B),1:29.6,-0.1,曇,1.0,4.0,名古屋,B7組,1:36.7,0.0,小雨,3.0,6.0,名古屋,連続開催!第3回中京(B),1:51.3,0.5,晴,8.0,7.0,名古屋,B8組,1:38.4,1.0,晴,4.0,10.0,名古屋,B7組,1:37.3,0.6,晴,2.5,1.0,,nar,2026-09-29,72.79,86.2,67.0,85.4,68.0,62.3,54.5,名古屋実績 / 前走人気以上 / 人気以上に走る傾向 / 近走上向き
202643092911,2026-09-29,11,スイフトランナー,2.0,2.0,山本大翔,55.0,,4.0,6.0,船橋,獅子奮迅スプリント(B1B2),1:13.7,0.3,晴,4.0,8.0,船橋,黒勾玉スプリント(B1B2),1:14.8,0.7,曇,,,船橋,房総スプリント(B1B2),,,晴,7.0,10.0,浦和,クリスマスイヴ特別(A2),1:35.9,1.5,曇,5.0,6.0,船橋,ハナキリンスプリント(A2B1),1:14.5,0.4,晴,16.1,6.0,,nar,2026-09-29,66.84,70.6,68.7,65.7,58.0,70.0,59.5,船橋実績 / 履歴少 / 人気以上に走る傾向 / 安定感
202636092911,2026-09-29,11,スターシューター,1.0,1.0,南郷家全,56.0,,6.0,8.0,水沢,スプリント特別(OP),0:50.4,0.7,曇,5.0,4.0,盛岡,葉月特別(A),1:40.4,2.3,晴,,,盛岡,スプリント特別(OP),,,曇,8.0,8.0,盛岡,岩鷲賞(重賞),1:12.9,2.4,晴,7.0,6.0,水沢,早池峰賞(重賞),1:29.5,1.2,曇,20.1,9.0,,nar,2026-09-29,50.44,58.5,52.2,24.9,54.0,54.7,43.8,履歴少 / 市場オッズ妙味
202648092911,2026-09-29,11,ステラデルシエロ,4.0,4.0,木之前葵,55.0,,12.0,10.0,名古屋,白露特別(A),1:33.8,5.3,曇,6.0,8.0,名古屋,初秋特別(A),1:38.5,2.7,雨,9.0,8.0,名古屋,立秋特別(A),1:39.1,4.2,晴,9.0,11.0,高知,C2ー2,1:51.1,2.2,晴,,,高知,C2ー2,,,晴,122.9,11.0,,nar,2026-09-29,36.38,34.5,49.9,0.0,26.0,51.7,43.8,履歴少
202643092911,2026-09-29,11,ストーンズ,6.0,6.0,Ｆ．ゴン,57.0,,6.0,4.0,1阪神6,4歳以上2勝クラス,1:24.9,1.8,晴,3.0,2.0,1東京6,4歳以上2勝クラス,1:25.0,0.3,晴,1.0,1.0,5中京1,3歳以上1勝クラス,1:53.7,-0.3,晴,2.0,2.0,3福島2,3歳以上1勝クラス,1:46.0,0.3,曇,4.0,2.0,4阪神2,3歳以上1勝クラス,1:54.1,1.3,晴,4.8,3.0,,nar,2026-09-29,56.86,80.2,42.6,69.6,29.0,53.4,48.8,履歴少 / 安定感
202636092911,2026-09-29,11,ソレア,4.0,4.0,高橋悠里,54.0,,9.0,3.0,水沢,B1,0:51.5,1.6,雨,1.0,5.0,盛岡,B1,1:12.3,-0.3,曇,8.0,6.0,園田,丹波篠山デカンショ特(B1),1:24.0,4.6,曇,7.0,7.0,園田,B1B2,0:50.5,1.2,晴,10.0,8.0,園田,ダリア賞B1B2,1:22.0,2.3,晴,100.3,11.0,,nar,2026-09-29,44.02,55.0,40.0,24.9,35.0,48.7,50.0,総合評価
202636092911,2026-09-29,11,チベリウス,11.0,8.0,坂井瑛音,55.0,,1.0,4.0,水沢,B1,0:49.9,-0.3,雨,5.0,5.0,盛岡,B1,1:00.0,1.0,曇,8.0,6.0,盛岡,B1,1:13.8,1.6,曇,6.0,4.0,水沢,スプリント特別(OP),0:49.9,0.5,曇,2.0,2.0,盛岡,B1,0:59.9,0.5,晴,15.2,6.0,,nar,2026-09-29,63.77,74.3,51.6,65.7,75.5,60.9,51.2,水沢実績 / 前走人気以上 / 履歴少 / 近走上向き
202648092911,2026-09-29,11,トレイルリッジ,5.0,5.0,丹羽克輝,55.0,,10.0,9.0,名古屋,白露特別(A),1:31.7,3.2,曇,10.0,9.0,金沢,金沢競馬は楽天競馬で(A2),1:56.3,3.0,晴,8.0,8.0,金沢,お家でネット投票!楽(A2),1:34.2,2.7,曇,10.0,10.0,金沢,お家でネット投票!楽(A2),1:34.1,2.0,晴,7.0,9.0,金沢,お家でネット投票!楽(A2),1:32.8,1.3,雨,100.8,10.0,,nar,2026-09-29,38.07,33.6,47.6,0.0,42.5,50.9,50.0,総合評価
202636092911,2026-09-29,11,ナムラボス,6.0,6.0,鈴木祐,56.0,,7.0,8.0,盛岡,スプリント特別(OP),1:00.1,1.5,晴,3.0,4.0,盛岡,ネモフィラ賞(B1),1:25.0,0.4,曇,1.0,3.0,盛岡,レモンポップ特別(B1),1:24.7,-0.2,晴,9.0,2.0,水沢,カジノフォンテン特別(B1),1:30.0,1.8,曇,1.0,2.0,水沢,ほやこおねえさん賞(B1),1:29.4,-0.1,晴,8.6,2.0,,nar,2026-09-29,55.54,72.1,50.2,55.0,29.0,57.9,51.2,水沢実績 / 履歴少
202630092911,2026-09-29,11,ノアルパフェ,4.0,4.0,小野楓馬,56.0,,4.0,2.0,門別,新冠ライオンズクラブ(B4),1:02.1,1.3,雨,4.0,3.0,門別,グランシャリオドリー(B4),1:02.0,0.6,曇,2.0,2.0,門別,平取町長杯「平取すず(B4),1:01.9,1.2,晴,1.0,5.0,門別,グランシャリオドリー(B4),1:01.7,-0.1,晴,1.0,1.0,門別,レジェンド・折茂社長(C3),1:01.9,0.0,晴,8.8,5.0,,nar,2026-09-29,66.27,85.1,48.1,100.0,38.0,59.9,59.5,門別実績 / 履歴少 / 安定感
202646092911,2026-09-29,11,ハクサンミラクル,4.0,4.0,吉原寛人,57.0,,5.0,3.0,金沢,お家でネット投票!楽(A2),1:38.3,0.5,曇,6.0,2.0,金沢,金沢競馬は楽天競馬で(A2),1:54.0,0.7,晴,3.0,7.0,金沢,金沢競馬は楽天競馬で(A2),1:53.5,0.1,晴,8.0,7.0,金沢,金沢競馬は楽天競馬で(A2),1:55.6,2.0,晴,2.0,3.0,金沢,金沢競馬は楽天競馬で(A2),1:53.6,0.1,曇,9.0,6.0,,nar,2026-09-29,56.13,68.1,44.0,60.5,48.5,58.1,52.9,金沢実績 / 履歴少 / 安定感
202648092911,2026-09-29,11,バードハズフロウン,11.0,8.0,加藤誓二,55.0,,11.0,11.0,名古屋,白露特別(A),1:33.1,4.6,曇,8.0,9.0,名古屋,初秋特別(A),1:38.9,3.1,雨,6.0,10.0,名古屋,立秋特別(A),1:36.8,1.9,晴,11.0,12.0,名古屋,土用特別(A),1:53.8,3.8,晴,11.0,2.0,盛岡,碁石海岸賞(C1),1:43.7,4.8,曇,263.2,12.0,,nar,2026-09-29,37.71,33.9,51.8,0.0,38.0,49.0,43.8,履歴少
202646092911,2026-09-29,11,パンテレリア,1.0,1.0,栗原大河,57.0,,5.0,5.0,金沢,金沢鼓門賞【金沢スプ(重賞),1:32.4,1.9,雨,1.0,1.0,金沢,金沢競馬は楽天競馬で(A2),1:53.4,0.0,晴,1.0,1.0,金沢,金沢競馬は楽天競馬で(A2),1:53.6,-0.4,晴,1.0,3.0,金沢,柴山潟特別(B1),1:38.2,-0.5,曇,1.0,1.0,金沢,B12,1:32.6,-0.8,曇,4.1,3.0,,nar,2026-09-29,66.86,90.3,52.0,100.0,26.0,57.3,59.5,金沢実績 / 履歴少 / 安定感
202648092911,2026-09-29,11,ビアリッツ,12.0,8.0,村上弘樹,55.0,,8.0,8.0,名古屋,秋の鞍(重賞),1:36.2,2.1,晴,7.0,8.0,名古屋,コバルト特別(A),1:30.1,1.7,雨,3.0,5.0,名古屋,はくちょう座特別(B),1:50.2,1.1,晴,1.0,4.0,名古屋,アレキサンドリア特別(3歳),1:30.4,-0.2,晴,5.0,8.0,名古屋,けやき杯(OP)(3歳),1:51.4,1.7,晴,2.8,2.0,,nar,2026-09-29,54.57,64.5,59.7,44.7,26.0,60.2,52.5,名古屋実績 / 前走人気以上
202646092911,2026-09-29,11,ビスクウィザード,2.0,2.0,沖静男,57.0,,4.0,8.0,金沢,お家でネット投票!楽(A2),1:38.0,0.2,曇,9.0,8.0,金沢,金沢競馬は楽天競馬で(A2),1:55.9,2.5,晴,9.0,5.0,金沢,金沢競馬は楽天競馬で(A2),1:58.1,4.5,晴,1.0,5.0,金沢,金沢競馬は楽天競馬で(A2),1:53.5,-0.1,曇,2.0,8.0,金沢,金沢競馬は楽天競馬で(A2),1:54.4,0.2,曇,7.1,5.0,,nar,2026-09-29,59.85,63.3,59.7,55.3,57.5,64.2,52.9,金沢実績 / 前走人気以上 / 履歴少
202648092911,2026-09-29,11,ファルーク,9.0,7.0,今井貴大,57.0,,3.0,8.0,水沢,B1,0:50.5,0.6,雨,10.0,9.0,盛岡,B1,1:14.2,1.9,曇,1.0,2.0,水沢,B2,0:51.3,-0.1,曇,1.0,4.0,水沢,B2,0:52.1,-0.2,晴,4.0,3.0,水沢,B2,0:52.5,1.5,晴,15.3,6.0,,nar,2026-09-29,65.81,74.7,62.6,75.1,56.0,66.2,48.8,前走人気以上 / 履歴少 / 安定感 / 過小評価傾向
202630092911,2026-09-29,11,ベルオーブ,5.0,5.0,亀井洋司,55.0,,7.0,7.0,門別,グランシャリオドリー(B4),1:02.7,1.1,晴,10.0,11.0,門別,うまどしひだか202(B4),1:02.8,1.3,曇,5.0,7.0,門別,比布駅改築10周年記(B4),1:02.5,0.6,曇,1.0,2.0,門別,3歳以上C3ー2C4,1:02.5,0.0,曇,3.0,3.0,門別,函館競馬場開設130(C3),1:01.9,0.3,晴,74.8,8.0,,nar,2026-09-29,52.87,59.5,55.5,44.7,36.5,56.1,52.9,門別実績 / 履歴少
202646092911,2026-09-29,11,ボルネオ,3.0,3.0,魚住謙心,57.0,,8.0,7.0,金沢,お家でネット投票!楽(A2),1:38.6,0.8,曇,6.0,6.0,金沢,金沢競馬は楽天競馬で(A2),1:54.5,2.3,曇,4.0,4.0,金沢,金沢競馬は楽天競馬で(A2),1:53.8,0.5,晴,5.0,5.0,金沢,金沢競馬は楽天競馬で(A2),1:53.9,0.5,晴,4.0,2.0,金沢,金沢競馬は楽天競馬で(A2),1:54.6,1.0,晴,28.6,8.0,,nar,2026-09-29,50.17,61.1,46.4,44.7,30.5,54.3,52.9,金沢実績 / 履歴少 / 市場オッズ妙味
202630092911,2026-09-29,11,マイネルジーニアス,1.0,1.0,金山昇馬,57.0,,6.0,5.0,門別,ポッカレモン100特(B4),1:02.5,0.8,晴,3.0,5.0,門別,新冠ライオンズクラブ(B4),1:02.0,1.2,雨,5.0,5.0,門別,日高コズミック祭り特(B4),1:16.0,1.3,曇,5.0,5.0,門別,JAびらとりニシパの(B4),1:02.9,1.4,晴,5.0,6.0,門別,グランシャリオドリー(B4),1:02.6,0.9,晴,29.6,7.0,,nar,2026-09-29,58.93,69.6,52.1,69.6,41.0,57.6,56.2,門別実績 / 履歴少 / 安定感 / 市場オッズ妙味
202636092911,2026-09-29,11,マジカルワード,8.0,7.0,斉藤友香,50.0,,5.0,9.0,水沢,爽秋特別(A),1:42.4,0.8,曇,4.0,4.0,盛岡,B1,1:45.3,0.5,曇,3.0,7.0,盛岡,B1,1:37.7,0.9,晴,11.0,6.0,盛岡,アンタレス賞(B1),1:46.6,1.6,小雨,4.0,3.0,盛岡,夢・希望未来へ前進(B1),1:39.0,0.4,曇,34.4,10.0,,nar,2026-09-29,62.27,67.0,58.2,85.4,53.0,57.6,48.8,前走人気以上 / 履歴少 / 安定感 / 市場オッズ妙味
202646092911,2026-09-29,11,マニーヒーロー,7.0,7.0,青柳正義,57.0,,5.0,6.0,金沢,楽天ポイントが貯まる(A1),1:52.6,1.5,晴,5.0,4.0,金沢,スマホで投票!楽天競(A1),1:53.0,1.2,雨,4.0,3.0,金沢,楽天ポイントが貯まる(A1),1:31.1,1.4,晴,2.0,4.0,金沢,金沢競馬は楽天競馬で(A2),1:53.4,0.0,晴,2.0,4.0,金沢,金沢競馬は楽天競馬で(A2),1:54.0,0.4,晴,3.7,1.0,,nar,2026-09-29,64.49,75.6,52.5,100.0,39.5,57.5,59.5,金沢実績 / 履歴少 / 安定感
202630092911,2026-09-29,11,ミソドレミ,9.0,8.0,桑村真明,56.0,,2.0,5.0,門別,グランシャリオドリー(B4),1:01.6,0.0,晴,3.0,4.0,門別,グランシャリオドリー(B4),1:01.9,0.7,雨,6.0,4.0,門別,平取町長杯「平取すず(B4),1:03.0,2.3,晴,3.0,1.0,門別,プルメリア特別(B4),1:01.9,1.0,晴,1.0,1.0,門別,グランシャリオドリー(B4),1:02.1,-0.1,曇,8.3,4.0,,nar,2026-09-29,66.54,83.3,53.3,80.2,57.5,59.0,56.2,門別実績 / 前走人気以上 / 履歴少 / 安定感
202643092911,2026-09-29,11,モイラ,5.0,5.0,山中悠希,55.0,,1.0,3.0,船橋,獅子奮迅スプリント(B1B2),1:13.4,0.0,晴,1.0,2.0,船橋,馬い!洲本農園玉ねぎ(B2),1:14.4,-0.3,曇,3.0,1.0,船橋,ラベンダースプリント(B2),1:15.6,0.3,曇,9.0,1.0,船橋,桜梅桃李賞(B2),1:46.6,1.3,曇,1.0,1.0,川崎,一富士賞(B3),1:37.1,-0.5,晴,3.8,2.0,,nar,2026-09-29,66.06,87.5,45.1,85.4,65.0,51.1,55.3,船橋実績 / 履歴少 / 近走上向き / 安定感
202643092911,2026-09-29,11,モデルハント,4.0,4.0,張田昂,55.0,,6.0,9.0,船橋,マリーゴールドスプリ(B1B2),1:16.8,1.5,曇,9.0,4.0,船橋,ベルフラワースプリン(B1B2),1:17.6,3.0,曇,10.0,6.0,浦和,青葉特別(A2),1:29.9,2.7,曇,1.0,4.0,船橋,くじら座スプリント(B1),1:14.2,0.0,雨,9.0,2.0,船橋,クイーンズオーディシ(A2),1:45.7,3.1,晴,27.1,7.0,,nar,2026-09-29,44.04,51.1,40.1,14.6,57.5,48.2,47.1,前走人気以上 / 履歴少 / 市場オッズ妙味
202630092911,2026-09-29,11,ユーキャンフライ,6.0,6.0,落合玄太,55.0,,3.0,3.0,門別,雪印北海道100特別(B4),1:01.5,0.1,晴,7.0,1.0,門別,グランシャリオドリー(B4),1:02.6,1.4,雨,1.0,2.0,門別,社会貢献×門別うまレ(C3),1:01.2,-0.5,晴,1.0,1.0,門別,3歳以上C4ー2,1:01.9,-0.6,曇,2.0,5.0,門別,3歳以上C4ー2,1:15.7,0.2,晴,6.9,3.0,,nar,2026-09-29,61.64,82.3,43.1,75.1,48.5,56.9,54.5,門別実績 / 前走人気以上 / 安定感
202643092911,2026-09-29,11,ヨルノテイオー,1.0,1.0,和田譲治,57.0,,8.0,2.0,船橋,獅子奮迅スプリント(B1B2),1:14.4,1.0,晴,3.0,2.0,船橋,黒勾玉スプリント(B1B2),1:14.5,0.4,曇,2.0,6.0,船橋,モクレンスプリント(B1),1:14.1,0.1,曇,3.0,8.0,船橋,マリーゴールドスプリ(B1B2),1:16.0,0.7,曇,7.0,8.0,浦和,早苗月特別(B1B2),1:29.3,0.9,曇,9.8,5.0,,nar,2026-09-29,55.1,70.1,46.9,59.3,24.5,61.7,55.3,船橋実績 / 履歴少
202636092911,2026-09-29,11,ロングウッド,5.0,5.0,塚本涼人,56.0,,11.0,7.0,水沢,爽秋特別(A),1:44.4,2.8,曇,2.0,1.0,盛岡,B2,1:25.3,0.0,曇,1.0,5.0,盛岡,ソウルラッシュ特別(B2),1:24.6,-0.3,晴,7.0,1.0,水沢,B1,1:30.6,2.2,曇,2.0,1.0,盛岡,C1,1:26.3,0.4,曇,13.4,3.0,,nar,2026-09-29,46.7,65.9,38.4,55.0,2.0,55.8,43.8,履歴少 / 市場オッズ妙味
202648092911,2026-09-29,11,ワカギミ,3.0,3.0,塚本征吾,57.0,,6.0,6.0,名古屋,白露特別(A),1:30.2,1.7,曇,3.0,6.0,名古屋,アルフェラッツ大空特(B),2:13.9,2.0,曇,10.0,6.0,名古屋,はくちょう座特別(B),1:51.7,2.6,晴,4.0,9.0,名古屋,夏の大三角特別(B),1:36.5,0.4,小雨,7.0,6.0,名古屋,へびつかい座特別(B),1:52.6,1.8,曇,8.3,4.0,,nar,2026-09-29,54.03,61.2,54.1,39.5,50.0,58.7,49.6,履歴少
202636092911,2026-09-29,11,ワガンセ,9.0,7.0,山本聡紀,56.0,,2.0,2.0,水沢,B1,1:29.0,0.1,曇,1.0,1.0,盛岡,秋桜賞(B1),1:25.1,-0.2,曇,1.0,1.0,盛岡,オーキッド賞(B1),1:24.0,-0.5,曇,1.0,1.0,盛岡,B2,1:25.0,-0.3,晴,1.0,1.0,盛岡,B2,1:39.3,-0.3,晴,1.6,1.0,,nar,2026-09-29,68.75,97.6,50.0,100.0,44.0,52.0,48.8,履歴少 / 安定感
202643092911,2026-09-29,11,ワラ,7.0,7.0,笹川翼,57.0,,7.0,9.0,船橋,獅子奮迅スプリント(B1B2),1:14.4,1.0,晴,6.0,9.0,船橋,黒勾玉スプリント(B1B2),1:16.1,2.0,曇,10.0,10.0,船橋,モクレンスプリント(B1),1:16.3,2.3,曇,3.0,7.0,船橋,くじら座スプリント(B1),1:14.5,0.3,雨,8.0,10.0,船橋,ツクシスプリント(B1),1:15.9,1.7,晴,31.1,8.0,,nar,2026-09-29,51.33,53.1,65.0,14.6,48.5,61.9,46.3,履歴少 / 人気以上に走る傾向 / 市場オッズ妙味
202648092912,2026-09-29,12,アジアアンプルール,6.0,5.0,木之前葵,55.0,,7.0,9.0,名古屋,3歳19組,1:42.6,2.3,曇,11.0,8.0,名古屋,盆明け疾風戦(3歳),1:00.2,3.1,晴,12.0,4.0,名古屋,名古屋モーニングフィ(3歳),1:44.3,4.6,晴,,,,,,,,,,,,,,,17.8,7.0,,nar,2026-09-29,36.49,30.9,34.0,0.0,77.0,43.5,43.8,履歴少 / 近走上向き / 市場オッズ妙味
202630092912,2026-09-29,12,アルバソーレ,5.0,5.0,阿部龍,57.0,,3.0,2.0,門別,北海道コンサドーレ札(B1),1:44.0,0.5,晴,3.0,1.0,門別,グランシャリオドリー(B3),1:36.4,0.7,曇,1.0,1.0,門別,グランシャリオドリー(B4),1:44.3,-0.1,曇,1.0,1.0,門別,トケイソウ特別(B4),1:37.0,-0.6,曇,1.0,1.0,門別,大人になった内藤耀悠(C3),1:44.2,-0.5,晴,4.1,2.0,,nar,2026-09-29,66.61,91.1,44.4,100.0,41.0,54.1,59.5,門別実績 / 履歴少 / 安定感
202630092912,2026-09-29,12,イケメンパリピ,12.0,8.0,金山昇馬,57.0,,9.0,10.0,門別,グランシャリオドリー(B3),1:38.3,2.6,曇,6.0,8.0,門別,千軍万馬OP(OP)(一般),2:58.6,5.6,晴,7.0,8.0,門別,ロードカナロア・プレ(B1),1:46.6,3.7,晴,3.0,4.0,門別,フウリンソウ特別(B4),1:46.1,0.8,曇,5.0,10.0,門別,コントレイル・プレミ(B1),1:59.7,1.2,曇,98.2,12.0,,nar,2026-09-29,50.15,55.5,61.6,24.9,27.5,59.1,52.6,クラス条件好転 / 履歴少
202648092912,2026-09-29,12,イントゥディープ,8.0,6.0,大畑慧悟,57.0,,7.0,11.0,名古屋,3歳19組,1:41.1,3.8,曇,9.0,10.0,名古屋,3歳19組,1:44.1,3.8,曇,7.0,12.0,名古屋,盆明け疾風戦(3歳),0:58.9,1.8,晴,11.0,12.0,名古屋,名古屋モーニングフィ(3歳),1:43.3,3.6,晴,12.0,12.0,名古屋,名古屋モーニングフィ(3歳),1:44.0,4.5,曇,36.7,11.0,,nar,2026-09-29,47.94,39.2,68.2,0.0,66.5,58.8,43.8,前走人気以上 / 履歴少 / 人気以上に走る傾向 / 近走上向き
202630092912,2026-09-29,12,ウイントールキン,11.0,8.0,石川倭,57.0,,1.0,3.0,門別,フジバカマ特別(B3),1:44.0,-0.2,晴,3.0,5.0,門別,グランシャリオドリー(B4),1:14.2,0.3,雨,2.0,4.0,門別,日高コズミック祭り特(B4),1:15.2,0.5,曇,6.0,7.0,門別,優駿の里安平町あびら(B4),1:15.1,0.9,曇,5.0,3.0,佐賀,文月特別(B),1:56.3,2.2,雨,8.5,5.0,,nar,2026-09-29,70.98,85.3,60.1,85.4,68.0,62.4,55.3,門別実績 / 履歴少 / 近走上向き / 安定感
202636092912,2026-09-29,12,ウラヤ,9.0,7.0,山本聡哉,56.0,,4.0,2.0,盛岡,岩鷲賞(重賞),1:12.2,1.7,晴,3.0,2.0,水沢,早池峰賞(重賞),1:28.7,0.4,曇,2.0,4.0,水沢,栗駒賞(重賞),1:28.3,0.4,曇,,,水沢,トウケイニセイ記念(重賞),,,曇,1.0,1.0,盛岡,絆C(重賞),1:11.4,-0.1,晴,6.6,3.0,,nar,2026-09-29,63.64,84.9,46.2,85.4,38.0,57.2,59.5,水沢実績 / 履歴少 / 安定感
202630092912,2026-09-29,12,エイイチ,2.0,2.0,服部茂史,57.0,,2.0,1.0,門別,新冠町長杯レコードな(B1),1:50.3,0.2,雨,4.0,1.0,門別,オオウバユリ特別(B3),1:58.3,0.6,晴,,,門別,グランシャリオドリー(B1),,,晴,2.0,2.0,門別,ステラヴェローチェ賞(A4),1:50.6,0.0,曇,1.0,1.0,門別,グランシャリオドリー(B4),1:50.7,-0.2,晴,3.0,1.0,,nar,2026-09-29,63.77,88.1,40.8,80.2,52.0,51.4,62.5,門別実績 / クラス条件好転 / 履歴少 / 安定感
202636092912,2026-09-29,12,エメラルドビーチ,8.0,7.0,高松亮,56.0,,5.0,4.0,盛岡,スプリント特別(OP),1:12.3,1.9,曇,4.0,3.0,盛岡,スプリント特別(OP),0:59.5,0.9,晴,1.0,5.0,門別,とままえななつぼし特(A1),1:12.9,-0.2,晴,4.0,2.0,門別,風かおる優駿桜国しん(OP)(一般),1:01.6,0.7,曇,2.0,2.0,盛岡,スプリント特別(OP),0:59.5,1.0,晴,18.1,6.0,,nar,2026-09-29,64.27,80.0,49.6,100.0,36.5,62.2,48.8,履歴少 / 安定感 / 市場オッズ妙味
202636092912,2026-09-29,12,オンラインボス,11.0,8.0,村上忍,56.0,,1.0,1.0,水沢,白露特別(A),1:41.3,-1.2,曇,2.0,3.0,門別,丸くなるな、星になれ(A1),1:13.3,0.3,晴,,3.0,門別,日高銀聖特別(A2),,,曇,2.0,2.0,門別,アメリカンペイトリオ(A3),1:14.0,0.0,晴,1.0,3.0,門別,登別地獄の谷の鬼花火(A3),1:14.0,-0.1,曇,9.7,5.0,,nar,2026-09-29,69.53,96.1,54.0,80.2,54.0,62.1,48.8,履歴少 / 安定感
202630092912,2026-09-29,12,カイシンパジェント,9.0,7.0,桑村真明,55.0,,4.0,10.0,2札幌3,3歳以上1勝クラス,1:50.1,0.1,晴,6.0,7.0,1札幌2,厚岸特別(1勝クラス),2:00.9,0.7,晴,4.0,5.0,門別,フロイラインカップ〔(重賞),1:53.0,1.4,曇,2.0,9.0,門別,フロイラインスプリン(重賞),1:14.4,1.0,曇,9.0,7.0,門別,25周年キレートレモ(OP)(3歳),1:17.1,2.9,曇,7.2,4.0,,nar,2026-09-29,66.57,70.2,71.6,64.7,57.5,66.9,57.0,門別実績 / クラス条件好転 / 前走人気以上 / 履歴少
202630092912,2026-09-29,12,ガイストゼーゲン,7.0,6.0,落合玄太,57.0,,7.0,1.0,門別,フジバカマ特別(B3),1:44.4,0.4,晴,2.0,5.0,門別,グランシャリオドリー(B3),1:36.3,0.6,曇,1.0,2.0,門別,日高コズミック祭り特(B4),1:14.7,-0.5,曇,1.0,1.0,門別,3歳以上C3ー2C4,1:14.1,-0.3,曇,2.0,1.0,門別,3歳以上C3ー2C4,1:14.4,0.4,晴,5.0,3.0,,nar,2026-09-29,57.0,82.6,43.1,69.6,17.0,54.9,54.5,門別実績 / 安定感
202643092912,2026-09-29,12,クラバルバトス,10.0,7.0,沖響主,51.0,,12.0,12.0,船橋,ユウガオスプリント(B3),1:17.5,3.4,晴,10.0,10.0,船橋,葉月ダッシュ(B2B3),1:03.6,2.8,晴,11.0,11.0,船橋,ジュライダッシュ(B3),1:03.4,1.8,曇,8.0,9.0,船橋,パールスプリント(B3),1:16.9,1.8,晴,6.0,14.0,船橋,潮干狩りダッシュ(B3),1:02.2,1.0,晴,95.1,13.0,,nar,2026-09-29,36.95,27.2,56.8,0.0,30.5,56.8,41.0,履歴少
202643092912,2026-09-29,12,クラレーヴ,8.0,6.0,本橋孝太,54.0,,14.0,7.0,船橋,オーガストダッシュ(B2B3),1:03.7,2.6,曇,3.0,4.0,浦和,秋風月特別(B3C1),1:35.6,0.4,雨,1.0,6.0,浦和,夕凪特別(C1),0:46.6,-0.4,雨,3.0,3.0,船橋,7月5日は、江戸切子(C1),1:02.5,0.2,曇,12.0,6.0,船橋,イナヅマダッシュ(C1),1:04.2,2.1,雨,11.5,6.0,,nar,2026-09-29,44.45,54.2,39.4,59.3,0.0,55.8,48.8,クラス条件好転 / 前走人気以上
202630092912,2026-09-29,12,ケイアイブイスリー,6.0,5.0,小野楓馬,57.0,,5.0,7.0,門別,新冠町長杯レコードな(B1),1:51.1,1.0,雨,9.0,4.0,門別,モーリス・プレミアム(B1),1:59.1,2.1,曇,1.0,2.0,門別,YJSトライアルラウ(B4),1:51.0,-0.5,晴,1.0,2.0,門別,フウリンソウ特別(B4),1:45.3,-0.4,曇,8.0,3.0,門別,キングサリ特別(B4),1:16.4,2.7,晴,20.6,7.0,,nar,2026-09-29,56.04,68.5,44.3,64.7,48.5,52.4,52.9,門別実績 / 履歴少 / 安定感 / 市場オッズ妙味
202648092912,2026-09-29,12,ココプレミア,5.0,5.0,大畑雅章,55.0,,10.0,12.0,名古屋,3歳16組,1:41.3,4.1,曇,10.0,9.0,園田,夢洲7ハロンC2二,1:36.4,3.1,晴,10.0,9.0,園田,C2四,1:38.3,3.7,晴,8.0,8.0,園田,古森7ハロンC2二,1:34.9,3.3,曇,10.0,7.0,園田,C2二,1:34.9,3.2,晴,33.2,10.0,,nar,2026-09-29,37.84,30.3,49.0,0.0,47.0,49.7,50.0,総合評価
202643092912,2026-09-29,12,コスモエンエン,12.0,8.0,矢野貴之,56.0,,12.0,3.0,船橋,半夏生スプリント(B2),1:17.4,3.2,曇,1.0,1.0,船橋,馬い!グリーングラス(B3),1:14.9,-0.2,曇,7.0,1.0,船橋,牡牛座スプリント(B3),1:16.4,0.7,曇,1.0,1.0,船橋,ハルジオンスプリント(B3),1:15.4,0.0,晴,1.0,1.0,船橋,C1二 三四 ウ(C1三),1:16.4,-0.3,晴,6.4,4.0,,nar,2026-09-29,41.28,63.8,22.6,49.8,0.0,48.2,52.9,船橋実績 / 履歴少
202643092912,2026-09-29,12,サベージラヴ,1.0,1.0,藤本現暉,54.0,,10.0,9.0,1札幌4,3歳以上2勝クラス,1:00.6,2.3,晴,10.0,10.0,1函館10,噴火湾特別(2勝クラス),0:59.1,1.4,雨,15.0,13.0,1福島2,喜多方特別(2勝クラス),1:11.1,2.4,晴,4.0,4.0,1札幌8,大通公園特別(2勝クラス),0:59.1,0.4,曇,4.0,8.0,1函館10,噴火湾特別(2勝クラス),0:59.1,0.2,晴,5.6,3.0,,nar,2026-09-29,41.43,34.4,48.0,24.9,39.5,52.6,51.8,クラス条件好転
202636092912,2026-09-29,12,サラサワン,3.0,3.0,佐々木志,56.0,,3.0,1.0,水沢,B1,1:29.2,0.3,曇,4.0,1.0,盛岡,ポーチュラカ賞(B1),1:11.7,0.9,雨,5.0,3.0,水沢,白嶺賞(重賞),1:29.1,1.2,晴,1.0,4.0,水沢,スプリント特別(OP),1:25.2,-0.4,曇,8.0,8.0,水沢,白鳥特別(A),2:03.2,2.0,曇,25.8,9.0,,nar,2026-09-29,62.26,77.0,40.8,89.7,59.0,53.7,55.3,水沢実績 / 履歴少 / 安定感 / 市場オッズ妙味
202643092912,2026-09-29,12,シナジーエフェクト,11.0,7.0,臼井健太,56.0,,10.0,8.0,船橋,モルセラスプリント(B3),1:16.0,1.8,晴,3.0,6.0,船橋,ナイアガラスプリント(C1),1:15.3,0.6,晴,4.0,7.0,船橋,ジュライダッシュ(B3),1:02.1,0.5,曇,4.0,7.0,船橋,イナヅマダッシュ(C1),1:02.8,0.7,雨,7.0,4.0,船橋,こどもの日スプリント(C1),1:16.1,1.2,晴,34.7,10.0,,nar,2026-09-29,54.07,60.9,56.0,59.3,17.0,58.9,61.7,船橋実績 / ダ適性 / 履歴少 / 市場オッズ妙味
202648092912,2026-09-29,12,シャインプレマ,1.0,1.0,丹羽克輝,55.0,,11.0,8.0,名古屋,3歳19組,1:42.2,4.9,曇,8.0,7.0,名古屋,3歳19組,1:43.2,2.9,曇,7.0,11.0,名古屋,金シャチ最終戦(3歳),1:41.3,2.6,晴,9.0,8.0,名古屋,名古屋モーニングフィ(3歳),1:41.0,1.3,晴,9.0,7.0,名古屋,名古屋モーニングフィ(3歳),1:42.0,2.5,曇,42.3,12.0,,nar,2026-09-29,36.2,36.3,44.9,0.0,33.5,49.0,43.8,履歴少
202643092912,2026-09-29,12,シャドウダッチェス,2.0,2.0,古岡勇樹,54.0,,5.0,4.0,船橋,渓流ダッシュ(C1C2),1:01.8,1.5,曇,8.0,5.0,船橋,カンナダッシュ(C1),1:02.6,0.8,曇,12.0,5.0,船橋,ジュライダッシュ(B3),1:03.9,2.3,曇,7.0,7.0,船橋,オオカミ座ダッシュ(B2B3),1:02.8,1.0,曇,5.0,6.0,船橋,潮干狩りダッシュ(B3),1:02.0,0.8,晴,57.1,11.0,,nar,2026-09-29,46.15,48.6,33.7,40.7,68.0,45.6,50.2,履歴少 / 近走上向き
202636092912,2026-09-29,12,ショウナンナスカ,1.0,1.0,菅原辰徳,56.0,,1.0,1.0,盛岡,スプリント特別(OP),1:10.4,-0.7,曇,1.0,2.0,盛岡,葉月特別(A),1:38.1,0.0,晴,1.0,1.0,盛岡,スプリント特別(OP),1:24.7,-0.4,曇,1.0,1.0,盛岡,ハヤテ特別(OP),1:11.4,-0.1,晴,1.0,1.0,水沢,ハヤテ特別(OP),1:26.7,0.0,曇,2.0,1.0,,nar,2026-09-29,70.8,100.0,51.7,100.0,50.0,53.6,48.8,履歴少 / 安定感
202643092912,2026-09-29,12,ショコラブレッド,7.0,5.0,川島正太,54.0,,8.0,3.0,船橋,モルセラスプリント(B3),1:15.7,1.5,晴,2.0,8.0,船橋,サボテンスプリント(B3),1:15.4,0.6,曇,1.0,1.0,川崎,久遠賞(C1),0:55.5,-0.4,晴,8.0,3.0,船橋,クロッカススプリント(C1),1:17.0,1.3,晴,1.0,2.0,船橋,市川JC60周年お疲(C1二),1:15.1,-0.2,晴,4.5,2.0,,nar,2026-09-29,53.04,72.8,45.4,55.0,20.0,54.5,51.2,船橋実績 / 履歴少
202636092912,2026-09-29,12,ジェイエルビット,2.0,2.0,山本政聡,56.0,,1.0,5.0,盛岡,ハヤテスプリント(重賞),1:11.4,-0.1,晴,2.0,4.0,水沢,ウイナーC(重賞),1:27.8,0.4,晴,5.0,1.0,盛岡,イーハトーブマイル(重賞),1:40.5,1.3,晴,7.0,8.0,盛岡,ダイヤモンドC(重賞),1:54.7,2.4,晴,3.0,2.0,水沢,ネクストスター北日本(重賞),1:26.6,1.1,曇,6.3,2.0,,nar,2026-09-29,69.69,83.0,56.8,85.4,69.5,59.1,59.5,水沢実績 / 前走人気以上 / 履歴少 / 近走上向き
202643092912,2026-09-29,12,ジェネシスミザール,13.0,8.0,仲野光馬,56.0,,10.0,10.0,船橋,オーガストダッシュ(B2B3),1:02.4,1.3,曇,4.0,5.0,船橋,葉月ダッシュ(B2B3),1:01.9,1.1,晴,2.0,13.0,船橋,オオカミ座ダッシュ(B2B3),1:02.1,0.3,曇,10.0,12.0,浦和,田草月特別(B2B3),0:48.2,1.2,晴,10.0,11.0,川崎,明鏡止水賞(B3),0:55.4,1.2,晴,32.8,9.0,,nar,2026-09-29,55.38,52.6,69.7,44.7,29.0,66.0,58.2,船橋実績 / ダ適性 / 履歴少 / 人気以上に走る傾向
202630092912,2026-09-29,12,ジャスパードリーム,3.0,3.0,松井伸也,57.0,,6.0,5.0,門別,風かおる優駿桜国しん(B3),1:01.8,1.0,雨,6.0,7.0,門別,サルビア特別(B3),1:15.4,2.0,晴,8.0,7.0,門別,ロードカナロア・プレ(B1),1:47.4,4.5,晴,11.0,5.0,門別,コントレイル・プレミ(B1),2:05.5,7.0,曇,7.0,3.0,門別,クレマチス特別(B2),1:47.4,2.9,曇,81.0,10.0,,nar,2026-09-29,41.86,50.2,39.2,0.0,62.0,45.5,46.0,クラス条件好転 / 履歴少
202648092912,2026-09-29,12,ジューンミレニアム,2.0,2.0,尾崎章生,55.0,,8.0,11.0,名古屋,3歳18組,1:42.3,4.9,曇,10.0,10.0,名古屋,3歳17組,1:43.2,3.7,曇,12.0,12.0,名古屋,3歳14組,1:43.0,8.4,晴,,,名古屋,あおちゃん24歳おめ(3歳),,,雨,16.0,16.0,3東京6,3歳以上1勝クラス,1:41.9,6.6,曇,29.2,9.0,,nar,2026-09-29,42.55,26.6,57.5,0.0,78.0,54.1,43.8,前走人気以上 / 履歴少 / 近走上向き
202636092912,2026-09-29,12,スプラウティング,6.0,6.0,塚本涼人,56.0,,8.0,7.0,盛岡,クラスターC(JpnIII),1:12.1,2.4,晴,3.0,3.0,盛岡,岩鷲賞(重賞),1:12.0,1.5,晴,2.0,3.0,水沢,早池峰賞(重賞),1:28.4,0.1,曇,2.0,1.0,盛岡,スプリント特別(OP),1:12.0,0.2,晴,3.0,2.0,水沢,栗駒賞(重賞),1:28.6,0.7,曇,9.0,4.0,,nar,2026-09-29,56.75,74.6,47.5,69.6,17.0,58.1,59.5,水沢実績 / 履歴少 / 安定感
202643092912,2026-09-29,12,スプリンガフォート,6.0,5.0,笹川翼,53.0,,2.0,2.0,川崎,花鳥風月賞(B3),0:54.4,0.1,雨,4.0,4.0,川崎,追風逐電賞(B3),0:55.4,0.7,晴,5.0,5.0,水沢,留守杯日高賞(重賞),1:45.2,2.1,晴,4.0,4.0,川崎,花天月地賞(3歳),1:40.6,1.2,曇,5.0,1.0,川崎,迦陵頻伽賞(3歳),1:40.4,1.2,晴,3.3,1.0,,nar,2026-09-29,65.3,78.5,47.1,100.0,65.0,52.5,48.8,履歴少 / 近走上向き / 安定感
202636092912,2026-09-29,12,タッカーバレット,5.0,5.0,高橋悠里,56.0,,9.0,7.0,水沢,スプリント特別(OP),0:51.3,1.6,曇,5.0,1.0,盛岡,ハヤテ特別(OP),1:12.7,1.7,曇,11.0,12.0,2福島4,3歳以上1勝クラス,1:50.9,1.8,曇,11.0,9.0,2福島2,3歳以上1勝クラス,1:09.4,1.1,晴,7.0,7.0,1福島6,4歳以上1勝クラス,1:10.2,0.7,晴,78.9,11.0,,nar,2026-09-29,40.51,40.1,38.1,24.9,47.0,46.4,50.0,総合評価
202636092912,2026-09-29,12,ツルマルヴィオレ,10.0,8.0,山本聡紀,56.0,,1.0,3.0,水沢,B1,1:28.9,-0.1,曇,1.0,1.0,盛岡,B1三組,1:39.3,-0.3,曇,7.0,2.0,盛岡,オーガストC(B2),1:26.4,0.9,晴,1.0,1.0,盛岡,B2,1:25.6,-0.7,曇,9.0,6.0,大井,C1三 四五(C1四),1:42.8,1.6,曇,19.4,7.0,,nar,2026-09-29,64.29,83.9,45.2,69.9,71.0,58.3,48.8,履歴少 / 近走上向き / 安定感 / 市場オッズ妙味
202630092912,2026-09-29,12,トーセンジャック,1.0,1.0,黒澤愛斗,57.0,,10.0,10.0,門別,北海道コンサドーレ札(B1),1:45.9,2.4,晴,6.0,8.0,門別,モーリス・プレミアム(B1),1:58.2,1.2,曇,4.0,5.0,門別,旭岳賞〔H3〕(重賞),1:44.1,4.0,雨,5.0,8.0,門別,ステラヴェローチェ賞(A4),1:51.8,1.2,曇,2.0,8.0,門別,コントレイル・プレミ(B1),1:58.7,0.2,曇,95.6,11.0,,nar,2026-09-29,52.25,57.9,62.3,44.7,15.5,61.3,52.9,門別実績 / 履歴少
202648092912,2026-09-29,12,ドングラミ,11.0,8.0,加藤利征,57.0,,9.0,9.0,名古屋,3歳18組,1:43.5,6.1,曇,10.0,11.0,名古屋,アジア・アジアパラ応(3歳),1:45.2,8.2,晴,15.0,14.0,2福島4,3歳未勝利,1:11.3,3.6,晴,11.0,11.0,5中山8,2歳1勝クラス,1:17.5,5.8,晴,15.0,14.0,5中山4,2歳未勝利,1:15.7,2.8,雨,11.7,5.0,,nar,2026-09-29,38.4,20.8,49.6,0.0,72.5,52.1,46.5,近走上向き
202643092912,2026-09-29,12,ヒーサマウィン,4.0,4.0,中山遥人,56.0,,5.0,9.0,船橋,オーガストダッシュ(B2B3),1:01.6,0.5,曇,7.0,4.0,船橋,馬い!青レモンは佐賀(B3),1:17.5,1.5,曇,2.0,4.0,船橋,ジュライダッシュ(B3),1:01.7,0.1,曇,6.0,6.0,船橋,馬い!グリーングラス(B3),1:15.3,0.4,曇,3.0,4.0,船橋,潮干狩りダッシュ(B3),1:01.7,0.5,晴,10.5,5.0,,nar,2026-09-29,60.84,69.2,56.8,60.5,47.0,62.6,61.7,船橋実績 / ダ適性 / 前走人気以上 / 履歴少
202643092912,2026-09-29,12,ファイアトーチ,3.0,3.0,Ｆ．ゴン,54.0,,5.0,10.0,川崎,花鳥風月賞(B3),0:55.7,1.4,雨,7.0,9.0,川崎,追風逐電賞(B3),0:55.7,1.0,晴,9.0,3.0,園田,C2一,0:51.7,1.3,雨,2.0,2.0,園田,C2二,0:51.3,0.2,雨,2.0,2.0,園田,陸ダッシュC3一,0:50.8,0.3,雨,22.4,8.0,,nar,2026-09-29,56.71,63.7,55.8,55.3,50.0,56.9,48.8,前走人気以上 / 履歴少 / 市場オッズ妙味
202636092912,2026-09-29,12,ファイナルキング,7.0,6.0,小林凌,56.0,,9.0,5.0,水沢,B1,1:31.9,3.0,曇,9.0,4.0,盛岡,ポーチュラカ賞(B1),1:12.1,1.3,雨,6.0,4.0,盛岡,ハヤテ特別(OP),1:12.2,0.8,晴,7.0,3.0,水沢,ハヤテ特別(OP),1:27.4,0.7,曇,2.0,2.0,盛岡,スプリント特別(OP),0:59.3,0.2,曇,70.4,10.0,,nar,2026-09-29,35.22,48.9,25.9,10.3,32.0,41.8,43.8,履歴少
202630092912,2026-09-29,12,ファーマシャイン,10.0,7.0,小川悠汰,52.0,,5.0,5.0,門別,日胆JAアグリアクシ(B3),1:58.3,0.8,晴,3.0,7.0,門別,キレートレモンクエン(B3),1:49.7,1.1,雨,3.0,5.0,門別,オオウバユリ特別(B3),1:58.3,0.6,晴,8.0,5.0,門別,YJSトライアルラウ(B4),1:52.9,1.9,晴,6.0,3.0,門別,キリンソウ特別(B4),1:52.5,0.9,曇,12.1,6.0,,nar,2026-09-29,61.69,70.8,54.5,75.1,50.0,60.6,52.9,門別実績 / 履歴少 / 安定感 / 市場オッズ妙味
202636092912,2026-09-29,12,ブラックストーム,4.0,4.0,岩本怜,56.0,,1.0,2.0,盛岡,ハヤテ特別(OP),1:11.0,-0.5,曇,3.0,4.0,盛岡,スプリント特別(OP),0:59.5,0.9,晴,5.0,6.0,盛岡,岩鷲賞(重賞),1:12.4,1.9,晴,5.0,5.0,水沢,早池峰賞(重賞),1:29.3,1.0,曇,4.0,7.0,名古屋,ポートメテオ特別(A),1:27.7,0.8,雨,21.1,8.0,,nar,2026-09-29,70.54,82.5,57.4,100.0,69.5,60.2,48.8,履歴少 / 近走上向き / 安定感 / 市場オッズ妙味
202648092912,2026-09-29,12,ブリリアンス,4.0,4.0,望月洵輝,57.0,,9.0,6.0,名古屋,3歳16組,1:41.0,3.8,曇,12.0,15.0,2新潟4,3歳未勝利,1:56.8,2.9,曇,10.0,11.0,1函館7,3歳未勝利,1:49.2,3.1,晴,9.0,11.0,3東京3,3歳未勝利,1:39.2,2.0,晴,12.0,12.0,1東京6,3歳未勝利,1:49.3,1.5,晴,4.2,2.0,,nar,2026-09-29,39.57,26.0,52.3,0.0,60.5,53.6,50.0,総合評価
202630092912,2026-09-29,12,ペプチドモガミ,4.0,4.0,岩橋勇二,57.0,,7.0,7.0,門別,日胆JAアグリアクシ(B3),1:58.7,1.2,晴,8.0,6.0,船橋,スパイラルカーブ賞(B3),1:59.9,3.1,曇,6.0,5.0,船橋,館山特別(B3),1:46.0,1.0,曇,5.0,2.0,船橋,富里特別(B3),1:45.6,0.8,晴,9.0,3.0,船橋,冬夏青青特別(B2B3),2:00.0,2.6,晴,34.1,8.0,,nar,2026-09-29,42.88,52.3,37.7,14.6,50.0,46.9,48.8,履歴少 / 市場オッズ妙味
202648092912,2026-09-29,12,ボールドフロント,3.0,3.0,渡辺竜也,57.0,,11.0,8.0,名古屋,3歳16組,1:41.8,4.6,曇,15.0,15.0,2福島8,3歳未勝利,1:51.4,3.6,晴,8.0,6.0,5阪神8,2歳未勝利,1:58.5,3.2,晴,12.0,10.0,5中山1,2歳新馬,2:03.0,1.9,晴,,,,,,,,6.2,4.0,,nar,2026-09-29,32.13,18.4,37.5,0.0,54.0,46.4,50.0,総合評価
202648092912,2026-09-29,12,メイショウグロリア,12.0,8.0,大原浩司,55.0,,10.0,8.0,名古屋,3歳18組,1:44.0,6.6,曇,12.0,10.0,名古屋,3歳12組,1:48.1,12.6,晴,16.0,16.0,2小倉5,3歳未勝利,1:56.1,9.2,晴,,,,,,,,,,,,,,,28.5,8.0,,nar,2026-09-29,33.97,15.3,39.7,0.0,74.0,47.3,46.5,近走上向き
202643092912,2026-09-29,12,メイメイメファ,9.0,6.0,木間塚龍,54.0,,4.0,7.0,浦和,田草月特別(B2B3),0:47.6,0.6,晴,9.0,2.0,船橋,潮干狩りダッシュ(B3),1:02.5,1.3,晴,9.0,8.0,船橋,オーケストラダッシュ(B2B3),1:02.1,0.6,雨,4.0,11.0,船橋,春蘭スプリント(B2B3),1:15.6,0.4,晴,2.0,10.0,船橋,沈丁花ダッシュ(B3),1:01.6,0.2,曇,17.6,7.0,,nar,2026-09-29,58.91,59.8,55.7,55.3,62.0,68.7,51.0,船橋実績 / 前走人気以上 / 履歴少 / 過小評価傾向
202648092912,2026-09-29,12,メドウセージ,9.0,7.0,加藤聡一,55.0,,9.0,5.0,名古屋,3歳19組,1:41.3,4.0,曇,9.0,8.0,名古屋,3歳18組,1:42.8,4.2,曇,10.0,10.0,名古屋,ひろっちゃん85歳お(3歳),1:35.0,5.4,晴,,,名古屋,3歳14組,,,雨,18.0,15.0,2小倉3,3歳未勝利,1:14.1,4.8,雨,16.9,6.0,,nar,2026-09-29,36.44,29.8,35.5,0.0,70.0,46.7,46.5,近走上向き / 市場オッズ妙味
202643092912,2026-09-29,12,ラタランテラ,5.0,4.0,和田譲治,53.0,,10.0,12.0,船橋,おとめ座スプリント(B3),1:17.5,4.0,晴,9.0,9.0,浦和,鳳仙花特別(B3C1),0:48.9,1.2,曇,10.0,8.0,船橋,馬い!青レモンは佐賀(B3),1:19.7,3.7,曇,9.0,2.0,川崎,流星光底賞(B3),0:56.9,1.8,曇,7.0,2.0,浦和,稲荷山特別(B2B3),0:47.8,0.9,曇,58.5,12.0,,nar,2026-09-29,34.93,33.6,40.7,0.0,42.5,43.1,46.0,クラス条件好転 / 履歴少
202630092912,2026-09-29,12,ルクスシュナイダー,8.0,6.0,宮内勇樹,57.0,,5.0,7.0,門別,ヘメロカリス特別(B3),1:51.3,1.4,晴,7.0,9.0,門別,キレートレモンクエン(B3),1:50.4,1.8,雨,6.0,8.0,門別,オオウバユリ特別(B3),1:58.9,1.2,晴,5.0,7.0,門別,グランシャリオドリー(B4),1:45.8,1.5,曇,6.0,5.0,門別,トケイソウ特別(B4),1:38.9,1.9,曇,39.0,9.0,,nar,2026-09-29,57.68,61.6,61.8,45.0,56.0,60.9,49.6,履歴少 / 市場オッズ妙味
202648092912,2026-09-29,12,レッドジルベスター,7.0,6.0,塚本征吾,57.0,,10.0,4.0,名古屋,祝!娘ちゃん愛知初上(3歳),1:41.2,4.7,曇,13.0,16.0,2中京3,3歳未勝利,2:01.5,2.1,晴,13.0,14.0,3阪神5,3歳未勝利,1:15.4,2.7,曇,14.0,10.0,1福島3,3歳未勝利,1:50.6,3.3,晴,8.0,7.0,1阪神2,3歳新馬,1:28.6,2.8,晴,3.3,1.0,,nar,2026-09-29,32.39,14.8,39.0,0.0,62.0,46.8,48.8,履歴少
202648092912,2026-09-29,12,レーヌシェーヌ,10.0,7.0,丸山真一,55.0,,11.0,7.0,名古屋,祝!娘ちゃん愛知初上(3歳),1:41.5,5.0,曇,18.0,17.0,3新潟1,3歳未勝利,1:36.7,3.0,晴,17.0,11.0,2東京7,3歳未勝利,1:22.9,2.6,晴,9.0,9.0,5東京8,2歳未勝利,1:36.1,1.4,晴,6.0,6.0,5東京4,2歳新馬,1:36.1,1.2,晴,5.1,3.0,,nar,2026-09-29,30.67,17.5,31.4,0.0,59.0,44.7,48.8,履歴少
